AllocCPUS,CPUTimeRAW,DBIndex,ElapsedRaw,Eligible,End,ExitCode,JobID,JobIDRaw,JobName,NodeList,Partition,Priority,QOS,Reason,ReqMem,Restarts,SLUID,Start,State,Submit,TimelimitRaw,TotalCPU,attempt_key,case_id,classification,cohort,confirmed_preemption,eligible_to_start_seconds,registered_attempt_tag,registered_restart_count,registry_result_binding,reported_fleet,reported_physical_replay_validated,result_exists,result_path,result_sha256,scientific_budget_s,started,state_normalized
0,0,3496625345868060672,0,Unknown,2026-09-10T23:34:40,0:0,810588_10,810588,MCcv75s,None assigned,scaglione,15426,normal,Dependency,16G,0,s311M277JHFP00,None,CANCELLED by 1646707,2026-09-10T23:17:50,120,00:00:00,s311M277JHFP00|3496625345868060672|810588_10|2026-09-10T23:17:50|None|0,fresh_k02_p2,not_started,scaglione_cancelled_before_migration,False,,,,legacy_single_initial_attempt,,,False,,,3600,False,CANCELLED
0,0,3496625345868060672,0,Unknown,2026-09-10T23:34:40,0:0,810588_11,810588,MCcv75s,None assigned,scaglione,15426,normal,Dependency,16G,0,s311M277JHFP00,None,CANCELLED by 1646707,2026-09-10T23:17:50,120,00:00:00,s311M277JHFP00|3496625345868060672|810588_11|2026-09-10T23:17:50|None|0,fresh_k02_p3,not_started,scaglione_cancelled_before_migration,False,,,,legacy_single_initial_attempt,,,False,,,3600,False,CANCELLED
0,0,3496625345868060672,0,Unknown,2026-09-10T23:34:40,0:0,810588_12,810588,MCcv75s,None assigned,scaglione,15426,normal,Dependency,16G,0,s311M277JHFP00,None,CANCELLED by 1646707,2026-09-10T23:17:50,120,00:00:00,s311M277JHFP00|3496625345868060672|810588_12|2026-09-10T23:17:50|None|0,fresh_k02_p4,not_started,scaglione_cancelled_before_migration,False,,,,legacy_single_initial_attempt,,,False,,,3600,False,CANCELLED
0,0,3496625345868060672,0,Unknown,2026-09-10T23:34:40,0:0,810588_13,810588,MCcv75s,None assigned,scaglione,15426,normal,Dependency,16G,0,s311M277JHFP00,None,CANCELLED by 1646707,2026-09-10T23:17:50,120,00:00:00,s311M277JHFP00|3496625345868060672|810588_13|2026-09-10T23:17:50|None|0,fresh_k02_p5,not_started,scaglione_cancelled_before_migration,False,,,,legacy_single_initial_attempt,,,False,,,3600,False,CANCELLED
0,0,3496625345868060672,0,Unknown,2026-09-10T23:34:40,0:0,810588_14,810588,MCcv75s,None assigned,scaglione,15426,normal,Dependency,16G,0,s311M277JHFP00,None,CANCELLED by 1646707,2026-09-10T23:17:50,120,00:00:00,s311M277JHFP00|3496625345868060672|810588_14|2026-09-10T23:17:50|None|0,fresh_k02_p6,not_started,scaglione_cancelled_before_migration,False,,,,legacy_single_initial_attempt,,,False,,,3600,False,CANCELLED
0,0,3496625345868060672,0,Unknown,2026-09-10T23:34:40,0:0,810588_15,810588,MCcv75s,None assigned,scaglione,15426,normal,Dependency,16G,0,s311M277JHFP00,None,CANCELLED by 1646707,2026-09-10T23:17:50,120,00:00:00,s311M277JHFP00|3496625345868060672|810588_15|2026-09-10T23:17:50|None|0,fresh_k03_p1,not_started,scaglione_cancelled_before_migration,False,,,,legacy_single_initial_attempt,,,False,,,3600,False,CANCELLED
0,0,3496625345868060672,0,Unknown,2026-09-10T23:34:40,0:0,810588_16,810588,MCcv75s,None assigned,scaglione,15426,normal,Dependency,16G,0,s311M277JHFP00,None,CANCELLED by 1646707,2026-09-10T23:17:50,120,00:00:00,s311M277JHFP00|3496625345868060672|810588_16|2026-09-10T23:17:50|None|0,fresh_k03_p2,not_started,scaglione_cancelled_before_migration,False,,,,legacy_single_initial_attempt,,,False,,,3600,False,CANCELLED
0,0,3496625345868060672,0,Unknown,2026-09-10T23:34:40,0:0,810588_17,810588,MCcv75s,None assigned,scaglione,15426,normal,Dependency,16G,0,s311M277JHFP00,None,CANCELLED by 1646707,2026-09-10T23:17:50,120,00:00:00,s311M277JHFP00|3496625345868060672|810588_17|2026-09-10T23:17:50|None|0,fresh_k03_p3,not_started,scaglione_cancelled_before_migration,False,,,,legacy_single_initial_attempt,,,False,,,3600,False,CANCELLED
0,0,3496625345868060672,0,Unknown,2026-09-10T23:34:40,0:0,810588_18,810588,MCcv75s,None assigned,scaglione,15426,normal,Dependency,16G,0,s311M277JHFP00,None,CANCELLED by 1646707,2026-09-10T23:17:50,120,00:00:00,s311M277JHFP00|3496625345868060672|810588_18|2026-09-10T23:17:50|None|0,fresh_k03_p4,not_started,scaglione_cancelled_before_migration,False,,,,legacy_single_initial_attempt,,,False,,,3600,False,CANCELLED
0,0,3496625345868060672,0,Unknown,2026-09-10T23:34:40,0:0,810588_19,810588,MCcv75s,None assigned,scaglione,15426,normal,Dependency,16G,0,s311M277JHFP00,None,CANCELLED by 1646707,2026-09-10T23:17:50,120,00:00:00,s311M277JHFP00|3496625345868060672|810588_19|2026-09-10T23:17:50|None|0,fresh_k03_p5,not_started,scaglione_cancelled_before_migration,False,,,,legacy_single_initial_attempt,,,False,,,3600,False,CANCELLED
0,0,3496625345868060672,0,Unknown,2026-09-10T23:34:40,0:0,810588_20,810588,MCcv75s,None assigned,scaglione,15426,normal,Dependency,16G,0,s311M277JHFP00,None,CANCELLED by 1646707,2026-09-10T23:17:50,120,00:00:00,s311M277JHFP00|3496625345868060672|810588_20|2026-09-10T23:17:50|None|0,fresh_k03_p6,not_started,scaglione_cancelled_before_migration,False,,,,legacy_single_initial_attempt,,,False,,,3600,False,CANCELLED
0,0,3496625345868060672,0,Unknown,2026-09-10T23:34:40,0:0,810588_21,810588,MCcv75s,None assigned,scaglione,15426,normal,Dependency,16G,0,s311M277JHFP00,None,CANCELLED by 1646707,2026-09-10T23:17:50,120,00:00:00,s311M277JHFP00|3496625345868060672|810588_21|2026-09-10T23:17:50|None|0,fresh_k04_p1,not_started,scaglione_cancelled_before_migration,False,,,,legacy_single_initial_attempt,,,False,,,3600,False,CANCELLED
0,0,3496625345868060672,0,Unknown,2026-09-10T23:34:40,0:0,810588_22,810588,MCcv75s,None assigned,scaglione,15426,normal,Dependency,16G,0,s311M277JHFP00,None,CANCELLED by 1646707,2026-09-10T23:17:50,120,00:00:00,s311M277JHFP00|3496625345868060672|810588_22|2026-09-10T23:17:50|None|0,fresh_k04_p2,not_started,scaglione_cancelled_before_migration,False,,,,legacy_single_initial_attempt,,,False,,,3600,False,CANCELLED
0,0,3496625345868060672,0,Unknown,2026-09-10T23:34:40,0:0,810588_23,810588,MCcv75s,None assigned,scaglione,15426,normal,Dependency,16G,0,s311M277JHFP00,None,CANCELLED by 1646707,2026-09-10T23:17:50,120,00:00:00,s311M277JHFP00|3496625345868060672|810588_23|2026-09-10T23:17:50|None|0,fresh_k04_p3,not_started,scaglione_cancelled_before_migration,False,,,,legacy_single_initial_attempt,,,False,,,3600,False,CANCELLED
0,0,3496625345868060672,0,Unknown,2026-09-10T23:34:40,0:0,810588_24,810588,MCcv75s,None assigned,scaglione,15426,normal,Dependency,16G,0,s311M277JHFP00,None,CANCELLED by 1646707,2026-09-10T23:17:50,120,00:00:00,s311M277JHFP00|3496625345868060672|810588_24|2026-09-10T23:17:50|None|0,fresh_k04_p4,not_started,scaglione_cancelled_before_migration,False,,,,legacy_single_initial_attempt,,,False,,,3600,False,CANCELLED
0,0,3496625345868060672,0,Unknown,2026-09-10T23:34:40,0:0,810588_25,810588,MCcv75s,None assigned,scaglione,15426,normal,Dependency,16G,0,s311M277JHFP00,None,CANCELLED by 1646707,2026-09-10T23:17:50,120,00:00:00,s311M277JHFP00|3496625345868060672|810588_25|2026-09-10T23:17:50|None|0,fresh_k04_p5,not_started,scaglione_cancelled_before_migration,False,,,,legacy_single_initial_attempt,,,False,,,3600,False,CANCELLED
0,0,3496625345868060672,0,Unknown,2026-09-10T23:34:40,0:0,810588_26,810588,MCcv75s,None assigned,scaglione,15426,normal,Dependency,16G,0,s311M277JHFP00,None,CANCELLED by 1646707,2026-09-10T23:17:50,120,00:00:00,s311M277JHFP00|3496625345868060672|810588_26|2026-09-10T23:17:50|None|0,fresh_k04_p6,not_started,scaglione_cancelled_before_migration,False,,,,legacy_single_initial_attempt,,,False,,,3600,False,CANCELLED
0,0,3496625345868060672,0,Unknown,2026-09-10T23:34:40,0:0,810588_27,810588,MCcv75s,None assigned,scaglione,15426,normal,Dependency,16G,0,s311M277JHFP00,None,CANCELLED by 1646707,2026-09-10T23:17:50,120,00:00:00,s311M277JHFP00|3496625345868060672|810588_27|2026-09-10T23:17:50|None|0,fresh_k06_p1,not_started,scaglione_cancelled_before_migration,False,,,,legacy_single_initial_attempt,,,False,,,3600,False,CANCELLED
0,0,3496625345868060672,0,Unknown,2026-09-10T23:34:40,0:0,810588_28,810588,MCcv75s,None assigned,scaglione,15426,normal,Dependency,16G,0,s311M277JHFP00,None,CANCELLED by 1646707,2026-09-10T23:17:50,120,00:00:00,s311M277JHFP00|3496625345868060672|810588_28|2026-09-10T23:17:50|None|0,fresh_k06_p2,not_started,scaglione_cancelled_before_migration,False,,,,legacy_single_initial_attempt,,,False,,,3600,False,CANCELLED
0,0,3496625345868060672,0,Unknown,2026-09-10T23:34:40,0:0,810588_29,810588,MCcv75s,None assigned,scaglione,15426,normal,Dependency,16G,0,s311M277JHFP00,None,CANCELLED by 1646707,2026-09-10T23:17:50,120,00:00:00,s311M277JHFP00|3496625345868060672|810588_29|2026-09-10T23:17:50|None|0,fresh_k06_p3,not_started,scaglione_cancelled_before_migration,False,,,,legacy_single_initial_attempt,,,False,,,3600,False,CANCELLED
0,0,3496625345868060672,0,Unknown,2026-09-10T23:34:40,0:0,810588_30,810588,MCcv75s,None assigned,scaglione,15426,normal,Dependency,16G,0,s311M277JHFP00,None,CANCELLED by 1646707,2026-09-10T23:17:50,120,00:00:00,s311M277JHFP00|3496625345868060672|810588_30|2026-09-10T23:17:50|None|0,fresh_k06_p4,not_started,scaglione_cancelled_before_migration,False,,,,legacy_single_initial_attempt,,,False,,,3600,False,CANCELLED
0,0,3496625345868060672,0,Unknown,2026-09-10T23:34:40,0:0,810588_31,810588,MCcv75s,None assigned,scaglione,15426,normal,Dependency,16G,0,s311M277JHFP00,None,CANCELLED by 1646707,2026-09-10T23:17:50,120,00:00:00,s311M277JHFP00|3496625345868060672|810588_31|2026-09-10T23:17:50|None|0,fresh_k06_p5,not_started,scaglione_cancelled_before_migration,False,,,,legacy_single_initial_attempt,,,False,,,3600,False,CANCELLED
0,0,3496625345868060672,0,Unknown,2026-09-10T23:34:40,0:0,810588_32,810588,MCcv75s,None assigned,scaglione,15426,normal,Dependency,16G,0,s311M277JHFP00,None,CANCELLED by 1646707,2026-09-10T23:17:50,120,00:00:00,s311M277JHFP00|3496625345868060672|810588_32|2026-09-10T23:17:50|None|0,fresh_k06_p6,not_started,scaglione_cancelled_before_migration,False,,,,legacy_single_initial_attempt,,,False,,,3600,False,CANCELLED
0,0,3496625345868060672,0,Unknown,2026-09-10T23:34:40,0:0,810588_33,810588,MCcv75s,None assigned,scaglione,15426,normal,Dependency,16G,0,s311M277JHFP00,None,CANCELLED by 1646707,2026-09-10T23:17:50,120,00:00:00,s311M277JHFP00|3496625345868060672|810588_33|2026-09-10T23:17:50|None|0,fresh_k07_p1,not_started,scaglione_cancelled_before_migration,False,,,,legacy_single_initial_attempt,,,False,,,3600,False,CANCELLED
0,0,3496625345868060672,0,Unknown,2026-09-10T23:34:40,0:0,810588_34,810588,MCcv75s,None assigned,scaglione,15426,normal,Dependency,16G,0,s311M277JHFP00,None,CANCELLED by 1646707,2026-09-10T23:17:50,120,00:00:00,s311M277JHFP00|3496625345868060672|810588_34|2026-09-10T23:17:50|None|0,fresh_k07_p2,not_started,scaglione_cancelled_before_migration,False,,,,legacy_single_initial_attempt,,,False,,,3600,False,CANCELLED
0,0,3496625345868060672,0,Unknown,2026-09-10T23:34:40,0:0,810588_35,810588,MCcv75s,None assigned,scaglione,15426,normal,Dependency,16G,0,s311M277JHFP00,None,CANCELLED by 1646707,2026-09-10T23:17:50,120,00:00:00,s311M277JHFP00|3496625345868060672|810588_35|2026-09-10T23:17:50|None|0,fresh_k07_p3,not_started,scaglione_cancelled_before_migration,False,,,,legacy_single_initial_attempt,,,False,,,3600,False,CANCELLED
0,0,3496625345868060672,0,Unknown,2026-09-10T23:34:40,0:0,810588_36,810588,MCcv75s,None assigned,scaglione,15426,normal,Dependency,16G,0,s311M277JHFP00,None,CANCELLED by 1646707,2026-09-10T23:17:50,120,00:00:00,s311M277JHFP00|3496625345868060672|810588_36|2026-09-10T23:17:50|None|0,fresh_k07_p4,not_started,scaglione_cancelled_before_migration,False,,,,legacy_single_initial_attempt,,,False,,,3600,False,CANCELLED
0,0,3496625345868060672,0,Unknown,2026-09-10T23:34:40,0:0,810588_37,810588,MCcv75s,None assigned,scaglione,15426,normal,Dependency,16G,0,s311M277JHFP00,None,CANCELLED by 1646707,2026-09-10T23:17:50,120,00:00:00,s311M277JHFP00|3496625345868060672|810588_37|2026-09-10T23:17:50|None|0,fresh_k07_p5,not_started,scaglione_cancelled_before_migration,False,,,,legacy_single_initial_attempt,,,False,,,3600,False,CANCELLED
0,0,3496625345868060672,0,Unknown,2026-09-10T23:34:40,0:0,810588_38,810588,MCcv75s,None assigned,scaglione,15426,normal,Dependency,16G,0,s311M277JHFP00,None,CANCELLED by 1646707,2026-09-10T23:17:50,120,00:00:00,s311M277JHFP00|3496625345868060672|810588_38|2026-09-10T23:17:50|None|0,fresh_k07_p6,not_started,scaglione_cancelled_before_migration,False,,,,legacy_single_initial_attempt,,,False,,,3600,False,CANCELLED
0,0,3496625345868060672,0,Unknown,2026-09-10T23:34:40,0:0,810588_39,810588,MCcv75s,None assigned,scaglione,15426,normal,Dependency,16G,0,s311M277JHFP00,None,CANCELLED by 1646707,2026-09-10T23:17:50,120,00:00:00,s311M277JHFP00|3496625345868060672|810588_39|2026-09-10T23:17:50|None|0,fresh_k09_p1,not_started,scaglione_cancelled_before_migration,False,,,,legacy_single_initial_attempt,,,False,,,3600,False,CANCELLED
0,0,3496625345868060672,0,Unknown,2026-09-10T23:34:40,0:0,810588_40,810588,MCcv75s,None assigned,scaglione,15426,normal,Dependency,16G,0,s311M277JHFP00,None,CANCELLED by 1646707,2026-09-10T23:17:50,120,00:00:00,s311M277JHFP00|3496625345868060672|810588_40|2026-09-10T23:17:50|None|0,fresh_k09_p2,not_started,scaglione_cancelled_before_migration,False,,,,legacy_single_initial_attempt,,,False,,,3600,False,CANCELLED
0,0,3496625345868060672,0,Unknown,2026-09-10T23:34:40,0:0,810588_41,810588,MCcv75s,None assigned,scaglione,15426,normal,Dependency,16G,0,s311M277JHFP00,None,CANCELLED by 1646707,2026-09-10T23:17:50,120,00:00:00,s311M277JHFP00|3496625345868060672|810588_41|2026-09-10T23:17:50|None|0,fresh_k09_p3,not_started,scaglione_cancelled_before_migration,False,,,,legacy_single_initial_attempt,,,False,,,3600,False,CANCELLED
0,0,3496625345868060672,0,Unknown,2026-09-10T23:34:40,0:0,810588_42,810588,MCcv75s,None assigned,scaglione,15426,normal,Dependency,16G,0,s311M277JHFP00,None,CANCELLED by 1646707,2026-09-10T23:17:50,120,00:00:00,s311M277JHFP00|3496625345868060672|810588_42|2026-09-10T23:17:50|None|0,fresh_k09_p4,not_started,scaglione_cancelled_before_migration,False,,,,legacy_single_initial_attempt,,,False,,,3600,False,CANCELLED
0,0,3496625345868060672,0,Unknown,2026-09-10T23:34:40,0:0,810588_43,810588,MCcv75s,None assigned,scaglione,15426,normal,Dependency,16G,0,s311M277JHFP00,None,CANCELLED by 1646707,2026-09-10T23:17:50,120,00:00:00,s311M277JHFP00|3496625345868060672|810588_43|2026-09-10T23:17:50|None|0,fresh_k09_p5,not_started,scaglione_cancelled_before_migration,False,,,,legacy_single_initial_attempt,,,False,,,3600,False,CANCELLED
0,0,3496625345868060672,0,Unknown,2026-09-10T23:34:40,0:0,810588_44,810588,MCcv75s,None assigned,scaglione,15426,normal,Dependency,16G,0,s311M277JHFP00,None,CANCELLED by 1646707,2026-09-10T23:17:50,120,00:00:00,s311M277JHFP00|3496625345868060672|810588_44|2026-09-10T23:17:50|None|0,fresh_k09_p6,not_started,scaglione_cancelled_before_migration,False,,,,legacy_single_initial_attempt,,,False,,,3600,False,CANCELLED
0,0,3496625345868379136,0,Unknown,2026-09-10T23:34:40,0:0,810589_55,810589,MCcv75l,None assigned,scaglione,15463,normal,Dependency,32G,0,s311M277JHSD00,None,CANCELLED by 1646707,2026-09-10T23:17:50,120,00:00:00,s311M277JHSD00|3496625345868379136|810589_55|2026-09-10T23:17:50|None|0,fresh_k12_p5,not_started,scaglione_cancelled_before_migration,False,,,,legacy_single_initial_attempt,,,False,,,3600,False,CANCELLED
0,0,3496625345868379136,0,Unknown,2026-09-10T23:34:40,0:0,810589_56,810589,MCcv75l,None assigned,scaglione,15463,normal,Dependency,32G,0,s311M277JHSD00,None,CANCELLED by 1646707,2026-09-10T23:17:50,120,00:00:00,s311M277JHSD00|3496625345868379136|810589_56|2026-09-10T23:17:50|None|0,fresh_k12_p6,not_started,scaglione_cancelled_before_migration,False,,,,legacy_single_initial_attempt,,,False,,,3600,False,CANCELLED
0,0,3496625345868379136,0,Unknown,2026-09-10T23:34:40,0:0,810589_57,810589,MCcv75l,None assigned,scaglione,15463,normal,Dependency,32G,0,s311M277JHSD00,None,CANCELLED by 1646707,2026-09-10T23:17:50,120,00:00:00,s311M277JHSD00|3496625345868379136|810589_57|2026-09-10T23:17:50|None|0,fresh_k13_p1,not_started,scaglione_cancelled_before_migration,False,,,,legacy_single_initial_attempt,,,False,,,3600,False,CANCELLED
0,0,3496625345868379136,0,Unknown,2026-09-10T23:34:40,0:0,810589_58,810589,MCcv75l,None assigned,scaglione,15463,normal,Dependency,32G,0,s311M277JHSD00,None,CANCELLED by 1646707,2026-09-10T23:17:50,120,00:00:00,s311M277JHSD00|3496625345868379136|810589_58|2026-09-10T23:17:50|None|0,fresh_k13_p2,not_started,scaglione_cancelled_before_migration,False,,,,legacy_single_initial_attempt,,,False,,,3600,False,CANCELLED
0,0,3496625345868379136,0,Unknown,2026-09-10T23:34:40,0:0,810589_59,810589,MCcv75l,None assigned,scaglione,15463,normal,Dependency,32G,0,s311M277JHSD00,None,CANCELLED by 1646707,2026-09-10T23:17:50,120,00:00:00,s311M277JHSD00|3496625345868379136|810589_59|2026-09-10T23:17:50|None|0,fresh_k13_p3,not_started,scaglione_cancelled_before_migration,False,,,,legacy_single_initial_attempt,,,False,,,3600,False,CANCELLED
0,0,3496625345868379136,0,Unknown,2026-09-10T23:34:40,0:0,810589_60,810589,MCcv75l,None assigned,scaglione,15463,normal,Dependency,32G,0,s311M277JHSD00,None,CANCELLED by 1646707,2026-09-10T23:17:50,120,00:00:00,s311M277JHSD00|3496625345868379136|810589_60|2026-09-10T23:17:50|None|0,fresh_k13_p4,not_started,scaglione_cancelled_before_migration,False,,,,legacy_single_initial_attempt,,,False,,,3600,False,CANCELLED
0,0,3496625345868379136,0,Unknown,2026-09-10T23:34:40,0:0,810589_61,810589,MCcv75l,None assigned,scaglione,15463,normal,Dependency,32G,0,s311M277JHSD00,None,CANCELLED by 1646707,2026-09-10T23:17:50,120,00:00:00,s311M277JHSD00|3496625345868379136|810589_61|2026-09-10T23:17:50|None|0,fresh_k13_p5,not_started,scaglione_cancelled_before_migration,False,,,,legacy_single_initial_attempt,,,False,,,3600,False,CANCELLED
0,0,3496625345868379136,0,Unknown,2026-09-10T23:34:40,0:0,810589_62,810589,MCcv75l,None assigned,scaglione,15463,normal,Dependency,32G,0,s311M277JHSD00,None,CANCELLED by 1646707,2026-09-10T23:17:50,120,00:00:00,s311M277JHSD00|3496625345868379136|810589_62|2026-09-10T23:17:50|None|0,fresh_k13_p6,not_started,scaglione_cancelled_before_migration,False,,,,legacy_single_initial_attempt,,,False,,,3600,False,CANCELLED
0,0,3496625345868379136,0,Unknown,2026-09-10T23:34:40,0:0,810589_63,810589,MCcv75l,None assigned,scaglione,15463,normal,Dependency,32G,0,s311M277JHSD00,None,CANCELLED by 1646707,2026-09-10T23:17:50,120,00:00:00,s311M277JHSD00|3496625345868379136|810589_63|2026-09-10T23:17:50|None|0,fresh_k14_p1,not_started,scaglione_cancelled_before_migration,False,,,,legacy_single_initial_attempt,,,False,,,3600,False,CANCELLED
0,0,3496625345868379136,0,Unknown,2026-09-10T23:34:40,0:0,810589_64,810589,MCcv75l,None assigned,scaglione,15463,normal,Dependency,32G,0,s311M277JHSD00,None,CANCELLED by 1646707,2026-09-10T23:17:50,120,00:00:00,s311M277JHSD00|3496625345868379136|810589_64|2026-09-10T23:17:50|None|0,fresh_k14_p2,not_started,scaglione_cancelled_before_migration,False,,,,legacy_single_initial_attempt,,,False,,,3600,False,CANCELLED
0,0,3496625345868379136,0,Unknown,2026-09-10T23:34:40,0:0,810589_65,810589,MCcv75l,None assigned,scaglione,15463,normal,Dependency,32G,0,s311M277JHSD00,None,CANCELLED by 1646707,2026-09-10T23:17:50,120,00:00:00,s311M277JHSD00|3496625345868379136|810589_65|2026-09-10T23:17:50|None|0,fresh_k14_p3,not_started,scaglione_cancelled_before_migration,False,,,,legacy_single_initial_attempt,,,False,,,3600,False,CANCELLED
0,0,3496625345868379136,0,Unknown,2026-09-10T23:34:40,0:0,810589_66,810589,MCcv75l,None assigned,scaglione,15463,normal,Dependency,32G,0,s311M277JHSD00,None,CANCELLED by 1646707,2026-09-10T23:17:50,120,00:00:00,s311M277JHSD00|3496625345868379136|810589_66|2026-09-10T23:17:50|None|0,fresh_k14_p4,not_started,scaglione_cancelled_before_migration,False,,,,legacy_single_initial_attempt,,,False,,,3600,False,CANCELLED
0,0,3496625345868379136,0,Unknown,2026-09-10T23:34:40,0:0,810589_67,810589,MCcv75l,None assigned,scaglione,15463,normal,Dependency,32G,0,s311M277JHSD00,None,CANCELLED by 1646707,2026-09-10T23:17:50,120,00:00:00,s311M277JHSD00|3496625345868379136|810589_67|2026-09-10T23:17:50|None|0,fresh_k14_p5,not_started,scaglione_cancelled_before_migration,False,,,,legacy_single_initial_attempt,,,False,,,3600,False,CANCELLED
0,0,3496625345868379136,0,Unknown,2026-09-10T23:34:40,0:0,810589_68,810589,MCcv75l,None assigned,scaglione,15463,normal,Dependency,32G,0,s311M277JHSD00,None,CANCELLED by 1646707,2026-09-10T23:17:50,120,00:00:00,s311M277JHSD00|3496625345868379136|810589_68|2026-09-10T23:17:50|None|0,fresh_k14_p6,not_started,scaglione_cancelled_before_migration,False,,,,legacy_single_initial_attempt,,,False,,,3600,False,CANCELLED
0,0,3496625345868379136,0,Unknown,2026-09-10T23:34:40,0:0,810589_69,810589,MCcv75l,None assigned,scaglione,15463,normal,Dependency,32G,0,s311M277JHSD00,None,CANCELLED by 1646707,2026-09-10T23:17:50,120,00:00:00,s311M277JHSD00|3496625345868379136|810589_69|2026-09-10T23:17:50|None|0,fresh_k15_p1,not_started,scaglione_cancelled_before_migration,False,,,,legacy_single_initial_attempt,,,False,,,3600,False,CANCELLED
0,0,3496625345868379136,0,Unknown,2026-09-10T23:34:40,0:0,810589_70,810589,MCcv75l,None assigned,scaglione,15463,normal,Dependency,32G,0,s311M277JHSD00,None,CANCELLED by 1646707,2026-09-10T23:17:50,120,00:00:00,s311M277JHSD00|3496625345868379136|810589_70|2026-09-10T23:17:50|None|0,fresh_k15_p2,not_started,scaglione_cancelled_before_migration,False,,,,legacy_single_initial_attempt,,,False,,,3600,False,CANCELLED
0,0,3496625345868379136,0,Unknown,2026-09-10T23:34:40,0:0,810589_71,810589,MCcv75l,None assigned,scaglione,15463,normal,Dependency,32G,0,s311M277JHSD00,None,CANCELLED by 1646707,2026-09-10T23:17:50,120,00:00:00,s311M277JHSD00|3496625345868379136|810589_71|2026-09-10T23:17:50|None|0,fresh_k15_p3,not_started,scaglione_cancelled_before_migration,False,,,,legacy_single_initial_attempt,,,False,,,3600,False,CANCELLED
0,0,3496625345868379136,0,Unknown,2026-09-10T23:34:40,0:0,810589_72,810589,MCcv75l,None assigned,scaglione,15463,normal,Dependency,32G,0,s311M277JHSD00,None,CANCELLED by 1646707,2026-09-10T23:17:50,120,00:00:00,s311M277JHSD00|3496625345868379136|810589_72|2026-09-10T23:17:50|None|0,fresh_k15_p4,not_started,scaglione_cancelled_before_migration,False,,,,legacy_single_initial_attempt,,,False,,,3600,False,CANCELLED
0,0,3496625345868379136,0,Unknown,2026-09-10T23:34:40,0:0,810589_73,810589,MCcv75l,None assigned,scaglione,15463,normal,Dependency,32G,0,s311M277JHSD00,None,CANCELLED by 1646707,2026-09-10T23:17:50,120,00:00:00,s311M277JHSD00|3496625345868379136|810589_73|2026-09-10T23:17:50|None|0,fresh_k15_p5,not_started,scaglione_cancelled_before_migration,False,,,,legacy_single_initial_attempt,,,False,,,3600,False,CANCELLED
0,0,3496625345868379136,0,Unknown,2026-09-10T23:34:40,0:0,810589_74,810589,MCcv75l,None assigned,scaglione,15463,normal,Dependency,32G,0,s311M277JHSD00,None,CANCELLED by 1646707,2026-09-10T23:17:50,120,00:00:00,s311M277JHSD00|3496625345868379136|810589_74|2026-09-10T23:17:50|None|0,fresh_k15_p6,not_started,scaglione_cancelled_before_migration,False,,,,legacy_single_initial_attempt,,,False,,,3600,False,CANCELLED
8,208,3496625346007790592,26,2026-09-10T23:21:33,2026-09-10T23:22:25,0:0,810933,810933,MCw1k02,scaglione-cpu-01,scaglione,15426,normal,Dependency,16G,0,s311M277PPQX00,2026-09-10T23:21:59,COMPLETED,2026-09-10T23:20:07,120,00:00:00,s311M277PPQX00|3496625346007790592|810933|2026-09-10T23:20:07|2026-09-10T23:21:59|0,warm_k02_p1,scheduler_completed,scaglione_warm_3600,False,26.0,,,legacy_single_initial_attempt,2,True,True,/home/nc437/ladder-lite/nested_warm_multichain_p1246_k2_10_20260910_ecb60c1/p1/mip/M__k02_p1__warm_cover__event_2p5_event5__1h2stage.json,8382f6d358f50f78d6206e4c2a85c8b915049e53ab4324d4703da0467f5758c0,3600,True,COMPLETED
8,224,3496625346008953856,28,2026-09-11T00:09:23,2026-09-11T00:09:59,0:0,810945,810945,MCw1k03,scaglione-cpu-04,scaglione,15426,normal,Dependency,16G,0,s311M277PQVD00,2026-09-11T00:09:31,COMPLETED,2026-09-10T23:20:08,120,00:00:00,s311M277PQVD00|3496625346008953856|810945|2026-09-10T23:20:08|2026-09-11T00:09:31|0,warm_k03_p1,scheduler_completed,scaglione_warm_3600,False,8.0,,,legacy_single_initial_attempt,3,True,True,/home/nc437/ladder-lite/nested_warm_multichain_p1246_k2_10_20260910_ecb60c1/p1/mip/M__k03_p1__warm_cover__event_2p5_event5__1h2stage.json,2ba73cb854345f0e2be4b10675c0d5f1adf88f1f349eba45206a2cdbd05fa86b,3600,True,COMPLETED
8,272,3496625346009645056,34,2026-09-11T01:10:53,2026-09-11T01:11:54,0:0,810947,810947,MCw1k04,scaglione-cpu-01,scaglione,15426,normal,Dependency,16G,0,s311M277PRGG00,2026-09-11T01:11:20,COMPLETED,2026-09-10T23:20:08,120,00:00:00,s311M277PRGG00|3496625346009645056|810947|2026-09-10T23:20:08|2026-09-11T01:11:20|0,warm_k04_p1,scheduler_completed,scaglione_warm_3600,False,27.0,,,legacy_single_initial_attempt,4,True,True,/home/nc437/ladder-lite/nested_warm_multichain_p1246_k2_10_20260910_ecb60c1/p1/mip/M__k04_p1__warm_cover__event_2p5_event5__1h2stage.json,50c6bfbaf47f9b3e1c9894cca2513f46abb51e95002c2f39beaacdfb0d9fe7d4,3600,True,COMPLETED
8,424,3496625346010446848,53,2026-09-11T02:41:29,2026-09-11T02:42:36,0:0,810949,810949,MCw1k05,scaglione-cpu-02,scaglione,15426,normal,Dependency,16G,0,s311M277PS8Z00,2026-09-11T02:41:43,COMPLETED,2026-09-10T23:20:09,120,00:00:00,s311M277PS8Z00|3496625346010446848|810949|2026-09-10T23:20:09|2026-09-11T02:41:43|0,warm_k05_p1,scheduler_completed,scaglione_warm_3600,False,14.0,,,legacy_single_initial_attempt,5,True,True,/home/nc437/ladder-lite/nested_warm_multichain_p1246_k2_10_20260910_ecb60c1/p1/mip/M__k05_p1__warm_cover__event_2p5_event5__1h2stage.json,1398af4845d5adacec1f536eefd90e2942fa778618b419968d5aa753a7cc02e1,3600,True,COMPLETED
8,1312,3496625346011476992,164,2026-09-11T07:02:48,2026-09-11T07:05:32,0:0,810951,810951,MCw1k06,scaglione-cpu-04,scaglione,15426,normal,Dependency,16G,0,s311M277PT8D00,2026-09-11T07:02:48,COMPLETED,2026-09-10T23:20:10,120,00:00:00,s311M277PT8D00|3496625346011476992|810951|2026-09-10T23:20:10|2026-09-11T07:02:48|0,warm_k06_p1,scheduler_completed,scaglione_warm_3600,False,0.0,,,legacy_single_initial_attempt,6,True,True,/home/nc437/ladder-lite/nested_warm_multichain_p1246_k2_10_20260910_ecb60c1/p1/mip/M__k06_p1__warm_cover__event_2p5_event5__1h2stage.json,a9d0ce810869ed6e4949606e42fcfdfe8e80fcb81d9b72edd4b27e141fffdcd7,3600,True,COMPLETED
0,0,3496625346012357632,0,Unknown,2026-09-12T16:37:14,0:0,810953,810953,MCw1k07,None assigned,scaglione,15426,normal,None,16G,0,s311M277PV3900,None,CANCELLED by 1646707,2026-09-10T23:20:11,120,00:00:00,s311M277PV3900|3496625346012357632|810953|2026-09-10T23:20:11|None|0,warm_k07_p1,not_started,scaglione_warm_3600,False,,,,legacy_single_initial_attempt,,,False,/home/nc437/ladder-lite/nested_warm_multichain_p1246_k2_10_20260910_ecb60c1/p1/mip/M__k07_p1__warm_cover__event_2p5_event5__1h2stage.json,,3600,False,CANCELLED
0,0,3496625346013651968,0,Unknown,2026-09-12T16:37:14,0:0,810955,810955,MCw1k08,None assigned,scaglione,15426,normal,None,16G,0,s311M277PWAS00,None,CANCELLED by 1646707,2026-09-10T23:20:12,120,00:00:00,s311M277PWAS00|3496625346013651968|810955|2026-09-10T23:20:12|None|0,warm_k08_p1,not_started,scaglione_warm_3600,False,,,,legacy_single_initial_attempt,,,False,/home/nc437/ladder-lite/nested_warm_multichain_p1246_k2_10_20260910_ecb60c1/p1/mip/M__k08_p1__warm_cover__event_2p5_event5__1h2stage.json,,3600,False,CANCELLED
0,0,3496625346014212096,0,Unknown,2026-09-12T16:37:15,0:0,810957,810957,MCw1k09,None assigned,scaglione,15426,normal,None,16G,0,s311M277PWVW00,None,CANCELLED by 1646707,2026-09-10T23:20:13,120,00:00:00,s311M277PWVW00|3496625346014212096|810957|2026-09-10T23:20:13|None|0,warm_k09_p1,not_started,scaglione_warm_3600,False,,,,legacy_single_initial_attempt,,,False,/home/nc437/ladder-lite/nested_warm_multichain_p1246_k2_10_20260910_ecb60c1/p1/mip/M__k09_p1__warm_cover__event_2p5_event5__1h2stage.json,,3600,False,CANCELLED
0,0,3496625346014690304,0,Unknown,2026-09-12T16:37:16,0:0,810959,810959,MCw1k10,None assigned,scaglione,15426,normal,None,16G,0,s311M277PXAF00,None,CANCELLED by 1646707,2026-09-10T23:20:13,120,00:00:00,s311M277PXAF00|3496625346014690304|810959|2026-09-10T23:20:13|None|0,warm_k10_p1,not_started,scaglione_warm_3600,False,,,,legacy_single_initial_attempt,,,False,/home/nc437/ladder-lite/nested_warm_multichain_p1246_k2_10_20260910_ecb60c1/p1/mip/M__k10_p1__warm_cover__event_2p5_event5__1h2stage.json,,3600,False,CANCELLED
8,48,3496625346015132672,6,2026-09-10T23:21:33,2026-09-10T23:22:05,0:0,810961,810961,MCw2k02,scaglione-cpu-02,scaglione,15426,normal,Dependency,16G,0,s311M277PXQZ00,2026-09-10T23:21:59,COMPLETED,2026-09-10T23:20:14,120,00:00:00,s311M277PXQZ00|3496625346015132672|810961|2026-09-10T23:20:14|2026-09-10T23:21:59|0,warm_k02_p2,scheduler_completed,scaglione_warm_3600,False,26.0,,,legacy_single_initial_attempt,2,True,True,/home/nc437/ladder-lite/nested_warm_multichain_p1246_k2_10_20260910_ecb60c1/p2/mip/M__k02_p2__warm_cover__event_2p5_event5__1h2stage.json,9287bcc1dec0f7253a0a897ab8a2752b3345b69406d90ebee0ba8f1ef703d913,3600,True,COMPLETED
8,80,3496625346015812608,10,2026-09-10T23:23:19,2026-09-10T23:24:02,0:0,810963,810963,MCw2k03,scaglione-cpu-02,scaglione,15426,normal,Dependency,16G,0,s311M277PYCQ00,2026-09-10T23:23:52,COMPLETED,2026-09-10T23:20:14,120,00:00:00,s311M277PYCQ00|3496625346015812608|810963|2026-09-10T23:20:14|2026-09-10T23:23:52|0,warm_k03_p2,scheduler_completed,scaglione_warm_3600,False,33.0,,,legacy_single_initial_attempt,3,True,True,/home/nc437/ladder-lite/nested_warm_multichain_p1246_k2_10_20260910_ecb60c1/p2/mip/M__k03_p2__warm_cover__event_2p5_event5__1h2stage.json,8c66a712caa91d5e9e39d0d2f5e1ab450e030ddf1f718f5c899a7f61bca02baa,3600,True,COMPLETED
8,88,3496625346016444416,11,2026-09-10T23:27:23,2026-09-10T23:27:34,0:0,810965,810965,MCw2k04,scaglione-cpu-01,scaglione,15426,normal,Dependency,16G,0,s311M277PZ0000,2026-09-10T23:27:23,COMPLETED,2026-09-10T23:20:15,120,00:00:00,s311M277PZ0000|3496625346016444416|810965|2026-09-10T23:20:15|2026-09-10T23:27:23|0,warm_k04_p2,scheduler_completed,scaglione_warm_3600,False,0.0,,,legacy_single_initial_attempt,4,True,True,/home/nc437/ladder-lite/nested_warm_multichain_p1246_k2_10_20260910_ecb60c1/p2/mip/M__k04_p2__warm_cover__event_2p5_event5__1h2stage.json,f2a87050e9949db1b67adee812b058d3f31ddfcf8ab255f8cc477c7b05ce47f0,3600,True,COMPLETED
8,448,3496625346017459200,56,2026-09-10T23:56:41,2026-09-10T23:58:04,0:0,810967,810967,MCw2k05,scaglione-cpu-01,scaglione,15426,normal,Dependency,16G,0,s311M277PZYZ00,2026-09-10T23:57:08,COMPLETED,2026-09-10T23:20:16,120,00:00:00,s311M277PZYZ00|3496625346017459200|810967|2026-09-10T23:20:16|2026-09-10T23:57:08|0,warm_k05_p2,scheduler_completed,scaglione_warm_3600,False,27.0,,,legacy_single_initial_attempt,5,True,True,/home/nc437/ladder-lite/nested_warm_multichain_p1246_k2_10_20260910_ecb60c1/p2/mip/M__k05_p2__warm_cover__event_2p5_event5__1h2stage.json,75494ba42ddae48df42dffc74ff0b4d8042e824f83241b20084c407ffb3b6bfa,3600,True,COMPLETED
8,1256,3496625346018076672,157,2026-09-11T02:02:19,2026-09-11T02:04:56,0:0,810969,810969,MCw2k06,scaglione-cpu-02,scaglione,15426,normal,Dependency,16G,0,s311M277Q0HT00,2026-09-11T02:02:19,COMPLETED,2026-09-10T23:20:17,120,00:00:00,s311M277Q0HT00|3496625346018076672|810969|2026-09-10T23:20:17|2026-09-11T02:02:19|0,warm_k06_p2,scheduler_completed,scaglione_warm_3600,False,0.0,,,legacy_single_initial_attempt,6,True,True,/home/nc437/ladder-lite/nested_warm_multichain_p1246_k2_10_20260910_ecb60c1/p2/mip/M__k06_p2__warm_cover__event_2p5_event5__1h2stage.json,da336665ef8ad4c5ab5102613b3bc20ae0c091791069ad54d37492dfc8d85678,3600,True,COMPLETED
8,21400,3496625346018511872,2675,2026-09-11T04:47:50,2026-09-11T05:32:31,0:0,810971,810971,MCw2k07,scaglione-cpu-01,scaglione,15426,normal,Dependency,16G,0,s311M277Q0Z300,2026-09-11T04:47:56,COMPLETED,2026-09-10T23:20:17,120,00:00:00,s311M277Q0Z300|3496625346018511872|810971|2026-09-10T23:20:17|2026-09-11T04:47:56|0,warm_k07_p2,scheduler_completed,scaglione_warm_3600,False,6.0,,,legacy_single_initial_attempt,7,True,True,/home/nc437/ladder-lite/nested_warm_multichain_p1246_k2_10_20260910_ecb60c1/p2/mip/M__k07_p2__warm_cover__event_2p5_event5__1h2stage.json,7c4d9c51e2835dfa3b30a288774d9b66df42a52016da157350edbb7ff88ff10b,3600,True,COMPLETED
8,29280,3496625346019937280,3660,2026-09-11T09:34:01,2026-09-11T10:35:01,0:0,810973,810973,MCw2k08,scaglione-cpu-01,scaglione,15426,normal,Dependency,16G,0,s311M277Q2AK00,2026-09-11T09:34:01,COMPLETED,2026-09-10T23:20:18,120,00:00:00,s311M277Q2AK00|3496625346019937280|810973|2026-09-10T23:20:18|2026-09-11T09:34:01|0,warm_k08_p2,scheduler_completed,scaglione_warm_3600,False,0.0,,,legacy_single_initial_attempt,8,True,True,/home/nc437/ladder-lite/nested_warm_multichain_p1246_k2_10_20260910_ecb60c1/p2/mip/M__k08_p2__warm_cover__event_2p5_event5__1h2stage.json,debaa56e20472893db12775e20cbc5884f4a1f2fa7da5640af6beec3c7b7891b,3600,True,COMPLETED
0,0,3496625346020727808,0,Unknown,2026-09-12T16:37:16,0:0,810975,810975,MCw2k09,None assigned,scaglione,15426,normal,None,16G,0,s311M277Q32Q00,None,CANCELLED by 1646707,2026-09-10T23:20:19,120,00:00:00,s311M277Q32Q00|3496625346020727808|810975|2026-09-10T23:20:19|None|0,warm_k09_p2,not_started,scaglione_warm_3600,False,,,,legacy_single_initial_attempt,,,False,/home/nc437/ladder-lite/nested_warm_multichain_p1246_k2_10_20260910_ecb60c1/p2/mip/M__k09_p2__warm_cover__event_2p5_event5__1h2stage.json,,3600,False,CANCELLED
8,29328,3496625346021410816,3666,2026-09-12T01:44:08,2026-09-12T02:45:14,0:0,810977,810977,MCw2k10,scaglione-cpu-04,scaglione,15426,normal,Dependency,16G,0,s311M277Q3QJ00,2026-09-12T01:44:08,COMPLETED,2026-09-10T23:20:20,120,00:00:00,s311M277Q3QJ00|3496625346021410816|810977|2026-09-10T23:20:20|2026-09-12T01:44:08|0,warm_k10_p2,scheduler_completed,scaglione_warm_3600,False,0.0,,,legacy_single_initial_attempt,71,True,True,/home/nc437/ladder-lite/nested_warm_multichain_p1246_k2_10_20260910_ecb60c1/p2/mip/M__k10_p2__warm_cover__event_2p5_event5__1h2stage.json,f24ea41e05d4d1cb7813f321b2074cfe10f585a3afb11e54aa96846b0c303793,3600,True,COMPLETED
8,64,3496625346022090752,8,2026-09-10T23:21:33,2026-09-10T23:22:07,0:0,810979,810979,MCw4k02,scaglione-cpu-03,scaglione,15426,normal,Dependency,16G,0,s311M277Q4CA00,2026-09-10T23:21:59,COMPLETED,2026-09-10T23:20:20,120,00:00:00,s311M277Q4CA00|3496625346022090752|810979|2026-09-10T23:20:20|2026-09-10T23:21:59|0,warm_k02_p4,scheduler_completed,scaglione_warm_3600,False,26.0,,,legacy_single_initial_attempt,2,True,True,/home/nc437/ladder-lite/nested_warm_multichain_p1246_k2_10_20260910_ecb60c1/p4/mip/M__k02_p4__warm_cover__event_2p5_event5__1h2stage.json,b44bd87b99ecf3f0ca831fa965fb1d33be5952d0fd2fe26fba1c9a9b4ce36dec,3600,True,COMPLETED
8,72,3496625346022880256,9,2026-09-10T23:23:19,2026-09-10T23:24:08,0:0,810981,810981,MCw4k03,scaglione-cpu-01,scaglione,15426,normal,Dependency,16G,0,s311M277Q54D00,2026-09-10T23:23:59,COMPLETED,2026-09-10T23:20:21,120,00:00:00,s311M277Q54D00|3496625346022880256|810981|2026-09-10T23:20:21|2026-09-10T23:23:59|0,warm_k03_p4,scheduler_completed,scaglione_warm_3600,False,40.0,,,legacy_single_initial_attempt,3,True,True,/home/nc437/ladder-lite/nested_warm_multichain_p1246_k2_10_20260910_ecb60c1/p4/mip/M__k03_p4__warm_cover__event_2p5_event5__1h2stage.json,3be5cadd6798c155ad0b81a9d966ffa982dd1ade25f28def6879ec12504180a2,3600,True,COMPLETED
8,144,3496625346023570432,18,2026-09-10T23:26:06,2026-09-10T23:27:07,0:0,810983,810983,MCw4k04,scaglione-cpu-02,scaglione,15426,normal,Dependency,16G,0,s311M277Q5SF00,2026-09-10T23:26:49,COMPLETED,2026-09-10T23:20:22,120,00:00:00,s311M277Q5SF00|3496625346023570432|810983|2026-09-10T23:20:22|2026-09-10T23:26:49|0,warm_k04_p4,scheduler_completed,scaglione_warm_3600,False,43.0,,,legacy_single_initial_attempt,4,True,True,/home/nc437/ladder-lite/nested_warm_multichain_p1246_k2_10_20260910_ecb60c1/p4/mip/M__k04_p4__warm_cover__event_2p5_event5__1h2stage.json,620b23a7178e8e843990d993b7d2ece229b74aefd34f189a19f16ce99ff7181c,3600,True,COMPLETED
8,344,3496625346024260608,43,2026-09-10T23:42:08,2026-09-10T23:43:06,0:0,810985,810985,MCw4k05,scaglione-cpu-05,scaglione,15426,normal,Dependency,16G,0,s311M277Q6EH00,2026-09-10T23:42:23,COMPLETED,2026-09-10T23:20:23,120,00:00:00,s311M277Q6EH00|3496625346024260608|810985|2026-09-10T23:20:23|2026-09-10T23:42:23|0,warm_k05_p4,scheduler_completed,scaglione_warm_3600,False,15.0,,,legacy_single_initial_attempt,5,True,True,/home/nc437/ladder-lite/nested_warm_multichain_p1246_k2_10_20260910_ecb60c1/p4/mip/M__k05_p4__warm_cover__event_2p5_event5__1h2stage.json,9c943fb6bd48e4b6dbc06177e5f8a251141b0a8396b5083482f5adf498cb4585,3600,True,COMPLETED
8,456,3496625346026356736,57,2026-09-11T00:33:42,2026-09-11T00:35:15,0:0,810987,810987,MCw4k06,scaglione-cpu-03,scaglione,15426,normal,Dependency,16G,0,s311M277Q8EG00,2026-09-11T00:34:18,COMPLETED,2026-09-10T23:20:25,120,00:00:00,s311M277Q8EG00|3496625346026356736|810987|2026-09-10T23:20:25|2026-09-11T00:34:18|0,warm_k06_p4,scheduler_completed,scaglione_warm_3600,False,36.0,,,legacy_single_initial_attempt,6,True,True,/home/nc437/ladder-lite/nested_warm_multichain_p1246_k2_10_20260910_ecb60c1/p4/mip/M__k06_p4__warm_cover__event_2p5_event5__1h2stage.json,938d9a40115607194b5784664a8f7968e2e383f5f8b5b222de76807b9d80692b,3600,True,COMPLETED
8,520,3496625346027024384,65,2026-09-11T02:28:38,2026-09-11T02:30:03,0:0,810989,810989,MCw4k07,scaglione-cpu-01,scaglione,15426,normal,Dependency,16G,0,s311M277Q92W00,2026-09-11T02:28:58,COMPLETED,2026-09-10T23:20:25,120,00:00:00,s311M277Q92W00|3496625346027024384|810989|2026-09-10T23:20:25|2026-09-11T02:28:58|0,warm_k07_p4,scheduler_completed,scaglione_warm_3600,False,20.0,,,legacy_single_initial_attempt,7,True,True,/home/nc437/ladder-lite/nested_warm_multichain_p1246_k2_10_20260910_ecb60c1/p4/mip/M__k07_p4__warm_cover__event_2p5_event5__1h2stage.json,b93085863e5c36ad9a1303edc8c952988acb1dbbe3106a30c93ec46c7e31c087,3600,True,COMPLETED
8,5056,3496625346027717632,632,2026-09-11T05:52:24,2026-09-11T06:02:56,0:0,810991,810991,MCw4k08,scaglione-cpu-04,scaglione,15426,normal,Dependency,16G,0,s311M277Q9R100,2026-09-11T05:52:24,COMPLETED,2026-09-10T23:20:26,120,00:00:00,s311M277Q9R100|3496625346027717632|810991|2026-09-10T23:20:26|2026-09-11T05:52:24|0,warm_k08_p4,scheduler_completed,scaglione_warm_3600,False,0.0,,,legacy_single_initial_attempt,8,True,True,/home/nc437/ladder-lite/nested_warm_multichain_p1246_k2_10_20260910_ecb60c1/p4/mip/M__k08_p4__warm_cover__event_2p5_event5__1h2stage.json,3994795dc34e0e1a33a4b6d2bd22a5a808307d693115241eb17a248a9b8e9b94,3600,True,COMPLETED
8,23784,3496625346030903296,2973,2026-09-11T11:04:36,2026-09-11T11:54:09,0:0,810993,810993,MCw4k09,scaglione-cpu-01,scaglione,15426,normal,Dependency,16G,0,s311M277QCS800,2026-09-11T11:04:36,COMPLETED,2026-09-10T23:20:29,120,00:00:00,s311M277QCS800|3496625346030903296|810993|2026-09-10T23:20:29|2026-09-11T11:04:36|0,warm_k09_p4,scheduler_completed,scaglione_warm_3600,False,0.0,,,legacy_single_initial_attempt,9,True,True,/home/nc437/ladder-lite/nested_warm_multichain_p1246_k2_10_20260910_ecb60c1/p4/mip/M__k09_p4__warm_cover__event_2p5_event5__1h2stage.json,6ec0e9245ecdde29be37ffd3cbcb1baeca4caaf3eb4bb00ae5b51af4d34f132a,3600,True,COMPLETED
0,0,3496625346031593472,0,Unknown,2026-09-12T16:37:17,0:0,810995,810995,MCw4k10,None assigned,scaglione,15426,normal,None,16G,0,s311M277QDEA00,None,CANCELLED by 1646707,2026-09-10T23:20:30,120,00:00:00,s311M277QDEA00|3496625346031593472|810995|2026-09-10T23:20:30|None|0,warm_k10_p4,not_started,scaglione_warm_3600,False,,,,legacy_single_initial_attempt,,,False,/home/nc437/ladder-lite/nested_warm_multichain_p1246_k2_10_20260910_ecb60c1/p4/mip/M__k10_p4__warm_cover__event_2p5_event5__1h2stage.json,,3600,False,CANCELLED
8,48,3496625346032164864,6,2026-09-10T23:21:33,2026-09-10T23:22:05,0:0,810997,810997,MCw6k02,scaglione-cpu-04,scaglione,15426,normal,Dependency,16G,0,s311M277QDZR00,2026-09-10T23:21:59,COMPLETED,2026-09-10T23:20:30,120,00:00:00,s311M277QDZR00|3496625346032164864|810997|2026-09-10T23:20:30|2026-09-10T23:21:59|0,warm_k02_p6,scheduler_completed,scaglione_warm_3600,False,26.0,,,legacy_single_initial_attempt,2,True,True,/home/nc437/ladder-lite/nested_warm_multichain_p1246_k2_10_20260910_ecb60c1/p6/mip/M__k02_p6__warm_cover__event_2p5_event5__1h2stage.json,905b4444a9318c2be251c486fcd2333bef81d139e434feeedf1a5889aba025b1,3600,True,COMPLETED
8,56,3496625346036708352,7,2026-09-10T23:21:33,2026-09-10T23:22:06,0:0,810999,810999,MCw6k03,scaglione-cpu-05,scaglione,15426,normal,Dependency,16G,0,s311M277QJAD00,2026-09-10T23:21:59,COMPLETED,2026-09-10T23:20:35,120,00:00:00,s311M277QJAD00|3496625346036708352|810999|2026-09-10T23:20:35|2026-09-10T23:21:59|0,warm_k03_p6,scheduler_completed,scaglione_warm_3600,False,26.0,,,legacy_single_initial_attempt,3,True,True,/home/nc437/ladder-lite/nested_warm_multichain_p1246_k2_10_20260910_ecb60c1/p6/mip/M__k03_p6__warm_cover__event_2p5_event5__1h2stage.json,cb61297ca0a450c988cbdd7cd0c15e2c2039bacc5573cab5b94f54a65e7cec59,3600,True,COMPLETED
8,96,3496625346037876736,12,2026-09-10T23:24:19,2026-09-10T23:24:40,0:0,811002,811002,MCw6k04,scaglione-cpu-01,scaglione,15426,normal,Dependency,16G,0,s311M277QKE200,2026-09-10T23:24:28,COMPLETED,2026-09-10T23:20:36,120,00:00:00,s311M277QKE200|3496625346037876736|811002|2026-09-10T23:20:36|2026-09-10T23:24:28|0,warm_k04_p6,scheduler_completed,scaglione_warm_3600,False,9.0,,,legacy_single_initial_attempt,4,True,True,/home/nc437/ladder-lite/nested_warm_multichain_p1246_k2_10_20260910_ecb60c1/p6/mip/M__k04_p6__warm_cover__event_2p5_event5__1h2stage.json,8dca9f834b67071d9948454e60c5102227ab491332698fc171f2172c455a82ef,3600,True,COMPLETED
8,152,3496625346038520832,19,2026-09-10T23:36:10,2026-09-10T23:37:22,0:0,811004,811004,MCw6k05,scaglione-cpu-05,scaglione,15426,normal,Dependency,16G,0,s311M277QM1Q00,2026-09-10T23:37:03,COMPLETED,2026-09-10T23:20:37,120,00:00:00,s311M277QM1Q00|3496625346038520832|811004|2026-09-10T23:20:37|2026-09-10T23:37:03|0,warm_k05_p6,scheduler_completed,scaglione_warm_3600,False,53.0,,,legacy_single_initial_attempt,5,True,True,/home/nc437/ladder-lite/nested_warm_multichain_p1246_k2_10_20260910_ecb60c1/p6/mip/M__k05_p6__warm_cover__event_2p5_event5__1h2stage.json,fe3c703ecedde3325075f9a9e7d31c9421d017b22701fc22afdcf674a903cc48,3600,True,COMPLETED
8,192,3496625346039504896,24,2026-09-11T00:09:23,2026-09-11T00:09:55,0:0,811006,811006,MCw6k06,scaglione-cpu-04,scaglione,15426,normal,Dependency,16G,0,s311M277QMZR00,2026-09-11T00:09:31,COMPLETED,2026-09-10T23:20:37,120,00:00:00,s311M277QMZR00|3496625346039504896|811006|2026-09-10T23:20:37|2026-09-11T00:09:31|0,warm_k06_p6,scheduler_completed,scaglione_warm_3600,False,8.0,,,legacy_single_initial_attempt,6,True,True,/home/nc437/ladder-lite/nested_warm_multichain_p1246_k2_10_20260910_ecb60c1/p6/mip/M__k06_p6__warm_cover__event_2p5_event5__1h2stage.json,12007b783840f23961d17a1eb4ae393f76e810aa6116fe95737d74e36191b40e,3600,True,COMPLETED
8,280,3496625346040288256,35,2026-09-11T00:36:41,2026-09-11T00:37:39,0:0,811008,811008,MCw6k07,scaglione-cpu-05,scaglione,15426,normal,Dependency,16G,0,s311M277QNQN00,2026-09-11T00:37:04,COMPLETED,2026-09-10T23:20:38,120,00:00:00,s311M277QNQN00|3496625346040288256|811008|2026-09-10T23:20:38|2026-09-11T00:37:04|0,warm_k07_p6,scheduler_completed,scaglione_warm_3600,False,23.0,,,legacy_single_initial_attempt,7,True,True,/home/nc437/ladder-lite/nested_warm_multichain_p1246_k2_10_20260910_ecb60c1/p6/mip/M__k07_p6__warm_cover__event_2p5_event5__1h2stage.json,4baf7148ad05901e779ce58e1aade69e7a94338b8bdfb11dbfb27782528fe006,3600,True,COMPLETED
8,552,3496625346040922112,69,2026-09-11T01:16:01,2026-09-11T01:17:11,0:0,811010,811010,MCw6k08,scaglione-cpu-04,scaglione,15426,normal,Dependency,16G,0,s311M277QPB000,2026-09-11T01:16:02,COMPLETED,2026-09-10T23:20:39,120,00:00:00,s311M277QPB000|3496625346040922112|811010|2026-09-10T23:20:39|2026-09-11T01:16:02|0,warm_k08_p6,scheduler_completed,scaglione_warm_3600,False,1.0,,,legacy_single_initial_attempt,8,True,True,/home/nc437/ladder-lite/nested_warm_multichain_p1246_k2_10_20260910_ecb60c1/p6/mip/M__k08_p6__warm_cover__event_2p5_event5__1h2stage.json,8dba57ffefdf3086aa97d539d3a37631850eab189d90f34bb0ddfe9b312a7d0b,3600,True,COMPLETED
8,11264,3496625346042296320,1408,2026-09-11T02:45:38,2026-09-11T03:09:06,0:0,811012,811012,MCw6k09,scaglione-cpu-02,scaglione,15426,normal,Dependency,16G,0,s311M277QQMY00,2026-09-11T02:45:38,COMPLETED,2026-09-10T23:20:40,120,00:00:00,s311M277QQMY00|3496625346042296320|811012|2026-09-10T23:20:40|2026-09-11T02:45:38|0,warm_k09_p6,scheduler_completed,scaglione_warm_3600,False,0.0,,,legacy_single_initial_attempt,9,True,True,/home/nc437/ladder-lite/nested_warm_multichain_p1246_k2_10_20260910_ecb60c1/p6/mip/M__k09_p6__warm_cover__event_2p5_event5__1h2stage.json,ad24273472ebba994e885730826b70d4e9f9c816f5c1e7a5f3bd9ecdf021e441,3600,True,COMPLETED
8,29216,3496625346046377984,3652,2026-09-11T05:26:36,2026-09-11T06:27:29,0:0,811014,811014,MCw6k10,scaglione-cpu-04,scaglione,15426,normal,Dependency,16G,0,s311M277QVHG00,2026-09-11T05:26:37,COMPLETED,2026-09-10T23:20:44,120,00:00:00,s311M277QVHG00|3496625346046377984|811014|2026-09-10T23:20:44|2026-09-11T05:26:37|0,warm_k10_p6,scheduler_completed,scaglione_warm_3600,False,1.0,,,legacy_single_initial_attempt,10,True,True,/home/nc437/ladder-lite/nested_warm_multichain_p1246_k2_10_20260910_ecb60c1/p6/mip/M__k10_p6__warm_cover__event_2p5_event5__1h2stage.json,f223ad4959620d64b74d23dafcb20d0c24337b2b9cf2ccfa0facba684b4a4064,3600,True,COMPLETED
0,0,3496625346902777856,0,Unknown,2026-09-10T23:36:24,0:0,812608_10,812608,MPcv75s,None assigned,default_partition,15365,normal,Dependency,16G,0,s311M278HC8R00,None,CANCELLED by 1646707,2026-09-10T23:34:41,60,00:00:00,s311M278HC8R00|3496625346902777856|812608_10|2026-09-10T23:34:41|None|0,fresh_k02_p2,not_started,default_cancelled_before_budget_correction,False,,,,legacy_single_initial_attempt,,,False,,,3300,False,CANCELLED
0,0,3496625346902777856,0,Unknown,2026-09-10T23:36:24,0:0,812608_11,812608,MPcv75s,None assigned,default_partition,15365,normal,Dependency,16G,0,s311M278HC8R00,None,CANCELLED by 1646707,2026-09-10T23:34:41,60,00:00:00,s311M278HC8R00|3496625346902777856|812608_11|2026-09-10T23:34:41|None|0,fresh_k02_p3,not_started,default_cancelled_before_budget_correction,False,,,,legacy_single_initial_attempt,,,False,,,3300,False,CANCELLED
0,0,3496625346902777856,0,Unknown,2026-09-10T23:36:24,0:0,812608_12,812608,MPcv75s,None assigned,default_partition,15365,normal,Dependency,16G,0,s311M278HC8R00,None,CANCELLED by 1646707,2026-09-10T23:34:41,60,00:00:00,s311M278HC8R00|3496625346902777856|812608_12|2026-09-10T23:34:41|None|0,fresh_k02_p4,not_started,default_cancelled_before_budget_correction,False,,,,legacy_single_initial_attempt,,,False,,,3300,False,CANCELLED
0,0,3496625346902777856,0,Unknown,2026-09-10T23:36:24,0:0,812608_13,812608,MPcv75s,None assigned,default_partition,15365,normal,Dependency,16G,0,s311M278HC8R00,None,CANCELLED by 1646707,2026-09-10T23:34:41,60,00:00:00,s311M278HC8R00|3496625346902777856|812608_13|2026-09-10T23:34:41|None|0,fresh_k02_p5,not_started,default_cancelled_before_budget_correction,False,,,,legacy_single_initial_attempt,,,False,,,3300,False,CANCELLED
0,0,3496625346902777856,0,Unknown,2026-09-10T23:36:24,0:0,812608_14,812608,MPcv75s,None assigned,default_partition,15365,normal,Dependency,16G,0,s311M278HC8R00,None,CANCELLED by 1646707,2026-09-10T23:34:41,60,00:00:00,s311M278HC8R00|3496625346902777856|812608_14|2026-09-10T23:34:41|None|0,fresh_k02_p6,not_started,default_cancelled_before_budget_correction,False,,,,legacy_single_initial_attempt,,,False,,,3300,False,CANCELLED
0,0,3496625346902777856,0,Unknown,2026-09-10T23:36:24,0:0,812608_15,812608,MPcv75s,None assigned,default_partition,15365,normal,Dependency,16G,0,s311M278HC8R00,None,CANCELLED by 1646707,2026-09-10T23:34:41,60,00:00:00,s311M278HC8R00|3496625346902777856|812608_15|2026-09-10T23:34:41|None|0,fresh_k03_p1,not_started,default_cancelled_before_budget_correction,False,,,,legacy_single_initial_attempt,,,False,,,3300,False,CANCELLED
0,0,3496625346902777856,0,Unknown,2026-09-10T23:36:24,0:0,812608_16,812608,MPcv75s,None assigned,default_partition,15365,normal,Dependency,16G,0,s311M278HC8R00,None,CANCELLED by 1646707,2026-09-10T23:34:41,60,00:00:00,s311M278HC8R00|3496625346902777856|812608_16|2026-09-10T23:34:41|None|0,fresh_k03_p2,not_started,default_cancelled_before_budget_correction,False,,,,legacy_single_initial_attempt,,,False,,,3300,False,CANCELLED
0,0,3496625346902777856,0,Unknown,2026-09-10T23:36:24,0:0,812608_17,812608,MPcv75s,None assigned,default_partition,15365,normal,Dependency,16G,0,s311M278HC8R00,None,CANCELLED by 1646707,2026-09-10T23:34:41,60,00:00:00,s311M278HC8R00|3496625346902777856|812608_17|2026-09-10T23:34:41|None|0,fresh_k03_p3,not_started,default_cancelled_before_budget_correction,False,,,,legacy_single_initial_attempt,,,False,,,3300,False,CANCELLED
0,0,3496625346902777856,0,Unknown,2026-09-10T23:36:24,0:0,812608_18,812608,MPcv75s,None assigned,default_partition,15365,normal,Dependency,16G,0,s311M278HC8R00,None,CANCELLED by 1646707,2026-09-10T23:34:41,60,00:00:00,s311M278HC8R00|3496625346902777856|812608_18|2026-09-10T23:34:41|None|0,fresh_k03_p4,not_started,default_cancelled_before_budget_correction,False,,,,legacy_single_initial_attempt,,,False,,,3300,False,CANCELLED
0,0,3496625346902777856,0,Unknown,2026-09-10T23:36:24,0:0,812608_19,812608,MPcv75s,None assigned,default_partition,15365,normal,Dependency,16G,0,s311M278HC8R00,None,CANCELLED by 1646707,2026-09-10T23:34:41,60,00:00:00,s311M278HC8R00|3496625346902777856|812608_19|2026-09-10T23:34:41|None|0,fresh_k03_p5,not_started,default_cancelled_before_budget_correction,False,,,,legacy_single_initial_attempt,,,False,,,3300,False,CANCELLED
0,0,3496625346902777856,0,Unknown,2026-09-10T23:36:24,0:0,812608_20,812608,MPcv75s,None assigned,default_partition,15365,normal,Dependency,16G,0,s311M278HC8R00,None,CANCELLED by 1646707,2026-09-10T23:34:41,60,00:00:00,s311M278HC8R00|3496625346902777856|812608_20|2026-09-10T23:34:41|None|0,fresh_k03_p6,not_started,default_cancelled_before_budget_correction,False,,,,legacy_single_initial_attempt,,,False,,,3300,False,CANCELLED
0,0,3496625346902777856,0,Unknown,2026-09-10T23:36:24,0:0,812608_21,812608,MPcv75s,None assigned,default_partition,15365,normal,Dependency,16G,0,s311M278HC8R00,None,CANCELLED by 1646707,2026-09-10T23:34:41,60,00:00:00,s311M278HC8R00|3496625346902777856|812608_21|2026-09-10T23:34:41|None|0,fresh_k04_p1,not_started,default_cancelled_before_budget_correction,False,,,,legacy_single_initial_attempt,,,False,,,3300,False,CANCELLED
0,0,3496625346902777856,0,Unknown,2026-09-10T23:36:24,0:0,812608_22,812608,MPcv75s,None assigned,default_partition,15365,normal,Dependency,16G,0,s311M278HC8R00,None,CANCELLED by 1646707,2026-09-10T23:34:41,60,00:00:00,s311M278HC8R00|3496625346902777856|812608_22|2026-09-10T23:34:41|None|0,fresh_k04_p2,not_started,default_cancelled_before_budget_correction,False,,,,legacy_single_initial_attempt,,,False,,,3300,False,CANCELLED
0,0,3496625346902777856,0,Unknown,2026-09-10T23:36:24,0:0,812608_23,812608,MPcv75s,None assigned,default_partition,15365,normal,Dependency,16G,0,s311M278HC8R00,None,CANCELLED by 1646707,2026-09-10T23:34:41,60,00:00:00,s311M278HC8R00|3496625346902777856|812608_23|2026-09-10T23:34:41|None|0,fresh_k04_p3,not_started,default_cancelled_before_budget_correction,False,,,,legacy_single_initial_attempt,,,False,,,3300,False,CANCELLED
0,0,3496625346902777856,0,Unknown,2026-09-10T23:36:24,0:0,812608_24,812608,MPcv75s,None assigned,default_partition,15365,normal,Dependency,16G,0,s311M278HC8R00,None,CANCELLED by 1646707,2026-09-10T23:34:41,60,00:00:00,s311M278HC8R00|3496625346902777856|812608_24|2026-09-10T23:34:41|None|0,fresh_k04_p4,not_started,default_cancelled_before_budget_correction,False,,,,legacy_single_initial_attempt,,,False,,,3300,False,CANCELLED
0,0,3496625346902777856,0,Unknown,2026-09-10T23:36:24,0:0,812608_25,812608,MPcv75s,None assigned,default_partition,15365,normal,Dependency,16G,0,s311M278HC8R00,None,CANCELLED by 1646707,2026-09-10T23:34:41,60,00:00:00,s311M278HC8R00|3496625346902777856|812608_25|2026-09-10T23:34:41|None|0,fresh_k04_p5,not_started,default_cancelled_before_budget_correction,False,,,,legacy_single_initial_attempt,,,False,,,3300,False,CANCELLED
0,0,3496625346902777856,0,Unknown,2026-09-10T23:36:24,0:0,812608_26,812608,MPcv75s,None assigned,default_partition,15365,normal,Dependency,16G,0,s311M278HC8R00,None,CANCELLED by 1646707,2026-09-10T23:34:41,60,00:00:00,s311M278HC8R00|3496625346902777856|812608_26|2026-09-10T23:34:41|None|0,fresh_k04_p6,not_started,default_cancelled_before_budget_correction,False,,,,legacy_single_initial_attempt,,,False,,,3300,False,CANCELLED
0,0,3496625346902777856,0,Unknown,2026-09-10T23:36:24,0:0,812608_27,812608,MPcv75s,None assigned,default_partition,15365,normal,Dependency,16G,0,s311M278HC8R00,None,CANCELLED by 1646707,2026-09-10T23:34:41,60,00:00:00,s311M278HC8R00|3496625346902777856|812608_27|2026-09-10T23:34:41|None|0,fresh_k06_p1,not_started,default_cancelled_before_budget_correction,False,,,,legacy_single_initial_attempt,,,False,,,3300,False,CANCELLED
0,0,3496625346902777856,0,Unknown,2026-09-10T23:36:24,0:0,812608_28,812608,MPcv75s,None assigned,default_partition,15365,normal,Dependency,16G,0,s311M278HC8R00,None,CANCELLED by 1646707,2026-09-10T23:34:41,60,00:00:00,s311M278HC8R00|3496625346902777856|812608_28|2026-09-10T23:34:41|None|0,fresh_k06_p2,not_started,default_cancelled_before_budget_correction,False,,,,legacy_single_initial_attempt,,,False,,,3300,False,CANCELLED
0,0,3496625346902777856,0,Unknown,2026-09-10T23:36:24,0:0,812608_29,812608,MPcv75s,None assigned,default_partition,15365,normal,Dependency,16G,0,s311M278HC8R00,None,CANCELLED by 1646707,2026-09-10T23:34:41,60,00:00:00,s311M278HC8R00|3496625346902777856|812608_29|2026-09-10T23:34:41|None|0,fresh_k06_p3,not_started,default_cancelled_before_budget_correction,False,,,,legacy_single_initial_attempt,,,False,,,3300,False,CANCELLED
0,0,3496625346902777856,0,Unknown,2026-09-10T23:36:24,0:0,812608_30,812608,MPcv75s,None assigned,default_partition,15365,normal,Dependency,16G,0,s311M278HC8R00,None,CANCELLED by 1646707,2026-09-10T23:34:41,60,00:00:00,s311M278HC8R00|3496625346902777856|812608_30|2026-09-10T23:34:41|None|0,fresh_k06_p4,not_started,default_cancelled_before_budget_correction,False,,,,legacy_single_initial_attempt,,,False,,,3300,False,CANCELLED
0,0,3496625346902777856,0,Unknown,2026-09-10T23:36:24,0:0,812608_31,812608,MPcv75s,None assigned,default_partition,15365,normal,Dependency,16G,0,s311M278HC8R00,None,CANCELLED by 1646707,2026-09-10T23:34:41,60,00:00:00,s311M278HC8R00|3496625346902777856|812608_31|2026-09-10T23:34:41|None|0,fresh_k06_p5,not_started,default_cancelled_before_budget_correction,False,,,,legacy_single_initial_attempt,,,False,,,3300,False,CANCELLED
0,0,3496625346902777856,0,Unknown,2026-09-10T23:36:24,0:0,812608_32,812608,MPcv75s,None assigned,default_partition,15365,normal,Dependency,16G,0,s311M278HC8R00,None,CANCELLED by 1646707,2026-09-10T23:34:41,60,00:00:00,s311M278HC8R00|3496625346902777856|812608_32|2026-09-10T23:34:41|None|0,fresh_k06_p6,not_started,default_cancelled_before_budget_correction,False,,,,legacy_single_initial_attempt,,,False,,,3300,False,CANCELLED
0,0,3496625346902777856,0,Unknown,2026-09-10T23:36:24,0:0,812608_33,812608,MPcv75s,None assigned,default_partition,15365,normal,Dependency,16G,0,s311M278HC8R00,None,CANCELLED by 1646707,2026-09-10T23:34:41,60,00:00:00,s311M278HC8R00|3496625346902777856|812608_33|2026-09-10T23:34:41|None|0,fresh_k07_p1,not_started,default_cancelled_before_budget_correction,False,,,,legacy_single_initial_attempt,,,False,,,3300,False,CANCELLED
0,0,3496625346902777856,0,Unknown,2026-09-10T23:36:24,0:0,812608_34,812608,MPcv75s,None assigned,default_partition,15365,normal,Dependency,16G,0,s311M278HC8R00,None,CANCELLED by 1646707,2026-09-10T23:34:41,60,00:00:00,s311M278HC8R00|3496625346902777856|812608_34|2026-09-10T23:34:41|None|0,fresh_k07_p2,not_started,default_cancelled_before_budget_correction,False,,,,legacy_single_initial_attempt,,,False,,,3300,False,CANCELLED
0,0,3496625346902777856,0,Unknown,2026-09-10T23:36:24,0:0,812608_35,812608,MPcv75s,None assigned,default_partition,15365,normal,Dependency,16G,0,s311M278HC8R00,None,CANCELLED by 1646707,2026-09-10T23:34:41,60,00:00:00,s311M278HC8R00|3496625346902777856|812608_35|2026-09-10T23:34:41|None|0,fresh_k07_p3,not_started,default_cancelled_before_budget_correction,False,,,,legacy_single_initial_attempt,,,False,,,3300,False,CANCELLED
0,0,3496625346902777856,0,Unknown,2026-09-10T23:36:24,0:0,812608_36,812608,MPcv75s,None assigned,default_partition,15365,normal,Dependency,16G,0,s311M278HC8R00,None,CANCELLED by 1646707,2026-09-10T23:34:41,60,00:00:00,s311M278HC8R00|3496625346902777856|812608_36|2026-09-10T23:34:41|None|0,fresh_k07_p4,not_started,default_cancelled_before_budget_correction,False,,,,legacy_single_initial_attempt,,,False,,,3300,False,CANCELLED
0,0,3496625346902777856,0,Unknown,2026-09-10T23:36:24,0:0,812608_37,812608,MPcv75s,None assigned,default_partition,15365,normal,Dependency,16G,0,s311M278HC8R00,None,CANCELLED by 1646707,2026-09-10T23:34:41,60,00:00:00,s311M278HC8R00|3496625346902777856|812608_37|2026-09-10T23:34:41|None|0,fresh_k07_p5,not_started,default_cancelled_before_budget_correction,False,,,,legacy_single_initial_attempt,,,False,,,3300,False,CANCELLED
0,0,3496625346902777856,0,Unknown,2026-09-10T23:36:24,0:0,812608_38,812608,MPcv75s,None assigned,default_partition,15365,normal,Dependency,16G,0,s311M278HC8R00,None,CANCELLED by 1646707,2026-09-10T23:34:41,60,00:00:00,s311M278HC8R00|3496625346902777856|812608_38|2026-09-10T23:34:41|None|0,fresh_k07_p6,not_started,default_cancelled_before_budget_correction,False,,,,legacy_single_initial_attempt,,,False,,,3300,False,CANCELLED
0,0,3496625346902777856,0,Unknown,2026-09-10T23:36:24,0:0,812608_39,812608,MPcv75s,None assigned,default_partition,15365,normal,Dependency,16G,0,s311M278HC8R00,None,CANCELLED by 1646707,2026-09-10T23:34:41,60,00:00:00,s311M278HC8R00|3496625346902777856|812608_39|2026-09-10T23:34:41|None|0,fresh_k09_p1,not_started,default_cancelled_before_budget_correction,False,,,,legacy_single_initial_attempt,,,False,,,3300,False,CANCELLED
0,0,3496625346902777856,0,Unknown,2026-09-10T23:36:24,0:0,812608_40,812608,MPcv75s,None assigned,default_partition,15365,normal,Dependency,16G,0,s311M278HC8R00,None,CANCELLED by 1646707,2026-09-10T23:34:41,60,00:00:00,s311M278HC8R00|3496625346902777856|812608_40|2026-09-10T23:34:41|None|0,fresh_k09_p2,not_started,default_cancelled_before_budget_correction,False,,,,legacy_single_initial_attempt,,,False,,,3300,False,CANCELLED
0,0,3496625346902777856,0,Unknown,2026-09-10T23:36:24,0:0,812608_41,812608,MPcv75s,None assigned,default_partition,15365,normal,Dependency,16G,0,s311M278HC8R00,None,CANCELLED by 1646707,2026-09-10T23:34:41,60,00:00:00,s311M278HC8R00|3496625346902777856|812608_41|2026-09-10T23:34:41|None|0,fresh_k09_p3,not_started,default_cancelled_before_budget_correction,False,,,,legacy_single_initial_attempt,,,False,,,3300,False,CANCELLED
0,0,3496625346902777856,0,Unknown,2026-09-10T23:36:24,0:0,812608_42,812608,MPcv75s,None assigned,default_partition,15365,normal,Dependency,16G,0,s311M278HC8R00,None,CANCELLED by 1646707,2026-09-10T23:34:41,60,00:00:00,s311M278HC8R00|3496625346902777856|812608_42|2026-09-10T23:34:41|None|0,fresh_k09_p4,not_started,default_cancelled_before_budget_correction,False,,,,legacy_single_initial_attempt,,,False,,,3300,False,CANCELLED
0,0,3496625346902777856,0,Unknown,2026-09-10T23:36:24,0:0,812608_43,812608,MPcv75s,None assigned,default_partition,15365,normal,Dependency,16G,0,s311M278HC8R00,None,CANCELLED by 1646707,2026-09-10T23:34:41,60,00:00:00,s311M278HC8R00|3496625346902777856|812608_43|2026-09-10T23:34:41|None|0,fresh_k09_p5,not_started,default_cancelled_before_budget_correction,False,,,,legacy_single_initial_attempt,,,False,,,3300,False,CANCELLED
0,0,3496625346902777856,0,Unknown,2026-09-10T23:36:24,0:0,812608_44,812608,MPcv75s,None assigned,default_partition,15365,normal,Dependency,16G,0,s311M278HC8R00,None,CANCELLED by 1646707,2026-09-10T23:34:41,60,00:00:00,s311M278HC8R00|3496625346902777856|812608_44|2026-09-10T23:34:41|None|0,fresh_k09_p6,not_started,default_cancelled_before_budget_correction,False,,,,legacy_single_initial_attempt,,,False,,,3300,False,CANCELLED
0,0,3496625346903489536,0,Unknown,2026-09-10T23:36:24,0:0,812619_55,812619,MPcv75l,None assigned,default_partition,15365,normal,Dependency,32G,0,s311M278HCYF00,None,CANCELLED by 1646707,2026-09-10T23:34:41,60,00:00:00,s311M278HCYF00|3496625346903489536|812619_55|2026-09-10T23:34:41|None|0,fresh_k12_p5,not_started,default_cancelled_before_budget_correction,False,,,,legacy_single_initial_attempt,,,False,,,3300,False,CANCELLED
0,0,3496625346903489536,0,Unknown,2026-09-10T23:36:24,0:0,812619_56,812619,MPcv75l,None assigned,default_partition,15365,normal,Dependency,32G,0,s311M278HCYF00,None,CANCELLED by 1646707,2026-09-10T23:34:41,60,00:00:00,s311M278HCYF00|3496625346903489536|812619_56|2026-09-10T23:34:41|None|0,fresh_k12_p6,not_started,default_cancelled_before_budget_correction,False,,,,legacy_single_initial_attempt,,,False,,,3300,False,CANCELLED
0,0,3496625346903489536,0,Unknown,2026-09-10T23:36:24,0:0,812619_57,812619,MPcv75l,None assigned,default_partition,15365,normal,Dependency,32G,0,s311M278HCYF00,None,CANCELLED by 1646707,2026-09-10T23:34:41,60,00:00:00,s311M278HCYF00|3496625346903489536|812619_57|2026-09-10T23:34:41|None|0,fresh_k13_p1,not_started,default_cancelled_before_budget_correction,False,,,,legacy_single_initial_attempt,,,False,,,3300,False,CANCELLED
0,0,3496625346903489536,0,Unknown,2026-09-10T23:36:24,0:0,812619_58,812619,MPcv75l,None assigned,default_partition,15365,normal,Dependency,32G,0,s311M278HCYF00,None,CANCELLED by 1646707,2026-09-10T23:34:41,60,00:00:00,s311M278HCYF00|3496625346903489536|812619_58|2026-09-10T23:34:41|None|0,fresh_k13_p2,not_started,default_cancelled_before_budget_correction,False,,,,legacy_single_initial_attempt,,,False,,,3300,False,CANCELLED
0,0,3496625346903489536,0,Unknown,2026-09-10T23:36:24,0:0,812619_59,812619,MPcv75l,None assigned,default_partition,15365,normal,Dependency,32G,0,s311M278HCYF00,None,CANCELLED by 1646707,2026-09-10T23:34:41,60,00:00:00,s311M278HCYF00|3496625346903489536|812619_59|2026-09-10T23:34:41|None|0,fresh_k13_p3,not_started,default_cancelled_before_budget_correction,False,,,,legacy_single_initial_attempt,,,False,,,3300,False,CANCELLED
0,0,3496625346903489536,0,Unknown,2026-09-10T23:36:24,0:0,812619_60,812619,MPcv75l,None assigned,default_partition,15365,normal,Dependency,32G,0,s311M278HCYF00,None,CANCELLED by 1646707,2026-09-10T23:34:41,60,00:00:00,s311M278HCYF00|3496625346903489536|812619_60|2026-09-10T23:34:41|None|0,fresh_k13_p4,not_started,default_cancelled_before_budget_correction,False,,,,legacy_single_initial_attempt,,,False,,,3300,False,CANCELLED
0,0,3496625346903489536,0,Unknown,2026-09-10T23:36:24,0:0,812619_61,812619,MPcv75l,None assigned,default_partition,15365,normal,Dependency,32G,0,s311M278HCYF00,None,CANCELLED by 1646707,2026-09-10T23:34:41,60,00:00:00,s311M278HCYF00|3496625346903489536|812619_61|2026-09-10T23:34:41|None|0,fresh_k13_p5,not_started,default_cancelled_before_budget_correction,False,,,,legacy_single_initial_attempt,,,False,,,3300,False,CANCELLED
0,0,3496625346903489536,0,Unknown,2026-09-10T23:36:24,0:0,812619_62,812619,MPcv75l,None assigned,default_partition,15365,normal,Dependency,32G,0,s311M278HCYF00,None,CANCELLED by 1646707,2026-09-10T23:34:41,60,00:00:00,s311M278HCYF00|3496625346903489536|812619_62|2026-09-10T23:34:41|None|0,fresh_k13_p6,not_started,default_cancelled_before_budget_correction,False,,,,legacy_single_initial_attempt,,,False,,,3300,False,CANCELLED
0,0,3496625346903489536,0,Unknown,2026-09-10T23:36:24,0:0,812619_63,812619,MPcv75l,None assigned,default_partition,15365,normal,Dependency,32G,0,s311M278HCYF00,None,CANCELLED by 1646707,2026-09-10T23:34:41,60,00:00:00,s311M278HCYF00|3496625346903489536|812619_63|2026-09-10T23:34:41|None|0,fresh_k14_p1,not_started,default_cancelled_before_budget_correction,False,,,,legacy_single_initial_attempt,,,False,,,3300,False,CANCELLED
0,0,3496625346903489536,0,Unknown,2026-09-10T23:36:24,0:0,812619_64,812619,MPcv75l,None assigned,default_partition,15365,normal,Dependency,32G,0,s311M278HCYF00,None,CANCELLED by 1646707,2026-09-10T23:34:41,60,00:00:00,s311M278HCYF00|3496625346903489536|812619_64|2026-09-10T23:34:41|None|0,fresh_k14_p2,not_started,default_cancelled_before_budget_correction,False,,,,legacy_single_initial_attempt,,,False,,,3300,False,CANCELLED
0,0,3496625346903489536,0,Unknown,2026-09-10T23:36:24,0:0,812619_65,812619,MPcv75l,None assigned,default_partition,15365,normal,Dependency,32G,0,s311M278HCYF00,None,CANCELLED by 1646707,2026-09-10T23:34:41,60,00:00:00,s311M278HCYF00|3496625346903489536|812619_65|2026-09-10T23:34:41|None|0,fresh_k14_p3,not_started,default_cancelled_before_budget_correction,False,,,,legacy_single_initial_attempt,,,False,,,3300,False,CANCELLED
0,0,3496625346903489536,0,Unknown,2026-09-10T23:36:24,0:0,812619_66,812619,MPcv75l,None assigned,default_partition,15365,normal,Dependency,32G,0,s311M278HCYF00,None,CANCELLED by 1646707,2026-09-10T23:34:41,60,00:00:00,s311M278HCYF00|3496625346903489536|812619_66|2026-09-10T23:34:41|None|0,fresh_k14_p4,not_started,default_cancelled_before_budget_correction,False,,,,legacy_single_initial_attempt,,,False,,,3300,False,CANCELLED
0,0,3496625346903489536,0,Unknown,2026-09-10T23:36:24,0:0,812619_67,812619,MPcv75l,None assigned,default_partition,15365,normal,Dependency,32G,0,s311M278HCYF00,None,CANCELLED by 1646707,2026-09-10T23:34:41,60,00:00:00,s311M278HCYF00|3496625346903489536|812619_67|2026-09-10T23:34:41|None|0,fresh_k14_p5,not_started,default_cancelled_before_budget_correction,False,,,,legacy_single_initial_attempt,,,False,,,3300,False,CANCELLED
0,0,3496625346903489536,0,Unknown,2026-09-10T23:36:24,0:0,812619_68,812619,MPcv75l,None assigned,default_partition,15365,normal,Dependency,32G,0,s311M278HCYF00,None,CANCELLED by 1646707,2026-09-10T23:34:41,60,00:00:00,s311M278HCYF00|3496625346903489536|812619_68|2026-09-10T23:34:41|None|0,fresh_k14_p6,not_started,default_cancelled_before_budget_correction,False,,,,legacy_single_initial_attempt,,,False,,,3300,False,CANCELLED
0,0,3496625346903489536,0,Unknown,2026-09-10T23:36:24,0:0,812619_69,812619,MPcv75l,None assigned,default_partition,15365,normal,Dependency,32G,0,s311M278HCYF00,None,CANCELLED by 1646707,2026-09-10T23:34:41,60,00:00:00,s311M278HCYF00|3496625346903489536|812619_69|2026-09-10T23:34:41|None|0,fresh_k15_p1,not_started,default_cancelled_before_budget_correction,False,,,,legacy_single_initial_attempt,,,False,,,3300,False,CANCELLED
0,0,3496625346903489536,0,Unknown,2026-09-10T23:36:24,0:0,812619_70,812619,MPcv75l,None assigned,default_partition,15365,normal,Dependency,32G,0,s311M278HCYF00,None,CANCELLED by 1646707,2026-09-10T23:34:41,60,00:00:00,s311M278HCYF00|3496625346903489536|812619_70|2026-09-10T23:34:41|None|0,fresh_k15_p2,not_started,default_cancelled_before_budget_correction,False,,,,legacy_single_initial_attempt,,,False,,,3300,False,CANCELLED
0,0,3496625346903489536,0,Unknown,2026-09-10T23:36:24,0:0,812619_71,812619,MPcv75l,None assigned,default_partition,15365,normal,Dependency,32G,0,s311M278HCYF00,None,CANCELLED by 1646707,2026-09-10T23:34:41,60,00:00:00,s311M278HCYF00|3496625346903489536|812619_71|2026-09-10T23:34:41|None|0,fresh_k15_p3,not_started,default_cancelled_before_budget_correction,False,,,,legacy_single_initial_attempt,,,False,,,3300,False,CANCELLED
0,0,3496625346903489536,0,Unknown,2026-09-10T23:36:24,0:0,812619_72,812619,MPcv75l,None assigned,default_partition,15365,normal,Dependency,32G,0,s311M278HCYF00,None,CANCELLED by 1646707,2026-09-10T23:34:41,60,00:00:00,s311M278HCYF00|3496625346903489536|812619_72|2026-09-10T23:34:41|None|0,fresh_k15_p4,not_started,default_cancelled_before_budget_correction,False,,,,legacy_single_initial_attempt,,,False,,,3300,False,CANCELLED
0,0,3496625346903489536,0,Unknown,2026-09-10T23:36:24,0:0,812619_73,812619,MPcv75l,None assigned,default_partition,15365,normal,Dependency,32G,0,s311M278HCYF00,None,CANCELLED by 1646707,2026-09-10T23:34:41,60,00:00:00,s311M278HCYF00|3496625346903489536|812619_73|2026-09-10T23:34:41|None|0,fresh_k15_p5,not_started,default_cancelled_before_budget_correction,False,,,,legacy_single_initial_attempt,,,False,,,3300,False,CANCELLED
0,0,3496625346903489536,0,Unknown,2026-09-10T23:36:24,0:0,812619_74,812619,MPcv75l,None assigned,default_partition,15365,normal,Dependency,32G,0,s311M278HCYF00,None,CANCELLED by 1646707,2026-09-10T23:34:41,60,00:00:00,s311M278HCYF00|3496625346903489536|812619_74|2026-09-10T23:34:41|None|0,fresh_k15_p6,not_started,default_cancelled_before_budget_correction,False,,,,legacy_single_initial_attempt,,,False,,,3300,False,CANCELLED
8,1264,3496625347010835456,158,2026-09-11T00:09:23,2026-09-11T00:12:46,0:0,812766_0,812769,MPdv75s,sonic-cpu-01,default_partition,15365,normal,Dependency,16G,0,s311M278MKAD00,2026-09-11T00:10:08,COMPLETED,2026-09-10T23:36:24,120,00:00:00,s311M278MKAD00|3496625347010835456|812766_0|2026-09-10T23:36:24|2026-09-11T00:10:08|0,fresh_k05_p2,scheduler_completed,default_fresh_3600,False,45.0,default1h_a02,,legacy_single_initial_attempt,5,True,True,/home/nc437/ladder-lite/covering_complement75_20260911_21fbecb/mip_attempts/fresh_k05_p2_cover_event_2p5_event5/default1h_a02/result.json,afcd29e747e11dba12cb2727c74e63da624eeb8bdeef62b1bf08217f7d9a8e5f,3600,True,COMPLETED
8,592,3496625347010836480,74,2026-09-11T00:09:23,2026-09-11T00:11:22,0:0,812766_1,812770,MPdv75s,sonic-cpu-02,default_partition,15365,normal,Dependency,16G,0,s311M278MKAE00,2026-09-11T00:10:08,COMPLETED,2026-09-10T23:36:24,120,00:00:00,s311M278MKAE00|3496625347010836480|812766_1|2026-09-10T23:36:24|2026-09-11T00:10:08|0,fresh_k05_p4,scheduler_completed,default_fresh_3600,False,45.0,default1h_a02,,legacy_single_initial_attempt,5,True,True,/home/nc437/ladder-lite/covering_complement75_20260911_21fbecb/mip_attempts/fresh_k05_p4_cover_event_2p5_event5/default1h_a02/result.json,182da0c112c80ceab37c32bc6ef95b074aa325545092afac3083f20ff0c4d5da,3600,True,COMPLETED
8,328,3496625347010836481,41,2026-09-11T00:09:23,2026-09-11T00:10:49,0:0,812766_2,812771,MPdv75s,totient-cpu-07,default_partition,15365,normal,Dependency,16G,0,s311M278MKAE01,2026-09-11T00:10:08,COMPLETED,2026-09-10T23:36:24,120,00:00:00,s311M278MKAE01|3496625347010836481|812766_2|2026-09-10T23:36:24|2026-09-11T00:10:08|0,fresh_k05_p6,scheduler_completed,default_fresh_3600,False,45.0,default1h_a02,,legacy_single_initial_attempt,5,True,True,/home/nc437/ladder-lite/covering_complement75_20260911_21fbecb/mip_attempts/fresh_k05_p6_cover_event_2p5_event5/default1h_a02/result.json,50e278dd1ce6b43b73ad57a5f51c19fc41fad8ff78c07ce636c9b015f6fe43b6,3600,True,COMPLETED
8,29296,3496625347010836482,3662,2026-09-11T00:09:23,2026-09-11T01:11:10,0:0,812766_3,812772,MPdv75s,totient-cpu-02,default_partition,15365,normal,Dependency,16G,0,s311M278MKAE02,2026-09-11T00:10:08,COMPLETED,2026-09-10T23:36:24,120,00:00:00,s311M278MKAE02|3496625347010836482|812766_3|2026-09-10T23:36:24|2026-09-11T00:10:08|0,fresh_k08_p2,scheduler_completed,default_fresh_3600,False,45.0,default1h_a02,,legacy_single_initial_attempt,9,True,True,/home/nc437/ladder-lite/covering_complement75_20260911_21fbecb/mip_attempts/fresh_k08_p2_cover_event_2p5_event5/default1h_a02/result.json,09cfd527aebb20ddae1c5d280fe494320b3fddae0bf389bccf5f7e35919ac7ee,3600,True,COMPLETED
8,29864,3496625347010837504,3733,2026-09-11T00:55:37,2026-09-11T01:57:53,0:0,812766_4,812773,MPdv75s,sonic-cpu-01,default_partition,15365,normal,Dependency,16G,0,s311M278MKAF00,2026-09-11T00:55:40,COMPLETED,2026-09-10T23:36:24,120,00:00:00,s311M278MKAF00|3496625347010837504|812766_4|2026-09-10T23:36:24|2026-09-11T00:55:40|0,fresh_k08_p4,scheduler_completed,default_fresh_3600,False,3.0,default1h_a02,,legacy_single_initial_attempt,9,True,True,/home/nc437/ladder-lite/covering_complement75_20260911_21fbecb/mip_attempts/fresh_k08_p4_cover_event_2p5_event5/default1h_a02/result.json,58c34249fc8f3b1d2a206ce5f698872e6f062466fc501a8189dbc88e8d554be8,3600,True,COMPLETED
8,1048,3496625347010837505,131,2026-09-10T23:43:23,2026-09-10T23:47:34,0:0,812766_5,812774,MPdv75s,jingjie-cpu-22,default_partition,15365,normal,Dependency,16G,0,s311M278MKAF01,2026-09-10T23:45:23,COMPLETED,2026-09-10T23:36:24,120,00:00:00,s311M278MKAF01|3496625347010837505|812766_5|2026-09-10T23:36:24|2026-09-10T23:45:23|0,fresh_k08_p6,scheduler_completed,default_fresh_3600,False,120.0,default1h_a02,,legacy_single_initial_attempt,8,True,True,/home/nc437/ladder-lite/covering_complement75_20260911_21fbecb/mip_attempts/fresh_k08_p6_cover_event_2p5_event5/default1h_a02/result.json,14a0e2afbe1c6a540417049f787e0ba6e697f8b09f131d905d5b0377054b3701,3600,True,COMPLETED
8,29424,3496625347010837506,3678,2026-09-11T01:12:44,2026-09-11T02:14:03,0:0,812766_6,812775,MPdv75s,jingjie-cpu-03,default_partition,15365,normal,Dependency,16G,0,s311M278MKAF02,2026-09-11T01:12:45,COMPLETED,2026-09-10T23:36:24,120,00:00:00,s311M278MKAF02|3496625347010837506|812766_6|2026-09-10T23:36:24|2026-09-11T01:12:45|0,fresh_k10_p2,scheduler_completed,default_fresh_3600,False,1.0,default1h_a02,,legacy_single_initial_attempt,11,True,True,/home/nc437/ladder-lite/covering_complement75_20260911_21fbecb/mip_attempts/fresh_k10_p2_cover_event_2p5_event5/default1h_a02/result.json,e4f3d91581feb823a8a316a7b433a352943ba7e0d849df7fce496875fae3f345,3600,True,COMPLETED
8,29752,3496625347010837507,3719,2026-09-11T01:20:08,2026-09-11T02:22:43,0:0,812766_7,812776,MPdv75s,jingjie-cpu-06,default_partition,15365,normal,Dependency,16G,0,s311M278MKAF03,2026-09-11T01:20:44,COMPLETED,2026-09-10T23:36:24,120,00:00:00,s311M278MKAF03|3496625347010837507|812766_7|2026-09-10T23:36:24|2026-09-11T01:20:44|0,fresh_k10_p4,scheduler_completed,default_fresh_3600,False,36.0,default1h_a02,,legacy_single_initial_attempt,11,True,True,/home/nc437/ladder-lite/covering_complement75_20260911_21fbecb/mip_attempts/fresh_k10_p4_cover_event_2p5_event5/default1h_a02/result.json,6c769121d7efeee7087224618b0748819b564f04b332592a1af74f5c9c4dd9c9,3600,True,COMPLETED
8,29800,3496625347010838528,3725,2026-09-11T00:29:51,2026-09-11T01:32:37,0:0,812766_8,812777,MPdv75s,snavely-cpu-15,default_partition,15365,normal,Dependency,16G,0,s311M278MKAG00,2026-09-11T00:30:32,COMPLETED,2026-09-10T23:36:24,120,00:00:00,s311M278MKAG00|3496625347010838528|812766_8|2026-09-10T23:36:24|2026-09-11T00:30:32|0,fresh_k10_p6,scheduler_completed,default_fresh_3600,False,41.0,default1h_a02,,legacy_single_initial_attempt,11,True,True,/home/nc437/ladder-lite/covering_complement75_20260911_21fbecb/mip_attempts/fresh_k10_p6_cover_event_2p5_event5/default1h_a02/result.json,afd97691774e8a0f4233609e31e5a451cf7eaf25b7168001b365d5c55bcfc2d3,3600,True,COMPLETED
8,376,3496625347010838529,47,2026-09-11T00:09:23,2026-09-11T00:10:55,0:0,812766_9,812778,MPdv75s,totient-cpu-03,default_partition,15365,normal,Dependency,16G,0,s311M278MKAG01,2026-09-11T00:10:08,COMPLETED,2026-09-10T23:36:24,120,00:00:00,s311M278MKAG01|3496625347010838529|812766_9|2026-09-10T23:36:24|2026-09-11T00:10:08|0,fresh_k02_p1,scheduler_completed,default_fresh_3600,False,45.0,default1h_a02,,legacy_single_initial_attempt,2,True,True,/home/nc437/ladder-lite/covering_complement75_20260911_21fbecb/mip_attempts/fresh_k02_p1_cover_event_2p5_event5/default1h_a02/result.json,771d890a4f66a1f12f9337c6ea118aee881d1c67202917903373e3268461d0b0,3600,True,COMPLETED
8,72,3496625347595951104,9,2026-09-10T23:51:30,2026-09-10T23:52:20,0:0,812766_10,813595,MPdv75s,unicorn-cpu-01,default_partition,15365,normal,Dependency,16G,0,s311M27961AQ00,2026-09-10T23:52:11,COMPLETED,2026-09-10T23:36:24,120,00:00:00,s311M27961AQ00|3496625347595951104|812766_10|2026-09-10T23:36:24|2026-09-10T23:52:11|0,fresh_k02_p2,scheduler_completed,default_fresh_3600,False,41.0,default1h_a02,,legacy_single_initial_attempt,2,True,True,/home/nc437/ladder-lite/covering_complement75_20260911_21fbecb/mip_attempts/fresh_k02_p2_cover_event_2p5_event5/default1h_a02/result.json,c65aa7a6df1855f1560799f456941d3f04d8338efbc760d0225ebd46d6b7b295,3600,True,COMPLETED
8,152,3496625347982193664,19,2026-09-10T23:53:16,2026-09-10T23:54:30,0:0,812766_11,814386,MPdv75s,unicorn-cpu-01,default_partition,15365,normal,Dependency,16G,0,s311M279HHNX00,2026-09-10T23:54:11,COMPLETED,2026-09-10T23:36:24,120,00:00:00,s311M279HHNX00|3496625347982193664|812766_11|2026-09-10T23:36:24|2026-09-10T23:54:11|0,fresh_k02_p3,scheduler_completed,default_fresh_3600,False,55.0,default1h_a02,,legacy_single_initial_attempt,2,True,True,/home/nc437/ladder-lite/covering_complement75_20260911_21fbecb/mip_attempts/fresh_k02_p3_cover_event_2p5_event5/default1h_a02/result.json,b7007a6af77f9afc23c0b5c8796d9a9cae5177ae0309177970de02de5bd44788,3600,True,COMPLETED
8,88,3496625348112946176,11,2026-09-10T23:54:22,2026-09-10T23:55:19,0:0,812766_12,814453,MPdv75s,jingjie-cpu-03,default_partition,15365,normal,Dependency,16G,0,s311M279NEC500,2026-09-10T23:55:08,COMPLETED,2026-09-10T23:36:24,120,00:00:00,s311M279NEC500|3496625348112946176|812766_12|2026-09-10T23:36:24|2026-09-10T23:55:08|0,fresh_k02_p4,scheduler_completed,default_fresh_3600,False,46.0,default1h_a02,,legacy_single_initial_attempt,2,True,True,/home/nc437/ladder-lite/covering_complement75_20260911_21fbecb/mip_attempts/fresh_k02_p4_cover_event_2p5_event5/default1h_a02/result.json,9e036d3f71b739672ba56248e8489ac83187b24fc287ae5c5a0883e0d1034a1b,3600,True,COMPLETED
8,96,3496625348165385216,12,2026-09-10T23:55:16,2026-09-10T23:56:23,0:0,812766_13,814467,MPdv75s,jingjie-cpu-03,default_partition,15365,normal,Dependency,16G,0,s311M279Q0CF00,2026-09-10T23:56:11,COMPLETED,2026-09-10T23:36:24,120,00:00:00,s311M279Q0CF00|3496625348165385216|812766_13|2026-09-10T23:36:24|2026-09-10T23:56:11|0,fresh_k02_p5,scheduler_completed,default_fresh_3600,False,55.0,default1h_a02,,legacy_single_initial_attempt,3,True,True,/home/nc437/ladder-lite/covering_complement75_20260911_21fbecb/mip_attempts/fresh_k02_p5_cover_event_2p5_event5/default1h_a02/result.json,6ef58b4af2f1602ec3f205584c2e9c817bc85ab97bc5d65aef2a3591a51d9dfc,3600,True,COMPLETED
8,64,3496625348255120384,8,2026-09-10T23:56:41,2026-09-10T23:57:16,0:0,812766_14,814485,MPdv75s,jingjie-cpu-03,default_partition,15365,normal,Dependency,16G,0,s311M279SNYZ00,2026-09-10T23:57:08,COMPLETED,2026-09-10T23:36:24,120,00:00:00,s311M279SNYZ00|3496625348255120384|812766_14|2026-09-10T23:36:24|2026-09-10T23:57:08|0,fresh_k02_p6,scheduler_completed,default_fresh_3600,False,27.0,default1h_a02,,legacy_single_initial_attempt,2,True,True,/home/nc437/ladder-lite/covering_complement75_20260911_21fbecb/mip_attempts/fresh_k02_p6_cover_event_2p5_event5/default1h_a02/result.json,6bb75933863e19d0bd2846f5e39606d71d919bbc61a7e2256df30711a0bd4d8d,3600,True,COMPLETED
8,496,3496625348291950592,62,2026-09-11T00:11:19,2026-09-11T00:13:11,0:0,812766_15,814511,MPdv75s,unicorn-cpu-01,default_partition,15365,normal,Dependency,16G,0,s311M279TS2Y00,2026-09-11T00:12:09,COMPLETED,2026-09-10T23:36:24,120,00:00:00,s311M279TS2Y00|3496625348291950592|812766_15|2026-09-10T23:36:24|2026-09-11T00:12:09|0,fresh_k03_p1,scheduler_completed,default_fresh_3600,False,50.0,default1h_a02,,legacy_single_initial_attempt,3,True,True,/home/nc437/ladder-lite/covering_complement75_20260911_21fbecb/mip_attempts/fresh_k03_p1_cover_event_2p5_event5/default1h_a02/result.json,23574bf54a3f913651e11256ecc3482e34ade5550f9a7347ac26aa9d4f81109b,3600,True,COMPLETED
8,296,3496625349092073472,37,2026-09-11T04:38:18,2026-09-11T04:39:49,0:0,812766_16,814839,MPdv75s,jingjie-cpu-14,default_partition,15365,normal,Dependency,16G,0,s311M27AJM4R00,2026-09-11T04:39:12,COMPLETED,2026-09-10T23:36:24,120,00:00:00,s311M27AJM4R00|3496625349092073472|812766_16|2026-09-10T23:36:24|2026-09-11T04:39:12|0,fresh_k03_p2,scheduler_completed,default_fresh_3600,False,54.0,default1h_a02,,legacy_single_initial_attempt,3,True,True,/home/nc437/ladder-lite/covering_complement75_20260911_21fbecb/mip_attempts/fresh_k03_p2_cover_event_2p5_event5/default1h_a02/result.json,1239044a73fef3f7b7c014ae9cba0997a45feebd728c4a3a4311ac89503b511b,3600,True,COMPLETED
8,296,3496625349092074496,37,2026-09-11T04:38:18,2026-09-11T04:39:49,0:0,812766_17,814840,MPdv75s,jingjie-cpu-14,default_partition,15365,normal,Dependency,16G,0,s311M27AJM4S00,2026-09-11T04:39:12,COMPLETED,2026-09-10T23:36:24,120,00:00:00,s311M27AJM4S00|3496625349092074496|812766_17|2026-09-10T23:36:24|2026-09-11T04:39:12|0,fresh_k03_p3,scheduler_completed,default_fresh_3600,False,54.0,default1h_a02,,legacy_single_initial_attempt,3,True,True,/home/nc437/ladder-lite/covering_complement75_20260911_21fbecb/mip_attempts/fresh_k03_p3_cover_event_2p5_event5/default1h_a02/result.json,df58a796fec22e0772884a0b7ef0b7aac1cb90ab544b7f16fa9a757844575b61,3600,True,COMPLETED
8,288,3496625349092074497,36,2026-09-11T04:38:18,2026-09-11T04:39:48,0:0,812766_18,814841,MPdv75s,jingjie-cpu-14,default_partition,15365,normal,Dependency,16G,0,s311M27AJM4S01,2026-09-11T04:39:12,COMPLETED,2026-09-10T23:36:24,120,00:00:00,s311M27AJM4S01|3496625349092074497|812766_18|2026-09-10T23:36:24|2026-09-11T04:39:12|0,fresh_k03_p4,scheduler_completed,default_fresh_3600,False,54.0,default1h_a02,,legacy_single_initial_attempt,3,True,True,/home/nc437/ladder-lite/covering_complement75_20260911_21fbecb/mip_attempts/fresh_k03_p4_cover_event_2p5_event5/default1h_a02/result.json,bfc3c70baa7745542f2a12e516fdf17e3f59c6efaa4f07c8ec0e793037a4bd34,3600,True,COMPLETED
8,384,3496625349092074498,48,2026-09-11T04:38:18,2026-09-11T04:40:00,0:0,812766_19,814842,MPdv75s,jingjie-cpu-16,default_partition,15365,normal,Dependency,16G,0,s311M27AJM4S02,2026-09-11T04:39:12,COMPLETED,2026-09-10T23:36:24,120,00:00:00,s311M27AJM4S02|3496625349092074498|812766_19|2026-09-10T23:36:24|2026-09-11T04:39:12|0,fresh_k03_p5,scheduler_completed,default_fresh_3600,False,54.0,default1h_a02,,legacy_single_initial_attempt,3,True,True,/home/nc437/ladder-lite/covering_complement75_20260911_21fbecb/mip_attempts/fresh_k03_p5_cover_event_2p5_event5/default1h_a02/result.json,c779813506aac7477a262ff58ebd7d5b2a5b796d70a6b7a2416aec1f35ac1239,3600,True,COMPLETED
8,88,3496625349092074499,11,2026-09-11T00:12:12,2026-09-11T00:13:20,0:0,812766_20,814843,MPdv75s,sonic-cpu-01,default_partition,15365,normal,Dependency,16G,0,s311M27AJM4S03,2026-09-11T00:13:09,COMPLETED,2026-09-10T23:36:24,120,00:00:00,s311M27AJM4S03|3496625349092074499|812766_20|2026-09-10T23:36:24|2026-09-11T00:13:09|0,fresh_k03_p6,scheduler_completed,default_fresh_3600,False,57.0,default1h_a02,,legacy_single_initial_attempt,3,True,True,/home/nc437/ladder-lite/covering_complement75_20260911_21fbecb/mip_attempts/fresh_k03_p6_cover_event_2p5_event5/default1h_a02/result.json,d61d75a00a93398528d68b4dd748321ccd653a9b4f2e1d6d0afaf6a2adf79d6c,3600,True,COMPLETED
8,768,3496625349207815168,96,2026-09-11T00:55:37,2026-09-11T00:57:16,0:0,812766_21,814935,MPdv75s,sonic-cpu-02,default_partition,15365,normal,Dependency,16G,0,s311M27AP2GX00,2026-09-11T00:55:40,COMPLETED,2026-09-10T23:36:24,120,00:00:00,s311M27AP2GX00|3496625349207815168|812766_21|2026-09-10T23:36:24|2026-09-11T00:55:40|0,fresh_k04_p1,scheduler_completed,default_fresh_3600,False,3.0,default1h_a02,,legacy_single_initial_attempt,4,True,True,/home/nc437/ladder-lite/covering_complement75_20260911_21fbecb/mip_attempts/fresh_k04_p1_cover_event_2p5_event5/default1h_a02/result.json,b582300fbd484b4ed957531a60993e81af0dfc4db106035f8d08ff7a6224ac95,3600,True,COMPLETED
8,240,3496625349278974976,30,2026-09-11T00:14:28,2026-09-11T00:15:40,0:0,812766_22,815054,MPdv75s,snavely-cpu-11,default_partition,15365,normal,Dependency,16G,0,s311M27AR6CH00,2026-09-11T00:15:10,COMPLETED,2026-09-10T23:36:24,120,00:00:00,s311M27AR6CH00|3496625349278974976|812766_22|2026-09-10T23:36:24|2026-09-11T00:15:10|0,fresh_k04_p2,scheduler_completed,default_fresh_3600,False,42.0,default1h_a02,,legacy_single_initial_attempt,4,True,True,/home/nc437/ladder-lite/covering_complement75_20260911_21fbecb/mip_attempts/fresh_k04_p2_cover_event_2p5_event5/default1h_a02/result.json,e90bd832a0a7dcd3693a0c2e2d42485b6be098a277b37a4e89f9e87389627b2a,3600,True,COMPLETED
8,248,3496625349392261120,31,2026-09-11T00:15:22,2026-09-11T00:16:40,0:0,812766_23,815100,MPdv75s,snavely-cpu-11,default_partition,15365,normal,Dependency,16G,0,s311M27AVJDR00,2026-09-11T00:16:09,COMPLETED,2026-09-10T23:36:24,120,00:00:00,s311M27AVJDR00|3496625349392261120|812766_23|2026-09-10T23:36:24|2026-09-11T00:16:09|0,fresh_k04_p3,scheduler_completed,default_fresh_3600,False,47.0,default1h_a02,,legacy_single_initial_attempt,4,True,True,/home/nc437/ladder-lite/covering_complement75_20260911_21fbecb/mip_attempts/fresh_k04_p3_cover_event_2p5_event5/default1h_a02/result.json,99c92607c1c621f84539054b6b76585f80b7d52d12599da6eb09f8570287a5fe,3600,True,COMPLETED
8,256,3496625349454605312,32,2026-09-11T00:19:43,2026-09-11T00:20:53,0:0,812766_24,815113,MPdv75s,unicorn-cpu-01,default_partition,15365,normal,Dependency,16G,0,s311M27AXDWB00,2026-09-11T00:20:21,COMPLETED,2026-09-10T23:36:24,120,00:00:00,s311M27AXDWB00|3496625349454605312|812766_24|2026-09-10T23:36:24|2026-09-11T00:20:21|0,fresh_k04_p4,scheduler_completed,default_fresh_3600,False,38.0,default1h_a02,,legacy_single_initial_attempt,4,True,True,/home/nc437/ladder-lite/covering_complement75_20260911_21fbecb/mip_attempts/fresh_k04_p4_cover_event_2p5_event5/default1h_a02/result.json,5b89e493caf26a2a05befc67f08378857001d604df199e82c63fc768afd68cae,3600,True,COMPLETED
8,336,3496625349717187584,42,2026-09-11T00:29:51,2026-09-11T00:31:14,0:0,812766_25,815679,MPdv75s,jingjie-cpu-12,default_partition,15365,normal,Dependency,16G,0,s311M27B589Q00,2026-09-11T00:30:32,COMPLETED,2026-09-10T23:36:24,120,00:00:00,s311M27B589Q00|3496625349717187584|812766_25|2026-09-10T23:36:24|2026-09-11T00:30:32|0,fresh_k04_p5,scheduler_completed,default_fresh_3600,False,41.0,default1h_a02,,legacy_single_initial_attempt,4,True,True,/home/nc437/ladder-lite/covering_complement75_20260911_21fbecb/mip_attempts/fresh_k04_p5_cover_event_2p5_event5/default1h_a02/result.json,4d333071611d5322d32956a45b370d9297e918238d11a81a2be36873eab3fed0,3600,True,COMPLETED
8,312,3496625350346484736,39,2026-09-11T04:38:18,2026-09-11T04:39:51,0:0,812766_26,816188,MPdv75s,jingjie-cpu-16,default_partition,15365,normal,Dependency,16G,0,s311M27BR0EB00,2026-09-11T04:39:12,COMPLETED,2026-09-10T23:36:24,120,00:00:00,s311M27BR0EB00|3496625350346484736|812766_26|2026-09-10T23:36:24|2026-09-11T04:39:12|0,fresh_k04_p6,scheduler_completed,default_fresh_3600,False,54.0,default1h_a02,,legacy_single_initial_attempt,4,True,True,/home/nc437/ladder-lite/covering_complement75_20260911_21fbecb/mip_attempts/fresh_k04_p6_cover_event_2p5_event5/default1h_a02/result.json,c61c24114a601920f8a0229fbb28e736d302a7a80999674c78c1a5cf14bc4749,3600,True,COMPLETED
8,3280,3496625350346485760,410,2026-09-11T00:46:01,2026-09-11T00:53:31,0:0,812766_27,816189,MPdv75s,unicorn-cpu-01,default_partition,15365,normal,Dependency,16G,0,s311M27BR0EC00,2026-09-11T00:46:41,COMPLETED,2026-09-10T23:36:24,120,00:00:00,s311M27BR0EC00|3496625350346485760|812766_27|2026-09-10T23:36:24|2026-09-11T00:46:41|0,fresh_k06_p1,scheduler_completed,default_fresh_3600,False,40.0,default1h_a02,,legacy_single_initial_attempt,6,True,True,/home/nc437/ladder-lite/covering_complement75_20260911_21fbecb/mip_attempts/fresh_k06_p1_cover_event_2p5_event5/default1h_a02/result.json,c9fa7142df571e6173135c4c80152906a4ca7364e168625c828f2407c022d6dc,3600,True,COMPLETED
8,5640,3496625351330513920,705,2026-09-11T04:38:28,2026-09-11T04:50:57,0:0,812766_28,817792,MPdv75s,jingjie-cpu-18,default_partition,15365,normal,Dependency,16G,0,s311M27CNAWH00,2026-09-11T04:39:12,COMPLETED,2026-09-10T23:36:24,120,00:00:00,s311M27CNAWH00|3496625351330513920|812766_28|2026-09-10T23:36:24|2026-09-11T04:39:12|0,fresh_k06_p2,scheduler_completed,default_fresh_3600,False,44.0,default1h_a02,,legacy_single_initial_attempt,7,True,True,/home/nc437/ladder-lite/covering_complement75_20260911_21fbecb/mip_attempts/fresh_k06_p2_cover_event_2p5_event5/default1h_a02/result.json,fac1aafd31d957334df7c56eefda4cdfba8933e73fa569fa2170dd837f9e22c7,3600,True,COMPLETED
8,6592,3496625351882034176,824,2026-09-11T04:38:21,2026-09-11T04:52:56,0:0,812766_29,818394,MPdv75s,jingjie-cpu-18,default_partition,15365,normal,Dependency,16G,0,s311M27D5RVK00,2026-09-11T04:39:12,COMPLETED,2026-09-10T23:36:24,120,00:00:00,s311M27D5RVK00|3496625351882034176|812766_29|2026-09-10T23:36:24|2026-09-11T04:39:12|0,fresh_k06_p3,scheduler_completed,default_fresh_3600,False,51.0,default1h_a02,,legacy_single_initial_attempt,6,True,True,/home/nc437/ladder-lite/covering_complement75_20260911_21fbecb/mip_attempts/fresh_k06_p3_cover_event_2p5_event5/default1h_a02/result.json,1f83833c5277d7ed0d40eb034b0a2e7f44449b8b670f484f395f5ea8b2f91080,3600,True,COMPLETED
8,824,3496625351882034177,103,2026-09-11T04:38:21,2026-09-11T04:40:55,0:0,812766_30,818395,MPdv75s,jingjie-cpu-17,default_partition,15365,normal,Dependency,16G,0,s311M27D5RVK01,2026-09-11T04:39:12,COMPLETED,2026-09-10T23:36:24,120,00:00:00,s311M27D5RVK01|3496625351882034177|812766_30|2026-09-10T23:36:24|2026-09-11T04:39:12|0,fresh_k06_p4,scheduler_completed,default_fresh_3600,False,51.0,default1h_a02,,legacy_single_initial_attempt,6,True,True,/home/nc437/ladder-lite/covering_complement75_20260911_21fbecb/mip_attempts/fresh_k06_p4_cover_event_2p5_event5/default1h_a02/result.json,426ece25df391d574f23db5a8c7463de55dda49f2a3945c431628b24dc6c805a,3600,True,COMPLETED
8,7696,3496625352934180864,962,2026-09-11T04:38:28,2026-09-11T04:55:14,0:0,812766_31,819862,MPdv75s,jingjie-cpu-17,default_partition,15365,normal,Dependency,16G,0,s311M27E548J00,2026-09-11T04:39:12,COMPLETED,2026-09-10T23:36:24,120,00:00:00,s311M27E548J00|3496625352934180864|812766_31|2026-09-10T23:36:24|2026-09-11T04:39:12|0,fresh_k06_p5,scheduler_completed,default_fresh_3600,False,44.0,default1h_a02,,legacy_single_initial_attempt,7,True,True,/home/nc437/ladder-lite/covering_complement75_20260911_21fbecb/mip_attempts/fresh_k06_p5_cover_event_2p5_event5/default1h_a02/result.json,fa2c005bcb4811626c9aa9fa33e0723ae82e8a4e74af438f610c3990046381fe,3600,True,COMPLETED
8,512,3496625353419055104,64,2026-09-11T04:38:21,2026-09-11T04:40:16,0:0,812766_32,820701,MPdv75s,jingjie-cpu-17,default_partition,15365,normal,Dependency,16G,0,s311M27EKJNR00,2026-09-11T04:39:12,COMPLETED,2026-09-10T23:36:24,120,00:00:00,s311M27EKJNR00|3496625353419055104|812766_32|2026-09-10T23:36:24|2026-09-11T04:39:12|0,fresh_k06_p6,scheduler_completed,default_fresh_3600,False,51.0,default1h_a02,,legacy_single_initial_attempt,6,True,True,/home/nc437/ladder-lite/covering_complement75_20260911_21fbecb/mip_attempts/fresh_k06_p6_cover_event_2p5_event5/default1h_a02/result.json,90206e02705e7d4ddad177e45ed4ef39185f321769dc66d3a24cc22f61150f26,3600,True,COMPLETED
8,29736,3496625365313907712,3717,2026-09-11T04:38:28,2026-09-11T05:41:09,0:0,812766_33,840332,MPdv75s,jingjie-cpu-19,default_partition,15365,normal,Dependency,16G,0,s311M27SP2FV00,2026-09-11T04:39:12,COMPLETED,2026-09-10T23:36:24,120,00:00:00,s311M27SP2FV00|3496625365313907712|812766_33|2026-09-10T23:36:24|2026-09-11T04:39:12|0,fresh_k07_p1,scheduler_completed,default_fresh_3600,False,44.0,default1h_a02,,legacy_single_initial_attempt,8,True,True,/home/nc437/ladder-lite/covering_complement75_20260911_21fbecb/mip_attempts/fresh_k07_p1_cover_event_2p5_event5/default1h_a02/result.json,a71ffcc229b5c9308923aeafa3174b1e1dcdc48f7acc564417ccc8142b23ff82,3600,True,COMPLETED
8,15136,3496625365315254272,1892,2026-09-11T04:38:22,2026-09-11T05:10:44,0:0,812766_34,840333,MPdv75s,jingjie-cpu-19,default_partition,15365,normal,Dependency,16G,0,s311M27SP3RY00,2026-09-11T04:39:12,COMPLETED,2026-09-10T23:36:24,120,00:00:00,s311M27SP3RY00|3496625365315254272|812766_34|2026-09-10T23:36:24|2026-09-11T04:39:12|0,fresh_k07_p2,scheduler_completed,default_fresh_3600,False,50.0,default1h_a02,,legacy_single_initial_attempt,7,True,True,/home/nc437/ladder-lite/covering_complement75_20260911_21fbecb/mip_attempts/fresh_k07_p2_cover_event_2p5_event5/default1h_a02/result.json,b946b1ac55c08683e52fac9d2084a92ea2568b0158705fefc31fa3a831f158cb,3600,True,COMPLETED
8,29240,3496625365315907584,3655,2026-09-11T04:38:21,2026-09-11T05:40:07,0:0,812766_35,840334,MPdv75s,jingjie-cpu-19,default_partition,15365,normal,Dependency,16G,0,s311M27SP4CW00,2026-09-11T04:39:12,COMPLETED,2026-09-10T23:36:24,120,00:00:00,s311M27SP4CW00|3496625365315907584|812766_35|2026-09-10T23:36:24|2026-09-11T04:39:12|0,fresh_k07_p3,scheduler_completed,default_fresh_3600,False,51.0,default1h_a02,,legacy_single_initial_attempt,8,True,True,/home/nc437/ladder-lite/covering_complement75_20260911_21fbecb/mip_attempts/fresh_k07_p3_cover_event_2p5_event5/default1h_a02/result.json,7bd75042141a6b419c5605dade6d151c8ab1e7d9d4e07c75f9579213f9b8ccd2,3600,True,COMPLETED
8,10096,3496625365317061632,1262,2026-09-11T04:38:28,2026-09-11T05:00:14,0:0,812766_36,840335,MPdv75s,jingjie-cpu-20,default_partition,15365,normal,Dependency,16G,0,s311M27SP5G300,2026-09-11T04:39:12,COMPLETED,2026-09-10T23:36:24,120,00:00:00,s311M27SP5G300|3496625365317061632|812766_36|2026-09-10T23:36:24|2026-09-11T04:39:12|0,fresh_k07_p4,scheduler_completed,default_fresh_3600,False,44.0,default1h_a02,,legacy_single_initial_attempt,8,True,True,/home/nc437/ladder-lite/covering_complement75_20260911_21fbecb/mip_attempts/fresh_k07_p4_cover_event_2p5_event5/default1h_a02/result.json,d77208ee37d9e29f211ebd9300742ac33274a3db5919711e2abf14f7f5355777,3600,True,COMPLETED
8,29528,3496625365317750784,3691,2026-09-11T04:38:28,2026-09-11T05:40:43,0:0,812766_37,840336,MPdv75s,jingjie-cpu-20,default_partition,15365,normal,Dependency,16G,0,s311M27SP65400,2026-09-11T04:39:12,COMPLETED,2026-09-10T23:36:24,120,00:00:00,s311M27SP65400|3496625365317750784|812766_37|2026-09-10T23:36:24|2026-09-11T04:39:12|0,fresh_k07_p5,scheduler_completed,default_fresh_3600,False,44.0,default1h_a02,,legacy_single_initial_attempt,8,True,True,/home/nc437/ladder-lite/covering_complement75_20260911_21fbecb/mip_attempts/fresh_k07_p5_cover_event_2p5_event5/default1h_a02/result.json,6402ae46ced4ff9d07f161f336a813df8068d94b927faa89ab57b914e0d26ff9,3600,True,COMPLETED
8,648,3496625365321957376,81,2026-09-11T04:38:28,2026-09-11T04:40:33,0:0,812766_38,840337,MPdv75s,jingjie-cpu-20,default_partition,15365,normal,Dependency,16G,0,s311M27SPA5G00,2026-09-11T04:39:12,COMPLETED,2026-09-10T23:36:24,120,00:00:00,s311M27SPA5G00|3496625365321957376|812766_38|2026-09-10T23:36:24|2026-09-11T04:39:12|0,fresh_k07_p6,scheduler_completed,default_fresh_3600,False,44.0,default1h_a02,,legacy_single_initial_attempt,7,True,True,/home/nc437/ladder-lite/covering_complement75_20260911_21fbecb/mip_attempts/fresh_k07_p6_cover_event_2p5_event5/default1h_a02/result.json,183d09da70e7116860184932b7b27ced8627b58f29df966d32ae8791185c3877,3600,True,COMPLETED
8,29944,3496625365322616832,3743,2026-09-11T04:38:28,2026-09-11T05:41:35,0:0,812766_39,840338,MPdv75s,jingjie-cpu-21,default_partition,15365,normal,Dependency,16G,0,s311M27SPASM00,2026-09-11T04:39:12,COMPLETED,2026-09-10T23:36:24,120,00:00:00,s311M27SPASM00|3496625365322616832|812766_39|2026-09-10T23:36:24|2026-09-11T04:39:12|0,fresh_k09_p1,scheduler_completed,default_fresh_3600,False,44.0,default1h_a02,,legacy_single_initial_attempt,11,True,True,/home/nc437/ladder-lite/covering_complement75_20260911_21fbecb/mip_attempts/fresh_k09_p1_cover_event_2p5_event5/default1h_a02/result.json,4e39137d0e9a73e99337a7fc3f2307de9ad139fe1a334c0105342a942731da64,3600,True,COMPLETED
8,29504,3496625365322984448,3688,2026-09-11T04:38:28,2026-09-11T05:40:40,0:0,812766_40,840339,MPdv75s,jingjie-cpu-21,default_partition,15365,normal,Dependency,16G,0,s311M27SPB4V00,2026-09-11T04:39:12,COMPLETED,2026-09-10T23:36:24,120,00:00:00,s311M27SPB4V00|3496625365322984448|812766_40|2026-09-10T23:36:24|2026-09-11T04:39:12|0,fresh_k09_p2,scheduler_completed,default_fresh_3600,False,44.0,default1h_a02,,legacy_single_initial_attempt,11,True,True,/home/nc437/ladder-lite/covering_complement75_20260911_21fbecb/mip_attempts/fresh_k09_p2_cover_event_2p5_event5/default1h_a02/result.json,024ec9f5b5d9c2f008302ea1d15093f37f4341e99ef389ae4f3d66f603a97ce4,3600,True,COMPLETED
8,29360,3496625365324087296,3670,2026-09-11T04:38:21,2026-09-11T05:40:22,0:0,812766_41,840340,MPdv75s,jingjie-cpu-21,default_partition,15365,normal,Dependency,16G,0,s311M27SPC6G00,2026-09-11T04:39:12,COMPLETED,2026-09-10T23:36:24,120,00:00:00,s311M27SPC6G00|3496625365324087296|812766_41|2026-09-10T23:36:24|2026-09-11T04:39:12|0,fresh_k09_p3,scheduler_completed,default_fresh_3600,False,51.0,default1h_a02,,legacy_single_initial_attempt,11,True,True,/home/nc437/ladder-lite/covering_complement75_20260911_21fbecb/mip_attempts/fresh_k09_p3_cover_event_2p5_event5/default1h_a02/result.json,43e57e548fb8eae7c5df139fb9453067dcfd64350b27b267befc3721f337439c,3600,True,COMPLETED
8,29504,3496625365325615104,3688,2026-09-11T04:38:28,2026-09-11T05:40:40,0:0,812766_42,840341,MPdv75s,cliprelabs-cpu-01,default_partition,15365,normal,Dependency,16G,0,s311M27SPDN400,2026-09-11T04:39:12,COMPLETED,2026-09-10T23:36:24,120,00:00:00,s311M27SPDN400|3496625365325615104|812766_42|2026-09-10T23:36:24|2026-09-11T04:39:12|0,fresh_k09_p4,scheduler_completed,default_fresh_3600,False,44.0,default1h_a02,,legacy_single_initial_attempt,10,True,True,/home/nc437/ladder-lite/covering_complement75_20260911_21fbecb/mip_attempts/fresh_k09_p4_cover_event_2p5_event5/default1h_a02/result.json,58c79bb61ca4df540a5aeda103afb1fd7b94e2b040990a1c17b97e5f9f1a847f,3600,True,COMPLETED
8,29400,3496625365326148608,3675,2026-09-11T04:38:28,2026-09-11T05:40:27,0:0,812766_43,840342,MPdv75s,dean-cpu-01,default_partition,15365,normal,Dependency,16G,0,s311M27SPE5D00,2026-09-11T04:39:12,COMPLETED,2026-09-10T23:36:24,120,00:00:00,s311M27SPE5D00|3496625365326148608|812766_43|2026-09-10T23:36:24|2026-09-11T04:39:12|0,fresh_k09_p5,scheduler_completed,default_fresh_3600,False,44.0,default1h_a02,,legacy_single_initial_attempt,10,True,True,/home/nc437/ladder-lite/covering_complement75_20260911_21fbecb/mip_attempts/fresh_k09_p5_cover_event_2p5_event5/default1h_a02/result.json,49a61fd2ca1b965fd32958d1ccf7ca09965d05979d587203ef6508c8b98840de,3600,True,COMPLETED
8,29416,3496625347008564224,3677,2026-09-11T04:38:22,2026-09-11T05:40:29,0:0,812766_44,812766,MPdv75s,cyu-cpu-01,default_partition,15365,normal,Dependency,16G,0,s311M278MH5300,2026-09-11T04:39:12,COMPLETED,2026-09-10T23:36:24,120,00:00:00,s311M278MH5300|3496625347008564224|812766_44|2026-09-10T23:36:24|2026-09-11T04:39:12|0,fresh_k09_p6,scheduler_completed,default_fresh_3600,False,50.0,default1h_a02,,legacy_single_initial_attempt,10,True,True,/home/nc437/ladder-lite/covering_complement75_20260911_21fbecb/mip_attempts/fresh_k09_p6_cover_event_2p5_event5/default1h_a02/result.json,bc7260e95510f9c15bc0f6c852a31f2c736b519f59a8c49a1d921f67eaad70c9,3600,True,COMPLETED
8,29896,3496625347010838530,3737,2026-09-11T04:38:28,2026-09-11T05:41:29,0:0,812767_45,812779,MPdv75l,cyu-cpu-01,default_partition,15365,normal,Dependency,32G,0,s311M278MKAG02,2026-09-11T04:39:12,COMPLETED,2026-09-10T23:36:24,120,00:00:00,s311M278MKAG02|3496625347010838530|812767_45|2026-09-10T23:36:24|2026-09-11T04:39:12|0,fresh_k11_p1,scheduler_completed,default_fresh_3600,False,44.0,default1h_a02,,legacy_single_initial_attempt,13,True,True,/home/nc437/ladder-lite/covering_complement75_20260911_21fbecb/mip_attempts/fresh_k11_p1_cover_event_2p5_event5/default1h_a02/result.json,e1382c8febbcccea6d855d70e8c7ff66f9316960113c57ab890b035c5aace6f6,3600,True,COMPLETED
8,29520,3496625347010838531,3690,2026-09-11T04:38:28,2026-09-11T05:40:42,0:0,812767_46,812780,MPdv75l,cyu-cpu-01,default_partition,15365,normal,Dependency,32G,0,s311M278MKAG03,2026-09-11T04:39:12,COMPLETED,2026-09-10T23:36:24,120,00:00:00,s311M278MKAG03|3496625347010838531|812767_46|2026-09-10T23:36:24|2026-09-11T04:39:12|0,fresh_k11_p2,scheduler_completed,default_fresh_3600,False,44.0,default1h_a02,,legacy_single_initial_attempt,12,True,True,/home/nc437/ladder-lite/covering_complement75_20260911_21fbecb/mip_attempts/fresh_k11_p2_cover_event_2p5_event5/default1h_a02/result.json,a59c5d3b7fdd0d4858d50a583d3c286039d037086225ed9132ec26671f006878,3600,True,COMPLETED
8,29312,3496625347010839552,3664,2026-09-11T04:38:21,2026-09-11T05:40:16,0:0,812767_47,812781,MPdv75l,lin-cpu-01,default_partition,15365,normal,Dependency,32G,0,s311M278MKAH00,2026-09-11T04:39:12,COMPLETED,2026-09-10T23:36:24,120,00:00:00,s311M278MKAH00|3496625347010839552|812767_47|2026-09-10T23:36:24|2026-09-11T04:39:12|0,fresh_k11_p3,scheduler_completed,default_fresh_3600,False,51.0,default1h_a02,,legacy_single_initial_attempt,13,True,True,/home/nc437/ladder-lite/covering_complement75_20260911_21fbecb/mip_attempts/fresh_k11_p3_cover_event_2p5_event5/default1h_a02/result.json,d80e9874b7b27a86717f62b54b9223b77ad59be37ce4e6f35e48ba13e7f60312,3600,True,COMPLETED
8,29904,3496625347010839553,3738,2026-09-11T04:40:02,2026-09-11T05:42:30,0:0,812767_48,812782,MPdv75l,jingjie-cpu-18,default_partition,15365,normal,Dependency,32G,0,s311M278MKAH01,2026-09-11T04:40:12,COMPLETED,2026-09-10T23:36:24,120,00:00:00,s311M278MKAH01|3496625347010839553|812767_48|2026-09-10T23:36:24|2026-09-11T04:40:12|0,fresh_k11_p4,scheduler_completed,default_fresh_3600,False,10.0,default1h_a02,,legacy_single_initial_attempt,13,True,True,/home/nc437/ladder-lite/covering_complement75_20260911_21fbecb/mip_attempts/fresh_k11_p4_cover_event_2p5_event5/default1h_a02/result.json,4a000c683c626ca1e99b66349613c324d567eaddba85c8a3f2af6e3c1ccb0949,3600,True,COMPLETED
8,29832,3496625347010839554,3729,2026-09-11T04:40:02,2026-09-11T05:42:21,0:0,812767_49,812783,MPdv75l,jingjie-cpu-20,default_partition,15365,normal,Dependency,32G,0,s311M278MKAH02,2026-09-11T04:40:12,COMPLETED,2026-09-10T23:36:24,120,00:00:00,s311M278MKAH02|3496625347010839554|812767_49|2026-09-10T23:36:24|2026-09-11T04:40:12|0,fresh_k11_p5,scheduler_completed,default_fresh_3600,False,10.0,default1h_a02,,legacy_single_initial_attempt,12,True,True,/home/nc437/ladder-lite/covering_complement75_20260911_21fbecb/mip_attempts/fresh_k11_p5_cover_event_2p5_event5/default1h_a02/result.json,fcf7167a39c25b27cb17f6f197a588cb8bd4a39fee367e94c5b669316aadcb87,3600,True,COMPLETED
8,29416,3496625347010839555,3677,2026-09-11T04:40:02,2026-09-11T05:41:29,0:0,812767_50,812784,MPdv75l,jingjie-cpu-21,default_partition,15365,normal,Dependency,32G,0,s311M278MKAH03,2026-09-11T04:40:12,COMPLETED,2026-09-10T23:36:24,120,00:00:00,s311M278MKAH03|3496625347010839555|812767_50|2026-09-10T23:36:24|2026-09-11T04:40:12|0,fresh_k11_p6,scheduler_completed,default_fresh_3600,False,10.0,default1h_a02,,legacy_single_initial_attempt,12,True,True,/home/nc437/ladder-lite/covering_complement75_20260911_21fbecb/mip_attempts/fresh_k11_p6_cover_event_2p5_event5/default1h_a02/result.json,b14120ba6267ee6fa6aa8a67ab5f69778a33f74af489d170d9acc49f4221bc93,3600,True,COMPLETED
8,30032,3496625347010840576,3754,2026-09-11T04:40:02,2026-09-11T05:42:46,0:0,812767_51,812785,MPdv75l,jingjie-cpu-14,default_partition,15365,normal,Dependency,32G,0,s311M278MKAJ00,2026-09-11T04:40:12,COMPLETED,2026-09-10T23:36:24,120,00:00:00,s311M278MKAJ00|3496625347010840576|812767_51|2026-09-10T23:36:24|2026-09-11T04:40:12|0,fresh_k12_p1,scheduler_completed,default_fresh_3600,False,10.0,default1h_a02,,legacy_single_initial_attempt,14,True,True,/home/nc437/ladder-lite/covering_complement75_20260911_21fbecb/mip_attempts/fresh_k12_p1_cover_event_2p5_event5/default1h_a02/result.json,b6276cdc8339bfa3ee5a4fbf402de17073bc540d43287f25651c26616f3df691,3600,True,COMPLETED
8,29632,3496625347010840577,3704,2026-09-11T04:40:02,2026-09-11T05:41:56,0:0,812767_52,812786,MPdv75l,jingjie-cpu-14,default_partition,15365,normal,Dependency,32G,0,s311M278MKAJ01,2026-09-11T04:40:12,COMPLETED,2026-09-10T23:36:24,120,00:00:00,s311M278MKAJ01|3496625347010840577|812767_52|2026-09-10T23:36:24|2026-09-11T04:40:12|0,fresh_k12_p2,scheduler_completed,default_fresh_3600,False,10.0,default1h_a02,,legacy_single_initial_attempt,13,True,True,/home/nc437/ladder-lite/covering_complement75_20260911_21fbecb/mip_attempts/fresh_k12_p2_cover_event_2p5_event5/default1h_a02/result.json,05b3d6057edd8600e8e79ed0fbfc605169dae49a5b926d93dc3eac83c38978da,3600,True,COMPLETED
8,29464,3496625347010840578,3683,2026-09-11T04:40:02,2026-09-11T05:41:35,0:0,812767_53,812787,MPdv75l,jingjie-cpu-14,default_partition,15365,normal,Dependency,32G,0,s311M278MKAJ02,2026-09-11T04:40:12,COMPLETED,2026-09-10T23:36:24,120,00:00:00,s311M278MKAJ02|3496625347010840578|812767_53|2026-09-10T23:36:24|2026-09-11T04:40:12|0,fresh_k12_p3,scheduler_completed,default_fresh_3600,False,10.0,default1h_a02,,legacy_single_initial_attempt,14,True,True,/home/nc437/ladder-lite/covering_complement75_20260911_21fbecb/mip_attempts/fresh_k12_p3_cover_event_2p5_event5/default1h_a02/result.json,8f5f3398b1a8a46f4106fb94729045d88709e58557c6d6f0656285d7d5f5aa9b,3600,True,COMPLETED
8,30072,3496625347010840579,3759,2026-09-11T04:40:02,2026-09-11T05:42:51,0:0,812767_54,812788,MPdv75l,jingjie-cpu-16,default_partition,15365,normal,Dependency,32G,0,s311M278MKAJ03,2026-09-11T04:40:12,COMPLETED,2026-09-10T23:36:24,120,00:00:00,s311M278MKAJ03|3496625347010840579|812767_54|2026-09-10T23:36:24|2026-09-11T04:40:12|0,fresh_k12_p4,scheduler_completed,default_fresh_3600,False,10.0,default1h_a02,,legacy_single_initial_attempt,14,True,True,/home/nc437/ladder-lite/covering_complement75_20260911_21fbecb/mip_attempts/fresh_k12_p4_cover_event_2p5_event5/default1h_a02/result.json,9bb04b33c069bdc9f789b31c32a2139903b830bceb66d1822d8c4a898f150e31,3600,True,COMPLETED
8,29968,3496625365337447424,3746,2026-09-11T04:40:02,2026-09-11T05:42:38,0:0,812767_55,840343,MPdv75l,jingjie-cpu-16,default_partition,15365,normal,Dependency,32G,0,s311M27SPRY700,2026-09-11T04:40:12,COMPLETED,2026-09-10T23:36:24,120,00:00:00,s311M27SPRY700|3496625365337447424|812767_55|2026-09-10T23:36:24|2026-09-11T04:40:12|0,fresh_k12_p5,scheduler_completed,default_fresh_3600,False,10.0,default1h_a02,,legacy_single_initial_attempt,13,True,True,/home/nc437/ladder-lite/covering_complement75_20260911_21fbecb/mip_attempts/fresh_k12_p5_cover_event_2p5_event5/default1h_a02/result.json,9c2a1047a155b2801d0385a8136be6420b868c03ac33eb457c8ff4b84155a439,3600,True,COMPLETED
8,29808,3496625365338262528,3726,2026-09-11T04:40:02,2026-09-11T05:42:18,0:0,812767_56,840344,MPdv75l,jingjie-cpu-16,default_partition,15365,normal,Dependency,32G,0,s311M27SPSQ300,2026-09-11T04:40:12,COMPLETED,2026-09-10T23:36:24,120,00:00:00,s311M27SPSQ300|3496625365338262528|812767_56|2026-09-10T23:36:24|2026-09-11T04:40:12|0,fresh_k12_p6,scheduler_completed,default_fresh_3600,False,10.0,default1h_a02,,legacy_single_initial_attempt,14,True,True,/home/nc437/ladder-lite/covering_complement75_20260911_21fbecb/mip_attempts/fresh_k12_p6_cover_event_2p5_event5/default1h_a02/result.json,40b38a09557ec70ee51cefabead6e3b81a92bc6c3b6836e531f82e02653010da,3600,True,COMPLETED
8,29904,3496625365338888192,3738,2026-09-11T04:40:02,2026-09-11T05:42:30,0:0,812767_57,840345,MPdv75l,cyu-cpu-01,default_partition,15365,normal,Dependency,32G,0,s311M27SPTA600,2026-09-11T04:40:12,COMPLETED,2026-09-10T23:36:24,120,00:00:00,s311M27SPTA600|3496625365338888192|812767_57|2026-09-10T23:36:24|2026-09-11T04:40:12|0,fresh_k13_p1,scheduler_completed,default_fresh_3600,False,10.0,default1h_a02,,legacy_single_initial_attempt,15,True,True,/home/nc437/ladder-lite/covering_complement75_20260911_21fbecb/mip_attempts/fresh_k13_p1_cover_event_2p5_event5/default1h_a02/result.json,81fb28abe5234172f3b55880375f80255673b41d74cb1ae3aac957d2a5df5903,3600,True,COMPLETED
8,29320,3496625365339422720,3665,2026-09-11T04:40:02,2026-09-11T05:41:17,0:0,812767_58,840346,MPdv75l,lin-cpu-01,default_partition,15365,normal,Dependency,32G,0,s311M27SPTTG00,2026-09-11T04:40:12,COMPLETED,2026-09-10T23:36:24,120,00:00:00,s311M27SPTTG00|3496625365339422720|812767_58|2026-09-10T23:36:24|2026-09-11T04:40:12|0,fresh_k13_p2,scheduler_completed,default_fresh_3600,False,10.0,default1h_a02,,legacy_single_initial_attempt,15,True,True,/home/nc437/ladder-lite/covering_complement75_20260911_21fbecb/mip_attempts/fresh_k13_p2_cover_event_2p5_event5/default1h_a02/result.json,d0c18e999e17e9495c5ecc11463f992667ac073df7d3d36dee55c7b38e553f6b,3600,True,COMPLETED
8,29448,3496625365340223488,3681,2026-09-11T04:40:02,2026-09-11T05:41:33,0:0,812767_59,840347,MPdv75l,sablab-cpu-01,default_partition,15365,normal,Dependency,32G,0,s311M27SPVJY00,2026-09-11T04:40:12,COMPLETED,2026-09-10T23:36:24,120,00:00:00,s311M27SPVJY00|3496625365340223488|812767_59|2026-09-10T23:36:24|2026-09-11T04:40:12|0,fresh_k13_p3,scheduler_completed,default_fresh_3600,False,10.0,default1h_a02,,legacy_single_initial_attempt,15,True,True,/home/nc437/ladder-lite/covering_complement75_20260911_21fbecb/mip_attempts/fresh_k13_p3_cover_event_2p5_event5/default1h_a02/result.json,526309734d6499fbd38d402e1a0baedf3dc2facb27bf52a4de053ee4e04fed12,3600,True,COMPLETED
8,29848,3496625365341115392,3731,2026-09-11T04:40:02,2026-09-11T05:42:23,0:0,812767_60,840348,MPdv75l,sablab-cpu-01,default_partition,15365,normal,Dependency,32G,0,s311M27SPWE500,2026-09-11T04:40:12,COMPLETED,2026-09-10T23:36:24,120,00:00:00,s311M27SPWE500|3496625365341115392|812767_60|2026-09-10T23:36:24|2026-09-11T04:40:12|0,fresh_k13_p4,scheduler_completed,default_fresh_3600,False,10.0,default1h_a02,,legacy_single_initial_attempt,15,True,True,/home/nc437/ladder-lite/covering_complement75_20260911_21fbecb/mip_attempts/fresh_k13_p4_cover_event_2p5_event5/default1h_a02/result.json,5cc326f92c6d54bc24ca0f075ec621ac4d0608defc89d0443d2cd77dd1cb1dec,3600,True,COMPLETED
8,29792,3496625365342486528,3724,2026-09-11T04:40:02,2026-09-11T05:42:16,0:0,812767_61,840349,MPdv75l,sablab-cpu-01,default_partition,15365,normal,Dependency,32G,0,s311M27SPXR000,2026-09-11T04:40:12,COMPLETED,2026-09-10T23:36:24,120,00:00:00,s311M27SPXR000|3496625365342486528|812767_61|2026-09-10T23:36:24|2026-09-11T04:40:12|0,fresh_k13_p5,scheduler_completed,default_fresh_3600,False,10.0,default1h_a02,,legacy_single_initial_attempt,14,True,True,/home/nc437/ladder-lite/covering_complement75_20260911_21fbecb/mip_attempts/fresh_k13_p5_cover_event_2p5_event5/default1h_a02/result.json,6a5f5cc4e5d097a6bb3bdefe1f5340a43e9a9ae2364e07dbc1e3ecf626a47786,3600,True,COMPLETED
8,30128,3496625365343636480,3766,2026-09-11T04:40:02,2026-09-11T05:44:00,0:0,812767_62,840350,MPdv75l,jingjie-cpu-20,default_partition,15365,normal,Dependency,32G,0,s311M27SPYV300,2026-09-11T04:41:14,COMPLETED,2026-09-10T23:36:24,120,00:00:00,s311M27SPYV300|3496625365343636480|812767_62|2026-09-10T23:36:24|2026-09-11T04:41:14|0,fresh_k13_p6,scheduler_completed,default_fresh_3600,False,72.0,default1h_a02,,legacy_single_initial_attempt,15,True,True,/home/nc437/ladder-lite/covering_complement75_20260911_21fbecb/mip_attempts/fresh_k13_p6_cover_event_2p5_event5/default1h_a02/result.json,73e0dd7c8e65d13afb2851ed99564f24851f10925829ed32863aefd816dd4293,3600,True,COMPLETED
8,30008,3496625365345038336,3751,2026-09-11T04:40:02,2026-09-11T05:43:45,0:0,812767_63,840351,MPdv75l,jingjie-cpu-16,default_partition,15365,normal,Dependency,32G,0,s311M27SQ05W00,2026-09-11T04:41:14,COMPLETED,2026-09-10T23:36:24,120,00:00:00,s311M27SQ05W00|3496625365345038336|812767_63|2026-09-10T23:36:24|2026-09-11T04:41:14|0,fresh_k14_p1,scheduler_completed,default_fresh_3600,False,72.0,default1h_a02,,legacy_single_initial_attempt,17,True,True,/home/nc437/ladder-lite/covering_complement75_20260911_21fbecb/mip_attempts/fresh_k14_p1_cover_event_2p5_event5/default1h_a02/result.json,0266983858957dc07a2130c72291ce1b26d07a920ef225412f854ca4352c3581,3600,True,COMPLETED
8,30064,3496625365345570816,3758,2026-09-11T04:40:02,2026-09-11T05:43:52,0:0,812767_64,840352,MPdv75l,jingjie-cpu-15,default_partition,15365,normal,Dependency,32G,0,s311M27SQ0P400,2026-09-11T04:41:14,COMPLETED,2026-09-10T23:36:24,120,00:00:00,s311M27SQ0P400|3496625365345570816|812767_64|2026-09-10T23:36:24|2026-09-11T04:41:14|0,fresh_k14_p2,scheduler_completed,default_fresh_3600,False,72.0,default1h_a02,,legacy_single_initial_attempt,17,True,True,/home/nc437/ladder-lite/covering_complement75_20260911_21fbecb/mip_attempts/fresh_k14_p2_cover_event_2p5_event5/default1h_a02/result.json,c10f63a0b1441809ab0122598d3e9bbba943a44cb05257dd35bef8c83c12eaec,3600,True,COMPLETED
8,29688,3496625365346043904,3711,2026-09-11T05:34:13,2026-09-11T06:36:10,0:0,812767_65,840353,MPdv75l,jingjie-cpu-13,default_partition,15367,normal,JobArrayTaskLimit,32G,0,s311M27SQ14J00,2026-09-11T05:34:19,COMPLETED,2026-09-10T23:36:24,120,00:00:00,s311M27SQ14J00|3496625365346043904|812767_65|2026-09-10T23:36:24|2026-09-11T05:34:19|0,fresh_k14_p3,scheduler_completed,default_fresh_3600,False,6.0,default1h_a02,,legacy_single_initial_attempt,16,True,True,/home/nc437/ladder-lite/covering_complement75_20260911_21fbecb/mip_attempts/fresh_k14_p3_cover_event_2p5_event5/default1h_a02/result.json,47bc66f8ca7a7bc5b850af8314599a3004e3dfd72fca7c36e5bf8fed277dccdb,3600,True,COMPLETED
8,30344,3496625365346844672,3793,2026-09-11T05:34:13,2026-09-11T06:37:32,0:0,812767_66,840354,MPdv75l,jingjie-cpu-09,default_partition,15367,normal,JobArrayTaskLimit,32G,0,s311M27SQ1X000,2026-09-11T05:34:19,COMPLETED,2026-09-10T23:36:24,120,00:00:00,s311M27SQ1X000|3496625365346844672|812767_66|2026-09-10T23:36:24|2026-09-11T05:34:19|0,fresh_k14_p4,scheduler_completed,default_fresh_3600,False,6.0,default1h_a02,,legacy_single_initial_attempt,18,True,True,/home/nc437/ladder-lite/covering_complement75_20260911_21fbecb/mip_attempts/fresh_k14_p4_cover_event_2p5_event5/default1h_a02/result.json,8f007ee2a0805a98d7c0b477f412ea6f83ce672863fcdbee39ad52e32ed64a93,3600,True,COMPLETED
8,30064,3496625365349124096,3758,2026-09-11T05:34:13,2026-09-11T06:36:57,0:0,812767_67,840355,MPdv75l,jingjie-cpu-09,default_partition,15367,normal,JobArrayTaskLimit,32G,0,s311M27SQ42J00,2026-09-11T05:34:19,COMPLETED,2026-09-10T23:36:24,120,00:00:00,s311M27SQ42J00|3496625365349124096|812767_67|2026-09-10T23:36:24|2026-09-11T05:34:19|0,fresh_k14_p5,scheduler_completed,default_fresh_3600,False,6.0,default1h_a02,,legacy_single_initial_attempt,16,True,True,/home/nc437/ladder-lite/covering_complement75_20260911_21fbecb/mip_attempts/fresh_k14_p5_cover_event_2p5_event5/default1h_a02/result.json,a6dbad3edcce4e79fcc878dcfe835588dcb76bba147db1bb92896a5a4ffdc2d8,3600,True,COMPLETED
8,30112,3496625365349806080,3764,2026-09-11T05:34:13,2026-09-11T06:37:03,0:0,812767_68,840356,MPdv75l,jingjie-cpu-09,default_partition,15367,normal,JobArrayTaskLimit,32G,0,s311M27SQ4QC00,2026-09-11T05:34:19,COMPLETED,2026-09-10T23:36:24,120,00:00:00,s311M27SQ4QC00|3496625365349806080|812767_68|2026-09-10T23:36:24|2026-09-11T05:34:19|0,fresh_k14_p6,scheduler_completed,default_fresh_3600,False,6.0,default1h_a02,,legacy_single_initial_attempt,17,True,True,/home/nc437/ladder-lite/covering_complement75_20260911_21fbecb/mip_attempts/fresh_k14_p6_cover_event_2p5_event5/default1h_a02/result.json,1764cfed65a00a34d71aae94293de445973811268d87fcfe4366bf99c375ea5c,3600,True,COMPLETED
8,30632,3496625365351386112,3829,2026-09-11T05:34:13,2026-09-11T06:38:08,0:0,812767_69,840357,MPdv75l,jingjie-cpu-09,default_partition,15367,normal,JobArrayTaskLimit,32G,0,s311M27SQ67K00,2026-09-11T05:34:19,COMPLETED,2026-09-10T23:36:24,120,00:00:00,s311M27SQ67K00|3496625365351386112|812767_69|2026-09-10T23:36:24|2026-09-11T05:34:19|0,fresh_k15_p1,scheduler_completed,default_fresh_3600,False,6.0,default1h_a02,,legacy_single_initial_attempt,18,True,True,/home/nc437/ladder-lite/covering_complement75_20260911_21fbecb/mip_attempts/fresh_k15_p1_cover_event_2p5_event5/default1h_a02/result.json,89abd72c69506659d4ab521b053f9149b4124fc916e8b672d15c4d9cae15c35b,3600,True,COMPLETED
8,30248,3496625365351924736,3781,2026-09-11T05:34:13,2026-09-11T06:37:20,0:0,812767_70,840358,MPdv75l,jingjie-cpu-10,default_partition,15367,normal,JobArrayTaskLimit,32G,0,s311M27SQ6R100,2026-09-11T05:34:19,COMPLETED,2026-09-10T23:36:24,120,00:00:00,s311M27SQ6R100|3496625365351924736|812767_70|2026-09-10T23:36:24|2026-09-11T05:34:19|0,fresh_k15_p2,scheduler_completed,default_fresh_3600,False,6.0,default1h_a02,,legacy_single_initial_attempt,17,True,True,/home/nc437/ladder-lite/covering_complement75_20260911_21fbecb/mip_attempts/fresh_k15_p2_cover_event_2p5_event5/default1h_a02/result.json,3e75555fda1abc8cb0e2557c380c497079b08aae956ecd51f6b4a994926e2dd1,3600,True,COMPLETED
8,29600,3496625365352740864,3700,2026-09-11T05:34:13,2026-09-11T06:35:59,0:0,812767_71,840359,MPdv75l,jingjie-cpu-10,default_partition,15367,normal,JobArrayTaskLimit,32G,0,s311M27SQ7GY00,2026-09-11T05:34:19,COMPLETED,2026-09-10T23:36:24,120,00:00:00,s311M27SQ7GY00|3496625365352740864|812767_71|2026-09-10T23:36:24|2026-09-11T05:34:19|0,fresh_k15_p3,scheduler_completed,default_fresh_3600,False,6.0,default1h_a02,,legacy_single_initial_attempt,18,True,True,/home/nc437/ladder-lite/covering_complement75_20260911_21fbecb/mip_attempts/fresh_k15_p3_cover_event_2p5_event5/default1h_a02/result.json,1f0123d8f869bad04a08b252d4923a19fd637e2f75aeca66b4a0dea270e7ea95,3600,True,COMPLETED
8,30792,3496625365356404736,3849,2026-09-11T06:14:57,2026-09-11T07:19:35,0:0,812767_72,840360,MPdv75l,unicorn-cpu-01,default_partition,15365,normal,Dependency,32G,0,s311M27SQB0R00,2026-09-11T06:15:26,COMPLETED,2026-09-10T23:36:24,120,00:00:00,s311M27SQB0R00|3496625365356404736|812767_72|2026-09-10T23:36:24|2026-09-11T06:15:26|0,fresh_k15_p4,scheduler_completed,default_fresh_3600,False,29.0,default1h_a02,,legacy_single_initial_attempt,19,True,True,/home/nc437/ladder-lite/covering_complement75_20260911_21fbecb/mip_attempts/fresh_k15_p4_cover_event_2p5_event5/default1h_a02/result.json,f95143fb7509a37d76fe844e3f495aa30cc6cb482cb8cb348e16a678bdb2f38f,3600,True,COMPLETED
8,30360,3496625365357036544,3795,2026-09-11T05:34:13,2026-09-11T06:37:34,0:0,812767_73,840361,MPdv75l,jingjie-cpu-10,default_partition,15365,normal,JobArrayTaskLimit,32G,0,s311M27SQBM100,2026-09-11T05:34:19,COMPLETED,2026-09-10T23:36:24,120,00:00:00,s311M27SQBM100|3496625365357036544|812767_73|2026-09-10T23:36:24|2026-09-11T05:34:19|0,fresh_k15_p5,scheduler_completed,default_fresh_3600,False,6.0,default1h_a02,,legacy_single_initial_attempt,16,True,True,/home/nc437/ladder-lite/covering_complement75_20260911_21fbecb/mip_attempts/fresh_k15_p5_cover_event_2p5_event5/default1h_a02/result.json,a5351211d07078e36f170138b39972e111a31cef93516f7918fb63aa7157fa65,3600,True,COMPLETED
8,30584,3496625347008795648,3823,2026-09-11T05:52:28,2026-09-11T06:57:09,0:0,812767_74,812767,MPdv75l,unicorn-cpu-87,default_partition,15365,normal,Dependency,32G,0,s311M278MHC500,2026-09-11T05:53:26,COMPLETED,2026-09-10T23:36:24,120,00:00:00,s311M278MHC500|3496625347008795648|812767_74|2026-09-10T23:36:24|2026-09-11T05:53:26|0,fresh_k15_p6,scheduler_completed,default_fresh_3600,False,58.0,default1h_a02,,legacy_single_initial_attempt,19,True,True,/home/nc437/ladder-lite/covering_complement75_20260911_21fbecb/mip_attempts/fresh_k15_p6_cover_event_2p5_event5/default1h_a02/result.json,f424518dba57d8fba847ec267e9a66d3896df71d7c0bf3536ace1a4fadfb5f31,3600,True,COMPLETED
8,29112,3496625437753590784,3639,2026-09-12T01:07:24,2026-09-12T02:08:04,0:0,949636,949636,Mw1_k07,unicorn-cpu-01,default_partition,15366,normal,Dependency,24G,0,s311M29X4YBH00,2026-09-12T01:07:25,COMPLETED,2026-09-12T00:13:22,120,00:00:00,s311M29X4YBH00|3496625437753590784|949636|2026-09-12T00:13:22|2026-09-12T01:07:25|0,w1_k07,scheduler_completed,default_overnight_extension_3600,False,1.0,slurm_restart_specific_outputs,,legacy_single_initial_attempt,8,True,True,/home/nc437/ladder-lite/overnight_extension_20260912/cases/w1_k07/mip_result.json,03ecba5f3a68719055bee5a360c539c3375729f9e1151453e383ad2465a922b2,3600,True,COMPLETED
8,29080,3496625437753940992,3635,2026-09-12T01:57:08,2026-09-12T02:58:08,0:0,949638,949638,Mw1_k08,sonic-cpu-01,default_partition,15366,normal,Dependency,24G,0,s311M29X4YP700,2026-09-12T01:57:33,COMPLETED,2026-09-12T00:13:22,120,00:00:00,s311M29X4YP700|3496625437753940992|949638|2026-09-12T00:13:22|2026-09-12T01:57:33|0,w1_k08,scheduler_completed,default_overnight_extension_3600,False,25.0,slurm_restart_specific_outputs,,legacy_single_initial_attempt,9,True,True,/home/nc437/ladder-lite/overnight_extension_20260912/cases/w1_k08/mip_result.json,8e0a934dac978e7e23e06d3ef215bfffd8685a70c0d73407c25ebe67d9983416,3600,True,COMPLETED
8,288,3496625437753133056,36,2026-09-12T00:41:23,2026-09-12T00:42:00,0:0,949624_0,949625,dec40MIP,sonic-cpu-01,default_partition,15366,normal,Dependency,16G,0,s311M29X4XXJ00,2026-09-12T00:41:24,COMPLETED,2026-09-12T00:13:22,120,00:00:00,s311M29X4XXJ00|3496625437753133056|949624_0|2026-09-12T00:13:22|2026-09-12T00:41:24|0,d00_g0,scheduler_completed,default_overnight_extension_3600,False,1.0,slurm_restart_specific_outputs,,legacy_single_initial_attempt,8,True,True,/home/nc437/ladder-lite/overnight_extension_20260912/cases/d00_g0/mip_result.json,e687e6c019a0aa9d93b8eeca14d689e67ef5e726da8c86f6f4da73d061e3ea5f,3600,True,COMPLETED
8,864,3496625437753134080,108,2026-09-12T01:05:59,2026-09-12T01:08:12,0:0,949624_1,949626,dec40MIP,unicorn-cpu-01,default_partition,15366,normal,Dependency,16G,0,s311M29X4XXK00,2026-09-12T01:06:24,COMPLETED,2026-09-12T00:13:22,120,00:00:00,s311M29X4XXK00|3496625437753134080|949624_1|2026-09-12T00:13:22|2026-09-12T01:06:24|0,d00_g1,scheduler_completed,default_overnight_extension_3600,False,25.0,slurm_restart_specific_outputs,,legacy_single_initial_attempt,8,True,True,/home/nc437/ladder-lite/overnight_extension_20260912/cases/d00_g1/mip_result.json,627a39ccc429b8dfdf93a92d89ee7553fb1df5cf2258e8b4c63fc9389292f6b6,3600,True,COMPLETED
8,29144,3496625437753134081,3643,2026-09-12T03:28:38,2026-09-12T04:29:21,0:0,949624_2,949627,dec40MIP,unicorn-cpu-74,default_partition,15366,normal,Dependency,16G,0,s311M29X4XXK01,2026-09-12T03:28:38,COMPLETED,2026-09-12T00:13:22,120,00:00:00,s311M29X4XXK01|3496625437753134081|949624_2|2026-09-12T00:13:22|2026-09-12T03:28:38|0,d00_g2,scheduler_completed,default_overnight_extension_3600,False,0.0,slurm_restart_specific_outputs,,legacy_single_initial_attempt,9,True,True,/home/nc437/ladder-lite/overnight_extension_20260912/cases/d00_g2/mip_result.json,942fd8036678823d92508e8dc7f5facb6022a8f773ec4d892ca4c984c934b1a7,3600,True,COMPLETED
8,29216,3496625437753135105,3652,2026-09-12T02:36:31,2026-09-12T03:37:27,0:0,949624_4,949629,dec40MIP,sonic-cpu-02,default_partition,15366,normal,Dependency,16G,0,s311M29X4XXM01,2026-09-12T02:36:35,COMPLETED,2026-09-12T00:13:22,120,00:00:00,s311M29X4XXM01|3496625437753135105|949624_4|2026-09-12T00:13:22|2026-09-12T02:36:35|0,d01_g0,scheduler_completed,default_overnight_extension_3600,False,4.0,slurm_restart_specific_outputs,,legacy_single_initial_attempt,9,True,True,/home/nc437/ladder-lite/overnight_extension_20260912/cases/d01_g0/mip_result.json,7ceaed548cf2312671af6766213e7798cb567e2427c620976f8b3bda065cd790,3600,True,COMPLETED
8,29456,3496625437753135106,3682,2026-09-12T02:51:53,2026-09-12T03:53:58,0:0,949624_5,949630,dec40MIP,snavely-cpu-13,default_partition,15366,normal,Dependency,16G,0,s311M29X4XXM02,2026-09-12T02:52:36,COMPLETED,2026-09-12T00:13:22,120,00:00:00,s311M29X4XXM02|3496625437753135106|949624_5|2026-09-12T00:13:22|2026-09-12T02:52:36|0,d01_g1,scheduler_completed,default_overnight_extension_3600,False,43.0,slurm_restart_specific_outputs,,legacy_single_initial_attempt,9,True,True,/home/nc437/ladder-lite/overnight_extension_20260912/cases/d01_g1/mip_result.json,3d29ff71f33c1d6412c84af79331ed61151863bc48ce4e1eccdc7131f13b2325,3600,True,COMPLETED
8,29432,3496625437753135107,3679,2026-09-12T02:42:30,2026-09-12T03:43:56,0:0,949624_6,949631,dec40MIP,unicorn-cpu-01,default_partition,15366,normal,Dependency,16G,0,s311M29X4XXM03,2026-09-12T02:42:37,COMPLETED,2026-09-12T00:13:22,120,00:00:00,s311M29X4XXM03|3496625437753135107|949624_6|2026-09-12T00:13:22|2026-09-12T02:42:37|0,d01_g2,scheduler_completed,default_overnight_extension_3600,False,7.0,slurm_restart_specific_outputs,,legacy_single_initial_attempt,9,True,True,/home/nc437/ladder-lite/overnight_extension_20260912/cases/d01_g2/mip_result.json,13a05da6b9be5251441664b3e7078d4071f2262aa7e06cc48c78989c348d58d9,3600,True,COMPLETED
8,29504,3496625437753136128,3688,2026-09-12T02:44:12,2026-09-12T03:46:03,0:0,949624_7,949632,dec40MIP,snavely-cpu-12,default_partition,15366,normal,Dependency,16G,0,s311M29X4XXN00,2026-09-12T02:44:35,COMPLETED,2026-09-12T00:13:22,120,00:00:00,s311M29X4XXN00|3496625437753136128|949624_7|2026-09-12T00:13:22|2026-09-12T02:44:35|0,d01_g3,scheduler_completed,default_overnight_extension_3600,False,23.0,slurm_restart_specific_outputs,,legacy_single_initial_attempt,8,True,True,/home/nc437/ladder-lite/overnight_extension_20260912/cases/d01_g3/mip_result.json,e2b5211d8fcfc87c0b51c2f4f7b52f37333ca324e228e345a2baa1a5e8ad925c,3600,True,COMPLETED
8,29272,3496625437753136129,3659,2026-09-12T02:10:02,2026-09-12T03:11:32,0:0,949624_8,949633,dec40MIP,totient-cpu-07,default_partition,15366,normal,Dependency,16G,0,s311M29X4XXN01,2026-09-12T02:10:33,COMPLETED,2026-09-12T00:13:22,120,00:00:00,s311M29X4XXN01|3496625437753136129|949624_8|2026-09-12T00:13:22|2026-09-12T02:10:33|0,d02_g0,scheduler_completed,default_overnight_extension_3600,False,31.0,slurm_restart_specific_outputs,,legacy_single_initial_attempt,9,True,True,/home/nc437/ladder-lite/overnight_extension_20260912/cases/d02_g0/mip_result.json,6125f46be55bec475ea65a1a1d03efe086593a5f1f5209e7ed50a41739136d99,3600,True,COMPLETED
8,29520,3496625437753136130,3690,2026-09-12T04:13:22,2026-09-12T05:15:11,0:0,949624_9,949634,dec40MIP,unicorn-cpu-01,default_partition,15366,normal,Dependency,16G,0,s311M29X4XXN02,2026-09-12T04:13:41,COMPLETED,2026-09-12T00:13:22,120,00:00:00,s311M29X4XXN02|3496625437753136130|949624_9|2026-09-12T00:13:22|2026-09-12T04:13:41|0,d02_g1,scheduler_completed,default_overnight_extension_3600,False,19.0,slurm_restart_specific_outputs,,legacy_single_initial_attempt,9,True,True,/home/nc437/ladder-lite/overnight_extension_20260912/cases/d02_g1/mip_result.json,bab70f014118103353bd1204d2f8ea16d872a314729c4af01e65147ab37bcc33,3600,True,COMPLETED
8,29608,3496625439477920768,3701,2026-09-12T03:45:35,2026-09-12T04:47:23,0:0,949624_10,951349,dec40MIP,unicorn-cpu-01,default_partition,15366,normal,Dependency,16G,0,s311M29YRASX00,2026-09-12T03:45:42,COMPLETED,2026-09-12T00:13:22,120,00:00:00,s311M29YRASX00|3496625439477920768|949624_10|2026-09-12T00:13:22|2026-09-12T03:45:42|0,d02_g2,scheduler_completed,default_overnight_extension_3600,False,7.0,slurm_restart_specific_outputs,,legacy_single_initial_attempt,9,True,True,/home/nc437/ladder-lite/overnight_extension_20260912/cases/d02_g2/mip_result.json,0c159f4c71cd60f124352c5e2d22d0de0cb96a1496c5fff5e2058d60d9d096ab,3600,True,COMPLETED
8,728,3496625441014525952,91,2026-09-12T01:27:02,2026-09-12T01:28:57,0:0,949624_11,952033,dec40MIP,kim-cpu-03,default_partition,15366,normal,Dependency,16G,0,s311M2A0647C00,2026-09-12T01:27:26,COMPLETED,2026-09-12T00:13:22,120,00:00:00,s311M2A0647C00|3496625441014525952|949624_11|2026-09-12T00:13:22|2026-09-12T01:27:26|0,d02_g3,scheduler_completed,default_overnight_extension_3600,False,24.0,slurm_restart_specific_outputs,,legacy_single_initial_attempt,8,True,True,/home/nc437/ladder-lite/overnight_extension_20260912/cases/d02_g3/mip_result.json,f393bb4f86c0d8cc7906ee72e03cece3afed6728769af716ba1d8e6b27bcddb8,3600,True,COMPLETED
8,29280,3496625442313072640,3660,2026-09-12T01:38:38,2026-09-12T02:40:26,0:0,949624_12,952696,dec40MIP,snavely-cpu-13,default_partition,15366,normal,Dependency,16G,0,s311M2A1CTKW00,2026-09-12T01:39:26,COMPLETED,2026-09-12T00:13:22,120,00:00:00,s311M2A1CTKW00|3496625442313072640|949624_12|2026-09-12T00:13:22|2026-09-12T01:39:26|0,d03_g0,scheduler_completed,default_overnight_extension_3600,False,48.0,slurm_restart_specific_outputs,,legacy_single_initial_attempt,9,True,True,/home/nc437/ladder-lite/overnight_extension_20260912/cases/d03_g0/mip_result.json,50f99bb89756681f26d298559b5ed62ba26f227a0acd048158fd1f01d6499ecd,3600,True,COMPLETED
8,29272,3496625443059217408,3659,2026-09-12T01:45:31,2026-09-12T02:47:27,0:0,949624_13,953359,dec40MIP,unicorn-cpu-73,default_partition,15366,normal,Dependency,16G,0,s311M2A2326D00,2026-09-12T01:46:28,COMPLETED,2026-09-12T00:13:22,120,00:00:00,s311M2A2326D00|3496625443059217408|949624_13|2026-09-12T00:13:22|2026-09-12T01:46:28|0,d03_g1,scheduler_completed,default_overnight_extension_3600,False,57.0,slurm_restart_specific_outputs,,legacy_single_initial_attempt,9,True,True,/home/nc437/ladder-lite/overnight_extension_20260912/cases/d03_g1/mip_result.json,e525f7ac46d1c6c04b7e24c23033a3fe322381cbcf396266cff8f5f6527501be,3600,True,COMPLETED
8,29288,3496625443499327488,3661,2026-09-12T02:07:45,2026-09-12T03:08:52,0:0,949624_14,953430,dec40MIP,luxlab-cpu-02,default_partition,15366,normal,Dependency,16G,0,s311M2A2G5XG00,2026-09-12T02:07:51,COMPLETED,2026-09-12T00:13:22,120,00:00:00,s311M2A2G5XG00|3496625443499327488|949624_14|2026-09-12T00:13:22|2026-09-12T02:07:51|0,d03_g2,scheduler_completed,default_overnight_extension_3600,False,6.0,slurm_restart_specific_outputs,,legacy_single_initial_attempt,8,True,True,/home/nc437/ladder-lite/overnight_extension_20260912/cases/d03_g2/mip_result.json,5291753a2c5bb0a6ffd2a6d9734a5de97f73e1a0d37878ae2c4e167a8509e067,3600,True,COMPLETED
8,29640,3496625444787267584,3705,2026-09-12T04:13:22,2026-09-12T05:15:26,0:0,949624_15,958033,dec40MIP,sonic-cpu-02,default_partition,15366,normal,Dependency,16G,0,s311M2A3PJ6A00,2026-09-12T04:13:41,COMPLETED,2026-09-12T00:13:22,120,00:00:00,s311M2A3PJ6A00|3496625444787267584|949624_15|2026-09-12T00:13:22|2026-09-12T04:13:41|0,d03_g3,scheduler_completed,default_overnight_extension_3600,False,19.0,slurm_restart_specific_outputs,,legacy_single_initial_attempt,10,True,True,/home/nc437/ladder-lite/overnight_extension_20260912/cases/d03_g3/mip_result.json,f87889fc2daf946fbc820902bdca280245db8f6c393dd19e1a05be25e58d987a,3600,True,COMPLETED
8,30096,3496625444955235328,3762,2026-09-12T04:13:22,2026-09-12T05:16:23,0:0,949624_16,959153,dec40MIP,totient-cpu-01,default_partition,15366,normal,Dependency,16G,0,s311M2A3VJC900,2026-09-12T04:13:41,COMPLETED,2026-09-12T00:13:22,120,00:00:00,s311M2A3VJC900|3496625444955235328|949624_16|2026-09-12T00:13:22|2026-09-12T04:13:41|0,d04_g0,scheduler_completed,default_overnight_extension_3600,False,19.0,slurm_restart_specific_outputs,,legacy_single_initial_attempt,9,True,True,/home/nc437/ladder-lite/overnight_extension_20260912/cases/d04_g0/mip_result.json,ce1523a0751ef46beb947b9b46cbf8f79c8cf99a7d12cf3bf717a6ed141695e5,3600,True,COMPLETED
8,29512,3496625447054151680,3689,2026-09-12T03:22:53,2026-09-12T04:25:08,0:0,949624_19,964155,dec40MIP,sonic-cpu-01,default_partition,15366,normal,Dependency,16G,0,s311M2A5T42400,2026-09-12T03:23:39,COMPLETED,2026-09-12T00:13:22,120,00:00:00,s311M2A5T42400|3496625447054151680|949624_19|2026-09-12T00:13:22|2026-09-12T03:23:39|0,d04_g3,scheduler_completed,default_overnight_extension_3600,False,46.0,slurm_restart_specific_outputs,,legacy_single_initial_attempt,9,True,True,/home/nc437/ladder-lite/overnight_extension_20260912/cases/d04_g3/mip_result.json,9ef00b6d1636cd925913ce9f60ebc61319c99831c6d2b2341504ae81bd04608d,3600,True,COMPLETED
8,29504,3496625447564167168,3688,2026-09-12T02:53:03,2026-09-12T03:55:03,0:0,949624_20,964190,dec40MIP,unicorn-cpu-01,default_partition,15366,normal,Dependency,16G,0,s311M2A69AEJ00,2026-09-12T02:53:35,COMPLETED,2026-09-12T00:13:22,120,00:00:00,s311M2A69AEJ00|3496625447564167168|949624_20|2026-09-12T00:13:22|2026-09-12T02:53:35|0,d05_g0,scheduler_completed,default_overnight_extension_3600,False,32.0,slurm_restart_specific_outputs,,legacy_single_initial_attempt,9,True,True,/home/nc437/ladder-lite/overnight_extension_20260912/cases/d05_g0/mip_result.json,fbe770920fc2a17471fba25c2b975f5bd9090250a0a6868427f8ebc15bef155b,3600,True,COMPLETED
8,29520,3496625449446162432,3690,2026-09-12T04:13:22,2026-09-12T05:15:11,0:0,949624_22,969794,dec40MIP,totient-cpu-02,default_partition,15366,normal,Dependency,16G,0,s311M2A81D8G00,2026-09-12T04:13:41,COMPLETED,2026-09-12T00:13:22,120,00:00:00,s311M2A81D8G00|3496625449446162432|949624_22|2026-09-12T00:13:22|2026-09-12T04:13:41|0,d05_g2,scheduler_completed,default_overnight_extension_3600,False,19.0,slurm_restart_specific_outputs,,legacy_single_initial_attempt,10,True,True,/home/nc437/ladder-lite/overnight_extension_20260912/cases/d05_g2/mip_result.json,74a4e8f932e6ffc276bb836d03e769e4db52a327e612c9973b99ea697bb30fa6,3600,True,COMPLETED
8,29336,3496625450829371392,3667,2026-09-12T04:13:22,2026-09-12T05:14:48,0:0,949624_24,971981,dec40MIP,totient-cpu-03,default_partition,15366,normal,Dependency,16G,0,s311M2A9AMCP00,2026-09-12T04:13:41,COMPLETED,2026-09-12T00:13:22,120,00:00:00,s311M2A9AMCP00|3496625450829371392|949624_24|2026-09-12T00:13:22|2026-09-12T04:13:41|0,d06_g0,scheduler_completed,default_overnight_extension_3600,False,19.0,slurm_restart_specific_outputs,,legacy_single_initial_attempt,10,True,True,/home/nc437/ladder-lite/overnight_extension_20260912/cases/d06_g0/mip_result.json,a8fbf7785e52c9c78db593eb5dfd97354fea2b6243c2ea86fb31d56f22b6c573,3600,True,COMPLETED
8,29496,3496625455534185472,3687,2026-09-12T05:02:43,2026-09-12T06:04:13,0:0,949624_30,979032,dec40MIP,snavely-cpu-12,default_partition,15366,normal,Dependency,16G,0,s311M2ADPV8700,2026-09-12T05:02:46,COMPLETED,2026-09-12T00:13:22,120,00:00:00,s311M2ADPV8700|3496625455534185472|949624_30|2026-09-12T00:13:22|2026-09-12T05:02:46|0,d07_g2,scheduler_completed,default_overnight_extension_3600,False,3.0,slurm_restart_specific_outputs,,legacy_single_initial_attempt,9,True,True,/home/nc437/ladder-lite/overnight_extension_20260912/cases/d07_g2/mip_result.json,2d204d1fb63ee894369a4c8a476baca554b9d04e46a8cbde6f9a92137c374d90,3600,True,COMPLETED
8,12552,3496625455534189568,1569,2026-09-12T05:02:43,2026-09-12T05:28:55,0:0,949624_31,979033,dec40MIP,snavely-cpu-15,default_partition,15366,normal,Dependency,16G,0,s311M2ADPV8B00,2026-09-12T05:02:46,COMPLETED,2026-09-12T00:13:22,120,00:00:00,s311M2ADPV8B00|3496625455534189568|949624_31|2026-09-12T00:13:22|2026-09-12T05:02:46|0,d07_g3,scheduler_completed,default_overnight_extension_3600,False,3.0,slurm_restart_specific_outputs,,legacy_single_initial_attempt,8,True,True,/home/nc437/ladder-lite/overnight_extension_20260912/cases/d07_g3/mip_result.json,229b666c357eb26744ed5cec42ede80223e8abf4bbba6873aec3fc522d6a4679,3600,True,COMPLETED
8,6056,3496625455534192640,757,2026-09-12T05:02:43,2026-09-12T05:15:23,0:0,949624_32,979034,dec40MIP,totient-cpu-04,default_partition,15366,normal,Dependency,16G,0,s311M2ADPV8E00,2026-09-12T05:02:46,COMPLETED,2026-09-12T00:13:22,120,00:00:00,s311M2ADPV8E00|3496625455534192640|949624_32|2026-09-12T00:13:22|2026-09-12T05:02:46|0,d08_g0,scheduler_completed,default_overnight_extension_3600,False,3.0,slurm_restart_specific_outputs,,legacy_single_initial_attempt,9,True,True,/home/nc437/ladder-lite/overnight_extension_20260912/cases/d08_g0/mip_result.json,8f5ee03556a4820d829aae76ee6f56688e7c795f1db1510d9042a386e7ad942b,3600,True,COMPLETED
8,29784,3496625455534195712,3723,2026-09-12T05:02:43,2026-09-12T06:04:49,0:0,949624_33,979035,dec40MIP,totient-cpu-05,default_partition,15366,normal,Dependency,16G,0,s311M2ADPV8H00,2026-09-12T05:02:46,COMPLETED,2026-09-12T00:13:22,120,00:00:00,s311M2ADPV8H00|3496625455534195712|949624_33|2026-09-12T00:13:22|2026-09-12T05:02:46|0,d08_g1,scheduler_completed,default_overnight_extension_3600,False,3.0,slurm_restart_specific_outputs,,legacy_single_initial_attempt,9,True,True,/home/nc437/ladder-lite/overnight_extension_20260912/cases/d08_g1/mip_result.json,9fa6545a8fea4dcf355f8a43e58753e90fe22fa0664f8bb913b2bbf82bb64726,3600,True,COMPLETED
8,29600,3496625455534198784,3700,2026-09-12T05:02:43,2026-09-12T06:04:26,0:0,949624_34,979036,dec40MIP,totient-cpu-06,default_partition,15366,normal,Dependency,16G,0,s311M2ADPV8M00,2026-09-12T05:02:46,COMPLETED,2026-09-12T00:13:22,120,00:00:00,s311M2ADPV8M00|3496625455534198784|949624_34|2026-09-12T00:13:22|2026-09-12T05:02:46|0,d08_g2,scheduler_completed,default_overnight_extension_3600,False,3.0,slurm_restart_specific_outputs,,legacy_single_initial_attempt,10,True,True,/home/nc437/ladder-lite/overnight_extension_20260912/cases/d08_g2/mip_result.json,6e0040ac8a38b85f138c825df81e4b889ce1deaebf778023cc653cf1ed106c3a,3600,True,COMPLETED
8,29160,3496625455534202880,3645,2026-09-12T05:02:43,2026-09-12T06:03:31,0:0,949624_35,979037,dec40MIP,totient-cpu-07,default_partition,15366,normal,Dependency,16G,0,s311M2ADPV8R00,2026-09-12T05:02:46,COMPLETED,2026-09-12T00:13:22,120,00:00:00,s311M2ADPV8R00|3496625455534202880|949624_35|2026-09-12T00:13:22|2026-09-12T05:02:46|0,d08_g3,scheduler_completed,default_overnight_extension_3600,False,3.0,slurm_restart_specific_outputs,,legacy_single_initial_attempt,9,True,True,/home/nc437/ladder-lite/overnight_extension_20260912/cases/d08_g3/mip_result.json,366682a41adea380c814247cd9ecf63e3d325a2a6780e75340d7b4902fe948e6,3600,True,COMPLETED
8,2864,3496625455534204928,358,2026-09-12T05:02:43,2026-09-12T05:08:44,0:0,949624_36,979038,dec40MIP,totient-cpu-08,default_partition,15366,normal,Dependency,16G,0,s311M2ADPV8T00,2026-09-12T05:02:46,COMPLETED,2026-09-12T00:13:22,120,00:00:00,s311M2ADPV8T00|3496625455534204928|949624_36|2026-09-12T00:13:22|2026-09-12T05:02:46|0,d09_g0,scheduler_completed,default_overnight_extension_3600,False,3.0,slurm_restart_specific_outputs,,legacy_single_initial_attempt,8,True,True,/home/nc437/ladder-lite/overnight_extension_20260912/cases/d09_g0/mip_result.json,fbd32699ef6a11eecd1e4a586811e874851e842a07b0dd7f257f42369e86c8b9,3600,True,COMPLETED
8,29328,3496625455534208000,3666,2026-09-12T05:02:43,2026-09-12T06:03:52,0:0,949624_37,979039,dec40MIP,unicorn-cpu-87,default_partition,15366,normal,Dependency,16G,0,s311M2ADPV8X00,2026-09-12T05:02:46,COMPLETED,2026-09-12T00:13:22,120,00:00:00,s311M2ADPV8X00|3496625455534208000|949624_37|2026-09-12T00:13:22|2026-09-12T05:02:46|0,d09_g1,scheduler_completed,default_overnight_extension_3600,False,3.0,slurm_restart_specific_outputs,,legacy_single_initial_attempt,9,True,True,/home/nc437/ladder-lite/overnight_extension_20260912/cases/d09_g1/mip_result.json,a3068483707c3e48ccaf2f56c582fb8f5eee336641d19f3a3d29a1c0ee6f19ec,3600,True,COMPLETED
8,29336,3496625455534211072,3667,2026-09-12T05:02:43,2026-09-12T06:03:53,0:0,949624_38,979040,dec40MIP,unicorn-cpu-76,default_partition,15366,normal,Dependency,16G,0,s311M2ADPV9000,2026-09-12T05:02:46,COMPLETED,2026-09-12T00:13:22,120,00:00:00,s311M2ADPV9000|3496625455534211072|949624_38|2026-09-12T00:13:22|2026-09-12T05:02:46|0,d09_g2,scheduler_completed,default_overnight_extension_3600,False,3.0,slurm_restart_specific_outputs,,legacy_single_initial_attempt,9,True,True,/home/nc437/ladder-lite/overnight_extension_20260912/cases/d09_g2/mip_result.json,d580051f5bd8ddd30708e4f21a57fccf21780f36ec704462ab2c5a46a84503ea,3600,True,COMPLETED
8,29712,3496625437753127936,3714,2026-09-12T05:02:43,2026-09-12T06:04:40,0:0,949624_39,949624,dec40MIP,garg-cpu-02,default_partition,15366,normal,Dependency,16G,0,s311M29X4XXD00,2026-09-12T05:02:46,COMPLETED,2026-09-12T00:13:22,120,00:00:00,s311M29X4XXD00|3496625437753127936|949624_39|2026-09-12T00:13:22|2026-09-12T05:02:46|0,d09_g3,scheduler_completed,default_overnight_extension_3600,False,3.0,slurm_restart_specific_outputs,,legacy_single_initial_attempt,9,True,True,/home/nc437/ladder-lite/overnight_extension_20260912/cases/d09_g3/mip_result.json,4b9f08aabe90ef3f7ae9c5bb4178d46831258f1acd3bfaf7863ac506f0b2002f,3600,True,COMPLETED
8,29184,3496625437754219520,3648,2026-09-12T03:06:16,2026-09-12T04:07:24,0:0,949680,949680,Mw1_k09,totient-cpu-08,default_partition,15366,normal,Dependency,24G,0,s311M29X4YYQ00,2026-09-12T03:06:36,COMPLETED,2026-09-12T00:13:23,120,00:00:00,s311M29X4YYQ00|3496625437754219520|949680|2026-09-12T00:13:23|2026-09-12T03:06:36|0,w1_k09,scheduler_completed,default_overnight_extension_3600,False,20.0,slurm_restart_specific_outputs,,legacy_single_initial_attempt,10,True,True,/home/nc437/ladder-lite/overnight_extension_20260912/cases/w1_k09/mip_result.json,e89796102cbf8109cac1502a8cb0449bd2bc7f11958c6b0ea3a52d5da12e5f48,3600,True,COMPLETED
8,29232,3496625437754707968,3654,2026-09-12T04:38:20,2026-09-12T05:39:38,0:0,949682,949682,Mw1_k10,sonic-cpu-01,default_partition,15366,normal,Dependency,24G,0,s311M29X4ZDM00,2026-09-12T04:38:44,COMPLETED,2026-09-12T00:13:23,120,00:00:00,s311M29X4ZDM00|3496625437754707968|949682|2026-09-12T00:13:23|2026-09-12T04:38:44|0,w1_k10,scheduler_completed,default_overnight_extension_3600,False,24.0,slurm_restart_specific_outputs,,legacy_single_initial_attempt,11,True,True,/home/nc437/ladder-lite/overnight_extension_20260912/cases/w1_k10/mip_result.json,a398088821ebfa4939d8e3e3373dc617f1412cea9a03cce3d5a2dddddf02e113,3600,True,COMPLETED
8,29528,3496625437755199488,3691,2026-09-12T06:33:08,2026-09-12T07:35:23,0:0,949684,949684,Mw1_k11,snavely-cpu-12,default_partition,15366,normal,Dependency,24G,0,s311M29X4ZWM00,2026-09-12T06:33:52,COMPLETED,2026-09-12T00:13:24,120,00:00:00,s311M29X4ZWM00|3496625437755199488|949684|2026-09-12T00:13:24|2026-09-12T06:33:52|0,w1_k11,scheduler_completed,default_overnight_extension_3600,False,44.0,slurm_restart_specific_outputs,,legacy_single_initial_attempt,13,True,True,/home/nc437/ladder-lite/overnight_extension_20260912/cases/w1_k11/mip_result.json,18acdc7c6e9a0fea703fcce4b71d741022419fc72c6de4be9740f61ee5ad33bd,3600,True,COMPLETED
8,29168,3496625437755623424,3646,2026-09-12T08:09:51,2026-09-12T09:10:54,0:0,949686,949686,Mw1_k12,jingjie-cpu-02,default_partition,15366,normal,Dependency,24G,0,s311M29X509J00,2026-09-12T08:10:08,COMPLETED,2026-09-12T00:13:24,120,00:00:00,s311M29X509J00|3496625437755623424|949686|2026-09-12T00:13:24|2026-09-12T08:10:08|0,w1_k12,scheduler_completed,default_overnight_extension_3600,False,17.0,slurm_restart_specific_outputs,,legacy_single_initial_attempt,13,True,True,/home/nc437/ladder-lite/overnight_extension_20260912/cases/w1_k12/mip_result.json,a915da9ec1dd78fd110bb21ee76d2fe5d48736b4cf8c88269be25e6b2b33e0db,3600,True,COMPLETED
8,29680,3496625437755822080,3710,2026-09-12T10:42:53,2026-09-12T11:44:55,0:0,949688,949688,Mw1_k13,snavely-cpu-15,default_partition,15366,normal,Dependency,24G,0,s311M29X50FM00,2026-09-12T10:43:05,COMPLETED,2026-09-12T00:13:24,120,00:00:00,s311M29X50FM00|3496625437755822080|949688|2026-09-12T00:13:24|2026-09-12T10:43:05|0,w1_k13,scheduler_completed,default_overnight_extension_3600,False,12.0,slurm_restart_specific_outputs,,legacy_single_initial_attempt,15,True,True,/home/nc437/ladder-lite/overnight_extension_20260912/cases/w1_k13/mip_result.json,89bd361557d3121ee5fd82da1a707ad757826a3e7b7cc949e56aa91b19fa7c66,3600,True,COMPLETED
8,29520,3496625437756519424,3690,2026-09-12T13:11:29,2026-09-12T14:13:01,0:0,949690,949690,Mw1_k14,snavely-cpu-12,default_partition,15366,normal,Dependency,24G,0,s311M29X514X00,2026-09-12T13:11:31,COMPLETED,2026-09-12T00:13:25,120,00:00:00,s311M29X514X00|3496625437756519424|949690|2026-09-12T00:13:25|2026-09-12T13:11:31|0,w1_k14,scheduler_completed,default_overnight_extension_3600,False,2.0,slurm_restart_specific_outputs,,legacy_single_initial_attempt,16,True,True,/home/nc437/ladder-lite/overnight_extension_20260912/cases/w1_k14/mip_result.json,4fe4592892e346075b744e4f1f2c628786c27c197a5795e8b2ca0cb3c507cd94,3600,True,COMPLETED
8,29760,3496625437756760064,3720,2026-09-12T17:11:25,2026-09-12T18:13:25,0:0,949692,949692,Mw1_k15,snavely-cpu-14,default_partition,15366,normal,Dependency,24G,0,s311M29X51C800,2026-09-12T17:11:25,COMPLETED,2026-09-12T00:13:25,120,00:00:00,s311M29X51C800|3496625437756760064|949692|2026-09-12T00:13:25|2026-09-12T17:11:25|0,w1_k15,scheduler_completed,default_overnight_extension_3600,False,0.0,slurm_restart_specific_outputs,,legacy_single_initial_attempt,18,True,True,/home/nc437/ladder-lite/overnight_extension_20260912/cases/w1_k15/mip_result.json,d922c8fe144f6e3db5a18ff15d67623760b2ae0fb3c1826b0b4180ba158310c8,3600,True,COMPLETED
8,29104,3496625437756987392,3638,2026-09-12T01:18:39,2026-09-12T02:20:04,0:0,949694,949694,Mw2_k09,unicorn-cpu-01,default_partition,15366,normal,Dependency,24G,0,s311M29X51K600,2026-09-12T01:19:26,COMPLETED,2026-09-12T00:13:25,120,00:00:00,s311M29X51K600|3496625437756987392|949694|2026-09-12T00:13:25|2026-09-12T01:19:26|0,w2_k09,scheduler_completed,default_overnight_extension_3600,False,47.0,slurm_restart_specific_outputs,,legacy_single_initial_attempt,10,True,True,/home/nc437/ladder-lite/overnight_extension_20260912/cases/w2_k09/mip_result.json,4d5396a808b7819d9d5f6ef711cbeea2e33b57a2a3bc50c3a86e4265040afd28,3600,True,COMPLETED
8,29184,3496625437757326336,3648,2026-09-12T02:15:33,2026-09-12T03:16:21,0:0,949696,949696,Mw2_k10,snavely-cpu-15,default_partition,15366,normal,Dependency,24G,0,s311M29X51XH00,2026-09-12T02:15:33,COMPLETED,2026-09-12T00:13:26,120,00:00:00,s311M29X51XH00|3496625437757326336|949696|2026-09-12T00:13:26|2026-09-12T02:15:33|0,w2_k10,scheduler_completed,default_overnight_extension_3600,False,0.0,slurm_restart_specific_outputs,,legacy_single_initial_attempt,11,True,True,/home/nc437/ladder-lite/overnight_extension_20260912/cases/w2_k10/mip_result.json,5090a506d6322393fd63564ea361fec353a81c587a3114d63f07e4569ecae68d,3600,True,COMPLETED
8,29224,3496625437758295040,3653,2026-09-12T03:21:38,2026-09-12T04:22:32,0:0,949698,949698,Mw2_k11,snavely-cpu-15,default_partition,15366,normal,Dependency,24G,0,s311M29X52V300,2026-09-12T03:21:39,COMPLETED,2026-09-12T00:13:27,120,00:00:00,s311M29X52V300|3496625437758295040|949698|2026-09-12T00:13:27|2026-09-12T03:21:39|0,w2_k11,scheduler_completed,default_overnight_extension_3600,False,1.0,slurm_restart_specific_outputs,,legacy_single_initial_attempt,12,True,True,/home/nc437/ladder-lite/overnight_extension_20260912/cases/w2_k11/mip_result.json,a2412c428295ee0618941cd7b40381e241b7d2a6a1f7c54242d224be2bc93f95,3600,True,COMPLETED
8,29120,3496625437758628864,3640,2026-09-12T04:47:41,2026-09-12T05:48:24,0:0,949700,949700,Mw2_k12,unicorn-cpu-01,default_partition,15366,normal,Dependency,24G,0,s311M29X535900,2026-09-12T04:47:44,COMPLETED,2026-09-12T00:13:27,120,00:00:00,s311M29X535900|3496625437758628864|949700|2026-09-12T00:13:27|2026-09-12T04:47:44|0,w2_k12,scheduler_completed,default_overnight_extension_3600,False,3.0,slurm_restart_specific_outputs,,legacy_single_initial_attempt,13,True,True,/home/nc437/ladder-lite/overnight_extension_20260912/cases/w2_k12/mip_result.json,076bf743e895a250adfdc4889f2e117729d145c8f7141a4d2eb8cde9ef531910,3600,True,COMPLETED
8,29264,3496625437758827520,3658,2026-09-12T06:26:23,2026-09-12T07:27:49,0:0,949702,949702,Mw2_k13,snavely-cpu-13,default_partition,15366,normal,Dependency,24G,0,s311M29X53BB00,2026-09-12T06:26:51,COMPLETED,2026-09-12T00:13:27,120,00:00:00,s311M29X53BB00|3496625437758827520|949702|2026-09-12T00:13:27|2026-09-12T06:26:51|0,w2_k13,scheduler_completed,default_overnight_extension_3600,False,28.0,slurm_restart_specific_outputs,,legacy_single_initial_attempt,15,True,True,/home/nc437/ladder-lite/overnight_extension_20260912/cases/w2_k13/mip_result.json,390864fe3c9f71ebf0c2eb9455445d12599256c186e5d355028dac4c1e1590cc,3600,True,COMPLETED
0,0,3496625437759045632,0,Unknown,2026-09-12T16:24:41,0:0,949704,949704,Mw2_k14,None assigned,default_partition,15366,normal,None,24G,0,s311M29X53J000,None,CANCELLED by 1646707,2026-09-12T00:13:27,120,00:00:00,s311M29X53J000|3496625437759045632|949704|2026-09-12T00:13:27|None|0,w2_k14,not_started,default_overnight_extension_3600,False,,slurm_restart_specific_outputs,,legacy_single_initial_attempt,,,False,/home/nc437/ladder-lite/overnight_extension_20260912/cases/w2_k14/mip_result.json,,3600,False,CANCELLED
0,0,3496625437759238144,0,Unknown,2026-09-12T16:24:41,0:0,949706,949706,Mw2_k15,None assigned,default_partition,15366,normal,None,24G,0,s311M29X53QW00,None,CANCELLED by 1646707,2026-09-12T00:13:28,120,00:00:00,s311M29X53QW00|3496625437759238144|949706|2026-09-12T00:13:28|None|0,w2_k15,not_started,default_overnight_extension_3600,False,,slurm_restart_specific_outputs,,legacy_single_initial_attempt,,,False,/home/nc437/ladder-lite/overnight_extension_20260912/cases/w2_k15/mip_result.json,,3600,False,CANCELLED
8,29024,3496625437759430656,3628,2026-09-12T00:42:16,2026-09-12T01:42:52,0:0,949708,949708,Mw3_k11,sonic-cpu-01,default_partition,15366,normal,Dependency,24G,0,s311M29X53XR00,2026-09-12T00:42:24,COMPLETED,2026-09-12T00:13:28,120,00:00:00,s311M29X53XR00|3496625437759430656|949708|2026-09-12T00:13:28|2026-09-12T00:42:24|0,w3_k11,scheduler_completed,default_overnight_extension_3600,False,8.0,slurm_restart_specific_outputs,,legacy_single_initial_attempt,12,True,True,/home/nc437/ladder-lite/overnight_extension_20260912/cases/w3_k11/mip_result.json,ab27c323369cff4c303442c9bcfc24a6050add2ffb9211b0a0779f277a06fa8b,3600,True,COMPLETED
8,29056,3496625437759885312,3632,2026-09-12T01:15:25,2026-09-12T02:15:57,0:0,949710,949710,Mw3_k12,unicorn-cpu-01,default_partition,15366,normal,Dependency,24G,0,s311M29X54BM00,2026-09-12T01:15:25,COMPLETED,2026-09-12T00:13:28,120,00:00:00,s311M29X54BM00|3496625437759885312|949710|2026-09-12T00:13:28|2026-09-12T01:15:25|0,w3_k12,scheduler_completed,default_overnight_extension_3600,False,0.0,slurm_restart_specific_outputs,,legacy_single_initial_attempt,14,True,True,/home/nc437/ladder-lite/overnight_extension_20260912/cases/w3_k12/mip_result.json,943cbe1c61e59e8d21b10a1385e50ead8a5f84d9499391935a7f0627fe27e7e7,3600,True,COMPLETED
8,29152,3496625437760091136,3644,2026-09-12T02:08:14,2026-09-12T03:09:18,0:0,949712,949712,Mw3_k13,unicorn-cpu-01,default_partition,15366,normal,Dependency,24G,0,s311M29X54HX00,2026-09-12T02:08:34,COMPLETED,2026-09-12T00:13:28,120,00:00:00,s311M29X54HX00|3496625437760091136|949712|2026-09-12T00:13:28|2026-09-12T02:08:34|0,w3_k13,scheduler_completed,default_overnight_extension_3600,False,20.0,slurm_restart_specific_outputs,,legacy_single_initial_attempt,14,True,True,/home/nc437/ladder-lite/overnight_extension_20260912/cases/w3_k13/mip_result.json,5123862947f3f9ad6e072aae11df38130080400adbdfac1610553ef4e39286fa,3600,True,COMPLETED
8,29072,3496625437760293888,3634,2026-09-12T03:06:49,2026-09-12T04:08:10,0:0,949714,949714,Mw3_k14,jingjie-cpu-04,default_partition,15366,normal,Dependency,24G,0,s311M29X54R300,2026-09-12T03:07:36,COMPLETED,2026-09-12T00:13:29,120,00:00:00,s311M29X54R300|3496625437760293888|949714|2026-09-12T00:13:29|2026-09-12T03:07:36|0,w3_k14,scheduler_completed,default_overnight_extension_3600,False,47.0,slurm_restart_specific_outputs,,legacy_single_initial_attempt,15,True,True,/home/nc437/ladder-lite/overnight_extension_20260912/cases/w3_k14/mip_result.json,45003eafdcd741d66103aeb226dbc1c44313ec6d32187a34a7936b8637ae6043,3600,True,COMPLETED
8,29248,3496625437760483328,3656,2026-09-12T04:07:41,2026-09-12T05:08:38,0:0,949716,949716,Mw3_k15,snavely-cpu-13,default_partition,15366,normal,Dependency,24G,0,s311M29X54XW00,2026-09-12T04:07:42,COMPLETED,2026-09-12T00:13:29,120,00:00:00,s311M29X54XW00|3496625437760483328|949716|2026-09-12T00:13:29|2026-09-12T04:07:42|0,w3_k15,scheduler_completed,default_overnight_extension_3600,False,1.0,slurm_restart_specific_outputs,,legacy_single_initial_attempt,17,True,True,/home/nc437/ladder-lite/overnight_extension_20260912/cases/w3_k15/mip_result.json,52c24c55ba5288280c8fc6bb8664ab26a216aa9af4dbd6b72e4358f60baef9f1,3600,True,COMPLETED
8,29376,3496625437760698368,3672,2026-09-12T00:57:01,2026-09-12T01:58:37,0:0,949718,949718,Mw4_k10,snavely-cpu-15,default_partition,15366,normal,Dependency,24G,0,s311M29X554E00,2026-09-12T00:57:25,COMPLETED,2026-09-12T00:13:29,120,00:00:00,s311M29X554E00|3496625437760698368|949718|2026-09-12T00:13:29|2026-09-12T00:57:25|0,w4_k10,scheduler_completed,default_overnight_extension_3600,False,24.0,slurm_restart_specific_outputs,,legacy_single_initial_attempt,11,True,True,/home/nc437/ladder-lite/overnight_extension_20260912/cases/w4_k10/mip_result.json,0ba23d5f5961378da4f9fa3e9f87f1df422eefe44fb225e56f77cbb02955e441,3600,True,COMPLETED
8,29280,3496625437760905216,3660,2026-09-12T01:57:08,2026-09-12T02:58:33,0:0,949720,949720,Mw4_k11,totient-cpu-02,default_partition,15366,normal,Dependency,24G,0,s311M29X55AR00,2026-09-12T01:57:33,COMPLETED,2026-09-12T00:13:29,120,00:00:00,s311M29X55AR00|3496625437760905216|949720|2026-09-12T00:13:29|2026-09-12T01:57:33|0,w4_k11,scheduler_completed,default_overnight_extension_3600,False,25.0,slurm_restart_specific_outputs,,legacy_single_initial_attempt,12,True,True,/home/nc437/ladder-lite/overnight_extension_20260912/cases/w4_k11/mip_result.json,29a8ba3a5a5ca242bd07b71008aa5388c63f189cb3fd933124d92c147e9a4f41,3600,True,COMPLETED
8,29192,3496625437761233920,3649,2026-09-12T03:06:16,2026-09-12T04:07:25,0:0,949722,949722,Mw4_k12,jingjie-cpu-01,default_partition,15366,normal,Dependency,24G,0,s311M29X55MS00,2026-09-12T03:06:36,COMPLETED,2026-09-12T00:13:30,120,00:00:00,s311M29X55MS00|3496625437761233920|949722|2026-09-12T00:13:30|2026-09-12T03:06:36|0,w4_k12,scheduler_completed,default_overnight_extension_3600,False,20.0,slurm_restart_specific_outputs,,legacy_single_initial_attempt,13,True,True,/home/nc437/ladder-lite/overnight_extension_20260912/cases/w4_k12/mip_result.json,2b77f40cda1993222e85508b7b5e7e30fe41c6416d922ecea558c651d791097e,3600,True,COMPLETED
8,29344,3496625437761569792,3668,2026-09-12T04:35:28,2026-09-12T05:36:52,0:0,949724,949724,Mw4_k13,unicorn-cpu-01,default_partition,15366,normal,Dependency,24G,0,s311M29X55Z100,2026-09-12T04:35:44,COMPLETED,2026-09-12T00:13:30,120,00:00:00,s311M29X55Z100|3496625437761569792|949724|2026-09-12T00:13:30|2026-09-12T04:35:44|0,w4_k13,scheduler_completed,default_overnight_extension_3600,False,16.0,slurm_restart_specific_outputs,,legacy_single_initial_attempt,15,True,True,/home/nc437/ladder-lite/overnight_extension_20260912/cases/w4_k13/mip_result.json,028ef1747fc7a645334ad7058298121c83541b9dc7648091f254691a5cb14b7a,3600,True,COMPLETED
8,29712,3496625437761786880,3714,2026-09-12T08:00:46,2026-09-12T09:02:42,0:0,949726,949726,Mw4_k14,snavely-cpu-12,default_partition,15366,normal,Dependency,24G,0,s311M29X565N00,2026-09-12T08:00:48,COMPLETED,2026-09-12T00:13:30,120,00:00:00,s311M29X565N00|3496625437761786880|949726|2026-09-12T00:13:30|2026-09-12T08:00:48|0,w4_k14,scheduler_completed,default_overnight_extension_3600,False,2.0,slurm_restart_specific_outputs,,legacy_single_initial_attempt,18,True,True,/home/nc437/ladder-lite/overnight_extension_20260912/cases/w4_k14/mip_result.json,d2e6ce858d465c15307058ca8a6f2fdce9f72d907ace0a4671caf215b27e6d27,3600,True,COMPLETED
8,29648,3496625437761982464,3706,2026-09-12T12:00:20,2026-09-12T13:02:09,0:0,949728,949728,Mw4_k15,luxlab-cpu-02,default_partition,15366,normal,Dependency,24G,0,s311M29X56BM00,2026-09-12T12:00:23,COMPLETED,2026-09-12T00:13:30,120,00:00:00,s311M29X56BM00|3496625437761982464|949728|2026-09-12T00:13:30|2026-09-12T12:00:23|0,w4_k15,scheduler_completed,default_overnight_extension_3600,False,3.0,slurm_restart_specific_outputs,,legacy_single_initial_attempt,18,True,True,/home/nc437/ladder-lite/overnight_extension_20260912/cases/w4_k15/mip_result.json,235601a5ad06357222cd8f5718d68c64aa79ae12a58697cb80183008a697d6ae,3600,True,COMPLETED
8,29528,3496625437762182144,3691,2026-09-12T01:25:11,2026-09-12T02:26:57,0:0,949730,949730,Mw5_k11,snavely-cpu-12,default_partition,15366,normal,Dependency,24G,0,s311M29X56HQ00,2026-09-12T01:25:26,COMPLETED,2026-09-12T00:13:30,120,00:00:00,s311M29X56HQ00|3496625437762182144|949730|2026-09-12T00:13:30|2026-09-12T01:25:26|0,w5_k11,scheduler_completed,default_overnight_extension_3600,False,15.0,slurm_restart_specific_outputs,,legacy_single_initial_attempt,12,True,True,/home/nc437/ladder-lite/overnight_extension_20260912/cases/w5_k11/mip_result.json,54aa2a62357f78ae7d6419e654e0807c9283b560da726ebafd39bdabcaff36bf,3600,True,COMPLETED
8,29272,3496625437762393088,3659,2026-09-12T03:15:08,2026-09-12T04:16:37,0:0,949732,949732,Mw5_k12,unicorn-cpu-01,default_partition,15366,normal,Dependency,24G,0,s311M29X56R500,2026-09-12T03:15:38,COMPLETED,2026-09-12T00:13:31,120,00:00:00,s311M29X56R500|3496625437762393088|949732|2026-09-12T00:13:31|2026-09-12T03:15:38|0,w5_k12,scheduler_completed,default_overnight_extension_3600,False,30.0,slurm_restart_specific_outputs,,legacy_single_initial_attempt,13,True,True,/home/nc437/ladder-lite/overnight_extension_20260912/cases/w5_k12/mip_result.json,76c68d0edf01cb08f43a88c20a941aabb0b7d9e6787a6a00336c989dd1b9093e,3600,True,COMPLETED
8,29560,3496625437762985984,3695,2026-09-12T05:30:39,2026-09-12T06:32:23,0:0,949734,949734,Mw5_k13,snavely-cpu-15,default_partition,15366,normal,Dependency,24G,0,s311M29X57A800,2026-09-12T05:30:48,COMPLETED,2026-09-12T00:13:31,120,00:00:00,s311M29X57A800|3496625437762985984|949734|2026-09-12T00:13:31|2026-09-12T05:30:48|0,w5_k13,scheduler_completed,default_overnight_extension_3600,False,9.0,slurm_restart_specific_outputs,,legacy_single_initial_attempt,14,True,True,/home/nc437/ladder-lite/overnight_extension_20260912/cases/w5_k13/mip_result.json,72e519def5446bce39a5cad021e7c34b0edecc0159dfe860b5f1904fd8c6de27,3600,True,COMPLETED
8,29312,3496625437763310592,3664,2026-09-12T07:51:36,2026-09-12T08:52:45,0:0,949736,949736,Mw5_k14,garg-cpu-02,default_partition,15366,normal,Dependency,24G,0,s311M29X57M500,2026-09-12T07:51:41,COMPLETED,2026-09-12T00:13:32,120,00:00:00,s311M29X57M500|3496625437763310592|949736|2026-09-12T00:13:32|2026-09-12T07:51:41|0,w5_k14,scheduler_completed,default_overnight_extension_3600,False,5.0,slurm_restart_specific_outputs,,legacy_single_initial_attempt,16,True,True,/home/nc437/ladder-lite/overnight_extension_20260912/cases/w5_k14/mip_result.json,c21cb3d6995ebd560c720c0ea81d1e450add9004a1e0d5d150fb05b9c7cce976,3600,True,COMPLETED
8,29664,3496625437763710976,3708,2026-09-12T11:22:02,2026-09-12T12:24:17,0:0,949738,949738,Mw5_k15,snavely-cpu-12,default_partition,15366,normal,Dependency,24G,0,s311M29X580C00,2026-09-12T11:22:29,COMPLETED,2026-09-12T00:13:32,120,00:00:00,s311M29X580C00|3496625437763710976|949738|2026-09-12T00:13:32|2026-09-12T11:22:29|0,w5_k15,scheduler_completed,default_overnight_extension_3600,False,27.0,slurm_restart_specific_outputs,,legacy_single_initial_attempt,17,True,True,/home/nc437/ladder-lite/overnight_extension_20260912/cases/w5_k15/mip_result.json,3e8232aaa518699731757bbbec321fdc2e6ca2177335fc20a4d71bca0cd4f6f7,3600,True,COMPLETED
8,29296,3496625437764102144,3662,2026-09-12T00:47:04,2026-09-12T01:48:25,0:0,949740,949740,Mw6_k11,snavely-cpu-14,default_partition,15366,normal,Dependency,24G,0,s311M29X58CA00,2026-09-12T00:47:23,COMPLETED,2026-09-12T00:13:32,120,00:00:00,s311M29X58CA00|3496625437764102144|949740|2026-09-12T00:13:32|2026-09-12T00:47:23|0,w6_k11,scheduler_completed,default_overnight_extension_3600,False,19.0,slurm_restart_specific_outputs,,legacy_single_initial_attempt,11,True,True,/home/nc437/ladder-lite/overnight_extension_20260912/cases/w6_k11/mip_result.json,505d2c027e0a350332044aa2a63a8af20e55d0c550ee440b6f1f4350e0098e3e,3600,True,COMPLETED
8,29464,3496625437764326400,3683,2026-09-12T01:52:30,2026-09-12T02:53:53,0:0,949742,949742,Mw6_k12,snavely-cpu-14,default_partition,15366,normal,Dependency,24G,0,s311M29X58K500,2026-09-12T01:52:30,COMPLETED,2026-09-12T00:13:33,120,00:00:00,s311M29X58K500|3496625437764326400|949742|2026-09-12T00:13:33|2026-09-12T01:52:30|0,w6_k12,scheduler_completed,default_overnight_extension_3600,False,0.0,slurm_restart_specific_outputs,,legacy_single_initial_attempt,13,True,True,/home/nc437/ladder-lite/overnight_extension_20260912/cases/w6_k12/mip_result.json,46ead9eb93b0e5b865e79fe53e9ebfeb63cabcf784051ff02a3abad8f22d607f,3600,True,COMPLETED
8,29568,3496625437764779008,3696,2026-09-12T03:50:08,2026-09-12T04:52:17,0:0,949744,949744,Mw6_k13,snavely-cpu-12,default_partition,15366,normal,Dependency,24G,0,s311M29X590Z00,2026-09-12T03:50:41,COMPLETED,2026-09-12T00:13:33,120,00:00:00,s311M29X590Z00|3496625437764779008|949744|2026-09-12T00:13:33|2026-09-12T03:50:41|0,w6_k13,scheduler_completed,default_overnight_extension_3600,False,33.0,slurm_restart_specific_outputs,,legacy_single_initial_attempt,15,True,True,/home/nc437/ladder-lite/overnight_extension_20260912/cases/w6_k13/mip_result.json,993f1163e88b5c49db328f41d1237d45637c479355472dd57a0df17b8eeb5c55,3600,True,COMPLETED
8,29264,3496625437764987904,3658,2026-09-12T06:08:20,2026-09-12T07:09:49,0:0,949746,949746,Mw6_k14,unicorn-cpu-01,default_partition,15366,normal,Dependency,24G,0,s311M29X597B00,2026-09-12T06:08:51,COMPLETED,2026-09-12T00:13:33,120,00:00:00,s311M29X597B00|3496625437764987904|949746|2026-09-12T00:13:33|2026-09-12T06:08:51|0,w6_k14,scheduler_completed,default_overnight_extension_3600,False,31.0,slurm_restart_specific_outputs,,legacy_single_initial_attempt,16,True,True,/home/nc437/ladder-lite/overnight_extension_20260912/cases/w6_k14/mip_result.json,fccb8ef335824ba258cdfdc2e9c30f654cff880e524e33d874a8b80a60566487,3600,True,COMPLETED
8,29584,3496625437765190656,3698,2026-09-12T09:05:34,2026-09-12T10:07:51,0:0,949748,949748,Mw6_k15,snavely-cpu-12,default_partition,15366,normal,Dependency,24G,0,s311M29X59DH00,2026-09-12T09:06:13,COMPLETED,2026-09-12T00:13:33,120,00:00:00,s311M29X59DH00|3496625437765190656|949748|2026-09-12T00:13:33|2026-09-12T09:06:13|0,w6_k15,scheduler_completed,default_overnight_extension_3600,False,39.0,slurm_restart_specific_outputs,,legacy_single_initial_attempt,18,True,True,/home/nc437/ladder-lite/overnight_extension_20260912/cases/w6_k15/mip_result.json,f1de21ca7f175cf31c6a27a7cdb96f5b368518977a4a5b9c5857ff2a6e3fe6d8,3600,True,COMPLETED
0,0,3496625437765749760,0,Unknown,2026-09-12T16:37:20,0:0,949750,949750,Mjoin00,None assigned,default_partition,15367,normal,None,64G,0,s311M29X59YK00,None,CANCELLED by 1646707,2026-09-12T00:13:34,120,00:00:00,s311M29X59YK00|3496625437765749760|949750|2026-09-12T00:13:34|None|0,join00,not_started,default_overnight_extension_3600,False,,slurm_restart_specific_outputs,,legacy_single_initial_attempt,,,False,/home/nc437/ladder-lite/overnight_extension_20260912/cases/join00/mip_result.json,,3600,False,CANCELLED
0,0,3496625437766126592,0,Unknown,2026-09-12T16:37:20,0:0,949752,949752,Mjoin01,None assigned,default_partition,15367,normal,None,64G,0,s311M29X5AA300,None,CANCELLED by 1646707,2026-09-12T00:13:34,120,00:00:00,s311M29X5AA300|3496625437766126592|949752|2026-09-12T00:13:34|None|0,join01,not_started,default_overnight_extension_3600,False,,slurm_restart_specific_outputs,,legacy_single_initial_attempt,,,False,/home/nc437/ladder-lite/overnight_extension_20260912/cases/join01/mip_result.json,,3600,False,CANCELLED
0,0,3496625437766457344,0,Unknown,2026-09-12T16:37:21,0:0,949754,949754,Mjoin02,None assigned,default_partition,15367,normal,None,64G,0,s311M29X5AM600,None,CANCELLED by 1646707,2026-09-12T00:13:35,120,00:00:00,s311M29X5AM600|3496625437766457344|949754|2026-09-12T00:13:35|None|0,join02,not_started,default_overnight_extension_3600,False,,slurm_restart_specific_outputs,,legacy_single_initial_attempt,,,False,/home/nc437/ladder-lite/overnight_extension_20260912/cases/join02/mip_result.json,,3600,False,CANCELLED
0,0,3496625437766679552,0,Unknown,2026-09-12T16:37:21,0:0,949756,949756,Mjoin03,None assigned,default_partition,15367,normal,None,64G,0,s311M29X5ATZ00,None,CANCELLED by 1646707,2026-09-12T00:13:35,120,00:00:00,s311M29X5ATZ00|3496625437766679552|949756|2026-09-12T00:13:35|None|0,join03,not_started,default_overnight_extension_3600,False,,slurm_restart_specific_outputs,,legacy_single_initial_attempt,,,False,/home/nc437/ladder-lite/overnight_extension_20260912/cases/join03/mip_result.json,,3600,False,CANCELLED
0,0,3496625437767054336,0,Unknown,2026-09-12T16:37:22,0:0,949758,949758,Mjoin04,None assigned,default_partition,15367,normal,None,64G,0,s311M29X5B6D00,None,CANCELLED by 1646707,2026-09-12T00:13:35,120,00:00:00,s311M29X5B6D00|3496625437767054336|949758|2026-09-12T00:13:35|None|0,join04,not_started,default_overnight_extension_3600,False,,slurm_restart_specific_outputs,,legacy_single_initial_attempt,,,False,/home/nc437/ladder-lite/overnight_extension_20260912/cases/join04/mip_result.json,,3600,False,CANCELLED
0,0,3496625437767389184,0,Unknown,2026-09-12T16:37:22,0:0,949760,949760,Mjoin05,None assigned,default_partition,15367,normal,None,64G,0,s311M29X5BGM00,None,CANCELLED by 1646707,2026-09-12T00:13:36,120,00:00:00,s311M29X5BGM00|3496625437767389184|949760|2026-09-12T00:13:36|None|0,join05,not_started,default_overnight_extension_3600,False,,slurm_restart_specific_outputs,,legacy_single_initial_attempt,,,False,/home/nc437/ladder-lite/overnight_extension_20260912/cases/join05/mip_result.json,,3600,False,CANCELLED
0,0,3496625437769998336,0,Unknown,2026-09-12T16:37:23,0:0,949763,949763,Mjoin06,None assigned,default_partition,15367,normal,None,64G,0,s311M29X5E0800,None,CANCELLED by 1646707,2026-09-12T00:13:38,120,00:00:00,s311M29X5E0800|3496625437769998336|949763|2026-09-12T00:13:38|None|0,join06,not_started,default_overnight_extension_3600,False,,slurm_restart_specific_outputs,,legacy_single_initial_attempt,,,False,/home/nc437/ladder-lite/overnight_extension_20260912/cases/join06/mip_result.json,,3600,False,CANCELLED
0,0,3496625437770578944,0,Unknown,2026-09-12T16:37:24,0:0,949765,949765,Mjoin07,None assigned,default_partition,15367,normal,None,64G,0,s311M29X5EHZ00,None,CANCELLED by 1646707,2026-09-12T00:13:39,120,00:00:00,s311M29X5EHZ00|3496625437770578944|949765|2026-09-12T00:13:39|None|0,join07,not_started,default_overnight_extension_3600,False,,slurm_restart_specific_outputs,,legacy_single_initial_attempt,,,False,/home/nc437/ladder-lite/overnight_extension_20260912/cases/join07/mip_result.json,,3600,False,CANCELLED
0,0,3496625437770799104,0,Unknown,2026-09-12T16:37:24,0:0,949767,949767,Mjoin08,None assigned,default_partition,15367,normal,None,64G,0,s311M29X5ERP00,None,CANCELLED by 1646707,2026-09-12T00:13:39,120,00:00:00,s311M29X5ERP00|3496625437770799104|949767|2026-09-12T00:13:39|None|0,join08,not_started,default_overnight_extension_3600,False,,slurm_restart_specific_outputs,,legacy_single_initial_attempt,,,False,/home/nc437/ladder-lite/overnight_extension_20260912/cases/join08/mip_result.json,,3600,False,CANCELLED
0,0,3496625437771141120,0,Unknown,2026-09-12T16:37:24,0:0,949769,949769,Mjoin09,None assigned,default_partition,15367,normal,None,64G,0,s311M29X5F3400,None,CANCELLED by 1646707,2026-09-12T00:13:39,120,00:00:00,s311M29X5F3400|3496625437771141120|949769|2026-09-12T00:13:39|None|0,join09,not_started,default_overnight_extension_3600,False,,slurm_restart_specific_outputs,,legacy_single_initial_attempt,,,False,/home/nc437/ladder-lite/overnight_extension_20260912/cases/join09/mip_result.json,,3600,False,CANCELLED
8,8,3496625494678799360,1,2026-09-12T15:39:53,2026-09-12T15:40:15,1:0,37532,37532,rec2k14M,snavely-cpu-12,default_partition,15366,normal,None,24G,0,s311M2BJ5EF100,2026-09-12T15:40:14,FAILED,2026-09-12T15:39:53,120,00:00:00,s311M2BJ5EF100|3496625494678799360|37532|2026-09-12T15:39:53|2026-09-12T15:40:14|0,w2_k14_recovery,other_termination,default_chain2_recovery_3600,False,21.0,chain2_recovery_a01,,legacy_single_initial_attempt,,,False,/home/nc437/ladder-lite/w2_chain_recovery_20260912/cases/w2_k14/mip/onehour/result.json,,3600,True,FAILED
0,0,3496625494679290880,0,Unknown,2026-09-12T16:24:40,0:0,37534,37534,rec2k15M,None assigned,default_partition,15366,normal,None,24G,0,s311M2BJ5EY100,None,CANCELLED by 1646707,2026-09-12T15:39:54,120,00:00:00,s311M2BJ5EY100|3496625494679290880|37534|2026-09-12T15:39:54|None|0,w2_k15_recovery,not_started,default_chain2_recovery_3600,False,,chain2_recovery_a01,,legacy_single_initial_attempt,,,False,/home/nc437/ladder-lite/w2_chain_recovery_20260912/cases/w2_k15/mip/onehour/result.json,,3600,False,CANCELLED
8,29560,3496625494936389632,3695,2026-09-12T15:44:05,2026-09-12T16:45:49,0:0,37583,37583,rec2b14M,snavely-cpu-12,default_partition,15366,normal,None,24G,0,s311M2BJD44200,2026-09-12T15:44:14,COMPLETED,2026-09-12T15:44:05,120,00:00:00,s311M2BJD44200|3496625494936389632|37583|2026-09-12T15:44:05|2026-09-12T15:44:14|0,w2_k14_recovery,scheduler_completed,default_chain2_recovery_3600,False,9.0,chain2_recovery_a02,,legacy_single_initial_attempt,16,True,True,/home/nc437/ladder-lite/w2_chain_recovery_retry2_20260912/cases/w2_k14/mip/onehour/result.json,51f7c33a60eb9ef1389b27f8d626ed1134b5699f52db970b33aa8479d7e88c81,3600,True,COMPLETED
8,29424,3496625494936799232,3678,2026-09-12T19:44:02,2026-09-12T20:46:01,0:0,37585,37585,rec2b15M,unicorn-cpu-01,default_partition,15366,normal,Dependency,24G,0,s311M2BJD4GJ00,2026-09-12T19:44:43,COMPLETED,2026-09-12T15:44:05,120,00:00:00,s311M2BJD4GJ00|3496625494936799232|37585|2026-09-12T15:44:05|2026-09-12T19:44:43|0,w2_k15_recovery,scheduler_completed,default_chain2_recovery_3600,False,41.0,chain2_recovery_a02,,legacy_single_initial_attempt,17,True,True,/home/nc437/ladder-lite/w2_chain_recovery_retry2_20260912/cases/w2_k15/mip/onehour/result.json,cb97362b0fa22bb616a4ac32878d9d0f470432016f9ef58d70f98be3b5e86f88,3600,True,COMPLETED
8,29400,3496625496854665216,3675,2026-09-12T16:14:56,2026-09-12T17:16:33,0:0,39577_17,39581,dr_readyM,snavely-cpu-15,default_partition,15366,normal,None,24G,0,s311M2BM69H600,2026-09-12T16:15:18,COMPLETED,2026-09-12T16:14:56,120,00:00:00,s311M2BM69H600|3496625496854665216|39577_17|2026-09-12T16:14:56|2026-09-12T16:15:18|0,d04_g1,scheduler_completed,default_ready_pool_recovery_3600,False,22.0,ready_pool_dependency_recovery_a01,,legacy_single_initial_attempt,9,True,True,/home/nc437/ladder-lite/overnight_extension_20260912/cases/d04_g1/mip_result.json,217a2a2c80b55ac54be3ce5c5072cd10c69f9a9427d7ea5394733307f269a09b,3600,True,COMPLETED
8,5912,3496625496854672384,739,2026-09-12T16:14:56,2026-09-12T16:27:37,0:0,39577_18,39582,dr_readyM,unicorn-cpu-01,default_partition,15366,normal,None,24G,0,s311M2BM69HD00,2026-09-12T16:15:18,COMPLETED,2026-09-12T16:14:56,120,00:00:00,s311M2BM69HD00|3496625496854672384|39577_18|2026-09-12T16:14:56|2026-09-12T16:15:18|0,d04_g2,scheduler_completed,default_ready_pool_recovery_3600,False,22.0,ready_pool_dependency_recovery_a01,,legacy_single_initial_attempt,8,True,True,/home/nc437/ladder-lite/overnight_extension_20260912/cases/d04_g2/mip_result.json,593e3c8f253290c930c65cb1bbcc51c1f6e3036d938b4158cb9121b7dc688bfe,3600,True,COMPLETED
8,8936,3496625496854675456,1117,2026-09-12T16:14:56,2026-09-12T16:33:55,0:0,39577_21,39583,dr_readyM,totient-cpu-08,default_partition,15366,normal,None,24G,0,s311M2BM69HG00,2026-09-12T16:15:18,COMPLETED,2026-09-12T16:14:56,120,00:00:00,s311M2BM69HG00|3496625496854675456|39577_21|2026-09-12T16:14:56|2026-09-12T16:15:18|0,d05_g1,scheduler_completed,default_ready_pool_recovery_3600,False,22.0,ready_pool_dependency_recovery_a01,,legacy_single_initial_attempt,8,True,True,/home/nc437/ladder-lite/overnight_extension_20260912/cases/d05_g1/mip_result.json,4a53b8ea8978406f8fb8d2deebbf4ef46491ac89fc316c61083cf8831603fa1f,3600,True,COMPLETED
8,744,3496625496854678528,93,2026-09-12T16:14:56,2026-09-12T16:16:51,0:0,39577_23,39584,dr_readyM,totient-cpu-01,default_partition,15366,normal,None,24G,0,s311M2BM69HK00,2026-09-12T16:15:18,COMPLETED,2026-09-12T16:14:56,120,00:00:00,s311M2BM69HK00|3496625496854678528|39577_23|2026-09-12T16:14:56|2026-09-12T16:15:18|0,d05_g3,scheduler_completed,default_ready_pool_recovery_3600,False,22.0,ready_pool_dependency_recovery_a01,,legacy_single_initial_attempt,8,True,True,/home/nc437/ladder-lite/overnight_extension_20260912/cases/d05_g3/mip_result.json,5e986740a90642dc13f5f22e757de07dcef3e2ef9458a341f8711b8b4cff80ab,3600,True,COMPLETED
8,29328,3496625496854680576,3666,2026-09-12T16:14:56,2026-09-12T17:16:24,0:0,39577_25,39585,dr_readyM,totient-cpu-02,default_partition,15366,normal,None,24G,0,s311M2BM69HN00,2026-09-12T16:15:18,COMPLETED,2026-09-12T16:14:56,120,00:00:00,s311M2BM69HN00|3496625496854680576|39577_25|2026-09-12T16:14:56|2026-09-12T16:15:18|0,d06_g1,scheduler_completed,default_ready_pool_recovery_3600,False,22.0,ready_pool_dependency_recovery_a01,,legacy_single_initial_attempt,9,True,True,/home/nc437/ladder-lite/overnight_extension_20260912/cases/d06_g1/mip_result.json,3a276b230eeb041a6197c9746e9b3f8b1e3b5b26c3041ec7b4dfd65a8888827e,3600,True,COMPLETED
8,344,3496625496854683648,43,2026-09-12T16:14:56,2026-09-12T16:16:01,0:0,39577_26,39586,dr_readyM,unicorn-cpu-76,default_partition,15366,normal,None,24G,0,s311M2BM69HR00,2026-09-12T16:15:18,COMPLETED,2026-09-12T16:14:56,120,00:00:00,s311M2BM69HR00|3496625496854683648|39577_26|2026-09-12T16:14:56|2026-09-12T16:15:18|0,d06_g2,scheduler_completed,default_ready_pool_recovery_3600,False,22.0,ready_pool_dependency_recovery_a01,,legacy_single_initial_attempt,8,True,True,/home/nc437/ladder-lite/overnight_extension_20260912/cases/d06_g2/mip_result.json,b2cacf33ebfda60c177028ed7982b1bb3657151bb8fc46325db54b0bce4b4152,3600,True,COMPLETED
8,29544,3496625496854686720,3693,2026-09-12T16:14:56,2026-09-12T17:16:51,0:0,39577_27,39587,dr_readyM,garg-cpu-02,default_partition,15366,normal,None,24G,0,s311M2BM69HV00,2026-09-12T16:15:18,COMPLETED,2026-09-12T16:14:56,120,00:00:00,s311M2BM69HV00|3496625496854686720|39577_27|2026-09-12T16:14:56|2026-09-12T16:15:18|0,d06_g3,scheduler_completed,default_ready_pool_recovery_3600,False,22.0,ready_pool_dependency_recovery_a01,,legacy_single_initial_attempt,9,True,True,/home/nc437/ladder-lite/overnight_extension_20260912/cases/d06_g3/mip_result.json,cd278c8e422a6b2bd17f2721f6eae555bc1fd2271c81b6b026146fcbb5d4d006,3600,True,COMPLETED
8,5360,3496625496854689792,670,2026-09-12T16:14:56,2026-09-12T16:26:28,0:0,39577_28,39588,dr_readyM,garg-cpu-02,default_partition,15366,normal,None,24G,0,s311M2BM69HY00,2026-09-12T16:15:18,COMPLETED,2026-09-12T16:14:56,120,00:00:00,s311M2BM69HY00|3496625496854689792|39577_28|2026-09-12T16:14:56|2026-09-12T16:15:18|0,d07_g0,scheduler_completed,default_ready_pool_recovery_3600,False,22.0,ready_pool_dependency_recovery_a01,,legacy_single_initial_attempt,8,True,True,/home/nc437/ladder-lite/overnight_extension_20260912/cases/d07_g0/mip_result.json,bc910cb129e358735bd3600e3b61ebccab09eec295ac261f6c9e57847ce78cdf,3600,True,COMPLETED
8,29320,3496625496832325632,3665,2026-09-12T16:14:56,2026-09-12T17:16:23,0:0,39577_29,39577,dr_readyM,garg-cpu-02,default_partition,15366,normal,None,24G,0,s311M2BM5M7E00,2026-09-12T16:15:18,COMPLETED,2026-09-12T16:14:56,120,00:00:00,s311M2BM5M7E00|3496625496832325632|39577_29|2026-09-12T16:14:56|2026-09-12T16:15:18|0,d07_g1,scheduler_completed,default_ready_pool_recovery_3600,False,22.0,ready_pool_dependency_recovery_a01,,legacy_single_initial_attempt,9,True,True,/home/nc437/ladder-lite/overnight_extension_20260912/cases/d07_g1/mip_result.json,55744ef2e01aa1f0596861bd222f115a607423240071aa4b8bd7c558ab9fd71f,3600,True,COMPLETED
8,29472,3496625498118478848,3684,2026-09-12T17:25:53,2026-09-12T18:27:55,0:0,41576,41576,drF_w1_k07_M,lodi-cpu-01,default_partition,15366,normal,Dependency,24G,0,s311M2BNBYSQ00,2026-09-12T17:26:31,COMPLETED,2026-09-12T16:35:52,120,00:00:00,s311M2BNBYSQ00|3496625498118478848|41576|2026-09-12T16:35:52|2026-09-12T17:26:31|0,w1_k07,scheduler_completed,default_full_pool_indexed_3600,False,38.0,full_pool_indexed_a01,,legacy_single_initial_attempt,7,True,True,/home/nc437/ladder-lite/full_pool_recovery_20260912/cases/w1_k07/mip_result.json,bc62f5c5224ea3d13cbd6b8e890a838fe377ef69b3d04fcc05473f29323605ac,3600,True,COMPLETED
8,29768,3496625498119385088,3721,2026-09-12T17:50:46,2026-09-12T18:52:51,0:0,41578,41578,drF_w1_k08_M,joachims-cpu-02,default_partition,15366,normal,Dependency,24G,0,s311M2BNBZNC00,2026-09-12T17:50:50,COMPLETED,2026-09-12T16:35:53,120,00:00:00,s311M2BNBZNC00|3496625498119385088|41578|2026-09-12T16:35:53|2026-09-12T17:50:50|0,w1_k08,scheduler_completed,default_full_pool_indexed_3600,False,4.0,full_pool_indexed_a01,,legacy_single_initial_attempt,8,True,True,/home/nc437/ladder-lite/full_pool_recovery_20260912/cases/w1_k08/mip_result.json,1071cc9a20740dcfdf1b68ef54bd0235e62bbd3d19d7eda698ef21171498d52f,3600,True,COMPLETED
8,29824,3496625498119847936,3728,2026-09-12T18:17:57,2026-09-12T19:20:45,0:0,41580,41580,drF_w1_k09_M,totient-cpu-03,default_partition,15366,normal,Dependency,24G,0,s311M2BNC03G00,2026-09-12T18:18:37,COMPLETED,2026-09-12T16:35:53,120,00:00:00,s311M2BNC03G00|3496625498119847936|41580|2026-09-12T16:35:53|2026-09-12T18:18:37|0,w1_k09,scheduler_completed,default_full_pool_indexed_3600,False,40.0,full_pool_indexed_a01,,legacy_single_initial_attempt,9,True,True,/home/nc437/ladder-lite/full_pool_recovery_20260912/cases/w1_k09/mip_result.json,cd04e51df241e2c547a2da40fa2c87b228b17aafaa2d2474b5b92b90f8899c86,3600,True,COMPLETED
8,29424,3496625498120300544,3678,2026-09-12T18:36:35,2026-09-12T19:37:55,0:0,41582,41582,drF_w1_k10_M,scaglione-cpu-04,default_partition,15366,normal,Dependency,24G,0,s311M2BNC0HA00,2026-09-12T18:36:37,COMPLETED,2026-09-12T16:35:54,120,00:00:00,s311M2BNC0HA00|3496625498120300544|41582|2026-09-12T16:35:54|2026-09-12T18:36:37|0,w1_k10,scheduler_completed,default_full_pool_indexed_3600,False,2.0,full_pool_indexed_a01,,legacy_single_initial_attempt,10,True,True,/home/nc437/ladder-lite/full_pool_recovery_20260912/cases/w1_k10/mip_result.json,be64f170e71d1d724df0ba28744e767ba428c02ec8a89b6cf313f58072859f03,3600,True,COMPLETED
8,29856,3496625498120977408,3732,2026-09-12T19:19:41,2026-09-12T20:21:53,0:0,41584,41584,drF_w1_k11_M,sonic-cpu-01,default_partition,15366,normal,Dependency,24G,0,s311M2BNC15Z00,2026-09-12T19:19:41,COMPLETED,2026-09-12T16:35:55,120,00:00:00,s311M2BNC15Z00|3496625498120977408|41584|2026-09-12T16:35:55|2026-09-12T19:19:41|0,w1_k11,scheduler_completed,default_full_pool_indexed_3600,False,0.0,full_pool_indexed_a01,,legacy_single_initial_attempt,11,True,True,/home/nc437/ladder-lite/full_pool_recovery_20260912/cases/w1_k11/mip_result.json,a8e0771730b4dbba252b468f0d5419e8d0e0b72282bf0fa3de9e84b84ae7a3f6,3600,True,COMPLETED
8,30016,3496625498121399296,3752,2026-09-12T19:47:22,2026-09-12T20:50:14,0:0,41586,41586,drF_w1_k12_M,unicorn-cpu-01,default_partition,15366,normal,Dependency,24G,0,s311M2BNC1JV00,2026-09-12T19:47:42,COMPLETED,2026-09-12T16:35:55,120,00:00:00,s311M2BNC1JV00|3496625498121399296|41586|2026-09-12T16:35:55|2026-09-12T19:47:42|0,w1_k12,scheduler_completed,default_full_pool_indexed_3600,False,20.0,full_pool_indexed_a01,,legacy_single_initial_attempt,12,True,True,/home/nc437/ladder-lite/full_pool_recovery_20260912/cases/w1_k12/mip_result.json,73193dc75049e7fed1377832dea5e9cc5877d9f4bfcaecf18fe87dbb4969ddf8,3600,True,COMPLETED
8,29888,3496625498121817088,3736,2026-09-12T20:58:51,2026-09-12T22:01:25,0:0,41588,41588,drF_w1_k13_M,jingjie-cpu-02,default_partition,15366,normal,Dependency,24G,0,s311M2BNC1ZK00,2026-09-12T20:59:09,COMPLETED,2026-09-12T16:35:55,120,00:00:00,s311M2BNC1ZK00|3496625498121817088|41588|2026-09-12T16:35:55|2026-09-12T20:59:09|0,w1_k13,scheduler_completed,default_full_pool_indexed_3600,False,18.0,full_pool_indexed_a01,,legacy_single_initial_attempt,13,True,True,/home/nc437/ladder-lite/full_pool_recovery_20260912/cases/w1_k13/mip_result.json,7fa8e86a98d4bf519bb2dd76ccc86dbc196763a4e4d97735115c13d8530e5c5a,3600,True,COMPLETED
8,30800,3496625498122351616,3850,2026-09-12T22:14:52,2026-09-12T23:19:29,0:0,41590,41590,drF_w1_k14_M,snavely-cpu-13,default_partition,15366,normal,Dependency,24G,0,s311M2BNC2FX00,2026-09-12T22:15:19,COMPLETED,2026-09-12T16:35:56,120,00:00:00,s311M2BNC2FX00|3496625498122351616|41590|2026-09-12T16:35:56|2026-09-12T22:15:19|0,w1_k14,scheduler_completed,default_full_pool_indexed_3600,False,27.0,full_pool_indexed_a01,,legacy_single_initial_attempt,14,True,True,/home/nc437/ladder-lite/full_pool_recovery_20260912/cases/w1_k14/mip_result.json,da01d0f5a74d9fda4b0ee44fece9b99e0ba021eeacca6fae12296b5f1ca868cb,3600,True,COMPLETED
8,30240,3496625498122809344,3780,2026-09-13T00:52:43,2026-09-13T01:55:43,0:0,41592,41592,drF_w1_k15_M,sonic-cpu-01,default_partition,15366,normal,Dependency,24G,0,s311M2BNC2XW00,2026-09-13T00:52:43,COMPLETED,2026-09-12T16:35:56,120,00:00:00,s311M2BNC2XW00|3496625498122809344|41592|2026-09-12T16:35:56|2026-09-13T00:52:43|0,w1_k15,scheduler_completed,default_full_pool_indexed_3600,False,0.0,full_pool_indexed_a01,,legacy_single_initial_attempt,15,True,True,/home/nc437/ladder-lite/full_pool_recovery_20260912/cases/w1_k15/mip_result.json,46dbe4051866099d586458a1d47f379c6a0b51ee52eab315672c2295f6f33930,3600,True,COMPLETED
8,29552,3496625498123034624,3694,2026-09-12T17:09:15,2026-09-12T18:10:53,0:0,41593,41593,drF_w2_k09_M,snavely-cpu-12,default_partition,15366,normal,Dependency,24G,0,s311M2BNC34R00,2026-09-12T17:09:19,COMPLETED,2026-09-12T16:35:57,120,00:00:00,s311M2BNC34R00|3496625498123034624|41593|2026-09-12T16:35:57|2026-09-12T17:09:19|0,w2_k09,scheduler_completed,default_full_pool_indexed_3600,False,4.0,full_pool_indexed_a01,,legacy_single_initial_attempt,9,True,True,/home/nc437/ladder-lite/full_pool_recovery_20260912/cases/w2_k09/mip_result.json,3b8804908f04b61008fd9eba25acb97b1d93801a9608b606a1bf1025573f1025,3600,True,COMPLETED
8,29128,3496625498123504640,3641,2026-09-12T17:26:26,2026-09-12T18:27:12,0:0,41595,41595,drF_w2_k10_M,scaglione-cpu-01,default_partition,15366,normal,Dependency,24G,0,s311M2BNC3K300,2026-09-12T17:26:31,COMPLETED,2026-09-12T16:35:57,120,00:00:00,s311M2BNC3K300|3496625498123504640|41595|2026-09-12T16:35:57|2026-09-12T17:26:31|0,w2_k10,scheduler_completed,default_full_pool_indexed_3600,False,5.0,full_pool_indexed_a01,,legacy_single_initial_attempt,10,True,True,/home/nc437/ladder-lite/full_pool_recovery_20260912/cases/w2_k10/mip_result.json,b5134696019178324e2b91efc94380cfe22d7d2016c793b2d498b9b76d9138ee,3600,True,COMPLETED
8,29696,3496625498124394496,3712,2026-09-12T17:38:44,2026-09-12T18:40:50,0:0,41597,41597,drF_w2_k11_M,luxlab-cpu-02,default_partition,15366,normal,Dependency,24G,0,s311M2BNC4E800,2026-09-12T17:38:58,COMPLETED,2026-09-12T16:35:58,120,00:00:00,s311M2BNC4E800|3496625498124394496|41597|2026-09-12T16:35:58|2026-09-12T17:38:58|0,w2_k11,scheduler_completed,default_full_pool_indexed_3600,False,14.0,full_pool_indexed_a01,,legacy_single_initial_attempt,11,True,True,/home/nc437/ladder-lite/full_pool_recovery_20260912/cases/w2_k11/mip_result.json,29ece17f8ba9fd4a45f392db50dfb45610864b7c732e99a64c95360b1cdd34aa,3600,True,COMPLETED
8,29984,3496625498125046784,3748,2026-09-12T18:28:33,2026-09-12T19:31:04,0:0,41599,41599,drF_w2_k12_M,garg-cpu-02,default_partition,15366,normal,Dependency,24G,0,s311M2BNC52500,2026-09-12T18:28:36,COMPLETED,2026-09-12T16:35:59,120,00:00:00,s311M2BNC52500|3496625498125046784|41599|2026-09-12T16:35:59|2026-09-12T18:28:36|0,w2_k12,scheduler_completed,default_full_pool_indexed_3600,False,3.0,full_pool_indexed_a01,,legacy_single_initial_attempt,12,True,True,/home/nc437/ladder-lite/full_pool_recovery_20260912/cases/w2_k12/mip_result.json,c7e9a9c87e4bf58fdc8ad405ec9303aeb07df158e9ac126812026062f01595e3,3600,True,COMPLETED
8,30072,3496625498125572096,3759,2026-09-12T19:03:27,2026-09-12T20:06:20,0:0,41601,41601,drF_w2_k13_M,snavely-cpu-14,default_partition,15366,normal,Dependency,24G,0,s311M2BNC5J600,2026-09-12T19:03:41,COMPLETED,2026-09-12T16:35:59,120,00:00:00,s311M2BNC5J600|3496625498125572096|41601|2026-09-12T16:35:59|2026-09-12T19:03:41|0,w2_k13,scheduler_completed,default_full_pool_indexed_3600,False,14.0,full_pool_indexed_a01,,legacy_single_initial_attempt,13,True,True,/home/nc437/ladder-lite/full_pool_recovery_20260912/cases/w2_k13/mip_result.json,6f405ee6db830b8635a019f42d4f87eb384c9c71728c398fbeb4cc931c8029f1,3600,True,COMPLETED
8,29632,3496625498126220288,3704,2026-09-12T20:33:57,2026-09-12T21:35:42,0:0,41603,41603,drF_w2_k14_M,jingjie-cpu-03,default_partition,15366,normal,Dependency,24G,0,s311M2BNC65Z00,2026-09-12T20:33:58,COMPLETED,2026-09-12T16:36:00,120,00:00:00,s311M2BNC65Z00|3496625498126220288|41603|2026-09-12T16:36:00|2026-09-12T20:33:58|0,w2_k14,scheduler_completed,default_full_pool_indexed_3600,False,1.0,full_pool_indexed_a01,,legacy_single_initial_attempt,14,True,True,/home/nc437/ladder-lite/full_pool_recovery_20260912/cases/w2_k14/mip_result.json,8bf293847e829cf8ec8f671024978a0a3c614ac966f9992f5bc60237a229204a,3600,True,COMPLETED
8,30368,3496625498126787584,3796,2026-09-12T22:37:44,2026-09-12T23:42:37,0:0,41605,41605,drF_w2_k15_M,snavely-cpu-12,default_partition,15366,normal,Dependency,24G,0,s311M2BNC6Q900,2026-09-12T22:39:21,COMPLETED,2026-09-12T16:36:00,120,00:00:00,s311M2BNC6Q900|3496625498126787584|41605|2026-09-12T16:36:00|2026-09-12T22:39:21|0,w2_k15,scheduler_completed,default_full_pool_indexed_3600,False,97.0,full_pool_indexed_a01,,legacy_single_initial_attempt,15,True,True,/home/nc437/ladder-lite/full_pool_recovery_20260912/cases/w2_k15/mip_result.json,c1c06706c39a311d7abab711d07c69c6092236a0455ee3879891e9ae897ebfbb,3600,True,COMPLETED
8,29240,3496625498127891456,3655,2026-09-12T16:53:21,2026-09-12T17:54:17,0:0,41606,41606,drF_w3_k11_M,unicorn-cpu-01,default_partition,15366,normal,Dependency,24G,0,s311M2BNC7RZ00,2026-09-12T16:53:22,COMPLETED,2026-09-12T16:36:01,120,00:00:00,s311M2BNC7RZ00|3496625498127891456|41606|2026-09-12T16:36:01|2026-09-12T16:53:22|0,w3_k11,scheduler_completed,default_full_pool_indexed_3600,False,1.0,full_pool_indexed_a01,,legacy_single_initial_attempt,11,True,True,/home/nc437/ladder-lite/full_pool_recovery_20260912/cases/w3_k11/mip_result.json,190d5eeba510ac99b019f9776007731da21c8242b678cabb5a63bd1ed628922c,3600,True,COMPLETED
8,29216,3496625498128777216,3652,2026-09-12T17:07:23,2026-09-12T18:08:15,0:0,41608,41608,drF_w3_k12_M,sonic-cpu-01,default_partition,15366,normal,Dependency,24G,0,s311M2BNC8M000,2026-09-12T17:07:23,COMPLETED,2026-09-12T16:36:02,120,00:00:00,s311M2BNC8M000|3496625498128777216|41608|2026-09-12T16:36:02|2026-09-12T17:07:23|0,w3_k12,scheduler_completed,default_full_pool_indexed_3600,False,0.0,full_pool_indexed_a01,,legacy_single_initial_attempt,12,True,True,/home/nc437/ladder-lite/full_pool_recovery_20260912/cases/w3_k12/mip_result.json,e96643c770f6073c5a72c1738d6718b5f38620c13c9960510293b449c7a0c88d,3600,True,COMPLETED
8,29664,3496625498129240064,3708,2026-09-12T17:32:27,2026-09-12T18:34:15,0:0,41610,41610,drF_w3_k13_M,snavely-cpu-15,default_partition,15366,normal,Dependency,24G,0,s311M2BNC92400,2026-09-12T17:32:27,COMPLETED,2026-09-12T16:36:03,120,00:00:00,s311M2BNC92400|3496625498129240064|41610|2026-09-12T16:36:03|2026-09-12T17:32:27|0,w3_k13,scheduler_completed,default_full_pool_indexed_3600,False,0.0,full_pool_indexed_a01,,legacy_single_initial_attempt,13,True,True,/home/nc437/ladder-lite/full_pool_recovery_20260912/cases/w3_k13/mip_result.json,9c72b4983c798cec8ae63f05543aeb21a22b693864924c53e726789360817a21,3600,True,COMPLETED
8,29416,3496625498130582528,3677,2026-09-12T17:55:56,2026-09-12T18:57:49,0:0,41612,41612,drF_w3_k14_M,unicorn-cpu-01,default_partition,15366,normal,Dependency,24G,0,s311M2BNCAB300,2026-09-12T17:56:32,COMPLETED,2026-09-12T16:36:04,120,00:00:00,s311M2BNCAB300|3496625498130582528|41612|2026-09-12T16:36:04|2026-09-12T17:56:32|0,w3_k14,scheduler_completed,default_full_pool_indexed_3600,False,36.0,full_pool_indexed_a01,,legacy_single_initial_attempt,14,True,True,/home/nc437/ladder-lite/full_pool_recovery_20260912/cases/w3_k14/mip_result.json,0735e1a94d549ef71395e8bd9d3ca916a3a01e80965ee300b7d38b270192511f,3600,True,COMPLETED
8,29832,3496625498131321856,3729,2026-09-12T18:30:15,2026-09-12T19:32:45,0:0,41614,41614,drF_w3_k15_M,snavely-cpu-12,default_partition,15366,normal,Dependency,24G,0,s311M2BNCB1N00,2026-09-12T18:30:36,COMPLETED,2026-09-12T16:36:05,120,00:00:00,s311M2BNCB1N00|3496625498131321856|41614|2026-09-12T16:36:05|2026-09-12T18:30:36|0,w3_k15,scheduler_completed,default_full_pool_indexed_3600,False,21.0,full_pool_indexed_a01,,legacy_single_initial_attempt,15,True,True,/home/nc437/ladder-lite/full_pool_recovery_20260912/cases/w3_k15/mip_result.json,ee9e93f051128616d17e67adc3fd6faf001e701bfb8aad7c3381d795c3ba3084,3600,True,COMPLETED
8,29232,3496625498131528704,3654,2026-09-12T16:56:54,2026-09-12T17:58:15,0:0,41615,41615,drF_w4_k10_M,jingjie-cpu-21,default_partition,15366,normal,Dependency,24G,0,s311M2BNCB7Z00,2026-09-12T16:57:21,COMPLETED,2026-09-12T16:36:05,120,00:00:00,s311M2BNCB7Z00|3496625498131528704|41615|2026-09-12T16:36:05|2026-09-12T16:57:21|0,w4_k10,scheduler_completed,default_full_pool_indexed_3600,False,27.0,full_pool_indexed_a01,,legacy_single_initial_attempt,10,True,True,/home/nc437/ladder-lite/full_pool_recovery_20260912/cases/w4_k10/mip_result.json,47bbb7740ab76634eba52abab94b8f0a69a8c1d2776a3cff38bcaf6b593d0629,3600,True,COMPLETED
8,29656,3496625498132148224,3707,2026-09-12T17:24:40,2026-09-12T18:27:14,0:0,41617,41617,drF_w4_k11_M,snavely-cpu-13,default_partition,15366,normal,Dependency,24G,0,s311M2BNCBTW00,2026-09-12T17:25:27,COMPLETED,2026-09-12T16:36:05,120,00:00:00,s311M2BNCBTW00|3496625498132148224|41617|2026-09-12T16:36:05|2026-09-12T17:25:27|0,w4_k11,scheduler_completed,default_full_pool_indexed_3600,False,47.0,full_pool_indexed_a01,,legacy_single_initial_attempt,11,True,True,/home/nc437/ladder-lite/full_pool_recovery_20260912/cases/w4_k11/mip_result.json,65bb6ff028f9003a4f2f03c15694daee194151a74816ed519518ad1bc34e7e81,3600,True,COMPLETED
8,29384,3496625498132761600,3673,2026-09-12T17:32:27,2026-09-12T18:33:40,0:0,41619,41619,drF_w4_k12_M,totient-cpu-05,default_partition,15366,normal,Dependency,24G,0,s311M2BNCCDK00,2026-09-12T17:32:27,COMPLETED,2026-09-12T16:36:06,120,00:00:00,s311M2BNCCDK00|3496625498132761600|41619|2026-09-12T16:36:06|2026-09-12T17:32:27|0,w4_k12,scheduler_completed,default_full_pool_indexed_3600,False,0.0,full_pool_indexed_a01,,legacy_single_initial_attempt,12,True,True,/home/nc437/ladder-lite/full_pool_recovery_20260912/cases/w4_k12/mip_result.json,4390fdbc4a1361f7c68bdd2537331dbb41cdf4117ff9ddc7d37253b7d7747cae,3600,True,COMPLETED
8,29504,3496625498133188608,3688,2026-09-12T18:15:57,2026-09-12T19:18:04,0:0,41621,41621,drF_w4_k13_M,totient-cpu-06,default_partition,15366,normal,Dependency,24G,0,s311M2BNCCTM00,2026-09-12T18:16:36,COMPLETED,2026-09-12T16:36:06,120,00:00:00,s311M2BNCCTM00|3496625498133188608|41621|2026-09-12T16:36:06|2026-09-12T18:16:36|0,w4_k13,scheduler_completed,default_full_pool_indexed_3600,False,39.0,full_pool_indexed_a01,,legacy_single_initial_attempt,13,True,True,/home/nc437/ladder-lite/full_pool_recovery_20260912/cases/w4_k13/mip_result.json,465da6eba5199a3345fb575475eb8f267d966932ca118cf68b8641aeaaff76f0,3600,True,COMPLETED
8,29616,3496625498133736448,3702,2026-09-12T19:16:31,2026-09-12T20:18:23,0:0,41623,41623,drF_w4_k14_M,unicorn-cpu-01,default_partition,15366,normal,Dependency,24G,0,s311M2BNCDBB00,2026-09-12T19:16:41,COMPLETED,2026-09-12T16:36:07,120,00:00:00,s311M2BNCDBB00|3496625498133736448|41623|2026-09-12T16:36:07|2026-09-12T19:16:41|0,w4_k14,scheduler_completed,default_full_pool_indexed_3600,False,10.0,full_pool_indexed_a01,,legacy_single_initial_attempt,14,True,True,/home/nc437/ladder-lite/full_pool_recovery_20260912/cases/w4_k14/mip_result.json,b1e1caba5114675dd63db09e8aed020c4fc3294c9087d8e7806ca51b1ec98a65,3600,True,COMPLETED
8,30408,3496625498134309888,3801,2026-09-12T20:21:51,2026-09-12T21:25:17,0:0,41625,41625,drF_w4_k15_M,snavely-cpu-14,default_partition,15366,normal,Dependency,24G,0,s311M2BNCDWV00,2026-09-12T20:21:56,COMPLETED,2026-09-12T16:36:08,120,00:00:00,s311M2BNCDWV00|3496625498134309888|41625|2026-09-12T16:36:08|2026-09-12T20:21:56|0,w4_k15,scheduler_completed,default_full_pool_indexed_3600,False,5.0,full_pool_indexed_a01,,legacy_single_initial_attempt,15,True,True,/home/nc437/ladder-lite/full_pool_recovery_20260912/cases/w4_k15/mip_result.json,a69b6f83d6846d06de45ddf4cb5a94c2164c707078a4fa8033d6ba23d1f0f725,3600,True,COMPLETED
8,29392,3496625498134583296,3674,2026-09-12T17:20:09,2026-09-12T18:21:40,0:0,41626,41626,drF_w5_k11_M,totient-cpu-04,default_partition,15366,normal,Dependency,24G,0,s311M2BNCE5600,2026-09-12T17:20:26,COMPLETED,2026-09-12T16:36:08,120,00:00:00,s311M2BNCE5600|3496625498134583296|41626|2026-09-12T16:36:08|2026-09-12T17:20:26|0,w5_k11,scheduler_completed,default_full_pool_indexed_3600,False,17.0,full_pool_indexed_a01,,legacy_single_initial_attempt,11,True,True,/home/nc437/ladder-lite/full_pool_recovery_20260912/cases/w5_k11/mip_result.json,2104661ad29102ccd31b7220cc3cc833f720fb95e5dbe2a171a8072cc1b93ae4,3600,True,COMPLETED
8,29392,3496625498135080960,3674,2026-09-12T17:42:47,2026-09-12T18:44:42,0:0,41628,41628,drF_w5_k12_M,sonic-cpu-02,default_partition,15366,normal,Dependency,24G,0,s311M2BNCEMC00,2026-09-12T17:43:28,COMPLETED,2026-09-12T16:36:08,120,00:00:00,s311M2BNCEMC00|3496625498135080960|41628|2026-09-12T16:36:08|2026-09-12T17:43:28|0,w5_k12,scheduler_completed,default_full_pool_indexed_3600,False,41.0,full_pool_indexed_a01,,legacy_single_initial_attempt,12,True,True,/home/nc437/ladder-lite/full_pool_recovery_20260912/cases/w5_k12/mip_result.json,1e643b1f49fa255a4ddaf7d79a107046e36b123b140986d70d7a71e738bd6aee,3600,True,COMPLETED
8,29448,3496625498135762944,3681,2026-09-12T18:10:16,2026-09-12T19:11:54,0:0,41630,41630,drF_w5_k13_M,sonic-cpu-01,default_partition,15366,normal,Dependency,24G,0,s311M2BNCF9600,2026-09-12T18:10:33,COMPLETED,2026-09-12T16:36:09,120,00:00:00,s311M2BNCF9600|3496625498135762944|41630|2026-09-12T16:36:09|2026-09-12T18:10:33|0,w5_k13,scheduler_completed,default_full_pool_indexed_3600,False,17.0,full_pool_indexed_a01,,legacy_single_initial_attempt,13,True,True,/home/nc437/ladder-lite/full_pool_recovery_20260912/cases/w5_k13/mip_result.json,da78b5799f0e6145d28f82ebea1f6ee0c407c1f9155870e5dfd18284a7872b90,3600,True,COMPLETED
8,29920,3496625498136397824,3740,2026-09-12T18:48:06,2026-09-12T19:50:58,0:0,41632,41632,drF_w5_k14_M,snavely-cpu-13,default_partition,15366,normal,Dependency,24G,0,s311M2BNCFWJ00,2026-09-12T18:48:38,COMPLETED,2026-09-12T16:36:10,120,00:00:00,s311M2BNCFWJ00|3496625498136397824|41632|2026-09-12T16:36:10|2026-09-12T18:48:38|0,w5_k14,scheduler_completed,default_full_pool_indexed_3600,False,32.0,full_pool_indexed_a01,,legacy_single_initial_attempt,14,True,True,/home/nc437/ladder-lite/full_pool_recovery_20260912/cases/w5_k14/mip_result.json,55518c37f3cd3ef51c69f34c301bbc455a861d10968dc0789ccd53e9588fb7fa,3600,True,COMPLETED
8,30088,3496625498137097216,3761,2026-09-12T19:41:42,2026-09-12T20:44:23,0:0,41634,41634,drF_w5_k15_M,snavely-cpu-12,default_partition,15366,normal,Dependency,24G,0,s311M2BNCGHX00,2026-09-12T19:41:42,COMPLETED,2026-09-12T16:36:10,120,00:00:00,s311M2BNCGHX00|3496625498137097216|41634|2026-09-12T16:36:10|2026-09-12T19:41:42|0,w5_k15,scheduler_completed,default_full_pool_indexed_3600,False,0.0,full_pool_indexed_a01,,legacy_single_initial_attempt,15,True,True,/home/nc437/ladder-lite/full_pool_recovery_20260912/cases/w5_k15/mip_result.json,e48e4a4f03e19b7ff1d99540a3e8845954cb296c279e0910a50ee511ff44c154,3600,True,COMPLETED
8,29176,3496625498137310208,3647,2026-09-12T16:57:21,2026-09-12T17:58:08,0:0,41635,41635,drF_w6_k11_M,jingjie-cpu-21,default_partition,15366,normal,Dependency,24G,0,s311M2BNCGRD00,2026-09-12T16:57:21,COMPLETED,2026-09-12T16:36:11,120,00:00:00,s311M2BNCGRD00|3496625498137310208|41635|2026-09-12T16:36:11|2026-09-12T16:57:21|0,w6_k11,scheduler_completed,default_full_pool_indexed_3600,False,0.0,full_pool_indexed_a01,,legacy_single_initial_attempt,11,True,True,/home/nc437/ladder-lite/full_pool_recovery_20260912/cases/w6_k11/mip_result.json,a2e6ef001019099a60b1b01f690741286b2196145835bc7bf3efdbff7ce92f3e,3600,True,COMPLETED
8,29440,3496625498137746432,3680,2026-09-12T17:54:15,2026-09-12T18:55:38,0:0,41637,41637,drF_w6_k12_M,harpo,default_partition,15366,normal,Dependency,24G,0,s311M2BNCH5Q00,2026-09-12T17:54:18,COMPLETED,2026-09-12T16:36:11,120,00:00:00,s311M2BNCH5Q00|3496625498137746432|41637|2026-09-12T16:36:11|2026-09-12T17:54:18|0,w6_k12,scheduler_completed,default_full_pool_indexed_3600,False,3.0,full_pool_indexed_a01,,legacy_single_initial_attempt,12,True,True,/home/nc437/ladder-lite/full_pool_recovery_20260912/cases/w6_k12/mip_result.json,a9bcfdb85a79359aca77dccb5f0e096c439f858ea59cc1ec1d55547ad5645cae,3600,True,COMPLETED
8,29920,3496625498138223616,3740,2026-09-12T19:10:13,2026-09-12T20:13:01,0:0,41639,41639,drF_w6_k13_M,snavely-cpu-15,default_partition,15366,normal,Dependency,24G,0,s311M2BNCHM900,2026-09-12T19:10:41,COMPLETED,2026-09-12T16:36:11,120,00:00:00,s311M2BNCHM900|3496625498138223616|41639|2026-09-12T16:36:11|2026-09-12T19:10:41|0,w6_k13,scheduler_completed,default_full_pool_indexed_3600,False,28.0,full_pool_indexed_a01,,legacy_single_initial_attempt,13,True,True,/home/nc437/ladder-lite/full_pool_recovery_20260912/cases/w6_k13/mip_result.json,0a9e5ef33264c6d798ad23ed87d59323291b791e6651f57ecdfa087a3e6dfc51,3600,True,COMPLETED
8,30024,3496625498138795008,3753,2026-09-12T20:16:50,2026-09-12T21:19:29,0:0,41641,41641,drF_w6_k14_M,snavely-cpu-13,default_partition,15366,normal,Dependency,24G,0,s311M2BNCJ5Q00,2026-09-12T20:16:56,COMPLETED,2026-09-12T16:36:12,120,00:00:00,s311M2BNCJ5Q00|3496625498138795008|41641|2026-09-12T16:36:12|2026-09-12T20:16:56|0,w6_k14,scheduler_completed,default_full_pool_indexed_3600,False,6.0,full_pool_indexed_a01,,legacy_single_initial_attempt,14,True,True,/home/nc437/ladder-lite/full_pool_recovery_20260912/cases/w6_k14/mip_result.json,b85bbc1683b7269998eb33e97e9fe220b56c1fb109f2c274ede94fa9956ded41,3600,True,COMPLETED
8,30168,3496625498139371520,3771,2026-09-12T21:21:36,2026-09-12T22:25:04,0:0,41643,41643,drF_w6_k15_M,snavely-cpu-12,default_partition,15366,normal,Dependency,24G,0,s311M2BNCJQA00,2026-09-12T21:22:13,COMPLETED,2026-09-12T16:36:13,120,00:00:00,s311M2BNCJQA00|3496625498139371520|41643|2026-09-12T16:36:13|2026-09-12T21:22:13|0,w6_k15,scheduler_completed,default_full_pool_indexed_3600,False,37.0,full_pool_indexed_a01,,legacy_single_initial_attempt,15,True,True,/home/nc437/ladder-lite/full_pool_recovery_20260912/cases/w6_k15/mip_result.json,8cf6cf3c3eebf9304a38a9f305d58d77c2424faf2557559801f48d15a637be16,3600,True,COMPLETED
0,0,3496625498145453056,0,Unknown,2026-09-12T16:37:28,0:0,41647,41647,drG_d00_g3_mip,None assigned,default_partition,15366,normal,None,24G,0,s311M2BNCRGX00,None,CANCELLED,2026-09-12T16:36:18,120,00:00:00,s311M2BNCRGX00|3496625498145453056|41647|2026-09-12T16:36:18|None|0,d00_g3,not_started,default_shared_graph_recovery_3600,False,,shared_graph_recovery_a01,,legacy_single_initial_attempt,,,False,/home/nc437/ladder-lite/graph_recovery_20260912/cases/d00_g3/mip_result.json,,3600,False,CANCELLED
0,0,3496625498145965056,0,Unknown,2026-09-12T16:37:28,0:0,41649,41649,drG_join00_mip,None assigned,default_partition,15367,normal,None,64G,0,s311M2BNCS0H00,None,CANCELLED,2026-09-12T16:36:19,120,00:00:00,s311M2BNCS0H00|3496625498145965056|41649|2026-09-12T16:36:19|None|0,join00,not_started,default_shared_graph_recovery_3600,False,,shared_graph_recovery_a01,,legacy_single_initial_attempt,,,False,/home/nc437/ladder-lite/graph_recovery_20260912/cases/join00/mip_result.json,,3600,False,CANCELLED
0,0,3496625498146587648,0,Unknown,2026-09-12T16:37:28,0:0,41651,41651,drG_join01_mip,None assigned,default_partition,15367,normal,None,64G,0,s311M2BNCSKH00,None,CANCELLED,2026-09-12T16:36:20,120,00:00:00,s311M2BNCSKH00|3496625498146587648|41651|2026-09-12T16:36:20|None|0,join01,not_started,default_shared_graph_recovery_3600,False,,shared_graph_recovery_a01,,legacy_single_initial_attempt,,,False,/home/nc437/ladder-lite/graph_recovery_20260912/cases/join01/mip_result.json,,3600,False,CANCELLED
0,0,3496625498147126272,0,Unknown,2026-09-12T16:37:28,0:0,41653,41653,drG_join02_mip,None assigned,default_partition,15367,normal,None,64G,0,s311M2BNCT3Z00,None,CANCELLED,2026-09-12T16:36:20,120,00:00:00,s311M2BNCT3Z00|3496625498147126272|41653|2026-09-12T16:36:20|None|0,join02,not_started,default_shared_graph_recovery_3600,False,,shared_graph_recovery_a01,,legacy_single_initial_attempt,,,False,/home/nc437/ladder-lite/graph_recovery_20260912/cases/join02/mip_result.json,,3600,False,CANCELLED
0,0,3496625498147794944,0,Unknown,2026-09-12T16:37:28,0:0,41655,41655,drG_join03_mip,None assigned,default_partition,15367,normal,None,64G,0,s311M2BNCTRC00,None,CANCELLED,2026-09-12T16:36:21,120,00:00:00,s311M2BNCTRC00|3496625498147794944|41655|2026-09-12T16:36:21|None|0,join03,not_started,default_shared_graph_recovery_3600,False,,shared_graph_recovery_a01,,legacy_single_initial_attempt,,,False,/home/nc437/ladder-lite/graph_recovery_20260912/cases/join03/mip_result.json,,3600,False,CANCELLED
0,0,3496625498152317952,0,Unknown,2026-09-12T16:37:28,0:0,41660,41660,drG_join04_mip,None assigned,default_partition,15367,normal,None,64G,0,s311M2BNCZ2D00,None,CANCELLED,2026-09-12T16:36:25,120,00:00:00,s311M2BNCZ2D00|3496625498152317952|41660|2026-09-12T16:36:25|None|0,join04,not_started,default_shared_graph_recovery_3600,False,,shared_graph_recovery_a01,,legacy_single_initial_attempt,,,False,/home/nc437/ladder-lite/graph_recovery_20260912/cases/join04/mip_result.json,,3600,False,CANCELLED
0,0,3496625498153457664,0,Unknown,2026-09-12T16:37:28,0:0,41662,41662,drG_join05_mip,None assigned,default_partition,15367,normal,None,64G,0,s311M2BND05600,None,CANCELLED,2026-09-12T16:36:26,120,00:00:00,s311M2BND05600|3496625498153457664|41662|2026-09-12T16:36:26|None|0,join05,not_started,default_shared_graph_recovery_3600,False,,shared_graph_recovery_a01,,legacy_single_initial_attempt,,,False,/home/nc437/ladder-lite/graph_recovery_20260912/cases/join05/mip_result.json,,3600,False,CANCELLED
0,0,3496625498154463232,0,Unknown,2026-09-12T16:37:28,0:0,41664,41664,drG_join06_mip,None assigned,default_partition,15367,normal,None,64G,0,s311M2BND13W00,None,CANCELLED,2026-09-12T16:36:27,120,00:00:00,s311M2BND13W00|3496625498154463232|41664|2026-09-12T16:36:27|None|0,join06,not_started,default_shared_graph_recovery_3600,False,,shared_graph_recovery_a01,,legacy_single_initial_attempt,,,False,/home/nc437/ladder-lite/graph_recovery_20260912/cases/join06/mip_result.json,,3600,False,CANCELLED
0,0,3496625498155146240,0,Unknown,2026-09-12T16:37:28,0:0,41666,41666,drG_join07_mip,None assigned,default_partition,15367,normal,None,64G,0,s311M2BND1RQ00,None,CANCELLED,2026-09-12T16:36:28,120,00:00:00,s311M2BND1RQ00|3496625498155146240|41666|2026-09-12T16:36:28|None|0,join07,not_started,default_shared_graph_recovery_3600,False,,shared_graph_recovery_a01,,legacy_single_initial_attempt,,,False,/home/nc437/ladder-lite/graph_recovery_20260912/cases/join07/mip_result.json,,3600,False,CANCELLED
0,0,3496625498156144640,0,Unknown,2026-09-12T16:37:28,0:0,41668,41668,drG_join08_mip,None assigned,default_partition,15367,normal,None,64G,0,s311M2BND2Q600,None,CANCELLED,2026-09-12T16:36:29,120,00:00:00,s311M2BND2Q600|3496625498156144640|41668|2026-09-12T16:36:29|None|0,join08,not_started,default_shared_graph_recovery_3600,False,,shared_graph_recovery_a01,,legacy_single_initial_attempt,,,False,/home/nc437/ladder-lite/graph_recovery_20260912/cases/join08/mip_result.json,,3600,False,CANCELLED
0,0,3496625498156624896,0,Unknown,2026-09-12T16:37:28,0:0,41670,41670,drG_join09_mip,None assigned,default_partition,15367,normal,None,64G,0,s311M2BND35V00,None,CANCELLED,2026-09-12T16:36:29,120,00:00:00,s311M2BND35V00|3496625498156624896|41670|2026-09-12T16:36:29|None|0,join09,not_started,default_shared_graph_recovery_3600,False,,shared_graph_recovery_a01,,legacy_single_initial_attempt,,,False,/home/nc437/ladder-lite/graph_recovery_20260912/cases/join09/mip_result.json,,3600,False,CANCELLED
8,30112,3496625498471221248,3764,2026-09-13T00:08:35,2026-09-13T01:11:19,0:0,42511,42511,drG_d00_g3_mip,garg-cpu-02,default_partition,15366,normal,Dependency,24G,0,s311M2BNPF6J00,2026-09-13T00:08:35,COMPLETED,2026-09-12T16:41:37,120,00:00:00,s311M2BNPF6J00|3496625498471221248|42511|2026-09-12T16:41:37|2026-09-13T00:08:35|0,d00_g3,scheduler_completed,default_shared_graph_recovery_3600,False,0.0,shared_graph_recovery_a01,,legacy_single_initial_attempt,14,True,True,/home/nc437/ladder-lite/graph_recovery_retry2_20260912/cases/d00_g3/mip_result.json,3fc1912707dd6c5e3ded680314d2654c2c2dbf173bcbb28f679f602329fe6048,3600,True,COMPLETED
0,0,3496625498472051712,0,Unknown,2026-09-13T05:14:43,0:0,42513,42513,drG_join00_mip,None assigned,default_partition,15367,normal,None,64G,0,s311M2BNPFZX00,None,CANCELLED,2026-09-12T16:41:37,120,00:00:00,s311M2BNPFZX00|3496625498472051712|42513|2026-09-12T16:41:37|None|0,join00,not_started,default_shared_graph_recovery_3600,False,,shared_graph_recovery_a01,,legacy_single_initial_attempt,,,False,/home/nc437/ladder-lite/graph_recovery_retry2_20260912/cases/join00/mip_result.json,,3600,False,CANCELLED
0,0,3496625498472498176,0,Unknown,2026-09-13T05:14:43,0:0,42515,42515,drG_join01_mip,None assigned,default_partition,15367,normal,None,64G,0,s311M2BNPGDH00,None,CANCELLED,2026-09-12T16:41:38,120,00:00:00,s311M2BNPGDH00|3496625498472498176|42515|2026-09-12T16:41:38|None|0,join01,not_started,default_shared_graph_recovery_3600,False,,shared_graph_recovery_a01,,legacy_single_initial_attempt,,,False,/home/nc437/ladder-lite/graph_recovery_retry2_20260912/cases/join01/mip_result.json,,3600,False,CANCELLED
0,0,3496625498473261056,0,Unknown,2026-09-13T05:14:43,0:0,42517,42517,drG_join02_mip,None assigned,default_partition,15367,normal,None,64G,0,s311M2BNPH4T00,None,CANCELLED,2026-09-12T16:41:39,120,00:00:00,s311M2BNPH4T00|3496625498473261056|42517|2026-09-12T16:41:39|None|0,join02,not_started,default_shared_graph_recovery_3600,False,,shared_graph_recovery_a01,,legacy_single_initial_attempt,,,False,/home/nc437/ladder-lite/graph_recovery_retry2_20260912/cases/join02/mip_result.json,,3600,False,CANCELLED
0,0,3496625498474361856,0,Unknown,2026-09-13T05:14:43,0:0,42519,42519,drG_join03_mip,None assigned,default_partition,15367,normal,None,64G,0,s311M2BNPJ6D00,None,CANCELLED,2026-09-12T16:41:40,120,00:00:00,s311M2BNPJ6D00|3496625498474361856|42519|2026-09-12T16:41:40|None|0,join03,not_started,default_shared_graph_recovery_3600,False,,shared_graph_recovery_a01,,legacy_single_initial_attempt,,,False,/home/nc437/ladder-lite/graph_recovery_retry2_20260912/cases/join03/mip_result.json,,3600,False,CANCELLED
0,0,3496625498475293696,0,Unknown,2026-09-13T05:14:43,0:0,42521,42521,drG_join04_mip,None assigned,default_partition,15367,normal,None,64G,0,s311M2BNPK2V00,None,CANCELLED,2026-09-12T16:41:41,120,00:00:00,s311M2BNPK2V00|3496625498475293696|42521|2026-09-12T16:41:41|None|0,join04,not_started,default_shared_graph_recovery_3600,False,,shared_graph_recovery_a01,,legacy_single_initial_attempt,,,False,/home/nc437/ladder-lite/graph_recovery_retry2_20260912/cases/join04/mip_result.json,,3600,False,CANCELLED
0,0,3496625498476251136,0,Unknown,2026-09-13T05:14:43,0:0,42523,42523,drG_join05_mip,None assigned,default_partition,15367,normal,None,64G,0,s311M2BNPM0200,None,CANCELLED,2026-09-12T16:41:42,120,00:00:00,s311M2BNPM0200|3496625498476251136|42523|2026-09-12T16:41:42|None|0,join05,not_started,default_shared_graph_recovery_3600,False,,shared_graph_recovery_a01,,legacy_single_initial_attempt,,,False,/home/nc437/ladder-lite/graph_recovery_retry2_20260912/cases/join05/mip_result.json,,3600,False,CANCELLED
0,0,3496625498477247488,0,Unknown,2026-09-13T05:14:43,0:0,42525,42525,drG_join06_mip,None assigned,default_partition,15367,normal,None,64G,0,s311M2BNPMYF00,None,CANCELLED,2026-09-12T16:41:42,120,00:00:00,s311M2BNPMYF00|3496625498477247488|42525|2026-09-12T16:41:42|None|0,join06,not_started,default_shared_graph_recovery_3600,False,,shared_graph_recovery_a01,,legacy_single_initial_attempt,,,False,/home/nc437/ladder-lite/graph_recovery_retry2_20260912/cases/join06/mip_result.json,,3600,False,CANCELLED
0,0,3496625498477806592,0,Unknown,2026-09-13T05:14:43,0:0,42527,42527,drG_join07_mip,None assigned,default_partition,15367,normal,None,64G,0,s311M2BNPNFH00,None,CANCELLED,2026-09-12T16:41:43,120,00:00:00,s311M2BNPNFH00|3496625498477806592|42527|2026-09-12T16:41:43|None|0,join07,not_started,default_shared_graph_recovery_3600,False,,shared_graph_recovery_a01,,legacy_single_initial_attempt,,,False,/home/nc437/ladder-lite/graph_recovery_retry2_20260912/cases/join07/mip_result.json,,3600,False,CANCELLED
0,0,3496625498478474240,0,Unknown,2026-09-13T05:14:43,0:0,42529,42529,drG_join08_mip,None assigned,default_partition,15367,normal,None,64G,0,s311M2BNPP3X00,None,CANCELLED,2026-09-12T16:41:44,120,00:00:00,s311M2BNPP3X00|3496625498478474240|42529|2026-09-12T16:41:44|None|0,join08,not_started,default_shared_graph_recovery_3600,False,,shared_graph_recovery_a01,,legacy_single_initial_attempt,,,False,/home/nc437/ladder-lite/graph_recovery_retry2_20260912/cases/join08/mip_result.json,,3600,False,CANCELLED
0,0,3496625498479884288,0,Unknown,2026-09-13T05:14:43,0:0,42531,42531,drG_join09_mip,None assigned,default_partition,15367,normal,None,64G,0,s311M2BNPQEY00,None,CANCELLED,2026-09-12T16:41:45,120,00:00:00,s311M2BNPQEY00|3496625498479884288|42531|2026-09-12T16:41:45|None|0,join09,not_started,default_shared_graph_recovery_3600,False,,shared_graph_recovery_a01,,legacy_single_initial_attempt,,,False,/home/nc437/ladder-lite/graph_recovery_retry2_20260912/cases/join09/mip_result.json,,3600,False,CANCELLED
8,97120,3496625518741325824,12140,2026-09-12T22:11:32,2026-09-13T01:34:39,0:0,88586,88586,cmp_w1_k08_index_r1,unicorn-cpu-76,default_partition,15367,normal,None,96G,0,s311M2C8JJ9200,2026-09-12T22:12:19,COMPLETED,2026-09-12T22:11:32,420,00:00:00,s311M2C8JJ9200|3496625518741325824|88586|2026-09-12T22:11:32|2026-09-12T22:12:19|0,w1_k08_index_r1,scheduler_completed,default_controlled_pairs_7h,False,47.0,controlled_pair_initial,,legacy_single_initial_attempt,,,False,,,21600,True,COMPLETED
8,101680,3496625518741780480,12710,2026-09-12T22:11:32,2026-09-13T01:44:09,0:0,88587,88587,cmp_w1_k08_index_r2,garg-cpu-02,default_partition,15367,normal,None,96G,0,s311M2C8JJPY00,2026-09-12T22:12:19,COMPLETED,2026-09-12T22:11:32,420,00:00:00,s311M2C8JJPY00|3496625518741780480|88587|2026-09-12T22:11:32|2026-09-12T22:12:19|0,w1_k08_index_r2,scheduler_completed,default_controlled_pairs_7h,False,47.0,controlled_pair_initial,,legacy_single_initial_attempt,,,False,,,21600,True,COMPLETED
8,81392,3496625518742259712,10174,2026-09-12T22:11:33,2026-09-13T01:01:53,0:0,88588,88588,cmp_w1_k08_pool_r1,jingjie-cpu-08,default_partition,15367,normal,None,96G,0,s311M2C8JK5J00,2026-09-12T22:12:19,COMPLETED,2026-09-12T22:11:33,420,00:00:00,s311M2C8JK5J00|3496625518742259712|88588|2026-09-12T22:11:33|2026-09-12T22:12:19|0,w1_k08_pool_r1,scheduler_completed,default_controlled_pairs_7h,False,46.0,controlled_pair_initial,,legacy_single_initial_attempt,,,False,,,21600,True,COMPLETED
8,81352,3496625518742598656,10169,2026-09-12T22:11:33,2026-09-13T01:01:48,0:0,88590,88590,cmp_w1_k08_pool_r2,jingjie-cpu-10,default_partition,15367,normal,None,96G,0,s311M2C8JKFX00,2026-09-12T22:12:19,COMPLETED,2026-09-12T22:11:33,420,00:00:00,s311M2C8JKFX00|3496625518742598656|88590|2026-09-12T22:11:33|2026-09-12T22:12:19|0,w1_k08_pool_r2,scheduler_completed,default_controlled_pairs_7h,False,46.0,controlled_pair_initial,,legacy_single_initial_attempt,,,False,,,21600,True,COMPLETED
8,73776,3496625518743160832,9222,2026-09-12T22:11:33,2026-09-13T00:46:01,0:0,88591,88591,cmp_w1_k08_master_r1,jingjie-cpu-09,default_partition,15367,normal,None,96G,0,s311M2C8JM1200,2026-09-12T22:12:19,COMPLETED,2026-09-12T22:11:33,420,00:00:00,s311M2C8JM1200|3496625518743160832|88591|2026-09-12T22:11:33|2026-09-12T22:12:19|0,w1_k08_master_r1,scheduler_completed,default_controlled_pairs_7h,False,46.0,controlled_pair_initial,,legacy_single_initial_attempt,,,False,,,21600,True,COMPLETED
8,73696,3496625518743371776,9212,2026-09-12T22:11:34,2026-09-13T00:45:51,0:0,88592,88592,cmp_w1_k08_master_r2,jingjie-cpu-12,default_partition,15367,normal,None,96G,0,s311M2C8JM7G00,2026-09-12T22:12:19,COMPLETED,2026-09-12T22:11:34,420,00:00:00,s311M2C8JM7G00|3496625518743371776|88592|2026-09-12T22:11:34|2026-09-12T22:12:19|0,w1_k08_master_r2,scheduler_completed,default_controlled_pairs_7h,False,45.0,controlled_pair_initial,,legacy_single_initial_attempt,,,False,,,21600,True,COMPLETED
8,98024,3496625518743586816,12253,2026-09-12T22:11:34,2026-09-13T01:36:32,0:0,88593,88593,cmp_w4_k10_index_r1,jingjie-cpu-13,default_partition,15367,normal,None,96G,0,s311M2C8JME200,2026-09-12T22:12:19,COMPLETED,2026-09-12T22:11:34,420,00:00:00,s311M2C8JME200|3496625518743586816|88593|2026-09-12T22:11:34|2026-09-12T22:12:19|0,w4_k10_index_r1,scheduler_completed,default_controlled_pairs_7h,False,45.0,controlled_pair_initial,,legacy_single_initial_attempt,,,False,,,21600,True,COMPLETED
8,97832,3496625518743805952,12229,2026-09-12T22:11:34,2026-09-13T01:36:08,0:0,88594,88594,cmp_w4_k10_index_r2,jingjie-cpu-14,default_partition,15367,normal,None,96G,0,s311M2C8JMMR00,2026-09-12T22:12:19,COMPLETED,2026-09-12T22:11:34,420,00:00:00,s311M2C8JMMR00|3496625518743805952|88594|2026-09-12T22:11:34|2026-09-12T22:12:19|0,w4_k10_index_r2,scheduler_completed,default_controlled_pairs_7h,False,45.0,controlled_pair_initial,,legacy_single_initial_attempt,,,False,,,21600,True,COMPLETED
8,79856,3496625518744028160,9982,2026-09-12T22:11:34,2026-09-13T00:58:41,0:0,88595,88595,cmp_w4_k10_pool_r1,garg-cpu-01,default_partition,15367,normal,None,96G,0,s311M2C8JMVH00,2026-09-12T22:12:19,COMPLETED,2026-09-12T22:11:34,420,00:00:00,s311M2C8JMVH00|3496625518744028160|88595|2026-09-12T22:11:34|2026-09-12T22:12:19|0,w4_k10_pool_r1,scheduler_completed,default_controlled_pairs_7h,False,45.0,controlled_pair_initial,,legacy_single_initial_attempt,,,False,,,21600,True,COMPLETED
8,79728,3496625518744238080,9966,2026-09-12T22:11:34,2026-09-13T00:58:25,0:0,88596,88596,cmp_w4_k10_pool_r2,garg-cpu-01,default_partition,15367,normal,None,96G,0,s311M2C8JN1Y00,2026-09-12T22:12:19,COMPLETED,2026-09-12T22:11:34,420,00:00:00,s311M2C8JN1Y00|3496625518744238080|88596|2026-09-12T22:11:34|2026-09-12T22:12:19|0,w4_k10_pool_r2,scheduler_completed,default_controlled_pairs_7h,False,45.0,controlled_pair_initial,,legacy_single_initial_attempt,,,False,,,21600,True,COMPLETED
8,69504,3496625518744736768,8688,2026-09-12T22:11:35,2026-09-13T00:37:07,0:0,88597,88597,cmp_w4_k10_master_r1,garg-cpu-01,default_partition,15367,normal,None,96G,0,s311M2C8JNH500,2026-09-12T22:12:19,COMPLETED,2026-09-12T22:11:35,420,00:00:00,s311M2C8JNH500|3496625518744736768|88597|2026-09-12T22:11:35|2026-09-12T22:12:19|0,w4_k10_master_r1,scheduler_completed,default_controlled_pairs_7h,False,44.0,controlled_pair_initial,,legacy_single_initial_attempt,,,False,,,21600,True,COMPLETED
8,71792,3496625518744952832,8974,2026-09-12T22:11:35,2026-09-13T00:41:53,0:0,88598,88598,cmp_w4_k10_master_r2,kim-cpu-03,default_partition,15367,normal,None,96G,0,s311M2C8JNQR00,2026-09-12T22:12:19,COMPLETED,2026-09-12T22:11:35,420,00:00:00,s311M2C8JNQR00|3496625518744952832|88598|2026-09-12T22:11:35|2026-09-12T22:12:19|0,w4_k10_master_r2,scheduler_completed,default_controlled_pairs_7h,False,44.0,controlled_pair_initial,,legacy_single_initial_attempt,,,False,,,21600,True,COMPLETED
8,108912,3496625518745172992,13614,2026-09-12T22:11:35,2026-09-13T01:59:13,0:0,88599,88599,cmp_w3_k15_index_r1,kim-cpu-04,default_partition,15367,normal,None,96G,0,s311M2C8JNYF00,2026-09-12T22:12:19,COMPLETED,2026-09-12T22:11:35,420,00:00:00,s311M2C8JNYF00|3496625518745172992|88599|2026-09-12T22:11:35|2026-09-12T22:12:19|0,w3_k15_index_r1,scheduler_completed,default_controlled_pairs_7h,False,44.0,controlled_pair_initial,,legacy_single_initial_attempt,,,False,,,21600,True,COMPLETED
8,108496,3496625518745404416,13562,2026-09-12T22:11:36,2026-09-13T01:58:21,0:0,88600,88600,cmp_w3_k15_index_r2,kim-cpu-04,default_partition,15367,normal,None,96G,0,s311M2C8JP5H00,2026-09-12T22:12:19,COMPLETED,2026-09-12T22:11:36,420,00:00:00,s311M2C8JP5H00|3496625518745404416|88600|2026-09-12T22:11:36|2026-09-12T22:12:19|0,w3_k15_index_r2,scheduler_completed,default_controlled_pairs_7h,False,43.0,controlled_pair_initial,,legacy_single_initial_attempt,,,False,,,21600,True,COMPLETED
8,95728,3496625518745606144,11966,2026-09-12T22:11:36,2026-09-13T01:31:45,0:0,88601,88601,cmp_w3_k15_pool_r1,kim-cpu-04,default_partition,15367,normal,None,96G,0,s311M2C8JPBP00,2026-09-12T22:12:19,COMPLETED,2026-09-12T22:11:36,420,00:00:00,s311M2C8JPBP00|3496625518745606144|88601|2026-09-12T22:11:36|2026-09-12T22:12:19|0,w3_k15_pool_r1,scheduler_completed,default_controlled_pairs_7h,False,43.0,controlled_pair_initial,,legacy_single_initial_attempt,,,False,,,21600,True,COMPLETED
8,83560,3496625518745830400,10445,2026-09-12T22:11:36,2026-09-13T01:06:24,0:0,88602,88602,cmp_w3_k15_pool_r2,mehta-cpu-01,default_partition,15367,normal,None,96G,0,s311M2C8JPJH00,2026-09-12T22:12:19,COMPLETED,2026-09-12T22:11:36,420,00:00:00,s311M2C8JPJH00|3496625518745830400|88602|2026-09-12T22:11:36|2026-09-12T22:12:19|0,w3_k15_pool_r2,scheduler_completed,default_controlled_pairs_7h,False,43.0,controlled_pair_initial,,legacy_single_initial_attempt,,,False,,,21600,True,COMPLETED
8,76656,3496625518746095616,9582,2026-09-12T22:11:36,2026-09-13T00:52:01,0:0,88603,88603,cmp_w3_k15_master_r1,scaglione-cpu-01,default_partition,15367,normal,None,96G,0,s311M2C8JPTM00,2026-09-12T22:12:19,COMPLETED,2026-09-12T22:11:36,420,00:00:00,s311M2C8JPTM00|3496625518746095616|88603|2026-09-12T22:11:36|2026-09-12T22:12:19|0,w3_k15_master_r1,scheduler_completed,default_controlled_pairs_7h,False,43.0,controlled_pair_initial,,legacy_single_initial_attempt,,,False,,,21600,True,COMPLETED
8,76840,3496625518746324992,9605,2026-09-12T22:11:37,2026-09-13T00:52:24,0:0,88604,88604,cmp_w3_k15_master_r2,scaglione-cpu-02,default_partition,15367,normal,None,96G,0,s311M2C8JQ1M00,2026-09-12T22:12:19,COMPLETED,2026-09-12T22:11:37,420,00:00:00,s311M2C8JQ1M00|3496625518746324992|88604|2026-09-12T22:11:37|2026-09-12T22:12:19|0,w3_k15_master_r2,scheduler_completed,default_controlled_pairs_7h,False,42.0,controlled_pair_initial,,legacy_single_initial_attempt,,,False,,,21600,True,COMPLETED
8,92600,3496625518746537984,11575,2026-09-12T22:11:37,2026-09-13T01:25:14,0:0,88605,88605,cmp_w1_k08_full_index_r1,scaglione-cpu-03,default_partition,15367,normal,None,96G,0,s311M2C8JQ8400,2026-09-12T22:12:19,COMPLETED,2026-09-12T22:11:37,420,00:00:00,s311M2C8JQ8400|3496625518746537984|88605|2026-09-12T22:11:37|2026-09-12T22:12:19|0,w1_k08_full_index_r1,scheduler_completed,default_controlled_pairs_7h,False,42.0,controlled_pair_initial,,legacy_single_initial_attempt,,,False,,,21600,True,COMPLETED
8,92480,3496625518746766336,11560,2026-09-12T22:11:37,2026-09-13T01:24:59,0:0,88606,88606,cmp_w1_k08_full_index_r2,scaglione-cpu-05,default_partition,15367,normal,None,96G,0,s311M2C8JQF300,2026-09-12T22:12:19,COMPLETED,2026-09-12T22:11:37,420,00:00:00,s311M2C8JQF300|3496625518746766336|88606|2026-09-12T22:11:37|2026-09-12T22:12:19|0,w1_k08_full_index_r2,scheduler_completed,default_controlled_pairs_7h,False,42.0,controlled_pair_initial,,legacy_single_initial_attempt,,,False,,,21600,True,COMPLETED
8,97160,3496625518746990592,12145,2026-09-12T22:11:37,2026-09-13T01:34:44,0:0,88607,88607,cmp_w3_k15_full_index_r1,scaglione-cpu-04,default_partition,15367,normal,None,96G,0,s311M2C8JQNY00,2026-09-12T22:12:19,COMPLETED,2026-09-12T22:11:37,420,00:00:00,s311M2C8JQNY00|3496625518746990592|88607|2026-09-12T22:11:37|2026-09-12T22:12:19|0,w3_k15_full_index_r1,scheduler_completed,default_controlled_pairs_7h,False,42.0,controlled_pair_initial,,legacy_single_initial_attempt,,,False,,,21600,True,COMPLETED
8,96752,3496625518747179008,12094,2026-09-12T22:11:37,2026-09-13T01:33:53,0:0,88608,88608,cmp_w3_k15_full_index_r2,cliprelabs-cpu-01,default_partition,15367,normal,None,96G,0,s311M2C8JQVP00,2026-09-12T22:12:19,COMPLETED,2026-09-12T22:11:37,420,00:00:00,s311M2C8JQVP00|3496625518747179008|88608|2026-09-12T22:11:37|2026-09-12T22:12:19|0,w3_k15_full_index_r2,scheduler_completed,default_controlled_pairs_7h,False,42.0,controlled_pair_initial,,legacy_single_initial_attempt,,,False,,,21600,True,COMPLETED
8,91896,3496625518747398144,11487,2026-09-12T22:11:38,2026-09-13T01:23:46,0:0,88609,88609,cmp_w4_k10_full_index_r1,cliprelabs-cpu-01,default_partition,15367,normal,None,96G,0,s311M2C8JR2C00,2026-09-12T22:12:19,COMPLETED,2026-09-12T22:11:38,420,00:00:00,s311M2C8JR2C00|3496625518747398144|88609|2026-09-12T22:11:38|2026-09-12T22:12:19|0,w4_k10_full_index_r1,scheduler_completed,default_controlled_pairs_7h,False,41.0,controlled_pair_initial,,legacy_single_initial_attempt,,,False,,,21600,True,COMPLETED
8,91416,3496625518747898880,11427,2026-09-12T22:11:38,2026-09-13T01:22:46,0:0,88610,88610,cmp_w4_k10_full_index_r2,dean-cpu-01,default_partition,15367,normal,None,96G,0,s311M2C8JRHN00,2026-09-12T22:12:19,COMPLETED,2026-09-12T22:11:38,420,00:00:00,s311M2C8JRHN00|3496625518747898880|88610|2026-09-12T22:11:38|2026-09-12T22:12:19|0,w4_k10_full_index_r2,scheduler_completed,default_controlled_pairs_7h,False,41.0,controlled_pair_initial,,legacy_single_initial_attempt,,,False,,,21600,True,COMPLETED
0,0,3496625529162913792,0,Unknown,2026-09-13T01:12:13,0:0,113591,113591,gm_peak08_fee0,None assigned,default_partition,15366,normal,None,48G,0,s311M2CJ952P00,None,CANCELLED by 1646707,2026-09-13T01:01:09,120,00:00:00,s311M2CJ952P00|3496625529162913792|113591|2026-09-13T01:01:09|None|0,peak08_fee0,not_started,default_GIRO_fee_MIP3600_allocation7200,False,,fee_terminal_fair_first_attempt,,legacy_single_initial_attempt,,,True,/home/nc437/ladder-lite/giro_zero_start_fee_20260913/results/peak08/fee0/joint/comparison.json,0e00ce0faf3c54846247b0f5d313222663b45ba3833478d9b3e13ca4e251a674,3600,False,CANCELLED
0,0,3496625529163003904,0,Unknown,2026-09-13T01:12:13,0:0,113592,113592,gm_peak08_fee5,None assigned,default_partition,15366,normal,None,48G,0,s311M2CJ955E00,None,CANCELLED by 1646707,2026-09-13T01:01:09,120,00:00:00,s311M2CJ955E00|3496625529163003904|113592|2026-09-13T01:01:09|None|0,peak08_fee5,not_started,default_GIRO_fee_MIP3600_allocation7200,False,,fee_terminal_fair_first_attempt,,legacy_single_initial_attempt,,,True,/home/nc437/ladder-lite/giro_zero_start_fee_20260913/results/peak08/fee5/joint/comparison.json,d3f25841de026f4eb9de6cd17b8496946b1962465206b8adb61ce7197be9c590,3600,False,CANCELLED
0,0,3496625529163335680,0,Unknown,2026-09-13T01:12:13,0:0,113595,113595,gm_peak12_fee0,None assigned,default_partition,15366,normal,None,48G,0,s311M2CJ95FJ00,None,CANCELLED by 1646707,2026-09-13T01:01:09,120,00:00:00,s311M2CJ95FJ00|3496625529163335680|113595|2026-09-13T01:01:09|None|0,peak12_fee0,not_started,default_GIRO_fee_MIP3600_allocation7200,False,,fee_terminal_fair_first_attempt,,legacy_single_initial_attempt,,,True,/home/nc437/ladder-lite/giro_zero_start_fee_20260913/results/peak12/fee0/joint/comparison.json,bb79b68365df06e3193128a9a6c6f4b23aa103038945313561158dbdd082a027,3600,False,CANCELLED
0,0,3496625529163445248,0,Unknown,2026-09-13T01:12:14,0:0,113596,113596,gm_peak12_fee5,None assigned,default_partition,15366,normal,None,48G,0,s311M2CJ95JX00,None,CANCELLED by 1646707,2026-09-13T01:01:09,120,00:00:00,s311M2CJ95JX00|3496625529163445248|113596|2026-09-13T01:01:09|None|0,peak12_fee5,not_started,default_GIRO_fee_MIP3600_allocation7200,False,,fee_terminal_fair_first_attempt,,legacy_single_initial_attempt,,,True,/home/nc437/ladder-lite/giro_zero_start_fee_20260913/results/peak12/fee5/joint/comparison.json,2444b0edb55351b8298c4b55b357e59c72f728a03e1ab8d7833bfecfbc8201d1,3600,False,CANCELLED
0,0,3496625529164184576,0,Unknown,2026-09-13T01:12:14,0:0,113599,113599,gm_peak18_fee0,None assigned,default_partition,15366,normal,None,48G,0,s311M2CJ969F00,None,CANCELLED by 1646707,2026-09-13T01:01:10,120,00:00:00,s311M2CJ969F00|3496625529164184576|113599|2026-09-13T01:01:10|None|0,peak18_fee0,not_started,default_GIRO_fee_MIP3600_allocation7200,False,,fee_terminal_fair_first_attempt,,legacy_single_initial_attempt,,,True,/home/nc437/ladder-lite/giro_zero_start_fee_20260913/results/peak18/fee0/joint/comparison.json,edd4ae5d98ede2de0f5c3344edcafb35ada72c975be29bb40581844d138bf571,3600,False,CANCELLED
0,0,3496625529164498944,0,Unknown,2026-09-13T01:12:14,0:0,113600,113600,gm_peak18_fee5,None assigned,default_partition,15366,normal,None,48G,0,s311M2CJ96K200,None,CANCELLED by 1646707,2026-09-13T01:01:11,120,00:00:00,s311M2CJ96K200|3496625529164498944|113600|2026-09-13T01:01:11|None|0,peak18_fee5,not_started,default_GIRO_fee_MIP3600_allocation7200,False,,fee_terminal_fair_first_attempt,,legacy_single_initial_attempt,,,True,/home/nc437/ladder-lite/giro_zero_start_fee_20260913/results/peak18/fee5/joint/comparison.json,4f6bdcaf6d6dc3bc55b81e23b4aec5ac9a2f2abd0052a65f75ffa2638796c397,3600,False,CANCELLED
8,2104,3496625529592615936,263,2026-09-13T01:08:09,2026-09-13T01:13:12,0:0,114033,114033,fee_w1_k05_fee5,unicorn-cpu-75,default_partition,15367,normal,None,96G,0,s311M2CJNYW500,2026-09-13T01:08:49,COMPLETED,2026-09-13T01:08:09,240,00:00:00,s311M2CJNYW500|3496625529592615936|114033|2026-09-13T01:08:09|2026-09-13T01:08:49|0,w1_k05_fee5,scheduler_completed,default_fee_CG7200_MIP3600_allocation14400,False,40.0,fee_sensitivity_first_attempt,,legacy_single_initial_attempt,5,True,True,/home/nc437/ladder-lite/zero_charge_start_fee_20260913/cases/w1_k05_fee5/114033_r0/fee5/mip/result.json,6a9faa1492b8ab0c60f8ba94f114e11c37399f23f6a4f3b70e1ac19dc913fd5a,10800,True,COMPLETED
8,7608,3496625529592942592,951,2026-09-13T01:08:09,2026-09-13T01:24:40,0:0,114034,114034,fee_w1_k05_fee0,unicorn-cpu-76,default_partition,15367,normal,None,96G,0,s311M2CJNZ6400,2026-09-13T01:08:49,COMPLETED,2026-09-13T01:08:09,240,00:00:00,s311M2CJNZ6400|3496625529592942592|114034|2026-09-13T01:08:09|2026-09-13T01:08:49|0,w1_k05_fee0,scheduler_completed,default_fee_CG7200_MIP3600_allocation14400,False,40.0,fee_sensitivity_first_attempt,,legacy_single_initial_attempt,5,True,True,/home/nc437/ladder-lite/zero_charge_start_fee_20260913/cases/w1_k05_fee0/114034_r0/fee0/mip/result.json,5eccc4ce6255fed66998336650a050cc5cefec7a2205d4bd4e7fe68986397d22,10800,True,COMPLETED
8,69680,3496625529593244672,8710,2026-09-13T01:08:09,2026-09-13T03:33:59,0:0,114035,114035,fee_w1_k10_fee0,garg-cpu-02,default_partition,15367,normal,None,96G,0,s311M2CJNZFB00,2026-09-13T01:08:49,COMPLETED,2026-09-13T01:08:09,240,00:00:00,s311M2CJNZFB00|3496625529593244672|114035|2026-09-13T01:08:09|2026-09-13T01:08:49|0,w1_k10_fee0,scheduler_completed,default_fee_CG7200_MIP3600_allocation14400,False,40.0,fee_sensitivity_first_attempt,,legacy_single_initial_attempt,10,True,True,/home/nc437/ladder-lite/zero_charge_start_fee_20260913/cases/w1_k10_fee0/114035_r0/fee0/mip/result.json,117646c4487969dc6ab773049b0ec02eaeab83b4813d539f6bfd8de8077a0142,10800,True,COMPLETED
8,34584,3496625529593464832,4323,2026-09-13T01:08:09,2026-09-13T02:20:52,0:0,114036,114036,fee_w1_k10_fee5,garg-cpu-02,default_partition,15367,normal,None,96G,0,s311M2CJNZP200,2026-09-13T01:08:49,COMPLETED,2026-09-13T01:08:09,240,00:00:00,s311M2CJNZP200|3496625529593464832|114036|2026-09-13T01:08:09|2026-09-13T01:08:49|0,w1_k10_fee5,scheduler_completed,default_fee_CG7200_MIP3600_allocation14400,False,40.0,fee_sensitivity_first_attempt,,legacy_single_initial_attempt,10,True,True,/home/nc437/ladder-lite/zero_charge_start_fee_20260913/cases/w1_k10_fee5/114036_r0/fee5/mip/result.json,52bff693c8a1855bf7dcdf4a6d0b868368273dc90e750b3548337899014450ea,10800,True,COMPLETED
8,88648,3496625529593901056,11081,2026-09-13T01:08:10,2026-09-13T04:13:30,0:0,114037,114037,fee_w1_k15_fee5,garg-cpu-02,default_partition,15367,normal,None,96G,0,s311M2CJP03C00,2026-09-13T01:08:49,COMPLETED,2026-09-13T01:08:10,240,00:00:00,s311M2CJP03C00|3496625529593901056|114037|2026-09-13T01:08:10|2026-09-13T01:08:49|0,w1_k15_fee5,scheduler_completed,default_fee_CG7200_MIP3600_allocation14400,False,39.0,fee_sensitivity_first_attempt,,legacy_single_initial_attempt,15,True,True,/home/nc437/ladder-lite/zero_charge_start_fee_20260913/cases/w1_k15_fee5/114037_r0/fee5/mip/result.json,66738993d6df0fb2fb21dbf07e2e0062d342716cf752770364ede42c146a0f2b,10800,True,COMPLETED
8,89944,3496625529594205184,11243,2026-09-13T01:08:10,2026-09-13T04:16:12,0:0,114038,114038,fee_w1_k15_fee0,garg-cpu-02,default_partition,15367,normal,None,96G,0,s311M2CJP0CN00,2026-09-13T01:08:49,COMPLETED,2026-09-13T01:08:10,240,00:00:00,s311M2CJP0CN00|3496625529594205184|114038|2026-09-13T01:08:10|2026-09-13T01:08:49|0,w1_k15_fee0,scheduler_completed,default_fee_CG7200_MIP3600_allocation14400,False,39.0,fee_sensitivity_first_attempt,,legacy_single_initial_attempt,16,True,True,/home/nc437/ladder-lite/zero_charge_start_fee_20260913/cases/w1_k15_fee0/114038_r0/fee0/mip/result.json,216a9050e019741b529f72d2be442ba56858bb9a6c0011b37ad97c83dc873d10,10800,True,COMPLETED
8,4112,3496625529594615808,514,2026-09-13T01:08:11,2026-09-13T01:17:23,0:0,114039,114039,fee_w2_k05_fee0,garg-cpu-02,default_partition,15367,normal,None,96G,0,s311M2CJP0S600,2026-09-13T01:08:49,COMPLETED,2026-09-13T01:08:11,240,00:00:00,s311M2CJP0S600|3496625529594615808|114039|2026-09-13T01:08:11|2026-09-13T01:08:49|0,w2_k05_fee0,scheduler_completed,default_fee_CG7200_MIP3600_allocation14400,False,38.0,fee_sensitivity_first_attempt,,legacy_single_initial_attempt,5,True,True,/home/nc437/ladder-lite/zero_charge_start_fee_20260913/cases/w2_k05_fee0/114039_r0/fee0/mip/result.json,3a042a1f1ea69960688fd54ea95a5fc767c320e89dfce36e60aa9bfa59d63597,10800,True,COMPLETED
8,2520,3496625529595065344,315,2026-09-13T01:08:11,2026-09-13T01:14:04,0:0,114040,114040,fee_w2_k05_fee5,garg-cpu-02,default_partition,15367,normal,None,96G,0,s311M2CJP16X00,2026-09-13T01:08:49,COMPLETED,2026-09-13T01:08:11,240,00:00:00,s311M2CJP16X00|3496625529595065344|114040|2026-09-13T01:08:11|2026-09-13T01:08:49|0,w2_k05_fee5,scheduler_completed,default_fee_CG7200_MIP3600_allocation14400,False,38.0,fee_sensitivity_first_attempt,,legacy_single_initial_attempt,5,True,True,/home/nc437/ladder-lite/zero_charge_start_fee_20260913/cases/w2_k05_fee5/114040_r0/fee5/mip/result.json,3f9959dfa6b45c5f9a9b49a5fcb050398e13ecb81c4732e873ad141611af33a5,10800,True,COMPLETED
8,32176,3496625529595290624,4022,2026-09-13T01:08:11,2026-09-13T02:15:51,0:0,114041,114041,fee_w2_k10_fee5,jingjie-cpu-22,default_partition,15367,normal,None,96G,0,s311M2CJP1DS00,2026-09-13T01:08:49,COMPLETED,2026-09-13T01:08:11,240,00:00:00,s311M2CJP1DS00|3496625529595290624|114041|2026-09-13T01:08:11|2026-09-13T01:08:49|0,w2_k10_fee5,scheduler_completed,default_fee_CG7200_MIP3600_allocation14400,False,38.0,fee_sensitivity_first_attempt,,legacy_single_initial_attempt,10,True,True,/home/nc437/ladder-lite/zero_charge_start_fee_20260913/cases/w2_k10_fee5/114041_r0/fee5/mip/result.json,eaa24c6ebcfc6289fbef583047948f413d82fd1aa7a2cf7d1f22a2d4eb2aa84f,10800,True,COMPLETED
8,34936,3496625529595509760,4367,2026-09-13T01:08:11,2026-09-13T02:21:36,0:0,114042,114042,fee_w2_k10_fee0,jingjie-cpu-15,default_partition,15367,normal,None,96G,0,s311M2CJP1MF00,2026-09-13T01:08:49,COMPLETED,2026-09-13T01:08:11,240,00:00:00,s311M2CJP1MF00|3496625529595509760|114042|2026-09-13T01:08:11|2026-09-13T01:08:49|0,w2_k10_fee0,scheduler_completed,default_fee_CG7200_MIP3600_allocation14400,False,38.0,fee_sensitivity_first_attempt,,legacy_single_initial_attempt,10,True,True,/home/nc437/ladder-lite/zero_charge_start_fee_20260913/cases/w2_k10_fee0/114042_r0/fee0/mip/result.json,8c4e7d76443d7f1fbcfa232d50d18866362158d68af76cd30e2d1b58477774bd,10800,True,COMPLETED
8,45176,3496625529595732992,5647,2026-09-13T01:08:12,2026-09-13T02:42:56,0:0,114043,114043,fee_w2_k15_fee0,jingjie-cpu-16,default_partition,15367,normal,None,96G,0,s311M2CJP1V900,2026-09-13T01:08:49,COMPLETED,2026-09-13T01:08:12,240,00:00:00,s311M2CJP1V900|3496625529595732992|114043|2026-09-13T01:08:12|2026-09-13T01:08:49|0,w2_k15_fee0,scheduler_completed,default_fee_CG7200_MIP3600_allocation14400,False,37.0,fee_sensitivity_first_attempt,,legacy_single_initial_attempt,15,True,True,/home/nc437/ladder-lite/zero_charge_start_fee_20260913/cases/w2_k15_fee0/114043_r0/fee0/mip/result.json,6d27021368e8266b579dc0bf2a48f670a91a7374826c461aa8c7750aa7e9b0bf,10800,True,COMPLETED
8,36320,3496625529595925504,4540,2026-09-13T01:08:12,2026-09-13T02:24:29,0:0,114044,114044,fee_w2_k15_fee5,jingjie-cpu-17,default_partition,15367,normal,None,96G,0,s311M2CJP21500,2026-09-13T01:08:49,COMPLETED,2026-09-13T01:08:12,240,00:00:00,s311M2CJP21500|3496625529595925504|114044|2026-09-13T01:08:12|2026-09-13T01:08:49|0,w2_k15_fee5,scheduler_completed,default_fee_CG7200_MIP3600_allocation14400,False,37.0,fee_sensitivity_first_attempt,,legacy_single_initial_attempt,15,True,True,/home/nc437/ladder-lite/zero_charge_start_fee_20260913/cases/w2_k15_fee5/114044_r0/fee5/mip/result.json,9a8011be03bf8329ace572ed38ed04e05789d6ff83eb49b466704d6cfe4014d9,10800,True,COMPLETED
8,1048,3496625529596152832,131,2026-09-13T01:08:12,2026-09-13T01:11:00,0:0,114045,114045,fee_w3_k05_fee5,jingjie-cpu-18,default_partition,15367,normal,None,96G,0,s311M2CJP28300,2026-09-13T01:08:49,COMPLETED,2026-09-13T01:08:12,240,00:00:00,s311M2CJP28300|3496625529596152832|114045|2026-09-13T01:08:12|2026-09-13T01:08:49|0,w3_k05_fee5,scheduler_completed,default_fee_CG7200_MIP3600_allocation14400,False,37.0,fee_sensitivity_first_attempt,,legacy_single_initial_attempt,5,True,True,/home/nc437/ladder-lite/zero_charge_start_fee_20260913/cases/w3_k05_fee5/114045_r0/fee5/mip/result.json,cc4f3b26f82c1d0936211a90453d22da684fd768493339547d58e3952c940d3e,10800,True,COMPLETED
8,1616,3496625529596364800,202,2026-09-13T01:08:12,2026-09-13T01:12:11,0:0,114046,114046,fee_w3_k05_fee0,jingjie-cpu-19,default_partition,15367,normal,None,96G,0,s311M2CJP2EJ00,2026-09-13T01:08:49,COMPLETED,2026-09-13T01:08:12,240,00:00:00,s311M2CJP2EJ00|3496625529596364800|114046|2026-09-13T01:08:12|2026-09-13T01:08:49|0,w3_k05_fee0,scheduler_completed,default_fee_CG7200_MIP3600_allocation14400,False,37.0,fee_sensitivity_first_attempt,,legacy_single_initial_attempt,5,True,True,/home/nc437/ladder-lite/zero_charge_start_fee_20260913/cases/w3_k05_fee0/114046_r0/fee0/mip/result.json,98f0e78697442c86fde081d78b203aba30d60e8c771b74b9a008078159062ea4,10800,True,COMPLETED
8,18272,3496625529596645376,2284,2026-09-13T01:08:13,2026-09-13T01:46:53,0:0,114047,114047,fee_w3_k10_fee0,jingjie-cpu-20,default_partition,15367,normal,None,96G,0,s311M2CJP2Q400,2026-09-13T01:08:49,COMPLETED,2026-09-13T01:08:13,240,00:00:00,s311M2CJP2Q400|3496625529596645376|114047|2026-09-13T01:08:13|2026-09-13T01:08:49|0,w3_k10_fee0,scheduler_completed,default_fee_CG7200_MIP3600_allocation14400,False,36.0,fee_sensitivity_first_attempt,,legacy_single_initial_attempt,10,True,True,/home/nc437/ladder-lite/zero_charge_start_fee_20260913/cases/w3_k10_fee0/114047_r0/fee0/mip/result.json,3f0fb183787daf6616e703d433d8de22f707cf064ec9b6d4d7fa9c5dc2e2d996,10800,True,COMPLETED
8,30760,3496625529596873728,3845,2026-09-13T01:08:13,2026-09-13T02:12:54,0:0,114048,114048,fee_w3_k10_fee5,jingjie-cpu-21,default_partition,15367,normal,None,96G,0,s311M2CJP2Y300,2026-09-13T01:08:49,COMPLETED,2026-09-13T01:08:13,240,00:00:00,s311M2CJP2Y300|3496625529596873728|114048|2026-09-13T01:08:13|2026-09-13T01:08:49|0,w3_k10_fee5,scheduler_completed,default_fee_CG7200_MIP3600_allocation14400,False,36.0,fee_sensitivity_first_attempt,,legacy_single_initial_attempt,10,True,True,/home/nc437/ladder-lite/zero_charge_start_fee_20260913/cases/w3_k10_fee5/114048_r0/fee5/mip/result.json,a6395d217c7c54d17d53967769384f765b115887b00dd6ac5f832e3dc5fbbd3b,10800,True,COMPLETED
8,33104,3496625529597082624,4138,2026-09-13T01:08:13,2026-09-13T02:17:47,0:0,114049,114049,fee_w3_k15_fee5,jingjie-cpu-01,default_partition,15367,normal,None,96G,0,s311M2CJP34F00,2026-09-13T01:08:49,COMPLETED,2026-09-13T01:08:13,240,00:00:00,s311M2CJP34F00|3496625529597082624|114049|2026-09-13T01:08:13|2026-09-13T01:08:49|0,w3_k15_fee5,scheduler_completed,default_fee_CG7200_MIP3600_allocation14400,False,36.0,fee_sensitivity_first_attempt,,legacy_single_initial_attempt,15,True,True,/home/nc437/ladder-lite/zero_charge_start_fee_20260913/cases/w3_k15_fee5/114049_r0/fee5/mip/result.json,d21757541ab52c95b9fa62c490518e810c6ad60fd299ef13256adb0b12b8870f,10800,True,COMPLETED
8,38632,3496625529597310976,4829,2026-09-13T01:08:13,2026-09-13T02:29:18,0:0,114050,114050,fee_w3_k15_fee0,jingjie-cpu-02,default_partition,15367,normal,None,96G,0,s311M2CJP3BE00,2026-09-13T01:08:49,COMPLETED,2026-09-13T01:08:13,240,00:00:00,s311M2CJP3BE00|3496625529597310976|114050|2026-09-13T01:08:13|2026-09-13T01:08:49|0,w3_k15_fee0,scheduler_completed,default_fee_CG7200_MIP3600_allocation14400,False,36.0,fee_sensitivity_first_attempt,,legacy_single_initial_attempt,15,True,True,/home/nc437/ladder-lite/zero_charge_start_fee_20260913/cases/w3_k15_fee0/114050_r0/fee0/mip/result.json,db5dd3e9f13d3ddd8015de3a20cbca30038a2f74db9311e52d953f48962e7647,10800,True,COMPLETED
8,6752,3496625529597533184,844,2026-09-13T01:08:13,2026-09-13T01:22:53,0:0,114051,114051,fee_w4_k05_fee0,jingjie-cpu-03,default_partition,15367,normal,None,96G,0,s311M2CJP3J700,2026-09-13T01:08:49,COMPLETED,2026-09-13T01:08:13,240,00:00:00,s311M2CJP3J700|3496625529597533184|114051|2026-09-13T01:08:13|2026-09-13T01:08:49|0,w4_k05_fee0,scheduler_completed,default_fee_CG7200_MIP3600_allocation14400,False,36.0,fee_sensitivity_first_attempt,,legacy_single_initial_attempt,5,True,True,/home/nc437/ladder-lite/zero_charge_start_fee_20260913/cases/w4_k05_fee0/114051_r0/fee0/mip/result.json,eae43ff67246111f69db86990bf036df977550f2912af681c2ff39eb0ca3e9bb,10800,True,COMPLETED
8,1024,3496625529597742080,128,2026-09-13T01:08:14,2026-09-13T01:10:57,0:0,114052,114052,fee_w4_k05_fee5,jingjie-cpu-04,default_partition,15367,normal,None,96G,0,s311M2CJP3RK00,2026-09-13T01:08:49,COMPLETED,2026-09-13T01:08:14,240,00:00:00,s311M2CJP3RK00|3496625529597742080|114052|2026-09-13T01:08:14|2026-09-13T01:08:49|0,w4_k05_fee5,scheduler_completed,default_fee_CG7200_MIP3600_allocation14400,False,35.0,fee_sensitivity_first_attempt,,legacy_single_initial_attempt,5,True,True,/home/nc437/ladder-lite/zero_charge_start_fee_20260913/cases/w4_k05_fee5/114052_r0/fee5/mip/result.json,9d92187c33f6bba3ea31e0917c5f1bbb91fc2d0e8beaf0c5b8500f937df92f36,10800,True,COMPLETED
8,31464,3496625529597953024,3933,2026-09-13T01:08:14,2026-09-13T02:14:22,0:0,114053,114053,fee_w4_k10_fee5,jingjie-cpu-05,default_partition,15367,normal,None,96G,0,s311M2CJP3Z100,2026-09-13T01:08:49,COMPLETED,2026-09-13T01:08:14,240,00:00:00,s311M2CJP3Z100|3496625529597953024|114053|2026-09-13T01:08:14|2026-09-13T01:08:49|0,w4_k10_fee5,scheduler_completed,default_fee_CG7200_MIP3600_allocation14400,False,35.0,fee_sensitivity_first_attempt,,legacy_single_initial_attempt,10,True,True,/home/nc437/ladder-lite/zero_charge_start_fee_20260913/cases/w4_k10_fee5/114053_r0/fee5/mip/result.json,687e24c1a214d0f071ed2cefe5f73d822e2ab3a81e27df927f63892aae233465,10800,True,COMPLETED
8,21656,3496625529598221312,2707,2026-09-13T01:08:14,2026-09-13T01:53:56,0:0,114054,114054,fee_w4_k10_fee0,jingjie-cpu-06,default_partition,15367,normal,None,96G,0,s311M2CJP47700,2026-09-13T01:08:49,COMPLETED,2026-09-13T01:08:14,240,00:00:00,s311M2CJP47700|3496625529598221312|114054|2026-09-13T01:08:14|2026-09-13T01:08:49|0,w4_k10_fee0,scheduler_completed,default_fee_CG7200_MIP3600_allocation14400,False,35.0,fee_sensitivity_first_attempt,,legacy_single_initial_attempt,10,True,True,/home/nc437/ladder-lite/zero_charge_start_fee_20260913/cases/w4_k10_fee0/114054_r0/fee0/mip/result.json,40e8add698fbb91900871f02875242ebff221eeb7cb2fa52c2378cad34f47052,10800,True,COMPLETED
8,74784,3496625529598448640,9348,2026-09-13T01:08:14,2026-09-13T03:44:37,0:0,114055,114055,fee_w4_k15_fee0,jingjie-cpu-07,default_partition,15367,normal,None,96G,0,s311M2CJP4E500,2026-09-13T01:08:49,COMPLETED,2026-09-13T01:08:14,240,00:00:00,s311M2CJP4E500|3496625529598448640|114055|2026-09-13T01:08:14|2026-09-13T01:08:49|0,w4_k15_fee0,scheduler_completed,default_fee_CG7200_MIP3600_allocation14400,False,35.0,fee_sensitivity_first_attempt,,legacy_single_initial_attempt,15,True,True,/home/nc437/ladder-lite/zero_charge_start_fee_20260913/cases/w4_k15_fee0/114055_r0/fee0/mip/result.json,97be9e30187e7e38ec6e6a8ed87123447eb8076c99093cd3cc6c93b7e59feaa1,10800,True,COMPLETED
8,34408,3496625529598874624,4301,2026-09-13T01:08:15,2026-09-13T02:20:30,0:0,114056,114056,fee_w4_k15_fee5,jingjie-cpu-08,default_partition,15367,normal,None,96G,0,s311M2CJP4V500,2026-09-13T01:08:49,COMPLETED,2026-09-13T01:08:15,240,00:00:00,s311M2CJP4V500|3496625529598874624|114056|2026-09-13T01:08:15|2026-09-13T01:08:49|0,w4_k15_fee5,scheduler_completed,default_fee_CG7200_MIP3600_allocation14400,False,34.0,fee_sensitivity_first_attempt,,legacy_single_initial_attempt,15,True,True,/home/nc437/ladder-lite/zero_charge_start_fee_20260913/cases/w4_k15_fee5/114056_r0/fee5/mip/result.json,fbc0ef8f2c7199e5097c854cf4ed52fdadc79ca94e954c1f8b679042d0eb0a2c,10800,True,COMPLETED
8,1400,3496625529599230976,175,2026-09-13T01:08:15,2026-09-13T01:11:44,0:0,114057,114057,fee_w5_k05_fee5,jingjie-cpu-09,default_partition,15367,normal,None,96G,0,s311M2CJP56100,2026-09-13T01:08:49,COMPLETED,2026-09-13T01:08:15,240,00:00:00,s311M2CJP56100|3496625529599230976|114057|2026-09-13T01:08:15|2026-09-13T01:08:49|0,w5_k05_fee5,scheduler_completed,default_fee_CG7200_MIP3600_allocation14400,False,34.0,fee_sensitivity_first_attempt,,legacy_single_initial_attempt,5,True,True,/home/nc437/ladder-lite/zero_charge_start_fee_20260913/cases/w5_k05_fee5/114057_r0/fee5/mip/result.json,a5c9e7d13890657e494a79ac42c59d32b1f85d95d056187f833b228a15da81f7,10800,True,COMPLETED
8,5008,3496625529599450112,626,2026-09-13T01:08:15,2026-09-13T01:19:15,0:0,114058,114058,fee_w5_k05_fee0,jingjie-cpu-10,default_partition,15367,normal,None,96G,0,s311M2CJP5CQ00,2026-09-13T01:08:49,COMPLETED,2026-09-13T01:08:15,240,00:00:00,s311M2CJP5CQ00|3496625529599450112|114058|2026-09-13T01:08:15|2026-09-13T01:08:49|0,w5_k05_fee0,scheduler_completed,default_fee_CG7200_MIP3600_allocation14400,False,34.0,fee_sensitivity_first_attempt,,legacy_single_initial_attempt,5,True,True,/home/nc437/ladder-lite/zero_charge_start_fee_20260913/cases/w5_k05_fee0/114058_r0/fee0/mip/result.json,6aeb6e76462de7973c95c9d66215aca0d01f23e051df4edb0da4a6cd120d4c4c,10800,True,COMPLETED
8,55248,3496625529599780864,6906,2026-09-13T01:08:16,2026-09-13T03:03:55,0:0,114059,114059,fee_w5_k10_fee0,jingjie-cpu-11,default_partition,15367,normal,None,96G,0,s311M2CJP5PT00,2026-09-13T01:08:49,COMPLETED,2026-09-13T01:08:16,240,00:00:00,s311M2CJP5PT00|3496625529599780864|114059|2026-09-13T01:08:16|2026-09-13T01:08:49|0,w5_k10_fee0,scheduler_completed,default_fee_CG7200_MIP3600_allocation14400,False,33.0,fee_sensitivity_first_attempt,,legacy_single_initial_attempt,10,True,True,/home/nc437/ladder-lite/zero_charge_start_fee_20260913/cases/w5_k10_fee0/114059_r0/fee0/mip/result.json,0f163ad1b97180ee2f4527c3c261e8d68210df3d479c588a1cde1583ae6fddd0,10800,True,COMPLETED
8,31256,3496625529600226304,3907,2026-09-13T01:08:16,2026-09-13T02:13:56,0:0,114060,114060,fee_w5_k10_fee5,jingjie-cpu-12,default_partition,15367,normal,None,96G,0,s311M2CJP64D00,2026-09-13T01:08:49,COMPLETED,2026-09-13T01:08:16,240,00:00:00,s311M2CJP64D00|3496625529600226304|114060|2026-09-13T01:08:16|2026-09-13T01:08:49|0,w5_k10_fee5,scheduler_completed,default_fee_CG7200_MIP3600_allocation14400,False,33.0,fee_sensitivity_first_attempt,,legacy_single_initial_attempt,10,True,True,/home/nc437/ladder-lite/zero_charge_start_fee_20260913/cases/w5_k10_fee5/114060_r0/fee5/mip/result.json,63faf3a97ed5330cdbc874db11ea97371c76435598a2177d5d387e840ac8fb67,10800,True,COMPLETED
8,33024,3496625529600523264,4128,2026-09-13T01:08:16,2026-09-13T02:17:37,0:0,114061,114061,fee_w5_k15_fee5,garg-cpu-01,default_partition,15367,normal,None,96G,0,s311M2CJP6DF00,2026-09-13T01:08:49,COMPLETED,2026-09-13T01:08:16,240,00:00:00,s311M2CJP6DF00|3496625529600523264|114061|2026-09-13T01:08:16|2026-09-13T01:08:49|0,w5_k15_fee5,scheduler_completed,default_fee_CG7200_MIP3600_allocation14400,False,33.0,fee_sensitivity_first_attempt,,legacy_single_initial_attempt,15,True,True,/home/nc437/ladder-lite/zero_charge_start_fee_20260913/cases/w5_k15_fee5/114061_r0/fee5/mip/result.json,d8ed14b4b1bec66fa5e28d54ce8afc269616c9b57fe62e8f6b8926343dfd2017,10800,True,COMPLETED
8,75416,3496625529600719872,9427,2026-09-13T01:08:17,2026-09-13T03:45:56,0:0,114062,114062,fee_w5_k15_fee0,garg-cpu-01,default_partition,15367,normal,None,96G,0,s311M2CJP6KF00,2026-09-13T01:08:49,COMPLETED,2026-09-13T01:08:16,240,00:00:00,s311M2CJP6KF00|3496625529600719872|114062|2026-09-13T01:08:16|2026-09-13T01:08:49|0,w5_k15_fee0,scheduler_completed,default_fee_CG7200_MIP3600_allocation14400,False,32.0,fee_sensitivity_first_attempt,,legacy_single_initial_attempt,15,True,True,/home/nc437/ladder-lite/zero_charge_start_fee_20260913/cases/w5_k15_fee0/114062_r0/fee0/mip/result.json,5f114f2a8a399b96557f2f34ad754072310d7fd133f7a25c7cd33c2ac68bdf6f,10800,True,COMPLETED
8,992,3496625529600930816,124,2026-09-13T01:08:17,2026-09-13T01:10:53,0:0,114063,114063,fee_w6_k05_fee0,garg-cpu-01,default_partition,15367,normal,None,96G,0,s311M2CJP6SX00,2026-09-13T01:08:49,COMPLETED,2026-09-13T01:08:17,240,00:00:00,s311M2CJP6SX00|3496625529600930816|114063|2026-09-13T01:08:17|2026-09-13T01:08:49|0,w6_k05_fee0,scheduler_completed,default_fee_CG7200_MIP3600_allocation14400,False,32.0,fee_sensitivity_first_attempt,,legacy_single_initial_attempt,5,True,True,/home/nc437/ladder-lite/zero_charge_start_fee_20260913/cases/w6_k05_fee0/114063_r0/fee0/mip/result.json,fc20f2bf27215b2042bf5df4fb6bd98923c8bc1d3637b5c23de5cce8517425b4,10800,True,COMPLETED
8,752,3496625529601348608,94,2026-09-13T01:08:17,2026-09-13T01:10:23,0:0,114064,114064,fee_w6_k05_fee5,kim-cpu-01,default_partition,15367,normal,None,96G,0,s311M2CJP76N00,2026-09-13T01:08:49,COMPLETED,2026-09-13T01:08:17,240,00:00:00,s311M2CJP76N00|3496625529601348608|114064|2026-09-13T01:08:17|2026-09-13T01:08:49|0,w6_k05_fee5,scheduler_completed,default_fee_CG7200_MIP3600_allocation14400,False,32.0,fee_sensitivity_first_attempt,,legacy_single_initial_attempt,5,True,True,/home/nc437/ladder-lite/zero_charge_start_fee_20260913/cases/w6_k05_fee5/114064_r0/fee5/mip/result.json,3933eac5df93145eba6928f1732856ff500b28dbdaf6160e8b8e5c7bd1ccc3b1,10800,True,COMPLETED
8,31608,3496625529601569792,3951,2026-09-13T01:08:17,2026-09-13T02:14:40,0:0,114065,114065,fee_w6_k10_fee5,kim-cpu-02,default_partition,15367,normal,None,96G,0,s311M2CJP7DD00,2026-09-13T01:08:49,COMPLETED,2026-09-13T01:08:17,240,00:00:00,s311M2CJP7DD00|3496625529601569792|114065|2026-09-13T01:08:17|2026-09-13T01:08:49|0,w6_k10_fee5,scheduler_completed,default_fee_CG7200_MIP3600_allocation14400,False,32.0,fee_sensitivity_first_attempt,,legacy_single_initial_attempt,10,True,True,/home/nc437/ladder-lite/zero_charge_start_fee_20260913/cases/w6_k10_fee5/114065_r0/fee5/mip/result.json,f34cf9f7b1e6689958f0feaa13e8f37edf0ae9cd76ad2c29f33101ad300ab6f5,10800,True,COMPLETED
8,5568,3496625529601776640,696,2026-09-13T01:08:18,2026-09-13T01:20:25,0:0,114066,114066,fee_w6_k10_fee0,kim-cpu-04,default_partition,15367,normal,None,96G,0,s311M2CJP7KQ00,2026-09-13T01:08:49,COMPLETED,2026-09-13T01:08:18,240,00:00:00,s311M2CJP7KQ00|3496625529601776640|114066|2026-09-13T01:08:18|2026-09-13T01:08:49|0,w6_k10_fee0,scheduler_completed,default_fee_CG7200_MIP3600_allocation14400,False,31.0,fee_sensitivity_first_attempt,,legacy_single_initial_attempt,10,True,True,/home/nc437/ladder-lite/zero_charge_start_fee_20260913/cases/w6_k10_fee0/114066_r0/fee0/mip/result.json,69cd669e3d7d4229f8b12b46e55ed8dea9786f03019a13297611f84548a1b623,10800,True,COMPLETED
8,40296,3496625529602172928,5037,2026-09-13T01:08:18,2026-09-13T02:32:46,0:0,114067,114067,fee_w6_k15_fee0,kim-cpu-03,default_partition,15367,normal,None,96G,0,s311M2CJP7ZT00,2026-09-13T01:08:49,COMPLETED,2026-09-13T01:08:18,240,00:00:00,s311M2CJP7ZT00|3496625529602172928|114067|2026-09-13T01:08:18|2026-09-13T01:08:49|0,w6_k15_fee0,scheduler_completed,default_fee_CG7200_MIP3600_allocation14400,False,31.0,fee_sensitivity_first_attempt,,legacy_single_initial_attempt,15,True,True,/home/nc437/ladder-lite/zero_charge_start_fee_20260913/cases/w6_k15_fee0/114067_r0/fee0/mip/result.json,06b02fa3d1083990d95fed8464fa767e926d853d4ae5f432f2850e06464332d0,10800,True,COMPLETED
8,35480,3496625529602407424,4435,2026-09-13T01:08:18,2026-09-13T02:22:44,0:0,114068,114068,fee_w6_k15_fee5,kim-cpu-03,default_partition,15367,normal,None,96G,0,s311M2CJP86Z00,2026-09-13T01:08:49,COMPLETED,2026-09-13T01:08:18,240,00:00:00,s311M2CJP86Z00|3496625529602407424|114068|2026-09-13T01:08:18|2026-09-13T01:08:49|0,w6_k15_fee5,scheduler_completed,default_fee_CG7200_MIP3600_allocation14400,False,31.0,fee_sensitivity_first_attempt,,legacy_single_initial_attempt,15,True,True,/home/nc437/ladder-lite/zero_charge_start_fee_20260913/cases/w6_k15_fee5/114068_r0/fee5/mip/result.json,6ff1a40cd6524ae6e2ccc6a3b9d0ee65e6a2d3bac5760bf3dacd38f3426e1edd,10800,True,COMPLETED
8,96,3496625529844573184,12,2026-09-13T01:38:56,2026-09-13T01:40:08,0:0,114102,114102,gm_peak08_fee0,unicorn-cpu-01,default_partition,15366,normal,Dependency,48G,0,s311M2CJXF5900,2026-09-13T01:39:56,COMPLETED,2026-09-13T01:12:15,120,00:00:00,s311M2CJXF5900|3496625529844573184|114102|2026-09-13T01:12:15|2026-09-13T01:39:56|0,peak08_fee0,scheduler_completed,default_GIRO_fee_MIP3600_allocation7200,False,60.0,fee_terminal_fair_first_attempt,,legacy_single_initial_attempt,,,True,/home/nc437/ladder-lite/giro_zero_start_fee_20260913/results/peak08/fee0/joint/comparison.json,0e00ce0faf3c54846247b0f5d313222663b45ba3833478d9b3e13ca4e251a674,3600,True,COMPLETED
8,96,3496625529844680704,12,2026-09-13T01:38:56,2026-09-13T01:40:08,0:0,114103,114103,gm_peak08_fee5,unicorn-cpu-01,default_partition,15366,normal,Dependency,48G,0,s311M2CJXF8J00,2026-09-13T01:39:56,COMPLETED,2026-09-13T01:12:15,120,00:00:00,s311M2CJXF8J00|3496625529844680704|114103|2026-09-13T01:12:15|2026-09-13T01:39:56|0,peak08_fee5,scheduler_completed,default_GIRO_fee_MIP3600_allocation7200,False,60.0,fee_terminal_fair_first_attempt,,legacy_single_initial_attempt,,,True,/home/nc437/ladder-lite/giro_zero_start_fee_20260913/results/peak08/fee5/joint/comparison.json,d3f25841de026f4eb9de6cd17b8496946b1962465206b8adb61ce7197be9c590,3600,True,COMPLETED
8,96,3496625529845010432,12,2026-09-13T01:40:17,2026-09-13T01:41:09,0:0,114106,114106,gm_peak12_fee0,unicorn-cpu-01,default_partition,15366,normal,Dependency,48G,0,s311M2CJXFJM00,2026-09-13T01:40:57,COMPLETED,2026-09-13T01:12:15,120,00:00:00,s311M2CJXFJM00|3496625529845010432|114106|2026-09-13T01:12:15|2026-09-13T01:40:57|0,peak12_fee0,scheduler_completed,default_GIRO_fee_MIP3600_allocation7200,False,40.0,fee_terminal_fair_first_attempt,,legacy_single_initial_attempt,,,True,/home/nc437/ladder-lite/giro_zero_start_fee_20260913/results/peak12/fee0/joint/comparison.json,bb79b68365df06e3193128a9a6c6f4b23aa103038945313561158dbdd082a027,3600,True,COMPLETED
8,104,3496625529845116928,13,2026-09-13T01:40:17,2026-09-13T01:41:10,0:0,114107,114107,gm_peak12_fee5,unicorn-cpu-01,default_partition,15366,normal,Dependency,48G,0,s311M2CJXFNW00,2026-09-13T01:40:57,COMPLETED,2026-09-13T01:12:15,120,00:00:00,s311M2CJXFNW00|3496625529845116928|114107|2026-09-13T01:12:15|2026-09-13T01:40:57|0,peak12_fee5,scheduler_completed,default_GIRO_fee_MIP3600_allocation7200,False,40.0,fee_terminal_fair_first_attempt,,legacy_single_initial_attempt,,,True,/home/nc437/ladder-lite/giro_zero_start_fee_20260913/results/peak12/fee5/joint/comparison.json,2444b0edb55351b8298c4b55b357e59c72f728a03e1ab8d7833bfecfbc8201d1,3600,True,COMPLETED
8,104,3496625529845680128,13,2026-09-13T01:41:24,2026-09-13T01:41:41,0:0,114110,114110,gm_peak18_fee0,unicorn-cpu-01,default_partition,15366,normal,Dependency,48G,0,s311M2CJXG7200,2026-09-13T01:41:28,COMPLETED,2026-09-13T01:12:16,120,00:00:00,s311M2CJXG7200|3496625529845680128|114110|2026-09-13T01:12:16|2026-09-13T01:41:28|0,peak18_fee0,scheduler_completed,default_GIRO_fee_MIP3600_allocation7200,False,4.0,fee_terminal_fair_first_attempt,,legacy_single_initial_attempt,,,True,/home/nc437/ladder-lite/giro_zero_start_fee_20260913/results/peak18/fee0/joint/comparison.json,edd4ae5d98ede2de0f5c3344edcafb35ada72c975be29bb40581844d138bf571,3600,True,COMPLETED
8,104,3496625529845784576,13,2026-09-13T01:41:24,2026-09-13T01:41:41,0:0,114111,114111,gm_peak18_fee5,unicorn-cpu-01,default_partition,15366,normal,Dependency,48G,0,s311M2CJXGA800,2026-09-13T01:41:28,COMPLETED,2026-09-13T01:12:16,120,00:00:00,s311M2CJXGA800|3496625529845784576|114111|2026-09-13T01:12:16|2026-09-13T01:41:28|0,peak18_fee5,scheduler_completed,default_GIRO_fee_MIP3600_allocation7200,False,4.0,fee_terminal_fair_first_attempt,,legacy_single_initial_attempt,,,True,/home/nc437/ladder-lite/giro_zero_start_fee_20260913/results/peak18/fee5/joint/comparison.json,4f6bdcaf6d6dc3bc55b81e23b4aec5ac9a2f2abd0052a65f75ffa2638796c397,3600,True,COMPLETED
8,30456,3496625563724545024,3807,2026-09-13T14:11:25,2026-09-13T15:16:30,0:0,133910,133910,drX_w1_k16_mip,unicorn-cpu-01,default_partition,15366,normal,Dependency,24G,0,s311M2DJF5KZ00,2026-09-13T14:13:03,COMPLETED,2026-09-13T10:23:41,120,00:00:00,s311M2DJF5KZ00|3496625563724545024|133910|2026-09-13T10:23:41|2026-09-13T14:13:03|0,w1_k16,scheduler_completed,default_chain_extension_3600,False,98.0,chain_extension_20260913,,legacy_single_initial_attempt,16,True,True,/home/nc437/ladder-lite/chain_extension_20260913/cases/w1_k16/mip_result.json,fd73d08ae55c52db4243808d1723b79f580ec87649c4622178ed71d6610d35b4,3600,True,COMPLETED
8,30416,3496625563724976128,3802,2026-09-13T15:36:57,2026-09-13T16:40:38,0:0,133912,133912,drX_w1_k17_mip,sonic-cpu-02,default_partition,15366,normal,Dependency,24G,0,s311M2DJF61400,2026-09-13T15:37:16,COMPLETED,2026-09-13T10:23:41,120,00:00:00,s311M2DJF61400|3496625563724976128|133912|2026-09-13T10:23:41|2026-09-13T15:37:16|0,w1_k17,scheduler_completed,default_chain_extension_3600,False,19.0,chain_extension_20260913,,legacy_single_initial_attempt,17,True,True,/home/nc437/ladder-lite/chain_extension_20260913/cases/w1_k17/mip_result.json,6530cb3a70ad62c95938078f4592b06d4d88b0b6836717b6694b8d5ac874d72d,3600,True,COMPLETED
8,30616,3496625563725390848,3827,2026-09-13T19:32:44,2026-09-13T20:36:31,0:0,133914,133914,drX_w1_k18_mip,sonic-cpu-01,default_partition,15366,normal,Dependency,24G,0,s311M2DJF6DS00,2026-09-13T19:32:44,COMPLETED,2026-09-13T10:23:41,120,00:00:00,s311M2DJF6DS00|3496625563725390848|133914|2026-09-13T10:23:41|2026-09-13T19:32:44|0,w1_k18,scheduler_completed,default_chain_extension_3600,False,0.0,chain_extension_20260913,,legacy_single_initial_attempt,18,True,True,/home/nc437/ladder-lite/chain_extension_20260913/cases/w1_k18/mip_result.json,58323f10356afa0941d5e87fb0d7dd1e8d580c77e1550c84abf18ea9011859f8,3600,True,COMPLETED
8,31152,3496625563725900800,3894,2026-09-13T23:33:06,2026-09-14T00:38:04,0:0,133916,133916,drX_w1_k19_mip,snavely-cpu-17,default_partition,15366,normal,Dependency,24G,0,s311M2DJF6XB00,2026-09-13T23:33:10,COMPLETED,2026-09-13T10:23:42,120,00:00:00,s311M2DJF6XB00|3496625563725900800|133916|2026-09-13T10:23:42|2026-09-13T23:33:10|0,w1_k19,scheduler_completed,default_chain_extension_3600,False,4.0,chain_extension_20260913,,legacy_single_initial_attempt,20,True,True,/home/nc437/ladder-lite/chain_extension_20260913/cases/w1_k19/mip_result.json,20b29e1f9b4781265dc68ae7c4092835cf80ed0fb24f83a3e02fd22ab6b03339,3600,True,COMPLETED
8,31432,3496625563726329856,3929,2026-09-14T03:33:46,2026-09-14T04:40:16,0:0,133918,133918,drX_w1_k20_mip,garg-cpu-02,default_partition,15366,normal,Dependency,24G,0,s311M2DJF7AE00,2026-09-14T03:34:47,COMPLETED,2026-09-13T10:23:42,120,00:00:00,s311M2DJF7AE00|3496625563726329856|133918|2026-09-13T10:23:42|2026-09-14T03:34:47|0,w1_k20,scheduler_completed,default_chain_extension_3600,False,61.0,chain_extension_20260913,,legacy_single_initial_attempt,21,True,True,/home/nc437/ladder-lite/chain_extension_20260913/cases/w1_k20/mip_result.json,15da2a1a44ed1a63b7c4d2ccd17e0c3f7e84386b62f0f7ed6d243e74dee45549,3600,True,COMPLETED
8,32032,3496625563726766080,4004,2026-09-14T07:35:48,2026-09-14T08:42:47,0:0,133920,133920,drX_w1_k21_mip,snavely-cpu-09,default_partition,15366,normal,Dependency,24G,0,s311M2DJF7QR00,2026-09-14T07:36:03,COMPLETED,2026-09-13T10:23:43,120,00:00:00,s311M2DJF7QR00|3496625563726766080|133920|2026-09-13T10:23:43|2026-09-14T07:36:03|0,w1_k21,scheduler_completed,default_chain_extension_3600,False,15.0,chain_extension_20260913,,legacy_single_initial_attempt,21,True,True,/home/nc437/ladder-lite/chain_extension_20260913/cases/w1_k21/mip_result.json,eb352b000a3d814ec40c87987c8fc7761192aa60172cbb8ff212183467b5c093,3600,True,COMPLETED
8,31216,3496625563727240192,3902,2026-09-14T10:07:16,2026-09-14T11:12:25,0:0,133922,133922,drX_w1_k22_mip,totient-cpu-01,default_partition,15366,normal,Dependency,24G,0,s311M2DJF86700,2026-09-14T10:07:23,COMPLETED,2026-09-13T10:23:43,120,00:00:00,s311M2DJF86700|3496625563727240192|133922|2026-09-13T10:23:43|2026-09-14T10:07:23|0,w1_k22,scheduler_completed,default_chain_extension_3600,False,7.0,chain_extension_20260913,,legacy_single_initial_attempt,23,True,True,/home/nc437/ladder-lite/chain_extension_20260913/cases/w1_k22/mip_result.json,cd2f63f2b9b32137828f79203548211d17f0b4ab693406e53ae3ed43eedc824e,3600,True,COMPLETED
8,31016,3496625563727717376,3877,2026-09-14T14:07:55,2026-09-14T15:12:50,0:0,133924,133924,drX_w1_k23_mip,jingjie-cpu-01,default_partition,15366,normal,Dependency,24G,0,s311M2DJF8MS00,2026-09-14T14:08:13,COMPLETED,2026-09-13T10:23:44,120,00:00:00,s311M2DJF8MS00|3496625563727717376|133924|2026-09-13T10:23:44|2026-09-14T14:08:13|0,w1_k23,scheduler_completed,default_chain_extension_3600,False,18.0,chain_extension_20260913,,legacy_single_initial_attempt,23,True,True,/home/nc437/ladder-lite/chain_extension_20260913/cases/w1_k23/mip_result.json,b6d213339b224c4ff5cfabf7dd6daf191cdb6fc71322722cc713d98aaab6b3e9,3600,True,COMPLETED
8,31152,3496625563728151552,3894,2026-09-14T18:09:10,2026-09-14T19:14:49,0:0,133926,133926,drX_w1_k24_mip,jingjie-cpu-01,default_partition,15366,normal,Dependency,24G,0,s311M2DJF92100,2026-09-14T18:09:55,COMPLETED,2026-09-13T10:23:44,120,00:00:00,s311M2DJF92100|3496625563728151552|133926|2026-09-13T10:23:44|2026-09-14T18:09:55|0,w1_k24,scheduler_completed,default_chain_extension_3600,False,45.0,chain_extension_20260913,,legacy_single_initial_attempt,24,True,True,/home/nc437/ladder-lite/chain_extension_20260913/cases/w1_k24/mip_result.json,62ae33321d8056c72a5f67d2d445f31179d44e9de0bab842112b19aa54757149,3600,True,COMPLETED
8,31592,3496625563728562176,3949,2026-09-14T22:11:09,2026-09-14T23:16:58,0:0,133928,133928,drX_w1_k25_mip,totient-cpu-01,default_partition,15366,normal,Dependency,24G,0,s311M2DJF9EJ00,2026-09-14T22:11:09,COMPLETED,2026-09-13T10:23:44,120,00:00:00,s311M2DJF9EJ00|3496625563728562176|133928|2026-09-13T10:23:44|2026-09-14T22:11:09|0,w1_k25,scheduler_completed,default_chain_extension_3600,False,0.0,chain_extension_20260913,,legacy_single_initial_attempt,25,True,True,/home/nc437/ladder-lite/chain_extension_20260913/cases/w1_k25/mip_result.json,9b7b1d58960738f30fd9999878c54232b588bfbb2466683b4d2146cddea7a8cb,3600,True,COMPLETED
8,30264,3496625563729249280,3783,2026-09-13T14:40:06,2026-09-13T15:43:09,0:0,133930,133930,drX_w2_k16_mip,garg-cpu-02,default_partition,15366,normal,Dependency,24G,0,s311M2DJFA3H00,2026-09-13T14:40:06,COMPLETED,2026-09-13T10:23:45,120,00:00:00,s311M2DJFA3H00|3496625563729249280|133930|2026-09-13T10:23:45|2026-09-13T14:40:06|0,w2_k16,scheduler_completed,default_chain_extension_3600,False,0.0,chain_extension_20260913,,legacy_single_initial_attempt,16,True,True,/home/nc437/ladder-lite/chain_extension_20260913/cases/w2_k16/mip_result.json,def73250c1c0e69206449b69b17f34ec893b7e576ee7b41b27d8c58e1a5197e5,3600,True,COMPLETED
8,30096,3496625563729678336,3762,2026-09-13T16:38:28,2026-09-13T17:41:11,0:0,133932,133932,drX_w2_k17_mip,unicorn-cpu-01,default_partition,15366,normal,Dependency,24G,0,s311M2DJFAGM00,2026-09-13T16:38:29,COMPLETED,2026-09-13T10:23:46,120,00:00:00,s311M2DJFAGM00|3496625563729678336|133932|2026-09-13T10:23:46|2026-09-13T16:38:29|0,w2_k17,scheduler_completed,default_chain_extension_3600,False,1.0,chain_extension_20260913,,legacy_single_initial_attempt,18,True,True,/home/nc437/ladder-lite/chain_extension_20260913/cases/w2_k17/mip_result.json,6e124ad3cb3cbe56f68fb05d4986455bc2ca388f22d57c75f6b108a336ff5a9b,3600,True,COMPLETED
8,30872,3496625563730087936,3859,2026-09-13T18:42:27,2026-09-13T19:46:51,0:0,133934,133934,drX_w2_k18_mip,snavely-cpu-12,default_partition,15366,normal,Dependency,24G,0,s311M2DJFAX400,2026-09-13T18:42:32,COMPLETED,2026-09-13T10:23:46,120,00:00:00,s311M2DJFAX400|3496625563730087936|133934|2026-09-13T10:23:46|2026-09-13T18:42:32|0,w2_k18,scheduler_completed,default_chain_extension_3600,False,5.0,chain_extension_20260913,,legacy_single_initial_attempt,19,True,True,/home/nc437/ladder-lite/chain_extension_20260913/cases/w2_k18/mip_result.json,f36b0a92d27b68b1fa0b82f55723ab027eeb3456830aaf9be2f03d7bb04a804b,3600,True,COMPLETED
8,31176,3496625563730634752,3897,2026-09-13T20:19:28,2026-09-13T21:24:56,0:0,133936,133936,drX_w2_k19_mip,snavely-cpu-15,default_partition,15366,normal,Dependency,24G,0,s311M2DJFBDT00,2026-09-13T20:19:59,COMPLETED,2026-09-13T10:23:46,120,00:00:00,s311M2DJFBDT00|3496625563730634752|133936|2026-09-13T10:23:46|2026-09-13T20:19:59|0,w2_k19,scheduler_completed,default_chain_extension_3600,False,31.0,chain_extension_20260913,,legacy_single_initial_attempt,20,True,True,/home/nc437/ladder-lite/chain_extension_20260913/cases/w2_k19/mip_result.json,ebe9451de8c9ee4a0a897b2b5df1c865b6200f945a0aec3442ac7dab73dbd519,3600,True,COMPLETED
8,31168,3496625563731067904,3896,2026-09-13T21:28:58,2026-09-13T22:34:08,0:0,133938,133938,drX_w2_k20_mip,snavely-cpu-15,default_partition,15366,normal,Dependency,24G,0,s311M2DJFBV100,2026-09-13T21:29:12,COMPLETED,2026-09-13T10:23:47,120,00:00:00,s311M2DJFBV100|3496625563731067904|133938|2026-09-13T10:23:47|2026-09-13T21:29:12|0,w2_k20,scheduler_completed,default_chain_extension_3600,False,14.0,chain_extension_20260913,,legacy_single_initial_attempt,21,True,True,/home/nc437/ladder-lite/chain_extension_20260913/cases/w2_k20/mip_result.json,352f8e6af9a182480276d211a5e391be53e6a3034edbee1b031fc61ab6fbbd24,3600,True,COMPLETED
8,30424,3496625563731606528,3803,2026-09-13T22:50:46,2026-09-13T23:54:37,0:0,133940,133940,drX_w2_k21_mip,unicorn-cpu-01,default_partition,15366,normal,Dependency,24G,0,s311M2DJFCBF00,2026-09-13T22:51:14,COMPLETED,2026-09-13T10:23:47,120,00:00:00,s311M2DJFCBF00|3496625563731606528|133940|2026-09-13T10:23:47|2026-09-13T22:51:14|0,w2_k21,scheduler_completed,default_chain_extension_3600,False,28.0,chain_extension_20260913,,legacy_single_initial_attempt,21,True,True,/home/nc437/ladder-lite/chain_extension_20260913/cases/w2_k21/mip_result.json,d9cf7e4c0c5af6611221a2308153c344424ab596097232a8ef67f5a5101c7eeb,3600,True,COMPLETED
8,30520,3496625563732208640,3815,2026-09-14T00:19:08,2026-09-14T01:22:55,0:0,133942,133942,drX_w2_k22_mip,garg-cpu-02,default_partition,15366,normal,Dependency,24G,0,s311M2DJFCXV00,2026-09-14T00:19:20,COMPLETED,2026-09-13T10:23:48,120,00:00:00,s311M2DJFCXV00|3496625563732208640|133942|2026-09-13T10:23:48|2026-09-14T00:19:20|0,w2_k22,scheduler_completed,default_chain_extension_3600,False,12.0,chain_extension_20260913,,legacy_single_initial_attempt,22,True,True,/home/nc437/ladder-lite/chain_extension_20260913/cases/w2_k22/mip_result.json,ad756187b3da55e1aadab5fa7c807bba9f7102ea5d0d133ba6f7cc62b86ba879,3600,True,COMPLETED
8,31256,3496625563732641792,3907,2026-09-14T03:53:29,2026-09-14T04:59:55,0:0,133944,133944,drX_w2_k23_mip,snavely-cpu-12,default_partition,15366,normal,Dependency,24G,0,s311M2DJFDB200,2026-09-14T03:54:48,COMPLETED,2026-09-13T10:23:48,120,00:00:00,s311M2DJFDB200|3496625563732641792|133944|2026-09-13T10:23:48|2026-09-14T03:54:48|0,w2_k23,scheduler_completed,default_chain_extension_3600,False,79.0,chain_extension_20260913,,legacy_single_initial_attempt,25,True,True,/home/nc437/ladder-lite/chain_extension_20260913/cases/w2_k23/mip_result.json,4d8c383ff118ef0941f5dda5c9c25eb3b876752eb69e8648142502b0f658cb5b,3600,True,COMPLETED
8,31136,3496625563733274624,3892,2026-09-14T05:03:34,2026-09-14T06:08:41,0:0,133946,133946,drX_w2_k24_mip,snavely-cpu-09,default_partition,15366,normal,Dependency,24G,0,s311M2DJFDYC00,2026-09-14T05:03:49,COMPLETED,2026-09-13T10:23:49,120,00:00:00,s311M2DJFDYC00|3496625563733274624|133946|2026-09-13T10:23:49|2026-09-14T05:03:49|0,w2_k24,scheduler_completed,default_chain_extension_3600,False,15.0,chain_extension_20260913,,legacy_single_initial_attempt,25,True,True,/home/nc437/ladder-lite/chain_extension_20260913/cases/w2_k24/mip_result.json,6b53a873136e76becc4108ae370626b0aec37fea61fa3e72c00d18af7df7ca96,3600,True,COMPLETED
8,31488,3496625563733787648,3936,2026-09-14T06:48:02,2026-09-14T07:53:38,0:0,133948,133948,drX_w2_k25_mip,snavely-cpu-13,default_partition,15366,normal,Dependency,24G,0,s311M2DJFEE100,2026-09-14T06:48:02,COMPLETED,2026-09-13T10:23:50,120,00:00:00,s311M2DJFEE100|3496625563733787648|133948|2026-09-13T10:23:50|2026-09-14T06:48:02|0,w2_k25,scheduler_completed,default_chain_extension_3600,False,0.0,chain_extension_20260913,,legacy_single_initial_attempt,26,True,True,/home/nc437/ladder-lite/chain_extension_20260913/cases/w2_k25/mip_result.json,d7394865b08cb3a91f95f9897d9f5adb34cf5da103e0735f34220f33808581ea,3600,True,COMPLETED
8,29968,3496625563734201344,3746,2026-09-13T13:40:39,2026-09-13T14:43:23,0:0,133950,133950,drX_w3_k16_mip,snavely-cpu-12,default_partition,15366,normal,Dependency,24G,0,s311M2DJFETN00,2026-09-13T13:40:57,COMPLETED,2026-09-13T10:23:50,120,00:00:00,s311M2DJFETN00|3496625563734201344|133950|2026-09-13T10:23:50|2026-09-13T13:40:57|0,w3_k16,scheduler_completed,default_chain_extension_3600,False,18.0,chain_extension_20260913,,legacy_single_initial_attempt,16,True,True,/home/nc437/ladder-lite/chain_extension_20260913/cases/w3_k16/mip_result.json,442377cc0314ef6a2ff48146e198cd8a327f9fbde8f9fd29cfb0e8f452c98838,3600,True,COMPLETED
8,29720,3496625563734752256,3715,2026-09-13T14:13:37,2026-09-13T15:15:57,0:0,133952,133952,drX_w3_k17_mip,unicorn-cpu-01,default_partition,15366,normal,Dependency,24G,0,s311M2DJFFBF00,2026-09-13T14:14:02,COMPLETED,2026-09-13T10:23:51,120,00:00:00,s311M2DJFFBF00|3496625563734752256|133952|2026-09-13T10:23:51|2026-09-13T14:14:02|0,w3_k17,scheduler_completed,default_chain_extension_3600,False,25.0,chain_extension_20260913,,legacy_single_initial_attempt,17,True,True,/home/nc437/ladder-lite/chain_extension_20260913/cases/w3_k17/mip_result.json,e22ec67bb6322db360c2c415475e25807f1a3caf7a5ddfa037a7fe4413cae798,3600,True,COMPLETED
8,29784,3496625563735420928,3723,2026-09-13T15:12:12,2026-09-13T16:14:15,0:0,133954,133954,drX_w3_k18_mip,totient-cpu-02,default_partition,15366,normal,Dependency,24G,0,s311M2DJFFZW00,2026-09-13T15:12:12,COMPLETED,2026-09-13T10:23:51,120,00:00:00,s311M2DJFFZW00|3496625563735420928|133954|2026-09-13T10:23:51|2026-09-13T15:12:12|0,w3_k18,scheduler_completed,default_chain_extension_3600,False,0.0,chain_extension_20260913,,legacy_single_initial_attempt,18,True,True,/home/nc437/ladder-lite/chain_extension_20260913/cases/w3_k18/mip_result.json,1be398543b9388156d392ec82d9e57bf869df1a935ab3b3989e9e862d964ee09,3600,True,COMPLETED
8,29912,3496625563735958528,3739,2026-09-13T16:35:48,2026-09-13T17:38:13,0:0,133956,133956,drX_w3_k19_mip,unicorn-cpu-01,default_partition,15366,normal,Dependency,24G,0,s311M2DJFGG900,2026-09-13T16:35:54,COMPLETED,2026-09-13T10:23:52,120,00:00:00,s311M2DJFGG900|3496625563735958528|133956|2026-09-13T10:23:52|2026-09-13T16:35:54|0,w3_k19,scheduler_completed,default_chain_extension_3600,False,6.0,chain_extension_20260913,,legacy_single_initial_attempt,20,True,True,/home/nc437/ladder-lite/chain_extension_20260913/cases/w3_k19/mip_result.json,ca44a6c5e98dc894eeb1e3236d974b5192b4c3b5a50f8df92263b1cc5674e999,3600,True,COMPLETED
8,29928,3496625563736437760,3741,2026-09-13T17:41:32,2026-09-13T18:43:54,0:0,133958,133958,drX_w3_k20_mip,unicorn-cpu-01,default_partition,15366,normal,Dependency,24G,0,s311M2DJFGYX00,2026-09-13T17:41:33,COMPLETED,2026-09-13T10:23:52,120,00:00:00,s311M2DJFGYX00|3496625563736437760|133958|2026-09-13T10:23:52|2026-09-13T17:41:33|0,w3_k20,scheduler_completed,default_chain_extension_3600,False,1.0,chain_extension_20260913,,legacy_single_initial_attempt,21,True,True,/home/nc437/ladder-lite/chain_extension_20260913/cases/w3_k20/mip_result.json,5a7c890d393eeeeed79dbdef73994acf002ccbd40e0bb5c0ce1e478d76adfe07,3600,True,COMPLETED
8,31200,3496625563737007104,3900,2026-09-13T21:13:55,2026-09-13T22:19:12,0:0,133960,133960,drX_w3_k21_mip,snavely-cpu-16,default_partition,15366,normal,Dependency,24G,0,s311M2DJFHG900,2026-09-13T21:14:12,COMPLETED,2026-09-13T10:23:53,120,00:00:00,s311M2DJFHG900|3496625563737007104|133960|2026-09-13T10:23:53|2026-09-13T21:14:12|0,w3_k21,scheduler_completed,default_chain_extension_3600,False,17.0,chain_extension_20260913,,legacy_single_initial_attempt,22,True,True,/home/nc437/ladder-lite/chain_extension_20260913/cases/w3_k21/mip_result.json,70111b8e0f3e3486ec892b64b1f732f67f653bba0fe8bf9d5c38898726e7edbf,3600,True,COMPLETED
8,30768,3496625563737459712,3846,2026-09-13T22:34:34,2026-09-13T23:39:20,0:0,133962,133962,drX_w3_k22_mip,snavely-cpu-15,default_partition,15366,normal,Dependency,24G,0,s311M2DJFHY300,2026-09-13T22:35:14,COMPLETED,2026-09-13T10:23:53,120,00:00:00,s311M2DJFHY300|3496625563737459712|133962|2026-09-13T10:23:53|2026-09-13T22:35:14|0,w3_k22,scheduler_completed,default_chain_extension_3600,False,40.0,chain_extension_20260913,,legacy_single_initial_attempt,23,True,True,/home/nc437/ladder-lite/chain_extension_20260913/cases/w3_k22/mip_result.json,fa242b5e47974e0d350e7d4cd9a2dc970855ae8242c2e00bbe2999c404dc17d6,3600,True,COMPLETED
8,30896,3496625563737891840,3862,2026-09-13T23:56:02,2026-09-14T01:01:39,0:0,133964,133964,drX_w3_k23_mip,snavely-cpu-13,default_partition,15366,normal,Dependency,24G,0,s311M2DJFJB900,2026-09-13T23:57:17,COMPLETED,2026-09-13T10:23:54,120,00:00:00,s311M2DJFJB900|3496625563737891840|133964|2026-09-13T10:23:54|2026-09-13T23:57:17|0,w3_k23,scheduler_completed,default_chain_extension_3600,False,75.0,chain_extension_20260913,,legacy_single_initial_attempt,24,True,True,/home/nc437/ladder-lite/chain_extension_20260913/cases/w3_k23/mip_result.json,e62eebcb27fbc1b170201a916d10d2118598767b60c5c68cce9adbcee2a8a397,3600,True,COMPLETED
8,30016,3496625563738356736,3752,2026-09-14T01:31:23,2026-09-14T02:34:03,0:0,133966,133966,drX_w3_k24_mip,jingjie-cpu-16,default_partition,15366,normal,Dependency,24G,0,s311M2DJFJSF00,2026-09-14T01:31:31,COMPLETED,2026-09-13T10:23:54,120,00:00:00,s311M2DJFJSF00|3496625563738356736|133966|2026-09-13T10:23:54|2026-09-14T01:31:31|0,w3_k24,scheduler_completed,default_chain_extension_3600,False,8.0,chain_extension_20260913,,legacy_single_initial_attempt,24,True,True,/home/nc437/ladder-lite/chain_extension_20260913/cases/w3_k24/mip_result.json,133dc2868a59e064c25644f340a35830e5c22c78ae2061722a97ab07c110c3a6,3600,True,COMPLETED
8,30480,3496625563738797056,3810,2026-09-14T03:30:05,2026-09-14T04:34:16,0:0,133968,133968,drX_w3_k25_mip,garg-cpu-02,default_partition,15366,normal,Dependency,24G,0,s311M2DJFK6X00,2026-09-14T03:30:46,COMPLETED,2026-09-13T10:23:54,120,00:00:00,s311M2DJFK6X00|3496625563738797056|133968|2026-09-13T10:23:54|2026-09-14T03:30:46|0,w3_k25,scheduler_completed,default_chain_extension_3600,False,41.0,chain_extension_20260913,,legacy_single_initial_attempt,26,True,True,/home/nc437/ladder-lite/chain_extension_20260913/cases/w3_k25/mip_result.json,e3db678f239eb93954ed9d1ded50e9b50e6404b428e1a6260450fa6a3ad6f531,3600,True,COMPLETED
8,29888,3496625563739230208,3736,2026-09-13T16:16:44,2026-09-13T17:19:40,0:0,133970,133970,drX_w4_k16_mip,totient-cpu-01,default_partition,15366,normal,Dependency,24G,0,s311M2DJFKM400,2026-09-13T16:17:24,COMPLETED,2026-09-13T10:23:55,120,00:00:00,s311M2DJFKM400|3496625563739230208|133970|2026-09-13T10:23:55|2026-09-13T16:17:24|0,w4_k16,scheduler_completed,default_chain_extension_3600,False,40.0,chain_extension_20260913,,legacy_single_initial_attempt,16,True,True,/home/nc437/ladder-lite/chain_extension_20260913/cases/w4_k16/mip_result.json,4004254fc37436d6ee2b4fcc6a6e1dc87c84660e2d6c746fac070faf0d2b8137,3600,True,COMPLETED
8,30568,3496625563739678720,3821,2026-09-13T17:36:01,2026-09-13T18:40:13,0:0,133972,133972,drX_w4_k17_mip,snavely-cpu-12,default_partition,15366,normal,Dependency,24G,0,s311M2DJFM1T00,2026-09-13T17:36:32,COMPLETED,2026-09-13T10:23:55,120,00:00:00,s311M2DJFM1T00|3496625563739678720|133972|2026-09-13T10:23:55|2026-09-13T17:36:32|0,w4_k17,scheduler_completed,default_chain_extension_3600,False,31.0,chain_extension_20260913,,legacy_single_initial_attempt,17,True,True,/home/nc437/ladder-lite/chain_extension_20260913/cases/w4_k17/mip_result.json,4e0536af00a690bc6608b5d17f4266b3e10f6bfe8afd132a6b9134f198f54170,3600,True,COMPLETED
8,30152,3496625563740595200,3769,2026-09-13T18:46:29,2026-09-13T19:49:22,0:0,133974,133974,drX_w4_k18_mip,unicorn-cpu-01,default_partition,15366,normal,Dependency,24G,0,s311M2DJFMXS00,2026-09-13T18:46:33,COMPLETED,2026-09-13T10:23:56,120,00:00:00,s311M2DJFMXS00|3496625563740595200|133974|2026-09-13T10:23:56|2026-09-13T18:46:33|0,w4_k18,scheduler_completed,default_chain_extension_3600,False,4.0,chain_extension_20260913,,legacy_single_initial_attempt,18,True,True,/home/nc437/ladder-lite/chain_extension_20260913/cases/w4_k18/mip_result.json,c15fa4399d82347e54996cdf27b13fb5fb59cad093dd624a9cff91a2005368e6,3600,True,COMPLETED
8,30520,3496625563741014016,3815,2026-09-13T22:47:01,2026-09-13T23:51:49,0:0,133976,133976,drX_w4_k19_mip,snavely-cpu-17,default_partition,15366,normal,Dependency,24G,0,s311M2DJFNAJ00,2026-09-13T22:48:14,COMPLETED,2026-09-13T10:23:57,120,00:00:00,s311M2DJFNAJ00|3496625563741014016|133976|2026-09-13T10:23:57|2026-09-13T22:48:14|0,w4_k19,scheduler_completed,default_chain_extension_3600,False,73.0,chain_extension_20260913,,legacy_single_initial_attempt,19,True,True,/home/nc437/ladder-lite/chain_extension_20260913/cases/w4_k19/mip_result.json,9c813100f9a10aa09fc54a7ee909778b6646c997d16a55c347bc4de5428263e3,3600,True,COMPLETED
8,30096,3496625563741449216,3762,2026-09-14T00:08:47,2026-09-14T01:12:02,0:0,133978,133978,drX_w4_k20_mip,jingjie-cpu-01,default_partition,15366,normal,Dependency,24G,0,s311M2DJFNQV00,2026-09-14T00:09:20,COMPLETED,2026-09-13T10:23:57,120,00:00:00,s311M2DJFNQV00|3496625563741449216|133978|2026-09-13T10:23:57|2026-09-14T00:09:20|0,w4_k20,scheduler_completed,default_chain_extension_3600,False,33.0,chain_extension_20260913,,legacy_single_initial_attempt,20,True,True,/home/nc437/ladder-lite/chain_extension_20260913/cases/w4_k20/mip_result.json,322f661e8db415d91114431d20f438ef46c13ffbbf1c04091f2bcdaa64abb6c6,3600,True,COMPLETED
8,32072,3496625563741937664,4009,2026-09-14T04:09:49,2026-09-14T05:17:39,0:0,133980,133980,drX_w4_k21_mip,snavely-cpu-14,default_partition,15366,normal,Dependency,24G,0,s311M2DJFP6R00,2026-09-14T04:10:50,COMPLETED,2026-09-13T10:23:58,120,00:00:00,s311M2DJFP6R00|3496625563741937664|133980|2026-09-13T10:23:58|2026-09-14T04:10:50|0,w4_k21,scheduler_completed,default_chain_extension_3600,False,61.0,chain_extension_20260913,,legacy_single_initial_attempt,22,True,True,/home/nc437/ladder-lite/chain_extension_20260913/cases/w4_k21/mip_result.json,6c580b68d44af19d9ec6268444af217627eef3358ca15707687b98fb8fa27ea5,3600,True,COMPLETED
8,31456,3496625563742367744,3932,2026-09-14T06:31:49,2026-09-14T07:37:32,0:0,133982,133982,drX_w4_k22_mip,snavely-cpu-12,default_partition,15366,normal,Dependency,24G,0,s311M2DJFPKW00,2026-09-14T06:32:00,COMPLETED,2026-09-13T10:23:58,120,00:00:00,s311M2DJFPKW00|3496625563742367744|133982|2026-09-13T10:23:58|2026-09-14T06:32:00|0,w4_k22,scheduler_completed,default_chain_extension_3600,False,11.0,chain_extension_20260913,,legacy_single_initial_attempt,23,True,True,/home/nc437/ladder-lite/chain_extension_20260913/cases/w4_k22/mip_result.json,04785d4f7f85857e4f96ce80f5ca817c31930429f656c449aa05f2007c4c131d,3600,True,COMPLETED
8,30896,3496625563742809088,3862,2026-09-14T10:14:20,2026-09-14T11:18:42,0:0,133984,133984,drX_w4_k23_mip,totient-cpu-08,default_partition,15366,normal,Dependency,24G,0,s311M2DJFQ1B00,2026-09-14T10:14:20,COMPLETED,2026-09-13T10:23:58,120,00:00:00,s311M2DJFQ1B00|3496625563742809088|133984|2026-09-13T10:23:58|2026-09-14T10:14:20|0,w4_k23,scheduler_completed,default_chain_extension_3600,False,0.0,chain_extension_20260913,,legacy_single_initial_attempt,23,True,True,/home/nc437/ladder-lite/chain_extension_20260913/cases/w4_k23/mip_result.json,64b562f708126197748551a46f78e566f31e78db2a09613f218eda7e7b2a1b38,3600,True,COMPLETED
8,30912,3496625563743507456,3864,2026-09-14T13:15:06,2026-09-14T14:19:42,0:0,133986,133986,drX_w4_k24_mip,unicorn-cpu-01,default_partition,15366,normal,Dependency,24G,0,s311M2DJFQPN00,2026-09-14T13:15:18,COMPLETED,2026-09-13T10:23:59,120,00:00:00,s311M2DJFQPN00|3496625563743507456|133986|2026-09-13T10:23:59|2026-09-14T13:15:18|0,w4_k24,scheduler_completed,default_chain_extension_3600,False,12.0,chain_extension_20260913,,legacy_single_initial_attempt,25,True,True,/home/nc437/ladder-lite/chain_extension_20260913/cases/w4_k24/mip_result.json,70e8034fa570d3384f6225cd8051a50a351602b7e0c514446711051c6ece4c34,3600,True,COMPLETED
8,30664,3496625563743936512,3833,2026-09-14T17:20:47,2026-09-14T18:24:43,0:0,133988,133988,drX_w4_k25_mip,jingjie-cpu-19,default_partition,15366,normal,Dependency,24G,0,s311M2DJFR3R00,2026-09-14T17:20:50,COMPLETED,2026-09-13T10:23:59,120,00:00:00,s311M2DJFR3R00|3496625563743936512|133988|2026-09-13T10:23:59|2026-09-14T17:20:50|0,w4_k25,scheduler_completed,default_chain_extension_3600,False,3.0,chain_extension_20260913,,legacy_single_initial_attempt,26,True,True,/home/nc437/ladder-lite/chain_extension_20260913/cases/w4_k25/mip_result.json,89cedfb6a2bdbc14a5ca8f58f3b6de70d642e6e6919cca83f6b8be280738a7a8,3600,True,COMPLETED
8,29704,3496625563744476160,3713,2026-09-13T14:50:37,2026-09-13T15:53:02,0:0,133990,133990,drX_w5_k16_mip,jingjie-cpu-02,default_partition,15366,normal,Dependency,24G,0,s311M2DJFRM700,2026-09-13T14:51:09,COMPLETED,2026-09-13T10:24:00,120,00:00:00,s311M2DJFRM700|3496625563744476160|133990|2026-09-13T10:24:00|2026-09-13T14:51:09|0,w5_k16,scheduler_completed,default_chain_extension_3600,False,32.0,chain_extension_20260913,,legacy_single_initial_attempt,16,True,True,/home/nc437/ladder-lite/chain_extension_20260913/cases/w5_k16/mip_result.json,20ee7f5f24a747051f4891e7133f9caf951418d6fcc68877dfc35ab3da9f5838,3600,True,COMPLETED
8,30448,3496625563745078272,3806,2026-09-13T16:12:31,2026-09-13T17:16:50,0:0,133992,133992,drX_w5_k17_mip,snavely-cpu-12,default_partition,15366,normal,Dependency,24G,0,s311M2DJFS6K00,2026-09-13T16:13:24,COMPLETED,2026-09-13T10:24:01,120,00:00:00,s311M2DJFS6K00|3496625563745078272|133992|2026-09-13T10:24:01|2026-09-13T16:13:24|0,w5_k17,scheduler_completed,default_chain_extension_3600,False,53.0,chain_extension_20260913,,legacy_single_initial_attempt,17,True,True,/home/nc437/ladder-lite/chain_extension_20260913/cases/w5_k17/mip_result.json,037d5b246629ddd09fe7e084a3fe8ef5c29af3f6618033089380981962f365a3,3600,True,COMPLETED
8,29912,3496625563745508352,3739,2026-09-13T17:05:00,2026-09-13T18:07:49,0:0,133994,133994,drX_w5_k18_mip,sonic-cpu-01,default_partition,15366,normal,Dependency,24G,0,s311M2DJFSKQ00,2026-09-13T17:05:30,COMPLETED,2026-09-13T10:24:01,120,00:00:00,s311M2DJFSKQ00|3496625563745508352|133994|2026-09-13T10:24:01|2026-09-13T17:05:30|0,w5_k18,scheduler_completed,default_chain_extension_3600,False,30.0,chain_extension_20260913,,legacy_single_initial_attempt,18,True,True,/home/nc437/ladder-lite/chain_extension_20260913/cases/w5_k18/mip_result.json,1daf6b62898aec76d1f4a5c513223a0a54ba53fb6769179f39d21470b4b54772,3600,True,COMPLETED
8,31024,3496625563745982464,3878,2026-09-13T21:05:50,2026-09-13T22:10:46,0:0,133996,133996,drX_w5_k19_mip,snavely-cpu-15,default_partition,15366,normal,Dependency,24G,0,s311M2DJFT2600,2026-09-13T21:06:08,COMPLETED,2026-09-13T10:24:01,120,00:00:00,s311M2DJFT2600|3496625563745982464|133996|2026-09-13T10:24:01|2026-09-13T21:06:08|0,w5_k19,scheduler_completed,default_chain_extension_3600,False,18.0,chain_extension_20260913,,legacy_single_initial_attempt,20,True,True,/home/nc437/ladder-lite/chain_extension_20260913/cases/w5_k19/mip_result.json,13e0736ad0928cfab265c3529a29c4505810f24d9fe41f1be4e86a8b93c9783c,3600,True,COMPLETED
8,30696,3496625563750410240,3837,2026-09-14T00:44:55,2026-09-14T01:49:23,0:0,134050,134050,drX_w5_k20_mip,snavely-cpu-17,default_partition,15366,normal,Dependency,24G,0,s311M2DJFY9A00,2026-09-14T00:45:26,COMPLETED,2026-09-13T10:24:06,120,00:00:00,s311M2DJFY9A00|3496625563750410240|134050|2026-09-13T10:24:06|2026-09-14T00:45:26|0,w5_k20,scheduler_completed,default_chain_extension_3600,False,31.0,chain_extension_20260913,,legacy_single_initial_attempt,20,True,True,/home/nc437/ladder-lite/chain_extension_20260913/cases/w5_k20/mip_result.json,25403d2bc242b585bd8b8b5012a37285e7eea4a35c064b4475c8f6f94d0f72ed,3600,True,COMPLETED
8,30312,3496625563753890816,3789,2026-09-14T04:46:02,2026-09-14T05:49:58,0:0,134052,134052,drX_w5_k21_mip,jingjie-cpu-09,default_partition,15366,normal,Dependency,24G,0,s311M2DJG1KH00,2026-09-14T04:46:49,COMPLETED,2026-09-13T10:24:09,120,00:00:00,s311M2DJG1KH00|3496625563753890816|134052|2026-09-13T10:24:09|2026-09-14T04:46:49|0,w5_k21,scheduler_completed,default_chain_extension_3600,False,47.0,chain_extension_20260913,,legacy_single_initial_attempt,21,True,True,/home/nc437/ladder-lite/chain_extension_20260913/cases/w5_k21/mip_result.json,3182edab652c168bd16da6ebc7de0e5e969435e2f2f08073b8b0596a1d4d0962,3600,True,COMPLETED
8,30792,3496625563754329088,3849,2026-09-14T08:47:30,2026-09-14T09:51:43,0:0,134054,134054,drX_w5_k22_mip,totient-cpu-01,default_partition,15366,normal,Dependency,24G,0,s311M2DJG20X00,2026-09-14T08:47:34,COMPLETED,2026-09-13T10:24:10,120,00:00:00,s311M2DJG20X00|3496625563754329088|134054|2026-09-13T10:24:10|2026-09-14T08:47:34|0,w5_k22,scheduler_completed,default_chain_extension_3600,False,4.0,chain_extension_20260913,,legacy_single_initial_attempt,22,True,True,/home/nc437/ladder-lite/chain_extension_20260913/cases/w5_k22/mip_result.json,49872f841eaf249c1192d0597b58ee99af56bc7f3db8b2aaba237eac50ce5ca8,3600,True,COMPLETED
8,31616,3496625563754798080,3952,2026-09-14T11:56:03,2026-09-14T13:01:55,0:0,134056,134056,drX_w5_k23_mip,snavely-cpu-11,default_partition,15366,normal,Dependency,24G,0,s311M2DJG2F700,2026-09-14T11:56:03,COMPLETED,2026-09-13T10:24:10,120,00:00:00,s311M2DJG2F700|3496625563754798080|134056|2026-09-13T10:24:10|2026-09-14T11:56:03|0,w5_k23,scheduler_completed,default_chain_extension_3600,False,0.0,chain_extension_20260913,,legacy_single_initial_attempt,23,True,True,/home/nc437/ladder-lite/chain_extension_20260913/cases/w5_k23/mip_result.json,a1614465e5ac84cfb3d6224aeadf599e3bbfe17bfcc47ce96ee4ad5687df35a5,3600,True,COMPLETED
8,30880,3496625563755464704,3860,2026-09-14T16:01:44,2026-09-14T17:06:42,0:0,134058,134058,drX_w5_k24_mip,sonic-cpu-01,default_partition,15366,normal,Dependency,24G,0,s311M2DJG33J00,2026-09-14T16:02:22,COMPLETED,2026-09-13T10:24:11,120,00:00:00,s311M2DJG33J00|3496625563755464704|134058|2026-09-13T10:24:11|2026-09-14T16:02:22|0,w5_k24,scheduler_completed,default_chain_extension_3600,False,38.0,chain_extension_20260913,,legacy_single_initial_attempt,24,True,True,/home/nc437/ladder-lite/chain_extension_20260913/cases/w5_k24/mip_result.json,f5501a32b7e92ac688ba17c679ffe0797baca5d6fc43be84d75f13ae1f349807,3600,True,COMPLETED
8,31920,3496625563755918336,3990,2026-09-14T20:03:35,2026-09-14T21:10:07,0:0,134060,134060,drX_w5_k25_mip,snavely-cpu-11,default_partition,15366,normal,Dependency,24G,0,s311M2DJG3HD00,2026-09-14T20:03:37,COMPLETED,2026-09-13T10:24:11,120,00:00:00,s311M2DJG3HD00|3496625563755918336|134060|2026-09-13T10:24:11|2026-09-14T20:03:37|0,w5_k25,scheduler_completed,default_chain_extension_3600,False,2.0,chain_extension_20260913,,legacy_single_initial_attempt,26,True,True,/home/nc437/ladder-lite/chain_extension_20260913/cases/w5_k25/mip_result.json,6eaebe78e8a55ec0eaf2fa8c004dcdacfd71e10889b89d97556027307954540e,3600,True,COMPLETED
8,29776,3496625563756364800,3722,2026-09-13T17:05:00,2026-09-13T18:07:32,0:0,134062,134062,drX_w6_k16_mip,sonic-cpu-02,default_partition,15366,normal,Dependency,24G,0,s311M2DJG3Z100,2026-09-13T17:05:30,COMPLETED,2026-09-13T10:24:12,120,00:00:00,s311M2DJG3Z100|3496625563756364800|134062|2026-09-13T10:24:12|2026-09-13T17:05:30|0,w6_k16,scheduler_completed,default_chain_extension_3600,False,30.0,chain_extension_20260913,,legacy_single_initial_attempt,16,True,True,/home/nc437/ladder-lite/chain_extension_20260913/cases/w6_k16/mip_result.json,af3e7007898f3cf9d90d889db786314b363de703ca50dacd7292c42b8c270b4a,3600,True,COMPLETED
8,30016,3496625563757033472,3752,2026-09-13T18:02:32,2026-09-13T19:05:04,0:0,134064,134064,drX_w6_k17_mip,totient-cpu-01,default_partition,15366,normal,Dependency,24G,0,s311M2DJG4KE00,2026-09-13T18:02:32,COMPLETED,2026-09-13T10:24:12,120,00:00:00,s311M2DJG4KE00|3496625563757033472|134064|2026-09-13T10:24:12|2026-09-13T18:02:32|0,w6_k17,scheduler_completed,default_chain_extension_3600,False,0.0,chain_extension_20260913,,legacy_single_initial_attempt,17,True,True,/home/nc437/ladder-lite/chain_extension_20260913/cases/w6_k17/mip_result.json,c3385e0362a5904189dfc678066bc110cca52b19562231539bacf5f81d063f67,3600,True,COMPLETED
8,30632,3496625563757489152,3829,2026-09-13T20:36:49,2026-09-13T21:40:50,0:0,134066,134066,drX_w6_k18_mip,snavely-cpu-12,default_partition,15366,normal,Dependency,24G,0,s311M2DJG51B00,2026-09-13T20:37:01,COMPLETED,2026-09-13T10:24:13,120,00:00:00,s311M2DJG51B00|3496625563757489152|134066|2026-09-13T10:24:13|2026-09-13T20:37:01|0,w6_k18,scheduler_completed,default_chain_extension_3600,False,12.0,chain_extension_20260913,,legacy_single_initial_attempt,19,True,True,/home/nc437/ladder-lite/chain_extension_20260913/cases/w6_k18/mip_result.json,a83f6a94cf6f766d9931a6cfd6723d174033aa32f1a3078bc569920ab334e0fc,3600,True,COMPLETED
8,30424,3496625563757956096,3803,2026-09-13T21:39:03,2026-09-13T22:42:36,0:0,134068,134068,drX_w6_k19_mip,snavely-cpu-17,default_partition,15366,normal,Dependency,24G,0,s311M2DJG5FK00,2026-09-13T21:39:13,COMPLETED,2026-09-13T10:24:13,120,00:00:00,s311M2DJG5FK00|3496625563757956096|134068|2026-09-13T10:24:13|2026-09-13T21:39:13|0,w6_k19,scheduler_completed,default_chain_extension_3600,False,10.0,chain_extension_20260913,,legacy_single_initial_attempt,19,True,True,/home/nc437/ladder-lite/chain_extension_20260913/cases/w6_k19/mip_result.json,bbc464b834de2afe5976da7498db8e2e02ac2a7e0e61b488c7cc0b30d14109c3,3600,True,COMPLETED
8,30856,3496625563758392320,3857,2026-09-13T23:00:16,2026-09-14T00:04:35,0:0,134070,134070,drX_w6_k20_mip,snavely-cpu-12,default_partition,15366,normal,Dependency,24G,0,s311M2DJG5WX00,2026-09-13T23:00:18,COMPLETED,2026-09-13T10:24:14,120,00:00:00,s311M2DJG5WX00|3496625563758392320|134070|2026-09-13T10:24:14|2026-09-13T23:00:18|0,w6_k20,scheduler_completed,default_chain_extension_3600,False,2.0,chain_extension_20260913,,legacy_single_initial_attempt,20,True,True,/home/nc437/ladder-lite/chain_extension_20260913/cases/w6_k20/mip_result.json,d3620d0ecd3494488f94fe1d5919f32c1489e7e5daaeb37510c443bb9868f305,3600,True,COMPLETED
8,29968,3496625563758863360,3746,2026-09-14T01:33:03,2026-09-14T02:35:58,0:0,134072,134072,drX_w6_k21_mip,sablab-cpu-02,default_partition,15366,normal,Dependency,24G,0,s311M2DJG6B900,2026-09-14T01:33:32,COMPLETED,2026-09-13T10:24:14,120,00:00:00,s311M2DJG6B900|3496625563758863360|134072|2026-09-13T10:24:14|2026-09-14T01:33:32|0,w6_k21,scheduler_completed,default_chain_extension_3600,False,29.0,chain_extension_20260913,,legacy_single_initial_attempt,21,True,True,/home/nc437/ladder-lite/chain_extension_20260913/cases/w6_k21/mip_result.json,8774dd536e1c8c502b536cbeade6b2f66d6ef131fc0fdb2d73a1bac1b758b2a2,3600,True,COMPLETED
8,30696,3496625563759312896,3837,2026-09-14T03:29:23,2026-09-14T04:34:43,0:0,134074,134074,drX_w6_k22_mip,garg-cpu-02,default_partition,15366,normal,Dependency,24G,0,s311M2DJG6S000,2026-09-14T03:30:46,COMPLETED,2026-09-13T10:24:14,120,00:00:00,s311M2DJG6S000|3496625563759312896|134074|2026-09-13T10:24:14|2026-09-14T03:30:46|0,w6_k22,scheduler_completed,default_chain_extension_3600,False,83.0,chain_extension_20260913,,legacy_single_initial_attempt,22,True,True,/home/nc437/ladder-lite/chain_extension_20260913/cases/w6_k22/mip_result.json,23a6a0296215eda6d1726efea88720bf30e5ec135dfa7616e07aca436956b417,3600,True,COMPLETED
8,32160,3496625563759783936,4020,2026-09-14T07:05:33,2026-09-14T08:13:03,0:0,134076,134076,drX_w6_k23_mip,snavely-cpu-14,default_partition,15366,normal,Dependency,24G,0,s311M2DJG77C00,2026-09-14T07:06:03,COMPLETED,2026-09-13T10:24:15,120,00:00:00,s311M2DJG77C00|3496625563759783936|134076|2026-09-13T10:24:15|2026-09-14T07:06:03|0,w6_k23,scheduler_completed,default_chain_extension_3600,False,30.0,chain_extension_20260913,,legacy_single_initial_attempt,24,True,True,/home/nc437/ladder-lite/chain_extension_20260913/cases/w6_k23/mip_result.json,19a11ffc61d4fe2f3e70e6d93baf267eebc1346e403bb381712dc8cf8ab3976c,3600,True,COMPLETED
8,31432,3496625563760432128,3929,2026-09-14T09:59:14,2026-09-14T11:04:50,0:0,134078,134078,drX_w6_k24_mip,snavely-cpu-11,default_partition,15366,normal,Dependency,24G,0,s311M2DJG7V500,2026-09-14T09:59:21,COMPLETED,2026-09-13T10:24:16,120,00:00:00,s311M2DJG7V500|3496625563760432128|134078|2026-09-13T10:24:16|2026-09-14T09:59:21|0,w6_k24,scheduler_completed,default_chain_extension_3600,False,7.0,chain_extension_20260913,,legacy_single_initial_attempt,24,True,True,/home/nc437/ladder-lite/chain_extension_20260913/cases/w6_k24/mip_result.json,ff554f043ecf22f83bab149e2f551173a9531b88fa77cf2ae581e7d527cbf836,3600,True,COMPLETED
8,31296,3496625563760871424,3912,2026-09-14T14:00:44,2026-09-14T15:06:25,0:0,134080,134080,drX_w6_k25_mip,unicorn-cpu-75,default_partition,15366,normal,Dependency,24G,0,s311M2DJG88J00,2026-09-14T14:01:13,COMPLETED,2026-09-13T10:24:16,120,00:00:00,s311M2DJG88J00|3496625563760871424|134080|2026-09-13T10:24:16|2026-09-14T14:01:13|0,w6_k25,scheduler_completed,default_chain_extension_3600,False,29.0,chain_extension_20260913,,legacy_single_initial_attempt,26,True,True,/home/nc437/ladder-lite/chain_extension_20260913/cases/w6_k25/mip_result.json,1616b4eff16f5be0a0523e8f0d406c0d4d1f4c27d7a67f096e3459237617cc4b,3600,True,COMPLETED
8,408,3496625578162290688,51,2026-09-13T14:18:40,2026-09-13T14:19:54,0:0,135589,135589,cum_c1_k05_mip_warm,sonic-cpu-01,default_partition,15222,normal,None,24G,0,s311M2DZXEH000,2026-09-13T14:19:03,COMPLETED,2026-09-13T14:18:40,120,00:00:00,s311M2DZXEH000|3496625578162290688|135589|2026-09-13T14:18:40|2026-09-13T14:19:03|0,c1_k05_warm,scheduler_completed,default_cumulative_fresh_3600,False,23.0,cumulative_budget_20260913,,legacy_single_initial_attempt,5,True,True,/home/nc437/ladder-lite/cumulative_budget_20260913/cases/c1_k05/mip_warm/result.json,fe7d0953015209ce2920f0aae307621b43672d2bcac06d246bd5d74f582b7e6d,3600,True,COMPLETED
8,440,3496625578162536448,55,2026-09-13T14:40:06,2026-09-13T14:41:01,0:0,135590,135590,cum_c1_k05_mip_base,garg-cpu-02,default_partition,15222,normal,Dependency,24G,0,s311M2DZXERG00,2026-09-13T14:40:06,COMPLETED,2026-09-13T14:18:40,120,00:00:00,s311M2DZXERG00|3496625578162536448|135590|2026-09-13T14:18:40|2026-09-13T14:40:06|0,c1_k05_base,scheduler_completed,default_cumulative_fresh_3600,False,0.0,cumulative_budget_20260913,,legacy_single_initial_attempt,5,True,True,/home/nc437/ladder-lite/cumulative_budget_20260913/cases/c1_k05/mip_base/result.json,2414edcc46448bdd30d4669ca3fd7c33503e52479418676ec6bcb66df1648dfe,3600,True,COMPLETED
8,29768,3496625578163396608,3721,2026-09-13T14:18:41,2026-09-13T15:21:04,0:0,135594,135594,cum_c1_k08_mip_warm,sonic-cpu-02,default_partition,15222,normal,None,24G,0,s311M2DZXFJR00,2026-09-13T14:19:03,COMPLETED,2026-09-13T14:18:41,120,00:00:00,s311M2DZXFJR00|3496625578163396608|135594|2026-09-13T14:18:41|2026-09-13T14:19:03|0,c1_k08_warm,scheduler_completed,default_cumulative_fresh_3600,False,22.0,cumulative_budget_20260913,,legacy_single_initial_attempt,8,True,True,/home/nc437/ladder-lite/cumulative_budget_20260913/cases/c1_k08/mip_warm/result.json,92aa65873dc345fbd578f3066f78f4e31c92e19ce8710a5b7518930126456c2f,3600,True,COMPLETED
8,29440,3496625578163887104,3680,2026-09-13T15:10:38,2026-09-13T16:12:03,0:0,135595,135595,cum_c1_k08_mip_base,luxlab-cpu-02,default_partition,15222,normal,Dependency,24G,0,s311M2DZXG1Q00,2026-09-13T15:10:43,COMPLETED,2026-09-13T14:18:41,120,00:00:00,s311M2DZXG1Q00|3496625578163887104|135595|2026-09-13T14:18:41|2026-09-13T15:10:43|0,c1_k08_base,scheduler_completed,default_cumulative_fresh_3600,False,5.0,cumulative_budget_20260913,,legacy_single_initial_attempt,9,True,True,/home/nc437/ladder-lite/cumulative_budget_20260913/cases/c1_k08/mip_base/result.json,c9dc2e96492adc127590ad89b0d2bfbb13394f358dc49f64438380093245a631,3600,True,COMPLETED
8,30080,3496625578164776960,3760,2026-09-13T14:18:42,2026-09-13T15:21:43,0:0,135599,135599,cum_c1_k10_mip_warm,totient-cpu-01,default_partition,15222,normal,None,24G,0,s311M2DZXGWW00,2026-09-13T14:19:03,COMPLETED,2026-09-13T14:18:42,120,00:00:00,s311M2DZXGWW00|3496625578164776960|135599|2026-09-13T14:18:42|2026-09-13T14:19:03|0,c1_k10_warm,scheduler_completed,default_cumulative_fresh_3600,False,21.0,cumulative_budget_20260913,,legacy_single_initial_attempt,10,True,True,/home/nc437/ladder-lite/cumulative_budget_20260913/cases/c1_k10/mip_warm/result.json,9ec64eaa8b4837d7846b7c43ab44ce1996763689a3e959847b3d017cad22c4f9,3600,True,COMPLETED
8,29480,3496625578165007360,3685,2026-09-13T15:39:52,2026-09-13T16:41:41,0:0,135600,135600,cum_c1_k10_mip_base,sonic-cpu-01,default_partition,15222,normal,Dependency,24G,0,s311M2DZXH3X00,2026-09-13T15:40:16,COMPLETED,2026-09-13T14:18:43,120,00:00:00,s311M2DZXH3X00|3496625578165007360|135600|2026-09-13T14:18:43|2026-09-13T15:40:16|0,c1_k10_base,scheduler_completed,default_cumulative_fresh_3600,False,24.0,cumulative_budget_20260913,,legacy_single_initial_attempt,11,True,True,/home/nc437/ladder-lite/cumulative_budget_20260913/cases/c1_k10/mip_base/result.json,d952a8ac9cc4006ac5ecb0797ac13890509936f80406cb590a3eebc2b864f5cc,3600,True,COMPLETED
8,30176,3496625578166380544,3772,2026-09-13T14:18:44,2026-09-13T15:21:55,0:0,135604,135604,cum_c1_k15_mip_warm,jingjie-cpu-04,default_partition,15222,normal,None,24G,0,s311M2DZXJDT00,2026-09-13T14:19:03,COMPLETED,2026-09-13T14:18:44,120,00:00:00,s311M2DZXJDT00|3496625578166380544|135604|2026-09-13T14:18:44|2026-09-13T14:19:03|0,c1_k15_warm,scheduler_completed,default_cumulative_fresh_3600,False,19.0,cumulative_budget_20260913,,legacy_single_initial_attempt,15,True,True,/home/nc437/ladder-lite/cumulative_budget_20260913/cases/c1_k15/mip_warm/result.json,001928a91dc223802126891f401c767486da34db90b805fdccb7f1430df177ab,3600,True,COMPLETED
8,29904,3496625578166595584,3738,2026-09-13T19:10:45,2026-09-13T20:13:55,0:0,135605,135605,cum_c1_k15_mip_base,unicorn-cpu-01,default_partition,15222,normal,Dependency,24G,0,s311M2DZXJMC00,2026-09-13T19:11:37,COMPLETED,2026-09-13T14:18:44,120,00:00:00,s311M2DZXJMC00|3496625578166595584|135605|2026-09-13T14:18:44|2026-09-13T19:11:37|0,c1_k15_base,scheduler_completed,default_cumulative_fresh_3600,False,52.0,cumulative_budget_20260913,,legacy_single_initial_attempt,18,True,True,/home/nc437/ladder-lite/cumulative_budget_20260913/cases/c1_k15/mip_base/result.json,0a553d6ae5b87fe448c13cc62ed7de7ab7682509f556bf9dc75168a2c6eda20b,3600,True,COMPLETED
8,528,3496625578167525376,66,2026-09-13T14:18:45,2026-09-13T14:20:09,0:0,135609,135609,cum_c2_k05_mip_warm,jingjie-cpu-06,default_partition,15222,normal,None,24G,0,s311M2DZXKGR00,2026-09-13T14:19:03,COMPLETED,2026-09-13T14:18:45,120,00:00:00,s311M2DZXKGR00|3496625578167525376|135609|2026-09-13T14:18:45|2026-09-13T14:19:03|0,c2_k05_warm,scheduler_completed,default_cumulative_fresh_3600,False,18.0,cumulative_budget_20260913,,legacy_single_initial_attempt,5,True,True,/home/nc437/ladder-lite/cumulative_budget_20260913/cases/c2_k05/mip_warm/result.json,4cb42e5f74fec603f30e79c84be4bd933ca37c64741b6819fdd1bfcf163141f3,3600,True,COMPLETED
8,1424,3496625578167733248,178,2026-09-13T14:31:03,2026-09-13T14:34:04,0:0,135610,135610,cum_c2_k05_mip_base,garg-cpu-02,default_partition,15222,normal,Dependency,24G,0,s311M2DZXKQ300,2026-09-13T14:31:06,COMPLETED,2026-09-13T14:18:45,120,00:00:00,s311M2DZXKQ300|3496625578167733248|135610|2026-09-13T14:18:45|2026-09-13T14:31:06|0,c2_k05_base,scheduler_completed,default_cumulative_fresh_3600,False,3.0,cumulative_budget_20260913,,legacy_single_initial_attempt,5,True,True,/home/nc437/ladder-lite/cumulative_budget_20260913/cases/c2_k05/mip_base/result.json,055f0044637a7b36d1c8b9b2e001ad5aeddb6fc9fcaaf1611eb0e695a3663432,3600,True,COMPLETED
8,29216,3496625578168602624,3652,2026-09-13T14:18:46,2026-09-13T15:19:55,0:0,135614,135614,cum_c2_k08_mip_warm,jingjie-cpu-06,default_partition,15222,normal,None,24G,0,s311M2DZXMHM00,2026-09-13T14:19:03,COMPLETED,2026-09-13T14:18:46,120,00:00:00,s311M2DZXMHM00|3496625578168602624|135614|2026-09-13T14:18:46|2026-09-13T14:19:03|0,c2_k08_warm,scheduler_completed,default_cumulative_fresh_3600,False,17.0,cumulative_budget_20260913,,legacy_single_initial_attempt,8,True,True,/home/nc437/ladder-lite/cumulative_budget_20260913/cases/c2_k08/mip_warm/result.json,3414ef6674b182fe5dc3b2dca75d46dafbf826c8e0ebe28d7fa76521bf8dcb8d,3600,True,COMPLETED
8,29016,3496625578168873984,3627,2026-09-13T14:37:20,2026-09-13T15:38:33,0:0,135615,135615,cum_c2_k08_mip_base,sonic-cpu-01,default_partition,15222,normal,Dependency,24G,0,s311M2DZXMSX00,2026-09-13T14:38:06,COMPLETED,2026-09-13T14:18:46,120,00:00:00,s311M2DZXMSX00|3496625578168873984|135615|2026-09-13T14:18:46|2026-09-13T14:38:06|0,c2_k08_base,scheduler_completed,default_cumulative_fresh_3600,False,46.0,cumulative_budget_20260913,,legacy_single_initial_attempt,9,True,True,/home/nc437/ladder-lite/cumulative_budget_20260913/cases/c2_k08/mip_base/result.json,f82b4e049c973036cb00a53c5bd5a3925206c6d8333fc32b2b4a704dfe00c3e4,3600,True,COMPLETED
8,29320,3496625578169787392,3665,2026-09-13T14:18:47,2026-09-13T15:20:08,0:0,135619,135619,cum_c2_k10_mip_warm,jingjie-cpu-07,default_partition,15222,normal,None,24G,0,s311M2DZXNNS00,2026-09-13T14:19:03,COMPLETED,2026-09-13T14:18:47,120,00:00:00,s311M2DZXNNS00|3496625578169787392|135619|2026-09-13T14:18:47|2026-09-13T14:19:03|0,c2_k10_warm,scheduler_completed,default_cumulative_fresh_3600,False,16.0,cumulative_budget_20260913,,legacy_single_initial_attempt,10,True,True,/home/nc437/ladder-lite/cumulative_budget_20260913/cases/c2_k10/mip_warm/result.json,4baf5e6f2d3700a6aab53a7a670d51a9445943f46a7dee9ebfe1af17ad7e57d1,3600,True,COMPLETED
8,29288,3496625578170025984,3661,2026-09-13T15:05:42,2026-09-13T16:07:13,0:0,135620,135620,cum_c2_k10_mip_base,totient-cpu-05,default_partition,15222,normal,Dependency,24G,0,s311M2DZXNX200,2026-09-13T15:06:12,COMPLETED,2026-09-13T14:18:47,120,00:00:00,s311M2DZXNX200|3496625578170025984|135620|2026-09-13T14:18:47|2026-09-13T15:06:12|0,c2_k10_base,scheduler_completed,default_cumulative_fresh_3600,False,30.0,cumulative_budget_20260913,,legacy_single_initial_attempt,12,True,True,/home/nc437/ladder-lite/cumulative_budget_20260913/cases/c2_k10/mip_base/result.json,7b1b3844aaaade471ac6e7b731a9ee751ffb07569a1af953e7c34c1b3d25c69c,3600,True,COMPLETED
8,29728,3496625578171147264,3716,2026-09-13T14:18:49,2026-09-13T15:20:59,0:0,135624,135624,cum_c2_k15_mip_warm,jingjie-cpu-05,default_partition,15222,normal,None,24G,0,s311M2DZXPZ900,2026-09-13T14:19:03,COMPLETED,2026-09-13T14:18:49,120,00:00:00,s311M2DZXPZ900|3496625578171147264|135624|2026-09-13T14:18:49|2026-09-13T14:19:03|0,c2_k15_warm,scheduler_completed,default_cumulative_fresh_3600,False,14.0,cumulative_budget_20260913,,legacy_single_initial_attempt,15,True,True,/home/nc437/ladder-lite/cumulative_budget_20260913/cases/c2_k15/mip_warm/result.json,323b6bf9662d0cb61af20586adc322d167c796502dd8fe693984368f8b5d96d2,3600,True,COMPLETED
8,29944,3496625578171359232,3743,2026-09-13T18:40:04,2026-09-13T19:42:32,0:0,135625,135625,cum_c2_k15_mip_base,luxlab-cpu-02,default_partition,15222,normal,Dependency,24G,0,s311M2DZXQ5R00,2026-09-13T18:40:09,COMPLETED,2026-09-13T14:18:49,120,00:00:00,s311M2DZXQ5R00|3496625578171359232|135625|2026-09-13T14:18:49|2026-09-13T18:40:09|0,c2_k15_base,scheduler_completed,default_cumulative_fresh_3600,False,5.0,cumulative_budget_20260913,,legacy_single_initial_attempt,17,True,True,/home/nc437/ladder-lite/cumulative_budget_20260913/cases/c2_k15/mip_base/result.json,1087425363e02e1d2f5054c37131e176cf315bf2a3470ea834466bf4bec16d35,3600,True,COMPLETED
8,424,3496625578172282880,53,2026-09-13T14:18:50,2026-09-13T14:19:56,0:0,135629,135629,cum_c3_k05_mip_warm,jingjie-cpu-05,default_partition,15222,normal,None,24G,0,s311M2DZXR1Y00,2026-09-13T14:19:03,COMPLETED,2026-09-13T14:18:50,120,00:00:00,s311M2DZXR1Y00|3496625578172282880|135629|2026-09-13T14:18:50|2026-09-13T14:19:03|0,c3_k05_warm,scheduler_completed,default_cumulative_fresh_3600,False,13.0,cumulative_budget_20260913,,legacy_single_initial_attempt,5,True,True,/home/nc437/ladder-lite/cumulative_budget_20260913/cases/c3_k05/mip_warm/result.json,ac12982dbcd933aa24401e5e6df1c862ad43ef88f2fcbb2da56eb5650d4d812a,3600,True,COMPLETED
8,128,3496625578172496896,16,2026-09-13T14:24:21,2026-09-13T14:25:20,0:0,135630,135630,cum_c3_k05_mip_base,jingjie-cpu-02,default_partition,15222,normal,Dependency,24G,0,s311M2DZXR8F00,2026-09-13T14:25:04,COMPLETED,2026-09-13T14:18:50,120,00:00:00,s311M2DZXR8F00|3496625578172496896|135630|2026-09-13T14:18:50|2026-09-13T14:25:04|0,c3_k05_base,scheduler_completed,default_cumulative_fresh_3600,False,43.0,cumulative_budget_20260913,,legacy_single_initial_attempt,5,True,True,/home/nc437/ladder-lite/cumulative_budget_20260913/cases/c3_k05/mip_base/result.json,9d82a1e36bd2ab3ea24ae497025839ba7ecfd2bc70d3781d5a899ba5f68b2086,3600,True,COMPLETED
8,7088,3496625578173869056,886,2026-09-13T14:18:51,2026-09-13T14:33:49,0:0,135634,135634,cum_c3_k08_mip_warm,jingjie-cpu-05,default_partition,15222,normal,None,24G,0,s311M2DZXSJB00,2026-09-13T14:19:03,COMPLETED,2026-09-13T14:18:51,120,00:00:00,s311M2DZXSJB00|3496625578173869056|135634|2026-09-13T14:18:51|2026-09-13T14:19:03|0,c3_k08_warm,scheduler_completed,default_cumulative_fresh_3600,False,12.0,cumulative_budget_20260913,,legacy_single_initial_attempt,8,True,True,/home/nc437/ladder-lite/cumulative_budget_20260913/cases/c3_k08/mip_warm/result.json,cfe1b55635a997edbf7bd6eba3d651d4ec42e00c95798edb2c0074fbc0ce30f5,3600,True,COMPLETED
8,29016,3496625578174074880,3627,2026-09-13T14:32:55,2026-09-13T15:33:33,0:0,135635,135635,cum_c3_k08_mip_base,garg-cpu-02,default_partition,15222,normal,Dependency,24G,0,s311M2DZXSRM00,2026-09-13T14:33:06,COMPLETED,2026-09-13T14:18:51,120,00:00:00,s311M2DZXSRM00|3496625578174074880|135635|2026-09-13T14:18:51|2026-09-13T14:33:06|0,c3_k08_base,scheduler_completed,default_cumulative_fresh_3600,False,11.0,cumulative_budget_20260913,,legacy_single_initial_attempt,9,True,True,/home/nc437/ladder-lite/cumulative_budget_20260913/cases/c3_k08/mip_base/result.json,1d4936bec7def830d91a25a20f8f460fdb8f66ffd383e6a68463bd8a6f584ffc,3600,True,COMPLETED
8,29264,3496625578175216640,3658,2026-09-13T14:18:53,2026-09-13T15:20:01,0:0,135639,135639,cum_c3_k10_mip_warm,jingjie-cpu-09,default_partition,15222,normal,None,24G,0,s311M2DZXTVF00,2026-09-13T14:19:03,COMPLETED,2026-09-13T14:18:53,120,00:00:00,s311M2DZXTVF00|3496625578175216640|135639|2026-09-13T14:18:53|2026-09-13T14:19:03|0,c3_k10_warm,scheduler_completed,default_cumulative_fresh_3600,False,10.0,cumulative_budget_20260913,,legacy_single_initial_attempt,10,True,True,/home/nc437/ladder-lite/cumulative_budget_20260913/cases/c3_k10/mip_warm/result.json,6970b728758a37b9ce1021e12ff8fc44bc730d3ba091c7596916f8cc16d04672,3600,True,COMPLETED
8,29072,3496625578175682560,3634,2026-09-13T14:49:37,2026-09-13T15:50:44,0:0,135640,135640,cum_c3_k10_mip_base,jingjie-cpu-02,default_partition,15222,normal,Dependency,24G,0,s311M2DZXV9P00,2026-09-13T14:50:10,COMPLETED,2026-09-13T14:18:53,120,00:00:00,s311M2DZXV9P00|3496625578175682560|135640|2026-09-13T14:18:53|2026-09-13T14:50:10|0,c3_k10_base,scheduler_completed,default_cumulative_fresh_3600,False,33.0,cumulative_budget_20260913,,legacy_single_initial_attempt,11,True,True,/home/nc437/ladder-lite/cumulative_budget_20260913/cases/c3_k10/mip_base/result.json,ee6121c87d6b4686a28961f383e6dd14ca5636c90c254c186e1ab9be4d40d235,3600,True,COMPLETED
8,29568,3496625578177118208,3696,2026-09-13T14:18:54,2026-09-13T15:20:39,0:0,135644,135644,cum_c3_k15_mip_warm,jingjie-cpu-09,default_partition,15222,normal,None,24G,0,s311M2DZXWNG00,2026-09-13T14:19:03,COMPLETED,2026-09-13T14:18:54,120,00:00:00,s311M2DZXWNG00|3496625578177118208|135644|2026-09-13T14:18:54|2026-09-13T14:19:03|0,c3_k15_warm,scheduler_completed,default_cumulative_fresh_3600,False,9.0,cumulative_budget_20260913,,legacy_single_initial_attempt,15,True,True,/home/nc437/ladder-lite/cumulative_budget_20260913/cases/c3_k15/mip_warm/result.json,34f298662e551cbc6c65e90a9f6a9aed66f37e6125f27f134134ac94874e8ad3,3600,True,COMPLETED
8,29264,3496625578177357824,3658,2026-09-13T15:36:12,2026-09-13T16:37:14,0:0,135645,135645,cum_c3_k15_mip_base,unicorn-cpu-01,default_partition,15222,normal,Dependency,24G,0,s311M2DZXWWT00,2026-09-13T15:36:16,COMPLETED,2026-09-13T14:18:55,120,00:00:00,s311M2DZXWWT00|3496625578177357824|135645|2026-09-13T14:18:55|2026-09-13T15:36:16|0,c3_k15_base,scheduler_completed,default_cumulative_fresh_3600,False,4.0,cumulative_budget_20260913,,legacy_single_initial_attempt,18,True,True,/home/nc437/ladder-lite/cumulative_budget_20260913/cases/c3_k15/mip_base/result.json,484d0a9dbf511eac2aa144de6271fbdf0ca0ab1e789a1385c0712dc2f04d38f1,3600,True,COMPLETED
8,296,3496625578178386944,37,2026-09-13T14:18:56,2026-09-13T14:19:40,0:0,135649,135649,cum_c4_k05_mip_warm,jingjie-cpu-09,default_partition,15222,normal,None,24G,0,s311M2DZXXW700,2026-09-13T14:19:03,COMPLETED,2026-09-13T14:18:56,120,00:00:00,s311M2DZXXW700|3496625578178386944|135649|2026-09-13T14:18:56|2026-09-13T14:19:03|0,c4_k05_warm,scheduler_completed,default_cumulative_fresh_3600,False,7.0,cumulative_budget_20260913,,legacy_single_initial_attempt,5,True,True,/home/nc437/ladder-lite/cumulative_budget_20260913/cases/c4_k05/mip_warm/result.json,480afcb2eb2e488c7eeb3e8b5199cabee1852aaf45ae7c9cbd2cab177b79726d,3600,True,COMPLETED
8,344,3496625578178912256,43,2026-09-13T14:31:03,2026-09-13T14:31:49,0:0,135650,135650,cum_c4_k05_mip_base,jingjie-cpu-02,default_partition,15222,normal,Dependency,24G,0,s311M2DZXYC800,2026-09-13T14:31:06,COMPLETED,2026-09-13T14:18:56,120,00:00:00,s311M2DZXYC800|3496625578178912256|135650|2026-09-13T14:18:56|2026-09-13T14:31:06|0,c4_k05_base,scheduler_completed,default_cumulative_fresh_3600,False,3.0,cumulative_budget_20260913,,legacy_single_initial_attempt,5,True,True,/home/nc437/ladder-lite/cumulative_budget_20260913/cases/c4_k05/mip_base/result.json,952df9e22d1387253ca0a352838a1d7a60d720613a4383b8aedc627c96260134,3600,True,COMPLETED
8,7208,3496625578179981312,901,2026-09-13T14:18:57,2026-09-13T14:34:04,0:0,135654,135654,cum_c4_k08_mip_warm,jingjie-cpu-10,default_partition,15222,normal,None,24G,0,s311M2DZXZCW00,2026-09-13T14:19:03,COMPLETED,2026-09-13T14:18:57,120,00:00:00,s311M2DZXZCW00|3496625578179981312|135654|2026-09-13T14:18:57|2026-09-13T14:19:03|0,c4_k08_warm,scheduler_completed,default_cumulative_fresh_3600,False,6.0,cumulative_budget_20260913,,legacy_single_initial_attempt,8,True,True,/home/nc437/ladder-lite/cumulative_budget_20260913/cases/c4_k08/mip_warm/result.json,97b19ca46cf80aa0a8b0fbd192505fbf6d132d35bb38cb8c4a8594c4a6973553,3600,True,COMPLETED
8,29344,3496625578180261888,3668,2026-09-13T15:06:47,2026-09-13T16:08:21,0:0,135655,135655,cum_c4_k08_mip_base,totient-cpu-06,default_partition,15222,normal,Dependency,24G,0,s311M2DZXZNE00,2026-09-13T15:07:13,COMPLETED,2026-09-13T14:18:57,120,00:00:00,s311M2DZXZNE00|3496625578180261888|135655|2026-09-13T14:18:57|2026-09-13T15:07:13|0,c4_k08_base,scheduler_completed,default_cumulative_fresh_3600,False,26.0,cumulative_budget_20260913,,legacy_single_initial_attempt,9,True,True,/home/nc437/ladder-lite/cumulative_budget_20260913/cases/c4_k08/mip_base/result.json,7d5fdb4e6a73f4b6dbb6df9aace22ea50f60d30e96c25cdc518547c7df7da0be,3600,True,COMPLETED
8,29408,3496625578181275648,3676,2026-09-13T14:18:58,2026-09-13T15:20:19,0:0,135659,135659,cum_c4_k10_mip_warm,jingjie-cpu-10,default_partition,15222,normal,None,24G,0,s311M2DZY0MC00,2026-09-13T14:19:03,COMPLETED,2026-09-13T14:18:58,120,00:00:00,s311M2DZY0MC00|3496625578181275648|135659|2026-09-13T14:18:58|2026-09-13T14:19:03|0,c4_k10_warm,scheduler_completed,default_cumulative_fresh_3600,False,5.0,cumulative_budget_20260913,,legacy_single_initial_attempt,10,True,True,/home/nc437/ladder-lite/cumulative_budget_20260913/cases/c4_k10/mip_warm/result.json,61dde8d868c3386ff2be3254331a228ea99e9c44d674d8e00c3f8093368ba5e9,3600,True,COMPLETED
8,29352,3496625578181501952,3669,2026-09-13T15:19:07,2026-09-13T16:20:22,0:0,135660,135660,cum_c4_k10_mip_base,unicorn-cpu-01,default_partition,15222,normal,Dependency,24G,0,s311M2DZY0V900,2026-09-13T15:19:13,COMPLETED,2026-09-13T14:18:59,120,00:00:00,s311M2DZY0V900|3496625578181501952|135660|2026-09-13T14:18:59|2026-09-13T15:19:13|0,c4_k10_base,scheduler_completed,default_cumulative_fresh_3600,False,6.0,cumulative_budget_20260913,,legacy_single_initial_attempt,11,True,True,/home/nc437/ladder-lite/cumulative_budget_20260913/cases/c4_k10/mip_base/result.json,d79480c0e2c528400876c257d7001d5d7b9fbc5c321270c5f75b5bc125f0ae05,3600,True,COMPLETED
8,29736,3496625578182730752,3717,2026-09-13T14:19:00,2026-09-13T15:21:00,0:0,135664,135664,cum_c4_k15_mip_warm,jingjie-cpu-10,default_partition,15222,normal,None,24G,0,s311M2DZY20S00,2026-09-13T14:19:03,COMPLETED,2026-09-13T14:19:00,120,00:00:00,s311M2DZY20S00|3496625578182730752|135664|2026-09-13T14:19:00|2026-09-13T14:19:03|0,c4_k15_warm,scheduler_completed,default_cumulative_fresh_3600,False,3.0,cumulative_budget_20260913,,legacy_single_initial_attempt,15,True,True,/home/nc437/ladder-lite/cumulative_budget_20260913/cases/c4_k15/mip_warm/result.json,f82868a317863b9700fce9260c90d7943b203c885fced175f6fddf8fe2efd083,3600,True,COMPLETED
8,29712,3496625578182942720,3714,2026-09-13T18:26:32,2026-09-13T19:28:26,0:0,135665,135665,cum_c4_k15_mip_base,sonic-cpu-01,default_partition,15222,normal,Dependency,24G,0,s311M2DZY27800,2026-09-13T18:26:32,COMPLETED,2026-09-13T14:19:00,120,00:00:00,s311M2DZY27800|3496625578182942720|135665|2026-09-13T14:19:00|2026-09-13T18:26:32|0,c4_k15_base,scheduler_completed,default_cumulative_fresh_3600,False,0.0,cumulative_budget_20260913,,legacy_single_initial_attempt,19,True,True,/home/nc437/ladder-lite/cumulative_budget_20260913/cases/c4_k15/mip_base/result.json,f77709fc8398f3376db753c3028fdef8f5dae6c7ca6aa71af89a3601de0c2ba7,3600,True,COMPLETED
8,552,3496625578184061952,69,2026-09-13T14:19:01,2026-09-13T14:20:12,0:0,135670,135670,cum_c5_k05_mip_warm,jingjie-cpu-11,default_partition,15222,normal,None,24G,0,s311M2DZY39D00,2026-09-13T14:19:03,COMPLETED,2026-09-13T14:19:01,120,00:00:00,s311M2DZY39D00|3496625578184061952|135670|2026-09-13T14:19:01|2026-09-13T14:19:03|0,c5_k05_warm,scheduler_completed,default_cumulative_fresh_3600,False,2.0,cumulative_budget_20260913,,legacy_single_initial_attempt,5,True,True,/home/nc437/ladder-lite/cumulative_budget_20260913/cases/c5_k05/mip_warm/result.json,03222826e0c4b3c60c30fae4ef93ac1d51f8e0b8c42af61b6196da6a8ace3d8c,3600,True,COMPLETED
8,1576,3496625578184266752,197,2026-09-13T14:27:47,2026-09-13T14:31:23,0:0,135671,135671,cum_c5_k05_mip_base,garg-cpu-02,default_partition,15222,normal,Dependency,24G,0,s311M2DZY3FN00,2026-09-13T14:28:06,COMPLETED,2026-09-13T14:19:01,120,00:00:00,s311M2DZY3FN00|3496625578184266752|135671|2026-09-13T14:19:01|2026-09-13T14:28:06|0,c5_k05_base,scheduler_completed,default_cumulative_fresh_3600,False,19.0,cumulative_budget_20260913,,legacy_single_initial_attempt,6,True,True,/home/nc437/ladder-lite/cumulative_budget_20260913/cases/c5_k05/mip_base/result.json,ab66ed3b0f6e5a10951ae34a8a93f48c81e7c826dd64ebeac4b4cbb0aef61926,3600,True,COMPLETED
8,8104,3496625578187852800,1013,2026-09-13T14:19:05,2026-09-13T14:36:56,0:0,135676,135676,cum_c5_k08_mip_warm,sonic-cpu-01,default_partition,15222,normal,None,24G,0,s311M2DZY6X300,2026-09-13T14:20:03,COMPLETED,2026-09-13T14:19:05,120,00:00:00,s311M2DZY6X300|3496625578187852800|135676|2026-09-13T14:19:05|2026-09-13T14:20:03|0,c5_k08_warm,scheduler_completed,default_cumulative_fresh_3600,False,58.0,cumulative_budget_20260913,,legacy_single_initial_attempt,8,True,True,/home/nc437/ladder-lite/cumulative_budget_20260913/cases/c5_k08/mip_warm/result.json,390a77c4dff0bb3d29f90b62fd4290a5ed74fd7167acb460a86ba774a07b11f1,3600,True,COMPLETED
8,29328,3496625578188070912,3666,2026-09-13T14:46:33,2026-09-13T15:48:16,0:0,135677,135677,cum_c5_k08_mip_base,snavely-cpu-12,default_partition,15222,normal,Dependency,24G,0,s311M2DZY73R00,2026-09-13T14:47:10,COMPLETED,2026-09-13T14:19:05,120,00:00:00,s311M2DZY73R00|3496625578188070912|135677|2026-09-13T14:19:05|2026-09-13T14:47:10|0,c5_k08_base,scheduler_completed,default_cumulative_fresh_3600,False,37.0,cumulative_budget_20260913,,legacy_single_initial_attempt,9,True,True,/home/nc437/ladder-lite/cumulative_budget_20260913/cases/c5_k08/mip_base/result.json,7e0c12ec4fd898f5038f10ca06e6d320e32b3e5c109e465a252a158bd0e66910,3600,True,COMPLETED
8,29216,3496625578189384704,3652,2026-09-13T14:19:06,2026-09-13T15:20:55,0:0,135681,135681,cum_c5_k10_mip_warm,jingjie-cpu-05,default_partition,15222,normal,None,24G,0,s311M2DZY8BV00,2026-09-13T14:20:03,COMPLETED,2026-09-13T14:19:06,120,00:00:00,s311M2DZY8BV00|3496625578189384704|135681|2026-09-13T14:19:06|2026-09-13T14:20:03|0,c5_k10_warm,scheduler_completed,default_cumulative_fresh_3600,False,57.0,cumulative_budget_20260913,,legacy_single_initial_attempt,10,True,True,/home/nc437/ladder-lite/cumulative_budget_20260913/cases/c5_k10/mip_warm/result.json,5e76a30d4f27b3e22ecd5ea2acf8dc120e4306ccca932f03a02e493d42ae70af,3600,True,COMPLETED
8,29144,3496625578189611008,3643,2026-09-13T14:53:53,2026-09-13T15:54:52,0:0,135682,135682,cum_c5_k10_mip_base,jingjie-cpu-03,default_partition,15222,normal,Dependency,24G,0,s311M2DZY8JR00,2026-09-13T14:54:09,COMPLETED,2026-09-13T14:19:07,120,00:00:00,s311M2DZY8JR00|3496625578189611008|135682|2026-09-13T14:19:07|2026-09-13T14:54:09|0,c5_k10_base,scheduler_completed,default_cumulative_fresh_3600,False,16.0,cumulative_budget_20260913,,legacy_single_initial_attempt,11,True,True,/home/nc437/ladder-lite/cumulative_budget_20260913/cases/c5_k10/mip_base/result.json,db16ef1735444a8c6cc8da16d5f8a2bd884b302a0fce13abd27e6a931547acdf,3600,True,COMPLETED
8,29552,3496625578190711808,3694,2026-09-13T14:19:08,2026-09-13T15:21:37,0:0,135686,135686,cum_c5_k15_mip_warm,jingjie-cpu-09,default_partition,15222,normal,None,24G,0,s311M2DZY9MB00,2026-09-13T14:20:03,COMPLETED,2026-09-13T14:19:08,120,00:00:00,s311M2DZY9MB00|3496625578190711808|135686|2026-09-13T14:19:08|2026-09-13T14:20:03|0,c5_k15_warm,scheduler_completed,default_cumulative_fresh_3600,False,55.0,cumulative_budget_20260913,,legacy_single_initial_attempt,15,True,True,/home/nc437/ladder-lite/cumulative_budget_20260913/cases/c5_k15/mip_warm/result.json,37b52635969393aab3bb15faa8d90bc815e1f45da655732b9a1ba0f8b502080e,3600,True,COMPLETED
8,29752,3496625578191084544,3719,2026-09-13T17:05:26,2026-09-13T18:07:29,0:0,135687,135687,cum_c5_k15_mip_base,totient-cpu-02,default_partition,15222,normal,Dependency,24G,0,s311M2DZY9ZQ00,2026-09-13T17:05:30,COMPLETED,2026-09-13T14:19:08,120,00:00:00,s311M2DZY9ZQ00|3496625578191084544|135687|2026-09-13T14:19:08|2026-09-13T17:05:30|0,c5_k15_base,scheduler_completed,default_cumulative_fresh_3600,False,4.0,cumulative_budget_20260913,,legacy_single_initial_attempt,16,True,True,/home/nc437/ladder-lite/cumulative_budget_20260913/cases/c5_k15/mip_base/result.json,5d205a87cbc701a70b282578f901adb299315a0d1fed0c9cb973755ec6474d20,3600,True,COMPLETED
8,104,3496625578192497664,13,2026-09-13T14:19:09,2026-09-13T14:20:16,0:0,135691,135691,cum_c6_k05_mip_warm,jingjie-cpu-02,default_partition,15222,normal,None,24G,0,s311M2DZYBAV00,2026-09-13T14:20:03,COMPLETED,2026-09-13T14:19:09,120,00:00:00,s311M2DZYBAV00|3496625578192497664|135691|2026-09-13T14:19:09|2026-09-13T14:20:03|0,c6_k05_warm,scheduler_completed,default_cumulative_fresh_3600,False,54.0,cumulative_budget_20260913,,legacy_single_initial_attempt,5,True,True,/home/nc437/ladder-lite/cumulative_budget_20260913/cases/c6_k05/mip_warm/result.json,e720b2458291a9be1ebcfc04ed12d3f428d9ce021154be26256a4304b8e1f5a5,3600,True,COMPLETED
8,120,3496625578192843776,15,2026-09-13T14:26:28,2026-09-13T14:27:21,0:0,135692,135692,cum_c6_k05_mip_base,jingjie-cpu-02,default_partition,15222,normal,Dependency,24G,0,s311M2DZYBND00,2026-09-13T14:27:06,COMPLETED,2026-09-13T14:19:10,120,00:00:00,s311M2DZYBND00|3496625578192843776|135692|2026-09-13T14:19:10|2026-09-13T14:27:06|0,c6_k05_base,scheduler_completed,default_cumulative_fresh_3600,False,38.0,cumulative_budget_20260913,,legacy_single_initial_attempt,5,True,True,/home/nc437/ladder-lite/cumulative_budget_20260913/cases/c6_k05/mip_base/result.json,9221c110deb9d2ded687e4ff531afefb8a2f5e0a37f4cf60c326e177fc6c5a6e,3600,True,COMPLETED
8,552,3496625578196809728,69,2026-09-13T14:19:14,2026-09-13T14:21:12,0:0,135697,135697,cum_c6_k08_mip_warm,jingjie-cpu-11,default_partition,15222,normal,None,24G,0,s311M2DZYFEE00,2026-09-13T14:20:03,COMPLETED,2026-09-13T14:19:14,120,00:00:00,s311M2DZYFEE00|3496625578196809728|135697|2026-09-13T14:19:14|2026-09-13T14:20:03|0,c6_k08_warm,scheduler_completed,default_cumulative_fresh_3600,False,49.0,cumulative_budget_20260913,,legacy_single_initial_attempt,8,True,True,/home/nc437/ladder-lite/cumulative_budget_20260913/cases/c6_k08/mip_warm/result.json,cd9916534fe7fe551a78306675ce8fa9be871c551cfdd0305f6a9001c0737ac8,3600,True,COMPLETED
8,896,3496625578197183488,112,2026-09-13T14:33:06,2026-09-13T14:34:58,0:0,135698,135698,cum_c6_k08_mip_base,jingjie-cpu-02,default_partition,15222,normal,Dependency,24G,0,s311M2DZYFSV00,2026-09-13T14:33:06,COMPLETED,2026-09-13T14:19:14,120,00:00:00,s311M2DZYFSV00|3496625578197183488|135698|2026-09-13T14:19:14|2026-09-13T14:33:06|0,c6_k08_base,scheduler_completed,default_cumulative_fresh_3600,False,0.0,cumulative_budget_20260913,,legacy_single_initial_attempt,8,True,True,/home/nc437/ladder-lite/cumulative_budget_20260913/cases/c6_k08/mip_base/result.json,d5b6260a07a8713ab875f72d821267bba76cfac9e8f84f84bf30d9b7bf4649f9,3600,True,COMPLETED
8,29104,3496625578198100992,3638,2026-09-13T14:19:15,2026-09-13T15:20:41,0:0,135702,135702,cum_c6_k10_mip_warm,jingjie-cpu-11,default_partition,15222,normal,None,24G,0,s311M2DZYGNV00,2026-09-13T14:20:03,COMPLETED,2026-09-13T14:19:15,120,00:00:00,s311M2DZYGNV00|3496625578198100992|135702|2026-09-13T14:19:15|2026-09-13T14:20:03|0,c6_k10_warm,scheduler_completed,default_cumulative_fresh_3600,False,48.0,cumulative_budget_20260913,,legacy_single_initial_attempt,10,True,True,/home/nc437/ladder-lite/cumulative_budget_20260913/cases/c6_k10/mip_warm/result.json,169b4505a8b5970586084726add6f3095c561beda92f0ce17fa12e37d0544127,3600,True,COMPLETED
8,29096,3496625578198373376,3637,2026-09-13T14:47:31,2026-09-13T15:48:46,0:0,135703,135703,cum_c6_k10_mip_base,jingjie-cpu-02,default_partition,15222,normal,Dependency,24G,0,s311M2DZYGY500,2026-09-13T14:48:09,COMPLETED,2026-09-13T14:19:15,120,00:00:00,s311M2DZYGY500|3496625578198373376|135703|2026-09-13T14:19:15|2026-09-13T14:48:09|0,c6_k10_base,scheduler_completed,default_cumulative_fresh_3600,False,38.0,cumulative_budget_20260913,,legacy_single_initial_attempt,11,True,True,/home/nc437/ladder-lite/cumulative_budget_20260913/cases/c6_k10/mip_base/result.json,8a312f1c7c75342a84de16915c731e92496c9e796b7155779219cfb39cc9fe9d,3600,True,COMPLETED
8,29600,3496625578199777280,3700,2026-09-13T14:19:17,2026-09-13T15:21:43,0:0,135707,135707,cum_c6_k15_mip_warm,jingjie-cpu-12,default_partition,15222,normal,None,24G,0,s311M2DZYJ9000,2026-09-13T14:20:03,COMPLETED,2026-09-13T14:19:17,120,00:00:00,s311M2DZYJ9000|3496625578199777280|135707|2026-09-13T14:19:17|2026-09-13T14:20:03|0,c6_k15_warm,scheduler_completed,default_cumulative_fresh_3600,False,46.0,cumulative_budget_20260913,,legacy_single_initial_attempt,15,True,True,/home/nc437/ladder-lite/cumulative_budget_20260913/cases/c6_k15/mip_warm/result.json,4ff740dee52be86781cba7095797b2c0e955e41b75cecb684ae5095883be4759,3600,True,COMPLETED
8,29712,3496625578199990272,3714,2026-09-13T18:00:41,2026-09-13T19:03:12,0:0,135708,135708,cum_c6_k15_mip_base,unicorn-cpu-01,default_partition,15222,normal,Dependency,24G,0,s311M2DZYJFG00,2026-09-13T18:01:18,COMPLETED,2026-09-13T14:19:17,120,00:00:00,s311M2DZYJFG00|3496625578199990272|135708|2026-09-13T14:19:17|2026-09-13T18:01:18|0,c6_k15_base,scheduler_completed,default_cumulative_fresh_3600,False,37.0,cumulative_budget_20260913,,legacy_single_initial_attempt,20,True,True,/home/nc437/ladder-lite/cumulative_budget_20260913/cases/c6_k15/mip_base/result.json,86680de39a5ec353b7bb45b3b47fbfc71a375ff2aa7b51212e29f8786cf657cf,3600,True,COMPLETED
8,1176,3496625613543208960,147,2026-09-13T23:54:32,2026-09-13T23:59:44,1:0,155072,155072,drD_validate,garg-cpu-02,default_partition,15131,normal,None,96G,0,s311M2F0VWCY00,2026-09-13T23:57:17,FAILED,2026-09-13T23:54:32,20,00:00:00,s311M2F0VWCY00|3496625613543208960|155072|2026-09-13T23:54:32|2026-09-13T23:57:17|0,complementary_mip,other_termination,validation_overnight_diagnostics_20260914,False,165.0,155072_r0,0,explicit_restart_multiple_results,25,True,True,/home/nc437/ladder-lite/overnight_diagnostics_20260914_smoke/cases/complementary_mip/attempts/155072_r0/result.json,a1185c041ba7256fb666dc7a94c0e5b149d546c2fb415af7d60422bf8022dbf2,30,True,FAILED
8,101936,3496625614220214272,12742,2026-09-14T00:05:33,2026-09-14T03:39:43,0:0,156638,156638,drD_c1_k10_fresh_longmip,snavely-cpu-12,default_partition,15130,normal,None,24G,0,s311M2F1G21G00,2026-09-14T00:07:21,COMPLETED,2026-09-14T00:05:33,270,00:00:00,s311M2F1G21G00|3496625614220214272|156638|2026-09-14T00:05:33|2026-09-14T00:07:21|0,c1_k10_fresh_longmip,scheduler_completed,default_overnight_diagnostics_20260914,False,108.0,156638_r0,0,explicit_restart,11,True,True,/home/nc437/ladder-lite/overnight_diagnostics_20260914/cases/c1_k10_fresh_longmip/attempts/156638_r0/result.json,0b547cc7c9e2a31628dec53a24903fde92556c728bd5790b45281056b3352636,12600,True,COMPLETED
8,102800,3496625614221641728,12850,2026-09-14T00:05:34,2026-09-14T03:41:31,0:0,156641,156641,drD_c1_k15_fresh_longmip,snavely-cpu-14,default_partition,15130,normal,None,24G,0,s311M2F1G3D200,2026-09-14T00:07:21,COMPLETED,2026-09-14T00:05:34,270,00:00:00,s311M2F1G3D200|3496625614221641728|156641|2026-09-14T00:05:34|2026-09-14T00:07:21|0,c1_k15_fresh_longmip,scheduler_completed,default_overnight_diagnostics_20260914,False,107.0,156641_r0,0,explicit_restart,18,True,True,/home/nc437/ladder-lite/overnight_diagnostics_20260914/cases/c1_k15_fresh_longmip/attempts/156641_r0/result.json,216d9140f32988207b495b17e380999a17949f252bbb57c76410e921a88f4386,12600,True,COMPLETED
8,101256,3496625614223128576,12657,2026-09-14T00:05:36,2026-09-14T03:38:18,0:0,156644,156644,drD_c2_k08_fresh_longmip,snavely-cpu-15,default_partition,15130,normal,None,24G,0,s311M2F1G4TE00,2026-09-14T00:07:21,COMPLETED,2026-09-14T00:05:36,270,00:00:00,s311M2F1G4TE00|3496625614223128576|156644|2026-09-14T00:05:36|2026-09-14T00:07:21|0,c2_k08_fresh_longmip,scheduler_completed,default_overnight_diagnostics_20260914,False,105.0,156644_r0,0,explicit_restart,9,True,True,/home/nc437/ladder-lite/overnight_diagnostics_20260914/cases/c2_k08_fresh_longmip/attempts/156644_r0/result.json,6a607777af44ab687f04f8163bbb0461eb7783ff0d7cab76b4a40a31d5557549,12600,True,COMPLETED
8,101360,3496625614223980544,12670,2026-09-14T00:05:36,2026-09-14T03:38:31,0:0,156647,156647,drD_c2_k10_fresh_longmip,snavely-cpu-15,default_partition,15130,normal,None,24G,0,s311M2F1G5ME00,2026-09-14T00:07:21,COMPLETED,2026-09-14T00:05:36,270,00:00:00,s311M2F1G5ME00|3496625614223980544|156647|2026-09-14T00:05:36|2026-09-14T00:07:21|0,c2_k10_fresh_longmip,scheduler_completed,default_overnight_diagnostics_20260914,False,105.0,156647_r0,0,explicit_restart,11,True,True,/home/nc437/ladder-lite/overnight_diagnostics_20260914/cases/c2_k10_fresh_longmip/attempts/156647_r0/result.json,89313984d5819e2d2c3be35876186334d5678977690bde8643dbc37e5e1d2326,12600,True,COMPLETED
8,102328,3496625614224970752,12791,2026-09-14T00:05:37,2026-09-14T03:40:32,0:0,156650,156650,drD_c2_k15_fresh_longmip,snavely-cpu-16,default_partition,15130,normal,None,24G,0,s311M2F1G6JN00,2026-09-14T00:07:21,COMPLETED,2026-09-14T00:05:37,270,00:00:00,s311M2F1G6JN00|3496625614224970752|156650|2026-09-14T00:05:37|2026-09-14T00:07:21|0,c2_k15_fresh_longmip,scheduler_completed,default_overnight_diagnostics_20260914,False,104.0,156650_r0,0,explicit_restart,17,True,True,/home/nc437/ladder-lite/overnight_diagnostics_20260914/cases/c2_k15_fresh_longmip/attempts/156650_r0/result.json,b6387414b380277f0524245eacbbe39e7161fedbc443a376d9da1ec338e838e0,12600,True,COMPLETED
8,101128,3496625614226017280,12641,2026-09-14T00:05:38,2026-09-14T03:38:02,0:0,156653,156653,drD_c3_k08_fresh_longmip,snavely-cpu-17,default_partition,15130,normal,None,24G,0,s311M2F1G7JK00,2026-09-14T00:07:21,COMPLETED,2026-09-14T00:05:38,270,00:00:00,s311M2F1G7JK00|3496625614226017280|156653|2026-09-14T00:05:38|2026-09-14T00:07:21|0,c3_k08_fresh_longmip,scheduler_completed,default_overnight_diagnostics_20260914,False,103.0,156653_r0,0,explicit_restart,9,True,True,/home/nc437/ladder-lite/overnight_diagnostics_20260914/cases/c3_k08_fresh_longmip/attempts/156653_r0/result.json,953f628d9be40601dbff47bf38036cbf47653d137c075711d7bb291b52c313c5,12600,True,COMPLETED
8,101256,3496625614226790400,12657,2026-09-14T00:05:39,2026-09-14T03:38:18,0:0,156656,156656,drD_c3_k10_fresh_longmip,snavely-cpu-17,default_partition,15130,normal,None,24G,0,s311M2F1G8A600,2026-09-14T00:07:21,COMPLETED,2026-09-14T00:05:39,270,00:00:00,s311M2F1G8A600|3496625614226790400|156656|2026-09-14T00:05:39|2026-09-14T00:07:21|0,c3_k10_fresh_longmip,scheduler_completed,default_overnight_diagnostics_20260914,False,102.0,156656_r0,0,explicit_restart,11,True,True,/home/nc437/ladder-lite/overnight_diagnostics_20260914/cases/c3_k10_fresh_longmip/attempts/156656_r0/result.json,bee6832d0962b0a1b4be3f997181124029f587b0661d9f4c5115c78e74cf501f,12600,True,COMPLETED
8,101352,3496625614230441984,12669,2026-09-14T00:05:43,2026-09-14T03:38:30,0:0,156659,156659,drD_c3_k15_fresh_longmip,unicorn-cpu-01,default_partition,15130,normal,None,24G,0,s311M2F1GBSM00,2026-09-14T00:07:21,COMPLETED,2026-09-14T00:05:43,270,00:00:00,s311M2F1GBSM00|3496625614230441984|156659|2026-09-14T00:05:43|2026-09-14T00:07:21|0,c3_k15_fresh_longmip,scheduler_completed,default_overnight_diagnostics_20260914,False,98.0,156659_r0,0,explicit_restart,18,True,True,/home/nc437/ladder-lite/overnight_diagnostics_20260914/cases/c3_k15_fresh_longmip/attempts/156659_r0/result.json,26994c0f17043b0b8fccd1feccd8c184d3ccfde5fcc2c66efa4f3212e8a97610,12600,True,COMPLETED
8,101368,3496625614233158656,12671,2026-09-14T00:05:45,2026-09-14T03:38:32,0:0,156664,156664,drD_c4_k10_fresh_longmip,unicorn-cpu-01,default_partition,15130,normal,None,24G,0,s311M2F1GECH00,2026-09-14T00:07:21,COMPLETED,2026-09-14T00:05:45,270,00:00:00,s311M2F1GECH00|3496625614233158656|156664|2026-09-14T00:05:45|2026-09-14T00:07:21|0,c4_k10_fresh_longmip,scheduler_completed,default_overnight_diagnostics_20260914,False,96.0,156664_r0,0,explicit_restart,11,True,True,/home/nc437/ladder-lite/overnight_diagnostics_20260914/cases/c4_k10_fresh_longmip/attempts/156664_r0/result.json,7f246327ec372a34c6835cfb273fbd077390338c3b3d72682c58d0fb7e1d3019,12600,True,COMPLETED
8,101672,3496625614234072064,12709,2026-09-14T00:05:46,2026-09-14T03:39:10,0:0,156667,156667,drD_c4_k15_fresh_longmip,sonic-cpu-01,default_partition,15130,normal,None,24G,0,s311M2F1GF8D00,2026-09-14T00:07:21,COMPLETED,2026-09-14T00:05:46,270,00:00:00,s311M2F1GF8D00|3496625614234072064|156667|2026-09-14T00:05:46|2026-09-14T00:07:21|0,c4_k15_fresh_longmip,scheduler_completed,default_overnight_diagnostics_20260914,False,95.0,156667_r0,0,explicit_restart,19,True,True,/home/nc437/ladder-lite/overnight_diagnostics_20260914/cases/c4_k15_fresh_longmip/attempts/156667_r0/result.json,4af9b99e123646a41c2f8e5b56515457b002aef9c78eefdfe395c795d4ed7a2a,12600,True,COMPLETED
8,101384,3496625614236678144,12673,2026-09-14T00:05:49,2026-09-14T03:38:34,0:0,156674,156674,drD_c5_k10_fresh_longmip,sonic-cpu-02,default_partition,15130,normal,None,24G,0,s311M2F1GHQY00,2026-09-14T00:07:21,COMPLETED,2026-09-14T00:05:49,270,00:00:00,s311M2F1GHQY00|3496625614236678144|156674|2026-09-14T00:05:49|2026-09-14T00:07:21|0,c5_k10_fresh_longmip,scheduler_completed,default_overnight_diagnostics_20260914,False,92.0,156674_r0,0,explicit_restart,11,True,True,/home/nc437/ladder-lite/overnight_diagnostics_20260914/cases/c5_k10_fresh_longmip/attempts/156674_r0/result.json,bd94e7c8e96fc74eb3500171083163e9839bc0969b4c8efdf48286e0a39d77c8,12600,True,COMPLETED
8,101912,3496625614237717504,12739,2026-09-14T00:05:50,2026-09-14T03:39:40,0:0,156677,156677,drD_c5_k15_fresh_longmip,totient-cpu-01,default_partition,15130,normal,None,24G,0,s311M2F1GJQN00,2026-09-14T00:07:21,COMPLETED,2026-09-14T00:05:50,270,00:00:00,s311M2F1GJQN00|3496625614237717504|156677|2026-09-14T00:05:50|2026-09-14T00:07:21|0,c5_k15_fresh_longmip,scheduler_completed,default_overnight_diagnostics_20260914,False,91.0,156677_r0,0,explicit_restart,16,True,True,/home/nc437/ladder-lite/overnight_diagnostics_20260914/cases/c5_k15_fresh_longmip/attempts/156677_r0/result.json,09c336fc8cffe30df19289fb86ee9cb6c48c51b19fe58c331f8d9e048a8f7ad8,12600,True,COMPLETED
8,101496,3496625614241526784,12687,2026-09-14T00:05:54,2026-09-14T03:38:48,0:0,156681,156681,drD_c6_k10_fresh_longmip,totient-cpu-02,default_partition,15130,normal,None,24G,0,s311M2F1GPBX00,2026-09-14T00:07:21,COMPLETED,2026-09-14T00:05:54,270,00:00:00,s311M2F1GPBX00|3496625614241526784|156681|2026-09-14T00:05:54|2026-09-14T00:07:21|0,c6_k10_fresh_longmip,scheduler_completed,default_overnight_diagnostics_20260914,False,87.0,156681_r0,0,explicit_restart,11,True,True,/home/nc437/ladder-lite/overnight_diagnostics_20260914/cases/c6_k10_fresh_longmip/attempts/156681_r0/result.json,446434bd0088deb26360230688e6934f79ecb89193ee9d7c6698ff445c7f8008,12600,True,COMPLETED
8,101912,3496625614243124224,12739,2026-09-14T00:05:55,2026-09-14T03:39:40,0:0,156686,156686,drD_c6_k15_fresh_longmip,totient-cpu-03,default_partition,15130,normal,None,24G,0,s311M2F1GQWN00,2026-09-14T00:07:21,COMPLETED,2026-09-14T00:05:55,270,00:00:00,s311M2F1GQWN00|3496625614243124224|156686|2026-09-14T00:05:55|2026-09-14T00:07:21|0,c6_k15_fresh_longmip,scheduler_completed,default_overnight_diagnostics_20260914,False,86.0,156686_r0,0,explicit_restart,18,True,True,/home/nc437/ladder-lite/overnight_diagnostics_20260914/cases/c6_k15_fresh_longmip/attempts/156686_r0/result.json,4eb66f4b0326c6313d4cb4648dd8746ebb80b04f85d24ab51517569a748bf6dc,12600,True,COMPLETED
8,102456,3496625614243330048,12807,2026-09-14T00:05:55,2026-09-14T03:40:48,0:0,156687,156687,drD_w2_k17_extension_longmip,totient-cpu-04,default_partition,15130,normal,None,24G,0,s311M2F1GR2Y00,2026-09-14T00:07:21,COMPLETED,2026-09-14T00:05:55,270,00:00:00,s311M2F1GR2Y00|3496625614243330048|156687|2026-09-14T00:05:55|2026-09-14T00:07:21|0,w2_k17_extension_longmip,scheduler_completed,default_overnight_diagnostics_20260914,False,86.0,156687_r0,0,explicit_restart,17,True,True,/home/nc437/ladder-lite/overnight_diagnostics_20260914/cases/w2_k17_extension_longmip/attempts/156687_r0/result.json,0d86fa947d93ffbe13f94d30cf17740e1f1544caa21d3b8910c59cd4264b0dfb,12600,True,COMPLETED
8,102352,3496625614243567616,12794,2026-09-14T00:05:56,2026-09-14T03:40:35,0:0,156688,156688,drD_w2_k18_extension_longmip,totient-cpu-05,default_partition,15130,normal,None,24G,0,s311M2F1GRA600,2026-09-14T00:07:21,COMPLETED,2026-09-14T00:05:56,270,00:00:00,s311M2F1GRA600|3496625614243567616|156688|2026-09-14T00:05:56|2026-09-14T00:07:21|0,w2_k18_extension_longmip,scheduler_completed,default_overnight_diagnostics_20260914,False,85.0,156688_r0,0,explicit_restart,18,True,True,/home/nc437/ladder-lite/overnight_diagnostics_20260914/cases/w2_k18_extension_longmip/attempts/156688_r0/result.json,0f3e01203725e4b92a3b50d178e7ff6c894c54938b9b08eca09bb10421cf84fb,12600,True,COMPLETED
8,102776,3496625614243896320,12847,2026-09-14T00:05:56,2026-09-14T03:41:28,0:0,156689,156689,drD_w2_k19_extension_longmip,totient-cpu-06,default_partition,15130,normal,None,24G,0,s311M2F1GRM700,2026-09-14T00:07:21,COMPLETED,2026-09-14T00:05:56,270,00:00:00,s311M2F1GRM700|3496625614243896320|156689|2026-09-14T00:05:56|2026-09-14T00:07:21|0,w2_k19_extension_longmip,scheduler_completed,default_overnight_diagnostics_20260914,False,85.0,156689_r0,0,explicit_restart,19,True,True,/home/nc437/ladder-lite/overnight_diagnostics_20260914/cases/w2_k19_extension_longmip/attempts/156689_r0/result.json,83b1fd882bb48813d281018756467a87133722ef765225853b12ad5336e84ae8,12600,True,COMPLETED
8,102864,3496625614244219904,12858,2026-09-14T00:05:56,2026-09-14T03:41:39,0:0,156690,156690,drD_w2_k20_extension_longmip,totient-cpu-07,default_partition,15130,normal,None,24G,0,s311M2F1GRY300,2026-09-14T00:07:21,COMPLETED,2026-09-14T00:05:56,270,00:00:00,s311M2F1GRY300|3496625614244219904|156690|2026-09-14T00:05:56|2026-09-14T00:07:21|0,w2_k20_extension_longmip,scheduler_completed,default_overnight_diagnostics_20260914,False,85.0,156690_r0,0,explicit_restart,20,True,True,/home/nc437/ladder-lite/overnight_diagnostics_20260914/cases/w2_k20_extension_longmip/attempts/156690_r0/result.json,5acb9ae6875ab4d8639acd9bec754091aa6005803a5492f71b4344daa5fce994,12600,True,COMPLETED
8,102256,3496625614245141504,12782,2026-09-14T00:05:57,2026-09-14T03:40:23,0:0,156691,156691,drD_w3_k19_extension_longmip,totient-cpu-08,default_partition,15130,normal,None,24G,0,s311M2F1GST700,2026-09-14T00:07:21,COMPLETED,2026-09-14T00:05:57,270,00:00:00,s311M2F1GST700|3496625614245141504|156691|2026-09-14T00:05:57|2026-09-14T00:07:21|0,w3_k19_extension_longmip,scheduler_completed,default_overnight_diagnostics_20260914,False,84.0,156691_r0,0,explicit_restart,19,True,True,/home/nc437/ladder-lite/overnight_diagnostics_20260914/cases/w3_k19_extension_longmip/attempts/156691_r0/result.json,a3720faaaa6fb222da21222ff89cf96dd7df546a1e4e4ed1a2a6eaae729871f7,12600,True,COMPLETED
8,102008,3496625614245600256,12751,2026-09-14T00:05:58,2026-09-14T03:39:52,0:0,156692,156692,drD_w3_k20_extension_longmip,jingjie-cpu-06,default_partition,15130,normal,None,24G,0,s311M2F1GT8700,2026-09-14T00:07:21,COMPLETED,2026-09-14T00:05:58,270,00:00:00,s311M2F1GT8700|3496625614245600256|156692|2026-09-14T00:05:58|2026-09-14T00:07:21|0,w3_k20_extension_longmip,scheduler_completed,default_overnight_diagnostics_20260914,False,83.0,156692_r0,0,explicit_restart,20,True,True,/home/nc437/ladder-lite/overnight_diagnostics_20260914/cases/w3_k20_extension_longmip/attempts/156692_r0/result.json,1de3846dc659acf862e1d645b5336d37b4dab298290532418562df7d1d48ca3a,12600,True,COMPLETED
8,102168,3496625614245844992,12771,2026-09-14T00:05:58,2026-09-14T03:40:12,0:0,156693,156693,drD_w3_k21_extension_longmip,jingjie-cpu-06,default_partition,15130,normal,None,24G,0,s311M2F1GTFP00,2026-09-14T00:07:21,COMPLETED,2026-09-14T00:05:58,270,00:00:00,s311M2F1GTFP00|3496625614245844992|156693|2026-09-14T00:05:58|2026-09-14T00:07:21|0,w3_k21_extension_longmip,scheduler_completed,default_overnight_diagnostics_20260914,False,83.0,156693_r0,0,explicit_restart,21,True,True,/home/nc437/ladder-lite/overnight_diagnostics_20260914/cases/w3_k21_extension_longmip/attempts/156693_r0/result.json,e600b8de2257159e54488907fc5f12d21a0408cdaf879e8d46caa49c409d52fd,12600,True,COMPLETED
8,102352,3496625614246156288,12794,2026-09-14T00:05:58,2026-09-14T03:40:35,0:0,156694,156694,drD_w5_k19_extension_longmip,jingjie-cpu-06,default_partition,15130,normal,None,24G,0,s311M2F1GTS600,2026-09-14T00:07:21,COMPLETED,2026-09-14T00:05:58,270,00:00:00,s311M2F1GTS600|3496625614246156288|156694|2026-09-14T00:05:58|2026-09-14T00:07:21|0,w5_k19_extension_longmip,scheduler_completed,default_overnight_diagnostics_20260914,False,83.0,156694_r0,0,explicit_restart,19,True,True,/home/nc437/ladder-lite/overnight_diagnostics_20260914/cases/w5_k19_extension_longmip/attempts/156694_r0/result.json,5cc8f290cf4dca4578f017ab7d1fe3dbf162ef4e42aab0f4a1ddf37594f2e247,12600,True,COMPLETED
8,102368,3496625614246484992,12796,2026-09-14T00:05:58,2026-09-14T03:40:37,0:0,156695,156695,drD_w6_k18_extension_longmip,jingjie-cpu-01,default_partition,15130,normal,None,24G,0,s311M2F1GV3700,2026-09-14T00:07:21,COMPLETED,2026-09-14T00:05:58,270,00:00:00,s311M2F1GV3700|3496625614246484992|156695|2026-09-14T00:05:58|2026-09-14T00:07:21|0,w6_k18_extension_longmip,scheduler_completed,default_overnight_diagnostics_20260914,False,83.0,156695_r0,0,explicit_restart,18,True,True,/home/nc437/ladder-lite/overnight_diagnostics_20260914/cases/w6_k18_extension_longmip/attempts/156695_r0/result.json,3be13c9a982bb3b1a6a4d3b43f1549ec68bbeed718222de88340290aeda98d49,12600,True,COMPLETED
8,31712,3496625614246707200,3964,2026-09-14T02:37:24,2026-09-14T03:43:44,0:0,156696,156696,drD_c1_k08_c200_mip,snavely-cpu-13,default_partition,15130,normal,Dependency,24G,0,s311M2F1GVA000,2026-09-14T02:37:40,COMPLETED,2026-09-14T00:05:59,120,00:00:00,s311M2F1GVA000|3496625614246707200|156696|2026-09-14T00:05:59|2026-09-14T02:37:40|0,c1_k08_c200_mip,scheduler_completed,default_overnight_diagnostics_20260914,False,16.0,156696_r0,0,explicit_restart,9,True,True,/home/nc437/ladder-lite/overnight_diagnostics_20260914/cases/c1_k08_c200_mip/attempts/156696_r0/result.json,7bc3d11199ab2a38066b5979d9a5fde91a5161ba87ed61c93bdb12290052c499,3600,True,COMPLETED
8,29312,3496625614247414784,3664,2026-09-14T01:50:34,2026-09-14T02:53:39,0:0,156697,156697,drD_c1_k08_complementary_mip,snavely-cpu-17,default_partition,15130,normal,Dependency,24G,0,s311M2F1GVZK00,2026-09-14T01:52:35,COMPLETED,2026-09-14T00:05:59,120,00:00:00,s311M2F1GVZK00|3496625614247414784|156697|2026-09-14T00:05:59|2026-09-14T01:52:35|0,c1_k08_complementary_mip,scheduler_completed,default_overnight_diagnostics_20260914,False,121.0,156697_r0,0,explicit_restart,9,True,True,/home/nc437/ladder-lite/overnight_diagnostics_20260914/cases/c1_k08_complementary_mip/attempts/156697_r0/result.json,fc9e06b1d21cc9c33513d322ea877058037c980f35581f2dc776f8f59915d46e,3600,True,COMPLETED
8,32472,3496625614247645184,4059,2026-09-14T03:55:42,2026-09-14T05:03:27,0:0,156698,156698,drD_c1_k10_c200_mip,snavely-cpu-13,default_partition,15130,normal,Dependency,24G,0,s311M2F1GW6M00,2026-09-14T03:55:48,COMPLETED,2026-09-14T00:06:00,120,00:00:00,s311M2F1GW6M00|3496625614247645184|156698|2026-09-14T00:06:00|2026-09-14T03:55:48|0,c1_k10_c200_mip,scheduler_completed,default_overnight_diagnostics_20260914,False,6.0,156698_r0,0,explicit_restart,11,True,True,/home/nc437/ladder-lite/overnight_diagnostics_20260914/cases/c1_k10_c200_mip/attempts/156698_r0/result.json,edc00bda89df8b3cef17f185a5b854911f7e9474357d9262007cc35d5ace161f,3600,True,COMPLETED
8,29560,3496625614248102912,3695,2026-09-14T02:56:42,2026-09-14T03:58:17,0:0,156699,156699,drD_c1_k10_complementary_mip,snavely-cpu-11,default_partition,15130,normal,Dependency,24G,0,s311M2F1GWMK00,2026-09-14T02:56:42,COMPLETED,2026-09-14T00:06:00,120,00:00:00,s311M2F1GWMK00|3496625614248102912|156699|2026-09-14T00:06:00|2026-09-14T02:56:42|0,c1_k10_complementary_mip,scheduler_completed,default_overnight_diagnostics_20260914,False,0.0,156699_r0,0,explicit_restart,12,True,True,/home/nc437/ladder-lite/overnight_diagnostics_20260914/cases/c1_k10_complementary_mip/attempts/156699_r0/result.json,7dbdfc28e599e2e5b8695658e89773f8a1f17c87611683196de2a5afa49ccc55,3600,True,COMPLETED
8,33832,3496625614248433664,4229,2026-09-14T12:53:40,2026-09-14T14:04:10,0:0,156700,156700,drD_c1_k15_c200_mip,snavely-cpu-09,default_partition,15130,normal,Dependency,24G,0,s311M2F1GWYP00,2026-09-14T12:53:41,COMPLETED,2026-09-14T00:06:00,120,00:00:00,s311M2F1GWYP00|3496625614248433664|156700|2026-09-14T00:06:00|2026-09-14T12:53:41|0,c1_k15_c200_mip,scheduler_completed,default_overnight_diagnostics_20260914,False,1.0,156700_r0,0,explicit_restart,18,True,True,/home/nc437/ladder-lite/overnight_diagnostics_20260914/cases/c1_k15_c200_mip/attempts/156700_r0/result.json,2cf203aa242f1e4764780b273121e9119847b3e81a61785c2025ea31944ccd12,3600,True,COMPLETED
8,29920,3496625614249211904,3740,2026-09-14T06:23:22,2026-09-14T07:26:20,0:0,156701,156701,drD_c1_k15_complementary_mip,snavely-cpu-09,default_partition,15130,normal,Dependency,24G,0,s311M2F1GXPE00,2026-09-14T06:24:00,COMPLETED,2026-09-14T00:06:01,120,00:00:00,s311M2F1GXPE00|3496625614249211904|156701|2026-09-14T00:06:01|2026-09-14T06:24:00|0,c1_k15_complementary_mip,scheduler_completed,default_overnight_diagnostics_20260914,False,38.0,156701_r0,0,explicit_restart,18,True,True,/home/nc437/ladder-lite/overnight_diagnostics_20260914/cases/c1_k15_complementary_mip/attempts/156701_r0/result.json,2255b1870ab8122570bcf2a02a94ac86e8905392390abf77490034f6c4b31f94,3600,True,COMPLETED
8,29728,3496625614249446400,3716,2026-09-14T00:48:13,2026-09-14T01:50:21,0:0,156702,156702,drD_c2_k08_c200_mip,jingjie-cpu-01,default_partition,15130,normal,Dependency,24G,0,s311M2F1GXXK00,2026-09-14T00:48:25,COMPLETED,2026-09-14T00:06:01,120,00:00:00,s311M2F1GXXK00|3496625614249446400|156702|2026-09-14T00:06:01|2026-09-14T00:48:25|0,c2_k08_c200_mip,scheduler_completed,default_overnight_diagnostics_20260914,False,12.0,156702_r0,0,explicit_restart,9,True,True,/home/nc437/ladder-lite/overnight_diagnostics_20260914/cases/c2_k08_c200_mip/attempts/156702_r0/result.json,5d176b26b47eb7f5ced24604bd18f13959c54fcb8d3c14ea8ad2a87a7145da2b,3600,True,COMPLETED
8,28952,3496625614249671680,3619,2026-09-14T00:34:50,2026-09-14T01:35:39,0:0,156703,156703,drD_c2_k08_complementary_mip,jingjie-cpu-01,default_partition,15130,normal,Dependency,24G,0,s311M2F1GY4F00,2026-09-14T00:35:20,COMPLETED,2026-09-14T00:06:01,120,00:00:00,s311M2F1GY4F00|3496625614249671680|156703|2026-09-14T00:06:01|2026-09-14T00:35:20|0,c2_k08_complementary_mip,scheduler_completed,default_overnight_diagnostics_20260914,False,30.0,156703_r0,0,explicit_restart,9,True,True,/home/nc437/ladder-lite/overnight_diagnostics_20260914/cases/c2_k08_complementary_mip/attempts/156703_r0/result.json,81a25d1bf330dce7c32cc0e04a6bc888d000c1bb54d26daae4c97d4390fcd978,3600,True,COMPLETED
8,29960,3496625614249890816,3745,2026-09-14T01:55:09,2026-09-14T02:58:00,0:0,156704,156704,drD_c2_k10_c200_mip,jingjie-cpu-06,default_partition,15130,normal,Dependency,24G,0,s311M2F1GYB500,2026-09-14T01:55:35,COMPLETED,2026-09-14T00:06:02,120,00:00:00,s311M2F1GYB500|3496625614249890816|156704|2026-09-14T00:06:02|2026-09-14T01:55:35|0,c2_k10_c200_mip,scheduler_completed,default_overnight_diagnostics_20260914,False,26.0,156704_r0,0,explicit_restart,11,True,True,/home/nc437/ladder-lite/overnight_diagnostics_20260914/cases/c2_k10_c200_mip/attempts/156704_r0/result.json,7161386f01693a4b07e83c13864935c257e3e3b243114d0ee599b474882ef719,3600,True,COMPLETED
8,29168,3496625614251102208,3646,2026-09-14T01:22:44,2026-09-14T02:24:12,0:0,156705,156705,drD_c2_k10_complementary_mip,garg-cpu-02,default_partition,15130,normal,Dependency,24G,0,s311M2F1GZG400,2026-09-14T01:23:26,COMPLETED,2026-09-14T00:06:03,120,00:00:00,s311M2F1GZG400|3496625614251102208|156705|2026-09-14T00:06:03|2026-09-14T01:23:26|0,c2_k10_complementary_mip,scheduler_completed,default_overnight_diagnostics_20260914,False,42.0,156705_r0,0,explicit_restart,12,True,True,/home/nc437/ladder-lite/overnight_diagnostics_20260914/cases/c2_k10_complementary_mip/attempts/156705_r0/result.json,5c63c6f9bff1b44be0ef3ec4a06c3a5a0ef8fbbc9a10d8c2ad5980dfe75f7828,3600,True,COMPLETED
8,32880,3496625614251437056,4110,2026-09-14T07:22:50,2026-09-14T08:31:34,0:0,156706,156706,drD_c2_k15_c200_mip,snavely-cpu-16,default_partition,15130,normal,Dependency,24G,0,s311M2F1GZTB00,2026-09-14T07:23:04,COMPLETED,2026-09-14T00:06:03,120,00:00:00,s311M2F1GZTB00|3496625614251437056|156706|2026-09-14T00:06:03|2026-09-14T07:23:04|0,c2_k15_c200_mip,scheduler_completed,default_overnight_diagnostics_20260914,False,14.0,156706_r0,0,explicit_restart,19,True,True,/home/nc437/ladder-lite/overnight_diagnostics_20260914/cases/c2_k15_c200_mip/attempts/156706_r0/result.json,22ca1ff0bd2e4b3afa0ccd9b540543e93d58b18421b12be97adcf2780b7217ad,3600,True,COMPLETED
8,29944,3496625614251686912,3743,2026-09-14T04:52:49,2026-09-14T05:55:12,0:0,156707,156707,drD_c2_k15_complementary_mip,snavely-cpu-15,default_partition,15130,normal,Dependency,24G,0,s311M2F1H01Z00,2026-09-14T04:52:49,COMPLETED,2026-09-14T00:06:03,120,00:00:00,s311M2F1H01Z00|3496625614251686912|156707|2026-09-14T00:06:03|2026-09-14T04:52:49|0,c2_k15_complementary_mip,scheduler_completed,default_overnight_diagnostics_20260914,False,0.0,156707_r0,0,explicit_restart,19,True,True,/home/nc437/ladder-lite/overnight_diagnostics_20260914/cases/c2_k15_complementary_mip/attempts/156707_r0/result.json,fd3071a8781dff3e7f575fa7ab4f1850d56f8e12de4c232864dc29a925a83eeb,3600,True,COMPLETED
8,29216,3496625614251936768,3652,2026-09-14T00:33:08,2026-09-14T01:34:12,0:0,156708,156708,drD_c3_k08_c200_mip,jingjie-cpu-01,default_partition,15130,normal,Dependency,24G,0,s311M2F1H09K00,2026-09-14T00:33:20,COMPLETED,2026-09-14T00:06:04,120,00:00:00,s311M2F1H09K00|3496625614251936768|156708|2026-09-14T00:06:04|2026-09-14T00:33:20|0,c3_k08_c200_mip,scheduler_completed,default_overnight_diagnostics_20260914,False,12.0,156708_r0,0,explicit_restart,8,True,True,/home/nc437/ladder-lite/overnight_diagnostics_20260914/cases/c3_k08_c200_mip/attempts/156708_r0/result.json,b2a8c2668d0947d809783607ea62f01a27679e4b1de1bdacb7dd3689aef7e030,3600,True,COMPLETED
8,27624,3496625614252508160,3453,2026-09-14T00:31:17,2026-09-14T01:28:53,0:0,156709,156709,drD_c3_k08_complementary_mip,sablab-cpu-02,default_partition,15130,normal,Dependency,24G,0,s311M2F1H0V100,2026-09-14T00:31:20,COMPLETED,2026-09-14T00:06:04,120,00:00:00,s311M2F1H0V100|3496625614252508160|156709|2026-09-14T00:06:04|2026-09-14T00:31:20|0,c3_k08_complementary_mip,scheduler_completed,default_overnight_diagnostics_20260914,False,3.0,156709_r0,0,explicit_restart,8,True,True,/home/nc437/ladder-lite/overnight_diagnostics_20260914/cases/c3_k08_complementary_mip/attempts/156709_r0/result.json,e6dbfe6a7b080fae0d139bd1a8c85d27d545e09aadae59d68f30ccc8d39ff4cb,3600,True,COMPLETED
8,29616,3496625614253204480,3702,2026-09-14T00:57:53,2026-09-14T02:00:07,0:0,156710,156710,drD_c3_k10_c200_mip,jingjie-cpu-02,default_partition,15130,normal,Dependency,24G,0,s311M2F1H1G900,2026-09-14T00:58:25,COMPLETED,2026-09-14T00:06:05,120,00:00:00,s311M2F1H1G900|3496625614253204480|156710|2026-09-14T00:06:05|2026-09-14T00:58:25|0,c3_k10_c200_mip,scheduler_completed,default_overnight_diagnostics_20260914,False,32.0,156710_r0,0,explicit_restart,11,True,True,/home/nc437/ladder-lite/overnight_diagnostics_20260914/cases/c3_k10_c200_mip/attempts/156710_r0/result.json,7e3fc684b69b1aff6a61c76efb1765c8b2acb6c17c7fba6fe642c0ca2a4245de,3600,True,COMPLETED
8,29016,3496625614253436928,3627,2026-09-14T00:48:38,2026-09-14T01:49:53,0:0,156711,156711,drD_c3_k10_complementary_mip,jingjie-cpu-12,default_partition,15130,normal,Dependency,24G,0,s311M2F1H1QC00,2026-09-14T00:49:26,COMPLETED,2026-09-14T00:06:05,120,00:00:00,s311M2F1H1QC00|3496625614253436928|156711|2026-09-14T00:06:05|2026-09-14T00:49:26|0,c3_k10_complementary_mip,scheduler_completed,default_overnight_diagnostics_20260914,False,48.0,156711_r0,0,explicit_restart,11,True,True,/home/nc437/ladder-lite/overnight_diagnostics_20260914/cases/c3_k10_complementary_mip/attempts/156711_r0/result.json,2e70b56fdbe21e51554fb0530d511d3850ce0938c3ebf72a041e400dd495f988,3600,True,COMPLETED
8,30048,3496625614253659136,3756,2026-09-14T02:19:55,2026-09-14T03:23:14,0:0,156712,156712,drD_c3_k15_c200_mip,jingjie-cpu-13,default_partition,15130,normal,Dependency,24G,0,s311M2F1H1Y500,2026-09-14T02:20:38,COMPLETED,2026-09-14T00:06:05,120,00:00:00,s311M2F1H1Y500|3496625614253659136|156712|2026-09-14T00:06:05|2026-09-14T02:20:38|0,c3_k15_c200_mip,scheduler_completed,default_overnight_diagnostics_20260914,False,43.0,156712_r0,0,explicit_restart,17,True,True,/home/nc437/ladder-lite/overnight_diagnostics_20260914/cases/c3_k15_c200_mip/attempts/156712_r0/result.json,29956831320b84fc72d9b8487c615fa3ee79aa2ccc389ac1db6072b85aeb232c,3600,True,COMPLETED
8,29240,3496625614254375936,3655,2026-09-14T01:50:01,2026-09-14T02:53:30,0:0,156713,156713,drD_c3_k15_complementary_mip,garg-cpu-02,default_partition,15130,normal,Dependency,24G,0,s311M2F1H2M100,2026-09-14T01:52:35,COMPLETED,2026-09-14T00:06:06,120,00:00:00,s311M2F1H2M100|3496625614254375936|156713|2026-09-14T00:06:06|2026-09-14T01:52:35|0,c3_k15_complementary_mip,scheduler_completed,default_overnight_diagnostics_20260914,False,154.0,156713_r0,0,explicit_restart,17,True,True,/home/nc437/ladder-lite/overnight_diagnostics_20260914/cases/c3_k15_complementary_mip/attempts/156713_r0/result.json,abbbaadce3f00b929ceb7da1ed73de9cf8220285f8351df2aebd19477f47f1de,3600,True,COMPLETED
8,31280,3496625614254838784,3910,2026-09-14T02:40:02,2026-09-14T03:45:51,0:0,156714,156714,drD_c4_k08_c200_mip,garg-cpu-02,default_partition,15130,normal,Dependency,24G,0,s311M2F1H32500,2026-09-14T02:40:41,COMPLETED,2026-09-14T00:06:07,120,00:00:00,s311M2F1H32500|3496625614254838784|156714|2026-09-14T00:06:07|2026-09-14T02:40:41|0,c4_k08_c200_mip,scheduler_completed,default_overnight_diagnostics_20260914,False,39.0,156714_r0,0,explicit_restart,9,True,True,/home/nc437/ladder-lite/overnight_diagnostics_20260914/cases/c4_k08_c200_mip/attempts/156714_r0/result.json,5d6bdc56b0cf6120e06f527e58415b435fce7f996f44de1413735845e21d19ba,3600,True,COMPLETED
8,29216,3496625614255193088,3652,2026-09-14T01:38:49,2026-09-14T02:40:25,0:0,156715,156715,drD_c4_k08_complementary_mip,jingjie-cpu-01,default_partition,15130,normal,Dependency,24G,0,s311M2F1H3CZ00,2026-09-14T01:39:33,COMPLETED,2026-09-14T00:06:07,120,00:00:00,s311M2F1H3CZ00|3496625614255193088|156715|2026-09-14T00:06:07|2026-09-14T01:39:33|0,c4_k08_complementary_mip,scheduler_completed,default_overnight_diagnostics_20260914,False,44.0,156715_r0,0,explicit_restart,9,True,True,/home/nc437/ladder-lite/overnight_diagnostics_20260914/cases/c4_k08_complementary_mip/attempts/156715_r0/result.json,3fc1de8b3ff6993f187611d8d0e6430176e37450473cd530f77db922c63faba7,3600,True,COMPLETED
8,31400,3496625614255643648,3925,2026-09-14T02:34:25,2026-09-14T03:41:05,0:0,156716,156716,drD_c4_k10_c200_mip,snavely-cpu-09,default_partition,15130,normal,Dependency,24G,0,s311M2F1H3TQ00,2026-09-14T02:35:40,COMPLETED,2026-09-14T00:06:07,120,00:00:00,s311M2F1H3TQ00|3496625614255643648|156716|2026-09-14T00:06:07|2026-09-14T02:35:40|0,c4_k10_c200_mip,scheduler_completed,default_overnight_diagnostics_20260914,False,75.0,156716_r0,0,explicit_restart,12,True,True,/home/nc437/ladder-lite/overnight_diagnostics_20260914/cases/c4_k10_c200_mip/attempts/156716_r0/result.json,20aca59ebfd25a0557456de45a829b3f3dacd483164bab888878fc0e05694e48,3600,True,COMPLETED
8,29240,3496625614256129024,3655,2026-09-14T01:52:17,2026-09-14T02:53:30,0:0,156717,156717,drD_c4_k10_complementary_mip,jingjie-cpu-01,default_partition,15130,normal,Dependency,24G,0,s311M2F1H49H00,2026-09-14T01:52:35,COMPLETED,2026-09-14T00:06:08,120,00:00:00,s311M2F1H49H00|3496625614256129024|156717|2026-09-14T00:06:08|2026-09-14T01:52:35|0,c4_k10_complementary_mip,scheduler_completed,default_overnight_diagnostics_20260914,False,18.0,156717_r0,0,explicit_restart,11,True,True,/home/nc437/ladder-lite/overnight_diagnostics_20260914/cases/c4_k10_complementary_mip/attempts/156717_r0/result.json,e53cf2dd80df2cd9236c6707aa4fc90574b0e915cbc920edce89892c61e58471,3600,True,COMPLETED
8,33912,3496625614256655360,4239,2026-09-14T07:22:03,2026-09-14T08:32:43,0:0,156718,156718,drD_c4_k15_c200_mip,snavely-cpu-15,default_partition,15130,normal,Dependency,24G,0,s311M2F1H4SK00,2026-09-14T07:22:04,COMPLETED,2026-09-14T00:06:08,120,00:00:00,s311M2F1H4SK00|3496625614256655360|156718|2026-09-14T00:06:08|2026-09-14T07:22:04|0,c4_k15_c200_mip,scheduler_completed,default_overnight_diagnostics_20260914,False,1.0,156718_r0,0,explicit_restart,20,True,True,/home/nc437/ladder-lite/overnight_diagnostics_20260914/cases/c4_k15_c200_mip/attempts/156718_r0/result.json,3600f2188d16122fd672bd5c4b5cc4d8ff86c88ddedd85b8b1aa8b1edc413cf7,3600,True,COMPLETED
8,29904,3496625614256879616,3738,2026-09-14T04:21:46,2026-09-14T05:24:11,0:0,156720,156720,drD_c4_k15_complementary_mip,snavely-cpu-15,default_partition,15130,normal,Dependency,24G,0,s311M2F1H50E00,2026-09-14T04:21:53,COMPLETED,2026-09-14T00:06:09,120,00:00:00,s311M2F1H50E00|3496625614256879616|156720|2026-09-14T00:06:09|2026-09-14T04:21:53|0,c4_k15_complementary_mip,scheduler_completed,default_overnight_diagnostics_20260914,False,7.0,156720_r0,0,explicit_restart,19,True,True,/home/nc437/ladder-lite/overnight_diagnostics_20260914/cases/c4_k15_complementary_mip/attempts/156720_r0/result.json,bbb94d91862b75e2635573800dd53307c558dfbaa73c8360e31c07233dbe1967,3600,True,COMPLETED
8,2576,3496625614257099776,322,2026-09-14T00:33:56,2026-09-14T00:39:42,0:0,156721,156721,drD_c5_k05_c200_mip,jingjie-cpu-02,default_partition,15130,normal,Dependency,24G,0,s311M2F1H57500,2026-09-14T00:34:20,COMPLETED,2026-09-14T00:06:09,120,00:00:00,s311M2F1H57500|3496625614257099776|156721|2026-09-14T00:06:09|2026-09-14T00:34:20|0,c5_k05_c200_mip,scheduler_completed,default_overnight_diagnostics_20260914,False,24.0,156721_r0,0,explicit_restart,6,True,True,/home/nc437/ladder-lite/overnight_diagnostics_20260914/cases/c5_k05_c200_mip/attempts/156721_r0/result.json,54ce05bcbcfb60aaa56e3b608e9af846d7758ddcfa4a10452965be650e3ca002,3600,True,COMPLETED
8,400,3496625614257668096,50,2026-09-14T00:29:08,2026-09-14T00:30:10,0:0,156722,156722,drD_c5_k05_complementary_mip,sablab-cpu-02,default_partition,15130,normal,Dependency,24G,0,s311M2F1H5RG00,2026-09-14T00:29:20,COMPLETED,2026-09-14T00:06:09,120,00:00:00,s311M2F1H5RG00|3496625614257668096|156722|2026-09-14T00:06:09|2026-09-14T00:29:20|0,c5_k05_complementary_mip,scheduler_completed,default_overnight_diagnostics_20260914,False,12.0,156722_r0,0,explicit_restart,5,True,True,/home/nc437/ladder-lite/overnight_diagnostics_20260914/cases/c5_k05_complementary_mip/attempts/156722_r0/result.json,1712b89818e0f2786a43e962ba76aaee00d32b6cc4b4542152a8da5ae568deec,3600,True,COMPLETED
8,30040,3496625614258372608,3755,2026-09-14T01:07:42,2026-09-14T02:11:00,0:0,156723,156723,drD_c5_k08_c200_mip,jingjie-cpu-02,default_partition,15130,normal,Dependency,24G,0,s311M2F1H6E000,2026-09-14T01:08:25,COMPLETED,2026-09-14T00:06:10,120,00:00:00,s311M2F1H6E000|3496625614258372608|156723|2026-09-14T00:06:10|2026-09-14T01:08:25|0,c5_k08_c200_mip,scheduler_completed,default_overnight_diagnostics_20260914,False,43.0,156723_r0,0,explicit_restart,9,True,True,/home/nc437/ladder-lite/overnight_diagnostics_20260914/cases/c5_k08_c200_mip/attempts/156723_r0/result.json,bd0de29637ea83ffa866d8b9b74cc3d80a1fed32446a9c5e69fa2a2f9a6468c7,3600,True,COMPLETED
8,29056,3496625614258888704,3632,2026-09-14T00:45:48,2026-09-14T01:48:57,0:0,156724,156724,drD_c5_k08_complementary_mip,jingjie-cpu-06,default_partition,15130,normal,Dependency,24G,0,s311M2F1H6XR00,2026-09-14T00:48:25,COMPLETED,2026-09-14T00:06:10,120,00:00:00,s311M2F1H6XR00|3496625614258888704|156724|2026-09-14T00:06:10|2026-09-14T00:48:25|0,c5_k08_complementary_mip,scheduler_completed,default_overnight_diagnostics_20260914,False,157.0,156724_r0,0,explicit_restart,9,True,True,/home/nc437/ladder-lite/overnight_diagnostics_20260914/cases/c5_k08_complementary_mip/attempts/156724_r0/result.json,b7d7e4b129cd13ef5576e62ac20067632c4d19da53d6fed1e4a1e15973377d93,3600,True,COMPLETED
8,30152,3496625614259121152,3769,2026-09-14T01:37:46,2026-09-14T02:41:23,0:0,156725,156725,drD_c5_k10_c200_mip,jingjie-cpu-01,default_partition,15130,normal,Dependency,24G,0,s311M2F1H74V00,2026-09-14T01:38:34,COMPLETED,2026-09-14T00:06:11,120,00:00:00,s311M2F1H74V00|3496625614259121152|156725|2026-09-14T00:06:11|2026-09-14T01:38:34|0,c5_k10_c200_mip,scheduler_completed,default_overnight_diagnostics_20260914,False,48.0,156725_r0,0,explicit_restart,11,True,True,/home/nc437/ladder-lite/overnight_diagnostics_20260914/cases/c5_k10_c200_mip/attempts/156725_r0/result.json,c6c828b15599e46f16490e4616b6ad53085fe6b50c7f5d19f9fd6f0f9b01a49e,3600,True,COMPLETED
8,29080,3496625614259699712,3635,2026-09-14T01:18:22,2026-09-14T02:19:00,0:0,156726,156726,drD_c5_k10_complementary_mip,kim-cpu-01,default_partition,15130,normal,Dependency,24G,0,s311M2F1H7PG00,2026-09-14T01:18:25,COMPLETED,2026-09-14T00:06:11,120,00:00:00,s311M2F1H7PG00|3496625614259699712|156726|2026-09-14T00:06:11|2026-09-14T01:18:25|0,c5_k10_complementary_mip,scheduler_completed,default_overnight_diagnostics_20260914,False,3.0,156726_r0,0,explicit_restart,11,True,True,/home/nc437/ladder-lite/overnight_diagnostics_20260914/cases/c5_k10_complementary_mip/attempts/156726_r0/result.json,3896d6b57b230292e23939def889f19fe0092ae71735865f160682f4c5bb8c93,3600,True,COMPLETED
8,33416,3496625614260674560,4177,2026-09-14T06:23:55,2026-09-14T07:33:37,0:0,156727,156727,drD_c5_k15_c200_mip,snavely-cpu-11,default_partition,15130,normal,Dependency,24G,0,s311M2F1H8M800,2026-09-14T06:24:00,COMPLETED,2026-09-14T00:06:12,120,00:00:00,s311M2F1H8M800|3496625614260674560|156727|2026-09-14T00:06:12|2026-09-14T06:24:00|0,c5_k15_c200_mip,scheduler_completed,default_overnight_diagnostics_20260914,False,5.0,156727_r0,0,explicit_restart,17,True,True,/home/nc437/ladder-lite/overnight_diagnostics_20260914/cases/c5_k15_c200_mip/attempts/156727_r0/result.json,14fb09c81eb31e04e025a7ad4aae233b9d23f1870db5194b18bc619181b16c78,3600,True,COMPLETED
8,29824,3496625614261625856,3728,2026-09-14T03:50:37,2026-09-14T04:52:55,0:0,156728,156728,drD_c5_k15_complementary_mip,snavely-cpu-09,default_partition,15130,normal,Dependency,24G,0,s311M2F1H9H900,2026-09-14T03:50:47,COMPLETED,2026-09-14T00:06:13,120,00:00:00,s311M2F1H9H900|3496625614261625856|156728|2026-09-14T00:06:13|2026-09-14T03:50:47|0,c5_k15_complementary_mip,scheduler_completed,default_overnight_diagnostics_20260914,False,10.0,156728_r0,0,explicit_restart,17,True,True,/home/nc437/ladder-lite/overnight_diagnostics_20260914/cases/c5_k15_complementary_mip/attempts/156728_r0/result.json,78a6fd348bb970c3d5d3e95f468fc1f17a1543b37e8f2f66ea15f2e5dba204d2,3600,True,COMPLETED
8,29712,3496625614262313984,3714,2026-09-14T01:11:53,2026-09-14T02:14:19,0:0,156729,156729,drD_c6_k10_c200_mip,jingjie-cpu-01,default_partition,15130,normal,Dependency,24G,0,s311M2F1HA6900,2026-09-14T01:12:25,COMPLETED,2026-09-14T00:06:14,120,00:00:00,s311M2F1HA6900|3496625614262313984|156729|2026-09-14T00:06:14|2026-09-14T01:12:25|0,c6_k10_c200_mip,scheduler_completed,default_overnight_diagnostics_20260914,False,32.0,156729_r0,0,explicit_restart,11,True,True,/home/nc437/ladder-lite/overnight_diagnostics_20260914/cases/c6_k10_c200_mip/attempts/156729_r0/result.json,3c544f48e2a465e5be80137c39d5442fce1abbfcf93705d17ec77553e4e7aed1,3600,True,COMPLETED
8,29040,3496625614263941120,3630,2026-09-14T00:48:13,2026-09-14T01:48:55,0:0,156730,156730,drD_c6_k10_complementary_mip,jingjie-cpu-06,default_partition,15130,normal,Dependency,24G,0,s311M2F1HBQY00,2026-09-14T00:48:25,COMPLETED,2026-09-14T00:06:15,120,00:00:00,s311M2F1HBQY00|3496625614263941120|156730|2026-09-14T00:06:15|2026-09-14T00:48:25|0,c6_k10_complementary_mip,scheduler_completed,default_overnight_diagnostics_20260914,False,12.0,156730_r0,0,explicit_restart,12,True,True,/home/nc437/ladder-lite/overnight_diagnostics_20260914/cases/c6_k10_complementary_mip/attempts/156730_r0/result.json,b94153c8f45d6b9a6c34cf93f789c9f16c7fdba0c1ab73f1a5598e68e8f849af,3600,True,COMPLETED
8,33904,3496625614264635392,4238,2026-09-14T07:19:17,2026-09-14T08:30:36,0:0,156731,156731,drD_c6_k15_c200_mip,snavely-cpu-15,default_partition,15130,normal,Dependency,24G,0,s311M2F1HCD400,2026-09-14T07:19:58,COMPLETED,2026-09-14T00:06:16,120,00:00:00,s311M2F1HCD400|3496625614264635392|156731|2026-09-14T00:06:16|2026-09-14T07:19:58|0,c6_k15_c200_mip,scheduler_completed,default_overnight_diagnostics_20260914,False,41.0,156731_r0,0,explicit_restart,19,True,True,/home/nc437/ladder-lite/overnight_diagnostics_20260914/cases/c6_k15_c200_mip/attempts/156731_r0/result.json,74d348e7f4147f9a47cd5d01f66a30c3848f75e159f43a7c3f6cf00e8a18b8cf,3600,True,COMPLETED
8,29752,3496625614264878080,3719,2026-09-14T04:01:49,2026-09-14T05:03:48,0:0,156732,156732,drD_c6_k15_complementary_mip,snavely-cpu-11,default_partition,15130,normal,Dependency,24G,0,s311M2F1HCMH00,2026-09-14T04:01:49,COMPLETED,2026-09-14T00:06:16,120,00:00:00,s311M2F1HCMH00|3496625614264878080|156732|2026-09-14T00:06:16|2026-09-14T04:01:49|0,c6_k15_complementary_mip,scheduler_completed,default_overnight_diagnostics_20260914,False,0.0,156732_r0,0,explicit_restart,19,True,True,/home/nc437/ladder-lite/overnight_diagnostics_20260914/cases/c6_k15_complementary_mip/attempts/156732_r0/result.json,6345effce4961361c185def10057164a784cdfaf99e406ef6c4fe0c904e24567,3600,True,COMPLETED
8,30928,3496625615920567296,3866,2026-09-14T01:01:44,2026-09-14T02:06:52,0:0,160349,160349,drD_w4_k19_resume8h_mip,snavely-cpu-13,default_partition,15130,normal,Dependency,24G,0,s311M2F32QM500,2026-09-14T01:02:26,COMPLETED,2026-09-14T00:33:13,120,00:00:00,s311M2F32QM500|3496625615920567296|160349|2026-09-14T00:33:13|2026-09-14T01:02:26|0,w4_k19_resume8h_mip,scheduler_completed,default_overnight_diagnostics_20260914,False,42.0,160349_r0,0,explicit_restart,20,True,True,/home/nc437/ladder-lite/overnight_diagnostics_20260914/cases/w4_k19_resume8h_mip/attempts/160349_r0/result.json,9137a74573be707917e80031b161a62e4777d3786f7e36bf16ec4ad790134256,3600,True,COMPLETED
8,30912,3496625615920808960,3864,2026-09-14T01:48:20,2026-09-14T02:52:59,0:0,160350,160350,drD_w5_k19_resume8h_mip,snavely-cpu-11,default_partition,15130,normal,Dependency,24G,0,s311M2F32QVH00,2026-09-14T01:48:35,COMPLETED,2026-09-14T00:33:13,120,00:00:00,s311M2F32QVH00|3496625615920808960|160350|2026-09-14T00:33:13|2026-09-14T01:48:35|0,w5_k19_resume8h_mip,scheduler_completed,default_overnight_diagnostics_20260914,False,15.0,160350_r0,0,explicit_restart,19,True,True,/home/nc437/ladder-lite/overnight_diagnostics_20260914/cases/w5_k19_resume8h_mip/attempts/160350_r0/result.json,23f55b877605b967a9abf0e9a8b27a9b22fb396bc7b29246e28e14f50964dbc8,3600,True,COMPLETED
8,102832,3496625631178179584,12854,2026-09-14T04:41:33,2026-09-14T08:16:03,0:0,186672,186672,drR_w1_k19_newgap_longmip,jingjie-cpu-06,default_partition,14996,normal,None,24G,0,s311M2FH9EDH00,2026-09-14T04:41:49,COMPLETED,2026-09-14T04:41:33,270,00:00:00,s311M2FH9EDH00|3496625631178179584|186672|2026-09-14T04:41:33|2026-09-14T04:41:49|0,w1_k19_newgap_longmip,scheduler_completed,default_overnight_diagnostics_20260914,False,16.0,186672_r0,0,explicit_restart,19,True,True,/home/nc437/ladder-lite/mip_repeatability_20260914/cases/w1_k19_newgap_longmip/attempts/186672_r0/result.json,fad5ac257ee8dd6fc9fe4a9aa5ae395179abdd777d003cec51470d0f26843616,12600,True,COMPLETED
8,29888,3496625631178395648,3736,2026-09-14T04:41:33,2026-09-14T05:44:05,0:0,186673,186673,drR_w2_k17_original_budget_repeat1,jingjie-cpu-06,default_partition,14996,normal,None,24G,0,s311M2FH9EM400,2026-09-14T04:41:49,COMPLETED,2026-09-14T04:41:33,120,00:00:00,s311M2FH9EM400|3496625631178395648|186673|2026-09-14T04:41:33|2026-09-14T04:41:49|0,w2_k17_original_budget_repeat1,scheduler_completed,default_overnight_diagnostics_20260914,False,16.0,186673_r0,0,explicit_restart,17,True,True,/home/nc437/ladder-lite/mip_repeatability_20260914/cases/w2_k17_original_budget_repeat1/attempts/186673_r0/result.json,3da7fcef1cc30bf615be2da3ee215bc2c8029cb96151964ad170da4c9a6ab3eb,3600,True,COMPLETED
8,29872,3496625631178861568,3734,2026-09-14T04:41:34,2026-09-14T05:44:03,0:0,186674,186674,drR_w2_k17_original_budget_repeat2,jingjie-cpu-06,default_partition,14996,normal,None,24G,0,s311M2FH9F2B00,2026-09-14T04:41:49,COMPLETED,2026-09-14T04:41:34,120,00:00:00,s311M2FH9F2B00|3496625631178861568|186674|2026-09-14T04:41:34|2026-09-14T04:41:49|0,w2_k17_original_budget_repeat2,scheduler_completed,default_overnight_diagnostics_20260914,False,15.0,186674_r0,0,explicit_restart,17,True,True,/home/nc437/ladder-lite/mip_repeatability_20260914/cases/w2_k17_original_budget_repeat2/attempts/186674_r0/result.json,be7d9612a58eee7005026cb5fd16cc04bbe9c126d4c9f7e569830501ce8db859,3600,True,COMPLETED
8,29872,3496625631180239872,3734,2026-09-14T04:41:35,2026-09-14T05:44:03,0:0,186675,186675,drR_w2_k17_original_budget_repeat3,jingjie-cpu-06,default_partition,14996,normal,None,24G,0,s311M2FH9GCD00,2026-09-14T04:41:49,COMPLETED,2026-09-14T04:41:35,120,00:00:00,s311M2FH9GCD00|3496625631180239872|186675|2026-09-14T04:41:35|2026-09-14T04:41:49|0,w2_k17_original_budget_repeat3,scheduler_completed,default_overnight_diagnostics_20260914,False,14.0,186675_r0,0,explicit_restart,17,True,True,/home/nc437/ladder-lite/mip_repeatability_20260914/cases/w2_k17_original_budget_repeat3/attempts/186675_r0/result.json,6ac1279cbeb242f2ecc719b355c9c0bf247e3713c32289cd67001a3bfb055b34,3600,True,COMPLETED
8,29968,3496625631180460032,3746,2026-09-14T04:41:35,2026-09-14T05:44:15,0:0,186676,186676,drR_w2_k18_original_budget_repeat1,jingjie-cpu-06,default_partition,14996,normal,None,24G,0,s311M2FH9GK400,2026-09-14T04:41:49,COMPLETED,2026-09-14T04:41:35,120,00:00:00,s311M2FH9GK400|3496625631180460032|186676|2026-09-14T04:41:35|2026-09-14T04:41:49|0,w2_k18_original_budget_repeat1,scheduler_completed,default_overnight_diagnostics_20260914,False,14.0,186676_r0,0,explicit_restart,18,True,True,/home/nc437/ladder-lite/mip_repeatability_20260914/cases/w2_k18_original_budget_repeat1/attempts/186676_r0/result.json,e8fd49fce7ca13bcb862c05b76f00f261e48f8fa6128d59f0ac0f1d1d69000f8,3600,True,COMPLETED
8,30208,3496625631180575744,3776,2026-09-14T04:41:36,2026-09-14T05:44:45,0:0,186677,186677,drR_w2_k18_original_budget_repeat2,jingjie-cpu-01,default_partition,14996,normal,None,24G,0,s311M2FH9GPN00,2026-09-14T04:41:49,COMPLETED,2026-09-14T04:41:36,120,00:00:00,s311M2FH9GPN00|3496625631180575744|186677|2026-09-14T04:41:36|2026-09-14T04:41:49|0,w2_k18_original_budget_repeat2,scheduler_completed,default_overnight_diagnostics_20260914,False,13.0,186677_r0,0,explicit_restart,18,True,True,/home/nc437/ladder-lite/mip_repeatability_20260914/cases/w2_k18_original_budget_repeat2/attempts/186677_r0/result.json,87afce41338a3d9d253f7b0cf1a39c041f6113354b948b45333b13ba33e869a0,3600,True,COMPLETED
8,30448,3496625631180689408,3806,2026-09-14T04:41:36,2026-09-14T05:45:15,0:0,186678,186678,drR_w2_k18_original_budget_repeat3,jingjie-cpu-01,default_partition,14996,normal,None,24G,0,s311M2FH9GT400,2026-09-14T04:41:49,COMPLETED,2026-09-14T04:41:36,120,00:00:00,s311M2FH9GT400|3496625631180689408|186678|2026-09-14T04:41:36|2026-09-14T04:41:49|0,w2_k18_original_budget_repeat3,scheduler_completed,default_overnight_diagnostics_20260914,False,13.0,186678_r0,0,explicit_restart,18,True,True,/home/nc437/ladder-lite/mip_repeatability_20260914/cases/w2_k18_original_budget_repeat3/attempts/186678_r0/result.json,58ce3f96e9d0e5fa84c56e810f427e5b78be94462fda699b8745c4fd3ebd7e6f,3600,True,COMPLETED
8,30504,3496625631180794880,3813,2026-09-14T04:41:36,2026-09-14T05:45:22,0:0,186679,186679,drR_w2_k19_original_budget_repeat1,jingjie-cpu-01,default_partition,14996,normal,None,24G,0,s311M2FH9GXB00,2026-09-14T04:41:49,COMPLETED,2026-09-14T04:41:36,120,00:00:00,s311M2FH9GXB00|3496625631180794880|186679|2026-09-14T04:41:36|2026-09-14T04:41:49|0,w2_k19_original_budget_repeat1,scheduler_completed,default_overnight_diagnostics_20260914,False,13.0,186679_r0,0,explicit_restart,19,True,True,/home/nc437/ladder-lite/mip_repeatability_20260914/cases/w2_k19_original_budget_repeat1/attempts/186679_r0/result.json,75016e9472eedde14b7163dfe18169af14664d7bae61caf5d6d0ff54fe651eaa,3600,True,COMPLETED
8,30768,3496625631180909568,3846,2026-09-14T04:41:36,2026-09-14T05:45:55,0:0,186680,186680,drR_w2_k19_original_budget_repeat2,jingjie-cpu-01,default_partition,14996,normal,None,24G,0,s311M2FH9H0V00,2026-09-14T04:41:49,COMPLETED,2026-09-14T04:41:36,120,00:00:00,s311M2FH9H0V00|3496625631180909568|186680|2026-09-14T04:41:36|2026-09-14T04:41:49|0,w2_k19_original_budget_repeat2,scheduler_completed,default_overnight_diagnostics_20260914,False,13.0,186680_r0,0,explicit_restart,19,True,True,/home/nc437/ladder-lite/mip_repeatability_20260914/cases/w2_k19_original_budget_repeat2/attempts/186680_r0/result.json,155f1bf8f0e27f5922fc3e944a1e8e5921bab32e9017f0973cbc28f4592c6b86,3600,True,COMPLETED
8,30992,3496625631181034496,3874,2026-09-14T04:41:36,2026-09-14T05:46:23,0:0,186681,186681,drR_w2_k19_original_budget_repeat3,jingjie-cpu-01,default_partition,14996,normal,None,24G,0,s311M2FH9H4N00,2026-09-14T04:41:49,COMPLETED,2026-09-14T04:41:36,120,00:00:00,s311M2FH9H4N00|3496625631181034496|186681|2026-09-14T04:41:36|2026-09-14T04:41:49|0,w2_k19_original_budget_repeat3,scheduler_completed,default_overnight_diagnostics_20260914,False,13.0,186681_r0,0,explicit_restart,19,True,True,/home/nc437/ladder-lite/mip_repeatability_20260914/cases/w2_k19_original_budget_repeat3/attempts/186681_r0/result.json,ec89d3542c2f86c86c1d8fef3a28cfdc6081544e70560474e8ce56d334c51bbc,3600,True,COMPLETED
8,30320,3496625631181144064,3790,2026-09-14T04:41:36,2026-09-14T05:44:59,0:0,186682,186682,drR_w2_k20_original_budget_repeat1,jingjie-cpu-02,default_partition,14996,normal,None,24G,0,s311M2FH9H8000,2026-09-14T04:41:49,COMPLETED,2026-09-14T04:41:36,120,00:00:00,s311M2FH9H8000|3496625631181144064|186682|2026-09-14T04:41:36|2026-09-14T04:41:49|0,w2_k20_original_budget_repeat1,scheduler_completed,default_overnight_diagnostics_20260914,False,13.0,186682_r0,0,explicit_restart,20,True,True,/home/nc437/ladder-lite/mip_repeatability_20260914/cases/w2_k20_original_budget_repeat1/attempts/186682_r0/result.json,c28b02d8e08b6f57f1821d7ec9b9db305bf0531406ab6dd8ac876c10c407aefe,3600,True,COMPLETED
8,31056,3496625631181251584,3882,2026-09-14T04:41:36,2026-09-14T05:46:31,0:0,186683,186683,drR_w2_k20_original_budget_repeat2,jingjie-cpu-02,default_partition,14996,normal,None,24G,0,s311M2FH9HB900,2026-09-14T04:41:49,COMPLETED,2026-09-14T04:41:36,120,00:00:00,s311M2FH9HB900|3496625631181251584|186683|2026-09-14T04:41:36|2026-09-14T04:41:49|0,w2_k20_original_budget_repeat2,scheduler_completed,default_overnight_diagnostics_20260914,False,13.0,186683_r0,0,explicit_restart,20,True,True,/home/nc437/ladder-lite/mip_repeatability_20260914/cases/w2_k20_original_budget_repeat2/attempts/186683_r0/result.json,db39a19c18318fb7f47eac1b0a592b20b9ea6b02de3e3024882d7f110ac77d65,3600,True,COMPLETED
8,30568,3496625631181358080,3821,2026-09-14T04:41:36,2026-09-14T05:45:30,0:0,186684,186684,drR_w2_k20_original_budget_repeat3,jingjie-cpu-02,default_partition,14996,normal,None,24G,0,s311M2FH9HEH00,2026-09-14T04:41:49,COMPLETED,2026-09-14T04:41:36,120,00:00:00,s311M2FH9HEH00|3496625631181358080|186684|2026-09-14T04:41:36|2026-09-14T04:41:49|0,w2_k20_original_budget_repeat3,scheduler_completed,default_overnight_diagnostics_20260914,False,13.0,186684_r0,0,explicit_restart,20,True,True,/home/nc437/ladder-lite/mip_repeatability_20260914/cases/w2_k20_original_budget_repeat3/attempts/186684_r0/result.json,f3a27f521a768ffa444671123ede586c0d1cfe10ae3b3133e1ba5d608e3de15c,3600,True,COMPLETED
8,30440,3496625631181471744,3805,2026-09-14T04:41:36,2026-09-14T05:45:14,0:0,186685,186685,drR_w3_k19_original_budget_repeat1,jingjie-cpu-02,default_partition,14996,normal,None,24G,0,s311M2FH9HJ000,2026-09-14T04:41:49,COMPLETED,2026-09-14T04:41:36,120,00:00:00,s311M2FH9HJ000|3496625631181471744|186685|2026-09-14T04:41:36|2026-09-14T04:41:49|0,w3_k19_original_budget_repeat1,scheduler_completed,default_overnight_diagnostics_20260914,False,13.0,186685_r0,0,explicit_restart,20,True,True,/home/nc437/ladder-lite/mip_repeatability_20260914/cases/w3_k19_original_budget_repeat1/attempts/186685_r0/result.json,e3a2b0bd69753c1241b1fd4d3847162156118a1528a2ad3a91cbe38db7ec7484,3600,True,COMPLETED
8,29744,3496625631181813760,3718,2026-09-14T04:41:37,2026-09-14T05:43:47,0:0,186686,186686,drR_w3_k19_original_budget_repeat2,jingjie-cpu-02,default_partition,14996,normal,None,24G,0,s311M2FH9HWE00,2026-09-14T04:41:49,COMPLETED,2026-09-14T04:41:37,120,00:00:00,s311M2FH9HWE00|3496625631181813760|186686|2026-09-14T04:41:37|2026-09-14T04:41:49|0,w3_k19_original_budget_repeat2,scheduler_completed,default_overnight_diagnostics_20260914,False,12.0,186686_r0,0,explicit_restart,20,True,True,/home/nc437/ladder-lite/mip_repeatability_20260914/cases/w3_k19_original_budget_repeat2/attempts/186686_r0/result.json,f3e15a8a6b936630bc341d028f047be5279f61a897f691143b6cd72537a0c9b1,3600,True,COMPLETED
8,29720,3496625631182033920,3715,2026-09-14T04:41:37,2026-09-14T05:43:44,0:0,186687,186687,drR_w3_k19_original_budget_repeat3,jingjie-cpu-03,default_partition,14996,normal,None,24G,0,s311M2FH9J3500,2026-09-14T04:41:49,COMPLETED,2026-09-14T04:41:37,120,00:00:00,s311M2FH9J3500|3496625631182033920|186687|2026-09-14T04:41:37|2026-09-14T04:41:49|0,w3_k19_original_budget_repeat3,scheduler_completed,default_overnight_diagnostics_20260914,False,12.0,186687_r0,0,explicit_restart,20,True,True,/home/nc437/ladder-lite/mip_repeatability_20260914/cases/w3_k19_original_budget_repeat3/attempts/186687_r0/result.json,a63a1f8faa4ed7ab1d8018b8d403b292e21348a89645951802da51692cdfa006,3600,True,COMPLETED
8,30720,3496625631182261248,3840,2026-09-14T04:41:37,2026-09-14T05:45:49,0:0,186688,186688,drR_w3_k20_original_budget_repeat1,jingjie-cpu-03,default_partition,14996,normal,None,24G,0,s311M2FH9JA300,2026-09-14T04:41:49,COMPLETED,2026-09-14T04:41:37,120,00:00:00,s311M2FH9JA300|3496625631182261248|186688|2026-09-14T04:41:37|2026-09-14T04:41:49|0,w3_k20_original_budget_repeat1,scheduler_completed,default_overnight_diagnostics_20260914,False,12.0,186688_r0,0,explicit_restart,20,True,True,/home/nc437/ladder-lite/mip_repeatability_20260914/cases/w3_k20_original_budget_repeat1/attempts/186688_r0/result.json,f8ef36771d9e4e9639454a2a888d5a601b2635ae729aab0f73fd4bcd96b9a923,3600,True,COMPLETED
8,30504,3496625631182488576,3813,2026-09-14T04:41:37,2026-09-14T05:45:22,0:0,186689,186689,drR_w3_k20_original_budget_repeat2,jingjie-cpu-03,default_partition,14996,normal,None,24G,0,s311M2FH9JH100,2026-09-14T04:41:49,COMPLETED,2026-09-14T04:41:37,120,00:00:00,s311M2FH9JH100|3496625631182488576|186689|2026-09-14T04:41:37|2026-09-14T04:41:49|0,w3_k20_original_budget_repeat2,scheduler_completed,default_overnight_diagnostics_20260914,False,12.0,186689_r0,0,explicit_restart,20,True,True,/home/nc437/ladder-lite/mip_repeatability_20260914/cases/w3_k20_original_budget_repeat2/attempts/186689_r0/result.json,a4f4cf97949ecb1db2d50cc11df1e21b6b03cc254b47e63a2effdec18c9e687f,3600,True,COMPLETED
8,30248,3496625631182600192,3781,2026-09-14T04:41:38,2026-09-14T05:44:50,0:0,186690,186690,drR_w3_k20_original_budget_repeat3,jingjie-cpu-03,default_partition,14996,normal,None,24G,0,s311M2FH9JME00,2026-09-14T04:41:49,COMPLETED,2026-09-14T04:41:38,120,00:00:00,s311M2FH9JME00|3496625631182600192|186690|2026-09-14T04:41:38|2026-09-14T04:41:49|0,w3_k20_original_budget_repeat3,scheduler_completed,default_overnight_diagnostics_20260914,False,11.0,186690_r0,0,explicit_restart,20,True,True,/home/nc437/ladder-lite/mip_repeatability_20260914/cases/w3_k20_original_budget_repeat3/attempts/186690_r0/result.json,6a46887c7caa04727071bc502886de6ab88fb59d5f998428d0b9a4a34bb6d28f,3600,True,COMPLETED
8,30000,3496625631183322112,3750,2026-09-14T04:41:38,2026-09-14T05:44:19,0:0,186691,186691,drR_w3_k21_original_budget_repeat1,jingjie-cpu-03,default_partition,14996,normal,None,24G,0,s311M2FH9KAF00,2026-09-14T04:41:49,COMPLETED,2026-09-14T04:41:38,120,00:00:00,s311M2FH9KAF00|3496625631183322112|186691|2026-09-14T04:41:38|2026-09-14T04:41:49|0,w3_k21_original_budget_repeat1,scheduler_completed,default_overnight_diagnostics_20260914,False,11.0,186691_r0,0,explicit_restart,22,True,True,/home/nc437/ladder-lite/mip_repeatability_20260914/cases/w3_k21_original_budget_repeat1/attempts/186691_r0/result.json,8bb2663be0e8546c78237081fea767a0fb017729d9622fdea34c15e5b458d74f,3600,True,COMPLETED
8,29984,3496625631184217088,3748,2026-09-14T04:41:39,2026-09-14T05:44:17,0:0,186692,186692,drR_w3_k21_original_budget_repeat2,jingjie-cpu-19,default_partition,14996,normal,None,24G,0,s311M2FH9M5S00,2026-09-14T04:41:49,COMPLETED,2026-09-14T04:41:39,120,00:00:00,s311M2FH9M5S00|3496625631184217088|186692|2026-09-14T04:41:39|2026-09-14T04:41:49|0,w3_k21_original_budget_repeat2,scheduler_completed,default_overnight_diagnostics_20260914,False,10.0,186692_r0,0,explicit_restart,22,True,True,/home/nc437/ladder-lite/mip_repeatability_20260914/cases/w3_k21_original_budget_repeat2/attempts/186692_r0/result.json,ab6417c16d48fd327ba9fb5e007f0d8e7976e1fd14a7fcf58ce059e3e3e2ba95,3600,True,COMPLETED
8,29968,3496625631184435200,3746,2026-09-14T04:41:39,2026-09-14T05:44:15,0:0,186693,186693,drR_w3_k21_original_budget_repeat3,jingjie-cpu-19,default_partition,14996,normal,None,24G,0,s311M2FH9MCE00,2026-09-14T04:41:49,COMPLETED,2026-09-14T04:41:39,120,00:00:00,s311M2FH9MCE00|3496625631184435200|186693|2026-09-14T04:41:39|2026-09-14T04:41:49|0,w3_k21_original_budget_repeat3,scheduler_completed,default_overnight_diagnostics_20260914,False,10.0,186693_r0,0,explicit_restart,22,True,True,/home/nc437/ladder-lite/mip_repeatability_20260914/cases/w3_k21_original_budget_repeat3/attempts/186693_r0/result.json,96824b24f1694a2dca44f5dda11241bf1b823fcbbb895989734066589715f4e1,3600,True,COMPLETED
8,101944,3496625631184661504,12743,2026-09-14T04:41:40,2026-09-14T08:14:12,0:0,186694,186694,drR_w3_k22_newgap_longmip,jingjie-cpu-19,default_partition,14996,normal,None,24G,0,s311M2FH9MKB00,2026-09-14T04:41:49,COMPLETED,2026-09-14T04:41:40,270,00:00:00,s311M2FH9MKB00|3496625631184661504|186694|2026-09-14T04:41:40|2026-09-14T04:41:49|0,w3_k22_newgap_longmip,scheduler_completed,default_overnight_diagnostics_20260914,False,9.0,186694_r0,0,explicit_restart,22,True,True,/home/nc437/ladder-lite/mip_repeatability_20260914/cases/w3_k22_newgap_longmip/attempts/186694_r0/result.json,be2061ce9d355f03c750ec194a455aa2c5419d73f7b744e0f409f07f5b3528ae,12600,True,COMPLETED
8,101976,3496625631184778240,12747,2026-09-14T04:41:40,2026-09-14T08:14:16,0:0,186695,186695,drR_w3_k23_newgap_longmip,jingjie-cpu-20,default_partition,14996,normal,None,24G,0,s311M2FH9MPX00,2026-09-14T04:41:49,COMPLETED,2026-09-14T04:41:40,270,00:00:00,s311M2FH9MPX00|3496625631184778240|186695|2026-09-14T04:41:40|2026-09-14T04:41:49|0,w3_k23_newgap_longmip,scheduler_completed,default_overnight_diagnostics_20260914,False,9.0,186695_r0,0,explicit_restart,23,True,True,/home/nc437/ladder-lite/mip_repeatability_20260914/cases/w3_k23_newgap_longmip/attempts/186695_r0/result.json,6785a341cc9b44f9f674871337a0a5f6a7dd9861547f40c293b6a11e66652230,12600,True,COMPLETED
8,30016,3496625631184883712,3752,2026-09-14T04:41:40,2026-09-14T05:44:21,0:0,186696,186696,drR_w5_k19_original_budget_repeat1,jingjie-cpu-20,default_partition,14996,normal,None,24G,0,s311M2FH9MT400,2026-09-14T04:41:49,COMPLETED,2026-09-14T04:41:40,120,00:00:00,s311M2FH9MT400|3496625631184883712|186696|2026-09-14T04:41:40|2026-09-14T04:41:49|0,w5_k19_original_budget_repeat1,scheduler_completed,default_overnight_diagnostics_20260914,False,9.0,186696_r0,0,explicit_restart,19,True,True,/home/nc437/ladder-lite/mip_repeatability_20260914/cases/w5_k19_original_budget_repeat1/attempts/186696_r0/result.json,68699f9ed09e2fa8de8c7f410eb073a052931aa33128ef6889354a4521f9cc74,3600,True,COMPLETED
8,30312,3496625631185000448,3789,2026-09-14T04:41:40,2026-09-14T05:44:58,0:0,186697,186697,drR_w5_k19_original_budget_repeat2,jingjie-cpu-20,default_partition,14996,normal,None,24G,0,s311M2FH9MXP00,2026-09-14T04:41:49,COMPLETED,2026-09-14T04:41:40,120,00:00:00,s311M2FH9MXP00|3496625631185000448|186697|2026-09-14T04:41:40|2026-09-14T04:41:49|0,w5_k19_original_budget_repeat2,scheduler_completed,default_overnight_diagnostics_20260914,False,9.0,186697_r0,0,explicit_restart,19,True,True,/home/nc437/ladder-lite/mip_repeatability_20260914/cases/w5_k19_original_budget_repeat2/attempts/186697_r0/result.json,1d53ab61150ec7fed854698bf088437d78e0dce5a2b4dd38cdfaea23ea590043,3600,True,COMPLETED
8,30048,3496625631185230848,3756,2026-09-14T04:41:40,2026-09-14T05:44:25,0:0,186698,186698,drR_w5_k19_original_budget_repeat3,jingjie-cpu-20,default_partition,14996,normal,None,24G,0,s311M2FH9N4Q00,2026-09-14T04:41:49,COMPLETED,2026-09-14T04:41:40,120,00:00:00,s311M2FH9N4Q00|3496625631185230848|186698|2026-09-14T04:41:40|2026-09-14T04:41:49|0,w5_k19_original_budget_repeat3,scheduler_completed,default_overnight_diagnostics_20260914,False,9.0,186698_r0,0,explicit_restart,19,True,True,/home/nc437/ladder-lite/mip_repeatability_20260914/cases/w5_k19_original_budget_repeat3/attempts/186698_r0/result.json,ffc8bdce756a66dfb275cf6edc2b47071755609707e685be3219b162346346cf,3600,True,COMPLETED
8,29904,3496625631185459200,3738,2026-09-14T04:41:40,2026-09-14T05:44:07,0:0,186699,186699,drR_w6_k18_original_budget_repeat1,jingjie-cpu-20,default_partition,14996,normal,None,24G,0,s311M2FH9NBP00,2026-09-14T04:41:49,COMPLETED,2026-09-14T04:41:40,120,00:00:00,s311M2FH9NBP00|3496625631185459200|186699|2026-09-14T04:41:40|2026-09-14T04:41:49|0,w6_k18_original_budget_repeat1,scheduler_completed,default_overnight_diagnostics_20260914,False,9.0,186699_r0,0,explicit_restart,18,True,True,/home/nc437/ladder-lite/mip_repeatability_20260914/cases/w6_k18_original_budget_repeat1/attempts/186699_r0/result.json,4ae650120be85d1face9b075eba5a70b4b7cfb698586082200cb3e7f5d2b4ef8,3600,True,COMPLETED
8,30104,3496625631186802688,3763,2026-09-14T04:41:42,2026-09-14T05:44:32,0:0,186700,186700,drR_w6_k18_original_budget_repeat2,jingjie-cpu-21,default_partition,14996,normal,None,24G,0,s311M2FH9PMP00,2026-09-14T04:41:49,COMPLETED,2026-09-14T04:41:42,120,00:00:00,s311M2FH9PMP00|3496625631186802688|186700|2026-09-14T04:41:42|2026-09-14T04:41:49|0,w6_k18_original_budget_repeat2,scheduler_completed,default_overnight_diagnostics_20260914,False,7.0,186700_r0,0,explicit_restart,18,True,True,/home/nc437/ladder-lite/mip_repeatability_20260914/cases/w6_k18_original_budget_repeat2/attempts/186700_r0/result.json,3dcc0028eaedefa33b80a2a4f340860bb8802084b9c57a2df47c8330d6fd8262,3600,True,COMPLETED
8,30344,3496625631187033088,3793,2026-09-14T04:41:42,2026-09-14T05:45:02,0:0,186701,186701,drR_w6_k18_original_budget_repeat3,jingjie-cpu-21,default_partition,14996,normal,None,24G,0,s311M2FH9PVQ00,2026-09-14T04:41:49,COMPLETED,2026-09-14T04:41:42,120,00:00:00,s311M2FH9PVQ00|3496625631187033088|186701|2026-09-14T04:41:42|2026-09-14T04:41:49|0,w6_k18_original_budget_repeat3,scheduler_completed,default_overnight_diagnostics_20260914,False,7.0,186701_r0,0,explicit_restart,18,True,True,/home/nc437/ladder-lite/mip_repeatability_20260914/cases/w6_k18_original_budget_repeat3/attempts/186701_r0/result.json,7b067ff75696affdc3bad5675b23b82402775b31b1bc957ba9e3fab88503aa0b,3600,True,COMPLETED
8,1448,3496625645782074368,181,2026-09-15T02:13:04,Unknown,0:0,187969,187969,drX_w1_k26_mip,sablab-cpu-01,default_partition,14996,normal,Dependency,24G,0,s311M2FYWNS100,2026-09-15T02:13:38,RUNNING,2026-09-14T08:39:15,120,00:00:00,s311M2FYWNS100|3496625645782074368|187969|2026-09-14T08:39:15|2026-09-15T02:13:38|0,w1_k26,running_censored,default_chain_extension_3600,False,34.0,chain_extension_20260914,,legacy_single_initial_attempt,,,False,/home/nc437/ladder-lite/chain_extension_20260914/cases/w1_k26/mip_result.json,,3600,True,RUNNING
0,0,3496625645782737920,0,Unknown,Unknown,0:0,187971,187971,drX_w1_k27_mip,None assigned,default_partition,14996,normal,None,24G,0,s311M2FYWPD900,Unknown,PENDING,2026-09-14T08:39:16,120,00:00:00,s311M2FYWPD900|3496625645782737920|187971|2026-09-14T08:39:16|Unknown|0,w1_k27,not_started,default_chain_extension_3600,False,,chain_extension_20260914,,legacy_single_initial_attempt,,,False,/home/nc437/ladder-lite/chain_extension_20260914/cases/w1_k27/mip_result.json,,3600,False,PENDING
0,0,3496625645783775232,0,Unknown,Unknown,0:0,187973,187973,drX_w1_k28_mip,None assigned,default_partition,14996,normal,None,24G,0,s311M2FYWQCY00,Unknown,PENDING,2026-09-14T08:39:17,120,00:00:00,s311M2FYWQCY00|3496625645783775232|187973|2026-09-14T08:39:17|Unknown|0,w1_k28,not_started,default_chain_extension_3600,False,,chain_extension_20260914,,legacy_single_initial_attempt,,,False,/home/nc437/ladder-lite/chain_extension_20260914/cases/w1_k28/mip_result.json,,3600,False,PENDING
8,30616,3496625645787709440,3827,2026-09-14T22:51:57,2026-09-14T23:56:03,0:0,187975,187975,drX_w2_k26_mip,harpo,default_partition,14996,normal,Dependency,24G,0,s311M2FYWV5000,2026-09-14T22:52:16,COMPLETED,2026-09-14T08:39:20,120,00:00:00,s311M2FYWV5000|3496625645787709440|187975|2026-09-14T08:39:20|2026-09-14T22:52:16|0,w2_k26,scheduler_completed,default_chain_extension_3600,False,19.0,chain_extension_20260914,,legacy_single_initial_attempt,26,True,True,/home/nc437/ladder-lite/chain_extension_20260914/cases/w2_k26/mip_result.json,e63004183d3ed79f319e69ecd72eb3ec62ffed905b1f72812c6cfe08967d48d5,3600,True,COMPLETED
0,0,3496625645788215296,0,Unknown,Unknown,0:0,187977,187977,drX_w2_k27_mip,None assigned,default_partition,14996,normal,None,24G,0,s311M2FYWVME00,Unknown,PENDING,2026-09-14T08:39:21,120,00:00:00,s311M2FYWVME00|3496625645788215296|187977|2026-09-14T08:39:21|Unknown|0,w2_k27,not_started,default_chain_extension_3600,False,,chain_extension_20260914,,legacy_single_initial_attempt,,,False,/home/nc437/ladder-lite/chain_extension_20260914/cases/w2_k27/mip_result.json,,3600,False,PENDING
0,0,3496625645788753920,0,Unknown,Unknown,0:0,187979,187979,drX_w2_k28_mip,None assigned,default_partition,14996,normal,None,24G,0,s311M2FYWW4W00,Unknown,PENDING,2026-09-14T08:39:21,120,00:00:00,s311M2FYWW4W00|3496625645788753920|187979|2026-09-14T08:39:21|Unknown|0,w2_k28,not_started,default_chain_extension_3600,False,,chain_extension_20260914,,legacy_single_initial_attempt,,,False,/home/nc437/ladder-lite/chain_extension_20260914/cases/w2_k28/mip_result.json,,3600,False,PENDING
8,30480,3496625645791399936,3810,2026-09-14T18:55:14,2026-09-14T19:59:26,0:0,187981,187981,drX_w3_k26_mip,garg-cpu-02,default_partition,14996,normal,Dependency,24G,0,s311M2FYWYNM00,2026-09-14T18:55:56,COMPLETED,2026-09-14T08:39:24,120,00:00:00,s311M2FYWYNM00|3496625645791399936|187981|2026-09-14T08:39:24|2026-09-14T18:55:56|0,w3_k26,scheduler_completed,default_chain_extension_3600,False,42.0,chain_extension_20260914,,legacy_single_initial_attempt,26,True,True,/home/nc437/ladder-lite/chain_extension_20260914/cases/w3_k26/mip_result.json,8d84a5d97a71b8d95f5d258a760c032de82a0d1e8274ebeffb7ad52a03e2d6f2,3600,True,COMPLETED
8,30752,3496625645791937536,3844,2026-09-14T20:55:44,2026-09-14T22:00:02,0:0,187983,187983,drX_w3_k27_mip,unicorn-cpu-75,default_partition,14996,normal,Dependency,24G,0,s311M2FYWZ6100,2026-09-14T20:55:58,COMPLETED,2026-09-14T08:39:24,120,00:00:00,s311M2FYWZ6100|3496625645791937536|187983|2026-09-14T08:39:24|2026-09-14T20:55:58|0,w3_k27,scheduler_completed,default_chain_extension_3600,False,14.0,chain_extension_20260914,,legacy_single_initial_attempt,27,True,True,/home/nc437/ladder-lite/chain_extension_20260914/cases/w3_k27/mip_result.json,10294e8a2bb4d32e5cd52b30ff81ad0be67cb0c9451fd57e4cc0c674f37900ff,3600,True,COMPLETED
8,30912,3496625645792406528,3864,2026-09-15T00:57:24,2026-09-15T02:01:52,0:0,187985,187985,drX_w3_k28_mip,unicorn-cpu-74,default_partition,14996,normal,Dependency,24G,0,s311M2FYWZMB00,2026-09-15T00:57:28,COMPLETED,2026-09-14T08:39:25,120,00:00:00,s311M2FYWZMB00|3496625645792406528|187985|2026-09-14T08:39:25|2026-09-15T00:57:28|0,w3_k28,scheduler_completed,default_chain_extension_3600,False,4.0,chain_extension_20260914,,legacy_single_initial_attempt,29,True,True,/home/nc437/ladder-lite/chain_extension_20260914/cases/w3_k28/mip_result.json,60b2e1ed6328fc998fa52df58b9de2448400607abf7f523e152e77ef03ccb882,3600,True,COMPLETED
8,31128,3496625645792828416,3891,2026-09-15T00:13:22,2026-09-15T01:18:16,0:0,187987,187987,drX_w4_k26_mip,totient-cpu-02,default_partition,14996,normal,Dependency,24G,0,s311M2FYX01700,2026-09-15T00:13:25,COMPLETED,2026-09-14T08:39:25,120,00:00:00,s311M2FYX01700|3496625645792828416|187987|2026-09-14T08:39:25|2026-09-15T00:13:25|0,w4_k26,scheduler_completed,default_chain_extension_3600,False,3.0,chain_extension_20260914,,legacy_single_initial_attempt,26,True,True,/home/nc437/ladder-lite/chain_extension_20260914/cases/w4_k26/mip_result.json,4c792dae0a8d0d178ceb040d0c162454f0898a129f943bf9af69560a9efe8c25,3600,True,COMPLETED
0,0,3496625645793245184,0,Unknown,Unknown,0:0,187989,187989,drX_w4_k27_mip,None assigned,default_partition,14996,normal,None,24G,0,s311M2FYX0DY00,Unknown,PENDING,2026-09-14T08:39:26,120,00:00:00,s311M2FYX0DY00|3496625645793245184|187989|2026-09-14T08:39:26|Unknown|0,w4_k27,not_started,default_chain_extension_3600,False,,chain_extension_20260914,,legacy_single_initial_attempt,,,False,/home/nc437/ladder-lite/chain_extension_20260914/cases/w4_k27/mip_result.json,,3600,False,PENDING
0,0,3496625645793739776,0,Unknown,Unknown,0:0,187991,187991,drX_w4_k28_mip,None assigned,default_partition,14996,normal,None,24G,0,s311M2FYX0X100,Unknown,PENDING,2026-09-14T08:39:26,120,00:00:00,s311M2FYX0X100|3496625645793739776|187991|2026-09-14T08:39:26|Unknown|0,w4_k28,not_started,default_chain_extension_3600,False,,chain_extension_20260914,,legacy_single_initial_attempt,,,False,/home/nc437/ladder-lite/chain_extension_20260914/cases/w4_k28/mip_result.json,,3600,False,PENDING
8,31280,3496625645794167808,3910,2026-09-15T00:06:46,2026-09-15T01:12:34,0:0,187993,187993,drX_w5_k26_mip,totient-cpu-01,default_partition,14996,normal,Dependency,24G,0,s311M2FYX1A300,2026-09-15T00:07:24,COMPLETED,2026-09-14T08:39:27,120,00:00:00,s311M2FYX1A300|3496625645794167808|187993|2026-09-14T08:39:27|2026-09-15T00:07:24|0,w5_k26,scheduler_completed,default_chain_extension_3600,False,38.0,chain_extension_20260914,,legacy_single_initial_attempt,26,True,True,/home/nc437/ladder-lite/chain_extension_20260914/cases/w5_k26/mip_result.json,4b8331ba7c79bb0de9413fe25923d71c8556dfb709ca028d3509bb56c0a6f802,3600,True,COMPLETED
0,0,3496625645794585600,0,Unknown,Unknown,0:0,187995,187995,drX_w5_k27_mip,None assigned,default_partition,14996,normal,None,24G,0,s311M2FYX1PV00,Unknown,PENDING,2026-09-14T08:39:27,120,00:00:00,s311M2FYX1PV00|3496625645794585600|187995|2026-09-14T08:39:27|Unknown|0,w5_k27,not_started,default_chain_extension_3600,False,,chain_extension_20260914,,legacy_single_initial_attempt,,,False,/home/nc437/ladder-lite/chain_extension_20260914/cases/w5_k27/mip_result.json,,3600,False,PENDING
0,0,3496625645795107840,0,Unknown,Unknown,0:0,187997,187997,drX_w5_k28_mip,None assigned,default_partition,14996,normal,None,24G,0,s311M2FYX26S00,Unknown,PENDING,2026-09-14T08:39:28,120,00:00:00,s311M2FYX26S00|3496625645795107840|187997|2026-09-14T08:39:28|Unknown|0,w5_k28,not_started,default_chain_extension_3600,False,,chain_extension_20260914,,legacy_single_initial_attempt,,,False,/home/nc437/ladder-lite/chain_extension_20260914/cases/w5_k28/mip_result.json,,3600,False,PENDING
8,31448,3496625645795532800,3931,2026-09-14T19:09:02,2026-09-14T20:15:33,0:0,187999,187999,drX_w6_k26_mip,unicorn-cpu-75,default_partition,14996,normal,Dependency,24G,0,s311M2FYX2KR00,2026-09-14T19:10:02,COMPLETED,2026-09-14T08:39:28,120,00:00:00,s311M2FYX2KR00|3496625645795532800|187999|2026-09-14T08:39:28|2026-09-14T19:10:02|0,w6_k26,scheduler_completed,default_chain_extension_3600,False,60.0,chain_extension_20260914,,legacy_single_initial_attempt,26,True,True,/home/nc437/ladder-lite/chain_extension_20260914/cases/w6_k26/mip_result.json,e5be7dffb10b3973f625f88256a39f60841d17de43234c1be05c414f3e6ead1f,3600,True,COMPLETED
8,31784,3496625645795978240,3973,2026-09-14T23:13:09,2026-09-15T00:19:30,0:0,188001,188001,drX_w6_k27_mip,snavely-cpu-11,default_partition,14996,normal,Dependency,24G,0,s311M2FYX31B00,2026-09-14T23:13:17,COMPLETED,2026-09-14T08:39:28,120,00:00:00,s311M2FYX31B00|3496625645795978240|188001|2026-09-14T08:39:28|2026-09-14T23:13:17|0,w6_k27,scheduler_completed,default_chain_extension_3600,False,8.0,chain_extension_20260914,,legacy_single_initial_attempt,27,True,True,/home/nc437/ladder-lite/chain_extension_20260914/cases/w6_k27/mip_result.json,b5d2bd18db19a9b5fe1947b436f313f5f5fc5bb61f94055b362ac00fcb1792cd,3600,True,COMPLETED
0,0,3496625645797511168,0,Unknown,Unknown,0:0,188004,188004,drX_w6_k28_mip,None assigned,default_partition,14996,normal,None,24G,0,s311M2FYX4G400,Unknown,PENDING,2026-09-14T08:39:30,120,00:00:00,s311M2FYX4G400|3496625645797511168|188004|2026-09-14T08:39:30|Unknown|0,w6_k28,not_started,default_chain_extension_3600,False,,chain_extension_20260914,,legacy_single_initial_attempt,,,False,/home/nc437/ladder-lite/chain_extension_20260914/cases/w6_k28/mip_result.json,,3600,False,PENDING
8,103544,3496625646234665984,12943,2026-09-14T08:46:37,2026-09-14T12:22:43,0:0,188041,188041,drP_c1_k08_c200_longmip,snavely-cpu-09,default_partition,14996,normal,None,24G,0,s311M2FZA5D100,2026-09-14T08:47:00,COMPLETED,2026-09-14T08:46:37,270,00:00:00,s311M2FZA5D100|3496625646234665984|188041|2026-09-14T08:46:37|2026-09-14T08:47:00|0,c1_k08_c200_longmip,scheduler_completed,default_overnight_diagnostics_20260914,False,23.0,188041_r0,0,explicit_restart,9,True,True,/home/nc437/ladder-lite/parallel_pool_followup_20260914/cases/c1_k08_c200_longmip/attempts/188041_r0/result.json,7702f9c0486e16208bdc528df413a193ff6beac32328b99ef64857c1005d5de1,12600,True,COMPLETED
8,101936,3496625646234775552,12742,2026-09-14T08:46:37,2026-09-14T12:19:22,0:0,188042,188042,drP_c2_k08_c200_longmip,snavely-cpu-12,default_partition,14996,normal,None,24G,0,s311M2FZA5GC00,2026-09-14T08:47:00,COMPLETED,2026-09-14T08:46:37,270,00:00:00,s311M2FZA5GC00|3496625646234775552|188042|2026-09-14T08:46:37|2026-09-14T08:47:00|0,c2_k08_c200_longmip,scheduler_completed,default_overnight_diagnostics_20260914,False,23.0,188042_r0,0,explicit_restart,9,True,True,/home/nc437/ladder-lite/parallel_pool_followup_20260914/cases/c2_k08_c200_longmip/attempts/188042_r0/result.json,65f7ec55c21f0e802d82722737df43e19cea9a549fdc955b96f2d33c56a8b176,12600,True,COMPLETED
8,101096,3496625646234888192,12637,2026-09-14T08:46:37,2026-09-14T12:17:37,0:0,188043,188043,drP_c2_k08_complementary_longmip,snavely-cpu-13,default_partition,14996,normal,None,24G,0,s311M2FZA5KT00,2026-09-14T08:47:00,COMPLETED,2026-09-14T08:46:37,270,00:00:00,s311M2FZA5KT00|3496625646234888192|188043|2026-09-14T08:46:37|2026-09-14T08:47:00|0,c2_k08_complementary_longmip,scheduler_completed,default_overnight_diagnostics_20260914,False,23.0,188043_r0,0,explicit_restart,9,True,True,/home/nc437/ladder-lite/parallel_pool_followup_20260914/cases/c2_k08_complementary_longmip/attempts/188043_r0/result.json,29a36e4d29b451faf487c01cb1238e74a8af9115140d426a5edd7ecca0419c7c,12600,True,COMPLETED
8,104896,3496625646235000832,13112,2026-09-14T08:46:37,2026-09-14T12:25:32,0:0,188044,188044,drP_c4_k08_c200_longmip,snavely-cpu-14,default_partition,14996,normal,None,24G,0,s311M2FZA5Q800,2026-09-14T08:47:00,COMPLETED,2026-09-14T08:46:37,270,00:00:00,s311M2FZA5Q800|3496625646235000832|188044|2026-09-14T08:46:37|2026-09-14T08:47:00|0,c4_k08_c200_longmip,scheduler_completed,default_overnight_diagnostics_20260914,False,23.0,188044_r0,0,explicit_restart,9,True,True,/home/nc437/ladder-lite/parallel_pool_followup_20260914/cases/c4_k08_c200_longmip/attempts/188044_r0/result.json,1ea6de48c9382c6656a070957672cd670d906e36e7cf9073deec973b5563d8d8,12600,True,COMPLETED
8,101760,3496625646235307008,12720,2026-09-14T08:46:37,2026-09-14T12:19:00,0:0,188045,188045,drP_c4_k08_complementary_longmip,snavely-cpu-15,default_partition,14996,normal,None,24G,0,s311M2FZA60K00,2026-09-14T08:47:00,COMPLETED,2026-09-14T08:46:37,270,00:00:00,s311M2FZA60K00|3496625646235307008|188045|2026-09-14T08:46:37|2026-09-14T08:47:00|0,c4_k08_complementary_longmip,scheduler_completed,default_overnight_diagnostics_20260914,False,23.0,188045_r0,0,explicit_restart,9,True,True,/home/nc437/ladder-lite/parallel_pool_followup_20260914/cases/c4_k08_complementary_longmip/attempts/188045_r0/result.json,c34b2609fa61fd0b1b2bcd00f4156fa3a85a8a10b8db68c1df2438abcef08af9,12600,True,COMPLETED
8,102880,3496625646235565056,12860,2026-09-14T08:46:38,2026-09-14T12:21:20,0:0,188046,188046,drP_c5_k08_c200_longmip,snavely-cpu-15,default_partition,14996,normal,None,24G,0,s311M2FZA68F00,2026-09-14T08:47:00,COMPLETED,2026-09-14T08:46:38,270,00:00:00,s311M2FZA68F00|3496625646235565056|188046|2026-09-14T08:46:38|2026-09-14T08:47:00|0,c5_k08_c200_longmip,scheduler_completed,default_overnight_diagnostics_20260914,False,22.0,188046_r0,0,explicit_restart,9,True,True,/home/nc437/ladder-lite/parallel_pool_followup_20260914/cases/c5_k08_c200_longmip/attempts/188046_r0/result.json,bb1b3fd57d75f2dc9188272e8565da3251348638befb1eacdedf4596065e23d3,12600,True,COMPLETED
8,103144,3496625646235679744,12893,2026-09-14T08:46:38,2026-09-14T12:21:53,0:0,188047,188047,drP_c5_k10_c200_longmip,snavely-cpu-16,default_partition,14996,normal,None,24G,0,s311M2FZA6BZ00,2026-09-14T08:47:00,COMPLETED,2026-09-14T08:46:38,270,00:00:00,s311M2FZA6BZ00|3496625646235679744|188047|2026-09-14T08:46:38|2026-09-14T08:47:00|0,c5_k10_c200_longmip,scheduler_completed,default_overnight_diagnostics_20260914,False,22.0,188047_r0,0,explicit_restart,11,True,True,/home/nc437/ladder-lite/parallel_pool_followup_20260914/cases/c5_k10_c200_longmip/attempts/188047_r0/result.json,522dcf534426031b136f8c920a17ebb43b17f832816f72c77fb845ec788e3105,12600,True,COMPLETED
8,101184,3496625646236018688,12648,2026-09-14T08:46:38,2026-09-14T12:17:48,0:0,188048,188048,drP_c5_k10_complementary_longmip,unicorn-cpu-01,default_partition,14996,normal,None,24G,0,s311M2FZA6PA00,2026-09-14T08:47:00,COMPLETED,2026-09-14T08:46:38,270,00:00:00,s311M2FZA6PA00|3496625646236018688|188048|2026-09-14T08:46:38|2026-09-14T08:47:00|0,c5_k10_complementary_longmip,scheduler_completed,default_overnight_diagnostics_20260914,False,22.0,188048_r0,0,explicit_restart,11,True,True,/home/nc437/ladder-lite/parallel_pool_followup_20260914/cases/c5_k10_complementary_longmip/attempts/188048_r0/result.json,b574b33565c35fc0b4af4c40fd377b315bc35f6bfda6e3191663620ed3c174ab,12600,True,COMPLETED
8,101880,3496625646236236800,12735,2026-09-14T08:46:38,2026-09-14T12:19:15,0:0,188049,188049,drP_c6_k10_c200_longmip,unicorn-cpu-01,default_partition,14996,normal,None,24G,0,s311M2FZA6WZ00,2026-09-14T08:47:00,COMPLETED,2026-09-14T08:46:38,270,00:00:00,s311M2FZA6WZ00|3496625646236236800|188049|2026-09-14T08:46:38|2026-09-14T08:47:00|0,c6_k10_c200_longmip,scheduler_completed,default_overnight_diagnostics_20260914,False,22.0,188049_r0,0,explicit_restart,11,True,True,/home/nc437/ladder-lite/parallel_pool_followup_20260914/cases/c6_k10_c200_longmip/attempts/188049_r0/result.json,fb9df62226fedfac0c369ec578c57a88d6a2f38950ba94ed0bc68695959d2e66,12600,True,COMPLETED
8,101112,3496625646236351488,12639,2026-09-14T08:46:38,2026-09-14T12:17:39,0:0,188050,188050,drP_c6_k10_complementary_longmip,luxlab-cpu-02,default_partition,14996,normal,None,24G,0,s311M2FZA70F00,2026-09-14T08:47:00,COMPLETED,2026-09-14T08:46:38,270,00:00:00,s311M2FZA70F00|3496625646236351488|188050|2026-09-14T08:46:38|2026-09-14T08:47:00|0,c6_k10_complementary_longmip,scheduler_completed,default_overnight_diagnostics_20260914,False,22.0,188050_r0,0,explicit_restart,11,True,True,/home/nc437/ladder-lite/parallel_pool_followup_20260914/cases/c6_k10_complementary_longmip/attempts/188050_r0/result.json,f069132ed2498c6d063909d98ebbe966da12977ac959c71ae6d01e9436ca0c03,12600,True,COMPLETED
8,102440,3496625646236464128,12805,2026-09-14T08:46:39,2026-09-14T12:20:25,0:0,188051,188051,drP_w2_k25_longmip,sonic-cpu-01,default_partition,14996,normal,None,24G,0,s311M2FZA73X00,2026-09-14T08:47:00,COMPLETED,2026-09-14T08:46:39,270,00:00:00,s311M2FZA73X00|3496625646236464128|188051|2026-09-14T08:46:39|2026-09-14T08:47:00|0,w2_k25_longmip,scheduler_completed,default_overnight_diagnostics_20260914,False,21.0,188051_r0,0,explicit_restart,25,True,True,/home/nc437/ladder-lite/parallel_pool_followup_20260914/cases/w2_k25_longmip/attempts/188051_r0/result.json,87c52d4a7855a94650a481f19af8a6bf445bcd4ea800ae98555a0601a849d175,12600,True,COMPLETED
8,102408,3496625646236569600,12801,2026-09-14T08:46:39,2026-09-14T12:20:21,0:0,188052,188052,drP_w4_k19_resumed_pool_longmip,sonic-cpu-01,default_partition,14996,normal,None,24G,0,s311M2FZA77400,2026-09-14T08:47:00,COMPLETED,2026-09-14T08:46:39,270,00:00:00,s311M2FZA77400|3496625646236569600|188052|2026-09-14T08:46:39|2026-09-14T08:47:00|0,w4_k19_resumed_pool_longmip,scheduler_completed,default_overnight_diagnostics_20260914,False,21.0,188052_r0,0,explicit_restart,19,True,True,/home/nc437/ladder-lite/parallel_pool_followup_20260914/cases/w4_k19_resumed_pool_longmip/attempts/188052_r0/result.json,493883ebc6cf58eb1e6a64a77fb020fbaa19d06aa3bddb31d97208494f8505fe,12600,True,COMPLETED
8,102464,3496625646236683264,12808,2026-09-14T08:46:39,2026-09-14T12:20:28,0:0,188053,188053,drP_w4_k22_longmip,sonic-cpu-02,default_partition,14996,normal,None,24G,0,s311M2FZA7AK00,2026-09-14T08:47:00,COMPLETED,2026-09-14T08:46:39,270,00:00:00,s311M2FZA7AK00|3496625646236683264|188053|2026-09-14T08:46:39|2026-09-14T08:47:00|0,w4_k22_longmip,scheduler_completed,default_overnight_diagnostics_20260914,False,21.0,188053_r0,0,explicit_restart,22,True,True,/home/nc437/ladder-lite/parallel_pool_followup_20260914/cases/w4_k22_longmip/attempts/188053_r0/result.json,715cda9c3503a588051c7fa7e35e88755c83b7bd1298b3d67ff6932cae71e383,12600,True,COMPLETED
8,102448,3496625646236792832,12806,2026-09-14T08:46:39,2026-09-14T12:20:26,0:0,188054,188054,drP_w6_k23_longmip,sonic-cpu-02,default_partition,14996,normal,None,24G,0,s311M2FZA7DY00,2026-09-14T08:47:00,COMPLETED,2026-09-14T08:46:39,270,00:00:00,s311M2FZA7DY00|3496625646236792832|188054|2026-09-14T08:46:39|2026-09-14T08:47:00|0,w6_k23_longmip,scheduler_completed,default_overnight_diagnostics_20260914,False,21.0,188054_r0,0,explicit_restart,23,True,True,/home/nc437/ladder-lite/parallel_pool_followup_20260914/cases/w6_k23_longmip/attempts/188054_r0/result.json,2d9c1bde5f2c0b7a2f678924f14945c93e0501df6f11e20525746bebbad4096d,12600,True,COMPLETED
8,103680,3496625647014325248,12960,2026-09-14T09:02:35,2026-09-14T12:39:16,0:0,188099,188099,drU_c1_k08_union_mip,totient-cpu-05,default_partition,14996,normal,Dependency,24G,0,s311M2G01CYB00,2026-09-14T09:03:16,COMPLETED,2026-09-14T08:59:18,270,00:00:00,s311M2G01CYB00|3496625647014325248|188099|2026-09-14T08:59:18|2026-09-14T09:03:16|0,c1_k08_union_mip,scheduler_completed,default_overnight_diagnostics_20260914,False,41.0,188099_r0,0,explicit_restart,9,True,True,/home/nc437/ladder-lite/parallel_pool_unions_20260914/cases/c1_k08_union_mip/attempts/188099_r0/result.json,8fff80794e5eeb79a3b8a93af651875eb1801a29175e64a604001229d04b4862,12600,True,COMPLETED
8,101952,3496625647014558720,12744,2026-09-14T09:01:16,2026-09-14T12:33:40,0:0,188100,188100,drU_c2_k08_union_mip,totient-cpu-02,default_partition,14996,normal,Dependency,24G,0,s311M2G01D5F00,2026-09-14T09:01:16,COMPLETED,2026-09-14T08:59:18,270,00:00:00,s311M2G01D5F00|3496625647014558720|188100|2026-09-14T08:59:18|2026-09-14T09:01:16|0,c2_k08_union_mip,scheduler_completed,default_overnight_diagnostics_20260914,False,0.0,188100_r0,0,explicit_restart,8,True,True,/home/nc437/ladder-lite/parallel_pool_unions_20260914/cases/c2_k08_union_mip/attempts/188100_r0/result.json,25e7c76f5ac3d12fa9ec4c3761e9d2b525f07b944f2d0f3586eeeec27bc4675e,12600,True,COMPLETED
8,103832,3496625647014789120,12979,2026-09-14T09:03:16,2026-09-14T12:39:35,0:0,188101,188101,drU_c4_k08_union_mip,totient-cpu-06,default_partition,14996,normal,Dependency,24G,0,s311M2G01DCG00,2026-09-14T09:03:16,COMPLETED,2026-09-14T08:59:19,270,00:00:00,s311M2G01DCG00|3496625647014789120|188101|2026-09-14T08:59:19|2026-09-14T09:03:16|0,c4_k08_union_mip,scheduler_completed,default_overnight_diagnostics_20260914,False,0.0,188101_r0,0,explicit_restart,9,True,True,/home/nc437/ladder-lite/parallel_pool_unions_20260914/cases/c4_k08_union_mip/attempts/188101_r0/result.json,966f82522a4a427262785db73d81ecfafd8a25dc1a00a84aa443ff275515cd6f,12600,True,COMPLETED
8,102704,3496625647014903808,12838,2026-09-14T09:02:01,2026-09-14T12:36:14,0:0,188102,188102,drU_c5_k08_union_mip,totient-cpu-04,default_partition,14996,normal,Dependency,24G,0,s311M2G01DG000,2026-09-14T09:02:16,COMPLETED,2026-09-14T08:59:19,270,00:00:00,s311M2G01DG000|3496625647014903808|188102|2026-09-14T08:59:19|2026-09-14T09:02:16|0,c5_k08_union_mip,scheduler_completed,default_overnight_diagnostics_20260914,False,15.0,188102_r0,0,explicit_restart,8,True,True,/home/nc437/ladder-lite/parallel_pool_unions_20260914/cases/c5_k08_union_mip/attempts/188102_r0/result.json,8e6190daa755189f00256abcf063fbf30b6d69ac34467389995d58a9427dde9e,12600,True,COMPLETED
8,103640,3496625647015029760,12955,2026-09-14T09:01:27,2026-09-14T12:37:26,0:0,188103,188103,drU_c5_k10_union_mip,luxlab-cpu-03,default_partition,14996,normal,Dependency,24G,0,s311M2G01DKV00,2026-09-14T09:01:31,COMPLETED,2026-09-14T08:59:19,270,00:00:00,s311M2G01DKV00|3496625647015029760|188103|2026-09-14T08:59:19|2026-09-14T09:01:31|0,c5_k10_union_mip,scheduler_completed,default_overnight_diagnostics_20260914,False,4.0,188103_r0,0,explicit_restart,10,True,True,/home/nc437/ladder-lite/parallel_pool_unions_20260914/cases/c5_k10_union_mip/attempts/188103_r0/result.json,bb168fda5be0ed9fe5f1314012642968f995ac4cbfcb588517555b2f829643b6,12600,True,COMPLETED
8,102368,3496625647015157760,12796,2026-09-14T09:01:16,2026-09-14T12:34:32,0:0,188104,188104,drU_c6_k10_union_mip,totient-cpu-03,default_partition,14996,normal,Dependency,24G,0,s311M2G01DQR00,2026-09-14T09:01:16,COMPLETED,2026-09-14T08:59:19,270,00:00:00,s311M2G01DQR00|3496625647015157760|188104|2026-09-14T08:59:19|2026-09-14T09:01:16|0,c6_k10_union_mip,scheduler_completed,default_overnight_diagnostics_20260914,False,0.0,188104_r0,0,explicit_restart,11,True,True,/home/nc437/ladder-lite/parallel_pool_unions_20260914/cases/c6_k10_union_mip/attempts/188104_r0/result.json,0c117e1104ad47f8df7abd8f3d2cde232002c9eb48af5f6de64e98d44c5b8120,12600,True,COMPLETED
8,48,3496625661754889216,6,2026-09-14T12:59:59,2026-09-14T13:00:06,0:0,189154,189154,seedSmoke_c1_k08_integer_mip,snavely-cpu-12,default_partition,14998,normal,Dependency,24G,0,s311M2GDRPMN00,2026-09-14T13:00:00,COMPLETED,2026-09-14T12:59:13,60,00:00:00,s311M2GDRPMN00|3496625661754889216|189154|2026-09-14T12:59:13|2026-09-14T13:00:00|0,c1_k08_integer_mip,scheduler_completed,validation_overnight_diagnostics_20260914,False,1.0,189154_r0,0,explicit_restart,10,True,True,/home/nc437/ladder-lite/overnight_parallel_20260914_smoke/cases/c1_k08_integer_mip/attempts/189154_r0/result.json,741f0901008aeef1e0f77847621c487989636f83671627f7bf3b78a4154e0773,30,True,COMPLETED
8,40,3496625661756716032,5,2026-09-14T12:59:59,2026-09-14T13:00:06,0:0,189155,189155,seedSmoke_c1_k08_lpweight_mip,snavely-cpu-13,default_partition,14998,normal,Dependency,24G,0,s311M2GDRRCD00,2026-09-14T13:00:01,COMPLETED,2026-09-14T12:59:15,60,00:00:00,s311M2GDRRCD00|3496625661756716032|189155|2026-09-14T12:59:15|2026-09-14T13:00:01|0,c1_k08_lpweight_mip,scheduler_completed,validation_overnight_diagnostics_20260914,False,2.0,189155_r0,0,explicit_restart,51,True,True,/home/nc437/ladder-lite/overnight_parallel_20260914_smoke/cases/c1_k08_lpweight_mip/attempts/189155_r0/result.json,aec03cc374455f44f0f66c93c5af3ad4a8400638d94cab2e3675a929245072aa,30,True,COMPLETED
8,101440,3496625661939247104,12680,2026-09-14T14:17:15,2026-09-14T17:48:35,0:0,189208,189208,drSeed_c1_k08_integer_mip,garg-cpu-02,default_partition,14998,normal,Dependency,24G,0,s311M2GDY6ET00,2026-09-14T14:17:15,COMPLETED,2026-09-14T13:02:13,270,00:00:00,s311M2GDY6ET00|3496625661939247104|189208|2026-09-14T13:02:13|2026-09-14T14:17:15|0,c1_k08_integer_mip,scheduler_completed,default_overnight_diagnostics_20260914,False,0.0,189208_r0,0,explicit_restart,9,True,True,/home/nc437/ladder-lite/overnight_parallel_20260914/cases/c1_k08_integer_mip/attempts/189208_r0/result.json,9d4bde57f9a7b7e4d1c0a5577da7a1765f0766ee51786c3a2972271a781b8b9f,12600,True,COMPLETED
8,101400,3496625661939366912,12675,2026-09-14T14:17:22,2026-09-14T17:49:30,0:0,189209,189209,drSeed_c1_k08_lpweight_mip,unicorn-cpu-75,default_partition,14998,normal,Dependency,24G,0,s311M2GDY6JF00,2026-09-14T14:18:15,COMPLETED,2026-09-14T13:02:13,270,00:00:00,s311M2GDY6JF00|3496625661939366912|189209|2026-09-14T13:02:13|2026-09-14T14:18:15|0,c1_k08_lpweight_mip,scheduler_completed,default_overnight_diagnostics_20260914,False,53.0,189209_r0,0,explicit_restart,9,True,True,/home/nc437/ladder-lite/overnight_parallel_20260914/cases/c1_k08_lpweight_mip/attempts/189209_r0/result.json,f82e2e500d9c772f7c789b726f2fb86851ccb4223cf0667f3bea1ff5f9b250ee,12600,True,COMPLETED
8,101392,3496625661939485696,12674,2026-09-14T14:45:17,2026-09-14T18:16:31,0:0,189210,189210,drSeed_c1_k10_integer_mip,jingjie-cpu-07,default_partition,14998,normal,Dependency,24G,0,s311M2GDY6P300,2026-09-14T14:45:17,COMPLETED,2026-09-14T13:02:14,270,00:00:00,s311M2GDY6P300|3496625661939485696|189210|2026-09-14T13:02:14|2026-09-14T14:45:17|0,c1_k10_integer_mip,scheduler_completed,default_overnight_diagnostics_20260914,False,0.0,189210_r0,0,explicit_restart,11,True,True,/home/nc437/ladder-lite/overnight_parallel_20260914/cases/c1_k10_integer_mip/attempts/189210_r0/result.json,eb5ef0f845361dcd4108050c75f0a65b57e028cd94de36f7bb3f077f7afe7ae7,12600,True,COMPLETED
8,101736,3496625661939603456,12717,2026-09-14T15:41:38,2026-09-14T19:13:46,0:0,189211,189211,drSeed_c1_k10_lpweight_mip,luxlab-cpu-03,default_partition,14998,normal,Dependency,24G,0,s311M2GDY6SP00,2026-09-14T15:41:49,COMPLETED,2026-09-14T13:02:14,270,00:00:00,s311M2GDY6SP00|3496625661939603456|189211|2026-09-14T13:02:14|2026-09-14T15:41:49|0,c1_k10_lpweight_mip,scheduler_completed,default_overnight_diagnostics_20260914,False,11.0,189211_r0,0,explicit_restart,12,True,True,/home/nc437/ladder-lite/overnight_parallel_20260914/cases/c1_k10_lpweight_mip/attempts/189211_r0/result.json,6c0813647b5088838a7e53ab7fbcb0b293e434835f7d7088713d33aca3d65c58,12600,True,COMPLETED
8,101864,3496625661939720192,12733,2026-09-14T17:10:45,2026-09-14T20:42:58,0:0,189212,189212,drSeed_c1_k15_integer_mip,unicorn-cpu-74,default_partition,14998,normal,Dependency,24G,0,s311M2GDY6X800,2026-09-14T17:10:45,COMPLETED,2026-09-14T13:02:14,270,00:00:00,s311M2GDY6X800|3496625661939720192|189212|2026-09-14T13:02:14|2026-09-14T17:10:45|0,c1_k15_integer_mip,scheduler_completed,default_overnight_diagnostics_20260914,False,0.0,189212_r0,0,explicit_restart,16,True,True,/home/nc437/ladder-lite/overnight_parallel_20260914/cases/c1_k15_integer_mip/attempts/189212_r0/result.json,971c23ab8a981a70add00bfd05a1233a559cd0fb13ed962f7f8987bad5574391,12600,True,COMPLETED
8,101672,3496625661939999744,12709,2026-09-14T17:02:22,2026-09-14T20:34:35,0:0,189213,189213,drSeed_c1_k15_lpweight_mip,totient-cpu-01,default_partition,14998,normal,Dependency,24G,0,s311M2GDY75S00,2026-09-14T17:02:46,COMPLETED,2026-09-14T13:02:14,270,00:00:00,s311M2GDY75S00|3496625661939999744|189213|2026-09-14T13:02:14|2026-09-14T17:02:46|0,c1_k15_lpweight_mip,scheduler_completed,default_overnight_diagnostics_20260914,False,24.0,189213_r0,0,explicit_restart,19,True,True,/home/nc437/ladder-lite/overnight_parallel_20260914/cases/c1_k15_lpweight_mip/attempts/189213_r0/result.json,2a5290158d175e2c59b76c7a01630d477c3237c53ff3ab93ba33f43c50aa4ea2,12600,True,COMPLETED
8,54000,3496625661940219904,6750,2026-09-14T13:20:48,2026-09-14T15:13:39,0:0,189214,189214,drSeed_c2_k08_integer_mip,sonic-cpu-01,default_partition,14998,normal,Dependency,24G,0,s311M2GDY7CG00,2026-09-14T13:21:09,COMPLETED,2026-09-14T13:02:14,270,00:00:00,s311M2GDY7CG00|3496625661940219904|189214|2026-09-14T13:02:14|2026-09-14T13:21:09|0,c2_k08_integer_mip,scheduler_completed,default_overnight_diagnostics_20260914,False,21.0,189214_r0,0,explicit_restart,8,True,True,/home/nc437/ladder-lite/overnight_parallel_20260914/cases/c2_k08_integer_mip/attempts/189214_r0/result.json,b41668b2832d43be51e2fad15655aac570060c615d464ac95ab91c68821749bd,12600,True,COMPLETED
8,101008,3496625661940331520,12626,2026-09-14T13:16:01,2026-09-14T16:46:31,0:0,189215,189215,drSeed_c2_k08_lpweight_mip,sonic-cpu-01,default_partition,14998,normal,Dependency,24G,0,s311M2GDY7FX00,2026-09-14T13:16:05,COMPLETED,2026-09-14T13:02:14,270,00:00:00,s311M2GDY7FX00|3496625661940331520|189215|2026-09-14T13:02:14|2026-09-14T13:16:05|0,c2_k08_lpweight_mip,scheduler_completed,default_overnight_diagnostics_20260914,False,4.0,189215_r0,0,explicit_restart,9,True,True,/home/nc437/ladder-lite/overnight_parallel_20260914/cases/c2_k08_lpweight_mip/attempts/189215_r0/result.json,9b9b78ec0865223fd2a52aee74e1ed3a7a46ccb735dea363723c8330064136ea,12600,True,COMPLETED
8,101136,3496625661940446208,12642,2026-09-14T13:41:59,2026-09-14T17:12:55,0:0,189216,189216,drSeed_c2_k10_integer_mip,jingjie-cpu-20,default_partition,14998,normal,Dependency,24G,0,s311M2GDY7KD00,2026-09-14T13:42:13,COMPLETED,2026-09-14T13:02:15,270,00:00:00,s311M2GDY7KD00|3496625661940446208|189216|2026-09-14T13:02:15|2026-09-14T13:42:13|0,c2_k10_integer_mip,scheduler_completed,default_overnight_diagnostics_20260914,False,14.0,189216_r0,0,explicit_restart,11,True,True,/home/nc437/ladder-lite/overnight_parallel_20260914/cases/c2_k10_integer_mip/attempts/189216_r0/result.json,771c66b50e3b6df6548c5408650fab32ddd7af7ca2dbd79743a989f0d79001bb,12600,True,COMPLETED
8,101216,3496625661940711424,12652,2026-09-14T13:54:39,2026-09-14T17:26:06,0:0,189217,189217,drSeed_c2_k10_lpweight_mip,totient-cpu-04,default_partition,14998,normal,Dependency,24G,0,s311M2GDY7VG00,2026-09-14T13:55:14,COMPLETED,2026-09-14T13:02:15,270,00:00:00,s311M2GDY7VG00|3496625661940711424|189217|2026-09-14T13:02:15|2026-09-14T13:55:14|0,c2_k10_lpweight_mip,scheduler_completed,default_overnight_diagnostics_20260914,False,35.0,189217_r0,0,explicit_restart,11,True,True,/home/nc437/ladder-lite/overnight_parallel_20260914/cases/c2_k10_lpweight_mip/attempts/189217_r0/result.json,fc5c7f1f68c7875ab189fd759b990ffb5d6d4b8f885defd2bd0c32ae4405c7ff,12600,True,COMPLETED
8,101456,3496625661940937728,12682,2026-09-14T16:42:43,2026-09-14T20:14:06,0:0,189218,189218,drSeed_c2_k15_integer_mip,jingjie-cpu-06,default_partition,14998,normal,Dependency,24G,0,s311M2GDY82D00,2026-09-14T16:42:44,COMPLETED,2026-09-14T13:02:15,270,00:00:00,s311M2GDY82D00|3496625661940937728|189218|2026-09-14T13:02:15|2026-09-14T16:42:44|0,c2_k15_integer_mip,scheduler_completed,default_overnight_diagnostics_20260914,False,1.0,189218_r0,0,explicit_restart,15,True,True,/home/nc437/ladder-lite/overnight_parallel_20260914/cases/c2_k15_integer_mip/attempts/189218_r0/result.json,59baa3ce62e07fd796a64bc47b77850713a9f85c33e6fcee62dfc553a776ce05,12600,True,COMPLETED
8,101560,3496625661941053440,12695,2026-09-14T17:02:22,2026-09-14T20:34:21,0:0,189219,189219,drSeed_c2_k15_lpweight_mip,jingjie-cpu-20,default_partition,14998,normal,Dependency,24G,0,s311M2GDY85Y00,2026-09-14T17:02:46,COMPLETED,2026-09-14T13:02:15,270,00:00:00,s311M2GDY85Y00|3496625661941053440|189219|2026-09-14T13:02:15|2026-09-14T17:02:46|0,c2_k15_lpweight_mip,scheduler_completed,default_overnight_diagnostics_20260914,False,24.0,189219_r0,0,explicit_restart,18,True,True,/home/nc437/ladder-lite/overnight_parallel_20260914/cases/c2_k15_lpweight_mip/attempts/189219_r0/result.json,8eb99fe6b201b4684def7b04a1dc97f99ae0d8894d6d37244a33dd9e8ae84b35,12600,True,COMPLETED
8,59608,3496625661941161984,7451,2026-09-14T13:18:00,2026-09-14T15:22:18,0:0,189220,189220,drSeed_c3_k08_integer_mip,snavely-cpu-15,default_partition,14998,normal,Dependency,24G,0,s311M2GDY89800,2026-09-14T13:18:07,PREEMPTED,2026-09-14T13:02:15,270,00:00:00,s311M2GDY89800|3496625661941161984|189220|2026-09-14T13:02:15|2026-09-14T13:18:07|0,c3_k08_integer_mip,preempted,default_overnight_diagnostics_20260914,True,7.0,189220_r0,0,explicit_restart,,,False,/home/nc437/ladder-lite/overnight_parallel_20260914/cases/c3_k08_integer_mip/attempts/189220_r0/result.json,,12600,True,PREEMPTED
8,101064,3496625661941286912,12633,2026-09-14T13:15:14,2026-09-14T16:45:51,0:0,189221,189221,drSeed_c3_k08_lpweight_mip,unicorn-cpu-01,default_partition,14998,normal,Dependency,24G,0,s311M2GDY8D200,2026-09-14T13:15:18,COMPLETED,2026-09-14T13:02:15,270,00:00:00,s311M2GDY8D200|3496625661941286912|189221|2026-09-14T13:02:15|2026-09-14T13:15:18|0,c3_k08_lpweight_mip,scheduler_completed,default_overnight_diagnostics_20260914,False,4.0,189221_r0,0,explicit_restart,9,True,True,/home/nc437/ladder-lite/overnight_parallel_20260914/cases/c3_k08_lpweight_mip/attempts/189221_r0/result.json,2a0c0aa542d602955933c38e85a606a4f3b015eee6cd6380e9387f424c159ad5,12600,True,COMPLETED
8,101136,3496625661941815296,12642,2026-09-14T13:32:04,2026-09-14T17:02:55,0:0,189224,189224,drSeed_c3_k10_integer_mip,totient-cpu-02,default_partition,14998,normal,Dependency,24G,0,s311M2GDY8X600,2026-09-14T13:32:13,COMPLETED,2026-09-14T13:02:16,270,00:00:00,s311M2GDY8X600|3496625661941815296|189224|2026-09-14T13:02:16|2026-09-14T13:32:13|0,c3_k10_integer_mip,scheduler_completed,default_overnight_diagnostics_20260914,False,9.0,189224_r0,0,explicit_restart,11,True,True,/home/nc437/ladder-lite/overnight_parallel_20260914/cases/c3_k10_integer_mip/attempts/189224_r0/result.json,32d7f24e84c2aa09fdb19d80f4834bb6d5bc201cfc40d5621a3bff7cbf745551,12600,True,COMPLETED
8,101216,3496625661942280192,12652,2026-09-14T13:31:08,2026-09-14T17:02:02,0:0,189226,189226,drSeed_c3_k10_lpweight_mip,totient-cpu-01,default_partition,14998,normal,Dependency,24G,0,s311M2GDY9BC00,2026-09-14T13:31:10,COMPLETED,2026-09-14T13:02:16,270,00:00:00,s311M2GDY9BC00|3496625661942280192|189226|2026-09-14T13:02:16|2026-09-14T13:31:10|0,c3_k10_lpweight_mip,scheduler_completed,default_overnight_diagnostics_20260914,False,2.0,189226_r0,0,explicit_restart,11,True,True,/home/nc437/ladder-lite/overnight_parallel_20260914/cases/c3_k10_lpweight_mip/attempts/189226_r0/result.json,5a30fac9863c582f318af19d750e29798ceceb1898f2002178c282e75da90b37,12600,True,COMPLETED
8,101152,3496625661942403072,12644,2026-09-14T14:10:13,2026-09-14T17:40:57,0:0,189229,189229,drSeed_c3_k15_integer_mip,sablab-cpu-02,default_partition,14998,normal,Dependency,24G,0,s311M2GDY9F400,2026-09-14T14:10:13,COMPLETED,2026-09-14T13:02:16,270,00:00:00,s311M2GDY9F400|3496625661942403072|189229|2026-09-14T13:02:16|2026-09-14T14:10:13|0,c3_k15_integer_mip,scheduler_completed,default_overnight_diagnostics_20260914,False,0.0,189229_r0,0,explicit_restart,15,True,True,/home/nc437/ladder-lite/overnight_parallel_20260914/cases/c3_k15_integer_mip/attempts/189229_r0/result.json,9610c37c21602682b9e2af3f8f3755046fc1eec04032c5fcfdf7e8ea33e7ae54,12600,True,COMPLETED
8,101240,3496625661942521856,12655,2026-09-14T14:13:25,2026-09-14T17:45:09,0:0,189230,189230,drSeed_c3_k15_lpweight_mip,sonic-cpu-02,default_partition,14998,normal,Dependency,24G,0,s311M2GDY9JR00,2026-09-14T14:14:14,COMPLETED,2026-09-14T13:02:17,270,00:00:00,s311M2GDY9JR00|3496625661942521856|189230|2026-09-14T13:02:17|2026-09-14T14:14:14|0,c3_k15_lpweight_mip,scheduler_completed,default_overnight_diagnostics_20260914,False,49.0,189230_r0,0,explicit_restart,17,True,True,/home/nc437/ladder-lite/overnight_parallel_20260914/cases/c3_k15_lpweight_mip/attempts/189230_r0/result.json,4f204cb0a23148097e371f95145a3850f7f3176febd7b89b52f87648ab4b9703,12600,True,COMPLETED
8,101352,3496625661942834176,12669,2026-09-14T13:55:52,2026-09-14T17:27:22,0:0,189231,189231,drSeed_c4_k08_integer_mip,totient-cpu-05,default_partition,14998,normal,Dependency,24G,0,s311M2GDY9W900,2026-09-14T13:56:13,COMPLETED,2026-09-14T13:02:17,270,00:00:00,s311M2GDY9W900|3496625661942834176|189231|2026-09-14T13:02:17|2026-09-14T13:56:13|0,c4_k08_integer_mip,scheduler_completed,default_overnight_diagnostics_20260914,False,21.0,189231_r0,0,explicit_restart,9,True,True,/home/nc437/ladder-lite/overnight_parallel_20260914/cases/c4_k08_integer_mip/attempts/189231_r0/result.json,7f038e38b03ddce388eb9ecd44129386f3aefec9d0589bdc38a3107bf0758248,12600,True,COMPLETED
8,101344,3496625661943322624,12668,2026-09-14T13:52:57,2026-09-14T17:24:21,0:0,189232,189232,drSeed_c4_k08_lpweight_mip,totient-cpu-03,default_partition,14998,normal,Dependency,24G,0,s311M2GDYAB600,2026-09-14T13:53:13,COMPLETED,2026-09-14T13:02:17,270,00:00:00,s311M2GDYAB600|3496625661943322624|189232|2026-09-14T13:02:17|2026-09-14T13:53:13|0,c4_k08_lpweight_mip,scheduler_completed,default_overnight_diagnostics_20260914,False,16.0,189232_r0,0,explicit_restart,9,True,True,/home/nc437/ladder-lite/overnight_parallel_20260914/cases/c4_k08_lpweight_mip/attempts/189232_r0/result.json,29dee90a820b03f1488144562ad7a3fc7ed40c7b70080e7ceac4f83d21128c00,12600,True,COMPLETED
8,101320,3496625661943555072,12665,2026-09-14T13:59:26,2026-09-14T17:31:19,0:0,189233,189233,drSeed_c4_k10_integer_mip,totient-cpu-06,default_partition,14998,normal,Dependency,24G,0,s311M2GDYAJ900,2026-09-14T14:00:14,COMPLETED,2026-09-14T13:02:18,270,00:00:00,s311M2GDYAJ900|3496625661943555072|189233|2026-09-14T13:02:18|2026-09-14T14:00:14|0,c4_k10_integer_mip,scheduler_completed,default_overnight_diagnostics_20260914,False,48.0,189233_r0,0,explicit_restart,11,True,True,/home/nc437/ladder-lite/overnight_parallel_20260914/cases/c4_k10_integer_mip/attempts/189233_r0/result.json,71290209b3abe3ba9c51005795cc7df7960062c9b130dca8560ec00644da9bc9,12600,True,COMPLETED
8,101288,3496625661943673856,12661,2026-09-14T14:10:46,2026-09-14T17:42:14,0:0,189234,189234,drSeed_c4_k10_lpweight_mip,jingjie-cpu-01,default_partition,14998,normal,Dependency,24G,0,s311M2GDYANX00,2026-09-14T14:11:13,COMPLETED,2026-09-14T13:02:18,270,00:00:00,s311M2GDYANX00|3496625661943673856|189234|2026-09-14T13:02:18|2026-09-14T14:11:13|0,c4_k10_lpweight_mip,scheduler_completed,default_overnight_diagnostics_20260914,False,27.0,189234_r0,0,explicit_restart,11,True,True,/home/nc437/ladder-lite/overnight_parallel_20260914/cases/c4_k10_lpweight_mip/attempts/189234_r0/result.json,66350fd64e508022b1740f83f4849add762c246ead5e9fb7731a71c5d9da3d57,12600,True,COMPLETED
8,101776,3496625661943788544,12722,2026-09-14T16:52:28,2026-09-14T20:25:46,0:0,189235,189235,drSeed_c4_k15_integer_mip,garg-cpu-02,default_partition,14998,normal,Dependency,24G,0,s311M2GDYASD00,2026-09-14T16:53:44,COMPLETED,2026-09-14T13:02:18,270,00:00:00,s311M2GDYASD00|3496625661943788544|189235|2026-09-14T13:02:18|2026-09-14T16:53:44|0,c4_k15_integer_mip,scheduler_completed,default_overnight_diagnostics_20260914,False,76.0,189235_r0,0,explicit_restart,16,True,True,/home/nc437/ladder-lite/overnight_parallel_20260914/cases/c4_k15_integer_mip/attempts/189235_r0/result.json,2f0ac58602772ba7be2a4aebe30e6275db543bfa9965ac16e1c0a3ac8b2470c9,12600,True,COMPLETED
8,101600,3496625661943908352,12700,2026-09-14T16:47:03,2026-09-14T20:19:23,0:0,189236,189236,drSeed_c4_k15_lpweight_mip,sonic-cpu-01,default_partition,14998,normal,Dependency,24G,0,s311M2GDYAX200,2026-09-14T16:47:43,COMPLETED,2026-09-14T13:02:18,270,00:00:00,s311M2GDYAX200|3496625661943908352|189236|2026-09-14T13:02:18|2026-09-14T16:47:43|0,c4_k15_lpweight_mip,scheduler_completed,default_overnight_diagnostics_20260914,False,40.0,189236_r0,0,explicit_restart,18,True,True,/home/nc437/ladder-lite/overnight_parallel_20260914/cases/c4_k15_lpweight_mip/attempts/189236_r0/result.json,fedb5ffdf8224c287dce3a306966e99d4439356882f158b26ac61412a740257d,12600,True,COMPLETED
8,1976,3496625661944023040,247,2026-09-14T13:29:30,2026-09-14T13:33:41,0:0,189237,189237,drSeed_c5_k08_integer_mip,luxlab-cpu-03,default_partition,14998,normal,Dependency,24G,0,s311M2GDYB0J00,2026-09-14T13:29:34,COMPLETED,2026-09-14T13:02:18,270,00:00:00,s311M2GDYB0J00|3496625661944023040|189237|2026-09-14T13:02:18|2026-09-14T13:29:34|0,c5_k08_integer_mip,scheduler_completed,default_overnight_diagnostics_20260914,False,4.0,189237_r0,0,explicit_restart,8,True,True,/home/nc437/ladder-lite/overnight_parallel_20260914/cases/c5_k08_integer_mip/attempts/189237_r0/result.json,f3c7240a3293a0d030bd2c91dac79b4a7a649c47cad23f098528dd4b39e4fd69,12600,True,COMPLETED
8,20544,3496625661944139776,2568,2026-09-14T13:29:24,2026-09-14T14:12:22,0:0,189238,189238,drSeed_c5_k08_lpweight_mip,sonic-cpu-02,default_partition,14998,normal,Dependency,24G,0,s311M2GDYB4400,2026-09-14T13:29:34,COMPLETED,2026-09-14T13:02:18,270,00:00:00,s311M2GDYB4400|3496625661944139776|189238|2026-09-14T13:02:18|2026-09-14T13:29:34|0,c5_k08_lpweight_mip,scheduler_completed,default_overnight_diagnostics_20260914,False,10.0,189238_r0,0,explicit_restart,9,True,True,/home/nc437/ladder-lite/overnight_parallel_20260914/cases/c5_k08_lpweight_mip/attempts/189238_r0/result.json,3098c292375ff8af63c2336410a08c1afafdeb7b02ddaf974e0bdfe2b823de1e,12600,True,COMPLETED
8,5064,3496625661944269824,633,2026-09-14T13:32:35,2026-09-14T13:43:17,0:0,189239,189239,drSeed_c5_k10_integer_mip,totient-cpu-03,default_partition,14998,normal,Dependency,24G,0,s311M2GDYB8300,2026-09-14T13:32:44,COMPLETED,2026-09-14T13:02:18,270,00:00:00,s311M2GDYB8300|3496625661944269824|189239|2026-09-14T13:02:18|2026-09-14T13:32:44|0,c5_k10_integer_mip,scheduler_completed,default_overnight_diagnostics_20260914,False,9.0,189239_r0,0,explicit_restart,10,True,True,/home/nc437/ladder-lite/overnight_parallel_20260914/cases/c5_k10_integer_mip/attempts/189239_r0/result.json,c841e1fb2987adf1e6a7e55e2d916f011a7859f07f9ffccc481a5f9c71ff39bd,12600,True,COMPLETED
8,101144,3496625661944379392,12643,2026-09-14T13:43:13,2026-09-14T17:13:56,0:0,189240,189240,drSeed_c5_k10_lpweight_mip,jingjie-cpu-20,default_partition,14998,normal,Dependency,24G,0,s311M2GDYBBE00,2026-09-14T13:43:13,COMPLETED,2026-09-14T13:02:18,270,00:00:00,s311M2GDYBBE00|3496625661944379392|189240|2026-09-14T13:02:18|2026-09-14T13:43:13|0,c5_k10_lpweight_mip,scheduler_completed,default_overnight_diagnostics_20260914,False,0.0,189240_r0,0,explicit_restart,11,True,True,/home/nc437/ladder-lite/overnight_parallel_20260914/cases/c5_k10_lpweight_mip/attempts/189240_r0/result.json,013b13454c7c4a0e1567714075561e38e4a4dcea10c6ed931f1142c462d9147f,12600,True,COMPLETED
8,101480,3496625661944501248,12685,2026-09-14T15:25:45,2026-09-14T18:57:15,0:0,189241,189241,drSeed_c5_k15_integer_mip,unicorn-cpu-01,default_partition,14998,normal,Dependency,24G,0,s311M2GDYBF500,2026-09-14T15:25:50,COMPLETED,2026-09-14T13:02:18,270,00:00:00,s311M2GDYBF500|3496625661944501248|189241|2026-09-14T13:02:18|2026-09-14T15:25:50|0,c5_k15_integer_mip,scheduler_completed,default_overnight_diagnostics_20260914,False,5.0,189241_r0,0,explicit_restart,15,True,True,/home/nc437/ladder-lite/overnight_parallel_20260914/cases/c5_k15_integer_mip/attempts/189241_r0/result.json,29c09a51084e616763e10fce2dc04de9f00703ff4500c2436192f8a15845984a,12600,True,COMPLETED
8,101568,3496625661944621056,12696,2026-09-14T16:05:19,2026-09-14T19:36:58,0:0,189242,189242,drSeed_c5_k15_lpweight_mip,jingjie-cpu-01,default_partition,14998,normal,Dependency,24G,0,s311M2GDYBJT00,2026-09-14T16:05:22,COMPLETED,2026-09-14T13:02:19,270,00:00:00,s311M2GDYBJT00|3496625661944621056|189242|2026-09-14T13:02:19|2026-09-14T16:05:22|0,c5_k15_lpweight_mip,scheduler_completed,default_overnight_diagnostics_20260914,False,3.0,189242_r0,0,explicit_restart,16,True,True,/home/nc437/ladder-lite/overnight_parallel_20260914/cases/c5_k15_lpweight_mip/attempts/189242_r0/result.json,2a3e20a82990021d983ade6f8d42d9fbcac8b23404e1d54e2bbd16ff9e7cc4d6,12600,True,COMPLETED
8,608,3496625661945797632,76,2026-09-14T13:12:04,2026-09-14T13:13:20,0:0,189243,189243,drSeed_c6_k08_integer_mip,snavely-cpu-15,default_partition,14998,normal,Dependency,24G,0,s311M2GDYCPQ00,2026-09-14T13:12:04,COMPLETED,2026-09-14T13:02:20,270,00:00:00,s311M2GDYCPQ00|3496625661945797632|189243|2026-09-14T13:02:20|2026-09-14T13:12:04|0,c6_k08_integer_mip,scheduler_completed,default_overnight_diagnostics_20260914,False,0.0,189243_r0,0,explicit_restart,8,True,True,/home/nc437/ladder-lite/overnight_parallel_20260914/cases/c6_k08_integer_mip/attempts/189243_r0/result.json,65b863d1c29f6f4c4c049a33ebad6d202a47be171a9d90afde37eb7794137a10,12600,True,COMPLETED
8,1504,3496625661946021888,188,2026-09-14T13:13:30,2026-09-14T13:17:16,0:0,189244,189244,drSeed_c6_k08_lpweight_mip,snavely-cpu-15,default_partition,14998,normal,Dependency,24G,0,s311M2GDYCXJ00,2026-09-14T13:14:08,COMPLETED,2026-09-14T13:02:20,270,00:00:00,s311M2GDYCXJ00|3496625661946021888|189244|2026-09-14T13:02:20|2026-09-14T13:14:08|0,c6_k08_lpweight_mip,scheduler_completed,default_overnight_diagnostics_20260914,False,38.0,189244_r0,0,explicit_restart,8,True,True,/home/nc437/ladder-lite/overnight_parallel_20260914/cases/c6_k08_lpweight_mip/attempts/189244_r0/result.json,6acf71dc848d59909d52b3e79c9072ca208061ad3bc9a699d8d3c4ee16cb1be9,12600,True,COMPLETED
8,5648,3496625661946137600,706,2026-09-14T13:23:18,2026-09-14T13:35:20,0:0,189245,189245,drSeed_c6_k10_integer_mip,luxlab-cpu-02,default_partition,14998,normal,Dependency,24G,0,s311M2GDYD1300,2026-09-14T13:23:34,COMPLETED,2026-09-14T13:02:20,270,00:00:00,s311M2GDYD1300|3496625661946137600|189245|2026-09-14T13:02:20|2026-09-14T13:23:34|0,c6_k10_integer_mip,scheduler_completed,default_overnight_diagnostics_20260914,False,16.0,189245_r0,0,explicit_restart,10,True,True,/home/nc437/ladder-lite/overnight_parallel_20260914/cases/c6_k10_integer_mip/attempts/189245_r0/result.json,d0b8b5d6dfe175649d88faedeb7172a154be95f101c2be652e4def375979223e,12600,True,COMPLETED
8,101088,3496625661946265600,12636,2026-09-14T13:25:09,2026-09-14T16:55:45,0:0,189246,189246,drSeed_c6_k10_lpweight_mip,sonic-cpu-02,default_partition,14998,normal,Dependency,24G,0,s311M2GDYD5000,2026-09-14T13:25:09,COMPLETED,2026-09-14T13:02:20,270,00:00:00,s311M2GDYD5000|3496625661946265600|189246|2026-09-14T13:02:20|2026-09-14T13:25:09|0,c6_k10_lpweight_mip,scheduler_completed,default_overnight_diagnostics_20260914,False,0.0,189246_r0,0,explicit_restart,11,True,True,/home/nc437/ladder-lite/overnight_parallel_20260914/cases/c6_k10_lpweight_mip/attempts/189246_r0/result.json,e122f2f19d594ca1ae98946269d3330f5ae91a7a2b05412f91bc7b155633a025,12600,True,COMPLETED
8,101456,3496625661946382336,12682,2026-09-14T16:32:53,2026-09-14T20:04:45,0:0,189247,189247,drSeed_c6_k15_integer_mip,jingjie-cpu-20,default_partition,14998,normal,Dependency,24G,0,s311M2GDYD8J00,2026-09-14T16:33:23,COMPLETED,2026-09-14T13:02:20,270,00:00:00,s311M2GDYD8J00|3496625661946382336|189247|2026-09-14T13:02:20|2026-09-14T16:33:23|0,c6_k15_integer_mip,scheduler_completed,default_overnight_diagnostics_20260914,False,30.0,189247_r0,0,explicit_restart,16,True,True,/home/nc437/ladder-lite/overnight_parallel_20260914/cases/c6_k15_integer_mip/attempts/189247_r0/result.json,4383a0fec61358507dd6e6f56316e4511b01cb8078765999a2efd974877b5153,12600,True,COMPLETED
8,101856,3496625661946496000,12732,2026-09-14T16:12:07,2026-09-14T19:44:25,0:0,189248,189248,drSeed_c6_k15_lpweight_mip,luxlab-cpu-03,default_partition,14998,normal,Dependency,24G,0,s311M2GDYDC100,2026-09-14T16:12:13,COMPLETED,2026-09-14T13:02:20,270,00:00:00,s311M2GDYDC100|3496625661946496000|189248|2026-09-14T13:02:20|2026-09-14T16:12:13|0,c6_k15_lpweight_mip,scheduler_completed,default_overnight_diagnostics_20260914,False,6.0,189248_r0,0,explicit_restart,18,True,True,/home/nc437/ladder-lite/overnight_parallel_20260914/cases/c6_k15_lpweight_mip/attempts/189248_r0/result.json,50ac429fec966d7dd3db4ee3bae2e5d5ae5cc4705579e8e247b58c37265f608d,12600,True,COMPLETED
8,102296,3496625665841990656,12787,2026-09-14T14:06:34,2026-09-14T17:40:21,0:0,189908,189908,drPrefix_c1_k15_prefix_mip,snavely-cpu-09,default_partition,14998,normal,Dependency,24G,0,s311M2GHJGD300,2026-09-14T14:07:14,COMPLETED,2026-09-14T14:05:45,270,00:00:00,s311M2GHJGD300|3496625665841990656|189908|2026-09-14T14:05:45|2026-09-14T14:07:14|0,c1_k15_prefix_mip,scheduler_completed,default_overnight_diagnostics_20260914,False,40.0,189908_r0,0,explicit_restart,19,True,True,/home/nc437/ladder-lite/retrospective_prefix_controls_20260914/cases/c1_k15_prefix_mip/attempts/189908_r0/result.json,4429780f4f6ad7bc194239c3017519ad14563eeaaedaf64feaaca04976ddfe79,12600,True,COMPLETED
8,101632,3496625665842128896,12704,2026-09-14T14:06:40,2026-09-14T17:38:58,0:0,189909,189909,drPrefix_c2_k15_prefix_mip,totient-cpu-07,default_partition,14998,normal,Dependency,24G,0,s311M2GHJGHA00,2026-09-14T14:07:14,COMPLETED,2026-09-14T14:05:45,270,00:00:00,s311M2GHJGHA00|3496625665842128896|189909|2026-09-14T14:05:45|2026-09-14T14:07:14|0,c2_k15_prefix_mip,scheduler_completed,default_overnight_diagnostics_20260914,False,34.0,189909_r0,0,explicit_restart,17,True,True,/home/nc437/ladder-lite/retrospective_prefix_controls_20260914/cases/c2_k15_prefix_mip/attempts/189909_r0/result.json,32993883e7cf4a4d4ad518ce645c3b18761c2fde8172d37b6a3aab8e3a64dcaf,12600,True,COMPLETED
8,101728,3496625665842270208,12716,2026-09-14T14:06:34,2026-09-14T17:39:10,0:0,189910,189910,drPrefix_c4_k15_prefix_mip,totient-cpu-08,default_partition,14998,normal,Dependency,24G,0,s311M2GHJGNM00,2026-09-14T14:07:14,COMPLETED,2026-09-14T14:05:45,270,00:00:00,s311M2GHJGNM00|3496625665842270208|189910|2026-09-14T14:05:45|2026-09-14T14:07:14|0,c4_k15_prefix_mip,scheduler_completed,default_overnight_diagnostics_20260914,False,40.0,189910_r0,0,explicit_restart,19,True,True,/home/nc437/ladder-lite/retrospective_prefix_controls_20260914/cases/c4_k15_prefix_mip/attempts/189910_r0/result.json,4b23fe7d6944325e9603d0b8df8f5129992d433beec176135879afd59be91400,12600,True,COMPLETED
4,144,3496625666870215680,36,2026-09-14T14:22:29,2026-09-14T14:23:11,0:0,190160,190160,du_native_fixture_p07,luxlab-cpu-03,default_partition,14998,normal,None,24G,0,s311M2GJH50100,2026-09-14T14:22:35,COMPLETED,2026-09-14T14:22:29,15,00:00:00,s311M2GJH50100|3496625666870215680|190160|2026-09-14T14:22:29|2026-09-14T14:22:35|0,native_fixture_p07,scheduler_completed,decomposition_pool_union_20260914_native_fixture,False,6.0,190160_r0,0,explicit_restart,34,True,True,/home/nc437/ladder-lite/decomposition_pool_union_20260914/cases/native_fixture_p07/attempts/190160_r0/result.json,ae335088d9b52068c43444ae0435794dbbe509f81d069957d12b2b42e9d5825f,120,True,COMPLETED
4,96,3496625666991164416,24,2026-09-14T14:24:27,2026-09-14T14:25:39,0:0,190182,190182,du_m_p01,unicorn-cpu-01,default_partition,14998,normal,None,24G,0,s311M2GJMRB300,2026-09-14T14:25:15,COMPLETED,2026-09-14T14:24:27,150,00:00:00,s311M2GJMRB300|3496625666991164416|190182|2026-09-14T14:24:27|2026-09-14T14:25:15|0,m_p01,scheduler_completed,decomposition_pool_union_20260914_same_partition_2h,False,48.0,190182_r0,0,explicit_restart,35,True,True,/home/nc437/ladder-lite/decomposition_pool_union_20260914/cases/m_p01/attempts/190182_r0/result.json,18fc2aeae8ede9335251e4508d1a54d7eac5db06304b9643ece6b19efed0d246,7200,True,COMPLETED
4,132,3496625666991284224,33,2026-09-14T14:24:27,2026-09-14T14:25:48,0:0,190183,190183,du_m_p02,unicorn-cpu-73,default_partition,14998,normal,None,24G,0,s311M2GJMRER00,2026-09-14T14:25:15,COMPLETED,2026-09-14T14:24:27,150,00:00:00,s311M2GJMRER00|3496625666991284224|190183|2026-09-14T14:24:27|2026-09-14T14:25:15|0,m_p02,scheduler_completed,decomposition_pool_union_20260914_same_partition_2h,False,48.0,190183_r0,0,explicit_restart,35,True,True,/home/nc437/ladder-lite/decomposition_pool_union_20260914/cases/m_p02/attempts/190183_r0/result.json,d4648c6332d02d26b431c054bb235f6e67cc32b10e599c18acff99cfbe7c8b0e,7200,True,COMPLETED
4,136,3496625666991539200,34,2026-09-14T14:24:27,2026-09-14T14:25:49,0:0,190184,190184,du_m_p03,unicorn-cpu-74,default_partition,14998,normal,None,24G,0,s311M2GJMRPH00,2026-09-14T14:25:15,COMPLETED,2026-09-14T14:24:27,150,00:00:00,s311M2GJMRPH00|3496625666991539200|190184|2026-09-14T14:24:27|2026-09-14T14:25:15|0,m_p03,scheduler_completed,decomposition_pool_union_20260914_same_partition_2h,False,48.0,190184_r0,0,explicit_restart,36,True,True,/home/nc437/ladder-lite/decomposition_pool_union_20260914/cases/m_p03/attempts/190184_r0/result.json,56a6c68e3dc6f13a634a6d8a33c8dd5758ac6959ce8d2319934d3130af863e8c,7200,True,COMPLETED
4,104,3496625666991760384,26,2026-09-14T14:24:27,2026-09-14T14:25:41,0:0,190185,190185,du_m_p04,unicorn-cpu-87,default_partition,14998,normal,None,24G,0,s311M2GJMRX900,2026-09-14T14:25:15,COMPLETED,2026-09-14T14:24:27,150,00:00:00,s311M2GJMRX900|3496625666991760384|190185|2026-09-14T14:24:27|2026-09-14T14:25:15|0,m_p04,scheduler_completed,decomposition_pool_union_20260914_same_partition_2h,False,48.0,190185_r0,0,explicit_restart,35,True,True,/home/nc437/ladder-lite/decomposition_pool_union_20260914/cases/m_p04/attempts/190185_r0/result.json,f2f7dc43c33dbcb43e1fe17c42187e115cf070f462738ce38b387fa6daaeacf5,7200,True,COMPLETED
4,96,3496625666991875072,24,2026-09-14T14:24:28,2026-09-14T14:25:39,0:0,190186,190186,du_m_p05,unicorn-cpu-76,default_partition,14998,normal,None,24G,0,s311M2GJMS0S00,2026-09-14T14:25:15,COMPLETED,2026-09-14T14:24:28,150,00:00:00,s311M2GJMS0S00|3496625666991875072|190186|2026-09-14T14:24:28|2026-09-14T14:25:15|0,m_p05,scheduler_completed,decomposition_pool_union_20260914_same_partition_2h,False,47.0,190186_r0,0,explicit_restart,35,True,True,/home/nc437/ladder-lite/decomposition_pool_union_20260914/cases/m_p05/attempts/190186_r0/result.json,c745a4c99a9664eb58fd51125cee89ce9a8e7f783da3bb8c066cf336c9f02369,7200,True,COMPLETED
4,112,3496625666991985664,28,2026-09-14T14:24:28,2026-09-14T14:25:43,0:0,190187,190187,du_m_p06,garg-cpu-02,default_partition,14998,normal,None,24G,0,s311M2GJMS4500,2026-09-14T14:25:15,COMPLETED,2026-09-14T14:24:28,150,00:00:00,s311M2GJMS4500|3496625666991985664|190187|2026-09-14T14:24:28|2026-09-14T14:25:15|0,m_p06,scheduler_completed,decomposition_pool_union_20260914_same_partition_2h,False,47.0,190187_r0,0,explicit_restart,36,True,True,/home/nc437/ladder-lite/decomposition_pool_union_20260914/cases/m_p06/attempts/190187_r0/result.json,eb6cf15fa0b746ebade7a3be38cce0118f46730dae172350f1d938d300c0560c,7200,True,COMPLETED
4,112,3496625666992286720,28,2026-09-14T14:24:28,2026-09-14T14:25:43,0:0,190188,190188,du_m_p07,garg-cpu-02,default_partition,14998,normal,None,24G,0,s311M2GJMSDB00,2026-09-14T14:25:15,COMPLETED,2026-09-14T14:24:28,150,00:00:00,s311M2GJMSDB00|3496625666992286720|190188|2026-09-14T14:24:28|2026-09-14T14:25:15|0,m_p07,scheduler_completed,decomposition_pool_union_20260914_same_partition_2h,False,47.0,190188_r0,0,explicit_restart,34,True,True,/home/nc437/ladder-lite/decomposition_pool_union_20260914/cases/m_p07/attempts/190188_r0/result.json,c8eb5032098c5c2ab8f0040709513be73c8d08d073a57faff785ed45eeeff762,7200,True,COMPLETED
4,112,3496625666992508928,28,2026-09-14T14:24:28,2026-09-14T14:25:43,0:0,190189,190189,du_m_p08,garg-cpu-02,default_partition,14998,normal,None,24G,0,s311M2GJMSM400,2026-09-14T14:25:15,COMPLETED,2026-09-14T14:24:28,150,00:00:00,s311M2GJMSM400|3496625666992508928|190189|2026-09-14T14:24:28|2026-09-14T14:25:15|0,m_p08,scheduler_completed,decomposition_pool_union_20260914_same_partition_2h,False,47.0,190189_r0,0,explicit_restart,37,True,True,/home/nc437/ladder-lite/decomposition_pool_union_20260914/cases/m_p08/attempts/190189_r0/result.json,9864ae2f42408e7bdbe7bb2b7ecfec7f050a5878e1e7dc90727580b5e08775e6,7200,True,COMPLETED
4,112,3496625666992737280,28,2026-09-14T14:24:28,2026-09-14T14:25:43,0:0,190190,190190,du_m_p09,garg-cpu-02,default_partition,14998,normal,None,24G,0,s311M2GJMSV300,2026-09-14T14:25:15,COMPLETED,2026-09-14T14:24:28,150,00:00:00,s311M2GJMSV300|3496625666992737280|190190|2026-09-14T14:24:28|2026-09-14T14:25:15|0,m_p09,scheduler_completed,decomposition_pool_union_20260914_same_partition_2h,False,47.0,190190_r0,0,explicit_restart,35,True,True,/home/nc437/ladder-lite/decomposition_pool_union_20260914/cases/m_p09/attempts/190190_r0/result.json,c15178caddff69c10ac64b7f7ffc7d3bb8739b5265abec691f004962142ada43,7200,True,COMPLETED
4,384,3496625666993033216,96,2026-09-14T14:24:29,2026-09-14T14:26:51,0:0,190191,190191,du_m_p01_p02,garg-cpu-02,default_partition,14998,normal,None,24G,0,s311M2GJMT4400,2026-09-14T14:25:15,COMPLETED,2026-09-14T14:24:29,150,00:00:00,s311M2GJMT4400|3496625666993033216|190191|2026-09-14T14:24:29|2026-09-14T14:25:15|0,m_p01_p02,scheduler_completed,decomposition_pool_union_20260914_pair_union_2h,False,46.0,190191_r0,0,explicit_restart,35,True,True,/home/nc437/ladder-lite/decomposition_pool_union_20260914/cases/m_p01_p02/attempts/190191_r0/result.json,0ded5925536a4e1c55df27f40862df0272814ae56756e3959e79d88fbc767913,7200,True,COMPLETED
4,260,3496625666993483776,65,2026-09-14T14:24:29,2026-09-14T14:26:20,0:0,190192,190192,du_m_p01_p03,garg-cpu-02,default_partition,14998,normal,None,24G,0,s311M2GJMTHW00,2026-09-14T14:25:15,COMPLETED,2026-09-14T14:24:29,150,00:00:00,s311M2GJMTHW00|3496625666993483776|190192|2026-09-14T14:24:29|2026-09-14T14:25:15|0,m_p01_p03,scheduler_completed,decomposition_pool_union_20260914_pair_union_2h,False,46.0,190192_r0,0,explicit_restart,35,True,True,/home/nc437/ladder-lite/decomposition_pool_union_20260914/cases/m_p01_p03/attempts/190192_r0/result.json,d0c394ea53a452447a91252517f76a7efda0af57493037a19710ac03062ebd24,7200,True,COMPLETED
4,392,3496625666994391040,98,2026-09-14T14:24:30,2026-09-14T14:26:53,0:0,190193,190193,du_m_p01_p04,garg-cpu-02,default_partition,14998,normal,None,24G,0,s311M2GJMVDJ00,2026-09-14T14:25:15,COMPLETED,2026-09-14T14:24:30,150,00:00:00,s311M2GJMVDJ00|3496625666994391040|190193|2026-09-14T14:24:30|2026-09-14T14:25:15|0,m_p01_p04,scheduler_completed,decomposition_pool_union_20260914_pair_union_2h,False,45.0,190193_r0,0,explicit_restart,35,True,True,/home/nc437/ladder-lite/decomposition_pool_union_20260914/cases/m_p01_p04/attempts/190193_r0/result.json,b50650c13f39330f8885a6bd994648af9430f251de45455172130e2cae10062a,7200,True,COMPLETED
4,512,3496625666995313664,128,2026-09-14T14:24:31,2026-09-14T14:27:23,0:0,190194,190194,du_m_p01_p05,garg-cpu-02,default_partition,14998,normal,None,24G,0,s311M2GJMW9Q00,2026-09-14T14:25:15,COMPLETED,2026-09-14T14:24:31,150,00:00:00,s311M2GJMW9Q00|3496625666995313664|190194|2026-09-14T14:24:31|2026-09-14T14:25:15|0,m_p01_p05,scheduler_completed,decomposition_pool_union_20260914_pair_union_2h,False,44.0,190194_r0,0,explicit_restart,35,True,True,/home/nc437/ladder-lite/decomposition_pool_union_20260914/cases/m_p01_p05/attempts/190194_r0/result.json,02ffdfa73850d335ec43d8aa5856a6f34244f05cdf55b7fa9b1b0b6275a8f7bc,7200,True,COMPLETED
4,128,3496625666995560448,32,2026-09-14T14:24:31,2026-09-14T14:25:47,0:0,190195,190195,du_m_p01_p06,jingjie-cpu-20,default_partition,14998,normal,None,24G,0,s311M2GJMWH800,2026-09-14T14:25:15,COMPLETED,2026-09-14T14:24:31,150,00:00:00,s311M2GJMWH800|3496625666995560448|190195|2026-09-14T14:24:31|2026-09-14T14:25:15|0,m_p01_p06,scheduler_completed,decomposition_pool_union_20260914_pair_union_2h,False,44.0,190195_r0,0,explicit_restart,35,True,True,/home/nc437/ladder-lite/decomposition_pool_union_20260914/cases/m_p01_p06/attempts/190195_r0/result.json,fb63bf39524f2849e0d8ab848c1de574203f46892ceeca47240c01c92dbb3426,7200,True,COMPLETED
4,116,3496625666995786752,29,2026-09-14T14:24:31,2026-09-14T14:25:44,0:0,190196,190196,du_m_p01_p07,jingjie-cpu-01,default_partition,14998,normal,None,24G,0,s311M2GJMWR500,2026-09-14T14:25:15,COMPLETED,2026-09-14T14:24:31,150,00:00:00,s311M2GJMWR500|3496625666995786752|190196|2026-09-14T14:24:31|2026-09-14T14:25:15|0,m_p01_p07,scheduler_completed,decomposition_pool_union_20260914_pair_union_2h,False,44.0,190196_r0,0,explicit_restart,34,True,True,/home/nc437/ladder-lite/decomposition_pool_union_20260914/cases/m_p01_p07/attempts/190196_r0/result.json,fa9d9a09169322625bb91c1a8678d56ad2401012cdbfb2af984dda6ae28f452a,7200,True,COMPLETED
4,132,3496625666996015104,33,2026-09-14T14:24:32,2026-09-14T14:25:48,0:0,190197,190197,du_m_p01_p08,jingjie-cpu-01,default_partition,14998,normal,None,24G,0,s311M2GJMWZ400,2026-09-14T14:25:15,COMPLETED,2026-09-14T14:24:32,150,00:00:00,s311M2GJMWZ400|3496625666996015104|190197|2026-09-14T14:24:32|2026-09-14T14:25:15|0,m_p01_p08,scheduler_completed,decomposition_pool_union_20260914_pair_union_2h,False,43.0,190197_r0,0,explicit_restart,35,True,True,/home/nc437/ladder-lite/decomposition_pool_union_20260914/cases/m_p01_p08/attempts/190197_r0/result.json,511d4912555a74562b05eceaedc7475bd30957fa3e274225f0b70716e41f43bf,7200,True,COMPLETED
4,128,3496625666996484096,32,2026-09-14T14:24:32,2026-09-14T14:25:47,0:0,190198,190198,du_m_p01_p09,jingjie-cpu-06,default_partition,14998,normal,None,24G,0,s311M2GJMXDE00,2026-09-14T14:25:15,COMPLETED,2026-09-14T14:24:32,150,00:00:00,s311M2GJMXDE00|3496625666996484096|190198|2026-09-14T14:24:32|2026-09-14T14:25:15|0,m_p01_p09,scheduler_completed,decomposition_pool_union_20260914_pair_union_2h,False,43.0,190198_r0,0,explicit_restart,35,True,True,/home/nc437/ladder-lite/decomposition_pool_union_20260914/cases/m_p01_p09/attempts/190198_r0/result.json,751c1a8c32bd38ae52f767b886731e425ca6dd91bd4fdcf91296752b055a5d2d,7200,True,COMPLETED
4,112,3496625666996737024,28,2026-09-14T14:24:32,2026-09-14T14:25:43,0:0,190199,190199,du_m_p02_p03,jingjie-cpu-06,default_partition,14998,normal,None,24G,0,s311M2GJMXN500,2026-09-14T14:25:15,COMPLETED,2026-09-14T14:24:32,150,00:00:00,s311M2GJMXN500|3496625666996737024|190199|2026-09-14T14:24:32|2026-09-14T14:25:15|0,m_p02_p03,scheduler_completed,decomposition_pool_union_20260914_pair_union_2h,False,43.0,190199_r0,0,explicit_restart,35,True,True,/home/nc437/ladder-lite/decomposition_pool_union_20260914/cases/m_p02_p03/attempts/190199_r0/result.json,7a09960a7130622317338bbc99aa4a9d0aa88240f1507682a5dc0e8e747a7caf,7200,True,COMPLETED
4,124,3496625666997186560,31,2026-09-14T14:24:33,2026-09-14T14:25:46,0:0,190200,190200,du_m_p02_p04,jingjie-cpu-06,default_partition,14998,normal,None,24G,0,s311M2GJMY2W00,2026-09-14T14:25:15,COMPLETED,2026-09-14T14:24:33,150,00:00:00,s311M2GJMY2W00|3496625666997186560|190200|2026-09-14T14:24:33|2026-09-14T14:25:15|0,m_p02_p04,scheduler_completed,decomposition_pool_union_20260914_pair_union_2h,False,42.0,190200_r0,0,explicit_restart,35,True,True,/home/nc437/ladder-lite/decomposition_pool_union_20260914/cases/m_p02_p04/attempts/190200_r0/result.json,e57477acb4d235da7fbd3cafbc259c3ff9d267d4d1358ca3b35d3808852c8f25,7200,True,COMPLETED
4,360,3496625666997410816,90,2026-09-14T14:24:33,2026-09-14T14:26:45,0:0,190201,190201,du_m_p02_p05,jingjie-cpu-02,default_partition,14998,normal,None,24G,0,s311M2GJMY9Q00,2026-09-14T14:25:15,COMPLETED,2026-09-14T14:24:33,150,00:00:00,s311M2GJMY9Q00|3496625666997410816|190201|2026-09-14T14:24:33|2026-09-14T14:25:15|0,m_p02_p05,scheduler_completed,decomposition_pool_union_20260914_pair_union_2h,False,42.0,190201_r0,0,explicit_restart,35,True,True,/home/nc437/ladder-lite/decomposition_pool_union_20260914/cases/m_p02_p05/attempts/190201_r0/result.json,38edf8210d6efa4cd6620dcfba22096f3ddb9bb73335b06e12e63a4a55116510,7200,True,COMPLETED
4,244,3496625666997635072,61,2026-09-14T14:24:33,2026-09-14T14:26:16,0:0,190202,190202,du_m_p02_p06,jingjie-cpu-02,default_partition,14998,normal,None,24G,0,s311M2GJMYGJ00,2026-09-14T14:25:15,COMPLETED,2026-09-14T14:24:33,150,00:00:00,s311M2GJMYGJ00|3496625666997635072|190202|2026-09-14T14:24:33|2026-09-14T14:25:15|0,m_p02_p06,scheduler_completed,decomposition_pool_union_20260914_pair_union_2h,False,42.0,190202_r0,0,explicit_restart,35,True,True,/home/nc437/ladder-lite/decomposition_pool_union_20260914/cases/m_p02_p06/attempts/190202_r0/result.json,c28887bade86b73018908eeb80d8b90f8e7f7a90647cd5b1bc09c1e30fcba38c,7200,True,COMPLETED
4,240,3496625666998557696,60,2026-09-14T14:24:34,2026-09-14T14:26:15,0:0,190203,190203,du_m_p02_p07,jingjie-cpu-02,default_partition,14998,normal,None,24G,0,s311M2GJMZCQ00,2026-09-14T14:25:15,COMPLETED,2026-09-14T14:24:34,150,00:00:00,s311M2GJMZCQ00|3496625666998557696|190203|2026-09-14T14:24:34|2026-09-14T14:25:15|0,m_p02_p07,scheduler_completed,decomposition_pool_union_20260914_pair_union_2h,False,41.0,190203_r0,0,explicit_restart,34,True,True,/home/nc437/ladder-lite/decomposition_pool_union_20260914/cases/m_p02_p07/attempts/190203_r0/result.json,2475e4ba283c42726ef3226b7d9ffebee2cb815f367887f9d42509660cad7b94,7200,True,COMPLETED
4,120,3496625666999912448,30,2026-09-14T14:24:35,2026-09-14T14:25:45,0:0,190204,190204,du_m_p02_p08,jingjie-cpu-03,default_partition,14998,normal,None,24G,0,s311M2GJN0P200,2026-09-14T14:25:15,COMPLETED,2026-09-14T14:24:35,150,00:00:00,s311M2GJN0P200|3496625666999912448|190204|2026-09-14T14:24:35|2026-09-14T14:25:15|0,m_p02_p08,scheduler_completed,decomposition_pool_union_20260914_pair_union_2h,False,40.0,190204_r0,0,explicit_restart,35,True,True,/home/nc437/ladder-lite/decomposition_pool_union_20260914/cases/m_p02_p08/attempts/190204_r0/result.json,44b16ccd33fced780bbd1ab6a3420b8b0699d59bd0e156fc49e3858b0a06a453,7200,True,COMPLETED
4,120,3496625667000572928,30,2026-09-14T14:24:36,2026-09-14T14:25:45,0:0,190205,190205,du_m_p02_p09,jingjie-cpu-03,default_partition,14998,normal,None,24G,0,s311M2GJN1A700,2026-09-14T14:25:15,COMPLETED,2026-09-14T14:24:36,150,00:00:00,s311M2GJN1A700|3496625667000572928|190205|2026-09-14T14:24:36|2026-09-14T14:25:15|0,m_p02_p09,scheduler_completed,decomposition_pool_union_20260914_pair_union_2h,False,39.0,190205_r0,0,explicit_restart,35,True,True,/home/nc437/ladder-lite/decomposition_pool_union_20260914/cases/m_p02_p09/attempts/190205_r0/result.json,6d68bcbd8e00fbef186ced8c32e2d74d178dbb618bf7121e17f236080798b94f,7200,True,COMPLETED
4,120,3496625667000803328,30,2026-09-14T14:24:36,2026-09-14T14:25:45,0:0,190206,190206,du_m_p03_p04,jingjie-cpu-03,default_partition,14998,normal,None,24G,0,s311M2GJN1H800,2026-09-14T14:25:15,COMPLETED,2026-09-14T14:24:36,150,00:00:00,s311M2GJN1H800|3496625667000803328|190206|2026-09-14T14:24:36|2026-09-14T14:25:15|0,m_p03_p04,scheduler_completed,decomposition_pool_union_20260914_pair_union_2h,False,39.0,190206_r0,0,explicit_restart,35,True,True,/home/nc437/ladder-lite/decomposition_pool_union_20260914/cases/m_p03_p04/attempts/190206_r0/result.json,14eab639ef25c25deeabbb3641484946533826869786375070c425801e40f060,7200,True,COMPLETED
4,128,3496625667001099264,32,2026-09-14T14:24:37,2026-09-14T14:25:47,0:0,190207,190207,du_m_p03_p05,jingjie-cpu-03,default_partition,14998,normal,None,24G,0,s311M2GJN1T900,2026-09-14T14:25:15,COMPLETED,2026-09-14T14:24:37,150,00:00:00,s311M2GJN1T900|3496625667001099264|190207|2026-09-14T14:24:37|2026-09-14T14:25:15|0,m_p03_p05,scheduler_completed,decomposition_pool_union_20260914_pair_union_2h,False,38.0,190207_r0,0,explicit_restart,35,True,True,/home/nc437/ladder-lite/decomposition_pool_union_20260914/cases/m_p03_p05/attempts/190207_r0/result.json,59b4272efa7bab26f3aac91da53948183b8a3cf129f89ba2a73a42c9bb47102e,7200,True,COMPLETED
4,148,3496625667001213952,37,2026-09-14T14:24:37,2026-09-14T14:25:52,0:0,190208,190208,du_m_p03_p06,jingjie-cpu-03,default_partition,14998,normal,None,24G,0,s311M2GJN1XS00,2026-09-14T14:25:15,COMPLETED,2026-09-14T14:24:37,150,00:00:00,s311M2GJN1XS00|3496625667001213952|190208|2026-09-14T14:24:37|2026-09-14T14:25:15|0,m_p03_p06,scheduler_completed,decomposition_pool_union_20260914_pair_union_2h,False,38.0,190208_r0,0,explicit_restart,36,True,True,/home/nc437/ladder-lite/decomposition_pool_union_20260914/cases/m_p03_p06/attempts/190208_r0/result.json,54cb4368d7226018a1bbe90c34e2416faf12ad6919c71b8c67606ff9b6c75ec9,7200,True,COMPLETED
4,240,3496625667001444352,60,2026-09-14T14:24:37,2026-09-14T14:26:15,0:0,190209,190209,du_m_p03_p07,jingjie-cpu-03,default_partition,14998,normal,None,24G,0,s311M2GJN24T00,2026-09-14T14:25:15,COMPLETED,2026-09-14T14:24:37,150,00:00:00,s311M2GJN24T00|3496625667001444352|190209|2026-09-14T14:24:37|2026-09-14T14:25:15|0,m_p03_p07,scheduler_completed,decomposition_pool_union_20260914_pair_union_2h,False,38.0,190209_r0,0,explicit_restart,34,True,True,/home/nc437/ladder-lite/decomposition_pool_union_20260914/cases/m_p03_p07/attempts/190209_r0/result.json,9ffa73220ebfcd3d50d6f383b10d3173c6891d2bb43cb52ef4abfab4853c9009,7200,True,COMPLETED
4,316,3496625667001666560,79,2026-09-14T14:24:37,2026-09-14T14:26:34,0:0,190210,190210,du_m_p03_p08,jingjie-cpu-03,default_partition,14998,normal,None,24G,0,s311M2GJN2BK00,2026-09-14T14:25:15,COMPLETED,2026-09-14T14:24:37,150,00:00:00,s311M2GJN2BK00|3496625667001666560|190210|2026-09-14T14:24:37|2026-09-14T14:25:15|0,m_p03_p08,scheduler_completed,decomposition_pool_union_20260914_pair_union_2h,False,38.0,190210_r0,0,explicit_restart,36,True,True,/home/nc437/ladder-lite/decomposition_pool_union_20260914/cases/m_p03_p08/attempts/190210_r0/result.json,242d793eabac6214ed4830d0aad745a00eba0b05a5e8ac3f9bc69f7f3527cde9,7200,True,COMPLETED
4,124,3496625667001916416,31,2026-09-14T14:24:37,2026-09-14T14:25:46,0:0,190211,190211,du_m_p03_p09,jingjie-cpu-04,default_partition,14998,normal,None,24G,0,s311M2GJN2K700,2026-09-14T14:25:15,COMPLETED,2026-09-14T14:24:37,150,00:00:00,s311M2GJN2K700|3496625667001916416|190211|2026-09-14T14:24:37|2026-09-14T14:25:15|0,m_p03_p09,scheduler_completed,decomposition_pool_union_20260914_pair_union_2h,False,38.0,190211_r0,0,explicit_restart,35,True,True,/home/nc437/ladder-lite/decomposition_pool_union_20260914/cases/m_p03_p09/attempts/190211_r0/result.json,59f3ca07699b60caab623ecd1f9a725b24bd3a2bddaa5c12d03bfac448c1d6b5,7200,True,COMPLETED
4,132,3496625667002132480,33,2026-09-14T14:24:38,2026-09-14T14:25:48,0:0,190212,190212,du_m_p04_p05,jingjie-cpu-04,default_partition,14998,normal,None,24G,0,s311M2GJN2ST00,2026-09-14T14:25:15,COMPLETED,2026-09-14T14:24:38,150,00:00:00,s311M2GJN2ST00|3496625667002132480|190212|2026-09-14T14:24:38|2026-09-14T14:25:15|0,m_p04_p05,scheduler_completed,decomposition_pool_union_20260914_pair_union_2h,False,37.0,190212_r0,0,explicit_restart,35,True,True,/home/nc437/ladder-lite/decomposition_pool_union_20260914/cases/m_p04_p05/attempts/190212_r0/result.json,f7c53cc3114e608c9f531830bf3d3db2242062994c048c19cbcb1600b960482d,7200,True,COMPLETED
4,148,3496625667002464256,37,2026-09-14T14:24:38,2026-09-14T14:25:52,0:0,190213,190213,du_m_p04_p06,jingjie-cpu-04,default_partition,14998,normal,None,24G,0,s311M2GJN33Y00,2026-09-14T14:25:15,COMPLETED,2026-09-14T14:24:38,150,00:00:00,s311M2GJN33Y00|3496625667002464256|190213|2026-09-14T14:24:38|2026-09-14T14:25:15|0,m_p04_p06,scheduler_completed,decomposition_pool_union_20260914_pair_union_2h,False,37.0,190213_r0,0,explicit_restart,35,True,True,/home/nc437/ladder-lite/decomposition_pool_union_20260914/cases/m_p04_p06/attempts/190213_r0/result.json,4b2d15601c8f7f9db3f67e77673fe9882afc444a319fe39417941dbf85f503fe,7200,True,COMPLETED
4,132,3496625667002691584,33,2026-09-14T14:24:38,2026-09-14T14:25:48,0:0,190214,190214,du_m_p04_p07,jingjie-cpu-04,default_partition,14998,normal,None,24G,0,s311M2GJN3AW00,2026-09-14T14:25:15,COMPLETED,2026-09-14T14:24:38,150,00:00:00,s311M2GJN3AW00|3496625667002691584|190214|2026-09-14T14:24:38|2026-09-14T14:25:15|0,m_p04_p07,scheduler_completed,decomposition_pool_union_20260914_pair_union_2h,False,37.0,190214_r0,0,explicit_restart,34,True,True,/home/nc437/ladder-lite/decomposition_pool_union_20260914/cases/m_p04_p07/attempts/190214_r0/result.json,d4e758a015f0227cedea3ec2fda6c6780b814846011dbaea53447896ab83b910,7200,True,COMPLETED
4,140,3496625667002984448,35,2026-09-14T14:24:38,2026-09-14T14:25:50,0:0,190215,190215,du_m_p04_p08,jingjie-cpu-04,default_partition,14998,normal,None,24G,0,s311M2GJN3KT00,2026-09-14T14:25:15,COMPLETED,2026-09-14T14:24:38,150,00:00:00,s311M2GJN3KT00|3496625667002984448|190215|2026-09-14T14:24:38|2026-09-14T14:25:15|0,m_p04_p08,scheduler_completed,decomposition_pool_union_20260914_pair_union_2h,False,37.0,190215_r0,0,explicit_restart,35,True,True,/home/nc437/ladder-lite/decomposition_pool_union_20260914/cases/m_p04_p08/attempts/190215_r0/result.json,a46a741ef2e6913f7446c5bef5ada54e68df0afd21c79b461118038ccfcc53ef,7200,True,COMPLETED
4,248,3496625667003215872,62,2026-09-14T14:24:39,2026-09-14T14:26:17,0:0,190216,190216,du_m_p04_p09,jingjie-cpu-04,default_partition,14998,normal,None,24G,0,s311M2GJN3TW00,2026-09-14T14:25:15,COMPLETED,2026-09-14T14:24:39,150,00:00:00,s311M2GJN3TW00|3496625667003215872|190216|2026-09-14T14:24:39|2026-09-14T14:25:15|0,m_p04_p09,scheduler_completed,decomposition_pool_union_20260914_pair_union_2h,False,36.0,190216_r0,0,explicit_restart,35,True,True,/home/nc437/ladder-lite/decomposition_pool_union_20260914/cases/m_p04_p09/attempts/190216_r0/result.json,0e0fc29386d01dcb71eb70bdf17e44dbda43a8a4be42118b86b4c7bbb692625d,7200,True,COMPLETED
4,176,3496625667003483136,44,2026-09-14T14:24:39,2026-09-14T14:25:59,0:0,190217,190217,du_m_p05_p06,jingjie-cpu-04,default_partition,14998,normal,None,24G,0,s311M2GJN43100,2026-09-14T14:25:15,COMPLETED,2026-09-14T14:24:39,150,00:00:00,s311M2GJN43100|3496625667003483136|190217|2026-09-14T14:24:39|2026-09-14T14:25:15|0,m_p05_p06,scheduler_completed,decomposition_pool_union_20260914_pair_union_2h,False,36.0,190217_r0,0,explicit_restart,35,True,True,/home/nc437/ladder-lite/decomposition_pool_union_20260914/cases/m_p05_p06/attempts/190217_r0/result.json,9b14ccc4776d0da960229824baa926692a061d7960456c6c808dcfea87bd9a07,7200,True,COMPLETED
4,124,3496625667003705344,31,2026-09-14T14:24:39,2026-09-14T14:25:46,0:0,190218,190218,du_m_p05_p07,jingjie-cpu-05,default_partition,14998,normal,None,24G,0,s311M2GJN49T00,2026-09-14T14:25:15,COMPLETED,2026-09-14T14:24:39,150,00:00:00,s311M2GJN49T00|3496625667003705344|190218|2026-09-14T14:24:39|2026-09-14T14:25:15|0,m_p05_p07,scheduler_completed,decomposition_pool_union_20260914_pair_union_2h,False,36.0,190218_r0,0,explicit_restart,34,True,True,/home/nc437/ladder-lite/decomposition_pool_union_20260914/cases/m_p05_p07/attempts/190218_r0/result.json,76302b743c45d4d40df5104cc1ef86e46dd22dccc0c48adc022d6b97d39bcd39,7200,True,COMPLETED
4,132,3496625667003830272,33,2026-09-14T14:24:39,2026-09-14T14:25:48,0:0,190219,190219,du_m_p05_p08,jingjie-cpu-05,default_partition,14998,normal,None,24G,0,s311M2GJN4DM00,2026-09-14T14:25:15,COMPLETED,2026-09-14T14:24:39,150,00:00:00,s311M2GJN4DM00|3496625667003830272|190219|2026-09-14T14:24:39|2026-09-14T14:25:15|0,m_p05_p08,scheduler_completed,decomposition_pool_union_20260914_pair_union_2h,False,36.0,190219_r0,0,explicit_restart,35,True,True,/home/nc437/ladder-lite/decomposition_pool_union_20260914/cases/m_p05_p08/attempts/190219_r0/result.json,56adb1dd159045d96f1e64bcc023a9b68b3c93095f18ed11d61e0ce9479edecb,7200,True,COMPLETED
4,356,3496625667003962368,89,2026-09-14T14:24:39,2026-09-14T14:26:44,0:0,190220,190220,du_m_p05_p09,jingjie-cpu-05,default_partition,14998,normal,None,24G,0,s311M2GJN4HN00,2026-09-14T14:25:15,COMPLETED,2026-09-14T14:24:39,150,00:00:00,s311M2GJN4HN00|3496625667003962368|190220|2026-09-14T14:24:39|2026-09-14T14:25:15|0,m_p05_p09,scheduler_completed,decomposition_pool_union_20260914_pair_union_2h,False,36.0,190220_r0,0,explicit_restart,35,True,True,/home/nc437/ladder-lite/decomposition_pool_union_20260914/cases/m_p05_p09/attempts/190220_r0/result.json,a4838a90c85ff64f3f68b7943f2c0fa9a5a13511c89b016b50a42f464639ff13,7200,True,COMPLETED
4,120,3496625667004060672,30,2026-09-14T14:24:39,2026-09-14T14:25:45,0:0,190221,190221,du_m_p06_p07,jingjie-cpu-05,default_partition,14998,normal,None,24G,0,s311M2GJN4MN00,2026-09-14T14:25:15,COMPLETED,2026-09-14T14:24:39,150,00:00:00,s311M2GJN4MN00|3496625667004060672|190221|2026-09-14T14:24:39|2026-09-14T14:25:15|0,m_p06_p07,scheduler_completed,decomposition_pool_union_20260914_pair_union_2h,False,36.0,190221_r0,0,explicit_restart,34,True,True,/home/nc437/ladder-lite/decomposition_pool_union_20260914/cases/m_p06_p07/attempts/190221_r0/result.json,d5cbefc41ee198cef24b0a2098640f8f5c48ff0581c6cde779164aaf831b4470,7200,True,COMPLETED
4,132,3496625667004180480,33,2026-09-14T14:24:40,2026-09-14T14:25:48,0:0,190222,190222,du_m_p06_p08,jingjie-cpu-05,default_partition,14998,normal,None,24G,0,s311M2GJN4RA00,2026-09-14T14:25:15,COMPLETED,2026-09-14T14:24:40,150,00:00:00,s311M2GJN4RA00|3496625667004180480|190222|2026-09-14T14:24:40|2026-09-14T14:25:15|0,m_p06_p08,scheduler_completed,decomposition_pool_union_20260914_pair_union_2h,False,35.0,190222_r0,0,explicit_restart,36,True,True,/home/nc437/ladder-lite/decomposition_pool_union_20260914/cases/m_p06_p08/attempts/190222_r0/result.json,35b4eea27abfc3e729ca66e2e91aae8558099a8fe1f2237e908853f6ff1abd35,7200,True,COMPLETED
4,124,3496625667004513280,31,2026-09-14T14:24:40,2026-09-14T14:25:46,0:0,190223,190223,du_m_p06_p09,jingjie-cpu-05,default_partition,14998,normal,None,24G,0,s311M2GJN52F00,2026-09-14T14:25:15,COMPLETED,2026-09-14T14:24:40,150,00:00:00,s311M2GJN52F00|3496625667004513280|190223|2026-09-14T14:24:40|2026-09-14T14:25:15|0,m_p06_p09,scheduler_completed,decomposition_pool_union_20260914_pair_union_2h,False,35.0,190223_r0,0,explicit_restart,35,True,True,/home/nc437/ladder-lite/decomposition_pool_union_20260914/cases/m_p06_p09/attempts/190223_r0/result.json,00b1b1e439c422fcebc38b1e1692ef55994cdc22ac1a6fc8e1c683a133c546c6,7200,True,COMPLETED
4,240,3496625667004735488,60,2026-09-14T14:24:40,2026-09-14T14:26:15,0:0,190224,190224,du_m_p07_p08,jingjie-cpu-05,default_partition,14998,normal,None,24G,0,s311M2GJN59800,2026-09-14T14:25:15,COMPLETED,2026-09-14T14:24:40,150,00:00:00,s311M2GJN59800|3496625667004735488|190224|2026-09-14T14:24:40|2026-09-14T14:25:15|0,m_p07_p08,scheduler_completed,decomposition_pool_union_20260914_pair_union_2h,False,35.0,190224_r0,0,explicit_restart,34,True,True,/home/nc437/ladder-lite/decomposition_pool_union_20260914/cases/m_p07_p08/attempts/190224_r0/result.json,18ae0c1b1cee2c7687694fadc51a841633e9c8a984e6b6a7aeb4a346a1b7c772,7200,True,COMPLETED
4,364,3496625667005054976,91,2026-09-14T14:24:40,2026-09-14T14:26:46,0:0,190225,190225,du_m_p07_p09,jingjie-cpu-14,default_partition,14998,normal,None,24G,0,s311M2GJN5K000,2026-09-14T14:25:15,COMPLETED,2026-09-14T14:24:40,150,00:00:00,s311M2GJN5K000|3496625667005054976|190225|2026-09-14T14:24:40|2026-09-14T14:25:15|0,m_p07_p09,scheduler_completed,decomposition_pool_union_20260914_pair_union_2h,False,35.0,190225_r0,0,explicit_restart,34,True,True,/home/nc437/ladder-lite/decomposition_pool_union_20260914/cases/m_p07_p09/attempts/190225_r0/result.json,306f390b5fa7ffe3953fad65ab96ce948984fadb88b3f65f5618f0db7fd74d97,7200,True,COMPLETED
4,236,3496625667005277184,59,2026-09-14T14:24:41,2026-09-14T14:26:14,0:0,190226,190226,du_m_p08_p09,jingjie-cpu-14,default_partition,14998,normal,None,24G,0,s311M2GJN5SS00,2026-09-14T14:25:15,COMPLETED,2026-09-14T14:24:41,150,00:00:00,s311M2GJN5SS00|3496625667005277184|190226|2026-09-14T14:24:41|2026-09-14T14:25:15|0,m_p08_p09,scheduler_completed,decomposition_pool_union_20260914_pair_union_2h,False,34.0,190226_r0,0,explicit_restart,35,True,True,/home/nc437/ladder-lite/decomposition_pool_union_20260914/cases/m_p08_p09/attempts/190226_r0/result.json,f01a9395e9b3832ede8968c4be534d44377f76ab428591c048eed431401ddf7c,7200,True,COMPLETED
4,57796,3496625667005375488,14449,2026-09-14T14:24:41,2026-09-14T18:26:04,0:0,190227,190227,du_m_all09,jingjie-cpu-14,default_partition,14998,normal,None,24G,0,s311M2GJN5WS00,2026-09-14T14:25:15,COMPLETED,2026-09-14T14:24:41,270,00:00:00,s311M2GJN5WS00|3496625667005375488|190227|2026-09-14T14:24:41|2026-09-14T14:25:15|0,m_all09,scheduler_completed,decomposition_pool_union_20260914_all_nine_4h,False,34.0,190227_r0,0,explicit_restart,34,True,True,/home/nc437/ladder-lite/decomposition_pool_union_20260914/cases/m_all09/attempts/190227_r0/result.json,40a7f75414d0afef50d5946dee170dbbc4491a6af912cd89cdf6551d87e96844,14400,True,COMPLETED
4,612,3496625667878502400,153,2026-09-14T14:38:53,2026-09-14T14:41:50,0:0,190363,190363,du_native_fixture_p07,unicorn-cpu-74,default_partition,14998,normal,None,24G,0,s311M2GKF6JG00,2026-09-14T14:39:17,COMPLETED,2026-09-14T14:38:53,15,00:00:00,s311M2GKF6JG00|3496625667878502400|190363|2026-09-14T14:38:53|2026-09-14T14:39:17|0,native_fixture_p07,scheduler_completed,decomposition_lp_support_union_20260914_native_fixture,False,24.0,190363_r0,0,explicit_restart,34,True,True,/home/nc437/ladder-lite/decomposition_lp_support_union_20260914/cases/native_fixture_p07/attempts/190363_r0/result.json,6b5cd2890dae2eda2e6accabbd5e0d4b202d7644d0862e97ac0a2d2b3eda2bf3,120,True,COMPLETED
4,332,3496625668168597504,83,2026-09-14T14:43:37,2026-09-14T14:45:40,0:0,190402,190402,du_m_p01,unicorn-cpu-74,default_partition,14998,normal,None,24G,0,s311M2GKQV7G00,2026-09-14T14:44:17,COMPLETED,2026-09-14T14:43:37,150,00:00:00,s311M2GKQV7G00|3496625668168597504|190402|2026-09-14T14:43:37|2026-09-14T14:44:17|0,m_p01,scheduler_completed,decomposition_lp_support_union_20260914_same_partition_2h,False,40.0,190402_r0,0,explicit_restart,35,True,True,/home/nc437/ladder-lite/decomposition_lp_support_union_20260914/cases/m_p01/attempts/190402_r0/result.json,a88c1d56e6eefe7f75c0614fd3fb3d4b909e749efadc42c7e64fae2018d4272a,7200,True,COMPLETED
4,3448,3496625668168702976,862,2026-09-14T14:43:37,2026-09-14T14:58:39,0:0,190403,190403,du_m_p02,unicorn-cpu-87,default_partition,14998,normal,None,24G,0,s311M2GKQVAQ00,2026-09-14T14:44:17,COMPLETED,2026-09-14T14:43:37,150,00:00:00,s311M2GKQVAQ00|3496625668168702976|190403|2026-09-14T14:43:37|2026-09-14T14:44:17|0,m_p02,scheduler_completed,decomposition_lp_support_union_20260914_same_partition_2h,False,40.0,190403_r0,0,explicit_restart,35,True,True,/home/nc437/ladder-lite/decomposition_lp_support_union_20260914/cases/m_p02/attempts/190403_r0/result.json,b0ab0e547ed74e14539127263e715afee5abc91f4878edc9c4d346e46da248e0,7200,True,COMPLETED
4,4832,3496625668169037824,1208,2026-09-14T14:43:37,2026-09-14T15:04:25,0:0,190404,190404,du_m_p03,unicorn-cpu-76,default_partition,14998,normal,None,24G,0,s311M2GKQVMY00,2026-09-14T14:44:17,COMPLETED,2026-09-14T14:43:37,150,00:00:00,s311M2GKQVMY00|3496625668169037824|190404|2026-09-14T14:43:37|2026-09-14T14:44:17|0,m_p03,scheduler_completed,decomposition_lp_support_union_20260914_same_partition_2h,False,40.0,190404_r0,0,explicit_restart,36,True,True,/home/nc437/ladder-lite/decomposition_lp_support_union_20260914/cases/m_p03/attempts/190404_r0/result.json,897fad8b5b51089e74fdb4ddfb805689125b60098577c408647865c4f95754f7,7200,True,COMPLETED
4,2356,3496625668169261056,589,2026-09-14T14:43:37,2026-09-14T14:54:06,0:0,190405,190405,du_m_p04,garg-cpu-02,default_partition,14998,normal,None,24G,0,s311M2GKQVVR00,2026-09-14T14:44:17,COMPLETED,2026-09-14T14:43:37,150,00:00:00,s311M2GKQVVR00|3496625668169261056|190405|2026-09-14T14:43:37|2026-09-14T14:44:17|0,m_p04,scheduler_completed,decomposition_lp_support_union_20260914_same_partition_2h,False,40.0,190405_r0,0,explicit_restart,35,True,True,/home/nc437/ladder-lite/decomposition_lp_support_union_20260914/cases/m_p04/attempts/190405_r0/result.json,55a04630afd98064524daefb6d5640e21475ab880649bb14ee1447ef09562392,7200,True,COMPLETED
4,9604,3496625668169373696,2401,2026-09-14T14:43:37,2026-09-14T15:24:18,0:0,190406,190406,du_m_p05,garg-cpu-02,default_partition,14998,normal,None,24G,0,s311M2GKQVZ600,2026-09-14T14:44:17,COMPLETED,2026-09-14T14:43:37,150,00:00:00,s311M2GKQVZ600|3496625668169373696|190406|2026-09-14T14:43:37|2026-09-14T14:44:17|0,m_p05,scheduler_completed,decomposition_lp_support_union_20260914_same_partition_2h,False,40.0,190406_r0,0,explicit_restart,35,True,True,/home/nc437/ladder-lite/decomposition_lp_support_union_20260914/cases/m_p05/attempts/190406_r0/result.json,9f8a94fa0eec0541dcc934d60bbf1fb2628f0fe055d36427804c817fb58557e7,7200,True,COMPLETED
4,29152,3496625668169478144,7288,2026-09-14T14:43:38,2026-09-14T16:45:45,0:0,190407,190407,du_m_p06,garg-cpu-02,default_partition,14998,normal,None,24G,0,s311M2GKQW2C00,2026-09-14T14:44:17,COMPLETED,2026-09-14T14:43:38,150,00:00:00,s311M2GKQW2C00|3496625668169478144|190407|2026-09-14T14:43:38|2026-09-14T14:44:17|0,m_p06,scheduler_completed,decomposition_lp_support_union_20260914_same_partition_2h,False,39.0,190407_r0,0,explicit_restart,36,True,True,/home/nc437/ladder-lite/decomposition_lp_support_union_20260914/cases/m_p06/attempts/190407_r0/result.json,807f627da3ab7ba8dbde94365dba3afd95642e7989159b26fa91e5856f92397e,7200,True,COMPLETED
4,2300,3496625668169589760,575,2026-09-14T14:43:38,2026-09-14T14:53:52,0:0,190408,190408,du_m_p07,garg-cpu-02,default_partition,14998,normal,None,24G,0,s311M2GKQW5S00,2026-09-14T14:44:17,COMPLETED,2026-09-14T14:43:38,150,00:00:00,s311M2GKQW5S00|3496625668169589760|190408|2026-09-14T14:43:38|2026-09-14T14:44:17|0,m_p07,scheduler_completed,decomposition_lp_support_union_20260914_same_partition_2h,False,39.0,190408_r0,0,explicit_restart,34,True,True,/home/nc437/ladder-lite/decomposition_lp_support_union_20260914/cases/m_p07/attempts/190408_r0/result.json,23c7e95f7afd749fe7357553f1eb3cdfe4729c8ca1357df95d23ed95a7aaecdf,7200,True,COMPLETED
4,28912,3496625668169704448,7228,2026-09-14T14:43:38,2026-09-14T16:44:45,0:0,190409,190409,du_m_p08,garg-cpu-02,default_partition,14998,normal,None,24G,0,s311M2GKQW9900,2026-09-14T14:44:17,COMPLETED,2026-09-14T14:43:38,150,00:00:00,s311M2GKQW9900|3496625668169704448|190409|2026-09-14T14:43:38|2026-09-14T14:44:17|0,m_p08,scheduler_completed,decomposition_lp_support_union_20260914_same_partition_2h,False,39.0,190409_r0,0,explicit_restart,37,True,True,/home/nc437/ladder-lite/decomposition_lp_support_union_20260914/cases/m_p08/attempts/190409_r0/result.json,e83eee33ef698533081229dabcfa89f92eba7ddddfdd8cdbeb13b53aa3c90fe6,7200,True,COMPLETED
4,4208,3496625668169943040,1052,2026-09-14T14:43:38,2026-09-14T15:01:49,0:0,190410,190410,du_m_p09,garg-cpu-02,default_partition,14998,normal,None,24G,0,s311M2GKQWGJ00,2026-09-14T14:44:17,COMPLETED,2026-09-14T14:43:38,150,00:00:00,s311M2GKQWGJ00|3496625668169943040|190410|2026-09-14T14:43:38|2026-09-14T14:44:17|0,m_p09,scheduler_completed,decomposition_lp_support_union_20260914_same_partition_2h,False,39.0,190410_r0,0,explicit_restart,35,True,True,/home/nc437/ladder-lite/decomposition_lp_support_union_20260914/cases/m_p09/attempts/190410_r0/result.json,630652ec29a176fb2e921ed36502546c5a9b2c51325be83e9171124dd721abbf,7200,True,COMPLETED
4,28916,3496625668170174464,7229,2026-09-14T14:43:38,2026-09-14T16:44:46,0:0,190411,190411,du_m_p01_p02,garg-cpu-02,default_partition,14998,normal,None,24G,0,s311M2GKQWQM00,2026-09-14T14:44:17,COMPLETED,2026-09-14T14:43:38,150,00:00:00,s311M2GKQWQM00|3496625668170174464|190411|2026-09-14T14:43:38|2026-09-14T14:44:17|0,m_p01_p02,scheduler_completed,decomposition_lp_support_union_20260914_pair_union_2h,False,39.0,190411_r0,0,explicit_restart,35,True,True,/home/nc437/ladder-lite/decomposition_lp_support_union_20260914/cases/m_p01_p02/attempts/190411_r0/result.json,c2f0d2efeb2072bb8502169719d4c02202c13135192e24be78567a99cdd5042e,7200,True,COMPLETED
4,28920,3496625668170277888,7230,2026-09-14T14:43:38,2026-09-14T16:44:47,0:0,190412,190412,du_m_p01_p03,garg-cpu-02,default_partition,14998,normal,None,24G,0,s311M2GKQWTS00,2026-09-14T14:44:17,COMPLETED,2026-09-14T14:43:38,150,00:00:00,s311M2GKQWTS00|3496625668170277888|190412|2026-09-14T14:43:38|2026-09-14T14:44:17|0,m_p01_p03,scheduler_completed,decomposition_lp_support_union_20260914_pair_union_2h,False,39.0,190412_r0,0,explicit_restart,35,True,True,/home/nc437/ladder-lite/decomposition_lp_support_union_20260914/cases/m_p01_p03/attempts/190412_r0/result.json,5e739d46150f002707d866b31df5d600cdbf5ae7d4dd052aa2a1c69ba3c16f2f,7200,True,COMPLETED
4,28904,3496625668170572800,7226,2026-09-14T14:43:39,2026-09-14T16:44:43,0:0,190413,190413,du_m_p01_p04,jingjie-cpu-20,default_partition,14998,normal,None,24G,0,s311M2GKQX3S00,2026-09-14T14:44:17,COMPLETED,2026-09-14T14:43:39,150,00:00:00,s311M2GKQX3S00|3496625668170572800|190413|2026-09-14T14:43:39|2026-09-14T14:44:17|0,m_p01_p04,scheduler_completed,decomposition_lp_support_union_20260914_pair_union_2h,False,38.0,190413_r0,0,explicit_restart,35,True,True,/home/nc437/ladder-lite/decomposition_lp_support_union_20260914/cases/m_p01_p04/attempts/190413_r0/result.json,04c8c64faa6c3db55f5a10f0e514d16ba5cf7f48131735c2a9a7c945f2139a11,7200,True,COMPLETED
4,28904,3496625668170805248,7226,2026-09-14T14:43:39,2026-09-14T16:44:43,0:0,190414,190414,du_m_p01_p05,jingjie-cpu-01,default_partition,14998,normal,None,24G,0,s311M2GKQXAW00,2026-09-14T14:44:17,COMPLETED,2026-09-14T14:43:39,150,00:00:00,s311M2GKQXAW00|3496625668170805248|190414|2026-09-14T14:43:39|2026-09-14T14:44:17|0,m_p01_p05,scheduler_completed,decomposition_lp_support_union_20260914_pair_union_2h,False,38.0,190414_r0,0,explicit_restart,35,True,True,/home/nc437/ladder-lite/decomposition_lp_support_union_20260914/cases/m_p01_p05/attempts/190414_r0/result.json,97f119308693c85a5cd7f884b82ba5c87ba092b54b11c2c184387248bf5eadb4,7200,True,COMPLETED
4,28904,3496625668171041792,7226,2026-09-14T14:43:39,2026-09-14T16:44:43,0:0,190415,190415,du_m_p01_p06,jingjie-cpu-01,default_partition,14998,normal,None,24G,0,s311M2GKQXJ300,2026-09-14T14:44:17,COMPLETED,2026-09-14T14:43:39,150,00:00:00,s311M2GKQXJ300|3496625668171041792|190415|2026-09-14T14:43:39|2026-09-14T14:44:17|0,m_p01_p06,scheduler_completed,decomposition_lp_support_union_20260914_pair_union_2h,False,38.0,190415_r0,0,explicit_restart,35,True,True,/home/nc437/ladder-lite/decomposition_lp_support_union_20260914/cases/m_p01_p06/attempts/190415_r0/result.json,caecf5a0d4fab116ea428b350fb6a26d1341fb2c4ca1c4b283407e9c0f68805d,7200,True,COMPLETED
4,28904,3496625668171284480,7226,2026-09-14T14:43:39,2026-09-14T16:44:43,0:0,190416,190416,du_m_p01_p07,jingjie-cpu-06,default_partition,14998,normal,None,24G,0,s311M2GKQXSG00,2026-09-14T14:44:17,COMPLETED,2026-09-14T14:43:39,150,00:00:00,s311M2GKQXSG00|3496625668171284480|190416|2026-09-14T14:43:39|2026-09-14T14:44:17|0,m_p01_p07,scheduler_completed,decomposition_lp_support_union_20260914_pair_union_2h,False,38.0,190416_r0,0,explicit_restart,34,True,True,/home/nc437/ladder-lite/decomposition_lp_support_union_20260914/cases/m_p01_p07/attempts/190416_r0/result.json,b1564dad7a485be404f18ec4edadfd2bc9a7d46e945daa20fb6eb76de11c5cd9,7200,True,COMPLETED
4,28904,3496625668171514880,7226,2026-09-14T14:43:40,2026-09-14T16:44:43,0:0,190417,190417,du_m_p01_p08,jingjie-cpu-06,default_partition,14998,normal,None,24G,0,s311M2GKQY0H00,2026-09-14T14:44:17,COMPLETED,2026-09-14T14:43:40,150,00:00:00,s311M2GKQY0H00|3496625668171514880|190417|2026-09-14T14:43:40|2026-09-14T14:44:17|0,m_p01_p08,scheduler_completed,decomposition_lp_support_union_20260914_pair_union_2h,False,37.0,190417_r0,0,explicit_restart,35,True,True,/home/nc437/ladder-lite/decomposition_lp_support_union_20260914/cases/m_p01_p08/attempts/190417_r0/result.json,115d21de9729d472f1b8f2bf263a8d5c3c73e4b1316c66c894689206e5b5c044,7200,True,COMPLETED
4,28904,3496625668171736064,7226,2026-09-14T14:43:40,2026-09-14T16:44:43,0:0,190418,190418,du_m_p01_p09,jingjie-cpu-06,default_partition,14998,normal,None,24G,0,s311M2GKQY7900,2026-09-14T14:44:17,COMPLETED,2026-09-14T14:43:40,150,00:00:00,s311M2GKQY7900|3496625668171736064|190418|2026-09-14T14:43:40|2026-09-14T14:44:17|0,m_p01_p09,scheduler_completed,decomposition_lp_support_union_20260914_pair_union_2h,False,37.0,190418_r0,0,explicit_restart,35,True,True,/home/nc437/ladder-lite/decomposition_lp_support_union_20260914/cases/m_p01_p09/attempts/190418_r0/result.json,2dbf1796b026145ea478071064a7c1df424bf0feb41a166f7b193c7be2b3baf9,7200,True,COMPLETED
4,28908,3496625668171848704,7227,2026-09-14T14:43:40,2026-09-14T16:44:44,0:0,190419,190419,du_m_p02_p03,jingjie-cpu-02,default_partition,14998,normal,None,24G,0,s311M2GKQYAQ00,2026-09-14T14:44:17,COMPLETED,2026-09-14T14:43:40,150,00:00:00,s311M2GKQYAQ00|3496625668171848704|190419|2026-09-14T14:43:40|2026-09-14T14:44:17|0,m_p02_p03,scheduler_completed,decomposition_lp_support_union_20260914_pair_union_2h,False,37.0,190419_r0,0,explicit_restart,35,True,True,/home/nc437/ladder-lite/decomposition_lp_support_union_20260914/cases/m_p02_p03/attempts/190419_r0/result.json,903da60fae0aafcea47dab8077ba00768a60ca8515b1e902e1dd2643d7daafc1,7200,True,COMPLETED
4,28908,3496625668172106752,7227,2026-09-14T14:43:40,2026-09-14T16:44:44,0:0,190420,190420,du_m_p02_p04,jingjie-cpu-02,default_partition,14998,normal,None,24G,0,s311M2GKQYJK00,2026-09-14T14:44:17,COMPLETED,2026-09-14T14:43:40,150,00:00:00,s311M2GKQYJK00|3496625668172106752|190420|2026-09-14T14:43:40|2026-09-14T14:44:17|0,m_p02_p04,scheduler_completed,decomposition_lp_support_union_20260914_pair_union_2h,False,37.0,190420_r0,0,explicit_restart,35,True,True,/home/nc437/ladder-lite/decomposition_lp_support_union_20260914/cases/m_p02_p04/attempts/190420_r0/result.json,e431da00ec3e6e41ee6d557119266ee4131a48ad8ef6e6e7f785e0a7b21cb735,7200,True,COMPLETED
4,29044,3496625668172335104,7261,2026-09-14T14:43:40,2026-09-14T16:45:18,0:0,190421,190421,du_m_p02_p05,jingjie-cpu-02,default_partition,14998,normal,None,24G,0,s311M2GKQYSJ00,2026-09-14T14:44:17,COMPLETED,2026-09-14T14:43:40,150,00:00:00,s311M2GKQYSJ00|3496625668172335104|190421|2026-09-14T14:43:40|2026-09-14T14:44:17|0,m_p02_p05,scheduler_completed,decomposition_lp_support_union_20260914_pair_union_2h,False,37.0,190421_r0,0,explicit_restart,35,True,True,/home/nc437/ladder-lite/decomposition_lp_support_union_20260914/cases/m_p02_p05/attempts/190421_r0/result.json,ecd936651392e61b8d87a1098597c6bff9674218972f37c043a96e186cdf00e3,7200,True,COMPLETED
4,29160,3496625668172464128,7290,2026-09-14T14:43:40,2026-09-14T16:45:47,0:0,190422,190422,du_m_p02_p06,jingjie-cpu-03,default_partition,14998,normal,None,24G,0,s311M2GKQYXG00,2026-09-14T14:44:17,COMPLETED,2026-09-14T14:43:40,150,00:00:00,s311M2GKQYXG00|3496625668172464128|190422|2026-09-14T14:43:40|2026-09-14T14:44:17|0,m_p02_p06,scheduler_completed,decomposition_lp_support_union_20260914_pair_union_2h,False,37.0,190422_r0,0,explicit_restart,35,True,True,/home/nc437/ladder-lite/decomposition_lp_support_union_20260914/cases/m_p02_p06/attempts/190422_r0/result.json,37bdef685039536f61837f50ad0879856e6ac62ceb144556f67c7d051d8e76e8,7200,True,COMPLETED
4,28916,3496625668172561408,7229,2026-09-14T14:43:41,2026-09-14T16:44:46,0:0,190423,190423,du_m_p02_p07,jingjie-cpu-03,default_partition,14998,normal,None,24G,0,s311M2GKQZ0F00,2026-09-14T14:44:17,COMPLETED,2026-09-14T14:43:41,150,00:00:00,s311M2GKQZ0F00|3496625668172561408|190423|2026-09-14T14:43:41|2026-09-14T14:44:17|0,m_p02_p07,scheduler_completed,decomposition_lp_support_union_20260914_pair_union_2h,False,36.0,190423_r0,0,explicit_restart,34,True,True,/home/nc437/ladder-lite/decomposition_lp_support_union_20260914/cases/m_p02_p07/attempts/190423_r0/result.json,c4e92266ef7d2e22c38d86d112d222213c83059f63f6f9c9700b11d8ff7b44f7,7200,True,COMPLETED
4,29044,3496625668172665856,7261,2026-09-14T14:43:41,2026-09-14T16:45:18,0:0,190424,190424,du_m_p02_p08,jingjie-cpu-03,default_partition,14998,normal,None,24G,0,s311M2GKQZ3N00,2026-09-14T14:44:17,COMPLETED,2026-09-14T14:43:41,150,00:00:00,s311M2GKQZ3N00|3496625668172665856|190424|2026-09-14T14:43:41|2026-09-14T14:44:17|0,m_p02_p08,scheduler_completed,decomposition_lp_support_union_20260914_pair_union_2h,False,36.0,190424_r0,0,explicit_restart,35,True,True,/home/nc437/ladder-lite/decomposition_lp_support_union_20260914/cases/m_p02_p08/attempts/190424_r0/result.json,57e1232d8a42c4d5c5bb6339c637166d9ebc0c0eb71c40378d21c538c4b7daf3,7200,True,COMPLETED
4,28916,3496625668172761088,7229,2026-09-14T14:43:41,2026-09-14T16:44:46,0:0,190425,190425,du_m_p02_p09,jingjie-cpu-03,default_partition,14998,normal,None,24G,0,s311M2GKQZ6J00,2026-09-14T14:44:17,COMPLETED,2026-09-14T14:43:41,150,00:00:00,s311M2GKQZ6J00|3496625668172761088|190425|2026-09-14T14:43:41|2026-09-14T14:44:17|0,m_p02_p09,scheduler_completed,decomposition_lp_support_union_20260914_pair_union_2h,False,36.0,190425_r0,0,explicit_restart,35,True,True,/home/nc437/ladder-lite/decomposition_lp_support_union_20260914/cases/m_p02_p09/attempts/190425_r0/result.json,04a7753a483acec04de9a16e635fc281dff23a82b5896bc20272c02e9096007f,7200,True,COMPLETED
4,28916,3496625668173337600,7229,2026-09-14T14:43:41,2026-09-14T16:44:46,0:0,190426,190426,du_m_p03_p04,jingjie-cpu-03,default_partition,14998,normal,None,24G,0,s311M2GKQZR500,2026-09-14T14:44:17,COMPLETED,2026-09-14T14:43:41,150,00:00:00,s311M2GKQZR500|3496625668173337600|190426|2026-09-14T14:43:41|2026-09-14T14:44:17|0,m_p03_p04,scheduler_completed,decomposition_lp_support_union_20260914_pair_union_2h,False,36.0,190426_r0,0,explicit_restart,35,True,True,/home/nc437/ladder-lite/decomposition_lp_support_union_20260914/cases/m_p03_p04/attempts/190426_r0/result.json,0298061827c1bf80404ab3e8dcfe4c0bd36d51f7c6f568d42f67c6e60cd97d6a,7200,True,COMPLETED
4,28916,3496625668174007296,7229,2026-09-14T14:43:42,2026-09-14T16:44:46,0:0,190427,190427,du_m_p03_p05,jingjie-cpu-03,default_partition,14998,normal,None,24G,0,s311M2GKR0CK00,2026-09-14T14:44:17,COMPLETED,2026-09-14T14:43:42,150,00:00:00,s311M2GKR0CK00|3496625668174007296|190427|2026-09-14T14:43:42|2026-09-14T14:44:17|0,m_p03_p05,scheduler_completed,decomposition_lp_support_union_20260914_pair_union_2h,False,35.0,190427_r0,0,explicit_restart,35,True,True,/home/nc437/ladder-lite/decomposition_lp_support_union_20260914/cases/m_p03_p05/attempts/190427_r0/result.json,2e4a85fab7bf0d515538f9da59b07bfe79f14e4a965a09c54d93906e9d3ef21c,7200,True,COMPLETED
4,28916,3496625668174228480,7229,2026-09-14T14:43:42,2026-09-14T16:44:46,0:0,190428,190428,du_m_p03_p06,jingjie-cpu-03,default_partition,14998,normal,None,24G,0,s311M2GKR0KB00,2026-09-14T14:44:17,COMPLETED,2026-09-14T14:43:42,150,00:00:00,s311M2GKR0KB00|3496625668174228480|190428|2026-09-14T14:43:42|2026-09-14T14:44:17|0,m_p03_p06,scheduler_completed,decomposition_lp_support_union_20260914_pair_union_2h,False,35.0,190428_r0,0,explicit_restart,36,True,True,/home/nc437/ladder-lite/decomposition_lp_support_union_20260914/cases/m_p03_p06/attempts/190428_r0/result.json,86429f79366c6a84d173f3bfdc49331e84b955ecccf4cd6ca85f5124ad0e597f,7200,True,COMPLETED
4,28916,3496625668178693120,7229,2026-09-14T14:43:47,2026-09-14T16:44:46,0:0,190429,190429,du_m_p03_p07,jingjie-cpu-04,default_partition,14998,normal,None,24G,0,s311M2GKR4VK00,2026-09-14T14:44:17,COMPLETED,2026-09-14T14:43:47,150,00:00:00,s311M2GKR4VK00|3496625668178693120|190429|2026-09-14T14:43:47|2026-09-14T14:44:17|0,m_p03_p07,scheduler_completed,decomposition_lp_support_union_20260914_pair_union_2h,False,30.0,190429_r0,0,explicit_restart,34,True,True,/home/nc437/ladder-lite/decomposition_lp_support_union_20260914/cases/m_p03_p07/attempts/190429_r0/result.json,8ec66e802cf1f4b05aaeb6e7b93a32c74ffe88e227abca1a53b90357f13355b0,7200,True,COMPLETED
4,28916,3496625668179128320,7229,2026-09-14T14:43:47,2026-09-14T16:44:46,0:0,190430,190430,du_m_p03_p08,jingjie-cpu-04,default_partition,14998,normal,None,24G,0,s311M2GKR58W00,2026-09-14T14:44:17,COMPLETED,2026-09-14T14:43:47,150,00:00:00,s311M2GKR58W00|3496625668179128320|190430|2026-09-14T14:43:47|2026-09-14T14:44:17|0,m_p03_p08,scheduler_completed,decomposition_lp_support_union_20260914_pair_union_2h,False,30.0,190430_r0,0,explicit_restart,36,True,True,/home/nc437/ladder-lite/decomposition_lp_support_union_20260914/cases/m_p03_p08/attempts/190430_r0/result.json,f1e3090a18a349efd470636026f91f9f52bf8d689ebd93febea3749ed3c39fb6,7200,True,COMPLETED
4,29044,3496625668179228672,7261,2026-09-14T14:43:47,2026-09-14T16:45:18,0:0,190431,190431,du_m_p03_p09,jingjie-cpu-04,default_partition,14998,normal,None,24G,0,s311M2GKR5BY00,2026-09-14T14:44:17,COMPLETED,2026-09-14T14:43:47,150,00:00:00,s311M2GKR5BY00|3496625668179228672|190431|2026-09-14T14:43:47|2026-09-14T14:44:17|0,m_p03_p09,scheduler_completed,decomposition_lp_support_union_20260914_pair_union_2h,False,30.0,190431_r0,0,explicit_restart,35,True,True,/home/nc437/ladder-lite/decomposition_lp_support_union_20260914/cases/m_p03_p09/attempts/190431_r0/result.json,feb02e53a918eaec22d41a6dd143e2bb0139363dff1296ac887395e9e7533f68,7200,True,COMPLETED
4,29520,3496625668179336192,7380,2026-09-14T14:43:47,2026-09-14T16:47:17,0:0,190432,190432,du_m_p04_p05,jingjie-cpu-04,default_partition,14998,normal,None,24G,0,s311M2GKR5F700,2026-09-14T14:44:17,COMPLETED,2026-09-14T14:43:47,150,00:00:00,s311M2GKR5F700|3496625668179336192|190432|2026-09-14T14:43:47|2026-09-14T14:44:17|0,m_p04_p05,scheduler_completed,decomposition_lp_support_union_20260914_pair_union_2h,False,30.0,190432_r0,0,explicit_restart,35,True,True,/home/nc437/ladder-lite/decomposition_lp_support_union_20260914/cases/m_p04_p05/attempts/190432_r0/result.json,f4850a8c244675c7f50607c0b726d2706e97344dc5d950cb32f743519d8d5d61,7200,True,COMPLETED
4,29160,3496625668179434496,7290,2026-09-14T14:43:47,2026-09-14T16:45:47,0:0,190433,190433,du_m_p04_p06,jingjie-cpu-04,default_partition,14998,normal,None,24G,0,s311M2GKR5J700,2026-09-14T14:44:17,COMPLETED,2026-09-14T14:43:47,150,00:00:00,s311M2GKR5J700|3496625668179434496|190433|2026-09-14T14:43:47|2026-09-14T14:44:17|0,m_p04_p06,scheduler_completed,decomposition_lp_support_union_20260914_pair_union_2h,False,30.0,190433_r0,0,explicit_restart,35,True,True,/home/nc437/ladder-lite/decomposition_lp_support_union_20260914/cases/m_p04_p06/attempts/190433_r0/result.json,66cb9d5f57af67f40bab7d26544e70b74a802311208218fafd354c1e86e147df,7200,True,COMPLETED
4,29396,3496625668179546112,7349,2026-09-14T14:43:47,2026-09-14T16:46:46,0:0,190434,190434,du_m_p04_p07,jingjie-cpu-04,default_partition,14998,normal,None,24G,0,s311M2GKR5NM00,2026-09-14T14:44:17,COMPLETED,2026-09-14T14:43:47,150,00:00:00,s311M2GKR5NM00|3496625668179546112|190434|2026-09-14T14:43:47|2026-09-14T14:44:17|0,m_p04_p07,scheduler_completed,decomposition_lp_support_union_20260914_pair_union_2h,False,30.0,190434_r0,0,explicit_restart,34,True,True,/home/nc437/ladder-lite/decomposition_lp_support_union_20260914/cases/m_p04_p07/attempts/190434_r0/result.json,61a845930ab23bcdccfe35a7d7dfc71d1d74ab849e61b0a1d1d5ed8426f27c81,7200,True,COMPLETED
4,29276,3496625668179656704,7319,2026-09-14T14:43:47,2026-09-14T16:46:16,0:0,190435,190435,du_m_p04_p08,jingjie-cpu-04,default_partition,14998,normal,None,24G,0,s311M2GKR5S000,2026-09-14T14:44:17,COMPLETED,2026-09-14T14:43:47,150,00:00:00,s311M2GKR5S000|3496625668179656704|190435|2026-09-14T14:43:47|2026-09-14T14:44:17|0,m_p04_p08,scheduler_completed,decomposition_lp_support_union_20260914_pair_union_2h,False,30.0,190435_r0,0,explicit_restart,35,True,True,/home/nc437/ladder-lite/decomposition_lp_support_union_20260914/cases/m_p04_p08/attempts/190435_r0/result.json,5aecd43b6d632069632e5c5626dc65f8e3614dc862a44c22b0d21e327c3ce5ee,7200,True,COMPLETED
4,28908,3496625668179757056,7227,2026-09-14T14:43:48,2026-09-14T16:44:44,0:0,190436,190436,du_m_p04_p09,jingjie-cpu-05,default_partition,14998,normal,None,24G,0,s311M2GKR5W200,2026-09-14T14:44:17,COMPLETED,2026-09-14T14:43:48,150,00:00:00,s311M2GKR5W200|3496625668179757056|190436|2026-09-14T14:43:48|2026-09-14T14:44:17|0,m_p04_p09,scheduler_completed,decomposition_lp_support_union_20260914_pair_union_2h,False,29.0,190436_r0,0,explicit_restart,35,True,True,/home/nc437/ladder-lite/decomposition_lp_support_union_20260914/cases/m_p04_p09/attempts/190436_r0/result.json,02c3f89ba35781b5281432e9088e219a5d0685583c0589d2061a854d1359b424,7200,True,COMPLETED
4,29044,3496625668179867648,7261,2026-09-14T14:43:48,2026-09-14T16:45:18,0:0,190437,190437,du_m_p05_p06,jingjie-cpu-05,default_partition,14998,normal,None,24G,0,s311M2GKR5ZE00,2026-09-14T14:44:17,COMPLETED,2026-09-14T14:43:48,150,00:00:00,s311M2GKR5ZE00|3496625668179867648|190437|2026-09-14T14:43:48|2026-09-14T14:44:17|0,m_p05_p06,scheduler_completed,decomposition_lp_support_union_20260914_pair_union_2h,False,29.0,190437_r0,0,explicit_restart,35,True,True,/home/nc437/ladder-lite/decomposition_lp_support_union_20260914/cases/m_p05_p06/attempts/190437_r0/result.json,cf03d6696534f298c6f6f4f57357d2134a53df88df2860c879dec5c45d1e7b6f,7200,True,COMPLETED
4,28908,3496625668179970048,7227,2026-09-14T14:43:48,2026-09-14T16:44:44,0:0,190438,190438,du_m_p05_p07,jingjie-cpu-05,default_partition,14998,normal,None,24G,0,s311M2GKR62J00,2026-09-14T14:44:17,COMPLETED,2026-09-14T14:43:48,150,00:00:00,s311M2GKR62J00|3496625668179970048|190438|2026-09-14T14:43:48|2026-09-14T14:44:17|0,m_p05_p07,scheduler_completed,decomposition_lp_support_union_20260914_pair_union_2h,False,29.0,190438_r0,0,explicit_restart,34,True,True,/home/nc437/ladder-lite/decomposition_lp_support_union_20260914/cases/m_p05_p07/attempts/190438_r0/result.json,f3de2ef5c52492dbc5725e8283c2ba5b200068d3bbc9883cb5dcf239dfb2cbea,7200,True,COMPLETED
4,29152,3496625668180215808,7288,2026-09-14T14:43:48,2026-09-14T16:45:45,0:0,190439,190439,du_m_p05_p08,jingjie-cpu-05,default_partition,14998,normal,None,24G,0,s311M2GKR6A200,2026-09-14T14:44:17,COMPLETED,2026-09-14T14:43:48,150,00:00:00,s311M2GKR6A200|3496625668180215808|190439|2026-09-14T14:43:48|2026-09-14T14:44:17|0,m_p05_p08,scheduler_completed,decomposition_lp_support_union_20260914_pair_union_2h,False,29.0,190439_r0,0,explicit_restart,35,True,True,/home/nc437/ladder-lite/decomposition_lp_support_union_20260914/cases/m_p05_p08/attempts/190439_r0/result.json,1f075e6ff02c708bdc2112bc49062c1de01d970d4e230f73a8e5d8ca605f9b7a,7200,True,COMPLETED
4,28908,3496625668180662272,7227,2026-09-14T14:43:48,2026-09-14T16:44:44,0:0,190440,190440,du_m_p05_p09,jingjie-cpu-05,default_partition,14998,normal,None,24G,0,s311M2GKR6QP00,2026-09-14T14:44:17,COMPLETED,2026-09-14T14:43:48,150,00:00:00,s311M2GKR6QP00|3496625668180662272|190440|2026-09-14T14:43:48|2026-09-14T14:44:17|0,m_p05_p09,scheduler_completed,decomposition_lp_support_union_20260914_pair_union_2h,False,29.0,190440_r0,0,explicit_restart,35,True,True,/home/nc437/ladder-lite/decomposition_lp_support_union_20260914/cases/m_p05_p09/attempts/190440_r0/result.json,9c96309cb8608bf3c370b7337d70a329187fb94a913b4d94827976d5d1505a2e,7200,True,COMPLETED
4,28904,3496625668180895744,7226,2026-09-14T14:43:49,2026-09-14T16:44:43,0:0,190441,190441,du_m_p06_p07,jingjie-cpu-05,default_partition,14998,normal,None,24G,0,s311M2GKR6YT00,2026-09-14T14:44:17,COMPLETED,2026-09-14T14:43:49,150,00:00:00,s311M2GKR6YT00|3496625668180895744|190441|2026-09-14T14:43:49|2026-09-14T14:44:17|0,m_p06_p07,scheduler_completed,decomposition_lp_support_union_20260914_pair_union_2h,False,28.0,190441_r0,0,explicit_restart,34,True,True,/home/nc437/ladder-lite/decomposition_lp_support_union_20260914/cases/m_p06_p07/attempts/190441_r0/result.json,63bb246a571f25686dd17998028d30589046e548c29371f5117ac6e9c8c6565e,7200,True,COMPLETED
4,28904,3496625668181003264,7226,2026-09-14T14:43:49,2026-09-14T16:44:43,0:0,190442,190442,du_m_p06_p08,jingjie-cpu-05,default_partition,14998,normal,None,24G,0,s311M2GKR72300,2026-09-14T14:44:17,COMPLETED,2026-09-14T14:43:49,150,00:00:00,s311M2GKR72300|3496625668181003264|190442|2026-09-14T14:43:49|2026-09-14T14:44:17|0,m_p06_p08,scheduler_completed,decomposition_lp_support_union_20260914_pair_union_2h,False,28.0,190442_r0,0,explicit_restart,36,True,True,/home/nc437/ladder-lite/decomposition_lp_support_union_20260914/cases/m_p06_p08/attempts/190442_r0/result.json,03c5eed7bf8ffb31b812103f6ff2ca74d7b090adcd4b5308f3f5d70aa18009f4,7200,True,COMPLETED
4,28904,3496625668181104640,7226,2026-09-14T14:43:49,2026-09-14T16:44:43,0:0,190443,190443,du_m_p06_p09,jingjie-cpu-14,default_partition,14998,normal,None,24G,0,s311M2GKR75600,2026-09-14T14:44:17,COMPLETED,2026-09-14T14:43:49,150,00:00:00,s311M2GKR75600|3496625668181104640|190443|2026-09-14T14:43:49|2026-09-14T14:44:17|0,m_p06_p09,scheduler_completed,decomposition_lp_support_union_20260914_pair_union_2h,False,28.0,190443_r0,0,explicit_restart,35,True,True,/home/nc437/ladder-lite/decomposition_lp_support_union_20260914/cases/m_p06_p09/attempts/190443_r0/result.json,5d4c388a5c2e9db998c79785e37d46a3c5aca826e23e21df6d6b29b2b1718ee5,7200,True,COMPLETED
4,28904,3496625668181258240,7226,2026-09-14T14:43:49,2026-09-14T16:44:43,0:0,190444,190444,du_m_p07_p08,jingjie-cpu-14,default_partition,14998,normal,None,24G,0,s311M2GKR79W00,2026-09-14T14:44:17,COMPLETED,2026-09-14T14:43:49,150,00:00:00,s311M2GKR79W00|3496625668181258240|190444|2026-09-14T14:43:49|2026-09-14T14:44:17|0,m_p07_p08,scheduler_completed,decomposition_lp_support_union_20260914_pair_union_2h,False,28.0,190444_r0,0,explicit_restart,34,True,True,/home/nc437/ladder-lite/decomposition_lp_support_union_20260914/cases/m_p07_p08/attempts/190444_r0/result.json,372b47c560f04b205479558a3a1fd71804e8cf12c446d5e0f200763fafb913fd,7200,True,COMPLETED
4,28912,3496625668181368832,7228,2026-09-14T14:43:49,2026-09-14T16:44:45,0:0,190445,190445,du_m_p07_p09,jingjie-cpu-15,default_partition,14998,normal,None,24G,0,s311M2GKR7D800,2026-09-14T14:44:17,COMPLETED,2026-09-14T14:43:49,150,00:00:00,s311M2GKR7D800|3496625668181368832|190445|2026-09-14T14:43:49|2026-09-14T14:44:17|0,m_p07_p09,scheduler_completed,decomposition_lp_support_union_20260914_pair_union_2h,False,28.0,190445_r0,0,explicit_restart,34,True,True,/home/nc437/ladder-lite/decomposition_lp_support_union_20260914/cases/m_p07_p09/attempts/190445_r0/result.json,f8534a8d26e0e9deb0eb94879c3c4f9c1c36406091f4bcb95d9783d2f67a0be6,7200,True,COMPLETED
4,28912,3496625668181474304,7228,2026-09-14T14:43:49,2026-09-14T16:44:45,0:0,190446,190446,du_m_p08_p09,jingjie-cpu-15,default_partition,14998,normal,None,24G,0,s311M2GKR7GF00,2026-09-14T14:44:17,COMPLETED,2026-09-14T14:43:49,150,00:00:00,s311M2GKR7GF00|3496625668181474304|190446|2026-09-14T14:43:49|2026-09-14T14:44:17|0,m_p08_p09,scheduler_completed,decomposition_lp_support_union_20260914_pair_union_2h,False,28.0,190446_r0,0,explicit_restart,35,True,True,/home/nc437/ladder-lite/decomposition_lp_support_union_20260914/cases/m_p08_p09/attempts/190446_r0/result.json,38c585a0757e84b6697e684323ee6a08bd440354453053768cd0849c918f88dc,7200,True,COMPLETED
4,57808,3496625668181751808,14452,2026-09-14T14:43:50,2026-09-14T18:45:09,0:0,190447,190447,du_m_all09,jingjie-cpu-15,default_partition,14998,normal,None,24G,0,s311M2GKR7RY00,2026-09-14T14:44:17,COMPLETED,2026-09-14T14:43:50,270,00:00:00,s311M2GKR7RY00|3496625668181751808|190447|2026-09-14T14:43:50|2026-09-14T14:44:17|0,m_all09,scheduler_completed,decomposition_lp_support_union_20260914_all_nine_4h,False,27.0,190447_r0,0,explicit_restart,34,True,True,/home/nc437/ladder-lite/decomposition_lp_support_union_20260914/cases/m_all09/attempts/190447_r0/result.json,bab8d30579907f3e8800180170c9d42136ff511eb3218c62cd17574ea715e630,14400,True,COMPLETED
8,101136,3496625670549949440,12642,2026-09-14T15:24:23,2026-09-14T18:56:00,0:0,189220,189220,drSeed_c3_k08_integer_mip,snavely-cpu-15,default_partition,14998,normal,BeginTime,24G,1,s311M2GNYT8K00,2026-09-14T15:25:18,COMPLETED,2026-09-14T15:22:22,270,00:00:00,s311M2GNYT8K00|3496625670549949440|189220|2026-09-14T15:22:22|2026-09-14T15:25:18|1,c3_k08_integer_mip,scheduler_completed,default_overnight_diagnostics_20260914,False,55.0,189220_r1,1,explicit_restart,9,True,True,/home/nc437/ladder-lite/overnight_parallel_20260914/cases/c3_k08_integer_mip/attempts/189220_r1/result.json,708351a947b1dd3a0449f052c70e293616e7ebd990d16e245d381f62a9e62993,12600,True,COMPLETED
8,320,3496625685145325568,40,2026-09-14T19:21:55,2026-09-14T19:22:41,0:0,201418,201418,compact_smoke_c1_k08_core512_mip,sonic-cpu-01,default_partition,15010,normal,Dependency,24G,0,s311M2H3HSG400,2026-09-14T19:22:01,COMPLETED,2026-09-14T19:19:56,45,00:00:00,s311M2H3HSG400|3496625685145325568|201418|2026-09-14T19:19:56|2026-09-14T19:22:01|0,c1_k08_core512_mip,scheduler_completed,validation_compact_seed_support_20260914,False,6.0,201418_r0,0,explicit_restart,8,True,True,/home/nc437/ladder-lite/compact_seed_support_20260914_smoke/cases/c1_k08_core512_mip/attempts/201418_r0/result.json,ca650d7bee821c90f5d453ddd04de7367980ca96cafcf4739e17a8744300e153,30,True,COMPLETED
8,104,3496625685146212352,13,2026-09-14T19:21:51,2026-09-14T19:22:14,0:0,201419,201419,compact_smoke_c1_k08_core_mip,sonic-cpu-02,default_partition,15010,normal,Dependency,24G,0,s311M2H3HTB600,2026-09-14T19:22:01,COMPLETED,2026-09-14T19:19:56,45,00:00:00,s311M2H3HTB600|3496625685146212352|201419|2026-09-14T19:19:56|2026-09-14T19:22:01|0,c1_k08_core_mip,scheduler_completed,validation_compact_seed_support_20260914,False,10.0,201419_r0,0,explicit_restart,8,True,True,/home/nc437/ladder-lite/compact_seed_support_20260914_smoke/cases/c1_k08_core_mip/attempts/201419_r0/result.json,c580f163cc771da45d9de8e999e7aa35b3bccf88c682ae668e2227546f817b3f,30,True,COMPLETED
8,2096,3496625685364484096,262,2026-09-14T19:56:07,2026-09-14T20:00:30,0:0,201474,201474,drCompact_c1_k08_core512_mip,unicorn-cpu-76,default_partition,15010,normal,Dependency,24G,0,s311M2H3RAGA00,2026-09-14T19:56:08,COMPLETED,2026-09-14T19:23:30,270,00:00:00,s311M2H3RAGA00|3496625685364484096|201474|2026-09-14T19:23:30|2026-09-14T19:56:08|0,c1_k08_core512_mip,scheduler_completed,default_compact_seed_support_20260914,False,1.0,201474_r0,0,explicit_restart,8,True,True,/home/nc437/ladder-lite/compact_seed_support_20260914/cases/c1_k08_core512_mip/attempts/201474_r0/result.json,243baa47022f27f92afb166dc52a70030a45b171961f1096cae6497eb0fe86f2,12600,True,COMPLETED
8,2496,3496625685364593664,312,2026-09-14T20:03:35,2026-09-14T20:08:49,0:0,201475,201475,drCompact_c1_k08_core_mip,snavely-cpu-16,default_partition,15010,normal,Dependency,24G,0,s311M2H3RAKN00,2026-09-14T20:03:37,COMPLETED,2026-09-14T19:23:30,270,00:00:00,s311M2H3RAKN00|3496625685364593664|201475|2026-09-14T19:23:30|2026-09-14T20:03:37|0,c1_k08_core_mip,scheduler_completed,default_compact_seed_support_20260914,False,2.0,201475_r0,0,explicit_restart,8,True,True,/home/nc437/ladder-lite/compact_seed_support_20260914/cases/c1_k08_core_mip/attempts/201475_r0/result.json,9275871197b54d20a4bdbd597d6c2dc922c5d20c13fc56543d2684bd81040cf0,12600,True,COMPLETED
8,1496,3496625685364701184,187,2026-09-14T20:13:44,2026-09-14T20:16:53,0:0,201476,201476,drCompact_c1_k10_core512_mip,jingjie-cpu-07,default_partition,15010,normal,Dependency,24G,0,s311M2H3RAPY00,2026-09-14T20:13:46,COMPLETED,2026-09-14T19:23:30,270,00:00:00,s311M2H3RAPY00|3496625685364701184|201476|2026-09-14T19:23:30|2026-09-14T20:13:46|0,c1_k10_core512_mip,scheduler_completed,default_compact_seed_support_20260914,False,2.0,201476_r0,0,explicit_restart,10,True,True,/home/nc437/ladder-lite/compact_seed_support_20260914/cases/c1_k10_core512_mip/attempts/201476_r0/result.json,c0e4b92a2e1ba65921f81cb784ccf4a4d3b4b9fb9dc3b3f5bdcc12cbe4ec52da,12600,True,COMPLETED
8,2088,3496625685364805632,261,2026-09-14T20:58:58,2026-09-14T21:03:19,0:0,201477,201477,drCompact_c1_k10_core_mip,unicorn-cpu-01,default_partition,15010,normal,Dependency,24G,0,s311M2H3RAT400,2026-09-14T20:58:58,COMPLETED,2026-09-14T19:23:30,270,00:00:00,s311M2H3RAT400|3496625685364805632|201477|2026-09-14T19:23:30|2026-09-14T20:58:58|0,c1_k10_core_mip,scheduler_completed,default_compact_seed_support_20260914,False,0.0,201477_r0,0,explicit_restart,10,True,True,/home/nc437/ladder-lite/compact_seed_support_20260914/cases/c1_k10_core_mip/attempts/201477_r0/result.json,441b4ef7f404f67101ddec01f2198c090fe34360a2799d48a9bf448830d9dfd7,12600,True,COMPLETED
8,101704,3496625685364934656,12713,2026-09-14T21:52:48,2026-09-15T01:24:53,0:0,201478,201478,drCompact_c1_k15_core512_mip,snavely-cpu-01,default_partition,15010,normal,Dependency,24G,0,s311M2H3RAY200,2026-09-14T21:53:00,COMPLETED,2026-09-14T19:23:30,270,00:00:00,s311M2H3RAY200|3496625685364934656|201478|2026-09-14T19:23:30|2026-09-14T21:53:00|0,c1_k15_core512_mip,scheduler_completed,default_compact_seed_support_20260914,False,12.0,201478_r0,0,explicit_restart,16,True,True,/home/nc437/ladder-lite/compact_seed_support_20260914/cases/c1_k15_core512_mip/attempts/201478_r0/result.json,42c2a38c4deb00a55cc86ab935199df3c90885cf678fe8a5bcc5925d8a6913e9,12600,True,COMPLETED
8,101688,3496625685365053440,12711,2026-09-14T22:13:14,2026-09-15T01:46:00,0:0,201479,201479,drCompact_c1_k15_core_mip,unicorn-cpu-75,default_partition,15010,normal,Dependency,24G,0,s311M2H3RB1P00,2026-09-14T22:14:09,COMPLETED,2026-09-14T19:23:30,270,00:00:00,s311M2H3RB1P00|3496625685365053440|201479|2026-09-14T19:23:30|2026-09-14T22:14:09|0,c1_k15_core_mip,scheduler_completed,default_compact_seed_support_20260914,False,55.0,201479_r0,0,explicit_restart,16,True,True,/home/nc437/ladder-lite/compact_seed_support_20260914/cases/c1_k15_core_mip/attempts/201479_r0/result.json,dc2620dab854cf18f4a62f1b67e92fc58cd1ce466a1c0ce2bd9d86012d1b7545,12600,True,COMPLETED
8,21184,3496625685365174272,2648,2026-09-14T19:39:06,2026-09-14T20:23:14,0:0,201480,201480,drCompact_c2_k08_core512_mip,jingjie-cpu-20,default_partition,15010,normal,Dependency,24G,0,s311M2H3RB5C00,2026-09-14T19:39:06,COMPLETED,2026-09-14T19:23:30,270,00:00:00,s311M2H3RB5C00|3496625685365174272|201480|2026-09-14T19:23:30|2026-09-14T19:39:06|0,c2_k08_core512_mip,scheduler_completed,default_compact_seed_support_20260914,False,0.0,201480_r0,0,explicit_restart,8,True,True,/home/nc437/ladder-lite/compact_seed_support_20260914/cases/c2_k08_core512_mip/attempts/201480_r0/result.json,0810c80d406a776fe30727b5159491682acaece9c8b47cebd6b17f586da3ac4f,12600,True,COMPLETED
8,10088,3496625685365287936,1261,2026-09-14T19:40:07,2026-09-14T20:01:08,0:0,201481,201481,drCompact_c2_k08_core_mip,unicorn-cpu-87,default_partition,15010,normal,Dependency,24G,0,s311M2H3RB8V00,2026-09-14T19:40:07,COMPLETED,2026-09-14T19:23:30,270,00:00:00,s311M2H3RB8V00|3496625685365287936|201481|2026-09-14T19:23:30|2026-09-14T19:40:07|0,c2_k08_core_mip,scheduler_completed,default_compact_seed_support_20260914,False,0.0,201481_r0,0,explicit_restart,8,True,True,/home/nc437/ladder-lite/compact_seed_support_20260914/cases/c2_k08_core_mip/attempts/201481_r0/result.json,13ccc820bfe41691c0a40012299531e0808fe24e503f03c12207f4d09e0baa29,12600,True,COMPLETED
8,20120,3496625685365606400,2515,2026-09-14T19:54:07,2026-09-14T20:36:02,0:0,201482,201482,drCompact_c2_k10_core512_mip,jingjie-cpu-03,default_partition,15010,normal,Dependency,24G,0,s311M2H3RBJJ00,2026-09-14T19:54:07,COMPLETED,2026-09-14T19:23:31,270,00:00:00,s311M2H3RBJJ00|3496625685365606400|201482|2026-09-14T19:23:31|2026-09-14T19:54:07|0,c2_k10_core512_mip,scheduler_completed,default_compact_seed_support_20260914,False,0.0,201482_r0,0,explicit_restart,10,True,True,/home/nc437/ladder-lite/compact_seed_support_20260914/cases/c2_k10_core512_mip/attempts/201482_r0/result.json,c345fcac58167167cf3428536f381491ab99979a307e1c37fca9c6e137910bc8,12600,True,COMPLETED
8,16488,3496625685365834752,2061,2026-09-14T20:03:35,2026-09-14T20:37:58,0:0,201483,201483,drCompact_c2_k10_core_mip,luxlab-cpu-03,default_partition,15010,normal,Dependency,24G,0,s311M2H3RBSH00,2026-09-14T20:03:37,COMPLETED,2026-09-14T19:23:31,270,00:00:00,s311M2H3RBSH00|3496625685365834752|201483|2026-09-14T19:23:31|2026-09-14T20:03:37|0,c2_k10_core_mip,scheduler_completed,default_compact_seed_support_20260914,False,2.0,201483_r0,0,explicit_restart,10,True,True,/home/nc437/ladder-lite/compact_seed_support_20260914/cases/c2_k10_core_mip/attempts/201483_r0/result.json,015e6df169cd268d05962888393e3f1dcf20991a8bfe3b5daeeb04cc664eecbc,12600,True,COMPLETED
8,101272,3496625685365951488,12659,2026-09-14T22:04:38,2026-09-15T01:36:09,0:0,201484,201484,drCompact_c2_k15_core512_mip,jingjie-cpu-05,default_partition,15010,normal,Dependency,24G,0,s311M2H3RBX300,2026-09-14T22:05:10,COMPLETED,2026-09-14T19:23:31,270,00:00:00,s311M2H3RBX300|3496625685365951488|201484|2026-09-14T19:23:31|2026-09-14T22:05:10|0,c2_k15_core512_mip,scheduler_completed,default_compact_seed_support_20260914,False,32.0,201484_r0,0,explicit_restart,15,True,True,/home/nc437/ladder-lite/compact_seed_support_20260914/cases/c2_k15_core512_mip/attempts/201484_r0/result.json,ea87bff14bdcc4c55ccc105fa2f208a0491fd14b538fed41d128717926e17232,12600,True,COMPLETED
8,101288,3496625685366068224,12661,2026-09-14T22:05:50,2026-09-15T01:37:11,0:0,201485,201485,drCompact_c2_k15_core_mip,jingjie-cpu-04,default_partition,15010,normal,Dependency,24G,0,s311M2H3RC0N00,2026-09-14T22:06:10,COMPLETED,2026-09-14T19:23:31,270,00:00:00,s311M2H3RC0N00|3496625685366068224|201485|2026-09-14T19:23:31|2026-09-14T22:06:10|0,c2_k15_core_mip,scheduler_completed,default_compact_seed_support_20260914,False,20.0,201485_r0,0,explicit_restart,15,True,True,/home/nc437/ladder-lite/compact_seed_support_20260914/cases/c2_k15_core_mip/attempts/201485_r0/result.json,2b80a6b45a3b71c2cdb4dc4a46bc7e61ba75ebe556837c0001a1144e3bdae530,12600,True,COMPLETED
8,320,3496625685366178816,40,2026-09-14T19:30:05,2026-09-14T19:30:45,0:0,201486,201486,drCompact_c3_k08_core512_mip,jingjie-cpu-08,default_partition,15010,normal,Dependency,24G,0,s311M2H3RC4100,2026-09-14T19:30:05,COMPLETED,2026-09-14T19:23:31,270,00:00:00,s311M2H3RC4100|3496625685366178816|201486|2026-09-14T19:23:31|2026-09-14T19:30:05|0,c3_k08_core512_mip,scheduler_completed,default_compact_seed_support_20260914,False,0.0,201486_r0,0,explicit_restart,8,True,True,/home/nc437/ladder-lite/compact_seed_support_20260914/cases/c3_k08_core512_mip/attempts/201486_r0/result.json,061d2cdf6ff5701fa753515aba9190e63cec460087957776a1f55f6fc7f47842,12600,True,COMPLETED
8,664,3496625685366288384,83,2026-09-14T19:34:54,2026-09-14T19:36:28,0:0,201487,201487,drCompact_c3_k08_core_mip,sablab-cpu-02,default_partition,15010,normal,Dependency,24G,0,s311M2H3RC7C00,2026-09-14T19:35:05,COMPLETED,2026-09-14T19:23:31,270,00:00:00,s311M2H3RC7C00|3496625685366288384|201487|2026-09-14T19:23:31|2026-09-14T19:35:05|0,c3_k08_core_mip,scheduler_completed,default_compact_seed_support_20260914,False,11.0,201487_r0,0,explicit_restart,8,True,True,/home/nc437/ladder-lite/compact_seed_support_20260914/cases/c3_k08_core_mip/attempts/201487_r0/result.json,328eca1007bcc0855344ba48a24743aafecb7d09dec4536efa90ce14259c68de,12600,True,COMPLETED
8,4360,3496625685366412288,545,2026-09-14T19:40:45,2026-09-14T19:50:12,0:0,201488,201488,drCompact_c3_k10_core512_mip,sablab-cpu-02,default_partition,15010,normal,Dependency,24G,0,s311M2H3RCB500,2026-09-14T19:41:07,COMPLETED,2026-09-14T19:23:31,270,00:00:00,s311M2H3RCB500|3496625685366412288|201488|2026-09-14T19:23:31|2026-09-14T19:41:07|0,c3_k10_core512_mip,scheduler_completed,default_compact_seed_support_20260914,False,22.0,201488_r0,0,explicit_restart,10,True,True,/home/nc437/ladder-lite/compact_seed_support_20260914/cases/c3_k10_core512_mip/attempts/201488_r0/result.json,4816c4ee51bdb79fc4c82a9c3246a9fdc9ce982524f7577f787a889ec20853ae,12600,True,COMPLETED
8,22888,3496625685366534144,2861,2026-09-14T19:46:33,2026-09-14T20:34:31,0:0,201489,201489,drCompact_c3_k10_core_mip,snavely-cpu-01,default_partition,15010,normal,Dependency,24G,0,s311M2H3RCEW00,2026-09-14T19:46:50,COMPLETED,2026-09-14T19:23:32,270,00:00:00,s311M2H3RCEW00|3496625685366534144|201489|2026-09-14T19:23:32|2026-09-14T19:46:50|0,c3_k10_core_mip,scheduler_completed,default_compact_seed_support_20260914,False,17.0,201489_r0,0,explicit_restart,10,True,True,/home/nc437/ladder-lite/compact_seed_support_20260914/cases/c3_k10_core_mip/attempts/201489_r0/result.json,2bf1eea9c3bde04b3128fcc044b1c7940f763a1c480921e1dcfac17c01f8b338,12600,True,COMPLETED
8,101128,3496625685366664192,12641,2026-09-14T20:11:34,2026-09-14T23:42:18,0:0,201490,201490,drCompact_c3_k15_core512_mip,jingjie-cpu-12,default_partition,15010,normal,Dependency,24G,0,s311M2H3RCJV00,2026-09-14T20:11:37,COMPLETED,2026-09-14T19:23:32,270,00:00:00,s311M2H3RCJV00|3496625685366664192|201490|2026-09-14T19:23:32|2026-09-14T20:11:37|0,c3_k15_core512_mip,scheduler_completed,default_compact_seed_support_20260914,False,3.0,201490_r0,0,explicit_restart,15,True,True,/home/nc437/ladder-lite/compact_seed_support_20260914/cases/c3_k15_core512_mip/attempts/201490_r0/result.json,0c1a94c509f39a49e5824cc54d08f32bf96fcef6e37175041f3defe1f2277dc1,12600,True,COMPLETED
8,101280,3496625685366790144,12660,2026-09-14T20:15:38,2026-09-14T23:46:53,0:0,201491,201491,drCompact_c3_k15_core_mip,snavely-cpu-13,default_partition,15010,normal,Dependency,24G,0,s311M2H3RCPP00,2026-09-14T20:15:53,COMPLETED,2026-09-14T19:23:32,270,00:00:00,s311M2H3RCPP00|3496625685366790144|201491|2026-09-14T19:23:32|2026-09-14T20:15:53|0,c3_k15_core_mip,scheduler_completed,default_compact_seed_support_20260914,False,15.0,201491_r0,0,explicit_restart,17,True,True,/home/nc437/ladder-lite/compact_seed_support_20260914/cases/c3_k15_core_mip/attempts/201491_r0/result.json,a9920e4b40be82ee5b8d2e99faf2c40ad2c0f9584241ff5cedd1883a3e45551a,12600,True,COMPLETED
8,1728,3496625685366902784,216,2026-09-14T20:01:25,2026-09-14T20:05:03,0:0,201492,201492,drCompact_c4_k08_core512_mip,unicorn-cpu-87,default_partition,15010,normal,Dependency,24G,0,s311M2H3RCT400,2026-09-14T20:01:27,COMPLETED,2026-09-14T19:23:32,270,00:00:00,s311M2H3RCT400|3496625685366902784|201492|2026-09-14T19:23:32|2026-09-14T20:01:27|0,c4_k08_core512_mip,scheduler_completed,default_compact_seed_support_20260914,False,2.0,201492_r0,0,explicit_restart,8,True,True,/home/nc437/ladder-lite/compact_seed_support_20260914/cases/c4_k08_core512_mip/attempts/201492_r0/result.json,be29acd59932360cdf89fccd30f439325cc7667f0617245d14cff8e6e6620827,12600,True,COMPLETED
8,1168,3496625685367186432,146,2026-09-14T20:12:57,2026-09-14T20:15:23,0:0,201493,201493,drCompact_c4_k08_core_mip,unicorn-cpu-76,default_partition,15010,normal,Dependency,24G,0,s311M2H3RD2S00,2026-09-14T20:12:57,COMPLETED,2026-09-14T19:23:32,270,00:00:00,s311M2H3RD2S00|3496625685367186432|201493|2026-09-14T19:23:32|2026-09-14T20:12:57|0,c4_k08_core_mip,scheduler_completed,default_compact_seed_support_20260914,False,0.0,201493_r0,0,explicit_restart,8,True,True,/home/nc437/ladder-lite/compact_seed_support_20260914/cases/c4_k08_core_mip/attempts/201493_r0/result.json,b94a1627a4b583ea67eef4d39de97654b73692aa3e0bed51fd44eb98b696e82e,12600,True,COMPLETED
8,6176,3496625685367410688,772,2026-09-14T19:48:55,2026-09-14T20:01:48,0:0,201494,201494,drCompact_c4_k10_core512_mip,snavely-cpu-11,default_partition,15010,normal,Dependency,24G,0,s311M2H3RD9M00,2026-09-14T19:48:56,COMPLETED,2026-09-14T19:23:32,270,00:00:00,s311M2H3RD9M00|3496625685367410688|201494|2026-09-14T19:23:32|2026-09-14T19:48:56|0,c4_k10_core512_mip,scheduler_completed,default_compact_seed_support_20260914,False,1.0,201494_r0,0,explicit_restart,10,True,True,/home/nc437/ladder-lite/compact_seed_support_20260914/cases/c4_k10_core512_mip/attempts/201494_r0/result.json,1476c07bd9c7d6f48f9112c5cb680751167c9712a5c8162b7ade7b723d99b3ee,12600,True,COMPLETED
8,2824,3496625685367526400,353,2026-09-14T20:08:25,2026-09-14T20:14:19,0:0,201495,201495,drCompact_c4_k10_core_mip,snavely-cpu-13,default_partition,15010,normal,Dependency,24G,0,s311M2H3RDD500,2026-09-14T20:08:26,COMPLETED,2026-09-14T19:23:33,270,00:00:00,s311M2H3RDD500|3496625685367526400|201495|2026-09-14T19:23:33|2026-09-14T20:08:26|0,c4_k10_core_mip,scheduler_completed,default_compact_seed_support_20260914,False,1.0,201495_r0,0,explicit_restart,10,True,True,/home/nc437/ladder-lite/compact_seed_support_20260914/cases/c4_k10_core_mip/attempts/201495_r0/result.json,668ea80770feccc36cfa24ed02a569ee691f1a1dccaefc22fc402dfd49af4238,12600,True,COMPLETED
8,101712,3496625685367649280,12714,2026-09-14T21:37:27,2026-09-15T01:09:32,0:0,201496,201496,drCompact_c4_k15_core512_mip,snavely-cpu-15,default_partition,15010,normal,Dependency,24G,0,s311M2H3RDGX00,2026-09-14T21:37:38,COMPLETED,2026-09-14T19:23:33,270,00:00:00,s311M2H3RDGX00|3496625685367649280|201496|2026-09-14T19:23:33|2026-09-14T21:37:38|0,c4_k15_core512_mip,scheduler_completed,default_compact_seed_support_20260914,False,11.0,201496_r0,0,explicit_restart,15,True,True,/home/nc437/ladder-lite/compact_seed_support_20260914/cases/c4_k15_core512_mip/attempts/201496_r0/result.json,9c9540ec33948cb6007afdd241a589f58ce08ee77f11920764bcce7a193c0c24,12600,True,COMPLETED
8,65488,3496625685367772160,8186,2026-09-14T22:11:51,2026-09-15T00:28:20,0:0,201497,201497,drCompact_c4_k15_core_mip,snavely-cpu-14,default_partition,15010,normal,Dependency,24G,0,s311M2H3RDMN00,2026-09-14T22:11:54,COMPLETED,2026-09-14T19:23:33,270,00:00:00,s311M2H3RDMN00|3496625685367772160|201497|2026-09-14T19:23:33|2026-09-14T22:11:54|0,c4_k15_core_mip,scheduler_completed,default_compact_seed_support_20260914,False,3.0,201497_r0,0,explicit_restart,15,True,True,/home/nc437/ladder-lite/compact_seed_support_20260914/cases/c4_k15_core_mip/attempts/201497_r0/result.json,afdd318baef352f2dc687ed199e51fdfc060f3aa79a9f136b0c7c0c6e1e9b090,12600,True,COMPLETED
8,248,3496625685367894016,31,2026-09-14T19:31:05,2026-09-14T19:31:36,0:0,201498,201498,drCompact_c5_k08_core512_mip,jingjie-cpu-08,default_partition,15010,normal,Dependency,24G,0,s311M2H3RDRC00,2026-09-14T19:31:05,COMPLETED,2026-09-14T19:23:33,270,00:00:00,s311M2H3RDRC00|3496625685367894016|201498|2026-09-14T19:23:33|2026-09-14T19:31:05|0,c5_k08_core512_mip,scheduler_completed,default_compact_seed_support_20260914,False,0.0,201498_r0,0,explicit_restart,8,True,True,/home/nc437/ladder-lite/compact_seed_support_20260914/cases/c5_k08_core512_mip/attempts/201498_r0/result.json,410ce14d626c8c20aa7fb48d92557c7166d5efcfe8bd263b0dcad0ffd091942f,12600,True,COMPLETED
8,760,3496625685368008704,95,2026-09-14T19:38:35,2026-09-14T19:40:41,0:0,201499,201499,drCompact_c5_k08_core_mip,jingjie-cpu-01,default_partition,15010,normal,Dependency,24G,0,s311M2H3RDVW00,2026-09-14T19:39:06,COMPLETED,2026-09-14T19:23:33,270,00:00:00,s311M2H3RDVW00|3496625685368008704|201499|2026-09-14T19:23:33|2026-09-14T19:39:06|0,c5_k08_core_mip,scheduler_completed,default_compact_seed_support_20260914,False,31.0,201499_r0,0,explicit_restart,8,True,True,/home/nc437/ladder-lite/compact_seed_support_20260914/cases/c5_k08_core_mip/attempts/201499_r0/result.json,c0ef20be3e6967d450720733a5175e9b6a1ab871fe252721106417e5ad3f3040,12600,True,COMPLETED
8,1256,3496625685368125440,157,2026-09-14T19:42:56,2026-09-14T19:45:45,0:0,201500,201500,drCompact_c5_k10_core512_mip,jingjie-cpu-01,default_partition,15010,normal,Dependency,24G,0,s311M2H3RDZE00,2026-09-14T19:43:08,COMPLETED,2026-09-14T19:23:33,270,00:00:00,s311M2H3RDZE00|3496625685368125440|201500|2026-09-14T19:23:33|2026-09-14T19:43:08|0,c5_k10_core512_mip,scheduler_completed,default_compact_seed_support_20260914,False,12.0,201500_r0,0,explicit_restart,10,True,True,/home/nc437/ladder-lite/compact_seed_support_20260914/cases/c5_k10_core512_mip/attempts/201500_r0/result.json,b49b41871577ead54650df858d5eadfc0c1031e4b1c000862479470dc27e94f8,12600,True,COMPLETED
8,1520,3496625685368237056,190,2026-09-14T19:46:33,2026-09-14T19:50:00,0:0,201501,201501,drCompact_c5_k10_core_mip,snavely-cpu-09,default_partition,15010,normal,Dependency,24G,0,s311M2H3RE2V00,2026-09-14T19:46:50,COMPLETED,2026-09-14T19:23:33,270,00:00:00,s311M2H3RE2V00|3496625685368237056|201501|2026-09-14T19:23:33|2026-09-14T19:46:50|0,c5_k10_core_mip,scheduler_completed,default_compact_seed_support_20260914,False,17.0,201501_r0,0,explicit_restart,10,True,True,/home/nc437/ladder-lite/compact_seed_support_20260914/cases/c5_k10_core_mip/attempts/201501_r0/result.json,1695be2765760ba1fed9c8b1d9956d92a814f8c4437a4c045c399ed76c12278e,12600,True,COMPLETED
8,16904,3496625685368349696,2113,2026-09-14T21:05:04,2026-09-14T21:40:21,0:0,201502,201502,drCompact_c5_k15_core512_mip,snavely-cpu-01,default_partition,15010,normal,Dependency,24G,0,s311M2H3RE6900,2026-09-14T21:05:08,COMPLETED,2026-09-14T19:23:33,270,00:00:00,s311M2H3RE6900|3496625685368349696|201502|2026-09-14T19:23:33|2026-09-14T21:05:08|0,c5_k15_core512_mip,scheduler_completed,default_compact_seed_support_20260914,False,4.0,201502_r0,0,explicit_restart,15,True,True,/home/nc437/ladder-lite/compact_seed_support_20260914/cases/c5_k15_core512_mip/attempts/201502_r0/result.json,1dafe96f098c8e4525254911f409d5258fb9d200810103ac37a1136487e2f733,12600,True,COMPLETED
8,7560,3496625685368461312,945,2026-09-14T21:04:31,2026-09-14T21:20:43,0:0,201503,201503,drCompact_c5_k15_core_mip,kim-cpu-03,default_partition,15010,normal,Dependency,24G,0,s311M2H3RE9P00,2026-09-14T21:04:58,COMPLETED,2026-09-14T19:23:33,270,00:00:00,s311M2H3RE9P00|3496625685368461312|201503|2026-09-14T19:23:33|2026-09-14T21:04:58|0,c5_k15_core_mip,scheduler_completed,default_compact_seed_support_20260914,False,27.0,201503_r0,0,explicit_restart,15,True,True,/home/nc437/ladder-lite/compact_seed_support_20260914/cases/c5_k15_core_mip/attempts/201503_r0/result.json,e75d108707ad85c150dc17a94c7f90e282088856324f032e900f482b465c7498,12600,True,COMPLETED
8,272,3496625685368763392,34,2026-09-14T19:29:25,2026-09-14T19:30:39,0:0,201504,201504,drCompact_c6_k08_core512_mip,jingjie-cpu-08,default_partition,15010,normal,Dependency,24G,0,s311M2H3REJX00,2026-09-14T19:30:05,COMPLETED,2026-09-14T19:23:34,270,00:00:00,s311M2H3REJX00|3496625685368763392|201504|2026-09-14T19:23:34|2026-09-14T19:30:05|0,c6_k08_core512_mip,scheduler_completed,default_compact_seed_support_20260914,False,40.0,201504_r0,0,explicit_restart,8,True,True,/home/nc437/ladder-lite/compact_seed_support_20260914/cases/c6_k08_core512_mip/attempts/201504_r0/result.json,52a635c89fd5d0f82fd8c8d3e151a736a4e82779a82d54e89a4b1c82641b5a2d,12600,True,COMPLETED
8,592,3496625685368985600,74,2026-09-14T19:33:25,2026-09-14T19:34:49,0:0,201505,201505,drCompact_c6_k08_core_mip,snavely-cpu-12,default_partition,15010,normal,Dependency,24G,0,s311M2H3RESP00,2026-09-14T19:33:35,COMPLETED,2026-09-14T19:23:34,270,00:00:00,s311M2H3RESP00|3496625685368985600|201505|2026-09-14T19:23:34|2026-09-14T19:33:35|0,c6_k08_core_mip,scheduler_completed,default_compact_seed_support_20260914,False,10.0,201505_r0,0,explicit_restart,8,True,True,/home/nc437/ladder-lite/compact_seed_support_20260914/cases/c6_k08_core_mip/attempts/201505_r0/result.json,43220aee4142191081bf446b6372bdd6119eaba21c06f4f2e6a48761a583abd3,12600,True,COMPLETED
8,864,3496625685369096192,108,2026-09-14T19:32:47,2026-09-14T19:34:49,0:0,201506,201506,drCompact_c6_k10_core512_mip,snavely-cpu-11,default_partition,15010,normal,Dependency,24G,0,s311M2H3REX200,2026-09-14T19:33:01,COMPLETED,2026-09-14T19:23:34,270,00:00:00,s311M2H3REX200|3496625685369096192|201506|2026-09-14T19:23:34|2026-09-14T19:33:01|0,c6_k10_core512_mip,scheduler_completed,default_compact_seed_support_20260914,False,14.0,201506_r0,0,explicit_restart,10,True,True,/home/nc437/ladder-lite/compact_seed_support_20260914/cases/c6_k10_core512_mip/attempts/201506_r0/result.json,24eda75df364d37a33b334c7abad107e9a1308d8e62b726dc413b1d772dcd005,12600,True,COMPLETED
8,696,3496625685369217024,87,2026-09-14T19:37:09,2026-09-14T19:39:33,0:0,201507,201507,drCompact_c6_k10_core_mip,sablab-cpu-02,default_partition,15010,normal,Dependency,24G,0,s311M2H3RF0R00,2026-09-14T19:38:06,COMPLETED,2026-09-14T19:23:34,270,00:00:00,s311M2H3RF0R00|3496625685369217024|201507|2026-09-14T19:23:34|2026-09-14T19:38:06|0,c6_k10_core_mip,scheduler_completed,default_compact_seed_support_20260914,False,57.0,201507_r0,0,explicit_restart,10,True,True,/home/nc437/ladder-lite/compact_seed_support_20260914/cases/c6_k10_core_mip/attempts/201507_r0/result.json,d91993b0def62fa5df267e511b74290ff082a26a757abe3286b7149f9b761b33,12600,True,COMPLETED
8,9248,3496625685369339904,1156,2026-09-14T20:41:58,2026-09-14T21:01:14,0:0,201508,201508,drCompact_c6_k15_core512_mip,luxlab-cpu-03,default_partition,15010,normal,Dependency,24G,0,s311M2H3RF4G00,2026-09-14T20:41:58,COMPLETED,2026-09-14T19:23:34,270,00:00:00,s311M2H3RF4G00|3496625685369339904|201508|2026-09-14T19:23:34|2026-09-14T20:41:58|0,c6_k15_core512_mip,scheduler_completed,default_compact_seed_support_20260914,False,0.0,201508_r0,0,explicit_restart,15,True,True,/home/nc437/ladder-lite/compact_seed_support_20260914/cases/c6_k15_core512_mip/attempts/201508_r0/result.json,60db7adb4b1697d3dd77ac6b89d579356f54c0430a58ca17b6007d5a5096d581,12600,True,COMPLETED
8,11072,3496625685369460736,1384,2026-09-14T21:03:19,2026-09-14T21:27:02,0:0,201509,201509,drCompact_c6_k15_core_mip,unicorn-cpu-01,default_partition,15010,normal,Dependency,24G,0,s311M2H3RF8600,2026-09-14T21:03:58,COMPLETED,2026-09-14T19:23:34,270,00:00:00,s311M2H3RF8600|3496625685369460736|201509|2026-09-14T19:23:34|2026-09-14T21:03:58|0,c6_k15_core_mip,scheduler_completed,default_compact_seed_support_20260914,False,39.0,201509_r0,0,explicit_restart,15,True,True,/home/nc437/ladder-lite/compact_seed_support_20260914/cases/c6_k15_core_mip/attempts/201509_r0/result.json,e6d8db8cfa35bdf7269a528d284958703dc0e7c2e4060b3a899f389f52b9b554,12600,True,COMPLETED
8,103032,3496625685373649920,12879,2026-09-14T19:23:39,2026-09-14T22:58:45,0:0,201512,201512,drP_w1_k20_longmip,sonic-cpu-01,default_partition,15010,normal,None,24G,0,s311M2H3RK8100,2026-09-14T19:24:06,COMPLETED,2026-09-14T19:23:38,270,00:00:00,s311M2H3RK8100|3496625685373649920|201512|2026-09-14T19:23:38|2026-09-14T19:24:06|0,w1_k20_longmip,scheduler_completed,default_overnight_diagnostics_20260914,False,27.0,201512_r0,0,explicit_restart,20,True,True,/home/nc437/ladder-lite/remaining_chain_gaps_20260914/cases/w1_k20_longmip/attempts/201512_r0/result.json,600086f4c6736012faad13128453c5c30e6ab09150fad241736cf87f2882c9ed,12600,True,COMPLETED
8,103440,3496625685374536704,12930,2026-09-14T19:23:39,2026-09-14T22:59:36,0:0,201513,201513,drP_w1_k22_longmip,sonic-cpu-02,default_partition,15010,normal,None,24G,0,s311M2H3RM3300,2026-09-14T19:24:06,COMPLETED,2026-09-14T19:23:39,270,00:00:00,s311M2H3RM3300|3496625685374536704|201513|2026-09-14T19:23:39|2026-09-14T19:24:06|0,w1_k22_longmip,scheduler_completed,default_overnight_diagnostics_20260914,False,27.0,201513_r0,0,explicit_restart,22,True,True,/home/nc437/ladder-lite/remaining_chain_gaps_20260914/cases/w1_k22_longmip/attempts/201513_r0/result.json,a3718b2a3e406a4f7e7899dcfdfb40b731bd509175caf45a56b03e1c784b5463,12600,True,COMPLETED
8,103264,3496625685374690304,12908,2026-09-14T19:23:40,2026-09-14T22:59:14,0:0,201514,201514,drP_w2_k23_longmip,totient-cpu-02,default_partition,15010,normal,None,24G,0,s311M2H3RM7S00,2026-09-14T19:24:06,COMPLETED,2026-09-14T19:23:40,270,00:00:00,s311M2H3RM7S00|3496625685374690304|201514|2026-09-14T19:23:40|2026-09-14T19:24:06|0,w2_k23_longmip,scheduler_completed,default_overnight_diagnostics_20260914,False,26.0,201514_r0,0,explicit_restart,23,True,True,/home/nc437/ladder-lite/remaining_chain_gaps_20260914/cases/w2_k23_longmip/attempts/201514_r0/result.json,f32f3e4ff6123506d7fe66a80df1dce1652a7d2b5c9e468af444c68c7ffd84b3,12600,True,COMPLETED
8,103232,3496625685374821376,12904,2026-09-14T19:23:40,2026-09-14T22:59:10,0:0,201515,201515,drP_w2_k24_longmip,totient-cpu-03,default_partition,15010,normal,None,24G,0,s311M2H3RMBS00,2026-09-14T19:24:06,COMPLETED,2026-09-14T19:23:40,270,00:00:00,s311M2H3RMBS00|3496625685374821376|201515|2026-09-14T19:23:40|2026-09-14T19:24:06|0,w2_k24_longmip,scheduler_completed,default_overnight_diagnostics_20260914,False,26.0,201515_r0,0,explicit_restart,24,True,True,/home/nc437/ladder-lite/remaining_chain_gaps_20260914/cases/w2_k24_longmip/attempts/201515_r0/result.json,2d1c0828688aa6227180094352910d6036cce37aaf38f7f8cb81d59434058b80,12600,True,COMPLETED
8,102360,3496625685374931968,12795,2026-09-14T19:23:40,2026-09-14T22:57:21,0:0,201516,201516,drP_w3_k25_longmip,totient-cpu-04,default_partition,15010,normal,None,24G,0,s311M2H3RMF500,2026-09-14T19:24:06,COMPLETED,2026-09-14T19:23:40,270,00:00:00,s311M2H3RMF500|3496625685374931968|201516|2026-09-14T19:23:40|2026-09-14T19:24:06|0,w3_k25_longmip,scheduler_completed,default_overnight_diagnostics_20260914,False,26.0,201516_r0,0,explicit_restart,25,True,True,/home/nc437/ladder-lite/remaining_chain_gaps_20260914/cases/w3_k25_longmip/attempts/201516_r0/result.json,c1065e6578b553d46b0d71bf2597fb7807ee0af9e425697a8521d20ebabbbe78,12600,True,COMPLETED
8,102576,3496625685375208448,12822,2026-09-14T19:23:40,2026-09-14T22:57:48,0:0,201517,201517,drP_w4_k21_longmip,totient-cpu-05,default_partition,15010,normal,None,24G,0,s311M2H3RMQK00,2026-09-14T19:24:06,COMPLETED,2026-09-14T19:23:40,270,00:00:00,s311M2H3RMQK00|3496625685375208448|201517|2026-09-14T19:23:40|2026-09-14T19:24:06|0,w4_k21_longmip,scheduler_completed,default_overnight_diagnostics_20260914,False,26.0,201517_r0,0,explicit_restart,21,True,True,/home/nc437/ladder-lite/remaining_chain_gaps_20260914/cases/w4_k21_longmip/attempts/201517_r0/result.json,bf5cc4b09604d779b82c8c6b8c42aee175f3a063d53ecff270345218baafcb50,12600,True,COMPLETED
8,103232,3496625685375429632,12904,2026-09-14T19:23:40,2026-09-14T22:59:10,0:0,201518,201518,drP_w4_k24_longmip,totient-cpu-06,default_partition,15010,normal,None,24G,0,s311M2H3RMYB00,2026-09-14T19:24:06,COMPLETED,2026-09-14T19:23:40,270,00:00:00,s311M2H3RMYB00|3496625685375429632|201518|2026-09-14T19:23:40|2026-09-14T19:24:06|0,w4_k24_longmip,scheduler_completed,default_overnight_diagnostics_20260914,False,26.0,201518_r0,0,explicit_restart,24,True,True,/home/nc437/ladder-lite/remaining_chain_gaps_20260914/cases/w4_k24_longmip/attempts/201518_r0/result.json,8df80abb70fd0830d48bbc86606c2e5c924e3535ea17950c4c4d5c98a356e4f3,12600,True,COMPLETED
8,102952,3496625685375561728,12869,2026-09-14T19:23:40,2026-09-14T22:58:35,0:0,201519,201519,drP_w4_k25_longmip,totient-cpu-07,default_partition,15010,normal,None,24G,0,s311M2H3RN2C00,2026-09-14T19:24:06,COMPLETED,2026-09-14T19:23:40,270,00:00:00,s311M2H3RN2C00|3496625685375561728|201519|2026-09-14T19:23:40|2026-09-14T19:24:06|0,w4_k25_longmip,scheduler_completed,default_overnight_diagnostics_20260914,False,26.0,201519_r0,0,explicit_restart,25,True,True,/home/nc437/ladder-lite/remaining_chain_gaps_20260914/cases/w4_k25_longmip/attempts/201519_r0/result.json,5b4b3d1818e4730e53d70376e83ee9772d5d88eefc66d150ddef1e51895d46c8,12600,True,COMPLETED
8,103336,3496625685375681536,12917,2026-09-14T19:23:40,2026-09-14T22:59:23,0:0,201520,201520,drP_w6_k25_longmip,totient-cpu-08,default_partition,15010,normal,None,24G,0,s311M2H3RN6100,2026-09-14T19:24:06,COMPLETED,2026-09-14T19:23:40,270,00:00:00,s311M2H3RN6100|3496625685375681536|201520|2026-09-14T19:23:40|2026-09-14T19:24:06|0,w6_k25_longmip,scheduler_completed,default_overnight_diagnostics_20260914,False,26.0,201520_r0,0,explicit_restart,25,True,True,/home/nc437/ladder-lite/remaining_chain_gaps_20260914/cases/w6_k25_longmip/attempts/201520_r0/result.json,29b41e9968ea78390c04d7acb1d6ad192c7f1994b4655a6d204b64829438fbfb,12600,True,COMPLETED
8,184,3496625694009256960,23,2026-09-14T21:48:24,2026-09-14T21:48:50,0:0,206973,206973,compact_smoke_c5_k25_core512_mip,snavely-cpu-01,default_partition,15010,normal,Dependency,24G,0,s311M2HBSYSV00,2026-09-14T21:48:27,COMPLETED,2026-09-14T21:44:12,45,00:00:00,s311M2HBSYSV00|3496625694009256960|206973|2026-09-14T21:44:12|2026-09-14T21:48:27|0,c5_k25_core512_mip,scheduler_completed,validation_compact_large_seed_20260914,False,3.0,206973_r0,0,explicit_restart,26,True,True,/home/nc437/ladder-lite/compact_large_seed_20260914_smoke/cases/c5_k25_core512_mip/attempts/206973_r0/result.json,6921dc5f49254bb255b99b5ea62b960ea2a99a63cfd073fcb93deb4e90833751,30,True,COMPLETED
8,184,3496625694009378816,23,2026-09-14T21:48:59,2026-09-14T21:49:25,0:0,206974,206974,compact_smoke_c5_k25_core_mip,snavely-cpu-01,default_partition,15010,normal,Dependency,24G,0,s311M2HBSYXJ00,2026-09-14T21:49:02,COMPLETED,2026-09-14T21:44:12,45,00:00:00,s311M2HBSYXJ00|3496625694009378816|206974|2026-09-14T21:44:12|2026-09-14T21:49:02|0,c5_k25_core_mip,scheduler_completed,validation_compact_large_seed_20260914,False,3.0,206974_r0,0,explicit_restart,26,True,True,/home/nc437/ladder-lite/compact_large_seed_20260914_smoke/cases/c5_k25_core_mip/attempts/206974_r0/result.json,fa28c77b5fb4e5501f5db4d281a63b3c6c11c2d9aab788f9d54b609b7cd874bc,30,True,COMPLETED
8,48,3496625694060270592,6,2026-09-14T21:45:02,2026-09-14T21:45:15,0:0,206977,206977,lpSmoke_c3_k08_support_only,unicorn-cpu-01,default_partition,15010,normal,None,24G,0,s311M2HBVFEN00,2026-09-14T21:45:09,COMPLETED,2026-09-14T21:45:02,45,00:00:00,s311M2HBVFEN00|3496625694060270592|206977|2026-09-14T21:45:02|2026-09-14T21:45:09|0,c3_k08_support_only,scheduler_completed,validation_overnight_diagnostics_20260914,False,7.0,206977_r0,0,explicit_restart,10,True,True,/home/nc437/ladder-lite/lp_support_pool_diagnostic_20260914_smoke/cases/c3_k08_support_only/attempts/206977_r0/result.json,37f7b433257fe9c4876067a9bf26829be98eb70786c68e71a96038b0b9695209,30,True,COMPLETED
8,424,3496625694060740608,53,2026-09-14T21:45:02,2026-09-14T21:46:02,0:0,206978,206978,lpSmoke_c3_k08_integer_positive_added,sonic-cpu-01,default_partition,15010,normal,None,24G,0,s311M2HBVFX000,2026-09-14T21:45:09,COMPLETED,2026-09-14T21:45:02,45,00:00:00,s311M2HBVFX000|3496625694060740608|206978|2026-09-14T21:45:02|2026-09-14T21:45:09|0,c3_k08_integer_positive_added,scheduler_completed,validation_overnight_diagnostics_20260914,False,7.0,206978_r0,0,explicit_restart,9,True,True,/home/nc437/ladder-lite/lp_support_pool_diagnostic_20260914_smoke/cases/c3_k08_integer_positive_added/attempts/206978_r0/result.json,54b17c47108492976703634dfd0293f56b4682ef6bba343ec13b478ba826e0aa,30,True,COMPLETED
8,504,3496625694064581632,63,2026-09-14T21:45:06,2026-09-14T21:46:12,0:0,206979,206979,lpSmoke_c3_k08_integer_matched_zero_added,sonic-cpu-02,default_partition,15010,normal,None,24G,0,s311M2HBVKJ700,2026-09-14T21:45:09,COMPLETED,2026-09-14T21:45:06,45,00:00:00,s311M2HBVKJ700|3496625694064581632|206979|2026-09-14T21:45:06|2026-09-14T21:45:09|0,c3_k08_integer_matched_zero_added,scheduler_completed,validation_overnight_diagnostics_20260914,False,3.0,206979_r0,0,explicit_restart,9,True,True,/home/nc437/ladder-lite/lp_support_pool_diagnostic_20260914_smoke/cases/c3_k08_integer_matched_zero_added/attempts/206979_r0/result.json,a08b451ddb0d5f5707a6ca2ea811faafd93b74dd90283333a73e088c463d72a0,30,True,COMPLETED
8,101504,3496625694215883776,12688,2026-09-14T21:47:33,2026-09-15T01:19:36,0:0,207005,207005,lpPool_c1_k08_integer_matched_zero_added,unicorn-cpu-01,default_partition,15010,normal,None,24G,0,s311M2HC03VK00,2026-09-14T21:48:08,COMPLETED,2026-09-14T21:47:33,270,00:00:00,s311M2HC03VK00|3496625694215883776|207005|2026-09-14T21:47:33|2026-09-14T21:48:08|0,c1_k08_integer_matched_zero_added,scheduler_completed,default_overnight_diagnostics_20260914,False,35.0,207005_r0,0,explicit_restart,9,True,True,/home/nc437/ladder-lite/lp_support_pool_diagnostic_20260914/cases/c1_k08_integer_matched_zero_added/attempts/207005_r0/result.json,51477c528772070f2d70b3ca0590c795dfeba8de7c39440254fedd8191ec6441,12600,True,COMPLETED
8,101224,3496625694215992320,12653,2026-09-14T21:47:34,2026-09-15T01:19:01,0:0,207006,207006,lpPool_c1_k08_integer_positive_added,sonic-cpu-01,default_partition,15010,normal,None,24G,0,s311M2HC03YX00,2026-09-14T21:48:08,COMPLETED,2026-09-14T21:47:34,270,00:00:00,s311M2HC03YX00|3496625694215992320|207006|2026-09-14T21:47:34|2026-09-14T21:48:08|0,c1_k08_integer_positive_added,scheduler_completed,default_overnight_diagnostics_20260914,False,34.0,207006_r0,0,explicit_restart,9,True,True,/home/nc437/ladder-lite/lp_support_pool_diagnostic_20260914/cases/c1_k08_integer_positive_added/attempts/207006_r0/result.json,4f80b8284ef2b4852a45a9ab7449cf72c52d90c5e55ca0d2d437c9a403f43868,12600,True,COMPLETED
8,101256,3496625694216095744,12657,2026-09-14T21:47:34,2026-09-15T01:19:05,0:0,207007,207007,lpPool_c1_k08_lpweight_matched_zero_added,sonic-cpu-02,default_partition,15010,normal,None,24G,0,s311M2HC042200,2026-09-14T21:48:08,COMPLETED,2026-09-14T21:47:34,270,00:00:00,s311M2HC042200|3496625694216095744|207007|2026-09-14T21:47:34|2026-09-14T21:48:08|0,c1_k08_lpweight_matched_zero_added,scheduler_completed,default_overnight_diagnostics_20260914,False,34.0,207007_r0,0,explicit_restart,9,True,True,/home/nc437/ladder-lite/lp_support_pool_diagnostic_20260914/cases/c1_k08_lpweight_matched_zero_added/attempts/207007_r0/result.json,8f613810e3279da1f0c6d73af4617102fc263c0b714c6dda4aa3201ac0085c42,12600,True,COMPLETED
8,101304,3496625694216205312,12663,2026-09-14T21:47:34,2026-09-15T01:19:11,0:0,207008,207008,lpPool_c1_k08_lpweight_positive_added,unicorn-cpu-87,default_partition,15010,normal,None,24G,0,s311M2HC045D00,2026-09-14T21:48:08,COMPLETED,2026-09-14T21:47:34,270,00:00:00,s311M2HC045D00|3496625694216205312|207008|2026-09-14T21:47:34|2026-09-14T21:48:08|0,c1_k08_lpweight_positive_added,scheduler_completed,default_overnight_diagnostics_20260914,False,34.0,207008_r0,0,explicit_restart,9,True,True,/home/nc437/ladder-lite/lp_support_pool_diagnostic_20260914/cases/c1_k08_lpweight_positive_added/attempts/207008_r0/result.json,025e6dd09478f0a35b1e644a78f5b1e484adb0d17f589ad5408a9285aecc1876,12600,True,COMPLETED
8,56,3496625694216379392,7,2026-09-14T21:47:34,2026-09-14T21:48:15,0:0,207009,207009,lpPool_c1_k08_support_only,unicorn-cpu-76,default_partition,15010,normal,None,24G,0,s311M2HC04AQ00,2026-09-14T21:48:08,COMPLETED,2026-09-14T21:47:34,270,00:00:00,s311M2HC04AQ00|3496625694216379392|207009|2026-09-14T21:47:34|2026-09-14T21:48:08|0,c1_k08_support_only,scheduler_completed,default_overnight_diagnostics_20260914,False,34.0,207009_r0,0,explicit_restart,9,True,True,/home/nc437/ladder-lite/lp_support_pool_diagnostic_20260914/cases/c1_k08_support_only/attempts/207009_r0/result.json,9a519042614ab2fbbfcf24ce499da7b6867b60889b724fb92206d1a78171630a,12600,True,COMPLETED
8,101424,3496625694216491008,12678,2026-09-14T21:47:34,2026-09-15T01:19:26,0:0,207010,207010,lpPool_c1_k10_integer_matched_zero_added,unicorn-cpu-76,default_partition,15010,normal,None,24G,0,s311M2HC04E400,2026-09-14T21:48:08,COMPLETED,2026-09-14T21:47:34,270,00:00:00,s311M2HC04E400|3496625694216491008|207010|2026-09-14T21:47:34|2026-09-14T21:48:08|0,c1_k10_integer_matched_zero_added,scheduler_completed,default_overnight_diagnostics_20260914,False,34.0,207010_r0,0,explicit_restart,11,True,True,/home/nc437/ladder-lite/lp_support_pool_diagnostic_20260914/cases/c1_k10_integer_matched_zero_added/attempts/207010_r0/result.json,0e0660854930bd4ad7b7ed0032d877b513b6e5ace7e7e6f16bcfd3f8f5ee51a3,12600,True,COMPLETED
8,101584,3496625694216597504,12698,2026-09-14T21:47:34,2026-09-15T01:19:46,0:0,207011,207011,lpPool_c1_k10_integer_positive_added,garg-cpu-02,default_partition,15010,normal,None,24G,0,s311M2HC04HC00,2026-09-14T21:48:08,COMPLETED,2026-09-14T21:47:34,270,00:00:00,s311M2HC04HC00|3496625694216597504|207011|2026-09-14T21:47:34|2026-09-14T21:48:08|0,c1_k10_integer_positive_added,scheduler_completed,default_overnight_diagnostics_20260914,False,34.0,207011_r0,0,explicit_restart,11,True,True,/home/nc437/ladder-lite/lp_support_pool_diagnostic_20260914/cases/c1_k10_integer_positive_added/attempts/207011_r0/result.json,d73dda50ec77e22332f2da2d8f4bd2f1c7cdf3c2da85262907fe4db950aeeb71,12600,True,COMPLETED
8,96,3496625694216706048,12,2026-09-14T21:47:34,2026-09-14T21:48:20,0:0,207012,207012,lpPool_c1_k10_support_only,garg-cpu-02,default_partition,15010,normal,None,24G,0,s311M2HC04MP00,2026-09-14T21:48:08,COMPLETED,2026-09-14T21:47:34,270,00:00:00,s311M2HC04MP00|3496625694216706048|207012|2026-09-14T21:47:34|2026-09-14T21:48:08|0,c1_k10_support_only,scheduler_completed,default_overnight_diagnostics_20260914,False,34.0,207012_r0,0,explicit_restart,12,True,True,/home/nc437/ladder-lite/lp_support_pool_diagnostic_20260914/cases/c1_k10_support_only/attempts/207012_r0/result.json,c6f51dee25a36803b7576a0083e116b0ec5bdb650e6b5a34ed30f9d5bca930ab,12600,True,COMPLETED
8,101072,3496625694216814592,12634,2026-09-14T21:47:34,2026-09-15T01:18:42,0:0,207013,207013,lpPool_c2_k08_lpweight_matched_zero_added,garg-cpu-02,default_partition,15010,normal,None,24G,0,s311M2HC04R000,2026-09-14T21:48:08,COMPLETED,2026-09-14T21:47:34,270,00:00:00,s311M2HC04R000|3496625694216814592|207013|2026-09-14T21:47:34|2026-09-14T21:48:08|0,c2_k08_lpweight_matched_zero_added,scheduler_completed,default_overnight_diagnostics_20260914,False,34.0,207013_r0,0,explicit_restart,9,True,True,/home/nc437/ladder-lite/lp_support_pool_diagnostic_20260914/cases/c2_k08_lpweight_matched_zero_added/attempts/207013_r0/result.json,3774c713d1ab2dcd50c0bbbcefdeafdde52f43d3a5a3bb15b428a9d5c23ca0b6,12600,True,COMPLETED
8,101032,3496625694216919040,12629,2026-09-14T21:47:35,2026-09-15T01:18:37,0:0,207014,207014,lpPool_c2_k08_lpweight_positive_added,sablab-cpu-02,default_partition,15010,normal,None,24G,0,s311M2HC04V600,2026-09-14T21:48:08,COMPLETED,2026-09-14T21:47:35,270,00:00:00,s311M2HC04V600|3496625694216919040|207014|2026-09-14T21:47:35|2026-09-14T21:48:08|0,c2_k08_lpweight_positive_added,scheduler_completed,default_overnight_diagnostics_20260914,False,33.0,207014_r0,0,explicit_restart,9,True,True,/home/nc437/ladder-lite/lp_support_pool_diagnostic_20260914/cases/c2_k08_lpweight_positive_added/attempts/207014_r0/result.json,89adddc1f44b9289beb41f4dc105e7d0667e0d0535cdc8699859319712d26eef,12600,True,COMPLETED
8,56,3496625694217462784,7,2026-09-14T21:47:35,2026-09-14T21:48:15,0:0,207015,207015,lpPool_c2_k08_support_only,jingjie-cpu-19,default_partition,15010,normal,None,24G,0,s311M2HC05BS00,2026-09-14T21:48:08,COMPLETED,2026-09-14T21:47:35,270,00:00:00,s311M2HC05BS00|3496625694217462784|207015|2026-09-14T21:47:35|2026-09-14T21:48:08|0,c2_k08_support_only,scheduler_completed,default_overnight_diagnostics_20260914,False,33.0,207015_r0,0,explicit_restart,10,True,True,/home/nc437/ladder-lite/lp_support_pool_diagnostic_20260914/cases/c2_k08_support_only/attempts/207015_r0/result.json,2bb8f728b9f182631d4f55dd7ee204044a6c0a963283f0e8e81e9f9b01eb0762,12600,True,COMPLETED
8,101000,3496625694217917440,12625,2026-09-14T21:47:35,2026-09-15T01:18:33,0:0,207016,207016,lpPool_c3_k08_integer_matched_zero_added,jingjie-cpu-19,default_partition,15010,normal,None,24G,0,s311M2HC05SN00,2026-09-14T21:48:08,COMPLETED,2026-09-14T21:47:35,270,00:00:00,s311M2HC05SN00|3496625694217917440|207016|2026-09-14T21:47:35|2026-09-14T21:48:08|0,c3_k08_integer_matched_zero_added,scheduler_completed,default_overnight_diagnostics_20260914,False,33.0,207016_r0,0,explicit_restart,9,True,True,/home/nc437/ladder-lite/lp_support_pool_diagnostic_20260914/cases/c3_k08_integer_matched_zero_added/attempts/207016_r0/result.json,ae89a23a61aa5816ff08e58511955251b494420fe46f9b805c0962c747d93cfd,12600,True,COMPLETED
8,67344,3496625694219068416,8418,2026-09-14T21:47:37,2026-09-15T00:08:26,0:0,207017,207017,lpPool_c3_k08_integer_positive_added,jingjie-cpu-20,default_partition,15010,normal,None,24G,0,s311M2HC06WS00,2026-09-14T21:48:08,COMPLETED,2026-09-14T21:47:37,270,00:00:00,s311M2HC06WS00|3496625694219068416|207017|2026-09-14T21:47:37|2026-09-14T21:48:08|0,c3_k08_integer_positive_added,scheduler_completed,default_overnight_diagnostics_20260914,False,31.0,207017_r0,0,explicit_restart,9,True,True,/home/nc437/ladder-lite/lp_support_pool_diagnostic_20260914/cases/c3_k08_integer_positive_added/attempts/207017_r0/result.json,704076a2b644570fb217faa255750a78f5e5ae81349761b30136d6a27e7112e8,12600,True,COMPLETED
8,101000,3496625694219516928,12625,2026-09-14T21:47:37,2026-09-15T01:18:33,0:0,207018,207018,lpPool_c3_k08_lpweight_matched_zero_added,jingjie-cpu-20,default_partition,15010,normal,None,24G,0,s311M2HC07AF00,2026-09-14T21:48:08,COMPLETED,2026-09-14T21:47:37,270,00:00:00,s311M2HC07AF00|3496625694219516928|207018|2026-09-14T21:47:37|2026-09-14T21:48:08|0,c3_k08_lpweight_matched_zero_added,scheduler_completed,default_overnight_diagnostics_20260914,False,31.0,207018_r0,0,explicit_restart,9,True,True,/home/nc437/ladder-lite/lp_support_pool_diagnostic_20260914/cases/c3_k08_lpweight_matched_zero_added/attempts/207018_r0/result.json,7bf40bd4d628025f63ea26f7de936a4ee1ddb04f4b05dd5a80650303cfdbb5b3,12600,True,COMPLETED
8,101000,3496625694219751424,12625,2026-09-14T21:47:37,2026-09-15T01:18:33,0:0,207019,207019,lpPool_c3_k08_lpweight_positive_added,jingjie-cpu-20,default_partition,15010,normal,None,24G,0,s311M2HC07HM00,2026-09-14T21:48:08,COMPLETED,2026-09-14T21:47:37,270,00:00:00,s311M2HC07HM00|3496625694219751424|207019|2026-09-14T21:47:37|2026-09-14T21:48:08|0,c3_k08_lpweight_positive_added,scheduler_completed,default_overnight_diagnostics_20260914,False,31.0,207019_r0,0,explicit_restart,9,True,True,/home/nc437/ladder-lite/lp_support_pool_diagnostic_20260914/cases/c3_k08_lpweight_positive_added/attempts/207019_r0/result.json,fc5cc4fdef9aa9d27cc2006d97243872454d696247feafb743d5beff7b74fef8,12600,True,COMPLETED
8,48,3496625694220313600,6,2026-09-14T21:47:38,2026-09-14T21:48:14,0:0,207020,207020,lpPool_c3_k08_support_only,jingjie-cpu-01,default_partition,15010,normal,None,24G,0,s311M2HC082S00,2026-09-14T21:48:08,COMPLETED,2026-09-14T21:47:38,270,00:00:00,s311M2HC082S00|3496625694220313600|207020|2026-09-14T21:47:38|2026-09-14T21:48:08|0,c3_k08_support_only,scheduler_completed,default_overnight_diagnostics_20260914,False,30.0,207020_r0,0,explicit_restart,10,True,True,/home/nc437/ladder-lite/lp_support_pool_diagnostic_20260914/cases/c3_k08_support_only/attempts/207020_r0/result.json,a52c5162610c631c326527836aaa31b27905caa3bab0b065f82bed27634cb4e5,12600,True,COMPLETED
8,101280,3496625694220544000,12660,2026-09-14T21:47:38,2026-09-15T01:19:08,0:0,207022,207022,lpPool_c4_k08_integer_matched_zero_added,jingjie-cpu-01,default_partition,15010,normal,None,24G,0,s311M2HC089T00,2026-09-14T21:48:08,COMPLETED,2026-09-14T21:47:38,270,00:00:00,s311M2HC089T00|3496625694220544000|207022|2026-09-14T21:47:38|2026-09-14T21:48:08|0,c4_k08_integer_matched_zero_added,scheduler_completed,default_overnight_diagnostics_20260914,False,30.0,207022_r0,0,explicit_restart,9,True,True,/home/nc437/ladder-lite/lp_support_pool_diagnostic_20260914/cases/c4_k08_integer_matched_zero_added/attempts/207022_r0/result.json,dd77dcfaf2df5b713f560046e49657c52373030a5fe6857d80d4388a9a8d998a,12600,True,COMPLETED
8,101272,3496625694221199360,12659,2026-09-14T21:47:39,2026-09-15T01:19:07,0:0,207023,207023,lpPool_c4_k08_integer_positive_added,jingjie-cpu-01,default_partition,15010,normal,None,24G,0,s311M2HC08XT00,2026-09-14T21:48:08,COMPLETED,2026-09-14T21:47:39,270,00:00:00,s311M2HC08XT00|3496625694221199360|207023|2026-09-14T21:47:39|2026-09-14T21:48:08|0,c4_k08_integer_positive_added,scheduler_completed,default_overnight_diagnostics_20260914,False,29.0,207023_r0,0,explicit_restart,9,True,True,/home/nc437/ladder-lite/lp_support_pool_diagnostic_20260914/cases/c4_k08_integer_positive_added/attempts/207023_r0/result.json,eedae9376f225604e5837d0a78db1812e49273ed31f03f744d6b88574b38dbe7,12600,True,COMPLETED
8,101288,3496625694221434880,12661,2026-09-14T21:47:39,2026-09-15T01:19:09,0:0,207024,207024,lpPool_c4_k08_lpweight_matched_zero_added,jingjie-cpu-08,default_partition,15010,normal,None,24G,0,s311M2HC095000,2026-09-14T21:48:08,COMPLETED,2026-09-14T21:47:39,270,00:00:00,s311M2HC095000|3496625694221434880|207024|2026-09-14T21:47:39|2026-09-14T21:48:08|0,c4_k08_lpweight_matched_zero_added,scheduler_completed,default_overnight_diagnostics_20260914,False,29.0,207024_r0,0,explicit_restart,9,True,True,/home/nc437/ladder-lite/lp_support_pool_diagnostic_20260914/cases/c4_k08_lpweight_matched_zero_added/attempts/207024_r0/result.json,d40881cc77c88d0ae1757e24044c4c004e80b6ddccb5cf05725ad6c63ecec35d,12600,True,COMPLETED
8,101552,3496625694221758464,12694,2026-09-14T21:47:39,2026-09-15T01:19:42,0:0,207025,207025,lpPool_c4_k08_lpweight_positive_added,jingjie-cpu-08,default_partition,15010,normal,None,24G,0,s311M2HC09EW00,2026-09-14T21:48:08,COMPLETED,2026-09-14T21:47:39,270,00:00:00,s311M2HC09EW00|3496625694221758464|207025|2026-09-14T21:47:39|2026-09-14T21:48:08|0,c4_k08_lpweight_positive_added,scheduler_completed,default_overnight_diagnostics_20260914,False,29.0,207025_r0,0,explicit_restart,9,True,True,/home/nc437/ladder-lite/lp_support_pool_diagnostic_20260914/cases/c4_k08_lpweight_positive_added/attempts/207025_r0/result.json,eac501a72cf1c363200d5eb0cc6c6870d04230ff395b419d19d1f1336c60f067,12600,True,COMPLETED
8,296,3496625694221987840,37,2026-09-14T21:47:39,2026-09-14T21:48:45,0:0,207026,207026,lpPool_c4_k08_support_only,jingjie-cpu-08,default_partition,15010,normal,None,24G,0,s311M2HC09NW00,2026-09-14T21:48:08,COMPLETED,2026-09-14T21:47:39,270,00:00:00,s311M2HC09NW00|3496625694221987840|207026|2026-09-14T21:47:39|2026-09-14T21:48:08|0,c4_k08_support_only,scheduler_completed,default_overnight_diagnostics_20260914,False,29.0,207026_r0,0,explicit_restart,10,True,True,/home/nc437/ladder-lite/lp_support_pool_diagnostic_20260914/cases/c4_k08_support_only/attempts/207026_r0/result.json,eaa227e5c11ccefbbe5ce54a57b61126c6b82a5caceeadd58261f2f834f949da,12600,True,COMPLETED
8,101248,3496625694222102528,12656,2026-09-14T21:47:40,2026-09-15T01:19:04,0:0,207027,207027,lpPool_c4_k10_integer_matched_zero_added,jingjie-cpu-02,default_partition,15010,normal,None,24G,0,s311M2HC09SC00,2026-09-14T21:48:08,COMPLETED,2026-09-14T21:47:40,270,00:00:00,s311M2HC09SC00|3496625694222102528|207027|2026-09-14T21:47:40|2026-09-14T21:48:08|0,c4_k10_integer_matched_zero_added,scheduler_completed,default_overnight_diagnostics_20260914,False,28.0,207027_r0,0,explicit_restart,11,True,True,/home/nc437/ladder-lite/lp_support_pool_diagnostic_20260914/cases/c4_k10_integer_matched_zero_added/attempts/207027_r0/result.json,6611fd61bb933c4d080196d895f6f755576f3322e69ceaa12e993b895da2e5dd,12600,True,COMPLETED
8,101240,3496625694222226432,12655,2026-09-14T21:47:40,2026-09-15T01:19:03,0:0,207028,207028,lpPool_c4_k10_integer_positive_added,jingjie-cpu-02,default_partition,15010,normal,None,24G,0,s311M2HC09X500,2026-09-14T21:48:08,COMPLETED,2026-09-14T21:47:40,270,00:00:00,s311M2HC09X500|3496625694222226432|207028|2026-09-14T21:47:40|2026-09-14T21:48:08|0,c4_k10_integer_positive_added,scheduler_completed,default_overnight_diagnostics_20260914,False,28.0,207028_r0,0,explicit_restart,11,True,True,/home/nc437/ladder-lite/lp_support_pool_diagnostic_20260914/cases/c4_k10_integer_positive_added/attempts/207028_r0/result.json,0ca18f094c5ab217aa5ff39df1590c4fb1c071191a5c52b3e506d9f56791850f,12600,True,COMPLETED
8,101552,3496625694222972928,12694,2026-09-14T21:47:40,2026-09-15T01:19:42,0:0,207029,207029,lpPool_c4_k10_lpweight_matched_zero_added,jingjie-cpu-02,default_partition,15010,normal,None,24G,0,s311M2HC0AKY00,2026-09-14T21:48:08,COMPLETED,2026-09-14T21:47:40,270,00:00:00,s311M2HC0AKY00|3496625694222972928|207029|2026-09-14T21:47:40|2026-09-14T21:48:08|0,c4_k10_lpweight_matched_zero_added,scheduler_completed,default_overnight_diagnostics_20260914,False,28.0,207029_r0,0,explicit_restart,11,True,True,/home/nc437/ladder-lite/lp_support_pool_diagnostic_20260914/cases/c4_k10_lpweight_matched_zero_added/attempts/207029_r0/result.json,3bff0509429b1a31c04b562f8421262b5244703ef5fd7eb50b4f6068716beade,12600,True,COMPLETED
8,101344,3496625694223205376,12668,2026-09-14T21:47:41,2026-09-15T01:19:16,0:0,207030,207030,lpPool_c4_k10_lpweight_positive_added,jingjie-cpu-04,default_partition,15010,normal,None,24G,0,s311M2HC0AV100,2026-09-14T21:48:08,COMPLETED,2026-09-14T21:47:41,270,00:00:00,s311M2HC0AV100|3496625694223205376|207030|2026-09-14T21:47:41|2026-09-14T21:48:08|0,c4_k10_lpweight_positive_added,scheduler_completed,default_overnight_diagnostics_20260914,False,27.0,207030_r0,0,explicit_restart,11,True,True,/home/nc437/ladder-lite/lp_support_pool_diagnostic_20260914/cases/c4_k10_lpweight_positive_added/attempts/207030_r0/result.json,2c552c015228d3033ae1e92f68d873ec4ec7738b9613ddd7d5c4c99799601f75,12600,True,COMPLETED
8,64,3496625694223320064,8,2026-09-14T21:47:41,2026-09-14T21:48:16,0:0,207031,207031,lpPool_c4_k10_support_only,jingjie-cpu-04,default_partition,15010,normal,None,24G,0,s311M2HC0AYH00,2026-09-14T21:48:08,COMPLETED,2026-09-14T21:47:41,270,00:00:00,s311M2HC0AYH00|3496625694223320064|207031|2026-09-14T21:47:41|2026-09-14T21:48:08|0,c4_k10_support_only,scheduler_completed,default_overnight_diagnostics_20260914,False,27.0,207031_r0,0,explicit_restart,13,True,True,/home/nc437/ladder-lite/lp_support_pool_diagnostic_20260914/cases/c4_k10_support_only/attempts/207031_r0/result.json,c699e33f481699a3902f285bba4dd78c6008528d8bc42751f3aa220a8133db98,12600,True,COMPLETED
8,23608,3496625694223426560,2951,2026-09-14T21:47:41,2026-09-14T22:37:19,0:0,207032,207032,lpPool_c5_k08_lpweight_matched_zero_added,jingjie-cpu-04,default_partition,15010,normal,None,24G,0,s311M2HC0B1S00,2026-09-14T21:48:08,COMPLETED,2026-09-14T21:47:41,270,00:00:00,s311M2HC0B1S00|3496625694223426560|207032|2026-09-14T21:47:41|2026-09-14T21:48:08|0,c5_k08_lpweight_matched_zero_added,scheduler_completed,default_overnight_diagnostics_20260914,False,27.0,207032_r0,0,explicit_restart,9,True,True,/home/nc437/ladder-lite/lp_support_pool_diagnostic_20260914/cases/c5_k08_lpweight_matched_zero_added/attempts/207032_r0/result.json,545bffca4f09d6ba048486d7f7efc785a9c6fa8ddd908f4718a0af168c6c216d,12600,True,COMPLETED
8,29048,3496625694223540224,3631,2026-09-14T21:47:41,2026-09-14T22:48:39,0:0,207033,207033,lpPool_c5_k08_lpweight_positive_added,jingjie-cpu-03,default_partition,15010,normal,None,24G,0,s311M2HC0B5800,2026-09-14T21:48:08,COMPLETED,2026-09-14T21:47:41,270,00:00:00,s311M2HC0B5800|3496625694223540224|207033|2026-09-14T21:47:41|2026-09-14T21:48:08|0,c5_k08_lpweight_positive_added,scheduler_completed,default_overnight_diagnostics_20260914,False,27.0,207033_r0,0,explicit_restart,9,True,True,/home/nc437/ladder-lite/lp_support_pool_diagnostic_20260914/cases/c5_k08_lpweight_positive_added/attempts/207033_r0/result.json,c69e9c2d075bee23ead17f5ad266604f8dbea53b31fa274ab926e8733273bdab,12600,True,COMPLETED
8,56,3496625694223882240,7,2026-09-14T21:47:41,2026-09-14T21:48:15,0:0,207034,207034,lpPool_c5_k08_support_only,jingjie-cpu-03,default_partition,15010,normal,None,24G,0,s311M2HC0BFP00,2026-09-14T21:48:08,COMPLETED,2026-09-14T21:47:41,270,00:00:00,s311M2HC0BFP00|3496625694223882240|207034|2026-09-14T21:47:41|2026-09-14T21:48:08|0,c5_k08_support_only,scheduler_completed,default_overnight_diagnostics_20260914,False,27.0,207034_r0,0,explicit_restart,10,True,True,/home/nc437/ladder-lite/lp_support_pool_diagnostic_20260914/cases/c5_k08_support_only/attempts/207034_r0/result.json,43521273ed8f41ac286cb0bab1da873e8613790cea042bc0012663e2c14e1b17,12600,True,COMPLETED
8,101176,3496625694224109568,12647,2026-09-14T21:47:42,2026-09-15T01:18:55,0:0,207035,207035,lpPool_c5_k10_lpweight_matched_zero_added,jingjie-cpu-03,default_partition,15010,normal,None,24G,0,s311M2HC0BPM00,2026-09-14T21:48:08,COMPLETED,2026-09-14T21:47:42,270,00:00:00,s311M2HC0BPM00|3496625694224109568|207035|2026-09-14T21:47:42|2026-09-14T21:48:08|0,c5_k10_lpweight_matched_zero_added,scheduler_completed,default_overnight_diagnostics_20260914,False,26.0,207035_r0,0,explicit_restart,11,True,True,/home/nc437/ladder-lite/lp_support_pool_diagnostic_20260914/cases/c5_k10_lpweight_matched_zero_added/attempts/207035_r0/result.json,0827f47d3fe18c93d08637e7bd7f7c433869ee92228c20d8eefb8d73378d7013,12600,True,COMPLETED
8,101176,3496625694224802816,12647,2026-09-14T21:47:42,2026-09-15T01:18:55,0:0,207036,207036,lpPool_c5_k10_lpweight_positive_added,jingjie-cpu-03,default_partition,15010,normal,None,24G,0,s311M2HC0CBS00,2026-09-14T21:48:08,COMPLETED,2026-09-14T21:47:42,270,00:00:00,s311M2HC0CBS00|3496625694224802816|207036|2026-09-14T21:47:42|2026-09-14T21:48:08|0,c5_k10_lpweight_positive_added,scheduler_completed,default_overnight_diagnostics_20260914,False,26.0,207036_r0,0,explicit_restart,11,True,True,/home/nc437/ladder-lite/lp_support_pool_diagnostic_20260914/cases/c5_k10_lpweight_positive_added/attempts/207036_r0/result.json,8213b08dea4f003cc56df8fa4b13b3c17c65527eb3a175f8bb68813e1b20f6f6,12600,True,COMPLETED
8,296,3496625694225254400,37,2026-09-14T21:47:43,2026-09-14T21:48:45,0:0,207037,207037,lpPool_c5_k10_support_only,jingjie-cpu-03,default_partition,15010,normal,None,24G,0,s311M2HC0CSJ00,2026-09-14T21:48:08,COMPLETED,2026-09-14T21:47:43,270,00:00:00,s311M2HC0CSJ00|3496625694225254400|207037|2026-09-14T21:47:43|2026-09-14T21:48:08|0,c5_k10_support_only,scheduler_completed,default_overnight_diagnostics_20260914,False,25.0,207037_r0,0,explicit_restart,12,True,True,/home/nc437/ladder-lite/lp_support_pool_diagnostic_20260914/cases/c5_k10_support_only/attempts/207037_r0/result.json,f526607899b1f433359da255282293e259dde0b26e978aa7c64eba61708a4ce9,12600,True,COMPLETED
8,101560,3496625694225929216,12695,2026-09-14T21:47:43,2026-09-15T01:19:43,0:0,207038,207038,lpPool_c6_k10_lpweight_matched_zero_added,jingjie-cpu-05,default_partition,15010,normal,None,24G,0,s311M2HC0DE500,2026-09-14T21:48:08,COMPLETED,2026-09-14T21:47:43,270,00:00:00,s311M2HC0DE500|3496625694225929216|207038|2026-09-14T21:47:43|2026-09-14T21:48:08|0,c6_k10_lpweight_matched_zero_added,scheduler_completed,default_overnight_diagnostics_20260914,False,25.0,207038_r0,0,explicit_restart,11,True,True,/home/nc437/ladder-lite/lp_support_pool_diagnostic_20260914/cases/c6_k10_lpweight_matched_zero_added/attempts/207038_r0/result.json,f9e444aee59b46755c9003594c6fbc37d6aa5a03810618383696b2a1f9a79c14,12600,True,COMPLETED
8,101320,3496625694226370560,12665,2026-09-14T21:47:44,2026-09-15T01:19:13,0:0,207039,207039,lpPool_c6_k10_lpweight_positive_added,jingjie-cpu-05,default_partition,15010,normal,None,24G,0,s311M2HC0DVM00,2026-09-14T21:48:08,COMPLETED,2026-09-14T21:47:44,270,00:00:00,s311M2HC0DVM00|3496625694226370560|207039|2026-09-14T21:47:44|2026-09-14T21:48:08|0,c6_k10_lpweight_positive_added,scheduler_completed,default_overnight_diagnostics_20260914,False,24.0,207039_r0,0,explicit_restart,11,True,True,/home/nc437/ladder-lite/lp_support_pool_diagnostic_20260914/cases/c6_k10_lpweight_positive_added/attempts/207039_r0/result.json,68c1cd760a0d43cb15221ef3db9edecf0d6a16558868b55c7ab658336bf66d3f,12600,True,COMPLETED
8,56,3496625694226591744,7,2026-09-14T21:47:44,2026-09-14T21:48:15,0:0,207040,207040,lpPool_c6_k10_support_only,jingjie-cpu-05,default_partition,15010,normal,None,24G,0,s311M2HC0E2C00,2026-09-14T21:48:08,COMPLETED,2026-09-14T21:47:44,270,00:00:00,s311M2HC0E2C00|3496625694226591744|207040|2026-09-14T21:47:44|2026-09-14T21:48:08|0,c6_k10_support_only,scheduler_completed,default_overnight_diagnostics_20260914,False,24.0,207040_r0,0,explicit_restart,12,True,True,/home/nc437/ladder-lite/lp_support_pool_diagnostic_20260914/cases/c6_k10_support_only/attempts/207040_r0/result.json,e8f17e45c183bdef06285ffb9c7c353e1f9bb5585dbff07310c6e75b516b179b,12600,True,COMPLETED
8,12016,3496625694399908864,1502,2026-09-15T01:50:49,Unknown,0:0,207671,207671,drLargeSeed_c1_k20_core512_mip,unicorn-cpu-74,default_partition,15010,normal,Dependency,24G,0,s311M2HC5KBK00,2026-09-15T01:51:37,RUNNING,2026-09-14T21:50:33,270,00:00:00,s311M2HC5KBK00|3496625694399908864|207671|2026-09-14T21:50:33|2026-09-15T01:51:37|0,c1_k20_core512_mip,running_censored,default_compact_large_seed_20260914,False,48.0,207671_r0,0,explicit_restart,,,False,/home/nc437/ladder-lite/compact_large_seed_20260914/cases/c1_k20_core512_mip/attempts/207671_r0/result.json,,12600,True,RUNNING
8,12016,3496625694400140288,1502,2026-09-15T01:50:43,Unknown,0:0,207672,207672,drLargeSeed_c1_k20_core_mip,unicorn-cpu-75,default_partition,15010,normal,Dependency,24G,0,s311M2HC5KJN00,2026-09-15T01:51:37,RUNNING,2026-09-14T21:50:33,270,00:00:00,s311M2HC5KJN00|3496625694400140288|207672|2026-09-14T21:50:33|2026-09-15T01:51:37|0,c1_k20_core_mip,running_censored,default_compact_large_seed_20260914,False,54.0,207672_r0,0,explicit_restart,,,False,/home/nc437/ladder-lite/compact_large_seed_20260914/cases/c1_k20_core_mip/attempts/207672_r0/result.json,,12600,True,RUNNING
8,3344,3496625694400369664,418,2026-09-15T01:50:43,2026-09-15T01:58:35,0:0,207673,207673,drLargeSeed_c1_k25_core512_mip,garg-cpu-02,default_partition,15010,normal,Dependency,24G,0,s311M2HC5KSN00,2026-09-15T01:51:37,COMPLETED,2026-09-14T21:50:34,270,00:00:00,s311M2HC5KSN00|3496625694400369664|207673|2026-09-14T21:50:34|2026-09-15T01:51:37|0,c1_k25_core512_mip,scheduler_completed,default_compact_large_seed_20260914,False,54.0,207673_r0,0,explicit_restart,25,True,True,/home/nc437/ladder-lite/compact_large_seed_20260914/cases/c1_k25_core512_mip/attempts/207673_r0/result.json,37bec44f8c44a1787bda8e032e6dcc3c49daa8215005ec2f78913a2e865bbeb4,12600,True,COMPLETED
8,3104,3496625694400591872,388,2026-09-15T01:50:35,2026-09-15T01:57:03,0:0,207674,207674,drLargeSeed_c1_k25_core_mip,unicorn-cpu-76,default_partition,15010,normal,Dependency,24G,0,s311M2HC5M0E00,2026-09-15T01:50:35,COMPLETED,2026-09-14T21:50:34,270,00:00:00,s311M2HC5M0E00|3496625694400591872|207674|2026-09-14T21:50:34|2026-09-15T01:50:35|0,c1_k25_core_mip,scheduler_completed,default_compact_large_seed_20260914,False,0.0,207674_r0,0,explicit_restart,25,True,True,/home/nc437/ladder-lite/compact_large_seed_20260914/cases/c1_k25_core_mip/attempts/207674_r0/result.json,28ac2426d252d1d8c98576eec2b814b8b772baa378b65e10ce72b1f9f4147f59,12600,True,COMPLETED
8,44728,3496625694400746496,5591,2026-09-15T00:43:24,Unknown,0:0,207675,207675,drLargeSeed_c2_k20_core512_mip,totient-cpu-03,default_partition,15010,normal,Dependency,24G,0,s311M2HC5M5500,2026-09-15T00:43:28,RUNNING,2026-09-14T21:50:34,270,00:00:00,s311M2HC5M5500|3496625694400746496|207675|2026-09-14T21:50:34|2026-09-15T00:43:28|0,c2_k20_core512_mip,running_censored,default_compact_large_seed_20260914,False,4.0,207675_r0,0,explicit_restart,,,False,/home/nc437/ladder-lite/compact_large_seed_20260914/cases/c2_k20_core512_mip/attempts/207675_r0/result.json,,12600,True,RUNNING
8,12016,3496625694401098752,1502,2026-09-15T01:50:43,Unknown,0:0,207676,207676,drLargeSeed_c2_k20_core_mip,jingjie-cpu-03,default_partition,15010,normal,Dependency,24G,0,s311M2HC5MFX00,2026-09-15T01:51:37,RUNNING,2026-09-14T21:50:34,270,00:00:00,s311M2HC5MFX00|3496625694401098752|207676|2026-09-14T21:50:34|2026-09-15T01:51:37|0,c2_k20_core_mip,running_censored,default_compact_large_seed_20260914,False,54.0,207676_r0,0,explicit_restart,,,False,/home/nc437/ladder-lite/compact_large_seed_20260914/cases/c2_k20_core_mip/attempts/207676_r0/result.json,,12600,True,RUNNING
8,12016,3496625694401317888,1502,2026-09-15T01:50:43,Unknown,0:0,207677,207677,drLargeSeed_c2_k25_core512_mip,jingjie-cpu-03,default_partition,15010,normal,Dependency,24G,0,s311M2HC5MPK00,2026-09-15T01:51:37,RUNNING,2026-09-14T21:50:35,270,00:00:00,s311M2HC5MPK00|3496625694401317888|207677|2026-09-14T21:50:35|2026-09-15T01:51:37|0,c2_k25_core512_mip,running_censored,default_compact_large_seed_20260914,False,54.0,207677_r0,0,explicit_restart,,,False,/home/nc437/ladder-lite/compact_large_seed_20260914/cases/c2_k25_core512_mip/attempts/207677_r0/result.json,,12600,True,RUNNING
8,12016,3496625694401437696,1502,2026-09-15T01:50:49,Unknown,0:0,207678,207678,drLargeSeed_c2_k25_core_mip,jingjie-cpu-03,default_partition,15010,normal,Dependency,24G,0,s311M2HC5MT800,2026-09-15T01:51:37,RUNNING,2026-09-14T21:50:35,270,00:00:00,s311M2HC5MT800|3496625694401437696|207678|2026-09-14T21:50:35|2026-09-15T01:51:37|0,c2_k25_core_mip,running_censored,default_compact_large_seed_20260914,False,48.0,207678_r0,0,explicit_restart,,,False,/home/nc437/ladder-lite/compact_large_seed_20260914/cases/c2_k25_core_mip/attempts/207678_r0/result.json,,12600,True,RUNNING
8,77904,3496625694401560576,9738,2026-09-14T23:34:07,Unknown,0:0,207679,207679,drLargeSeed_c3_k20_core512_mip,totient-cpu-04,default_partition,15010,normal,Dependency,24G,0,s311M2HC5MY000,2026-09-14T23:34:21,RUNNING,2026-09-14T21:50:35,270,00:00:00,s311M2HC5MY000|3496625694401560576|207679|2026-09-14T21:50:35|2026-09-14T23:34:21|0,c3_k20_core512_mip,running_censored,default_compact_large_seed_20260914,False,14.0,207679_r0,0,explicit_restart,,,False,/home/nc437/ladder-lite/compact_large_seed_20260914/cases/c3_k20_core512_mip/attempts/207679_r0/result.json,,12600,True,RUNNING
8,74024,3496625694401691648,9253,2026-09-14T23:42:19,Unknown,0:0,207680,207680,drLargeSeed_c3_k20_core_mip,sonic-cpu-01,default_partition,15010,normal,Dependency,24G,0,s311M2HC5N2000,2026-09-14T23:42:26,RUNNING,2026-09-14T21:50:35,270,00:00:00,s311M2HC5N2000|3496625694401691648|207680|2026-09-14T21:50:35|2026-09-14T23:42:26|0,c3_k20_core_mip,running_censored,default_compact_large_seed_20260914,False,7.0,207680_r0,0,explicit_restart,,,False,/home/nc437/ladder-lite/compact_large_seed_20260914/cases/c3_k20_core_mip/attempts/207680_r0/result.json,,12600,True,RUNNING
8,12016,3496625694401936384,1502,2026-09-15T01:50:43,Unknown,0:0,207681,207681,drLargeSeed_c3_k25_core512_mip,jingjie-cpu-05,default_partition,15010,normal,Dependency,24G,0,s311M2HC5N9F00,2026-09-15T01:51:37,RUNNING,2026-09-14T21:50:35,270,00:00:00,s311M2HC5N9F00|3496625694401936384|207681|2026-09-14T21:50:35|2026-09-15T01:51:37|0,c3_k25_core512_mip,running_censored,default_compact_large_seed_20260914,False,54.0,207681_r0,0,explicit_restart,,,False,/home/nc437/ladder-lite/compact_large_seed_20260914/cases/c3_k25_core512_mip/attempts/207681_r0/result.json,,12600,True,RUNNING
8,12016,3496625694402157568,1502,2026-09-15T01:50:43,Unknown,0:0,207682,207682,drLargeSeed_c3_k25_core_mip,jingjie-cpu-05,default_partition,15010,normal,Dependency,24G,0,s311M2HC5NG700,2026-09-15T01:51:37,RUNNING,2026-09-14T21:50:35,270,00:00:00,s311M2HC5NG700|3496625694402157568|207682|2026-09-14T21:50:35|2026-09-15T01:51:37|0,c3_k25_core_mip,running_censored,default_compact_large_seed_20260914,False,54.0,207682_r0,0,explicit_restart,,,False,/home/nc437/ladder-lite/compact_large_seed_20260914/cases/c3_k25_core_mip/attempts/207682_r0/result.json,,12600,True,RUNNING
8,12016,3496625694402270208,1502,2026-09-15T01:50:49,Unknown,0:0,207683,207683,drLargeSeed_c4_k20_core512_mip,jingjie-cpu-05,default_partition,15010,normal,Dependency,24G,0,s311M2HC5NKN00,2026-09-15T01:51:37,RUNNING,2026-09-14T21:50:36,270,00:00:00,s311M2HC5NKN00|3496625694402270208|207683|2026-09-14T21:50:36|2026-09-15T01:51:37|0,c4_k20_core512_mip,running_censored,default_compact_large_seed_20260914,False,48.0,207683_r0,0,explicit_restart,,,False,/home/nc437/ladder-lite/compact_large_seed_20260914/cases/c4_k20_core512_mip/attempts/207683_r0/result.json,,12600,True,RUNNING
8,6720,3496625694402379776,840,2026-09-15T01:50:49,2026-09-15T02:05:37,0:0,207684,207684,drLargeSeed_c4_k20_core_mip,jingjie-cpu-07,default_partition,15010,normal,Dependency,24G,0,s311M2HC5NQ000,2026-09-15T01:51:37,COMPLETED,2026-09-14T21:50:36,270,00:00:00,s311M2HC5NQ000|3496625694402379776|207684|2026-09-14T21:50:36|2026-09-15T01:51:37|0,c4_k20_core_mip,scheduler_completed,default_compact_large_seed_20260914,False,48.0,207684_r0,0,explicit_restart,20,True,True,/home/nc437/ladder-lite/compact_large_seed_20260914/cases/c4_k20_core_mip/attempts/207684_r0/result.json,d5f4d838014dbda46f146ce448d06ddddbd3a40592e188f40b93dfdab48a085d,12600,True,COMPLETED
8,12016,3496625694402502656,1502,2026-09-15T01:50:49,Unknown,0:0,207685,207685,drLargeSeed_c4_k25_core512_mip,jingjie-cpu-09,default_partition,15010,normal,Dependency,24G,0,s311M2HC5NTR00,2026-09-15T01:51:37,RUNNING,2026-09-14T21:50:36,270,00:00:00,s311M2HC5NTR00|3496625694402502656|207685|2026-09-14T21:50:36|2026-09-15T01:51:37|0,c4_k25_core512_mip,running_censored,default_compact_large_seed_20260914,False,48.0,207685_r0,0,explicit_restart,,,False,/home/nc437/ladder-lite/compact_large_seed_20260914/cases/c4_k25_core512_mip/attempts/207685_r0/result.json,,12600,True,RUNNING
8,12016,3496625694402638848,1502,2026-09-15T01:50:43,Unknown,0:0,207686,207686,drLargeSeed_c4_k25_core_mip,jingjie-cpu-08,default_partition,15010,normal,Dependency,24G,0,s311M2HC5NYX00,2026-09-15T01:51:37,RUNNING,2026-09-14T21:50:36,270,00:00:00,s311M2HC5NYX00|3496625694402638848|207686|2026-09-14T21:50:36|2026-09-15T01:51:37|0,c4_k25_core_mip,running_censored,default_compact_large_seed_20260914,False,54.0,207686_r0,0,explicit_restart,,,False,/home/nc437/ladder-lite/compact_large_seed_20260914/cases/c4_k25_core_mip/attempts/207686_r0/result.json,,12600,True,RUNNING
8,12016,3496625694402758656,1502,2026-09-15T01:50:49,Unknown,0:0,207687,207687,drLargeSeed_c5_k20_core512_mip,jingjie-cpu-08,default_partition,15010,normal,Dependency,24G,0,s311M2HC5P2J00,2026-09-15T01:51:37,RUNNING,2026-09-14T21:50:36,270,00:00:00,s311M2HC5P2J00|3496625694402758656|207687|2026-09-14T21:50:36|2026-09-15T01:51:37|0,c5_k20_core512_mip,running_censored,default_compact_large_seed_20260914,False,48.0,207687_r0,0,explicit_restart,,,False,/home/nc437/ladder-lite/compact_large_seed_20260914/cases/c5_k20_core512_mip/attempts/207687_r0/result.json,,12600,True,RUNNING
8,12016,3496625694402866176,1502,2026-09-15T01:50:43,Unknown,0:0,207688,207688,drLargeSeed_c5_k20_core_mip,jingjie-cpu-08,default_partition,15010,normal,Dependency,24G,0,s311M2HC5P5V00,2026-09-15T01:51:37,RUNNING,2026-09-14T21:50:36,270,00:00:00,s311M2HC5P5V00|3496625694402866176|207688|2026-09-14T21:50:36|2026-09-15T01:51:37|0,c5_k20_core_mip,running_censored,default_compact_large_seed_20260914,False,54.0,207688_r0,0,explicit_restart,,,False,/home/nc437/ladder-lite/compact_large_seed_20260914/cases/c5_k20_core_mip/attempts/207688_r0/result.json,,12600,True,RUNNING
8,12016,3496625694402993152,1502,2026-09-15T01:50:49,Unknown,0:0,207689,207689,drLargeSeed_c5_k25_core512_mip,jingjie-cpu-10,default_partition,15010,normal,Dependency,24G,0,s311M2HC5P9Q00,2026-09-15T01:51:37,RUNNING,2026-09-14T21:50:36,270,00:00:00,s311M2HC5P9Q00|3496625694402993152|207689|2026-09-14T21:50:36|2026-09-15T01:51:37|0,c5_k25_core512_mip,running_censored,default_compact_large_seed_20260914,False,48.0,207689_r0,0,explicit_restart,,,False,/home/nc437/ladder-lite/compact_large_seed_20260914/cases/c5_k25_core512_mip/attempts/207689_r0/result.json,,12600,True,RUNNING
8,12016,3496625694403127296,1502,2026-09-15T01:50:49,Unknown,0:0,207690,207690,drLargeSeed_c5_k25_core_mip,jingjie-cpu-11,default_partition,15010,normal,Dependency,24G,0,s311M2HC5PDT00,2026-09-15T01:51:37,RUNNING,2026-09-14T21:50:36,270,00:00:00,s311M2HC5PDT00|3496625694403127296|207690|2026-09-14T21:50:36|2026-09-15T01:51:37|0,c5_k25_core_mip,running_censored,default_compact_large_seed_20260914,False,48.0,207690_r0,0,explicit_restart,,,False,/home/nc437/ladder-lite/compact_large_seed_20260914/cases/c5_k25_core_mip/attempts/207690_r0/result.json,,12600,True,RUNNING
8,1448,3496625710534182912,181,2026-09-15T02:13:09,Unknown,0:0,220545,220545,drP_w5_k25_longmip,sablab-cpu-01,default_partition,14550,normal,None,24G,0,s311M2HV6E6J00,2026-09-15T02:13:38,RUNNING,2026-09-15T02:13:09,270,00:00:00,s311M2HV6E6J00|3496625710534182912|220545|2026-09-15T02:13:09|2026-09-15T02:13:38|0,w5_k25_longmip,running_censored,default_overnight_diagnostics_20260914,False,29.0,220545_r0,0,explicit_restart,,,False,/home/nc437/ladder-lite/final_chain_gap_20260915/cases/w5_k25_longmip/attempts/220545_r0/result.json,,12600,True,RUNNING
