
Gurobi 12.0.3 (linux64) logging started Tue Sep 22 07:51:35 2026

Set parameter LogFile to value "/share/scaglione/nc437/evsp-dr/chain_extension_33_40_20260921/cases/w4_k34/cg/661693_r0/cg.json.gurobi.log"
Set parameter TimeLimit to value 1.2266019942928571e+04
Set parameter TimeLimit to value 1.2266019942928571e+04
Set parameter Method to value 1
Gurobi Optimizer version 12.0.3 build v12.0.3rc0 (linux64 - "Ubuntu 24.04.4 LTS")

CPU model: Intel(R) Xeon(R) Gold 5218R CPU @ 2.10GHz, instruction set [SSE2|AVX|AVX2|AVX512]
Thread count: 40 physical cores, 40 logical processors, using up to 1 threads

Non-default parameters:
TimeLimit  1.2266019942928571e+04
Method  1
BarHomogeneous  1
Threads  1

Optimize a model with 816 rows, 252495 columns and 7016255 nonzeros
Model fingerprint: 0xb4aec96a
Coefficient statistics:
  Matrix range     [1e+00, 1e+00]
  Objective range  [1e+05, 5e+05]
  Bounds range     [0e+00, 0e+00]
  RHS range        [1e+00, 1e+00]
Presolve removed 31 rows and 847 columns
Presolve time: 3.34s
Presolved: 785 rows, 251648 columns, 7015408 nonzeros

Iteration    Objective       Primal Inf.    Dual Inf.      Time
       0    3.1000000e+06   7.850000e+02   0.000000e+00      4s

Starting sifting (using dual simplex for sub-problems)...

    Iter     Pivots    Primal Obj      Dual Obj        Time
       0          0     infinity      3.1000000e+06      4s
       1       1153   3.1870185e+07   3.8198486e+06      4s
       2       5152   1.0773223e+07   4.1828983e+06      5s
       3       8871   7.1403891e+06   4.7427004e+06      6s
       4      13865   6.4871582e+06   5.2036779e+06      9s
       5      20659   6.3159245e+06   5.7509601e+06     13s
       6      31351   6.3017526e+06   6.2988618e+06     20s
       7      39953   6.3015445e+06   6.3006692e+06     28s
       8      48877   6.3014787e+06   6.3010670e+06     38s
       9      56463   6.3014463e+06   6.3012575e+06     48s
      10      63871   6.3014384e+06   6.3013389e+06     58s
      11      71307   6.3014331e+06   6.3013716e+06     68s
      12      78983   6.3014280e+06   6.3013908e+06     80s
      13      85981   6.3014247e+06   6.3014017e+06     90s

Sifting complete

   94745    6.3014241e+06   0.000000e+00   5.327572e+03    103s
   96681    6.3014241e+06   0.000000e+00   1.197895e+03    105s
  102182    6.3014241e+06   0.000000e+00   2.114689e+02    110s
  107697    6.3014241e+06   0.000000e+00   3.911484e+01    115s
  112991    6.3014241e+06   3.556870e-03   0.000000e+00    121s
  112998    6.3014241e+06   0.000000e+00   0.000000e+00    121s

Solved in 112998 iterations and 121.28 seconds (190.19 work units)
Optimal objective  6.301424123e+06
Set parameter TimeLimit to value 1.2110785385724157e+04
Set parameter Method to value 1
Gurobi Optimizer version 12.0.3 build v12.0.3rc0 (linux64 - "Ubuntu 24.04.4 LTS")

CPU model: Intel(R) Xeon(R) Gold 5218R CPU @ 2.10GHz, instruction set [SSE2|AVX|AVX2|AVX512]
Thread count: 40 physical cores, 40 logical processors, using up to 1 threads

Non-default parameters:
TimeLimit  1.2110785385724157e+04
Method  1
BarHomogeneous  1
Threads  1

Optimize a model with 816 rows, 252525 columns and 7017615 nonzeros
Coefficient statistics:
  Matrix range     [1e+00, 1e+00]
  Objective range  [1e+05, 5e+05]
  Bounds range     [0e+00, 0e+00]
  RHS range        [1e+00, 1e+00]
LP warm-start: use basis

Iteration    Objective       Primal Inf.    Dual Inf.      Time
       0   -8.9998548e+37   6.552512e+33   8.999855e+07      1s
      30    3.3014719e+06   0.000000e+00   0.000000e+00      1s

Solved in 30 iterations and 0.57 seconds (0.40 work units)
Optimal objective  3.301471939e+06
Set parameter TimeLimit to value 1.2086506943201646e+04
Set parameter Method to value 1
Gurobi Optimizer version 12.0.3 build v12.0.3rc0 (linux64 - "Ubuntu 24.04.4 LTS")

CPU model: Intel(R) Xeon(R) Gold 5218R CPU @ 2.10GHz, instruction set [SSE2|AVX|AVX2|AVX512]
Thread count: 40 physical cores, 40 logical processors, using up to 1 threads

Non-default parameters:
TimeLimit  1.2086506943201646e+04
Method  1
BarHomogeneous  1
Threads  1

Optimize a model with 816 rows, 252555 columns and 7018612 nonzeros
Coefficient statistics:
  Matrix range     [1e+00, 1e+00]
  Objective range  [1e+05, 5e+05]
  Bounds range     [0e+00, 0e+00]
  RHS range        [1e+00, 1e+00]
LP warm-start: use basis

Iteration    Objective       Primal Inf.    Dual Inf.      Time
       0   -3.0013286e+36   3.857175e+34   3.001329e+06      1s
      49    3.3014719e+06   0.000000e+00   0.000000e+00      1s

Solved in 49 iterations and 1.33 seconds (1.40 work units)
Optimal objective  3.301471939e+06
Set parameter TimeLimit to value 1.2062431515688077e+04
Set parameter Method to value 1
Gurobi Optimizer version 12.0.3 build v12.0.3rc0 (linux64 - "Ubuntu 24.04.4 LTS")

CPU model: Intel(R) Xeon(R) Gold 5218R CPU @ 2.10GHz, instruction set [SSE2|AVX|AVX2|AVX512]
Thread count: 40 physical cores, 40 logical processors, using up to 1 threads

Non-default parameters:
TimeLimit  1.2062431515688077e+04
Method  1
BarHomogeneous  1
Threads  1

Optimize a model with 816 rows, 252585 columns and 7019587 nonzeros
Coefficient statistics:
  Matrix range     [1e+00, 1e+00]
  Objective range  [1e+05, 5e+05]
  Bounds range     [0e+00, 0e+00]
  RHS range        [1e+00, 1e+00]
LP warm-start: use basis

Iteration    Objective       Primal Inf.    Dual Inf.      Time
       0   -3.0012655e+36   2.352149e+34   3.001265e+06      1s
      53    3.3014719e+06   0.000000e+00   0.000000e+00      1s

Solved in 53 iterations and 1.39 seconds (1.49 work units)
Optimal objective  3.301471939e+06
Set parameter TimeLimit to value 1.2039994437866379e+04
Set parameter Method to value 1
Gurobi Optimizer version 12.0.3 build v12.0.3rc0 (linux64 - "Ubuntu 24.04.4 LTS")

CPU model: Intel(R) Xeon(R) Gold 5218R CPU @ 2.10GHz, instruction set [SSE2|AVX|AVX2|AVX512]
Thread count: 40 physical cores, 40 logical processors, using up to 1 threads

Non-default parameters:
TimeLimit  1.2039994437866379e+04
Method  1
BarHomogeneous  1
Threads  1

Optimize a model with 816 rows, 252615 columns and 7020714 nonzeros
Coefficient statistics:
  Matrix range     [1e+00, 1e+00]
  Objective range  [1e+05, 5e+05]
  Bounds range     [0e+00, 0e+00]
  RHS range        [1e+00, 1e+00]
LP warm-start: use basis

Iteration    Objective       Primal Inf.    Dual Inf.      Time
       0   -2.9999578e+36   1.237297e+34   2.999958e+06      1s
     113    3.3014719e+06   0.000000e+00   0.000000e+00      2s

Solved in 113 iterations and 2.38 seconds (2.87 work units)
Optimal objective  3.301471939e+06
Set parameter TimeLimit to value 1.2013823460619897e+04
Set parameter Method to value 1
Gurobi Optimizer version 12.0.3 build v12.0.3rc0 (linux64 - "Ubuntu 24.04.4 LTS")

CPU model: Intel(R) Xeon(R) Gold 5218R CPU @ 2.10GHz, instruction set [SSE2|AVX|AVX2|AVX512]
Thread count: 40 physical cores, 40 logical processors, using up to 1 threads

Non-default parameters:
TimeLimit  1.2013823460619897e+04
Method  1
BarHomogeneous  1
Threads  1

Optimize a model with 816 rows, 252645 columns and 7021723 nonzeros
Coefficient statistics:
  Matrix range     [1e+00, 1e+00]
  Objective range  [1e+05, 5e+05]
  Bounds range     [0e+00, 0e+00]
  RHS range        [1e+00, 1e+00]
LP warm-start: use basis

Iteration    Objective       Primal Inf.    Dual Inf.      Time
       0   -2.8858785e+33   1.109532e+35   2.885879e+03      1s
     124    3.3014719e+06   0.000000e+00   0.000000e+00      3s

Solved in 124 iterations and 2.59 seconds (3.07 work units)
Optimal objective  3.301471939e+06
Set parameter TimeLimit to value 1.1988656723829452e+04
Set parameter Method to value 1
Gurobi Optimizer version 12.0.3 build v12.0.3rc0 (linux64 - "Ubuntu 24.04.4 LTS")

CPU model: Intel(R) Xeon(R) Gold 5218R CPU @ 2.10GHz, instruction set [SSE2|AVX|AVX2|AVX512]
Thread count: 40 physical cores, 40 logical processors, using up to 1 threads

Non-default parameters:
TimeLimit  1.1988656723829452e+04
Method  1
BarHomogeneous  1
Threads  1

Optimize a model with 816 rows, 252675 columns and 7022822 nonzeros
Coefficient statistics:
  Matrix range     [1e+00, 1e+00]
  Objective range  [1e+05, 5e+05]
  Bounds range     [0e+00, 0e+00]
  RHS range        [1e+00, 1e+00]
LP warm-start: use basis

Iteration    Objective       Primal Inf.    Dual Inf.      Time
       0   -2.9498573e+33   1.345010e+35   2.949857e+03      0s
      40    3.3014719e+06   0.000000e+00   0.000000e+00      1s

Solved in 40 iterations and 1.11 seconds (1.16 work units)
Optimal objective  3.301471939e+06
Set parameter TimeLimit to value 1.1965228653585538e+04
Set parameter Method to value 1
Gurobi Optimizer version 12.0.3 build v12.0.3rc0 (linux64 - "Ubuntu 24.04.4 LTS")

CPU model: Intel(R) Xeon(R) Gold 5218R CPU @ 2.10GHz, instruction set [SSE2|AVX|AVX2|AVX512]
Thread count: 40 physical cores, 40 logical processors, using up to 1 threads

Non-default parameters:
TimeLimit  1.1965228653585538e+04
Method  1
BarHomogeneous  1
Threads  1

Optimize a model with 816 rows, 252705 columns and 7023882 nonzeros
Coefficient statistics:
  Matrix range     [1e+00, 1e+00]
  Objective range  [1e+05, 5e+05]
  Bounds range     [0e+00, 0e+00]
  RHS range        [1e+00, 1e+00]
LP warm-start: use basis

Iteration    Objective       Primal Inf.    Dual Inf.      Time
       0   -2.8522091e+33   1.425581e+35   2.852209e+03      1s
      92    3.3014719e+06   0.000000e+00   0.000000e+00      2s

Solved in 92 iterations and 1.96 seconds (2.39 work units)
Optimal objective  3.301471939e+06
Set parameter TimeLimit to value 1.1940091254352126e+04
Set parameter Method to value 1
Gurobi Optimizer version 12.0.3 build v12.0.3rc0 (linux64 - "Ubuntu 24.04.4 LTS")

CPU model: Intel(R) Xeon(R) Gold 5218R CPU @ 2.10GHz, instruction set [SSE2|AVX|AVX2|AVX512]
Thread count: 40 physical cores, 40 logical processors, using up to 1 threads

Non-default parameters:
TimeLimit  1.1940091254352126e+04
Method  1
BarHomogeneous  1
Threads  1

Optimize a model with 816 rows, 252735 columns and 7024847 nonzeros
Coefficient statistics:
  Matrix range     [1e+00, 1e+00]
  Objective range  [1e+05, 5e+05]
  Bounds range     [0e+00, 0e+00]
  RHS range        [1e+00, 1e+00]
LP warm-start: use basis

Iteration    Objective       Primal Inf.    Dual Inf.      Time
       0   -2.8697674e+33   1.392663e+35   2.869767e+03      1s
      68    3.3014719e+06   0.000000e+00   0.000000e+00      2s

Solved in 68 iterations and 1.54 seconds (1.80 work units)
Optimal objective  3.301471939e+06
Set parameter TimeLimit to value 1.1916536812592298e+04
Set parameter Method to value 1
Gurobi Optimizer version 12.0.3 build v12.0.3rc0 (linux64 - "Ubuntu 24.04.4 LTS")

CPU model: Intel(R) Xeon(R) Gold 5218R CPU @ 2.10GHz, instruction set [SSE2|AVX|AVX2|AVX512]
Thread count: 40 physical cores, 40 logical processors, using up to 1 threads

Non-default parameters:
TimeLimit  1.1916536812592298e+04
Method  1
BarHomogeneous  1
Threads  1

Optimize a model with 816 rows, 252765 columns and 7025855 nonzeros
Coefficient statistics:
  Matrix range     [1e+00, 1e+00]
  Objective range  [1e+05, 5e+05]
  Bounds range     [0e+00, 0e+00]
  RHS range        [1e+00, 1e+00]
LP warm-start: use basis

Iteration    Objective       Primal Inf.    Dual Inf.      Time
       0   -2.7753093e+33   1.111106e+35   2.775309e+03      1s
     105    3.3014719e+06   0.000000e+00   0.000000e+00      2s

Solved in 105 iterations and 2.23 seconds (2.68 work units)
Optimal objective  3.301471939e+06
Set parameter TimeLimit to value 1.1890208421497140e+04
Set parameter Method to value 1
Gurobi Optimizer version 12.0.3 build v12.0.3rc0 (linux64 - "Ubuntu 24.04.4 LTS")

CPU model: Intel(R) Xeon(R) Gold 5218R CPU @ 2.10GHz, instruction set [SSE2|AVX|AVX2|AVX512]
Thread count: 40 physical cores, 40 logical processors, using up to 1 threads

Non-default parameters:
TimeLimit  1.1890208421497140e+04
Method  1
BarHomogeneous  1
Threads  1

Optimize a model with 816 rows, 252795 columns and 7026894 nonzeros
Coefficient statistics:
  Matrix range     [1e+00, 1e+00]
  Objective range  [1e+05, 5e+05]
  Bounds range     [0e+00, 0e+00]
  RHS range        [1e+00, 1e+00]
LP warm-start: use basis

Iteration    Objective       Primal Inf.    Dual Inf.      Time
       0   -2.8479645e+33   1.020892e+35   2.847964e+03      1s
     100    3.3014719e+06   0.000000e+00   0.000000e+00      2s

Solved in 100 iterations and 2.02 seconds (2.41 work units)
Optimal objective  3.301471939e+06
Set parameter TimeLimit to value 1.1865146401454229e+04
Set parameter Method to value 1
Gurobi Optimizer version 12.0.3 build v12.0.3rc0 (linux64 - "Ubuntu 24.04.4 LTS")

CPU model: Intel(R) Xeon(R) Gold 5218R CPU @ 2.10GHz, instruction set [SSE2|AVX|AVX2|AVX512]
Thread count: 40 physical cores, 40 logical processors, using up to 1 threads

Non-default parameters:
TimeLimit  1.1865146401454229e+04
Method  1
BarHomogeneous  1
Threads  1

Optimize a model with 816 rows, 252825 columns and 7027954 nonzeros
Coefficient statistics:
  Matrix range     [1e+00, 1e+00]
  Objective range  [1e+05, 5e+05]
  Bounds range     [0e+00, 0e+00]
  RHS range        [1e+00, 1e+00]
LP warm-start: use basis

Iteration    Objective       Primal Inf.    Dual Inf.      Time
       0   -4.0742982e+33   1.827861e+35   4.074298e+03      1s
      97    3.3014719e+06   0.000000e+00   0.000000e+00      2s

Solved in 97 iterations and 2.05 seconds (2.41 work units)
Optimal objective  3.301471939e+06
Set parameter TimeLimit to value 1.1842694411320612e+04
Set parameter Method to value 1
Gurobi Optimizer version 12.0.3 build v12.0.3rc0 (linux64 - "Ubuntu 24.04.4 LTS")

CPU model: Intel(R) Xeon(R) Gold 5218R CPU @ 2.10GHz, instruction set [SSE2|AVX|AVX2|AVX512]
Thread count: 40 physical cores, 40 logical processors, using up to 1 threads

Non-default parameters:
TimeLimit  1.1842694411320612e+04
Method  1
BarHomogeneous  1
Threads  1

Optimize a model with 816 rows, 252855 columns and 7028959 nonzeros
Coefficient statistics:
  Matrix range     [1e+00, 1e+00]
  Objective range  [1e+05, 5e+05]
  Bounds range     [0e+00, 0e+00]
  RHS range        [1e+00, 1e+00]
LP warm-start: use basis

Iteration    Objective       Primal Inf.    Dual Inf.      Time
       0   -2.6686663e+33   1.455936e+35   2.668666e+03      1s
     127    3.3014719e+06   0.000000e+00   0.000000e+00      3s

Solved in 127 iterations and 2.70 seconds (3.22 work units)
Optimal objective  3.301471939e+06
Set parameter TimeLimit to value 1.1816567345435265e+04
Set parameter Method to value 1
Gurobi Optimizer version 12.0.3 build v12.0.3rc0 (linux64 - "Ubuntu 24.04.4 LTS")

CPU model: Intel(R) Xeon(R) Gold 5218R CPU @ 2.10GHz, instruction set [SSE2|AVX|AVX2|AVX512]
Thread count: 40 physical cores, 40 logical processors, using up to 1 threads

Non-default parameters:
TimeLimit  1.1816567345435265e+04
Method  1
BarHomogeneous  1
Threads  1

Optimize a model with 816 rows, 252885 columns and 7029903 nonzeros
Coefficient statistics:
  Matrix range     [1e+00, 1e+00]
  Objective range  [1e+05, 5e+05]
  Bounds range     [0e+00, 0e+00]
  RHS range        [1e+00, 1e+00]
LP warm-start: use basis

Iteration    Objective       Primal Inf.    Dual Inf.      Time
       0   -2.6185641e+33   1.071227e+35   2.618564e+03      1s
      70    3.3014719e+06   0.000000e+00   0.000000e+00      1s

Solved in 70 iterations and 1.49 seconds (1.74 work units)
Optimal objective  3.301471939e+06
Set parameter TimeLimit to value 1.1792328916884959e+04
Set parameter Method to value 1
Gurobi Optimizer version 12.0.3 build v12.0.3rc0 (linux64 - "Ubuntu 24.04.4 LTS")

CPU model: Intel(R) Xeon(R) Gold 5218R CPU @ 2.10GHz, instruction set [SSE2|AVX|AVX2|AVX512]
Thread count: 40 physical cores, 40 logical processors, using up to 1 threads

Non-default parameters:
TimeLimit  1.1792328916884959e+04
Method  1
BarHomogeneous  1
Threads  1

Optimize a model with 816 rows, 252915 columns and 7030871 nonzeros
Coefficient statistics:
  Matrix range     [1e+00, 1e+00]
  Objective range  [1e+05, 5e+05]
  Bounds range     [0e+00, 0e+00]
  RHS range        [1e+00, 1e+00]
LP warm-start: use basis

Iteration    Objective       Primal Inf.    Dual Inf.      Time
       0   -2.5828561e+33   1.043920e+35   2.582856e+03      0s
      94    3.3014719e+06   0.000000e+00   0.000000e+00      2s

Solved in 94 iterations and 1.88 seconds (2.39 work units)
Optimal objective  3.301471939e+06
Set parameter TimeLimit to value 1.1769874844423495e+04
Set parameter Method to value 1
Gurobi Optimizer version 12.0.3 build v12.0.3rc0 (linux64 - "Ubuntu 24.04.4 LTS")

CPU model: Intel(R) Xeon(R) Gold 5218R CPU @ 2.10GHz, instruction set [SSE2|AVX|AVX2|AVX512]
Thread count: 40 physical cores, 40 logical processors, using up to 1 threads

Non-default parameters:
TimeLimit  1.1769874844423495e+04
Method  1
BarHomogeneous  1
Threads  1

Optimize a model with 816 rows, 252945 columns and 7031800 nonzeros
Coefficient statistics:
  Matrix range     [1e+00, 1e+00]
  Objective range  [1e+05, 5e+05]
  Bounds range     [0e+00, 0e+00]
  RHS range        [1e+00, 1e+00]
LP warm-start: use basis

Iteration    Objective       Primal Inf.    Dual Inf.      Time
       0   -2.8108585e+33   1.508994e+35   2.810858e+03      1s
      63    3.3014719e+06   0.000000e+00   0.000000e+00      1s

Solved in 63 iterations and 1.47 seconds (1.68 work units)
Optimal objective  3.301471939e+06
Set parameter TimeLimit to value 1.1744819990507327e+04
Set parameter Method to value 1
Gurobi Optimizer version 12.0.3 build v12.0.3rc0 (linux64 - "Ubuntu 24.04.4 LTS")

CPU model: Intel(R) Xeon(R) Gold 5218R CPU @ 2.10GHz, instruction set [SSE2|AVX|AVX2|AVX512]
Thread count: 40 physical cores, 40 logical processors, using up to 1 threads

Non-default parameters:
TimeLimit  1.1744819990507327e+04
Method  1
BarHomogeneous  1
Threads  1

Optimize a model with 816 rows, 252975 columns and 7032774 nonzeros
Coefficient statistics:
  Matrix range     [1e+00, 1e+00]
  Objective range  [1e+05, 5e+05]
  Bounds range     [0e+00, 0e+00]
  RHS range        [1e+00, 1e+00]
LP warm-start: use basis

Iteration    Objective       Primal Inf.    Dual Inf.      Time
       0   -2.6441456e+33   2.215448e+35   2.644146e+03      1s
      94    3.3014719e+06   0.000000e+00   0.000000e+00      2s

Solved in 94 iterations and 1.92 seconds (2.26 work units)
Optimal objective  3.301471939e+06
Set parameter TimeLimit to value 1.1720208792501595e+04
Set parameter Method to value 1
Gurobi Optimizer version 12.0.3 build v12.0.3rc0 (linux64 - "Ubuntu 24.04.4 LTS")

CPU model: Intel(R) Xeon(R) Gold 5218R CPU @ 2.10GHz, instruction set [SSE2|AVX|AVX2|AVX512]
Thread count: 40 physical cores, 40 logical processors, using up to 1 threads

Non-default parameters:
TimeLimit  1.1720208792501595e+04
Method  1
BarHomogeneous  1
Threads  1

Optimize a model with 816 rows, 253005 columns and 7033772 nonzeros
Coefficient statistics:
  Matrix range     [1e+00, 1e+00]
  Objective range  [1e+05, 5e+05]
  Bounds range     [0e+00, 0e+00]
  RHS range        [1e+00, 1e+00]
LP warm-start: use basis

Iteration    Objective       Primal Inf.    Dual Inf.      Time
       0   -2.5346522e+33   1.676222e+35   2.534652e+03      1s
      60    3.3014719e+06   0.000000e+00   0.000000e+00      1s

Solved in 60 iterations and 1.47 seconds (1.59 work units)
Optimal objective  3.301471939e+06
Set parameter TimeLimit to value 1.1695631294091698e+04
Set parameter Method to value 1
Gurobi Optimizer version 12.0.3 build v12.0.3rc0 (linux64 - "Ubuntu 24.04.4 LTS")

CPU model: Intel(R) Xeon(R) Gold 5218R CPU @ 2.10GHz, instruction set [SSE2|AVX|AVX2|AVX512]
Thread count: 40 physical cores, 40 logical processors, using up to 1 threads

Non-default parameters:
TimeLimit  1.1695631294091698e+04
Method  1
BarHomogeneous  1
Threads  1

Optimize a model with 816 rows, 253035 columns and 7034691 nonzeros
Coefficient statistics:
  Matrix range     [1e+00, 1e+00]
  Objective range  [1e+05, 5e+05]
  Bounds range     [0e+00, 0e+00]
  RHS range        [1e+00, 1e+00]
LP warm-start: use basis

Iteration    Objective       Primal Inf.    Dual Inf.      Time
       0   -2.5480975e+33   1.750309e+35   2.548097e+03      0s
      44    3.3014719e+06   0.000000e+00   0.000000e+00      1s

Solved in 44 iterations and 0.94 seconds (0.99 work units)
Optimal objective  3.301471939e+06
Set parameter TimeLimit to value 1.1671691792060621e+04
Set parameter Method to value 1
Gurobi Optimizer version 12.0.3 build v12.0.3rc0 (linux64 - "Ubuntu 24.04.4 LTS")

CPU model: Intel(R) Xeon(R) Gold 5218R CPU @ 2.10GHz, instruction set [SSE2|AVX|AVX2|AVX512]
Thread count: 40 physical cores, 40 logical processors, using up to 1 threads

Non-default parameters:
TimeLimit  1.1671691792060621e+04
Method  1
BarHomogeneous  1
Threads  1

Optimize a model with 816 rows, 253065 columns and 7035567 nonzeros
Coefficient statistics:
  Matrix range     [1e+00, 1e+00]
  Objective range  [1e+05, 5e+05]
  Bounds range     [0e+00, 0e+00]
  RHS range        [1e+00, 1e+00]
LP warm-start: use basis

Iteration    Objective       Primal Inf.    Dual Inf.      Time
       0   -2.5944280e+33   2.005996e+35   2.594428e+03      0s
     122    3.3014719e+06   0.000000e+00   0.000000e+00      2s

Solved in 122 iterations and 2.47 seconds (2.98 work units)
Optimal objective  3.301471939e+06
Set parameter TimeLimit to value 1.1648477174850646e+04
Set parameter Method to value 1
Gurobi Optimizer version 12.0.3 build v12.0.3rc0 (linux64 - "Ubuntu 24.04.4 LTS")

CPU model: Intel(R) Xeon(R) Gold 5218R CPU @ 2.10GHz, instruction set [SSE2|AVX|AVX2|AVX512]
Thread count: 40 physical cores, 40 logical processors, using up to 1 threads

Non-default parameters:
TimeLimit  1.1648477174850646e+04
Method  1
BarHomogeneous  1
Threads  1

Optimize a model with 816 rows, 253095 columns and 7036372 nonzeros
Coefficient statistics:
  Matrix range     [1e+00, 1e+00]
  Objective range  [1e+05, 5e+05]
  Bounds range     [0e+00, 0e+00]
  RHS range        [1e+00, 1e+00]
LP warm-start: use basis

Iteration    Objective       Primal Inf.    Dual Inf.      Time
       0   -2.5991184e+33   2.697479e+35   2.599118e+03      1s
      79    3.3014719e+06   0.000000e+00   0.000000e+00      2s

Solved in 79 iterations and 1.73 seconds (2.05 work units)
Optimal objective  3.301471939e+06
Set parameter TimeLimit to value 1.1623121894148644e+04
Set parameter Method to value 1
Gurobi Optimizer version 12.0.3 build v12.0.3rc0 (linux64 - "Ubuntu 24.04.4 LTS")

CPU model: Intel(R) Xeon(R) Gold 5218R CPU @ 2.10GHz, instruction set [SSE2|AVX|AVX2|AVX512]
Thread count: 40 physical cores, 40 logical processors, using up to 1 threads

Non-default parameters:
TimeLimit  1.1623121894148644e+04
Method  1
BarHomogeneous  1
Threads  1

Optimize a model with 816 rows, 253125 columns and 7037434 nonzeros
Coefficient statistics:
  Matrix range     [1e+00, 1e+00]
  Objective range  [1e+05, 5e+05]
  Bounds range     [0e+00, 0e+00]
  RHS range        [1e+00, 1e+00]
LP warm-start: use basis

Iteration    Objective       Primal Inf.    Dual Inf.      Time
       0   -2.6236971e+33   1.740016e+35   2.623697e+03      1s
      39    3.3014719e+06   0.000000e+00   0.000000e+00      1s

Solved in 39 iterations and 1.20 seconds (0.95 work units)
Optimal objective  3.301471939e+06
Set parameter TimeLimit to value 1.1599133885473013e+04
Set parameter Method to value 1
Gurobi Optimizer version 12.0.3 build v12.0.3rc0 (linux64 - "Ubuntu 24.04.4 LTS")

CPU model: Intel(R) Xeon(R) Gold 5218R CPU @ 2.10GHz, instruction set [SSE2|AVX|AVX2|AVX512]
Thread count: 40 physical cores, 40 logical processors, using up to 1 threads

Non-default parameters:
TimeLimit  1.1599133885473013e+04
Method  1
BarHomogeneous  1
Threads  1

Optimize a model with 816 rows, 253155 columns and 7038298 nonzeros
Coefficient statistics:
  Matrix range     [1e+00, 1e+00]
  Objective range  [1e+05, 5e+05]
  Bounds range     [0e+00, 0e+00]
  RHS range        [1e+00, 1e+00]
LP warm-start: use basis

Iteration    Objective       Primal Inf.    Dual Inf.      Time
       0   -2.2886554e+33   5.296292e+34   2.288655e+03      0s
      32    3.3014719e+06   0.000000e+00   0.000000e+00      1s

Solved in 32 iterations and 0.93 seconds (0.90 work units)
Optimal objective  3.301471939e+06
Set parameter TimeLimit to value 1.1577649894483387e+04
Set parameter Method to value 1
Gurobi Optimizer version 12.0.3 build v12.0.3rc0 (linux64 - "Ubuntu 24.04.4 LTS")

CPU model: Intel(R) Xeon(R) Gold 5218R CPU @ 2.10GHz, instruction set [SSE2|AVX|AVX2|AVX512]
Thread count: 40 physical cores, 40 logical processors, using up to 1 threads

Non-default parameters:
TimeLimit  1.1577649894483387e+04
Method  1
BarHomogeneous  1
Threads  1

Optimize a model with 816 rows, 253185 columns and 7039149 nonzeros
Coefficient statistics:
  Matrix range     [1e+00, 1e+00]
  Objective range  [1e+05, 5e+05]
  Bounds range     [0e+00, 0e+00]
  RHS range        [1e+00, 1e+00]
LP warm-start: use basis

Iteration    Objective       Primal Inf.    Dual Inf.      Time
       0   -2.3651883e+33   8.873647e+34   2.365188e+03      1s
     180    3.3014719e+06   0.000000e+00   0.000000e+00      3s

Solved in 180 iterations and 3.34 seconds (4.25 work units)
Optimal objective  3.301471939e+06
Set parameter TimeLimit to value 1.1550993611057755e+04
Set parameter Method to value 1
Gurobi Optimizer version 12.0.3 build v12.0.3rc0 (linux64 - "Ubuntu 24.04.4 LTS")

CPU model: Intel(R) Xeon(R) Gold 5218R CPU @ 2.10GHz, instruction set [SSE2|AVX|AVX2|AVX512]
Thread count: 40 physical cores, 40 logical processors, using up to 1 threads

Non-default parameters:
TimeLimit  1.1550993611057755e+04
Method  1
BarHomogeneous  1
Threads  1

Optimize a model with 816 rows, 253215 columns and 7039928 nonzeros
Coefficient statistics:
  Matrix range     [1e+00, 1e+00]
  Objective range  [1e+05, 5e+05]
  Bounds range     [0e+00, 0e+00]
  RHS range        [1e+00, 1e+00]
LP warm-start: use basis

Iteration    Objective       Primal Inf.    Dual Inf.      Time
       0   -2.5006026e+33   1.568248e+35   2.500603e+03      1s
      74    3.3014719e+06   0.000000e+00   0.000000e+00      2s

Solved in 74 iterations and 2.01 seconds (1.73 work units)
Optimal objective  3.301471939e+06
Set parameter TimeLimit to value 1.1526289108037017e+04
Set parameter Method to value 1
Gurobi Optimizer version 12.0.3 build v12.0.3rc0 (linux64 - "Ubuntu 24.04.4 LTS")

CPU model: Intel(R) Xeon(R) Gold 5218R CPU @ 2.10GHz, instruction set [SSE2|AVX|AVX2|AVX512]
Thread count: 40 physical cores, 40 logical processors, using up to 1 threads

Non-default parameters:
TimeLimit  1.1526289108037017e+04
Method  1
BarHomogeneous  1
Threads  1

Optimize a model with 816 rows, 253245 columns and 7040972 nonzeros
Coefficient statistics:
  Matrix range     [1e+00, 1e+00]
  Objective range  [1e+05, 5e+05]
  Bounds range     [0e+00, 0e+00]
  RHS range        [1e+00, 1e+00]
LP warm-start: use basis

Iteration    Objective       Primal Inf.    Dual Inf.      Time
       0   -2.2245211e+33   1.877694e+35   2.224521e+03      1s
     127    3.3014719e+06   0.000000e+00   0.000000e+00      3s

Solved in 127 iterations and 2.53 seconds (3.05 work units)
Optimal objective  3.301471939e+06
Set parameter TimeLimit to value 1.1501448316155002e+04
Set parameter Method to value 1
Gurobi Optimizer version 12.0.3 build v12.0.3rc0 (linux64 - "Ubuntu 24.04.4 LTS")

CPU model: Intel(R) Xeon(R) Gold 5218R CPU @ 2.10GHz, instruction set [SSE2|AVX|AVX2|AVX512]
Thread count: 40 physical cores, 40 logical processors, using up to 1 threads

Non-default parameters:
TimeLimit  1.1501448316155002e+04
Method  1
BarHomogeneous  1
Threads  1

Optimize a model with 816 rows, 253275 columns and 7042186 nonzeros
Coefficient statistics:
  Matrix range     [1e+00, 1e+00]
  Objective range  [1e+05, 5e+05]
  Bounds range     [0e+00, 0e+00]
  RHS range        [1e+00, 1e+00]
LP warm-start: use basis

Iteration    Objective       Primal Inf.    Dual Inf.      Time
       0   -2.1349468e+33   3.745832e+35   2.134947e+03      1s
      60    3.3014719e+06   0.000000e+00   0.000000e+00      1s

Solved in 60 iterations and 1.38 seconds (1.63 work units)
Optimal objective  3.301471939e+06
Set parameter TimeLimit to value 1.1477010086794384e+04
Set parameter Method to value 1
Gurobi Optimizer version 12.0.3 build v12.0.3rc0 (linux64 - "Ubuntu 24.04.4 LTS")

CPU model: Intel(R) Xeon(R) Gold 5218R CPU @ 2.10GHz, instruction set [SSE2|AVX|AVX2|AVX512]
Thread count: 40 physical cores, 40 logical processors, using up to 1 threads

Non-default parameters:
TimeLimit  1.1477010086794384e+04
Method  1
BarHomogeneous  1
Threads  1

Optimize a model with 816 rows, 253305 columns and 7043348 nonzeros
Coefficient statistics:
  Matrix range     [1e+00, 1e+00]
  Objective range  [1e+05, 5e+05]
  Bounds range     [0e+00, 0e+00]
  RHS range        [1e+00, 1e+00]
LP warm-start: use basis

Iteration    Objective       Primal Inf.    Dual Inf.      Time
       0   -2.1263074e+33   1.868948e+35   2.126307e+03      1s
     104    3.3014719e+06   0.000000e+00   0.000000e+00      2s

Solved in 104 iterations and 2.08 seconds (2.39 work units)
Optimal objective  3.301471939e+06
Set parameter TimeLimit to value 1.1453637627745513e+04
Set parameter Method to value 1
Gurobi Optimizer version 12.0.3 build v12.0.3rc0 (linux64 - "Ubuntu 24.04.4 LTS")

CPU model: Intel(R) Xeon(R) Gold 5218R CPU @ 2.10GHz, instruction set [SSE2|AVX|AVX2|AVX512]
Thread count: 40 physical cores, 40 logical processors, using up to 1 threads

Non-default parameters:
TimeLimit  1.1453637627745513e+04
Method  1
BarHomogeneous  1
Threads  1

Optimize a model with 816 rows, 253335 columns and 7044270 nonzeros
Coefficient statistics:
  Matrix range     [1e+00, 1e+00]
  Objective range  [1e+05, 5e+05]
  Bounds range     [0e+00, 0e+00]
  RHS range        [1e+00, 1e+00]
LP warm-start: use basis

Iteration    Objective       Primal Inf.    Dual Inf.      Time
       0   -1.5862498e+33   1.162399e+35   1.586250e+03      1s
      56    3.3014719e+06   0.000000e+00   0.000000e+00      1s

Solved in 56 iterations and 1.36 seconds (1.52 work units)
Optimal objective  3.301471939e+06
Set parameter TimeLimit to value 1.1428629803055432e+04
Set parameter Method to value 1
Gurobi Optimizer version 12.0.3 build v12.0.3rc0 (linux64 - "Ubuntu 24.04.4 LTS")

CPU model: Intel(R) Xeon(R) Gold 5218R CPU @ 2.10GHz, instruction set [SSE2|AVX|AVX2|AVX512]
Thread count: 40 physical cores, 40 logical processors, using up to 1 threads

Non-default parameters:
TimeLimit  1.1428629803055432e+04
Method  1
BarHomogeneous  1
Threads  1

Optimize a model with 816 rows, 253365 columns and 7045164 nonzeros
Coefficient statistics:
  Matrix range     [1e+00, 1e+00]
  Objective range  [1e+05, 5e+05]
  Bounds range     [0e+00, 0e+00]
  RHS range        [1e+00, 1e+00]
LP warm-start: use basis

Iteration    Objective       Primal Inf.    Dual Inf.      Time
       0   -1.8079264e+33   9.891251e+35   1.807926e+03      0s
      61    3.3014719e+06   0.000000e+00   0.000000e+00      1s

Solved in 61 iterations and 1.27 seconds (1.42 work units)
Optimal objective  3.301471939e+06
Set parameter TimeLimit to value 1.1404742801622022e+04
Set parameter Method to value 1
Gurobi Optimizer version 12.0.3 build v12.0.3rc0 (linux64 - "Ubuntu 24.04.4 LTS")

CPU model: Intel(R) Xeon(R) Gold 5218R CPU @ 2.10GHz, instruction set [SSE2|AVX|AVX2|AVX512]
Thread count: 40 physical cores, 40 logical processors, using up to 1 threads

Non-default parameters:
TimeLimit  1.1404742801622022e+04
Method  1
BarHomogeneous  1
Threads  1

Optimize a model with 816 rows, 253395 columns and 7046253 nonzeros
Coefficient statistics:
  Matrix range     [1e+00, 1e+00]
  Objective range  [1e+05, 5e+05]
  Bounds range     [0e+00, 0e+00]
  RHS range        [1e+00, 1e+00]
LP warm-start: use basis

Iteration    Objective       Primal Inf.    Dual Inf.      Time
       0   -1.5239388e+33   2.154167e+35   1.523939e+03      1s
     118    3.3014719e+06   0.000000e+00   0.000000e+00      3s

Solved in 118 iterations and 2.82 seconds (2.98 work units)
Optimal objective  3.301471939e+06
Set parameter TimeLimit to value 1.1380594123813789e+04
Set parameter Method to value 1
Gurobi Optimizer version 12.0.3 build v12.0.3rc0 (linux64 - "Ubuntu 24.04.4 LTS")

CPU model: Intel(R) Xeon(R) Gold 5218R CPU @ 2.10GHz, instruction set [SSE2|AVX|AVX2|AVX512]
Thread count: 40 physical cores, 40 logical processors, using up to 1 threads

Non-default parameters:
TimeLimit  1.1380594123813789e+04
Method  1
BarHomogeneous  1
Threads  1

Optimize a model with 816 rows, 253425 columns and 7047064 nonzeros
Coefficient statistics:
  Matrix range     [1e+00, 1e+00]
  Objective range  [1e+05, 5e+05]
  Bounds range     [0e+00, 0e+00]
  RHS range        [1e+00, 1e+00]
LP warm-start: use basis

Iteration    Objective       Primal Inf.    Dual Inf.      Time
       0   -1.4474471e+33   4.759626e+35   1.447447e+03      1s
     271    3.3014719e+06   0.000000e+00   0.000000e+00      5s

Solved in 271 iterations and 4.63 seconds (6.14 work units)
Optimal objective  3.301471939e+06
Set parameter TimeLimit to value 1.1350050940465648e+04
Set parameter Method to value 1
Gurobi Optimizer version 12.0.3 build v12.0.3rc0 (linux64 - "Ubuntu 24.04.4 LTS")

CPU model: Intel(R) Xeon(R) Gold 5218R CPU @ 2.10GHz, instruction set [SSE2|AVX|AVX2|AVX512]
Thread count: 40 physical cores, 40 logical processors, using up to 1 threads

Non-default parameters:
TimeLimit  1.1350050940465648e+04
Method  1
BarHomogeneous  1
Threads  1

Optimize a model with 816 rows, 253455 columns and 7048310 nonzeros
Coefficient statistics:
  Matrix range     [1e+00, 1e+00]
  Objective range  [1e+05, 5e+05]
  Bounds range     [0e+00, 0e+00]
  RHS range        [1e+00, 1e+00]
LP warm-start: use basis

Iteration    Objective       Primal Inf.    Dual Inf.      Time
       0   -1.1475587e+33   1.741336e+35   1.147559e+03      1s
     269    3.3014719e+06   0.000000e+00   0.000000e+00      5s

Solved in 269 iterations and 4.57 seconds (5.93 work units)
Optimal objective  3.301471939e+06
Set parameter TimeLimit to value 1.1322667156636715e+04
Set parameter Method to value 1
Gurobi Optimizer version 12.0.3 build v12.0.3rc0 (linux64 - "Ubuntu 24.04.4 LTS")

CPU model: Intel(R) Xeon(R) Gold 5218R CPU @ 2.10GHz, instruction set [SSE2|AVX|AVX2|AVX512]
Thread count: 40 physical cores, 40 logical processors, using up to 1 threads

Non-default parameters:
TimeLimit  1.1322667156636715e+04
Method  1
BarHomogeneous  1
Threads  1

Optimize a model with 816 rows, 253485 columns and 7049122 nonzeros
Coefficient statistics:
  Matrix range     [1e+00, 1e+00]
  Objective range  [1e+05, 5e+05]
  Bounds range     [0e+00, 0e+00]
  RHS range        [1e+00, 1e+00]
LP warm-start: use basis

Iteration    Objective       Primal Inf.    Dual Inf.      Time
       0   -1.1295818e+33   1.153287e+35   1.129582e+03      1s
     359    3.3014676e+06   1.425808e+04   0.000000e+00      6s
     719    3.3014710e+06   3.210874e+04   0.000000e+00     12s
     957    3.3014716e+06   4.834811e+03   0.000000e+00     16s
    1315    3.3014718e+06   3.385334e+02   0.000000e+00     22s
    1554    3.3014718e+06   2.228052e+02   0.000000e+00     26s
    1912    3.3014719e+06   2.268996e+02   0.000000e+00     32s
    2152    3.3014719e+06   1.071007e+02   0.000000e+00     36s
    2510    3.3014719e+06   1.945738e+02   0.000000e+00     42s
    2750    3.3014719e+06   8.278899e+01   0.000000e+00     46s
    3108    3.3014719e+06   4.822703e+01   0.000000e+00     51s
    3346    3.3014719e+06   7.839408e+01   0.000000e+00     55s
    3705    3.3014719e+06   6.340935e+01   0.000000e+00     61s
    3944    3.3014719e+06   1.070023e+02   0.000000e+00     66s
    4304    3.3014719e+06   1.734545e+01   0.000000e+00     72s
    4544    3.3014719e+06   6.003128e+00   0.000000e+00     75s
    4904    3.3014719e+06   1.814134e+01   0.000000e+00     81s
    5264    3.3014719e+06   9.549249e+00   0.000000e+00     87s
    5504    3.3014719e+06   1.383456e-01   0.000000e+00     91s
    5648    3.3014719e+06   0.000000e+00   0.000000e+00     93s

Solved in 5648 iterations and 93.37 seconds (129.36 work units)
Optimal objective  3.301471939e+06
Set parameter TimeLimit to value 1.1204147765066475e+04
Set parameter Method to value 1
Gurobi Optimizer version 12.0.3 build v12.0.3rc0 (linux64 - "Ubuntu 24.04.4 LTS")

CPU model: Intel(R) Xeon(R) Gold 5218R CPU @ 2.10GHz, instruction set [SSE2|AVX|AVX2|AVX512]
Thread count: 40 physical cores, 40 logical processors, using up to 1 threads

Non-default parameters:
TimeLimit  1.1204147765066475e+04
Method  1
BarHomogeneous  1
Threads  1

Optimize a model with 816 rows, 253515 columns and 7049970 nonzeros
Coefficient statistics:
  Matrix range     [1e+00, 1e+00]
  Objective range  [1e+05, 5e+05]
  Bounds range     [0e+00, 0e+00]
  RHS range        [1e+00, 1e+00]
LP warm-start: use basis

Iteration    Objective       Primal Inf.    Dual Inf.      Time
       0   -1.3528675e+33   1.137504e+35   1.352867e+03      1s
     316   -1.2319023e+31   5.136068e+33   1.231902e+01      5s
     676   -4.0514982e+30   5.198242e+33   4.051499e+00     10s
    1001   -2.1911810e+30   6.907241e+33   2.191181e+00     16s
    1279   -1.4382359e+30   4.635763e+33   1.438236e+00     20s
    1675   -5.4352437e+29   1.142591e+34   5.435242e-01     27s
    1915   -2.3421868e+29   1.497825e+34   2.342191e-01     30s
    2272   -2.0203803e+28   1.431432e+33   2.020383e-02     36s
    2637    3.3014668e+06   5.070263e+03   0.000000e+00     42s
    2877    3.3014676e+06   3.275074e+03   0.000000e+00     46s
    3236    3.3014679e+06   2.627036e+03   0.000000e+00     52s
    3476    3.3014681e+06   1.414269e+04   0.000000e+00     56s
    3835    3.3014683e+06   2.047013e+03   0.000000e+00     61s
    4072    3.3014685e+06   2.639900e+03   0.000000e+00     65s
    4431    3.3014687e+06   1.714674e+03   0.000000e+00     71s
    4790    3.3014689e+06   2.763232e+03   0.000000e+00     77s
    5029    3.3014691e+06   4.261706e+03   0.000000e+00     81s
    5388    3.3014693e+06   3.709264e+03   0.000000e+00     87s
    5627    3.3014698e+06   1.440809e+03   0.000000e+00     91s
    5987    3.3014703e+06   7.385141e+03   0.000000e+00     97s
    6227    3.3014705e+06   1.088305e+03   0.000000e+00    101s
    6587    3.3014706e+06   4.475029e+03   0.000000e+00    107s
    6827    3.3014708e+06   2.413843e+03   0.000000e+00    111s
    7186    3.3014709e+06   6.674869e+02   0.000000e+00    117s
    7424    3.3014710e+06   7.271150e+02   0.000000e+00    121s
    7783    3.3014711e+06   9.168866e+02   0.000000e+00    127s
    8021    3.3014712e+06   1.051458e+03   0.000000e+00    131s
    8379    3.3014712e+06   5.845002e+02   0.000000e+00    137s
    8618    3.3014713e+06   3.856654e+02   0.000000e+00    141s
    8975    3.3014713e+06   3.377193e+02   0.000000e+00    147s
    9213    3.3014713e+06   1.364434e+03   0.000000e+00    151s
    9571    3.3014714e+06   1.790500e+02   0.000000e+00    157s
    9808    3.3014714e+06   3.127117e+02   0.000000e+00    160s
   10166    3.3014714e+06   1.206649e+02   0.000000e+00    166s
   10406    3.3014715e+06   2.428922e+02   0.000000e+00    170s
   10764    3.3014715e+06   2.497449e+02   0.000000e+00    176s
   11003    3.3014715e+06   3.178103e+02   0.000000e+00    180s
   11362    3.3014715e+06   3.090570e+02   0.000000e+00    186s
   11602    3.3014716e+06   2.681731e+02   0.000000e+00    190s
   11961    3.3014716e+06   3.133715e+02   0.000000e+00    197s
   12201    3.3014716e+06   4.554159e+02   0.000000e+00    200s
   12560    3.3014716e+06   3.292728e+02   0.000000e+00    206s
   12791    3.3014716e+06   1.464528e+02   0.000000e+00    210s
   13148    3.3014717e+06   1.753216e+02   0.000000e+00    216s
   13387    3.3014717e+06   1.041336e+02   0.000000e+00    220s
   13741    3.3014717e+06   1.922711e+02   0.000000e+00    226s
   13980    3.3014717e+06   3.316918e+02   0.000000e+00    230s
   14337    3.3014718e+06   6.588510e+02   0.000000e+00    236s
   14576    3.3014718e+06   1.472769e+03   0.000000e+00    240s
   14934    3.3014718e+06   1.116607e+03   0.000000e+00    246s
   15173    3.3014718e+06   1.804025e+02   0.000000e+00    251s
   15532    3.3014719e+06   1.144375e+02   0.000000e+00    257s
   15772    3.3014719e+06   6.745660e+01   0.000000e+00    260s
   16131    3.3014719e+06   1.061296e+02   0.000000e+00    266s
   16371    3.3014719e+06   1.006532e+02   0.000000e+00    271s
   16611    3.3014719e+06   4.068825e+01   0.000000e+00    275s
   16971    3.3014719e+06   1.776196e+03   0.000000e+00    281s
   17330    3.3014719e+06   3.515331e+01   0.000000e+00    287s
   17570    3.3014719e+06   4.831633e+01   0.000000e+00    291s
   17928    3.3014719e+06   5.072520e+02   0.000000e+00    297s
   18168    3.3014719e+06   2.135542e+01   0.000000e+00    301s
   18408    3.3014719e+06   9.169704e+00   0.000000e+00    305s
   18768    3.3014719e+06   1.057735e+02   0.000000e+00    311s
   19008    3.3014719e+06   3.102010e+01   0.000000e+00    315s
   19368    3.3014719e+06   8.686068e+00   0.000000e+00    321s
   19582    3.3014719e+06   0.000000e+00   0.000000e+00    325s

Solved in 19582 iterations and 324.65 seconds (447.42 work units)
Optimal objective  3.301471938e+06
Set parameter TimeLimit to value 1.0853612478619907e+04
Set parameter Method to value 1
Gurobi Optimizer version 12.0.3 build v12.0.3rc0 (linux64 - "Ubuntu 24.04.4 LTS")

CPU model: Intel(R) Xeon(R) Gold 5218R CPU @ 2.10GHz, instruction set [SSE2|AVX|AVX2|AVX512]
Thread count: 40 physical cores, 40 logical processors, using up to 1 threads

Non-default parameters:
TimeLimit  1.0853612478619907e+04
Method  1
BarHomogeneous  1
Threads  1

Optimize a model with 816 rows, 253545 columns and 7051077 nonzeros
Coefficient statistics:
  Matrix range     [1e+00, 1e+00]
  Objective range  [1e+05, 5e+05]
  Bounds range     [0e+00, 0e+00]
  RHS range        [1e+00, 1e+00]
LP warm-start: use basis

Iteration    Objective       Primal Inf.    Dual Inf.      Time
       0   -1.9602941e+33   3.358068e+35   1.960294e+03      1s
     270   -2.2453159e+32   7.809493e+34   2.245316e+02      5s
     585   -2.1490883e+31   5.679565e+33   2.149088e+01     10s
     900   -1.1273503e+31   9.766742e+34   1.127350e+01     16s
    1217   -8.1207836e+30   1.656288e+34   8.120782e+00     21s
    1496   -5.7059919e+30   4.939356e+34   5.705992e+00     26s
    1776   -3.8395414e+30   5.478963e+34   3.839542e+00     30s
    2135   -2.1416916e+30   3.665839e+33   2.141692e+00     36s
    2455   -1.1378054e+30   2.636290e+33   1.137806e+00     41s
    2695   -7.8277097e+29   6.997512e+33   7.827714e-01     45s
    3055   -3.3531693e+29   3.961366e+33   3.353172e-01     51s
    3295   -1.5950600e+29   7.758263e+33   1.595065e-01     55s
    3655   -4.0082937e+28   4.652370e+32   4.008326e-02     61s
    4014    3.3014587e+06   1.197400e+04   0.000000e+00     67s
    4254    3.3014639e+06   2.044600e+04   0.000000e+00     71s
    4494    3.3014642e+06   4.660178e+03   0.000000e+00     75s
    4854    3.3014658e+06   1.861074e+03   0.000000e+00     81s
    5214    3.3014676e+06   4.979695e+03   0.000000e+00     87s
    5452    3.3014677e+06   4.225489e+03   0.000000e+00     91s
    5811    3.3014679e+06   4.513704e+03   0.000000e+00     97s
    6048    3.3014680e+06   3.840668e+03   0.000000e+00    101s
    6404    3.3014685e+06   1.061897e+04   0.000000e+00    107s
    6641    3.3014687e+06   2.115744e+03   0.000000e+00    111s
    6999    3.3014690e+06   1.643432e+03   0.000000e+00    117s
    7237    3.3014692e+06   6.588820e+03   0.000000e+00    121s
    7593    3.3014694e+06   7.201685e+03   0.000000e+00    126s
    7831    3.3014695e+06   1.144967e+03   0.000000e+00    130s
    8190    3.3014698e+06   2.425729e+03   0.000000e+00    136s
    8424    3.3014699e+06   1.363622e+03   0.000000e+00    140s
    8781    3.3014701e+06   6.980422e+02   0.000000e+00    147s
    9018    3.3014702e+06   3.110876e+03   0.000000e+00    150s
    9375    3.3014703e+06   3.176769e+02   0.000000e+00    156s
    9732    3.3014704e+06   1.016570e+02   0.000000e+00    162s
    9970    3.3014705e+06   7.086389e+02   0.000000e+00    166s
   10330    3.3014706e+06   2.498261e+02   0.000000e+00    172s
   10567    3.3014706e+06   3.954332e+02   0.000000e+00    176s
   10925    3.3014707e+06   6.188791e+02   0.000000e+00    182s
   11160    3.3014708e+06   9.220528e+02   0.000000e+00    186s
   11512    3.3014708e+06   1.467984e+02   0.000000e+00    192s
   11751    3.3014708e+06   3.230541e+02   0.000000e+00    195s
   12107    3.3014709e+06   6.097863e+01   0.000000e+00    201s
   12345    3.3014709e+06   2.609378e+02   0.000000e+00    205s
   12704    3.3014710e+06   3.380870e+01   0.000000e+00    211s
   12944    3.3014710e+06   1.110942e+02   0.000000e+00    215s
   13303    3.3014710e+06   6.115474e+01   0.000000e+00    221s
   13540    3.3014710e+06   1.929277e+02   0.000000e+00    225s
   13898    3.3014711e+06   1.053394e+02   0.000000e+00    231s
   14138    3.3014711e+06   1.650639e+01   0.000000e+00    236s
   14373    3.3014711e+06   5.238624e+01   0.000000e+00    240s
   14729    3.3014711e+06   5.015326e+01   0.000000e+00    246s
   15087    3.3014711e+06   2.619820e+01   0.000000e+00    252s
   15325    3.3014711e+06   4.924155e+02   0.000000e+00    256s
   15684    3.3014711e+06   2.361881e+02   0.000000e+00    262s
   15923    3.3014711e+06   8.348804e-01   0.000000e+00    266s
   15983    3.3014711e+06   0.000000e+00   0.000000e+00    267s

Solved in 15983 iterations and 266.76 seconds (365.97 work units)
Optimal objective  3.301471127e+06
Set parameter TimeLimit to value 1.0561022144482471e+04
Set parameter Method to value 1
Gurobi Optimizer version 12.0.3 build v12.0.3rc0 (linux64 - "Ubuntu 24.04.4 LTS")

CPU model: Intel(R) Xeon(R) Gold 5218R CPU @ 2.10GHz, instruction set [SSE2|AVX|AVX2|AVX512]
Thread count: 40 physical cores, 40 logical processors, using up to 1 threads

Non-default parameters:
TimeLimit  1.0561022144482471e+04
Method  1
BarHomogeneous  1
Threads  1

Optimize a model with 816 rows, 253575 columns and 7052196 nonzeros
Coefficient statistics:
  Matrix range     [1e+00, 1e+00]
  Objective range  [1e+05, 5e+05]
  Bounds range     [0e+00, 0e+00]
  RHS range        [1e+00, 1e+00]
LP warm-start: use basis

Iteration    Objective       Primal Inf.    Dual Inf.      Time
       0   -1.1793050e+33   4.973020e+34   1.179305e+03      1s
     368   -1.1486915e+30   1.227952e+33   1.148692e+00      6s
     699   -2.1386380e+29   7.794652e+32   2.138638e-01     10s
    1054    3.3014671e+06   4.630820e+02   0.000000e+00     16s
    1292    3.3014680e+06   1.215059e+03   0.000000e+00     20s
    1651    3.3014691e+06   1.348779e+03   0.000000e+00     26s
    1891    3.3014694e+06   4.893730e+03   0.000000e+00     30s
    2250    3.3014698e+06   2.545803e+02   0.000000e+00     36s
    2606    3.3014699e+06   7.489004e+02   0.000000e+00     42s
    2842    3.3014700e+06   1.176385e+03   0.000000e+00     46s
    3076    3.3014700e+06   3.144872e+02   0.000000e+00     51s
    3430    3.3014701e+06   6.172386e+02   0.000000e+00     56s
    3667    3.3014701e+06   1.239827e+02   0.000000e+00     60s
    4024    3.3014702e+06   1.627709e+02   0.000000e+00     66s
    4259    3.3014702e+06   4.535244e+02   0.000000e+00     70s
    4615    3.3014703e+06   3.892424e+02   0.000000e+00     76s
    4974    3.3014703e+06   2.341672e+02   0.000000e+00     82s
    5209    3.3014704e+06   3.720951e+02   0.000000e+00     86s
    5567    3.3014704e+06   2.159802e+02   0.000000e+00     92s
    5807    3.3014705e+06   2.342897e+02   0.000000e+00     96s
    6167    3.3014706e+06   1.256422e+02   0.000000e+00    102s
    6406    3.3014706e+06   4.738140e+02   0.000000e+00    106s
    6749    3.3014706e+06   0.000000e+00   0.000000e+00    111s

Solved in 6749 iterations and 111.48 seconds (153.28 work units)
Optimal objective  3.301470624e+06
Set parameter TimeLimit to value 1.0423308291017078e+04
Set parameter Method to value 1
Gurobi Optimizer version 12.0.3 build v12.0.3rc0 (linux64 - "Ubuntu 24.04.4 LTS")

CPU model: Intel(R) Xeon(R) Gold 5218R CPU @ 2.10GHz, instruction set [SSE2|AVX|AVX2|AVX512]
Thread count: 40 physical cores, 40 logical processors, using up to 1 threads

Non-default parameters:
TimeLimit  1.0423308291017078e+04
Method  1
BarHomogeneous  1
Threads  1

Optimize a model with 816 rows, 253605 columns and 7053089 nonzeros
Coefficient statistics:
  Matrix range     [1e+00, 1e+00]
  Objective range  [1e+05, 5e+05]
  Bounds range     [0e+00, 0e+00]
  RHS range        [1e+00, 1e+00]
LP warm-start: use basis

Iteration    Objective       Primal Inf.    Dual Inf.      Time
       0   -1.4471621e+33   2.827540e+34   1.447162e+03      0s
     306   -4.9729455e+31   4.940758e+33   4.972945e+01      5s
     619   -1.7094637e+31   2.516040e+33   1.709464e+01     10s
     898   -8.7288750e+30   1.542604e+34   8.728875e+00     15s
    1252   -5.0323100e+30   2.103788e+34   5.032311e+00     21s
    1605   -1.8342719e+30   4.454283e+33   1.834272e+00     27s
    1842   -8.7229251e+29   1.837701e+33   8.722926e-01     30s
    2197   -6.5631394e+28   2.916377e+33   6.563135e-02     36s
    2548    3.3014659e+06   2.623241e+03   0.000000e+00     42s
    2784    3.3014666e+06   4.898611e+02   0.000000e+00     46s
    3138    3.3014671e+06   4.305811e+03   0.000000e+00     51s
    3376    3.3014674e+06   2.491474e+02   0.000000e+00     55s
    3736    3.3014682e+06   4.331985e+03   0.000000e+00     61s
    4095    3.3014686e+06   7.580908e+02   0.000000e+00     67s
    4333    3.3014688e+06   2.049898e+02   0.000000e+00     71s
    4688    3.3014689e+06   2.919661e+02   0.000000e+00     77s
    4925    3.3014690e+06   2.127530e+03   0.000000e+00     80s
    5276    3.3014691e+06   3.232631e+02   0.000000e+00     86s
    5628    3.3014691e+06   1.992002e+02   0.000000e+00     92s
    5864    3.3014692e+06   2.765653e+02   0.000000e+00     95s
    6220    3.3014693e+06   1.616277e+02   0.000000e+00    101s
    6567    3.3014693e+06   1.446682e+02   0.000000e+00    107s
    6804    3.3014693e+06   1.709977e+01   0.000000e+00    111s
    7156    3.3014693e+06   1.798898e+02   0.000000e+00    116s
    7390    3.3014693e+06   5.474101e+00   0.000000e+00    120s
    7626    3.3014693e+06   0.000000e+00   0.000000e+00    124s

Solved in 7626 iterations and 124.44 seconds (176.19 work units)
Optimal objective  3.301469341e+06
Set parameter TimeLimit to value 1.0273669523587916e+04
Set parameter Method to value 1
Gurobi Optimizer version 12.0.3 build v12.0.3rc0 (linux64 - "Ubuntu 24.04.4 LTS")

CPU model: Intel(R) Xeon(R) Gold 5218R CPU @ 2.10GHz, instruction set [SSE2|AVX|AVX2|AVX512]
Thread count: 40 physical cores, 40 logical processors, using up to 1 threads

Non-default parameters:
TimeLimit  1.0273669523587916e+04
Method  1
BarHomogeneous  1
Threads  1

Optimize a model with 816 rows, 253635 columns and 7054269 nonzeros
Coefficient statistics:
  Matrix range     [1e+00, 1e+00]
  Objective range  [1e+05, 5e+05]
  Bounds range     [0e+00, 0e+00]
  RHS range        [1e+00, 1e+00]
LP warm-start: use basis

Iteration    Objective       Primal Inf.    Dual Inf.      Time
       0   -1.0366148e+33   8.712336e+34   1.036615e+03      1s
     298   -5.5808866e+29   9.097402e+32   5.580887e-01      6s
     621    3.3014685e+06   1.013535e+03   0.000000e+00     11s
     855    3.3014686e+06   3.753783e+02   0.000000e+00     15s
    1213    3.3014687e+06   6.298394e+01   0.000000e+00     21s
    1570    3.3014689e+06   4.194155e+01   0.000000e+00     27s
    1808    3.3014689e+06   4.534723e+01   0.000000e+00     31s
    2167    3.3014689e+06   3.719446e+01   0.000000e+00     37s
    2403    3.3014690e+06   2.768216e+02   0.000000e+00     41s
    2723    3.3014690e+06   0.000000e+00   0.000000e+00     46s

Solved in 2723 iterations and 46.29 seconds (62.91 work units)
Optimal objective  3.301468961e+06
Set parameter TimeLimit to value 1.0201478506194893e+04
Set parameter Method to value 1
Gurobi Optimizer version 12.0.3 build v12.0.3rc0 (linux64 - "Ubuntu 24.04.4 LTS")

CPU model: Intel(R) Xeon(R) Gold 5218R CPU @ 2.10GHz, instruction set [SSE2|AVX|AVX2|AVX512]
Thread count: 40 physical cores, 40 logical processors, using up to 1 threads

Non-default parameters:
TimeLimit  1.0201478506194893e+04
Method  1
BarHomogeneous  1
Threads  1

Optimize a model with 816 rows, 253665 columns and 7055474 nonzeros
Coefficient statistics:
  Matrix range     [1e+00, 1e+00]
  Objective range  [1e+05, 5e+05]
  Bounds range     [0e+00, 0e+00]
  RHS range        [1e+00, 1e+00]
LP warm-start: use basis

Iteration    Objective       Primal Inf.    Dual Inf.      Time
       0   -1.1732972e+33   4.867879e+34   1.173297e+03      1s
     314   -1.0848704e+29   2.911208e+33   1.084870e-01      5s
     677    3.3014675e+06   6.045676e+02   0.000000e+00     11s
     916    3.3014677e+06   2.081652e+02   0.000000e+00     15s
    1266    3.3014677e+06   3.239185e+02   0.000000e+00     21s
    1506    3.3014678e+06   1.447393e+02   0.000000e+00     25s
    1864    3.3014678e+06   1.463798e+02   0.000000e+00     31s
    2101    3.3014678e+06   6.788834e+01   0.000000e+00     35s
    2455    3.3014678e+06   5.746125e-01   0.000000e+00     41s
    2563    3.3014678e+06   0.000000e+00   0.000000e+00     43s

Solved in 2563 iterations and 42.68 seconds (59.10 work units)
Optimal objective  3.301467840e+06
Set parameter TimeLimit to value 1.0132885493794922e+04
Set parameter Method to value 1
Gurobi Optimizer version 12.0.3 build v12.0.3rc0 (linux64 - "Ubuntu 24.04.4 LTS")

CPU model: Intel(R) Xeon(R) Gold 5218R CPU @ 2.10GHz, instruction set [SSE2|AVX|AVX2|AVX512]
Thread count: 40 physical cores, 40 logical processors, using up to 1 threads

Non-default parameters:
TimeLimit  1.0132885493794922e+04
Method  1
BarHomogeneous  1
Threads  1

Optimize a model with 816 rows, 253695 columns and 7056676 nonzeros
Coefficient statistics:
  Matrix range     [1e+00, 1e+00]
  Objective range  [1e+05, 5e+05]
  Bounds range     [0e+00, 0e+00]
  RHS range        [1e+00, 1e+00]
LP warm-start: use basis

Iteration    Objective       Primal Inf.    Dual Inf.      Time
       0   -9.4463951e+32   9.713998e+34   9.446395e+02      1s
     310   -5.8349064e+28   7.365441e+32   5.834903e-02      5s
     662    3.3014666e+06   2.238322e+03   0.000000e+00     12s
     900    3.3014668e+06   1.162511e+03   0.000000e+00     16s
    1254    3.3014671e+06   1.784896e+03   0.000000e+00     21s
    1485    3.3014672e+06   7.977353e+01   0.000000e+00     25s
    1836    3.3014672e+06   2.461351e+02   0.000000e+00     31s
    2189    3.3014672e+06   5.398784e+00   0.000000e+00     37s
    2373    3.3014672e+06   0.000000e+00   0.000000e+00     40s

Solved in 2373 iterations and 39.65 seconds (54.73 work units)
Optimal objective  3.301467231e+06
Set parameter TimeLimit to value 1.0068435507931747e+04
Set parameter Method to value 1
Gurobi Optimizer version 12.0.3 build v12.0.3rc0 (linux64 - "Ubuntu 24.04.4 LTS")

CPU model: Intel(R) Xeon(R) Gold 5218R CPU @ 2.10GHz, instruction set [SSE2|AVX|AVX2|AVX512]
Thread count: 40 physical cores, 40 logical processors, using up to 1 threads

Non-default parameters:
TimeLimit  1.0068435507931747e+04
Method  1
BarHomogeneous  1
Threads  1

Optimize a model with 816 rows, 253725 columns and 7057746 nonzeros
Coefficient statistics:
  Matrix range     [1e+00, 1e+00]
  Objective range  [1e+05, 5e+05]
  Bounds range     [0e+00, 0e+00]
  RHS range        [1e+00, 1e+00]
LP warm-start: use basis

Iteration    Objective       Primal Inf.    Dual Inf.      Time
       0   -1.0763676e+33   2.927861e+34   1.076368e+03      1s
     310   -1.3008886e+30   2.046468e+33   1.300889e+00      5s
     663   -1.8105084e+28   3.236054e+32   1.810508e-02     11s
     981    3.3014645e+06   7.459002e+02   0.000000e+00     16s
    1333    3.3014654e+06   4.409115e+02   0.000000e+00     21s
    1685    3.3014656e+06   1.619991e+02   0.000000e+00     27s
    1922    3.3014657e+06   9.320477e+01   0.000000e+00     31s
    2272    3.3014658e+06   2.664827e+02   0.000000e+00     37s
    2509    3.3014658e+06   1.514952e+02   0.000000e+00     41s
    2863    3.3014659e+06   4.541784e+01   0.000000e+00     47s
    3095    3.3014659e+06   1.240011e+01   0.000000e+00     51s
    3449    3.3014659e+06   7.138114e+00   0.000000e+00     56s
    3680    3.3014659e+06   8.418165e-01   0.000000e+00     60s
    3761    3.3014659e+06   0.000000e+00   0.000000e+00     62s

Solved in 3761 iterations and 61.76 seconds (86.29 work units)
Optimal objective  3.301465922e+06
Set parameter TimeLimit to value 9981.26635742141
Set parameter Method to value 1
Gurobi Optimizer version 12.0.3 build v12.0.3rc0 (linux64 - "Ubuntu 24.04.4 LTS")

CPU model: Intel(R) Xeon(R) Gold 5218R CPU @ 2.10GHz, instruction set [SSE2|AVX|AVX2|AVX512]
Thread count: 40 physical cores, 40 logical processors, using up to 1 threads

Non-default parameters:
TimeLimit  9981.26635742141
Method  1
BarHomogeneous  1
Threads  1

Optimize a model with 816 rows, 253755 columns and 7058670 nonzeros
Coefficient statistics:
  Matrix range     [1e+00, 1e+00]
  Objective range  [1e+05, 5e+05]
  Bounds range     [0e+00, 0e+00]
  RHS range        [1e+00, 1e+00]
LP warm-start: use basis

Iteration    Objective       Primal Inf.    Dual Inf.      Time
       0   -1.0496589e+33   2.717429e+34   1.049659e+03      1s
     294   -1.0606436e+31   2.491383e+33   1.060644e+01      5s
     607   -3.2193540e+30   1.715478e+33   3.219354e+00     10s
    1009   -3.0355780e+29   1.593950e+33   3.035577e-01     16s
    1248    3.3014642e+06   5.012614e+02   0.000000e+00     20s
    1602    3.3014648e+06   6.148233e+02   0.000000e+00     26s
    1839    3.3014649e+06   3.440851e+02   0.000000e+00     31s
    2190    3.3014651e+06   4.464186e+02   0.000000e+00     36s
    2539    3.3014652e+06   1.102654e+02   0.000000e+00     42s
    2777    3.3014653e+06   3.975117e+02   0.000000e+00     46s
    3128    3.3014653e+06   2.811717e+01   0.000000e+00     52s
    3364    3.3014653e+06   3.732965e+01   0.000000e+00     56s
    3721    3.3014654e+06   3.646022e+01   0.000000e+00     62s
    3956    3.3014654e+06   5.191563e+00   0.000000e+00     66s
    4215    3.3014654e+06   0.000000e+00   0.000000e+00     70s

Solved in 4215 iterations and 70.03 seconds (96.47 work units)
Optimal objective  3.301465388e+06
Set parameter TimeLimit to value 9.8857301691784523e+03
Set parameter Method to value 1
Gurobi Optimizer version 12.0.3 build v12.0.3rc0 (linux64 - "Ubuntu 24.04.4 LTS")

CPU model: Intel(R) Xeon(R) Gold 5218R CPU @ 2.10GHz, instruction set [SSE2|AVX|AVX2|AVX512]
Thread count: 40 physical cores, 40 logical processors, using up to 1 threads

Non-default parameters:
TimeLimit  9.8857301691784523e+03
Method  1
BarHomogeneous  1
Threads  1

Optimize a model with 816 rows, 253785 columns and 7059833 nonzeros
Coefficient statistics:
  Matrix range     [1e+00, 1e+00]
  Objective range  [1e+05, 5e+05]
  Bounds range     [0e+00, 0e+00]
  RHS range        [1e+00, 1e+00]
LP warm-start: use basis

Iteration    Objective       Primal Inf.    Dual Inf.      Time
       0   -9.2767288e+32   4.041964e+34   9.276729e+02      1s
     265   -2.2778531e+30   5.729679e+33   2.277853e+00      5s
     584   -1.2725727e+29   1.666802e+33   1.272573e-01     10s
     976    3.3014621e+06   1.094032e+03   0.000000e+00     17s
    1214    3.3014624e+06   1.122660e+03   0.000000e+00     21s
    1569    3.3014627e+06   5.548358e+02   0.000000e+00     27s
    1805    3.3014628e+06   9.749987e+02   0.000000e+00     31s
    2158    3.3014635e+06   1.775004e+03   0.000000e+00     37s
    2394    3.3014635e+06   7.134148e+02   0.000000e+00     41s
    2754    3.3014637e+06   2.404787e+02   0.000000e+00     47s
    2988    3.3014637e+06   2.266803e+02   0.000000e+00     50s
    3344    3.3014638e+06   1.729477e+02   0.000000e+00     56s
    3580    3.3014638e+06   5.000353e+01   0.000000e+00     60s
    3938    3.3014639e+06   3.152332e+01   0.000000e+00     66s
    4178    3.3014639e+06   1.826350e+01   0.000000e+00     70s
    4533    3.3014639e+06   2.232103e-03   0.000000e+00     77s
    4536    3.3014639e+06   0.000000e+00   0.000000e+00     77s

Solved in 4536 iterations and 77.09 seconds (103.92 work units)
Optimal objective  3.301463881e+06
Set parameter TimeLimit to value 9.7834984758887440e+03
Set parameter Method to value 1
Gurobi Optimizer version 12.0.3 build v12.0.3rc0 (linux64 - "Ubuntu 24.04.4 LTS")

CPU model: Intel(R) Xeon(R) Gold 5218R CPU @ 2.10GHz, instruction set [SSE2|AVX|AVX2|AVX512]
Thread count: 40 physical cores, 40 logical processors, using up to 1 threads

Non-default parameters:
TimeLimit  9.7834984758887440e+03
Method  1
BarHomogeneous  1
Threads  1

Optimize a model with 816 rows, 253815 columns and 7060629 nonzeros
Coefficient statistics:
  Matrix range     [1e+00, 1e+00]
  Objective range  [1e+05, 5e+05]
  Bounds range     [0e+00, 0e+00]
  RHS range        [1e+00, 1e+00]
LP warm-start: use basis

Iteration    Objective       Primal Inf.    Dual Inf.      Time
       0   -7.7378339e+32   1.254815e+35   7.737834e+02      1s
     313   -7.3809101e+29   1.313374e+33   7.380910e-01      5s
     627    3.3014602e+06   7.204772e+03   0.000000e+00     10s
     981    3.3014627e+06   1.634870e+02   0.000000e+00     16s
    1220    3.3014629e+06   1.507762e+03   0.000000e+00     20s
    1576    3.3014630e+06   2.177471e+02   0.000000e+00     26s
    1929    3.3014631e+06   3.270835e+02   0.000000e+00     32s
    2164    3.3014632e+06   9.020239e+01   0.000000e+00     36s
    2400    3.3014632e+06   3.471423e+02   0.000000e+00     40s
    2747    3.3014632e+06   2.382247e+02   0.000000e+00     46s
    3100    3.3014632e+06   4.053938e+00   0.000000e+00     52s
    3336    3.3014632e+06   1.385568e+02   0.000000e+00     56s
    3590    3.3014632e+06   0.000000e+00   0.000000e+00     60s

Solved in 3590 iterations and 60.21 seconds (82.61 work units)
Optimal objective  3.301463232e+06
Set parameter TimeLimit to value 9.6972823972138576e+03
Set parameter Method to value 1
Gurobi Optimizer version 12.0.3 build v12.0.3rc0 (linux64 - "Ubuntu 24.04.4 LTS")

CPU model: Intel(R) Xeon(R) Gold 5218R CPU @ 2.10GHz, instruction set [SSE2|AVX|AVX2|AVX512]
Thread count: 40 physical cores, 40 logical processors, using up to 1 threads

Non-default parameters:
TimeLimit  9.6972823972138576e+03
Method  1
BarHomogeneous  1
Threads  1

Optimize a model with 816 rows, 253845 columns and 7061662 nonzeros
Coefficient statistics:
  Matrix range     [1e+00, 1e+00]
  Objective range  [1e+05, 5e+05]
  Bounds range     [0e+00, 0e+00]
  RHS range        [1e+00, 1e+00]
LP warm-start: use basis

Iteration    Objective       Primal Inf.    Dual Inf.      Time
       0   -9.1581578e+32   4.356899e+34   9.158158e+02      1s
     304   -8.4796140e+30   1.240200e+33   8.479614e+00      5s
     624   -1.9251318e+30   1.768030e+33   1.925132e+00     10s
     903   -4.5721405e+29   6.349004e+33   4.572138e-01     15s
    1257    3.3014581e+06   3.074799e+03   0.000000e+00     22s
    1494    3.3014618e+06   1.690138e+03   0.000000e+00     26s
    1843    3.3014622e+06   2.049876e+03   0.000000e+00     31s
    2081    3.3014623e+06   4.672686e+02   0.000000e+00     35s
    2433    3.3014625e+06   4.876025e+02   0.000000e+00     41s
    2786    3.3014625e+06   1.067872e+02   0.000000e+00     47s
    3020    3.3014626e+06   1.476242e+03   0.000000e+00     51s
    3367    3.3014626e+06   2.145913e+02   0.000000e+00     57s
    3605    3.3014627e+06   5.380809e+01   0.000000e+00     61s
    3960    3.3014628e+06   7.601268e+01   0.000000e+00     67s
    4193    3.3014628e+06   2.557771e+01   0.000000e+00     71s
    4546    3.3014628e+06   1.126967e+01   0.000000e+00     77s
    4779    3.3014628e+06   3.623879e-01   0.000000e+00     80s
    4804    3.3014628e+06   0.000000e+00   0.000000e+00     81s

Solved in 4804 iterations and 80.87 seconds (110.14 work units)
Optimal objective  3.301462779e+06
Set parameter TimeLimit to value 9.5898389078127220e+03
Set parameter Method to value 1
Gurobi Optimizer version 12.0.3 build v12.0.3rc0 (linux64 - "Ubuntu 24.04.4 LTS")

CPU model: Intel(R) Xeon(R) Gold 5218R CPU @ 2.10GHz, instruction set [SSE2|AVX|AVX2|AVX512]
Thread count: 40 physical cores, 40 logical processors, using up to 1 threads

Non-default parameters:
TimeLimit  9.5898389078127220e+03
Method  1
BarHomogeneous  1
Threads  1

Optimize a model with 816 rows, 253875 columns and 7062872 nonzeros
Coefficient statistics:
  Matrix range     [1e+00, 1e+00]
  Objective range  [1e+05, 5e+05]
  Bounds range     [0e+00, 0e+00]
  RHS range        [1e+00, 1e+00]
LP warm-start: use basis

Iteration    Objective       Primal Inf.    Dual Inf.      Time
       0   -5.1880016e+32   4.183250e+34   5.188002e+02      1s
     300   -3.7313151e+29   5.991335e+32   3.731315e-01      5s
     615    3.3014615e+06   9.788108e+02   0.000000e+00     10s
     971    3.3014620e+06   1.795303e+02   0.000000e+00     16s
    1208    3.3014621e+06   3.281509e+02   0.000000e+00     20s
    1554    3.3014623e+06   2.214805e+02   0.000000e+00     26s
    1908    3.3014623e+06   1.237303e+02   0.000000e+00     32s
    2144    3.3014623e+06   9.292981e+01   0.000000e+00     36s
    2491    3.3014624e+06   1.288707e+02   0.000000e+00     41s
    2725    3.3014624e+06   3.665702e+01   0.000000e+00     45s
    3076    3.3014624e+06   4.333056e+00   0.000000e+00     51s
    3309    3.3014624e+06   1.971550e+00   0.000000e+00     56s
    3387    3.3014624e+06   0.000000e+00   0.000000e+00     57s

Solved in 3387 iterations and 57.38 seconds (78.26 work units)
Optimal objective  3.301462428e+06
Set parameter TimeLimit to value 9506.61385442596
Set parameter Method to value 1
Gurobi Optimizer version 12.0.3 build v12.0.3rc0 (linux64 - "Ubuntu 24.04.4 LTS")

CPU model: Intel(R) Xeon(R) Gold 5218R CPU @ 2.10GHz, instruction set [SSE2|AVX|AVX2|AVX512]
Thread count: 40 physical cores, 40 logical processors, using up to 1 threads

Non-default parameters:
TimeLimit  9506.61385442596
Method  1
BarHomogeneous  1
Threads  1

Optimize a model with 816 rows, 253905 columns and 7064058 nonzeros
Coefficient statistics:
  Matrix range     [1e+00, 1e+00]
  Objective range  [1e+05, 5e+05]
  Bounds range     [0e+00, 0e+00]
  RHS range        [1e+00, 1e+00]
LP warm-start: use basis

Iteration    Objective       Primal Inf.    Dual Inf.      Time
       0   -5.2110646e+32   5.885592e+34   5.211064e+02      1s
     299   -8.2206074e+29   1.293860e+33   8.220608e-01      5s
     617    3.3014602e+06   1.056384e+03   0.000000e+00     10s
     968    3.3014614e+06   1.146546e+02   0.000000e+00     16s
    1207    3.3014615e+06   1.252290e+02   0.000000e+00     20s
    1557    3.3014616e+06   6.584467e+01   0.000000e+00     26s
    1902    3.3014616e+06   1.115481e+02   0.000000e+00     32s
    2138    3.3014616e+06   4.697429e+01   0.000000e+00     36s
    2495    3.3014617e+06   6.263545e+01   0.000000e+00     42s
    2727    3.3014617e+06   1.117819e+01   0.000000e+00     45s
    3083    3.3014617e+06   4.756415e-01   0.000000e+00     51s
    3123    3.3014617e+06   0.000000e+00   0.000000e+00     52s

Solved in 3123 iterations and 51.78 seconds (72.08 work units)
Optimal objective  3.301461664e+06
Set parameter TimeLimit to value 9.4295630426704884e+03
Set parameter Method to value 1
Gurobi Optimizer version 12.0.3 build v12.0.3rc0 (linux64 - "Ubuntu 24.04.4 LTS")

CPU model: Intel(R) Xeon(R) Gold 5218R CPU @ 2.10GHz, instruction set [SSE2|AVX|AVX2|AVX512]
Thread count: 40 physical cores, 40 logical processors, using up to 1 threads

Non-default parameters:
TimeLimit  9.4295630426704884e+03
Method  1
BarHomogeneous  1
Threads  1

Optimize a model with 816 rows, 253935 columns and 7065309 nonzeros
Coefficient statistics:
  Matrix range     [1e+00, 1e+00]
  Objective range  [1e+05, 5e+05]
  Bounds range     [0e+00, 0e+00]
  RHS range        [1e+00, 1e+00]
LP warm-start: use basis

Iteration    Objective       Primal Inf.    Dual Inf.      Time
       0   -6.9419932e+32   6.112023e+34   6.941993e+02      1s
     324   -2.1818612e+28   1.694238e+33   2.181865e-02      5s
     606    3.3014599e+06   3.109950e+02   0.000000e+00     10s
     954    3.3014603e+06   9.542938e+02   0.000000e+00     16s
    1310    3.3014604e+06   3.090381e+02   0.000000e+00     22s
    1545    3.3014605e+06   1.513182e+03   0.000000e+00     26s
    1894    3.3014606e+06   5.365125e+02   0.000000e+00     31s
    2132    3.3014607e+06   6.552070e+01   0.000000e+00     35s
    2478    3.3014607e+06   1.608562e+03   0.000000e+00     41s
    2827    3.3014607e+06   6.047499e+01   0.000000e+00     47s
    3053    3.3014608e+06   3.578760e+01   0.000000e+00     50s
    3395    3.3014608e+06   4.172125e+01   0.000000e+00     56s
    3737    3.3014608e+06   1.222333e+01   0.000000e+00     62s
    3974    3.3014608e+06   5.262884e+00   0.000000e+00     65s
    4090    3.3014608e+06   0.000000e+00   0.000000e+00     67s

Solved in 4090 iterations and 67.48 seconds (95.48 work units)
Optimal objective  3.301460786e+06
Set parameter TimeLimit to value 9.3365233621955849e+03
Set parameter Method to value 1
Gurobi Optimizer version 12.0.3 build v12.0.3rc0 (linux64 - "Ubuntu 24.04.4 LTS")

CPU model: Intel(R) Xeon(R) Gold 5218R CPU @ 2.10GHz, instruction set [SSE2|AVX|AVX2|AVX512]
Thread count: 40 physical cores, 40 logical processors, using up to 1 threads

Non-default parameters:
TimeLimit  9.3365233621955849e+03
Method  1
BarHomogeneous  1
Threads  1

Optimize a model with 816 rows, 253965 columns and 7066336 nonzeros
Coefficient statistics:
  Matrix range     [1e+00, 1e+00]
  Objective range  [1e+05, 5e+05]
  Bounds range     [0e+00, 0e+00]
  RHS range        [1e+00, 1e+00]
LP warm-start: use basis

Iteration    Objective       Primal Inf.    Dual Inf.      Time
       0   -6.0437676e+32   1.258393e+35   6.043768e+02      1s
     299   -5.7147221e+30   1.749900e+33   5.714722e+00      5s
     662   -6.4158317e+29   3.335686e+33   6.415833e-01     11s
    1020   -1.4586974e+28   2.260855e+32   1.458696e-02     16s
    1259    3.3014598e+06   9.381503e+02   0.000000e+00     20s
    1612    3.3014601e+06   3.306427e+03   0.000000e+00     26s
    1966    3.3014602e+06   5.286083e+02   0.000000e+00     32s
    2202    3.3014603e+06   1.959388e+02   0.000000e+00     36s
    2555    3.3014603e+06   1.065549e+02   0.000000e+00     41s
    2907    3.3014604e+06   2.815643e+02   0.000000e+00     47s
    3138    3.3014604e+06   2.510295e+02   0.000000e+00     51s
    3492    3.3014604e+06   1.278542e+02   0.000000e+00     56s
    3726    3.3014604e+06   1.902238e+02   0.000000e+00     60s
    4082    3.3014605e+06   1.079661e+02   0.000000e+00     66s
    4320    3.3014605e+06   2.721862e+02   0.000000e+00     70s
    4586    3.3014605e+06   0.000000e+00   0.000000e+00     75s

Solved in 4586 iterations and 74.57 seconds (105.71 work units)
Optimal objective  3.301460464e+06
Set parameter TimeLimit to value 9.2361804842981510e+03
Set parameter Method to value 1
Gurobi Optimizer version 12.0.3 build v12.0.3rc0 (linux64 - "Ubuntu 24.04.4 LTS")

CPU model: Intel(R) Xeon(R) Gold 5218R CPU @ 2.10GHz, instruction set [SSE2|AVX|AVX2|AVX512]
Thread count: 40 physical cores, 40 logical processors, using up to 1 threads

Non-default parameters:
TimeLimit  9.2361804842981510e+03
Method  1
BarHomogeneous  1
Threads  1

Optimize a model with 816 rows, 253995 columns and 7067599 nonzeros
Coefficient statistics:
  Matrix range     [1e+00, 1e+00]
  Objective range  [1e+05, 5e+05]
  Bounds range     [0e+00, 0e+00]
  RHS range        [1e+00, 1e+00]
LP warm-start: use basis

Iteration    Objective       Primal Inf.    Dual Inf.      Time
       0   -5.4442292e+32   2.573006e+34   5.444229e+02      1s
     307   -2.7075379e+30   1.822551e+33   2.707538e+00      5s
     679   -4.2342130e+29   3.172650e+33   4.234213e-01     10s
    1067    3.3014598e+06   2.271095e+03   0.000000e+00     17s
    1302    3.3014599e+06   9.300371e+01   0.000000e+00     20s
    1656    3.3014600e+06   1.499654e+02   0.000000e+00     27s
    1895    3.3014601e+06   2.107361e+02   0.000000e+00     31s
    2245    3.3014602e+06   6.424163e+01   0.000000e+00     36s
    2600    3.3014602e+06   2.068020e+02   0.000000e+00     42s
    2837    3.3014602e+06   1.745199e+02   0.000000e+00     46s
    3191    3.3014602e+06   5.029651e+02   0.000000e+00     51s
    3430    3.3014602e+06   7.494347e+01   0.000000e+00     55s
    3729    3.3014602e+06   0.000000e+00   0.000000e+00     60s

Solved in 3729 iterations and 60.06 seconds (85.11 work units)
Optimal objective  3.301460241e+06
Set parameter TimeLimit to value 9.1506655132113956e+03
Set parameter Method to value 1
Gurobi Optimizer version 12.0.3 build v12.0.3rc0 (linux64 - "Ubuntu 24.04.4 LTS")

CPU model: Intel(R) Xeon(R) Gold 5218R CPU @ 2.10GHz, instruction set [SSE2|AVX|AVX2|AVX512]
Thread count: 40 physical cores, 40 logical processors, using up to 1 threads

Non-default parameters:
TimeLimit  9.1506655132113956e+03
Method  1
BarHomogeneous  1
Threads  1

Optimize a model with 816 rows, 254025 columns and 7068704 nonzeros
Coefficient statistics:
  Matrix range     [1e+00, 1e+00]
  Objective range  [1e+05, 5e+05]
  Bounds range     [0e+00, 0e+00]
  RHS range        [1e+00, 1e+00]
LP warm-start: use basis

Iteration    Objective       Primal Inf.    Dual Inf.      Time
       0   -5.5402074e+32   9.408235e+34   5.540207e+02      1s
     308   -3.9532601e+29   1.006277e+33   3.953261e-01      5s
     656    3.3014595e+06   1.204100e+03   0.000000e+00     11s
    1011    3.3014598e+06   1.421213e+02   0.000000e+00     17s
    1245    3.3014598e+06   1.480109e+03   0.000000e+00     20s
    1596    3.3014599e+06   1.106699e+02   0.000000e+00     26s
    1955    3.3014599e+06   2.049958e+01   0.000000e+00     32s
    2191    3.3014599e+06   3.180342e+02   0.000000e+00     36s
    2541    3.3014599e+06   6.485093e+01   0.000000e+00     41s
    2776    3.3014599e+06   1.938525e+01   0.000000e+00     45s
    3129    3.3014600e+06   4.404506e+00   0.000000e+00     51s
    3312    3.3014600e+06   0.000000e+00   0.000000e+00     54s

Solved in 3312 iterations and 54.05 seconds (77.12 work units)
Optimal objective  3.301459957e+06
Set parameter TimeLimit to value 9.0713432420180179e+03
Set parameter Method to value 1
Gurobi Optimizer version 12.0.3 build v12.0.3rc0 (linux64 - "Ubuntu 24.04.4 LTS")

CPU model: Intel(R) Xeon(R) Gold 5218R CPU @ 2.10GHz, instruction set [SSE2|AVX|AVX2|AVX512]
Thread count: 40 physical cores, 40 logical processors, using up to 1 threads

Non-default parameters:
TimeLimit  9.0713432420180179e+03
Method  1
BarHomogeneous  1
Threads  1

Optimize a model with 816 rows, 254055 columns and 7069955 nonzeros
Coefficient statistics:
  Matrix range     [1e+00, 1e+00]
  Objective range  [1e+05, 5e+05]
  Bounds range     [0e+00, 0e+00]
  RHS range        [1e+00, 1e+00]
LP warm-start: use basis

Iteration    Objective       Primal Inf.    Dual Inf.      Time
       0   -5.6733727e+32   4.207842e+34   5.673373e+02      1s
     313   -9.0845171e+29   2.050236e+33   9.084518e-01      5s
     629   -9.2604668e+28   2.431268e+32   9.260468e-02     10s
    1019    3.3014589e+06   1.651574e+03   0.000000e+00     17s
    1256    3.3014592e+06   4.836895e+02   0.000000e+00     21s
    1607    3.3014593e+06   7.089373e+01   0.000000e+00     27s
    1842    3.3014594e+06   8.764903e+01   0.000000e+00     30s
    2198    3.3014594e+06   3.478028e+02   0.000000e+00     36s
    2436    3.3014594e+06   2.735009e+01   0.000000e+00     40s
    2787    3.3014595e+06   1.706234e+02   0.000000e+00     46s
    3142    3.3014595e+06   3.350439e+00   0.000000e+00     52s
    3305    3.3014595e+06   0.000000e+00   0.000000e+00     54s

Solved in 3305 iterations and 54.50 seconds (76.20 work units)
Optimal objective  3.301459475e+06
Set parameter TimeLimit to value 8991.48712155316
Set parameter Method to value 1
Gurobi Optimizer version 12.0.3 build v12.0.3rc0 (linux64 - "Ubuntu 24.04.4 LTS")

CPU model: Intel(R) Xeon(R) Gold 5218R CPU @ 2.10GHz, instruction set [SSE2|AVX|AVX2|AVX512]
Thread count: 40 physical cores, 40 logical processors, using up to 1 threads

Non-default parameters:
TimeLimit  8991.48712155316
Method  1
BarHomogeneous  1
Threads  1

Optimize a model with 816 rows, 254085 columns and 7070896 nonzeros
Coefficient statistics:
  Matrix range     [1e+00, 1e+00]
  Objective range  [1e+05, 5e+05]
  Bounds range     [0e+00, 0e+00]
  RHS range        [1e+00, 1e+00]
LP warm-start: use basis

Iteration    Objective       Primal Inf.    Dual Inf.      Time
       0   -4.0415428e+32   3.740024e+34   4.041543e+02      1s
     333    3.3014590e+06   2.732399e+02   0.000000e+00      6s
     690    3.3014591e+06   5.935522e+01   0.000000e+00     12s
     924    3.3014591e+06   4.647807e+01   0.000000e+00     15s
    1160    3.3014591e+06   9.285765e+00   0.000000e+00     20s
    1512    3.3014591e+06   4.674332e+00   0.000000e+00     27s
    1679    3.3014591e+06   0.000000e+00   0.000000e+00     30s

Solved in 1679 iterations and 29.68 seconds (38.62 work units)
Optimal objective  3.301459102e+06
Set parameter TimeLimit to value 8937.03054614598
Set parameter Method to value 1
Gurobi Optimizer version 12.0.3 build v12.0.3rc0 (linux64 - "Ubuntu 24.04.4 LTS")

CPU model: Intel(R) Xeon(R) Gold 5218R CPU @ 2.10GHz, instruction set [SSE2|AVX|AVX2|AVX512]
Thread count: 40 physical cores, 40 logical processors, using up to 1 threads

Non-default parameters:
TimeLimit  8937.03054614598
Method  1
BarHomogeneous  1
Threads  1

Optimize a model with 816 rows, 254115 columns and 7072105 nonzeros
Coefficient statistics:
  Matrix range     [1e+00, 1e+00]
  Objective range  [1e+05, 5e+05]
  Bounds range     [0e+00, 0e+00]
  RHS range        [1e+00, 1e+00]
LP warm-start: use basis

Iteration    Objective       Primal Inf.    Dual Inf.      Time
       0   -4.6541347e+32   1.153319e+35   4.654134e+02      1s
     303   -3.4506210e+30   1.582034e+33   3.450621e+00      5s
     622   -7.7031458e+29   2.081947e+33   7.703146e-01     10s
    1014   -1.1455531e+29   1.015697e+33   1.145553e-01     17s
    1245    3.3014574e+06   1.445563e+03   0.000000e+00     20s
    1600    3.3014577e+06   1.127456e+03   0.000000e+00     26s
    1953    3.3014580e+06   2.611574e+03   0.000000e+00     32s
    2189    3.3014581e+06   1.317479e+03   0.000000e+00     36s
    2545    3.3014584e+06   4.076792e+02   0.000000e+00     42s
    2778    3.3014585e+06   5.011785e+01   0.000000e+00     46s
    3007    3.3014585e+06   1.834079e+02   0.000000e+00     50s
    3366    3.3014586e+06   1.449051e+02   0.000000e+00     56s
    3602    3.3014586e+06   1.479430e+03   0.000000e+00     60s
    3952    3.3014586e+06   7.154329e+01   0.000000e+00     66s
    4308    3.3014586e+06   3.137984e+01   0.000000e+00     72s
    4544    3.3014587e+06   3.671574e+02   0.000000e+00     76s
    4893    3.3014587e+06   2.699863e+01   0.000000e+00     81s
    5130    3.3014587e+06   9.642372e+01   0.000000e+00     85s
    5367    3.3014587e+06   0.000000e+00   0.000000e+00     89s

Solved in 5367 iterations and 88.87 seconds (123.72 work units)
Optimal objective  3.301458674e+06
Set parameter TimeLimit to value 8.8229505988531746e+03
Set parameter Method to value 1
Gurobi Optimizer version 12.0.3 build v12.0.3rc0 (linux64 - "Ubuntu 24.04.4 LTS")

CPU model: Intel(R) Xeon(R) Gold 5218R CPU @ 2.10GHz, instruction set [SSE2|AVX|AVX2|AVX512]
Thread count: 40 physical cores, 40 logical processors, using up to 1 threads

Non-default parameters:
TimeLimit  8.8229505988531746e+03
Method  1
BarHomogeneous  1
Threads  1

Optimize a model with 816 rows, 254145 columns and 7073384 nonzeros
Coefficient statistics:
  Matrix range     [1e+00, 1e+00]
  Objective range  [1e+05, 5e+05]
  Bounds range     [0e+00, 0e+00]
  RHS range        [1e+00, 1e+00]
LP warm-start: use basis

Iteration    Objective       Primal Inf.    Dual Inf.      Time
       0   -4.9468522e+32   4.391125e+34   4.946852e+02      1s
     281    3.3014583e+06   7.255603e+02   0.000000e+00      5s
     636    3.3014583e+06   1.036560e+02   0.000000e+00     11s
     985    3.3014583e+06   5.546114e+01   0.000000e+00     16s
    1220    3.3014584e+06   3.452528e+01   0.000000e+00     20s
    1562    3.3014584e+06   9.304474e+00   0.000000e+00     26s
    1736    3.3014584e+06   0.000000e+00   0.000000e+00     29s

Solved in 1736 iterations and 28.82 seconds (40.73 work units)
Optimal objective  3.301458359e+06
Set parameter TimeLimit to value 8768.36661385931
Set parameter Method to value 1
Gurobi Optimizer version 12.0.3 build v12.0.3rc0 (linux64 - "Ubuntu 24.04.4 LTS")

CPU model: Intel(R) Xeon(R) Gold 5218R CPU @ 2.10GHz, instruction set [SSE2|AVX|AVX2|AVX512]
Thread count: 40 physical cores, 40 logical processors, using up to 1 threads

Non-default parameters:
TimeLimit  8768.36661385931
Method  1
BarHomogeneous  1
Threads  1

Optimize a model with 816 rows, 254175 columns and 7074368 nonzeros
Coefficient statistics:
  Matrix range     [1e+00, 1e+00]
  Objective range  [1e+05, 5e+05]
  Bounds range     [0e+00, 0e+00]
  RHS range        [1e+00, 1e+00]
LP warm-start: use basis

Iteration    Objective       Primal Inf.    Dual Inf.      Time
       0   -3.2066559e+32   4.457849e+34   3.206656e+02      1s
     394    3.3014581e+06   1.384763e+02   0.000000e+00      7s
     631    3.3014582e+06   1.941887e+02   0.000000e+00     11s
     989    3.3014582e+06   5.302039e+01   0.000000e+00     17s
    1229    3.3014582e+06   6.890665e+00   0.000000e+00     20s
    1526    3.3014582e+06   0.000000e+00   0.000000e+00     26s

Solved in 1526 iterations and 25.64 seconds (35.33 work units)
Optimal objective  3.301458218e+06
Set parameter TimeLimit to value 8.7174681746531278e+03
Set parameter Method to value 1
Gurobi Optimizer version 12.0.3 build v12.0.3rc0 (linux64 - "Ubuntu 24.04.4 LTS")

CPU model: Intel(R) Xeon(R) Gold 5218R CPU @ 2.10GHz, instruction set [SSE2|AVX|AVX2|AVX512]
Thread count: 40 physical cores, 40 logical processors, using up to 1 threads

Non-default parameters:
TimeLimit  8.7174681746531278e+03
Method  1
BarHomogeneous  1
Threads  1

Optimize a model with 816 rows, 254205 columns and 7075698 nonzeros
Coefficient statistics:
  Matrix range     [1e+00, 1e+00]
  Objective range  [1e+05, 5e+05]
  Bounds range     [0e+00, 0e+00]
  RHS range        [1e+00, 1e+00]
LP warm-start: use basis

Iteration    Objective       Primal Inf.    Dual Inf.      Time
       0   -3.5624890e+32   2.001438e+35   3.562489e+02      1s
     318   -4.2779102e+28   2.886011e+33   4.277928e-02      5s
     669    3.3014578e+06   9.757717e+02   0.000000e+00     11s
     908    3.3014580e+06   1.055889e+03   0.000000e+00     15s
    1261    3.3014580e+06   2.107385e+02   0.000000e+00     21s
    1617    3.3014580e+06   4.261947e+01   0.000000e+00     27s
    1853    3.3014581e+06   1.925251e+01   0.000000e+00     31s
    2206    3.3014581e+06   9.019609e+01   0.000000e+00     37s
    2445    3.3014581e+06   4.515069e+00   0.000000e+00     42s
    2685    3.3014581e+06   1.742665e+00   0.000000e+00     45s
    2704    3.3014581e+06   0.000000e+00   0.000000e+00     46s

Solved in 2704 iterations and 45.74 seconds (62.19 work units)
Optimal objective  3.301458075e+06
Set parameter TimeLimit to value 8.6467580017559230e+03
Set parameter Method to value 1
Gurobi Optimizer version 12.0.3 build v12.0.3rc0 (linux64 - "Ubuntu 24.04.4 LTS")

CPU model: Intel(R) Xeon(R) Gold 5218R CPU @ 2.10GHz, instruction set [SSE2|AVX|AVX2|AVX512]
Thread count: 40 physical cores, 40 logical processors, using up to 1 threads

Non-default parameters:
TimeLimit  8.6467580017559230e+03
Method  1
BarHomogeneous  1
Threads  1

Optimize a model with 816 rows, 254235 columns and 7076696 nonzeros
Coefficient statistics:
  Matrix range     [1e+00, 1e+00]
  Objective range  [1e+05, 5e+05]
  Bounds range     [0e+00, 0e+00]
  RHS range        [1e+00, 1e+00]
LP warm-start: use basis

Iteration    Objective       Primal Inf.    Dual Inf.      Time
       0   -2.9928828e+32   3.173296e+34   2.992883e+02      1s
     317   -1.1450247e+30   1.680498e+33   1.145025e+00      5s
     635   -3.5018363e+29   5.719204e+32   3.501835e-01     10s
     975    3.3014569e+06   2.806023e+03   0.000000e+00     17s
    1213    3.3014570e+06   2.854874e+03   0.000000e+00     20s
    1570    3.3014572e+06   4.132901e+02   0.000000e+00     26s
    1805    3.3014574e+06   1.607101e+02   0.000000e+00     31s
    2155    3.3014574e+06   1.424285e+02   0.000000e+00     36s
    2390    3.3014574e+06   1.010296e+02   0.000000e+00     40s
    2739    3.3014575e+06   5.617913e+01   0.000000e+00     47s
    2975    3.3014575e+06   1.876557e+02   0.000000e+00     50s
    3331    3.3014575e+06   5.379868e+01   0.000000e+00     57s
    3564    3.3014575e+06   5.872621e+01   0.000000e+00     61s
    3917    3.3014575e+06   1.051500e+01   0.000000e+00     66s
    4148    3.3014575e+06   6.387781e+00   0.000000e+00     71s
    4501    3.3014575e+06   4.464252e+00   0.000000e+00     76s
    4623    3.3014575e+06   0.000000e+00   0.000000e+00     79s

Solved in 4623 iterations and 78.56 seconds (107.33 work units)
Optimal objective  3.301457526e+06
Set parameter TimeLimit to value 8.5413476687842049e+03
Set parameter Method to value 1
Gurobi Optimizer version 12.0.3 build v12.0.3rc0 (linux64 - "Ubuntu 24.04.4 LTS")

CPU model: Intel(R) Xeon(R) Gold 5218R CPU @ 2.10GHz, instruction set [SSE2|AVX|AVX2|AVX512]
Thread count: 40 physical cores, 40 logical processors, using up to 1 threads

Non-default parameters:
TimeLimit  8.5413476687842049e+03
Method  1
BarHomogeneous  1
Threads  1

Optimize a model with 816 rows, 254265 columns and 7077905 nonzeros
Coefficient statistics:
  Matrix range     [1e+00, 1e+00]
  Objective range  [1e+05, 5e+05]
  Bounds range     [0e+00, 0e+00]
  RHS range        [1e+00, 1e+00]
LP warm-start: use basis

Iteration    Objective       Primal Inf.    Dual Inf.      Time
       0   -2.7865833e+32   1.336873e+34   2.786583e+02      1s
     236   -1.1495359e+30   1.430486e+33   1.149536e+00      5s
     550   -8.2756997e+27   4.202840e+32   8.275686e-03     10s
     828    3.3014570e+06   1.272802e+03   0.000000e+00     16s
    1182    3.3014571e+06   4.627253e+02   0.000000e+00     21s
    1413    3.3014572e+06   1.311216e+03   0.000000e+00     25s
    1765    3.3014572e+06   3.380781e+02   0.000000e+00     32s
    2001    3.3014572e+06   1.734074e+02   0.000000e+00     36s
    2356    3.3014572e+06   1.060425e+02   0.000000e+00     41s
    2594    3.3014573e+06   9.091361e+01   0.000000e+00     46s
    2828    3.3014573e+06   1.659926e+01   0.000000e+00     50s
    3113    3.3014573e+06   0.000000e+00   0.000000e+00     55s

Solved in 3113 iterations and 54.76 seconds (72.23 work units)
Optimal objective  3.301457257e+06
Set parameter TimeLimit to value 8.4603811231423169e+03
Set parameter Method to value 1
Gurobi Optimizer version 12.0.3 build v12.0.3rc0 (linux64 - "Ubuntu 24.04.4 LTS")

CPU model: Intel(R) Xeon(R) Gold 5218R CPU @ 2.10GHz, instruction set [SSE2|AVX|AVX2|AVX512]
Thread count: 40 physical cores, 40 logical processors, using up to 1 threads

Non-default parameters:
TimeLimit  8.4603811231423169e+03
Method  1
BarHomogeneous  1
Threads  1

Optimize a model with 816 rows, 254295 columns and 7078921 nonzeros
Coefficient statistics:
  Matrix range     [1e+00, 1e+00]
  Objective range  [1e+05, 5e+05]
  Bounds range     [0e+00, 0e+00]
  RHS range        [1e+00, 1e+00]
LP warm-start: use basis

Iteration    Objective       Primal Inf.    Dual Inf.      Time
       0   -3.2532599e+32   1.511935e+35   3.253260e+02      1s
     310   -4.2940765e+28   5.520978e+32   4.294081e-02      6s
     628    3.3014570e+06   1.332875e+03   0.000000e+00     11s
     984    3.3014572e+06   1.032848e+02   0.000000e+00     17s
    1215    3.3014572e+06   1.545894e+02   0.000000e+00     21s
    1451    3.3014572e+06   1.707737e+02   0.000000e+00     25s
    1799    3.3014572e+06   1.594085e+02   0.000000e+00     31s
    2029    3.3014572e+06   3.554226e+01   0.000000e+00     35s
    2384    3.3014573e+06   1.675633e+02   0.000000e+00     41s
    2622    3.3014573e+06   1.026179e+00   0.000000e+00     45s
    2779    3.3014573e+06   0.000000e+00   0.000000e+00     48s

Solved in 2779 iterations and 47.91 seconds (64.63 work units)
Optimal objective  3.301457257e+06
Set parameter TimeLimit to value 8.3858749306201935e+03
Set parameter Method to value 1
Gurobi Optimizer version 12.0.3 build v12.0.3rc0 (linux64 - "Ubuntu 24.04.4 LTS")

CPU model: Intel(R) Xeon(R) Gold 5218R CPU @ 2.10GHz, instruction set [SSE2|AVX|AVX2|AVX512]
Thread count: 40 physical cores, 40 logical processors, using up to 1 threads

Non-default parameters:
TimeLimit  8.3858749306201935e+03
Method  1
BarHomogeneous  1
Threads  1

Optimize a model with 816 rows, 254325 columns and 7080125 nonzeros
Coefficient statistics:
  Matrix range     [1e+00, 1e+00]
  Objective range  [1e+05, 5e+05]
  Bounds range     [0e+00, 0e+00]
  RHS range        [1e+00, 1e+00]
LP warm-start: use basis

Iteration    Objective       Primal Inf.    Dual Inf.      Time
       0   -2.9273247e+32   1.421360e+35   2.927325e+02      1s
     230   -2.0450658e+30   2.601659e+33   2.045066e+00      5s
     465   -4.9119521e+29   6.821563e+33   4.911950e-01     10s
     784   -6.5811339e+27   3.588003e+32   6.581128e-03     16s
    1135    3.3014566e+06   3.783972e+02   0.000000e+00     22s
    1373    3.3014568e+06   1.578909e+03   0.000000e+00     26s
    1724    3.3014570e+06   1.636222e+02   0.000000e+00     31s
    1957    3.3014570e+06   1.732895e+02   0.000000e+00     35s
    2308    3.3014571e+06   2.083993e+02   0.000000e+00     41s
    2541    3.3014571e+06   7.237633e+01   0.000000e+00     45s
    2896    3.3014571e+06   6.417626e+01   0.000000e+00     51s
    3134    3.3014571e+06   1.393285e+01   0.000000e+00     55s
    3483    3.3014571e+06   1.374505e+01   0.000000e+00     61s
    3797    3.3014571e+06   0.000000e+00   0.000000e+00     66s

Solved in 3797 iterations and 66.18 seconds (88.07 work units)
Optimal objective  3.301457144e+06
Set parameter TimeLimit to value 8.2934757928685285e+03
Set parameter Method to value 1
Gurobi Optimizer version 12.0.3 build v12.0.3rc0 (linux64 - "Ubuntu 24.04.4 LTS")

CPU model: Intel(R) Xeon(R) Gold 5218R CPU @ 2.10GHz, instruction set [SSE2|AVX|AVX2|AVX512]
Thread count: 40 physical cores, 40 logical processors, using up to 1 threads

Non-default parameters:
TimeLimit  8.2934757928685285e+03
Method  1
BarHomogeneous  1
Threads  1

Optimize a model with 816 rows, 254355 columns and 7081087 nonzeros
Coefficient statistics:
  Matrix range     [1e+00, 1e+00]
  Objective range  [1e+05, 5e+05]
  Bounds range     [0e+00, 0e+00]
  RHS range        [1e+00, 1e+00]
LP warm-start: use basis

Iteration    Objective       Primal Inf.    Dual Inf.      Time
       0   -2.3681666e+32   1.220259e+35   2.368167e+02      1s
     312   -2.5340579e+30   1.269747e+33   2.534058e+00      5s
     632   -2.8802856e+29   6.455659e+33   2.880285e-01     11s
     944    3.3014566e+06   1.628097e+03   0.000000e+00     16s
    1300    3.3014568e+06   9.550657e+02   0.000000e+00     22s
    1533    3.3014568e+06   2.539455e+02   0.000000e+00     25s
    1887    3.3014569e+06   1.184131e+02   0.000000e+00     31s
    2121    3.3014569e+06   1.013446e+02   0.000000e+00     35s
    2470    3.3014569e+06   5.071849e+02   0.000000e+00     41s
    2826    3.3014570e+06   5.873442e+01   0.000000e+00     47s
    3064    3.3014570e+06   2.812111e+01   0.000000e+00     51s
    3422    3.3014570e+06   3.123315e+00   0.000000e+00     58s
    3522    3.3014570e+06   0.000000e+00   0.000000e+00     59s

Solved in 3522 iterations and 59.36 seconds (81.23 work units)
Optimal objective  3.301456986e+06
Set parameter TimeLimit to value 8.2078874569418840e+03
Set parameter Method to value 1
Gurobi Optimizer version 12.0.3 build v12.0.3rc0 (linux64 - "Ubuntu 24.04.4 LTS")

CPU model: Intel(R) Xeon(R) Gold 5218R CPU @ 2.10GHz, instruction set [SSE2|AVX|AVX2|AVX512]
Thread count: 40 physical cores, 40 logical processors, using up to 1 threads

Non-default parameters:
TimeLimit  8.2078874569418840e+03
Method  1
BarHomogeneous  1
Threads  1

Optimize a model with 816 rows, 254385 columns and 7082188 nonzeros
Coefficient statistics:
  Matrix range     [1e+00, 1e+00]
  Objective range  [1e+05, 5e+05]
  Bounds range     [0e+00, 0e+00]
  RHS range        [1e+00, 1e+00]
LP warm-start: use basis

Iteration    Objective       Primal Inf.    Dual Inf.      Time
       0   -2.1613190e+32   3.785641e+34   2.161319e+02      1s
     298   -7.2575275e+30   5.881321e+33   7.257527e+00      6s
     615   -1.5346676e+30   8.471015e+32   1.534668e+00     11s
     892   -3.3661135e+29   5.284207e+33   3.366111e-01     15s
    1208    3.3014556e+06   1.037606e+04   0.000000e+00     21s
    1558    3.3014562e+06   2.001272e+02   0.000000e+00     27s
    1791    3.3014563e+06   1.374850e+04   0.000000e+00     30s
    2142    3.3014565e+06   3.097734e+02   0.000000e+00     36s
    2370    3.3014566e+06   1.789971e+02   0.000000e+00     40s
    2713    3.3014566e+06   3.332209e+02   0.000000e+00     46s
    2946    3.3014567e+06   1.232966e+02   0.000000e+00     50s
    3296    3.3014567e+06   5.856525e+01   0.000000e+00     56s
    3638    3.3014567e+06   2.347619e+02   0.000000e+00     62s
    3872    3.3014567e+06   6.778739e+01   0.000000e+00     66s
    4215    3.3014567e+06   5.123836e+00   0.000000e+00     72s
    4448    3.3014567e+06   3.210749e-01   0.000000e+00     76s
    4502    3.3014567e+06   0.000000e+00   0.000000e+00     77s

Solved in 4502 iterations and 77.25 seconds (105.75 work units)
Optimal objective  3.301456746e+06
Set parameter TimeLimit to value 8104.8392611444
Set parameter Method to value 1
Gurobi Optimizer version 12.0.3 build v12.0.3rc0 (linux64 - "Ubuntu 24.04.4 LTS")

CPU model: Intel(R) Xeon(R) Gold 5218R CPU @ 2.10GHz, instruction set [SSE2|AVX|AVX2|AVX512]
Thread count: 40 physical cores, 40 logical processors, using up to 1 threads

Non-default parameters:
TimeLimit  8104.8392611444
Method  1
BarHomogeneous  1
Threads  1

Optimize a model with 816 rows, 254415 columns and 7083248 nonzeros
Coefficient statistics:
  Matrix range     [1e+00, 1e+00]
  Objective range  [1e+05, 5e+05]
  Bounds range     [0e+00, 0e+00]
  RHS range        [1e+00, 1e+00]
LP warm-start: use basis

Iteration    Objective       Primal Inf.    Dual Inf.      Time
       0   -2.4960839e+32   3.230086e+34   2.496084e+02      1s
     315   -5.8293103e+29   3.617421e+33   5.829308e-01      5s
     629    1.1635031e+24   1.650000e+31   0.000000e+00     11s
     993    3.3014565e+06   2.881950e+02   0.000000e+00     17s
    1224    3.3014565e+06   2.407966e+02   0.000000e+00     21s
    1455    3.3014565e+06   6.782657e+01   0.000000e+00     26s
    1692    3.3014565e+06   5.335213e+01   0.000000e+00     30s
    2046    3.3014566e+06   3.575155e+01   0.000000e+00     37s
    2276    3.3014566e+06   1.067870e+01   0.000000e+00     41s
    2632    3.3014566e+06   1.751241e+00   0.000000e+00     47s
    2723    3.3014566e+06   0.000000e+00   0.000000e+00     48s

Solved in 2723 iterations and 48.14 seconds (63.56 work units)
Optimal objective  3.301456576e+06
Set parameter TimeLimit to value 8.0307038304605521e+03
Set parameter Method to value 1
Gurobi Optimizer version 12.0.3 build v12.0.3rc0 (linux64 - "Ubuntu 24.04.4 LTS")

CPU model: Intel(R) Xeon(R) Gold 5218R CPU @ 2.10GHz, instruction set [SSE2|AVX|AVX2|AVX512]
Thread count: 40 physical cores, 40 logical processors, using up to 1 threads

Non-default parameters:
TimeLimit  8.0307038304605521e+03
Method  1
BarHomogeneous  1
Threads  1

Optimize a model with 816 rows, 254445 columns and 7084123 nonzeros
Coefficient statistics:
  Matrix range     [1e+00, 1e+00]
  Objective range  [1e+05, 5e+05]
  Bounds range     [0e+00, 0e+00]
  RHS range        [1e+00, 1e+00]
LP warm-start: use basis

Iteration    Objective       Primal Inf.    Dual Inf.      Time
       0   -2.5237309e+32   2.708940e+35   2.523731e+02      1s
     325   -8.8129564e+29   1.082096e+33   8.812956e-01      5s
     677    3.3014559e+06   9.251990e+02   0.000000e+00     11s
     911    3.3014561e+06   2.665121e+02   0.000000e+00     15s
    1265    3.3014563e+06   1.828078e+02   0.000000e+00     21s
    1500    3.3014563e+06   6.183527e+02   0.000000e+00     25s
    1853    3.3014564e+06   7.125585e+01   0.000000e+00     31s
    2089    3.3014564e+06   9.228514e+01   0.000000e+00     35s
    2446    3.3014564e+06   2.443577e+01   0.000000e+00     41s
    2683    3.3014564e+06   3.358975e+01   0.000000e+00     45s
    3040    3.3014564e+06   9.405505e-03   0.000000e+00     52s
    3048    3.3014564e+06   0.000000e+00   0.000000e+00     52s

Solved in 3048 iterations and 51.79 seconds (70.00 work units)
Optimal objective  3.301456428e+06
Set parameter TimeLimit to value 7.9527602084362879e+03
Set parameter Method to value 1
Gurobi Optimizer version 12.0.3 build v12.0.3rc0 (linux64 - "Ubuntu 24.04.4 LTS")

CPU model: Intel(R) Xeon(R) Gold 5218R CPU @ 2.10GHz, instruction set [SSE2|AVX|AVX2|AVX512]
Thread count: 40 physical cores, 40 logical processors, using up to 1 threads

Non-default parameters:
TimeLimit  7.9527602084362879e+03
Method  1
BarHomogeneous  1
Threads  1

Optimize a model with 816 rows, 254475 columns and 7085173 nonzeros
Coefficient statistics:
  Matrix range     [1e+00, 1e+00]
  Objective range  [1e+05, 5e+05]
  Bounds range     [0e+00, 0e+00]
  RHS range        [1e+00, 1e+00]
LP warm-start: use basis

Iteration    Objective       Primal Inf.    Dual Inf.      Time
       0   -2.2089801e+32   2.875285e+34   2.208980e+02      1s
     297   -3.6194093e+30   3.213419e+33   3.619409e+00      5s
     578   -1.1064768e+30   2.910496e+33   1.106477e+00     10s
     896   -1.5588670e+29   1.302924e+33   1.558867e-01     15s
    1245    3.3014552e+06   1.470673e+03   0.000000e+00     21s
    1482    3.3014555e+06   6.130515e+02   0.000000e+00     25s
    1839    3.3014558e+06   1.541658e+03   0.000000e+00     32s
    2075    3.3014559e+06   1.671337e+02   0.000000e+00     36s
    2423    3.3014559e+06   4.968803e+02   0.000000e+00     41s
    2660    3.3014560e+06   3.123927e+02   0.000000e+00     46s
    3010    3.3014561e+06   4.871794e+02   0.000000e+00     51s
    3241    3.3014561e+06   5.766162e+02   0.000000e+00     56s
    3480    3.3014561e+06   4.725725e+01   0.000000e+00     61s
    3715    3.3014561e+06   4.824169e+02   0.000000e+00     65s
    4067    3.3014562e+06   2.782300e+02   0.000000e+00     72s
    4302    3.3014562e+06   2.057762e+01   0.000000e+00     76s
    4651    3.3014562e+06   2.139507e+01   0.000000e+00     81s
    4888    3.3014562e+06   4.061747e+00   0.000000e+00     85s
    5052    3.3014562e+06   0.000000e+00   0.000000e+00     88s

Solved in 5052 iterations and 87.77 seconds (117.65 work units)
Optimal objective  3.301456187e+06
Set parameter TimeLimit to value 7.8387565650651231e+03
Set parameter Method to value 1
Gurobi Optimizer version 12.0.3 build v12.0.3rc0 (linux64 - "Ubuntu 24.04.4 LTS")

CPU model: Intel(R) Xeon(R) Gold 5218R CPU @ 2.10GHz, instruction set [SSE2|AVX|AVX2|AVX512]
Thread count: 40 physical cores, 40 logical processors, using up to 1 threads

Non-default parameters:
TimeLimit  7.8387565650651231e+03
Method  1
BarHomogeneous  1
Threads  1

Optimize a model with 816 rows, 254505 columns and 7086022 nonzeros
Coefficient statistics:
  Matrix range     [1e+00, 1e+00]
  Objective range  [1e+05, 5e+05]
  Bounds range     [0e+00, 0e+00]
  RHS range        [1e+00, 1e+00]
LP warm-start: use basis

Iteration    Objective       Primal Inf.    Dual Inf.      Time
       0   -2.7990271e+32   3.822729e+34   2.799027e+02      1s
     362    3.3014556e+06   7.480016e+02   0.000000e+00      7s
     599    3.3014559e+06   3.737520e+02   0.000000e+00     11s
     953    3.3014559e+06   1.777756e+02   0.000000e+00     17s
    1188    3.3014559e+06   1.886649e+01   0.000000e+00     21s
    1544    3.3014560e+06   1.485197e+02   0.000000e+00     27s
    1782    3.3014560e+06   2.942605e+01   0.000000e+00     31s
    2017    3.3014560e+06   2.673785e+00   0.000000e+00     35s
    2158    3.3014560e+06   0.000000e+00   0.000000e+00     38s

Solved in 2158 iterations and 37.81 seconds (50.78 work units)
Optimal objective  3.301455960e+06
Set parameter TimeLimit to value 7.7748263599826023e+03
Set parameter Method to value 1
Gurobi Optimizer version 12.0.3 build v12.0.3rc0 (linux64 - "Ubuntu 24.04.4 LTS")

CPU model: Intel(R) Xeon(R) Gold 5218R CPU @ 2.10GHz, instruction set [SSE2|AVX|AVX2|AVX512]
Thread count: 40 physical cores, 40 logical processors, using up to 1 threads

Non-default parameters:
TimeLimit  7.7748263599826023e+03
Method  1
BarHomogeneous  1
Threads  1

Optimize a model with 816 rows, 254535 columns and 7087151 nonzeros
Coefficient statistics:
  Matrix range     [1e+00, 1e+00]
  Objective range  [1e+05, 5e+05]
  Bounds range     [0e+00, 0e+00]
  RHS range        [1e+00, 1e+00]
LP warm-start: use basis

Iteration    Objective       Primal Inf.    Dual Inf.      Time
       0   -2.2427798e+32   5.457605e+34   2.242780e+02      1s
     308   -3.5128209e+30   2.989773e+33   3.512821e+00      5s
     623   -4.1494991e+29   6.252524e+32   4.149499e-01     10s
     937   -1.5747323e+28   2.464795e+32   1.574733e-02     16s
    1296    3.3014554e+06   3.527149e+02   0.000000e+00     22s
    1536    3.3014556e+06   6.050182e+02   0.000000e+00     26s
    1775    3.3014557e+06   1.493995e+02   0.000000e+00     30s
    2132    3.3014557e+06   3.061193e+01   0.000000e+00     36s
    2372    3.3014557e+06   1.664567e+02   0.000000e+00     40s
    2732    3.3014557e+06   4.240871e+01   0.000000e+00     47s
    2969    3.3014557e+06   1.524482e+01   0.000000e+00     52s
    3208    3.3014557e+06   2.046534e+01   0.000000e+00     56s
    3566    3.3014558e+06   3.584609e+01   0.000000e+00     62s
    3805    3.3014558e+06   3.120844e+00   0.000000e+00     66s
    4164    3.3014558e+06   2.556955e-02   0.000000e+00     71s
    4175    3.3014558e+06   0.000000e+00   0.000000e+00     72s

Solved in 4175 iterations and 71.61 seconds (96.52 work units)
Optimal objective  3.301455767e+06
Set parameter TimeLimit to value 7.6771919207875617e+03
Set parameter Method to value 1
Gurobi Optimizer version 12.0.3 build v12.0.3rc0 (linux64 - "Ubuntu 24.04.4 LTS")

CPU model: Intel(R) Xeon(R) Gold 5218R CPU @ 2.10GHz, instruction set [SSE2|AVX|AVX2|AVX512]
Thread count: 40 physical cores, 40 logical processors, using up to 1 threads

Non-default parameters:
TimeLimit  7.6771919207875617e+03
Method  1
BarHomogeneous  1
Threads  1

Optimize a model with 816 rows, 254565 columns and 7088225 nonzeros
Coefficient statistics:
  Matrix range     [1e+00, 1e+00]
  Objective range  [1e+05, 5e+05]
  Bounds range     [0e+00, 0e+00]
  RHS range        [1e+00, 1e+00]
LP warm-start: use basis

Iteration    Objective       Primal Inf.    Dual Inf.      Time
       0   -1.9923291e+32   5.894785e+34   1.992329e+02      1s
     312   -4.2597357e+29   1.372984e+33   4.259736e-01      5s
     628    3.3014553e+06   2.727700e+03   0.000000e+00     11s
     866    3.3014556e+06   5.531780e+02   0.000000e+00     15s
    1219    3.3014556e+06   9.221814e+01   0.000000e+00     21s
    1457    3.3014557e+06   2.597040e+02   0.000000e+00     25s
    1808    3.3014557e+06   2.557791e+01   0.000000e+00     31s
    2047    3.3014557e+06   8.059222e+00   0.000000e+00     36s
    2404    3.3014557e+06   1.254662e+01   0.000000e+00     42s
    2579    3.3014557e+06   0.000000e+00   0.000000e+00     45s

Solved in 2579 iterations and 44.57 seconds (59.84 work units)
Optimal objective  3.301455689e+06
Set parameter TimeLimit to value 7.6066280094333924e+03
Set parameter Method to value 1
Gurobi Optimizer version 12.0.3 build v12.0.3rc0 (linux64 - "Ubuntu 24.04.4 LTS")

CPU model: Intel(R) Xeon(R) Gold 5218R CPU @ 2.10GHz, instruction set [SSE2|AVX|AVX2|AVX512]
Thread count: 40 physical cores, 40 logical processors, using up to 1 threads

Non-default parameters:
TimeLimit  7.6066280094333924e+03
Method  1
BarHomogeneous  1
Threads  1

Optimize a model with 816 rows, 254595 columns and 7089096 nonzeros
Coefficient statistics:
  Matrix range     [1e+00, 1e+00]
  Objective range  [1e+05, 5e+05]
  Bounds range     [0e+00, 0e+00]
  RHS range        [1e+00, 1e+00]
LP warm-start: use basis

Iteration    Objective       Primal Inf.    Dual Inf.      Time
       0   -2.3037744e+32   3.279900e+34   2.303774e+02      1s
     266   -8.3683706e+29   5.092757e+33   8.368371e-01      5s
     584   -1.3287190e+28   6.775403e+32   1.328715e-02     10s
     867    3.3014555e+06   9.523103e+02   0.000000e+00     15s
    1213    3.3014556e+06   5.377181e+02   0.000000e+00     21s
    1446    3.3014556e+06   9.136053e+01   0.000000e+00     26s
    1796    3.3014556e+06   2.025314e+01   0.000000e+00     32s
    2036    3.3014556e+06   6.568806e+01   0.000000e+00     36s
    2384    3.3014556e+06   1.880071e+01   0.000000e+00     42s
    2619    3.3014556e+06   3.015830e+01   0.000000e+00     47s
    2855    3.3014556e+06   3.125380e+00   0.000000e+00     50s
    3135    3.3014556e+06   0.000000e+00   0.000000e+00     55s

Solved in 3135 iterations and 55.11 seconds (73.35 work units)
Optimal objective  3.301455617e+06
Set parameter TimeLimit to value 7.5253584924368188e+03
Set parameter Method to value 1
Gurobi Optimizer version 12.0.3 build v12.0.3rc0 (linux64 - "Ubuntu 24.04.4 LTS")

CPU model: Intel(R) Xeon(R) Gold 5218R CPU @ 2.10GHz, instruction set [SSE2|AVX|AVX2|AVX512]
Thread count: 40 physical cores, 40 logical processors, using up to 1 threads

Non-default parameters:
TimeLimit  7.5253584924368188e+03
Method  1
BarHomogeneous  1
Threads  1

Optimize a model with 816 rows, 254625 columns and 7090229 nonzeros
Coefficient statistics:
  Matrix range     [1e+00, 1e+00]
  Objective range  [1e+05, 5e+05]
  Bounds range     [0e+00, 0e+00]
  RHS range        [1e+00, 1e+00]
LP warm-start: use basis

Iteration    Objective       Primal Inf.    Dual Inf.      Time
       0   -1.6364871e+32   1.939203e+34   1.636487e+02      1s
     307   -1.9655129e+29   6.182440e+32   1.965513e-01      5s
     642    3.3014552e+06   1.056122e+03   0.000000e+00     12s
     879    3.3014554e+06   5.923986e+02   0.000000e+00     17s
    1117    3.3014554e+06   3.512486e+02   0.000000e+00     21s
    1353    3.3014555e+06   1.094085e+02   0.000000e+00     26s
    1591    3.3014555e+06   3.086350e+01   0.000000e+00     30s
    1938    3.3014555e+06   3.313425e+01   0.000000e+00     37s
    2176    3.3014555e+06   3.254537e+01   0.000000e+00     41s
    2530    3.3014555e+06   8.252843e+00   0.000000e+00     47s
    2752    3.3014555e+06   0.000000e+00   0.000000e+00     50s

Solved in 2752 iterations and 50.19 seconds (64.21 work units)
Optimal objective  3.301455518e+06
Set parameter TimeLimit to value 7.4495230031711981e+03
Set parameter Method to value 1
Gurobi Optimizer version 12.0.3 build v12.0.3rc0 (linux64 - "Ubuntu 24.04.4 LTS")

CPU model: Intel(R) Xeon(R) Gold 5218R CPU @ 2.10GHz, instruction set [SSE2|AVX|AVX2|AVX512]
Thread count: 40 physical cores, 40 logical processors, using up to 1 threads

Non-default parameters:
TimeLimit  7.4495230031711981e+03
Method  1
BarHomogeneous  1
Threads  1

Optimize a model with 816 rows, 254655 columns and 7091266 nonzeros
Coefficient statistics:
  Matrix range     [1e+00, 1e+00]
  Objective range  [1e+05, 5e+05]
  Bounds range     [0e+00, 0e+00]
  RHS range        [1e+00, 1e+00]
LP warm-start: use basis

Iteration    Objective       Primal Inf.    Dual Inf.      Time
       0   -1.5301384e+32   5.488202e+34   1.530138e+02      1s
     365    3.3014553e+06   1.417411e+03   0.000000e+00      7s
     601    3.3014553e+06   2.525217e+02   0.000000e+00     11s
     956    3.3014553e+06   6.763692e+01   0.000000e+00     17s
    1194    3.3014554e+06   1.319989e+02   0.000000e+00     21s
    1434    3.3014554e+06   1.736508e+01   0.000000e+00     26s
    1791    3.3014554e+06   3.665386e+01   0.000000e+00     31s
    2026    3.3014554e+06   1.736782e+00   0.000000e+00     35s
    2222    3.3014554e+06   0.000000e+00   0.000000e+00     39s

Solved in 2222 iterations and 38.82 seconds (51.92 work units)
Optimal objective  3.301455376e+06
Set parameter TimeLimit to value 7.3838282189052552e+03
Set parameter Method to value 1
Gurobi Optimizer version 12.0.3 build v12.0.3rc0 (linux64 - "Ubuntu 24.04.4 LTS")

CPU model: Intel(R) Xeon(R) Gold 5218R CPU @ 2.10GHz, instruction set [SSE2|AVX|AVX2|AVX512]
Thread count: 40 physical cores, 40 logical processors, using up to 1 threads

Non-default parameters:
TimeLimit  7.3838282189052552e+03
Method  1
BarHomogeneous  1
Threads  1

Optimize a model with 816 rows, 254685 columns and 7092492 nonzeros
Coefficient statistics:
  Matrix range     [1e+00, 1e+00]
  Objective range  [1e+05, 5e+05]
  Bounds range     [0e+00, 0e+00]
  RHS range        [1e+00, 1e+00]
LP warm-start: use basis

Iteration    Objective       Primal Inf.    Dual Inf.      Time
       0   -1.6439708e+32   2.878938e+34   1.643971e+02      1s
     329   -1.0262337e+30   1.055021e+33   1.026234e+00      5s
     649   -9.6880383e+27   3.297225e+32   9.688037e-03     10s
     976    3.3014551e+06   5.787607e+02   0.000000e+00     16s
    1333    3.3014552e+06   1.997686e+02   0.000000e+00     22s
    1569    3.3014552e+06   1.112462e+02   0.000000e+00     26s
    1805    3.3014552e+06   5.899425e+01   0.000000e+00     30s
    2160    3.3014552e+06   3.566598e+01   0.000000e+00     36s
    2399    3.3014552e+06   2.680149e+01   0.000000e+00     40s
    2756    3.3014552e+06   5.382358e+00   0.000000e+00     47s
    2993    3.3014552e+06   1.202784e+00   0.000000e+00     51s
    3143    3.3014552e+06   0.000000e+00   0.000000e+00     53s

Solved in 3143 iterations and 53.27 seconds (71.71 work units)
Optimal objective  3.301455249e+06
Set parameter TimeLimit to value 7.3039393965280615e+03
Set parameter Method to value 1
Gurobi Optimizer version 12.0.3 build v12.0.3rc0 (linux64 - "Ubuntu 24.04.4 LTS")

CPU model: Intel(R) Xeon(R) Gold 5218R CPU @ 2.10GHz, instruction set [SSE2|AVX|AVX2|AVX512]
Thread count: 40 physical cores, 40 logical processors, using up to 1 threads

Non-default parameters:
TimeLimit  7.3039393965280615e+03
Method  1
BarHomogeneous  1
Threads  1

Optimize a model with 816 rows, 254715 columns and 7093440 nonzeros
Coefficient statistics:
  Matrix range     [1e+00, 1e+00]
  Objective range  [1e+05, 5e+05]
  Bounds range     [0e+00, 0e+00]
  RHS range        [1e+00, 1e+00]
LP warm-start: use basis

Iteration    Objective       Primal Inf.    Dual Inf.      Time
       0   -2.0055420e+32   1.323921e+35   2.005542e+02      1s
     272   -1.6864134e+31   5.543442e+33   1.686413e+01      5s
     549   -6.5319340e+30   4.305820e+33   6.531933e+00     10s
     903   -2.2885031e+30   1.868423e+33   2.288503e+00     16s
    1215   -1.5871516e+30   1.963187e+33   1.587152e+00     21s
    1451   -1.3049700e+30   1.128406e+33   1.304970e+00     26s
    1809   -7.9497869e+29   5.661483e+33   7.949786e-01     31s
    2047    3.3014538e+06   2.882945e+03   0.000000e+00     36s
    2283    3.3014541e+06   1.601618e+03   0.000000e+00     40s
    2522    3.3014543e+06   1.403548e+03   0.000000e+00     45s
    2877    3.3014545e+06   5.439294e+02   0.000000e+00     52s
    3115    3.3014547e+06   6.380649e+02   0.000000e+00     56s
    3354    3.3014547e+06   7.010701e+02   0.000000e+00     61s
    3591    3.3014548e+06   4.771205e+02   0.000000e+00     65s
    3948    3.3014548e+06   2.977473e+02   0.000000e+00     71s
    4181    3.3014549e+06   7.086856e+02   0.000000e+00     75s
    4537    3.3014549e+06   9.101379e+02   0.000000e+00     81s
    4889    3.3014549e+06   1.979177e+02   0.000000e+00     86s
    5127    3.3014549e+06   6.065607e+01   0.000000e+00     90s
    5484    3.3014550e+06   2.688553e+01   0.000000e+00     96s
    5719    3.3014550e+06   2.894703e+01   0.000000e+00    100s
    6074    3.3014550e+06   2.735730e+01   0.000000e+00    107s
    6311    3.3014550e+06   1.972588e+00   0.000000e+00    111s
    6347    3.3014550e+06   0.000000e+00   0.000000e+00    112s

Solved in 6347 iterations and 111.64 seconds (146.93 work units)
Optimal objective  3.301454972e+06
Set parameter TimeLimit to value 7.1664508938654326e+03
Set parameter Method to value 1
Gurobi Optimizer version 12.0.3 build v12.0.3rc0 (linux64 - "Ubuntu 24.04.4 LTS")

CPU model: Intel(R) Xeon(R) Gold 5218R CPU @ 2.10GHz, instruction set [SSE2|AVX|AVX2|AVX512]
Thread count: 40 physical cores, 40 logical processors, using up to 1 threads

Non-default parameters:
TimeLimit  7.1664508938654326e+03
Method  1
BarHomogeneous  1
Threads  1

Optimize a model with 816 rows, 254745 columns and 7094657 nonzeros
Coefficient statistics:
  Matrix range     [1e+00, 1e+00]
  Objective range  [1e+05, 5e+05]
  Bounds range     [0e+00, 0e+00]
  RHS range        [1e+00, 1e+00]
LP warm-start: use basis

Iteration    Objective       Primal Inf.    Dual Inf.      Time
       0   -2.5503010e+32   3.529847e+34   2.550301e+02      1s
     268   -1.2569954e+31   3.552682e+33   1.256995e+01      5s
     547   -4.6907071e+30   3.816026e+33   4.690707e+00     10s
     827   -1.9311731e+30   3.988016e+34   1.931173e+00     15s
    1215   -6.9138997e+29   1.633439e+34   6.913912e-01     21s
    1451   -2.6295632e+29   5.775175e+32   2.629567e-01     25s
    1803   -2.1363066e+28   1.906319e+33   2.136360e-02     32s
    2037    3.3014535e+06   2.427743e+04   0.000000e+00     36s
    2388    3.3014537e+06   1.836211e+03   0.000000e+00     41s
    2626    3.3014539e+06   9.359344e+02   0.000000e+00     46s
    2858    3.3014540e+06   1.332535e+03   0.000000e+00     50s
    3213    3.3014542e+06   2.346976e+03   0.000000e+00     56s
    3565    3.3014543e+06   2.657576e+02   0.000000e+00     62s
    3803    3.3014543e+06   2.182329e+02   0.000000e+00     66s
    4042    3.3014544e+06   4.695591e+02   0.000000e+00     70s
    4402    3.3014544e+06   3.593538e+02   0.000000e+00     76s
    4636    3.3014544e+06   2.272871e+02   0.000000e+00     80s
    4989    3.3014545e+06   7.654936e+01   0.000000e+00     86s
    5223    3.3014545e+06   3.825697e+02   0.000000e+00     90s
    5580    3.3014545e+06   1.566599e+02   0.000000e+00     97s
    5812    3.3014545e+06   1.957261e+02   0.000000e+00    100s
    6170    3.3014545e+06   8.296842e+01   0.000000e+00    107s
    6409    3.3014545e+06   3.382042e+01   0.000000e+00    111s
    6646    3.3014545e+06   4.804704e+01   0.000000e+00    115s
    7003    3.3014546e+06   4.420300e+00   0.000000e+00    121s
    7184    3.3014546e+06   0.000000e+00   0.000000e+00    124s

Solved in 7184 iterations and 124.04 seconds (166.76 work units)
Optimal objective  3.301454553e+06
Set parameter TimeLimit to value 7.0142849847776815e+03
Set parameter Method to value 1
Gurobi Optimizer version 12.0.3 build v12.0.3rc0 (linux64 - "Ubuntu 24.04.4 LTS")

CPU model: Intel(R) Xeon(R) Gold 5218R CPU @ 2.10GHz, instruction set [SSE2|AVX|AVX2|AVX512]
Thread count: 40 physical cores, 40 logical processors, using up to 1 threads

Non-default parameters:
TimeLimit  7.0142849847776815e+03
Method  1
BarHomogeneous  1
Threads  1

Optimize a model with 816 rows, 254775 columns and 7095585 nonzeros
Coefficient statistics:
  Matrix range     [1e+00, 1e+00]
  Objective range  [1e+05, 5e+05]
  Bounds range     [0e+00, 0e+00]
  RHS range        [1e+00, 1e+00]
LP warm-start: use basis

Iteration    Objective       Primal Inf.    Dual Inf.      Time
       0   -1.5013918e+32   6.118711e+34   1.501392e+02      1s
     355    3.3014543e+06   5.979778e+01   0.000000e+00      7s
     594    3.3014543e+06   1.783662e+02   0.000000e+00     11s
     831    3.3014544e+06   7.613509e+01   0.000000e+00     15s
    1188    3.3014544e+06   2.192391e+01   0.000000e+00     21s
    1425    3.3014544e+06   9.288377e+00   0.000000e+00     25s
    1708    3.3014544e+06   0.000000e+00   0.000000e+00     30s

Solved in 1708 iterations and 29.81 seconds (39.67 work units)
Optimal objective  3.301454404e+06
Set parameter TimeLimit to value 6959.87082058331
Set parameter Method to value 1
Gurobi Optimizer version 12.0.3 build v12.0.3rc0 (linux64 - "Ubuntu 24.04.4 LTS")

CPU model: Intel(R) Xeon(R) Gold 5218R CPU @ 2.10GHz, instruction set [SSE2|AVX|AVX2|AVX512]
Thread count: 40 physical cores, 40 logical processors, using up to 1 threads

Non-default parameters:
TimeLimit  6959.87082058331
Method  1
BarHomogeneous  1
Threads  1

Optimize a model with 816 rows, 254805 columns and 7096683 nonzeros
Coefficient statistics:
  Matrix range     [1e+00, 1e+00]
  Objective range  [1e+05, 5e+05]
  Bounds range     [0e+00, 0e+00]
  RHS range        [1e+00, 1e+00]
LP warm-start: use basis

Iteration    Objective       Primal Inf.    Dual Inf.      Time
       0   -1.8783157e+32   1.104587e+35   1.878316e+02      1s
     317   -1.8577286e+29   6.651863e+32   1.857728e-01      5s
     603    3.3014541e+06   1.624217e+03   0.000000e+00     10s
     957    3.3014542e+06   8.932279e+01   0.000000e+00     16s
    1191    3.3014542e+06   5.645590e+01   0.000000e+00     20s
    1543    3.3014543e+06   9.834802e+01   0.000000e+00     26s
    1775    3.3014543e+06   4.832717e+01   0.000000e+00     31s
    2132    3.3014543e+06   4.838508e+01   0.000000e+00     36s
    2370    3.3014543e+06   2.510278e+00   0.000000e+00     40s
    2475    3.3014543e+06   0.000000e+00   0.000000e+00     42s

Solved in 2475 iterations and 42.49 seconds (57.70 work units)
Optimal objective  3.301454281e+06
Set parameter TimeLimit to value 6.8881920393430628e+03
Set parameter Method to value 1
Gurobi Optimizer version 12.0.3 build v12.0.3rc0 (linux64 - "Ubuntu 24.04.4 LTS")

CPU model: Intel(R) Xeon(R) Gold 5218R CPU @ 2.10GHz, instruction set [SSE2|AVX|AVX2|AVX512]
Thread count: 40 physical cores, 40 logical processors, using up to 1 threads

Non-default parameters:
TimeLimit  6.8881920393430628e+03
Method  1
BarHomogeneous  1
Threads  1

Optimize a model with 816 rows, 254835 columns and 7097689 nonzeros
Coefficient statistics:
  Matrix range     [1e+00, 1e+00]
  Objective range  [1e+05, 5e+05]
  Bounds range     [0e+00, 0e+00]
  RHS range        [1e+00, 1e+00]
LP warm-start: use basis

Iteration    Objective       Primal Inf.    Dual Inf.      Time
       0   -1.4672087e+32   2.340877e+34   1.467209e+02      1s
     275   -7.8575071e+28   6.661618e+32   7.857507e-02      5s
     571    3.3014539e+06   1.985065e+03   0.000000e+00     10s
     925    3.3014540e+06   4.702674e+02   0.000000e+00     16s
    1159    3.3014541e+06   9.488180e+01   0.000000e+00     20s
    1508    3.3014541e+06   6.219172e+01   0.000000e+00     26s
    1739    3.3014541e+06   4.464291e+01   0.000000e+00     30s
    2085    3.3014541e+06   3.123383e+02   0.000000e+00     36s
    2324    3.3014541e+06   1.327209e+01   0.000000e+00     40s
    2680    3.3014541e+06   6.070854e-01   0.000000e+00     46s
    2758    3.3014541e+06   0.000000e+00   0.000000e+00     48s

Solved in 2758 iterations and 47.57 seconds (64.54 work units)
Optimal objective  3.301454128e+06
Set parameter TimeLimit to value 6.8126976934615523e+03
Set parameter Method to value 1
Gurobi Optimizer version 12.0.3 build v12.0.3rc0 (linux64 - "Ubuntu 24.04.4 LTS")

CPU model: Intel(R) Xeon(R) Gold 5218R CPU @ 2.10GHz, instruction set [SSE2|AVX|AVX2|AVX512]
Thread count: 40 physical cores, 40 logical processors, using up to 1 threads

Non-default parameters:
TimeLimit  6.8126976934615523e+03
Method  1
BarHomogeneous  1
Threads  1

Optimize a model with 816 rows, 254865 columns and 7098655 nonzeros
Coefficient statistics:
  Matrix range     [1e+00, 1e+00]
  Objective range  [1e+05, 5e+05]
  Bounds range     [0e+00, 0e+00]
  RHS range        [1e+00, 1e+00]
LP warm-start: use basis

Iteration    Objective       Primal Inf.    Dual Inf.      Time
       0   -1.4715660e+32   1.997157e+34   1.471566e+02      1s
     277   -3.6968401e+27   2.015206e+32   3.696843e-03      5s
     592    3.3014539e+06   3.116097e+02   0.000000e+00     11s
     945    3.3014539e+06   2.450217e+02   0.000000e+00     16s
    1303    3.3014540e+06   5.654553e+02   0.000000e+00     22s
    1542    3.3014540e+06   3.336250e+01   0.000000e+00     26s
    1781    3.3014540e+06   1.155284e+01   0.000000e+00     31s
    2017    3.3014540e+06   4.936974e+00   0.000000e+00     35s
    2374    3.3014540e+06   7.747577e-01   0.000000e+00     41s
    2467    3.3014540e+06   0.000000e+00   0.000000e+00     43s

Solved in 2467 iterations and 42.59 seconds (57.26 work units)
Optimal objective  3.301453981e+06
Set parameter TimeLimit to value 6.7425584430792369e+03
Set parameter Method to value 1
Gurobi Optimizer version 12.0.3 build v12.0.3rc0 (linux64 - "Ubuntu 24.04.4 LTS")

CPU model: Intel(R) Xeon(R) Gold 5218R CPU @ 2.10GHz, instruction set [SSE2|AVX|AVX2|AVX512]
Thread count: 40 physical cores, 40 logical processors, using up to 1 threads

Non-default parameters:
TimeLimit  6.7425584430792369e+03
Method  1
BarHomogeneous  1
Threads  1

Optimize a model with 816 rows, 254895 columns and 7099671 nonzeros
Coefficient statistics:
  Matrix range     [1e+00, 1e+00]
  Objective range  [1e+05, 5e+05]
  Bounds range     [0e+00, 0e+00]
  RHS range        [1e+00, 1e+00]
LP warm-start: use basis

Iteration    Objective       Primal Inf.    Dual Inf.      Time
       0   -1.5331124e+32   5.502901e+34   1.533112e+02      1s
     312   -5.7889109e+30   2.576054e+33   5.788911e+00      5s
     676   -8.2239631e+29   1.151194e+33   8.223966e-01     11s
    1031   -1.1692294e+29   2.967185e+33   1.169230e-01     17s
    1273    3.3014531e+06   8.074793e+02   0.000000e+00     21s
    1508    3.3014536e+06   1.298152e+03   0.000000e+00     25s
    1862    3.3014537e+06   4.088745e+02   0.000000e+00     31s
    2100    3.3014538e+06   2.941557e+02   0.000000e+00     36s
    2453    3.3014538e+06   1.003892e+03   0.000000e+00     42s
    2691    3.3014539e+06   2.250752e+02   0.000000e+00     46s
    3046    3.3014539e+06   6.284105e+01   0.000000e+00     52s
    3281    3.3014539e+06   3.383685e+01   0.000000e+00     56s
    3634    3.3014539e+06   4.947835e+01   0.000000e+00     62s
    3869    3.3014539e+06   2.147020e+00   0.000000e+00     66s
    4069    3.3014539e+06   0.000000e+00   0.000000e+00     70s

Solved in 4069 iterations and 69.87 seconds (93.89 work units)
Optimal objective  3.301453920e+06
Set parameter TimeLimit to value 6.6463034046655521e+03
Set parameter Method to value 1
Gurobi Optimizer version 12.0.3 build v12.0.3rc0 (linux64 - "Ubuntu 24.04.4 LTS")

CPU model: Intel(R) Xeon(R) Gold 5218R CPU @ 2.10GHz, instruction set [SSE2|AVX|AVX2|AVX512]
Thread count: 40 physical cores, 40 logical processors, using up to 1 threads

Non-default parameters:
TimeLimit  6.6463034046655521e+03
Method  1
BarHomogeneous  1
Threads  1

Optimize a model with 816 rows, 254925 columns and 7100662 nonzeros
Coefficient statistics:
  Matrix range     [1e+00, 1e+00]
  Objective range  [1e+05, 5e+05]
  Bounds range     [0e+00, 0e+00]
  RHS range        [1e+00, 1e+00]
LP warm-start: use basis

Iteration    Objective       Primal Inf.    Dual Inf.      Time
       0   -1.3727050e+32   6.637990e+34   1.372705e+02      1s
     310   -3.2733824e+29   2.360355e+33   3.273383e-01      5s
     587   -2.1661430e+28   3.647323e+32   2.166143e-02     10s
     945    3.3014532e+06   2.592419e+03   0.000000e+00     16s
    1181    3.3014535e+06   2.087047e+03   0.000000e+00     21s
    1418    3.3014536e+06   1.151569e+02   0.000000e+00     26s
    1658    3.3014536e+06   3.327159e+02   0.000000e+00     30s
    2013    3.3014537e+06   3.322932e+02   0.000000e+00     37s
    2249    3.3014537e+06   2.189727e+02   0.000000e+00     41s
    2602    3.3014537e+06   1.885806e+02   0.000000e+00     46s
    2839    3.3014537e+06   3.695288e+01   0.000000e+00     50s
    3194    3.3014537e+06   3.449181e+01   0.000000e+00     56s
    3431    3.3014537e+06   1.094650e+01   0.000000e+00     60s
    3772    3.3014537e+06   0.000000e+00   0.000000e+00     66s

Solved in 3772 iterations and 66.33 seconds (87.53 work units)
Optimal objective  3.301453724e+06
Set parameter TimeLimit to value 6.5540545460609719e+03
Set parameter Method to value 1
Gurobi Optimizer version 12.0.3 build v12.0.3rc0 (linux64 - "Ubuntu 24.04.4 LTS")

CPU model: Intel(R) Xeon(R) Gold 5218R CPU @ 2.10GHz, instruction set [SSE2|AVX|AVX2|AVX512]
Thread count: 40 physical cores, 40 logical processors, using up to 1 threads

Non-default parameters:
TimeLimit  6.5540545460609719e+03
Method  1
BarHomogeneous  1
Threads  1

Optimize a model with 816 rows, 254955 columns and 7101796 nonzeros
Coefficient statistics:
  Matrix range     [1e+00, 1e+00]
  Objective range  [1e+05, 5e+05]
  Bounds range     [0e+00, 0e+00]
  RHS range        [1e+00, 1e+00]
LP warm-start: use basis

Iteration    Objective       Primal Inf.    Dual Inf.      Time
       0   -1.4454182e+32   3.720216e+34   1.445418e+02      1s
     270   -1.5936966e+29   1.100538e+33   1.593697e-01      5s
     635    3.3014533e+06   4.717190e+02   0.000000e+00     11s
     872    3.3014534e+06   4.338656e+02   0.000000e+00     15s
    1223    3.3014535e+06   8.394104e+01   0.000000e+00     22s
    1461    3.3014535e+06   7.185848e+01   0.000000e+00     26s
    1812    3.3014535e+06   9.000386e+01   0.000000e+00     32s
    2049    3.3014535e+06   4.404304e+01   0.000000e+00     36s
    2403    3.3014535e+06   2.652574e+00   0.000000e+00     42s
    2517    3.3014535e+06   0.000000e+00   0.000000e+00     44s

Solved in 2517 iterations and 43.85 seconds (58.93 work units)
Optimal objective  3.301453520e+06
Set parameter TimeLimit to value 6.4840117277228273e+03
Set parameter Method to value 1
Gurobi Optimizer version 12.0.3 build v12.0.3rc0 (linux64 - "Ubuntu 24.04.4 LTS")

CPU model: Intel(R) Xeon(R) Gold 5218R CPU @ 2.10GHz, instruction set [SSE2|AVX|AVX2|AVX512]
Thread count: 40 physical cores, 40 logical processors, using up to 1 threads

Non-default parameters:
TimeLimit  6.4840117277228273e+03
Method  1
BarHomogeneous  1
Threads  1

Optimize a model with 816 rows, 254985 columns and 7102638 nonzeros
Coefficient statistics:
  Matrix range     [1e+00, 1e+00]
  Objective range  [1e+05, 5e+05]
  Bounds range     [0e+00, 0e+00]
  RHS range        [1e+00, 1e+00]
LP warm-start: use basis

Iteration    Objective       Primal Inf.    Dual Inf.      Time
       0   -1.2437094e+32   3.501520e+34   1.243709e+02      1s
     361   -3.9312668e+29   7.843867e+32   3.931267e-01      6s
     643   -3.6908850e+28   9.777799e+32   3.690889e-02     11s
     921    3.3014533e+06   2.410276e+02   0.000000e+00     15s
    1276    3.3014534e+06   2.026671e+02   0.000000e+00     21s
    1512    3.3014535e+06   1.383423e+02   0.000000e+00     25s
    1868    3.3014535e+06   2.575781e+01   0.000000e+00     32s
    2103    3.3014535e+06   3.138989e+02   0.000000e+00     37s
    2340    3.3014535e+06   3.946742e+01   0.000000e+00     41s
    2547    3.3014535e+06   0.000000e+00   0.000000e+00     45s

Solved in 2547 iterations and 45.21 seconds (58.21 work units)
Optimal objective  3.301453506e+06
Set parameter TimeLimit to value 6.4130345016242936e+03
Set parameter Method to value 1
Gurobi Optimizer version 12.0.3 build v12.0.3rc0 (linux64 - "Ubuntu 24.04.4 LTS")

CPU model: Intel(R) Xeon(R) Gold 5218R CPU @ 2.10GHz, instruction set [SSE2|AVX|AVX2|AVX512]
Thread count: 40 physical cores, 40 logical processors, using up to 1 threads

Non-default parameters:
TimeLimit  6.4130345016242936e+03
Method  1
BarHomogeneous  1
Threads  1

Optimize a model with 816 rows, 255015 columns and 7103634 nonzeros
Coefficient statistics:
  Matrix range     [1e+00, 1e+00]
  Objective range  [1e+05, 5e+05]
  Bounds range     [0e+00, 0e+00]
  RHS range        [1e+00, 1e+00]
LP warm-start: use basis

Iteration    Objective       Primal Inf.    Dual Inf.      Time
       0   -8.8966318e+31   6.877928e+34   8.896632e+01      1s
     318   -3.1654406e+30   3.530273e+33   3.165441e+00      5s
     612   -4.4492478e+29   9.646871e+32   4.449248e-01     10s
    1007    3.3014531e+06   9.326376e+02   0.000000e+00     16s
    1245    3.3014532e+06   4.820498e+02   0.000000e+00     20s
    1598    3.3014533e+06   1.462463e+02   0.000000e+00     27s
    1834    3.3014533e+06   3.574717e+02   0.000000e+00     31s
    2190    3.3014534e+06   5.204055e+02   0.000000e+00     37s
    2428    3.3014534e+06   3.374881e+02   0.000000e+00     41s
    2781    3.3014534e+06   4.060826e+01   0.000000e+00     49s
    2901    3.3014534e+06   4.031449e+01   0.000000e+00     50s
    3258    3.3014534e+06   9.167091e+00   0.000000e+00     56s
    3444    3.3014534e+06   0.000000e+00   0.000000e+00     59s

Solved in 3444 iterations and 59.48 seconds (78.38 work units)
Optimal objective  3.301453408e+06
Set parameter TimeLimit to value 6.3266354006854817e+03
Set parameter Method to value 1
Gurobi Optimizer version 12.0.3 build v12.0.3rc0 (linux64 - "Ubuntu 24.04.4 LTS")

CPU model: Intel(R) Xeon(R) Gold 5218R CPU @ 2.10GHz, instruction set [SSE2|AVX|AVX2|AVX512]
Thread count: 40 physical cores, 40 logical processors, using up to 1 threads

Non-default parameters:
TimeLimit  6.3266354006854817e+03
Method  1
BarHomogeneous  1
Threads  1

Optimize a model with 816 rows, 255045 columns and 7104846 nonzeros
Coefficient statistics:
  Matrix range     [1e+00, 1e+00]
  Objective range  [1e+05, 5e+05]
  Bounds range     [0e+00, 0e+00]
  RHS range        [1e+00, 1e+00]
LP warm-start: use basis

Iteration    Objective       Primal Inf.    Dual Inf.      Time
       0   -1.2487078e+32   1.986004e+34   1.248708e+02      1s
     317   -9.4920771e+29   1.319758e+33   9.492077e-01      5s
     678   -4.9269210e+27   1.544912e+32   4.926919e-03     10s
     997    3.3014532e+06   8.133174e+01   0.000000e+00     16s
    1236    3.3014532e+06   6.533001e+02   0.000000e+00     21s
    1596    3.3014533e+06   7.403779e+01   0.000000e+00     26s
    1833    3.3014533e+06   2.305250e+02   0.000000e+00     30s
    2192    3.3014533e+06   5.315889e+01   0.000000e+00     37s
    2428    3.3014533e+06   1.990174e+01   0.000000e+00     41s
    2786    3.3014533e+06   4.033333e+01   0.000000e+00     47s
    3024    3.3014533e+06   1.360719e+00   0.000000e+00     51s
    3149    3.3014533e+06   0.000000e+00   0.000000e+00     53s

Solved in 3149 iterations and 53.01 seconds (72.02 work units)
Optimal objective  3.301453340e+06
Set parameter TimeLimit to value 6.2469777777343988e+03
Set parameter Method to value 1
Gurobi Optimizer version 12.0.3 build v12.0.3rc0 (linux64 - "Ubuntu 24.04.4 LTS")

CPU model: Intel(R) Xeon(R) Gold 5218R CPU @ 2.10GHz, instruction set [SSE2|AVX|AVX2|AVX512]
Thread count: 40 physical cores, 40 logical processors, using up to 1 threads

Non-default parameters:
TimeLimit  6.2469777777343988e+03
Method  1
BarHomogeneous  1
Threads  1

Optimize a model with 816 rows, 255075 columns and 7105757 nonzeros
Coefficient statistics:
  Matrix range     [1e+00, 1e+00]
  Objective range  [1e+05, 5e+05]
  Bounds range     [0e+00, 0e+00]
  RHS range        [1e+00, 1e+00]
LP warm-start: use basis

Iteration    Objective       Primal Inf.    Dual Inf.      Time
       0   -1.3066818e+32   4.970072e+34   1.306682e+02      1s
     227   -4.8085832e+30   3.268142e+33   4.808583e+00      5s
     506   -1.2838694e+30   8.340237e+32   1.283869e+00     11s
     740   -4.2211533e+29   2.081608e+33   4.221154e-01     15s
    1014   -7.0059795e+28   7.012243e+32   7.005984e-02     20s
    1367    3.3014528e+06   5.950120e+02   0.000000e+00     27s
    1600    3.3014529e+06   4.903706e+02   0.000000e+00     31s
    1951    3.3014530e+06   4.174543e+02   0.000000e+00     37s
    2188    3.3014531e+06   4.038171e+03   0.000000e+00     40s
    2536    3.3014531e+06   1.283225e+03   0.000000e+00     46s
    2884    3.3014532e+06   3.002464e+02   0.000000e+00     51s
    3109    3.3014532e+06   1.670601e+02   0.000000e+00     55s
    3460    3.3014532e+06   2.813628e+02   0.000000e+00     61s
    3696    3.3014532e+06   1.037746e+02   0.000000e+00     65s
    4050    3.3014532e+06   9.169435e+00   0.000000e+00     71s
    4286    3.3014532e+06   2.328699e+01   0.000000e+00     76s
    4643    3.3014533e+06   1.061705e+01   0.000000e+00     81s
    4883    3.3014533e+06   7.512050e-02   0.000000e+00     85s
    4920    3.3014533e+06   0.000000e+00   0.000000e+00     86s

Solved in 4920 iterations and 86.08 seconds (114.58 work units)
Optimal objective  3.301453252e+06
Set parameter TimeLimit to value 6.1337176210214384e+03
Set parameter Method to value 1
Gurobi Optimizer version 12.0.3 build v12.0.3rc0 (linux64 - "Ubuntu 24.04.4 LTS")

CPU model: Intel(R) Xeon(R) Gold 5218R CPU @ 2.10GHz, instruction set [SSE2|AVX|AVX2|AVX512]
Thread count: 40 physical cores, 40 logical processors, using up to 1 threads

Non-default parameters:
TimeLimit  6.1337176210214384e+03
Method  1
BarHomogeneous  1
Threads  1

Optimize a model with 816 rows, 255105 columns and 7106852 nonzeros
Coefficient statistics:
  Matrix range     [1e+00, 1e+00]
  Objective range  [1e+05, 5e+05]
  Bounds range     [0e+00, 0e+00]
  RHS range        [1e+00, 1e+00]
LP warm-start: use basis

Iteration    Objective       Primal Inf.    Dual Inf.      Time
       0   -1.0831813e+32   1.507584e+34   1.083181e+02      1s
     322   -3.5522378e+30   1.667490e+33   3.552238e+00      5s
     682   -8.9983260e+29   1.573393e+33   8.998327e-01     10s
    1015   -1.6969637e+29   1.060114e+33   1.696964e-01     15s
    1375    3.3014528e+06   9.751417e+02   0.000000e+00     22s
    1615    3.3014529e+06   1.675095e+02   0.000000e+00     26s
    1974    3.3014529e+06   2.201752e+03   0.000000e+00     32s
    2208    3.3014530e+06   2.597358e+02   0.000000e+00     36s
    2446    3.3014530e+06   9.011547e+01   0.000000e+00     40s
    2795    3.3014531e+06   3.478116e+02   0.000000e+00     46s
    3150    3.3014531e+06   1.086017e+03   0.000000e+00     52s
    3388    3.3014531e+06   7.087125e+01   0.000000e+00     56s
    3624    3.3014531e+06   8.013848e+01   0.000000e+00     60s
    3977    3.3014531e+06   1.010144e+02   0.000000e+00     66s
    4216    3.3014531e+06   6.545430e+01   0.000000e+00     70s
    4423    3.3014531e+06   0.000000e+00   0.000000e+00     74s

Solved in 4423 iterations and 73.56 seconds (100.08 work units)
Optimal objective  3.301453122e+06
Set parameter TimeLimit to value 6033.07543239044
Set parameter Method to value 1
Gurobi Optimizer version 12.0.3 build v12.0.3rc0 (linux64 - "Ubuntu 24.04.4 LTS")

CPU model: Intel(R) Xeon(R) Gold 5218R CPU @ 2.10GHz, instruction set [SSE2|AVX|AVX2|AVX512]
Thread count: 40 physical cores, 40 logical processors, using up to 1 threads

Non-default parameters:
TimeLimit  6033.07543239044
Method  1
BarHomogeneous  1
Threads  1

Optimize a model with 816 rows, 255135 columns and 7107939 nonzeros
Coefficient statistics:
  Matrix range     [1e+00, 1e+00]
  Objective range  [1e+05, 5e+05]
  Bounds range     [0e+00, 0e+00]
  RHS range        [1e+00, 1e+00]
LP warm-start: use basis

Iteration    Objective       Primal Inf.    Dual Inf.      Time
       0   -1.0893417e+32   2.131675e+34   1.089342e+02      1s
     269   -4.0655140e+30   3.604442e+33   4.065514e+00      5s
     588   -7.4944032e+29   6.839864e+32   7.494403e-01     10s
     945   -1.4188213e+29   3.290109e+32   1.418822e-01     16s
    1183   -2.1351798e+28   3.524580e+32   2.135308e-02     21s
    1536    3.3014527e+06   5.288535e+02   0.000000e+00     26s
    1775    3.3014527e+06   3.541759e+02   0.000000e+00     31s
    2015    3.3014528e+06   7.412498e+02   0.000000e+00     36s
    2251    3.3014528e+06   4.173885e+02   0.000000e+00     41s
    2488    3.3014529e+06   2.453402e+02   0.000000e+00     46s
    2723    3.3014529e+06   5.412938e+02   0.000000e+00     50s
    3080    3.3014529e+06   7.592026e+01   0.000000e+00     57s
    3318    3.3014530e+06   8.867211e+01   0.000000e+00     61s
    3674    3.3014530e+06   3.942880e+01   0.000000e+00     67s
    3911    3.3014530e+06   2.648869e+02   0.000000e+00     71s
    4267    3.3014530e+06   1.003239e+02   0.000000e+00     76s
    4502    3.3014530e+06   2.784466e+01   0.000000e+00     80s
    4861    3.3014530e+06   6.439712e-01   0.000000e+00     87s
    4916    3.3014530e+06   0.000000e+00   0.000000e+00     88s

Solved in 4916 iterations and 87.65 seconds (114.24 work units)
Optimal objective  3.301453018e+06
Set parameter TimeLimit to value 5.9192568996036425e+03
Set parameter Method to value 1
Gurobi Optimizer version 12.0.3 build v12.0.3rc0 (linux64 - "Ubuntu 24.04.4 LTS")

CPU model: Intel(R) Xeon(R) Gold 5218R CPU @ 2.10GHz, instruction set [SSE2|AVX|AVX2|AVX512]
Thread count: 40 physical cores, 40 logical processors, using up to 1 threads

Non-default parameters:
TimeLimit  5.9192568996036425e+03
Method  1
BarHomogeneous  1
Threads  1

Optimize a model with 816 rows, 255165 columns and 7108932 nonzeros
Coefficient statistics:
  Matrix range     [1e+00, 1e+00]
  Objective range  [1e+05, 5e+05]
  Bounds range     [0e+00, 0e+00]
  RHS range        [1e+00, 1e+00]
LP warm-start: use basis

Iteration    Objective       Primal Inf.    Dual Inf.      Time
       0   -1.0095793e+32   3.911401e+34   1.009579e+02      1s
     275   -2.5992912e+28   3.756838e+33   2.599281e-02      5s
     626    3.3014530e+06   5.525150e+01   0.000000e+00     11s
     864    3.3014530e+06   9.691649e+01   0.000000e+00     15s
    1219    3.3014530e+06   3.147171e+01   0.000000e+00     22s
    1454    3.3014530e+06   9.124807e+00   0.000000e+00     26s
    1696    3.3014530e+06   0.000000e+00   0.000000e+00     30s

Solved in 1696 iterations and 29.64 seconds (39.64 work units)
Optimal objective  3.301452997e+06
Set parameter TimeLimit to value 5.8632087050066330e+03
Set parameter Method to value 1
Gurobi Optimizer version 12.0.3 build v12.0.3rc0 (linux64 - "Ubuntu 24.04.4 LTS")

CPU model: Intel(R) Xeon(R) Gold 5218R CPU @ 2.10GHz, instruction set [SSE2|AVX|AVX2|AVX512]
Thread count: 40 physical cores, 40 logical processors, using up to 1 threads

Non-default parameters:
TimeLimit  5.8632087050066330e+03
Method  1
BarHomogeneous  1
Threads  1

Optimize a model with 816 rows, 255195 columns and 7109738 nonzeros
Coefficient statistics:
  Matrix range     [1e+00, 1e+00]
  Objective range  [1e+05, 5e+05]
  Bounds range     [0e+00, 0e+00]
  RHS range        [1e+00, 1e+00]
LP warm-start: use basis

Iteration    Objective       Primal Inf.    Dual Inf.      Time
       0   -1.0224004e+32   2.924473e+34   1.022400e+02      1s
     285    3.3014530e+06   9.640548e+00   0.000000e+00      5s
     586    3.3014530e+06   0.000000e+00   0.000000e+00     11s

Solved in 586 iterations and 10.57 seconds (13.96 work units)
Optimal objective  3.301452997e+06
Set parameter TimeLimit to value 5.8274855286674574e+03
Set parameter Method to value 1
Gurobi Optimizer version 12.0.3 build v12.0.3rc0 (linux64 - "Ubuntu 24.04.4 LTS")

CPU model: Intel(R) Xeon(R) Gold 5218R CPU @ 2.10GHz, instruction set [SSE2|AVX|AVX2|AVX512]
Thread count: 40 physical cores, 40 logical processors, using up to 1 threads

Non-default parameters:
TimeLimit  5.8274855286674574e+03
Method  1
BarHomogeneous  1
Threads  1

Optimize a model with 816 rows, 255225 columns and 7110653 nonzeros
Coefficient statistics:
  Matrix range     [1e+00, 1e+00]
  Objective range  [1e+05, 5e+05]
  Bounds range     [0e+00, 0e+00]
  RHS range        [1e+00, 1e+00]
LP warm-start: use basis

Iteration    Objective       Primal Inf.    Dual Inf.      Time
       0   -8.8961575e+31   2.613831e+34   8.896157e+01      1s
     320   -7.5869937e+28   3.401510e+33   7.586988e-02      6s
     685    3.3014528e+06   5.022713e+02   0.000000e+00     12s
     919    3.3014528e+06   5.143599e+02   0.000000e+00     16s
    1155    3.3014529e+06   8.961512e+02   0.000000e+00     20s
    1504    3.3014529e+06   6.809416e+01   0.000000e+00     26s
    1737    3.3014529e+06   1.754987e+01   0.000000e+00     30s
    2091    3.3014529e+06   2.286471e+01   0.000000e+00     36s
    2324    3.3014529e+06   2.302128e+00   0.000000e+00     40s
    2451    3.3014529e+06   0.000000e+00   0.000000e+00     43s

Solved in 2451 iterations and 42.82 seconds (57.11 work units)
Optimal objective  3.301452922e+06
Set parameter TimeLimit to value 5.7559385313335806e+03
Set parameter Method to value 1
Gurobi Optimizer version 12.0.3 build v12.0.3rc0 (linux64 - "Ubuntu 24.04.4 LTS")

CPU model: Intel(R) Xeon(R) Gold 5218R CPU @ 2.10GHz, instruction set [SSE2|AVX|AVX2|AVX512]
Thread count: 40 physical cores, 40 logical processors, using up to 1 threads

Non-default parameters:
TimeLimit  5.7559385313335806e+03
Method  1
BarHomogeneous  1
Threads  1

Optimize a model with 816 rows, 255255 columns and 7111691 nonzeros
Coefficient statistics:
  Matrix range     [1e+00, 1e+00]
  Objective range  [1e+05, 5e+05]
  Bounds range     [0e+00, 0e+00]
  RHS range        [1e+00, 1e+00]
LP warm-start: use basis

Iteration    Objective       Primal Inf.    Dual Inf.      Time
       0   -9.6237578e+31   4.670998e+34   9.623758e+01      1s
     324   -6.0366720e+29   1.789431e+33   6.036674e-01      5s
     651    1.1061778e+22   2.000000e+30   0.000000e+00     10s
    1003    3.3014528e+06   1.892112e+02   0.000000e+00     17s
    1231    3.3014528e+06   1.616792e+02   0.000000e+00     21s
    1577    3.3014529e+06   4.152862e+01   0.000000e+00     27s
    1808    3.3014529e+06   5.603462e+01   0.000000e+00     31s
    2149    3.3014529e+06   5.494164e+00   0.000000e+00     37s
    2383    3.3014529e+06   2.081025e+01   0.000000e+00     41s
    2538    3.3014529e+06   0.000000e+00   0.000000e+00     44s

Solved in 2538 iterations and 43.54 seconds (59.25 work units)
Optimal objective  3.301452906e+06
Set parameter TimeLimit to value 5.6864609857709147e+03
Set parameter Method to value 1
Gurobi Optimizer version 12.0.3 build v12.0.3rc0 (linux64 - "Ubuntu 24.04.4 LTS")

CPU model: Intel(R) Xeon(R) Gold 5218R CPU @ 2.10GHz, instruction set [SSE2|AVX|AVX2|AVX512]
Thread count: 40 physical cores, 40 logical processors, using up to 1 threads

Non-default parameters:
TimeLimit  5.6864609857709147e+03
Method  1
BarHomogeneous  1
Threads  1

Optimize a model with 816 rows, 255285 columns and 7112568 nonzeros
Coefficient statistics:
  Matrix range     [1e+00, 1e+00]
  Objective range  [1e+05, 5e+05]
  Bounds range     [0e+00, 0e+00]
  RHS range        [1e+00, 1e+00]
LP warm-start: use basis

Iteration    Objective       Primal Inf.    Dual Inf.      Time
       0   -7.3739488e+31   1.099137e+35   7.373949e+01      1s
      56    3.3014529e+06   0.000000e+00   0.000000e+00      1s

Solved in 56 iterations and 1.48 seconds (1.75 work units)
Optimal objective  3.301452906e+06
Set parameter TimeLimit to value 5.6605992637961172e+03
Set parameter Method to value 1
Gurobi Optimizer version 12.0.3 build v12.0.3rc0 (linux64 - "Ubuntu 24.04.4 LTS")

CPU model: Intel(R) Xeon(R) Gold 5218R CPU @ 2.10GHz, instruction set [SSE2|AVX|AVX2|AVX512]
Thread count: 40 physical cores, 40 logical processors, using up to 1 threads

Non-default parameters:
TimeLimit  5.6605992637961172e+03
Method  1
BarHomogeneous  1
Threads  1

Optimize a model with 816 rows, 255315 columns and 7113494 nonzeros
Coefficient statistics:
  Matrix range     [1e+00, 1e+00]
  Objective range  [1e+05, 5e+05]
  Bounds range     [0e+00, 0e+00]
  RHS range        [1e+00, 1e+00]
LP warm-start: use basis

Iteration    Objective       Primal Inf.    Dual Inf.      Time
       0   -6.6487216e+31   3.355015e+34   6.648722e+01      1s
     305   -1.1908593e+29   3.641188e+32   1.190859e-01      6s
     658    3.3014528e+06   5.540976e+02   0.000000e+00     12s
     893    3.3014528e+06   1.350093e+02   0.000000e+00     15s
    1246    3.3014529e+06   3.505051e+01   0.000000e+00     22s
    1478    3.3014529e+06   2.100650e+01   0.000000e+00     26s
    1823    3.3014529e+06   4.283390e+00   0.000000e+00     31s
    1964    3.3014529e+06   0.000000e+00   0.000000e+00     34s

Solved in 1964 iterations and 34.04 seconds (45.93 work units)
Optimal objective  3.301452891e+06
Set parameter TimeLimit to value 5.6009718065839261e+03
Set parameter Method to value 1
Gurobi Optimizer version 12.0.3 build v12.0.3rc0 (linux64 - "Ubuntu 24.04.4 LTS")

CPU model: Intel(R) Xeon(R) Gold 5218R CPU @ 2.10GHz, instruction set [SSE2|AVX|AVX2|AVX512]
Thread count: 40 physical cores, 40 logical processors, using up to 1 threads

Non-default parameters:
TimeLimit  5.6009718065839261e+03
Method  1
BarHomogeneous  1
Threads  1

Optimize a model with 816 rows, 255345 columns and 7114396 nonzeros
Coefficient statistics:
  Matrix range     [1e+00, 1e+00]
  Objective range  [1e+05, 5e+05]
  Bounds range     [0e+00, 0e+00]
  RHS range        [1e+00, 1e+00]
LP warm-start: use basis

Iteration    Objective       Primal Inf.    Dual Inf.      Time
       0   -6.8110340e+31   1.832475e+34   6.811034e+01      1s
     319   -7.2554975e+28   6.018575e+32   7.255498e-02      6s
     684    3.3014528e+06   1.023892e+02   0.000000e+00     12s
     916    3.3014528e+06   1.091425e+02   0.000000e+00     15s
    1270    3.3014528e+06   1.641145e+02   0.000000e+00     21s
    1506    3.3014528e+06   8.449013e+00   0.000000e+00     26s
    1702    3.3014528e+06   0.000000e+00   0.000000e+00     29s

Solved in 1702 iterations and 29.05 seconds (39.31 work units)
Optimal objective  3.301452830e+06
Set parameter TimeLimit to value 5.5465783885032870e+03
Set parameter Method to value 1
Gurobi Optimizer version 12.0.3 build v12.0.3rc0 (linux64 - "Ubuntu 24.04.4 LTS")

CPU model: Intel(R) Xeon(R) Gold 5218R CPU @ 2.10GHz, instruction set [SSE2|AVX|AVX2|AVX512]
Thread count: 40 physical cores, 40 logical processors, using up to 1 threads

Non-default parameters:
TimeLimit  5.5465783885032870e+03
Method  1
BarHomogeneous  1
Threads  1

Optimize a model with 816 rows, 255375 columns and 7115437 nonzeros
Coefficient statistics:
  Matrix range     [1e+00, 1e+00]
  Objective range  [1e+05, 5e+05]
  Bounds range     [0e+00, 0e+00]
  RHS range        [1e+00, 1e+00]
LP warm-start: use basis

Iteration    Objective       Primal Inf.    Dual Inf.      Time
       0   -5.6171079e+31   1.388370e+34   5.617108e+01      1s
     326   -3.3681926e+29   3.689732e+33   3.368192e-01      5s
     603   -1.9526357e+28   3.572259e+32   1.952636e-02     10s
     894    3.3014525e+06   8.391448e+02   0.000000e+00     15s
    1247    3.3014527e+06   1.763579e+02   0.000000e+00     21s
    1481    3.3014527e+06   3.827191e+02   0.000000e+00     26s
    1830    3.3014527e+06   4.266229e+03   0.000000e+00     31s
    2065    3.3014528e+06   4.976849e+01   0.000000e+00     36s
    2414    3.3014528e+06   2.404279e+02   0.000000e+00     42s
    2646    3.3014528e+06   1.175706e+01   0.000000e+00     46s
    2881    3.3014528e+06   1.039744e+00   0.000000e+00     50s
    3050    3.3014528e+06   0.000000e+00   0.000000e+00     53s

Solved in 3050 iterations and 53.19 seconds (71.01 work units)
Optimal objective  3.301452785e+06
Set parameter TimeLimit to value 5.4674384686490521e+03
Set parameter Method to value 1
Gurobi Optimizer version 12.0.3 build v12.0.3rc0 (linux64 - "Ubuntu 24.04.4 LTS")

CPU model: Intel(R) Xeon(R) Gold 5218R CPU @ 2.10GHz, instruction set [SSE2|AVX|AVX2|AVX512]
Thread count: 40 physical cores, 40 logical processors, using up to 1 threads

Non-default parameters:
TimeLimit  5.4674384686490521e+03
Method  1
BarHomogeneous  1
Threads  1

Optimize a model with 816 rows, 255405 columns and 7116341 nonzeros
Coefficient statistics:
  Matrix range     [1e+00, 1e+00]
  Objective range  [1e+05, 5e+05]
  Bounds range     [0e+00, 0e+00]
  RHS range        [1e+00, 1e+00]
LP warm-start: use basis

Iteration    Objective       Primal Inf.    Dual Inf.      Time
       0   -8.1433493e+31   9.178974e+34   8.143349e+01      1s
     275   -1.8016222e+29   1.812822e+33   1.801620e-01      5s
     668    3.3014527e+06   8.838115e+02   0.000000e+00     12s
     903    3.3014527e+06   6.195295e+02   0.000000e+00     16s
    1259    3.3014527e+06   3.467456e+02   0.000000e+00     22s
    1497    3.3014528e+06   2.119685e+02   0.000000e+00     26s
    1731    3.3014528e+06   3.066891e+01   0.000000e+00     31s
    1968    3.3014528e+06   1.218402e+00   0.000000e+00     35s
    2085    3.3014528e+06   0.000000e+00   0.000000e+00     38s

Solved in 2085 iterations and 37.59 seconds (48.38 work units)
Optimal objective  3.301452769e+06
Set parameter TimeLimit to value 5403.56820457289
Set parameter Method to value 1
Gurobi Optimizer version 12.0.3 build v12.0.3rc0 (linux64 - "Ubuntu 24.04.4 LTS")

CPU model: Intel(R) Xeon(R) Gold 5218R CPU @ 2.10GHz, instruction set [SSE2|AVX|AVX2|AVX512]
Thread count: 40 physical cores, 40 logical processors, using up to 1 threads

Non-default parameters:
TimeLimit  5403.56820457289
Method  1
BarHomogeneous  1
Threads  1

Optimize a model with 816 rows, 255435 columns and 7117375 nonzeros
Coefficient statistics:
  Matrix range     [1e+00, 1e+00]
  Objective range  [1e+05, 5e+05]
  Bounds range     [0e+00, 0e+00]
  RHS range        [1e+00, 1e+00]
LP warm-start: use basis

Iteration    Objective       Primal Inf.    Dual Inf.      Time
       0   -7.7368142e+31   4.462732e+34   7.736814e+01      1s
     303    3.3014528e+06   6.474643e+00   0.000000e+00      6s
     451    3.3014528e+06   0.000000e+00   0.000000e+00      8s

Solved in 451 iterations and 8.10 seconds (10.98 work units)
Optimal objective  3.301452769e+06
Set parameter TimeLimit to value 5.3710316850687377e+03
Set parameter Method to value 1
Gurobi Optimizer version 12.0.3 build v12.0.3rc0 (linux64 - "Ubuntu 24.04.4 LTS")

CPU model: Intel(R) Xeon(R) Gold 5218R CPU @ 2.10GHz, instruction set [SSE2|AVX|AVX2|AVX512]
Thread count: 40 physical cores, 40 logical processors, using up to 1 threads

Non-default parameters:
TimeLimit  5.3710316850687377e+03
Method  1
BarHomogeneous  1
Threads  1

Optimize a model with 816 rows, 255465 columns and 7118462 nonzeros
Coefficient statistics:
  Matrix range     [1e+00, 1e+00]
  Objective range  [1e+05, 5e+05]
  Bounds range     [0e+00, 0e+00]
  RHS range        [1e+00, 1e+00]
LP warm-start: use basis

Iteration    Objective       Primal Inf.    Dual Inf.      Time
       0   -5.8766564e+31   3.249031e+34   5.876656e+01      1s
     315   -8.9151745e+29   9.413320e+32   8.915174e-01      5s
     594   -5.6802840e+28   7.032541e+32   5.680282e-02     10s
     875    3.3014526e+06   1.814623e+03   0.000000e+00     15s
    1231    3.3014527e+06   8.361177e+01   0.000000e+00     21s
    1466    3.3014527e+06   1.928657e+02   0.000000e+00     25s
    1818    3.3014527e+06   7.785591e+01   0.000000e+00     31s
    2054    3.3014527e+06   7.447650e+01   0.000000e+00     36s
    2406    3.3014527e+06   8.802645e+00   0.000000e+00     42s
    2639    3.3014527e+06   1.152983e+02   0.000000e+00     46s
    2997    3.3014527e+06   1.048413e-02   0.000000e+00     52s
    3012    3.3014527e+06   0.000000e+00   0.000000e+00     52s

Solved in 3012 iterations and 52.13 seconds (70.51 work units)
Optimal objective  3.301452719e+06
Set parameter TimeLimit to value 5292.85968838539
Set parameter Method to value 1
Gurobi Optimizer version 12.0.3 build v12.0.3rc0 (linux64 - "Ubuntu 24.04.4 LTS")

CPU model: Intel(R) Xeon(R) Gold 5218R CPU @ 2.10GHz, instruction set [SSE2|AVX|AVX2|AVX512]
Thread count: 40 physical cores, 40 logical processors, using up to 1 threads

Non-default parameters:
TimeLimit  5292.85968838539
Method  1
BarHomogeneous  1
Threads  1

Optimize a model with 816 rows, 255495 columns and 7119516 nonzeros
Coefficient statistics:
  Matrix range     [1e+00, 1e+00]
  Objective range  [1e+05, 5e+05]
  Bounds range     [0e+00, 0e+00]
  RHS range        [1e+00, 1e+00]
LP warm-start: use basis

Iteration    Objective       Primal Inf.    Dual Inf.      Time
       0   -6.0747774e+31   1.916735e+35   6.074778e+01      1s
     310   -5.4159927e+29   7.579044e+32   5.415993e-01      6s
     588   -7.3598748e+28   4.733565e+33   7.359891e-02     10s
     902    3.3014526e+06   6.007104e+02   0.000000e+00     16s
    1136    3.3014526e+06   1.433294e+02   0.000000e+00     21s
    1373    3.3014527e+06   1.395525e+02   0.000000e+00     25s
    1729    3.3014527e+06   9.418347e+02   0.000000e+00     31s
    2083    3.3014527e+06   1.278281e+02   0.000000e+00     37s
    2319    3.3014527e+06   5.676572e+01   0.000000e+00     40s
    2673    3.3014527e+06   5.637069e-01   0.000000e+00     46s
    2770    3.3014527e+06   0.000000e+00   0.000000e+00     48s

Solved in 2770 iterations and 47.99 seconds (64.43 work units)
Optimal objective  3.301452707e+06
Set parameter TimeLimit to value 5.2188169984132983e+03
Set parameter Method to value 1
Gurobi Optimizer version 12.0.3 build v12.0.3rc0 (linux64 - "Ubuntu 24.04.4 LTS")

CPU model: Intel(R) Xeon(R) Gold 5218R CPU @ 2.10GHz, instruction set [SSE2|AVX|AVX2|AVX512]
Thread count: 40 physical cores, 40 logical processors, using up to 1 threads

Non-default parameters:
TimeLimit  5.2188169984132983e+03
Method  1
BarHomogeneous  1
Threads  1

Optimize a model with 816 rows, 255525 columns and 7120482 nonzeros
Coefficient statistics:
  Matrix range     [1e+00, 1e+00]
  Objective range  [1e+05, 5e+05]
  Bounds range     [0e+00, 0e+00]
  RHS range        [1e+00, 1e+00]
LP warm-start: use basis

Iteration    Objective       Primal Inf.    Dual Inf.      Time
       0   -6.4052487e+31   4.065491e+34   6.405249e+01      1s
     320   -2.5248808e+29   8.877088e+32   2.524881e-01      5s
     675    3.3014526e+06   6.292252e+02   0.000000e+00     12s
     909    3.3014527e+06   4.350069e+02   0.000000e+00     16s
    1262    3.3014527e+06   1.757560e+02   0.000000e+00     22s
    1496    3.3014527e+06   2.562784e+01   0.000000e+00     26s
    1846    3.3014527e+06   1.822960e+00   0.000000e+00     32s
    2084    3.3014527e+06   1.457173e-02   0.000000e+00     36s
    2102    3.3014527e+06   0.000000e+00   0.000000e+00     37s

Solved in 2102 iterations and 36.57 seconds (48.95 work units)
Optimal objective  3.301452703e+06
Set parameter TimeLimit to value 5.1563829854354262e+03
Set parameter Method to value 1
Gurobi Optimizer version 12.0.3 build v12.0.3rc0 (linux64 - "Ubuntu 24.04.4 LTS")

CPU model: Intel(R) Xeon(R) Gold 5218R CPU @ 2.10GHz, instruction set [SSE2|AVX|AVX2|AVX512]
Thread count: 40 physical cores, 40 logical processors, using up to 1 threads

Non-default parameters:
TimeLimit  5.1563829854354262e+03
Method  1
BarHomogeneous  1
Threads  1

Optimize a model with 816 rows, 255555 columns and 7121461 nonzeros
Coefficient statistics:
  Matrix range     [1e+00, 1e+00]
  Objective range  [1e+05, 5e+05]
  Bounds range     [0e+00, 0e+00]
  RHS range        [1e+00, 1e+00]
LP warm-start: use basis

Iteration    Objective       Primal Inf.    Dual Inf.      Time
       0   -5.3392733e+31   2.433447e+34   5.339273e+01      1s
     388    3.3014527e+06   2.377459e+02   0.000000e+00      7s
     624    3.3014527e+06   1.167883e+02   0.000000e+00     11s
     980    3.3014527e+06   3.976964e+00   0.000000e+00     17s
    1139    3.3014527e+06   0.000000e+00   0.000000e+00     20s

Solved in 1139 iterations and 19.90 seconds (26.53 work units)
Optimal objective  3.301452696e+06
Set parameter TimeLimit to value 5109.264288045
Set parameter Method to value 1
Gurobi Optimizer version 12.0.3 build v12.0.3rc0 (linux64 - "Ubuntu 24.04.4 LTS")

CPU model: Intel(R) Xeon(R) Gold 5218R CPU @ 2.10GHz, instruction set [SSE2|AVX|AVX2|AVX512]
Thread count: 40 physical cores, 40 logical processors, using up to 1 threads

Non-default parameters:
TimeLimit  5109.264288045
Method  1
BarHomogeneous  1
Threads  1

Optimize a model with 816 rows, 255585 columns and 7122442 nonzeros
Coefficient statistics:
  Matrix range     [1e+00, 1e+00]
  Objective range  [1e+05, 5e+05]
  Bounds range     [0e+00, 0e+00]
  RHS range        [1e+00, 1e+00]
LP warm-start: use basis

Iteration    Objective       Primal Inf.    Dual Inf.      Time
       0   -4.3628845e+31   1.717237e+34   4.362885e+01      1s
     278   -3.5993101e+29   1.380911e+33   3.599310e-01      5s
     657    3.3014525e+06   5.135660e+02   0.000000e+00     12s
     890    3.3014525e+06   3.622055e+02   0.000000e+00     16s
    1241    3.3014526e+06   5.888063e+01   0.000000e+00     21s
    1474    3.3014526e+06   2.086359e+02   0.000000e+00     25s
    1832    3.3014526e+06   1.398078e+02   0.000000e+00     31s
    2069    3.3014526e+06   1.061112e+01   0.000000e+00     35s
    2428    3.3014526e+06   1.023722e+01   0.000000e+00     41s
    2644    3.3014526e+06   0.000000e+00   0.000000e+00     45s

Solved in 2644 iterations and 45.46 seconds (61.47 work units)
Optimal objective  3.301452634e+06
Set parameter TimeLimit to value 5.0374786024629138e+03
Set parameter Method to value 1
Gurobi Optimizer version 12.0.3 build v12.0.3rc0 (linux64 - "Ubuntu 24.04.4 LTS")

CPU model: Intel(R) Xeon(R) Gold 5218R CPU @ 2.10GHz, instruction set [SSE2|AVX|AVX2|AVX512]
Thread count: 40 physical cores, 40 logical processors, using up to 1 threads

Non-default parameters:
TimeLimit  5.0374786024629138e+03
Method  1
BarHomogeneous  1
Threads  1

Optimize a model with 816 rows, 255615 columns and 7123562 nonzeros
Coefficient statistics:
  Matrix range     [1e+00, 1e+00]
  Objective range  [1e+05, 5e+05]
  Bounds range     [0e+00, 0e+00]
  RHS range        [1e+00, 1e+00]
LP warm-start: use basis

Iteration    Objective       Primal Inf.    Dual Inf.      Time
       0   -6.8148100e+31   6.198920e+34   6.814810e+01      1s
     324   -1.3073443e+30   3.607521e+33   1.307344e+00      6s
     642   -2.4376398e+29   1.228742e+33   2.437640e-01     11s
     959   -1.4366700e+28   4.615866e+32   1.436667e-02     16s
    1199    3.3014523e+06   7.716905e+02   0.000000e+00     20s
    1554    3.3014524e+06   1.758325e+03   0.000000e+00     26s
    1794    3.3014525e+06   1.550961e+02   0.000000e+00     31s
    2147    3.3014525e+06   1.577368e+02   0.000000e+00     37s
    2382    3.3014525e+06   1.843170e+02   0.000000e+00     41s
    2739    3.3014525e+06   3.995021e+01   0.000000e+00     47s
    2973    3.3014525e+06   4.763141e+02   0.000000e+00     51s
    3329    3.3014526e+06   8.322880e+01   0.000000e+00     57s
    3567    3.3014526e+06   1.001320e+01   0.000000e+00     61s
    3803    3.3014526e+06   2.680642e+00   0.000000e+00     65s
    3959    3.3014526e+06   0.000000e+00   0.000000e+00     68s

Solved in 3959 iterations and 68.07 seconds (91.45 work units)
Optimal objective  3.301452557e+06
Set parameter TimeLimit to value 4.9432309533008374e+03
Set parameter Method to value 1
Gurobi Optimizer version 12.0.3 build v12.0.3rc0 (linux64 - "Ubuntu 24.04.4 LTS")

CPU model: Intel(R) Xeon(R) Gold 5218R CPU @ 2.10GHz, instruction set [SSE2|AVX|AVX2|AVX512]
Thread count: 40 physical cores, 40 logical processors, using up to 1 threads

Non-default parameters:
TimeLimit  4.9432309533008374e+03
Method  1
BarHomogeneous  1
Threads  1

Optimize a model with 816 rows, 255645 columns and 7124372 nonzeros
Coefficient statistics:
  Matrix range     [1e+00, 1e+00]
  Objective range  [1e+05, 5e+05]
  Bounds range     [0e+00, 0e+00]
  RHS range        [1e+00, 1e+00]
LP warm-start: use basis

Iteration    Objective       Primal Inf.    Dual Inf.      Time
       0   -5.4059250e+31   1.608605e+34   5.405925e+01      1s
     324   -5.4118523e+29   1.264105e+33   5.411853e-01      5s
     602   -3.0004147e+28   5.006813e+32   3.000413e-02     10s
     925    3.3014524e+06   3.008889e+02   0.000000e+00     17s
    1159    3.3014525e+06   1.062697e+02   0.000000e+00     22s
    1396    3.3014525e+06   7.897168e+02   0.000000e+00     26s
    1631    3.3014525e+06   1.573356e+02   0.000000e+00     30s
    1987    3.3014525e+06   6.831101e+01   0.000000e+00     36s
    2341    3.3014525e+06   3.204637e+01   0.000000e+00     42s
    2575    3.3014525e+06   7.513056e+00   0.000000e+00     46s
    2928    3.3014525e+06   7.046483e-01   0.000000e+00     52s
    3058    3.3014525e+06   0.000000e+00   0.000000e+00     54s

Solved in 3058 iterations and 53.98 seconds (70.84 work units)
Optimal objective  3.301452522e+06
Set parameter TimeLimit to value 4.8631339609012939e+03
Set parameter Method to value 1
Gurobi Optimizer version 12.0.3 build v12.0.3rc0 (linux64 - "Ubuntu 24.04.4 LTS")

CPU model: Intel(R) Xeon(R) Gold 5218R CPU @ 2.10GHz, instruction set [SSE2|AVX|AVX2|AVX512]
Thread count: 40 physical cores, 40 logical processors, using up to 1 threads

Non-default parameters:
TimeLimit  4.8631339609012939e+03
Method  1
BarHomogeneous  1
Threads  1

Optimize a model with 816 rows, 255675 columns and 7125277 nonzeros
Coefficient statistics:
  Matrix range     [1e+00, 1e+00]
  Objective range  [1e+05, 5e+05]
  Bounds range     [0e+00, 0e+00]
  RHS range        [1e+00, 1e+00]
LP warm-start: use basis

Iteration    Objective       Primal Inf.    Dual Inf.      Time
       0   -4.8555410e+31   6.175464e+34   4.855541e+01      1s
     325   -1.4606552e+30   9.020913e+32   1.460655e+00      5s
     603   -3.4422885e+29   1.354445e+33   3.442289e-01     10s
     960   -1.4241565e+28   5.805610e+32   1.424157e-02     16s
    1211    3.3014523e+06   4.955790e+02   0.000000e+00     20s
    1566    3.3014524e+06   4.399831e+02   0.000000e+00     26s
    1803    3.3014524e+06   1.946913e+03   0.000000e+00     30s
    2157    3.3014525e+06   1.109448e+02   0.000000e+00     36s
    2391    3.3014525e+06   4.620884e+01   0.000000e+00     40s
    2749    3.3014525e+06   3.807487e+01   0.000000e+00     46s
    2987    3.3014525e+06   1.644697e+02   0.000000e+00     50s
    3344    3.3014525e+06   1.594060e+01   0.000000e+00     56s
    3623    3.3014525e+06   0.000000e+00   0.000000e+00     61s

Solved in 3623 iterations and 60.88 seconds (83.92 work units)
Optimal objective  3.301452502e+06
Set parameter TimeLimit to value 4.7764681184585206e+03
Set parameter Method to value 1
Gurobi Optimizer version 12.0.3 build v12.0.3rc0 (linux64 - "Ubuntu 24.04.4 LTS")

CPU model: Intel(R) Xeon(R) Gold 5218R CPU @ 2.10GHz, instruction set [SSE2|AVX|AVX2|AVX512]
Thread count: 40 physical cores, 40 logical processors, using up to 1 threads

Non-default parameters:
TimeLimit  4.7764681184585206e+03
Method  1
BarHomogeneous  1
Threads  1

Optimize a model with 816 rows, 255705 columns and 7126147 nonzeros
Coefficient statistics:
  Matrix range     [1e+00, 1e+00]
  Objective range  [1e+05, 5e+05]
  Bounds range     [0e+00, 0e+00]
  RHS range        [1e+00, 1e+00]
LP warm-start: use basis

Iteration    Objective       Primal Inf.    Dual Inf.      Time
       0   -6.0874323e+31   1.488134e+35   6.087433e+01      1s
     321   -6.5595883e+29   2.044411e+33   6.559589e-01      5s
     600   -7.9625051e+28   2.301737e+32   7.962505e-02     10s
     875    3.3014523e+06   5.811923e+02   0.000000e+00     16s
    1112    3.3014524e+06   3.261411e+02   0.000000e+00     20s
    1348    3.3014524e+06   2.136819e+02   0.000000e+00     25s
    1702    3.3014524e+06   4.989826e+02   0.000000e+00     31s
    2059    3.3014524e+06   7.316818e+01   0.000000e+00     37s
    2296    3.3014524e+06   6.618194e+01   0.000000e+00     41s
    2648    3.3014525e+06   2.409192e+01   0.000000e+00     47s
    2885    3.3014525e+06   1.763092e+01   0.000000e+00     51s
    3240    3.3014525e+06   2.524559e+00   0.000000e+00     56s
    3348    3.3014525e+06   0.000000e+00   0.000000e+00     58s

Solved in 3348 iterations and 58.34 seconds (77.14 work units)
Optimal objective  3.301452461e+06
Set parameter TimeLimit to value 4.6924482065965421e+03
Set parameter Method to value 1
Gurobi Optimizer version 12.0.3 build v12.0.3rc0 (linux64 - "Ubuntu 24.04.4 LTS")

CPU model: Intel(R) Xeon(R) Gold 5218R CPU @ 2.10GHz, instruction set [SSE2|AVX|AVX2|AVX512]
Thread count: 40 physical cores, 40 logical processors, using up to 1 threads

Non-default parameters:
TimeLimit  4.6924482065965421e+03
Method  1
BarHomogeneous  1
Threads  1

Optimize a model with 816 rows, 255735 columns and 7127207 nonzeros
Coefficient statistics:
  Matrix range     [1e+00, 1e+00]
  Objective range  [1e+05, 5e+05]
  Bounds range     [0e+00, 0e+00]
  RHS range        [1e+00, 1e+00]
LP warm-start: use basis

Iteration    Objective       Primal Inf.    Dual Inf.      Time
       0   -3.7383277e+31   5.806279e+34   3.738328e+01      1s
     160    3.3014525e+06   0.000000e+00   0.000000e+00      3s

Solved in 160 iterations and 3.34 seconds (4.18 work units)
Optimal objective  3.301452461e+06
Set parameter TimeLimit to value 4.6676547547234222e+03
Set parameter Method to value 1
Gurobi Optimizer version 12.0.3 build v12.0.3rc0 (linux64 - "Ubuntu 24.04.4 LTS")

CPU model: Intel(R) Xeon(R) Gold 5218R CPU @ 2.10GHz, instruction set [SSE2|AVX|AVX2|AVX512]
Thread count: 40 physical cores, 40 logical processors, using up to 1 threads

Non-default parameters:
TimeLimit  4.6676547547234222e+03
Method  1
BarHomogeneous  1
Threads  1

Optimize a model with 816 rows, 255765 columns and 7128291 nonzeros
Coefficient statistics:
  Matrix range     [1e+00, 1e+00]
  Objective range  [1e+05, 5e+05]
  Bounds range     [0e+00, 0e+00]
  RHS range        [1e+00, 1e+00]
LP warm-start: use basis

Iteration    Objective       Primal Inf.    Dual Inf.      Time
       0   -3.2760468e+31   1.065961e+35   3.276047e+01      1s
     321   -4.5951003e+29   7.404841e+32   4.595100e-01      6s
     633    3.3014522e+06   5.036389e+02   0.000000e+00     11s
     983    3.3014524e+06   1.102596e+02   0.000000e+00     17s
    1219    3.3014524e+06   1.148334e+02   0.000000e+00     21s
    1570    3.3014524e+06   1.044137e+02   0.000000e+00     27s
    1809    3.3014524e+06   1.028836e+02   0.000000e+00     30s
    2165    3.3014524e+06   2.787402e+01   0.000000e+00     37s
    2404    3.3014524e+06   7.857849e+00   0.000000e+00     41s
    2687    3.3014524e+06   0.000000e+00   0.000000e+00     46s

Solved in 2687 iterations and 45.51 seconds (62.31 work units)
Optimal objective  3.301452418e+06
Set parameter TimeLimit to value 4.5961068159751594e+03
Set parameter Method to value 1
Gurobi Optimizer version 12.0.3 build v12.0.3rc0 (linux64 - "Ubuntu 24.04.4 LTS")

CPU model: Intel(R) Xeon(R) Gold 5218R CPU @ 2.10GHz, instruction set [SSE2|AVX|AVX2|AVX512]
Thread count: 40 physical cores, 40 logical processors, using up to 1 threads

Non-default parameters:
TimeLimit  4.5961068159751594e+03
Method  1
BarHomogeneous  1
Threads  1

Optimize a model with 816 rows, 255795 columns and 7129181 nonzeros
Coefficient statistics:
  Matrix range     [1e+00, 1e+00]
  Objective range  [1e+05, 5e+05]
  Bounds range     [0e+00, 0e+00]
  RHS range        [1e+00, 1e+00]
LP warm-start: use basis

Iteration    Objective       Primal Inf.    Dual Inf.      Time
       0   -5.4704809e+31   5.347498e+34   5.470481e+01      1s
      80    3.3014524e+06   0.000000e+00   0.000000e+00      2s

Solved in 80 iterations and 1.92 seconds (2.31 work units)
Optimal objective  3.301452418e+06
Set parameter TimeLimit to value 4.5702438259567134e+03
Set parameter Method to value 1
Gurobi Optimizer version 12.0.3 build v12.0.3rc0 (linux64 - "Ubuntu 24.04.4 LTS")

CPU model: Intel(R) Xeon(R) Gold 5218R CPU @ 2.10GHz, instruction set [SSE2|AVX|AVX2|AVX512]
Thread count: 40 physical cores, 40 logical processors, using up to 1 threads

Non-default parameters:
TimeLimit  4.5702438259567134e+03
Method  1
BarHomogeneous  1
Threads  1

Optimize a model with 816 rows, 255825 columns and 7130072 nonzeros
Coefficient statistics:
  Matrix range     [1e+00, 1e+00]
  Objective range  [1e+05, 5e+05]
  Bounds range     [0e+00, 0e+00]
  RHS range        [1e+00, 1e+00]
LP warm-start: use basis

Iteration    Objective       Primal Inf.    Dual Inf.      Time
       0   -4.6733008e+31   2.773936e+34   4.673301e+01      1s
     251    3.3014524e+06   0.000000e+00   0.000000e+00      5s

Solved in 251 iterations and 4.68 seconds (6.02 work units)
Optimal objective  3.301452418e+06
Set parameter TimeLimit to value 4.5423982962719165e+03
Set parameter Method to value 1
Gurobi Optimizer version 12.0.3 build v12.0.3rc0 (linux64 - "Ubuntu 24.04.4 LTS")

CPU model: Intel(R) Xeon(R) Gold 5218R CPU @ 2.10GHz, instruction set [SSE2|AVX|AVX2|AVX512]
Thread count: 40 physical cores, 40 logical processors, using up to 1 threads

Non-default parameters:
TimeLimit  4.5423982962719165e+03
Method  1
BarHomogeneous  1
Threads  1

Optimize a model with 816 rows, 255855 columns and 7130997 nonzeros
Coefficient statistics:
  Matrix range     [1e+00, 1e+00]
  Objective range  [1e+05, 5e+05]
  Bounds range     [0e+00, 0e+00]
  RHS range        [1e+00, 1e+00]
LP warm-start: use basis

Iteration    Objective       Primal Inf.    Dual Inf.      Time
       0   -4.1076963e+31   2.891295e+34   4.107696e+01      1s
     310   -2.8822624e+29   1.678377e+33   2.882262e-01      6s
     627    3.3014523e+06   1.132942e+03   0.000000e+00     11s
     859    3.3014523e+06   2.368424e+02   0.000000e+00     15s
    1216    3.3014524e+06   1.269576e+02   0.000000e+00     22s
    1450    3.3014524e+06   1.397277e+02   0.000000e+00     26s
    1803    3.3014524e+06   1.476118e+02   0.000000e+00     31s
    2038    3.3014524e+06   3.296104e+01   0.000000e+00     35s
    2396    3.3014524e+06   1.623865e-02   0.000000e+00     41s
    2415    3.3014524e+06   0.000000e+00   0.000000e+00     42s

Solved in 2415 iterations and 41.71 seconds (55.91 work units)
Optimal objective  3.301452400e+06
Set parameter TimeLimit to value 4.4748018726166338e+03
Set parameter Method to value 1
Gurobi Optimizer version 12.0.3 build v12.0.3rc0 (linux64 - "Ubuntu 24.04.4 LTS")

CPU model: Intel(R) Xeon(R) Gold 5218R CPU @ 2.10GHz, instruction set [SSE2|AVX|AVX2|AVX512]
Thread count: 40 physical cores, 40 logical processors, using up to 1 threads

Non-default parameters:
TimeLimit  4.4748018726166338e+03
Method  1
BarHomogeneous  1
Threads  1

Optimize a model with 816 rows, 255885 columns and 7132076 nonzeros
Coefficient statistics:
  Matrix range     [1e+00, 1e+00]
  Objective range  [1e+05, 5e+05]
  Bounds range     [0e+00, 0e+00]
  RHS range        [1e+00, 1e+00]
LP warm-start: use basis

Iteration    Objective       Primal Inf.    Dual Inf.      Time
       0   -5.1500911e+31   3.607029e+34   5.150091e+01      1s
     225    3.3014524e+06   0.000000e+00   0.000000e+00      4s

Solved in 225 iterations and 4.34 seconds (5.63 work units)
Optimal objective  3.301452400e+06
Set parameter TimeLimit to value 4.4461040030303411e+03
Set parameter Method to value 1
Gurobi Optimizer version 12.0.3 build v12.0.3rc0 (linux64 - "Ubuntu 24.04.4 LTS")

CPU model: Intel(R) Xeon(R) Gold 5218R CPU @ 2.10GHz, instruction set [SSE2|AVX|AVX2|AVX512]
Thread count: 40 physical cores, 40 logical processors, using up to 1 threads

Non-default parameters:
TimeLimit  4.4461040030303411e+03
Method  1
BarHomogeneous  1
Threads  1

Optimize a model with 816 rows, 255915 columns and 7133113 nonzeros
Coefficient statistics:
  Matrix range     [1e+00, 1e+00]
  Objective range  [1e+05, 5e+05]
  Bounds range     [0e+00, 0e+00]
  RHS range        [1e+00, 1e+00]
LP warm-start: use basis

Iteration    Objective       Primal Inf.    Dual Inf.      Time
       0   -4.3465124e+31   3.869895e+34   4.346512e+01      1s
     310   -2.1138467e+28   4.588695e+32   2.113848e-02      5s
     644    3.3014524e+06   1.607117e+02   0.000000e+00     11s
     997    3.3014524e+06   2.820324e+02   0.000000e+00     17s
    1233    3.3014524e+06   7.649670e+00   0.000000e+00     21s
    1583    3.3014524e+06   5.447477e-01   0.000000e+00     27s
    1674    3.3014524e+06   0.000000e+00   0.000000e+00     28s

Solved in 1674 iterations and 28.27 seconds (39.37 work units)
Optimal objective  3.301452396e+06
Set parameter TimeLimit to value 4.3922709913472645e+03
Set parameter Method to value 1
Gurobi Optimizer version 12.0.3 build v12.0.3rc0 (linux64 - "Ubuntu 24.04.4 LTS")

CPU model: Intel(R) Xeon(R) Gold 5218R CPU @ 2.10GHz, instruction set [SSE2|AVX|AVX2|AVX512]
Thread count: 40 physical cores, 40 logical processors, using up to 1 threads

Non-default parameters:
TimeLimit  4.3922709913472645e+03
Method  1
BarHomogeneous  1
Threads  1

Optimize a model with 816 rows, 255945 columns and 7134228 nonzeros
Coefficient statistics:
  Matrix range     [1e+00, 1e+00]
  Objective range  [1e+05, 5e+05]
  Bounds range     [0e+00, 0e+00]
  RHS range        [1e+00, 1e+00]
LP warm-start: use basis

Iteration    Objective       Primal Inf.    Dual Inf.      Time
       0   -3.5988939e+31   2.152027e+34   3.598894e+01      1s
     351    3.3014523e+06   9.847929e+02   0.000000e+00      6s
     697    3.3014524e+06   6.194442e+01   0.000000e+00     12s
     930    3.3014524e+06   1.057859e+02   0.000000e+00     15s
    1288    3.3014524e+06   6.148220e-01   0.000000e+00     21s
    1456    3.3014524e+06   0.000000e+00   0.000000e+00     24s

Solved in 1456 iterations and 24.25 seconds (33.90 work units)
Optimal objective  3.301452393e+06
Set parameter TimeLimit to value 4.3445069355033338e+03
Set parameter Method to value 1
Gurobi Optimizer version 12.0.3 build v12.0.3rc0 (linux64 - "Ubuntu 24.04.4 LTS")

CPU model: Intel(R) Xeon(R) Gold 5218R CPU @ 2.10GHz, instruction set [SSE2|AVX|AVX2|AVX512]
Thread count: 40 physical cores, 40 logical processors, using up to 1 threads

Non-default parameters:
TimeLimit  4.3445069355033338e+03
Method  1
BarHomogeneous  1
Threads  1

Optimize a model with 816 rows, 255975 columns and 7135405 nonzeros
Coefficient statistics:
  Matrix range     [1e+00, 1e+00]
  Objective range  [1e+05, 5e+05]
  Bounds range     [0e+00, 0e+00]
  RHS range        [1e+00, 1e+00]
LP warm-start: use basis

Iteration    Objective       Primal Inf.    Dual Inf.      Time
       0   -3.3758462e+31   4.731770e+34   3.375846e+01      1s
     315   -9.1290206e+27   3.598990e+32   9.129016e-03      5s
     596    3.3014524e+06   2.726718e+02   0.000000e+00     10s
     950    3.3014524e+06   3.159403e+01   0.000000e+00     16s
    1185    3.3014524e+06   2.580354e+01   0.000000e+00     20s
    1417    3.3014524e+06   0.000000e+00   0.000000e+00     24s

Solved in 1417 iterations and 24.15 seconds (33.22 work units)
Optimal objective  3.301452385e+06
Set parameter TimeLimit to value 4.2950835396456532e+03
Set parameter Method to value 1
Gurobi Optimizer version 12.0.3 build v12.0.3rc0 (linux64 - "Ubuntu 24.04.4 LTS")

CPU model: Intel(R) Xeon(R) Gold 5218R CPU @ 2.10GHz, instruction set [SSE2|AVX|AVX2|AVX512]
Thread count: 40 physical cores, 40 logical processors, using up to 1 threads

Non-default parameters:
TimeLimit  4.2950835396456532e+03
Method  1
BarHomogeneous  1
Threads  1

Optimize a model with 816 rows, 256005 columns and 7136532 nonzeros
Coefficient statistics:
  Matrix range     [1e+00, 1e+00]
  Objective range  [1e+05, 5e+05]
  Bounds range     [0e+00, 0e+00]
  RHS range        [1e+00, 1e+00]
LP warm-start: use basis

Iteration    Objective       Primal Inf.    Dual Inf.      Time
       0   -5.9591262e+31   4.290850e+34   5.959126e+01      1s
     324   -3.0321839e+27   2.800132e+32   3.032187e-03      5s
     675    3.3014524e+06   3.450988e+01   0.000000e+00     11s
     912    3.3014524e+06   2.637864e+01   0.000000e+00     15s
    1271    3.3014524e+06   1.500466e+00   0.000000e+00     21s
    1374    3.3014524e+06   0.000000e+00   0.000000e+00     23s

Solved in 1374 iterations and 23.25 seconds (31.87 work units)
Optimal objective  3.301452372e+06
Set parameter TimeLimit to value 4.2451146612837911e+03
Set parameter Method to value 1
Gurobi Optimizer version 12.0.3 build v12.0.3rc0 (linux64 - "Ubuntu 24.04.4 LTS")

CPU model: Intel(R) Xeon(R) Gold 5218R CPU @ 2.10GHz, instruction set [SSE2|AVX|AVX2|AVX512]
Thread count: 40 physical cores, 40 logical processors, using up to 1 threads

Non-default parameters:
TimeLimit  4.2451146612837911e+03
Method  1
BarHomogeneous  1
Threads  1

Optimize a model with 816 rows, 256035 columns and 7137603 nonzeros
Coefficient statistics:
  Matrix range     [1e+00, 1e+00]
  Objective range  [1e+05, 5e+05]
  Bounds range     [0e+00, 0e+00]
  RHS range        [1e+00, 1e+00]
LP warm-start: use basis

Iteration    Objective       Primal Inf.    Dual Inf.      Time
       0   -4.2357396e+31   1.742430e+34   4.235739e+01      1s
     270    3.3014524e+06   0.000000e+00   0.000000e+00      5s

Solved in 270 iterations and 5.03 seconds (6.54 work units)
Optimal objective  3.301452372e+06
Set parameter TimeLimit to value 4.2189265440362506e+03
Set parameter Method to value 1
Gurobi Optimizer version 12.0.3 build v12.0.3rc0 (linux64 - "Ubuntu 24.04.4 LTS")

CPU model: Intel(R) Xeon(R) Gold 5218R CPU @ 2.10GHz, instruction set [SSE2|AVX|AVX2|AVX512]
Thread count: 40 physical cores, 40 logical processors, using up to 1 threads

Non-default parameters:
TimeLimit  4.2189265440362506e+03
Method  1
BarHomogeneous  1
Threads  1

Optimize a model with 816 rows, 256065 columns and 7138788 nonzeros
Coefficient statistics:
  Matrix range     [1e+00, 1e+00]
  Objective range  [1e+05, 5e+05]
  Bounds range     [0e+00, 0e+00]
  RHS range        [1e+00, 1e+00]
LP warm-start: use basis

Iteration    Objective       Primal Inf.    Dual Inf.      Time
       0   -3.3786275e+31   5.235245e+33   3.378627e+01      1s
     314   -5.0505619e+28   1.164123e+33   5.050558e-02      5s
     710    3.3014523e+06   8.755687e+02   0.000000e+00     12s
     950    3.3014523e+06   3.666505e+01   0.000000e+00     16s
    1304    3.3014523e+06   1.278310e+02   0.000000e+00     22s
    1542    3.3014523e+06   5.832189e+01   0.000000e+00     26s
    1900    3.3014523e+06   8.580174e+01   0.000000e+00     32s
    2071    3.3014523e+06   0.000000e+00   0.000000e+00     35s

Solved in 2071 iterations and 34.77 seconds (48.37 work units)
Optimal objective  3.301452327e+06
Set parameter TimeLimit to value 4.1590640900717117e+03
Set parameter Method to value 1
Gurobi Optimizer version 12.0.3 build v12.0.3rc0 (linux64 - "Ubuntu 24.04.4 LTS")

CPU model: Intel(R) Xeon(R) Gold 5218R CPU @ 2.10GHz, instruction set [SSE2|AVX|AVX2|AVX512]
Thread count: 40 physical cores, 40 logical processors, using up to 1 threads

Non-default parameters:
TimeLimit  4.1590640900717117e+03
Method  1
BarHomogeneous  1
Threads  1

Optimize a model with 816 rows, 256095 columns and 7139719 nonzeros
Coefficient statistics:
  Matrix range     [1e+00, 1e+00]
  Objective range  [1e+05, 5e+05]
  Bounds range     [0e+00, 0e+00]
  RHS range        [1e+00, 1e+00]
LP warm-start: use basis

Iteration    Objective       Primal Inf.    Dual Inf.      Time
       0   -4.3841243e+31   1.329225e+34   4.384124e+01      1s
     270   -4.6756444e+29   2.628773e+33   4.675644e-01      6s
     546    3.3014521e+06   4.546097e+02   0.000000e+00     11s
     902    3.3014522e+06   1.125835e+03   0.000000e+00     17s
    1140    3.3014522e+06   5.978984e+02   0.000000e+00     21s
    1499    3.3014523e+06   2.323651e+02   0.000000e+00     27s
    1734    3.3014523e+06   5.024093e+01   0.000000e+00     31s
    2094    3.3014523e+06   2.870300e+01   0.000000e+00     37s
    2329    3.3014523e+06   1.019219e+01   0.000000e+00     41s
    2687    3.3014523e+06   5.989195e+01   0.000000e+00     47s
    2926    3.3014523e+06   1.527395e+00   0.000000e+00     51s
    3014    3.3014523e+06   0.000000e+00   0.000000e+00     53s

Solved in 3014 iterations and 52.53 seconds (70.45 work units)
Optimal objective  3.301452313e+06
Set parameter TimeLimit to value 4.0796663039708510e+03
Set parameter Method to value 1
Gurobi Optimizer version 12.0.3 build v12.0.3rc0 (linux64 - "Ubuntu 24.04.4 LTS")

CPU model: Intel(R) Xeon(R) Gold 5218R CPU @ 2.10GHz, instruction set [SSE2|AVX|AVX2|AVX512]
Thread count: 40 physical cores, 40 logical processors, using up to 1 threads

Non-default parameters:
TimeLimit  4.0796663039708510e+03
Method  1
BarHomogeneous  1
Threads  1

Optimize a model with 816 rows, 256125 columns and 7140833 nonzeros
Coefficient statistics:
  Matrix range     [1e+00, 1e+00]
  Objective range  [1e+05, 5e+05]
  Bounds range     [0e+00, 0e+00]
  RHS range        [1e+00, 1e+00]
LP warm-start: use basis

Iteration    Objective       Primal Inf.    Dual Inf.      Time
       0   -4.7042950e+31   6.184636e+34   4.704295e+01      1s
     397    3.3014523e+06   3.439393e+02   0.000000e+00      7s
     633    3.3014523e+06   1.086179e+02   0.000000e+00     11s
     871    3.3014523e+06   2.319066e+01   0.000000e+00     15s
    1224    3.3014523e+06   1.291157e+01   0.000000e+00     21s
    1462    3.3014523e+06   6.734338e+00   0.000000e+00     25s
    1574    3.3014523e+06   0.000000e+00   0.000000e+00     27s

Solved in 1574 iterations and 27.07 seconds (37.22 work units)
Optimal objective  3.301452288e+06
Set parameter TimeLimit to value 4.0273193273614161e+03
Set parameter Method to value 1
Gurobi Optimizer version 12.0.3 build v12.0.3rc0 (linux64 - "Ubuntu 24.04.4 LTS")

CPU model: Intel(R) Xeon(R) Gold 5218R CPU @ 2.10GHz, instruction set [SSE2|AVX|AVX2|AVX512]
Thread count: 40 physical cores, 40 logical processors, using up to 1 threads

Non-default parameters:
TimeLimit  4.0273193273614161e+03
Method  1
BarHomogeneous  1
Threads  1

Optimize a model with 816 rows, 256155 columns and 7141628 nonzeros
Coefficient statistics:
  Matrix range     [1e+00, 1e+00]
  Objective range  [1e+05, 5e+05]
  Bounds range     [0e+00, 0e+00]
  RHS range        [1e+00, 1e+00]
LP warm-start: use basis

Iteration    Objective       Primal Inf.    Dual Inf.      Time
       0   -3.1973258e+31   2.563861e+34   3.197326e+01      1s
     363    3.3014521e+06   1.218782e+02   0.000000e+00      6s
     599    3.3014522e+06   4.568909e+02   0.000000e+00     10s
     955    3.3014522e+06   1.515424e+02   0.000000e+00     16s
    1306    3.3014523e+06   2.249927e+01   0.000000e+00     22s
    1539    3.3014523e+06   7.128013e+00   0.000000e+00     26s
    1731    3.3014523e+06   0.000000e+00   0.000000e+00     29s

Solved in 1731 iterations and 29.11 seconds (40.44 work units)
Optimal objective  3.301452263e+06
Set parameter TimeLimit to value 3.9733567494852468e+03
Set parameter Method to value 1
Gurobi Optimizer version 12.0.3 build v12.0.3rc0 (linux64 - "Ubuntu 24.04.4 LTS")

CPU model: Intel(R) Xeon(R) Gold 5218R CPU @ 2.10GHz, instruction set [SSE2|AVX|AVX2|AVX512]
Thread count: 40 physical cores, 40 logical processors, using up to 1 threads

Non-default parameters:
TimeLimit  3.9733567494852468e+03
Method  1
BarHomogeneous  1
Threads  1

Optimize a model with 816 rows, 256185 columns and 7142618 nonzeros
Coefficient statistics:
  Matrix range     [1e+00, 1e+00]
  Objective range  [1e+05, 5e+05]
  Bounds range     [0e+00, 0e+00]
  RHS range        [1e+00, 1e+00]
LP warm-start: use basis

Iteration    Objective       Primal Inf.    Dual Inf.      Time
       0   -4.2835797e+31   5.034469e+34   4.283580e+01      1s
     335    3.3014523e+06   8.927223e+00   0.000000e+00      6s
     574    3.3014523e+06   8.290333e-01   0.000000e+00     10s
     635    3.3014523e+06   0.000000e+00   0.000000e+00     11s

Solved in 635 iterations and 11.23 seconds (14.91 work units)
Optimal objective  3.301452261e+06
Set parameter TimeLimit to value 3.9345041170152836e+03
Set parameter Method to value 1
Gurobi Optimizer version 12.0.3 build v12.0.3rc0 (linux64 - "Ubuntu 24.04.4 LTS")

CPU model: Intel(R) Xeon(R) Gold 5218R CPU @ 2.10GHz, instruction set [SSE2|AVX|AVX2|AVX512]
Thread count: 40 physical cores, 40 logical processors, using up to 1 threads

Non-default parameters:
TimeLimit  3.9345041170152836e+03
Method  1
BarHomogeneous  1
Threads  1

Optimize a model with 816 rows, 256215 columns and 7143580 nonzeros
Coefficient statistics:
  Matrix range     [1e+00, 1e+00]
  Objective range  [1e+05, 5e+05]
  Bounds range     [0e+00, 0e+00]
  RHS range        [1e+00, 1e+00]
LP warm-start: use basis

Iteration    Objective       Primal Inf.    Dual Inf.      Time
       0   -3.6162701e+31   6.761333e+33   3.616270e+01      1s
     319   -2.0574814e+29   3.349610e+33   2.057483e-01      5s
     684    3.3014521e+06   6.935660e+02   0.000000e+00     11s
     915    3.3014521e+06   2.240650e+02   0.000000e+00     15s
    1269    3.3014521e+06   9.914907e+02   0.000000e+00     21s
    1507    3.3014522e+06   4.690623e+01   0.000000e+00     26s
    1859    3.3014522e+06   4.963990e+02   0.000000e+00     32s
    2095    3.3014522e+06   2.905045e+01   0.000000e+00     36s
    2452    3.3014522e+06   1.983328e+01   0.000000e+00     42s
    2690    3.3014522e+06   7.528949e-01   0.000000e+00     46s
    2735    3.3014522e+06   0.000000e+00   0.000000e+00     47s

Solved in 2735 iterations and 46.97 seconds (63.62 work units)
Optimal objective  3.301452207e+06
Set parameter TimeLimit to value 3.8615036510513164e+03
Set parameter Method to value 1
Gurobi Optimizer version 12.0.3 build v12.0.3rc0 (linux64 - "Ubuntu 24.04.4 LTS")

CPU model: Intel(R) Xeon(R) Gold 5218R CPU @ 2.10GHz, instruction set [SSE2|AVX|AVX2|AVX512]
Thread count: 40 physical cores, 40 logical processors, using up to 1 threads

Non-default parameters:
TimeLimit  3.8615036510513164e+03
Method  1
BarHomogeneous  1
Threads  1

Optimize a model with 816 rows, 256245 columns and 7144795 nonzeros
Coefficient statistics:
  Matrix range     [1e+00, 1e+00]
  Objective range  [1e+05, 5e+05]
  Bounds range     [0e+00, 0e+00]
  RHS range        [1e+00, 1e+00]
LP warm-start: use basis

Iteration    Objective       Primal Inf.    Dual Inf.      Time
       0   -3.8783604e+31   7.242702e+34   3.878360e+01      1s
     387    3.3014522e+06   5.831023e-01   0.000000e+00      7s
     435    3.3014522e+06   0.000000e+00   0.000000e+00      8s

Solved in 435 iterations and 7.86 seconds (10.53 work units)
Optimal objective  3.301452206e+06
Set parameter TimeLimit to value 3.8289786783787422e+03
Set parameter Method to value 1
Gurobi Optimizer version 12.0.3 build v12.0.3rc0 (linux64 - "Ubuntu 24.04.4 LTS")

CPU model: Intel(R) Xeon(R) Gold 5218R CPU @ 2.10GHz, instruction set [SSE2|AVX|AVX2|AVX512]
Thread count: 40 physical cores, 40 logical processors, using up to 1 threads

Non-default parameters:
TimeLimit  3.8289786783787422e+03
Method  1
BarHomogeneous  1
Threads  1

Optimize a model with 816 rows, 256275 columns and 7145953 nonzeros
Coefficient statistics:
  Matrix range     [1e+00, 1e+00]
  Objective range  [1e+05, 5e+05]
  Bounds range     [0e+00, 0e+00]
  RHS range        [1e+00, 1e+00]
LP warm-start: use basis

Iteration    Objective       Primal Inf.    Dual Inf.      Time
       0   -3.4937584e+31   3.634588e+34   3.493758e+01      1s
     362    3.3014521e+06   1.183226e+02   0.000000e+00      6s
     600    3.3014522e+06   1.988826e+02   0.000000e+00     10s
     958    3.3014522e+06   9.006185e+01   0.000000e+00     16s
    1195    3.3014522e+06   2.527565e+01   0.000000e+00     20s
    1445    3.3014522e+06   0.000000e+00   0.000000e+00     24s

Solved in 1445 iterations and 24.41 seconds (33.49 work units)
Optimal objective  3.301452182e+06
Set parameter TimeLimit to value 3.7789059913810343e+03
Set parameter Method to value 1
Gurobi Optimizer version 12.0.3 build v12.0.3rc0 (linux64 - "Ubuntu 24.04.4 LTS")

CPU model: Intel(R) Xeon(R) Gold 5218R CPU @ 2.10GHz, instruction set [SSE2|AVX|AVX2|AVX512]
Thread count: 40 physical cores, 40 logical processors, using up to 1 threads

Non-default parameters:
TimeLimit  3.7789059913810343e+03
Method  1
BarHomogeneous  1
Threads  1

Optimize a model with 816 rows, 256305 columns and 7146966 nonzeros
Coefficient statistics:
  Matrix range     [1e+00, 1e+00]
  Objective range  [1e+05, 5e+05]
  Bounds range     [0e+00, 0e+00]
  RHS range        [1e+00, 1e+00]
LP warm-start: use basis

Iteration    Objective       Primal Inf.    Dual Inf.      Time
       0   -4.6069865e+31   4.120445e+34   4.606986e+01      1s
     323   -5.2115439e+29   3.998444e+33   5.211542e-01      5s
     599   -3.8477829e+28   3.816344e+32   3.847785e-02     10s
     921    3.3014520e+06   9.646999e+02   0.000000e+00     16s
    1274    3.3014521e+06   1.764762e+02   0.000000e+00     22s
    1509    3.3014521e+06   2.937576e+02   0.000000e+00     26s
    1741    3.3014521e+06   3.970079e+02   0.000000e+00     30s
    2097    3.3014522e+06   1.441299e+02   0.000000e+00     36s
    2455    3.3014522e+06   2.877077e+02   0.000000e+00     42s
    2693    3.3014522e+06   2.471775e+00   0.000000e+00     46s
    2870    3.3014522e+06   0.000000e+00   0.000000e+00     49s

Solved in 2870 iterations and 49.02 seconds (66.98 work units)
Optimal objective  3.301452169e+06
Set parameter TimeLimit to value 3.7041370839443989e+03
Set parameter Method to value 1
Gurobi Optimizer version 12.0.3 build v12.0.3rc0 (linux64 - "Ubuntu 24.04.4 LTS")

CPU model: Intel(R) Xeon(R) Gold 5218R CPU @ 2.10GHz, instruction set [SSE2|AVX|AVX2|AVX512]
Thread count: 40 physical cores, 40 logical processors, using up to 1 threads

Non-default parameters:
TimeLimit  3.7041370839443989e+03
Method  1
BarHomogeneous  1
Threads  1

Optimize a model with 816 rows, 256335 columns and 7147818 nonzeros
Coefficient statistics:
  Matrix range     [1e+00, 1e+00]
  Objective range  [1e+05, 5e+05]
  Bounds range     [0e+00, 0e+00]
  RHS range        [1e+00, 1e+00]
LP warm-start: use basis

Iteration    Objective       Primal Inf.    Dual Inf.      Time
       0   -3.6707895e+31   2.493652e+34   3.670790e+01      1s
     130    3.3014522e+06   0.000000e+00   0.000000e+00      3s

Solved in 130 iterations and 2.76 seconds (3.49 work units)
Optimal objective  3.301452169e+06
Set parameter TimeLimit to value 3.6782201243471354e+03
Set parameter Method to value 1
Gurobi Optimizer version 12.0.3 build v12.0.3rc0 (linux64 - "Ubuntu 24.04.4 LTS")

CPU model: Intel(R) Xeon(R) Gold 5218R CPU @ 2.10GHz, instruction set [SSE2|AVX|AVX2|AVX512]
Thread count: 40 physical cores, 40 logical processors, using up to 1 threads

Non-default parameters:
TimeLimit  3.6782201243471354e+03
Method  1
BarHomogeneous  1
Threads  1

Optimize a model with 816 rows, 256365 columns and 7148672 nonzeros
Coefficient statistics:
  Matrix range     [1e+00, 1e+00]
  Objective range  [1e+05, 5e+05]
  Bounds range     [0e+00, 0e+00]
  RHS range        [1e+00, 1e+00]
LP warm-start: use basis

Iteration    Objective       Primal Inf.    Dual Inf.      Time
       0   -3.1210942e+31   1.499219e+34   3.121094e+01      1s
     277   -2.2068475e+29   1.040457e+33   2.206847e-01      5s
     557   -1.5269365e+27   2.061029e+32   1.526947e-03     10s
     916    3.3014521e+06   3.927040e+02   0.000000e+00     16s
    1275    3.3014521e+06   6.678506e+01   0.000000e+00     22s
    1514    3.3014521e+06   1.291262e+01   0.000000e+00     26s
    1873    3.3014521e+06   2.623041e+01   0.000000e+00     32s
    2111    3.3014521e+06   3.828215e+01   0.000000e+00     36s
    2367    3.3014521e+06   0.000000e+00   0.000000e+00     40s

Solved in 2367 iterations and 40.07 seconds (54.76 work units)
Optimal objective  3.301452147e+06
Set parameter TimeLimit to value 3.6119590383805335e+03
Set parameter Method to value 1
Gurobi Optimizer version 12.0.3 build v12.0.3rc0 (linux64 - "Ubuntu 24.04.4 LTS")

CPU model: Intel(R) Xeon(R) Gold 5218R CPU @ 2.10GHz, instruction set [SSE2|AVX|AVX2|AVX512]
Thread count: 40 physical cores, 40 logical processors, using up to 1 threads

Non-default parameters:
TimeLimit  3.6119590383805335e+03
Method  1
BarHomogeneous  1
Threads  1

Optimize a model with 816 rows, 256395 columns and 7149681 nonzeros
Coefficient statistics:
  Matrix range     [1e+00, 1e+00]
  Objective range  [1e+05, 5e+05]
  Bounds range     [0e+00, 0e+00]
  RHS range        [1e+00, 1e+00]
LP warm-start: use basis

Iteration    Objective       Primal Inf.    Dual Inf.      Time
       0   -3.2845530e+31   4.000519e+34   3.284553e+01      1s
     142    3.3014521e+06   0.000000e+00   0.000000e+00      3s

Solved in 142 iterations and 3.04 seconds (3.73 work units)
Optimal objective  3.301452147e+06
Set parameter TimeLimit to value 3.5847261514053680e+03
Set parameter Method to value 1
Gurobi Optimizer version 12.0.3 build v12.0.3rc0 (linux64 - "Ubuntu 24.04.4 LTS")

CPU model: Intel(R) Xeon(R) Gold 5218R CPU @ 2.10GHz, instruction set [SSE2|AVX|AVX2|AVX512]
Thread count: 40 physical cores, 40 logical processors, using up to 1 threads

Non-default parameters:
TimeLimit  3.5847261514053680e+03
Method  1
BarHomogeneous  1
Threads  1

Optimize a model with 816 rows, 256425 columns and 7150690 nonzeros
Coefficient statistics:
  Matrix range     [1e+00, 1e+00]
  Objective range  [1e+05, 5e+05]
  Bounds range     [0e+00, 0e+00]
  RHS range        [1e+00, 1e+00]
LP warm-start: use basis

Iteration    Objective       Primal Inf.    Dual Inf.      Time
       0   -2.9508286e+31   3.229235e+34   2.950829e+01      1s
     281   -9.6852621e+28   5.058347e+32   9.685262e-02      5s
     669    3.3014520e+06   1.342910e+03   0.000000e+00     12s
     902    3.3014521e+06   1.913863e+02   0.000000e+00     15s
    1255    3.3014521e+06   8.153255e+01   0.000000e+00     21s
    1490    3.3014521e+06   6.070598e+01   0.000000e+00     25s
    1846    3.3014521e+06   7.750658e+01   0.000000e+00     31s
    2081    3.3014521e+06   1.270112e+01   0.000000e+00     35s
    2439    3.3014521e+06   1.275901e+00   0.000000e+00     41s
    2581    3.3014521e+06   0.000000e+00   0.000000e+00     44s

Solved in 2581 iterations and 43.82 seconds (60.25 work units)
Optimal objective  3.301452130e+06
Set parameter TimeLimit to value 3.5150973627176136e+03
Set parameter Method to value 1
Gurobi Optimizer version 12.0.3 build v12.0.3rc0 (linux64 - "Ubuntu 24.04.4 LTS")

CPU model: Intel(R) Xeon(R) Gold 5218R CPU @ 2.10GHz, instruction set [SSE2|AVX|AVX2|AVX512]
Thread count: 40 physical cores, 40 logical processors, using up to 1 threads

Non-default parameters:
TimeLimit  3.5150973627176136e+03
Method  1
BarHomogeneous  1
Threads  1

Optimize a model with 816 rows, 256455 columns and 7151864 nonzeros
Coefficient statistics:
  Matrix range     [1e+00, 1e+00]
  Objective range  [1e+05, 5e+05]
  Bounds range     [0e+00, 0e+00]
  RHS range        [1e+00, 1e+00]
LP warm-start: use basis

Iteration    Objective       Primal Inf.    Dual Inf.      Time
       0   -3.5381657e+31   1.926183e+34   3.538166e+01      1s
     316   -9.2406370e+28   1.181203e+33   9.240634e-02      5s
     675    3.3014521e+06   1.652040e+02   0.000000e+00     12s
     911    3.3014521e+06   1.027309e+02   0.000000e+00     16s
    1266    3.3014521e+06   1.453797e+02   0.000000e+00     22s
    1505    3.3014521e+06   2.718671e+01   0.000000e+00     25s
    1727    3.3014521e+06   0.000000e+00   0.000000e+00     30s

Solved in 1727 iterations and 29.65 seconds (40.26 work units)
Optimal objective  3.301452122e+06
Set parameter TimeLimit to value 3.4596628766749054e+03
Set parameter Method to value 1
Gurobi Optimizer version 12.0.3 build v12.0.3rc0 (linux64 - "Ubuntu 24.04.4 LTS")

CPU model: Intel(R) Xeon(R) Gold 5218R CPU @ 2.10GHz, instruction set [SSE2|AVX|AVX2|AVX512]
Thread count: 40 physical cores, 40 logical processors, using up to 1 threads

Non-default parameters:
TimeLimit  3.4596628766749054e+03
Method  1
BarHomogeneous  1
Threads  1

Optimize a model with 816 rows, 256485 columns and 7152831 nonzeros
Coefficient statistics:
  Matrix range     [1e+00, 1e+00]
  Objective range  [1e+05, 5e+05]
  Bounds range     [0e+00, 0e+00]
  RHS range        [1e+00, 1e+00]
LP warm-start: use basis

Iteration    Objective       Primal Inf.    Dual Inf.      Time
       0   -2.7950296e+31   4.413780e+34   2.795029e+01      1s
     329   -3.5475596e+29   2.201272e+33   3.547560e-01      5s
     687    3.3014518e+06   9.016137e+02   0.000000e+00     11s
     926    3.3014519e+06   2.918904e+02   0.000000e+00     15s
    1282    3.3014520e+06   2.076244e+02   0.000000e+00     21s
    1520    3.3014520e+06   9.335950e+03   0.000000e+00     25s
    1879    3.3014520e+06   3.531292e+01   0.000000e+00     31s
    2117    3.3014521e+06   2.554707e+02   0.000000e+00     35s
    2474    3.3014521e+06   1.661260e+01   0.000000e+00     41s
    2710    3.3014521e+06   8.292462e+01   0.000000e+00     46s
    2950    3.3014521e+06   1.858043e+01   0.000000e+00     50s
    3308    3.3014521e+06   1.668601e+01   0.000000e+00     56s
    3668    3.3014521e+06   7.949560e-01   0.000000e+00     62s
    3764    3.3014521e+06   0.000000e+00   0.000000e+00     63s

Solved in 3764 iterations and 63.38 seconds (87.12 work units)
Optimal objective  3.301452082e+06
Set parameter TimeLimit to value 3.3706930174832232e+03
Set parameter Method to value 1
Gurobi Optimizer version 12.0.3 build v12.0.3rc0 (linux64 - "Ubuntu 24.04.4 LTS")

CPU model: Intel(R) Xeon(R) Gold 5218R CPU @ 2.10GHz, instruction set [SSE2|AVX|AVX2|AVX512]
Thread count: 40 physical cores, 40 logical processors, using up to 1 threads

Non-default parameters:
TimeLimit  3.3706930174832232e+03
Method  1
BarHomogeneous  1
Threads  1

Optimize a model with 816 rows, 256515 columns and 7153916 nonzeros
Coefficient statistics:
  Matrix range     [1e+00, 1e+00]
  Objective range  [1e+05, 5e+05]
  Bounds range     [0e+00, 0e+00]
  RHS range        [1e+00, 1e+00]
LP warm-start: use basis

Iteration    Objective       Primal Inf.    Dual Inf.      Time
       0   -2.7646404e+31   3.510677e+34   2.764640e+01      1s
     322   -8.1591259e+28   1.776776e+33   8.159137e-02      5s
     677    3.3014520e+06   5.548803e+02   0.000000e+00     11s
     914    3.3014520e+06   1.013412e+03   0.000000e+00     15s
    1269    3.3014521e+06   7.169309e+01   0.000000e+00     21s
    1507    3.3014521e+06   3.761666e+01   0.000000e+00     25s
    1866    3.3014521e+06   4.816372e+00   0.000000e+00     31s
    2106    3.3014521e+06   1.639830e+00   0.000000e+00     35s
    2139    3.3014521e+06   0.000000e+00   0.000000e+00     36s

Solved in 2139 iterations and 35.97 seconds (49.46 work units)
Optimal objective  3.301452064e+06
Set parameter TimeLimit to value 3.3082739399038255e+03
Set parameter Method to value 1
Gurobi Optimizer version 12.0.3 build v12.0.3rc0 (linux64 - "Ubuntu 24.04.4 LTS")

CPU model: Intel(R) Xeon(R) Gold 5218R CPU @ 2.10GHz, instruction set [SSE2|AVX|AVX2|AVX512]
Thread count: 40 physical cores, 40 logical processors, using up to 1 threads

Non-default parameters:
TimeLimit  3.3082739399038255e+03
Method  1
BarHomogeneous  1
Threads  1

Optimize a model with 816 rows, 256545 columns and 7155011 nonzeros
Coefficient statistics:
  Matrix range     [1e+00, 1e+00]
  Objective range  [1e+05, 5e+05]
  Bounds range     [0e+00, 0e+00]
  RHS range        [1e+00, 1e+00]
LP warm-start: use basis

Iteration    Objective       Primal Inf.    Dual Inf.      Time
       0   -2.6439937e+31   1.075224e+34   2.643994e+01      1s
       7    3.3014521e+06   0.000000e+00   0.000000e+00      1s

Solved in 7 iterations and 0.89 seconds (0.66 work units)
Optimal objective  3.301452064e+06
Set parameter TimeLimit to value 3.2838375323535874e+03
Set parameter Method to value 1
Gurobi Optimizer version 12.0.3 build v12.0.3rc0 (linux64 - "Ubuntu 24.04.4 LTS")

CPU model: Intel(R) Xeon(R) Gold 5218R CPU @ 2.10GHz, instruction set [SSE2|AVX|AVX2|AVX512]
Thread count: 40 physical cores, 40 logical processors, using up to 1 threads

Non-default parameters:
TimeLimit  3.2838375323535874e+03
Method  1
BarHomogeneous  1
Threads  1

Optimize a model with 816 rows, 256575 columns and 7156047 nonzeros
Coefficient statistics:
  Matrix range     [1e+00, 1e+00]
  Objective range  [1e+05, 5e+05]
  Bounds range     [0e+00, 0e+00]
  RHS range        [1e+00, 1e+00]
LP warm-start: use basis

Iteration    Objective       Primal Inf.    Dual Inf.      Time
       0   -3.5198268e+31   1.297970e+34   3.519827e+01      1s
     119    3.3014521e+06   0.000000e+00   0.000000e+00      3s

Solved in 119 iterations and 2.62 seconds (3.18 work units)
Optimal objective  3.301452064e+06
Set parameter TimeLimit to value 3.2583323147818446e+03
Set parameter Method to value 1
Gurobi Optimizer version 12.0.3 build v12.0.3rc0 (linux64 - "Ubuntu 24.04.4 LTS")

CPU model: Intel(R) Xeon(R) Gold 5218R CPU @ 2.10GHz, instruction set [SSE2|AVX|AVX2|AVX512]
Thread count: 40 physical cores, 40 logical processors, using up to 1 threads

Non-default parameters:
TimeLimit  3.2583323147818446e+03
Method  1
BarHomogeneous  1
Threads  1

Optimize a model with 816 rows, 256605 columns and 7157156 nonzeros
Coefficient statistics:
  Matrix range     [1e+00, 1e+00]
  Objective range  [1e+05, 5e+05]
  Bounds range     [0e+00, 0e+00]
  RHS range        [1e+00, 1e+00]
LP warm-start: use basis

Iteration    Objective       Primal Inf.    Dual Inf.      Time
       0   -2.3608986e+31   1.152705e+34   2.360899e+01      1s
     328   -3.1225447e+28   1.986358e+33   3.122533e-02      5s
     641    3.3014520e+06   2.055115e+03   0.000000e+00     11s
     998    3.3014520e+06   1.205641e+02   0.000000e+00     17s
    1235    3.3014520e+06   3.703101e+01   0.000000e+00     21s
    1590    3.3014520e+06   3.741398e+01   0.000000e+00     27s
    1829    3.3014521e+06   1.698782e+01   0.000000e+00     31s
    2027    3.3014521e+06   0.000000e+00   0.000000e+00     34s

Solved in 2027 iterations and 33.97 seconds (46.77 work units)
Optimal objective  3.301452051e+06
Set parameter TimeLimit to value 3.1978036556914449e+03
Set parameter Method to value 1
Gurobi Optimizer version 12.0.3 build v12.0.3rc0 (linux64 - "Ubuntu 24.04.4 LTS")

CPU model: Intel(R) Xeon(R) Gold 5218R CPU @ 2.10GHz, instruction set [SSE2|AVX|AVX2|AVX512]
Thread count: 40 physical cores, 40 logical processors, using up to 1 threads

Non-default parameters:
TimeLimit  3.1978036556914449e+03
Method  1
BarHomogeneous  1
Threads  1

Optimize a model with 816 rows, 256635 columns and 7158055 nonzeros
Coefficient statistics:
  Matrix range     [1e+00, 1e+00]
  Objective range  [1e+05, 5e+05]
  Bounds range     [0e+00, 0e+00]
  RHS range        [1e+00, 1e+00]
LP warm-start: use basis

Iteration    Objective       Primal Inf.    Dual Inf.      Time
       0   -2.4883084e+31   3.642172e+34   2.488309e+01      1s
      34    3.3014521e+06   0.000000e+00   0.000000e+00      1s

Solved in 34 iterations and 1.08 seconds (1.12 work units)
Optimal objective  3.301452051e+06
Set parameter TimeLimit to value 3.1734927628007717e+03
Set parameter Method to value 1
Gurobi Optimizer version 12.0.3 build v12.0.3rc0 (linux64 - "Ubuntu 24.04.4 LTS")

CPU model: Intel(R) Xeon(R) Gold 5218R CPU @ 2.10GHz, instruction set [SSE2|AVX|AVX2|AVX512]
Thread count: 40 physical cores, 40 logical processors, using up to 1 threads

Non-default parameters:
TimeLimit  3.1734927628007717e+03
Method  1
BarHomogeneous  1
Threads  1

Optimize a model with 816 rows, 256665 columns and 7159028 nonzeros
Coefficient statistics:
  Matrix range     [1e+00, 1e+00]
  Objective range  [1e+05, 5e+05]
  Bounds range     [0e+00, 0e+00]
  RHS range        [1e+00, 1e+00]
LP warm-start: use basis

Iteration    Objective       Primal Inf.    Dual Inf.      Time
       0   -2.1893580e+31   2.871425e+34   2.189358e+01      1s
     354   -1.0173322e+30   4.136197e+33   1.017332e+00      5s
     676   -3.0542765e+28   6.671963e+32   3.054274e-02     10s
     991    3.3014519e+06   1.033493e+02   0.000000e+00     15s
    1347    3.3014520e+06   1.154730e+02   0.000000e+00     21s
    1583    3.3014520e+06   1.384584e+02   0.000000e+00     25s
    1939    3.3014520e+06   4.267742e+01   0.000000e+00     31s
    2176    3.3014520e+06   4.011836e+01   0.000000e+00     36s
    2416    3.3014520e+06   1.126101e+01   0.000000e+00     40s
    2776    3.3014520e+06   4.757226e+00   0.000000e+00     46s
    2988    3.3014520e+06   0.000000e+00   0.000000e+00     49s

Solved in 2988 iterations and 49.34 seconds (67.83 work units)
Optimal objective  3.301452036e+06
Set parameter TimeLimit to value 3.1007141789668240e+03
Set parameter Method to value 1
Gurobi Optimizer version 12.0.3 build v12.0.3rc0 (linux64 - "Ubuntu 24.04.4 LTS")

CPU model: Intel(R) Xeon(R) Gold 5218R CPU @ 2.10GHz, instruction set [SSE2|AVX|AVX2|AVX512]
Thread count: 40 physical cores, 40 logical processors, using up to 1 threads

Non-default parameters:
TimeLimit  3.1007141789668240e+03
Method  1
BarHomogeneous  1
Threads  1

Optimize a model with 816 rows, 256695 columns and 7160259 nonzeros
Coefficient statistics:
  Matrix range     [1e+00, 1e+00]
  Objective range  [1e+05, 5e+05]
  Bounds range     [0e+00, 0e+00]
  RHS range        [1e+00, 1e+00]
LP warm-start: use basis

Iteration    Objective       Primal Inf.    Dual Inf.      Time
       0   -2.6197153e+31   1.865883e+34   2.619715e+01      1s
     332   -1.4224946e+30   1.702676e+33   1.422495e+00      5s
     680   -4.4597389e+29   4.346938e+33   4.459739e-01     10s
    1081   -6.3821282e+28   7.135546e+32   6.382122e-02     17s
    1321    3.3014518e+06   7.563261e+02   0.000000e+00     21s
    1672    3.3014519e+06   2.476678e+02   0.000000e+00     27s
    1912    3.3014519e+06   1.272762e+02   0.000000e+00     31s
    2265    3.3014520e+06   1.639757e+02   0.000000e+00     37s
    2502    3.3014520e+06   5.839342e+01   0.000000e+00     41s
    2742    3.3014520e+06   1.241252e+02   0.000000e+00     45s
    3101    3.3014520e+06   1.020227e+02   0.000000e+00     51s
    3339    3.3014520e+06   4.663795e+01   0.000000e+00     55s
    3699    3.3014520e+06   3.365335e+01   0.000000e+00     61s
    4057    3.3014520e+06   5.915754e+00   0.000000e+00     67s
    4178    3.3014520e+06   0.000000e+00   0.000000e+00     69s

Solved in 4178 iterations and 69.13 seconds (95.33 work units)
Optimal objective  3.301452015e+06
Set parameter TimeLimit to value 3.0056373483841307e+03
Set parameter Method to value 1
Gurobi Optimizer version 12.0.3 build v12.0.3rc0 (linux64 - "Ubuntu 24.04.4 LTS")

CPU model: Intel(R) Xeon(R) Gold 5218R CPU @ 2.10GHz, instruction set [SSE2|AVX|AVX2|AVX512]
Thread count: 40 physical cores, 40 logical processors, using up to 1 threads

Non-default parameters:
TimeLimit  3.0056373483841307e+03
Method  1
BarHomogeneous  1
Threads  1

Optimize a model with 816 rows, 256725 columns and 7161226 nonzeros
Coefficient statistics:
  Matrix range     [1e+00, 1e+00]
  Objective range  [1e+05, 5e+05]
  Bounds range     [0e+00, 0e+00]
  RHS range        [1e+00, 1e+00]
LP warm-start: use basis

Iteration    Objective       Primal Inf.    Dual Inf.      Time
       0   -2.4324189e+31   8.593186e+34   2.432419e+01      1s
      44    3.3014520e+06   0.000000e+00   0.000000e+00      1s

Solved in 44 iterations and 1.24 seconds (1.33 work units)
Optimal objective  3.301452015e+06
Set parameter TimeLimit to value 2980.44642420765
Set parameter Method to value 1
Gurobi Optimizer version 12.0.3 build v12.0.3rc0 (linux64 - "Ubuntu 24.04.4 LTS")

CPU model: Intel(R) Xeon(R) Gold 5218R CPU @ 2.10GHz, instruction set [SSE2|AVX|AVX2|AVX512]
Thread count: 40 physical cores, 40 logical processors, using up to 1 threads

Non-default parameters:
TimeLimit  2980.44642420765
Method  1
BarHomogeneous  1
Threads  1

Optimize a model with 816 rows, 256755 columns and 7162226 nonzeros
Coefficient statistics:
  Matrix range     [1e+00, 1e+00]
  Objective range  [1e+05, 5e+05]
  Bounds range     [0e+00, 0e+00]
  RHS range        [1e+00, 1e+00]
LP warm-start: use basis

Iteration    Objective       Primal Inf.    Dual Inf.      Time
       0   -1.8802677e+31   1.852888e+34   1.880268e+01      1s
     337   -1.2801943e+30   1.176374e+34   1.280194e+00      5s
     656   -1.0136864e+29   8.092142e+32   1.013686e-01     10s
    1056    3.3014518e+06   7.608633e+02   0.000000e+00     17s
    1295    3.3014519e+06   5.388907e+03   0.000000e+00     21s
    1655    3.3014519e+06   3.464236e+02   0.000000e+00     27s
    1895    3.3014519e+06   2.211256e+02   0.000000e+00     31s
    2252    3.3014520e+06   2.518638e+02   0.000000e+00     37s
    2491    3.3014520e+06   1.368352e+02   0.000000e+00     41s
    2851    3.3014520e+06   1.123032e+02   0.000000e+00     47s
    3088    3.3014520e+06   7.167786e+01   0.000000e+00     51s
    3448    3.3014520e+06   8.916064e+01   0.000000e+00     57s
    3684    3.3014520e+06   6.243436e+00   0.000000e+00     61s
    3917    3.3014520e+06   0.000000e+00   0.000000e+00     65s

Solved in 3917 iterations and 64.92 seconds (90.08 work units)
Optimal objective  3.301451993e+06
Set parameter TimeLimit to value 2.8884682754045352e+03
Set parameter Method to value 1
Gurobi Optimizer version 12.0.3 build v12.0.3rc0 (linux64 - "Ubuntu 24.04.4 LTS")

CPU model: Intel(R) Xeon(R) Gold 5218R CPU @ 2.10GHz, instruction set [SSE2|AVX|AVX2|AVX512]
Thread count: 40 physical cores, 40 logical processors, using up to 1 threads

Non-default parameters:
TimeLimit  2.8884682754045352e+03
Method  1
BarHomogeneous  1
Threads  1

Optimize a model with 816 rows, 256785 columns and 7163352 nonzeros
Coefficient statistics:
  Matrix range     [1e+00, 1e+00]
  Objective range  [1e+05, 5e+05]
  Bounds range     [0e+00, 0e+00]
  RHS range        [1e+00, 1e+00]
LP warm-start: use basis

Iteration    Objective       Primal Inf.    Dual Inf.      Time
       0   -2.2964450e+31   2.393443e+34   2.296445e+01      1s
      79    3.3014520e+06   0.000000e+00   0.000000e+00      2s

Solved in 79 iterations and 1.88 seconds (2.28 work units)
Optimal objective  3.301451993e+06
Set parameter TimeLimit to value 2865.2335514687
Set parameter Method to value 1
Gurobi Optimizer version 12.0.3 build v12.0.3rc0 (linux64 - "Ubuntu 24.04.4 LTS")

CPU model: Intel(R) Xeon(R) Gold 5218R CPU @ 2.10GHz, instruction set [SSE2|AVX|AVX2|AVX512]
Thread count: 40 physical cores, 40 logical processors, using up to 1 threads

Non-default parameters:
TimeLimit  2865.2335514687
Method  1
BarHomogeneous  1
Threads  1

Optimize a model with 816 rows, 256815 columns and 7164487 nonzeros
Coefficient statistics:
  Matrix range     [1e+00, 1e+00]
  Objective range  [1e+05, 5e+05]
  Bounds range     [0e+00, 0e+00]
  RHS range        [1e+00, 1e+00]
LP warm-start: use basis

Iteration    Objective       Primal Inf.    Dual Inf.      Time
       0   -2.0456677e+31   4.799325e+34   2.045668e+01      1s
     352   -7.6832705e+29   9.508633e+32   7.683271e-01      5s
     721   -1.5623933e+29   1.190732e+33   1.562397e-01     11s
    1081   -1.8024640e+27   5.844771e+31   1.829346e-03     17s
    1319    3.3014519e+06   5.274264e+02   0.000000e+00     21s
    1676    3.3014520e+06   7.482840e+01   0.000000e+00     27s
    1912    3.3014520e+06   1.119647e+02   0.000000e+00     31s
    2270    3.3014520e+06   4.657287e+01   0.000000e+00     37s
    2509    3.3014520e+06   1.677967e+02   0.000000e+00     41s
    2867    3.3014520e+06   6.278965e+01   0.000000e+00     47s
    3107    3.3014520e+06   4.926979e-01   0.000000e+00     51s
    3143    3.3014520e+06   0.000000e+00   0.000000e+00     51s

Solved in 3143 iterations and 51.48 seconds (70.84 work units)
Optimal objective  3.301451980e+06
Set parameter TimeLimit to value 2.7872933475822210e+03
Set parameter Method to value 1
Gurobi Optimizer version 12.0.3 build v12.0.3rc0 (linux64 - "Ubuntu 24.04.4 LTS")

CPU model: Intel(R) Xeon(R) Gold 5218R CPU @ 2.10GHz, instruction set [SSE2|AVX|AVX2|AVX512]
Thread count: 40 physical cores, 40 logical processors, using up to 1 threads

Non-default parameters:
TimeLimit  2.7872933475822210e+03
Method  1
BarHomogeneous  1
Threads  1

Optimize a model with 816 rows, 256845 columns and 7165401 nonzeros
Coefficient statistics:
  Matrix range     [1e+00, 1e+00]
  Objective range  [1e+05, 5e+05]
  Bounds range     [0e+00, 0e+00]
  RHS range        [1e+00, 1e+00]
LP warm-start: use basis

Iteration    Objective       Primal Inf.    Dual Inf.      Time
       0   -1.7957992e+31   3.311588e+34   1.795799e+01      1s
     389   -5.2148753e+29   1.306826e+33   5.214876e-01      5s
     710   -1.2615110e+29   9.377801e+32   1.261511e-01     10s
    1065    3.3014519e+06   1.033959e+03   0.000000e+00     16s
    1305    3.3014519e+06   5.025638e+02   0.000000e+00     20s
    1660    3.3014519e+06   1.559021e+02   0.000000e+00     26s
    1896    3.3014519e+06   1.024185e+02   0.000000e+00     30s
    2255    3.3014520e+06   8.379698e+01   0.000000e+00     36s
    2494    3.3014520e+06   1.224236e+01   0.000000e+00     40s
    2854    3.3014520e+06   1.063708e+01   0.000000e+00     46s
    3094    3.3014520e+06   6.559038e+00   0.000000e+00     50s
    3454    3.3014520e+06   4.867326e-01   0.000000e+00     56s
    3467    3.3014520e+06   0.000000e+00   0.000000e+00     57s

Solved in 3467 iterations and 56.72 seconds (79.01 work units)
Optimal objective  3.301451971e+06
Set parameter TimeLimit to value 2.7049070630311035e+03
Set parameter Method to value 1
Gurobi Optimizer version 12.0.3 build v12.0.3rc0 (linux64 - "Ubuntu 24.04.4 LTS")

CPU model: Intel(R) Xeon(R) Gold 5218R CPU @ 2.10GHz, instruction set [SSE2|AVX|AVX2|AVX512]
Thread count: 40 physical cores, 40 logical processors, using up to 1 threads

Non-default parameters:
TimeLimit  2.7049070630311035e+03
Method  1
BarHomogeneous  1
Threads  1

Optimize a model with 816 rows, 256875 columns and 7166476 nonzeros
Coefficient statistics:
  Matrix range     [1e+00, 1e+00]
  Objective range  [1e+05, 5e+05]
  Bounds range     [0e+00, 0e+00]
  RHS range        [1e+00, 1e+00]
LP warm-start: use basis

Iteration    Objective       Primal Inf.    Dual Inf.      Time
       0   -2.4373149e+31   4.460457e+34   2.437315e+01      1s
     316   -5.4547276e+28   1.280732e+33   5.454693e-02      5s
     633    3.3014519e+06   2.152122e+03   0.000000e+00     12s
     872    3.3014520e+06   1.138967e+03   0.000000e+00     16s
    1230    3.3014520e+06   2.900013e+02   0.000000e+00     22s
    1469    3.3014520e+06   1.584322e+01   0.000000e+00     25s
    1828    3.3014520e+06   6.629498e-01   0.000000e+00     31s
    1908    3.3014520e+06   0.000000e+00   0.000000e+00     33s

Solved in 1908 iterations and 32.60 seconds (44.46 work units)
Optimal objective  3.301451965e+06
Set parameter TimeLimit to value 2.6462997956969775e+03
Set parameter Method to value 1
Gurobi Optimizer version 12.0.3 build v12.0.3rc0 (linux64 - "Ubuntu 24.04.4 LTS")

CPU model: Intel(R) Xeon(R) Gold 5218R CPU @ 2.10GHz, instruction set [SSE2|AVX|AVX2|AVX512]
Thread count: 40 physical cores, 40 logical processors, using up to 1 threads

Non-default parameters:
TimeLimit  2.6462997956969775e+03
Method  1
BarHomogeneous  1
Threads  1

Optimize a model with 816 rows, 256905 columns and 7167324 nonzeros
Coefficient statistics:
  Matrix range     [1e+00, 1e+00]
  Objective range  [1e+05, 5e+05]
  Bounds range     [0e+00, 0e+00]
  RHS range        [1e+00, 1e+00]
LP warm-start: use basis

Iteration    Objective       Primal Inf.    Dual Inf.      Time
       0   -2.1788850e+31   3.835474e+34   2.178885e+01      1s
      61    3.3014520e+06   0.000000e+00   0.000000e+00      2s

Solved in 61 iterations and 1.63 seconds (1.79 work units)
Optimal objective  3.301451965e+06
Set parameter TimeLimit to value 2.6207740268036723e+03
Set parameter Method to value 1
Gurobi Optimizer version 12.0.3 build v12.0.3rc0 (linux64 - "Ubuntu 24.04.4 LTS")

CPU model: Intel(R) Xeon(R) Gold 5218R CPU @ 2.10GHz, instruction set [SSE2|AVX|AVX2|AVX512]
Thread count: 40 physical cores, 40 logical processors, using up to 1 threads

Non-default parameters:
TimeLimit  2.6207740268036723e+03
Method  1
BarHomogeneous  1
Threads  1

Optimize a model with 816 rows, 256935 columns and 7168323 nonzeros
Coefficient statistics:
  Matrix range     [1e+00, 1e+00]
  Objective range  [1e+05, 5e+05]
  Bounds range     [0e+00, 0e+00]
  RHS range        [1e+00, 1e+00]
LP warm-start: use basis

Iteration    Objective       Primal Inf.    Dual Inf.      Time
       0   -1.9260020e+31   3.281945e+34   1.926002e+01      1s
     134    3.3014520e+06   0.000000e+00   0.000000e+00      3s

Solved in 134 iterations and 2.84 seconds (3.60 work units)
Optimal objective  3.301451965e+06
Set parameter TimeLimit to value 2.5943815025868826e+03
Set parameter Method to value 1
Gurobi Optimizer version 12.0.3 build v12.0.3rc0 (linux64 - "Ubuntu 24.04.4 LTS")

CPU model: Intel(R) Xeon(R) Gold 5218R CPU @ 2.10GHz, instruction set [SSE2|AVX|AVX2|AVX512]
Thread count: 40 physical cores, 40 logical processors, using up to 1 threads

Non-default parameters:
TimeLimit  2.5943815025868826e+03
Method  1
BarHomogeneous  1
Threads  1

Optimize a model with 816 rows, 256965 columns and 7169271 nonzeros
Coefficient statistics:
  Matrix range     [1e+00, 1e+00]
  Objective range  [1e+05, 5e+05]
  Bounds range     [0e+00, 0e+00]
  RHS range        [1e+00, 1e+00]
LP warm-start: use basis

Iteration    Objective       Primal Inf.    Dual Inf.      Time
       0   -1.6086135e+31   2.366756e+34   1.608613e+01      1s
     395    3.3014520e+06   2.732267e-01   0.000000e+00      6s
     446    3.3014520e+06   0.000000e+00   0.000000e+00      7s

Solved in 446 iterations and 7.38 seconds (10.58 work units)
Optimal objective  3.301451964e+06
Set parameter TimeLimit to value 2.5649992529088631e+03
Set parameter Method to value 1
Gurobi Optimizer version 12.0.3 build v12.0.3rc0 (linux64 - "Ubuntu 24.04.4 LTS")

CPU model: Intel(R) Xeon(R) Gold 5218R CPU @ 2.10GHz, instruction set [SSE2|AVX|AVX2|AVX512]
Thread count: 40 physical cores, 40 logical processors, using up to 1 threads

Non-default parameters:
TimeLimit  2.5649992529088631e+03
Method  1
BarHomogeneous  1
Threads  1

Optimize a model with 816 rows, 256995 columns and 7170377 nonzeros
Coefficient statistics:
  Matrix range     [1e+00, 1e+00]
  Objective range  [1e+05, 5e+05]
  Bounds range     [0e+00, 0e+00]
  RHS range        [1e+00, 1e+00]
LP warm-start: use basis

Iteration    Objective       Primal Inf.    Dual Inf.      Time
       0   -1.6957275e+31   2.735223e+34   1.695728e+01      1s
     316    3.3014519e+06   2.801962e+02   0.000000e+00      5s
     672    3.3014520e+06   3.728514e+02   0.000000e+00     11s
     912    3.3014520e+06   2.264760e+01   0.000000e+00     16s
    1155    3.3014520e+06   0.000000e+00   0.000000e+00     20s

Solved in 1155 iterations and 19.83 seconds (26.90 work units)
Optimal objective  3.301451958e+06
Set parameter TimeLimit to value 2.5205191070255823e+03
Set parameter Method to value 1
Gurobi Optimizer version 12.0.3 build v12.0.3rc0 (linux64 - "Ubuntu 24.04.4 LTS")

CPU model: Intel(R) Xeon(R) Gold 5218R CPU @ 2.10GHz, instruction set [SSE2|AVX|AVX2|AVX512]
Thread count: 40 physical cores, 40 logical processors, using up to 1 threads

Non-default parameters:
TimeLimit  2.5205191070255823e+03
Method  1
BarHomogeneous  1
Threads  1

Optimize a model with 816 rows, 257025 columns and 7171405 nonzeros
Coefficient statistics:
  Matrix range     [1e+00, 1e+00]
  Objective range  [1e+05, 5e+05]
  Bounds range     [0e+00, 0e+00]
  RHS range        [1e+00, 1e+00]
LP warm-start: use basis

Iteration    Objective       Primal Inf.    Dual Inf.      Time
       0   -1.3552621e+31   2.070698e+34   1.355262e+01      1s
     310   -3.8922505e+27   1.406917e+32   3.892263e-03      5s
     629    3.3014519e+06   1.759339e+02   0.000000e+00     11s
     989    3.3014519e+06   1.330931e+02   0.000000e+00     17s
    1226    3.3014519e+06   9.488035e+01   0.000000e+00     21s
    1465    3.3014519e+06   3.162964e+02   0.000000e+00     26s
    1824    3.3014519e+06   8.689985e+01   0.000000e+00     32s
    2063    3.3014519e+06   3.699122e+01   0.000000e+00     36s
    2404    3.3014519e+06   0.000000e+00   0.000000e+00     41s

Solved in 2404 iterations and 41.14 seconds (56.16 work units)
Optimal objective  3.301451937e+06
Set parameter TimeLimit to value 2.4538201994770207e+03
Set parameter Method to value 1
Gurobi Optimizer version 12.0.3 build v12.0.3rc0 (linux64 - "Ubuntu 24.04.4 LTS")

CPU model: Intel(R) Xeon(R) Gold 5218R CPU @ 2.10GHz, instruction set [SSE2|AVX|AVX2|AVX512]
Thread count: 40 physical cores, 40 logical processors, using up to 1 threads

Non-default parameters:
TimeLimit  2.4538201994770207e+03
Method  1
BarHomogeneous  1
Threads  1

Optimize a model with 816 rows, 257055 columns and 7172485 nonzeros
Coefficient statistics:
  Matrix range     [1e+00, 1e+00]
  Objective range  [1e+05, 5e+05]
  Bounds range     [0e+00, 0e+00]
  RHS range        [1e+00, 1e+00]
LP warm-start: use basis

Iteration    Objective       Primal Inf.    Dual Inf.      Time
       0   -1.6448226e+31   1.901495e+34   1.644823e+01      1s
     343   -1.2535657e+29   1.401551e+33   1.253567e-01      5s
     701    3.3014518e+06   2.853594e+03   0.000000e+00     11s
     939    3.3014519e+06   7.212052e+02   0.000000e+00     15s
    1296    3.3014519e+06   7.610328e+02   0.000000e+00     21s
    1535    3.3014519e+06   1.315732e+02   0.000000e+00     26s
    1895    3.3014519e+06   5.076847e+01   0.000000e+00     32s
    2132    3.3014519e+06   2.327593e+01   0.000000e+00     36s
    2491    3.3014519e+06   2.799330e+00   0.000000e+00     42s
    2624    3.3014519e+06   0.000000e+00   0.000000e+00     44s

Solved in 2624 iterations and 44.06 seconds (60.44 work units)
Optimal objective  3.301451919e+06
Set parameter TimeLimit to value 2.3839805873944424e+03
Set parameter Method to value 1
Gurobi Optimizer version 12.0.3 build v12.0.3rc0 (linux64 - "Ubuntu 24.04.4 LTS")

CPU model: Intel(R) Xeon(R) Gold 5218R CPU @ 2.10GHz, instruction set [SSE2|AVX|AVX2|AVX512]
Thread count: 40 physical cores, 40 logical processors, using up to 1 threads

Non-default parameters:
TimeLimit  2.3839805873944424e+03
Method  1
BarHomogeneous  1
Threads  1

Optimize a model with 816 rows, 257085 columns and 7173694 nonzeros
Coefficient statistics:
  Matrix range     [1e+00, 1e+00]
  Objective range  [1e+05, 5e+05]
  Bounds range     [0e+00, 0e+00]
  RHS range        [1e+00, 1e+00]
LP warm-start: use basis

Iteration    Objective       Primal Inf.    Dual Inf.      Time
       0   -1.7460418e+31   6.241714e+34   1.746042e+01      1s
     286    3.3014519e+06   0.000000e+00   0.000000e+00      5s

Solved in 286 iterations and 5.11 seconds (6.94 work units)
Optimal objective  3.301451919e+06
Set parameter TimeLimit to value 2.3549373241858557e+03
Set parameter Method to value 1
Gurobi Optimizer version 12.0.3 build v12.0.3rc0 (linux64 - "Ubuntu 24.04.4 LTS")

CPU model: Intel(R) Xeon(R) Gold 5218R CPU @ 2.10GHz, instruction set [SSE2|AVX|AVX2|AVX512]
Thread count: 40 physical cores, 40 logical processors, using up to 1 threads

Non-default parameters:
TimeLimit  2.3549373241858557e+03
Method  1
BarHomogeneous  1
Threads  1

Optimize a model with 816 rows, 257115 columns and 7174845 nonzeros
Coefficient statistics:
  Matrix range     [1e+00, 1e+00]
  Objective range  [1e+05, 5e+05]
  Bounds range     [0e+00, 0e+00]
  RHS range        [1e+00, 1e+00]
LP warm-start: use basis

Iteration    Objective       Primal Inf.    Dual Inf.      Time
       0   -1.6893778e+31   5.586462e+34   1.689378e+01      1s
     328   -3.2008298e+29   1.427869e+33   3.200829e-01      5s
     646    3.3014518e+06   1.580768e+03   0.000000e+00     10s
    1004    3.3014519e+06   2.170658e+02   0.000000e+00     17s
    1243    3.3014519e+06   8.402157e+01   0.000000e+00     20s
    1599    3.3014519e+06   5.559043e+01   0.000000e+00     27s
    1837    3.3014519e+06   4.146091e+01   0.000000e+00     31s
    2197    3.3014519e+06   2.455726e+00   0.000000e+00     37s
    2437    3.3014519e+06   9.343253e+00   0.000000e+00     41s
    2555    3.3014519e+06   0.000000e+00   0.000000e+00     43s

Solved in 2555 iterations and 42.88 seconds (59.07 work units)
Optimal objective  3.301451907e+06
Set parameter TimeLimit to value 2.2856332451915368e+03
Set parameter Method to value 1
Gurobi Optimizer version 12.0.3 build v12.0.3rc0 (linux64 - "Ubuntu 24.04.4 LTS")

CPU model: Intel(R) Xeon(R) Gold 5218R CPU @ 2.10GHz, instruction set [SSE2|AVX|AVX2|AVX512]
Thread count: 40 physical cores, 40 logical processors, using up to 1 threads

Non-default parameters:
TimeLimit  2.2856332451915368e+03
Method  1
BarHomogeneous  1
Threads  1

Optimize a model with 816 rows, 257145 columns and 7175880 nonzeros
Coefficient statistics:
  Matrix range     [1e+00, 1e+00]
  Objective range  [1e+05, 5e+05]
  Bounds range     [0e+00, 0e+00]
  RHS range        [1e+00, 1e+00]
LP warm-start: use basis

Iteration    Objective       Primal Inf.    Dual Inf.      Time
       0   -1.6544020e+31   1.018553e+34   1.654402e+01      1s
     331   -6.1603209e+29   1.264470e+33   6.160321e-01      5s
     664   -1.1014126e+29   7.457314e+32   1.101413e-01     11s
     944   -1.8912484e+27   3.557974e+32   1.891382e-03     16s
    1178    3.3014518e+06   3.563756e+02   0.000000e+00     20s
    1536    3.3014518e+06   3.324558e+02   0.000000e+00     26s
    1896    3.3014519e+06   1.393822e+02   0.000000e+00     32s
    2134    3.3014519e+06   7.247571e+01   0.000000e+00     36s
    2493    3.3014519e+06   3.138269e+01   0.000000e+00     42s
    2732    3.3014519e+06   2.909474e+01   0.000000e+00     46s
    3092    3.3014519e+06   5.776585e+01   0.000000e+00     52s
    3325    3.3014519e+06   5.455312e+00   0.000000e+00     56s
    3564    3.3014519e+06   5.294487e-02   0.000000e+00     60s
    3588    3.3014519e+06   0.000000e+00   0.000000e+00     61s

Solved in 3588 iterations and 60.55 seconds (82.23 work units)
Optimal objective  3.301451896e+06
Set parameter TimeLimit to value 2.1990362270101905e+03
Set parameter Method to value 1
Gurobi Optimizer version 12.0.3 build v12.0.3rc0 (linux64 - "Ubuntu 24.04.4 LTS")

CPU model: Intel(R) Xeon(R) Gold 5218R CPU @ 2.10GHz, instruction set [SSE2|AVX|AVX2|AVX512]
Thread count: 40 physical cores, 40 logical processors, using up to 1 threads

Non-default parameters:
TimeLimit  2.1990362270101905e+03
Method  1
BarHomogeneous  1
Threads  1

Optimize a model with 816 rows, 257175 columns and 7176796 nonzeros
Coefficient statistics:
  Matrix range     [1e+00, 1e+00]
  Objective range  [1e+05, 5e+05]
  Bounds range     [0e+00, 0e+00]
  RHS range        [1e+00, 1e+00]
LP warm-start: use basis

Iteration    Objective       Primal Inf.    Dual Inf.      Time
       0   -1.6251266e+31   7.215692e+33   1.625127e+01      1s
      82    3.3014519e+06   0.000000e+00   0.000000e+00      2s

Solved in 82 iterations and 2.03 seconds (2.32 work units)
Optimal objective  3.301451896e+06
Set parameter TimeLimit to value 2.1729752657231875e+03
Set parameter Method to value 1
Gurobi Optimizer version 12.0.3 build v12.0.3rc0 (linux64 - "Ubuntu 24.04.4 LTS")

CPU model: Intel(R) Xeon(R) Gold 5218R CPU @ 2.10GHz, instruction set [SSE2|AVX|AVX2|AVX512]
Thread count: 40 physical cores, 40 logical processors, using up to 1 threads

Non-default parameters:
TimeLimit  2.1729752657231875e+03
Method  1
BarHomogeneous  1
Threads  1

Optimize a model with 816 rows, 257205 columns and 7177659 nonzeros
Coefficient statistics:
  Matrix range     [1e+00, 1e+00]
  Objective range  [1e+05, 5e+05]
  Bounds range     [0e+00, 0e+00]
  RHS range        [1e+00, 1e+00]
LP warm-start: use basis

Iteration    Objective       Primal Inf.    Dual Inf.      Time
       0   -1.4714106e+31   2.305351e+34   1.471411e+01      1s
     323   -4.6581865e+29   1.627225e+33   4.658187e-01      5s
     643   -8.0295585e+28   7.270826e+32   8.029536e-02     11s
     921    3.3014517e+06   6.331754e+02   0.000000e+00     15s
    1276    3.3014518e+06   1.648414e+03   0.000000e+00     21s
    1513    3.3014518e+06   2.263732e+02   0.000000e+00     25s
    1867    3.3014519e+06   3.078104e+02   0.000000e+00     31s
    2106    3.3014519e+06   5.513468e+01   0.000000e+00     35s
    2463    3.3014519e+06   2.993791e+01   0.000000e+00     42s
    2703    3.3014519e+06   2.477221e+01   0.000000e+00     47s
    2941    3.3014519e+06   1.726457e+01   0.000000e+00     51s
    3180    3.3014519e+06   3.123814e+01   0.000000e+00     55s
    3433    3.3014519e+06   0.000000e+00   0.000000e+00     60s

Solved in 3433 iterations and 59.59 seconds (79.53 work units)
Optimal objective  3.301451886e+06
Set parameter TimeLimit to value 2.0877661850005388e+03
Set parameter Method to value 1
Gurobi Optimizer version 12.0.3 build v12.0.3rc0 (linux64 - "Ubuntu 24.04.4 LTS")

CPU model: Intel(R) Xeon(R) Gold 5218R CPU @ 2.10GHz, instruction set [SSE2|AVX|AVX2|AVX512]
Thread count: 40 physical cores, 40 logical processors, using up to 1 threads

Non-default parameters:
TimeLimit  2.0877661850005388e+03
Method  1
BarHomogeneous  1
Threads  1

Optimize a model with 816 rows, 257235 columns and 7178609 nonzeros
Coefficient statistics:
  Matrix range     [1e+00, 1e+00]
  Objective range  [1e+05, 5e+05]
  Bounds range     [0e+00, 0e+00]
  RHS range        [1e+00, 1e+00]
LP warm-start: use basis

Iteration    Objective       Primal Inf.    Dual Inf.      Time
       0   -1.2881806e+31   1.018299e+34   1.288181e+01      1s
     323   -8.8208580e+29   2.492514e+33   8.820858e-01      5s
     643   -1.7699152e+29   5.664301e+32   1.769915e-01     10s
    1003    3.3014517e+06   9.638429e+02   0.000000e+00     16s
    1243    3.3014518e+06   2.174508e+02   0.000000e+00     20s
    1602    3.3014518e+06   1.893566e+02   0.000000e+00     27s
    1840    3.3014518e+06   6.966549e+01   0.000000e+00     31s
    2197    3.3014518e+06   4.939788e+01   0.000000e+00     37s
    2437    3.3014519e+06   1.484666e+02   0.000000e+00     41s
    2797    3.3014519e+06   1.253947e+02   0.000000e+00     47s
    3037    3.3014519e+06   3.036995e+02   0.000000e+00     51s
    3395    3.3014519e+06   4.691159e+00   0.000000e+00     57s
    3635    3.3014519e+06   5.415753e-02   0.000000e+00     61s
    3679    3.3014519e+06   0.000000e+00   0.000000e+00     62s

Solved in 3679 iterations and 61.91 seconds (84.94 work units)
Optimal objective  3.301451866e+06
Set parameter TimeLimit to value 1.9995924805980176e+03
Set parameter Method to value 1
Gurobi Optimizer version 12.0.3 build v12.0.3rc0 (linux64 - "Ubuntu 24.04.4 LTS")

CPU model: Intel(R) Xeon(R) Gold 5218R CPU @ 2.10GHz, instruction set [SSE2|AVX|AVX2|AVX512]
Thread count: 40 physical cores, 40 logical processors, using up to 1 threads

Non-default parameters:
TimeLimit  1.9995924805980176e+03
Method  1
BarHomogeneous  1
Threads  1

Optimize a model with 816 rows, 257265 columns and 7179658 nonzeros
Coefficient statistics:
  Matrix range     [1e+00, 1e+00]
  Objective range  [1e+05, 5e+05]
  Bounds range     [0e+00, 0e+00]
  RHS range        [1e+00, 1e+00]
LP warm-start: use basis

Iteration    Objective       Primal Inf.    Dual Inf.      Time
       0   -1.5881844e+31   1.312285e+34   1.588184e+01      1s
     314   -1.7734097e+28   4.099209e+32   1.773411e-02      5s
     671    3.3014518e+06   1.108769e+02   0.000000e+00     12s
     908    3.3014519e+06   1.273808e+02   0.000000e+00     16s
    1148    3.3014519e+06   1.604477e+02   0.000000e+00     21s
    1385    3.3014519e+06   8.876954e+00   0.000000e+00     25s
    1745    3.3014519e+06   1.403684e+00   0.000000e+00     31s
    1994    3.3014519e+06   0.000000e+00   0.000000e+00     35s

Solved in 1994 iterations and 34.94 seconds (46.36 work units)
Optimal objective  3.301451862e+06
Set parameter TimeLimit to value 1.9396841321140528e+03
Set parameter Method to value 1
Gurobi Optimizer version 12.0.3 build v12.0.3rc0 (linux64 - "Ubuntu 24.04.4 LTS")

CPU model: Intel(R) Xeon(R) Gold 5218R CPU @ 2.10GHz, instruction set [SSE2|AVX|AVX2|AVX512]
Thread count: 40 physical cores, 40 logical processors, using up to 1 threads

Non-default parameters:
TimeLimit  1.9396841321140528e+03
Method  1
BarHomogeneous  1
Threads  1

Optimize a model with 816 rows, 257295 columns and 7180779 nonzeros
Coefficient statistics:
  Matrix range     [1e+00, 1e+00]
  Objective range  [1e+05, 5e+05]
  Bounds range     [0e+00, 0e+00]
  RHS range        [1e+00, 1e+00]
LP warm-start: use basis

Iteration    Objective       Primal Inf.    Dual Inf.      Time
       0   -1.1717983e+31   1.646687e+34   1.171798e+01      1s
     315   -2.0030633e+27   4.653040e+32   2.003079e-03      5s
     634    3.3014518e+06   4.401850e+02   0.000000e+00     11s
     994    3.3014519e+06   3.651003e+01   0.000000e+00     17s
    1232    3.3014519e+06   7.415800e+00   0.000000e+00     21s
    1472    3.3014519e+06   6.097511e-01   0.000000e+00     25s
    1607    3.3014519e+06   0.000000e+00   0.000000e+00     28s

Solved in 1607 iterations and 27.59 seconds (37.71 work units)
Optimal objective  3.301451861e+06
Set parameter TimeLimit to value 1.8866438191551715e+03
Set parameter Method to value 1
Gurobi Optimizer version 12.0.3 build v12.0.3rc0 (linux64 - "Ubuntu 24.04.4 LTS")

CPU model: Intel(R) Xeon(R) Gold 5218R CPU @ 2.10GHz, instruction set [SSE2|AVX|AVX2|AVX512]
Thread count: 40 physical cores, 40 logical processors, using up to 1 threads

Non-default parameters:
TimeLimit  1.8866438191551715e+03
Method  1
BarHomogeneous  1
Threads  1

Optimize a model with 816 rows, 257325 columns and 7181828 nonzeros
Coefficient statistics:
  Matrix range     [1e+00, 1e+00]
  Objective range  [1e+05, 5e+05]
  Bounds range     [0e+00, 0e+00]
  RHS range        [1e+00, 1e+00]
LP warm-start: use basis

Iteration    Objective       Primal Inf.    Dual Inf.      Time
       0   -1.5834186e+31   1.483259e+34   1.583419e+01      1s
     188    3.3014519e+06   0.000000e+00   0.000000e+00      4s

Solved in 188 iterations and 3.68 seconds (4.82 work units)
Optimal objective  3.301451861e+06
Set parameter TimeLimit to value 1.8595329994270578e+03
Set parameter Method to value 1
Gurobi Optimizer version 12.0.3 build v12.0.3rc0 (linux64 - "Ubuntu 24.04.4 LTS")

CPU model: Intel(R) Xeon(R) Gold 5218R CPU @ 2.10GHz, instruction set [SSE2|AVX|AVX2|AVX512]
Thread count: 40 physical cores, 40 logical processors, using up to 1 threads

Non-default parameters:
TimeLimit  1.8595329994270578e+03
Method  1
BarHomogeneous  1
Threads  1

Optimize a model with 816 rows, 257355 columns and 7182788 nonzeros
Coefficient statistics:
  Matrix range     [1e+00, 1e+00]
  Objective range  [1e+05, 5e+05]
  Bounds range     [0e+00, 0e+00]
  RHS range        [1e+00, 1e+00]
LP warm-start: use basis

Iteration    Objective       Primal Inf.    Dual Inf.      Time
       0   -1.3654576e+31   1.549089e+34   1.365458e+01      1s
     319    7.8420447e+21   2.375554e+32   1.384677e-05      5s
     673    3.3014518e+06   7.202197e+01   0.000000e+00     11s
    1032    3.3014518e+06   5.334358e+01   0.000000e+00     17s
    1270    3.3014519e+06   1.083976e+02   0.000000e+00     21s
    1506    3.3014519e+06   1.095874e+01   0.000000e+00     25s
    1865    3.3014519e+06   8.233225e-02   0.000000e+00     31s
    1903    3.3014519e+06   0.000000e+00   0.000000e+00     32s

Solved in 1903 iterations and 32.11 seconds (45.19 work units)
Optimal objective  3.301451857e+06
Set parameter TimeLimit to value 1.8010860038981773e+03
Set parameter Method to value 1
Gurobi Optimizer version 12.0.3 build v12.0.3rc0 (linux64 - "Ubuntu 24.04.4 LTS")

CPU model: Intel(R) Xeon(R) Gold 5218R CPU @ 2.10GHz, instruction set [SSE2|AVX|AVX2|AVX512]
Thread count: 40 physical cores, 40 logical processors, using up to 1 threads

Non-default parameters:
TimeLimit  1.8010860038981773e+03
Method  1
BarHomogeneous  1
Threads  1

Optimize a model with 816 rows, 257385 columns and 7183872 nonzeros
Coefficient statistics:
  Matrix range     [1e+00, 1e+00]
  Objective range  [1e+05, 5e+05]
  Bounds range     [0e+00, 0e+00]
  RHS range        [1e+00, 1e+00]
LP warm-start: use basis

Iteration    Objective       Primal Inf.    Dual Inf.      Time
       0   -1.0545484e+31   1.268382e+34   1.054548e+01      1s
     323   -3.2220747e+29   6.255202e+32   3.222075e-01      5s
     603   -3.2040160e+28   4.816508e+32   3.204017e-02     10s
     962    3.3014518e+06   2.941016e+02   0.000000e+00     16s
    1201    3.3014518e+06   2.617115e+02   0.000000e+00     20s
    1557    3.3014518e+06   3.383276e+02   0.000000e+00     26s
    1797    3.3014518e+06   2.160377e+01   0.000000e+00     30s
    2157    3.3014518e+06   2.341507e+01   0.000000e+00     37s
    2397    3.3014518e+06   2.339708e+01   0.000000e+00     41s
    2754    3.3014518e+06   7.687324e+00   0.000000e+00     47s
    2931    3.3014518e+06   0.000000e+00   0.000000e+00     50s

Solved in 2931 iterations and 49.78 seconds (68.19 work units)
Optimal objective  3.301451844e+06
Set parameter TimeLimit to value 1.7243023017905653e+03
Set parameter Method to value 1
Gurobi Optimizer version 12.0.3 build v12.0.3rc0 (linux64 - "Ubuntu 24.04.4 LTS")

CPU model: Intel(R) Xeon(R) Gold 5218R CPU @ 2.10GHz, instruction set [SSE2|AVX|AVX2|AVX512]
Thread count: 40 physical cores, 40 logical processors, using up to 1 threads

Non-default parameters:
TimeLimit  1.7243023017905653e+03
Method  1
BarHomogeneous  1
Threads  1

Optimize a model with 816 rows, 257415 columns and 7184895 nonzeros
Coefficient statistics:
  Matrix range     [1e+00, 1e+00]
  Objective range  [1e+05, 5e+05]
  Bounds range     [0e+00, 0e+00]
  RHS range        [1e+00, 1e+00]
LP warm-start: use basis

Iteration    Objective       Primal Inf.    Dual Inf.      Time
       0   -1.3775641e+31   1.797512e+34   1.377564e+01      1s
     376   -9.3767112e+28   6.982483e+32   9.376714e-02      5s
     699    3.3014518e+06   1.724577e+03   0.000000e+00     10s
    1057    3.3014518e+06   4.818930e+01   0.000000e+00     17s
    1297    3.3014518e+06   4.161802e+01   0.000000e+00     21s
    1657    3.3014518e+06   1.329297e+02   0.000000e+00     27s
    1886    3.3014518e+06   0.000000e+00   0.000000e+00     31s

Solved in 1886 iterations and 30.83 seconds (42.87 work units)
Optimal objective  3.301451836e+06
Set parameter TimeLimit to value 1.6674989928654395e+03
Set parameter Method to value 1
Gurobi Optimizer version 12.0.3 build v12.0.3rc0 (linux64 - "Ubuntu 24.04.4 LTS")

CPU model: Intel(R) Xeon(R) Gold 5218R CPU @ 2.10GHz, instruction set [SSE2|AVX|AVX2|AVX512]
Thread count: 40 physical cores, 40 logical processors, using up to 1 threads

Non-default parameters:
TimeLimit  1.6674989928654395e+03
Method  1
BarHomogeneous  1
Threads  1

Optimize a model with 816 rows, 257445 columns and 7185900 nonzeros
Coefficient statistics:
  Matrix range     [1e+00, 1e+00]
  Objective range  [1e+05, 5e+05]
  Bounds range     [0e+00, 0e+00]
  RHS range        [1e+00, 1e+00]
LP warm-start: use basis

Iteration    Objective       Primal Inf.    Dual Inf.      Time
       0   -1.0858385e+31   1.314474e+34   1.085838e+01      1s
     290    3.3014518e+06   4.000567e+02   0.000000e+00      5s
     650    3.3014518e+06   1.512928e+02   0.000000e+00     11s
     890    3.3014518e+06   3.700809e-01   0.000000e+00     15s
     939    3.3014518e+06   0.000000e+00   0.000000e+00     16s

Solved in 939 iterations and 16.30 seconds (21.86 work units)
Optimal objective  3.301451835e+06
Set parameter TimeLimit to value 1.6269295415035449e+03
Set parameter Method to value 1
Gurobi Optimizer version 12.0.3 build v12.0.3rc0 (linux64 - "Ubuntu 24.04.4 LTS")

CPU model: Intel(R) Xeon(R) Gold 5218R CPU @ 2.10GHz, instruction set [SSE2|AVX|AVX2|AVX512]
Thread count: 40 physical cores, 40 logical processors, using up to 1 threads

Non-default parameters:
TimeLimit  1.6269295415035449e+03
Method  1
BarHomogeneous  1
Threads  1

Optimize a model with 816 rows, 257475 columns and 7186877 nonzeros
Coefficient statistics:
  Matrix range     [1e+00, 1e+00]
  Objective range  [1e+05, 5e+05]
  Bounds range     [0e+00, 0e+00]
  RHS range        [1e+00, 1e+00]
LP warm-start: use basis

Iteration    Objective       Primal Inf.    Dual Inf.      Time
       0   -9.4900290e+30   1.854595e+34   9.490030e+00      1s
     322   -4.5259520e+29   1.876491e+33   4.525952e-01      6s
     659   -1.0328852e+29   7.360757e+32   1.032889e-01     11s
     944    3.3014517e+06   9.075325e+02   0.000000e+00     15s
    1298    3.3014518e+06   3.253236e+02   0.000000e+00     21s
    1533    3.3014518e+06   2.181146e+01   0.000000e+00     25s
    1889    3.3014518e+06   6.786942e+01   0.000000e+00     31s
    2128    3.3014518e+06   2.374132e+01   0.000000e+00     35s
    2487    3.3014518e+06   1.513697e+00   0.000000e+00     42s
    2633    3.3014518e+06   0.000000e+00   0.000000e+00     44s

Solved in 2633 iterations and 44.29 seconds (61.02 work units)
Optimal objective  3.301451823e+06
Set parameter TimeLimit to value 1.5565703086699359e+03
Set parameter Method to value 1
Gurobi Optimizer version 12.0.3 build v12.0.3rc0 (linux64 - "Ubuntu 24.04.4 LTS")

CPU model: Intel(R) Xeon(R) Gold 5218R CPU @ 2.10GHz, instruction set [SSE2|AVX|AVX2|AVX512]
Thread count: 40 physical cores, 40 logical processors, using up to 1 threads

Non-default parameters:
TimeLimit  1.5565703086699359e+03
Method  1
BarHomogeneous  1
Threads  1

Optimize a model with 816 rows, 257505 columns and 7187925 nonzeros
Coefficient statistics:
  Matrix range     [1e+00, 1e+00]
  Objective range  [1e+05, 5e+05]
  Bounds range     [0e+00, 0e+00]
  RHS range        [1e+00, 1e+00]
LP warm-start: use basis

Iteration    Objective       Primal Inf.    Dual Inf.      Time
       0   -1.1756001e+31   8.652205e+33   1.175600e+01      1s
     108    3.3014518e+06   0.000000e+00   0.000000e+00      3s

Solved in 108 iterations and 2.55 seconds (2.98 work units)
Optimal objective  3.301451823e+06
Set parameter TimeLimit to value 1.5313219012203626e+03
Set parameter Method to value 1
Gurobi Optimizer version 12.0.3 build v12.0.3rc0 (linux64 - "Ubuntu 24.04.4 LTS")

CPU model: Intel(R) Xeon(R) Gold 5218R CPU @ 2.10GHz, instruction set [SSE2|AVX|AVX2|AVX512]
Thread count: 40 physical cores, 40 logical processors, using up to 1 threads

Non-default parameters:
TimeLimit  1.5313219012203626e+03
Method  1
BarHomogeneous  1
Threads  1

Optimize a model with 816 rows, 257535 columns and 7188780 nonzeros
Coefficient statistics:
  Matrix range     [1e+00, 1e+00]
  Objective range  [1e+05, 5e+05]
  Bounds range     [0e+00, 0e+00]
  RHS range        [1e+00, 1e+00]
LP warm-start: use basis

Iteration    Objective       Primal Inf.    Dual Inf.      Time
       0   -1.1846974e+31   7.653124e+33   1.184697e+01      1s
     329   -2.9702789e+29   1.444883e+33   2.970279e-01      5s
     649   -1.0074557e+28   6.357301e+32   1.007455e-02     10s
    1009    3.3014518e+06   1.872021e+02   0.000000e+00     17s
    1248    3.3014518e+06   8.005633e+02   0.000000e+00     21s
    1603    3.3014518e+06   6.960792e+01   0.000000e+00     27s
    1842    3.3014518e+06   3.851501e+01   0.000000e+00     31s
    2081    3.3014518e+06   7.342371e+00   0.000000e+00     36s
    2317    3.3014518e+06   3.431119e+00   0.000000e+00     40s
    2594    3.3014518e+06   0.000000e+00   0.000000e+00     45s

Solved in 2594 iterations and 45.26 seconds (59.86 work units)
Optimal objective  3.301451812e+06
Set parameter TimeLimit to value 1.4605105360322632e+03
Set parameter Method to value 1
Gurobi Optimizer version 12.0.3 build v12.0.3rc0 (linux64 - "Ubuntu 24.04.4 LTS")

CPU model: Intel(R) Xeon(R) Gold 5218R CPU @ 2.10GHz, instruction set [SSE2|AVX|AVX2|AVX512]
Thread count: 40 physical cores, 40 logical processors, using up to 1 threads

Non-default parameters:
TimeLimit  1.4605105360322632e+03
Method  1
BarHomogeneous  1
Threads  1

Optimize a model with 816 rows, 257565 columns and 7189788 nonzeros
Coefficient statistics:
  Matrix range     [1e+00, 1e+00]
  Objective range  [1e+05, 5e+05]
  Bounds range     [0e+00, 0e+00]
  RHS range        [1e+00, 1e+00]
LP warm-start: use basis

Iteration    Objective       Primal Inf.    Dual Inf.      Time
       0   -1.0467258e+31   1.258036e+34   1.046726e+01      1s
     322   -6.7261666e+29   2.811731e+33   6.726167e-01      5s
     641   -1.8275479e+29   1.008028e+33   1.827548e-01     10s
     960    3.3014516e+06   3.763484e+02   0.000000e+00     16s
    1314    3.3014517e+06   3.360332e+02   0.000000e+00     22s
    1553    3.3014517e+06   1.363110e+03   0.000000e+00     26s
    1910    3.3014518e+06   3.133549e+02   0.000000e+00     32s
    2149    3.3014518e+06   2.350366e+02   0.000000e+00     36s
    2388    3.3014518e+06   6.243772e+01   0.000000e+00     40s
    2742    3.3014518e+06   3.747734e+01   0.000000e+00     46s
    2980    3.3014518e+06   2.382918e+02   0.000000e+00     51s
    3339    3.3014518e+06   3.439965e+00   0.000000e+00     57s
    3576    3.3014518e+06   1.603194e+00   0.000000e+00     61s
    3674    3.3014518e+06   0.000000e+00   0.000000e+00     63s

Solved in 3674 iterations and 62.57 seconds (85.14 work units)
Optimal objective  3.301451793e+06
Set parameter TimeLimit to value 1.3690270402883179e+03
Set parameter Method to value 1
Gurobi Optimizer version 12.0.3 build v12.0.3rc0 (linux64 - "Ubuntu 24.04.4 LTS")

CPU model: Intel(R) Xeon(R) Gold 5218R CPU @ 2.10GHz, instruction set [SSE2|AVX|AVX2|AVX512]
Thread count: 40 physical cores, 40 logical processors, using up to 1 threads

Non-default parameters:
TimeLimit  1.3690270402883179e+03
Method  1
BarHomogeneous  1
Threads  1

Optimize a model with 816 rows, 257595 columns and 7190641 nonzeros
Coefficient statistics:
  Matrix range     [1e+00, 1e+00]
  Objective range  [1e+05, 5e+05]
  Bounds range     [0e+00, 0e+00]
  RHS range        [1e+00, 1e+00]
LP warm-start: use basis

Iteration    Objective       Primal Inf.    Dual Inf.      Time
       0   -1.0427046e+31   9.835660e+33   1.042704e+01      1s
     327   -5.9154457e+28   1.400328e+33   5.915447e-02      5s
     644    3.3014518e+06   9.214908e+01   0.000000e+00     10s
     884    3.3014518e+06   5.382946e+01   0.000000e+00     15s
    1240    3.3014518e+06   8.624674e+00   0.000000e+00     22s
    1480    3.3014518e+06   5.060354e+00   0.000000e+00     26s
    1676    3.3014518e+06   0.000000e+00   0.000000e+00     30s

Solved in 1676 iterations and 29.82 seconds (38.30 work units)
Optimal objective  3.301451788e+06
Set parameter TimeLimit to value 1.3133650827747770e+03
Set parameter Method to value 1
Gurobi Optimizer version 12.0.3 build v12.0.3rc0 (linux64 - "Ubuntu 24.04.4 LTS")

CPU model: Intel(R) Xeon(R) Gold 5218R CPU @ 2.10GHz, instruction set [SSE2|AVX|AVX2|AVX512]
Thread count: 40 physical cores, 40 logical processors, using up to 1 threads

Non-default parameters:
TimeLimit  1.3133650827747770e+03
Method  1
BarHomogeneous  1
Threads  1

Optimize a model with 816 rows, 257625 columns and 7191668 nonzeros
Coefficient statistics:
  Matrix range     [1e+00, 1e+00]
  Objective range  [1e+05, 5e+05]
  Bounds range     [0e+00, 0e+00]
  RHS range        [1e+00, 1e+00]
LP warm-start: use basis

Iteration    Objective       Primal Inf.    Dual Inf.      Time
       0   -1.2282061e+31   1.315614e+34   1.228206e+01      1s
      77    3.3014518e+06   0.000000e+00   0.000000e+00      2s

Solved in 77 iterations and 2.09 seconds (2.25 work units)
Optimal objective  3.301451788e+06
Set parameter TimeLimit to value 1.2873134561446495e+03
Set parameter Method to value 1
Gurobi Optimizer version 12.0.3 build v12.0.3rc0 (linux64 - "Ubuntu 24.04.4 LTS")

CPU model: Intel(R) Xeon(R) Gold 5218R CPU @ 2.10GHz, instruction set [SSE2|AVX|AVX2|AVX512]
Thread count: 40 physical cores, 40 logical processors, using up to 1 threads

Non-default parameters:
TimeLimit  1.2873134561446495e+03
Method  1
BarHomogeneous  1
Threads  1

Optimize a model with 816 rows, 257655 columns and 7192571 nonzeros
Coefficient statistics:
  Matrix range     [1e+00, 1e+00]
  Objective range  [1e+05, 5e+05]
  Bounds range     [0e+00, 0e+00]
  RHS range        [1e+00, 1e+00]
LP warm-start: use basis

Iteration    Objective       Primal Inf.    Dual Inf.      Time
       0   -9.7024651e+30   9.309112e+33   9.702465e+00      1s
     173    3.3014518e+06   0.000000e+00   0.000000e+00      3s

Solved in 173 iterations and 3.14 seconds (4.12 work units)
Optimal objective  3.301451788e+06
Set parameter TimeLimit to value 1.2610858597555198e+03
Set parameter Method to value 1
Gurobi Optimizer version 12.0.3 build v12.0.3rc0 (linux64 - "Ubuntu 24.04.4 LTS")

CPU model: Intel(R) Xeon(R) Gold 5218R CPU @ 2.10GHz, instruction set [SSE2|AVX|AVX2|AVX512]
Thread count: 40 physical cores, 40 logical processors, using up to 1 threads

Non-default parameters:
TimeLimit  1.2610858597555198e+03
Method  1
BarHomogeneous  1
Threads  1

Optimize a model with 816 rows, 257685 columns and 7193509 nonzeros
Coefficient statistics:
  Matrix range     [1e+00, 1e+00]
  Objective range  [1e+05, 5e+05]
  Bounds range     [0e+00, 0e+00]
  RHS range        [1e+00, 1e+00]
LP warm-start: use basis

Iteration    Objective       Primal Inf.    Dual Inf.      Time
       0   -8.9976825e+30   7.084134e+33   8.997683e+00      1s
     338   -3.5210359e+29   1.214903e+33   3.521036e-01      5s
     656   -3.7348898e+28   3.088394e+32   3.734890e-02     11s
    1014    3.3014517e+06   1.971119e+02   0.000000e+00     16s
    1252    3.3014517e+06   1.359354e+02   0.000000e+00     21s
    1610    3.3014518e+06   8.780587e+01   0.000000e+00     27s
    1850    3.3014518e+06   9.592987e+01   0.000000e+00     31s
    2210    3.3014518e+06   2.215723e+01   0.000000e+00     37s
    2449    3.3014518e+06   3.743812e+00   0.000000e+00     42s
    2689    3.3014518e+06   2.526431e-03   0.000000e+00     47s
    2693    3.3014518e+06   0.000000e+00   0.000000e+00     47s

Solved in 2693 iterations and 46.72 seconds (61.92 work units)
Optimal objective  3.301451778e+06
Set parameter TimeLimit to value 1.1880601099506021e+03
Set parameter Method to value 1
Gurobi Optimizer version 12.0.3 build v12.0.3rc0 (linux64 - "Ubuntu 24.04.4 LTS")

CPU model: Intel(R) Xeon(R) Gold 5218R CPU @ 2.10GHz, instruction set [SSE2|AVX|AVX2|AVX512]
Thread count: 40 physical cores, 40 logical processors, using up to 1 threads

Non-default parameters:
TimeLimit  1.1880601099506021e+03
Method  1
BarHomogeneous  1
Threads  1

Optimize a model with 816 rows, 257715 columns and 7194343 nonzeros
Coefficient statistics:
  Matrix range     [1e+00, 1e+00]
  Objective range  [1e+05, 5e+05]
  Bounds range     [0e+00, 0e+00]
  RHS range        [1e+00, 1e+00]
LP warm-start: use basis

Iteration    Objective       Primal Inf.    Dual Inf.      Time
       0   -8.3438841e+30   5.798303e+33   8.343884e+00      0s
     317   -2.0872592e+25   3.431308e+32   2.089163e-05      5s
     674    3.3014518e+06   3.429376e+01   0.000000e+00     11s
     913    3.3014518e+06   1.688581e+01   0.000000e+00     16s
    1250    3.3014518e+06   0.000000e+00   0.000000e+00     21s

Solved in 1250 iterations and 21.38 seconds (29.32 work units)
Optimal objective  3.301451776e+06
Set parameter TimeLimit to value 1.1411954341675155e+03
Set parameter Method to value 1
Gurobi Optimizer version 12.0.3 build v12.0.3rc0 (linux64 - "Ubuntu 24.04.4 LTS")

CPU model: Intel(R) Xeon(R) Gold 5218R CPU @ 2.10GHz, instruction set [SSE2|AVX|AVX2|AVX512]
Thread count: 40 physical cores, 40 logical processors, using up to 1 threads

Non-default parameters:
TimeLimit  1.1411954341675155e+03
Method  1
BarHomogeneous  1
Threads  1

Optimize a model with 816 rows, 257745 columns and 7195246 nonzeros
Coefficient statistics:
  Matrix range     [1e+00, 1e+00]
  Objective range  [1e+05, 5e+05]
  Bounds range     [0e+00, 0e+00]
  RHS range        [1e+00, 1e+00]
LP warm-start: use basis

Iteration    Objective       Primal Inf.    Dual Inf.      Time
       0   -9.5367905e+30   2.791366e+34   9.536790e+00      0s
     137    3.3014518e+06   0.000000e+00   0.000000e+00      3s

Solved in 137 iterations and 2.79 seconds (3.63 work units)
Optimal objective  3.301451776e+06
Set parameter TimeLimit to value 1.1170061557395384e+03
Set parameter Method to value 1
Gurobi Optimizer version 12.0.3 build v12.0.3rc0 (linux64 - "Ubuntu 24.04.4 LTS")

CPU model: Intel(R) Xeon(R) Gold 5218R CPU @ 2.10GHz, instruction set [SSE2|AVX|AVX2|AVX512]
Thread count: 40 physical cores, 40 logical processors, using up to 1 threads

Non-default parameters:
TimeLimit  1.1170061557395384e+03
Method  1
BarHomogeneous  1
Threads  1

Optimize a model with 816 rows, 257775 columns and 7196077 nonzeros
Coefficient statistics:
  Matrix range     [1e+00, 1e+00]
  Objective range  [1e+05, 5e+05]
  Bounds range     [0e+00, 0e+00]
  RHS range        [1e+00, 1e+00]
LP warm-start: use basis

Iteration    Objective       Primal Inf.    Dual Inf.      Time
       0   -7.4837850e+30   1.007921e+34   7.483785e+00      0s
     312   -3.6853458e+29   1.191619e+33   3.685345e-01      6s
     553   -1.0293182e+29   5.862429e+32   1.029318e-01     10s
     914    3.3014516e+06   7.746372e+02   0.000000e+00     16s
    1154    3.3014517e+06   2.500528e+02   0.000000e+00     20s
    1510    3.3014517e+06   5.540324e+02   0.000000e+00     26s
    1748    3.3014517e+06   7.709138e+01   0.000000e+00     30s
    2104    3.3014517e+06   5.569118e+01   0.000000e+00     36s
    2461    3.3014518e+06   4.019683e+01   0.000000e+00     42s
    2700    3.3014518e+06   3.979558e+01   0.000000e+00     46s
    3059    3.3014518e+06   1.099124e+01   0.000000e+00     52s
    3299    3.3014518e+06   2.356498e-01   0.000000e+00     56s
    3425    3.3014518e+06   0.000000e+00   0.000000e+00     58s

Solved in 3425 iterations and 58.16 seconds (79.60 work units)
Optimal objective  3.301451759e+06
Set parameter TimeLimit to value 1.0331183850537054e+03
Set parameter Method to value 1
Gurobi Optimizer version 12.0.3 build v12.0.3rc0 (linux64 - "Ubuntu 24.04.4 LTS")

CPU model: Intel(R) Xeon(R) Gold 5218R CPU @ 2.10GHz, instruction set [SSE2|AVX|AVX2|AVX512]
Thread count: 40 physical cores, 40 logical processors, using up to 1 threads

Non-default parameters:
TimeLimit  1.0331183850537054e+03
Method  1
BarHomogeneous  1
Threads  1

Optimize a model with 816 rows, 257805 columns and 7197031 nonzeros
Coefficient statistics:
  Matrix range     [1e+00, 1e+00]
  Objective range  [1e+05, 5e+05]
  Bounds range     [0e+00, 0e+00]
  RHS range        [1e+00, 1e+00]
LP warm-start: use basis

Iteration    Objective       Primal Inf.    Dual Inf.      Time
       0   -9.6756150e+30   1.361676e+34   9.675615e+00      1s
     270   -1.1988763e+29   1.553102e+33   1.198877e-01      5s
     588    3.3014517e+06   3.156589e+02   0.000000e+00     10s
     945    3.3014517e+06   4.440399e+01   0.000000e+00     16s
    1181    3.3014517e+06   2.092735e+01   0.000000e+00     21s
    1420    3.3014517e+06   7.062179e+01   0.000000e+00     26s
    1778    3.3014518e+06   5.569697e+00   0.000000e+00     32s
    2014    3.3014518e+06   3.183751e-01   0.000000e+00     36s
    2055    3.3014518e+06   0.000000e+00   0.000000e+00     37s

Solved in 2055 iterations and 36.72 seconds (48.79 work units)
Optimal objective  3.301451753e+06
Set parameter TimeLimit to value 9.7107132168440148e+02
Set parameter Method to value 1
Gurobi Optimizer version 12.0.3 build v12.0.3rc0 (linux64 - "Ubuntu 24.04.4 LTS")

CPU model: Intel(R) Xeon(R) Gold 5218R CPU @ 2.10GHz, instruction set [SSE2|AVX|AVX2|AVX512]
Thread count: 40 physical cores, 40 logical processors, using up to 1 threads

Non-default parameters:
TimeLimit  9.7107132168440148e+02
Method  1
BarHomogeneous  1
Threads  1

Optimize a model with 816 rows, 257835 columns and 7197878 nonzeros
Coefficient statistics:
  Matrix range     [1e+00, 1e+00]
  Objective range  [1e+05, 5e+05]
  Bounds range     [0e+00, 0e+00]
  RHS range        [1e+00, 1e+00]
LP warm-start: use basis

Iteration    Objective       Primal Inf.    Dual Inf.      Time
       0   -1.0501351e+31   8.594991e+33   1.050135e+01      1s
     172    3.3014518e+06   0.000000e+00   0.000000e+00      3s

Solved in 172 iterations and 3.48 seconds (4.43 work units)
Optimal objective  3.301451753e+06
Set parameter TimeLimit to value 9.4361854834808037e+02
Set parameter Method to value 1
Gurobi Optimizer version 12.0.3 build v12.0.3rc0 (linux64 - "Ubuntu 24.04.4 LTS")

CPU model: Intel(R) Xeon(R) Gold 5218R CPU @ 2.10GHz, instruction set [SSE2|AVX|AVX2|AVX512]
Thread count: 40 physical cores, 40 logical processors, using up to 1 threads

Non-default parameters:
TimeLimit  9.4361854834808037e+02
Method  1
BarHomogeneous  1
Threads  1

Optimize a model with 816 rows, 257865 columns and 7198910 nonzeros
Coefficient statistics:
  Matrix range     [1e+00, 1e+00]
  Objective range  [1e+05, 5e+05]
  Bounds range     [0e+00, 0e+00]
  RHS range        [1e+00, 1e+00]
LP warm-start: use basis

Iteration    Objective       Primal Inf.    Dual Inf.      Time
       0   -8.0914257e+30   9.410567e+33   8.091425e+00      1s
     309   -3.8169167e+28   9.672302e+32   3.816916e-02      5s
     667    3.3014517e+06   1.223439e+03   0.000000e+00     12s
     900    3.3014517e+06   1.946736e+02   0.000000e+00     15s
    1259    3.3014517e+06   2.079453e+01   0.000000e+00     22s
    1498    3.3014517e+06   9.292268e+00   0.000000e+00     26s
    1738    3.3014517e+06   1.230993e+01   0.000000e+00     30s
    1970    3.3014517e+06   0.000000e+00   0.000000e+00     34s

Solved in 1970 iterations and 34.04 seconds (46.45 work units)
Optimal objective  3.301451747e+06
Set parameter TimeLimit to value 8.8375207933224738e+02
Set parameter Method to value 1
Gurobi Optimizer version 12.0.3 build v12.0.3rc0 (linux64 - "Ubuntu 24.04.4 LTS")

CPU model: Intel(R) Xeon(R) Gold 5218R CPU @ 2.10GHz, instruction set [SSE2|AVX|AVX2|AVX512]
Thread count: 40 physical cores, 40 logical processors, using up to 1 threads

Non-default parameters:
TimeLimit  8.8375207933224738e+02
Method  1
BarHomogeneous  1
Threads  1

Optimize a model with 816 rows, 257895 columns and 7200084 nonzeros
Coefficient statistics:
  Matrix range     [1e+00, 1e+00]
  Objective range  [1e+05, 5e+05]
  Bounds range     [0e+00, 0e+00]
  RHS range        [1e+00, 1e+00]
LP warm-start: use basis

Iteration    Objective       Primal Inf.    Dual Inf.      Time
       0   -7.5356088e+30   5.146171e+33   7.535609e+00      1s
     320   -2.1017047e+29   1.331131e+33   2.101705e-01      5s
     683    3.3014517e+06   3.565917e+02   0.000000e+00     11s
     923    3.3014517e+06   1.155508e+03   0.000000e+00     15s
    1279    3.3014517e+06   1.182572e+02   0.000000e+00     22s
    1517    3.3014517e+06   1.239364e+02   0.000000e+00     26s
    1873    3.3014517e+06   1.342777e+01   0.000000e+00     32s
    2113    3.3014517e+06   1.004895e+00   0.000000e+00     36s
    2402    3.3014517e+06   0.000000e+00   0.000000e+00     41s

Solved in 2402 iterations and 41.10 seconds (55.62 work units)
Optimal objective  3.301451741e+06
Set parameter TimeLimit to value 8.1635925950156525e+02
Set parameter Method to value 1
Gurobi Optimizer version 12.0.3 build v12.0.3rc0 (linux64 - "Ubuntu 24.04.4 LTS")

CPU model: Intel(R) Xeon(R) Gold 5218R CPU @ 2.10GHz, instruction set [SSE2|AVX|AVX2|AVX512]
Thread count: 40 physical cores, 40 logical processors, using up to 1 threads

Non-default parameters:
TimeLimit  8.1635925950156525e+02
Method  1
BarHomogeneous  1
Threads  1

Optimize a model with 816 rows, 257925 columns and 7201007 nonzeros
Coefficient statistics:
  Matrix range     [1e+00, 1e+00]
  Objective range  [1e+05, 5e+05]
  Bounds range     [0e+00, 0e+00]
  RHS range        [1e+00, 1e+00]
LP warm-start: use basis

Iteration    Objective       Primal Inf.    Dual Inf.      Time
       0   -9.2804452e+30   1.812334e+34   9.280445e+00      1s
     401    3.3014517e+06   5.486360e+02   0.000000e+00      7s
     640    3.3014517e+06   1.682420e+01   0.000000e+00     11s
     880    3.3014517e+06   1.640095e+00   0.000000e+00     16s
    1045    3.3014517e+06   0.000000e+00   0.000000e+00     19s

Solved in 1045 iterations and 19.35 seconds (24.37 work units)
Optimal objective  3.301451740e+06
Set parameter TimeLimit to value 7.7369120148429647e+02
Set parameter Method to value 1
Gurobi Optimizer version 12.0.3 build v12.0.3rc0 (linux64 - "Ubuntu 24.04.4 LTS")

CPU model: Intel(R) Xeon(R) Gold 5218R CPU @ 2.10GHz, instruction set [SSE2|AVX|AVX2|AVX512]
Thread count: 40 physical cores, 40 logical processors, using up to 1 threads

Non-default parameters:
TimeLimit  7.7369120148429647e+02
Method  1
BarHomogeneous  1
Threads  1

Optimize a model with 816 rows, 257955 columns and 7201936 nonzeros
Coefficient statistics:
  Matrix range     [1e+00, 1e+00]
  Objective range  [1e+05, 5e+05]
  Bounds range     [0e+00, 0e+00]
  RHS range        [1e+00, 1e+00]
LP warm-start: use basis

Iteration    Objective       Primal Inf.    Dual Inf.      Time
       0   -9.3987004e+30   1.201809e+34   9.398700e+00      1s
     139    3.3014517e+06   0.000000e+00   0.000000e+00      3s

Solved in 139 iterations and 2.96 seconds (3.75 work units)
Optimal objective  3.301451740e+06
Set parameter TimeLimit to value 7.4643896365026012e+02
Set parameter Method to value 1
Gurobi Optimizer version 12.0.3 build v12.0.3rc0 (linux64 - "Ubuntu 24.04.4 LTS")

CPU model: Intel(R) Xeon(R) Gold 5218R CPU @ 2.10GHz, instruction set [SSE2|AVX|AVX2|AVX512]
Thread count: 40 physical cores, 40 logical processors, using up to 1 threads

Non-default parameters:
TimeLimit  7.4643896365026012e+02
Method  1
BarHomogeneous  1
Threads  1

Optimize a model with 816 rows, 257985 columns and 7202954 nonzeros
Coefficient statistics:
  Matrix range     [1e+00, 1e+00]
  Objective range  [1e+05, 5e+05]
  Bounds range     [0e+00, 0e+00]
  RHS range        [1e+00, 1e+00]
LP warm-start: use basis

Iteration    Objective       Primal Inf.    Dual Inf.      Time
       0   -6.6378370e+30   1.695213e+34   6.637838e+00      1s
     316   -3.1826963e+28   2.575974e+32   3.182698e-02      5s
     634    3.3014517e+06   1.638332e+02   0.000000e+00     11s
     984    3.3014517e+06   1.611576e+01   0.000000e+00     17s
    1221    3.3014517e+06   2.926186e+01   0.000000e+00     21s
    1461    3.3014517e+06   4.119733e+00   0.000000e+00     25s
    1675    3.3014517e+06   0.000000e+00   0.000000e+00     29s

Solved in 1675 iterations and 29.00 seconds (39.41 work units)
Optimal objective  3.301451737e+06
Set parameter TimeLimit to value 6.9156353254616261e+02
Set parameter Method to value 1
Gurobi Optimizer version 12.0.3 build v12.0.3rc0 (linux64 - "Ubuntu 24.04.4 LTS")

CPU model: Intel(R) Xeon(R) Gold 5218R CPU @ 2.10GHz, instruction set [SSE2|AVX|AVX2|AVX512]
Thread count: 40 physical cores, 40 logical processors, using up to 1 threads

Non-default parameters:
TimeLimit  6.9156353254616261e+02
Method  1
BarHomogeneous  1
Threads  1

Optimize a model with 816 rows, 258015 columns and 7204032 nonzeros
Coefficient statistics:
  Matrix range     [1e+00, 1e+00]
  Objective range  [1e+05, 5e+05]
  Bounds range     [0e+00, 0e+00]
  RHS range        [1e+00, 1e+00]
LP warm-start: use basis

Iteration    Objective       Primal Inf.    Dual Inf.      Time
       0   -8.3236974e+30   1.118153e+34   8.323698e+00      1s
     122    3.3014517e+06   0.000000e+00   0.000000e+00      3s

Solved in 122 iterations and 2.80 seconds (3.29 work units)
Optimal objective  3.301451737e+06
Set parameter TimeLimit to value 6.6480218270886689e+02
Set parameter Method to value 1
Gurobi Optimizer version 12.0.3 build v12.0.3rc0 (linux64 - "Ubuntu 24.04.4 LTS")

CPU model: Intel(R) Xeon(R) Gold 5218R CPU @ 2.10GHz, instruction set [SSE2|AVX|AVX2|AVX512]
Thread count: 40 physical cores, 40 logical processors, using up to 1 threads

Non-default parameters:
TimeLimit  6.6480218270886689e+02
Method  1
BarHomogeneous  1
Threads  1

Optimize a model with 816 rows, 258045 columns and 7205110 nonzeros
Coefficient statistics:
  Matrix range     [1e+00, 1e+00]
  Objective range  [1e+05, 5e+05]
  Bounds range     [0e+00, 0e+00]
  RHS range        [1e+00, 1e+00]
LP warm-start: use basis

Iteration    Objective       Primal Inf.    Dual Inf.      Time
       0   -7.0702846e+30   1.787088e+34   7.070285e+00      1s
     100    3.3014517e+06   0.000000e+00   0.000000e+00      3s

Solved in 100 iterations and 2.69 seconds (2.76 work units)
Optimal objective  3.301451737e+06
Set parameter TimeLimit to value 6.3991960119456053e+02
Set parameter Method to value 1
Gurobi Optimizer version 12.0.3 build v12.0.3rc0 (linux64 - "Ubuntu 24.04.4 LTS")

CPU model: Intel(R) Xeon(R) Gold 5218R CPU @ 2.10GHz, instruction set [SSE2|AVX|AVX2|AVX512]
Thread count: 40 physical cores, 40 logical processors, using up to 1 threads

Non-default parameters:
TimeLimit  6.3991960119456053e+02
Method  1
BarHomogeneous  1
Threads  1

Optimize a model with 816 rows, 258075 columns and 7206139 nonzeros
Coefficient statistics:
  Matrix range     [1e+00, 1e+00]
  Objective range  [1e+05, 5e+05]
  Bounds range     [0e+00, 0e+00]
  RHS range        [1e+00, 1e+00]
LP warm-start: use basis

Iteration    Objective       Primal Inf.    Dual Inf.      Time
       0   -6.7277878e+30   2.788216e+34   6.727788e+00      0s
     317   -1.2413866e+29   8.096482e+32   1.241387e-01      6s
     635    3.3014516e+06   2.627960e+03   0.000000e+00     11s
     874    3.3014517e+06   3.772733e+02   0.000000e+00     15s
    1233    3.3014517e+06   7.796961e+01   0.000000e+00     22s
    1471    3.3014517e+06   5.638424e+01   0.000000e+00     26s
    1710    3.3014517e+06   1.590184e+01   0.000000e+00     30s
    2069    3.3014517e+06   2.207430e+01   0.000000e+00     36s
    2305    3.3014517e+06   2.664395e+00   0.000000e+00     41s
    2370    3.3014517e+06   0.000000e+00   0.000000e+00     42s

Solved in 2370 iterations and 41.95 seconds (55.53 work units)
Optimal objective  3.301451730e+06
Set parameter TimeLimit to value 5.7192149066785350e+02
Set parameter Method to value 1
Gurobi Optimizer version 12.0.3 build v12.0.3rc0 (linux64 - "Ubuntu 24.04.4 LTS")

CPU model: Intel(R) Xeon(R) Gold 5218R CPU @ 2.10GHz, instruction set [SSE2|AVX|AVX2|AVX512]
Thread count: 40 physical cores, 40 logical processors, using up to 1 threads

Non-default parameters:
TimeLimit  5.7192149066785350e+02
Method  1
BarHomogeneous  1
Threads  1

Optimize a model with 816 rows, 258105 columns and 7206972 nonzeros
Coefficient statistics:
  Matrix range     [1e+00, 1e+00]
  Objective range  [1e+05, 5e+05]
  Bounds range     [0e+00, 0e+00]
  RHS range        [1e+00, 1e+00]
LP warm-start: use basis

Iteration    Objective       Primal Inf.    Dual Inf.      Time
       0   -9.0879979e+30   2.007227e+34   9.087998e+00      1s
     329   -2.6951266e+29   1.421532e+33   2.695127e-01      5s
     689   -1.6873422e+27   6.073618e+31   1.688277e-03     11s
     929    3.3014517e+06   1.519907e+02   0.000000e+00     15s
    1285    3.3014517e+06   1.300186e+02   0.000000e+00     22s
    1522    3.3014517e+06   1.943856e+02   0.000000e+00     25s
    1762    3.3014517e+06   5.115829e+01   0.000000e+00     30s
    2120    3.3014517e+06   1.095857e+01   0.000000e+00     37s
    2357    3.3014517e+06   3.672332e+01   0.000000e+00     41s
    2597    3.3014517e+06   4.540372e+00   0.000000e+00     45s
    2771    3.3014517e+06   0.000000e+00   0.000000e+00     48s

Solved in 2771 iterations and 48.25 seconds (64.32 work units)
Optimal objective  3.301451725e+06
Set parameter TimeLimit to value 4.9753593621077016e+02
Set parameter Method to value 1
Gurobi Optimizer version 12.0.3 build v12.0.3rc0 (linux64 - "Ubuntu 24.04.4 LTS")

CPU model: Intel(R) Xeon(R) Gold 5218R CPU @ 2.10GHz, instruction set [SSE2|AVX|AVX2|AVX512]
Thread count: 40 physical cores, 40 logical processors, using up to 1 threads

Non-default parameters:
TimeLimit  4.9753593621077016e+02
Method  1
BarHomogeneous  1
Threads  1

Optimize a model with 816 rows, 258135 columns and 7207858 nonzeros
Coefficient statistics:
  Matrix range     [1e+00, 1e+00]
  Objective range  [1e+05, 5e+05]
  Bounds range     [0e+00, 0e+00]
  RHS range        [1e+00, 1e+00]
LP warm-start: use basis

Iteration    Objective       Primal Inf.    Dual Inf.      Time
       0   -7.2004534e+30   7.108035e+33   7.200454e+00      1s
      81    3.3014517e+06   0.000000e+00   0.000000e+00      2s

Solved in 81 iterations and 1.99 seconds (2.32 work units)
Optimal objective  3.301451725e+06
Set parameter TimeLimit to value 472.424650803674
Set parameter Method to value 1
Gurobi Optimizer version 12.0.3 build v12.0.3rc0 (linux64 - "Ubuntu 24.04.4 LTS")

CPU model: Intel(R) Xeon(R) Gold 5218R CPU @ 2.10GHz, instruction set [SSE2|AVX|AVX2|AVX512]
Thread count: 40 physical cores, 40 logical processors, using up to 1 threads

Non-default parameters:
TimeLimit  472.424650803674
Method  1
BarHomogeneous  1
Threads  1

Optimize a model with 816 rows, 258165 columns and 7208876 nonzeros
Coefficient statistics:
  Matrix range     [1e+00, 1e+00]
  Objective range  [1e+05, 5e+05]
  Bounds range     [0e+00, 0e+00]
  RHS range        [1e+00, 1e+00]
LP warm-start: use basis

Iteration    Objective       Primal Inf.    Dual Inf.      Time
       0   -6.2336099e+30   1.210861e+34   6.233610e+00      1s
     320   -1.0551741e+29   4.370143e+32   1.055174e-01      6s
     599   -2.3526795e+28   1.120415e+33   2.352686e-02     10s
     890    3.3014517e+06   3.575641e+02   0.000000e+00     16s
    1249    3.3014517e+06   1.576219e+02   0.000000e+00     22s
    1488    3.3014517e+06   2.148928e+02   0.000000e+00     26s
    1727    3.3014517e+06   5.890854e+01   0.000000e+00     31s
    1967    3.3014517e+06   2.432557e+02   0.000000e+00     36s
    2325    3.3014517e+06   2.948224e+01   0.000000e+00     42s
    2564    3.3014517e+06   1.640187e+00   0.000000e+00     46s
    2803    3.3014517e+06   2.005128e+00   0.000000e+00     50s
    2998    3.3014517e+06   0.000000e+00   0.000000e+00     54s

Solved in 2998 iterations and 53.84 seconds (71.00 work units)
Optimal objective  3.301451719e+06
Set parameter TimeLimit to value 3.9240736171044409e+02
Set parameter Method to value 1
Gurobi Optimizer version 12.0.3 build v12.0.3rc0 (linux64 - "Ubuntu 24.04.4 LTS")

CPU model: Intel(R) Xeon(R) Gold 5218R CPU @ 2.10GHz, instruction set [SSE2|AVX|AVX2|AVX512]
Thread count: 40 physical cores, 40 logical processors, using up to 1 threads

Non-default parameters:
TimeLimit  3.9240736171044409e+02
Method  1
BarHomogeneous  1
Threads  1

Optimize a model with 816 rows, 258195 columns and 7209796 nonzeros
Coefficient statistics:
  Matrix range     [1e+00, 1e+00]
  Objective range  [1e+05, 5e+05]
  Bounds range     [0e+00, 0e+00]
  RHS range        [1e+00, 1e+00]
LP warm-start: use basis

Iteration    Objective       Primal Inf.    Dual Inf.      Time
       0   -6.6024146e+30   7.967763e+33   6.602414e+00      1s
      97    3.3014517e+06   0.000000e+00   0.000000e+00      2s

Solved in 97 iterations and 2.19 seconds (2.68 work units)
Optimal objective  3.301451719e+06
Set parameter TimeLimit to value 3.6726033578161150e+02
Set parameter Method to value 1
Gurobi Optimizer version 12.0.3 build v12.0.3rc0 (linux64 - "Ubuntu 24.04.4 LTS")

CPU model: Intel(R) Xeon(R) Gold 5218R CPU @ 2.10GHz, instruction set [SSE2|AVX|AVX2|AVX512]
Thread count: 40 physical cores, 40 logical processors, using up to 1 threads

Non-default parameters:
TimeLimit  3.6726033578161150e+02
Method  1
BarHomogeneous  1
Threads  1

Optimize a model with 816 rows, 258225 columns and 7210725 nonzeros
Coefficient statistics:
  Matrix range     [1e+00, 1e+00]
  Objective range  [1e+05, 5e+05]
  Bounds range     [0e+00, 0e+00]
  RHS range        [1e+00, 1e+00]
LP warm-start: use basis

Iteration    Objective       Primal Inf.    Dual Inf.      Time
       0   -6.0740403e+30   1.092978e+34   6.074040e+00      1s
      94    3.3014517e+06   0.000000e+00   0.000000e+00      2s

Solved in 94 iterations and 2.21 seconds (2.61 work units)
Optimal objective  3.301451719e+06
Set parameter TimeLimit to value 3.4032856716029346e+02
Set parameter Method to value 1
Gurobi Optimizer version 12.0.3 build v12.0.3rc0 (linux64 - "Ubuntu 24.04.4 LTS")

CPU model: Intel(R) Xeon(R) Gold 5218R CPU @ 2.10GHz, instruction set [SSE2|AVX|AVX2|AVX512]
Thread count: 40 physical cores, 40 logical processors, using up to 1 threads

Non-default parameters:
TimeLimit  3.4032856716029346e+02
Method  1
BarHomogeneous  1
Threads  1

Optimize a model with 816 rows, 258255 columns and 7211695 nonzeros
Coefficient statistics:
  Matrix range     [1e+00, 1e+00]
  Objective range  [1e+05, 5e+05]
  Bounds range     [0e+00, 0e+00]
  RHS range        [1e+00, 1e+00]
LP warm-start: use basis

Iteration    Objective       Primal Inf.    Dual Inf.      Time
       0   -5.5711129e+30   6.486133e+33   5.571113e+00      0s
     327   -1.0910399e+29   5.958173e+32   1.091040e-01      5s
     630    3.3014517e+06   2.018192e+02   0.000000e+00     10s
     986    3.3014517e+06   1.352863e+02   0.000000e+00     17s
    1222    3.3014517e+06   4.893371e+01   0.000000e+00     21s
    1582    3.3014517e+06   5.512437e+01   0.000000e+00     27s
    1820    3.3014517e+06   5.395261e+00   0.000000e+00     31s
    2145    3.3014517e+06   0.000000e+00   0.000000e+00     36s

Solved in 2145 iterations and 36.19 seconds (49.95 work units)
Optimal objective  3.301451712e+06
Set parameter TimeLimit to value 2.8024699151609093e+02
Set parameter Method to value 1
Gurobi Optimizer version 12.0.3 build v12.0.3rc0 (linux64 - "Ubuntu 24.04.4 LTS")

CPU model: Intel(R) Xeon(R) Gold 5218R CPU @ 2.10GHz, instruction set [SSE2|AVX|AVX2|AVX512]
Thread count: 40 physical cores, 40 logical processors, using up to 1 threads

Non-default parameters:
TimeLimit  2.8024699151609093e+02
Method  1
BarHomogeneous  1
Threads  1

Optimize a model with 816 rows, 258285 columns and 7212680 nonzeros
Coefficient statistics:
  Matrix range     [1e+00, 1e+00]
  Objective range  [1e+05, 5e+05]
  Bounds range     [0e+00, 0e+00]
  RHS range        [1e+00, 1e+00]
LP warm-start: use basis

Iteration    Objective       Primal Inf.    Dual Inf.      Time
       0   -6.0830148e+30   6.810817e+33   6.083015e+00      1s
     333   -4.1197392e+29   1.333147e+33   4.119738e-01      5s
     627   -5.2156041e+28   2.199797e+33   5.215609e-02     11s
     906    3.3014516e+06   6.588625e+02   0.000000e+00     15s
    1264    3.3014517e+06   1.037169e+02   0.000000e+00     22s
    1498    3.3014517e+06   2.539048e+02   0.000000e+00     26s
    1856    3.3014517e+06   2.152649e+01   0.000000e+00     32s
    2092    3.3014517e+06   2.205483e+01   0.000000e+00     36s
    2451    3.3014517e+06   6.774118e+00   0.000000e+00     42s
    2690    3.3014517e+06   7.857655e-01   0.000000e+00     46s
    2880    3.3014517e+06   0.000000e+00   0.000000e+00     49s

Solved in 2880 iterations and 49.22 seconds (66.44 work units)
Optimal objective  3.301451705e+06
Set parameter TimeLimit to value 2.0608348143100739e+02
Set parameter Method to value 1
Gurobi Optimizer version 12.0.3 build v12.0.3rc0 (linux64 - "Ubuntu 24.04.4 LTS")

CPU model: Intel(R) Xeon(R) Gold 5218R CPU @ 2.10GHz, instruction set [SSE2|AVX|AVX2|AVX512]
Thread count: 40 physical cores, 40 logical processors, using up to 1 threads

Non-default parameters:
TimeLimit  2.0608348143100739e+02
Method  1
BarHomogeneous  1
Threads  1

Optimize a model with 816 rows, 258315 columns and 7213690 nonzeros
Coefficient statistics:
  Matrix range     [1e+00, 1e+00]
  Objective range  [1e+05, 5e+05]
  Bounds range     [0e+00, 0e+00]
  RHS range        [1e+00, 1e+00]
LP warm-start: use basis

Iteration    Objective       Primal Inf.    Dual Inf.      Time
       0   -5.1433918e+30   1.601625e+34   5.143392e+00      1s
     326   -1.3231336e+29   6.512578e+32   1.323133e-01      5s
     684    3.3014516e+06   9.835819e+01   0.000000e+00     11s
    1038    3.3014517e+06   1.476741e+02   0.000000e+00     17s
    1272    3.3014517e+06   1.806067e+02   0.000000e+00     21s
    1626    3.3014517e+06   4.521166e+01   0.000000e+00     27s
    1864    3.3014517e+06   1.795862e+01   0.000000e+00     31s
    2220    3.3014517e+06   3.050054e+01   0.000000e+00     37s
    2460    3.3014517e+06   3.650913e+00   0.000000e+00     42s
    2700    3.3014517e+06   4.743867e-02   0.000000e+00     46s
    2752    3.3014517e+06   0.000000e+00   0.000000e+00     47s

Solved in 2752 iterations and 46.57 seconds (64.02 work units)
Optimal objective  3.301451701e+06
Set parameter TimeLimit to value 1.3440800241660327e+02
Set parameter Method to value 1
Gurobi Optimizer version 12.0.3 build v12.0.3rc0 (linux64 - "Ubuntu 24.04.4 LTS")

CPU model: Intel(R) Xeon(R) Gold 5218R CPU @ 2.10GHz, instruction set [SSE2|AVX|AVX2|AVX512]
Thread count: 40 physical cores, 40 logical processors, using up to 1 threads

Non-default parameters:
TimeLimit  1.3440800241660327e+02
Method  1
BarHomogeneous  1
Threads  1

Optimize a model with 816 rows, 258345 columns and 7214700 nonzeros
Coefficient statistics:
  Matrix range     [1e+00, 1e+00]
  Objective range  [1e+05, 5e+05]
  Bounds range     [0e+00, 0e+00]
  RHS range        [1e+00, 1e+00]
LP warm-start: use basis

Iteration    Objective       Primal Inf.    Dual Inf.      Time
       0   -5.6602565e+30   1.649718e+34   5.660257e+00      1s
     324   -2.8222426e+29   1.084832e+33   2.822243e-01      5s
     643   -4.6181406e+28   3.851524e+32   4.618142e-02     10s
    1001    3.3014516e+06   1.094432e+03   0.000000e+00     16s
    1240    3.3014517e+06   1.031367e+02   0.000000e+00     20s
    1600    3.3014517e+06   9.462751e+01   0.000000e+00     27s
    1840    3.3014517e+06   2.405828e+02   0.000000e+00     31s
    2080    3.3014517e+06   3.048915e+02   0.000000e+00     35s
    2438    3.3014517e+06   3.429362e+01   0.000000e+00     41s
    2678    3.3014517e+06   1.256369e+01   0.000000e+00     45s
    3020    3.3014517e+06   0.000000e+00   0.000000e+00     51s

Solved in 3020 iterations and 51.43 seconds (70.44 work units)
Optimal objective  3.301451696e+06
Set parameter TimeLimit to value 5.7226733653340489e+01
Set parameter Method to value 1
Gurobi Optimizer version 12.0.3 build v12.0.3rc0 (linux64 - "Ubuntu 24.04.4 LTS")

CPU model: Intel(R) Xeon(R) Gold 5218R CPU @ 2.10GHz, instruction set [SSE2|AVX|AVX2|AVX512]
Thread count: 40 physical cores, 40 logical processors, using up to 1 threads

Non-default parameters:
TimeLimit  5.7226733653340489e+01
Method  1
BarHomogeneous  1
Threads  1

Optimize a model with 816 rows, 258375 columns and 7215509 nonzeros
Coefficient statistics:
  Matrix range     [1e+00, 1e+00]
  Objective range  [1e+05, 5e+05]
  Bounds range     [0e+00, 0e+00]
  RHS range        [1e+00, 1e+00]
LP warm-start: use basis

Iteration    Objective       Primal Inf.    Dual Inf.      Time
       0   -5.6985981e+30   8.998438e+33   5.698598e+00      1s
     117    3.3014517e+06   0.000000e+00   0.000000e+00      3s

Solved in 117 iterations and 3.23 seconds (3.17 work units)
Optimal objective  3.301451696e+06
Set parameter TimeLimit to value 3.0732215648982674e+01
Set parameter Method to value 1
Gurobi Optimizer version 12.0.3 build v12.0.3rc0 (linux64 - "Ubuntu 24.04.4 LTS")

CPU model: Intel(R) Xeon(R) Gold 5218R CPU @ 2.10GHz, instruction set [SSE2|AVX|AVX2|AVX512]
Thread count: 40 physical cores, 40 logical processors, using up to 1 threads

Non-default parameters:
TimeLimit  3.0732215648982674e+01
Method  1
BarHomogeneous  1
Threads  1

Optimize a model with 816 rows, 258405 columns and 7216475 nonzeros
Coefficient statistics:
  Matrix range     [1e+00, 1e+00]
  Objective range  [1e+05, 5e+05]
  Bounds range     [0e+00, 0e+00]
  RHS range        [1e+00, 1e+00]
LP warm-start: use basis

Iteration    Objective       Primal Inf.    Dual Inf.      Time
       0   -5.0560773e+30   5.000930e+33   5.056077e+00      1s
     339   -6.2496732e+29   2.059704e+33   6.249675e-01      5s
     662   -1.3472729e+29   1.410439e+33   1.347273e-01     10s
    1060    3.3014516e+06   6.690629e+03   0.000000e+00     17s
    1298    3.3014516e+06   7.894917e+02   0.000000e+00     21s
    1656    3.3014516e+06   2.967556e+02   0.000000e+00     27s
    1892    3.3014517e+06   1.011014e+02   0.000000e+00     31s

Stopped in 1903 iterations and 30.75 seconds (43.01 work units)
Time limit reached
Set parameter TimeLimit to value 1.8364703111816198e+01
Set parameter Method to value 1
Gurobi Optimizer version 12.0.3 build v12.0.3rc0 (linux64 - "Ubuntu 24.04.4 LTS")

CPU model: Intel(R) Xeon(R) Gold 5218R CPU @ 2.10GHz, instruction set [SSE2|AVX|AVX2|AVX512]
Thread count: 40 physical cores, 40 logical processors, using up to 1 threads

Non-default parameters:
TimeLimit  1.8364703111816198e+01
Method  1
BarHomogeneous  1
Threads  1

Optimize a model with 816 rows, 258405 columns and 7216475 nonzeros
Coefficient statistics:
  Matrix range     [1e+00, 1e+00]
  Objective range  [1e+05, 5e+05]
  Bounds range     [0e+00, 0e+00]
  RHS range        [1e+00, 1e+00]

Iteration    Objective       Primal Inf.    Dual Inf.      Time
       0    3.3014517e+06   1.477789e+02   0.000000e+00      0s
     345    3.3014517e+06   4.904792e+01   0.000000e+00      6s
     584    3.3014517e+06   1.181533e+02   0.000000e+00     10s
     941    3.3014517e+06   7.356029e+01   0.000000e+00     16s

Stopped in 1074 iterations and 18.37 seconds (25.73 work units)
Time limit reached
