cell_id,scale,selection_replicate,duty_id,trip_count,known_partition_continuously_feasible,known_partition_in_primary_expanded_space,fixed_sequence_pricing_certified,first_feasible_soc_step,first_feasible_block_min,nonrepresentability_reason,primary_soc_step,primary_block_min,adaptive_sensitivity_run,instance_file_sha256,ordered_trip_id_set_sha256,solver_local_trip_index_sha256,ordered_trip_sequence_sha256,trip_identity_schema
k02_s1,2,1,13310,24,True,False,True,1.0,5,no fixed-duty transition 21->22,15.0,10,True,57f672139f86849429c2f580bb68126246aca7b804f9303239fbe1a35fba887e,a407961032cd6f499e4e9a705caaa7713955e1ae1dc57748b5afca330bbe8cee,c0edbccd404124dae80b80f600e8459f8bc3f3508e1901301a4101765178e9d2,92781fae41798dcabf5c91628627a20f3c68223cb2da50bdb844daf9979b6e32,evsp-dr-trip-identity-v1
k02_s1,2,1,13316m,23,True,False,True,1.0,5,no fixed-duty transition 40->41,15.0,10,True,57f672139f86849429c2f580bb68126246aca7b804f9303239fbe1a35fba887e,a407961032cd6f499e4e9a705caaa7713955e1ae1dc57748b5afca330bbe8cee,c0edbccd404124dae80b80f600e8459f8bc3f3508e1901301a4101765178e9d2,92781fae41798dcabf5c91628627a20f3c68223cb2da50bdb844daf9979b6e32,evsp-dr-trip-identity-v1
k02_s2,2,2,13406,14,True,True,True,15.0,10,,15.0,10,True,6ca7e2db690120699d59fc81428b0f1af00c5cc3889770e8f2860af040244932,979995f2efbb0cd1e3b793c0ef76ea5c3bc8c4a07df939507a4d196b2b00018d,d22dfb2adc3de0a6517f8dad765a2104d21bcf25b91f530c686b73b836de7c58,979995f2efbb0cd1e3b793c0ef76ea5c3bc8c4a07df939507a4d196b2b00018d,evsp-dr-trip-identity-v1
k02_s2,2,2,13413,15,True,False,True,1.0,5,no fixed-duty transition 14->16,15.0,10,True,6ca7e2db690120699d59fc81428b0f1af00c5cc3889770e8f2860af040244932,979995f2efbb0cd1e3b793c0ef76ea5c3bc8c4a07df939507a4d196b2b00018d,d22dfb2adc3de0a6517f8dad765a2104d21bcf25b91f530c686b73b836de7c58,979995f2efbb0cd1e3b793c0ef76ea5c3bc8c4a07df939507a4d196b2b00018d,evsp-dr-trip-identity-v1
k02_s3,2,3,13305,30,True,False,True,1.0,5,no fixed-duty transition 18->22,15.0,10,True,ec5d73b5b841b36be694c3ef8e4003b8cdfa1997f6f8afb8e6b7aad7581461b5,64f4365ccabe2c8071141cd370633c431b47182261d5292ef58fb35e9f324ab0,59835c4c63a2976ca7a03da717fa1385f74c9373df697bf4d88d6b0181bf0fbe,2a976be3dbdb9226dd7adaa85342699d69f10ded1e94c7f5a8c057aa41fd8339,evsp-dr-trip-identity-v1
k02_s3,2,3,13322,26,True,False,True,1.0,5,no fixed-duty transition 28->30,15.0,10,True,ec5d73b5b841b36be694c3ef8e4003b8cdfa1997f6f8afb8e6b7aad7581461b5,64f4365ccabe2c8071141cd370633c431b47182261d5292ef58fb35e9f324ab0,59835c4c63a2976ca7a03da717fa1385f74c9373df697bf4d88d6b0181bf0fbe,2a976be3dbdb9226dd7adaa85342699d69f10ded1e94c7f5a8c057aa41fd8339,evsp-dr-trip-identity-v1
k03_s1,3,1,13310,24,True,False,True,1.0,5,no fixed-duty transition 27->29,15.0,10,True,e6ed7045cb2778b4de5954163a91d7ad439b9c6e3f42dd823c122c2ae35cbec5,2f3faac2152fde74ffc940b3bc49aafe3bc8b8fbbadd5ac6f0a30fb174d66a71,793ccb3f72f281f1079fdcc2a59de67f31c784d21f31832c86270748fa1a7978,95b4cee1684575e7b83a46f379a8746a07d4beeff3731c95bb5114a3489dcdfb,evsp-dr-trip-identity-v1
k03_s1,3,1,13316m,23,True,False,True,1.0,5,no fixed-duty transition 50->51,15.0,10,True,e6ed7045cb2778b4de5954163a91d7ad439b9c6e3f42dd823c122c2ae35cbec5,2f3faac2152fde74ffc940b3bc49aafe3bc8b8fbbadd5ac6f0a30fb174d66a71,793ccb3f72f281f1079fdcc2a59de67f31c784d21f31832c86270748fa1a7978,95b4cee1684575e7b83a46f379a8746a07d4beeff3731c95bb5114a3489dcdfb,evsp-dr-trip-identity-v1
k03_s1,3,1,13406,14,True,True,True,15.0,10,,15.0,10,True,e6ed7045cb2778b4de5954163a91d7ad439b9c6e3f42dd823c122c2ae35cbec5,2f3faac2152fde74ffc940b3bc49aafe3bc8b8fbbadd5ac6f0a30fb174d66a71,793ccb3f72f281f1079fdcc2a59de67f31c784d21f31832c86270748fa1a7978,95b4cee1684575e7b83a46f379a8746a07d4beeff3731c95bb5114a3489dcdfb,evsp-dr-trip-identity-v1
k03_s2,3,2,13305,30,True,False,True,1.0,5,no fixed-duty transition 22->26,15.0,10,True,0205f86e964212942b6af5690adcbcd006df8263cc2fe103ea7923d28e378397,f43ef331a5c58db428971e6c1062e83f83c15defa8e93fb953de533ca19c9931,3f8ba1ba684e8716db420439c0482e269791fcedcaf91d0fb285a0fed7cd468e,040d23f7228ec3338ab957ed870e3d99daaacf8532e7b7fe5c4f90c4032d7bf0,evsp-dr-trip-identity-v1
k03_s2,3,2,13322,26,True,False,True,1.0,5,no fixed-duty transition 33->36,15.0,10,True,0205f86e964212942b6af5690adcbcd006df8263cc2fe103ea7923d28e378397,f43ef331a5c58db428971e6c1062e83f83c15defa8e93fb953de533ca19c9931,3f8ba1ba684e8716db420439c0482e269791fcedcaf91d0fb285a0fed7cd468e,040d23f7228ec3338ab957ed870e3d99daaacf8532e7b7fe5c4f90c4032d7bf0,evsp-dr-trip-identity-v1
k03_s2,3,2,13413,15,True,False,True,1.0,5,no fixed-duty transition 39->46,15.0,10,True,0205f86e964212942b6af5690adcbcd006df8263cc2fe103ea7923d28e378397,f43ef331a5c58db428971e6c1062e83f83c15defa8e93fb953de533ca19c9931,3f8ba1ba684e8716db420439c0482e269791fcedcaf91d0fb285a0fed7cd468e,040d23f7228ec3338ab957ed870e3d99daaacf8532e7b7fe5c4f90c4032d7bf0,evsp-dr-trip-identity-v1
k03_s3,3,3,13319,27,True,False,True,1.0,5,no fixed-duty transition 32->33,15.0,10,True,2532b4fb13b6c22968578a3abd6d909986116318a08a3506ed7e41b41aa43f95,58b741176a2a04a2fdbd97f6b53fa4af47845d2c7b2f16728bc6a75f3d2b9f15,c0edbccd404124dae80b80f600e8459f8bc3f3508e1901301a4101765178e9d2,5081087f90b625605596d7b21aefe13e7434daf388be109ea8bdfcac5868aa18,evsp-dr-trip-identity-v1
k03_s3,3,3,13323,8,True,True,True,15.0,10,,15.0,10,True,2532b4fb13b6c22968578a3abd6d909986116318a08a3506ed7e41b41aa43f95,58b741176a2a04a2fdbd97f6b53fa4af47845d2c7b2f16728bc6a75f3d2b9f15,c0edbccd404124dae80b80f600e8459f8bc3f3508e1901301a4101765178e9d2,5081087f90b625605596d7b21aefe13e7434daf388be109ea8bdfcac5868aa18,evsp-dr-trip-identity-v1
k03_s3,3,3,13414,12,True,True,True,15.0,10,,15.0,10,True,2532b4fb13b6c22968578a3abd6d909986116318a08a3506ed7e41b41aa43f95,58b741176a2a04a2fdbd97f6b53fa4af47845d2c7b2f16728bc6a75f3d2b9f15,c0edbccd404124dae80b80f600e8459f8bc3f3508e1901301a4101765178e9d2,5081087f90b625605596d7b21aefe13e7434daf388be109ea8bdfcac5868aa18,evsp-dr-trip-identity-v1
k05_s1,5,1,13302,50,True,False,True,1.0,5,no fixed-duty transition 24->26,15.0,10,True,fc10ac0707becb960364e76b8c1e1c414d5d5639cbc3b7dadaf67a77e03f5322,adfd3e457bb5cc0949c75e89d4864afed439e1c5fd8059e2fa3653013683b01c,7de95596d3401a0a888332041962b3f5908ac53503c5e0b6dfa8e2634ff034c1,3663cb70ac1b0580bd0a75dc54e52ec9fc145def081eeb794963675961294609,evsp-dr-trip-identity-v1
k05_s1,5,1,13408,11,True,False,True,1.0,5,no fixed-duty transition 32->39,15.0,10,True,fc10ac0707becb960364e76b8c1e1c414d5d5639cbc3b7dadaf67a77e03f5322,adfd3e457bb5cc0949c75e89d4864afed439e1c5fd8059e2fa3653013683b01c,7de95596d3401a0a888332041962b3f5908ac53503c5e0b6dfa8e2634ff034c1,3663cb70ac1b0580bd0a75dc54e52ec9fc145def081eeb794963675961294609,evsp-dr-trip-identity-v1
k05_s1,5,1,13410,15,True,False,True,1.0,5,no fixed-duty transition 49->55,15.0,10,True,fc10ac0707becb960364e76b8c1e1c414d5d5639cbc3b7dadaf67a77e03f5322,adfd3e457bb5cc0949c75e89d4864afed439e1c5fd8059e2fa3653013683b01c,7de95596d3401a0a888332041962b3f5908ac53503c5e0b6dfa8e2634ff034c1,3663cb70ac1b0580bd0a75dc54e52ec9fc145def081eeb794963675961294609,evsp-dr-trip-identity-v1
k05_s1,5,1,13411,14,True,False,False,,,no fixed-duty transition 46->53;blocked_through_1kwh_5min,15.0,10,True,fc10ac0707becb960364e76b8c1e1c414d5d5639cbc3b7dadaf67a77e03f5322,adfd3e457bb5cc0949c75e89d4864afed439e1c5fd8059e2fa3653013683b01c,7de95596d3401a0a888332041962b3f5908ac53503c5e0b6dfa8e2634ff034c1,3663cb70ac1b0580bd0a75dc54e52ec9fc145def081eeb794963675961294609,evsp-dr-trip-identity-v1
k05_s1,5,1,13412,15,True,True,True,15.0,10,,15.0,10,True,fc10ac0707becb960364e76b8c1e1c414d5d5639cbc3b7dadaf67a77e03f5322,adfd3e457bb5cc0949c75e89d4864afed439e1c5fd8059e2fa3653013683b01c,7de95596d3401a0a888332041962b3f5908ac53503c5e0b6dfa8e2634ff034c1,3663cb70ac1b0580bd0a75dc54e52ec9fc145def081eeb794963675961294609,evsp-dr-trip-identity-v1
k05_s2,5,2,13307,15,True,True,True,15.0,10,,15.0,10,True,6ffea0b8cd3a9d15846946f6828705dd3431b7bafc69bd572ca30ed4530d5cb8,ea0d8ab992af9a5197f384a8d54ac8e13e9087ce95d54e45c8b1230c34738518,e6c8b83a0a38c978d199f8542337640f7820a9567ac11561b69eed207dae19e9,1bd163a55ec517b12a7649b034f615ad9a00a0bb54b2922c1676c7c32cdd2a1b,evsp-dr-trip-identity-v1
k05_s2,5,2,13315,31,True,False,True,1.0,5,no fixed-duty transition 36->39,15.0,10,True,6ffea0b8cd3a9d15846946f6828705dd3431b7bafc69bd572ca30ed4530d5cb8,ea0d8ab992af9a5197f384a8d54ac8e13e9087ce95d54e45c8b1230c34738518,e6c8b83a0a38c978d199f8542337640f7820a9567ac11561b69eed207dae19e9,1bd163a55ec517b12a7649b034f615ad9a00a0bb54b2922c1676c7c32cdd2a1b,evsp-dr-trip-identity-v1
k05_s2,5,2,13326,21,True,False,True,1.0,5,no fixed-duty transition 57->61,15.0,10,True,6ffea0b8cd3a9d15846946f6828705dd3431b7bafc69bd572ca30ed4530d5cb8,ea0d8ab992af9a5197f384a8d54ac8e13e9087ce95d54e45c8b1230c34738518,e6c8b83a0a38c978d199f8542337640f7820a9567ac11561b69eed207dae19e9,1bd163a55ec517b12a7649b034f615ad9a00a0bb54b2922c1676c7c32cdd2a1b,evsp-dr-trip-identity-v1
k05_s2,5,2,13402,17,True,False,True,1.0,5,no fixed-duty transition 67->76,15.0,10,True,6ffea0b8cd3a9d15846946f6828705dd3431b7bafc69bd572ca30ed4530d5cb8,ea0d8ab992af9a5197f384a8d54ac8e13e9087ce95d54e45c8b1230c34738518,e6c8b83a0a38c978d199f8542337640f7820a9567ac11561b69eed207dae19e9,1bd163a55ec517b12a7649b034f615ad9a00a0bb54b2922c1676c7c32cdd2a1b,evsp-dr-trip-identity-v1
k05_s2,5,2,13407,17,True,False,True,2.5,10,no fixed-duty transition 93->95,15.0,10,True,6ffea0b8cd3a9d15846946f6828705dd3431b7bafc69bd572ca30ed4530d5cb8,ea0d8ab992af9a5197f384a8d54ac8e13e9087ce95d54e45c8b1230c34738518,e6c8b83a0a38c978d199f8542337640f7820a9567ac11561b69eed207dae19e9,1bd163a55ec517b12a7649b034f615ad9a00a0bb54b2922c1676c7c32cdd2a1b,evsp-dr-trip-identity-v1
k05_s3,5,3,13304,37,True,False,True,1.0,5,no fixed-duty transition 103->104,15.0,10,True,4a783b4f96ec47e28a693b921d51a4453ecfb1107d8c181a7739f42c41fd8500,cda19abd3781818d58246ead5c9c056ed1f700cedb2c0fa611157104251bc28d,412d8c9efa78943b471bf0a5b89a5ee9a0d88709908462406472e96e73693ceb,1c6f5f781dbf75d3fb5415863eb14ccf2270f659eac9524ce12d9b00ae3fc77c,evsp-dr-trip-identity-v1
k05_s3,5,3,13305,30,True,False,True,1.0,5,no fixed-duty transition 36->37,15.0,10,True,4a783b4f96ec47e28a693b921d51a4453ecfb1107d8c181a7739f42c41fd8500,cda19abd3781818d58246ead5c9c056ed1f700cedb2c0fa611157104251bc28d,412d8c9efa78943b471bf0a5b89a5ee9a0d88709908462406472e96e73693ceb,1c6f5f781dbf75d3fb5415863eb14ccf2270f659eac9524ce12d9b00ae3fc77c,evsp-dr-trip-identity-v1
k05_s3,5,3,13308,31,True,False,True,2.5,10,no fixed-duty transition 87->90,15.0,10,True,4a783b4f96ec47e28a693b921d51a4453ecfb1107d8c181a7739f42c41fd8500,cda19abd3781818d58246ead5c9c056ed1f700cedb2c0fa611157104251bc28d,412d8c9efa78943b471bf0a5b89a5ee9a0d88709908462406472e96e73693ceb,1c6f5f781dbf75d3fb5415863eb14ccf2270f659eac9524ce12d9b00ae3fc77c,evsp-dr-trip-identity-v1
k05_s3,5,3,13413,15,True,False,True,1.0,5,no fixed-duty transition 47->53,15.0,10,True,4a783b4f96ec47e28a693b921d51a4453ecfb1107d8c181a7739f42c41fd8500,cda19abd3781818d58246ead5c9c056ed1f700cedb2c0fa611157104251bc28d,412d8c9efa78943b471bf0a5b89a5ee9a0d88709908462406472e96e73693ceb,1c6f5f781dbf75d3fb5415863eb14ccf2270f659eac9524ce12d9b00ae3fc77c,evsp-dr-trip-identity-v1
k05_s3,5,3,13414,12,True,True,True,15.0,10,,15.0,10,True,4a783b4f96ec47e28a693b921d51a4453ecfb1107d8c181a7739f42c41fd8500,cda19abd3781818d58246ead5c9c056ed1f700cedb2c0fa611157104251bc28d,412d8c9efa78943b471bf0a5b89a5ee9a0d88709908462406472e96e73693ceb,1c6f5f781dbf75d3fb5415863eb14ccf2270f659eac9524ce12d9b00ae3fc77c,evsp-dr-trip-identity-v1
k08_s1,8,1,13301,36,True,False,False,,,no fixed-duty transition 125->132;adaptive_sensitivity_not_run_scale_gt5,15.0,10,False,5a26312461037c4273f16b60db985423e6189171a0fb75f8ea0ee85316e3f4d4,0e1ac0596751786596cda622bbd09c5a1f66ba0c39e12a9bb8f70dc4cc7de2c7,b056d18c47dd4cf03c7444764f00d409c6a61b3612e28399330be5d996c79ac1,b1faaf670b8b8fdf42b4fbaae2b904d9cfbd63f8be21534560fa4c3b2e7fde5b,evsp-dr-trip-identity-v1
k08_s1,8,1,13305,30,True,False,False,,,no fixed-duty transition 49->54;adaptive_sensitivity_not_run_scale_gt5,15.0,10,False,5a26312461037c4273f16b60db985423e6189171a0fb75f8ea0ee85316e3f4d4,0e1ac0596751786596cda622bbd09c5a1f66ba0c39e12a9bb8f70dc4cc7de2c7,b056d18c47dd4cf03c7444764f00d409c6a61b3612e28399330be5d996c79ac1,b1faaf670b8b8fdf42b4fbaae2b904d9cfbd63f8be21534560fa4c3b2e7fde5b,evsp-dr-trip-identity-v1
k08_s1,8,1,13316m,23,True,False,False,,,no fixed-duty transition 128->134;adaptive_sensitivity_not_run_scale_gt5,15.0,10,False,5a26312461037c4273f16b60db985423e6189171a0fb75f8ea0ee85316e3f4d4,0e1ac0596751786596cda622bbd09c5a1f66ba0c39e12a9bb8f70dc4cc7de2c7,b056d18c47dd4cf03c7444764f00d409c6a61b3612e28399330be5d996c79ac1,b1faaf670b8b8fdf42b4fbaae2b904d9cfbd63f8be21534560fa4c3b2e7fde5b,evsp-dr-trip-identity-v1
k08_s1,8,1,13318,33,True,False,False,,,no fixed-duty transition 139->146;adaptive_sensitivity_not_run_scale_gt5,15.0,10,False,5a26312461037c4273f16b60db985423e6189171a0fb75f8ea0ee85316e3f4d4,0e1ac0596751786596cda622bbd09c5a1f66ba0c39e12a9bb8f70dc4cc7de2c7,b056d18c47dd4cf03c7444764f00d409c6a61b3612e28399330be5d996c79ac1,b1faaf670b8b8fdf42b4fbaae2b904d9cfbd63f8be21534560fa4c3b2e7fde5b,evsp-dr-trip-identity-v1
k08_s1,8,1,13325,42,True,False,False,,,no fixed-duty transition 72->78;adaptive_sensitivity_not_run_scale_gt5,15.0,10,False,5a26312461037c4273f16b60db985423e6189171a0fb75f8ea0ee85316e3f4d4,0e1ac0596751786596cda622bbd09c5a1f66ba0c39e12a9bb8f70dc4cc7de2c7,b056d18c47dd4cf03c7444764f00d409c6a61b3612e28399330be5d996c79ac1,b1faaf670b8b8fdf42b4fbaae2b904d9cfbd63f8be21534560fa4c3b2e7fde5b,evsp-dr-trip-identity-v1
k08_s1,8,1,13403,14,True,False,False,,,no fixed-duty transition 115->133;adaptive_sensitivity_not_run_scale_gt5,15.0,10,False,5a26312461037c4273f16b60db985423e6189171a0fb75f8ea0ee85316e3f4d4,0e1ac0596751786596cda622bbd09c5a1f66ba0c39e12a9bb8f70dc4cc7de2c7,b056d18c47dd4cf03c7444764f00d409c6a61b3612e28399330be5d996c79ac1,b1faaf670b8b8fdf42b4fbaae2b904d9cfbd63f8be21534560fa4c3b2e7fde5b,evsp-dr-trip-identity-v1
k08_s1,8,1,13405,13,True,False,False,,,no fixed-duty transition 51->62;adaptive_sensitivity_not_run_scale_gt5,15.0,10,False,5a26312461037c4273f16b60db985423e6189171a0fb75f8ea0ee85316e3f4d4,0e1ac0596751786596cda622bbd09c5a1f66ba0c39e12a9bb8f70dc4cc7de2c7,b056d18c47dd4cf03c7444764f00d409c6a61b3612e28399330be5d996c79ac1,b1faaf670b8b8fdf42b4fbaae2b904d9cfbd63f8be21534560fa4c3b2e7fde5b,evsp-dr-trip-identity-v1
k08_s1,8,1,13414,12,True,True,True,15.0,10,,15.0,10,False,5a26312461037c4273f16b60db985423e6189171a0fb75f8ea0ee85316e3f4d4,0e1ac0596751786596cda622bbd09c5a1f66ba0c39e12a9bb8f70dc4cc7de2c7,b056d18c47dd4cf03c7444764f00d409c6a61b3612e28399330be5d996c79ac1,b1faaf670b8b8fdf42b4fbaae2b904d9cfbd63f8be21534560fa4c3b2e7fde5b,evsp-dr-trip-identity-v1
k08_s2,8,2,13304,37,True,False,False,,,no fixed-duty transition 165->167;adaptive_sensitivity_not_run_scale_gt5,15.0,10,False,0d368920af0c5b14e0907b85977a9f72163a0cea6431c206f992e89aa31eb27f,13aa5dd1ae4976336d665d36bab0f99b9a15a61f41839c1ff19aa38e81362416,fa0eeb4484d3630ee8a9baae615cf00401cf0a1761732828811562466adad528,6996ef1e521579b02cece1a278a94cfcb55880b8ceaac7a369846acb2068325d,evsp-dr-trip-identity-v1
k08_s2,8,2,13305,30,True,False,False,,,no fixed-duty transition 55->61;adaptive_sensitivity_not_run_scale_gt5,15.0,10,False,0d368920af0c5b14e0907b85977a9f72163a0cea6431c206f992e89aa31eb27f,13aa5dd1ae4976336d665d36bab0f99b9a15a61f41839c1ff19aa38e81362416,fa0eeb4484d3630ee8a9baae615cf00401cf0a1761732828811562466adad528,6996ef1e521579b02cece1a278a94cfcb55880b8ceaac7a369846acb2068325d,evsp-dr-trip-identity-v1
k08_s2,8,2,13309,22,True,True,True,15.0,10,,15.0,10,False,0d368920af0c5b14e0907b85977a9f72163a0cea6431c206f992e89aa31eb27f,13aa5dd1ae4976336d665d36bab0f99b9a15a61f41839c1ff19aa38e81362416,fa0eeb4484d3630ee8a9baae615cf00401cf0a1761732828811562466adad528,6996ef1e521579b02cece1a278a94cfcb55880b8ceaac7a369846acb2068325d,evsp-dr-trip-identity-v1
k08_s2,8,2,13314,16,True,False,False,,,no fixed-duty transition 128->138;adaptive_sensitivity_not_run_scale_gt5,15.0,10,False,0d368920af0c5b14e0907b85977a9f72163a0cea6431c206f992e89aa31eb27f,13aa5dd1ae4976336d665d36bab0f99b9a15a61f41839c1ff19aa38e81362416,fa0eeb4484d3630ee8a9baae615cf00401cf0a1761732828811562466adad528,6996ef1e521579b02cece1a278a94cfcb55880b8ceaac7a369846acb2068325d,evsp-dr-trip-identity-v1
k08_s2,8,2,13316uwt,21,True,False,False,,,no fixed-duty transition 124->133;adaptive_sensitivity_not_run_scale_gt5,15.0,10,False,0d368920af0c5b14e0907b85977a9f72163a0cea6431c206f992e89aa31eb27f,13aa5dd1ae4976336d665d36bab0f99b9a15a61f41839c1ff19aa38e81362416,fa0eeb4484d3630ee8a9baae615cf00401cf0a1761732828811562466adad528,6996ef1e521579b02cece1a278a94cfcb55880b8ceaac7a369846acb2068325d,evsp-dr-trip-identity-v1
k08_s2,8,2,13322,26,True,False,False,,,no fixed-duty transition 71->74;adaptive_sensitivity_not_run_scale_gt5,15.0,10,False,0d368920af0c5b14e0907b85977a9f72163a0cea6431c206f992e89aa31eb27f,13aa5dd1ae4976336d665d36bab0f99b9a15a61f41839c1ff19aa38e81362416,fa0eeb4484d3630ee8a9baae615cf00401cf0a1761732828811562466adad528,6996ef1e521579b02cece1a278a94cfcb55880b8ceaac7a369846acb2068325d,evsp-dr-trip-identity-v1
k08_s2,8,2,13403,14,True,False,False,,,no fixed-duty transition 115->131;adaptive_sensitivity_not_run_scale_gt5,15.0,10,False,0d368920af0c5b14e0907b85977a9f72163a0cea6431c206f992e89aa31eb27f,13aa5dd1ae4976336d665d36bab0f99b9a15a61f41839c1ff19aa38e81362416,fa0eeb4484d3630ee8a9baae615cf00401cf0a1761732828811562466adad528,6996ef1e521579b02cece1a278a94cfcb55880b8ceaac7a369846acb2068325d,evsp-dr-trip-identity-v1
k08_s2,8,2,13407,17,True,False,False,,,no fixed-duty transition 160->166;adaptive_sensitivity_not_run_scale_gt5,15.0,10,False,0d368920af0c5b14e0907b85977a9f72163a0cea6431c206f992e89aa31eb27f,13aa5dd1ae4976336d665d36bab0f99b9a15a61f41839c1ff19aa38e81362416,fa0eeb4484d3630ee8a9baae615cf00401cf0a1761732828811562466adad528,6996ef1e521579b02cece1a278a94cfcb55880b8ceaac7a369846acb2068325d,evsp-dr-trip-identity-v1
k08_s3,8,3,13305,30,True,False,False,,,no fixed-duty transition 54->59;adaptive_sensitivity_not_run_scale_gt5,15.0,10,False,0576894030c0dadd6218f14cc2791f8f727d4bc880c0e26ec295db5a7fcdf9a9,31d1922f9e6ca0176f5d213b1a5fbe818911d18f8f7b9e5c1fae84126aad9142,08d44416d05bab0e6de9f9bc0f69a9873499ad7b804945d8eef9f031dc5a4e54,e8b69794c0bc2d2dcc283ce0b9c2eed88dda3ee2a9155b3ed420054b630bafdf,evsp-dr-trip-identity-v1
k08_s3,8,3,13308,31,True,False,False,,,no fixed-duty transition 139->143;adaptive_sensitivity_not_run_scale_gt5,15.0,10,False,0576894030c0dadd6218f14cc2791f8f727d4bc880c0e26ec295db5a7fcdf9a9,31d1922f9e6ca0176f5d213b1a5fbe818911d18f8f7b9e5c1fae84126aad9142,08d44416d05bab0e6de9f9bc0f69a9873499ad7b804945d8eef9f031dc5a4e54,e8b69794c0bc2d2dcc283ce0b9c2eed88dda3ee2a9155b3ed420054b630bafdf,evsp-dr-trip-identity-v1
k08_s3,8,3,13310,24,True,False,False,,,no fixed-duty transition 68->70;adaptive_sensitivity_not_run_scale_gt5,15.0,10,False,0576894030c0dadd6218f14cc2791f8f727d4bc880c0e26ec295db5a7fcdf9a9,31d1922f9e6ca0176f5d213b1a5fbe818911d18f8f7b9e5c1fae84126aad9142,08d44416d05bab0e6de9f9bc0f69a9873499ad7b804945d8eef9f031dc5a4e54,e8b69794c0bc2d2dcc283ce0b9c2eed88dda3ee2a9155b3ed420054b630bafdf,evsp-dr-trip-identity-v1
k08_s3,8,3,13316m,23,True,False,False,,,no fixed-duty transition 119->123;adaptive_sensitivity_not_run_scale_gt5,15.0,10,False,0576894030c0dadd6218f14cc2791f8f727d4bc880c0e26ec295db5a7fcdf9a9,31d1922f9e6ca0176f5d213b1a5fbe818911d18f8f7b9e5c1fae84126aad9142,08d44416d05bab0e6de9f9bc0f69a9873499ad7b804945d8eef9f031dc5a4e54,e8b69794c0bc2d2dcc283ce0b9c2eed88dda3ee2a9155b3ed420054b630bafdf,evsp-dr-trip-identity-v1
k08_s3,8,3,13323,8,True,True,True,15.0,10,,15.0,10,False,0576894030c0dadd6218f14cc2791f8f727d4bc880c0e26ec295db5a7fcdf9a9,31d1922f9e6ca0176f5d213b1a5fbe818911d18f8f7b9e5c1fae84126aad9142,08d44416d05bab0e6de9f9bc0f69a9873499ad7b804945d8eef9f031dc5a4e54,e8b69794c0bc2d2dcc283ce0b9c2eed88dda3ee2a9155b3ed420054b630bafdf,evsp-dr-trip-identity-v1
k08_s3,8,3,13401,12,True,True,True,15.0,10,,15.0,10,False,0576894030c0dadd6218f14cc2791f8f727d4bc880c0e26ec295db5a7fcdf9a9,31d1922f9e6ca0176f5d213b1a5fbe818911d18f8f7b9e5c1fae84126aad9142,08d44416d05bab0e6de9f9bc0f69a9873499ad7b804945d8eef9f031dc5a4e54,e8b69794c0bc2d2dcc283ce0b9c2eed88dda3ee2a9155b3ed420054b630bafdf,evsp-dr-trip-identity-v1
k08_s3,8,3,13403,14,True,False,False,,,no fixed-duty transition 106->122;adaptive_sensitivity_not_run_scale_gt5,15.0,10,False,0576894030c0dadd6218f14cc2791f8f727d4bc880c0e26ec295db5a7fcdf9a9,31d1922f9e6ca0176f5d213b1a5fbe818911d18f8f7b9e5c1fae84126aad9142,08d44416d05bab0e6de9f9bc0f69a9873499ad7b804945d8eef9f031dc5a4e54,e8b69794c0bc2d2dcc283ce0b9c2eed88dda3ee2a9155b3ed420054b630bafdf,evsp-dr-trip-identity-v1
k08_s3,8,3,13404,17,True,False,False,,,no fixed-duty transition 77->87;adaptive_sensitivity_not_run_scale_gt5,15.0,10,False,0576894030c0dadd6218f14cc2791f8f727d4bc880c0e26ec295db5a7fcdf9a9,31d1922f9e6ca0176f5d213b1a5fbe818911d18f8f7b9e5c1fae84126aad9142,08d44416d05bab0e6de9f9bc0f69a9873499ad7b804945d8eef9f031dc5a4e54,e8b69794c0bc2d2dcc283ce0b9c2eed88dda3ee2a9155b3ed420054b630bafdf,evsp-dr-trip-identity-v1
k13_s1,13,1,13308,31,True,False,False,,,no fixed-duty transition 225->234;adaptive_sensitivity_not_run_scale_gt5,15.0,10,False,ecbfec1ae18e45fb8246d66dffdc45173bea9dfccc64024224236cc529895127,f9c56b90588201d4c0d8ea779804afb8555aa122028dd2a83a875ab6802c9198,9bdb63d0d9d49cf42045daa071a2a1954bc574458c7826260eb3d74dd04cf780,5966d4d53e9f5e4d8fcb2460dab5501efc43cd6cc02888f8a349b6fbffaf50ad,evsp-dr-trip-identity-v1
k13_s1,13,1,13309,22,True,True,True,15.0,10,,15.0,10,False,ecbfec1ae18e45fb8246d66dffdc45173bea9dfccc64024224236cc529895127,f9c56b90588201d4c0d8ea779804afb8555aa122028dd2a83a875ab6802c9198,9bdb63d0d9d49cf42045daa071a2a1954bc574458c7826260eb3d74dd04cf780,5966d4d53e9f5e4d8fcb2460dab5501efc43cd6cc02888f8a349b6fbffaf50ad,evsp-dr-trip-identity-v1
k13_s1,13,1,13312,46,True,False,False,,,no fixed-duty transition 99->106;adaptive_sensitivity_not_run_scale_gt5,15.0,10,False,ecbfec1ae18e45fb8246d66dffdc45173bea9dfccc64024224236cc529895127,f9c56b90588201d4c0d8ea779804afb8555aa122028dd2a83a875ab6802c9198,9bdb63d0d9d49cf42045daa071a2a1954bc574458c7826260eb3d74dd04cf780,5966d4d53e9f5e4d8fcb2460dab5501efc43cd6cc02888f8a349b6fbffaf50ad,evsp-dr-trip-identity-v1
k13_s1,13,1,13316m,23,True,False,False,,,no fixed-duty transition 194->202;adaptive_sensitivity_not_run_scale_gt5,15.0,10,False,ecbfec1ae18e45fb8246d66dffdc45173bea9dfccc64024224236cc529895127,f9c56b90588201d4c0d8ea779804afb8555aa122028dd2a83a875ab6802c9198,9bdb63d0d9d49cf42045daa071a2a1954bc574458c7826260eb3d74dd04cf780,5966d4d53e9f5e4d8fcb2460dab5501efc43cd6cc02888f8a349b6fbffaf50ad,evsp-dr-trip-identity-v1
k13_s1,13,1,13318,33,True,False,False,,,no fixed-duty transition 208->217;adaptive_sensitivity_not_run_scale_gt5,15.0,10,False,ecbfec1ae18e45fb8246d66dffdc45173bea9dfccc64024224236cc529895127,f9c56b90588201d4c0d8ea779804afb8555aa122028dd2a83a875ab6802c9198,9bdb63d0d9d49cf42045daa071a2a1954bc574458c7826260eb3d74dd04cf780,5966d4d53e9f5e4d8fcb2460dab5501efc43cd6cc02888f8a349b6fbffaf50ad,evsp-dr-trip-identity-v1
k13_s1,13,1,13322,26,True,False,False,,,no fixed-duty transition 105->109;adaptive_sensitivity_not_run_scale_gt5,15.0,10,False,ecbfec1ae18e45fb8246d66dffdc45173bea9dfccc64024224236cc529895127,f9c56b90588201d4c0d8ea779804afb8555aa122028dd2a83a875ab6802c9198,9bdb63d0d9d49cf42045daa071a2a1954bc574458c7826260eb3d74dd04cf780,5966d4d53e9f5e4d8fcb2460dab5501efc43cd6cc02888f8a349b6fbffaf50ad,evsp-dr-trip-identity-v1
k13_s1,13,1,13326,21,True,False,False,,,no fixed-duty transition 131->141;adaptive_sensitivity_not_run_scale_gt5,15.0,10,False,ecbfec1ae18e45fb8246d66dffdc45173bea9dfccc64024224236cc529895127,f9c56b90588201d4c0d8ea779804afb8555aa122028dd2a83a875ab6802c9198,9bdb63d0d9d49cf42045daa071a2a1954bc574458c7826260eb3d74dd04cf780,5966d4d53e9f5e4d8fcb2460dab5501efc43cd6cc02888f8a349b6fbffaf50ad,evsp-dr-trip-identity-v1
k13_s1,13,1,13401,12,True,True,True,15.0,10,,15.0,10,False,ecbfec1ae18e45fb8246d66dffdc45173bea9dfccc64024224236cc529895127,f9c56b90588201d4c0d8ea779804afb8555aa122028dd2a83a875ab6802c9198,9bdb63d0d9d49cf42045daa071a2a1954bc574458c7826260eb3d74dd04cf780,5966d4d53e9f5e4d8fcb2460dab5501efc43cd6cc02888f8a349b6fbffaf50ad,evsp-dr-trip-identity-v1
k13_s1,13,1,13403,14,True,False,False,,,no fixed-duty transition 179->200;adaptive_sensitivity_not_run_scale_gt5,15.0,10,False,ecbfec1ae18e45fb8246d66dffdc45173bea9dfccc64024224236cc529895127,f9c56b90588201d4c0d8ea779804afb8555aa122028dd2a83a875ab6802c9198,9bdb63d0d9d49cf42045daa071a2a1954bc574458c7826260eb3d74dd04cf780,5966d4d53e9f5e4d8fcb2460dab5501efc43cd6cc02888f8a349b6fbffaf50ad,evsp-dr-trip-identity-v1
k13_s1,13,1,13404,17,True,False,False,,,no fixed-duty transition 120->143;adaptive_sensitivity_not_run_scale_gt5,15.0,10,False,ecbfec1ae18e45fb8246d66dffdc45173bea9dfccc64024224236cc529895127,f9c56b90588201d4c0d8ea779804afb8555aa122028dd2a83a875ab6802c9198,9bdb63d0d9d49cf42045daa071a2a1954bc574458c7826260eb3d74dd04cf780,5966d4d53e9f5e4d8fcb2460dab5501efc43cd6cc02888f8a349b6fbffaf50ad,evsp-dr-trip-identity-v1
k13_s1,13,1,13407,17,True,False,False,,,no fixed-duty transition 242->254;adaptive_sensitivity_not_run_scale_gt5,15.0,10,False,ecbfec1ae18e45fb8246d66dffdc45173bea9dfccc64024224236cc529895127,f9c56b90588201d4c0d8ea779804afb8555aa122028dd2a83a875ab6802c9198,9bdb63d0d9d49cf42045daa071a2a1954bc574458c7826260eb3d74dd04cf780,5966d4d53e9f5e4d8fcb2460dab5501efc43cd6cc02888f8a349b6fbffaf50ad,evsp-dr-trip-identity-v1
k13_s1,13,1,13413,15,True,False,False,,,no fixed-duty transition 130->152;adaptive_sensitivity_not_run_scale_gt5,15.0,10,False,ecbfec1ae18e45fb8246d66dffdc45173bea9dfccc64024224236cc529895127,f9c56b90588201d4c0d8ea779804afb8555aa122028dd2a83a875ab6802c9198,9bdb63d0d9d49cf42045daa071a2a1954bc574458c7826260eb3d74dd04cf780,5966d4d53e9f5e4d8fcb2460dab5501efc43cd6cc02888f8a349b6fbffaf50ad,evsp-dr-trip-identity-v1
k13_s1,13,1,13414,12,True,True,True,15.0,10,,15.0,10,False,ecbfec1ae18e45fb8246d66dffdc45173bea9dfccc64024224236cc529895127,f9c56b90588201d4c0d8ea779804afb8555aa122028dd2a83a875ab6802c9198,9bdb63d0d9d49cf42045daa071a2a1954bc574458c7826260eb3d74dd04cf780,5966d4d53e9f5e4d8fcb2460dab5501efc43cd6cc02888f8a349b6fbffaf50ad,evsp-dr-trip-identity-v1
k13_s2,13,2,13306,30,True,False,False,,,no fixed-duty transition 73->78;adaptive_sensitivity_not_run_scale_gt5,15.0,10,False,8a70d12b28a0474e0a488194a79f47ce322394c6f109513bb7525788342bcc48,312d08e7929c528990d564b2a7d26b36e9435d3a7b5b92d3aea73a9213b7da19,d66c4fe084536f60b17752cbafc80d92c8bbd86a1bd145f4dce5445dc24c0874,3f3d58c435693250b05436a2618de2948dbd6ee9f26770199d9d33cab5684133,evsp-dr-trip-identity-v1
k13_s2,13,2,13308,31,True,False,False,,,no fixed-duty transition 215->224;adaptive_sensitivity_not_run_scale_gt5,15.0,10,False,8a70d12b28a0474e0a488194a79f47ce322394c6f109513bb7525788342bcc48,312d08e7929c528990d564b2a7d26b36e9435d3a7b5b92d3aea73a9213b7da19,d66c4fe084536f60b17752cbafc80d92c8bbd86a1bd145f4dce5445dc24c0874,3f3d58c435693250b05436a2618de2948dbd6ee9f26770199d9d33cab5684133,evsp-dr-trip-identity-v1
k13_s2,13,2,13310,24,True,False,False,,,no fixed-duty transition 104->108;adaptive_sensitivity_not_run_scale_gt5,15.0,10,False,8a70d12b28a0474e0a488194a79f47ce322394c6f109513bb7525788342bcc48,312d08e7929c528990d564b2a7d26b36e9435d3a7b5b92d3aea73a9213b7da19,d66c4fe084536f60b17752cbafc80d92c8bbd86a1bd145f4dce5445dc24c0874,3f3d58c435693250b05436a2618de2948dbd6ee9f26770199d9d33cab5684133,evsp-dr-trip-identity-v1
k13_s2,13,2,13314,16,True,False,False,,,no fixed-duty transition 192->201;adaptive_sensitivity_not_run_scale_gt5,15.0,10,False,8a70d12b28a0474e0a488194a79f47ce322394c6f109513bb7525788342bcc48,312d08e7929c528990d564b2a7d26b36e9435d3a7b5b92d3aea73a9213b7da19,d66c4fe084536f60b17752cbafc80d92c8bbd86a1bd145f4dce5445dc24c0874,3f3d58c435693250b05436a2618de2948dbd6ee9f26770199d9d33cab5684133,evsp-dr-trip-identity-v1
k13_s2,13,2,13316uwt,21,True,False,False,,,no fixed-duty transition 184->193;adaptive_sensitivity_not_run_scale_gt5,15.0,10,False,8a70d12b28a0474e0a488194a79f47ce322394c6f109513bb7525788342bcc48,312d08e7929c528990d564b2a7d26b36e9435d3a7b5b92d3aea73a9213b7da19,d66c4fe084536f60b17752cbafc80d92c8bbd86a1bd145f4dce5445dc24c0874,3f3d58c435693250b05436a2618de2948dbd6ee9f26770199d9d33cab5684133,evsp-dr-trip-identity-v1
k13_s2,13,2,13317,37,True,False,False,,,no fixed-duty transition 101->105;adaptive_sensitivity_not_run_scale_gt5,15.0,10,False,8a70d12b28a0474e0a488194a79f47ce322394c6f109513bb7525788342bcc48,312d08e7929c528990d564b2a7d26b36e9435d3a7b5b92d3aea73a9213b7da19,d66c4fe084536f60b17752cbafc80d92c8bbd86a1bd145f4dce5445dc24c0874,3f3d58c435693250b05436a2618de2948dbd6ee9f26770199d9d33cab5684133,evsp-dr-trip-identity-v1
k13_s2,13,2,13322,26,True,False,False,,,no fixed-duty transition 106->114;adaptive_sensitivity_not_run_scale_gt5,15.0,10,False,8a70d12b28a0474e0a488194a79f47ce322394c6f109513bb7525788342bcc48,312d08e7929c528990d564b2a7d26b36e9435d3a7b5b92d3aea73a9213b7da19,d66c4fe084536f60b17752cbafc80d92c8bbd86a1bd145f4dce5445dc24c0874,3f3d58c435693250b05436a2618de2948dbd6ee9f26770199d9d33cab5684133,evsp-dr-trip-identity-v1
k13_s2,13,2,13323,8,True,True,True,15.0,10,,15.0,10,False,8a70d12b28a0474e0a488194a79f47ce322394c6f109513bb7525788342bcc48,312d08e7929c528990d564b2a7d26b36e9435d3a7b5b92d3aea73a9213b7da19,d66c4fe084536f60b17752cbafc80d92c8bbd86a1bd145f4dce5445dc24c0874,3f3d58c435693250b05436a2618de2948dbd6ee9f26770199d9d33cab5684133,evsp-dr-trip-identity-v1
k13_s2,13,2,13407,17,True,False,False,,,no fixed-duty transition 231->239;adaptive_sensitivity_not_run_scale_gt5,15.0,10,False,8a70d12b28a0474e0a488194a79f47ce322394c6f109513bb7525788342bcc48,312d08e7929c528990d564b2a7d26b36e9435d3a7b5b92d3aea73a9213b7da19,d66c4fe084536f60b17752cbafc80d92c8bbd86a1bd145f4dce5445dc24c0874,3f3d58c435693250b05436a2618de2948dbd6ee9f26770199d9d33cab5684133,evsp-dr-trip-identity-v1
k13_s2,13,2,13408,11,True,False,False,,,no fixed-duty transition 96->111;adaptive_sensitivity_not_run_scale_gt5,15.0,10,False,8a70d12b28a0474e0a488194a79f47ce322394c6f109513bb7525788342bcc48,312d08e7929c528990d564b2a7d26b36e9435d3a7b5b92d3aea73a9213b7da19,d66c4fe084536f60b17752cbafc80d92c8bbd86a1bd145f4dce5445dc24c0874,3f3d58c435693250b05436a2618de2948dbd6ee9f26770199d9d33cab5684133,evsp-dr-trip-identity-v1
k13_s2,13,2,13411,14,True,False,False,,,no fixed-duty transition 136->155;adaptive_sensitivity_not_run_scale_gt5,15.0,10,False,8a70d12b28a0474e0a488194a79f47ce322394c6f109513bb7525788342bcc48,312d08e7929c528990d564b2a7d26b36e9435d3a7b5b92d3aea73a9213b7da19,d66c4fe084536f60b17752cbafc80d92c8bbd86a1bd145f4dce5445dc24c0874,3f3d58c435693250b05436a2618de2948dbd6ee9f26770199d9d33cab5684133,evsp-dr-trip-identity-v1
k13_s2,13,2,13412,15,True,True,True,15.0,10,,15.0,10,False,8a70d12b28a0474e0a488194a79f47ce322394c6f109513bb7525788342bcc48,312d08e7929c528990d564b2a7d26b36e9435d3a7b5b92d3aea73a9213b7da19,d66c4fe084536f60b17752cbafc80d92c8bbd86a1bd145f4dce5445dc24c0874,3f3d58c435693250b05436a2618de2948dbd6ee9f26770199d9d33cab5684133,evsp-dr-trip-identity-v1
k13_s2,13,2,13413,15,True,False,False,,,no fixed-duty transition 128->147;adaptive_sensitivity_not_run_scale_gt5,15.0,10,False,8a70d12b28a0474e0a488194a79f47ce322394c6f109513bb7525788342bcc48,312d08e7929c528990d564b2a7d26b36e9435d3a7b5b92d3aea73a9213b7da19,d66c4fe084536f60b17752cbafc80d92c8bbd86a1bd145f4dce5445dc24c0874,3f3d58c435693250b05436a2618de2948dbd6ee9f26770199d9d33cab5684133,evsp-dr-trip-identity-v1
k13_s3,13,3,13303,54,True,False,False,,,no fixed-duty transition 88->91;adaptive_sensitivity_not_run_scale_gt5,15.0,10,False,dedd0e5837ca8b01504d3778319fe48b39ad9037a5d7c8665ab123fac7da4baa,d84da90a5d9e832ac3559255b2ac49f02f17f2c25ac014fd4bd6a7639ae983f8,9fce1304aa3def45412f7466efeae25421d64ec1971c76d34d0e66aaf337364c,18579b3d01c7ff09b05d1a50f3fbccc3cbfc59ff006311d5ce67f92a5f7a2125,evsp-dr-trip-identity-v1
k13_s3,13,3,13305,30,True,False,False,,,no fixed-duty transition 93->103;adaptive_sensitivity_not_run_scale_gt5,15.0,10,False,dedd0e5837ca8b01504d3778319fe48b39ad9037a5d7c8665ab123fac7da4baa,d84da90a5d9e832ac3559255b2ac49f02f17f2c25ac014fd4bd6a7639ae983f8,9fce1304aa3def45412f7466efeae25421d64ec1971c76d34d0e66aaf337364c,18579b3d01c7ff09b05d1a50f3fbccc3cbfc59ff006311d5ce67f92a5f7a2125,evsp-dr-trip-identity-v1
k13_s3,13,3,13310,24,True,False,False,,,no fixed-duty transition 121->125;adaptive_sensitivity_not_run_scale_gt5,15.0,10,False,dedd0e5837ca8b01504d3778319fe48b39ad9037a5d7c8665ab123fac7da4baa,d84da90a5d9e832ac3559255b2ac49f02f17f2c25ac014fd4bd6a7639ae983f8,9fce1304aa3def45412f7466efeae25421d64ec1971c76d34d0e66aaf337364c,18579b3d01c7ff09b05d1a50f3fbccc3cbfc59ff006311d5ce67f92a5f7a2125,evsp-dr-trip-identity-v1
k13_s3,13,3,13311,14,True,True,True,15.0,10,,15.0,10,False,dedd0e5837ca8b01504d3778319fe48b39ad9037a5d7c8665ab123fac7da4baa,d84da90a5d9e832ac3559255b2ac49f02f17f2c25ac014fd4bd6a7639ae983f8,9fce1304aa3def45412f7466efeae25421d64ec1971c76d34d0e66aaf337364c,18579b3d01c7ff09b05d1a50f3fbccc3cbfc59ff006311d5ce67f92a5f7a2125,evsp-dr-trip-identity-v1
k13_s3,13,3,13314,16,True,False,False,,,no fixed-duty transition 214->226;adaptive_sensitivity_not_run_scale_gt5,15.0,10,False,dedd0e5837ca8b01504d3778319fe48b39ad9037a5d7c8665ab123fac7da4baa,d84da90a5d9e832ac3559255b2ac49f02f17f2c25ac014fd4bd6a7639ae983f8,9fce1304aa3def45412f7466efeae25421d64ec1971c76d34d0e66aaf337364c,18579b3d01c7ff09b05d1a50f3fbccc3cbfc59ff006311d5ce67f92a5f7a2125,evsp-dr-trip-identity-v1
k13_s3,13,3,13315,31,True,False,False,,,no fixed-duty transition 96->98;adaptive_sensitivity_not_run_scale_gt5,15.0,10,False,dedd0e5837ca8b01504d3778319fe48b39ad9037a5d7c8665ab123fac7da4baa,d84da90a5d9e832ac3559255b2ac49f02f17f2c25ac014fd4bd6a7639ae983f8,9fce1304aa3def45412f7466efeae25421d64ec1971c76d34d0e66aaf337364c,18579b3d01c7ff09b05d1a50f3fbccc3cbfc59ff006311d5ce67f92a5f7a2125,evsp-dr-trip-identity-v1
k13_s3,13,3,13316m,23,True,False,False,,,no fixed-duty transition 212->219;adaptive_sensitivity_not_run_scale_gt5,15.0,10,False,dedd0e5837ca8b01504d3778319fe48b39ad9037a5d7c8665ab123fac7da4baa,d84da90a5d9e832ac3559255b2ac49f02f17f2c25ac014fd4bd6a7639ae983f8,9fce1304aa3def45412f7466efeae25421d64ec1971c76d34d0e66aaf337364c,18579b3d01c7ff09b05d1a50f3fbccc3cbfc59ff006311d5ce67f92a5f7a2125,evsp-dr-trip-identity-v1
k13_s3,13,3,13319,27,True,False,False,,,no fixed-duty transition 269->273;adaptive_sensitivity_not_run_scale_gt5,15.0,10,False,dedd0e5837ca8b01504d3778319fe48b39ad9037a5d7c8665ab123fac7da4baa,d84da90a5d9e832ac3559255b2ac49f02f17f2c25ac014fd4bd6a7639ae983f8,9fce1304aa3def45412f7466efeae25421d64ec1971c76d34d0e66aaf337364c,18579b3d01c7ff09b05d1a50f3fbccc3cbfc59ff006311d5ce67f92a5f7a2125,evsp-dr-trip-identity-v1
k13_s3,13,3,13321,22,True,False,False,,,no fixed-duty transition 310->315;adaptive_sensitivity_not_run_scale_gt5,15.0,10,False,dedd0e5837ca8b01504d3778319fe48b39ad9037a5d7c8665ab123fac7da4baa,d84da90a5d9e832ac3559255b2ac49f02f17f2c25ac014fd4bd6a7639ae983f8,9fce1304aa3def45412f7466efeae25421d64ec1971c76d34d0e66aaf337364c,18579b3d01c7ff09b05d1a50f3fbccc3cbfc59ff006311d5ce67f92a5f7a2125,evsp-dr-trip-identity-v1
k13_s3,13,3,13325,42,True,False,False,,,no fixed-duty transition 130->137;adaptive_sensitivity_not_run_scale_gt5,15.0,10,False,dedd0e5837ca8b01504d3778319fe48b39ad9037a5d7c8665ab123fac7da4baa,d84da90a5d9e832ac3559255b2ac49f02f17f2c25ac014fd4bd6a7639ae983f8,9fce1304aa3def45412f7466efeae25421d64ec1971c76d34d0e66aaf337364c,18579b3d01c7ff09b05d1a50f3fbccc3cbfc59ff006311d5ce67f92a5f7a2125,evsp-dr-trip-identity-v1
k13_s3,13,3,13404,17,True,False,False,,,no fixed-duty transition 136->153;adaptive_sensitivity_not_run_scale_gt5,15.0,10,False,dedd0e5837ca8b01504d3778319fe48b39ad9037a5d7c8665ab123fac7da4baa,d84da90a5d9e832ac3559255b2ac49f02f17f2c25ac014fd4bd6a7639ae983f8,9fce1304aa3def45412f7466efeae25421d64ec1971c76d34d0e66aaf337364c,18579b3d01c7ff09b05d1a50f3fbccc3cbfc59ff006311d5ce67f92a5f7a2125,evsp-dr-trip-identity-v1
k13_s3,13,3,13408,11,True,False,False,,,no fixed-duty transition 107->128;adaptive_sensitivity_not_run_scale_gt5,15.0,10,False,dedd0e5837ca8b01504d3778319fe48b39ad9037a5d7c8665ab123fac7da4baa,d84da90a5d9e832ac3559255b2ac49f02f17f2c25ac014fd4bd6a7639ae983f8,9fce1304aa3def45412f7466efeae25421d64ec1971c76d34d0e66aaf337364c,18579b3d01c7ff09b05d1a50f3fbccc3cbfc59ff006311d5ce67f92a5f7a2125,evsp-dr-trip-identity-v1
k13_s3,13,3,13411,14,True,False,False,,,no fixed-duty transition 151->172;adaptive_sensitivity_not_run_scale_gt5,15.0,10,False,dedd0e5837ca8b01504d3778319fe48b39ad9037a5d7c8665ab123fac7da4baa,d84da90a5d9e832ac3559255b2ac49f02f17f2c25ac014fd4bd6a7639ae983f8,9fce1304aa3def45412f7466efeae25421d64ec1971c76d34d0e66aaf337364c,18579b3d01c7ff09b05d1a50f3fbccc3cbfc59ff006311d5ce67f92a5f7a2125,evsp-dr-trip-identity-v1
k20_s1,20,1,13301,36,True,False,False,,,no fixed-duty transition 281->295;adaptive_sensitivity_not_run_scale_gt5,15.0,10,False,d976b955d151fd8d55be3c55ef96081214fc78ad5012900bb620264d2131c160,6b6957b12c39bdcab42e3013161f460867db0e4a7794892d7ab00bbfa33b662e,dbff22ad262b53949527c6918bc229e2b81466cc122454a32673013285196483,3f40bb0bf874b8004baaa5217483b96215a62d6186ba982274ef181bd084a801,evsp-dr-trip-identity-v1
k20_s1,20,1,13305,30,True,False,False,,,no fixed-duty transition 118->132;adaptive_sensitivity_not_run_scale_gt5,15.0,10,False,d976b955d151fd8d55be3c55ef96081214fc78ad5012900bb620264d2131c160,6b6957b12c39bdcab42e3013161f460867db0e4a7794892d7ab00bbfa33b662e,dbff22ad262b53949527c6918bc229e2b81466cc122454a32673013285196483,3f40bb0bf874b8004baaa5217483b96215a62d6186ba982274ef181bd084a801,evsp-dr-trip-identity-v1
k20_s1,20,1,13308,31,True,False,False,,,no fixed-duty transition 329->343;adaptive_sensitivity_not_run_scale_gt5,15.0,10,False,d976b955d151fd8d55be3c55ef96081214fc78ad5012900bb620264d2131c160,6b6957b12c39bdcab42e3013161f460867db0e4a7794892d7ab00bbfa33b662e,dbff22ad262b53949527c6918bc229e2b81466cc122454a32673013285196483,3f40bb0bf874b8004baaa5217483b96215a62d6186ba982274ef181bd084a801,evsp-dr-trip-identity-v1
k20_s1,20,1,13314,16,True,False,False,,,no fixed-duty transition 292->306;adaptive_sensitivity_not_run_scale_gt5,15.0,10,False,d976b955d151fd8d55be3c55ef96081214fc78ad5012900bb620264d2131c160,6b6957b12c39bdcab42e3013161f460867db0e4a7794892d7ab00bbfa33b662e,dbff22ad262b53949527c6918bc229e2b81466cc122454a32673013285196483,3f40bb0bf874b8004baaa5217483b96215a62d6186ba982274ef181bd084a801,evsp-dr-trip-identity-v1
k20_s1,20,1,13315,31,True,False,False,,,no fixed-duty transition 121->126;adaptive_sensitivity_not_run_scale_gt5,15.0,10,False,d976b955d151fd8d55be3c55ef96081214fc78ad5012900bb620264d2131c160,6b6957b12c39bdcab42e3013161f460867db0e4a7794892d7ab00bbfa33b662e,dbff22ad262b53949527c6918bc229e2b81466cc122454a32673013285196483,3f40bb0bf874b8004baaa5217483b96215a62d6186ba982274ef181bd084a801,evsp-dr-trip-identity-v1
k20_s1,20,1,13317,37,True,False,False,,,no fixed-duty transition 148->160;adaptive_sensitivity_not_run_scale_gt5,15.0,10,False,d976b955d151fd8d55be3c55ef96081214fc78ad5012900bb620264d2131c160,6b6957b12c39bdcab42e3013161f460867db0e4a7794892d7ab00bbfa33b662e,dbff22ad262b53949527c6918bc229e2b81466cc122454a32673013285196483,3f40bb0bf874b8004baaa5217483b96215a62d6186ba982274ef181bd084a801,evsp-dr-trip-identity-v1
k20_s1,20,1,13319,27,True,False,False,,,no fixed-duty transition 366->372;adaptive_sensitivity_not_run_scale_gt5,15.0,10,False,d976b955d151fd8d55be3c55ef96081214fc78ad5012900bb620264d2131c160,6b6957b12c39bdcab42e3013161f460867db0e4a7794892d7ab00bbfa33b662e,dbff22ad262b53949527c6918bc229e2b81466cc122454a32673013285196483,3f40bb0bf874b8004baaa5217483b96215a62d6186ba982274ef181bd084a801,evsp-dr-trip-identity-v1
k20_s1,20,1,13322,26,True,False,False,,,no fixed-duty transition 161->170;adaptive_sensitivity_not_run_scale_gt5,15.0,10,False,d976b955d151fd8d55be3c55ef96081214fc78ad5012900bb620264d2131c160,6b6957b12c39bdcab42e3013161f460867db0e4a7794892d7ab00bbfa33b662e,dbff22ad262b53949527c6918bc229e2b81466cc122454a32673013285196483,3f40bb0bf874b8004baaa5217483b96215a62d6186ba982274ef181bd084a801,evsp-dr-trip-identity-v1
k20_s1,20,1,13323,8,True,True,True,15.0,10,,15.0,10,False,d976b955d151fd8d55be3c55ef96081214fc78ad5012900bb620264d2131c160,6b6957b12c39bdcab42e3013161f460867db0e4a7794892d7ab00bbfa33b662e,dbff22ad262b53949527c6918bc229e2b81466cc122454a32673013285196483,3f40bb0bf874b8004baaa5217483b96215a62d6186ba982274ef181bd084a801,evsp-dr-trip-identity-v1
k20_s1,20,1,13325,42,True,False,False,,,no fixed-duty transition 169->184;adaptive_sensitivity_not_run_scale_gt5,15.0,10,False,d976b955d151fd8d55be3c55ef96081214fc78ad5012900bb620264d2131c160,6b6957b12c39bdcab42e3013161f460867db0e4a7794892d7ab00bbfa33b662e,dbff22ad262b53949527c6918bc229e2b81466cc122454a32673013285196483,3f40bb0bf874b8004baaa5217483b96215a62d6186ba982274ef181bd084a801,evsp-dr-trip-identity-v1
k20_s1,20,1,13326,21,True,False,False,,,no fixed-duty transition 197->209;adaptive_sensitivity_not_run_scale_gt5,15.0,10,False,d976b955d151fd8d55be3c55ef96081214fc78ad5012900bb620264d2131c160,6b6957b12c39bdcab42e3013161f460867db0e4a7794892d7ab00bbfa33b662e,dbff22ad262b53949527c6918bc229e2b81466cc122454a32673013285196483,3f40bb0bf874b8004baaa5217483b96215a62d6186ba982274ef181bd084a801,evsp-dr-trip-identity-v1
k20_s1,20,1,13402,17,True,False,False,,,no fixed-duty transition 237->268;adaptive_sensitivity_not_run_scale_gt5,15.0,10,False,d976b955d151fd8d55be3c55ef96081214fc78ad5012900bb620264d2131c160,6b6957b12c39bdcab42e3013161f460867db0e4a7794892d7ab00bbfa33b662e,dbff22ad262b53949527c6918bc229e2b81466cc122454a32673013285196483,3f40bb0bf874b8004baaa5217483b96215a62d6186ba982274ef181bd084a801,evsp-dr-trip-identity-v1
k20_s1,20,1,13404,17,True,False,False,,,no fixed-duty transition 183->213;adaptive_sensitivity_not_run_scale_gt5,15.0,10,False,d976b955d151fd8d55be3c55ef96081214fc78ad5012900bb620264d2131c160,6b6957b12c39bdcab42e3013161f460867db0e4a7794892d7ab00bbfa33b662e,dbff22ad262b53949527c6918bc229e2b81466cc122454a32673013285196483,3f40bb0bf874b8004baaa5217483b96215a62d6186ba982274ef181bd084a801,evsp-dr-trip-identity-v1
k20_s1,20,1,13406,14,True,True,True,15.0,10,,15.0,10,False,d976b955d151fd8d55be3c55ef96081214fc78ad5012900bb620264d2131c160,6b6957b12c39bdcab42e3013161f460867db0e4a7794892d7ab00bbfa33b662e,dbff22ad262b53949527c6918bc229e2b81466cc122454a32673013285196483,3f40bb0bf874b8004baaa5217483b96215a62d6186ba982274ef181bd084a801,evsp-dr-trip-identity-v1
k20_s1,20,1,13407,17,True,False,False,,,no fixed-duty transition 362->378;adaptive_sensitivity_not_run_scale_gt5,15.0,10,False,d976b955d151fd8d55be3c55ef96081214fc78ad5012900bb620264d2131c160,6b6957b12c39bdcab42e3013161f460867db0e4a7794892d7ab00bbfa33b662e,dbff22ad262b53949527c6918bc229e2b81466cc122454a32673013285196483,3f40bb0bf874b8004baaa5217483b96215a62d6186ba982274ef181bd084a801,evsp-dr-trip-identity-v1
k20_s1,20,1,13409,17,True,False,False,,,no fixed-duty transition 147->173;adaptive_sensitivity_not_run_scale_gt5,15.0,10,False,d976b955d151fd8d55be3c55ef96081214fc78ad5012900bb620264d2131c160,6b6957b12c39bdcab42e3013161f460867db0e4a7794892d7ab00bbfa33b662e,dbff22ad262b53949527c6918bc229e2b81466cc122454a32673013285196483,3f40bb0bf874b8004baaa5217483b96215a62d6186ba982274ef181bd084a801,evsp-dr-trip-identity-v1
k20_s1,20,1,13410,15,True,False,False,,,no fixed-duty transition 220->247;adaptive_sensitivity_not_run_scale_gt5,15.0,10,False,d976b955d151fd8d55be3c55ef96081214fc78ad5012900bb620264d2131c160,6b6957b12c39bdcab42e3013161f460867db0e4a7794892d7ab00bbfa33b662e,dbff22ad262b53949527c6918bc229e2b81466cc122454a32673013285196483,3f40bb0bf874b8004baaa5217483b96215a62d6186ba982274ef181bd084a801,evsp-dr-trip-identity-v1
k20_s1,20,1,13411,14,True,False,False,,,no fixed-duty transition 211->240;adaptive_sensitivity_not_run_scale_gt5,15.0,10,False,d976b955d151fd8d55be3c55ef96081214fc78ad5012900bb620264d2131c160,6b6957b12c39bdcab42e3013161f460867db0e4a7794892d7ab00bbfa33b662e,dbff22ad262b53949527c6918bc229e2b81466cc122454a32673013285196483,3f40bb0bf874b8004baaa5217483b96215a62d6186ba982274ef181bd084a801,evsp-dr-trip-identity-v1
k20_s1,20,1,13413,15,True,False,False,,,no fixed-duty transition 192->226;adaptive_sensitivity_not_run_scale_gt5,15.0,10,False,d976b955d151fd8d55be3c55ef96081214fc78ad5012900bb620264d2131c160,6b6957b12c39bdcab42e3013161f460867db0e4a7794892d7ab00bbfa33b662e,dbff22ad262b53949527c6918bc229e2b81466cc122454a32673013285196483,3f40bb0bf874b8004baaa5217483b96215a62d6186ba982274ef181bd084a801,evsp-dr-trip-identity-v1
k20_s1,20,1,13414,12,True,True,True,15.0,10,,15.0,10,False,d976b955d151fd8d55be3c55ef96081214fc78ad5012900bb620264d2131c160,6b6957b12c39bdcab42e3013161f460867db0e4a7794892d7ab00bbfa33b662e,dbff22ad262b53949527c6918bc229e2b81466cc122454a32673013285196483,3f40bb0bf874b8004baaa5217483b96215a62d6186ba982274ef181bd084a801,evsp-dr-trip-identity-v1
k20_s2,20,2,13302,50,True,False,False,,,no fixed-duty transition 111->113;adaptive_sensitivity_not_run_scale_gt5,15.0,10,False,7e91aa2de9707425ed5ebeb440ccea2d8194e7b8d8c6faa28946f839b2ed886a,9529826883e8e0da525e4e1c8e0030a6da2505a4f7523abde1723fa931bc8b35,8af6a68202705d7ae6064367f1cd2657061bbe43014d637f21a2c489295ab966,bfadff58057e2ed6f717a0cea332874874dbfeba4f91c6bd6083cfb405e771e5,evsp-dr-trip-identity-v1
k20_s2,20,2,13304,37,True,False,False,,,no fixed-duty transition 391->397;adaptive_sensitivity_not_run_scale_gt5,15.0,10,False,7e91aa2de9707425ed5ebeb440ccea2d8194e7b8d8c6faa28946f839b2ed886a,9529826883e8e0da525e4e1c8e0030a6da2505a4f7523abde1723fa931bc8b35,8af6a68202705d7ae6064367f1cd2657061bbe43014d637f21a2c489295ab966,bfadff58057e2ed6f717a0cea332874874dbfeba4f91c6bd6083cfb405e771e5,evsp-dr-trip-identity-v1
k20_s2,20,2,13305,30,True,False,False,,,no fixed-duty transition 121->135;adaptive_sensitivity_not_run_scale_gt5,15.0,10,False,7e91aa2de9707425ed5ebeb440ccea2d8194e7b8d8c6faa28946f839b2ed886a,9529826883e8e0da525e4e1c8e0030a6da2505a4f7523abde1723fa931bc8b35,8af6a68202705d7ae6064367f1cd2657061bbe43014d637f21a2c489295ab966,bfadff58057e2ed6f717a0cea332874874dbfeba4f91c6bd6083cfb405e771e5,evsp-dr-trip-identity-v1
k20_s2,20,2,13306,30,True,False,False,,,no fixed-duty transition 110->119;adaptive_sensitivity_not_run_scale_gt5,15.0,10,False,7e91aa2de9707425ed5ebeb440ccea2d8194e7b8d8c6faa28946f839b2ed886a,9529826883e8e0da525e4e1c8e0030a6da2505a4f7523abde1723fa931bc8b35,8af6a68202705d7ae6064367f1cd2657061bbe43014d637f21a2c489295ab966,bfadff58057e2ed6f717a0cea332874874dbfeba4f91c6bd6083cfb405e771e5,evsp-dr-trip-identity-v1
k20_s2,20,2,13313,37,True,False,False,,,no fixed-duty transition 170->177;adaptive_sensitivity_not_run_scale_gt5,15.0,10,False,7e91aa2de9707425ed5ebeb440ccea2d8194e7b8d8c6faa28946f839b2ed886a,9529826883e8e0da525e4e1c8e0030a6da2505a4f7523abde1723fa931bc8b35,8af6a68202705d7ae6064367f1cd2657061bbe43014d637f21a2c489295ab966,bfadff58057e2ed6f717a0cea332874874dbfeba4f91c6bd6083cfb405e771e5,evsp-dr-trip-identity-v1
k20_s2,20,2,13316uwt,21,True,False,False,,,no fixed-duty transition 282->298;adaptive_sensitivity_not_run_scale_gt5,15.0,10,False,7e91aa2de9707425ed5ebeb440ccea2d8194e7b8d8c6faa28946f839b2ed886a,9529826883e8e0da525e4e1c8e0030a6da2505a4f7523abde1723fa931bc8b35,8af6a68202705d7ae6064367f1cd2657061bbe43014d637f21a2c489295ab966,bfadff58057e2ed6f717a0cea332874874dbfeba4f91c6bd6083cfb405e771e5,evsp-dr-trip-identity-v1
k20_s2,20,2,13319,27,True,False,False,,,no fixed-duty transition 377->384;adaptive_sensitivity_not_run_scale_gt5,15.0,10,False,7e91aa2de9707425ed5ebeb440ccea2d8194e7b8d8c6faa28946f839b2ed886a,9529826883e8e0da525e4e1c8e0030a6da2505a4f7523abde1723fa931bc8b35,8af6a68202705d7ae6064367f1cd2657061bbe43014d637f21a2c489295ab966,bfadff58057e2ed6f717a0cea332874874dbfeba4f91c6bd6083cfb405e771e5,evsp-dr-trip-identity-v1
k20_s2,20,2,13321,22,True,False,False,,,no fixed-duty transition 445->452;adaptive_sensitivity_not_run_scale_gt5,15.0,10,False,7e91aa2de9707425ed5ebeb440ccea2d8194e7b8d8c6faa28946f839b2ed886a,9529826883e8e0da525e4e1c8e0030a6da2505a4f7523abde1723fa931bc8b35,8af6a68202705d7ae6064367f1cd2657061bbe43014d637f21a2c489295ab966,bfadff58057e2ed6f717a0cea332874874dbfeba4f91c6bd6083cfb405e771e5,evsp-dr-trip-identity-v1
k20_s2,20,2,13322,26,True,False,False,,,no fixed-duty transition 168->180;adaptive_sensitivity_not_run_scale_gt5,15.0,10,False,7e91aa2de9707425ed5ebeb440ccea2d8194e7b8d8c6faa28946f839b2ed886a,9529826883e8e0da525e4e1c8e0030a6da2505a4f7523abde1723fa931bc8b35,8af6a68202705d7ae6064367f1cd2657061bbe43014d637f21a2c489295ab966,bfadff58057e2ed6f717a0cea332874874dbfeba4f91c6bd6083cfb405e771e5,evsp-dr-trip-identity-v1
k20_s2,20,2,13324t,18,True,False,False,,,no fixed-duty transition 161->169;adaptive_sensitivity_not_run_scale_gt5,15.0,10,False,7e91aa2de9707425ed5ebeb440ccea2d8194e7b8d8c6faa28946f839b2ed886a,9529826883e8e0da525e4e1c8e0030a6da2505a4f7523abde1723fa931bc8b35,8af6a68202705d7ae6064367f1cd2657061bbe43014d637f21a2c489295ab966,bfadff58057e2ed6f717a0cea332874874dbfeba4f91c6bd6083cfb405e771e5,evsp-dr-trip-identity-v1
k20_s2,20,2,13325,42,True,False,False,,,no fixed-duty transition 179->192;adaptive_sensitivity_not_run_scale_gt5,15.0,10,False,7e91aa2de9707425ed5ebeb440ccea2d8194e7b8d8c6faa28946f839b2ed886a,9529826883e8e0da525e4e1c8e0030a6da2505a4f7523abde1723fa931bc8b35,8af6a68202705d7ae6064367f1cd2657061bbe43014d637f21a2c489295ab966,bfadff58057e2ed6f717a0cea332874874dbfeba4f91c6bd6083cfb405e771e5,evsp-dr-trip-identity-v1
k20_s2,20,2,13403,14,True,False,False,,,no fixed-duty transition 259->297;adaptive_sensitivity_not_run_scale_gt5,15.0,10,False,7e91aa2de9707425ed5ebeb440ccea2d8194e7b8d8c6faa28946f839b2ed886a,9529826883e8e0da525e4e1c8e0030a6da2505a4f7523abde1723fa931bc8b35,8af6a68202705d7ae6064367f1cd2657061bbe43014d637f21a2c489295ab966,bfadff58057e2ed6f717a0cea332874874dbfeba4f91c6bd6083cfb405e771e5,evsp-dr-trip-identity-v1
k20_s2,20,2,13404,17,True,False,False,,,no fixed-duty transition 191->214;adaptive_sensitivity_not_run_scale_gt5,15.0,10,False,7e91aa2de9707425ed5ebeb440ccea2d8194e7b8d8c6faa28946f839b2ed886a,9529826883e8e0da525e4e1c8e0030a6da2505a4f7523abde1723fa931bc8b35,8af6a68202705d7ae6064367f1cd2657061bbe43014d637f21a2c489295ab966,bfadff58057e2ed6f717a0cea332874874dbfeba4f91c6bd6083cfb405e771e5,evsp-dr-trip-identity-v1
k20_s2,20,2,13405,13,True,False,False,,,no fixed-duty transition 129->158;adaptive_sensitivity_not_run_scale_gt5,15.0,10,False,7e91aa2de9707425ed5ebeb440ccea2d8194e7b8d8c6faa28946f839b2ed886a,9529826883e8e0da525e4e1c8e0030a6da2505a4f7523abde1723fa931bc8b35,8af6a68202705d7ae6064367f1cd2657061bbe43014d637f21a2c489295ab966,bfadff58057e2ed6f717a0cea332874874dbfeba4f91c6bd6083cfb405e771e5,evsp-dr-trip-identity-v1
k20_s2,20,2,13407,17,True,False,False,,,no fixed-duty transition 373->395;adaptive_sensitivity_not_run_scale_gt5,15.0,10,False,7e91aa2de9707425ed5ebeb440ccea2d8194e7b8d8c6faa28946f839b2ed886a,9529826883e8e0da525e4e1c8e0030a6da2505a4f7523abde1723fa931bc8b35,8af6a68202705d7ae6064367f1cd2657061bbe43014d637f21a2c489295ab966,bfadff58057e2ed6f717a0cea332874874dbfeba4f91c6bd6083cfb405e771e5,evsp-dr-trip-identity-v1
k20_s2,20,2,13408,11,True,False,False,,,no fixed-duty transition 148->176;adaptive_sensitivity_not_run_scale_gt5,15.0,10,False,7e91aa2de9707425ed5ebeb440ccea2d8194e7b8d8c6faa28946f839b2ed886a,9529826883e8e0da525e4e1c8e0030a6da2505a4f7523abde1723fa931bc8b35,8af6a68202705d7ae6064367f1cd2657061bbe43014d637f21a2c489295ab966,bfadff58057e2ed6f717a0cea332874874dbfeba4f91c6bd6083cfb405e771e5,evsp-dr-trip-identity-v1
k20_s2,20,2,13409,17,True,False,False,,,no fixed-duty transition 156->182;adaptive_sensitivity_not_run_scale_gt5,15.0,10,False,7e91aa2de9707425ed5ebeb440ccea2d8194e7b8d8c6faa28946f839b2ed886a,9529826883e8e0da525e4e1c8e0030a6da2505a4f7523abde1723fa931bc8b35,8af6a68202705d7ae6064367f1cd2657061bbe43014d637f21a2c489295ab966,bfadff58057e2ed6f717a0cea332874874dbfeba4f91c6bd6083cfb405e771e5,evsp-dr-trip-identity-v1
k20_s2,20,2,13412,15,True,True,True,15.0,10,,15.0,10,False,7e91aa2de9707425ed5ebeb440ccea2d8194e7b8d8c6faa28946f839b2ed886a,9529826883e8e0da525e4e1c8e0030a6da2505a4f7523abde1723fa931bc8b35,8af6a68202705d7ae6064367f1cd2657061bbe43014d637f21a2c489295ab966,bfadff58057e2ed6f717a0cea332874874dbfeba4f91c6bd6083cfb405e771e5,evsp-dr-trip-identity-v1
k20_s2,20,2,13413,15,True,False,False,,,no fixed-duty transition 198->224;adaptive_sensitivity_not_run_scale_gt5,15.0,10,False,7e91aa2de9707425ed5ebeb440ccea2d8194e7b8d8c6faa28946f839b2ed886a,9529826883e8e0da525e4e1c8e0030a6da2505a4f7523abde1723fa931bc8b35,8af6a68202705d7ae6064367f1cd2657061bbe43014d637f21a2c489295ab966,bfadff58057e2ed6f717a0cea332874874dbfeba4f91c6bd6083cfb405e771e5,evsp-dr-trip-identity-v1
k20_s2,20,2,13414,12,True,True,True,15.0,10,,15.0,10,False,7e91aa2de9707425ed5ebeb440ccea2d8194e7b8d8c6faa28946f839b2ed886a,9529826883e8e0da525e4e1c8e0030a6da2505a4f7523abde1723fa931bc8b35,8af6a68202705d7ae6064367f1cd2657061bbe43014d637f21a2c489295ab966,bfadff58057e2ed6f717a0cea332874874dbfeba4f91c6bd6083cfb405e771e5,evsp-dr-trip-identity-v1
k20_s3,20,3,13301,36,True,False,False,,,no fixed-duty transition 288->301;adaptive_sensitivity_not_run_scale_gt5,15.0,10,False,1f3a770cc9463d238be8851f0fb8bdff57c5a87ae9d1799a32a0047ba6e595a2,c0a1e779a1428eadefe972af9d0673a14fcb1561c35a57a873bf809b57002321,e7d8bab016ed7c01d4371bd57d4200df775db54434fa9f6e5978d1d14794a480,f9c5b40d76cd86088a7f6e29e695b7caf8437ee0daa838519ccc3178dceafe83,evsp-dr-trip-identity-v1
k20_s3,20,3,13302,50,True,False,False,,,no fixed-duty transition 121->127;adaptive_sensitivity_not_run_scale_gt5,15.0,10,False,1f3a770cc9463d238be8851f0fb8bdff57c5a87ae9d1799a32a0047ba6e595a2,c0a1e779a1428eadefe972af9d0673a14fcb1561c35a57a873bf809b57002321,e7d8bab016ed7c01d4371bd57d4200df775db54434fa9f6e5978d1d14794a480,f9c5b40d76cd86088a7f6e29e695b7caf8437ee0daa838519ccc3178dceafe83,evsp-dr-trip-identity-v1
k20_s3,20,3,13304,37,True,False,False,,,no fixed-duty transition 384->388;adaptive_sensitivity_not_run_scale_gt5,15.0,10,False,1f3a770cc9463d238be8851f0fb8bdff57c5a87ae9d1799a32a0047ba6e595a2,c0a1e779a1428eadefe972af9d0673a14fcb1561c35a57a873bf809b57002321,e7d8bab016ed7c01d4371bd57d4200df775db54434fa9f6e5978d1d14794a480,f9c5b40d76cd86088a7f6e29e695b7caf8437ee0daa838519ccc3178dceafe83,evsp-dr-trip-identity-v1
k20_s3,20,3,13305,30,True,False,False,,,no fixed-duty transition 131->142;adaptive_sensitivity_not_run_scale_gt5,15.0,10,False,1f3a770cc9463d238be8851f0fb8bdff57c5a87ae9d1799a32a0047ba6e595a2,c0a1e779a1428eadefe972af9d0673a14fcb1561c35a57a873bf809b57002321,e7d8bab016ed7c01d4371bd57d4200df775db54434fa9f6e5978d1d14794a480,f9c5b40d76cd86088a7f6e29e695b7caf8437ee0daa838519ccc3178dceafe83,evsp-dr-trip-identity-v1
k20_s3,20,3,13309,22,True,True,True,15.0,10,,15.0,10,False,1f3a770cc9463d238be8851f0fb8bdff57c5a87ae9d1799a32a0047ba6e595a2,c0a1e779a1428eadefe972af9d0673a14fcb1561c35a57a873bf809b57002321,e7d8bab016ed7c01d4371bd57d4200df775db54434fa9f6e5978d1d14794a480,f9c5b40d76cd86088a7f6e29e695b7caf8437ee0daa838519ccc3178dceafe83,evsp-dr-trip-identity-v1
k20_s3,20,3,13310,24,True,False,False,,,no fixed-duty transition 166->173;adaptive_sensitivity_not_run_scale_gt5,15.0,10,False,1f3a770cc9463d238be8851f0fb8bdff57c5a87ae9d1799a32a0047ba6e595a2,c0a1e779a1428eadefe972af9d0673a14fcb1561c35a57a873bf809b57002321,e7d8bab016ed7c01d4371bd57d4200df775db54434fa9f6e5978d1d14794a480,f9c5b40d76cd86088a7f6e29e695b7caf8437ee0daa838519ccc3178dceafe83,evsp-dr-trip-identity-v1
k20_s3,20,3,13311,14,True,True,True,15.0,10,,15.0,10,False,1f3a770cc9463d238be8851f0fb8bdff57c5a87ae9d1799a32a0047ba6e595a2,c0a1e779a1428eadefe972af9d0673a14fcb1561c35a57a873bf809b57002321,e7d8bab016ed7c01d4371bd57d4200df775db54434fa9f6e5978d1d14794a480,f9c5b40d76cd86088a7f6e29e695b7caf8437ee0daa838519ccc3178dceafe83,evsp-dr-trip-identity-v1
k20_s3,20,3,13313,37,True,False,False,,,no fixed-duty transition 170->177;adaptive_sensitivity_not_run_scale_gt5,15.0,10,False,1f3a770cc9463d238be8851f0fb8bdff57c5a87ae9d1799a32a0047ba6e595a2,c0a1e779a1428eadefe972af9d0673a14fcb1561c35a57a873bf809b57002321,e7d8bab016ed7c01d4371bd57d4200df775db54434fa9f6e5978d1d14794a480,f9c5b40d76cd86088a7f6e29e695b7caf8437ee0daa838519ccc3178dceafe83,evsp-dr-trip-identity-v1
k20_s3,20,3,13314,16,True,False,False,,,no fixed-duty transition 297->315;adaptive_sensitivity_not_run_scale_gt5,15.0,10,False,1f3a770cc9463d238be8851f0fb8bdff57c5a87ae9d1799a32a0047ba6e595a2,c0a1e779a1428eadefe972af9d0673a14fcb1561c35a57a873bf809b57002321,e7d8bab016ed7c01d4371bd57d4200df775db54434fa9f6e5978d1d14794a480,f9c5b40d76cd86088a7f6e29e695b7caf8437ee0daa838519ccc3178dceafe83,evsp-dr-trip-identity-v1
k20_s3,20,3,13316m,23,True,False,False,,,no fixed-duty transition 291->306;adaptive_sensitivity_not_run_scale_gt5,15.0,10,False,1f3a770cc9463d238be8851f0fb8bdff57c5a87ae9d1799a32a0047ba6e595a2,c0a1e779a1428eadefe972af9d0673a14fcb1561c35a57a873bf809b57002321,e7d8bab016ed7c01d4371bd57d4200df775db54434fa9f6e5978d1d14794a480,f9c5b40d76cd86088a7f6e29e695b7caf8437ee0daa838519ccc3178dceafe83,evsp-dr-trip-identity-v1
k20_s3,20,3,13323,8,True,True,True,15.0,10,,15.0,10,False,1f3a770cc9463d238be8851f0fb8bdff57c5a87ae9d1799a32a0047ba6e595a2,c0a1e779a1428eadefe972af9d0673a14fcb1561c35a57a873bf809b57002321,e7d8bab016ed7c01d4371bd57d4200df775db54434fa9f6e5978d1d14794a480,f9c5b40d76cd86088a7f6e29e695b7caf8437ee0daa838519ccc3178dceafe83,evsp-dr-trip-identity-v1
k20_s3,20,3,13326,21,True,False,False,,,no fixed-duty transition 204->215;adaptive_sensitivity_not_run_scale_gt5,15.0,10,False,1f3a770cc9463d238be8851f0fb8bdff57c5a87ae9d1799a32a0047ba6e595a2,c0a1e779a1428eadefe972af9d0673a14fcb1561c35a57a873bf809b57002321,e7d8bab016ed7c01d4371bd57d4200df775db54434fa9f6e5978d1d14794a480,f9c5b40d76cd86088a7f6e29e695b7caf8437ee0daa838519ccc3178dceafe83,evsp-dr-trip-identity-v1
k20_s3,20,3,13401,12,True,True,True,15.0,10,,15.0,10,False,1f3a770cc9463d238be8851f0fb8bdff57c5a87ae9d1799a32a0047ba6e595a2,c0a1e779a1428eadefe972af9d0673a14fcb1561c35a57a873bf809b57002321,e7d8bab016ed7c01d4371bd57d4200df775db54434fa9f6e5978d1d14794a480,f9c5b40d76cd86088a7f6e29e695b7caf8437ee0daa838519ccc3178dceafe83,evsp-dr-trip-identity-v1
k20_s3,20,3,13403,14,True,False,False,,,no fixed-duty transition 265->304;adaptive_sensitivity_not_run_scale_gt5,15.0,10,False,1f3a770cc9463d238be8851f0fb8bdff57c5a87ae9d1799a32a0047ba6e595a2,c0a1e779a1428eadefe972af9d0673a14fcb1561c35a57a873bf809b57002321,e7d8bab016ed7c01d4371bd57d4200df775db54434fa9f6e5978d1d14794a480,f9c5b40d76cd86088a7f6e29e695b7caf8437ee0daa838519ccc3178dceafe83,evsp-dr-trip-identity-v1
k20_s3,20,3,13404,17,True,False,False,,,no fixed-duty transition 189->218;adaptive_sensitivity_not_run_scale_gt5,15.0,10,False,1f3a770cc9463d238be8851f0fb8bdff57c5a87ae9d1799a32a0047ba6e595a2,c0a1e779a1428eadefe972af9d0673a14fcb1561c35a57a873bf809b57002321,e7d8bab016ed7c01d4371bd57d4200df775db54434fa9f6e5978d1d14794a480,f9c5b40d76cd86088a7f6e29e695b7caf8437ee0daa838519ccc3178dceafe83,evsp-dr-trip-identity-v1
k20_s3,20,3,13405,13,True,False,False,,,no fixed-duty transition 139->158;adaptive_sensitivity_not_run_scale_gt5,15.0,10,False,1f3a770cc9463d238be8851f0fb8bdff57c5a87ae9d1799a32a0047ba6e595a2,c0a1e779a1428eadefe972af9d0673a14fcb1561c35a57a873bf809b57002321,e7d8bab016ed7c01d4371bd57d4200df775db54434fa9f6e5978d1d14794a480,f9c5b40d76cd86088a7f6e29e695b7caf8437ee0daa838519ccc3178dceafe83,evsp-dr-trip-identity-v1
k20_s3,20,3,13406,14,True,True,True,15.0,10,,15.0,10,False,1f3a770cc9463d238be8851f0fb8bdff57c5a87ae9d1799a32a0047ba6e595a2,c0a1e779a1428eadefe972af9d0673a14fcb1561c35a57a873bf809b57002321,e7d8bab016ed7c01d4371bd57d4200df775db54434fa9f6e5978d1d14794a480,f9c5b40d76cd86088a7f6e29e695b7caf8437ee0daa838519ccc3178dceafe83,evsp-dr-trip-identity-v1
k20_s3,20,3,13409,17,True,False,False,,,no fixed-duty transition 157->181;adaptive_sensitivity_not_run_scale_gt5,15.0,10,False,1f3a770cc9463d238be8851f0fb8bdff57c5a87ae9d1799a32a0047ba6e595a2,c0a1e779a1428eadefe972af9d0673a14fcb1561c35a57a873bf809b57002321,e7d8bab016ed7c01d4371bd57d4200df775db54434fa9f6e5978d1d14794a480,f9c5b40d76cd86088a7f6e29e695b7caf8437ee0daa838519ccc3178dceafe83,evsp-dr-trip-identity-v1
k20_s3,20,3,13410,15,True,False,False,,,no fixed-duty transition 224->253;adaptive_sensitivity_not_run_scale_gt5,15.0,10,False,1f3a770cc9463d238be8851f0fb8bdff57c5a87ae9d1799a32a0047ba6e595a2,c0a1e779a1428eadefe972af9d0673a14fcb1561c35a57a873bf809b57002321,e7d8bab016ed7c01d4371bd57d4200df775db54434fa9f6e5978d1d14794a480,f9c5b40d76cd86088a7f6e29e695b7caf8437ee0daa838519ccc3178dceafe83,evsp-dr-trip-identity-v1
k20_s3,20,3,13413,15,True,False,False,,,no fixed-duty transition 201->229;adaptive_sensitivity_not_run_scale_gt5,15.0,10,False,1f3a770cc9463d238be8851f0fb8bdff57c5a87ae9d1799a32a0047ba6e595a2,c0a1e779a1428eadefe972af9d0673a14fcb1561c35a57a873bf809b57002321,e7d8bab016ed7c01d4371bd57d4200df775db54434fa9f6e5978d1d14794a480,f9c5b40d76cd86088a7f6e29e695b7caf8437ee0daa838519ccc3178dceafe83,evsp-dr-trip-identity-v1
k30_s1,30,1,13303,54,True,False,False,,,no fixed-duty transition 195->204;adaptive_sensitivity_not_run_scale_gt5,15.0,10,False,7d3bb9931a3572b992ae42e8d88a47268d169721a66b483fdcb7aac322531773,a4eedf70f01cb866a8fd37550b04d17e85428c36e9f5514a632314299c11d775,437da5c9ded4712db8de081328587a3e66c81391cba91e79aaa363409a5459f1,70fcea35544de56a4b67eb09a416999c8f7d3b3a7b97f7083c0ee4ddd9e7871b,evsp-dr-trip-identity-v1
k30_s1,30,1,13304,37,True,False,False,,,no fixed-duty transition 618->621;adaptive_sensitivity_not_run_scale_gt5,15.0,10,False,7d3bb9931a3572b992ae42e8d88a47268d169721a66b483fdcb7aac322531773,a4eedf70f01cb866a8fd37550b04d17e85428c36e9f5514a632314299c11d775,437da5c9ded4712db8de081328587a3e66c81391cba91e79aaa363409a5459f1,70fcea35544de56a4b67eb09a416999c8f7d3b3a7b97f7083c0ee4ddd9e7871b,evsp-dr-trip-identity-v1
k30_s1,30,1,13305,30,True,False,False,,,no fixed-duty transition 207->231;adaptive_sensitivity_not_run_scale_gt5,15.0,10,False,7d3bb9931a3572b992ae42e8d88a47268d169721a66b483fdcb7aac322531773,a4eedf70f01cb866a8fd37550b04d17e85428c36e9f5514a632314299c11d775,437da5c9ded4712db8de081328587a3e66c81391cba91e79aaa363409a5459f1,70fcea35544de56a4b67eb09a416999c8f7d3b3a7b97f7083c0ee4ddd9e7871b,evsp-dr-trip-identity-v1
k30_s1,30,1,13306,30,True,False,False,,,no fixed-duty transition 188->206;adaptive_sensitivity_not_run_scale_gt5,15.0,10,False,7d3bb9931a3572b992ae42e8d88a47268d169721a66b483fdcb7aac322531773,a4eedf70f01cb866a8fd37550b04d17e85428c36e9f5514a632314299c11d775,437da5c9ded4712db8de081328587a3e66c81391cba91e79aaa363409a5459f1,70fcea35544de56a4b67eb09a416999c8f7d3b3a7b97f7083c0ee4ddd9e7871b,evsp-dr-trip-identity-v1
k30_s1,30,1,13308,31,True,False,False,,,no fixed-duty transition 550->570;adaptive_sensitivity_not_run_scale_gt5,15.0,10,False,7d3bb9931a3572b992ae42e8d88a47268d169721a66b483fdcb7aac322531773,a4eedf70f01cb866a8fd37550b04d17e85428c36e9f5514a632314299c11d775,437da5c9ded4712db8de081328587a3e66c81391cba91e79aaa363409a5459f1,70fcea35544de56a4b67eb09a416999c8f7d3b3a7b97f7083c0ee4ddd9e7871b,evsp-dr-trip-identity-v1
k30_s1,30,1,13309,22,True,True,True,15.0,10,,15.0,10,False,7d3bb9931a3572b992ae42e8d88a47268d169721a66b483fdcb7aac322531773,a4eedf70f01cb866a8fd37550b04d17e85428c36e9f5514a632314299c11d775,437da5c9ded4712db8de081328587a3e66c81391cba91e79aaa363409a5459f1,70fcea35544de56a4b67eb09a416999c8f7d3b3a7b97f7083c0ee4ddd9e7871b,evsp-dr-trip-identity-v1
k30_s1,30,1,13310,24,True,False,False,,,no fixed-duty transition 272->284;adaptive_sensitivity_not_run_scale_gt5,15.0,10,False,7d3bb9931a3572b992ae42e8d88a47268d169721a66b483fdcb7aac322531773,a4eedf70f01cb866a8fd37550b04d17e85428c36e9f5514a632314299c11d775,437da5c9ded4712db8de081328587a3e66c81391cba91e79aaa363409a5459f1,70fcea35544de56a4b67eb09a416999c8f7d3b3a7b97f7083c0ee4ddd9e7871b,evsp-dr-trip-identity-v1
k30_s1,30,1,13312,46,True,False,False,,,no fixed-duty transition 264->280;adaptive_sensitivity_not_run_scale_gt5,15.0,10,False,7d3bb9931a3572b992ae42e8d88a47268d169721a66b483fdcb7aac322531773,a4eedf70f01cb866a8fd37550b04d17e85428c36e9f5514a632314299c11d775,437da5c9ded4712db8de081328587a3e66c81391cba91e79aaa363409a5459f1,70fcea35544de56a4b67eb09a416999c8f7d3b3a7b97f7083c0ee4ddd9e7871b,evsp-dr-trip-identity-v1
k30_s1,30,1,13313,37,True,False,False,,,no fixed-duty transition 279->289;adaptive_sensitivity_not_run_scale_gt5,15.0,10,False,7d3bb9931a3572b992ae42e8d88a47268d169721a66b483fdcb7aac322531773,a4eedf70f01cb866a8fd37550b04d17e85428c36e9f5514a632314299c11d775,437da5c9ded4712db8de081328587a3e66c81391cba91e79aaa363409a5459f1,70fcea35544de56a4b67eb09a416999c8f7d3b3a7b97f7083c0ee4ddd9e7871b,evsp-dr-trip-identity-v1
k30_s1,30,1,13314,16,True,False,False,,,no fixed-duty transition 485->512;adaptive_sensitivity_not_run_scale_gt5,15.0,10,False,7d3bb9931a3572b992ae42e8d88a47268d169721a66b483fdcb7aac322531773,a4eedf70f01cb866a8fd37550b04d17e85428c36e9f5514a632314299c11d775,437da5c9ded4712db8de081328587a3e66c81391cba91e79aaa363409a5459f1,70fcea35544de56a4b67eb09a416999c8f7d3b3a7b97f7083c0ee4ddd9e7871b,evsp-dr-trip-identity-v1
k30_s1,30,1,13315,31,True,False,False,,,no fixed-duty transition 216->225;adaptive_sensitivity_not_run_scale_gt5,15.0,10,False,7d3bb9931a3572b992ae42e8d88a47268d169721a66b483fdcb7aac322531773,a4eedf70f01cb866a8fd37550b04d17e85428c36e9f5514a632314299c11d775,437da5c9ded4712db8de081328587a3e66c81391cba91e79aaa363409a5459f1,70fcea35544de56a4b67eb09a416999c8f7d3b3a7b97f7083c0ee4ddd9e7871b,evsp-dr-trip-identity-v1
k30_s1,30,1,13316m,23,True,False,False,,,no fixed-duty transition 476->495;adaptive_sensitivity_not_run_scale_gt5,15.0,10,False,7d3bb9931a3572b992ae42e8d88a47268d169721a66b483fdcb7aac322531773,a4eedf70f01cb866a8fd37550b04d17e85428c36e9f5514a632314299c11d775,437da5c9ded4712db8de081328587a3e66c81391cba91e79aaa363409a5459f1,70fcea35544de56a4b67eb09a416999c8f7d3b3a7b97f7083c0ee4ddd9e7871b,evsp-dr-trip-identity-v1
k30_s1,30,1,13318,33,True,False,False,,,no fixed-duty transition 515->537;adaptive_sensitivity_not_run_scale_gt5,15.0,10,False,7d3bb9931a3572b992ae42e8d88a47268d169721a66b483fdcb7aac322531773,a4eedf70f01cb866a8fd37550b04d17e85428c36e9f5514a632314299c11d775,437da5c9ded4712db8de081328587a3e66c81391cba91e79aaa363409a5459f1,70fcea35544de56a4b67eb09a416999c8f7d3b3a7b97f7083c0ee4ddd9e7871b,evsp-dr-trip-identity-v1
k30_s1,30,1,13319,27,True,False,False,,,no fixed-duty transition 599->609;adaptive_sensitivity_not_run_scale_gt5,15.0,10,False,7d3bb9931a3572b992ae42e8d88a47268d169721a66b483fdcb7aac322531773,a4eedf70f01cb866a8fd37550b04d17e85428c36e9f5514a632314299c11d775,437da5c9ded4712db8de081328587a3e66c81391cba91e79aaa363409a5459f1,70fcea35544de56a4b67eb09a416999c8f7d3b3a7b97f7083c0ee4ddd9e7871b,evsp-dr-trip-identity-v1
k30_s1,30,1,13320,16,True,True,True,15.0,10,,15.0,10,False,7d3bb9931a3572b992ae42e8d88a47268d169721a66b483fdcb7aac322531773,a4eedf70f01cb866a8fd37550b04d17e85428c36e9f5514a632314299c11d775,437da5c9ded4712db8de081328587a3e66c81391cba91e79aaa363409a5459f1,70fcea35544de56a4b67eb09a416999c8f7d3b3a7b97f7083c0ee4ddd9e7871b,evsp-dr-trip-identity-v1
k30_s1,30,1,13322,26,True,False,False,,,no fixed-duty transition 275->293;adaptive_sensitivity_not_run_scale_gt5,15.0,10,False,7d3bb9931a3572b992ae42e8d88a47268d169721a66b483fdcb7aac322531773,a4eedf70f01cb866a8fd37550b04d17e85428c36e9f5514a632314299c11d775,437da5c9ded4712db8de081328587a3e66c81391cba91e79aaa363409a5459f1,70fcea35544de56a4b67eb09a416999c8f7d3b3a7b97f7083c0ee4ddd9e7871b,evsp-dr-trip-identity-v1
k30_s1,30,1,13323,8,True,True,True,15.0,10,,15.0,10,False,7d3bb9931a3572b992ae42e8d88a47268d169721a66b483fdcb7aac322531773,a4eedf70f01cb866a8fd37550b04d17e85428c36e9f5514a632314299c11d775,437da5c9ded4712db8de081328587a3e66c81391cba91e79aaa363409a5459f1,70fcea35544de56a4b67eb09a416999c8f7d3b3a7b97f7083c0ee4ddd9e7871b,evsp-dr-trip-identity-v1
k30_s1,30,1,13324muw,17,True,False,False,,,no fixed-duty transition 265->277;adaptive_sensitivity_not_run_scale_gt5,15.0,10,False,7d3bb9931a3572b992ae42e8d88a47268d169721a66b483fdcb7aac322531773,a4eedf70f01cb866a8fd37550b04d17e85428c36e9f5514a632314299c11d775,437da5c9ded4712db8de081328587a3e66c81391cba91e79aaa363409a5459f1,70fcea35544de56a4b67eb09a416999c8f7d3b3a7b97f7083c0ee4ddd9e7871b,evsp-dr-trip-identity-v1
k30_s1,30,1,13325,42,True,False,False,,,no fixed-duty transition 292->314;adaptive_sensitivity_not_run_scale_gt5,15.0,10,False,7d3bb9931a3572b992ae42e8d88a47268d169721a66b483fdcb7aac322531773,a4eedf70f01cb866a8fd37550b04d17e85428c36e9f5514a632314299c11d775,437da5c9ded4712db8de081328587a3e66c81391cba91e79aaa363409a5459f1,70fcea35544de56a4b67eb09a416999c8f7d3b3a7b97f7083c0ee4ddd9e7871b,evsp-dr-trip-identity-v1
k30_s1,30,1,13326,21,True,False,False,,,no fixed-duty transition 334->351;adaptive_sensitivity_not_run_scale_gt5,15.0,10,False,7d3bb9931a3572b992ae42e8d88a47268d169721a66b483fdcb7aac322531773,a4eedf70f01cb866a8fd37550b04d17e85428c36e9f5514a632314299c11d775,437da5c9ded4712db8de081328587a3e66c81391cba91e79aaa363409a5459f1,70fcea35544de56a4b67eb09a416999c8f7d3b3a7b97f7083c0ee4ddd9e7871b,evsp-dr-trip-identity-v1
k30_s1,30,1,13401,12,True,True,True,15.0,10,,15.0,10,False,7d3bb9931a3572b992ae42e8d88a47268d169721a66b483fdcb7aac322531773,a4eedf70f01cb866a8fd37550b04d17e85428c36e9f5514a632314299c11d775,437da5c9ded4712db8de081328587a3e66c81391cba91e79aaa363409a5459f1,70fcea35544de56a4b67eb09a416999c8f7d3b3a7b97f7083c0ee4ddd9e7871b,evsp-dr-trip-identity-v1
k30_s1,30,1,13402,17,True,False,False,,,no fixed-duty transition 396->452;adaptive_sensitivity_not_run_scale_gt5,15.0,10,False,7d3bb9931a3572b992ae42e8d88a47268d169721a66b483fdcb7aac322531773,a4eedf70f01cb866a8fd37550b04d17e85428c36e9f5514a632314299c11d775,437da5c9ded4712db8de081328587a3e66c81391cba91e79aaa363409a5459f1,70fcea35544de56a4b67eb09a416999c8f7d3b3a7b97f7083c0ee4ddd9e7871b,evsp-dr-trip-identity-v1
k30_s1,30,1,13403,14,True,False,False,,,no fixed-duty transition 434->492;adaptive_sensitivity_not_run_scale_gt5,15.0,10,False,7d3bb9931a3572b992ae42e8d88a47268d169721a66b483fdcb7aac322531773,a4eedf70f01cb866a8fd37550b04d17e85428c36e9f5514a632314299c11d775,437da5c9ded4712db8de081328587a3e66c81391cba91e79aaa363409a5459f1,70fcea35544de56a4b67eb09a416999c8f7d3b3a7b97f7083c0ee4ddd9e7871b,evsp-dr-trip-identity-v1
k30_s1,30,1,13405,13,True,False,False,,,no fixed-duty transition 223->263;adaptive_sensitivity_not_run_scale_gt5,15.0,10,False,7d3bb9931a3572b992ae42e8d88a47268d169721a66b483fdcb7aac322531773,a4eedf70f01cb866a8fd37550b04d17e85428c36e9f5514a632314299c11d775,437da5c9ded4712db8de081328587a3e66c81391cba91e79aaa363409a5459f1,70fcea35544de56a4b67eb09a416999c8f7d3b3a7b97f7083c0ee4ddd9e7871b,evsp-dr-trip-identity-v1
k30_s1,30,1,13408,11,True,False,False,,,no fixed-duty transition 249->288;adaptive_sensitivity_not_run_scale_gt5,15.0,10,False,7d3bb9931a3572b992ae42e8d88a47268d169721a66b483fdcb7aac322531773,a4eedf70f01cb866a8fd37550b04d17e85428c36e9f5514a632314299c11d775,437da5c9ded4712db8de081328587a3e66c81391cba91e79aaa363409a5459f1,70fcea35544de56a4b67eb09a416999c8f7d3b3a7b97f7083c0ee4ddd9e7871b,evsp-dr-trip-identity-v1
k30_s1,30,1,13409,17,True,False,False,,,no fixed-duty transition 258->296;adaptive_sensitivity_not_run_scale_gt5,15.0,10,False,7d3bb9931a3572b992ae42e8d88a47268d169721a66b483fdcb7aac322531773,a4eedf70f01cb866a8fd37550b04d17e85428c36e9f5514a632314299c11d775,437da5c9ded4712db8de081328587a3e66c81391cba91e79aaa363409a5459f1,70fcea35544de56a4b67eb09a416999c8f7d3b3a7b97f7083c0ee4ddd9e7871b,evsp-dr-trip-identity-v1
k30_s1,30,1,13410,15,True,False,False,,,no fixed-duty transition 365->414;adaptive_sensitivity_not_run_scale_gt5,15.0,10,False,7d3bb9931a3572b992ae42e8d88a47268d169721a66b483fdcb7aac322531773,a4eedf70f01cb866a8fd37550b04d17e85428c36e9f5514a632314299c11d775,437da5c9ded4712db8de081328587a3e66c81391cba91e79aaa363409a5459f1,70fcea35544de56a4b67eb09a416999c8f7d3b3a7b97f7083c0ee4ddd9e7871b,evsp-dr-trip-identity-v1
k30_s1,30,1,13411,14,True,False,False,,,no fixed-duty transition 354->401;adaptive_sensitivity_not_run_scale_gt5,15.0,10,False,7d3bb9931a3572b992ae42e8d88a47268d169721a66b483fdcb7aac322531773,a4eedf70f01cb866a8fd37550b04d17e85428c36e9f5514a632314299c11d775,437da5c9ded4712db8de081328587a3e66c81391cba91e79aaa363409a5459f1,70fcea35544de56a4b67eb09a416999c8f7d3b3a7b97f7083c0ee4ddd9e7871b,evsp-dr-trip-identity-v1
k30_s1,30,1,13412,15,True,True,True,15.0,10,,15.0,10,False,7d3bb9931a3572b992ae42e8d88a47268d169721a66b483fdcb7aac322531773,a4eedf70f01cb866a8fd37550b04d17e85428c36e9f5514a632314299c11d775,437da5c9ded4712db8de081328587a3e66c81391cba91e79aaa363409a5459f1,70fcea35544de56a4b67eb09a416999c8f7d3b3a7b97f7083c0ee4ddd9e7871b,evsp-dr-trip-identity-v1
k30_s1,30,1,13413,15,True,False,False,,,no fixed-duty transition 330->376;adaptive_sensitivity_not_run_scale_gt5,15.0,10,False,7d3bb9931a3572b992ae42e8d88a47268d169721a66b483fdcb7aac322531773,a4eedf70f01cb866a8fd37550b04d17e85428c36e9f5514a632314299c11d775,437da5c9ded4712db8de081328587a3e66c81391cba91e79aaa363409a5459f1,70fcea35544de56a4b67eb09a416999c8f7d3b3a7b97f7083c0ee4ddd9e7871b,evsp-dr-trip-identity-v1
k30_s2,30,2,13301,36,True,False,False,,,no fixed-duty transition 401->420;adaptive_sensitivity_not_run_scale_gt5,15.0,10,False,acdfe96bd49508fe4f9ffb6138439fa7e0a2ffbd97cb6973179a6b73869a6c67,7ce2d490018d2ffca0d380df86d9f3110fabf2145c001dc95c21e9b75569ca64,1d95b3ad0aee2fc8c20e07d6075d182b9b9c4aae8e9e8affe82067e3751bf8d6,48f48c5a185e5a471640ec0184180e0531109e78373a75aaec04a4caf4ea4dbb,evsp-dr-trip-identity-v1
k30_s2,30,2,13302,50,True,False,False,,,no fixed-duty transition 179->185;adaptive_sensitivity_not_run_scale_gt5,15.0,10,False,acdfe96bd49508fe4f9ffb6138439fa7e0a2ffbd97cb6973179a6b73869a6c67,7ce2d490018d2ffca0d380df86d9f3110fabf2145c001dc95c21e9b75569ca64,1d95b3ad0aee2fc8c20e07d6075d182b9b9c4aae8e9e8affe82067e3751bf8d6,48f48c5a185e5a471640ec0184180e0531109e78373a75aaec04a4caf4ea4dbb,evsp-dr-trip-identity-v1
k30_s2,30,2,13304,37,True,False,False,,,no fixed-duty transition 556->563;adaptive_sensitivity_not_run_scale_gt5,15.0,10,False,acdfe96bd49508fe4f9ffb6138439fa7e0a2ffbd97cb6973179a6b73869a6c67,7ce2d490018d2ffca0d380df86d9f3110fabf2145c001dc95c21e9b75569ca64,1d95b3ad0aee2fc8c20e07d6075d182b9b9c4aae8e9e8affe82067e3751bf8d6,48f48c5a185e5a471640ec0184180e0531109e78373a75aaec04a4caf4ea4dbb,evsp-dr-trip-identity-v1
k30_s2,30,2,13306,30,True,False,False,,,no fixed-duty transition 178->190;adaptive_sensitivity_not_run_scale_gt5,15.0,10,False,acdfe96bd49508fe4f9ffb6138439fa7e0a2ffbd97cb6973179a6b73869a6c67,7ce2d490018d2ffca0d380df86d9f3110fabf2145c001dc95c21e9b75569ca64,1d95b3ad0aee2fc8c20e07d6075d182b9b9c4aae8e9e8affe82067e3751bf8d6,48f48c5a185e5a471640ec0184180e0531109e78373a75aaec04a4caf4ea4dbb,evsp-dr-trip-identity-v1
k30_s2,30,2,13307,15,True,True,True,15.0,10,,15.0,10,False,acdfe96bd49508fe4f9ffb6138439fa7e0a2ffbd97cb6973179a6b73869a6c67,7ce2d490018d2ffca0d380df86d9f3110fabf2145c001dc95c21e9b75569ca64,1d95b3ad0aee2fc8c20e07d6075d182b9b9c4aae8e9e8affe82067e3751bf8d6,48f48c5a185e5a471640ec0184180e0531109e78373a75aaec04a4caf4ea4dbb,evsp-dr-trip-identity-v1
k30_s2,30,2,13308,31,True,False,False,,,no fixed-duty transition 480->503;adaptive_sensitivity_not_run_scale_gt5,15.0,10,False,acdfe96bd49508fe4f9ffb6138439fa7e0a2ffbd97cb6973179a6b73869a6c67,7ce2d490018d2ffca0d380df86d9f3110fabf2145c001dc95c21e9b75569ca64,1d95b3ad0aee2fc8c20e07d6075d182b9b9c4aae8e9e8affe82067e3751bf8d6,48f48c5a185e5a471640ec0184180e0531109e78373a75aaec04a4caf4ea4dbb,evsp-dr-trip-identity-v1
k30_s2,30,2,13309,22,True,True,True,15.0,10,,15.0,10,False,acdfe96bd49508fe4f9ffb6138439fa7e0a2ffbd97cb6973179a6b73869a6c67,7ce2d490018d2ffca0d380df86d9f3110fabf2145c001dc95c21e9b75569ca64,1d95b3ad0aee2fc8c20e07d6075d182b9b9c4aae8e9e8affe82067e3751bf8d6,48f48c5a185e5a471640ec0184180e0531109e78373a75aaec04a4caf4ea4dbb,evsp-dr-trip-identity-v1
k30_s2,30,2,13310,24,True,False,False,,,no fixed-duty transition 238->246;adaptive_sensitivity_not_run_scale_gt5,15.0,10,False,acdfe96bd49508fe4f9ffb6138439fa7e0a2ffbd97cb6973179a6b73869a6c67,7ce2d490018d2ffca0d380df86d9f3110fabf2145c001dc95c21e9b75569ca64,1d95b3ad0aee2fc8c20e07d6075d182b9b9c4aae8e9e8affe82067e3751bf8d6,48f48c5a185e5a471640ec0184180e0531109e78373a75aaec04a4caf4ea4dbb,evsp-dr-trip-identity-v1
k30_s2,30,2,13311,14,True,True,True,15.0,10,,15.0,10,False,acdfe96bd49508fe4f9ffb6138439fa7e0a2ffbd97cb6973179a6b73869a6c67,7ce2d490018d2ffca0d380df86d9f3110fabf2145c001dc95c21e9b75569ca64,1d95b3ad0aee2fc8c20e07d6075d182b9b9c4aae8e9e8affe82067e3751bf8d6,48f48c5a185e5a471640ec0184180e0531109e78373a75aaec04a4caf4ea4dbb,evsp-dr-trip-identity-v1
k30_s2,30,2,13312,46,True,False,False,,,no fixed-duty transition 231->242;adaptive_sensitivity_not_run_scale_gt5,15.0,10,False,acdfe96bd49508fe4f9ffb6138439fa7e0a2ffbd97cb6973179a6b73869a6c67,7ce2d490018d2ffca0d380df86d9f3110fabf2145c001dc95c21e9b75569ca64,1d95b3ad0aee2fc8c20e07d6075d182b9b9c4aae8e9e8affe82067e3751bf8d6,48f48c5a185e5a471640ec0184180e0531109e78373a75aaec04a4caf4ea4dbb,evsp-dr-trip-identity-v1
k30_s2,30,2,13314,16,True,False,False,,,no fixed-duty transition 418->438;adaptive_sensitivity_not_run_scale_gt5,15.0,10,False,acdfe96bd49508fe4f9ffb6138439fa7e0a2ffbd97cb6973179a6b73869a6c67,7ce2d490018d2ffca0d380df86d9f3110fabf2145c001dc95c21e9b75569ca64,1d95b3ad0aee2fc8c20e07d6075d182b9b9c4aae8e9e8affe82067e3751bf8d6,48f48c5a185e5a471640ec0184180e0531109e78373a75aaec04a4caf4ea4dbb,evsp-dr-trip-identity-v1
k30_s2,30,2,13316uwt,21,True,False,False,,,no fixed-duty transition 406->426;adaptive_sensitivity_not_run_scale_gt5,15.0,10,False,acdfe96bd49508fe4f9ffb6138439fa7e0a2ffbd97cb6973179a6b73869a6c67,7ce2d490018d2ffca0d380df86d9f3110fabf2145c001dc95c21e9b75569ca64,1d95b3ad0aee2fc8c20e07d6075d182b9b9c4aae8e9e8affe82067e3751bf8d6,48f48c5a185e5a471640ec0184180e0531109e78373a75aaec04a4caf4ea4dbb,evsp-dr-trip-identity-v1
k30_s2,30,2,13317,37,True,False,False,,,no fixed-duty transition 228->241;adaptive_sensitivity_not_run_scale_gt5,15.0,10,False,acdfe96bd49508fe4f9ffb6138439fa7e0a2ffbd97cb6973179a6b73869a6c67,7ce2d490018d2ffca0d380df86d9f3110fabf2145c001dc95c21e9b75569ca64,1d95b3ad0aee2fc8c20e07d6075d182b9b9c4aae8e9e8affe82067e3751bf8d6,48f48c5a185e5a471640ec0184180e0531109e78373a75aaec04a4caf4ea4dbb,evsp-dr-trip-identity-v1
k30_s2,30,2,13318,33,True,False,False,,,no fixed-duty transition 441->467;adaptive_sensitivity_not_run_scale_gt5,15.0,10,False,acdfe96bd49508fe4f9ffb6138439fa7e0a2ffbd97cb6973179a6b73869a6c67,7ce2d490018d2ffca0d380df86d9f3110fabf2145c001dc95c21e9b75569ca64,1d95b3ad0aee2fc8c20e07d6075d182b9b9c4aae8e9e8affe82067e3751bf8d6,48f48c5a185e5a471640ec0184180e0531109e78373a75aaec04a4caf4ea4dbb,evsp-dr-trip-identity-v1
k30_s2,30,2,13320,16,True,True,True,15.0,10,,15.0,10,False,acdfe96bd49508fe4f9ffb6138439fa7e0a2ffbd97cb6973179a6b73869a6c67,7ce2d490018d2ffca0d380df86d9f3110fabf2145c001dc95c21e9b75569ca64,1d95b3ad0aee2fc8c20e07d6075d182b9b9c4aae8e9e8affe82067e3751bf8d6,48f48c5a185e5a471640ec0184180e0531109e78373a75aaec04a4caf4ea4dbb,evsp-dr-trip-identity-v1
k30_s2,30,2,13321,22,True,False,False,,,no fixed-duty transition 628->634;adaptive_sensitivity_not_run_scale_gt5,15.0,10,False,acdfe96bd49508fe4f9ffb6138439fa7e0a2ffbd97cb6973179a6b73869a6c67,7ce2d490018d2ffca0d380df86d9f3110fabf2145c001dc95c21e9b75569ca64,1d95b3ad0aee2fc8c20e07d6075d182b9b9c4aae8e9e8affe82067e3751bf8d6,48f48c5a185e5a471640ec0184180e0531109e78373a75aaec04a4caf4ea4dbb,evsp-dr-trip-identity-v1
k30_s2,30,2,13323,8,True,True,True,15.0,10,,15.0,10,False,acdfe96bd49508fe4f9ffb6138439fa7e0a2ffbd97cb6973179a6b73869a6c67,7ce2d490018d2ffca0d380df86d9f3110fabf2145c001dc95c21e9b75569ca64,1d95b3ad0aee2fc8c20e07d6075d182b9b9c4aae8e9e8affe82067e3751bf8d6,48f48c5a185e5a471640ec0184180e0531109e78373a75aaec04a4caf4ea4dbb,evsp-dr-trip-identity-v1
k30_s2,30,2,13326,21,True,False,False,,,no fixed-duty transition 284->300;adaptive_sensitivity_not_run_scale_gt5,15.0,10,False,acdfe96bd49508fe4f9ffb6138439fa7e0a2ffbd97cb6973179a6b73869a6c67,7ce2d490018d2ffca0d380df86d9f3110fabf2145c001dc95c21e9b75569ca64,1d95b3ad0aee2fc8c20e07d6075d182b9b9c4aae8e9e8affe82067e3751bf8d6,48f48c5a185e5a471640ec0184180e0531109e78373a75aaec04a4caf4ea4dbb,evsp-dr-trip-identity-v1
k30_s2,30,2,13401,12,True,True,True,15.0,10,,15.0,10,False,acdfe96bd49508fe4f9ffb6138439fa7e0a2ffbd97cb6973179a6b73869a6c67,7ce2d490018d2ffca0d380df86d9f3110fabf2145c001dc95c21e9b75569ca64,1d95b3ad0aee2fc8c20e07d6075d182b9b9c4aae8e9e8affe82067e3751bf8d6,48f48c5a185e5a471640ec0184180e0531109e78373a75aaec04a4caf4ea4dbb,evsp-dr-trip-identity-v1
k30_s2,30,2,13402,17,True,False,False,,,no fixed-duty transition 337->382;adaptive_sensitivity_not_run_scale_gt5,15.0,10,False,acdfe96bd49508fe4f9ffb6138439fa7e0a2ffbd97cb6973179a6b73869a6c67,7ce2d490018d2ffca0d380df86d9f3110fabf2145c001dc95c21e9b75569ca64,1d95b3ad0aee2fc8c20e07d6075d182b9b9c4aae8e9e8affe82067e3751bf8d6,48f48c5a185e5a471640ec0184180e0531109e78373a75aaec04a4caf4ea4dbb,evsp-dr-trip-identity-v1
k30_s2,30,2,13403,14,True,False,False,,,no fixed-duty transition 369->424;adaptive_sensitivity_not_run_scale_gt5,15.0,10,False,acdfe96bd49508fe4f9ffb6138439fa7e0a2ffbd97cb6973179a6b73869a6c67,7ce2d490018d2ffca0d380df86d9f3110fabf2145c001dc95c21e9b75569ca64,1d95b3ad0aee2fc8c20e07d6075d182b9b9c4aae8e9e8affe82067e3751bf8d6,48f48c5a185e5a471640ec0184180e0531109e78373a75aaec04a4caf4ea4dbb,evsp-dr-trip-identity-v1
k30_s2,30,2,13404,17,True,False,False,,,no fixed-duty transition 268->304;adaptive_sensitivity_not_run_scale_gt5,15.0,10,False,acdfe96bd49508fe4f9ffb6138439fa7e0a2ffbd97cb6973179a6b73869a6c67,7ce2d490018d2ffca0d380df86d9f3110fabf2145c001dc95c21e9b75569ca64,1d95b3ad0aee2fc8c20e07d6075d182b9b9c4aae8e9e8affe82067e3751bf8d6,48f48c5a185e5a471640ec0184180e0531109e78373a75aaec04a4caf4ea4dbb,evsp-dr-trip-identity-v1
k30_s2,30,2,13406,14,True,True,True,15.0,10,,15.0,10,False,acdfe96bd49508fe4f9ffb6138439fa7e0a2ffbd97cb6973179a6b73869a6c67,7ce2d490018d2ffca0d380df86d9f3110fabf2145c001dc95c21e9b75569ca64,1d95b3ad0aee2fc8c20e07d6075d182b9b9c4aae8e9e8affe82067e3751bf8d6,48f48c5a185e5a471640ec0184180e0531109e78373a75aaec04a4caf4ea4dbb,evsp-dr-trip-identity-v1
k30_s2,30,2,13407,17,True,False,False,,,no fixed-duty transition 530->560;adaptive_sensitivity_not_run_scale_gt5,15.0,10,False,acdfe96bd49508fe4f9ffb6138439fa7e0a2ffbd97cb6973179a6b73869a6c67,7ce2d490018d2ffca0d380df86d9f3110fabf2145c001dc95c21e9b75569ca64,1d95b3ad0aee2fc8c20e07d6075d182b9b9c4aae8e9e8affe82067e3751bf8d6,48f48c5a185e5a471640ec0184180e0531109e78373a75aaec04a4caf4ea4dbb,evsp-dr-trip-identity-v1
k30_s2,30,2,13408,11,True,False,False,,,no fixed-duty transition 221->249;adaptive_sensitivity_not_run_scale_gt5,15.0,10,False,acdfe96bd49508fe4f9ffb6138439fa7e0a2ffbd97cb6973179a6b73869a6c67,7ce2d490018d2ffca0d380df86d9f3110fabf2145c001dc95c21e9b75569ca64,1d95b3ad0aee2fc8c20e07d6075d182b9b9c4aae8e9e8affe82067e3751bf8d6,48f48c5a185e5a471640ec0184180e0531109e78373a75aaec04a4caf4ea4dbb,evsp-dr-trip-identity-v1
k30_s2,30,2,13409,17,True,False,False,,,no fixed-duty transition 227->255;adaptive_sensitivity_not_run_scale_gt5,15.0,10,False,acdfe96bd49508fe4f9ffb6138439fa7e0a2ffbd97cb6973179a6b73869a6c67,7ce2d490018d2ffca0d380df86d9f3110fabf2145c001dc95c21e9b75569ca64,1d95b3ad0aee2fc8c20e07d6075d182b9b9c4aae8e9e8affe82067e3751bf8d6,48f48c5a185e5a471640ec0184180e0531109e78373a75aaec04a4caf4ea4dbb,evsp-dr-trip-identity-v1
k30_s2,30,2,13411,14,True,False,False,,,no fixed-duty transition 302->340;adaptive_sensitivity_not_run_scale_gt5,15.0,10,False,acdfe96bd49508fe4f9ffb6138439fa7e0a2ffbd97cb6973179a6b73869a6c67,7ce2d490018d2ffca0d380df86d9f3110fabf2145c001dc95c21e9b75569ca64,1d95b3ad0aee2fc8c20e07d6075d182b9b9c4aae8e9e8affe82067e3751bf8d6,48f48c5a185e5a471640ec0184180e0531109e78373a75aaec04a4caf4ea4dbb,evsp-dr-trip-identity-v1
k30_s2,30,2,13412,15,True,True,True,15.0,10,,15.0,10,False,acdfe96bd49508fe4f9ffb6138439fa7e0a2ffbd97cb6973179a6b73869a6c67,7ce2d490018d2ffca0d380df86d9f3110fabf2145c001dc95c21e9b75569ca64,1d95b3ad0aee2fc8c20e07d6075d182b9b9c4aae8e9e8affe82067e3751bf8d6,48f48c5a185e5a471640ec0184180e0531109e78373a75aaec04a4caf4ea4dbb,evsp-dr-trip-identity-v1
k30_s2,30,2,13413,15,True,False,False,,,no fixed-duty transition 282->319;adaptive_sensitivity_not_run_scale_gt5,15.0,10,False,acdfe96bd49508fe4f9ffb6138439fa7e0a2ffbd97cb6973179a6b73869a6c67,7ce2d490018d2ffca0d380df86d9f3110fabf2145c001dc95c21e9b75569ca64,1d95b3ad0aee2fc8c20e07d6075d182b9b9c4aae8e9e8affe82067e3751bf8d6,48f48c5a185e5a471640ec0184180e0531109e78373a75aaec04a4caf4ea4dbb,evsp-dr-trip-identity-v1
k30_s2,30,2,13414,12,True,True,True,15.0,10,,15.0,10,False,acdfe96bd49508fe4f9ffb6138439fa7e0a2ffbd97cb6973179a6b73869a6c67,7ce2d490018d2ffca0d380df86d9f3110fabf2145c001dc95c21e9b75569ca64,1d95b3ad0aee2fc8c20e07d6075d182b9b9c4aae8e9e8affe82067e3751bf8d6,48f48c5a185e5a471640ec0184180e0531109e78373a75aaec04a4caf4ea4dbb,evsp-dr-trip-identity-v1
k30_s3,30,3,13301,36,True,False,False,,,no fixed-duty transition 403->421;adaptive_sensitivity_not_run_scale_gt5,15.0,10,False,5cde49cc325a3dc2672334a3bd292ed154942082b8c864e187e5522d65db3cbb,05fd89e2219c26ff980431693cc8487d6647de284b641da79a644755d87b0896,4e896e2b52e2f2ef815ae65326ffc7fcf9f7d82d6f9c6d7d6f9a47097c72b07e,bb7d59d767801fc7e42b194146d19d3aeb8edc5da4ffdbde68d7455f0483e5e8,evsp-dr-trip-identity-v1
k30_s3,30,3,13304,37,True,False,False,,,no fixed-duty transition 549->553;adaptive_sensitivity_not_run_scale_gt5,15.0,10,False,5cde49cc325a3dc2672334a3bd292ed154942082b8c864e187e5522d65db3cbb,05fd89e2219c26ff980431693cc8487d6647de284b641da79a644755d87b0896,4e896e2b52e2f2ef815ae65326ffc7fcf9f7d82d6f9c6d7d6f9a47097c72b07e,bb7d59d767801fc7e42b194146d19d3aeb8edc5da4ffdbde68d7455f0483e5e8,evsp-dr-trip-identity-v1
k30_s3,30,3,13306,30,True,False,False,,,no fixed-duty transition 170->184;adaptive_sensitivity_not_run_scale_gt5,15.0,10,False,5cde49cc325a3dc2672334a3bd292ed154942082b8c864e187e5522d65db3cbb,05fd89e2219c26ff980431693cc8487d6647de284b641da79a644755d87b0896,4e896e2b52e2f2ef815ae65326ffc7fcf9f7d82d6f9c6d7d6f9a47097c72b07e,bb7d59d767801fc7e42b194146d19d3aeb8edc5da4ffdbde68d7455f0483e5e8,evsp-dr-trip-identity-v1
k30_s3,30,3,13307,15,True,True,True,15.0,10,,15.0,10,False,5cde49cc325a3dc2672334a3bd292ed154942082b8c864e187e5522d65db3cbb,05fd89e2219c26ff980431693cc8487d6647de284b641da79a644755d87b0896,4e896e2b52e2f2ef815ae65326ffc7fcf9f7d82d6f9c6d7d6f9a47097c72b07e,bb7d59d767801fc7e42b194146d19d3aeb8edc5da4ffdbde68d7455f0483e5e8,evsp-dr-trip-identity-v1
k30_s3,30,3,13309,22,True,True,True,15.0,10,,15.0,10,False,5cde49cc325a3dc2672334a3bd292ed154942082b8c864e187e5522d65db3cbb,05fd89e2219c26ff980431693cc8487d6647de284b641da79a644755d87b0896,4e896e2b52e2f2ef815ae65326ffc7fcf9f7d82d6f9c6d7d6f9a47097c72b07e,bb7d59d767801fc7e42b194146d19d3aeb8edc5da4ffdbde68d7455f0483e5e8,evsp-dr-trip-identity-v1
k30_s3,30,3,13310,24,True,False,False,,,no fixed-duty transition 239->250;adaptive_sensitivity_not_run_scale_gt5,15.0,10,False,5cde49cc325a3dc2672334a3bd292ed154942082b8c864e187e5522d65db3cbb,05fd89e2219c26ff980431693cc8487d6647de284b641da79a644755d87b0896,4e896e2b52e2f2ef815ae65326ffc7fcf9f7d82d6f9c6d7d6f9a47097c72b07e,bb7d59d767801fc7e42b194146d19d3aeb8edc5da4ffdbde68d7455f0483e5e8,evsp-dr-trip-identity-v1
k30_s3,30,3,13311,14,True,True,True,15.0,10,,15.0,10,False,5cde49cc325a3dc2672334a3bd292ed154942082b8c864e187e5522d65db3cbb,05fd89e2219c26ff980431693cc8487d6647de284b641da79a644755d87b0896,4e896e2b52e2f2ef815ae65326ffc7fcf9f7d82d6f9c6d7d6f9a47097c72b07e,bb7d59d767801fc7e42b194146d19d3aeb8edc5da4ffdbde68d7455f0483e5e8,evsp-dr-trip-identity-v1
k30_s3,30,3,13313,37,True,False,False,,,no fixed-duty transition 245->254;adaptive_sensitivity_not_run_scale_gt5,15.0,10,False,5cde49cc325a3dc2672334a3bd292ed154942082b8c864e187e5522d65db3cbb,05fd89e2219c26ff980431693cc8487d6647de284b641da79a644755d87b0896,4e896e2b52e2f2ef815ae65326ffc7fcf9f7d82d6f9c6d7d6f9a47097c72b07e,bb7d59d767801fc7e42b194146d19d3aeb8edc5da4ffdbde68d7455f0483e5e8,evsp-dr-trip-identity-v1
k30_s3,30,3,13314,16,True,False,False,,,no fixed-duty transition 417->441;adaptive_sensitivity_not_run_scale_gt5,15.0,10,False,5cde49cc325a3dc2672334a3bd292ed154942082b8c864e187e5522d65db3cbb,05fd89e2219c26ff980431693cc8487d6647de284b641da79a644755d87b0896,4e896e2b52e2f2ef815ae65326ffc7fcf9f7d82d6f9c6d7d6f9a47097c72b07e,bb7d59d767801fc7e42b194146d19d3aeb8edc5da4ffdbde68d7455f0483e5e8,evsp-dr-trip-identity-v1
k30_s3,30,3,13315,31,True,False,False,,,no fixed-duty transition 193->199;adaptive_sensitivity_not_run_scale_gt5,15.0,10,False,5cde49cc325a3dc2672334a3bd292ed154942082b8c864e187e5522d65db3cbb,05fd89e2219c26ff980431693cc8487d6647de284b641da79a644755d87b0896,4e896e2b52e2f2ef815ae65326ffc7fcf9f7d82d6f9c6d7d6f9a47097c72b07e,bb7d59d767801fc7e42b194146d19d3aeb8edc5da4ffdbde68d7455f0483e5e8,evsp-dr-trip-identity-v1
k30_s3,30,3,13316uwt,21,True,False,False,,,no fixed-duty transition 406->428;adaptive_sensitivity_not_run_scale_gt5,15.0,10,False,5cde49cc325a3dc2672334a3bd292ed154942082b8c864e187e5522d65db3cbb,05fd89e2219c26ff980431693cc8487d6647de284b641da79a644755d87b0896,4e896e2b52e2f2ef815ae65326ffc7fcf9f7d82d6f9c6d7d6f9a47097c72b07e,bb7d59d767801fc7e42b194146d19d3aeb8edc5da4ffdbde68d7455f0483e5e8,evsp-dr-trip-identity-v1
k30_s3,30,3,13317,37,True,False,False,,,no fixed-duty transition 227->241;adaptive_sensitivity_not_run_scale_gt5,15.0,10,False,5cde49cc325a3dc2672334a3bd292ed154942082b8c864e187e5522d65db3cbb,05fd89e2219c26ff980431693cc8487d6647de284b641da79a644755d87b0896,4e896e2b52e2f2ef815ae65326ffc7fcf9f7d82d6f9c6d7d6f9a47097c72b07e,bb7d59d767801fc7e42b194146d19d3aeb8edc5da4ffdbde68d7455f0483e5e8,evsp-dr-trip-identity-v1
k30_s3,30,3,13318,33,True,False,False,,,no fixed-duty transition 444->467;adaptive_sensitivity_not_run_scale_gt5,15.0,10,False,5cde49cc325a3dc2672334a3bd292ed154942082b8c864e187e5522d65db3cbb,05fd89e2219c26ff980431693cc8487d6647de284b641da79a644755d87b0896,4e896e2b52e2f2ef815ae65326ffc7fcf9f7d82d6f9c6d7d6f9a47097c72b07e,bb7d59d767801fc7e42b194146d19d3aeb8edc5da4ffdbde68d7455f0483e5e8,evsp-dr-trip-identity-v1
k30_s3,30,3,13319,27,True,False,False,,,no fixed-duty transition 532->540;adaptive_sensitivity_not_run_scale_gt5,15.0,10,False,5cde49cc325a3dc2672334a3bd292ed154942082b8c864e187e5522d65db3cbb,05fd89e2219c26ff980431693cc8487d6647de284b641da79a644755d87b0896,4e896e2b52e2f2ef815ae65326ffc7fcf9f7d82d6f9c6d7d6f9a47097c72b07e,bb7d59d767801fc7e42b194146d19d3aeb8edc5da4ffdbde68d7455f0483e5e8,evsp-dr-trip-identity-v1
k30_s3,30,3,13320,16,True,True,True,15.0,10,,15.0,10,False,5cde49cc325a3dc2672334a3bd292ed154942082b8c864e187e5522d65db3cbb,05fd89e2219c26ff980431693cc8487d6647de284b641da79a644755d87b0896,4e896e2b52e2f2ef815ae65326ffc7fcf9f7d82d6f9c6d7d6f9a47097c72b07e,bb7d59d767801fc7e42b194146d19d3aeb8edc5da4ffdbde68d7455f0483e5e8,evsp-dr-trip-identity-v1
k30_s3,30,3,13323,8,True,True,True,15.0,10,,15.0,10,False,5cde49cc325a3dc2672334a3bd292ed154942082b8c864e187e5522d65db3cbb,05fd89e2219c26ff980431693cc8487d6647de284b641da79a644755d87b0896,4e896e2b52e2f2ef815ae65326ffc7fcf9f7d82d6f9c6d7d6f9a47097c72b07e,bb7d59d767801fc7e42b194146d19d3aeb8edc5da4ffdbde68d7455f0483e5e8,evsp-dr-trip-identity-v1
k30_s3,30,3,13324muw,17,True,False,False,,,no fixed-duty transition 232->243;adaptive_sensitivity_not_run_scale_gt5,15.0,10,False,5cde49cc325a3dc2672334a3bd292ed154942082b8c864e187e5522d65db3cbb,05fd89e2219c26ff980431693cc8487d6647de284b641da79a644755d87b0896,4e896e2b52e2f2ef815ae65326ffc7fcf9f7d82d6f9c6d7d6f9a47097c72b07e,bb7d59d767801fc7e42b194146d19d3aeb8edc5da4ffdbde68d7455f0483e5e8,evsp-dr-trip-identity-v1
k30_s3,30,3,13325,42,True,False,False,,,no fixed-duty transition 257->271;adaptive_sensitivity_not_run_scale_gt5,15.0,10,False,5cde49cc325a3dc2672334a3bd292ed154942082b8c864e187e5522d65db3cbb,05fd89e2219c26ff980431693cc8487d6647de284b641da79a644755d87b0896,4e896e2b52e2f2ef815ae65326ffc7fcf9f7d82d6f9c6d7d6f9a47097c72b07e,bb7d59d767801fc7e42b194146d19d3aeb8edc5da4ffdbde68d7455f0483e5e8,evsp-dr-trip-identity-v1
k30_s3,30,3,13401,12,True,True,True,15.0,10,,15.0,10,False,5cde49cc325a3dc2672334a3bd292ed154942082b8c864e187e5522d65db3cbb,05fd89e2219c26ff980431693cc8487d6647de284b641da79a644755d87b0896,4e896e2b52e2f2ef815ae65326ffc7fcf9f7d82d6f9c6d7d6f9a47097c72b07e,bb7d59d767801fc7e42b194146d19d3aeb8edc5da4ffdbde68d7455f0483e5e8,evsp-dr-trip-identity-v1
k30_s3,30,3,13402,17,True,False,False,,,no fixed-duty transition 336->384;adaptive_sensitivity_not_run_scale_gt5,15.0,10,False,5cde49cc325a3dc2672334a3bd292ed154942082b8c864e187e5522d65db3cbb,05fd89e2219c26ff980431693cc8487d6647de284b641da79a644755d87b0896,4e896e2b52e2f2ef815ae65326ffc7fcf9f7d82d6f9c6d7d6f9a47097c72b07e,bb7d59d767801fc7e42b194146d19d3aeb8edc5da4ffdbde68d7455f0483e5e8,evsp-dr-trip-identity-v1
k30_s3,30,3,13403,14,True,False,False,,,no fixed-duty transition 370->425;adaptive_sensitivity_not_run_scale_gt5,15.0,10,False,5cde49cc325a3dc2672334a3bd292ed154942082b8c864e187e5522d65db3cbb,05fd89e2219c26ff980431693cc8487d6647de284b641da79a644755d87b0896,4e896e2b52e2f2ef815ae65326ffc7fcf9f7d82d6f9c6d7d6f9a47097c72b07e,bb7d59d767801fc7e42b194146d19d3aeb8edc5da4ffdbde68d7455f0483e5e8,evsp-dr-trip-identity-v1
k30_s3,30,3,13406,14,True,True,True,15.0,10,,15.0,10,False,5cde49cc325a3dc2672334a3bd292ed154942082b8c864e187e5522d65db3cbb,05fd89e2219c26ff980431693cc8487d6647de284b641da79a644755d87b0896,4e896e2b52e2f2ef815ae65326ffc7fcf9f7d82d6f9c6d7d6f9a47097c72b07e,bb7d59d767801fc7e42b194146d19d3aeb8edc5da4ffdbde68d7455f0483e5e8,evsp-dr-trip-identity-v1
k30_s3,30,3,13407,17,True,False,False,,,no fixed-duty transition 527->551;adaptive_sensitivity_not_run_scale_gt5,15.0,10,False,5cde49cc325a3dc2672334a3bd292ed154942082b8c864e187e5522d65db3cbb,05fd89e2219c26ff980431693cc8487d6647de284b641da79a644755d87b0896,4e896e2b52e2f2ef815ae65326ffc7fcf9f7d82d6f9c6d7d6f9a47097c72b07e,bb7d59d767801fc7e42b194146d19d3aeb8edc5da4ffdbde68d7455f0483e5e8,evsp-dr-trip-identity-v1
k30_s3,30,3,13408,11,True,False,False,,,no fixed-duty transition 220->253;adaptive_sensitivity_not_run_scale_gt5,15.0,10,False,5cde49cc325a3dc2672334a3bd292ed154942082b8c864e187e5522d65db3cbb,05fd89e2219c26ff980431693cc8487d6647de284b641da79a644755d87b0896,4e896e2b52e2f2ef815ae65326ffc7fcf9f7d82d6f9c6d7d6f9a47097c72b07e,bb7d59d767801fc7e42b194146d19d3aeb8edc5da4ffdbde68d7455f0483e5e8,evsp-dr-trip-identity-v1
k30_s3,30,3,13409,17,True,False,False,,,no fixed-duty transition 226->260;adaptive_sensitivity_not_run_scale_gt5,15.0,10,False,5cde49cc325a3dc2672334a3bd292ed154942082b8c864e187e5522d65db3cbb,05fd89e2219c26ff980431693cc8487d6647de284b641da79a644755d87b0896,4e896e2b52e2f2ef815ae65326ffc7fcf9f7d82d6f9c6d7d6f9a47097c72b07e,bb7d59d767801fc7e42b194146d19d3aeb8edc5da4ffdbde68d7455f0483e5e8,evsp-dr-trip-identity-v1
k30_s3,30,3,13410,15,True,False,False,,,no fixed-duty transition 310->350;adaptive_sensitivity_not_run_scale_gt5,15.0,10,False,5cde49cc325a3dc2672334a3bd292ed154942082b8c864e187e5522d65db3cbb,05fd89e2219c26ff980431693cc8487d6647de284b641da79a644755d87b0896,4e896e2b52e2f2ef815ae65326ffc7fcf9f7d82d6f9c6d7d6f9a47097c72b07e,bb7d59d767801fc7e42b194146d19d3aeb8edc5da4ffdbde68d7455f0483e5e8,evsp-dr-trip-identity-v1
k30_s3,30,3,13411,14,True,False,False,,,no fixed-duty transition 302->341;adaptive_sensitivity_not_run_scale_gt5,15.0,10,False,5cde49cc325a3dc2672334a3bd292ed154942082b8c864e187e5522d65db3cbb,05fd89e2219c26ff980431693cc8487d6647de284b641da79a644755d87b0896,4e896e2b52e2f2ef815ae65326ffc7fcf9f7d82d6f9c6d7d6f9a47097c72b07e,bb7d59d767801fc7e42b194146d19d3aeb8edc5da4ffdbde68d7455f0483e5e8,evsp-dr-trip-identity-v1
k30_s3,30,3,13412,15,True,True,True,15.0,10,,15.0,10,False,5cde49cc325a3dc2672334a3bd292ed154942082b8c864e187e5522d65db3cbb,05fd89e2219c26ff980431693cc8487d6647de284b641da79a644755d87b0896,4e896e2b52e2f2ef815ae65326ffc7fcf9f7d82d6f9c6d7d6f9a47097c72b07e,bb7d59d767801fc7e42b194146d19d3aeb8edc5da4ffdbde68d7455f0483e5e8,evsp-dr-trip-identity-v1
k30_s3,30,3,13413,15,True,False,False,,,no fixed-duty transition 283->320;adaptive_sensitivity_not_run_scale_gt5,15.0,10,False,5cde49cc325a3dc2672334a3bd292ed154942082b8c864e187e5522d65db3cbb,05fd89e2219c26ff980431693cc8487d6647de284b641da79a644755d87b0896,4e896e2b52e2f2ef815ae65326ffc7fcf9f7d82d6f9c6d7d6f9a47097c72b07e,bb7d59d767801fc7e42b194146d19d3aeb8edc5da4ffdbde68d7455f0483e5e8,evsp-dr-trip-identity-v1
k30_s3,30,3,13414,12,True,True,True,15.0,10,,15.0,10,False,5cde49cc325a3dc2672334a3bd292ed154942082b8c864e187e5522d65db3cbb,05fd89e2219c26ff980431693cc8487d6647de284b641da79a644755d87b0896,4e896e2b52e2f2ef815ae65326ffc7fcf9f7d82d6f9c6d7d6f9a47097c72b07e,bb7d59d767801fc7e42b194146d19d3aeb8edc5da4ffdbde68d7455f0483e5e8,evsp-dr-trip-identity-v1
k40_s2,40,2,13301,36,True,False,False,,,no fixed-duty transition 594->621;adaptive_sensitivity_not_run_scale_gt5,15.0,10,False,3508a11f73d1186ae87588656d65ea62812c6e222623ae85488eff26cafb35fd,2756baf18e81509df74a2e92e3925aefd17fdf81d95ded9161ad113fd6830e50,35604b22facf1646963e85eb98a858906f0dd7dbebd86ea0d3ac7b797de62ed0,4f97828ea12f082e50df2067894cd650ba599043e7ece51fa3b80379e51b0f2c,evsp-dr-trip-identity-v1
k40_s2,40,2,13302,50,True,False,False,,,no fixed-duty transition 246->256;adaptive_sensitivity_not_run_scale_gt5,15.0,10,False,3508a11f73d1186ae87588656d65ea62812c6e222623ae85488eff26cafb35fd,2756baf18e81509df74a2e92e3925aefd17fdf81d95ded9161ad113fd6830e50,35604b22facf1646963e85eb98a858906f0dd7dbebd86ea0d3ac7b797de62ed0,4f97828ea12f082e50df2067894cd650ba599043e7ece51fa3b80379e51b0f2c,evsp-dr-trip-identity-v1
k40_s2,40,2,13303,54,True,False,False,,,no fixed-duty transition 254->264;adaptive_sensitivity_not_run_scale_gt5,15.0,10,False,3508a11f73d1186ae87588656d65ea62812c6e222623ae85488eff26cafb35fd,2756baf18e81509df74a2e92e3925aefd17fdf81d95ded9161ad113fd6830e50,35604b22facf1646963e85eb98a858906f0dd7dbebd86ea0d3ac7b797de62ed0,4f97828ea12f082e50df2067894cd650ba599043e7ece51fa3b80379e51b0f2c,evsp-dr-trip-identity-v1
k40_s2,40,2,13304,37,True,False,False,,,no fixed-duty transition 804->812;adaptive_sensitivity_not_run_scale_gt5,15.0,10,False,3508a11f73d1186ae87588656d65ea62812c6e222623ae85488eff26cafb35fd,2756baf18e81509df74a2e92e3925aefd17fdf81d95ded9161ad113fd6830e50,35604b22facf1646963e85eb98a858906f0dd7dbebd86ea0d3ac7b797de62ed0,4f97828ea12f082e50df2067894cd650ba599043e7ece51fa3b80379e51b0f2c,evsp-dr-trip-identity-v1
k40_s2,40,2,13305,30,True,False,False,,,no fixed-duty transition 268->295;adaptive_sensitivity_not_run_scale_gt5,15.0,10,False,3508a11f73d1186ae87588656d65ea62812c6e222623ae85488eff26cafb35fd,2756baf18e81509df74a2e92e3925aefd17fdf81d95ded9161ad113fd6830e50,35604b22facf1646963e85eb98a858906f0dd7dbebd86ea0d3ac7b797de62ed0,4f97828ea12f082e50df2067894cd650ba599043e7ece51fa3b80379e51b0f2c,evsp-dr-trip-identity-v1
k40_s2,40,2,13306,30,True,False,False,,,no fixed-duty transition 245->266;adaptive_sensitivity_not_run_scale_gt5,15.0,10,False,3508a11f73d1186ae87588656d65ea62812c6e222623ae85488eff26cafb35fd,2756baf18e81509df74a2e92e3925aefd17fdf81d95ded9161ad113fd6830e50,35604b22facf1646963e85eb98a858906f0dd7dbebd86ea0d3ac7b797de62ed0,4f97828ea12f082e50df2067894cd650ba599043e7ece51fa3b80379e51b0f2c,evsp-dr-trip-identity-v1
k40_s2,40,2,13307,15,True,True,True,15.0,10,,15.0,10,False,3508a11f73d1186ae87588656d65ea62812c6e222623ae85488eff26cafb35fd,2756baf18e81509df74a2e92e3925aefd17fdf81d95ded9161ad113fd6830e50,35604b22facf1646963e85eb98a858906f0dd7dbebd86ea0d3ac7b797de62ed0,4f97828ea12f082e50df2067894cd650ba599043e7ece51fa3b80379e51b0f2c,evsp-dr-trip-identity-v1
k40_s2,40,2,13308,31,True,False,False,,,no fixed-duty transition 703->732;adaptive_sensitivity_not_run_scale_gt5,15.0,10,False,3508a11f73d1186ae87588656d65ea62812c6e222623ae85488eff26cafb35fd,2756baf18e81509df74a2e92e3925aefd17fdf81d95ded9161ad113fd6830e50,35604b22facf1646963e85eb98a858906f0dd7dbebd86ea0d3ac7b797de62ed0,4f97828ea12f082e50df2067894cd650ba599043e7ece51fa3b80379e51b0f2c,evsp-dr-trip-identity-v1
k40_s2,40,2,13309,22,True,True,True,15.0,10,,15.0,10,False,3508a11f73d1186ae87588656d65ea62812c6e222623ae85488eff26cafb35fd,2756baf18e81509df74a2e92e3925aefd17fdf81d95ded9161ad113fd6830e50,35604b22facf1646963e85eb98a858906f0dd7dbebd86ea0d3ac7b797de62ed0,4f97828ea12f082e50df2067894cd650ba599043e7ece51fa3b80379e51b0f2c,evsp-dr-trip-identity-v1
k40_s2,40,2,13310,24,True,False,False,,,no fixed-duty transition 349->364;adaptive_sensitivity_not_run_scale_gt5,15.0,10,False,3508a11f73d1186ae87588656d65ea62812c6e222623ae85488eff26cafb35fd,2756baf18e81509df74a2e92e3925aefd17fdf81d95ded9161ad113fd6830e50,35604b22facf1646963e85eb98a858906f0dd7dbebd86ea0d3ac7b797de62ed0,4f97828ea12f082e50df2067894cd650ba599043e7ece51fa3b80379e51b0f2c,evsp-dr-trip-identity-v1
k40_s2,40,2,13311,14,True,True,True,15.0,10,,15.0,10,False,3508a11f73d1186ae87588656d65ea62812c6e222623ae85488eff26cafb35fd,2756baf18e81509df74a2e92e3925aefd17fdf81d95ded9161ad113fd6830e50,35604b22facf1646963e85eb98a858906f0dd7dbebd86ea0d3ac7b797de62ed0,4f97828ea12f082e50df2067894cd650ba599043e7ece51fa3b80379e51b0f2c,evsp-dr-trip-identity-v1
k40_s2,40,2,13312,46,True,False,False,,,no fixed-duty transition 337->358;adaptive_sensitivity_not_run_scale_gt5,15.0,10,False,3508a11f73d1186ae87588656d65ea62812c6e222623ae85488eff26cafb35fd,2756baf18e81509df74a2e92e3925aefd17fdf81d95ded9161ad113fd6830e50,35604b22facf1646963e85eb98a858906f0dd7dbebd86ea0d3ac7b797de62ed0,4f97828ea12f082e50df2067894cd650ba599043e7ece51fa3b80379e51b0f2c,evsp-dr-trip-identity-v1
k40_s2,40,2,13313,37,True,False,False,,,no fixed-duty transition 357->369;adaptive_sensitivity_not_run_scale_gt5,15.0,10,False,3508a11f73d1186ae87588656d65ea62812c6e222623ae85488eff26cafb35fd,2756baf18e81509df74a2e92e3925aefd17fdf81d95ded9161ad113fd6830e50,35604b22facf1646963e85eb98a858906f0dd7dbebd86ea0d3ac7b797de62ed0,4f97828ea12f082e50df2067894cd650ba599043e7ece51fa3b80379e51b0f2c,evsp-dr-trip-identity-v1
k40_s2,40,2,13314,16,True,False,False,,,no fixed-duty transition 616->648;adaptive_sensitivity_not_run_scale_gt5,15.0,10,False,3508a11f73d1186ae87588656d65ea62812c6e222623ae85488eff26cafb35fd,2756baf18e81509df74a2e92e3925aefd17fdf81d95ded9161ad113fd6830e50,35604b22facf1646963e85eb98a858906f0dd7dbebd86ea0d3ac7b797de62ed0,4f97828ea12f082e50df2067894cd650ba599043e7ece51fa3b80379e51b0f2c,evsp-dr-trip-identity-v1
k40_s2,40,2,13315,31,True,False,False,,,no fixed-duty transition 277->287;adaptive_sensitivity_not_run_scale_gt5,15.0,10,False,3508a11f73d1186ae87588656d65ea62812c6e222623ae85488eff26cafb35fd,2756baf18e81509df74a2e92e3925aefd17fdf81d95ded9161ad113fd6830e50,35604b22facf1646963e85eb98a858906f0dd7dbebd86ea0d3ac7b797de62ed0,4f97828ea12f082e50df2067894cd650ba599043e7ece51fa3b80379e51b0f2c,evsp-dr-trip-identity-v1
k40_s2,40,2,13316uwt,21,True,False,False,,,no fixed-duty transition 602->628;adaptive_sensitivity_not_run_scale_gt5,15.0,10,False,3508a11f73d1186ae87588656d65ea62812c6e222623ae85488eff26cafb35fd,2756baf18e81509df74a2e92e3925aefd17fdf81d95ded9161ad113fd6830e50,35604b22facf1646963e85eb98a858906f0dd7dbebd86ea0d3ac7b797de62ed0,4f97828ea12f082e50df2067894cd650ba599043e7ece51fa3b80379e51b0f2c,evsp-dr-trip-identity-v1
k40_s2,40,2,13317,37,True,False,False,,,no fixed-duty transition 330->352;adaptive_sensitivity_not_run_scale_gt5,15.0,10,False,3508a11f73d1186ae87588656d65ea62812c6e222623ae85488eff26cafb35fd,2756baf18e81509df74a2e92e3925aefd17fdf81d95ded9161ad113fd6830e50,35604b22facf1646963e85eb98a858906f0dd7dbebd86ea0d3ac7b797de62ed0,4f97828ea12f082e50df2067894cd650ba599043e7ece51fa3b80379e51b0f2c,evsp-dr-trip-identity-v1
k40_s2,40,2,13318,33,True,False,False,,,no fixed-duty transition 651->686;adaptive_sensitivity_not_run_scale_gt5,15.0,10,False,3508a11f73d1186ae87588656d65ea62812c6e222623ae85488eff26cafb35fd,2756baf18e81509df74a2e92e3925aefd17fdf81d95ded9161ad113fd6830e50,35604b22facf1646963e85eb98a858906f0dd7dbebd86ea0d3ac7b797de62ed0,4f97828ea12f082e50df2067894cd650ba599043e7ece51fa3b80379e51b0f2c,evsp-dr-trip-identity-v1
k40_s2,40,2,13319,27,True,False,False,,,no fixed-duty transition 778->792;adaptive_sensitivity_not_run_scale_gt5,15.0,10,False,3508a11f73d1186ae87588656d65ea62812c6e222623ae85488eff26cafb35fd,2756baf18e81509df74a2e92e3925aefd17fdf81d95ded9161ad113fd6830e50,35604b22facf1646963e85eb98a858906f0dd7dbebd86ea0d3ac7b797de62ed0,4f97828ea12f082e50df2067894cd650ba599043e7ece51fa3b80379e51b0f2c,evsp-dr-trip-identity-v1
k40_s2,40,2,13320,16,True,True,True,15.0,10,,15.0,10,False,3508a11f73d1186ae87588656d65ea62812c6e222623ae85488eff26cafb35fd,2756baf18e81509df74a2e92e3925aefd17fdf81d95ded9161ad113fd6830e50,35604b22facf1646963e85eb98a858906f0dd7dbebd86ea0d3ac7b797de62ed0,4f97828ea12f082e50df2067894cd650ba599043e7ece51fa3b80379e51b0f2c,evsp-dr-trip-identity-v1
k40_s2,40,2,13321,22,True,False,False,,,no fixed-duty transition 908->919;adaptive_sensitivity_not_run_scale_gt5,15.0,10,False,3508a11f73d1186ae87588656d65ea62812c6e222623ae85488eff26cafb35fd,2756baf18e81509df74a2e92e3925aefd17fdf81d95ded9161ad113fd6830e50,35604b22facf1646963e85eb98a858906f0dd7dbebd86ea0d3ac7b797de62ed0,4f97828ea12f082e50df2067894cd650ba599043e7ece51fa3b80379e51b0f2c,evsp-dr-trip-identity-v1
k40_s2,40,2,13322,26,True,False,False,,,no fixed-duty transition 353->373;adaptive_sensitivity_not_run_scale_gt5,15.0,10,False,3508a11f73d1186ae87588656d65ea62812c6e222623ae85488eff26cafb35fd,2756baf18e81509df74a2e92e3925aefd17fdf81d95ded9161ad113fd6830e50,35604b22facf1646963e85eb98a858906f0dd7dbebd86ea0d3ac7b797de62ed0,4f97828ea12f082e50df2067894cd650ba599043e7ece51fa3b80379e51b0f2c,evsp-dr-trip-identity-v1
k40_s2,40,2,13323,8,True,True,True,15.0,10,,15.0,10,False,3508a11f73d1186ae87588656d65ea62812c6e222623ae85488eff26cafb35fd,2756baf18e81509df74a2e92e3925aefd17fdf81d95ded9161ad113fd6830e50,35604b22facf1646963e85eb98a858906f0dd7dbebd86ea0d3ac7b797de62ed0,4f97828ea12f082e50df2067894cd650ba599043e7ece51fa3b80379e51b0f2c,evsp-dr-trip-identity-v1
k40_s2,40,2,13324t,18,True,False,False,,,no fixed-duty transition 340->355;adaptive_sensitivity_not_run_scale_gt5,15.0,10,False,3508a11f73d1186ae87588656d65ea62812c6e222623ae85488eff26cafb35fd,2756baf18e81509df74a2e92e3925aefd17fdf81d95ded9161ad113fd6830e50,35604b22facf1646963e85eb98a858906f0dd7dbebd86ea0d3ac7b797de62ed0,4f97828ea12f082e50df2067894cd650ba599043e7ece51fa3b80379e51b0f2c,evsp-dr-trip-identity-v1
k40_s2,40,2,13325,42,True,False,False,,,no fixed-duty transition 372->399;adaptive_sensitivity_not_run_scale_gt5,15.0,10,False,3508a11f73d1186ae87588656d65ea62812c6e222623ae85488eff26cafb35fd,2756baf18e81509df74a2e92e3925aefd17fdf81d95ded9161ad113fd6830e50,35604b22facf1646963e85eb98a858906f0dd7dbebd86ea0d3ac7b797de62ed0,4f97828ea12f082e50df2067894cd650ba599043e7ece51fa3b80379e51b0f2c,evsp-dr-trip-identity-v1
k40_s2,40,2,13326,21,True,False,False,,,no fixed-duty transition 422->444;adaptive_sensitivity_not_run_scale_gt5,15.0,10,False,3508a11f73d1186ae87588656d65ea62812c6e222623ae85488eff26cafb35fd,2756baf18e81509df74a2e92e3925aefd17fdf81d95ded9161ad113fd6830e50,35604b22facf1646963e85eb98a858906f0dd7dbebd86ea0d3ac7b797de62ed0,4f97828ea12f082e50df2067894cd650ba599043e7ece51fa3b80379e51b0f2c,evsp-dr-trip-identity-v1
k40_s2,40,2,13401,12,True,True,True,15.0,10,,15.0,10,False,3508a11f73d1186ae87588656d65ea62812c6e222623ae85488eff26cafb35fd,2756baf18e81509df74a2e92e3925aefd17fdf81d95ded9161ad113fd6830e50,35604b22facf1646963e85eb98a858906f0dd7dbebd86ea0d3ac7b797de62ed0,4f97828ea12f082e50df2067894cd650ba599043e7ece51fa3b80379e51b0f2c,evsp-dr-trip-identity-v1
k40_s2,40,2,13402,17,True,False,False,,,no fixed-duty transition 499->568;adaptive_sensitivity_not_run_scale_gt5,15.0,10,False,3508a11f73d1186ae87588656d65ea62812c6e222623ae85488eff26cafb35fd,2756baf18e81509df74a2e92e3925aefd17fdf81d95ded9161ad113fd6830e50,35604b22facf1646963e85eb98a858906f0dd7dbebd86ea0d3ac7b797de62ed0,4f97828ea12f082e50df2067894cd650ba599043e7ece51fa3b80379e51b0f2c,evsp-dr-trip-identity-v1
k40_s2,40,2,13403,14,True,False,False,,,no fixed-duty transition 547->625;adaptive_sensitivity_not_run_scale_gt5,15.0,10,False,3508a11f73d1186ae87588656d65ea62812c6e222623ae85488eff26cafb35fd,2756baf18e81509df74a2e92e3925aefd17fdf81d95ded9161ad113fd6830e50,35604b22facf1646963e85eb98a858906f0dd7dbebd86ea0d3ac7b797de62ed0,4f97828ea12f082e50df2067894cd650ba599043e7ece51fa3b80379e51b0f2c,evsp-dr-trip-identity-v1
k40_s2,40,2,13404,17,True,False,False,,,no fixed-duty transition 397->450;adaptive_sensitivity_not_run_scale_gt5,15.0,10,False,3508a11f73d1186ae87588656d65ea62812c6e222623ae85488eff26cafb35fd,2756baf18e81509df74a2e92e3925aefd17fdf81d95ded9161ad113fd6830e50,35604b22facf1646963e85eb98a858906f0dd7dbebd86ea0d3ac7b797de62ed0,4f97828ea12f082e50df2067894cd650ba599043e7ece51fa3b80379e51b0f2c,evsp-dr-trip-identity-v1
k40_s2,40,2,13405,13,True,False,False,,,no fixed-duty transition 285->335;adaptive_sensitivity_not_run_scale_gt5,15.0,10,False,3508a11f73d1186ae87588656d65ea62812c6e222623ae85488eff26cafb35fd,2756baf18e81509df74a2e92e3925aefd17fdf81d95ded9161ad113fd6830e50,35604b22facf1646963e85eb98a858906f0dd7dbebd86ea0d3ac7b797de62ed0,4f97828ea12f082e50df2067894cd650ba599043e7ece51fa3b80379e51b0f2c,evsp-dr-trip-identity-v1
k40_s2,40,2,13406,14,True,True,True,15.0,10,,15.0,10,False,3508a11f73d1186ae87588656d65ea62812c6e222623ae85488eff26cafb35fd,2756baf18e81509df74a2e92e3925aefd17fdf81d95ded9161ad113fd6830e50,35604b22facf1646963e85eb98a858906f0dd7dbebd86ea0d3ac7b797de62ed0,4f97828ea12f082e50df2067894cd650ba599043e7ece51fa3b80379e51b0f2c,evsp-dr-trip-identity-v1
k40_s2,40,2,13407,17,True,False,False,,,no fixed-duty transition 771->808;adaptive_sensitivity_not_run_scale_gt5,15.0,10,False,3508a11f73d1186ae87588656d65ea62812c6e222623ae85488eff26cafb35fd,2756baf18e81509df74a2e92e3925aefd17fdf81d95ded9161ad113fd6830e50,35604b22facf1646963e85eb98a858906f0dd7dbebd86ea0d3ac7b797de62ed0,4f97828ea12f082e50df2067894cd650ba599043e7ece51fa3b80379e51b0f2c,evsp-dr-trip-identity-v1
k40_s2,40,2,13408,11,True,False,False,,,no fixed-duty transition 319->368;adaptive_sensitivity_not_run_scale_gt5,15.0,10,False,3508a11f73d1186ae87588656d65ea62812c6e222623ae85488eff26cafb35fd,2756baf18e81509df74a2e92e3925aefd17fdf81d95ded9161ad113fd6830e50,35604b22facf1646963e85eb98a858906f0dd7dbebd86ea0d3ac7b797de62ed0,4f97828ea12f082e50df2067894cd650ba599043e7ece51fa3b80379e51b0f2c,evsp-dr-trip-identity-v1
k40_s2,40,2,13409,17,True,False,False,,,no fixed-duty transition 329->377;adaptive_sensitivity_not_run_scale_gt5,15.0,10,False,3508a11f73d1186ae87588656d65ea62812c6e222623ae85488eff26cafb35fd,2756baf18e81509df74a2e92e3925aefd17fdf81d95ded9161ad113fd6830e50,35604b22facf1646963e85eb98a858906f0dd7dbebd86ea0d3ac7b797de62ed0,4f97828ea12f082e50df2067894cd650ba599043e7ece51fa3b80379e51b0f2c,evsp-dr-trip-identity-v1
k40_s2,40,2,13410,15,True,False,False,,,no fixed-duty transition 461->520;adaptive_sensitivity_not_run_scale_gt5,15.0,10,False,3508a11f73d1186ae87588656d65ea62812c6e222623ae85488eff26cafb35fd,2756baf18e81509df74a2e92e3925aefd17fdf81d95ded9161ad113fd6830e50,35604b22facf1646963e85eb98a858906f0dd7dbebd86ea0d3ac7b797de62ed0,4f97828ea12f082e50df2067894cd650ba599043e7ece51fa3b80379e51b0f2c,evsp-dr-trip-identity-v1
k40_s2,40,2,13411,14,True,False,False,,,no fixed-duty transition 447->504;adaptive_sensitivity_not_run_scale_gt5,15.0,10,False,3508a11f73d1186ae87588656d65ea62812c6e222623ae85488eff26cafb35fd,2756baf18e81509df74a2e92e3925aefd17fdf81d95ded9161ad113fd6830e50,35604b22facf1646963e85eb98a858906f0dd7dbebd86ea0d3ac7b797de62ed0,4f97828ea12f082e50df2067894cd650ba599043e7ece51fa3b80379e51b0f2c,evsp-dr-trip-identity-v1
k40_s2,40,2,13412,15,True,True,True,15.0,10,,15.0,10,False,3508a11f73d1186ae87588656d65ea62812c6e222623ae85488eff26cafb35fd,2756baf18e81509df74a2e92e3925aefd17fdf81d95ded9161ad113fd6830e50,35604b22facf1646963e85eb98a858906f0dd7dbebd86ea0d3ac7b797de62ed0,4f97828ea12f082e50df2067894cd650ba599043e7ece51fa3b80379e51b0f2c,evsp-dr-trip-identity-v1
k40_s2,40,2,13413,15,True,False,False,,,no fixed-duty transition 417->474;adaptive_sensitivity_not_run_scale_gt5,15.0,10,False,3508a11f73d1186ae87588656d65ea62812c6e222623ae85488eff26cafb35fd,2756baf18e81509df74a2e92e3925aefd17fdf81d95ded9161ad113fd6830e50,35604b22facf1646963e85eb98a858906f0dd7dbebd86ea0d3ac7b797de62ed0,4f97828ea12f082e50df2067894cd650ba599043e7ece51fa3b80379e51b0f2c,evsp-dr-trip-identity-v1
k40_s2,40,2,13414,12,True,True,True,15.0,10,,15.0,10,False,3508a11f73d1186ae87588656d65ea62812c6e222623ae85488eff26cafb35fd,2756baf18e81509df74a2e92e3925aefd17fdf81d95ded9161ad113fd6830e50,35604b22facf1646963e85eb98a858906f0dd7dbebd86ea0d3ac7b797de62ed0,4f97828ea12f082e50df2067894cd650ba599043e7ece51fa3b80379e51b0f2c,evsp-dr-trip-identity-v1
k02_s4,2,4,13319,27,True,False,True,1.0,5,no fixed-duty transition 24->25,15.0,10,True,62d819d26255fe4daf70d26793bea3dfb072fa74ecfc3b21cad2ef4f8e1bea61,022f2f90854298b331069e006392f0a8d95d515295def6bbb59f9f5c47b478bd,93c7500d12794c52c2c4fe3bd2204aceb7c4a4b889dbb712ad869b4d60578db5,c6dcf82bfb7d60c16500a1af37ed3c04ffcf7d65ac2b0249c6dd2c8fb5fdbab3,evsp-dr-trip-identity-v1
k02_s4,2,4,13414,12,True,True,True,15.0,10,,15.0,10,True,62d819d26255fe4daf70d26793bea3dfb072fa74ecfc3b21cad2ef4f8e1bea61,022f2f90854298b331069e006392f0a8d95d515295def6bbb59f9f5c47b478bd,93c7500d12794c52c2c4fe3bd2204aceb7c4a4b889dbb712ad869b4d60578db5,c6dcf82bfb7d60c16500a1af37ed3c04ffcf7d65ac2b0249c6dd2c8fb5fdbab3,evsp-dr-trip-identity-v1
k02_s5,2,5,13321,22,True,False,True,5.0,10,no fixed-duty transition 26->27,15.0,10,True,64e59a7e8b7e675aceea96dcf33a2e2120a204a87f0755c083413b253d0cb225,632ac29b6bcf90f17e5f81efa03e6e4cef2a4ead80d388b028d340694a1a89e0,a6442ecc61a4de61e54fe0f8b19a20dfa668ac6b03491ae7cff4fe8261f6c7e1,9526f0f587604cc88a441f8a7d62fffd331553704d58cc066a5ad8e4b2c5db99,evsp-dr-trip-identity-v1
k02_s5,2,5,13323,8,True,True,True,15.0,10,,15.0,10,True,64e59a7e8b7e675aceea96dcf33a2e2120a204a87f0755c083413b253d0cb225,632ac29b6bcf90f17e5f81efa03e6e4cef2a4ead80d388b028d340694a1a89e0,a6442ecc61a4de61e54fe0f8b19a20dfa668ac6b03491ae7cff4fe8261f6c7e1,9526f0f587604cc88a441f8a7d62fffd331553704d58cc066a5ad8e4b2c5db99,evsp-dr-trip-identity-v1
k02_s6,2,6,13312,46,True,False,True,1.0,5,no fixed-duty transition 25->27,15.0,10,True,6fee11f84d907aff9b17429280faf8f74aae0e5f4d1721f9dd79346dce74b4ca,8092fd9c96548394dde3178f4e774e77f7e20f8356f569262044495746b119af,d7d138b25149544df897449bdeda314a4360c3a5f300ad5e66011b1f84320fce,97ce3b98f772f517a733a77b8688956c08f2f4f9edbe02018fbe75aa00bed6e8,evsp-dr-trip-identity-v1
k02_s6,2,6,13317,37,True,False,True,1.0,5,no fixed-duty transition 24->26,15.0,10,True,6fee11f84d907aff9b17429280faf8f74aae0e5f4d1721f9dd79346dce74b4ca,8092fd9c96548394dde3178f4e774e77f7e20f8356f569262044495746b119af,d7d138b25149544df897449bdeda314a4360c3a5f300ad5e66011b1f84320fce,97ce3b98f772f517a733a77b8688956c08f2f4f9edbe02018fbe75aa00bed6e8,evsp-dr-trip-identity-v1
k03_s4,3,4,13312,46,True,False,True,1.0,5,no fixed-duty transition 28->30,15.0,10,True,3e94695d03f9947d7c0d69c212936d31fa1acca1bc2508b549500cd1ab89d0de,c096e4c56dcd84153798391ed13e163a07315ead87b3e8eb10d9aef514ea5158,7de95596d3401a0a888332041962b3f5908ac53503c5e0b6dfa8e2634ff034c1,2ee1396a31b14c27eacff6c80ab80cd8a1e8dea37c0c1b0000743af3e0bc45c7,evsp-dr-trip-identity-v1
k03_s4,3,4,13317,37,True,False,True,1.0,5,no fixed-duty transition 27->29,15.0,10,True,3e94695d03f9947d7c0d69c212936d31fa1acca1bc2508b549500cd1ab89d0de,c096e4c56dcd84153798391ed13e163a07315ead87b3e8eb10d9aef514ea5158,7de95596d3401a0a888332041962b3f5908ac53503c5e0b6dfa8e2634ff034c1,2ee1396a31b14c27eacff6c80ab80cd8a1e8dea37c0c1b0000743af3e0bc45c7,evsp-dr-trip-identity-v1
k03_s4,3,4,13321,22,True,False,True,5.0,10,no fixed-duty transition 95->98,15.0,10,True,3e94695d03f9947d7c0d69c212936d31fa1acca1bc2508b549500cd1ab89d0de,c096e4c56dcd84153798391ed13e163a07315ead87b3e8eb10d9aef514ea5158,7de95596d3401a0a888332041962b3f5908ac53503c5e0b6dfa8e2634ff034c1,2ee1396a31b14c27eacff6c80ab80cd8a1e8dea37c0c1b0000743af3e0bc45c7,evsp-dr-trip-identity-v1
k03_s5,3,5,13305,30,True,False,True,1.0,5,no fixed-duty transition 29->33,15.0,10,True,f46be52d5512d77690c448d4a94415dbf4a2f50ff07745fcdc29c0ab66d46e01,366a0e46f1a483c5790f19355ab0b6dbbb63e1d4d4d1fc9c37b761b208403fad,c8b4ea1d116d95ad2819e9fa7c3dc34ac5a757459cf6e0df74fa7234cc41392a,76386c8a4467a2bfac142162ad59402b9b8e5ebdae9683919245300cb7f37880,evsp-dr-trip-identity-v1
k03_s5,3,5,13310,24,True,False,True,1.0,5,no fixed-duty transition 40->42,15.0,10,True,f46be52d5512d77690c448d4a94415dbf4a2f50ff07745fcdc29c0ab66d46e01,366a0e46f1a483c5790f19355ab0b6dbbb63e1d4d4d1fc9c37b761b208403fad,c8b4ea1d116d95ad2819e9fa7c3dc34ac5a757459cf6e0df74fa7234cc41392a,76386c8a4467a2bfac142162ad59402b9b8e5ebdae9683919245300cb7f37880,evsp-dr-trip-identity-v1
k03_s5,3,5,13313,37,True,False,True,1.0,5,no fixed-duty transition 41->44,15.0,10,True,f46be52d5512d77690c448d4a94415dbf4a2f50ff07745fcdc29c0ab66d46e01,366a0e46f1a483c5790f19355ab0b6dbbb63e1d4d4d1fc9c37b761b208403fad,c8b4ea1d116d95ad2819e9fa7c3dc34ac5a757459cf6e0df74fa7234cc41392a,76386c8a4467a2bfac142162ad59402b9b8e5ebdae9683919245300cb7f37880,evsp-dr-trip-identity-v1
k03_s6,3,6,13323,8,True,True,True,15.0,10,,15.0,10,True,fb1dc3fac8ddc75f629c74ff5fc7602a0ca1758647595b51e6ea5c7f07350f21,f6801690d38724a04191c82fd2d7b324cb4eca2928ac83659d97d3b147a5a41e,e38a3b55be6489a183094f48ed53f33baa5726dbe94d231ecb650626d3279b6f,91b47146f92e5037f20ce9dd6dace6bb5de49837bba9763eadbc3d21167d733f,evsp-dr-trip-identity-v1
k03_s6,3,6,13409,17,True,False,False,,,no fixed-duty transition 14->16;blocked_through_1kwh_5min,15.0,10,True,fb1dc3fac8ddc75f629c74ff5fc7602a0ca1758647595b51e6ea5c7f07350f21,f6801690d38724a04191c82fd2d7b324cb4eca2928ac83659d97d3b147a5a41e,e38a3b55be6489a183094f48ed53f33baa5726dbe94d231ecb650626d3279b6f,91b47146f92e5037f20ce9dd6dace6bb5de49837bba9763eadbc3d21167d733f,evsp-dr-trip-identity-v1
k03_s6,3,6,13410,15,True,False,True,1.0,5,no fixed-duty transition 19->21,15.0,10,True,fb1dc3fac8ddc75f629c74ff5fc7602a0ca1758647595b51e6ea5c7f07350f21,f6801690d38724a04191c82fd2d7b324cb4eca2928ac83659d97d3b147a5a41e,e38a3b55be6489a183094f48ed53f33baa5726dbe94d231ecb650626d3279b6f,91b47146f92e5037f20ce9dd6dace6bb5de49837bba9763eadbc3d21167d733f,evsp-dr-trip-identity-v1
k05_s4,5,4,13303,54,True,False,False,,,no fixed-duty transition 31->33;blocked_through_1kwh_5min,15.0,10,True,8c76d093404ad593da1a4b7e47ba6e3eab34de8726a3b2054c3bd7aabb4b523f,95211778d911a8e22c9f9936dd072140c93f4de590ef95d0ba3a08fd52f740cc,e3c01139bbdc3d3d3714e495b2a687e6f2fa613ddf7fe07857a5ed8b9d6a9d3e,51dd5d923a47e4ce29cac0708907bb92db9dbdbf2792e8c75e60a5f8ff64a145,evsp-dr-trip-identity-v1
k05_s4,5,4,13324t,18,True,False,True,5.0,10,no fixed-duty transition 48->50,15.0,10,True,8c76d093404ad593da1a4b7e47ba6e3eab34de8726a3b2054c3bd7aabb4b523f,95211778d911a8e22c9f9936dd072140c93f4de590ef95d0ba3a08fd52f740cc,e3c01139bbdc3d3d3714e495b2a687e6f2fa613ddf7fe07857a5ed8b9d6a9d3e,51dd5d923a47e4ce29cac0708907bb92db9dbdbf2792e8c75e60a5f8ff64a145,evsp-dr-trip-identity-v1
k05_s4,5,4,13326,21,True,False,True,1.0,5,no fixed-duty transition 62->65,15.0,10,True,8c76d093404ad593da1a4b7e47ba6e3eab34de8726a3b2054c3bd7aabb4b523f,95211778d911a8e22c9f9936dd072140c93f4de590ef95d0ba3a08fd52f740cc,e3c01139bbdc3d3d3714e495b2a687e6f2fa613ddf7fe07857a5ed8b9d6a9d3e,51dd5d923a47e4ce29cac0708907bb92db9dbdbf2792e8c75e60a5f8ff64a145,evsp-dr-trip-identity-v1
k05_s4,5,4,13404,17,True,False,True,1.0,5,no fixed-duty transition 59->66,15.0,10,True,8c76d093404ad593da1a4b7e47ba6e3eab34de8726a3b2054c3bd7aabb4b523f,95211778d911a8e22c9f9936dd072140c93f4de590ef95d0ba3a08fd52f740cc,e3c01139bbdc3d3d3714e495b2a687e6f2fa613ddf7fe07857a5ed8b9d6a9d3e,51dd5d923a47e4ce29cac0708907bb92db9dbdbf2792e8c75e60a5f8ff64a145,evsp-dr-trip-identity-v1
k05_s4,5,4,13407,17,True,False,True,2.5,10,no fixed-duty transition 103->107,15.0,10,True,8c76d093404ad593da1a4b7e47ba6e3eab34de8726a3b2054c3bd7aabb4b523f,95211778d911a8e22c9f9936dd072140c93f4de590ef95d0ba3a08fd52f740cc,e3c01139bbdc3d3d3714e495b2a687e6f2fa613ddf7fe07857a5ed8b9d6a9d3e,51dd5d923a47e4ce29cac0708907bb92db9dbdbf2792e8c75e60a5f8ff64a145,evsp-dr-trip-identity-v1
k05_s5,5,5,13304,37,True,False,True,1.0,5,no fixed-duty transition 74->76,15.0,10,True,f69254a3d6137ca09204360fd68de5f56273df51b6a211650e7f18a9f26ae976,fe45c239bf6fbb6c2fc0cbb92a099d5c699e847540d820541c55f3acbd7a0884,7dbeb4e78859bdfa565d13940cb742cf2a7125e38cc97297b1cd48cc84562194,2995f3b3a532bfa757be357f2e116d877fc34c6894e29acf3d625fd256a81d94,evsp-dr-trip-identity-v1
k05_s5,5,5,13311,14,True,True,True,15.0,10,,15.0,10,True,f69254a3d6137ca09204360fd68de5f56273df51b6a211650e7f18a9f26ae976,fe45c239bf6fbb6c2fc0cbb92a099d5c699e847540d820541c55f3acbd7a0884,7dbeb4e78859bdfa565d13940cb742cf2a7125e38cc97297b1cd48cc84562194,2995f3b3a532bfa757be357f2e116d877fc34c6894e29acf3d625fd256a81d94,evsp-dr-trip-identity-v1
k05_s5,5,5,13406,14,True,True,True,15.0,10,,15.0,10,True,f69254a3d6137ca09204360fd68de5f56273df51b6a211650e7f18a9f26ae976,fe45c239bf6fbb6c2fc0cbb92a099d5c699e847540d820541c55f3acbd7a0884,7dbeb4e78859bdfa565d13940cb742cf2a7125e38cc97297b1cd48cc84562194,2995f3b3a532bfa757be357f2e116d877fc34c6894e29acf3d625fd256a81d94,evsp-dr-trip-identity-v1
k05_s5,5,5,13409,17,True,False,False,,,no fixed-duty transition 32->35;blocked_through_1kwh_5min,15.0,10,True,f69254a3d6137ca09204360fd68de5f56273df51b6a211650e7f18a9f26ae976,fe45c239bf6fbb6c2fc0cbb92a099d5c699e847540d820541c55f3acbd7a0884,7dbeb4e78859bdfa565d13940cb742cf2a7125e38cc97297b1cd48cc84562194,2995f3b3a532bfa757be357f2e116d877fc34c6894e29acf3d625fd256a81d94,evsp-dr-trip-identity-v1
k05_s5,5,5,13410,15,True,False,True,1.0,5,no fixed-duty transition 39->43,15.0,10,True,f69254a3d6137ca09204360fd68de5f56273df51b6a211650e7f18a9f26ae976,fe45c239bf6fbb6c2fc0cbb92a099d5c699e847540d820541c55f3acbd7a0884,7dbeb4e78859bdfa565d13940cb742cf2a7125e38cc97297b1cd48cc84562194,2995f3b3a532bfa757be357f2e116d877fc34c6894e29acf3d625fd256a81d94,evsp-dr-trip-identity-v1
k05_s6,5,6,13305,30,True,False,True,1.0,5,no fixed-duty transition 38->42,15.0,10,True,bbaed5d68ecaa4d90b3f9d2e7a4b02007e3c6a61f335df74b590205ee2da5b19,751eb5e9ac75c208b5a36e928ee1d13078e3ec44c2c48dcb13145288da641097,e3c01139bbdc3d3d3714e495b2a687e6f2fa613ddf7fe07857a5ed8b9d6a9d3e,eb558beac5d5a2249cb3114c9cc7c12e7ab1506b161240a60f914dcea32c00ba,evsp-dr-trip-identity-v1
k05_s6,5,6,13309,22,True,True,True,15.0,10,,15.0,10,True,bbaed5d68ecaa4d90b3f9d2e7a4b02007e3c6a61f335df74b590205ee2da5b19,751eb5e9ac75c208b5a36e928ee1d13078e3ec44c2c48dcb13145288da641097,e3c01139bbdc3d3d3714e495b2a687e6f2fa613ddf7fe07857a5ed8b9d6a9d3e,eb558beac5d5a2249cb3114c9cc7c12e7ab1506b161240a60f914dcea32c00ba,evsp-dr-trip-identity-v1
k05_s6,5,6,13313,37,True,False,True,1.0,5,no fixed-duty transition 51->54,15.0,10,True,bbaed5d68ecaa4d90b3f9d2e7a4b02007e3c6a61f335df74b590205ee2da5b19,751eb5e9ac75c208b5a36e928ee1d13078e3ec44c2c48dcb13145288da641097,e3c01139bbdc3d3d3714e495b2a687e6f2fa613ddf7fe07857a5ed8b9d6a9d3e,eb558beac5d5a2249cb3114c9cc7c12e7ab1506b161240a60f914dcea32c00ba,evsp-dr-trip-identity-v1
k05_s6,5,6,13316uwt,21,True,False,True,1.0,5,no fixed-duty transition 90->94,15.0,10,True,bbaed5d68ecaa4d90b3f9d2e7a4b02007e3c6a61f335df74b590205ee2da5b19,751eb5e9ac75c208b5a36e928ee1d13078e3ec44c2c48dcb13145288da641097,e3c01139bbdc3d3d3714e495b2a687e6f2fa613ddf7fe07857a5ed8b9d6a9d3e,eb558beac5d5a2249cb3114c9cc7c12e7ab1506b161240a60f914dcea32c00ba,evsp-dr-trip-identity-v1
k05_s6,5,6,13404,17,True,False,True,1.0,5,no fixed-duty transition 57->66,15.0,10,True,bbaed5d68ecaa4d90b3f9d2e7a4b02007e3c6a61f335df74b590205ee2da5b19,751eb5e9ac75c208b5a36e928ee1d13078e3ec44c2c48dcb13145288da641097,e3c01139bbdc3d3d3714e495b2a687e6f2fa613ddf7fe07857a5ed8b9d6a9d3e,eb558beac5d5a2249cb3114c9cc7c12e7ab1506b161240a60f914dcea32c00ba,evsp-dr-trip-identity-v1
k08_s4,8,4,13307,15,True,True,True,15.0,10,,15.0,10,False,c8bad8466ec37e2670deccc6e565bc2e8054a747ffb9efa4ec4c54aeef28734a,4ccba316a6c6488f020ca182f59043ae9429e42a5cb89e567fab25c3e97e7451,ff32d30d1c400bc821fbda627349f5cf586373671aa6830d1507745c085827e6,5952fb844d4bf845eafa55e7a7de88a829b41acebe9004eec43feaace1daf2b5,evsp-dr-trip-identity-v1
k08_s4,8,4,13312,46,True,False,False,,,no fixed-duty transition 71->77;adaptive_sensitivity_not_run_scale_gt5,15.0,10,False,c8bad8466ec37e2670deccc6e565bc2e8054a747ffb9efa4ec4c54aeef28734a,4ccba316a6c6488f020ca182f59043ae9429e42a5cb89e567fab25c3e97e7451,ff32d30d1c400bc821fbda627349f5cf586373671aa6830d1507745c085827e6,5952fb844d4bf845eafa55e7a7de88a829b41acebe9004eec43feaace1daf2b5,evsp-dr-trip-identity-v1
k08_s4,8,4,13313,37,True,False,False,,,no fixed-duty transition 76->80;adaptive_sensitivity_not_run_scale_gt5,15.0,10,False,c8bad8466ec37e2670deccc6e565bc2e8054a747ffb9efa4ec4c54aeef28734a,4ccba316a6c6488f020ca182f59043ae9429e42a5cb89e567fab25c3e97e7451,ff32d30d1c400bc821fbda627349f5cf586373671aa6830d1507745c085827e6,5952fb844d4bf845eafa55e7a7de88a829b41acebe9004eec43feaace1daf2b5,evsp-dr-trip-identity-v1
k08_s4,8,4,13315,31,True,False,False,,,no fixed-duty transition 57->60;adaptive_sensitivity_not_run_scale_gt5,15.0,10,False,c8bad8466ec37e2670deccc6e565bc2e8054a747ffb9efa4ec4c54aeef28734a,4ccba316a6c6488f020ca182f59043ae9429e42a5cb89e567fab25c3e97e7451,ff32d30d1c400bc821fbda627349f5cf586373671aa6830d1507745c085827e6,5952fb844d4bf845eafa55e7a7de88a829b41acebe9004eec43feaace1daf2b5,evsp-dr-trip-identity-v1
k08_s4,8,4,13406,14,True,True,True,15.0,10,,15.0,10,False,c8bad8466ec37e2670deccc6e565bc2e8054a747ffb9efa4ec4c54aeef28734a,4ccba316a6c6488f020ca182f59043ae9429e42a5cb89e567fab25c3e97e7451,ff32d30d1c400bc821fbda627349f5cf586373671aa6830d1507745c085827e6,5952fb844d4bf845eafa55e7a7de88a829b41acebe9004eec43feaace1daf2b5,evsp-dr-trip-identity-v1
k08_s4,8,4,13407,17,True,False,False,,,no fixed-duty transition 155->160;adaptive_sensitivity_not_run_scale_gt5,15.0,10,False,c8bad8466ec37e2670deccc6e565bc2e8054a747ffb9efa4ec4c54aeef28734a,4ccba316a6c6488f020ca182f59043ae9429e42a5cb89e567fab25c3e97e7451,ff32d30d1c400bc821fbda627349f5cf586373671aa6830d1507745c085827e6,5952fb844d4bf845eafa55e7a7de88a829b41acebe9004eec43feaace1daf2b5,evsp-dr-trip-identity-v1
k08_s4,8,4,13408,11,True,False,False,,,no fixed-duty transition 68->79;adaptive_sensitivity_not_run_scale_gt5,15.0,10,False,c8bad8466ec37e2670deccc6e565bc2e8054a747ffb9efa4ec4c54aeef28734a,4ccba316a6c6488f020ca182f59043ae9429e42a5cb89e567fab25c3e97e7451,ff32d30d1c400bc821fbda627349f5cf586373671aa6830d1507745c085827e6,5952fb844d4bf845eafa55e7a7de88a829b41acebe9004eec43feaace1daf2b5,evsp-dr-trip-identity-v1
k08_s4,8,4,13410,15,True,False,False,,,no fixed-duty transition 98->110;adaptive_sensitivity_not_run_scale_gt5,15.0,10,False,c8bad8466ec37e2670deccc6e565bc2e8054a747ffb9efa4ec4c54aeef28734a,4ccba316a6c6488f020ca182f59043ae9429e42a5cb89e567fab25c3e97e7451,ff32d30d1c400bc821fbda627349f5cf586373671aa6830d1507745c085827e6,5952fb844d4bf845eafa55e7a7de88a829b41acebe9004eec43feaace1daf2b5,evsp-dr-trip-identity-v1
k08_s5,8,5,13306,30,True,False,False,,,no fixed-duty transition 41->42;adaptive_sensitivity_not_run_scale_gt5,15.0,10,False,e52495a48dd6c7d79b716a27f7a438303adf1035563afc57bc7c8c76d9ec8e28,4b1e788e41b96e3481301e54b4aef07662438cd62f6a7b3795f1a62dacb95ec3,87ef3e03a99fdd08632d1e74dda2c6287b549293c6d781c0693789f1095ae25c,5f3b3d758afbfe27f28fd7af93543feac6c92b778a905dc1013c063fa40dcb6b,evsp-dr-trip-identity-v1
k08_s5,8,5,13316uwt,21,True,False,False,,,no fixed-duty transition 93->96;adaptive_sensitivity_not_run_scale_gt5,15.0,10,False,e52495a48dd6c7d79b716a27f7a438303adf1035563afc57bc7c8c76d9ec8e28,4b1e788e41b96e3481301e54b4aef07662438cd62f6a7b3795f1a62dacb95ec3,87ef3e03a99fdd08632d1e74dda2c6287b549293c6d781c0693789f1095ae25c,5f3b3d758afbfe27f28fd7af93543feac6c92b778a905dc1013c063fa40dcb6b,evsp-dr-trip-identity-v1
k08_s5,8,5,13321,22,True,False,False,,,no fixed-duty transition 132->133;adaptive_sensitivity_not_run_scale_gt5,15.0,10,False,e52495a48dd6c7d79b716a27f7a438303adf1035563afc57bc7c8c76d9ec8e28,4b1e788e41b96e3481301e54b4aef07662438cd62f6a7b3795f1a62dacb95ec3,87ef3e03a99fdd08632d1e74dda2c6287b549293c6d781c0693789f1095ae25c,5f3b3d758afbfe27f28fd7af93543feac6c92b778a905dc1013c063fa40dcb6b,evsp-dr-trip-identity-v1
k08_s5,8,5,13323,8,True,True,True,15.0,10,,15.0,10,False,e52495a48dd6c7d79b716a27f7a438303adf1035563afc57bc7c8c76d9ec8e28,4b1e788e41b96e3481301e54b4aef07662438cd62f6a7b3795f1a62dacb95ec3,87ef3e03a99fdd08632d1e74dda2c6287b549293c6d781c0693789f1095ae25c,5f3b3d758afbfe27f28fd7af93543feac6c92b778a905dc1013c063fa40dcb6b,evsp-dr-trip-identity-v1
k08_s5,8,5,13402,17,True,False,False,,,no fixed-duty transition 75->87;adaptive_sensitivity_not_run_scale_gt5,15.0,10,False,e52495a48dd6c7d79b716a27f7a438303adf1035563afc57bc7c8c76d9ec8e28,4b1e788e41b96e3481301e54b4aef07662438cd62f6a7b3795f1a62dacb95ec3,87ef3e03a99fdd08632d1e74dda2c6287b549293c6d781c0693789f1095ae25c,5f3b3d758afbfe27f28fd7af93543feac6c92b778a905dc1013c063fa40dcb6b,evsp-dr-trip-identity-v1
k08_s5,8,5,13405,13,True,False,False,,,no fixed-duty transition 45->54;adaptive_sensitivity_not_run_scale_gt5,15.0,10,False,e52495a48dd6c7d79b716a27f7a438303adf1035563afc57bc7c8c76d9ec8e28,4b1e788e41b96e3481301e54b4aef07662438cd62f6a7b3795f1a62dacb95ec3,87ef3e03a99fdd08632d1e74dda2c6287b549293c6d781c0693789f1095ae25c,5f3b3d758afbfe27f28fd7af93543feac6c92b778a905dc1013c063fa40dcb6b,evsp-dr-trip-identity-v1
k08_s5,8,5,13408,11,True,False,False,,,no fixed-duty transition 50->58;adaptive_sensitivity_not_run_scale_gt5,15.0,10,False,e52495a48dd6c7d79b716a27f7a438303adf1035563afc57bc7c8c76d9ec8e28,4b1e788e41b96e3481301e54b4aef07662438cd62f6a7b3795f1a62dacb95ec3,87ef3e03a99fdd08632d1e74dda2c6287b549293c6d781c0693789f1095ae25c,5f3b3d758afbfe27f28fd7af93543feac6c92b778a905dc1013c063fa40dcb6b,evsp-dr-trip-identity-v1
k08_s5,8,5,13411,14,True,False,False,,,no fixed-duty transition 69->78;adaptive_sensitivity_not_run_scale_gt5,15.0,10,False,e52495a48dd6c7d79b716a27f7a438303adf1035563afc57bc7c8c76d9ec8e28,4b1e788e41b96e3481301e54b4aef07662438cd62f6a7b3795f1a62dacb95ec3,87ef3e03a99fdd08632d1e74dda2c6287b549293c6d781c0693789f1095ae25c,5f3b3d758afbfe27f28fd7af93543feac6c92b778a905dc1013c063fa40dcb6b,evsp-dr-trip-identity-v1
k08_s6,8,6,13311,14,True,True,True,15.0,10,,15.0,10,False,ef872319d81bb2cdd580a7c935d8f158bb7b686d0eff8916eac17922353576f8,16e971cd14c2908b429ef07ea3f3752d69f36c3611e13ce7cc85d4813f763dea,a0eaa611c79879ac3b2fd6b96567f62acbe1e320826093c4eb9d218c25126fdc,8761e4ff17dda472b8a46f1f930121956770a895fcfa3ccb9fdbb4f3eda49235,evsp-dr-trip-identity-v1
k08_s6,8,6,13313,37,True,False,False,,,no fixed-duty transition 55->58;adaptive_sensitivity_not_run_scale_gt5,15.0,10,False,ef872319d81bb2cdd580a7c935d8f158bb7b686d0eff8916eac17922353576f8,16e971cd14c2908b429ef07ea3f3752d69f36c3611e13ce7cc85d4813f763dea,a0eaa611c79879ac3b2fd6b96567f62acbe1e320826093c4eb9d218c25126fdc,8761e4ff17dda472b8a46f1f930121956770a895fcfa3ccb9fdbb4f3eda49235,evsp-dr-trip-identity-v1
k08_s6,8,6,13316m,23,True,False,False,,,no fixed-duty transition 95->101;adaptive_sensitivity_not_run_scale_gt5,15.0,10,False,ef872319d81bb2cdd580a7c935d8f158bb7b686d0eff8916eac17922353576f8,16e971cd14c2908b429ef07ea3f3752d69f36c3611e13ce7cc85d4813f763dea,a0eaa611c79879ac3b2fd6b96567f62acbe1e320826093c4eb9d218c25126fdc,8761e4ff17dda472b8a46f1f930121956770a895fcfa3ccb9fdbb4f3eda49235,evsp-dr-trip-identity-v1
k08_s6,8,6,13323,8,True,True,True,15.0,10,,15.0,10,False,ef872319d81bb2cdd580a7c935d8f158bb7b686d0eff8916eac17922353576f8,16e971cd14c2908b429ef07ea3f3752d69f36c3611e13ce7cc85d4813f763dea,a0eaa611c79879ac3b2fd6b96567f62acbe1e320826093c4eb9d218c25126fdc,8761e4ff17dda472b8a46f1f930121956770a895fcfa3ccb9fdbb4f3eda49235,evsp-dr-trip-identity-v1
k08_s6,8,6,13402,17,True,False,False,,,no fixed-duty transition 78->91;adaptive_sensitivity_not_run_scale_gt5,15.0,10,False,ef872319d81bb2cdd580a7c935d8f158bb7b686d0eff8916eac17922353576f8,16e971cd14c2908b429ef07ea3f3752d69f36c3611e13ce7cc85d4813f763dea,a0eaa611c79879ac3b2fd6b96567f62acbe1e320826093c4eb9d218c25126fdc,8761e4ff17dda472b8a46f1f930121956770a895fcfa3ccb9fdbb4f3eda49235,evsp-dr-trip-identity-v1
k08_s6,8,6,13405,13,True,False,False,,,no fixed-duty transition 45->52;adaptive_sensitivity_not_run_scale_gt5,15.0,10,False,ef872319d81bb2cdd580a7c935d8f158bb7b686d0eff8916eac17922353576f8,16e971cd14c2908b429ef07ea3f3752d69f36c3611e13ce7cc85d4813f763dea,a0eaa611c79879ac3b2fd6b96567f62acbe1e320826093c4eb9d218c25126fdc,8761e4ff17dda472b8a46f1f930121956770a895fcfa3ccb9fdbb4f3eda49235,evsp-dr-trip-identity-v1
k08_s6,8,6,13409,17,True,False,False,,,no fixed-duty transition 50->59;adaptive_sensitivity_not_run_scale_gt5,15.0,10,False,ef872319d81bb2cdd580a7c935d8f158bb7b686d0eff8916eac17922353576f8,16e971cd14c2908b429ef07ea3f3752d69f36c3611e13ce7cc85d4813f763dea,a0eaa611c79879ac3b2fd6b96567f62acbe1e320826093c4eb9d218c25126fdc,8761e4ff17dda472b8a46f1f930121956770a895fcfa3ccb9fdbb4f3eda49235,evsp-dr-trip-identity-v1
k08_s6,8,6,13413,15,True,False,False,,,no fixed-duty transition 66->73;adaptive_sensitivity_not_run_scale_gt5,15.0,10,False,ef872319d81bb2cdd580a7c935d8f158bb7b686d0eff8916eac17922353576f8,16e971cd14c2908b429ef07ea3f3752d69f36c3611e13ce7cc85d4813f763dea,a0eaa611c79879ac3b2fd6b96567f62acbe1e320826093c4eb9d218c25126fdc,8761e4ff17dda472b8a46f1f930121956770a895fcfa3ccb9fdbb4f3eda49235,evsp-dr-trip-identity-v1
k13_s4,13,4,13303,54,True,False,False,,,no fixed-duty transition 93->96;adaptive_sensitivity_not_run_scale_gt5,15.0,10,False,5bf142221055f18b5c83bc294720dfa96cb8196cb5b32aebcb0598f7e459f72d,77b24e8cb53ebbfaf8d4a1a85bae62dd2b7e4832b9b7711b27ecc1dcbd9ba769,420ae2b343ec09d8b654b0121c4e115595577b844306cbd6dbe5d875948c4384,bc2e8270aaa128770a0b2065beb650553231ad26679175565da2a9451bcfb4df,evsp-dr-trip-identity-v1
k13_s4,13,4,13305,30,True,False,False,,,no fixed-duty transition 99->108;adaptive_sensitivity_not_run_scale_gt5,15.0,10,False,5bf142221055f18b5c83bc294720dfa96cb8196cb5b32aebcb0598f7e459f72d,77b24e8cb53ebbfaf8d4a1a85bae62dd2b7e4832b9b7711b27ecc1dcbd9ba769,420ae2b343ec09d8b654b0121c4e115595577b844306cbd6dbe5d875948c4384,bc2e8270aaa128770a0b2065beb650553231ad26679175565da2a9451bcfb4df,evsp-dr-trip-identity-v1
k13_s4,13,4,13307,15,True,True,True,15.0,10,,15.0,10,False,5bf142221055f18b5c83bc294720dfa96cb8196cb5b32aebcb0598f7e459f72d,77b24e8cb53ebbfaf8d4a1a85bae62dd2b7e4832b9b7711b27ecc1dcbd9ba769,420ae2b343ec09d8b654b0121c4e115595577b844306cbd6dbe5d875948c4384,bc2e8270aaa128770a0b2065beb650553231ad26679175565da2a9451bcfb4df,evsp-dr-trip-identity-v1
k13_s4,13,4,13308,31,True,False,False,,,no fixed-duty transition 240->246;adaptive_sensitivity_not_run_scale_gt5,15.0,10,False,5bf142221055f18b5c83bc294720dfa96cb8196cb5b32aebcb0598f7e459f72d,77b24e8cb53ebbfaf8d4a1a85bae62dd2b7e4832b9b7711b27ecc1dcbd9ba769,420ae2b343ec09d8b654b0121c4e115595577b844306cbd6dbe5d875948c4384,bc2e8270aaa128770a0b2065beb650553231ad26679175565da2a9451bcfb4df,evsp-dr-trip-identity-v1
k13_s4,13,4,13312,46,True,False,False,,,no fixed-duty transition 122->128;adaptive_sensitivity_not_run_scale_gt5,15.0,10,False,5bf142221055f18b5c83bc294720dfa96cb8196cb5b32aebcb0598f7e459f72d,77b24e8cb53ebbfaf8d4a1a85bae62dd2b7e4832b9b7711b27ecc1dcbd9ba769,420ae2b343ec09d8b654b0121c4e115595577b844306cbd6dbe5d875948c4384,bc2e8270aaa128770a0b2065beb650553231ad26679175565da2a9451bcfb4df,evsp-dr-trip-identity-v1
k13_s4,13,4,13315,31,True,False,False,,,no fixed-duty transition 102->105;adaptive_sensitivity_not_run_scale_gt5,15.0,10,False,5bf142221055f18b5c83bc294720dfa96cb8196cb5b32aebcb0598f7e459f72d,77b24e8cb53ebbfaf8d4a1a85bae62dd2b7e4832b9b7711b27ecc1dcbd9ba769,420ae2b343ec09d8b654b0121c4e115595577b844306cbd6dbe5d875948c4384,bc2e8270aaa128770a0b2065beb650553231ad26679175565da2a9451bcfb4df,evsp-dr-trip-identity-v1
k13_s4,13,4,13320,16,True,True,True,15.0,10,,15.0,10,False,5bf142221055f18b5c83bc294720dfa96cb8196cb5b32aebcb0598f7e459f72d,77b24e8cb53ebbfaf8d4a1a85bae62dd2b7e4832b9b7711b27ecc1dcbd9ba769,420ae2b343ec09d8b654b0121c4e115595577b844306cbd6dbe5d875948c4384,bc2e8270aaa128770a0b2065beb650553231ad26679175565da2a9451bcfb4df,evsp-dr-trip-identity-v1
k13_s4,13,4,13405,13,True,False,False,,,no fixed-duty transition 104->121;adaptive_sensitivity_not_run_scale_gt5,15.0,10,False,5bf142221055f18b5c83bc294720dfa96cb8196cb5b32aebcb0598f7e459f72d,77b24e8cb53ebbfaf8d4a1a85bae62dd2b7e4832b9b7711b27ecc1dcbd9ba769,420ae2b343ec09d8b654b0121c4e115595577b844306cbd6dbe5d875948c4384,bc2e8270aaa128770a0b2065beb650553231ad26679175565da2a9451bcfb4df,evsp-dr-trip-identity-v1
k13_s4,13,4,13407,17,True,False,False,,,no fixed-duty transition 257->266;adaptive_sensitivity_not_run_scale_gt5,15.0,10,False,5bf142221055f18b5c83bc294720dfa96cb8196cb5b32aebcb0598f7e459f72d,77b24e8cb53ebbfaf8d4a1a85bae62dd2b7e4832b9b7711b27ecc1dcbd9ba769,420ae2b343ec09d8b654b0121c4e115595577b844306cbd6dbe5d875948c4384,bc2e8270aaa128770a0b2065beb650553231ad26679175565da2a9451bcfb4df,evsp-dr-trip-identity-v1
k13_s4,13,4,13408,11,True,False,False,,,no fixed-duty transition 116->132;adaptive_sensitivity_not_run_scale_gt5,15.0,10,False,5bf142221055f18b5c83bc294720dfa96cb8196cb5b32aebcb0598f7e459f72d,77b24e8cb53ebbfaf8d4a1a85bae62dd2b7e4832b9b7711b27ecc1dcbd9ba769,420ae2b343ec09d8b654b0121c4e115595577b844306cbd6dbe5d875948c4384,bc2e8270aaa128770a0b2065beb650553231ad26679175565da2a9451bcfb4df,evsp-dr-trip-identity-v1
k13_s4,13,4,13410,15,True,False,False,,,no fixed-duty transition 162->180;adaptive_sensitivity_not_run_scale_gt5,15.0,10,False,5bf142221055f18b5c83bc294720dfa96cb8196cb5b32aebcb0598f7e459f72d,77b24e8cb53ebbfaf8d4a1a85bae62dd2b7e4832b9b7711b27ecc1dcbd9ba769,420ae2b343ec09d8b654b0121c4e115595577b844306cbd6dbe5d875948c4384,bc2e8270aaa128770a0b2065beb650553231ad26679175565da2a9451bcfb4df,evsp-dr-trip-identity-v1
k13_s4,13,4,13411,14,True,False,False,,,no fixed-duty transition 157->173;adaptive_sensitivity_not_run_scale_gt5,15.0,10,False,5bf142221055f18b5c83bc294720dfa96cb8196cb5b32aebcb0598f7e459f72d,77b24e8cb53ebbfaf8d4a1a85bae62dd2b7e4832b9b7711b27ecc1dcbd9ba769,420ae2b343ec09d8b654b0121c4e115595577b844306cbd6dbe5d875948c4384,bc2e8270aaa128770a0b2065beb650553231ad26679175565da2a9451bcfb4df,evsp-dr-trip-identity-v1
k13_s4,13,4,13412,15,True,True,True,15.0,10,,15.0,10,False,5bf142221055f18b5c83bc294720dfa96cb8196cb5b32aebcb0598f7e459f72d,77b24e8cb53ebbfaf8d4a1a85bae62dd2b7e4832b9b7711b27ecc1dcbd9ba769,420ae2b343ec09d8b654b0121c4e115595577b844306cbd6dbe5d875948c4384,bc2e8270aaa128770a0b2065beb650553231ad26679175565da2a9451bcfb4df,evsp-dr-trip-identity-v1
k13_s5,13,5,13302,50,True,False,False,,,no fixed-duty transition 98->103;adaptive_sensitivity_not_run_scale_gt5,15.0,10,False,eb8bade5418d3c6ab936cfc30b304c4851cea4cc4d5af95996f606cbb1744343,19a2ed639e51d1ba3c4f040c72e50f67c0e4b8dd9882b528eb2f0db7a55a7fbe,0c444ad36a025870c2ab94a345680e1c6bb1a062d901b9f9318983c38c0d2afb,66659a7e7e88955b95a46be08073d3f2506a5eb715c5e7942370f7b7ed39522b,evsp-dr-trip-identity-v1
k13_s5,13,5,13303,54,True,False,False,,,no fixed-duty transition 101->106;adaptive_sensitivity_not_run_scale_gt5,15.0,10,False,eb8bade5418d3c6ab936cfc30b304c4851cea4cc4d5af95996f606cbb1744343,19a2ed639e51d1ba3c4f040c72e50f67c0e4b8dd9882b528eb2f0db7a55a7fbe,0c444ad36a025870c2ab94a345680e1c6bb1a062d901b9f9318983c38c0d2afb,66659a7e7e88955b95a46be08073d3f2506a5eb715c5e7942370f7b7ed39522b,evsp-dr-trip-identity-v1
k13_s5,13,5,13304,37,True,False,False,,,no fixed-duty transition 312->316;adaptive_sensitivity_not_run_scale_gt5,15.0,10,False,eb8bade5418d3c6ab936cfc30b304c4851cea4cc4d5af95996f606cbb1744343,19a2ed639e51d1ba3c4f040c72e50f67c0e4b8dd9882b528eb2f0db7a55a7fbe,0c444ad36a025870c2ab94a345680e1c6bb1a062d901b9f9318983c38c0d2afb,66659a7e7e88955b95a46be08073d3f2506a5eb715c5e7942370f7b7ed39522b,evsp-dr-trip-identity-v1
k13_s5,13,5,13306,30,True,False,False,,,no fixed-duty transition 97->108;adaptive_sensitivity_not_run_scale_gt5,15.0,10,False,eb8bade5418d3c6ab936cfc30b304c4851cea4cc4d5af95996f606cbb1744343,19a2ed639e51d1ba3c4f040c72e50f67c0e4b8dd9882b528eb2f0db7a55a7fbe,0c444ad36a025870c2ab94a345680e1c6bb1a062d901b9f9318983c38c0d2afb,66659a7e7e88955b95a46be08073d3f2506a5eb715c5e7942370f7b7ed39522b,evsp-dr-trip-identity-v1
k13_s5,13,5,13307,15,True,True,True,15.0,10,,15.0,10,False,eb8bade5418d3c6ab936cfc30b304c4851cea4cc4d5af95996f606cbb1744343,19a2ed639e51d1ba3c4f040c72e50f67c0e4b8dd9882b528eb2f0db7a55a7fbe,0c444ad36a025870c2ab94a345680e1c6bb1a062d901b9f9318983c38c0d2afb,66659a7e7e88955b95a46be08073d3f2506a5eb715c5e7942370f7b7ed39522b,evsp-dr-trip-identity-v1
k13_s5,13,5,13308,31,True,False,False,,,no fixed-duty transition 265->275;adaptive_sensitivity_not_run_scale_gt5,15.0,10,False,eb8bade5418d3c6ab936cfc30b304c4851cea4cc4d5af95996f606cbb1744343,19a2ed639e51d1ba3c4f040c72e50f67c0e4b8dd9882b528eb2f0db7a55a7fbe,0c444ad36a025870c2ab94a345680e1c6bb1a062d901b9f9318983c38c0d2afb,66659a7e7e88955b95a46be08073d3f2506a5eb715c5e7942370f7b7ed39522b,evsp-dr-trip-identity-v1
k13_s5,13,5,13310,24,True,False,False,,,no fixed-duty transition 138->142;adaptive_sensitivity_not_run_scale_gt5,15.0,10,False,eb8bade5418d3c6ab936cfc30b304c4851cea4cc4d5af95996f606cbb1744343,19a2ed639e51d1ba3c4f040c72e50f67c0e4b8dd9882b528eb2f0db7a55a7fbe,0c444ad36a025870c2ab94a345680e1c6bb1a062d901b9f9318983c38c0d2afb,66659a7e7e88955b95a46be08073d3f2506a5eb715c5e7942370f7b7ed39522b,evsp-dr-trip-identity-v1
k13_s5,13,5,13315,31,True,False,False,,,no fixed-duty transition 110->113;adaptive_sensitivity_not_run_scale_gt5,15.0,10,False,eb8bade5418d3c6ab936cfc30b304c4851cea4cc4d5af95996f606cbb1744343,19a2ed639e51d1ba3c4f040c72e50f67c0e4b8dd9882b528eb2f0db7a55a7fbe,0c444ad36a025870c2ab94a345680e1c6bb1a062d901b9f9318983c38c0d2afb,66659a7e7e88955b95a46be08073d3f2506a5eb715c5e7942370f7b7ed39522b,evsp-dr-trip-identity-v1
k13_s5,13,5,13319,27,True,False,False,,,no fixed-duty transition 300->305;adaptive_sensitivity_not_run_scale_gt5,15.0,10,False,eb8bade5418d3c6ab936cfc30b304c4851cea4cc4d5af95996f606cbb1744343,19a2ed639e51d1ba3c4f040c72e50f67c0e4b8dd9882b528eb2f0db7a55a7fbe,0c444ad36a025870c2ab94a345680e1c6bb1a062d901b9f9318983c38c0d2afb,66659a7e7e88955b95a46be08073d3f2506a5eb715c5e7942370f7b7ed39522b,evsp-dr-trip-identity-v1
k13_s5,13,5,13325,42,True,False,False,,,no fixed-duty transition 146->154;adaptive_sensitivity_not_run_scale_gt5,15.0,10,False,eb8bade5418d3c6ab936cfc30b304c4851cea4cc4d5af95996f606cbb1744343,19a2ed639e51d1ba3c4f040c72e50f67c0e4b8dd9882b528eb2f0db7a55a7fbe,0c444ad36a025870c2ab94a345680e1c6bb1a062d901b9f9318983c38c0d2afb,66659a7e7e88955b95a46be08073d3f2506a5eb715c5e7942370f7b7ed39522b,evsp-dr-trip-identity-v1
k13_s5,13,5,13411,14,True,False,False,,,no fixed-duty transition 170->191;adaptive_sensitivity_not_run_scale_gt5,15.0,10,False,eb8bade5418d3c6ab936cfc30b304c4851cea4cc4d5af95996f606cbb1744343,19a2ed639e51d1ba3c4f040c72e50f67c0e4b8dd9882b528eb2f0db7a55a7fbe,0c444ad36a025870c2ab94a345680e1c6bb1a062d901b9f9318983c38c0d2afb,66659a7e7e88955b95a46be08073d3f2506a5eb715c5e7942370f7b7ed39522b,evsp-dr-trip-identity-v1
k13_s5,13,5,13413,15,True,False,False,,,no fixed-duty transition 160->180;adaptive_sensitivity_not_run_scale_gt5,15.0,10,False,eb8bade5418d3c6ab936cfc30b304c4851cea4cc4d5af95996f606cbb1744343,19a2ed639e51d1ba3c4f040c72e50f67c0e4b8dd9882b528eb2f0db7a55a7fbe,0c444ad36a025870c2ab94a345680e1c6bb1a062d901b9f9318983c38c0d2afb,66659a7e7e88955b95a46be08073d3f2506a5eb715c5e7942370f7b7ed39522b,evsp-dr-trip-identity-v1
k13_s5,13,5,13414,12,True,True,True,15.0,10,,15.0,10,False,eb8bade5418d3c6ab936cfc30b304c4851cea4cc4d5af95996f606cbb1744343,19a2ed639e51d1ba3c4f040c72e50f67c0e4b8dd9882b528eb2f0db7a55a7fbe,0c444ad36a025870c2ab94a345680e1c6bb1a062d901b9f9318983c38c0d2afb,66659a7e7e88955b95a46be08073d3f2506a5eb715c5e7942370f7b7ed39522b,evsp-dr-trip-identity-v1
k13_s6,13,6,13301,36,True,False,False,,,no fixed-duty transition 213->223;adaptive_sensitivity_not_run_scale_gt5,15.0,10,False,de0187979317c0efa2ce262d6d3de8601de2b2f71084b245c81e9db5d22bdb74,9e43661d808fd845f17e70dd868467b74a110b7433b163fa7c48088f1277764b,22d48ed6bb9eb186279e79f9e76969107839c862657af7c16b93323b281fef9a,3f9efdcbb184bcb40ea0c713cb476d0ae842d492e3188e6598410245a8de7462,evsp-dr-trip-identity-v1
k13_s6,13,6,13303,54,True,False,False,,,no fixed-duty transition 85->90;adaptive_sensitivity_not_run_scale_gt5,15.0,10,False,de0187979317c0efa2ce262d6d3de8601de2b2f71084b245c81e9db5d22bdb74,9e43661d808fd845f17e70dd868467b74a110b7433b163fa7c48088f1277764b,22d48ed6bb9eb186279e79f9e76969107839c862657af7c16b93323b281fef9a,3f9efdcbb184bcb40ea0c713cb476d0ae842d492e3188e6598410245a8de7462,evsp-dr-trip-identity-v1
k13_s6,13,6,13305,30,True,False,False,,,no fixed-duty transition 92->102;adaptive_sensitivity_not_run_scale_gt5,15.0,10,False,de0187979317c0efa2ce262d6d3de8601de2b2f71084b245c81e9db5d22bdb74,9e43661d808fd845f17e70dd868467b74a110b7433b163fa7c48088f1277764b,22d48ed6bb9eb186279e79f9e76969107839c862657af7c16b93323b281fef9a,3f9efdcbb184bcb40ea0c713cb476d0ae842d492e3188e6598410245a8de7462,evsp-dr-trip-identity-v1
k13_s6,13,6,13315,31,True,False,False,,,no fixed-duty transition 94->97;adaptive_sensitivity_not_run_scale_gt5,15.0,10,False,de0187979317c0efa2ce262d6d3de8601de2b2f71084b245c81e9db5d22bdb74,9e43661d808fd845f17e70dd868467b74a110b7433b163fa7c48088f1277764b,22d48ed6bb9eb186279e79f9e76969107839c862657af7c16b93323b281fef9a,3f9efdcbb184bcb40ea0c713cb476d0ae842d492e3188e6598410245a8de7462,evsp-dr-trip-identity-v1
k13_s6,13,6,13317,37,True,False,False,,,no fixed-duty transition 115->125;adaptive_sensitivity_not_run_scale_gt5,15.0,10,False,de0187979317c0efa2ce262d6d3de8601de2b2f71084b245c81e9db5d22bdb74,9e43661d808fd845f17e70dd868467b74a110b7433b163fa7c48088f1277764b,22d48ed6bb9eb186279e79f9e76969107839c862657af7c16b93323b281fef9a,3f9efdcbb184bcb40ea0c713cb476d0ae842d492e3188e6598410245a8de7462,evsp-dr-trip-identity-v1
k13_s6,13,6,13319,27,True,False,False,,,no fixed-duty transition 282->285;adaptive_sensitivity_not_run_scale_gt5,15.0,10,False,de0187979317c0efa2ce262d6d3de8601de2b2f71084b245c81e9db5d22bdb74,9e43661d808fd845f17e70dd868467b74a110b7433b163fa7c48088f1277764b,22d48ed6bb9eb186279e79f9e76969107839c862657af7c16b93323b281fef9a,3f9efdcbb184bcb40ea0c713cb476d0ae842d492e3188e6598410245a8de7462,evsp-dr-trip-identity-v1
k13_s6,13,6,13325,42,True,False,False,,,no fixed-duty transition 134->145;adaptive_sensitivity_not_run_scale_gt5,15.0,10,False,de0187979317c0efa2ce262d6d3de8601de2b2f71084b245c81e9db5d22bdb74,9e43661d808fd845f17e70dd868467b74a110b7433b163fa7c48088f1277764b,22d48ed6bb9eb186279e79f9e76969107839c862657af7c16b93323b281fef9a,3f9efdcbb184bcb40ea0c713cb476d0ae842d492e3188e6598410245a8de7462,evsp-dr-trip-identity-v1
k13_s6,13,6,13326,21,True,False,False,,,no fixed-duty transition 156->162;adaptive_sensitivity_not_run_scale_gt5,15.0,10,False,de0187979317c0efa2ce262d6d3de8601de2b2f71084b245c81e9db5d22bdb74,9e43661d808fd845f17e70dd868467b74a110b7433b163fa7c48088f1277764b,22d48ed6bb9eb186279e79f9e76969107839c862657af7c16b93323b281fef9a,3f9efdcbb184bcb40ea0c713cb476d0ae842d492e3188e6598410245a8de7462,evsp-dr-trip-identity-v1
k13_s6,13,6,13404,17,True,False,False,,,no fixed-duty transition 144->165;adaptive_sensitivity_not_run_scale_gt5,15.0,10,False,de0187979317c0efa2ce262d6d3de8601de2b2f71084b245c81e9db5d22bdb74,9e43661d808fd845f17e70dd868467b74a110b7433b163fa7c48088f1277764b,22d48ed6bb9eb186279e79f9e76969107839c862657af7c16b93323b281fef9a,3f9efdcbb184bcb40ea0c713cb476d0ae842d492e3188e6598410245a8de7462,evsp-dr-trip-identity-v1
k13_s6,13,6,13406,14,True,True,True,15.0,10,,15.0,10,False,de0187979317c0efa2ce262d6d3de8601de2b2f71084b245c81e9db5d22bdb74,9e43661d808fd845f17e70dd868467b74a110b7433b163fa7c48088f1277764b,22d48ed6bb9eb186279e79f9e76969107839c862657af7c16b93323b281fef9a,3f9efdcbb184bcb40ea0c713cb476d0ae842d492e3188e6598410245a8de7462,evsp-dr-trip-identity-v1
k13_s6,13,6,13409,17,True,False,False,,,no fixed-duty transition 114->137;adaptive_sensitivity_not_run_scale_gt5,15.0,10,False,de0187979317c0efa2ce262d6d3de8601de2b2f71084b245c81e9db5d22bdb74,9e43661d808fd845f17e70dd868467b74a110b7433b163fa7c48088f1277764b,22d48ed6bb9eb186279e79f9e76969107839c862657af7c16b93323b281fef9a,3f9efdcbb184bcb40ea0c713cb476d0ae842d492e3188e6598410245a8de7462,evsp-dr-trip-identity-v1
k13_s6,13,6,13410,15,True,False,False,,,no fixed-duty transition 170->188;adaptive_sensitivity_not_run_scale_gt5,15.0,10,False,de0187979317c0efa2ce262d6d3de8601de2b2f71084b245c81e9db5d22bdb74,9e43661d808fd845f17e70dd868467b74a110b7433b163fa7c48088f1277764b,22d48ed6bb9eb186279e79f9e76969107839c862657af7c16b93323b281fef9a,3f9efdcbb184bcb40ea0c713cb476d0ae842d492e3188e6598410245a8de7462,evsp-dr-trip-identity-v1
k13_s6,13,6,13413,15,True,False,False,,,no fixed-duty transition 151->174;adaptive_sensitivity_not_run_scale_gt5,15.0,10,False,de0187979317c0efa2ce262d6d3de8601de2b2f71084b245c81e9db5d22bdb74,9e43661d808fd845f17e70dd868467b74a110b7433b163fa7c48088f1277764b,22d48ed6bb9eb186279e79f9e76969107839c862657af7c16b93323b281fef9a,3f9efdcbb184bcb40ea0c713cb476d0ae842d492e3188e6598410245a8de7462,evsp-dr-trip-identity-v1
k20_s4,20,4,13301,36,True,False,False,,,no fixed-duty transition 293->306;adaptive_sensitivity_not_run_scale_gt5,15.0,10,False,6bc3f0c4d62e0372f1da40808399121153e070cba12aac765ac7f76392740250,164ec869795f4625078e588d336048694bd3ba7170751316e6fcf588f1f28c7a,9b48ad3541569a7548d143e69e3b8dac9b74032cdd0b4391aab882f6dfd73cbb,dd0d603263002c32d1da3a82f793a10595d36c0be63f0f00ec40476670bc7325,evsp-dr-trip-identity-v1
k20_s4,20,4,13303,54,True,False,False,,,no fixed-duty transition 121->126;adaptive_sensitivity_not_run_scale_gt5,15.0,10,False,6bc3f0c4d62e0372f1da40808399121153e070cba12aac765ac7f76392740250,164ec869795f4625078e588d336048694bd3ba7170751316e6fcf588f1f28c7a,9b48ad3541569a7548d143e69e3b8dac9b74032cdd0b4391aab882f6dfd73cbb,dd0d603263002c32d1da3a82f793a10595d36c0be63f0f00ec40476670bc7325,evsp-dr-trip-identity-v1
k20_s4,20,4,13304,37,True,False,False,,,no fixed-duty transition 403->408;adaptive_sensitivity_not_run_scale_gt5,15.0,10,False,6bc3f0c4d62e0372f1da40808399121153e070cba12aac765ac7f76392740250,164ec869795f4625078e588d336048694bd3ba7170751316e6fcf588f1f28c7a,9b48ad3541569a7548d143e69e3b8dac9b74032cdd0b4391aab882f6dfd73cbb,dd0d603263002c32d1da3a82f793a10595d36c0be63f0f00ec40476670bc7325,evsp-dr-trip-identity-v1
k20_s4,20,4,13310,24,True,False,False,,,no fixed-duty transition 171->179;adaptive_sensitivity_not_run_scale_gt5,15.0,10,False,6bc3f0c4d62e0372f1da40808399121153e070cba12aac765ac7f76392740250,164ec869795f4625078e588d336048694bd3ba7170751316e6fcf588f1f28c7a,9b48ad3541569a7548d143e69e3b8dac9b74032cdd0b4391aab882f6dfd73cbb,dd0d603263002c32d1da3a82f793a10595d36c0be63f0f00ec40476670bc7325,evsp-dr-trip-identity-v1
k20_s4,20,4,13311,14,True,True,True,15.0,10,,15.0,10,False,6bc3f0c4d62e0372f1da40808399121153e070cba12aac765ac7f76392740250,164ec869795f4625078e588d336048694bd3ba7170751316e6fcf588f1f28c7a,9b48ad3541569a7548d143e69e3b8dac9b74032cdd0b4391aab882f6dfd73cbb,dd0d603263002c32d1da3a82f793a10595d36c0be63f0f00ec40476670bc7325,evsp-dr-trip-identity-v1
k20_s4,20,4,13312,46,True,False,False,,,no fixed-duty transition 165->175;adaptive_sensitivity_not_run_scale_gt5,15.0,10,False,6bc3f0c4d62e0372f1da40808399121153e070cba12aac765ac7f76392740250,164ec869795f4625078e588d336048694bd3ba7170751316e6fcf588f1f28c7a,9b48ad3541569a7548d143e69e3b8dac9b74032cdd0b4391aab882f6dfd73cbb,dd0d603263002c32d1da3a82f793a10595d36c0be63f0f00ec40476670bc7325,evsp-dr-trip-identity-v1
k20_s4,20,4,13316m,23,True,False,False,,,no fixed-duty transition 298->311;adaptive_sensitivity_not_run_scale_gt5,15.0,10,False,6bc3f0c4d62e0372f1da40808399121153e070cba12aac765ac7f76392740250,164ec869795f4625078e588d336048694bd3ba7170751316e6fcf588f1f28c7a,9b48ad3541569a7548d143e69e3b8dac9b74032cdd0b4391aab882f6dfd73cbb,dd0d603263002c32d1da3a82f793a10595d36c0be63f0f00ec40476670bc7325,evsp-dr-trip-identity-v1
k20_s4,20,4,13318,33,True,False,False,,,no fixed-duty transition 322->336;adaptive_sensitivity_not_run_scale_gt5,15.0,10,False,6bc3f0c4d62e0372f1da40808399121153e070cba12aac765ac7f76392740250,164ec869795f4625078e588d336048694bd3ba7170751316e6fcf588f1f28c7a,9b48ad3541569a7548d143e69e3b8dac9b74032cdd0b4391aab882f6dfd73cbb,dd0d603263002c32d1da3a82f793a10595d36c0be63f0f00ec40476670bc7325,evsp-dr-trip-identity-v1
k20_s4,20,4,13320,16,True,True,True,15.0,10,,15.0,10,False,6bc3f0c4d62e0372f1da40808399121153e070cba12aac765ac7f76392740250,164ec869795f4625078e588d336048694bd3ba7170751316e6fcf588f1f28c7a,9b48ad3541569a7548d143e69e3b8dac9b74032cdd0b4391aab882f6dfd73cbb,dd0d603263002c32d1da3a82f793a10595d36c0be63f0f00ec40476670bc7325,evsp-dr-trip-identity-v1
k20_s4,20,4,13321,22,True,False,False,,,no fixed-duty transition 462->468;adaptive_sensitivity_not_run_scale_gt5,15.0,10,False,6bc3f0c4d62e0372f1da40808399121153e070cba12aac765ac7f76392740250,164ec869795f4625078e588d336048694bd3ba7170751316e6fcf588f1f28c7a,9b48ad3541569a7548d143e69e3b8dac9b74032cdd0b4391aab882f6dfd73cbb,dd0d603263002c32d1da3a82f793a10595d36c0be63f0f00ec40476670bc7325,evsp-dr-trip-identity-v1
k20_s4,20,4,13322,26,True,False,False,,,no fixed-duty transition 173->183;adaptive_sensitivity_not_run_scale_gt5,15.0,10,False,6bc3f0c4d62e0372f1da40808399121153e070cba12aac765ac7f76392740250,164ec869795f4625078e588d336048694bd3ba7170751316e6fcf588f1f28c7a,9b48ad3541569a7548d143e69e3b8dac9b74032cdd0b4391aab882f6dfd73cbb,dd0d603263002c32d1da3a82f793a10595d36c0be63f0f00ec40476670bc7325,evsp-dr-trip-identity-v1
k20_s4,20,4,13323,8,True,True,True,15.0,10,,15.0,10,False,6bc3f0c4d62e0372f1da40808399121153e070cba12aac765ac7f76392740250,164ec869795f4625078e588d336048694bd3ba7170751316e6fcf588f1f28c7a,9b48ad3541569a7548d143e69e3b8dac9b74032cdd0b4391aab882f6dfd73cbb,dd0d603263002c32d1da3a82f793a10595d36c0be63f0f00ec40476670bc7325,evsp-dr-trip-identity-v1
k20_s4,20,4,13324t,18,True,False,False,,,no fixed-duty transition 167->174;adaptive_sensitivity_not_run_scale_gt5,15.0,10,False,6bc3f0c4d62e0372f1da40808399121153e070cba12aac765ac7f76392740250,164ec869795f4625078e588d336048694bd3ba7170751316e6fcf588f1f28c7a,9b48ad3541569a7548d143e69e3b8dac9b74032cdd0b4391aab882f6dfd73cbb,dd0d603263002c32d1da3a82f793a10595d36c0be63f0f00ec40476670bc7325,evsp-dr-trip-identity-v1
k20_s4,20,4,13325,42,True,False,False,,,no fixed-duty transition 182->197;adaptive_sensitivity_not_run_scale_gt5,15.0,10,False,6bc3f0c4d62e0372f1da40808399121153e070cba12aac765ac7f76392740250,164ec869795f4625078e588d336048694bd3ba7170751316e6fcf588f1f28c7a,9b48ad3541569a7548d143e69e3b8dac9b74032cdd0b4391aab882f6dfd73cbb,dd0d603263002c32d1da3a82f793a10595d36c0be63f0f00ec40476670bc7325,evsp-dr-trip-identity-v1
k20_s4,20,4,13401,12,True,True,True,15.0,10,,15.0,10,False,6bc3f0c4d62e0372f1da40808399121153e070cba12aac765ac7f76392740250,164ec869795f4625078e588d336048694bd3ba7170751316e6fcf588f1f28c7a,9b48ad3541569a7548d143e69e3b8dac9b74032cdd0b4391aab882f6dfd73cbb,dd0d603263002c32d1da3a82f793a10595d36c0be63f0f00ec40476670bc7325,evsp-dr-trip-identity-v1
k20_s4,20,4,13403,14,True,False,False,,,no fixed-duty transition 270->310;adaptive_sensitivity_not_run_scale_gt5,15.0,10,False,6bc3f0c4d62e0372f1da40808399121153e070cba12aac765ac7f76392740250,164ec869795f4625078e588d336048694bd3ba7170751316e6fcf588f1f28c7a,9b48ad3541569a7548d143e69e3b8dac9b74032cdd0b4391aab882f6dfd73cbb,dd0d603263002c32d1da3a82f793a10595d36c0be63f0f00ec40476670bc7325,evsp-dr-trip-identity-v1
k20_s4,20,4,13404,17,True,False,False,,,no fixed-duty transition 195->220;adaptive_sensitivity_not_run_scale_gt5,15.0,10,False,6bc3f0c4d62e0372f1da40808399121153e070cba12aac765ac7f76392740250,164ec869795f4625078e588d336048694bd3ba7170751316e6fcf588f1f28c7a,9b48ad3541569a7548d143e69e3b8dac9b74032cdd0b4391aab882f6dfd73cbb,dd0d603263002c32d1da3a82f793a10595d36c0be63f0f00ec40476670bc7325,evsp-dr-trip-identity-v1
k20_s4,20,4,13407,17,True,False,False,,,no fixed-duty transition 385->406;adaptive_sensitivity_not_run_scale_gt5,15.0,10,False,6bc3f0c4d62e0372f1da40808399121153e070cba12aac765ac7f76392740250,164ec869795f4625078e588d336048694bd3ba7170751316e6fcf588f1f28c7a,9b48ad3541569a7548d143e69e3b8dac9b74032cdd0b4391aab882f6dfd73cbb,dd0d603263002c32d1da3a82f793a10595d36c0be63f0f00ec40476670bc7325,evsp-dr-trip-identity-v1
k20_s4,20,4,13409,17,True,False,False,,,no fixed-duty transition 161->185;adaptive_sensitivity_not_run_scale_gt5,15.0,10,False,6bc3f0c4d62e0372f1da40808399121153e070cba12aac765ac7f76392740250,164ec869795f4625078e588d336048694bd3ba7170751316e6fcf588f1f28c7a,9b48ad3541569a7548d143e69e3b8dac9b74032cdd0b4391aab882f6dfd73cbb,dd0d603263002c32d1da3a82f793a10595d36c0be63f0f00ec40476670bc7325,evsp-dr-trip-identity-v1
k20_s4,20,4,13414,12,True,True,True,15.0,10,,15.0,10,False,6bc3f0c4d62e0372f1da40808399121153e070cba12aac765ac7f76392740250,164ec869795f4625078e588d336048694bd3ba7170751316e6fcf588f1f28c7a,9b48ad3541569a7548d143e69e3b8dac9b74032cdd0b4391aab882f6dfd73cbb,dd0d603263002c32d1da3a82f793a10595d36c0be63f0f00ec40476670bc7325,evsp-dr-trip-identity-v1
k20_s5,20,5,13304,37,True,False,False,,,no fixed-duty transition 375->379;adaptive_sensitivity_not_run_scale_gt5,15.0,10,False,f82e759fccadbefbe8f9362c7f2899f34bf43c738575ca198926bc0e99e4f2f2,08cfd970508b1e97e7902014b2ba48b71ace5483255f194ffe79a4ebaf55e218,ba9a6ec8a60aef2dca49dc20611db43cc26173a979876d94982693ddc4c84b64,2812af3962c1a55a96fee51b08b1e3901c34415f1653d3b47ab6cc9361d96aa5,evsp-dr-trip-identity-v1
k20_s5,20,5,13305,30,True,False,False,,,no fixed-duty transition 129->142;adaptive_sensitivity_not_run_scale_gt5,15.0,10,False,f82e759fccadbefbe8f9362c7f2899f34bf43c738575ca198926bc0e99e4f2f2,08cfd970508b1e97e7902014b2ba48b71ace5483255f194ffe79a4ebaf55e218,ba9a6ec8a60aef2dca49dc20611db43cc26173a979876d94982693ddc4c84b64,2812af3962c1a55a96fee51b08b1e3901c34415f1653d3b47ab6cc9361d96aa5,evsp-dr-trip-identity-v1
k20_s5,20,5,13309,22,True,True,True,15.0,10,,15.0,10,False,f82e759fccadbefbe8f9362c7f2899f34bf43c738575ca198926bc0e99e4f2f2,08cfd970508b1e97e7902014b2ba48b71ace5483255f194ffe79a4ebaf55e218,ba9a6ec8a60aef2dca49dc20611db43cc26173a979876d94982693ddc4c84b64,2812af3962c1a55a96fee51b08b1e3901c34415f1653d3b47ab6cc9361d96aa5,evsp-dr-trip-identity-v1
k20_s5,20,5,13310,24,True,False,False,,,no fixed-duty transition 164->171;adaptive_sensitivity_not_run_scale_gt5,15.0,10,False,f82e759fccadbefbe8f9362c7f2899f34bf43c738575ca198926bc0e99e4f2f2,08cfd970508b1e97e7902014b2ba48b71ace5483255f194ffe79a4ebaf55e218,ba9a6ec8a60aef2dca49dc20611db43cc26173a979876d94982693ddc4c84b64,2812af3962c1a55a96fee51b08b1e3901c34415f1653d3b47ab6cc9361d96aa5,evsp-dr-trip-identity-v1
k20_s5,20,5,13312,46,True,False,False,,,no fixed-duty transition 159->169;adaptive_sensitivity_not_run_scale_gt5,15.0,10,False,f82e759fccadbefbe8f9362c7f2899f34bf43c738575ca198926bc0e99e4f2f2,08cfd970508b1e97e7902014b2ba48b71ace5483255f194ffe79a4ebaf55e218,ba9a6ec8a60aef2dca49dc20611db43cc26173a979876d94982693ddc4c84b64,2812af3962c1a55a96fee51b08b1e3901c34415f1653d3b47ab6cc9361d96aa5,evsp-dr-trip-identity-v1
k20_s5,20,5,13314,16,True,False,False,,,no fixed-duty transition 286->302;adaptive_sensitivity_not_run_scale_gt5,15.0,10,False,f82e759fccadbefbe8f9362c7f2899f34bf43c738575ca198926bc0e99e4f2f2,08cfd970508b1e97e7902014b2ba48b71ace5483255f194ffe79a4ebaf55e218,ba9a6ec8a60aef2dca49dc20611db43cc26173a979876d94982693ddc4c84b64,2812af3962c1a55a96fee51b08b1e3901c34415f1653d3b47ab6cc9361d96aa5,evsp-dr-trip-identity-v1
k20_s5,20,5,13315,31,True,False,False,,,no fixed-duty transition 135->140;adaptive_sensitivity_not_run_scale_gt5,15.0,10,False,f82e759fccadbefbe8f9362c7f2899f34bf43c738575ca198926bc0e99e4f2f2,08cfd970508b1e97e7902014b2ba48b71ace5483255f194ffe79a4ebaf55e218,ba9a6ec8a60aef2dca49dc20611db43cc26173a979876d94982693ddc4c84b64,2812af3962c1a55a96fee51b08b1e3901c34415f1653d3b47ab6cc9361d96aa5,evsp-dr-trip-identity-v1
k20_s5,20,5,13317,37,True,False,False,,,no fixed-duty transition 156->166;adaptive_sensitivity_not_run_scale_gt5,15.0,10,False,f82e759fccadbefbe8f9362c7f2899f34bf43c738575ca198926bc0e99e4f2f2,08cfd970508b1e97e7902014b2ba48b71ace5483255f194ffe79a4ebaf55e218,ba9a6ec8a60aef2dca49dc20611db43cc26173a979876d94982693ddc4c84b64,2812af3962c1a55a96fee51b08b1e3901c34415f1653d3b47ab6cc9361d96aa5,evsp-dr-trip-identity-v1
k20_s5,20,5,13318,33,True,False,False,,,no fixed-duty transition 304->319;adaptive_sensitivity_not_run_scale_gt5,15.0,10,False,f82e759fccadbefbe8f9362c7f2899f34bf43c738575ca198926bc0e99e4f2f2,08cfd970508b1e97e7902014b2ba48b71ace5483255f194ffe79a4ebaf55e218,ba9a6ec8a60aef2dca49dc20611db43cc26173a979876d94982693ddc4c84b64,2812af3962c1a55a96fee51b08b1e3901c34415f1653d3b47ab6cc9361d96aa5,evsp-dr-trip-identity-v1
k20_s5,20,5,13319,27,True,False,False,,,no fixed-duty transition 360->368;adaptive_sensitivity_not_run_scale_gt5,15.0,10,False,f82e759fccadbefbe8f9362c7f2899f34bf43c738575ca198926bc0e99e4f2f2,08cfd970508b1e97e7902014b2ba48b71ace5483255f194ffe79a4ebaf55e218,ba9a6ec8a60aef2dca49dc20611db43cc26173a979876d94982693ddc4c84b64,2812af3962c1a55a96fee51b08b1e3901c34415f1653d3b47ab6cc9361d96aa5,evsp-dr-trip-identity-v1
k20_s5,20,5,13321,22,True,False,False,,,no fixed-duty transition 429->435;adaptive_sensitivity_not_run_scale_gt5,15.0,10,False,f82e759fccadbefbe8f9362c7f2899f34bf43c738575ca198926bc0e99e4f2f2,08cfd970508b1e97e7902014b2ba48b71ace5483255f194ffe79a4ebaf55e218,ba9a6ec8a60aef2dca49dc20611db43cc26173a979876d94982693ddc4c84b64,2812af3962c1a55a96fee51b08b1e3901c34415f1653d3b47ab6cc9361d96aa5,evsp-dr-trip-identity-v1
k20_s5,20,5,13323,8,True,True,True,15.0,10,,15.0,10,False,f82e759fccadbefbe8f9362c7f2899f34bf43c738575ca198926bc0e99e4f2f2,08cfd970508b1e97e7902014b2ba48b71ace5483255f194ffe79a4ebaf55e218,ba9a6ec8a60aef2dca49dc20611db43cc26173a979876d94982693ddc4c84b64,2812af3962c1a55a96fee51b08b1e3901c34415f1653d3b47ab6cc9361d96aa5,evsp-dr-trip-identity-v1
k20_s5,20,5,13324t,18,True,False,False,,,no fixed-duty transition 160->167;adaptive_sensitivity_not_run_scale_gt5,15.0,10,False,f82e759fccadbefbe8f9362c7f2899f34bf43c738575ca198926bc0e99e4f2f2,08cfd970508b1e97e7902014b2ba48b71ace5483255f194ffe79a4ebaf55e218,ba9a6ec8a60aef2dca49dc20611db43cc26173a979876d94982693ddc4c84b64,2812af3962c1a55a96fee51b08b1e3901c34415f1653d3b47ab6cc9361d96aa5,evsp-dr-trip-identity-v1
k20_s5,20,5,13401,12,True,True,True,15.0,10,,15.0,10,False,f82e759fccadbefbe8f9362c7f2899f34bf43c738575ca198926bc0e99e4f2f2,08cfd970508b1e97e7902014b2ba48b71ace5483255f194ffe79a4ebaf55e218,ba9a6ec8a60aef2dca49dc20611db43cc26173a979876d94982693ddc4c84b64,2812af3962c1a55a96fee51b08b1e3901c34415f1653d3b47ab6cc9361d96aa5,evsp-dr-trip-identity-v1
k20_s5,20,5,13402,17,True,False,False,,,no fixed-duty transition 231->265;adaptive_sensitivity_not_run_scale_gt5,15.0,10,False,f82e759fccadbefbe8f9362c7f2899f34bf43c738575ca198926bc0e99e4f2f2,08cfd970508b1e97e7902014b2ba48b71ace5483255f194ffe79a4ebaf55e218,ba9a6ec8a60aef2dca49dc20611db43cc26173a979876d94982693ddc4c84b64,2812af3962c1a55a96fee51b08b1e3901c34415f1653d3b47ab6cc9361d96aa5,evsp-dr-trip-identity-v1
k20_s5,20,5,13403,14,True,False,False,,,no fixed-duty transition 254->291;adaptive_sensitivity_not_run_scale_gt5,15.0,10,False,f82e759fccadbefbe8f9362c7f2899f34bf43c738575ca198926bc0e99e4f2f2,08cfd970508b1e97e7902014b2ba48b71ace5483255f194ffe79a4ebaf55e218,ba9a6ec8a60aef2dca49dc20611db43cc26173a979876d94982693ddc4c84b64,2812af3962c1a55a96fee51b08b1e3901c34415f1653d3b47ab6cc9361d96aa5,evsp-dr-trip-identity-v1
k20_s5,20,5,13409,17,True,False,False,,,no fixed-duty transition 155->177;adaptive_sensitivity_not_run_scale_gt5,15.0,10,False,f82e759fccadbefbe8f9362c7f2899f34bf43c738575ca198926bc0e99e4f2f2,08cfd970508b1e97e7902014b2ba48b71ace5483255f194ffe79a4ebaf55e218,ba9a6ec8a60aef2dca49dc20611db43cc26173a979876d94982693ddc4c84b64,2812af3962c1a55a96fee51b08b1e3901c34415f1653d3b47ab6cc9361d96aa5,evsp-dr-trip-identity-v1
k20_s5,20,5,13412,15,True,True,True,15.0,10,,15.0,10,False,f82e759fccadbefbe8f9362c7f2899f34bf43c738575ca198926bc0e99e4f2f2,08cfd970508b1e97e7902014b2ba48b71ace5483255f194ffe79a4ebaf55e218,ba9a6ec8a60aef2dca49dc20611db43cc26173a979876d94982693ddc4c84b64,2812af3962c1a55a96fee51b08b1e3901c34415f1653d3b47ab6cc9361d96aa5,evsp-dr-trip-identity-v1
k20_s5,20,5,13413,15,True,False,False,,,no fixed-duty transition 192->217;adaptive_sensitivity_not_run_scale_gt5,15.0,10,False,f82e759fccadbefbe8f9362c7f2899f34bf43c738575ca198926bc0e99e4f2f2,08cfd970508b1e97e7902014b2ba48b71ace5483255f194ffe79a4ebaf55e218,ba9a6ec8a60aef2dca49dc20611db43cc26173a979876d94982693ddc4c84b64,2812af3962c1a55a96fee51b08b1e3901c34415f1653d3b47ab6cc9361d96aa5,evsp-dr-trip-identity-v1
k20_s5,20,5,13414,12,True,True,True,15.0,10,,15.0,10,False,f82e759fccadbefbe8f9362c7f2899f34bf43c738575ca198926bc0e99e4f2f2,08cfd970508b1e97e7902014b2ba48b71ace5483255f194ffe79a4ebaf55e218,ba9a6ec8a60aef2dca49dc20611db43cc26173a979876d94982693ddc4c84b64,2812af3962c1a55a96fee51b08b1e3901c34415f1653d3b47ab6cc9361d96aa5,evsp-dr-trip-identity-v1
k20_s6,20,6,13301,36,True,False,False,,,no fixed-duty transition 295->309;adaptive_sensitivity_not_run_scale_gt5,15.0,10,False,d3ff8894e1de36ac0fc0e6bb7ce325c733688a793c4aee1a185dd747620f9a16,678c04955ae687f494e125fc2af7ae5dcfb7187007a7e13fd138c96619f545be,7056e0c108d8eb1d3a29411d3dc819d80258e35927a6ae512b813a0ee441101d,90a1773c9216f62742e77055681d52f0ab3befb0177b084e41ca26a51b64da6c,evsp-dr-trip-identity-v1
k20_s6,20,6,13302,50,True,False,False,,,no fixed-duty transition 122->128;adaptive_sensitivity_not_run_scale_gt5,15.0,10,False,d3ff8894e1de36ac0fc0e6bb7ce325c733688a793c4aee1a185dd747620f9a16,678c04955ae687f494e125fc2af7ae5dcfb7187007a7e13fd138c96619f545be,7056e0c108d8eb1d3a29411d3dc819d80258e35927a6ae512b813a0ee441101d,90a1773c9216f62742e77055681d52f0ab3befb0177b084e41ca26a51b64da6c,evsp-dr-trip-identity-v1
k20_s6,20,6,13304,37,True,False,False,,,no fixed-duty transition 397->402;adaptive_sensitivity_not_run_scale_gt5,15.0,10,False,d3ff8894e1de36ac0fc0e6bb7ce325c733688a793c4aee1a185dd747620f9a16,678c04955ae687f494e125fc2af7ae5dcfb7187007a7e13fd138c96619f545be,7056e0c108d8eb1d3a29411d3dc819d80258e35927a6ae512b813a0ee441101d,90a1773c9216f62742e77055681d52f0ab3befb0177b084e41ca26a51b64da6c,evsp-dr-trip-identity-v1
k20_s6,20,6,13305,30,True,False,False,,,no fixed-duty transition 134->146;adaptive_sensitivity_not_run_scale_gt5,15.0,10,False,d3ff8894e1de36ac0fc0e6bb7ce325c733688a793c4aee1a185dd747620f9a16,678c04955ae687f494e125fc2af7ae5dcfb7187007a7e13fd138c96619f545be,7056e0c108d8eb1d3a29411d3dc819d80258e35927a6ae512b813a0ee441101d,90a1773c9216f62742e77055681d52f0ab3befb0177b084e41ca26a51b64da6c,evsp-dr-trip-identity-v1
k20_s6,20,6,13308,31,True,False,False,,,no fixed-duty transition 350->363;adaptive_sensitivity_not_run_scale_gt5,15.0,10,False,d3ff8894e1de36ac0fc0e6bb7ce325c733688a793c4aee1a185dd747620f9a16,678c04955ae687f494e125fc2af7ae5dcfb7187007a7e13fd138c96619f545be,7056e0c108d8eb1d3a29411d3dc819d80258e35927a6ae512b813a0ee441101d,90a1773c9216f62742e77055681d52f0ab3befb0177b084e41ca26a51b64da6c,evsp-dr-trip-identity-v1
k20_s6,20,6,13310,24,True,False,False,,,no fixed-duty transition 174->182;adaptive_sensitivity_not_run_scale_gt5,15.0,10,False,d3ff8894e1de36ac0fc0e6bb7ce325c733688a793c4aee1a185dd747620f9a16,678c04955ae687f494e125fc2af7ae5dcfb7187007a7e13fd138c96619f545be,7056e0c108d8eb1d3a29411d3dc819d80258e35927a6ae512b813a0ee441101d,90a1773c9216f62742e77055681d52f0ab3befb0177b084e41ca26a51b64da6c,evsp-dr-trip-identity-v1
k20_s6,20,6,13311,14,True,True,True,15.0,10,,15.0,10,False,d3ff8894e1de36ac0fc0e6bb7ce325c733688a793c4aee1a185dd747620f9a16,678c04955ae687f494e125fc2af7ae5dcfb7187007a7e13fd138c96619f545be,7056e0c108d8eb1d3a29411d3dc819d80258e35927a6ae512b813a0ee441101d,90a1773c9216f62742e77055681d52f0ab3befb0177b084e41ca26a51b64da6c,evsp-dr-trip-identity-v1
k20_s6,20,6,13315,31,True,False,False,,,no fixed-duty transition 138->141;adaptive_sensitivity_not_run_scale_gt5,15.0,10,False,d3ff8894e1de36ac0fc0e6bb7ce325c733688a793c4aee1a185dd747620f9a16,678c04955ae687f494e125fc2af7ae5dcfb7187007a7e13fd138c96619f545be,7056e0c108d8eb1d3a29411d3dc819d80258e35927a6ae512b813a0ee441101d,90a1773c9216f62742e77055681d52f0ab3befb0177b084e41ca26a51b64da6c,evsp-dr-trip-identity-v1
k20_s6,20,6,13316m,23,True,False,False,,,no fixed-duty transition 299->313;adaptive_sensitivity_not_run_scale_gt5,15.0,10,False,d3ff8894e1de36ac0fc0e6bb7ce325c733688a793c4aee1a185dd747620f9a16,678c04955ae687f494e125fc2af7ae5dcfb7187007a7e13fd138c96619f545be,7056e0c108d8eb1d3a29411d3dc819d80258e35927a6ae512b813a0ee441101d,90a1773c9216f62742e77055681d52f0ab3befb0177b084e41ca26a51b64da6c,evsp-dr-trip-identity-v1
k20_s6,20,6,13323,8,True,True,True,15.0,10,,15.0,10,False,d3ff8894e1de36ac0fc0e6bb7ce325c733688a793c4aee1a185dd747620f9a16,678c04955ae687f494e125fc2af7ae5dcfb7187007a7e13fd138c96619f545be,7056e0c108d8eb1d3a29411d3dc819d80258e35927a6ae512b813a0ee441101d,90a1773c9216f62742e77055681d52f0ab3befb0177b084e41ca26a51b64da6c,evsp-dr-trip-identity-v1
k20_s6,20,6,13324t,18,True,False,False,,,no fixed-duty transition 168->176;adaptive_sensitivity_not_run_scale_gt5,15.0,10,False,d3ff8894e1de36ac0fc0e6bb7ce325c733688a793c4aee1a185dd747620f9a16,678c04955ae687f494e125fc2af7ae5dcfb7187007a7e13fd138c96619f545be,7056e0c108d8eb1d3a29411d3dc819d80258e35927a6ae512b813a0ee441101d,90a1773c9216f62742e77055681d52f0ab3befb0177b084e41ca26a51b64da6c,evsp-dr-trip-identity-v1
k20_s6,20,6,13325,42,True,False,False,,,no fixed-duty transition 187->198;adaptive_sensitivity_not_run_scale_gt5,15.0,10,False,d3ff8894e1de36ac0fc0e6bb7ce325c733688a793c4aee1a185dd747620f9a16,678c04955ae687f494e125fc2af7ae5dcfb7187007a7e13fd138c96619f545be,7056e0c108d8eb1d3a29411d3dc819d80258e35927a6ae512b813a0ee441101d,90a1773c9216f62742e77055681d52f0ab3befb0177b084e41ca26a51b64da6c,evsp-dr-trip-identity-v1
k20_s6,20,6,13404,17,True,False,False,,,no fixed-duty transition 197->224;adaptive_sensitivity_not_run_scale_gt5,15.0,10,False,d3ff8894e1de36ac0fc0e6bb7ce325c733688a793c4aee1a185dd747620f9a16,678c04955ae687f494e125fc2af7ae5dcfb7187007a7e13fd138c96619f545be,7056e0c108d8eb1d3a29411d3dc819d80258e35927a6ae512b813a0ee441101d,90a1773c9216f62742e77055681d52f0ab3befb0177b084e41ca26a51b64da6c,evsp-dr-trip-identity-v1
k20_s6,20,6,13405,13,True,False,False,,,no fixed-duty transition 140->164;adaptive_sensitivity_not_run_scale_gt5,15.0,10,False,d3ff8894e1de36ac0fc0e6bb7ce325c733688a793c4aee1a185dd747620f9a16,678c04955ae687f494e125fc2af7ae5dcfb7187007a7e13fd138c96619f545be,7056e0c108d8eb1d3a29411d3dc819d80258e35927a6ae512b813a0ee441101d,90a1773c9216f62742e77055681d52f0ab3befb0177b084e41ca26a51b64da6c,evsp-dr-trip-identity-v1
k20_s6,20,6,13406,14,True,True,True,15.0,10,,15.0,10,False,d3ff8894e1de36ac0fc0e6bb7ce325c733688a793c4aee1a185dd747620f9a16,678c04955ae687f494e125fc2af7ae5dcfb7187007a7e13fd138c96619f545be,7056e0c108d8eb1d3a29411d3dc819d80258e35927a6ae512b813a0ee441101d,90a1773c9216f62742e77055681d52f0ab3befb0177b084e41ca26a51b64da6c,evsp-dr-trip-identity-v1
k20_s6,20,6,13407,17,True,False,False,,,no fixed-duty transition 382->400;adaptive_sensitivity_not_run_scale_gt5,15.0,10,False,d3ff8894e1de36ac0fc0e6bb7ce325c733688a793c4aee1a185dd747620f9a16,678c04955ae687f494e125fc2af7ae5dcfb7187007a7e13fd138c96619f545be,7056e0c108d8eb1d3a29411d3dc819d80258e35927a6ae512b813a0ee441101d,90a1773c9216f62742e77055681d52f0ab3befb0177b084e41ca26a51b64da6c,evsp-dr-trip-identity-v1
k20_s6,20,6,13409,17,True,False,False,,,no fixed-duty transition 161->188;adaptive_sensitivity_not_run_scale_gt5,15.0,10,False,d3ff8894e1de36ac0fc0e6bb7ce325c733688a793c4aee1a185dd747620f9a16,678c04955ae687f494e125fc2af7ae5dcfb7187007a7e13fd138c96619f545be,7056e0c108d8eb1d3a29411d3dc819d80258e35927a6ae512b813a0ee441101d,90a1773c9216f62742e77055681d52f0ab3befb0177b084e41ca26a51b64da6c,evsp-dr-trip-identity-v1
k20_s6,20,6,13410,15,True,False,False,,,no fixed-duty transition 230->259;adaptive_sensitivity_not_run_scale_gt5,15.0,10,False,d3ff8894e1de36ac0fc0e6bb7ce325c733688a793c4aee1a185dd747620f9a16,678c04955ae687f494e125fc2af7ae5dcfb7187007a7e13fd138c96619f545be,7056e0c108d8eb1d3a29411d3dc819d80258e35927a6ae512b813a0ee441101d,90a1773c9216f62742e77055681d52f0ab3befb0177b084e41ca26a51b64da6c,evsp-dr-trip-identity-v1
k20_s6,20,6,13412,15,True,True,True,15.0,10,,15.0,10,False,d3ff8894e1de36ac0fc0e6bb7ce325c733688a793c4aee1a185dd747620f9a16,678c04955ae687f494e125fc2af7ae5dcfb7187007a7e13fd138c96619f545be,7056e0c108d8eb1d3a29411d3dc819d80258e35927a6ae512b813a0ee441101d,90a1773c9216f62742e77055681d52f0ab3befb0177b084e41ca26a51b64da6c,evsp-dr-trip-identity-v1
k20_s6,20,6,13413,15,True,False,False,,,no fixed-duty transition 207->236;adaptive_sensitivity_not_run_scale_gt5,15.0,10,False,d3ff8894e1de36ac0fc0e6bb7ce325c733688a793c4aee1a185dd747620f9a16,678c04955ae687f494e125fc2af7ae5dcfb7187007a7e13fd138c96619f545be,7056e0c108d8eb1d3a29411d3dc819d80258e35927a6ae512b813a0ee441101d,90a1773c9216f62742e77055681d52f0ab3befb0177b084e41ca26a51b64da6c,evsp-dr-trip-identity-v1
