job_key,paired_cell_key,method_arm,cell_id,scale,selection_replicate,physics_profile,g_kwh,charge_kw,soc_step,block_min,grid_id,grid_role,commensurate,charge_kwh_per_block,credited_charge_kwh_per_block,charge_grid_loss_kwh,trip_count,target_fleet,instance_sha256,status_path,status_present,stop_reason,certified,dag_nodes,dag_arcs,dag_build_wall_s,estimated_dag_nodes_upper,active_arcs,arcflow_variables,arcflow_constraints,arcflow_nonzeros,model_build_wall_s,lp_wall_s,mip_wall_s,peak_rss_mb,iterations_to_certificate,wall_to_certificate,wall_s_total,iterations_observed,master_wall_s_total,pricing_wall_s_total,columns_added_total,pool_columns_final,fleet_lp_bound,lp_gap_buses,integer_fleet,integer_fleet_proven,integer_gap_buses,mip_gap,lp_gap_closed_vs_anchor,integer_gap_closed_vs_anchor,cpu_hours_to_certificate,buses_gap_closed_per_cpu_hour,lp_equality_checked,lp_equal,lp_difference
rc_p240_k02_s1_soc15_b10,p240_k02_s1_soc15_b10,exact_cg,k02_s1,2,1,p240,240.0,240.0,15.0,10.0,soc15_b10,historical_anchor,False,40.0,30.0,10.0,47,2,57f672139f86849429c2f580bb68126246aca7b804f9303239fbe1a35fba887e,/workspace/results/resolution_cost_local_20260820/outputs/rc_p240_k02_s1_soc15_b10.json,True,certified,True,16637,458592,0.253617525100708,16713,,,,,,,,186.57421875,238,17.01905131340027,17.06018090248108,238,3.167368677990453,12.76779087900286,1364,1411,2.3406593406593488,0.3406593406593488,,,,,0.0,,0.004727514253722297,0.0,False,,
af_p240_k02_s1_soc15_b10,p240_k02_s1_soc15_b10,arc_flow,k02_s1,2,1,p240,240.0,240.0,15.0,10.0,soc15_b10,historical_anchor,False,40.0,30.0,10.0,47,2,57f672139f86849429c2f580bb68126246aca7b804f9303239fbe1a35fba887e,/workspace/results/resolution_cost_local_20260820/outputs/af_p240_k02_s1_soc15_b10.json,False,missing,False,,,,16713,,,,,,,,,,,,0,,,,,,,,False,,,,,,,False,,
rc_p240_k02_s1_soc10_b10,p240_k02_s1_soc10_b10,exact_cg,k02_s1,2,1,p240,240.0,240.0,10.0,10.0,soc10_b10,commensurate,True,40.0,40.0,0.0,47,2,57f672139f86849429c2f580bb68126246aca7b804f9303239fbe1a35fba887e,/workspace/results/resolution_cost_local_20260820/outputs/rc_p240_k02_s1_soc10_b10.json,True,certified,True,24474,687881,0.40548062324523926,24577,,,,,,,,222.04296875,221,21.61222743988037,21.66506290435791,221,5.105900093985838,15.181368967983872,2493,2540,2.2083333333333335,0.20833333333333348,,,,,0.1323260073260153,,0.006003396511077881,22.041856985764348,False,,
af_p240_k02_s1_soc10_b10,p240_k02_s1_soc10_b10,arc_flow,k02_s1,2,1,p240,240.0,240.0,10.0,10.0,soc10_b10,commensurate,True,40.0,40.0,0.0,47,2,57f672139f86849429c2f580bb68126246aca7b804f9303239fbe1a35fba887e,/workspace/results/resolution_cost_local_20260820/outputs/af_p240_k02_s1_soc10_b10.json,False,missing,False,,,,24577,,,,,,,,,,,,0,,,,,,,,False,,,,,,,False,,
rc_p240_k02_s1_soc2p5_b10,p240_k02_s1_soc2p5_b10,exact_cg,k02_s1,2,1,p240,240.0,240.0,2.5,10.0,soc2p5_b10,commensurate,True,40.0,40.0,0.0,47,2,57f672139f86849429c2f580bb68126246aca7b804f9303239fbe1a35fba887e,/workspace/results/resolution_cost_local_20260820/outputs/rc_p240_k02_s1_soc2p5_b10.json,True,certified,True,95025,2712103,1.5457420349121094,95353,,,,,,,,456.16796875,385,96.92023587226868,97.03937983512878,385,26.15620184405634,67.52533390197641,6058,6101,2.0,0.0,,,,,0.3406593406593488,,0.026922287742296856,12.653432127320606,False,,
af_p240_k02_s1_soc2p5_b10,p240_k02_s1_soc2p5_b10,arc_flow,k02_s1,2,1,p240,240.0,240.0,2.5,10.0,soc2p5_b10,commensurate,True,40.0,40.0,0.0,47,2,57f672139f86849429c2f580bb68126246aca7b804f9303239fbe1a35fba887e,/workspace/results/resolution_cost_local_20260820/outputs/af_p240_k02_s1_soc2p5_b10.json,False,missing,False,,,,95353,,,,,,,,,,,,0,,,,,,,,False,,,,,,,False,,
rc_p240_k02_s1_soc10_b5,p240_k02_s1_soc10_b5,exact_cg,k02_s1,2,1,p240,240.0,240.0,10.0,5.0,soc10_b5,commensurate,True,20.0,20.0,0.0,47,2,57f672139f86849429c2f580bb68126246aca7b804f9303239fbe1a35fba887e,/workspace/results/resolution_cost_local_20260820/outputs/rc_p240_k02_s1_soc10_b5.json,True,certified,True,47874,1334091,0.8003153800964355,47977,,,,,,,,334.265625,558,89.81568121910095,89.90914344787598,558,27.650089883984037,58.93995998797982,4692,4737,1.999999999999999,0.0,,,,,0.3406593406593499,,0.024948800338639155,13.654337524668785,False,,
af_p240_k02_s1_soc10_b5,p240_k02_s1_soc10_b5,arc_flow,k02_s1,2,1,p240,240.0,240.0,10.0,5.0,soc10_b5,commensurate,True,20.0,20.0,0.0,47,2,57f672139f86849429c2f580bb68126246aca7b804f9303239fbe1a35fba887e,/workspace/results/resolution_cost_local_20260820/outputs/af_p240_k02_s1_soc10_b5.json,False,missing,False,,,,47977,,,,,,,,,,,,0,,,,,,,,False,,,,,,,False,,
rc_p240_k02_s1_soc2p5_b5,p240_k02_s1_soc2p5_b5,exact_cg,k02_s1,2,1,p240,240.0,240.0,2.5,5.0,soc2p5_b5,commensurate,True,20.0,20.0,0.0,47,2,57f672139f86849429c2f580bb68126246aca7b804f9303239fbe1a35fba887e,/workspace/results/resolution_cost_local_20260820/outputs/rc_p240_k02_s1_soc2p5_b5.json,True,wall_limit,False,185817,5309708,3.340949535369873,186145,,,,,,,,695.0625,,,120.3975601196289,296,18.513795171005768,96.78527683800348,5572,5603,,,,,,,,,,,False,,
af_p240_k02_s1_soc2p5_b5,p240_k02_s1_soc2p5_b5,arc_flow,k02_s1,2,1,p240,240.0,240.0,2.5,5.0,soc2p5_b5,commensurate,True,20.0,20.0,0.0,47,2,57f672139f86849429c2f580bb68126246aca7b804f9303239fbe1a35fba887e,/workspace/results/resolution_cost_local_20260820/outputs/af_p240_k02_s1_soc2p5_b5.json,False,missing,False,,,,186145,,,,,,,,,,,,0,,,,,,,,False,,,,,,,False,,
rc_p240_k02_s1_soc10_b2p5,p240_k02_s1_soc10_b2p5,exact_cg,k02_s1,2,1,p240,240.0,240.0,10.0,2.5,soc10_b2p5,commensurate,True,10.0,10.0,0.0,47,2,57f672139f86849429c2f580bb68126246aca7b804f9303239fbe1a35fba887e,/workspace/results/resolution_cost_local_20260820/outputs/rc_p240_k02_s1_soc10_b2p5.json,True,certified,True,94674,2613199,1.658071756362915,94777,,,,,,,,452.19140625,497,113.41188740730286,113.4742865562439,497,16.451175102996785,92.79254051998214,3366,3410,2.0,0.0,,,,,0.3406593406593488,,0.03150330205758413,10.813448699335256,False,,
af_p240_k02_s1_soc10_b2p5,p240_k02_s1_soc10_b2p5,arc_flow,k02_s1,2,1,p240,240.0,240.0,10.0,2.5,soc10_b2p5,commensurate,True,10.0,10.0,0.0,47,2,57f672139f86849429c2f580bb68126246aca7b804f9303239fbe1a35fba887e,/workspace/results/resolution_cost_local_20260820/outputs/af_p240_k02_s1_soc10_b2p5.json,False,missing,False,,,,94777,,,,,,,,,,,,0,,,,,,,,False,,,,,,,False,,
rc_p240_k02_s1_soc2p5_b2p5,p240_k02_s1_soc2p5_b2p5,exact_cg,k02_s1,2,1,p240,240.0,240.0,2.5,2.5,soc2p5_b2p5,commensurate,True,10.0,10.0,0.0,47,2,57f672139f86849429c2f580bb68126246aca7b804f9303239fbe1a35fba887e,/workspace/results/resolution_cost_local_20260820/outputs/rc_p240_k02_s1_soc2p5_b2p5.json,True,wall_limit,False,367401,10412660,6.315443277359009,367729,,,,,,,,1116.08203125,,,120.48842883110046,162,3.748490326008323,109.33921280796858,2381,2428,,,,,,,,,,,False,,
af_p240_k02_s1_soc2p5_b2p5,p240_k02_s1_soc2p5_b2p5,arc_flow,k02_s1,2,1,p240,240.0,240.0,2.5,2.5,soc2p5_b2p5,commensurate,True,10.0,10.0,0.0,47,2,57f672139f86849429c2f580bb68126246aca7b804f9303239fbe1a35fba887e,/workspace/results/resolution_cost_local_20260820/outputs/af_p240_k02_s1_soc2p5_b2p5.json,False,missing,False,,,,367729,,,,,,,,,,,,0,,,,,,,,False,,,,,,,False,,
rc_p240_k02_s2_soc15_b10,p240_k02_s2_soc15_b10,exact_cg,k02_s2,2,2,p240,240.0,240.0,15.0,10.0,soc15_b10,historical_anchor,False,40.0,30.0,10.0,29,2,6ca7e2db690120699d59fc81428b0f1af00c5cc3889770e8f2860af040244932,/workspace/results/resolution_cost_local_20260820/outputs/rc_p240_k02_s2_soc15_b10.json,True,certified,True,16320,205576,0.14815688133239746,16407,,,,,,,1.182375055999728,155.59765625,124,5.749400615692139,6.9405435149383266,124,0.6437436140004138,4.531153651030763,737,760,2.3333333333333335,0.3333333333333335,5.0,True,3.0,0.0,0.0,0.0,0.0015970557265811496,0.0,True,True,-4.440892098500626e-16
af_p240_k02_s2_soc15_b10,p240_k02_s2_soc15_b10,arc_flow,k02_s2,2,2,p240,240.0,240.0,15.0,10.0,soc15_b10,historical_anchor,False,40.0,30.0,10.0,29,2,6ca7e2db690120699d59fc81428b0f1af00c5cc3889770e8f2860af040244932,/workspace/results/resolution_cost_local_20260820/outputs/af_p240_k02_s2_soc15_b10.json,True,wall_limit,False,16320,205576,0.1551034520016401,16407,105286,105286,5612,246690,0.10621241699845996,3.6381891009987157,56.31574426899897,801.27734375,,,60.26360615100202,0,,,,,2.333333333333333,0.33333333333333304,10.0,False,8.0,0.7,0.0,0.0,,,True,True,-4.440892098500626e-16
rc_p240_k02_s2_soc10_b10,p240_k02_s2_soc10_b10,exact_cg,k02_s2,2,2,p240,240.0,240.0,10.0,10.0,soc10_b10,commensurate,True,40.0,40.0,0.0,29,2,6ca7e2db690120699d59fc81428b0f1af00c5cc3889770e8f2860af040244932,/workspace/results/resolution_cost_local_20260820/outputs/rc_p240_k02_s2_soc10_b10.json,True,certified,True,23982,306963,0.22348332405090332,24127,,,,,,,1.0894476739995298,164.01953125,70,3.51456880569458,4.611174759113055,70,0.30875104597362224,2.705610811968654,546,566,2.4,0.3999999999999999,5.0,True,3.0,0.0,-0.06666666666666643,0.0,0.000976269112692939,-68.28718208934545,True,True,4.440892098500626e-16
af_p240_k02_s2_soc10_b10,p240_k02_s2_soc10_b10,arc_flow,k02_s2,2,2,p240,240.0,240.0,10.0,10.0,soc10_b10,commensurate,True,40.0,40.0,0.0,29,2,6ca7e2db690120699d59fc81428b0f1af00c5cc3889770e8f2860af040244932,/workspace/results/resolution_cost_local_20260820/outputs/af_p240_k02_s2_soc10_b10.json,True,wall_limit,False,23982,306963,0.23174909799854504,24127,162685,162685,8427,382727,0.16473850699912873,7.329859605997626,52.88922442800322,852.72265625,,,60.68334898900139,0,,,,,2.4000000000000004,0.40000000000000036,16.0,False,14.0,0.8125,-0.06666666666666732,-6.0,,,True,True,4.440892098500626e-16
rc_p240_k02_s2_soc2p5_b10,p240_k02_s2_soc2p5_b10,exact_cg,k02_s2,2,2,p240,240.0,240.0,2.5,10.0,soc2p5_b10,commensurate,True,40.0,40.0,0.0,29,2,6ca7e2db690120699d59fc81428b0f1af00c5cc3889770e8f2860af040244932,/workspace/results/resolution_cost_local_20260820/outputs/rc_p240_k02_s2_soc2p5_b10.json,True,certified,True,93114,1219674,0.870905876159668,93607,,,,,,,0.5870255709996854,269.23046875,77,8.47498869895935,9.07106511605889,77,0.39484942702620174,6.914684137998847,784,807,2.2857142857142856,0.2857142857142856,4.0,True,2.0,0.0,0.047619047619047894,1.0,0.0023541635274887084,20.227587023168805,False,,
af_p240_k02_s2_soc2p5_b10,p240_k02_s2_soc2p5_b10,arc_flow,k02_s2,2,2,p240,240.0,240.0,2.5,10.0,soc2p5_b10,commensurate,True,40.0,40.0,0.0,29,2,6ca7e2db690120699d59fc81428b0f1af00c5cc3889770e8f2860af040244932,/workspace/results/resolution_cost_local_20260820/outputs/af_p240_k02_s2_soc2p5_b10.json,True,wall_limit,False,93114,1219674,0.8486652669998875,93607,503929,503929,29164,1176769,0.5188199049989635,23.676558842002123,,787.51953125,,,25.23835400600001,0,,,,,,,,False,,,,,,,False,,
rc_p240_k02_s2_soc10_b5,p240_k02_s2_soc10_b5,exact_cg,k02_s2,2,2,p240,240.0,240.0,10.0,5.0,soc10_b5,commensurate,True,20.0,20.0,0.0,29,2,6ca7e2db690120699d59fc81428b0f1af00c5cc3889770e8f2860af040244932,/workspace/results/resolution_cost_local_20260820/outputs/rc_p240_k02_s2_soc10_b5.json,True,certified,True,47382,586106,0.428692102432251,47527,,,,,,,0.6284884989981947,199.53125,111,8.309482336044312,8.944615799260646,111,0.4469521820101363,7.027167088010174,509,538,2.2,0.20000000000000018,4.0,True,2.0,0.0,0.1333333333333333,1.0,0.0023081895377900863,57.765331291203104,False,,
af_p240_k02_s2_soc10_b5,p240_k02_s2_soc10_b5,arc_flow,k02_s2,2,2,p240,240.0,240.0,10.0,5.0,soc10_b5,commensurate,True,20.0,20.0,0.0,29,2,6ca7e2db690120699d59fc81428b0f1af00c5cc3889770e8f2860af040244932,/workspace/results/resolution_cost_local_20260820/outputs/af_p240_k02_s2_soc10_b5.json,True,wall_limit,False,47382,586106,0.4573319849987456,47527,328714,328714,16681,770177,0.34027857199907885,23.849847735000367,,533.4609375,,,24.770742134998727,0,,,,,,,,False,,,,,,,False,,
rc_p240_k02_s2_soc2p5_b5,p240_k02_s2_soc2p5_b5,exact_cg,k02_s2,2,2,p240,240.0,240.0,2.5,5.0,soc2p5_b5,commensurate,True,20.0,20.0,0.0,29,2,6ca7e2db690120699d59fc81428b0f1af00c5cc3889770e8f2860af040244932,/workspace/results/resolution_cost_local_20260820/outputs/rc_p240_k02_s2_soc2p5_b5.json,True,certified,True,183906,2328968,1.738703727722168,184399,,,,,,,0.3624249799977406,400.9453125,80,15.691888570785522,16.06342495520221,80,0.3943317649864184,13.173963745008223,690,718,2.125,0.125,3.0,True,1.0,0.0,0.20833333333333348,2.0,0.004358857936329312,47.795394201072654,False,,
af_p240_k02_s2_soc2p5_b5,p240_k02_s2_soc2p5_b5,arc_flow,k02_s2,2,2,p240,240.0,240.0,2.5,5.0,soc2p5_b5,commensurate,True,20.0,20.0,0.0,29,2,6ca7e2db690120699d59fc81428b0f1af00c5cc3889770e8f2860af040244932,/workspace/results/resolution_cost_local_20260820/outputs/af_p240_k02_s2_soc2p5_b5.json,True,wall_limit,False,183906,2328968,1.6660487650005962,184399,1073607,1073607,59079,2498496,1.0753639609974925,23.401726679003332,,1519.640625,,,26.54455797799892,0,,,,,,,,False,,,,,,,False,,
rc_p240_k02_s2_soc10_b2p5,p240_k02_s2_soc10_b2p5,exact_cg,k02_s2,2,2,p240,240.0,240.0,10.0,2.5,soc10_b2p5,commensurate,True,10.0,10.0,0.0,29,2,6ca7e2db690120699d59fc81428b0f1af00c5cc3889770e8f2860af040244932,/workspace/results/resolution_cost_local_20260820/outputs/rc_p240_k02_s2_soc10_b2p5.json,True,certified,True,94182,1142056,0.8224751949310303,94327,,,,,,,0.14788843999849632,265.51953125,138,16.737781763076782,16.891130465373863,138,0.5142161749972729,14.850087956991047,352,380,2.1,0.10000000000000009,3.0,True,1.0,0.0,0.2333333333333334,2.0,0.0046493838230768835,50.185861656592024,False,,
af_p240_k02_s2_soc10_b2p5,p240_k02_s2_soc10_b2p5,arc_flow,k02_s2,2,2,p240,240.0,240.0,10.0,2.5,soc10_b2p5,commensurate,True,10.0,10.0,0.0,29,2,6ca7e2db690120699d59fc81428b0f1af00c5cc3889770e8f2860af040244932,/workspace/results/resolution_cost_local_20260820/outputs/af_p240_k02_s2_soc10_b2p5.json,True,wall_limit,False,94182,1142056,0.8432955440002843,94327,672096,672096,33333,1569916,0.6665306430004421,23.71227219299908,,964.62109375,,,25.458784264003043,0,,,,,,,,False,,,,,,,False,,
rc_p240_k02_s2_soc2p5_b2p5,p240_k02_s2_soc2p5_b2p5,exact_cg,k02_s2,2,2,p240,240.0,240.0,2.5,2.5,soc2p5_b2p5,commensurate,True,10.0,10.0,0.0,29,2,6ca7e2db690120699d59fc81428b0f1af00c5cc3889770e8f2860af040244932,/workspace/results/resolution_cost_local_20260820/outputs/rc_p240_k02_s2_soc2p5_b2p5.json,True,certified,True,365490,4540383,3.3890130519866943,365983,,,,,,,0.18358908200025326,663.7734375,105,37.41634488105774,37.60870180630445,105,0.5511137740577396,32.974920450000354,702,719,2.0,0.0,2.0,True,0.0,0.0,0.3333333333333335,3.0,0.01039342913362715,32.07154530499071,False,,
af_p240_k02_s2_soc2p5_b2p5,p240_k02_s2_soc2p5_b2p5,arc_flow,k02_s2,2,2,p240,240.0,240.0,2.5,2.5,soc2p5_b2p5,commensurate,True,10.0,10.0,0.0,29,2,6ca7e2db690120699d59fc81428b0f1af00c5cc3889770e8f2860af040244932,/workspace/results/resolution_cost_local_20260820/outputs/af_p240_k02_s2_soc2p5_b2p5.json,True,wall_limit,False,365490,4540383,3.428325417000451,365983,2353782,2353782,122490,5479061,2.4137816250004107,22.929738893999456,,3128.625,,,29.643451637002727,0,,,,,,,,False,,,,,,,False,,
rc_p240_k02_s3_soc15_b10,p240_k02_s3_soc15_b10,exact_cg,k02_s3,2,3,p240,240.0,240.0,15.0,10.0,soc15_b10,historical_anchor,False,40.0,30.0,10.0,56,2,ec5d73b5b841b36be694c3ef8e4003b8cdfa1997f6f8afb8e6b7aad7581461b5,/workspace/results/resolution_cost_local_20260820/outputs/rc_p240_k02_s3_soc15_b10.json,True,certified,True,16786,553347,0.2882261276245117,16866,,,,,,,,215.66796875,557,53.89574313163757,53.963252782821655,557,17.842380374007917,33.978585930977715,2623,2674,2.437908496732023,0.4379084967320228,,,,,0.0,,0.014971039758788215,0.0,False,,
af_p240_k02_s3_soc15_b10,p240_k02_s3_soc15_b10,arc_flow,k02_s3,2,3,p240,240.0,240.0,15.0,10.0,soc15_b10,historical_anchor,False,40.0,30.0,10.0,56,2,ec5d73b5b841b36be694c3ef8e4003b8cdfa1997f6f8afb8e6b7aad7581461b5,/workspace/results/resolution_cost_local_20260820/outputs/af_p240_k02_s3_soc15_b10.json,False,missing,False,,,,16866,,,,,,,,,,,,0,,,,,,,,False,,,,,,,False,,
rc_p240_k02_s3_soc10_b10,p240_k02_s3_soc10_b10,exact_cg,k02_s3,2,3,p240,240.0,240.0,10.0,10.0,soc10_b10,commensurate,True,40.0,40.0,0.0,56,2,ec5d73b5b841b36be694c3ef8e4003b8cdfa1997f6f8afb8e6b7aad7581461b5,/workspace/results/resolution_cost_local_20260820/outputs/rc_p240_k02_s3_soc10_b10.json,True,certified,True,24684,825543,0.43202805519104004,24802,,,,,,,,213.35546875,510,47.11032795906067,47.137047290802,510,7.624164938963077,37.74080804500045,1105,1160,2.379705400981997,0.3797054009819969,,,,,0.05820309575002591,,0.013086202210850186,4.447668988468471,False,,
af_p240_k02_s3_soc10_b10,p240_k02_s3_soc10_b10,arc_flow,k02_s3,2,3,p240,240.0,240.0,10.0,10.0,soc10_b10,commensurate,True,40.0,40.0,0.0,56,2,ec5d73b5b841b36be694c3ef8e4003b8cdfa1997f6f8afb8e6b7aad7581461b5,/workspace/results/resolution_cost_local_20260820/outputs/af_p240_k02_s3_soc10_b10.json,False,missing,False,,,,24802,,,,,,,,,,,,0,,,,,,,,False,,,,,,,False,,
rc_p240_k02_s3_soc2p5_b10,p240_k02_s3_soc2p5_b10,exact_cg,k02_s3,2,3,p240,240.0,240.0,2.5,10.0,soc2p5_b10,commensurate,True,40.0,40.0,0.0,56,2,ec5d73b5b841b36be694c3ef8e4003b8cdfa1997f6f8afb8e6b7aad7581461b5,/workspace/results/resolution_cost_local_20260820/outputs/rc_p240_k02_s3_soc2p5_b10.json,True,certified,True,95869,3254110,1.718735933303833,96226,,,,,,,,435.72265625,384,101.08827710151672,101.14157915115356,384,12.235570255095809,85.94625507599994,2115,2170,2.2382488479262674,0.23824884792626744,,,,,0.19965964880575537,,0.028080076972643534,7.110366862607602,False,,
af_p240_k02_s3_soc2p5_b10,p240_k02_s3_soc2p5_b10,arc_flow,k02_s3,2,3,p240,240.0,240.0,2.5,10.0,soc2p5_b10,commensurate,True,40.0,40.0,0.0,56,2,ec5d73b5b841b36be694c3ef8e4003b8cdfa1997f6f8afb8e6b7aad7581461b5,/workspace/results/resolution_cost_local_20260820/outputs/af_p240_k02_s3_soc2p5_b10.json,False,missing,False,,,,96226,,,,,,,,,,,,0,,,,,,,,False,,,,,,,False,,
rc_p240_k02_s3_soc10_b5,p240_k02_s3_soc10_b5,exact_cg,k02_s3,2,3,p240,240.0,240.0,10.0,5.0,soc10_b5,commensurate,True,20.0,20.0,0.0,56,2,ec5d73b5b841b36be694c3ef8e4003b8cdfa1997f6f8afb8e6b7aad7581461b5,/workspace/results/resolution_cost_local_20260820/outputs/rc_p240_k02_s3_soc10_b5.json,True,certified,True,48084,1602166,0.8952667713165283,48202,,,,,,,,298.0859375,645,95.66069984436035,95.69998359680176,645,12.630496852827491,80.19740207597715,1504,1551,2.166666666666672,0.16666666666667185,,,,,0.27124183006535096,,0.02657241662343343,10.207646293869665,False,,
af_p240_k02_s3_soc10_b5,p240_k02_s3_soc10_b5,arc_flow,k02_s3,2,3,p240,240.0,240.0,10.0,5.0,soc10_b5,commensurate,True,20.0,20.0,0.0,56,2,ec5d73b5b841b36be694c3ef8e4003b8cdfa1997f6f8afb8e6b7aad7581461b5,/workspace/results/resolution_cost_local_20260820/outputs/af_p240_k02_s3_soc10_b5.json,False,missing,False,,,,48202,,,,,,,,,,,,0,,,,,,,,False,,,,,,,False,,
rc_p240_k02_s3_soc2p5_b5,p240_k02_s3_soc2p5_b5,exact_cg,k02_s3,2,3,p240,240.0,240.0,2.5,5.0,soc2p5_b5,commensurate,True,20.0,20.0,0.0,56,2,ec5d73b5b841b36be694c3ef8e4003b8cdfa1997f6f8afb8e6b7aad7581461b5,/workspace/results/resolution_cost_local_20260820/outputs/rc_p240_k02_s3_soc2p5_b5.json,True,wall_limit,False,186661,6381923,3.5611371994018555,187018,,,,,,,,722.18359375,,,120.45904636383057,259,10.235833914062823,105.51272240599064,2621,2677,,,,,,,,,,,False,,
af_p240_k02_s3_soc2p5_b5,p240_k02_s3_soc2p5_b5,arc_flow,k02_s3,2,3,p240,240.0,240.0,2.5,5.0,soc2p5_b5,commensurate,True,20.0,20.0,0.0,56,2,ec5d73b5b841b36be694c3ef8e4003b8cdfa1997f6f8afb8e6b7aad7581461b5,/workspace/results/resolution_cost_local_20260820/outputs/af_p240_k02_s3_soc2p5_b5.json,False,missing,False,,,,187018,,,,,,,,,,,,0,,,,,,,,False,,,,,,,False,,
rc_p240_k02_s3_soc10_b2p5,p240_k02_s3_soc10_b2p5,exact_cg,k02_s3,2,3,p240,240.0,240.0,10.0,2.5,soc10_b2p5,commensurate,True,10.0,10.0,0.0,56,2,ec5d73b5b841b36be694c3ef8e4003b8cdfa1997f6f8afb8e6b7aad7581461b5,/workspace/results/resolution_cost_local_20260820/outputs/rc_p240_k02_s3_soc10_b2p5.json,True,wall_limit,False,94884,3138115,1.6540732383728027,95002,,,,,,,,432.0,,,120.04883360862732,481,8.551128031984263,108.14602530999764,1105,1161,,,,,,,,,,,False,,
af_p240_k02_s3_soc10_b2p5,p240_k02_s3_soc10_b2p5,arc_flow,k02_s3,2,3,p240,240.0,240.0,10.0,2.5,soc10_b2p5,commensurate,True,10.0,10.0,0.0,56,2,ec5d73b5b841b36be694c3ef8e4003b8cdfa1997f6f8afb8e6b7aad7581461b5,/workspace/results/resolution_cost_local_20260820/outputs/af_p240_k02_s3_soc10_b2p5.json,False,missing,False,,,,95002,,,,,,,,,,,,0,,,,,,,,False,,,,,,,False,,
rc_p240_k02_s3_soc2p5_b2p5,p240_k02_s3_soc2p5_b2p5,exact_cg,k02_s3,2,3,p240,240.0,240.0,2.5,2.5,soc2p5_b2p5,commensurate,True,10.0,10.0,0.0,56,2,ec5d73b5b841b36be694c3ef8e4003b8cdfa1997f6f8afb8e6b7aad7581461b5,/workspace/results/resolution_cost_local_20260820/outputs/rc_p240_k02_s3_soc2p5_b2p5.json,True,wall_limit,False,368245,12518497,7.003740549087524,368602,,,,,,,,1261.421875,,,120.37589049339294,138,3.516005902980396,108.90152339702036,2243,2299,,,,,,,,,,,False,,
af_p240_k02_s3_soc2p5_b2p5,p240_k02_s3_soc2p5_b2p5,arc_flow,k02_s3,2,3,p240,240.0,240.0,2.5,2.5,soc2p5_b2p5,commensurate,True,10.0,10.0,0.0,56,2,ec5d73b5b841b36be694c3ef8e4003b8cdfa1997f6f8afb8e6b7aad7581461b5,/workspace/results/resolution_cost_local_20260820/outputs/af_p240_k02_s3_soc2p5_b2p5.json,False,missing,False,,,,368602,,,,,,,,,,,,0,,,,,,,,False,,,,,,,False,,
rc_p240_k03_s1_soc15_b10,p240_k03_s1_soc15_b10,exact_cg,k03_s1,3,1,p240,240.0,240.0,15.0,10.0,soc15_b10,historical_anchor,False,40.0,30.0,10.0,61,3,e6ed7045cb2778b4de5954163a91d7ad439b9c6e3f42dd823c122c2ae35cbec5,/workspace/results/resolution_cost_local_20260820/outputs/rc_p240_k03_s1_soc15_b10.json,True,certified,True,16833,542549,0.2880127429962158,16951,,,,,,,,206.9921875,474,40.43682599067688,40.48314380645752,474,9.338895613072964,29.186210661016958,2018,2079,3.3592233009708736,0.3592233009708736,,,,,0.0,,0.01123245166407691,0.0,False,,
af_p240_k03_s1_soc15_b10,p240_k03_s1_soc15_b10,arc_flow,k03_s1,3,1,p240,240.0,240.0,15.0,10.0,soc15_b10,historical_anchor,False,40.0,30.0,10.0,61,3,e6ed7045cb2778b4de5954163a91d7ad439b9c6e3f42dd823c122c2ae35cbec5,/workspace/results/resolution_cost_local_20260820/outputs/af_p240_k03_s1_soc15_b10.json,False,missing,False,,,,16951,,,,,,,,,,,,0,,,,,,,,False,,,,,,,False,,
rc_p240_k03_s1_soc10_b10,p240_k03_s1_soc10_b10,exact_cg,k03_s1,3,1,p240,240.0,240.0,10.0,10.0,soc10_b10,commensurate,True,40.0,40.0,0.0,61,3,e6ed7045cb2778b4de5954163a91d7ad439b9c6e3f42dd823c122c2ae35cbec5,/workspace/results/resolution_cost_local_20260820/outputs/rc_p240_k03_s1_soc10_b10.json,True,certified,True,24754,813225,0.44143056869506836,24927,,,,,,,,263.1015625,475,58.009535789489746,58.111690282821655,475,18.091322946991568,37.559820866994414,4153,4212,3.2097186700767257,0.20971867007672573,,,,,0.1495046308941479,,0.01611375994152493,9.27807237024033,False,,
af_p240_k03_s1_soc10_b10,p240_k03_s1_soc10_b10,arc_flow,k03_s1,3,1,p240,240.0,240.0,10.0,10.0,soc10_b10,commensurate,True,40.0,40.0,0.0,61,3,e6ed7045cb2778b4de5954163a91d7ad439b9c6e3f42dd823c122c2ae35cbec5,/workspace/results/resolution_cost_local_20260820/outputs/af_p240_k03_s1_soc10_b10.json,False,missing,False,,,,24927,,,,,,,,,,,,0,,,,,,,,False,,,,,,,False,,
rc_p240_k03_s1_soc2p5_b10,p240_k03_s1_soc2p5_b10,exact_cg,k03_s1,3,1,p240,240.0,240.0,2.5,10.0,soc2p5_b10,commensurate,True,40.0,40.0,0.0,61,3,e6ed7045cb2778b4de5954163a91d7ad439b9c6e3f42dd823c122c2ae35cbec5,/workspace/results/resolution_cost_local_20260820/outputs/rc_p240_k03_s1_soc2p5_b10.json,True,wall_limit,False,96145,3210683,1.7426600456237793,96711,,,,,,,,463.25,,,120.32951140403748,434,14.531782612972165,102.26128351503576,3602,3663,,,,,,,,,,,False,,
af_p240_k03_s1_soc2p5_b10,p240_k03_s1_soc2p5_b10,arc_flow,k03_s1,3,1,p240,240.0,240.0,2.5,10.0,soc2p5_b10,commensurate,True,40.0,40.0,0.0,61,3,e6ed7045cb2778b4de5954163a91d7ad439b9c6e3f42dd823c122c2ae35cbec5,/workspace/results/resolution_cost_local_20260820/outputs/af_p240_k03_s1_soc2p5_b10.json,False,missing,False,,,,96711,,,,,,,,,,,,0,,,,,,,,False,,,,,,,False,,
rc_p240_k03_s1_soc10_b5,p240_k03_s1_soc10_b5,exact_cg,k03_s1,3,1,p240,240.0,240.0,10.0,5.0,soc10_b5,commensurate,True,20.0,20.0,0.0,61,3,e6ed7045cb2778b4de5954163a91d7ad439b9c6e3f42dd823c122c2ae35cbec5,/workspace/results/resolution_cost_local_20260820/outputs/rc_p240_k03_s1_soc10_b5.json,True,wall_limit,False,48154,1572443,0.8596303462982178,48327,,,,,,,,387.9296875,,,120.31145787239075,619,33.53960884003391,82.66183660796378,5921,5982,,,,,,,,,,,False,,
af_p240_k03_s1_soc10_b5,p240_k03_s1_soc10_b5,arc_flow,k03_s1,3,1,p240,240.0,240.0,10.0,5.0,soc10_b5,commensurate,True,20.0,20.0,0.0,61,3,e6ed7045cb2778b4de5954163a91d7ad439b9c6e3f42dd823c122c2ae35cbec5,/workspace/results/resolution_cost_local_20260820/outputs/af_p240_k03_s1_soc10_b5.json,False,missing,False,,,,48327,,,,,,,,,,,,0,,,,,,,,False,,,,,,,False,,
rc_p240_k03_s1_soc2p5_b5,p240_k03_s1_soc2p5_b5,exact_cg,k03_s1,3,1,p240,240.0,240.0,2.5,5.0,soc2p5_b5,commensurate,True,20.0,20.0,0.0,61,3,e6ed7045cb2778b4de5954163a91d7ad439b9c6e3f42dd823c122c2ae35cbec5,/workspace/results/resolution_cost_local_20260820/outputs/rc_p240_k03_s1_soc2p5_b5.json,True,wall_limit,False,186937,6257530,3.455822229385376,187503,,,,,,,,761.8125,,,120.15888404846191,238,10.207378705963492,104.9342974180181,4682,4743,,,,,,,,,,,False,,
af_p240_k03_s1_soc2p5_b5,p240_k03_s1_soc2p5_b5,arc_flow,k03_s1,3,1,p240,240.0,240.0,2.5,5.0,soc2p5_b5,commensurate,True,20.0,20.0,0.0,61,3,e6ed7045cb2778b4de5954163a91d7ad439b9c6e3f42dd823c122c2ae35cbec5,/workspace/results/resolution_cost_local_20260820/outputs/af_p240_k03_s1_soc2p5_b5.json,False,missing,False,,,,187503,,,,,,,,,,,,0,,,,,,,,False,,,,,,,False,,
rc_p240_k03_s1_soc10_b2p5,p240_k03_s1_soc10_b2p5,exact_cg,k03_s1,3,1,p240,240.0,240.0,10.0,2.5,soc10_b2p5,commensurate,True,10.0,10.0,0.0,61,3,e6ed7045cb2778b4de5954163a91d7ad439b9c6e3f42dd823c122c2ae35cbec5,/workspace/results/resolution_cost_local_20260820/outputs/rc_p240_k03_s1_soc10_b2p5.json,True,wall_limit,False,94954,3077271,1.6911382675170898,95127,,,,,,,,446.87109375,,,120.2751715183258,455,8.969852409016312,107.6943936430398,1650,1711,,,,,,,,,,,False,,
af_p240_k03_s1_soc10_b2p5,p240_k03_s1_soc10_b2p5,arc_flow,k03_s1,3,1,p240,240.0,240.0,10.0,2.5,soc10_b2p5,commensurate,True,10.0,10.0,0.0,61,3,e6ed7045cb2778b4de5954163a91d7ad439b9c6e3f42dd823c122c2ae35cbec5,/workspace/results/resolution_cost_local_20260820/outputs/af_p240_k03_s1_soc10_b2p5.json,False,missing,False,,,,95127,,,,,,,,,,,,0,,,,,,,,False,,,,,,,False,,
rc_p240_k03_s1_soc2p5_b2p5,p240_k03_s1_soc2p5_b2p5,exact_cg,k03_s1,3,1,p240,240.0,240.0,2.5,2.5,soc2p5_b2p5,commensurate,True,10.0,10.0,0.0,61,3,e6ed7045cb2778b4de5954163a91d7ad439b9c6e3f42dd823c122c2ae35cbec5,/workspace/results/resolution_cost_local_20260820/outputs/rc_p240_k03_s1_soc2p5_b2p5.json,True,wall_limit,False,368521,12257791,7.231471538543701,369087,,,,,,,,1234.44140625,,,120.67026972770691,137,1.4880636610505462,111.28172995898422,1027,1088,,,,,,,,,,,False,,
af_p240_k03_s1_soc2p5_b2p5,p240_k03_s1_soc2p5_b2p5,arc_flow,k03_s1,3,1,p240,240.0,240.0,2.5,2.5,soc2p5_b2p5,commensurate,True,10.0,10.0,0.0,61,3,e6ed7045cb2778b4de5954163a91d7ad439b9c6e3f42dd823c122c2ae35cbec5,/workspace/results/resolution_cost_local_20260820/outputs/af_p240_k03_s1_soc2p5_b2p5.json,False,missing,False,,,,369087,,,,,,,,,,,,0,,,,,,,,False,,,,,,,False,,
rc_p240_k03_s2_soc15_b10,p240_k03_s2_soc15_b10,exact_cg,k03_s2,3,2,p240,240.0,240.0,15.0,10.0,soc15_b10,historical_anchor,False,40.0,30.0,10.0,71,3,0205f86e964212942b6af5690adcbcd006df8263cc2fe103ea7923d28e378397,/workspace/results/resolution_cost_local_20260820/outputs/rc_p240_k03_s2_soc15_b10.json,True,certified,True,16996,644183,0.34444761276245117,17121,,,,,,,60.257978548997926,246.5,649,72.21736264228821,132.56981789111524,649,24.307024365924008,45.313393033989996,3581,3652,3.6776289484206313,0.6776289484206313,11.0,False,8.0,0.6363636363636364,0.0,0.0,0.020060378511746725,0.0,False,,
af_p240_k03_s2_soc15_b10,p240_k03_s2_soc15_b10,arc_flow,k03_s2,3,2,p240,240.0,240.0,15.0,10.0,soc15_b10,historical_anchor,False,40.0,30.0,10.0,71,3,0205f86e964212942b6af5690adcbcd006df8263cc2fe103ea7923d28e378397,/workspace/results/resolution_cost_local_20260820/outputs/af_p240_k03_s2_soc15_b10.json,True,wall_limit,False,16996,644183,0.3701472600005218,17121,408549,408549,12129,936560,0.42199488999904133,23.889843708002445,,605.578125,,,24.81053729099949,0,,,,,,,,False,,,,,,,False,,
rc_p240_k03_s2_soc10_b10,p240_k03_s2_soc10_b10,exact_cg,k03_s2,3,2,p240,240.0,240.0,10.0,10.0,soc10_b10,commensurate,True,40.0,40.0,0.0,71,3,0205f86e964212942b6af5690adcbcd006df8263cc2fe103ea7923d28e378397,/workspace/results/resolution_cost_local_20260820/outputs/rc_p240_k03_s2_soc10_b10.json,True,certified,True,24984,961464,0.5067625045776367,25177,,,,,,,60.33777502099838,294.62890625,532,82.53609681129456,143.0182597927269,532,31.835990191040764,47.989467151022836,5152,5223,3.5919305413687437,0.5919305413687437,11.0,False,8.0,0.6363636363636043,0.08569840705188758,0.0,0.022926693558692934,3.7379313694971943,False,,
af_p240_k03_s2_soc10_b10,p240_k03_s2_soc10_b10,arc_flow,k03_s2,3,2,p240,240.0,240.0,10.0,10.0,soc10_b10,commensurate,True,40.0,40.0,0.0,71,3,0205f86e964212942b6af5690adcbcd006df8263cc2fe103ea7923d28e378397,/workspace/results/resolution_cost_local_20260820/outputs/af_p240_k03_s2_soc10_b10.json,True,wall_limit,False,24984,961464,0.5393140279993531,25177,582247,582247,17420,1333156,0.5906889449979644,23.823049790997175,,812.56640625,,,25.13121905600201,0,,,,,,,,False,,,,,,,False,,
rc_p240_k03_s2_soc2p5_b10,p240_k03_s2_soc2p5_b10,exact_cg,k03_s2,3,2,p240,240.0,240.0,2.5,10.0,soc2p5_b10,commensurate,True,40.0,40.0,0.0,71,3,0205f86e964212942b6af5690adcbcd006df8263cc2fe103ea7923d28e378397,/workspace/results/resolution_cost_local_20260820/outputs/rc_p240_k03_s2_soc2p5_b10.json,True,wall_limit,False,97069,3795166,1.9722599983215332,97681,,,,,,,60.316734978998284,533.390625,,,180.8824965451604,337,24.138801172994135,92.71498265501214,5323,5394,,,9.0,False,6.0,0.5555555555556377,,2.0,,,False,,
af_p240_k03_s2_soc2p5_b10,p240_k03_s2_soc2p5_b10,arc_flow,k03_s2,3,2,p240,240.0,240.0,2.5,10.0,soc2p5_b10,commensurate,True,40.0,40.0,0.0,71,3,0205f86e964212942b6af5690adcbcd006df8263cc2fe103ea7923d28e378397,/workspace/results/resolution_cost_local_20260820/outputs/af_p240_k03_s2_soc2p5_b10.json,True,wall_limit,False,97069,3795166,2.0046382030013774,97681,2116563,2116563,65083,4817667,2.131736056999216,23.438998753001215,,2655.390625,,,28.22112254899912,0,,,,,,,,False,,,,,,,False,,
rc_p240_k03_s2_soc10_b5,p240_k03_s2_soc10_b5,exact_cg,k03_s2,3,2,p240,240.0,240.0,10.0,5.0,soc10_b5,commensurate,True,20.0,20.0,0.0,71,3,0205f86e964212942b6af5690adcbcd006df8263cc2fe103ea7923d28e378397,/workspace/results/resolution_cost_local_20260820/outputs/rc_p240_k03_s2_soc10_b5.json,True,wall_limit,False,48384,1859149,0.9899721145629883,48577,,,,,,,26.680631597002503,354.59375,,,146.92451472993707,630,19.136479640044854,97.64182724003695,2698,2769,,,7.0,True,4.0,0.0,,4.0,,,False,,
af_p240_k03_s2_soc10_b5,p240_k03_s2_soc10_b5,arc_flow,k03_s2,3,2,p240,240.0,240.0,10.0,5.0,soc10_b5,commensurate,True,20.0,20.0,0.0,71,3,0205f86e964212942b6af5690adcbcd006df8263cc2fe103ea7923d28e378397,/workspace/results/resolution_cost_local_20260820/outputs/af_p240_k03_s2_soc10_b5.json,True,wall_limit,False,48384,1859149,1.0296277239976916,48577,1168187,1168187,34020,2667636,1.1796008589990379,23.66537086199969,,1493.52734375,,,26.220640224997624,0,,,,,,,,False,,,,,,,False,,
rc_p240_k03_s2_soc2p5_b5,p240_k03_s2_soc2p5_b5,exact_cg,k03_s2,3,2,p240,240.0,240.0,2.5,5.0,soc2p5_b5,commensurate,True,20.0,20.0,0.0,71,3,0205f86e964212942b6af5690adcbcd006df8263cc2fe103ea7923d28e378397,/workspace/results/resolution_cost_local_20260820/outputs/rc_p240_k03_s2_soc2p5_b5.json,True,wall_limit,False,187861,7404602,3.97312068939209,188473,,,,,,,43.62353870899824,821.68359375,,,164.3037390473619,205,7.388581281968072,107.99017093499788,3294,3365,,,11.0,True,8.0,0.0,,0.0,,,False,,
af_p240_k03_s2_soc2p5_b5,p240_k03_s2_soc2p5_b5,arc_flow,k03_s2,3,2,p240,240.0,240.0,2.5,5.0,soc2p5_b5,commensurate,True,20.0,20.0,0.0,71,3,0205f86e964212942b6af5690adcbcd006df8263cc2fe103ea7923d28e378397,/workspace/results/resolution_cost_local_20260820/outputs/af_p240_k03_s2_soc2p5_b5.json,True,wall_limit,False,187861,7404602,4.045256574998348,188473,4325938,4325938,127295,9829588,4.358740070998465,,,1040.734375,,,9.687006721997022,0,,,,,,,,False,,,,,,,False,,
rc_p240_k03_s2_soc10_b2p5,p240_k03_s2_soc10_b2p5,exact_cg,k03_s2,3,2,p240,240.0,240.0,10.0,2.5,soc10_b2p5,commensurate,True,10.0,10.0,0.0,71,3,0205f86e964212942b6af5690adcbcd006df8263cc2fe103ea7923d28e378397,/workspace/results/resolution_cost_local_20260820/outputs/rc_p240_k03_s2_soc10_b2p5.json,True,wall_limit,False,95184,3636989,1.9086651802062988,95377,,,,,,,10.364755669997976,498.296875,,,130.59839729444866,389,8.389683646924823,107.98523522803589,1753,1824,,,11.0,True,8.0,0.0,,0.0,,,False,,
af_p240_k03_s2_soc10_b2p5,p240_k03_s2_soc10_b2p5,arc_flow,k03_s2,3,2,p240,240.0,240.0,10.0,2.5,soc10_b2p5,commensurate,True,10.0,10.0,0.0,71,3,0205f86e964212942b6af5690adcbcd006df8263cc2fe103ea7923d28e378397,/workspace/results/resolution_cost_local_20260820/outputs/af_p240_k03_s2_soc10_b2p5.json,True,wall_limit,False,95184,3636989,2.0025617689971114,95377,2373477,2373477,67552,5409489,2.410646906999318,23.538894392000657,,2910.171875,,,28.664386422999087,0,,,,,,,,False,,,,,,,False,,
rc_p240_k03_s2_soc2p5_b2p5,p240_k03_s2_soc2p5_b2p5,exact_cg,k03_s2,3,2,p240,240.0,240.0,2.5,2.5,soc2p5_b2p5,commensurate,True,10.0,10.0,0.0,71,3,0205f86e964212942b6af5690adcbcd006df8263cc2fe103ea7923d28e378397,/workspace/results/resolution_cost_local_20260820/outputs/rc_p240_k03_s2_soc2p5_b2p5.json,True,wall_limit,False,369445,14503481,8.390253782272339,370057,,,,,,,1.0495569940030691,1395.53515625,,,121.75836565451027,106,1.434152644000278,110.22861393500352,1098,1169,,,5.0,True,2.0,0.0,,6.0,,,False,,
af_p240_k03_s2_soc2p5_b2p5,p240_k03_s2_soc2p5_b2p5,arc_flow,k03_s2,3,2,p240,240.0,240.0,2.5,2.5,soc2p5_b2p5,commensurate,True,10.0,10.0,0.0,71,3,0205f86e964212942b6af5690adcbcd006df8263cc2fe103ea7923d28e378397,/workspace/results/resolution_cost_local_20260820/outputs/af_p240_k03_s2_soc2p5_b2p5.json,True,wall_limit,False,369445,14503481,8.337780363999627,370057,8983166,8983166,255014,20395300,9.01802950199999,,,1965.26171875,,,20.081208085997787,0,,,,,,,,False,,,,,,,False,,
rc_p240_k03_s3_soc15_b10,p240_k03_s3_soc15_b10,exact_cg,k03_s3,3,3,p240,240.0,240.0,15.0,10.0,soc15_b10,historical_anchor,False,40.0,30.0,10.0,47,3,2532b4fb13b6c22968578a3abd6d909986116318a08a3506ed7e41b41aa43f95,/workspace/results/resolution_cost_local_20260820/outputs/rc_p240_k03_s3_soc15_b10.json,True,certified,True,16615,428192,0.25812244415283203,16713,,,,,,,,245.0,336,31.240788221359253,31.320594310760498,336,17.772690057041473,11.416923221975594,5410,5452,3.0,0.0,,,,,0.0,,0.008677996728155349,0.0,False,,
af_p240_k03_s3_soc15_b10,p240_k03_s3_soc15_b10,arc_flow,k03_s3,3,3,p240,240.0,240.0,15.0,10.0,soc15_b10,historical_anchor,False,40.0,30.0,10.0,47,3,2532b4fb13b6c22968578a3abd6d909986116318a08a3506ed7e41b41aa43f95,/workspace/results/resolution_cost_local_20260820/outputs/af_p240_k03_s3_soc15_b10.json,False,missing,False,,,,16713,,,,,,,,,,,,0,,,,,,,,False,,,,,,,False,,
rc_p240_k03_s3_soc10_b10,p240_k03_s3_soc10_b10,exact_cg,k03_s3,3,3,p240,240.0,240.0,10.0,10.0,soc10_b10,commensurate,True,40.0,40.0,0.0,47,3,2532b4fb13b6c22968578a3abd6d909986116318a08a3506ed7e41b41aa43f95,/workspace/results/resolution_cost_local_20260820/outputs/rc_p240_k03_s3_soc10_b10.json,True,certified,True,24439,647016,0.4082016944885254,24577,,,,,,,,249.47265625,230,23.68352961540222,23.75612497329712,230,11.106758030018682,10.896524507996219,4905,4944,3.0,0.0,,,,,0.0,,0.006578758226500617,0.0,False,,
af_p240_k03_s3_soc10_b10,p240_k03_s3_soc10_b10,arc_flow,k03_s3,3,3,p240,240.0,240.0,10.0,10.0,soc10_b10,commensurate,True,40.0,40.0,0.0,47,3,2532b4fb13b6c22968578a3abd6d909986116318a08a3506ed7e41b41aa43f95,/workspace/results/resolution_cost_local_20260820/outputs/af_p240_k03_s3_soc10_b10.json,False,missing,False,,,,24577,,,,,,,,,,,,0,,,,,,,,False,,,,,,,False,,
rc_p240_k03_s3_soc2p5_b10,p240_k03_s3_soc2p5_b10,exact_cg,k03_s3,3,3,p240,240.0,240.0,2.5,10.0,soc2p5_b10,commensurate,True,40.0,40.0,0.0,47,3,2532b4fb13b6c22968578a3abd6d909986116318a08a3506ed7e41b41aa43f95,/workspace/results/resolution_cost_local_20260820/outputs/rc_p240_k03_s3_soc2p5_b10.json,True,certified,True,94887,2553813,1.57841157913208,95353,,,,,,,,453.171875,340,71.97573137283325,72.09693026542664,340,24.29821701900073,44.34649713998442,7455,7494,3.0,0.0,,,,,0.0,,0.0199932587146759,0.0,False,,
af_p240_k03_s3_soc2p5_b10,p240_k03_s3_soc2p5_b10,arc_flow,k03_s3,3,3,p240,240.0,240.0,2.5,10.0,soc2p5_b10,commensurate,True,40.0,40.0,0.0,47,3,2532b4fb13b6c22968578a3abd6d909986116318a08a3506ed7e41b41aa43f95,/workspace/results/resolution_cost_local_20260820/outputs/af_p240_k03_s3_soc2p5_b10.json,False,missing,False,,,,95353,,,,,,,,,,,,0,,,,,,,,False,,,,,,,False,,
rc_p240_k03_s3_soc10_b5,p240_k03_s3_soc10_b5,exact_cg,k03_s3,3,3,p240,240.0,240.0,10.0,5.0,soc10_b5,commensurate,True,20.0,20.0,0.0,47,3,2532b4fb13b6c22968578a3abd6d909986116318a08a3506ed7e41b41aa43f95,/workspace/results/resolution_cost_local_20260820/outputs/rc_p240_k03_s3_soc10_b5.json,True,certified,True,47839,1238299,0.7819695472717285,47977,,,,,,,,306.1640625,318,37.02430558204651,37.088348150253296,318,8.327625610018003,26.40221832701718,3985,4024,3.0,0.0,,,,,0.0,,0.010284529328346252,0.0,False,,
af_p240_k03_s3_soc10_b5,p240_k03_s3_soc10_b5,arc_flow,k03_s3,3,3,p240,240.0,240.0,10.0,5.0,soc10_b5,commensurate,True,20.0,20.0,0.0,47,3,2532b4fb13b6c22968578a3abd6d909986116318a08a3506ed7e41b41aa43f95,/workspace/results/resolution_cost_local_20260820/outputs/af_p240_k03_s3_soc10_b5.json,False,missing,False,,,,47977,,,,,,,,,,,,0,,,,,,,,False,,,,,,,False,,
rc_p240_k03_s3_soc2p5_b5,p240_k03_s3_soc2p5_b5,exact_cg,k03_s3,3,3,p240,240.0,240.0,2.5,5.0,soc2p5_b5,commensurate,True,20.0,20.0,0.0,47,3,2532b4fb13b6c22968578a3abd6d909986116318a08a3506ed7e41b41aa43f95,/workspace/results/resolution_cost_local_20260820/outputs/rc_p240_k03_s3_soc2p5_b5.json,True,wall_limit,False,185679,4932443,3.0995538234710693,186145,,,,,,,,691.18359375,,,120.34363031387329,336,20.927389344989933,94.19822493495667,7110,7149,,,,,,,,,,,False,,
af_p240_k03_s3_soc2p5_b5,p240_k03_s3_soc2p5_b5,arc_flow,k03_s3,3,3,p240,240.0,240.0,2.5,5.0,soc2p5_b5,commensurate,True,20.0,20.0,0.0,47,3,2532b4fb13b6c22968578a3abd6d909986116318a08a3506ed7e41b41aa43f95,/workspace/results/resolution_cost_local_20260820/outputs/af_p240_k03_s3_soc2p5_b5.json,False,missing,False,,,,186145,,,,,,,,,,,,0,,,,,,,,False,,,,,,,False,,
rc_p240_k03_s3_soc10_b2p5,p240_k03_s3_soc10_b2p5,exact_cg,k03_s3,3,3,p240,240.0,240.0,10.0,2.5,soc10_b2p5,commensurate,True,10.0,10.0,0.0,47,3,2532b4fb13b6c22968578a3abd6d909986116318a08a3506ed7e41b41aa43f95,/workspace/results/resolution_cost_local_20260820/outputs/rc_p240_k03_s3_soc10_b2p5.json,True,certified,True,94639,2407426,1.5141243934631348,94777,,,,,,,,461.28515625,402,78.56925582885742,78.64258170127869,402,13.387226379971253,61.25388411998574,4573,4609,3.0,0.0,,,,,0.0,,0.021824793285793728,0.0,False,,
af_p240_k03_s3_soc10_b2p5,p240_k03_s3_soc10_b2p5,arc_flow,k03_s3,3,3,p240,240.0,240.0,10.0,2.5,soc10_b2p5,commensurate,True,10.0,10.0,0.0,47,3,2532b4fb13b6c22968578a3abd6d909986116318a08a3506ed7e41b41aa43f95,/workspace/results/resolution_cost_local_20260820/outputs/af_p240_k03_s3_soc10_b2p5.json,False,missing,False,,,,94777,,,,,,,,,,,,0,,,,,,,,False,,,,,,,False,,
rc_p240_k03_s3_soc2p5_b2p5,p240_k03_s3_soc2p5_b2p5,exact_cg,k03_s3,3,3,p240,240.0,240.0,2.5,2.5,soc2p5_b2p5,commensurate,True,10.0,10.0,0.0,47,3,2532b4fb13b6c22968578a3abd6d909986116318a08a3506ed7e41b41aa43f95,/workspace/results/resolution_cost_local_20260820/outputs/rc_p240_k03_s3_soc2p5_b2p5.json,True,wall_limit,False,367263,9596341,6.168565511703491,367729,,,,,,,,1105.859375,,,120.2012951374054,189,4.892739894967235,107.47701621199667,3987,4034,,,,,,,,,,,False,,
af_p240_k03_s3_soc2p5_b2p5,p240_k03_s3_soc2p5_b2p5,arc_flow,k03_s3,3,3,p240,240.0,240.0,2.5,2.5,soc2p5_b2p5,commensurate,True,10.0,10.0,0.0,47,3,2532b4fb13b6c22968578a3abd6d909986116318a08a3506ed7e41b41aa43f95,/workspace/results/resolution_cost_local_20260820/outputs/af_p240_k03_s3_soc2p5_b2p5.json,False,missing,False,,,,367729,,,,,,,,,,,,0,,,,,,,,False,,,,,,,False,,
rc_p240_k05_s1_soc15_b10,p240_k05_s1_soc15_b10,exact_cg,k05_s1,5,1,p240,240.0,240.0,15.0,10.0,soc15_b10,historical_anchor,False,40.0,30.0,10.0,105,5,fc10ac0707becb960364e76b8c1e1c414d5d5639cbc3b7dadaf67a77e03f5322,/workspace/results/resolution_cost_local_20260820/outputs/rc_p240_k05_s1_soc15_b10.json,False,missing,False,,,,17699,,,,,,,,,,,0.0,0,0,0,0,,,,,,,,,,,,False,,
af_p240_k05_s1_soc15_b10,p240_k05_s1_soc15_b10,arc_flow,k05_s1,5,1,p240,240.0,240.0,15.0,10.0,soc15_b10,historical_anchor,False,40.0,30.0,10.0,105,5,fc10ac0707becb960364e76b8c1e1c414d5d5639cbc3b7dadaf67a77e03f5322,/workspace/results/resolution_cost_local_20260820/outputs/af_p240_k05_s1_soc15_b10.json,False,missing,False,,,,17699,,,,,,,,,,,,0,,,,,,,,False,,,,,,,False,,
rc_p240_k05_s1_soc10_b10,p240_k05_s1_soc10_b10,exact_cg,k05_s1,5,1,p240,240.0,240.0,10.0,10.0,soc10_b10,commensurate,True,40.0,40.0,0.0,105,5,fc10ac0707becb960364e76b8c1e1c414d5d5639cbc3b7dadaf67a77e03f5322,/workspace/results/resolution_cost_local_20260820/outputs/rc_p240_k05_s1_soc10_b10.json,False,missing,False,,,,26027,,,,,,,,,,,0.0,0,0,0,0,,,,,,,,,,,,False,,
af_p240_k05_s1_soc10_b10,p240_k05_s1_soc10_b10,arc_flow,k05_s1,5,1,p240,240.0,240.0,10.0,10.0,soc10_b10,commensurate,True,40.0,40.0,0.0,105,5,fc10ac0707becb960364e76b8c1e1c414d5d5639cbc3b7dadaf67a77e03f5322,/workspace/results/resolution_cost_local_20260820/outputs/af_p240_k05_s1_soc10_b10.json,False,missing,False,,,,26027,,,,,,,,,,,,0,,,,,,,,False,,,,,,,False,,
rc_p240_k05_s1_soc2p5_b10,p240_k05_s1_soc2p5_b10,exact_cg,k05_s1,5,1,p240,240.0,240.0,2.5,10.0,soc2p5_b10,commensurate,True,40.0,40.0,0.0,105,5,fc10ac0707becb960364e76b8c1e1c414d5d5639cbc3b7dadaf67a77e03f5322,/workspace/results/resolution_cost_local_20260820/outputs/rc_p240_k05_s1_soc2p5_b10.json,False,missing,False,,,,100979,,,,,,,,,,,0.0,0,0,0,0,,,,,,,,,,,,False,,
af_p240_k05_s1_soc2p5_b10,p240_k05_s1_soc2p5_b10,arc_flow,k05_s1,5,1,p240,240.0,240.0,2.5,10.0,soc2p5_b10,commensurate,True,40.0,40.0,0.0,105,5,fc10ac0707becb960364e76b8c1e1c414d5d5639cbc3b7dadaf67a77e03f5322,/workspace/results/resolution_cost_local_20260820/outputs/af_p240_k05_s1_soc2p5_b10.json,False,missing,False,,,,100979,,,,,,,,,,,,0,,,,,,,,False,,,,,,,False,,
rc_p240_k05_s1_soc10_b5,p240_k05_s1_soc10_b5,exact_cg,k05_s1,5,1,p240,240.0,240.0,10.0,5.0,soc10_b5,commensurate,True,20.0,20.0,0.0,105,5,fc10ac0707becb960364e76b8c1e1c414d5d5639cbc3b7dadaf67a77e03f5322,/workspace/results/resolution_cost_local_20260820/outputs/rc_p240_k05_s1_soc10_b5.json,False,missing,False,,,,49427,,,,,,,,,,,0.0,0,0,0,0,,,,,,,,,,,,False,,
af_p240_k05_s1_soc10_b5,p240_k05_s1_soc10_b5,arc_flow,k05_s1,5,1,p240,240.0,240.0,10.0,5.0,soc10_b5,commensurate,True,20.0,20.0,0.0,105,5,fc10ac0707becb960364e76b8c1e1c414d5d5639cbc3b7dadaf67a77e03f5322,/workspace/results/resolution_cost_local_20260820/outputs/af_p240_k05_s1_soc10_b5.json,False,missing,False,,,,49427,,,,,,,,,,,,0,,,,,,,,False,,,,,,,False,,
rc_p240_k05_s1_soc2p5_b5,p240_k05_s1_soc2p5_b5,exact_cg,k05_s1,5,1,p240,240.0,240.0,2.5,5.0,soc2p5_b5,commensurate,True,20.0,20.0,0.0,105,5,fc10ac0707becb960364e76b8c1e1c414d5d5639cbc3b7dadaf67a77e03f5322,/workspace/results/resolution_cost_local_20260820/outputs/rc_p240_k05_s1_soc2p5_b5.json,False,missing,False,,,,191771,,,,,,,,,,,0.0,0,0,0,0,,,,,,,,,,,,False,,
af_p240_k05_s1_soc2p5_b5,p240_k05_s1_soc2p5_b5,arc_flow,k05_s1,5,1,p240,240.0,240.0,2.5,5.0,soc2p5_b5,commensurate,True,20.0,20.0,0.0,105,5,fc10ac0707becb960364e76b8c1e1c414d5d5639cbc3b7dadaf67a77e03f5322,/workspace/results/resolution_cost_local_20260820/outputs/af_p240_k05_s1_soc2p5_b5.json,False,missing,False,,,,191771,,,,,,,,,,,,0,,,,,,,,False,,,,,,,False,,
rc_p240_k05_s1_soc10_b2p5,p240_k05_s1_soc10_b2p5,exact_cg,k05_s1,5,1,p240,240.0,240.0,10.0,2.5,soc10_b2p5,commensurate,True,10.0,10.0,0.0,105,5,fc10ac0707becb960364e76b8c1e1c414d5d5639cbc3b7dadaf67a77e03f5322,/workspace/results/resolution_cost_local_20260820/outputs/rc_p240_k05_s1_soc10_b2p5.json,False,missing,False,,,,96227,,,,,,,,,,,0.0,0,0,0,0,,,,,,,,,,,,False,,
af_p240_k05_s1_soc10_b2p5,p240_k05_s1_soc10_b2p5,arc_flow,k05_s1,5,1,p240,240.0,240.0,10.0,2.5,soc10_b2p5,commensurate,True,10.0,10.0,0.0,105,5,fc10ac0707becb960364e76b8c1e1c414d5d5639cbc3b7dadaf67a77e03f5322,/workspace/results/resolution_cost_local_20260820/outputs/af_p240_k05_s1_soc10_b2p5.json,False,missing,False,,,,96227,,,,,,,,,,,,0,,,,,,,,False,,,,,,,False,,
rc_p240_k05_s1_soc2p5_b2p5,p240_k05_s1_soc2p5_b2p5,exact_cg,k05_s1,5,1,p240,240.0,240.0,2.5,2.5,soc2p5_b2p5,commensurate,True,10.0,10.0,0.0,105,5,fc10ac0707becb960364e76b8c1e1c414d5d5639cbc3b7dadaf67a77e03f5322,/workspace/results/resolution_cost_local_20260820/outputs/rc_p240_k05_s1_soc2p5_b2p5.json,False,missing,False,,,,373355,,,,,,,,,,,0.0,0,0,0,0,,,,,,,,,,,,False,,
af_p240_k05_s1_soc2p5_b2p5,p240_k05_s1_soc2p5_b2p5,arc_flow,k05_s1,5,1,p240,240.0,240.0,2.5,2.5,soc2p5_b2p5,commensurate,True,10.0,10.0,0.0,105,5,fc10ac0707becb960364e76b8c1e1c414d5d5639cbc3b7dadaf67a77e03f5322,/workspace/results/resolution_cost_local_20260820/outputs/af_p240_k05_s1_soc2p5_b2p5.json,False,missing,False,,,,373355,,,,,,,,,,,,0,,,,,,,,False,,,,,,,False,,
rc_p240_k05_s2_soc15_b10,p240_k05_s2_soc15_b10,exact_cg,k05_s2,5,2,p240,240.0,240.0,15.0,10.0,soc15_b10,historical_anchor,False,40.0,30.0,10.0,101,5,6ffea0b8cd3a9d15846946f6828705dd3431b7bafc69bd572ca30ed4530d5cb8,/workspace/results/resolution_cost_local_20260820/outputs/rc_p240_k05_s2_soc15_b10.json,False,missing,False,,,,17631,,,,,,,,,,,0.0,0,0,0,0,,,,,,,,,,,,False,,
af_p240_k05_s2_soc15_b10,p240_k05_s2_soc15_b10,arc_flow,k05_s2,5,2,p240,240.0,240.0,15.0,10.0,soc15_b10,historical_anchor,False,40.0,30.0,10.0,101,5,6ffea0b8cd3a9d15846946f6828705dd3431b7bafc69bd572ca30ed4530d5cb8,/workspace/results/resolution_cost_local_20260820/outputs/af_p240_k05_s2_soc15_b10.json,False,missing,False,,,,17631,,,,,,,,,,,,0,,,,,,,,False,,,,,,,False,,
rc_p240_k05_s2_soc10_b10,p240_k05_s2_soc10_b10,exact_cg,k05_s2,5,2,p240,240.0,240.0,10.0,10.0,soc10_b10,commensurate,True,40.0,40.0,0.0,101,5,6ffea0b8cd3a9d15846946f6828705dd3431b7bafc69bd572ca30ed4530d5cb8,/workspace/results/resolution_cost_local_20260820/outputs/rc_p240_k05_s2_soc10_b10.json,False,missing,False,,,,25927,,,,,,,,,,,0.0,0,0,0,0,,,,,,,,,,,,False,,
af_p240_k05_s2_soc10_b10,p240_k05_s2_soc10_b10,arc_flow,k05_s2,5,2,p240,240.0,240.0,10.0,10.0,soc10_b10,commensurate,True,40.0,40.0,0.0,101,5,6ffea0b8cd3a9d15846946f6828705dd3431b7bafc69bd572ca30ed4530d5cb8,/workspace/results/resolution_cost_local_20260820/outputs/af_p240_k05_s2_soc10_b10.json,False,missing,False,,,,25927,,,,,,,,,,,,0,,,,,,,,False,,,,,,,False,,
rc_p240_k05_s2_soc2p5_b10,p240_k05_s2_soc2p5_b10,exact_cg,k05_s2,5,2,p240,240.0,240.0,2.5,10.0,soc2p5_b10,commensurate,True,40.0,40.0,0.0,101,5,6ffea0b8cd3a9d15846946f6828705dd3431b7bafc69bd572ca30ed4530d5cb8,/workspace/results/resolution_cost_local_20260820/outputs/rc_p240_k05_s2_soc2p5_b10.json,False,missing,False,,,,100591,,,,,,,,,,,0.0,0,0,0,0,,,,,,,,,,,,False,,
af_p240_k05_s2_soc2p5_b10,p240_k05_s2_soc2p5_b10,arc_flow,k05_s2,5,2,p240,240.0,240.0,2.5,10.0,soc2p5_b10,commensurate,True,40.0,40.0,0.0,101,5,6ffea0b8cd3a9d15846946f6828705dd3431b7bafc69bd572ca30ed4530d5cb8,/workspace/results/resolution_cost_local_20260820/outputs/af_p240_k05_s2_soc2p5_b10.json,False,missing,False,,,,100591,,,,,,,,,,,,0,,,,,,,,False,,,,,,,False,,
rc_p240_k05_s2_soc10_b5,p240_k05_s2_soc10_b5,exact_cg,k05_s2,5,2,p240,240.0,240.0,10.0,5.0,soc10_b5,commensurate,True,20.0,20.0,0.0,101,5,6ffea0b8cd3a9d15846946f6828705dd3431b7bafc69bd572ca30ed4530d5cb8,/workspace/results/resolution_cost_local_20260820/outputs/rc_p240_k05_s2_soc10_b5.json,False,missing,False,,,,49327,,,,,,,,,,,0.0,0,0,0,0,,,,,,,,,,,,False,,
af_p240_k05_s2_soc10_b5,p240_k05_s2_soc10_b5,arc_flow,k05_s2,5,2,p240,240.0,240.0,10.0,5.0,soc10_b5,commensurate,True,20.0,20.0,0.0,101,5,6ffea0b8cd3a9d15846946f6828705dd3431b7bafc69bd572ca30ed4530d5cb8,/workspace/results/resolution_cost_local_20260820/outputs/af_p240_k05_s2_soc10_b5.json,False,missing,False,,,,49327,,,,,,,,,,,,0,,,,,,,,False,,,,,,,False,,
rc_p240_k05_s2_soc2p5_b5,p240_k05_s2_soc2p5_b5,exact_cg,k05_s2,5,2,p240,240.0,240.0,2.5,5.0,soc2p5_b5,commensurate,True,20.0,20.0,0.0,101,5,6ffea0b8cd3a9d15846946f6828705dd3431b7bafc69bd572ca30ed4530d5cb8,/workspace/results/resolution_cost_local_20260820/outputs/rc_p240_k05_s2_soc2p5_b5.json,False,missing,False,,,,191383,,,,,,,,,,,0.0,0,0,0,0,,,,,,,,,,,,False,,
af_p240_k05_s2_soc2p5_b5,p240_k05_s2_soc2p5_b5,arc_flow,k05_s2,5,2,p240,240.0,240.0,2.5,5.0,soc2p5_b5,commensurate,True,20.0,20.0,0.0,101,5,6ffea0b8cd3a9d15846946f6828705dd3431b7bafc69bd572ca30ed4530d5cb8,/workspace/results/resolution_cost_local_20260820/outputs/af_p240_k05_s2_soc2p5_b5.json,False,missing,False,,,,191383,,,,,,,,,,,,0,,,,,,,,False,,,,,,,False,,
rc_p240_k05_s2_soc10_b2p5,p240_k05_s2_soc10_b2p5,exact_cg,k05_s2,5,2,p240,240.0,240.0,10.0,2.5,soc10_b2p5,commensurate,True,10.0,10.0,0.0,101,5,6ffea0b8cd3a9d15846946f6828705dd3431b7bafc69bd572ca30ed4530d5cb8,/workspace/results/resolution_cost_local_20260820/outputs/rc_p240_k05_s2_soc10_b2p5.json,False,missing,False,,,,96127,,,,,,,,,,,0.0,0,0,0,0,,,,,,,,,,,,False,,
af_p240_k05_s2_soc10_b2p5,p240_k05_s2_soc10_b2p5,arc_flow,k05_s2,5,2,p240,240.0,240.0,10.0,2.5,soc10_b2p5,commensurate,True,10.0,10.0,0.0,101,5,6ffea0b8cd3a9d15846946f6828705dd3431b7bafc69bd572ca30ed4530d5cb8,/workspace/results/resolution_cost_local_20260820/outputs/af_p240_k05_s2_soc10_b2p5.json,False,missing,False,,,,96127,,,,,,,,,,,,0,,,,,,,,False,,,,,,,False,,
rc_p240_k05_s2_soc2p5_b2p5,p240_k05_s2_soc2p5_b2p5,exact_cg,k05_s2,5,2,p240,240.0,240.0,2.5,2.5,soc2p5_b2p5,commensurate,True,10.0,10.0,0.0,101,5,6ffea0b8cd3a9d15846946f6828705dd3431b7bafc69bd572ca30ed4530d5cb8,/workspace/results/resolution_cost_local_20260820/outputs/rc_p240_k05_s2_soc2p5_b2p5.json,False,missing,False,,,,372967,,,,,,,,,,,0.0,0,0,0,0,,,,,,,,,,,,False,,
af_p240_k05_s2_soc2p5_b2p5,p240_k05_s2_soc2p5_b2p5,arc_flow,k05_s2,5,2,p240,240.0,240.0,2.5,2.5,soc2p5_b2p5,commensurate,True,10.0,10.0,0.0,101,5,6ffea0b8cd3a9d15846946f6828705dd3431b7bafc69bd572ca30ed4530d5cb8,/workspace/results/resolution_cost_local_20260820/outputs/af_p240_k05_s2_soc2p5_b2p5.json,False,missing,False,,,,372967,,,,,,,,,,,,0,,,,,,,,False,,,,,,,False,,
rc_p240_k05_s3_soc15_b10,p240_k05_s3_soc15_b10,exact_cg,k05_s3,5,3,p240,240.0,240.0,15.0,10.0,soc15_b10,historical_anchor,False,40.0,30.0,10.0,125,5,4a783b4f96ec47e28a693b921d51a4453ecfb1107d8c181a7739f42c41fd8500,/workspace/results/resolution_cost_local_20260820/outputs/rc_p240_k05_s3_soc15_b10.json,False,missing,False,,,,18039,,,,,,,,,,,0.0,0,0,0,0,,,,,,,,,,,,False,,
af_p240_k05_s3_soc15_b10,p240_k05_s3_soc15_b10,arc_flow,k05_s3,5,3,p240,240.0,240.0,15.0,10.0,soc15_b10,historical_anchor,False,40.0,30.0,10.0,125,5,4a783b4f96ec47e28a693b921d51a4453ecfb1107d8c181a7739f42c41fd8500,/workspace/results/resolution_cost_local_20260820/outputs/af_p240_k05_s3_soc15_b10.json,False,missing,False,,,,18039,,,,,,,,,,,,0,,,,,,,,False,,,,,,,False,,
rc_p240_k05_s3_soc10_b10,p240_k05_s3_soc10_b10,exact_cg,k05_s3,5,3,p240,240.0,240.0,10.0,10.0,soc10_b10,commensurate,True,40.0,40.0,0.0,125,5,4a783b4f96ec47e28a693b921d51a4453ecfb1107d8c181a7739f42c41fd8500,/workspace/results/resolution_cost_local_20260820/outputs/rc_p240_k05_s3_soc10_b10.json,False,missing,False,,,,26527,,,,,,,,,,,0.0,0,0,0,0,,,,,,,,,,,,False,,
af_p240_k05_s3_soc10_b10,p240_k05_s3_soc10_b10,arc_flow,k05_s3,5,3,p240,240.0,240.0,10.0,10.0,soc10_b10,commensurate,True,40.0,40.0,0.0,125,5,4a783b4f96ec47e28a693b921d51a4453ecfb1107d8c181a7739f42c41fd8500,/workspace/results/resolution_cost_local_20260820/outputs/af_p240_k05_s3_soc10_b10.json,False,missing,False,,,,26527,,,,,,,,,,,,0,,,,,,,,False,,,,,,,False,,
rc_p240_k05_s3_soc2p5_b10,p240_k05_s3_soc2p5_b10,exact_cg,k05_s3,5,3,p240,240.0,240.0,2.5,10.0,soc2p5_b10,commensurate,True,40.0,40.0,0.0,125,5,4a783b4f96ec47e28a693b921d51a4453ecfb1107d8c181a7739f42c41fd8500,/workspace/results/resolution_cost_local_20260820/outputs/rc_p240_k05_s3_soc2p5_b10.json,False,missing,False,,,,102919,,,,,,,,,,,0.0,0,0,0,0,,,,,,,,,,,,False,,
af_p240_k05_s3_soc2p5_b10,p240_k05_s3_soc2p5_b10,arc_flow,k05_s3,5,3,p240,240.0,240.0,2.5,10.0,soc2p5_b10,commensurate,True,40.0,40.0,0.0,125,5,4a783b4f96ec47e28a693b921d51a4453ecfb1107d8c181a7739f42c41fd8500,/workspace/results/resolution_cost_local_20260820/outputs/af_p240_k05_s3_soc2p5_b10.json,False,missing,False,,,,102919,,,,,,,,,,,,0,,,,,,,,False,,,,,,,False,,
rc_p240_k05_s3_soc10_b5,p240_k05_s3_soc10_b5,exact_cg,k05_s3,5,3,p240,240.0,240.0,10.0,5.0,soc10_b5,commensurate,True,20.0,20.0,0.0,125,5,4a783b4f96ec47e28a693b921d51a4453ecfb1107d8c181a7739f42c41fd8500,/workspace/results/resolution_cost_local_20260820/outputs/rc_p240_k05_s3_soc10_b5.json,False,missing,False,,,,49927,,,,,,,,,,,0.0,0,0,0,0,,,,,,,,,,,,False,,
af_p240_k05_s3_soc10_b5,p240_k05_s3_soc10_b5,arc_flow,k05_s3,5,3,p240,240.0,240.0,10.0,5.0,soc10_b5,commensurate,True,20.0,20.0,0.0,125,5,4a783b4f96ec47e28a693b921d51a4453ecfb1107d8c181a7739f42c41fd8500,/workspace/results/resolution_cost_local_20260820/outputs/af_p240_k05_s3_soc10_b5.json,False,missing,False,,,,49927,,,,,,,,,,,,0,,,,,,,,False,,,,,,,False,,
rc_p240_k05_s3_soc2p5_b5,p240_k05_s3_soc2p5_b5,exact_cg,k05_s3,5,3,p240,240.0,240.0,2.5,5.0,soc2p5_b5,commensurate,True,20.0,20.0,0.0,125,5,4a783b4f96ec47e28a693b921d51a4453ecfb1107d8c181a7739f42c41fd8500,/workspace/results/resolution_cost_local_20260820/outputs/rc_p240_k05_s3_soc2p5_b5.json,False,missing,False,,,,193711,,,,,,,,,,,0.0,0,0,0,0,,,,,,,,,,,,False,,
af_p240_k05_s3_soc2p5_b5,p240_k05_s3_soc2p5_b5,arc_flow,k05_s3,5,3,p240,240.0,240.0,2.5,5.0,soc2p5_b5,commensurate,True,20.0,20.0,0.0,125,5,4a783b4f96ec47e28a693b921d51a4453ecfb1107d8c181a7739f42c41fd8500,/workspace/results/resolution_cost_local_20260820/outputs/af_p240_k05_s3_soc2p5_b5.json,False,missing,False,,,,193711,,,,,,,,,,,,0,,,,,,,,False,,,,,,,False,,
rc_p240_k05_s3_soc10_b2p5,p240_k05_s3_soc10_b2p5,exact_cg,k05_s3,5,3,p240,240.0,240.0,10.0,2.5,soc10_b2p5,commensurate,True,10.0,10.0,0.0,125,5,4a783b4f96ec47e28a693b921d51a4453ecfb1107d8c181a7739f42c41fd8500,/workspace/results/resolution_cost_local_20260820/outputs/rc_p240_k05_s3_soc10_b2p5.json,False,missing,False,,,,96727,,,,,,,,,,,0.0,0,0,0,0,,,,,,,,,,,,False,,
af_p240_k05_s3_soc10_b2p5,p240_k05_s3_soc10_b2p5,arc_flow,k05_s3,5,3,p240,240.0,240.0,10.0,2.5,soc10_b2p5,commensurate,True,10.0,10.0,0.0,125,5,4a783b4f96ec47e28a693b921d51a4453ecfb1107d8c181a7739f42c41fd8500,/workspace/results/resolution_cost_local_20260820/outputs/af_p240_k05_s3_soc10_b2p5.json,False,missing,False,,,,96727,,,,,,,,,,,,0,,,,,,,,False,,,,,,,False,,
rc_p240_k05_s3_soc2p5_b2p5,p240_k05_s3_soc2p5_b2p5,exact_cg,k05_s3,5,3,p240,240.0,240.0,2.5,2.5,soc2p5_b2p5,commensurate,True,10.0,10.0,0.0,125,5,4a783b4f96ec47e28a693b921d51a4453ecfb1107d8c181a7739f42c41fd8500,/workspace/results/resolution_cost_local_20260820/outputs/rc_p240_k05_s3_soc2p5_b2p5.json,False,missing,False,,,,375295,,,,,,,,,,,0.0,0,0,0,0,,,,,,,,,,,,False,,
af_p240_k05_s3_soc2p5_b2p5,p240_k05_s3_soc2p5_b2p5,arc_flow,k05_s3,5,3,p240,240.0,240.0,2.5,2.5,soc2p5_b2p5,commensurate,True,10.0,10.0,0.0,125,5,4a783b4f96ec47e28a693b921d51a4453ecfb1107d8c181a7739f42c41fd8500,/workspace/results/resolution_cost_local_20260820/outputs/af_p240_k05_s3_soc2p5_b2p5.json,False,missing,False,,,,375295,,,,,,,,,,,,0,,,,,,,,False,,,,,,,False,,
rc_p240_k08_s1_soc15_b10,p240_k08_s1_soc15_b10,exact_cg,k08_s1,8,1,p240,240.0,240.0,15.0,10.0,soc15_b10,historical_anchor,False,40.0,30.0,10.0,203,8,5a26312461037c4273f16b60db985423e6189171a0fb75f8ea0ee85316e3f4d4,/workspace/results/resolution_cost_local_20260820/outputs/rc_p240_k08_s1_soc15_b10.json,False,missing,False,,,,19365,,,,,,,,,,,0.0,0,0,0,0,,,,,,,,,,,,False,,
af_p240_k08_s1_soc15_b10,p240_k08_s1_soc15_b10,arc_flow,k08_s1,8,1,p240,240.0,240.0,15.0,10.0,soc15_b10,historical_anchor,False,40.0,30.0,10.0,203,8,5a26312461037c4273f16b60db985423e6189171a0fb75f8ea0ee85316e3f4d4,/workspace/results/resolution_cost_local_20260820/outputs/af_p240_k08_s1_soc15_b10.json,False,missing,False,,,,19365,,,,,,,,,,,,0,,,,,,,,False,,,,,,,False,,
rc_p240_k08_s1_soc10_b10,p240_k08_s1_soc10_b10,exact_cg,k08_s1,8,1,p240,240.0,240.0,10.0,10.0,soc10_b10,commensurate,True,40.0,40.0,0.0,203,8,5a26312461037c4273f16b60db985423e6189171a0fb75f8ea0ee85316e3f4d4,/workspace/results/resolution_cost_local_20260820/outputs/rc_p240_k08_s1_soc10_b10.json,False,missing,False,,,,28477,,,,,,,,,,,0.0,0,0,0,0,,,,,,,,,,,,False,,
af_p240_k08_s1_soc10_b10,p240_k08_s1_soc10_b10,arc_flow,k08_s1,8,1,p240,240.0,240.0,10.0,10.0,soc10_b10,commensurate,True,40.0,40.0,0.0,203,8,5a26312461037c4273f16b60db985423e6189171a0fb75f8ea0ee85316e3f4d4,/workspace/results/resolution_cost_local_20260820/outputs/af_p240_k08_s1_soc10_b10.json,False,missing,False,,,,28477,,,,,,,,,,,,0,,,,,,,,False,,,,,,,False,,
rc_p240_k08_s1_soc2p5_b10,p240_k08_s1_soc2p5_b10,exact_cg,k08_s1,8,1,p240,240.0,240.0,2.5,10.0,soc2p5_b10,commensurate,True,40.0,40.0,0.0,203,8,5a26312461037c4273f16b60db985423e6189171a0fb75f8ea0ee85316e3f4d4,/workspace/results/resolution_cost_local_20260820/outputs/rc_p240_k08_s1_soc2p5_b10.json,False,missing,False,,,,110485,,,,,,,,,,,0.0,0,0,0,0,,,,,,,,,,,,False,,
af_p240_k08_s1_soc2p5_b10,p240_k08_s1_soc2p5_b10,arc_flow,k08_s1,8,1,p240,240.0,240.0,2.5,10.0,soc2p5_b10,commensurate,True,40.0,40.0,0.0,203,8,5a26312461037c4273f16b60db985423e6189171a0fb75f8ea0ee85316e3f4d4,/workspace/results/resolution_cost_local_20260820/outputs/af_p240_k08_s1_soc2p5_b10.json,False,missing,False,,,,110485,,,,,,,,,,,,0,,,,,,,,False,,,,,,,False,,
rc_p240_k08_s1_soc10_b5,p240_k08_s1_soc10_b5,exact_cg,k08_s1,8,1,p240,240.0,240.0,10.0,5.0,soc10_b5,commensurate,True,20.0,20.0,0.0,203,8,5a26312461037c4273f16b60db985423e6189171a0fb75f8ea0ee85316e3f4d4,/workspace/results/resolution_cost_local_20260820/outputs/rc_p240_k08_s1_soc10_b5.json,False,missing,False,,,,51877,,,,,,,,,,,0.0,0,0,0,0,,,,,,,,,,,,False,,
af_p240_k08_s1_soc10_b5,p240_k08_s1_soc10_b5,arc_flow,k08_s1,8,1,p240,240.0,240.0,10.0,5.0,soc10_b5,commensurate,True,20.0,20.0,0.0,203,8,5a26312461037c4273f16b60db985423e6189171a0fb75f8ea0ee85316e3f4d4,/workspace/results/resolution_cost_local_20260820/outputs/af_p240_k08_s1_soc10_b5.json,False,missing,False,,,,51877,,,,,,,,,,,,0,,,,,,,,False,,,,,,,False,,
rc_p240_k08_s1_soc2p5_b5,p240_k08_s1_soc2p5_b5,exact_cg,k08_s1,8,1,p240,240.0,240.0,2.5,5.0,soc2p5_b5,commensurate,True,20.0,20.0,0.0,203,8,5a26312461037c4273f16b60db985423e6189171a0fb75f8ea0ee85316e3f4d4,/workspace/results/resolution_cost_local_20260820/outputs/rc_p240_k08_s1_soc2p5_b5.json,False,missing,False,,,,201277,,,,,,,,,,,0.0,0,0,0,0,,,,,,,,,,,,False,,
af_p240_k08_s1_soc2p5_b5,p240_k08_s1_soc2p5_b5,arc_flow,k08_s1,8,1,p240,240.0,240.0,2.5,5.0,soc2p5_b5,commensurate,True,20.0,20.0,0.0,203,8,5a26312461037c4273f16b60db985423e6189171a0fb75f8ea0ee85316e3f4d4,/workspace/results/resolution_cost_local_20260820/outputs/af_p240_k08_s1_soc2p5_b5.json,False,missing,False,,,,201277,,,,,,,,,,,,0,,,,,,,,False,,,,,,,False,,
rc_p240_k08_s1_soc10_b2p5,p240_k08_s1_soc10_b2p5,exact_cg,k08_s1,8,1,p240,240.0,240.0,10.0,2.5,soc10_b2p5,commensurate,True,10.0,10.0,0.0,203,8,5a26312461037c4273f16b60db985423e6189171a0fb75f8ea0ee85316e3f4d4,/workspace/results/resolution_cost_local_20260820/outputs/rc_p240_k08_s1_soc10_b2p5.json,False,missing,False,,,,98677,,,,,,,,,,,0.0,0,0,0,0,,,,,,,,,,,,False,,
af_p240_k08_s1_soc10_b2p5,p240_k08_s1_soc10_b2p5,arc_flow,k08_s1,8,1,p240,240.0,240.0,10.0,2.5,soc10_b2p5,commensurate,True,10.0,10.0,0.0,203,8,5a26312461037c4273f16b60db985423e6189171a0fb75f8ea0ee85316e3f4d4,/workspace/results/resolution_cost_local_20260820/outputs/af_p240_k08_s1_soc10_b2p5.json,False,missing,False,,,,98677,,,,,,,,,,,,0,,,,,,,,False,,,,,,,False,,
rc_p240_k08_s1_soc2p5_b2p5,p240_k08_s1_soc2p5_b2p5,exact_cg,k08_s1,8,1,p240,240.0,240.0,2.5,2.5,soc2p5_b2p5,commensurate,True,10.0,10.0,0.0,203,8,5a26312461037c4273f16b60db985423e6189171a0fb75f8ea0ee85316e3f4d4,/workspace/results/resolution_cost_local_20260820/outputs/rc_p240_k08_s1_soc2p5_b2p5.json,False,missing,False,,,,382861,,,,,,,,,,,0.0,0,0,0,0,,,,,,,,,,,,False,,
af_p240_k08_s1_soc2p5_b2p5,p240_k08_s1_soc2p5_b2p5,arc_flow,k08_s1,8,1,p240,240.0,240.0,2.5,2.5,soc2p5_b2p5,commensurate,True,10.0,10.0,0.0,203,8,5a26312461037c4273f16b60db985423e6189171a0fb75f8ea0ee85316e3f4d4,/workspace/results/resolution_cost_local_20260820/outputs/af_p240_k08_s1_soc2p5_b2p5.json,False,missing,False,,,,382861,,,,,,,,,,,,0,,,,,,,,False,,,,,,,False,,
rc_p240_k08_s2_soc15_b10,p240_k08_s2_soc15_b10,exact_cg,k08_s2,8,2,p240,240.0,240.0,15.0,10.0,soc15_b10,historical_anchor,False,40.0,30.0,10.0,183,8,0d368920af0c5b14e0907b85977a9f72163a0cea6431c206f992e89aa31eb27f,/workspace/results/resolution_cost_local_20260820/outputs/rc_p240_k08_s2_soc15_b10.json,False,missing,False,,,,19025,,,,,,,,,,,0.0,0,0,0,0,,,,,,,,,,,,False,,
af_p240_k08_s2_soc15_b10,p240_k08_s2_soc15_b10,arc_flow,k08_s2,8,2,p240,240.0,240.0,15.0,10.0,soc15_b10,historical_anchor,False,40.0,30.0,10.0,183,8,0d368920af0c5b14e0907b85977a9f72163a0cea6431c206f992e89aa31eb27f,/workspace/results/resolution_cost_local_20260820/outputs/af_p240_k08_s2_soc15_b10.json,False,missing,False,,,,19025,,,,,,,,,,,,0,,,,,,,,False,,,,,,,False,,
rc_p240_k08_s2_soc10_b10,p240_k08_s2_soc10_b10,exact_cg,k08_s2,8,2,p240,240.0,240.0,10.0,10.0,soc10_b10,commensurate,True,40.0,40.0,0.0,183,8,0d368920af0c5b14e0907b85977a9f72163a0cea6431c206f992e89aa31eb27f,/workspace/results/resolution_cost_local_20260820/outputs/rc_p240_k08_s2_soc10_b10.json,False,missing,False,,,,27977,,,,,,,,,,,0.0,0,0,0,0,,,,,,,,,,,,False,,
af_p240_k08_s2_soc10_b10,p240_k08_s2_soc10_b10,arc_flow,k08_s2,8,2,p240,240.0,240.0,10.0,10.0,soc10_b10,commensurate,True,40.0,40.0,0.0,183,8,0d368920af0c5b14e0907b85977a9f72163a0cea6431c206f992e89aa31eb27f,/workspace/results/resolution_cost_local_20260820/outputs/af_p240_k08_s2_soc10_b10.json,False,missing,False,,,,27977,,,,,,,,,,,,0,,,,,,,,False,,,,,,,False,,
rc_p240_k08_s2_soc2p5_b10,p240_k08_s2_soc2p5_b10,exact_cg,k08_s2,8,2,p240,240.0,240.0,2.5,10.0,soc2p5_b10,commensurate,True,40.0,40.0,0.0,183,8,0d368920af0c5b14e0907b85977a9f72163a0cea6431c206f992e89aa31eb27f,/workspace/results/resolution_cost_local_20260820/outputs/rc_p240_k08_s2_soc2p5_b10.json,False,missing,False,,,,108545,,,,,,,,,,,0.0,0,0,0,0,,,,,,,,,,,,False,,
af_p240_k08_s2_soc2p5_b10,p240_k08_s2_soc2p5_b10,arc_flow,k08_s2,8,2,p240,240.0,240.0,2.5,10.0,soc2p5_b10,commensurate,True,40.0,40.0,0.0,183,8,0d368920af0c5b14e0907b85977a9f72163a0cea6431c206f992e89aa31eb27f,/workspace/results/resolution_cost_local_20260820/outputs/af_p240_k08_s2_soc2p5_b10.json,False,missing,False,,,,108545,,,,,,,,,,,,0,,,,,,,,False,,,,,,,False,,
rc_p240_k08_s2_soc10_b5,p240_k08_s2_soc10_b5,exact_cg,k08_s2,8,2,p240,240.0,240.0,10.0,5.0,soc10_b5,commensurate,True,20.0,20.0,0.0,183,8,0d368920af0c5b14e0907b85977a9f72163a0cea6431c206f992e89aa31eb27f,/workspace/results/resolution_cost_local_20260820/outputs/rc_p240_k08_s2_soc10_b5.json,False,missing,False,,,,51377,,,,,,,,,,,0.0,0,0,0,0,,,,,,,,,,,,False,,
af_p240_k08_s2_soc10_b5,p240_k08_s2_soc10_b5,arc_flow,k08_s2,8,2,p240,240.0,240.0,10.0,5.0,soc10_b5,commensurate,True,20.0,20.0,0.0,183,8,0d368920af0c5b14e0907b85977a9f72163a0cea6431c206f992e89aa31eb27f,/workspace/results/resolution_cost_local_20260820/outputs/af_p240_k08_s2_soc10_b5.json,False,missing,False,,,,51377,,,,,,,,,,,,0,,,,,,,,False,,,,,,,False,,
rc_p240_k08_s2_soc2p5_b5,p240_k08_s2_soc2p5_b5,exact_cg,k08_s2,8,2,p240,240.0,240.0,2.5,5.0,soc2p5_b5,commensurate,True,20.0,20.0,0.0,183,8,0d368920af0c5b14e0907b85977a9f72163a0cea6431c206f992e89aa31eb27f,/workspace/results/resolution_cost_local_20260820/outputs/rc_p240_k08_s2_soc2p5_b5.json,False,missing,False,,,,199337,,,,,,,,,,,0.0,0,0,0,0,,,,,,,,,,,,False,,
af_p240_k08_s2_soc2p5_b5,p240_k08_s2_soc2p5_b5,arc_flow,k08_s2,8,2,p240,240.0,240.0,2.5,5.0,soc2p5_b5,commensurate,True,20.0,20.0,0.0,183,8,0d368920af0c5b14e0907b85977a9f72163a0cea6431c206f992e89aa31eb27f,/workspace/results/resolution_cost_local_20260820/outputs/af_p240_k08_s2_soc2p5_b5.json,False,missing,False,,,,199337,,,,,,,,,,,,0,,,,,,,,False,,,,,,,False,,
rc_p240_k08_s2_soc10_b2p5,p240_k08_s2_soc10_b2p5,exact_cg,k08_s2,8,2,p240,240.0,240.0,10.0,2.5,soc10_b2p5,commensurate,True,10.0,10.0,0.0,183,8,0d368920af0c5b14e0907b85977a9f72163a0cea6431c206f992e89aa31eb27f,/workspace/results/resolution_cost_local_20260820/outputs/rc_p240_k08_s2_soc10_b2p5.json,False,missing,False,,,,98177,,,,,,,,,,,0.0,0,0,0,0,,,,,,,,,,,,False,,
af_p240_k08_s2_soc10_b2p5,p240_k08_s2_soc10_b2p5,arc_flow,k08_s2,8,2,p240,240.0,240.0,10.0,2.5,soc10_b2p5,commensurate,True,10.0,10.0,0.0,183,8,0d368920af0c5b14e0907b85977a9f72163a0cea6431c206f992e89aa31eb27f,/workspace/results/resolution_cost_local_20260820/outputs/af_p240_k08_s2_soc10_b2p5.json,False,missing,False,,,,98177,,,,,,,,,,,,0,,,,,,,,False,,,,,,,False,,
rc_p240_k08_s2_soc2p5_b2p5,p240_k08_s2_soc2p5_b2p5,exact_cg,k08_s2,8,2,p240,240.0,240.0,2.5,2.5,soc2p5_b2p5,commensurate,True,10.0,10.0,0.0,183,8,0d368920af0c5b14e0907b85977a9f72163a0cea6431c206f992e89aa31eb27f,/workspace/results/resolution_cost_local_20260820/outputs/rc_p240_k08_s2_soc2p5_b2p5.json,False,missing,False,,,,380921,,,,,,,,,,,0.0,0,0,0,0,,,,,,,,,,,,False,,
af_p240_k08_s2_soc2p5_b2p5,p240_k08_s2_soc2p5_b2p5,arc_flow,k08_s2,8,2,p240,240.0,240.0,2.5,2.5,soc2p5_b2p5,commensurate,True,10.0,10.0,0.0,183,8,0d368920af0c5b14e0907b85977a9f72163a0cea6431c206f992e89aa31eb27f,/workspace/results/resolution_cost_local_20260820/outputs/af_p240_k08_s2_soc2p5_b2p5.json,False,missing,False,,,,380921,,,,,,,,,,,,0,,,,,,,,False,,,,,,,False,,
rc_p240_k08_s3_soc15_b10,p240_k08_s3_soc15_b10,exact_cg,k08_s3,8,3,p240,240.0,240.0,15.0,10.0,soc15_b10,historical_anchor,False,40.0,30.0,10.0,159,8,0576894030c0dadd6218f14cc2791f8f727d4bc880c0e26ec295db5a7fcdf9a9,/workspace/results/resolution_cost_local_20260820/outputs/rc_p240_k08_s3_soc15_b10.json,False,missing,False,,,,18617,,,,,,,,,,,0.0,0,0,0,0,,,,,,,,,,,,False,,
af_p240_k08_s3_soc15_b10,p240_k08_s3_soc15_b10,arc_flow,k08_s3,8,3,p240,240.0,240.0,15.0,10.0,soc15_b10,historical_anchor,False,40.0,30.0,10.0,159,8,0576894030c0dadd6218f14cc2791f8f727d4bc880c0e26ec295db5a7fcdf9a9,/workspace/results/resolution_cost_local_20260820/outputs/af_p240_k08_s3_soc15_b10.json,False,missing,False,,,,18617,,,,,,,,,,,,0,,,,,,,,False,,,,,,,False,,
rc_p240_k08_s3_soc10_b10,p240_k08_s3_soc10_b10,exact_cg,k08_s3,8,3,p240,240.0,240.0,10.0,10.0,soc10_b10,commensurate,True,40.0,40.0,0.0,159,8,0576894030c0dadd6218f14cc2791f8f727d4bc880c0e26ec295db5a7fcdf9a9,/workspace/results/resolution_cost_local_20260820/outputs/rc_p240_k08_s3_soc10_b10.json,False,missing,False,,,,27377,,,,,,,,,,,0.0,0,0,0,0,,,,,,,,,,,,False,,
af_p240_k08_s3_soc10_b10,p240_k08_s3_soc10_b10,arc_flow,k08_s3,8,3,p240,240.0,240.0,10.0,10.0,soc10_b10,commensurate,True,40.0,40.0,0.0,159,8,0576894030c0dadd6218f14cc2791f8f727d4bc880c0e26ec295db5a7fcdf9a9,/workspace/results/resolution_cost_local_20260820/outputs/af_p240_k08_s3_soc10_b10.json,False,missing,False,,,,27377,,,,,,,,,,,,0,,,,,,,,False,,,,,,,False,,
rc_p240_k08_s3_soc2p5_b10,p240_k08_s3_soc2p5_b10,exact_cg,k08_s3,8,3,p240,240.0,240.0,2.5,10.0,soc2p5_b10,commensurate,True,40.0,40.0,0.0,159,8,0576894030c0dadd6218f14cc2791f8f727d4bc880c0e26ec295db5a7fcdf9a9,/workspace/results/resolution_cost_local_20260820/outputs/rc_p240_k08_s3_soc2p5_b10.json,False,missing,False,,,,106217,,,,,,,,,,,0.0,0,0,0,0,,,,,,,,,,,,False,,
af_p240_k08_s3_soc2p5_b10,p240_k08_s3_soc2p5_b10,arc_flow,k08_s3,8,3,p240,240.0,240.0,2.5,10.0,soc2p5_b10,commensurate,True,40.0,40.0,0.0,159,8,0576894030c0dadd6218f14cc2791f8f727d4bc880c0e26ec295db5a7fcdf9a9,/workspace/results/resolution_cost_local_20260820/outputs/af_p240_k08_s3_soc2p5_b10.json,False,missing,False,,,,106217,,,,,,,,,,,,0,,,,,,,,False,,,,,,,False,,
rc_p240_k08_s3_soc10_b5,p240_k08_s3_soc10_b5,exact_cg,k08_s3,8,3,p240,240.0,240.0,10.0,5.0,soc10_b5,commensurate,True,20.0,20.0,0.0,159,8,0576894030c0dadd6218f14cc2791f8f727d4bc880c0e26ec295db5a7fcdf9a9,/workspace/results/resolution_cost_local_20260820/outputs/rc_p240_k08_s3_soc10_b5.json,False,missing,False,,,,50777,,,,,,,,,,,0.0,0,0,0,0,,,,,,,,,,,,False,,
af_p240_k08_s3_soc10_b5,p240_k08_s3_soc10_b5,arc_flow,k08_s3,8,3,p240,240.0,240.0,10.0,5.0,soc10_b5,commensurate,True,20.0,20.0,0.0,159,8,0576894030c0dadd6218f14cc2791f8f727d4bc880c0e26ec295db5a7fcdf9a9,/workspace/results/resolution_cost_local_20260820/outputs/af_p240_k08_s3_soc10_b5.json,False,missing,False,,,,50777,,,,,,,,,,,,0,,,,,,,,False,,,,,,,False,,
rc_p240_k08_s3_soc2p5_b5,p240_k08_s3_soc2p5_b5,exact_cg,k08_s3,8,3,p240,240.0,240.0,2.5,5.0,soc2p5_b5,commensurate,True,20.0,20.0,0.0,159,8,0576894030c0dadd6218f14cc2791f8f727d4bc880c0e26ec295db5a7fcdf9a9,/workspace/results/resolution_cost_local_20260820/outputs/rc_p240_k08_s3_soc2p5_b5.json,False,missing,False,,,,197009,,,,,,,,,,,0.0,0,0,0,0,,,,,,,,,,,,False,,
af_p240_k08_s3_soc2p5_b5,p240_k08_s3_soc2p5_b5,arc_flow,k08_s3,8,3,p240,240.0,240.0,2.5,5.0,soc2p5_b5,commensurate,True,20.0,20.0,0.0,159,8,0576894030c0dadd6218f14cc2791f8f727d4bc880c0e26ec295db5a7fcdf9a9,/workspace/results/resolution_cost_local_20260820/outputs/af_p240_k08_s3_soc2p5_b5.json,False,missing,False,,,,197009,,,,,,,,,,,,0,,,,,,,,False,,,,,,,False,,
rc_p240_k08_s3_soc10_b2p5,p240_k08_s3_soc10_b2p5,exact_cg,k08_s3,8,3,p240,240.0,240.0,10.0,2.5,soc10_b2p5,commensurate,True,10.0,10.0,0.0,159,8,0576894030c0dadd6218f14cc2791f8f727d4bc880c0e26ec295db5a7fcdf9a9,/workspace/results/resolution_cost_local_20260820/outputs/rc_p240_k08_s3_soc10_b2p5.json,False,missing,False,,,,97577,,,,,,,,,,,0.0,0,0,0,0,,,,,,,,,,,,False,,
af_p240_k08_s3_soc10_b2p5,p240_k08_s3_soc10_b2p5,arc_flow,k08_s3,8,3,p240,240.0,240.0,10.0,2.5,soc10_b2p5,commensurate,True,10.0,10.0,0.0,159,8,0576894030c0dadd6218f14cc2791f8f727d4bc880c0e26ec295db5a7fcdf9a9,/workspace/results/resolution_cost_local_20260820/outputs/af_p240_k08_s3_soc10_b2p5.json,False,missing,False,,,,97577,,,,,,,,,,,,0,,,,,,,,False,,,,,,,False,,
rc_p240_k08_s3_soc2p5_b2p5,p240_k08_s3_soc2p5_b2p5,exact_cg,k08_s3,8,3,p240,240.0,240.0,2.5,2.5,soc2p5_b2p5,commensurate,True,10.0,10.0,0.0,159,8,0576894030c0dadd6218f14cc2791f8f727d4bc880c0e26ec295db5a7fcdf9a9,/workspace/results/resolution_cost_local_20260820/outputs/rc_p240_k08_s3_soc2p5_b2p5.json,False,missing,False,,,,378593,,,,,,,,,,,0.0,0,0,0,0,,,,,,,,,,,,False,,
af_p240_k08_s3_soc2p5_b2p5,p240_k08_s3_soc2p5_b2p5,arc_flow,k08_s3,8,3,p240,240.0,240.0,2.5,2.5,soc2p5_b2p5,commensurate,True,10.0,10.0,0.0,159,8,0576894030c0dadd6218f14cc2791f8f727d4bc880c0e26ec295db5a7fcdf9a9,/workspace/results/resolution_cost_local_20260820/outputs/af_p240_k08_s3_soc2p5_b2p5.json,False,missing,False,,,,378593,,,,,,,,,,,,0,,,,,,,,False,,,,,,,False,,
rc_p240_k13_s1_soc15_b10,p240_k13_s1_soc15_b10,exact_cg,k13_s1,13,1,p240,240.0,240.0,15.0,10.0,soc15_b10,historical_anchor,False,40.0,30.0,10.0,289,13,ecbfec1ae18e45fb8246d66dffdc45173bea9dfccc64024224236cc529895127,/workspace/results/resolution_cost_local_20260820/outputs/rc_p240_k13_s1_soc15_b10.json,False,missing,False,,,,20827,,,,,,,,,,,0.0,0,0,0,0,,,,,,,,,,,,False,,
af_p240_k13_s1_soc15_b10,p240_k13_s1_soc15_b10,arc_flow,k13_s1,13,1,p240,240.0,240.0,15.0,10.0,soc15_b10,historical_anchor,False,40.0,30.0,10.0,289,13,ecbfec1ae18e45fb8246d66dffdc45173bea9dfccc64024224236cc529895127,/workspace/results/resolution_cost_local_20260820/outputs/af_p240_k13_s1_soc15_b10.json,False,missing,False,,,,20827,,,,,,,,,,,,0,,,,,,,,False,,,,,,,False,,
rc_p240_k13_s1_soc10_b10,p240_k13_s1_soc10_b10,exact_cg,k13_s1,13,1,p240,240.0,240.0,10.0,10.0,soc10_b10,commensurate,True,40.0,40.0,0.0,289,13,ecbfec1ae18e45fb8246d66dffdc45173bea9dfccc64024224236cc529895127,/workspace/results/resolution_cost_local_20260820/outputs/rc_p240_k13_s1_soc10_b10.json,False,missing,False,,,,30627,,,,,,,,,,,0.0,0,0,0,0,,,,,,,,,,,,False,,
af_p240_k13_s1_soc10_b10,p240_k13_s1_soc10_b10,arc_flow,k13_s1,13,1,p240,240.0,240.0,10.0,10.0,soc10_b10,commensurate,True,40.0,40.0,0.0,289,13,ecbfec1ae18e45fb8246d66dffdc45173bea9dfccc64024224236cc529895127,/workspace/results/resolution_cost_local_20260820/outputs/af_p240_k13_s1_soc10_b10.json,False,missing,False,,,,30627,,,,,,,,,,,,0,,,,,,,,False,,,,,,,False,,
rc_p240_k13_s1_soc2p5_b10,p240_k13_s1_soc2p5_b10,exact_cg,k13_s1,13,1,p240,240.0,240.0,2.5,10.0,soc2p5_b10,commensurate,True,40.0,40.0,0.0,289,13,ecbfec1ae18e45fb8246d66dffdc45173bea9dfccc64024224236cc529895127,/workspace/results/resolution_cost_local_20260820/outputs/rc_p240_k13_s1_soc2p5_b10.json,False,missing,False,,,,118827,,,,,,,,,,,0.0,0,0,0,0,,,,,,,,,,,,False,,
af_p240_k13_s1_soc2p5_b10,p240_k13_s1_soc2p5_b10,arc_flow,k13_s1,13,1,p240,240.0,240.0,2.5,10.0,soc2p5_b10,commensurate,True,40.0,40.0,0.0,289,13,ecbfec1ae18e45fb8246d66dffdc45173bea9dfccc64024224236cc529895127,/workspace/results/resolution_cost_local_20260820/outputs/af_p240_k13_s1_soc2p5_b10.json,False,missing,False,,,,118827,,,,,,,,,,,,0,,,,,,,,False,,,,,,,False,,
rc_p240_k13_s1_soc10_b5,p240_k13_s1_soc10_b5,exact_cg,k13_s1,13,1,p240,240.0,240.0,10.0,5.0,soc10_b5,commensurate,True,20.0,20.0,0.0,289,13,ecbfec1ae18e45fb8246d66dffdc45173bea9dfccc64024224236cc529895127,/workspace/results/resolution_cost_local_20260820/outputs/rc_p240_k13_s1_soc10_b5.json,False,missing,False,,,,54027,,,,,,,,,,,0.0,0,0,0,0,,,,,,,,,,,,False,,
af_p240_k13_s1_soc10_b5,p240_k13_s1_soc10_b5,arc_flow,k13_s1,13,1,p240,240.0,240.0,10.0,5.0,soc10_b5,commensurate,True,20.0,20.0,0.0,289,13,ecbfec1ae18e45fb8246d66dffdc45173bea9dfccc64024224236cc529895127,/workspace/results/resolution_cost_local_20260820/outputs/af_p240_k13_s1_soc10_b5.json,False,missing,False,,,,54027,,,,,,,,,,,,0,,,,,,,,False,,,,,,,False,,
rc_p240_k13_s1_soc2p5_b5,p240_k13_s1_soc2p5_b5,exact_cg,k13_s1,13,1,p240,240.0,240.0,2.5,5.0,soc2p5_b5,commensurate,True,20.0,20.0,0.0,289,13,ecbfec1ae18e45fb8246d66dffdc45173bea9dfccc64024224236cc529895127,/workspace/results/resolution_cost_local_20260820/outputs/rc_p240_k13_s1_soc2p5_b5.json,False,missing,False,,,,209619,,,,,,,,,,,0.0,0,0,0,0,,,,,,,,,,,,False,,
af_p240_k13_s1_soc2p5_b5,p240_k13_s1_soc2p5_b5,arc_flow,k13_s1,13,1,p240,240.0,240.0,2.5,5.0,soc2p5_b5,commensurate,True,20.0,20.0,0.0,289,13,ecbfec1ae18e45fb8246d66dffdc45173bea9dfccc64024224236cc529895127,/workspace/results/resolution_cost_local_20260820/outputs/af_p240_k13_s1_soc2p5_b5.json,False,missing,False,,,,209619,,,,,,,,,,,,0,,,,,,,,False,,,,,,,False,,
rc_p240_k13_s1_soc10_b2p5,p240_k13_s1_soc10_b2p5,exact_cg,k13_s1,13,1,p240,240.0,240.0,10.0,2.5,soc10_b2p5,commensurate,True,10.0,10.0,0.0,289,13,ecbfec1ae18e45fb8246d66dffdc45173bea9dfccc64024224236cc529895127,/workspace/results/resolution_cost_local_20260820/outputs/rc_p240_k13_s1_soc10_b2p5.json,False,missing,False,,,,100827,,,,,,,,,,,0.0,0,0,0,0,,,,,,,,,,,,False,,
af_p240_k13_s1_soc10_b2p5,p240_k13_s1_soc10_b2p5,arc_flow,k13_s1,13,1,p240,240.0,240.0,10.0,2.5,soc10_b2p5,commensurate,True,10.0,10.0,0.0,289,13,ecbfec1ae18e45fb8246d66dffdc45173bea9dfccc64024224236cc529895127,/workspace/results/resolution_cost_local_20260820/outputs/af_p240_k13_s1_soc10_b2p5.json,False,missing,False,,,,100827,,,,,,,,,,,,0,,,,,,,,False,,,,,,,False,,
rc_p240_k13_s1_soc2p5_b2p5,p240_k13_s1_soc2p5_b2p5,exact_cg,k13_s1,13,1,p240,240.0,240.0,2.5,2.5,soc2p5_b2p5,commensurate,True,10.0,10.0,0.0,289,13,ecbfec1ae18e45fb8246d66dffdc45173bea9dfccc64024224236cc529895127,/workspace/results/resolution_cost_local_20260820/outputs/rc_p240_k13_s1_soc2p5_b2p5.json,False,missing,False,,,,391203,,,,,,,,,,,0.0,0,0,0,0,,,,,,,,,,,,False,,
af_p240_k13_s1_soc2p5_b2p5,p240_k13_s1_soc2p5_b2p5,arc_flow,k13_s1,13,1,p240,240.0,240.0,2.5,2.5,soc2p5_b2p5,commensurate,True,10.0,10.0,0.0,289,13,ecbfec1ae18e45fb8246d66dffdc45173bea9dfccc64024224236cc529895127,/workspace/results/resolution_cost_local_20260820/outputs/af_p240_k13_s1_soc2p5_b2p5.json,False,missing,False,,,,391203,,,,,,,,,,,,0,,,,,,,,False,,,,,,,False,,
rc_p240_k13_s2_soc15_b10,p240_k13_s2_soc15_b10,exact_cg,k13_s2,13,2,p240,240.0,240.0,15.0,10.0,soc15_b10,historical_anchor,False,40.0,30.0,10.0,265,13,8a70d12b28a0474e0a488194a79f47ce322394c6f109513bb7525788342bcc48,/workspace/results/resolution_cost_local_20260820/outputs/rc_p240_k13_s2_soc15_b10.json,False,missing,False,,,,20419,,,,,,,,,,,0.0,0,0,0,0,,,,,,,,,,,,False,,
af_p240_k13_s2_soc15_b10,p240_k13_s2_soc15_b10,arc_flow,k13_s2,13,2,p240,240.0,240.0,15.0,10.0,soc15_b10,historical_anchor,False,40.0,30.0,10.0,265,13,8a70d12b28a0474e0a488194a79f47ce322394c6f109513bb7525788342bcc48,/workspace/results/resolution_cost_local_20260820/outputs/af_p240_k13_s2_soc15_b10.json,False,missing,False,,,,20419,,,,,,,,,,,,0,,,,,,,,False,,,,,,,False,,
rc_p240_k13_s2_soc10_b10,p240_k13_s2_soc10_b10,exact_cg,k13_s2,13,2,p240,240.0,240.0,10.0,10.0,soc10_b10,commensurate,True,40.0,40.0,0.0,265,13,8a70d12b28a0474e0a488194a79f47ce322394c6f109513bb7525788342bcc48,/workspace/results/resolution_cost_local_20260820/outputs/rc_p240_k13_s2_soc10_b10.json,False,missing,False,,,,30027,,,,,,,,,,,0.0,0,0,0,0,,,,,,,,,,,,False,,
af_p240_k13_s2_soc10_b10,p240_k13_s2_soc10_b10,arc_flow,k13_s2,13,2,p240,240.0,240.0,10.0,10.0,soc10_b10,commensurate,True,40.0,40.0,0.0,265,13,8a70d12b28a0474e0a488194a79f47ce322394c6f109513bb7525788342bcc48,/workspace/results/resolution_cost_local_20260820/outputs/af_p240_k13_s2_soc10_b10.json,False,missing,False,,,,30027,,,,,,,,,,,,0,,,,,,,,False,,,,,,,False,,
rc_p240_k13_s2_soc2p5_b10,p240_k13_s2_soc2p5_b10,exact_cg,k13_s2,13,2,p240,240.0,240.0,2.5,10.0,soc2p5_b10,commensurate,True,40.0,40.0,0.0,265,13,8a70d12b28a0474e0a488194a79f47ce322394c6f109513bb7525788342bcc48,/workspace/results/resolution_cost_local_20260820/outputs/rc_p240_k13_s2_soc2p5_b10.json,False,missing,False,,,,116499,,,,,,,,,,,0.0,0,0,0,0,,,,,,,,,,,,False,,
af_p240_k13_s2_soc2p5_b10,p240_k13_s2_soc2p5_b10,arc_flow,k13_s2,13,2,p240,240.0,240.0,2.5,10.0,soc2p5_b10,commensurate,True,40.0,40.0,0.0,265,13,8a70d12b28a0474e0a488194a79f47ce322394c6f109513bb7525788342bcc48,/workspace/results/resolution_cost_local_20260820/outputs/af_p240_k13_s2_soc2p5_b10.json,False,missing,False,,,,116499,,,,,,,,,,,,0,,,,,,,,False,,,,,,,False,,
rc_p240_k13_s2_soc10_b5,p240_k13_s2_soc10_b5,exact_cg,k13_s2,13,2,p240,240.0,240.0,10.0,5.0,soc10_b5,commensurate,True,20.0,20.0,0.0,265,13,8a70d12b28a0474e0a488194a79f47ce322394c6f109513bb7525788342bcc48,/workspace/results/resolution_cost_local_20260820/outputs/rc_p240_k13_s2_soc10_b5.json,False,missing,False,,,,53427,,,,,,,,,,,0.0,0,0,0,0,,,,,,,,,,,,False,,
af_p240_k13_s2_soc10_b5,p240_k13_s2_soc10_b5,arc_flow,k13_s2,13,2,p240,240.0,240.0,10.0,5.0,soc10_b5,commensurate,True,20.0,20.0,0.0,265,13,8a70d12b28a0474e0a488194a79f47ce322394c6f109513bb7525788342bcc48,/workspace/results/resolution_cost_local_20260820/outputs/af_p240_k13_s2_soc10_b5.json,False,missing,False,,,,53427,,,,,,,,,,,,0,,,,,,,,False,,,,,,,False,,
rc_p240_k13_s2_soc2p5_b5,p240_k13_s2_soc2p5_b5,exact_cg,k13_s2,13,2,p240,240.0,240.0,2.5,5.0,soc2p5_b5,commensurate,True,20.0,20.0,0.0,265,13,8a70d12b28a0474e0a488194a79f47ce322394c6f109513bb7525788342bcc48,/workspace/results/resolution_cost_local_20260820/outputs/rc_p240_k13_s2_soc2p5_b5.json,False,missing,False,,,,207291,,,,,,,,,,,0.0,0,0,0,0,,,,,,,,,,,,False,,
af_p240_k13_s2_soc2p5_b5,p240_k13_s2_soc2p5_b5,arc_flow,k13_s2,13,2,p240,240.0,240.0,2.5,5.0,soc2p5_b5,commensurate,True,20.0,20.0,0.0,265,13,8a70d12b28a0474e0a488194a79f47ce322394c6f109513bb7525788342bcc48,/workspace/results/resolution_cost_local_20260820/outputs/af_p240_k13_s2_soc2p5_b5.json,False,missing,False,,,,207291,,,,,,,,,,,,0,,,,,,,,False,,,,,,,False,,
rc_p240_k13_s2_soc10_b2p5,p240_k13_s2_soc10_b2p5,exact_cg,k13_s2,13,2,p240,240.0,240.0,10.0,2.5,soc10_b2p5,commensurate,True,10.0,10.0,0.0,265,13,8a70d12b28a0474e0a488194a79f47ce322394c6f109513bb7525788342bcc48,/workspace/results/resolution_cost_local_20260820/outputs/rc_p240_k13_s2_soc10_b2p5.json,False,missing,False,,,,100227,,,,,,,,,,,0.0,0,0,0,0,,,,,,,,,,,,False,,
af_p240_k13_s2_soc10_b2p5,p240_k13_s2_soc10_b2p5,arc_flow,k13_s2,13,2,p240,240.0,240.0,10.0,2.5,soc10_b2p5,commensurate,True,10.0,10.0,0.0,265,13,8a70d12b28a0474e0a488194a79f47ce322394c6f109513bb7525788342bcc48,/workspace/results/resolution_cost_local_20260820/outputs/af_p240_k13_s2_soc10_b2p5.json,False,missing,False,,,,100227,,,,,,,,,,,,0,,,,,,,,False,,,,,,,False,,
rc_p240_k13_s2_soc2p5_b2p5,p240_k13_s2_soc2p5_b2p5,exact_cg,k13_s2,13,2,p240,240.0,240.0,2.5,2.5,soc2p5_b2p5,commensurate,True,10.0,10.0,0.0,265,13,8a70d12b28a0474e0a488194a79f47ce322394c6f109513bb7525788342bcc48,/workspace/results/resolution_cost_local_20260820/outputs/rc_p240_k13_s2_soc2p5_b2p5.json,False,missing,False,,,,388875,,,,,,,,,,,0.0,0,0,0,0,,,,,,,,,,,,False,,
af_p240_k13_s2_soc2p5_b2p5,p240_k13_s2_soc2p5_b2p5,arc_flow,k13_s2,13,2,p240,240.0,240.0,2.5,2.5,soc2p5_b2p5,commensurate,True,10.0,10.0,0.0,265,13,8a70d12b28a0474e0a488194a79f47ce322394c6f109513bb7525788342bcc48,/workspace/results/resolution_cost_local_20260820/outputs/af_p240_k13_s2_soc2p5_b2p5.json,False,missing,False,,,,388875,,,,,,,,,,,,0,,,,,,,,False,,,,,,,False,,
rc_p240_k13_s3_soc15_b10,p240_k13_s3_soc15_b10,exact_cg,k13_s3,13,3,p240,240.0,240.0,15.0,10.0,soc15_b10,historical_anchor,False,40.0,30.0,10.0,325,13,dedd0e5837ca8b01504d3778319fe48b39ad9037a5d7c8665ab123fac7da4baa,/workspace/results/resolution_cost_local_20260820/outputs/rc_p240_k13_s3_soc15_b10.json,False,missing,False,,,,21439,,,,,,,,,,,0.0,0,0,0,0,,,,,,,,,,,,False,,
af_p240_k13_s3_soc15_b10,p240_k13_s3_soc15_b10,arc_flow,k13_s3,13,3,p240,240.0,240.0,15.0,10.0,soc15_b10,historical_anchor,False,40.0,30.0,10.0,325,13,dedd0e5837ca8b01504d3778319fe48b39ad9037a5d7c8665ab123fac7da4baa,/workspace/results/resolution_cost_local_20260820/outputs/af_p240_k13_s3_soc15_b10.json,False,missing,False,,,,21439,,,,,,,,,,,,0,,,,,,,,False,,,,,,,False,,
rc_p240_k13_s3_soc10_b10,p240_k13_s3_soc10_b10,exact_cg,k13_s3,13,3,p240,240.0,240.0,10.0,10.0,soc10_b10,commensurate,True,40.0,40.0,0.0,325,13,dedd0e5837ca8b01504d3778319fe48b39ad9037a5d7c8665ab123fac7da4baa,/workspace/results/resolution_cost_local_20260820/outputs/rc_p240_k13_s3_soc10_b10.json,False,missing,False,,,,31527,,,,,,,,,,,0.0,0,0,0,0,,,,,,,,,,,,False,,
af_p240_k13_s3_soc10_b10,p240_k13_s3_soc10_b10,arc_flow,k13_s3,13,3,p240,240.0,240.0,10.0,10.0,soc10_b10,commensurate,True,40.0,40.0,0.0,325,13,dedd0e5837ca8b01504d3778319fe48b39ad9037a5d7c8665ab123fac7da4baa,/workspace/results/resolution_cost_local_20260820/outputs/af_p240_k13_s3_soc10_b10.json,False,missing,False,,,,31527,,,,,,,,,,,,0,,,,,,,,False,,,,,,,False,,
rc_p240_k13_s3_soc2p5_b10,p240_k13_s3_soc2p5_b10,exact_cg,k13_s3,13,3,p240,240.0,240.0,2.5,10.0,soc2p5_b10,commensurate,True,40.0,40.0,0.0,325,13,dedd0e5837ca8b01504d3778319fe48b39ad9037a5d7c8665ab123fac7da4baa,/workspace/results/resolution_cost_local_20260820/outputs/rc_p240_k13_s3_soc2p5_b10.json,False,missing,False,,,,122319,,,,,,,,,,,0.0,0,0,0,0,,,,,,,,,,,,False,,
af_p240_k13_s3_soc2p5_b10,p240_k13_s3_soc2p5_b10,arc_flow,k13_s3,13,3,p240,240.0,240.0,2.5,10.0,soc2p5_b10,commensurate,True,40.0,40.0,0.0,325,13,dedd0e5837ca8b01504d3778319fe48b39ad9037a5d7c8665ab123fac7da4baa,/workspace/results/resolution_cost_local_20260820/outputs/af_p240_k13_s3_soc2p5_b10.json,False,missing,False,,,,122319,,,,,,,,,,,,0,,,,,,,,False,,,,,,,False,,
rc_p240_k13_s3_soc10_b5,p240_k13_s3_soc10_b5,exact_cg,k13_s3,13,3,p240,240.0,240.0,10.0,5.0,soc10_b5,commensurate,True,20.0,20.0,0.0,325,13,dedd0e5837ca8b01504d3778319fe48b39ad9037a5d7c8665ab123fac7da4baa,/workspace/results/resolution_cost_local_20260820/outputs/rc_p240_k13_s3_soc10_b5.json,False,missing,False,,,,54927,,,,,,,,,,,0.0,0,0,0,0,,,,,,,,,,,,False,,
af_p240_k13_s3_soc10_b5,p240_k13_s3_soc10_b5,arc_flow,k13_s3,13,3,p240,240.0,240.0,10.0,5.0,soc10_b5,commensurate,True,20.0,20.0,0.0,325,13,dedd0e5837ca8b01504d3778319fe48b39ad9037a5d7c8665ab123fac7da4baa,/workspace/results/resolution_cost_local_20260820/outputs/af_p240_k13_s3_soc10_b5.json,False,missing,False,,,,54927,,,,,,,,,,,,0,,,,,,,,False,,,,,,,False,,
rc_p240_k13_s3_soc2p5_b5,p240_k13_s3_soc2p5_b5,exact_cg,k13_s3,13,3,p240,240.0,240.0,2.5,5.0,soc2p5_b5,commensurate,True,20.0,20.0,0.0,325,13,dedd0e5837ca8b01504d3778319fe48b39ad9037a5d7c8665ab123fac7da4baa,/workspace/results/resolution_cost_local_20260820/outputs/rc_p240_k13_s3_soc2p5_b5.json,False,missing,False,,,,213111,,,,,,,,,,,0.0,0,0,0,0,,,,,,,,,,,,False,,
af_p240_k13_s3_soc2p5_b5,p240_k13_s3_soc2p5_b5,arc_flow,k13_s3,13,3,p240,240.0,240.0,2.5,5.0,soc2p5_b5,commensurate,True,20.0,20.0,0.0,325,13,dedd0e5837ca8b01504d3778319fe48b39ad9037a5d7c8665ab123fac7da4baa,/workspace/results/resolution_cost_local_20260820/outputs/af_p240_k13_s3_soc2p5_b5.json,False,missing,False,,,,213111,,,,,,,,,,,,0,,,,,,,,False,,,,,,,False,,
rc_p240_k13_s3_soc10_b2p5,p240_k13_s3_soc10_b2p5,exact_cg,k13_s3,13,3,p240,240.0,240.0,10.0,2.5,soc10_b2p5,commensurate,True,10.0,10.0,0.0,325,13,dedd0e5837ca8b01504d3778319fe48b39ad9037a5d7c8665ab123fac7da4baa,/workspace/results/resolution_cost_local_20260820/outputs/rc_p240_k13_s3_soc10_b2p5.json,False,missing,False,,,,101727,,,,,,,,,,,0.0,0,0,0,0,,,,,,,,,,,,False,,
af_p240_k13_s3_soc10_b2p5,p240_k13_s3_soc10_b2p5,arc_flow,k13_s3,13,3,p240,240.0,240.0,10.0,2.5,soc10_b2p5,commensurate,True,10.0,10.0,0.0,325,13,dedd0e5837ca8b01504d3778319fe48b39ad9037a5d7c8665ab123fac7da4baa,/workspace/results/resolution_cost_local_20260820/outputs/af_p240_k13_s3_soc10_b2p5.json,False,missing,False,,,,101727,,,,,,,,,,,,0,,,,,,,,False,,,,,,,False,,
rc_p240_k13_s3_soc2p5_b2p5,p240_k13_s3_soc2p5_b2p5,exact_cg,k13_s3,13,3,p240,240.0,240.0,2.5,2.5,soc2p5_b2p5,commensurate,True,10.0,10.0,0.0,325,13,dedd0e5837ca8b01504d3778319fe48b39ad9037a5d7c8665ab123fac7da4baa,/workspace/results/resolution_cost_local_20260820/outputs/rc_p240_k13_s3_soc2p5_b2p5.json,False,missing,False,,,,394695,,,,,,,,,,,0.0,0,0,0,0,,,,,,,,,,,,False,,
af_p240_k13_s3_soc2p5_b2p5,p240_k13_s3_soc2p5_b2p5,arc_flow,k13_s3,13,3,p240,240.0,240.0,2.5,2.5,soc2p5_b2p5,commensurate,True,10.0,10.0,0.0,325,13,dedd0e5837ca8b01504d3778319fe48b39ad9037a5d7c8665ab123fac7da4baa,/workspace/results/resolution_cost_local_20260820/outputs/af_p240_k13_s3_soc2p5_b2p5.json,False,missing,False,,,,394695,,,,,,,,,,,,0,,,,,,,,False,,,,,,,False,,
rc_p240_k20_s1_soc15_b10,p240_k20_s1_soc15_b10,exact_cg,k20_s1,20,1,p240,240.0,240.0,15.0,10.0,soc15_b10,historical_anchor,False,40.0,30.0,10.0,443,20,d976b955d151fd8d55be3c55ef96081214fc78ad5012900bb620264d2131c160,/workspace/results/resolution_cost_local_20260820/outputs/rc_p240_k20_s1_soc15_b10.json,False,missing,False,,,,23445,,,,,,,,,,,0.0,0,0,0,0,,,,,,,,,,,,False,,
af_p240_k20_s1_soc15_b10,p240_k20_s1_soc15_b10,arc_flow,k20_s1,20,1,p240,240.0,240.0,15.0,10.0,soc15_b10,historical_anchor,False,40.0,30.0,10.0,443,20,d976b955d151fd8d55be3c55ef96081214fc78ad5012900bb620264d2131c160,/workspace/results/resolution_cost_local_20260820/outputs/af_p240_k20_s1_soc15_b10.json,False,missing,False,,,,23445,,,,,,,,,,,,0,,,,,,,,False,,,,,,,False,,
rc_p240_k20_s1_soc10_b10,p240_k20_s1_soc10_b10,exact_cg,k20_s1,20,1,p240,240.0,240.0,10.0,10.0,soc10_b10,commensurate,True,40.0,40.0,0.0,443,20,d976b955d151fd8d55be3c55ef96081214fc78ad5012900bb620264d2131c160,/workspace/results/resolution_cost_local_20260820/outputs/rc_p240_k20_s1_soc10_b10.json,False,missing,False,,,,34477,,,,,,,,,,,0.0,0,0,0,0,,,,,,,,,,,,False,,
af_p240_k20_s1_soc10_b10,p240_k20_s1_soc10_b10,arc_flow,k20_s1,20,1,p240,240.0,240.0,10.0,10.0,soc10_b10,commensurate,True,40.0,40.0,0.0,443,20,d976b955d151fd8d55be3c55ef96081214fc78ad5012900bb620264d2131c160,/workspace/results/resolution_cost_local_20260820/outputs/af_p240_k20_s1_soc10_b10.json,False,missing,False,,,,34477,,,,,,,,,,,,0,,,,,,,,False,,,,,,,False,,
rc_p240_k20_s1_soc2p5_b10,p240_k20_s1_soc2p5_b10,exact_cg,k20_s1,20,1,p240,240.0,240.0,2.5,10.0,soc2p5_b10,commensurate,True,40.0,40.0,0.0,443,20,d976b955d151fd8d55be3c55ef96081214fc78ad5012900bb620264d2131c160,/workspace/results/resolution_cost_local_20260820/outputs/rc_p240_k20_s1_soc2p5_b10.json,False,missing,False,,,,133765,,,,,,,,,,,0.0,0,0,0,0,,,,,,,,,,,,False,,
af_p240_k20_s1_soc2p5_b10,p240_k20_s1_soc2p5_b10,arc_flow,k20_s1,20,1,p240,240.0,240.0,2.5,10.0,soc2p5_b10,commensurate,True,40.0,40.0,0.0,443,20,d976b955d151fd8d55be3c55ef96081214fc78ad5012900bb620264d2131c160,/workspace/results/resolution_cost_local_20260820/outputs/af_p240_k20_s1_soc2p5_b10.json,False,missing,False,,,,133765,,,,,,,,,,,,0,,,,,,,,False,,,,,,,False,,
rc_p240_k20_s1_soc10_b5,p240_k20_s1_soc10_b5,exact_cg,k20_s1,20,1,p240,240.0,240.0,10.0,5.0,soc10_b5,commensurate,True,20.0,20.0,0.0,443,20,d976b955d151fd8d55be3c55ef96081214fc78ad5012900bb620264d2131c160,/workspace/results/resolution_cost_local_20260820/outputs/rc_p240_k20_s1_soc10_b5.json,False,missing,False,,,,57877,,,,,,,,,,,0.0,0,0,0,0,,,,,,,,,,,,False,,
af_p240_k20_s1_soc10_b5,p240_k20_s1_soc10_b5,arc_flow,k20_s1,20,1,p240,240.0,240.0,10.0,5.0,soc10_b5,commensurate,True,20.0,20.0,0.0,443,20,d976b955d151fd8d55be3c55ef96081214fc78ad5012900bb620264d2131c160,/workspace/results/resolution_cost_local_20260820/outputs/af_p240_k20_s1_soc10_b5.json,False,missing,False,,,,57877,,,,,,,,,,,,0,,,,,,,,False,,,,,,,False,,
rc_p240_k20_s1_soc2p5_b5,p240_k20_s1_soc2p5_b5,exact_cg,k20_s1,20,1,p240,240.0,240.0,2.5,5.0,soc2p5_b5,commensurate,True,20.0,20.0,0.0,443,20,d976b955d151fd8d55be3c55ef96081214fc78ad5012900bb620264d2131c160,/workspace/results/resolution_cost_local_20260820/outputs/rc_p240_k20_s1_soc2p5_b5.json,False,missing,False,,,,224557,,,,,,,,,,,0.0,0,0,0,0,,,,,,,,,,,,False,,
af_p240_k20_s1_soc2p5_b5,p240_k20_s1_soc2p5_b5,arc_flow,k20_s1,20,1,p240,240.0,240.0,2.5,5.0,soc2p5_b5,commensurate,True,20.0,20.0,0.0,443,20,d976b955d151fd8d55be3c55ef96081214fc78ad5012900bb620264d2131c160,/workspace/results/resolution_cost_local_20260820/outputs/af_p240_k20_s1_soc2p5_b5.json,False,missing,False,,,,224557,,,,,,,,,,,,0,,,,,,,,False,,,,,,,False,,
rc_p240_k20_s1_soc10_b2p5,p240_k20_s1_soc10_b2p5,exact_cg,k20_s1,20,1,p240,240.0,240.0,10.0,2.5,soc10_b2p5,commensurate,True,10.0,10.0,0.0,443,20,d976b955d151fd8d55be3c55ef96081214fc78ad5012900bb620264d2131c160,/workspace/results/resolution_cost_local_20260820/outputs/rc_p240_k20_s1_soc10_b2p5.json,False,missing,False,,,,104677,,,,,,,,,,,0.0,0,0,0,0,,,,,,,,,,,,False,,
af_p240_k20_s1_soc10_b2p5,p240_k20_s1_soc10_b2p5,arc_flow,k20_s1,20,1,p240,240.0,240.0,10.0,2.5,soc10_b2p5,commensurate,True,10.0,10.0,0.0,443,20,d976b955d151fd8d55be3c55ef96081214fc78ad5012900bb620264d2131c160,/workspace/results/resolution_cost_local_20260820/outputs/af_p240_k20_s1_soc10_b2p5.json,False,missing,False,,,,104677,,,,,,,,,,,,0,,,,,,,,False,,,,,,,False,,
rc_p240_k20_s1_soc2p5_b2p5,p240_k20_s1_soc2p5_b2p5,exact_cg,k20_s1,20,1,p240,240.0,240.0,2.5,2.5,soc2p5_b2p5,commensurate,True,10.0,10.0,0.0,443,20,d976b955d151fd8d55be3c55ef96081214fc78ad5012900bb620264d2131c160,/workspace/results/resolution_cost_local_20260820/outputs/rc_p240_k20_s1_soc2p5_b2p5.json,False,missing,False,,,,406141,,,,,,,,,,,0.0,0,0,0,0,,,,,,,,,,,,False,,
af_p240_k20_s1_soc2p5_b2p5,p240_k20_s1_soc2p5_b2p5,arc_flow,k20_s1,20,1,p240,240.0,240.0,2.5,2.5,soc2p5_b2p5,commensurate,True,10.0,10.0,0.0,443,20,d976b955d151fd8d55be3c55ef96081214fc78ad5012900bb620264d2131c160,/workspace/results/resolution_cost_local_20260820/outputs/af_p240_k20_s1_soc2p5_b2p5.json,False,missing,False,,,,406141,,,,,,,,,,,,0,,,,,,,,False,,,,,,,False,,
rc_p240_k20_s2_soc15_b10,p240_k20_s2_soc15_b10,exact_cg,k20_s2,20,2,p240,240.0,240.0,15.0,10.0,soc15_b10,historical_anchor,False,40.0,30.0,10.0,471,20,7e91aa2de9707425ed5ebeb440ccea2d8194e7b8d8c6faa28946f839b2ed886a,/workspace/results/resolution_cost_local_20260820/outputs/rc_p240_k20_s2_soc15_b10.json,False,missing,False,,,,23921,,,,,,,,,,,0.0,0,0,0,0,,,,,,,,,,,,False,,
af_p240_k20_s2_soc15_b10,p240_k20_s2_soc15_b10,arc_flow,k20_s2,20,2,p240,240.0,240.0,15.0,10.0,soc15_b10,historical_anchor,False,40.0,30.0,10.0,471,20,7e91aa2de9707425ed5ebeb440ccea2d8194e7b8d8c6faa28946f839b2ed886a,/workspace/results/resolution_cost_local_20260820/outputs/af_p240_k20_s2_soc15_b10.json,False,missing,False,,,,23921,,,,,,,,,,,,0,,,,,,,,False,,,,,,,False,,
rc_p240_k20_s2_soc10_b10,p240_k20_s2_soc10_b10,exact_cg,k20_s2,20,2,p240,240.0,240.0,10.0,10.0,soc10_b10,commensurate,True,40.0,40.0,0.0,471,20,7e91aa2de9707425ed5ebeb440ccea2d8194e7b8d8c6faa28946f839b2ed886a,/workspace/results/resolution_cost_local_20260820/outputs/rc_p240_k20_s2_soc10_b10.json,False,missing,False,,,,35177,,,,,,,,,,,0.0,0,0,0,0,,,,,,,,,,,,False,,
af_p240_k20_s2_soc10_b10,p240_k20_s2_soc10_b10,arc_flow,k20_s2,20,2,p240,240.0,240.0,10.0,10.0,soc10_b10,commensurate,True,40.0,40.0,0.0,471,20,7e91aa2de9707425ed5ebeb440ccea2d8194e7b8d8c6faa28946f839b2ed886a,/workspace/results/resolution_cost_local_20260820/outputs/af_p240_k20_s2_soc10_b10.json,False,missing,False,,,,35177,,,,,,,,,,,,0,,,,,,,,False,,,,,,,False,,
rc_p240_k20_s2_soc2p5_b10,p240_k20_s2_soc2p5_b10,exact_cg,k20_s2,20,2,p240,240.0,240.0,2.5,10.0,soc2p5_b10,commensurate,True,40.0,40.0,0.0,471,20,7e91aa2de9707425ed5ebeb440ccea2d8194e7b8d8c6faa28946f839b2ed886a,/workspace/results/resolution_cost_local_20260820/outputs/rc_p240_k20_s2_soc2p5_b10.json,False,missing,False,,,,136481,,,,,,,,,,,0.0,0,0,0,0,,,,,,,,,,,,False,,
af_p240_k20_s2_soc2p5_b10,p240_k20_s2_soc2p5_b10,arc_flow,k20_s2,20,2,p240,240.0,240.0,2.5,10.0,soc2p5_b10,commensurate,True,40.0,40.0,0.0,471,20,7e91aa2de9707425ed5ebeb440ccea2d8194e7b8d8c6faa28946f839b2ed886a,/workspace/results/resolution_cost_local_20260820/outputs/af_p240_k20_s2_soc2p5_b10.json,False,missing,False,,,,136481,,,,,,,,,,,,0,,,,,,,,False,,,,,,,False,,
rc_p240_k20_s2_soc10_b5,p240_k20_s2_soc10_b5,exact_cg,k20_s2,20,2,p240,240.0,240.0,10.0,5.0,soc10_b5,commensurate,True,20.0,20.0,0.0,471,20,7e91aa2de9707425ed5ebeb440ccea2d8194e7b8d8c6faa28946f839b2ed886a,/workspace/results/resolution_cost_local_20260820/outputs/rc_p240_k20_s2_soc10_b5.json,False,missing,False,,,,58577,,,,,,,,,,,0.0,0,0,0,0,,,,,,,,,,,,False,,
af_p240_k20_s2_soc10_b5,p240_k20_s2_soc10_b5,arc_flow,k20_s2,20,2,p240,240.0,240.0,10.0,5.0,soc10_b5,commensurate,True,20.0,20.0,0.0,471,20,7e91aa2de9707425ed5ebeb440ccea2d8194e7b8d8c6faa28946f839b2ed886a,/workspace/results/resolution_cost_local_20260820/outputs/af_p240_k20_s2_soc10_b5.json,False,missing,False,,,,58577,,,,,,,,,,,,0,,,,,,,,False,,,,,,,False,,
rc_p240_k20_s2_soc2p5_b5,p240_k20_s2_soc2p5_b5,exact_cg,k20_s2,20,2,p240,240.0,240.0,2.5,5.0,soc2p5_b5,commensurate,True,20.0,20.0,0.0,471,20,7e91aa2de9707425ed5ebeb440ccea2d8194e7b8d8c6faa28946f839b2ed886a,/workspace/results/resolution_cost_local_20260820/outputs/rc_p240_k20_s2_soc2p5_b5.json,False,missing,False,,,,227273,,,,,,,,,,,0.0,0,0,0,0,,,,,,,,,,,,False,,
af_p240_k20_s2_soc2p5_b5,p240_k20_s2_soc2p5_b5,arc_flow,k20_s2,20,2,p240,240.0,240.0,2.5,5.0,soc2p5_b5,commensurate,True,20.0,20.0,0.0,471,20,7e91aa2de9707425ed5ebeb440ccea2d8194e7b8d8c6faa28946f839b2ed886a,/workspace/results/resolution_cost_local_20260820/outputs/af_p240_k20_s2_soc2p5_b5.json,False,missing,False,,,,227273,,,,,,,,,,,,0,,,,,,,,False,,,,,,,False,,
rc_p240_k20_s2_soc10_b2p5,p240_k20_s2_soc10_b2p5,exact_cg,k20_s2,20,2,p240,240.0,240.0,10.0,2.5,soc10_b2p5,commensurate,True,10.0,10.0,0.0,471,20,7e91aa2de9707425ed5ebeb440ccea2d8194e7b8d8c6faa28946f839b2ed886a,/workspace/results/resolution_cost_local_20260820/outputs/rc_p240_k20_s2_soc10_b2p5.json,False,missing,False,,,,105377,,,,,,,,,,,0.0,0,0,0,0,,,,,,,,,,,,False,,
af_p240_k20_s2_soc10_b2p5,p240_k20_s2_soc10_b2p5,arc_flow,k20_s2,20,2,p240,240.0,240.0,10.0,2.5,soc10_b2p5,commensurate,True,10.0,10.0,0.0,471,20,7e91aa2de9707425ed5ebeb440ccea2d8194e7b8d8c6faa28946f839b2ed886a,/workspace/results/resolution_cost_local_20260820/outputs/af_p240_k20_s2_soc10_b2p5.json,False,missing,False,,,,105377,,,,,,,,,,,,0,,,,,,,,False,,,,,,,False,,
rc_p240_k20_s2_soc2p5_b2p5,p240_k20_s2_soc2p5_b2p5,exact_cg,k20_s2,20,2,p240,240.0,240.0,2.5,2.5,soc2p5_b2p5,commensurate,True,10.0,10.0,0.0,471,20,7e91aa2de9707425ed5ebeb440ccea2d8194e7b8d8c6faa28946f839b2ed886a,/workspace/results/resolution_cost_local_20260820/outputs/rc_p240_k20_s2_soc2p5_b2p5.json,False,missing,False,,,,408857,,,,,,,,,,,0.0,0,0,0,0,,,,,,,,,,,,False,,
af_p240_k20_s2_soc2p5_b2p5,p240_k20_s2_soc2p5_b2p5,arc_flow,k20_s2,20,2,p240,240.0,240.0,2.5,2.5,soc2p5_b2p5,commensurate,True,10.0,10.0,0.0,471,20,7e91aa2de9707425ed5ebeb440ccea2d8194e7b8d8c6faa28946f839b2ed886a,/workspace/results/resolution_cost_local_20260820/outputs/af_p240_k20_s2_soc2p5_b2p5.json,False,missing,False,,,,408857,,,,,,,,,,,,0,,,,,,,,False,,,,,,,False,,
rc_p240_k20_s3_soc15_b10,p240_k20_s3_soc15_b10,exact_cg,k20_s3,20,3,p240,240.0,240.0,15.0,10.0,soc15_b10,historical_anchor,False,40.0,30.0,10.0,435,20,1f3a770cc9463d238be8851f0fb8bdff57c5a87ae9d1799a32a0047ba6e595a2,/workspace/results/resolution_cost_local_20260820/outputs/rc_p240_k20_s3_soc15_b10.json,False,missing,False,,,,23309,,,,,,,,,,,0.0,0,0,0,0,,,,,,,,,,,,False,,
af_p240_k20_s3_soc15_b10,p240_k20_s3_soc15_b10,arc_flow,k20_s3,20,3,p240,240.0,240.0,15.0,10.0,soc15_b10,historical_anchor,False,40.0,30.0,10.0,435,20,1f3a770cc9463d238be8851f0fb8bdff57c5a87ae9d1799a32a0047ba6e595a2,/workspace/results/resolution_cost_local_20260820/outputs/af_p240_k20_s3_soc15_b10.json,False,missing,False,,,,23309,,,,,,,,,,,,0,,,,,,,,False,,,,,,,False,,
rc_p240_k20_s3_soc10_b10,p240_k20_s3_soc10_b10,exact_cg,k20_s3,20,3,p240,240.0,240.0,10.0,10.0,soc10_b10,commensurate,True,40.0,40.0,0.0,435,20,1f3a770cc9463d238be8851f0fb8bdff57c5a87ae9d1799a32a0047ba6e595a2,/workspace/results/resolution_cost_local_20260820/outputs/rc_p240_k20_s3_soc10_b10.json,False,missing,False,,,,34277,,,,,,,,,,,0.0,0,0,0,0,,,,,,,,,,,,False,,
af_p240_k20_s3_soc10_b10,p240_k20_s3_soc10_b10,arc_flow,k20_s3,20,3,p240,240.0,240.0,10.0,10.0,soc10_b10,commensurate,True,40.0,40.0,0.0,435,20,1f3a770cc9463d238be8851f0fb8bdff57c5a87ae9d1799a32a0047ba6e595a2,/workspace/results/resolution_cost_local_20260820/outputs/af_p240_k20_s3_soc10_b10.json,False,missing,False,,,,34277,,,,,,,,,,,,0,,,,,,,,False,,,,,,,False,,
rc_p240_k20_s3_soc2p5_b10,p240_k20_s3_soc2p5_b10,exact_cg,k20_s3,20,3,p240,240.0,240.0,2.5,10.0,soc2p5_b10,commensurate,True,40.0,40.0,0.0,435,20,1f3a770cc9463d238be8851f0fb8bdff57c5a87ae9d1799a32a0047ba6e595a2,/workspace/results/resolution_cost_local_20260820/outputs/rc_p240_k20_s3_soc2p5_b10.json,False,missing,False,,,,132989,,,,,,,,,,,0.0,0,0,0,0,,,,,,,,,,,,False,,
af_p240_k20_s3_soc2p5_b10,p240_k20_s3_soc2p5_b10,arc_flow,k20_s3,20,3,p240,240.0,240.0,2.5,10.0,soc2p5_b10,commensurate,True,40.0,40.0,0.0,435,20,1f3a770cc9463d238be8851f0fb8bdff57c5a87ae9d1799a32a0047ba6e595a2,/workspace/results/resolution_cost_local_20260820/outputs/af_p240_k20_s3_soc2p5_b10.json,False,missing,False,,,,132989,,,,,,,,,,,,0,,,,,,,,False,,,,,,,False,,
rc_p240_k20_s3_soc10_b5,p240_k20_s3_soc10_b5,exact_cg,k20_s3,20,3,p240,240.0,240.0,10.0,5.0,soc10_b5,commensurate,True,20.0,20.0,0.0,435,20,1f3a770cc9463d238be8851f0fb8bdff57c5a87ae9d1799a32a0047ba6e595a2,/workspace/results/resolution_cost_local_20260820/outputs/rc_p240_k20_s3_soc10_b5.json,False,missing,False,,,,57677,,,,,,,,,,,0.0,0,0,0,0,,,,,,,,,,,,False,,
af_p240_k20_s3_soc10_b5,p240_k20_s3_soc10_b5,arc_flow,k20_s3,20,3,p240,240.0,240.0,10.0,5.0,soc10_b5,commensurate,True,20.0,20.0,0.0,435,20,1f3a770cc9463d238be8851f0fb8bdff57c5a87ae9d1799a32a0047ba6e595a2,/workspace/results/resolution_cost_local_20260820/outputs/af_p240_k20_s3_soc10_b5.json,False,missing,False,,,,57677,,,,,,,,,,,,0,,,,,,,,False,,,,,,,False,,
rc_p240_k20_s3_soc2p5_b5,p240_k20_s3_soc2p5_b5,exact_cg,k20_s3,20,3,p240,240.0,240.0,2.5,5.0,soc2p5_b5,commensurate,True,20.0,20.0,0.0,435,20,1f3a770cc9463d238be8851f0fb8bdff57c5a87ae9d1799a32a0047ba6e595a2,/workspace/results/resolution_cost_local_20260820/outputs/rc_p240_k20_s3_soc2p5_b5.json,False,missing,False,,,,223781,,,,,,,,,,,0.0,0,0,0,0,,,,,,,,,,,,False,,
af_p240_k20_s3_soc2p5_b5,p240_k20_s3_soc2p5_b5,arc_flow,k20_s3,20,3,p240,240.0,240.0,2.5,5.0,soc2p5_b5,commensurate,True,20.0,20.0,0.0,435,20,1f3a770cc9463d238be8851f0fb8bdff57c5a87ae9d1799a32a0047ba6e595a2,/workspace/results/resolution_cost_local_20260820/outputs/af_p240_k20_s3_soc2p5_b5.json,False,missing,False,,,,223781,,,,,,,,,,,,0,,,,,,,,False,,,,,,,False,,
rc_p240_k20_s3_soc10_b2p5,p240_k20_s3_soc10_b2p5,exact_cg,k20_s3,20,3,p240,240.0,240.0,10.0,2.5,soc10_b2p5,commensurate,True,10.0,10.0,0.0,435,20,1f3a770cc9463d238be8851f0fb8bdff57c5a87ae9d1799a32a0047ba6e595a2,/workspace/results/resolution_cost_local_20260820/outputs/rc_p240_k20_s3_soc10_b2p5.json,False,missing,False,,,,104477,,,,,,,,,,,0.0,0,0,0,0,,,,,,,,,,,,False,,
af_p240_k20_s3_soc10_b2p5,p240_k20_s3_soc10_b2p5,arc_flow,k20_s3,20,3,p240,240.0,240.0,10.0,2.5,soc10_b2p5,commensurate,True,10.0,10.0,0.0,435,20,1f3a770cc9463d238be8851f0fb8bdff57c5a87ae9d1799a32a0047ba6e595a2,/workspace/results/resolution_cost_local_20260820/outputs/af_p240_k20_s3_soc10_b2p5.json,False,missing,False,,,,104477,,,,,,,,,,,,0,,,,,,,,False,,,,,,,False,,
rc_p240_k20_s3_soc2p5_b2p5,p240_k20_s3_soc2p5_b2p5,exact_cg,k20_s3,20,3,p240,240.0,240.0,2.5,2.5,soc2p5_b2p5,commensurate,True,10.0,10.0,0.0,435,20,1f3a770cc9463d238be8851f0fb8bdff57c5a87ae9d1799a32a0047ba6e595a2,/workspace/results/resolution_cost_local_20260820/outputs/rc_p240_k20_s3_soc2p5_b2p5.json,False,missing,False,,,,405365,,,,,,,,,,,0.0,0,0,0,0,,,,,,,,,,,,False,,
af_p240_k20_s3_soc2p5_b2p5,p240_k20_s3_soc2p5_b2p5,arc_flow,k20_s3,20,3,p240,240.0,240.0,2.5,2.5,soc2p5_b2p5,commensurate,True,10.0,10.0,0.0,435,20,1f3a770cc9463d238be8851f0fb8bdff57c5a87ae9d1799a32a0047ba6e595a2,/workspace/results/resolution_cost_local_20260820/outputs/af_p240_k20_s3_soc2p5_b2p5.json,False,missing,False,,,,405365,,,,,,,,,,,,0,,,,,,,,False,,,,,,,False,,
rc_p300_bridge_k02_s1_soc15_b10,p300_bridge_k02_s1_soc15_b10,exact_cg,k02_s1,2,1,p300_bridge,300.0,300.0,15.0,10.0,soc15_b10,historical_anchor,False,50.0,45.0,5.0,47,2,57f672139f86849429c2f580bb68126246aca7b804f9303239fbe1a35fba887e,/workspace/results/resolution_cost_local_20260820/outputs/rc_p300_bridge_k02_s1_soc15_b10.json,True,certified,True,20569,587754,0.3181726932525635,20645,,,,,,,,206.7421875,212,16.21794319152832,16.256834983825684,212,4.567883448034991,10.562828993020958,2225,2272,2.181818181818181,0.1818181818181812,,,,,0.0,,0.004504984219868978,0.0,False,,
af_p300_bridge_k02_s1_soc15_b10,p300_bridge_k02_s1_soc15_b10,arc_flow,k02_s1,2,1,p300_bridge,300.0,300.0,15.0,10.0,soc15_b10,historical_anchor,False,50.0,45.0,5.0,47,2,57f672139f86849429c2f580bb68126246aca7b804f9303239fbe1a35fba887e,/workspace/results/resolution_cost_local_20260820/outputs/af_p300_bridge_k02_s1_soc15_b10.json,False,missing,False,,,,20645,,,,,,,,,,,,0,,,,,,,,False,,,,,,,False,,
rc_p300_bridge_k02_s1_soc10_b10,p300_bridge_k02_s1_soc10_b10,exact_cg,k02_s1,2,1,p300_bridge,300.0,300.0,10.0,10.0,soc10_b10,commensurate,True,50.0,50.0,0.0,47,2,57f672139f86849429c2f580bb68126246aca7b804f9303239fbe1a35fba887e,/workspace/results/resolution_cost_local_20260820/outputs/rc_p300_bridge_k02_s1_soc10_b10.json,True,certified,True,30372,872514,0.46651124954223633,30475,,,,,,,,295.23046875,550,77.22851085662842,77.34933614730835,550,38.2502595050355,36.47111624900208,6651,6695,2.0,0.0,,,,,0.1818181818181812,,0.021452364126841227,8.475437986375127,False,,
af_p300_bridge_k02_s1_soc10_b10,p300_bridge_k02_s1_soc10_b10,arc_flow,k02_s1,2,1,p300_bridge,300.0,300.0,10.0,10.0,soc10_b10,commensurate,True,50.0,50.0,0.0,47,2,57f672139f86849429c2f580bb68126246aca7b804f9303239fbe1a35fba887e,/workspace/results/resolution_cost_local_20260820/outputs/af_p300_bridge_k02_s1_soc10_b10.json,False,missing,False,,,,30475,,,,,,,,,,,,0,,,,,,,,False,,,,,,,False,,
rc_p300_bridge_k02_s1_soc2p5_b10,p300_bridge_k02_s1_soc2p5_b10,exact_cg,k02_s1,2,1,p300_bridge,300.0,300.0,2.5,10.0,soc2p5_b10,commensurate,True,50.0,50.0,0.0,47,2,57f672139f86849429c2f580bb68126246aca7b804f9303239fbe1a35fba887e,/workspace/results/resolution_cost_local_20260820/outputs/rc_p300_bridge_k02_s1_soc2p5_b10.json,True,certified,True,118617,3437406,1.9163095951080322,118945,,,,,,,,505.38671875,262,68.35640025138855,68.47336649894714,262,15.064161578971834,50.231766669992794,5920,5966,2.0,0.0,,,,,0.1818181818181812,,0.018987888958719043,9.575481624811808,False,,
af_p300_bridge_k02_s1_soc2p5_b10,p300_bridge_k02_s1_soc2p5_b10,arc_flow,k02_s1,2,1,p300_bridge,300.0,300.0,2.5,10.0,soc2p5_b10,commensurate,True,50.0,50.0,0.0,47,2,57f672139f86849429c2f580bb68126246aca7b804f9303239fbe1a35fba887e,/workspace/results/resolution_cost_local_20260820/outputs/af_p300_bridge_k02_s1_soc2p5_b10.json,False,missing,False,,,,118945,,,,,,,,,,,,0,,,,,,,,False,,,,,,,False,,
rc_p300_bridge_k02_s1_soc10_b5,p300_bridge_k02_s1_soc10_b5,exact_cg,k02_s1,2,1,p300_bridge,300.0,300.0,10.0,5.0,soc10_b5,commensurate,False,25.0,20.0,5.0,47,2,57f672139f86849429c2f580bb68126246aca7b804f9303239fbe1a35fba887e,/workspace/results/resolution_cost_local_20260820/outputs/rc_p300_bridge_k02_s1_soc10_b5.json,True,certified,True,59388,1693899,0.9241576194763184,59491,,,,,,,,352.18359375,622,97.85515403747559,97.9411346912384,622,24.757487319955544,69.86317470000358,4345,4389,2.0000000000000013,1.3322676295501878e-15,,,,,0.18181818181817988,,0.027181987232632106,6.688921610554885,False,,
af_p300_bridge_k02_s1_soc10_b5,p300_bridge_k02_s1_soc10_b5,arc_flow,k02_s1,2,1,p300_bridge,300.0,300.0,10.0,5.0,soc10_b5,commensurate,False,25.0,20.0,5.0,47,2,57f672139f86849429c2f580bb68126246aca7b804f9303239fbe1a35fba887e,/workspace/results/resolution_cost_local_20260820/outputs/af_p300_bridge_k02_s1_soc10_b5.json,False,missing,False,,,,59491,,,,,,,,,,,,0,,,,,,,,False,,,,,,,False,,
rc_p300_bridge_k02_s1_soc2p5_b5,p300_bridge_k02_s1_soc2p5_b5,exact_cg,k02_s1,2,1,p300_bridge,300.0,300.0,2.5,5.0,soc2p5_b5,commensurate,True,25.0,25.0,0.0,47,2,57f672139f86849429c2f580bb68126246aca7b804f9303239fbe1a35fba887e,/workspace/results/resolution_cost_local_20260820/outputs/rc_p300_bridge_k02_s1_soc2p5_b5.json,True,wall_limit,False,231873,6793089,3.7511727809906006,232201,,,,,,,,803.40625,,,120.50514459609985,257,15.243033051036036,100.15982476398858,5241,5287,,,,,,,,,,,False,,
af_p300_bridge_k02_s1_soc2p5_b5,p300_bridge_k02_s1_soc2p5_b5,arc_flow,k02_s1,2,1,p300_bridge,300.0,300.0,2.5,5.0,soc2p5_b5,commensurate,True,25.0,25.0,0.0,47,2,57f672139f86849429c2f580bb68126246aca7b804f9303239fbe1a35fba887e,/workspace/results/resolution_cost_local_20260820/outputs/af_p300_bridge_k02_s1_soc2p5_b5.json,False,missing,False,,,,232201,,,,,,,,,,,,0,,,,,,,,False,,,,,,,False,,
rc_p300_bridge_k02_s1_soc10_b2p5,p300_bridge_k02_s1_soc10_b2p5,exact_cg,k02_s1,2,1,p300_bridge,300.0,300.0,10.0,2.5,soc10_b2p5,commensurate,False,12.5,10.0,2.5,47,2,57f672139f86849429c2f580bb68126246aca7b804f9303239fbe1a35fba887e,/workspace/results/resolution_cost_local_20260820/outputs/rc_p300_bridge_k02_s1_soc10_b2p5.json,True,wall_limit,False,117420,3332785,1.8720769882202148,117523,,,,,,,,517.0546875,,,120.34681987762451,444,16.198039955997956,99.91429699998844,3883,3930,,,,,,,,,,,False,,
af_p300_bridge_k02_s1_soc10_b2p5,p300_bridge_k02_s1_soc10_b2p5,arc_flow,k02_s1,2,1,p300_bridge,300.0,300.0,10.0,2.5,soc10_b2p5,commensurate,False,12.5,10.0,2.5,47,2,57f672139f86849429c2f580bb68126246aca7b804f9303239fbe1a35fba887e,/workspace/results/resolution_cost_local_20260820/outputs/af_p300_bridge_k02_s1_soc10_b2p5.json,False,missing,False,,,,117523,,,,,,,,,,,,0,,,,,,,,False,,,,,,,False,,
rc_p300_bridge_k02_s1_soc2p5_b2p5,p300_bridge_k02_s1_soc2p5_b2p5,exact_cg,k02_s1,2,1,p300_bridge,300.0,300.0,2.5,2.5,soc2p5_b2p5,commensurate,True,12.5,12.5,0.0,47,2,57f672139f86849429c2f580bb68126246aca7b804f9303239fbe1a35fba887e,/workspace/results/resolution_cost_local_20260820/outputs/rc_p300_bridge_k02_s1_soc2p5_b2p5.json,True,wall_limit,False,458385,13346188,8.406451940536499,458713,,,,,,,,1365.82421875,,,120.8657922744751,133,3.9442917029809905,107.61393749998388,3301,3348,,,,,,,,,,,False,,
af_p300_bridge_k02_s1_soc2p5_b2p5,p300_bridge_k02_s1_soc2p5_b2p5,arc_flow,k02_s1,2,1,p300_bridge,300.0,300.0,2.5,2.5,soc2p5_b2p5,commensurate,True,12.5,12.5,0.0,47,2,57f672139f86849429c2f580bb68126246aca7b804f9303239fbe1a35fba887e,/workspace/results/resolution_cost_local_20260820/outputs/af_p300_bridge_k02_s1_soc2p5_b2p5.json,False,missing,False,,,,458713,,,,,,,,,,,,0,,,,,,,,False,,,,,,,False,,
rc_p300_bridge_k02_s2_soc15_b10,p300_bridge_k02_s2_soc15_b10,exact_cg,k02_s2,2,2,p300_bridge,300.0,300.0,15.0,10.0,soc15_b10,historical_anchor,False,50.0,45.0,5.0,29,2,6ca7e2db690120699d59fc81428b0f1af00c5cc3889770e8f2860af040244932,/workspace/results/resolution_cost_local_20260820/outputs/rc_p300_bridge_k02_s2_soc15_b10.json,True,certified,True,20180,271471,0.19256377220153809,20267,,,,,,,0.5800538230032544,157.90234375,93,3.7801127433776855,4.366614596852742,93,0.4359577469913347,2.875568278010178,537,548,2.1875,0.1875,4.0,True,2.0,0.0,0.0,0.0,0.0010500313176049127,0.0,True,True,0.0
af_p300_bridge_k02_s2_soc15_b10,p300_bridge_k02_s2_soc15_b10,arc_flow,k02_s2,2,2,p300_bridge,300.0,300.0,15.0,10.0,soc15_b10,historical_anchor,False,50.0,45.0,5.0,29,2,6ca7e2db690120699d59fc81428b0f1af00c5cc3889770e8f2860af040244932,/workspace/results/resolution_cost_local_20260820/outputs/af_p300_bridge_k02_s2_soc15_b10.json,True,wall_limit,False,20180,271471,0.20740813999873353,20267,138181,138181,6931,324197,0.13982238699827576,5.515660962999391,54.36862288300108,802.796875,,,60.293461872999615,0,,,,,2.1875,0.1875,27.0,False,25.0,0.8888888888888888,0.0,0.0,,,True,True,0.0
rc_p300_bridge_k02_s2_soc10_b10,p300_bridge_k02_s2_soc10_b10,exact_cg,k02_s2,2,2,p300_bridge,300.0,300.0,10.0,10.0,soc10_b10,commensurate,True,50.0,50.0,0.0,29,2,6ca7e2db690120699d59fc81428b0f1af00c5cc3889770e8f2860af040244932,/workspace/results/resolution_cost_local_20260820/outputs/rc_p300_bridge_k02_s2_soc10_b10.json,True,certified,True,29772,402306,0.27411866188049316,29917,,,,,,,0.553495178999583,174.609375,79,4.521315097808838,5.084713230909983,79,0.39946436896934756,3.5776245619963447,705,732,2.2,0.20000000000000018,4.0,True,2.0,0.0,-0.012500000000000178,0.0,0.0012559208605024549,-9.952856420427093,True,True,0.0
af_p300_bridge_k02_s2_soc10_b10,p300_bridge_k02_s2_soc10_b10,arc_flow,k02_s2,2,2,p300_bridge,300.0,300.0,10.0,10.0,soc10_b10,commensurate,True,50.0,50.0,0.0,29,2,6ca7e2db690120699d59fc81428b0f1af00c5cc3889770e8f2860af040244932,/workspace/results/resolution_cost_local_20260820/outputs/af_p300_bridge_k02_s2_soc10_b10.json,True,wall_limit,False,29772,402306,0.284766339998896,29917,198875,198875,10138,467317,0.2131747160019586,9.54575201300031,50.48177624800155,840.01171875,,,60.603137034999236,0,,,,,2.2,0.20000000000000018,,False,,,-0.012500000000000178,,,,True,True,0.0
rc_p300_bridge_k02_s2_soc2p5_b10,p300_bridge_k02_s2_soc2p5_b10,exact_cg,k02_s2,2,2,p300_bridge,300.0,300.0,2.5,10.0,soc2p5_b10,commensurate,True,50.0,50.0,0.0,29,2,6ca7e2db690120699d59fc81428b0f1af00c5cc3889770e8f2860af040244932,/workspace/results/resolution_cost_local_20260820/outputs/rc_p300_bridge_k02_s2_soc2p5_b10.json,True,certified,True,116274,1593951,1.0825951099395752,116767,,,,,,,0.16286117999698035,303.453125,43,6.039452314376831,6.209244322468294,43,0.1876011980129988,4.609721572000126,551,573,2.153846153846154,0.1538461538461542,3.0,True,1.0,0.0,0.03365384615384581,1.0,0.001677625642882453,20.06040280596966,False,,
af_p300_bridge_k02_s2_soc2p5_b10,p300_bridge_k02_s2_soc2p5_b10,arc_flow,k02_s2,2,2,p300_bridge,300.0,300.0,2.5,10.0,soc2p5_b10,commensurate,True,50.0,50.0,0.0,29,2,6ca7e2db690120699d59fc81428b0f1af00c5cc3889770e8f2860af040244932,/workspace/results/resolution_cost_local_20260820/outputs/af_p300_bridge_k02_s2_soc2p5_b10.json,True,wall_limit,False,116274,1593951,1.0597150979992875,116767,638695,638695,35938,1490181,0.6450506209985178,23.6062275760014,,973.6484375,,,25.556176678997872,0,,,,,,,,False,,,,,,,False,,
rc_p300_bridge_k02_s2_soc10_b5,p300_bridge_k02_s2_soc10_b5,exact_cg,k02_s2,2,2,p300_bridge,300.0,300.0,10.0,5.0,soc10_b5,commensurate,False,25.0,20.0,5.0,29,2,6ca7e2db690120699d59fc81428b0f1af00c5cc3889770e8f2860af040244932,/workspace/results/resolution_cost_local_20260820/outputs/rc_p300_bridge_k02_s2_soc10_b5.json,True,certified,True,58788,762974,0.5436017513275146,58933,,,,,,,0.39096839299963904,218.71875,122,10.100781202316284,10.500066589029302,122,0.6209484399696521,8.521158428004128,628,656,2.125,0.125,3.0,True,1.0,0.0,0.0625,1.0,0.0028057725561989677,22.27550478456098,False,,
af_p300_bridge_k02_s2_soc10_b5,p300_bridge_k02_s2_soc10_b5,arc_flow,k02_s2,2,2,p300_bridge,300.0,300.0,10.0,5.0,soc10_b5,commensurate,False,25.0,20.0,5.0,29,2,6ca7e2db690120699d59fc81428b0f1af00c5cc3889770e8f2860af040244932,/workspace/results/resolution_cost_local_20260820/outputs/af_p300_bridge_k02_s2_soc10_b5.json,True,wall_limit,False,58788,762974,0.545578494999063,58933,409884,409884,20192,958101,0.4165188670012867,23.821592909000174,,641.3359375,,,24.93436775200098,0,,,,,,,,False,,,,,,,False,,
rc_p300_bridge_k02_s2_soc2p5_b5,p300_bridge_k02_s2_soc2p5_b5,exact_cg,k02_s2,2,2,p300_bridge,300.0,300.0,2.5,5.0,soc2p5_b5,commensurate,True,25.0,25.0,0.0,29,2,6ca7e2db690120699d59fc81428b0f1af00c5cc3889770e8f2860af040244932,/workspace/results/resolution_cost_local_20260820/outputs/rc_p300_bridge_k02_s2_soc2p5_b5.json,True,certified,True,229530,3065456,2.171166181564331,230023,,,,,,,0.262012777999189,475.6171875,66,16.009153127670288,16.28187805242851,66,0.4279466010048054,13.10448027498569,893,915,2.0,0.0,2.0,True,0.0,0.0,0.1875,2.0,0.004446986979908413,42.16337957523357,False,,
af_p300_bridge_k02_s2_soc2p5_b5,p300_bridge_k02_s2_soc2p5_b5,arc_flow,k02_s2,2,2,p300_bridge,300.0,300.0,2.5,5.0,soc2p5_b5,commensurate,True,25.0,25.0,0.0,29,2,6ca7e2db690120699d59fc81428b0f1af00c5cc3889770e8f2860af040244932,/workspace/results/resolution_cost_local_20260820/outputs/af_p300_bridge_k02_s2_soc2p5_b5.json,True,wall_limit,False,229530,3065456,2.136644238998997,230023,1380831,1380831,72809,3213871,1.3938408389985852,23.23514828399857,,1922.8125,,,27.283581553998374,0,,,,,,,,False,,,,,,,False,,
rc_p300_bridge_k02_s2_soc10_b2p5,p300_bridge_k02_s2_soc10_b2p5,exact_cg,k02_s2,2,2,p300_bridge,300.0,300.0,10.0,2.5,soc10_b2p5,commensurate,False,12.5,10.0,2.5,29,2,6ca7e2db690120699d59fc81428b0f1af00c5cc3889770e8f2860af040244932,/workspace/results/resolution_cost_local_20260820/outputs/rc_p300_bridge_k02_s2_soc10_b2p5.json,True,certified,True,116820,1495852,1.052006721496582,116965,,,,,,,0.22686644999703276,304.03125,137,20.234264850616455,20.468092884704674,137,0.6780843730193737,17.928887431993644,491,516,2.083333333333333,0.08333333333333304,3.0,True,1.0,0.0,0.10416666666666696,1.0,0.005620629125171237,18.53291942002906,False,,
af_p300_bridge_k02_s2_soc10_b2p5,p300_bridge_k02_s2_soc10_b2p5,arc_flow,k02_s2,2,2,p300_bridge,300.0,300.0,10.0,2.5,soc10_b2p5,commensurate,False,12.5,10.0,2.5,29,2,6ca7e2db690120699d59fc81428b0f1af00c5cc3889770e8f2860af040244932,/workspace/results/resolution_cost_local_20260820/outputs/af_p300_bridge_k02_s2_soc10_b2p5.json,True,wall_limit,False,116820,1495852,1.0594309650005016,116965,840295,840295,40336,1960222,0.8435651969994069,23.629721348999738,,1173.046875,,,25.83248059499965,0,,,,,,,,False,,,,,,,False,,
rc_p300_bridge_k02_s2_soc2p5_b2p5,p300_bridge_k02_s2_soc2p5_b2p5,exact_cg,k02_s2,2,2,p300_bridge,300.0,300.0,2.5,2.5,soc2p5_b2p5,commensurate,True,12.5,12.5,0.0,29,2,6ca7e2db690120699d59fc81428b0f1af00c5cc3889770e8f2860af040244932,/workspace/results/resolution_cost_local_20260820/outputs/rc_p300_bridge_k02_s2_soc2p5_b2p5.json,True,certified,True,456042,5986164,4.574181079864502,456535,,,,,,,0.17901535499913734,806.61328125,93,41.785943269729614,41.97386785019262,93,0.4783077549909649,36.286842288001935,699,725,2.0,0.0,2.0,True,0.0,0.0,0.1875,2.0,0.011607206463813781,16.153757631911123,False,,
af_p300_bridge_k02_s2_soc2p5_b2p5,p300_bridge_k02_s2_soc2p5_b2p5,arc_flow,k02_s2,2,2,p300_bridge,300.0,300.0,2.5,2.5,soc2p5_b2p5,commensurate,True,12.5,12.5,0.0,29,2,6ca7e2db690120699d59fc81428b0f1af00c5cc3889770e8f2860af040244932,/workspace/results/resolution_cost_local_20260820/outputs/af_p300_bridge_k02_s2_soc2p5_b2p5.json,True,wall_limit,False,456042,5986164,4.365603247002582,456535,2958148,2958148,148890,6882082,2.9928349280016846,22.62404838600196,,3892.84375,,,31.10144206199766,0,,,,,,,,False,,,,,,,False,,
rc_p300_bridge_k02_s3_soc15_b10,p300_bridge_k02_s3_soc15_b10,exact_cg,k02_s3,2,3,p300_bridge,300.0,300.0,15.0,10.0,soc15_b10,historical_anchor,False,50.0,45.0,5.0,56,2,ec5d73b5b841b36be694c3ef8e4003b8cdfa1997f6f8afb8e6b7aad7581461b5,/workspace/results/resolution_cost_local_20260820/outputs/rc_p300_bridge_k02_s3_soc15_b10.json,True,certified,True,20754,705907,0.3762021064758301,20834,,,,,,,,227.26953125,546,56.985888957977295,57.05999755859375,546,21.19571749793613,33.59145942995383,2861,2906,2.274725274725276,0.27472527472527597,,,,,0.0,,0.01582941359943814,0.0,False,,
af_p300_bridge_k02_s3_soc15_b10,p300_bridge_k02_s3_soc15_b10,arc_flow,k02_s3,2,3,p300_bridge,300.0,300.0,15.0,10.0,soc15_b10,historical_anchor,False,50.0,45.0,5.0,56,2,ec5d73b5b841b36be694c3ef8e4003b8cdfa1997f6f8afb8e6b7aad7581461b5,/workspace/results/resolution_cost_local_20260820/outputs/af_p300_bridge_k02_s3_soc15_b10.json,False,missing,False,,,,20834,,,,,,,,,,,,0,,,,,,,,False,,,,,,,False,,
rc_p300_bridge_k02_s3_soc10_b10,p300_bridge_k02_s3_soc10_b10,exact_cg,k02_s3,2,3,p300_bridge,300.0,300.0,10.0,10.0,soc10_b10,commensurate,True,50.0,50.0,0.0,56,2,ec5d73b5b841b36be694c3ef8e4003b8cdfa1997f6f8afb8e6b7aad7581461b5,/workspace/results/resolution_cost_local_20260820/outputs/rc_p300_bridge_k02_s3_soc10_b10.json,True,certified,True,30636,1046031,0.5482974052429199,30754,,,,,,,,241.6796875,547,64.60287642478943,64.6525182723999,547,15.360014164994936,47.04520508801215,1912,1961,2.2641509433962246,0.2641509433962246,,,,,0.01057433132905139,,0.017945243451330396,0.5892553844549513,False,,
af_p300_bridge_k02_s3_soc10_b10,p300_bridge_k02_s3_soc10_b10,arc_flow,k02_s3,2,3,p300_bridge,300.0,300.0,10.0,10.0,soc10_b10,commensurate,True,50.0,50.0,0.0,56,2,ec5d73b5b841b36be694c3ef8e4003b8cdfa1997f6f8afb8e6b7aad7581461b5,/workspace/results/resolution_cost_local_20260820/outputs/af_p300_bridge_k02_s3_soc10_b10.json,False,missing,False,,,,30754,,,,,,,,,,,,0,,,,,,,,False,,,,,,,False,,
rc_p300_bridge_k02_s3_soc2p5_b10,p300_bridge_k02_s3_soc2p5_b10,exact_cg,k02_s3,2,3,p300_bridge,300.0,300.0,2.5,10.0,soc2p5_b10,commensurate,True,50.0,50.0,0.0,56,2,ec5d73b5b841b36be694c3ef8e4003b8cdfa1997f6f8afb8e6b7aad7581461b5,/workspace/results/resolution_cost_local_20260820/outputs/rc_p300_bridge_k02_s3_soc2p5_b10.json,True,wall_limit,False,119677,4121277,2.2482364177703857,120034,,,,,,,,513.71875,,,120.070974111557,369,13.599667393049458,102.93362750601227,2419,2475,,,,,,,,,,,False,,
af_p300_bridge_k02_s3_soc2p5_b10,p300_bridge_k02_s3_soc2p5_b10,arc_flow,k02_s3,2,3,p300_bridge,300.0,300.0,2.5,10.0,soc2p5_b10,commensurate,True,50.0,50.0,0.0,56,2,ec5d73b5b841b36be694c3ef8e4003b8cdfa1997f6f8afb8e6b7aad7581461b5,/workspace/results/resolution_cost_local_20260820/outputs/af_p300_bridge_k02_s3_soc2p5_b10.json,False,missing,False,,,,120034,,,,,,,,,,,,0,,,,,,,,False,,,,,,,False,,
rc_p300_bridge_k02_s3_soc10_b5,p300_bridge_k02_s3_soc10_b5,exact_cg,k02_s3,2,3,p300_bridge,300.0,300.0,10.0,5.0,soc10_b5,commensurate,False,25.0,20.0,5.0,56,2,ec5d73b5b841b36be694c3ef8e4003b8cdfa1997f6f8afb8e6b7aad7581461b5,/workspace/results/resolution_cost_local_20260820/outputs/rc_p300_bridge_k02_s3_soc10_b5.json,True,certified,True,59652,2032486,1.0710859298706055,59770,,,,,,,,344.7578125,530,104.5021071434021,104.56493425369263,530,20.282703893943108,81.2794916269595,2278,2332,2.0855263157894735,0.08552631578947345,,,,,0.18919895893580252,,0.029028363095389472,6.517727448636354,False,,
af_p300_bridge_k02_s3_soc10_b5,p300_bridge_k02_s3_soc10_b5,arc_flow,k02_s3,2,3,p300_bridge,300.0,300.0,10.0,5.0,soc10_b5,commensurate,False,25.0,20.0,5.0,56,2,ec5d73b5b841b36be694c3ef8e4003b8cdfa1997f6f8afb8e6b7aad7581461b5,/workspace/results/resolution_cost_local_20260820/outputs/af_p300_bridge_k02_s3_soc10_b5.json,False,missing,False,,,,59770,,,,,,,,,,,,0,,,,,,,,False,,,,,,,False,,
rc_p300_bridge_k02_s3_soc2p5_b5,p300_bridge_k02_s3_soc2p5_b5,exact_cg,k02_s3,2,3,p300_bridge,300.0,300.0,2.5,5.0,soc2p5_b5,commensurate,True,25.0,25.0,0.0,56,2,ec5d73b5b841b36be694c3ef8e4003b8cdfa1997f6f8afb8e6b7aad7581461b5,/workspace/results/resolution_cost_local_20260820/outputs/rc_p300_bridge_k02_s3_soc2p5_b5.json,True,wall_limit,False,232933,8152289,4.727300405502319,233290,,,,,,,,904.5,,,120.56322956085205,217,10.593445061000239,103.99556174701866,5753,5809,,,,,,,,,,,False,,
af_p300_bridge_k02_s3_soc2p5_b5,p300_bridge_k02_s3_soc2p5_b5,arc_flow,k02_s3,2,3,p300_bridge,300.0,300.0,2.5,5.0,soc2p5_b5,commensurate,True,25.0,25.0,0.0,56,2,ec5d73b5b841b36be694c3ef8e4003b8cdfa1997f6f8afb8e6b7aad7581461b5,/workspace/results/resolution_cost_local_20260820/outputs/af_p300_bridge_k02_s3_soc2p5_b5.json,False,missing,False,,,,233290,,,,,,,,,,,,0,,,,,,,,False,,,,,,,False,,
rc_p300_bridge_k02_s3_soc10_b2p5,p300_bridge_k02_s3_soc10_b2p5,exact_cg,k02_s3,2,3,p300_bridge,300.0,300.0,10.0,2.5,soc10_b2p5,commensurate,False,12.5,10.0,2.5,56,2,ec5d73b5b841b36be694c3ef8e4003b8cdfa1997f6f8afb8e6b7aad7581461b5,/workspace/results/resolution_cost_local_20260820/outputs/rc_p300_bridge_k02_s3_soc10_b2p5.json,True,wall_limit,False,117684,3998407,2.0959115028381348,117802,,,,,,,,489.6953125,,,120.07778286933899,411,5.190079092015367,111.40707157400175,709,765,,,,,,,,,,,False,,
af_p300_bridge_k02_s3_soc10_b2p5,p300_bridge_k02_s3_soc10_b2p5,arc_flow,k02_s3,2,3,p300_bridge,300.0,300.0,10.0,2.5,soc10_b2p5,commensurate,False,12.5,10.0,2.5,56,2,ec5d73b5b841b36be694c3ef8e4003b8cdfa1997f6f8afb8e6b7aad7581461b5,/workspace/results/resolution_cost_local_20260820/outputs/af_p300_bridge_k02_s3_soc10_b2p5.json,False,missing,False,,,,117802,,,,,,,,,,,,0,,,,,,,,False,,,,,,,False,,
rc_p300_bridge_k02_s3_soc2p5_b2p5,p300_bridge_k02_s3_soc2p5_b2p5,exact_cg,k02_s3,2,3,p300_bridge,300.0,300.0,2.5,2.5,soc2p5_b2p5,commensurate,True,12.5,12.5,0.0,56,2,ec5d73b5b841b36be694c3ef8e4003b8cdfa1997f6f8afb8e6b7aad7581461b5,/workspace/results/resolution_cost_local_20260820/outputs/rc_p300_bridge_k02_s3_soc2p5_b2p5.json,True,wall_limit,False,459445,16025063,9.865964889526367,459802,,,,,,,,1531.94140625,,,120.42973399162292,112,1.790348961003474,108.19544925301307,1570,1626,,,,,,,,,,,False,,
af_p300_bridge_k02_s3_soc2p5_b2p5,p300_bridge_k02_s3_soc2p5_b2p5,arc_flow,k02_s3,2,3,p300_bridge,300.0,300.0,2.5,2.5,soc2p5_b2p5,commensurate,True,12.5,12.5,0.0,56,2,ec5d73b5b841b36be694c3ef8e4003b8cdfa1997f6f8afb8e6b7aad7581461b5,/workspace/results/resolution_cost_local_20260820/outputs/af_p300_bridge_k02_s3_soc2p5_b2p5.json,False,missing,False,,,,459802,,,,,,,,,,,,0,,,,,,,,False,,,,,,,False,,
rc_p300_bridge_k03_s1_soc15_b10,p300_bridge_k03_s1_soc15_b10,exact_cg,k03_s1,3,1,p300_bridge,300.0,300.0,15.0,10.0,soc15_b10,historical_anchor,False,50.0,45.0,5.0,61,3,e6ed7045cb2778b4de5954163a91d7ad439b9c6e3f42dd823c122c2ae35cbec5,/workspace/results/resolution_cost_local_20260820/outputs/rc_p300_bridge_k03_s1_soc15_b10.json,True,certified,True,20821,699716,0.3838024139404297,20939,,,,,,,,260.5859375,330,40.6868040561676,40.799322843551636,330,17.54797238707397,21.237515565993817,5359,5412,3.1818181818181825,0.18181818181818254,,,,,0.0,,0.011301890015602112,0.0,False,,
af_p300_bridge_k03_s1_soc15_b10,p300_bridge_k03_s1_soc15_b10,arc_flow,k03_s1,3,1,p300_bridge,300.0,300.0,15.0,10.0,soc15_b10,historical_anchor,False,50.0,45.0,5.0,61,3,e6ed7045cb2778b4de5954163a91d7ad439b9c6e3f42dd823c122c2ae35cbec5,/workspace/results/resolution_cost_local_20260820/outputs/af_p300_bridge_k03_s1_soc15_b10.json,False,missing,False,,,,20939,,,,,,,,,,,,0,,,,,,,,False,,,,,,,False,,
rc_p300_bridge_k03_s1_soc10_b10,p300_bridge_k03_s1_soc10_b10,exact_cg,k03_s1,3,1,p300_bridge,300.0,300.0,10.0,10.0,soc10_b10,commensurate,True,50.0,50.0,0.0,61,3,e6ed7045cb2778b4de5954163a91d7ad439b9c6e3f42dd823c122c2ae35cbec5,/workspace/results/resolution_cost_local_20260820/outputs/rc_p300_bridge_k03_s1_soc10_b10.json,True,certified,True,30736,1038269,0.5603897571563721,30909,,,,,,,,335.10546875,443,80.30764842033386,80.48597836494446,443,38.611486216894264,38.862953743038815,8221,8279,2.9999999999999902,0.0,,,,,0.18181818181819231,,0.022307680116759408,8.15047467358989,False,,
af_p300_bridge_k03_s1_soc10_b10,p300_bridge_k03_s1_soc10_b10,arc_flow,k03_s1,3,1,p300_bridge,300.0,300.0,10.0,10.0,soc10_b10,commensurate,True,50.0,50.0,0.0,61,3,e6ed7045cb2778b4de5954163a91d7ad439b9c6e3f42dd823c122c2ae35cbec5,/workspace/results/resolution_cost_local_20260820/outputs/af_p300_bridge_k03_s1_soc10_b10.json,False,missing,False,,,,30909,,,,,,,,,,,,0,,,,,,,,False,,,,,,,False,,
rc_p300_bridge_k03_s1_soc2p5_b10,p300_bridge_k03_s1_soc2p5_b10,exact_cg,k03_s1,3,1,p300_bridge,300.0,300.0,2.5,10.0,soc2p5_b10,commensurate,True,50.0,50.0,0.0,61,3,e6ed7045cb2778b4de5954163a91d7ad439b9c6e3f42dd823c122c2ae35cbec5,/workspace/results/resolution_cost_local_20260820/outputs/rc_p300_bridge_k03_s1_soc2p5_b10.json,True,wall_limit,False,120073,4094387,2.182748317718506,120639,,,,,,,,599.21875,,,120.41539716720581,329,27.429061158942204,88.79360980899946,8677,8738,,,,,,,,,,,False,,
af_p300_bridge_k03_s1_soc2p5_b10,p300_bridge_k03_s1_soc2p5_b10,arc_flow,k03_s1,3,1,p300_bridge,300.0,300.0,2.5,10.0,soc2p5_b10,commensurate,True,50.0,50.0,0.0,61,3,e6ed7045cb2778b4de5954163a91d7ad439b9c6e3f42dd823c122c2ae35cbec5,/workspace/results/resolution_cost_local_20260820/outputs/af_p300_bridge_k03_s1_soc2p5_b10.json,False,missing,False,,,,120639,,,,,,,,,,,,0,,,,,,,,False,,,,,,,False,,
rc_p300_bridge_k03_s1_soc10_b5,p300_bridge_k03_s1_soc10_b5,exact_cg,k03_s1,3,1,p300_bridge,300.0,300.0,10.0,5.0,soc10_b5,commensurate,False,25.0,20.0,5.0,61,3,e6ed7045cb2778b4de5954163a91d7ad439b9c6e3f42dd823c122c2ae35cbec5,/workspace/results/resolution_cost_local_20260820/outputs/rc_p300_bridge_k03_s1_soc10_b5.json,True,wall_limit,False,59752,2006813,1.0779454708099365,59925,,,,,,,,412.12890625,,,120.2938666343689,522,32.89558040898555,83.55213896397981,5792,5853,,,,,,,,,,,False,,
af_p300_bridge_k03_s1_soc10_b5,p300_bridge_k03_s1_soc10_b5,arc_flow,k03_s1,3,1,p300_bridge,300.0,300.0,10.0,5.0,soc10_b5,commensurate,False,25.0,20.0,5.0,61,3,e6ed7045cb2778b4de5954163a91d7ad439b9c6e3f42dd823c122c2ae35cbec5,/workspace/results/resolution_cost_local_20260820/outputs/af_p300_bridge_k03_s1_soc10_b5.json,False,missing,False,,,,59925,,,,,,,,,,,,0,,,,,,,,False,,,,,,,False,,
rc_p300_bridge_k03_s1_soc2p5_b5,p300_bridge_k03_s1_soc2p5_b5,exact_cg,k03_s1,3,1,p300_bridge,300.0,300.0,2.5,5.0,soc2p5_b5,commensurate,True,25.0,25.0,0.0,61,3,e6ed7045cb2778b4de5954163a91d7ad439b9c6e3f42dd823c122c2ae35cbec5,/workspace/results/resolution_cost_local_20260820/outputs/rc_p300_bridge_k03_s1_soc2p5_b5.json,True,wall_limit,False,233329,8051977,4.646234035491943,233895,,,,,,,,881.3984375,,,120.35084986686707,202,7.041651997024019,107.57141815294744,3673,3734,,,,,,,,,,,False,,
af_p300_bridge_k03_s1_soc2p5_b5,p300_bridge_k03_s1_soc2p5_b5,arc_flow,k03_s1,3,1,p300_bridge,300.0,300.0,2.5,5.0,soc2p5_b5,commensurate,True,25.0,25.0,0.0,61,3,e6ed7045cb2778b4de5954163a91d7ad439b9c6e3f42dd823c122c2ae35cbec5,/workspace/results/resolution_cost_local_20260820/outputs/af_p300_bridge_k03_s1_soc2p5_b5.json,False,missing,False,,,,233895,,,,,,,,,,,,0,,,,,,,,False,,,,,,,False,,
rc_p300_bridge_k03_s1_soc10_b2p5,p300_bridge_k03_s1_soc10_b2p5,exact_cg,k03_s1,3,1,p300_bridge,300.0,300.0,10.0,2.5,soc10_b2p5,commensurate,False,12.5,10.0,2.5,61,3,e6ed7045cb2778b4de5954163a91d7ad439b9c6e3f42dd823c122c2ae35cbec5,/workspace/results/resolution_cost_local_20260820/outputs/rc_p300_bridge_k03_s1_soc10_b2p5.json,True,wall_limit,False,117784,3946029,2.116898775100708,117957,,,,,,,,500.578125,,,120.04401421546936,397,5.687805887017021,110.85194453599252,1097,1158,,,,,,,,,,,False,,
af_p300_bridge_k03_s1_soc10_b2p5,p300_bridge_k03_s1_soc10_b2p5,arc_flow,k03_s1,3,1,p300_bridge,300.0,300.0,10.0,2.5,soc10_b2p5,commensurate,False,12.5,10.0,2.5,61,3,e6ed7045cb2778b4de5954163a91d7ad439b9c6e3f42dd823c122c2ae35cbec5,/workspace/results/resolution_cost_local_20260820/outputs/af_p300_bridge_k03_s1_soc10_b2p5.json,False,missing,False,,,,117957,,,,,,,,,,,,0,,,,,,,,False,,,,,,,False,,
rc_p300_bridge_k03_s1_soc2p5_b2p5,p300_bridge_k03_s1_soc2p5_b2p5,exact_cg,k03_s1,3,1,p300_bridge,300.0,300.0,2.5,2.5,soc2p5_b2p5,commensurate,True,12.5,12.5,0.0,61,3,e6ed7045cb2778b4de5954163a91d7ad439b9c6e3f42dd823c122c2ae35cbec5,/workspace/results/resolution_cost_local_20260820/outputs/rc_p300_bridge_k03_s1_soc2p5_b2p5.json,True,wall_limit,False,459841,15800844,9.73370361328125,460407,,,,,,,,1522.984375,,,120.93988633155823,110,0.9652690840048308,109.74565508100932,781,842,,,,,,,,,,,False,,
af_p300_bridge_k03_s1_soc2p5_b2p5,p300_bridge_k03_s1_soc2p5_b2p5,arc_flow,k03_s1,3,1,p300_bridge,300.0,300.0,2.5,2.5,soc2p5_b2p5,commensurate,True,12.5,12.5,0.0,61,3,e6ed7045cb2778b4de5954163a91d7ad439b9c6e3f42dd823c122c2ae35cbec5,/workspace/results/resolution_cost_local_20260820/outputs/af_p300_bridge_k03_s1_soc2p5_b2p5.json,False,missing,False,,,,460407,,,,,,,,,,,,0,,,,,,,,False,,,,,,,False,,
rc_p300_bridge_k03_s2_soc15_b10,p300_bridge_k03_s2_soc15_b10,exact_cg,k03_s2,3,2,p300_bridge,300.0,300.0,15.0,10.0,soc15_b10,historical_anchor,False,50.0,45.0,5.0,71,3,0205f86e964212942b6af5690adcbcd006df8263cc2fe103ea7923d28e378397,/workspace/results/resolution_cost_local_20260820/outputs/rc_p300_bridge_k03_s2_soc15_b10.json,True,certified,True,21024,827145,0.43760108947753906,21149,,,,,,,60.39414768200004,299.6015625,693,110.48021674156189,171.0347822187432,693,52.262790812001185,55.14729511299811,6215,6285,3.404697986577185,0.4046979865771849,10.0,False,7.0,0.6000000000000278,0.0,0.0,0.030688949094878303,0.0,False,,
af_p300_bridge_k03_s2_soc15_b10,p300_bridge_k03_s2_soc15_b10,arc_flow,k03_s2,3,2,p300_bridge,300.0,300.0,15.0,10.0,soc15_b10,historical_anchor,False,50.0,45.0,5.0,71,3,0205f86e964212942b6af5690adcbcd006df8263cc2fe103ea7923d28e378397,/workspace/results/resolution_cost_local_20260820/outputs/af_p300_bridge_k03_s2_soc15_b10.json,True,wall_limit,False,21024,827145,0.45741000800262555,21149,495194,495194,14637,1132842,0.5023633079981664,23.85166166199997,,710.453125,,,24.96349063699745,0,,,,,,,,False,,,,,,,False,,
rc_p300_bridge_k03_s2_soc10_b10,p300_bridge_k03_s2_soc10_b10,exact_cg,k03_s2,3,2,p300_bridge,300.0,300.0,10.0,10.0,soc10_b10,commensurate,True,50.0,50.0,0.0,71,3,0205f86e964212942b6af5690adcbcd006df8263cc2fe103ea7923d28e378397,/workspace/results/resolution_cost_local_20260820/outputs/rc_p300_bridge_k03_s2_soc10_b10.json,True,certified,True,31026,1225652,0.639885425567627,31219,,,,,,,60.44009432099847,338.328125,507,102.86887788772583,163.51194819711236,507,45.655933176010876,54.26696983693546,6670,6739,3.4031071136549476,0.40310711365494756,9.0,False,6.0,0.5555555555555556,0.001590872922237363,1.0,0.028574688302146063,0.055674200376767805,False,,
af_p300_bridge_k03_s2_soc10_b10,p300_bridge_k03_s2_soc10_b10,arc_flow,k03_s2,3,2,p300_bridge,300.0,300.0,10.0,10.0,soc10_b10,commensurate,True,50.0,50.0,0.0,71,3,0205f86e964212942b6af5690adcbcd006df8263cc2fe103ea7923d28e378397,/workspace/results/resolution_cost_local_20260820/outputs/af_p300_bridge_k03_s2_soc10_b10.json,True,wall_limit,False,31026,1225652,0.6659975000002305,31219,697602,697602,21013,1590312,0.7042400739992445,23.78382238800259,,957.546875,,,25.366893778002122,0,,,,,,,,False,,,,,,,False,,
rc_p300_bridge_k03_s2_soc2p5_b10,p300_bridge_k03_s2_soc2p5_b10,exact_cg,k03_s2,3,2,p300_bridge,300.0,300.0,2.5,10.0,soc2p5_b10,commensurate,True,50.0,50.0,0.0,71,3,0205f86e964212942b6af5690adcbcd006df8263cc2fe103ea7923d28e378397,/workspace/results/resolution_cost_local_20260820/outputs/rc_p300_bridge_k03_s2_soc2p5_b10.json,True,wall_limit,False,121237,4833281,2.5918614864349365,121849,,,,,,,60.31388530699769,624.42578125,,,180.75273642508546,280,22.595723487011128,93.63746817902575,6005,6076,,,6.0,False,3.0,0.33333333333337783,,4.0,,,False,,
af_p300_bridge_k03_s2_soc2p5_b10,p300_bridge_k03_s2_soc2p5_b10,arc_flow,k03_s2,3,2,p300_bridge,300.0,300.0,2.5,10.0,soc2p5_b10,commensurate,True,50.0,50.0,0.0,71,3,0205f86e964212942b6af5690adcbcd006df8263cc2fe103ea7923d28e378397,/workspace/results/resolution_cost_local_20260820/outputs/af_p300_bridge_k03_s2_soc2p5_b10.json,True,wall_limit,False,121237,4833281,2.6258164009996108,121849,2511057,2511057,78692,5690349,2.529834528999345,23.25568556899816,,3164.90625,,,29.20760027600045,0,,,,,,,,False,,,,,,,False,,
rc_p300_bridge_k03_s2_soc10_b5,p300_bridge_k03_s2_soc10_b5,exact_cg,k03_s2,3,2,p300_bridge,300.0,300.0,10.0,5.0,soc10_b5,commensurate,False,25.0,20.0,5.0,71,3,0205f86e964212942b6af5690adcbcd006df8263cc2fe103ea7923d28e378397,/workspace/results/resolution_cost_local_20260820/outputs/rc_p300_bridge_k03_s2_soc10_b5.json,True,wall_limit,False,60042,2369353,1.2550849914550781,60235,,,,,,,23.361181797001336,388.875,,,143.5292218341565,549,15.67103708095965,101.02887096897393,2527,2598,,,7.0,True,4.0,0.0,,3.0,,,False,,
af_p300_bridge_k03_s2_soc10_b5,p300_bridge_k03_s2_soc10_b5,arc_flow,k03_s2,3,2,p300_bridge,300.0,300.0,10.0,5.0,soc10_b5,commensurate,False,25.0,20.0,5.0,71,3,0205f86e964212942b6af5690adcbcd006df8263cc2fe103ea7923d28e378397,/workspace/results/resolution_cost_local_20260820/outputs/af_p300_bridge_k03_s2_soc10_b5.json,True,wall_limit,False,60042,2369353,1.3049974530003965,60235,1404172,1404172,41054,3195096,1.4097219389987004,23.600364071000513,,1810.81640625,,,26.739252782997937,0,,,,,,,,False,,,,,,,False,,
rc_p300_bridge_k03_s2_soc2p5_b5,p300_bridge_k03_s2_soc2p5_b5,exact_cg,k03_s2,3,2,p300_bridge,300.0,300.0,2.5,5.0,soc2p5_b5,commensurate,True,25.0,25.0,0.0,71,3,0205f86e964212942b6af5690adcbcd006df8263cc2fe103ea7923d28e378397,/workspace/results/resolution_cost_local_20260820/outputs/rc_p300_bridge_k03_s2_soc2p5_b5.json,True,wall_limit,False,234493,9509778,5.2280755043029785,235105,,,,,,,1.3692241570024635,974.53125,,,121.57311781850149,184,4.215984851005487,109.80288335399746,3655,3726,,,3.0,True,0.0,0.0,,7.0,,,False,,
af_p300_bridge_k03_s2_soc2p5_b5,p300_bridge_k03_s2_soc2p5_b5,arc_flow,k03_s2,3,2,p300_bridge,300.0,300.0,2.5,5.0,soc2p5_b5,commensurate,True,25.0,25.0,0.0,71,3,0205f86e964212942b6af5690adcbcd006df8263cc2fe103ea7923d28e378397,/workspace/results/resolution_cost_local_20260820/outputs/af_p300_bridge_k03_s2_soc2p5_b5.json,True,wall_limit,False,234493,9509778,5.524011408997467,235105,5173777,5173777,154284,11719500,5.357218746001308,,,1269.70703125,,,12.55384480900102,0,,,,,,,,False,,,,,,,False,,
rc_p300_bridge_k03_s2_soc10_b2p5,p300_bridge_k03_s2_soc10_b2p5,exact_cg,k03_s2,3,2,p300_bridge,300.0,300.0,10.0,2.5,soc10_b2p5,commensurate,False,12.5,10.0,2.5,71,3,0205f86e964212942b6af5690adcbcd006df8263cc2fe103ea7923d28e378397,/workspace/results/resolution_cost_local_20260820/outputs/rc_p300_bridge_k03_s2_soc10_b2p5.json,True,wall_limit,False,118074,4657091,2.468641996383667,118267,,,,,,,2.276206907001324,551.0078125,,,122.60047858592588,332,4.774633199926029,111.72138637000535,1031,1102,,,6.0,True,3.0,0.0,,4.0,,,False,,
af_p300_bridge_k03_s2_soc10_b2p5,p300_bridge_k03_s2_soc10_b2p5,arc_flow,k03_s2,3,2,p300_bridge,300.0,300.0,10.0,2.5,soc10_b2p5,commensurate,False,12.5,10.0,2.5,71,3,0205f86e964212942b6af5690adcbcd006df8263cc2fe103ea7923d28e378397,/workspace/results/resolution_cost_local_20260820/outputs/af_p300_bridge_k03_s2_soc10_b2p5.json,True,wall_limit,False,118074,4657091,2.7820744939999713,118267,2888364,2888364,81835,6568802,2.95575775999896,23.27939137499925,,3510.09765625,,,30.003217997997126,0,,,,,,,,False,,,,,,,False,,
rc_p300_bridge_k03_s2_soc2p5_b2p5,p300_bridge_k03_s2_soc2p5_b2p5,exact_cg,k03_s2,3,2,p300_bridge,300.0,300.0,2.5,2.5,soc2p5_b2p5,commensurate,True,12.5,12.5,0.0,71,3,0205f86e964212942b6af5690adcbcd006df8263cc2fe103ea7923d28e378397,/workspace/results/resolution_cost_local_20260820/outputs/rc_p300_bridge_k03_s2_soc2p5_b2p5.json,True,wall_limit,False,461005,18664575,11.262723922729492,461617,,,,,,,0.8724988020003366,1730.6015625,,,121.9577224767745,85,1.0355033420055406,108.2887623530005,1100,1171,,,4.0,True,1.0,0.0,,6.0,,,False,,
af_p300_bridge_k03_s2_soc2p5_b2p5,p300_bridge_k03_s2_soc2p5_b2p5,arc_flow,k03_s2,3,2,p300_bridge,300.0,300.0,2.5,2.5,soc2p5_b2p5,commensurate,True,12.5,12.5,0.0,71,3,0205f86e964212942b6af5690adcbcd006df8263cc2fe103ea7923d28e378397,/workspace/results/resolution_cost_local_20260820/outputs/af_p300_bridge_k03_s2_soc2p5_b2p5.json,True,wall_limit,False,461005,18664575,10.507615841001098,461617,10813617,10813617,309664,24491218,10.94196762300271,,,2424.4375,,,24.78687177500251,0,,,,,,,,False,,,,,,,False,,
rc_p300_bridge_k03_s3_soc15_b10,p300_bridge_k03_s3_soc15_b10,exact_cg,k03_s3,3,3,p300_bridge,300.0,300.0,15.0,10.0,soc15_b10,historical_anchor,False,50.0,45.0,5.0,47,3,2532b4fb13b6c22968578a3abd6d909986116318a08a3506ed7e41b41aa43f95,/workspace/results/resolution_cost_local_20260820/outputs/rc_p300_bridge_k03_s3_soc15_b10.json,True,certified,True,20547,554892,0.3615541458129883,20645,,,,,,,,237.16796875,264,24.735352754592896,24.807441473007202,264,11.865844478044892,11.129443538975465,4990,5036,3.0,0.0,,,,,0.0,,0.006870931320720248,0.0,False,,
af_p300_bridge_k03_s3_soc15_b10,p300_bridge_k03_s3_soc15_b10,arc_flow,k03_s3,3,3,p300_bridge,300.0,300.0,15.0,10.0,soc15_b10,historical_anchor,False,50.0,45.0,5.0,47,3,2532b4fb13b6c22968578a3abd6d909986116318a08a3506ed7e41b41aa43f95,/workspace/results/resolution_cost_local_20260820/outputs/af_p300_bridge_k03_s3_soc15_b10.json,False,missing,False,,,,20645,,,,,,,,,,,,0,,,,,,,,False,,,,,,,False,,
rc_p300_bridge_k03_s3_soc10_b10,p300_bridge_k03_s3_soc10_b10,exact_cg,k03_s3,3,3,p300_bridge,300.0,300.0,10.0,10.0,soc10_b10,commensurate,True,50.0,50.0,0.0,47,3,2532b4fb13b6c22968578a3abd6d909986116318a08a3506ed7e41b41aa43f95,/workspace/results/resolution_cost_local_20260820/outputs/rc_p300_bridge_k03_s3_soc10_b10.json,True,certified,True,30337,825378,0.522275447845459,30475,,,,,,,,275.76953125,368,42.10339403152466,42.20890665054321,368,22.40492187405107,17.40512120197309,6839,6881,3.0,0.0,,,,,0.0,,0.011695387230979072,0.0,False,,
af_p300_bridge_k03_s3_soc10_b10,p300_bridge_k03_s3_soc10_b10,arc_flow,k03_s3,3,3,p300_bridge,300.0,300.0,10.0,10.0,soc10_b10,commensurate,True,50.0,50.0,0.0,47,3,2532b4fb13b6c22968578a3abd6d909986116318a08a3506ed7e41b41aa43f95,/workspace/results/resolution_cost_local_20260820/outputs/af_p300_bridge_k03_s3_soc10_b10.json,False,missing,False,,,,30475,,,,,,,,,,,,0,,,,,,,,False,,,,,,,False,,
rc_p300_bridge_k03_s3_soc2p5_b10,p300_bridge_k03_s3_soc2p5_b10,exact_cg,k03_s3,3,3,p300_bridge,300.0,300.0,2.5,10.0,soc2p5_b10,commensurate,True,50.0,50.0,0.0,47,3,2532b4fb13b6c22968578a3abd6d909986116318a08a3506ed7e41b41aa43f95,/workspace/results/resolution_cost_local_20260820/outputs/rc_p300_bridge_k03_s3_soc2p5_b10.json,True,certified,True,118479,3248994,1.9624576568603516,118945,,,,,,,,479.8359375,224,48.47267985343933,48.548113107681274,224,11.116391934963758,34.33567254302034,5560,5606,3.0,0.0,,,,,0.0,,0.013464633292622036,0.0,False,,
af_p300_bridge_k03_s3_soc2p5_b10,p300_bridge_k03_s3_soc2p5_b10,arc_flow,k03_s3,3,3,p300_bridge,300.0,300.0,2.5,10.0,soc2p5_b10,commensurate,True,50.0,50.0,0.0,47,3,2532b4fb13b6c22968578a3abd6d909986116318a08a3506ed7e41b41aa43f95,/workspace/results/resolution_cost_local_20260820/outputs/af_p300_bridge_k03_s3_soc2p5_b10.json,False,missing,False,,,,118945,,,,,,,,,,,,0,,,,,,,,False,,,,,,,False,,
rc_p300_bridge_k03_s3_soc10_b5,p300_bridge_k03_s3_soc10_b5,exact_cg,k03_s3,3,3,p300_bridge,300.0,300.0,10.0,5.0,soc10_b5,commensurate,False,25.0,20.0,5.0,47,3,2532b4fb13b6c22968578a3abd6d909986116318a08a3506ed7e41b41aa43f95,/workspace/results/resolution_cost_local_20260820/outputs/rc_p300_bridge_k03_s3_soc10_b5.json,True,certified,True,59353,1577773,1.1143085956573486,59491,,,,,,,,372.34375,413,65.41497302055359,65.52599883079529,413,22.696974682086875,39.42723454001316,6780,6820,3.0,0.0,,,,,0.0,,0.018170825839042663,0.0,False,,
af_p300_bridge_k03_s3_soc10_b5,p300_bridge_k03_s3_soc10_b5,arc_flow,k03_s3,3,3,p300_bridge,300.0,300.0,10.0,5.0,soc10_b5,commensurate,False,25.0,20.0,5.0,47,3,2532b4fb13b6c22968578a3abd6d909986116318a08a3506ed7e41b41aa43f95,/workspace/results/resolution_cost_local_20260820/outputs/af_p300_bridge_k03_s3_soc10_b5.json,False,missing,False,,,,59491,,,,,,,,,,,,0,,,,,,,,False,,,,,,,False,,
rc_p300_bridge_k03_s3_soc2p5_b5,p300_bridge_k03_s3_soc2p5_b5,exact_cg,k03_s3,3,3,p300_bridge,300.0,300.0,2.5,5.0,soc2p5_b5,commensurate,True,25.0,25.0,0.0,47,3,2532b4fb13b6c22968578a3abd6d909986116318a08a3506ed7e41b41aa43f95,/workspace/results/resolution_cost_local_20260820/outputs/rc_p300_bridge_k03_s3_soc2p5_b5.json,True,wall_limit,False,231735,6349095,3.9726850986480713,232201,,,,,,,,795.1640625,,,120.35880517959595,295,18.065954668993072,96.43939714699445,7305,7345,,,,,,,,,,,False,,
af_p300_bridge_k03_s3_soc2p5_b5,p300_bridge_k03_s3_soc2p5_b5,arc_flow,k03_s3,3,3,p300_bridge,300.0,300.0,2.5,5.0,soc2p5_b5,commensurate,True,25.0,25.0,0.0,47,3,2532b4fb13b6c22968578a3abd6d909986116318a08a3506ed7e41b41aa43f95,/workspace/results/resolution_cost_local_20260820/outputs/af_p300_bridge_k03_s3_soc2p5_b5.json,False,missing,False,,,,232201,,,,,,,,,,,,0,,,,,,,,False,,,,,,,False,,
rc_p300_bridge_k03_s3_soc10_b2p5,p300_bridge_k03_s3_soc10_b2p5,exact_cg,k03_s3,3,3,p300_bridge,300.0,300.0,10.0,2.5,soc10_b2p5,commensurate,False,12.5,10.0,2.5,47,3,2532b4fb13b6c22968578a3abd6d909986116318a08a3506ed7e41b41aa43f95,/workspace/results/resolution_cost_local_20260820/outputs/rc_p300_bridge_k03_s3_soc10_b2p5.json,True,certified,True,117385,3086626,1.9393792152404785,117523,,,,,,,,509.91796875,475,109.1120376586914,109.18127012252808,475,18.445987472940033,85.94832833701003,4794,4840,3.0,0.0,,,,,0.0,,0.0303088993496365,0.0,False,,
af_p300_bridge_k03_s3_soc10_b2p5,p300_bridge_k03_s3_soc10_b2p5,arc_flow,k03_s3,3,3,p300_bridge,300.0,300.0,10.0,2.5,soc10_b2p5,commensurate,False,12.5,10.0,2.5,47,3,2532b4fb13b6c22968578a3abd6d909986116318a08a3506ed7e41b41aa43f95,/workspace/results/resolution_cost_local_20260820/outputs/af_p300_bridge_k03_s3_soc10_b2p5.json,False,missing,False,,,,117523,,,,,,,,,,,,0,,,,,,,,False,,,,,,,False,,
rc_p300_bridge_k03_s3_soc2p5_b2p5,p300_bridge_k03_s3_soc2p5_b2p5,exact_cg,k03_s3,3,3,p300_bridge,300.0,300.0,2.5,2.5,soc2p5_b2p5,commensurate,True,12.5,12.5,0.0,47,3,2532b4fb13b6c22968578a3abd6d909986116318a08a3506ed7e41b41aa43f95,/workspace/results/resolution_cost_local_20260820/outputs/rc_p300_bridge_k03_s3_soc2p5_b2p5.json,True,wall_limit,False,458247,12383405,8.516526937484741,458713,,,,,,,,1309.984375,,,120.63708543777466,156,3.0622929919918533,107.99050499406076,3026,3073,,,,,,,,,,,False,,
af_p300_bridge_k03_s3_soc2p5_b2p5,p300_bridge_k03_s3_soc2p5_b2p5,arc_flow,k03_s3,3,3,p300_bridge,300.0,300.0,2.5,2.5,soc2p5_b2p5,commensurate,True,12.5,12.5,0.0,47,3,2532b4fb13b6c22968578a3abd6d909986116318a08a3506ed7e41b41aa43f95,/workspace/results/resolution_cost_local_20260820/outputs/af_p300_bridge_k03_s3_soc2p5_b2p5.json,False,missing,False,,,,458713,,,,,,,,,,,,0,,,,,,,,False,,,,,,,False,,
