pool,ordinal,incidence_sha256,trip_count,selected_in_solver_incumbent,selected_route_ordinal,classification,recorded_replay_valid,recorded_replay_reason,recorded_total_kwh,realized_total_kwh,discarded_grid_residual_kwh,mapping_sha256,continuous_realized_charging_blocks_sha256,stored_expanded_grid_cost,recomputed_expanded_grid_cost,expanded_grid_cost_matches_stored,continuous_realized_cost,expanded_minus_realized_cost
k40_r1_cs_raw_m1440,7,fe94b827f0455bee6f4a6a265286f827f18748ede569565ee827058085bad146,1,True,1,valid_as_recorded,True,,0,0,7.199999999999989,6046240e7db5221cb0bea1869807ff82185ef9d3496fd0e985d643305b462ebf,4f53cda18c2baa0c0354bb5f9a3ecbe5ed12ab4d8e11ba873c2f11161202b945,100000.0,100000.0,True,100000.0,0.0
k40_r1_cs_raw_m1440,11,41164c427f4cf681cc1b50eaf1a175e3574a1d015c6c90fbdaf77aea39d24086,1,True,2,valid_as_recorded,True,,0,0,12.399999999999977,d0e07169d6a0a69d1f8b64c4c315e5f3fc1a25f210e22bd09f0f9c48356e6285,4f53cda18c2baa0c0354bb5f9a3ecbe5ed12ab4d8e11ba873c2f11161202b945,100000.0,100000.0,True,100000.0,0.0
k40_r1_cs_raw_m1440,13,568f15e9fe7bcf0adbe2836f7b2c521ab414bcb65c1224ee0feda777965886f7,1,True,3,valid_as_recorded,True,,0,0,12.199999999999989,3e674ff09eac3d48f53d037453135762f729e70a452b2146936c24d9fa479282,4f53cda18c2baa0c0354bb5f9a3ecbe5ed12ab4d8e11ba873c2f11161202b945,100000.0,100000.0,True,100000.0,0.0
k40_r1_cs_raw_m1440,15,b8d52dc8aa20e6a056357c967c95447dd9feb6e3e818e98cb2b9183e8c918cc6,1,True,4,valid_as_recorded,True,,0,0,2.1999999999999886,fedf6a2956cff05c87247c9cc8a0ef4b86fc5b0ddddd261e2a122f811501e7f3,4f53cda18c2baa0c0354bb5f9a3ecbe5ed12ab4d8e11ba873c2f11161202b945,100000.0,100000.0,True,100000.0,0.0
k40_r1_cs_raw_m1440,16,3bcf2afdb32ea342100e69fd054bb7052791450672fdfa8a269e36a5fa7d5b7a,1,True,5,valid_as_recorded,True,,0,0,7.399999999999977,30ea83094df97a5276e577216f8b433303f4bf1b7b330ed4fe298ea5a9f5a820,4f53cda18c2baa0c0354bb5f9a3ecbe5ed12ab4d8e11ba873c2f11161202b945,100000.0,100000.0,True,100000.0,0.0
k40_r1_cs_raw_m1440,18,fe3b7b3db0778380f48e04b7f215ea1ac524bf0a846bcf78f8e3da2727707f1a,1,True,6,valid_as_recorded,True,,0,0,7.199999999999989,5d66457868328506b0f75ffa5df189335baabcade757f37a367b729741102428,4f53cda18c2baa0c0354bb5f9a3ecbe5ed12ab4d8e11ba873c2f11161202b945,100000.0,100000.0,True,100000.0,0.0
k40_r1_cs_raw_m1440,19,5c43cd9d0adb3c014f9d7ce845a81cb207abf73728f482b62681a2129455e9c8,1,True,7,valid_as_recorded,True,,0,0,2.0,fcb866b0c0743a93949f2a851941b440ec16fd63601a347113e71b897ec7091c,4f53cda18c2baa0c0354bb5f9a3ecbe5ed12ab4d8e11ba873c2f11161202b945,100000.0,100000.0,True,100000.0,0.0
k40_r1_cs_raw_m1440,21,49e165525ebdb26f765e7bbab7689c4772a55771dd3ce3b1786d75188895cf03,1,True,8,valid_as_recorded,True,,0,0,12.199999999999989,3f85e8d3efa37ddc32987c9f134a1acdf7c88f77778f5244d192bcd47522847c,4f53cda18c2baa0c0354bb5f9a3ecbe5ed12ab4d8e11ba873c2f11161202b945,100000.0,100000.0,True,100000.0,0.0
k40_r1_cs_raw_m1440,22,3db4e2d15128484c18e33cde50510caf0a36044278b0f9e265f49f31e9bb1ee0,1,True,9,valid_as_recorded,True,,0,0,12.199999999999989,19dd6314363b432327061b2a29c3c32f87f2e3da82d52282632633d8cb5a8628,4f53cda18c2baa0c0354bb5f9a3ecbe5ed12ab4d8e11ba873c2f11161202b945,100000.0,100000.0,True,100000.0,0.0
k40_r1_cs_raw_m1440,23,eb3c4eb5d08cfdfeccc15734ae86cde2e5f247299e3b6d5742dc35e67da62fad,1,True,10,valid_as_recorded,True,,0,0,12.199999999999989,9bb663c6e056c402b728f793af212093b80718dd6ea636ef5c937088071202de,4f53cda18c2baa0c0354bb5f9a3ecbe5ed12ab4d8e11ba873c2f11161202b945,100000.0,100000.0,True,100000.0,0.0
k40_r1_cs_raw_m1440,24,2dbe74fef49e2e8390183a9bc0e94501bb4a3486e9dfec32a7b685e86acefbab,1,True,11,valid_as_recorded,True,,0,0,12.199999999999989,a0b70a2f7e12f163890b69b39d414d90042d5452cbf0a2a642b9b74ab5b6663a,4f53cda18c2baa0c0354bb5f9a3ecbe5ed12ab4d8e11ba873c2f11161202b945,100000.0,100000.0,True,100000.0,0.0
k40_r1_cs_raw_m1440,25,501376e57c8da536b2be29ebdc7dbeacbd7b9520b4f2250e65b0fc60e72365ec,1,True,12,valid_as_recorded,True,,0,0,2.1999999999999886,25ee515f796c7723fbed18fd3a60f3a78554edf892a71ea430df9913278287d9,4f53cda18c2baa0c0354bb5f9a3ecbe5ed12ab4d8e11ba873c2f11161202b945,100000.0,100000.0,True,100000.0,0.0
k40_r1_cs_raw_m1440,27,9cab0519f56f13acec86572516e8ebe7b99aa40011ec3171c9c8af90c08cae7a,1,True,13,valid_as_recorded,True,,0,0,3.3999999999999773,a959b8e027e1616664ff7b786706844bb06f6cd218c40f828a0630d107ef4c94,4f53cda18c2baa0c0354bb5f9a3ecbe5ed12ab4d8e11ba873c2f11161202b945,100000.0,100000.0,True,100000.0,0.0
k40_r1_cs_raw_m1440,33,bb92d74f1bc9cdecef174885f4461ee391d54dcd2ad4a229c79c89543c2a6b92,1,True,14,valid_as_recorded,True,,0,0,2.0,d22f713f7b4e8449efbcfd56bc4db15810de5c6ba3d53a90f2ee14fc9cb6409e,4f53cda18c2baa0c0354bb5f9a3ecbe5ed12ab4d8e11ba873c2f11161202b945,100000.0,100000.0,True,100000.0,0.0
k40_r1_cs_raw_m1440,35,cf898e079ee71e303468636c3d556a4b0748b4d896c226e31cbdc1f1c20932e5,1,True,15,valid_as_recorded,True,,0,0,2.1999999999999886,31fd83f46d32cd7d1f086bb00be10c837eb16a4bf444d7078a81558579b394b5,4f53cda18c2baa0c0354bb5f9a3ecbe5ed12ab4d8e11ba873c2f11161202b945,100000.0,100000.0,True,100000.0,0.0
k40_r1_cs_raw_m1440,37,c08a6c60834029da34865da49e8fedcd012092c85e00a2ee74908da04f6b390d,1,True,16,valid_as_recorded,True,,0,0,7.399999999999977,8046f03cb85b5ac9cad3a579735c885e7d419b0bbe7b937b30af59bad00f9714,4f53cda18c2baa0c0354bb5f9a3ecbe5ed12ab4d8e11ba873c2f11161202b945,100000.0,100000.0,True,100000.0,0.0
k40_r1_cs_raw_m1440,38,13c77e96659c1378d28750952b6b14d355ff7ee5f207847353507dc07ec61fd7,1,True,17,valid_as_recorded,True,,0,0,9.199999999999989,d608bd8f78d13c9f3cd83d8a838a1c10ea39bd90d3585320744bf3c2adacd719,4f53cda18c2baa0c0354bb5f9a3ecbe5ed12ab4d8e11ba873c2f11161202b945,100000.0,100000.0,True,100000.0,0.0
k40_r1_cs_raw_m1440,39,3c2487b1e732eb168accd2f394b776519932cd77d5b74840e575428a0e87b71d,1,True,18,valid_as_recorded,True,,0,0,2.1999999999999886,d30fc5b2d9e71033c661edadbb67c9c7390d69a5871054cb56725849f1313fe1,4f53cda18c2baa0c0354bb5f9a3ecbe5ed12ab4d8e11ba873c2f11161202b945,100000.0,100000.0,True,100000.0,0.0
k40_r1_cs_raw_m1440,40,f95a4430faf75a94e0b43b026f54d8e7c4e259995c5b7a3441a07f393c9b1a65,1,True,19,valid_as_recorded,True,,0,0,7.199999999999989,c7c540809bc8644f71bc4caa05ccbc6a2851b1a2c4190f9682fd1c4a68f4c950,4f53cda18c2baa0c0354bb5f9a3ecbe5ed12ab4d8e11ba873c2f11161202b945,100000.0,100000.0,True,100000.0,0.0
k40_r1_cs_raw_m1440,42,445c49a31c9ea23cdd0a2d35c928b3bdfa784de56ad24fb693186661bbd0855b,1,True,20,valid_as_recorded,True,,0,0,12.199999999999989,8eb70cfcfaa766e57c7d533b47ca72fa697c1e2aae37705ca35a7baebae1efab,4f53cda18c2baa0c0354bb5f9a3ecbe5ed12ab4d8e11ba873c2f11161202b945,100000.0,100000.0,True,100000.0,0.0
k40_r1_cs_raw_m1440,44,5c35ba057b0df063570d87386f3fbadecab07cf18e93193c806317ccd34803eb,1,True,21,valid_as_recorded,True,,0,0,12.199999999999989,eeca544129869f197d8f7c6ef9c6cebacbfa1b6f4e34be07e7cf4012389e2b1b,4f53cda18c2baa0c0354bb5f9a3ecbe5ed12ab4d8e11ba873c2f11161202b945,100000.0,100000.0,True,100000.0,0.0
k40_r1_cs_raw_m1440,45,cdbfc2af0d53fa314d0da237758c778fa6c671a2bccb745fe2e2bdeed2504c26,1,True,22,valid_as_recorded,True,,0,0,12.199999999999989,49ef5d9d0e6cf2dde66a0bffd08de4440fb85091f954eab05c41e5c6fc743b59,4f53cda18c2baa0c0354bb5f9a3ecbe5ed12ab4d8e11ba873c2f11161202b945,100000.0,100000.0,True,100000.0,0.0
k40_r1_cs_raw_m1440,46,c6525896684c7616677ab273f27391d151d7136c0ce73393c5cf1f975530afc4,1,True,23,valid_as_recorded,True,,0,0,2.0,c3bb63db6b58e45d50bdf3c09caee05fdd805fbaaa6bbc504973aaab16dea737,4f53cda18c2baa0c0354bb5f9a3ecbe5ed12ab4d8e11ba873c2f11161202b945,100000.0,100000.0,True,100000.0,0.0
k40_r1_cs_raw_m1440,48,9864bbf4575cbc4b2531d30cb4c75bfc60885038098cf165f15b37c326d9698e,1,True,24,valid_as_recorded,True,,0,0,3.3999999999999773,fa598bf09531c50900bddfa65bbde8177a29e546e03167ba631aacd79a85f5ad,4f53cda18c2baa0c0354bb5f9a3ecbe5ed12ab4d8e11ba873c2f11161202b945,100000.0,100000.0,True,100000.0,0.0
k40_r1_cs_raw_m1440,49,23b199acaa0340d2cf07497f3d23bc5e8bafa8c6c028759080e0958507e348d0,1,True,25,valid_as_recorded,True,,0,0,2.1999999999999886,04445336aac76d686171bfaf7aabdb4f5762cd3c2ffd203253912877b28069c8,4f53cda18c2baa0c0354bb5f9a3ecbe5ed12ab4d8e11ba873c2f11161202b945,100000.0,100000.0,True,100000.0,0.0
k40_r1_cs_raw_m1440,51,2e826489cf9b9ae4387d7d0ff1c53e20764bab885bb8bcc36bad62c2f7dd97b1,1,True,26,valid_as_recorded,True,,0,0,12.199999999999989,e3ef2797c64027785f4e94d08bc4bfb844dc2bbc5d1daa1263eded27fcecc53a,4f53cda18c2baa0c0354bb5f9a3ecbe5ed12ab4d8e11ba873c2f11161202b945,100000.0,100000.0,True,100000.0,0.0
k40_r1_cs_raw_m1440,52,4982ba8cd50f8f24b3ef7453b753d3cf8e1b05ab79794e14168d8010c31fc3d7,1,True,27,valid_as_recorded,True,,0,0,12.199999999999989,71b4463d3f8d71da99464d3633cc4b97791029fef6bf160dc282f4df50880d96,4f53cda18c2baa0c0354bb5f9a3ecbe5ed12ab4d8e11ba873c2f11161202b945,100000.0,100000.0,True,100000.0,0.0
k40_r1_cs_raw_m1440,53,4b4529e9287b9371a97f0e8ec4b5599b9cb1ca2da200af4d36a8496fb9b2d83c,1,True,28,valid_as_recorded,True,,0,0,2.0,cb403ebb7655b1eec85859c81bde188facb49f4b0a406ce59d829511ebdedcd1,4f53cda18c2baa0c0354bb5f9a3ecbe5ed12ab4d8e11ba873c2f11161202b945,100000.0,100000.0,True,100000.0,0.0
k40_r1_cs_raw_m1440,54,17673dea3b100a600846ee04777d0c0c2379258f5b5cb1757f7a36f4956a6c41,1,True,29,valid_as_recorded,True,,0,0,12.199999999999989,a26bd810cdd62a23d4a6536f9c370ae8dfd2e415cd48ce41ed2aa9f478f11486,4f53cda18c2baa0c0354bb5f9a3ecbe5ed12ab4d8e11ba873c2f11161202b945,100000.0,100000.0,True,100000.0,0.0
k40_r1_cs_raw_m1440,57,0494aeb56d68d0683dcdc2856752cd331cb1a9112b239e9a529519dbe29e3e63,1,True,30,valid_as_recorded,True,,0,0,7.399999999999977,4eaf8fdacc2251467c462e37618b025ce40c129091e39156defbac8f062718ed,4f53cda18c2baa0c0354bb5f9a3ecbe5ed12ab4d8e11ba873c2f11161202b945,100000.0,100000.0,True,100000.0,0.0
k40_r1_cs_raw_m1440,58,a36ff6889c44ce283fe61ade035b4e0dbf2c90e677a3fc4391c2cea29aeda8b7,1,True,31,valid_as_recorded,True,,0,0,7.199999999999989,8f89c93bd01c5d5c436527906cfc25ca556577902344d56caceda591f03b1c50,4f53cda18c2baa0c0354bb5f9a3ecbe5ed12ab4d8e11ba873c2f11161202b945,100000.0,100000.0,True,100000.0,0.0
k40_r1_cs_raw_m1440,59,d1a8f22afc93fbba8b972464d102006b9fe265c03042882ce458c8ea85206b75,1,True,32,valid_as_recorded,True,,0,0,9.199999999999989,66b4b81a313e6f4acc035a2c4788110df5a86936ce5b4c493a31c274cb96af46,4f53cda18c2baa0c0354bb5f9a3ecbe5ed12ab4d8e11ba873c2f11161202b945,100000.0,100000.0,True,100000.0,0.0
k40_r1_cs_raw_m1440,61,b3fdec1080bd5304b17453ce58e9cf4d2e259632d07e23a213a353f15294d602,1,True,33,valid_as_recorded,True,,0,0,12.199999999999989,7f86d6375b0faaf0586c7bcb2029a6c7fff4f605434ae1f8d4429e200707405c,4f53cda18c2baa0c0354bb5f9a3ecbe5ed12ab4d8e11ba873c2f11161202b945,100000.0,100000.0,True,100000.0,0.0
k40_r1_cs_raw_m1440,62,9adb1464d8e0a4fc5be50834f82b5eaa4ee75dd784e012043086ad995bbc0b21,1,True,34,valid_as_recorded,True,,0,0,2.0,89d49afad2df1f8aa24634b8184f7d76bba2cb4f49480a40d8c47d9a796809f5,4f53cda18c2baa0c0354bb5f9a3ecbe5ed12ab4d8e11ba873c2f11161202b945,100000.0,100000.0,True,100000.0,0.0
k40_r1_cs_raw_m1440,65,00f9f95c19f328a80a35f85d92f1cb2c0e7b54d699ccdb6d8e8bac0db9f6a597,1,True,35,valid_as_recorded,True,,0,0,2.1999999999999886,5e82863c5432403ee7406a9845f6f229b8027e728a7c914091ecc2a6c7b92e3c,4f53cda18c2baa0c0354bb5f9a3ecbe5ed12ab4d8e11ba873c2f11161202b945,100000.0,100000.0,True,100000.0,0.0
k40_r1_cs_raw_m1440,66,5d8ee50cb72821e8288d96de7835f7672f5f77706e9efd3a2fac8fccdb986637,1,True,36,valid_as_recorded,True,,0,0,7.199999999999989,18878ae11ec9ff0445e44105d98c5e73716cc0ed1d3d93f574602f04fdedf0e7,4f53cda18c2baa0c0354bb5f9a3ecbe5ed12ab4d8e11ba873c2f11161202b945,100000.0,100000.0,True,100000.0,0.0
k40_r1_cs_raw_m1440,67,b603af9760dd1338905211cbbd764b6784126a118c251d56ddf94c695855ccb2,1,True,37,valid_as_recorded,True,,0,0,12.199999999999989,19f0cc586509e606c69fd58fd808e4ad2fbc03060c9c7c3f0c226ea611670bab,4f53cda18c2baa0c0354bb5f9a3ecbe5ed12ab4d8e11ba873c2f11161202b945,100000.0,100000.0,True,100000.0,0.0
k40_r1_cs_raw_m1440,68,d2e2d05a036d2e657e9eb7cb08778e15b87a50f1a03f62fc2f2beba913fdbbf0,1,True,38,valid_as_recorded,True,,0,0,12.199999999999989,bc8712fd691c28775c1f899cba2cde4e272864b2e676f36020500f710a082fd8,4f53cda18c2baa0c0354bb5f9a3ecbe5ed12ab4d8e11ba873c2f11161202b945,100000.0,100000.0,True,100000.0,0.0
k40_r1_cs_raw_m1440,70,38f4dadcf722e755691411270bf5f17f46127858a975cb5a99305a353c0f21a8,1,True,39,valid_as_recorded,True,,0,0,12.199999999999989,3603a458ca8c854e3fd53d4723c0b9c38ffe26db29fd91bbfe6f887e126e2dee,4f53cda18c2baa0c0354bb5f9a3ecbe5ed12ab4d8e11ba873c2f11161202b945,100000.0,100000.0,True,100000.0,0.0
k40_r1_cs_raw_m1440,73,298102af5917eada0a68613dac6dd05671f18db7c88f0ee75fb9c8e66157dbce,1,True,40,valid_as_recorded,True,,0,0,9.199999999999989,5dabc3e24660f2214887d0a574cc2670ee829537f14ab750ddd14a676e27bf87,4f53cda18c2baa0c0354bb5f9a3ecbe5ed12ab4d8e11ba873c2f11161202b945,100000.0,100000.0,True,100000.0,0.0
k40_r1_cs_raw_m1440,74,8b303d7783c79e7b724d41658980d89a22d12d30047bdf1f51f0fb9ca3e0edf9,1,True,41,valid_as_recorded,True,,0,0,2.1999999999999886,a0e0afcf684fcfa47fb5914e2b97f43f69724143c77e1f90c44716b10a9b3d61,4f53cda18c2baa0c0354bb5f9a3ecbe5ed12ab4d8e11ba873c2f11161202b945,100000.0,100000.0,True,100000.0,0.0
k40_r1_cs_raw_m1440,82,d137ea7afa84e92fc7e568636ce4b48a64b1646a38966b42caa11994a3ddb2e5,1,True,42,valid_as_recorded,True,,0,0,7.199999999999989,e3a29d08897d40f100f7631087c9d1c31cd45d8ab5422596c3ac148ba87c402c,4f53cda18c2baa0c0354bb5f9a3ecbe5ed12ab4d8e11ba873c2f11161202b945,100000.0,100000.0,True,100000.0,0.0
k40_r1_cs_raw_m1440,83,0dcf125c707020d9131f80175a35a893a59b85c34652446364022ba593b5b93f,1,True,43,valid_as_recorded,True,,0,0,14.600000000000023,284dbe935cea28fff11435a4c1b5a545033960c7b5f46633d5ccdae1e64f55ad,4f53cda18c2baa0c0354bb5f9a3ecbe5ed12ab4d8e11ba873c2f11161202b945,100000.0,100000.0,True,100000.0,0.0
k40_r1_cs_raw_m1440,85,f3c95d13a34c34b7e2a69c1947983a4fd88f2bc10b2e4d2d992a3fb66b55eca3,1,True,44,valid_as_recorded,True,,0,0,2.1999999999999886,d01a00a482c552d55460a5341ce26d2d0ca03e835c82527ae0731064435d3b5f,4f53cda18c2baa0c0354bb5f9a3ecbe5ed12ab4d8e11ba873c2f11161202b945,100000.0,100000.0,True,100000.0,0.0
k40_r1_cs_raw_m1440,86,9cc5d5f20f24afa64ce1e99f7e5ed0375c740e19a66ab928e5c24ad577e46123,1,True,45,valid_as_recorded,True,,0,0,12.199999999999989,aec0f34ab40a78c5754c05546e9700f831f61cb690ca93d928cdaddae075cfba,4f53cda18c2baa0c0354bb5f9a3ecbe5ed12ab4d8e11ba873c2f11161202b945,100000.0,100000.0,True,100000.0,0.0
k40_r1_cs_raw_m1440,87,27f438ab546b170899fe39abe6c15e5be9b4c0c469568b7f42eeb2e3f2982c81,1,True,46,valid_as_recorded,True,,0,0,12.199999999999989,72d588bd908e6f529ea7ee2c740fb3d6700e9dc5841459f4c7a03f2ee3562ba8,4f53cda18c2baa0c0354bb5f9a3ecbe5ed12ab4d8e11ba873c2f11161202b945,100000.0,100000.0,True,100000.0,0.0
k40_r1_cs_raw_m1440,88,b897108c15c849e1944882feb73fd3692240fda259b7627ba68e0b546be052f3,1,True,47,valid_as_recorded,True,,0,0,12.199999999999989,b7b4dbbca631e8502af84715aaa51c364698c452310145dd54d0d986aee4ade7,4f53cda18c2baa0c0354bb5f9a3ecbe5ed12ab4d8e11ba873c2f11161202b945,100000.0,100000.0,True,100000.0,0.0
k40_r1_cs_raw_m1440,89,a57d006bc402a3d86a78bb2c9923b2ee0296e0818412c907c69e8d8dbb997f59,1,True,48,valid_as_recorded,True,,0,0,2.0,6db4f5e040097b07fdda601918e8a252d7978414f64e6a1165386703532b2f3e,4f53cda18c2baa0c0354bb5f9a3ecbe5ed12ab4d8e11ba873c2f11161202b945,100000.0,100000.0,True,100000.0,0.0
k40_r1_cs_raw_m1440,93,da05a76abb126e897ae6e7fba16e1859a5d79c76b4bc2c4c3b89faeefe6a0965,1,True,49,valid_as_recorded,True,,0,0,2.1999999999999886,4eb6633f1c58f574405247a6682fa30306674c9f11ab16e800e3f4b29e63d65d,4f53cda18c2baa0c0354bb5f9a3ecbe5ed12ab4d8e11ba873c2f11161202b945,100000.0,100000.0,True,100000.0,0.0
k40_r1_cs_raw_m1440,96,ee07a7a0c971fe5da434c6e6b7d12f0dd6c506f8224c3f169db7e0c988dc419e,1,True,50,valid_as_recorded,True,,0,0,12.199999999999989,1011a5efdbf6d9ba6562a4e23fb29f36e01e75cb41d15be4f11d3cdb99c5a5d2,4f53cda18c2baa0c0354bb5f9a3ecbe5ed12ab4d8e11ba873c2f11161202b945,100000.0,100000.0,True,100000.0,0.0
k40_r1_cs_raw_m1440,99,db41c6194846e89df26b631d1d660fac9d6509b13a3ab080c9ea39175924bc44,1,True,51,valid_as_recorded,True,,0,0,12.199999999999989,85c43bf8adcc1b5fd93c9175d8baf5987bbf5d9c5343effd2490d31409c4b546,4f53cda18c2baa0c0354bb5f9a3ecbe5ed12ab4d8e11ba873c2f11161202b945,100000.0,100000.0,True,100000.0,0.0
k40_r1_cs_raw_m1440,102,d45d39f3996478609d46956d9f1c197532d82e79bab71d743148427b01e13cee,1,True,52,valid_as_recorded,True,,0,0,7.199999999999989,23920d5741e89e2da1f19eb1bc88966a579360684bc5d4bfc0872b51a15eba3a,4f53cda18c2baa0c0354bb5f9a3ecbe5ed12ab4d8e11ba873c2f11161202b945,100000.0,100000.0,True,100000.0,0.0
k40_r1_cs_raw_m1440,103,cb2128fa588a6c0496c6d771d91f263af38b9f56dfd7efdca2f2b424f0e0459b,1,True,53,valid_as_recorded,True,,0,0,3.3999999999999773,8ab8553688949b2b34876e55e6ac90068eb3d05cc7399e7b5c5b54c7b8c42340,4f53cda18c2baa0c0354bb5f9a3ecbe5ed12ab4d8e11ba873c2f11161202b945,100000.0,100000.0,True,100000.0,0.0
k40_r1_cs_raw_m1440,104,cbacec60bc382722c359f28b74c8436870255a19be94817942083ce6d3658fab,1,True,54,valid_as_recorded,True,,0,0,2.1999999999999886,15e40edad64e99b0fd9a5731bc3d0038442f34aa0ea8f5d4064aea40e25e1adc,4f53cda18c2baa0c0354bb5f9a3ecbe5ed12ab4d8e11ba873c2f11161202b945,100000.0,100000.0,True,100000.0,0.0
k40_r1_cs_raw_m1440,106,3dccad941301c4cc36db5630bfabb902f14e7d2cef55f0d81f299b723cee7048,1,True,55,valid_as_recorded,True,,0,0,12.199999999999989,49133fb839704231a50109ea5bee4ee257bdf79e21e5b44b1e8dc6e5e246b963,4f53cda18c2baa0c0354bb5f9a3ecbe5ed12ab4d8e11ba873c2f11161202b945,100000.0,100000.0,True,100000.0,0.0
k40_r1_cs_raw_m1440,109,ea8833e4cf9c0c9ac02998ebaf4fed7e76b926e1edfdeacf8b16f53fa05e055d,1,True,56,valid_as_recorded,True,,0,0,2.0,551b7c1b2dc215bc51c8820571fbeb6b4db06f0c0549435536d07d2d9216b3b8,4f53cda18c2baa0c0354bb5f9a3ecbe5ed12ab4d8e11ba873c2f11161202b945,100000.0,100000.0,True,100000.0,0.0
k40_r1_cs_raw_m1440,110,e7d570d84d4fb8ba0dc6e5f7ff328a76d65e40acde90f70b9c5492791e4de4f7,1,True,57,valid_as_recorded,True,,0,0,7.399999999999977,554c6a0145f0d5f822c01a568c7c9ec3e4c8f805a7455209899b9b3001a70a44,4f53cda18c2baa0c0354bb5f9a3ecbe5ed12ab4d8e11ba873c2f11161202b945,100000.0,100000.0,True,100000.0,0.0
k40_r1_cs_raw_m1440,111,12155a29e924e4b8778629204eb36c0274bba87c3aedc37261309d614573a80c,1,True,58,valid_as_recorded,True,,0,0,9.199999999999989,56417cad9f8c79f788fe3816f9aa8063bfa27cda9fde26e3d706b9bc5487b720,4f53cda18c2baa0c0354bb5f9a3ecbe5ed12ab4d8e11ba873c2f11161202b945,100000.0,100000.0,True,100000.0,0.0
k40_r1_cs_raw_m1440,113,d6d14dfdb7fd0a4c112e15b225516759ae3c31a1251f30ada266b712c9c06567,1,True,59,valid_as_recorded,True,,0,0,7.199999999999989,f57c3098e98c95e7ce755be06cc93399d555014fdd406862cae86a08c20859bd,4f53cda18c2baa0c0354bb5f9a3ecbe5ed12ab4d8e11ba873c2f11161202b945,100000.0,100000.0,True,100000.0,0.0
k40_r1_cs_raw_m1440,114,f62f005a00f3d5d65e96a9329998cf84f736688039e0a9c5fb322f5b8db1feef,1,True,60,valid_as_recorded,True,,0,0,2.1999999999999886,45d1d9af1e48d265ec0598a48a6aa1da11678923b8ce53eab1d6ef94f759ef7d,4f53cda18c2baa0c0354bb5f9a3ecbe5ed12ab4d8e11ba873c2f11161202b945,100000.0,100000.0,True,100000.0,0.0
k40_r1_cs_raw_m1440,117,87ee755851bc6b1de23b6f52ac16e55922b643f723e8a17e2f18c97b4f37823d,1,True,61,valid_as_recorded,True,,0,0,12.199999999999989,b14f900f2bcd4599eccc37fa2eaeec6ac808849761bb8e8dd8c9b3ab3a3a40e6,4f53cda18c2baa0c0354bb5f9a3ecbe5ed12ab4d8e11ba873c2f11161202b945,100000.0,100000.0,True,100000.0,0.0
k40_r1_cs_raw_m1440,120,ea38832e303c9a40cfe8b6160fd949f7317febe9633fc7c8a1153aa5e7c2512e,1,True,62,valid_as_recorded,True,,0,0,2.0,3c6c54110e945887513ff4930897208dd30903d448f0825d7671574fdb4b90be,4f53cda18c2baa0c0354bb5f9a3ecbe5ed12ab4d8e11ba873c2f11161202b945,100000.0,100000.0,True,100000.0,0.0
k40_r1_cs_raw_m1440,122,ed6be4acfc5393a4be9966c7fc2ae828325d39c58759ea6a55d3dcea6d03b9f8,1,True,63,valid_as_recorded,True,,0,0,7.199999999999989,0ac0bb7a2af9d862626d1d4cec0ac0bfd1cf56a6602ab473e16f5c310bd14d70,4f53cda18c2baa0c0354bb5f9a3ecbe5ed12ab4d8e11ba873c2f11161202b945,100000.0,100000.0,True,100000.0,0.0
k40_r1_cs_raw_m1440,123,38fc41bd815d669d946f6f9ac1658121c24412a63b732541da674ea79a30c937,1,True,64,valid_as_recorded,True,,0,0,9.399999999999977,ebaf56be8fb390e24046ab5aced84f656fa4c1d9589a86744338b3c3e3f4d210,4f53cda18c2baa0c0354bb5f9a3ecbe5ed12ab4d8e11ba873c2f11161202b945,100000.0,100000.0,True,100000.0,0.0
k40_r1_cs_raw_m1440,125,a0e7ee310005c50a63df935df6caf5b005a45efb89c1e9d9ad6f4883838f6dcc,1,True,65,valid_as_recorded,True,,0,0,3.8000000000000114,4ea66028be737bc6a0236ea64f8bae0da0477fa938f8c4d2139e38fe21e97167,4f53cda18c2baa0c0354bb5f9a3ecbe5ed12ab4d8e11ba873c2f11161202b945,100000.0,100000.0,True,100000.0,0.0
k40_r1_cs_raw_m1440,128,7fafea8bb70a25803404cc98432200b0dff4d821bef5e88ae49001858018a351,1,True,66,valid_as_recorded,True,,0,0,12.199999999999989,fb88991e476e74cca3b075388e3225e1880d3297d183e2385a22a69b26958a31,4f53cda18c2baa0c0354bb5f9a3ecbe5ed12ab4d8e11ba873c2f11161202b945,100000.0,100000.0,True,100000.0,0.0
k40_r1_cs_raw_m1440,130,413d6016202e8b924f178cca838035da5aee78dbcc7c775553d059d8369b3ed1,1,True,67,valid_as_recorded,True,,0,0,12.199999999999989,770cbb076c9347ca08233c38c5882c86bcdb6d25d77cb8972afe5dd10c1acae6,4f53cda18c2baa0c0354bb5f9a3ecbe5ed12ab4d8e11ba873c2f11161202b945,100000.0,100000.0,True,100000.0,0.0
k40_r1_cs_raw_m1440,132,97e885d7e854e5969514658f1111a7605927df9598928c3859b4f25cdb8cd104,1,True,68,valid_as_recorded,True,,0,0,2.0,1c55bbd3beecc56a023e493f0eb90b34d73f88b0d95cf251c1023fb2624e8b69,4f53cda18c2baa0c0354bb5f9a3ecbe5ed12ab4d8e11ba873c2f11161202b945,100000.0,100000.0,True,100000.0,0.0
k40_r1_cs_raw_m1440,133,c527d1a60907bd8be1f9f9a46a68aa2b7eb376e04e69008f94b0bd4a4f342296,1,True,69,valid_as_recorded,True,,0,0,9.199999999999989,d8caa33d6b54ec084b7dc1e38ecd0402a4978338d1de7461b48c132afc77d64d,4f53cda18c2baa0c0354bb5f9a3ecbe5ed12ab4d8e11ba873c2f11161202b945,100000.0,100000.0,True,100000.0,0.0
k40_r1_cs_raw_m1440,134,92e01eebbb25b670913615e2fea760a673c02188033741d158f18629b6180583,1,True,70,valid_as_recorded,True,,0,0,12.199999999999989,1cad88836b635a8e6816ae6f5f8bcde6fd9f20831b7041a0ac1f645e39215fd6,4f53cda18c2baa0c0354bb5f9a3ecbe5ed12ab4d8e11ba873c2f11161202b945,100000.0,100000.0,True,100000.0,0.0
k40_r1_cs_raw_m1440,136,f8afad1bb8937f658ed9dd088820b689880a2f9ef1b540ed421151ae27788ed8,1,True,71,valid_as_recorded,True,,0,0,2.1999999999999886,9bdb22845697ebb3b88012bc0caa3f644a1bdf33759790197307d1cf5f270bb3,4f53cda18c2baa0c0354bb5f9a3ecbe5ed12ab4d8e11ba873c2f11161202b945,100000.0,100000.0,True,100000.0,0.0
k40_r1_cs_raw_m1440,138,b6b754bab56dac1c09a508bdca7f483f09633b197665c368d23a69d5ae19817c,1,True,72,valid_as_recorded,True,,0,0,9.199999999999989,48f55aae1022371f42231d5c7f4f7ec8d77779cca369ad57bfc81479aa95b9e9,4f53cda18c2baa0c0354bb5f9a3ecbe5ed12ab4d8e11ba873c2f11161202b945,100000.0,100000.0,True,100000.0,0.0
k40_r1_cs_raw_m1440,140,5fe6fd5a67dad6120413d5ce92ebf9c71407ee51084d465581958ba4ef9df5c6,1,True,73,valid_as_recorded,True,,0,0,12.199999999999989,4f0c411a7bbf79a5bd27533ff8dffc6cba7a356b01f76bf7ddcf9a5570f406c2,4f53cda18c2baa0c0354bb5f9a3ecbe5ed12ab4d8e11ba873c2f11161202b945,100000.0,100000.0,True,100000.0,0.0
k40_r1_cs_raw_m1440,141,afddc5ba163c921d36ac88bf5d2be7369b6d4d44cecb613ab72fe6f55a9d4f0c,1,True,74,valid_as_recorded,True,,0,0,12.199999999999989,54c0d4387a37003c9260d1c52c0dcd4f154823b5aa3da83d087262c10f80f3f0,4f53cda18c2baa0c0354bb5f9a3ecbe5ed12ab4d8e11ba873c2f11161202b945,100000.0,100000.0,True,100000.0,0.0
k40_r1_cs_raw_m1440,142,51d59e4185275c32d493d99d07eb2a27347471bba405e45d8e9a3ca5e9b4073e,1,True,75,valid_as_recorded,True,,0,0,2.0,a175d61d533fdab1e51ceeda87b67b077ed1b3073d8aece9172ca1d6b6967ff7,4f53cda18c2baa0c0354bb5f9a3ecbe5ed12ab4d8e11ba873c2f11161202b945,100000.0,100000.0,True,100000.0,0.0
k40_r1_cs_raw_m1440,143,203bc3c649abb78cc9aad952ed170de7f1c7ef0f8ad6c33ea0cbd6ba85f0c06f,1,True,76,valid_as_recorded,True,,0,0,7.399999999999977,6b8a74aa15dd900f06ea082d72d903a93bb08b4a60e30e19b1bb6e419328137e,4f53cda18c2baa0c0354bb5f9a3ecbe5ed12ab4d8e11ba873c2f11161202b945,100000.0,100000.0,True,100000.0,0.0
k40_r1_cs_raw_m1440,145,8139b223913e3baaba0d2a8bf07fa03347325ca11c2b329ba06fd52c5353ec8a,1,True,77,valid_as_recorded,True,,0,0,12.199999999999989,380fdf124249bbfdba1035cdf9903bd5afd2864b3a8a2d881e8a1f6fccf7d6b4,4f53cda18c2baa0c0354bb5f9a3ecbe5ed12ab4d8e11ba873c2f11161202b945,100000.0,100000.0,True,100000.0,0.0
k40_r1_cs_raw_m1440,146,1a39fcb05545e74473610d21463565598648e34ea9c962a6be4c4e6dd0a983d6,1,True,78,valid_as_recorded,True,,0,0,9.399999999999977,87639ad3025adc415568f3c5fe2b2038efe16897236c725440ffd731ab69b37c,4f53cda18c2baa0c0354bb5f9a3ecbe5ed12ab4d8e11ba873c2f11161202b945,100000.0,100000.0,True,100000.0,0.0
k40_r1_cs_raw_m1440,148,d2b749041ba19ba6f24ab037b402c2ad0918b61a5206413192b1383214e477e8,1,True,79,valid_as_recorded,True,,0,0,7.399999999999977,9571770aac8982979f6ebd380d367de1ecd870e386f6488e6e5b572b3d88c3a2,4f53cda18c2baa0c0354bb5f9a3ecbe5ed12ab4d8e11ba873c2f11161202b945,100000.0,100000.0,True,100000.0,0.0
k40_r1_cs_raw_m1440,152,af343db1e8114133b6250518eca2ee8b370cf90243710ef365cf4c2ce54e5b4a,1,True,80,valid_as_recorded,True,,0,0,12.199999999999989,936d05d89def8a1f1752d29400570f34425ff62bdff32033f15ab9ed3bcffe91,4f53cda18c2baa0c0354bb5f9a3ecbe5ed12ab4d8e11ba873c2f11161202b945,100000.0,100000.0,True,100000.0,0.0
k40_r1_cs_raw_m1440,153,fcf180e1a3f8b10b4ce71512b6ed5e0c6788a87819a4ef2343769feeb41efac5,1,True,81,valid_as_recorded,True,,0,0,10.800000000000011,a3659f60b22b1f2cdb9d9575e965751578a18b83b6eb843ac9f95999a5994c1e,4f53cda18c2baa0c0354bb5f9a3ecbe5ed12ab4d8e11ba873c2f11161202b945,100000.0,100000.0,True,100000.0,0.0
k40_r1_cs_raw_m1440,155,1587e0ef3883ea4aeac1e792b6f58537a7859c6d016636cff5718e5cd0b89ab0,1,True,82,valid_as_recorded,True,,0,0,2.0,2ca69ea5355f08fc3afe3d364d49d64f64ab542500de4557a038dd8dd59cdb17,4f53cda18c2baa0c0354bb5f9a3ecbe5ed12ab4d8e11ba873c2f11161202b945,100000.0,100000.0,True,100000.0,0.0
k40_r1_cs_raw_m1440,156,a7380f05d370b4ef1bfc5d9eba5aeb02d5cb09c9bff9e89dbb938adda0f66f77,1,True,83,valid_as_recorded,True,,0,0,9.199999999999989,bdfad97b4147a32eca24ecefe4cde5cd3f563321da365eddd8b75925a6fe1908,4f53cda18c2baa0c0354bb5f9a3ecbe5ed12ab4d8e11ba873c2f11161202b945,100000.0,100000.0,True,100000.0,0.0
k40_r1_cs_raw_m1440,157,9884092439ead2bc23dc7ed832769839bf08c4d87574b29ebf44450693fe50f7,1,True,84,valid_as_recorded,True,,0,0,12.199999999999989,05ff4295dace72496ee464e6b6070bc280779db957314ec0de21393ab326b447,4f53cda18c2baa0c0354bb5f9a3ecbe5ed12ab4d8e11ba873c2f11161202b945,100000.0,100000.0,True,100000.0,0.0
k40_r1_cs_raw_m1440,158,8997079222a8fe280d4cb9d4717009d22676c4e8a4a7ea35f2537bc1a19e9555,1,True,85,valid_as_recorded,True,,0,0,7.199999999999989,cceb1c04bd7c945c46a2575cba7e4619e31bbeb93cfca46b2885d2cd2f9d79da,4f53cda18c2baa0c0354bb5f9a3ecbe5ed12ab4d8e11ba873c2f11161202b945,100000.0,100000.0,True,100000.0,0.0
k40_r1_cs_raw_m1440,159,fe30ff7101859de0c2b13f81947504ae20b524efd7f1a4f99c3f56a0bfe28223,1,True,86,valid_as_recorded,True,,0,0,9.199999999999989,dcf39f36897a2265ef7a250c8de4aafb8c3a286941422979d0e0820ff543121c,4f53cda18c2baa0c0354bb5f9a3ecbe5ed12ab4d8e11ba873c2f11161202b945,100000.0,100000.0,True,100000.0,0.0
k40_r1_cs_raw_m1440,161,bf92712bb694b993fbe05220a74d7459473e3a3fc1dfb112e28d6fe18c5ac3be,1,True,87,valid_as_recorded,True,,0,0,3.8000000000000114,bb7e3e1a12aa60310a82ae6f82d4e691e8c8cff92cea972537394c33eeb7bf09,4f53cda18c2baa0c0354bb5f9a3ecbe5ed12ab4d8e11ba873c2f11161202b945,100000.0,100000.0,True,100000.0,0.0
k40_r1_cs_raw_m1440,165,bc62668c7fae4284f32180535a008d64bbe412c54e7738e0953c5f1a3a03eb1f,1,True,88,valid_as_recorded,True,,0,0,12.199999999999989,9e9cb82368351942807adfcb058006773466c98a73f6b8e73b51ee37ee550a01,4f53cda18c2baa0c0354bb5f9a3ecbe5ed12ab4d8e11ba873c2f11161202b945,100000.0,100000.0,True,100000.0,0.0
k40_r1_cs_raw_m1440,166,7fd3d1891646a2f65e9fc998c488b525be6b97cf1c17553b88bf6f947dc997ce,1,True,89,valid_as_recorded,True,,0,0,12.199999999999989,e05213070c7f65a31b9afd06204e891918b92eb586aed565e58eaa0586a20ee9,4f53cda18c2baa0c0354bb5f9a3ecbe5ed12ab4d8e11ba873c2f11161202b945,100000.0,100000.0,True,100000.0,0.0
k40_r1_cs_raw_m1440,170,292522617818079a45700c4dcb0a8d98f45e1c0e605525e9e39ba00f752d9d37,1,True,90,valid_as_recorded,True,,0,0,7.199999999999989,813b63464c9f564fe93c6c08a34b65244774909fe4b72c9221e0cd10cf9ec232,4f53cda18c2baa0c0354bb5f9a3ecbe5ed12ab4d8e11ba873c2f11161202b945,100000.0,100000.0,True,100000.0,0.0
k40_r1_cs_raw_m1440,172,74b05b5903a2ec19ee447133e97ddbaa4db06ed832d73977dbc57ac7789d5e6b,1,True,91,valid_as_recorded,True,,0,0,2.1999999999999886,ef525cd53e9f05fdf01e8dc85e1a193b52a71cf79cc2399a52f709523d9e7180,4f53cda18c2baa0c0354bb5f9a3ecbe5ed12ab4d8e11ba873c2f11161202b945,100000.0,100000.0,True,100000.0,0.0
k40_r1_cs_raw_m1440,176,eb2775fb93a6ec8bb06fbf0e759cc3a8141c94bf7914a0845e27961d9549b730,1,True,92,valid_as_recorded,True,,0,0,2.0,c889f832cc0aa2f424fb512b931b4328b0eeaecb8976bade85e6f4561477b6c2,4f53cda18c2baa0c0354bb5f9a3ecbe5ed12ab4d8e11ba873c2f11161202b945,100000.0,100000.0,True,100000.0,0.0
k40_r1_cs_raw_m1440,177,d13b9c251bbd5cba58913b3dbbd9085ad17075c110c04bde2afbbb5328198c55,1,True,93,valid_as_recorded,True,,0,0,7.399999999999977,37ae0da19d3cd70e01a8444f95f3777d021a778a1d6ca29f7ad9e1367ef46d22,4f53cda18c2baa0c0354bb5f9a3ecbe5ed12ab4d8e11ba873c2f11161202b945,100000.0,100000.0,True,100000.0,0.0
k40_r1_cs_raw_m1440,178,f2b0eeeb854365ace2a1639b1fd7fc9d6028df433cdeb9fa6689fe12060fda96,1,True,94,valid_as_recorded,True,,0,0,12.199999999999989,2254e919bbe824c71a304aaaf818fe72634d7a988d4405a204789ff6f3c829e6,4f53cda18c2baa0c0354bb5f9a3ecbe5ed12ab4d8e11ba873c2f11161202b945,100000.0,100000.0,True,100000.0,0.0
k40_r1_cs_raw_m1440,179,7e343544d957823b40e6c65afe74d09569045d0cc7b2304266efb970f68b5ba6,1,True,95,valid_as_recorded,True,,0,0,9.199999999999989,cf720332a69443d0c7bc88c5a9c1835b80b32ec9d688b36e1b55f051621fb352,4f53cda18c2baa0c0354bb5f9a3ecbe5ed12ab4d8e11ba873c2f11161202b945,100000.0,100000.0,True,100000.0,0.0
k40_r1_cs_raw_m1440,185,b212e989a00dd4479ea2dbaebeed4b1f015a22536b2448138468a3a240e2e1b5,1,True,96,valid_as_recorded,True,,0,0,12.199999999999989,10d8a176dcebca977a663b53e406e365a3320e66d032753d7cb09a3080c89401,4f53cda18c2baa0c0354bb5f9a3ecbe5ed12ab4d8e11ba873c2f11161202b945,100000.0,100000.0,True,100000.0,0.0
k40_r1_cs_raw_m1440,186,1070cbc8191a47304c3dce98f9d64afc2147f681f76716c9718891c20535ad96,1,True,97,valid_as_recorded,True,,0,0,12.199999999999989,acc8436f326acd5a880d1fd8d4247848ffc473d84bcf2637e4f42e3b816cd39a,4f53cda18c2baa0c0354bb5f9a3ecbe5ed12ab4d8e11ba873c2f11161202b945,100000.0,100000.0,True,100000.0,0.0
k40_r1_cs_raw_m1440,187,22deacf110ba76cb2a02bac368d6c159c576ae7c3ed871d848f25cd308c319f8,1,True,98,valid_as_recorded,True,,0,0,2.0,1c4f3a20705288432fb38991c4ae0f38395e30e7a9d84fb1ab093e22c74a93e7,4f53cda18c2baa0c0354bb5f9a3ecbe5ed12ab4d8e11ba873c2f11161202b945,100000.0,100000.0,True,100000.0,0.0
k40_r1_cs_raw_m1440,188,12c374123cf81e25d6ad848de8648f1f8e74462c0373c181b2eef91f8ee7449a,1,True,99,valid_as_recorded,True,,0,0,14.600000000000023,5166ee433af6bac6ec30c868973307b4b57017121fb9c9b0c7a67a954441d2a3,4f53cda18c2baa0c0354bb5f9a3ecbe5ed12ab4d8e11ba873c2f11161202b945,100000.0,100000.0,True,100000.0,0.0
k40_r1_cs_raw_m1440,191,f4765493bffe55b88e5c4ddf96f944bd0da46400dbab4d3e34814a03a14f1471,1,True,100,valid_as_recorded,True,,0,0,7.199999999999989,e7e909de8607707bc475e630298f71741de570873835fc4f61f5d10f64776d85,4f53cda18c2baa0c0354bb5f9a3ecbe5ed12ab4d8e11ba873c2f11161202b945,100000.0,100000.0,True,100000.0,0.0
k40_r1_cs_raw_m1440,192,e0837e80260e777ed58682672254fd5e781fe94be2f09e75a5b87e9caaf150d4,1,True,101,valid_as_recorded,True,,0,0,12.199999999999989,7525e57ccf3123d02db589285f6c8660cf9d1ab5cfd2131d6e92e13d8eef19bd,4f53cda18c2baa0c0354bb5f9a3ecbe5ed12ab4d8e11ba873c2f11161202b945,100000.0,100000.0,True,100000.0,0.0
k40_r1_cs_raw_m1440,194,96c428d818c22b019697be2f39ab3c72cc893b4c7fa2a3c45d7df2466436b3c6,1,True,102,valid_as_recorded,True,,0,0,12.199999999999989,0ad3424a5fbca1bd6d946c708c2f62d90163f60675ff16a6eed0e93d6dcae3ce,4f53cda18c2baa0c0354bb5f9a3ecbe5ed12ab4d8e11ba873c2f11161202b945,100000.0,100000.0,True,100000.0,0.0
k40_r1_cs_raw_m1440,197,173d22050832ee351401253293a21773d30847e9b4818d73877ca7809da2f0f0,1,True,103,valid_as_recorded,True,,0,0,2.0,18fd9995c9ca0feb80452c6880cb1914370e60c69d183136edd64f3d0e6f7ebb,4f53cda18c2baa0c0354bb5f9a3ecbe5ed12ab4d8e11ba873c2f11161202b945,100000.0,100000.0,True,100000.0,0.0
k40_r1_cs_raw_m1440,200,75ca152b32ce4c50480f735429044dc5dbecacc3c7eee6178dbd32805e46a1a7,1,True,104,valid_as_recorded,True,,0,0,2.1999999999999886,7e9de83620d2e2f818a548b5762f7c5973833dc464dc2158eb12483e19f827bd,4f53cda18c2baa0c0354bb5f9a3ecbe5ed12ab4d8e11ba873c2f11161202b945,100000.0,100000.0,True,100000.0,0.0
k40_r1_cs_raw_m1440,201,87e03f90d21d9893446d8e15acabe84c99247a21e287f7e7cada06e23f3a7d13,1,True,105,valid_as_recorded,True,,0,0,3.3999999999999773,04a5b755b236c1ea062923890066bea5e1259e7ec401cff88823eeee28740072,4f53cda18c2baa0c0354bb5f9a3ecbe5ed12ab4d8e11ba873c2f11161202b945,100000.0,100000.0,True,100000.0,0.0
k40_r1_cs_raw_m1440,202,70a54961f76119ae69296ffeaeb0dbc7da6ead064afa684aa6b55f0339bdec0a,1,True,106,valid_as_recorded,True,,0,0,7.199999999999989,4f4759d35874f831f0c45275c8f16769de3847c8e5710d3a7a1251a697f3647d,4f53cda18c2baa0c0354bb5f9a3ecbe5ed12ab4d8e11ba873c2f11161202b945,100000.0,100000.0,True,100000.0,0.0
k40_r1_cs_raw_m1440,204,85dffb257d0d26826ad2e32ecf78a06649ecc8c23ec4dbcb3203fb35c4283aaf,1,True,107,valid_as_recorded,True,,0,0,12.199999999999989,c20ff8d116400ed0a92f29b25f3d0dcec7407c33fc6e07e059e512c64a657a5e,4f53cda18c2baa0c0354bb5f9a3ecbe5ed12ab4d8e11ba873c2f11161202b945,100000.0,100000.0,True,100000.0,0.0
k40_r1_cs_raw_m1440,207,55e49482b7bd1a45efbf9049366ce238916c77e7e794b4a32b3d580f3f40fbb4,1,True,108,valid_as_recorded,True,,0,0,14.600000000000023,503968126a341701d69cf6bcc70af7c51e1cb60f70958a83404b1580510177e5,4f53cda18c2baa0c0354bb5f9a3ecbe5ed12ab4d8e11ba873c2f11161202b945,100000.0,100000.0,True,100000.0,0.0
k40_r1_cs_raw_m1440,209,dea36d85fa746b2d838e4ddb223529fafb189e58f118512a600010d5da33a8de,1,True,109,valid_as_recorded,True,,0,0,2.1999999999999886,e3425baff251d88023438788ccc3911b66bbf93943d587671527d958e301c99c,4f53cda18c2baa0c0354bb5f9a3ecbe5ed12ab4d8e11ba873c2f11161202b945,100000.0,100000.0,True,100000.0,0.0
k40_r1_cs_raw_m1440,210,4e5ab553ccb9965d8cac0af66ca8474f9e6b00eb7d3c14cea7f9d70974ebb97e,1,True,110,valid_as_recorded,True,,0,0,7.199999999999989,eb509463b1d7e1134b89c275991b3b1d1dce3d83b1445b1780574b0fa6b92c88,4f53cda18c2baa0c0354bb5f9a3ecbe5ed12ab4d8e11ba873c2f11161202b945,100000.0,100000.0,True,100000.0,0.0
k40_r1_cs_raw_m1440,213,f1146de7db507408772d326a1bd728f500b56bc646f17e76fc0b3916eabebc71,1,True,111,valid_as_recorded,True,,0,0,12.199999999999989,38e0e6d36ddb28380d397d67e53d8ab1af6203135769f0b8ec49e5c1d3bee45f,4f53cda18c2baa0c0354bb5f9a3ecbe5ed12ab4d8e11ba873c2f11161202b945,100000.0,100000.0,True,100000.0,0.0
k40_r1_cs_raw_m1440,215,510ddaac356489d0a205c0481890f1d8c7129567414d8f638bad1533f9a1788b,1,True,112,valid_as_recorded,True,,0,0,12.199999999999989,3b823627a97cde07552e47bb1c272185d70831393a54c5f6aa5fbef79c49520c,4f53cda18c2baa0c0354bb5f9a3ecbe5ed12ab4d8e11ba873c2f11161202b945,100000.0,100000.0,True,100000.0,0.0
k40_r1_cs_raw_m1440,216,dc47530bbb7b81b4002509eeed80ad3ebf66900f7a2f8eb9bd35581da97f2dc2,1,True,113,valid_as_recorded,True,,0,0,9.199999999999989,62735fc6a1b2de143ac01b37112a9bcd1f102c65421720d5684cef9c0d5f1f03,4f53cda18c2baa0c0354bb5f9a3ecbe5ed12ab4d8e11ba873c2f11161202b945,100000.0,100000.0,True,100000.0,0.0
k40_r1_cs_raw_m1440,218,7a6ecc3276d5216b570101a59787fe7ddc2204683a3bb6c268f3ee9ee0a1d287,1,True,114,valid_as_recorded,True,,0,0,12.199999999999989,ab475c9692904b641f2717e1e4b6ee6b412ac62ff3e2097562d365aae4ec5e89,4f53cda18c2baa0c0354bb5f9a3ecbe5ed12ab4d8e11ba873c2f11161202b945,100000.0,100000.0,True,100000.0,0.0
k40_r1_cs_raw_m1440,221,991a26ff4edaa7d5244848d1b20fa4c667589de6f83f6e38b45c763f8bee10eb,1,True,115,valid_as_recorded,True,,0,0,12.199999999999989,04dfeda9dc955424a034b3b43146e98c5a9cc20db13d585f5c26ccb1b3821da0,4f53cda18c2baa0c0354bb5f9a3ecbe5ed12ab4d8e11ba873c2f11161202b945,100000.0,100000.0,True,100000.0,0.0
k40_r1_cs_raw_m1440,222,06096c5e699d5aaa65b6d95873b8d82daa25bb366c6a93bb51216f65d675a541,1,True,116,valid_as_recorded,True,,0,0,2.0,55c954da5452e251cca7b1ab2772184298fe568c8aefe96487643e368a052132,4f53cda18c2baa0c0354bb5f9a3ecbe5ed12ab4d8e11ba873c2f11161202b945,100000.0,100000.0,True,100000.0,0.0
k40_r1_cs_raw_m1440,223,f41676530b59bdeeb95fe413624204edb2a612fbe05f8dbef192c5d7f16ac74a,1,True,117,valid_as_recorded,True,,0,0,14.600000000000023,e200b5972c5705d8f3e1024fb38f25695db063176fad20afea1d00b4cd52b153,4f53cda18c2baa0c0354bb5f9a3ecbe5ed12ab4d8e11ba873c2f11161202b945,100000.0,100000.0,True,100000.0,0.0
k40_r1_cs_raw_m1440,225,d2a3df565a2f6607c5a873acf8c2ece7f1afc3bf9c8b3cd46f6fad693e27afe6,1,True,118,valid_as_recorded,True,,0,0,3.3999999999999773,f4816333030de7819f80e8a27e228e8edd841befe8bc0b70384015865a28ca4e,4f53cda18c2baa0c0354bb5f9a3ecbe5ed12ab4d8e11ba873c2f11161202b945,100000.0,100000.0,True,100000.0,0.0
k40_r1_cs_raw_m1440,226,4966768f01a22b7f23d1788dc9da8f9b3012d49ea3a1c6a653426e9397ad663f,1,True,119,valid_as_recorded,True,,0,0,2.1999999999999886,46130da179d1a29a7c9a0b44e5739b810bcf6ad92b5e5a4188fb9c1c07c93fab,4f53cda18c2baa0c0354bb5f9a3ecbe5ed12ab4d8e11ba873c2f11161202b945,100000.0,100000.0,True,100000.0,0.0
k40_r1_cs_raw_m1440,232,527d03cdfc8fa5d0358e180005eae71c65ddc5080e1b28e2dabfd25aaec631b5,1,True,120,valid_as_recorded,True,,0,0,7.199999999999989,6445705b199411fbbd07cedb8f2d6d708ca7ffe71b3abe50194a215dce5377a2,4f53cda18c2baa0c0354bb5f9a3ecbe5ed12ab4d8e11ba873c2f11161202b945,100000.0,100000.0,True,100000.0,0.0
k40_r1_cs_raw_m1440,235,459f5da1bac78ef5fefc02f324a64541ade8dd50934d763e3c43c7d7531ed885,1,True,121,valid_as_recorded,True,,0,0,12.199999999999989,e3d9cf876c54c565d9f5e194db9a82d3905948df23fb4bbcca986ea7e0686aeb,4f53cda18c2baa0c0354bb5f9a3ecbe5ed12ab4d8e11ba873c2f11161202b945,100000.0,100000.0,True,100000.0,0.0
k40_r1_cs_raw_m1440,237,7a6d8f4ae3ba2c7651d582b28723e500a37caafa90c11e850024da4d274f8711,1,True,122,valid_as_recorded,True,,0,0,9.199999999999989,8a7e6c573cab8df66c3f3fd69f1418b89194899e05ea0ede97c038a2571a448b,4f53cda18c2baa0c0354bb5f9a3ecbe5ed12ab4d8e11ba873c2f11161202b945,100000.0,100000.0,True,100000.0,0.0
k40_r1_cs_raw_m1440,238,b6e5c9ce0c7a439db2f8e335c836cdc2bc075c7bd5d9585beb159bb63827d876,1,True,123,valid_as_recorded,True,,0,0,2.0,be4d6007e2a07838b98d0675723c52a4651cff4a90c2882178d87c6e5656cc2c,4f53cda18c2baa0c0354bb5f9a3ecbe5ed12ab4d8e11ba873c2f11161202b945,100000.0,100000.0,True,100000.0,0.0
k40_r1_cs_raw_m1440,239,ff7ca45c76debaac3aca6e07ec80bfd7210ac50e7b7ab47664ae6a72cec3061b,1,True,124,valid_as_recorded,True,,0,0,14.600000000000023,b9341a2c5cb407d2ab76aa263b3aab7b1f072356ce0b26f8db3b893f7759be99,4f53cda18c2baa0c0354bb5f9a3ecbe5ed12ab4d8e11ba873c2f11161202b945,100000.0,100000.0,True,100000.0,0.0
k40_r1_cs_raw_m1440,241,d050a2d97eab24249a8a8df9d88df1c3a379ed6b028a8d294821d7845ab279be,1,True,125,valid_as_recorded,True,,0,0,7.199999999999989,51a2b1610096b224193e74b07685deb23e8ccf8dc7f8d5d74e9b7e562af6c8de,4f53cda18c2baa0c0354bb5f9a3ecbe5ed12ab4d8e11ba873c2f11161202b945,100000.0,100000.0,True,100000.0,0.0
k40_r1_cs_raw_m1440,243,6859824d386b7443af1d03ac0c8e3a762309e56663f6411e9b0d5cf3afbb4034,1,True,126,valid_as_recorded,True,,0,0,12.199999999999989,e9ac65418f96871fa80dba7c972af16ad0b64116eb9ec16e3e6063817b17957d,4f53cda18c2baa0c0354bb5f9a3ecbe5ed12ab4d8e11ba873c2f11161202b945,100000.0,100000.0,True,100000.0,0.0
k40_r1_cs_raw_m1440,245,909af4914299a60acb8a9235fda108484d583f06ea9b2ea53adae22c0107974f,1,True,127,valid_as_recorded,True,,0,0,12.199999999999989,d83bb05ba77a49bd180740bf8219bb02489cd1394b1d0e479379c1b99cb1fdaa,4f53cda18c2baa0c0354bb5f9a3ecbe5ed12ab4d8e11ba873c2f11161202b945,100000.0,100000.0,True,100000.0,0.0
k40_r1_cs_raw_m1440,247,3457f214d04506db74b8dd929e2303f98ad0a8c62c63aee2c1368baf881383d2,1,True,128,valid_as_recorded,True,,0,0,2.1999999999999886,c4f3702a068f81f8cab7962aa2c86e29900eb0e4f153f7cc627dd05aff412cd3,4f53cda18c2baa0c0354bb5f9a3ecbe5ed12ab4d8e11ba873c2f11161202b945,100000.0,100000.0,True,100000.0,0.0
k40_r1_cs_raw_m1440,252,d62cec2cf733d7a15955a464b288e36844bb7b8a2ae0e3f24c5876b25501f5ad,1,True,129,valid_as_recorded,True,,0,0,2.0,b68a998a1423b8f03b358649d56c622b8b3af2f0ebacd24d16eb554051abd672,4f53cda18c2baa0c0354bb5f9a3ecbe5ed12ab4d8e11ba873c2f11161202b945,100000.0,100000.0,True,100000.0,0.0
k40_r1_cs_raw_m1440,253,c8b5f54c922d81d62a31308c828bcd468c9def81bff08f2e34db30a11316ef8e,1,True,130,valid_as_recorded,True,,0,0,14.600000000000023,4439fbc49345eb8985bba7b7dd616180bf47a440671cd67f2e35857f407175ac,4f53cda18c2baa0c0354bb5f9a3ecbe5ed12ab4d8e11ba873c2f11161202b945,100000.0,100000.0,True,100000.0,0.0
k40_r1_cs_raw_m1440,254,e87650f29ec3d13018aa0256220e5c901440b0afadd298a2b8c138b2a72a53bd,1,True,131,valid_as_recorded,True,,0,0,7.199999999999989,972f4b9829211189d289bf5405c20e52ab1f9111096b9f68904ae8760364fc07,4f53cda18c2baa0c0354bb5f9a3ecbe5ed12ab4d8e11ba873c2f11161202b945,100000.0,100000.0,True,100000.0,0.0
k40_r1_cs_raw_m1440,256,8534a9c8fadb77f90fdbd15fc13097c3e8d2772a47a5add8b8329c46468c4b22,1,True,132,valid_as_recorded,True,,0,0,2.1999999999999886,7bb2eefc87958d36caff1a2411df94434dbaabba4694504cc4a8fa7c6e8e1ab6,4f53cda18c2baa0c0354bb5f9a3ecbe5ed12ab4d8e11ba873c2f11161202b945,100000.0,100000.0,True,100000.0,0.0
k40_r1_cs_raw_m1440,257,d351b122d415ece9f197e2196d06d4979ceb42d4279624180361b5643fd53227,1,True,133,valid_as_recorded,True,,0,0,12.199999999999989,253e450e2edb5b1db6464a663c97de9cfc90ee699ee32d096fdfb4c9506fee02,4f53cda18c2baa0c0354bb5f9a3ecbe5ed12ab4d8e11ba873c2f11161202b945,100000.0,100000.0,True,100000.0,0.0
k40_r1_cs_raw_m1440,258,4ec308a86927b5455193f71ed63ddefb06069cc0575c2ad34e4899f6ba5abd05,1,True,134,valid_as_recorded,True,,0,0,12.199999999999989,49bea1477374c250a4984b79122aeba7a0d491f4e3a9a03917c738997d0b6de5,4f53cda18c2baa0c0354bb5f9a3ecbe5ed12ab4d8e11ba873c2f11161202b945,100000.0,100000.0,True,100000.0,0.0
k40_r1_cs_raw_m1440,259,d539b025f09be474d7229f89e1d39afc0a1f2f46526017e064299fdf2bb68c9a,1,True,135,valid_as_recorded,True,,0,0,9.199999999999989,01d31f1af912adff41ffbebc8804f4272026a08bdfa48f8ec03948a967480011,4f53cda18c2baa0c0354bb5f9a3ecbe5ed12ab4d8e11ba873c2f11161202b945,100000.0,100000.0,True,100000.0,0.0
k40_r1_cs_raw_m1440,260,705cb79550ec2854646bfe4404f843cd72cea160a060ef84549d7d1237f2e541,1,True,136,valid_as_recorded,True,,0,0,2.0,22a8c91096a4dea5a1a311ac0a888968066a40dcc43469c3726a06a62d6bc0f3,4f53cda18c2baa0c0354bb5f9a3ecbe5ed12ab4d8e11ba873c2f11161202b945,100000.0,100000.0,True,100000.0,0.0
k40_r1_cs_raw_m1440,261,52ff7563aef9cbf639666fe48417312cb9575ba1c60fca9b5d6a9996a3498232,1,True,137,valid_as_recorded,True,,0,0,12.199999999999989,1aa3ff108dc2c2c9bf993d69bfdebb6772d1b402b9a1b02c7ac7ac4ad3dec71d,4f53cda18c2baa0c0354bb5f9a3ecbe5ed12ab4d8e11ba873c2f11161202b945,100000.0,100000.0,True,100000.0,0.0
k40_r1_cs_raw_m1440,263,6e8aa5ca09e79713272fcb3a3c663c6764ec97900aa4ae307ae9ab297954ec89,1,True,138,valid_as_recorded,True,,0,0,7.199999999999989,53b87b7d8c406d6393da852efe8cbc44423764746c7c8354a59e1b8908bbdfb6,4f53cda18c2baa0c0354bb5f9a3ecbe5ed12ab4d8e11ba873c2f11161202b945,100000.0,100000.0,True,100000.0,0.0
k40_r1_cs_raw_m1440,266,349a0efd3ee78f971edc3cd4ac8e3ada6d0a55f8c59b4d66d640694765d6a4e3,1,True,139,valid_as_recorded,True,,0,0,12.199999999999989,6a7db089ba35226878de6cf5a28219450878b47be12e8378b2e8a61e7ba7e66a,4f53cda18c2baa0c0354bb5f9a3ecbe5ed12ab4d8e11ba873c2f11161202b945,100000.0,100000.0,True,100000.0,0.0
k40_r1_cs_raw_m1440,270,d69be81b677c5a11cf62ecf718c6eeb9c147813fcd845e5d8ea6929c81193fd1,1,True,140,valid_as_recorded,True,,0,0,7.199999999999989,6f0ec88f5b69c261b1079ecaf03b0ecc4371b5fbf43d684e8f50e752ccb7c7b0,4f53cda18c2baa0c0354bb5f9a3ecbe5ed12ab4d8e11ba873c2f11161202b945,100000.0,100000.0,True,100000.0,0.0
k40_r1_cs_raw_m1440,273,1a8940bcaf390edb22aba1bbe3fbf9c652d9631d6e22df24000ebfc4b9ff7a70,1,True,141,valid_as_recorded,True,,0,0,2.1999999999999886,b5d46fba22e808ae2cc600811099596e685938c345945f267fc071ac00a54cbc,4f53cda18c2baa0c0354bb5f9a3ecbe5ed12ab4d8e11ba873c2f11161202b945,100000.0,100000.0,True,100000.0,0.0
k40_r1_cs_raw_m1440,274,ae3bbb4354a60e064a6aec97db36958490154bb1d2eafabf3724ec5d2e56ab17,1,True,142,valid_as_recorded,True,,0,0,2.0,4cdba680cc0c9637bc5d1d255385f8404d95ba10ac0ef082445672e765da0375,4f53cda18c2baa0c0354bb5f9a3ecbe5ed12ab4d8e11ba873c2f11161202b945,100000.0,100000.0,True,100000.0,0.0
k40_r1_cs_raw_m1440,275,19df692230a5106aa2d96106086a5dac2d6adc6ce7229cad13c60581aaffaeb6,1,True,143,valid_as_recorded,True,,0,0,12.199999999999989,d2992a689da86409e1e1ccc1c22c3d13edf9d00e9f234ea847d2df7c9c529908,4f53cda18c2baa0c0354bb5f9a3ecbe5ed12ab4d8e11ba873c2f11161202b945,100000.0,100000.0,True,100000.0,0.0
k40_r1_cs_raw_m1440,276,c9d2866b536be8f4d4217bf834c3051b6ae9e5b9f451d3f15a576cb33cf61487,1,True,144,valid_as_recorded,True,,0,0,9.199999999999989,33deb815e156390b3e8deca903cc529c80eac8f13421fbf5304fb65a27d68ecd,4f53cda18c2baa0c0354bb5f9a3ecbe5ed12ab4d8e11ba873c2f11161202b945,100000.0,100000.0,True,100000.0,0.0
k40_r1_cs_raw_m1440,278,2b71474ccee1013cc93de979ca99fd243838a566e29709a1f6ff08019cf97a47,1,True,145,valid_as_recorded,True,,0,0,7.399999999999977,dfab2d4088ee8894400b72a5bad210fc93eed236337325870318789a5fe6c394,4f53cda18c2baa0c0354bb5f9a3ecbe5ed12ab4d8e11ba873c2f11161202b945,100000.0,100000.0,True,100000.0,0.0
k40_r1_cs_raw_m1440,279,68226bceef4320c2888a9202d6c3a5dbed3c932a3452c424e77043ecbe23cf09,1,True,146,valid_as_recorded,True,,0,0,12.199999999999989,fee385b58e4ebb40aa47330d95935d9e82574cd5ad8e970cafddd3d1a25fd80a,4f53cda18c2baa0c0354bb5f9a3ecbe5ed12ab4d8e11ba873c2f11161202b945,100000.0,100000.0,True,100000.0,0.0
k40_r1_cs_raw_m1440,281,bd242f827d71b84fd5f16d056265f30255395e62d9fb51f77fbd9c8a1a77d3b6,1,True,147,valid_as_recorded,True,,0,0,12.199999999999989,6f510a4116d7476dfba251756b0c3d1a1b2268e83197ca89ebf4cee4bc56228d,4f53cda18c2baa0c0354bb5f9a3ecbe5ed12ab4d8e11ba873c2f11161202b945,100000.0,100000.0,True,100000.0,0.0
k40_r1_cs_raw_m1440,285,6d2f827b4b5d91d9c191f05253182af05df369118740991e521fa5735a35cd03,1,True,148,valid_as_recorded,True,,0,0,14.600000000000023,c61b79fb0456c5c1c48fd0673c21a245505a323b51dcde11d6c7e19225f86af4,4f53cda18c2baa0c0354bb5f9a3ecbe5ed12ab4d8e11ba873c2f11161202b945,100000.0,100000.0,True,100000.0,0.0
k40_r1_cs_raw_m1440,286,b77c0a8e1248932efa27094610e16438d542aae37d4a5b50414687e86655569b,1,True,149,valid_as_recorded,True,,0,0,7.199999999999989,931c551bc3de7ff05ebe54b7ccbdac510dcab78070969a3ff49acdf2eec1374e,4f53cda18c2baa0c0354bb5f9a3ecbe5ed12ab4d8e11ba873c2f11161202b945,100000.0,100000.0,True,100000.0,0.0
k40_r1_cs_raw_m1440,291,c50a8608e80439198ace93c1b629b20dfad1ca5bc3b22b2fbdac904f37ed01a5,1,True,150,valid_as_recorded,True,,0,0,12.199999999999989,8c99af30a71ae753fe331d26f482fdac58a330df8bc5d2959b2cfea57964f357,4f53cda18c2baa0c0354bb5f9a3ecbe5ed12ab4d8e11ba873c2f11161202b945,100000.0,100000.0,True,100000.0,0.0
k40_r1_cs_raw_m1440,293,c97dac19c5abfa20d66f844151ff72e5d7a90d498a226be70a655d078249c895,1,True,151,valid_as_recorded,True,,0,0,7.199999999999989,3b04e828f0ac7b54fad3d82e5c8cab3aa84288673516e70c03afa1978eab147f,4f53cda18c2baa0c0354bb5f9a3ecbe5ed12ab4d8e11ba873c2f11161202b945,100000.0,100000.0,True,100000.0,0.0
k40_r1_cs_raw_m1440,296,f9b12b95ef3d785b8417784d44322b19173e1b78cd3902f14df443476d3d3fcd,1,True,152,valid_as_recorded,True,,0,0,12.199999999999989,9d7cacd48bfd9ced81a7ba9782685b1160fc2c8f53137555b30cfd857fbc94f7,4f53cda18c2baa0c0354bb5f9a3ecbe5ed12ab4d8e11ba873c2f11161202b945,100000.0,100000.0,True,100000.0,0.0
k40_r1_cs_raw_m1440,298,27a4cbcc4660c3d2291a9600a3c9b946b3e1fa03359bc468f6b2a065ebc1eaad,1,True,153,valid_as_recorded,True,,0,0,2.0,bfd3968ce4597e31bd79d6ada30e6e96b883bf9b741db88b193f5a89c744bf71,4f53cda18c2baa0c0354bb5f9a3ecbe5ed12ab4d8e11ba873c2f11161202b945,100000.0,100000.0,True,100000.0,0.0
k40_r1_cs_raw_m1440,299,bf8690fc0d5524148ec696f9e6528f4ca1bd8f5f24be1eb4a468f6ffcf6bc6f2,1,True,154,valid_as_recorded,True,,0,0,14.600000000000023,fe83ca405399ac78d8584d2d86076c8213d90adc1ba19f8a93dba03f0b12eadc,4f53cda18c2baa0c0354bb5f9a3ecbe5ed12ab4d8e11ba873c2f11161202b945,100000.0,100000.0,True,100000.0,0.0
k40_r1_cs_raw_m1440,301,05669e290f548098adb09959bbe0e1153a7a8793f2696400162cce1c2a7db73d,1,True,155,valid_as_recorded,True,,0,0,7.399999999999977,d1e10627831079b589d540c3db22621c4e8c80633ef243293e6cbd0e000274e2,4f53cda18c2baa0c0354bb5f9a3ecbe5ed12ab4d8e11ba873c2f11161202b945,100000.0,100000.0,True,100000.0,0.0
k40_r1_cs_raw_m1440,303,c07c68403318d581948c58d7254271d3003ff74f5f725717ce40f5c92231c668,1,True,156,valid_as_recorded,True,,0,0,12.199999999999989,5be42146a8df7732f9ea078b7615d7d46137a297e38c64ac0de9cffb7934b53b,4f53cda18c2baa0c0354bb5f9a3ecbe5ed12ab4d8e11ba873c2f11161202b945,100000.0,100000.0,True,100000.0,0.0
k40_r1_cs_raw_m1440,305,7b88a4ff54bcd6caf7f7fc1550f127b29db417e45ff6acb07bfa55200c8e1c15,1,True,157,valid_as_recorded,True,,0,0,9.199999999999989,eed147d96ee06de6837a929a90b6ab92b907bad41a536b5acbe418cc442db46f,4f53cda18c2baa0c0354bb5f9a3ecbe5ed12ab4d8e11ba873c2f11161202b945,100000.0,100000.0,True,100000.0,0.0
k40_r1_cs_raw_m1440,306,de81519959ceb39b52f0737e67e184f3c3744f331ba6b1b4cc6f2e673fdf8023,1,True,158,valid_as_recorded,True,,0,0,2.0,72092988bfbea4b96939350207c4c7706bbd51a3a24bc69c7982475ffb3e1527,4f53cda18c2baa0c0354bb5f9a3ecbe5ed12ab4d8e11ba873c2f11161202b945,100000.0,100000.0,True,100000.0,0.0
k40_r1_cs_raw_m1440,308,0c80bf122ad15dd2b6434f9950411676665b8292894636cbc409660a92c96ff3,1,True,159,valid_as_recorded,True,,0,0,9.199999999999989,c251fc8990fdf9acaed55badc2bd2c6e3d9c01e8bd7cb502c5773fbfca087ecc,4f53cda18c2baa0c0354bb5f9a3ecbe5ed12ab4d8e11ba873c2f11161202b945,100000.0,100000.0,True,100000.0,0.0
k40_r1_cs_raw_m1440,309,993dec6df522229980c64f0158a465835d8070ba68343c6ca6414ff11b593a50,1,True,160,valid_as_recorded,True,,0,0,7.199999999999989,4b1f5c25cef1c43b1147d0e5627079ffd27dbb03e9df5a91700f007741623a47,4f53cda18c2baa0c0354bb5f9a3ecbe5ed12ab4d8e11ba873c2f11161202b945,100000.0,100000.0,True,100000.0,0.0
k40_r1_cs_raw_m1440,310,2909b563687eec06db96d9b385d6e1b55865d47b0c7dde744956fa3d4491aff8,1,True,161,valid_as_recorded,True,,0,0,12.199999999999989,76787ac35b3ca05a43ef4c39be8804505158e1831730a7f654b9d23804bdcc2d,4f53cda18c2baa0c0354bb5f9a3ecbe5ed12ab4d8e11ba873c2f11161202b945,100000.0,100000.0,True,100000.0,0.0
k40_r1_cs_raw_m1440,311,22596bca93e765f82654b21bc56a2cf6a2dd1157597ab3c6c06e1e28de9bc12e,1,True,162,valid_as_recorded,True,,0,0,12.199999999999989,826a11edffdd24b6f1377389e605d74a13ccc5fd814f4a52c3619035e7288c24,4f53cda18c2baa0c0354bb5f9a3ecbe5ed12ab4d8e11ba873c2f11161202b945,100000.0,100000.0,True,100000.0,0.0
k40_r1_cs_raw_m1440,316,2ced0af971e698276f74ade36a11eaf5b8044278a4d4af2f46baa26d84b8a336,1,True,163,valid_as_recorded,True,,0,0,7.199999999999989,8d55fc43e42928d9988c4d906221c301cb3df5885cd4796a397bf601076c32a2,4f53cda18c2baa0c0354bb5f9a3ecbe5ed12ab4d8e11ba873c2f11161202b945,100000.0,100000.0,True,100000.0,0.0
k40_r1_cs_raw_m1440,317,ba8f7dda9ce928e5a5f8172bf59a0dff5c49daa238f9026986684b9419d675b5,1,True,164,valid_as_recorded,True,,0,0,2.1999999999999886,cab52b2a06840e094aec53692a5196ed17be0263b3466d30f53631b602ab05fe,4f53cda18c2baa0c0354bb5f9a3ecbe5ed12ab4d8e11ba873c2f11161202b945,100000.0,100000.0,True,100000.0,0.0
k40_r1_cs_raw_m1440,318,03859c8f695ed122ca029bbcd1f6a1079c670d51e4e920d94edb5583890199e9,1,True,165,valid_as_recorded,True,,0,0,3.3999999999999773,b0b93ad92e26a5c3da2dccb89494555c015591621e07da9774211661a4d41669,4f53cda18c2baa0c0354bb5f9a3ecbe5ed12ab4d8e11ba873c2f11161202b945,100000.0,100000.0,True,100000.0,0.0
k40_r1_cs_raw_m1440,319,8b6ddb95e9b4de94dfb45c1f6dcc785236817f4d9b304f94a4b151d0065a3c65,1,True,166,valid_as_recorded,True,,0,0,2.1999999999999886,252b317e2a610c0367e5295e0e617d44cc1253f7e4916b8911354e099e03a8e1,4f53cda18c2baa0c0354bb5f9a3ecbe5ed12ab4d8e11ba873c2f11161202b945,100000.0,100000.0,True,100000.0,0.0
k40_r1_cs_raw_m1440,321,609cd20888fed93d470f3aaa86bdc2968ba0b254db6877504feef106cf83e128,1,True,167,valid_as_recorded,True,,0,0,12.199999999999989,700a1b8da3d31626d3015be7e4f916f5bf7d6088af8499079d4f9fc359b9a0a4,4f53cda18c2baa0c0354bb5f9a3ecbe5ed12ab4d8e11ba873c2f11161202b945,100000.0,100000.0,True,100000.0,0.0
k40_r1_cs_raw_m1440,322,cd0455040fbc946056fd2052d80ef8130fb1e90346af7d6dafd12f2536f9cc7f,1,True,168,valid_as_recorded,True,,0,0,9.199999999999989,8d69473457f90f3be8cb705835c41bf5ab487ef59e290b30eeebb772118d41dd,4f53cda18c2baa0c0354bb5f9a3ecbe5ed12ab4d8e11ba873c2f11161202b945,100000.0,100000.0,True,100000.0,0.0
k40_r1_cs_raw_m1440,325,6d8c2eee56c8ae1181a0aa86608c03890323fdd0713d9ee40eb9e4f6fc46e53c,1,True,169,valid_as_recorded,True,,0,0,12.199999999999989,d65eef6f3b6fbda6e45b24a5fa3ce426ae72bd384703423f1dd2d8d7df70e5e4,4f53cda18c2baa0c0354bb5f9a3ecbe5ed12ab4d8e11ba873c2f11161202b945,100000.0,100000.0,True,100000.0,0.0
k40_r1_cs_raw_m1440,326,1b07684c0d730502334f5b2af2c2d1e124cbe31da3cf117b931c407cedf5971a,1,True,170,valid_as_recorded,True,,0,0,12.199999999999989,0ff365731304d3b85dc75efd96649ee38808c17e36e7d94d4affe5a3fe9ff0c3,4f53cda18c2baa0c0354bb5f9a3ecbe5ed12ab4d8e11ba873c2f11161202b945,100000.0,100000.0,True,100000.0,0.0
k40_r1_cs_raw_m1440,328,8dfc5ba13831c635c354ad78647b2be4f5a782af451fa20674feab960a797748,1,True,171,valid_as_recorded,True,,0,0,12.199999999999989,d3d8b57ffa6a73af3bba9d44c11fccb256d82752782a02c77203c5281de9d3b0,4f53cda18c2baa0c0354bb5f9a3ecbe5ed12ab4d8e11ba873c2f11161202b945,100000.0,100000.0,True,100000.0,0.0
k40_r1_cs_raw_m1440,330,51ef4440bfe6aa87ed4aa6cfd394bd1e5139f7bcb57324c29c6ff8fd888538d9,1,True,172,valid_as_recorded,True,,0,0,2.0,486ed6832b2a4726e727b361b4c816d75e5f68b2b8107c2908d06ec4a9e0c040,4f53cda18c2baa0c0354bb5f9a3ecbe5ed12ab4d8e11ba873c2f11161202b945,100000.0,100000.0,True,100000.0,0.0
k40_r1_cs_raw_m1440,332,8cca1622d322cf0ee2b88709a64b8fd578bf5f7acea06eb1b3f153bc856337bb,1,True,173,valid_as_recorded,True,,0,0,7.199999999999989,3f5e775c21e75ba4eee67d21618456698b737b66da3079b4eac9ded48a6f147e,4f53cda18c2baa0c0354bb5f9a3ecbe5ed12ab4d8e11ba873c2f11161202b945,100000.0,100000.0,True,100000.0,0.0
k40_r1_cs_raw_m1440,334,eb0cbd80c9d037086ac01b602dce1f4cd86554342fce0c32c517a0c1d9ea2377,1,True,174,valid_as_recorded,True,,0,0,12.199999999999989,4309e2060f6812766bc24067f49a5099c9400174c94352d56235b7f3b21227f3,4f53cda18c2baa0c0354bb5f9a3ecbe5ed12ab4d8e11ba873c2f11161202b945,100000.0,100000.0,True,100000.0,0.0
k40_r1_cs_raw_m1440,335,6ceb222c800d60cf644a8f743b25d5fd0724bde218fce51a010336923257a0c0,1,True,175,valid_as_recorded,True,,0,0,12.199999999999989,bfadf87fffb837a400d27bc5bdd9f1c608b300fddbd85abe79ab7fab14c9cd99,4f53cda18c2baa0c0354bb5f9a3ecbe5ed12ab4d8e11ba873c2f11161202b945,100000.0,100000.0,True,100000.0,0.0
k40_r1_cs_raw_m1440,336,ed33626667d6a9378e8c0e2122611266ce7402daffacf27f7635a86d87c98696,1,True,176,valid_as_recorded,True,,0,0,2.0,193740433cc5a1970ff913004be6856c3a9320f01172522e215b1abe4d28647c,4f53cda18c2baa0c0354bb5f9a3ecbe5ed12ab4d8e11ba873c2f11161202b945,100000.0,100000.0,True,100000.0,0.0
k40_r1_cs_raw_m1440,341,02f25b1ebbe28ca0aa3c1cec8e6823601d5a808a230187896739df79aed62474,1,True,177,valid_as_recorded,True,,0,0,3.3999999999999773,491a160ba45e418b5802b8b72fcdf1981bbc111cb54f814f7c60b90a0f443f32,4f53cda18c2baa0c0354bb5f9a3ecbe5ed12ab4d8e11ba873c2f11161202b945,100000.0,100000.0,True,100000.0,0.0
k40_r1_cs_raw_m1440,343,2a31d7bfe69198bf64d06cd21068110e1ba2f327ca7aed54d7193f1e26431055,1,True,178,valid_as_recorded,True,,0,0,12.199999999999989,76618a3568064da1eb4e3c732dbadeaef0c7a26614eef033e0623ec43b3f51a6,4f53cda18c2baa0c0354bb5f9a3ecbe5ed12ab4d8e11ba873c2f11161202b945,100000.0,100000.0,True,100000.0,0.0
k40_r1_cs_raw_m1440,345,ea284860ffb03631c522f50725d36b5c3acce34ccf1f39997601bd288befec59,1,True,179,valid_as_recorded,True,,0,0,14.600000000000023,0b60d0ba55aee3ecc9ebc5de780c82118841f6a96e2dbbb6f82cfc2b394f6689,4f53cda18c2baa0c0354bb5f9a3ecbe5ed12ab4d8e11ba873c2f11161202b945,100000.0,100000.0,True,100000.0,0.0
k40_r1_cs_raw_m1440,347,9cfaf2ad91fd1dc5ff5510150d74629b586681fa5cdfffd2e033315a0c748d10,1,True,180,valid_as_recorded,True,,0,0,7.399999999999977,876411daea228a0e95be9bba888f5ab17e15719ff137aa0c689e8c4114ea1cc0,4f53cda18c2baa0c0354bb5f9a3ecbe5ed12ab4d8e11ba873c2f11161202b945,100000.0,100000.0,True,100000.0,0.0
k40_r1_cs_raw_m1440,349,3e984d5afc6dde6ef21d258f809d76155f9955b0bf4d1083fb78de0a75fc27fe,1,True,181,valid_as_recorded,True,,0,0,12.199999999999989,31dbd6cba9d92df14ab20db2dbcef78a5087968cd34b192ed5a30a482678af53,4f53cda18c2baa0c0354bb5f9a3ecbe5ed12ab4d8e11ba873c2f11161202b945,100000.0,100000.0,True,100000.0,0.0
k40_r1_cs_raw_m1440,351,08ce35311d06db1b03040b15c47ea597b8de369c3a4ba2d6b1ec6f10fcef2834,1,True,182,valid_as_recorded,True,,0,0,9.199999999999989,3523ab74cebf23d6300f33d6fc4d179cfbc3f98fa863ccc62882b4752e65cc59,4f53cda18c2baa0c0354bb5f9a3ecbe5ed12ab4d8e11ba873c2f11161202b945,100000.0,100000.0,True,100000.0,0.0
k40_r1_cs_raw_m1440,355,e6a01439043b6e5fd10a0f34dbc9a90ad368074860cdaa4f4d69469bf3a61075,1,True,183,valid_as_recorded,True,,0,0,7.199999999999989,40cb4760094e5ac869e1e31a85838bba649d6da424e83d30acba298dc6317d66,4f53cda18c2baa0c0354bb5f9a3ecbe5ed12ab4d8e11ba873c2f11161202b945,100000.0,100000.0,True,100000.0,0.0
k40_r1_cs_raw_m1440,358,66644a224b22542e92ba04607e4f002a6412bc524102f598cbedbb2ca645bffb,1,True,184,valid_as_recorded,True,,0,0,12.199999999999989,28f62a7af973ad356c939f07fe0826fcd5b467d7d658cc6c7500c41342e37cdc,4f53cda18c2baa0c0354bb5f9a3ecbe5ed12ab4d8e11ba873c2f11161202b945,100000.0,100000.0,True,100000.0,0.0
k40_r1_cs_raw_m1440,362,04babbbe75a88c38bb8e3af4097c785202badeba604e9da531be3229a91df170,1,True,185,valid_as_recorded,True,,0,0,7.199999999999989,4966f9b2577f42f4768bdd55e25292443221bc961f12e6756e097362d5a90a94,4f53cda18c2baa0c0354bb5f9a3ecbe5ed12ab4d8e11ba873c2f11161202b945,100000.0,100000.0,True,100000.0,0.0
k40_r1_cs_raw_m1440,363,ea69b269acf73f923e755f28d38cf9d3523811858b2c343e130226a6cd14844e,1,True,186,valid_as_recorded,True,,0,0,2.1999999999999886,259bcbdcb8554c8ce2f25405be3041e8b14f3b41bfcd10c291012a7c372433e8,4f53cda18c2baa0c0354bb5f9a3ecbe5ed12ab4d8e11ba873c2f11161202b945,100000.0,100000.0,True,100000.0,0.0
k40_r1_cs_raw_m1440,364,0139766822724c9da9d3b353676649ab1eb09361f2f0a0e4888109a1232c1c33,1,True,187,valid_as_recorded,True,,0,0,3.3999999999999773,f3e12aa40317854d0d996adc7c5164126f0efa70e1d0ae5f285ad4331fd8c6b2,4f53cda18c2baa0c0354bb5f9a3ecbe5ed12ab4d8e11ba873c2f11161202b945,100000.0,100000.0,True,100000.0,0.0
k40_r1_cs_raw_m1440,366,b4ffe02bbd64be265ca8182af37ba82f804eb21cdc2e7dd2447321e150bdcad3,1,True,188,valid_as_recorded,True,,0,0,2.0,704cb7053afab8b9d256f015157af365e36abac1b4152b09658c6108892f716b,4f53cda18c2baa0c0354bb5f9a3ecbe5ed12ab4d8e11ba873c2f11161202b945,100000.0,100000.0,True,100000.0,0.0
k40_r1_cs_raw_m1440,367,b495b5f3baf55dc76b89d779934ccdba89dfd45a06f4e9179388eb323b5c2f4e,1,True,189,valid_as_recorded,True,,0,0,12.199999999999989,4f383f4812885d8f1127eff0c447b7173976a1a62cf64f539dc1eaa0b1508a13,4f53cda18c2baa0c0354bb5f9a3ecbe5ed12ab4d8e11ba873c2f11161202b945,100000.0,100000.0,True,100000.0,0.0
k40_r1_cs_raw_m1440,369,4fde664d2a5934399a3b10a9a382c1f867635d6078d6245830da21f107d2d1ef,1,True,190,valid_as_recorded,True,,0,0,7.199999999999989,3a41b23c495ce95755792baf9c5a9c8ffe1b452be43f064de8b98d98abcb52a8,4f53cda18c2baa0c0354bb5f9a3ecbe5ed12ab4d8e11ba873c2f11161202b945,100000.0,100000.0,True,100000.0,0.0
k40_r1_cs_raw_m1440,370,addcab36246719cd0568a2ecfdc6754863ac854f6c77ddc0de4b536b6ece8c37,1,True,191,valid_as_recorded,True,,0,0,7.399999999999977,b373ba4edbc9ed01a0029fb743dc0d46b395b57352bdf9d828ecc4f43eeeca51,4f53cda18c2baa0c0354bb5f9a3ecbe5ed12ab4d8e11ba873c2f11161202b945,100000.0,100000.0,True,100000.0,0.0
k40_r1_cs_raw_m1440,371,218cc50e134c5d346f30fc6d557a03321c8d2b755c64019277ecce2242a1602f,1,True,192,valid_as_recorded,True,,0,0,9.199999999999989,e52f95726a7d8c7ee6d889120a882d1f469e72a7eb6c87e4634c209e407cf148,4f53cda18c2baa0c0354bb5f9a3ecbe5ed12ab4d8e11ba873c2f11161202b945,100000.0,100000.0,True,100000.0,0.0
k40_r1_cs_raw_m1440,372,17e08f55e548c995ac81a87f1da1157e774a55857444bf8e360b3da488d1a932,1,True,193,valid_as_recorded,True,,0,0,12.199999999999989,17c0b544223703e5cebbd46e31a655be2b6c0c1195c21f8890ede6e5e8fbf756,4f53cda18c2baa0c0354bb5f9a3ecbe5ed12ab4d8e11ba873c2f11161202b945,100000.0,100000.0,True,100000.0,0.0
k40_r1_cs_raw_m1440,374,fb99d0e7b5069d4e66b582d9da0721dd0225b23b5e6a915dbd59b28db3579a11,1,True,194,valid_as_recorded,True,,0,0,12.199999999999989,cb7729a680515a9e3ef3d9b95175ea8bfb023edae22efeecc4463d0222bf12df,4f53cda18c2baa0c0354bb5f9a3ecbe5ed12ab4d8e11ba873c2f11161202b945,100000.0,100000.0,True,100000.0,0.0
k40_r1_cs_raw_m1440,375,7e94e1277a7c59d01d0ba535352f529dccc69c8fb30948fabe3c3677d800ce90,1,True,195,valid_as_recorded,True,,0,0,12.199999999999989,7fce68214b7496561df7e1e5e18a48f40b22ab7e1bca02cd7796726240a866d4,4f53cda18c2baa0c0354bb5f9a3ecbe5ed12ab4d8e11ba873c2f11161202b945,100000.0,100000.0,True,100000.0,0.0
k40_r1_cs_raw_m1440,376,ba9aee356b0ee01031b3af718012a11dd402ce710be4619f0b0236908c118d77,1,True,196,valid_as_recorded,True,,0,0,2.0,08f1b3f7b60990e6570f5a4c5d620f50c3fd4f0e04b9627edc3bcd9046341fbc,4f53cda18c2baa0c0354bb5f9a3ecbe5ed12ab4d8e11ba873c2f11161202b945,100000.0,100000.0,True,100000.0,0.0
k40_r1_cs_raw_m1440,379,aa4f6273907e5d0fd90b1d4e3818afe978a5d85be3203b3430420dbec7a7f89b,1,True,197,valid_as_recorded,True,,0,0,2.1999999999999886,8f82d99e9d11d7e7e572c39ba57e65d8e7c8b39c9372f65d4bea667c4676ea27,4f53cda18c2baa0c0354bb5f9a3ecbe5ed12ab4d8e11ba873c2f11161202b945,100000.0,100000.0,True,100000.0,0.0
k40_r1_cs_raw_m1440,381,f488bca4fd414f4119b04e11f3917458a69bdef62dc9287e86fea908cde25939,1,True,198,valid_as_recorded,True,,0,0,12.199999999999989,ae40820af078e3915ea0fec2f83d9bf1fe5b0265bd38a010a81d7fccea3c725c,4f53cda18c2baa0c0354bb5f9a3ecbe5ed12ab4d8e11ba873c2f11161202b945,100000.0,100000.0,True,100000.0,0.0
k40_r1_cs_raw_m1440,383,5b377affcdbfe5588822284a5adcc598fa2876345a76a663ee7c061a7dec6e71,1,True,199,valid_as_recorded,True,,0,0,12.199999999999989,3eff047df92ebc5c4f1ea155551312d85d68cde9d25df4b7920903a760fa73a4,4f53cda18c2baa0c0354bb5f9a3ecbe5ed12ab4d8e11ba873c2f11161202b945,100000.0,100000.0,True,100000.0,0.0
k40_r1_cs_raw_m1440,384,ddedbe478a7d1f5a7a59a5e892903b18e7984c432407f6dd16aab3434327d096,1,True,200,valid_as_recorded,True,,0,0,9.199999999999989,d05f1fee371b90d8ce92a8a4ddd285c5b258bf37b57adbd61a3e0c75c62dbad5,4f53cda18c2baa0c0354bb5f9a3ecbe5ed12ab4d8e11ba873c2f11161202b945,100000.0,100000.0,True,100000.0,0.0
k40_r1_cs_raw_m1440,385,25a193ea844c0ee27fabbf2ae4512ac67ab5a61e46425f67064e6bf8a6acef4a,1,True,201,valid_as_recorded,True,,0,0,7.199999999999989,948d55538b58294b077be548e45b0815e36a24f26e9a8e9ac7589bcda5891f73,4f53cda18c2baa0c0354bb5f9a3ecbe5ed12ab4d8e11ba873c2f11161202b945,100000.0,100000.0,True,100000.0,0.0
k40_r1_cs_raw_m1440,386,a64ab97a248cc6512ade7c4b3e626120a0cb3ff669faf34e66a6d7be2cb0a0c4,1,True,202,valid_as_recorded,True,,0,0,2.1999999999999886,63fa450932d7a9df83f8d169dec7e3f5ccc7164943fb714c97d59c617454c39e,4f53cda18c2baa0c0354bb5f9a3ecbe5ed12ab4d8e11ba873c2f11161202b945,100000.0,100000.0,True,100000.0,0.0
k40_r1_cs_raw_m1440,387,d68cf305781b970c547d13562f354e624a5d0ca883efea05ab84b20892e97382,1,True,203,valid_as_recorded,True,,0,0,3.3999999999999773,aac53ef64fa256bae64335e5e0ff6231e60a27cb0ff986554e18147f68464767,4f53cda18c2baa0c0354bb5f9a3ecbe5ed12ab4d8e11ba873c2f11161202b945,100000.0,100000.0,True,100000.0,0.0
k40_r1_cs_raw_m1440,388,99c48f07cee3e853da36402aa66bbfc7150c5d04b11a0967ebeb9ebd0aabbef9,1,True,204,valid_as_recorded,True,,0,0,9.199999999999989,4c018c090ce5abe7be74f45104231133b718846f972221f07e37322e492aeae6,4f53cda18c2baa0c0354bb5f9a3ecbe5ed12ab4d8e11ba873c2f11161202b945,100000.0,100000.0,True,100000.0,0.0
k40_r1_cs_raw_m1440,390,588bd9544cef697adb14a709843fbf6f1343086514c04a5f30b57fc7d4987c33,1,True,205,valid_as_recorded,True,,0,0,12.199999999999989,dc8e2f9fb327ff44c9f7dfc9c32018042cca9aba2e1d852186bc1db318e92ddb,4f53cda18c2baa0c0354bb5f9a3ecbe5ed12ab4d8e11ba873c2f11161202b945,100000.0,100000.0,True,100000.0,0.0
k40_r1_cs_raw_m1440,391,31e072d5becc5d000d93b340f9acfbfeda7fa41157f154d2ba4f9608263589b9,1,True,206,valid_as_recorded,True,,0,0,2.0,b5ab6e0fccce65d2917d8f2a8f268ad0f009654311567fc1d694aeb599e118f5,4f53cda18c2baa0c0354bb5f9a3ecbe5ed12ab4d8e11ba873c2f11161202b945,100000.0,100000.0,True,100000.0,0.0
k40_r1_cs_raw_m1440,392,1a822841ad9a52e02faff523c231846f3b682f129f458d2ffa986c7d97f3f040,1,True,207,valid_as_recorded,True,,0,0,14.600000000000023,9f82b4d34c2e92110653f89195dafa40caf36e578393ec38dea70d1775e4043b,4f53cda18c2baa0c0354bb5f9a3ecbe5ed12ab4d8e11ba873c2f11161202b945,100000.0,100000.0,True,100000.0,0.0
k40_r1_cs_raw_m1440,399,ca43e5898db3df479511506e68fd306eee10668973f813d23bc12d18385fce19,1,True,208,valid_as_recorded,True,,0,0,12.199999999999989,217181df3676d8449b26f8b11f090cc6f7d7c226cbe0af2d44fcf894ebbfe599,4f53cda18c2baa0c0354bb5f9a3ecbe5ed12ab4d8e11ba873c2f11161202b945,100000.0,100000.0,True,100000.0,0.0
k40_r1_cs_raw_m1440,400,ce1b2d54d6160a363cd4c213050d735da7d236064055e03cc3ee6415c49b4b31,1,True,209,valid_as_recorded,True,,0,0,9.199999999999989,69e4dc97d049754aed2101c5d0140f5364f2f65fe14b7a88dd91bf2481b5b3ae,4f53cda18c2baa0c0354bb5f9a3ecbe5ed12ab4d8e11ba873c2f11161202b945,100000.0,100000.0,True,100000.0,0.0
k40_r1_cs_raw_m1440,402,9fa51febbaeb13f7a8f3403c0410c791bc0558397170ec91106e92afa581357e,1,True,210,valid_as_recorded,True,,0,0,2.1999999999999886,e9d661cc11513e9f629d3b85c70b1e83fa6b8cdd72afd8394d392999884ddd0b,4f53cda18c2baa0c0354bb5f9a3ecbe5ed12ab4d8e11ba873c2f11161202b945,100000.0,100000.0,True,100000.0,0.0
k40_r1_cs_raw_m1440,405,9f6645418afb4d6483db5d9dece2e3a1979fa76d2a7f80297f6ba60d560ec4e5,1,True,211,valid_as_recorded,True,,0,0,12.199999999999989,83203050f1c819240ec01155bf982706816df399337e22cf627f02676b4c6f7d,4f53cda18c2baa0c0354bb5f9a3ecbe5ed12ab4d8e11ba873c2f11161202b945,100000.0,100000.0,True,100000.0,0.0
k40_r1_cs_raw_m1440,406,a002f5b0afc9f604b0f6e8439cb9a1ea4b2961824f853a937d352c314de5d80c,1,True,212,valid_as_recorded,True,,0,0,12.199999999999989,d1fe314d71c3c37e6a4f2bc851c8264a88e59996122c9dc6d4b63d5a077cd56c,4f53cda18c2baa0c0354bb5f9a3ecbe5ed12ab4d8e11ba873c2f11161202b945,100000.0,100000.0,True,100000.0,0.0
k40_r1_cs_raw_m1440,409,04f200f1e2407fd6d986dfa2027e8fe3606ee6c41ae6c7c45d26331416b69308,1,True,213,valid_as_recorded,True,,0,0,14.600000000000023,c1f8b900615dc4b31a454de8ff3d4f8a47d9abe2c40ec0d767d90a59efb2a7f1,4f53cda18c2baa0c0354bb5f9a3ecbe5ed12ab4d8e11ba873c2f11161202b945,100000.0,100000.0,True,100000.0,0.0
k40_r1_cs_raw_m1440,410,730950c0215a2f4126bae71b22eae8521214998687fc7d72f15bb1d8c23d3836,1,True,214,valid_as_recorded,True,,0,0,7.199999999999989,3fc5e4cc3f254a302ae56cde56be40fa1e4258977703b995e62d550a3ed9f29b,4f53cda18c2baa0c0354bb5f9a3ecbe5ed12ab4d8e11ba873c2f11161202b945,100000.0,100000.0,True,100000.0,0.0
k40_r1_cs_raw_m1440,411,628a546099b51a7bf90593d9a9a64cd7089d62a0e5f5ed20a6072d2e1005d048,1,True,215,valid_as_recorded,True,,0,0,3.3999999999999773,7f05b2514d355e409253fb96f2dec4baf587e0c3a92054eb7cbe359bb508a18a,4f53cda18c2baa0c0354bb5f9a3ecbe5ed12ab4d8e11ba873c2f11161202b945,100000.0,100000.0,True,100000.0,0.0
k40_r1_cs_raw_m1440,413,84b094214f37a0a4f7fc7108b95ecdab3da75999291e8bc414f74879cd03c1db,1,True,216,valid_as_recorded,True,,0,0,12.199999999999989,79b1dde1cbab54c7595a3b8f79afe98647a5e37dc29eff4f025d0a068916a9c6,4f53cda18c2baa0c0354bb5f9a3ecbe5ed12ab4d8e11ba873c2f11161202b945,100000.0,100000.0,True,100000.0,0.0
k40_r1_cs_raw_m1440,414,0c166b56923c9d438335d9199c1adc006a3fa3b08b13f37b363464f18d12e959,1,True,217,valid_as_recorded,True,,0,0,12.199999999999989,9742a1d98c7db0e4e01d4b2cf1913f71fb48eb5ab2d438a1d4269aaaa493ca4b,4f53cda18c2baa0c0354bb5f9a3ecbe5ed12ab4d8e11ba873c2f11161202b945,100000.0,100000.0,True,100000.0,0.0
k40_r1_cs_raw_m1440,415,95c44f969b5afe43d4a08e14845ea9c0f55ff21eb132e816da40b2e28f5ee376,1,True,218,valid_as_recorded,True,,0,0,12.199999999999989,57a34f7e13d20b3c110eaf1ef8e39efe53c10a1446a7a608764c653439ed21cb,4f53cda18c2baa0c0354bb5f9a3ecbe5ed12ab4d8e11ba873c2f11161202b945,100000.0,100000.0,True,100000.0,0.0
k40_r1_cs_raw_m1440,419,ef307878bac7b76452a7fa140a8093930dcc978105e3359a02326ea5fe192227,1,True,219,valid_as_recorded,True,,0,0,2.1999999999999886,5c106fed022b45ffa62653b9e4aeecfd77e9a16648a5686c023ca48f4f71ed01,4f53cda18c2baa0c0354bb5f9a3ecbe5ed12ab4d8e11ba873c2f11161202b945,100000.0,100000.0,True,100000.0,0.0
k40_r1_cs_raw_m1440,423,d11caadc73d8719b2959b305294c915b3f4d1254d6bf8d64c52faee0a81fac20,1,True,220,valid_as_recorded,True,,0,0,12.199999999999989,aa8196d11a5bdbf6e89d970bd7fb7550fd91b6e42d2b779a2d0b37e3b44c86b8,4f53cda18c2baa0c0354bb5f9a3ecbe5ed12ab4d8e11ba873c2f11161202b945,100000.0,100000.0,True,100000.0,0.0
k40_r1_cs_raw_m1440,424,c192b24531f2cacd81a1557f8a48c8d102461a49f1d4688020531f6040a7ecab,1,True,221,valid_as_recorded,True,,0,0,2.0,28cbc2238f8a237c6dd5f63e1a5642a9cc303a6a6e8346ff6c81246087af1104,4f53cda18c2baa0c0354bb5f9a3ecbe5ed12ab4d8e11ba873c2f11161202b945,100000.0,100000.0,True,100000.0,0.0
k40_r1_cs_raw_m1440,425,0c3ca502b1f19b18aa1ee4334f1974b2f51428733d1c8ecafcc297f77d6ea74b,1,True,222,valid_as_recorded,True,,0,0,14.600000000000023,8ce94a0e9e0f059cb6ea69f0b9295181cd444e3a2beb3169b3261a72028e71bd,4f53cda18c2baa0c0354bb5f9a3ecbe5ed12ab4d8e11ba873c2f11161202b945,100000.0,100000.0,True,100000.0,0.0
k40_r1_cs_raw_m1440,426,1a7362c8c18bc78a4b20952fc7593a56cdb89a204300a96c92b3915f6a52fc87,1,True,223,valid_as_recorded,True,,0,0,7.199999999999989,aaaececb61b6feeda4f2cb6997376235549d3111c713d05afb01b04ac04aac86,4f53cda18c2baa0c0354bb5f9a3ecbe5ed12ab4d8e11ba873c2f11161202b945,100000.0,100000.0,True,100000.0,0.0
k40_r1_cs_raw_m1440,427,23a4f6ee909897142105a6577ac39ff86c353b8ad0ded0bece87829bb1953a58,1,True,224,valid_as_recorded,True,,0,0,2.1999999999999886,a3b5cde37996f15c3965e313db5c768d4a775c9e2602e6e17d262eb1c90cb10a,4f53cda18c2baa0c0354bb5f9a3ecbe5ed12ab4d8e11ba873c2f11161202b945,100000.0,100000.0,True,100000.0,0.0
k40_r1_cs_raw_m1440,428,76be46b95da6490c98bf939c1316ff420605c21edd5f798dcada42a98e20fe4a,1,True,225,valid_as_recorded,True,,0,0,12.199999999999989,5667f13adfcbf36cd1c80f4eb8d2454614f279b1bea72f18028b07469d96bd9f,4f53cda18c2baa0c0354bb5f9a3ecbe5ed12ab4d8e11ba873c2f11161202b945,100000.0,100000.0,True,100000.0,0.0
k40_r1_cs_raw_m1440,429,ed135ef7f995631a6cc523d2b245e8f49151427b0fb92bf10c450cf77e14a59c,1,True,226,valid_as_recorded,True,,0,0,12.199999999999989,12696d7c0efee0000a24c814811b682cb731a4d2d1044713b2b9489dd134119d,4f53cda18c2baa0c0354bb5f9a3ecbe5ed12ab4d8e11ba873c2f11161202b945,100000.0,100000.0,True,100000.0,0.0
k40_r1_cs_raw_m1440,432,3c0a87fd761ac8f8fac7418c73ad5a4215df4dfdbc1b76a98987eda29c24e537,1,True,227,valid_as_recorded,True,,0,0,2.0,5d9b5e641d26985d38c216540037c620acb220f92f2576b53fd18e29689fbae6,4f53cda18c2baa0c0354bb5f9a3ecbe5ed12ab4d8e11ba873c2f11161202b945,100000.0,100000.0,True,100000.0,0.0
k40_r1_cs_raw_m1440,434,d3d30f0792e260a61fcb7286673c039a6f1b6e127fb1021fdfdb01d3aceb6b05,1,True,228,valid_as_recorded,True,,0,0,12.199999999999989,7da9cf2a9b2c5913cf02214e2eb42d1544fd6572da0431219cc1f769649bdddb,4f53cda18c2baa0c0354bb5f9a3ecbe5ed12ab4d8e11ba873c2f11161202b945,100000.0,100000.0,True,100000.0,0.0
k40_r1_cs_raw_m1440,436,7f713fc8be1d893ae3d22345a9cd96d447a1125361656363d6ca52530013225c,1,True,229,valid_as_recorded,True,,0,0,2.1999999999999886,ea95f3eadf60f961e3055e736e2d4955e2e96f31976732527dbd57c824bc034e,4f53cda18c2baa0c0354bb5f9a3ecbe5ed12ab4d8e11ba873c2f11161202b945,100000.0,100000.0,True,100000.0,0.0
k40_r1_cs_raw_m1440,439,faf1ac8997c2e3a8e7e7f072993e3c8bc62ba620c136019cc9b1bee2ed1e3b8c,1,True,230,valid_as_recorded,True,,0,0,12.199999999999989,ad21c99c6ef9a9f21cc50b498a6af37a99a18266396c697afa5943295c051b6e,4f53cda18c2baa0c0354bb5f9a3ecbe5ed12ab4d8e11ba873c2f11161202b945,100000.0,100000.0,True,100000.0,0.0
k40_r1_cs_raw_m1440,440,faafaa12171fa64cfada03add6d122b25d90cb34d314b912eb98ff813683d65d,1,True,231,valid_as_recorded,True,,0,0,12.199999999999989,b355203b36956d7e8103946bd8d5983babd73062e857c0b1dda7d51b80af1763,4f53cda18c2baa0c0354bb5f9a3ecbe5ed12ab4d8e11ba873c2f11161202b945,100000.0,100000.0,True,100000.0,0.0
k40_r1_cs_raw_m1440,441,bbff1938a0862005fed8783488d9874a68fb40946e24b38329eb1d8edd055222,1,True,232,valid_as_recorded,True,,0,0,2.0,bdd1b232b99896bbc5137438922392f93e517784d811b24236e25fbb9d3412e8,4f53cda18c2baa0c0354bb5f9a3ecbe5ed12ab4d8e11ba873c2f11161202b945,100000.0,100000.0,True,100000.0,0.0
k40_r1_cs_raw_m1440,442,3ac7a5effe91f6fa5c7fa315478eef355071a17c5b0634f4fe47fb0ac374d2a0,1,True,233,valid_as_recorded,True,,0,0,14.600000000000023,0a5d31ee883f1cfb76f7910d5abda43c411c0c13aa189e052278a44bde48c7d4,4f53cda18c2baa0c0354bb5f9a3ecbe5ed12ab4d8e11ba873c2f11161202b945,100000.0,100000.0,True,100000.0,0.0
k40_r1_cs_raw_m1440,443,4bc302c8d7d2d369a40672551e05ace60ca7d9cabb2423e0b57ca2466f371ebb,1,True,234,valid_as_recorded,True,,0,0,7.199999999999989,4e96ff94fc192fecb0e67cf92c565f33c1ddf4b69e8e1a45f9944db8f81cfec3,4f53cda18c2baa0c0354bb5f9a3ecbe5ed12ab4d8e11ba873c2f11161202b945,100000.0,100000.0,True,100000.0,0.0
k40_r1_cs_raw_m1440,446,706d3b4710443c482bebaa8fa7ad475d35332cf159f200a6b5a5e90a423e4732,1,True,235,valid_as_recorded,True,,0,0,12.199999999999989,e601d0f6be596d16124d1486a7fd9b41a6cf94a702c65e6d9872b42653094d5c,4f53cda18c2baa0c0354bb5f9a3ecbe5ed12ab4d8e11ba873c2f11161202b945,100000.0,100000.0,True,100000.0,0.0
k40_r1_cs_raw_m1440,449,7a1911e09cacdf0ea1b0a7e4a5719808d2bff6495683bf886a6ee95eb2c7a10b,1,True,236,valid_as_recorded,True,,0,0,9.199999999999989,a305f88dfa22d56e3253e085a36ffd60c83571c4e2bb705667dc73ecfd7a7750,4f53cda18c2baa0c0354bb5f9a3ecbe5ed12ab4d8e11ba873c2f11161202b945,100000.0,100000.0,True,100000.0,0.0
k40_r1_cs_raw_m1440,453,47187c4fe284c2d41cb262c7748f961a7d446c37543bb15d1bb3e783aead319e,1,True,237,valid_as_recorded,True,,0,0,9.199999999999989,bee734aba7eb4da7414c4f511e1c279be53c6484c5214f3073cec3d56b510860,4f53cda18c2baa0c0354bb5f9a3ecbe5ed12ab4d8e11ba873c2f11161202b945,100000.0,100000.0,True,100000.0,0.0
k40_r1_cs_raw_m1440,460,6504c78f38d98d20f8cd1af8fcadadd01f553d707e7ee637d98aa17bdfc8539a,1,True,238,valid_as_recorded,True,,0,0,3.3999999999999773,9e2687fa3dc45a45f755a3e93e86f0fb48b6c913665885dc1ad5c36874e95f23,4f53cda18c2baa0c0354bb5f9a3ecbe5ed12ab4d8e11ba873c2f11161202b945,100000.0,100000.0,True,100000.0,0.0
k40_r1_cs_raw_m1440,461,d444ce1d16617723ad34b83d2678c87e66eb690f5b04dace6d05b79baed8f3e0,1,True,239,valid_as_recorded,True,,0,0,2.1999999999999886,ec792578a273c65289ac82f1d67961f3ee1343ba49e2bf73241709ef702e51fe,4f53cda18c2baa0c0354bb5f9a3ecbe5ed12ab4d8e11ba873c2f11161202b945,100000.0,100000.0,True,100000.0,0.0
k40_r1_cs_raw_m1440,462,325d84497ed1581d01c0ad653ce1624fd6237e68fcd103d56cc17c6f2278ce3a,1,True,240,valid_as_recorded,True,,0,0,7.199999999999989,3275df1bb3a223eed0228f05561e98a22bc811c459e96cfef91ae77636861cbf,4f53cda18c2baa0c0354bb5f9a3ecbe5ed12ab4d8e11ba873c2f11161202b945,100000.0,100000.0,True,100000.0,0.0
k40_r1_cs_raw_m1440,463,e6222a90dbf4f4fd0376e97db0d3f8ab7af86c09854a17f20ce2ffaff289d8d8,1,True,241,valid_as_recorded,True,,0,0,12.199999999999989,0cb2b4766606f14c4262494837fd7c9cbdd83b67c2ab4bb5a2ab214ed75b8f68,4f53cda18c2baa0c0354bb5f9a3ecbe5ed12ab4d8e11ba873c2f11161202b945,100000.0,100000.0,True,100000.0,0.0
k40_r1_cs_raw_m1440,466,a00478472d8205dbbea1fcba09467b14e3e21bbacaf72e2bddfb80d1fa39fb8e,1,True,242,valid_as_recorded,True,,0,0,2.0,15432f07682d13a74d9469d3fe668088f506848f64dddae744af9e2a99ed6943,4f53cda18c2baa0c0354bb5f9a3ecbe5ed12ab4d8e11ba873c2f11161202b945,100000.0,100000.0,True,100000.0,0.0
k40_r1_cs_raw_m1440,467,25803a02478dc773da8a2b291d9241105cf8335d1795df9280d6951df3aecc78,1,True,243,valid_as_recorded,True,,0,0,9.199999999999989,51596742f0e7c7d5d1fd9a3463bee2446f0142cbc4e2fb2b0fdddbad7a350343,4f53cda18c2baa0c0354bb5f9a3ecbe5ed12ab4d8e11ba873c2f11161202b945,100000.0,100000.0,True,100000.0,0.0
k40_r1_cs_raw_m1440,468,8e7f7d191c9f9d829bd0a9834b8df1fbf8c538c814f057ec0534f2510a51dbd1,1,True,244,valid_as_recorded,True,,0,0,12.199999999999989,104981289045cac55262ba0fb0cb8e5ce8e18b212435d7c8c811248632520ecb,4f53cda18c2baa0c0354bb5f9a3ecbe5ed12ab4d8e11ba873c2f11161202b945,100000.0,100000.0,True,100000.0,0.0
k40_r1_cs_raw_m1440,469,420506d845f7d362f7ec7880463a0bdfb95c6f7c844ac40e018c76e2b4b582e4,1,True,245,valid_as_recorded,True,,0,0,2.1999999999999886,96f1721ade95aa04954f57acca7e0cfb6dd9c1fac120154cf5d87fd408cfd3a8,4f53cda18c2baa0c0354bb5f9a3ecbe5ed12ab4d8e11ba873c2f11161202b945,100000.0,100000.0,True,100000.0,0.0
k40_r1_cs_raw_m1440,470,9f79926c732607d88f88f12aea05fdcaa763804d957068ca5f0ee8fe0ec3e2f3,1,True,246,valid_as_recorded,True,,0,0,7.399999999999977,8bc2a1987281b31ca321b3a9b66e31ef50e37b34172a7a02d307e526b27e23be,4f53cda18c2baa0c0354bb5f9a3ecbe5ed12ab4d8e11ba873c2f11161202b945,100000.0,100000.0,True,100000.0,0.0
k40_r1_cs_raw_m1440,473,70d7be761f940e13353fe869b0ef04bcebca3770f8df25613b8545a411b27030,1,True,247,valid_as_recorded,True,,0,0,12.199999999999989,7710999a05e6bdaff22d36ccaf8b8ebda2811c10e3df6594bd9964e76a1ba326,4f53cda18c2baa0c0354bb5f9a3ecbe5ed12ab4d8e11ba873c2f11161202b945,100000.0,100000.0,True,100000.0,0.0
k40_r1_cs_raw_m1440,474,4951fb063e2a11ce849df9310b6d8c9712fdc4ffeab4f66f59068e54ed7e1574,1,True,248,valid_as_recorded,True,,0,0,12.199999999999989,9d636d637a28b338d4e196d35bdc5b129bcc385d14cf97e978c0c385bcfa5932,4f53cda18c2baa0c0354bb5f9a3ecbe5ed12ab4d8e11ba873c2f11161202b945,100000.0,100000.0,True,100000.0,0.0
k40_r1_cs_raw_m1440,475,6f598da293cc9a6d9ca23ac70406281813ceb212a9bccf24a3606caea66db681,1,True,249,valid_as_recorded,True,,0,0,2.0,5bdbb32a69dee470030b01711d0470ff7d156460cd97ebc59c5e736cbb7df55f,4f53cda18c2baa0c0354bb5f9a3ecbe5ed12ab4d8e11ba873c2f11161202b945,100000.0,100000.0,True,100000.0,0.0
k40_r1_cs_raw_m1440,477,acc6be5db9d8b7b562bd3024f7a73bf422f70765cdd9a42b5f4e7763bb37de3f,1,True,250,valid_as_recorded,True,,0,0,2.1999999999999886,e0604a39f58e8d28d5ce4859f9ef7716710d406ecb3add5664d175337de48273,4f53cda18c2baa0c0354bb5f9a3ecbe5ed12ab4d8e11ba873c2f11161202b945,100000.0,100000.0,True,100000.0,0.0
k40_r1_cs_raw_m1440,479,1e3816af9d9f9f9264e243d184b41f18127abb7bfcd2450e636839633cbc41c6,1,True,251,valid_as_recorded,True,,0,0,12.199999999999989,c5c25888d5af17588c9ac496ac46b44273b8420c0e1c07baa1a3ca6990824744,4f53cda18c2baa0c0354bb5f9a3ecbe5ed12ab4d8e11ba873c2f11161202b945,100000.0,100000.0,True,100000.0,0.0
k40_r1_cs_raw_m1440,480,8c407b6ed0efe8729af52bebd022e8b6728a7a84ee72820c40a5dd4e62ebe98a,1,True,252,valid_as_recorded,True,,0,0,12.199999999999989,e7deb1c310281aaff6222a70ec3a2fec789d63e9b13bef3f8c33dc89b960af14,4f53cda18c2baa0c0354bb5f9a3ecbe5ed12ab4d8e11ba873c2f11161202b945,100000.0,100000.0,True,100000.0,0.0
k40_r1_cs_raw_m1440,481,3411e41e6d81737a94f4881004b5bc33a556afc7a2b7b4c4ddce594964a4efdf,1,True,253,valid_as_recorded,True,,0,0,12.199999999999989,eb08d0b094816cf79a2f95bbafe716218e8eb51f88bc2120bec4b92b2bedfbf9,4f53cda18c2baa0c0354bb5f9a3ecbe5ed12ab4d8e11ba873c2f11161202b945,100000.0,100000.0,True,100000.0,0.0
k40_r1_cs_raw_m1440,482,fc92a54efc2fbe08ceb99b01e56cc95714e29c587bb9eb8c8c14edd4126eb679,1,True,254,valid_as_recorded,True,,0,0,12.199999999999989,481a45437cd1a55f923ee4c866acfe8237bb6126244e2177484bf667005a5d6d,4f53cda18c2baa0c0354bb5f9a3ecbe5ed12ab4d8e11ba873c2f11161202b945,100000.0,100000.0,True,100000.0,0.0
k40_r1_cs_raw_m1440,487,849fc0182955b8f78a3d67c852fc1cdb304473af1426fccd074cc87613c8a844,1,True,255,valid_as_recorded,True,,0,0,3.3999999999999773,1842d235114935301bb4437902414b9228707fdc98ddb9bf095d29125dc84e5d,4f53cda18c2baa0c0354bb5f9a3ecbe5ed12ab4d8e11ba873c2f11161202b945,100000.0,100000.0,True,100000.0,0.0
k40_r1_cs_raw_m1440,489,76f1cebdf8ddc1c572b37a43305505363ad1593cc753fc171b217c13f6b7665c,1,True,256,valid_as_recorded,True,,0,0,9.199999999999989,b4c421c67d4d0a524d3d87cc78aaa1dcfbf89214c667a772d63b2e41ce2f7d3a,4f53cda18c2baa0c0354bb5f9a3ecbe5ed12ab4d8e11ba873c2f11161202b945,100000.0,100000.0,True,100000.0,0.0
k40_r1_cs_raw_m1440,490,0f14e687f1acbefc2d405abc7fa471ee5d154f0dd27e690802aa469d07bbc4ad,1,True,257,valid_as_recorded,True,,0,0,12.199999999999989,e4304a6d112766398be7b42d80cb1d432ddf32df53ebf598868da92c93c8f6f7,4f53cda18c2baa0c0354bb5f9a3ecbe5ed12ab4d8e11ba873c2f11161202b945,100000.0,100000.0,True,100000.0,0.0
k40_r1_cs_raw_m1440,491,def1a70ddfd414d36fb8396e2442925040e567452022c3ac1beebcbf02e68953,1,True,258,valid_as_recorded,True,,0,0,12.199999999999989,dd9104057ddca1849d36cd8405c50d15615aa814a45e2efc6a980072c1e60b11,4f53cda18c2baa0c0354bb5f9a3ecbe5ed12ab4d8e11ba873c2f11161202b945,100000.0,100000.0,True,100000.0,0.0
k40_r1_cs_raw_m1440,493,a111c74a7516b0dcd8534c91df2717adcc2fa3e469997b8ee3590c6a59ad16ca,1,True,259,valid_as_recorded,True,,0,0,12.199999999999989,99ba6e08a24b2f3b0f99976e890e7e4dc04c846de277597c67a5f390f1fad0ad,4f53cda18c2baa0c0354bb5f9a3ecbe5ed12ab4d8e11ba873c2f11161202b945,100000.0,100000.0,True,100000.0,0.0
k40_r1_cs_raw_m1440,495,5ce3da9a9278fe69a4c048ff6f072db364181051f23a036cdbd99621aefb6a19,1,True,260,valid_as_recorded,True,,0,0,7.399999999999977,1717216de52cf963744a96550e16d9bdba315baadfe88ca842a8215c16209950,4f53cda18c2baa0c0354bb5f9a3ecbe5ed12ab4d8e11ba873c2f11161202b945,100000.0,100000.0,True,100000.0,0.0
k40_r1_cs_raw_m1440,497,808da800268ff236b9a356e63892b0d6067a7f476c4f8d41652383e38cab76c2,1,True,261,valid_as_recorded,True,,0,0,7.199999999999989,51ca7cb7860c3e009a70c7103f4962ce1a04bc74c8d6bf1534fd144b2c38787c,4f53cda18c2baa0c0354bb5f9a3ecbe5ed12ab4d8e11ba873c2f11161202b945,100000.0,100000.0,True,100000.0,0.0
k40_r1_cs_raw_m1440,498,db4de3c6d47582d01abdae4a563e2f8fa06547f65e555f176d9318910ec601bc,1,True,262,valid_as_recorded,True,,0,0,12.199999999999989,bbe9debcdd28760c2af73a36a79d50ed1b36637b683a545e47cd889d578793ae,4f53cda18c2baa0c0354bb5f9a3ecbe5ed12ab4d8e11ba873c2f11161202b945,100000.0,100000.0,True,100000.0,0.0
k40_r1_cs_raw_m1440,499,5279fd588f8a7597df47e1b7788068ecf0f86db8e5aeff7b62cab7c697b3aab5,1,True,263,valid_as_recorded,True,,0,0,12.199999999999989,ef3d4e204fbcceb2b4a5033429bdab6152459817fb8840ae524b92f565b3d050,4f53cda18c2baa0c0354bb5f9a3ecbe5ed12ab4d8e11ba873c2f11161202b945,100000.0,100000.0,True,100000.0,0.0
k40_r1_cs_raw_m1440,500,133c95fcc5c4259fcbf144d146a6111f4d64e8d17ca510c25b15e4ff999fc0b3,1,True,264,valid_as_recorded,True,,0,0,2.0,8d80f307ee995e7b576ae73f4d9b2225fc36a47fda75c5dfb56117a8ba60fa64,4f53cda18c2baa0c0354bb5f9a3ecbe5ed12ab4d8e11ba873c2f11161202b945,100000.0,100000.0,True,100000.0,0.0
k40_r1_cs_raw_m1440,502,0051d639293473b68c54177f22ba1d64d2d9079698917692fa8559cbe1807406,1,True,265,valid_as_recorded,True,,0,0,12.199999999999989,91e790698acb45b835d7976447aee1df42fc0cc81c0cf49b955ddddfdd5c22a0,4f53cda18c2baa0c0354bb5f9a3ecbe5ed12ab4d8e11ba873c2f11161202b945,100000.0,100000.0,True,100000.0,0.0
k40_r1_cs_raw_m1440,506,35b299fdd631a957b08c47b4f573b4f8b02ef1677f3f13cc42202dc9ad572cc2,1,True,266,valid_as_recorded,True,,0,0,12.199999999999989,00d79804e677e908bd5f7e80591360a3b614eeb134becf2ef7867c1f4d381c9e,4f53cda18c2baa0c0354bb5f9a3ecbe5ed12ab4d8e11ba873c2f11161202b945,100000.0,100000.0,True,100000.0,0.0
k40_r1_cs_raw_m1440,508,fa057dbea2a452017ceb4ef5de1636e11ad5a514e1ff386802053d93cdb8d6ab,1,True,267,valid_as_recorded,True,,0,0,12.199999999999989,59469a1e612c70243433fda6800b8a4a3a95c1a932d5b6d38238ff8a025d02c1,4f53cda18c2baa0c0354bb5f9a3ecbe5ed12ab4d8e11ba873c2f11161202b945,100000.0,100000.0,True,100000.0,0.0
k40_r1_cs_raw_m1440,509,f235f5ff36676d99572e538a1d147e010bc6a119329d56cd50f96d2cf8a8c458,1,True,268,valid_as_recorded,True,,0,0,12.199999999999989,213bd8f8b180abbafaf4d250c654944bf1bf8a692fb333cee8fa6c4f38ae8a8b,4f53cda18c2baa0c0354bb5f9a3ecbe5ed12ab4d8e11ba873c2f11161202b945,100000.0,100000.0,True,100000.0,0.0
k40_r1_cs_raw_m1440,512,1712b4455da36610402885fef3b5822756f501c335a83e4b2959b2a90b9a7875,1,True,269,valid_as_recorded,True,,0,0,9.199999999999989,516788b7663039718480a7c3a88878ac4f895e8464f1b5dbf38032b8e66c4405,4f53cda18c2baa0c0354bb5f9a3ecbe5ed12ab4d8e11ba873c2f11161202b945,100000.0,100000.0,True,100000.0,0.0
k40_r1_cs_raw_m1440,514,3e190802e8711e6e2c3b744961049e2091c16dcf868d4af6007829c672d1c5f1,1,True,270,valid_as_recorded,True,,0,0,3.3999999999999773,cf6dc4f07d6e8a7d1bbee267ed737742c6d0dcb26c0cf87783a3343b88064ea2,4f53cda18c2baa0c0354bb5f9a3ecbe5ed12ab4d8e11ba873c2f11161202b945,100000.0,100000.0,True,100000.0,0.0
k40_r1_cs_raw_m1440,516,5f4c7e6917956cf70a33739f26b18f608b2fe9fb4368853001a8636a836d89ab,1,True,271,valid_as_recorded,True,,0,0,2.1999999999999886,b6aaca5837aeea9afe2d07bbd01d890ac90d4df1a8545397775bce3afde17b22,4f53cda18c2baa0c0354bb5f9a3ecbe5ed12ab4d8e11ba873c2f11161202b945,100000.0,100000.0,True,100000.0,0.0
k40_r1_cs_raw_m1440,519,0c1623469f0e5cc99da9a15f31704f768028289f6995339dd2057e5ccd22206d,1,True,272,valid_as_recorded,True,,0,0,12.199999999999989,71e1d2a763381151f7204e558701f48e0a70b01d8245eb7bd22d544194165583,4f53cda18c2baa0c0354bb5f9a3ecbe5ed12ab4d8e11ba873c2f11161202b945,100000.0,100000.0,True,100000.0,0.0
k40_r1_cs_raw_m1440,520,142d915ab6d4121aac4d66f1597883b8a0c0a1f56182e5d4619374a796ac323d,1,True,273,valid_as_recorded,True,,0,0,12.199999999999989,58cc970aa1907214f318146258be68588eeeac9281e10498efa78d430de1ba32,4f53cda18c2baa0c0354bb5f9a3ecbe5ed12ab4d8e11ba873c2f11161202b945,100000.0,100000.0,True,100000.0,0.0
k40_r1_cs_raw_m1440,521,81fc15f6852309377636b4bc5968a9bf7b776a00e0716b69b8c2eb899c981985,1,True,274,valid_as_recorded,True,,0,0,2.0,dfe52f682d70825dfa355e818d481ac88eb29339e5235380d592b7899d81b469,4f53cda18c2baa0c0354bb5f9a3ecbe5ed12ab4d8e11ba873c2f11161202b945,100000.0,100000.0,True,100000.0,0.0
k40_r1_cs_raw_m1440,522,248a2309ba9b1ad0938c054bcf44811650ca9bc3df5dcbda1b246d7aeb1eccc4,1,True,275,valid_as_recorded,True,,0,0,9.199999999999989,3470c7b1b54d43c3389e14d38679f1a282cec96b68ae5e8e1f9dc095078c0991,4f53cda18c2baa0c0354bb5f9a3ecbe5ed12ab4d8e11ba873c2f11161202b945,100000.0,100000.0,True,100000.0,0.0
k40_r1_cs_raw_m1440,524,e9c139b7ba8de74cf7fbe4bdfdcfde0c39582a69a45ea21333c7b9fde08fbae1,1,True,276,valid_as_recorded,True,,0,0,2.1999999999999886,9be8d9e52428fdcf72fa205beb7eb533e4aeca0a0af98e8f56c2ba2856f53232,4f53cda18c2baa0c0354bb5f9a3ecbe5ed12ab4d8e11ba873c2f11161202b945,100000.0,100000.0,True,100000.0,0.0
k40_r1_cs_raw_m1440,526,9f3d0b7026e1a87f7838bad1eb7b22f61a7497f474b0ea9d2c59a888e8aa30de,1,True,277,valid_as_recorded,True,,0,0,7.399999999999977,60280c97df0a3634ffeb0264e036746cc4368ddca180efb0c212cc8cb3d1836a,4f53cda18c2baa0c0354bb5f9a3ecbe5ed12ab4d8e11ba873c2f11161202b945,100000.0,100000.0,True,100000.0,0.0
k40_r1_cs_raw_m1440,527,818f2baa35a6d7c6ac5ed40b1c53ea67a4402bfb6aa6b682937ecb421131a57d,1,True,278,valid_as_recorded,True,,0,0,7.199999999999989,351a621d06f1ece21f59278bef5e8549436b39df654d5b09ae3e70c44b5bb8ce,4f53cda18c2baa0c0354bb5f9a3ecbe5ed12ab4d8e11ba873c2f11161202b945,100000.0,100000.0,True,100000.0,0.0
k40_r1_cs_raw_m1440,529,6874a9a9eb52b9c2224ab6eec9754d6d819a95a7dcfc3e1ceb0051409d64bd93,1,True,279,valid_as_recorded,True,,0,0,12.199999999999989,dae51cf8d11b0e23d70a11e43410976e151af22a03a81d704a2330b9ea131721,4f53cda18c2baa0c0354bb5f9a3ecbe5ed12ab4d8e11ba873c2f11161202b945,100000.0,100000.0,True,100000.0,0.0
k40_r1_cs_raw_m1440,531,d7a16eb4074cee662e647e97436b77106f9d0400be45219b3ffc70628dc7bd14,1,True,280,valid_as_recorded,True,,0,0,9.199999999999989,36db27f0f074c1b5d8888f55c53af724186c86b52aee35e26145275fa8bb28d5,4f53cda18c2baa0c0354bb5f9a3ecbe5ed12ab4d8e11ba873c2f11161202b945,100000.0,100000.0,True,100000.0,0.0
k40_r1_cs_raw_m1440,532,58aae6aa8fa6ba4cd44ac8c28e15a5ca1c380da62b97a19fa3ba059a5b36ce54,1,True,281,valid_as_recorded,True,,0,0,14.600000000000023,f199f70ba380b5d6a7e2e1e92c2bfa6111f2851308bc46abd50a411a953c66e3,4f53cda18c2baa0c0354bb5f9a3ecbe5ed12ab4d8e11ba873c2f11161202b945,100000.0,100000.0,True,100000.0,0.0
k40_r1_cs_raw_m1440,533,761b83527edd95c28a860a2e07ebf7cf6ebfb9cf15f3928aa5655ec22f2a87f7,1,True,282,valid_as_recorded,True,,0,0,12.399999999999977,351e3268732fd67fd85345aec0111d5f8d683b68cfb05384042f6c3318c7e2dc,4f53cda18c2baa0c0354bb5f9a3ecbe5ed12ab4d8e11ba873c2f11161202b945,100000.0,100000.0,True,100000.0,0.0
k40_r1_cs_raw_m1440,534,72b504e8dbc3a4b843305fcba1c500d0e3db97cb58c4901af9e46165a32d869b,1,True,283,valid_as_recorded,True,,0,0,9.199999999999989,e0881f9bd208d6086b57146419de38464291b62464bf9f3c09662708481102f8,4f53cda18c2baa0c0354bb5f9a3ecbe5ed12ab4d8e11ba873c2f11161202b945,100000.0,100000.0,True,100000.0,0.0
k40_r1_cs_raw_m1440,535,8f48931d9dc69f820ed5ff5baffd8c3b47a7447186f1979a8f19eea66fabe85a,1,True,284,valid_as_recorded,True,,0,0,2.1999999999999886,cfd6eda217c12c8a19958399a8412d09230ee53c46455754053aa0e2c67c47e3,4f53cda18c2baa0c0354bb5f9a3ecbe5ed12ab4d8e11ba873c2f11161202b945,100000.0,100000.0,True,100000.0,0.0
k40_r1_cs_raw_m1440,537,505bdef6dc690c1d99ed36aebcbad2ac47444f45fc4a03e38bee2624b0575b2b,1,True,285,valid_as_recorded,True,,0,0,12.199999999999989,09d9ebaee42e4cfc1f97694d4c39f09a6068e00498b30d9e3c62677bcb53ddb9,4f53cda18c2baa0c0354bb5f9a3ecbe5ed12ab4d8e11ba873c2f11161202b945,100000.0,100000.0,True,100000.0,0.0
k40_r1_cs_raw_m1440,538,6d334b0b956babd518b1ee6c5b5cd5a395a0839a87369a9310687fb55eb81da6,1,True,286,valid_as_recorded,True,,0,0,12.199999999999989,4e8ba2c319287e78845f94cb92251ef664fd5e26e0f69edbfbdcf1426e7d919b,4f53cda18c2baa0c0354bb5f9a3ecbe5ed12ab4d8e11ba873c2f11161202b945,100000.0,100000.0,True,100000.0,0.0
k40_r1_cs_raw_m1440,540,374abf621c7c929b99647aa3d424b3f4da455e5a3786d469d546b50b1912e8f7,1,True,287,valid_as_recorded,True,,0,0,12.199999999999989,65ba8e5ece0013669fb4d2685ad9270a937f3f8f8ab871b880eea2ae1a0c70b5,4f53cda18c2baa0c0354bb5f9a3ecbe5ed12ab4d8e11ba873c2f11161202b945,100000.0,100000.0,True,100000.0,0.0
k40_r1_cs_raw_m1440,541,a69e6f55ba36927895b059a4294b4c0878216c9cd480b714404dbab4128ba288,1,True,288,valid_as_recorded,True,,0,0,12.199999999999989,174ba0ab2421cef15c8bd0537d5694f1776851d3227fec2bb842d2e7a6090ed7,4f53cda18c2baa0c0354bb5f9a3ecbe5ed12ab4d8e11ba873c2f11161202b945,100000.0,100000.0,True,100000.0,0.0
k40_r1_cs_raw_m1440,545,bac8f90a8fa18791beda1a2a731d3ad22b68cf90a892817acfe109523a5260cb,1,True,289,valid_as_recorded,True,,0,0,2.1999999999999886,daa4293a4249235890eff47b00f5c24af47d76e62b53ea47dbe3c79124a45cb8,4f53cda18c2baa0c0354bb5f9a3ecbe5ed12ab4d8e11ba873c2f11161202b945,100000.0,100000.0,True,100000.0,0.0
k40_r1_cs_raw_m1440,546,2bcb1f13eb2379c8e43accc9be274e7ee08d845411cae79e437e226b4efdb7f0,1,True,290,valid_as_recorded,True,,0,0,3.3999999999999773,974c68a0543f26daa6540e3b173361980215419b1b2ec7189eb27f072202cc46,4f53cda18c2baa0c0354bb5f9a3ecbe5ed12ab4d8e11ba873c2f11161202b945,100000.0,100000.0,True,100000.0,0.0
k40_r1_cs_raw_m1440,547,3975bf7cb87694005a6a3dc0bf911d5b3aaa37728ca053adc52dfda618836f6f,1,True,291,valid_as_recorded,True,,0,0,9.199999999999989,cb2cb0eae27d1adb022a5a5217df861a5396a8fe1ea700e2eaf9fea13faad4f1,4f53cda18c2baa0c0354bb5f9a3ecbe5ed12ab4d8e11ba873c2f11161202b945,100000.0,100000.0,True,100000.0,0.0
k40_r1_cs_raw_m1440,549,f1cd65a9070521e7fd70ad5c729cf99092f6c20f629f8bfc44598af357e70f8b,1,True,292,valid_as_recorded,True,,0,0,12.199999999999989,741db5e9853952512b51f0d2cd6bc9b7bbb26aebd5b938b8347dabe0f2888376,4f53cda18c2baa0c0354bb5f9a3ecbe5ed12ab4d8e11ba873c2f11161202b945,100000.0,100000.0,True,100000.0,0.0
k40_r1_cs_raw_m1440,550,e2443f80ad59a1a927d44f4086ce41859150c22d3d98452d3285cca1a33464f0,1,True,293,valid_as_recorded,True,,0,0,12.199999999999989,0ae53df604ac883d4394667827568e5bd72aabc084daa07d45b91d6884612e00,4f53cda18c2baa0c0354bb5f9a3ecbe5ed12ab4d8e11ba873c2f11161202b945,100000.0,100000.0,True,100000.0,0.0
k40_r1_cs_raw_m1440,556,e636bdfc5fa95ac939e55f2172288ddb78227180db6fcb23ac951f3549892e88,1,True,294,valid_as_recorded,True,,0,0,9.199999999999989,a13fe8be01c3e27c3100cd0366bfa23325bce7c6ab79d66caa0531bbfac1d417,4f53cda18c2baa0c0354bb5f9a3ecbe5ed12ab4d8e11ba873c2f11161202b945,100000.0,100000.0,True,100000.0,0.0
k40_r1_cs_raw_m1440,557,1260d51cfd4682c96b5a41afc31ca7f08dc2a5cb2ff88eef941a11fc5772d396,1,True,295,valid_as_recorded,True,,0,0,7.399999999999977,b763dcc72ef52c71e74f8c08767909564850ad421bb15199dce28f9bd112c5a0,4f53cda18c2baa0c0354bb5f9a3ecbe5ed12ab4d8e11ba873c2f11161202b945,100000.0,100000.0,True,100000.0,0.0
k40_r1_cs_raw_m1440,558,901fca20a2a84035414b1aea3c291293c7ac242163d83bf252925012553adb90,1,True,296,valid_as_recorded,True,,0,0,2.1999999999999886,5e2d36a2881a2a5a932e702bea1956c7d6b9d209fe0dfff61c8097621ec96708,4f53cda18c2baa0c0354bb5f9a3ecbe5ed12ab4d8e11ba873c2f11161202b945,100000.0,100000.0,True,100000.0,0.0
k40_r1_cs_raw_m1440,561,ad30f9b8c77b573f4d0cd1f6608b653660cc0b36723bc2663cadb84eb5f8a255,1,True,297,valid_as_recorded,True,,0,0,12.199999999999989,26a37c89c016a278c544fc0ca804845acb72141ef0d010ecdf66159cefcec18f,4f53cda18c2baa0c0354bb5f9a3ecbe5ed12ab4d8e11ba873c2f11161202b945,100000.0,100000.0,True,100000.0,0.0
k40_r1_cs_raw_m1440,562,034fe932f5c6b3869e54f628467e20420ee98e65d16fd96892b9f2fec0e0c33b,1,True,298,valid_as_recorded,True,,0,0,12.199999999999989,20bededef4f48b637db9517dfdbdb1934a0e23cd486c56d83fe9aec9ada16134,4f53cda18c2baa0c0354bb5f9a3ecbe5ed12ab4d8e11ba873c2f11161202b945,100000.0,100000.0,True,100000.0,0.0
k40_r1_cs_raw_m1440,563,36841c176a103a9ca773ec2aa4d426c81fac96a22149daddcd6d0ad9e43595f5,1,True,299,valid_as_recorded,True,,0,0,2.0,715e38d9dd58663e14a5acaa50929d1ff099eb7361e3aae6bb7c785963e0a60d,4f53cda18c2baa0c0354bb5f9a3ecbe5ed12ab4d8e11ba873c2f11161202b945,100000.0,100000.0,True,100000.0,0.0
k40_r1_cs_raw_m1440,565,eb3eb44b585aaa2f43244f347893ed46bb4f1e568199a61127cf9929d1fd1061,1,True,300,valid_as_recorded,True,,0,0,12.199999999999989,5872a8cbee26d360e6912b3039635e6336e9a1313ac13c8e7906124ded400686,4f53cda18c2baa0c0354bb5f9a3ecbe5ed12ab4d8e11ba873c2f11161202b945,100000.0,100000.0,True,100000.0,0.0
k40_r1_cs_raw_m1440,566,bed1840812e558f6a2821d634ae19f71ca2bc9a6711ef697273243a5b5b59fe2,1,True,301,valid_as_recorded,True,,0,0,2.1999999999999886,e3173627f2e85406d3f9f01a2662a9284075a6ce36599a216d90655217b64ae0,4f53cda18c2baa0c0354bb5f9a3ecbe5ed12ab4d8e11ba873c2f11161202b945,100000.0,100000.0,True,100000.0,0.0
k40_r1_cs_raw_m1440,568,30a363614d9eec93093df00f0846a5409fbc9c3dca51aa344315bfa0ddb7aff1,1,True,302,valid_as_recorded,True,,0,0,9.199999999999989,a938967205674ab9b37c6484af73979c932b12dbf30b74b24f08cb8b27a6abeb,4f53cda18c2baa0c0354bb5f9a3ecbe5ed12ab4d8e11ba873c2f11161202b945,100000.0,100000.0,True,100000.0,0.0
k40_r1_cs_raw_m1440,569,c85d254ba5365228028ae603e6d0fbd7b9208129462e33078036ff0887849096,1,True,303,valid_as_recorded,True,,0,0,7.199999999999989,7e6582119bc44b77df0d358f5031d93702fb2529e6da8e79cedefbb8eaaee1dc,4f53cda18c2baa0c0354bb5f9a3ecbe5ed12ab4d8e11ba873c2f11161202b945,100000.0,100000.0,True,100000.0,0.0
k40_r1_cs_raw_m1440,570,6d8d29baaad6bdd0ddc1a5c7e73181700fa24419573758efe88e3fe2e0b56612,1,True,304,valid_as_recorded,True,,0,0,12.199999999999989,b2f1ec79c76d78239e9037b9757b641af196a77051879ff5b83a9bd88bba79f0,4f53cda18c2baa0c0354bb5f9a3ecbe5ed12ab4d8e11ba873c2f11161202b945,100000.0,100000.0,True,100000.0,0.0
k40_r1_cs_raw_m1440,571,6eccad61c35b2399f78275b765b3faadd8c618b60dfacd91acf102115f8492f4,1,True,305,valid_as_recorded,True,,0,0,12.199999999999989,9bafbd744e3780c620887712327c9583460ca667da122fe6619a4df510c6f0ff,4f53cda18c2baa0c0354bb5f9a3ecbe5ed12ab4d8e11ba873c2f11161202b945,100000.0,100000.0,True,100000.0,0.0
k40_r1_cs_raw_m1440,572,bced61a69f401ae0d2338b57a958b2543a1ddcacc652b4d48afbf7c1da0379e0,1,True,306,valid_as_recorded,True,,0,0,12.199999999999989,ec0b40275e33240604a6f667b53ef9732a57e0666e1f72768544d1b1efb9165a,4f53cda18c2baa0c0354bb5f9a3ecbe5ed12ab4d8e11ba873c2f11161202b945,100000.0,100000.0,True,100000.0,0.0
k40_r1_cs_raw_m1440,573,5ca291877961d5dc6c161f715924fff33816bf42f1267cc878c65160c2ca6fff,1,True,307,valid_as_recorded,True,,0,0,12.199999999999989,15237cab8d88335db2d1c5e824d13e73c0f05fd372cabe7f4e03f24fda88cf2a,4f53cda18c2baa0c0354bb5f9a3ecbe5ed12ab4d8e11ba873c2f11161202b945,100000.0,100000.0,True,100000.0,0.0
k40_r1_cs_raw_m1440,575,abbd62eac1210c155864ec3cb92cfedf5176cef3faa69402fa17d3e3226d2633,1,True,308,valid_as_recorded,True,,0,0,9.199999999999989,c93b0bf0c12b64beffb72d307bbf553abb54688ca78431ee9a795c3e6014a7dd,4f53cda18c2baa0c0354bb5f9a3ecbe5ed12ab4d8e11ba873c2f11161202b945,100000.0,100000.0,True,100000.0,0.0
k40_r1_cs_raw_m1440,576,980792d02f8c9e209f66d8751a5763f7c0f515be0afc73005bb749fe2dc7fd41,1,True,309,valid_as_recorded,True,,0,0,14.600000000000023,29679d0237430055b7e2cf5a120750ace29501adc9fbc60c7888f1bdd35b5617,4f53cda18c2baa0c0354bb5f9a3ecbe5ed12ab4d8e11ba873c2f11161202b945,100000.0,100000.0,True,100000.0,0.0
k40_r1_cs_raw_m1440,577,bbb111d52c23d79f7590b03e9baa46c0f0cff488f525765044315e1e366c3731,1,True,310,valid_as_recorded,True,,0,0,3.3999999999999773,f241b31cd8ee62635c448b7e0dd2d3cbc7511c8d80833a785a038efcc40bc559,4f53cda18c2baa0c0354bb5f9a3ecbe5ed12ab4d8e11ba873c2f11161202b945,100000.0,100000.0,True,100000.0,0.0
k40_r1_cs_raw_m1440,578,8020f82ecfef57c92768805ab3f046f7239e5891d1aaad23a7e1746dfe5fdf43,1,True,311,valid_as_recorded,True,,0,0,9.199999999999989,755278f718fd3aeebe69355c4103f431059b0f72bbc51901d3b85dd941c7b5cf,4f53cda18c2baa0c0354bb5f9a3ecbe5ed12ab4d8e11ba873c2f11161202b945,100000.0,100000.0,True,100000.0,0.0
k40_r1_cs_raw_m1440,582,2a117622153ba7a2ae1d163f4a313ef90e1832a3d6feccd2d9dc921d535439ce,1,True,312,valid_as_recorded,True,,0,0,12.199999999999989,91fd608bb8c8a96659c98eae34275aa4f7d6e4e9d078199a16a8a24e0466f346,4f53cda18c2baa0c0354bb5f9a3ecbe5ed12ab4d8e11ba873c2f11161202b945,100000.0,100000.0,True,100000.0,0.0
k40_r1_cs_raw_m1440,586,19c201a1adaebd5669933f1296a52fdf76afbaa1a723815d542ec9961339c59c,1,True,313,valid_as_recorded,True,,0,0,12.399999999999977,f8b21e42ca180dfdcf23c75a56dfe0c08a606cffebb80f2427e2a08d991817f1,4f53cda18c2baa0c0354bb5f9a3ecbe5ed12ab4d8e11ba873c2f11161202b945,100000.0,100000.0,True,100000.0,0.0
k40_r1_cs_raw_m1440,587,c143a1f2fad38ab31ee56c5bc89d31b3f80f2db14834f0c72df23799315aa41d,1,True,314,valid_as_recorded,True,,0,0,12.199999999999989,7eb3f3bd77d56a8cd99a228b8ba60a561e9afbd2aba85b8b7ebea875efc0192c,4f53cda18c2baa0c0354bb5f9a3ecbe5ed12ab4d8e11ba873c2f11161202b945,100000.0,100000.0,True,100000.0,0.0
k40_r1_cs_raw_m1440,589,80518953f187694af093a2320f75fa699bfda4c25743964edb03baeb6e0f7c7f,1,True,315,valid_as_recorded,True,,0,0,9.199999999999989,c994cefc3d1a1eb400b3ea81efbb1dfa49021645c0bbbda2a5e51e5bb9823c38,4f53cda18c2baa0c0354bb5f9a3ecbe5ed12ab4d8e11ba873c2f11161202b945,100000.0,100000.0,True,100000.0,0.0
k40_r1_cs_raw_m1440,592,f6d638dcc44660657823b2e7eff4ad5fb0ef11b47eb8c5550d2b6b8b28df7372,1,True,316,valid_as_recorded,True,,0,0,12.199999999999989,061c6b373f78872bbee216a4ac5665021d8a5610d0e4e854cbeed7586338f44e,4f53cda18c2baa0c0354bb5f9a3ecbe5ed12ab4d8e11ba873c2f11161202b945,100000.0,100000.0,True,100000.0,0.0
k40_r1_cs_raw_m1440,593,5f1013aa33963bd8047391d231246dcb7b42337b7ba6142c3034452ddb5eb180,1,True,317,valid_as_recorded,True,,0,0,2.0,72a1c298244442f0eb9de3871fc05e2ac8c06b3cc7d07889bef9b6b64c8d0eba,4f53cda18c2baa0c0354bb5f9a3ecbe5ed12ab4d8e11ba873c2f11161202b945,100000.0,100000.0,True,100000.0,0.0
k40_r1_cs_raw_m1440,594,697fbdce5d3626c849aff9e1f9b925788474a30ccbc44b4999e4e5499ea0ae91,1,True,318,valid_as_recorded,True,,0,0,7.199999999999989,55f319fa8866aa4a51ccbb613d595172ad4993eec45745c3b1cae680cf892d1a,4f53cda18c2baa0c0354bb5f9a3ecbe5ed12ab4d8e11ba873c2f11161202b945,100000.0,100000.0,True,100000.0,0.0
k40_r1_cs_raw_m1440,596,5cafcc24225135a2a65baaf98048804b764e72c5e82107f409f77e9789317319,1,True,319,valid_as_recorded,True,,0,0,14.600000000000023,73412c4a64fe1cc1843cf5774321e3a1951086fc94c99ff37e8511fefd2a318d,4f53cda18c2baa0c0354bb5f9a3ecbe5ed12ab4d8e11ba873c2f11161202b945,100000.0,100000.0,True,100000.0,0.0
k40_r1_cs_raw_m1440,598,3e7e3641bb031f4d61848a504c906263e856d184948194633b43e6a9870a03c2,1,True,320,valid_as_recorded,True,,0,0,9.199999999999989,5577f1461a5e4bd3383d1b99384e8ca6874546a7a6ab83cfda8764b127af6e62,4f53cda18c2baa0c0354bb5f9a3ecbe5ed12ab4d8e11ba873c2f11161202b945,100000.0,100000.0,True,100000.0,0.0
k40_r1_cs_raw_m1440,599,93e49264e7800576dda8ce001c2e78fedc9c38c60d682422f5e0a4ed0f67ec05,1,True,321,valid_as_recorded,True,,0,0,2.1999999999999886,ab1045e27ed5b9337f3b5f4ab034e204a33c2163a5cba0a703f21898b8e65b0a,4f53cda18c2baa0c0354bb5f9a3ecbe5ed12ab4d8e11ba873c2f11161202b945,100000.0,100000.0,True,100000.0,0.0
k40_r1_cs_raw_m1440,600,4a295a41d67bc943ce7ca0eb24bff066e53719bd7b7490eac14deb733da03db1,1,True,322,valid_as_recorded,True,,0,0,12.199999999999989,b409aff8713c1b7ad9cdd870f4ce3f981f64ab0cd69e150ea23a8e3f08aff752,4f53cda18c2baa0c0354bb5f9a3ecbe5ed12ab4d8e11ba873c2f11161202b945,100000.0,100000.0,True,100000.0,0.0
k40_r1_cs_raw_m1440,601,d1684b68e80b44cf92f116c41124872b12328c3d4f63c16a5919946d84f4bb98,1,True,323,valid_as_recorded,True,,0,0,12.199999999999989,72097d9730f17ba82572a0a7e8578cd8584bc2809e14a740495e0f0d760a9ad1,4f53cda18c2baa0c0354bb5f9a3ecbe5ed12ab4d8e11ba873c2f11161202b945,100000.0,100000.0,True,100000.0,0.0
k40_r1_cs_raw_m1440,602,742419adc70ad7695af22b7fe72efa1a4da6753aad79e52cb17a4dcf1f8ad06c,1,True,324,valid_as_recorded,True,,0,0,12.199999999999989,9ee3fd6eb26d274e3763ac427683b81a66bd285a960de35b69efba5b3199c549,4f53cda18c2baa0c0354bb5f9a3ecbe5ed12ab4d8e11ba873c2f11161202b945,100000.0,100000.0,True,100000.0,0.0
k40_r1_cs_raw_m1440,603,2c4df4792216d7f4cf9066cf1dc7388863b93417cfb23f4dfa59efe8da4a13ce,1,True,325,valid_as_recorded,True,,0,0,12.199999999999989,177368eb56052dc3497af9b34ce9842e39cd722a1e5775775fcc6c5bc4e5ef5f,4f53cda18c2baa0c0354bb5f9a3ecbe5ed12ab4d8e11ba873c2f11161202b945,100000.0,100000.0,True,100000.0,0.0
k40_r1_cs_raw_m1440,604,dfa8c28f8b0d1875c49859249340db91f6e3721f5aa0f4ee1980b5a2e40557fe,1,True,326,valid_as_recorded,True,,0,0,7.199999999999989,3d2d9f8a6db11800394c72630f1fdcba4799d0e9e2b2ee2263f9f5c083171849,4f53cda18c2baa0c0354bb5f9a3ecbe5ed12ab4d8e11ba873c2f11161202b945,100000.0,100000.0,True,100000.0,0.0
k40_r1_cs_raw_m1440,609,7b03b665b2b8449bc54f64965137e486bd99da6b9334c5820d2f0db47abfb31f,1,True,327,valid_as_recorded,True,,0,0,3.3999999999999773,aefee4b02846de53b50581f5ec35cafb07fbcb457e355c56baaaaf51de30db6f,4f53cda18c2baa0c0354bb5f9a3ecbe5ed12ab4d8e11ba873c2f11161202b945,100000.0,100000.0,True,100000.0,0.0
k40_r1_cs_raw_m1440,611,299bd8f76fc7cfcf0140c68e8043976a99efe549a1b40e07832f5dac83a34407,1,True,328,valid_as_recorded,True,,0,0,12.199999999999989,7cb0da597dc92a7f009326b00e6ebd9f4a15259e1ca008154e8e19cec4e256ef,4f53cda18c2baa0c0354bb5f9a3ecbe5ed12ab4d8e11ba873c2f11161202b945,100000.0,100000.0,True,100000.0,0.0
k40_r1_cs_raw_m1440,613,067f898b814d981c3c2522bacafa63011b6e679499fca4c737f86ab6892efd64,1,True,329,valid_as_recorded,True,,0,0,12.199999999999989,904a699d391a38af0e93f16dfafe4519459206101b0360beae706707575914c8,4f53cda18c2baa0c0354bb5f9a3ecbe5ed12ab4d8e11ba873c2f11161202b945,100000.0,100000.0,True,100000.0,0.0
k40_r1_cs_raw_m1440,615,bb158f11217f0608e9d78170f30de7055b8b798932fc203cca51ab83f7775752,1,True,330,valid_as_recorded,True,,0,0,9.199999999999989,1690c6f7641d2fb65403b2f5d275fadb5f0a51ba987322b34935040fed340111,4f53cda18c2baa0c0354bb5f9a3ecbe5ed12ab4d8e11ba873c2f11161202b945,100000.0,100000.0,True,100000.0,0.0
k40_r1_cs_raw_m1440,616,646cc4a476f95c0a1ddc2abd145c942b167f276d16a1d2bb2249ef8feb2f4bfa,1,True,331,valid_as_recorded,True,,0,0,2.0,90e858bceb27b0fe064979549c5052ff19f8a83f571a4df65d92b732fdadcfd5,4f53cda18c2baa0c0354bb5f9a3ecbe5ed12ab4d8e11ba873c2f11161202b945,100000.0,100000.0,True,100000.0,0.0
k40_r1_cs_raw_m1440,617,fedf4db5f990c6599115a475208f92b63eab73df19fbeafb91339da99cc0ba54,1,True,332,valid_as_recorded,True,,0,0,12.399999999999977,22ac98e4d9bff6c2ddcab014195cd1f0f2725abccfc81e500acb5acf07715e37,4f53cda18c2baa0c0354bb5f9a3ecbe5ed12ab4d8e11ba873c2f11161202b945,100000.0,100000.0,True,100000.0,0.0
k40_r1_cs_raw_m1440,618,92e70e7fbbe2267d3469b90b7caed134dc6020ff6724858114f48b599e03fb3a,1,True,333,valid_as_recorded,True,,0,0,14.600000000000023,238be9206a5ad95e3d7867bfbb79ca2411c0b04744fa03e45e843809c5516fad,4f53cda18c2baa0c0354bb5f9a3ecbe5ed12ab4d8e11ba873c2f11161202b945,100000.0,100000.0,True,100000.0,0.0
k40_r1_cs_raw_m1440,620,4d6e10cb146eb19abfc0dd95be4b3f5813ce75c6fd9d3b76cd075b52596853aa,1,True,334,valid_as_recorded,True,,0,0,7.399999999999977,3adaeba4f7d01d73a056c9c4de446dd40b7d9996e290016f64e5aa10a1706fd5,4f53cda18c2baa0c0354bb5f9a3ecbe5ed12ab4d8e11ba873c2f11161202b945,100000.0,100000.0,True,100000.0,0.0
k40_r1_cs_raw_m1440,621,7f4816b05dd298bcea91adb79fb989a2a38c78c28b10c89d4d7afc7704933b18,1,True,335,valid_as_recorded,True,,0,0,2.1999999999999886,2c242c645d77108d6c90c353ef15de266846c80922514d10ecb3321ce26ece34,4f53cda18c2baa0c0354bb5f9a3ecbe5ed12ab4d8e11ba873c2f11161202b945,100000.0,100000.0,True,100000.0,0.0
k40_r1_cs_raw_m1440,622,ecb9f1afa13852a8657affcbffe99b5e47b3dd0a126c079f642ca02110f947e9,1,True,336,valid_as_recorded,True,,0,0,12.199999999999989,635a5d98d9e586b3509c4d5241bed5396ca0a40f77be1476ae6f96ab1bd423cb,4f53cda18c2baa0c0354bb5f9a3ecbe5ed12ab4d8e11ba873c2f11161202b945,100000.0,100000.0,True,100000.0,0.0
k40_r1_cs_raw_m1440,624,3cef7ea9015e166a444f7f43205813fa8811f3a7f8f068324028494e417e0866,1,True,337,valid_as_recorded,True,,0,0,12.199999999999989,d64fb08fd9550b9b6d4b05e5bfb30b1b9a43ab696e5e10f1db9b617c7f33b474,4f53cda18c2baa0c0354bb5f9a3ecbe5ed12ab4d8e11ba873c2f11161202b945,100000.0,100000.0,True,100000.0,0.0
k40_r1_cs_raw_m1440,627,8fb6ff0f8a21e41d0c008250ac7cf51682d69cce5258e50192129351946ebc83,1,True,338,valid_as_recorded,True,,0,0,9.199999999999989,0412cc3855b2570dea71cad9f56b8058bab29234618cefa357262f09610cb0b2,4f53cda18c2baa0c0354bb5f9a3ecbe5ed12ab4d8e11ba873c2f11161202b945,100000.0,100000.0,True,100000.0,0.0
k40_r1_cs_raw_m1440,629,8218457ed700a3a9a289e843db526640db9665fbcaacc96f8d15f27ddfbb16a6,1,True,339,valid_as_recorded,True,,0,0,2.1999999999999886,0fc40d50e15f45dfade546692533934e5d65c6c555d7d06b12a22d081c9c9fd7,4f53cda18c2baa0c0354bb5f9a3ecbe5ed12ab4d8e11ba873c2f11161202b945,100000.0,100000.0,True,100000.0,0.0
k40_r1_cs_raw_m1440,634,b80818f3f296921b49d3d556fec25110eda132c6527db3c064f22fe576e19d43,1,True,340,valid_as_recorded,True,,0,0,12.199999999999989,d64e3b768452143f4b7fb023617b0f8d917dc2d8da10afb2b4f68852d3594c1f,4f53cda18c2baa0c0354bb5f9a3ecbe5ed12ab4d8e11ba873c2f11161202b945,100000.0,100000.0,True,100000.0,0.0
k40_r1_cs_raw_m1440,635,66a87a9491dd6e3e05b2ce95b9445c3a0f46b589c3660d1cfcd556f78886efa6,1,True,341,valid_as_recorded,True,,0,0,12.199999999999989,f39349ae5de3f0b3a267f106079235ecdaae6b5916bda25c0637e3ec564dbd13,4f53cda18c2baa0c0354bb5f9a3ecbe5ed12ab4d8e11ba873c2f11161202b945,100000.0,100000.0,True,100000.0,0.0
k40_r1_cs_raw_m1440,636,72eb61ad254830a5ee63ad1306df9ff4492675db299b3457aba7df8050d43ee6,1,True,342,valid_as_recorded,True,,0,0,7.199999999999989,92747370788366c8a41e2a494a001c5763ec5096e0ebbe4f3539cb35d4318d33,4f53cda18c2baa0c0354bb5f9a3ecbe5ed12ab4d8e11ba873c2f11161202b945,100000.0,100000.0,True,100000.0,0.0
k40_r1_cs_raw_m1440,638,1b0ca4f6ca693ba0232017be19f17bdd2f0099b25433597bf446d5cdc562b524,1,True,343,valid_as_recorded,True,,0,0,9.199999999999989,22abde54d2725154f4e446efae4977a73836b8c67dd427c88b60a3a8cb9d7adf,4f53cda18c2baa0c0354bb5f9a3ecbe5ed12ab4d8e11ba873c2f11161202b945,100000.0,100000.0,True,100000.0,0.0
k40_r1_cs_raw_m1440,642,857c17f4a8910063df2a4660aad62c005cb9b0d2821200a2025715ccd2855741,1,True,344,valid_as_recorded,True,,0,0,2.1999999999999886,2e8d2703cb0ce0a5d031c8fbcbddff787b5f5ce2d816bd8fc4bab8364669f4f1,4f53cda18c2baa0c0354bb5f9a3ecbe5ed12ab4d8e11ba873c2f11161202b945,100000.0,100000.0,True,100000.0,0.0
k40_r1_cs_raw_m1440,643,1c899a8a4934021e357588a89833d49381e63f41589800a8f2ebe0b99cd56de5,1,True,345,valid_as_recorded,True,,0,0,12.199999999999989,d38a43c9dca769c84737bfb2de66a85df1c023769198939624384391e83df3a1,4f53cda18c2baa0c0354bb5f9a3ecbe5ed12ab4d8e11ba873c2f11161202b945,100000.0,100000.0,True,100000.0,0.0
k40_r1_cs_raw_m1440,644,a13bd0174563e6db66e198324ac77407491de7433615bb63936ad88eae544418,1,True,346,valid_as_recorded,True,,0,0,12.199999999999989,ce84e85504a5011d528d9cf36059660f00011c0fd5175ef0e5113e8101307b4d,4f53cda18c2baa0c0354bb5f9a3ecbe5ed12ab4d8e11ba873c2f11161202b945,100000.0,100000.0,True,100000.0,0.0
k40_r1_cs_raw_m1440,647,aa195982e2766009a2c3769e6e11b9d9ba8d4bc83cefb971e662ecd81990b63e,1,True,347,valid_as_recorded,True,,0,0,12.399999999999977,58bc6d2bd730765f8e3cb053ce5219b5d60dcc0b6c2e34b8edf56da79d0c93c0,4f53cda18c2baa0c0354bb5f9a3ecbe5ed12ab4d8e11ba873c2f11161202b945,100000.0,100000.0,True,100000.0,0.0
k40_r1_cs_raw_m1440,648,b6b56ec3adaae4595e42bdb7f720fd736adc682766a579376c6daeefbcfa33fd,1,True,348,valid_as_recorded,True,,0,0,9.199999999999989,9f207cc2e27eed0c7e6c8bf43813757e6d38143a908c92c5053d7684666802eb,4f53cda18c2baa0c0354bb5f9a3ecbe5ed12ab4d8e11ba873c2f11161202b945,100000.0,100000.0,True,100000.0,0.0
k40_r1_cs_raw_m1440,649,8e707133ab5815be437af32e3b3641e63070607eef82165dec73cbceef2a5efa,1,True,349,valid_as_recorded,True,,0,0,12.199999999999989,41d078ddede671a6f3f1d27d1a14a6dfe2509e226b559c30b330e049cf1da37a,4f53cda18c2baa0c0354bb5f9a3ecbe5ed12ab4d8e11ba873c2f11161202b945,100000.0,100000.0,True,100000.0,0.0
k40_r1_cs_raw_m1440,650,5f152aaa8d0c87422d9ae5c8e54e0c05d65b2e7fa68475921059876dc6ad7f21,1,True,350,valid_as_recorded,True,,0,0,2.0,5978c8994e31d05eb2dbadcadbd4b4384a1605d98c14e4d222c1c31b35eda6cb,4f53cda18c2baa0c0354bb5f9a3ecbe5ed12ab4d8e11ba873c2f11161202b945,100000.0,100000.0,True,100000.0,0.0
k40_r1_cs_raw_m1440,651,cc157199a785b530298e7dc6870b26f49bd3990ae0b8ad13f0310679730ced70,1,True,351,valid_as_recorded,True,,0,0,2.1999999999999886,d79b01d4f789d701c2bb7465a7956da51f03df7563cfc6e49002021969fbc544,4f53cda18c2baa0c0354bb5f9a3ecbe5ed12ab4d8e11ba873c2f11161202b945,100000.0,100000.0,True,100000.0,0.0
k40_r1_cs_raw_m1440,653,a3bea06d4fab307493058f94a94fa1e0ff4444d3bcd68c9f83abc4cb13defd7e,1,True,352,valid_as_recorded,True,,0,0,7.399999999999977,c79cda87e77f70271e2f3624a7ac2beff20bd1089a49d478130a50cc85b4cee6,4f53cda18c2baa0c0354bb5f9a3ecbe5ed12ab4d8e11ba873c2f11161202b945,100000.0,100000.0,True,100000.0,0.0
k40_r1_cs_raw_m1440,655,b2207c74d00e086870fb5aa17566216bc6c5e6210d8e5af89762aafe7607aec5,1,True,353,valid_as_recorded,True,,0,0,12.199999999999989,0049d9236c840fe0a5be427da59a1388baef4ad74a409891042b8743720534d1,4f53cda18c2baa0c0354bb5f9a3ecbe5ed12ab4d8e11ba873c2f11161202b945,100000.0,100000.0,True,100000.0,0.0
k40_r1_cs_raw_m1440,656,7acd1ac94ad7023e566ee833d09c95cc63747f48b99fc8b1724555158328543e,1,True,354,valid_as_recorded,True,,0,0,12.199999999999989,880ff37336dcdc2e9108c7f860e7e9fcf13adad04fc3276384179a495c061e37,4f53cda18c2baa0c0354bb5f9a3ecbe5ed12ab4d8e11ba873c2f11161202b945,100000.0,100000.0,True,100000.0,0.0
k40_r1_cs_raw_m1440,658,804074524f8d723c972ed55e7ccf8c81e70ad3421aa9ec82faf440a6fd0dc2ec,1,True,355,valid_as_recorded,True,,0,0,9.199999999999989,2ef57d716c02cc6830d119736775405597c3a600a4ab0b4c9bf37895e48f1775,4f53cda18c2baa0c0354bb5f9a3ecbe5ed12ab4d8e11ba873c2f11161202b945,100000.0,100000.0,True,100000.0,0.0
k40_r1_cs_raw_m1440,661,aabd21b14aeb56c971dde50d09ddb118da67dc1fd48aeb9b371c40afd3cd92dc,1,True,356,valid_as_recorded,True,,0,0,12.399999999999977,dcd43584232feea85c46c2829eb34efe80466d27930a0e4e18e7cd05b67c0a50,4f53cda18c2baa0c0354bb5f9a3ecbe5ed12ab4d8e11ba873c2f11161202b945,100000.0,100000.0,True,100000.0,0.0
k40_r1_cs_raw_m1440,662,0cf3dcf14787775ba8686b727efc88c4b0e951d778072df90a12a93a69ef5513,1,True,357,valid_as_recorded,True,,0,0,9.199999999999989,ab55412adbbe202e83150f515ada10fcfe870d5f9b00c03402dd72c95bd2fcb3,4f53cda18c2baa0c0354bb5f9a3ecbe5ed12ab4d8e11ba873c2f11161202b945,100000.0,100000.0,True,100000.0,0.0
k40_r1_cs_raw_m1440,663,0113b2cf9f738fb49c655f3d8a56b9ac5b55fbdb5518885c53db22a1158d9653,1,True,358,valid_as_recorded,True,,0,0,2.1999999999999886,12ceb8649ec5cbad63a433a303a9f57d2defe8a3e1f59f284c9952874e331d94,4f53cda18c2baa0c0354bb5f9a3ecbe5ed12ab4d8e11ba873c2f11161202b945,100000.0,100000.0,True,100000.0,0.0
k40_r1_cs_raw_m1440,664,5611d31325f46d17bc30293e9f3b906170533c6b8dca9c4d7d4a3998a05e3941,1,True,359,valid_as_recorded,True,,0,0,7.199999999999989,527a00e00e3a6d79d48070c9b9052ae7f53e2d3b723dd4519295e3ce8837de63,4f53cda18c2baa0c0354bb5f9a3ecbe5ed12ab4d8e11ba873c2f11161202b945,100000.0,100000.0,True,100000.0,0.0
k40_r1_cs_raw_m1440,665,c60d3e85831650baf815775fe4fb8211209e790b1bfb7412fb886d22e6f1c7fd,1,True,360,valid_as_recorded,True,,0,0,12.199999999999989,e7bc410311d67dc98bff3fd95be9747ed1db16470f308dacd5f2505279a2f544,4f53cda18c2baa0c0354bb5f9a3ecbe5ed12ab4d8e11ba873c2f11161202b945,100000.0,100000.0,True,100000.0,0.0
k40_r1_cs_raw_m1440,666,d30989880c49ec8c6e7bc6ca62da717a48503e959c81aa4a5738c2f788cfc29d,1,True,361,valid_as_recorded,True,,0,0,12.199999999999989,bef67580663b7d3cad4402b16f4fce1596697e309b253d4a36e3556ffdf19f65,4f53cda18c2baa0c0354bb5f9a3ecbe5ed12ab4d8e11ba873c2f11161202b945,100000.0,100000.0,True,100000.0,0.0
k40_r1_cs_raw_m1440,668,9247ed9faab3f395fa83269cda8aa61002ebea9cb3b359ea9f6911dbbef34995,1,True,362,valid_as_recorded,True,,0,0,12.199999999999989,f1812bd7a64bb59677bff1cd416e1d4aa0b74a337df94a7078d6de06b838e6ce,4f53cda18c2baa0c0354bb5f9a3ecbe5ed12ab4d8e11ba873c2f11161202b945,100000.0,100000.0,True,100000.0,0.0
k40_r1_cs_raw_m1440,670,dd23be6a58f5e7898a48930ac1d84ab7d9a738b28f5d047459cbd949f06eda0c,1,True,363,valid_as_recorded,True,,0,0,12.199999999999989,646aea2993151a50a1d75780e23e23929acbd82ee1f0230a8a4eef2b0eb488c5,4f53cda18c2baa0c0354bb5f9a3ecbe5ed12ab4d8e11ba873c2f11161202b945,100000.0,100000.0,True,100000.0,0.0
k40_r1_cs_raw_m1440,671,c0e701c9dfe7895d89edeabfa40ab2d0b3539ee482661872d12d207d9945dbfe,1,True,364,valid_as_recorded,True,,0,0,2.0,ee603ea47da888fd6c1a6900e6fe1e7fd04ead43bf5763c8a2370f5a6b9435bf,4f53cda18c2baa0c0354bb5f9a3ecbe5ed12ab4d8e11ba873c2f11161202b945,100000.0,100000.0,True,100000.0,0.0
k40_r1_cs_raw_m1440,673,5b833484b2db4d6d6e9d8ce7b49e6e39156d73b686da07722dfba3cc717ec0cc,1,True,365,valid_as_recorded,True,,0,0,3.3999999999999773,dd44e7c612dc61750c7b5d49236d7e981d439eb67338e0931c0c0acc487aef40,4f53cda18c2baa0c0354bb5f9a3ecbe5ed12ab4d8e11ba873c2f11161202b945,100000.0,100000.0,True,100000.0,0.0
k40_r1_cs_raw_m1440,675,776a2ae20b45549ad6a35c2ad284af29d663a79d54f73db4751043e8ba6a4106,1,True,366,valid_as_recorded,True,,0,0,7.199999999999989,08119b9c85207dc8c6d9c23f78dc292317c6678447858818e878a323cf8399d4,4f53cda18c2baa0c0354bb5f9a3ecbe5ed12ab4d8e11ba873c2f11161202b945,100000.0,100000.0,True,100000.0,0.0
k40_r1_cs_raw_m1440,677,6c618a030a0bc1f9315957da9638830cf8b59387d585a18533a7e8547c01fc16,1,True,367,valid_as_recorded,True,,0,0,12.199999999999989,013b5a6e3bff4f008b2e02a2945246a9735f6a5bfe6c07073eef783bf3c467cb,4f53cda18c2baa0c0354bb5f9a3ecbe5ed12ab4d8e11ba873c2f11161202b945,100000.0,100000.0,True,100000.0,0.0
k40_r1_cs_raw_m1440,681,3dedb675b3f7eb0bfa8465e4f5b9a924b63d81f2e158e8dbb3368a539158e917,1,True,368,valid_as_recorded,True,,0,0,9.199999999999989,f999e1941395a3de0ab42d4e4eac1ea313c38d05f1bd6ad90be2624e71e0f907,4f53cda18c2baa0c0354bb5f9a3ecbe5ed12ab4d8e11ba873c2f11161202b945,100000.0,100000.0,True,100000.0,0.0
k40_r1_cs_raw_m1440,682,cd4a6fea32ad7c5e6ceef717d99598b534ef6fa95a39f8169723d606850f57fa,1,True,369,valid_as_recorded,True,,0,0,7.399999999999977,b450f4e4fb3e9ada469d6abee25790f09eb7634536c57031f37d2fb7acd53623,4f53cda18c2baa0c0354bb5f9a3ecbe5ed12ab4d8e11ba873c2f11161202b945,100000.0,100000.0,True,100000.0,0.0
k40_r1_cs_raw_m1440,685,379b9ce285f9a7c75c85a8e8385e3470ebe6094e01d76493138d843da4e99b44,1,True,370,valid_as_recorded,True,,0,0,12.199999999999989,7ec725a0b8cb3e19c8928d3553ba5ec3064d2ff1974174a770d15143a7d8c497,4f53cda18c2baa0c0354bb5f9a3ecbe5ed12ab4d8e11ba873c2f11161202b945,100000.0,100000.0,True,100000.0,0.0
k40_r1_cs_raw_m1440,687,356e8332fd1dadd18f0d6d06abe474957ccbbb691475184e147cb7462fef92db,1,True,371,valid_as_recorded,True,,0,0,12.199999999999989,a98a3cbf553f49674445bcb3f66e1cd9684a1dc5842553d95a65637ac8f89a40,4f53cda18c2baa0c0354bb5f9a3ecbe5ed12ab4d8e11ba873c2f11161202b945,100000.0,100000.0,True,100000.0,0.0
k40_r1_cs_raw_m1440,689,02a44037a5f7585808380f46937c85c2159decfb986d0368d07fbb0247b2daa2,1,True,372,valid_as_recorded,True,,0,0,9.199999999999989,acc2c38add64bb5ec455aa265fe3edba7ca90d2c996e3f6492e54fcede7de020,4f53cda18c2baa0c0354bb5f9a3ecbe5ed12ab4d8e11ba873c2f11161202b945,100000.0,100000.0,True,100000.0,0.0
k40_r1_cs_raw_m1440,690,6b88137cb96d52899294231c1205eaa29f881d1db38a32884eb12a734bb4ecf8,1,True,373,valid_as_recorded,True,,0,0,2.1999999999999886,6b647dc93b70fdfcef5bc7e5396fbd17f754e6953344b1a58a1ace12858c4510,4f53cda18c2baa0c0354bb5f9a3ecbe5ed12ab4d8e11ba873c2f11161202b945,100000.0,100000.0,True,100000.0,0.0
k40_r1_cs_raw_m1440,691,47ce517da4bcae661062d520df9dde074b58d58e53e96b8f6d40b4920d853cf6,1,True,374,valid_as_recorded,True,,0,0,9.199999999999989,a13f9b439f48cd38a5de61104842e807fada93ef49cde27ab9eb04b95db362e7,4f53cda18c2baa0c0354bb5f9a3ecbe5ed12ab4d8e11ba873c2f11161202b945,100000.0,100000.0,True,100000.0,0.0
k40_r1_cs_raw_m1440,693,4640dbdb6d8b2103657e6ff764cd6b2c700dd1ca0133116c84f7a56f075e6471,1,True,375,valid_as_recorded,True,,0,0,12.199999999999989,f5fc18b5eda296be25eeb714fd8e9bc7d34b4710e8896e2d7cff4442c080c663,4f53cda18c2baa0c0354bb5f9a3ecbe5ed12ab4d8e11ba873c2f11161202b945,100000.0,100000.0,True,100000.0,0.0
k40_r1_cs_raw_m1440,694,82edebe161f88bf1b0b8388ed1650400ffb98169a17dbb4e57606f5d5fcb870d,1,True,376,valid_as_recorded,True,,0,0,12.199999999999989,1d442fe94513142f7ae27f2d934e9502f812f0d27d5e64ce51ce1da1a34aa888,4f53cda18c2baa0c0354bb5f9a3ecbe5ed12ab4d8e11ba873c2f11161202b945,100000.0,100000.0,True,100000.0,0.0
k40_r1_cs_raw_m1440,696,f1370d4c7bc4fc98659450a5baa6b55d7dd6a87084b74ddecb527509fa07e117,1,True,377,valid_as_recorded,True,,0,0,12.199999999999989,bc0ad29538ef81901ef0a70f41f2c789952e1705ba79aa49615dce38a02cbf13,4f53cda18c2baa0c0354bb5f9a3ecbe5ed12ab4d8e11ba873c2f11161202b945,100000.0,100000.0,True,100000.0,0.0
k40_r1_cs_raw_m1440,698,e842078c0032cd76161eaf434ec301c11c29342881d6e4392485df4c4b6823e1,1,True,378,valid_as_recorded,True,,0,0,14.600000000000023,672d365caf5c861abf4a1456e956779fab5635f00c3acbb6e48236233281d82b,4f53cda18c2baa0c0354bb5f9a3ecbe5ed12ab4d8e11ba873c2f11161202b945,100000.0,100000.0,True,100000.0,0.0
k40_r1_cs_raw_m1440,701,e25c4244e9f64fca71242ddab5d635163132f97a4a55f481543c2ae49febd84a,1,True,379,valid_as_recorded,True,,0,0,7.199999999999989,13311c67818c461366e1c56c5e158058c16fc24db798b46ec7455bcacdb9bf2f,4f53cda18c2baa0c0354bb5f9a3ecbe5ed12ab4d8e11ba873c2f11161202b945,100000.0,100000.0,True,100000.0,0.0
k40_r1_cs_raw_m1440,705,322052282f7cac2c323f8a32ccb7e633bb6dd89d0e8a3e29516adb3f9013d430,1,True,380,valid_as_recorded,True,,0,0,2.0,75ebe63b9498c08a4d5dec9045a44bc6ed1f31575d6d750f9c94ba493456d36b,4f53cda18c2baa0c0354bb5f9a3ecbe5ed12ab4d8e11ba873c2f11161202b945,100000.0,100000.0,True,100000.0,0.0
k40_r1_cs_raw_m1440,706,99dbfc4d76fd91b84f559a73e44a6ba0b2763f5236af13670d88433272919305,1,True,381,valid_as_recorded,True,,0,0,9.199999999999989,d17cd881a83f8b728a594075ed96091da0672f736365531b1c9b41e1fb8d9fb1,4f53cda18c2baa0c0354bb5f9a3ecbe5ed12ab4d8e11ba873c2f11161202b945,100000.0,100000.0,True,100000.0,0.0
k40_r1_cs_raw_m1440,707,840e8c46fb2aac0476d9c22ecd85767c179af3cfb54396e8cd3d3d1670af7fae,1,True,382,valid_as_recorded,True,,0,0,2.1999999999999886,50265dfd4876072d4cabfd7fba759ce35a78253857d900c48dbe9e2ecd77168c,4f53cda18c2baa0c0354bb5f9a3ecbe5ed12ab4d8e11ba873c2f11161202b945,100000.0,100000.0,True,100000.0,0.0
k40_r1_cs_raw_m1440,709,c549a9dacd69fc0f4aca2bf44bb546928042c135efe837321b778812a75334d0,1,True,383,valid_as_recorded,True,,0,0,7.199999999999989,272b2dce3d61e442591823ac4dd0da0ff80680513a430e1ef17fbdb03c59ac66,4f53cda18c2baa0c0354bb5f9a3ecbe5ed12ab4d8e11ba873c2f11161202b945,100000.0,100000.0,True,100000.0,0.0
k40_r1_cs_raw_m1440,711,c3776da9f7c83c8611465b7f0eec25a9f3b2df730075932374db7ef6bad1d81f,1,True,384,valid_as_recorded,True,,0,0,12.199999999999989,bd97b23b85e243b41bf9faa1ab51a1581a7eec8a23a107012d84a7362cb95bce,4f53cda18c2baa0c0354bb5f9a3ecbe5ed12ab4d8e11ba873c2f11161202b945,100000.0,100000.0,True,100000.0,0.0
k40_r1_cs_raw_m1440,713,907f335bb7a050b3077b279363cf2c4827febf0cc31db4e963251dd02d9a7d5c,1,True,385,valid_as_recorded,True,,0,0,14.600000000000023,2ff58359d32bc68b625b2866fd6625e9510a218d4b7d5e9c3211e95262577030,4f53cda18c2baa0c0354bb5f9a3ecbe5ed12ab4d8e11ba873c2f11161202b945,100000.0,100000.0,True,100000.0,0.0
k40_r1_cs_raw_m1440,715,76eeaa6c6af68bcba43653503a3e2fc599c006d9b3141e2e1eafdeab4a69b1a3,1,True,386,valid_as_recorded,True,,0,0,2.1999999999999886,034a62395a0cdee4214f47ae1ec826c2f0179db1b053790b48dd627c3efbab7e,4f53cda18c2baa0c0354bb5f9a3ecbe5ed12ab4d8e11ba873c2f11161202b945,100000.0,100000.0,True,100000.0,0.0
k40_r1_cs_raw_m1440,717,8e47434c73ff609fbe0413ddbd67e0870eb4cf8264653d0bb0b5197564794e9e,1,True,387,valid_as_recorded,True,,0,0,12.199999999999989,616ee61ffa91bd0a090751f0e5052fb94281cf1169ec265eb198705a7cd1ebd5,4f53cda18c2baa0c0354bb5f9a3ecbe5ed12ab4d8e11ba873c2f11161202b945,100000.0,100000.0,True,100000.0,0.0
k40_r1_cs_raw_m1440,718,47c3f83be60928d491bf28a8155c121ff6c4b64b744a85d990baf5dd6ed74b68,1,True,388,valid_as_recorded,True,,0,0,12.199999999999989,4e78148db365dd7b6cabff7467ea1305d555ea295859e4237c507eb1065be041,4f53cda18c2baa0c0354bb5f9a3ecbe5ed12ab4d8e11ba873c2f11161202b945,100000.0,100000.0,True,100000.0,0.0
k40_r1_cs_raw_m1440,720,fe251b2c7cfab0caa4a22120d98d178f819c53a1b1264a44c0b10fcee0e97a8e,1,True,389,valid_as_recorded,True,,0,0,12.199999999999989,47cb5fe046296e9363c74474a3dd891d6b9fcd72add9d398570941394775f06f,4f53cda18c2baa0c0354bb5f9a3ecbe5ed12ab4d8e11ba873c2f11161202b945,100000.0,100000.0,True,100000.0,0.0
k40_r1_cs_raw_m1440,721,4d54f27ca8c78b2cd3c0328d21315c47fd08220a02ae6904424306009f330d47,1,True,390,valid_as_recorded,True,,0,0,12.199999999999989,b0fad78055b2fd299cac346a66ec8717cf050f99955c5a3d7c875f6614357598,4f53cda18c2baa0c0354bb5f9a3ecbe5ed12ab4d8e11ba873c2f11161202b945,100000.0,100000.0,True,100000.0,0.0
k40_r1_cs_raw_m1440,722,a5577f91d65e56beb22a1ff5fb9bf7f7ff3cc0b165dcaa229907fe37a2828eea,1,True,391,valid_as_recorded,True,,0,0,9.199999999999989,5f123006b2dd2e24c750fff92e2a6f4894b46ab811d26ee06ad85c13595c93a3,4f53cda18c2baa0c0354bb5f9a3ecbe5ed12ab4d8e11ba873c2f11161202b945,100000.0,100000.0,True,100000.0,0.0
k40_r1_cs_raw_m1440,723,8e0af33a9584a8b984ef91014d5f6b13ac2c75d0140df7a26b52715e37ae4ffd,1,True,392,valid_as_recorded,True,,0,0,2.1999999999999886,c7cd357db7b2421d3f3f7b6bc44a5f4816e7fe64708a866cf0685998bb8e8faf,4f53cda18c2baa0c0354bb5f9a3ecbe5ed12ab4d8e11ba873c2f11161202b945,100000.0,100000.0,True,100000.0,0.0
k40_r1_cs_raw_m1440,725,db97098b2d6eea54448ac66dac52017b8e7d79caf9222e3eb29a8bda9d7fcce3,1,True,393,valid_as_recorded,True,,0,0,2.0,92a8b52aaae55f62f51f6237df07d7b73c74bf4f4dcc0ffe7f2d89cfaff4b2df,4f53cda18c2baa0c0354bb5f9a3ecbe5ed12ab4d8e11ba873c2f11161202b945,100000.0,100000.0,True,100000.0,0.0
k40_r1_cs_raw_m1440,727,43312f23140478b33d195e5f8eaa108b19ddfb0795b0225da869bb9824b18396,1,True,394,valid_as_recorded,True,,0,0,12.199999999999989,bdff64ad71d0bdca84828a91c94b5434dd3460628e741c6e14c71ed580988b86,4f53cda18c2baa0c0354bb5f9a3ecbe5ed12ab4d8e11ba873c2f11161202b945,100000.0,100000.0,True,100000.0,0.0
k40_r1_cs_raw_m1440,731,542e36dfbdc506ab5f6eef4dbdcf90af7d05df16c77b2e7f4a2ccd460b4e5d75,1,True,395,valid_as_recorded,True,,0,0,7.399999999999977,78f2764bff01d5236ab5f83dbc5e46c08a173bc13db4341ede243bce4425bb4f,4f53cda18c2baa0c0354bb5f9a3ecbe5ed12ab4d8e11ba873c2f11161202b945,100000.0,100000.0,True,100000.0,0.0
k40_r1_cs_raw_m1440,733,e2a08533c2de6bc96639db0b8e2b5bdbd47ee6dfa6e6f6fcb3bf33df2c70a871,1,True,396,valid_as_recorded,True,,0,0,14.600000000000023,66383812c7fe9a41137bf857bb884898ddf3bdd012313e0833d0a473c70d5faf,4f53cda18c2baa0c0354bb5f9a3ecbe5ed12ab4d8e11ba873c2f11161202b945,100000.0,100000.0,True,100000.0,0.0
k40_r1_cs_raw_m1440,734,da95fc4b8c9debca1b876c6f21ae2a326cbdeebe1e5639b897fb9c94d92fa4e1,1,True,397,valid_as_recorded,True,,0,0,12.199999999999989,e8c1d5fa298917d95058aedaeb66c512ba85e265086236389dd534aa843e91d8,4f53cda18c2baa0c0354bb5f9a3ecbe5ed12ab4d8e11ba873c2f11161202b945,100000.0,100000.0,True,100000.0,0.0
k40_r1_cs_raw_m1440,736,77349dc2c74451568816b9725e74b7aec6e2cfc8701bf71af30b8cb8a5534204,1,True,398,valid_as_recorded,True,,0,0,12.199999999999989,d75317a47c02da72a285ae52d00bf759b8de8dac09e7a15fc225c937bb323a04,4f53cda18c2baa0c0354bb5f9a3ecbe5ed12ab4d8e11ba873c2f11161202b945,100000.0,100000.0,True,100000.0,0.0
k40_r1_cs_raw_m1440,739,7ab6100237fda90ed1e5f4039a33bcbf7c44068c5e37b3bd9c6f533e5b31fb44,1,True,399,valid_as_recorded,True,,0,0,12.199999999999989,c8bd08e75620002e8ca3d88c4bf7412106fb745e73ea4b5293f19db5527b48be,4f53cda18c2baa0c0354bb5f9a3ecbe5ed12ab4d8e11ba873c2f11161202b945,100000.0,100000.0,True,100000.0,0.0
k40_r1_cs_raw_m1440,740,32fb1f8572b58b80a151c2ac309562831fa2c3406307e1073ac26d35abf95e7b,1,True,400,valid_as_recorded,True,,0,0,12.199999999999989,bebeac78b022534f20a7ef0125d1c32a3c18a70f84a97bd3f53afbb46ecde048,4f53cda18c2baa0c0354bb5f9a3ecbe5ed12ab4d8e11ba873c2f11161202b945,100000.0,100000.0,True,100000.0,0.0
k40_r1_cs_raw_m1440,741,651aac59ef565e98d1a5249172e2644979f05bc1935d61d3a6ed9459c53fbb0e,1,True,401,valid_as_recorded,True,,0,0,12.199999999999989,3d3479c53a808a9f40c51b532ec4ef838b18e07173c09947b75ec6243682a9b0,4f53cda18c2baa0c0354bb5f9a3ecbe5ed12ab4d8e11ba873c2f11161202b945,100000.0,100000.0,True,100000.0,0.0
k40_r1_cs_raw_m1440,742,429c094ce0757068e41aa554f1ee6ea20cbc446cc32635fef3efd9924f0daea1,1,True,402,valid_as_recorded,True,,0,0,2.1999999999999886,98c1e40ec816e7d9e116e7b140ef8df2becbad8bdecaababc8a50c1137c8cdd3,4f53cda18c2baa0c0354bb5f9a3ecbe5ed12ab4d8e11ba873c2f11161202b945,100000.0,100000.0,True,100000.0,0.0
k40_r1_cs_raw_m1440,743,bbaf1e6f5275bd2f42ae30fe905cff69eaef70574b5553f3ce461e8086f428e7,1,True,403,valid_as_recorded,True,,0,0,9.199999999999989,bf53d4f04f8c8317d5e9920a398a8d5b6f3735f497b3f4ce3eebd3093ccfaa94,4f53cda18c2baa0c0354bb5f9a3ecbe5ed12ab4d8e11ba873c2f11161202b945,100000.0,100000.0,True,100000.0,0.0
k40_r1_cs_raw_m1440,744,3349c5670d8d7bc121d7fc8689e6e72f2683df195eb0944af918c5ed84fa469a,1,True,404,valid_as_recorded,True,,0,0,2.0,0b41f4b06d83c45d687909001e3b82e71e29f1d0c61911b9e5917a0b448dbc2f,4f53cda18c2baa0c0354bb5f9a3ecbe5ed12ab4d8e11ba873c2f11161202b945,100000.0,100000.0,True,100000.0,0.0
k40_r1_cs_raw_m1440,746,074856172b046d4dcf30dc457e08c8b83f934247c1f8226793e59c2315795add,1,True,405,valid_as_recorded,True,,0,0,12.199999999999989,49100a244bfc39ad36f43f523dcb16cad7882060a19be8a37e72b58698ba5707,4f53cda18c2baa0c0354bb5f9a3ecbe5ed12ab4d8e11ba873c2f11161202b945,100000.0,100000.0,True,100000.0,0.0
k40_r1_cs_raw_m1440,747,296ba4973252bf22199716436e73855654daf89926d72a105aeb34bafec27e98,1,True,406,valid_as_recorded,True,,0,0,9.199999999999989,2dfe4973cddceb8ce98f2f513dd9f1a6413210962c397d785a0e3a6a49b2b359,4f53cda18c2baa0c0354bb5f9a3ecbe5ed12ab4d8e11ba873c2f11161202b945,100000.0,100000.0,True,100000.0,0.0
k40_r1_cs_raw_m1440,748,e0de8036d20e4c6338cefa9610d60de2949cfeba6d4ac61b7b76f6b3d7cabdda,1,True,407,valid_as_recorded,True,,0,0,12.199999999999989,8594a5ae01a4e2a6fa0ccd16b51dd01564de60f3f7e2a797728517ba03d54aaf,4f53cda18c2baa0c0354bb5f9a3ecbe5ed12ab4d8e11ba873c2f11161202b945,100000.0,100000.0,True,100000.0,0.0
k40_r1_cs_raw_m1440,749,6b7d76a9540b8466e113526f1a487a7160549a43648804e1f86aacb94ae20d7b,1,True,408,valid_as_recorded,True,,0,0,7.199999999999989,3d6b0d1917529f763230b7a0045cfde055fc112287e761cf3cf2fdf8763dd8b8,4f53cda18c2baa0c0354bb5f9a3ecbe5ed12ab4d8e11ba873c2f11161202b945,100000.0,100000.0,True,100000.0,0.0
k40_r1_cs_raw_m1440,751,a8adbc8992427458207570dbdd1dbc6e865f22c19bdf4a4dd1a52be6bc8261bc,1,True,409,valid_as_recorded,True,,0,0,2.1999999999999886,1de46a2427903abc8f3a5f2a2922a6d452ccac5e4dbb6802bf3b01d9debc275f,4f53cda18c2baa0c0354bb5f9a3ecbe5ed12ab4d8e11ba873c2f11161202b945,100000.0,100000.0,True,100000.0,0.0
k40_r1_cs_raw_m1440,752,e7b0a0e36f581fbde67b93c1e1aa2aae07b745a6142dc469ae33c8912570c3a1,1,True,410,valid_as_recorded,True,,0,0,7.399999999999977,98b255bba121cb2fd5146c0de838ee6b516ba295c1edc6560d756268edd7de47,4f53cda18c2baa0c0354bb5f9a3ecbe5ed12ab4d8e11ba873c2f11161202b945,100000.0,100000.0,True,100000.0,0.0
k40_r1_cs_raw_m1440,753,c2d39cd46a784a8fcea235a085211d981bcce3f40b5aefe54369f7f1b4d1deef,1,True,411,valid_as_recorded,True,,0,0,14.600000000000023,683f9d0e2d5dd7b993c091ff23fadb6288424b4e65b07ba3c2803e6b84f8f3e0,4f53cda18c2baa0c0354bb5f9a3ecbe5ed12ab4d8e11ba873c2f11161202b945,100000.0,100000.0,True,100000.0,0.0
k40_r1_cs_raw_m1440,754,167bda09d46b43b7ea5e9e41283d63c2b8ee27b719074e6715646355b5f95c0b,1,True,412,valid_as_recorded,True,,0,0,2.0,f08643046ab987895f9ae0c5beca43692ca134e1d8c2231272f331ab92d2de62,4f53cda18c2baa0c0354bb5f9a3ecbe5ed12ab4d8e11ba873c2f11161202b945,100000.0,100000.0,True,100000.0,0.0
k40_r1_cs_raw_m1440,756,ed7dfd5aac1d06fd9a845f20236229d42d5c2e24fe3fad902bd38a2e746da88f,1,True,413,valid_as_recorded,True,,0,0,12.199999999999989,60955c5fdc313f3aae6608a91316c381986413694ed761237cd1f9629f42d3b5,4f53cda18c2baa0c0354bb5f9a3ecbe5ed12ab4d8e11ba873c2f11161202b945,100000.0,100000.0,True,100000.0,0.0
k40_r1_cs_raw_m1440,758,b8d7662781eca6c0ddf44e7b4b44624c82aa9448c89e561d48511a15c8332dc7,1,True,414,valid_as_recorded,True,,0,0,12.199999999999989,21e369f539964c5e09de3e7d249dcd8322163c8909c960357bb00c1ad939ca03,4f53cda18c2baa0c0354bb5f9a3ecbe5ed12ab4d8e11ba873c2f11161202b945,100000.0,100000.0,True,100000.0,0.0
k40_r1_cs_raw_m1440,760,04ce5dbdf03d7b8c9b9351cff7a4b5603c111f1be4b0c522012b06e4920af138,1,True,415,valid_as_recorded,True,,0,0,2.1999999999999886,affaea887b36047267a82ef65d8a3edf9c3d46352a5de17670ece8c42d19bfd2,4f53cda18c2baa0c0354bb5f9a3ecbe5ed12ab4d8e11ba873c2f11161202b945,100000.0,100000.0,True,100000.0,0.0
k40_r1_cs_raw_m1440,761,a9cf0c5bfacb7118d245ee1a31149cbb264f7138ee585445dd76cc681d755554,1,True,416,valid_as_recorded,True,,0,0,9.199999999999989,3db07dd3d714ef890f46618d8cba0ab57c764bb54ad15559152e328c8db20a86,4f53cda18c2baa0c0354bb5f9a3ecbe5ed12ab4d8e11ba873c2f11161202b945,100000.0,100000.0,True,100000.0,0.0
k40_r1_cs_raw_m1440,762,4f412a532eef7d3fc5ac5807cf4d6644672fb60cdc931659cbe19b013318f9a5,1,True,417,valid_as_recorded,True,,0,0,2.0,1276a6a815f0515fcdf3443ada2ac8acfc0cdcf7c568759f9c8d7f979efb48de,4f53cda18c2baa0c0354bb5f9a3ecbe5ed12ab4d8e11ba873c2f11161202b945,100000.0,100000.0,True,100000.0,0.0
k40_r1_cs_raw_m1440,763,79a2e2a22ed78b289fe41154708c19c7177767bc6906e26f44c72f1a95f07814,1,True,418,valid_as_recorded,True,,0,0,3.3999999999999773,26f811db4d5a28e3cc88a36bca81b30a9fd4fe246ee24a91d1bf3f6e8e53b9fb,4f53cda18c2baa0c0354bb5f9a3ecbe5ed12ab4d8e11ba873c2f11161202b945,100000.0,100000.0,True,100000.0,0.0
k40_r1_cs_raw_m1440,765,b01ed6e5325a84d9753bafb181ed78f7913b753a561dc77077953526ba746ee6,1,True,419,valid_as_recorded,True,,0,0,12.199999999999989,5ce9bdca07449a2c9cc5245b265069f7d8c8efeda502d55844d92435849070ce,4f53cda18c2baa0c0354bb5f9a3ecbe5ed12ab4d8e11ba873c2f11161202b945,100000.0,100000.0,True,100000.0,0.0
k40_r1_cs_raw_m1440,766,8b9ffc8628c07a6fd6da315b32e2d515be65c805850c887eb7b4862e43d3ab40,1,True,420,valid_as_recorded,True,,0,0,12.199999999999989,ec96d1f2465909af8727f520e51f4587d57c0c81c488b4bc36fd7b94ebc2e12a,4f53cda18c2baa0c0354bb5f9a3ecbe5ed12ab4d8e11ba873c2f11161202b945,100000.0,100000.0,True,100000.0,0.0
k40_r1_cs_raw_m1440,767,172bc2f58eabe655062a93d838355d27d3d91556252506902e222162735a56ad,1,True,421,valid_as_recorded,True,,0,0,9.199999999999989,574c55efc7d4170903e7693505c4417851acf2e447250df82a5915567d08348a,4f53cda18c2baa0c0354bb5f9a3ecbe5ed12ab4d8e11ba873c2f11161202b945,100000.0,100000.0,True,100000.0,0.0
k40_r1_cs_raw_m1440,768,7fe47e275a8edac9dc7e1fd5881f9cda8a85fe55d4c572366d87f62da8f112fc,1,True,422,valid_as_recorded,True,,0,0,12.199999999999989,cf61aa9e8c30a2b91fb95c54fb772da77857eb60f4fb39a21332b7291172c4e8,4f53cda18c2baa0c0354bb5f9a3ecbe5ed12ab4d8e11ba873c2f11161202b945,100000.0,100000.0,True,100000.0,0.0
k40_r1_cs_raw_m1440,769,670478636782144cd37fc954aa00fccd2c85242bb197e7b161d71279cb0157f6,1,True,423,valid_as_recorded,True,,0,0,2.1999999999999886,5adea96f069559ff8d66710bf10abef1638058cf1b28c613bd346d747ced5d62,4f53cda18c2baa0c0354bb5f9a3ecbe5ed12ab4d8e11ba873c2f11161202b945,100000.0,100000.0,True,100000.0,0.0
k40_r1_cs_raw_m1440,774,9796522092602efe5f4b29b332351395d63c7b54b7b198dd36d19147b60ebb71,1,True,424,valid_as_recorded,True,,0,0,12.199999999999989,b6020599e6b10ea8f3b2a0b4a84d2579f71772f439ea8a4ac53654b24f803fc2,4f53cda18c2baa0c0354bb5f9a3ecbe5ed12ab4d8e11ba873c2f11161202b945,100000.0,100000.0,True,100000.0,0.0
k40_r1_cs_raw_m1440,775,89cbdcb6f80e8ac220ec5ed1445751e1fb34a363080a065a1aee3465892b050c,1,True,425,valid_as_recorded,True,,0,0,12.199999999999989,6520174f4859f8ff9bd810af9232bb53362b76a3313a225a23e9d01bd920cfd9,4f53cda18c2baa0c0354bb5f9a3ecbe5ed12ab4d8e11ba873c2f11161202b945,100000.0,100000.0,True,100000.0,0.0
k40_r1_cs_raw_m1440,776,61f1af84ed0fcf1ee6acc72f0ebbd71c2408512c572d14bf0ca37968f40877fb,1,True,426,valid_as_recorded,True,,0,0,12.199999999999989,bff26694e827a3f8e44ab69dbae96e9984142bec4c5ec41976cab254b316b07f,4f53cda18c2baa0c0354bb5f9a3ecbe5ed12ab4d8e11ba873c2f11161202b945,100000.0,100000.0,True,100000.0,0.0
k40_r1_cs_raw_m1440,778,d4e09b4e67c514f863a806a0b19231165177bb182b1bef498bfce1ec60fa4179,1,True,427,valid_as_recorded,True,,0,0,2.1999999999999886,7b133213642a83697cc84bef53d564d779701208bc6b7f3f3aa5a08b4bd3fa84,4f53cda18c2baa0c0354bb5f9a3ecbe5ed12ab4d8e11ba873c2f11161202b945,100000.0,100000.0,True,100000.0,0.0
k40_r1_cs_raw_m1440,780,45f6ea0752c8de94d81e9ee51ca7bfd2079253dffa4661e8aa265b419e2d8d05,1,True,428,valid_as_recorded,True,,0,0,2.0,d9bd63b079734611f0665023bfdf810c6e93eaa1e0b77c4da861abff7f301248,4f53cda18c2baa0c0354bb5f9a3ecbe5ed12ab4d8e11ba873c2f11161202b945,100000.0,100000.0,True,100000.0,0.0
k40_r1_cs_raw_m1440,783,52f97f163880dc38bb48165ad68fcf286f9ecd5fba7f2be409648b37c95d7f15,1,True,429,valid_as_recorded,True,,0,0,12.199999999999989,cb751fc6b8844d83b55632e0f465835dee17f9fc014ff381a4d864bafd46f81f,4f53cda18c2baa0c0354bb5f9a3ecbe5ed12ab4d8e11ba873c2f11161202b945,100000.0,100000.0,True,100000.0,0.0
k40_r1_cs_raw_m1440,784,3a8bfe0a5a8b72fba56b72da428d707ab5d4ed98d0cfb7d9b24a15d57aee2fe7,1,True,430,valid_as_recorded,True,,0,0,12.199999999999989,545cfc3cf95d734762d9cab57934d87fa58d7e9d3a2a1a29f7a8068eaab620af,4f53cda18c2baa0c0354bb5f9a3ecbe5ed12ab4d8e11ba873c2f11161202b945,100000.0,100000.0,True,100000.0,0.0
k40_r1_cs_raw_m1440,786,a23c83f7f1938ff7a18319b9390e69203ee50a746aa7ab6cc222caaff05fbd3f,1,True,431,valid_as_recorded,True,,0,0,12.199999999999989,e46fc7743b9da747466fb82def9d95d0c25da69e682f10281b27a186e43c5e6f,4f53cda18c2baa0c0354bb5f9a3ecbe5ed12ab4d8e11ba873c2f11161202b945,100000.0,100000.0,True,100000.0,0.0
k40_r1_cs_raw_m1440,788,7647dfa2d6df921bb0e0f06b2e26a40310159aff454d38835b591d12ead47cd9,1,True,432,valid_as_recorded,True,,0,0,7.399999999999977,697c1b812b571541bdc0269bc3bd9e0ff44ac15c4ae470b484463766f54b6550,4f53cda18c2baa0c0354bb5f9a3ecbe5ed12ab4d8e11ba873c2f11161202b945,100000.0,100000.0,True,100000.0,0.0
k40_r1_cs_raw_m1440,789,d1fd1b4f96a7a40fe97bd3db4ed1767a5046aa93fe8acce749fb1713130cac82,1,True,433,valid_as_recorded,True,,0,0,14.600000000000023,27e4dd1f06a1fa4de0f5018aeaf366b53a043fae0dc6e69081f93b6a0149de41,4f53cda18c2baa0c0354bb5f9a3ecbe5ed12ab4d8e11ba873c2f11161202b945,100000.0,100000.0,True,100000.0,0.0
k40_r1_cs_raw_m1440,790,5cf29033e73cd8ed011dcdd406ceb54a339d91259d7233beecbbe33529cd5c87,1,True,434,valid_as_recorded,True,,0,0,2.0,28bf89eb55b1f08c69cc4aaf9945fc7dd57e27e8fa386bc697b26008a7058b1e,4f53cda18c2baa0c0354bb5f9a3ecbe5ed12ab4d8e11ba873c2f11161202b945,100000.0,100000.0,True,100000.0,0.0
k40_r1_cs_raw_m1440,791,c8986a2f2daf24d8632b7d790f420ab35d90507b8c7bfaa707fb87a831456157,1,True,435,valid_as_recorded,True,,0,0,7.199999999999989,037d1459d1ab479307412b74aaf3a2257e3c0b569ac64101b097d770b0a3a68f,4f53cda18c2baa0c0354bb5f9a3ecbe5ed12ab4d8e11ba873c2f11161202b945,100000.0,100000.0,True,100000.0,0.0
k40_r1_cs_raw_m1440,793,d1dcb58632b3433123126a2948c0b1bf1fdfc5b150f4fd405e467c34e0d7b737,1,True,436,valid_as_recorded,True,,0,0,12.199999999999989,e9a965c3c7417c5968dbe816ffec5508b54d19909b835517bf9186bfa7f0f7dc,4f53cda18c2baa0c0354bb5f9a3ecbe5ed12ab4d8e11ba873c2f11161202b945,100000.0,100000.0,True,100000.0,0.0
k40_r1_cs_raw_m1440,801,67d4e97c1e19aa0d05aa37f1f37816964a425d432bd16eb145b3f18b1de9a686,1,True,437,valid_as_recorded,True,,0,0,12.199999999999989,42adbabcc6b7be7364612d9d455e86be3aa22eec75550b30db1773d34e844132,4f53cda18c2baa0c0354bb5f9a3ecbe5ed12ab4d8e11ba873c2f11161202b945,100000.0,100000.0,True,100000.0,0.0
k40_r1_cs_raw_m1440,802,1795f429bb708175a1d5fd23b916b65196e7f751bc26b77b87a76079331de378,1,True,438,valid_as_recorded,True,,0,0,12.199999999999989,1749c33b003652db4387be943039f50996d2bac111f2e2b1c000b35442192cd7,4f53cda18c2baa0c0354bb5f9a3ecbe5ed12ab4d8e11ba873c2f11161202b945,100000.0,100000.0,True,100000.0,0.0
k40_r1_cs_raw_m1440,807,b35058b14a5dbe58cea42efb83e86ed18d3d9dc1f5cca3ca57660f722855e615,1,True,439,valid_as_recorded,True,,0,0,14.600000000000023,170b8877fffcfa27e07f16ef3b51dbfa7ba8c6273887be661fc008559b787dd2,4f53cda18c2baa0c0354bb5f9a3ecbe5ed12ab4d8e11ba873c2f11161202b945,100000.0,100000.0,True,100000.0,0.0
k40_r1_cs_raw_m1440,809,602c65b3e0f64280337995c251ef1ae1547d0921a37d91bf02e821d1cb698c71,1,True,440,valid_as_recorded,True,,0,0,7.199999999999989,088c2e7c8c3d9c2622879b0905d149e04050d0233e3444fe990f978c763d38dc,4f53cda18c2baa0c0354bb5f9a3ecbe5ed12ab4d8e11ba873c2f11161202b945,100000.0,100000.0,True,100000.0,0.0
k40_r1_cs_raw_m1440,811,91b13cc40d45f95ee98caf0e216908851fc11c5f9e2075956c43e8f9e2a5a26b,1,True,441,valid_as_recorded,True,,0,0,12.199999999999989,9c7699f13b5c916e5ffad043501f5789d4551dde121e3ebbc2b959d0cec41eac,4f53cda18c2baa0c0354bb5f9a3ecbe5ed12ab4d8e11ba873c2f11161202b945,100000.0,100000.0,True,100000.0,0.0
k40_r1_cs_raw_m1440,814,ca8db19cf076f1fbd42dfcee0ca88e75bc721a8565b5aab7f28e637e91b90d9d,1,True,442,valid_as_recorded,True,,0,0,2.1999999999999886,7efaa960201818b79d0f575043f7fe0b18fbf770bf2c703ba30e7953fa5e1198,4f53cda18c2baa0c0354bb5f9a3ecbe5ed12ab4d8e11ba873c2f11161202b945,100000.0,100000.0,True,100000.0,0.0
k40_r1_cs_raw_m1440,818,635bf7a31db22fc6d8041a9b7d307d5185cd53f80a404db4b250af2b5ad17ec4,1,True,443,valid_as_recorded,True,,0,0,7.199999999999989,f52cdba13142041b6f54dd1997d76ca13b166ed00665462a55098abe83253e07,4f53cda18c2baa0c0354bb5f9a3ecbe5ed12ab4d8e11ba873c2f11161202b945,100000.0,100000.0,True,100000.0,0.0
k40_r1_cs_raw_m1440,819,35d2ff0944e3ad34816964224da69dd7f65e16c2b69f9505245dd67d036d2cfb,1,True,444,valid_as_recorded,True,,0,0,12.199999999999989,73b6d5ba05a0516a1de02f0cc0120a22460bffa58b9843523a12068ffb97b537,4f53cda18c2baa0c0354bb5f9a3ecbe5ed12ab4d8e11ba873c2f11161202b945,100000.0,100000.0,True,100000.0,0.0
k40_r1_cs_raw_m1440,821,dc45d9da79f51d0be4404914d396386e375536995d8ca815221a2b45cfea6a4d,1,True,445,valid_as_recorded,True,,0,0,9.199999999999989,ee05f914bbf02f80d7588a324f84917d23cb5a3b860643e353356c5cf630d5cd,4f53cda18c2baa0c0354bb5f9a3ecbe5ed12ab4d8e11ba873c2f11161202b945,100000.0,100000.0,True,100000.0,0.0
k40_r1_cs_raw_m1440,827,6cc7908c0245cc92049e3612ad6990139ea223ac308eadc7412a753050227275,1,True,446,valid_as_recorded,True,,0,0,12.199999999999989,daa9cdca663fb3660703bac2f0694d1fb0e36dadb8d518dc068d209ea1f2928c,4f53cda18c2baa0c0354bb5f9a3ecbe5ed12ab4d8e11ba873c2f11161202b945,100000.0,100000.0,True,100000.0,0.0
k40_r1_cs_raw_m1440,830,2a229ef9d6faf6d22b697b24cfb029016cd8c9a69d52e8fd2d635ac6fc566cf1,1,True,447,valid_as_recorded,True,,0,0,2.0,f377c9bfd006de8a1901a132488281ab7ad7e58c619a85d9dbcebb664a33eab0,4f53cda18c2baa0c0354bb5f9a3ecbe5ed12ab4d8e11ba873c2f11161202b945,100000.0,100000.0,True,100000.0,0.0
k40_r1_cs_raw_m1440,833,b3c433111590ec57cd0ebe796eb934718515ee5d2b3de59d091838ad398d3040,1,True,448,valid_as_recorded,True,,0,0,7.199999999999989,25fb18b53ce1a0430f179f81b6ef47408ac561e7f349e1210dae5f93081c81a4,4f53cda18c2baa0c0354bb5f9a3ecbe5ed12ab4d8e11ba873c2f11161202b945,100000.0,100000.0,True,100000.0,0.0
k40_r1_cs_raw_m1440,834,a5435c0ebb11494a44155614fe5ee610bcfa900898daca3c8e384ac8fd6ae5a1,1,True,449,valid_as_recorded,True,,0,0,3.3999999999999773,b784fc8639e00117d59615354ba66ad247deae8fb76b7373f3294b0d222288c2,4f53cda18c2baa0c0354bb5f9a3ecbe5ed12ab4d8e11ba873c2f11161202b945,100000.0,100000.0,True,100000.0,0.0
k40_r1_cs_raw_m1440,837,ed21df6c1fd5de39566e3317cfac7c54e94d79ed9f9e6e3856cc7828c8a002e9,1,True,450,valid_as_recorded,True,,0,0,9.199999999999989,c9e925b1c52b505e267882a0b441fc254378698c19ea2820c4d8f46004a99134,4f53cda18c2baa0c0354bb5f9a3ecbe5ed12ab4d8e11ba873c2f11161202b945,100000.0,100000.0,True,100000.0,0.0
k40_r1_cs_raw_m1440,838,8c402b20389cc54f11b38c575d02139c0098bdf24049b4b6ddf8f8eb711d4917,1,True,451,valid_as_recorded,True,,0,0,12.199999999999989,e55f28743ffac6132a23cf1b264641593319eb7172ca81bb35f25d19571040b3,4f53cda18c2baa0c0354bb5f9a3ecbe5ed12ab4d8e11ba873c2f11161202b945,100000.0,100000.0,True,100000.0,0.0
k40_r1_cs_raw_m1440,850,6eff44786909c33f847ffc35524e25f9fecd30fff3b1e022e60c499704ac28af,1,True,452,valid_as_recorded,True,,0,0,3.3999999999999773,a03e4e5af2c8efb5942164970b33ce3da92584118d3b4d4d7ecd8b7d7608830c,4f53cda18c2baa0c0354bb5f9a3ecbe5ed12ab4d8e11ba873c2f11161202b945,100000.0,100000.0,True,100000.0,0.0
k40_r1_cs_raw_m1440,851,6ace10a4dea235a87ff548ecbb851c873521e40906ab0d35621adce1db8f0f3b,1,True,453,valid_as_recorded,True,,0,0,2.0,4baba323c8dc913471c81837a58b9601612165e8baa0dd666bc895aa5f42df6e,4f53cda18c2baa0c0354bb5f9a3ecbe5ed12ab4d8e11ba873c2f11161202b945,100000.0,100000.0,True,100000.0,0.0
k40_r1_cs_raw_m1440,854,ff496f66990f33860d1170c6078bc0504633ec0dd827ba81b768d3ae5da96cb6,1,True,454,valid_as_recorded,True,,0,0,9.199999999999989,f6ee06fb7ce8179439aa5e49bde594293fff38eb55038cef81896423e6fba01e,4f53cda18c2baa0c0354bb5f9a3ecbe5ed12ab4d8e11ba873c2f11161202b945,100000.0,100000.0,True,100000.0,0.0
k40_r1_cs_raw_m1440,858,ee562ec6d447899c4da9437607c9c7f4bd255e1ea3a4d02c403661371181d58c,1,True,455,valid_as_recorded,True,,0,0,7.399999999999977,52763b0e4c070c167d9ad29e033d03baacd570311240d0756403a39916e21d94,4f53cda18c2baa0c0354bb5f9a3ecbe5ed12ab4d8e11ba873c2f11161202b945,100000.0,100000.0,True,100000.0,0.0
k40_r1_cs_raw_m1440,859,eb1445e7a4b4ac2788e21e24c819a7e23509812e0129ec7535e5360b74a09264,1,True,456,valid_as_recorded,True,,0,0,14.600000000000023,1eaa59364502dcf6a306d903c8d60f302bea726d25136c2637becfb3dd4b3ba1,4f53cda18c2baa0c0354bb5f9a3ecbe5ed12ab4d8e11ba873c2f11161202b945,100000.0,100000.0,True,100000.0,0.0
k40_r1_cs_raw_m1440,861,f044a7d0b734cc162378919779a3ba2fcc6166538300dba266df45cc17b18feb,1,True,457,valid_as_recorded,True,,0,0,12.199999999999989,156cd219702f33fca4991b4be1caecd07286ca7f58005b1e87774c79ba521346,4f53cda18c2baa0c0354bb5f9a3ecbe5ed12ab4d8e11ba873c2f11161202b945,100000.0,100000.0,True,100000.0,0.0
k40_r1_cs_raw_m1440,862,e87bcd3dc86a85c2b674abbce1d6ea3896c790d884d15576d7225ba5795e6fee,1,True,458,valid_as_recorded,True,,0,0,12.199999999999989,ee9066c9de886557eb7b0c06a6c03f69c9e40cb3bce000935d2091e9b09180ee,4f53cda18c2baa0c0354bb5f9a3ecbe5ed12ab4d8e11ba873c2f11161202b945,100000.0,100000.0,True,100000.0,0.0
k40_r1_cs_raw_m1440,864,87cb2a2aa75281f63d7862a48da491485ac54cf2dc7d47413c45e4c08fb28fa5,1,True,459,valid_as_recorded,True,,0,0,2.0,106667d321e05758746790b79da45c738b742a0871ffb9ad21afb32d981376be,4f53cda18c2baa0c0354bb5f9a3ecbe5ed12ab4d8e11ba873c2f11161202b945,100000.0,100000.0,True,100000.0,0.0
k40_r1_cs_raw_m1440,869,e76a9e71ea6bb190c72b874f75ad5bf980869690d8fada1cab348d16e48ca829,1,True,460,valid_as_recorded,True,,0,0,12.199999999999989,639ccba3b7986b9c91c8df9591b39dceb5453b306f000ec0c9f58c6e8598972f,4f53cda18c2baa0c0354bb5f9a3ecbe5ed12ab4d8e11ba873c2f11161202b945,100000.0,100000.0,True,100000.0,0.0
k40_r1_cs_raw_m1440,877,be35ebbb7d679f27e54305b2036fe288402f7ba3fb23a1e6732ea9bbc5d810dd,1,True,461,valid_as_recorded,True,,0,0,7.199999999999989,e408ff024a4584438e30b63dc2cd8ba41091a9de6be097f7b01d7d62036cd9b2,4f53cda18c2baa0c0354bb5f9a3ecbe5ed12ab4d8e11ba873c2f11161202b945,100000.0,100000.0,True,100000.0,0.0
k40_r1_cs_raw_m1440,882,b74db8095bcf9f15004e545ce57875828aeae8ef2f11054ffb4eb43998ca84a0,1,True,462,valid_as_recorded,True,,0,0,2.1999999999999886,3bf5a8a4a79ff392ef7d86297bfc2e668d405d9ee4b2709f8ed8d064f0a210d7,4f53cda18c2baa0c0354bb5f9a3ecbe5ed12ab4d8e11ba873c2f11161202b945,100000.0,100000.0,True,100000.0,0.0
k40_r1_cs_raw_m1440,884,528f2fe8ba1d457f8acf5a160abfaea4927761892e6980e6dbb163823865db16,1,True,463,valid_as_recorded,True,,0,0,3.3999999999999773,f39e69d0a984f446abbe968322f556ea3f1ef53153f44d7ab0fc8b1ff5334d29,4f53cda18c2baa0c0354bb5f9a3ecbe5ed12ab4d8e11ba873c2f11161202b945,100000.0,100000.0,True,100000.0,0.0
k40_r1_cs_raw_m1440,887,0cf76bcde8a712ad441c177324dd1684f26ee47bec9d68452971f89f4c48bace,1,True,464,valid_as_recorded,True,,0,0,12.199999999999989,2cadd9e25fe90e5caa7f5e0b7acfbe70930cf1970146ebc756134865b66a908c,4f53cda18c2baa0c0354bb5f9a3ecbe5ed12ab4d8e11ba873c2f11161202b945,100000.0,100000.0,True,100000.0,0.0
k40_r1_cs_raw_m1440,888,5522db76b6f666c4959e67563cccb7b2997ef51101a9edcde51047b63b30d622,1,True,465,valid_as_recorded,True,,0,0,9.199999999999989,e46575d36dde926663f1d6c2de7c2f7dff325fd2c1c18453b4de6e8e73d58d39,4f53cda18c2baa0c0354bb5f9a3ecbe5ed12ab4d8e11ba873c2f11161202b945,100000.0,100000.0,True,100000.0,0.0
k40_r1_cs_raw_m1440,891,a1a5e75526dd536f877be3d167f6ac06e328defd1d5b13dbbab39562da860519,1,True,466,valid_as_recorded,True,,0,0,7.199999999999989,637c5fb0cf73c53bc4272f7dc9e9a46b02d01eb958ae2d878e6fe6ba152b76e8,4f53cda18c2baa0c0354bb5f9a3ecbe5ed12ab4d8e11ba873c2f11161202b945,100000.0,100000.0,True,100000.0,0.0
k40_r1_cs_raw_m1440,898,a9adbc1d4a6a218091edd3460789be0b31241a3c768ab60466bce5fb2e559d1b,1,True,467,valid_as_recorded,True,,0,0,2.1999999999999886,81dc707b7a36cdbce6d729c6acf101873507c8e1474605e95479d75550441bc2,4f53cda18c2baa0c0354bb5f9a3ecbe5ed12ab4d8e11ba873c2f11161202b945,100000.0,100000.0,True,100000.0,0.0
k40_r1_cs_raw_m1440,899,c95fa01d6286449fb2021b86f8b35ccaa195e9d474bb2b65804a0f92f68f4c36,1,True,468,valid_as_recorded,True,,0,0,2.0,f6b2cbffc1be5d3c59f8903ab4840084223ffd335a3d91cbf1bb38e263f5703f,4f53cda18c2baa0c0354bb5f9a3ecbe5ed12ab4d8e11ba873c2f11161202b945,100000.0,100000.0,True,100000.0,0.0
k40_r1_cs_raw_m1440,904,e2d191d8275f81c8cf3472992ae7e8126d85db26ef602e851d53a659f6282fe3,1,True,469,valid_as_recorded,True,,0,0,12.199999999999989,b43b7410b05e55810ac38028f1fcd6fd97c13f363f014bc54db1ce538f211c1e,4f53cda18c2baa0c0354bb5f9a3ecbe5ed12ab4d8e11ba873c2f11161202b945,100000.0,100000.0,True,100000.0,0.0
k40_r1_cs_raw_m1440,913,807827e1f7f273112e6785a3ba3d77a72792bba32649ee3bd02c51616e9bea22,1,True,470,valid_as_recorded,True,,0,0,12.199999999999989,3cc898a877020e20740d8c82ee7e13d3b7c5a673f7b054d4b921ec87b0cef648,4f53cda18c2baa0c0354bb5f9a3ecbe5ed12ab4d8e11ba873c2f11161202b945,100000.0,100000.0,True,100000.0,0.0
k40_r1_cs_raw_m1440,914,2b99b4981c9947163e21a542ac3a7b1e1804ca6d933604d14280a4794e0939bb,1,True,471,valid_as_recorded,True,,0,0,2.1999999999999886,f1fffa10b87e07706827f3f751efddfba349eddec96279d6c1f2c5b7040e0b5b,4f53cda18c2baa0c0354bb5f9a3ecbe5ed12ab4d8e11ba873c2f11161202b945,100000.0,100000.0,True,100000.0,0.0
k40_r1_cs_raw_m1440,918,8e944acfeaeeb6a15903765da16c056ee9eb10de4a07e75ae941d9a96fdb941d,1,True,472,valid_as_recorded,True,,0,0,3.3999999999999773,f25f4ebc11d0aef41dd8001e80a31df8e3c4fb8fb16836b66a34a760cbb87e0f,4f53cda18c2baa0c0354bb5f9a3ecbe5ed12ab4d8e11ba873c2f11161202b945,100000.0,100000.0,True,100000.0,0.0
k40_r1_cs_raw_m1440,921,94f732ad7e740ee5fce34deb079896d55d74f640ee66190db9c568370afdbb71,1,True,473,valid_as_recorded,True,,0,0,2.1999999999999886,409673e593c9a64dd4f2ba50b2670853e1c42b5d8c516b60be4d66c0498c60cc,4f53cda18c2baa0c0354bb5f9a3ecbe5ed12ab4d8e11ba873c2f11161202b945,100000.0,100000.0,True,100000.0,0.0
k40_r1_cs_raw_m1440,924,83ba5f1584dc08c804853f2ec9401656547e644bb35f6df4809a703b2044d813,1,True,474,valid_as_recorded,True,,0,0,12.199999999999989,e9f1855e0c6799f99bd6a649485528b919586f6229a13c172fb69e4b768aba4a,4f53cda18c2baa0c0354bb5f9a3ecbe5ed12ab4d8e11ba873c2f11161202b945,100000.0,100000.0,True,100000.0,0.0
k40_r1_cs_raw_m1440,935,ba829330e24717064cf81e988bfbf8539854d7df42b5196572654551521a7132,1,True,475,valid_as_recorded,True,,0,0,12.199999999999989,ca182c985cc5b110e94ed97a364f1b98ecc7f9d865145565c128a6ae11b56b5e,4f53cda18c2baa0c0354bb5f9a3ecbe5ed12ab4d8e11ba873c2f11161202b945,100000.0,100000.0,True,100000.0,0.0
k40_r1_cs_raw_m1440,944,271fe9af7243742c42049bc043a44c7d9e347de48dd520747079f3238ef9adbe,1,True,476,valid_as_recorded,True,,0,0,12.199999999999989,641530496ac82e2a48060cb8802f6b867f98e707385597715f2b850dfa057229,4f53cda18c2baa0c0354bb5f9a3ecbe5ed12ab4d8e11ba873c2f11161202b945,100000.0,100000.0,True,100000.0,0.0
k40_r1_cs_raw_m1440,945,80912bb9727b7f8afb924529e0951ab12c4882f57cf1592d953fb31c94355f43,1,True,477,valid_as_recorded,True,,0,0,12.199999999999989,02ba808971aff5af6ae1b92240dc9929cf71e8791fd19b23fcbf747879a8ebdc,4f53cda18c2baa0c0354bb5f9a3ecbe5ed12ab4d8e11ba873c2f11161202b945,100000.0,100000.0,True,100000.0,0.0
k40_r1_cs_raw_m1440,2684,a209590e5a182a17cfe43e074a892aea2a5b2e5973886925cfce541a3f4b0c91,15,True,478,deterministically_repairable,False,charge at 3127L_0 raises SOC to 319.9 > capacity 300.0,360.0,259.2639975,100.73600250000004,32bfe7612d83807da6a883627d11defb24e1e5a409cbd8c6808c1793b44a591a,f742115c17b8146008bed27eb8e5ddf7cf47bb35696804223dcc6d32f8241b5b,100060.71199999982,100060.712,True,100050.718988552,9.993011447999997
k40_r1_cs_raw_m1440,2791,ec07aa517227f35b33bc60d173b43e571e3fa590b9e72c7024a4188206cfda68,19,True,479,deterministically_repairable,False,charge at 2190L_0 raises SOC to 300.5 > capacity 300.0,495.0,445.979997,77.53900460000001,af91ebb42dc7e78eb7a97ee74661ad2f2c007d944c38cb0beb231720b697ef1f,5b5ea7e8b23932ab9a3068b4b15e509b0ecaa6ba1750afea2e2ff3f12da064e0,100084.1040000004,100084.104,True,100079.2412157024,4.862784297599994
k40_r1_cs_raw_m1440,4595,fea94133e1a9bdf4eab2f1c858b24ab5a08cbec0c098b5c33f373a8004c8bb40,23,True,480,deterministically_repairable,False,charge at PARX_1 raises SOC to 301.5 > capacity 300.0,600.0,402.3629993,235.06800109999986,a2f001605bb3826852433c6ade20f64c88326b9e24feeb41fc1ef05ac490b27e,db95fd14916beb7ee6e78cfb85cc21603477b8e399273ed512cead223d4cf2ca,100089.52000000014,100089.52,True,100069.91440953055,19.60559046943999
k40_r1_cs_raw_m1440,8866,f547ae758cf6676af4054ffebc0b3af05cc5ad02f8cbebb6e35a5f72c556cf23,30,True,481,deterministically_repairable,False,charge at 7880C_0 raises SOC to 330.1 > capacity 300.0,780.0,606.41299753,262.87300471000003,0efd7208bc3708f4e15ef52b8cf50f66f18d598614eb1dcff5e9637358510f93,e564001edbc2fabdd58b575df8a2bdd694dfb778daa501d024082e316a715b3a,100117.37599999993,100117.376,True,100100.15616935497,17.219830645024004
k40_r1_cs_raw_m1440,9191,ae5c17557ab03bdef4e62d8881fac66b8a32e574ac282e25e19c0ba01a9ae225,26,True,482,deterministically_repairable,False,charge at 3127L_0 raises SOC to 327.0 > capacity 300.0,645.0,425.8169955,300.55100359999994,a054e7216a38782a0eb6fe64e0e9126a0d91a153fe6affd5f6645ae74066d908,ecc1735f217af285397f7219e144dd7d04a66aebb3082d41904ab757e40ca4e9,100098.98399999988,100098.984,True,100077.2410459536,21.7429540464
k40_r1_cs_raw_m1440,12253,5d7de234cb6c1a72f86fff765a64a55bd4d964d38a30a30238f2c77c5f9a6fbd,33,True,483,deterministically_repairable,False,charge at 3127L_0 raises SOC to 311.8 > capacity 300.0,675.0,441.23499856,313.2920027800001,f66985434d81ab14329087aab497b711fb2432e16c604e3bd6b6b2344770b693,6652a7541f70bac216f3c88450dc648030807f986bea5050f503d9a75cc15294,100101.96000000011,100101.96,True,100078.77051185715,23.189488142848
k40_r1_cs_raw_m1440,13008,5b884aeb20fda01ac55df22226232daa8720e8507515b595b258a2e00c10c3c3,24,True,484,deterministically_repairable,False,charge at 4808_0 raises SOC to 305.3 > capacity 300.0,735.0,594.58599582,154.45400518000002,83566fa0675ffef3283f8c01197ab2c423549950cabd7dee61dd26cf04665ae3,c3ef09fabecdd176fd5ddbfe55e1ba7d2429a62453a1d18c2a8072f26ed0c2cf,100107.91200000013,100107.912,True,100093.98293078535,13.92906921465599
k40_r1_cs_raw_m1440,13884,34f27afee89eb0875196803c2b19813e2fd6b1a0754ebcbc2cb4b07f359303b6,29,True,485,deterministically_repairable,False,charge at 3127L_0 raises SOC to 322.0 > capacity 300.0,675.0,463.3559947,260.00500769999996,5c393eac1224c682b514956327b7ab7459a6596446850bff9856f0160f5a6cad,6b1359f8b726922efa7ccf2e8608cfa9b3c797f172ff1aa7f508e23d4423bfda,100101.95999999999,100101.96,True,100080.96491467424,20.995085325759987
k40_r1_cs_raw_m1440,19405,36f2a00a3f3f273b476ec71f5bf47a6d5db794f0a49d0e1e8519ce6adb182152,24,True,486,deterministically_repairable,False,charge at PARX_1 raises SOC to 323.5 > capacity 300.0,645.0,422.72899658,237.74100392000008,a69979666774adbe11a59f405cd95e635a3cc9226d615782c9865d54aa7d10d3,d3c0a149e848660b4b14cb88ac64f2eae2a469ab247833d5ca2ba8f4afabc127,100093.98400000005,100093.984,True,100071.93471646073,22.049283539263996
k40_r1_cs_raw_m1440,28465,59092d3666c27c63c1c6a01025cd04cb7b0d1572926eabb33b3b1096930ecc82,18,True,487,deterministically_repairable,False,charge at PARX_1 raises SOC to 312.5 > capacity 300.0,585.0,505.7829969,94.88700360000001,86fe138d990e6ef0751a0b09436ccc161cccb857e031a748bd50f407295614c4,b530f44b05014613e8367ae3a69c400b678477a1bae74ce28cff707b27d42b85,100088.03200000004,100088.032,True,100080.17367329248,7.85832670752
k40_r1_cs_raw_m1440,29786,cd7be14be0dee9f3bc4cd69dab5467b000b4afe12c50f94ece9237f058195797,17,True,488,deterministically_repairable,False,charge at PARX_1 raises SOC to 315.8 > capacity 300.0,390.0,326.02999800000003,99.61000204000004,54458df4c62f782244fee6710bfa6134b7a7ad7cb461c4665a423af8d8c0b7ff,55402afcdd53884584d98be12fc8c86dd9ce9c948168a9b6087b9b84f8a9df81,100068.688,100068.688,True,100062.3421758016,6.345824198400003
k40_r1_cs_raw_m1440,29901,a476df97de7ef57c7e7d558428b82b31bc1954af1bc18cf9e80502f63adec38f,18,True,489,deterministically_repairable,False,charge at 2190L_0 raises SOC to 387.1 > capacity 300.0,450.0,336.74199749999997,153.94300210000006,4638aaff091eeb977be9ef0597b2cbc33ad744f6dd305e5b4cba5365f6f16b0c,c376e07a1f839f336900f767f050ce055c84cd8592986fc911e4374dacbc50dc,100069.64000000001,100069.64,True,100058.404806152,11.235193848000009
k40_r1_cs_raw_m1440,31278,9279d170def3ea87be444011d81afb173f0acd76ca4d2a3a438ea6a0789fcba2,21,True,490,deterministically_repairable,False,charge at 2190L_0 raises SOC to 309.7 > capacity 300.0,375.0,286.09599836,157.21400393999997,b6a8e5234e60458e15aa3ad077115c39b8ff12d65941c0f3a3eed3b3fb9eb9d8,d339df8411c70de1212337adc9489576914cd1c8b15e3a1c65e552a6394d4b4b,100057.20000000001,100057.2,True,100048.3807230373,8.819276962687997
k40_r1_cs_raw_m1440,34699,3911c0212d926f693447228aace70d9342754878b6f43aaf93d99d58be7b71b1,30,True,491,deterministically_repairable,False,charge at 4808_0 raises SOC to 302.5 > capacity 300.0,660.0,511.1269961,234.82800494000003,0898054d9ff4f915dac85549ac988ddcdf6f1c2db293a69b88603f3a09573f8c,045d5891dd1d1f4b728f5ad90fa6a3c1ede5d133489361dfe488c7d0b508500f,100100.47200000004,100100.472,True,100085.70379801311,14.768201986880001
k40_r1_cs_raw_m1440,39693,3b650ebdff11218f4cc601e90aa7b241dd6d7e40d8488774866e94f73d1023e4,33,True,492,deterministically_repairable,False,charge at PARX_1 raises SOC to 312.5 > capacity 300.0,735.0,498.49299396,306.41300564000005,a81eabf8c547037249415e356cdc00c48388e93d5700f445b05672e92842c792,eb61dbc4c25a26b17d1863adce4807263d3a3bce997a9a17802817881d580baa,100097.91200000001,100097.912,True,100074.45050500083,23.461494999167996
k40_r1_cs_raw_m1440,41574,8ef7f42f7087a07e3f867548aeb35999912c6759b958a0b4356b650d013a91b2,17,True,493,deterministically_repairable,False,charge at 2190L_0 raises SOC to 306.2 > capacity 300.0,405.0,351.079997,100.25300330000002,e0b8f98abcbad072a64d80d2d0a955318e72fce96e35b4415b1e4617ae3d4be1,c1cc88edd2f7eeb6e6d7f2305c4ae49461080b803111c72d1f7916860c333529,100060.17599999998,100060.176,True,100054.8271357024,5.348864297600002
k40_r1_cs_raw_m1440,43048,a8b7c463ad8635698390853d3547200527366b6a60f375d98bde54a57d07e475,30,True,494,deterministically_repairable,False,charge at 3127L_0 raises SOC to 319.7 > capacity 300.0,675.0,537.8339988,194.9870016,62fd9db850419af71a0d49f86d4a313abb60019eb224e5ce088b63546abe8b33,292fffe18d16a6b787eb4582c07c8e4bd73d8130df7a9f42b6dbb3276eb3cdf3,100096.96,100096.96,True,100083.35313268096,13.60686731904
k40_r1_cs_raw_m1440,44709,a64105dc1e879cbc3251d176acebe88a85e06cab539e22ffb61abfa77c95d78f,29,True,495,deterministically_repairable,False,charge at JON_A_0 raises SOC to 314.8 > capacity 300.0,645.0,421.89599808,232.14400292,ed226c44c95cf1202061f048790c414b06739dd7e4d13259a24a303bc60c34dd,121b9d9072ab95e566c24903fb65481cfdf995b4f18d46bd8db8f800ead8c586,100098.98399999998,100098.984,True,100076.85208300954,22.131916990464
k40_r1_cs_raw_m1440,45951,6e8a886e0a10b4f084f599656d4ab06582456c9a8a7e68bdef20ff63254839ef,34,True,496,deterministically_repairable,False,charge at 7880C_0 raises SOC to 311.1 > capacity 300.0,720.0,513.693995,294.92100667999995,2b6a30cfab4d4d088148916fa00d4e071773e777510a4e29c3e8d917d902ba39,52c11e049e0c95916ab1ce44be1b0d86ace0f7d675c1ca3789c45b27fd8e2dbf,100101.424,100101.424,True,100080.958444304,20.46555569599999
k40_r2_cs_raw_m1440,1,d0bca111f8628137adc4c16f123496dcdd1d590d06cb5d9acd68b39fe656fb97,1,True,1,valid_as_recorded,True,,0,0,2.0,6ed1cd1cd06d7ab8fc1fe4c79eb4df24691ece52c1fa7c23a3b0a229e80298a0,4f53cda18c2baa0c0354bb5f9a3ecbe5ed12ab4d8e11ba873c2f11161202b945,100000.0,100000.0,True,100000.0,0.0
k40_r2_cs_raw_m1440,3,038966de9f6b9a901b20b4c6ca8b2a46009feebe031babc842d43690c0bc222b,1,True,2,valid_as_recorded,True,,0,0,12.199999999999989,8afec1e0b90f6758ad35cdc1fddf7326b382c523fec8468898c544b047b45137,4f53cda18c2baa0c0354bb5f9a3ecbe5ed12ab4d8e11ba873c2f11161202b945,100000.0,100000.0,True,100000.0,0.0
k40_r2_cs_raw_m1440,6,1ae3592f8248c3f879b56afe3f2ce6aad45ba898434796d35c565684397fb3e6,1,True,3,valid_as_recorded,True,,0,0,14.600000000000023,bb1cc1bdf05b0a19b0bcca7641510f90b9f897641fa02b1f115b8ba06ce768a3,4f53cda18c2baa0c0354bb5f9a3ecbe5ed12ab4d8e11ba873c2f11161202b945,100000.0,100000.0,True,100000.0,0.0
k40_r2_cs_raw_m1440,9,a8f2ecf6c811b67c050190173c8b89ce2c99b7993d29235ff3bf656b6a2c505e,1,True,4,valid_as_recorded,True,,0,0,2.1999999999999886,275bb310eb7e471bf255880f1b23f00d905e7d8c4f62c5619b175a9d9d4e1143,4f53cda18c2baa0c0354bb5f9a3ecbe5ed12ab4d8e11ba873c2f11161202b945,100000.0,100000.0,True,100000.0,0.0
k40_r2_cs_raw_m1440,11,41164c427f4cf681cc1b50eaf1a175e3574a1d015c6c90fbdaf77aea39d24086,1,True,5,valid_as_recorded,True,,0,0,12.399999999999977,d0e07169d6a0a69d1f8b64c4c315e5f3fc1a25f210e22bd09f0f9c48356e6285,4f53cda18c2baa0c0354bb5f9a3ecbe5ed12ab4d8e11ba873c2f11161202b945,100000.0,100000.0,True,100000.0,0.0
k40_r2_cs_raw_m1440,14,525ec3b5ad9afc0f09a5f7e0eb865e97f5b4b614a85cf93f3ae644f8e5f874f0,1,True,6,valid_as_recorded,True,,0,0,12.199999999999989,29353d7d18c022c70e68ecd28cffe7c3d045e4cb06796e1ea59a6e4b4a82751f,4f53cda18c2baa0c0354bb5f9a3ecbe5ed12ab4d8e11ba873c2f11161202b945,100000.0,100000.0,True,100000.0,0.0
k40_r2_cs_raw_m1440,16,3bcf2afdb32ea342100e69fd054bb7052791450672fdfa8a269e36a5fa7d5b7a,1,True,7,valid_as_recorded,True,,0,0,7.399999999999977,30ea83094df97a5276e577216f8b433303f4bf1b7b330ed4fe298ea5a9f5a820,4f53cda18c2baa0c0354bb5f9a3ecbe5ed12ab4d8e11ba873c2f11161202b945,100000.0,100000.0,True,100000.0,0.0
k40_r2_cs_raw_m1440,17,f0d0e023f9b1a4da91c19ac15cf2ea71427f0e4a8cf70397527d67c360d80af7,1,True,8,valid_as_recorded,True,,0,0,14.600000000000023,f3b9873005699fbcd957acb4d98305a6d8e037a4e26268f91c7924ee5ee74187,4f53cda18c2baa0c0354bb5f9a3ecbe5ed12ab4d8e11ba873c2f11161202b945,100000.0,100000.0,True,100000.0,0.0
k40_r2_cs_raw_m1440,18,fe3b7b3db0778380f48e04b7f215ea1ac524bf0a846bcf78f8e3da2727707f1a,1,True,9,valid_as_recorded,True,,0,0,7.199999999999989,5d66457868328506b0f75ffa5df189335baabcade757f37a367b729741102428,4f53cda18c2baa0c0354bb5f9a3ecbe5ed12ab4d8e11ba873c2f11161202b945,100000.0,100000.0,True,100000.0,0.0
k40_r2_cs_raw_m1440,20,691f362eb14915823efa2d8ac4afde3c22b30cedf95389e4d6c70ae8db9636a3,1,True,10,valid_as_recorded,True,,0,0,13.600000000000023,c376a6ccf703ee713f30e874a8381627031e7abfede88ba5c8806e5c1047636d,4f53cda18c2baa0c0354bb5f9a3ecbe5ed12ab4d8e11ba873c2f11161202b945,100000.0,100000.0,True,100000.0,0.0
k40_r2_cs_raw_m1440,22,3db4e2d15128484c18e33cde50510caf0a36044278b0f9e265f49f31e9bb1ee0,1,True,11,valid_as_recorded,True,,0,0,12.199999999999989,19dd6314363b432327061b2a29c3c32f87f2e3da82d52282632633d8cb5a8628,4f53cda18c2baa0c0354bb5f9a3ecbe5ed12ab4d8e11ba873c2f11161202b945,100000.0,100000.0,True,100000.0,0.0
k40_r2_cs_raw_m1440,23,eb3c4eb5d08cfdfeccc15734ae86cde2e5f247299e3b6d5742dc35e67da62fad,1,True,12,valid_as_recorded,True,,0,0,12.199999999999989,9bb663c6e056c402b728f793af212093b80718dd6ea636ef5c937088071202de,4f53cda18c2baa0c0354bb5f9a3ecbe5ed12ab4d8e11ba873c2f11161202b945,100000.0,100000.0,True,100000.0,0.0
k40_r2_cs_raw_m1440,24,2dbe74fef49e2e8390183a9bc0e94501bb4a3486e9dfec32a7b685e86acefbab,1,True,13,valid_as_recorded,True,,0,0,12.199999999999989,a0b70a2f7e12f163890b69b39d414d90042d5452cbf0a2a642b9b74ab5b6663a,4f53cda18c2baa0c0354bb5f9a3ecbe5ed12ab4d8e11ba873c2f11161202b945,100000.0,100000.0,True,100000.0,0.0
k40_r2_cs_raw_m1440,27,9cab0519f56f13acec86572516e8ebe7b99aa40011ec3171c9c8af90c08cae7a,1,True,14,valid_as_recorded,True,,0,0,3.3999999999999773,a959b8e027e1616664ff7b786706844bb06f6cd218c40f828a0630d107ef4c94,4f53cda18c2baa0c0354bb5f9a3ecbe5ed12ab4d8e11ba873c2f11161202b945,100000.0,100000.0,True,100000.0,0.0
k40_r2_cs_raw_m1440,29,66e7ff50b3d423ac1608a1c537613e5b87b1f516283b7bb49c91cd6af1bb412f,1,True,15,valid_as_recorded,True,,0,0,9.199999999999989,3c63f1b0d3802466966e7384c4a9f5786b8e770f774237f3386bae5972038ce4,4f53cda18c2baa0c0354bb5f9a3ecbe5ed12ab4d8e11ba873c2f11161202b945,100000.0,100000.0,True,100000.0,0.0
k40_r2_cs_raw_m1440,31,5436cc4750cf070868dc8194674f290f21aa7d184577bb0b5b694093da216ecd,1,True,16,valid_as_recorded,True,,0,0,12.199999999999989,4477805b797121eaeaa26fac786194fc19cdbe301a258fe60e8223dd20629dda,4f53cda18c2baa0c0354bb5f9a3ecbe5ed12ab4d8e11ba873c2f11161202b945,100000.0,100000.0,True,100000.0,0.0
k40_r2_cs_raw_m1440,32,8eefd2920366bc3e63649af9c0f30192857c178059490e64b5e5dcd3c1edba5c,1,True,17,valid_as_recorded,True,,0,0,14.600000000000023,9b26ffcaa6d5e54ec1b50f7b1148416da5be8db29b83396f91bc8f3e40f13217,4f53cda18c2baa0c0354bb5f9a3ecbe5ed12ab4d8e11ba873c2f11161202b945,100000.0,100000.0,True,100000.0,0.0
k40_r2_cs_raw_m1440,33,bb92d74f1bc9cdecef174885f4461ee391d54dcd2ad4a229c79c89543c2a6b92,1,True,18,valid_as_recorded,True,,0,0,2.0,d22f713f7b4e8449efbcfd56bc4db15810de5c6ba3d53a90f2ee14fc9cb6409e,4f53cda18c2baa0c0354bb5f9a3ecbe5ed12ab4d8e11ba873c2f11161202b945,100000.0,100000.0,True,100000.0,0.0
k40_r2_cs_raw_m1440,37,c08a6c60834029da34865da49e8fedcd012092c85e00a2ee74908da04f6b390d,1,True,19,valid_as_recorded,True,,0,0,7.399999999999977,8046f03cb85b5ac9cad3a579735c885e7d419b0bbe7b937b30af59bad00f9714,4f53cda18c2baa0c0354bb5f9a3ecbe5ed12ab4d8e11ba873c2f11161202b945,100000.0,100000.0,True,100000.0,0.0
k40_r2_cs_raw_m1440,39,3c2487b1e732eb168accd2f394b776519932cd77d5b74840e575428a0e87b71d,1,True,20,valid_as_recorded,True,,0,0,2.1999999999999886,d30fc5b2d9e71033c661edadbb67c9c7390d69a5871054cb56725849f1313fe1,4f53cda18c2baa0c0354bb5f9a3ecbe5ed12ab4d8e11ba873c2f11161202b945,100000.0,100000.0,True,100000.0,0.0
k40_r2_cs_raw_m1440,41,55af6715da1da7b6cb47950290e9ac169ae5bb0ce063733be4bf809492e051ac,1,True,21,valid_as_recorded,True,,0,0,9.199999999999989,5951e3ff3ee32a7a4dd8f01f4c36dc66c1ed3b24936bac993a9c8201b68d0689,4f53cda18c2baa0c0354bb5f9a3ecbe5ed12ab4d8e11ba873c2f11161202b945,100000.0,100000.0,True,100000.0,0.0
k40_r2_cs_raw_m1440,42,445c49a31c9ea23cdd0a2d35c928b3bdfa784de56ad24fb693186661bbd0855b,1,True,22,valid_as_recorded,True,,0,0,12.199999999999989,8eb70cfcfaa766e57c7d533b47ca72fa697c1e2aae37705ca35a7baebae1efab,4f53cda18c2baa0c0354bb5f9a3ecbe5ed12ab4d8e11ba873c2f11161202b945,100000.0,100000.0,True,100000.0,0.0
k40_r2_cs_raw_m1440,43,b86b1ea11b28136fe5224b9d1e3017b7efb68d4fae0b90c4940e0c0f89b3907a,1,True,23,valid_as_recorded,True,,0,0,12.199999999999989,73ed4d300b908bbe1f6c5d6725e61e504467f747eed3083d604d12030b27b9f6,4f53cda18c2baa0c0354bb5f9a3ecbe5ed12ab4d8e11ba873c2f11161202b945,100000.0,100000.0,True,100000.0,0.0
k40_r2_cs_raw_m1440,45,cdbfc2af0d53fa314d0da237758c778fa6c671a2bccb745fe2e2bdeed2504c26,1,True,24,valid_as_recorded,True,,0,0,12.199999999999989,49ef5d9d0e6cf2dde66a0bffd08de4440fb85091f954eab05c41e5c6fc743b59,4f53cda18c2baa0c0354bb5f9a3ecbe5ed12ab4d8e11ba873c2f11161202b945,100000.0,100000.0,True,100000.0,0.0
k40_r2_cs_raw_m1440,46,c6525896684c7616677ab273f27391d151d7136c0ce73393c5cf1f975530afc4,1,True,25,valid_as_recorded,True,,0,0,2.0,c3bb63db6b58e45d50bdf3c09caee05fdd805fbaaa6bbc504973aaab16dea737,4f53cda18c2baa0c0354bb5f9a3ecbe5ed12ab4d8e11ba873c2f11161202b945,100000.0,100000.0,True,100000.0,0.0
k40_r2_cs_raw_m1440,47,5c441ccce965fb3da22f42aa850da25c6c9c85fe3ff43a24aeed2cacfda4926b,1,True,26,valid_as_recorded,True,,0,0,14.600000000000023,0cb9110633ac47653ee90d55e9281032185e8d36fe2479c265e2bf02bba044e8,4f53cda18c2baa0c0354bb5f9a3ecbe5ed12ab4d8e11ba873c2f11161202b945,100000.0,100000.0,True,100000.0,0.0
k40_r2_cs_raw_m1440,48,9864bbf4575cbc4b2531d30cb4c75bfc60885038098cf165f15b37c326d9698e,1,True,27,valid_as_recorded,True,,0,0,3.3999999999999773,fa598bf09531c50900bddfa65bbde8177a29e546e03167ba631aacd79a85f5ad,4f53cda18c2baa0c0354bb5f9a3ecbe5ed12ab4d8e11ba873c2f11161202b945,100000.0,100000.0,True,100000.0,0.0
k40_r2_cs_raw_m1440,49,23b199acaa0340d2cf07497f3d23bc5e8bafa8c6c028759080e0958507e348d0,1,True,28,valid_as_recorded,True,,0,0,2.1999999999999886,04445336aac76d686171bfaf7aabdb4f5762cd3c2ffd203253912877b28069c8,4f53cda18c2baa0c0354bb5f9a3ecbe5ed12ab4d8e11ba873c2f11161202b945,100000.0,100000.0,True,100000.0,0.0
k40_r2_cs_raw_m1440,50,5ab8ca08b0c3abadeb62685c82ae3e53b159bb88ad1c7caf71fc821f2bf494a3,1,True,29,valid_as_recorded,True,,0,0,7.199999999999989,212e836c326176d486f31b25dc8b2999e382687f5cb5ac792bd905487bb08084,4f53cda18c2baa0c0354bb5f9a3ecbe5ed12ab4d8e11ba873c2f11161202b945,100000.0,100000.0,True,100000.0,0.0
k40_r2_cs_raw_m1440,52,4982ba8cd50f8f24b3ef7453b753d3cf8e1b05ab79794e14168d8010c31fc3d7,1,True,30,valid_as_recorded,True,,0,0,12.199999999999989,71b4463d3f8d71da99464d3633cc4b97791029fef6bf160dc282f4df50880d96,4f53cda18c2baa0c0354bb5f9a3ecbe5ed12ab4d8e11ba873c2f11161202b945,100000.0,100000.0,True,100000.0,0.0
k40_r2_cs_raw_m1440,53,4b4529e9287b9371a97f0e8ec4b5599b9cb1ca2da200af4d36a8496fb9b2d83c,1,True,31,valid_as_recorded,True,,0,0,2.0,cb403ebb7655b1eec85859c81bde188facb49f4b0a406ce59d829511ebdedcd1,4f53cda18c2baa0c0354bb5f9a3ecbe5ed12ab4d8e11ba873c2f11161202b945,100000.0,100000.0,True,100000.0,0.0
k40_r2_cs_raw_m1440,54,17673dea3b100a600846ee04777d0c0c2379258f5b5cb1757f7a36f4956a6c41,1,True,32,valid_as_recorded,True,,0,0,12.199999999999989,a26bd810cdd62a23d4a6536f9c370ae8dfd2e415cd48ce41ed2aa9f478f11486,4f53cda18c2baa0c0354bb5f9a3ecbe5ed12ab4d8e11ba873c2f11161202b945,100000.0,100000.0,True,100000.0,0.0
k40_r2_cs_raw_m1440,57,0494aeb56d68d0683dcdc2856752cd331cb1a9112b239e9a529519dbe29e3e63,1,True,33,valid_as_recorded,True,,0,0,7.399999999999977,4eaf8fdacc2251467c462e37618b025ce40c129091e39156defbac8f062718ed,4f53cda18c2baa0c0354bb5f9a3ecbe5ed12ab4d8e11ba873c2f11161202b945,100000.0,100000.0,True,100000.0,0.0
k40_r2_cs_raw_m1440,59,d1a8f22afc93fbba8b972464d102006b9fe265c03042882ce458c8ea85206b75,1,True,34,valid_as_recorded,True,,0,0,9.199999999999989,66b4b81a313e6f4acc035a2c4788110df5a86936ce5b4c493a31c274cb96af46,4f53cda18c2baa0c0354bb5f9a3ecbe5ed12ab4d8e11ba873c2f11161202b945,100000.0,100000.0,True,100000.0,0.0
k40_r2_cs_raw_m1440,60,8f332db1356cb4786b468baab31bd75565bd751de9d984c92f9defbcc3ef172d,1,True,35,valid_as_recorded,True,,0,0,12.199999999999989,aa4858e5e27cf77a150915f0e10876cd9c1a55504a0671c1eaa6bf1433daff80,4f53cda18c2baa0c0354bb5f9a3ecbe5ed12ab4d8e11ba873c2f11161202b945,100000.0,100000.0,True,100000.0,0.0
k40_r2_cs_raw_m1440,63,3384246e9de7f012e91f718e85b00e46b4e5a2e39dbe6099cf396e9c140d9d36,1,True,36,valid_as_recorded,True,,0,0,14.600000000000023,f3ae5757efea999d85253db7aedc179eafc198ec12877b303349754e2681fba4,4f53cda18c2baa0c0354bb5f9a3ecbe5ed12ab4d8e11ba873c2f11161202b945,100000.0,100000.0,True,100000.0,0.0
k40_r2_cs_raw_m1440,66,5d8ee50cb72821e8288d96de7835f7672f5f77706e9efd3a2fac8fccdb986637,1,True,37,valid_as_recorded,True,,0,0,7.199999999999989,18878ae11ec9ff0445e44105d98c5e73716cc0ed1d3d93f574602f04fdedf0e7,4f53cda18c2baa0c0354bb5f9a3ecbe5ed12ab4d8e11ba873c2f11161202b945,100000.0,100000.0,True,100000.0,0.0
k40_r2_cs_raw_m1440,67,b603af9760dd1338905211cbbd764b6784126a118c251d56ddf94c695855ccb2,1,True,38,valid_as_recorded,True,,0,0,12.199999999999989,19f0cc586509e606c69fd58fd808e4ad2fbc03060c9c7c3f0c226ea611670bab,4f53cda18c2baa0c0354bb5f9a3ecbe5ed12ab4d8e11ba873c2f11161202b945,100000.0,100000.0,True,100000.0,0.0
k40_r2_cs_raw_m1440,71,9a3616dcd8bba762f4b0414e0e4a3e7f5c71fbc56d43b6f2701d55d05b100d20,1,True,39,valid_as_recorded,True,,0,0,2.0,c346e11737ae8c35941d486733478c97fc3310b4da6f504135700f9eedbb3c1e,4f53cda18c2baa0c0354bb5f9a3ecbe5ed12ab4d8e11ba873c2f11161202b945,100000.0,100000.0,True,100000.0,0.0
k40_r2_cs_raw_m1440,72,d0b27c6068daa984b157c433af92c3c6967c1e92343a51495c901fabc2b0cf1c,1,True,40,valid_as_recorded,True,,0,0,12.199999999999989,a3157a49d3664cb09ee0a04a1cd2d4b566683bffb13cb6e3c063ffcee1b9ad71,4f53cda18c2baa0c0354bb5f9a3ecbe5ed12ab4d8e11ba873c2f11161202b945,100000.0,100000.0,True,100000.0,0.0
k40_r2_cs_raw_m1440,73,298102af5917eada0a68613dac6dd05671f18db7c88f0ee75fb9c8e66157dbce,1,True,41,valid_as_recorded,True,,0,0,9.199999999999989,5dabc3e24660f2214887d0a574cc2670ee829537f14ab750ddd14a676e27bf87,4f53cda18c2baa0c0354bb5f9a3ecbe5ed12ab4d8e11ba873c2f11161202b945,100000.0,100000.0,True,100000.0,0.0
k40_r2_cs_raw_m1440,74,8b303d7783c79e7b724d41658980d89a22d12d30047bdf1f51f0fb9ca3e0edf9,1,True,42,valid_as_recorded,True,,0,0,2.1999999999999886,a0e0afcf684fcfa47fb5914e2b97f43f69724143c77e1f90c44716b10a9b3d61,4f53cda18c2baa0c0354bb5f9a3ecbe5ed12ab4d8e11ba873c2f11161202b945,100000.0,100000.0,True,100000.0,0.0
k40_r2_cs_raw_m1440,76,7af56691e8c1c29543e5cd856ad07560fd7fb2fc860b8facd006cd0ac250d3e2,1,True,43,valid_as_recorded,True,,0,0,3.3999999999999773,6e6bd4fb241336850e10c62c0f3fe814870b0b014a385113364b30b4127d899b,4f53cda18c2baa0c0354bb5f9a3ecbe5ed12ab4d8e11ba873c2f11161202b945,100000.0,100000.0,True,100000.0,0.0
k40_r2_cs_raw_m1440,81,54c2bbec2c3453a499843d00244b8aacd201055ee16d4934198fb51b4f5e2368,1,True,44,valid_as_recorded,True,,0,0,7.399999999999977,43e8b6f0462fe48d4e9d3ece8e566093f1e6ccda36692f077171588cdc18206f,4f53cda18c2baa0c0354bb5f9a3ecbe5ed12ab4d8e11ba873c2f11161202b945,100000.0,100000.0,True,100000.0,0.0
k40_r2_cs_raw_m1440,82,d137ea7afa84e92fc7e568636ce4b48a64b1646a38966b42caa11994a3ddb2e5,1,True,45,valid_as_recorded,True,,0,0,7.199999999999989,e3a29d08897d40f100f7631087c9d1c31cd45d8ab5422596c3ac148ba87c402c,4f53cda18c2baa0c0354bb5f9a3ecbe5ed12ab4d8e11ba873c2f11161202b945,100000.0,100000.0,True,100000.0,0.0
k40_r2_cs_raw_m1440,83,0dcf125c707020d9131f80175a35a893a59b85c34652446364022ba593b5b93f,1,True,46,valid_as_recorded,True,,0,0,14.600000000000023,284dbe935cea28fff11435a4c1b5a545033960c7b5f46633d5ccdae1e64f55ad,4f53cda18c2baa0c0354bb5f9a3ecbe5ed12ab4d8e11ba873c2f11161202b945,100000.0,100000.0,True,100000.0,0.0
k40_r2_cs_raw_m1440,85,f3c95d13a34c34b7e2a69c1947983a4fd88f2bc10b2e4d2d992a3fb66b55eca3,1,True,47,valid_as_recorded,True,,0,0,2.1999999999999886,d01a00a482c552d55460a5341ce26d2d0ca03e835c82527ae0731064435d3b5f,4f53cda18c2baa0c0354bb5f9a3ecbe5ed12ab4d8e11ba873c2f11161202b945,100000.0,100000.0,True,100000.0,0.0
k40_r2_cs_raw_m1440,86,9cc5d5f20f24afa64ce1e99f7e5ed0375c740e19a66ab928e5c24ad577e46123,1,True,48,valid_as_recorded,True,,0,0,12.199999999999989,aec0f34ab40a78c5754c05546e9700f831f61cb690ca93d928cdaddae075cfba,4f53cda18c2baa0c0354bb5f9a3ecbe5ed12ab4d8e11ba873c2f11161202b945,100000.0,100000.0,True,100000.0,0.0
k40_r2_cs_raw_m1440,88,b897108c15c849e1944882feb73fd3692240fda259b7627ba68e0b546be052f3,1,True,49,valid_as_recorded,True,,0,0,12.199999999999989,b7b4dbbca631e8502af84715aaa51c364698c452310145dd54d0d986aee4ade7,4f53cda18c2baa0c0354bb5f9a3ecbe5ed12ab4d8e11ba873c2f11161202b945,100000.0,100000.0,True,100000.0,0.0
k40_r2_cs_raw_m1440,89,a57d006bc402a3d86a78bb2c9923b2ee0296e0818412c907c69e8d8dbb997f59,1,True,50,valid_as_recorded,True,,0,0,2.0,6db4f5e040097b07fdda601918e8a252d7978414f64e6a1165386703532b2f3e,4f53cda18c2baa0c0354bb5f9a3ecbe5ed12ab4d8e11ba873c2f11161202b945,100000.0,100000.0,True,100000.0,0.0
k40_r2_cs_raw_m1440,90,893fc513172ce56173f89facb892ce80be62ff6f743fc4af4e5e6ab8b4a4c034,1,True,51,valid_as_recorded,True,,0,0,12.199999999999989,7a6901e6c195a8e7b438eb1c8e5beae276f3820fda8e29b2bda83a2b26cf0077,4f53cda18c2baa0c0354bb5f9a3ecbe5ed12ab4d8e11ba873c2f11161202b945,100000.0,100000.0,True,100000.0,0.0
k40_r2_cs_raw_m1440,94,83890d2cf0ebf0dbde33db73b0bfbb0598c75f7fbfa5fa8e73a79953397bb908,1,True,52,valid_as_recorded,True,,0,0,3.8000000000000114,be1e1815e7049d5a19064a09f6266a95d988f4bc3cf3cee92011cd8d704c9f50,4f53cda18c2baa0c0354bb5f9a3ecbe5ed12ab4d8e11ba873c2f11161202b945,100000.0,100000.0,True,100000.0,0.0
k40_r2_cs_raw_m1440,95,d6d6dfaa75ccdcf8f78230b1823245b1cdfe185dd0cfe785d6a4ed7821d32a56,1,True,53,valid_as_recorded,True,,0,0,9.199999999999989,fbeae2c624f30c456ee58149566a6ffff2c6eeb17d51f2ce9c71de450549dff8,4f53cda18c2baa0c0354bb5f9a3ecbe5ed12ab4d8e11ba873c2f11161202b945,100000.0,100000.0,True,100000.0,0.0
k40_r2_cs_raw_m1440,97,b8b8f879082817d4f7d0cf28ac50336aca056b3e7e2153b857d130886be4758a,1,True,54,valid_as_recorded,True,,0,0,12.199999999999989,427c823d631a64d0939e5267c171bca33ecfc65b737361bf00b35f27fb9df7ed,4f53cda18c2baa0c0354bb5f9a3ecbe5ed12ab4d8e11ba873c2f11161202b945,100000.0,100000.0,True,100000.0,0.0
k40_r2_cs_raw_m1440,98,05080dc082c6df88129efbbe3f2c5a354e5348c963564f889914d0252f48b17d,1,True,55,valid_as_recorded,True,,0,0,12.199999999999989,f3d61689116cc2939dc4c255f2f4107fbff79aef98a5b75245dc509e115c2288,4f53cda18c2baa0c0354bb5f9a3ecbe5ed12ab4d8e11ba873c2f11161202b945,100000.0,100000.0,True,100000.0,0.0
k40_r2_cs_raw_m1440,101,40d9afd03b3d591c7ae198b6e1f985bd67bd98442def97adb1ad2f6756bfddac,1,True,56,valid_as_recorded,True,,0,0,14.600000000000023,69f066ae58f19a77fcd81eb3089a9b0e20193f02107e1597ed35a2072efbdccb,4f53cda18c2baa0c0354bb5f9a3ecbe5ed12ab4d8e11ba873c2f11161202b945,100000.0,100000.0,True,100000.0,0.0
k40_r2_cs_raw_m1440,102,d45d39f3996478609d46956d9f1c197532d82e79bab71d743148427b01e13cee,1,True,57,valid_as_recorded,True,,0,0,7.199999999999989,23920d5741e89e2da1f19eb1bc88966a579360684bc5d4bfc0872b51a15eba3a,4f53cda18c2baa0c0354bb5f9a3ecbe5ed12ab4d8e11ba873c2f11161202b945,100000.0,100000.0,True,100000.0,0.0
k40_r2_cs_raw_m1440,103,cb2128fa588a6c0496c6d771d91f263af38b9f56dfd7efdca2f2b424f0e0459b,1,True,58,valid_as_recorded,True,,0,0,3.3999999999999773,8ab8553688949b2b34876e55e6ac90068eb3d05cc7399e7b5c5b54c7b8c42340,4f53cda18c2baa0c0354bb5f9a3ecbe5ed12ab4d8e11ba873c2f11161202b945,100000.0,100000.0,True,100000.0,0.0
k40_r2_cs_raw_m1440,106,3dccad941301c4cc36db5630bfabb902f14e7d2cef55f0d81f299b723cee7048,1,True,59,valid_as_recorded,True,,0,0,12.199999999999989,49133fb839704231a50109ea5bee4ee257bdf79e21e5b44b1e8dc6e5e246b963,4f53cda18c2baa0c0354bb5f9a3ecbe5ed12ab4d8e11ba873c2f11161202b945,100000.0,100000.0,True,100000.0,0.0
k40_r2_cs_raw_m1440,107,0d9662163bebee71b60d9833aed9040d96d57dd003e57dc9e2e4a3ebf7912ba5,1,True,60,valid_as_recorded,True,,0,0,12.199999999999989,995f1467d4982c73edb39d165c752e2764e1bfff20dfa738e51f9ba8a2c2022e,4f53cda18c2baa0c0354bb5f9a3ecbe5ed12ab4d8e11ba873c2f11161202b945,100000.0,100000.0,True,100000.0,0.0
k40_r2_cs_raw_m1440,111,12155a29e924e4b8778629204eb36c0274bba87c3aedc37261309d614573a80c,1,True,61,valid_as_recorded,True,,0,0,9.199999999999989,56417cad9f8c79f788fe3816f9aa8063bfa27cda9fde26e3d706b9bc5487b720,4f53cda18c2baa0c0354bb5f9a3ecbe5ed12ab4d8e11ba873c2f11161202b945,100000.0,100000.0,True,100000.0,0.0
k40_r2_cs_raw_m1440,113,d6d14dfdb7fd0a4c112e15b225516759ae3c31a1251f30ada266b712c9c06567,1,True,62,valid_as_recorded,True,,0,0,7.199999999999989,f57c3098e98c95e7ce755be06cc93399d555014fdd406862cae86a08c20859bd,4f53cda18c2baa0c0354bb5f9a3ecbe5ed12ab4d8e11ba873c2f11161202b945,100000.0,100000.0,True,100000.0,0.0
k40_r2_cs_raw_m1440,114,f62f005a00f3d5d65e96a9329998cf84f736688039e0a9c5fb322f5b8db1feef,1,True,63,valid_as_recorded,True,,0,0,2.1999999999999886,45d1d9af1e48d265ec0598a48a6aa1da11678923b8ce53eab1d6ef94f759ef7d,4f53cda18c2baa0c0354bb5f9a3ecbe5ed12ab4d8e11ba873c2f11161202b945,100000.0,100000.0,True,100000.0,0.0
k40_r2_cs_raw_m1440,115,02802f66bfe7715dc7fa103e3a07f4f9f948544b8b78d3db5e9acb18285b892b,1,True,64,valid_as_recorded,True,,0,0,7.399999999999977,80f5dd03dd4f429ad560d0f6edb71558aafc9781ca377e6dc0097668be72fd5e,4f53cda18c2baa0c0354bb5f9a3ecbe5ed12ab4d8e11ba873c2f11161202b945,100000.0,100000.0,True,100000.0,0.0
k40_r2_cs_raw_m1440,119,37b2bc0db85b37bd0134e908c2f9ff3176ea26ea98181340e1ff36a8d984a9e5,1,True,65,valid_as_recorded,True,,0,0,12.199999999999989,9a577eb1abec70bda334cbe0e269895c961109c74ba12c9436b82e212d231d2b,4f53cda18c2baa0c0354bb5f9a3ecbe5ed12ab4d8e11ba873c2f11161202b945,100000.0,100000.0,True,100000.0,0.0
k40_r2_cs_raw_m1440,120,ea38832e303c9a40cfe8b6160fd949f7317febe9633fc7c8a1153aa5e7c2512e,1,True,66,valid_as_recorded,True,,0,0,2.0,3c6c54110e945887513ff4930897208dd30903d448f0825d7671574fdb4b90be,4f53cda18c2baa0c0354bb5f9a3ecbe5ed12ab4d8e11ba873c2f11161202b945,100000.0,100000.0,True,100000.0,0.0
k40_r2_cs_raw_m1440,121,b344603b272cddd6307249d2d9c2fd5e7e93f8fa2a622d38fde392402c235a5a,1,True,67,valid_as_recorded,True,,0,0,14.600000000000023,e40eefd2be389162a5fe08c26d3f1bafce89a51474ed03087a659c0055466f16,4f53cda18c2baa0c0354bb5f9a3ecbe5ed12ab4d8e11ba873c2f11161202b945,100000.0,100000.0,True,100000.0,0.0
k40_r2_cs_raw_m1440,124,201add142419aaa1ff8bf4b25772b7af870d06753a642c57a49640cd9835f6d4,1,True,68,valid_as_recorded,True,,0,0,9.199999999999989,b69c2cd7c0e9af46a326dc1665808d4d346f898a950df4108f80d5083aa13267,4f53cda18c2baa0c0354bb5f9a3ecbe5ed12ab4d8e11ba873c2f11161202b945,100000.0,100000.0,True,100000.0,0.0
k40_r2_cs_raw_m1440,125,a0e7ee310005c50a63df935df6caf5b005a45efb89c1e9d9ad6f4883838f6dcc,1,True,69,valid_as_recorded,True,,0,0,3.8000000000000114,4ea66028be737bc6a0236ea64f8bae0da0477fa938f8c4d2139e38fe21e97167,4f53cda18c2baa0c0354bb5f9a3ecbe5ed12ab4d8e11ba873c2f11161202b945,100000.0,100000.0,True,100000.0,0.0
k40_r2_cs_raw_m1440,128,7fafea8bb70a25803404cc98432200b0dff4d821bef5e88ae49001858018a351,1,True,70,valid_as_recorded,True,,0,0,12.199999999999989,fb88991e476e74cca3b075388e3225e1880d3297d183e2385a22a69b26958a31,4f53cda18c2baa0c0354bb5f9a3ecbe5ed12ab4d8e11ba873c2f11161202b945,100000.0,100000.0,True,100000.0,0.0
k40_r2_cs_raw_m1440,129,e68e933f4cf65ed7a360b01871a92b0afcd2a8b70eda284c188fdeb43be30b91,1,True,71,valid_as_recorded,True,,0,0,12.199999999999989,13906ce319d5b5e48f207911bd73cd091297f8ac2460ab7e99e1205d8685cb4c,4f53cda18c2baa0c0354bb5f9a3ecbe5ed12ab4d8e11ba873c2f11161202b945,100000.0,100000.0,True,100000.0,0.0
k40_r2_cs_raw_m1440,130,413d6016202e8b924f178cca838035da5aee78dbcc7c775553d059d8369b3ed1,1,True,72,valid_as_recorded,True,,0,0,12.199999999999989,770cbb076c9347ca08233c38c5882c86bcdb6d25d77cb8972afe5dd10c1acae6,4f53cda18c2baa0c0354bb5f9a3ecbe5ed12ab4d8e11ba873c2f11161202b945,100000.0,100000.0,True,100000.0,0.0
k40_r2_cs_raw_m1440,131,16e364aae0844085a8ab7055da213fe0ace6f8a4c69d8ddd712cf1a9d8343bc7,1,True,73,valid_as_recorded,True,,0,0,12.199999999999989,a1938f36d68fc8b7a32440343fb1ab669203753af18d54bcb7696ff0962c3c63,4f53cda18c2baa0c0354bb5f9a3ecbe5ed12ab4d8e11ba873c2f11161202b945,100000.0,100000.0,True,100000.0,0.0
k40_r2_cs_raw_m1440,134,92e01eebbb25b670913615e2fea760a673c02188033741d158f18629b6180583,1,True,74,valid_as_recorded,True,,0,0,12.199999999999989,1cad88836b635a8e6816ae6f5f8bcde6fd9f20831b7041a0ac1f645e39215fd6,4f53cda18c2baa0c0354bb5f9a3ecbe5ed12ab4d8e11ba873c2f11161202b945,100000.0,100000.0,True,100000.0,0.0
k40_r2_cs_raw_m1440,135,a2cb382e59002d59916ea6b36e2b8e8c114c9a6859b9b1ba128207f7475fe2a6,1,True,75,valid_as_recorded,True,,0,0,7.199999999999989,5e712107c2c513e1abda2d1643243ed9c5286d83135ae5d36b8d7cb9e28a89d3,4f53cda18c2baa0c0354bb5f9a3ecbe5ed12ab4d8e11ba873c2f11161202b945,100000.0,100000.0,True,100000.0,0.0
k40_r2_cs_raw_m1440,136,f8afad1bb8937f658ed9dd088820b689880a2f9ef1b540ed421151ae27788ed8,1,True,76,valid_as_recorded,True,,0,0,2.1999999999999886,9bdb22845697ebb3b88012bc0caa3f644a1bdf33759790197307d1cf5f270bb3,4f53cda18c2baa0c0354bb5f9a3ecbe5ed12ab4d8e11ba873c2f11161202b945,100000.0,100000.0,True,100000.0,0.0
k40_r2_cs_raw_m1440,137,9c857b7a2609f880baa33713797b24a31e60fff01e8e06e79b7ddc0d092930ee,1,True,77,valid_as_recorded,True,,0,0,3.3999999999999773,9324ebdbe58fdaa0d35be52c8c374dda7babae73f3b2f55575d9ee79ddf64cca,4f53cda18c2baa0c0354bb5f9a3ecbe5ed12ab4d8e11ba873c2f11161202b945,100000.0,100000.0,True,100000.0,0.0
k40_r2_cs_raw_m1440,140,5fe6fd5a67dad6120413d5ce92ebf9c71407ee51084d465581958ba4ef9df5c6,1,True,78,valid_as_recorded,True,,0,0,12.199999999999989,4f0c411a7bbf79a5bd27533ff8dffc6cba7a356b01f76bf7ddcf9a5570f406c2,4f53cda18c2baa0c0354bb5f9a3ecbe5ed12ab4d8e11ba873c2f11161202b945,100000.0,100000.0,True,100000.0,0.0
k40_r2_cs_raw_m1440,143,203bc3c649abb78cc9aad952ed170de7f1c7ef0f8ad6c33ea0cbd6ba85f0c06f,1,True,79,valid_as_recorded,True,,0,0,7.399999999999977,6b8a74aa15dd900f06ea082d72d903a93bb08b4a60e30e19b1bb6e419328137e,4f53cda18c2baa0c0354bb5f9a3ecbe5ed12ab4d8e11ba873c2f11161202b945,100000.0,100000.0,True,100000.0,0.0
k40_r2_cs_raw_m1440,146,1a39fcb05545e74473610d21463565598648e34ea9c962a6be4c4e6dd0a983d6,1,True,80,valid_as_recorded,True,,0,0,9.399999999999977,87639ad3025adc415568f3c5fe2b2038efe16897236c725440ffd731ab69b37c,4f53cda18c2baa0c0354bb5f9a3ecbe5ed12ab4d8e11ba873c2f11161202b945,100000.0,100000.0,True,100000.0,0.0
k40_r2_cs_raw_m1440,148,d2b749041ba19ba6f24ab037b402c2ad0918b61a5206413192b1383214e477e8,1,True,81,valid_as_recorded,True,,0,0,7.399999999999977,9571770aac8982979f6ebd380d367de1ecd870e386f6488e6e5b572b3d88c3a2,4f53cda18c2baa0c0354bb5f9a3ecbe5ed12ab4d8e11ba873c2f11161202b945,100000.0,100000.0,True,100000.0,0.0
k40_r2_cs_raw_m1440,149,1f4256af80e1712c9e4432d4a266cdb5db9b23b3c48d61fdf77770f3369318a5,1,True,82,valid_as_recorded,True,,0,0,2.1999999999999886,bee331db5d87de4c42be4ec3e60609d174df28e5cf109b8c7ab1be180498eb57,4f53cda18c2baa0c0354bb5f9a3ecbe5ed12ab4d8e11ba873c2f11161202b945,100000.0,100000.0,True,100000.0,0.0
k40_r2_cs_raw_m1440,150,96f9d93ce162049f5adda749abeb08209e25abcbba5c17e447677c6908e9d4df,1,True,83,valid_as_recorded,True,,0,0,9.199999999999989,573e729162240ce48725efcf0bf862b7b76adfc1fe5059c434464f9f7cf78172,4f53cda18c2baa0c0354bb5f9a3ecbe5ed12ab4d8e11ba873c2f11161202b945,100000.0,100000.0,True,100000.0,0.0
k40_r2_cs_raw_m1440,151,67a3dda4fee2fa5183caa8e500683a6abd98294337327fd60aef68b9487c7801,1,True,84,valid_as_recorded,True,,0,0,12.199999999999989,31949a5039d3343e73f8201587980f4e4aec38856ad3332215ee43723e4b8c37,4f53cda18c2baa0c0354bb5f9a3ecbe5ed12ab4d8e11ba873c2f11161202b945,100000.0,100000.0,True,100000.0,0.0
k40_r2_cs_raw_m1440,152,af343db1e8114133b6250518eca2ee8b370cf90243710ef365cf4c2ce54e5b4a,1,True,85,valid_as_recorded,True,,0,0,12.199999999999989,936d05d89def8a1f1752d29400570f34425ff62bdff32033f15ab9ed3bcffe91,4f53cda18c2baa0c0354bb5f9a3ecbe5ed12ab4d8e11ba873c2f11161202b945,100000.0,100000.0,True,100000.0,0.0
k40_r2_cs_raw_m1440,158,8997079222a8fe280d4cb9d4717009d22676c4e8a4a7ea35f2537bc1a19e9555,1,True,86,valid_as_recorded,True,,0,0,7.199999999999989,cceb1c04bd7c945c46a2575cba7e4619e31bbeb93cfca46b2885d2cd2f9d79da,4f53cda18c2baa0c0354bb5f9a3ecbe5ed12ab4d8e11ba873c2f11161202b945,100000.0,100000.0,True,100000.0,0.0
k40_r2_cs_raw_m1440,159,fe30ff7101859de0c2b13f81947504ae20b524efd7f1a4f99c3f56a0bfe28223,1,True,87,valid_as_recorded,True,,0,0,9.199999999999989,dcf39f36897a2265ef7a250c8de4aafb8c3a286941422979d0e0820ff543121c,4f53cda18c2baa0c0354bb5f9a3ecbe5ed12ab4d8e11ba873c2f11161202b945,100000.0,100000.0,True,100000.0,0.0
k40_r2_cs_raw_m1440,160,d41abac0e2bc74e9ff6881fa0ab88ef035b289f10d1d097854c6614e5e1e6b65,1,True,88,valid_as_recorded,True,,0,0,2.1999999999999886,97d90e20213604307f4148e5efa19697266c37f10e8bc5b153fe9eef23deec5e,4f53cda18c2baa0c0354bb5f9a3ecbe5ed12ab4d8e11ba873c2f11161202b945,100000.0,100000.0,True,100000.0,0.0
k40_r2_cs_raw_m1440,161,bf92712bb694b993fbe05220a74d7459473e3a3fc1dfb112e28d6fe18c5ac3be,1,True,89,valid_as_recorded,True,,0,0,3.8000000000000114,bb7e3e1a12aa60310a82ae6f82d4e691e8c8cff92cea972537394c33eeb7bf09,4f53cda18c2baa0c0354bb5f9a3ecbe5ed12ab4d8e11ba873c2f11161202b945,100000.0,100000.0,True,100000.0,0.0
k40_r2_cs_raw_m1440,163,02fe25ed826fd17d6f02c4696fd727ba673f0109180ed087fa8e0226c26c9d92,1,True,90,valid_as_recorded,True,,0,0,9.199999999999989,bfdbfce1395fd7485339e0c3f30984b8a6cccfb8aaa50a35b7dbb74c69bae6d3,4f53cda18c2baa0c0354bb5f9a3ecbe5ed12ab4d8e11ba873c2f11161202b945,100000.0,100000.0,True,100000.0,0.0
k40_r2_cs_raw_m1440,164,1b748b3c3fa6380768a50c3abf1d5460f608c9925c002aa2fce8ab8920f2489a,1,True,91,valid_as_recorded,True,,0,0,12.199999999999989,51c75f88b5e00c0c00e4c7ec267df889cc4e643b0bc257eabbc9c6adf30ad835,4f53cda18c2baa0c0354bb5f9a3ecbe5ed12ab4d8e11ba873c2f11161202b945,100000.0,100000.0,True,100000.0,0.0
k40_r2_cs_raw_m1440,165,bc62668c7fae4284f32180535a008d64bbe412c54e7738e0953c5f1a3a03eb1f,1,True,92,valid_as_recorded,True,,0,0,12.199999999999989,9e9cb82368351942807adfcb058006773466c98a73f6b8e73b51ee37ee550a01,4f53cda18c2baa0c0354bb5f9a3ecbe5ed12ab4d8e11ba873c2f11161202b945,100000.0,100000.0,True,100000.0,0.0
k40_r2_cs_raw_m1440,166,7fd3d1891646a2f65e9fc998c488b525be6b97cf1c17553b88bf6f947dc997ce,1,True,93,valid_as_recorded,True,,0,0,12.199999999999989,e05213070c7f65a31b9afd06204e891918b92eb586aed565e58eaa0586a20ee9,4f53cda18c2baa0c0354bb5f9a3ecbe5ed12ab4d8e11ba873c2f11161202b945,100000.0,100000.0,True,100000.0,0.0
k40_r2_cs_raw_m1440,167,ca831949887c296faefc96d14e696a33bdc8f76aa9730486488340c17e17e4b7,1,True,94,valid_as_recorded,True,,0,0,12.199999999999989,c5896d6599644dbd09a63b4183bfa924eb8f33c35238f3016f6bfc223973fa38,4f53cda18c2baa0c0354bb5f9a3ecbe5ed12ab4d8e11ba873c2f11161202b945,100000.0,100000.0,True,100000.0,0.0
k40_r2_cs_raw_m1440,168,4bb5c2463b71910dffd008a0d0a36a400e1baf1345d96381c08be31298bcebe2,1,True,95,valid_as_recorded,True,,0,0,2.0,11654010bfe012f9ff0038418045121e9b098790ddfafdce3f9f497748c57d5f,4f53cda18c2baa0c0354bb5f9a3ecbe5ed12ab4d8e11ba873c2f11161202b945,100000.0,100000.0,True,100000.0,0.0
k40_r2_cs_raw_m1440,169,e95fd87289ef72354bb12197d6c1f1216f09b76cf49f1911778a7b8bdef798b8,1,True,96,valid_as_recorded,True,,0,0,14.600000000000023,528d2ec9389348061fb2e0851fd45f887ea5521bce7cefe097a5746d8ebd597c,4f53cda18c2baa0c0354bb5f9a3ecbe5ed12ab4d8e11ba873c2f11161202b945,100000.0,100000.0,True,100000.0,0.0
k40_r2_cs_raw_m1440,170,292522617818079a45700c4dcb0a8d98f45e1c0e605525e9e39ba00f752d9d37,1,True,97,valid_as_recorded,True,,0,0,7.199999999999989,813b63464c9f564fe93c6c08a34b65244774909fe4b72c9221e0cd10cf9ec232,4f53cda18c2baa0c0354bb5f9a3ecbe5ed12ab4d8e11ba873c2f11161202b945,100000.0,100000.0,True,100000.0,0.0
k40_r2_cs_raw_m1440,173,09af4c02a7fc1f5db4875c551894bb7dd80073c40a451d528beb8180e33b0cc9,1,True,98,valid_as_recorded,True,,0,0,12.199999999999989,25d198985d539af3868ce6c1863e1715d66093f571ef7c97a0595246d0b232af,4f53cda18c2baa0c0354bb5f9a3ecbe5ed12ab4d8e11ba873c2f11161202b945,100000.0,100000.0,True,100000.0,0.0
k40_r2_cs_raw_m1440,174,ca3fd65efdb49b74e1dde1a2d57743880179a71421eeb3771f4209687ed4a5e7,1,True,99,valid_as_recorded,True,,0,0,12.199999999999989,eed031cb54d59f138eec4f246e3a0ee1364dc9c2174e5136adb099780ddcdbe9,4f53cda18c2baa0c0354bb5f9a3ecbe5ed12ab4d8e11ba873c2f11161202b945,100000.0,100000.0,True,100000.0,0.0
k40_r2_cs_raw_m1440,176,eb2775fb93a6ec8bb06fbf0e759cc3a8141c94bf7914a0845e27961d9549b730,1,True,100,valid_as_recorded,True,,0,0,2.0,c889f832cc0aa2f424fb512b931b4328b0eeaecb8976bade85e6f4561477b6c2,4f53cda18c2baa0c0354bb5f9a3ecbe5ed12ab4d8e11ba873c2f11161202b945,100000.0,100000.0,True,100000.0,0.0
k40_r2_cs_raw_m1440,177,d13b9c251bbd5cba58913b3dbbd9085ad17075c110c04bde2afbbb5328198c55,1,True,101,valid_as_recorded,True,,0,0,7.399999999999977,37ae0da19d3cd70e01a8444f95f3777d021a778a1d6ca29f7ad9e1367ef46d22,4f53cda18c2baa0c0354bb5f9a3ecbe5ed12ab4d8e11ba873c2f11161202b945,100000.0,100000.0,True,100000.0,0.0
k40_r2_cs_raw_m1440,178,f2b0eeeb854365ace2a1639b1fd7fc9d6028df433cdeb9fa6689fe12060fda96,1,True,102,valid_as_recorded,True,,0,0,12.199999999999989,2254e919bbe824c71a304aaaf818fe72634d7a988d4405a204789ff6f3c829e6,4f53cda18c2baa0c0354bb5f9a3ecbe5ed12ab4d8e11ba873c2f11161202b945,100000.0,100000.0,True,100000.0,0.0
k40_r2_cs_raw_m1440,185,b212e989a00dd4479ea2dbaebeed4b1f015a22536b2448138468a3a240e2e1b5,1,True,103,valid_as_recorded,True,,0,0,12.199999999999989,10d8a176dcebca977a663b53e406e365a3320e66d032753d7cb09a3080c89401,4f53cda18c2baa0c0354bb5f9a3ecbe5ed12ab4d8e11ba873c2f11161202b945,100000.0,100000.0,True,100000.0,0.0
k40_r2_cs_raw_m1440,187,22deacf110ba76cb2a02bac368d6c159c576ae7c3ed871d848f25cd308c319f8,1,True,104,valid_as_recorded,True,,0,0,2.0,1c4f3a20705288432fb38991c4ae0f38395e30e7a9d84fb1ab093e22c74a93e7,4f53cda18c2baa0c0354bb5f9a3ecbe5ed12ab4d8e11ba873c2f11161202b945,100000.0,100000.0,True,100000.0,0.0
k40_r2_cs_raw_m1440,189,98a8237f371e79baf1b9a5ee816b9936931a53c071060b74df63a5027bfcc1f2,1,True,105,valid_as_recorded,True,,0,0,3.8000000000000114,e511866cb569ff56462c8aafd6503c84e828f654849ed8f38a68e345a29988d0,4f53cda18c2baa0c0354bb5f9a3ecbe5ed12ab4d8e11ba873c2f11161202b945,100000.0,100000.0,True,100000.0,0.0
k40_r2_cs_raw_m1440,190,be1b3b74d2d8403402769455161993b8d7614c5744ad2a1947501c9cd1b72efe,1,True,106,valid_as_recorded,True,,0,0,2.1999999999999886,e261ac2d0d2e5d0e7bdd36c9e7f9cf2c1e7b554ac25542833278bbf4730780b4,4f53cda18c2baa0c0354bb5f9a3ecbe5ed12ab4d8e11ba873c2f11161202b945,100000.0,100000.0,True,100000.0,0.0
k40_r2_cs_raw_m1440,191,f4765493bffe55b88e5c4ddf96f944bd0da46400dbab4d3e34814a03a14f1471,1,True,107,valid_as_recorded,True,,0,0,7.199999999999989,e7e909de8607707bc475e630298f71741de570873835fc4f61f5d10f64776d85,4f53cda18c2baa0c0354bb5f9a3ecbe5ed12ab4d8e11ba873c2f11161202b945,100000.0,100000.0,True,100000.0,0.0
k40_r2_cs_raw_m1440,192,e0837e80260e777ed58682672254fd5e781fe94be2f09e75a5b87e9caaf150d4,1,True,108,valid_as_recorded,True,,0,0,12.199999999999989,7525e57ccf3123d02db589285f6c8660cf9d1ab5cfd2131d6e92e13d8eef19bd,4f53cda18c2baa0c0354bb5f9a3ecbe5ed12ab4d8e11ba873c2f11161202b945,100000.0,100000.0,True,100000.0,0.0
k40_r2_cs_raw_m1440,198,53ba64be312c5bc2050210fc727aaf7a83084ba39af0f511d4f8099a7e427009,1,True,109,valid_as_recorded,True,,0,0,12.199999999999989,19318315e6dc4c8ef4d70c59f1aa913b42bcda7ae2a3ee24b07ae6565a904df9,4f53cda18c2baa0c0354bb5f9a3ecbe5ed12ab4d8e11ba873c2f11161202b945,100000.0,100000.0,True,100000.0,0.0
k40_r2_cs_raw_m1440,199,840d60afcf8aeb607ff32e9b4fba7e3132722c2148136c5f4e4816fec59f4ff3,1,True,110,valid_as_recorded,True,,0,0,9.199999999999989,5d8fc28f9a643b2f0a641305c04043e1b0ceb9e37bed6e00561e24f8e67fa53a,4f53cda18c2baa0c0354bb5f9a3ecbe5ed12ab4d8e11ba873c2f11161202b945,100000.0,100000.0,True,100000.0,0.0
k40_r2_cs_raw_m1440,200,75ca152b32ce4c50480f735429044dc5dbecacc3c7eee6178dbd32805e46a1a7,1,True,111,valid_as_recorded,True,,0,0,2.1999999999999886,7e9de83620d2e2f818a548b5762f7c5973833dc464dc2158eb12483e19f827bd,4f53cda18c2baa0c0354bb5f9a3ecbe5ed12ab4d8e11ba873c2f11161202b945,100000.0,100000.0,True,100000.0,0.0
k40_r2_cs_raw_m1440,203,9b611195f2729e6e5757662afabaa40a406581d5111d38dc52849fe9c09ad83d,1,True,112,valid_as_recorded,True,,0,0,12.199999999999989,1b0a43168fabd664470040f0178f6955f06ed401a35cfedb85d41520e238876f,4f53cda18c2baa0c0354bb5f9a3ecbe5ed12ab4d8e11ba873c2f11161202b945,100000.0,100000.0,True,100000.0,0.0
k40_r2_cs_raw_m1440,205,144e5f7e02ab70c4095ec7af9ab95db6925006afbff9cd2322cf9e5f68b6960e,1,True,113,valid_as_recorded,True,,0,0,2.0,ce8f8679138474246836dc01b151c45ed9f116e1c48ddc3c4347fe4b99b795a7,4f53cda18c2baa0c0354bb5f9a3ecbe5ed12ab4d8e11ba873c2f11161202b945,100000.0,100000.0,True,100000.0,0.0
k40_r2_cs_raw_m1440,206,4fedde75186a223b1d68cd4e38d76c185fa6e7cf3a34171fa08268fcfd70cb8a,1,True,114,valid_as_recorded,True,,0,0,7.399999999999977,d6f2a56159bf84636f4dc1a1809ccefdec5f1aa3f817714ff4496537c6ec67f3,4f53cda18c2baa0c0354bb5f9a3ecbe5ed12ab4d8e11ba873c2f11161202b945,100000.0,100000.0,True,100000.0,0.0
k40_r2_cs_raw_m1440,207,55e49482b7bd1a45efbf9049366ce238916c77e7e794b4a32b3d580f3f40fbb4,1,True,115,valid_as_recorded,True,,0,0,14.600000000000023,503968126a341701d69cf6bcc70af7c51e1cb60f70958a83404b1580510177e5,4f53cda18c2baa0c0354bb5f9a3ecbe5ed12ab4d8e11ba873c2f11161202b945,100000.0,100000.0,True,100000.0,0.0
k40_r2_cs_raw_m1440,208,8d0148e05e2e50b93847e1788a2fb32699fc7e412598d446840ee62b7624856d,1,True,116,valid_as_recorded,True,,0,0,7.399999999999977,20005036a5857e95675138448732b2e32a93bae491f35c3a8801b6e2c4bfefa7,4f53cda18c2baa0c0354bb5f9a3ecbe5ed12ab4d8e11ba873c2f11161202b945,100000.0,100000.0,True,100000.0,0.0
k40_r2_cs_raw_m1440,209,dea36d85fa746b2d838e4ddb223529fafb189e58f118512a600010d5da33a8de,1,True,117,valid_as_recorded,True,,0,0,2.1999999999999886,e3425baff251d88023438788ccc3911b66bbf93943d587671527d958e301c99c,4f53cda18c2baa0c0354bb5f9a3ecbe5ed12ab4d8e11ba873c2f11161202b945,100000.0,100000.0,True,100000.0,0.0
k40_r2_cs_raw_m1440,213,f1146de7db507408772d326a1bd728f500b56bc646f17e76fc0b3916eabebc71,1,True,118,valid_as_recorded,True,,0,0,12.199999999999989,38e0e6d36ddb28380d397d67e53d8ab1af6203135769f0b8ec49e5c1d3bee45f,4f53cda18c2baa0c0354bb5f9a3ecbe5ed12ab4d8e11ba873c2f11161202b945,100000.0,100000.0,True,100000.0,0.0
k40_r2_cs_raw_m1440,215,510ddaac356489d0a205c0481890f1d8c7129567414d8f638bad1533f9a1788b,1,True,119,valid_as_recorded,True,,0,0,12.199999999999989,3b823627a97cde07552e47bb1c272185d70831393a54c5f6aa5fbef79c49520c,4f53cda18c2baa0c0354bb5f9a3ecbe5ed12ab4d8e11ba873c2f11161202b945,100000.0,100000.0,True,100000.0,0.0
k40_r2_cs_raw_m1440,220,c9a09de8ceaeafa52cee144d491f188d09406da21c130b99dc23be8abf5bcd76,1,True,120,valid_as_recorded,True,,0,0,12.199999999999989,09905058f58bf63a85853d961a3e5bc1a22807061bda76a303f05f769122e171,4f53cda18c2baa0c0354bb5f9a3ecbe5ed12ab4d8e11ba873c2f11161202b945,100000.0,100000.0,True,100000.0,0.0
k40_r2_cs_raw_m1440,221,991a26ff4edaa7d5244848d1b20fa4c667589de6f83f6e38b45c763f8bee10eb,1,True,121,valid_as_recorded,True,,0,0,12.199999999999989,04dfeda9dc955424a034b3b43146e98c5a9cc20db13d585f5c26ccb1b3821da0,4f53cda18c2baa0c0354bb5f9a3ecbe5ed12ab4d8e11ba873c2f11161202b945,100000.0,100000.0,True,100000.0,0.0
k40_r2_cs_raw_m1440,222,06096c5e699d5aaa65b6d95873b8d82daa25bb366c6a93bb51216f65d675a541,1,True,122,valid_as_recorded,True,,0,0,2.0,55c954da5452e251cca7b1ab2772184298fe568c8aefe96487643e368a052132,4f53cda18c2baa0c0354bb5f9a3ecbe5ed12ab4d8e11ba873c2f11161202b945,100000.0,100000.0,True,100000.0,0.0
k40_r2_cs_raw_m1440,223,f41676530b59bdeeb95fe413624204edb2a612fbe05f8dbef192c5d7f16ac74a,1,True,123,valid_as_recorded,True,,0,0,14.600000000000023,e200b5972c5705d8f3e1024fb38f25695db063176fad20afea1d00b4cd52b153,4f53cda18c2baa0c0354bb5f9a3ecbe5ed12ab4d8e11ba873c2f11161202b945,100000.0,100000.0,True,100000.0,0.0
k40_r2_cs_raw_m1440,224,9fe80c20d70da9e4da49bf34a1403030744d7b667cd0a36db0fe336779da1aa0,1,True,124,valid_as_recorded,True,,0,0,2.1999999999999886,ca0a208eab11159a238b19274d326adc1ff565a4a58d2a4ac09c1e0ac3b30c1a,4f53cda18c2baa0c0354bb5f9a3ecbe5ed12ab4d8e11ba873c2f11161202b945,100000.0,100000.0,True,100000.0,0.0
k40_r2_cs_raw_m1440,228,fce894e8386eaece9bdae021e33f7c6f92c32a3b7c4d39e581f8b98bddbaf65e,1,True,125,valid_as_recorded,True,,0,0,2.0,78dc0f0e3eae02e545d536e7edcc466ffc7c9bdf94ce27ee0a62a7118f30efc2,4f53cda18c2baa0c0354bb5f9a3ecbe5ed12ab4d8e11ba873c2f11161202b945,100000.0,100000.0,True,100000.0,0.0
k40_r2_cs_raw_m1440,230,988d59b332b09971772e8c0c5c6211fdf584ceba0a23d47e204164927ac4ad6f,1,True,126,valid_as_recorded,True,,0,0,9.199999999999989,8080a71dd37c8395178e2f2e96b2c04ec53f74b066808074885d2ae4e3843ae2,4f53cda18c2baa0c0354bb5f9a3ecbe5ed12ab4d8e11ba873c2f11161202b945,100000.0,100000.0,True,100000.0,0.0
k40_r2_cs_raw_m1440,231,4c023829d82039ea506d44c99fe320639466a593e7fae632a2a418652adb05a9,1,True,127,valid_as_recorded,True,,0,0,7.399999999999977,aa01e042d91b62ae462c0bc5a6660f94e3c0e5cdebd63d273d9c5e5b7673392e,4f53cda18c2baa0c0354bb5f9a3ecbe5ed12ab4d8e11ba873c2f11161202b945,100000.0,100000.0,True,100000.0,0.0
k40_r2_cs_raw_m1440,232,527d03cdfc8fa5d0358e180005eae71c65ddc5080e1b28e2dabfd25aaec631b5,1,True,128,valid_as_recorded,True,,0,0,7.199999999999989,6445705b199411fbbd07cedb8f2d6d708ca7ffe71b3abe50194a215dce5377a2,4f53cda18c2baa0c0354bb5f9a3ecbe5ed12ab4d8e11ba873c2f11161202b945,100000.0,100000.0,True,100000.0,0.0
k40_r2_cs_raw_m1440,233,bce4f5e61f535a0a29656ed4dd96efc5b83a2927e78ded82b5ef3fd8d3584949,1,True,129,valid_as_recorded,True,,0,0,12.199999999999989,e02b8a0ea1de973ac9411138fb7a5e47eb0e27237549dba88bb0858501475f7e,4f53cda18c2baa0c0354bb5f9a3ecbe5ed12ab4d8e11ba873c2f11161202b945,100000.0,100000.0,True,100000.0,0.0
k40_r2_cs_raw_m1440,236,9040dc6685cd6de5cbd0af40633f15d8f075e9f6483e671ff346e51fcbd2c9b4,1,True,130,valid_as_recorded,True,,0,0,12.199999999999989,ceb2025caf88bbd32cbb0322d6f6540c6408eaad2e5a4e01a601ae39a3aaca6a,4f53cda18c2baa0c0354bb5f9a3ecbe5ed12ab4d8e11ba873c2f11161202b945,100000.0,100000.0,True,100000.0,0.0
k40_r2_cs_raw_m1440,237,7a6d8f4ae3ba2c7651d582b28723e500a37caafa90c11e850024da4d274f8711,1,True,131,valid_as_recorded,True,,0,0,9.199999999999989,8a7e6c573cab8df66c3f3fd69f1418b89194899e05ea0ede97c038a2571a448b,4f53cda18c2baa0c0354bb5f9a3ecbe5ed12ab4d8e11ba873c2f11161202b945,100000.0,100000.0,True,100000.0,0.0
k40_r2_cs_raw_m1440,238,b6e5c9ce0c7a439db2f8e335c836cdc2bc075c7bd5d9585beb159bb63827d876,1,True,132,valid_as_recorded,True,,0,0,2.0,be4d6007e2a07838b98d0675723c52a4651cff4a90c2882178d87c6e5656cc2c,4f53cda18c2baa0c0354bb5f9a3ecbe5ed12ab4d8e11ba873c2f11161202b945,100000.0,100000.0,True,100000.0,0.0
k40_r2_cs_raw_m1440,239,ff7ca45c76debaac3aca6e07ec80bfd7210ac50e7b7ab47664ae6a72cec3061b,1,True,133,valid_as_recorded,True,,0,0,14.600000000000023,b9341a2c5cb407d2ab76aa263b3aab7b1f072356ce0b26f8db3b893f7759be99,4f53cda18c2baa0c0354bb5f9a3ecbe5ed12ab4d8e11ba873c2f11161202b945,100000.0,100000.0,True,100000.0,0.0
k40_r2_cs_raw_m1440,241,d050a2d97eab24249a8a8df9d88df1c3a379ed6b028a8d294821d7845ab279be,1,True,134,valid_as_recorded,True,,0,0,7.199999999999989,51a2b1610096b224193e74b07685deb23e8ccf8dc7f8d5d74e9b7e562af6c8de,4f53cda18c2baa0c0354bb5f9a3ecbe5ed12ab4d8e11ba873c2f11161202b945,100000.0,100000.0,True,100000.0,0.0
k40_r2_cs_raw_m1440,242,75f42157245e40b0cac9499cba3950f2e9f7ad8e84c795c70c9f43e90351fce9,1,True,135,valid_as_recorded,True,,0,0,12.199999999999989,258148ab18df5a816d7bec5dcede2355596b5cbc4111ac5ef7519d2056ca4db0,4f53cda18c2baa0c0354bb5f9a3ecbe5ed12ab4d8e11ba873c2f11161202b945,100000.0,100000.0,True,100000.0,0.0
k40_r2_cs_raw_m1440,243,6859824d386b7443af1d03ac0c8e3a762309e56663f6411e9b0d5cf3afbb4034,1,True,136,valid_as_recorded,True,,0,0,12.199999999999989,e9ac65418f96871fa80dba7c972af16ad0b64116eb9ec16e3e6063817b17957d,4f53cda18c2baa0c0354bb5f9a3ecbe5ed12ab4d8e11ba873c2f11161202b945,100000.0,100000.0,True,100000.0,0.0
k40_r2_cs_raw_m1440,245,909af4914299a60acb8a9235fda108484d583f06ea9b2ea53adae22c0107974f,1,True,137,valid_as_recorded,True,,0,0,12.199999999999989,d83bb05ba77a49bd180740bf8219bb02489cd1394b1d0e479379c1b99cb1fdaa,4f53cda18c2baa0c0354bb5f9a3ecbe5ed12ab4d8e11ba873c2f11161202b945,100000.0,100000.0,True,100000.0,0.0
k40_r2_cs_raw_m1440,247,3457f214d04506db74b8dd929e2303f98ad0a8c62c63aee2c1368baf881383d2,1,True,138,valid_as_recorded,True,,0,0,2.1999999999999886,c4f3702a068f81f8cab7962aa2c86e29900eb0e4f153f7cc627dd05aff412cd3,4f53cda18c2baa0c0354bb5f9a3ecbe5ed12ab4d8e11ba873c2f11161202b945,100000.0,100000.0,True,100000.0,0.0
k40_r2_cs_raw_m1440,250,890b173b647060ecfe60230029c386b98f469a1545c8da77df5a46781bad9986,1,True,139,valid_as_recorded,True,,0,0,12.199999999999989,8db0cb8be798e605889a56c440a8024010414edfff05528e9cb03f564950fa5a,4f53cda18c2baa0c0354bb5f9a3ecbe5ed12ab4d8e11ba873c2f11161202b945,100000.0,100000.0,True,100000.0,0.0
k40_r2_cs_raw_m1440,252,d62cec2cf733d7a15955a464b288e36844bb7b8a2ae0e3f24c5876b25501f5ad,1,True,140,valid_as_recorded,True,,0,0,2.0,b68a998a1423b8f03b358649d56c622b8b3af2f0ebacd24d16eb554051abd672,4f53cda18c2baa0c0354bb5f9a3ecbe5ed12ab4d8e11ba873c2f11161202b945,100000.0,100000.0,True,100000.0,0.0
k40_r2_cs_raw_m1440,254,e87650f29ec3d13018aa0256220e5c901440b0afadd298a2b8c138b2a72a53bd,1,True,141,valid_as_recorded,True,,0,0,7.199999999999989,972f4b9829211189d289bf5405c20e52ab1f9111096b9f68904ae8760364fc07,4f53cda18c2baa0c0354bb5f9a3ecbe5ed12ab4d8e11ba873c2f11161202b945,100000.0,100000.0,True,100000.0,0.0
k40_r2_cs_raw_m1440,256,8534a9c8fadb77f90fdbd15fc13097c3e8d2772a47a5add8b8329c46468c4b22,1,True,142,valid_as_recorded,True,,0,0,2.1999999999999886,7bb2eefc87958d36caff1a2411df94434dbaabba4694504cc4a8fa7c6e8e1ab6,4f53cda18c2baa0c0354bb5f9a3ecbe5ed12ab4d8e11ba873c2f11161202b945,100000.0,100000.0,True,100000.0,0.0
k40_r2_cs_raw_m1440,258,4ec308a86927b5455193f71ed63ddefb06069cc0575c2ad34e4899f6ba5abd05,1,True,143,valid_as_recorded,True,,0,0,12.199999999999989,49bea1477374c250a4984b79122aeba7a0d491f4e3a9a03917c738997d0b6de5,4f53cda18c2baa0c0354bb5f9a3ecbe5ed12ab4d8e11ba873c2f11161202b945,100000.0,100000.0,True,100000.0,0.0
k40_r2_cs_raw_m1440,259,d539b025f09be474d7229f89e1d39afc0a1f2f46526017e064299fdf2bb68c9a,1,True,144,valid_as_recorded,True,,0,0,9.199999999999989,01d31f1af912adff41ffbebc8804f4272026a08bdfa48f8ec03948a967480011,4f53cda18c2baa0c0354bb5f9a3ecbe5ed12ab4d8e11ba873c2f11161202b945,100000.0,100000.0,True,100000.0,0.0
k40_r2_cs_raw_m1440,261,52ff7563aef9cbf639666fe48417312cb9575ba1c60fca9b5d6a9996a3498232,1,True,145,valid_as_recorded,True,,0,0,12.199999999999989,1aa3ff108dc2c2c9bf993d69bfdebb6772d1b402b9a1b02c7ac7ac4ad3dec71d,4f53cda18c2baa0c0354bb5f9a3ecbe5ed12ab4d8e11ba873c2f11161202b945,100000.0,100000.0,True,100000.0,0.0
k40_r2_cs_raw_m1440,262,bf76a04f507c093def073b9e4d3ddf44bc780edec6117a39aa2020f86fcc129e,1,True,146,valid_as_recorded,True,,0,0,9.199999999999989,e53c9d5a37bf5f5928b232bfbd237a2c101c9822e65074f5583a802dc5b9d26b,4f53cda18c2baa0c0354bb5f9a3ecbe5ed12ab4d8e11ba873c2f11161202b945,100000.0,100000.0,True,100000.0,0.0
k40_r2_cs_raw_m1440,265,445d838f2ae9d7b6914f4416a0143b8e7946e7e2ee6c2e7f3c15e991501ad697,1,True,147,valid_as_recorded,True,,0,0,12.199999999999989,c36cd9847c62b19559ef6c058ac03bcc942f950e39fcbf7b9605ba20bdfafec3,4f53cda18c2baa0c0354bb5f9a3ecbe5ed12ab4d8e11ba873c2f11161202b945,100000.0,100000.0,True,100000.0,0.0
k40_r2_cs_raw_m1440,266,349a0efd3ee78f971edc3cd4ac8e3ada6d0a55f8c59b4d66d640694765d6a4e3,1,True,148,valid_as_recorded,True,,0,0,12.199999999999989,6a7db089ba35226878de6cf5a28219450878b47be12e8378b2e8a61e7ba7e66a,4f53cda18c2baa0c0354bb5f9a3ecbe5ed12ab4d8e11ba873c2f11161202b945,100000.0,100000.0,True,100000.0,0.0
k40_r2_cs_raw_m1440,267,16e09f807d786b8ffba20729549e8a053c7042a99cab151b5bfe476e9467cb36,1,True,149,valid_as_recorded,True,,0,0,12.199999999999989,42a29de3d1aab2d475973b1fe857111e764bcb4e995e7e4a0b63e1b39feb8cac,4f53cda18c2baa0c0354bb5f9a3ecbe5ed12ab4d8e11ba873c2f11161202b945,100000.0,100000.0,True,100000.0,0.0
k40_r2_cs_raw_m1440,268,1511ec54d7879acf436ce290465c5d1230adb8aa08023d3152f5c08806120fc3,1,True,150,valid_as_recorded,True,,0,0,2.0,443f439aa2b136f77bbe74c8f359293bcb0b1ac9382bade42f7b5b3543cb537d,4f53cda18c2baa0c0354bb5f9a3ecbe5ed12ab4d8e11ba873c2f11161202b945,100000.0,100000.0,True,100000.0,0.0
k40_r2_cs_raw_m1440,269,e533ee7560dcd02b2952c5e2cd518b97986ff4e44e702240ea20cd157100690f,1,True,151,valid_as_recorded,True,,0,0,14.600000000000023,7bda37c688f6b08d54a1719570739081ebf1ee2c86180376a6bd94018a51ce39,4f53cda18c2baa0c0354bb5f9a3ecbe5ed12ab4d8e11ba873c2f11161202b945,100000.0,100000.0,True,100000.0,0.0
k40_r2_cs_raw_m1440,273,1a8940bcaf390edb22aba1bbe3fbf9c652d9631d6e22df24000ebfc4b9ff7a70,1,True,152,valid_as_recorded,True,,0,0,2.1999999999999886,b5d46fba22e808ae2cc600811099596e685938c345945f267fc071ac00a54cbc,4f53cda18c2baa0c0354bb5f9a3ecbe5ed12ab4d8e11ba873c2f11161202b945,100000.0,100000.0,True,100000.0,0.0
k40_r2_cs_raw_m1440,276,c9d2866b536be8f4d4217bf834c3051b6ae9e5b9f451d3f15a576cb33cf61487,1,True,153,valid_as_recorded,True,,0,0,9.199999999999989,33deb815e156390b3e8deca903cc529c80eac8f13421fbf5304fb65a27d68ecd,4f53cda18c2baa0c0354bb5f9a3ecbe5ed12ab4d8e11ba873c2f11161202b945,100000.0,100000.0,True,100000.0,0.0
k40_r2_cs_raw_m1440,277,cf97669dd4e39881991ec517dcc3f617b8ceda6f850a6dca290440d582dc1cdd,1,True,154,valid_as_recorded,True,,0,0,7.199999999999989,3f41898d2199f95115ce1ada7c00e065282efd7ced252424538eea7806ace6fd,4f53cda18c2baa0c0354bb5f9a3ecbe5ed12ab4d8e11ba873c2f11161202b945,100000.0,100000.0,True,100000.0,0.0
k40_r2_cs_raw_m1440,278,2b71474ccee1013cc93de979ca99fd243838a566e29709a1f6ff08019cf97a47,1,True,155,valid_as_recorded,True,,0,0,7.399999999999977,dfab2d4088ee8894400b72a5bad210fc93eed236337325870318789a5fe6c394,4f53cda18c2baa0c0354bb5f9a3ecbe5ed12ab4d8e11ba873c2f11161202b945,100000.0,100000.0,True,100000.0,0.0
k40_r2_cs_raw_m1440,280,fae395f293903d4418445fe918f33708f92b4d1c89725a394acc739556f4e99e,1,True,156,valid_as_recorded,True,,0,0,12.199999999999989,c3031959ed4cb2770b025717a8ea7635bc105c09e77298fdb2d7bd0385f57120,4f53cda18c2baa0c0354bb5f9a3ecbe5ed12ab4d8e11ba873c2f11161202b945,100000.0,100000.0,True,100000.0,0.0
k40_r2_cs_raw_m1440,281,bd242f827d71b84fd5f16d056265f30255395e62d9fb51f77fbd9c8a1a77d3b6,1,True,157,valid_as_recorded,True,,0,0,12.199999999999989,6f510a4116d7476dfba251756b0c3d1a1b2268e83197ca89ebf4cee4bc56228d,4f53cda18c2baa0c0354bb5f9a3ecbe5ed12ab4d8e11ba873c2f11161202b945,100000.0,100000.0,True,100000.0,0.0
k40_r2_cs_raw_m1440,285,6d2f827b4b5d91d9c191f05253182af05df369118740991e521fa5735a35cd03,1,True,158,valid_as_recorded,True,,0,0,14.600000000000023,c61b79fb0456c5c1c48fd0673c21a245505a323b51dcde11d6c7e19225f86af4,4f53cda18c2baa0c0354bb5f9a3ecbe5ed12ab4d8e11ba873c2f11161202b945,100000.0,100000.0,True,100000.0,0.0
k40_r2_cs_raw_m1440,286,b77c0a8e1248932efa27094610e16438d542aae37d4a5b50414687e86655569b,1,True,159,valid_as_recorded,True,,0,0,7.199999999999989,931c551bc3de7ff05ebe54b7ccbdac510dcab78070969a3ff49acdf2eec1374e,4f53cda18c2baa0c0354bb5f9a3ecbe5ed12ab4d8e11ba873c2f11161202b945,100000.0,100000.0,True,100000.0,0.0
k40_r2_cs_raw_m1440,287,d2e7a58b547f38c8e458cc38bb8eb9b0ce73ff544a9fd878d92d1293ad3f1156,1,True,160,valid_as_recorded,True,,0,0,2.1999999999999886,6803bcbe5529d58a57c9c956f69db0db6c2f6c7c1d049008413421f2c5903a0b,4f53cda18c2baa0c0354bb5f9a3ecbe5ed12ab4d8e11ba873c2f11161202b945,100000.0,100000.0,True,100000.0,0.0
k40_r2_cs_raw_m1440,289,abfa6a273a0cb30a2f5073f39b778abf16e0071d130eceff27a613def6fe003e,1,True,161,valid_as_recorded,True,,0,0,12.199999999999989,0edb64398df72851f61b5041a232d1b6163cd347e6cd7b8141c4fc2a3d135d25,4f53cda18c2baa0c0354bb5f9a3ecbe5ed12ab4d8e11ba873c2f11161202b945,100000.0,100000.0,True,100000.0,0.0
k40_r2_cs_raw_m1440,290,4b0bd4012b04510be4ba412b0523bfd054693022e12fe3216b559243ff2e781a,1,True,162,valid_as_recorded,True,,0,0,2.0,5515eb4a47eb268da16c4489670122bb3795d6828c73b9ef287d389cf0a2f1db,4f53cda18c2baa0c0354bb5f9a3ecbe5ed12ab4d8e11ba873c2f11161202b945,100000.0,100000.0,True,100000.0,0.0
k40_r2_cs_raw_m1440,291,c50a8608e80439198ace93c1b629b20dfad1ca5bc3b22b2fbdac904f37ed01a5,1,True,163,valid_as_recorded,True,,0,0,12.199999999999989,8c99af30a71ae753fe331d26f482fdac58a330df8bc5d2959b2cfea57964f357,4f53cda18c2baa0c0354bb5f9a3ecbe5ed12ab4d8e11ba873c2f11161202b945,100000.0,100000.0,True,100000.0,0.0
k40_r2_cs_raw_m1440,293,c97dac19c5abfa20d66f844151ff72e5d7a90d498a226be70a655d078249c895,1,True,164,valid_as_recorded,True,,0,0,7.199999999999989,3b04e828f0ac7b54fad3d82e5c8cab3aa84288673516e70c03afa1978eab147f,4f53cda18c2baa0c0354bb5f9a3ecbe5ed12ab4d8e11ba873c2f11161202b945,100000.0,100000.0,True,100000.0,0.0
k40_r2_cs_raw_m1440,294,9306b075b48aa0954f8b0948e08703e648512038b7797c3ca951e0ae21370413,1,True,165,valid_as_recorded,True,,0,0,2.1999999999999886,c58444bb688ecb56789324502e910b47202779389fda7f2b3c93600747daf550,4f53cda18c2baa0c0354bb5f9a3ecbe5ed12ab4d8e11ba873c2f11161202b945,100000.0,100000.0,True,100000.0,0.0
k40_r2_cs_raw_m1440,296,f9b12b95ef3d785b8417784d44322b19173e1b78cd3902f14df443476d3d3fcd,1,True,166,valid_as_recorded,True,,0,0,12.199999999999989,9d7cacd48bfd9ced81a7ba9782685b1160fc2c8f53137555b30cfd857fbc94f7,4f53cda18c2baa0c0354bb5f9a3ecbe5ed12ab4d8e11ba873c2f11161202b945,100000.0,100000.0,True,100000.0,0.0
k40_r2_cs_raw_m1440,301,05669e290f548098adb09959bbe0e1153a7a8793f2696400162cce1c2a7db73d,1,True,167,valid_as_recorded,True,,0,0,7.399999999999977,d1e10627831079b589d540c3db22621c4e8c80633ef243293e6cbd0e000274e2,4f53cda18c2baa0c0354bb5f9a3ecbe5ed12ab4d8e11ba873c2f11161202b945,100000.0,100000.0,True,100000.0,0.0
k40_r2_cs_raw_m1440,303,c07c68403318d581948c58d7254271d3003ff74f5f725717ce40f5c92231c668,1,True,168,valid_as_recorded,True,,0,0,12.199999999999989,5be42146a8df7732f9ea078b7615d7d46137a297e38c64ac0de9cffb7934b53b,4f53cda18c2baa0c0354bb5f9a3ecbe5ed12ab4d8e11ba873c2f11161202b945,100000.0,100000.0,True,100000.0,0.0
k40_r2_cs_raw_m1440,305,7b88a4ff54bcd6caf7f7fc1550f127b29db417e45ff6acb07bfa55200c8e1c15,1,True,169,valid_as_recorded,True,,0,0,9.199999999999989,eed147d96ee06de6837a929a90b6ab92b907bad41a536b5acbe418cc442db46f,4f53cda18c2baa0c0354bb5f9a3ecbe5ed12ab4d8e11ba873c2f11161202b945,100000.0,100000.0,True,100000.0,0.0
k40_r2_cs_raw_m1440,308,0c80bf122ad15dd2b6434f9950411676665b8292894636cbc409660a92c96ff3,1,True,170,valid_as_recorded,True,,0,0,9.199999999999989,c251fc8990fdf9acaed55badc2bd2c6e3d9c01e8bd7cb502c5773fbfca087ecc,4f53cda18c2baa0c0354bb5f9a3ecbe5ed12ab4d8e11ba873c2f11161202b945,100000.0,100000.0,True,100000.0,0.0
k40_r2_cs_raw_m1440,311,22596bca93e765f82654b21bc56a2cf6a2dd1157597ab3c6c06e1e28de9bc12e,1,True,171,valid_as_recorded,True,,0,0,12.199999999999989,826a11edffdd24b6f1377389e605d74a13ccc5fd814f4a52c3619035e7288c24,4f53cda18c2baa0c0354bb5f9a3ecbe5ed12ab4d8e11ba873c2f11161202b945,100000.0,100000.0,True,100000.0,0.0
k40_r2_cs_raw_m1440,312,489df53deac344168a6fbf31163fe13bc9a4cfefcdb105736fa7d064c0141932,1,True,172,valid_as_recorded,True,,0,0,12.199999999999989,20814f1b23dc6d543a1e0c564a3c8767773accada89d9f6b6fe67800ae38eaef,4f53cda18c2baa0c0354bb5f9a3ecbe5ed12ab4d8e11ba873c2f11161202b945,100000.0,100000.0,True,100000.0,0.0
k40_r2_cs_raw_m1440,313,dd16e738f947ae5e783a2fa9385af81daf5247f2607de6a11645b5f65c8a603e,1,True,173,valid_as_recorded,True,,0,0,12.199999999999989,28057c361be2228678f5f5c5a80409f1e7186ecbf239fbb7edb69cb7525677da,4f53cda18c2baa0c0354bb5f9a3ecbe5ed12ab4d8e11ba873c2f11161202b945,100000.0,100000.0,True,100000.0,0.0
k40_r2_cs_raw_m1440,316,2ced0af971e698276f74ade36a11eaf5b8044278a4d4af2f46baa26d84b8a336,1,True,174,valid_as_recorded,True,,0,0,7.199999999999989,8d55fc43e42928d9988c4d906221c301cb3df5885cd4796a397bf601076c32a2,4f53cda18c2baa0c0354bb5f9a3ecbe5ed12ab4d8e11ba873c2f11161202b945,100000.0,100000.0,True,100000.0,0.0
k40_r2_cs_raw_m1440,317,ba8f7dda9ce928e5a5f8172bf59a0dff5c49daa238f9026986684b9419d675b5,1,True,175,valid_as_recorded,True,,0,0,2.1999999999999886,cab52b2a06840e094aec53692a5196ed17be0263b3466d30f53631b602ab05fe,4f53cda18c2baa0c0354bb5f9a3ecbe5ed12ab4d8e11ba873c2f11161202b945,100000.0,100000.0,True,100000.0,0.0
k40_r2_cs_raw_m1440,318,03859c8f695ed122ca029bbcd1f6a1079c670d51e4e920d94edb5583890199e9,1,True,176,valid_as_recorded,True,,0,0,3.3999999999999773,b0b93ad92e26a5c3da2dccb89494555c015591621e07da9774211661a4d41669,4f53cda18c2baa0c0354bb5f9a3ecbe5ed12ab4d8e11ba873c2f11161202b945,100000.0,100000.0,True,100000.0,0.0
k40_r2_cs_raw_m1440,319,8b6ddb95e9b4de94dfb45c1f6dcc785236817f4d9b304f94a4b151d0065a3c65,1,True,177,valid_as_recorded,True,,0,0,2.1999999999999886,252b317e2a610c0367e5295e0e617d44cc1253f7e4916b8911354e099e03a8e1,4f53cda18c2baa0c0354bb5f9a3ecbe5ed12ab4d8e11ba873c2f11161202b945,100000.0,100000.0,True,100000.0,0.0
k40_r2_cs_raw_m1440,322,cd0455040fbc946056fd2052d80ef8130fb1e90346af7d6dafd12f2536f9cc7f,1,True,178,valid_as_recorded,True,,0,0,9.199999999999989,8d69473457f90f3be8cb705835c41bf5ab487ef59e290b30eeebb772118d41dd,4f53cda18c2baa0c0354bb5f9a3ecbe5ed12ab4d8e11ba873c2f11161202b945,100000.0,100000.0,True,100000.0,0.0
k40_r2_cs_raw_m1440,324,5b51ff5456563d5701190eafbf612fd0a7722ba0f264adf530120e1b8dea8076,1,True,179,valid_as_recorded,True,,0,0,7.399999999999977,f177cbedea7a1360ee536380bd44bc316752708419148b0f4a96030919fd8eea,4f53cda18c2baa0c0354bb5f9a3ecbe5ed12ab4d8e11ba873c2f11161202b945,100000.0,100000.0,True,100000.0,0.0
k40_r2_cs_raw_m1440,325,6d8c2eee56c8ae1181a0aa86608c03890323fdd0713d9ee40eb9e4f6fc46e53c,1,True,180,valid_as_recorded,True,,0,0,12.199999999999989,d65eef6f3b6fbda6e45b24a5fa3ce426ae72bd384703423f1dd2d8d7df70e5e4,4f53cda18c2baa0c0354bb5f9a3ecbe5ed12ab4d8e11ba873c2f11161202b945,100000.0,100000.0,True,100000.0,0.0
k40_r2_cs_raw_m1440,326,1b07684c0d730502334f5b2af2c2d1e124cbe31da3cf117b931c407cedf5971a,1,True,181,valid_as_recorded,True,,0,0,12.199999999999989,0ff365731304d3b85dc75efd96649ee38808c17e36e7d94d4affe5a3fe9ff0c3,4f53cda18c2baa0c0354bb5f9a3ecbe5ed12ab4d8e11ba873c2f11161202b945,100000.0,100000.0,True,100000.0,0.0
k40_r2_cs_raw_m1440,327,ecb663bc37a643e4b4cc7e440cc16ceade6142b5f17519d9b585e140dac724e3,1,True,182,valid_as_recorded,True,,0,0,12.199999999999989,1db253d8b105e3dc12e205bba8718e7c700281205dbb8402acfc2dc5f172beae,4f53cda18c2baa0c0354bb5f9a3ecbe5ed12ab4d8e11ba873c2f11161202b945,100000.0,100000.0,True,100000.0,0.0
k40_r2_cs_raw_m1440,329,e48405023af348c76750b51037b6d702267a2583d6003d36219e55fabbb1113a,1,True,183,valid_as_recorded,True,,0,0,9.199999999999989,6f4e0d4bd677938e9f0159532259a997e5b8ec870205a56449b74a9db58de3f5,4f53cda18c2baa0c0354bb5f9a3ecbe5ed12ab4d8e11ba873c2f11161202b945,100000.0,100000.0,True,100000.0,0.0
k40_r2_cs_raw_m1440,330,51ef4440bfe6aa87ed4aa6cfd394bd1e5139f7bcb57324c29c6ff8fd888538d9,1,True,184,valid_as_recorded,True,,0,0,2.0,486ed6832b2a4726e727b361b4c816d75e5f68b2b8107c2908d06ec4a9e0c040,4f53cda18c2baa0c0354bb5f9a3ecbe5ed12ab4d8e11ba873c2f11161202b945,100000.0,100000.0,True,100000.0,0.0
k40_r2_cs_raw_m1440,332,8cca1622d322cf0ee2b88709a64b8fd578bf5f7acea06eb1b3f153bc856337bb,1,True,185,valid_as_recorded,True,,0,0,7.199999999999989,3f5e775c21e75ba4eee67d21618456698b737b66da3079b4eac9ded48a6f147e,4f53cda18c2baa0c0354bb5f9a3ecbe5ed12ab4d8e11ba873c2f11161202b945,100000.0,100000.0,True,100000.0,0.0
k40_r2_cs_raw_m1440,334,eb0cbd80c9d037086ac01b602dce1f4cd86554342fce0c32c517a0c1d9ea2377,1,True,186,valid_as_recorded,True,,0,0,12.199999999999989,4309e2060f6812766bc24067f49a5099c9400174c94352d56235b7f3b21227f3,4f53cda18c2baa0c0354bb5f9a3ecbe5ed12ab4d8e11ba873c2f11161202b945,100000.0,100000.0,True,100000.0,0.0
k40_r2_cs_raw_m1440,335,6ceb222c800d60cf644a8f743b25d5fd0724bde218fce51a010336923257a0c0,1,True,187,valid_as_recorded,True,,0,0,12.199999999999989,bfadf87fffb837a400d27bc5bdd9f1c608b300fddbd85abe79ab7fab14c9cd99,4f53cda18c2baa0c0354bb5f9a3ecbe5ed12ab4d8e11ba873c2f11161202b945,100000.0,100000.0,True,100000.0,0.0
k40_r2_cs_raw_m1440,336,ed33626667d6a9378e8c0e2122611266ce7402daffacf27f7635a86d87c98696,1,True,188,valid_as_recorded,True,,0,0,2.0,193740433cc5a1970ff913004be6856c3a9320f01172522e215b1abe4d28647c,4f53cda18c2baa0c0354bb5f9a3ecbe5ed12ab4d8e11ba873c2f11161202b945,100000.0,100000.0,True,100000.0,0.0
k40_r2_cs_raw_m1440,337,cd364d65c2eb6dd1fbc690449978255dbce4a68475ba0da005c68287ef3f5fd8,1,True,189,valid_as_recorded,True,,0,0,12.199999999999989,a4985344581b6daeb6a17f2194264f41cdfd7fdefa0a6e5fd2840c28ee4a1793,4f53cda18c2baa0c0354bb5f9a3ecbe5ed12ab4d8e11ba873c2f11161202b945,100000.0,100000.0,True,100000.0,0.0
k40_r2_cs_raw_m1440,340,e95fcee2c55fa7d9a11cf19c34b5432ff5414cd4457f5e554de3da8404d14c81,1,True,190,valid_as_recorded,True,,0,0,2.1999999999999886,01649e369e87bd3cd007479acbf40848773feffb43908d3f9533b3901d5e6c0d,4f53cda18c2baa0c0354bb5f9a3ecbe5ed12ab4d8e11ba873c2f11161202b945,100000.0,100000.0,True,100000.0,0.0
k40_r2_cs_raw_m1440,341,02f25b1ebbe28ca0aa3c1cec8e6823601d5a808a230187896739df79aed62474,1,True,191,valid_as_recorded,True,,0,0,3.3999999999999773,491a160ba45e418b5802b8b72fcdf1981bbc111cb54f814f7c60b90a0f443f32,4f53cda18c2baa0c0354bb5f9a3ecbe5ed12ab4d8e11ba873c2f11161202b945,100000.0,100000.0,True,100000.0,0.0
k40_r2_cs_raw_m1440,342,9852955b95c6fc3edc790993e5e38f284e0f13fb9a936cfe4bcd9695e7f948bf,1,True,192,valid_as_recorded,True,,0,0,12.199999999999989,0163154a0514c5e125c42d761af0810b7dcbfaae8e97a868f818b51aa57c9d92,4f53cda18c2baa0c0354bb5f9a3ecbe5ed12ab4d8e11ba873c2f11161202b945,100000.0,100000.0,True,100000.0,0.0
k40_r2_cs_raw_m1440,345,ea284860ffb03631c522f50725d36b5c3acce34ccf1f39997601bd288befec59,1,True,193,valid_as_recorded,True,,0,0,14.600000000000023,0b60d0ba55aee3ecc9ebc5de780c82118841f6a96e2dbbb6f82cfc2b394f6689,4f53cda18c2baa0c0354bb5f9a3ecbe5ed12ab4d8e11ba873c2f11161202b945,100000.0,100000.0,True,100000.0,0.0
k40_r2_cs_raw_m1440,346,ab2a02fd11e0f0dbc6a353d3180933fdc740e643fc226dd315aa6d255b72f1f1,1,True,194,valid_as_recorded,True,,0,0,7.199999999999989,8a38575908f774516bdfa20c884d54c174de0b2351f16d5518b47fa60b322cd5,4f53cda18c2baa0c0354bb5f9a3ecbe5ed12ab4d8e11ba873c2f11161202b945,100000.0,100000.0,True,100000.0,0.0
k40_r2_cs_raw_m1440,347,9cfaf2ad91fd1dc5ff5510150d74629b586681fa5cdfffd2e033315a0c748d10,1,True,195,valid_as_recorded,True,,0,0,7.399999999999977,876411daea228a0e95be9bba888f5ab17e15719ff137aa0c689e8c4114ea1cc0,4f53cda18c2baa0c0354bb5f9a3ecbe5ed12ab4d8e11ba873c2f11161202b945,100000.0,100000.0,True,100000.0,0.0
k40_r2_cs_raw_m1440,349,3e984d5afc6dde6ef21d258f809d76155f9955b0bf4d1083fb78de0a75fc27fe,1,True,196,valid_as_recorded,True,,0,0,12.199999999999989,31dbd6cba9d92df14ab20db2dbcef78a5087968cd34b192ed5a30a482678af53,4f53cda18c2baa0c0354bb5f9a3ecbe5ed12ab4d8e11ba873c2f11161202b945,100000.0,100000.0,True,100000.0,0.0
k40_r2_cs_raw_m1440,352,ae55777e667755cd0918696b24f8c75bac2a1f73cb5184a2428cdd84596a7760,1,True,197,valid_as_recorded,True,,0,0,2.0,0447ab3f10a337b3471fcdd045b5e93b11bcadcfc82b941b1942589c0a9c5e11,4f53cda18c2baa0c0354bb5f9a3ecbe5ed12ab4d8e11ba873c2f11161202b945,100000.0,100000.0,True,100000.0,0.0
k40_r2_cs_raw_m1440,353,fe02d9e6bdc1ea1e31e4946692e69dd3b4760dd9b142cc20c22506a68464be5e,1,True,198,valid_as_recorded,True,,0,0,12.199999999999989,aa20cfbac841ef9258b7a4bd1bbea195bb5bf6c9e73e8fe727b3e48fddb97a97,4f53cda18c2baa0c0354bb5f9a3ecbe5ed12ab4d8e11ba873c2f11161202b945,100000.0,100000.0,True,100000.0,0.0
k40_r2_cs_raw_m1440,354,5fe177dc661b566c680fd16cfd1bf520be3923c07a887c26cfb8fed0d2e13f50,1,True,199,valid_as_recorded,True,,0,0,9.199999999999989,4a44f7909c5adfba3ac5d0ea31436c40f535d893f1abb14bf42f7417bf294ddd,4f53cda18c2baa0c0354bb5f9a3ecbe5ed12ab4d8e11ba873c2f11161202b945,100000.0,100000.0,True,100000.0,0.0
k40_r2_cs_raw_m1440,356,2d1059c0cae9804e09d130a2876992948f49511a179643df7f60fa9eb3c9639a,1,True,200,valid_as_recorded,True,,0,0,12.199999999999989,8d2b36e18266a716a7799d9e26769b50bac582fe5a3eddeda3c3844599b834a9,4f53cda18c2baa0c0354bb5f9a3ecbe5ed12ab4d8e11ba873c2f11161202b945,100000.0,100000.0,True,100000.0,0.0
k40_r2_cs_raw_m1440,358,66644a224b22542e92ba04607e4f002a6412bc524102f598cbedbb2ca645bffb,1,True,201,valid_as_recorded,True,,0,0,12.199999999999989,28f62a7af973ad356c939f07fe0826fcd5b467d7d658cc6c7500c41342e37cdc,4f53cda18c2baa0c0354bb5f9a3ecbe5ed12ab4d8e11ba873c2f11161202b945,100000.0,100000.0,True,100000.0,0.0
k40_r2_cs_raw_m1440,359,78193439ad746f0518af68dd84f37dc0d0b0f0bc3b17995c0347f1196ffd3889,1,True,202,valid_as_recorded,True,,0,0,12.199999999999989,23938e6291c91bc3239e3b1b3e09b50156d88dbb112447f465f69e2354afdefd,4f53cda18c2baa0c0354bb5f9a3ecbe5ed12ab4d8e11ba873c2f11161202b945,100000.0,100000.0,True,100000.0,0.0
k40_r2_cs_raw_m1440,360,5774d6b43ef3d02c49eb8ad3e5a5225931d14fcfa36cef6097a12227a7fe09d9,1,True,203,valid_as_recorded,True,,0,0,2.0,e763d4122fb0dc9247543ca3f7f54596e54976f7eae3f8556cacc4a24c735b69,4f53cda18c2baa0c0354bb5f9a3ecbe5ed12ab4d8e11ba873c2f11161202b945,100000.0,100000.0,True,100000.0,0.0
k40_r2_cs_raw_m1440,364,0139766822724c9da9d3b353676649ab1eb09361f2f0a0e4888109a1232c1c33,1,True,204,valid_as_recorded,True,,0,0,3.3999999999999773,f3e12aa40317854d0d996adc7c5164126f0efa70e1d0ae5f285ad4331fd8c6b2,4f53cda18c2baa0c0354bb5f9a3ecbe5ed12ab4d8e11ba873c2f11161202b945,100000.0,100000.0,True,100000.0,0.0
k40_r2_cs_raw_m1440,365,ed1d39dc4648eed147e912c9dfaf34a87f0282ed21e6504e1cc7f58071b1c336,1,True,205,valid_as_recorded,True,,0,0,2.1999999999999886,e6c13c63bb3c432957d64fe94ab64cc8538adf80ab574057af217c029c6fac53,4f53cda18c2baa0c0354bb5f9a3ecbe5ed12ab4d8e11ba873c2f11161202b945,100000.0,100000.0,True,100000.0,0.0
k40_r2_cs_raw_m1440,367,b495b5f3baf55dc76b89d779934ccdba89dfd45a06f4e9179388eb323b5c2f4e,1,True,206,valid_as_recorded,True,,0,0,12.199999999999989,4f383f4812885d8f1127eff0c447b7173976a1a62cf64f539dc1eaa0b1508a13,4f53cda18c2baa0c0354bb5f9a3ecbe5ed12ab4d8e11ba873c2f11161202b945,100000.0,100000.0,True,100000.0,0.0
k40_r2_cs_raw_m1440,370,addcab36246719cd0568a2ecfdc6754863ac854f6c77ddc0de4b536b6ece8c37,1,True,207,valid_as_recorded,True,,0,0,7.399999999999977,b373ba4edbc9ed01a0029fb743dc0d46b395b57352bdf9d828ecc4f43eeeca51,4f53cda18c2baa0c0354bb5f9a3ecbe5ed12ab4d8e11ba873c2f11161202b945,100000.0,100000.0,True,100000.0,0.0
k40_r2_cs_raw_m1440,372,17e08f55e548c995ac81a87f1da1157e774a55857444bf8e360b3da488d1a932,1,True,208,valid_as_recorded,True,,0,0,12.199999999999989,17c0b544223703e5cebbd46e31a655be2b6c0c1195c21f8890ede6e5e8fbf756,4f53cda18c2baa0c0354bb5f9a3ecbe5ed12ab4d8e11ba873c2f11161202b945,100000.0,100000.0,True,100000.0,0.0
k40_r2_cs_raw_m1440,376,ba9aee356b0ee01031b3af718012a11dd402ce710be4619f0b0236908c118d77,1,True,209,valid_as_recorded,True,,0,0,2.0,08f1b3f7b60990e6570f5a4c5d620f50c3fd4f0e04b9627edc3bcd9046341fbc,4f53cda18c2baa0c0354bb5f9a3ecbe5ed12ab4d8e11ba873c2f11161202b945,100000.0,100000.0,True,100000.0,0.0
k40_r2_cs_raw_m1440,379,aa4f6273907e5d0fd90b1d4e3818afe978a5d85be3203b3430420dbec7a7f89b,1,True,210,valid_as_recorded,True,,0,0,2.1999999999999886,8f82d99e9d11d7e7e572c39ba57e65d8e7c8b39c9372f65d4bea667c4676ea27,4f53cda18c2baa0c0354bb5f9a3ecbe5ed12ab4d8e11ba873c2f11161202b945,100000.0,100000.0,True,100000.0,0.0
k40_r2_cs_raw_m1440,380,c55b14b6265db256a6b8550e60b1f12084fa68624aa88b35a8e41085f40d700f,1,True,211,valid_as_recorded,True,,0,0,12.199999999999989,14909661fa5cf25150cb71454c7781b4cc73b87a8f69a302d03bc4d2806e9723,4f53cda18c2baa0c0354bb5f9a3ecbe5ed12ab4d8e11ba873c2f11161202b945,100000.0,100000.0,True,100000.0,0.0
k40_r2_cs_raw_m1440,381,f488bca4fd414f4119b04e11f3917458a69bdef62dc9287e86fea908cde25939,1,True,212,valid_as_recorded,True,,0,0,12.199999999999989,ae40820af078e3915ea0fec2f83d9bf1fe5b0265bd38a010a81d7fccea3c725c,4f53cda18c2baa0c0354bb5f9a3ecbe5ed12ab4d8e11ba873c2f11161202b945,100000.0,100000.0,True,100000.0,0.0
k40_r2_cs_raw_m1440,384,ddedbe478a7d1f5a7a59a5e892903b18e7984c432407f6dd16aab3434327d096,1,True,213,valid_as_recorded,True,,0,0,9.199999999999989,d05f1fee371b90d8ce92a8a4ddd285c5b258bf37b57adbd61a3e0c75c62dbad5,4f53cda18c2baa0c0354bb5f9a3ecbe5ed12ab4d8e11ba873c2f11161202b945,100000.0,100000.0,True,100000.0,0.0
k40_r2_cs_raw_m1440,385,25a193ea844c0ee27fabbf2ae4512ac67ab5a61e46425f67064e6bf8a6acef4a,1,True,214,valid_as_recorded,True,,0,0,7.199999999999989,948d55538b58294b077be548e45b0815e36a24f26e9a8e9ac7589bcda5891f73,4f53cda18c2baa0c0354bb5f9a3ecbe5ed12ab4d8e11ba873c2f11161202b945,100000.0,100000.0,True,100000.0,0.0
k40_r2_cs_raw_m1440,386,a64ab97a248cc6512ade7c4b3e626120a0cb3ff669faf34e66a6d7be2cb0a0c4,1,True,215,valid_as_recorded,True,,0,0,2.1999999999999886,63fa450932d7a9df83f8d169dec7e3f5ccc7164943fb714c97d59c617454c39e,4f53cda18c2baa0c0354bb5f9a3ecbe5ed12ab4d8e11ba873c2f11161202b945,100000.0,100000.0,True,100000.0,0.0
k40_r2_cs_raw_m1440,387,d68cf305781b970c547d13562f354e624a5d0ca883efea05ab84b20892e97382,1,True,216,valid_as_recorded,True,,0,0,3.3999999999999773,aac53ef64fa256bae64335e5e0ff6231e60a27cb0ff986554e18147f68464767,4f53cda18c2baa0c0354bb5f9a3ecbe5ed12ab4d8e11ba873c2f11161202b945,100000.0,100000.0,True,100000.0,0.0
k40_r2_cs_raw_m1440,388,99c48f07cee3e853da36402aa66bbfc7150c5d04b11a0967ebeb9ebd0aabbef9,1,True,217,valid_as_recorded,True,,0,0,9.199999999999989,4c018c090ce5abe7be74f45104231133b718846f972221f07e37322e492aeae6,4f53cda18c2baa0c0354bb5f9a3ecbe5ed12ab4d8e11ba873c2f11161202b945,100000.0,100000.0,True,100000.0,0.0
k40_r2_cs_raw_m1440,390,588bd9544cef697adb14a709843fbf6f1343086514c04a5f30b57fc7d4987c33,1,True,218,valid_as_recorded,True,,0,0,12.199999999999989,dc8e2f9fb327ff44c9f7dfc9c32018042cca9aba2e1d852186bc1db318e92ddb,4f53cda18c2baa0c0354bb5f9a3ecbe5ed12ab4d8e11ba873c2f11161202b945,100000.0,100000.0,True,100000.0,0.0
k40_r2_cs_raw_m1440,391,31e072d5becc5d000d93b340f9acfbfeda7fa41157f154d2ba4f9608263589b9,1,True,219,valid_as_recorded,True,,0,0,2.0,b5ab6e0fccce65d2917d8f2a8f268ad0f009654311567fc1d694aeb599e118f5,4f53cda18c2baa0c0354bb5f9a3ecbe5ed12ab4d8e11ba873c2f11161202b945,100000.0,100000.0,True,100000.0,0.0
k40_r2_cs_raw_m1440,392,1a822841ad9a52e02faff523c231846f3b682f129f458d2ffa986c7d97f3f040,1,True,220,valid_as_recorded,True,,0,0,14.600000000000023,9f82b4d34c2e92110653f89195dafa40caf36e578393ec38dea70d1775e4043b,4f53cda18c2baa0c0354bb5f9a3ecbe5ed12ab4d8e11ba873c2f11161202b945,100000.0,100000.0,True,100000.0,0.0
k40_r2_cs_raw_m1440,394,8721a7ad09e5905530e748459ae069b835a3586b932372d2b00bfb79611017d5,1,True,221,valid_as_recorded,True,,0,0,7.399999999999977,7376d9e8070296995295af1a2ab728bfa472376b0c306b443e50e6b2a514694d,4f53cda18c2baa0c0354bb5f9a3ecbe5ed12ab4d8e11ba873c2f11161202b945,100000.0,100000.0,True,100000.0,0.0
k40_r2_cs_raw_m1440,396,31296ff2dc410b4f296b4dab0f5f974e326f67dc475ed5dfa9a8ab4c9a3fc126,1,True,222,valid_as_recorded,True,,0,0,12.199999999999989,0203bd572ae3ae143424b7d405e3810aad2250b9d24e0638323507cb0ba30606,4f53cda18c2baa0c0354bb5f9a3ecbe5ed12ab4d8e11ba873c2f11161202b945,100000.0,100000.0,True,100000.0,0.0
k40_r2_cs_raw_m1440,397,c5ca45c278ce8a1e6d3bc42c37f2ac70956e4b1b9af867611f6e99102838df70,1,True,223,valid_as_recorded,True,,0,0,12.199999999999989,bc4ed14ca7204d9837027d7e8f17843c538109a9f9306189ceed6385a6a037e8,4f53cda18c2baa0c0354bb5f9a3ecbe5ed12ab4d8e11ba873c2f11161202b945,100000.0,100000.0,True,100000.0,0.0
k40_r2_cs_raw_m1440,399,ca43e5898db3df479511506e68fd306eee10668973f813d23bc12d18385fce19,1,True,224,valid_as_recorded,True,,0,0,12.199999999999989,217181df3676d8449b26f8b11f090cc6f7d7c226cbe0af2d44fcf894ebbfe599,4f53cda18c2baa0c0354bb5f9a3ecbe5ed12ab4d8e11ba873c2f11161202b945,100000.0,100000.0,True,100000.0,0.0
k40_r2_cs_raw_m1440,400,ce1b2d54d6160a363cd4c213050d735da7d236064055e03cc3ee6415c49b4b31,1,True,225,valid_as_recorded,True,,0,0,9.199999999999989,69e4dc97d049754aed2101c5d0140f5364f2f65fe14b7a88dd91bf2481b5b3ae,4f53cda18c2baa0c0354bb5f9a3ecbe5ed12ab4d8e11ba873c2f11161202b945,100000.0,100000.0,True,100000.0,0.0
k40_r2_cs_raw_m1440,402,9fa51febbaeb13f7a8f3403c0410c791bc0558397170ec91106e92afa581357e,1,True,226,valid_as_recorded,True,,0,0,2.1999999999999886,e9d661cc11513e9f629d3b85c70b1e83fa6b8cdd72afd8394d392999884ddd0b,4f53cda18c2baa0c0354bb5f9a3ecbe5ed12ab4d8e11ba873c2f11161202b945,100000.0,100000.0,True,100000.0,0.0
k40_r2_cs_raw_m1440,403,99833c88a73da336af2b6c15cc4fe1ff121ba800b0e3b54ad3446cadf843dffb,1,True,227,valid_as_recorded,True,,0,0,9.199999999999989,5bea3cdf1a9a2ebff4ba78541ea8f7815380bed992ae43b1bdf8f5239ef28623,4f53cda18c2baa0c0354bb5f9a3ecbe5ed12ab4d8e11ba873c2f11161202b945,100000.0,100000.0,True,100000.0,0.0
k40_r2_cs_raw_m1440,404,81cb75afe4dbdf3283e91a9ae59d7e223851d27ae81c1c4c37047e7e368fd561,1,True,228,valid_as_recorded,True,,0,0,12.199999999999989,3c6358443c5de3d4470d279fd3bc3b28c9af3c79757b6c2709d62898cce4de3e,4f53cda18c2baa0c0354bb5f9a3ecbe5ed12ab4d8e11ba873c2f11161202b945,100000.0,100000.0,True,100000.0,0.0
k40_r2_cs_raw_m1440,406,a002f5b0afc9f604b0f6e8439cb9a1ea4b2961824f853a937d352c314de5d80c,1,True,229,valid_as_recorded,True,,0,0,12.199999999999989,d1fe314d71c3c37e6a4f2bc851c8264a88e59996122c9dc6d4b63d5a077cd56c,4f53cda18c2baa0c0354bb5f9a3ecbe5ed12ab4d8e11ba873c2f11161202b945,100000.0,100000.0,True,100000.0,0.0
k40_r2_cs_raw_m1440,408,9cca27961ffd96fbeb36ea55448df99301428f2138b252aef0910c4fc49b157b,1,True,230,valid_as_recorded,True,,0,0,2.0,0e55ad93fd408129398ecb457af7896dad936035c821aa06d91fbc951a988d96,4f53cda18c2baa0c0354bb5f9a3ecbe5ed12ab4d8e11ba873c2f11161202b945,100000.0,100000.0,True,100000.0,0.0
k40_r2_cs_raw_m1440,410,730950c0215a2f4126bae71b22eae8521214998687fc7d72f15bb1d8c23d3836,1,True,231,valid_as_recorded,True,,0,0,7.199999999999989,3fc5e4cc3f254a302ae56cde56be40fa1e4258977703b995e62d550a3ed9f29b,4f53cda18c2baa0c0354bb5f9a3ecbe5ed12ab4d8e11ba873c2f11161202b945,100000.0,100000.0,True,100000.0,0.0
k40_r2_cs_raw_m1440,411,628a546099b51a7bf90593d9a9a64cd7089d62a0e5f5ed20a6072d2e1005d048,1,True,232,valid_as_recorded,True,,0,0,3.3999999999999773,7f05b2514d355e409253fb96f2dec4baf587e0c3a92054eb7cbe359bb508a18a,4f53cda18c2baa0c0354bb5f9a3ecbe5ed12ab4d8e11ba873c2f11161202b945,100000.0,100000.0,True,100000.0,0.0
k40_r2_cs_raw_m1440,412,3bd76d9e11e46c245c6420b1c1ad67bc2f131a9dd6ab544df0e8ecec1a502244,1,True,233,valid_as_recorded,True,,0,0,2.1999999999999886,581213f658fff587d7d8a3fb7b28e8ed2a94adb89a35d5604063c3017f8f5c29,4f53cda18c2baa0c0354bb5f9a3ecbe5ed12ab4d8e11ba873c2f11161202b945,100000.0,100000.0,True,100000.0,0.0
k40_r2_cs_raw_m1440,413,84b094214f37a0a4f7fc7108b95ecdab3da75999291e8bc414f74879cd03c1db,1,True,234,valid_as_recorded,True,,0,0,12.199999999999989,79b1dde1cbab54c7595a3b8f79afe98647a5e37dc29eff4f025d0a068916a9c6,4f53cda18c2baa0c0354bb5f9a3ecbe5ed12ab4d8e11ba873c2f11161202b945,100000.0,100000.0,True,100000.0,0.0
k40_r2_cs_raw_m1440,414,0c166b56923c9d438335d9199c1adc006a3fa3b08b13f37b363464f18d12e959,1,True,235,valid_as_recorded,True,,0,0,12.199999999999989,9742a1d98c7db0e4e01d4b2cf1913f71fb48eb5ab2d438a1d4269aaaa493ca4b,4f53cda18c2baa0c0354bb5f9a3ecbe5ed12ab4d8e11ba873c2f11161202b945,100000.0,100000.0,True,100000.0,0.0
k40_r2_cs_raw_m1440,415,95c44f969b5afe43d4a08e14845ea9c0f55ff21eb132e816da40b2e28f5ee376,1,True,236,valid_as_recorded,True,,0,0,12.199999999999989,57a34f7e13d20b3c110eaf1ef8e39efe53c10a1446a7a608764c653439ed21cb,4f53cda18c2baa0c0354bb5f9a3ecbe5ed12ab4d8e11ba873c2f11161202b945,100000.0,100000.0,True,100000.0,0.0
k40_r2_cs_raw_m1440,418,8ccd89091bd6cab258e1d4983b9f836a5c6d06e74a7d992025d0f7e97fa83617,1,True,237,valid_as_recorded,True,,0,0,7.199999999999989,6399e05535fb35cae580570ab92603fd080bd3bb309fe578415bf5cf28d8ad74,4f53cda18c2baa0c0354bb5f9a3ecbe5ed12ab4d8e11ba873c2f11161202b945,100000.0,100000.0,True,100000.0,0.0
k40_r2_cs_raw_m1440,421,a23c8127675543347eeec25ab82a828a7b539061dbb9ac8ba50e66dc84b38abd,1,True,238,valid_as_recorded,True,,0,0,9.199999999999989,20c3e97ecaae83a18b746988445492faffcfb483abc1a2e56a622d9df3c43dd5,4f53cda18c2baa0c0354bb5f9a3ecbe5ed12ab4d8e11ba873c2f11161202b945,100000.0,100000.0,True,100000.0,0.0
k40_r2_cs_raw_m1440,423,d11caadc73d8719b2959b305294c915b3f4d1254d6bf8d64c52faee0a81fac20,1,True,239,valid_as_recorded,True,,0,0,12.199999999999989,aa8196d11a5bdbf6e89d970bd7fb7550fd91b6e42d2b779a2d0b37e3b44c86b8,4f53cda18c2baa0c0354bb5f9a3ecbe5ed12ab4d8e11ba873c2f11161202b945,100000.0,100000.0,True,100000.0,0.0
k40_r2_cs_raw_m1440,425,0c3ca502b1f19b18aa1ee4334f1974b2f51428733d1c8ecafcc297f77d6ea74b,1,True,240,valid_as_recorded,True,,0,0,14.600000000000023,8ce94a0e9e0f059cb6ea69f0b9295181cd444e3a2beb3169b3261a72028e71bd,4f53cda18c2baa0c0354bb5f9a3ecbe5ed12ab4d8e11ba873c2f11161202b945,100000.0,100000.0,True,100000.0,0.0
k40_r2_cs_raw_m1440,426,1a7362c8c18bc78a4b20952fc7593a56cdb89a204300a96c92b3915f6a52fc87,1,True,241,valid_as_recorded,True,,0,0,7.199999999999989,aaaececb61b6feeda4f2cb6997376235549d3111c713d05afb01b04ac04aac86,4f53cda18c2baa0c0354bb5f9a3ecbe5ed12ab4d8e11ba873c2f11161202b945,100000.0,100000.0,True,100000.0,0.0
k40_r2_cs_raw_m1440,429,ed135ef7f995631a6cc523d2b245e8f49151427b0fb92bf10c450cf77e14a59c,1,True,242,valid_as_recorded,True,,0,0,12.199999999999989,12696d7c0efee0000a24c814811b682cb731a4d2d1044713b2b9489dd134119d,4f53cda18c2baa0c0354bb5f9a3ecbe5ed12ab4d8e11ba873c2f11161202b945,100000.0,100000.0,True,100000.0,0.0
k40_r2_cs_raw_m1440,430,a4deae50c122c303613433ccacec1be9ece984b2f4d9d8371600254def5f5076,1,True,243,valid_as_recorded,True,,0,0,12.199999999999989,20d28996bc927c5a45d9ebcdaa09283469f0820d8bed6d8d8630e658e23467a5,4f53cda18c2baa0c0354bb5f9a3ecbe5ed12ab4d8e11ba873c2f11161202b945,100000.0,100000.0,True,100000.0,0.0
k40_r2_cs_raw_m1440,432,3c0a87fd761ac8f8fac7418c73ad5a4215df4dfdbc1b76a98987eda29c24e537,1,True,244,valid_as_recorded,True,,0,0,2.0,5d9b5e641d26985d38c216540037c620acb220f92f2576b53fd18e29689fbae6,4f53cda18c2baa0c0354bb5f9a3ecbe5ed12ab4d8e11ba873c2f11161202b945,100000.0,100000.0,True,100000.0,0.0
k40_r2_cs_raw_m1440,433,0c2def4fac4f9c8e7db1935bc67db2f4277686537a144183be62226ed37e2f81,1,True,245,valid_as_recorded,True,,0,0,9.199999999999989,f77d4cc1e6aa005b32084050877efa023eeff2f97342657570ab4c1b197a09c9,4f53cda18c2baa0c0354bb5f9a3ecbe5ed12ab4d8e11ba873c2f11161202b945,100000.0,100000.0,True,100000.0,0.0
k40_r2_cs_raw_m1440,435,7411f78c45a462cdc72330cf5a76b4d910754de0712c4f72d4e2696cd7cd7c22,1,True,246,valid_as_recorded,True,,0,0,7.199999999999989,6eb58fcf21f10bdbf94a878b05349cdcb65394dc57858971701f1c20420dace2,4f53cda18c2baa0c0354bb5f9a3ecbe5ed12ab4d8e11ba873c2f11161202b945,100000.0,100000.0,True,100000.0,0.0
k40_r2_cs_raw_m1440,436,7f713fc8be1d893ae3d22345a9cd96d447a1125361656363d6ca52530013225c,1,True,247,valid_as_recorded,True,,0,0,2.1999999999999886,ea95f3eadf60f961e3055e736e2d4955e2e96f31976732527dbd57c824bc034e,4f53cda18c2baa0c0354bb5f9a3ecbe5ed12ab4d8e11ba873c2f11161202b945,100000.0,100000.0,True,100000.0,0.0
k40_r2_cs_raw_m1440,437,71895daec3d4245977b3f43981b0cf080a4deb18fc33c0aa809b5b78094fedf5,1,True,248,valid_as_recorded,True,,0,0,3.3999999999999773,d4fb2f44f6aadb6883a9a204b1ce685b7f618d869904c1ef55acfe49b1526d05,4f53cda18c2baa0c0354bb5f9a3ecbe5ed12ab4d8e11ba873c2f11161202b945,100000.0,100000.0,True,100000.0,0.0
k40_r2_cs_raw_m1440,440,faafaa12171fa64cfada03add6d122b25d90cb34d314b912eb98ff813683d65d,1,True,249,valid_as_recorded,True,,0,0,12.199999999999989,b355203b36956d7e8103946bd8d5983babd73062e857c0b1dda7d51b80af1763,4f53cda18c2baa0c0354bb5f9a3ecbe5ed12ab4d8e11ba873c2f11161202b945,100000.0,100000.0,True,100000.0,0.0
k40_r2_cs_raw_m1440,445,c49fdd72c9995ef1c766df577d2d4ac10e4943095d01a34f922597cfccf2f384,1,True,250,valid_as_recorded,True,,0,0,2.1999999999999886,b3e1ca684d9d5a61cd0c5f44b2b2f430abc72d6464eb1b43e1273467b6b4382b,4f53cda18c2baa0c0354bb5f9a3ecbe5ed12ab4d8e11ba873c2f11161202b945,100000.0,100000.0,True,100000.0,0.0
k40_r2_cs_raw_m1440,447,b580cfb95b1c58607c76b34cb22d0bd4f0c4c21fbcf9dd3fe93d33c2183fab9f,1,True,251,valid_as_recorded,True,,0,0,12.199999999999989,dbb4141e6d70f8a80dc500fe8c1af997bc287c2790c8d53a69b4229b24c16e92,4f53cda18c2baa0c0354bb5f9a3ecbe5ed12ab4d8e11ba873c2f11161202b945,100000.0,100000.0,True,100000.0,0.0
k40_r2_cs_raw_m1440,448,e8298a30469a981dbfd0da1088fc92e3af8a98889e2945dc3a2bd4a97024f93c,1,True,252,valid_as_recorded,True,,0,0,2.0,d16308f376631bf2da5843ca32d56cacee3577416b6a82cc29891c15d8ef90d0,4f53cda18c2baa0c0354bb5f9a3ecbe5ed12ab4d8e11ba873c2f11161202b945,100000.0,100000.0,True,100000.0,0.0
k40_r2_cs_raw_m1440,449,7a1911e09cacdf0ea1b0a7e4a5719808d2bff6495683bf886a6ee95eb2c7a10b,1,True,253,valid_as_recorded,True,,0,0,9.199999999999989,a305f88dfa22d56e3253e085a36ffd60c83571c4e2bb705667dc73ecfd7a7750,4f53cda18c2baa0c0354bb5f9a3ecbe5ed12ab4d8e11ba873c2f11161202b945,100000.0,100000.0,True,100000.0,0.0
k40_r2_cs_raw_m1440,451,c906878aac9e9aee16c78225c67dd836edab511cc8b7e89748f9449b244cb37c,1,True,254,valid_as_recorded,True,,0,0,7.199999999999989,b1233e97752ba3b677d6b911d86de5ed8421b7886ee266b5694d8393c8038d06,4f53cda18c2baa0c0354bb5f9a3ecbe5ed12ab4d8e11ba873c2f11161202b945,100000.0,100000.0,True,100000.0,0.0
k40_r2_cs_raw_m1440,453,47187c4fe284c2d41cb262c7748f961a7d446c37543bb15d1bb3e783aead319e,1,True,255,valid_as_recorded,True,,0,0,9.199999999999989,bee734aba7eb4da7414c4f511e1c279be53c6484c5214f3073cec3d56b510860,4f53cda18c2baa0c0354bb5f9a3ecbe5ed12ab4d8e11ba873c2f11161202b945,100000.0,100000.0,True,100000.0,0.0
k40_r2_cs_raw_m1440,454,599e358061015b882114ab444c5ad10c8e2aa2081dcbeff58015c3d00bb02073,1,True,256,valid_as_recorded,True,,0,0,12.199999999999989,18e9b11c06a2802380d262e00eaea532120cf72805af056e0151f16c842280ed,4f53cda18c2baa0c0354bb5f9a3ecbe5ed12ab4d8e11ba873c2f11161202b945,100000.0,100000.0,True,100000.0,0.0
k40_r2_cs_raw_m1440,456,1b71de613616077225dfa32ccf052fc74c3af330cbcd923b855941bc07ccb372,1,True,257,valid_as_recorded,True,,0,0,12.199999999999989,eb5e6ac83f1c1af1f51382a73279d4635bd3069e16c2e2bf953096998a051be5,4f53cda18c2baa0c0354bb5f9a3ecbe5ed12ab4d8e11ba873c2f11161202b945,100000.0,100000.0,True,100000.0,0.0
k40_r2_cs_raw_m1440,457,4f80429a27f73cf2fd34b911ad5c3852ca56c2874d123a14300ce29bd0cd4327,1,True,258,valid_as_recorded,True,,0,0,12.199999999999989,9d1e1b48556e899d6d3122f9d94d1e0c3a076f454b1a0fd97e9147b3c6a35123,4f53cda18c2baa0c0354bb5f9a3ecbe5ed12ab4d8e11ba873c2f11161202b945,100000.0,100000.0,True,100000.0,0.0
k40_r2_cs_raw_m1440,459,5e18e3bebd3acd811effaae9c102a591d5a42ac39f1a8d33428294f434c265fb,1,True,259,valid_as_recorded,True,,0,0,14.600000000000023,a7dbc64a4f249186acc6eee88358753951684e6cc644d0731fe746475c33c51a,4f53cda18c2baa0c0354bb5f9a3ecbe5ed12ab4d8e11ba873c2f11161202b945,100000.0,100000.0,True,100000.0,0.0
k40_r2_cs_raw_m1440,462,325d84497ed1581d01c0ad653ce1624fd6237e68fcd103d56cc17c6f2278ce3a,1,True,260,valid_as_recorded,True,,0,0,7.199999999999989,3275df1bb3a223eed0228f05561e98a22bc811c459e96cfef91ae77636861cbf,4f53cda18c2baa0c0354bb5f9a3ecbe5ed12ab4d8e11ba873c2f11161202b945,100000.0,100000.0,True,100000.0,0.0
k40_r2_cs_raw_m1440,463,e6222a90dbf4f4fd0376e97db0d3f8ab7af86c09854a17f20ce2ffaff289d8d8,1,True,261,valid_as_recorded,True,,0,0,12.199999999999989,0cb2b4766606f14c4262494837fd7c9cbdd83b67c2ab4bb5a2ab214ed75b8f68,4f53cda18c2baa0c0354bb5f9a3ecbe5ed12ab4d8e11ba873c2f11161202b945,100000.0,100000.0,True,100000.0,0.0
k40_r2_cs_raw_m1440,466,a00478472d8205dbbea1fcba09467b14e3e21bbacaf72e2bddfb80d1fa39fb8e,1,True,262,valid_as_recorded,True,,0,0,2.0,15432f07682d13a74d9469d3fe668088f506848f64dddae744af9e2a99ed6943,4f53cda18c2baa0c0354bb5f9a3ecbe5ed12ab4d8e11ba873c2f11161202b945,100000.0,100000.0,True,100000.0,0.0
k40_r2_cs_raw_m1440,468,8e7f7d191c9f9d829bd0a9834b8df1fbf8c538c814f057ec0534f2510a51dbd1,1,True,263,valid_as_recorded,True,,0,0,12.199999999999989,104981289045cac55262ba0fb0cb8e5ce8e18b212435d7c8c811248632520ecb,4f53cda18c2baa0c0354bb5f9a3ecbe5ed12ab4d8e11ba873c2f11161202b945,100000.0,100000.0,True,100000.0,0.0
k40_r2_cs_raw_m1440,469,420506d845f7d362f7ec7880463a0bdfb95c6f7c844ac40e018c76e2b4b582e4,1,True,264,valid_as_recorded,True,,0,0,2.1999999999999886,96f1721ade95aa04954f57acca7e0cfb6dd9c1fac120154cf5d87fd408cfd3a8,4f53cda18c2baa0c0354bb5f9a3ecbe5ed12ab4d8e11ba873c2f11161202b945,100000.0,100000.0,True,100000.0,0.0
k40_r2_cs_raw_m1440,472,aede56594bb719886a444284d5e1a161c3913e8c720fcf9a39e52c28a6b171e2,1,True,265,valid_as_recorded,True,,0,0,9.199999999999989,cd00c2db5f98a5163b1cf20f1cc35c1df8fa54beda09fb3eb2afb7b62706c760,4f53cda18c2baa0c0354bb5f9a3ecbe5ed12ab4d8e11ba873c2f11161202b945,100000.0,100000.0,True,100000.0,0.0
k40_r2_cs_raw_m1440,473,70d7be761f940e13353fe869b0ef04bcebca3770f8df25613b8545a411b27030,1,True,266,valid_as_recorded,True,,0,0,12.199999999999989,7710999a05e6bdaff22d36ccaf8b8ebda2811c10e3df6594bd9964e76a1ba326,4f53cda18c2baa0c0354bb5f9a3ecbe5ed12ab4d8e11ba873c2f11161202b945,100000.0,100000.0,True,100000.0,0.0
k40_r2_cs_raw_m1440,474,4951fb063e2a11ce849df9310b6d8c9712fdc4ffeab4f66f59068e54ed7e1574,1,True,267,valid_as_recorded,True,,0,0,12.199999999999989,9d636d637a28b338d4e196d35bdc5b129bcc385d14cf97e978c0c385bcfa5932,4f53cda18c2baa0c0354bb5f9a3ecbe5ed12ab4d8e11ba873c2f11161202b945,100000.0,100000.0,True,100000.0,0.0
k40_r2_cs_raw_m1440,475,6f598da293cc9a6d9ca23ac70406281813ceb212a9bccf24a3606caea66db681,1,True,268,valid_as_recorded,True,,0,0,2.0,5bdbb32a69dee470030b01711d0470ff7d156460cd97ebc59c5e736cbb7df55f,4f53cda18c2baa0c0354bb5f9a3ecbe5ed12ab4d8e11ba873c2f11161202b945,100000.0,100000.0,True,100000.0,0.0
k40_r2_cs_raw_m1440,477,acc6be5db9d8b7b562bd3024f7a73bf422f70765cdd9a42b5f4e7763bb37de3f,1,True,269,valid_as_recorded,True,,0,0,2.1999999999999886,e0604a39f58e8d28d5ce4859f9ef7716710d406ecb3add5664d175337de48273,4f53cda18c2baa0c0354bb5f9a3ecbe5ed12ab4d8e11ba873c2f11161202b945,100000.0,100000.0,True,100000.0,0.0
k40_r2_cs_raw_m1440,478,f8f18ae213f4f99d6ead2d0e9333193828bd8bda537f55b45ddaaecaeff0789f,1,True,270,valid_as_recorded,True,,0,0,7.199999999999989,0df09b0e23ce1731384c3f294ade4a66535e1b079b47e13f7d68bbbd7f733f5c,4f53cda18c2baa0c0354bb5f9a3ecbe5ed12ab4d8e11ba873c2f11161202b945,100000.0,100000.0,True,100000.0,0.0
k40_r2_cs_raw_m1440,480,8c407b6ed0efe8729af52bebd022e8b6728a7a84ee72820c40a5dd4e62ebe98a,1,True,271,valid_as_recorded,True,,0,0,12.199999999999989,e7deb1c310281aaff6222a70ec3a2fec789d63e9b13bef3f8c33dc89b960af14,4f53cda18c2baa0c0354bb5f9a3ecbe5ed12ab4d8e11ba873c2f11161202b945,100000.0,100000.0,True,100000.0,0.0
k40_r2_cs_raw_m1440,482,fc92a54efc2fbe08ceb99b01e56cc95714e29c587bb9eb8c8c14edd4126eb679,1,True,272,valid_as_recorded,True,,0,0,12.199999999999989,481a45437cd1a55f923ee4c866acfe8237bb6126244e2177484bf667005a5d6d,4f53cda18c2baa0c0354bb5f9a3ecbe5ed12ab4d8e11ba873c2f11161202b945,100000.0,100000.0,True,100000.0,0.0
k40_r2_cs_raw_m1440,483,49077b0d2d5b45090f7edc5a586aa76148fb396addf27bba986ffea65201fad5,1,True,273,valid_as_recorded,True,,0,0,2.0,85d75201909f66971bd096efd03d404e4fa280ac05a1b973c925684e5b082097,4f53cda18c2baa0c0354bb5f9a3ecbe5ed12ab4d8e11ba873c2f11161202b945,100000.0,100000.0,True,100000.0,0.0
k40_r2_cs_raw_m1440,484,c9f66a2a79a6fccc33d096a0ad3122ed8a7cdae4d1ba208391d006133552fb84,1,True,274,valid_as_recorded,True,,0,0,9.199999999999989,25955ae695d5ae2134a87ef93b922dda5db99ed832b8c61e5613e719a735740e,4f53cda18c2baa0c0354bb5f9a3ecbe5ed12ab4d8e11ba873c2f11161202b945,100000.0,100000.0,True,100000.0,0.0
k40_r2_cs_raw_m1440,486,8ee4a69ec745066789745eabd175cb2de4b190beffa93957de13979f0e243f17,1,True,275,valid_as_recorded,True,,0,0,2.1999999999999886,0bc7c3cd8fc51484daa6f4d494fb9231e0f5411810be2ac3274bd94e1e88f604,4f53cda18c2baa0c0354bb5f9a3ecbe5ed12ab4d8e11ba873c2f11161202b945,100000.0,100000.0,True,100000.0,0.0
k40_r2_cs_raw_m1440,487,849fc0182955b8f78a3d67c852fc1cdb304473af1426fccd074cc87613c8a844,1,True,276,valid_as_recorded,True,,0,0,3.3999999999999773,1842d235114935301bb4437902414b9228707fdc98ddb9bf095d29125dc84e5d,4f53cda18c2baa0c0354bb5f9a3ecbe5ed12ab4d8e11ba873c2f11161202b945,100000.0,100000.0,True,100000.0,0.0
k40_r2_cs_raw_m1440,489,76f1cebdf8ddc1c572b37a43305505363ad1593cc753fc171b217c13f6b7665c,1,True,277,valid_as_recorded,True,,0,0,9.199999999999989,b4c421c67d4d0a524d3d87cc78aaa1dcfbf89214c667a772d63b2e41ce2f7d3a,4f53cda18c2baa0c0354bb5f9a3ecbe5ed12ab4d8e11ba873c2f11161202b945,100000.0,100000.0,True,100000.0,0.0
k40_r2_cs_raw_m1440,490,0f14e687f1acbefc2d405abc7fa471ee5d154f0dd27e690802aa469d07bbc4ad,1,True,278,valid_as_recorded,True,,0,0,12.199999999999989,e4304a6d112766398be7b42d80cb1d432ddf32df53ebf598868da92c93c8f6f7,4f53cda18c2baa0c0354bb5f9a3ecbe5ed12ab4d8e11ba873c2f11161202b945,100000.0,100000.0,True,100000.0,0.0
k40_r2_cs_raw_m1440,492,0a26509ba9119cc5e3ebd4f39acb087a6d885c2a40ad8f5ec02e71bddbbcad23,1,True,279,valid_as_recorded,True,,0,0,2.0,17f7a31414b9c60a3edf2ea0260cc5ead979085a3f729e9d0b77ee4a1f1d3c1f,4f53cda18c2baa0c0354bb5f9a3ecbe5ed12ab4d8e11ba873c2f11161202b945,100000.0,100000.0,True,100000.0,0.0
k40_r2_cs_raw_m1440,493,a111c74a7516b0dcd8534c91df2717adcc2fa3e469997b8ee3590c6a59ad16ca,1,True,280,valid_as_recorded,True,,0,0,12.199999999999989,99ba6e08a24b2f3b0f99976e890e7e4dc04c846de277597c67a5f390f1fad0ad,4f53cda18c2baa0c0354bb5f9a3ecbe5ed12ab4d8e11ba873c2f11161202b945,100000.0,100000.0,True,100000.0,0.0
k40_r2_cs_raw_m1440,496,419d20635413c401aaebeeec8c9f9ae3b9750e3368cf1b4ee317a2a5e9d097f8,1,True,281,valid_as_recorded,True,,0,0,2.1999999999999886,747da1026debfc2e17de2540719b9bfd1982fece31cb3024654a3a9b5e5690f3,4f53cda18c2baa0c0354bb5f9a3ecbe5ed12ab4d8e11ba873c2f11161202b945,100000.0,100000.0,True,100000.0,0.0
k40_r2_cs_raw_m1440,497,808da800268ff236b9a356e63892b0d6067a7f476c4f8d41652383e38cab76c2,1,True,282,valid_as_recorded,True,,0,0,7.199999999999989,51ca7cb7860c3e009a70c7103f4962ce1a04bc74c8d6bf1534fd144b2c38787c,4f53cda18c2baa0c0354bb5f9a3ecbe5ed12ab4d8e11ba873c2f11161202b945,100000.0,100000.0,True,100000.0,0.0
k40_r2_cs_raw_m1440,498,db4de3c6d47582d01abdae4a563e2f8fa06547f65e555f176d9318910ec601bc,1,True,283,valid_as_recorded,True,,0,0,12.199999999999989,bbe9debcdd28760c2af73a36a79d50ed1b36637b683a545e47cd889d578793ae,4f53cda18c2baa0c0354bb5f9a3ecbe5ed12ab4d8e11ba873c2f11161202b945,100000.0,100000.0,True,100000.0,0.0
k40_r2_cs_raw_m1440,501,82678b87fb5a1381041b7a06ce96c047011758c40dddec0ff11b183842c9cc0e,1,True,284,valid_as_recorded,True,,0,0,9.199999999999989,bc2f3b0586768de2206e432fd62d8ce39044fec23db73c2b00355b80627d6c97,4f53cda18c2baa0c0354bb5f9a3ecbe5ed12ab4d8e11ba873c2f11161202b945,100000.0,100000.0,True,100000.0,0.0
k40_r2_cs_raw_m1440,505,f103fb247b1b619a66e1fca1c8bc70f0b428470bc44faef2f062844d04d9bbf5,1,True,285,valid_as_recorded,True,,0,0,7.199999999999989,6c489d14b467e667cb03f82c6fcca35391971cefebdca9b2f7fbf53d6c00fd55,4f53cda18c2baa0c0354bb5f9a3ecbe5ed12ab4d8e11ba873c2f11161202b945,100000.0,100000.0,True,100000.0,0.0
k40_r2_cs_raw_m1440,506,35b299fdd631a957b08c47b4f573b4f8b02ef1677f3f13cc42202dc9ad572cc2,1,True,286,valid_as_recorded,True,,0,0,12.199999999999989,00d79804e677e908bd5f7e80591360a3b614eeb134becf2ef7867c1f4d381c9e,4f53cda18c2baa0c0354bb5f9a3ecbe5ed12ab4d8e11ba873c2f11161202b945,100000.0,100000.0,True,100000.0,0.0
k40_r2_cs_raw_m1440,507,9452299a9b1c7dd5de7a4db5cad09910bbc97260dca60e20cb9b73d970ac153d,1,True,287,valid_as_recorded,True,,0,0,12.199999999999989,dacfa011d6117da3e20d8d4b8140b86e34cd7ccf535295fba7828e161d826b71,4f53cda18c2baa0c0354bb5f9a3ecbe5ed12ab4d8e11ba873c2f11161202b945,100000.0,100000.0,True,100000.0,0.0
k40_r2_cs_raw_m1440,508,fa057dbea2a452017ceb4ef5de1636e11ad5a514e1ff386802053d93cdb8d6ab,1,True,288,valid_as_recorded,True,,0,0,12.199999999999989,59469a1e612c70243433fda6800b8a4a3a95c1a932d5b6d38238ff8a025d02c1,4f53cda18c2baa0c0354bb5f9a3ecbe5ed12ab4d8e11ba873c2f11161202b945,100000.0,100000.0,True,100000.0,0.0
k40_r2_cs_raw_m1440,509,f235f5ff36676d99572e538a1d147e010bc6a119329d56cd50f96d2cf8a8c458,1,True,289,valid_as_recorded,True,,0,0,12.199999999999989,213bd8f8b180abbafaf4d250c654944bf1bf8a692fb333cee8fa6c4f38ae8a8b,4f53cda18c2baa0c0354bb5f9a3ecbe5ed12ab4d8e11ba873c2f11161202b945,100000.0,100000.0,True,100000.0,0.0
k40_r2_cs_raw_m1440,510,9a0a37660756e2731f91dc04dd5c0b185534b2d8606e7a93df19a08281a1093b,1,True,290,valid_as_recorded,True,,0,0,12.199999999999989,cc0313f66219a6d591d9595c0d55ae5eb864121e91f838192e39e6c860cf0413,4f53cda18c2baa0c0354bb5f9a3ecbe5ed12ab4d8e11ba873c2f11161202b945,100000.0,100000.0,True,100000.0,0.0
k40_r2_cs_raw_m1440,512,1712b4455da36610402885fef3b5822756f501c335a83e4b2959b2a90b9a7875,1,True,291,valid_as_recorded,True,,0,0,9.199999999999989,516788b7663039718480a7c3a88878ac4f895e8464f1b5dbf38032b8e66c4405,4f53cda18c2baa0c0354bb5f9a3ecbe5ed12ab4d8e11ba873c2f11161202b945,100000.0,100000.0,True,100000.0,0.0
k40_r2_cs_raw_m1440,515,085094d10fbaf8cf61c3da3e14c1344c4d0fdb7601137680587b10f1bdb671fb,1,True,292,valid_as_recorded,True,,0,0,9.199999999999989,3a5e033408f7629021a9f8dd400126879beeeaa43ef18188cd60bc2dba0ba029,4f53cda18c2baa0c0354bb5f9a3ecbe5ed12ab4d8e11ba873c2f11161202b945,100000.0,100000.0,True,100000.0,0.0
k40_r2_cs_raw_m1440,518,1ffb72308e304110b30e79f5cc439d0194842fd694a924343d8b9f23da364a02,1,True,293,valid_as_recorded,True,,0,0,12.199999999999989,22f1727c17aba5e5b0e28f7bb5e768858438e41cd3b5fbdea035bd8011a3fa36,4f53cda18c2baa0c0354bb5f9a3ecbe5ed12ab4d8e11ba873c2f11161202b945,100000.0,100000.0,True,100000.0,0.0
k40_r2_cs_raw_m1440,519,0c1623469f0e5cc99da9a15f31704f768028289f6995339dd2057e5ccd22206d,1,True,294,valid_as_recorded,True,,0,0,12.199999999999989,71e1d2a763381151f7204e558701f48e0a70b01d8245eb7bd22d544194165583,4f53cda18c2baa0c0354bb5f9a3ecbe5ed12ab4d8e11ba873c2f11161202b945,100000.0,100000.0,True,100000.0,0.0
k40_r2_cs_raw_m1440,526,9f3d0b7026e1a87f7838bad1eb7b22f61a7497f474b0ea9d2c59a888e8aa30de,1,True,295,valid_as_recorded,True,,0,0,7.399999999999977,60280c97df0a3634ffeb0264e036746cc4368ddca180efb0c212cc8cb3d1836a,4f53cda18c2baa0c0354bb5f9a3ecbe5ed12ab4d8e11ba873c2f11161202b945,100000.0,100000.0,True,100000.0,0.0
k40_r2_cs_raw_m1440,529,6874a9a9eb52b9c2224ab6eec9754d6d819a95a7dcfc3e1ceb0051409d64bd93,1,True,296,valid_as_recorded,True,,0,0,12.199999999999989,dae51cf8d11b0e23d70a11e43410976e151af22a03a81d704a2330b9ea131721,4f53cda18c2baa0c0354bb5f9a3ecbe5ed12ab4d8e11ba873c2f11161202b945,100000.0,100000.0,True,100000.0,0.0
k40_r2_cs_raw_m1440,530,ae1d53d40a1acce79648549176b7f9d750507080daffbe59f5cd4e832135edd4,1,True,297,valid_as_recorded,True,,0,0,2.0,a49175507f7731c82d4e936b2ddbad8944a5f513d72b24fe6b7b2386710439ff,4f53cda18c2baa0c0354bb5f9a3ecbe5ed12ab4d8e11ba873c2f11161202b945,100000.0,100000.0,True,100000.0,0.0
k40_r2_cs_raw_m1440,532,58aae6aa8fa6ba4cd44ac8c28e15a5ca1c380da62b97a19fa3ba059a5b36ce54,1,True,298,valid_as_recorded,True,,0,0,14.600000000000023,f199f70ba380b5d6a7e2e1e92c2bfa6111f2851308bc46abd50a411a953c66e3,4f53cda18c2baa0c0354bb5f9a3ecbe5ed12ab4d8e11ba873c2f11161202b945,100000.0,100000.0,True,100000.0,0.0
k40_r2_cs_raw_m1440,533,761b83527edd95c28a860a2e07ebf7cf6ebfb9cf15f3928aa5655ec22f2a87f7,1,True,299,valid_as_recorded,True,,0,0,12.399999999999977,351e3268732fd67fd85345aec0111d5f8d683b68cfb05384042f6c3318c7e2dc,4f53cda18c2baa0c0354bb5f9a3ecbe5ed12ab4d8e11ba873c2f11161202b945,100000.0,100000.0,True,100000.0,0.0
k40_r2_cs_raw_m1440,534,72b504e8dbc3a4b843305fcba1c500d0e3db97cb58c4901af9e46165a32d869b,1,True,300,valid_as_recorded,True,,0,0,9.199999999999989,e0881f9bd208d6086b57146419de38464291b62464bf9f3c09662708481102f8,4f53cda18c2baa0c0354bb5f9a3ecbe5ed12ab4d8e11ba873c2f11161202b945,100000.0,100000.0,True,100000.0,0.0
k40_r2_cs_raw_m1440,535,8f48931d9dc69f820ed5ff5baffd8c3b47a7447186f1979a8f19eea66fabe85a,1,True,301,valid_as_recorded,True,,0,0,2.1999999999999886,cfd6eda217c12c8a19958399a8412d09230ee53c46455754053aa0e2c67c47e3,4f53cda18c2baa0c0354bb5f9a3ecbe5ed12ab4d8e11ba873c2f11161202b945,100000.0,100000.0,True,100000.0,0.0
k40_r2_cs_raw_m1440,536,e8a5394244ee6c507f1d64fcf87773387a322b00f20bbeb7f70f479d596db678,1,True,302,valid_as_recorded,True,,0,0,7.199999999999989,149347ed0337015b3e20dffbd46016a497585b74e1673982ba20469be3abb0dd,4f53cda18c2baa0c0354bb5f9a3ecbe5ed12ab4d8e11ba873c2f11161202b945,100000.0,100000.0,True,100000.0,0.0
k40_r2_cs_raw_m1440,539,9dedb34a8e215e9e4a86c34c65273a4272cb4fc8b2241bc2b32c2b39ba24f442,1,True,303,valid_as_recorded,True,,0,0,12.199999999999989,268f40622a10593d7730d2ceb3a5238ca27a798d9c1b57b2d20615780a450f05,4f53cda18c2baa0c0354bb5f9a3ecbe5ed12ab4d8e11ba873c2f11161202b945,100000.0,100000.0,True,100000.0,0.0
k40_r2_cs_raw_m1440,540,374abf621c7c929b99647aa3d424b3f4da455e5a3786d469d546b50b1912e8f7,1,True,304,valid_as_recorded,True,,0,0,12.199999999999989,65ba8e5ece0013669fb4d2685ad9270a937f3f8f8ab871b880eea2ae1a0c70b5,4f53cda18c2baa0c0354bb5f9a3ecbe5ed12ab4d8e11ba873c2f11161202b945,100000.0,100000.0,True,100000.0,0.0
k40_r2_cs_raw_m1440,542,a103b016f8419334507a138d22082f44459439f0cfb34932ba4151d6f83c9658,1,True,305,valid_as_recorded,True,,0,0,2.0,c5ba24148623fea03f818fbafec4bef1368106563e61a115d502ceab47607818,4f53cda18c2baa0c0354bb5f9a3ecbe5ed12ab4d8e11ba873c2f11161202b945,100000.0,100000.0,True,100000.0,0.0
k40_r2_cs_raw_m1440,546,2bcb1f13eb2379c8e43accc9be274e7ee08d845411cae79e437e226b4efdb7f0,1,True,306,valid_as_recorded,True,,0,0,3.3999999999999773,974c68a0543f26daa6540e3b173361980215419b1b2ec7189eb27f072202cc46,4f53cda18c2baa0c0354bb5f9a3ecbe5ed12ab4d8e11ba873c2f11161202b945,100000.0,100000.0,True,100000.0,0.0
k40_r2_cs_raw_m1440,547,3975bf7cb87694005a6a3dc0bf911d5b3aaa37728ca053adc52dfda618836f6f,1,True,307,valid_as_recorded,True,,0,0,9.199999999999989,cb2cb0eae27d1adb022a5a5217df861a5396a8fe1ea700e2eaf9fea13faad4f1,4f53cda18c2baa0c0354bb5f9a3ecbe5ed12ab4d8e11ba873c2f11161202b945,100000.0,100000.0,True,100000.0,0.0
k40_r2_cs_raw_m1440,550,e2443f80ad59a1a927d44f4086ce41859150c22d3d98452d3285cca1a33464f0,1,True,308,valid_as_recorded,True,,0,0,12.199999999999989,0ae53df604ac883d4394667827568e5bd72aabc084daa07d45b91d6884612e00,4f53cda18c2baa0c0354bb5f9a3ecbe5ed12ab4d8e11ba873c2f11161202b945,100000.0,100000.0,True,100000.0,0.0
k40_r2_cs_raw_m1440,551,41e83b4060b22a15cc5d65f0132e192ebbd51fc58145cbd44f65ec51462b01fb,1,True,309,valid_as_recorded,True,,0,0,12.199999999999989,f7130c04e44c6bb335034ed6310a0be2cda937e74f17895987a51f2f1c560c56,4f53cda18c2baa0c0354bb5f9a3ecbe5ed12ab4d8e11ba873c2f11161202b945,100000.0,100000.0,True,100000.0,0.0
k40_r2_cs_raw_m1440,553,5eb9985b326693f4369162fcac0ec72ee27b83b4b0717fa75d6ab4c3424f38cb,1,True,310,valid_as_recorded,True,,0,0,9.199999999999989,c5b4cf6b9ea17ff31e0826bcc6c904715ead28f84e1f15a7f7a15e53e89d2ba2,4f53cda18c2baa0c0354bb5f9a3ecbe5ed12ab4d8e11ba873c2f11161202b945,100000.0,100000.0,True,100000.0,0.0
k40_r2_cs_raw_m1440,554,3ff1dd25cbce6790866ca9e1255952ed8bd6a3b4ab9ff32d7838c28cc13631a9,1,True,311,valid_as_recorded,True,,0,0,12.399999999999977,88fa0a208dbedc05479c3620d36fdc8f266c6783b84efa69ecbbf1e7435f6392,4f53cda18c2baa0c0354bb5f9a3ecbe5ed12ab4d8e11ba873c2f11161202b945,100000.0,100000.0,True,100000.0,0.0
k40_r2_cs_raw_m1440,557,1260d51cfd4682c96b5a41afc31ca7f08dc2a5cb2ff88eef941a11fc5772d396,1,True,312,valid_as_recorded,True,,0,0,7.399999999999977,b763dcc72ef52c71e74f8c08767909564850ad421bb15199dce28f9bd112c5a0,4f53cda18c2baa0c0354bb5f9a3ecbe5ed12ab4d8e11ba873c2f11161202b945,100000.0,100000.0,True,100000.0,0.0
k40_r2_cs_raw_m1440,558,901fca20a2a84035414b1aea3c291293c7ac242163d83bf252925012553adb90,1,True,313,valid_as_recorded,True,,0,0,2.1999999999999886,5e2d36a2881a2a5a932e702bea1956c7d6b9d209fe0dfff61c8097621ec96708,4f53cda18c2baa0c0354bb5f9a3ecbe5ed12ab4d8e11ba873c2f11161202b945,100000.0,100000.0,True,100000.0,0.0
k40_r2_cs_raw_m1440,559,0307128dffc78162e6b5dc642c2de138b92bc29209c128fb19a34e24f3859432,1,True,314,valid_as_recorded,True,,0,0,7.199999999999989,e1bbc8b40c125f66034d0b399c34256b40042d820c04addb022a68c5a50632f5,4f53cda18c2baa0c0354bb5f9a3ecbe5ed12ab4d8e11ba873c2f11161202b945,100000.0,100000.0,True,100000.0,0.0
k40_r2_cs_raw_m1440,560,9c05efb6e9a49c71cc471d473b574ddd2dcb0607560d6ea99fa4c79140441c03,1,True,315,valid_as_recorded,True,,0,0,12.199999999999989,f835ac74fc3317286f4ee949096b35499ac8cca193fabd7b9ee0cfdaaaa162f6,4f53cda18c2baa0c0354bb5f9a3ecbe5ed12ab4d8e11ba873c2f11161202b945,100000.0,100000.0,True,100000.0,0.0
k40_r2_cs_raw_m1440,561,ad30f9b8c77b573f4d0cd1f6608b653660cc0b36723bc2663cadb84eb5f8a255,1,True,316,valid_as_recorded,True,,0,0,12.199999999999989,26a37c89c016a278c544fc0ca804845acb72141ef0d010ecdf66159cefcec18f,4f53cda18c2baa0c0354bb5f9a3ecbe5ed12ab4d8e11ba873c2f11161202b945,100000.0,100000.0,True,100000.0,0.0
k40_r2_cs_raw_m1440,563,36841c176a103a9ca773ec2aa4d426c81fac96a22149daddcd6d0ad9e43595f5,1,True,317,valid_as_recorded,True,,0,0,2.0,715e38d9dd58663e14a5acaa50929d1ff099eb7361e3aae6bb7c785963e0a60d,4f53cda18c2baa0c0354bb5f9a3ecbe5ed12ab4d8e11ba873c2f11161202b945,100000.0,100000.0,True,100000.0,0.0
k40_r2_cs_raw_m1440,564,c757c8832357363cb99ae86b0b56c4194e885f04561d8a4db60de4d4860e1cda,1,True,318,valid_as_recorded,True,,0,0,9.199999999999989,68b8905179464e02d428cbfd33e62aed2235e1127abce017d574a5975427a1ba,4f53cda18c2baa0c0354bb5f9a3ecbe5ed12ab4d8e11ba873c2f11161202b945,100000.0,100000.0,True,100000.0,0.0
k40_r2_cs_raw_m1440,565,eb3eb44b585aaa2f43244f347893ed46bb4f1e568199a61127cf9929d1fd1061,1,True,319,valid_as_recorded,True,,0,0,12.199999999999989,5872a8cbee26d360e6912b3039635e6336e9a1313ac13c8e7906124ded400686,4f53cda18c2baa0c0354bb5f9a3ecbe5ed12ab4d8e11ba873c2f11161202b945,100000.0,100000.0,True,100000.0,0.0
k40_r2_cs_raw_m1440,567,59f0918d06f5fb5f283dc49d7bcd85cbe6084eea56079348a98a521f618f6a83,1,True,320,valid_as_recorded,True,,0,0,12.399999999999977,e4e18c5ceabbc51422f6e454a0f15e89dce97c6a7da5e9e1b0a2fd371920e89c,4f53cda18c2baa0c0354bb5f9a3ecbe5ed12ab4d8e11ba873c2f11161202b945,100000.0,100000.0,True,100000.0,0.0
k40_r2_cs_raw_m1440,568,30a363614d9eec93093df00f0846a5409fbc9c3dca51aa344315bfa0ddb7aff1,1,True,321,valid_as_recorded,True,,0,0,9.199999999999989,a938967205674ab9b37c6484af73979c932b12dbf30b74b24f08cb8b27a6abeb,4f53cda18c2baa0c0354bb5f9a3ecbe5ed12ab4d8e11ba873c2f11161202b945,100000.0,100000.0,True,100000.0,0.0
k40_r2_cs_raw_m1440,569,c85d254ba5365228028ae603e6d0fbd7b9208129462e33078036ff0887849096,1,True,322,valid_as_recorded,True,,0,0,7.199999999999989,7e6582119bc44b77df0d358f5031d93702fb2529e6da8e79cedefbb8eaaee1dc,4f53cda18c2baa0c0354bb5f9a3ecbe5ed12ab4d8e11ba873c2f11161202b945,100000.0,100000.0,True,100000.0,0.0
k40_r2_cs_raw_m1440,570,6d8d29baaad6bdd0ddc1a5c7e73181700fa24419573758efe88e3fe2e0b56612,1,True,323,valid_as_recorded,True,,0,0,12.199999999999989,b2f1ec79c76d78239e9037b9757b641af196a77051879ff5b83a9bd88bba79f0,4f53cda18c2baa0c0354bb5f9a3ecbe5ed12ab4d8e11ba873c2f11161202b945,100000.0,100000.0,True,100000.0,0.0
k40_r2_cs_raw_m1440,573,5ca291877961d5dc6c161f715924fff33816bf42f1267cc878c65160c2ca6fff,1,True,324,valid_as_recorded,True,,0,0,12.199999999999989,15237cab8d88335db2d1c5e824d13e73c0f05fd372cabe7f4e03f24fda88cf2a,4f53cda18c2baa0c0354bb5f9a3ecbe5ed12ab4d8e11ba873c2f11161202b945,100000.0,100000.0,True,100000.0,0.0
k40_r2_cs_raw_m1440,574,ef1d0b05db32988cbe83a72e1e641ea0977949dd815e5623bff84facb8e74d96,1,True,325,valid_as_recorded,True,,0,0,2.0,4b77e777f2adf5fb8ecd11d84e6dea53724f3dc48e25102e9767a1b9ffbdae0b,4f53cda18c2baa0c0354bb5f9a3ecbe5ed12ab4d8e11ba873c2f11161202b945,100000.0,100000.0,True,100000.0,0.0
k40_r2_cs_raw_m1440,578,8020f82ecfef57c92768805ab3f046f7239e5891d1aaad23a7e1746dfe5fdf43,1,True,326,valid_as_recorded,True,,0,0,9.199999999999989,755278f718fd3aeebe69355c4103f431059b0f72bbc51901d3b85dd941c7b5cf,4f53cda18c2baa0c0354bb5f9a3ecbe5ed12ab4d8e11ba873c2f11161202b945,100000.0,100000.0,True,100000.0,0.0
k40_r2_cs_raw_m1440,579,938be59e99cb028088395534cabaf3dc1a40684543287621dbb298209e844b5d,1,True,327,valid_as_recorded,True,,0,0,2.1999999999999886,807c7b7b78f26cbfedfff1eed4e1f6cc70d433c70c48bdb3c6a261c7ef42fbdf,4f53cda18c2baa0c0354bb5f9a3ecbe5ed12ab4d8e11ba873c2f11161202b945,100000.0,100000.0,True,100000.0,0.0
k40_r2_cs_raw_m1440,582,2a117622153ba7a2ae1d163f4a313ef90e1832a3d6feccd2d9dc921d535439ce,1,True,328,valid_as_recorded,True,,0,0,12.199999999999989,91fd608bb8c8a96659c98eae34275aa4f7d6e4e9d078199a16a8a24e0466f346,4f53cda18c2baa0c0354bb5f9a3ecbe5ed12ab4d8e11ba873c2f11161202b945,100000.0,100000.0,True,100000.0,0.0
k40_r2_cs_raw_m1440,584,a61a2dfd981430560a8d2258c5829c44ba09f79df7b47107706dc976e7c0aa72,1,True,329,valid_as_recorded,True,,0,0,9.199999999999989,171047f897beb0ca74bbd905b2bd5a50542ad30384aa46cd2f55ae31b9066308,4f53cda18c2baa0c0354bb5f9a3ecbe5ed12ab4d8e11ba873c2f11161202b945,100000.0,100000.0,True,100000.0,0.0
k40_r2_cs_raw_m1440,586,19c201a1adaebd5669933f1296a52fdf76afbaa1a723815d542ec9961339c59c,1,True,330,valid_as_recorded,True,,0,0,12.399999999999977,f8b21e42ca180dfdcf23c75a56dfe0c08a606cffebb80f2427e2a08d991817f1,4f53cda18c2baa0c0354bb5f9a3ecbe5ed12ab4d8e11ba873c2f11161202b945,100000.0,100000.0,True,100000.0,0.0
k40_r2_cs_raw_m1440,587,c143a1f2fad38ab31ee56c5bc89d31b3f80f2db14834f0c72df23799315aa41d,1,True,331,valid_as_recorded,True,,0,0,12.199999999999989,7eb3f3bd77d56a8cd99a228b8ba60a561e9afbd2aba85b8b7ebea875efc0192c,4f53cda18c2baa0c0354bb5f9a3ecbe5ed12ab4d8e11ba873c2f11161202b945,100000.0,100000.0,True,100000.0,0.0
k40_r2_cs_raw_m1440,592,f6d638dcc44660657823b2e7eff4ad5fb0ef11b47eb8c5550d2b6b8b28df7372,1,True,332,valid_as_recorded,True,,0,0,12.199999999999989,061c6b373f78872bbee216a4ac5665021d8a5610d0e4e854cbeed7586338f44e,4f53cda18c2baa0c0354bb5f9a3ecbe5ed12ab4d8e11ba873c2f11161202b945,100000.0,100000.0,True,100000.0,0.0
k40_r2_cs_raw_m1440,593,5f1013aa33963bd8047391d231246dcb7b42337b7ba6142c3034452ddb5eb180,1,True,333,valid_as_recorded,True,,0,0,2.0,72a1c298244442f0eb9de3871fc05e2ac8c06b3cc7d07889bef9b6b64c8d0eba,4f53cda18c2baa0c0354bb5f9a3ecbe5ed12ab4d8e11ba873c2f11161202b945,100000.0,100000.0,True,100000.0,0.0
k40_r2_cs_raw_m1440,595,41bf71d7d3fafa76acd9f2a89843d0b4b26aef3812384f4cd1bee3857d3a974d,1,True,334,valid_as_recorded,True,,0,0,9.199999999999989,2c970f5b7a9f7ce3b864c78faa6b473ed880086044a6949fd16bb38a4ec8d591,4f53cda18c2baa0c0354bb5f9a3ecbe5ed12ab4d8e11ba873c2f11161202b945,100000.0,100000.0,True,100000.0,0.0
k40_r2_cs_raw_m1440,596,5cafcc24225135a2a65baaf98048804b764e72c5e82107f409f77e9789317319,1,True,335,valid_as_recorded,True,,0,0,14.600000000000023,73412c4a64fe1cc1843cf5774321e3a1951086fc94c99ff37e8511fefd2a318d,4f53cda18c2baa0c0354bb5f9a3ecbe5ed12ab4d8e11ba873c2f11161202b945,100000.0,100000.0,True,100000.0,0.0
k40_r2_cs_raw_m1440,597,d2f0330fe978eb14f8a155b284b6e56b54f0ac828d9fc711ce79cd265581d25b,1,True,336,valid_as_recorded,True,,0,0,12.399999999999977,983963c0406a9fc0d560013a35219a68ac5d1b9f2da20772c24bb912503b032a,4f53cda18c2baa0c0354bb5f9a3ecbe5ed12ab4d8e11ba873c2f11161202b945,100000.0,100000.0,True,100000.0,0.0
k40_r2_cs_raw_m1440,598,3e7e3641bb031f4d61848a504c906263e856d184948194633b43e6a9870a03c2,1,True,337,valid_as_recorded,True,,0,0,9.199999999999989,5577f1461a5e4bd3383d1b99384e8ca6874546a7a6ab83cfda8764b127af6e62,4f53cda18c2baa0c0354bb5f9a3ecbe5ed12ab4d8e11ba873c2f11161202b945,100000.0,100000.0,True,100000.0,0.0
k40_r2_cs_raw_m1440,599,93e49264e7800576dda8ce001c2e78fedc9c38c60d682422f5e0a4ed0f67ec05,1,True,338,valid_as_recorded,True,,0,0,2.1999999999999886,ab1045e27ed5b9337f3b5f4ab034e204a33c2163a5cba0a703f21898b8e65b0a,4f53cda18c2baa0c0354bb5f9a3ecbe5ed12ab4d8e11ba873c2f11161202b945,100000.0,100000.0,True,100000.0,0.0
k40_r2_cs_raw_m1440,601,d1684b68e80b44cf92f116c41124872b12328c3d4f63c16a5919946d84f4bb98,1,True,339,valid_as_recorded,True,,0,0,12.199999999999989,72097d9730f17ba82572a0a7e8578cd8584bc2809e14a740495e0f0d760a9ad1,4f53cda18c2baa0c0354bb5f9a3ecbe5ed12ab4d8e11ba873c2f11161202b945,100000.0,100000.0,True,100000.0,0.0
k40_r2_cs_raw_m1440,602,742419adc70ad7695af22b7fe72efa1a4da6753aad79e52cb17a4dcf1f8ad06c,1,True,340,valid_as_recorded,True,,0,0,12.199999999999989,9ee3fd6eb26d274e3763ac427683b81a66bd285a960de35b69efba5b3199c549,4f53cda18c2baa0c0354bb5f9a3ecbe5ed12ab4d8e11ba873c2f11161202b945,100000.0,100000.0,True,100000.0,0.0
k40_r2_cs_raw_m1440,604,dfa8c28f8b0d1875c49859249340db91f6e3721f5aa0f4ee1980b5a2e40557fe,1,True,341,valid_as_recorded,True,,0,0,7.199999999999989,3d2d9f8a6db11800394c72630f1fdcba4799d0e9e2b2ee2263f9f5c083171849,4f53cda18c2baa0c0354bb5f9a3ecbe5ed12ab4d8e11ba873c2f11161202b945,100000.0,100000.0,True,100000.0,0.0
k40_r2_cs_raw_m1440,609,7b03b665b2b8449bc54f64965137e486bd99da6b9334c5820d2f0db47abfb31f,1,True,342,valid_as_recorded,True,,0,0,3.3999999999999773,aefee4b02846de53b50581f5ec35cafb07fbcb457e355c56baaaaf51de30db6f,4f53cda18c2baa0c0354bb5f9a3ecbe5ed12ab4d8e11ba873c2f11161202b945,100000.0,100000.0,True,100000.0,0.0
k40_r2_cs_raw_m1440,611,299bd8f76fc7cfcf0140c68e8043976a99efe549a1b40e07832f5dac83a34407,1,True,343,valid_as_recorded,True,,0,0,12.199999999999989,7cb0da597dc92a7f009326b00e6ebd9f4a15259e1ca008154e8e19cec4e256ef,4f53cda18c2baa0c0354bb5f9a3ecbe5ed12ab4d8e11ba873c2f11161202b945,100000.0,100000.0,True,100000.0,0.0
k40_r2_cs_raw_m1440,613,067f898b814d981c3c2522bacafa63011b6e679499fca4c737f86ab6892efd64,1,True,344,valid_as_recorded,True,,0,0,12.199999999999989,904a699d391a38af0e93f16dfafe4519459206101b0360beae706707575914c8,4f53cda18c2baa0c0354bb5f9a3ecbe5ed12ab4d8e11ba873c2f11161202b945,100000.0,100000.0,True,100000.0,0.0
k40_r2_cs_raw_m1440,615,bb158f11217f0608e9d78170f30de7055b8b798932fc203cca51ab83f7775752,1,True,345,valid_as_recorded,True,,0,0,9.199999999999989,1690c6f7641d2fb65403b2f5d275fadb5f0a51ba987322b34935040fed340111,4f53cda18c2baa0c0354bb5f9a3ecbe5ed12ab4d8e11ba873c2f11161202b945,100000.0,100000.0,True,100000.0,0.0
k40_r2_cs_raw_m1440,617,fedf4db5f990c6599115a475208f92b63eab73df19fbeafb91339da99cc0ba54,1,True,346,valid_as_recorded,True,,0,0,12.399999999999977,22ac98e4d9bff6c2ddcab014195cd1f0f2725abccfc81e500acb5acf07715e37,4f53cda18c2baa0c0354bb5f9a3ecbe5ed12ab4d8e11ba873c2f11161202b945,100000.0,100000.0,True,100000.0,0.0
k40_r2_cs_raw_m1440,618,92e70e7fbbe2267d3469b90b7caed134dc6020ff6724858114f48b599e03fb3a,1,True,347,valid_as_recorded,True,,0,0,14.600000000000023,238be9206a5ad95e3d7867bfbb79ca2411c0b04744fa03e45e843809c5516fad,4f53cda18c2baa0c0354bb5f9a3ecbe5ed12ab4d8e11ba873c2f11161202b945,100000.0,100000.0,True,100000.0,0.0
k40_r2_cs_raw_m1440,620,4d6e10cb146eb19abfc0dd95be4b3f5813ce75c6fd9d3b76cd075b52596853aa,1,True,348,valid_as_recorded,True,,0,0,7.399999999999977,3adaeba4f7d01d73a056c9c4de446dd40b7d9996e290016f64e5aa10a1706fd5,4f53cda18c2baa0c0354bb5f9a3ecbe5ed12ab4d8e11ba873c2f11161202b945,100000.0,100000.0,True,100000.0,0.0
k40_r2_cs_raw_m1440,621,7f4816b05dd298bcea91adb79fb989a2a38c78c28b10c89d4d7afc7704933b18,1,True,349,valid_as_recorded,True,,0,0,2.1999999999999886,2c242c645d77108d6c90c353ef15de266846c80922514d10ecb3321ce26ece34,4f53cda18c2baa0c0354bb5f9a3ecbe5ed12ab4d8e11ba873c2f11161202b945,100000.0,100000.0,True,100000.0,0.0
k40_r2_cs_raw_m1440,622,ecb9f1afa13852a8657affcbffe99b5e47b3dd0a126c079f642ca02110f947e9,1,True,350,valid_as_recorded,True,,0,0,12.199999999999989,635a5d98d9e586b3509c4d5241bed5396ca0a40f77be1476ae6f96ab1bd423cb,4f53cda18c2baa0c0354bb5f9a3ecbe5ed12ab4d8e11ba873c2f11161202b945,100000.0,100000.0,True,100000.0,0.0
k40_r2_cs_raw_m1440,624,3cef7ea9015e166a444f7f43205813fa8811f3a7f8f068324028494e417e0866,1,True,351,valid_as_recorded,True,,0,0,12.199999999999989,d64fb08fd9550b9b6d4b05e5bfb30b1b9a43ab696e5e10f1db9b617c7f33b474,4f53cda18c2baa0c0354bb5f9a3ecbe5ed12ab4d8e11ba873c2f11161202b945,100000.0,100000.0,True,100000.0,0.0
k40_r2_cs_raw_m1440,625,a426a47da33ca0ceda8130af50afea0cde5fcd26115ac92523b4970584f52631,1,True,352,valid_as_recorded,True,,0,0,7.199999999999989,a4c698d2b0170a83a5466cde22fdf20510f23c47286c552d0c397e707f85a372,4f53cda18c2baa0c0354bb5f9a3ecbe5ed12ab4d8e11ba873c2f11161202b945,100000.0,100000.0,True,100000.0,0.0
k40_r2_cs_raw_m1440,626,798f70f62a6dac0af8a799ed4edd154a81d34049a5e074ac92f4d78e1c0ddd5e,1,True,353,valid_as_recorded,True,,0,0,2.0,96fb7d8bae00192d90e49642eb172957479ecf35b761b3b3846411daffbf5ae9,4f53cda18c2baa0c0354bb5f9a3ecbe5ed12ab4d8e11ba873c2f11161202b945,100000.0,100000.0,True,100000.0,0.0
k40_r2_cs_raw_m1440,627,8fb6ff0f8a21e41d0c008250ac7cf51682d69cce5258e50192129351946ebc83,1,True,354,valid_as_recorded,True,,0,0,9.199999999999989,0412cc3855b2570dea71cad9f56b8058bab29234618cefa357262f09610cb0b2,4f53cda18c2baa0c0354bb5f9a3ecbe5ed12ab4d8e11ba873c2f11161202b945,100000.0,100000.0,True,100000.0,0.0
k40_r2_cs_raw_m1440,630,d5045f252cfa3251849895134feafdfe849e5a8ea3d1fa1c8ea07aeabf699733,1,True,355,valid_as_recorded,True,,0,0,12.399999999999977,045f7d263357edf825c705f6230b2faf46bcdbf80fd23b0be6ada2f2ebcd0134,4f53cda18c2baa0c0354bb5f9a3ecbe5ed12ab4d8e11ba873c2f11161202b945,100000.0,100000.0,True,100000.0,0.0
k40_r2_cs_raw_m1440,632,2fe8074334424222b74bd4a83b0f3e37f8d5743d565b3d05c0292afa4add9d12,1,True,356,valid_as_recorded,True,,0,0,12.199999999999989,94ebae283985fa2eb220dc2c89e9d00f770bae0b8ee2af688012e8fe66933ff3,4f53cda18c2baa0c0354bb5f9a3ecbe5ed12ab4d8e11ba873c2f11161202b945,100000.0,100000.0,True,100000.0,0.0
k40_r2_cs_raw_m1440,634,b80818f3f296921b49d3d556fec25110eda132c6527db3c064f22fe576e19d43,1,True,357,valid_as_recorded,True,,0,0,12.199999999999989,d64e3b768452143f4b7fb023617b0f8d917dc2d8da10afb2b4f68852d3594c1f,4f53cda18c2baa0c0354bb5f9a3ecbe5ed12ab4d8e11ba873c2f11161202b945,100000.0,100000.0,True,100000.0,0.0
k40_r2_cs_raw_m1440,635,66a87a9491dd6e3e05b2ce95b9445c3a0f46b589c3660d1cfcd556f78886efa6,1,True,358,valid_as_recorded,True,,0,0,12.199999999999989,f39349ae5de3f0b3a267f106079235ecdaae6b5916bda25c0637e3ec564dbd13,4f53cda18c2baa0c0354bb5f9a3ecbe5ed12ab4d8e11ba873c2f11161202b945,100000.0,100000.0,True,100000.0,0.0
k40_r2_cs_raw_m1440,637,4bd4a0f90372a35fbfd4b5f5bd8e70c2e8854538577d2e00a64cae450c12c051,1,True,359,valid_as_recorded,True,,0,0,2.0,219fd3d9c58ecd972a1f77d24ab853ed6607a783f54f10bac0e6742f17c21d51,4f53cda18c2baa0c0354bb5f9a3ecbe5ed12ab4d8e11ba873c2f11161202b945,100000.0,100000.0,True,100000.0,0.0
k40_r2_cs_raw_m1440,638,1b0ca4f6ca693ba0232017be19f17bdd2f0099b25433597bf446d5cdc562b524,1,True,360,valid_as_recorded,True,,0,0,9.199999999999989,22abde54d2725154f4e446efae4977a73836b8c67dd427c88b60a3a8cb9d7adf,4f53cda18c2baa0c0354bb5f9a3ecbe5ed12ab4d8e11ba873c2f11161202b945,100000.0,100000.0,True,100000.0,0.0
k40_r2_cs_raw_m1440,641,a26bafc1031c256f9933453cba01da516e86add4946b53decf5e6c54b2cf123d,1,True,361,valid_as_recorded,True,,0,0,9.199999999999989,de17e0cee90420feba14b049a331b6345fe636222ca5b9e95bef1870f6578eb3,4f53cda18c2baa0c0354bb5f9a3ecbe5ed12ab4d8e11ba873c2f11161202b945,100000.0,100000.0,True,100000.0,0.0
k40_r2_cs_raw_m1440,642,857c17f4a8910063df2a4660aad62c005cb9b0d2821200a2025715ccd2855741,1,True,362,valid_as_recorded,True,,0,0,2.1999999999999886,2e8d2703cb0ce0a5d031c8fbcbddff787b5f5ce2d816bd8fc4bab8364669f4f1,4f53cda18c2baa0c0354bb5f9a3ecbe5ed12ab4d8e11ba873c2f11161202b945,100000.0,100000.0,True,100000.0,0.0
k40_r2_cs_raw_m1440,643,1c899a8a4934021e357588a89833d49381e63f41589800a8f2ebe0b99cd56de5,1,True,363,valid_as_recorded,True,,0,0,12.199999999999989,d38a43c9dca769c84737bfb2de66a85df1c023769198939624384391e83df3a1,4f53cda18c2baa0c0354bb5f9a3ecbe5ed12ab4d8e11ba873c2f11161202b945,100000.0,100000.0,True,100000.0,0.0
k40_r2_cs_raw_m1440,645,fe10cfaad9a5a45d5b22b149ca69a267720212d7466cb7e56a9a9cf06ef7d992,1,True,364,valid_as_recorded,True,,0,0,12.199999999999989,c975c058446258d1eaca5f5e48484021f53b7eabf87264c8f87db2d6753777cb,4f53cda18c2baa0c0354bb5f9a3ecbe5ed12ab4d8e11ba873c2f11161202b945,100000.0,100000.0,True,100000.0,0.0
k40_r2_cs_raw_m1440,646,3850bbe834115565aa7a16a270285036f915bd7ea92330b3eb4cefdecbc269db,1,True,365,valid_as_recorded,True,,0,0,7.199999999999989,7b5889f5149a2d7abe146a3fae46bf464eee9932e3b544631f3a5ec2c60c8136,4f53cda18c2baa0c0354bb5f9a3ecbe5ed12ab4d8e11ba873c2f11161202b945,100000.0,100000.0,True,100000.0,0.0
k40_r2_cs_raw_m1440,647,aa195982e2766009a2c3769e6e11b9d9ba8d4bc83cefb971e662ecd81990b63e,1,True,366,valid_as_recorded,True,,0,0,12.399999999999977,58bc6d2bd730765f8e3cb053ce5219b5d60dcc0b6c2e34b8edf56da79d0c93c0,4f53cda18c2baa0c0354bb5f9a3ecbe5ed12ab4d8e11ba873c2f11161202b945,100000.0,100000.0,True,100000.0,0.0
k40_r2_cs_raw_m1440,649,8e707133ab5815be437af32e3b3641e63070607eef82165dec73cbceef2a5efa,1,True,367,valid_as_recorded,True,,0,0,12.199999999999989,41d078ddede671a6f3f1d27d1a14a6dfe2509e226b559c30b330e049cf1da37a,4f53cda18c2baa0c0354bb5f9a3ecbe5ed12ab4d8e11ba873c2f11161202b945,100000.0,100000.0,True,100000.0,0.0
k40_r2_cs_raw_m1440,651,cc157199a785b530298e7dc6870b26f49bd3990ae0b8ad13f0310679730ced70,1,True,368,valid_as_recorded,True,,0,0,2.1999999999999886,d79b01d4f789d701c2bb7465a7956da51f03df7563cfc6e49002021969fbc544,4f53cda18c2baa0c0354bb5f9a3ecbe5ed12ab4d8e11ba873c2f11161202b945,100000.0,100000.0,True,100000.0,0.0
k40_r2_cs_raw_m1440,653,a3bea06d4fab307493058f94a94fa1e0ff4444d3bcd68c9f83abc4cb13defd7e,1,True,369,valid_as_recorded,True,,0,0,7.399999999999977,c79cda87e77f70271e2f3624a7ac2beff20bd1089a49d478130a50cc85b4cee6,4f53cda18c2baa0c0354bb5f9a3ecbe5ed12ab4d8e11ba873c2f11161202b945,100000.0,100000.0,True,100000.0,0.0
k40_r2_cs_raw_m1440,655,b2207c74d00e086870fb5aa17566216bc6c5e6210d8e5af89762aafe7607aec5,1,True,370,valid_as_recorded,True,,0,0,12.199999999999989,0049d9236c840fe0a5be427da59a1388baef4ad74a409891042b8743720534d1,4f53cda18c2baa0c0354bb5f9a3ecbe5ed12ab4d8e11ba873c2f11161202b945,100000.0,100000.0,True,100000.0,0.0
k40_r2_cs_raw_m1440,661,aabd21b14aeb56c971dde50d09ddb118da67dc1fd48aeb9b371c40afd3cd92dc,1,True,371,valid_as_recorded,True,,0,0,12.399999999999977,dcd43584232feea85c46c2829eb34efe80466d27930a0e4e18e7cd05b67c0a50,4f53cda18c2baa0c0354bb5f9a3ecbe5ed12ab4d8e11ba873c2f11161202b945,100000.0,100000.0,True,100000.0,0.0
k40_r2_cs_raw_m1440,662,0cf3dcf14787775ba8686b727efc88c4b0e951d778072df90a12a93a69ef5513,1,True,372,valid_as_recorded,True,,0,0,9.199999999999989,ab55412adbbe202e83150f515ada10fcfe870d5f9b00c03402dd72c95bd2fcb3,4f53cda18c2baa0c0354bb5f9a3ecbe5ed12ab4d8e11ba873c2f11161202b945,100000.0,100000.0,True,100000.0,0.0
k40_r2_cs_raw_m1440,663,0113b2cf9f738fb49c655f3d8a56b9ac5b55fbdb5518885c53db22a1158d9653,1,True,373,valid_as_recorded,True,,0,0,2.1999999999999886,12ceb8649ec5cbad63a433a303a9f57d2defe8a3e1f59f284c9952874e331d94,4f53cda18c2baa0c0354bb5f9a3ecbe5ed12ab4d8e11ba873c2f11161202b945,100000.0,100000.0,True,100000.0,0.0
k40_r2_cs_raw_m1440,664,5611d31325f46d17bc30293e9f3b906170533c6b8dca9c4d7d4a3998a05e3941,1,True,374,valid_as_recorded,True,,0,0,7.199999999999989,527a00e00e3a6d79d48070c9b9052ae7f53e2d3b723dd4519295e3ce8837de63,4f53cda18c2baa0c0354bb5f9a3ecbe5ed12ab4d8e11ba873c2f11161202b945,100000.0,100000.0,True,100000.0,0.0
k40_r2_cs_raw_m1440,665,c60d3e85831650baf815775fe4fb8211209e790b1bfb7412fb886d22e6f1c7fd,1,True,375,valid_as_recorded,True,,0,0,12.199999999999989,e7bc410311d67dc98bff3fd95be9747ed1db16470f308dacd5f2505279a2f544,4f53cda18c2baa0c0354bb5f9a3ecbe5ed12ab4d8e11ba873c2f11161202b945,100000.0,100000.0,True,100000.0,0.0
k40_r2_cs_raw_m1440,666,d30989880c49ec8c6e7bc6ca62da717a48503e959c81aa4a5738c2f788cfc29d,1,True,376,valid_as_recorded,True,,0,0,12.199999999999989,bef67580663b7d3cad4402b16f4fce1596697e309b253d4a36e3556ffdf19f65,4f53cda18c2baa0c0354bb5f9a3ecbe5ed12ab4d8e11ba873c2f11161202b945,100000.0,100000.0,True,100000.0,0.0
k40_r2_cs_raw_m1440,668,9247ed9faab3f395fa83269cda8aa61002ebea9cb3b359ea9f6911dbbef34995,1,True,377,valid_as_recorded,True,,0,0,12.199999999999989,f1812bd7a64bb59677bff1cd416e1d4aa0b74a337df94a7078d6de06b838e6ce,4f53cda18c2baa0c0354bb5f9a3ecbe5ed12ab4d8e11ba873c2f11161202b945,100000.0,100000.0,True,100000.0,0.0
k40_r2_cs_raw_m1440,669,80a6e17d44f1c60e83bf23c1b4ffa2d08e568f03c763d5df0d486e3182d74a17,1,True,378,valid_as_recorded,True,,0,0,9.199999999999989,b3905d67d7e845bb698de621af693bb06cb1679c6eef86ff4d353bff94cd9eff,4f53cda18c2baa0c0354bb5f9a3ecbe5ed12ab4d8e11ba873c2f11161202b945,100000.0,100000.0,True,100000.0,0.0
k40_r2_cs_raw_m1440,671,c0e701c9dfe7895d89edeabfa40ab2d0b3539ee482661872d12d207d9945dbfe,1,True,379,valid_as_recorded,True,,0,0,2.0,ee603ea47da888fd6c1a6900e6fe1e7fd04ead43bf5763c8a2370f5a6b9435bf,4f53cda18c2baa0c0354bb5f9a3ecbe5ed12ab4d8e11ba873c2f11161202b945,100000.0,100000.0,True,100000.0,0.0
k40_r2_cs_raw_m1440,672,7ebe4dee69dbd76ba398e89072b4e18083dab1e43d8e491caff097209be46a8c,1,True,380,valid_as_recorded,True,,0,0,2.1999999999999886,d5e43804a9200fef80aedea20115d6980d5b6cb907bf2d764691c4de3e79db2b,4f53cda18c2baa0c0354bb5f9a3ecbe5ed12ab4d8e11ba873c2f11161202b945,100000.0,100000.0,True,100000.0,0.0
k40_r2_cs_raw_m1440,677,6c618a030a0bc1f9315957da9638830cf8b59387d585a18533a7e8547c01fc16,1,True,381,valid_as_recorded,True,,0,0,12.199999999999989,013b5a6e3bff4f008b2e02a2945246a9735f6a5bfe6c07073eef783bf3c467cb,4f53cda18c2baa0c0354bb5f9a3ecbe5ed12ab4d8e11ba873c2f11161202b945,100000.0,100000.0,True,100000.0,0.0
k40_r2_cs_raw_m1440,678,21629434fc56c3dfc0bd7e12dda2ad5148ddc30ed3fc724518ea52a7ca4559a5,1,True,382,valid_as_recorded,True,,0,0,12.399999999999977,e2a4de74a86102a0aa74ac094c5d9899f42c2f2933adccdbc7b985270ef6c592,4f53cda18c2baa0c0354bb5f9a3ecbe5ed12ab4d8e11ba873c2f11161202b945,100000.0,100000.0,True,100000.0,0.0
k40_r2_cs_raw_m1440,679,544d2195f6c40f129e30bf80199423df99304463f50cf53f792075f3b5a29ad3,1,True,383,valid_as_recorded,True,,0,0,14.600000000000023,6f974846941228c33383bb48e68d98b070ec03898da4183869869d87e4e9ea84,4f53cda18c2baa0c0354bb5f9a3ecbe5ed12ab4d8e11ba873c2f11161202b945,100000.0,100000.0,True,100000.0,0.0
k40_r2_cs_raw_m1440,680,6a6570195f1b16c8a33b361abb4316cb7c31cf14e96bb46f516f336226c53b32,1,True,384,valid_as_recorded,True,,0,0,2.0,350031225e4fba326adab5f6f842eb2c5a08aab667266a98cd8b44c29975d2dd,4f53cda18c2baa0c0354bb5f9a3ecbe5ed12ab4d8e11ba873c2f11161202b945,100000.0,100000.0,True,100000.0,0.0
k40_r2_cs_raw_m1440,681,3dedb675b3f7eb0bfa8465e4f5b9a924b63d81f2e158e8dbb3368a539158e917,1,True,385,valid_as_recorded,True,,0,0,9.199999999999989,f999e1941395a3de0ab42d4e4eac1ea313c38d05f1bd6ad90be2624e71e0f907,4f53cda18c2baa0c0354bb5f9a3ecbe5ed12ab4d8e11ba873c2f11161202b945,100000.0,100000.0,True,100000.0,0.0
k40_r2_cs_raw_m1440,683,f3c6f64cef28cbd0825864439cb82fbe3869e01a21798c1484589f6f25b7d861,1,True,386,valid_as_recorded,True,,0,0,2.1999999999999886,37c54a8022c4cb5d020a8fe704ebf2f2c89e7bff31f9b73f9595efb44aa7cb1f,4f53cda18c2baa0c0354bb5f9a3ecbe5ed12ab4d8e11ba873c2f11161202b945,100000.0,100000.0,True,100000.0,0.0
k40_r2_cs_raw_m1440,684,0c97c1cb8db7b568fd998261dd42c2b36b3e45e46284c171a45117cf9e16af66,1,True,387,valid_as_recorded,True,,0,0,7.199999999999989,648a6a5ef1db66826f22bb94213df5cae6b0e9bdd2ebcc4b2828218c27af13a5,4f53cda18c2baa0c0354bb5f9a3ecbe5ed12ab4d8e11ba873c2f11161202b945,100000.0,100000.0,True,100000.0,0.0
k40_r2_cs_raw_m1440,688,0db4ad98ff5f823b816f1afe45e5aa1cc424f6db38ca7aa8824582235aa375cd,1,True,388,valid_as_recorded,True,,0,0,2.0,00ae0c303a2d7efd09a02b75e7df1ed9121372b73e738e850c111148a8d542e2,4f53cda18c2baa0c0354bb5f9a3ecbe5ed12ab4d8e11ba873c2f11161202b945,100000.0,100000.0,True,100000.0,0.0
k40_r2_cs_raw_m1440,690,6b88137cb96d52899294231c1205eaa29f881d1db38a32884eb12a734bb4ecf8,1,True,389,valid_as_recorded,True,,0,0,2.1999999999999886,6b647dc93b70fdfcef5bc7e5396fbd17f754e6953344b1a58a1ace12858c4510,4f53cda18c2baa0c0354bb5f9a3ecbe5ed12ab4d8e11ba873c2f11161202b945,100000.0,100000.0,True,100000.0,0.0
k40_r2_cs_raw_m1440,694,82edebe161f88bf1b0b8388ed1650400ffb98169a17dbb4e57606f5d5fcb870d,1,True,390,valid_as_recorded,True,,0,0,12.199999999999989,1d442fe94513142f7ae27f2d934e9502f812f0d27d5e64ce51ce1da1a34aa888,4f53cda18c2baa0c0354bb5f9a3ecbe5ed12ab4d8e11ba873c2f11161202b945,100000.0,100000.0,True,100000.0,0.0
k40_r2_cs_raw_m1440,695,be5ea0aae4d2721ad9a69405892c3b46d589516daee5256eb467bed5c386d418,1,True,391,valid_as_recorded,True,,0,0,12.199999999999989,da426075fb1a4947221b8a40570ba4e532352e0b0454d48da715402b3859e510,4f53cda18c2baa0c0354bb5f9a3ecbe5ed12ab4d8e11ba873c2f11161202b945,100000.0,100000.0,True,100000.0,0.0
k40_r2_cs_raw_m1440,697,b05ee51c8290f7349a57a7dbfa620d010e2c3f4bf8b001b71adcbbd9c2bf6d39,1,True,392,valid_as_recorded,True,,0,0,2.0,7f047f832e8876e826de8b2a809edf8c187856aaf3a2d352c71bfe34e864b382,4f53cda18c2baa0c0354bb5f9a3ecbe5ed12ab4d8e11ba873c2f11161202b945,100000.0,100000.0,True,100000.0,0.0
k40_r2_cs_raw_m1440,699,468924183d2016a9c69ff26c243688a9e20ca22a032131762a494904461df8ef,1,True,393,valid_as_recorded,True,,0,0,3.3999999999999773,1deb83ad5714aba76cd6104a49b7f7018dfefc2d6d5c7cfec0a84521e6aa774a,4f53cda18c2baa0c0354bb5f9a3ecbe5ed12ab4d8e11ba873c2f11161202b945,100000.0,100000.0,True,100000.0,0.0
k40_r2_cs_raw_m1440,700,306719dbf5ebf7ab5c3a7a492caa913a5d3d15e67f8ad516dd429c17e4e507ef,1,True,394,valid_as_recorded,True,,0,0,2.1999999999999886,bf0d5b21d00ab6cc3f3fd7c78947c9362d935202ea6bb7d2dfac6940e5a51e64,4f53cda18c2baa0c0354bb5f9a3ecbe5ed12ab4d8e11ba873c2f11161202b945,100000.0,100000.0,True,100000.0,0.0
k40_r2_cs_raw_m1440,701,e25c4244e9f64fca71242ddab5d635163132f97a4a55f481543c2ae49febd84a,1,True,395,valid_as_recorded,True,,0,0,7.199999999999989,13311c67818c461366e1c56c5e158058c16fc24db798b46ec7455bcacdb9bf2f,4f53cda18c2baa0c0354bb5f9a3ecbe5ed12ab4d8e11ba873c2f11161202b945,100000.0,100000.0,True,100000.0,0.0
k40_r2_cs_raw_m1440,704,53417cda3a10bf1e81bdc30751c4575278638d0ea8f2d673f1065a5da70338ce,1,True,396,valid_as_recorded,True,,0,0,12.199999999999989,1981a9003b97fc89f51de945bf32aa0430815f430700cccf799d6aef0188e6d8,4f53cda18c2baa0c0354bb5f9a3ecbe5ed12ab4d8e11ba873c2f11161202b945,100000.0,100000.0,True,100000.0,0.0
k40_r2_cs_raw_m1440,706,99dbfc4d76fd91b84f559a73e44a6ba0b2763f5236af13670d88433272919305,1,True,397,valid_as_recorded,True,,0,0,9.199999999999989,d17cd881a83f8b728a594075ed96091da0672f736365531b1c9b41e1fb8d9fb1,4f53cda18c2baa0c0354bb5f9a3ecbe5ed12ab4d8e11ba873c2f11161202b945,100000.0,100000.0,True,100000.0,0.0
k40_r2_cs_raw_m1440,708,423e19787bed8b876811d36427fc196b8ba79d8efdc3c32e4404d0308907ea83,1,True,398,valid_as_recorded,True,,0,0,7.399999999999977,d2f55fca047ca9762d39361ed6665b00a0addc50bf356fec049f23741dbe8a89,4f53cda18c2baa0c0354bb5f9a3ecbe5ed12ab4d8e11ba873c2f11161202b945,100000.0,100000.0,True,100000.0,0.0
k40_r2_cs_raw_m1440,711,c3776da9f7c83c8611465b7f0eec25a9f3b2df730075932374db7ef6bad1d81f,1,True,399,valid_as_recorded,True,,0,0,12.199999999999989,bd97b23b85e243b41bf9faa1ab51a1581a7eec8a23a107012d84a7362cb95bce,4f53cda18c2baa0c0354bb5f9a3ecbe5ed12ab4d8e11ba873c2f11161202b945,100000.0,100000.0,True,100000.0,0.0
k40_r2_cs_raw_m1440,712,3c09134ef7b6a51082b7439df14f4565a3623029cdda1b34a45628a524383bf9,1,True,400,valid_as_recorded,True,,0,0,12.199999999999989,6f1e17feddc072bc00f979b418e1dfcf2bb7f7dcef7af40f98cda2f5acbed60c,4f53cda18c2baa0c0354bb5f9a3ecbe5ed12ab4d8e11ba873c2f11161202b945,100000.0,100000.0,True,100000.0,0.0
k40_r2_cs_raw_m1440,713,907f335bb7a050b3077b279363cf2c4827febf0cc31db4e963251dd02d9a7d5c,1,True,401,valid_as_recorded,True,,0,0,14.600000000000023,2ff58359d32bc68b625b2866fd6625e9510a218d4b7d5e9c3211e95262577030,4f53cda18c2baa0c0354bb5f9a3ecbe5ed12ab4d8e11ba873c2f11161202b945,100000.0,100000.0,True,100000.0,0.0
k40_r2_cs_raw_m1440,719,66357f68fe55612f931fa3675ec533a4fa2e46c8338fc07fe37f1f3feceb49e1,1,True,402,valid_as_recorded,True,,0,0,12.199999999999989,9421568e6388984f6cc58ebe9c29a7e221485797d3961f0f71275bc77ff381ac,4f53cda18c2baa0c0354bb5f9a3ecbe5ed12ab4d8e11ba873c2f11161202b945,100000.0,100000.0,True,100000.0,0.0
k40_r2_cs_raw_m1440,721,4d54f27ca8c78b2cd3c0328d21315c47fd08220a02ae6904424306009f330d47,1,True,403,valid_as_recorded,True,,0,0,12.199999999999989,b0fad78055b2fd299cac346a66ec8717cf050f99955c5a3d7c875f6614357598,4f53cda18c2baa0c0354bb5f9a3ecbe5ed12ab4d8e11ba873c2f11161202b945,100000.0,100000.0,True,100000.0,0.0
k40_r2_cs_raw_m1440,723,8e0af33a9584a8b984ef91014d5f6b13ac2c75d0140df7a26b52715e37ae4ffd,1,True,404,valid_as_recorded,True,,0,0,2.1999999999999886,c7cd357db7b2421d3f3f7b6bc44a5f4816e7fe64708a866cf0685998bb8e8faf,4f53cda18c2baa0c0354bb5f9a3ecbe5ed12ab4d8e11ba873c2f11161202b945,100000.0,100000.0,True,100000.0,0.0
k40_r2_cs_raw_m1440,724,d1d9ea22a112a2f6b5cdb285c3ab2ce564160af1e830eaf4884fa58f60c4ae9c,1,True,405,valid_as_recorded,True,,0,0,3.3999999999999773,6ee3d38a031c8dbfae74f4ce4aa6321f0c0e8c1c481606530696c7365d05d06c,4f53cda18c2baa0c0354bb5f9a3ecbe5ed12ab4d8e11ba873c2f11161202b945,100000.0,100000.0,True,100000.0,0.0
k40_r2_cs_raw_m1440,726,887280524e5ca40f247413b468f917ff0b9790436f1a2b114cbded71566b7de5,1,True,406,valid_as_recorded,True,,0,0,12.199999999999989,19fe53b72eda411af412cb3425ed884bee3e46b6a5d83d92015bc51efd25974f,4f53cda18c2baa0c0354bb5f9a3ecbe5ed12ab4d8e11ba873c2f11161202b945,100000.0,100000.0,True,100000.0,0.0
k40_r2_cs_raw_m1440,727,43312f23140478b33d195e5f8eaa108b19ddfb0795b0225da869bb9824b18396,1,True,407,valid_as_recorded,True,,0,0,12.199999999999989,bdff64ad71d0bdca84828a91c94b5434dd3460628e741c6e14c71ed580988b86,4f53cda18c2baa0c0354bb5f9a3ecbe5ed12ab4d8e11ba873c2f11161202b945,100000.0,100000.0,True,100000.0,0.0
k40_r2_cs_raw_m1440,728,174b085b53b8aa8af775b1cfddac9248a0052fcf96ff044c417e35ded52dadbf,1,True,408,valid_as_recorded,True,,0,0,7.199999999999989,74df0b0053b3fa46f65f4858bd772fe036de90ae09a344175dff05f4e98c2c36,4f53cda18c2baa0c0354bb5f9a3ecbe5ed12ab4d8e11ba873c2f11161202b945,100000.0,100000.0,True,100000.0,0.0
k40_r2_cs_raw_m1440,731,542e36dfbdc506ab5f6eef4dbdcf90af7d05df16c77b2e7f4a2ccd460b4e5d75,1,True,409,valid_as_recorded,True,,0,0,7.399999999999977,78f2764bff01d5236ab5f83dbc5e46c08a173bc13db4341ede243bce4425bb4f,4f53cda18c2baa0c0354bb5f9a3ecbe5ed12ab4d8e11ba873c2f11161202b945,100000.0,100000.0,True,100000.0,0.0
k40_r2_cs_raw_m1440,732,4dfee293579c134cb1def0a741cea5dae15e86f37e662cc245c6d7d86102a445,1,True,410,valid_as_recorded,True,,0,0,12.199999999999989,ac7adba2e251ad0263f409eee244c8bd7f71afaebb5927025fe8d951e2474643,4f53cda18c2baa0c0354bb5f9a3ecbe5ed12ab4d8e11ba873c2f11161202b945,100000.0,100000.0,True,100000.0,0.0
k40_r2_cs_raw_m1440,733,e2a08533c2de6bc96639db0b8e2b5bdbd47ee6dfa6e6f6fcb3bf33df2c70a871,1,True,411,valid_as_recorded,True,,0,0,14.600000000000023,66383812c7fe9a41137bf857bb884898ddf3bdd012313e0833d0a473c70d5faf,4f53cda18c2baa0c0354bb5f9a3ecbe5ed12ab4d8e11ba873c2f11161202b945,100000.0,100000.0,True,100000.0,0.0
k40_r2_cs_raw_m1440,735,425dee3ec71ce2129fe82fdd06c79817738564ae70f630d684bae916412ccbc2,1,True,412,valid_as_recorded,True,,0,0,2.0,fc5a791950b501399b88cf97ac2293204cb63b267a69bc360c719bdbafde5e07,4f53cda18c2baa0c0354bb5f9a3ecbe5ed12ab4d8e11ba873c2f11161202b945,100000.0,100000.0,True,100000.0,0.0
k40_r2_cs_raw_m1440,737,6e196ba141387127d1e389dcd2900320602465d3f56c432eebcf76331d7d480e,1,True,413,valid_as_recorded,True,,0,0,7.199999999999989,874ed5000d4963d25b8badfbe3822c00f9d71405935955d0589279adb9347e54,4f53cda18c2baa0c0354bb5f9a3ecbe5ed12ab4d8e11ba873c2f11161202b945,100000.0,100000.0,True,100000.0,0.0
k40_r2_cs_raw_m1440,738,e41f698ad844d1ada152ab447fe1de32373a03978d000328081b56a2f3775a78,1,True,414,valid_as_recorded,True,,0,0,12.199999999999989,38a9a482117b8c4f6a8db3f6429b7518e6653d05e989982e1673797f436e3039,4f53cda18c2baa0c0354bb5f9a3ecbe5ed12ab4d8e11ba873c2f11161202b945,100000.0,100000.0,True,100000.0,0.0
k40_r2_cs_raw_m1440,740,32fb1f8572b58b80a151c2ac309562831fa2c3406307e1073ac26d35abf95e7b,1,True,415,valid_as_recorded,True,,0,0,12.199999999999989,bebeac78b022534f20a7ef0125d1c32a3c18a70f84a97bd3f53afbb46ecde048,4f53cda18c2baa0c0354bb5f9a3ecbe5ed12ab4d8e11ba873c2f11161202b945,100000.0,100000.0,True,100000.0,0.0
k40_r2_cs_raw_m1440,741,651aac59ef565e98d1a5249172e2644979f05bc1935d61d3a6ed9459c53fbb0e,1,True,416,valid_as_recorded,True,,0,0,12.199999999999989,3d3479c53a808a9f40c51b532ec4ef838b18e07173c09947b75ec6243682a9b0,4f53cda18c2baa0c0354bb5f9a3ecbe5ed12ab4d8e11ba873c2f11161202b945,100000.0,100000.0,True,100000.0,0.0
k40_r2_cs_raw_m1440,742,429c094ce0757068e41aa554f1ee6ea20cbc446cc32635fef3efd9924f0daea1,1,True,417,valid_as_recorded,True,,0,0,2.1999999999999886,98c1e40ec816e7d9e116e7b140ef8df2becbad8bdecaababc8a50c1137c8cdd3,4f53cda18c2baa0c0354bb5f9a3ecbe5ed12ab4d8e11ba873c2f11161202b945,100000.0,100000.0,True,100000.0,0.0
k40_r2_cs_raw_m1440,743,bbaf1e6f5275bd2f42ae30fe905cff69eaef70574b5553f3ce461e8086f428e7,1,True,418,valid_as_recorded,True,,0,0,9.199999999999989,bf53d4f04f8c8317d5e9920a398a8d5b6f3735f497b3f4ce3eebd3093ccfaa94,4f53cda18c2baa0c0354bb5f9a3ecbe5ed12ab4d8e11ba873c2f11161202b945,100000.0,100000.0,True,100000.0,0.0
k40_r2_cs_raw_m1440,744,3349c5670d8d7bc121d7fc8689e6e72f2683df195eb0944af918c5ed84fa469a,1,True,419,valid_as_recorded,True,,0,0,2.0,0b41f4b06d83c45d687909001e3b82e71e29f1d0c61911b9e5917a0b448dbc2f,4f53cda18c2baa0c0354bb5f9a3ecbe5ed12ab4d8e11ba873c2f11161202b945,100000.0,100000.0,True,100000.0,0.0
k40_r2_cs_raw_m1440,745,0d9ce8021ae625e66eee3da36b6bc96c8b3ac51976421dfa4559a7e8491b4dc2,1,True,420,valid_as_recorded,True,,0,0,3.3999999999999773,aa8bcc5e457b500abbc7417dc577c5d9236c5638a56fd545609cb48911cb6b9a,4f53cda18c2baa0c0354bb5f9a3ecbe5ed12ab4d8e11ba873c2f11161202b945,100000.0,100000.0,True,100000.0,0.0
k40_r2_cs_raw_m1440,747,296ba4973252bf22199716436e73855654daf89926d72a105aeb34bafec27e98,1,True,421,valid_as_recorded,True,,0,0,9.199999999999989,2dfe4973cddceb8ce98f2f513dd9f1a6413210962c397d785a0e3a6a49b2b359,4f53cda18c2baa0c0354bb5f9a3ecbe5ed12ab4d8e11ba873c2f11161202b945,100000.0,100000.0,True,100000.0,0.0
k40_r2_cs_raw_m1440,748,e0de8036d20e4c6338cefa9610d60de2949cfeba6d4ac61b7b76f6b3d7cabdda,1,True,422,valid_as_recorded,True,,0,0,12.199999999999989,8594a5ae01a4e2a6fa0ccd16b51dd01564de60f3f7e2a797728517ba03d54aaf,4f53cda18c2baa0c0354bb5f9a3ecbe5ed12ab4d8e11ba873c2f11161202b945,100000.0,100000.0,True,100000.0,0.0
k40_r2_cs_raw_m1440,749,6b7d76a9540b8466e113526f1a487a7160549a43648804e1f86aacb94ae20d7b,1,True,423,valid_as_recorded,True,,0,0,7.199999999999989,3d6b0d1917529f763230b7a0045cfde055fc112287e761cf3cf2fdf8763dd8b8,4f53cda18c2baa0c0354bb5f9a3ecbe5ed12ab4d8e11ba873c2f11161202b945,100000.0,100000.0,True,100000.0,0.0
k40_r2_cs_raw_m1440,750,3b7d064a6fea895d1470f8c146b4faf93c7e984de2a0af6e2719124cf1cfe695,1,True,424,valid_as_recorded,True,,0,0,12.199999999999989,5554ae12a50fdc3045e59f37b7e0377647b98062ae8f7571ec418d2d325a23c8,4f53cda18c2baa0c0354bb5f9a3ecbe5ed12ab4d8e11ba873c2f11161202b945,100000.0,100000.0,True,100000.0,0.0
k40_r2_cs_raw_m1440,752,e7b0a0e36f581fbde67b93c1e1aa2aae07b745a6142dc469ae33c8912570c3a1,1,True,425,valid_as_recorded,True,,0,0,7.399999999999977,98b255bba121cb2fd5146c0de838ee6b516ba295c1edc6560d756268edd7de47,4f53cda18c2baa0c0354bb5f9a3ecbe5ed12ab4d8e11ba873c2f11161202b945,100000.0,100000.0,True,100000.0,0.0
k40_r2_cs_raw_m1440,754,167bda09d46b43b7ea5e9e41283d63c2b8ee27b719074e6715646355b5f95c0b,1,True,426,valid_as_recorded,True,,0,0,2.0,f08643046ab987895f9ae0c5beca43692ca134e1d8c2231272f331ab92d2de62,4f53cda18c2baa0c0354bb5f9a3ecbe5ed12ab4d8e11ba873c2f11161202b945,100000.0,100000.0,True,100000.0,0.0
k40_r2_cs_raw_m1440,756,ed7dfd5aac1d06fd9a845f20236229d42d5c2e24fe3fad902bd38a2e746da88f,1,True,427,valid_as_recorded,True,,0,0,12.199999999999989,60955c5fdc313f3aae6608a91316c381986413694ed761237cd1f9629f42d3b5,4f53cda18c2baa0c0354bb5f9a3ecbe5ed12ab4d8e11ba873c2f11161202b945,100000.0,100000.0,True,100000.0,0.0
k40_r2_cs_raw_m1440,757,5959c139c6c1fd6ba377c431ecd428d9f1b4f390d2029d012cc399ffcc91486b,1,True,428,valid_as_recorded,True,,0,0,12.199999999999989,62ae09dd332e7a9b68ded2f8dc2b4affd7cd9ea71777916b51b7a30028c2f5d3,4f53cda18c2baa0c0354bb5f9a3ecbe5ed12ab4d8e11ba873c2f11161202b945,100000.0,100000.0,True,100000.0,0.0
k40_r2_cs_raw_m1440,758,b8d7662781eca6c0ddf44e7b4b44624c82aa9448c89e561d48511a15c8332dc7,1,True,429,valid_as_recorded,True,,0,0,12.199999999999989,21e369f539964c5e09de3e7d249dcd8322163c8909c960357bb00c1ad939ca03,4f53cda18c2baa0c0354bb5f9a3ecbe5ed12ab4d8e11ba873c2f11161202b945,100000.0,100000.0,True,100000.0,0.0
k40_r2_cs_raw_m1440,760,04ce5dbdf03d7b8c9b9351cff7a4b5603c111f1be4b0c522012b06e4920af138,1,True,430,valid_as_recorded,True,,0,0,2.1999999999999886,affaea887b36047267a82ef65d8a3edf9c3d46352a5de17670ece8c42d19bfd2,4f53cda18c2baa0c0354bb5f9a3ecbe5ed12ab4d8e11ba873c2f11161202b945,100000.0,100000.0,True,100000.0,0.0
k40_r2_cs_raw_m1440,761,a9cf0c5bfacb7118d245ee1a31149cbb264f7138ee585445dd76cc681d755554,1,True,431,valid_as_recorded,True,,0,0,9.199999999999989,3db07dd3d714ef890f46618d8cba0ab57c764bb54ad15559152e328c8db20a86,4f53cda18c2baa0c0354bb5f9a3ecbe5ed12ab4d8e11ba873c2f11161202b945,100000.0,100000.0,True,100000.0,0.0
k40_r2_cs_raw_m1440,762,4f412a532eef7d3fc5ac5807cf4d6644672fb60cdc931659cbe19b013318f9a5,1,True,432,valid_as_recorded,True,,0,0,2.0,1276a6a815f0515fcdf3443ada2ac8acfc0cdcf7c568759f9c8d7f979efb48de,4f53cda18c2baa0c0354bb5f9a3ecbe5ed12ab4d8e11ba873c2f11161202b945,100000.0,100000.0,True,100000.0,0.0
k40_r2_cs_raw_m1440,763,79a2e2a22ed78b289fe41154708c19c7177767bc6906e26f44c72f1a95f07814,1,True,433,valid_as_recorded,True,,0,0,3.3999999999999773,26f811db4d5a28e3cc88a36bca81b30a9fd4fe246ee24a91d1bf3f6e8e53b9fb,4f53cda18c2baa0c0354bb5f9a3ecbe5ed12ab4d8e11ba873c2f11161202b945,100000.0,100000.0,True,100000.0,0.0
k40_r2_cs_raw_m1440,765,b01ed6e5325a84d9753bafb181ed78f7913b753a561dc77077953526ba746ee6,1,True,434,valid_as_recorded,True,,0,0,12.199999999999989,5ce9bdca07449a2c9cc5245b265069f7d8c8efeda502d55844d92435849070ce,4f53cda18c2baa0c0354bb5f9a3ecbe5ed12ab4d8e11ba873c2f11161202b945,100000.0,100000.0,True,100000.0,0.0
k40_r2_cs_raw_m1440,766,8b9ffc8628c07a6fd6da315b32e2d515be65c805850c887eb7b4862e43d3ab40,1,True,435,valid_as_recorded,True,,0,0,12.199999999999989,ec96d1f2465909af8727f520e51f4587d57c0c81c488b4bc36fd7b94ebc2e12a,4f53cda18c2baa0c0354bb5f9a3ecbe5ed12ab4d8e11ba873c2f11161202b945,100000.0,100000.0,True,100000.0,0.0
k40_r2_cs_raw_m1440,768,7fe47e275a8edac9dc7e1fd5881f9cda8a85fe55d4c572366d87f62da8f112fc,1,True,436,valid_as_recorded,True,,0,0,12.199999999999989,cf61aa9e8c30a2b91fb95c54fb772da77857eb60f4fb39a21332b7291172c4e8,4f53cda18c2baa0c0354bb5f9a3ecbe5ed12ab4d8e11ba873c2f11161202b945,100000.0,100000.0,True,100000.0,0.0
k40_r2_cs_raw_m1440,770,a04a9bd226d03918e9c7532b76b460ee95568438355669b6de41bf9b7c37ace1,1,True,437,valid_as_recorded,True,,0,0,7.399999999999977,879857f67a55e2f513e5418222a852cdab4ce94960f311fdbe1bf18fbd3dfe90,4f53cda18c2baa0c0354bb5f9a3ecbe5ed12ab4d8e11ba873c2f11161202b945,100000.0,100000.0,True,100000.0,0.0
k40_r2_cs_raw_m1440,774,9796522092602efe5f4b29b332351395d63c7b54b7b198dd36d19147b60ebb71,1,True,438,valid_as_recorded,True,,0,0,12.199999999999989,b6020599e6b10ea8f3b2a0b4a84d2579f71772f439ea8a4ac53654b24f803fc2,4f53cda18c2baa0c0354bb5f9a3ecbe5ed12ab4d8e11ba873c2f11161202b945,100000.0,100000.0,True,100000.0,0.0
k40_r2_cs_raw_m1440,775,89cbdcb6f80e8ac220ec5ed1445751e1fb34a363080a065a1aee3465892b050c,1,True,439,valid_as_recorded,True,,0,0,12.199999999999989,6520174f4859f8ff9bd810af9232bb53362b76a3313a225a23e9d01bd920cfd9,4f53cda18c2baa0c0354bb5f9a3ecbe5ed12ab4d8e11ba873c2f11161202b945,100000.0,100000.0,True,100000.0,0.0
k40_r2_cs_raw_m1440,776,61f1af84ed0fcf1ee6acc72f0ebbd71c2408512c572d14bf0ca37968f40877fb,1,True,440,valid_as_recorded,True,,0,0,12.199999999999989,bff26694e827a3f8e44ab69dbae96e9984142bec4c5ec41976cab254b316b07f,4f53cda18c2baa0c0354bb5f9a3ecbe5ed12ab4d8e11ba873c2f11161202b945,100000.0,100000.0,True,100000.0,0.0
k40_r2_cs_raw_m1440,777,4a37c378267f57b8a32e2f7188324763858140519caf08dc65fd0411d0d24f8d,1,True,441,valid_as_recorded,True,,0,0,12.199999999999989,e50d7d381ccaf6c948dacabd1c1a24f623b41f1cdeb1b9a8ebad443ec27dde9f,4f53cda18c2baa0c0354bb5f9a3ecbe5ed12ab4d8e11ba873c2f11161202b945,100000.0,100000.0,True,100000.0,0.0
k40_r2_cs_raw_m1440,778,d4e09b4e67c514f863a806a0b19231165177bb182b1bef498bfce1ec60fa4179,1,True,442,valid_as_recorded,True,,0,0,2.1999999999999886,7b133213642a83697cc84bef53d564d779701208bc6b7f3f3aa5a08b4bd3fa84,4f53cda18c2baa0c0354bb5f9a3ecbe5ed12ab4d8e11ba873c2f11161202b945,100000.0,100000.0,True,100000.0,0.0
k40_r2_cs_raw_m1440,784,3a8bfe0a5a8b72fba56b72da428d707ab5d4ed98d0cfb7d9b24a15d57aee2fe7,1,True,443,valid_as_recorded,True,,0,0,12.199999999999989,545cfc3cf95d734762d9cab57934d87fa58d7e9d3a2a1a29f7a8068eaab620af,4f53cda18c2baa0c0354bb5f9a3ecbe5ed12ab4d8e11ba873c2f11161202b945,100000.0,100000.0,True,100000.0,0.0
k40_r2_cs_raw_m1440,787,8d05dcfdffb974f7a955af7725b3bdee01caaa905f2820cb7a5e3e6224e43eb9,1,True,444,valid_as_recorded,True,,0,0,2.1999999999999886,89183182e1492eed0ce911772d6d4569ac0a915a2434ba01c7f9df200297aea9,4f53cda18c2baa0c0354bb5f9a3ecbe5ed12ab4d8e11ba873c2f11161202b945,100000.0,100000.0,True,100000.0,0.0
k40_r2_cs_raw_m1440,788,7647dfa2d6df921bb0e0f06b2e26a40310159aff454d38835b591d12ead47cd9,1,True,445,valid_as_recorded,True,,0,0,7.399999999999977,697c1b812b571541bdc0269bc3bd9e0ff44ac15c4ae470b484463766f54b6550,4f53cda18c2baa0c0354bb5f9a3ecbe5ed12ab4d8e11ba873c2f11161202b945,100000.0,100000.0,True,100000.0,0.0
k40_r2_cs_raw_m1440,789,d1fd1b4f96a7a40fe97bd3db4ed1767a5046aa93fe8acce749fb1713130cac82,1,True,446,valid_as_recorded,True,,0,0,14.600000000000023,27e4dd1f06a1fa4de0f5018aeaf366b53a043fae0dc6e69081f93b6a0149de41,4f53cda18c2baa0c0354bb5f9a3ecbe5ed12ab4d8e11ba873c2f11161202b945,100000.0,100000.0,True,100000.0,0.0
k40_r2_cs_raw_m1440,791,c8986a2f2daf24d8632b7d790f420ab35d90507b8c7bfaa707fb87a831456157,1,True,447,valid_as_recorded,True,,0,0,7.199999999999989,037d1459d1ab479307412b74aaf3a2257e3c0b569ac64101b097d770b0a3a68f,4f53cda18c2baa0c0354bb5f9a3ecbe5ed12ab4d8e11ba873c2f11161202b945,100000.0,100000.0,True,100000.0,0.0
k40_r2_cs_raw_m1440,793,d1dcb58632b3433123126a2948c0b1bf1fdfc5b150f4fd405e467c34e0d7b737,1,True,448,valid_as_recorded,True,,0,0,12.199999999999989,e9a965c3c7417c5968dbe816ffec5508b54d19909b835517bf9186bfa7f0f7dc,4f53cda18c2baa0c0354bb5f9a3ecbe5ed12ab4d8e11ba873c2f11161202b945,100000.0,100000.0,True,100000.0,0.0
k40_r2_cs_raw_m1440,796,0c864855f1e3c1e1b2e8a968915884c397036948210e6f5b6fbeab91362ad61f,1,True,449,valid_as_recorded,True,,0,0,2.1999999999999886,64fe1074941e5ca2d8118be4bd50b1a00cdbe5e19f7a0cda9219139982bdb6bd,4f53cda18c2baa0c0354bb5f9a3ecbe5ed12ab4d8e11ba873c2f11161202b945,100000.0,100000.0,True,100000.0,0.0
k40_r2_cs_raw_m1440,797,33d18c1345d56b4f3ec5d6baf410adde528b23caaa357d29ba7240cd1f290a2f,1,True,450,valid_as_recorded,True,,0,0,9.199999999999989,82e3feb96070c143bd7743dbca167dbb1e78ee9dfac0542ad436165e527e1b15,4f53cda18c2baa0c0354bb5f9a3ecbe5ed12ab4d8e11ba873c2f11161202b945,100000.0,100000.0,True,100000.0,0.0
k40_r2_cs_raw_m1440,799,564e54e46d6fd0af5cc8af6e1d3ace0da0f9cdde604112ccc93c5077ee1c03aa,1,True,451,valid_as_recorded,True,,0,0,3.3999999999999773,5dcd18d5fbf9e067bbffa04e49ad4e13df0f58b76bc3a13bba0319782a3f248e,4f53cda18c2baa0c0354bb5f9a3ecbe5ed12ab4d8e11ba873c2f11161202b945,100000.0,100000.0,True,100000.0,0.0
k40_r2_cs_raw_m1440,800,396a39dd03eb0dc2864df7317ff9f7ba5f9e96dda57166600898827faf10ba63,1,True,452,valid_as_recorded,True,,0,0,7.199999999999989,bf49566257b5ef2cad68ba3a2c95ea3f5013bb942c9b93357c3c06628b3a88f0,4f53cda18c2baa0c0354bb5f9a3ecbe5ed12ab4d8e11ba873c2f11161202b945,100000.0,100000.0,True,100000.0,0.0
k40_r2_cs_raw_m1440,801,67d4e97c1e19aa0d05aa37f1f37816964a425d432bd16eb145b3f18b1de9a686,1,True,453,valid_as_recorded,True,,0,0,12.199999999999989,42adbabcc6b7be7364612d9d455e86be3aa22eec75550b30db1773d34e844132,4f53cda18c2baa0c0354bb5f9a3ecbe5ed12ab4d8e11ba873c2f11161202b945,100000.0,100000.0,True,100000.0,0.0
k40_r2_cs_raw_m1440,807,b35058b14a5dbe58cea42efb83e86ed18d3d9dc1f5cca3ca57660f722855e615,1,True,454,valid_as_recorded,True,,0,0,14.600000000000023,170b8877fffcfa27e07f16ef3b51dbfa7ba8c6273887be661fc008559b787dd2,4f53cda18c2baa0c0354bb5f9a3ecbe5ed12ab4d8e11ba873c2f11161202b945,100000.0,100000.0,True,100000.0,0.0
k40_r2_cs_raw_m1440,808,a60c23faffa38f4ca6a9ab3ac6224ad8ffcccefdb489cca6b92c0d639918aca3,1,True,455,valid_as_recorded,True,,0,0,2.0,e3b7a2401a3b6a83534f234c5c0f944660f798bc1f1419ca4aa40d5dd642d42a,4f53cda18c2baa0c0354bb5f9a3ecbe5ed12ab4d8e11ba873c2f11161202b945,100000.0,100000.0,True,100000.0,0.0
k40_r2_cs_raw_m1440,811,91b13cc40d45f95ee98caf0e216908851fc11c5f9e2075956c43e8f9e2a5a26b,1,True,456,valid_as_recorded,True,,0,0,12.199999999999989,9c7699f13b5c916e5ffad043501f5789d4551dde121e3ebbc2b959d0cec41eac,4f53cda18c2baa0c0354bb5f9a3ecbe5ed12ab4d8e11ba873c2f11161202b945,100000.0,100000.0,True,100000.0,0.0
k40_r2_cs_raw_m1440,813,01fb6897c58f30c18da5ec6aa71d20fa2f46a8ab04e960bc1c76784a431db3d2,1,True,457,valid_as_recorded,True,,0,0,12.199999999999989,ff2d30a6bc4e5c0ac3e9a2d4d5a4ec9acdd31e4dd5f084a30e15a15861bc71bf,4f53cda18c2baa0c0354bb5f9a3ecbe5ed12ab4d8e11ba873c2f11161202b945,100000.0,100000.0,True,100000.0,0.0
k40_r2_cs_raw_m1440,819,35d2ff0944e3ad34816964224da69dd7f65e16c2b69f9505245dd67d036d2cfb,1,True,458,valid_as_recorded,True,,0,0,12.199999999999989,73b6d5ba05a0516a1de02f0cc0120a22460bffa58b9843523a12068ffb97b537,4f53cda18c2baa0c0354bb5f9a3ecbe5ed12ab4d8e11ba873c2f11161202b945,100000.0,100000.0,True,100000.0,0.0
k40_r2_cs_raw_m1440,822,8c46a4f9d5eaf0875d78d3ca0a2606caa0ffa214566a7ee6d849ae72ad62416e,1,True,459,valid_as_recorded,True,,0,0,12.199999999999989,e1172219da338e3c1e9895d1c0a26a81044dbdf314bdf9f646aae94359d03023,4f53cda18c2baa0c0354bb5f9a3ecbe5ed12ab4d8e11ba873c2f11161202b945,100000.0,100000.0,True,100000.0,0.0
k40_r2_cs_raw_m1440,823,ac2170930c3932847b0b3ef9f647b7539488902cfe5c5dd6c4364c12fecb1d27,1,True,460,valid_as_recorded,True,,0,0,2.1999999999999886,18c8c62eeb31874d81820b29b621a87e433e4eed9150347d6961400efdfd1cea,4f53cda18c2baa0c0354bb5f9a3ecbe5ed12ab4d8e11ba873c2f11161202b945,100000.0,100000.0,True,100000.0,0.0
k40_r2_cs_raw_m1440,824,47e1af61f4e69c8b26c209e68aa2e9ed70e4495ed3f919a61853726e6d3f465d,1,True,461,valid_as_recorded,True,,0,0,7.399999999999977,c39b65da8e6da5a79878c4da1a730eb5f93f9faf1b7af0fa6a824f65b6225d62,4f53cda18c2baa0c0354bb5f9a3ecbe5ed12ab4d8e11ba873c2f11161202b945,100000.0,100000.0,True,100000.0,0.0
k40_r2_cs_raw_m1440,827,6cc7908c0245cc92049e3612ad6990139ea223ac308eadc7412a753050227275,1,True,462,valid_as_recorded,True,,0,0,12.199999999999989,daa9cdca663fb3660703bac2f0694d1fb0e36dadb8d518dc068d209ea1f2928c,4f53cda18c2baa0c0354bb5f9a3ecbe5ed12ab4d8e11ba873c2f11161202b945,100000.0,100000.0,True,100000.0,0.0
k40_r2_cs_raw_m1440,830,2a229ef9d6faf6d22b697b24cfb029016cd8c9a69d52e8fd2d635ac6fc566cf1,1,True,463,valid_as_recorded,True,,0,0,2.0,f377c9bfd006de8a1901a132488281ab7ad7e58c619a85d9dbcebb664a33eab0,4f53cda18c2baa0c0354bb5f9a3ecbe5ed12ab4d8e11ba873c2f11161202b945,100000.0,100000.0,True,100000.0,0.0
k40_r2_cs_raw_m1440,832,e5cad3924626346a6734c9fbb1afb2ae957e81c5d78dfddd1b7e668c0f2b02e6,1,True,464,valid_as_recorded,True,,0,0,9.199999999999989,e89a767e7b0c0ac7c755bd641bc084f076af135bb89bb093c1fb5dcf038f1d37,4f53cda18c2baa0c0354bb5f9a3ecbe5ed12ab4d8e11ba873c2f11161202b945,100000.0,100000.0,True,100000.0,0.0
k40_r2_cs_raw_m1440,834,a5435c0ebb11494a44155614fe5ee610bcfa900898daca3c8e384ac8fd6ae5a1,1,True,465,valid_as_recorded,True,,0,0,3.3999999999999773,b784fc8639e00117d59615354ba66ad247deae8fb76b7373f3294b0d222288c2,4f53cda18c2baa0c0354bb5f9a3ecbe5ed12ab4d8e11ba873c2f11161202b945,100000.0,100000.0,True,100000.0,0.0
k40_r2_cs_raw_m1440,841,fe82bcff852291347997f4e6eabbee5ba028f3bb0e577ee033463849fc25fa40,1,True,466,valid_as_recorded,True,,0,0,14.600000000000023,25f8204e598c70a0c773103ef9fc6205c3765bc59bd35237c06b52cfe9fe85b3,4f53cda18c2baa0c0354bb5f9a3ecbe5ed12ab4d8e11ba873c2f11161202b945,100000.0,100000.0,True,100000.0,0.0
k40_r2_cs_raw_m1440,846,9bb33f32cb0c5c513fcf48b3bb10aeeb3e2d04ef671a4d445fc7e0cffe2d0fbb,1,True,467,valid_as_recorded,True,,0,0,12.199999999999989,0c91b7eaa8d5510b7862b8fb8e4c0d6dec2209687466d2e5d133217e128a724a,4f53cda18c2baa0c0354bb5f9a3ecbe5ed12ab4d8e11ba873c2f11161202b945,100000.0,100000.0,True,100000.0,0.0
k40_r2_cs_raw_m1440,848,5e73ef822c9d4d2b63f345559c1a1ed14b8f7ffa4acbe21b45e192156cf71b02,1,True,468,valid_as_recorded,True,,0,0,2.1999999999999886,db584f83d151a490fdfb687f375f093dba9347cdfa34fddf371f8c94c6da4ee8,4f53cda18c2baa0c0354bb5f9a3ecbe5ed12ab4d8e11ba873c2f11161202b945,100000.0,100000.0,True,100000.0,0.0
k40_r2_cs_raw_m1440,850,6eff44786909c33f847ffc35524e25f9fecd30fff3b1e022e60c499704ac28af,1,True,469,valid_as_recorded,True,,0,0,3.3999999999999773,a03e4e5af2c8efb5942164970b33ce3da92584118d3b4d4d7ecd8b7d7608830c,4f53cda18c2baa0c0354bb5f9a3ecbe5ed12ab4d8e11ba873c2f11161202b945,100000.0,100000.0,True,100000.0,0.0
k40_r2_cs_raw_m1440,853,b3f0649332b3e97b263a91b413911fae594bb0ad4cddddaff7e637839c471f30,1,True,470,valid_as_recorded,True,,0,0,12.199999999999989,3641f67e318c9bfe26be8c29fe6d21aeda402fd6097ce8a875d437b510f060a8,4f53cda18c2baa0c0354bb5f9a3ecbe5ed12ab4d8e11ba873c2f11161202b945,100000.0,100000.0,True,100000.0,0.0
k40_r2_cs_raw_m1440,854,ff496f66990f33860d1170c6078bc0504633ec0dd827ba81b768d3ae5da96cb6,1,True,471,valid_as_recorded,True,,0,0,9.199999999999989,f6ee06fb7ce8179439aa5e49bde594293fff38eb55038cef81896423e6fba01e,4f53cda18c2baa0c0354bb5f9a3ecbe5ed12ab4d8e11ba873c2f11161202b945,100000.0,100000.0,True,100000.0,0.0
k40_r2_cs_raw_m1440,861,f044a7d0b734cc162378919779a3ba2fcc6166538300dba266df45cc17b18feb,1,True,472,valid_as_recorded,True,,0,0,12.199999999999989,156cd219702f33fca4991b4be1caecd07286ca7f58005b1e87774c79ba521346,4f53cda18c2baa0c0354bb5f9a3ecbe5ed12ab4d8e11ba873c2f11161202b945,100000.0,100000.0,True,100000.0,0.0
k40_r2_cs_raw_m1440,866,983472db17b52f05015db8586e39cf7796e335dceb4fe6ea66553c086f648049,1,True,473,valid_as_recorded,True,,0,0,9.199999999999989,ddd2c92eac817d600a089f16f8cedd4630812eff43e08cab749e0689278316af,4f53cda18c2baa0c0354bb5f9a3ecbe5ed12ab4d8e11ba873c2f11161202b945,100000.0,100000.0,True,100000.0,0.0
k40_r2_cs_raw_m1440,867,2feb641573233fec0bc3e16f8ca303e211325f3162f8181aab729d30fa3333da,1,True,474,valid_as_recorded,True,,0,0,7.199999999999989,818f09696126353934d2d550a4300b7b96804be68ec2b475fa9f8ffc2964ad51,4f53cda18c2baa0c0354bb5f9a3ecbe5ed12ab4d8e11ba873c2f11161202b945,100000.0,100000.0,True,100000.0,0.0
k40_r2_cs_raw_m1440,868,942b121efc08522a8f450015d01ba5c244120f19bab0a453d6a4f2dd3c257589,1,True,475,valid_as_recorded,True,,0,0,3.3999999999999773,5bf93483e748bc7ecaa8f6d04ee30ab28e99d9ce248f07997aa73884f903f70a,4f53cda18c2baa0c0354bb5f9a3ecbe5ed12ab4d8e11ba873c2f11161202b945,100000.0,100000.0,True,100000.0,0.0
k40_r2_cs_raw_m1440,870,95163acbb176c37af750e9ae41e42c04a56cdd6079f5931685e4b006f4899422,1,True,476,valid_as_recorded,True,,0,0,12.199999999999989,1abc1c6ed0a0722eb7fc974c14dda5fbf515b0527ef39a0a3ddc90d73841e1f5,4f53cda18c2baa0c0354bb5f9a3ecbe5ed12ab4d8e11ba873c2f11161202b945,100000.0,100000.0,True,100000.0,0.0
k40_r2_cs_raw_m1440,874,e6a13ef65d2252572625e94d2a923bbec4aca2dbb67a9161b0231e34aa2550f7,1,True,477,valid_as_recorded,True,,0,0,7.399999999999977,b166bc27679713437bdd6a1b99d2ea793060952c965b430871a7c88a06e35f67,4f53cda18c2baa0c0354bb5f9a3ecbe5ed12ab4d8e11ba873c2f11161202b945,100000.0,100000.0,True,100000.0,0.0
k40_r2_cs_raw_m1440,877,be35ebbb7d679f27e54305b2036fe288402f7ba3fb23a1e6732ea9bbc5d810dd,1,True,478,valid_as_recorded,True,,0,0,7.199999999999989,e408ff024a4584438e30b63dc2cd8ba41091a9de6be097f7b01d7d62036cd9b2,4f53cda18c2baa0c0354bb5f9a3ecbe5ed12ab4d8e11ba873c2f11161202b945,100000.0,100000.0,True,100000.0,0.0
k40_r2_cs_raw_m1440,878,17dd740f1f492f03eec6474bb1befd578ed103d96f53cad263efdebaef7b5745,1,True,479,valid_as_recorded,True,,0,0,12.199999999999989,b965d1410e079cb11aebd5c022e0ca321219ddc9b2fa0e2a1a57387d88b03c81,4f53cda18c2baa0c0354bb5f9a3ecbe5ed12ab4d8e11ba873c2f11161202b945,100000.0,100000.0,True,100000.0,0.0
k40_r2_cs_raw_m1440,880,4595056ae8b00d586f5cce473e088d0af383ca702e006b9318dd2068ad380e37,1,True,480,valid_as_recorded,True,,0,0,12.199999999999989,a48bdb12dbf69876054108298a555e9f09b872c4d3cf257b40629d9df537536f,4f53cda18c2baa0c0354bb5f9a3ecbe5ed12ab4d8e11ba873c2f11161202b945,100000.0,100000.0,True,100000.0,0.0
k40_r2_cs_raw_m1440,882,b74db8095bcf9f15004e545ce57875828aeae8ef2f11054ffb4eb43998ca84a0,1,True,481,valid_as_recorded,True,,0,0,2.1999999999999886,3bf5a8a4a79ff392ef7d86297bfc2e668d405d9ee4b2709f8ed8d064f0a210d7,4f53cda18c2baa0c0354bb5f9a3ecbe5ed12ab4d8e11ba873c2f11161202b945,100000.0,100000.0,True,100000.0,0.0
k40_r2_cs_raw_m1440,884,528f2fe8ba1d457f8acf5a160abfaea4927761892e6980e6dbb163823865db16,1,True,482,valid_as_recorded,True,,0,0,3.3999999999999773,f39e69d0a984f446abbe968322f556ea3f1ef53153f44d7ab0fc8b1ff5334d29,4f53cda18c2baa0c0354bb5f9a3ecbe5ed12ab4d8e11ba873c2f11161202b945,100000.0,100000.0,True,100000.0,0.0
k40_r2_cs_raw_m1440,893,dfe01c8e87ad81ecc766912fc305a3914e2c13af33ae90e93e5380039f5098d4,1,True,483,valid_as_recorded,True,,0,0,14.600000000000023,3e00e3b7e08c67e1f591243c4f0ee0e2400104b95a079467857c8f96d75ada3b,4f53cda18c2baa0c0354bb5f9a3ecbe5ed12ab4d8e11ba873c2f11161202b945,100000.0,100000.0,True,100000.0,0.0
k40_r2_cs_raw_m1440,895,f658aaa7bd66127bab160560569b8d19fa144965670c00f480187bd3df80632c,1,True,484,valid_as_recorded,True,,0,0,12.199999999999989,ee9a57bc737e9face66192f104c8d7e4fb06614a6d78a1d3b9895ef1084fa301,4f53cda18c2baa0c0354bb5f9a3ecbe5ed12ab4d8e11ba873c2f11161202b945,100000.0,100000.0,True,100000.0,0.0
k40_r2_cs_raw_m1440,899,c95fa01d6286449fb2021b86f8b35ccaa195e9d474bb2b65804a0f92f68f4c36,1,True,485,valid_as_recorded,True,,0,0,2.0,f6b2cbffc1be5d3c59f8903ab4840084223ffd335a3d91cbf1bb38e263f5703f,4f53cda18c2baa0c0354bb5f9a3ecbe5ed12ab4d8e11ba873c2f11161202b945,100000.0,100000.0,True,100000.0,0.0
k40_r2_cs_raw_m1440,900,a44faf66cc45529135cac3f0d49170865a2ec2f04db64a999f2314ec287b68c8,1,True,486,valid_as_recorded,True,,0,0,9.199999999999989,1f2aa1ad0e95259f31c8c5067e2e637d2ee9fe03c3b9d5a6a58e75a52e36b20c,4f53cda18c2baa0c0354bb5f9a3ecbe5ed12ab4d8e11ba873c2f11161202b945,100000.0,100000.0,True,100000.0,0.0
k40_r2_cs_raw_m1440,901,e0edce42b2e517f3fa9b423a1f71c59dcc633a6f392a9530c371ef644ff10a48,1,True,487,valid_as_recorded,True,,0,0,7.199999999999989,142c2b4dd411ef69c40f0a3013a8c76ce35fac782de6efc1fbf15e91ec5ce759,4f53cda18c2baa0c0354bb5f9a3ecbe5ed12ab4d8e11ba873c2f11161202b945,100000.0,100000.0,True,100000.0,0.0
k40_r2_cs_raw_m1440,906,15b8409d179ae98c728aba5a0049e8eaa12106184239e57fdfe15b62649310ff,1,True,488,valid_as_recorded,True,,0,0,12.199999999999989,b33dda92a63ee0e072f2b164222af7573f45ded3dfec5c080dceffb1966a0472,4f53cda18c2baa0c0354bb5f9a3ecbe5ed12ab4d8e11ba873c2f11161202b945,100000.0,100000.0,True,100000.0,0.0
k40_r2_cs_raw_m1440,915,f35cc8f57f5dcd55f814cf7a0469cf44a00104bf76466c95fe07fc59e9c8bae3,1,True,489,valid_as_recorded,True,,0,0,2.0,184e2ff3604c91b9c0f16b452e5b586d514f196161b9ca63291506fe3ab5c9ee,4f53cda18c2baa0c0354bb5f9a3ecbe5ed12ab4d8e11ba873c2f11161202b945,100000.0,100000.0,True,100000.0,0.0
k40_r2_cs_raw_m1440,916,c4808562206528d3d319f2a0b4fb36e5c20723343787424bacfbb31f65b1d820,1,True,490,valid_as_recorded,True,,0,0,9.199999999999989,72a8c37f7c8ba3167450f04a5d530ce7c6e86f7adc029a18b4e4273d9d430b73,4f53cda18c2baa0c0354bb5f9a3ecbe5ed12ab4d8e11ba873c2f11161202b945,100000.0,100000.0,True,100000.0,0.0
k40_r2_cs_raw_m1440,919,c7239030ea1024f040f327940ede5e77c6e3cd5c18d5c21fe4a6722d3b756e99,1,True,491,valid_as_recorded,True,,0,0,12.199999999999989,7a45de8c163a2fcfcdd5a41425bdbad9cd9accd9454ca70aecdcc032d4ee48b2,4f53cda18c2baa0c0354bb5f9a3ecbe5ed12ab4d8e11ba873c2f11161202b945,100000.0,100000.0,True,100000.0,0.0
k40_r2_cs_raw_m1440,928,4a53db268cf15caad85a7dfbc39b27c87d71b68a88c27d2778d89bf0b5dfb4d1,1,True,492,valid_as_recorded,True,,0,0,2.0,56188904821707d8575b50e9b6539edbac965ac0c27a721d7b6c661de0025eff,4f53cda18c2baa0c0354bb5f9a3ecbe5ed12ab4d8e11ba873c2f11161202b945,100000.0,100000.0,True,100000.0,0.0
k40_r2_cs_raw_m1440,929,7b3615bd94c1f48d22569bbd9dd887d7f0e8e412fa6479e5e8b9f118637a8c21,1,True,493,valid_as_recorded,True,,0,0,9.199999999999989,081959530464d61d10ebcfaa795f15f512824dc2379047f07f640a1442e0c9f4,4f53cda18c2baa0c0354bb5f9a3ecbe5ed12ab4d8e11ba873c2f11161202b945,100000.0,100000.0,True,100000.0,0.0
k40_r2_cs_raw_m1440,935,ba829330e24717064cf81e988bfbf8539854d7df42b5196572654551521a7132,1,True,494,valid_as_recorded,True,,0,0,12.199999999999989,ca182c985cc5b110e94ed97a364f1b98ecc7f9d865145565c128a6ae11b56b5e,4f53cda18c2baa0c0354bb5f9a3ecbe5ed12ab4d8e11ba873c2f11161202b945,100000.0,100000.0,True,100000.0,0.0
k40_r2_cs_raw_m1440,940,e0b48116ca46d90c3bc53f3878b8715092f700180be313f82eb62764ec0ee34a,1,True,495,valid_as_recorded,True,,0,0,2.0,d59799bb8e89a2b81ae7a88d512407abca1b400ee7717d9b4241c0d9e8534deb,4f53cda18c2baa0c0354bb5f9a3ecbe5ed12ab4d8e11ba873c2f11161202b945,100000.0,100000.0,True,100000.0,0.0
k40_r2_cs_raw_m1440,941,7224ed35e7ba128092705cd7ce89da6e37542abc6e3fda02cbec774ecf343fff,1,True,496,valid_as_recorded,True,,0,0,9.199999999999989,0292c58c6a848c3aa50e5889c7d551ba70ac86a3d3c4b0f677dc3bd3b6354a8b,4f53cda18c2baa0c0354bb5f9a3ecbe5ed12ab4d8e11ba873c2f11161202b945,100000.0,100000.0,True,100000.0,0.0
k40_r2_cs_raw_m1440,944,271fe9af7243742c42049bc043a44c7d9e347de48dd520747079f3238ef9adbe,1,True,497,valid_as_recorded,True,,0,0,12.199999999999989,641530496ac82e2a48060cb8802f6b867f98e707385597715f2b850dfa057229,4f53cda18c2baa0c0354bb5f9a3ecbe5ed12ab4d8e11ba873c2f11161202b945,100000.0,100000.0,True,100000.0,0.0
k40_r2_cs_raw_m1440,945,80912bb9727b7f8afb924529e0951ab12c4882f57cf1592d953fb31c94355f43,1,True,498,valid_as_recorded,True,,0,0,12.199999999999989,02ba808971aff5af6ae1b92240dc9929cf71e8791fd19b23fcbf747879a8ebdc,4f53cda18c2baa0c0354bb5f9a3ecbe5ed12ab4d8e11ba873c2f11161202b945,100000.0,100000.0,True,100000.0,0.0
k40_r2_cs_raw_m1440,2805,56d13552964722dc5773f160428f65e30e34d51080df28a04e0c0c3d90132b80,18,True,499,deterministically_repairable,False,charge at 2190L_0 raises SOC to 300.5 > capacity 300.0,450.0,400.979997,86.9890044,9bb83d42aced7e9d613876a9adba7ef935c6d791fc2721b1662f9d3a13ea5e30,520e5f45f967ce460f9d034ebd5571f66652501bd3651b22950455d52303e836,100079.64000000013,100079.64,True,100074.7772157024,4.862784297600001
k40_r2_cs_raw_m1440,2879,8acf175f3861b4313a20b9ef7620df36870811d36c60e48bd44ce9b304580792,15,True,500,valid_as_recorded,True,,495.0,454.2499975,49.79000350000005,b2d7dbeff694ac8e3ac4faef19423428cf3f3a65d6908fab512db454b8e9b560,c8e61fffc5e12cc1e63480f92cb1afd43e7ba8296824ab164f22c033b014829e,100069.10400000005,100069.104,True,100065.061599752,4.042400248000007
k40_r2_cs_raw_m1440,5409,fb411405b082de0a1d93085eb3d9011dccef421058d7e057597580844a63eef3,24,True,501,deterministically_repairable,False,charge at PARX_1 raises SOC to 339.5 > capacity 300.0,495.0,365.4779947,191.2870061,1543726579ac24bb252f10b1b91b2682ef47e7e7f2c62bacffa49bfa70be63a4,13e42666785773ca303e045a50c3fef490325332e2c693af53de460fca9384d4,100069.10399999982,100069.104,True,100056.25541707424,12.848582925759999
k40_r2_cs_raw_m1440,5443,d4f69ea0df5c20ebc2cb96b228740191e9ec71ee2fc324c7c40be1b094919953,27,True,502,deterministically_repairable,False,charge at 7880C_0 raises SOC to 365.4 > capacity 300.0,705.0,505.0409953,229.8470036,c26bb7e2987d5839b264d70d1b3f8642de89d4e4edaf5ba830ddfd570986888f,4c6d2db63868f0105c683aeb7b63eb152e645bdaeaf3f477ce44d613fd60bf72,100099.93599999981,100099.936,True,100080.10006673376,19.83593326623999
k40_r2_cs_raw_m1440,14991,33702c7d6a22be0b14af0dd317e3b46a1eed3833c0ad12fdc7484cc7f9bc6753,20,True,503,deterministically_repairable,False,charge at 4808_0 raises SOC to 355.8 > capacity 300.0,585.0,499.20499776,97.33500324000005,4fe3e943374594cf6e34c35168d3b2337c0c543baa09d438a56d00569df8d0dc,5bf233ad2051cf29e5cdec679c0424a5b790f6ce30a77ad7deba6cbf638a5087,100088.03200000006,100088.032,True,100079.52113577779,8.510864222208
k40_r2_cs_raw_m1440,17245,1b0863428efa31aac90d168e3e53787a324c46ca87840c533fbd712c3d90d7a2,25,True,504,deterministically_repairable,False,charge at 3127L_0 raises SOC to 322.0 > capacity 300.0,630.0,489.18199666,193.43700337999996,976b96e64a766c34c9652cb037626098960cc46f08088014f3981e5a0d654880,36a1f97a70a299aff831f0ce2ef54214d43ec861ddf79bad203960430c667a03,100087.49600000007,100087.496,True,100073.52685406867,13.969145931328
k40_r2_cs_raw_m1440,17871,1bdce51f4a94872a4e851f56e2bc71b5c5a2a843663336bf6f9e96586954f072,18,True,505,valid_as_recorded,True,,495.0,355.6309986,149.0690014,2ff3e3386a3439ab9985961fc9e91d68f43aeed529c46b93c0ff0ad0c5597553,206bac736882e5eb229ea75e9e53747188931558b1d6fd16517f975a4703ae33,100079.10400000002,100079.104,True,100065.27859506111,13.825404938879998
k40_r2_cs_raw_m1440,18314,822334233340adf36e8cbe43b36eff61e335215006992ec80c03efa72f0aa69b,20,True,506,valid_as_recorded,True,,585.0,451.8749993,156.68700019999997,dcffcb928cdd2d07823177557cf7effa035dc82e5c1dcdd8dfc05b0a0a428dc9,7b2bc846c2a0a3740cf8f961ed34808d0c3c8091fc0fa7f3ccd44fe217bdcf24,100098.03200000004,100098.032,True,100084.82599993056,13.206000069440002
k40_r2_cs_raw_m1440,19443,d96f78357253d3040bbbe76082e03d207e1b614c712d681503f503dedc11e38a,33,True,507,deterministically_repairable,False,charge at JON_A_0 raises SOC to 304.3 > capacity 300.0,540.0,348.53699596,222.41300482000014,5ea4aa80ecdb2075a6c2fd80de0bd9a8fef093a0920f08e9fec7a6a0ab9ab67b,075cc9efc50f3195806305d2fcdcc1c0591824f719d8755ee8108a5bce5fdd98,100078.56800000003,100078.568,True,100059.57486999923,18.993130000768005
k40_r2_cs_raw_m1440,19785,70568bfa949d2b02aef9032ffed3c14ebff1183222dd447d6f992f12fa36560b,22,True,508,deterministically_repairable,False,charge at PARX_1 raises SOC to 354.9 > capacity 300.0,525.0,365.67299715999997,184.32900403999997,17576e68b33ba1b9b3e737a7018a384d59c1df2b0494e4f10abaef605327f83a,6c9ccf65d2545c70ecbeb66202c9fc909621bad124f3935e0f7cfed524773130,100082.08000000003,100082.08,True,100066.27476131827,15.805238681728
k40_r2_cs_raw_m1440,21529,acc1840e8ad4e2afa6791e6a6bded3aa265fbb513308a33b766d77f82b2b4ff4,20,True,509,deterministically_repairable,False,charge at 2190L_0 raises SOC to 328.2 > capacity 300.0,540.0,436.8259982,112.21400280000003,1a6c004377cd1691fae8bdf1133a549137d27c804391f65e96f327f8ab1f6e45,598e786b545ac0e07a4da6aca915cb827a5baed38da49bc0816c17802393ed88,100083.56800000003,100083.568,True,100073.33313902144,10.234860978560008
k40_r2_cs_raw_m1440,24277,e79bc366f1ef4519d4bfedd6be42e496a3953a5ad79832e48aa5423227ec6c99,30,True,510,deterministically_repairable,False,charge at PARX_1 raises SOC to 327.5 > capacity 300.0,615.0,427.704996,286.9670052000001,1a42c2ca730836aad4d59c78cda0788ab2f0185eb9f34bcc5900eb3eab15f4b9,0f48e059c3511948c47e7c67020d6db9018ab2f29d35afe67b65d190e2189f74,100076.00800000006,100076.008,True,100057.4283356032,18.5796643968
k40_r2_cs_raw_m1440,24478,cf02865930139eb2a5f9c8e12823ad2910d209eec1119553f9b9ab9c79e3e087,28,True,511,deterministically_repairable,False,charge at 3127L_0 raises SOC to 322.0 > capacity 300.0,495.0,296.0789957,229.6110052,8774a03a3e94dd956243e9a10eee589b6f6d99de1aae8d7d77a360bc699dc9ab,4e0a87495d3f5aefd16a77d475429a3e68be54e03beed384152d2d639802b48e,100079.10400000005,100079.104,True,100059.37103637344,19.73296362656
k40_r2_cs_raw_m1440,31282,e4b8cf988273b5e9f04bfd3f678e0b65821c4fbfadea1ee367a2278af792cd08,33,True,512,deterministically_repairable,False,charge at 2190L_0 raises SOC to 309.7 > capacity 300.0,675.0,511.91399516,266.45500534,28252b0ef1adaaaa27f0b0710d5c972cd7890448f7ef302048b5cfc984a53e83,b41d89b0e018fcc20107422009a2440a62a621f1dd6133890afcf476736ed139,100091.96000000006,100091.96,True,100075.78186831987,16.178131680127997
k40_r2_cs_raw_m1440,35454,5d5b2b1fb61fb161de60dd174035f2e54162c35c9497a60774709c2ce545c838,36,True,513,deterministically_repairable,False,charge at JON_A_0 raises SOC to 362.4 > capacity 300.0,705.0,492.47899656,299.00900538,a9a585b5c665bae8f656daf95c480801bfc2e9771aad486f50772cc2ba7e5649,b5e5b8d26432d258cf7f77e6fbd301042e168873aed1d388c7965168a434d750,100094.93600000005,100094.936,True,100073.85391645876,21.082083541248004
k40_r2_cs_raw_m1440,38912,7bf887b11e7e934a52194b7c3e69287f4f2b0c5dae1f85503087e81839c28e95,26,True,514,deterministically_repairable,False,charge at JON_A_0 raises SOC to 310.3 > capacity 300.0,495.0,307.954993,229.441008,2002eb4dc19d74356a3d945acedfb97838a4ef0ee0f5ac8a69873f3d653a68a0,6c86baa84bc02b7e70c1e58a08f6d4414cd1707f178c9ed73126e77051452ae4,100079.10400000002,100079.104,True,100060.5491353056,18.554864694400003
k40_r2_cs_raw_m1440,42810,2a25f4044a30cb4be58cde3e6d04e5a753a534c66fdf2c8ea6b07eb232adf2d6,29,True,515,deterministically_repairable,False,charge at 4808_0 raises SOC to 316.8 > capacity 300.0,660.0,532.5769984,187.59700109999997,c45ee2c843f5db59fe2107919ca083eefaf21ad964f0c7837ce2430cbf33f45c,7b00732de7e254e872a1aa8e79f55aae056f141d5db08a557066a24bf435c8fd,100095.47200000001,100095.472,True,100082.83163824127,12.640361758719997
k40_r2_cs_raw_m1440,42881,796a5b277ac039da0837d0d62192045015560e9ede367c2e6fdb15dfdf5674ae,25,True,516,deterministically_repairable,False,charge at 4808_0 raises SOC to 305.3 > capacity 300.0,495.0,363.53899488,163.54200642000004,d8d132441452dbdb6f019e70b03520e2a8e94aedbe75b881f596916c00279af8,cf216fe6387f621b8507e6dcfcb5b102322fcd523e20522f176340bdbcaba65c,100079.10400000002,100079.104,True,100066.06306829209,13.040931707904
