case,arm,route_index,route_schedule_sha256,failed_before,repair_stage,repaired,independent_replay_passed,before_min_soc_kwh,after_min_soc_kwh,after_terminal_kwh,old_charged_kwh,new_charged_kwh,net_added_kwh,gross_added_kwh,gross_reduced_kwh,added_full_power_equivalent_minutes,added_outside_original_windows_min,total_start_shift_min,total_end_shift_min,old_electricity_cost,new_electricity_cost,electricity_cost_change,old_charge_starts,new_charge_starts,start_fee,charging_objective_change,continuous_outside_original_event_grid,unresolved_reason
c1_k05,base,0,c23f65a76772409bbe0d30b1aa38e3cf9b93499f96261df64a54e760aada1a61,True,existing_intervals,True,True,-0.7899994999999933,5.684341886080802e-14,5.684341886080802e-14,346.4499975,347.239997,0.7899995000000217,0.789999500000004,0,0.197499875000001,0.0,0.0,0.0,34.367839751999995,34.4462077024,0.07836795040000766,6,6,5,0.07836795040000766,True,
c1_k05,base,1,388c6aeb20600e69e16d1b3a851250bd6d9aaaaaee671fbdf3a7f59bde38b9c5,True,existing_intervals,True,True,-2.0199989999999914,-7.105427357601002e-15,2.0000000000000284,262.9899985,265.0099975,2.0199989999999843,2.0199989999999985,0,0.5049997499999996,0.0,0.0,0.0,26.088607851200003,26.288991752,0.20038390079999857,2,2,5,0.20038390079999857,True,
c1_k05,base,2,220776eb48648a68c081eec25ef99a12cf5d7818c59f2779eccba55d74601202,False,unchanged,True,True,0.4010014000000055,0.4010014000000055,9.305003100000032,357.71299336000004,357.71299336000004,0.0,0,0,0.0,0.0,0.0,0.0,35.485128941312,35.485128941312,0.0,3,3,5,0.0,False,
c1_k05,base,3,729b3448beee86957e39151fc1416fed39cf24fbd11285a2ac78f3acd7c87462,False,unchanged,True,True,1.687000899999994,1.687000899999994,13.19599984000002,249.59899666,249.59899666,0.0,0,0,0.0,0.0,0.0,0.0,24.760220468672,24.760220468672,0.0,2,2,5,0.0,False,
c1_k05,base,4,0714d303a137c0824a4730b554dbc3a35d7617ed135762635e186c6fcb70bd34,True,existing_intervals,True,True,-0.8899994999999974,4.707345624410664e-14,4.707345624410664e-14,301.37199350000003,302.2619930000001,0.8899995000000445,0.8899995000000587,0,0.22249987500001467,0.0,0.0,0.0,29.8961017552,29.984389705600005,0.08828795040000514,3,3,5,0.08828795040000514,True,
c1_k05,warm,0,388c6aeb20600e69e16d1b3a851250bd6d9aaaaaee671fbdf3a7f59bde38b9c5,True,existing_intervals,True,True,-2.0199989999999914,-7.105427357601002e-15,2.0000000000000284,262.9899985,265.0099975,2.0199989999999843,2.0199989999999985,0,0.5049997499999996,0.0,0.0,0.0,26.088607851200003,26.288991752,0.20038390079999857,2,2,5,0.20038390079999857,True,
c1_k05,warm,1,d324aa498cb8e21a69ec0185f6605feccdff8f9338fa06bffeb89d0b77bd2edb,True,existing_intervals,True,True,-3.0899995000000002,2.5757174171303632e-14,2.5757174171303632e-14,197.219998,200.3099975,3.0899995000000047,3.089999500000012,0,0.772499875000003,0.0,0.0,0.0,19.564223801599997,19.870751752,0.30652795040000314,5,5,5,0.30652795040000314,True,
c1_k05,warm,2,d5e7e181911cda212f309d675871aba61cc0f100d760fb1c3e0fc3f06055cb2a,True,existing_intervals,True,True,-1.5600000000000023,-5.684341886080802e-14,-5.684341886080802e-14,429.86799262,431.42799261999994,1.5599999999999454,1.5599999999999596,0,0.3899999999999899,0.0,0.0,0.0,42.642904867904,42.797656867903996,0.1547519999999949,5,5,5,0.1547519999999949,True,
c1_k05,warm,3,3baffce7d51c461c98b13fd0e18b35c3c9b963999b8cf2150ba77180dd0be8c8,False,unchanged,True,True,10.542001299999988,10.542001299999988,10.542001299999988,185.27099756,185.27099756,0.0,0,0,0.0,0.0,0.0,0.0,18.378882957952,18.378882957952,0.0,1,1,5,0.0,False,
c1_k05,warm,4,5355cdb752ca8852a88384fa66b0035a4129a715fe96ced7a2640b9eb27430fa,False,unchanged,True,True,1.6230024999999841,1.6230024999999841,9.305003100000004,436.3509938,436.3509938,0.0,0,0,0.0,0.0,0.0,0.0,43.286018584960004,43.286018584960004,0.0,3,3,5,0.0,False,
c1_k08,base,0,c00862385275741defc61ec05bd15a19480b53abfaea54e7f978063c70df5952,True,existing_intervals,True,True,-2.0199989999999914,2.1316282072803006e-14,2.000000000000057,431.4499975,433.4699965,2.0199989999999843,2.0199990000000128,0,0.5049997500000032,0.0,0.0,0.0,42.799839752,43.0002236528,0.20038390080000568,3,3,5,0.20038390080000568,True,
c1_k08,base,1,39d890682a73f53552961610f2e4cdd3c30ec3ca3669e415dc101bcb7448a2c8,False,unchanged,True,True,14.156003000000007,14.156003000000007,14.156003000000007,206.313995,206.313995,0.0,0,0,0.0,0.0,0.0,0.0,20.466348304,20.466348304,0.0,1,1,5,0.0,False,
c1_k08,base,2,9035970d7e567b4777e7f26604141459511a9fb6d2214294bc8c011c7725b0c7,False,unchanged,True,True,1.410000499999967,1.410000499999967,1.410000499999967,315.9419967,315.9419967,0.0,0,0,0.0,0.0,0.0,0.0,31.34144607264,31.34144607264,0.0,2,2,5,0.0,False,
c1_k08,base,3,fb27ca21df825869393108669b543b17c6d3e4285aa2d5ebabb4ede491e36d8e,True,existing_intervals,True,True,-2.01999900000002,-7.105427357601002e-15,2.0000000000000284,435.5299962,437.5499952,2.0199989999999843,2.0199990000000128,0,0.5049997500000032,0.0,0.0,0.0,43.20457562304,43.40495952384,0.20038390079999857,3,3,5,0.20038390079999857,True,
c1_k08,base,4,b2c1e3012ec5694b9a953f33933d0faf84929b90da12a9b35de56cfb9902dd34,False,unchanged,True,True,10.479002540000003,10.479002540000003,10.479002540000003,313.11599829,313.11599829,0.0,0,0,0.0,0.0,0.0,0.0,31.061107030368,31.061107030368,0.0,2,2,5,0.0,False,
c1_k08,base,5,a273d682bfa4c5cc7f34f366ef7d9b67f7db69f132925584c379ddbbc604e2d2,False,unchanged,True,True,7.098002099999946,7.098002099999946,7.098002099999946,214.2169988,214.2169988,0.0,0,0,0.0,0.0,0.0,0.0,21.25032628096,21.25032628096,0.0,1,1,5,0.0,False,
c1_k08,base,6,0dfecf5a809360817ad0c244d41b4826fbbcafe7f44d698ba9799978c4894c86,False,unchanged,True,True,3.760002799999988,3.760002799999988,15.152002840000016,388.87599525999997,388.87599525999997,0.0,0,0,0.0,0.0,0.0,0.0,38.576498729792,38.576498729792,0.0,2,2,5,0.0,False,
c1_k08,base,7,bf408a16c0d2f1410a3325c1fef4484824ade6243bff894d359706112777cfd9,False,unchanged,True,True,7.325000640000027,7.325000640000027,9.489001980000044,447.11999542,447.11999542,0.0,0,0,0.0,0.0,0.0,0.0,44.354303545663996,44.354303545663996,0.0,2,2,5,0.0,False,
c1_k08,base,8,84832daa3573f9d8533a521a89cfa692a1237f6b5f8df4e34afc24a6a54a78d3,True,existing_intervals,True,True,-3.089999499999986,1.865174681370263e-14,7.9110030000000435,436.7499975,436.7499975,0.0,3.0899995000000047,3.0899994999999763,0.7724998750000012,0.0,0.0,0.0,43.325599752,43.325599752,0.0,3,3,5,0.0,True,
c1_k08,warm,0,6c98a55b8bb3c8aaba4ec2aa4cffbb7fc8d0eaa70f126cc494843a147543ad5d,False,unchanged,True,True,0.4010014000000055,0.4010014000000055,9.305003100000032,357.71299336000004,357.71299336000004,0.0,0,0,0.0,0.0,0.0,0.0,35.485128941312,35.485128941312,0.0,3,3,5,0.0,False,
c1_k08,warm,1,1efcd2f903d4ac492ecb0f1b641f9926af76a81a8bbff121be5eb5ed0c338dca,True,existing_intervals,True,True,-0.8899994999999974,4.707345624410664e-14,4.707345624410664e-14,301.37199350000003,302.2619930000001,0.8899995000000445,0.8899995000000587,0,0.22249987500001467,0.0,0.0,0.0,29.8961017552,29.984389705600005,0.08828795040000514,3,3,5,0.08828795040000514,True,
c1_k08,warm,2,729b3448beee86957e39151fc1416fed39cf24fbd11285a2ac78f3acd7c87462,False,unchanged,True,True,1.687000899999994,1.687000899999994,13.19599984000002,249.59899666,249.59899666,0.0,0,0,0.0,0.0,0.0,0.0,24.760220468672,24.760220468672,0.0,2,2,5,0.0,False,
c1_k08,warm,3,3529900d50294860b8f4d88ac8bca63e031cd2c8a20da56c3e9c6759fc31cefa,True,existing_intervals,True,True,-0.15299926000002273,-1.0658141036401503e-13,-1.0658141036401503e-13,514.4279934,514.5809926599999,0.15299925999988773,0.15299925999991615,0,0.03824981499997904,0.0,0.0,0.0,51.03125694528,51.04643447187199,0.015177526591990897,14,14,5,0.015177526591990897,True,
c1_k08,warm,4,0dfa3dcf5c849412dac1f8ca21cf16c90e08b4ccf047346a5265989ce95825c2,False,unchanged,True,True,1.9800010000000157,1.9800010000000157,10.393002100000025,331.15799953,331.15799953,0.0,0,0,0.0,0.0,0.0,0.0,32.850873553376,32.850873553376,0.0,2,2,5,0.0,False,
c1_k08,warm,5,51d377a8e162f9ac1cc21fd4138c350053179811b9a3304807091d2361d76faa,True,existing_intervals,True,True,-2.0199989999999914,-7.105427357601002e-15,13.653001080000099,491.9499975,493.96999650000004,2.019999000000041,2.0199989999999985,0,0.5049997499999996,0.0,0.0,0.0,48.801439752,49.0018236528,0.20038390079999857,3,3,5,0.20038390079999857,True,
c1_k08,warm,6,d15c53a1326840b022ffed9a66b209d6942dbd263b03d26a0cbfa59d98b4f2e8,True,existing_intervals,True,True,-1.5599999999999632,6.750155989720952e-14,6.750155989720952e-14,429.9099965,431.46999650000004,1.5600000000000591,1.5600000000000307,0,0.3900000000000077,0.0,0.0,0.0,42.6470716528,42.8018236528,0.154752000000002,3,3,5,0.154752000000002,True,
c1_k08,warm,7,b23c9a6486003fd05a54f4e6209cb5ff0c4c984d2e251b48243b8e57acdf2f4d,True,existing_intervals,True,True,-3.559999999999981,2.1316282072803006e-14,3.5400010000000464,347.21999800000003,350.779998,3.5599999999999454,3.5600000000000023,0,0.8900000000000006,0.0,0.0,0.0,34.444223801599996,34.7973758016,0.35315200000000146,3,3,5,0.35315200000000146,True,
c1_k10,base,0,a882d2dbc0a9c0cbc3a4cfb1b1dc2439dd7abdf1e247d674f79402e89a703fa6,True,existing_intervals,True,True,-2.0199989999999914,-7.105427357601002e-15,12.046999500000048,416.9499975,418.96999650000004,2.019999000000041,2.0199989999999985,0,0.5049997499999996,0.0,0.0,0.0,41.361439752,41.5618236528,0.20038390079999857,3,3,5,0.20038390079999857,True,
c1_k10,base,1,836c24dd9872ba3ea82ae37873ee14df019046b0a71b0fc2bf2270ea9a3e6224,True,existing_intervals,True,True,-0.019998999999955913,8.526512829121202e-14,8.526512829121202e-14,431.4499975,431.46999650000004,0.01999900000004118,0.01999900000004118,0,0.004999750000010295,0.0,0.0,0.0,42.799839752,42.8018236528,0.001983900800006211,3,3,5,0.001983900800006211,True,
c1_k10,base,2,0d91eea498df8d73eb1530cb32f88d6c19d84f9199e80434df11834ecbea1132,False,unchanged,True,True,6.236003039999976,6.236003039999976,6.236003039999976,438.91699732,438.91699732,0.0,0,0,0.0,0.0,0.0,0.0,43.540566134144,43.540566134144,0.0,2,2,5,0.0,False,
c1_k10,base,3,8e25d5847e2dc62ad0be0a3beaeab707c256b707d6849c2bb4ced9478ef77a91,False,unchanged,True,True,16.275003199999993,16.275003199999993,16.275003199999993,305.5259942,305.5259942,0.0,0,0,0.0,0.0,0.0,0.0,30.30817862464,30.30817862464,0.0,2,2,5,0.0,False,
c1_k10,base,4,53a88e80204f76660ffe46c81968bd693dcbee80158ae28ef11ae33cac6f2dfe,True,existing_intervals,True,True,-0.01999899999992749,8.526512829121202e-14,8.526512829121202e-14,431.4499975,431.46999650000004,0.01999900000004118,0.019999000000012757,0,0.004999750000003189,0.0,0.0,0.0,42.799839752000004,42.8018236528,0.0019839007999991054,3,3,5,0.0019839007999991054,True,
c1_k10,base,5,c1902691cbc4ca53ebd2e74ed3156fd36146e5ea8224f78a10021dd490862f45,False,unchanged,True,True,4.5720006999999185,4.5720006999999185,13.170002539999981,465.75399596,465.75399596,0.0,0,0,0.0,0.0,0.0,0.0,46.202796399232,46.202796399232,0.0,3,3,5,0.0,False,
c1_k10,base,6,03fdd7b6a58e1b15ed4f4b60923f3bfec36b40948a4bd9227b0d7cbfc8236db7,True,existing_intervals,True,True,-0.7899994999999933,5.684341886080802e-14,5.684341886080802e-14,357.8539972,358.64399670000006,0.7899995000000786,0.7899995000000501,0,0.19749987500001254,0.0,0.0,0.0,35.49911652224,35.57748447264,0.07836795040000055,3,3,5,0.07836795040000055,True,
c1_k10,base,7,71b2f25cd8a21ae25bae94ba28908c44e5c03f2dc5ebb0a3f558a8641e2b451c,False,unchanged,True,True,0.9900023000000013,0.9900023000000013,13.716001440000007,309.06499633,309.06499633,0.0,0,0,0.0,0.0,0.0,0.0,30.659247635936,30.659247635936,0.0,2,2,5,0.0,False,
c1_k10,base,8,ad98aeb7b0509803a010379e8c3aca90f594134e80e29f69ea8c31123dfb3c65,False,unchanged,True,True,1.6100005000000976,1.6100005000000976,1.6100005000000976,490.879997,490.879997,0.0,0,0,0.0,0.0,0.0,0.0,48.6952957024,48.6952957024,0.0,3,3,5,0.0,False,
c1_k10,base,9,2795018fcc170980c88e9bb16ca2f672c93b8711d66085968fff48d1d7119fab,True,existing_intervals,True,True,-0.11999900000003105,8.970602038971265e-14,8.970602038971265e-14,326.6679941,326.7879931000001,0.11999900000012076,0.11999900000009234,0,0.029999750000023084,0.0,0.0,0.0,32.40546501472,32.41736891552001,0.01190390080000725,2,2,5,0.01190390080000725,True,
c1_k10,base,10,3ab92868538a6a6a20ffbb3c3b9c26a3c87ec83e71275ace284db139f8fe394b,True,existing_intervals,True,True,-2.3199989999999913,3.2862601528904634e-14,12.479002099999992,434.2499975,436.5699965,2.3199989999999957,2.31999900000001,0,0.5799997500000025,0.0,0.0,0.0,43.077599752,43.3077436528,0.2301439008000017,3,3,5,0.2301439008000017,True,
c1_k10,warm,0,5b1c3a0b16ae26947817988408f795348c21af025b7d67e9d12dc84c79c5842e,True,existing_intervals,True,True,-0.11999900000000263,-5.240252676230739e-14,-5.240252676230739e-14,307.73399306,307.85399206,0.11999900000000707,0.11999899999999286,0,0.029999749999998215,0.0,0.0,0.0,30.527212111551997,30.539116012351997,0.011903900800000144,3,3,5,0.011903900800000144,True,
c1_k10,warm,1,729b3448beee86957e39151fc1416fed39cf24fbd11285a2ac78f3acd7c87462,False,unchanged,True,True,1.687000899999994,1.687000899999994,13.19599984000002,249.59899666,249.59899666,0.0,0,0,0.0,0.0,0.0,0.0,24.760220468672,24.760220468672,0.0,2,2,5,0.0,False,
c1_k10,warm,2,6718aba3d89c2729d58e52f42bd4401a783f4d554f638f4fb7585ddd65ff1350,False,unchanged,True,True,1.6230024999999841,1.6230024999999841,9.305003100000004,436.3509938,436.3509938,0.0,0,0,0.0,0.0,0.0,0.0,43.286018584960004,43.286018584960004,0.0,3,3,5,0.0,False,
c1_k10,warm,3,30a7a4dd0e977f46f298a2117f90021edadc582a7b91236169104029512a75aa,False,unchanged,True,True,1.909000239999962,1.909000239999962,1.909000239999962,482.0469936,482.0469936,0.0,0,0,0.0,0.0,0.0,0.0,47.81906176512,47.81906176512,0.0,12,12,5,0.0,False,
c1_k10,warm,4,0dfa3dcf5c849412dac1f8ca21cf16c90e08b4ccf047346a5265989ce95825c2,False,unchanged,True,True,1.9800010000000157,1.9800010000000157,10.393002100000025,331.15799953,331.15799953,0.0,0,0,0.0,0.0,0.0,0.0,32.850873553376,32.850873553376,0.0,2,2,5,0.0,False,
c1_k10,warm,5,51d377a8e162f9ac1cc21fd4138c350053179811b9a3304807091d2361d76faa,True,existing_intervals,True,True,-2.0199989999999914,-7.105427357601002e-15,13.653001080000099,491.9499975,493.96999650000004,2.019999000000041,2.0199989999999985,0,0.5049997499999996,0.0,0.0,0.0,48.801439752,49.0018236528,0.20038390079999857,3,3,5,0.20038390079999857,True,
c1_k10,warm,6,574e2f52f3f6d81688868c939711ac923a3c430b90d8c8f730aa17e037eb3108,True,existing_intervals,True,True,-1.2499984999999825,2.1316282072803006e-14,0.4599990000000389,346.4499975,347.699996,1.2499985000000038,1.2499985000000038,0,0.31249962500000095,0.0,0.0,0.0,34.367839752,34.4918396032,0.12399985119999712,2,2,5,0.12399985119999712,True,
c1_k10,warm,7,06aa90a0a64cbbab199e1eba471b6e413797c2c6d2fa7c07d2d63ad186e2cdd2,True,existing_intervals,True,True,-0.019998999999955913,8.526512829121202e-14,8.526512829121202e-14,431.4499975,431.46999650000004,0.01999900000004118,0.01999900000004118,0,0.004999750000010295,0.0,0.0,0.0,42.799839752,42.8018236528,0.001983900800006211,4,4,5,0.001983900800006211,True,
c1_k10,warm,8,fbd25515514a1b33ed79da93f092e5c79317d75cfe121f2f69a40b568244f74d,True,existing_intervals,True,True,-0.019998999999955913,8.526512829121202e-14,8.526512829121202e-14,431.4499975,431.46999650000004,0.01999900000004118,0.01999900000004118,0,0.004999750000010295,0.0,0.0,0.0,42.799839752,42.8018236528,0.001983900800006211,3,3,5,0.001983900800006211,True,
c1_k10,warm,9,9e8f2fe1924ec7f0b2bc22fc99f9af7354604167c52869fdbce646973769ab3d,True,existing_intervals,True,True,-3.559999999999974,-1.4210854715202004e-14,6.8570006999999835,458.10999649999997,461.66999649999997,3.5600000000000023,3.559999999999956,0,0.889999999999989,0.0,0.0,0.0,45.444511652799996,45.79766365279999,0.35315199999999436,7,7,5,0.35315199999999436,True,
c1_k15,base,0,c7a5dff0f3679fa7127067be74b0b202dbbdeced46f46197b258ccde6cf22147,False,unchanged,True,True,3.4490000400001364,3.4490000400001364,3.4490000400001364,526.14300062,526.14300062,0.0,0,0,0.0,0.0,0.0,0.0,52.193385661503996,52.193385661503996,0.0,12,12,5,0.0,False,
c1_k15,base,1,ab5a5d72010ee98dfaab04493bb4b01fb0051a09586a4ed9b0be7c769ecdbc03,False,unchanged,True,True,3.481000499999965,3.481000499999965,3.481000499999965,506.70299692000003,506.70299692000003,0.0,0,0,0.0,0.0,0.0,0.0,50.264937294464,50.264937294464,0.0,12,12,5,0.0,False,
c1_k15,base,2,f0e42c0a77d9a6de8bffbcf2b92fc67a61910030cdd932e5f8e968aec97639da,True,existing_intervals,True,True,-1.9029993000000829,2.1316282072803006e-14,2.1316282072803006e-14,490.96299336,492.8659926600001,1.90299930000009,1.9029993000001113,0,0.4757498250000278,0.0,0.0,0.0,48.703528941311994,48.892306471872004,0.18877753056001012,8,8,5,0.18877753056001012,True,
c1_k15,base,3,1f2ce1fe9a4c779e84200b6f9f71c3c4ab5e82fd0de7c575c18746b260983dae,False,unchanged,True,True,28.140000000000043,28.140000000000043,28.140000000000043,591.07699086,591.07699086,0.0,0,0,0.0,0.0,0.0,0.0,58.634837493312,58.634837493312,0.0,10,10,5,0.0,False,
c1_k15,base,4,7c74fc0e89f3164e422eb137d2ccc51f77afe7c9ee49c78d9a7434f2b6bebf86,True,existing_intervals,True,True,-1.5600000000000023,0.0,0.0,421.51799270000004,423.07799270000004,1.5600000000000023,1.5600000000000165,0,0.3900000000000041,0.0,0.0,0.0,41.81458487584,41.96933687584,0.154752000000002,6,6,5,0.154752000000002,True,
c1_k15,base,5,c77bd014b5ad0320a94deb41cec525684ed1ac8c9b7be779a31b7540bac0299c,False,unchanged,True,True,8.039999999999964,8.039999999999964,30.858000599999972,630.7489941,630.7489941,0.0,0,0,0.0,0.0,0.0,0.0,62.57030021471999,62.57030021471999,0.0,7,7,5,0.0,False,
c1_k15,base,6,d7ce13cbe4649340a89c286ece79c541bfc61666e3059c23fbea301cf672a5bc,False,unchanged,True,True,3.9100004999999713,3.9100004999999713,4.373002199999978,562.1359957,562.1359957,0.0,0,0,0.0,0.0,0.0,0.0,55.76389077344,55.76389077344,0.0,7,7,5,0.0,False,
c1_k15,base,7,08604a7460c3cc53ef34a490f190ee5c39fdd19043b7e83149151fbace685aa6,True,existing_intervals,True,True,-2.3199989999999913,8.970602038971265e-14,8.970602038971265e-14,429.86999276,432.18999176000005,2.3199990000000525,2.3199990000000668,0,0.5799997500000167,0.0,0.0,0.0,42.643103281792,42.873247182592,0.2301439008000017,4,4,5,0.2301439008000017,True,
c1_k15,base,8,c3ff70715dc7815dd8e259b296c6e8b24e8e0117df9f1a0d2508cccd6dd2347b,True,existing_intervals,True,True,-3.089999499999979,2.5757174171303632e-14,4.430000100000041,452.1089959,455.1989954,3.0899994999999763,3.0899994999999905,0,0.7724998749999976,0.0,0.0,0.0,44.84921239328,45.15574034368,0.30652795040000314,7,7,5,0.30652795040000314,True,
c1_k15,base,9,2e8267045d9bb617d5fd1a27084fcae1d09a6dbb353d824d084e6e46108ca3ca,True,existing_intervals,True,True,-0.7899994999999649,5.684341886080802e-14,5.684341886080802e-14,346.4499975,347.239997,0.7899995000000217,0.7899995000000217,0,0.19749987500000543,0.0,0.0,0.0,34.367839751999995,34.4462077024,0.07836795040000766,2,2,5,0.07836795040000766,True,
c1_k15,base,10,9fec624ea330e2e3f7959d332e5bd085d3318b9d0b6e7c5ef07be695edebf02e,False,unchanged,True,True,5.402000739999929,5.402000739999929,5.402000739999929,217.70399742,217.70399742,0.0,0,0,0.0,0.0,0.0,0.0,21.596236544064,21.596236544064,0.0,1,1,5,0.0,False,
c1_k15,base,11,8ae6ec09884288650a87dc37470d4399d3ccd4caa748067f1a0daddbebf188d0,True,existing_intervals,True,True,-1.5499984999999823,3.2862601528904634e-14,3.2862601528904634e-14,198.759999,200.3099975,1.5499985000000152,1.5499985000000152,0,0.3874996250000038,0.0,0.0,0.0,19.7169919008,19.870751752,0.15375985120000024,1,1,5,0.15375985120000024,True,
c1_k15,base,12,e9d0b9fda5db59a7775b087bc58aaa9c3ad1ce74452c29e009337ab7db82330b,True,existing_intervals,True,True,-2.0199989999999914,2.1316282072803006e-14,2.000000000000057,347.21999800000003,349.239997,2.0199989999999843,2.0199990000000128,0,0.5049997500000032,0.0,0.0,0.0,34.4442238016,34.6446077024,0.20038390079999857,2,2,5,0.20038390079999857,True,
c1_k15,base,13,b9492b9d86620c2f163ed9cbf9a936905fbdabcdae8c4a27cd889eb9531503a7,False,unchanged,True,True,11.494000600000003,11.494000600000003,13.924001599999993,224.9459994,224.9459994,0.0,0,0,0.0,0.0,0.0,0.0,22.31464314048,22.31464314048,0.0,1,1,5,0.0,False,
c1_k15,base,14,4103931baa6629a160d7243227cd2e8a8af489738ae4c2a87a1f837146cfae5f,True,existing_intervals,True,True,-1.5499984999999823,3.2862601528904634e-14,3.2862601528904634e-14,198.759999,200.3099975,1.5499985000000152,1.5499985000000152,0,0.3874996250000038,0.0,0.0,0.0,19.7169919008,19.870751752,0.15375985120000024,1,1,5,0.15375985120000024,True,
c1_k15,base,15,5bab5553f08e04feec2c97fd0563a083f24808226786116039f201ad2c4e8b3b,False,unchanged,True,True,3.554000400000004,3.554000400000004,3.554000400000004,240.019998,240.019998,0.0,0,0,0.0,0.0,0.0,0.0,23.809983801599998,23.809983801599998,0.0,2,2,5,0.0,False,
c1_k15,base,16,e394ca8674c38b06ac8e12c05120772311b2893cfaaa3ed0407ce8f61b69a2e0,True,existing_intervals,True,True,-2.319998999999963,8.970602038971265e-14,8.970602038971265e-14,362.319998,364.63999700000005,2.3199990000000525,2.3199990000000525,0,0.5799997500000131,0.0,0.0,0.0,35.9421438016,36.172287702400006,0.2301439008000088,2,2,5,0.2301439008000088,True,
c1_k15,base,17,99ba4a892df09bb404a41f47d5827aeece0854c5f3c028ad0d0644a26d78c4f6,True,existing_intervals,True,True,-1.5499984999999823,3.2862601528904634e-14,3.2862601528904634e-14,198.759999,200.3099975,1.5499985000000152,1.5499985000000152,0,0.3874996250000038,0.0,0.0,0.0,19.7169919008,19.870751752,0.15375985120000024,1,1,5,0.15375985120000024,True,
c1_k15,warm,0,b4d2b5cdd9d3efe3e7d57efc3ea717fa5c01b133ec9183bf94f9a8e66e48b2c3,True,existing_intervals,True,True,-3.5600000000000023,-1.4210854715202004e-14,2.7700004999999805,346.4499975,350.0099975,3.5600000000000023,3.5599999999999916,0,0.8899999999999979,0.0,0.0,0.0,34.367839752,34.720991751999996,0.35315199999999436,7,7,5,0.35315199999999436,True,
c1_k15,warm,1,158261204d5d5a8c275721a10edacfc3e763301b4becf78d9c5c28ad3afd01d0,True,existing_intervals,True,True,-2.0199989999999914,-7.105427357601002e-15,1.2299995000000195,346.4499975,348.4699965,2.0199989999999843,2.0199989999999985,0,0.5049997499999996,0.0,0.0,0.0,34.367839752,34.5682236528,0.20038390079999857,3,3,5,0.20038390079999857,True,
c1_k15,warm,2,43e57d8b4495d8e08fde039370523b6bfd2eec71b57131bcd836bde6b7371e86,True,existing_intervals,True,True,-1.3469993999999756,7.549516567451064e-14,4.898001800000082,369.77899186,371.12599126000003,1.3469994000000156,1.3469994000000511,0,0.3367498500000128,0.0,0.0,0.0,36.682075992512,36.81569833299201,0.13362234048000943,6,6,5,0.13362234048000943,True,
c1_k15,warm,3,233d458389fa8652a997968a059204830420d6d990fb808afbf72eda9aa893e7,False,unchanged,True,True,1.6870008999999513,1.6870008999999513,13.195999839999992,247.2119977,247.2119977,0.0,0,0,0.0,0.0,0.0,0.0,24.523430171839998,24.523430171839998,0.0,2,2,5,0.0,False,
c1_k15,warm,4,561d4901c8aa10df5b95b2f22cfc1c75aef32ea99add6d67207029770f4ecb40,False,unchanged,True,True,1.62300249999997,1.62300249999997,10.413001739999963,414.8929934,414.8929934,0.0,0,0,0.0,0.0,0.0,0.0,41.15738494528,41.15738494528,0.0,3,3,5,0.0,False,
c1_k15,warm,5,78420fddee8cccef5da815d094121e2e0ba010ab7157abc999f454c5fa66ea33,True,existing_intervals,True,True,-1.500999799999967,-2.842170943040401e-14,-2.842170943040401e-14,547.58199311,549.0829929099999,1.5009997999999314,1.5009997999999385,0,0.3752499499999846,0.0,0.0,0.0,54.320133716512,54.46903289667199,0.1488991801599937,8,8,5,0.1488991801599937,True,
c1_k15,warm,6,7a85b98bffdc75541c844d93a9308c5475eac832422206061fa9b680e2b0aa3e,True,existing_intervals,True,True,-1.5499984999999823,1.1812772982011666e-13,1.1812772982011666e-13,451.4499975,452.99999600000007,1.549998500000072,1.5499985000000578,0,0.38749962500001445,0.0,0.0,0.0,44.783839752,44.937599603200006,0.15375985120000735,9,9,5,0.15375985120000735,True,
c1_k15,warm,7,d3a5cd10e5832e1bdcd252d092cf9c844b94c0c0ce3f930fc3d78c2b1409c6a9,True,existing_intervals,True,True,-1.559999999999988,5.684341886080802e-14,5.684341886080802e-14,514.139996,515.699996,1.5600000000000591,1.5600000000000378,0,0.39000000000000945,0.0,0.0,0.0,51.0026876032,51.157439603200004,0.154752000000002,8,8,5,0.154752000000002,True,
c1_k15,warm,8,7ce3f9d9914f7cd66790d103794203fad5c936a922806a78e71748b837fd5888,True,existing_intervals,True,True,-2.7899995000000004,-7.105427357601002e-15,2.0,408.379997,411.16999649999997,2.789999499999965,2.7899994999999613,0,0.6974998749999903,0.0,0.0,0.0,40.5112957024,40.78806365279999,0.2767679503999929,6,6,5,0.2767679503999929,True,
c1_k15,warm,9,a73498ca913f1a6c3dabc38e1f7bd5ad733492541f7c7f73eecddd6a76e82723,False,unchanged,True,True,1.5480001000000145,1.5480001000000145,12.131001640000026,451.24699823,451.24699823,0.0,0,0,0.0,0.0,0.0,0.0,44.763702224416,44.763702224416,0.0,5,5,5,0.0,False,
c1_k15,warm,10,a432849ab471aed9dd4a9db09825bf6eea4067ba7165915a3f8718fdb13dbb51,True,existing_intervals,True,True,-3.5600000000000023,7.815970093361102e-14,4.400000000000119,596.639996,600.199996,3.560000000000059,3.5600000000000733,0,0.8900000000000183,0.0,0.0,0.0,59.1866876032,59.53983960320001,0.35315200000000857,10,10,5,0.35315200000000857,True,
c1_k15,warm,11,6b282e1dc3c621479007f6b8dcd9f8e850ff3764f053db460a95ed5936a702dd,False,unchanged,True,True,0.46200240000001,0.46200240000001,0.46200240000001,462.63499476,462.63499476,0.0,0,0,0.0,0.0,0.0,0.0,45.893391480192,45.893391480192,0.0,5,5,5,0.0,False,
c1_k15,warm,12,970bce58f1c95478606945cb203fc7178836804629a283b8524441e7380267d2,False,unchanged,True,True,5.73200480000001,5.73200480000001,5.73200480000001,222.18599846,222.18599846,0.0,0,0,0.0,0.0,0.0,0.0,22.040851047232,22.040851047232,0.0,1,1,5,0.0,False,
c1_k15,warm,13,feb516d8e0e0e0ba6ad6ecc8b12389f67ebaf1fce1d10fb639cf912f6da8b061,False,unchanged,True,True,0.5370011000000261,0.5370011000000261,59.00600018000007,581.24899588,581.24899588,0.0,0,0,0.0,0.0,0.0,0.0,57.659900391296,57.659900391296,0.0,10,10,5,0.0,False,
c1_k15,warm,14,096330b82b345ae0d74ffcbd102901cc093b6200a9b70a3b46966c07beed6f61,False,unchanged,True,True,7.134001479999999,7.134001479999999,7.134001479999999,224.53099716,224.53099716,0.0,0,0,0.0,0.0,0.0,0.0,22.273474918271997,22.273474918271997,0.0,1,1,5,0.0,False,
c2_k05,base,0,196b5bb5bdef0ae5be8659f106c5feaaab7483f903d0914ed3304c7092ebba16,False,unchanged,True,True,11.782003279999987,11.782003279999987,11.782003279999987,219.9809956,219.9809956,0.0,0,0,0.0,0.0,0.0,0.0,21.82211476352,21.82211476352,0.0,1,1,5,0.0,False,
c2_k05,base,1,74409df9a6696bb02b3433a817c13ca9d287f64ae03964131c7163f79448a0da,False,unchanged,True,True,13.691000499999971,13.691000499999971,13.691000499999971,209.928999,209.928999,0.0,0,0,0.0,0.0,0.0,0.0,20.824956700799998,20.824956700799998,0.0,1,1,5,0.0,False,
c2_k05,base,2,44945d17ca9ed4d97f87bbd2837408fcb7718ff554de15711907f6f055d44504,False,unchanged,True,True,15.669002699999986,15.669002699999986,15.669002699999986,212.2639958,212.2639958,0.0,0,0,0.0,0.0,0.0,0.0,21.056588383359998,21.056588383359998,0.0,1,1,5,0.0,False,
c2_k05,base,3,0431e96285e76b54a9249865eafbf8e76493d2661d35efc7de15449b75e12bfd,False,unchanged,True,True,9.263002600000004,9.263002600000004,9.263002600000004,357.00699746,357.00699746,0.0,0,0,0.0,0.0,0.0,0.0,35.415094148032,35.415094148032,0.0,2,2,5,0.0,False,
c2_k05,base,4,f4d724e5b7054fce7a207373c2fb0c785d0d71e4a9e8ad3feb295e02e0dd1efc,True,existing_intervals,True,True,-3.0899994999999576,7.549516567451064e-14,7.549516567451064e-14,365.679997,368.76999650000005,3.089999500000033,3.089999500000019,0,0.7724998750000047,0.0,0.0,0.0,36.2754557024,36.581983652800005,0.30652795040000314,4,4,5,0.30652795040000314,True,
c2_k05,warm,0,59b1cba35e0d0295d8e210f2f910f91c943c6d8a7672c695251df2f1dc862a9a,False,unchanged,True,True,6.859002899999993,6.859002899999993,6.859002899999993,142.9749982,142.9749982,0.0,0,0,0.0,0.0,0.0,0.0,14.183119821439998,14.183119821439998,0.0,1,1,5,0.0,False,
c2_k05,warm,1,decc8d7e165dd08295001d68582ffc2ed00a82f1865d0d766ce0062561f1987d,True,existing_intervals,True,True,-3.089999499999986,2.5757174171303632e-14,2.5757174171303632e-14,197.219998,200.3099975,3.0899995000000047,3.089999500000012,0,0.772499875000003,0.0,0.0,0.0,19.564223801599997,19.870751752,0.30652795040000314,2,2,5,0.30652795040000314,True,
c2_k05,warm,2,a1393728a8a072966ed40dca1c5691e419d26e481188bd0702e7f4ee2b8f9e52,False,unchanged,True,True,5.698001399999995,5.698001399999995,25.573001699999985,475.88299666,475.88299666,0.0,0,0,0.0,0.0,0.0,0.0,47.207593268672,47.207593268672,0.0,3,3,5,0.0,False,
c2_k05,warm,3,cad22038da20d7833474859aef09b627e5e0eedda873dec911927a580e1e0611,True,existing_intervals,True,True,-0.11999900000000263,4.440892098500626e-15,11.848001240000023,478.7339948,478.8539938,0.11999900000000707,0.11999899999999286,0,0.029999749999998215,0.0,0.0,0.0,47.49041228416,47.50231618496,0.011903900800000144,3,3,5,0.011903900800000144,True,
c2_k05,warm,4,fd73a5121fc90663a7f55a5c07697bb370eaaaef013e7bfb0c23d1cdbf82db3a,False,unchanged,True,True,10.518003539999992,10.518003539999992,15.639000639999995,170.92199646,170.92199646,0.0,0,0,0.0,0.0,0.0,0.0,16.955462048832,16.955462048832,0.0,1,1,5,0.0,False,
c2_k08,base,0,15b3ae881213d428680891a126517f4cfc42a2fa21c744ede3188ff99897a763,False,unchanged,True,True,8.722004399999982,8.722004399999982,20.58300179999994,408.6849926,408.6849926,0.0,0,0,0.0,0.0,0.0,0.0,40.54155126592,40.54155126592,0.0,2,2,5,0.0,False,
c2_k08,base,1,180678697478ecfc2036ea2127f9170ca0856420aa300370e63c2747ae6c6177,False,unchanged,True,True,9.816000380000059,9.816000380000059,9.816000380000059,222.44399876,222.44399876,0.0,0,0,0.0,0.0,0.0,0.0,22.066444676992,22.066444676992,0.0,1,1,5,0.0,False,
c2_k08,base,2,51e0a15f4a95dc275e15ba5bb9cf5c8e59a4d0dc20ed8f01c803b03daafc2a76,False,unchanged,True,True,7.96700119999999,7.96700119999999,7.96700119999999,167.1049984,167.1049984,0.0,0,0,0.0,0.0,0.0,0.0,16.57681584128,16.57681584128,0.0,1,1,5,0.0,False,
c2_k08,base,3,d650d2a4250ea5dc50e72484c144eaa818c97750ed20c9e1d2949eccd3ce44f5,False,unchanged,True,True,7.910004099999959,7.910004099999959,9.73500143999996,422.06299409999997,422.06299409999997,0.0,0,0,0.0,0.0,0.0,0.0,41.86864901472,41.86864901472,0.0,2,2,5,0.0,False,
c2_k08,base,4,bf9b3df71e7f931937302aecb602e249b91a7162dadbfd3fae75c8c97f758aae,False,unchanged,True,True,12.23900228000004,12.23900228000004,14.496003030000075,221.70099772,221.70099772,0.0,0,0,0.0,0.0,0.0,0.0,21.992738973824,21.992738973824,0.0,1,1,5,0.0,False,
c2_k08,base,5,3383d455c6cc8564c58fa2382a826a4ef396fddb67ec5b96975b40fc84d9016a,True,existing_intervals,True,True,-3.089999499999986,4.707345624410664e-14,4.707345624410664e-14,365.67999699999996,368.76999650000005,3.08999950000009,3.089999500000033,0,0.7724998750000083,0.0,0.0,0.0,36.275455702399995,36.5819836528,0.30652795040000314,4,4,5,0.30652795040000314,True,
c2_k08,base,6,ab999e71b6a6d23002173fa86642543726b6b03f49282a45009a488eaf5c095f,False,unchanged,True,True,12.59700294000001,12.59700294000001,12.59700294000001,162.4119973,162.4119973,0.0,0,0,0.0,0.0,0.0,0.0,16.11127013216,16.11127013216,0.0,1,1,5,0.0,False,
c2_k08,base,7,bf588c3caedbb5131c86e2b10c92ee3ce58d6b2f50ed0ef9ee80fcce67021b9e,False,unchanged,True,True,12.135002069999983,12.135002069999983,12.135002069999983,0,0,0,0,0,0.0,0.0,0.0,0.0,0,0,0,0,0,5,0,False,
c2_k08,base,8,618c21de73232841782ac6c373abe639b5858921475898bafea22ae9c7b7433b,False,unchanged,True,True,4.612001099999998,4.612001099999998,4.612001099999998,218.2189989,218.2189989,0.0,0,0,0.0,0.0,0.0,0.0,21.647324690879998,21.647324690879998,0.0,1,1,5,0.0,False,
c2_k08,warm,0,decc8d7e165dd08295001d68582ffc2ed00a82f1865d0d766ce0062561f1987d,True,existing_intervals,True,True,-3.089999499999986,2.5757174171303632e-14,2.5757174171303632e-14,197.219998,200.3099975,3.0899995000000047,3.089999500000012,0,0.772499875000003,0.0,0.0,0.0,19.564223801599997,19.870751752,0.30652795040000314,2,2,5,0.30652795040000314,True,
c2_k08,warm,1,72f55c15072a5684d355a8951040728c40e99e2f0e46c474e135089901bc0868,True,existing_intervals,True,True,-2.1889993000000363,-9.414691248821327e-14,-9.414691248821327e-14,468.23599306,470.42499236,2.1889992999999777,2.1889992999999457,0,0.5472498249999864,0.0,0.0,0.0,46.449010511552,46.666159242111995,0.21714873055999817,11,11,5,0.21714873055999817,True,
c2_k08,warm,2,297e03732ed78dfebaee7bc51dd67d8060b48c5baea849a004180d50eaf6c368,False,unchanged,True,True,2.3800009999999974,2.3800009999999974,6.044002400000021,382.82699566,382.82699566,0.0,0,0,0.0,0.0,0.0,0.0,37.976437969472,37.976437969472,0.0,3,3,5,0.0,False,
c2_k08,warm,3,a77e98156f970570e48b7897fe065f350a90af488eec62ed577d030a8d33d749,False,unchanged,True,True,11.435000939999998,11.435000939999998,11.435000939999998,97.45099866,97.45099866,0.0,0,0,0.0,0.0,0.0,0.0,9.667139067072,9.667139067072,0.0,1,1,5,0.0,False,
c2_k08,warm,4,e597f498cb49e41e1983aa5e7d3d3baf477bf572b0a7f99705c06f8b64487fb0,False,unchanged,True,True,12.012004229999967,12.012004229999967,12.012004229999967,133.7639979,133.7639979,0.0,0,0,0.0,0.0,0.0,0.0,13.269388591679999,13.269388591679999,0.0,1,1,5,0.0,False,
c2_k08,warm,5,b4abb6daf165144958f70126290e86650ad0e4470ad75d4318522e5bc6e51cbc,False,unchanged,True,True,7.025004100000005,7.025004100000005,7.025004100000005,194.4909984,194.4909984,0.0,0,0,0.0,0.0,0.0,0.0,19.293507041279998,19.293507041279998,0.0,1,1,5,0.0,False,
c2_k08,warm,6,bf635fc0ff2bba573ec155aad81caad731d35abec3df54c59d17fb6f5bd54d8a,False,unchanged,True,True,7.221998940000031,7.221998940000031,7.221998940000031,189.577996,189.577996,0.0,0,0,0.0,0.0,0.0,0.0,18.8061372032,18.8061372032,0.0,1,1,5,0.0,False,
c2_k08,warm,7,9f61998ce3bbe2b9de799096a07c33bb6ed8978e42eba9fe7e3843d28a1f1ddb,False,unchanged,True,True,6.126999600000003,6.126999600000003,6.126999600000003,408.37399700000003,408.37399700000003,0.0,0,0,0.0,0.0,0.0,0.0,40.5107005024,40.5107005024,0.0,3,3,5,0.0,False,
c2_k10,base,0,32ca1e8c49c073c0b1d11916f158747b2534e25c8316d0ea20b541492a377814,False,unchanged,True,True,11.744000039999996,11.744000039999996,11.744000039999996,364.8619995,364.8619995,0.0,0,0,0.0,0.0,0.0,0.0,36.1943103504,36.1943103504,0.0,2,2,5,0.0,False,
c2_k10,base,1,f150e74ba895817a1ece18ed97ca22662d27deb9e0ba7280f597063248773918,True,existing_intervals,True,True,-2.019998999999963,4.973799150320701e-14,1.2299995000000479,404.2229964,406.2429954,2.0199989999999843,2.0199990000000128,0,0.5049997500000032,0.0,0.0,0.0,40.098921242879996,40.29930514368,0.20038390080000568,3,3,5,0.20038390080000568,True,
c2_k10,base,2,658b149562a661331f33e7a3f42d85274eb06c8f2131090e94819a7600ab1309,False,unchanged,True,True,4.013002200000003,4.013002200000003,4.013002200000003,219.4609975,219.4609975,0.0,0,0,0.0,0.0,0.0,0.0,21.770530951999998,21.770530951999998,0.0,1,1,5,0.0,False,
c2_k10,base,3,212e0f8c0ac757c46c336e1133c527c85b7e84858db5621766880d5bc76a16ab,False,unchanged,True,True,10.305002799999965,10.305002799999965,10.305002799999965,222.64199616,222.64199616,0.0,0,0,0.0,0.0,0.0,0.0,22.086086019072,22.086086019072,0.0,1,1,5,0.0,False,
c2_k10,base,4,c02a2d6b211812805c19fc9994e1194bd6e68021962a768b6a30b32bf295907b,True,existing_intervals,True,True,-1.5499984999999823,3.2862601528904634e-14,3.2862601528904634e-14,198.759999,200.3099975,1.5499985000000152,1.5499985000000152,0,0.3874996250000038,0.0,0.0,0.0,19.716991900799997,19.870751752,0.1537598512000038,1,1,5,0.1537598512000038,True,
c2_k10,base,5,6cbdd118a10497fe0e545951c0e1f0899a7384624f6ca45f59a7aa1b369c2cd8,False,unchanged,True,True,7.494003999999937,7.494003999999937,7.494003999999937,226.7239979,226.7239979,0.0,0,0,0.0,0.0,0.0,0.0,22.491020591679998,22.491020591679998,0.0,1,1,5,0.0,False,
c2_k10,base,6,47e81d9208c5c2d1321f94697d85453f4455fb36c5fb189877df73ba1371b69f,False,unchanged,True,True,11.410002499999987,11.410002499999987,15.248002699999983,403.82199616,403.82199616,0.0,0,0,0.0,0.0,0.0,0.0,40.059142019072,40.059142019072,0.0,2,2,5,0.0,False,
c2_k10,base,7,b7bf902fc33c3715a989306e0e9a7dd3c895896c3b7ca938d4954593e6c6c5ba,True,existing_intervals,True,True,-0.11999900000000263,4.440892098500626e-15,4.440892098500626e-15,172.40399813,172.52399713,0.11999900000000707,0.11999900000000707,0,0.029999750000001768,0.0,0.0,0.0,17.102476614496,17.114380515296,0.011903900800000144,1,1,5,0.011903900800000144,True,
c2_k10,base,8,1aa27d1193f4b1cb99e5e81348663119a97fff20ff4dceb3fa28adf85f3edc37,False,unchanged,True,True,15.143002499999989,15.143002499999989,15.143002499999989,327.519998,327.519998,0.0,0,0,0.0,0.0,0.0,0.0,32.4899838016,32.4899838016,0.0,2,2,5,0.0,False,
c2_k10,base,9,557b6083322b3204ef4712fcdffa6ad2b5d331ca1a6283402dd6e00d66e61680,False,unchanged,True,True,8.95000164000005,8.95000164000005,8.95000164000005,405.77699356,405.77699356,0.0,0,0,0.0,0.0,0.0,0.0,40.253077761152,40.253077761152,0.0,2,2,5,0.0,False,
c2_k10,base,10,4fd22766141d21b9c3aa6b21feeee2c446d85c7938d850cbce0fc4a1d800300d,False,unchanged,True,True,7.241001880000006,7.241001880000006,7.241001880000006,442.4679942,442.4679942,0.0,0,0,0.0,0.0,0.0,0.0,43.89282502464,43.89282502464,0.0,2,2,5,0.0,False,
c2_k10,base,11,da211679fd24f535282e7ae621c0dcc71065af96a44ed04630e3932ac8142b29,False,unchanged,True,True,6.28099954000003,6.28099954000003,6.28099954000003,216.3319977,216.3319977,0.0,0,0,0.0,0.0,0.0,0.0,21.460134171839996,21.460134171839996,0.0,1,1,5,0.0,False,
c2_k10,warm,0,0a4940b4a4d9b075730a719173db0c41e9fc287a46a9738a723d5737274a5ed4,False,unchanged,True,True,8.440002799999935,8.440002799999935,15.044002199999959,353.8539957,353.8539957,0.0,0,0,0.0,0.0,0.0,0.0,35.10231637344,35.10231637344,0.0,2,2,5,0.0,False,
c2_k10,warm,1,42cd6663c572bc3b55e4bc7a0aa0472d064904b3f405ad27207d6f521b34f867,True,existing_intervals,True,True,-3.089999499999986,4.707345624410664e-14,4.707345624410664e-14,332.0839964,335.1739959,3.089999500000033,3.089999500000019,0,0.7724998750000047,0.0,0.0,0.0,32.94273244288,33.24926039328,0.30652795039999603,3,3,5,0.30652795039999603,True,
c2_k10,warm,2,b431858ea77dc64e0bfb02c7b7c9cf548a3313ef93d6960baf0707864b801045,False,unchanged,True,True,12.636001480000026,12.636001480000026,12.636001480000026,215.5059966,215.5059966,0.0,0,0,0.0,0.0,0.0,0.0,21.37819486272,21.37819486272,0.0,1,1,5,0.0,False,
c2_k10,warm,3,4e92d6cb9f00653ab9045dd9c94dbbf2b23fd561d3023fd94d4f9b05bb42e4fe,False,unchanged,True,True,10.718999039999936,10.718999039999936,10.718999039999936,209.72999836,209.72999836,0.0,0,0,0.0,0.0,0.0,0.0,20.805215837311998,20.805215837311998,0.0,1,1,5,0.0,False,
c2_k10,warm,4,8261ee2c9eb2f87fecfa97eaf82df1145d7189727cd8cdcc9c4cac4602323818,False,unchanged,True,True,7.1110025999999715,7.1110025999999715,7.1110025999999715,204.72599666,204.72599666,0.0,0,0,0.0,0.0,0.0,0.0,20.308818868672,20.308818868672,0.0,1,1,5,0.0,False,
c2_k10,warm,5,722b96af12c01144848ffe5d86078b7b0b14c92186224e9a6b8249fab8daed7b,False,unchanged,True,True,2.6490008999999883,2.6490008999999883,2.6490008999999883,373.37399700000003,373.37399700000003,0.0,0,0,0.0,0.0,0.0,0.0,37.0387005024,37.0387005024,0.0,3,3,5,0.0,False,
c2_k10,warm,6,fedf197eedabebbf1ccae4c1fe53dd750117a84042d4be33c9aa3d4c8cea4003,False,unchanged,True,True,12.921001940000004,12.921001940000004,12.921001940000004,216.3989972,216.3989972,0.0,0,0,0.0,0.0,0.0,0.0,21.466780522239997,21.466780522239997,0.0,1,1,5,0.0,False,
c2_k10,warm,7,8ba15ef4b9b4a205652d6882a368c23f6e0ff8592b20491cbd0002c7a4c2332f,False,unchanged,True,True,3.2560011399999453,3.2560011399999453,3.2560011399999453,511.46999400000004,511.46999400000004,0.0,0,0,0.0,0.0,0.0,0.0,50.7378234048,50.7378234048,0.0,11,11,5,0.0,False,
c2_k10,warm,8,49b3eefbc1f6855e633bf559fcac2bbf196b70585376237245891a4814500147,False,unchanged,True,True,0.24899960000002963,0.24899960000002963,0.24899960000002963,251.23399457,251.23399457,0.0,0,0,0.0,0.0,0.0,0.0,24.922412261344,24.922412261344,0.0,2,2,5,0.0,False,
c2_k10,warm,9,24e537ab3096c665699ab8fd93b8cd623a1e132377805459436f5b16f4fc6565,True,existing_intervals,True,True,-2.0199989999999914,4.973799150320701e-14,0.45999900000004956,514.139996,516.159995,2.0199989999999843,2.019999000000027,0,0.5049997500000067,0.0,0.0,0.0,51.0026876032,51.203071504,0.20038390079999857,8,8,5,0.20038390079999857,True,
c2_k15,base,0,6819ab02f0f4e46796cfcd6f6097a998479de2f4006d6e127d5ddb8ae370b4a3,False,unchanged,True,True,4.140998799999894,4.140998799999894,4.140998799999894,550.16799775,550.16799775,0.0,0,0,0.0,0.0,0.0,0.0,54.5766653768,54.5766653768,0.0,13,13,5,0.0,False,
c2_k15,base,1,a0993a8211d3e7bbea0ed92cf7261fa09bec71705b6df17a60eb220be6f9dc75,False,unchanged,True,True,65.22500079999998,65.22500079999998,73.78900059999992,630.1089945,630.1089945,0.0,0,0,0.0,0.0,0.0,0.0,62.506812254399996,62.506812254399996,0.0,15,15,5,0.0,False,
c2_k15,base,2,0af99de659f9749cc8b29f2fc1d07f5c41e0c4ee5b9a691e8009a29bc5adec10,True,existing_intervals,True,True,-3.2629990999999805,1.4210854715202004e-14,1.402999100000013,556.39098837,559.65398747,3.262999100000002,3.262999099999977,0,0.8157497749999942,0.0,0.0,0.0,55.193986046304,55.517675557024,0.3236895107200013,14,14,5,0.3236895107200013,True,
c2_k15,base,3,999e8ca0a72348ce3d15857491389a857063ef9816fdc32557a97a8b7d320e33,False,unchanged,True,True,11.926002300000047,11.926002300000047,12.312000900000047,505.69698836,505.69698836,0.0,0,0,0.0,0.0,0.0,0.0,50.165141245312,50.165141245312,0.0,6,6,5,0.0,False,
c2_k15,base,4,f1eab6261e79ee3b8ff36be9e43cdb26e133f913ffffd217e38dfd9cdba6baba,False,unchanged,True,True,11.846003199999917,11.846003199999917,11.846003199999917,402.32199837999997,402.32199837999997,0.0,0,0,0.0,0.0,0.0,0.0,39.910342239296,39.910342239296,0.0,2,2,5,0.0,False,
c2_k15,base,5,e5e4522ebb608961c885c680558015cad5c3efa19bbf42cdf98780f0699507bf,True,existing_intervals,True,True,-0.11999899999995023,1.1368683772161603e-13,1.1368683772161603e-13,426.4499975,426.56999650000006,0.11999900000006392,0.11999900000006392,0,0.02999975000001598,0.0,0.0,0.0,42.303839752,42.3157436528,0.011903900800000144,2,2,5,0.011903900800000144,True,
c2_k15,base,6,9453443c0c9713c37940a330a2c214fc576394ab0484790ad2014adf7cba1f8e,False,unchanged,True,True,9.992002480000004,9.992002480000004,9.992002480000004,224.42999726,224.42999726,0.0,0,0,0.0,0.0,0.0,0.0,22.263455728192,22.263455728192,0.0,1,1,5,0.0,False,
c2_k15,base,7,eaa3962904d38f1c3aa8cf6bf4be4e6ac9398fc8867845677535fa21e9ab6052,True,existing_intervals,True,True,-1.5499985000000107,3.2862601528904634e-14,3.2862601528904634e-14,341.9400001,343.48999860000004,1.5499985000000152,1.5499985000000436,0,0.3874996250000109,0.0,0.0,0.0,33.920448009919994,34.07420786112,0.15375985120000735,2,2,5,0.15375985120000735,True,
c2_k15,base,8,f242d0d0d82109bf20c4b25c282bd289ff3af44271f4264d5b89358bd7ce3392,True,existing_intervals,True,True,-0.11999900000000707,5.684341886080802e-14,5.684341886080802e-14,394.84799798,394.96799698000007,0.11999900000006392,0.11999900000006392,0,0.02999975000001598,0.0,0.0,0.0,39.168921399616,39.180825300416004,0.011903900800000144,2,2,5,0.011903900800000144,True,
c2_k15,base,9,ca6eca6bfba80b73eb47cf8d5fd808d029a1a05ebc8c4482e7c750342f53a85a,False,unchanged,True,True,16.73500038000001,16.73500038000001,16.73500038000001,352.519998,352.519998,0.0,0,0,0.0,0.0,0.0,0.0,34.969983801599994,34.969983801599994,0.0,2,2,5,0.0,False,
c2_k15,base,10,794a21c454fd239af3408d58673acf1a699702aad148bbab841318ff8c475f5b,False,unchanged,True,True,5.095003200000015,5.095003200000015,5.095003200000015,446.53299672,446.53299672,0.0,0,0,0.0,0.0,0.0,0.0,44.296073274624,44.296073274624,0.0,2,2,5,0.0,False,
c2_k15,base,11,7da829d5fa94f13f0bb42ed364631f10343e9d720411b5a5cd3b3cc98c884f05,True,existing_intervals,True,True,-1.5499984999999823,3.2862601528904634e-14,3.2862601528904634e-14,198.759999,200.3099975,1.5499985000000152,1.5499985000000152,0,0.3874996250000038,0.0,0.0,0.0,19.716991900799997,19.870751752,0.1537598512000038,1,1,5,0.1537598512000038,True,
c2_k15,base,12,2f11e20e85da5201d20e2c1536b2db758c0902282a7cabc89005934fe9aba001,True,existing_intervals,True,True,-0.11999900000000263,6.128431095930864e-14,6.128431095930864e-14,351.48699366,351.60699266000006,0.11999900000006392,0.11999900000006392,0,0.02999975000001598,0.0,0.0,0.0,34.867509771072,34.879413671872,0.011903900800000144,2,2,5,0.011903900800000144,True,
c2_k15,base,13,6e45de12703767a7f2656f6c8fe1dbbc04f0f9ceb68dac172698052586bbbab4,False,unchanged,True,True,8.641000829999992,8.641000829999992,20.348001239999995,448.05999647,448.05999647,0.0,0,0,0.0,0.0,0.0,0.0,44.447551649824,44.447551649824,0.0,2,2,5,0.0,False,
c2_k15,base,14,3fc7e7c09e235e61dd97f8f9e417452476a611b784b977323537a59ed45a714a,False,unchanged,True,True,6.78599880000001,6.78599880000001,12.486001100000102,445.04400053,445.04400053,0.0,0,0,0.0,0.0,0.0,0.0,44.148364852575995,44.148364852575995,0.0,2,2,5,0.0,False,
c2_k15,base,15,ebacb9a72cdeb4d8be07f18fd9f676a15f714113c8396bc214fd70d0b965e74c,False,unchanged,True,True,14.553003099999987,14.553003099999987,14.553003099999987,330.98999849999996,330.98999849999996,0.0,0,0,0.0,0.0,0.0,0.0,32.8342078512,32.8342078512,0.0,2,2,5,0.0,False,
c2_k15,base,16,a02bd676c2b16fff97301c641d1953359c8b59fce94b097c321b62318866f6c1,False,unchanged,True,True,6.069002339999991,6.069002339999991,6.069002339999991,230.16999576,230.16999576,0.0,0,0,0.0,0.0,0.0,0.0,22.832863579391997,22.832863579391997,0.0,1,1,5,0.0,False,
c2_k15,warm,0,69fd4035dd2d47ffb9949b58c497b6723d8f60608904bd2b7af3d787fdcc196a,True,existing_intervals,True,True,-0.11999899999997421,4.440892098500626e-15,4.833999500000017,198.14699660000002,198.26699559999997,0.11999899999995023,0.11999899999996444,0,0.02999974999999111,0.0,0.0,0.0,19.65618206272,19.66808596352,0.011903900800000144,2,2,5,0.011903900800000144,True,
c2_k15,warm,1,2771d2569a92b97eabbfe9caf78bb7f4b09b753158e83d569f6ce01cac9c6005,False,unchanged,True,True,16.21900093999995,16.21900093999995,16.21900093999995,278.8309975,278.8309975,0.0,0,0,0.0,0.0,0.0,0.0,27.660034952,27.660034952,0.0,2,2,5,0.0,False,
c2_k15,warm,2,c077bdb86854b55f4d4c71e4595f75508808066981b48ab65305b2fafc768572,False,unchanged,True,True,2.187000899999984,2.187000899999984,11.843001230000016,221.75799766,221.75799766,0.0,0,0,0.0,0.0,0.0,0.0,21.998393367872,21.998393367872,0.0,2,2,5,0.0,False,
c2_k15,warm,3,84e15fbf08e6c149d25e71ca30a4907ea014396a76cb28976851d2f646791cd6,False,unchanged,True,True,4.036999339999964,4.036999339999964,4.036999339999964,210.9049948,210.9049948,0.0,0,0,0.0,0.0,0.0,0.0,20.92177548416,20.92177548416,0.0,4,4,5,0.0,False,
c2_k15,warm,4,4c2a59dd3b2fdc0b5dae2d4a066ae6ae67cb3c30e3c2866770e80d0955a87b6a,False,unchanged,True,True,3.111000000000006,3.111000000000006,3.111000000000006,381.04899650000004,381.04899650000004,0.0,0,0,0.0,0.0,0.0,0.0,37.8000604528,37.8000604528,0.0,3,3,5,0.0,False,
c2_k15,warm,5,b8a7ed1a079ee84e2f15aa43497e825c94d70be81447e9581c937556e36bf621,False,unchanged,True,True,15.361001740000013,15.361001740000013,15.361001740000013,359.15599416,359.15599416,0.0,0,0,0.0,0.0,0.0,0.0,35.628274620672,35.628274620672,0.0,2,2,5,0.0,False,
c2_k15,warm,6,34a743153a8e1ee48f520c8c2bfb01b7a78fe4868a59f88f37ddea20c361624a,False,unchanged,True,True,3.256001140000002,3.256001140000002,3.256001140000002,511.469994,511.469994,0.0,0,0,0.0,0.0,0.0,0.0,50.7378234048,50.7378234048,0.0,12,12,5,0.0,False,
c2_k15,warm,7,aa466086d4cbfe8cabff2c2a4517c984d47302052940b51bf5fe2847f6b9a405,True,existing_intervals,True,True,-2.7899995000000004,0.0,2.480001000000044,431.4499975,433.9499975,2.5,2.7899995000000004,0.2899994999999933,0.6974998750000001,0.0,0.0,0.0,42.799839752,43.047839752,0.24800000000000466,3,3,5,0.24800000000000466,True,
c2_k15,warm,8,33f1ff610af60ffd8c485632edd74907807931910481e1aaeebf0b787dc5156a,True,existing_intervals,True,True,-3.0899994999999576,1.865174681370263e-14,1.865174681370263e-14,360.779997,363.8699965,3.089999500000033,3.0899995000000047,0,0.7724998750000012,0.0,0.0,0.0,35.7893757024,36.0959036528,0.30652795039999603,3,3,5,0.30652795039999603,True,
c2_k15,warm,9,aa83b71d14cc2ff292e2b4219682676218304cf6ef047d477837f382d1380bf8,True,existing_intervals,True,True,-3.089999499999972,6.128431095930864e-14,6.128431095930864e-14,281.4499975,284.539997,3.089999500000033,3.089999500000033,0,0.7724998750000083,0.0,0.0,0.0,27.919839751999998,28.2263677024,0.30652795040000314,4,4,5,0.30652795040000314,True,
c2_k15,warm,10,3e794e384f7a42836beb311830442f1996fa1b4cb7b99f0fa2030926a43bd649,False,unchanged,True,True,9.379002180000022,9.379002180000022,9.379002180000022,383.69099623,383.69099623,0.0,0,0,0.0,0.0,0.0,0.0,38.062146826016004,38.062146826016004,0.0,3,3,5,0.0,False,
c2_k15,warm,11,8b9feacd371ee94d058ca8ba9769fad98756f97456c375e8ddbc7afbf83d3414,True,existing_intervals,True,True,-2.789999499999986,2.1316282072803006e-14,8.933001000000015,487.7099965,490.499996,2.7899995000000217,2.7899995000000004,0,0.6974998750000001,0.0,0.0,0.0,48.3808316528,48.6575996032,0.2767679504,13,13,5,0.2767679504,True,
c2_k15,warm,12,932f809bbd33e6c2606b7cb338925add81d0e4fff89ac21bd61f7a0f4aaf2f96,False,unchanged,True,True,9.002000339999984,9.002000339999984,9.046999779999991,488.74899588,488.74899588,0.0,0,0,0.0,0.0,0.0,0.0,48.483900391296,48.483900391296,0.0,8,8,5,0.0,False,
c2_k15,warm,13,b851a3707bf84ad710c0e7f8c1e8abc06a5f2e00052597fb85ffb931ee112d63,False,unchanged,True,True,7.010003699999942,7.010003699999942,9.424002339999905,448.6209958,448.6209958,0.0,0,0,0.0,0.0,0.0,0.0,44.503202783359995,44.503202783359995,0.0,2,2,5,0.0,False,
c2_k15,warm,14,6bfeb6e97080c3531e5eaa9262dd96dcaf213e6283af495afeb546fccb724bb3,True,existing_intervals,True,True,-0.7429995999999441,1.7763568394002505e-14,9.939001700000027,487.81299553,488.55599513,0.7429995999999619,0.7429995999999548,0,0.1857498999999887,0.0,0.0,0.0,48.391049156575995,48.464754716895996,0.07370556032000053,12,12,5,0.07370556032000053,True,
c3_k05,base,0,4a70bc17e5a576d3e2750810df6bc4e9458dff2da13be4d59df6e2574eb74c67,False,unchanged,True,True,7.7030015400000105,7.7030015400000105,7.7030015400000105,103.1379974,103.1379974,0.0,0,0,0.0,0.0,0.0,0.0,10.23128934208,10.23128934208,0.0,1,1,5,0.0,False,
c3_k05,base,1,15615cd2273c51375a5bf17cb199bfe818a1ab4aea26a9f31c0b1db3e8fef8aa,False,unchanged,True,True,6.545001230000004,6.545001230000004,6.545001230000004,178.2610005,178.2610005,0.0,0,0,0.0,0.0,0.0,0.0,17.6834912496,17.6834912496,0.0,1,1,5,0.0,False,
c3_k05,base,2,284338e2126a20606618722673655918c292843e80ebf5b77b3259af00d067f8,False,unchanged,True,True,4.685999799999999,4.685999799999999,4.685999799999999,293.6049967,293.6049967,0.0,0,0,0.0,0.0,0.0,0.0,29.12561567264,29.12561567264,0.0,2,2,5,0.0,False,
c3_k05,base,3,b975300bbd700ddcd9daac633d95444cf49abb5d4181df1cf1d4dcef0220d844,False,unchanged,True,True,10.204000439999994,10.204000439999994,10.204000439999994,112.182999,112.182999,0.0,0,0,0.0,0.0,0.0,0.0,11.1285535008,11.1285535008,0.0,1,1,5,0.0,False,
c3_k05,base,4,85e68a5a10ae0f5588d20d7ac545a7d004d86594ace47cfb97c2629fff324f8c,False,unchanged,True,True,2.1010018999999875,2.1010018999999875,2.1010018999999875,202.32799996,202.32799996,0.0,0,0,0.0,0.0,0.0,0.0,20.070937596032,20.070937596032,0.0,1,1,5,0.0,False,
c3_k05,warm,0,ccb4182d06bbbed25088156431bec33700ae11819f9f4b2279d0dc60e26eab70,False,unchanged,True,True,0.5540014000000113,0.5540014000000113,0.5540014000000113,198.3199984,198.3199984,0.0,0,0,0.0,0.0,0.0,0.0,19.67334384128,19.67334384128,0.0,2,2,5,0.0,False,
c3_k05,warm,1,098b1379143dbcb7cdc54956bd1e0c1915f415fbb3969553995b30b87b71d30c,False,unchanged,True,True,6.723002210000012,6.723002210000012,6.723002210000012,191.6219998,191.6219998,0.0,0,0,0.0,0.0,0.0,0.0,19.00890238016,19.00890238016,0.0,1,1,5,0.0,False,
c3_k05,warm,2,57f0880b8831fa1cbb9068f11717e228bd76f0d12e1c4808300eb014fc07cb10,False,unchanged,True,True,4.171002400000008,4.171002400000008,4.171002400000008,186.46099926,186.46099926,0.0,0,0,0.0,0.0,0.0,0.0,18.496931126592,18.496931126592,0.0,1,1,5,0.0,False,
c3_k05,warm,3,7bc0fd8cb18dd3f32f45c202d5ea8a6820ec42efebd237ad8128545a8c159918,False,unchanged,True,True,4.685999799999971,4.685999799999971,4.685999799999971,293.4899969,293.4899969,0.0,0,0,0.0,0.0,0.0,0.0,29.114207692479997,29.114207692479997,0.0,2,2,5,0.0,False,
c3_k05,warm,4,18a33ff5909392321455ea26b822b2f3e28ba068f9c3d77373ad8dbc2bc1a69a,False,unchanged,True,True,8.019000139999925,8.019000139999925,8.019000139999925,53.1390003,53.1390003,0.0,0,0,0.0,0.0,0.0,0.0,5.271388829759999,5.271388829759999,0.0,1,1,5,0.0,False,
c3_k08,base,0,6134fff4b6ea12a4d8c0307c6857b90aa62abd024608df88c954dc701600f975,True,existing_intervals,True,True,-0.8899995000000116,-2.398081733190338e-14,-2.398081733190338e-14,300.7819963,301.6719958,0.8899994999999876,0.8899994999999876,0,0.2224998749999969,0.0,0.0,0.0,29.83757403296,29.92586198336,0.08828795040000159,2,2,5,0.08828795040000159,True,
c3_k08,base,1,e559b7edebb2369a13ef233ac40d89832ea4772ce3f4d1fc889429ab5a20c5f2,False,unchanged,True,True,6.6470000000000065,6.6470000000000065,18.05899990000001,344.6539985,344.6539985,0.0,0,0,0.0,0.0,0.0,0.0,34.189676651199996,34.189676651199996,0.0,2,2,5,0.0,False,
c3_k08,base,2,1b752beedd3d2537ca2f78212955ea6c1d4ec4cce090e37f4545d09d9b967260,False,unchanged,True,True,16.012999929999953,16.012999929999953,16.012999929999953,184.059999,184.059999,0.0,0,0,0.0,0.0,0.0,0.0,18.2587519008,18.2587519008,0.0,1,1,5,0.0,False,
c3_k08,base,3,2b32118ceff48cd4488dfbb0084508c979fd0ba5acb2fa3b44034a5c3f8af9a6,False,unchanged,True,True,6.004001339999992,6.004001339999992,6.004001339999992,99.1789978,99.1789978,0.0,0,0,0.0,0.0,0.0,0.0,9.83855658176,9.83855658176,0.0,1,1,5,0.0,False,
c3_k08,base,4,b6e5985ef4e80ac6a0dd2289d38708b64637f0cb488866a5f325ae2a0fc7bd10,False,unchanged,True,True,5.4280019399999775,5.4280019399999775,5.4280019399999775,216.2699984,216.2699984,0.0,0,0,0.0,0.0,0.0,0.0,21.45398384128,21.45398384128,0.0,1,1,5,0.0,False,
c3_k08,base,5,8f0e0a7890f89601672a46f2c7e9316b7abd37f826c1a141efde67b61700fb73,False,unchanged,True,True,8.635002600000018,8.635002600000018,8.635002600000018,179.27899926,179.27899926,0.0,0,0,0.0,0.0,0.0,0.0,17.784476726592,17.784476726592,0.0,1,1,5,0.0,False,
c3_k08,base,6,1310fcfcf77c4a4944329b70d8d4400f7499a108e90cf4c4ef251063d69b0c1f,False,unchanged,True,True,7.258001999999988,7.258001999999988,7.258001999999988,175.41899996,175.41899996,0.0,0,0,0.0,0.0,0.0,0.0,17.401564796031998,17.401564796031998,0.0,1,1,5,0.0,False,
c3_k08,base,7,ccc02b117c26344b1573540d13329d15240478d09dda45bea3e487a2468aa5d1,True,existing_intervals,True,True,-3.0899995000000002,-3.108624468950438e-14,-3.108624468950438e-14,202.1339983,205.22399779999998,3.0899994999999763,3.089999499999969,0,0.7724998749999923,0.0,0.0,0.0,20.051692631359998,20.358220581759998,0.3065279503999996,2,2,5,0.3065279503999996,True,
c3_k08,base,8,b7ef46bc9d9f323f9cafe939a2ded3aac7a38522bcde883db9ce65b4fb0054c5,False,unchanged,True,True,9.182999300000061,9.182999300000061,9.182999300000061,276.51299562,276.51299562,0.0,0,0,0.0,0.0,0.0,0.0,27.430089165504,27.430089165504,0.0,2,2,5,0.0,False,
c3_k08,warm,0,dc9ab5ec6b58843cd5647be46be2decc79783323c3aaac8307a793b6d84db9c6,False,unchanged,True,True,7.230002330000024,7.230002330000024,7.230002330000024,98.4190005,98.4190005,0.0,0,0,0.0,0.0,0.0,0.0,9.763164849599999,9.763164849599999,0.0,1,1,5,0.0,False,
c3_k08,warm,1,13d150b8b995d628c6d4af1875be808e8daf091ad235461362c90f7d898b745b,False,unchanged,True,True,8.019000139999953,8.019000139999953,8.019000139999953,104.4169992,104.4169992,0.0,0,0,0.0,0.0,0.0,0.0,10.35816632064,10.35816632064,0.0,1,1,5,0.0,False,
c3_k08,warm,2,bd37166241c33c251682b6bea15ce21f6c9048fea336bf055c70a7bb6f14bb47,False,unchanged,True,True,1.8779999999999735,1.8779999999999735,1.8779999999999735,76.9269999,76.9269999,0.0,0,0,0.0,0.0,0.0,0.0,7.6311583900799995,7.6311583900799995,0.0,1,1,5,0.0,False,
c3_k08,warm,3,c6e6e064a8ab915da7fa36d2362d8a8c749f0c0d045d7ce1add58eb0544558cc,False,unchanged,True,True,5.6640005999999925,5.6640005999999925,5.6640005999999925,285.3949956,285.3949956,0.0,0,0,0.0,0.0,0.0,0.0,28.31118356352,28.31118356352,0.0,2,2,5,0.0,False,
c3_k08,warm,4,ffd9fc7d1776430f74cd171da660e36262bbc8796a78c78c94419be88eeb9e9d,False,unchanged,True,True,5.863003340000021,5.863003340000021,5.863003340000021,219.82799996,219.82799996,0.0,0,0,0.0,0.0,0.0,0.0,21.806937596032,21.806937596032,0.0,1,1,5,0.0,False,
c3_k08,warm,5,808aa942039500c0ab6f4afa1d24acae53dc9a84c3bb3b9ee7f240b533a5a103,False,unchanged,True,True,5.694002699999982,5.694002699999982,5.694002699999982,161.0169992,161.0169992,0.0,0,0,0.0,0.0,0.0,0.0,15.972886320639997,15.972886320639997,0.0,1,1,5,0.0,False,
c3_k08,warm,6,100d02a84a23ba0d65a68df61adf6c26e94a00b6a8f2189bf07aed0e089328de,False,unchanged,True,True,14.52100043999999,14.52100043999999,14.52100043999999,176.66199836,176.66199836,0.0,0,0,0.0,0.0,0.0,0.0,17.524870237312,17.524870237312,0.0,1,1,5,0.0,False,
c3_k08,warm,7,76d5ed09d787a30e78d93895f03463200b61ac52c444cb1a80dd377b616f9e58,True,existing_intervals,True,True,-1.059999999999981,2.1316282072803006e-14,9.065998500000028,413.47999699999997,414.53999699999997,1.0600000000000023,1.0600000000000023,0,0.26500000000000057,0.0,0.0,0.0,41.017215702399994,41.1223677024,0.10515200000000391,5,5,5,0.10515200000000391,True,
c3_k10,base,0,e85bc697212f2599e68b7577b1d1518f7987c66ca84317a1480e6a29ebbb80c8,False,unchanged,True,True,11.144001899999985,11.144001899999985,11.144001899999985,200.7309979,200.7309979,0.0,0,0,0.0,0.0,0.0,0.0,19.91251499168,19.91251499168,0.0,1,1,5,0.0,False,
c3_k10,base,1,a496ef02559f52b2a5809deb4e92c68e1259a92ddb0e7841a521e529b5fff575,True,retimed_same_visits,True,True,-1.5499984999999539,4.440892098500626e-15,33.65199978000004,481.179997,482.7299955,1.5499984999999583,1.5499984999999583,1.4210854715202004e-14,0.3874996249999896,0.0024993749999566717,0.0,1.1974998749998917,47.7330557024,47.886815553599995,0.15375985119999314,3,3,5,0.15375985119999314,True,
c3_k10,base,2,d8dc8b30b974e36e86c1a6d23ec93a94c22373079b6c0306ec6494fb6f9b1625,True,existing_intervals,True,True,-0.7899994999999933,2.842170943040401e-14,2.842170943040401e-14,262.219998,263.0099975,0.7899995000000217,0.7899995000000075,0,0.19749987500000188,0.0,0.0,0.0,26.012223801599998,26.090591751999998,0.07836795040000055,2,2,5,0.07836795040000055,True,
c3_k10,base,3,55f2fb2e819f98edb19988a8d1657f22f6922ec3ce0f029d41f8fd6fe94b46b7,False,unchanged,True,True,6.250001269999993,6.250001269999993,6.250001269999993,232.0250002,232.0250002,0.0,0,0,0.0,0.0,0.0,0.0,23.01688001984,23.01688001984,0.0,2,2,5,0.0,False,
c3_k10,base,4,7b460e8ec4de7e55d89fb365edeec102d0e5963cc60c58dc7bc415ec64c984c0,False,unchanged,True,True,17.43300019999993,17.43300019999993,17.43300019999993,129.4269984,129.4269984,0.0,0,0,0.0,0.0,0.0,0.0,12.83915824128,12.83915824128,0.0,1,1,5,0.0,False,
c3_k10,base,5,b57ccf5d268009d3e2587d54ca6cf6e058374fdd419363d75588afd85762b9bd,False,unchanged,True,True,7.497999600000001,7.497999600000001,13.776000640000037,330.294998,330.294998,0.0,0,0,0.0,0.0,0.0,0.0,32.7652638016,32.7652638016,0.0,2,2,5,0.0,False,
c3_k10,base,6,534e3a1600d89db24c3a8b8da4ea596ac0713dd53a1cfc49a46ae6e2707e3dac,False,unchanged,True,True,12.503001230000049,12.503001230000049,12.503001230000049,220.22900136,220.22900136,0.0,0,0,0.0,0.0,0.0,0.0,21.846716934912,21.846716934912,0.0,1,1,5,0.0,False,
c3_k10,base,7,254ef08c4185daedf281eec0813595b8569a23d5c9aed6b8ff9f7a5d93670392,True,existing_intervals,True,True,-0.8899994999999974,3.2862601528904634e-14,3.2862601528904634e-14,305.96099796,306.85099746000003,0.8899995000000445,0.8899995000000303,0,0.22249987500000756,0.0,0.0,0.0,30.351330997632,30.439618948032003,0.08828795040000159,2,2,5,0.08828795040000159,True,
c3_k10,base,8,1c40558f77b695f4292023b0bef2dc5e226735af0f7a7c7457a6259d02bc6274,False,unchanged,True,True,10.872002099999985,10.872002099999985,10.872002099999985,222.7480009,222.7480009,0.0,0,0,0.0,0.0,0.0,0.0,22.09660168928,22.09660168928,0.0,1,1,5,0.0,False,
c3_k10,base,9,9e6217eee1850917f9adb566c619f3b4a1d9d0ee6aa956244f0cbc65bcdbcae7,False,unchanged,True,True,5.784004800000006,5.784004800000006,5.784004800000006,172.69300016,172.69300016,0.0,0,0,0.0,0.0,0.0,0.0,17.131145615872,17.131145615872,0.0,1,1,5,0.0,False,
c3_k10,base,10,154e0b30a021f4122fa4bf96fbfdcadb5fa613d0cbf3b00cc0f51f873a743cb7,False,unchanged,True,True,9.734001880000026,9.734001880000026,10.369998800000008,356.35199562,356.35199562,0.0,0,0,0.0,0.0,0.0,0.0,35.350117965504,35.350117965504,0.0,2,2,5,0.0,False,
c3_k10,warm,0,78bdf9e1e5fd470d62b463aa5c463b7d1bbc1bccc21eddee03646f30c51281aa,False,unchanged,True,True,3.89300309999998,3.89300309999998,3.89300309999998,146.4479999,146.4479999,0.0,0,0,0.0,0.0,0.0,0.0,14.52764159008,14.52764159008,0.0,1,1,5,0.0,False,
c3_k10,warm,1,b52c65952d42ac99be1ed1ddf89d5529f3d5761c5a9f727da85e17ed3bb6474c,False,unchanged,True,True,4.611999930000017,4.611999930000017,4.611999930000017,135.2850003,135.2850003,0.0,0,0,0.0,0.0,0.0,0.0,13.42027202976,13.42027202976,0.0,1,1,5,0.0,False,
c3_k10,warm,2,0a7704de5263eddfd86e51c2cdc6b19ba3fef07d95538dbf768c9b598d1a6d14,False,unchanged,True,True,2.241001700000006,2.241001700000006,2.241001700000006,349.35399876,349.35399876,0.0,0,0,0.0,0.0,0.0,0.0,34.655916676992,34.655916676992,0.0,4,4,5,0.0,False,
c3_k10,warm,3,6757ecc4cf1af467223a5daf89a4b334e62d3b614c6287d77280f6aeb8fb7b07,False,unchanged,True,True,3.505999839999963,3.505999839999963,3.505999839999963,76.9269999,76.9269999,0.0,0,0,0.0,0.0,0.0,0.0,7.6311583900799995,7.6311583900799995,0.0,1,1,5,0.0,False,
c3_k10,warm,4,47e30b0a06835988843df0dc463057b662b5e708f312b320618786e3f606c343,False,unchanged,True,True,12.55300113999999,12.55300113999999,12.55300113999999,148.36199836,148.36199836,0.0,0,0,0.0,0.0,0.0,0.0,14.717510237311998,14.717510237311998,0.0,1,1,5,0.0,False,
c3_k10,warm,5,6f441bfe3509f0eb7c1326aca94a2e9356937d46da9f381fa2c72fe572f408da,False,unchanged,True,True,8.635002600000018,8.635002600000018,8.635002600000018,215.68599766,215.68599766,0.0,0,0,0.0,0.0,0.0,0.0,21.396050967872,21.396050967872,0.0,1,1,5,0.0,False,
c3_k10,warm,6,9b3ae43acf0a7464dbf4d664eb371147f6fc54868ac9499c72ec834b0dac19e9,True,existing_intervals,True,True,-1.059999999999988,1.4210854715202004e-14,6.773998900000018,400.979997,402.03999699999997,1.0599999999999454,1.0599999999999952,0,0.2649999999999988,0.0,0.0,0.0,39.7772157024,39.882367702399996,0.1051519999999968,5,5,5,0.1051519999999968,True,
c3_k10,warm,7,cf8db81451a8746398712b819f0a57690067f030c661c7568229c503d84d5b61,False,unchanged,True,True,4.453003500000006,4.453003500000006,4.453003500000006,61.6719978,61.6719978,0.0,0,0,0.0,0.0,0.0,0.0,6.11786218176,6.11786218176,0.0,1,1,5,0.0,False,
c3_k10,warm,8,417068da6bc8045de3907579b72356d27062c39f73fb8a9f601b6cb0a5501cf9,False,unchanged,True,True,2.824000040000013,2.824000040000013,2.824000040000013,353.19999656,353.19999656,0.0,0,0,0.0,0.0,0.0,0.0,35.037439658752,35.037439658752,0.0,5,5,5,0.0,False,
c3_k10,warm,9,62cc60a69b4b4f9def79f70a177397ebac3c8340b0ae761db754593d8eb63bec,False,unchanged,True,True,3.940000000000012,3.940000000000012,7.767998599999988,560.6099965,560.6099965,0.0,0,0,0.0,0.0,0.0,0.0,55.6125116528,55.6125116528,0.0,7,7,5,0.0,False,
c3_k15,base,0,9d2c573edb2e8e25ac2fca1287a9f9596a1e3aebf8fa5c228e95d98de398feb3,False,unchanged,True,True,8.93300040000005,8.93300040000005,8.93300040000005,349.18799606000005,349.18799606000005,0.0,0,0,0.0,0.0,0.0,0.0,34.639449209152005,34.639449209152005,0.0,2,2,5,0.0,False,
c3_k15,base,1,bcc3f14c7894c83d5dfe54dc9273ab5bb9abe6503d8a1af25eee084489e7ece8,False,unchanged,True,True,11.755002400000025,11.755002400000025,11.755002400000025,206.64299846,206.64299846,0.0,0,0,0.0,0.0,0.0,0.0,20.498985447232,20.498985447232,0.0,1,1,5,0.0,False,
c3_k15,base,2,b11de01718c185064a51753e12557c3cc09d89083a9e77f9449ef547b1a2c418,True,existing_intervals,True,True,-3.089999499999972,6.128431095930864e-14,6.128431095930864e-14,281.4499975,284.539997,3.089999500000033,3.089999500000033,0,0.7724998750000083,0.0,0.0,0.0,27.919839751999998,28.2263677024,0.30652795040000314,2,2,5,0.30652795040000314,True,
c3_k15,base,3,92ffacca51f0ffb04e924a11a7c976bcf02511976d424dcb26459f2f2ee4da90,False,unchanged,True,True,11.76700273999997,11.76700273999997,11.76700273999997,427.12399949999997,427.12399949999997,0.0,0,0,0.0,0.0,0.0,0.0,42.3707007504,42.3707007504,0.0,2,2,5,0.0,False,
c3_k15,base,4,60d0864ca045997e756644c99d1a17eb95c9a36a0def4e432ef68c955d62530e,False,unchanged,True,True,8.49500230000001,8.49500230000001,8.49500230000001,176.73599917,176.73599917,0.0,0,0,0.0,0.0,0.0,0.0,17.532211117664,17.532211117664,0.0,1,1,5,0.0,False,
c3_k15,base,5,294989b66ee9b989a8245cf6e38fc2d23d36fcf20d820b2aac1122746af9fb12,False,unchanged,True,True,12.28200104,12.28200104,12.28200104,221.658999,221.658999,0.0,0,0,0.0,0.0,0.0,0.0,21.9885727008,21.9885727008,0.0,1,1,5,0.0,False,
c3_k15,base,6,8ee95573215abeae70e394e33fb43f9ca6c6a48c65f660830a50183eb3662ef8,False,unchanged,True,True,9.429000599999993,9.429000599999993,9.429000599999993,364.16699796,364.16699796,0.0,0,0,0.0,0.0,0.0,0.0,36.125366197632,36.125366197632,0.0,2,2,5,0.0,False,
c3_k15,base,7,f2e78cb7f608e3f5474d81bcc49a75fec92ddd2e18c92a53b0e35ec5453d4d89,False,unchanged,True,True,6.0900023999999675,6.0900023999999675,7.84400069999996,378.8729951,378.8729951,0.0,0,0,0.0,0.0,0.0,0.0,37.58420111392,37.58420111392,0.0,2,2,5,0.0,False,
c3_k15,base,8,f57443924cb4ca2f55a2d823380e4562aeadf3d44368e2c6650bc5333dbee18f,True,existing_intervals,True,True,-1.249998499999954,-7.105427357601002e-15,0.4599990000000105,324.14999750000004,325.399996,1.249998499999947,1.249998499999947,0,0.31249962499998674,0.0,0.0,0.0,32.155679752,32.279679603199995,0.12399985119999712,2,2,5,0.12399985119999712,True,
c3_k15,base,9,9d5a9451f8392b070cdf083ffa1001acb94cab7e2ad3a22ead40599e51953b59,True,existing_intervals,True,True,-1.5499984999999823,6.128431095930864e-14,6.128431095930864e-14,331.01699883000003,332.56699733000005,1.5499985000000152,1.5499985000000436,0,0.3874996250000109,0.0,0.0,0.0,32.836886283935996,32.990646135136004,0.15375985120000735,2,2,5,0.15375985120000735,True,
c3_k15,base,10,27a392e056c9259638eac1c07a15a456ba9a375b434555f7e8d7c558272d3f65,False,unchanged,True,True,1.4100005000000237,1.4100005000000237,1.4100005000000237,255.68099902,255.68099902,0.0,0,0,0.0,0.0,0.0,0.0,25.363555102784,25.363555102784,0.0,2,2,5,0.0,False,
c3_k15,base,11,7da796d43717e253e53263b13553cd10e2a860573b8cf504af44e56571180ec8,False,unchanged,True,True,1.5610002000000094,1.5610002000000094,7.670000980000048,548.3589979000001,548.3589979000001,0.0,0,0,0.0,0.0,0.0,0.0,54.397212591679995,54.397212591679995,0.0,3,3,5,0.0,False,
c3_k15,base,12,9af0a707155abaf8d7287fa69b8ba67eb75204fce8eaefe69dafa35a9d7293b9,False,unchanged,True,True,8.059004399999974,8.059004399999974,8.059004399999974,96.5799987,96.5799987,0.0,0,0,0.0,0.0,0.0,0.0,9.58073587104,9.58073587104,0.0,1,1,5,0.0,False,
c3_k15,base,13,950eb2b49bab46c2e97983dfa41d31c128ef25457ee1aec8d12478f60b4a51aa,True,existing_intervals,True,True,-3.0899994999999434,4.440892098500626e-15,4.440892098500626e-15,259.14999750000004,262.23999699999996,3.0899994999999194,3.089999499999948,0,0.772499874999987,0.0,0.0,0.0,25.707679752,26.014207702399993,0.3065279503999925,2,2,5,0.3065279503999925,True,
c3_k15,base,14,d126a094b861c2d3ba8aaed0108b763026fa3855e2391092b5363ed75c38bf40,False,unchanged,True,True,11.31600148,11.31600148,11.31600148,214.43100076,214.43100076,0.0,0,0,0.0,0.0,0.0,0.0,21.271555275391997,21.271555275391997,0.0,1,1,5,0.0,False,
c3_k15,base,15,9c944b6a1d2ebb6738888ada39882fec6fb36f9c69f8ee82732af02a568381cb,False,unchanged,True,True,10.474001499999972,10.474001499999972,10.474001499999972,211.8470012,211.8470012,0.0,0,0,0.0,0.0,0.0,0.0,21.015222519039998,21.015222519039998,0.0,1,1,5,0.0,False,
c3_k15,base,16,98d9d498e403dd43e946d65e87eed3dbc7c4a9afbb85ed9a0c5786a167498575,True,existing_intervals,True,True,-1.5499984999999823,3.2862601528904634e-14,3.2862601528904634e-14,198.759999,200.3099975,1.5499985000000152,1.5499985000000152,0,0.3874996250000038,0.0,0.0,0.0,19.7169919008,19.870751752,0.15375985120000024,1,1,5,0.15375985120000024,True,
c3_k15,base,17,c00ae31cb1acee0c8de5e5603c0a43a6e0825aa242c0bf8fd3ab30528a2fb56e,False,unchanged,True,True,5.899004600000027,5.899004600000027,5.899004600000027,210.5319986,210.5319986,0.0,0,0,0.0,0.0,0.0,0.0,20.88477426112,20.88477426112,0.0,1,1,5,0.0,False,
c3_k15,warm,0,ccb4182d06bbbed25088156431bec33700ae11819f9f4b2279d0dc60e26eab70,False,unchanged,True,True,0.5540014000000113,0.5540014000000113,0.5540014000000113,198.3199984,198.3199984,0.0,0,0,0.0,0.0,0.0,0.0,19.67334384128,19.67334384128,0.0,2,2,5,0.0,False,
c3_k15,warm,1,3d776808801678f57b15f8dafbf8ca99f986fe2e6104533cd8767c64ca3c19bd,False,unchanged,True,True,1.6300001000000126,1.6300001000000126,1.6300001000000126,290.9129982,290.9129982,0.0,0,0,0.0,0.0,0.0,0.0,28.85856942144,28.85856942144,0.0,2,2,5,0.0,False,
c3_k15,warm,2,c35c3c3fb39475d43e134f84308da7d059e3003622cbda4cb50ddd480356606f,False,unchanged,True,True,13.630001599999897,13.630001599999897,13.630001599999897,207.3669991,207.3669991,0.0,0,0,0.0,0.0,0.0,0.0,20.57080631072,20.57080631072,0.0,1,1,5,0.0,False,
c3_k15,warm,3,04a3646ad45e4bbad9209f300d9c1b49356efd2a8a3b8c5db9c5e3d757c29535,True,existing_intervals,True,True,-2.0199989999999914,2.1316282072803006e-14,1.2299995000000195,262.219998,264.239997,2.019999000000041,2.0199990000000128,0,0.5049997500000032,0.0,0.0,0.0,26.012223801599998,26.2126077024,0.20038390080000212,2,2,5,0.20038390080000212,True,
c3_k15,warm,4,f02a6fe500d31328f42a1ea1794b4e08493a978db853881dec6fd10743a00cad,True,existing_intervals,True,True,-3.5600000000000023,1.4210854715202004e-14,2.0000000000000284,429.9099965,433.46999650000004,3.560000000000059,3.5600000000000165,0,0.8900000000000041,0.0,0.0,0.0,42.6470716528,43.0002236528,0.35315200000000146,10,10,5,0.35315200000000146,True,
c3_k15,warm,5,5998adcd82c6d488fd68197aad0628f88540a13b671127341effab2c9cea1793,True,existing_intervals,True,True,-0.8899995000000116,3.2862601528904634e-14,3.2862601528904634e-14,233.8889984,234.77899790000004,0.8899995000000445,0.8899995000000445,0,0.22249987500001112,0.0,0.0,0.0,23.201788641279997,23.290076591680002,0.08828795040000514,2,2,5,0.08828795040000514,True,
c3_k15,warm,6,a0f6c3bdb9b035b76b58215d978e148f034dfb012bbaecd5aa91a226b3f0e151,False,unchanged,True,True,8.315004400000058,8.315004400000058,8.315004400000058,327.71999800000003,327.71999800000003,0.0,0,0,0.0,0.0,0.0,0.0,32.5098238016,32.5098238016,0.0,2,2,5,0.0,False,
c3_k15,warm,7,2eb1d3b945a8e0b76b53868e258c43603c2fba5cdd311c9fe67d5d39a0da20d9,True,existing_intervals,True,True,-2.789999499999986,2.1316282072803006e-14,7.48299910000003,467.7099965,470.499996,2.7899995000000217,2.7899995000000004,0,0.6974998750000001,0.0,0.0,0.0,46.396831652799996,46.673599603199996,0.2767679504,13,13,5,0.2767679504,True,
c3_k15,warm,8,86fec6c8cf1651107943644017a43a05fe2ff7de4e8251abc594c7750175bdf5,False,unchanged,True,True,8.424000299999992,8.424000299999992,8.424000299999992,136.3559992,136.3559992,0.0,0,0,0.0,0.0,0.0,0.0,13.52651512064,13.52651512064,0.0,1,1,5,0.0,False,
c3_k15,warm,9,747ee9024d7f0f22c9151c77a2f51901527917fdebb0e96e18270471f390c807,False,unchanged,True,True,0.4620023999999532,0.4620023999999532,0.4620023999999532,409.17899576,409.17899576,0.0,0,0,0.0,0.0,0.0,0.0,40.590556379392,40.590556379392,0.0,5,5,5,0.0,False,
c3_k15,warm,10,e0d4872453421db5b1d6f66cbe8a9b2f13455a510a6d99e3f1e587d6099e5e1b,False,unchanged,True,True,9.002004010000018,9.002004010000018,9.002004010000018,194.72299876,194.72299876,0.0,0,0,0.0,0.0,0.0,0.0,19.316521476992,19.316521476992,0.0,1,1,5,0.0,False,
c3_k15,warm,11,197ed1140f12b61556d9280e4edd1232716a55f6312109039d191caa48890497,False,unchanged,True,True,8.606001880000003,8.606001880000003,8.606001880000003,217.32799996,217.32799996,0.0,0,0,0.0,0.0,0.0,0.0,21.558937596032,21.558937596032,0.0,1,1,5,0.0,False,
c3_k15,warm,12,842d38a65eb8c7d08160a1dba6d29507602836c63355467ce4206764e8c0b667,False,unchanged,True,True,10.679999639999952,10.679999639999952,14.310001879999952,366.10599862,366.10599862,0.0,0,0,0.0,0.0,0.0,0.0,36.317715063103996,36.317715063103996,0.0,2,2,5,0.0,False,
c3_k15,warm,13,628f989758fc3acd469db82fd8cbb3a811e9359cfe98a7aafc8e4386c99ae533,False,unchanged,True,True,4.0480001000000145,4.0480001000000145,20.108999,421.77299843,421.77299843,0.0,0,0,0.0,0.0,0.0,0.0,41.839881444255994,41.839881444255994,0.0,4,4,5,0.0,False,
c3_k15,warm,14,1c89a6e8fa400f769cfd9059af754fcd6d7cde24ecd74887dd287541e703b539,True,existing_intervals,True,True,-1.5499984999999823,3.2862601528904634e-14,3.2862601528904634e-14,381.9519985,383.501997,1.5499985000000152,1.5499985000000152,0,0.3874996250000038,0.0,0.0,0.0,37.8896382512,38.0433981024,0.15375985120000024,3,3,5,0.15375985120000024,True,
c4_k05,base,0,3cc73796ad7af01b5c77fb22c75dedd621c26db4b7fce7f4262590d68d06d580,True,existing_intervals,True,True,-3.089999499999986,7.549516567451064e-14,7.549516567451064e-14,365.679997,368.76999650000005,3.089999500000033,3.0899995000000473,0,0.7724998750000118,0.0,0.0,0.0,36.275455702399995,36.581983652800005,0.30652795040001024,4,4,5,0.30652795040001024,True,
c4_k05,base,1,0ab83daca2b228d1628675e2ca3f9d31d75c93c3b9c99607a88e2578e839ea92,True,existing_intervals,True,True,-2.3199989999999913,4.440892098500626e-15,4.440892098500626e-15,419.8959942,422.2159932,2.3199989999999957,2.319999000000024,0,0.579999750000006,0.0,0.0,0.0,41.65368262464,41.88382652544,0.2301439008000017,3,3,5,0.2301439008000017,True,
c4_k05,base,2,fde7c042ca7a2af4825adb5d327349874bc14bc6a4d0eeb47820e7004008fd7b,False,unchanged,True,True,10.605003100000015,10.605003100000015,10.605003100000015,377.80299902,377.80299902,0.0,0,0,0.0,0.0,0.0,0.0,37.478057502784,37.478057502784,0.0,2,2,5,0.0,False,
c4_k05,base,3,bbb7320f1e36f64b44010f954a94a156bf32c75342f6454ebc8436ec170369c3,False,unchanged,True,True,7.249005999999975,7.249005999999975,16.115002599999947,214.190994,214.190994,0.0,0,0,0.0,0.0,0.0,0.0,21.2477466048,21.2477466048,0.0,1,1,5,0.0,False,
c4_k05,base,4,179f598e81fcfad52c8f07395471cf74fbe9b00a915d568d884be65fdd55aa2a,True,existing_intervals,True,True,-2.3199989999999913,4.440892098500626e-15,9.179001899999989,270.219998,272.53999699999997,2.3199989999999957,2.3199989999999815,0,0.5799997499999954,0.0,0.0,0.0,26.8058238016,27.035967702399994,0.23014390079999458,2,2,5,0.23014390079999458,True,
c4_k05,warm,0,ff841b75db668f831a5bce5b7c6b0882a9fbdc8b9d761ec0d4aa60269170e613,True,existing_intervals,True,True,-2.7899995000000004,2.1316282072803006e-14,0.4700005000000589,450.679997,453.46999650000004,2.7899995000000217,2.7899995000000217,0,0.6974998750000054,0.0,0.0,0.0,44.7074557024,44.9842236528,0.2767679504,4,4,5,0.2767679504,True,
c4_k05,warm,1,9f6e689ff78e2c9ecd89a1df4535b83e5f48cae15b6fed0d2c12cdeb3f2bcb6c,True,existing_intervals,True,True,-1.5499984999999823,4.440892098500626e-15,8.409001400000008,270.21999800000003,271.7699965,1.5499984999999583,1.5499984999999725,0,0.38749962499999313,0.0,0.0,0.0,26.8058238016,26.9595836528,0.15375985120000024,2,2,5,0.15375985120000024,True,
c4_k05,warm,2,17b5597719d5dc23d0fb9ea87cde7f628fd63815076d7646294a28b003e7ec7b,True,existing_intervals,True,True,-3.0899995000000287,-5.240252676230739e-14,-5.240252676230739e-14,320.97399736,324.06399686,3.0899994999999763,3.0899994999999763,0,0.7724998749999941,0.0,0.0,0.0,31.840620538112,32.147148488511995,0.30652795039999603,3,3,5,0.30652795039999603,True,
c4_k05,warm,3,bbb7320f1e36f64b44010f954a94a156bf32c75342f6454ebc8436ec170369c3,False,unchanged,True,True,7.249005999999975,7.249005999999975,16.115002599999947,214.190994,214.190994,0.0,0,0,0.0,0.0,0.0,0.0,21.2477466048,21.2477466048,0.0,1,1,5,0.0,False,
c4_k05,warm,4,4b2caeb487a918d0dcd4752d7c8819afbf1923e471d6faca2e8d2a94c3e9c50f,False,unchanged,True,True,8.543003599999974,8.543003599999974,8.543003599999974,422.53899676000003,422.53899676000003,0.0,0,0,0.0,0.0,0.0,0.0,41.915868478592,41.915868478592,0.0,2,2,5,0.0,False,
c4_k08,base,0,5d332b79e41ffc9e5b019e9a698cfe7d2e7b31c26baed5fc21b3116ab9e35a56,True,existing_intervals,True,True,-1.5499984999999539,4.440892098500626e-15,4.440892098500626e-15,260.6899985,262.23999699999996,1.5499984999999583,1.549998499999944,0,0.387499624999986,0.0,0.0,0.0,25.8604478512,26.014207702399993,0.15375985119999314,2,2,5,0.15375985119999314,True,
c4_k08,base,1,e0e06ec4ae4e163c2fdb434d8823fbbb55622fa5d9f300ad9a1f8fbcb4e59998,True,existing_intervals,True,True,-2.3199989999999913,3.2862601528904634e-14,3.2862601528904634e-14,333.0529961,335.3729951,2.3199990000000525,2.319999000000024,0,0.579999750000006,0.0,0.0,0.0,33.038857213120004,33.269001113920005,0.2301439008000017,2,2,5,0.2301439008000017,True,
c4_k08,base,2,9c2a3ec6ef321aff783b94d12439d81e4d74edad9307939370c3e9a0d6eb6015,False,unchanged,True,True,17.931001339999973,17.931001339999973,17.931001339999973,210.0999974,210.0999974,0.0,0,0,0.0,0.0,0.0,0.0,20.84191974208,20.84191974208,0.0,1,1,5,0.0,False,
c4_k08,base,3,a65e42d38ea4af9fca29c84fe5ab53b86f020a6a619db10a39fe9b6ca6218a38,False,unchanged,True,True,8.426002800000022,8.426002800000022,8.426002800000022,289.8849967,289.8849967,0.0,0,0,0.0,0.0,0.0,0.0,28.75659167264,28.75659167264,0.0,2,2,5,0.0,False,
c4_k08,base,4,9dd9ec27cd07b80bfacb27a55bf9a5d404e0a057c9b2d6b6c126cd5f0c493941,False,unchanged,True,True,0.6859997000000089,0.6859997000000089,24.596002399999985,393.2739983,393.2739983,0.0,0,0,0.0,0.0,0.0,0.0,39.01278063136,39.01278063136,0.0,3,3,5,0.0,False,
c4_k08,base,5,bdc1360c8e53e0e997f6c3295a711d0639832c4659c18fc5c612f907ef7d6ab2,False,unchanged,True,True,8.326002299999981,8.326002299999981,8.326002299999981,361.55199666,361.55199666,0.0,0,0,0.0,0.0,0.0,0.0,35.865958068672,35.865958068672,0.0,2,2,5,0.0,False,
c4_k08,base,6,5bce67f8a82ce61f87891b4b990b1ad321403965d0f89b63d4b25365ff399458,True,existing_intervals,True,True,-2.7899995000000004,-7.105427357601002e-15,0.47000050000003046,450.679997,453.4699965,2.789999499999965,2.7899995000000004,0,0.6974998750000001,0.0,0.0,0.0,44.7074557024,44.9842236528,0.2767679504,4,4,5,0.2767679504,True,
c4_k08,base,7,6a4d313a0be59353b519264b7a4cfecd314aaa31419cb76ca2490e67e7b2d233,False,unchanged,True,True,7.884004199999971,7.884004199999971,7.884004199999971,294.7119959,294.7119959,0.0,0,0,0.0,0.0,0.0,0.0,29.235429993279997,29.235429993279997,0.0,2,2,5,0.0,False,
c4_k08,base,8,b260996e70c89e9192492feb49e3390ac5e3ee75d7f5f425a9f57d1f0dfedd8a,False,unchanged,True,True,8.182001740000011,8.182001740000011,8.182001740000011,385.59599579999997,385.59599579999997,0.0,0,0,0.0,0.0,0.0,0.0,38.251122783359996,38.251122783359996,0.0,2,2,5,0.0,False,
c4_k08,warm,0,7fc52b164da20d3fdfebca10fee3d976fb2c1328728b4b1880bf41330d960e0c,True,existing_intervals,True,True,-2.3199989999999913,6.128431095930864e-14,6.128431095930864e-14,282.219998,284.539997,2.3199990000000525,2.3199990000000454,0,0.5799997500000114,0.0,0.0,0.0,27.996223801599996,28.2263677024,0.23014390080000524,3,3,5,0.23014390080000524,True,
c4_k08,warm,1,088c4d9a177ad171c106d87c4537348ccf052a9a768bf6fb1b6ef35da2eee0f3,False,unchanged,True,True,6.289001179999998,6.289001179999998,6.289001179999998,156.0029993,156.0029993,0.0,0,0,0.0,0.0,0.0,0.0,15.47549753056,15.47549753056,0.0,1,1,5,0.0,False,
c4_k08,warm,2,cc442dd48c1c4c491789cdc072766fd7348a9ea4fda3b3559bcdc6377fea2072,False,unchanged,True,True,12.346003500000005,12.346003500000005,12.346003500000005,337.56099589999997,337.56099589999997,0.0,0,0,0.0,0.0,0.0,0.0,33.48605079328,33.48605079328,0.0,2,2,5,0.0,False,
c4_k08,warm,3,daab7e916d0c2beeb36762361c2267937606eec0662974526fa42a99d2ec669f,False,unchanged,True,True,11.647000299999986,11.647000299999986,11.647000299999986,211.7269973,211.7269973,0.0,0,0,0.0,0.0,0.0,0.0,21.003318132159997,21.003318132159997,0.0,1,1,5,0.0,False,
c4_k08,warm,4,7029459de195a0d38f964cb787260832671cdf9abebdb87822b060f1c314a81a,False,unchanged,True,True,6.814001999999946,6.814001999999946,6.814001999999946,362.7449921,362.7449921,0.0,0,0,0.0,0.0,0.0,0.0,35.98430321632,35.98430321632,0.0,2,2,5,0.0,False,
c4_k08,warm,5,9b6acdf47151718d3aad048bbe93fdc344627172296e98d08e8836339f53125d,True,existing_intervals,True,True,-2.319998999999963,8.970602038971265e-14,8.970602038971265e-14,366.4499975,368.76999650000005,2.3199990000000525,2.3199990000000525,0,0.5799997500000131,0.0,0.0,0.0,36.351839752,36.581983652800005,0.2301439008000088,4,4,5,0.2301439008000088,True,
c4_k08,warm,6,7b6c1eeaf41601b85f059ac4d788fc927261dac7581adf4232a2035f8685a122,True,existing_intervals,True,True,-2.3199989999999344,6.128431095930864e-14,6.128431095930864e-14,428.379997,430.699996,2.3199989999999957,2.3199989999999957,1.4210854715202004e-14,0.5799997499999989,0.0,0.0,0.0,42.4952957024,42.725439603199995,0.23014390079999458,3,3,5,0.23014390079999458,True,
c4_k08,warm,7,0a4412904c4702df004bb3d00bbc2e4da2c135b027f965191c8539770582c4b0,True,existing_intervals,True,True,-1.8600000000000243,-1.2434497875801753e-13,-1.2434497875801753e-13,512.72099266,514.5809926599999,1.8599999999999,1.859999999999907,0,0.46499999999997677,0.0,0.0,0.0,50.861922471872,51.04643447187199,0.1845119999999909,14,14,5,0.1845119999999909,True,
c4_k10,base,0,0902a6113159829af84b50be632104cdade1d6807af7aed2735974a64c4b7330,False,unchanged,True,True,7.66800169999993,7.66800169999993,8.529001799999929,494.8819977,494.8819977,0.0,0,0,0.0,0.0,0.0,0.0,49.092294171839995,49.092294171839995,0.0,7,7,5,0.0,False,
c4_k10,base,1,591318773bb043b48ad9599a2c12b2fd2c4aba0ba4e697ff1227a00797b22eb8,True,existing_intervals,True,True,-1.5499984999999823,3.2862601528904634e-14,52.475999540000075,516.079997,516.079997,0.0,1.5499984999999867,1.5499984999999583,0.3874996249999967,0.0,0.0,0.0,51.195135702399995,51.1951357024,7.105427357601002e-15,3,3,5,7.105427357601002e-15,True,
c4_k10,base,2,880290a8b455a3babce1c210ff4e3afc10ffb51826e3af3d07905c38208ee54b,False,unchanged,True,True,6.1910010999999745,6.1910010999999745,6.1910010999999745,382.33899732,382.33899732,0.0,0,0,0.0,0.0,0.0,0.0,37.928028534144,37.928028534144,0.0,2,2,5,0.0,False,
c4_k10,base,3,16e3ff146ca917c7055b0c09f2942c13ff4892378456eccb2398870dd23c33ad,False,unchanged,True,True,10.52000389999996,10.52000389999996,10.52000389999996,183.4389971,183.4389971,0.0,0,0,0.0,0.0,0.0,0.0,18.19714851232,18.19714851232,0.0,1,1,5,0.0,False,
c4_k10,base,4,0306f084fb55aaa6d5687ae866d83898454c1e31fb038920947cf1a8d8601ae3,True,existing_intervals,True,True,-1.5599999999999739,0.0,0.0,404.0499967,405.60999669999995,1.5599999999999454,1.5599999999999596,0,0.3899999999999899,0.0,0.0,0.0,40.08175967264,40.23651167263999,0.1547519999999949,3,3,5,0.1547519999999949,True,
c4_k10,base,5,507a6e3de994f1baa16eb5ac0d019a3bc7bdf0ea235e3941612e53473295cc92,True,existing_intervals,True,True,-2.3199989999999344,1.1812772982011666e-13,1.1812772982011666e-13,450.679997,452.99999600000007,2.3199990000000525,2.3199990000000525,0,0.5799997500000131,0.0,0.0,0.0,44.7074557024,44.937599603200006,0.2301439008000088,3,3,5,0.2301439008000088,True,
c4_k10,base,6,8e834c8346a6d7214ba8083b0a75c0613be34e2a383004d9c59a82dc805bcdec,False,unchanged,True,True,12.486000540000026,12.486000540000026,17.135003600000026,223.95399946,223.95399946,0.0,0,0,0.0,0.0,0.0,0.0,22.216236746432003,22.216236746432003,0.0,1,1,5,0.0,False,
c4_k10,base,7,4c8682cd8a6d836b05ddaac94c546ed6b47f66125b8c036fd9524468c491f6bd,True,existing_intervals,True,True,-0.11999900000000263,4.440892098500626e-15,4.440892098500626e-15,370.2639955,370.38399450000003,0.11999900000000707,0.11999900000000707,0,0.029999750000001768,0.0,0.0,0.0,36.7301883536,36.7420922544,0.011903900800000144,2,2,5,0.011903900800000144,True,
c4_k10,base,8,c29520fe14550d39fc86b177dc28bb81048af5ef63c77a102b389b73d9149a7a,False,unchanged,True,True,8.790003599999945,8.790003599999945,8.790003599999945,220.0019969,220.0019969,0.0,0,0,0.0,0.0,0.0,0.0,21.824198092479996,21.824198092479996,0.0,1,1,5,0.0,False,
c4_k10,base,9,57c0db0986bb4a033dc72421648b7f8f911a751eba4d351e117383721b630573,True,existing_intervals,True,True,-1.5499985000000107,8.970602038971265e-14,8.970602038971265e-14,414.7009967,416.2509952000001,1.549998500000072,1.5499985000001004,0,0.3874996250000251,0.0,0.0,0.0,41.13833887264,41.292098723840006,0.15375985120000735,2,2,5,0.15375985120000735,True,
c4_k10,base,10,6f1dcbf12bf91af31918b2a65ccd56cf65abf55da6e7e5584322fae090c4f7d4,False,unchanged,True,True,8.182001740000011,8.182001740000011,8.182001740000011,483.22699566,483.22699566,0.0,0,0,0.0,0.0,0.0,0.0,47.936117969472,47.936117969472,0.0,3,3,5,0.0,False,
c4_k10,warm,0,33bd39ff4c2cfaabc2f71068808fbacec9feaeafe7cd3ebaedab2a3f5b04064e,False,unchanged,True,True,9.959001600000004,9.959001600000004,9.959001600000004,387.60399386,387.60399386,0.0,0,0,0.0,0.0,0.0,0.0,38.450316190912,38.450316190912,0.0,3,3,5,0.0,False,
c4_k10,warm,1,7675a8376988de64f00fd42fa0e1b789f1e608f1322916f53ff96bd0589142ae,True,existing_intervals,True,True,-0.11999900000000263,4.440892098500626e-15,4.440892098500626e-15,249.82699680000002,249.94699579999997,0.11999899999995023,0.11999899999997865,0,0.029999749999994663,0.0,0.0,0.0,24.78283808256,24.794741983359998,0.011903900799996592,2,2,5,0.011903900799996592,True,
c4_k10,warm,2,5471993ec27325380d6b83600f7e227670f2e88147485a8b222485ac3a76e121,True,existing_intervals,True,True,-2.3199989999999344,1.1812772982011666e-13,1.1812772982011666e-13,450.679997,452.99999600000007,2.3199990000000525,2.3199990000000597,0,0.5799997500000149,0.0,0.0,0.0,44.7074557024,44.937599603200006,0.2301439008000088,4,4,5,0.2301439008000088,True,
c4_k10,warm,3,250d936d1051789482261a6e2b2add93330ad7f77d1030f10de0c03b2b628e69,False,unchanged,True,True,6.871002899999944,6.871002899999944,6.871002899999944,389.51599555999996,389.51599555999996,0.0,0,0,0.0,0.0,0.0,0.0,38.639986759552,38.639986759552,0.0,2,2,5,0.0,False,
c4_k10,warm,4,f6ab7bf40bf042e6f82587445b67ed7bc017530cd574c3dcd7fc78f965541acf,False,unchanged,True,True,9.47100029999997,9.47100029999997,14.361001739999999,450.8219967,450.8219967,0.0,0,0,0.0,0.0,0.0,0.0,44.72154207264,44.72154207264,0.0,3,3,5,0.0,False,
c4_k10,warm,5,00a2f76371b617d92e832cddb3641c9ee6fbd33fffe3408a6a77263389cd41d6,False,unchanged,True,True,13.970002799999971,13.970002799999971,13.970002799999971,188.403998,188.403998,0.0,0,0,0.0,0.0,0.0,0.0,18.6896766016,18.6896766016,0.0,1,1,5,0.0,False,
c4_k10,warm,6,4fda3f28e9218985304b96c4fd85ffd1bb9268bcc476a51d258f6d8503a3a5ed,True,existing_intervals,True,True,-2.7899995000000004,-7.105427357601002e-15,0.47000050000003046,366.4499975,369.239997,2.7899995000000217,2.7899995000000004,0,0.6974998750000001,0.0,0.0,0.0,36.351839752,36.6286077024,0.2767679504,3,3,5,0.2767679504,True,
c4_k10,warm,7,e1edd1308c3f50331aaf015a63bd480b6be6aeabea101f22e9771a61042539e0,False,unchanged,True,True,12.680001000000008,12.680001000000008,13.049002039999987,327.719998,327.719998,0.0,0,0,0.0,0.0,0.0,0.0,32.5098238016,32.5098238016,0.0,2,2,5,0.0,False,
c4_k10,warm,8,24e537ab3096c665699ab8fd93b8cd623a1e132377805459436f5b16f4fc6565,True,existing_intervals,True,True,-2.0199989999999914,4.973799150320701e-14,0.45999900000004956,514.139996,516.159995,2.0199989999999843,2.019999000000027,0,0.5049997500000067,0.0,0.0,0.0,51.0026876032,51.203071504,0.20038390079999857,8,8,5,0.20038390079999857,True,
c4_k10,warm,9,b0a4ba883bfbb0126ac23a83ff0b29047a6080471afe54696b0e177fb9a6ec6f,False,unchanged,True,True,16.261002339999987,16.261002339999987,22.45600179999996,215.17899766,215.17899766,0.0,0,0,0.0,0.0,0.0,0.0,21.345756567871998,21.345756567871998,0.0,1,1,5,0.0,False,
c4_k15,base,0,8aa00f63d9e135cfe292f5a7193e552d39dec9be05e3e3e68862f5e64032cd52,True,existing_intervals,True,True,-1.5499984999999823,3.2862601528904634e-14,3.2862601528904634e-14,198.759999,200.3099975,1.5499985000000152,1.5499985000000152,0,0.3874996250000038,0.0,0.0,0.0,19.716991900799997,19.870751752,0.1537598512000038,1,1,5,0.1537598512000038,True,
c4_k15,base,1,d4ce8b0e5c6a3b44e878a5ddf798d857d218fb6ca58e7bf635ddacde9ff73114,True,existing_intervals,True,True,-0.01999899999992749,0.0,0.0,324.919998,324.93999699999995,0.01999899999992749,0.01999899999992749,0,0.004999749999981873,0.0,0.0,0.0,32.2320638016,32.23404770239999,0.001983900799992,2,2,5,0.001983900799992,True,
c4_k15,base,2,412dbcc03e4c9085cde0f78f892683061e9c5e17b13274c7fe055191daab9c9c,True,existing_intervals,True,True,-2.0199989999999914,-7.105427357601002e-15,1.2299995000000195,408.379997,410.399996,2.0199989999999843,2.01999899999997,0,0.5049997499999925,0.0,0.0,0.0,40.5112957024,40.7116796032,0.20038390079999857,3,3,5,0.20038390079999857,True,
c4_k15,base,3,4da139a6bae6a51ffee4bde605dddfa81d1000b85f8731a0a64be58bbf937535,False,unchanged,True,True,9.027002200000013,9.027002200000013,9.027002200000013,214.6589982,214.6589982,0.0,0,0,0.0,0.0,0.0,0.0,21.294172621439998,21.294172621439998,0.0,1,1,5,0.0,False,
c4_k15,base,4,747cce7163c3f7ec44393ba094c132125d25e42fed674bd98df288a6b707c322,True,existing_intervals,True,True,-1.5499984999999539,8.970602038971265e-14,8.970602038971265e-14,367.21999800000003,368.76999650000005,1.5499985000000152,1.5499985000000436,0,0.3874996250000109,0.0,0.0,0.0,36.4282238016,36.581983652800005,0.15375985120000735,2,2,5,0.15375985120000735,True,
c4_k15,base,5,363ed34d9ca0fa16913e6c95bbe5765d05249771c1799a57f2acc46b615b8402,False,unchanged,True,True,6.682003799999987,6.682003799999987,6.682003799999987,228.2059969,228.2059969,0.0,0,0,0.0,0.0,0.0,0.0,22.63803489248,22.63803489248,0.0,1,1,5,0.0,False,
c4_k15,base,6,18a1e602e6f5b1fa57951f893ef0174af849929e89454c6605b12e20abd5d86e,True,existing_intervals,True,True,-2.3199989999999913,4.440892098500626e-15,4.440892098500626e-15,329.2949974,331.6149964,2.3199989999999957,2.3199989999999957,0,0.5799997499999989,0.0,0.0,0.0,32.66606374208,32.89620764288,0.2301439008000017,2,2,5,0.2301439008000017,True,
c4_k15,base,7,877882b18d7733e3391ac451ee6563703719bad7cffa6dea60bbfff19ff1160c,False,unchanged,True,True,5.701003699999987,5.701003699999987,5.701003699999987,445.58499786,445.58499786,0.0,0,0,0.0,0.0,0.0,0.0,44.202031787712,44.202031787712,0.0,2,2,5,0.0,False,
c4_k15,base,8,e0a577dab37b48c92f7c6f103ae9a47ec6d1a2963c042f2d5cec93ff39bcb513,False,unchanged,True,True,12.866001999999902,12.866001999999902,12.866001999999902,170.9680004,170.9680004,0.0,0,0,0.0,0.0,0.0,0.0,16.960025639679998,16.960025639679998,0.0,1,1,5,0.0,False,
c4_k15,base,9,26820c8a85b3c9a1f4f25997c41190e8687d2bab903657e091a7c9229805ed71,False,unchanged,True,True,5.567000299999948,5.567000299999948,5.567000299999948,432.8629981,432.8629981,0.0,0,0,0.0,0.0,0.0,0.0,42.94000941152,42.94000941152,0.0,2,2,5,0.0,False,
c4_k15,base,10,ad3101a14153e2c099693d9e4d16ba80dfa42762db71d2dd3f4be7482522914a,False,unchanged,True,True,8.790003600000002,8.790003600000002,8.790003600000002,224.1209973,224.1209973,0.0,0,0,0.0,0.0,0.0,0.0,22.23280293216,22.23280293216,0.0,1,1,5,0.0,False,
c4_k15,base,11,c92bdfd2d15fb125596089c3851d2f540611e6a66212af7df456558bcc8f3dc6,False,unchanged,True,True,10.072001099999998,10.072001099999998,10.072001099999998,222.68499836,222.68499836,0.0,0,0,0.0,0.0,0.0,0.0,22.090351837312,22.090351837312,0.0,1,1,5,0.0,False,
c4_k15,base,12,f253c8dd091554a50e3319c65a057aa92ce6b1d09d99b86ace9d53e48c1f32fd,False,unchanged,True,True,4.211003200000005,4.211003200000005,8.36900189999998,439.6119963,439.6119963,0.0,0,0,0.0,0.0,0.0,0.0,43.60951003296,43.60951003296,0.0,2,2,5,0.0,False,
c4_k15,base,13,af954788a1cc45b5dee4a7e641969734f6813c81d35731ef1998c26b201bd663,False,unchanged,True,True,8.450001500000017,8.450001500000017,8.553003200000028,352.519998,352.519998,0.0,0,0,0.0,0.0,0.0,0.0,34.9699838016,34.9699838016,0.0,2,2,5,0.0,False,
c4_k15,base,14,9897327bb5f11685c0d174d1db8f2329a370ef141cb894438e6bd0816a00de6a,False,unchanged,True,True,4.565003000000059,4.565003000000059,4.565003000000059,225.09699688,225.09699688,0.0,0,0,0.0,0.0,0.0,0.0,22.329622090496,22.329622090496,0.0,1,1,5,0.0,False,
c4_k15,base,15,07662666fc463f0ea48080b7b036eefa3671c80cab0b0d53c862ccfa3e7e2ca4,False,unchanged,True,True,3.889003399999969,3.889003399999969,3.889003399999969,420.91999866000003,420.91999866000003,0.0,0,0,0.0,0.0,0.0,0.0,41.755263867072,41.755263867072,0.0,2,2,5,0.0,False,
c4_k15,base,16,63275f14bce942f316beec0b9e4d65fef307619763988716866f3ac6af5971f9,False,unchanged,True,True,6.9190015399999725,6.9190015399999725,6.9190015399999725,416.89099699999997,416.89099699999997,0.0,0,0,0.0,0.0,0.0,0.0,41.3555869024,41.3555869024,0.0,2,2,5,0.0,False,
c4_k15,base,17,2aa446d5b90846089b7d52d2da143bb8eff0cc65b05b6b33f887c1b036ce19eb,True,existing_intervals,True,True,-1.5499984999999823,3.2862601528904634e-14,3.2862601528904634e-14,198.759999,200.3099975,1.5499985000000152,1.5499985000000152,0,0.3874996250000038,0.0,0.0,0.0,19.7169919008,19.870751752,0.15375985120000024,1,1,5,0.15375985120000024,True,
c4_k15,base,18,7630bae00c7fe8819d8dcebf7762f6afe0ccca07fab811556454124ab05219b3,False,unchanged,True,True,8.996000540000018,8.996000540000018,8.996000540000018,436.99099416,436.99099416,0.0,0,0,0.0,0.0,0.0,0.0,43.349506620671995,43.349506620671995,0.0,2,2,5,0.0,False,
c4_k15,warm,0,544d547ef54601e1961df340766c6f539d360b6a1988cc0222f2dc2293f6891a,False,unchanged,True,True,14.568004399999985,14.568004399999985,15.611001799999922,219.3719956,219.3719956,0.0,0,0,0.0,0.0,0.0,0.0,21.76170196352,21.76170196352,0.0,1,1,5,0.0,False,
c4_k15,warm,1,2d6d86c3c2bd3cf3731b81746dfdf753581192e99d6e9f9537562231a33d6417,False,unchanged,True,True,15.527001899999998,15.527001899999998,15.527001899999998,150.0719991,150.0719991,0.0,0,0,0.0,0.0,0.0,0.0,14.88714231072,14.88714231072,0.0,1,1,5,0.0,False,
c4_k15,warm,2,d17443c81cdc1612cce0d79991e344696522316fded74f9781dcf322258e18eb,False,unchanged,True,True,6.836001439999945,6.836001439999945,6.836001439999945,190.3369956,190.3369956,0.0,0,0,0.0,0.0,0.0,0.0,18.88142996352,18.88142996352,0.0,1,1,5,0.0,False,
c4_k15,warm,3,a43a7cd324cff76fe5ca6247f8a4c1bea052efb62a30f5b71e81da7886490768,True,existing_intervals,True,True,-3.0899995000000002,3.2862601528904634e-14,3.2862601528904634e-14,362.3449974,365.43499690000004,3.089999500000033,3.0899995000000615,0,0.7724998750000154,0.0,0.0,0.0,35.94462374208,36.25115169248001,0.30652795040001024,3,3,5,0.30652795040001024,True,
c4_k15,warm,4,29d62d5fa7b71ccf07aaed28203b69240ff164ffaffc93df6f3294186316465c,False,unchanged,True,True,0.8260008399999963,0.8260008399999963,0.8260008399999963,443.969994,443.969994,0.0,0,0,0.0,0.0,0.0,0.0,44.0418234048,44.0418234048,0.0,10,10,5,0.0,False,
c4_k15,warm,5,bed44fd710db0c60fe6ca9083f5ae5aca6e8211a7e1505dc0a8f548a086de1b1,True,existing_intervals,True,True,-2.0199989999999914,-7.105427357601002e-15,1.229999499999991,416.41599656,418.43599556,2.0199989999999843,2.0199990000000128,0,0.5049997500000032,0.0,0.0,0.0,41.308466858752,41.508850759552,0.20038390079999857,3,3,5,0.20038390079999857,True,
c4_k15,warm,6,8aa00f63d9e135cfe292f5a7193e552d39dec9be05e3e3e68862f5e64032cd52,True,existing_intervals,True,True,-1.5499984999999823,3.2862601528904634e-14,3.2862601528904634e-14,198.759999,200.3099975,1.5499985000000152,1.5499985000000152,0,0.3874996250000038,0.0,0.0,0.0,19.716991900799997,19.870751752,0.1537598512000038,1,1,5,0.1537598512000038,True,
c4_k15,warm,7,d781ab4cfe62ef448e1396f01009eea05853bcc984dcd3c7ef8670f3b53b817b,False,unchanged,True,True,5.180001000000009,5.180001000000009,13.15900183999999,342.519998,342.519998,0.0,0,0,0.0,0.0,0.0,0.0,33.9779838016,33.9779838016,0.0,2,2,5,0.0,False,
c4_k15,warm,8,9bf4a12600513520ccc1bb0c85136e5b3661be83bed9667c042fb89f5017c150,False,unchanged,True,True,7.973002399999999,7.973002399999999,7.973002399999999,471.73799598,471.73799598,0.0,0,0,0.0,0.0,0.0,0.0,46.796409201216,46.796409201216,0.0,6,6,5,0.0,False,
c4_k15,warm,9,0edf9128e55964274ebfaca27f588a45bee7645c6592eab15e4cf9a88cc41b32,False,unchanged,True,True,6.126999599999946,6.126999599999946,6.126999599999946,458.30199676,458.30199676,0.0,0,0,0.0,0.0,0.0,0.0,45.463558078592,45.463558078592,0.0,4,4,5,0.0,False,
c4_k15,warm,10,27ca37342a24ddd4f0b30cc65fa1fa1f7527e0ed23157aa50a01d2940c65148e,True,existing_intervals,True,True,-2.0199989999999914,2.1316282072803006e-14,2.000000000000057,347.21999800000003,349.239997,2.0199989999999843,2.0199990000000128,0,0.5049997500000032,0.0,0.0,0.0,34.444223801599996,34.6446077024,0.20038390080000568,2,2,5,0.20038390080000568,True,
c4_k15,warm,11,9dd65c5b22d5aff51ca80ac5f8f31cac6cb7f3f83f1f8a669f11430fefc48a3e,True,existing_intervals,True,True,-2.0199989999999914,-7.105427357601002e-15,0.4700005000000589,513.379997,515.399996,2.0199989999999843,2.0199989999999843,0,0.5049997499999961,0.0,0.0,0.0,50.9272957024,51.1276796032,0.20038390079999857,3,3,5,0.20038390079999857,True,
c4_k15,warm,12,6deaa2ca7adca81da76ec7b94b19ff43e1cad1c3ecd37f3155b42e7a2c0e33c7,False,unchanged,True,True,10.950001500000017,10.950001500000017,13.908003000000017,352.519998,352.519998,0.0,0,0,0.0,0.0,0.0,0.0,34.9699838016,34.9699838016,0.0,2,2,5,0.0,False,
c4_k15,warm,13,240df4840402767e5220d32d81137c40e6ded91741dc0b8cd1aee329d361ad2a,True,existing_intervals,True,True,-2.971999699999973,2.4868995751603507e-14,2.1570017000000314,472.1039954,475.0759951,2.9719997000000262,2.971999700000005,3.552713678800501e-15,0.7429999250000012,0.0,0.0,0.0,46.83271634368,47.127538713919996,0.2948223702399986,12,12,5,0.2948223702399986,True,
c4_k15,warm,14,5bc6edc80a3b4020e31ae10cf6a22628846d02916f0fa2edf67bc34ca0fe2f87,False,unchanged,True,True,11.369000800000006,11.369000800000006,16.560000500000015,457.7419956,457.7419956,0.0,0,0,0.0,0.0,0.0,0.0,45.408005963520004,45.408005963520004,0.0,5,5,5,0.0,False,
c5_k05,base,0,1646ee95fe92c733ee8ae1f0cf56c485355be86d665c3263f152bfd41a890a0a,True,existing_intervals,True,True,-1.2499984999999825,2.1316282072803006e-14,7.959999000000039,353.9499975,355.199996,1.2499985000000038,1.2499985000000038,0,0.31249962500000095,0.0,0.0,0.0,35.111839751999995,35.2358396032,0.12399985120000423,2,2,5,0.12399985120000423,True,
c5_k05,base,1,fd87f26ec1a0d09b969b572c34ca3d4cdf5a0daef1ecd304aaa686e583733986,True,existing_intervals,True,True,-1.549998499999897,6.128431095930864e-14,6.128431095930864e-14,429.14999750000004,430.699996,1.5499984999999583,1.5499984999999725,0,0.38749962499999313,0.0,0.0,0.0,42.571679752,42.7254396032,0.15375985120000024,3,3,5,0.15375985120000024,True,
c5_k05,base,2,d0adc1dd222d1459d1acf650ea61038576ba4efdaa48c103aa09ef2b2c0e0026,True,existing_intervals,True,True,-1.5499984999999823,3.2862601528904634e-14,3.2862601528904634e-14,189.71599933,191.26599783000003,1.5499985000000436,1.5499985000000294,0,0.38749962500000734,0.0,0.0,0.0,18.819827133536,18.973586984736002,0.1537598512000038,2,2,5,0.1537598512000038,True,
c5_k05,base,3,0d90d793921d1255b47790ec09c73cba75759b27991b07bde21b7565ef017061,True,existing_intervals,True,True,-2.3199989999999344,1.1812772982011666e-13,1.1812772982011666e-13,450.679997,452.99999600000007,2.3199990000000525,2.3199990000000525,0,0.5799997500000131,0.0,0.0,0.0,44.7074557024,44.937599603200006,0.2301439008000088,3,3,5,0.2301439008000088,True,
c5_k05,base,4,b4371aa2c771d75fcba53a9dd10ef476981e8f70dc00c7f9d1576df90d4548d9,False,unchanged,True,True,11.63300208,11.63300208,11.63300208,448.59499789999995,448.59499789999995,0.0,0,0,0.0,0.0,0.0,0.0,44.50062379168,44.50062379168,0.0,3,3,5,0.0,False,
c5_k05,base,5,07f9fb9f78177c2d779bcf478155d56f93dc624199f76e07d2ebfd8cb9977a59,False,unchanged,True,True,8.193002100000005,8.193002100000005,8.193002100000005,201.56199923,201.56199923,0.0,0,0,0.0,0.0,0.0,0.0,19.994950323616,19.994950323616,0.0,1,1,5,0.0,False,
c5_k05,warm,0,8bba2c2157bc06fc99d472a8833f58f8ebd8f37011d4fef79743649beb50e365,False,unchanged,True,True,6.910000500000014,6.910000500000014,11.63300208,434.2099975,434.2099975,0.0,0,0,0.0,0.0,0.0,0.0,43.073631752,43.073631752,0.0,3,3,5,0.0,False,
c5_k05,warm,1,8ed9cf5b82d808e24ef3729225b3b80de74ad129ae23ee6663fe42a57286d3fc,False,unchanged,True,True,12.480001000000044,12.480001000000044,12.480001000000044,493.7299975,493.7299975,0.0,0,0,0.0,0.0,0.0,0.0,48.978015752,48.978015752,0.0,4,4,5,0.0,False,
c5_k05,warm,2,7d1521c071b0c604ab3d6240782ef4fb167aaabfddaaa249ba2d9bbfd1573a5b,False,unchanged,True,True,9.027002299999996,9.027002299999996,9.027002299999996,277.50699953000003,277.50699953000003,0.0,0,0,0.0,0.0,0.0,0.0,27.528694353376,27.528694353376,0.0,2,2,5,0.0,False,
c5_k05,warm,3,4a268230081d5c725d0b400bf89330a6e92eac4169f62d4193c9f5adbdaee7a5,True,existing_intervals,True,True,-2.319998999999963,-3.552713678800501e-14,3.2862601528904634e-14,428.379997,430.699996,2.3199989999999957,2.3199989999999815,0,0.5799997499999954,0.0,0.0,0.0,42.4952957024,42.725439603199995,0.23014390079999458,4,4,5,0.23014390079999458,True,
c5_k05,warm,4,d65bb95352ce6e876c039b00829c802a6b71972ca3be0c1641f3ba778406c05e,True,existing_intervals,True,True,-2.3199989999999344,4.440892098500626e-15,4.440892098500626e-15,534.9099965,537.2299955,2.319998999999939,2.319998999999939,0,0.5799997499999847,0.0,0.0,0.0,53.0630716528,53.29321555359999,0.23014390079999458,4,4,5,0.23014390079999458,True,
c5_k08,base,0,e20ef588499e8c6eb9ff83cac8c54e4b4d6c07f5bc84630f65a83f24589753dd,False,unchanged,True,True,0.08000100000004284,0.08000100000004284,0.08000100000004284,510.879997,510.879997,0.0,0,0,0.0,0.0,0.0,0.0,50.6792957024,50.6792957024,0.0,4,4,5,0.0,False,
c5_k08,base,1,63750df1bfd60e88b80411717160ced49f0734b16dc2d90ffd22f67a45ca8c17,False,unchanged,True,True,8.191998999999992,8.191998999999992,8.191998999999992,282.519998,282.519998,0.0,0,0,0.0,0.0,0.0,0.0,28.0259838016,28.0259838016,0.0,2,2,5,0.0,False,
c5_k08,base,2,293d5992f5bc7d9cb74006ce6081a74af62f3e170522512aaac73d7ecaa09468,True,existing_intervals,True,True,-1.5499984999999823,6.128431095930864e-14,6.128431095930864e-14,413.710999,415.26099750000003,1.5499985000000152,1.5499985000000436,0,0.3874996250000109,0.0,0.0,0.0,41.0401311008,41.193890952000004,0.15375985120000735,2,2,5,0.15375985120000735,True,
c5_k08,base,3,3e91fc90ee19beaa44b39a765e6be271dac219e4324a4a4b2e16e99bc27f76f3,True,existing_intervals,True,True,-1.2499984999999825,2.1316282072803006e-14,1.6100005000000408,428.9499975,428.9499975,0.0,1.2499985000000038,1.2499985000000038,0.31249962500000095,0.0,0.0,0.0,42.551839752,42.551839752,0.0,2,2,5,0.0,True,
c5_k08,base,4,f7b612dda1b5a622a98b18589a855fe7592b64f60a66c7fcc5f613eecd70d014,True,existing_intervals,True,True,-1.5499984999999539,8.970602038971265e-14,8.970602038971265e-14,367.21999800000003,368.76999650000005,1.5499985000000152,1.5499985000000436,0,0.3874996250000109,0.0,0.0,0.0,36.4282238016,36.581983652800005,0.15375985120000735,2,2,5,0.15375985120000735,True,
c5_k08,base,5,42e20c272a95b2f4ab6f918ecc25f0167c944c800212f077caea33a570d85571,False,unchanged,True,True,5.622001399999979,5.622001399999979,18.869000939999967,429.40799946000004,429.40799946000004,0.0,0,0,0.0,0.0,0.0,0.0,42.597273546432,42.597273546432,0.0,2,2,5,0.0,False,
c5_k08,base,6,ad953ffe11a82ba8e82e20407fa685d678e81b802b84174cd0d91426106d6340,True,existing_intervals,True,True,-1.5499984999999823,6.128431095930864e-14,6.128431095930864e-14,282.98999849999996,284.539997,1.549998500000072,1.5499985000000436,0,0.3874996250000109,0.0,0.0,0.0,28.072607851199997,28.226367702400005,0.15375985120000735,2,2,5,0.15375985120000735,True,
c5_k08,base,7,6efab329c579bac61b9b8930b6106f228afd8f04242d48c1ce890e741b77d24f,False,unchanged,True,True,10.94500258000003,10.94500258000003,10.94500258000003,397.57099793,397.57099793,0.0,0,0,0.0,0.0,0.0,0.0,39.439042994656,39.439042994656,0.0,2,2,5,0.0,False,
c5_k08,base,8,f47de71acb2aa1c9f283a6fe00eb1d4e3ece544c52b23f58c90ff2755e86d5d7,True,existing_intervals,True,True,-2.3199989999999913,4.440892098500626e-15,6.09500420000001,330.219998,330.219998,0.0,2.3199989999999815,2.3199989999999957,0.5799997499999954,0.0,0.0,0.0,32.7578238016,32.7578238016,0.0,2,2,5,0.0,True,
c5_k08,warm,0,0c8aa38aa2a2d0f29d1a78260a270b96c3b34d180a8c5e064012d5cffb09c57f,True,existing_intervals,True,True,-3.559999999999988,0.0,1.2400010000000394,512.6099965000001,516.1699965,3.5599999999999454,3.559999999999981,0,0.8899999999999952,0.0,0.0,0.0,50.8509116528,51.2040636528,0.35315200000000146,6,6,5,0.35315200000000146,True,
c5_k08,warm,1,0d12fc175d9870e2c3c0c93b710fcc014313f4eb3d5bdec032f6aeebb1f6acb8,False,unchanged,True,True,9.344001400000009,9.344001400000009,9.344001400000009,191.51199910000003,191.51199910000003,0.0,0,0,0.0,0.0,0.0,0.0,18.99799031072,18.99799031072,0.0,2,2,5,0.0,False,
c5_k08,warm,2,d3a5cd10e5832e1bdcd252d092cf9c844b94c0c0ce3f930fc3d78c2b1409c6a9,True,existing_intervals,True,True,-1.559999999999988,5.684341886080802e-14,5.684341886080802e-14,514.139996,515.699996,1.5600000000000591,1.5600000000000378,0,0.39000000000000945,0.0,0.0,0.0,51.0026876032,51.157439603200004,0.154752000000002,8,8,5,0.154752000000002,True,
c5_k08,warm,3,3d77010af51af99dabe119ad3a8b0d5718e38078e38175fa9bcb24e1b5e58851,True,existing_intervals,True,True,-0.11999900000000263,-2.398081733190338e-14,6.128431095930864e-14,464.30499743,464.4249964300001,0.11999900000006392,0.11999900000006392,0,0.02999975000001598,0.0,0.0,0.0,46.059055745056,46.07095964585601,0.01190390080000725,3,3,5,0.01190390080000725,True,
c5_k08,warm,4,8c241e3774e6060785f7e4fdcc6d68d4d5cdf0c1d9f02bb9f999b252d83f8165,False,unchanged,True,True,6.253001379999994,6.253001379999994,6.253001379999994,309.3429995,309.3429995,0.0,0,0,0.0,0.0,0.0,0.0,30.686825550400002,30.686825550400002,0.0,2,2,5,0.0,False,
c5_k08,warm,5,7b8113a00a15d1a5ed058ba4f68541c451ff64632ccd86e9e1da4349f3c197bd,True,existing_intervals,True,True,-1.5499984999999823,3.2862601528904634e-14,15.076000140000065,483.479997,485.02999550000004,1.5499985000000152,1.5499985000000152,0,0.3874996250000038,0.0,0.0,0.0,47.9612157024,48.114975553600004,0.15375985120000735,3,3,5,0.15375985120000735,True,
c5_k08,warm,6,188473afeb5e9b800eb03cbc394823d41697023bcab5ba74bb81e64584cce7f4,False,unchanged,True,True,10.950001500000045,10.950001500000045,14.232001280000084,488.479997,488.479997,0.0,0,0,0.0,0.0,0.0,0.0,48.4572157024,48.4572157024,0.0,3,3,5,0.0,False,
c5_k08,warm,7,ddd3e607ab3de361f05f8ce1cebd92e9057626b6ff7d22b11becd6b093b2f4d0,True,existing_intervals,True,True,-2.0199989999999914,-7.105427357601002e-15,1.8929992000000535,462.90999650000003,464.9299955,2.0199989999999843,2.0199989999999985,0,0.5049997499999996,0.0,0.0,0.0,45.9206716528,46.1210555536,0.20038390079999857,4,4,5,0.20038390079999857,True,
c5_k10,base,0,539afb3eb8afe25dd958a6d548ced1fd6b74f67ef6f74446366a8db35db198be,True,existing_intervals,True,True,-0.019998999999984335,5.684341886080802e-14,5.684341886080802e-14,385.1019979,385.12199690000006,0.01999900000004118,0.0199990000000696,0,0.0049997500000174,0.0,0.0,0.0,38.20211819168,38.20410209248001,0.001983900800006211,2,2,5,0.001983900800006211,True,
c5_k10,base,1,ffe42fa8aec238ae33c405128af24ae72c3aa857a512cdde64fe1a76d83bb946,True,existing_intervals,True,True,-1.5499984999999823,4.440892098500626e-15,7.7550025000000264,322.71999800000003,324.2699965,1.5499984999999583,1.5499984999999725,0,0.38749962499999313,0.0,0.0,0.0,32.013823801600005,32.1675836528,0.15375985119999314,2,2,5,0.15375985119999314,True,
c5_k10,base,2,13fd001481365b62f367c47a33b732966b529ce0443fcaa90246f8613e2685d7,False,unchanged,True,True,9.734000540000006,9.734000540000006,9.734000540000006,204.94199933,204.94199933,0.0,0,0,0.0,0.0,0.0,0.0,20.330246333535996,20.330246333535996,0.0,1,1,5,0.0,False,
c5_k10,base,3,1da0fac4433759cbeb8fb8427431b1f5c09d00bec2f240463031459cfaae64b8,True,existing_intervals,True,True,-2.319998999999963,4.973799150320701e-14,1.1812772982011666e-13,496.01699740000004,498.3369964000001,2.3199990000000525,2.319999000000081,0,0.5799997500000202,0.0,0.0,0.0,49.20488614208,49.43503004288001,0.2301439008000088,3,3,5,0.2301439008000088,True,
c5_k10,base,4,0e12289c39251d6c5e7dbca026e2e527ebe941c59a78e3026842f8c6bf51c575,True,existing_intervals,True,True,-2.3199989999999344,1.1812772982011666e-13,1.1812772982011666e-13,450.679997,452.99999600000007,2.3199990000000525,2.3199990000000525,0,0.5799997500000131,0.0,0.0,0.0,44.7074557024,44.937599603200006,0.2301439008000088,3,3,5,0.2301439008000088,True,
c5_k10,base,5,485668b275d114b18aa17e8d44ae1477421b105eef9810fd6a80e8e246089c0a,True,existing_intervals,True,True,-0.7899994999999933,2.842170943040401e-14,2.842170943040401e-14,262.219998,263.0099975,0.7899995000000217,0.7899995000000217,0,0.19749987500000543,0.0,0.0,0.0,26.012223801599998,26.090591751999998,0.07836795040000055,2,2,5,0.07836795040000055,True,
c5_k10,base,6,9f28a0b00c4dcb7608e8d73e605b8492e97c688d80bc5f5585b4638298e25c4c,True,existing_intervals,True,True,-2.3199989999999913,4.440892098500626e-15,11.01800033999998,307.719998,310.03999699999997,2.3199989999999957,2.3199989999999815,0,0.5799997499999954,0.0,0.0,0.0,30.525823801599998,30.755967702399996,0.23014390079999814,2,2,5,0.23014390079999814,True,
c5_k10,base,7,1838100a0673a4d775d2db2847e3f0482e8e9beb1970f914dab9dadd9cc5b40b,True,existing_intervals,True,True,-2.0199989999999914,-7.105427357601002e-15,2.000000000000057,431.4499975,433.46999650000004,2.019999000000041,2.0199989999999985,0,0.5049997499999996,0.0,0.0,0.0,42.799839752000004,43.0002236528,0.20038390079999857,3,3,5,0.20038390079999857,True,
c5_k10,base,8,3c5f3b92a1572932cf249fceffec8dd22121c21e14ed7b429c4f1e19af9550a1,False,unchanged,True,True,13.29300153999994,13.29300153999994,13.544002399999972,343.01499795999996,343.01499795999996,0.0,0,0,0.0,0.0,0.0,0.0,34.02708779763199,34.02708779763199,0.0,2,2,5,0.0,False,
c5_k10,base,9,a5e7d3cbc08ce7da8593a7b340fd3c6ebb8d5adcfa674a2d3576338c705ccc74,False,unchanged,True,True,9.445002180000007,9.445002180000007,9.445002180000007,219.9480017,219.9480017,0.0,0,0,0.0,0.0,0.0,0.0,21.81884176864,21.81884176864,0.0,1,1,5,0.0,False,
c5_k10,base,10,5aceef32d0aca71155e50729fb720c67a123cd6e8e57ddd200be10548a491015,False,unchanged,True,True,7.127001300000018,7.127001300000018,8.88700294000004,226.8129987,226.8129987,0.0,0,0,0.0,0.0,0.0,0.0,22.49984947104,22.49984947104,0.0,1,1,5,0.0,False,
c5_k10,warm,0,78559e0af702db146ca692b37badb2ccce2f92528fe18b6aa01f97526e4e53d9,False,unchanged,True,True,19.418000899999967,19.418000899999967,19.418000899999967,184.059999,184.059999,0.0,0,0,0.0,0.0,0.0,0.0,18.2587519008,18.2587519008,0.0,1,1,5,0.0,False,
c5_k10,warm,1,da82d50f25cecfbbcf5ef8991825544f8a0c85e9283ae398bf16624ac3cbc1a7,False,unchanged,True,True,9.966999240000025,9.966999240000025,9.966999240000025,206.14300033,206.14300033,0.0,0,0,0.0,0.0,0.0,0.0,20.449385632736,20.449385632736,0.0,1,1,5,0.0,False,
c5_k10,warm,2,5fdef3027e02b8e9274ed79bcf2e970e6ad083a05868f9486948ee0132b772d6,True,existing_intervals,True,True,-1.5499984999999254,3.2862601528904634e-14,3.2862601528904634e-14,429.14999750000004,430.699996,1.5499984999999583,1.5499984999999583,0,0.3874996249999896,0.0,0.0,0.0,42.571679752,42.725439603199995,0.15375985119999314,3,3,5,0.15375985119999314,True,
c5_k10,warm,3,ab38a9dd0fd7de92bd5b1251d7cabfcc58f4c62b0ea4dfb0d6e0db0d6b68efcf,False,unchanged,True,True,1.250001500000046,1.250001500000046,1.6100005000000692,513.179997,513.179997,0.0,0,0,0.0,0.0,0.0,0.0,50.9074557024,50.9074557024,0.0,3,3,5,0.0,False,
c5_k10,warm,4,0f7f2fe3315c5d076f00d86012f6c5538d10d211e7a03026df8343d42f3e7f82,True,existing_intervals,True,True,-2.0199989999999914,-7.105427357601002e-15,13.080998880000033,468.679997,470.699996,2.0199989999999843,2.0199989999999985,0,0.5049997499999996,0.0,0.0,0.0,46.4930557024,46.693439603200005,0.20038390080000568,4,4,5,0.20038390080000568,True,
c5_k10,warm,5,28433d360de066f42dca00eac6d9ed2752fb6480c052824cd74d24eefa99edc7,True,existing_intervals,True,True,-2.3199989999999913,4.440892098500626e-15,6.09500420000001,330.219998,330.219998,0.0,2.3199989999999815,2.3199989999999957,0.5799997499999954,0.0,0.0,0.0,32.7578238016,32.7578238016,0.0,2,2,5,0.0,True,
c5_k10,warm,6,3f80beac0948557f3475181cb1fb498b89fc794511a00d4f88a3b2e5afa37a81,False,unchanged,True,True,5.188002799999973,5.188002799999973,13.5440024,402.57299639999997,402.57299639999997,0.0,0,0,0.0,0.0,0.0,0.0,39.93524124288,39.93524124288,0.0,2,2,5,0.0,False,
c5_k10,warm,7,814a4e7d004af7998253bc4e859bd41e6afaa75f03251e2bf90d679c1ff33b2c,False,unchanged,True,True,3.249001139999991,3.249001139999991,4.186000480000004,357.58399676,357.58399676,0.0,0,0,0.0,0.0,0.0,0.0,35.472332478592,35.472332478592,0.0,4,4,5,0.0,False,
c5_k10,warm,8,6628631548b383e4d5578f3c5228d92ef436ea2ca1edd0a5cfbbead687d00d81,True,existing_intervals,True,True,-1.5499984999999823,6.128431095930864e-14,6.128431095930864e-14,415.78699919999997,417.33699770000004,1.549998500000072,1.5499985000000436,0,0.3874996250000109,0.0,0.0,0.0,41.24607032064,41.39983017184,0.15375985120000024,2,2,5,0.15375985120000024,True,
c5_k10,warm,9,1c28650e6b6a4244b2ca699d15fdb4f6a5ce60eb0fa7c427011078e2a4c303a5,True,existing_intervals,True,True,-2.0199989999999914,2.1316282072803006e-14,2.1000000000000556,494.2869979,496.30699690000006,2.019999000000041,2.0199990000000128,0,0.5049997500000032,0.0,0.0,0.0,49.03327019168,49.23365409248,0.20038390079999857,3,3,5,0.20038390079999857,True,
c5_k15,base,0,a5a70043c7bea8f734111ba5a332d225b7a46c4ddae07f7054bda1068d16ecd7,True,existing_intervals,True,True,-1.8600000000000811,-3.517186542012496e-13,-3.517186542012496e-13,494.7509988,496.6109987999997,1.8599999999997294,1.8599999999997365,0,0.46499999999993413,0.0,0.0,0.0,49.07929908096,49.263811080959975,0.1845119999999767,9,9,5,0.1845119999999767,True,
c5_k15,base,1,fb58db8270ba7dfdee24edb18fada27a24436f9bd6251f8cfeaacf86320a89e6,False,unchanged,True,True,25.597000699999978,25.597000699999978,25.597000699999978,594.40599536,594.40599536,0.0,0,0,0.0,0.0,0.0,0.0,58.965074739712,58.965074739712,0.0,11,11,5,0.0,False,
c5_k15,base,2,d58541143aa4162cafd26814bf34fcc6b6cf07e98e81bc6d1f50351a8595226b,True,existing_intervals,True,True,-3.0889993000000295,3.552713678800501e-15,58.58799950000001,556.9379962,560.0269955,3.088999299999955,3.0889993000000295,0,0.7722498250000074,0.0,0.0,0.0,55.24824922304,55.5546779536,0.3064287305600004,10,10,5,0.3064287305600004,True,
c5_k15,base,3,fbcb580d9d1192f80e7e1eb110b8ba7cf4cfb5ff881aabfd3b0f7e14c35369ba,False,unchanged,True,True,5.458003499999984,5.458003499999984,5.458003499999984,295.8419982,295.8419982,0.0,0,0,0.0,0.0,0.0,0.0,29.347526221439995,29.347526221439995,0.0,2,2,5,0.0,False,
c5_k15,base,4,1c2e467284ed00bd732a3ff4d9d2d0ded78e043d299f14009c07c95a33c1b9a0,False,unchanged,True,True,9.718999699999975,9.718999699999975,11.777000799999941,221.7210003,221.7210003,0.0,0,0,0.0,0.0,0.0,0.0,21.994723229759998,21.994723229759998,0.0,1,1,5,0.0,False,
c5_k15,base,5,bce6a6e59b217a4bc6407c34637c45e2f02654a03d5223efb93949b4e4933a86,True,existing_intervals,True,True,-2.3199989999999913,4.440892098500626e-15,9.15800294000002,330.219998,330.219998,0.0,2.3199989999999815,2.3199989999999957,0.5799997499999954,0.0,0.0,0.0,32.7578238016,32.7578238016,0.0,2,2,5,0.0,True,
c5_k15,base,6,64af2899b2b2b46c19bb4a7246d6c9622cf575b0f4038bcee85e1c01f8787892,True,existing_intervals,True,True,-0.019998999999955913,5.684341886080802e-14,5.684341886080802e-14,347.21999800000003,347.239997,0.019998999999984335,0.019999000000012757,0,0.004999750000003189,0.0,0.0,0.0,34.444223801599996,34.4462077024,0.001983900800006211,2,2,5,0.001983900800006211,True,
c5_k15,base,7,21c393e17b8e3b0bbd0679e88c7526f39d9c4a0159d91b7650218ec70c012efc,True,existing_intervals,True,True,-2.019998999999963,4.973799150320701e-14,0.4700005000000873,535.679997,537.699996,2.019999000000098,2.0199990000000128,0,0.5049997500000032,0.0,0.0,0.0,53.1394557024,53.3398396032,0.20038390079999857,3,3,5,0.20038390079999857,True,
c5_k15,base,8,245f9087c5a84f1cd357104484eaabba53919259b60984587bdc38ccce2af702,True,existing_intervals,True,True,-1.5499984999999823,6.128431095930864e-14,6.128431095930864e-14,282.98999849999996,284.539997,1.549998500000072,1.5499985000000436,0,0.3874996250000109,0.0,0.0,0.0,28.072607851199997,28.226367702400005,0.15375985120000735,2,2,5,0.15375985120000735,True,
c5_k15,base,9,4a36a4b8af61cc8a83a2fe3d72a58c39a198993b0525051458b8dc6deea13b60,True,existing_intervals,True,True,-2.019998999999963,-7.105427357601002e-15,2.0000000000000284,493.379997,495.399996,2.0199989999999843,2.0199989999999417,0,0.5049997499999854,0.0,0.0,0.0,48.9432957024,49.1436796032,0.20038390079999857,3,3,5,0.20038390079999857,True,
c5_k15,base,10,4cf18f0a1d9aab053b30eb925eaeddb2416fe259e0cfd615829944e2b24ac97f,True,existing_intervals,True,True,-1.2499984999999825,2.1316282072803006e-14,0.4599990000000389,346.4499975,347.699996,1.2499985000000038,1.2499985000000038,0,0.31249962500000095,0.0,0.0,0.0,34.367839752,34.4918396032,0.12399985119999712,2,2,5,0.12399985119999712,True,
c5_k15,base,11,4a3895097d1c113cf565f9b05ea3f76c46c30e08441681a59e593fbad77a37ac,True,existing_intervals,True,True,-0.7899995000000217,0.0,0.0,315.0589986,315.8489981,0.7899995000000217,0.7899995000000217,0,0.19749987500000543,0.0,0.0,0.0,31.25385266112,31.33222061152,0.07836795040000055,2,2,5,0.07836795040000055,True,
c5_k15,base,12,aa653a22f2a642c6d3b0e6709395ae91cf3a969fa14216cd78faee9a6b235e3d,False,unchanged,True,True,16.532002640000037,16.532002640000037,16.532002640000037,422.20499716,422.20499716,0.0,0,0,0.0,0.0,0.0,0.0,41.882735718272,41.882735718272,0.0,2,2,5,0.0,False,
c5_k15,base,13,c03c5558f2fb91368faba77914776b7d8e473a3ad5de2b94460413b70dae3337,False,unchanged,True,True,6.931002700000012,6.931002700000012,6.931002700000012,222.47599973,222.47599973,0.0,0,0,0.0,0.0,0.0,0.0,22.069619173215997,22.069619173215997,0.0,1,1,5,0.0,False,
c5_k15,base,14,872acafb875ff7304ac7e0cab56c2beffcf5a778fe54660c438d6d757b4e648d,False,unchanged,True,True,8.553000039999993,8.553000039999993,8.553000039999993,272.519998,272.519998,0.0,0,0,0.0,0.0,0.0,0.0,27.033983801599998,27.033983801599998,0.0,2,2,5,0.0,False,
c5_k15,base,15,226dfa1f0d317d4d3cfd0a06ab8a20d2c55810acd81298f4c79eef00ee12ab20,True,existing_intervals,True,True,-2.019998999999963,-7.105427357601002e-15,0.47000050000003046,530.6479974,532.6679964,2.0199989999999843,2.019998999999956,0,0.504999749999989,0.0,0.0,0.0,52.64028134208,52.84066524287999,0.20038390079999147,3,3,5,0.20038390079999147,True,
c5_k15,warm,0,26d2bee17eec41acd4d99bbf3d4a68337284e7bdc3a2487b76e766504c7ec8e1,False,unchanged,True,True,7.344002000000001,7.344002000000001,7.344002000000001,223.5709998,223.5709998,0.0,0,0,0.0,0.0,0.0,0.0,22.17824318016,22.17824318016,0.0,1,1,5,0.0,False,
c5_k15,warm,1,4d508e526544b6a23037850b59258e698d8b6563959aff79aa66abe0ffc21228,True,existing_intervals,True,True,-2.3199989999999913,4.440892098500626e-15,10.396002180000004,327.719998,330.03999699999997,2.3199989999999957,2.3199989999999815,0,0.5799997499999954,0.0,0.0,0.0,32.5098238016,32.739967702399994,0.23014390079999458,2,2,5,0.23014390079999458,True,
c5_k15,warm,2,5fdef3027e02b8e9274ed79bcf2e970e6ad083a05868f9486948ee0132b772d6,True,existing_intervals,True,True,-1.5499984999999254,3.2862601528904634e-14,3.2862601528904634e-14,429.14999750000004,430.699996,1.5499984999999583,1.5499984999999583,0,0.3874996249999896,0.0,0.0,0.0,42.571679752,42.725439603199995,0.15375985119999314,3,3,5,0.15375985119999314,True,
c5_k15,warm,3,ab38a9dd0fd7de92bd5b1251d7cabfcc58f4c62b0ea4dfb0d6e0db0d6b68efcf,False,unchanged,True,True,1.250001500000046,1.250001500000046,1.6100005000000692,513.179997,513.179997,0.0,0,0,0.0,0.0,0.0,0.0,50.9074557024,50.9074557024,0.0,3,3,5,0.0,False,
c5_k15,warm,4,5a2eafcbd227b4eb650210a2d5d669b2b4503f8091dd8202ebc518a1bd8f4678,True,existing_intervals,True,True,-2.319998999999963,1.1812772982011666e-13,1.1812772982011666e-13,450.679997,452.99999600000007,2.3199990000000525,2.3199990000000668,0,0.5799997500000167,0.0,0.0,0.0,44.7074557024,44.937599603200006,0.2301439008000088,3,3,5,0.2301439008000088,True,
c5_k15,warm,5,94360dbf905881e7c6f82edd7ef2a1b9ab43b4ee95719ac96e80868c8ed4fb0f,True,existing_intervals,True,True,-0.019998999999955913,5.684341886080802e-14,5.684341886080802e-14,462.28799903000004,462.30799803,0.019998999999984335,0.019999000000012757,0,0.004999750000003189,0.0,0.0,0.0,45.858969503775995,45.860953404576,0.001983900800006211,3,3,5,0.001983900800006211,True,
c5_k15,warm,6,388c6aeb20600e69e16d1b3a851250bd6d9aaaaaee671fbdf3a7f59bde38b9c5,True,existing_intervals,True,True,-2.0199989999999914,-7.105427357601002e-15,2.0000000000000284,262.9899985,265.0099975,2.0199989999999843,2.0199989999999985,0,0.5049997499999996,0.0,0.0,0.0,26.088607851200003,26.288991752,0.20038390079999857,2,2,5,0.20038390079999857,True,
c5_k15,warm,7,dd2f9687ff5f4d765fe6698d2f56ce86b8380a006d5cd56275724ac9a0ecf492,False,unchanged,True,True,5.622001399999979,5.622001399999979,13.544002400000029,440.49599980000005,440.49599980000005,0.0,0,0,0.0,0.0,0.0,0.0,43.69720318016,43.69720318016,0.0,2,2,5,0.0,False,
c5_k15,warm,8,7561f2ee286f730751819f0a08110ab23c88f6fcc4e429fa1539ed80566de6d6,False,unchanged,True,True,2.305000340000001,2.305000340000001,2.305000340000001,232.44999790000003,232.44999790000003,0.0,0,0,0.0,0.0,0.0,0.0,23.05903979168,23.05903979168,0.0,3,3,5,0.0,False,
c5_k15,warm,9,30a7a4dd0e977f46f298a2117f90021edadc582a7b91236169104029512a75aa,False,unchanged,True,True,1.909000239999962,1.909000239999962,1.909000239999962,482.0469936,482.0469936,0.0,0,0,0.0,0.0,0.0,0.0,47.81906176512,47.81906176512,0.0,12,12,5,0.0,False,
c5_k15,warm,10,240cd2272ebcd4aaefafc71442e9e114fe7caca7e3668204557b2a6fe5a26aa3,True,existing_intervals,True,True,-3.0899995000000002,1.4210854715202004e-14,1.1812772982011666e-13,511.839996,514.9299955,3.089999500000033,3.089999500000058,0,0.7724998750000145,0.0,0.0,0.0,50.7745276032,51.0810555536,0.30652795040000314,11,11,5,0.30652795040000314,True,
c5_k15,warm,11,09c6f2cc425b1617e2e4a04b4fe513d170c52a16692af369535ee7babd47dda4,True,existing_intervals,True,True,-2.789999499999986,2.1316282072803006e-14,10.714000240000027,487.7099965,490.499996,2.7899995000000217,2.7899995000000004,0,0.6974998750000001,0.0,0.0,0.0,48.3808316528,48.6575996032,0.2767679504,13,13,5,0.2767679504,True,
c5_k15,warm,12,106c723a99610f61aa2d5365b5697186d4d2d505f3b8130930e1c974da05b688,False,unchanged,True,True,9.527002980000038,9.527002980000038,9.527002980000038,323.62399906,323.62399906,0.0,0,0,0.0,0.0,0.0,0.0,32.103500706752,32.103500706752,0.0,2,2,5,0.0,False,
c5_k15,warm,13,1dd59b9067b4a76651e4a86bd5eff3e7c1c8a59a4965b8b9f1c52563923d7f4d,True,existing_intervals,True,True,-0.28500017999999283,4.440892098500626e-15,4.440892098500626e-15,242.03799656,242.32299673999998,0.28500017999996885,0.28500017999999727,1.4210854715202004e-14,0.07125004499999932,0.0,0.0,0.0,24.010169258751997,24.038441276607998,0.02827201785600053,5,5,5,0.02827201785600053,True,
c5_k15,warm,14,7cded689403c6d421b61ade0c7159187371b2a5292ffeb1de86d017c2391e94f,False,unchanged,True,True,11.408999899999964,11.408999899999964,11.408999899999964,209.3999987,209.3999987,0.0,0,0,0.0,0.0,0.0,0.0,20.772479871039998,20.772479871039998,0.0,1,1,5,0.0,False,
c6_k05,base,0,d4ce8b0e5c6a3b44e878a5ddf798d857d218fb6ca58e7bf635ddacde9ff73114,True,existing_intervals,True,True,-0.01999899999992749,0.0,0.0,324.919998,324.93999699999995,0.01999899999992749,0.01999899999992749,0,0.004999749999981873,0.0,0.0,0.0,32.2320638016,32.23404770239999,0.001983900799992,2,2,5,0.001983900799992,True,
c6_k05,base,1,388c6aeb20600e69e16d1b3a851250bd6d9aaaaaee671fbdf3a7f59bde38b9c5,True,existing_intervals,True,True,-2.0199989999999914,-7.105427357601002e-15,2.0000000000000284,262.9899985,265.0099975,2.0199989999999843,2.0199989999999985,0,0.5049997499999996,0.0,0.0,0.0,26.088607851200003,26.288991752,0.20038390079999857,2,2,5,0.20038390079999857,True,
c6_k05,base,2,530a70a0a8b320c1f55db43eceff39e06621933877ab01502f3a04642f623372,False,unchanged,True,True,9.961000300000002,9.961000300000002,9.961000300000002,197.5259977,197.5259977,0.0,0,0,0.0,0.0,0.0,0.0,19.59457897184,19.59457897184,0.0,1,1,5,0.0,False,
c6_k05,base,3,ca388a7732c19d32a96e3c1300b2ee961953634e01416eb50ffb4d62d29e2632,False,unchanged,True,True,9.685002430000015,9.685002430000015,9.685002430000015,188.6299969,188.6299969,0.0,0,0,0.0,0.0,0.0,0.0,18.712095692480002,18.712095692480002,0.0,1,1,5,0.0,False,
c6_k05,base,4,a021a0ef0899dbb87c02b6ab73796b8d2c822ebf3f1de92ac3557b91f82c0bc4,True,existing_intervals,True,True,-0.5979990000000015,0.0,0.0,43.39499896,43.992997960000004,0.5979990000000015,0.5979990000000015,0,0.14949975000000038,0.0,0.0,0.0,4.304783896832,4.364105397632001,0.059321500800000315,1,1,5,0.059321500800000315,True,
c6_k05,warm,0,adf7b66d6c27e4fc08a6473dd78345979eafb8851f27731b7be5cb29596ccb54,True,existing_intervals,True,True,-0.01999899999992749,0.0,0.0,324.919998,324.93999699999995,0.01999899999992749,0.01999899999992749,0,0.004999749999981873,0.0,0.0,0.0,32.2320638016,32.23404770239999,0.001983900799992,2,2,5,0.001983900799992,True,
c6_k05,warm,1,388c6aeb20600e69e16d1b3a851250bd6d9aaaaaee671fbdf3a7f59bde38b9c5,True,existing_intervals,True,True,-2.0199989999999914,-7.105427357601002e-15,2.0000000000000284,262.9899985,265.0099975,2.0199989999999843,2.0199989999999985,0,0.5049997499999996,0.0,0.0,0.0,26.088607851200003,26.288991752,0.20038390079999857,2,2,5,0.20038390079999857,True,
c6_k05,warm,2,530a70a0a8b320c1f55db43eceff39e06621933877ab01502f3a04642f623372,False,unchanged,True,True,9.961000300000002,9.961000300000002,9.961000300000002,197.5259977,197.5259977,0.0,0,0,0.0,0.0,0.0,0.0,19.59457897184,19.59457897184,0.0,1,1,5,0.0,False,
c6_k05,warm,3,3029e392e5ab7e7097ad84ea132e36ae4c9ff6a7b4fbbf5c42638cbee33ee080,False,unchanged,True,True,3.690001299999995,3.690001299999995,3.690001299999995,98.39499896,98.39499896,0.0,0,0,0.0,0.0,0.0,0.0,9.760783896831999,9.760783896831999,0.0,1,1,5,0.0,False,
c6_k05,warm,4,0adbd6446dceebb3a43607a067d24227c4a2045202e07561baf6c3d476a4e562,False,unchanged,True,True,5.397002130000018,5.397002130000018,5.397002130000018,133.6299969,133.6299969,0.0,0,0,0.0,0.0,0.0,0.0,13.25609569248,13.25609569248,0.0,1,1,5,0.0,False,
c6_k08,base,0,b0934ec97cf488f9b8a5ac5cd1ae64295e688b8fd4d65439e9b262465e56c3bc,False,unchanged,True,True,6.43199850000004,6.43199850000004,6.43199850000004,270.21999800000003,270.21999800000003,0.0,0,0,0.0,0.0,0.0,0.0,26.8058238016,26.8058238016,0.0,2,2,5,0.0,False,
c6_k08,base,1,abe3c10bf3d5817ee6457f0a8a6be4b92be9871ba5007caccbe61a75f7d5f349,False,unchanged,True,True,12.90700099999999,12.90700099999999,12.90700099999999,200.1979986,200.1979986,0.0,0,0,0.0,0.0,0.0,0.0,19.85964146112,19.85964146112,0.0,1,1,5,0.0,False,
c6_k08,base,2,4b5e4ba60b60495a50a4e6d00d861b15723af1435d5f40999c05afbd6a4c6439,True,existing_intervals,True,True,-2.019998999999963,-7.105427357601002e-15,0.47000050000003046,513.379997,515.399996,2.0199989999999843,2.019998999999956,1.4210854715202004e-14,0.504999749999989,0.0,0.0,0.0,50.9272957024,51.127679603199994,0.20038390079999147,3,3,5,0.20038390079999147,True,
c6_k08,base,3,e444189be90e48729877c782aa8e69d40fdc686207838526e0afa07424233122,True,existing_intervals,True,True,-2.7899995000000004,-7.105427357601002e-15,2.770000500000009,262.9899985,265.779998,2.789999499999965,2.7899995000000004,0,0.6974998750000001,0.0,0.0,0.0,26.0886078512,26.3653758016,0.2767679504,2,2,5,0.2767679504,True,
c6_k08,base,4,b3f660e2d355ae07151f5763efde0915de1b9751070165e8f311689f66146059,True,existing_intervals,True,True,-2.019998999999963,-7.105427357601002e-15,2.0000000000000284,409.14999750000004,411.16999649999997,2.0199989999999275,2.0199989999999453,0,0.5049997499999863,0.0,0.0,0.0,40.587679752,40.7880636528,0.20038390079999857,3,3,5,0.20038390079999857,True,
c6_k08,base,5,5a7934278fa0fb48e3d2d57b07585e4ac0684eb7f55ed63b5f6b75bd2e8037a4,False,unchanged,True,True,7.4720025999999855,7.4720025999999855,7.4720025999999855,221.22299806,221.22299806,0.0,0,0,0.0,0.0,0.0,0.0,21.945321407552,21.945321407552,0.0,1,1,5,0.0,False,
c6_k08,base,6,1b2f1ca1361ffb5ab2b01c9cf1527ebb2189a78af8c0e9204142a840fddb0ff8,True,existing_intervals,True,True,-2.019998999999963,-7.105427357601002e-15,2.0000000000000284,455.36299636,457.38299536,2.0199989999999843,2.019998999999949,0,0.5049997499999872,0.0,0.0,0.0,45.172009238912,45.372393139711996,0.20038390079999857,3,3,5,0.20038390079999857,True,
c6_k08,base,7,5df0d84eb9bc49a146dde61c05a4857e21615b9e20d45cd2a29a888c9e873a8a,False,unchanged,True,True,7.963002470000056,7.963002470000056,7.963002470000056,175.9279972,175.9279972,0.0,0,0,0.0,0.0,0.0,0.0,17.452057322239998,17.452057322239998,0.0,1,1,5,0.0,False,
c6_k08,warm,0,809187d1e7640c0158854284dee3a5440415364648ceb9bf24b8c521f0589ca2,False,unchanged,True,True,9.263002730000029,9.263002730000029,9.263002730000029,169.77099756,169.77099756,0.0,0,0,0.0,0.0,0.0,0.0,16.841282957952,16.841282957952,0.0,1,1,5,0.0,False,
c6_k08,warm,1,e444189be90e48729877c782aa8e69d40fdc686207838526e0afa07424233122,True,existing_intervals,True,True,-2.7899995000000004,-7.105427357601002e-15,2.770000500000009,262.9899985,265.779998,2.789999499999965,2.7899995000000004,0,0.6974998750000001,0.0,0.0,0.0,26.0886078512,26.3653758016,0.2767679504,2,2,5,0.2767679504,True,
c6_k08,warm,2,28570c09d00ce992ca288c65d0d346ef02695b79f1647c6a2f98d4cdfaf2d5d6,False,unchanged,True,True,1.6100005000000026,1.6100005000000026,5.210001100000007,199.2839978,199.2839978,0.0,0,0,0.0,0.0,0.0,0.0,19.76897258176,19.76897258176,0.0,2,2,5,0.0,False,
c6_k08,warm,3,abcb8be54bced5b8ab21ea59acf8ab1456e4bcb4ad1e0d77a4e8692d82419d46,True,existing_intervals,True,True,-0.019998999999955913,2.842170943040401e-14,2.842170943040401e-14,262.9899985,263.0099975,0.019998999999984335,0.019998999999984335,0,0.004999749999996084,0.0,0.0,0.0,26.0886078512,26.090591751999998,0.0019839007999991054,2,2,5,0.0019839007999991054,True,
c6_k08,warm,4,05103d66ca1087f2f3f810b71545f855367edb816187303c99cc071aaf6cd686,True,existing_intervals,True,True,-1.5499984999999539,3.2862601528904634e-14,3.2862601528904634e-14,429.1499975,430.699996,1.5499985000000152,1.5499984999999867,0,0.3874996249999967,0.0,0.0,0.0,42.571679752,42.725439603199995,0.15375985119999314,3,3,5,0.15375985119999314,True,
c6_k08,warm,5,fcc784f79024a57811f9a1b1d9cd80bca026960d48dcafeb78111078333af5ee,False,unchanged,True,True,5.874999899999985,5.874999899999985,5.874999899999985,165.0259977,165.0259977,0.0,0,0,0.0,0.0,0.0,0.0,16.37057897184,16.37057897184,0.0,1,1,5,0.0,False,
c6_k08,warm,6,4b5e4ba60b60495a50a4e6d00d861b15723af1435d5f40999c05afbd6a4c6439,True,existing_intervals,True,True,-2.019998999999963,-7.105427357601002e-15,0.47000050000003046,513.379997,515.399996,2.0199989999999843,2.019998999999956,1.4210854715202004e-14,0.504999749999989,0.0,0.0,0.0,50.9272957024,51.127679603199994,0.20038390079999147,3,3,5,0.20038390079999147,True,
c6_k08,warm,7,81ae4da8493e7184fcb10faab4e7f1c05a1d4daa11bece76e8891c23c29a8fca,False,unchanged,True,True,0.640000000000029,0.640000000000029,0.640000000000029,219.30199745000002,219.30199745000002,0.0,0,0,0.0,0.0,0.0,0.0,21.75475814704,21.75475814704,0.0,2,2,5,0.0,False,
c6_k10,base,0,11825d7d5c5666c66314221de74c900f2046ecebc2bc36de7afd47f08e625d76,False,unchanged,True,True,2.1640012999999207,2.1640012999999207,2.1640012999999207,511.17399594,511.17399594,0.0,0,0,0.0,0.0,0.0,0.0,50.708460397248,50.708460397248,0.0,11,11,5,0.0,False,
c6_k10,base,1,893b879a23bf85b46a0c32b1c7e3d92329ceb56ef9bb9038583b7a754975c1b4,True,existing_intervals,True,True,-3.5600000000000733,4.263256414560601e-14,32.97000050000005,461.18099540000003,464.7409954000001,3.560000000000059,3.5600000000001017,0,0.8900000000000254,0.0,0.0,0.0,45.74915474368,46.10230674368001,0.35315200000000857,7,7,5,0.35315200000000857,True,
c6_k10,base,2,7f45e45ad54f11479cc8c8dfe3ca126660a2881500e274a9b139aaa9a72cb5c7,True,existing_intervals,True,True,-0.8899994999999974,-9.769962616701378e-15,8.358002630000051,254.09299700000003,254.9829965,0.8899994999999876,0.8899995000000018,0,0.22249987500000046,0.0,0.0,0.0,25.2060253024,25.294313252800002,0.08828795040000159,2,2,5,0.08828795040000159,True,
c6_k10,base,3,bc4d2ea3705a0a93a9d18d61cb1f7c9f5afcb013f1e5835a40818cf19088e1d8,False,unchanged,True,True,9.066998599999945,9.066998599999945,9.066998599999945,209.9449971,209.9449971,0.0,0,0,0.0,0.0,0.0,0.0,20.82654371232,20.82654371232,0.0,1,1,5,0.0,False,
c6_k10,base,4,7dcbacfe0832f2d0c006c5155d3770d80551dcea7f48484b9c769dd7055b57c2,False,unchanged,True,True,6.8080025000000255,6.8080025000000255,6.8080025000000255,184.44099686,184.44099686,0.0,0,0,0.0,0.0,0.0,0.0,18.296546888512,18.296546888512,0.0,1,1,5,0.0,False,
c6_k10,base,5,a8a1a55795b17e6547280965eefb61698078cf14b288bd353c1090407e504268,False,unchanged,True,True,1.6100005000000408,1.6100005000000408,1.6100005000000408,322.419998,322.419998,0.0,0,0,0.0,0.0,0.0,0.0,31.9840638016,31.9840638016,0.0,2,2,5,0.0,False,
c6_k10,base,6,6b96a536b32fd3d59b379f2d74f7bc4273f279eab57ba08f71ac627d5f00208a,True,existing_intervals,True,True,-2.3199989999999344,1.1812772982011666e-13,1.1812772982011666e-13,450.679997,452.99999600000007,2.3199990000000525,2.3199990000000525,0,0.5799997500000131,0.0,0.0,0.0,44.7074557024,44.937599603200006,0.2301439008000088,3,3,5,0.2301439008000088,True,
c6_k10,base,7,0c450bba3b48e04719ed5dfa9c16b7648079a84e39f0fa8d7088f1d3a86d7dea,False,unchanged,True,True,7.619000939999985,7.619000939999985,7.619000939999985,209.21899776,209.21899776,0.0,0,0,0.0,0.0,0.0,0.0,20.754524577792,20.754524577792,0.0,1,1,5,0.0,False,
c6_k10,base,8,9fc6dae14780bd961a90553a47b72bced2797e6af98225ad1a922070abd1fcfb,True,existing_intervals,True,True,-2.019998999999963,-7.105427357601002e-15,2.0000000000000284,409.14999750000004,411.16999649999997,2.0199989999999275,2.0199989999999453,0,0.5049997499999863,0.0,0.0,0.0,40.587679752,40.7880636528,0.20038390079999857,3,3,5,0.20038390079999857,True,
c6_k10,base,9,dbe0a634a830fd01678e32bea971f06fff494891ada4cc5c0269e33675ce1b41,True,existing_intervals,True,True,-2.319998999999963,8.970602038971265e-14,8.970602038971265e-14,366.4499975,368.76999650000005,2.3199990000000525,2.3199990000000525,0,0.5799997500000131,0.0,0.0,0.0,36.351839752,36.581983652800005,0.2301439008000088,2,2,5,0.2301439008000088,True,
c6_k10,base,10,63f4bc3d0f9e46ac894b70d52a91bde856b8220e27908a4acf8c4da38391de9a,False,unchanged,True,True,7.5430019400000115,7.5430019400000115,7.5430019400000115,289.5589973,289.5589973,0.0,0,0,0.0,0.0,0.0,0.0,28.72425253216,28.72425253216,0.0,2,2,5,0.0,False,
c6_k10,warm,0,bfe0b886b66fefd28d8c0294dad42d67ddaff4a1cdce89150c7e95cdd0c981c3,True,existing_intervals,True,True,-0.019998999999955913,2.842170943040401e-14,2.842170943040401e-14,262.9899985,263.0099975,0.019998999999984335,0.019998999999984335,0,0.004999749999996084,0.0,0.0,0.0,26.0886078512,26.090591751999998,0.0019839007999991054,2,2,5,0.0019839007999991054,True,
c6_k10,warm,1,31b0408ae1ded8d5846bba33f59e00e01e1ec36fa188feafbd91f207ed1f5ca0,True,existing_intervals,True,True,-3.5599999999999596,-7.105427357601002e-15,2.770000500000009,576.839996,580.399996,3.5599999999999454,3.5599999999999525,1.4210854715202004e-14,0.8899999999999881,0.0,0.0,0.0,57.2225276032,57.575679603199994,0.35315199999999436,10,10,5,0.35315199999999436,True,
c6_k10,warm,2,9a89e4a2a07e9af6ecf2fad4ac1b6269a290399c2c09e075ae41cc8ab5fa580f,True,existing_intervals,True,True,-2.0199989999999914,-7.105427357601002e-15,2.0000000000000284,262.9899985,265.0099975,2.0199989999999843,2.0199989999999985,0,0.5049997499999996,0.0,0.0,0.0,26.088607851200003,26.288991752,0.20038390079999857,2,2,5,0.20038390079999857,True,
c6_k10,warm,3,22bd9eeb4a274ff687e7f3882eeccff8a086663cb9c5bcc93d15137f87bb83d2,True,existing_intervals,True,True,-3.559999999999988,0.0,1.2400010000000394,512.6099965,516.1699965,3.560000000000059,3.559999999999981,0,0.8899999999999952,0.0,0.0,0.0,50.8509116528,51.204063652799995,0.35315199999999436,6,6,5,0.35315199999999436,True,
c6_k10,warm,4,4b208a7652075d9ca5672182b85e5bbf307f7d2ba68b4eab1c6939739785b163,False,unchanged,True,True,5.701000300000024,5.701000300000024,5.701000300000024,141.32799786,141.32799786,0.0,0,0,0.0,0.0,0.0,0.0,14.019737387712,14.019737387712,0.0,1,1,5,0.0,False,
c6_k10,warm,5,c36b9e15f00520245ad89e67bdc0a8d6e87aa19a28bf660130facff2aa46031b,False,unchanged,True,True,11.697002999999988,11.697002999999988,11.697002999999988,176.474999,176.474999,0.0,0,0,0.0,0.0,0.0,0.0,17.5063199008,17.5063199008,0.0,1,1,5,0.0,False,
c6_k10,warm,6,cd8194c1fbc2c391d3907055c6b789331fd9ef6a463a81a15a4a7a08267047d3,False,unchanged,True,True,5.61900334,5.61900334,5.61900334,204.26799906,204.26799906,0.0,0,0,0.0,0.0,0.0,0.0,20.263385506751998,20.263385506751998,0.0,1,1,5,0.0,False,
c6_k10,warm,7,98047b1233912705edbc22295dc886f28bfd7e0232b140370cf002a046632272,False,unchanged,True,True,5.688002870000027,5.688002870000027,5.688002870000027,178.087997,178.087997,0.0,0,0,0.0,0.0,0.0,0.0,17.6663293024,17.6663293024,0.0,1,1,5,0.0,False,
c6_k10,warm,8,7d29406d4a43ec44c03d51ae8c463836df6caebf8abf47d1f65b64d0671e681a,False,unchanged,True,True,12.020003200000001,12.020003200000001,12.020003200000001,423.5949955,423.5949955,0.0,0,0,0.0,0.0,0.0,0.0,42.020623553600004,42.020623553600004,0.0,2,2,5,0.0,False,
c6_k10,warm,9,c34389937ec24610b164af14443d657ca8de36704b40607ccdb383c4590ce916,False,unchanged,True,True,14.499002730000019,14.499002730000019,14.499002730000019,211.41099846,211.41099846,0.0,0,0,0.0,0.0,0.0,0.0,20.971971047232,20.971971047232,0.0,1,1,5,0.0,False,
c6_k15,base,0,69f5fa93efea78f2c01aedf5d04079995a3c8f85607109353b9b1218b77d302a,False,unchanged,True,True,3.9160007999999866,3.9160007999999866,3.9160007999999866,302.5859962,302.5859962,0.0,0,0,0.0,0.0,0.0,0.0,30.01653082304,30.01653082304,0.0,2,2,5,0.0,False,
c6_k15,base,1,bc6366c48ff52a2af94be9ee72344a41b17c27c7f9e8b28e750667239e0c7a61,False,unchanged,True,True,1.4210002000000017,1.4210002000000017,12.594002699999997,236.5789988,236.5789988,0.0,0,0,0.0,0.0,0.0,0.0,23.468636680959996,23.468636680959996,0.0,2,2,5,0.0,False,
c6_k15,base,2,f2ead9a1bb0fdcbe1baa44fb3e3a263307e044e711b2f05a12f5d4e8144db697,False,unchanged,True,True,9.094002500000009,9.094002500000009,15.857002100000024,478.53299699,478.53299699,0.0,0,0,0.0,0.0,0.0,0.0,47.470473301408,47.470473301408,0.0,3,3,5,0.0,False,
c6_k15,base,3,9ec1a85366342c24b6d3aa62e15d0e689a2f751c4c041e7a81b4549b94defa49,True,existing_intervals,True,True,-2.0199989999999914,-7.105427357601002e-15,22.871000640000045,496.9499975,498.96999650000004,2.019999000000041,2.0199989999999985,0,0.5049997499999996,0.0,0.0,0.0,49.297439752,49.4978236528,0.20038390079999857,3,3,5,0.20038390079999857,True,
c6_k15,base,4,5461be87bdc0a3406d80ff4bd97f5dcbd698f27ee07a4a93aebfb3c99e2d2d30,False,unchanged,True,True,13.012001040000033,13.012001040000033,13.012001040000033,220.7329982,220.7329982,0.0,0,0,0.0,0.0,0.0,0.0,21.896713421439998,21.896713421439998,0.0,1,1,5,0.0,False,
c6_k15,base,5,36e8aba32f1d065a7efa8156c93dd1777f70fa3e70f619f242b6233f79cc0c01,False,unchanged,True,True,7.2309999999999786,7.2309999999999786,7.2309999999999786,245.88199616000003,245.88199616000003,0.0,0,0,0.0,0.0,0.0,0.0,24.391494019072002,24.391494019072002,0.0,2,2,5,0.0,False,
c6_k15,base,6,e4acb27343b8681071942417ece5cf38d33e6a6cb3dc6548ce1642c5ee689c0b,False,unchanged,True,True,10.193000639999969,10.193000639999969,19.023000260000018,443.62599776,443.62599776,0.0,0,0,0.0,0.0,0.0,0.0,44.007698977792,44.007698977792,0.0,2,2,5,0.0,False,
c6_k15,base,7,5fd57c35c81126556e3c9fdea7efc800cb20c4ca91502d5c1ec7fa1fbf11acd4,False,unchanged,True,True,1.6100005000000408,1.6100005000000408,1.6100005000000408,406.6499975,406.6499975,0.0,0,0,0.0,0.0,0.0,0.0,40.339679752,40.339679752,0.0,3,3,5,0.0,False,
c6_k15,base,8,aedb3e1465ef060f0c0743b80d4ebb33463a7ad2ed53b29da36639c400962a31,False,unchanged,True,True,9.024001439999934,9.024001439999934,9.024001439999934,395.08499476,395.08499476,0.0,0,0,0.0,0.0,0.0,0.0,39.192431480192,39.192431480192,0.0,2,2,5,0.0,False,
c6_k15,base,9,5f8127e844b96464e4556518df114d042dedd1c4ea9c590a0d3ee76e9c9ec8a4,True,existing_intervals,True,True,-1.549998499999897,8.970602038971265e-14,8.970602038971265e-14,513.379997,514.9299955,1.5499985000000152,1.5499984999999867,0,0.3874996249999967,0.0,0.0,0.0,50.9272957024,51.0810555536,0.15375985120000024,3,3,5,0.15375985120000024,True,
c6_k15,base,10,41fa2be7cb93d781804a752c0f511f92f87e8875191c2d4ab36cec08209fe467,False,unchanged,True,True,9.023002800000006,9.023002800000006,9.023002800000006,219.3139993,219.3139993,0.0,0,0,0.0,0.0,0.0,0.0,21.75594873056,21.75594873056,0.0,1,1,5,0.0,False,
c6_k15,base,11,8dd0f258db0add8cf29f0fc3acd57096e8c66c75ce11ece19b740799e737cc91,False,unchanged,True,True,8.473000799999992,8.473000799999992,11.947002139999999,227.9669992,227.9669992,0.0,0,0,0.0,0.0,0.0,0.0,22.61432632064,22.61432632064,0.0,1,1,5,0.0,False,
c6_k15,base,12,100a895d9cf08b1c85cd5dad21c98ee24ed08c73e0a8e337d12afae5b25abf58,False,unchanged,True,True,8.40100357999997,8.40100357999997,8.40100357999997,221.9809979,221.9809979,0.0,0,0,0.0,0.0,0.0,0.0,22.020514991680002,22.020514991680002,0.0,1,1,5,0.0,False,
c6_k15,base,13,694480a0c9b1b02e59a77c5b8083a208842c82b681b8ba461f739e695aa49148,False,unchanged,True,True,9.980001000000016,9.980001000000016,14.005002880000024,330.9899985,330.9899985,0.0,0,0,0.0,0.0,0.0,0.0,32.8342078512,32.8342078512,0.0,2,2,5,0.0,False,
c6_k15,base,14,9ad58dd17819a31c1cbb36c231f379916f4e15929b9e896be7d63a0e14e01d2d,False,unchanged,True,True,6.109001840000009,6.109001840000009,6.109001840000009,225.9299979,225.9299979,0.0,0,0,0.0,0.0,0.0,0.0,22.412255791679996,22.412255791679996,0.0,1,1,5,0.0,False,
c6_k15,base,15,fb96dc076500fd92382250be27c3d5fd9aa23a2a98cbfe02bf2f07d1f5cbd22a,False,unchanged,True,True,5.494003200000002,5.494003200000002,9.408003500000007,230.9459968,230.9459968,0.0,0,0,0.0,0.0,0.0,0.0,22.909842882559996,22.909842882559996,0.0,1,1,5,0.0,False,
c6_k15,base,16,9cd189d4f2fcf2aec97d4866709cc51006bc249e90af649fcc19c57ca967181d,True,existing_intervals,True,True,-2.0199989999999346,2.1316282072803006e-14,2.000000000000057,517.2209968,519.2409958,2.0199989999999843,2.019998999999956,0,0.504999749999989,0.0,0.0,0.0,51.30832288256,51.50870678336,0.20038390079999857,3,3,5,0.20038390079999857,True,
c6_k15,base,17,e23459728724fad7b0e2fc931bf2d5b925b53fa34ad11994b4ff2dded0a391f8,False,unchanged,True,True,10.278000699999977,10.278000699999977,10.278000699999977,220.31699726,220.31699726,0.0,0,0,0.0,0.0,0.0,0.0,21.855446128192,21.855446128192,0.0,1,1,5,0.0,False,
c6_k15,base,18,53afd50a5a28f951d6c8e686324f6900e6af6c6d28b95738e387269443fb8d7c,False,unchanged,True,True,4.274000839999986,4.274000839999986,4.274000839999986,225.65499672,225.65499672,0.0,0,0,0.0,0.0,0.0,0.0,22.384975674624002,22.384975674624002,0.0,1,1,5,0.0,False,
c6_k15,base,19,3cb0d04f13f4fcfa20192795882e8fe6f9f7c8a99d712db04e9cba8c7ad451b2,False,unchanged,True,True,12.077000850000069,12.077000850000069,12.077000850000069,219.69999856,219.69999856,0.0,0,0,0.0,0.0,0.0,0.0,21.794239857152,21.794239857152,0.0,1,1,5,0.0,False,
c6_k15,warm,0,48501f72f63f5cfe178147559f944af051e3f38fbcd5caff584726a1bd3e390a,False,unchanged,True,True,7.522003130000019,7.522003130000019,7.522003130000019,163.6299969,163.6299969,0.0,0,0,0.0,0.0,0.0,0.0,16.23209569248,16.23209569248,0.0,1,1,5,0.0,False,
c6_k15,warm,1,d20d662ffe015515402e40018c31a1d265192411217b5611b80091ed2e72432b,False,unchanged,True,True,5.874999899999985,5.874999899999985,5.874999899999985,125.6979986,125.6979986,0.0,0,0,0.0,0.0,0.0,0.0,12.46924146112,12.46924146112,0.0,1,1,5,0.0,False,
c6_k15,warm,2,e444189be90e48729877c782aa8e69d40fdc686207838526e0afa07424233122,True,existing_intervals,True,True,-2.7899995000000004,-7.105427357601002e-15,2.770000500000009,262.9899985,265.779998,2.789999499999965,2.7899995000000004,0,0.6974998750000001,0.0,0.0,0.0,26.0886078512,26.3653758016,0.2767679504,2,2,5,0.2767679504,True,
c6_k15,warm,3,05103d66ca1087f2f3f810b71545f855367edb816187303c99cc071aaf6cd686,True,existing_intervals,True,True,-1.5499984999999539,3.2862601528904634e-14,3.2862601528904634e-14,429.1499975,430.699996,1.5499985000000152,1.5499984999999867,0,0.3874996249999967,0.0,0.0,0.0,42.571679752,42.725439603199995,0.15375985119999314,3,3,5,0.15375985119999314,True,
c6_k15,warm,4,77a110f7ea3dce21322b480442339779229fb80d17d89d2c4b1331a2ec57a229,True,existing_intervals,True,True,-0.019998999999984335,0.0,0.0,288.26999836,288.28999736,0.019998999999984335,0.019998999999984335,0,0.004999749999996084,0.0,0.0,0.0,28.596383837311997,28.598367738111996,0.0019839007999991054,2,2,5,0.0019839007999991054,True,
c6_k15,warm,5,552c0f8146345bae824e1eb62eb28d0ec8b0d1e67117771b7bce04907087cad9,True,existing_intervals,True,True,-2.019998999999963,-7.105427357601002e-15,0.47000050000003046,513.379997,515.399996,2.0199989999999843,2.019998999999956,1.4210854715202004e-14,0.504999749999989,0.0,0.0,0.0,50.9272957024,51.127679603199994,0.20038390079999147,3,3,5,0.20038390079999147,True,
c6_k15,warm,6,36728d45ecedb8f89bfc7c7ff360cf2d68f851a5a0d1db041a28d8531a5bd8b5,False,unchanged,True,True,7.963002470000056,7.963002470000056,7.963002470000056,177.42299806,177.42299806,0.0,0,0,0.0,0.0,0.0,0.0,17.600361407552,17.600361407552,0.0,1,1,5,0.0,False,
c6_k15,warm,7,5625f302f97e2c994856bf0d3891c5ae0a118f3d55345a51211d7ce71219b867,True,existing_intervals,True,True,-2.298999100000027,-8.08242361927114e-14,2.9389990999999185,556.97499216,559.27399126,2.2989990999999463,2.298999099999932,0,0.574749774999983,0.0,0.0,0.0,55.251919222272,55.479979932991995,0.22806071071999412,13,13,5,0.22806071071999412,True,
c6_k15,warm,8,4a9c9a9f1497a5305ceb8d05e54a78e0c9962fe254028b7b0ce73cdeaa177331,False,unchanged,True,True,2.480001000000044,2.480001000000044,4.701000200000051,312.919998,312.919998,0.0,0,0,0.0,0.0,0.0,0.0,31.0416638016,31.0416638016,0.0,2,2,5,0.0,False,
c6_k15,warm,9,b5cbfa2dae1a9e34f85bc420a9c92819a50dc15c3810d65cad5ae7e368dfa9de,False,unchanged,True,True,5.109000239999934,5.109000239999934,5.109000239999934,255.9049948,255.9049948,0.0,0,0,0.0,0.0,0.0,0.0,25.38577548416,25.38577548416,0.0,5,5,5,0.0,False,
c6_k15,warm,10,932f809bbd33e6c2606b7cb338925add81d0e4fff89ac21bd61f7a0f4aaf2f96,False,unchanged,True,True,9.002000339999984,9.002000339999984,9.046999779999991,488.74899588,488.74899588,0.0,0,0,0.0,0.0,0.0,0.0,48.483900391296,48.483900391296,0.0,8,8,5,0.0,False,
c6_k15,warm,11,27c7fb8e593ff34d1f0b7c634e1de3667897eea095d316882a85d7d7b238d801,False,unchanged,True,True,2.528001640000003,2.528001640000003,2.528001640000003,501.46999400000004,501.46999400000004,0.0,0,0,0.0,0.0,0.0,0.0,49.7458234048,49.7458234048,0.0,11,11,5,0.0,False,
c6_k15,warm,12,8c2fe7358f0b1d2ad7738941bf9ade79ad057c50f851874e97daf156cb363c29,False,unchanged,True,True,6.542003200000011,6.542003200000011,10.98100144000005,450.27399549999996,450.27399549999996,0.0,0,0,0.0,0.0,0.0,0.0,44.667180353599996,44.667180353599996,0.0,2,2,5,0.0,False,
c6_k15,warm,13,b23ee357f2e2e2fc8b36ee9188e7808d50ce60de4620367f3cffc90ddd4b2186,True,existing_intervals,True,True,-1.562999099999999,-1.4210854715202004e-14,-1.4210854715202004e-14,445.0419958,446.60499489999995,1.5629990999999563,1.5629990999999706,2.842170943040401e-14,0.39074977499999264,0.0,0.0,0.0,44.148165983359995,44.30321549407999,0.15504951071999784,5,5,5,0.15504951071999784,True,
c6_k15,warm,14,b525aa7a0886b442e82490fa27f42f6d288c4e2a2a8c82c8c3ff60857b12bb79,False,unchanged,True,True,4.88900149999999,4.88900149999999,4.88900149999999,237.17099956,237.17099956,0.0,0,0,0.0,0.0,0.0,0.0,23.527363156352,23.527363156352,0.0,6,6,5,0.0,False,
