
Gurobi 12.0.3 (linux64) logging started Tue Sep 22 11:39:48 2026

Set parameter LogFile to value "/share/scaglione/nc437/evsp-dr/chain_extension_33_40_20260921/cases/w6_k34/cg/661727_r0/cg.json.gurobi.log"
Set parameter TimeLimit to value 1.2466564740255941e+04
Set parameter TimeLimit to value 1.2466564740255941e+04
Set parameter Method to value 1
Gurobi Optimizer version 12.0.3 build v12.0.3rc0 (linux64 - "Ubuntu 24.04.4 LTS")

CPU model: Intel(R) Xeon(R) Gold 5218R CPU @ 2.10GHz, instruction set [SSE2|AVX|AVX2|AVX512]
Thread count: 40 physical cores, 40 logical processors, using up to 1 threads

Non-default parameters:
TimeLimit  1.2466564740255941e+04
Method  1
BarHomogeneous  1
Threads  1

Optimize a model with 804 rows, 252427 columns and 6694777 nonzeros
Model fingerprint: 0x369be3c6
Coefficient statistics:
  Matrix range     [1e+00, 1e+00]
  Objective range  [1e+05, 5e+05]
  Bounds range     [0e+00, 0e+00]
  RHS range        [1e+00, 1e+00]
Presolve removed 8 rows and 812 columns
Presolve time: 3.07s
Presolved: 796 rows, 251615 columns, 6693965 nonzeros

Iteration    Objective       Primal Inf.    Dual Inf.      Time
       0    8.0000000e+05   7.960000e+02   0.000000e+00      3s

Starting sifting (using dual simplex for sub-problems)...

    Iter     Pivots    Primal Obj      Dual Obj        Time
       0          0     infinity      8.0000000e+05      3s
       1       1234   4.2737299e+07   1.7906850e+06      4s
       2       5628   8.5182612e+06   2.1872726e+06      5s
       3      10055   4.3912783e+06   2.7927885e+06      7s
       4      20703   4.0476657e+06   3.4704587e+06     14s
       5      32986   4.0018727e+06   3.9992589e+06     23s
       6      41068   4.0015848e+06   4.0007917e+06     30s
       7      50070   4.0014956e+06   4.0011570e+06     41s
       8      58918   4.0014760e+06   4.0013022e+06     52s
       9      67444   4.0014722e+06   4.0014340e+06     64s
      10      73925   4.0014714e+06   4.0014532e+06     73s
      11      79194   4.0014714e+06   4.0014651e+06     80s
      12      82818   4.0014714e+06   4.0014713e+06     85s

Sifting complete

   83918    4.0014714e+06   0.000000e+00   0.000000e+00     87s

Solved in 83918 iterations and 87.50 seconds (148.97 work units)
Optimal objective  4.001471392e+06
Set parameter TimeLimit to value 1.2347613065442070e+04
Set parameter Method to value 1
Gurobi Optimizer version 12.0.3 build v12.0.3rc0 (linux64 - "Ubuntu 24.04.4 LTS")

CPU model: Intel(R) Xeon(R) Gold 5218R CPU @ 2.10GHz, instruction set [SSE2|AVX|AVX2|AVX512]
Thread count: 40 physical cores, 40 logical processors, using up to 1 threads

Non-default parameters:
TimeLimit  1.2347613065442070e+04
Method  1
BarHomogeneous  1
Threads  1

Optimize a model with 804 rows, 252457 columns and 6695923 nonzeros
Coefficient statistics:
  Matrix range     [1e+00, 1e+00]
  Objective range  [1e+05, 5e+05]
  Bounds range     [0e+00, 0e+00]
  RHS range        [1e+00, 1e+00]
LP warm-start: use basis

Iteration    Objective       Primal Inf.    Dual Inf.      Time
       0   -2.1000272e+37   3.289662e+34   2.100027e+07      1s
     343    3.3014664e+06   2.914728e+03   0.000000e+00      6s
     692    3.3014673e+06   8.725736e+02   0.000000e+00     11s
    1039    3.3014679e+06   2.138801e+03   0.000000e+00     17s
    1274    3.3014683e+06   7.809221e+02   0.000000e+00     20s
    1624    3.3014690e+06   3.717374e+02   0.000000e+00     26s
    1972    3.3014696e+06   1.688158e+03   0.000000e+00     31s
    2324    3.3014700e+06   4.319066e+02   0.000000e+00     37s
    2563    3.3014702e+06   3.312864e+02   0.000000e+00     40s
    2910    3.3014705e+06   4.048010e+02   0.000000e+00     46s
    3259    3.3014709e+06   1.996913e+02   0.000000e+00     51s
    3604    3.3014712e+06   4.835194e+02   0.000000e+00     57s
    3835    3.3014714e+06   4.301744e+02   0.000000e+00     60s
    4181    3.3014716e+06   2.609481e+02   0.000000e+00     66s
    4530    3.3014718e+06   5.143540e+02   0.000000e+00     71s
    4871    3.3014720e+06   1.606918e+02   0.000000e+00     77s
    5099    3.3014721e+06   2.646541e+02   0.000000e+00     80s
    5446    3.3014723e+06   7.522224e+01   0.000000e+00     86s
    5790    3.3014725e+06   1.024748e+02   0.000000e+00     91s
    6129    3.3014726e+06   9.458640e+01   0.000000e+00     97s
    6362    3.3014727e+06   2.633597e+02   0.000000e+00    100s
    6709    3.3014728e+06   4.996256e+01   0.000000e+00    106s
    7057    3.3014728e+06   8.856592e+01   0.000000e+00    111s
    7396    3.3014729e+06   5.949889e+01   0.000000e+00    116s
    7635    3.3014729e+06   3.490953e+01   0.000000e+00    120s
    7984    3.3014730e+06   3.557674e+00   0.000000e+00    126s
    8186    3.3014730e+06   0.000000e+00   0.000000e+00    129s

Solved in 8186 iterations and 128.88 seconds (182.40 work units)
Optimal objective  3.301472971e+06
Set parameter TimeLimit to value 1.2193766076317988e+04
Set parameter Method to value 1
Gurobi Optimizer version 12.0.3 build v12.0.3rc0 (linux64 - "Ubuntu 24.04.4 LTS")

CPU model: Intel(R) Xeon(R) Gold 5218R CPU @ 2.10GHz, instruction set [SSE2|AVX|AVX2|AVX512]
Thread count: 40 physical cores, 40 logical processors, using up to 1 threads

Non-default parameters:
TimeLimit  1.2193766076317988e+04
Method  1
BarHomogeneous  1
Threads  1

Optimize a model with 804 rows, 252487 columns and 6696910 nonzeros
Coefficient statistics:
  Matrix range     [1e+00, 1e+00]
  Objective range  [1e+05, 5e+05]
  Bounds range     [0e+00, 0e+00]
  RHS range        [1e+00, 1e+00]
LP warm-start: use basis

Iteration    Objective       Primal Inf.    Dual Inf.      Time
       0   -2.9998700e+36   2.043894e+34   2.999870e+06      1s
     191    3.3014730e+06   0.000000e+00   0.000000e+00      4s

Solved in 191 iterations and 3.56 seconds (4.70 work units)
Optimal objective  3.301472971e+06
Set parameter TimeLimit to value 1.2168063530067913e+04
Set parameter Method to value 1
Gurobi Optimizer version 12.0.3 build v12.0.3rc0 (linux64 - "Ubuntu 24.04.4 LTS")

CPU model: Intel(R) Xeon(R) Gold 5218R CPU @ 2.10GHz, instruction set [SSE2|AVX|AVX2|AVX512]
Thread count: 40 physical cores, 40 logical processors, using up to 1 threads

Non-default parameters:
TimeLimit  1.2168063530067913e+04
Method  1
BarHomogeneous  1
Threads  1

Optimize a model with 804 rows, 252517 columns and 6697718 nonzeros
Coefficient statistics:
  Matrix range     [1e+00, 1e+00]
  Objective range  [1e+05, 5e+05]
  Bounds range     [0e+00, 0e+00]
  RHS range        [1e+00, 1e+00]
LP warm-start: use basis

Iteration    Objective       Primal Inf.    Dual Inf.      Time
       0   -2.9997237e+36   2.018350e+34   2.999724e+06      0s
     167    3.3014730e+06   0.000000e+00   0.000000e+00      3s

Solved in 167 iterations and 3.03 seconds (4.16 work units)
Optimal objective  3.301472971e+06
Set parameter TimeLimit to value 1.2143978833706584e+04
Set parameter Method to value 1
Gurobi Optimizer version 12.0.3 build v12.0.3rc0 (linux64 - "Ubuntu 24.04.4 LTS")

CPU model: Intel(R) Xeon(R) Gold 5218R CPU @ 2.10GHz, instruction set [SSE2|AVX|AVX2|AVX512]
Thread count: 40 physical cores, 40 logical processors, using up to 1 threads

Non-default parameters:
TimeLimit  1.2143978833706584e+04
Method  1
BarHomogeneous  1
Threads  1

Optimize a model with 804 rows, 252547 columns and 6698652 nonzeros
Coefficient statistics:
  Matrix range     [1e+00, 1e+00]
  Objective range  [1e+05, 5e+05]
  Bounds range     [0e+00, 0e+00]
  RHS range        [1e+00, 1e+00]
LP warm-start: use basis

Iteration    Objective       Primal Inf.    Dual Inf.      Time
       0   -2.3346728e+33   5.295887e+34   2.334673e+03      1s
     161    3.3014730e+06   0.000000e+00   0.000000e+00      3s

Solved in 161 iterations and 3.01 seconds (4.01 work units)
Optimal objective  3.301472971e+06
Set parameter TimeLimit to value 1.2120725190513302e+04
Set parameter Method to value 1
Gurobi Optimizer version 12.0.3 build v12.0.3rc0 (linux64 - "Ubuntu 24.04.4 LTS")

CPU model: Intel(R) Xeon(R) Gold 5218R CPU @ 2.10GHz, instruction set [SSE2|AVX|AVX2|AVX512]
Thread count: 40 physical cores, 40 logical processors, using up to 1 threads

Non-default parameters:
TimeLimit  1.2120725190513302e+04
Method  1
BarHomogeneous  1
Threads  1

Optimize a model with 804 rows, 252577 columns and 6699558 nonzeros
Coefficient statistics:
  Matrix range     [1e+00, 1e+00]
  Objective range  [1e+05, 5e+05]
  Bounds range     [0e+00, 0e+00]
  RHS range        [1e+00, 1e+00]
LP warm-start: use basis

Iteration    Objective       Primal Inf.    Dual Inf.      Time
       0   -2.3337904e+33   7.656943e+34   2.333790e+03      1s
       1    3.3014730e+06   0.000000e+00   0.000000e+00      1s

Solved in 1 iterations and 0.57 seconds (0.45 work units)
Optimal objective  3.301472971e+06
Set parameter TimeLimit to value 1.2099010261644144e+04
Set parameter Method to value 1
Gurobi Optimizer version 12.0.3 build v12.0.3rc0 (linux64 - "Ubuntu 24.04.4 LTS")

CPU model: Intel(R) Xeon(R) Gold 5218R CPU @ 2.10GHz, instruction set [SSE2|AVX|AVX2|AVX512]
Thread count: 40 physical cores, 40 logical processors, using up to 1 threads

Non-default parameters:
TimeLimit  1.2099010261644144e+04
Method  1
BarHomogeneous  1
Threads  1

Optimize a model with 804 rows, 252607 columns and 6700594 nonzeros
Coefficient statistics:
  Matrix range     [1e+00, 1e+00]
  Objective range  [1e+05, 5e+05]
  Bounds range     [0e+00, 0e+00]
  RHS range        [1e+00, 1e+00]
LP warm-start: use basis

Iteration    Objective       Primal Inf.    Dual Inf.      Time
       0   -2.4606358e+33   7.253236e+34   2.460636e+03      0s
     344   -9.2699651e+30   1.446491e+33   9.269965e+00      5s
     662   -1.3816626e+30   7.662422e+32   1.381663e+00     10s
    1049    3.3014712e+06   8.525922e+02   0.000000e+00     16s
    1393    3.3014717e+06   5.871959e+02   0.000000e+00     21s
    1739    3.3014721e+06   9.630874e+01   0.000000e+00     26s
    2079    3.3014722e+06   7.957212e+03   0.000000e+00     31s
    2428    3.3014724e+06   6.188790e+01   0.000000e+00     36s
    2778    3.3014725e+06   1.183961e+02   0.000000e+00     42s
    3007    3.3014725e+06   3.859834e+01   0.000000e+00     45s
    3355    3.3014726e+06   3.954408e+01   0.000000e+00     50s
    3705    3.3014726e+06   8.453308e-01   0.000000e+00     56s
    3855    3.3014726e+06   0.000000e+00   0.000000e+00     58s

Solved in 3855 iterations and 57.98 seconds (85.77 work units)
Optimal objective  3.301472611e+06
Set parameter TimeLimit to value 1.2017103887596168e+04
Set parameter Method to value 1
Gurobi Optimizer version 12.0.3 build v12.0.3rc0 (linux64 - "Ubuntu 24.04.4 LTS")

CPU model: Intel(R) Xeon(R) Gold 5218R CPU @ 2.10GHz, instruction set [SSE2|AVX|AVX2|AVX512]
Thread count: 40 physical cores, 40 logical processors, using up to 1 threads

Non-default parameters:
TimeLimit  1.2017103887596168e+04
Method  1
BarHomogeneous  1
Threads  1

Optimize a model with 804 rows, 252637 columns and 6701611 nonzeros
Coefficient statistics:
  Matrix range     [1e+00, 1e+00]
  Objective range  [1e+05, 5e+05]
  Bounds range     [0e+00, 0e+00]
  RHS range        [1e+00, 1e+00]
LP warm-start: use basis

Iteration    Objective       Primal Inf.    Dual Inf.      Time
       0   -2.0481788e+33   1.455337e+35   2.048179e+03      1s
       1    3.3014726e+06   0.000000e+00   0.000000e+00      1s

Solved in 1 iterations and 0.58 seconds (0.46 work units)
Optimal objective  3.301472611e+06
Set parameter TimeLimit to value 1.1994452778701205e+04
Set parameter Method to value 1
Gurobi Optimizer version 12.0.3 build v12.0.3rc0 (linux64 - "Ubuntu 24.04.4 LTS")

CPU model: Intel(R) Xeon(R) Gold 5218R CPU @ 2.10GHz, instruction set [SSE2|AVX|AVX2|AVX512]
Thread count: 40 physical cores, 40 logical processors, using up to 1 threads

Non-default parameters:
TimeLimit  1.1994452778701205e+04
Method  1
BarHomogeneous  1
Threads  1

Optimize a model with 804 rows, 252667 columns and 6702674 nonzeros
Coefficient statistics:
  Matrix range     [1e+00, 1e+00]
  Objective range  [1e+05, 5e+05]
  Bounds range     [0e+00, 0e+00]
  RHS range        [1e+00, 1e+00]
LP warm-start: use basis

Iteration    Objective       Primal Inf.    Dual Inf.      Time
       0   -1.3955875e+33   1.276905e+35   1.395588e+03      1s
      64    3.3014726e+06   0.000000e+00   0.000000e+00      1s

Solved in 64 iterations and 1.40 seconds (1.72 work units)
Optimal objective  3.301472611e+06
Set parameter TimeLimit to value 1.1971952349680476e+04
Set parameter Method to value 1
Gurobi Optimizer version 12.0.3 build v12.0.3rc0 (linux64 - "Ubuntu 24.04.4 LTS")

CPU model: Intel(R) Xeon(R) Gold 5218R CPU @ 2.10GHz, instruction set [SSE2|AVX|AVX2|AVX512]
Thread count: 40 physical cores, 40 logical processors, using up to 1 threads

Non-default parameters:
TimeLimit  1.1971952349680476e+04
Method  1
BarHomogeneous  1
Threads  1

Optimize a model with 804 rows, 252697 columns and 6703745 nonzeros
Coefficient statistics:
  Matrix range     [1e+00, 1e+00]
  Objective range  [1e+05, 5e+05]
  Bounds range     [0e+00, 0e+00]
  RHS range        [1e+00, 1e+00]
LP warm-start: use basis

Iteration    Objective       Primal Inf.    Dual Inf.      Time
       0   -1.3440529e+33   2.412529e+35   1.344053e+03      1s
     332   -6.3860997e+31   3.121983e+33   6.386100e+01      6s
     637   -2.6505112e+31   4.372683e+33   2.650511e+01     10s
     987   -1.2260605e+31   2.697403e+33   1.226060e+01     15s
    1290   -6.8825742e+30   5.607859e+33   6.882574e+00     20s
    1636   -2.8379299e+30   8.909830e+33   2.837930e+00     25s
    1992   -5.3254405e+29   3.211002e+33   5.325440e-01     31s
    2335    3.3014670e+06   1.706186e+03   0.000000e+00     36s
    2682    3.3014686e+06   3.235885e+03   0.000000e+00     41s
    3029    3.3014694e+06   1.027321e+03   0.000000e+00     46s
    3375    3.3014700e+06   1.534751e+02   0.000000e+00     51s
    3723    3.3014704e+06   4.444930e+02   0.000000e+00     57s
    4067    3.3014707e+06   3.961625e+02   0.000000e+00     62s
    4301    3.3014709e+06   3.301935e+02   0.000000e+00     65s
    4645    3.3014711e+06   3.041280e+02   0.000000e+00     70s
    4999    3.3014712e+06   2.258952e+02   0.000000e+00     76s
    5346    3.3014714e+06   5.767103e+02   0.000000e+00     81s
    5693    3.3014715e+06   2.257772e+02   0.000000e+00     86s
    6040    3.3014716e+06   1.577698e+02   0.000000e+00     91s
    6389    3.3014718e+06   1.087495e+02   0.000000e+00     97s
    6617    3.3014718e+06   2.596424e+02   0.000000e+00    100s
    6958    3.3014719e+06   9.013263e+01   0.000000e+00    105s
    7299    3.3014720e+06   1.473190e+02   0.000000e+00    110s
    7644    3.3014721e+06   7.308971e+02   0.000000e+00    116s
    7986    3.3014722e+06   1.324018e+02   0.000000e+00    121s
    8334    3.3014723e+06   2.473037e+02   0.000000e+00    126s
    8675    3.3014724e+06   2.161174e+01   0.000000e+00    131s
    9017    3.3014725e+06   7.168485e+01   0.000000e+00    136s
    9364    3.3014726e+06   7.103542e+01   0.000000e+00    141s
    9718    3.3014726e+06   8.307976e+01   0.000000e+00    147s
    9913    3.3014726e+06   0.000000e+00   0.000000e+00    150s

Solved in 9913 iterations and 149.76 seconds (221.65 work units)
Optimal objective  3.301472610e+06
Set parameter TimeLimit to value 1.1798266372452024e+04
Set parameter Method to value 1
Gurobi Optimizer version 12.0.3 build v12.0.3rc0 (linux64 - "Ubuntu 24.04.4 LTS")

CPU model: Intel(R) Xeon(R) Gold 5218R CPU @ 2.10GHz, instruction set [SSE2|AVX|AVX2|AVX512]
Thread count: 40 physical cores, 40 logical processors, using up to 1 threads

Non-default parameters:
TimeLimit  1.1798266372452024e+04
Method  1
BarHomogeneous  1
Threads  1

Optimize a model with 804 rows, 252727 columns and 6704590 nonzeros
Coefficient statistics:
  Matrix range     [1e+00, 1e+00]
  Objective range  [1e+05, 5e+05]
  Bounds range     [0e+00, 0e+00]
  RHS range        [1e+00, 1e+00]
LP warm-start: use basis

Iteration    Objective       Primal Inf.    Dual Inf.      Time
       0   -9.3576298e+32   5.181241e+34   9.357630e+02      1s
     335   -6.7560402e+31   4.696716e+33   6.756040e+01      6s
     647   -2.7074227e+31   1.681587e+33   2.707423e+01     10s
     995   -1.2708798e+31   3.964593e+33   1.270880e+01     16s
    1345   -6.2205108e+30   1.420203e+34   6.220510e+00     21s
    1691   -2.4063946e+30   8.817934e+33   2.406394e+00     26s
    2040   -2.4878443e+29   8.646666e+32   2.487844e-01     31s
    2388    3.3014669e+06   9.069027e+02   0.000000e+00     36s
    2733    3.3014682e+06   6.185815e+02   0.000000e+00     42s
    3073    3.3014688e+06   2.204659e+03   0.000000e+00     47s
    3303    3.3014692e+06   6.834051e+02   0.000000e+00     50s
    3649    3.3014696e+06   3.883139e+02   0.000000e+00     55s
    4002    3.3014700e+06   1.186519e+02   0.000000e+00     60s
    4345    3.3014701e+06   2.891117e+02   0.000000e+00     66s
    4693    3.3014703e+06   2.481056e+02   0.000000e+00     71s
    5043    3.3014705e+06   2.189726e+02   0.000000e+00     76s
    5391    3.3014706e+06   6.988420e+02   0.000000e+00     81s
    5732    3.3014707e+06   5.270270e+01   0.000000e+00     86s
    6084    3.3014708e+06   1.743118e+02   0.000000e+00     92s
    6313    3.3014709e+06   1.327180e+02   0.000000e+00     95s
    6657    3.3014709e+06   4.616710e+01   0.000000e+00    100s
    7001    3.3014710e+06   4.675530e+01   0.000000e+00    105s
    7349    3.3014710e+06   2.841300e+00   0.000000e+00    111s
    7476    3.3014710e+06   0.000000e+00   0.000000e+00    113s

Solved in 7476 iterations and 112.67 seconds (166.75 work units)
Optimal objective  3.301470989e+06
Set parameter TimeLimit to value 1.1661680316016078e+04
Set parameter Method to value 1
Gurobi Optimizer version 12.0.3 build v12.0.3rc0 (linux64 - "Ubuntu 24.04.4 LTS")

CPU model: Intel(R) Xeon(R) Gold 5218R CPU @ 2.10GHz, instruction set [SSE2|AVX|AVX2|AVX512]
Thread count: 40 physical cores, 40 logical processors, using up to 1 threads

Non-default parameters:
TimeLimit  1.1661680316016078e+04
Method  1
BarHomogeneous  1
Threads  1

Optimize a model with 804 rows, 252757 columns and 6705586 nonzeros
Coefficient statistics:
  Matrix range     [1e+00, 1e+00]
  Objective range  [1e+05, 5e+05]
  Bounds range     [0e+00, 0e+00]
  RHS range        [1e+00, 1e+00]
LP warm-start: use basis

Iteration    Objective       Primal Inf.    Dual Inf.      Time
       0   -8.0728861e+32   2.770452e+34   8.072886e+02      1s
     335   -3.6655648e+30   7.329353e+32   3.665565e+00      5s
     692   -3.2609932e+29   1.167444e+33   3.260993e-01     11s
    1047    3.3014704e+06   3.583315e+02   0.000000e+00     16s
    1392    3.3014707e+06   3.057546e+03   0.000000e+00     21s
    1738    3.3014709e+06   1.286225e+02   0.000000e+00     26s
    2085    3.3014709e+06   1.096194e+02   0.000000e+00     31s
    2425    3.3014710e+06   2.973959e+01   0.000000e+00     37s
    2764    3.3014710e+06   2.386734e+01   0.000000e+00     42s
    2979    3.3014710e+06   0.000000e+00   0.000000e+00     45s

Solved in 2979 iterations and 44.89 seconds (66.56 work units)
Optimal objective  3.301470989e+06
Set parameter TimeLimit to value 1.1593229520932306e+04
Set parameter Method to value 1
Gurobi Optimizer version 12.0.3 build v12.0.3rc0 (linux64 - "Ubuntu 24.04.4 LTS")

CPU model: Intel(R) Xeon(R) Gold 5218R CPU @ 2.10GHz, instruction set [SSE2|AVX|AVX2|AVX512]
Thread count: 40 physical cores, 40 logical processors, using up to 1 threads

Non-default parameters:
TimeLimit  1.1593229520932306e+04
Method  1
BarHomogeneous  1
Threads  1

Optimize a model with 804 rows, 252787 columns and 6706429 nonzeros
Coefficient statistics:
  Matrix range     [1e+00, 1e+00]
  Objective range  [1e+05, 5e+05]
  Bounds range     [0e+00, 0e+00]
  RHS range        [1e+00, 1e+00]
LP warm-start: use basis

Iteration    Objective       Primal Inf.    Dual Inf.      Time
       0   -8.4253632e+32   2.281417e+34   8.425363e+02      1s
     346   -4.0486067e+30   2.772954e+33   4.048606e+00      6s
     654   -4.6205557e+29   2.177948e+33   4.620555e-01     10s
    1041    3.3014703e+06   1.923688e+02   0.000000e+00     16s
    1387    3.3014706e+06   3.742732e+02   0.000000e+00     21s
    1735    3.3014708e+06   3.176311e+02   0.000000e+00     26s
    2080    3.3014709e+06   1.707020e+02   0.000000e+00     32s
    2311    3.3014709e+06   8.091471e+01   0.000000e+00     35s
    2650    3.3014710e+06   5.763788e+01   0.000000e+00     40s
    2992    3.3014710e+06   2.010265e+01   0.000000e+00     45s
    3339    3.3014710e+06   5.640165e-02   0.000000e+00     51s
    3375    3.3014710e+06   0.000000e+00   0.000000e+00     51s

Solved in 3375 iterations and 51.35 seconds (75.72 work units)
Optimal objective  3.301470989e+06
Set parameter TimeLimit to value 1.1517940412725788e+04
Set parameter Method to value 1
Gurobi Optimizer version 12.0.3 build v12.0.3rc0 (linux64 - "Ubuntu 24.04.4 LTS")

CPU model: Intel(R) Xeon(R) Gold 5218R CPU @ 2.10GHz, instruction set [SSE2|AVX|AVX2|AVX512]
Thread count: 40 physical cores, 40 logical processors, using up to 1 threads

Non-default parameters:
TimeLimit  1.1517940412725788e+04
Method  1
BarHomogeneous  1
Threads  1

Optimize a model with 804 rows, 252817 columns and 6707296 nonzeros
Coefficient statistics:
  Matrix range     [1e+00, 1e+00]
  Objective range  [1e+05, 5e+05]
  Bounds range     [0e+00, 0e+00]
  RHS range        [1e+00, 1e+00]
LP warm-start: use basis

Iteration    Objective       Primal Inf.    Dual Inf.      Time
       0   -6.6417409e+32   2.324766e+34   6.641741e+02      1s
     331   -6.5872936e+31   4.379004e+33   6.587294e+01      6s
     637   -2.4023522e+31   2.342409e+33   2.402352e+01     10s
     985   -1.1821901e+31   1.370975e+34   1.182190e+01     15s
    1338   -5.6779933e+30   2.948197e+33   5.677993e+00     20s
    1693   -1.3632689e+30   2.596896e+33   1.363269e+00     26s
    2046   -8.5373509e+27   1.762981e+32   8.537359e-03     31s
    2395    3.3014619e+06   6.409783e+03   0.000000e+00     36s
    2743    3.3014631e+06   6.313199e+03   0.000000e+00     41s
    3095    3.3014641e+06   6.572262e+03   0.000000e+00     46s
    3451    3.3014656e+06   6.304350e+02   0.000000e+00     52s
    3689    3.3014660e+06   4.670303e+03   0.000000e+00     55s
    4045    3.3014665e+06   5.846932e+02   0.000000e+00     61s
    4390    3.3014669e+06   7.183075e+02   0.000000e+00     66s
    4737    3.3014672e+06   5.680027e+02   0.000000e+00     71s
    5080    3.3014674e+06   6.800215e+02   0.000000e+00     76s
    5427    3.3014677e+06   8.802041e+02   0.000000e+00     81s
    5771    3.3014678e+06   4.331947e+02   0.000000e+00     86s
    6117    3.3014680e+06   7.550313e+02   0.000000e+00     92s
    6347    3.3014681e+06   1.044862e+03   0.000000e+00     95s
    6697    3.3014683e+06   4.887845e+02   0.000000e+00    100s
    7041    3.3014684e+06   4.366112e+02   0.000000e+00    105s
    7386    3.3014685e+06   6.716202e+01   0.000000e+00    111s
    7737    3.3014685e+06   2.580637e+02   0.000000e+00    116s
    8080    3.3014686e+06   5.928163e+01   0.000000e+00    121s
    8424    3.3014687e+06   7.209425e+01   0.000000e+00    126s
    8763    3.3014687e+06   6.501647e+01   0.000000e+00    131s
    9101    3.3014688e+06   4.098988e+01   0.000000e+00    136s
    9444    3.3014688e+06   6.289348e+00   0.000000e+00    142s
    9678    3.3014688e+06   7.944113e+00   0.000000e+00    145s
    9895    3.3014688e+06   0.000000e+00   0.000000e+00    148s

Solved in 9895 iterations and 148.47 seconds (220.62 work units)
Optimal objective  3.301468832e+06
Set parameter TimeLimit to value 1.1345326337453444e+04
Set parameter Method to value 1
Gurobi Optimizer version 12.0.3 build v12.0.3rc0 (linux64 - "Ubuntu 24.04.4 LTS")

CPU model: Intel(R) Xeon(R) Gold 5218R CPU @ 2.10GHz, instruction set [SSE2|AVX|AVX2|AVX512]
Thread count: 40 physical cores, 40 logical processors, using up to 1 threads

Non-default parameters:
TimeLimit  1.1345326337453444e+04
Method  1
BarHomogeneous  1
Threads  1

Optimize a model with 804 rows, 252847 columns and 6708346 nonzeros
Coefficient statistics:
  Matrix range     [1e+00, 1e+00]
  Objective range  [1e+05, 5e+05]
  Bounds range     [0e+00, 0e+00]
  RHS range        [1e+00, 1e+00]
LP warm-start: use basis

Iteration    Objective       Primal Inf.    Dual Inf.      Time
       0   -1.9357182e+32   1.672603e+34   1.935718e+02      1s
     344   -2.1076147e+30   1.802958e+33   2.107615e+00      5s
     658   -5.1213237e+28   9.986498e+32   5.121327e-02     10s
    1016    3.3014685e+06   3.780347e+02   0.000000e+00     16s
    1357    3.3014686e+06   1.352567e+02   0.000000e+00     21s
    1701    3.3014687e+06   1.331922e+02   0.000000e+00     26s
    2039    3.3014687e+06   3.974232e+01   0.000000e+00     31s
    2377    3.3014688e+06   2.696124e+01   0.000000e+00     36s
    2719    3.3014688e+06   6.712665e+00   0.000000e+00     42s
    2827    3.3014688e+06   0.000000e+00   0.000000e+00     43s

Solved in 2827 iterations and 43.45 seconds (63.94 work units)
Optimal objective  3.301468770e+06
Set parameter TimeLimit to value 1.1278269151914865e+04
Set parameter Method to value 1
Gurobi Optimizer version 12.0.3 build v12.0.3rc0 (linux64 - "Ubuntu 24.04.4 LTS")

CPU model: Intel(R) Xeon(R) Gold 5218R CPU @ 2.10GHz, instruction set [SSE2|AVX|AVX2|AVX512]
Thread count: 40 physical cores, 40 logical processors, using up to 1 threads

Non-default parameters:
TimeLimit  1.1278269151914865e+04
Method  1
BarHomogeneous  1
Threads  1

Optimize a model with 804 rows, 252877 columns and 6709337 nonzeros
Coefficient statistics:
  Matrix range     [1e+00, 1e+00]
  Objective range  [1e+05, 5e+05]
  Bounds range     [0e+00, 0e+00]
  RHS range        [1e+00, 1e+00]
LP warm-start: use basis

Iteration    Objective       Primal Inf.    Dual Inf.      Time
       0   -2.2362441e+32   3.344735e+34   2.236244e+02      1s
      83    3.3014688e+06   0.000000e+00   0.000000e+00      2s

Solved in 83 iterations and 1.83 seconds (2.31 work units)
Optimal objective  3.301468770e+06
Set parameter TimeLimit to value 1.1255404457344674e+04
Set parameter Method to value 1
Gurobi Optimizer version 12.0.3 build v12.0.3rc0 (linux64 - "Ubuntu 24.04.4 LTS")

CPU model: Intel(R) Xeon(R) Gold 5218R CPU @ 2.10GHz, instruction set [SSE2|AVX|AVX2|AVX512]
Thread count: 40 physical cores, 40 logical processors, using up to 1 threads

Non-default parameters:
TimeLimit  1.1255404457344674e+04
Method  1
BarHomogeneous  1
Threads  1

Optimize a model with 804 rows, 252907 columns and 6710313 nonzeros
Coefficient statistics:
  Matrix range     [1e+00, 1e+00]
  Objective range  [1e+05, 5e+05]
  Bounds range     [0e+00, 0e+00]
  RHS range        [1e+00, 1e+00]
LP warm-start: use basis

Iteration    Objective       Primal Inf.    Dual Inf.      Time
       0   -1.9908293e+32   1.337928e+34   1.990829e+02      1s
     340   -6.2300201e+30   1.790207e+33   6.230020e+00      5s
     689   -1.1743265e+30   7.997081e+32   1.174327e+00     10s
    1041   -2.4847808e+28   1.692680e+33   2.484786e-02     16s
    1389    3.3014679e+06   1.058498e+03   0.000000e+00     21s
    1736    3.3014681e+06   2.035869e+02   0.000000e+00     26s
    2082    3.3014682e+06   3.127603e+02   0.000000e+00     31s
    2429    3.3014683e+06   7.339109e+02   0.000000e+00     36s
    2773    3.3014684e+06   2.746055e+02   0.000000e+00     42s
    3002    3.3014685e+06   7.442396e+01   0.000000e+00     45s
    3340    3.3014685e+06   7.575307e+01   0.000000e+00     50s
    3686    3.3014685e+06   1.036513e+01   0.000000e+00     55s
    4034    3.3014685e+06   5.466307e+00   0.000000e+00     61s
    4244    3.3014685e+06   0.000000e+00   0.000000e+00     64s

Solved in 4244 iterations and 63.83 seconds (94.51 work units)
Optimal objective  3.301468538e+06
Set parameter TimeLimit to value 1.1167824035666883e+04
Set parameter Method to value 1
Gurobi Optimizer version 12.0.3 build v12.0.3rc0 (linux64 - "Ubuntu 24.04.4 LTS")

CPU model: Intel(R) Xeon(R) Gold 5218R CPU @ 2.10GHz, instruction set [SSE2|AVX|AVX2|AVX512]
Thread count: 40 physical cores, 40 logical processors, using up to 1 threads

Non-default parameters:
TimeLimit  1.1167824035666883e+04
Method  1
BarHomogeneous  1
Threads  1

Optimize a model with 804 rows, 252937 columns and 6711227 nonzeros
Coefficient statistics:
  Matrix range     [1e+00, 1e+00]
  Objective range  [1e+05, 5e+05]
  Bounds range     [0e+00, 0e+00]
  RHS range        [1e+00, 1e+00]
LP warm-start: use basis

Iteration    Objective       Primal Inf.    Dual Inf.      Time
       0   -1.3055604e+32   7.535368e+33   1.305560e+02      1s
     343   -1.5454114e+31   2.629160e+33   1.545411e+01      6s
     698   -3.1581768e+30   9.477580e+32   3.158177e+00     11s
    1006   -8.3706116e+29   9.376834e+32   8.370611e-01     15s
    1356    3.3014641e+06   1.103511e+04   0.000000e+00     20s
    1693    3.3014646e+06   1.374637e+03   0.000000e+00     26s
    2043    3.3014651e+06   3.989381e+02   0.000000e+00     31s
    2388    3.3014655e+06   7.263430e+02   0.000000e+00     36s
    2727    3.3014658e+06   9.521664e+02   0.000000e+00     41s
    3071    3.3014660e+06   3.486775e+02   0.000000e+00     46s
    3409    3.3014662e+06   9.617839e+02   0.000000e+00     52s
    3752    3.3014663e+06   2.294368e+02   0.000000e+00     57s
    3983    3.3014664e+06   2.952283e+02   0.000000e+00     60s
    4331    3.3014665e+06   6.389364e+02   0.000000e+00     65s
    4674    3.3014666e+06   2.533863e+02   0.000000e+00     71s
    5013    3.3014667e+06   6.275019e+01   0.000000e+00     76s
    5360    3.3014667e+06   2.748674e+02   0.000000e+00     81s
    5702    3.3014668e+06   1.135026e+02   0.000000e+00     86s
    6046    3.3014668e+06   4.653462e+01   0.000000e+00     92s
    6278    3.3014668e+06   1.448389e+01   0.000000e+00     95s
    6626    3.3014668e+06   1.512233e-02   0.000000e+00    100s
    6634    3.3014668e+06   0.000000e+00   0.000000e+00    101s

Solved in 6634 iterations and 100.60 seconds (148.88 work units)
Optimal objective  3.301466817e+06
Set parameter TimeLimit to value 1.1043073713189457e+04
Set parameter Method to value 1
Gurobi Optimizer version 12.0.3 build v12.0.3rc0 (linux64 - "Ubuntu 24.04.4 LTS")

CPU model: Intel(R) Xeon(R) Gold 5218R CPU @ 2.10GHz, instruction set [SSE2|AVX|AVX2|AVX512]
Thread count: 40 physical cores, 40 logical processors, using up to 1 threads

Non-default parameters:
TimeLimit  1.1043073713189457e+04
Method  1
BarHomogeneous  1
Threads  1

Optimize a model with 804 rows, 252967 columns and 6712046 nonzeros
Coefficient statistics:
  Matrix range     [1e+00, 1e+00]
  Objective range  [1e+05, 5e+05]
  Bounds range     [0e+00, 0e+00]
  RHS range        [1e+00, 1e+00]
LP warm-start: use basis

Iteration    Objective       Primal Inf.    Dual Inf.      Time
       0   -1.6003644e+32   4.505454e+34   1.600364e+02      0s
      96    3.3014668e+06   0.000000e+00   0.000000e+00      2s

Solved in 96 iterations and 1.96 seconds (2.55 work units)
Optimal objective  3.301466817e+06
Set parameter TimeLimit to value 1.1020691812267993e+04
Set parameter Method to value 1
Gurobi Optimizer version 12.0.3 build v12.0.3rc0 (linux64 - "Ubuntu 24.04.4 LTS")

CPU model: Intel(R) Xeon(R) Gold 5218R CPU @ 2.10GHz, instruction set [SSE2|AVX|AVX2|AVX512]
Thread count: 40 physical cores, 40 logical processors, using up to 1 threads

Non-default parameters:
TimeLimit  1.1020691812267993e+04
Method  1
BarHomogeneous  1
Threads  1

Optimize a model with 804 rows, 252997 columns and 6713150 nonzeros
Coefficient statistics:
  Matrix range     [1e+00, 1e+00]
  Objective range  [1e+05, 5e+05]
  Bounds range     [0e+00, 0e+00]
  RHS range        [1e+00, 1e+00]
LP warm-start: use basis

Iteration    Objective       Primal Inf.    Dual Inf.      Time
       0   -1.9516228e+32   1.580599e+34   1.951623e+02      0s
     349   -1.9032581e+29   6.386551e+32   1.903258e-01      5s
     688    3.3014667e+06   2.325862e+03   0.000000e+00     11s
    1035    3.3014668e+06   1.076792e+02   0.000000e+00     16s
    1376    3.3014668e+06   2.922964e+02   0.000000e+00     21s
    1716    3.3014668e+06   4.542662e+01   0.000000e+00     26s
    2063    3.3014668e+06   1.549699e+00   0.000000e+00     32s
    2188    3.3014668e+06   0.000000e+00   0.000000e+00     33s

Solved in 2188 iterations and 33.50 seconds (49.39 work units)
Optimal objective  3.301466817e+06
Set parameter TimeLimit to value 1.0963520290779881e+04
Set parameter Method to value 1
Gurobi Optimizer version 12.0.3 build v12.0.3rc0 (linux64 - "Ubuntu 24.04.4 LTS")

CPU model: Intel(R) Xeon(R) Gold 5218R CPU @ 2.10GHz, instruction set [SSE2|AVX|AVX2|AVX512]
Thread count: 40 physical cores, 40 logical processors, using up to 1 threads

Non-default parameters:
TimeLimit  1.0963520290779881e+04
Method  1
BarHomogeneous  1
Threads  1

Optimize a model with 804 rows, 253027 columns and 6713993 nonzeros
Coefficient statistics:
  Matrix range     [1e+00, 1e+00]
  Objective range  [1e+05, 5e+05]
  Bounds range     [0e+00, 0e+00]
  RHS range        [1e+00, 1e+00]
LP warm-start: use basis

Iteration    Objective       Primal Inf.    Dual Inf.      Time
       0   -1.8483869e+32   3.274497e+34   1.848387e+02      0s
     348   -2.5400550e+30   8.197104e+32   2.540055e+00      5s
     662   -1.1237658e+29   4.249729e+32   1.123766e-01     10s
    1043    3.3014662e+06   2.237563e+03   0.000000e+00     16s
    1382    3.3014664e+06   2.487406e+02   0.000000e+00     21s
    1728    3.3014665e+06   8.139608e+01   0.000000e+00     26s
    2079    3.3014666e+06   3.468724e+01   0.000000e+00     32s
    2310    3.3014667e+06   1.415325e+02   0.000000e+00     35s
    2660    3.3014667e+06   1.332525e+01   0.000000e+00     40s
    3001    3.3014667e+06   1.753786e+01   0.000000e+00     45s
    3343    3.3014667e+06   4.266459e+00   0.000000e+00     51s
    3558    3.3014667e+06   0.000000e+00   0.000000e+00     54s

Solved in 3558 iterations and 53.89 seconds (79.73 work units)
Optimal objective  3.301466746e+06
Set parameter TimeLimit to value 1.0885920917437878e+04
Set parameter Method to value 1
Gurobi Optimizer version 12.0.3 build v12.0.3rc0 (linux64 - "Ubuntu 24.04.4 LTS")

CPU model: Intel(R) Xeon(R) Gold 5218R CPU @ 2.10GHz, instruction set [SSE2|AVX|AVX2|AVX512]
Thread count: 40 physical cores, 40 logical processors, using up to 1 threads

Non-default parameters:
TimeLimit  1.0885920917437878e+04
Method  1
BarHomogeneous  1
Threads  1

Optimize a model with 804 rows, 253057 columns and 6714963 nonzeros
Coefficient statistics:
  Matrix range     [1e+00, 1e+00]
  Objective range  [1e+05, 5e+05]
  Bounds range     [0e+00, 0e+00]
  RHS range        [1e+00, 1e+00]
LP warm-start: use basis

Iteration    Objective       Primal Inf.    Dual Inf.      Time
       0   -2.5292309e+32   1.789195e+34   2.529231e+02      1s
     330   -1.4415188e+31   1.570812e+33   1.441519e+01      6s
     686   -4.5527172e+30   2.260155e+33   4.552717e+00     11s
    1069   -1.2960398e+30   2.457326e+33   1.296040e+00     16s
    1411   -1.2583363e+29   1.577505e+33   1.258337e-01     21s
    1763    3.3014654e+06   2.398062e+03   0.000000e+00     27s
    1996    3.3014657e+06   1.423904e+03   0.000000e+00     30s
    2344    3.3014659e+06   7.665321e+02   0.000000e+00     35s
    2684    3.3014660e+06   5.894585e+02   0.000000e+00     41s
    3029    3.3014662e+06   3.159433e+02   0.000000e+00     46s
    3372    3.3014663e+06   8.535576e+01   0.000000e+00     51s
    3712    3.3014663e+06   2.248529e+02   0.000000e+00     56s
    4063    3.3014664e+06   1.180204e+02   0.000000e+00     61s
    4408    3.3014664e+06   7.249314e+01   0.000000e+00     67s
    4642    3.3014664e+06   2.498141e+01   0.000000e+00     70s
    4990    3.3014664e+06   2.059233e+00   0.000000e+00     75s
    5175    3.3014664e+06   0.000000e+00   0.000000e+00     78s

Solved in 5175 iterations and 78.19 seconds (115.83 work units)
Optimal objective  3.301466424e+06
Set parameter TimeLimit to value 1.0783919329678174e+04
Set parameter Method to value 1
Gurobi Optimizer version 12.0.3 build v12.0.3rc0 (linux64 - "Ubuntu 24.04.4 LTS")

CPU model: Intel(R) Xeon(R) Gold 5218R CPU @ 2.10GHz, instruction set [SSE2|AVX|AVX2|AVX512]
Thread count: 40 physical cores, 40 logical processors, using up to 1 threads

Non-default parameters:
TimeLimit  1.0783919329678174e+04
Method  1
BarHomogeneous  1
Threads  1

Optimize a model with 804 rows, 253087 columns and 6715890 nonzeros
Coefficient statistics:
  Matrix range     [1e+00, 1e+00]
  Objective range  [1e+05, 5e+05]
  Bounds range     [0e+00, 0e+00]
  RHS range        [1e+00, 1e+00]
LP warm-start: use basis

Iteration    Objective       Primal Inf.    Dual Inf.      Time
       0   -3.4959406e+32   6.676451e+34   3.495941e+02      0s
     106    3.3014664e+06   0.000000e+00   0.000000e+00      2s

Solved in 106 iterations and 2.07 seconds (2.72 work units)
Optimal objective  3.301466424e+06
Set parameter TimeLimit to value 1.0759605272107292e+04
Set parameter Method to value 1
Gurobi Optimizer version 12.0.3 build v12.0.3rc0 (linux64 - "Ubuntu 24.04.4 LTS")

CPU model: Intel(R) Xeon(R) Gold 5218R CPU @ 2.10GHz, instruction set [SSE2|AVX|AVX2|AVX512]
Thread count: 40 physical cores, 40 logical processors, using up to 1 threads

Non-default parameters:
TimeLimit  1.0759605272107292e+04
Method  1
BarHomogeneous  1
Threads  1

Optimize a model with 804 rows, 253117 columns and 6716847 nonzeros
Coefficient statistics:
  Matrix range     [1e+00, 1e+00]
  Objective range  [1e+05, 5e+05]
  Bounds range     [0e+00, 0e+00]
  RHS range        [1e+00, 1e+00]
LP warm-start: use basis

Iteration    Objective       Primal Inf.    Dual Inf.      Time
       0   -2.2226808e+32   3.689099e+34   2.222681e+02      1s
     373    3.3014664e+06   1.039900e+01   0.000000e+00      6s
     713    3.3014664e+06   3.209561e-01   0.000000e+00     11s
     762    3.3014664e+06   0.000000e+00   0.000000e+00     12s

Solved in 762 iterations and 12.26 seconds (17.62 work units)
Optimal objective  3.301466414e+06
Set parameter TimeLimit to value 1.0726135500717442e+04
Set parameter Method to value 1
Gurobi Optimizer version 12.0.3 build v12.0.3rc0 (linux64 - "Ubuntu 24.04.4 LTS")

CPU model: Intel(R) Xeon(R) Gold 5218R CPU @ 2.10GHz, instruction set [SSE2|AVX|AVX2|AVX512]
Thread count: 40 physical cores, 40 logical processors, using up to 1 threads

Non-default parameters:
TimeLimit  1.0726135500717442e+04
Method  1
BarHomogeneous  1
Threads  1

Optimize a model with 804 rows, 253147 columns and 6717873 nonzeros
Coefficient statistics:
  Matrix range     [1e+00, 1e+00]
  Objective range  [1e+05, 5e+05]
  Bounds range     [0e+00, 0e+00]
  RHS range        [1e+00, 1e+00]
LP warm-start: use basis

Iteration    Objective       Primal Inf.    Dual Inf.      Time
       0   -1.2630094e+32   1.218601e+34   1.263009e+02      1s
     337   -4.6762313e+30   2.561431e+33   4.676231e+00      5s
     690   -6.5901298e+29   5.405039e+33   6.590130e-01     11s
    1040    3.3014655e+06   1.389707e+03   0.000000e+00     16s
    1384    3.3014658e+06   1.725129e+02   0.000000e+00     21s
    1736    3.3014660e+06   6.799095e+02   0.000000e+00     26s
    2082    3.3014661e+06   9.084195e+01   0.000000e+00     32s
    2318    3.3014661e+06   5.370102e+01   0.000000e+00     35s
    2661    3.3014662e+06   4.629376e+01   0.000000e+00     40s
    3007    3.3014662e+06   1.449661e+01   0.000000e+00     46s
    3355    3.3014662e+06   3.687950e+01   0.000000e+00     51s
    3698    3.3014662e+06   7.709016e-01   0.000000e+00     56s
    3800    3.3014662e+06   0.000000e+00   0.000000e+00     58s

Solved in 3800 iterations and 57.55 seconds (85.01 work units)
Optimal objective  3.301466237e+06
Set parameter TimeLimit to value 1.0644891570957843e+04
Set parameter Method to value 1
Gurobi Optimizer version 12.0.3 build v12.0.3rc0 (linux64 - "Ubuntu 24.04.4 LTS")

CPU model: Intel(R) Xeon(R) Gold 5218R CPU @ 2.10GHz, instruction set [SSE2|AVX|AVX2|AVX512]
Thread count: 40 physical cores, 40 logical processors, using up to 1 threads

Non-default parameters:
TimeLimit  1.0644891570957843e+04
Method  1
BarHomogeneous  1
Threads  1

Optimize a model with 804 rows, 253177 columns and 6718731 nonzeros
Coefficient statistics:
  Matrix range     [1e+00, 1e+00]
  Objective range  [1e+05, 5e+05]
  Bounds range     [0e+00, 0e+00]
  RHS range        [1e+00, 1e+00]
LP warm-start: use basis

Iteration    Objective       Primal Inf.    Dual Inf.      Time
       0   -1.2334925e+32   1.083317e+34   1.233492e+02      1s
     345   -1.9163036e+30   9.933199e+32   1.916304e+00      5s
     656   -1.8999700e+29   8.769810e+32   1.899970e-01     10s
    1084    3.3014656e+06   4.546552e+02   0.000000e+00     16s
    1421    3.3014658e+06   4.707841e+02   0.000000e+00     22s
    1764    3.3014659e+06   1.640665e+02   0.000000e+00     27s
    1990    3.3014659e+06   2.772616e+02   0.000000e+00     30s
    2338    3.3014660e+06   2.273976e+02   0.000000e+00     35s
    2682    3.3014660e+06   7.201056e+01   0.000000e+00     41s
    3025    3.3014660e+06   5.357560e+00   0.000000e+00     46s
    3374    3.3014660e+06   5.166246e+00   0.000000e+00     51s
    3454    3.3014660e+06   0.000000e+00   0.000000e+00     52s

Solved in 3454 iterations and 52.29 seconds (77.47 work units)
Optimal objective  3.301466013e+06
Set parameter TimeLimit to value 1.0568616295153741e+04
Set parameter Method to value 1
Gurobi Optimizer version 12.0.3 build v12.0.3rc0 (linux64 - "Ubuntu 24.04.4 LTS")

CPU model: Intel(R) Xeon(R) Gold 5218R CPU @ 2.10GHz, instruction set [SSE2|AVX|AVX2|AVX512]
Thread count: 40 physical cores, 40 logical processors, using up to 1 threads

Non-default parameters:
TimeLimit  1.0568616295153741e+04
Method  1
BarHomogeneous  1
Threads  1

Optimize a model with 804 rows, 253207 columns and 6719626 nonzeros
Coefficient statistics:
  Matrix range     [1e+00, 1e+00]
  Objective range  [1e+05, 5e+05]
  Bounds range     [0e+00, 0e+00]
  RHS range        [1e+00, 1e+00]
LP warm-start: use basis

Iteration    Objective       Primal Inf.    Dual Inf.      Time
       0   -1.0992237e+32   2.578367e+34   1.099224e+02      1s
     348   -3.9254505e+30   1.182525e+33   3.925450e+00      5s
     700   -5.6889247e+29   1.581705e+33   5.688925e-01     10s
    1049    3.3014653e+06   1.225169e+03   0.000000e+00     16s
    1407    3.3014656e+06   1.319767e+02   0.000000e+00     21s
    1757    3.3014657e+06   6.897766e+02   0.000000e+00     26s
    2107    3.3014658e+06   1.181923e+02   0.000000e+00     32s
    2339    3.3014658e+06   5.418147e+01   0.000000e+00     35s
    2682    3.3014659e+06   5.904640e+01   0.000000e+00     40s
    3029    3.3014659e+06   7.932270e+01   0.000000e+00     46s
    3376    3.3014659e+06   5.561114e+00   0.000000e+00     51s
    3706    3.3014659e+06   0.000000e+00   0.000000e+00     56s

Solved in 3706 iterations and 55.84 seconds (82.67 work units)
Optimal objective  3.301465917e+06
Set parameter TimeLimit to value 1.0488697440728545e+04
Set parameter Method to value 1
Gurobi Optimizer version 12.0.3 build v12.0.3rc0 (linux64 - "Ubuntu 24.04.4 LTS")

CPU model: Intel(R) Xeon(R) Gold 5218R CPU @ 2.10GHz, instruction set [SSE2|AVX|AVX2|AVX512]
Thread count: 40 physical cores, 40 logical processors, using up to 1 threads

Non-default parameters:
TimeLimit  1.0488697440728545e+04
Method  1
BarHomogeneous  1
Threads  1

Optimize a model with 804 rows, 253237 columns and 6720553 nonzeros
Coefficient statistics:
  Matrix range     [1e+00, 1e+00]
  Objective range  [1e+05, 5e+05]
  Bounds range     [0e+00, 0e+00]
  RHS range        [1e+00, 1e+00]
LP warm-start: use basis

Iteration    Objective       Primal Inf.    Dual Inf.      Time
       0   -1.4491967e+32   1.725429e+34   1.449197e+02      1s
     303   -2.0235114e+31   2.603373e+33   2.023511e+01      5s
     659   -5.2937134e+30   1.378766e+33   5.293713e+00     10s
    1086   -1.1580818e+30   1.181901e+33   1.158082e+00     17s
    1320   -2.0610579e+29   7.114278e+32   2.061059e-01     20s
    1675    3.3014642e+06   6.866708e+03   0.000000e+00     26s
    2022    3.3014646e+06   1.219097e+03   0.000000e+00     31s
    2363    3.3014649e+06   1.749260e+03   0.000000e+00     36s
    2718    3.3014651e+06   7.119718e+02   0.000000e+00     41s
    3063    3.3014652e+06   8.558841e+01   0.000000e+00     46s
    3407    3.3014653e+06   1.622505e+03   0.000000e+00     52s
    3637    3.3014653e+06   7.144307e+01   0.000000e+00     55s
    3985    3.3014654e+06   7.705108e+02   0.000000e+00     60s
    4323    3.3014654e+06   6.895073e+01   0.000000e+00     65s
    4664    3.3014655e+06   6.878532e+01   0.000000e+00     71s
    5009    3.3014655e+06   8.938068e+01   0.000000e+00     76s
    5351    3.3014655e+06   6.726042e+00   0.000000e+00     81s
    5696    3.3014655e+06   0.000000e+00   0.000000e+00     86s

Solved in 5696 iterations and 86.18 seconds (127.54 work units)
Optimal objective  3.301465489e+06
Set parameter TimeLimit to value 1.0378339733481407e+04
Set parameter Method to value 1
Gurobi Optimizer version 12.0.3 build v12.0.3rc0 (linux64 - "Ubuntu 24.04.4 LTS")

CPU model: Intel(R) Xeon(R) Gold 5218R CPU @ 2.10GHz, instruction set [SSE2|AVX|AVX2|AVX512]
Thread count: 40 physical cores, 40 logical processors, using up to 1 threads

Non-default parameters:
TimeLimit  1.0378339733481407e+04
Method  1
BarHomogeneous  1
Threads  1

Optimize a model with 804 rows, 253267 columns and 6721703 nonzeros
Coefficient statistics:
  Matrix range     [1e+00, 1e+00]
  Objective range  [1e+05, 5e+05]
  Bounds range     [0e+00, 0e+00]
  RHS range        [1e+00, 1e+00]
LP warm-start: use basis

Iteration    Objective       Primal Inf.    Dual Inf.      Time
       0   -8.1650034e+31   1.086420e+34   8.165003e+01      1s
      51    3.3014655e+06   0.000000e+00   0.000000e+00      1s

Solved in 51 iterations and 1.24 seconds (1.48 work units)
Optimal objective  3.301465489e+06
Set parameter TimeLimit to value 1.0356708498680033e+04
Set parameter Method to value 1
Gurobi Optimizer version 12.0.3 build v12.0.3rc0 (linux64 - "Ubuntu 24.04.4 LTS")

CPU model: Intel(R) Xeon(R) Gold 5218R CPU @ 2.10GHz, instruction set [SSE2|AVX|AVX2|AVX512]
Thread count: 40 physical cores, 40 logical processors, using up to 1 threads

Non-default parameters:
TimeLimit  1.0356708498680033e+04
Method  1
BarHomogeneous  1
Threads  1

Optimize a model with 804 rows, 253297 columns and 6722733 nonzeros
Coefficient statistics:
  Matrix range     [1e+00, 1e+00]
  Objective range  [1e+05, 5e+05]
  Bounds range     [0e+00, 0e+00]
  RHS range        [1e+00, 1e+00]
LP warm-start: use basis

Iteration    Objective       Primal Inf.    Dual Inf.      Time
       0   -7.4726233e+31   1.464521e+34   7.472623e+01      1s
      94    3.3014655e+06   0.000000e+00   0.000000e+00      2s

Solved in 94 iterations and 1.94 seconds (2.48 work units)
Optimal objective  3.301465489e+06
Set parameter TimeLimit to value 1.0332629009621684e+04
Set parameter Method to value 1
Gurobi Optimizer version 12.0.3 build v12.0.3rc0 (linux64 - "Ubuntu 24.04.4 LTS")

CPU model: Intel(R) Xeon(R) Gold 5218R CPU @ 2.10GHz, instruction set [SSE2|AVX|AVX2|AVX512]
Thread count: 40 physical cores, 40 logical processors, using up to 1 threads

Non-default parameters:
TimeLimit  1.0332629009621684e+04
Method  1
BarHomogeneous  1
Threads  1

Optimize a model with 804 rows, 253327 columns and 6723643 nonzeros
Coefficient statistics:
  Matrix range     [1e+00, 1e+00]
  Objective range  [1e+05, 5e+05]
  Bounds range     [0e+00, 0e+00]
  RHS range        [1e+00, 1e+00]
LP warm-start: use basis

Iteration    Objective       Primal Inf.    Dual Inf.      Time
       0   -7.2171948e+31   1.300463e+34   7.217195e+01      0s
     343   -2.7954053e+30   1.407079e+33   2.795405e+00      5s
     701   -1.8116370e+29   2.342050e+33   1.811637e-01     10s
    1089    3.3014649e+06   1.492083e+03   0.000000e+00     16s
    1441    3.3014651e+06   1.295482e+03   0.000000e+00     21s
    1788    3.3014652e+06   1.468538e+02   0.000000e+00     27s
    2130    3.3014653e+06   2.785440e+02   0.000000e+00     32s
    2359    3.3014653e+06   9.494013e+01   0.000000e+00     35s
    2707    3.3014654e+06   2.054676e+01   0.000000e+00     40s
    3051    3.3014654e+06   2.404254e+01   0.000000e+00     46s
    3400    3.3014654e+06   2.840969e-01   0.000000e+00     51s
    3455    3.3014654e+06   0.000000e+00   0.000000e+00     52s

Solved in 3455 iterations and 51.69 seconds (76.71 work units)
Optimal objective  3.301465382e+06
Set parameter TimeLimit to value 1.0257077587082051e+04
Set parameter Method to value 1
Gurobi Optimizer version 12.0.3 build v12.0.3rc0 (linux64 - "Ubuntu 24.04.4 LTS")

CPU model: Intel(R) Xeon(R) Gold 5218R CPU @ 2.10GHz, instruction set [SSE2|AVX|AVX2|AVX512]
Thread count: 40 physical cores, 40 logical processors, using up to 1 threads

Non-default parameters:
TimeLimit  1.0257077587082051e+04
Method  1
BarHomogeneous  1
Threads  1

Optimize a model with 804 rows, 253357 columns and 6724711 nonzeros
Coefficient statistics:
  Matrix range     [1e+00, 1e+00]
  Objective range  [1e+05, 5e+05]
  Bounds range     [0e+00, 0e+00]
  RHS range        [1e+00, 1e+00]
LP warm-start: use basis

Iteration    Objective       Primal Inf.    Dual Inf.      Time
       0   -9.2898290e+31   2.558530e+34   9.289829e+01      1s
     338   -4.5235375e+30   1.296287e+33   4.523538e+00      6s
     651   -1.3681109e+30   2.067223e+33   1.368111e+00     10s
    1041   -5.5781331e+29   7.305243e+32   5.578133e-01     16s
    1400    3.3014640e+06   1.288151e+03   0.000000e+00     22s
    1634    3.3014643e+06   1.090025e+03   0.000000e+00     25s
    1976    3.3014647e+06   7.069641e+02   0.000000e+00     30s
    2320    3.3014648e+06   2.118660e+02   0.000000e+00     36s
    2662    3.3014649e+06   5.599858e+01   0.000000e+00     41s
    3010    3.3014650e+06   1.064899e+02   0.000000e+00     46s
    3352    3.3014651e+06   9.052363e+01   0.000000e+00     51s
    3692    3.3014651e+06   1.028540e+03   0.000000e+00     56s
    4030    3.3014652e+06   7.360271e+01   0.000000e+00     62s
    4256    3.3014652e+06   4.284951e+01   0.000000e+00     65s
    4599    3.3014652e+06   3.955398e+01   0.000000e+00     70s
    4942    3.3014652e+06   3.015285e+00   0.000000e+00     75s
    5248    3.3014652e+06   0.000000e+00   0.000000e+00     80s

Solved in 5248 iterations and 80.20 seconds (118.59 work units)
Optimal objective  3.301465218e+06
Set parameter TimeLimit to value 1.0152781502599362e+04
Set parameter Method to value 1
Gurobi Optimizer version 12.0.3 build v12.0.3rc0 (linux64 - "Ubuntu 24.04.4 LTS")

CPU model: Intel(R) Xeon(R) Gold 5218R CPU @ 2.10GHz, instruction set [SSE2|AVX|AVX2|AVX512]
Thread count: 40 physical cores, 40 logical processors, using up to 1 threads

Non-default parameters:
TimeLimit  1.0152781502599362e+04
Method  1
BarHomogeneous  1
Threads  1

Optimize a model with 804 rows, 253387 columns and 6725372 nonzeros
Coefficient statistics:
  Matrix range     [1e+00, 1e+00]
  Objective range  [1e+05, 5e+05]
  Bounds range     [0e+00, 0e+00]
  RHS range        [1e+00, 1e+00]
LP warm-start: use basis

Iteration    Objective       Primal Inf.    Dual Inf.      Time
       0   -4.5243742e+31   1.333416e+34   4.524374e+01      0s
     351   -4.1351516e+29   2.448049e+33   4.135152e-01      6s
     662    3.3014648e+06   2.843078e+03   0.000000e+00     10s
    1016    3.3014650e+06   3.470702e+02   0.000000e+00     16s
    1362    3.3014650e+06   3.809452e+01   0.000000e+00     21s
    1705    3.3014651e+06   1.043610e+02   0.000000e+00     26s
    2051    3.3014651e+06   5.528187e+01   0.000000e+00     32s
    2281    3.3014651e+06   2.202099e+01   0.000000e+00     35s
    2627    3.3014651e+06   3.423933e-02   0.000000e+00     41s
    2649    3.3014651e+06   0.000000e+00   0.000000e+00     41s

Solved in 2649 iterations and 41.02 seconds (59.42 work units)
Optimal objective  3.301465107e+06
Set parameter TimeLimit to value 1.0087274764065165e+04
Set parameter Method to value 1
Gurobi Optimizer version 12.0.3 build v12.0.3rc0 (linux64 - "Ubuntu 24.04.4 LTS")

CPU model: Intel(R) Xeon(R) Gold 5218R CPU @ 2.10GHz, instruction set [SSE2|AVX|AVX2|AVX512]
Thread count: 40 physical cores, 40 logical processors, using up to 1 threads

Non-default parameters:
TimeLimit  1.0087274764065165e+04
Method  1
BarHomogeneous  1
Threads  1

Optimize a model with 804 rows, 253417 columns and 6726293 nonzeros
Coefficient statistics:
  Matrix range     [1e+00, 1e+00]
  Objective range  [1e+05, 5e+05]
  Bounds range     [0e+00, 0e+00]
  RHS range        [1e+00, 1e+00]
LP warm-start: use basis

Iteration    Objective       Primal Inf.    Dual Inf.      Time
       0   -5.3108816e+31   6.541636e+34   5.310882e+01      0s
     351   -1.1187302e+30   9.339081e+32   1.118730e+00      5s
     740   -4.7903758e+27   3.008603e+32   4.790384e-03     11s
    1083    3.3014649e+06   4.853444e+02   0.000000e+00     17s
    1312    3.3014649e+06   3.502596e+02   0.000000e+00     20s
    1657    3.3014650e+06   9.925742e+01   0.000000e+00     25s
    2001    3.3014650e+06   3.399711e+01   0.000000e+00     31s
    2338    3.3014651e+06   8.127901e+01   0.000000e+00     36s
    2676    3.3014651e+06   4.571736e+01   0.000000e+00     41s
    3017    3.3014651e+06   7.348073e+01   0.000000e+00     47s
    3172    3.3014651e+06   0.000000e+00   0.000000e+00     49s

Solved in 3172 iterations and 49.31 seconds (71.00 work units)
Optimal objective  3.301465086e+06
Set parameter TimeLimit to value 1.0013663676484488e+04
Set parameter Method to value 1
Gurobi Optimizer version 12.0.3 build v12.0.3rc0 (linux64 - "Ubuntu 24.04.4 LTS")

CPU model: Intel(R) Xeon(R) Gold 5218R CPU @ 2.10GHz, instruction set [SSE2|AVX|AVX2|AVX512]
Thread count: 40 physical cores, 40 logical processors, using up to 1 threads

Non-default parameters:
TimeLimit  1.0013663676484488e+04
Method  1
BarHomogeneous  1
Threads  1

Optimize a model with 804 rows, 253447 columns and 6727090 nonzeros
Coefficient statistics:
  Matrix range     [1e+00, 1e+00]
  Objective range  [1e+05, 5e+05]
  Bounds range     [0e+00, 0e+00]
  RHS range        [1e+00, 1e+00]
LP warm-start: use basis

Iteration    Objective       Primal Inf.    Dual Inf.      Time
       0   -4.8557565e+31   9.496412e+33   4.855756e+01      1s
     308   -3.1748854e+30   1.104342e+33   3.174885e+00      5s
     658   -5.9828117e+28   6.306797e+32   5.982810e-02     10s
     971    3.3014646e+06   4.285316e+02   0.000000e+00     16s
    1314    3.3014648e+06   6.875806e+02   0.000000e+00     21s
    1665    3.3014649e+06   3.967057e+01   0.000000e+00     27s
    1894    3.3014649e+06   2.860701e+02   0.000000e+00     30s
    2235    3.3014649e+06   2.603732e+01   0.000000e+00     36s
    2577    3.3014650e+06   7.735164e+01   0.000000e+00     41s
    2912    3.3014650e+06   2.047782e+00   0.000000e+00     46s
    3253    3.3014650e+06   1.068722e-02   0.000000e+00     52s
    3272    3.3014650e+06   0.000000e+00   0.000000e+00     52s

Solved in 3272 iterations and 52.05 seconds (74.03 work units)
Optimal objective  3.301464986e+06
Set parameter TimeLimit to value 9937.39578220155
Set parameter Method to value 1
Gurobi Optimizer version 12.0.3 build v12.0.3rc0 (linux64 - "Ubuntu 24.04.4 LTS")

CPU model: Intel(R) Xeon(R) Gold 5218R CPU @ 2.10GHz, instruction set [SSE2|AVX|AVX2|AVX512]
Thread count: 40 physical cores, 40 logical processors, using up to 1 threads

Non-default parameters:
TimeLimit  9937.39578220155
Method  1
BarHomogeneous  1
Threads  1

Optimize a model with 804 rows, 253477 columns and 6727992 nonzeros
Coefficient statistics:
  Matrix range     [1e+00, 1e+00]
  Objective range  [1e+05, 5e+05]
  Bounds range     [0e+00, 0e+00]
  RHS range        [1e+00, 1e+00]
LP warm-start: use basis

Iteration    Objective       Primal Inf.    Dual Inf.      Time
       0   -6.5458595e+31   1.026585e+34   6.545860e+01      1s
     347   -5.0200955e+30   1.361043e+33   5.020096e+00      5s
     661   -1.3666242e+30   7.590257e+32   1.366624e+00     10s
    1041   -4.7621063e+28   4.322278e+32   4.762105e-02     16s
    1275    3.3014642e+06   5.522274e+02   0.000000e+00     20s
    1621    3.3014644e+06   3.259338e+02   0.000000e+00     26s
    1958    3.3014646e+06   3.405972e+02   0.000000e+00     31s
    2296    3.3014647e+06   1.653433e+02   0.000000e+00     36s
    2635    3.3014647e+06   4.294967e+01   0.000000e+00     42s
    2861    3.3014648e+06   8.979184e+01   0.000000e+00     45s
    3193    3.3014648e+06   1.141938e+02   0.000000e+00     50s
    3529    3.3014648e+06   6.922516e+01   0.000000e+00     56s
    3869    3.3014649e+06   8.043314e+01   0.000000e+00     61s
    4210    3.3014649e+06   2.545625e+00   0.000000e+00     66s
    4393    3.3014649e+06   0.000000e+00   0.000000e+00     69s

Solved in 4393 iterations and 69.47 seconds (99.07 work units)
Optimal objective  3.301464862e+06
Set parameter TimeLimit to value 9.8437692835349590e+03
Set parameter Method to value 1
Gurobi Optimizer version 12.0.3 build v12.0.3rc0 (linux64 - "Ubuntu 24.04.4 LTS")

CPU model: Intel(R) Xeon(R) Gold 5218R CPU @ 2.10GHz, instruction set [SSE2|AVX|AVX2|AVX512]
Thread count: 40 physical cores, 40 logical processors, using up to 1 threads

Non-default parameters:
TimeLimit  9.8437692835349590e+03
Method  1
BarHomogeneous  1
Threads  1

Optimize a model with 804 rows, 253507 columns and 6728746 nonzeros
Coefficient statistics:
  Matrix range     [1e+00, 1e+00]
  Objective range  [1e+05, 5e+05]
  Bounds range     [0e+00, 0e+00]
  RHS range        [1e+00, 1e+00]
LP warm-start: use basis

Iteration    Objective       Primal Inf.    Dual Inf.      Time
       0   -5.9724817e+31   2.471736e+34   5.972482e+01      1s
     346   -1.9232946e+30   1.544746e+33   1.923295e+00      6s
     662   -2.4356574e+29   4.190251e+32   2.435658e-01     10s
     968    3.3014642e+06   1.086143e+03   0.000000e+00     15s
    1314    3.3014646e+06   5.374881e+02   0.000000e+00     20s
    1660    3.3014647e+06   3.520928e+02   0.000000e+00     26s
    2001    3.3014648e+06   7.719831e+01   0.000000e+00     31s
    2340    3.3014648e+06   1.050933e+01   0.000000e+00     37s
    2565    3.3014648e+06   1.263511e+01   0.000000e+00     40s
    2907    3.3014648e+06   9.359021e+00   0.000000e+00     46s
    3259    3.3014648e+06   7.937952e-04   0.000000e+00     51s
    3263    3.3014648e+06   0.000000e+00   0.000000e+00     51s

Solved in 3263 iterations and 51.20 seconds (73.37 work units)
Optimal objective  3.301464821e+06
Set parameter TimeLimit to value 9.7683159441156313e+03
Set parameter Method to value 1
Gurobi Optimizer version 12.0.3 build v12.0.3rc0 (linux64 - "Ubuntu 24.04.4 LTS")

CPU model: Intel(R) Xeon(R) Gold 5218R CPU @ 2.10GHz, instruction set [SSE2|AVX|AVX2|AVX512]
Thread count: 40 physical cores, 40 logical processors, using up to 1 threads

Non-default parameters:
TimeLimit  9.7683159441156313e+03
Method  1
BarHomogeneous  1
Threads  1

Optimize a model with 804 rows, 253537 columns and 6729462 nonzeros
Coefficient statistics:
  Matrix range     [1e+00, 1e+00]
  Objective range  [1e+05, 5e+05]
  Bounds range     [0e+00, 0e+00]
  RHS range        [1e+00, 1e+00]
LP warm-start: use basis

Iteration    Objective       Primal Inf.    Dual Inf.      Time
       0   -4.1111591e+31   1.033032e+34   4.111159e+01      0s
     343   -5.6785817e+28   4.602946e+32   5.678579e-02      5s
     703    3.3014646e+06   1.790124e+02   0.000000e+00     11s
    1042    3.3014647e+06   1.921823e+02   0.000000e+00     16s
    1394    3.3014648e+06   3.337915e+01   0.000000e+00     22s
    1732    3.3014648e+06   1.570387e+01   0.000000e+00     27s
    1958    3.3014648e+06   1.015669e+01   0.000000e+00     30s
    2172    3.3014648e+06   0.000000e+00   0.000000e+00     34s

Solved in 2172 iterations and 33.51 seconds (49.12 work units)
Optimal objective  3.301464799e+06
Set parameter TimeLimit to value 9.7111771522690542e+03
Set parameter Method to value 1
Gurobi Optimizer version 12.0.3 build v12.0.3rc0 (linux64 - "Ubuntu 24.04.4 LTS")

CPU model: Intel(R) Xeon(R) Gold 5218R CPU @ 2.10GHz, instruction set [SSE2|AVX|AVX2|AVX512]
Thread count: 40 physical cores, 40 logical processors, using up to 1 threads

Non-default parameters:
TimeLimit  9.7111771522690542e+03
Method  1
BarHomogeneous  1
Threads  1

Optimize a model with 804 rows, 253567 columns and 6730086 nonzeros
Coefficient statistics:
  Matrix range     [1e+00, 1e+00]
  Objective range  [1e+05, 5e+05]
  Bounds range     [0e+00, 0e+00]
  RHS range        [1e+00, 1e+00]
LP warm-start: use basis

Iteration    Objective       Primal Inf.    Dual Inf.      Time
       0   -4.2188527e+31   8.344872e+33   4.218853e+01      0s
     359   -1.3463695e+30   1.185437e+33   1.346369e+00      5s
     752    3.3014637e+06   4.526142e+02   0.000000e+00     11s
    1101    3.3014643e+06   1.775236e+03   0.000000e+00     16s
    1452    3.3014645e+06   1.984386e+02   0.000000e+00     22s
    1680    3.3014646e+06   1.337393e+02   0.000000e+00     25s
    2021    3.3014647e+06   1.569324e+02   0.000000e+00     30s
    2372    3.3014647e+06   7.086499e+01   0.000000e+00     36s
    2717    3.3014647e+06   6.599679e+00   0.000000e+00     41s
    3058    3.3014647e+06   8.863720e-01   0.000000e+00     46s
    3176    3.3014647e+06   0.000000e+00   0.000000e+00     48s

Solved in 3176 iterations and 47.76 seconds (70.82 work units)
Optimal objective  3.301464728e+06
Set parameter TimeLimit to value 9.6397233913117088e+03
Set parameter Method to value 1
Gurobi Optimizer version 12.0.3 build v12.0.3rc0 (linux64 - "Ubuntu 24.04.4 LTS")

CPU model: Intel(R) Xeon(R) Gold 5218R CPU @ 2.10GHz, instruction set [SSE2|AVX|AVX2|AVX512]
Thread count: 40 physical cores, 40 logical processors, using up to 1 threads

Non-default parameters:
TimeLimit  9.6397233913117088e+03
Method  1
BarHomogeneous  1
Threads  1

Optimize a model with 804 rows, 253597 columns and 6730645 nonzeros
Coefficient statistics:
  Matrix range     [1e+00, 1e+00]
  Objective range  [1e+05, 5e+05]
  Bounds range     [0e+00, 0e+00]
  RHS range        [1e+00, 1e+00]
LP warm-start: use basis

Iteration    Objective       Primal Inf.    Dual Inf.      Time
       0   -4.7612839e+31   8.371179e+33   4.761284e+01      1s
     349   -1.3274505e+30   4.871532e+32   1.327450e+00      5s
     689    3.3014637e+06   4.066436e+02   0.000000e+00     11s
    1031    3.3014642e+06   1.951821e+02   0.000000e+00     16s
    1377    3.3014644e+06   3.146908e+01   0.000000e+00     21s
    1716    3.3014644e+06   2.431198e+02   0.000000e+00     26s
    2057    3.3014645e+06   2.449816e+02   0.000000e+00     32s
    2397    3.3014645e+06   7.908672e+01   0.000000e+00     37s
    2624    3.3014645e+06   1.713710e+01   0.000000e+00     40s
    2961    3.3014646e+06   7.169512e+00   0.000000e+00     45s
    3302    3.3014646e+06   1.014147e+00   0.000000e+00     51s
    3437    3.3014646e+06   0.000000e+00   0.000000e+00     53s

Solved in 3437 iterations and 52.72 seconds (77.52 work units)
Optimal objective  3.301464566e+06
Set parameter TimeLimit to value 9563.06842292985
Set parameter Method to value 1
Gurobi Optimizer version 12.0.3 build v12.0.3rc0 (linux64 - "Ubuntu 24.04.4 LTS")

CPU model: Intel(R) Xeon(R) Gold 5218R CPU @ 2.10GHz, instruction set [SSE2|AVX|AVX2|AVX512]
Thread count: 40 physical cores, 40 logical processors, using up to 1 threads

Non-default parameters:
TimeLimit  9563.06842292985
Method  1
BarHomogeneous  1
Threads  1

Optimize a model with 804 rows, 253627 columns and 6731537 nonzeros
Coefficient statistics:
  Matrix range     [1e+00, 1e+00]
  Objective range  [1e+05, 5e+05]
  Bounds range     [0e+00, 0e+00]
  RHS range        [1e+00, 1e+00]
LP warm-start: use basis

Iteration    Objective       Primal Inf.    Dual Inf.      Time
       0   -4.1697713e+31   4.811254e+34   4.169771e+01      1s
     397    3.3014645e+06   9.081374e+01   0.000000e+00      6s
     736    3.3014646e+06   2.086529e+01   0.000000e+00     11s
    1079    3.3014646e+06   1.441990e+00   0.000000e+00     17s
    1203    3.3014646e+06   0.000000e+00   0.000000e+00     19s

Solved in 1203 iterations and 18.50 seconds (26.95 work units)
Optimal objective  3.301464566e+06
Set parameter TimeLimit to value 9.5221489965356886e+03
Set parameter Method to value 1
Gurobi Optimizer version 12.0.3 build v12.0.3rc0 (linux64 - "Ubuntu 24.04.4 LTS")

CPU model: Intel(R) Xeon(R) Gold 5218R CPU @ 2.10GHz, instruction set [SSE2|AVX|AVX2|AVX512]
Thread count: 40 physical cores, 40 logical processors, using up to 1 threads

Non-default parameters:
TimeLimit  9.5221489965356886e+03
Method  1
BarHomogeneous  1
Threads  1

Optimize a model with 804 rows, 253657 columns and 6732226 nonzeros
Coefficient statistics:
  Matrix range     [1e+00, 1e+00]
  Objective range  [1e+05, 5e+05]
  Bounds range     [0e+00, 0e+00]
  RHS range        [1e+00, 1e+00]
LP warm-start: use basis

Iteration    Objective       Primal Inf.    Dual Inf.      Time
       0   -3.6148540e+31   8.920039e+33   3.614854e+01      0s
     351   -7.2911367e+30   1.577671e+33   7.291137e+00      5s
     704   -2.9289829e+30   8.417482e+32   2.928983e+00     10s
    1055   -7.6503236e+29   9.592637e+32   7.650323e-01     15s
    1402   -1.9196937e+27   2.906440e+32   1.919687e-03     21s
    1753    3.3014627e+06   6.195995e+02   0.000000e+00     26s
    2105    3.3014633e+06   7.998881e+02   0.000000e+00     32s
    2332    3.3014635e+06   4.376899e+02   0.000000e+00     35s
    2671    3.3014637e+06   2.441748e+02   0.000000e+00     40s
    3011    3.3014639e+06   1.996549e+02   0.000000e+00     45s
    3349    3.3014640e+06   1.395892e+02   0.000000e+00     51s
    3694    3.3014641e+06   2.140793e+02   0.000000e+00     56s
    4041    3.3014641e+06   6.205378e+01   0.000000e+00     61s
    4375    3.3014642e+06   4.469713e+01   0.000000e+00     66s
    4717    3.3014642e+06   9.068097e+01   0.000000e+00     71s
    5055    3.3014642e+06   4.440825e+01   0.000000e+00     77s
    5288    3.3014642e+06   1.039495e+01   0.000000e+00     80s
    5568    3.3014642e+06   0.000000e+00   0.000000e+00     85s

Solved in 5568 iterations and 84.55 seconds (124.85 work units)
Optimal objective  3.301464233e+06
Set parameter TimeLimit to value 9413.21661154041
Set parameter Method to value 1
Gurobi Optimizer version 12.0.3 build v12.0.3rc0 (linux64 - "Ubuntu 24.04.4 LTS")

CPU model: Intel(R) Xeon(R) Gold 5218R CPU @ 2.10GHz, instruction set [SSE2|AVX|AVX2|AVX512]
Thread count: 40 physical cores, 40 logical processors, using up to 1 threads

Non-default parameters:
TimeLimit  9413.21661154041
Method  1
BarHomogeneous  1
Threads  1

Optimize a model with 804 rows, 253687 columns and 6732903 nonzeros
Coefficient statistics:
  Matrix range     [1e+00, 1e+00]
  Objective range  [1e+05, 5e+05]
  Bounds range     [0e+00, 0e+00]
  RHS range        [1e+00, 1e+00]
LP warm-start: use basis

Iteration    Objective       Primal Inf.    Dual Inf.      Time
       0   -5.8473415e+31   1.059672e+34   5.847342e+01      0s
     344   -2.8450646e+30   8.306323e+32   2.845065e+00      5s
     654   -3.1099758e+29   3.851988e+32   3.109976e-01     10s
    1071    3.3014636e+06   9.884106e+02   0.000000e+00     16s
    1416    3.3014638e+06   3.317242e+02   0.000000e+00     22s
    1646    3.3014639e+06   3.719834e+02   0.000000e+00     25s
    1994    3.3014640e+06   4.587785e+02   0.000000e+00     30s
    2334    3.3014641e+06   2.860359e+01   0.000000e+00     36s
    2675    3.3014641e+06   1.458840e+02   0.000000e+00     41s
    3015    3.3014641e+06   9.960217e+00   0.000000e+00     46s
    3363    3.3014642e+06   2.550603e+01   0.000000e+00     51s
    3567    3.3014642e+06   0.000000e+00   0.000000e+00     54s

Solved in 3567 iterations and 54.26 seconds (80.63 work units)
Optimal objective  3.301464157e+06
Set parameter TimeLimit to value 9.3350241591255181e+03
Set parameter Method to value 1
Gurobi Optimizer version 12.0.3 build v12.0.3rc0 (linux64 - "Ubuntu 24.04.4 LTS")

CPU model: Intel(R) Xeon(R) Gold 5218R CPU @ 2.10GHz, instruction set [SSE2|AVX|AVX2|AVX512]
Thread count: 40 physical cores, 40 logical processors, using up to 1 threads

Non-default parameters:
TimeLimit  9.3350241591255181e+03
Method  1
BarHomogeneous  1
Threads  1

Optimize a model with 804 rows, 253717 columns and 6733575 nonzeros
Coefficient statistics:
  Matrix range     [1e+00, 1e+00]
  Objective range  [1e+05, 5e+05]
  Bounds range     [0e+00, 0e+00]
  RHS range        [1e+00, 1e+00]
LP warm-start: use basis

Iteration    Objective       Primal Inf.    Dual Inf.      Time
       0   -4.2084877e+31   7.254676e+33   4.208488e+01      0s
     345   -2.4368816e+30   1.419150e+33   2.436882e+00      5s
     697   -5.6818661e+28   3.448302e+32   5.681865e-02     10s
    1018    3.3014636e+06   4.340872e+03   0.000000e+00     16s
    1360    3.3014638e+06   2.015562e+02   0.000000e+00     21s
    1705    3.3014639e+06   1.776043e+02   0.000000e+00     26s
    2046    3.3014640e+06   3.139158e+01   0.000000e+00     31s
    2388    3.3014640e+06   3.468339e+01   0.000000e+00     36s
    2733    3.3014641e+06   1.320052e+01   0.000000e+00     42s
    2957    3.3014641e+06   6.705877e+00   0.000000e+00     45s
    3307    3.3014641e+06   7.032313e-01   0.000000e+00     50s
    3345    3.3014641e+06   0.000000e+00   0.000000e+00     51s

Solved in 3345 iterations and 50.97 seconds (75.42 work units)
Optimal objective  3.301464068e+06
Set parameter TimeLimit to value 9.2600792862824164e+03
Set parameter Method to value 1
Gurobi Optimizer version 12.0.3 build v12.0.3rc0 (linux64 - "Ubuntu 24.04.4 LTS")

CPU model: Intel(R) Xeon(R) Gold 5218R CPU @ 2.10GHz, instruction set [SSE2|AVX|AVX2|AVX512]
Thread count: 40 physical cores, 40 logical processors, using up to 1 threads

Non-default parameters:
TimeLimit  9.2600792862824164e+03
Method  1
BarHomogeneous  1
Threads  1

Optimize a model with 804 rows, 253747 columns and 6734225 nonzeros
Coefficient statistics:
  Matrix range     [1e+00, 1e+00]
  Objective range  [1e+05, 5e+05]
  Bounds range     [0e+00, 0e+00]
  RHS range        [1e+00, 1e+00]
LP warm-start: use basis

Iteration    Objective       Primal Inf.    Dual Inf.      Time
       0   -3.7260583e+31   9.590735e+33   3.726058e+01      1s
     341   -6.9483565e+30   2.424850e+33   6.948356e+00      5s
     704   -8.7255961e+29   1.494111e+33   8.725596e-01     10s
    1042   -1.8887886e+29   7.541173e+32   1.888789e-01     15s
    1396    3.3014628e+06   3.885571e+03   0.000000e+00     21s
    1739    3.3014632e+06   1.014297e+03   0.000000e+00     26s
    2084    3.3014635e+06   3.206297e+03   0.000000e+00     31s
    2424    3.3014637e+06   1.699661e+02   0.000000e+00     36s
    2769    3.3014638e+06   8.032091e+02   0.000000e+00     42s
    3000    3.3014638e+06   2.924211e+02   0.000000e+00     45s
    3346    3.3014638e+06   2.492243e+01   0.000000e+00     50s
    3684    3.3014639e+06   6.700578e+01   0.000000e+00     55s
    4022    3.3014639e+06   1.673237e+01   0.000000e+00     60s
    4360    3.3014639e+06   6.941011e+00   0.000000e+00     66s
    4701    3.3014639e+06   4.058181e-01   0.000000e+00     71s
    4733    3.3014639e+06   0.000000e+00   0.000000e+00     71s

Solved in 4733 iterations and 71.24 seconds (106.40 work units)
Optimal objective  3.301463916e+06
Set parameter TimeLimit to value 9.1649869644665159e+03
Set parameter Method to value 1
Gurobi Optimizer version 12.0.3 build v12.0.3rc0 (linux64 - "Ubuntu 24.04.4 LTS")

CPU model: Intel(R) Xeon(R) Gold 5218R CPU @ 2.10GHz, instruction set [SSE2|AVX|AVX2|AVX512]
Thread count: 40 physical cores, 40 logical processors, using up to 1 threads

Non-default parameters:
TimeLimit  9.1649869644665159e+03
Method  1
BarHomogeneous  1
Threads  1

Optimize a model with 804 rows, 253777 columns and 6735165 nonzeros
Coefficient statistics:
  Matrix range     [1e+00, 1e+00]
  Objective range  [1e+05, 5e+05]
  Bounds range     [0e+00, 0e+00]
  RHS range        [1e+00, 1e+00]
LP warm-start: use basis

Iteration    Objective       Primal Inf.    Dual Inf.      Time
       0   -3.7920374e+31   1.440948e+34   3.792037e+01      1s
     351   -2.7853728e+30   5.099868e+33   2.785373e+00      5s
     700   -1.8311157e+29   8.965133e+32   1.831115e-01     10s
    1089    3.3014635e+06   3.465726e+02   0.000000e+00     16s
    1447    3.3014636e+06   2.391753e+02   0.000000e+00     22s
    1673    3.3014637e+06   1.456700e+02   0.000000e+00     25s
    2013    3.3014638e+06   5.995074e+01   0.000000e+00     30s
    2360    3.3014638e+06   5.153333e+01   0.000000e+00     36s
    2709    3.3014638e+06   7.615525e+01   0.000000e+00     41s
    3053    3.3014638e+06   2.955030e+00   0.000000e+00     46s
    3336    3.3014638e+06   0.000000e+00   0.000000e+00     50s

Solved in 3336 iterations and 50.45 seconds (74.52 work units)
Optimal objective  3.301463826e+06
Set parameter TimeLimit to value 9090.76341209421
Set parameter Method to value 1
Gurobi Optimizer version 12.0.3 build v12.0.3rc0 (linux64 - "Ubuntu 24.04.4 LTS")

CPU model: Intel(R) Xeon(R) Gold 5218R CPU @ 2.10GHz, instruction set [SSE2|AVX|AVX2|AVX512]
Thread count: 40 physical cores, 40 logical processors, using up to 1 threads

Non-default parameters:
TimeLimit  9090.76341209421
Method  1
BarHomogeneous  1
Threads  1

Optimize a model with 804 rows, 253807 columns and 6735998 nonzeros
Coefficient statistics:
  Matrix range     [1e+00, 1e+00]
  Objective range  [1e+05, 5e+05]
  Bounds range     [0e+00, 0e+00]
  RHS range        [1e+00, 1e+00]
LP warm-start: use basis

Iteration    Objective       Primal Inf.    Dual Inf.      Time
       0   -3.9202165e+31   1.180789e+34   3.920217e+01      1s
     295    3.3014638e+06   0.000000e+00   0.000000e+00      5s

Solved in 295 iterations and 5.09 seconds (7.08 work units)
Optimal objective  3.301463826e+06
Set parameter TimeLimit to value 9.0634570998894051e+03
Set parameter Method to value 1
Gurobi Optimizer version 12.0.3 build v12.0.3rc0 (linux64 - "Ubuntu 24.04.4 LTS")

CPU model: Intel(R) Xeon(R) Gold 5218R CPU @ 2.10GHz, instruction set [SSE2|AVX|AVX2|AVX512]
Thread count: 40 physical cores, 40 logical processors, using up to 1 threads

Non-default parameters:
TimeLimit  9.0634570998894051e+03
Method  1
BarHomogeneous  1
Threads  1

Optimize a model with 804 rows, 253837 columns and 6736665 nonzeros
Coefficient statistics:
  Matrix range     [1e+00, 1e+00]
  Objective range  [1e+05, 5e+05]
  Bounds range     [0e+00, 0e+00]
  RHS range        [1e+00, 1e+00]
LP warm-start: use basis

Iteration    Objective       Primal Inf.    Dual Inf.      Time
       0   -3.4902421e+31   5.725078e+33   3.490242e+01      0s
     352   -8.5898544e+29   7.481119e+32   8.589854e-01      5s
     756    3.3014631e+06   1.916116e+03   0.000000e+00     11s
    1101    3.3014634e+06   5.250303e+02   0.000000e+00     17s
    1340    3.3014635e+06   3.929526e+02   0.000000e+00     20s
    1687    3.3014636e+06   4.035250e+02   0.000000e+00     25s
    2034    3.3014637e+06   1.324563e+02   0.000000e+00     31s
    2378    3.3014637e+06   1.285387e+01   0.000000e+00     36s
    2718    3.3014637e+06   1.751812e+01   0.000000e+00     41s
    3060    3.3014637e+06   9.392043e+00   0.000000e+00     46s
    3300    3.3014637e+06   0.000000e+00   0.000000e+00     50s

Solved in 3300 iterations and 50.10 seconds (74.05 work units)
Optimal objective  3.301463747e+06
Set parameter TimeLimit to value 8.9895962108215317e+03
Set parameter Method to value 1
Gurobi Optimizer version 12.0.3 build v12.0.3rc0 (linux64 - "Ubuntu 24.04.4 LTS")

CPU model: Intel(R) Xeon(R) Gold 5218R CPU @ 2.10GHz, instruction set [SSE2|AVX|AVX2|AVX512]
Thread count: 40 physical cores, 40 logical processors, using up to 1 threads

Non-default parameters:
TimeLimit  8.9895962108215317e+03
Method  1
BarHomogeneous  1
Threads  1

Optimize a model with 804 rows, 253867 columns and 6737298 nonzeros
Coefficient statistics:
  Matrix range     [1e+00, 1e+00]
  Objective range  [1e+05, 5e+05]
  Bounds range     [0e+00, 0e+00]
  RHS range        [1e+00, 1e+00]
LP warm-start: use basis

Iteration    Objective       Primal Inf.    Dual Inf.      Time
       0   -3.7759903e+31   1.821108e+34   3.775990e+01      0s
     428    3.3014632e+06   2.070079e+03   0.000000e+00      7s
     664    3.3014636e+06   1.057789e+02   0.000000e+00     10s
    1009    3.3014637e+06   6.604648e+01   0.000000e+00     15s
    1352    3.3014637e+06   4.919988e+01   0.000000e+00     20s
    1693    3.3014637e+06   8.564623e+00   0.000000e+00     25s
    2020    3.3014637e+06   0.000000e+00   0.000000e+00     30s

Solved in 2020 iterations and 30.49 seconds (45.71 work units)
Optimal objective  3.301463704e+06
Set parameter TimeLimit to value 8.9360395327350125e+03
Set parameter Method to value 1
Gurobi Optimizer version 12.0.3 build v12.0.3rc0 (linux64 - "Ubuntu 24.04.4 LTS")

CPU model: Intel(R) Xeon(R) Gold 5218R CPU @ 2.10GHz, instruction set [SSE2|AVX|AVX2|AVX512]
Thread count: 40 physical cores, 40 logical processors, using up to 1 threads

Non-default parameters:
TimeLimit  8.9360395327350125e+03
Method  1
BarHomogeneous  1
Threads  1

Optimize a model with 804 rows, 253897 columns and 6738004 nonzeros
Coefficient statistics:
  Matrix range     [1e+00, 1e+00]
  Objective range  [1e+05, 5e+05]
  Bounds range     [0e+00, 0e+00]
  RHS range        [1e+00, 1e+00]
LP warm-start: use basis

Iteration    Objective       Primal Inf.    Dual Inf.      Time
       0   -3.3128410e+31   7.501118e+33   3.312841e+01      1s
     347   -1.4240554e+30   5.550874e+32   1.424055e+00      5s
     704   -5.3392831e+28   2.985876e+32   5.339291e-02     10s
    1098    3.3014630e+06   6.784323e+02   0.000000e+00     16s
    1449    3.3014632e+06   4.982878e+02   0.000000e+00     22s
    1683    3.3014634e+06   5.975617e+02   0.000000e+00     25s
    2028    3.3014635e+06   1.157803e+02   0.000000e+00     31s
    2366    3.3014635e+06   2.112327e+02   0.000000e+00     36s
    2702    3.3014636e+06   1.871128e+01   0.000000e+00     41s
    3046    3.3014636e+06   1.045166e+02   0.000000e+00     46s
    3388    3.3014636e+06   1.225239e+01   0.000000e+00     51s
    3734    3.3014636e+06   5.050713e-01   0.000000e+00     56s
    3796    3.3014636e+06   0.000000e+00   0.000000e+00     57s

Solved in 3796 iterations and 57.42 seconds (85.16 work units)
Optimal objective  3.301463626e+06
Set parameter TimeLimit to value 8.8547071839533746e+03
Set parameter Method to value 1
Gurobi Optimizer version 12.0.3 build v12.0.3rc0 (linux64 - "Ubuntu 24.04.4 LTS")

CPU model: Intel(R) Xeon(R) Gold 5218R CPU @ 2.10GHz, instruction set [SSE2|AVX|AVX2|AVX512]
Thread count: 40 physical cores, 40 logical processors, using up to 1 threads

Non-default parameters:
TimeLimit  8.8547071839533746e+03
Method  1
BarHomogeneous  1
Threads  1

Optimize a model with 804 rows, 253927 columns and 6738718 nonzeros
Coefficient statistics:
  Matrix range     [1e+00, 1e+00]
  Objective range  [1e+05, 5e+05]
  Bounds range     [0e+00, 0e+00]
  RHS range        [1e+00, 1e+00]
LP warm-start: use basis

Iteration    Objective       Primal Inf.    Dual Inf.      Time
       0   -3.4413978e+31   5.489863e+33   3.441398e+01      1s
     355   -2.6174471e+30   1.516096e+33   2.617447e+00      5s
     704   -2.9816536e+29   1.866981e+33   2.981653e-01     10s
    1054    3.3014628e+06   1.267824e+03   0.000000e+00     15s
    1396    3.3014632e+06   1.519078e+03   0.000000e+00     21s
    1745    3.3014633e+06   1.988871e+02   0.000000e+00     26s
    2092    3.3014634e+06   3.178439e+01   0.000000e+00     31s
    2434    3.3014635e+06   1.736455e+02   0.000000e+00     36s
    2779    3.3014635e+06   1.554049e+01   0.000000e+00     41s
    3125    3.3014635e+06   1.988719e+01   0.000000e+00     46s
    3476    3.3014635e+06   6.106727e+00   0.000000e+00     52s
    3707    3.3014635e+06   3.264373e+00   0.000000e+00     55s
    3877    3.3014635e+06   0.000000e+00   0.000000e+00     58s

Solved in 3877 iterations and 57.71 seconds (86.49 work units)
Optimal objective  3.301463529e+06
Set parameter TimeLimit to value 8.7708485515289940e+03
Set parameter Method to value 1
Gurobi Optimizer version 12.0.3 build v12.0.3rc0 (linux64 - "Ubuntu 24.04.4 LTS")

CPU model: Intel(R) Xeon(R) Gold 5218R CPU @ 2.10GHz, instruction set [SSE2|AVX|AVX2|AVX512]
Thread count: 40 physical cores, 40 logical processors, using up to 1 threads

Non-default parameters:
TimeLimit  8.7708485515289940e+03
Method  1
BarHomogeneous  1
Threads  1

Optimize a model with 804 rows, 253957 columns and 6739418 nonzeros
Coefficient statistics:
  Matrix range     [1e+00, 1e+00]
  Objective range  [1e+05, 5e+05]
  Bounds range     [0e+00, 0e+00]
  RHS range        [1e+00, 1e+00]
LP warm-start: use basis

Iteration    Objective       Primal Inf.    Dual Inf.      Time
       0   -3.1121976e+31   2.131976e+34   3.112198e+01      0s
     302    3.3014634e+06   5.777694e+01   0.000000e+00      5s
     650    3.3014635e+06   6.628266e+01   0.000000e+00     10s
     991    3.3014635e+06   4.935733e+00   0.000000e+00     16s
    1242    3.3014635e+06   0.000000e+00   0.000000e+00     20s

Solved in 1242 iterations and 19.85 seconds (28.08 work units)
Optimal objective  3.301463518e+06
Set parameter TimeLimit to value 8.7296569982678629e+03
Set parameter Method to value 1
Gurobi Optimizer version 12.0.3 build v12.0.3rc0 (linux64 - "Ubuntu 24.04.4 LTS")

CPU model: Intel(R) Xeon(R) Gold 5218R CPU @ 2.10GHz, instruction set [SSE2|AVX|AVX2|AVX512]
Thread count: 40 physical cores, 40 logical processors, using up to 1 threads

Non-default parameters:
TimeLimit  8.7296569982678629e+03
Method  1
BarHomogeneous  1
Threads  1

Optimize a model with 804 rows, 253987 columns and 6740263 nonzeros
Coefficient statistics:
  Matrix range     [1e+00, 1e+00]
  Objective range  [1e+05, 5e+05]
  Bounds range     [0e+00, 0e+00]
  RHS range        [1e+00, 1e+00]
LP warm-start: use basis

Iteration    Objective       Primal Inf.    Dual Inf.      Time
       0   -2.9199256e+31   7.871748e+33   2.919926e+01      1s
     354   -3.8194563e+29   1.364272e+33   3.819457e-01      6s
     746    3.3014633e+06   6.756966e+02   0.000000e+00     12s
     982    3.3014634e+06   2.394257e+02   0.000000e+00     15s
    1320    3.3014634e+06   3.646092e+03   0.000000e+00     21s
    1664    3.3014635e+06   1.274290e+01   0.000000e+00     26s
    2008    3.3014635e+06   1.959864e+01   0.000000e+00     32s
    2237    3.3014635e+06   8.210750e+00   0.000000e+00     35s
    2512    3.3014635e+06   0.000000e+00   0.000000e+00     39s

Solved in 2512 iterations and 39.48 seconds (56.53 work units)
Optimal objective  3.301463488e+06
Set parameter TimeLimit to value 8.6662799051948823e+03
Set parameter Method to value 1
Gurobi Optimizer version 12.0.3 build v12.0.3rc0 (linux64 - "Ubuntu 24.04.4 LTS")

CPU model: Intel(R) Xeon(R) Gold 5218R CPU @ 2.10GHz, instruction set [SSE2|AVX|AVX2|AVX512]
Thread count: 40 physical cores, 40 logical processors, using up to 1 threads

Non-default parameters:
TimeLimit  8.6662799051948823e+03
Method  1
BarHomogeneous  1
Threads  1

Optimize a model with 804 rows, 254017 columns and 6741160 nonzeros
Coefficient statistics:
  Matrix range     [1e+00, 1e+00]
  Objective range  [1e+05, 5e+05]
  Bounds range     [0e+00, 0e+00]
  RHS range        [1e+00, 1e+00]
LP warm-start: use basis

Iteration    Objective       Primal Inf.    Dual Inf.      Time
       0   -2.8634308e+31   1.541096e+34   2.863431e+01      1s
     347   -2.0798382e+30   5.724707e+32   2.079838e+00      5s
     703   -1.4199883e+29   6.333309e+32   1.419989e-01     10s
    1059    3.3014629e+06   2.795740e+03   0.000000e+00     16s
    1408    3.3014632e+06   2.607560e+02   0.000000e+00     21s
    1753    3.3014633e+06   2.049286e+02   0.000000e+00     26s
    2094    3.3014634e+06   3.141093e+02   0.000000e+00     32s
    2323    3.3014634e+06   1.329759e+02   0.000000e+00     35s
    2668    3.3014634e+06   1.402948e+02   0.000000e+00     40s
    3008    3.3014634e+06   6.339891e+01   0.000000e+00     46s
    3337    3.3014634e+06   0.000000e+00   0.000000e+00     51s

Solved in 3337 iterations and 50.59 seconds (74.81 work units)
Optimal objective  3.301463430e+06
Set parameter TimeLimit to value 8.5917883386579342e+03
Set parameter Method to value 1
Gurobi Optimizer version 12.0.3 build v12.0.3rc0 (linux64 - "Ubuntu 24.04.4 LTS")

CPU model: Intel(R) Xeon(R) Gold 5218R CPU @ 2.10GHz, instruction set [SSE2|AVX|AVX2|AVX512]
Thread count: 40 physical cores, 40 logical processors, using up to 1 threads

Non-default parameters:
TimeLimit  8.5917883386579342e+03
Method  1
BarHomogeneous  1
Threads  1

Optimize a model with 804 rows, 254047 columns and 6741864 nonzeros
Coefficient statistics:
  Matrix range     [1e+00, 1e+00]
  Objective range  [1e+05, 5e+05]
  Bounds range     [0e+00, 0e+00]
  RHS range        [1e+00, 1e+00]
LP warm-start: use basis

Iteration    Objective       Primal Inf.    Dual Inf.      Time
       0   -3.0023789e+31   5.165460e+33   3.002379e+01      1s
     360   -8.2276385e+30   1.788490e+33   8.227638e+00      5s
     756   -9.1432435e+29   1.463815e+33   9.143243e-01     11s
    1104   -3.5584715e+28   1.342524e+33   3.558474e-02     16s
    1452    3.3014625e+06   2.058562e+03   0.000000e+00     21s
    1799    3.3014629e+06   8.791412e+02   0.000000e+00     26s
    2142    3.3014630e+06   3.239020e+03   0.000000e+00     31s
    2492    3.3014631e+06   9.398494e+01   0.000000e+00     37s
    2727    3.3014632e+06   7.699410e+01   0.000000e+00     40s
    3077    3.3014632e+06   2.481261e+02   0.000000e+00     45s
    3424    3.3014633e+06   3.147781e+01   0.000000e+00     51s
    3768    3.3014633e+06   9.813757e+00   0.000000e+00     56s
    4110    3.3014633e+06   8.434922e+00   0.000000e+00     61s
    4392    3.3014633e+06   0.000000e+00   0.000000e+00     65s

Solved in 4392 iterations and 65.17 seconds (97.25 work units)
Optimal objective  3.301463291e+06
Set parameter TimeLimit to value 8.5025706087234430e+03
Set parameter Method to value 1
Gurobi Optimizer version 12.0.3 build v12.0.3rc0 (linux64 - "Ubuntu 24.04.4 LTS")

CPU model: Intel(R) Xeon(R) Gold 5218R CPU @ 2.10GHz, instruction set [SSE2|AVX|AVX2|AVX512]
Thread count: 40 physical cores, 40 logical processors, using up to 1 threads

Non-default parameters:
TimeLimit  8.5025706087234430e+03
Method  1
BarHomogeneous  1
Threads  1

Optimize a model with 804 rows, 254077 columns and 6742600 nonzeros
Coefficient statistics:
  Matrix range     [1e+00, 1e+00]
  Objective range  [1e+05, 5e+05]
  Bounds range     [0e+00, 0e+00]
  RHS range        [1e+00, 1e+00]
LP warm-start: use basis

Iteration    Objective       Primal Inf.    Dual Inf.      Time
       0   -5.2202669e+31   1.140897e+34   5.220267e+01      0s
     351   -5.7339654e+29   9.046229e+32   5.733966e-01      5s
     742    3.3014630e+06   6.384056e+02   0.000000e+00     11s
    1095    3.3014631e+06   1.772224e+02   0.000000e+00     16s
    1446    3.3014632e+06   2.947254e+02   0.000000e+00     22s
    1672    3.3014632e+06   8.287655e+02   0.000000e+00     25s
    2023    3.3014632e+06   5.928638e+01   0.000000e+00     30s
    2369    3.3014632e+06   1.148485e+01   0.000000e+00     36s
    2724    3.3014633e+06   9.912773e-02   0.000000e+00     41s
    2748    3.3014633e+06   0.000000e+00   0.000000e+00     41s

Solved in 2748 iterations and 41.34 seconds (61.29 work units)
Optimal objective  3.301463252e+06
Set parameter TimeLimit to value 8.4373507269220427e+03
Set parameter Method to value 1
Gurobi Optimizer version 12.0.3 build v12.0.3rc0 (linux64 - "Ubuntu 24.04.4 LTS")

CPU model: Intel(R) Xeon(R) Gold 5218R CPU @ 2.10GHz, instruction set [SSE2|AVX|AVX2|AVX512]
Thread count: 40 physical cores, 40 logical processors, using up to 1 threads

Non-default parameters:
TimeLimit  8.4373507269220427e+03
Method  1
BarHomogeneous  1
Threads  1

Optimize a model with 804 rows, 254107 columns and 6743661 nonzeros
Coefficient statistics:
  Matrix range     [1e+00, 1e+00]
  Objective range  [1e+05, 5e+05]
  Bounds range     [0e+00, 0e+00]
  RHS range        [1e+00, 1e+00]
LP warm-start: use basis

Iteration    Objective       Primal Inf.    Dual Inf.      Time
       0   -3.4292194e+31   1.263724e+34   3.429219e+01      1s
     101    3.3014633e+06   0.000000e+00   0.000000e+00      2s

Solved in 101 iterations and 2.04 seconds (2.67 work units)
Optimal objective  3.301463252e+06
Set parameter TimeLimit to value 8.4143570437161252e+03
Set parameter Method to value 1
Gurobi Optimizer version 12.0.3 build v12.0.3rc0 (linux64 - "Ubuntu 24.04.4 LTS")

CPU model: Intel(R) Xeon(R) Gold 5218R CPU @ 2.10GHz, instruction set [SSE2|AVX|AVX2|AVX512]
Thread count: 40 physical cores, 40 logical processors, using up to 1 threads

Non-default parameters:
TimeLimit  8.4143570437161252e+03
Method  1
BarHomogeneous  1
Threads  1

Optimize a model with 804 rows, 254137 columns and 6744510 nonzeros
Coefficient statistics:
  Matrix range     [1e+00, 1e+00]
  Objective range  [1e+05, 5e+05]
  Bounds range     [0e+00, 0e+00]
  RHS range        [1e+00, 1e+00]
LP warm-start: use basis

Iteration    Objective       Primal Inf.    Dual Inf.      Time
       0   -2.8928730e+31   5.136328e+33   2.892873e+01      1s
     344   -5.0424527e+29   4.961199e+32   5.042504e-01      6s
     688    6.1686137e+24   2.818894e+32   5.627694e-03     11s
    1037    3.3014630e+06   2.133598e+02   0.000000e+00     16s
    1384    3.3014631e+06   7.669537e+01   0.000000e+00     21s
    1725    3.3014631e+06   8.025026e+01   0.000000e+00     27s
    1959    3.3014632e+06   1.821375e+01   0.000000e+00     30s
    2304    3.3014632e+06   5.644308e+01   0.000000e+00     35s
    2655    3.3014632e+06   7.988350e-01   0.000000e+00     41s
    2800    3.3014632e+06   0.000000e+00   0.000000e+00     43s

Solved in 2800 iterations and 42.94 seconds (63.38 work units)
Optimal objective  3.301463196e+06
Set parameter TimeLimit to value 8.3477236924823374e+03
Set parameter Method to value 1
Gurobi Optimizer version 12.0.3 build v12.0.3rc0 (linux64 - "Ubuntu 24.04.4 LTS")

CPU model: Intel(R) Xeon(R) Gold 5218R CPU @ 2.10GHz, instruction set [SSE2|AVX|AVX2|AVX512]
Thread count: 40 physical cores, 40 logical processors, using up to 1 threads

Non-default parameters:
TimeLimit  8.3477236924823374e+03
Method  1
BarHomogeneous  1
Threads  1

Optimize a model with 804 rows, 254167 columns and 6745519 nonzeros
Coefficient statistics:
  Matrix range     [1e+00, 1e+00]
  Objective range  [1e+05, 5e+05]
  Bounds range     [0e+00, 0e+00]
  RHS range        [1e+00, 1e+00]
LP warm-start: use basis

Iteration    Objective       Primal Inf.    Dual Inf.      Time
       0   -2.8354251e+31   6.783035e+33   2.835425e+01      1s
     355   -5.5490052e+30   1.676988e+33   5.549005e+00      5s
     708   -1.3770491e+30   1.875627e+33   1.377049e+00     10s
    1061   -9.7206789e+28   1.396827e+33   9.720684e-02     16s
    1416    3.3014620e+06   6.491055e+02   0.000000e+00     21s
    1760    3.3014624e+06   7.634448e+02   0.000000e+00     26s
    2111    3.3014626e+06   1.411000e+03   0.000000e+00     32s
    2340    3.3014627e+06   1.471193e+03   0.000000e+00     35s
    2688    3.3014628e+06   7.754092e+02   0.000000e+00     41s
    3030    3.3014629e+06   9.227789e+01   0.000000e+00     46s
    3370    3.3014629e+06   3.816753e+01   0.000000e+00     51s
    3702    3.3014630e+06   3.909551e+01   0.000000e+00     56s
    4050    3.3014630e+06   1.848612e+01   0.000000e+00     61s
    4396    3.3014630e+06   6.327829e+01   0.000000e+00     67s
    4631    3.3014630e+06   1.221126e+01   0.000000e+00     70s
    4974    3.3014630e+06   6.307242e+00   0.000000e+00     75s
    5300    3.3014630e+06   0.000000e+00   0.000000e+00     80s

Solved in 5300 iterations and 80.42 seconds (118.94 work units)
Optimal objective  3.301463028e+06
Set parameter TimeLimit to value 8243.35610004235
Set parameter Method to value 1
Gurobi Optimizer version 12.0.3 build v12.0.3rc0 (linux64 - "Ubuntu 24.04.4 LTS")

CPU model: Intel(R) Xeon(R) Gold 5218R CPU @ 2.10GHz, instruction set [SSE2|AVX|AVX2|AVX512]
Thread count: 40 physical cores, 40 logical processors, using up to 1 threads

Non-default parameters:
TimeLimit  8243.35610004235
Method  1
BarHomogeneous  1
Threads  1

Optimize a model with 804 rows, 254197 columns and 6746387 nonzeros
Coefficient statistics:
  Matrix range     [1e+00, 1e+00]
  Objective range  [1e+05, 5e+05]
  Bounds range     [0e+00, 0e+00]
  RHS range        [1e+00, 1e+00]
LP warm-start: use basis

Iteration    Objective       Primal Inf.    Dual Inf.      Time
       0   -3.2968149e+31   1.260514e+34   3.296815e+01      0s
     359   -1.0840507e+30   9.254256e+32   1.084051e+00      5s
     776    3.3014628e+06   3.594400e+03   0.000000e+00     12s
    1007    3.3014629e+06   3.145477e+02   0.000000e+00     15s
    1358    3.3014629e+06   1.722219e+02   0.000000e+00     20s
    1700    3.3014630e+06   1.415041e+01   0.000000e+00     26s
    2050    3.3014630e+06   3.504499e+01   0.000000e+00     31s
    2397    3.3014630e+06   1.315785e+01   0.000000e+00     36s
    2698    3.3014630e+06   0.000000e+00   0.000000e+00     41s

Solved in 2698 iterations and 40.83 seconds (60.27 work units)
Optimal objective  3.301462987e+06
Set parameter TimeLimit to value 8.1787339992807247e+03
Set parameter Method to value 1
Gurobi Optimizer version 12.0.3 build v12.0.3rc0 (linux64 - "Ubuntu 24.04.4 LTS")

CPU model: Intel(R) Xeon(R) Gold 5218R CPU @ 2.10GHz, instruction set [SSE2|AVX|AVX2|AVX512]
Thread count: 40 physical cores, 40 logical processors, using up to 1 threads

Non-default parameters:
TimeLimit  8.1787339992807247e+03
Method  1
BarHomogeneous  1
Threads  1

Optimize a model with 804 rows, 254227 columns and 6747033 nonzeros
Coefficient statistics:
  Matrix range     [1e+00, 1e+00]
  Objective range  [1e+05, 5e+05]
  Bounds range     [0e+00, 0e+00]
  RHS range        [1e+00, 1e+00]
LP warm-start: use basis

Iteration    Objective       Primal Inf.    Dual Inf.      Time
       0   -3.2352296e+31   1.715718e+34   3.235230e+01      1s
      44    3.3014630e+06   0.000000e+00   0.000000e+00      1s

Solved in 44 iterations and 1.28 seconds (1.45 work units)
Optimal objective  3.301462987e+06
Set parameter TimeLimit to value 8.1552950545190834e+03
Set parameter Method to value 1
Gurobi Optimizer version 12.0.3 build v12.0.3rc0 (linux64 - "Ubuntu 24.04.4 LTS")

CPU model: Intel(R) Xeon(R) Gold 5218R CPU @ 2.10GHz, instruction set [SSE2|AVX|AVX2|AVX512]
Thread count: 40 physical cores, 40 logical processors, using up to 1 threads

Non-default parameters:
TimeLimit  8.1552950545190834e+03
Method  1
BarHomogeneous  1
Threads  1

Optimize a model with 804 rows, 254257 columns and 6747810 nonzeros
Coefficient statistics:
  Matrix range     [1e+00, 1e+00]
  Objective range  [1e+05, 5e+05]
  Bounds range     [0e+00, 0e+00]
  RHS range        [1e+00, 1e+00]
LP warm-start: use basis

Iteration    Objective       Primal Inf.    Dual Inf.      Time
       0   -2.6201742e+31   6.715539e+33   2.620174e+01      0s
     349   -3.2710677e+30   8.866377e+32   3.271068e+00      5s
     707   -9.7301140e+29   1.047870e+33   9.730114e-01     10s
    1059   -1.2449320e+27   3.421580e+32   1.244931e-03     16s
    1408    3.3014623e+06   1.151389e+03   0.000000e+00     21s
    1763    3.3014625e+06   3.483260e+02   0.000000e+00     26s
    2115    3.3014627e+06   2.322610e+02   0.000000e+00     32s
    2346    3.3014627e+06   5.129683e+02   0.000000e+00     35s
    2688    3.3014628e+06   7.273987e+01   0.000000e+00     40s
    3032    3.3014628e+06   1.722246e+02   0.000000e+00     46s
    3380    3.3014629e+06   2.751929e+01   0.000000e+00     51s
    3732    3.3014629e+06   5.091460e+01   0.000000e+00     56s
    4080    3.3014629e+06   6.219276e+00   0.000000e+00     61s
    4400    3.3014629e+06   0.000000e+00   0.000000e+00     66s

Solved in 4400 iterations and 66.36 seconds (98.56 work units)
Optimal objective  3.301462902e+06
Set parameter TimeLimit to value 8065.22852136381
Set parameter Method to value 1
Gurobi Optimizer version 12.0.3 build v12.0.3rc0 (linux64 - "Ubuntu 24.04.4 LTS")

CPU model: Intel(R) Xeon(R) Gold 5218R CPU @ 2.10GHz, instruction set [SSE2|AVX|AVX2|AVX512]
Thread count: 40 physical cores, 40 logical processors, using up to 1 threads

Non-default parameters:
TimeLimit  8065.22852136381
Method  1
BarHomogeneous  1
Threads  1

Optimize a model with 804 rows, 254287 columns and 6748470 nonzeros
Coefficient statistics:
  Matrix range     [1e+00, 1e+00]
  Objective range  [1e+05, 5e+05]
  Bounds range     [0e+00, 0e+00]
  RHS range        [1e+00, 1e+00]
LP warm-start: use basis

Iteration    Objective       Primal Inf.    Dual Inf.      Time
       0   -3.1761838e+31   9.869822e+33   3.176184e+01      0s
     356   -8.7901267e+27   2.008891e+32   8.790145e-03      5s
     667    3.3014627e+06   4.376086e+02   0.000000e+00     10s
    1020    3.3014629e+06   4.828241e+01   0.000000e+00     15s
    1368    3.3014629e+06   2.140653e+01   0.000000e+00     21s
    1718    3.3014629e+06   4.589559e+00   0.000000e+00     26s
    1971    3.3014629e+06   0.000000e+00   0.000000e+00     30s

Solved in 1971 iterations and 29.59 seconds (44.16 work units)
Optimal objective  3.301462888e+06
Set parameter TimeLimit to value 8.0118973911558278e+03
Set parameter Method to value 1
Gurobi Optimizer version 12.0.3 build v12.0.3rc0 (linux64 - "Ubuntu 24.04.4 LTS")

CPU model: Intel(R) Xeon(R) Gold 5218R CPU @ 2.10GHz, instruction set [SSE2|AVX|AVX2|AVX512]
Thread count: 40 physical cores, 40 logical processors, using up to 1 threads

Non-default parameters:
TimeLimit  8.0118973911558278e+03
Method  1
BarHomogeneous  1
Threads  1

Optimize a model with 804 rows, 254317 columns and 6749134 nonzeros
Coefficient statistics:
  Matrix range     [1e+00, 1e+00]
  Objective range  [1e+05, 5e+05]
  Bounds range     [0e+00, 0e+00]
  RHS range        [1e+00, 1e+00]
LP warm-start: use basis

Iteration    Objective       Primal Inf.    Dual Inf.      Time
       0   -2.4039506e+31   2.840826e+34   2.403951e+01      1s
     355   -8.1054333e+29   9.232460e+32   8.105434e-01      5s
     708    3.3014621e+06   3.179380e+03   0.000000e+00     11s
    1058    3.3014626e+06   9.038017e+02   0.000000e+00     16s
    1411    3.3014627e+06   2.398208e+02   0.000000e+00     21s
    1762    3.3014628e+06   2.310964e+02   0.000000e+00     27s
    1999    3.3014628e+06   1.094167e+02   0.000000e+00     30s
    2349    3.3014628e+06   1.256215e+01   0.000000e+00     35s
    2697    3.3014628e+06   6.747527e+00   0.000000e+00     41s
    3043    3.3014629e+06   2.663790e+01   0.000000e+00     46s
    3176    3.3014629e+06   0.000000e+00   0.000000e+00     48s

Solved in 3176 iterations and 48.04 seconds (71.16 work units)
Optimal objective  3.301462858e+06
Set parameter TimeLimit to value 7.9400896150991321e+03
Set parameter Method to value 1
Gurobi Optimizer version 12.0.3 build v12.0.3rc0 (linux64 - "Ubuntu 24.04.4 LTS")

CPU model: Intel(R) Xeon(R) Gold 5218R CPU @ 2.10GHz, instruction set [SSE2|AVX|AVX2|AVX512]
Thread count: 40 physical cores, 40 logical processors, using up to 1 threads

Non-default parameters:
TimeLimit  7.9400896150991321e+03
Method  1
BarHomogeneous  1
Threads  1

Optimize a model with 804 rows, 254347 columns and 6749875 nonzeros
Coefficient statistics:
  Matrix range     [1e+00, 1e+00]
  Objective range  [1e+05, 5e+05]
  Bounds range     [0e+00, 0e+00]
  RHS range        [1e+00, 1e+00]
LP warm-start: use basis

Iteration    Objective       Primal Inf.    Dual Inf.      Time
       0   -2.5567103e+31   6.994161e+33   2.556710e+01      0s
     353   -2.4560855e+30   5.412246e+33   2.456085e+00      5s
     712   -8.7536375e+29   6.114172e+32   8.753640e-01     10s
    1068   -2.0237253e+28   2.584995e+33   2.023768e-02     16s
    1420    3.3014622e+06   9.075425e+02   0.000000e+00     21s
    1774    3.3014624e+06   9.955475e+02   0.000000e+00     26s
    2130    3.3014625e+06   3.582665e+02   0.000000e+00     32s
    2476    3.3014626e+06   1.024650e+02   0.000000e+00     37s
    2707    3.3014626e+06   5.433964e+01   0.000000e+00     40s
    3057    3.3014627e+06   4.605115e+01   0.000000e+00     46s
    3403    3.3014627e+06   1.250866e+02   0.000000e+00     51s
    3754    3.3014627e+06   8.767992e+00   0.000000e+00     56s
    4104    3.3014627e+06   2.523546e+01   0.000000e+00     61s
    4337    3.3014627e+06   0.000000e+00   0.000000e+00     65s

Solved in 4337 iterations and 64.83 seconds (96.41 work units)
Optimal objective  3.301462714e+06
Set parameter TimeLimit to value 7.8513318723230623e+03
Set parameter Method to value 1
Gurobi Optimizer version 12.0.3 build v12.0.3rc0 (linux64 - "Ubuntu 24.04.4 LTS")

CPU model: Intel(R) Xeon(R) Gold 5218R CPU @ 2.10GHz, instruction set [SSE2|AVX|AVX2|AVX512]
Thread count: 40 physical cores, 40 logical processors, using up to 1 threads

Non-default parameters:
TimeLimit  7.8513318723230623e+03
Method  1
BarHomogeneous  1
Threads  1

Optimize a model with 804 rows, 254377 columns and 6750857 nonzeros
Coefficient statistics:
  Matrix range     [1e+00, 1e+00]
  Objective range  [1e+05, 5e+05]
  Bounds range     [0e+00, 0e+00]
  RHS range        [1e+00, 1e+00]
LP warm-start: use basis

Iteration    Objective       Primal Inf.    Dual Inf.      Time
       0   -2.4645910e+31   4.256167e+33   2.464591e+01      1s
     366   -3.6714032e+30   8.472799e+32   3.671403e+00      5s
     717   -4.2454436e+29   4.509244e+32   4.245444e-01     10s
    1113    3.3014620e+06   4.931715e+02   0.000000e+00     16s
    1460    3.3014623e+06   3.965065e+02   0.000000e+00     22s
    1695    3.3014624e+06   4.720593e+02   0.000000e+00     25s
    2040    3.3014625e+06   8.218882e+02   0.000000e+00     31s
    2392    3.3014626e+06   3.703248e+01   0.000000e+00     36s
    2742    3.3014626e+06   5.390227e+01   0.000000e+00     41s
    3089    3.3014626e+06   5.725683e+01   0.000000e+00     47s
    3324    3.3014626e+06   3.570189e+01   0.000000e+00     50s
    3665    3.3014626e+06   0.000000e+00   0.000000e+00     55s

Solved in 3665 iterations and 55.29 seconds (81.68 work units)
Optimal objective  3.301462642e+06
Set parameter TimeLimit to value 7.7722361469040625e+03
Set parameter Method to value 1
Gurobi Optimizer version 12.0.3 build v12.0.3rc0 (linux64 - "Ubuntu 24.04.4 LTS")

CPU model: Intel(R) Xeon(R) Gold 5218R CPU @ 2.10GHz, instruction set [SSE2|AVX|AVX2|AVX512]
Thread count: 40 physical cores, 40 logical processors, using up to 1 threads

Non-default parameters:
TimeLimit  7.7722361469040625e+03
Method  1
BarHomogeneous  1
Threads  1

Optimize a model with 804 rows, 254407 columns and 6751620 nonzeros
Coefficient statistics:
  Matrix range     [1e+00, 1e+00]
  Objective range  [1e+05, 5e+05]
  Bounds range     [0e+00, 0e+00]
  RHS range        [1e+00, 1e+00]
LP warm-start: use basis

Iteration    Objective       Primal Inf.    Dual Inf.      Time
       0   -2.5907391e+31   1.857062e+34   2.590739e+01      1s
     358   -2.8324219e+30   1.394811e+33   2.832422e+00      5s
     711   -5.4608498e+29   9.408379e+32   5.460849e-01     10s
    1107    3.3014617e+06   1.400142e+03   0.000000e+00     16s
    1460    3.3014621e+06   4.375374e+02   0.000000e+00     22s
    1693    3.3014622e+06   2.211406e+03   0.000000e+00     25s
    2043    3.3014624e+06   1.607536e+02   0.000000e+00     30s
    2396    3.3014625e+06   1.199644e+02   0.000000e+00     36s
    2746    3.3014625e+06   4.661061e+01   0.000000e+00     41s
    3088    3.3014625e+06   5.223660e+02   0.000000e+00     46s
    3435    3.3014625e+06   5.371357e+01   0.000000e+00     51s
    3671    3.3014626e+06   9.799911e+00   0.000000e+00     55s
    4022    3.3014626e+06   1.734357e+00   0.000000e+00     60s
    4134    3.3014626e+06   0.000000e+00   0.000000e+00     62s

Solved in 4134 iterations and 62.15 seconds (92.07 work units)
Optimal objective  3.301462565e+06
Set parameter TimeLimit to value 7.6861432853876613e+03
Set parameter Method to value 1
Gurobi Optimizer version 12.0.3 build v12.0.3rc0 (linux64 - "Ubuntu 24.04.4 LTS")

CPU model: Intel(R) Xeon(R) Gold 5218R CPU @ 2.10GHz, instruction set [SSE2|AVX|AVX2|AVX512]
Thread count: 40 physical cores, 40 logical processors, using up to 1 threads

Non-default parameters:
TimeLimit  7.6861432853876613e+03
Method  1
BarHomogeneous  1
Threads  1

Optimize a model with 804 rows, 254437 columns and 6752584 nonzeros
Coefficient statistics:
  Matrix range     [1e+00, 1e+00]
  Objective range  [1e+05, 5e+05]
  Bounds range     [0e+00, 0e+00]
  RHS range        [1e+00, 1e+00]
LP warm-start: use basis

Iteration    Objective       Primal Inf.    Dual Inf.      Time
       0   -2.7464079e+31   1.244532e+34   2.746408e+01      0s
     355   -4.6311488e+29   1.074236e+33   4.631150e-01      5s
     712    3.3014623e+06   5.510018e+02   0.000000e+00     11s
    1069    3.3014625e+06   8.742504e+01   0.000000e+00     16s
    1427    3.3014625e+06   6.982685e+01   0.000000e+00     21s
    1780    3.3014625e+06   6.273184e+00   0.000000e+00     27s
    2016    3.3014625e+06   8.378109e-01   0.000000e+00     30s
    2157    3.3014625e+06   0.000000e+00   0.000000e+00     32s

Solved in 2157 iterations and 32.46 seconds (48.05 work units)
Optimal objective  3.301462525e+06
Set parameter TimeLimit to value 7.6300273198266514e+03
Set parameter Method to value 1
Gurobi Optimizer version 12.0.3 build v12.0.3rc0 (linux64 - "Ubuntu 24.04.4 LTS")

CPU model: Intel(R) Xeon(R) Gold 5218R CPU @ 2.10GHz, instruction set [SSE2|AVX|AVX2|AVX512]
Thread count: 40 physical cores, 40 logical processors, using up to 1 threads

Non-default parameters:
TimeLimit  7.6300273198266514e+03
Method  1
BarHomogeneous  1
Threads  1

Optimize a model with 804 rows, 254467 columns and 6753248 nonzeros
Coefficient statistics:
  Matrix range     [1e+00, 1e+00]
  Objective range  [1e+05, 5e+05]
  Bounds range     [0e+00, 0e+00]
  RHS range        [1e+00, 1e+00]
LP warm-start: use basis

Iteration    Objective       Primal Inf.    Dual Inf.      Time
       0   -2.4462021e+31   1.301463e+34   2.446202e+01      1s
     353   -1.7798273e+30   1.358780e+33   1.779827e+00      5s
     708   -1.5128738e+29   1.109744e+33   1.512875e-01     10s
    1108    3.3014621e+06   1.928761e+02   0.000000e+00     17s
    1341    3.3014623e+06   4.130781e+02   0.000000e+00     20s
    1688    3.3014623e+06   1.353934e+02   0.000000e+00     25s
    2032    3.3014624e+06   1.304249e+02   0.000000e+00     31s
    2380    3.3014624e+06   2.709438e+02   0.000000e+00     36s
    2723    3.3014624e+06   1.066221e+02   0.000000e+00     41s
    3065    3.3014625e+06   8.474718e+00   0.000000e+00     47s
    3299    3.3014625e+06   9.175357e+00   0.000000e+00     50s
    3443    3.3014625e+06   0.000000e+00   0.000000e+00     52s

Solved in 3443 iterations and 52.37 seconds (77.10 work units)
Optimal objective  3.301462459e+06
Set parameter TimeLimit to value 7.5536139483312145e+03
Set parameter Method to value 1
Gurobi Optimizer version 12.0.3 build v12.0.3rc0 (linux64 - "Ubuntu 24.04.4 LTS")

CPU model: Intel(R) Xeon(R) Gold 5218R CPU @ 2.10GHz, instruction set [SSE2|AVX|AVX2|AVX512]
Thread count: 40 physical cores, 40 logical processors, using up to 1 threads

Non-default parameters:
TimeLimit  7.5536139483312145e+03
Method  1
BarHomogeneous  1
Threads  1

Optimize a model with 804 rows, 254497 columns and 6754001 nonzeros
Coefficient statistics:
  Matrix range     [1e+00, 1e+00]
  Objective range  [1e+05, 5e+05]
  Bounds range     [0e+00, 0e+00]
  RHS range        [1e+00, 1e+00]
LP warm-start: use basis

Iteration    Objective       Primal Inf.    Dual Inf.      Time
       0   -5.1741624e+31   2.792380e+34   5.174162e+01      0s
     111    3.3014625e+06   0.000000e+00   0.000000e+00      2s

Solved in 111 iterations and 2.21 seconds (2.93 work units)
Optimal objective  3.301462459e+06
Set parameter TimeLimit to value 7.5292648795805871e+03
Set parameter Method to value 1
Gurobi Optimizer version 12.0.3 build v12.0.3rc0 (linux64 - "Ubuntu 24.04.4 LTS")

CPU model: Intel(R) Xeon(R) Gold 5218R CPU @ 2.10GHz, instruction set [SSE2|AVX|AVX2|AVX512]
Thread count: 40 physical cores, 40 logical processors, using up to 1 threads

Non-default parameters:
TimeLimit  7.5292648795805871e+03
Method  1
BarHomogeneous  1
Threads  1

Optimize a model with 804 rows, 254527 columns and 6754976 nonzeros
Coefficient statistics:
  Matrix range     [1e+00, 1e+00]
  Objective range  [1e+05, 5e+05]
  Bounds range     [0e+00, 0e+00]
  RHS range        [1e+00, 1e+00]
LP warm-start: use basis

Iteration    Objective       Primal Inf.    Dual Inf.      Time
       0   -2.8812366e+31   1.480488e+34   2.881237e+01      0s
     154    3.3014625e+06   0.000000e+00   0.000000e+00      3s

Solved in 154 iterations and 2.85 seconds (3.90 work units)
Optimal objective  3.301462459e+06
Set parameter TimeLimit to value 7.5052928121970035e+03
Set parameter Method to value 1
Gurobi Optimizer version 12.0.3 build v12.0.3rc0 (linux64 - "Ubuntu 24.04.4 LTS")

CPU model: Intel(R) Xeon(R) Gold 5218R CPU @ 2.10GHz, instruction set [SSE2|AVX|AVX2|AVX512]
Thread count: 40 physical cores, 40 logical processors, using up to 1 threads

Non-default parameters:
TimeLimit  7.5052928121970035e+03
Method  1
BarHomogeneous  1
Threads  1

Optimize a model with 804 rows, 254557 columns and 6756026 nonzeros
Coefficient statistics:
  Matrix range     [1e+00, 1e+00]
  Objective range  [1e+05, 5e+05]
  Bounds range     [0e+00, 0e+00]
  RHS range        [1e+00, 1e+00]
LP warm-start: use basis

Iteration    Objective       Primal Inf.    Dual Inf.      Time
       0   -2.6811721e+31   1.136475e+34   2.681172e+01      1s
     354   -7.0486441e+29   2.008113e+33   7.048644e-01      5s
     709   -1.5107771e+28   8.668911e+31   1.510785e-02     10s
    1127    3.3014623e+06   7.003521e+01   0.000000e+00     16s
    1481    3.3014624e+06   6.410591e+01   0.000000e+00     22s
    1715    3.3014624e+06   4.362977e+01   0.000000e+00     25s
    2066    3.3014624e+06   1.714507e+01   0.000000e+00     30s
    2419    3.3014624e+06   1.022925e+00   0.000000e+00     36s
    2625    3.3014624e+06   0.000000e+00   0.000000e+00     39s

Solved in 2625 iterations and 38.98 seconds (58.22 work units)
Optimal objective  3.301462428e+06
Set parameter TimeLimit to value 7.4439957668078132e+03
Set parameter Method to value 1
Gurobi Optimizer version 12.0.3 build v12.0.3rc0 (linux64 - "Ubuntu 24.04.4 LTS")

CPU model: Intel(R) Xeon(R) Gold 5218R CPU @ 2.10GHz, instruction set [SSE2|AVX|AVX2|AVX512]
Thread count: 40 physical cores, 40 logical processors, using up to 1 threads

Non-default parameters:
TimeLimit  7.4439957668078132e+03
Method  1
BarHomogeneous  1
Threads  1

Optimize a model with 804 rows, 254587 columns and 6756952 nonzeros
Coefficient statistics:
  Matrix range     [1e+00, 1e+00]
  Objective range  [1e+05, 5e+05]
  Bounds range     [0e+00, 0e+00]
  RHS range        [1e+00, 1e+00]
LP warm-start: use basis

Iteration    Objective       Primal Inf.    Dual Inf.      Time
       0   -2.6041370e+31   4.645454e+34   2.604137e+01      0s
      84    3.3014624e+06   0.000000e+00   0.000000e+00      2s

Solved in 84 iterations and 1.75 seconds (2.26 work units)
Optimal objective  3.301462428e+06
Set parameter TimeLimit to value 7.4212847981504165e+03
Set parameter Method to value 1
Gurobi Optimizer version 12.0.3 build v12.0.3rc0 (linux64 - "Ubuntu 24.04.4 LTS")

CPU model: Intel(R) Xeon(R) Gold 5218R CPU @ 2.10GHz, instruction set [SSE2|AVX|AVX2|AVX512]
Thread count: 40 physical cores, 40 logical processors, using up to 1 threads

Non-default parameters:
TimeLimit  7.4212847981504165e+03
Method  1
BarHomogeneous  1
Threads  1

Optimize a model with 804 rows, 254617 columns and 6757927 nonzeros
Coefficient statistics:
  Matrix range     [1e+00, 1e+00]
  Objective range  [1e+05, 5e+05]
  Bounds range     [0e+00, 0e+00]
  RHS range        [1e+00, 1e+00]
LP warm-start: use basis

Iteration    Objective       Primal Inf.    Dual Inf.      Time
       0   -2.3974987e+31   9.679879e+33   2.397499e+01      0s
     412   -1.8213932e+30   7.307220e+33   1.821393e+00      5s
     768   -2.2556131e+29   3.946211e+32   2.255623e-01     11s
    1158    3.3014618e+06   2.075569e+03   0.000000e+00     16s
    1510    3.3014621e+06   4.584890e+02   0.000000e+00     22s
    1743    3.3014622e+06   9.075804e+01   0.000000e+00     25s
    2098    3.3014623e+06   2.485077e+03   0.000000e+00     30s
    2448    3.3014623e+06   7.718578e+01   0.000000e+00     36s
    2802    3.3014624e+06   6.175941e+01   0.000000e+00     41s
    3154    3.3014624e+06   5.935442e+00   0.000000e+00     46s
    3505    3.3014624e+06   5.754155e+00   0.000000e+00     51s
    3642    3.3014624e+06   0.000000e+00   0.000000e+00     54s

Solved in 3642 iterations and 53.52 seconds (80.04 work units)
Optimal objective  3.301462376e+06
Set parameter TimeLimit to value 7.3438908704458736e+03
Set parameter Method to value 1
Gurobi Optimizer version 12.0.3 build v12.0.3rc0 (linux64 - "Ubuntu 24.04.4 LTS")

CPU model: Intel(R) Xeon(R) Gold 5218R CPU @ 2.10GHz, instruction set [SSE2|AVX|AVX2|AVX512]
Thread count: 40 physical cores, 40 logical processors, using up to 1 threads

Non-default parameters:
TimeLimit  7.3438908704458736e+03
Method  1
BarHomogeneous  1
Threads  1

Optimize a model with 804 rows, 254647 columns and 6758620 nonzeros
Coefficient statistics:
  Matrix range     [1e+00, 1e+00]
  Objective range  [1e+05, 5e+05]
  Bounds range     [0e+00, 0e+00]
  RHS range        [1e+00, 1e+00]
LP warm-start: use basis

Iteration    Objective       Primal Inf.    Dual Inf.      Time
       0   -2.7709598e+31   1.299308e+34   2.770960e+01      1s
     100    3.3014624e+06   0.000000e+00   0.000000e+00      2s

Solved in 100 iterations and 2.01 seconds (2.63 work units)
Optimal objective  3.301462376e+06
Set parameter TimeLimit to value 7.3195757847293280e+03
Set parameter Method to value 1
Gurobi Optimizer version 12.0.3 build v12.0.3rc0 (linux64 - "Ubuntu 24.04.4 LTS")

CPU model: Intel(R) Xeon(R) Gold 5218R CPU @ 2.10GHz, instruction set [SSE2|AVX|AVX2|AVX512]
Thread count: 40 physical cores, 40 logical processors, using up to 1 threads

Non-default parameters:
TimeLimit  7.3195757847293280e+03
Method  1
BarHomogeneous  1
Threads  1

Optimize a model with 804 rows, 254677 columns and 6759277 nonzeros
Coefficient statistics:
  Matrix range     [1e+00, 1e+00]
  Objective range  [1e+05, 5e+05]
  Bounds range     [0e+00, 0e+00]
  RHS range        [1e+00, 1e+00]
LP warm-start: use basis

Iteration    Objective       Primal Inf.    Dual Inf.      Time
       0   -2.4276073e+31   8.043620e+33   2.427607e+01      0s
     350   -1.2517771e+30   9.510843e+32   1.251777e+00      5s
     700   -1.8233489e+28   2.556878e+32   1.823349e-02     10s
    1125    3.3014621e+06   8.844152e+02   0.000000e+00     17s
    1362    3.3014622e+06   3.632186e+03   0.000000e+00     20s
    1717    3.3014623e+06   1.458177e+02   0.000000e+00     25s
    2070    3.3014623e+06   5.458484e+01   0.000000e+00     31s
    2419    3.3014623e+06   6.162226e+01   0.000000e+00     36s
    2770    3.3014623e+06   1.079031e+01   0.000000e+00     41s
    3125    3.3014623e+06   1.279733e+00   0.000000e+00     46s
    3239    3.3014623e+06   0.000000e+00   0.000000e+00     48s

Solved in 3239 iterations and 48.12 seconds (72.14 work units)
Optimal objective  3.301462336e+06
Set parameter TimeLimit to value 7.2474951880373992e+03
Set parameter Method to value 1
Gurobi Optimizer version 12.0.3 build v12.0.3rc0 (linux64 - "Ubuntu 24.04.4 LTS")

CPU model: Intel(R) Xeon(R) Gold 5218R CPU @ 2.10GHz, instruction set [SSE2|AVX|AVX2|AVX512]
Thread count: 40 physical cores, 40 logical processors, using up to 1 threads

Non-default parameters:
TimeLimit  7.2474951880373992e+03
Method  1
BarHomogeneous  1
Threads  1

Optimize a model with 804 rows, 254707 columns and 6760104 nonzeros
Coefficient statistics:
  Matrix range     [1e+00, 1e+00]
  Objective range  [1e+05, 5e+05]
  Bounds range     [0e+00, 0e+00]
  RHS range        [1e+00, 1e+00]
LP warm-start: use basis

Iteration    Objective       Primal Inf.    Dual Inf.      Time
       0   -2.3747317e+31   2.504162e+34   2.374732e+01      0s
     204    3.3014623e+06   0.000000e+00   0.000000e+00      4s

Solved in 204 iterations and 3.76 seconds (5.06 work units)
Optimal objective  3.301462335e+06
Set parameter TimeLimit to value 7.2225034586638212e+03
Set parameter Method to value 1
Gurobi Optimizer version 12.0.3 build v12.0.3rc0 (linux64 - "Ubuntu 24.04.4 LTS")

CPU model: Intel(R) Xeon(R) Gold 5218R CPU @ 2.10GHz, instruction set [SSE2|AVX|AVX2|AVX512]
Thread count: 40 physical cores, 40 logical processors, using up to 1 threads

Non-default parameters:
TimeLimit  7.2225034586638212e+03
Method  1
BarHomogeneous  1
Threads  1

Optimize a model with 804 rows, 254737 columns and 6760792 nonzeros
Coefficient statistics:
  Matrix range     [1e+00, 1e+00]
  Objective range  [1e+05, 5e+05]
  Bounds range     [0e+00, 0e+00]
  RHS range        [1e+00, 1e+00]
LP warm-start: use basis

Iteration    Objective       Primal Inf.    Dual Inf.      Time
       0   -2.0606399e+31   1.980511e+34   2.060640e+01      1s
     355   -6.5935583e+28   7.522273e+32   6.593560e-02      5s
     709    3.3014620e+06   4.080439e+03   0.000000e+00     11s
    1062    3.3014622e+06   9.803022e+01   0.000000e+00     16s
    1417    3.3014622e+06   7.455604e+01   0.000000e+00     21s
    1769    3.3014623e+06   8.974320e+00   0.000000e+00     27s
    2006    3.3014623e+06   8.177608e+00   0.000000e+00     30s
    2365    3.3014623e+06   1.018474e+01   0.000000e+00     36s
    2504    3.3014623e+06   0.000000e+00   0.000000e+00     38s

Solved in 2504 iterations and 37.72 seconds (55.91 work units)
Optimal objective  3.301462279e+06
Set parameter TimeLimit to value 7.1625827301456593e+03
Set parameter Method to value 1
Gurobi Optimizer version 12.0.3 build v12.0.3rc0 (linux64 - "Ubuntu 24.04.4 LTS")

CPU model: Intel(R) Xeon(R) Gold 5218R CPU @ 2.10GHz, instruction set [SSE2|AVX|AVX2|AVX512]
Thread count: 40 physical cores, 40 logical processors, using up to 1 threads

Non-default parameters:
TimeLimit  7.1625827301456593e+03
Method  1
BarHomogeneous  1
Threads  1

Optimize a model with 804 rows, 254767 columns and 6761637 nonzeros
Coefficient statistics:
  Matrix range     [1e+00, 1e+00]
  Objective range  [1e+05, 5e+05]
  Bounds range     [0e+00, 0e+00]
  RHS range        [1e+00, 1e+00]
LP warm-start: use basis

Iteration    Objective       Primal Inf.    Dual Inf.      Time
       0   -2.4557467e+31   7.476432e+33   2.455747e+01      0s
     388    3.3014623e+06   6.544575e+01   0.000000e+00      6s
     742    3.3014623e+06   4.260649e+00   0.000000e+00     11s
    1046    3.3014623e+06   0.000000e+00   0.000000e+00     16s

Solved in 1046 iterations and 15.93 seconds (23.48 work units)
Optimal objective  3.301462276e+06
Set parameter TimeLimit to value 7.1255738088805228e+03
Set parameter Method to value 1
Gurobi Optimizer version 12.0.3 build v12.0.3rc0 (linux64 - "Ubuntu 24.04.4 LTS")

CPU model: Intel(R) Xeon(R) Gold 5218R CPU @ 2.10GHz, instruction set [SSE2|AVX|AVX2|AVX512]
Thread count: 40 physical cores, 40 logical processors, using up to 1 threads

Non-default parameters:
TimeLimit  7.1255738088805228e+03
Method  1
BarHomogeneous  1
Threads  1

Optimize a model with 804 rows, 254797 columns and 6762367 nonzeros
Coefficient statistics:
  Matrix range     [1e+00, 1e+00]
  Objective range  [1e+05, 5e+05]
  Bounds range     [0e+00, 0e+00]
  RHS range        [1e+00, 1e+00]
LP warm-start: use basis

Iteration    Objective       Primal Inf.    Dual Inf.      Time
       0   -2.0262096e+31   4.721314e+33   2.026210e+01      1s
     353   -2.8142520e+30   1.512006e+33   2.814252e+00      5s
     707   -2.7614264e+29   1.108601e+33   2.761426e-01     10s
    1064    3.3014618e+06   2.719807e+03   0.000000e+00     16s
    1415    3.3014620e+06   4.557520e+02   0.000000e+00     21s
    1759    3.3014621e+06   3.663087e+02   0.000000e+00     26s
    2100    3.3014621e+06   4.816287e+02   0.000000e+00     32s
    2329    3.3014621e+06   2.257398e+02   0.000000e+00     35s
    2670    3.3014622e+06   1.094870e+02   0.000000e+00     40s
    3015    3.3014622e+06   2.486291e+01   0.000000e+00     46s
    3363    3.3014622e+06   1.012348e+01   0.000000e+00     51s
    3711    3.3014622e+06   1.183587e+00   0.000000e+00     56s
    3837    3.3014622e+06   0.000000e+00   0.000000e+00     58s

Solved in 3837 iterations and 58.11 seconds (85.75 work units)
Optimal objective  3.301462206e+06
Set parameter TimeLimit to value 7.0436566083477810e+03
Set parameter Method to value 1
Gurobi Optimizer version 12.0.3 build v12.0.3rc0 (linux64 - "Ubuntu 24.04.4 LTS")

CPU model: Intel(R) Xeon(R) Gold 5218R CPU @ 2.10GHz, instruction set [SSE2|AVX|AVX2|AVX512]
Thread count: 40 physical cores, 40 logical processors, using up to 1 threads

Non-default parameters:
TimeLimit  7.0436566083477810e+03
Method  1
BarHomogeneous  1
Threads  1

Optimize a model with 804 rows, 254827 columns and 6763005 nonzeros
Coefficient statistics:
  Matrix range     [1e+00, 1e+00]
  Objective range  [1e+05, 5e+05]
  Bounds range     [0e+00, 0e+00]
  RHS range        [1e+00, 1e+00]
LP warm-start: use basis

Iteration    Objective       Primal Inf.    Dual Inf.      Time
       0   -2.8219553e+31   4.228348e+34   2.821955e+01      0s
     159    3.3014622e+06   0.000000e+00   0.000000e+00      3s

Solved in 159 iterations and 2.92 seconds (3.97 work units)
Optimal objective  3.301462206e+06
Set parameter TimeLimit to value 7.0186280157919973e+03
Set parameter Method to value 1
Gurobi Optimizer version 12.0.3 build v12.0.3rc0 (linux64 - "Ubuntu 24.04.4 LTS")

CPU model: Intel(R) Xeon(R) Gold 5218R CPU @ 2.10GHz, instruction set [SSE2|AVX|AVX2|AVX512]
Thread count: 40 physical cores, 40 logical processors, using up to 1 threads

Non-default parameters:
TimeLimit  7.0186280157919973e+03
Method  1
BarHomogeneous  1
Threads  1

Optimize a model with 804 rows, 254857 columns and 6763642 nonzeros
Coefficient statistics:
  Matrix range     [1e+00, 1e+00]
  Objective range  [1e+05, 5e+05]
  Bounds range     [0e+00, 0e+00]
  RHS range        [1e+00, 1e+00]
LP warm-start: use basis

Iteration    Objective       Primal Inf.    Dual Inf.      Time
       0   -2.1994704e+31   7.745277e+33   2.199470e+01      0s
     359   -8.3322091e+29   7.000624e+32   8.332210e-01      5s
     754    3.3014619e+06   5.553694e+03   0.000000e+00     11s
    1103    3.3014621e+06   4.151376e+02   0.000000e+00     16s
    1458    3.3014621e+06   1.359843e+02   0.000000e+00     21s
    1813    3.3014622e+06   3.610902e+01   0.000000e+00     27s
    2047    3.3014622e+06   2.492211e+01   0.000000e+00     30s
    2395    3.3014622e+06   1.754774e+01   0.000000e+00     36s
    2749    3.3014622e+06   2.729933e-01   0.000000e+00     41s
    2857    3.3014622e+06   0.000000e+00   0.000000e+00     43s

Solved in 2857 iterations and 42.70 seconds (63.23 work units)
Optimal objective  3.301462182e+06
Set parameter TimeLimit to value 6.9518778113638982e+03
Set parameter Method to value 1
Gurobi Optimizer version 12.0.3 build v12.0.3rc0 (linux64 - "Ubuntu 24.04.4 LTS")

CPU model: Intel(R) Xeon(R) Gold 5218R CPU @ 2.10GHz, instruction set [SSE2|AVX|AVX2|AVX512]
Thread count: 40 physical cores, 40 logical processors, using up to 1 threads

Non-default parameters:
TimeLimit  6.9518778113638982e+03
Method  1
BarHomogeneous  1
Threads  1

Optimize a model with 804 rows, 254887 columns and 6764335 nonzeros
Coefficient statistics:
  Matrix range     [1e+00, 1e+00]
  Objective range  [1e+05, 5e+05]
  Bounds range     [0e+00, 0e+00]
  RHS range        [1e+00, 1e+00]
LP warm-start: use basis

Iteration    Objective       Primal Inf.    Dual Inf.      Time
       0   -2.1580975e+31   1.745049e+34   2.158097e+01      0s
     146    3.3014622e+06   0.000000e+00   0.000000e+00      3s

Solved in 146 iterations and 2.72 seconds (3.69 work units)
Optimal objective  3.301462182e+06
Set parameter TimeLimit to value 6.9279849662301131e+03
Set parameter Method to value 1
Gurobi Optimizer version 12.0.3 build v12.0.3rc0 (linux64 - "Ubuntu 24.04.4 LTS")

CPU model: Intel(R) Xeon(R) Gold 5218R CPU @ 2.10GHz, instruction set [SSE2|AVX|AVX2|AVX512]
Thread count: 40 physical cores, 40 logical processors, using up to 1 threads

Non-default parameters:
TimeLimit  6.9279849662301131e+03
Method  1
BarHomogeneous  1
Threads  1

Optimize a model with 804 rows, 254917 columns and 6764994 nonzeros
Coefficient statistics:
  Matrix range     [1e+00, 1e+00]
  Objective range  [1e+05, 5e+05]
  Bounds range     [0e+00, 0e+00]
  RHS range        [1e+00, 1e+00]
LP warm-start: use basis

Iteration    Objective       Primal Inf.    Dual Inf.      Time
       0   -2.0506183e+31   1.216864e+34   2.050618e+01      0s
     389    3.3014620e+06   1.234420e+03   0.000000e+00      6s
     745    3.3014621e+06   7.038256e+01   0.000000e+00     11s
    1096    3.3014622e+06   8.609694e+00   0.000000e+00     17s
    1327    3.3014622e+06   5.475449e+00   0.000000e+00     20s
    1545    3.3014622e+06   0.000000e+00   0.000000e+00     23s

Solved in 1545 iterations and 23.39 seconds (34.63 work units)
Optimal objective  3.301462157e+06
Set parameter TimeLimit to value 6.8824253754080273e+03
Set parameter Method to value 1
Gurobi Optimizer version 12.0.3 build v12.0.3rc0 (linux64 - "Ubuntu 24.04.4 LTS")

CPU model: Intel(R) Xeon(R) Gold 5218R CPU @ 2.10GHz, instruction set [SSE2|AVX|AVX2|AVX512]
Thread count: 40 physical cores, 40 logical processors, using up to 1 threads

Non-default parameters:
TimeLimit  6.8824253754080273e+03
Method  1
BarHomogeneous  1
Threads  1

Optimize a model with 804 rows, 254947 columns and 6765721 nonzeros
Coefficient statistics:
  Matrix range     [1e+00, 1e+00]
  Objective range  [1e+05, 5e+05]
  Bounds range     [0e+00, 0e+00]
  RHS range        [1e+00, 1e+00]
LP warm-start: use basis

Iteration    Objective       Primal Inf.    Dual Inf.      Time
       0   -2.3406370e+31   1.020669e+34   2.340637e+01      0s
     347   -5.4042722e+29   2.274810e+32   5.404272e-01      5s
     692    3.3014617e+06   8.187070e+02   0.000000e+00     11s
    1048    3.3014620e+06   1.056178e+03   0.000000e+00     17s
    1283    3.3014620e+06   1.433137e+02   0.000000e+00     20s
    1635    3.3014621e+06   6.360258e+01   0.000000e+00     26s
    1986    3.3014621e+06   1.204920e+02   0.000000e+00     31s
    2333    3.3014621e+06   2.107701e+02   0.000000e+00     37s
    2564    3.3014621e+06   2.223949e+00   0.000000e+00     41s
    2884    3.3014621e+06   0.000000e+00   0.000000e+00     46s

Solved in 2884 iterations and 45.69 seconds (64.78 work units)
Optimal objective  3.301462129e+06
Set parameter TimeLimit to value 6812.86480797641
Set parameter Method to value 1
Gurobi Optimizer version 12.0.3 build v12.0.3rc0 (linux64 - "Ubuntu 24.04.4 LTS")

CPU model: Intel(R) Xeon(R) Gold 5218R CPU @ 2.10GHz, instruction set [SSE2|AVX|AVX2|AVX512]
Thread count: 40 physical cores, 40 logical processors, using up to 1 threads

Non-default parameters:
TimeLimit  6812.86480797641
Method  1
BarHomogeneous  1
Threads  1

Optimize a model with 804 rows, 254977 columns and 6766643 nonzeros
Coefficient statistics:
  Matrix range     [1e+00, 1e+00]
  Objective range  [1e+05, 5e+05]
  Bounds range     [0e+00, 0e+00]
  RHS range        [1e+00, 1e+00]
LP warm-start: use basis

Iteration    Objective       Primal Inf.    Dual Inf.      Time
       0   -2.1095526e+31   2.678506e+34   2.109553e+01      0s
     348   -1.5014899e+29   4.703559e+32   1.501490e-01      6s
     745    3.3014620e+06   8.625519e+02   0.000000e+00     11s
     982    3.3014621e+06   2.262013e+02   0.000000e+00     15s
    1333    3.3014621e+06   2.511291e+01   0.000000e+00     20s
    1682    3.3014621e+06   9.886410e+00   0.000000e+00     26s
    2035    3.3014621e+06   2.110787e+00   0.000000e+00     31s
    2223    3.3014621e+06   0.000000e+00   0.000000e+00     34s

Solved in 2223 iterations and 33.74 seconds (50.07 work units)
Optimal objective  3.301462107e+06
Set parameter TimeLimit to value 6.7564390545175411e+03
Set parameter Method to value 1
Gurobi Optimizer version 12.0.3 build v12.0.3rc0 (linux64 - "Ubuntu 24.04.4 LTS")

CPU model: Intel(R) Xeon(R) Gold 5218R CPU @ 2.10GHz, instruction set [SSE2|AVX|AVX2|AVX512]
Thread count: 40 physical cores, 40 logical processors, using up to 1 threads

Non-default parameters:
TimeLimit  6.7564390545175411e+03
Method  1
BarHomogeneous  1
Threads  1

Optimize a model with 804 rows, 255007 columns and 6767383 nonzeros
Coefficient statistics:
  Matrix range     [1e+00, 1e+00]
  Objective range  [1e+05, 5e+05]
  Bounds range     [0e+00, 0e+00]
  RHS range        [1e+00, 1e+00]
LP warm-start: use basis

Iteration    Objective       Primal Inf.    Dual Inf.      Time
       0   -2.1095217e+31   4.898557e+33   2.109522e+01      0s
     369   -1.5377236e+30   1.693023e+33   1.537724e+00      5s
     726   -4.1840131e+29   5.887785e+32   4.184014e-01     10s
    1039    3.3014544e+06   3.429218e+03   0.000000e+00     15s
    1393    3.3014618e+06   5.244082e+02   0.000000e+00     21s
    1747    3.3014619e+06   6.571727e+02   0.000000e+00     26s
    2088    3.3014620e+06   4.517295e+01   0.000000e+00     31s
    2436    3.3014620e+06   2.310758e+02   0.000000e+00     36s
    2784    3.3014620e+06   8.415639e+02   0.000000e+00     41s
    3130    3.3014621e+06   1.209025e+02   0.000000e+00     47s
    3366    3.3014621e+06   6.065907e+01   0.000000e+00     50s
    3715    3.3014621e+06   4.540273e+00   0.000000e+00     56s
    4032    3.3014621e+06   0.000000e+00   0.000000e+00     60s

Solved in 4032 iterations and 60.45 seconds (89.57 work units)
Optimal objective  3.301462069e+06
Set parameter TimeLimit to value 6.6719027622346766e+03
Set parameter Method to value 1
Gurobi Optimizer version 12.0.3 build v12.0.3rc0 (linux64 - "Ubuntu 24.04.4 LTS")

CPU model: Intel(R) Xeon(R) Gold 5218R CPU @ 2.10GHz, instruction set [SSE2|AVX|AVX2|AVX512]
Thread count: 40 physical cores, 40 logical processors, using up to 1 threads

Non-default parameters:
TimeLimit  6.6719027622346766e+03
Method  1
BarHomogeneous  1
Threads  1

Optimize a model with 804 rows, 255037 columns and 6768388 nonzeros
Coefficient statistics:
  Matrix range     [1e+00, 1e+00]
  Objective range  [1e+05, 5e+05]
  Bounds range     [0e+00, 0e+00]
  RHS range        [1e+00, 1e+00]
LP warm-start: use basis

Iteration    Objective       Primal Inf.    Dual Inf.      Time
       0   -2.4587912e+31   3.119464e+34   2.458791e+01      1s
     398    3.3014621e+06   8.867344e+00   0.000000e+00      6s
     655    3.3014621e+06   0.000000e+00   0.000000e+00     10s

Solved in 655 iterations and 10.08 seconds (14.59 work units)
Optimal objective  3.301462068e+06
Set parameter TimeLimit to value 6.6406370686865412e+03
Set parameter Method to value 1
Gurobi Optimizer version 12.0.3 build v12.0.3rc0 (linux64 - "Ubuntu 24.04.4 LTS")

CPU model: Intel(R) Xeon(R) Gold 5218R CPU @ 2.10GHz, instruction set [SSE2|AVX|AVX2|AVX512]
Thread count: 40 physical cores, 40 logical processors, using up to 1 threads

Non-default parameters:
TimeLimit  6.6406370686865412e+03
Method  1
BarHomogeneous  1
Threads  1

Optimize a model with 804 rows, 255067 columns and 6769160 nonzeros
Coefficient statistics:
  Matrix range     [1e+00, 1e+00]
  Objective range  [1e+05, 5e+05]
  Bounds range     [0e+00, 0e+00]
  RHS range        [1e+00, 1e+00]
LP warm-start: use basis

Iteration    Objective       Primal Inf.    Dual Inf.      Time
       0   -1.7881825e+31   6.658004e+33   1.788182e+01      1s
     349    3.3014619e+06   6.917575e+03   0.000000e+00      5s
     698    3.3014620e+06   1.240714e+02   0.000000e+00     11s
    1052    3.3014620e+06   7.124072e+01   0.000000e+00     16s
    1400    3.3014621e+06   2.544542e+01   0.000000e+00     21s
    1756    3.3014621e+06   5.834276e-02   0.000000e+00     27s
    1794    3.3014621e+06   0.000000e+00   0.000000e+00     27s

Solved in 1794 iterations and 27.44 seconds (40.30 work units)
Optimal objective  3.301462061e+06
Set parameter TimeLimit to value 6.5909675712781027e+03
Set parameter Method to value 1
Gurobi Optimizer version 12.0.3 build v12.0.3rc0 (linux64 - "Ubuntu 24.04.4 LTS")

CPU model: Intel(R) Xeon(R) Gold 5218R CPU @ 2.10GHz, instruction set [SSE2|AVX|AVX2|AVX512]
Thread count: 40 physical cores, 40 logical processors, using up to 1 threads

Non-default parameters:
TimeLimit  6.5909675712781027e+03
Method  1
BarHomogeneous  1
Threads  1

Optimize a model with 804 rows, 255097 columns and 6769931 nonzeros
Coefficient statistics:
  Matrix range     [1e+00, 1e+00]
  Objective range  [1e+05, 5e+05]
  Bounds range     [0e+00, 0e+00]
  RHS range        [1e+00, 1e+00]
LP warm-start: use basis

Iteration    Objective       Primal Inf.    Dual Inf.      Time
       0   -1.7787584e+31   5.864841e+33   1.778758e+01      0s
     351   -5.4870866e+28   9.455688e+32   5.487090e-02      5s
     746    3.3014619e+06   2.997811e+02   0.000000e+00     11s
    1096    3.3014620e+06   1.789000e+02   0.000000e+00     17s
    1325    3.3014620e+06   5.250829e+01   0.000000e+00     20s
    1674    3.3014620e+06   2.723920e+01   0.000000e+00     25s
    2024    3.3014621e+06   3.463962e+00   0.000000e+00     31s
    2230    3.3014621e+06   0.000000e+00   0.000000e+00     34s

Solved in 2230 iterations and 33.88 seconds (50.25 work units)
Optimal objective  3.301462053e+06
Set parameter TimeLimit to value 6.5331455962690525e+03
Set parameter Method to value 1
Gurobi Optimizer version 12.0.3 build v12.0.3rc0 (linux64 - "Ubuntu 24.04.4 LTS")

CPU model: Intel(R) Xeon(R) Gold 5218R CPU @ 2.10GHz, instruction set [SSE2|AVX|AVX2|AVX512]
Thread count: 40 physical cores, 40 logical processors, using up to 1 threads

Non-default parameters:
TimeLimit  6.5331455962690525e+03
Method  1
BarHomogeneous  1
Threads  1

Optimize a model with 804 rows, 255127 columns and 6770950 nonzeros
Coefficient statistics:
  Matrix range     [1e+00, 1e+00]
  Objective range  [1e+05, 5e+05]
  Bounds range     [0e+00, 0e+00]
  RHS range        [1e+00, 1e+00]
LP warm-start: use basis

Iteration    Objective       Primal Inf.    Dual Inf.      Time
       0   -1.8759259e+31   2.309219e+34   1.875926e+01      1s
     349   -1.5473905e+29   1.193064e+33   1.547391e-01      5s
     735    3.3014619e+06   4.430168e+02   0.000000e+00     11s
    1089    3.3014620e+06   5.955573e+01   0.000000e+00     17s
    1315    3.3014620e+06   7.455591e+00   0.000000e+00     20s
    1665    3.3014620e+06   8.409706e+00   0.000000e+00     26s
    2018    3.3014620e+06   7.478917e+00   0.000000e+00     31s
    2252    3.3014620e+06   0.000000e+00   0.000000e+00     35s

Solved in 2252 iterations and 34.58 seconds (50.80 work units)
Optimal objective  3.301462034e+06
Set parameter TimeLimit to value 6.4772637639152817e+03
Set parameter Method to value 1
Gurobi Optimizer version 12.0.3 build v12.0.3rc0 (linux64 - "Ubuntu 24.04.4 LTS")

CPU model: Intel(R) Xeon(R) Gold 5218R CPU @ 2.10GHz, instruction set [SSE2|AVX|AVX2|AVX512]
Thread count: 40 physical cores, 40 logical processors, using up to 1 threads

Non-default parameters:
TimeLimit  6.4772637639152817e+03
Method  1
BarHomogeneous  1
Threads  1

Optimize a model with 804 rows, 255157 columns and 6771774 nonzeros
Coefficient statistics:
  Matrix range     [1e+00, 1e+00]
  Objective range  [1e+05, 5e+05]
  Bounds range     [0e+00, 0e+00]
  RHS range        [1e+00, 1e+00]
LP warm-start: use basis

Iteration    Objective       Primal Inf.    Dual Inf.      Time
       0   -1.7799290e+31   9.510831e+33   1.779929e+01      1s
     415   -2.1344670e+30   2.500369e+33   2.134467e+00      5s
     733   -2.0201729e+29   2.318382e+33   2.020172e-01     10s
    1167    3.3014612e+06   2.574888e+03   0.000000e+00     17s
    1401    3.3014615e+06   7.841176e+02   0.000000e+00     20s
    1756    3.3014617e+06   1.160893e+03   0.000000e+00     26s
    2111    3.3014618e+06   6.111732e+02   0.000000e+00     31s
    2466    3.3014619e+06   1.207500e+03   0.000000e+00     36s
    2815    3.3014619e+06   8.252498e+01   0.000000e+00     41s
    3053    3.3014619e+06   6.113846e+01   0.000000e+00     45s
    3403    3.3014619e+06   5.245282e+01   0.000000e+00     50s
    3755    3.3014620e+06   1.462170e+01   0.000000e+00     56s
    4105    3.3014620e+06   1.046511e+01   0.000000e+00     61s
    4455    3.3014620e+06   2.108996e+00   0.000000e+00     66s
    4618    3.3014620e+06   0.000000e+00   0.000000e+00     69s

Solved in 4618 iterations and 68.81 seconds (102.06 work units)
Optimal objective  3.301461976e+06
Set parameter TimeLimit to value 6.3845761388698593e+03
Set parameter Method to value 1
Gurobi Optimizer version 12.0.3 build v12.0.3rc0 (linux64 - "Ubuntu 24.04.4 LTS")

CPU model: Intel(R) Xeon(R) Gold 5218R CPU @ 2.10GHz, instruction set [SSE2|AVX|AVX2|AVX512]
Thread count: 40 physical cores, 40 logical processors, using up to 1 threads

Non-default parameters:
TimeLimit  6.3845761388698593e+03
Method  1
BarHomogeneous  1
Threads  1

Optimize a model with 804 rows, 255187 columns and 6772435 nonzeros
Coefficient statistics:
  Matrix range     [1e+00, 1e+00]
  Objective range  [1e+05, 5e+05]
  Bounds range     [0e+00, 0e+00]
  RHS range        [1e+00, 1e+00]
LP warm-start: use basis

Iteration    Objective       Primal Inf.    Dual Inf.      Time
       0   -2.5295626e+31   1.790933e+34   2.529563e+01      1s
     249    3.3014620e+06   0.000000e+00   0.000000e+00      4s

Solved in 249 iterations and 4.31 seconds (6.00 work units)
Optimal objective  3.301461976e+06
Set parameter TimeLimit to value 6.3581068153120577e+03
Set parameter Method to value 1
Gurobi Optimizer version 12.0.3 build v12.0.3rc0 (linux64 - "Ubuntu 24.04.4 LTS")

CPU model: Intel(R) Xeon(R) Gold 5218R CPU @ 2.10GHz, instruction set [SSE2|AVX|AVX2|AVX512]
Thread count: 40 physical cores, 40 logical processors, using up to 1 threads

Non-default parameters:
TimeLimit  6.3581068153120577e+03
Method  1
BarHomogeneous  1
Threads  1

Optimize a model with 804 rows, 255217 columns and 6773280 nonzeros
Coefficient statistics:
  Matrix range     [1e+00, 1e+00]
  Objective range  [1e+05, 5e+05]
  Bounds range     [0e+00, 0e+00]
  RHS range        [1e+00, 1e+00]
LP warm-start: use basis

Iteration    Objective       Primal Inf.    Dual Inf.      Time
       0   -1.8919635e+31   1.524710e+34   1.891964e+01      0s
     356   -1.1917393e+30   3.238695e+33   1.191739e+00      5s
     713   -3.7785227e+29   9.265989e+32   3.778523e-01     10s
    1103    3.3014610e+06   1.887093e+03   0.000000e+00     16s
    1459    3.3014616e+06   1.056631e+03   0.000000e+00     21s
    1692    3.3014617e+06   2.474878e+02   0.000000e+00     25s
    2043    3.3014618e+06   3.337401e+02   0.000000e+00     30s
    2390    3.3014618e+06   1.357606e+02   0.000000e+00     36s
    2739    3.3014619e+06   3.791434e+01   0.000000e+00     41s
    3085    3.3014619e+06   1.010518e+01   0.000000e+00     46s
    3434    3.3014619e+06   1.318734e+01   0.000000e+00     51s
    3670    3.3014619e+06   4.629288e+00   0.000000e+00     55s
    3845    3.3014619e+06   0.000000e+00   0.000000e+00     58s

Solved in 3845 iterations and 57.76 seconds (85.73 work units)
Optimal objective  3.301461922e+06
Set parameter TimeLimit to value 6.2764470821437426e+03
Set parameter Method to value 1
Gurobi Optimizer version 12.0.3 build v12.0.3rc0 (linux64 - "Ubuntu 24.04.4 LTS")

CPU model: Intel(R) Xeon(R) Gold 5218R CPU @ 2.10GHz, instruction set [SSE2|AVX|AVX2|AVX512]
Thread count: 40 physical cores, 40 logical processors, using up to 1 threads

Non-default parameters:
TimeLimit  6.2764470821437426e+03
Method  1
BarHomogeneous  1
Threads  1

Optimize a model with 804 rows, 255247 columns and 6774192 nonzeros
Coefficient statistics:
  Matrix range     [1e+00, 1e+00]
  Objective range  [1e+05, 5e+05]
  Bounds range     [0e+00, 0e+00]
  RHS range        [1e+00, 1e+00]
LP warm-start: use basis

Iteration    Objective       Primal Inf.    Dual Inf.      Time
       0   -2.0118110e+31   1.841846e+34   2.011811e+01      1s
     345    3.3014619e+06   1.931995e+02   0.000000e+00      5s
     698    3.3014619e+06   1.049942e+01   0.000000e+00     11s
    1057    3.3014619e+06   7.021165e-01   0.000000e+00     16s
    1141    3.3014619e+06   0.000000e+00   0.000000e+00     18s

Solved in 1141 iterations and 17.71 seconds (25.80 work units)
Optimal objective  3.301461917e+06
Set parameter TimeLimit to value 6.2363852575072087e+03
Set parameter Method to value 1
Gurobi Optimizer version 12.0.3 build v12.0.3rc0 (linux64 - "Ubuntu 24.04.4 LTS")

CPU model: Intel(R) Xeon(R) Gold 5218R CPU @ 2.10GHz, instruction set [SSE2|AVX|AVX2|AVX512]
Thread count: 40 physical cores, 40 logical processors, using up to 1 threads

Non-default parameters:
TimeLimit  6.2363852575072087e+03
Method  1
BarHomogeneous  1
Threads  1

Optimize a model with 804 rows, 255277 columns and 6775109 nonzeros
Coefficient statistics:
  Matrix range     [1e+00, 1e+00]
  Objective range  [1e+05, 5e+05]
  Bounds range     [0e+00, 0e+00]
  RHS range        [1e+00, 1e+00]
LP warm-start: use basis

Iteration    Objective       Primal Inf.    Dual Inf.      Time
       0   -2.0268436e+31   6.551177e+33   2.026844e+01      0s
     396   -2.1568919e+30   1.402226e+33   2.156892e+00      6s
     715   -3.8921985e+29   6.425994e+32   3.892199e-01     10s
    1109    3.3014614e+06   1.345148e+04   0.000000e+00     16s
    1458    3.3014616e+06   8.074873e+02   0.000000e+00     21s
    1813    3.3014617e+06   3.503919e+02   0.000000e+00     27s
    2048    3.3014617e+06   1.484483e+02   0.000000e+00     30s
    2398    3.3014618e+06   3.391987e+02   0.000000e+00     36s
    2748    3.3014618e+06   3.164527e+02   0.000000e+00     41s
    3103    3.3014618e+06   4.459416e+01   0.000000e+00     46s
    3459    3.3014618e+06   1.979271e+01   0.000000e+00     52s
    3695    3.3014619e+06   5.463909e+00   0.000000e+00     55s
    4052    3.3014619e+06   4.772873e-01   0.000000e+00     61s
    4113    3.3014619e+06   0.000000e+00   0.000000e+00     62s

Solved in 4113 iterations and 61.64 seconds (91.40 work units)
Optimal objective  3.301461858e+06
Set parameter TimeLimit to value 6.1506146638547070e+03
Set parameter Method to value 1
Gurobi Optimizer version 12.0.3 build v12.0.3rc0 (linux64 - "Ubuntu 24.04.4 LTS")

CPU model: Intel(R) Xeon(R) Gold 5218R CPU @ 2.10GHz, instruction set [SSE2|AVX|AVX2|AVX512]
Thread count: 40 physical cores, 40 logical processors, using up to 1 threads

Non-default parameters:
TimeLimit  6.1506146638547070e+03
Method  1
BarHomogeneous  1
Threads  1

Optimize a model with 804 rows, 255307 columns and 6775819 nonzeros
Coefficient statistics:
  Matrix range     [1e+00, 1e+00]
  Objective range  [1e+05, 5e+05]
  Bounds range     [0e+00, 0e+00]
  RHS range        [1e+00, 1e+00]
LP warm-start: use basis

Iteration    Objective       Primal Inf.    Dual Inf.      Time
       0   -2.3680239e+31   1.328420e+34   2.368024e+01      1s
     349   -2.1239510e+29   3.614675e+33   2.123952e-01      5s
     746    3.3014617e+06   2.828300e+02   0.000000e+00     12s
     981    3.3014617e+06   2.032885e+02   0.000000e+00     15s
    1325    3.3014618e+06   3.536849e+02   0.000000e+00     20s
    1671    3.3014618e+06   7.477623e+01   0.000000e+00     26s
    2014    3.3014618e+06   9.553237e+01   0.000000e+00     31s
    2364    3.3014618e+06   1.795428e+00   0.000000e+00     36s
    2588    3.3014618e+06   0.000000e+00   0.000000e+00     40s

Solved in 2588 iterations and 39.85 seconds (58.47 work units)
Optimal objective  3.301461819e+06
Set parameter TimeLimit to value 6.0847154974974692e+03
Set parameter Method to value 1
Gurobi Optimizer version 12.0.3 build v12.0.3rc0 (linux64 - "Ubuntu 24.04.4 LTS")

CPU model: Intel(R) Xeon(R) Gold 5218R CPU @ 2.10GHz, instruction set [SSE2|AVX|AVX2|AVX512]
Thread count: 40 physical cores, 40 logical processors, using up to 1 threads

Non-default parameters:
TimeLimit  6.0847154974974692e+03
Method  1
BarHomogeneous  1
Threads  1

Optimize a model with 804 rows, 255337 columns and 6776508 nonzeros
Coefficient statistics:
  Matrix range     [1e+00, 1e+00]
  Objective range  [1e+05, 5e+05]
  Bounds range     [0e+00, 0e+00]
  RHS range        [1e+00, 1e+00]
LP warm-start: use basis

Iteration    Objective       Primal Inf.    Dual Inf.      Time
       0   -2.1039268e+31   5.931284e+33   2.103927e+01      0s
     361   -1.2907860e+30   8.203000e+32   1.290786e+00      5s
     677   -5.0687789e+29   6.270576e+32   5.068779e-01     10s
    1089    3.3014613e+06   2.609881e+02   0.000000e+00     16s
    1324    3.3014615e+06   2.366331e+03   0.000000e+00     20s
    1671    3.3014616e+06   2.773070e+02   0.000000e+00     25s
    2023    3.3014617e+06   6.239219e+01   0.000000e+00     31s
    2365    3.3014617e+06   1.576376e+02   0.000000e+00     36s
    2714    3.3014617e+06   8.948474e+01   0.000000e+00     41s
    3061    3.3014618e+06   5.107937e+01   0.000000e+00     47s
    3294    3.3014618e+06   9.518209e+00   0.000000e+00     50s
    3648    3.3014618e+06   4.245815e+00   0.000000e+00     56s
    3856    3.3014618e+06   0.000000e+00   0.000000e+00     59s

Solved in 3856 iterations and 58.82 seconds (86.84 work units)
Optimal objective  3.301461769e+06
Set parameter TimeLimit to value 6.0017765378011391e+03
Set parameter Method to value 1
Gurobi Optimizer version 12.0.3 build v12.0.3rc0 (linux64 - "Ubuntu 24.04.4 LTS")

CPU model: Intel(R) Xeon(R) Gold 5218R CPU @ 2.10GHz, instruction set [SSE2|AVX|AVX2|AVX512]
Thread count: 40 physical cores, 40 logical processors, using up to 1 threads

Non-default parameters:
TimeLimit  6.0017765378011391e+03
Method  1
BarHomogeneous  1
Threads  1

Optimize a model with 804 rows, 255367 columns and 6777200 nonzeros
Coefficient statistics:
  Matrix range     [1e+00, 1e+00]
  Objective range  [1e+05, 5e+05]
  Bounds range     [0e+00, 0e+00]
  RHS range        [1e+00, 1e+00]
LP warm-start: use basis

Iteration    Objective       Primal Inf.    Dual Inf.      Time
       0   -2.5977283e+31   1.933108e+34   2.597728e+01      0s
     164    3.3014618e+06   0.000000e+00   0.000000e+00      3s

Solved in 164 iterations and 2.99 seconds (4.14 work units)
Optimal objective  3.301461769e+06
Set parameter TimeLimit to value 5.9776728798621334e+03
Set parameter Method to value 1
Gurobi Optimizer version 12.0.3 build v12.0.3rc0 (linux64 - "Ubuntu 24.04.4 LTS")

CPU model: Intel(R) Xeon(R) Gold 5218R CPU @ 2.10GHz, instruction set [SSE2|AVX|AVX2|AVX512]
Thread count: 40 physical cores, 40 logical processors, using up to 1 threads

Non-default parameters:
TimeLimit  5.9776728798621334e+03
Method  1
BarHomogeneous  1
Threads  1

Optimize a model with 804 rows, 255397 columns and 6777907 nonzeros
Coefficient statistics:
  Matrix range     [1e+00, 1e+00]
  Objective range  [1e+05, 5e+05]
  Bounds range     [0e+00, 0e+00]
  RHS range        [1e+00, 1e+00]
LP warm-start: use basis

Iteration    Objective       Primal Inf.    Dual Inf.      Time
       0   -2.0821924e+31   1.781016e+34   2.082192e+01      1s
     205    3.3014618e+06   0.000000e+00   0.000000e+00      4s

Solved in 205 iterations and 3.63 seconds (4.87 work units)
Optimal objective  3.301461769e+06
Set parameter TimeLimit to value 5.9518336411211640e+03
Set parameter Method to value 1
Gurobi Optimizer version 12.0.3 build v12.0.3rc0 (linux64 - "Ubuntu 24.04.4 LTS")

CPU model: Intel(R) Xeon(R) Gold 5218R CPU @ 2.10GHz, instruction set [SSE2|AVX|AVX2|AVX512]
Thread count: 40 physical cores, 40 logical processors, using up to 1 threads

Non-default parameters:
TimeLimit  5.9518336411211640e+03
Method  1
BarHomogeneous  1
Threads  1

Optimize a model with 804 rows, 255427 columns and 6778732 nonzeros
Coefficient statistics:
  Matrix range     [1e+00, 1e+00]
  Objective range  [1e+05, 5e+05]
  Bounds range     [0e+00, 0e+00]
  RHS range        [1e+00, 1e+00]
LP warm-start: use basis

Iteration    Objective       Primal Inf.    Dual Inf.      Time
       0   -1.9190492e+31   6.999873e+33   1.919049e+01      0s
     359   -3.4724199e+29   3.698788e+32   3.472422e-01      5s
     788    3.3014616e+06   8.808426e+02   0.000000e+00     12s
    1022    3.3014617e+06   1.214667e+02   0.000000e+00     15s
    1372    3.3014617e+06   2.896909e+02   0.000000e+00     20s
    1727    3.3014617e+06   1.310924e+02   0.000000e+00     26s
    2073    3.3014618e+06   3.095798e+01   0.000000e+00     31s
    2430    3.3014618e+06   7.771049e-02   0.000000e+00     36s
    2482    3.3014618e+06   0.000000e+00   0.000000e+00     37s

Solved in 2482 iterations and 37.33 seconds (55.31 work units)
Optimal objective  3.301461755e+06
Set parameter TimeLimit to value 5.8917988356691785e+03
Set parameter Method to value 1
Gurobi Optimizer version 12.0.3 build v12.0.3rc0 (linux64 - "Ubuntu 24.04.4 LTS")

CPU model: Intel(R) Xeon(R) Gold 5218R CPU @ 2.10GHz, instruction set [SSE2|AVX|AVX2|AVX512]
Thread count: 40 physical cores, 40 logical processors, using up to 1 threads

Non-default parameters:
TimeLimit  5.8917988356691785e+03
Method  1
BarHomogeneous  1
Threads  1

Optimize a model with 804 rows, 255457 columns and 6779394 nonzeros
Coefficient statistics:
  Matrix range     [1e+00, 1e+00]
  Objective range  [1e+05, 5e+05]
  Bounds range     [0e+00, 0e+00]
  RHS range        [1e+00, 1e+00]
LP warm-start: use basis

Iteration    Objective       Primal Inf.    Dual Inf.      Time
       0   -2.3045800e+31   9.308715e+33   2.304580e+01      0s
       1    3.3014618e+06   0.000000e+00   0.000000e+00      1s

Solved in 1 iterations and 0.53 seconds (0.46 work units)
Optimal objective  3.301461755e+06
Set parameter TimeLimit to value 5.8706103053041734e+03
Set parameter Method to value 1
Gurobi Optimizer version 12.0.3 build v12.0.3rc0 (linux64 - "Ubuntu 24.04.4 LTS")

CPU model: Intel(R) Xeon(R) Gold 5218R CPU @ 2.10GHz, instruction set [SSE2|AVX|AVX2|AVX512]
Thread count: 40 physical cores, 40 logical processors, using up to 1 threads

Non-default parameters:
TimeLimit  5.8706103053041734e+03
Method  1
BarHomogeneous  1
Threads  1

Optimize a model with 804 rows, 255487 columns and 6780343 nonzeros
Coefficient statistics:
  Matrix range     [1e+00, 1e+00]
  Objective range  [1e+05, 5e+05]
  Bounds range     [0e+00, 0e+00]
  RHS range        [1e+00, 1e+00]
LP warm-start: use basis

Iteration    Objective       Primal Inf.    Dual Inf.      Time
       0   -1.8719728e+31   1.089542e+34   1.871973e+01      0s
     409    3.3014618e+06   2.250360e-01   0.000000e+00      7s
     444    3.3014618e+06   0.000000e+00   0.000000e+00      7s

Solved in 444 iterations and 7.29 seconds (10.36 work units)
Optimal objective  3.301461754e+06
Set parameter TimeLimit to value 5.8422811225000769e+03
Set parameter Method to value 1
Gurobi Optimizer version 12.0.3 build v12.0.3rc0 (linux64 - "Ubuntu 24.04.4 LTS")

CPU model: Intel(R) Xeon(R) Gold 5218R CPU @ 2.10GHz, instruction set [SSE2|AVX|AVX2|AVX512]
Thread count: 40 physical cores, 40 logical processors, using up to 1 threads

Non-default parameters:
TimeLimit  5.8422811225000769e+03
Method  1
BarHomogeneous  1
Threads  1

Optimize a model with 804 rows, 255517 columns and 6781156 nonzeros
Coefficient statistics:
  Matrix range     [1e+00, 1e+00]
  Objective range  [1e+05, 5e+05]
  Bounds range     [0e+00, 0e+00]
  RHS range        [1e+00, 1e+00]
LP warm-start: use basis

Iteration    Objective       Primal Inf.    Dual Inf.      Time
       0   -1.6110288e+31   1.411008e+34   1.611029e+01      1s
     364   -5.3244634e+29   3.104873e+33   5.324464e-01      5s
     800    3.3014615e+06   4.700573e+02   0.000000e+00     11s
    1035    3.3014616e+06   3.850659e+02   0.000000e+00     15s
    1380    3.3014617e+06   6.678235e+01   0.000000e+00     20s
    1729    3.3014617e+06   1.557879e+02   0.000000e+00     26s
    2080    3.3014617e+06   1.280499e+02   0.000000e+00     31s
    2431    3.3014617e+06   1.123288e+01   0.000000e+00     36s
    2713    3.3014617e+06   0.000000e+00   0.000000e+00     41s

Solved in 2713 iterations and 40.61 seconds (60.08 work units)
Optimal objective  3.301461719e+06
Set parameter TimeLimit to value 5.7776467808787711e+03
Set parameter Method to value 1
Gurobi Optimizer version 12.0.3 build v12.0.3rc0 (linux64 - "Ubuntu 24.04.4 LTS")

CPU model: Intel(R) Xeon(R) Gold 5218R CPU @ 2.10GHz, instruction set [SSE2|AVX|AVX2|AVX512]
Thread count: 40 physical cores, 40 logical processors, using up to 1 threads

Non-default parameters:
TimeLimit  5.7776467808787711e+03
Method  1
BarHomogeneous  1
Threads  1

Optimize a model with 804 rows, 255547 columns and 6781967 nonzeros
Coefficient statistics:
  Matrix range     [1e+00, 1e+00]
  Objective range  [1e+05, 5e+05]
  Bounds range     [0e+00, 0e+00]
  RHS range        [1e+00, 1e+00]
LP warm-start: use basis

Iteration    Objective       Primal Inf.    Dual Inf.      Time
       0   -2.4198594e+31   1.147764e+34   2.419859e+01      1s
     129    3.3014617e+06   0.000000e+00   0.000000e+00      3s

Solved in 129 iterations and 2.62 seconds (3.37 work units)
Optimal objective  3.301461719e+06
Set parameter TimeLimit to value 5.7533634998779744e+03
Set parameter Method to value 1
Gurobi Optimizer version 12.0.3 build v12.0.3rc0 (linux64 - "Ubuntu 24.04.4 LTS")

CPU model: Intel(R) Xeon(R) Gold 5218R CPU @ 2.10GHz, instruction set [SSE2|AVX|AVX2|AVX512]
Thread count: 40 physical cores, 40 logical processors, using up to 1 threads

Non-default parameters:
TimeLimit  5.7533634998779744e+03
Method  1
BarHomogeneous  1
Threads  1

Optimize a model with 804 rows, 255577 columns and 6782779 nonzeros
Coefficient statistics:
  Matrix range     [1e+00, 1e+00]
  Objective range  [1e+05, 5e+05]
  Bounds range     [0e+00, 0e+00]
  RHS range        [1e+00, 1e+00]
LP warm-start: use basis

Iteration    Objective       Primal Inf.    Dual Inf.      Time
       0   -1.9197817e+31   4.964845e+33   1.919782e+01      0s
     422    3.3014617e+06   9.988452e+01   0.000000e+00      7s
     651    3.3014617e+06   1.308099e+02   0.000000e+00     10s
     998    3.3014617e+06   9.360421e+00   0.000000e+00     16s
    1348    3.3014617e+06   0.000000e+00   0.000000e+00     21s

Solved in 1348 iterations and 21.28 seconds (30.12 work units)
Optimal objective  3.301461708e+06
Set parameter TimeLimit to value 5.7097999909208156e+03
Set parameter Method to value 1
Gurobi Optimizer version 12.0.3 build v12.0.3rc0 (linux64 - "Ubuntu 24.04.4 LTS")

CPU model: Intel(R) Xeon(R) Gold 5218R CPU @ 2.10GHz, instruction set [SSE2|AVX|AVX2|AVX512]
Thread count: 40 physical cores, 40 logical processors, using up to 1 threads

Non-default parameters:
TimeLimit  5.7097999909208156e+03
Method  1
BarHomogeneous  1
Threads  1

Optimize a model with 804 rows, 255607 columns and 6783480 nonzeros
Coefficient statistics:
  Matrix range     [1e+00, 1e+00]
  Objective range  [1e+05, 5e+05]
  Bounds range     [0e+00, 0e+00]
  RHS range        [1e+00, 1e+00]
LP warm-start: use basis

Iteration    Objective       Primal Inf.    Dual Inf.      Time
       0   -1.9994332e+31   1.092627e+34   1.999433e+01      0s
     421    3.3014617e+06   2.407438e+02   0.000000e+00      7s
     653    3.3014617e+06   3.602716e+01   0.000000e+00     10s
    1005    3.3014617e+06   4.688989e+01   0.000000e+00     16s
    1354    3.3014617e+06   8.214526e-01   0.000000e+00     21s
    1441    3.3014617e+06   0.000000e+00   0.000000e+00     22s

Solved in 1441 iterations and 22.40 seconds (32.77 work units)
Optimal objective  3.301461702e+06
Set parameter TimeLimit to value 5665.08085552277
Set parameter Method to value 1
Gurobi Optimizer version 12.0.3 build v12.0.3rc0 (linux64 - "Ubuntu 24.04.4 LTS")

CPU model: Intel(R) Xeon(R) Gold 5218R CPU @ 2.10GHz, instruction set [SSE2|AVX|AVX2|AVX512]
Thread count: 40 physical cores, 40 logical processors, using up to 1 threads

Non-default parameters:
TimeLimit  5665.08085552277
Method  1
BarHomogeneous  1
Threads  1

Optimize a model with 804 rows, 255637 columns and 6784486 nonzeros
Coefficient statistics:
  Matrix range     [1e+00, 1e+00]
  Objective range  [1e+05, 5e+05]
  Bounds range     [0e+00, 0e+00]
  RHS range        [1e+00, 1e+00]
LP warm-start: use basis

Iteration    Objective       Primal Inf.    Dual Inf.      Time
       0   -1.8081189e+31   1.242493e+34   1.808119e+01      0s
     349   -4.9966430e+28   1.677005e+33   4.996648e-02      5s
     750    3.3014617e+06   4.841920e+01   0.000000e+00     11s
     986    3.3014617e+06   1.360987e+01   0.000000e+00     15s
    1332    3.3014617e+06   1.815915e+02   0.000000e+00     20s
    1682    3.3014617e+06   2.782532e+00   0.000000e+00     26s
    1890    3.3014617e+06   0.000000e+00   0.000000e+00     29s

Solved in 1890 iterations and 28.90 seconds (42.52 work units)
Optimal objective  3.301461691e+06
Set parameter TimeLimit to value 5.6136394492294639e+03
Set parameter Method to value 1
Gurobi Optimizer version 12.0.3 build v12.0.3rc0 (linux64 - "Ubuntu 24.04.4 LTS")

CPU model: Intel(R) Xeon(R) Gold 5218R CPU @ 2.10GHz, instruction set [SSE2|AVX|AVX2|AVX512]
Thread count: 40 physical cores, 40 logical processors, using up to 1 threads

Non-default parameters:
TimeLimit  5.6136394492294639e+03
Method  1
BarHomogeneous  1
Threads  1

Optimize a model with 804 rows, 255667 columns and 6785322 nonzeros
Coefficient statistics:
  Matrix range     [1e+00, 1e+00]
  Objective range  [1e+05, 5e+05]
  Bounds range     [0e+00, 0e+00]
  RHS range        [1e+00, 1e+00]
LP warm-start: use basis

Iteration    Objective       Primal Inf.    Dual Inf.      Time
       0   -1.7711256e+31   1.033324e+34   1.771126e+01      1s
     347   -7.1127163e+29   8.022417e+32   7.112717e-01      5s
     661   -2.2346112e+28   2.011920e+32   2.234611e-02     10s
     983    3.3014615e+06   1.391545e+03   0.000000e+00     15s
    1327    3.3014616e+06   2.323893e+03   0.000000e+00     21s
    1676    3.3014616e+06   4.724292e+01   0.000000e+00     26s
    2028    3.3014617e+06   8.348557e+00   0.000000e+00     31s
    2374    3.3014617e+06   4.953417e+01   0.000000e+00     36s
    2610    3.3014617e+06   1.192467e+01   0.000000e+00     40s
    2957    3.3014617e+06   9.513269e-01   0.000000e+00     45s
    3087    3.3014617e+06   0.000000e+00   0.000000e+00     47s

Solved in 3087 iterations and 47.43 seconds (69.97 work units)
Optimal objective  3.301461668e+06
Set parameter TimeLimit to value 5.5434232493974268e+03
Set parameter Method to value 1
Gurobi Optimizer version 12.0.3 build v12.0.3rc0 (linux64 - "Ubuntu 24.04.4 LTS")

CPU model: Intel(R) Xeon(R) Gold 5218R CPU @ 2.10GHz, instruction set [SSE2|AVX|AVX2|AVX512]
Thread count: 40 physical cores, 40 logical processors, using up to 1 threads

Non-default parameters:
TimeLimit  5.5434232493974268e+03
Method  1
BarHomogeneous  1
Threads  1

Optimize a model with 804 rows, 255697 columns and 6786151 nonzeros
Coefficient statistics:
  Matrix range     [1e+00, 1e+00]
  Objective range  [1e+05, 5e+05]
  Bounds range     [0e+00, 0e+00]
  RHS range        [1e+00, 1e+00]
LP warm-start: use basis

Iteration    Objective       Primal Inf.    Dual Inf.      Time
       0   -1.4902573e+31   1.372846e+34   1.490257e+01      1s
     320    3.3014616e+06   1.909612e+03   0.000000e+00      5s
     670    3.3014616e+06   7.754175e+01   0.000000e+00     10s
    1022    3.3014616e+06   1.140393e+01   0.000000e+00     16s
    1371    3.3014616e+06   4.309976e+00   0.000000e+00     21s
    1693    3.3014616e+06   0.000000e+00   0.000000e+00     26s

Solved in 1693 iterations and 26.11 seconds (38.22 work units)
Optimal objective  3.301461644e+06
Set parameter TimeLimit to value 5.4933525403589010e+03
Set parameter Method to value 1
Gurobi Optimizer version 12.0.3 build v12.0.3rc0 (linux64 - "Ubuntu 24.04.4 LTS")

CPU model: Intel(R) Xeon(R) Gold 5218R CPU @ 2.10GHz, instruction set [SSE2|AVX|AVX2|AVX512]
Thread count: 40 physical cores, 40 logical processors, using up to 1 threads

Non-default parameters:
TimeLimit  5.4933525403589010e+03
Method  1
BarHomogeneous  1
Threads  1

Optimize a model with 804 rows, 255727 columns and 6787158 nonzeros
Coefficient statistics:
  Matrix range     [1e+00, 1e+00]
  Objective range  [1e+05, 5e+05]
  Bounds range     [0e+00, 0e+00]
  RHS range        [1e+00, 1e+00]
LP warm-start: use basis

Iteration    Objective       Primal Inf.    Dual Inf.      Time
       0   -1.6517496e+31   1.869461e+34   1.651749e+01      0s
     104    3.3014616e+06   0.000000e+00   0.000000e+00      2s

Solved in 104 iterations and 2.08 seconds (2.70 work units)
Optimal objective  3.301461644e+06
Set parameter TimeLimit to value 5.4717117680283263e+03
Set parameter Method to value 1
Gurobi Optimizer version 12.0.3 build v12.0.3rc0 (linux64 - "Ubuntu 24.04.4 LTS")

CPU model: Intel(R) Xeon(R) Gold 5218R CPU @ 2.10GHz, instruction set [SSE2|AVX|AVX2|AVX512]
Thread count: 40 physical cores, 40 logical processors, using up to 1 threads

Non-default parameters:
TimeLimit  5.4717117680283263e+03
Method  1
BarHomogeneous  1
Threads  1

Optimize a model with 804 rows, 255757 columns and 6788061 nonzeros
Coefficient statistics:
  Matrix range     [1e+00, 1e+00]
  Objective range  [1e+05, 5e+05]
  Bounds range     [0e+00, 0e+00]
  RHS range        [1e+00, 1e+00]
LP warm-start: use basis

Iteration    Objective       Primal Inf.    Dual Inf.      Time
       0   -1.6410231e+31   8.687805e+33   1.641023e+01      0s
     346   -3.1206765e+28   6.886974e+32   3.120679e-02      6s
     696    3.3014616e+06   9.056846e+01   0.000000e+00     11s
    1052    3.3014616e+06   4.167410e+02   0.000000e+00     16s
    1406    3.3014616e+06   7.007086e+01   0.000000e+00     22s
    1642    3.3014616e+06   1.793262e+01   0.000000e+00     25s
    1997    3.3014616e+06   1.248220e+01   0.000000e+00     31s
    2087    3.3014616e+06   0.000000e+00   0.000000e+00     32s

Solved in 2087 iterations and 32.06 seconds (47.28 work units)
Optimal objective  3.301461628e+06
Set parameter TimeLimit to value 5.4160758921694942e+03
Set parameter Method to value 1
Gurobi Optimizer version 12.0.3 build v12.0.3rc0 (linux64 - "Ubuntu 24.04.4 LTS")

CPU model: Intel(R) Xeon(R) Gold 5218R CPU @ 2.10GHz, instruction set [SSE2|AVX|AVX2|AVX512]
Thread count: 40 physical cores, 40 logical processors, using up to 1 threads

Non-default parameters:
TimeLimit  5.4160758921694942e+03
Method  1
BarHomogeneous  1
Threads  1

Optimize a model with 804 rows, 255787 columns and 6788804 nonzeros
Coefficient statistics:
  Matrix range     [1e+00, 1e+00]
  Objective range  [1e+05, 5e+05]
  Bounds range     [0e+00, 0e+00]
  RHS range        [1e+00, 1e+00]
LP warm-start: use basis

Iteration    Objective       Primal Inf.    Dual Inf.      Time
       0   -1.5855919e+31   6.154879e+34   1.585592e+01      0s
      30    3.3014616e+06   0.000000e+00   0.000000e+00      1s

Solved in 30 iterations and 0.86 seconds (0.95 work units)
Optimal objective  3.301461628e+06
Set parameter TimeLimit to value 5393.98299286142
Set parameter Method to value 1
Gurobi Optimizer version 12.0.3 build v12.0.3rc0 (linux64 - "Ubuntu 24.04.4 LTS")

CPU model: Intel(R) Xeon(R) Gold 5218R CPU @ 2.10GHz, instruction set [SSE2|AVX|AVX2|AVX512]
Thread count: 40 physical cores, 40 logical processors, using up to 1 threads

Non-default parameters:
TimeLimit  5393.98299286142
Method  1
BarHomogeneous  1
Threads  1

Optimize a model with 804 rows, 255817 columns and 6789515 nonzeros
Coefficient statistics:
  Matrix range     [1e+00, 1e+00]
  Objective range  [1e+05, 5e+05]
  Bounds range     [0e+00, 0e+00]
  RHS range        [1e+00, 1e+00]
LP warm-start: use basis

Iteration    Objective       Primal Inf.    Dual Inf.      Time
       0   -1.4356835e+31   3.602273e+34   1.435684e+01      0s
     366   -1.0488668e+30   1.476922e+33   1.048867e+00      5s
     720   -1.0547908e+29   2.880891e+32   1.054792e-01     10s
    1112    3.3014614e+06   7.613268e+02   0.000000e+00     16s
    1458    3.3014615e+06   4.616582e+02   0.000000e+00     22s
    1687    3.3014615e+06   5.431136e+01   0.000000e+00     25s
    2033    3.3014616e+06   1.858164e+02   0.000000e+00     30s
    2383    3.3014616e+06   2.676739e+01   0.000000e+00     36s
    2731    3.3014616e+06   2.331095e+01   0.000000e+00     41s
    3087    3.3014616e+06   6.983242e+00   0.000000e+00     46s
    3271    3.3014616e+06   0.000000e+00   0.000000e+00     49s

Solved in 3271 iterations and 49.16 seconds (72.93 work units)
Optimal objective  3.301461602e+06
Set parameter TimeLimit to value 5.3224325572862290e+03
Set parameter Method to value 1
Gurobi Optimizer version 12.0.3 build v12.0.3rc0 (linux64 - "Ubuntu 24.04.4 LTS")

CPU model: Intel(R) Xeon(R) Gold 5218R CPU @ 2.10GHz, instruction set [SSE2|AVX|AVX2|AVX512]
Thread count: 40 physical cores, 40 logical processors, using up to 1 threads

Non-default parameters:
TimeLimit  5.3224325572862290e+03
Method  1
BarHomogeneous  1
Threads  1

Optimize a model with 804 rows, 255847 columns and 6790249 nonzeros
Coefficient statistics:
  Matrix range     [1e+00, 1e+00]
  Objective range  [1e+05, 5e+05]
  Bounds range     [0e+00, 0e+00]
  RHS range        [1e+00, 1e+00]
LP warm-start: use basis

Iteration    Objective       Primal Inf.    Dual Inf.      Time
       0   -2.4862288e+31   2.516190e+34   2.486229e+01      0s
     194    3.3014616e+06   0.000000e+00   0.000000e+00      3s

Solved in 194 iterations and 3.49 seconds (4.81 work units)
Optimal objective  3.301461602e+06
Set parameter TimeLimit to value 5.2965943923317827e+03
Set parameter Method to value 1
Gurobi Optimizer version 12.0.3 build v12.0.3rc0 (linux64 - "Ubuntu 24.04.4 LTS")

CPU model: Intel(R) Xeon(R) Gold 5218R CPU @ 2.10GHz, instruction set [SSE2|AVX|AVX2|AVX512]
Thread count: 40 physical cores, 40 logical processors, using up to 1 threads

Non-default parameters:
TimeLimit  5.2965943923317827e+03
Method  1
BarHomogeneous  1
Threads  1

Optimize a model with 804 rows, 255877 columns and 6790958 nonzeros
Coefficient statistics:
  Matrix range     [1e+00, 1e+00]
  Objective range  [1e+05, 5e+05]
  Bounds range     [0e+00, 0e+00]
  RHS range        [1e+00, 1e+00]
LP warm-start: use basis

Iteration    Objective       Primal Inf.    Dual Inf.      Time
       0   -1.9364451e+31   8.776074e+33   1.936445e+01      0s
     118    3.3014616e+06   0.000000e+00   0.000000e+00      2s

Solved in 118 iterations and 2.28 seconds (3.02 work units)
Optimal objective  3.301461602e+06
Set parameter TimeLimit to value 5.2731854461631738e+03
Set parameter Method to value 1
Gurobi Optimizer version 12.0.3 build v12.0.3rc0 (linux64 - "Ubuntu 24.04.4 LTS")

CPU model: Intel(R) Xeon(R) Gold 5218R CPU @ 2.10GHz, instruction set [SSE2|AVX|AVX2|AVX512]
Thread count: 40 physical cores, 40 logical processors, using up to 1 threads

Non-default parameters:
TimeLimit  5.2731854461631738e+03
Method  1
BarHomogeneous  1
Threads  1

Optimize a model with 804 rows, 255907 columns and 6791692 nonzeros
Coefficient statistics:
  Matrix range     [1e+00, 1e+00]
  Objective range  [1e+05, 5e+05]
  Bounds range     [0e+00, 0e+00]
  RHS range        [1e+00, 1e+00]
LP warm-start: use basis

Iteration    Objective       Primal Inf.    Dual Inf.      Time
       0   -1.9861973e+31   1.114769e+34   1.986197e+01      0s
     159    3.3014616e+06   0.000000e+00   0.000000e+00      3s

Solved in 159 iterations and 2.95 seconds (3.98 work units)
Optimal objective  3.301461602e+06
Set parameter TimeLimit to value 5.2491522936793044e+03
Set parameter Method to value 1
Gurobi Optimizer version 12.0.3 build v12.0.3rc0 (linux64 - "Ubuntu 24.04.4 LTS")

CPU model: Intel(R) Xeon(R) Gold 5218R CPU @ 2.10GHz, instruction set [SSE2|AVX|AVX2|AVX512]
Thread count: 40 physical cores, 40 logical processors, using up to 1 threads

Non-default parameters:
TimeLimit  5.2491522936793044e+03
Method  1
BarHomogeneous  1
Threads  1

Optimize a model with 804 rows, 255937 columns and 6792684 nonzeros
Coefficient statistics:
  Matrix range     [1e+00, 1e+00]
  Objective range  [1e+05, 5e+05]
  Bounds range     [0e+00, 0e+00]
  RHS range        [1e+00, 1e+00]
LP warm-start: use basis

Iteration    Objective       Primal Inf.    Dual Inf.      Time
       0   -1.4617482e+31   2.883122e+34   1.461748e+01      0s
     100    3.3014616e+06   0.000000e+00   0.000000e+00      2s

Solved in 100 iterations and 1.90 seconds (2.48 work units)
Optimal objective  3.301461602e+06
Set parameter TimeLimit to value 5.2265017297873273e+03
Set parameter Method to value 1
Gurobi Optimizer version 12.0.3 build v12.0.3rc0 (linux64 - "Ubuntu 24.04.4 LTS")

CPU model: Intel(R) Xeon(R) Gold 5218R CPU @ 2.10GHz, instruction set [SSE2|AVX|AVX2|AVX512]
Thread count: 40 physical cores, 40 logical processors, using up to 1 threads

Non-default parameters:
TimeLimit  5.2265017297873273e+03
Method  1
BarHomogeneous  1
Threads  1

Optimize a model with 804 rows, 255967 columns and 6793671 nonzeros
Coefficient statistics:
  Matrix range     [1e+00, 1e+00]
  Objective range  [1e+05, 5e+05]
  Bounds range     [0e+00, 0e+00]
  RHS range        [1e+00, 1e+00]
LP warm-start: use basis

Iteration    Objective       Primal Inf.    Dual Inf.      Time
       0   -1.8228818e+31   5.222385e+34   1.822882e+01      0s
       1    3.3014616e+06   0.000000e+00   0.000000e+00      1s

Solved in 1 iterations and 0.55 seconds (0.46 work units)
Optimal objective  3.301461602e+06
Set parameter TimeLimit to value 5.2049833684796467e+03
Set parameter Method to value 1
Gurobi Optimizer version 12.0.3 build v12.0.3rc0 (linux64 - "Ubuntu 24.04.4 LTS")

CPU model: Intel(R) Xeon(R) Gold 5218R CPU @ 2.10GHz, instruction set [SSE2|AVX|AVX2|AVX512]
Thread count: 40 physical cores, 40 logical processors, using up to 1 threads

Non-default parameters:
TimeLimit  5.2049833684796467e+03
Method  1
BarHomogeneous  1
Threads  1

Optimize a model with 804 rows, 255997 columns and 6794568 nonzeros
Coefficient statistics:
  Matrix range     [1e+00, 1e+00]
  Objective range  [1e+05, 5e+05]
  Bounds range     [0e+00, 0e+00]
  RHS range        [1e+00, 1e+00]
LP warm-start: use basis

Iteration    Objective       Primal Inf.    Dual Inf.      Time
       0   -1.3170336e+31   2.710048e+34   1.317034e+01      0s
     359   -7.9754148e+29   1.134835e+33   7.975415e-01      5s
     713   -5.1554153e+28   2.438794e+33   5.155418e-02     11s
    1027    3.3014615e+06   1.489876e+03   0.000000e+00     15s
    1379    3.3014615e+06   9.380827e+02   0.000000e+00     21s
    1733    3.3014616e+06   8.963194e+01   0.000000e+00     26s
    2088    3.3014616e+06   1.729033e+01   0.000000e+00     31s
    2320    3.3014616e+06   3.183993e+02   0.000000e+00     35s
    2674    3.3014616e+06   9.486785e-01   0.000000e+00     40s
    2930    3.3014616e+06   0.000000e+00   0.000000e+00     44s

Solved in 2930 iterations and 44.35 seconds (65.46 work units)
Optimal objective  3.301461578e+06
Set parameter TimeLimit to value 5.1367976350574754e+03
Set parameter Method to value 1
Gurobi Optimizer version 12.0.3 build v12.0.3rc0 (linux64 - "Ubuntu 24.04.4 LTS")

CPU model: Intel(R) Xeon(R) Gold 5218R CPU @ 2.10GHz, instruction set [SSE2|AVX|AVX2|AVX512]
Thread count: 40 physical cores, 40 logical processors, using up to 1 threads

Non-default parameters:
TimeLimit  5.1367976350574754e+03
Method  1
BarHomogeneous  1
Threads  1

Optimize a model with 804 rows, 256027 columns and 6795387 nonzeros
Coefficient statistics:
  Matrix range     [1e+00, 1e+00]
  Objective range  [1e+05, 5e+05]
  Bounds range     [0e+00, 0e+00]
  RHS range        [1e+00, 1e+00]
LP warm-start: use basis

Iteration    Objective       Primal Inf.    Dual Inf.      Time
       0   -1.8316752e+31   3.888481e+34   1.831675e+01      1s
     363    3.3014616e+06   7.923333e+01   0.000000e+00      6s
     714    3.3014616e+06   6.694472e-01   0.000000e+00     11s
     830    3.3014616e+06   0.000000e+00   0.000000e+00     13s

Solved in 830 iterations and 13.16 seconds (19.04 work units)
Optimal objective  3.301461578e+06
Set parameter TimeLimit to value 5.1013076614923775e+03
Set parameter Method to value 1
Gurobi Optimizer version 12.0.3 build v12.0.3rc0 (linux64 - "Ubuntu 24.04.4 LTS")

CPU model: Intel(R) Xeon(R) Gold 5218R CPU @ 2.10GHz, instruction set [SSE2|AVX|AVX2|AVX512]
Thread count: 40 physical cores, 40 logical processors, using up to 1 threads

Non-default parameters:
TimeLimit  5.1013076614923775e+03
Method  1
BarHomogeneous  1
Threads  1

Optimize a model with 804 rows, 256057 columns and 6796114 nonzeros
Coefficient statistics:
  Matrix range     [1e+00, 1e+00]
  Objective range  [1e+05, 5e+05]
  Bounds range     [0e+00, 0e+00]
  RHS range        [1e+00, 1e+00]
LP warm-start: use basis

Iteration    Objective       Primal Inf.    Dual Inf.      Time
       0   -1.3954459e+31   4.128431e+33   1.395446e+01      0s
     358   -5.9976861e+29   5.340081e+32   5.997686e-01      5s
     744    3.3014611e+06   1.533432e+03   0.000000e+00     11s
    1099    3.3014614e+06   1.760843e+02   0.000000e+00     16s
    1334    3.3014614e+06   8.499802e+02   0.000000e+00     20s
    1680    3.3014615e+06   1.856671e+02   0.000000e+00     25s
    2025    3.3014615e+06   1.221861e+02   0.000000e+00     31s
    2378    3.3014615e+06   1.466252e+01   0.000000e+00     36s
    2726    3.3014615e+06   8.282328e+01   0.000000e+00     41s
    2958    3.3014615e+06   3.625231e+01   0.000000e+00     45s
    3306    3.3014615e+06   3.998507e+01   0.000000e+00     50s
    3430    3.3014615e+06   0.000000e+00   0.000000e+00     52s

Solved in 3430 iterations and 52.38 seconds (77.16 work units)
Optimal objective  3.301461549e+06
Set parameter TimeLimit to value 5.0249011596636847e+03
Set parameter Method to value 1
Gurobi Optimizer version 12.0.3 build v12.0.3rc0 (linux64 - "Ubuntu 24.04.4 LTS")

CPU model: Intel(R) Xeon(R) Gold 5218R CPU @ 2.10GHz, instruction set [SSE2|AVX|AVX2|AVX512]
Thread count: 40 physical cores, 40 logical processors, using up to 1 threads

Non-default parameters:
TimeLimit  5.0249011596636847e+03
Method  1
BarHomogeneous  1
Threads  1

Optimize a model with 804 rows, 256087 columns and 6796908 nonzeros
Coefficient statistics:
  Matrix range     [1e+00, 1e+00]
  Objective range  [1e+05, 5e+05]
  Bounds range     [0e+00, 0e+00]
  RHS range        [1e+00, 1e+00]
LP warm-start: use basis

Iteration    Objective       Primal Inf.    Dual Inf.      Time
       0   -1.2223412e+31   8.242817e+33   1.222341e+01      0s
     353   -1.3971510e+30   1.310628e+33   1.397151e+00      5s
     710   -1.9726286e+29   8.407686e+32   1.972630e-01     10s
    1064    3.3014612e+06   3.222723e+03   0.000000e+00     16s
    1422    3.3014614e+06   8.936654e+02   0.000000e+00     21s
    1774    3.3014614e+06   8.645532e+01   0.000000e+00     26s
    2011    3.3014615e+06   5.923042e+01   0.000000e+00     30s
    2362    3.3014615e+06   8.591648e+01   0.000000e+00     35s
    2709    3.3014615e+06   3.642484e+01   0.000000e+00     41s
    3062    3.3014615e+06   4.926388e+01   0.000000e+00     46s
    3420    3.3014615e+06   6.869222e+00   0.000000e+00     51s
    3688    3.3014615e+06   0.000000e+00   0.000000e+00     55s

Solved in 3688 iterations and 55.49 seconds (82.41 work units)
Optimal objective  3.301461513e+06
Set parameter TimeLimit to value 4.9454136920943856e+03
Set parameter Method to value 1
Gurobi Optimizer version 12.0.3 build v12.0.3rc0 (linux64 - "Ubuntu 24.04.4 LTS")

CPU model: Intel(R) Xeon(R) Gold 5218R CPU @ 2.10GHz, instruction set [SSE2|AVX|AVX2|AVX512]
Thread count: 40 physical cores, 40 logical processors, using up to 1 threads

Non-default parameters:
TimeLimit  4.9454136920943856e+03
Method  1
BarHomogeneous  1
Threads  1

Optimize a model with 804 rows, 256117 columns and 6797791 nonzeros
Coefficient statistics:
  Matrix range     [1e+00, 1e+00]
  Objective range  [1e+05, 5e+05]
  Bounds range     [0e+00, 0e+00]
  RHS range        [1e+00, 1e+00]
LP warm-start: use basis

Iteration    Objective       Primal Inf.    Dual Inf.      Time
       0   -1.5700900e+31   2.781026e+34   1.570090e+01      1s
     354   -3.3081139e+29   2.802903e+34   3.308108e-01      5s
     706    3.3014613e+06   1.368749e+03   0.000000e+00     11s
    1054    3.3014614e+06   4.151668e+02   0.000000e+00     16s
    1398    3.3014615e+06   1.104913e+03   0.000000e+00     21s
    1743    3.3014615e+06   1.771904e+03   0.000000e+00     27s
    1978    3.3014615e+06   1.897805e+01   0.000000e+00     30s
    2328    3.3014615e+06   1.272277e+01   0.000000e+00     36s
    2681    3.3014615e+06   1.529007e+00   0.000000e+00     41s
    2728    3.3014615e+06   0.000000e+00   0.000000e+00     42s

Solved in 2728 iterations and 41.80 seconds (61.52 work units)
Optimal objective  3.301461490e+06
Set parameter TimeLimit to value 4.8796203881534748e+03
Set parameter Method to value 1
Gurobi Optimizer version 12.0.3 build v12.0.3rc0 (linux64 - "Ubuntu 24.04.4 LTS")

CPU model: Intel(R) Xeon(R) Gold 5218R CPU @ 2.10GHz, instruction set [SSE2|AVX|AVX2|AVX512]
Thread count: 40 physical cores, 40 logical processors, using up to 1 threads

Non-default parameters:
TimeLimit  4.8796203881534748e+03
Method  1
BarHomogeneous  1
Threads  1

Optimize a model with 804 rows, 256147 columns and 6798677 nonzeros
Coefficient statistics:
  Matrix range     [1e+00, 1e+00]
  Objective range  [1e+05, 5e+05]
  Bounds range     [0e+00, 0e+00]
  RHS range        [1e+00, 1e+00]
LP warm-start: use basis

Iteration    Objective       Primal Inf.    Dual Inf.      Time
       0   -1.3711717e+31   1.927017e+34   1.371172e+01      0s
     356   -1.3056608e+29   4.211438e+32   1.305661e-01      5s
     754    3.3014614e+06   5.309778e+02   0.000000e+00     12s
     989    3.3014614e+06   6.427687e+01   0.000000e+00     15s
    1341    3.3014615e+06   5.588674e+01   0.000000e+00     21s
    1690    3.3014615e+06   1.782772e+01   0.000000e+00     26s
    2038    3.3014615e+06   4.951595e-03   0.000000e+00     31s
    2059    3.3014615e+06   0.000000e+00   0.000000e+00     32s

Solved in 2059 iterations and 31.61 seconds (46.38 work units)
Optimal objective  3.301461479e+06
Set parameter TimeLimit to value 4.8240558172324672e+03
Set parameter Method to value 1
Gurobi Optimizer version 12.0.3 build v12.0.3rc0 (linux64 - "Ubuntu 24.04.4 LTS")

CPU model: Intel(R) Xeon(R) Gold 5218R CPU @ 2.10GHz, instruction set [SSE2|AVX|AVX2|AVX512]
Thread count: 40 physical cores, 40 logical processors, using up to 1 threads

Non-default parameters:
TimeLimit  4.8240558172324672e+03
Method  1
BarHomogeneous  1
Threads  1

Optimize a model with 804 rows, 256177 columns and 6799627 nonzeros
Coefficient statistics:
  Matrix range     [1e+00, 1e+00]
  Objective range  [1e+05, 5e+05]
  Bounds range     [0e+00, 0e+00]
  RHS range        [1e+00, 1e+00]
LP warm-start: use basis

Iteration    Objective       Primal Inf.    Dual Inf.      Time
       0   -1.5660078e+31   1.193748e+34   1.566008e+01      0s
      97    3.3014615e+06   0.000000e+00   0.000000e+00      2s

Solved in 97 iterations and 2.02 seconds (2.61 work units)
Optimal objective  3.301461479e+06
Set parameter TimeLimit to value 4.8026322028473951e+03
Set parameter Method to value 1
Gurobi Optimizer version 12.0.3 build v12.0.3rc0 (linux64 - "Ubuntu 24.04.4 LTS")

CPU model: Intel(R) Xeon(R) Gold 5218R CPU @ 2.10GHz, instruction set [SSE2|AVX|AVX2|AVX512]
Thread count: 40 physical cores, 40 logical processors, using up to 1 threads

Non-default parameters:
TimeLimit  4.8026322028473951e+03
Method  1
BarHomogeneous  1
Threads  1

Optimize a model with 804 rows, 256207 columns and 6800613 nonzeros
Coefficient statistics:
  Matrix range     [1e+00, 1e+00]
  Objective range  [1e+05, 5e+05]
  Bounds range     [0e+00, 0e+00]
  RHS range        [1e+00, 1e+00]
LP warm-start: use basis

Iteration    Objective       Primal Inf.    Dual Inf.      Time
       0   -1.3522134e+31   4.744173e+33   1.352213e+01      0s
     360   -6.7663691e+29   7.265463e+32   6.766369e-01      5s
     793    3.3014613e+06   2.040621e+03   0.000000e+00     11s
    1028    3.3014613e+06   1.092044e+03   0.000000e+00     15s
    1380    3.3014614e+06   2.701485e+02   0.000000e+00     20s
    1735    3.3014614e+06   2.223516e+02   0.000000e+00     26s
    2086    3.3014614e+06   2.992357e+01   0.000000e+00     31s
    2437    3.3014615e+06   8.074646e-01   0.000000e+00     37s
    2674    3.3014615e+06   1.125821e-02   0.000000e+00     40s
    2680    3.3014615e+06   0.000000e+00   0.000000e+00     40s

Solved in 2680 iterations and 40.42 seconds (59.51 work units)
Optimal objective  3.301461458e+06
Set parameter TimeLimit to value 4.7384485291065648e+03
Set parameter Method to value 1
Gurobi Optimizer version 12.0.3 build v12.0.3rc0 (linux64 - "Ubuntu 24.04.4 LTS")

CPU model: Intel(R) Xeon(R) Gold 5218R CPU @ 2.10GHz, instruction set [SSE2|AVX|AVX2|AVX512]
Thread count: 40 physical cores, 40 logical processors, using up to 1 threads

Non-default parameters:
TimeLimit  4.7384485291065648e+03
Method  1
BarHomogeneous  1
Threads  1

Optimize a model with 804 rows, 256237 columns and 6801650 nonzeros
Coefficient statistics:
  Matrix range     [1e+00, 1e+00]
  Objective range  [1e+05, 5e+05]
  Bounds range     [0e+00, 0e+00]
  RHS range        [1e+00, 1e+00]
LP warm-start: use basis

Iteration    Objective       Primal Inf.    Dual Inf.      Time
       0   -1.4039449e+31   1.526857e+34   1.403945e+01      1s
     325   -1.4331991e+29   4.573848e+32   1.433199e-01      5s
     644    3.3014614e+06   3.911025e+02   0.000000e+00     10s
     998    3.3014614e+06   1.542622e+02   0.000000e+00     16s
    1355    3.3014614e+06   7.415712e+01   0.000000e+00     21s
    1594    3.3014614e+06   1.119346e+01   0.000000e+00     25s
    1943    3.3014614e+06   0.000000e+00   0.000000e+00     31s

Solved in 1943 iterations and 30.88 seconds (43.40 work units)
Optimal objective  3.301461442e+06
Set parameter TimeLimit to value 4.6833085997207090e+03
Set parameter Method to value 1
Gurobi Optimizer version 12.0.3 build v12.0.3rc0 (linux64 - "Ubuntu 24.04.4 LTS")

CPU model: Intel(R) Xeon(R) Gold 5218R CPU @ 2.10GHz, instruction set [SSE2|AVX|AVX2|AVX512]
Thread count: 40 physical cores, 40 logical processors, using up to 1 threads

Non-default parameters:
TimeLimit  4.6833085997207090e+03
Method  1
BarHomogeneous  1
Threads  1

Optimize a model with 804 rows, 256267 columns and 6802634 nonzeros
Coefficient statistics:
  Matrix range     [1e+00, 1e+00]
  Objective range  [1e+05, 5e+05]
  Bounds range     [0e+00, 0e+00]
  RHS range        [1e+00, 1e+00]
LP warm-start: use basis

Iteration    Objective       Primal Inf.    Dual Inf.      Time
       0   -1.3669370e+31   7.582004e+33   1.366937e+01      1s
     310   -5.1808572e+28   3.599340e+32   5.180859e-02      5s
     709    3.3014614e+06   8.616180e+01   0.000000e+00     11s
     946    3.3014614e+06   1.391985e+02   0.000000e+00     15s
    1300    3.3014614e+06   4.891243e+01   0.000000e+00     21s
    1652    3.3014614e+06   3.206602e+00   0.000000e+00     26s
    1889    3.3014614e+06   1.180937e+00   0.000000e+00     30s
    2105    3.3014614e+06   0.000000e+00   0.000000e+00     34s

Solved in 2105 iterations and 33.72 seconds (47.43 work units)
Optimal objective  3.301461426e+06
Set parameter TimeLimit to value 4.6253054017876275e+03
Set parameter Method to value 1
Gurobi Optimizer version 12.0.3 build v12.0.3rc0 (linux64 - "Ubuntu 24.04.4 LTS")

CPU model: Intel(R) Xeon(R) Gold 5218R CPU @ 2.10GHz, instruction set [SSE2|AVX|AVX2|AVX512]
Thread count: 40 physical cores, 40 logical processors, using up to 1 threads

Non-default parameters:
TimeLimit  4.6253054017876275e+03
Method  1
BarHomogeneous  1
Threads  1

Optimize a model with 804 rows, 256297 columns and 6803607 nonzeros
Coefficient statistics:
  Matrix range     [1e+00, 1e+00]
  Objective range  [1e+05, 5e+05]
  Bounds range     [0e+00, 0e+00]
  RHS range        [1e+00, 1e+00]
LP warm-start: use basis

Iteration    Objective       Primal Inf.    Dual Inf.      Time
       0   -1.4495849e+31   6.925022e+33   1.449585e+01      0s
      67    3.3014614e+06   0.000000e+00   0.000000e+00      2s

Solved in 67 iterations and 1.66 seconds (1.98 work units)
Optimal objective  3.301461426e+06
Set parameter TimeLimit to value 4.6036652099187486e+03
Set parameter Method to value 1
Gurobi Optimizer version 12.0.3 build v12.0.3rc0 (linux64 - "Ubuntu 24.04.4 LTS")

CPU model: Intel(R) Xeon(R) Gold 5218R CPU @ 2.10GHz, instruction set [SSE2|AVX|AVX2|AVX512]
Thread count: 40 physical cores, 40 logical processors, using up to 1 threads

Non-default parameters:
TimeLimit  4.6036652099187486e+03
Method  1
BarHomogeneous  1
Threads  1

Optimize a model with 804 rows, 256327 columns and 6804474 nonzeros
Coefficient statistics:
  Matrix range     [1e+00, 1e+00]
  Objective range  [1e+05, 5e+05]
  Bounds range     [0e+00, 0e+00]
  RHS range        [1e+00, 1e+00]
LP warm-start: use basis

Iteration    Objective       Primal Inf.    Dual Inf.      Time
       0   -1.2679155e+31   4.843408e+33   1.267916e+01      1s
     356   -4.4611591e+29   6.178324e+32   4.461160e-01      5s
     678   -9.3992222e+27   8.365651e+32   9.399246e-03     10s
    1086    3.3014613e+06   1.899506e+02   0.000000e+00     17s
    1321    3.3014613e+06   2.282675e+02   0.000000e+00     20s
    1679    3.3014613e+06   5.349179e+01   0.000000e+00     26s
    2032    3.3014614e+06   3.318001e+01   0.000000e+00     31s
    2383    3.3014614e+06   2.992850e+01   0.000000e+00     36s
    2729    3.3014614e+06   2.405722e+01   0.000000e+00     42s
    2964    3.3014614e+06   1.205038e+01   0.000000e+00     45s
    3317    3.3014614e+06   2.638045e-03   0.000000e+00     51s
    3325    3.3014614e+06   0.000000e+00   0.000000e+00     51s

Solved in 3325 iterations and 50.88 seconds (74.91 work units)
Optimal objective  3.301461397e+06
Set parameter TimeLimit to value 4528.6770970379
Set parameter Method to value 1
Gurobi Optimizer version 12.0.3 build v12.0.3rc0 (linux64 - "Ubuntu 24.04.4 LTS")

CPU model: Intel(R) Xeon(R) Gold 5218R CPU @ 2.10GHz, instruction set [SSE2|AVX|AVX2|AVX512]
Thread count: 40 physical cores, 40 logical processors, using up to 1 threads

Non-default parameters:
TimeLimit  4528.6770970379
Method  1
BarHomogeneous  1
Threads  1

Optimize a model with 804 rows, 256357 columns and 6805336 nonzeros
Coefficient statistics:
  Matrix range     [1e+00, 1e+00]
  Objective range  [1e+05, 5e+05]
  Bounds range     [0e+00, 0e+00]
  RHS range        [1e+00, 1e+00]
LP warm-start: use basis

Iteration    Objective       Primal Inf.    Dual Inf.      Time
       0   -1.2080755e+31   7.155230e+33   1.208076e+01      1s
     399    3.3014612e+06   9.219593e+02   0.000000e+00      6s
     748    3.3014614e+06   3.671791e+02   0.000000e+00     11s
    1096    3.3014614e+06   5.125905e+01   0.000000e+00     16s
    1443    3.3014614e+06   1.180305e+00   0.000000e+00     22s
    1674    3.3014614e+06   4.126218e+00   0.000000e+00     25s
    1832    3.3014614e+06   0.000000e+00   0.000000e+00     28s

Solved in 1832 iterations and 27.74 seconds (40.95 work units)
Optimal objective  3.301461385e+06
Set parameter TimeLimit to value 4477.06536493497
Set parameter Method to value 1
Gurobi Optimizer version 12.0.3 build v12.0.3rc0 (linux64 - "Ubuntu 24.04.4 LTS")

CPU model: Intel(R) Xeon(R) Gold 5218R CPU @ 2.10GHz, instruction set [SSE2|AVX|AVX2|AVX512]
Thread count: 40 physical cores, 40 logical processors, using up to 1 threads

Non-default parameters:
TimeLimit  4477.06536493497
Method  1
BarHomogeneous  1
Threads  1

Optimize a model with 804 rows, 256387 columns and 6806298 nonzeros
Coefficient statistics:
  Matrix range     [1e+00, 1e+00]
  Objective range  [1e+05, 5e+05]
  Bounds range     [0e+00, 0e+00]
  RHS range        [1e+00, 1e+00]
LP warm-start: use basis

Iteration    Objective       Primal Inf.    Dual Inf.      Time
       0   -1.2760662e+31   6.918037e+33   1.276066e+01      0s
     352   -6.5419304e+29   3.877935e+32   6.541931e-01      5s
     670   -3.4660044e+28   5.924482e+32   3.466005e-02     10s
    1011    3.3014612e+06   7.694630e+02   0.000000e+00     16s
    1357    3.3014613e+06   6.489444e+01   0.000000e+00     21s
    1711    3.3014613e+06   8.939480e+01   0.000000e+00     26s
    2064    3.3014613e+06   2.363934e+01   0.000000e+00     32s
    2301    3.3014613e+06   2.923981e+01   0.000000e+00     35s
    2648    3.3014614e+06   2.135619e+00   0.000000e+00     41s
    2998    3.3014614e+06   2.924155e-01   0.000000e+00     46s
    3044    3.3014614e+06   0.000000e+00   0.000000e+00     47s

Solved in 3044 iterations and 46.91 seconds (68.96 work units)
Optimal objective  3.301461359e+06
Set parameter TimeLimit to value 4.4062657809150405e+03
Set parameter Method to value 1
Gurobi Optimizer version 12.0.3 build v12.0.3rc0 (linux64 - "Ubuntu 24.04.4 LTS")

CPU model: Intel(R) Xeon(R) Gold 5218R CPU @ 2.10GHz, instruction set [SSE2|AVX|AVX2|AVX512]
Thread count: 40 physical cores, 40 logical processors, using up to 1 threads

Non-default parameters:
TimeLimit  4.4062657809150405e+03
Method  1
BarHomogeneous  1
Threads  1

Optimize a model with 804 rows, 256417 columns and 6807152 nonzeros
Coefficient statistics:
  Matrix range     [1e+00, 1e+00]
  Objective range  [1e+05, 5e+05]
  Bounds range     [0e+00, 0e+00]
  RHS range        [1e+00, 1e+00]
LP warm-start: use basis

Iteration    Objective       Primal Inf.    Dual Inf.      Time
       0   -1.4167669e+31   1.394047e+34   1.416767e+01      1s
     366   -8.1883048e+28   4.331492e+32   8.188304e-02      5s
     775    3.3014613e+06   6.248286e+01   0.000000e+00     12s
    1009    3.3014613e+06   6.807010e+01   0.000000e+00     15s
    1359    3.3014613e+06   3.128033e+01   0.000000e+00     21s
    1710    3.3014614e+06   3.279814e+00   0.000000e+00     26s
    2062    3.3014614e+06   8.528104e-04   0.000000e+00     32s
    2068    3.3014614e+06   0.000000e+00   0.000000e+00     32s

Solved in 2068 iterations and 31.72 seconds (46.46 work units)
Optimal objective  3.301461353e+06
Set parameter TimeLimit to value 4.3521244192793965e+03
Set parameter Method to value 1
Gurobi Optimizer version 12.0.3 build v12.0.3rc0 (linux64 - "Ubuntu 24.04.4 LTS")

CPU model: Intel(R) Xeon(R) Gold 5218R CPU @ 2.10GHz, instruction set [SSE2|AVX|AVX2|AVX512]
Thread count: 40 physical cores, 40 logical processors, using up to 1 threads

Non-default parameters:
TimeLimit  4.3521244192793965e+03
Method  1
BarHomogeneous  1
Threads  1

Optimize a model with 804 rows, 256447 columns and 6807952 nonzeros
Coefficient statistics:
  Matrix range     [1e+00, 1e+00]
  Objective range  [1e+05, 5e+05]
  Bounds range     [0e+00, 0e+00]
  RHS range        [1e+00, 1e+00]
LP warm-start: use basis

Iteration    Objective       Primal Inf.    Dual Inf.      Time
       0   -1.1268944e+31   1.025776e+34   1.126894e+01      0s
     355    3.3014610e+06   1.080512e+03   0.000000e+00      5s
     712    3.3014612e+06   1.262523e+02   0.000000e+00     11s
    1069    3.3014613e+06   8.748309e+01   0.000000e+00     16s
    1421    3.3014613e+06   3.444049e+02   0.000000e+00     22s
    1655    3.3014613e+06   3.693332e+01   0.000000e+00     25s
    2010    3.3014613e+06   1.972826e+01   0.000000e+00     31s
    2363    3.3014613e+06   9.777302e-05   0.000000e+00     36s
    2364    3.3014613e+06   0.000000e+00   0.000000e+00     36s

Solved in 2364 iterations and 36.16 seconds (53.21 work units)
Optimal objective  3.301461329e+06
Set parameter TimeLimit to value 4.2919285899233073e+03
Set parameter Method to value 1
Gurobi Optimizer version 12.0.3 build v12.0.3rc0 (linux64 - "Ubuntu 24.04.4 LTS")

CPU model: Intel(R) Xeon(R) Gold 5218R CPU @ 2.10GHz, instruction set [SSE2|AVX|AVX2|AVX512]
Thread count: 40 physical cores, 40 logical processors, using up to 1 threads

Non-default parameters:
TimeLimit  4.2919285899233073e+03
Method  1
BarHomogeneous  1
Threads  1

Optimize a model with 804 rows, 256477 columns and 6808563 nonzeros
Coefficient statistics:
  Matrix range     [1e+00, 1e+00]
  Objective range  [1e+05, 5e+05]
  Bounds range     [0e+00, 0e+00]
  RHS range        [1e+00, 1e+00]
LP warm-start: use basis

Iteration    Objective       Primal Inf.    Dual Inf.      Time
       0   -1.4235804e+31   1.812894e+34   1.423580e+01      0s
     368   -5.0492043e+29   9.889014e+32   5.049204e-01      5s
     742    3.3014611e+06   5.771843e+03   0.000000e+00     11s
    1096    3.3014612e+06   3.200553e+02   0.000000e+00     16s
    1450    3.3014613e+06   4.050252e+01   0.000000e+00     22s
    1681    3.3014613e+06   4.173336e+01   0.000000e+00     25s
    2036    3.3014613e+06   8.224092e+00   0.000000e+00     31s
    2388    3.3014613e+06   5.539324e+00   0.000000e+00     36s
    2717    3.3014613e+06   0.000000e+00   0.000000e+00     41s

Solved in 2717 iterations and 41.17 seconds (60.60 work units)
Optimal objective  3.301461311e+06
Set parameter TimeLimit to value 4.2269002905036323e+03
Set parameter Method to value 1
Gurobi Optimizer version 12.0.3 build v12.0.3rc0 (linux64 - "Ubuntu 24.04.4 LTS")

CPU model: Intel(R) Xeon(R) Gold 5218R CPU @ 2.10GHz, instruction set [SSE2|AVX|AVX2|AVX512]
Thread count: 40 physical cores, 40 logical processors, using up to 1 threads

Non-default parameters:
TimeLimit  4.2269002905036323e+03
Method  1
BarHomogeneous  1
Threads  1

Optimize a model with 804 rows, 256507 columns and 6809434 nonzeros
Coefficient statistics:
  Matrix range     [1e+00, 1e+00]
  Objective range  [1e+05, 5e+05]
  Bounds range     [0e+00, 0e+00]
  RHS range        [1e+00, 1e+00]
LP warm-start: use basis

Iteration    Objective       Primal Inf.    Dual Inf.      Time
       0   -1.1727101e+31   6.266479e+33   1.172710e+01      0s
     368    3.3014613e+06   3.640401e+01   0.000000e+00      6s
     719    3.3014613e+06   2.063794e-01   0.000000e+00     11s
     792    3.3014613e+06   0.000000e+00   0.000000e+00     13s

Solved in 792 iterations and 12.53 seconds (18.06 work units)
Optimal objective  3.301461310e+06
Set parameter TimeLimit to value 4.1931568068140186e+03
Set parameter Method to value 1
Gurobi Optimizer version 12.0.3 build v12.0.3rc0 (linux64 - "Ubuntu 24.04.4 LTS")

CPU model: Intel(R) Xeon(R) Gold 5218R CPU @ 2.10GHz, instruction set [SSE2|AVX|AVX2|AVX512]
Thread count: 40 physical cores, 40 logical processors, using up to 1 threads

Non-default parameters:
TimeLimit  4.1931568068140186e+03
Method  1
BarHomogeneous  1
Threads  1

Optimize a model with 804 rows, 256537 columns and 6810463 nonzeros
Coefficient statistics:
  Matrix range     [1e+00, 1e+00]
  Objective range  [1e+05, 5e+05]
  Bounds range     [0e+00, 0e+00]
  RHS range        [1e+00, 1e+00]
LP warm-start: use basis

Iteration    Objective       Primal Inf.    Dual Inf.      Time
       0   -1.0925031e+31   3.971656e+33   1.092503e+01      0s
     351   -6.8830195e+29   1.256984e+33   6.883020e-01      5s
     708   -7.2152655e+27   1.410134e+33   7.215352e-03     10s
    1020    3.3014611e+06   4.090370e+02   0.000000e+00     15s
    1376    3.3014612e+06   1.372005e+03   0.000000e+00     21s
    1726    3.3014612e+06   1.825676e+02   0.000000e+00     26s
    2079    3.3014613e+06   4.575695e+01   0.000000e+00     32s
    2311    3.3014613e+06   5.813586e+01   0.000000e+00     35s
    2665    3.3014613e+06   8.727679e+00   0.000000e+00     40s
    3014    3.3014613e+06   2.590252e+00   0.000000e+00     46s
    3136    3.3014613e+06   0.000000e+00   0.000000e+00     48s

Solved in 3136 iterations and 47.84 seconds (70.30 work units)
Optimal objective  3.301461290e+06
Set parameter TimeLimit to value 4.1213543251911178e+03
Set parameter Method to value 1
Gurobi Optimizer version 12.0.3 build v12.0.3rc0 (linux64 - "Ubuntu 24.04.4 LTS")

CPU model: Intel(R) Xeon(R) Gold 5218R CPU @ 2.10GHz, instruction set [SSE2|AVX|AVX2|AVX512]
Thread count: 40 physical cores, 40 logical processors, using up to 1 threads

Non-default parameters:
TimeLimit  4.1213543251911178e+03
Method  1
BarHomogeneous  1
Threads  1

Optimize a model with 804 rows, 256567 columns and 6811253 nonzeros
Coefficient statistics:
  Matrix range     [1e+00, 1e+00]
  Objective range  [1e+05, 5e+05]
  Bounds range     [0e+00, 0e+00]
  RHS range        [1e+00, 1e+00]
LP warm-start: use basis

Iteration    Objective       Primal Inf.    Dual Inf.      Time
       0   -1.4271890e+31   1.882700e+34   1.427189e+01      0s
     355   -2.3834306e+29   8.524141e+32   2.383430e-01      5s
     630    3.3014609e+06   8.524261e+02   0.000000e+00     10s
     983    3.3014612e+06   2.207117e+02   0.000000e+00     16s
    1334    3.3014612e+06   4.881480e+02   0.000000e+00     21s
    1680    3.3014613e+06   7.369146e+01   0.000000e+00     27s
    1914    3.3014613e+06   1.328108e+02   0.000000e+00     30s
    2268    3.3014613e+06   6.534717e+00   0.000000e+00     36s
    2628    3.3014613e+06   8.036296e+00   0.000000e+00     41s
    2822    3.3014613e+06   0.000000e+00   0.000000e+00     44s

Solved in 2822 iterations and 44.06 seconds (63.54 work units)
Optimal objective  3.301461278e+06
Set parameter TimeLimit to value 4.0534063040162437e+03
Set parameter Method to value 1
Gurobi Optimizer version 12.0.3 build v12.0.3rc0 (linux64 - "Ubuntu 24.04.4 LTS")

CPU model: Intel(R) Xeon(R) Gold 5218R CPU @ 2.10GHz, instruction set [SSE2|AVX|AVX2|AVX512]
Thread count: 40 physical cores, 40 logical processors, using up to 1 threads

Non-default parameters:
TimeLimit  4.0534063040162437e+03
Method  1
BarHomogeneous  1
Threads  1

Optimize a model with 804 rows, 256597 columns and 6812113 nonzeros
Coefficient statistics:
  Matrix range     [1e+00, 1e+00]
  Objective range  [1e+05, 5e+05]
  Bounds range     [0e+00, 0e+00]
  RHS range        [1e+00, 1e+00]
LP warm-start: use basis

Iteration    Objective       Primal Inf.    Dual Inf.      Time
       0   -1.2014023e+31   1.997864e+34   1.201402e+01      1s
     433    3.3014611e+06   2.907977e+02   0.000000e+00      7s
     667    3.3014612e+06   3.649443e+02   0.000000e+00     11s
    1014    3.3014613e+06   3.923239e+01   0.000000e+00     16s
    1362    3.3014613e+06   8.717458e+01   0.000000e+00     21s
    1715    3.3014613e+06   4.526687e+00   0.000000e+00     27s
    1859    3.3014613e+06   0.000000e+00   0.000000e+00     29s

Solved in 1859 iterations and 28.88 seconds (42.28 work units)
Optimal objective  3.301461273e+06
Set parameter TimeLimit to value 4.0004057493652217e+03
Set parameter Method to value 1
Gurobi Optimizer version 12.0.3 build v12.0.3rc0 (linux64 - "Ubuntu 24.04.4 LTS")

CPU model: Intel(R) Xeon(R) Gold 5218R CPU @ 2.10GHz, instruction set [SSE2|AVX|AVX2|AVX512]
Thread count: 40 physical cores, 40 logical processors, using up to 1 threads

Non-default parameters:
TimeLimit  4.0004057493652217e+03
Method  1
BarHomogeneous  1
Threads  1

Optimize a model with 804 rows, 256627 columns and 6812981 nonzeros
Coefficient statistics:
  Matrix range     [1e+00, 1e+00]
  Objective range  [1e+05, 5e+05]
  Bounds range     [0e+00, 0e+00]
  RHS range        [1e+00, 1e+00]
LP warm-start: use basis

Iteration    Objective       Primal Inf.    Dual Inf.      Time
       0   -1.0551538e+31   2.803580e+33   1.055154e+01      0s
     365   -5.0603474e+29   7.122030e+32   5.060347e-01      5s
     708    3.3014611e+06   2.455638e+02   0.000000e+00     10s
    1053    3.3014612e+06   4.721009e+02   0.000000e+00     16s
    1401    3.3014612e+06   1.892096e+02   0.000000e+00     21s
    1754    3.3014612e+06   4.179057e+01   0.000000e+00     26s
    1991    3.3014612e+06   2.816324e+01   0.000000e+00     30s
    2340    3.3014613e+06   1.724330e+00   0.000000e+00     35s
    2563    3.3014613e+06   0.000000e+00   0.000000e+00     39s

Solved in 2563 iterations and 38.97 seconds (57.27 work units)
Optimal objective  3.301461252e+06
Set parameter TimeLimit to value 3.9391010966724716e+03
Set parameter Method to value 1
Gurobi Optimizer version 12.0.3 build v12.0.3rc0 (linux64 - "Ubuntu 24.04.4 LTS")

CPU model: Intel(R) Xeon(R) Gold 5218R CPU @ 2.10GHz, instruction set [SSE2|AVX|AVX2|AVX512]
Thread count: 40 physical cores, 40 logical processors, using up to 1 threads

Non-default parameters:
TimeLimit  3.9391010966724716e+03
Method  1
BarHomogeneous  1
Threads  1

Optimize a model with 804 rows, 256657 columns and 6813670 nonzeros
Coefficient statistics:
  Matrix range     [1e+00, 1e+00]
  Objective range  [1e+05, 5e+05]
  Bounds range     [0e+00, 0e+00]
  RHS range        [1e+00, 1e+00]
LP warm-start: use basis

Iteration    Objective       Primal Inf.    Dual Inf.      Time
       0   -1.0882258e+31   1.351885e+34   1.088226e+01      1s
     364   -7.9153840e+29   1.044142e+33   7.915384e-01      6s
     678   -3.6877101e+28   9.781453e+32   3.687710e-02     11s
     969    3.3014610e+06   2.314714e+03   0.000000e+00     15s
    1318    3.3014611e+06   2.203095e+02   0.000000e+00     21s
    1670    3.3014611e+06   4.529457e+02   0.000000e+00     27s
    1903    3.3014612e+06   6.435483e+01   0.000000e+00     30s
    2251    3.3014612e+06   1.136347e+02   0.000000e+00     36s
    2606    3.3014612e+06   9.555697e+00   0.000000e+00     42s
    2843    3.3014612e+06   5.814514e+00   0.000000e+00     45s
    3197    3.3014612e+06   3.033639e+01   0.000000e+00     51s
    3549    3.3014612e+06   1.682930e-03   0.000000e+00     57s
    3554    3.3014612e+06   0.000000e+00   0.000000e+00     57s

Solved in 3554 iterations and 56.86 seconds (80.17 work units)
Optimal objective  3.301461218e+06
Set parameter TimeLimit to value 3.8577220487897284e+03
Set parameter Method to value 1
Gurobi Optimizer version 12.0.3 build v12.0.3rc0 (linux64 - "Ubuntu 24.04.4 LTS")

CPU model: Intel(R) Xeon(R) Gold 5218R CPU @ 2.10GHz, instruction set [SSE2|AVX|AVX2|AVX512]
Thread count: 40 physical cores, 40 logical processors, using up to 1 threads

Non-default parameters:
TimeLimit  3.8577220487897284e+03
Method  1
BarHomogeneous  1
Threads  1

Optimize a model with 804 rows, 256687 columns and 6814359 nonzeros
Coefficient statistics:
  Matrix range     [1e+00, 1e+00]
  Objective range  [1e+05, 5e+05]
  Bounds range     [0e+00, 0e+00]
  RHS range        [1e+00, 1e+00]
LP warm-start: use basis

Iteration    Objective       Primal Inf.    Dual Inf.      Time
       0   -1.1759604e+31   3.503749e+33   1.175960e+01      0s
     371   -8.1245621e+29   1.159851e+33   8.124562e-01      6s
     691   -4.7793373e+28   2.771155e+32   4.779340e-02     11s
    1040    3.3014610e+06   4.232622e+02   0.000000e+00     16s
    1395    3.3014611e+06   4.579683e+02   0.000000e+00     22s
    1632    3.3014611e+06   5.798345e+01   0.000000e+00     26s
    1988    3.3014611e+06   7.391027e+01   0.000000e+00     31s
    2340    3.3014612e+06   2.760563e+02   0.000000e+00     37s
    2578    3.3014612e+06   4.309146e+01   0.000000e+00     41s
    2938    3.3014612e+06   8.704292e+00   0.000000e+00     46s
    3177    3.3014612e+06   6.841673e+00   0.000000e+00     50s
    3533    3.3014612e+06   1.430784e-01   0.000000e+00     56s
    3559    3.3014612e+06   0.000000e+00   0.000000e+00     56s

Solved in 3559 iterations and 56.35 seconds (79.47 work units)
Optimal objective  3.301461198e+06
Set parameter TimeLimit to value 3.7748112487671897e+03
Set parameter Method to value 1
Gurobi Optimizer version 12.0.3 build v12.0.3rc0 (linux64 - "Ubuntu 24.04.4 LTS")

CPU model: Intel(R) Xeon(R) Gold 5218R CPU @ 2.10GHz, instruction set [SSE2|AVX|AVX2|AVX512]
Thread count: 40 physical cores, 40 logical processors, using up to 1 threads

Non-default parameters:
TimeLimit  3.7748112487671897e+03
Method  1
BarHomogeneous  1
Threads  1

Optimize a model with 804 rows, 256717 columns and 6815211 nonzeros
Coefficient statistics:
  Matrix range     [1e+00, 1e+00]
  Objective range  [1e+05, 5e+05]
  Bounds range     [0e+00, 0e+00]
  RHS range        [1e+00, 1e+00]
LP warm-start: use basis

Iteration    Objective       Primal Inf.    Dual Inf.      Time
       0   -1.1574808e+31   6.629953e+33   1.157481e+01      1s
     354   -1.0634337e+30   9.815207e+32   1.063434e+00      5s
     713   -1.6019715e+29   6.658304e+32   1.601972e-01     11s
    1109    3.3014606e+06   2.779063e+03   0.000000e+00     17s
    1344    3.3014609e+06   3.068731e+02   0.000000e+00     20s
    1698    3.3014610e+06   1.756867e+02   0.000000e+00     25s
    2050    3.3014611e+06   4.960197e+02   0.000000e+00     31s
    2403    3.3014611e+06   3.179895e+02   0.000000e+00     36s
    2755    3.3014611e+06   2.297370e+02   0.000000e+00     42s
    2989    3.3014612e+06   2.702828e+02   0.000000e+00     45s
    3341    3.3014612e+06   3.341161e+01   0.000000e+00     50s
    3694    3.3014612e+06   3.058829e+00   0.000000e+00     56s
    4051    3.3014612e+06   1.299547e+00   0.000000e+00     61s
    4173    3.3014612e+06   0.000000e+00   0.000000e+00     63s

Solved in 4173 iterations and 63.19 seconds (93.43 work units)
Optimal objective  3.301461171e+06
Set parameter TimeLimit to value 3.6878334297016263e+03
Set parameter Method to value 1
Gurobi Optimizer version 12.0.3 build v12.0.3rc0 (linux64 - "Ubuntu 24.04.4 LTS")

CPU model: Intel(R) Xeon(R) Gold 5218R CPU @ 2.10GHz, instruction set [SSE2|AVX|AVX2|AVX512]
Thread count: 40 physical cores, 40 logical processors, using up to 1 threads

Non-default parameters:
TimeLimit  3.6878334297016263e+03
Method  1
BarHomogeneous  1
Threads  1

Optimize a model with 804 rows, 256747 columns and 6816110 nonzeros
Coefficient statistics:
  Matrix range     [1e+00, 1e+00]
  Objective range  [1e+05, 5e+05]
  Bounds range     [0e+00, 0e+00]
  RHS range        [1e+00, 1e+00]
LP warm-start: use basis

Iteration    Objective       Primal Inf.    Dual Inf.      Time
       0   -1.3351881e+31   1.297630e+34   1.335188e+01      1s
     131    3.3014612e+06   0.000000e+00   0.000000e+00      3s

Solved in 131 iterations and 2.54 seconds (3.33 work units)
Optimal objective  3.301461171e+06
Set parameter TimeLimit to value 3.6632041274975054e+03
Set parameter Method to value 1
Gurobi Optimizer version 12.0.3 build v12.0.3rc0 (linux64 - "Ubuntu 24.04.4 LTS")

CPU model: Intel(R) Xeon(R) Gold 5218R CPU @ 2.10GHz, instruction set [SSE2|AVX|AVX2|AVX512]
Thread count: 40 physical cores, 40 logical processors, using up to 1 threads

Non-default parameters:
TimeLimit  3.6632041274975054e+03
Method  1
BarHomogeneous  1
Threads  1

Optimize a model with 804 rows, 256777 columns and 6817034 nonzeros
Coefficient statistics:
  Matrix range     [1e+00, 1e+00]
  Objective range  [1e+05, 5e+05]
  Bounds range     [0e+00, 0e+00]
  RHS range        [1e+00, 1e+00]
LP warm-start: use basis

Iteration    Objective       Primal Inf.    Dual Inf.      Time
       0   -1.0894581e+31   1.135147e+34   1.089458e+01      0s
     106    3.3014612e+06   0.000000e+00   0.000000e+00      2s

Solved in 106 iterations and 2.09 seconds (2.72 work units)
Optimal objective  3.301461171e+06
Set parameter TimeLimit to value 3.6399298159931786e+03
Set parameter Method to value 1
Gurobi Optimizer version 12.0.3 build v12.0.3rc0 (linux64 - "Ubuntu 24.04.4 LTS")

CPU model: Intel(R) Xeon(R) Gold 5218R CPU @ 2.10GHz, instruction set [SSE2|AVX|AVX2|AVX512]
Thread count: 40 physical cores, 40 logical processors, using up to 1 threads

Non-default parameters:
TimeLimit  3.6399298159931786e+03
Method  1
BarHomogeneous  1
Threads  1

Optimize a model with 804 rows, 256807 columns and 6817997 nonzeros
Coefficient statistics:
  Matrix range     [1e+00, 1e+00]
  Objective range  [1e+05, 5e+05]
  Bounds range     [0e+00, 0e+00]
  RHS range        [1e+00, 1e+00]
LP warm-start: use basis

Iteration    Objective       Primal Inf.    Dual Inf.      Time
       0   -9.9758370e+30   6.726924e+33   9.975837e+00      1s
     364   -1.8864477e+29   1.004551e+33   1.886447e-01      5s
     727    3.3014611e+06   2.125908e+02   0.000000e+00     11s
    1080    3.3014611e+06   2.451489e+02   0.000000e+00     16s
    1315    3.3014611e+06   4.392861e+01   0.000000e+00     20s
    1670    3.3014611e+06   1.243352e+02   0.000000e+00     25s
    2025    3.3014612e+06   1.450218e+01   0.000000e+00     31s
    2379    3.3014612e+06   9.674361e-01   0.000000e+00     36s
    2486    3.3014612e+06   0.000000e+00   0.000000e+00     38s

Solved in 2486 iterations and 38.06 seconds (55.83 work units)
Optimal objective  3.301461160e+06
Set parameter TimeLimit to value 3.5779310556803830e+03
Set parameter Method to value 1
Gurobi Optimizer version 12.0.3 build v12.0.3rc0 (linux64 - "Ubuntu 24.04.4 LTS")

CPU model: Intel(R) Xeon(R) Gold 5218R CPU @ 2.10GHz, instruction set [SSE2|AVX|AVX2|AVX512]
Thread count: 40 physical cores, 40 logical processors, using up to 1 threads

Non-default parameters:
TimeLimit  3.5779310556803830e+03
Method  1
BarHomogeneous  1
Threads  1

Optimize a model with 804 rows, 256837 columns and 6818745 nonzeros
Coefficient statistics:
  Matrix range     [1e+00, 1e+00]
  Objective range  [1e+05, 5e+05]
  Bounds range     [0e+00, 0e+00]
  RHS range        [1e+00, 1e+00]
LP warm-start: use basis

Iteration    Objective       Primal Inf.    Dual Inf.      Time
       0   -9.6605823e+30   8.604232e+33   9.660582e+00      0s
     352   -1.0378553e+29   8.048775e+32   1.037855e-01      5s
     685    3.3014611e+06   1.732434e+02   0.000000e+00     10s
    1035    3.3014611e+06   4.818833e+02   0.000000e+00     16s
    1377    3.3014611e+06   6.271714e+01   0.000000e+00     21s
    1725    3.3014611e+06   7.214454e+00   0.000000e+00     26s
    2074    3.3014611e+06   1.801157e+00   0.000000e+00     32s
    2310    3.3014611e+06   5.223183e-01   0.000000e+00     35s
    2393    3.3014611e+06   0.000000e+00   0.000000e+00     37s

Solved in 2393 iterations and 36.74 seconds (54.13 work units)
Optimal objective  3.301461145e+06
Set parameter TimeLimit to value 3.5189589246143587e+03
Set parameter Method to value 1
Gurobi Optimizer version 12.0.3 build v12.0.3rc0 (linux64 - "Ubuntu 24.04.4 LTS")

CPU model: Intel(R) Xeon(R) Gold 5218R CPU @ 2.10GHz, instruction set [SSE2|AVX|AVX2|AVX512]
Thread count: 40 physical cores, 40 logical processors, using up to 1 threads

Non-default parameters:
TimeLimit  3.5189589246143587e+03
Method  1
BarHomogeneous  1
Threads  1

Optimize a model with 804 rows, 256867 columns and 6819476 nonzeros
Coefficient statistics:
  Matrix range     [1e+00, 1e+00]
  Objective range  [1e+05, 5e+05]
  Bounds range     [0e+00, 0e+00]
  RHS range        [1e+00, 1e+00]
LP warm-start: use basis

Iteration    Objective       Primal Inf.    Dual Inf.      Time
       0   -1.0840791e+31   1.206034e+34   1.084079e+01      0s
     358   -1.7145045e+27   3.392776e+32   1.714499e-03      5s
     717    3.3014611e+06   9.204151e+01   0.000000e+00     11s
    1061    3.3014611e+06   1.457616e+02   0.000000e+00     17s
    1296    3.3014611e+06   3.124853e+01   0.000000e+00     20s
    1645    3.3014611e+06   1.138778e+01   0.000000e+00     25s
    1964    3.3014611e+06   0.000000e+00   0.000000e+00     30s

Solved in 1964 iterations and 30.43 seconds (44.57 work units)
Optimal objective  3.301461137e+06
Set parameter TimeLimit to value 3.4664252210007980e+03
Set parameter Method to value 1
Gurobi Optimizer version 12.0.3 build v12.0.3rc0 (linux64 - "Ubuntu 24.04.4 LTS")

CPU model: Intel(R) Xeon(R) Gold 5218R CPU @ 2.10GHz, instruction set [SSE2|AVX|AVX2|AVX512]
Thread count: 40 physical cores, 40 logical processors, using up to 1 threads

Non-default parameters:
TimeLimit  3.4664252210007980e+03
Method  1
BarHomogeneous  1
Threads  1

Optimize a model with 804 rows, 256897 columns and 6820494 nonzeros
Coefficient statistics:
  Matrix range     [1e+00, 1e+00]
  Objective range  [1e+05, 5e+05]
  Bounds range     [0e+00, 0e+00]
  RHS range        [1e+00, 1e+00]
LP warm-start: use basis

Iteration    Objective       Primal Inf.    Dual Inf.      Time
       0   -1.1934130e+31   2.257571e+34   1.193413e+01      1s
     162    3.3014611e+06   0.000000e+00   0.000000e+00      3s

Solved in 162 iterations and 3.05 seconds (4.10 work units)
Optimal objective  3.301461137e+06
Set parameter TimeLimit to value 3.4416742314593866e+03
Set parameter Method to value 1
Gurobi Optimizer version 12.0.3 build v12.0.3rc0 (linux64 - "Ubuntu 24.04.4 LTS")

CPU model: Intel(R) Xeon(R) Gold 5218R CPU @ 2.10GHz, instruction set [SSE2|AVX|AVX2|AVX512]
Thread count: 40 physical cores, 40 logical processors, using up to 1 threads

Non-default parameters:
TimeLimit  3.4416742314593866e+03
Method  1
BarHomogeneous  1
Threads  1

Optimize a model with 804 rows, 256927 columns and 6821461 nonzeros
Coefficient statistics:
  Matrix range     [1e+00, 1e+00]
  Objective range  [1e+05, 5e+05]
  Bounds range     [0e+00, 0e+00]
  RHS range        [1e+00, 1e+00]
LP warm-start: use basis

Iteration    Objective       Primal Inf.    Dual Inf.      Time
       0   -9.8122984e+30   1.526231e+34   9.812298e+00      0s
     348   -1.2779775e+27   3.126673e+32   1.277988e-03      5s
     705    3.3014611e+06   2.656560e+02   0.000000e+00     11s
    1057    3.3014611e+06   2.154119e+01   0.000000e+00     16s
    1295    3.3014611e+06   7.391113e+01   0.000000e+00     20s
    1652    3.3014611e+06   4.955187e+00   0.000000e+00     25s
    1771    3.3014611e+06   0.000000e+00   0.000000e+00     27s

Solved in 1771 iterations and 27.39 seconds (40.25 work units)
Optimal objective  3.301461128e+06
Set parameter TimeLimit to value 3.3915850209873170e+03
Set parameter Method to value 1
Gurobi Optimizer version 12.0.3 build v12.0.3rc0 (linux64 - "Ubuntu 24.04.4 LTS")

CPU model: Intel(R) Xeon(R) Gold 5218R CPU @ 2.10GHz, instruction set [SSE2|AVX|AVX2|AVX512]
Thread count: 40 physical cores, 40 logical processors, using up to 1 threads

Non-default parameters:
TimeLimit  3.3915850209873170e+03
Method  1
BarHomogeneous  1
Threads  1

Optimize a model with 804 rows, 256957 columns and 6822539 nonzeros
Coefficient statistics:
  Matrix range     [1e+00, 1e+00]
  Objective range  [1e+05, 5e+05]
  Bounds range     [0e+00, 0e+00]
  RHS range        [1e+00, 1e+00]
LP warm-start: use basis

Iteration    Objective       Primal Inf.    Dual Inf.      Time
       0   -1.0002412e+31   8.549285e+33   1.000241e+01      1s
     344   -1.2736971e+29   3.891808e+32   1.273697e-01      6s
     666    3.3014610e+06   9.211259e+02   0.000000e+00     11s
    1019    3.3014611e+06   1.243616e+02   0.000000e+00     16s
    1370    3.3014611e+06   6.434792e+01   0.000000e+00     21s
    1721    3.3014611e+06   5.694621e+01   0.000000e+00     27s
    1955    3.3014611e+06   3.842814e+01   0.000000e+00     30s
    2272    3.3014611e+06   0.000000e+00   0.000000e+00     35s

Solved in 2272 iterations and 35.25 seconds (51.71 work units)
Optimal objective  3.301461110e+06
Set parameter TimeLimit to value 3333.90134354122
Set parameter Method to value 1
Gurobi Optimizer version 12.0.3 build v12.0.3rc0 (linux64 - "Ubuntu 24.04.4 LTS")

CPU model: Intel(R) Xeon(R) Gold 5218R CPU @ 2.10GHz, instruction set [SSE2|AVX|AVX2|AVX512]
Thread count: 40 physical cores, 40 logical processors, using up to 1 threads

Non-default parameters:
TimeLimit  3333.90134354122
Method  1
BarHomogeneous  1
Threads  1

Optimize a model with 804 rows, 256987 columns and 6823413 nonzeros
Coefficient statistics:
  Matrix range     [1e+00, 1e+00]
  Objective range  [1e+05, 5e+05]
  Bounds range     [0e+00, 0e+00]
  RHS range        [1e+00, 1e+00]
LP warm-start: use basis

Iteration    Objective       Primal Inf.    Dual Inf.      Time
       0   -1.0826950e+31   1.406939e+34   1.082695e+01      1s
     365   -2.3660381e+28   7.181552e+32   2.366035e-02      5s
     680    3.3014611e+06   4.493511e+02   0.000000e+00     10s
    1034    3.3014611e+06   2.403879e+01   0.000000e+00     16s
    1384    3.3014611e+06   1.418493e+01   0.000000e+00     21s
    1735    3.3014611e+06   3.776007e+00   0.000000e+00     26s
    1964    3.3014611e+06   0.000000e+00   0.000000e+00     30s

Solved in 1964 iterations and 29.89 seconds (43.96 work units)
Optimal objective  3.301461098e+06
Set parameter TimeLimit to value 3.2812192246229388e+03
Set parameter Method to value 1
Gurobi Optimizer version 12.0.3 build v12.0.3rc0 (linux64 - "Ubuntu 24.04.4 LTS")

CPU model: Intel(R) Xeon(R) Gold 5218R CPU @ 2.10GHz, instruction set [SSE2|AVX|AVX2|AVX512]
Thread count: 40 physical cores, 40 logical processors, using up to 1 threads

Non-default parameters:
TimeLimit  3.2812192246229388e+03
Method  1
BarHomogeneous  1
Threads  1

Optimize a model with 804 rows, 257017 columns and 6824407 nonzeros
Coefficient statistics:
  Matrix range     [1e+00, 1e+00]
  Objective range  [1e+05, 5e+05]
  Bounds range     [0e+00, 0e+00]
  RHS range        [1e+00, 1e+00]
LP warm-start: use basis

Iteration    Objective       Primal Inf.    Dual Inf.      Time
       0   -1.0269512e+31   9.114657e+33   1.026951e+01      1s
     360   -6.4023137e+29   6.254503e+32   6.402314e-01      5s
     678   -4.7886284e+28   5.612683e+32   4.788627e-02     10s
     994    3.3014609e+06   2.458902e+02   0.000000e+00     15s
    1348    3.3014610e+06   3.368120e+02   0.000000e+00     20s
    1695    3.3014610e+06   8.618763e+01   0.000000e+00     26s
    2045    3.3014610e+06   4.622258e+01   0.000000e+00     31s
    2390    3.3014611e+06   4.844657e+01   0.000000e+00     37s
    2616    3.3014611e+06   2.788915e+01   0.000000e+00     40s
    2970    3.3014611e+06   2.333094e+00   0.000000e+00     45s
    3304    3.3014611e+06   0.000000e+00   0.000000e+00     51s

Solved in 3304 iterations and 50.65 seconds (74.32 work units)
Optimal objective  3.301461074e+06
Set parameter TimeLimit to value 3.2080128053370863e+03
Set parameter Method to value 1
Gurobi Optimizer version 12.0.3 build v12.0.3rc0 (linux64 - "Ubuntu 24.04.4 LTS")

CPU model: Intel(R) Xeon(R) Gold 5218R CPU @ 2.10GHz, instruction set [SSE2|AVX|AVX2|AVX512]
Thread count: 40 physical cores, 40 logical processors, using up to 1 threads

Non-default parameters:
TimeLimit  3.2080128053370863e+03
Method  1
BarHomogeneous  1
Threads  1

Optimize a model with 804 rows, 257047 columns and 6825176 nonzeros
Coefficient statistics:
  Matrix range     [1e+00, 1e+00]
  Objective range  [1e+05, 5e+05]
  Bounds range     [0e+00, 0e+00]
  RHS range        [1e+00, 1e+00]
LP warm-start: use basis

Iteration    Objective       Primal Inf.    Dual Inf.      Time
       0   -9.4341582e+30   7.697187e+33   9.434158e+00      1s
     363   -1.8854762e+29   7.850036e+32   1.885476e-01      5s
     721    3.3014609e+06   2.176025e+03   0.000000e+00     11s
    1070    3.3014610e+06   1.100966e+03   0.000000e+00     16s
    1309    3.3014610e+06   1.911609e+03   0.000000e+00     20s
    1658    3.3014611e+06   6.666679e+01   0.000000e+00     25s
    2004    3.3014611e+06   4.816032e+01   0.000000e+00     31s
    2359    3.3014611e+06   4.268035e-01   0.000000e+00     36s
    2537    3.3014611e+06   0.000000e+00   0.000000e+00     39s

Solved in 2537 iterations and 39.06 seconds (57.37 work units)
Optimal objective  3.301461065e+06
Set parameter TimeLimit to value 3.1452773291179910e+03
Set parameter Method to value 1
Gurobi Optimizer version 12.0.3 build v12.0.3rc0 (linux64 - "Ubuntu 24.04.4 LTS")

CPU model: Intel(R) Xeon(R) Gold 5218R CPU @ 2.10GHz, instruction set [SSE2|AVX|AVX2|AVX512]
Thread count: 40 physical cores, 40 logical processors, using up to 1 threads

Non-default parameters:
TimeLimit  3.1452773291179910e+03
Method  1
BarHomogeneous  1
Threads  1

Optimize a model with 804 rows, 257077 columns and 6826091 nonzeros
Coefficient statistics:
  Matrix range     [1e+00, 1e+00]
  Objective range  [1e+05, 5e+05]
  Bounds range     [0e+00, 0e+00]
  RHS range        [1e+00, 1e+00]
LP warm-start: use basis

Iteration    Objective       Primal Inf.    Dual Inf.      Time
       0   -9.4206919e+30   1.029316e+34   9.420692e+00      1s
     358   -4.8943986e+29   9.047884e+32   4.894398e-01      5s
     754    3.3014608e+06   1.687788e+03   0.000000e+00     11s
    1106    3.3014610e+06   5.140764e+02   0.000000e+00     17s
    1343    3.3014610e+06   7.181995e+01   0.000000e+00     20s
    1695    3.3014610e+06   4.732227e+01   0.000000e+00     26s
    2047    3.3014610e+06   6.707860e+01   0.000000e+00     31s
    2395    3.3014610e+06   1.082223e+02   0.000000e+00     36s
    2748    3.3014610e+06   6.872503e+01   0.000000e+00     42s
    2986    3.3014610e+06   6.623612e+00   0.000000e+00     45s
    3071    3.3014610e+06   0.000000e+00   0.000000e+00     47s

Solved in 3071 iterations and 46.68 seconds (68.80 work units)
Optimal objective  3.301461049e+06
Set parameter TimeLimit to value 3.0748624364556745e+03
Set parameter Method to value 1
Gurobi Optimizer version 12.0.3 build v12.0.3rc0 (linux64 - "Ubuntu 24.04.4 LTS")

CPU model: Intel(R) Xeon(R) Gold 5218R CPU @ 2.10GHz, instruction set [SSE2|AVX|AVX2|AVX512]
Thread count: 40 physical cores, 40 logical processors, using up to 1 threads

Non-default parameters:
TimeLimit  3.0748624364556745e+03
Method  1
BarHomogeneous  1
Threads  1

Optimize a model with 804 rows, 257107 columns and 6826826 nonzeros
Coefficient statistics:
  Matrix range     [1e+00, 1e+00]
  Objective range  [1e+05, 5e+05]
  Bounds range     [0e+00, 0e+00]
  RHS range        [1e+00, 1e+00]
LP warm-start: use basis

Iteration    Objective       Primal Inf.    Dual Inf.      Time
       0   -1.1122810e+31   1.373115e+34   1.112281e+01      1s
     136    3.3014610e+06   0.000000e+00   0.000000e+00      3s

Solved in 136 iterations and 2.64 seconds (3.52 work units)
Optimal objective  3.301461049e+06
Set parameter TimeLimit to value 3.0499869525805116e+03
Set parameter Method to value 1
Gurobi Optimizer version 12.0.3 build v12.0.3rc0 (linux64 - "Ubuntu 24.04.4 LTS")

CPU model: Intel(R) Xeon(R) Gold 5218R CPU @ 2.10GHz, instruction set [SSE2|AVX|AVX2|AVX512]
Thread count: 40 physical cores, 40 logical processors, using up to 1 threads

Non-default parameters:
TimeLimit  3.0499869525805116e+03
Method  1
BarHomogeneous  1
Threads  1

Optimize a model with 804 rows, 257137 columns and 6827458 nonzeros
Coefficient statistics:
  Matrix range     [1e+00, 1e+00]
  Objective range  [1e+05, 5e+05]
  Bounds range     [0e+00, 0e+00]
  RHS range        [1e+00, 1e+00]
LP warm-start: use basis

Iteration    Objective       Primal Inf.    Dual Inf.      Time
       0   -9.7126628e+30   2.917077e+34   9.712665e+00      0s
     350    3.3014609e+06   1.107408e+03   0.000000e+00      5s
     707    3.3014610e+06   2.516608e+02   0.000000e+00     11s
    1060    3.3014610e+06   5.375779e-01   0.000000e+00     16s
    1320    3.3014610e+06   0.000000e+00   0.000000e+00     20s

Solved in 1320 iterations and 20.30 seconds (29.71 work units)
Optimal objective  3.301461048e+06
Set parameter TimeLimit to value 3.0082566564013250e+03
Set parameter Method to value 1
Gurobi Optimizer version 12.0.3 build v12.0.3rc0 (linux64 - "Ubuntu 24.04.4 LTS")

CPU model: Intel(R) Xeon(R) Gold 5218R CPU @ 2.10GHz, instruction set [SSE2|AVX|AVX2|AVX512]
Thread count: 40 physical cores, 40 logical processors, using up to 1 threads

Non-default parameters:
TimeLimit  3.0082566564013250e+03
Method  1
BarHomogeneous  1
Threads  1

Optimize a model with 804 rows, 257167 columns and 6828345 nonzeros
Coefficient statistics:
  Matrix range     [1e+00, 1e+00]
  Objective range  [1e+05, 5e+05]
  Bounds range     [0e+00, 0e+00]
  RHS range        [1e+00, 1e+00]
LP warm-start: use basis

Iteration    Objective       Primal Inf.    Dual Inf.      Time
       0   -7.2239741e+30   6.883030e+33   7.223974e+00      1s
     358   -9.7189292e+29   8.886010e+32   9.718929e-01      5s
     677   -1.0789195e+29   4.289380e+32   1.078920e-01     10s
     994    3.3014608e+06   8.010014e+02   0.000000e+00     15s
    1351    3.3014609e+06   2.307536e+02   0.000000e+00     21s
    1707    3.3014610e+06   4.840834e+02   0.000000e+00     27s
    1942    3.3014610e+06   4.520896e+01   0.000000e+00     30s
    2298    3.3014610e+06   9.046299e+01   0.000000e+00     36s
    2646    3.3014610e+06   4.927003e+01   0.000000e+00     41s
    2882    3.3014610e+06   1.920811e+01   0.000000e+00     45s
    3234    3.3014610e+06   3.557054e+00   0.000000e+00     51s
    3586    3.3014610e+06   8.299604e-01   0.000000e+00     56s
    3692    3.3014610e+06   0.000000e+00   0.000000e+00     58s

Solved in 3692 iterations and 58.10 seconds (82.65 work units)
Optimal objective  3.301461029e+06
Set parameter TimeLimit to value 2.9260176683184691e+03
Set parameter Method to value 1
Gurobi Optimizer version 12.0.3 build v12.0.3rc0 (linux64 - "Ubuntu 24.04.4 LTS")

CPU model: Intel(R) Xeon(R) Gold 5218R CPU @ 2.10GHz, instruction set [SSE2|AVX|AVX2|AVX512]
Thread count: 40 physical cores, 40 logical processors, using up to 1 threads

Non-default parameters:
TimeLimit  2.9260176683184691e+03
Method  1
BarHomogeneous  1
Threads  1

Optimize a model with 804 rows, 257197 columns and 6828898 nonzeros
Coefficient statistics:
  Matrix range     [1e+00, 1e+00]
  Objective range  [1e+05, 5e+05]
  Bounds range     [0e+00, 0e+00]
  RHS range        [1e+00, 1e+00]
LP warm-start: use basis

Iteration    Objective       Primal Inf.    Dual Inf.      Time
       0   -1.1294142e+31   2.046333e+34   1.129414e+01      1s
     143    3.3014610e+06   0.000000e+00   0.000000e+00      3s

Solved in 143 iterations and 2.87 seconds (3.69 work units)
Optimal objective  3.301461029e+06
Set parameter TimeLimit to value 2.9008405959932134e+03
Set parameter Method to value 1
Gurobi Optimizer version 12.0.3 build v12.0.3rc0 (linux64 - "Ubuntu 24.04.4 LTS")

CPU model: Intel(R) Xeon(R) Gold 5218R CPU @ 2.10GHz, instruction set [SSE2|AVX|AVX2|AVX512]
Thread count: 40 physical cores, 40 logical processors, using up to 1 threads

Non-default parameters:
TimeLimit  2.9008405959932134e+03
Method  1
BarHomogeneous  1
Threads  1

Optimize a model with 804 rows, 257227 columns and 6829664 nonzeros
Coefficient statistics:
  Matrix range     [1e+00, 1e+00]
  Objective range  [1e+05, 5e+05]
  Bounds range     [0e+00, 0e+00]
  RHS range        [1e+00, 1e+00]
LP warm-start: use basis

Iteration    Objective       Primal Inf.    Dual Inf.      Time
       0   -8.5181494e+30   1.147928e+34   8.518150e+00      0s
     439    3.3014609e+06   3.052178e+03   0.000000e+00      7s
     676    3.3014610e+06   1.249178e+02   0.000000e+00     10s
    1030    3.3014610e+06   5.962706e+01   0.000000e+00     16s
    1381    3.3014610e+06   1.377898e+01   0.000000e+00     21s
    1728    3.3014610e+06   6.383638e+01   0.000000e+00     26s
    1962    3.3014610e+06   1.221327e+00   0.000000e+00     30s
    2038    3.3014610e+06   0.000000e+00   0.000000e+00     31s

Solved in 2038 iterations and 31.34 seconds (46.11 work units)
Optimal objective  3.301461022e+06
Set parameter TimeLimit to value 2.8462423457256518e+03
Set parameter Method to value 1
Gurobi Optimizer version 12.0.3 build v12.0.3rc0 (linux64 - "Ubuntu 24.04.4 LTS")

CPU model: Intel(R) Xeon(R) Gold 5218R CPU @ 2.10GHz, instruction set [SSE2|AVX|AVX2|AVX512]
Thread count: 40 physical cores, 40 logical processors, using up to 1 threads

Non-default parameters:
TimeLimit  2.8462423457256518e+03
Method  1
BarHomogeneous  1
Threads  1

Optimize a model with 804 rows, 257257 columns and 6830454 nonzeros
Coefficient statistics:
  Matrix range     [1e+00, 1e+00]
  Objective range  [1e+05, 5e+05]
  Bounds range     [0e+00, 0e+00]
  RHS range        [1e+00, 1e+00]
LP warm-start: use basis

Iteration    Objective       Primal Inf.    Dual Inf.      Time
       0   -8.5586338e+30   1.457247e+34   8.558634e+00      1s
     365   -3.3849123e+29   6.511972e+32   3.384913e-01      5s
     720   -1.4590467e+28   1.463192e+32   1.459050e-02     10s
    1036    3.3014608e+06   6.803447e+02   0.000000e+00     15s
    1392    3.3014609e+06   1.198286e+02   0.000000e+00     21s
    1745    3.3014610e+06   1.371452e+02   0.000000e+00     26s
    2099    3.3014610e+06   1.620151e+02   0.000000e+00     31s
    2449    3.3014610e+06   2.702366e+01   0.000000e+00     37s
    2684    3.3014610e+06   2.803942e+01   0.000000e+00     40s
    3038    3.3014610e+06   6.227542e+01   0.000000e+00     46s
    3388    3.3014610e+06   4.433562e+00   0.000000e+00     51s
    3658    3.3014610e+06   0.000000e+00   0.000000e+00     55s

Solved in 3658 iterations and 55.40 seconds (81.77 work units)
Optimal objective  3.301461004e+06
Set parameter TimeLimit to value 2.7666608792813495e+03
Set parameter Method to value 1
Gurobi Optimizer version 12.0.3 build v12.0.3rc0 (linux64 - "Ubuntu 24.04.4 LTS")

CPU model: Intel(R) Xeon(R) Gold 5218R CPU @ 2.10GHz, instruction set [SSE2|AVX|AVX2|AVX512]
Thread count: 40 physical cores, 40 logical processors, using up to 1 threads

Non-default parameters:
TimeLimit  2.7666608792813495e+03
Method  1
BarHomogeneous  1
Threads  1

Optimize a model with 804 rows, 257287 columns and 6831321 nonzeros
Coefficient statistics:
  Matrix range     [1e+00, 1e+00]
  Objective range  [1e+05, 5e+05]
  Bounds range     [0e+00, 0e+00]
  RHS range        [1e+00, 1e+00]
LP warm-start: use basis

Iteration    Objective       Primal Inf.    Dual Inf.      Time
       0   -9.1237075e+30   4.513498e+33   9.123708e+00      1s
     355   -2.5901678e+29   8.526485e+32   2.590168e-01      5s
     789    3.3014609e+06   1.483380e+02   0.000000e+00     12s
    1025    3.3014609e+06   1.561628e+02   0.000000e+00     15s
    1377    3.3014610e+06   6.186956e+01   0.000000e+00     21s
    1730    3.3014610e+06   4.448017e+01   0.000000e+00     26s
    2085    3.3014610e+06   1.440477e+01   0.000000e+00     31s
    2321    3.3014610e+06   3.653135e+00   0.000000e+00     35s
    2593    3.3014610e+06   0.000000e+00   0.000000e+00     39s

Solved in 2593 iterations and 39.35 seconds (58.08 work units)
Optimal objective  3.301460987e+06
Set parameter TimeLimit to value 2.7048851507613435e+03
Set parameter Method to value 1
Gurobi Optimizer version 12.0.3 build v12.0.3rc0 (linux64 - "Ubuntu 24.04.4 LTS")

CPU model: Intel(R) Xeon(R) Gold 5218R CPU @ 2.10GHz, instruction set [SSE2|AVX|AVX2|AVX512]
Thread count: 40 physical cores, 40 logical processors, using up to 1 threads

Non-default parameters:
TimeLimit  2.7048851507613435e+03
Method  1
BarHomogeneous  1
Threads  1

Optimize a model with 804 rows, 257317 columns and 6832155 nonzeros
Coefficient statistics:
  Matrix range     [1e+00, 1e+00]
  Objective range  [1e+05, 5e+05]
  Bounds range     [0e+00, 0e+00]
  RHS range        [1e+00, 1e+00]
LP warm-start: use basis

Iteration    Objective       Primal Inf.    Dual Inf.      Time
       0   -7.7146742e+30   2.342345e+33   7.714674e+00      1s
     359   -6.8121651e+28   5.708339e+32   6.812166e-02      5s
     735    3.3014609e+06   3.238332e+02   0.000000e+00     11s
    1085    3.3014610e+06   5.635212e+01   0.000000e+00     17s
    1318    3.3014610e+06   1.294650e+01   0.000000e+00     20s
    1666    3.3014610e+06   1.371254e+01   0.000000e+00     26s
    2017    3.3014610e+06   3.374028e+00   0.000000e+00     31s
    2158    3.3014610e+06   0.000000e+00   0.000000e+00     33s

Solved in 2158 iterations and 33.27 seconds (48.83 work units)
Optimal objective  3.301460976e+06
Set parameter TimeLimit to value 2.6476503854892217e+03
Set parameter Method to value 1
Gurobi Optimizer version 12.0.3 build v12.0.3rc0 (linux64 - "Ubuntu 24.04.4 LTS")

CPU model: Intel(R) Xeon(R) Gold 5218R CPU @ 2.10GHz, instruction set [SSE2|AVX|AVX2|AVX512]
Thread count: 40 physical cores, 40 logical processors, using up to 1 threads

Non-default parameters:
TimeLimit  2.6476503854892217e+03
Method  1
BarHomogeneous  1
Threads  1

Optimize a model with 804 rows, 257347 columns and 6832996 nonzeros
Coefficient statistics:
  Matrix range     [1e+00, 1e+00]
  Objective range  [1e+05, 5e+05]
  Bounds range     [0e+00, 0e+00]
  RHS range        [1e+00, 1e+00]
LP warm-start: use basis

Iteration    Objective       Primal Inf.    Dual Inf.      Time
       0   -8.4897203e+30   1.598460e+34   8.489720e+00      1s
     393    3.3014609e+06   5.352422e+02   0.000000e+00      6s
     629    3.3014610e+06   6.383477e+01   0.000000e+00     10s
     982    3.3014610e+06   2.793070e+01   0.000000e+00     15s
    1333    3.3014610e+06   1.862319e-01   0.000000e+00     21s
    1485    3.3014610e+06   0.000000e+00   0.000000e+00     23s

Solved in 1485 iterations and 23.30 seconds (33.97 work units)
Optimal objective  3.301460972e+06
Set parameter TimeLimit to value 2.6029785843165591e+03
Set parameter Method to value 1
Gurobi Optimizer version 12.0.3 build v12.0.3rc0 (linux64 - "Ubuntu 24.04.4 LTS")

CPU model: Intel(R) Xeon(R) Gold 5218R CPU @ 2.10GHz, instruction set [SSE2|AVX|AVX2|AVX512]
Thread count: 40 physical cores, 40 logical processors, using up to 1 threads

Non-default parameters:
TimeLimit  2.6029785843165591e+03
Method  1
BarHomogeneous  1
Threads  1

Optimize a model with 804 rows, 257377 columns and 6833746 nonzeros
Coefficient statistics:
  Matrix range     [1e+00, 1e+00]
  Objective range  [1e+05, 5e+05]
  Bounds range     [0e+00, 0e+00]
  RHS range        [1e+00, 1e+00]
LP warm-start: use basis

Iteration    Objective       Primal Inf.    Dual Inf.      Time
       0   -9.0491615e+30   6.012376e+33   9.049162e+00      1s
      54    3.3014610e+06   0.000000e+00   0.000000e+00      1s

Solved in 54 iterations and 1.39 seconds (1.61 work units)
Optimal objective  3.301460972e+06
Set parameter TimeLimit to value 2.5792141082491726e+03
Set parameter Method to value 1
Gurobi Optimizer version 12.0.3 build v12.0.3rc0 (linux64 - "Ubuntu 24.04.4 LTS")

CPU model: Intel(R) Xeon(R) Gold 5218R CPU @ 2.10GHz, instruction set [SSE2|AVX|AVX2|AVX512]
Thread count: 40 physical cores, 40 logical processors, using up to 1 threads

Non-default parameters:
TimeLimit  2.5792141082491726e+03
Method  1
BarHomogeneous  1
Threads  1

Optimize a model with 804 rows, 257407 columns and 6834680 nonzeros
Coefficient statistics:
  Matrix range     [1e+00, 1e+00]
  Objective range  [1e+05, 5e+05]
  Bounds range     [0e+00, 0e+00]
  RHS range        [1e+00, 1e+00]
LP warm-start: use basis

Iteration    Objective       Primal Inf.    Dual Inf.      Time
       0   -7.8445054e+30   6.595034e+33   7.844505e+00      1s
     356    3.3014610e+06   6.911925e+01   0.000000e+00      6s
     705    3.3014610e+06   3.138434e+01   0.000000e+00     11s
    1059    3.3014610e+06   3.881639e-06   0.000000e+00     16s
    1083    3.3014610e+06   0.000000e+00   0.000000e+00     17s

Solved in 1083 iterations and 17.05 seconds (24.92 work units)
Optimal objective  3.301460971e+06
Set parameter TimeLimit to value 2.5410355549361557e+03
Set parameter Method to value 1
Gurobi Optimizer version 12.0.3 build v12.0.3rc0 (linux64 - "Ubuntu 24.04.4 LTS")

CPU model: Intel(R) Xeon(R) Gold 5218R CPU @ 2.10GHz, instruction set [SSE2|AVX|AVX2|AVX512]
Thread count: 40 physical cores, 40 logical processors, using up to 1 threads

Non-default parameters:
TimeLimit  2.5410355549361557e+03
Method  1
BarHomogeneous  1
Threads  1

Optimize a model with 804 rows, 257437 columns and 6835639 nonzeros
Coefficient statistics:
  Matrix range     [1e+00, 1e+00]
  Objective range  [1e+05, 5e+05]
  Bounds range     [0e+00, 0e+00]
  RHS range        [1e+00, 1e+00]
LP warm-start: use basis

Iteration    Objective       Primal Inf.    Dual Inf.      Time
       0   -7.8764000e+30   1.416989e+34   7.876400e+00      1s
     383   -1.9384108e+29   3.086880e+33   1.938411e-01      5s
     786    3.3014609e+06   1.147907e+02   0.000000e+00     12s
    1019    3.3014609e+06   1.822165e+02   0.000000e+00     15s
    1371    3.3014610e+06   1.601164e+02   0.000000e+00     21s
    1721    3.3014610e+06   5.088776e+01   0.000000e+00     26s
    2077    3.3014610e+06   3.410507e+01   0.000000e+00     31s
    2316    3.3014610e+06   9.235279e-02   0.000000e+00     35s
    2347    3.3014610e+06   0.000000e+00   0.000000e+00     36s

Solved in 2347 iterations and 35.68 seconds (52.37 work units)
Optimal objective  3.301460966e+06
Set parameter TimeLimit to value 2.4815618532681838e+03
Set parameter Method to value 1
Gurobi Optimizer version 12.0.3 build v12.0.3rc0 (linux64 - "Ubuntu 24.04.4 LTS")

CPU model: Intel(R) Xeon(R) Gold 5218R CPU @ 2.10GHz, instruction set [SSE2|AVX|AVX2|AVX512]
Thread count: 40 physical cores, 40 logical processors, using up to 1 threads

Non-default parameters:
TimeLimit  2.4815618532681838e+03
Method  1
BarHomogeneous  1
Threads  1

Optimize a model with 804 rows, 257467 columns and 6836366 nonzeros
Coefficient statistics:
  Matrix range     [1e+00, 1e+00]
  Objective range  [1e+05, 5e+05]
  Bounds range     [0e+00, 0e+00]
  RHS range        [1e+00, 1e+00]
LP warm-start: use basis

Iteration    Objective       Primal Inf.    Dual Inf.      Time
       0   -7.9825660e+30   7.679228e+33   7.982566e+00      1s
     416    3.3014608e+06   1.848730e+03   0.000000e+00      6s
     768    3.3014609e+06   8.343108e+02   0.000000e+00     12s
    1003    3.3014610e+06   2.515279e+01   0.000000e+00     15s
    1357    3.3014610e+06   2.964849e+01   0.000000e+00     21s
    1709    3.3014610e+06   0.000000e+00   0.000000e+00     26s

Solved in 1709 iterations and 26.24 seconds (38.50 work units)
Optimal objective  3.301460962e+06
Set parameter TimeLimit to value 2.4330490116430447e+03
Set parameter Method to value 1
Gurobi Optimizer version 12.0.3 build v12.0.3rc0 (linux64 - "Ubuntu 24.04.4 LTS")

CPU model: Intel(R) Xeon(R) Gold 5218R CPU @ 2.10GHz, instruction set [SSE2|AVX|AVX2|AVX512]
Thread count: 40 physical cores, 40 logical processors, using up to 1 threads

Non-default parameters:
TimeLimit  2.4330490116430447e+03
Method  1
BarHomogeneous  1
Threads  1

Optimize a model with 804 rows, 257497 columns and 6836964 nonzeros
Coefficient statistics:
  Matrix range     [1e+00, 1e+00]
  Objective range  [1e+05, 5e+05]
  Bounds range     [0e+00, 0e+00]
  RHS range        [1e+00, 1e+00]
LP warm-start: use basis

Iteration    Objective       Primal Inf.    Dual Inf.      Time
       0   -8.6898761e+30   3.037809e+34   8.689877e+00      0s
     110    3.3014610e+06   0.000000e+00   0.000000e+00      2s

Solved in 110 iterations and 2.24 seconds (2.91 work units)
Optimal objective  3.301460962e+06
Set parameter TimeLimit to value 2.4095982849891298e+03
Set parameter Method to value 1
Gurobi Optimizer version 12.0.3 build v12.0.3rc0 (linux64 - "Ubuntu 24.04.4 LTS")

CPU model: Intel(R) Xeon(R) Gold 5218R CPU @ 2.10GHz, instruction set [SSE2|AVX|AVX2|AVX512]
Thread count: 40 physical cores, 40 logical processors, using up to 1 threads

Non-default parameters:
TimeLimit  2.4095982849891298e+03
Method  1
BarHomogeneous  1
Threads  1

Optimize a model with 804 rows, 257527 columns and 6837754 nonzeros
Coefficient statistics:
  Matrix range     [1e+00, 1e+00]
  Objective range  [1e+05, 5e+05]
  Bounds range     [0e+00, 0e+00]
  RHS range        [1e+00, 1e+00]
LP warm-start: use basis

Iteration    Objective       Primal Inf.    Dual Inf.      Time
       0   -6.9681366e+30   7.844832e+33   6.968137e+00      1s
     361   -7.1295263e+27   1.920866e+32   7.129531e-03      5s
     663    3.3014609e+06   3.639080e+02   0.000000e+00     10s
    1016    3.3014609e+06   1.081901e+02   0.000000e+00     16s
    1362    3.3014610e+06   4.825529e+00   0.000000e+00     21s
    1715    3.3014610e+06   6.530407e-02   0.000000e+00     26s
    1817    3.3014610e+06   0.000000e+00   0.000000e+00     28s

Solved in 1817 iterations and 27.94 seconds (40.96 work units)
Optimal objective  3.301460954e+06
Set parameter TimeLimit to value 2.3592851637685671e+03
Set parameter Method to value 1
Gurobi Optimizer version 12.0.3 build v12.0.3rc0 (linux64 - "Ubuntu 24.04.4 LTS")

CPU model: Intel(R) Xeon(R) Gold 5218R CPU @ 2.10GHz, instruction set [SSE2|AVX|AVX2|AVX512]
Thread count: 40 physical cores, 40 logical processors, using up to 1 threads

Non-default parameters:
TimeLimit  2.3592851637685671e+03
Method  1
BarHomogeneous  1
Threads  1

Optimize a model with 804 rows, 257557 columns and 6838525 nonzeros
Coefficient statistics:
  Matrix range     [1e+00, 1e+00]
  Objective range  [1e+05, 5e+05]
  Bounds range     [0e+00, 0e+00]
  RHS range        [1e+00, 1e+00]
LP warm-start: use basis

Iteration    Objective       Primal Inf.    Dual Inf.      Time
       0   -7.3532220e+30   6.146405e+33   7.353222e+00      0s
     366   -3.4599453e+29   1.753383e+33   3.459945e-01      5s
     685   -1.2336118e+28   6.043176e+32   1.233610e-02     10s
    1114    3.3014608e+06   2.472559e+03   0.000000e+00     17s
    1351    3.3014608e+06   2.546590e+02   0.000000e+00     20s
    1702    3.3014609e+06   3.697576e+02   0.000000e+00     26s
    2059    3.3014609e+06   6.472235e+01   0.000000e+00     31s
    2410    3.3014609e+06   2.660285e+01   0.000000e+00     36s
    2650    3.3014609e+06   2.806947e+01   0.000000e+00     40s
    3003    3.3014609e+06   1.518381e+00   0.000000e+00     46s
    3240    3.3014609e+06   0.000000e+00   0.000000e+00     49s

Solved in 3240 iterations and 49.30 seconds (72.71 work units)
Optimal objective  3.301460937e+06
Set parameter TimeLimit to value 2.2858695514542051e+03
Set parameter Method to value 1
Gurobi Optimizer version 12.0.3 build v12.0.3rc0 (linux64 - "Ubuntu 24.04.4 LTS")

CPU model: Intel(R) Xeon(R) Gold 5218R CPU @ 2.10GHz, instruction set [SSE2|AVX|AVX2|AVX512]
Thread count: 40 physical cores, 40 logical processors, using up to 1 threads

Non-default parameters:
TimeLimit  2.2858695514542051e+03
Method  1
BarHomogeneous  1
Threads  1

Optimize a model with 804 rows, 257587 columns and 6839390 nonzeros
Coefficient statistics:
  Matrix range     [1e+00, 1e+00]
  Objective range  [1e+05, 5e+05]
  Bounds range     [0e+00, 0e+00]
  RHS range        [1e+00, 1e+00]
LP warm-start: use basis

Iteration    Objective       Primal Inf.    Dual Inf.      Time
       0   -7.8532594e+30   1.702389e+34   7.853260e+00      1s
     355   -6.8856609e+27   2.331075e+32   6.885726e-03      5s
     671    3.3014609e+06   2.634557e+03   0.000000e+00     10s
    1028    3.3014609e+06   7.115343e+01   0.000000e+00     16s
    1381    3.3014609e+06   1.143312e+01   0.000000e+00     21s
    1739    3.3014609e+06   5.885670e-02   0.000000e+00     27s
    1788    3.3014609e+06   0.000000e+00   0.000000e+00     27s

Solved in 1788 iterations and 27.36 seconds (40.23 work units)
Optimal objective  3.301460930e+06
Set parameter TimeLimit to value 2.2361701222960837e+03
Set parameter Method to value 1
Gurobi Optimizer version 12.0.3 build v12.0.3rc0 (linux64 - "Ubuntu 24.04.4 LTS")

CPU model: Intel(R) Xeon(R) Gold 5218R CPU @ 2.10GHz, instruction set [SSE2|AVX|AVX2|AVX512]
Thread count: 40 physical cores, 40 logical processors, using up to 1 threads

Non-default parameters:
TimeLimit  2.2361701222960837e+03
Method  1
BarHomogeneous  1
Threads  1

Optimize a model with 804 rows, 257617 columns and 6840311 nonzeros
Coefficient statistics:
  Matrix range     [1e+00, 1e+00]
  Objective range  [1e+05, 5e+05]
  Bounds range     [0e+00, 0e+00]
  RHS range        [1e+00, 1e+00]
LP warm-start: use basis

Iteration    Objective       Primal Inf.    Dual Inf.      Time
       0   -9.9956175e+30   1.337261e+34   9.995618e+00      1s
     101    3.3014609e+06   0.000000e+00   0.000000e+00      2s

Solved in 101 iterations and 2.10 seconds (2.71 work units)
Optimal objective  3.301460930e+06
Set parameter TimeLimit to value 2.2130139634325169e+03
Set parameter Method to value 1
Gurobi Optimizer version 12.0.3 build v12.0.3rc0 (linux64 - "Ubuntu 24.04.4 LTS")

CPU model: Intel(R) Xeon(R) Gold 5218R CPU @ 2.10GHz, instruction set [SSE2|AVX|AVX2|AVX512]
Thread count: 40 physical cores, 40 logical processors, using up to 1 threads

Non-default parameters:
TimeLimit  2.2130139634325169e+03
Method  1
BarHomogeneous  1
Threads  1

Optimize a model with 804 rows, 257647 columns and 6841270 nonzeros
Coefficient statistics:
  Matrix range     [1e+00, 1e+00]
  Objective range  [1e+05, 5e+05]
  Bounds range     [0e+00, 0e+00]
  RHS range        [1e+00, 1e+00]
LP warm-start: use basis

Iteration    Objective       Primal Inf.    Dual Inf.      Time
       0   -6.9158603e+30   9.190549e+33   6.915860e+00      0s
     171    3.3014609e+06   0.000000e+00   0.000000e+00      3s

Solved in 171 iterations and 3.15 seconds (4.30 work units)
Optimal objective  3.301460930e+06
Set parameter TimeLimit to value 2.1885953321340494e+03
Set parameter Method to value 1
Gurobi Optimizer version 12.0.3 build v12.0.3rc0 (linux64 - "Ubuntu 24.04.4 LTS")

CPU model: Intel(R) Xeon(R) Gold 5218R CPU @ 2.10GHz, instruction set [SSE2|AVX|AVX2|AVX512]
Thread count: 40 physical cores, 40 logical processors, using up to 1 threads

Non-default parameters:
TimeLimit  2.1885953321340494e+03
Method  1
BarHomogeneous  1
Threads  1

Optimize a model with 804 rows, 257677 columns and 6842198 nonzeros
Coefficient statistics:
  Matrix range     [1e+00, 1e+00]
  Objective range  [1e+05, 5e+05]
  Bounds range     [0e+00, 0e+00]
  RHS range        [1e+00, 1e+00]
LP warm-start: use basis

Iteration    Objective       Primal Inf.    Dual Inf.      Time
       0   -6.6700846e+30   5.172512e+33   6.670085e+00      1s
     363   -3.2483511e+29   7.361167e+32   3.248351e-01      5s
     683   -1.2559175e+28   4.225848e+32   1.255919e-02     10s
    1000    3.3014608e+06   4.535473e+02   0.000000e+00     15s
    1353    3.3014609e+06   3.611940e+02   0.000000e+00     21s
    1707    3.3014609e+06   3.556271e+02   0.000000e+00     26s
    2059    3.3014609e+06   7.043822e+00   0.000000e+00     32s
    2295    3.3014609e+06   2.576511e+00   0.000000e+00     35s
    2651    3.3014609e+06   1.059281e+00   0.000000e+00     41s
    2657    3.3014609e+06   0.000000e+00   0.000000e+00     41s

Solved in 2657 iterations and 40.81 seconds (59.88 work units)
Optimal objective  3.301460913e+06
Set parameter TimeLimit to value 2.1239035239689983e+03
Set parameter Method to value 1
Gurobi Optimizer version 12.0.3 build v12.0.3rc0 (linux64 - "Ubuntu 24.04.4 LTS")

CPU model: Intel(R) Xeon(R) Gold 5218R CPU @ 2.10GHz, instruction set [SSE2|AVX|AVX2|AVX512]
Thread count: 40 physical cores, 40 logical processors, using up to 1 threads

Non-default parameters:
TimeLimit  2.1239035239689983e+03
Method  1
BarHomogeneous  1
Threads  1

Optimize a model with 804 rows, 257707 columns and 6843144 nonzeros
Coefficient statistics:
  Matrix range     [1e+00, 1e+00]
  Objective range  [1e+05, 5e+05]
  Bounds range     [0e+00, 0e+00]
  RHS range        [1e+00, 1e+00]
LP warm-start: use basis

Iteration    Objective       Primal Inf.    Dual Inf.      Time
       0   -7.6262665e+30   8.783987e+33   7.626267e+00      0s
     413    3.3014609e+06   1.240499e+02   0.000000e+00      7s
     650    3.3014609e+06   7.917092e+01   0.000000e+00     10s
    1001    3.3014609e+06   2.321385e+01   0.000000e+00     16s
    1352    3.3014609e+06   1.542226e+00   0.000000e+00     21s
    1525    3.3014609e+06   0.000000e+00   0.000000e+00     24s

Solved in 1525 iterations and 23.89 seconds (34.84 work units)
Optimal objective  3.301460908e+06
Set parameter TimeLimit to value 2.0772694855267182e+03
Set parameter Method to value 1
Gurobi Optimizer version 12.0.3 build v12.0.3rc0 (linux64 - "Ubuntu 24.04.4 LTS")

CPU model: Intel(R) Xeon(R) Gold 5218R CPU @ 2.10GHz, instruction set [SSE2|AVX|AVX2|AVX512]
Thread count: 40 physical cores, 40 logical processors, using up to 1 threads

Non-default parameters:
TimeLimit  2.0772694855267182e+03
Method  1
BarHomogeneous  1
Threads  1

Optimize a model with 804 rows, 257737 columns and 6844022 nonzeros
Coefficient statistics:
  Matrix range     [1e+00, 1e+00]
  Objective range  [1e+05, 5e+05]
  Bounds range     [0e+00, 0e+00]
  RHS range        [1e+00, 1e+00]
LP warm-start: use basis

Iteration    Objective       Primal Inf.    Dual Inf.      Time
       0   -6.8683475e+30   8.689577e+33   6.868347e+00      0s
     356   -2.1624163e+29   5.852257e+32   2.162417e-01      6s
     673    3.3014608e+06   1.865483e+03   0.000000e+00     11s
    1027    3.3014609e+06   2.506260e+02   0.000000e+00     16s
    1263    3.3014609e+06   5.187478e+01   0.000000e+00     20s
    1613    3.3014609e+06   1.882245e+01   0.000000e+00     26s
    1964    3.3014609e+06   2.444515e+00   0.000000e+00     31s
    2323    3.3014609e+06   6.824904e-03   0.000000e+00     37s
    2327    3.3014609e+06   0.000000e+00   0.000000e+00     37s

Solved in 2327 iterations and 37.04 seconds (52.44 work units)
Optimal objective  3.301460901e+06
Set parameter TimeLimit to value 2016.61955481302
Set parameter Method to value 1
Gurobi Optimizer version 12.0.3 build v12.0.3rc0 (linux64 - "Ubuntu 24.04.4 LTS")

CPU model: Intel(R) Xeon(R) Gold 5218R CPU @ 2.10GHz, instruction set [SSE2|AVX|AVX2|AVX512]
Thread count: 40 physical cores, 40 logical processors, using up to 1 threads

Non-default parameters:
TimeLimit  2016.61955481302
Method  1
BarHomogeneous  1
Threads  1

Optimize a model with 804 rows, 257767 columns and 6844961 nonzeros
Coefficient statistics:
  Matrix range     [1e+00, 1e+00]
  Objective range  [1e+05, 5e+05]
  Bounds range     [0e+00, 0e+00]
  RHS range        [1e+00, 1e+00]
LP warm-start: use basis

Iteration    Objective       Primal Inf.    Dual Inf.      Time
       0   -8.2046870e+30   7.371285e+33   8.204687e+00      1s
     105    3.3014609e+06   0.000000e+00   0.000000e+00      2s

Solved in 105 iterations and 2.14 seconds (2.79 work units)
Optimal objective  3.301460901e+06
Set parameter TimeLimit to value 1.9932822529468685e+03
Set parameter Method to value 1
Gurobi Optimizer version 12.0.3 build v12.0.3rc0 (linux64 - "Ubuntu 24.04.4 LTS")

CPU model: Intel(R) Xeon(R) Gold 5218R CPU @ 2.10GHz, instruction set [SSE2|AVX|AVX2|AVX512]
Thread count: 40 physical cores, 40 logical processors, using up to 1 threads

Non-default parameters:
TimeLimit  1.9932822529468685e+03
Method  1
BarHomogeneous  1
Threads  1

Optimize a model with 804 rows, 257797 columns and 6845859 nonzeros
Coefficient statistics:
  Matrix range     [1e+00, 1e+00]
  Objective range  [1e+05, 5e+05]
  Bounds range     [0e+00, 0e+00]
  RHS range        [1e+00, 1e+00]
LP warm-start: use basis

Iteration    Objective       Primal Inf.    Dual Inf.      Time
       0   -7.5290266e+30   5.482174e+33   7.529027e+00      1s
     352   -1.3754915e+29   6.779267e+32   1.375492e-01      5s
     717    3.3014608e+06   8.306925e+02   0.000000e+00     11s
    1069    3.3014609e+06   7.498785e+01   0.000000e+00     16s
    1418    3.3014609e+06   2.261468e+01   0.000000e+00     22s
    1652    3.3014609e+06   2.846587e+01   0.000000e+00     25s
    1987    3.3014609e+06   0.000000e+00   0.000000e+00     31s

Solved in 1987 iterations and 30.64 seconds (44.99 work units)
Optimal objective  3.301460894e+06
Set parameter TimeLimit to value 1.9402421184419654e+03
Set parameter Method to value 1
Gurobi Optimizer version 12.0.3 build v12.0.3rc0 (linux64 - "Ubuntu 24.04.4 LTS")

CPU model: Intel(R) Xeon(R) Gold 5218R CPU @ 2.10GHz, instruction set [SSE2|AVX|AVX2|AVX512]
Thread count: 40 physical cores, 40 logical processors, using up to 1 threads

Non-default parameters:
TimeLimit  1.9402421184419654e+03
Method  1
BarHomogeneous  1
Threads  1

Optimize a model with 804 rows, 257827 columns and 6846728 nonzeros
Coefficient statistics:
  Matrix range     [1e+00, 1e+00]
  Objective range  [1e+05, 5e+05]
  Bounds range     [0e+00, 0e+00]
  RHS range        [1e+00, 1e+00]
LP warm-start: use basis

Iteration    Objective       Primal Inf.    Dual Inf.      Time
       0   -6.4028085e+30   3.002482e+34   6.402808e+00      1s
     352    3.3014609e+06   1.103419e+02   0.000000e+00      6s
     710    3.3014609e+06   1.443317e+01   0.000000e+00     11s
     925    3.3014609e+06   0.000000e+00   0.000000e+00     14s

Solved in 925 iterations and 14.35 seconds (20.98 work units)
Optimal objective  3.301460894e+06
Set parameter TimeLimit to value 1.9047738896454684e+03
Set parameter Method to value 1
Gurobi Optimizer version 12.0.3 build v12.0.3rc0 (linux64 - "Ubuntu 24.04.4 LTS")

CPU model: Intel(R) Xeon(R) Gold 5218R CPU @ 2.10GHz, instruction set [SSE2|AVX|AVX2|AVX512]
Thread count: 40 physical cores, 40 logical processors, using up to 1 threads

Non-default parameters:
TimeLimit  1.9047738896454684e+03
Method  1
BarHomogeneous  1
Threads  1

Optimize a model with 804 rows, 257857 columns and 6847649 nonzeros
Coefficient statistics:
  Matrix range     [1e+00, 1e+00]
  Objective range  [1e+05, 5e+05]
  Bounds range     [0e+00, 0e+00]
  RHS range        [1e+00, 1e+00]
LP warm-start: use basis

Iteration    Objective       Primal Inf.    Dual Inf.      Time
       0   -6.3038947e+30   5.464728e+33   6.303895e+00      0s
     308   -1.3440373e+28   2.830388e+32   1.344039e-02      5s
     743    3.3014609e+06   4.144806e+01   0.000000e+00     12s
     977    3.3014609e+06   8.427217e+01   0.000000e+00     15s
    1330    3.3014609e+06   1.486412e+01   0.000000e+00     21s
    1566    3.3014609e+06   0.000000e+00   0.000000e+00     24s

Solved in 1566 iterations and 24.41 seconds (35.74 work units)
Optimal objective  3.301460889e+06
Set parameter TimeLimit to value 1.8565298747937195e+03
Set parameter Method to value 1
Gurobi Optimizer version 12.0.3 build v12.0.3rc0 (linux64 - "Ubuntu 24.04.4 LTS")

CPU model: Intel(R) Xeon(R) Gold 5218R CPU @ 2.10GHz, instruction set [SSE2|AVX|AVX2|AVX512]
Thread count: 40 physical cores, 40 logical processors, using up to 1 threads

Non-default parameters:
TimeLimit  1.8565298747937195e+03
Method  1
BarHomogeneous  1
Threads  1

Optimize a model with 804 rows, 257887 columns and 6848548 nonzeros
Coefficient statistics:
  Matrix range     [1e+00, 1e+00]
  Objective range  [1e+05, 5e+05]
  Bounds range     [0e+00, 0e+00]
  RHS range        [1e+00, 1e+00]
LP warm-start: use basis

Iteration    Objective       Primal Inf.    Dual Inf.      Time
       0   -6.8829044e+30   5.101335e+33   6.882904e+00      1s
     349   -2.2388988e+29   1.157771e+33   2.238899e-01      5s
     667   -4.8279430e+28   8.395968e+32   4.827945e-02     10s
    1021    3.3014608e+06   2.823927e+02   0.000000e+00     16s
    1377    3.3014608e+06   8.136904e+01   0.000000e+00     21s
    1729    3.3014609e+06   4.579900e+01   0.000000e+00     27s
    1965    3.3014609e+06   9.263828e+01   0.000000e+00     30s
    2315    3.3014609e+06   3.837967e+01   0.000000e+00     36s
    2674    3.3014609e+06   5.269699e-01   0.000000e+00     41s
    2876    3.3014609e+06   0.000000e+00   0.000000e+00     44s

Solved in 2876 iterations and 44.32 seconds (64.86 work units)
Optimal objective  3.301460880e+06
Set parameter TimeLimit to value 1.7884822655934840e+03
Set parameter Method to value 1
Gurobi Optimizer version 12.0.3 build v12.0.3rc0 (linux64 - "Ubuntu 24.04.4 LTS")

CPU model: Intel(R) Xeon(R) Gold 5218R CPU @ 2.10GHz, instruction set [SSE2|AVX|AVX2|AVX512]
Thread count: 40 physical cores, 40 logical processors, using up to 1 threads

Non-default parameters:
TimeLimit  1.7884822655934840e+03
Method  1
BarHomogeneous  1
Threads  1

Optimize a model with 804 rows, 257917 columns and 6849581 nonzeros
Coefficient statistics:
  Matrix range     [1e+00, 1e+00]
  Objective range  [1e+05, 5e+05]
  Bounds range     [0e+00, 0e+00]
  RHS range        [1e+00, 1e+00]
LP warm-start: use basis

Iteration    Objective       Primal Inf.    Dual Inf.      Time
       0   -6.3444131e+30   5.378443e+33   6.344413e+00      1s
     356   -1.5405854e+28   2.687200e+32   1.540586e-02      5s
     720    3.3014608e+06   5.535918e+01   0.000000e+00     11s
    1067    3.3014609e+06   4.059450e+01   0.000000e+00     16s
    1412    3.3014609e+06   4.652566e+01   0.000000e+00     22s
    1646    3.3014609e+06   3.279799e+00   0.000000e+00     25s
    2000    3.3014609e+06   3.738209e-03   0.000000e+00     31s
    2016    3.3014609e+06   0.000000e+00   0.000000e+00     31s

Solved in 2016 iterations and 31.24 seconds (45.86 work units)
Optimal objective  3.301460877e+06
Set parameter TimeLimit to value 1.7351729975333437e+03
Set parameter Method to value 1
Gurobi Optimizer version 12.0.3 build v12.0.3rc0 (linux64 - "Ubuntu 24.04.4 LTS")

CPU model: Intel(R) Xeon(R) Gold 5218R CPU @ 2.10GHz, instruction set [SSE2|AVX|AVX2|AVX512]
Thread count: 40 physical cores, 40 logical processors, using up to 1 threads

Non-default parameters:
TimeLimit  1.7351729975333437e+03
Method  1
BarHomogeneous  1
Threads  1

Optimize a model with 804 rows, 257947 columns and 6850526 nonzeros
Coefficient statistics:
  Matrix range     [1e+00, 1e+00]
  Objective range  [1e+05, 5e+05]
  Bounds range     [0e+00, 0e+00]
  RHS range        [1e+00, 1e+00]
LP warm-start: use basis

Iteration    Objective       Primal Inf.    Dual Inf.      Time
       0   -6.3923964e+30   8.498369e+33   6.392396e+00      0s
      98    3.3014609e+06   0.000000e+00   0.000000e+00      2s

Solved in 98 iterations and 2.08 seconds (2.69 work units)
Optimal objective  3.301460877e+06
Set parameter TimeLimit to value 1.7120809579850174e+03
Set parameter Method to value 1
Gurobi Optimizer version 12.0.3 build v12.0.3rc0 (linux64 - "Ubuntu 24.04.4 LTS")

CPU model: Intel(R) Xeon(R) Gold 5218R CPU @ 2.10GHz, instruction set [SSE2|AVX|AVX2|AVX512]
Thread count: 40 physical cores, 40 logical processors, using up to 1 threads

Non-default parameters:
TimeLimit  1.7120809579850174e+03
Method  1
BarHomogeneous  1
Threads  1

Optimize a model with 804 rows, 257977 columns and 6851558 nonzeros
Coefficient statistics:
  Matrix range     [1e+00, 1e+00]
  Objective range  [1e+05, 5e+05]
  Bounds range     [0e+00, 0e+00]
  RHS range        [1e+00, 1e+00]
LP warm-start: use basis

Iteration    Objective       Primal Inf.    Dual Inf.      Time
       0   -6.0277746e+30   3.802455e+33   6.027774e+00      1s
     366   -3.8050179e+29   7.653023e+32   3.805018e-01      5s
     722   -1.2245325e+28   3.090385e+32   1.224540e-02     11s
    1047    3.3014608e+06   3.154637e+02   0.000000e+00     16s
    1400    3.3014608e+06   1.135464e+02   0.000000e+00     21s
    1755    3.3014609e+06   8.365839e+01   0.000000e+00     27s
    1990    3.3014609e+06   8.959554e+01   0.000000e+00     30s
    2337    3.3014609e+06   5.862509e+00   0.000000e+00     36s
    2688    3.3014609e+06   2.526940e-01   0.000000e+00     41s
    2778    3.3014609e+06   0.000000e+00   0.000000e+00     43s

Solved in 2778 iterations and 42.65 seconds (62.40 work units)
Optimal objective  3.301460870e+06
Set parameter TimeLimit to value 1.6455072480319068e+03
Set parameter Method to value 1
Gurobi Optimizer version 12.0.3 build v12.0.3rc0 (linux64 - "Ubuntu 24.04.4 LTS")

CPU model: Intel(R) Xeon(R) Gold 5218R CPU @ 2.10GHz, instruction set [SSE2|AVX|AVX2|AVX512]
Thread count: 40 physical cores, 40 logical processors, using up to 1 threads

Non-default parameters:
TimeLimit  1.6455072480319068e+03
Method  1
BarHomogeneous  1
Threads  1

Optimize a model with 804 rows, 258007 columns and 6852512 nonzeros
Coefficient statistics:
  Matrix range     [1e+00, 1e+00]
  Objective range  [1e+05, 5e+05]
  Bounds range     [0e+00, 0e+00]
  RHS range        [1e+00, 1e+00]
LP warm-start: use basis

Iteration    Objective       Primal Inf.    Dual Inf.      Time
       0   -6.4664663e+30   9.103338e+33   6.466466e+00      1s
     152    3.3014609e+06   0.000000e+00   0.000000e+00      3s

Solved in 152 iterations and 2.87 seconds (3.83 work units)
Optimal objective  3.301460870e+06
Set parameter TimeLimit to value 1.6232595822475851e+03
Set parameter Method to value 1
Gurobi Optimizer version 12.0.3 build v12.0.3rc0 (linux64 - "Ubuntu 24.04.4 LTS")

CPU model: Intel(R) Xeon(R) Gold 5218R CPU @ 2.10GHz, instruction set [SSE2|AVX|AVX2|AVX512]
Thread count: 40 physical cores, 40 logical processors, using up to 1 threads

Non-default parameters:
TimeLimit  1.6232595822475851e+03
Method  1
BarHomogeneous  1
Threads  1

Optimize a model with 804 rows, 258037 columns and 6853431 nonzeros
Coefficient statistics:
  Matrix range     [1e+00, 1e+00]
  Objective range  [1e+05, 5e+05]
  Bounds range     [0e+00, 0e+00]
  RHS range        [1e+00, 1e+00]
LP warm-start: use basis

Iteration    Objective       Primal Inf.    Dual Inf.      Time
       0   -5.9169850e+30   6.678229e+33   5.916985e+00      0s
     360   -8.7746022e+27   2.480556e+32   8.774612e-03      5s
     755    3.3014609e+06   3.687796e+02   0.000000e+00     12s
     992    3.3014609e+06   1.652372e+02   0.000000e+00     15s
    1349    3.3014609e+06   7.601757e+00   0.000000e+00     21s
    1706    3.3014609e+06   9.786070e-03   0.000000e+00     26s
    1711    3.3014609e+06   0.000000e+00   0.000000e+00     26s

Solved in 1711 iterations and 26.29 seconds (38.51 work units)
Optimal objective  3.301460866e+06
Set parameter TimeLimit to value 1.5730831305203028e+03
Set parameter Method to value 1
Gurobi Optimizer version 12.0.3 build v12.0.3rc0 (linux64 - "Ubuntu 24.04.4 LTS")

CPU model: Intel(R) Xeon(R) Gold 5218R CPU @ 2.10GHz, instruction set [SSE2|AVX|AVX2|AVX512]
Thread count: 40 physical cores, 40 logical processors, using up to 1 threads

Non-default parameters:
TimeLimit  1.5730831305203028e+03
Method  1
BarHomogeneous  1
Threads  1

Optimize a model with 804 rows, 258067 columns and 6854317 nonzeros
Coefficient statistics:
  Matrix range     [1e+00, 1e+00]
  Objective range  [1e+05, 5e+05]
  Bounds range     [0e+00, 0e+00]
  RHS range        [1e+00, 1e+00]
LP warm-start: use basis

Iteration    Objective       Primal Inf.    Dual Inf.      Time
       0   -5.8960394e+30   8.756528e+33   5.896039e+00      0s
     327    3.3014608e+06   4.213153e+01   0.000000e+00      5s
     683    3.3014609e+06   5.472008e+00   0.000000e+00     11s
    1033    3.3014609e+06   2.601053e+00   0.000000e+00     16s
    1209    3.3014609e+06   0.000000e+00   0.000000e+00     19s

Solved in 1209 iterations and 18.96 seconds (27.56 work units)
Optimal objective  3.301460864e+06
Set parameter TimeLimit to value 1.5317552883783355e+03
Set parameter Method to value 1
Gurobi Optimizer version 12.0.3 build v12.0.3rc0 (linux64 - "Ubuntu 24.04.4 LTS")

CPU model: Intel(R) Xeon(R) Gold 5218R CPU @ 2.10GHz, instruction set [SSE2|AVX|AVX2|AVX512]
Thread count: 40 physical cores, 40 logical processors, using up to 1 threads

Non-default parameters:
TimeLimit  1.5317552883783355e+03
Method  1
BarHomogeneous  1
Threads  1

Optimize a model with 804 rows, 258097 columns and 6855301 nonzeros
Coefficient statistics:
  Matrix range     [1e+00, 1e+00]
  Objective range  [1e+05, 5e+05]
  Bounds range     [0e+00, 0e+00]
  RHS range        [1e+00, 1e+00]
LP warm-start: use basis

Iteration    Objective       Primal Inf.    Dual Inf.      Time
       0   -5.6946921e+30   5.986258e+33   5.694692e+00      0s
     136    3.3014609e+06   0.000000e+00   0.000000e+00      3s

Solved in 136 iterations and 2.61 seconds (3.48 work units)
Optimal objective  3.301460864e+06
Set parameter TimeLimit to value 1.5055586900189519e+03
Set parameter Method to value 1
Gurobi Optimizer version 12.0.3 build v12.0.3rc0 (linux64 - "Ubuntu 24.04.4 LTS")

CPU model: Intel(R) Xeon(R) Gold 5218R CPU @ 2.10GHz, instruction set [SSE2|AVX|AVX2|AVX512]
Thread count: 40 physical cores, 40 logical processors, using up to 1 threads

Non-default parameters:
TimeLimit  1.5055586900189519e+03
Method  1
BarHomogeneous  1
Threads  1

Optimize a model with 804 rows, 258127 columns and 6856294 nonzeros
Coefficient statistics:
  Matrix range     [1e+00, 1e+00]
  Objective range  [1e+05, 5e+05]
  Bounds range     [0e+00, 0e+00]
  RHS range        [1e+00, 1e+00]
LP warm-start: use basis

Iteration    Objective       Primal Inf.    Dual Inf.      Time
       0   -6.3544204e+30   7.666264e+33   6.354420e+00      1s
       1    3.3014609e+06   0.000000e+00   0.000000e+00      1s

Solved in 1 iterations and 0.58 seconds (0.45 work units)
Optimal objective  3.301460864e+06
Set parameter TimeLimit to value 1.4854964244109578e+03
Set parameter Method to value 1
Gurobi Optimizer version 12.0.3 build v12.0.3rc0 (linux64 - "Ubuntu 24.04.4 LTS")

CPU model: Intel(R) Xeon(R) Gold 5218R CPU @ 2.10GHz, instruction set [SSE2|AVX|AVX2|AVX512]
Thread count: 40 physical cores, 40 logical processors, using up to 1 threads

Non-default parameters:
TimeLimit  1.4854964244109578e+03
Method  1
BarHomogeneous  1
Threads  1

Optimize a model with 804 rows, 258157 columns and 6857292 nonzeros
Coefficient statistics:
  Matrix range     [1e+00, 1e+00]
  Objective range  [1e+05, 5e+05]
  Bounds range     [0e+00, 0e+00]
  RHS range        [1e+00, 1e+00]
LP warm-start: use basis

Iteration    Objective       Primal Inf.    Dual Inf.      Time
       0   -5.3567865e+30   4.606216e+33   5.356786e+00      0s
     359   -7.0000094e+29   1.475453e+33   7.000010e-01      5s
     683   -2.5093542e+29   1.193625e+33   2.509354e-01     10s
    1120   -3.2956276e+27   1.333939e+32   3.295769e-03     17s
    1359    3.3014607e+06   5.318734e+02   0.000000e+00     21s
    1710    3.3014607e+06   1.824494e+03   0.000000e+00     26s
    2064    3.3014608e+06   1.229258e+02   0.000000e+00     31s
    2418    3.3014608e+06   4.632970e+02   0.000000e+00     37s
    2651    3.3014608e+06   1.820310e+02   0.000000e+00     40s
    3002    3.3014608e+06   4.853163e+01   0.000000e+00     46s
    3357    3.3014608e+06   6.519115e+00   0.000000e+00     51s
    3715    3.3014608e+06   4.620330e+00   0.000000e+00     57s
    3922    3.3014608e+06   0.000000e+00   0.000000e+00     60s

Solved in 3922 iterations and 59.94 seconds (88.15 work units)
Optimal objective  3.301460846e+06
Set parameter TimeLimit to value 1.4016146217179485e+03
Set parameter Method to value 1
Gurobi Optimizer version 12.0.3 build v12.0.3rc0 (linux64 - "Ubuntu 24.04.4 LTS")

CPU model: Intel(R) Xeon(R) Gold 5218R CPU @ 2.10GHz, instruction set [SSE2|AVX|AVX2|AVX512]
Thread count: 40 physical cores, 40 logical processors, using up to 1 threads

Non-default parameters:
TimeLimit  1.4016146217179485e+03
Method  1
BarHomogeneous  1
Threads  1

Optimize a model with 804 rows, 258187 columns and 6858268 nonzeros
Coefficient statistics:
  Matrix range     [1e+00, 1e+00]
  Objective range  [1e+05, 5e+05]
  Bounds range     [0e+00, 0e+00]
  RHS range        [1e+00, 1e+00]
LP warm-start: use basis

Iteration    Objective       Primal Inf.    Dual Inf.      Time
       0   -1.0142779e+31   2.110290e+34   1.014278e+01      1s
     228    3.3014608e+06   0.000000e+00   0.000000e+00      4s

Solved in 228 iterations and 4.09 seconds (5.62 work units)
Optimal objective  3.301460846e+06
Set parameter TimeLimit to value 1.3751790444045328e+03
Set parameter Method to value 1
Gurobi Optimizer version 12.0.3 build v12.0.3rc0 (linux64 - "Ubuntu 24.04.4 LTS")

CPU model: Intel(R) Xeon(R) Gold 5218R CPU @ 2.10GHz, instruction set [SSE2|AVX|AVX2|AVX512]
Thread count: 40 physical cores, 40 logical processors, using up to 1 threads

Non-default parameters:
TimeLimit  1.3751790444045328e+03
Method  1
BarHomogeneous  1
Threads  1

Optimize a model with 804 rows, 258217 columns and 6859207 nonzeros
Coefficient statistics:
  Matrix range     [1e+00, 1e+00]
  Objective range  [1e+05, 5e+05]
  Bounds range     [0e+00, 0e+00]
  RHS range        [1e+00, 1e+00]
LP warm-start: use basis

Iteration    Objective       Primal Inf.    Dual Inf.      Time
       0   -8.6634228e+30   1.661414e+34   8.663424e+00      0s
     113    3.3014608e+06   0.000000e+00   0.000000e+00      2s

Solved in 113 iterations and 2.38 seconds (3.00 work units)
Optimal objective  3.301460846e+06
Set parameter TimeLimit to value 1.3513334562508389e+03
Set parameter Method to value 1
Gurobi Optimizer version 12.0.3 build v12.0.3rc0 (linux64 - "Ubuntu 24.04.4 LTS")

CPU model: Intel(R) Xeon(R) Gold 5218R CPU @ 2.10GHz, instruction set [SSE2|AVX|AVX2|AVX512]
Thread count: 40 physical cores, 40 logical processors, using up to 1 threads

Non-default parameters:
TimeLimit  1.3513334562508389e+03
Method  1
BarHomogeneous  1
Threads  1

Optimize a model with 804 rows, 258247 columns and 6860123 nonzeros
Coefficient statistics:
  Matrix range     [1e+00, 1e+00]
  Objective range  [1e+05, 5e+05]
  Bounds range     [0e+00, 0e+00]
  RHS range        [1e+00, 1e+00]
LP warm-start: use basis

Iteration    Objective       Primal Inf.    Dual Inf.      Time
       0   -8.0959975e+30   1.574697e+34   8.095998e+00      1s
     127    3.3014608e+06   0.000000e+00   0.000000e+00      3s

Solved in 127 iterations and 2.58 seconds (3.26 work units)
Optimal objective  3.301460846e+06
Set parameter TimeLimit to value 1328.76407913398
Set parameter Method to value 1
Gurobi Optimizer version 12.0.3 build v12.0.3rc0 (linux64 - "Ubuntu 24.04.4 LTS")

CPU model: Intel(R) Xeon(R) Gold 5218R CPU @ 2.10GHz, instruction set [SSE2|AVX|AVX2|AVX512]
Thread count: 40 physical cores, 40 logical processors, using up to 1 threads

Non-default parameters:
TimeLimit  1328.76407913398
Method  1
BarHomogeneous  1
Threads  1

Optimize a model with 804 rows, 258277 columns and 6861043 nonzeros
Coefficient statistics:
  Matrix range     [1e+00, 1e+00]
  Objective range  [1e+05, 5e+05]
  Bounds range     [0e+00, 0e+00]
  RHS range        [1e+00, 1e+00]
LP warm-start: use basis

Iteration    Objective       Primal Inf.    Dual Inf.      Time
       0   -6.7499875e+30   1.183433e+34   6.749988e+00      0s
     367   -5.6780657e+29   1.982926e+33   5.678065e-01      5s
     698   -4.7010331e+28   2.181649e+33   4.701037e-02     10s
    1054    3.3014607e+06   4.307144e+02   0.000000e+00     16s
    1410    3.3014608e+06   2.156541e+02   0.000000e+00     22s
    1649    3.3014608e+06   1.263805e+02   0.000000e+00     25s
    2005    3.3014608e+06   1.062040e+02   0.000000e+00     31s
    2359    3.3014608e+06   5.109731e+01   0.000000e+00     37s
    2596    3.3014608e+06   8.267330e+01   0.000000e+00     40s
    2951    3.3014608e+06   4.170587e+01   0.000000e+00     46s
    3228    3.3014608e+06   0.000000e+00   0.000000e+00     51s

Solved in 3228 iterations and 50.53 seconds (71.80 work units)
Optimal objective  3.301460833e+06
Set parameter TimeLimit to value 1.2541785170482472e+03
Set parameter Method to value 1
Gurobi Optimizer version 12.0.3 build v12.0.3rc0 (linux64 - "Ubuntu 24.04.4 LTS")

CPU model: Intel(R) Xeon(R) Gold 5218R CPU @ 2.10GHz, instruction set [SSE2|AVX|AVX2|AVX512]
Thread count: 40 physical cores, 40 logical processors, using up to 1 threads

Non-default parameters:
TimeLimit  1.2541785170482472e+03
Method  1
BarHomogeneous  1
Threads  1

Optimize a model with 804 rows, 258307 columns and 6861944 nonzeros
Coefficient statistics:
  Matrix range     [1e+00, 1e+00]
  Objective range  [1e+05, 5e+05]
  Bounds range     [0e+00, 0e+00]
  RHS range        [1e+00, 1e+00]
LP warm-start: use basis

Iteration    Objective       Primal Inf.    Dual Inf.      Time
       0   -6.4639806e+30   6.088155e+33   6.463980e+00      1s
     360   -5.7646342e+29   1.020734e+33   5.764634e-01      5s
     678   -2.8302296e+28   1.701186e+33   2.830231e-02     10s
    1074    3.3014608e+06   1.714623e+02   0.000000e+00     17s
    1311    3.3014608e+06   9.424309e+01   0.000000e+00     21s
    1664    3.3014608e+06   1.317021e+02   0.000000e+00     26s
    2016    3.3014608e+06   4.271030e+01   0.000000e+00     32s
    2250    3.3014608e+06   2.346173e+01   0.000000e+00     36s
    2603    3.3014608e+06   4.350428e+00   0.000000e+00     41s
    2911    3.3014608e+06   0.000000e+00   0.000000e+00     46s

Solved in 2911 iterations and 46.15 seconds (65.39 work units)
Optimal objective  3.301460821e+06
Set parameter TimeLimit to value 1.1838756817779504e+03
Set parameter Method to value 1
Gurobi Optimizer version 12.0.3 build v12.0.3rc0 (linux64 - "Ubuntu 24.04.4 LTS")

CPU model: Intel(R) Xeon(R) Gold 5218R CPU @ 2.10GHz, instruction set [SSE2|AVX|AVX2|AVX512]
Thread count: 40 physical cores, 40 logical processors, using up to 1 threads

Non-default parameters:
TimeLimit  1.1838756817779504e+03
Method  1
BarHomogeneous  1
Threads  1

Optimize a model with 804 rows, 258337 columns and 6862892 nonzeros
Coefficient statistics:
  Matrix range     [1e+00, 1e+00]
  Objective range  [1e+05, 5e+05]
  Bounds range     [0e+00, 0e+00]
  RHS range        [1e+00, 1e+00]
LP warm-start: use basis

Iteration    Objective       Primal Inf.    Dual Inf.      Time
       0   -6.2827763e+30   4.505578e+33   6.282776e+00      1s
     357   -5.4722004e+29   1.139894e+33   5.472200e-01      5s
     716   -3.4546796e+28   2.787774e+32   3.454690e-02     10s
    1033    3.3014607e+06   3.510116e+02   0.000000e+00     15s
    1386    3.3014607e+06   3.630610e+02   0.000000e+00     21s
    1743    3.3014608e+06   4.179317e+01   0.000000e+00     26s
    2094    3.3014608e+06   3.876351e+01   0.000000e+00     31s
    2330    3.3014608e+06   1.257333e+01   0.000000e+00     35s
    2683    3.3014608e+06   6.431205e+00   0.000000e+00     41s
    3042    3.3014608e+06   2.198727e-01   0.000000e+00     46s
    3122    3.3014608e+06   0.000000e+00   0.000000e+00     47s

Solved in 3122 iterations and 47.32 seconds (70.05 work units)
Optimal objective  3.301460799e+06
Set parameter TimeLimit to value 1.1126080688266084e+03
Set parameter Method to value 1
Gurobi Optimizer version 12.0.3 build v12.0.3rc0 (linux64 - "Ubuntu 24.04.4 LTS")

CPU model: Intel(R) Xeon(R) Gold 5218R CPU @ 2.10GHz, instruction set [SSE2|AVX|AVX2|AVX512]
Thread count: 40 physical cores, 40 logical processors, using up to 1 threads

Non-default parameters:
TimeLimit  1.1126080688266084e+03
Method  1
BarHomogeneous  1
Threads  1

Optimize a model with 804 rows, 258367 columns and 6863854 nonzeros
Coefficient statistics:
  Matrix range     [1e+00, 1e+00]
  Objective range  [1e+05, 5e+05]
  Bounds range     [0e+00, 0e+00]
  RHS range        [1e+00, 1e+00]
LP warm-start: use basis

Iteration    Objective       Primal Inf.    Dual Inf.      Time
       0   -5.7730703e+30   4.846844e+33   5.773070e+00      1s
     365   -2.2425227e+29   8.994853e+32   2.242523e-01      5s
     726   -5.2829221e+27   6.770229e+32   5.283081e-03     11s
    1034    3.3014607e+06   2.548446e+02   0.000000e+00     15s
    1388    3.3014607e+06   1.211470e+02   0.000000e+00     21s
    1738    3.3014608e+06   3.197640e+01   0.000000e+00     26s
    2092    3.3014608e+06   3.264011e+02   0.000000e+00     31s
    2329    3.3014608e+06   7.381883e+00   0.000000e+00     35s
    2686    3.3014608e+06   2.023030e+01   0.000000e+00     41s
    3044    3.3014608e+06   2.757536e-02   0.000000e+00     46s
    3067    3.3014608e+06   0.000000e+00   0.000000e+00     47s

Solved in 3067 iterations and 46.58 seconds (68.51 work units)
Optimal objective  3.301460789e+06
Set parameter TimeLimit to value 1.0419297934682108e+03
Set parameter Method to value 1
Gurobi Optimizer version 12.0.3 build v12.0.3rc0 (linux64 - "Ubuntu 24.04.4 LTS")

CPU model: Intel(R) Xeon(R) Gold 5218R CPU @ 2.10GHz, instruction set [SSE2|AVX|AVX2|AVX512]
Thread count: 40 physical cores, 40 logical processors, using up to 1 threads

Non-default parameters:
TimeLimit  1.0419297934682108e+03
Method  1
BarHomogeneous  1
Threads  1

Optimize a model with 804 rows, 258397 columns and 6864782 nonzeros
Coefficient statistics:
  Matrix range     [1e+00, 1e+00]
  Objective range  [1e+05, 5e+05]
  Bounds range     [0e+00, 0e+00]
  RHS range        [1e+00, 1e+00]
LP warm-start: use basis

Iteration    Objective       Primal Inf.    Dual Inf.      Time
       0   -5.9072393e+30   4.699280e+33   5.907239e+00      1s
     349   -4.7636898e+28   2.217673e+33   4.763685e-02      5s
     674    3.3014607e+06   1.446862e+02   0.000000e+00     10s
    1027    3.3014608e+06   2.781707e+01   0.000000e+00     16s
    1377    3.3014608e+06   2.428230e+01   0.000000e+00     21s
    1730    3.3014608e+06   5.532655e+00   0.000000e+00     27s
    1964    3.3014608e+06   1.902665e+00   0.000000e+00     30s
    2192    3.3014608e+06   0.000000e+00   0.000000e+00     34s

Solved in 2192 iterations and 33.78 seconds (50.06 work units)
Optimal objective  3.301460783e+06
Set parameter TimeLimit to value 9.8583307791873813e+02
Set parameter Method to value 1
Gurobi Optimizer version 12.0.3 build v12.0.3rc0 (linux64 - "Ubuntu 24.04.4 LTS")

CPU model: Intel(R) Xeon(R) Gold 5218R CPU @ 2.10GHz, instruction set [SSE2|AVX|AVX2|AVX512]
Thread count: 40 physical cores, 40 logical processors, using up to 1 threads

Non-default parameters:
TimeLimit  9.8583307791873813e+02
Method  1
BarHomogeneous  1
Threads  1

Optimize a model with 804 rows, 258427 columns and 6865590 nonzeros
Coefficient statistics:
  Matrix range     [1e+00, 1e+00]
  Objective range  [1e+05, 5e+05]
  Bounds range     [0e+00, 0e+00]
  RHS range        [1e+00, 1e+00]
LP warm-start: use basis

Iteration    Objective       Primal Inf.    Dual Inf.      Time
       0   -6.5545051e+30   5.631928e+33   6.554505e+00      0s
      98    3.3014608e+06   0.000000e+00   0.000000e+00      2s

Solved in 98 iterations and 2.03 seconds (2.67 work units)
Optimal objective  3.301460783e+06
Set parameter TimeLimit to value 962.562368910294
Set parameter Method to value 1
Gurobi Optimizer version 12.0.3 build v12.0.3rc0 (linux64 - "Ubuntu 24.04.4 LTS")

CPU model: Intel(R) Xeon(R) Gold 5218R CPU @ 2.10GHz, instruction set [SSE2|AVX|AVX2|AVX512]
Thread count: 40 physical cores, 40 logical processors, using up to 1 threads

Non-default parameters:
TimeLimit  962.562368910294
Method  1
BarHomogeneous  1
Threads  1

Optimize a model with 804 rows, 258457 columns and 6866490 nonzeros
Coefficient statistics:
  Matrix range     [1e+00, 1e+00]
  Objective range  [1e+05, 5e+05]
  Bounds range     [0e+00, 0e+00]
  RHS range        [1e+00, 1e+00]
LP warm-start: use basis

Iteration    Objective       Primal Inf.    Dual Inf.      Time
       0   -6.0521315e+30   2.348115e+34   6.052133e+00      1s
     359   -5.7215878e+28   6.739508e+32   5.721589e-02      5s
     713    3.3014607e+06   1.835400e+02   0.000000e+00     11s
    1071    3.3014608e+06   1.175346e+02   0.000000e+00     16s
    1426    3.3014608e+06   4.252423e+01   0.000000e+00     22s
    1662    3.3014608e+06   1.224202e+01   0.000000e+00     25s
    2020    3.3014608e+06   1.142219e+00   0.000000e+00     31s
    2202    3.3014608e+06   0.000000e+00   0.000000e+00     33s

Solved in 2202 iterations and 33.49 seconds (49.82 work units)
Optimal objective  3.301460778e+06
Set parameter TimeLimit to value 9.0677722348365933e+02
Set parameter Method to value 1
Gurobi Optimizer version 12.0.3 build v12.0.3rc0 (linux64 - "Ubuntu 24.04.4 LTS")

CPU model: Intel(R) Xeon(R) Gold 5218R CPU @ 2.10GHz, instruction set [SSE2|AVX|AVX2|AVX512]
Thread count: 40 physical cores, 40 logical processors, using up to 1 threads

Non-default parameters:
TimeLimit  9.0677722348365933e+02
Method  1
BarHomogeneous  1
Threads  1

Optimize a model with 804 rows, 258487 columns and 6867428 nonzeros
Coefficient statistics:
  Matrix range     [1e+00, 1e+00]
  Objective range  [1e+05, 5e+05]
  Bounds range     [0e+00, 0e+00]
  RHS range        [1e+00, 1e+00]
LP warm-start: use basis

Iteration    Objective       Primal Inf.    Dual Inf.      Time
       0   -5.6862343e+30   1.017229e+34   5.686234e+00      1s
     356   -1.0718572e+29   6.770550e+32   1.071857e-01      5s
     754    3.3014607e+06   1.417207e+03   0.000000e+00     11s
    1108    3.3014607e+06   8.168969e+01   0.000000e+00     17s
    1347    3.3014608e+06   2.074995e+02   0.000000e+00     20s
    1705    3.3014608e+06   1.427343e+02   0.000000e+00     26s
    2062    3.3014608e+06   1.024596e+01   0.000000e+00     31s
    2420    3.3014608e+06   7.637250e-01   0.000000e+00     37s
    2577    3.3014608e+06   0.000000e+00   0.000000e+00     39s

Solved in 2577 iterations and 39.01 seconds (57.97 work units)
Optimal objective  3.301460775e+06
Set parameter TimeLimit to value 8.4392044214438647e+02
Set parameter Method to value 1
Gurobi Optimizer version 12.0.3 build v12.0.3rc0 (linux64 - "Ubuntu 24.04.4 LTS")

CPU model: Intel(R) Xeon(R) Gold 5218R CPU @ 2.10GHz, instruction set [SSE2|AVX|AVX2|AVX512]
Thread count: 40 physical cores, 40 logical processors, using up to 1 threads

Non-default parameters:
TimeLimit  8.4392044214438647e+02
Method  1
BarHomogeneous  1
Threads  1

Optimize a model with 804 rows, 258517 columns and 6868349 nonzeros
Coefficient statistics:
  Matrix range     [1e+00, 1e+00]
  Objective range  [1e+05, 5e+05]
  Bounds range     [0e+00, 0e+00]
  RHS range        [1e+00, 1e+00]
LP warm-start: use basis

Iteration    Objective       Primal Inf.    Dual Inf.      Time
       0   -5.6154942e+30   1.620720e+34   5.615495e+00      1s
     145    3.3014608e+06   0.000000e+00   0.000000e+00      3s

Solved in 145 iterations and 2.75 seconds (3.69 work units)
Optimal objective  3.301460775e+06
Set parameter TimeLimit to value 8.1995582212740555e+02
Set parameter Method to value 1
Gurobi Optimizer version 12.0.3 build v12.0.3rc0 (linux64 - "Ubuntu 24.04.4 LTS")

CPU model: Intel(R) Xeon(R) Gold 5218R CPU @ 2.10GHz, instruction set [SSE2|AVX|AVX2|AVX512]
Thread count: 40 physical cores, 40 logical processors, using up to 1 threads

Non-default parameters:
TimeLimit  8.1995582212740555e+02
Method  1
BarHomogeneous  1
Threads  1

Optimize a model with 804 rows, 258547 columns and 6869219 nonzeros
Coefficient statistics:
  Matrix range     [1e+00, 1e+00]
  Objective range  [1e+05, 5e+05]
  Bounds range     [0e+00, 0e+00]
  RHS range        [1e+00, 1e+00]
LP warm-start: use basis

Iteration    Objective       Primal Inf.    Dual Inf.      Time
       0   -5.3235940e+30   1.092785e+34   5.323594e+00      1s
     424    3.3014608e+06   1.076841e+03   0.000000e+00      7s
     663    3.3014608e+06   2.501953e+02   0.000000e+00     10s
    1021    3.3014608e+06   5.452041e+00   0.000000e+00     16s
    1379    3.3014608e+06   1.394184e-02   0.000000e+00     21s
    1385    3.3014608e+06   0.000000e+00   0.000000e+00     21s

Solved in 1385 iterations and 21.20 seconds (31.39 work units)
Optimal objective  3.301460771e+06
Set parameter TimeLimit to value 7.7654118541860953e+02
Set parameter Method to value 1
Gurobi Optimizer version 12.0.3 build v12.0.3rc0 (linux64 - "Ubuntu 24.04.4 LTS")

CPU model: Intel(R) Xeon(R) Gold 5218R CPU @ 2.10GHz, instruction set [SSE2|AVX|AVX2|AVX512]
Thread count: 40 physical cores, 40 logical processors, using up to 1 threads

Non-default parameters:
TimeLimit  7.7654118541860953e+02
Method  1
BarHomogeneous  1
Threads  1

Optimize a model with 804 rows, 258577 columns and 6870180 nonzeros
Coefficient statistics:
  Matrix range     [1e+00, 1e+00]
  Objective range  [1e+05, 5e+05]
  Bounds range     [0e+00, 0e+00]
  RHS range        [1e+00, 1e+00]
LP warm-start: use basis

Iteration    Objective       Primal Inf.    Dual Inf.      Time
       0   -1.0934438e+31   3.431634e+34   1.093444e+01      0s
       1    3.3014608e+06   0.000000e+00   0.000000e+00      1s

Solved in 1 iterations and 0.57 seconds (0.43 work units)
Optimal objective  3.301460771e+06
Set parameter TimeLimit to value 7.5480853896681219e+02
Set parameter Method to value 1
Gurobi Optimizer version 12.0.3 build v12.0.3rc0 (linux64 - "Ubuntu 24.04.4 LTS")

CPU model: Intel(R) Xeon(R) Gold 5218R CPU @ 2.10GHz, instruction set [SSE2|AVX|AVX2|AVX512]
Thread count: 40 physical cores, 40 logical processors, using up to 1 threads

Non-default parameters:
TimeLimit  7.5480853896681219e+02
Method  1
BarHomogeneous  1
Threads  1

Optimize a model with 804 rows, 258607 columns and 6871117 nonzeros
Coefficient statistics:
  Matrix range     [1e+00, 1e+00]
  Objective range  [1e+05, 5e+05]
  Bounds range     [0e+00, 0e+00]
  RHS range        [1e+00, 1e+00]
LP warm-start: use basis

Iteration    Objective       Primal Inf.    Dual Inf.      Time
       0   -5.5805789e+30   9.180108e+33   5.580579e+00      1s
     358   -2.6034144e+29   7.987290e+32   2.603415e-01      5s
     744    4.2856730e+22   2.706514e+32   2.814029e-03     11s
    1104    3.3014607e+06   9.073944e+01   0.000000e+00     17s
    1338    3.3014607e+06   5.900353e+01   0.000000e+00     20s
    1690    3.3014607e+06   1.468985e+02   0.000000e+00     26s
    2043    3.3014608e+06   6.692419e+01   0.000000e+00     31s
    2400    3.3014608e+06   8.589975e+00   0.000000e+00     36s
    2754    3.3014608e+06   7.194084e+00   0.000000e+00     42s
    2961    3.3014608e+06   0.000000e+00   0.000000e+00     45s

Solved in 2961 iterations and 45.08 seconds (66.74 work units)
Optimal objective  3.301460763e+06
Set parameter TimeLimit to value 6.8585306458966807e+02
Set parameter Method to value 1
Gurobi Optimizer version 12.0.3 build v12.0.3rc0 (linux64 - "Ubuntu 24.04.4 LTS")

CPU model: Intel(R) Xeon(R) Gold 5218R CPU @ 2.10GHz, instruction set [SSE2|AVX|AVX2|AVX512]
Thread count: 40 physical cores, 40 logical processors, using up to 1 threads

Non-default parameters:
TimeLimit  6.8585306458966807e+02
Method  1
BarHomogeneous  1
Threads  1

Optimize a model with 804 rows, 258637 columns and 6872051 nonzeros
Coefficient statistics:
  Matrix range     [1e+00, 1e+00]
  Objective range  [1e+05, 5e+05]
  Bounds range     [0e+00, 0e+00]
  RHS range        [1e+00, 1e+00]
LP warm-start: use basis

Iteration    Objective       Primal Inf.    Dual Inf.      Time
       0   -6.8292701e+30   9.784372e+33   6.829270e+00      1s
     354   -1.0058360e+29   1.164340e+33   1.005836e-01      5s
     708    3.3014607e+06   4.846834e+02   0.000000e+00     11s
    1067    3.3014607e+06   4.495678e+02   0.000000e+00     16s
    1424    3.3014607e+06   4.521602e+01   0.000000e+00     22s
    1661    3.3014608e+06   1.609489e+01   0.000000e+00     25s
    2019    3.3014608e+06   4.612986e+01   0.000000e+00     31s
    2345    3.3014608e+06   0.000000e+00   0.000000e+00     36s

Solved in 2345 iterations and 35.96 seconds (52.82 work units)
Optimal objective  3.301460757e+06
Set parameter TimeLimit to value 6.2599274183996022e+02
Set parameter Method to value 1
Gurobi Optimizer version 12.0.3 build v12.0.3rc0 (linux64 - "Ubuntu 24.04.4 LTS")

CPU model: Intel(R) Xeon(R) Gold 5218R CPU @ 2.10GHz, instruction set [SSE2|AVX|AVX2|AVX512]
Thread count: 40 physical cores, 40 logical processors, using up to 1 threads

Non-default parameters:
TimeLimit  6.2599274183996022e+02
Method  1
BarHomogeneous  1
Threads  1

Optimize a model with 804 rows, 258667 columns and 6872825 nonzeros
Coefficient statistics:
  Matrix range     [1e+00, 1e+00]
  Objective range  [1e+05, 5e+05]
  Bounds range     [0e+00, 0e+00]
  RHS range        [1e+00, 1e+00]
LP warm-start: use basis

Iteration    Objective       Primal Inf.    Dual Inf.      Time
       0   -7.1491607e+30   6.883652e+33   7.149161e+00      0s
     108    3.3014608e+06   0.000000e+00   0.000000e+00      2s

Solved in 108 iterations and 2.12 seconds (2.81 work units)
Optimal objective  3.301460757e+06
Set parameter TimeLimit to value 6.0438642397522926e+02
Set parameter Method to value 1
Gurobi Optimizer version 12.0.3 build v12.0.3rc0 (linux64 - "Ubuntu 24.04.4 LTS")

CPU model: Intel(R) Xeon(R) Gold 5218R CPU @ 2.10GHz, instruction set [SSE2|AVX|AVX2|AVX512]
Thread count: 40 physical cores, 40 logical processors, using up to 1 threads

Non-default parameters:
TimeLimit  6.0438642397522926e+02
Method  1
BarHomogeneous  1
Threads  1

Optimize a model with 804 rows, 258697 columns and 6873796 nonzeros
Coefficient statistics:
  Matrix range     [1e+00, 1e+00]
  Objective range  [1e+05, 5e+05]
  Bounds range     [0e+00, 0e+00]
  RHS range        [1e+00, 1e+00]
LP warm-start: use basis

Iteration    Objective       Primal Inf.    Dual Inf.      Time
       0   -5.7305781e+30   8.906799e+33   5.730578e+00      0s
     362   -6.8294396e+28   3.843132e+32   6.829440e-02      5s
     760    3.3014607e+06   4.016354e+02   0.000000e+00     11s
     998    3.3014607e+06   1.146390e+03   0.000000e+00     15s
    1355    3.3014607e+06   4.643412e+01   0.000000e+00     21s
    1711    3.3014607e+06   3.799251e+01   0.000000e+00     26s
    2070    3.3014608e+06   1.470667e+01   0.000000e+00     31s
    2309    3.3014608e+06   7.919313e-02   0.000000e+00     35s
    2325    3.3014608e+06   0.000000e+00   0.000000e+00     35s

Solved in 2325 iterations and 35.40 seconds (52.35 work units)
Optimal objective  3.301460753e+06
Set parameter TimeLimit to value 5.4513337106676772e+02
Set parameter Method to value 1
Gurobi Optimizer version 12.0.3 build v12.0.3rc0 (linux64 - "Ubuntu 24.04.4 LTS")

CPU model: Intel(R) Xeon(R) Gold 5218R CPU @ 2.10GHz, instruction set [SSE2|AVX|AVX2|AVX512]
Thread count: 40 physical cores, 40 logical processors, using up to 1 threads

Non-default parameters:
TimeLimit  5.4513337106676772e+02
Method  1
BarHomogeneous  1
Threads  1

Optimize a model with 804 rows, 258727 columns and 6874731 nonzeros
Coefficient statistics:
  Matrix range     [1e+00, 1e+00]
  Objective range  [1e+05, 5e+05]
  Bounds range     [0e+00, 0e+00]
  RHS range        [1e+00, 1e+00]
LP warm-start: use basis

Iteration    Objective       Primal Inf.    Dual Inf.      Time
       0   -5.9016510e+30   1.224195e+34   5.901651e+00      1s
      98    3.3014608e+06   0.000000e+00   0.000000e+00      2s

Solved in 98 iterations and 2.02 seconds (2.60 work units)
Optimal objective  3.301460753e+06
Set parameter TimeLimit to value 5.2228283441578969e+02
Set parameter Method to value 1
Gurobi Optimizer version 12.0.3 build v12.0.3rc0 (linux64 - "Ubuntu 24.04.4 LTS")

CPU model: Intel(R) Xeon(R) Gold 5218R CPU @ 2.10GHz, instruction set [SSE2|AVX|AVX2|AVX512]
Thread count: 40 physical cores, 40 logical processors, using up to 1 threads

Non-default parameters:
TimeLimit  5.2228283441578969e+02
Method  1
BarHomogeneous  1
Threads  1

Optimize a model with 804 rows, 258757 columns and 6875695 nonzeros
Coefficient statistics:
  Matrix range     [1e+00, 1e+00]
  Objective range  [1e+05, 5e+05]
  Bounds range     [0e+00, 0e+00]
  RHS range        [1e+00, 1e+00]
LP warm-start: use basis

Iteration    Objective       Primal Inf.    Dual Inf.      Time
       0   -5.1797324e+30   8.373460e+33   5.179733e+00      0s
     362   -1.2379587e+29   5.351490e+32   1.237959e-01      5s
     718    3.3014607e+06   1.577271e+03   0.000000e+00     11s
    1073    3.3014607e+06   4.946766e+01   0.000000e+00     16s
    1432    3.3014607e+06   1.945830e+02   0.000000e+00     22s
    1669    3.3014607e+06   3.711869e+00   0.000000e+00     25s
    2027    3.3014607e+06   1.071269e+01   0.000000e+00     31s
    2352    3.3014607e+06   0.000000e+00   0.000000e+00     36s

Solved in 2352 iterations and 35.69 seconds (52.94 work units)
Optimal objective  3.301460747e+06
Set parameter TimeLimit to value 4.6377294620638713e+02
Set parameter Method to value 1
Gurobi Optimizer version 12.0.3 build v12.0.3rc0 (linux64 - "Ubuntu 24.04.4 LTS")

CPU model: Intel(R) Xeon(R) Gold 5218R CPU @ 2.10GHz, instruction set [SSE2|AVX|AVX2|AVX512]
Thread count: 40 physical cores, 40 logical processors, using up to 1 threads

Non-default parameters:
TimeLimit  4.6377294620638713e+02
Method  1
BarHomogeneous  1
Threads  1

Optimize a model with 804 rows, 258787 columns and 6876616 nonzeros
Coefficient statistics:
  Matrix range     [1e+00, 1e+00]
  Objective range  [1e+05, 5e+05]
  Bounds range     [0e+00, 0e+00]
  RHS range        [1e+00, 1e+00]
LP warm-start: use basis

Iteration    Objective       Primal Inf.    Dual Inf.      Time
       0   -6.9804179e+30   1.554526e+34   6.980418e+00      0s
     128    3.3014607e+06   0.000000e+00   0.000000e+00      2s

Solved in 128 iterations and 2.49 seconds (3.29 work units)
Optimal objective  3.301460747e+06
Set parameter TimeLimit to value 4.4017038981895894e+02
Set parameter Method to value 1
Gurobi Optimizer version 12.0.3 build v12.0.3rc0 (linux64 - "Ubuntu 24.04.4 LTS")

CPU model: Intel(R) Xeon(R) Gold 5218R CPU @ 2.10GHz, instruction set [SSE2|AVX|AVX2|AVX512]
Thread count: 40 physical cores, 40 logical processors, using up to 1 threads

Non-default parameters:
TimeLimit  4.4017038981895894e+02
Method  1
BarHomogeneous  1
Threads  1

Optimize a model with 804 rows, 258817 columns and 6877497 nonzeros
Coefficient statistics:
  Matrix range     [1e+00, 1e+00]
  Objective range  [1e+05, 5e+05]
  Bounds range     [0e+00, 0e+00]
  RHS range        [1e+00, 1e+00]
LP warm-start: use basis

Iteration    Objective       Primal Inf.    Dual Inf.      Time
       0   -5.8920981e+30   5.546090e+33   5.892098e+00      1s
     431    3.3014607e+06   4.335384e+01   0.000000e+00      7s
     668    3.3014607e+06   2.160649e+01   0.000000e+00     10s
    1026    3.3014607e+06   1.163604e+01   0.000000e+00     16s
    1381    3.3014607e+06   5.098580e-02   0.000000e+00     21s
    1415    3.3014607e+06   0.000000e+00   0.000000e+00     22s

Solved in 1415 iterations and 21.66 seconds (31.94 work units)
Optimal objective  3.301460743e+06
Set parameter TimeLimit to value 3.9612013429543003e+02
Set parameter Method to value 1
Gurobi Optimizer version 12.0.3 build v12.0.3rc0 (linux64 - "Ubuntu 24.04.4 LTS")

CPU model: Intel(R) Xeon(R) Gold 5218R CPU @ 2.10GHz, instruction set [SSE2|AVX|AVX2|AVX512]
Thread count: 40 physical cores, 40 logical processors, using up to 1 threads

Non-default parameters:
TimeLimit  3.9612013429543003e+02
Method  1
BarHomogeneous  1
Threads  1

Optimize a model with 804 rows, 258847 columns and 6878351 nonzeros
Coefficient statistics:
  Matrix range     [1e+00, 1e+00]
  Objective range  [1e+05, 5e+05]
  Bounds range     [0e+00, 0e+00]
  RHS range        [1e+00, 1e+00]
LP warm-start: use basis

Iteration    Objective       Primal Inf.    Dual Inf.      Time
       0   -4.4946413e+30   3.683537e+33   4.494641e+00      0s
     354   -2.1372641e+29   1.438201e+33   2.137265e-01      5s
     677    1.5048664e+23   4.870672e+31   3.464471e-04     10s
    1033    3.3014607e+06   1.127254e+02   0.000000e+00     16s
    1390    3.3014607e+06   3.103956e+02   0.000000e+00     21s
    1747    3.3014607e+06   2.233209e+01   0.000000e+00     27s
    1977    3.3014607e+06   1.431359e+01   0.000000e+00     30s
    2326    3.3014607e+06   1.441077e+01   0.000000e+00     36s
    2683    3.3014607e+06   2.094103e+00   0.000000e+00     41s
    3035    3.3014607e+06   0.000000e+00   0.000000e+00     47s

Solved in 3035 iterations and 46.62 seconds (68.98 work units)
Optimal objective  3.301460731e+06
Set parameter TimeLimit to value 3.2550720755290240e+02
Set parameter Method to value 1
Gurobi Optimizer version 12.0.3 build v12.0.3rc0 (linux64 - "Ubuntu 24.04.4 LTS")

CPU model: Intel(R) Xeon(R) Gold 5218R CPU @ 2.10GHz, instruction set [SSE2|AVX|AVX2|AVX512]
Thread count: 40 physical cores, 40 logical processors, using up to 1 threads

Non-default parameters:
TimeLimit  3.2550720755290240e+02
Method  1
BarHomogeneous  1
Threads  1

Optimize a model with 804 rows, 258877 columns and 6879219 nonzeros
Coefficient statistics:
  Matrix range     [1e+00, 1e+00]
  Objective range  [1e+05, 5e+05]
  Bounds range     [0e+00, 0e+00]
  RHS range        [1e+00, 1e+00]
LP warm-start: use basis

Iteration    Objective       Primal Inf.    Dual Inf.      Time
       0   -4.9730340e+30   6.809576e+33   4.973034e+00      1s
     366   -2.9101656e+29   1.598706e+33   2.910165e-01      5s
     686   -2.1245325e+28   3.363787e+32   2.124532e-02     10s
    1095    3.3014607e+06   1.829816e+03   0.000000e+00     17s
    1335    3.3014607e+06   7.643396e+01   0.000000e+00     20s
    1686    3.3014607e+06   1.425000e+02   0.000000e+00     26s
    2037    3.3014607e+06   4.059901e+01   0.000000e+00     31s
    2393    3.3014607e+06   2.729415e+00   0.000000e+00     36s
    2626    3.3014607e+06   2.027390e+00   0.000000e+00     40s
    2915    3.3014607e+06   0.000000e+00   0.000000e+00     45s

Solved in 2915 iterations and 44.62 seconds (65.96 work units)
Optimal objective  3.301460720e+06
Set parameter TimeLimit to value 2.5696100486023352e+02
Set parameter Method to value 1
Gurobi Optimizer version 12.0.3 build v12.0.3rc0 (linux64 - "Ubuntu 24.04.4 LTS")

CPU model: Intel(R) Xeon(R) Gold 5218R CPU @ 2.10GHz, instruction set [SSE2|AVX|AVX2|AVX512]
Thread count: 40 physical cores, 40 logical processors, using up to 1 threads

Non-default parameters:
TimeLimit  2.5696100486023352e+02
Method  1
BarHomogeneous  1
Threads  1

Optimize a model with 804 rows, 258907 columns and 6880214 nonzeros
Coefficient statistics:
  Matrix range     [1e+00, 1e+00]
  Objective range  [1e+05, 5e+05]
  Bounds range     [0e+00, 0e+00]
  RHS range        [1e+00, 1e+00]
LP warm-start: use basis

Iteration    Objective       Primal Inf.    Dual Inf.      Time
       0   -6.1132004e+30   4.655462e+33   6.113200e+00      1s
     148    3.3014607e+06   0.000000e+00   0.000000e+00      3s

Solved in 148 iterations and 2.80 seconds (3.76 work units)
Optimal objective  3.301460720e+06
Set parameter TimeLimit to value 2.3290423953766003e+02
Set parameter Method to value 1
Gurobi Optimizer version 12.0.3 build v12.0.3rc0 (linux64 - "Ubuntu 24.04.4 LTS")

CPU model: Intel(R) Xeon(R) Gold 5218R CPU @ 2.10GHz, instruction set [SSE2|AVX|AVX2|AVX512]
Thread count: 40 physical cores, 40 logical processors, using up to 1 threads

Non-default parameters:
TimeLimit  2.3290423953766003e+02
Method  1
BarHomogeneous  1
Threads  1

Optimize a model with 804 rows, 258937 columns and 6881153 nonzeros
Coefficient statistics:
  Matrix range     [1e+00, 1e+00]
  Objective range  [1e+05, 5e+05]
  Bounds range     [0e+00, 0e+00]
  RHS range        [1e+00, 1e+00]
LP warm-start: use basis

Iteration    Objective       Primal Inf.    Dual Inf.      Time
       0   -5.9640772e+30   4.640334e+33   5.964077e+00      1s
     360   -2.1339884e+27   1.429949e+32   2.133993e-03      5s
     690    3.3014607e+06   5.777616e+01   0.000000e+00     11s
    1045    3.3014607e+06   1.297186e+01   0.000000e+00     16s
    1400    3.3014607e+06   9.478263e+00   0.000000e+00     21s
    1640    3.3014607e+06   3.224652e+00   0.000000e+00     25s
    1807    3.3014607e+06   0.000000e+00   0.000000e+00     28s

Solved in 1807 iterations and 27.78 seconds (40.78 work units)
Optimal objective  3.301460714e+06
Set parameter TimeLimit to value 1.8277524297265336e+02
Set parameter Method to value 1
Gurobi Optimizer version 12.0.3 build v12.0.3rc0 (linux64 - "Ubuntu 24.04.4 LTS")

CPU model: Intel(R) Xeon(R) Gold 5218R CPU @ 2.10GHz, instruction set [SSE2|AVX|AVX2|AVX512]
Thread count: 40 physical cores, 40 logical processors, using up to 1 threads

Non-default parameters:
TimeLimit  1.8277524297265336e+02
Method  1
BarHomogeneous  1
Threads  1

Optimize a model with 804 rows, 258967 columns and 6882070 nonzeros
Coefficient statistics:
  Matrix range     [1e+00, 1e+00]
  Objective range  [1e+05, 5e+05]
  Bounds range     [0e+00, 0e+00]
  RHS range        [1e+00, 1e+00]
LP warm-start: use basis

Iteration    Objective       Primal Inf.    Dual Inf.      Time
       0   -5.1861553e+30   1.271113e+34   5.186156e+00      0s
     104    3.3014607e+06   0.000000e+00   0.000000e+00      2s

Solved in 104 iterations and 2.07 seconds (2.70 work units)
Optimal objective  3.301460714e+06
Set parameter TimeLimit to value 1.5955585425626487e+02
Set parameter Method to value 1
Gurobi Optimizer version 12.0.3 build v12.0.3rc0 (linux64 - "Ubuntu 24.04.4 LTS")

CPU model: Intel(R) Xeon(R) Gold 5218R CPU @ 2.10GHz, instruction set [SSE2|AVX|AVX2|AVX512]
Thread count: 40 physical cores, 40 logical processors, using up to 1 threads

Non-default parameters:
TimeLimit  1.5955585425626487e+02
Method  1
BarHomogeneous  1
Threads  1

Optimize a model with 804 rows, 258997 columns and 6882961 nonzeros
Coefficient statistics:
  Matrix range     [1e+00, 1e+00]
  Objective range  [1e+05, 5e+05]
  Bounds range     [0e+00, 0e+00]
  RHS range        [1e+00, 1e+00]
LP warm-start: use basis

Iteration    Objective       Primal Inf.    Dual Inf.      Time
       0   -4.7661060e+30   8.934948e+33   4.766106e+00      0s
     334   -9.6956165e+28   4.120265e+32   9.695618e-02      5s
     778    3.3014606e+06   6.575658e+02   0.000000e+00     12s
    1010    3.3014607e+06   1.604370e+02   0.000000e+00     16s
    1362    3.3014607e+06   1.295298e+02   0.000000e+00     21s
    1712    3.3014607e+06   1.991640e+02   0.000000e+00     26s
    1950    3.3014607e+06   2.486012e+01   0.000000e+00     30s
    2306    3.3014607e+06   3.241519e+00   0.000000e+00     36s
    2589    3.3014607e+06   0.000000e+00   0.000000e+00     40s

Solved in 2589 iterations and 39.97 seconds (58.66 work units)
Optimal objective  3.301460708e+06
Set parameter TimeLimit to value 95.7268832065165
Set parameter Method to value 1
Gurobi Optimizer version 12.0.3 build v12.0.3rc0 (linux64 - "Ubuntu 24.04.4 LTS")

CPU model: Intel(R) Xeon(R) Gold 5218R CPU @ 2.10GHz, instruction set [SSE2|AVX|AVX2|AVX512]
Thread count: 40 physical cores, 40 logical processors, using up to 1 threads

Non-default parameters:
TimeLimit  95.7268832065165
Method  1
BarHomogeneous  1
Threads  1

Optimize a model with 804 rows, 259027 columns and 6883874 nonzeros
Coefficient statistics:
  Matrix range     [1e+00, 1e+00]
  Objective range  [1e+05, 5e+05]
  Bounds range     [0e+00, 0e+00]
  RHS range        [1e+00, 1e+00]
LP warm-start: use basis

Iteration    Objective       Primal Inf.    Dual Inf.      Time
       0   -4.4382771e+30   5.775765e+33   4.438277e+00      0s
     362   -8.2742792e+28   7.884289e+32   8.274281e-02      6s
     681    3.3014606e+06   8.718382e+02   0.000000e+00     11s
    1032    3.3014607e+06   6.947654e+01   0.000000e+00     16s
    1272    3.3014607e+06   1.043250e+02   0.000000e+00     20s
    1626    3.3014607e+06   1.969818e+01   0.000000e+00     26s
    1979    3.3014607e+06   8.006607e+00   0.000000e+00     31s
    2216    3.3014607e+06   7.181160e-01   0.000000e+00     35s
    2385    3.3014607e+06   0.000000e+00   0.000000e+00     38s

Solved in 2385 iterations and 37.86 seconds (53.61 work units)
Optimal objective  3.301460703e+06
Set parameter TimeLimit to value 3.3816830147523433e+01
Set parameter Method to value 1
Gurobi Optimizer version 12.0.3 build v12.0.3rc0 (linux64 - "Ubuntu 24.04.4 LTS")

CPU model: Intel(R) Xeon(R) Gold 5218R CPU @ 2.10GHz, instruction set [SSE2|AVX|AVX2|AVX512]
Thread count: 40 physical cores, 40 logical processors, using up to 1 threads

Non-default parameters:
TimeLimit  3.3816830147523433e+01
Method  1
BarHomogeneous  1
Threads  1

Optimize a model with 804 rows, 259057 columns and 6884737 nonzeros
Coefficient statistics:
  Matrix range     [1e+00, 1e+00]
  Objective range  [1e+05, 5e+05]
  Bounds range     [0e+00, 0e+00]
  RHS range        [1e+00, 1e+00]
LP warm-start: use basis

Iteration    Objective       Primal Inf.    Dual Inf.      Time
       0   -4.7054684e+30   4.214159e+33   4.705468e+00      1s
     311   -4.0385824e+28   2.968859e+33   4.038591e-02      5s
     671    3.3014607e+06   2.457949e+02   0.000000e+00     11s
    1028    3.3014607e+06   4.163464e+02   0.000000e+00     16s
    1265    3.3014607e+06   8.661931e+00   0.000000e+00     20s
    1623    3.3014607e+06   9.478851e-02   0.000000e+00     26s
    1636    3.3014607e+06   0.000000e+00   0.000000e+00     26s

Solved in 1636 iterations and 26.12 seconds (36.91 work units)
Optimal objective  3.301460703e+06
Set parameter TimeLimit to value 8.1909716357477009e+00
Set parameter Method to value 1
Gurobi Optimizer version 12.0.3 build v12.0.3rc0 (linux64 - "Ubuntu 24.04.4 LTS")

CPU model: Intel(R) Xeon(R) Gold 5218R CPU @ 2.10GHz, instruction set [SSE2|AVX|AVX2|AVX512]
Thread count: 40 physical cores, 40 logical processors, using up to 1 threads

Non-default parameters:
TimeLimit  8.1909716357477009e+00
Method  1
BarHomogeneous  1
Threads  1

Optimize a model with 804 rows, 259087 columns and 6885659 nonzeros
Coefficient statistics:
  Matrix range     [1e+00, 1e+00]
  Objective range  [1e+05, 5e+05]
  Bounds range     [0e+00, 0e+00]
  RHS range        [1e+00, 1e+00]
LP warm-start: use basis

Iteration    Objective       Primal Inf.    Dual Inf.      Time
       0   -4.1190867e+30   1.203821e+34   4.119087e+00      0s
     359   -2.1253419e+29   1.562149e+33   2.125342e-01      6s

Stopped in 529 iterations and 8.20 seconds (11.43 work units)
Time limit reached
