
Gurobi 12.0.3 (linux64) logging started Tue Sep 22 00:49:33 2026

Set parameter LogFile to value "/share/scaglione/nc437/evsp-dr/chain_extension_33_40_20260921/cases/w3_k33/cg/661668_r0/cg.json.gurobi.log"
Set parameter TimeLimit to value 1.2888780780909117e+04
Set parameter TimeLimit to value 1.2888780780909117e+04
Set parameter Method to value 1
Gurobi Optimizer version 12.0.3 build v12.0.3rc0 (linux64 - "Ubuntu 24.04.4 LTS")

CPU model: Intel(R) Xeon(R) Gold 5218R CPU @ 2.10GHz, instruction set [SSE2|AVX|AVX2|AVX512]
Thread count: 40 physical cores, 40 logical processors, using up to 1 threads

Non-default parameters:
TimeLimit  1.2888780780909117e+04
Method  1
BarHomogeneous  1
Threads  1

Optimize a model with 770 rows, 193176 columns and 4750997 nonzeros
Model fingerprint: 0x2a7aa1af
Coefficient statistics:
  Matrix range     [1e+00, 1e+00]
  Objective range  [1e+05, 5e+05]
  Bounds range     [0e+00, 0e+00]
  RHS range        [1e+00, 1e+00]
Presolve removed 17 rows and 787 columns
Presolve time: 2.31s
Presolved: 753 rows, 192389 columns, 4750210 nonzeros

Iteration    Objective       Primal Inf.    Dual Inf.      Time
       0    1.7000000e+06   7.530000e+02   0.000000e+00      3s

Starting sifting (using dual simplex for sub-problems)...

    Iter     Pivots    Primal Obj      Dual Obj        Time
       0          0     infinity      1.7000000e+06      3s
       1        872   4.2996902e+07   2.7083543e+06      3s
       2       4484   9.6966322e+06   3.0205773e+06      4s
       3       8694   5.4506687e+06   3.5232377e+06      5s
       4      19790   4.9021008e+06   4.8733091e+06     10s
       5      28133   4.9017629e+06   4.8994663e+06     15s
       6      35858   4.9014845e+06   4.9004295e+06     21s
       7      43001   4.9013695e+06   4.9009719e+06     28s
       8      50934   4.9013444e+06   4.9011651e+06     36s
       9      57738   4.9013361e+06   4.9012741e+06     44s
      10      64623   4.9013337e+06   4.9013046e+06     52s
      11      71375   4.9013321e+06   4.9013183e+06     59s
      12      78678   4.9013314e+06   4.9013264e+06     67s

Sifting complete

   85731    4.9013312e+06   0.000000e+00   1.038660e+02     75s
   86138    4.9013312e+06   0.000000e+00   1.802916e+03     75s
   92953    4.9013312e+06   0.000000e+00   2.282267e+02     80s
  100001    4.9013312e+06   0.000000e+00   3.606821e+02     85s
  106808    4.9013312e+06   0.000000e+00   0.000000e+00     90s

Solved in 106808 iterations and 90.50 seconds (147.71 work units)
Optimal objective  4.901331166e+06
Set parameter TimeLimit to value 1.2769240308918059e+04
Set parameter Method to value 1
Gurobi Optimizer version 12.0.3 build v12.0.3rc0 (linux64 - "Ubuntu 24.04.4 LTS")

CPU model: Intel(R) Xeon(R) Gold 5218R CPU @ 2.10GHz, instruction set [SSE2|AVX|AVX2|AVX512]
Thread count: 40 physical cores, 40 logical processors, using up to 1 threads

Non-default parameters:
TimeLimit  1.2769240308918059e+04
Method  1
BarHomogeneous  1
Threads  1

Optimize a model with 770 rows, 193206 columns and 4751570 nonzeros
Coefficient statistics:
  Matrix range     [1e+00, 1e+00]
  Objective range  [1e+05, 5e+05]
  Bounds range     [0e+00, 0e+00]
  RHS range        [1e+00, 1e+00]
LP warm-start: use basis

Iteration    Objective       Primal Inf.    Dual Inf.      Time
       0   -4.7996821e+37   1.994215e+33   4.799682e+07      0s
     454    3.3014325e+06   3.326394e+03   0.000000e+00      5s
     926    3.3014326e+06   3.879357e+02   0.000000e+00     10s
    1403    3.3014326e+06   6.050109e+01   0.000000e+00     15s
    1873    3.3014326e+06   3.202774e+02   0.000000e+00     20s
    2350    3.3014327e+06   1.625081e+01   0.000000e+00     25s
    2826    3.3014327e+06   4.408641e+01   0.000000e+00     30s
    3298    3.3014327e+06   1.388039e+01   0.000000e+00     36s
    3776    3.3014327e+06   5.181884e-02   0.000000e+00     41s
    3805    3.3014327e+06   0.000000e+00   0.000000e+00     41s

Solved in 3805 iterations and 41.07 seconds (61.35 work units)
Optimal objective  3.301432671e+06
Set parameter TimeLimit to value 1.2707385246778838e+04
Set parameter Method to value 1
Gurobi Optimizer version 12.0.3 build v12.0.3rc0 (linux64 - "Ubuntu 24.04.4 LTS")

CPU model: Intel(R) Xeon(R) Gold 5218R CPU @ 2.10GHz, instruction set [SSE2|AVX|AVX2|AVX512]
Thread count: 40 physical cores, 40 logical processors, using up to 1 threads

Non-default parameters:
TimeLimit  1.2707385246778838e+04
Method  1
BarHomogeneous  1
Threads  1

Optimize a model with 770 rows, 193236 columns and 4752178 nonzeros
Coefficient statistics:
  Matrix range     [1e+00, 1e+00]
  Objective range  [1e+05, 5e+05]
  Bounds range     [0e+00, 0e+00]
  RHS range        [1e+00, 1e+00]
LP warm-start: use basis

Iteration    Objective       Primal Inf.    Dual Inf.      Time
       0   -3.0027319e+36   6.515831e+33   3.002732e+06      0s
     127    3.3014327e+06   0.000000e+00   0.000000e+00      2s

Solved in 127 iterations and 1.71 seconds (2.26 work units)
Optimal objective  3.301432671e+06
Set parameter TimeLimit to value 1.2687214344290085e+04
Set parameter Method to value 1
Gurobi Optimizer version 12.0.3 build v12.0.3rc0 (linux64 - "Ubuntu 24.04.4 LTS")

CPU model: Intel(R) Xeon(R) Gold 5218R CPU @ 2.10GHz, instruction set [SSE2|AVX|AVX2|AVX512]
Thread count: 40 physical cores, 40 logical processors, using up to 1 threads

Non-default parameters:
TimeLimit  1.2687214344290085e+04
Method  1
BarHomogeneous  1
Threads  1

Optimize a model with 770 rows, 193266 columns and 4752757 nonzeros
Coefficient statistics:
  Matrix range     [1e+00, 1e+00]
  Objective range  [1e+05, 5e+05]
  Bounds range     [0e+00, 0e+00]
  RHS range        [1e+00, 1e+00]
LP warm-start: use basis

Iteration    Objective       Primal Inf.    Dual Inf.      Time
       0   -2.9999005e+36   1.921301e+34   2.999901e+06      0s
     108    3.3014327e+06   0.000000e+00   0.000000e+00      1s

Solved in 108 iterations and 1.47 seconds (1.96 work units)
Optimal objective  3.301432671e+06
Set parameter TimeLimit to value 1.2666726331263315e+04
Set parameter Method to value 1
Gurobi Optimizer version 12.0.3 build v12.0.3rc0 (linux64 - "Ubuntu 24.04.4 LTS")

CPU model: Intel(R) Xeon(R) Gold 5218R CPU @ 2.10GHz, instruction set [SSE2|AVX|AVX2|AVX512]
Thread count: 40 physical cores, 40 logical processors, using up to 1 threads

Non-default parameters:
TimeLimit  1.2666726331263315e+04
Method  1
BarHomogeneous  1
Threads  1

Optimize a model with 770 rows, 193296 columns and 4753287 nonzeros
Coefficient statistics:
  Matrix range     [1e+00, 1e+00]
  Objective range  [1e+05, 5e+05]
  Bounds range     [0e+00, 0e+00]
  RHS range        [1e+00, 1e+00]
LP warm-start: use basis

Iteration    Objective       Primal Inf.    Dual Inf.      Time
       0   -3.0024526e+36   2.550904e+34   3.002453e+06      0s
      71    3.3014327e+06   0.000000e+00   0.000000e+00      1s

Solved in 71 iterations and 1.06 seconds (1.34 work units)
Optimal objective  3.301432671e+06
Set parameter TimeLimit to value 1.2648456777282059e+04
Set parameter Method to value 1
Gurobi Optimizer version 12.0.3 build v12.0.3rc0 (linux64 - "Ubuntu 24.04.4 LTS")

CPU model: Intel(R) Xeon(R) Gold 5218R CPU @ 2.10GHz, instruction set [SSE2|AVX|AVX2|AVX512]
Thread count: 40 physical cores, 40 logical processors, using up to 1 threads

Non-default parameters:
TimeLimit  1.2648456777282059e+04
Method  1
BarHomogeneous  1
Threads  1

Optimize a model with 770 rows, 193326 columns and 4753814 nonzeros
Coefficient statistics:
  Matrix range     [1e+00, 1e+00]
  Objective range  [1e+05, 5e+05]
  Bounds range     [0e+00, 0e+00]
  RHS range        [1e+00, 1e+00]
LP warm-start: use basis

Iteration    Objective       Primal Inf.    Dual Inf.      Time
       0   -3.0021318e+36   9.261512e+33   3.002132e+06      0s
     108    3.3014327e+06   0.000000e+00   0.000000e+00      2s

Solved in 108 iterations and 1.50 seconds (1.94 work units)
Optimal objective  3.301432671e+06
Set parameter TimeLimit to value 1.2629810924194288e+04
Set parameter Method to value 1
Gurobi Optimizer version 12.0.3 build v12.0.3rc0 (linux64 - "Ubuntu 24.04.4 LTS")

CPU model: Intel(R) Xeon(R) Gold 5218R CPU @ 2.10GHz, instruction set [SSE2|AVX|AVX2|AVX512]
Thread count: 40 physical cores, 40 logical processors, using up to 1 threads

Non-default parameters:
TimeLimit  1.2629810924194288e+04
Method  1
BarHomogeneous  1
Threads  1

Optimize a model with 770 rows, 193356 columns and 4754320 nonzeros
Coefficient statistics:
  Matrix range     [1e+00, 1e+00]
  Objective range  [1e+05, 5e+05]
  Bounds range     [0e+00, 0e+00]
  RHS range        [1e+00, 1e+00]
LP warm-start: use basis

Iteration    Objective       Primal Inf.    Dual Inf.      Time
       0   -3.0015828e+36   2.082181e+34   3.001583e+06      0s
      98    3.3014327e+06   0.000000e+00   0.000000e+00      1s

Solved in 98 iterations and 1.32 seconds (1.73 work units)
Optimal objective  3.301432671e+06
Set parameter TimeLimit to value 1.2608298153166194e+04
Set parameter Method to value 1
Gurobi Optimizer version 12.0.3 build v12.0.3rc0 (linux64 - "Ubuntu 24.04.4 LTS")

CPU model: Intel(R) Xeon(R) Gold 5218R CPU @ 2.10GHz, instruction set [SSE2|AVX|AVX2|AVX512]
Thread count: 40 physical cores, 40 logical processors, using up to 1 threads

Non-default parameters:
TimeLimit  1.2608298153166194e+04
Method  1
BarHomogeneous  1
Threads  1

Optimize a model with 770 rows, 193386 columns and 4754730 nonzeros
Coefficient statistics:
  Matrix range     [1e+00, 1e+00]
  Objective range  [1e+05, 5e+05]
  Bounds range     [0e+00, 0e+00]
  RHS range        [1e+00, 1e+00]
LP warm-start: use basis

Iteration    Objective       Primal Inf.    Dual Inf.      Time
       0   -3.0013665e+36   5.557515e+34   3.001367e+06      0s
      92    3.3014327e+06   0.000000e+00   0.000000e+00      1s

Solved in 92 iterations and 1.29 seconds (1.69 work units)
Optimal objective  3.301432671e+06
Set parameter TimeLimit to value 1.2588245639273897e+04
Set parameter Method to value 1
Gurobi Optimizer version 12.0.3 build v12.0.3rc0 (linux64 - "Ubuntu 24.04.4 LTS")

CPU model: Intel(R) Xeon(R) Gold 5218R CPU @ 2.10GHz, instruction set [SSE2|AVX|AVX2|AVX512]
Thread count: 40 physical cores, 40 logical processors, using up to 1 threads

Non-default parameters:
TimeLimit  1.2588245639273897e+04
Method  1
BarHomogeneous  1
Threads  1

Optimize a model with 770 rows, 193416 columns and 4755380 nonzeros
Coefficient statistics:
  Matrix range     [1e+00, 1e+00]
  Objective range  [1e+05, 5e+05]
  Bounds range     [0e+00, 0e+00]
  RHS range        [1e+00, 1e+00]
LP warm-start: use basis

Iteration    Objective       Primal Inf.    Dual Inf.      Time
       0   -3.0013622e+36   3.434726e+34   3.001362e+06      0s
      66    3.3014327e+06   0.000000e+00   0.000000e+00      1s

Solved in 66 iterations and 1.04 seconds (1.26 work units)
Optimal objective  3.301432671e+06
Set parameter TimeLimit to value 1.2569918823300861e+04
Set parameter Method to value 1
Gurobi Optimizer version 12.0.3 build v12.0.3rc0 (linux64 - "Ubuntu 24.04.4 LTS")

CPU model: Intel(R) Xeon(R) Gold 5218R CPU @ 2.10GHz, instruction set [SSE2|AVX|AVX2|AVX512]
Thread count: 40 physical cores, 40 logical processors, using up to 1 threads

Non-default parameters:
TimeLimit  1.2569918823300861e+04
Method  1
BarHomogeneous  1
Threads  1

Optimize a model with 770 rows, 193446 columns and 4755942 nonzeros
Coefficient statistics:
  Matrix range     [1e+00, 1e+00]
  Objective range  [1e+05, 5e+05]
  Bounds range     [0e+00, 0e+00]
  RHS range        [1e+00, 1e+00]
LP warm-start: use basis

Iteration    Objective       Primal Inf.    Dual Inf.      Time
       0   -3.0017174e+36   8.293808e+33   3.001717e+06      0s
      77    3.3014327e+06   0.000000e+00   0.000000e+00      1s

Solved in 77 iterations and 1.03 seconds (1.34 work units)
Optimal objective  3.301432671e+06
Set parameter TimeLimit to value 1.2548588401464280e+04
Set parameter Method to value 1
Gurobi Optimizer version 12.0.3 build v12.0.3rc0 (linux64 - "Ubuntu 24.04.4 LTS")

CPU model: Intel(R) Xeon(R) Gold 5218R CPU @ 2.10GHz, instruction set [SSE2|AVX|AVX2|AVX512]
Thread count: 40 physical cores, 40 logical processors, using up to 1 threads

Non-default parameters:
TimeLimit  1.2548588401464280e+04
Method  1
BarHomogeneous  1
Threads  1

Optimize a model with 770 rows, 193476 columns and 4756413 nonzeros
Coefficient statistics:
  Matrix range     [1e+00, 1e+00]
  Objective range  [1e+05, 5e+05]
  Bounds range     [0e+00, 0e+00]
  RHS range        [1e+00, 1e+00]
LP warm-start: use basis

Iteration    Objective       Primal Inf.    Dual Inf.      Time
       0   -3.0008117e+36   2.196925e+34   3.000812e+06      0s
      95    3.3014327e+06   0.000000e+00   0.000000e+00      1s

Solved in 95 iterations and 1.28 seconds (1.68 work units)
Optimal objective  3.301432671e+06
Set parameter TimeLimit to value 1.2526397575186566e+04
Set parameter Method to value 1
Gurobi Optimizer version 12.0.3 build v12.0.3rc0 (linux64 - "Ubuntu 24.04.4 LTS")

CPU model: Intel(R) Xeon(R) Gold 5218R CPU @ 2.10GHz, instruction set [SSE2|AVX|AVX2|AVX512]
Thread count: 40 physical cores, 40 logical processors, using up to 1 threads

Non-default parameters:
TimeLimit  1.2526397575186566e+04
Method  1
BarHomogeneous  1
Threads  1

Optimize a model with 770 rows, 193506 columns and 4756902 nonzeros
Coefficient statistics:
  Matrix range     [1e+00, 1e+00]
  Objective range  [1e+05, 5e+05]
  Bounds range     [0e+00, 0e+00]
  RHS range        [1e+00, 1e+00]
LP warm-start: use basis

Iteration    Objective       Primal Inf.    Dual Inf.      Time
       0   -3.0014342e+36   1.516555e+35   3.001434e+06      0s
     220    3.3014327e+06   0.000000e+00   0.000000e+00      3s

Solved in 220 iterations and 2.50 seconds (3.39 work units)
Optimal objective  3.301432671e+06
Set parameter TimeLimit to value 1.2505880316424649e+04
Set parameter Method to value 1
Gurobi Optimizer version 12.0.3 build v12.0.3rc0 (linux64 - "Ubuntu 24.04.4 LTS")

CPU model: Intel(R) Xeon(R) Gold 5218R CPU @ 2.10GHz, instruction set [SSE2|AVX|AVX2|AVX512]
Thread count: 40 physical cores, 40 logical processors, using up to 1 threads

Non-default parameters:
TimeLimit  1.2505880316424649e+04
Method  1
BarHomogeneous  1
Threads  1

Optimize a model with 770 rows, 193536 columns and 4757324 nonzeros
Coefficient statistics:
  Matrix range     [1e+00, 1e+00]
  Objective range  [1e+05, 5e+05]
  Bounds range     [0e+00, 0e+00]
  RHS range        [1e+00, 1e+00]
LP warm-start: use basis

Iteration    Objective       Primal Inf.    Dual Inf.      Time
       0   -1.5017669e+36   5.835544e+34   1.501767e+06      0s
      74    3.3014327e+06   0.000000e+00   0.000000e+00      1s

Solved in 74 iterations and 0.99 seconds (1.27 work units)
Optimal objective  3.301432671e+06
Set parameter TimeLimit to value 1.2485393097188324e+04
Set parameter Method to value 1
Gurobi Optimizer version 12.0.3 build v12.0.3rc0 (linux64 - "Ubuntu 24.04.4 LTS")

CPU model: Intel(R) Xeon(R) Gold 5218R CPU @ 2.10GHz, instruction set [SSE2|AVX|AVX2|AVX512]
Thread count: 40 physical cores, 40 logical processors, using up to 1 threads

Non-default parameters:
TimeLimit  1.2485393097188324e+04
Method  1
BarHomogeneous  1
Threads  1

Optimize a model with 770 rows, 193566 columns and 4757933 nonzeros
Coefficient statistics:
  Matrix range     [1e+00, 1e+00]
  Objective range  [1e+05, 5e+05]
  Bounds range     [0e+00, 0e+00]
  RHS range        [1e+00, 1e+00]
LP warm-start: use basis

Iteration    Objective       Primal Inf.    Dual Inf.      Time
       0   -1.0012170e+36   2.419447e+34   1.001217e+06      0s
     500   -1.2262993e+31   2.750518e+33   1.226299e+01      5s
    1054   -1.9965507e+30   1.218346e+34   1.996551e+00     11s
    1488   -3.7974020e+29   2.215371e+33   3.797420e-01     16s
    1964   -4.7320489e+28   6.292296e+32   4.732233e-02     21s
    2443    3.3014321e+06   5.219348e+04   0.000000e+00     26s
Warning: Markowitz tolerance tightened to 0.0625
    2921    3.3014323e+06   1.874819e+03   0.000000e+00     31s
    3397    3.3014324e+06   2.420019e+03   0.000000e+00     36s
    3870    3.3014325e+06   8.054254e+02   0.000000e+00     41s
    4345    3.3014325e+06   4.862456e+03   0.000000e+00     46s
    4824    3.3014326e+06   2.317947e+02   0.000000e+00     51s
    5304    3.3014326e+06   7.863892e+01   0.000000e+00     56s
    5781    3.3014326e+06   1.882541e+02   0.000000e+00     61s
    6137    3.3014327e+06   1.114467e+02   0.000000e+00     65s
    6607    3.3014327e+06   4.305513e+01   0.000000e+00     70s
    7084    3.3014327e+06   5.750421e+01   0.000000e+00     75s
    7562    3.3014327e+06   4.995066e-01   0.000000e+00     81s
    7641    3.3014327e+06   0.000000e+00   0.000000e+00     81s

Solved in 7641 iterations and 81.49 seconds (121.00 work units)
Optimal objective  3.301432671e+06
Set parameter TimeLimit to value 1.2381831984598655e+04
Set parameter Method to value 1
Gurobi Optimizer version 12.0.3 build v12.0.3rc0 (linux64 - "Ubuntu 24.04.4 LTS")

CPU model: Intel(R) Xeon(R) Gold 5218R CPU @ 2.10GHz, instruction set [SSE2|AVX|AVX2|AVX512]
Thread count: 40 physical cores, 40 logical processors, using up to 1 threads

Non-default parameters:
TimeLimit  1.2381831984598655e+04
Method  1
BarHomogeneous  1
Threads  1

Optimize a model with 770 rows, 193596 columns and 4758456 nonzeros
Coefficient statistics:
  Matrix range     [1e+00, 1e+00]
  Objective range  [1e+05, 5e+05]
  Bounds range     [0e+00, 0e+00]
  RHS range        [1e+00, 1e+00]
LP warm-start: use basis

Iteration    Objective       Primal Inf.    Dual Inf.      Time
       0   -2.9983179e+36   1.034054e+35   2.998318e+06      0s
     528   -1.8227714e+30   1.824737e+33   1.822771e+00      5s
    1050   -2.9335932e+29   5.916053e+33   2.933590e-01     11s
    1528   -1.7375153e+28   8.770062e+31   1.737522e-02     16s
    2005    3.3014196e+06   2.218311e+04   0.000000e+00     21s
    2477    3.3014212e+06   7.934007e+03   0.000000e+00     26s
    2956    3.3014227e+06   2.001378e+04   0.000000e+00     31s
    3433    3.3014251e+06   4.772211e+03   0.000000e+00     36s
    3913    3.3014294e+06   2.731131e+03   0.000000e+00     41s
    4273    3.3014303e+06   1.816353e+03   0.000000e+00     45s
    4752    3.3014307e+06   1.993763e+04   0.000000e+00     50s
    5231    3.3014310e+06   1.268129e+04   0.000000e+00     55s
    5709    3.3014311e+06   5.746940e+03   0.000000e+00     60s
    6188    3.3014312e+06   1.158406e+03   0.000000e+00     65s
    6660    3.3014313e+06   6.594254e+02   0.000000e+00     71s
    7136    3.3014314e+06   4.718407e+03   0.000000e+00     76s
    7606    3.3014316e+06   2.754465e+02   0.000000e+00     81s
    8080    3.3014317e+06   1.407657e+03   0.000000e+00     86s
    8556    3.3014317e+06   1.401982e+02   0.000000e+00     91s
    9016    3.3014318e+06   2.329094e+02   0.000000e+00     96s
    9487    3.3014318e+06   3.982654e+01   0.000000e+00    101s
    9964    3.3014318e+06   1.832697e+03   0.000000e+00    106s
   10322    3.3014318e+06   4.930773e+02   0.000000e+00    110s
   10785    3.3014318e+06   2.734302e+01   0.000000e+00    115s
   11240    3.3014318e+06   0.000000e+00   0.000000e+00    120s

Solved in 11240 iterations and 120.05 seconds (177.90 work units)
Optimal objective  3.301431849e+06
Set parameter TimeLimit to value 1.2240270872371271e+04
Set parameter Method to value 1
Gurobi Optimizer version 12.0.3 build v12.0.3rc0 (linux64 - "Ubuntu 24.04.4 LTS")

CPU model: Intel(R) Xeon(R) Gold 5218R CPU @ 2.10GHz, instruction set [SSE2|AVX|AVX2|AVX512]
Thread count: 40 physical cores, 40 logical processors, using up to 1 threads

Non-default parameters:
TimeLimit  1.2240270872371271e+04
Method  1
BarHomogeneous  1
Threads  1

Optimize a model with 770 rows, 193626 columns and 4758901 nonzeros
Coefficient statistics:
  Matrix range     [1e+00, 1e+00]
  Objective range  [1e+05, 5e+05]
  Bounds range     [0e+00, 0e+00]
  RHS range        [1e+00, 1e+00]
LP warm-start: use basis

Iteration    Objective       Primal Inf.    Dual Inf.      Time
       0   -1.8490559e+33   2.847397e+34   1.849056e+03      0s
     449   -7.7121136e+30   2.817964e+33   7.712114e+00      5s
     948   -1.4555578e+30   2.279923e+35   1.455568e+00     10s
    1503   -3.4803238e+29   3.042234e+33   3.480325e-01     16s
    1857   -9.9557877e+28   9.611553e+32   9.955803e-02     20s
    2326    3.3014193e+06   3.587291e+04   0.000000e+00     25s
    2803    3.3014222e+06   3.276673e+03   0.000000e+00     30s
    3282    3.3014232e+06   3.321718e+04   0.000000e+00     35s
    3760    3.3014241e+06   2.159870e+03   0.000000e+00     40s
    4231    3.3014243e+06   2.509067e+03   0.000000e+00     45s
Warning: Markowitz tolerance tightened to 0.03125
    4700    3.3014246e+06   5.476768e+03   0.000000e+00     50s
    5170    3.3014248e+06   1.096801e+04   0.000000e+00     55s
    5638    3.3014249e+06   5.538877e+02   0.000000e+00     60s
    6097    3.3014251e+06   1.492841e+04   0.000000e+00     65s
    6559    3.3014251e+06   6.568202e+02   0.000000e+00     70s
    7021    3.3014252e+06   3.339989e+02   0.000000e+00     75s
    7477    3.3014253e+06   2.002865e+02   0.000000e+00     80s
    7936    3.3014254e+06   5.813879e+02   0.000000e+00     85s
    8398    3.3014254e+06   1.179272e+02   0.000000e+00     90s
    8863    3.3014255e+06   6.266824e+02   0.000000e+00     95s
    9324    3.3014255e+06   4.391398e+01   0.000000e+00    100s
    9782    3.3014255e+06   4.306707e+01   0.000000e+00    105s
   10212    3.3014255e+06   0.000000e+00   0.000000e+00    110s

Solved in 10212 iterations and 110.02 seconds (163.36 work units)
Optimal objective  3.301425528e+06
Set parameter TimeLimit to value 1.2108395588371437e+04
Set parameter Method to value 1
Gurobi Optimizer version 12.0.3 build v12.0.3rc0 (linux64 - "Ubuntu 24.04.4 LTS")

CPU model: Intel(R) Xeon(R) Gold 5218R CPU @ 2.10GHz, instruction set [SSE2|AVX|AVX2|AVX512]
Thread count: 40 physical cores, 40 logical processors, using up to 1 threads

Non-default parameters:
TimeLimit  1.2108395588371437e+04
Method  1
BarHomogeneous  1
Threads  1

Optimize a model with 770 rows, 193656 columns and 4759350 nonzeros
Coefficient statistics:
  Matrix range     [1e+00, 1e+00]
  Objective range  [1e+05, 5e+05]
  Bounds range     [0e+00, 0e+00]
  RHS range        [1e+00, 1e+00]
LP warm-start: use basis

Iteration    Objective       Primal Inf.    Dual Inf.      Time
       0   -2.2271596e+33   4.003795e+34   2.227160e+03      0s
     528    3.3014255e+06   4.139122e+02   0.000000e+00      6s
     983    3.3014255e+06   1.352107e+02   0.000000e+00     11s
    1366    3.3014255e+06   0.000000e+00   0.000000e+00     15s

Solved in 1366 iterations and 15.14 seconds (22.32 work units)
Optimal objective  3.301425528e+06
Set parameter TimeLimit to value 1.2071440100328531e+04
Set parameter Method to value 1
Gurobi Optimizer version 12.0.3 build v12.0.3rc0 (linux64 - "Ubuntu 24.04.4 LTS")

CPU model: Intel(R) Xeon(R) Gold 5218R CPU @ 2.10GHz, instruction set [SSE2|AVX|AVX2|AVX512]
Thread count: 40 physical cores, 40 logical processors, using up to 1 threads

Non-default parameters:
TimeLimit  1.2071440100328531e+04
Method  1
BarHomogeneous  1
Threads  1

Optimize a model with 770 rows, 193686 columns and 4759799 nonzeros
Coefficient statistics:
  Matrix range     [1e+00, 1e+00]
  Objective range  [1e+05, 5e+05]
  Bounds range     [0e+00, 0e+00]
  RHS range        [1e+00, 1e+00]
LP warm-start: use basis

Iteration    Objective       Primal Inf.    Dual Inf.      Time
       0   -2.1916009e+33   4.480117e+34   2.191601e+03      0s
     446   -1.3723615e+30   1.320565e+33   1.372361e+00      5s
    1018    3.3014176e+06   4.515387e+03   0.000000e+00     11s
    1474    3.3014194e+06   6.449311e+02   0.000000e+00     16s
    1934    3.3014198e+06   5.550397e+02   0.000000e+00     21s
    2282    3.3014200e+06   3.028750e+02   0.000000e+00     25s
    2850    3.3014203e+06   6.008865e+02   0.000000e+00     31s
    3307    3.3014204e+06   8.268833e+01   0.000000e+00     36s
    3764    3.3014205e+06   2.354315e+02   0.000000e+00     41s
    4106    3.3014205e+06   7.521151e+01   0.000000e+00     45s
    4560    3.3014206e+06   7.333414e+01   0.000000e+00     50s
    4878    3.3014206e+06   0.000000e+00   0.000000e+00     54s

Solved in 4878 iterations and 53.60 seconds (79.17 work units)
Optimal objective  3.301420585e+06
Set parameter TimeLimit to value 1.1994681242947932e+04
Set parameter Method to value 1
Gurobi Optimizer version 12.0.3 build v12.0.3rc0 (linux64 - "Ubuntu 24.04.4 LTS")

CPU model: Intel(R) Xeon(R) Gold 5218R CPU @ 2.10GHz, instruction set [SSE2|AVX|AVX2|AVX512]
Thread count: 40 physical cores, 40 logical processors, using up to 1 threads

Non-default parameters:
TimeLimit  1.1994681242947932e+04
Method  1
BarHomogeneous  1
Threads  1

Optimize a model with 770 rows, 193716 columns and 4760263 nonzeros
Coefficient statistics:
  Matrix range     [1e+00, 1e+00]
  Objective range  [1e+05, 5e+05]
  Bounds range     [0e+00, 0e+00]
  RHS range        [1e+00, 1e+00]
LP warm-start: use basis

Iteration    Objective       Primal Inf.    Dual Inf.      Time
       0   -1.8033163e+33   3.455802e+34   1.803316e+03      0s
     554    3.3014183e+06   2.023122e+03   0.000000e+00      6s
     904    3.3014185e+06   1.207020e+02   0.000000e+00     10s
    1359    3.3014186e+06   2.844833e+02   0.000000e+00     15s
    1808    3.3014187e+06   6.484489e+01   0.000000e+00     20s
    2270    3.3014187e+06   1.229971e+01   0.000000e+00     25s
    2519    3.3014187e+06   0.000000e+00   0.000000e+00     28s

Solved in 2519 iterations and 27.90 seconds (41.07 work units)
Optimal objective  3.301418698e+06
Set parameter TimeLimit to value 1.1946041104018223e+04
Set parameter Method to value 1
Gurobi Optimizer version 12.0.3 build v12.0.3rc0 (linux64 - "Ubuntu 24.04.4 LTS")

CPU model: Intel(R) Xeon(R) Gold 5218R CPU @ 2.10GHz, instruction set [SSE2|AVX|AVX2|AVX512]
Thread count: 40 physical cores, 40 logical processors, using up to 1 threads

Non-default parameters:
TimeLimit  1.1946041104018223e+04
Method  1
BarHomogeneous  1
Threads  1

Optimize a model with 770 rows, 193746 columns and 4760889 nonzeros
Coefficient statistics:
  Matrix range     [1e+00, 1e+00]
  Objective range  [1e+05, 5e+05]
  Bounds range     [0e+00, 0e+00]
  RHS range        [1e+00, 1e+00]
LP warm-start: use basis

Iteration    Objective       Primal Inf.    Dual Inf.      Time
       0   -1.8036196e+33   1.434175e+35   1.803620e+03      0s
     515    3.3014121e+06   1.991768e+03   0.000000e+00      6s
     980    3.3014123e+06   7.161618e+02   0.000000e+00     11s
    1449    3.3014124e+06   1.163589e+02   0.000000e+00     16s
    1908    3.3014125e+06   6.554765e+01   0.000000e+00     21s
    2368    3.3014125e+06   1.577330e+01   0.000000e+00     26s
    2764    3.3014125e+06   0.000000e+00   0.000000e+00     30s

Solved in 2764 iterations and 30.21 seconds (44.60 work units)
Optimal objective  3.301412502e+06
Set parameter TimeLimit to value 1.1893522516231518e+04
Set parameter Method to value 1
Gurobi Optimizer version 12.0.3 build v12.0.3rc0 (linux64 - "Ubuntu 24.04.4 LTS")

CPU model: Intel(R) Xeon(R) Gold 5218R CPU @ 2.10GHz, instruction set [SSE2|AVX|AVX2|AVX512]
Thread count: 40 physical cores, 40 logical processors, using up to 1 threads

Non-default parameters:
TimeLimit  1.1893522516231518e+04
Method  1
BarHomogeneous  1
Threads  1

Optimize a model with 770 rows, 193776 columns and 4761443 nonzeros
Coefficient statistics:
  Matrix range     [1e+00, 1e+00]
  Objective range  [1e+05, 5e+05]
  Bounds range     [0e+00, 0e+00]
  RHS range        [1e+00, 1e+00]
LP warm-start: use basis

Iteration    Objective       Primal Inf.    Dual Inf.      Time
       0   -1.3147951e+33   1.022331e+35   1.314795e+03      0s
     500    3.3014076e+06   2.736309e+03   0.000000e+00      5s
     969    3.3014096e+06   1.162686e+03   0.000000e+00     10s
    1445    3.3014101e+06   9.192986e+02   0.000000e+00     16s
    1910    3.3014103e+06   3.684273e+02   0.000000e+00     21s
    2385    3.3014104e+06   8.599751e+01   0.000000e+00     26s
    2860    3.3014104e+06   1.596949e+01   0.000000e+00     31s
    3335    3.3014104e+06   2.319412e+01   0.000000e+00     36s
    3629    3.3014104e+06   0.000000e+00   0.000000e+00     39s

Solved in 3629 iterations and 38.90 seconds (58.22 work units)
Optimal objective  3.301410417e+06
Set parameter TimeLimit to value 1.1833296052564867e+04
Set parameter Method to value 1
Gurobi Optimizer version 12.0.3 build v12.0.3rc0 (linux64 - "Ubuntu 24.04.4 LTS")

CPU model: Intel(R) Xeon(R) Gold 5218R CPU @ 2.10GHz, instruction set [SSE2|AVX|AVX2|AVX512]
Thread count: 40 physical cores, 40 logical processors, using up to 1 threads

Non-default parameters:
TimeLimit  1.1833296052564867e+04
Method  1
BarHomogeneous  1
Threads  1

Optimize a model with 770 rows, 193806 columns and 4761870 nonzeros
Coefficient statistics:
  Matrix range     [1e+00, 1e+00]
  Objective range  [1e+05, 5e+05]
  Bounds range     [0e+00, 0e+00]
  RHS range        [1e+00, 1e+00]
LP warm-start: use basis

Iteration    Objective       Primal Inf.    Dual Inf.      Time
       0   -5.9251945e+32   1.878059e+35   5.925195e+02      0s
     551    3.3014033e+06   5.476854e+03   0.000000e+00      6s
    1017    3.3014073e+06   6.121025e+02   0.000000e+00     11s
    1470    3.3014077e+06   4.827600e+02   0.000000e+00     16s
    1927    3.3014079e+06   3.105953e+02   0.000000e+00     21s
    2391    3.3014080e+06   2.622445e+02   0.000000e+00     26s
    2841    3.3014081e+06   7.661969e+01   0.000000e+00     31s
    3303    3.3014082e+06   9.031760e+01   0.000000e+00     36s
    3758    3.3014082e+06   6.816462e+01   0.000000e+00     41s
    4223    3.3014082e+06   4.667413e+01   0.000000e+00     46s
    4301    3.3014082e+06   0.000000e+00   0.000000e+00     47s

Solved in 4301 iterations and 47.12 seconds (69.97 work units)
Optimal objective  3.301408215e+06
Set parameter TimeLimit to value 1.1764916073648259e+04
Set parameter Method to value 1
Gurobi Optimizer version 12.0.3 build v12.0.3rc0 (linux64 - "Ubuntu 24.04.4 LTS")

CPU model: Intel(R) Xeon(R) Gold 5218R CPU @ 2.10GHz, instruction set [SSE2|AVX|AVX2|AVX512]
Thread count: 40 physical cores, 40 logical processors, using up to 1 threads

Non-default parameters:
TimeLimit  1.1764916073648259e+04
Method  1
BarHomogeneous  1
Threads  1

Optimize a model with 770 rows, 193836 columns and 4762342 nonzeros
Coefficient statistics:
  Matrix range     [1e+00, 1e+00]
  Objective range  [1e+05, 5e+05]
  Bounds range     [0e+00, 0e+00]
  RHS range        [1e+00, 1e+00]
LP warm-start: use basis

Iteration    Objective       Primal Inf.    Dual Inf.      Time
       0   -2.1324206e+32   1.138176e+34   2.132421e+02      0s
     504   -1.1088384e+29   1.025724e+34   1.108830e-01      5s
     991    3.3014025e+06   2.592371e+03   0.000000e+00     10s
    1465    3.3014042e+06   8.551639e+03   0.000000e+00     15s
    1942    3.3014048e+06   1.259579e+03   0.000000e+00     21s
    2413    3.3014053e+06   6.447217e+02   0.000000e+00     26s
    2876    3.3014056e+06   4.380973e+02   0.000000e+00     31s
    3343    3.3014057e+06   3.166384e+02   0.000000e+00     36s
    3809    3.3014058e+06   2.469071e+02   0.000000e+00     41s
    4272    3.3014059e+06   2.382185e+02   0.000000e+00     46s
    4741    3.3014059e+06   8.064401e+01   0.000000e+00     51s
    5199    3.3014060e+06   2.167841e+01   0.000000e+00     56s
    5659    3.3014060e+06   2.419583e+01   0.000000e+00     61s
    6035    3.3014060e+06   0.000000e+00   0.000000e+00     65s

Solved in 6035 iterations and 64.93 seconds (96.46 work units)
Optimal objective  3.301405982e+06
Set parameter TimeLimit to value 1.1678514888775535e+04
Set parameter Method to value 1
Gurobi Optimizer version 12.0.3 build v12.0.3rc0 (linux64 - "Ubuntu 24.04.4 LTS")

CPU model: Intel(R) Xeon(R) Gold 5218R CPU @ 2.10GHz, instruction set [SSE2|AVX|AVX2|AVX512]
Thread count: 40 physical cores, 40 logical processors, using up to 1 threads

Non-default parameters:
TimeLimit  1.1678514888775535e+04
Method  1
BarHomogeneous  1
Threads  1

Optimize a model with 770 rows, 193866 columns and 4763023 nonzeros
Coefficient statistics:
  Matrix range     [1e+00, 1e+00]
  Objective range  [1e+05, 5e+05]
  Bounds range     [0e+00, 0e+00]
  RHS range        [1e+00, 1e+00]
LP warm-start: use basis

Iteration    Objective       Primal Inf.    Dual Inf.      Time
       0   -2.1302809e+32   4.936944e+34   2.130281e+02      0s
     501   -3.2771419e+29   2.756431e+33   3.277143e-01      5s
    1059    3.3014021e+06   6.048745e+03   0.000000e+00     11s
    1417    3.3014028e+06   4.903117e+03   0.000000e+00     15s
    1885    3.3014034e+06   2.672288e+03   0.000000e+00     20s
    2351    3.3014038e+06   2.114210e+03   0.000000e+00     25s
    2815    3.3014040e+06   2.926719e+02   0.000000e+00     30s
    3284    3.3014041e+06   9.998179e+02   0.000000e+00     35s
    3750    3.3014042e+06   1.827786e+02   0.000000e+00     40s
    4213    3.3014042e+06   2.101425e+02   0.000000e+00     45s
    4674    3.3014042e+06   8.427256e+01   0.000000e+00     50s
    5137    3.3014043e+06   6.703617e+00   0.000000e+00     55s
    5578    3.3014043e+06   0.000000e+00   0.000000e+00     60s

Solved in 5578 iterations and 60.20 seconds (89.22 work units)
Optimal objective  3.301404268e+06
Set parameter TimeLimit to value 1.1597445706033614e+04
Set parameter Method to value 1
Gurobi Optimizer version 12.0.3 build v12.0.3rc0 (linux64 - "Ubuntu 24.04.4 LTS")

CPU model: Intel(R) Xeon(R) Gold 5218R CPU @ 2.10GHz, instruction set [SSE2|AVX|AVX2|AVX512]
Thread count: 40 physical cores, 40 logical processors, using up to 1 threads

Non-default parameters:
TimeLimit  1.1597445706033614e+04
Method  1
BarHomogeneous  1
Threads  1

Optimize a model with 770 rows, 193896 columns and 4763445 nonzeros
Coefficient statistics:
  Matrix range     [1e+00, 1e+00]
  Objective range  [1e+05, 5e+05]
  Bounds range     [0e+00, 0e+00]
  RHS range        [1e+00, 1e+00]
LP warm-start: use basis

Iteration    Objective       Primal Inf.    Dual Inf.      Time
       0   -1.9434145e+32   1.011617e+34   1.943414e+02      0s
     513    3.3014008e+06   1.158063e+04   0.000000e+00      5s
     986    3.3014027e+06   2.472508e+02   0.000000e+00     10s
    1447    3.3014028e+06   7.383861e+02   0.000000e+00     15s
    1915    3.3014029e+06   1.983235e+02   0.000000e+00     21s
    2375    3.3014030e+06   3.420167e+01   0.000000e+00     26s
    2841    3.3014030e+06   1.297013e+01   0.000000e+00     31s
    3185    3.3014030e+06   0.000000e+00   0.000000e+00     35s

Solved in 3185 iterations and 34.62 seconds (51.33 work units)
Optimal objective  3.301402973e+06
Set parameter TimeLimit to value 1.1542338487162720e+04
Set parameter Method to value 1
Gurobi Optimizer version 12.0.3 build v12.0.3rc0 (linux64 - "Ubuntu 24.04.4 LTS")

CPU model: Intel(R) Xeon(R) Gold 5218R CPU @ 2.10GHz, instruction set [SSE2|AVX|AVX2|AVX512]
Thread count: 40 physical cores, 40 logical processors, using up to 1 threads

Non-default parameters:
TimeLimit  1.1542338487162720e+04
Method  1
BarHomogeneous  1
Threads  1

Optimize a model with 770 rows, 193926 columns and 4764034 nonzeros
Coefficient statistics:
  Matrix range     [1e+00, 1e+00]
  Objective range  [1e+05, 5e+05]
  Bounds range     [0e+00, 0e+00]
  RHS range        [1e+00, 1e+00]
LP warm-start: use basis

Iteration    Objective       Primal Inf.    Dual Inf.      Time
       0   -1.3632397e+32   5.097143e+34   1.363240e+02      0s
     529   -4.4766881e+27   1.177234e+32   4.476682e-03      5s
    1085    3.3014016e+06   6.018457e+02   0.000000e+00     11s
    1437    3.3014017e+06   9.902985e+02   0.000000e+00     15s
    1913    3.3014019e+06   1.438789e+03   0.000000e+00     21s
    2384    3.3014020e+06   1.399987e+02   0.000000e+00     26s
    2848    3.3014020e+06   7.462754e+01   0.000000e+00     31s
    3199    3.3014020e+06   9.915871e+01   0.000000e+00     35s
    3666    3.3014020e+06   1.150279e+00   0.000000e+00     40s
    3785    3.3014020e+06   0.000000e+00   0.000000e+00     42s

Solved in 3785 iterations and 41.76 seconds (59.42 work units)
Optimal objective  3.301402012e+06
Set parameter TimeLimit to value 1.1477044634439051e+04
Set parameter Method to value 1
Gurobi Optimizer version 12.0.3 build v12.0.3rc0 (linux64 - "Ubuntu 24.04.4 LTS")

CPU model: Intel(R) Xeon(R) Gold 5218R CPU @ 2.10GHz, instruction set [SSE2|AVX|AVX2|AVX512]
Thread count: 40 physical cores, 40 logical processors, using up to 1 threads

Non-default parameters:
TimeLimit  1.1477044634439051e+04
Method  1
BarHomogeneous  1
Threads  1

Optimize a model with 770 rows, 193956 columns and 4764453 nonzeros
Coefficient statistics:
  Matrix range     [1e+00, 1e+00]
  Objective range  [1e+05, 5e+05]
  Bounds range     [0e+00, 0e+00]
  RHS range        [1e+00, 1e+00]
LP warm-start: use basis

Iteration    Objective       Primal Inf.    Dual Inf.      Time
       0   -1.2286236e+32   8.816274e+33   1.228624e+02      0s
     451   -3.0294201e+30   1.914607e+33   3.029420e+00      5s
     968   -3.4537117e+29   3.105983e+33   3.453709e-01     10s
    1443    3.3013988e+06   1.634898e+03   0.000000e+00     15s
    1914    3.3013995e+06   2.778823e+03   0.000000e+00     20s
    2389    3.3013999e+06   6.316138e+02   0.000000e+00     25s
    2865    3.3014001e+06   5.895827e+02   0.000000e+00     30s
    3337    3.3014002e+06   8.439657e+02   0.000000e+00     35s
    3810    3.3014003e+06   3.722488e+02   0.000000e+00     40s
    4285    3.3014003e+06   1.332733e+02   0.000000e+00     45s
    4756    3.3014003e+06   7.034540e+02   0.000000e+00     50s
    5225    3.3014004e+06   5.403280e+02   0.000000e+00     55s
    5693    3.3014004e+06   1.571797e+02   0.000000e+00     60s
    6161    3.3014004e+06   2.952469e+01   0.000000e+00     65s
    6622    3.3014004e+06   1.427368e+01   0.000000e+00     70s
    7086    3.3014004e+06   0.000000e+00   0.000000e+00     75s

Solved in 7086 iterations and 75.36 seconds (113.18 work units)
Optimal objective  3.301400416e+06
Set parameter TimeLimit to value 1.1379910182002466e+04
Set parameter Method to value 1
Gurobi Optimizer version 12.0.3 build v12.0.3rc0 (linux64 - "Ubuntu 24.04.4 LTS")

CPU model: Intel(R) Xeon(R) Gold 5218R CPU @ 2.10GHz, instruction set [SSE2|AVX|AVX2|AVX512]
Thread count: 40 physical cores, 40 logical processors, using up to 1 threads

Non-default parameters:
TimeLimit  1.1379910182002466e+04
Method  1
BarHomogeneous  1
Threads  1

Optimize a model with 770 rows, 193986 columns and 4764844 nonzeros
Coefficient statistics:
  Matrix range     [1e+00, 1e+00]
  Objective range  [1e+05, 5e+05]
  Bounds range     [0e+00, 0e+00]
  RHS range        [1e+00, 1e+00]
LP warm-start: use basis

Iteration    Objective       Primal Inf.    Dual Inf.      Time
       0   -1.7493970e+32   3.535188e+34   1.749397e+02      0s
       1    3.3014004e+06   0.000000e+00   0.000000e+00      0s

Solved in 1 iterations and 0.39 seconds (0.31 work units)
Optimal objective  3.301400416e+06
Set parameter TimeLimit to value 1.1360722096213605e+04
Set parameter Method to value 1
Gurobi Optimizer version 12.0.3 build v12.0.3rc0 (linux64 - "Ubuntu 24.04.4 LTS")

CPU model: Intel(R) Xeon(R) Gold 5218R CPU @ 2.10GHz, instruction set [SSE2|AVX|AVX2|AVX512]
Thread count: 40 physical cores, 40 logical processors, using up to 1 threads

Non-default parameters:
TimeLimit  1.1360722096213605e+04
Method  1
BarHomogeneous  1
Threads  1

Optimize a model with 770 rows, 194016 columns and 4765256 nonzeros
Coefficient statistics:
  Matrix range     [1e+00, 1e+00]
  Objective range  [1e+05, 5e+05]
  Bounds range     [0e+00, 0e+00]
  RHS range        [1e+00, 1e+00]
LP warm-start: use basis

Iteration    Objective       Primal Inf.    Dual Inf.      Time
       0   -1.2588502e+32   1.393993e+34   1.258850e+02      0s
     464   -7.5998609e+30   2.327027e+33   7.599861e+00      5s
     987   -2.3911982e+29   2.672120e+33   2.391194e-01     10s
    1456    3.3013984e+06   7.349896e+04   0.000000e+00     15s
    1934    3.3013993e+06   8.267755e+03   0.000000e+00     21s
Warning: Markowitz tolerance tightened to 0.03125
    2412    3.3013997e+06   1.211255e+03   0.000000e+00     26s
    2889    3.3013998e+06   4.050345e+02   0.000000e+00     31s
    3365    3.3013999e+06   2.681901e+02   0.000000e+00     36s
    3837    3.3013999e+06   5.681586e+01   0.000000e+00     41s
    4308    3.3013999e+06   1.440391e+02   0.000000e+00     46s
    4654    3.3013999e+06   8.470522e+01   0.000000e+00     50s
    5118    3.3013999e+06   1.441191e+00   0.000000e+00     55s
    5221    3.3013999e+06   0.000000e+00   0.000000e+00     56s

Solved in 5221 iterations and 56.33 seconds (82.39 work units)
Optimal objective  3.301399925e+06
Set parameter TimeLimit to value 1.1283512744109612e+04
Set parameter Method to value 1
Gurobi Optimizer version 12.0.3 build v12.0.3rc0 (linux64 - "Ubuntu 24.04.4 LTS")

CPU model: Intel(R) Xeon(R) Gold 5218R CPU @ 2.10GHz, instruction set [SSE2|AVX|AVX2|AVX512]
Thread count: 40 physical cores, 40 logical processors, using up to 1 threads

Non-default parameters:
TimeLimit  1.1283512744109612e+04
Method  1
BarHomogeneous  1
Threads  1

Optimize a model with 770 rows, 194046 columns and 4765701 nonzeros
Coefficient statistics:
  Matrix range     [1e+00, 1e+00]
  Objective range  [1e+05, 5e+05]
  Bounds range     [0e+00, 0e+00]
  RHS range        [1e+00, 1e+00]
LP warm-start: use basis

Iteration    Objective       Primal Inf.    Dual Inf.      Time
       0   -8.3402129e+31   4.957525e+34   8.340213e+01      0s
     535    3.3013962e+06   1.583845e+04   0.000000e+00      6s
    1010    3.3013993e+06   1.269118e+03   0.000000e+00     11s
    1476    3.3013995e+06   5.979181e+03   0.000000e+00     16s
    1940    3.3013995e+06   7.365826e+02   0.000000e+00     21s
    2288    3.3013996e+06   1.861703e+02   0.000000e+00     25s
    2748    3.3013996e+06   5.581787e+01   0.000000e+00     30s
    3204    3.3013996e+06   3.147010e+01   0.000000e+00     35s
    3665    3.3013996e+06   6.169821e-02   0.000000e+00     41s
    3702    3.3013996e+06   0.000000e+00   0.000000e+00     41s

Solved in 3702 iterations and 41.00 seconds (59.62 work units)
Optimal objective  3.301399636e+06
Set parameter TimeLimit to value 1.1221285125956405e+04
Set parameter Method to value 1
Gurobi Optimizer version 12.0.3 build v12.0.3rc0 (linux64 - "Ubuntu 24.04.4 LTS")

CPU model: Intel(R) Xeon(R) Gold 5218R CPU @ 2.10GHz, instruction set [SSE2|AVX|AVX2|AVX512]
Thread count: 40 physical cores, 40 logical processors, using up to 1 threads

Non-default parameters:
TimeLimit  1.1221285125956405e+04
Method  1
BarHomogeneous  1
Threads  1

Optimize a model with 770 rows, 194076 columns and 4766341 nonzeros
Coefficient statistics:
  Matrix range     [1e+00, 1e+00]
  Objective range  [1e+05, 5e+05]
  Bounds range     [0e+00, 0e+00]
  RHS range        [1e+00, 1e+00]
LP warm-start: use basis

Iteration    Objective       Primal Inf.    Dual Inf.      Time
       0   -5.7959900e+31   1.699835e+34   5.795990e+01      0s
     518   -9.8346606e+29   2.967635e+33   9.834661e-01      5s
    1023    3.3013980e+06   4.276397e+03   0.000000e+00     11s
    1490    3.3013989e+06   1.861964e+03   0.000000e+00     16s
    1948    3.3013991e+06   5.592801e+02   0.000000e+00     21s
    2406    3.3013993e+06   3.319563e+02   0.000000e+00     26s
    2873    3.3013994e+06   1.175670e+02   0.000000e+00     31s
    3218    3.3013994e+06   5.127878e+02   0.000000e+00     35s
    3675    3.3013994e+06   2.387808e+02   0.000000e+00     40s
    4126    3.3013994e+06   3.543565e+01   0.000000e+00     45s
    4591    3.3013994e+06   1.522940e+01   0.000000e+00     50s
    5062    3.3013994e+06   2.462067e+00   0.000000e+00     56s
    5296    3.3013994e+06   0.000000e+00   0.000000e+00     58s

Solved in 5296 iterations and 58.39 seconds (84.26 work units)
Optimal objective  3.301399436e+06
Set parameter TimeLimit to value 1.1142353286778554e+04
Set parameter Method to value 1
Gurobi Optimizer version 12.0.3 build v12.0.3rc0 (linux64 - "Ubuntu 24.04.4 LTS")

CPU model: Intel(R) Xeon(R) Gold 5218R CPU @ 2.10GHz, instruction set [SSE2|AVX|AVX2|AVX512]
Thread count: 40 physical cores, 40 logical processors, using up to 1 threads

Non-default parameters:
TimeLimit  1.1142353286778554e+04
Method  1
BarHomogeneous  1
Threads  1

Optimize a model with 770 rows, 194106 columns and 4766840 nonzeros
Coefficient statistics:
  Matrix range     [1e+00, 1e+00]
  Objective range  [1e+05, 5e+05]
  Bounds range     [0e+00, 0e+00]
  RHS range        [1e+00, 1e+00]
LP warm-start: use basis

Iteration    Objective       Primal Inf.    Dual Inf.      Time
       0   -7.5585370e+31   1.973581e+34   7.558537e+01      0s
     466   -1.0597207e+30   8.980638e+33   1.059720e+00      5s
    1019    3.3013987e+06   6.038795e+04   0.000000e+00     11s
    1475    3.3013992e+06   3.745872e+02   0.000000e+00     16s
    1820    3.3013992e+06   1.435791e+02   0.000000e+00     20s
    2274    3.3013993e+06   3.076594e+02   0.000000e+00     25s
    2737    3.3013993e+06   9.082248e+01   0.000000e+00     31s
    3195    3.3013993e+06   1.069120e+02   0.000000e+00     36s
    3651    3.3013993e+06   7.597155e+00   0.000000e+00     41s
    3842    3.3013993e+06   0.000000e+00   0.000000e+00     43s

Solved in 3842 iterations and 43.23 seconds (61.89 work units)
Optimal objective  3.301399313e+06
Set parameter TimeLimit to value 1.1078487154962495e+04
Set parameter Method to value 1
Gurobi Optimizer version 12.0.3 build v12.0.3rc0 (linux64 - "Ubuntu 24.04.4 LTS")

CPU model: Intel(R) Xeon(R) Gold 5218R CPU @ 2.10GHz, instruction set [SSE2|AVX|AVX2|AVX512]
Thread count: 40 physical cores, 40 logical processors, using up to 1 threads

Non-default parameters:
TimeLimit  1.1078487154962495e+04
Method  1
BarHomogeneous  1
Threads  1

Optimize a model with 770 rows, 194136 columns and 4767374 nonzeros
Coefficient statistics:
  Matrix range     [1e+00, 1e+00]
  Objective range  [1e+05, 5e+05]
  Bounds range     [0e+00, 0e+00]
  RHS range        [1e+00, 1e+00]
LP warm-start: use basis

Iteration    Objective       Primal Inf.    Dual Inf.      Time
       0   -4.0691185e+31   3.211820e+34   4.069119e+01      0s
     453   -2.6893212e+30   1.980298e+33   2.689320e+00      5s
     965   -6.9422987e+29   9.534902e+33   6.942306e-01     11s
    1436    3.3013977e+06   5.180369e+03   0.000000e+00     16s
    1910    3.3013983e+06   8.572322e+02   0.000000e+00     21s
    2390    3.3013986e+06   1.034009e+04   0.000000e+00     26s
    2748    3.3013986e+06   4.724452e+02   0.000000e+00     30s
    3222    3.3013987e+06   1.642189e+03   0.000000e+00     35s
    3693    3.3013988e+06   2.548227e+02   0.000000e+00     41s
    4158    3.3013988e+06   2.086368e+02   0.000000e+00     46s
    4628    3.3013988e+06   1.347736e+02   0.000000e+00     51s
    5091    3.3013988e+06   1.865130e+01   0.000000e+00     56s
    5555    3.3013988e+06   3.005179e+01   0.000000e+00     61s
    5898    3.3013988e+06   8.312514e+01   0.000000e+00     65s
    6368    3.3013989e+06   7.022484e+00   0.000000e+00     70s
    6696    3.3013989e+06   0.000000e+00   0.000000e+00     74s

Solved in 6696 iterations and 73.97 seconds (106.73 work units)
Optimal objective  3.301398853e+06
Set parameter TimeLimit to value 1.0983474193632603e+04
Set parameter Method to value 1
Gurobi Optimizer version 12.0.3 build v12.0.3rc0 (linux64 - "Ubuntu 24.04.4 LTS")

CPU model: Intel(R) Xeon(R) Gold 5218R CPU @ 2.10GHz, instruction set [SSE2|AVX|AVX2|AVX512]
Thread count: 40 physical cores, 40 logical processors, using up to 1 threads

Non-default parameters:
TimeLimit  1.0983474193632603e+04
Method  1
BarHomogeneous  1
Threads  1

Optimize a model with 770 rows, 194166 columns and 4767967 nonzeros
Coefficient statistics:
  Matrix range     [1e+00, 1e+00]
  Objective range  [1e+05, 5e+05]
  Bounds range     [0e+00, 0e+00]
  RHS range        [1e+00, 1e+00]
LP warm-start: use basis

Iteration    Objective       Primal Inf.    Dual Inf.      Time
       0   -5.1102677e+31   2.209941e+34   5.110268e+01      0s
     512   -4.0071432e+29   7.951789e+32   4.007143e-01      5s
    1026    3.3013977e+06   3.557668e+04   0.000000e+00     11s
    1497    3.3013984e+06   5.720361e+03   0.000000e+00     16s
    1852    3.3013985e+06   2.634568e+03   0.000000e+00     20s
    2325    3.3013985e+06   3.010490e+02   0.000000e+00     25s
    2792    3.3013986e+06   1.463009e+02   0.000000e+00     30s
    3258    3.3013986e+06   9.682102e+01   0.000000e+00     36s
    3724    3.3013986e+06   3.351664e+02   0.000000e+00     41s
    4191    3.3013986e+06   9.972069e+00   0.000000e+00     46s
    4658    3.3013986e+06   6.051042e+00   0.000000e+00     51s
    4964    3.3013986e+06   0.000000e+00   0.000000e+00     55s

Solved in 4964 iterations and 54.81 seconds (79.06 work units)
Optimal objective  3.301398625e+06
Set parameter TimeLimit to value 1.0907081057581119e+04
Set parameter Method to value 1
Gurobi Optimizer version 12.0.3 build v12.0.3rc0 (linux64 - "Ubuntu 24.04.4 LTS")

CPU model: Intel(R) Xeon(R) Gold 5218R CPU @ 2.10GHz, instruction set [SSE2|AVX|AVX2|AVX512]
Thread count: 40 physical cores, 40 logical processors, using up to 1 threads

Non-default parameters:
TimeLimit  1.0907081057581119e+04
Method  1
BarHomogeneous  1
Threads  1

Optimize a model with 770 rows, 194196 columns and 4768403 nonzeros
Coefficient statistics:
  Matrix range     [1e+00, 1e+00]
  Objective range  [1e+05, 5e+05]
  Bounds range     [0e+00, 0e+00]
  RHS range        [1e+00, 1e+00]
LP warm-start: use basis

Iteration    Objective       Primal Inf.    Dual Inf.      Time
       0   -5.7233608e+31   1.958962e+34   5.723361e+01      0s
     109    3.3013986e+06   0.000000e+00   0.000000e+00      2s

Solved in 109 iterations and 1.57 seconds (2.02 work units)
Optimal objective  3.301398625e+06
Set parameter TimeLimit to value 1.0886374144813046e+04
Set parameter Method to value 1
Gurobi Optimizer version 12.0.3 build v12.0.3rc0 (linux64 - "Ubuntu 24.04.4 LTS")

CPU model: Intel(R) Xeon(R) Gold 5218R CPU @ 2.10GHz, instruction set [SSE2|AVX|AVX2|AVX512]
Thread count: 40 physical cores, 40 logical processors, using up to 1 threads

Non-default parameters:
TimeLimit  1.0886374144813046e+04
Method  1
BarHomogeneous  1
Threads  1

Optimize a model with 770 rows, 194226 columns and 4768812 nonzeros
Coefficient statistics:
  Matrix range     [1e+00, 1e+00]
  Objective range  [1e+05, 5e+05]
  Bounds range     [0e+00, 0e+00]
  RHS range        [1e+00, 1e+00]
LP warm-start: use basis

Iteration    Objective       Primal Inf.    Dual Inf.      Time
       0   -3.7032469e+31   1.992260e+34   3.703247e+01      0s
     502   -3.7159003e+30   1.373905e+33   3.715900e+00      5s
    1056   -1.0809936e+30   1.070995e+34   1.080995e+00     11s
    1412   -1.6162583e+29   1.022091e+33   1.616275e-01     15s
    1897    3.3013972e+06   5.658953e+03   0.000000e+00     20s
    2372    3.3013978e+06   3.565974e+03   0.000000e+00     26s
    2838    3.3013979e+06   5.710497e+03   0.000000e+00     31s
    3301    3.3013981e+06   1.075798e+03   0.000000e+00     36s
    3647    3.3013982e+06   6.661108e+02   0.000000e+00     40s
    4117    3.3013983e+06   2.256070e+02   0.000000e+00     45s
    4585    3.3013983e+06   3.808941e+02   0.000000e+00     51s
    5040    3.3013983e+06   5.506375e+03   0.000000e+00     56s
    5494    3.3013983e+06   4.165425e+01   0.000000e+00     61s
    5951    3.3013983e+06   5.404395e+01   0.000000e+00     66s
    6414    3.3013983e+06   1.461274e+02   0.000000e+00     71s
    6762    3.3013983e+06   3.761129e+01   0.000000e+00     75s
    7225    3.3013984e+06   6.769733e+00   0.000000e+00     80s
    7401    3.3013984e+06   0.000000e+00   0.000000e+00     82s

Solved in 7401 iterations and 82.43 seconds (118.71 work units)
Optimal objective  3.301398352e+06
Set parameter TimeLimit to value 1.0783181710307021e+04
Set parameter Method to value 1
Gurobi Optimizer version 12.0.3 build v12.0.3rc0 (linux64 - "Ubuntu 24.04.4 LTS")

CPU model: Intel(R) Xeon(R) Gold 5218R CPU @ 2.10GHz, instruction set [SSE2|AVX|AVX2|AVX512]
Thread count: 40 physical cores, 40 logical processors, using up to 1 threads

Non-default parameters:
TimeLimit  1.0783181710307021e+04
Method  1
BarHomogeneous  1
Threads  1

Optimize a model with 770 rows, 194256 columns and 4769220 nonzeros
Coefficient statistics:
  Matrix range     [1e+00, 1e+00]
  Objective range  [1e+05, 5e+05]
  Bounds range     [0e+00, 0e+00]
  RHS range        [1e+00, 1e+00]
LP warm-start: use basis

Iteration    Objective       Primal Inf.    Dual Inf.      Time
       0   -3.7821949e+31   3.736968e+34   3.782195e+01      0s
     553   -1.0753032e+30   2.738797e+33   1.075333e+00      5s
    1086   -2.4511700e+28   6.156448e+32   2.470669e-02     11s
    1555    3.3013977e+06   1.362358e+03   0.000000e+00     16s
    2033    3.3013978e+06   8.552545e+02   0.000000e+00     21s
    2385    3.3013978e+06   6.185960e+02   0.000000e+00     25s
    2854    3.3013979e+06   5.910837e+02   0.000000e+00     30s
    3313    3.3013979e+06   3.429459e+02   0.000000e+00     35s
    3775    3.3013979e+06   4.381967e+01   0.000000e+00     40s
    4244    3.3013980e+06   5.587269e+01   0.000000e+00     46s
    4715    3.3013980e+06   1.649171e+01   0.000000e+00     51s
    5124    3.3013980e+06   0.000000e+00   0.000000e+00     55s

Solved in 5124 iterations and 55.45 seconds (80.42 work units)
Optimal objective  3.301397963e+06
Set parameter TimeLimit to value 1.0707239220495801e+04
Set parameter Method to value 1
Gurobi Optimizer version 12.0.3 build v12.0.3rc0 (linux64 - "Ubuntu 24.04.4 LTS")

CPU model: Intel(R) Xeon(R) Gold 5218R CPU @ 2.10GHz, instruction set [SSE2|AVX|AVX2|AVX512]
Thread count: 40 physical cores, 40 logical processors, using up to 1 threads

Non-default parameters:
TimeLimit  1.0707239220495801e+04
Method  1
BarHomogeneous  1
Threads  1

Optimize a model with 770 rows, 194286 columns and 4769746 nonzeros
Coefficient statistics:
  Matrix range     [1e+00, 1e+00]
  Objective range  [1e+05, 5e+05]
  Bounds range     [0e+00, 0e+00]
  RHS range        [1e+00, 1e+00]
LP warm-start: use basis

Iteration    Objective       Primal Inf.    Dual Inf.      Time
       0   -3.1957633e+31   3.783799e+34   3.195763e+01      0s
     512   -1.1545464e+29   2.251367e+33   1.154546e-01      5s
    1024    3.3013975e+06   9.085818e+03   0.000000e+00     11s
    1491    3.3013978e+06   3.861396e+02   0.000000e+00     16s
    1967    3.3013978e+06   1.802209e+02   0.000000e+00     21s
    2321    3.3013979e+06   1.729791e+03   0.000000e+00     25s
    2792    3.3013979e+06   2.201310e+01   0.000000e+00     30s
    3261    3.3013979e+06   3.803074e+01   0.000000e+00     36s
    3726    3.3013979e+06   6.757609e+00   0.000000e+00     41s
    3955    3.3013979e+06   0.000000e+00   0.000000e+00     43s

Solved in 3955 iterations and 43.31 seconds (62.80 work units)
Optimal objective  3.301397900e+06
Set parameter TimeLimit to value 1.0643080320782494e+04
Set parameter Method to value 1
Gurobi Optimizer version 12.0.3 build v12.0.3rc0 (linux64 - "Ubuntu 24.04.4 LTS")

CPU model: Intel(R) Xeon(R) Gold 5218R CPU @ 2.10GHz, instruction set [SSE2|AVX|AVX2|AVX512]
Thread count: 40 physical cores, 40 logical processors, using up to 1 threads

Non-default parameters:
TimeLimit  1.0643080320782494e+04
Method  1
BarHomogeneous  1
Threads  1

Optimize a model with 770 rows, 194316 columns and 4770231 nonzeros
Coefficient statistics:
  Matrix range     [1e+00, 1e+00]
  Objective range  [1e+05, 5e+05]
  Bounds range     [0e+00, 0e+00]
  RHS range        [1e+00, 1e+00]
LP warm-start: use basis

Iteration    Objective       Primal Inf.    Dual Inf.      Time
       0   -2.1398845e+31   2.816736e+34   2.139884e+01      0s
     516   -1.5968205e+30   1.418600e+33   1.596821e+00      5s
    1026   -8.4673179e+26   5.588426e+32   8.468503e-04     11s
    1502    3.3013973e+06   3.077721e+03   0.000000e+00     16s
    1967    3.3013974e+06   3.695048e+02   0.000000e+00     21s
    2438    3.3013975e+06   6.645602e+02   0.000000e+00     26s
    2906    3.3013975e+06   1.131635e+02   0.000000e+00     31s
    3369    3.3013975e+06   3.510534e+01   0.000000e+00     36s
    3831    3.3013976e+06   7.916677e+01   0.000000e+00     41s
    4299    3.3013976e+06   1.150923e+01   0.000000e+00     46s
    4655    3.3013976e+06   0.000000e+00   0.000000e+00     50s

Solved in 4655 iterations and 50.05 seconds (74.02 work units)
Optimal objective  3.301397568e+06
Set parameter TimeLimit to value 1.0572164056596812e+04
Set parameter Method to value 1
Gurobi Optimizer version 12.0.3 build v12.0.3rc0 (linux64 - "Ubuntu 24.04.4 LTS")

CPU model: Intel(R) Xeon(R) Gold 5218R CPU @ 2.10GHz, instruction set [SSE2|AVX|AVX2|AVX512]
Thread count: 40 physical cores, 40 logical processors, using up to 1 threads

Non-default parameters:
TimeLimit  1.0572164056596812e+04
Method  1
BarHomogeneous  1
Threads  1

Optimize a model with 770 rows, 194346 columns and 4770746 nonzeros
Coefficient statistics:
  Matrix range     [1e+00, 1e+00]
  Objective range  [1e+05, 5e+05]
  Bounds range     [0e+00, 0e+00]
  RHS range        [1e+00, 1e+00]
LP warm-start: use basis

Iteration    Objective       Primal Inf.    Dual Inf.      Time
       0   -3.2101035e+31   9.541608e+33   3.210103e+01      0s
     504   -3.9743228e+28   3.427517e+33   3.974308e-02      5s
    1007    3.3013974e+06   7.790393e+02   0.000000e+00     11s
    1479    3.3013975e+06   1.213175e+02   0.000000e+00     16s
    1949    3.3013975e+06   4.656522e+02   0.000000e+00     21s
    2410    3.3013975e+06   1.241256e+01   0.000000e+00     26s
    2871    3.3013975e+06   1.105504e+00   0.000000e+00     31s
    3008    3.3013975e+06   0.000000e+00   0.000000e+00     33s

Solved in 3008 iterations and 32.56 seconds (47.94 work units)
Optimal objective  3.301397478e+06
Set parameter TimeLimit to value 1.0519097372738179e+04
Set parameter Method to value 1
Gurobi Optimizer version 12.0.3 build v12.0.3rc0 (linux64 - "Ubuntu 24.04.4 LTS")

CPU model: Intel(R) Xeon(R) Gold 5218R CPU @ 2.10GHz, instruction set [SSE2|AVX|AVX2|AVX512]
Thread count: 40 physical cores, 40 logical processors, using up to 1 threads

Non-default parameters:
TimeLimit  1.0519097372738179e+04
Method  1
BarHomogeneous  1
Threads  1

Optimize a model with 770 rows, 194376 columns and 4771285 nonzeros
Coefficient statistics:
  Matrix range     [1e+00, 1e+00]
  Objective range  [1e+05, 5e+05]
  Bounds range     [0e+00, 0e+00]
  RHS range        [1e+00, 1e+00]
LP warm-start: use basis

Iteration    Objective       Primal Inf.    Dual Inf.      Time
       0   -2.3025568e+31   1.607983e+34   2.302557e+01      0s
     555    3.3013974e+06   5.658190e+02   0.000000e+00      6s
    1023    3.3013974e+06   8.333401e+01   0.000000e+00     11s
    1372    3.3013974e+06   1.115622e+02   0.000000e+00     15s
    1836    3.3013974e+06   2.140137e+01   0.000000e+00     20s
    2157    3.3013974e+06   0.000000e+00   0.000000e+00     24s

Solved in 2157 iterations and 24.03 seconds (34.44 work units)
Optimal objective  3.301397445e+06
Set parameter TimeLimit to value 1.0475227350695059e+04
Set parameter Method to value 1
Gurobi Optimizer version 12.0.3 build v12.0.3rc0 (linux64 - "Ubuntu 24.04.4 LTS")

CPU model: Intel(R) Xeon(R) Gold 5218R CPU @ 2.10GHz, instruction set [SSE2|AVX|AVX2|AVX512]
Thread count: 40 physical cores, 40 logical processors, using up to 1 threads

Non-default parameters:
TimeLimit  1.0475227350695059e+04
Method  1
BarHomogeneous  1
Threads  1

Optimize a model with 770 rows, 194406 columns and 4771777 nonzeros
Coefficient statistics:
  Matrix range     [1e+00, 1e+00]
  Objective range  [1e+05, 5e+05]
  Bounds range     [0e+00, 0e+00]
  RHS range        [1e+00, 1e+00]
LP warm-start: use basis

Iteration    Objective       Primal Inf.    Dual Inf.      Time
       0   -1.9938560e+31   6.906661e+33   1.993856e+01      0s
     517   -2.5929416e+29   9.068396e+32   2.592955e-01      5s
    1031    3.3013970e+06   1.312072e+04   0.000000e+00     11s
    1508    3.3013972e+06   4.183385e+02   0.000000e+00     16s
    1863    3.3013972e+06   5.140449e+02   0.000000e+00     20s
    2331    3.3013973e+06   2.515269e+02   0.000000e+00     25s
    2794    3.3013973e+06   1.502556e+02   0.000000e+00     31s
    3257    3.3013973e+06   2.023560e+01   0.000000e+00     36s
    3727    3.3013973e+06   1.059629e+01   0.000000e+00     41s
    4086    3.3013973e+06   6.584371e-01   0.000000e+00     45s
    4146    3.3013973e+06   0.000000e+00   0.000000e+00     46s

Solved in 4146 iterations and 45.82 seconds (65.93 work units)
Optimal objective  3.301397316e+06
Set parameter TimeLimit to value 1.0408438535374589e+04
Set parameter Method to value 1
Gurobi Optimizer version 12.0.3 build v12.0.3rc0 (linux64 - "Ubuntu 24.04.4 LTS")

CPU model: Intel(R) Xeon(R) Gold 5218R CPU @ 2.10GHz, instruction set [SSE2|AVX|AVX2|AVX512]
Thread count: 40 physical cores, 40 logical processors, using up to 1 threads

Non-default parameters:
TimeLimit  1.0408438535374589e+04
Method  1
BarHomogeneous  1
Threads  1

Optimize a model with 770 rows, 194436 columns and 4772274 nonzeros
Coefficient statistics:
  Matrix range     [1e+00, 1e+00]
  Objective range  [1e+05, 5e+05]
  Bounds range     [0e+00, 0e+00]
  RHS range        [1e+00, 1e+00]
LP warm-start: use basis

Iteration    Objective       Primal Inf.    Dual Inf.      Time
       0   -2.5203809e+31   8.729034e+33   2.520381e+01      0s
     515    3.3013972e+06   6.548044e+02   0.000000e+00      6s
     990    3.3013973e+06   2.815601e+02   0.000000e+00     11s
    1455    3.3013973e+06   3.352984e+01   0.000000e+00     16s
    1811    3.3013973e+06   6.949750e+00   0.000000e+00     20s
    1961    3.3013973e+06   0.000000e+00   0.000000e+00     22s

Solved in 1961 iterations and 21.78 seconds (31.35 work units)
Optimal objective  3.301397262e+06
Set parameter TimeLimit to value 1.0367573600744363e+04
Set parameter Method to value 1
Gurobi Optimizer version 12.0.3 build v12.0.3rc0 (linux64 - "Ubuntu 24.04.4 LTS")

CPU model: Intel(R) Xeon(R) Gold 5218R CPU @ 2.10GHz, instruction set [SSE2|AVX|AVX2|AVX512]
Thread count: 40 physical cores, 40 logical processors, using up to 1 threads

Non-default parameters:
TimeLimit  1.0367573600744363e+04
Method  1
BarHomogeneous  1
Threads  1

Optimize a model with 770 rows, 194466 columns and 4772742 nonzeros
Coefficient statistics:
  Matrix range     [1e+00, 1e+00]
  Objective range  [1e+05, 5e+05]
  Bounds range     [0e+00, 0e+00]
  RHS range        [1e+00, 1e+00]
LP warm-start: use basis

Iteration    Objective       Primal Inf.    Dual Inf.      Time
       0   -2.2124036e+31   5.086856e+33   2.212404e+01      0s
     478   -9.4929710e+28   1.547202e+33   9.492971e-02      5s
     915    3.3013968e+06   4.791941e+03   0.000000e+00     10s
    1373    3.3013971e+06   1.791105e+03   0.000000e+00     15s
    1836    3.3013971e+06   3.301910e+03   0.000000e+00     20s
    2295    3.3013971e+06   6.152629e+02   0.000000e+00     26s
    2752    3.3013972e+06   1.638300e+01   0.000000e+00     31s
    3205    3.3013972e+06   2.361508e+00   0.000000e+00     36s
    3375    3.3013972e+06   0.000000e+00   0.000000e+00     38s

Solved in 3375 iterations and 37.95 seconds (54.50 work units)
Optimal objective  3.301397165e+06
Set parameter TimeLimit to value 1.0309627832086291e+04
Set parameter Method to value 1
Gurobi Optimizer version 12.0.3 build v12.0.3rc0 (linux64 - "Ubuntu 24.04.4 LTS")

CPU model: Intel(R) Xeon(R) Gold 5218R CPU @ 2.10GHz, instruction set [SSE2|AVX|AVX2|AVX512]
Thread count: 40 physical cores, 40 logical processors, using up to 1 threads

Non-default parameters:
TimeLimit  1.0309627832086291e+04
Method  1
BarHomogeneous  1
Threads  1

Optimize a model with 770 rows, 194496 columns and 4773183 nonzeros
Coefficient statistics:
  Matrix range     [1e+00, 1e+00]
  Objective range  [1e+05, 5e+05]
  Bounds range     [0e+00, 0e+00]
  RHS range        [1e+00, 1e+00]
LP warm-start: use basis

Iteration    Objective       Primal Inf.    Dual Inf.      Time
       0   -1.8944422e+31   5.251034e+33   1.894442e+01      0s
     525   -4.1389866e+27   1.584635e+32   4.139045e-03      5s
     981    3.3013970e+06   2.751878e+02   0.000000e+00     10s
    1454    3.3013971e+06   3.005241e+02   0.000000e+00     16s
    1920    3.3013971e+06   4.222448e+01   0.000000e+00     21s
    2270    3.3013971e+06   1.167732e+00   0.000000e+00     25s
    2449    3.3013971e+06   0.000000e+00   0.000000e+00     27s

Solved in 2449 iterations and 27.20 seconds (38.68 work units)
Optimal objective  3.301397114e+06
Set parameter TimeLimit to value 1.0263024924080819e+04
Set parameter Method to value 1
Gurobi Optimizer version 12.0.3 build v12.0.3rc0 (linux64 - "Ubuntu 24.04.4 LTS")

CPU model: Intel(R) Xeon(R) Gold 5218R CPU @ 2.10GHz, instruction set [SSE2|AVX|AVX2|AVX512]
Thread count: 40 physical cores, 40 logical processors, using up to 1 threads

Non-default parameters:
TimeLimit  1.0263024924080819e+04
Method  1
BarHomogeneous  1
Threads  1

Optimize a model with 770 rows, 194526 columns and 4773824 nonzeros
Coefficient statistics:
  Matrix range     [1e+00, 1e+00]
  Objective range  [1e+05, 5e+05]
  Bounds range     [0e+00, 0e+00]
  RHS range        [1e+00, 1e+00]
LP warm-start: use basis

Iteration    Objective       Primal Inf.    Dual Inf.      Time
       0   -1.2826499e+31   1.391173e+34   1.282650e+01      0s
     520   -2.2274597e+29   1.178039e+33   2.227470e-01      5s
    1068    3.3013968e+06   3.719148e+02   0.000000e+00     11s
    1415    3.3013969e+06   1.271440e+03   0.000000e+00     15s
    1889    3.3013969e+06   1.624611e+03   0.000000e+00     20s
    2368    3.3013970e+06   1.133725e+02   0.000000e+00     26s
    2832    3.3013970e+06   1.031987e+01   0.000000e+00     31s
    3299    3.3013970e+06   2.584494e+00   0.000000e+00     36s
    3434    3.3013970e+06   0.000000e+00   0.000000e+00     38s

Solved in 3434 iterations and 37.55 seconds (54.33 work units)
Optimal objective  3.301397012e+06
Set parameter TimeLimit to value 1.0204700010847766e+04
Set parameter Method to value 1
Gurobi Optimizer version 12.0.3 build v12.0.3rc0 (linux64 - "Ubuntu 24.04.4 LTS")

CPU model: Intel(R) Xeon(R) Gold 5218R CPU @ 2.10GHz, instruction set [SSE2|AVX|AVX2|AVX512]
Thread count: 40 physical cores, 40 logical processors, using up to 1 threads

Non-default parameters:
TimeLimit  1.0204700010847766e+04
Method  1
BarHomogeneous  1
Threads  1

Optimize a model with 770 rows, 194556 columns and 4774460 nonzeros
Coefficient statistics:
  Matrix range     [1e+00, 1e+00]
  Objective range  [1e+05, 5e+05]
  Bounds range     [0e+00, 0e+00]
  RHS range        [1e+00, 1e+00]
LP warm-start: use basis

Iteration    Objective       Primal Inf.    Dual Inf.      Time
       0   -1.6744746e+31   5.930145e+33   1.674475e+01      0s
     478    3.3013968e+06   7.061473e+03   0.000000e+00      5s
     952    3.3013969e+06   6.617123e+01   0.000000e+00     10s
    1421    3.3013970e+06   2.800577e+01   0.000000e+00     16s
    1893    3.3013970e+06   2.022771e-01   0.000000e+00     21s
    1908    3.3013970e+06   0.000000e+00   0.000000e+00     21s

Solved in 1908 iterations and 21.14 seconds (30.13 work units)
Optimal objective  3.301396953e+06
Set parameter TimeLimit to value 1.0165071533591952e+04
Set parameter Method to value 1
Gurobi Optimizer version 12.0.3 build v12.0.3rc0 (linux64 - "Ubuntu 24.04.4 LTS")

CPU model: Intel(R) Xeon(R) Gold 5218R CPU @ 2.10GHz, instruction set [SSE2|AVX|AVX2|AVX512]
Thread count: 40 physical cores, 40 logical processors, using up to 1 threads

Non-default parameters:
TimeLimit  1.0165071533591952e+04
Method  1
BarHomogeneous  1
Threads  1

Optimize a model with 770 rows, 194586 columns and 4775004 nonzeros
Coefficient statistics:
  Matrix range     [1e+00, 1e+00]
  Objective range  [1e+05, 5e+05]
  Bounds range     [0e+00, 0e+00]
  RHS range        [1e+00, 1e+00]
LP warm-start: use basis

Iteration    Objective       Primal Inf.    Dual Inf.      Time
       0   -1.5772495e+31   5.201009e+33   1.577250e+01      0s
     517    3.3013968e+06   2.852411e+02   0.000000e+00      6s
     975    3.3013969e+06   1.351880e+03   0.000000e+00     11s
    1435    3.3013969e+06   1.371451e+01   0.000000e+00     16s
    1788    3.3013969e+06   1.629730e+01   0.000000e+00     20s
    2263    3.3013969e+06   4.966170e-02   0.000000e+00     25s
    2275    3.3013969e+06   0.000000e+00   0.000000e+00     26s

Solved in 2275 iterations and 25.60 seconds (36.64 work units)
Optimal objective  3.301396928e+06
Set parameter TimeLimit to value 1.0119037759469356e+04
Set parameter Method to value 1
Gurobi Optimizer version 12.0.3 build v12.0.3rc0 (linux64 - "Ubuntu 24.04.4 LTS")

CPU model: Intel(R) Xeon(R) Gold 5218R CPU @ 2.10GHz, instruction set [SSE2|AVX|AVX2|AVX512]
Thread count: 40 physical cores, 40 logical processors, using up to 1 threads

Non-default parameters:
TimeLimit  1.0119037759469356e+04
Method  1
BarHomogeneous  1
Threads  1

Optimize a model with 770 rows, 194616 columns and 4775553 nonzeros
Coefficient statistics:
  Matrix range     [1e+00, 1e+00]
  Objective range  [1e+05, 5e+05]
  Bounds range     [0e+00, 0e+00]
  RHS range        [1e+00, 1e+00]
LP warm-start: use basis

Iteration    Objective       Primal Inf.    Dual Inf.      Time
       0   -1.3096566e+31   3.608558e+33   1.309657e+01      0s
     523   -1.9122051e+28   8.919427e+32   1.912209e-02      5s
    1004    3.3013968e+06   7.627521e+02   0.000000e+00     11s
    1468    3.3013969e+06   1.322325e+02   0.000000e+00     16s
    1936    3.3013969e+06   3.156305e+00   0.000000e+00     21s
    2119    3.3013969e+06   0.000000e+00   0.000000e+00     23s

Solved in 2119 iterations and 23.41 seconds (33.59 work units)
Optimal objective  3.301396862e+06
Set parameter TimeLimit to value 1.0076364081707783e+04
Set parameter Method to value 1
Gurobi Optimizer version 12.0.3 build v12.0.3rc0 (linux64 - "Ubuntu 24.04.4 LTS")

CPU model: Intel(R) Xeon(R) Gold 5218R CPU @ 2.10GHz, instruction set [SSE2|AVX|AVX2|AVX512]
Thread count: 40 physical cores, 40 logical processors, using up to 1 threads

Non-default parameters:
TimeLimit  1.0076364081707783e+04
Method  1
BarHomogeneous  1
Threads  1

Optimize a model with 770 rows, 194646 columns and 4776123 nonzeros
Coefficient statistics:
  Matrix range     [1e+00, 1e+00]
  Objective range  [1e+05, 5e+05]
  Bounds range     [0e+00, 0e+00]
  RHS range        [1e+00, 1e+00]
LP warm-start: use basis

Iteration    Objective       Primal Inf.    Dual Inf.      Time
       0   -1.1029769e+31   4.458490e+33   1.102977e+01      0s
     511    3.3013968e+06   2.412171e+02   0.000000e+00      5s
     984    3.3013968e+06   3.020110e+02   0.000000e+00     10s
    1454    3.3013968e+06   4.599525e+00   0.000000e+00     15s
    1757    3.3013968e+06   0.000000e+00   0.000000e+00     19s

Solved in 1757 iterations and 18.74 seconds (28.01 work units)
Optimal objective  3.301396846e+06
Set parameter TimeLimit to value 1.0039187403588090e+04
Set parameter Method to value 1
Gurobi Optimizer version 12.0.3 build v12.0.3rc0 (linux64 - "Ubuntu 24.04.4 LTS")

CPU model: Intel(R) Xeon(R) Gold 5218R CPU @ 2.10GHz, instruction set [SSE2|AVX|AVX2|AVX512]
Thread count: 40 physical cores, 40 logical processors, using up to 1 threads

Non-default parameters:
TimeLimit  1.0039187403588090e+04
Method  1
BarHomogeneous  1
Threads  1

Optimize a model with 770 rows, 194676 columns and 4776693 nonzeros
Coefficient statistics:
  Matrix range     [1e+00, 1e+00]
  Objective range  [1e+05, 5e+05]
  Bounds range     [0e+00, 0e+00]
  RHS range        [1e+00, 1e+00]
LP warm-start: use basis

Iteration    Objective       Primal Inf.    Dual Inf.      Time
       0   -9.3070815e+30   5.230937e+33   9.307082e+00      0s
     577    3.3013963e+06   5.968799e+02   0.000000e+00      6s
    1046    3.3013967e+06   2.712166e+02   0.000000e+00     11s
    1526    3.3013968e+06   1.757717e+02   0.000000e+00     16s
    1994    3.3013968e+06   1.845279e+02   0.000000e+00     21s
    2470    3.3013968e+06   2.835812e-01   0.000000e+00     26s
    2580    3.3013968e+06   0.000000e+00   0.000000e+00     27s

Solved in 2580 iterations and 27.16 seconds (40.71 work units)
Optimal objective  3.301396786e+06
Set parameter TimeLimit to value 9.9912711351723410e+03
Set parameter Method to value 1
Gurobi Optimizer version 12.0.3 build v12.0.3rc0 (linux64 - "Ubuntu 24.04.4 LTS")

CPU model: Intel(R) Xeon(R) Gold 5218R CPU @ 2.10GHz, instruction set [SSE2|AVX|AVX2|AVX512]
Thread count: 40 physical cores, 40 logical processors, using up to 1 threads

Non-default parameters:
TimeLimit  9.9912711351723410e+03
Method  1
BarHomogeneous  1
Threads  1

Optimize a model with 770 rows, 194706 columns and 4777263 nonzeros
Coefficient statistics:
  Matrix range     [1e+00, 1e+00]
  Objective range  [1e+05, 5e+05]
  Bounds range     [0e+00, 0e+00]
  RHS range        [1e+00, 1e+00]
LP warm-start: use basis

Iteration    Objective       Primal Inf.    Dual Inf.      Time
       0   -1.0221354e+31   3.074026e+33   1.022135e+01      0s
     514   -1.1593027e+29   1.974649e+33   1.159302e-01      5s
    1066    3.3013967e+06   3.543830e+03   0.000000e+00     11s
    1536    3.3013967e+06   6.561504e+02   0.000000e+00     16s
    2010    3.3013967e+06   6.828950e+01   0.000000e+00     21s
    2483    3.3013967e+06   1.434771e+01   0.000000e+00     26s
    2950    3.3013967e+06   3.281250e-01   0.000000e+00     31s
    3034    3.3013967e+06   0.000000e+00   0.000000e+00     32s

Solved in 3034 iterations and 32.21 seconds (48.09 work units)
Optimal objective  3.301396741e+06
Set parameter TimeLimit to value 9.9399544375245459e+03
Set parameter Method to value 1
Gurobi Optimizer version 12.0.3 build v12.0.3rc0 (linux64 - "Ubuntu 24.04.4 LTS")

CPU model: Intel(R) Xeon(R) Gold 5218R CPU @ 2.10GHz, instruction set [SSE2|AVX|AVX2|AVX512]
Thread count: 40 physical cores, 40 logical processors, using up to 1 threads

Non-default parameters:
TimeLimit  9.9399544375245459e+03
Method  1
BarHomogeneous  1
Threads  1

Optimize a model with 770 rows, 194736 columns and 4777809 nonzeros
Coefficient statistics:
  Matrix range     [1e+00, 1e+00]
  Objective range  [1e+05, 5e+05]
  Bounds range     [0e+00, 0e+00]
  RHS range        [1e+00, 1e+00]
LP warm-start: use basis

Iteration    Objective       Primal Inf.    Dual Inf.      Time
       0   -9.6191188e+30   1.094298e+34   9.619118e+00      0s
     434    3.3045096e+06   7.102380e+00   1.831853e+12      6s
     634    3.3090271e+06   3.449762e+00   9.031060e+11     10s
     934    3.3157034e+06   1.396697e+00   1.127057e+13     17s
    1134    3.3180798e+06   8.688568e-01   1.624375e+12     21s
    1334    3.3251362e+06   4.082364e-01   6.578788e+10     26s
    1534    3.3265781e+06   2.000635e-01   5.556743e+10     30s
    1834    3.3289496e+06   2.719774e-02   2.069985e+11     37s
    2064    3.3254999e+06   0.000000e+00   8.488787e+09     41s
    2424    3.3162222e+06   0.000000e+00   8.644643e+10     46s
    2912    3.3067533e+06   0.000000e+00   7.794576e+09     51s
    3285    3.3018772e+06   0.000000e+00   6.998643e+09     56s
    3654    3.3014294e+06   0.000000e+00   1.001777e+07     60s
    4142    3.3014197e+06   0.000000e+00   5.002324e+06     66s
    4509    3.3014152e+06   0.000000e+00   5.038218e+06     71s
    4876    3.3014118e+06   0.000000e+00   8.837066e+06     75s
    5356    3.3014093e+06   0.000000e+00   1.207644e+07     81s
    5729    3.3014080e+06   0.000000e+00   9.186983e+05     86s
    6218    3.3014062e+06   0.000000e+00   9.204433e+05     91s
    6594    3.3014055e+06   0.000000e+00   7.775757e+05     96s
    7060    3.3014043e+06   0.000000e+00   5.262376e+06    101s
    7404    3.3014037e+06   0.000000e+00   1.464508e+06    105s
    7896    3.3014028e+06   0.000000e+00   1.421748e+06    111s
    8227    3.3014020e+06   0.000000e+00   1.050305e+06    115s
    8710    3.3014013e+06   0.000000e+00   4.097960e+05    121s
    9148    3.3014009e+06   0.000000e+00   1.608377e+06    126s
    9600    3.3014004e+06   0.000000e+00   2.400084e+06    131s
   10058    3.3014001e+06   0.000000e+00   3.234551e+06    136s
   10443    3.3013998e+06   0.000000e+00   4.672919e+05    140s
   10908    3.3013995e+06   0.000000e+00   2.946043e+06    146s
   11366    3.3013994e+06   0.000000e+00   2.083827e+06    151s
   11824    3.3013993e+06   0.000000e+00   2.293219e+07    156s
   12188    3.3013992e+06   0.000000e+00   1.141780e+06    160s
   12604    3.3013991e+06   0.000000e+00   3.311286e+06    165s
   13104    3.3013990e+06   0.000000e+00   1.323583e+06    171s
   13494    3.3013989e+06   0.000000e+00   2.175819e+06    176s
   13940    3.3013987e+06   0.000000e+00   1.214187e+06    181s
   14393    3.3013986e+06   0.000000e+00   1.753736e+06    186s
   14758    3.3013985e+06   0.000000e+00   4.183089e+05    190s
   15214    3.3013984e+06   0.000000e+00   6.888303e+05    195s
   15669    3.3013983e+06   0.000000e+00   9.812675e+05    201s
   16105    3.3013982e+06   0.000000e+00   2.129821e+05    206s
   16543    3.3013982e+06   0.000000e+00   5.815877e+05    211s
   16982    3.3013981e+06   0.000000e+00   5.261757e+05    216s
   17429    3.3013980e+06   0.000000e+00   2.233439e+06    221s
   17777    3.3013980e+06   0.000000e+00   1.921502e+06    225s
   18252    3.3013979e+06   0.000000e+00   1.613427e+06    231s
   18667    3.3013978e+06   0.000000e+00   5.783981e+05    236s
   19123    3.3013977e+06   0.000000e+00   2.355133e+06    241s
   19458    3.3013977e+06   0.000000e+00   5.082541e+06    245s
   19895    3.3013976e+06   0.000000e+00   8.588474e+05    250s
   20371    3.3013975e+06   0.000000e+00   6.253246e+06    256s
   20767    3.3013975e+06   0.000000e+00   7.872514e+05    260s
   21255    3.3013974e+06   0.000000e+00   1.431621e+07    266s
   21604    3.3013974e+06   0.000000e+00   1.556290e+05    270s
   22054    3.3013974e+06   0.000000e+00   2.213202e+06    275s
   22529    3.3013973e+06   0.000000e+00   1.028923e+05    281s
   22871    3.3013973e+06   0.000000e+00   2.310870e+05    285s
   23307    3.3013973e+06   0.000000e+00   1.004974e+06    290s
   23778    3.3013972e+06   0.000000e+00   3.806954e+05    296s
   24272    3.3013971e+06   0.000000e+00   1.601588e+04    301s
   24632    3.3013971e+06   0.000000e+00   2.800886e+06    306s
   25006    3.3013971e+06   0.000000e+00   1.341576e+06    310s
   25491    3.3013971e+06   0.000000e+00   3.250186e+05    316s
   25841    3.3013971e+06   0.000000e+00   6.274178e+05    320s
   26306    3.3013970e+06   0.000000e+00   1.372079e+07    326s
   26676    3.3013970e+06   0.000000e+00   1.149561e+05    330s
   27156    3.3013970e+06   0.000000e+00   1.014944e+06    336s
   27510    3.3013970e+06   0.000000e+00   4.688774e+06    340s
   27939    3.3013970e+06   0.000000e+00   4.687087e+04    345s
   28407    3.3013969e+06   0.000000e+00   1.313320e+05    351s
   28777    3.3013969e+06   0.000000e+00   9.918728e+04    355s
   29277    3.3013969e+06   0.000000e+00   4.162952e+04    361s
   29644    3.3013969e+06   0.000000e+00   3.579610e+04    365s
   30104    3.3013969e+06   0.000000e+00   2.004379e+04    371s
   30454    3.3013969e+06   0.000000e+00   1.319191e+06    375s
   30914    3.3013969e+06   0.000000e+00   7.285272e+04    380s
   31373    3.3013969e+06   0.000000e+00   8.724003e+05    386s
   31842    3.3013968e+06   0.000000e+00   2.108802e+05    391s
   32181    3.3013968e+06   0.000000e+00   7.793529e+04    395s
   32639    3.3013968e+06   0.000000e+00   4.072671e+06    401s
   33068    3.3013968e+06   0.000000e+00   1.728308e+05    406s
   33527    3.3013968e+06   0.000000e+00   2.146349e+05    411s
   33877    3.3013968e+06   0.000000e+00   3.622289e+04    415s
   34347    3.3013968e+06   0.000000e+00   9.770406e+05    421s
   34687    3.3013968e+06   0.000000e+00   9.845669e+04    425s
   35135    3.3013968e+06   0.000000e+00   7.291112e+05    430s
   35585    3.3013968e+06   0.000000e+00   9.710132e+04    436s
   35953    3.3013968e+06   0.000000e+00   8.664676e+05    440s
   36451    3.3013968e+06   0.000000e+00   2.880257e+04    446s
   36821    3.3013968e+06   0.000000e+00   3.001278e+06    451s
   37301    3.3013967e+06   0.000000e+00   5.375268e+04    456s
   37670    3.3013967e+06   0.000000e+00   1.360328e+06    461s
   38010    3.3013967e+06   0.000000e+00   8.732285e+03    465s
   38488    3.3013967e+06   0.000000e+00   2.427880e+05    471s
   38938    3.3013967e+06   0.000000e+00   2.367799e+04    476s
   39308    3.3013967e+06   0.000000e+00   1.419192e+05    481s
   39786    3.3013967e+06   0.000000e+00   9.631451e+05    486s
   40155    3.3013967e+06   0.000000e+00   1.881888e+06    491s
   40514    3.3013967e+06   0.000000e+00   1.273772e+04    495s
   40993    3.3013967e+06   0.000000e+00   1.220148e+06    501s
   41422    3.3013967e+06   0.000000e+00   7.032252e+04    506s
   41862    3.3013967e+06   0.000000e+00   3.169483e+06    511s
   42202    3.3013967e+06   0.000000e+00   4.395909e+03    515s
   42632    3.3013967e+06   0.000000e+00   3.219748e+05    520s
   43141    3.3013967e+06   0.000000e+00   8.803273e+04    526s
   43481    3.3013967e+06   0.000000e+00   2.498165e+05    530s
   43959    3.3013967e+06   0.000000e+00   3.563080e+04    536s
   44379    3.3013967e+06   0.000000e+00   1.403516e+05    541s
   44809    3.3013967e+06   0.000000e+00   2.611914e+05    546s
   45229    3.3013967e+06   0.000000e+00   1.327242e+04    551s
   45669    3.3013967e+06   0.000000e+00   3.974116e+05    556s
   46089    3.3013967e+06   0.000000e+00   1.667850e+03    561s
   46529    3.3013967e+06   0.000000e+00   2.005389e+03    566s
   46899    3.3013967e+06   0.000000e+00   1.534131e+04    570s
   47379    3.3013967e+06   0.000000e+00   8.518442e+04    576s
   47825    3.3013967e+06   0.000000e+00   5.067717e+04    581s
   48274    3.3013967e+06   0.000000e+00   1.677450e+03    586s
   48674    3.3013967e+06   0.000000e+00   8.583996e+04    590s
   49114    3.3013967e+06   0.000000e+00   1.925533e+03    596s
   49574    3.3013967e+06   0.000000e+00   2.800546e+03    601s
   50024    3.3013967e+06   0.000000e+00   9.075641e+03    606s
   50494    3.3013967e+06   0.000000e+00   1.490219e+02    611s
   50963    3.3013967e+06   0.000000e+00   6.533430e+01    616s
   51383    3.3013967e+06   0.000000e+00   9.108546e+02    621s
   51873    3.3013967e+06   0.000000e+00   2.778553e+01    626s
   52333    3.3013967e+06   0.000000e+00   2.762839e+01    631s
   52507    3.3013967e+06   0.000000e+00   0.000000e+00    633s

Solved in 52507 iterations and 632.88 seconds (962.74 work units)
Optimal objective  3.301396712e+06
Set parameter TimeLimit to value 9.2862148133805022e+03
Set parameter Method to value 1
Gurobi Optimizer version 12.0.3 build v12.0.3rc0 (linux64 - "Ubuntu 24.04.4 LTS")

CPU model: Intel(R) Xeon(R) Gold 5218R CPU @ 2.10GHz, instruction set [SSE2|AVX|AVX2|AVX512]
Thread count: 40 physical cores, 40 logical processors, using up to 1 threads

Non-default parameters:
TimeLimit  9.2862148133805022e+03
Method  1
BarHomogeneous  1
Threads  1

Optimize a model with 770 rows, 194766 columns and 4778413 nonzeros
Coefficient statistics:
  Matrix range     [1e+00, 1e+00]
  Objective range  [1e+05, 5e+05]
  Bounds range     [0e+00, 0e+00]
  RHS range        [1e+00, 1e+00]
LP warm-start: use basis

Iteration    Objective       Primal Inf.    Dual Inf.      Time
       0   -9.7674237e+30   9.465733e+33   9.767424e+00      0s
     495    3.3013965e+06   1.129704e+04   0.000000e+00      5s
     969    3.3013966e+06   1.016808e+02   0.000000e+00     10s
    1445    3.3013967e+06   1.436541e+02   0.000000e+00     15s
    1920    3.3013967e+06   6.138598e+01   0.000000e+00     20s
    2392    3.3013967e+06   5.546746e+00   0.000000e+00     26s
    2667    3.3013967e+06   0.000000e+00   0.000000e+00     29s

Solved in 2667 iterations and 28.65 seconds (42.17 work units)
Optimal objective  3.301396681e+06
Set parameter TimeLimit to value 9.2367617852501571e+03
Set parameter Method to value 1
Gurobi Optimizer version 12.0.3 build v12.0.3rc0 (linux64 - "Ubuntu 24.04.4 LTS")

CPU model: Intel(R) Xeon(R) Gold 5218R CPU @ 2.10GHz, instruction set [SSE2|AVX|AVX2|AVX512]
Thread count: 40 physical cores, 40 logical processors, using up to 1 threads

Non-default parameters:
TimeLimit  9.2367617852501571e+03
Method  1
BarHomogeneous  1
Threads  1

Optimize a model with 770 rows, 194796 columns and 4779309 nonzeros
Coefficient statistics:
  Matrix range     [1e+00, 1e+00]
  Objective range  [1e+05, 5e+05]
  Bounds range     [0e+00, 0e+00]
  RHS range        [1e+00, 1e+00]
LP warm-start: use basis

Iteration    Objective       Primal Inf.    Dual Inf.      Time
       0   -7.9416217e+30   6.660804e+33   7.941622e+00      0s
     470    3.3013967e+06   2.482193e+01   0.000000e+00      5s
     936    3.3013967e+06   1.218173e+00   0.000000e+00     11s
    1079    3.3013967e+06   0.000000e+00   0.000000e+00     12s

Solved in 1079 iterations and 12.25 seconds (17.51 work units)
Optimal objective  3.301396670e+06
Set parameter TimeLimit to value 9.2053690405311063e+03
Set parameter Method to value 1
Gurobi Optimizer version 12.0.3 build v12.0.3rc0 (linux64 - "Ubuntu 24.04.4 LTS")

CPU model: Intel(R) Xeon(R) Gold 5218R CPU @ 2.10GHz, instruction set [SSE2|AVX|AVX2|AVX512]
Thread count: 40 physical cores, 40 logical processors, using up to 1 threads

Non-default parameters:
TimeLimit  9.2053690405311063e+03
Method  1
BarHomogeneous  1
Threads  1

Optimize a model with 770 rows, 194824 columns and 4779953 nonzeros
Coefficient statistics:
  Matrix range     [1e+00, 1e+00]
  Objective range  [1e+05, 5e+05]
  Bounds range     [0e+00, 0e+00]
  RHS range        [1e+00, 1e+00]
LP warm-start: use basis

Iteration    Objective       Primal Inf.    Dual Inf.      Time
       0   -4.5182504e+32   1.846154e+36   4.518252e+02      0s
     531   -5.0853941e+29   4.106419e+33   5.085401e-01      5s
    1083   -5.1408986e+28   1.088323e+33   5.141170e-02     11s
    1558    3.3013965e+06   1.403076e+03   0.000000e+00     16s
    2028    3.3013966e+06   5.313630e+02   0.000000e+00     21s
    2495    3.3013966e+06   1.913786e+02   0.000000e+00     26s
    2971    3.3013966e+06   2.663164e+02   0.000000e+00     31s
    3436    3.3013966e+06   1.110643e+02   0.000000e+00     36s
    3903    3.3013967e+06   1.841768e+01   0.000000e+00     41s
    4375    3.3013967e+06   6.934747e+00   0.000000e+00     46s
    4654    3.3013967e+06   0.000000e+00   0.000000e+00     49s

Solved in 4654 iterations and 48.97 seconds (73.44 work units)
Optimal objective  3.301396655e+06
Set parameter TimeLimit to value 9.1358829588922672e+03
Set parameter Method to value 1
Gurobi Optimizer version 12.0.3 build v12.0.3rc0 (linux64 - "Ubuntu 24.04.4 LTS")

CPU model: Intel(R) Xeon(R) Gold 5218R CPU @ 2.10GHz, instruction set [SSE2|AVX|AVX2|AVX512]
Thread count: 40 physical cores, 40 logical processors, using up to 1 threads

Non-default parameters:
TimeLimit  9.1358829588922672e+03
Method  1
BarHomogeneous  1
Threads  1

Optimize a model with 770 rows, 194854 columns and 4780595 nonzeros
Coefficient statistics:
  Matrix range     [1e+00, 1e+00]
  Objective range  [1e+05, 5e+05]
  Bounds range     [0e+00, 0e+00]
  RHS range        [1e+00, 1e+00]
LP warm-start: use basis

Iteration    Objective       Primal Inf.    Dual Inf.      Time
       0   -8.1289657e+30   8.935539e+33   8.128966e+00      0s
     476    3.3013966e+06   1.564793e+02   0.000000e+00      5s
     950    3.3013966e+06   3.563841e-01   0.000000e+00     10s
    1080    3.3013966e+06   0.000000e+00   0.000000e+00     12s

Solved in 1080 iterations and 11.96 seconds (17.27 work units)
Optimal objective  3.301396627e+06
Set parameter TimeLimit to value 9.1053333339421079e+03
Set parameter Method to value 1
Gurobi Optimizer version 12.0.3 build v12.0.3rc0 (linux64 - "Ubuntu 24.04.4 LTS")

CPU model: Intel(R) Xeon(R) Gold 5218R CPU @ 2.10GHz, instruction set [SSE2|AVX|AVX2|AVX512]
Thread count: 40 physical cores, 40 logical processors, using up to 1 threads

Non-default parameters:
TimeLimit  9.1053333339421079e+03
Method  1
BarHomogeneous  1
Threads  1

Optimize a model with 770 rows, 194884 columns and 4781179 nonzeros
Coefficient statistics:
  Matrix range     [1e+00, 1e+00]
  Objective range  [1e+05, 5e+05]
  Bounds range     [0e+00, 0e+00]
  RHS range        [1e+00, 1e+00]
LP warm-start: use basis

Iteration    Objective       Primal Inf.    Dual Inf.      Time
       0   -8.3191623e+30   1.417211e+34   8.319162e+00      0s
     513    3.3013965e+06   1.944316e+03   0.000000e+00      5s
     987    3.3013966e+06   8.745914e+01   0.000000e+00     10s
    1448    3.3013966e+06   1.781978e+01   0.000000e+00     15s
    1914    3.3013966e+06   1.056655e+01   0.000000e+00     20s
    1969    3.3013966e+06   0.000000e+00   0.000000e+00     21s

Solved in 1969 iterations and 21.15 seconds (31.12 work units)
Optimal objective  3.301396617e+06
Set parameter TimeLimit to value 9064.44052839186
Set parameter Method to value 1
Gurobi Optimizer version 12.0.3 build v12.0.3rc0 (linux64 - "Ubuntu 24.04.4 LTS")

CPU model: Intel(R) Xeon(R) Gold 5218R CPU @ 2.10GHz, instruction set [SSE2|AVX|AVX2|AVX512]
Thread count: 40 physical cores, 40 logical processors, using up to 1 threads

Non-default parameters:
TimeLimit  9064.44052839186
Method  1
BarHomogeneous  1
Threads  1

Optimize a model with 770 rows, 194914 columns and 4781682 nonzeros
Coefficient statistics:
  Matrix range     [1e+00, 1e+00]
  Objective range  [1e+05, 5e+05]
  Bounds range     [0e+00, 0e+00]
  RHS range        [1e+00, 1e+00]
LP warm-start: use basis

Iteration    Objective       Primal Inf.    Dual Inf.      Time
       0   -6.4273836e+30   6.640145e+33   6.427383e+00      0s
     539   -1.1992737e+29   1.312146e+33   1.199277e-01      5s
Warning: Markowitz tolerance tightened to 0.03125
    1136    3.3013965e+06   7.763209e+02   0.000000e+00     11s
    1610    3.3013965e+06   2.459629e+02   0.000000e+00     16s
    2079    3.3013965e+06   6.488879e+02   0.000000e+00     21s
    2439    3.3013966e+06   1.949007e+02   0.000000e+00     25s
    2909    3.3013966e+06   1.027788e+01   0.000000e+00     30s
    3379    3.3013966e+06   6.970286e-01   0.000000e+00     35s
    3532    3.3013966e+06   0.000000e+00   0.000000e+00     37s

Solved in 3532 iterations and 36.77 seconds (55.40 work units)
Optimal objective  3.301396562e+06
Set parameter TimeLimit to value 9.0079446285911836e+03
Set parameter Method to value 1
Gurobi Optimizer version 12.0.3 build v12.0.3rc0 (linux64 - "Ubuntu 24.04.4 LTS")

CPU model: Intel(R) Xeon(R) Gold 5218R CPU @ 2.10GHz, instruction set [SSE2|AVX|AVX2|AVX512]
Thread count: 40 physical cores, 40 logical processors, using up to 1 threads

Non-default parameters:
TimeLimit  9.0079446285911836e+03
Method  1
BarHomogeneous  1
Threads  1

Optimize a model with 770 rows, 194944 columns and 4782389 nonzeros
Coefficient statistics:
  Matrix range     [1e+00, 1e+00]
  Objective range  [1e+05, 5e+05]
  Bounds range     [0e+00, 0e+00]
  RHS range        [1e+00, 1e+00]
LP warm-start: use basis

Iteration    Objective       Primal Inf.    Dual Inf.      Time
       0   -8.8465563e+30   1.524685e+34   8.846555e+00      0s
     338    3.3013966e+06   0.000000e+00   0.000000e+00      4s

Solved in 338 iterations and 4.00 seconds (5.63 work units)
Optimal objective  3.301396562e+06
Set parameter TimeLimit to value 8985.51899543684
Set parameter Method to value 1
Gurobi Optimizer version 12.0.3 build v12.0.3rc0 (linux64 - "Ubuntu 24.04.4 LTS")

CPU model: Intel(R) Xeon(R) Gold 5218R CPU @ 2.10GHz, instruction set [SSE2|AVX|AVX2|AVX512]
Thread count: 40 physical cores, 40 logical processors, using up to 1 threads

Non-default parameters:
TimeLimit  8985.51899543684
Method  1
BarHomogeneous  1
Threads  1

Optimize a model with 770 rows, 194974 columns and 4782914 nonzeros
Coefficient statistics:
  Matrix range     [1e+00, 1e+00]
  Objective range  [1e+05, 5e+05]
  Bounds range     [0e+00, 0e+00]
  RHS range        [1e+00, 1e+00]
LP warm-start: use basis

Iteration    Objective       Primal Inf.    Dual Inf.      Time
       0   -7.7810081e+30   5.059239e+33   7.781008e+00      0s
     567   -1.3582129e+28   1.927725e+32   1.358815e-02      5s
    1071    3.3013965e+06   3.699773e+02   0.000000e+00     11s
    1537    3.3013965e+06   3.234170e+02   0.000000e+00     16s
    2002    3.3013965e+06   6.638797e+02   0.000000e+00     21s
    2469    3.3013965e+06   1.205912e+02   0.000000e+00     26s
    2944    3.3013965e+06   1.075835e+01   0.000000e+00     31s
    3122    3.3013965e+06   0.000000e+00   0.000000e+00     33s

Solved in 3122 iterations and 33.09 seconds (49.28 work units)
Optimal objective  3.301396545e+06
Set parameter TimeLimit to value 8931.9085158729
Set parameter Method to value 1
Gurobi Optimizer version 12.0.3 build v12.0.3rc0 (linux64 - "Ubuntu 24.04.4 LTS")

CPU model: Intel(R) Xeon(R) Gold 5218R CPU @ 2.10GHz, instruction set [SSE2|AVX|AVX2|AVX512]
Thread count: 40 physical cores, 40 logical processors, using up to 1 threads

Non-default parameters:
TimeLimit  8931.9085158729
Method  1
BarHomogeneous  1
Threads  1

Optimize a model with 770 rows, 195004 columns and 4783326 nonzeros
Coefficient statistics:
  Matrix range     [1e+00, 1e+00]
  Objective range  [1e+05, 5e+05]
  Bounds range     [0e+00, 0e+00]
  RHS range        [1e+00, 1e+00]
LP warm-start: use basis

Iteration    Objective       Primal Inf.    Dual Inf.      Time
       0   -7.0102715e+30   4.071891e+33   7.010271e+00      0s
     599   -1.1502522e+29   1.026470e+33   1.150632e-01      6s
    1131    3.3013965e+06   3.226474e+02   0.000000e+00     11s
    1606    3.3013965e+06   6.232402e+01   0.000000e+00     16s
    1962    3.3013965e+06   2.995029e+02   0.000000e+00     20s
    2434    3.3013965e+06   6.989915e+01   0.000000e+00     25s
    2893    3.3013965e+06   0.000000e+00   0.000000e+00     30s
    2894    3.3013965e+06   0.000000e+00   0.000000e+00     30s

Solved in 2894 iterations and 30.30 seconds (45.19 work units)
Optimal objective  3.301396520e+06
Set parameter TimeLimit to value 8882.52622287115
Set parameter Method to value 1
Gurobi Optimizer version 12.0.3 build v12.0.3rc0 (linux64 - "Ubuntu 24.04.4 LTS")

CPU model: Intel(R) Xeon(R) Gold 5218R CPU @ 2.10GHz, instruction set [SSE2|AVX|AVX2|AVX512]
Thread count: 40 physical cores, 40 logical processors, using up to 1 threads

Non-default parameters:
TimeLimit  8882.52622287115
Method  1
BarHomogeneous  1
Threads  1

Optimize a model with 770 rows, 195034 columns and 4783945 nonzeros
Coefficient statistics:
  Matrix range     [1e+00, 1e+00]
  Objective range  [1e+05, 5e+05]
  Bounds range     [0e+00, 0e+00]
  RHS range        [1e+00, 1e+00]
LP warm-start: use basis

Iteration    Objective       Primal Inf.    Dual Inf.      Time
       0   -4.8992722e+30   8.467872e+33   4.899272e+00      0s
     638    3.3013964e+06   3.083640e+02   0.000000e+00      6s
     996    3.3013965e+06   7.384647e+01   0.000000e+00     10s
    1476    3.3013965e+06   8.567807e+02   0.000000e+00     15s
    1945    3.3013965e+06   8.361194e+00   0.000000e+00     20s
    2243    3.3013965e+06   0.000000e+00   0.000000e+00     23s

Solved in 2243 iterations and 23.38 seconds (34.84 work units)
Optimal objective  3.301396502e+06
Set parameter TimeLimit to value 8840.30457457481
Set parameter Method to value 1
Gurobi Optimizer version 12.0.3 build v12.0.3rc0 (linux64 - "Ubuntu 24.04.4 LTS")

CPU model: Intel(R) Xeon(R) Gold 5218R CPU @ 2.10GHz, instruction set [SSE2|AVX|AVX2|AVX512]
Thread count: 40 physical cores, 40 logical processors, using up to 1 threads

Non-default parameters:
TimeLimit  8840.30457457481
Method  1
BarHomogeneous  1
Threads  1

Optimize a model with 770 rows, 195064 columns and 4784529 nonzeros
Coefficient statistics:
  Matrix range     [1e+00, 1e+00]
  Objective range  [1e+05, 5e+05]
  Bounds range     [0e+00, 0e+00]
  RHS range        [1e+00, 1e+00]
LP warm-start: use basis

Iteration    Objective       Primal Inf.    Dual Inf.      Time
       0   -7.7045957e+30   9.187197e+33   7.704596e+00      0s
     570    3.3013964e+06   1.423276e+03   0.000000e+00      5s
    1047    3.3013965e+06   3.477070e+01   0.000000e+00     10s
    1517    3.3013965e+06   1.471154e+01   0.000000e+00     15s
    1725    3.3013965e+06   0.000000e+00   0.000000e+00     18s

Solved in 1725 iterations and 17.73 seconds (26.44 work units)
Optimal objective  3.301396497e+06
Set parameter TimeLimit to value 8.8017707214714028e+03
Set parameter Method to value 1
Gurobi Optimizer version 12.0.3 build v12.0.3rc0 (linux64 - "Ubuntu 24.04.4 LTS")

CPU model: Intel(R) Xeon(R) Gold 5218R CPU @ 2.10GHz, instruction set [SSE2|AVX|AVX2|AVX512]
Thread count: 40 physical cores, 40 logical processors, using up to 1 threads

Non-default parameters:
TimeLimit  8.8017707214714028e+03
Method  1
BarHomogeneous  1
Threads  1

Optimize a model with 770 rows, 195094 columns and 4785247 nonzeros
Coefficient statistics:
  Matrix range     [1e+00, 1e+00]
  Objective range  [1e+05, 5e+05]
  Bounds range     [0e+00, 0e+00]
  RHS range        [1e+00, 1e+00]
LP warm-start: use basis

Iteration    Objective       Primal Inf.    Dual Inf.      Time
       0   -4.7753442e+30   7.739209e+33   4.775344e+00      0s
     558   -1.6254443e+29   1.851792e+33   1.626850e-01      5s
    1076    3.3013963e+06   2.351460e+04   0.000000e+00     11s
    1554    3.3013964e+06   1.102503e+03   0.000000e+00     16s
    2033    3.3013965e+06   6.083407e+01   0.000000e+00     21s
    2509    3.3013965e+06   3.009685e+02   0.000000e+00     26s
    2985    3.3013965e+06   3.786875e+01   0.000000e+00     31s
    3460    3.3013965e+06   7.657518e-01   0.000000e+00     36s
    3572    3.3013965e+06   0.000000e+00   0.000000e+00     37s

Solved in 3572 iterations and 37.26 seconds (55.77 work units)
Optimal objective  3.301396481e+06
Set parameter TimeLimit to value 8.7437463230257854e+03
Set parameter Method to value 1
Gurobi Optimizer version 12.0.3 build v12.0.3rc0 (linux64 - "Ubuntu 24.04.4 LTS")

CPU model: Intel(R) Xeon(R) Gold 5218R CPU @ 2.10GHz, instruction set [SSE2|AVX|AVX2|AVX512]
Thread count: 40 physical cores, 40 logical processors, using up to 1 threads

Non-default parameters:
TimeLimit  8.7437463230257854e+03
Method  1
BarHomogeneous  1
Threads  1

Optimize a model with 770 rows, 195124 columns and 4786010 nonzeros
Coefficient statistics:
  Matrix range     [1e+00, 1e+00]
  Objective range  [1e+05, 5e+05]
  Bounds range     [0e+00, 0e+00]
  RHS range        [1e+00, 1e+00]
LP warm-start: use basis

Iteration    Objective       Primal Inf.    Dual Inf.      Time
       0   -5.1021364e+30   5.698452e+33   5.102137e+00      0s
     581    3.3013964e+06   6.834719e+03   0.000000e+00      6s
    1056    3.3013965e+06   4.033211e+01   0.000000e+00     11s
    1530    3.3013965e+06   6.602026e+01   0.000000e+00     16s
    2003    3.3013965e+06   6.455438e-03   0.000000e+00     21s
    2020    3.3013965e+06   0.000000e+00   0.000000e+00     21s

Solved in 2020 iterations and 21.24 seconds (31.79 work units)
Optimal objective  3.301396471e+06
Set parameter TimeLimit to value 8.7045879960726015e+03
Set parameter Method to value 1
Gurobi Optimizer version 12.0.3 build v12.0.3rc0 (linux64 - "Ubuntu 24.04.4 LTS")

CPU model: Intel(R) Xeon(R) Gold 5218R CPU @ 2.10GHz, instruction set [SSE2|AVX|AVX2|AVX512]
Thread count: 40 physical cores, 40 logical processors, using up to 1 threads

Non-default parameters:
TimeLimit  8.7045879960726015e+03
Method  1
BarHomogeneous  1
Threads  1

Optimize a model with 770 rows, 195154 columns and 4786663 nonzeros
Coefficient statistics:
  Matrix range     [1e+00, 1e+00]
  Objective range  [1e+05, 5e+05]
  Bounds range     [0e+00, 0e+00]
  RHS range        [1e+00, 1e+00]
LP warm-start: use basis

Iteration    Objective       Primal Inf.    Dual Inf.      Time
       0   -4.6194919e+30   5.052554e+33   4.619492e+00      0s
     470   -8.6726414e+27   6.960643e+32   8.680035e-03      5s
     987    3.3013964e+06   9.352627e+01   0.000000e+00     11s
    1448    3.3013965e+06   1.136360e+02   0.000000e+00     16s
    1917    3.3013965e+06   3.564552e+01   0.000000e+00     21s
    2387    3.3013965e+06   1.934256e+00   0.000000e+00     26s
    2573    3.3013965e+06   0.000000e+00   0.000000e+00     28s

Solved in 2573 iterations and 28.00 seconds (41.76 work units)
Optimal objective  3.301396460e+06
Set parameter TimeLimit to value 8.6565772189851850e+03
Set parameter Method to value 1
Gurobi Optimizer version 12.0.3 build v12.0.3rc0 (linux64 - "Ubuntu 24.04.4 LTS")

CPU model: Intel(R) Xeon(R) Gold 5218R CPU @ 2.10GHz, instruction set [SSE2|AVX|AVX2|AVX512]
Thread count: 40 physical cores, 40 logical processors, using up to 1 threads

Non-default parameters:
TimeLimit  8.6565772189851850e+03
Method  1
BarHomogeneous  1
Threads  1

Optimize a model with 770 rows, 195184 columns and 4787466 nonzeros
Coefficient statistics:
  Matrix range     [1e+00, 1e+00]
  Objective range  [1e+05, 5e+05]
  Bounds range     [0e+00, 0e+00]
  RHS range        [1e+00, 1e+00]
LP warm-start: use basis

Iteration    Objective       Primal Inf.    Dual Inf.      Time
       0   -3.6004432e+30   5.725637e+33   3.600443e+00      0s
     568    3.3013965e+06   2.334752e+01   0.000000e+00      6s
     920    3.3013965e+06   0.000000e+00   0.000000e+00     10s

Solved in 920 iterations and 9.89 seconds (14.47 work units)
Optimal objective  3.301396456e+06
Set parameter TimeLimit to value 8.6276305815004744e+03
Set parameter Method to value 1
Gurobi Optimizer version 12.0.3 build v12.0.3rc0 (linux64 - "Ubuntu 24.04.4 LTS")

CPU model: Intel(R) Xeon(R) Gold 5218R CPU @ 2.10GHz, instruction set [SSE2|AVX|AVX2|AVX512]
Thread count: 40 physical cores, 40 logical processors, using up to 1 threads

Non-default parameters:
TimeLimit  8.6276305815004744e+03
Method  1
BarHomogeneous  1
Threads  1

Optimize a model with 770 rows, 195214 columns and 4788305 nonzeros
Coefficient statistics:
  Matrix range     [1e+00, 1e+00]
  Objective range  [1e+05, 5e+05]
  Bounds range     [0e+00, 0e+00]
  RHS range        [1e+00, 1e+00]
LP warm-start: use basis

Iteration    Objective       Primal Inf.    Dual Inf.      Time
       0   -4.1187891e+30   1.046030e+34   4.118790e+00      0s
     149    3.3013965e+06   0.000000e+00   0.000000e+00      2s

Solved in 149 iterations and 1.95 seconds (2.68 work units)
Optimal objective  3.301396456e+06
Set parameter TimeLimit to value 8605.49792883033
Set parameter Method to value 1
Gurobi Optimizer version 12.0.3 build v12.0.3rc0 (linux64 - "Ubuntu 24.04.4 LTS")

CPU model: Intel(R) Xeon(R) Gold 5218R CPU @ 2.10GHz, instruction set [SSE2|AVX|AVX2|AVX512]
Thread count: 40 physical cores, 40 logical processors, using up to 1 threads

Non-default parameters:
TimeLimit  8605.49792883033
Method  1
BarHomogeneous  1
Threads  1

Optimize a model with 770 rows, 195244 columns and 4789422 nonzeros
Coefficient statistics:
  Matrix range     [1e+00, 1e+00]
  Objective range  [1e+05, 5e+05]
  Bounds range     [0e+00, 0e+00]
  RHS range        [1e+00, 1e+00]
LP warm-start: use basis

Iteration    Objective       Primal Inf.    Dual Inf.      Time
       0   -3.4519198e+30   4.460667e+33   3.451920e+00      0s
     329    3.3013965e+06   0.000000e+00   0.000000e+00      4s

Solved in 329 iterations and 3.96 seconds (5.80 work units)
Optimal objective  3.301396456e+06
Set parameter TimeLimit to value 8.5845376692600548e+03
Set parameter Method to value 1
Gurobi Optimizer version 12.0.3 build v12.0.3rc0 (linux64 - "Ubuntu 24.04.4 LTS")

CPU model: Intel(R) Xeon(R) Gold 5218R CPU @ 2.10GHz, instruction set [SSE2|AVX|AVX2|AVX512]
Thread count: 40 physical cores, 40 logical processors, using up to 1 threads

Non-default parameters:
TimeLimit  8.5845376692600548e+03
Method  1
BarHomogeneous  1
Threads  1

Optimize a model with 770 rows, 195274 columns and 4790469 nonzeros
Coefficient statistics:
  Matrix range     [1e+00, 1e+00]
  Objective range  [1e+05, 5e+05]
  Bounds range     [0e+00, 0e+00]
  RHS range        [1e+00, 1e+00]
LP warm-start: use basis

Iteration    Objective       Primal Inf.    Dual Inf.      Time
       0   -3.2783975e+30   5.253607e+33   3.278398e+00      0s
     531   -1.9724082e+29   1.005942e+33   1.972412e-01      5s
    1001   -6.3402588e+26   3.235982e+32   6.346428e-04     10s
    1481    3.3013964e+06   1.870014e+02   0.000000e+00     16s
    1945    3.3013964e+06   4.465267e+01   0.000000e+00     21s
    2420    3.3013964e+06   7.982403e+01   0.000000e+00     26s
    2888    3.3013964e+06   1.429669e+01   0.000000e+00     31s
    3359    3.3013964e+06   1.930694e+00   0.000000e+00     36s
    3492    3.3013964e+06   0.000000e+00   0.000000e+00     37s

Solved in 3492 iterations and 37.42 seconds (55.85 work units)
Optimal objective  3.301396447e+06
Set parameter TimeLimit to value 8.5263154894844629e+03
Set parameter Method to value 1
Gurobi Optimizer version 12.0.3 build v12.0.3rc0 (linux64 - "Ubuntu 24.04.4 LTS")

CPU model: Intel(R) Xeon(R) Gold 5218R CPU @ 2.10GHz, instruction set [SSE2|AVX|AVX2|AVX512]
Thread count: 40 physical cores, 40 logical processors, using up to 1 threads

Non-default parameters:
TimeLimit  8.5263154894844629e+03
Method  1
BarHomogeneous  1
Threads  1

Optimize a model with 770 rows, 195304 columns and 4791280 nonzeros
Coefficient statistics:
  Matrix range     [1e+00, 1e+00]
  Objective range  [1e+05, 5e+05]
  Bounds range     [0e+00, 0e+00]
  RHS range        [1e+00, 1e+00]
LP warm-start: use basis

Iteration    Objective       Primal Inf.    Dual Inf.      Time
       0   -4.6080866e+30   7.754420e+33   4.608087e+00      0s
     591   -9.9468316e+28   5.993485e+32   9.946902e-02      5s
    1064    3.3013963e+06   2.526310e+03   0.000000e+00     10s
    1529    3.3013964e+06   9.227476e+02   0.000000e+00     15s
    1999    3.3013964e+06   1.207900e+02   0.000000e+00     20s
    2463    3.3013964e+06   9.693249e+01   0.000000e+00     25s
    2936    3.3013964e+06   1.875725e+01   0.000000e+00     30s
    3410    3.3013964e+06   5.667091e+00   0.000000e+00     36s
    3694    3.3013964e+06   0.000000e+00   0.000000e+00     39s

Solved in 3694 iterations and 38.86 seconds (58.09 work units)
Optimal objective  3.301396438e+06
Set parameter TimeLimit to value 8466.92135262303
Set parameter Method to value 1
Gurobi Optimizer version 12.0.3 build v12.0.3rc0 (linux64 - "Ubuntu 24.04.4 LTS")

CPU model: Intel(R) Xeon(R) Gold 5218R CPU @ 2.10GHz, instruction set [SSE2|AVX|AVX2|AVX512]
Thread count: 40 physical cores, 40 logical processors, using up to 1 threads

Non-default parameters:
TimeLimit  8466.92135262303
Method  1
BarHomogeneous  1
Threads  1

Optimize a model with 770 rows, 195334 columns and 4792316 nonzeros
Coefficient statistics:
  Matrix range     [1e+00, 1e+00]
  Objective range  [1e+05, 5e+05]
  Bounds range     [0e+00, 0e+00]
  RHS range        [1e+00, 1e+00]
LP warm-start: use basis

Iteration    Objective       Primal Inf.    Dual Inf.      Time
       0   -3.2994954e+30   1.259067e+34   3.299495e+00      0s
     125    3.3013964e+06   0.000000e+00   0.000000e+00      2s

Solved in 125 iterations and 1.75 seconds (2.34 work units)
Optimal objective  3.301396438e+06
Set parameter TimeLimit to value 8.4470259180669673e+03
Set parameter Method to value 1
Gurobi Optimizer version 12.0.3 build v12.0.3rc0 (linux64 - "Ubuntu 24.04.4 LTS")

CPU model: Intel(R) Xeon(R) Gold 5218R CPU @ 2.10GHz, instruction set [SSE2|AVX|AVX2|AVX512]
Thread count: 40 physical cores, 40 logical processors, using up to 1 threads

Non-default parameters:
TimeLimit  8.4470259180669673e+03
Method  1
BarHomogeneous  1
Threads  1

Optimize a model with 770 rows, 195364 columns and 4792958 nonzeros
Coefficient statistics:
  Matrix range     [1e+00, 1e+00]
  Objective range  [1e+05, 5e+05]
  Bounds range     [0e+00, 0e+00]
  RHS range        [1e+00, 1e+00]
LP warm-start: use basis

Iteration    Objective       Primal Inf.    Dual Inf.      Time
       0   -4.1077337e+30   2.401320e+34   4.107734e+00      0s
     159    3.3013964e+06   0.000000e+00   0.000000e+00      2s

Solved in 159 iterations and 2.08 seconds (2.88 work units)
Optimal objective  3.301396438e+06
Set parameter TimeLimit to value 8.4256266231746413e+03
Set parameter Method to value 1
Gurobi Optimizer version 12.0.3 build v12.0.3rc0 (linux64 - "Ubuntu 24.04.4 LTS")

CPU model: Intel(R) Xeon(R) Gold 5218R CPU @ 2.10GHz, instruction set [SSE2|AVX|AVX2|AVX512]
Thread count: 40 physical cores, 40 logical processors, using up to 1 threads

Non-default parameters:
TimeLimit  8.4256266231746413e+03
Method  1
BarHomogeneous  1
Threads  1

Optimize a model with 770 rows, 195394 columns and 4793946 nonzeros
Coefficient statistics:
  Matrix range     [1e+00, 1e+00]
  Objective range  [1e+05, 5e+05]
  Bounds range     [0e+00, 0e+00]
  RHS range        [1e+00, 1e+00]
LP warm-start: use basis

Iteration    Objective       Primal Inf.    Dual Inf.      Time
       0   -3.0369672e+30   9.151483e+33   3.036968e+00      0s
      38    3.3013964e+06   0.000000e+00   0.000000e+00      1s

Solved in 38 iterations and 0.73 seconds (0.85 work units)
Optimal objective  3.301396438e+06
Set parameter TimeLimit to value 8.4077513015326113e+03
Set parameter Method to value 1
Gurobi Optimizer version 12.0.3 build v12.0.3rc0 (linux64 - "Ubuntu 24.04.4 LTS")

CPU model: Intel(R) Xeon(R) Gold 5218R CPU @ 2.10GHz, instruction set [SSE2|AVX|AVX2|AVX512]
Thread count: 40 physical cores, 40 logical processors, using up to 1 threads

Non-default parameters:
TimeLimit  8.4077513015326113e+03
Method  1
BarHomogeneous  1
Threads  1

Optimize a model with 770 rows, 195424 columns and 4794735 nonzeros
Coefficient statistics:
  Matrix range     [1e+00, 1e+00]
  Objective range  [1e+05, 5e+05]
  Bounds range     [0e+00, 0e+00]
  RHS range        [1e+00, 1e+00]
LP warm-start: use basis

Iteration    Objective       Primal Inf.    Dual Inf.      Time
       0   -7.1747756e+30   1.265028e+34   7.174776e+00      0s
     151    3.3013964e+06   0.000000e+00   0.000000e+00      2s

Solved in 151 iterations and 2.04 seconds (2.75 work units)
Optimal objective  3.301396438e+06
Set parameter TimeLimit to value 8.3884964397205040e+03
Set parameter Method to value 1
Gurobi Optimizer version 12.0.3 build v12.0.3rc0 (linux64 - "Ubuntu 24.04.4 LTS")

CPU model: Intel(R) Xeon(R) Gold 5218R CPU @ 2.10GHz, instruction set [SSE2|AVX|AVX2|AVX512]
Thread count: 40 physical cores, 40 logical processors, using up to 1 threads

Non-default parameters:
TimeLimit  8.3884964397205040e+03
Method  1
BarHomogeneous  1
Threads  1

Optimize a model with 770 rows, 195454 columns and 4795750 nonzeros
Coefficient statistics:
  Matrix range     [1e+00, 1e+00]
  Objective range  [1e+05, 5e+05]
  Bounds range     [0e+00, 0e+00]
  RHS range        [1e+00, 1e+00]
LP warm-start: use basis

Iteration    Objective       Primal Inf.    Dual Inf.      Time
       0   -3.0875893e+30   1.124837e+34   3.087589e+00      0s
     530   -1.1181977e+29   1.013922e+33   1.118199e-01      5s
    1002   -3.9710253e+27   6.492973e+32   3.971092e-03     10s
    1477    3.3013964e+06   1.035175e+02   0.000000e+00     15s
    1947    3.3013964e+06   5.779729e+02   0.000000e+00     20s
    2419    3.3013964e+06   7.990160e+01   0.000000e+00     26s
    2892    3.3013964e+06   6.311226e+00   0.000000e+00     31s
    3156    3.3013964e+06   0.000000e+00   0.000000e+00     34s

Solved in 3156 iterations and 33.73 seconds (49.97 work units)
Optimal objective  3.301396433e+06
Set parameter TimeLimit to value 8.3342918196106330e+03
Set parameter Method to value 1
Gurobi Optimizer version 12.0.3 build v12.0.3rc0 (linux64 - "Ubuntu 24.04.4 LTS")

CPU model: Intel(R) Xeon(R) Gold 5218R CPU @ 2.10GHz, instruction set [SSE2|AVX|AVX2|AVX512]
Thread count: 40 physical cores, 40 logical processors, using up to 1 threads

Non-default parameters:
TimeLimit  8.3342918196106330e+03
Method  1
BarHomogeneous  1
Threads  1

Optimize a model with 770 rows, 195484 columns and 4796613 nonzeros
Coefficient statistics:
  Matrix range     [1e+00, 1e+00]
  Objective range  [1e+05, 5e+05]
  Bounds range     [0e+00, 0e+00]
  RHS range        [1e+00, 1e+00]
LP warm-start: use basis

Iteration    Objective       Primal Inf.    Dual Inf.      Time
       0   -2.3865157e+30   4.990808e+33   2.386516e+00      0s
     557    3.3013964e+06   4.519761e+03   0.000000e+00      6s
    1033    3.3013964e+06   2.048366e+00   0.000000e+00     11s
    1272    3.3013964e+06   0.000000e+00   0.000000e+00     14s

Solved in 1272 iterations and 13.65 seconds (20.05 work units)
Optimal objective  3.301396431e+06
Set parameter TimeLimit to value 8301.58522688225
Set parameter Method to value 1
Gurobi Optimizer version 12.0.3 build v12.0.3rc0 (linux64 - "Ubuntu 24.04.4 LTS")

CPU model: Intel(R) Xeon(R) Gold 5218R CPU @ 2.10GHz, instruction set [SSE2|AVX|AVX2|AVX512]
Thread count: 40 physical cores, 40 logical processors, using up to 1 threads

Non-default parameters:
TimeLimit  8301.58522688225
Method  1
BarHomogeneous  1
Threads  1

Optimize a model with 770 rows, 195514 columns and 4797518 nonzeros
Coefficient statistics:
  Matrix range     [1e+00, 1e+00]
  Objective range  [1e+05, 5e+05]
  Bounds range     [0e+00, 0e+00]
  RHS range        [1e+00, 1e+00]
LP warm-start: use basis

Iteration    Objective       Primal Inf.    Dual Inf.      Time
       0   -2.4089797e+30   9.739886e+33   2.408980e+00      0s
     488    3.3013964e+06   8.542166e+01   0.000000e+00      5s
     968    3.3013964e+06   4.680159e+01   0.000000e+00     10s
    1145    3.3013964e+06   0.000000e+00   0.000000e+00     12s

Solved in 1145 iterations and 12.37 seconds (18.15 work units)
Optimal objective  3.301396430e+06
Set parameter TimeLimit to value 8270.69575220719
Set parameter Method to value 1
Gurobi Optimizer version 12.0.3 build v12.0.3rc0 (linux64 - "Ubuntu 24.04.4 LTS")

CPU model: Intel(R) Xeon(R) Gold 5218R CPU @ 2.10GHz, instruction set [SSE2|AVX|AVX2|AVX512]
Thread count: 40 physical cores, 40 logical processors, using up to 1 threads

Non-default parameters:
TimeLimit  8270.69575220719
Method  1
BarHomogeneous  1
Threads  1

Optimize a model with 770 rows, 195544 columns and 4798505 nonzeros
Coefficient statistics:
  Matrix range     [1e+00, 1e+00]
  Objective range  [1e+05, 5e+05]
  Bounds range     [0e+00, 0e+00]
  RHS range        [1e+00, 1e+00]
LP warm-start: use basis

Iteration    Objective       Primal Inf.    Dual Inf.      Time
       0   -2.4441401e+30   2.317977e+34   2.444139e+00      0s
      43    3.3013964e+06   0.000000e+00   0.000000e+00      1s

Solved in 43 iterations and 0.83 seconds (0.97 work units)
Optimal objective  3.301396430e+06
Set parameter TimeLimit to value 8.2519623080394231e+03
Set parameter Method to value 1
Gurobi Optimizer version 12.0.3 build v12.0.3rc0 (linux64 - "Ubuntu 24.04.4 LTS")

CPU model: Intel(R) Xeon(R) Gold 5218R CPU @ 2.10GHz, instruction set [SSE2|AVX|AVX2|AVX512]
Thread count: 40 physical cores, 40 logical processors, using up to 1 threads

Non-default parameters:
TimeLimit  8.2519623080394231e+03
Method  1
BarHomogeneous  1
Threads  1

Optimize a model with 770 rows, 195574 columns and 4799532 nonzeros
Coefficient statistics:
  Matrix range     [1e+00, 1e+00]
  Objective range  [1e+05, 5e+05]
  Bounds range     [0e+00, 0e+00]
  RHS range        [1e+00, 1e+00]
LP warm-start: use basis

Iteration    Objective       Primal Inf.    Dual Inf.      Time
       0   -2.1701195e+30   9.156185e+33   2.170120e+00      0s
     137    3.3013964e+06   0.000000e+00   0.000000e+00      2s

Solved in 137 iterations and 1.83 seconds (2.51 work units)
Optimal objective  3.301396430e+06
Set parameter TimeLimit to value 8.2320563873779029e+03
Set parameter Method to value 1
Gurobi Optimizer version 12.0.3 build v12.0.3rc0 (linux64 - "Ubuntu 24.04.4 LTS")

CPU model: Intel(R) Xeon(R) Gold 5218R CPU @ 2.10GHz, instruction set [SSE2|AVX|AVX2|AVX512]
Thread count: 40 physical cores, 40 logical processors, using up to 1 threads

Non-default parameters:
TimeLimit  8.2320563873779029e+03
Method  1
BarHomogeneous  1
Threads  1

Optimize a model with 770 rows, 195604 columns and 4800536 nonzeros
Coefficient statistics:
  Matrix range     [1e+00, 1e+00]
  Objective range  [1e+05, 5e+05]
  Bounds range     [0e+00, 0e+00]
  RHS range        [1e+00, 1e+00]
LP warm-start: use basis

Iteration    Objective       Primal Inf.    Dual Inf.      Time
       0   -2.0497262e+30   4.410613e+34   2.049725e+00      0s
     537   -1.7488663e+29   5.391135e+32   1.748880e-01      5s
    1096    3.3013964e+06   6.010640e+02   0.000000e+00     11s
    1571    3.3013964e+06   5.352890e+01   0.000000e+00     16s
    1927    3.3013964e+06   4.893833e+01   0.000000e+00     20s
    2402    3.3013964e+06   4.501069e+01   0.000000e+00     25s
    2871    3.3013964e+06   2.007115e+00   0.000000e+00     30s
    3349    3.3013964e+06   1.044162e-01   0.000000e+00     35s
    3371    3.3013964e+06   0.000000e+00   0.000000e+00     36s

Solved in 3371 iterations and 35.82 seconds (53.34 work units)
Optimal objective  3.301396424e+06
Set parameter TimeLimit to value 8.1755960189718753e+03
Set parameter Method to value 1
Gurobi Optimizer version 12.0.3 build v12.0.3rc0 (linux64 - "Ubuntu 24.04.4 LTS")

CPU model: Intel(R) Xeon(R) Gold 5218R CPU @ 2.10GHz, instruction set [SSE2|AVX|AVX2|AVX512]
Thread count: 40 physical cores, 40 logical processors, using up to 1 threads

Non-default parameters:
TimeLimit  8.1755960189718753e+03
Method  1
BarHomogeneous  1
Threads  1

Optimize a model with 770 rows, 195634 columns and 4801315 nonzeros
Coefficient statistics:
  Matrix range     [1e+00, 1e+00]
  Objective range  [1e+05, 5e+05]
  Bounds range     [0e+00, 0e+00]
  RHS range        [1e+00, 1e+00]
LP warm-start: use basis

Iteration    Objective       Primal Inf.    Dual Inf.      Time
       0   -2.4651362e+30   2.415489e+34   2.465136e+00      0s
     547    3.3013964e+06   5.994287e+02   0.000000e+00      6s
    1027    3.3013964e+06   3.087966e+00   0.000000e+00     11s
    1262    3.3013964e+06   0.000000e+00   0.000000e+00     14s

Solved in 1262 iterations and 13.73 seconds (20.21 work units)
Optimal objective  3.301396423e+06
Set parameter TimeLimit to value 8.1433018907955848e+03
Set parameter Method to value 1
Gurobi Optimizer version 12.0.3 build v12.0.3rc0 (linux64 - "Ubuntu 24.04.4 LTS")

CPU model: Intel(R) Xeon(R) Gold 5218R CPU @ 2.10GHz, instruction set [SSE2|AVX|AVX2|AVX512]
Thread count: 40 physical cores, 40 logical processors, using up to 1 threads

Non-default parameters:
TimeLimit  8.1433018907955848e+03
Method  1
BarHomogeneous  1
Threads  1

Optimize a model with 770 rows, 195664 columns and 4802055 nonzeros
Coefficient statistics:
  Matrix range     [1e+00, 1e+00]
  Objective range  [1e+05, 5e+05]
  Bounds range     [0e+00, 0e+00]
  RHS range        [1e+00, 1e+00]
LP warm-start: use basis

Iteration    Objective       Primal Inf.    Dual Inf.      Time
       0   -3.1859159e+30   1.319136e+35   3.185926e+00      0s
     503   -3.5018602e+28   7.522990e+32   3.501997e-02      5s
     984    3.3013964e+06   2.091040e+02   0.000000e+00     10s
    1458    3.3013964e+06   1.816091e+02   0.000000e+00     15s
    1932    3.3013964e+06   5.393490e+01   0.000000e+00     20s
    2403    3.3013964e+06   6.572695e+01   0.000000e+00     25s
    2873    3.3013964e+06   0.000000e+00   0.000000e+00     31s
    2874    3.3013964e+06   0.000000e+00   0.000000e+00     31s

Solved in 2874 iterations and 30.65 seconds (45.54 work units)
Optimal objective  3.301396418e+06
Set parameter TimeLimit to value 8.0919230912104249e+03
Set parameter Method to value 1
Gurobi Optimizer version 12.0.3 build v12.0.3rc0 (linux64 - "Ubuntu 24.04.4 LTS")

CPU model: Intel(R) Xeon(R) Gold 5218R CPU @ 2.10GHz, instruction set [SSE2|AVX|AVX2|AVX512]
Thread count: 40 physical cores, 40 logical processors, using up to 1 threads

Non-default parameters:
TimeLimit  8.0919230912104249e+03
Method  1
BarHomogeneous  1
Threads  1

Optimize a model with 770 rows, 195694 columns and 4803007 nonzeros
Coefficient statistics:
  Matrix range     [1e+00, 1e+00]
  Objective range  [1e+05, 5e+05]
  Bounds range     [0e+00, 0e+00]
  RHS range        [1e+00, 1e+00]
LP warm-start: use basis

Iteration    Objective       Primal Inf.    Dual Inf.      Time
       0   -2.9916026e+30   3.430924e+34   2.991602e+00      0s
      30    3.3013964e+06   0.000000e+00   0.000000e+00      1s

Solved in 30 iterations and 0.63 seconds (0.70 work units)
Optimal objective  3.301396418e+06
Set parameter TimeLimit to value 8.0743517867014743e+03
Set parameter Method to value 1
Gurobi Optimizer version 12.0.3 build v12.0.3rc0 (linux64 - "Ubuntu 24.04.4 LTS")

CPU model: Intel(R) Xeon(R) Gold 5218R CPU @ 2.10GHz, instruction set [SSE2|AVX|AVX2|AVX512]
Thread count: 40 physical cores, 40 logical processors, using up to 1 threads

Non-default parameters:
TimeLimit  8.0743517867014743e+03
Method  1
BarHomogeneous  1
Threads  1

Optimize a model with 770 rows, 195724 columns and 4803898 nonzeros
Coefficient statistics:
  Matrix range     [1e+00, 1e+00]
  Objective range  [1e+05, 5e+05]
  Bounds range     [0e+00, 0e+00]
  RHS range        [1e+00, 1e+00]
LP warm-start: use basis

Iteration    Objective       Primal Inf.    Dual Inf.      Time
       0   -2.2480321e+30   6.457898e+33   2.248032e+00      0s
      85    3.3013964e+06   0.000000e+00   0.000000e+00      1s

Solved in 85 iterations and 1.28 seconds (1.67 work units)
Optimal objective  3.301396418e+06
Set parameter TimeLimit to value 8.0550854357508942e+03
Set parameter Method to value 1
Gurobi Optimizer version 12.0.3 build v12.0.3rc0 (linux64 - "Ubuntu 24.04.4 LTS")

CPU model: Intel(R) Xeon(R) Gold 5218R CPU @ 2.10GHz, instruction set [SSE2|AVX|AVX2|AVX512]
Thread count: 40 physical cores, 40 logical processors, using up to 1 threads

Non-default parameters:
TimeLimit  8.0550854357508942e+03
Method  1
BarHomogeneous  1
Threads  1

Optimize a model with 770 rows, 195754 columns and 4804884 nonzeros
Coefficient statistics:
  Matrix range     [1e+00, 1e+00]
  Objective range  [1e+05, 5e+05]
  Bounds range     [0e+00, 0e+00]
  RHS range        [1e+00, 1e+00]
LP warm-start: use basis

Iteration    Objective       Primal Inf.    Dual Inf.      Time
       0   -1.9715039e+30   1.437216e+34   1.971504e+00      0s
     526   -2.6177036e+28   2.756811e+32   2.617734e-02      5s
    1080    3.3013964e+06   5.241989e+02   0.000000e+00     11s
    1552    3.3013964e+06   3.147808e+01   0.000000e+00     16s
    2024    3.3013964e+06   6.721363e+00   0.000000e+00     21s
    2417    3.3013964e+06   0.000000e+00   0.000000e+00     25s

Solved in 2417 iterations and 25.38 seconds (38.23 work units)
Optimal objective  3.301396416e+06
Set parameter TimeLimit to value 8.0103228399367072e+03
Set parameter Method to value 1
Gurobi Optimizer version 12.0.3 build v12.0.3rc0 (linux64 - "Ubuntu 24.04.4 LTS")

CPU model: Intel(R) Xeon(R) Gold 5218R CPU @ 2.10GHz, instruction set [SSE2|AVX|AVX2|AVX512]
Thread count: 40 physical cores, 40 logical processors, using up to 1 threads

Non-default parameters:
TimeLimit  8.0103228399367072e+03
Method  1
BarHomogeneous  1
Threads  1

Optimize a model with 770 rows, 195784 columns and 4805782 nonzeros
Coefficient statistics:
  Matrix range     [1e+00, 1e+00]
  Objective range  [1e+05, 5e+05]
  Bounds range     [0e+00, 0e+00]
  RHS range        [1e+00, 1e+00]
LP warm-start: use basis

Iteration    Objective       Primal Inf.    Dual Inf.      Time
       0   -2.1852510e+30   1.074360e+34   2.185251e+00      0s
     138    3.3013964e+06   0.000000e+00   0.000000e+00      2s

Solved in 138 iterations and 1.83 seconds (2.50 work units)
Optimal objective  3.301396416e+06
Set parameter TimeLimit to value 7989.61116965767
Set parameter Method to value 1
Gurobi Optimizer version 12.0.3 build v12.0.3rc0 (linux64 - "Ubuntu 24.04.4 LTS")

CPU model: Intel(R) Xeon(R) Gold 5218R CPU @ 2.10GHz, instruction set [SSE2|AVX|AVX2|AVX512]
Thread count: 40 physical cores, 40 logical processors, using up to 1 threads

Non-default parameters:
TimeLimit  7989.61116965767
Method  1
BarHomogeneous  1
Threads  1

Optimize a model with 770 rows, 195814 columns and 4806679 nonzeros
Coefficient statistics:
  Matrix range     [1e+00, 1e+00]
  Objective range  [1e+05, 5e+05]
  Bounds range     [0e+00, 0e+00]
  RHS range        [1e+00, 1e+00]
LP warm-start: use basis

Iteration    Objective       Primal Inf.    Dual Inf.      Time
       0   -1.9638354e+30   1.514473e+34   1.963835e+00      0s
     516   -9.0431450e+27   7.731224e+32   9.043162e-03      5s
    1001    3.3013964e+06   1.304175e+02   0.000000e+00     11s
    1473    3.3013964e+06   3.682153e+02   0.000000e+00     16s
    1944    3.3013964e+06   3.580164e+01   0.000000e+00     21s
    2416    3.3013964e+06   7.667116e-01   0.000000e+00     26s
    2519    3.3013964e+06   0.000000e+00   0.000000e+00     27s

Solved in 2519 iterations and 26.98 seconds (40.42 work units)
Optimal objective  3.301396411e+06
Set parameter TimeLimit to value 7.9439583841222338e+03
Set parameter Method to value 1
Gurobi Optimizer version 12.0.3 build v12.0.3rc0 (linux64 - "Ubuntu 24.04.4 LTS")

CPU model: Intel(R) Xeon(R) Gold 5218R CPU @ 2.10GHz, instruction set [SSE2|AVX|AVX2|AVX512]
Thread count: 40 physical cores, 40 logical processors, using up to 1 threads

Non-default parameters:
TimeLimit  7.9439583841222338e+03
Method  1
BarHomogeneous  1
Threads  1

Optimize a model with 770 rows, 195844 columns and 4807507 nonzeros
Coefficient statistics:
  Matrix range     [1e+00, 1e+00]
  Objective range  [1e+05, 5e+05]
  Bounds range     [0e+00, 0e+00]
  RHS range        [1e+00, 1e+00]
LP warm-start: use basis

Iteration    Objective       Primal Inf.    Dual Inf.      Time
       0   -4.9353851e+30   2.392749e+34   4.935384e+00      0s
     157    3.3013964e+06   0.000000e+00   0.000000e+00      2s

Solved in 157 iterations and 2.05 seconds (2.77 work units)
Optimal objective  3.301396411e+06
Set parameter TimeLimit to value 7.9235354051659815e+03
Set parameter Method to value 1
Gurobi Optimizer version 12.0.3 build v12.0.3rc0 (linux64 - "Ubuntu 24.04.4 LTS")

CPU model: Intel(R) Xeon(R) Gold 5218R CPU @ 2.10GHz, instruction set [SSE2|AVX|AVX2|AVX512]
Thread count: 40 physical cores, 40 logical processors, using up to 1 threads

Non-default parameters:
TimeLimit  7.9235354051659815e+03
Method  1
BarHomogeneous  1
Threads  1

Optimize a model with 770 rows, 195874 columns and 4808505 nonzeros
Coefficient statistics:
  Matrix range     [1e+00, 1e+00]
  Objective range  [1e+05, 5e+05]
  Bounds range     [0e+00, 0e+00]
  RHS range        [1e+00, 1e+00]
LP warm-start: use basis

Iteration    Objective       Primal Inf.    Dual Inf.      Time
       0   -2.4693288e+30   4.304300e+33   2.469329e+00      0s
     546   -3.3764025e+28   1.467084e+33   3.376631e-02      5s
    1141    3.3013964e+06   5.026925e+02   0.000000e+00     11s
    1496    3.3013964e+06   3.153461e+02   0.000000e+00     15s
    1972    3.3013964e+06   1.408033e+01   0.000000e+00     20s
    2445    3.3013964e+06   2.930923e+00   0.000000e+00     25s
    2908    3.3013964e+06   0.000000e+00   0.000000e+00     30s

Solved in 2908 iterations and 30.24 seconds (45.48 work units)
Optimal objective  3.301396407e+06
Set parameter TimeLimit to value 7.8743272997085005e+03
Set parameter Method to value 1
Gurobi Optimizer version 12.0.3 build v12.0.3rc0 (linux64 - "Ubuntu 24.04.4 LTS")

CPU model: Intel(R) Xeon(R) Gold 5218R CPU @ 2.10GHz, instruction set [SSE2|AVX|AVX2|AVX512]
Thread count: 40 physical cores, 40 logical processors, using up to 1 threads

Non-default parameters:
TimeLimit  7.8743272997085005e+03
Method  1
BarHomogeneous  1
Threads  1

Optimize a model with 770 rows, 195904 columns and 4809118 nonzeros
Coefficient statistics:
  Matrix range     [1e+00, 1e+00]
  Objective range  [1e+05, 5e+05]
  Bounds range     [0e+00, 0e+00]
  RHS range        [1e+00, 1e+00]
LP warm-start: use basis

Iteration    Objective       Primal Inf.    Dual Inf.      Time
       0   -1.1509130e+31   4.704919e+34   1.150913e+01      0s
      89    3.3013964e+06   0.000000e+00   0.000000e+00      1s

Solved in 89 iterations and 1.28 seconds (1.70 work units)
Optimal objective  3.301396407e+06
Set parameter TimeLimit to value 7.8547019788892940e+03
Set parameter Method to value 1
Gurobi Optimizer version 12.0.3 build v12.0.3rc0 (linux64 - "Ubuntu 24.04.4 LTS")

CPU model: Intel(R) Xeon(R) Gold 5218R CPU @ 2.10GHz, instruction set [SSE2|AVX|AVX2|AVX512]
Thread count: 40 physical cores, 40 logical processors, using up to 1 threads

Non-default parameters:
TimeLimit  7.8547019788892940e+03
Method  1
BarHomogeneous  1
Threads  1

Optimize a model with 770 rows, 195934 columns and 4810103 nonzeros
Coefficient statistics:
  Matrix range     [1e+00, 1e+00]
  Objective range  [1e+05, 5e+05]
  Bounds range     [0e+00, 0e+00]
  RHS range        [1e+00, 1e+00]
LP warm-start: use basis

Iteration    Objective       Primal Inf.    Dual Inf.      Time
       0   -2.0566655e+30   1.161116e+34   2.056666e+00      0s
     111    3.3013964e+06   0.000000e+00   0.000000e+00      2s

Solved in 111 iterations and 1.59 seconds (2.13 work units)
Optimal objective  3.301396407e+06
Set parameter TimeLimit to value 7.8361301061999984e+03
Set parameter Method to value 1
Gurobi Optimizer version 12.0.3 build v12.0.3rc0 (linux64 - "Ubuntu 24.04.4 LTS")

CPU model: Intel(R) Xeon(R) Gold 5218R CPU @ 2.10GHz, instruction set [SSE2|AVX|AVX2|AVX512]
Thread count: 40 physical cores, 40 logical processors, using up to 1 threads

Non-default parameters:
TimeLimit  7.8361301061999984e+03
Method  1
BarHomogeneous  1
Threads  1

Optimize a model with 770 rows, 195964 columns and 4811153 nonzeros
Coefficient statistics:
  Matrix range     [1e+00, 1e+00]
  Objective range  [1e+05, 5e+05]
  Bounds range     [0e+00, 0e+00]
  RHS range        [1e+00, 1e+00]
LP warm-start: use basis

Iteration    Objective       Primal Inf.    Dual Inf.      Time
       0   -1.9929155e+30   4.261660e+33   1.992916e+00      0s
     468   -1.1017581e+28   4.428903e+32   1.101866e-02      5s
    1015    3.3013964e+06   2.140259e+02   0.000000e+00     11s
    1489    3.3013964e+06   2.101395e+01   0.000000e+00     16s
    1962    3.3013964e+06   1.264315e+01   0.000000e+00     21s
    2238    3.3013964e+06   0.000000e+00   0.000000e+00     24s

Solved in 2238 iterations and 24.17 seconds (36.32 work units)
Optimal objective  3.301396405e+06
Set parameter TimeLimit to value 7.7916606793706305e+03
Set parameter Method to value 1
Gurobi Optimizer version 12.0.3 build v12.0.3rc0 (linux64 - "Ubuntu 24.04.4 LTS")

CPU model: Intel(R) Xeon(R) Gold 5218R CPU @ 2.10GHz, instruction set [SSE2|AVX|AVX2|AVX512]
Thread count: 40 physical cores, 40 logical processors, using up to 1 threads

Non-default parameters:
TimeLimit  7.7916606793706305e+03
Method  1
BarHomogeneous  1
Threads  1

Optimize a model with 770 rows, 195994 columns and 4812196 nonzeros
Coefficient statistics:
  Matrix range     [1e+00, 1e+00]
  Objective range  [1e+05, 5e+05]
  Bounds range     [0e+00, 0e+00]
  RHS range        [1e+00, 1e+00]
LP warm-start: use basis

Iteration    Objective       Primal Inf.    Dual Inf.      Time
       0   -1.9022412e+30   1.048363e+34   1.902241e+00      0s
     548   -3.6865452e+28   1.304568e+33   3.686594e-02      5s
    1024    3.3013964e+06   2.067955e+02   0.000000e+00     10s
    1499    3.3013964e+06   1.343298e+02   0.000000e+00     15s
    1963    3.3013964e+06   1.397991e+02   0.000000e+00     20s
    2440    3.3013964e+06   7.319194e+01   0.000000e+00     25s
    2845    3.3013964e+06   0.000000e+00   0.000000e+00     30s

Solved in 2845 iterations and 29.59 seconds (44.56 work units)
Optimal objective  3.301396403e+06
Set parameter TimeLimit to value 7.7415262060207315e+03
Set parameter Method to value 1
Gurobi Optimizer version 12.0.3 build v12.0.3rc0 (linux64 - "Ubuntu 24.04.4 LTS")

CPU model: Intel(R) Xeon(R) Gold 5218R CPU @ 2.10GHz, instruction set [SSE2|AVX|AVX2|AVX512]
Thread count: 40 physical cores, 40 logical processors, using up to 1 threads

Non-default parameters:
TimeLimit  7.7415262060207315e+03
Method  1
BarHomogeneous  1
Threads  1

Optimize a model with 770 rows, 196024 columns and 4813225 nonzeros
Coefficient statistics:
  Matrix range     [1e+00, 1e+00]
  Objective range  [1e+05, 5e+05]
  Bounds range     [0e+00, 0e+00]
  RHS range        [1e+00, 1e+00]
LP warm-start: use basis

Iteration    Objective       Primal Inf.    Dual Inf.      Time
       0   -2.6377198e+30   1.406005e+34   2.637719e+00      0s
       1    3.3013964e+06   0.000000e+00   0.000000e+00      0s

Solved in 1 iterations and 0.37 seconds (0.33 work units)
Optimal objective  3.301396403e+06
Set parameter TimeLimit to value 7.7243160614045337e+03
Set parameter Method to value 1
Gurobi Optimizer version 12.0.3 build v12.0.3rc0 (linux64 - "Ubuntu 24.04.4 LTS")

CPU model: Intel(R) Xeon(R) Gold 5218R CPU @ 2.10GHz, instruction set [SSE2|AVX|AVX2|AVX512]
Thread count: 40 physical cores, 40 logical processors, using up to 1 threads

Non-default parameters:
TimeLimit  7.7243160614045337e+03
Method  1
BarHomogeneous  1
Threads  1

Optimize a model with 770 rows, 196054 columns and 4814159 nonzeros
Coefficient statistics:
  Matrix range     [1e+00, 1e+00]
  Objective range  [1e+05, 5e+05]
  Bounds range     [0e+00, 0e+00]
  RHS range        [1e+00, 1e+00]
LP warm-start: use basis

Iteration    Objective       Primal Inf.    Dual Inf.      Time
       0   -2.0401043e+30   7.933126e+33   2.040104e+00      0s
     477   -5.7338398e+27   1.000429e+33   5.733837e-03      5s
     994    3.3013964e+06   1.188648e+02   0.000000e+00     11s
    1458    3.3013964e+06   8.227085e+01   0.000000e+00     16s
    1930    3.3013964e+06   1.158274e+01   0.000000e+00     21s
    2285    3.3013964e+06   9.333995e-01   0.000000e+00     25s
    2528    3.3013964e+06   0.000000e+00   0.000000e+00     28s

Solved in 2528 iterations and 27.79 seconds (41.08 work units)
Optimal objective  3.301396399e+06
Set parameter TimeLimit to value 7.6759962061452679e+03
Set parameter Method to value 1
Gurobi Optimizer version 12.0.3 build v12.0.3rc0 (linux64 - "Ubuntu 24.04.4 LTS")

CPU model: Intel(R) Xeon(R) Gold 5218R CPU @ 2.10GHz, instruction set [SSE2|AVX|AVX2|AVX512]
Thread count: 40 physical cores, 40 logical processors, using up to 1 threads

Non-default parameters:
TimeLimit  7.6759962061452679e+03
Method  1
BarHomogeneous  1
Threads  1

Optimize a model with 770 rows, 196084 columns and 4815035 nonzeros
Coefficient statistics:
  Matrix range     [1e+00, 1e+00]
  Objective range  [1e+05, 5e+05]
  Bounds range     [0e+00, 0e+00]
  RHS range        [1e+00, 1e+00]
LP warm-start: use basis

Iteration    Objective       Primal Inf.    Dual Inf.      Time
       0   -2.4600076e+30   6.857306e+33   2.460008e+00      0s
      84    3.3013964e+06   0.000000e+00   0.000000e+00      1s

Solved in 84 iterations and 1.25 seconds (1.63 work units)
Optimal objective  3.301396399e+06
Set parameter TimeLimit to value 7.6579614260201342e+03
Set parameter Method to value 1
Gurobi Optimizer version 12.0.3 build v12.0.3rc0 (linux64 - "Ubuntu 24.04.4 LTS")

CPU model: Intel(R) Xeon(R) Gold 5218R CPU @ 2.10GHz, instruction set [SSE2|AVX|AVX2|AVX512]
Thread count: 40 physical cores, 40 logical processors, using up to 1 threads

Non-default parameters:
TimeLimit  7.6579614260201342e+03
Method  1
BarHomogeneous  1
Threads  1

Optimize a model with 770 rows, 196114 columns and 4815833 nonzeros
Coefficient statistics:
  Matrix range     [1e+00, 1e+00]
  Objective range  [1e+05, 5e+05]
  Bounds range     [0e+00, 0e+00]
  RHS range        [1e+00, 1e+00]
LP warm-start: use basis

Iteration    Objective       Primal Inf.    Dual Inf.      Time
       0   -2.0751108e+30   6.439305e+33   2.075111e+00      0s
     521   -2.1885984e+28   4.009215e+32   2.188615e-02      5s
    1035    3.3013964e+06   1.773841e+03   0.000000e+00     11s
    1507    3.3013964e+06   4.157299e+01   0.000000e+00     16s
    1863    3.3013964e+06   4.295896e+01   0.000000e+00     20s
    2334    3.3013964e+06   2.052618e+00   0.000000e+00     25s
    2546    3.3013964e+06   0.000000e+00   0.000000e+00     28s

Solved in 2546 iterations and 27.77 seconds (40.81 work units)
Optimal objective  3.301396395e+06
Set parameter TimeLimit to value 7.6095654493519105e+03
Set parameter Method to value 1
Gurobi Optimizer version 12.0.3 build v12.0.3rc0 (linux64 - "Ubuntu 24.04.4 LTS")

CPU model: Intel(R) Xeon(R) Gold 5218R CPU @ 2.10GHz, instruction set [SSE2|AVX|AVX2|AVX512]
Thread count: 40 physical cores, 40 logical processors, using up to 1 threads

Non-default parameters:
TimeLimit  7.6095654493519105e+03
Method  1
BarHomogeneous  1
Threads  1

Optimize a model with 770 rows, 196144 columns and 4816683 nonzeros
Coefficient statistics:
  Matrix range     [1e+00, 1e+00]
  Objective range  [1e+05, 5e+05]
  Bounds range     [0e+00, 0e+00]
  RHS range        [1e+00, 1e+00]
LP warm-start: use basis

Iteration    Objective       Primal Inf.    Dual Inf.      Time
       0   -2.0280327e+30   1.762781e+34   2.028033e+00      0s
      31    3.3013964e+06   0.000000e+00   0.000000e+00      1s

Solved in 31 iterations and 0.63 seconds (0.70 work units)
Optimal objective  3.301396395e+06
Set parameter TimeLimit to value 7.5919292151262052e+03
Set parameter Method to value 1
Gurobi Optimizer version 12.0.3 build v12.0.3rc0 (linux64 - "Ubuntu 24.04.4 LTS")

CPU model: Intel(R) Xeon(R) Gold 5218R CPU @ 2.10GHz, instruction set [SSE2|AVX|AVX2|AVX512]
Thread count: 40 physical cores, 40 logical processors, using up to 1 threads

Non-default parameters:
TimeLimit  7.5919292151262052e+03
Method  1
BarHomogeneous  1
Threads  1

Optimize a model with 770 rows, 196174 columns and 4817565 nonzeros
Coefficient statistics:
  Matrix range     [1e+00, 1e+00]
  Objective range  [1e+05, 5e+05]
  Bounds range     [0e+00, 0e+00]
  RHS range        [1e+00, 1e+00]
LP warm-start: use basis

Iteration    Objective       Primal Inf.    Dual Inf.      Time
       0   -1.8052005e+30   1.320663e+34   1.805200e+00      0s
     530   -2.8112228e+28   8.340082e+32   2.811222e-02      5s
    1015    3.3013964e+06   2.275531e+02   0.000000e+00     10s
    1482    3.3013964e+06   1.087332e+02   0.000000e+00     16s
    1958    3.3013964e+06   6.909556e+01   0.000000e+00     21s
    2429    3.3013964e+06   3.433981e+01   0.000000e+00     26s
    2709    3.3013964e+06   0.000000e+00   0.000000e+00     29s

Solved in 2709 iterations and 29.32 seconds (43.06 work units)
Optimal objective  3.301396393e+06
Set parameter TimeLimit to value 7.5418184341317974e+03
Set parameter Method to value 1
Gurobi Optimizer version 12.0.3 build v12.0.3rc0 (linux64 - "Ubuntu 24.04.4 LTS")

CPU model: Intel(R) Xeon(R) Gold 5218R CPU @ 2.10GHz, instruction set [SSE2|AVX|AVX2|AVX512]
Thread count: 40 physical cores, 40 logical processors, using up to 1 threads

Non-default parameters:
TimeLimit  7.5418184341317974e+03
Method  1
BarHomogeneous  1
Threads  1

Optimize a model with 770 rows, 196204 columns and 4818400 nonzeros
Coefficient statistics:
  Matrix range     [1e+00, 1e+00]
  Objective range  [1e+05, 5e+05]
  Bounds range     [0e+00, 0e+00]
  RHS range        [1e+00, 1e+00]
LP warm-start: use basis

Iteration    Objective       Primal Inf.    Dual Inf.      Time
       0   -1.8955248e+30   2.017786e+34   1.895525e+00      0s
      71    3.3013964e+06   0.000000e+00   0.000000e+00      1s

Solved in 71 iterations and 1.15 seconds (1.43 work units)
Optimal objective  3.301396393e+06
Set parameter TimeLimit to value 7.5236041184975766e+03
Set parameter Method to value 1
Gurobi Optimizer version 12.0.3 build v12.0.3rc0 (linux64 - "Ubuntu 24.04.4 LTS")

CPU model: Intel(R) Xeon(R) Gold 5218R CPU @ 2.10GHz, instruction set [SSE2|AVX|AVX2|AVX512]
Thread count: 40 physical cores, 40 logical processors, using up to 1 threads

Non-default parameters:
TimeLimit  7.5236041184975766e+03
Method  1
BarHomogeneous  1
Threads  1

Optimize a model with 770 rows, 196234 columns and 4819286 nonzeros
Coefficient statistics:
  Matrix range     [1e+00, 1e+00]
  Objective range  [1e+05, 5e+05]
  Bounds range     [0e+00, 0e+00]
  RHS range        [1e+00, 1e+00]
LP warm-start: use basis

Iteration    Objective       Primal Inf.    Dual Inf.      Time
       0   -1.7154213e+30   1.120170e+34   1.715421e+00      0s
      62    3.3013964e+06   0.000000e+00   0.000000e+00      1s

Solved in 62 iterations and 0.94 seconds (1.19 work units)
Optimal objective  3.301396393e+06
Set parameter TimeLimit to value 7.5050140720130876e+03
Set parameter Method to value 1
Gurobi Optimizer version 12.0.3 build v12.0.3rc0 (linux64 - "Ubuntu 24.04.4 LTS")

CPU model: Intel(R) Xeon(R) Gold 5218R CPU @ 2.10GHz, instruction set [SSE2|AVX|AVX2|AVX512]
Thread count: 40 physical cores, 40 logical processors, using up to 1 threads

Non-default parameters:
TimeLimit  7.5050140720130876e+03
Method  1
BarHomogeneous  1
Threads  1

Optimize a model with 770 rows, 196264 columns and 4820036 nonzeros
Coefficient statistics:
  Matrix range     [1e+00, 1e+00]
  Objective range  [1e+05, 5e+05]
  Bounds range     [0e+00, 0e+00]
  RHS range        [1e+00, 1e+00]
LP warm-start: use basis

Iteration    Objective       Primal Inf.    Dual Inf.      Time
       0   -1.6718737e+30   5.482558e+33   1.671873e+00      0s
     562    3.3013964e+06   3.362763e+02   0.000000e+00      6s
    1034    3.3013964e+06   6.047805e+00   0.000000e+00     11s
    1299    3.3013964e+06   0.000000e+00   0.000000e+00     14s

Solved in 1299 iterations and 14.20 seconds (20.94 work units)
Optimal objective  3.301396390e+06
Set parameter TimeLimit to value 7.4708000026778318e+03
Set parameter Method to value 1
Gurobi Optimizer version 12.0.3 build v12.0.3rc0 (linux64 - "Ubuntu 24.04.4 LTS")

CPU model: Intel(R) Xeon(R) Gold 5218R CPU @ 2.10GHz, instruction set [SSE2|AVX|AVX2|AVX512]
Thread count: 40 physical cores, 40 logical processors, using up to 1 threads

Non-default parameters:
TimeLimit  7.4708000026778318e+03
Method  1
BarHomogeneous  1
Threads  1

Optimize a model with 770 rows, 196294 columns and 4820902 nonzeros
Coefficient statistics:
  Matrix range     [1e+00, 1e+00]
  Objective range  [1e+05, 5e+05]
  Bounds range     [0e+00, 0e+00]
  RHS range        [1e+00, 1e+00]
LP warm-start: use basis

Iteration    Objective       Primal Inf.    Dual Inf.      Time
       0   -2.0647049e+30   7.761868e+33   2.064705e+00      0s
     562    3.3013964e+06   7.810869e+01   0.000000e+00      6s
    1026    3.3013964e+06   3.156618e+01   0.000000e+00     11s
    1246    3.3013964e+06   0.000000e+00   0.000000e+00     14s

Solved in 1246 iterations and 13.79 seconds (20.26 work units)
Optimal objective  3.301396388e+06
Set parameter TimeLimit to value 7.4394169232887216e+03
Set parameter Method to value 1
Gurobi Optimizer version 12.0.3 build v12.0.3rc0 (linux64 - "Ubuntu 24.04.4 LTS")

CPU model: Intel(R) Xeon(R) Gold 5218R CPU @ 2.10GHz, instruction set [SSE2|AVX|AVX2|AVX512]
Thread count: 40 physical cores, 40 logical processors, using up to 1 threads

Non-default parameters:
TimeLimit  7.4394169232887216e+03
Method  1
BarHomogeneous  1
Threads  1

Optimize a model with 770 rows, 196324 columns and 4821881 nonzeros
Coefficient statistics:
  Matrix range     [1e+00, 1e+00]
  Objective range  [1e+05, 5e+05]
  Bounds range     [0e+00, 0e+00]
  RHS range        [1e+00, 1e+00]
LP warm-start: use basis

Iteration    Objective       Primal Inf.    Dual Inf.      Time
       0   -2.0834554e+30   7.400191e+33   2.083455e+00      0s
     508    3.3013964e+06   1.074617e+02   0.000000e+00      6s
     986    3.3013964e+06   8.833144e+00   0.000000e+00     11s
    1461    3.3013964e+06   3.736103e+00   0.000000e+00     16s
    1559    3.3013964e+06   0.000000e+00   0.000000e+00     17s

Solved in 1559 iterations and 17.20 seconds (25.40 work units)
Optimal objective  3.301396386e+06
Set parameter TimeLimit to value 7.4023834569235332e+03
Set parameter Method to value 1
Gurobi Optimizer version 12.0.3 build v12.0.3rc0 (linux64 - "Ubuntu 24.04.4 LTS")

CPU model: Intel(R) Xeon(R) Gold 5218R CPU @ 2.10GHz, instruction set [SSE2|AVX|AVX2|AVX512]
Thread count: 40 physical cores, 40 logical processors, using up to 1 threads

Non-default parameters:
TimeLimit  7.4023834569235332e+03
Method  1
BarHomogeneous  1
Threads  1

Optimize a model with 770 rows, 196354 columns and 4822784 nonzeros
Coefficient statistics:
  Matrix range     [1e+00, 1e+00]
  Objective range  [1e+05, 5e+05]
  Bounds range     [0e+00, 0e+00]
  RHS range        [1e+00, 1e+00]
LP warm-start: use basis

Iteration    Objective       Primal Inf.    Dual Inf.      Time
       0   -1.7977397e+30   4.208769e+33   1.797740e+00      0s
     490   -8.3808874e+27   3.880894e+32   8.380958e-03      5s
     961    3.3013964e+06   5.295818e+02   0.000000e+00     10s
    1437    3.3013964e+06   1.991281e+02   0.000000e+00     16s
    1912    3.3013964e+06   7.055251e+00   0.000000e+00     21s
    2271    3.3013964e+06   5.137974e-03   0.000000e+00     25s
    2273    3.3013964e+06   0.000000e+00   0.000000e+00     25s

Solved in 2273 iterations and 25.20 seconds (36.35 work units)
Optimal objective  3.301396384e+06
Set parameter TimeLimit to value 7.3578263937733136e+03
Set parameter Method to value 1
Gurobi Optimizer version 12.0.3 build v12.0.3rc0 (linux64 - "Ubuntu 24.04.4 LTS")

CPU model: Intel(R) Xeon(R) Gold 5218R CPU @ 2.10GHz, instruction set [SSE2|AVX|AVX2|AVX512]
Thread count: 40 physical cores, 40 logical processors, using up to 1 threads

Non-default parameters:
TimeLimit  7.3578263937733136e+03
Method  1
BarHomogeneous  1
Threads  1

Optimize a model with 770 rows, 196384 columns and 4823610 nonzeros
Coefficient statistics:
  Matrix range     [1e+00, 1e+00]
  Objective range  [1e+05, 5e+05]
  Bounds range     [0e+00, 0e+00]
  RHS range        [1e+00, 1e+00]
LP warm-start: use basis

Iteration    Objective       Primal Inf.    Dual Inf.      Time
       0   -5.0786961e+30   1.521203e+34   5.078696e+00      0s
      52    3.3013964e+06   0.000000e+00   0.000000e+00      1s

Solved in 52 iterations and 0.90 seconds (1.10 work units)
Optimal objective  3.301396384e+06
Set parameter TimeLimit to value 7.3383414072049782e+03
Set parameter Method to value 1
Gurobi Optimizer version 12.0.3 build v12.0.3rc0 (linux64 - "Ubuntu 24.04.4 LTS")

CPU model: Intel(R) Xeon(R) Gold 5218R CPU @ 2.10GHz, instruction set [SSE2|AVX|AVX2|AVX512]
Thread count: 40 physical cores, 40 logical processors, using up to 1 threads

Non-default parameters:
TimeLimit  7.3383414072049782e+03
Method  1
BarHomogeneous  1
Threads  1

Optimize a model with 770 rows, 196414 columns and 4824342 nonzeros
Coefficient statistics:
  Matrix range     [1e+00, 1e+00]
  Objective range  [1e+05, 5e+05]
  Bounds range     [0e+00, 0e+00]
  RHS range        [1e+00, 1e+00]
LP warm-start: use basis

Iteration    Objective       Primal Inf.    Dual Inf.      Time
       0   -2.1646671e+30   1.101486e+34   2.164668e+00      0s
     137    3.3013964e+06   0.000000e+00   0.000000e+00      2s

Solved in 137 iterations and 1.89 seconds (2.53 work units)
Optimal objective  3.301396384e+06
Set parameter TimeLimit to value 7.3193685106057674e+03
Set parameter Method to value 1
Gurobi Optimizer version 12.0.3 build v12.0.3rc0 (linux64 - "Ubuntu 24.04.4 LTS")

CPU model: Intel(R) Xeon(R) Gold 5218R CPU @ 2.10GHz, instruction set [SSE2|AVX|AVX2|AVX512]
Thread count: 40 physical cores, 40 logical processors, using up to 1 threads

Non-default parameters:
TimeLimit  7.3193685106057674e+03
Method  1
BarHomogeneous  1
Threads  1

Optimize a model with 770 rows, 196444 columns and 4825055 nonzeros
Coefficient statistics:
  Matrix range     [1e+00, 1e+00]
  Objective range  [1e+05, 5e+05]
  Bounds range     [0e+00, 0e+00]
  RHS range        [1e+00, 1e+00]
LP warm-start: use basis

Iteration    Objective       Primal Inf.    Dual Inf.      Time
       0   -1.9685610e+30   9.451736e+33   1.968561e+00      0s
     546    3.3013964e+06   1.937225e-01   0.000000e+00      6s
     571    3.3013964e+06   0.000000e+00   0.000000e+00      7s

Solved in 571 iterations and 6.50 seconds (9.42 work units)
Optimal objective  3.301396384e+06
Set parameter TimeLimit to value 7.2935205361950211e+03
Set parameter Method to value 1
Gurobi Optimizer version 12.0.3 build v12.0.3rc0 (linux64 - "Ubuntu 24.04.4 LTS")

CPU model: Intel(R) Xeon(R) Gold 5218R CPU @ 2.10GHz, instruction set [SSE2|AVX|AVX2|AVX512]
Thread count: 40 physical cores, 40 logical processors, using up to 1 threads

Non-default parameters:
TimeLimit  7.2935205361950211e+03
Method  1
BarHomogeneous  1
Threads  1

Optimize a model with 770 rows, 196474 columns and 4825934 nonzeros
Coefficient statistics:
  Matrix range     [1e+00, 1e+00]
  Objective range  [1e+05, 5e+05]
  Bounds range     [0e+00, 0e+00]
  RHS range        [1e+00, 1e+00]
LP warm-start: use basis

Iteration    Objective       Primal Inf.    Dual Inf.      Time
       0   -1.8728025e+30   2.541326e+34   1.872803e+00      0s
     509   -1.8994146e+28   6.324375e+32   1.899417e-02      5s
    1024    3.3013964e+06   1.480829e+03   0.000000e+00     11s
    1500    3.3013964e+06   3.908483e+01   0.000000e+00     16s
    1857    3.3013964e+06   2.214322e+01   0.000000e+00     20s
    2152    3.3013964e+06   0.000000e+00   0.000000e+00     23s

Solved in 2152 iterations and 23.42 seconds (34.50 work units)
Optimal objective  3.301396382e+06
Set parameter TimeLimit to value 7.2515914922901429e+03
Set parameter Method to value 1
Gurobi Optimizer version 12.0.3 build v12.0.3rc0 (linux64 - "Ubuntu 24.04.4 LTS")

CPU model: Intel(R) Xeon(R) Gold 5218R CPU @ 2.10GHz, instruction set [SSE2|AVX|AVX2|AVX512]
Thread count: 40 physical cores, 40 logical processors, using up to 1 threads

Non-default parameters:
TimeLimit  7.2515914922901429e+03
Method  1
BarHomogeneous  1
Threads  1

Optimize a model with 770 rows, 196504 columns and 4826906 nonzeros
Coefficient statistics:
  Matrix range     [1e+00, 1e+00]
  Objective range  [1e+05, 5e+05]
  Bounds range     [0e+00, 0e+00]
  RHS range        [1e+00, 1e+00]
LP warm-start: use basis

Iteration    Objective       Primal Inf.    Dual Inf.      Time
       0   -1.7847978e+30   2.277853e+34   1.784798e+00      0s
     512   -3.3864618e+28   5.814577e+32   3.386466e-02      5s
    1016    3.3013964e+06   1.553501e+02   0.000000e+00     11s
    1470    3.3013964e+06   1.545545e+02   0.000000e+00     16s
    1933    3.3013964e+06   2.399421e+01   0.000000e+00     21s
    2395    3.3013964e+06   6.081118e+00   0.000000e+00     26s
    2615    3.3013964e+06   0.000000e+00   0.000000e+00     29s

Solved in 2615 iterations and 28.67 seconds (42.46 work units)
Optimal objective  3.301396379e+06
Set parameter TimeLimit to value 7.2022905278066173e+03
Set parameter Method to value 1
Gurobi Optimizer version 12.0.3 build v12.0.3rc0 (linux64 - "Ubuntu 24.04.4 LTS")

CPU model: Intel(R) Xeon(R) Gold 5218R CPU @ 2.10GHz, instruction set [SSE2|AVX|AVX2|AVX512]
Thread count: 40 physical cores, 40 logical processors, using up to 1 threads

Non-default parameters:
TimeLimit  7.2022905278066173e+03
Method  1
BarHomogeneous  1
Threads  1

Optimize a model with 770 rows, 196534 columns and 4827855 nonzeros
Coefficient statistics:
  Matrix range     [1e+00, 1e+00]
  Objective range  [1e+05, 5e+05]
  Bounds range     [0e+00, 0e+00]
  RHS range        [1e+00, 1e+00]
LP warm-start: use basis

Iteration    Objective       Primal Inf.    Dual Inf.      Time
       0   -1.9294533e+30   8.769189e+33   1.929454e+00      0s
      73    3.3013964e+06   0.000000e+00   0.000000e+00      1s

Solved in 73 iterations and 1.20 seconds (1.45 work units)
Optimal objective  3.301396379e+06
Set parameter TimeLimit to value 7.1822418434387073e+03
Set parameter Method to value 1
Gurobi Optimizer version 12.0.3 build v12.0.3rc0 (linux64 - "Ubuntu 24.04.4 LTS")

CPU model: Intel(R) Xeon(R) Gold 5218R CPU @ 2.10GHz, instruction set [SSE2|AVX|AVX2|AVX512]
Thread count: 40 physical cores, 40 logical processors, using up to 1 threads

Non-default parameters:
TimeLimit  7.1822418434387073e+03
Method  1
BarHomogeneous  1
Threads  1

Optimize a model with 770 rows, 196564 columns and 4828753 nonzeros
Coefficient statistics:
  Matrix range     [1e+00, 1e+00]
  Objective range  [1e+05, 5e+05]
  Bounds range     [0e+00, 0e+00]
  RHS range        [1e+00, 1e+00]
LP warm-start: use basis

Iteration    Objective       Primal Inf.    Dual Inf.      Time
       0   -1.8453724e+30   9.824709e+33   1.845372e+00      0s
     471   -1.3959915e+28   1.665269e+33   1.395990e-02      5s
     998    3.3013964e+06   7.002058e+01   0.000000e+00     11s
    1460    3.3013964e+06   2.591605e+01   0.000000e+00     16s
    1815    3.3013964e+06   1.591442e+00   0.000000e+00     20s
    2102    3.3013964e+06   0.000000e+00   0.000000e+00     23s

Solved in 2102 iterations and 23.45 seconds (34.08 work units)
Optimal objective  3.301396376e+06
Set parameter TimeLimit to value 7.1382362026041374e+03
Set parameter Method to value 1
Gurobi Optimizer version 12.0.3 build v12.0.3rc0 (linux64 - "Ubuntu 24.04.4 LTS")

CPU model: Intel(R) Xeon(R) Gold 5218R CPU @ 2.10GHz, instruction set [SSE2|AVX|AVX2|AVX512]
Thread count: 40 physical cores, 40 logical processors, using up to 1 threads

Non-default parameters:
TimeLimit  7.1382362026041374e+03
Method  1
BarHomogeneous  1
Threads  1

Optimize a model with 770 rows, 196594 columns and 4829550 nonzeros
Coefficient statistics:
  Matrix range     [1e+00, 1e+00]
  Objective range  [1e+05, 5e+05]
  Bounds range     [0e+00, 0e+00]
  RHS range        [1e+00, 1e+00]
LP warm-start: use basis

Iteration    Objective       Primal Inf.    Dual Inf.      Time
       0   -1.7883758e+30   6.267898e+33   1.788375e+00      0s
     551    3.3013964e+06   1.993991e+02   0.000000e+00      6s
     908    3.3013964e+06   2.140953e+01   0.000000e+00     10s
    1386    3.3013964e+06   3.993428e-02   0.000000e+00     15s
    1400    3.3013964e+06   0.000000e+00   0.000000e+00     16s

Solved in 1400 iterations and 15.52 seconds (22.56 work units)
Optimal objective  3.301396375e+06
Set parameter TimeLimit to value 7.1035927058928646e+03
Set parameter Method to value 1
Gurobi Optimizer version 12.0.3 build v12.0.3rc0 (linux64 - "Ubuntu 24.04.4 LTS")

CPU model: Intel(R) Xeon(R) Gold 5218R CPU @ 2.10GHz, instruction set [SSE2|AVX|AVX2|AVX512]
Thread count: 40 physical cores, 40 logical processors, using up to 1 threads

Non-default parameters:
TimeLimit  7.1035927058928646e+03
Method  1
BarHomogeneous  1
Threads  1

Optimize a model with 770 rows, 196624 columns and 4830496 nonzeros
Coefficient statistics:
  Matrix range     [1e+00, 1e+00]
  Objective range  [1e+05, 5e+05]
  Bounds range     [0e+00, 0e+00]
  RHS range        [1e+00, 1e+00]
LP warm-start: use basis

Iteration    Objective       Primal Inf.    Dual Inf.      Time
       0   -1.6898689e+30   4.146961e+33   1.689869e+00      0s
     472   -7.2799653e+27   2.246333e+33   7.280108e-03      5s
     986    3.3013964e+06   2.146370e+01   0.000000e+00     11s
    1461    3.3013964e+06   9.076537e+01   0.000000e+00     16s
    1819    3.3013964e+06   6.482942e+00   0.000000e+00     20s
    1957    3.3013964e+06   0.000000e+00   0.000000e+00     22s

Solved in 1957 iterations and 21.72 seconds (31.61 work units)
Optimal objective  3.301396373e+06
Set parameter TimeLimit to value 7.0630883374614641e+03
Set parameter Method to value 1
Gurobi Optimizer version 12.0.3 build v12.0.3rc0 (linux64 - "Ubuntu 24.04.4 LTS")

CPU model: Intel(R) Xeon(R) Gold 5218R CPU @ 2.10GHz, instruction set [SSE2|AVX|AVX2|AVX512]
Thread count: 40 physical cores, 40 logical processors, using up to 1 threads

Non-default parameters:
TimeLimit  7.0630883374614641e+03
Method  1
BarHomogeneous  1
Threads  1

Optimize a model with 770 rows, 196654 columns and 4831363 nonzeros
Coefficient statistics:
  Matrix range     [1e+00, 1e+00]
  Objective range  [1e+05, 5e+05]
  Bounds range     [0e+00, 0e+00]
  RHS range        [1e+00, 1e+00]
LP warm-start: use basis

Iteration    Objective       Primal Inf.    Dual Inf.      Time
       0   -1.9729218e+30   1.010525e+34   1.972922e+00      0s
     184    3.3013964e+06   0.000000e+00   0.000000e+00      2s

Solved in 184 iterations and 2.41 seconds (3.30 work units)
Optimal objective  3.301396373e+06
Set parameter TimeLimit to value 7.0417950818315148e+03
Set parameter Method to value 1
Gurobi Optimizer version 12.0.3 build v12.0.3rc0 (linux64 - "Ubuntu 24.04.4 LTS")

CPU model: Intel(R) Xeon(R) Gold 5218R CPU @ 2.10GHz, instruction set [SSE2|AVX|AVX2|AVX512]
Thread count: 40 physical cores, 40 logical processors, using up to 1 threads

Non-default parameters:
TimeLimit  7.0417950818315148e+03
Method  1
BarHomogeneous  1
Threads  1

Optimize a model with 770 rows, 196684 columns and 4832281 nonzeros
Coefficient statistics:
  Matrix range     [1e+00, 1e+00]
  Objective range  [1e+05, 5e+05]
  Bounds range     [0e+00, 0e+00]
  RHS range        [1e+00, 1e+00]
LP warm-start: use basis

Iteration    Objective       Primal Inf.    Dual Inf.      Time
       0   -1.5892090e+30   3.738475e+33   1.589209e+00      0s
     120    3.3013964e+06   0.000000e+00   0.000000e+00      2s

Solved in 120 iterations and 1.66 seconds (2.20 work units)
Optimal objective  3.301396373e+06
Set parameter TimeLimit to value 7.0210945801665075e+03
Set parameter Method to value 1
Gurobi Optimizer version 12.0.3 build v12.0.3rc0 (linux64 - "Ubuntu 24.04.4 LTS")

CPU model: Intel(R) Xeon(R) Gold 5218R CPU @ 2.10GHz, instruction set [SSE2|AVX|AVX2|AVX512]
Thread count: 40 physical cores, 40 logical processors, using up to 1 threads

Non-default parameters:
TimeLimit  7.0210945801665075e+03
Method  1
BarHomogeneous  1
Threads  1

Optimize a model with 770 rows, 196714 columns and 4833240 nonzeros
Coefficient statistics:
  Matrix range     [1e+00, 1e+00]
  Objective range  [1e+05, 5e+05]
  Bounds range     [0e+00, 0e+00]
  RHS range        [1e+00, 1e+00]
LP warm-start: use basis

Iteration    Objective       Primal Inf.    Dual Inf.      Time
       0   -1.5076941e+30   7.118377e+33   1.507694e+00      0s
     512   -2.7317813e+28   5.125413e+32   2.731782e-02      5s
     942    3.3013964e+06   6.069738e+02   0.000000e+00     10s
    1416    3.3013964e+06   2.239123e+01   0.000000e+00     15s
    1889    3.3013964e+06   1.089263e+00   0.000000e+00     20s
    2100    3.3013964e+06   0.000000e+00   0.000000e+00     23s

Solved in 2100 iterations and 22.88 seconds (33.54 work units)
Optimal objective  3.301396371e+06
Set parameter TimeLimit to value 6.9801237131049857e+03
Set parameter Method to value 1
Gurobi Optimizer version 12.0.3 build v12.0.3rc0 (linux64 - "Ubuntu 24.04.4 LTS")

CPU model: Intel(R) Xeon(R) Gold 5218R CPU @ 2.10GHz, instruction set [SSE2|AVX|AVX2|AVX512]
Thread count: 40 physical cores, 40 logical processors, using up to 1 threads

Non-default parameters:
TimeLimit  6.9801237131049857e+03
Method  1
BarHomogeneous  1
Threads  1

Optimize a model with 770 rows, 196744 columns and 4833911 nonzeros
Coefficient statistics:
  Matrix range     [1e+00, 1e+00]
  Objective range  [1e+05, 5e+05]
  Bounds range     [0e+00, 0e+00]
  RHS range        [1e+00, 1e+00]
LP warm-start: use basis

Iteration    Objective       Primal Inf.    Dual Inf.      Time
       0   -7.5713940e+30   6.696808e+33   7.571394e+00      0s
      85    3.3013964e+06   0.000000e+00   0.000000e+00      1s

Solved in 85 iterations and 1.33 seconds (1.71 work units)
Optimal objective  3.301396371e+06
Set parameter TimeLimit to value 6.9609053932731040e+03
Set parameter Method to value 1
Gurobi Optimizer version 12.0.3 build v12.0.3rc0 (linux64 - "Ubuntu 24.04.4 LTS")

CPU model: Intel(R) Xeon(R) Gold 5218R CPU @ 2.10GHz, instruction set [SSE2|AVX|AVX2|AVX512]
Thread count: 40 physical cores, 40 logical processors, using up to 1 threads

Non-default parameters:
TimeLimit  6.9609053932731040e+03
Method  1
BarHomogeneous  1
Threads  1

Optimize a model with 770 rows, 196774 columns and 4834832 nonzeros
Coefficient statistics:
  Matrix range     [1e+00, 1e+00]
  Objective range  [1e+05, 5e+05]
  Bounds range     [0e+00, 0e+00]
  RHS range        [1e+00, 1e+00]
LP warm-start: use basis

Iteration    Objective       Primal Inf.    Dual Inf.      Time
       0   -1.6680629e+30   9.078860e+33   1.668063e+00      0s
     483    3.3013964e+06   4.085191e+02   0.000000e+00      5s
     955    3.3013964e+06   2.204893e+02   0.000000e+00     11s
    1428    3.3013964e+06   1.599741e+01   0.000000e+00     16s
    1744    3.3013964e+06   0.000000e+00   0.000000e+00     19s

Solved in 1744 iterations and 19.25 seconds (28.30 work units)
Optimal objective  3.301396370e+06
Set parameter TimeLimit to value 6.9231919804876670e+03
Set parameter Method to value 1
Gurobi Optimizer version 12.0.3 build v12.0.3rc0 (linux64 - "Ubuntu 24.04.4 LTS")

CPU model: Intel(R) Xeon(R) Gold 5218R CPU @ 2.10GHz, instruction set [SSE2|AVX|AVX2|AVX512]
Thread count: 40 physical cores, 40 logical processors, using up to 1 threads

Non-default parameters:
TimeLimit  6.9231919804876670e+03
Method  1
BarHomogeneous  1
Threads  1

Optimize a model with 770 rows, 196804 columns and 4835765 nonzeros
Coefficient statistics:
  Matrix range     [1e+00, 1e+00]
  Objective range  [1e+05, 5e+05]
  Bounds range     [0e+00, 0e+00]
  RHS range        [1e+00, 1e+00]
LP warm-start: use basis

Iteration    Objective       Primal Inf.    Dual Inf.      Time
       0   -1.7884323e+30   5.472647e+34   1.788431e+00      0s
      37    3.3013964e+06   0.000000e+00   0.000000e+00      1s

Solved in 37 iterations and 0.75 seconds (0.86 work units)
Optimal objective  3.301396370e+06
Set parameter TimeLimit to value 6.9031334181814454e+03
Set parameter Method to value 1
Gurobi Optimizer version 12.0.3 build v12.0.3rc0 (linux64 - "Ubuntu 24.04.4 LTS")

CPU model: Intel(R) Xeon(R) Gold 5218R CPU @ 2.10GHz, instruction set [SSE2|AVX|AVX2|AVX512]
Thread count: 40 physical cores, 40 logical processors, using up to 1 threads

Non-default parameters:
TimeLimit  6.9031334181814454e+03
Method  1
BarHomogeneous  1
Threads  1

Optimize a model with 770 rows, 196834 columns and 4836785 nonzeros
Coefficient statistics:
  Matrix range     [1e+00, 1e+00]
  Objective range  [1e+05, 5e+05]
  Bounds range     [0e+00, 0e+00]
  RHS range        [1e+00, 1e+00]
LP warm-start: use basis

Iteration    Objective       Primal Inf.    Dual Inf.      Time
       0   -1.5245165e+30   3.752921e+34   1.524516e+00      0s
     578    3.3013964e+06   1.068906e+02   0.000000e+00      6s
     935    3.3013964e+06   2.802139e+01   0.000000e+00     10s
    1234    3.3013964e+06   0.000000e+00   0.000000e+00     13s

Solved in 1234 iterations and 13.50 seconds (19.68 work units)
Optimal objective  3.301396370e+06
Set parameter TimeLimit to value 6.8708504109620117e+03
Set parameter Method to value 1
Gurobi Optimizer version 12.0.3 build v12.0.3rc0 (linux64 - "Ubuntu 24.04.4 LTS")

CPU model: Intel(R) Xeon(R) Gold 5218R CPU @ 2.10GHz, instruction set [SSE2|AVX|AVX2|AVX512]
Thread count: 40 physical cores, 40 logical processors, using up to 1 threads

Non-default parameters:
TimeLimit  6.8708504109620117e+03
Method  1
BarHomogeneous  1
Threads  1

Optimize a model with 770 rows, 196864 columns and 4837712 nonzeros
Coefficient statistics:
  Matrix range     [1e+00, 1e+00]
  Objective range  [1e+05, 5e+05]
  Bounds range     [0e+00, 0e+00]
  RHS range        [1e+00, 1e+00]
LP warm-start: use basis

Iteration    Objective       Primal Inf.    Dual Inf.      Time
       0   -1.4534762e+30   5.771744e+33   1.453477e+00      0s
     334    3.3013964e+06   0.000000e+00   0.000000e+00      4s

Solved in 334 iterations and 3.98 seconds (5.67 work units)
Optimal objective  3.301396370e+06
Set parameter TimeLimit to value 6.8480829964806326e+03
Set parameter Method to value 1
Gurobi Optimizer version 12.0.3 build v12.0.3rc0 (linux64 - "Ubuntu 24.04.4 LTS")

CPU model: Intel(R) Xeon(R) Gold 5218R CPU @ 2.10GHz, instruction set [SSE2|AVX|AVX2|AVX512]
Thread count: 40 physical cores, 40 logical processors, using up to 1 threads

Non-default parameters:
TimeLimit  6.8480829964806326e+03
Method  1
BarHomogeneous  1
Threads  1

Optimize a model with 770 rows, 196894 columns and 4838707 nonzeros
Coefficient statistics:
  Matrix range     [1e+00, 1e+00]
  Objective range  [1e+05, 5e+05]
  Bounds range     [0e+00, 0e+00]
  RHS range        [1e+00, 1e+00]
LP warm-start: use basis

Iteration    Objective       Primal Inf.    Dual Inf.      Time
       0   -1.3222753e+30   4.896624e+33   1.322275e+00      0s
     528   -5.7001762e+28   4.698809e+33   5.700203e-02      5s
    1013    3.3013963e+06   3.369044e+03   0.000000e+00     11s
    1482    3.3013964e+06   1.024635e+03   0.000000e+00     16s
    1952    3.3013964e+06   2.742415e+02   0.000000e+00     21s
    2423    3.3013964e+06   2.933712e+01   0.000000e+00     26s
    2899    3.3013964e+06   2.717677e+01   0.000000e+00     31s
    3172    3.3013964e+06   0.000000e+00   0.000000e+00     34s

Solved in 3172 iterations and 34.25 seconds (50.60 work units)
Optimal objective  3.301396368e+06
Set parameter TimeLimit to value 6794.55135724321
Set parameter Method to value 1
Gurobi Optimizer version 12.0.3 build v12.0.3rc0 (linux64 - "Ubuntu 24.04.4 LTS")

CPU model: Intel(R) Xeon(R) Gold 5218R CPU @ 2.10GHz, instruction set [SSE2|AVX|AVX2|AVX512]
Thread count: 40 physical cores, 40 logical processors, using up to 1 threads

Non-default parameters:
TimeLimit  6794.55135724321
Method  1
BarHomogeneous  1
Threads  1

Optimize a model with 770 rows, 196924 columns and 4839340 nonzeros
Coefficient statistics:
  Matrix range     [1e+00, 1e+00]
  Objective range  [1e+05, 5e+05]
  Bounds range     [0e+00, 0e+00]
  RHS range        [1e+00, 1e+00]
LP warm-start: use basis

Iteration    Objective       Primal Inf.    Dual Inf.      Time
       0   -1.6505145e+30   9.336136e+33   1.650515e+00      0s
     113    3.3013964e+06   0.000000e+00   0.000000e+00      2s

Solved in 113 iterations and 1.62 seconds (2.14 work units)
Optimal objective  3.301396368e+06
Set parameter TimeLimit to value 6.7742763509782963e+03
Set parameter Method to value 1
Gurobi Optimizer version 12.0.3 build v12.0.3rc0 (linux64 - "Ubuntu 24.04.4 LTS")

CPU model: Intel(R) Xeon(R) Gold 5218R CPU @ 2.10GHz, instruction set [SSE2|AVX|AVX2|AVX512]
Thread count: 40 physical cores, 40 logical processors, using up to 1 threads

Non-default parameters:
TimeLimit  6.7742763509782963e+03
Method  1
BarHomogeneous  1
Threads  1

Optimize a model with 770 rows, 196954 columns and 4840017 nonzeros
Coefficient statistics:
  Matrix range     [1e+00, 1e+00]
  Objective range  [1e+05, 5e+05]
  Bounds range     [0e+00, 0e+00]
  RHS range        [1e+00, 1e+00]
LP warm-start: use basis

Iteration    Objective       Primal Inf.    Dual Inf.      Time
       0   -1.4737413e+30   1.065497e+34   1.473742e+00      0s
     507    3.3013964e+06   2.988620e+02   0.000000e+00      6s
     971    3.3013964e+06   1.320533e+01   0.000000e+00     11s
    1446    3.3013964e+06   1.660952e+02   0.000000e+00     16s
    1917    3.3013964e+06   0.000000e+00   0.000000e+00     21s
    1918    3.3013964e+06   0.000000e+00   0.000000e+00     21s

Solved in 1918 iterations and 21.34 seconds (31.37 work units)
Optimal objective  3.301396366e+06
Set parameter TimeLimit to value 6.7335414310335182e+03
Set parameter Method to value 1
Gurobi Optimizer version 12.0.3 build v12.0.3rc0 (linux64 - "Ubuntu 24.04.4 LTS")

CPU model: Intel(R) Xeon(R) Gold 5218R CPU @ 2.10GHz, instruction set [SSE2|AVX|AVX2|AVX512]
Thread count: 40 physical cores, 40 logical processors, using up to 1 threads

Non-default parameters:
TimeLimit  6.7335414310335182e+03
Method  1
BarHomogeneous  1
Threads  1

Optimize a model with 770 rows, 196984 columns and 4840585 nonzeros
Coefficient statistics:
  Matrix range     [1e+00, 1e+00]
  Objective range  [1e+05, 5e+05]
  Bounds range     [0e+00, 0e+00]
  RHS range        [1e+00, 1e+00]
LP warm-start: use basis

Iteration    Objective       Primal Inf.    Dual Inf.      Time
       0   -2.2892772e+30   8.933685e+33   2.289277e+00      0s
     212    3.3013964e+06   0.000000e+00   0.000000e+00      3s

Solved in 212 iterations and 2.66 seconds (3.71 work units)
Optimal objective  3.301396366e+06
Set parameter TimeLimit to value 6.7120667052571662e+03
Set parameter Method to value 1
Gurobi Optimizer version 12.0.3 build v12.0.3rc0 (linux64 - "Ubuntu 24.04.4 LTS")

CPU model: Intel(R) Xeon(R) Gold 5218R CPU @ 2.10GHz, instruction set [SSE2|AVX|AVX2|AVX512]
Thread count: 40 physical cores, 40 logical processors, using up to 1 threads

Non-default parameters:
TimeLimit  6.7120667052571662e+03
Method  1
BarHomogeneous  1
Threads  1

Optimize a model with 770 rows, 197014 columns and 4841440 nonzeros
Coefficient statistics:
  Matrix range     [1e+00, 1e+00]
  Objective range  [1e+05, 5e+05]
  Bounds range     [0e+00, 0e+00]
  RHS range        [1e+00, 1e+00]
LP warm-start: use basis

Iteration    Objective       Primal Inf.    Dual Inf.      Time
       0   -1.3315017e+30   1.993701e+34   1.331503e+00      0s
      30    3.3013964e+06   0.000000e+00   0.000000e+00      1s

Solved in 30 iterations and 0.62 seconds (0.68 work units)
Optimal objective  3.301396366e+06
Set parameter TimeLimit to value 6.6945052706100978e+03
Set parameter Method to value 1
Gurobi Optimizer version 12.0.3 build v12.0.3rc0 (linux64 - "Ubuntu 24.04.4 LTS")

CPU model: Intel(R) Xeon(R) Gold 5218R CPU @ 2.10GHz, instruction set [SSE2|AVX|AVX2|AVX512]
Thread count: 40 physical cores, 40 logical processors, using up to 1 threads

Non-default parameters:
TimeLimit  6.6945052706100978e+03
Method  1
BarHomogeneous  1
Threads  1

Optimize a model with 770 rows, 197044 columns and 4842351 nonzeros
Coefficient statistics:
  Matrix range     [1e+00, 1e+00]
  Objective range  [1e+05, 5e+05]
  Bounds range     [0e+00, 0e+00]
  RHS range        [1e+00, 1e+00]
LP warm-start: use basis

Iteration    Objective       Primal Inf.    Dual Inf.      Time
       0   -1.2324027e+30   1.084822e+34   1.232402e+00      0s
     130    3.3013964e+06   0.000000e+00   0.000000e+00      2s

Solved in 130 iterations and 1.76 seconds (2.39 work units)
Optimal objective  3.301396366e+06
Set parameter TimeLimit to value 6.6736910600857809e+03
Set parameter Method to value 1
Gurobi Optimizer version 12.0.3 build v12.0.3rc0 (linux64 - "Ubuntu 24.04.4 LTS")

CPU model: Intel(R) Xeon(R) Gold 5218R CPU @ 2.10GHz, instruction set [SSE2|AVX|AVX2|AVX512]
Thread count: 40 physical cores, 40 logical processors, using up to 1 threads

Non-default parameters:
TimeLimit  6.6736910600857809e+03
Method  1
BarHomogeneous  1
Threads  1

Optimize a model with 770 rows, 197074 columns and 4843260 nonzeros
Coefficient statistics:
  Matrix range     [1e+00, 1e+00]
  Objective range  [1e+05, 5e+05]
  Bounds range     [0e+00, 0e+00]
  RHS range        [1e+00, 1e+00]
LP warm-start: use basis

Iteration    Objective       Primal Inf.    Dual Inf.      Time
       0   -1.1907809e+30   4.061523e+33   1.190781e+00      0s
     545   -8.6402269e+28   2.221499e+33   8.640255e-02      5s
    1028   -1.0307233e+28   2.772640e+33   1.036289e-02     10s
    1518    3.3013963e+06   1.317166e+02   0.000000e+00     16s
    1986    3.3013964e+06   4.899845e+02   0.000000e+00     21s
    2454    3.3013964e+06   2.025228e+02   0.000000e+00     26s
    2924    3.3013964e+06   1.141143e+01   0.000000e+00     31s
    3279    3.3013964e+06   1.797652e+01   0.000000e+00     35s
    3754    3.3013964e+06   1.804127e+00   0.000000e+00     40s
    3883    3.3013964e+06   0.000000e+00   0.000000e+00     42s

Solved in 3883 iterations and 41.87 seconds (61.98 work units)
Optimal objective  3.301396365e+06
Set parameter TimeLimit to value 6.6109383349292912e+03
Set parameter Method to value 1
Gurobi Optimizer version 12.0.3 build v12.0.3rc0 (linux64 - "Ubuntu 24.04.4 LTS")

CPU model: Intel(R) Xeon(R) Gold 5218R CPU @ 2.10GHz, instruction set [SSE2|AVX|AVX2|AVX512]
Thread count: 40 physical cores, 40 logical processors, using up to 1 threads

Non-default parameters:
TimeLimit  6.6109383349292912e+03
Method  1
BarHomogeneous  1
Threads  1

Optimize a model with 770 rows, 197104 columns and 4844211 nonzeros
Coefficient statistics:
  Matrix range     [1e+00, 1e+00]
  Objective range  [1e+05, 5e+05]
  Bounds range     [0e+00, 0e+00]
  RHS range        [1e+00, 1e+00]
LP warm-start: use basis

Iteration    Objective       Primal Inf.    Dual Inf.      Time
       0   -2.1960837e+30   1.424982e+34   2.196083e+00      0s
     123    3.3013964e+06   0.000000e+00   0.000000e+00      2s

Solved in 123 iterations and 1.73 seconds (2.26 work units)
Optimal objective  3.301396365e+06
Set parameter TimeLimit to value 6.5905923145571724e+03
Set parameter Method to value 1
Gurobi Optimizer version 12.0.3 build v12.0.3rc0 (linux64 - "Ubuntu 24.04.4 LTS")

CPU model: Intel(R) Xeon(R) Gold 5218R CPU @ 2.10GHz, instruction set [SSE2|AVX|AVX2|AVX512]
Thread count: 40 physical cores, 40 logical processors, using up to 1 threads

Non-default parameters:
TimeLimit  6.5905923145571724e+03
Method  1
BarHomogeneous  1
Threads  1

Optimize a model with 770 rows, 197134 columns and 4844924 nonzeros
Coefficient statistics:
  Matrix range     [1e+00, 1e+00]
  Objective range  [1e+05, 5e+05]
  Bounds range     [0e+00, 0e+00]
  RHS range        [1e+00, 1e+00]
LP warm-start: use basis

Iteration    Objective       Primal Inf.    Dual Inf.      Time
       0   -1.4493284e+30   1.218198e+34   1.449328e+00      0s
     452    3.3013964e+06   1.850512e+00   0.000000e+00      5s
     560    3.3013964e+06   0.000000e+00   0.000000e+00      7s

Solved in 560 iterations and 6.51 seconds (9.30 work units)
Optimal objective  3.301396365e+06
Set parameter TimeLimit to value 6.5669025806868449e+03
Set parameter Method to value 1
Gurobi Optimizer version 12.0.3 build v12.0.3rc0 (linux64 - "Ubuntu 24.04.4 LTS")

CPU model: Intel(R) Xeon(R) Gold 5218R CPU @ 2.10GHz, instruction set [SSE2|AVX|AVX2|AVX512]
Thread count: 40 physical cores, 40 logical processors, using up to 1 threads

Non-default parameters:
TimeLimit  6.5669025806868449e+03
Method  1
BarHomogeneous  1
Threads  1

Optimize a model with 770 rows, 197164 columns and 4845859 nonzeros
Coefficient statistics:
  Matrix range     [1e+00, 1e+00]
  Objective range  [1e+05, 5e+05]
  Bounds range     [0e+00, 0e+00]
  RHS range        [1e+00, 1e+00]
LP warm-start: use basis

Iteration    Objective       Primal Inf.    Dual Inf.      Time
       0   -1.8741424e+30   1.518326e+34   1.874142e+00      0s
     103    3.3013964e+06   0.000000e+00   0.000000e+00      1s

Solved in 103 iterations and 1.47 seconds (1.96 work units)
Optimal objective  3.301396365e+06
Set parameter TimeLimit to value 6.5463749606027268e+03
Set parameter Method to value 1
Gurobi Optimizer version 12.0.3 build v12.0.3rc0 (linux64 - "Ubuntu 24.04.4 LTS")

CPU model: Intel(R) Xeon(R) Gold 5218R CPU @ 2.10GHz, instruction set [SSE2|AVX|AVX2|AVX512]
Thread count: 40 physical cores, 40 logical processors, using up to 1 threads

Non-default parameters:
TimeLimit  6.5463749606027268e+03
Method  1
BarHomogeneous  1
Threads  1

Optimize a model with 770 rows, 197194 columns and 4846730 nonzeros
Coefficient statistics:
  Matrix range     [1e+00, 1e+00]
  Objective range  [1e+05, 5e+05]
  Bounds range     [0e+00, 0e+00]
  RHS range        [1e+00, 1e+00]
LP warm-start: use basis

Iteration    Objective       Primal Inf.    Dual Inf.      Time
       0   -1.7223927e+30   8.864455e+33   1.722393e+00      0s
     123    3.3013964e+06   0.000000e+00   0.000000e+00      2s

Solved in 123 iterations and 1.72 seconds (2.33 work units)
Optimal objective  3.301396365e+06
Set parameter TimeLimit to value 6525.9302757103
Set parameter Method to value 1
Gurobi Optimizer version 12.0.3 build v12.0.3rc0 (linux64 - "Ubuntu 24.04.4 LTS")

CPU model: Intel(R) Xeon(R) Gold 5218R CPU @ 2.10GHz, instruction set [SSE2|AVX|AVX2|AVX512]
Thread count: 40 physical cores, 40 logical processors, using up to 1 threads

Non-default parameters:
TimeLimit  6525.9302757103
Method  1
BarHomogeneous  1
Threads  1

Optimize a model with 770 rows, 197224 columns and 4847703 nonzeros
Coefficient statistics:
  Matrix range     [1e+00, 1e+00]
  Objective range  [1e+05, 5e+05]
  Bounds range     [0e+00, 0e+00]
  RHS range        [1e+00, 1e+00]
LP warm-start: use basis

Iteration    Objective       Primal Inf.    Dual Inf.      Time
       0   -1.2104992e+30   5.687349e+33   1.210499e+00      0s
     581   -1.8150800e+27   2.811529e+32   1.935293e-03      5s
    1060    3.3013964e+06   4.584940e+02   0.000000e+00     10s
    1527    3.3013964e+06   3.761750e+01   0.000000e+00     16s
    2003    3.3013964e+06   9.380182e-01   0.000000e+00     21s
    2301    3.3013964e+06   0.000000e+00   0.000000e+00     24s

Solved in 2301 iterations and 24.14 seconds (35.87 work units)
Optimal objective  3.301396364e+06
Set parameter TimeLimit to value 6.4825912831914611e+03
Set parameter Method to value 1
Gurobi Optimizer version 12.0.3 build v12.0.3rc0 (linux64 - "Ubuntu 24.04.4 LTS")

CPU model: Intel(R) Xeon(R) Gold 5218R CPU @ 2.10GHz, instruction set [SSE2|AVX|AVX2|AVX512]
Thread count: 40 physical cores, 40 logical processors, using up to 1 threads

Non-default parameters:
TimeLimit  6.4825912831914611e+03
Method  1
BarHomogeneous  1
Threads  1

Optimize a model with 770 rows, 197254 columns and 4848462 nonzeros
Coefficient statistics:
  Matrix range     [1e+00, 1e+00]
  Objective range  [1e+05, 5e+05]
  Bounds range     [0e+00, 0e+00]
  RHS range        [1e+00, 1e+00]
LP warm-start: use basis

Iteration    Objective       Primal Inf.    Dual Inf.      Time
       0   -2.6758298e+30   4.195783e+34   2.675830e+00      0s
       1    3.3013964e+06   0.000000e+00   0.000000e+00      0s

Solved in 1 iterations and 0.36 seconds (0.29 work units)
Optimal objective  3.301396364e+06
Set parameter TimeLimit to value 6.4636768466285430e+03
Set parameter Method to value 1
Gurobi Optimizer version 12.0.3 build v12.0.3rc0 (linux64 - "Ubuntu 24.04.4 LTS")

CPU model: Intel(R) Xeon(R) Gold 5218R CPU @ 2.10GHz, instruction set [SSE2|AVX|AVX2|AVX512]
Thread count: 40 physical cores, 40 logical processors, using up to 1 threads

Non-default parameters:
TimeLimit  6.4636768466285430e+03
Method  1
BarHomogeneous  1
Threads  1

Optimize a model with 770 rows, 197284 columns and 4849231 nonzeros
Coefficient statistics:
  Matrix range     [1e+00, 1e+00]
  Objective range  [1e+05, 5e+05]
  Bounds range     [0e+00, 0e+00]
  RHS range        [1e+00, 1e+00]
LP warm-start: use basis

Iteration    Objective       Primal Inf.    Dual Inf.      Time
       0   -1.0962731e+30   1.457521e+34   1.096272e+00      0s
      57    3.3013964e+06   0.000000e+00   0.000000e+00      1s

Solved in 57 iterations and 1.08 seconds (1.44 work units)
Optimal objective  3.301396364e+06
Set parameter TimeLimit to value 6.4456790115102194e+03
Set parameter Method to value 1
Gurobi Optimizer version 12.0.3 build v12.0.3rc0 (linux64 - "Ubuntu 24.04.4 LTS")

CPU model: Intel(R) Xeon(R) Gold 5218R CPU @ 2.10GHz, instruction set [SSE2|AVX|AVX2|AVX512]
Thread count: 40 physical cores, 40 logical processors, using up to 1 threads

Non-default parameters:
TimeLimit  6.4456790115102194e+03
Method  1
BarHomogeneous  1
Threads  1

Optimize a model with 770 rows, 197314 columns and 4850222 nonzeros
Coefficient statistics:
  Matrix range     [1e+00, 1e+00]
  Objective range  [1e+05, 5e+05]
  Bounds range     [0e+00, 0e+00]
  RHS range        [1e+00, 1e+00]
LP warm-start: use basis

Iteration    Objective       Primal Inf.    Dual Inf.      Time
       0   -1.0804173e+30   1.934995e+34   1.080417e+00      0s
     125    3.3013964e+06   0.000000e+00   0.000000e+00      2s

Solved in 125 iterations and 1.89 seconds (2.67 work units)
Optimal objective  3.301396364e+06
Set parameter TimeLimit to value 6.4245833513406105e+03
Set parameter Method to value 1
Gurobi Optimizer version 12.0.3 build v12.0.3rc0 (linux64 - "Ubuntu 24.04.4 LTS")

CPU model: Intel(R) Xeon(R) Gold 5218R CPU @ 2.10GHz, instruction set [SSE2|AVX|AVX2|AVX512]
Thread count: 40 physical cores, 40 logical processors, using up to 1 threads

Non-default parameters:
TimeLimit  6.4245833513406105e+03
Method  1
BarHomogeneous  1
Threads  1

Optimize a model with 770 rows, 197344 columns and 4851162 nonzeros
Coefficient statistics:
  Matrix range     [1e+00, 1e+00]
  Objective range  [1e+05, 5e+05]
  Bounds range     [0e+00, 0e+00]
  RHS range        [1e+00, 1e+00]
LP warm-start: use basis

Iteration    Objective       Primal Inf.    Dual Inf.      Time
       0   -1.0209830e+30   3.916521e+33   1.020983e+00      0s
     478   -2.2081065e+28   1.125633e+33   2.210455e-02      5s
    1036    3.3013963e+06   3.650787e+02   0.000000e+00     11s
    1392    3.3013964e+06   6.136755e+02   0.000000e+00     15s
    1863    3.3013964e+06   2.576820e+01   0.000000e+00     20s
    2335    3.3013964e+06   1.929961e+01   0.000000e+00     25s
    2791    3.3013964e+06   0.000000e+00   0.000000e+00     31s

Solved in 2791 iterations and 30.51 seconds (45.37 work units)
Optimal objective  3.301396363e+06
Set parameter TimeLimit to value 6375.27438368788
Set parameter Method to value 1
Gurobi Optimizer version 12.0.3 build v12.0.3rc0 (linux64 - "Ubuntu 24.04.4 LTS")

CPU model: Intel(R) Xeon(R) Gold 5218R CPU @ 2.10GHz, instruction set [SSE2|AVX|AVX2|AVX512]
Thread count: 40 physical cores, 40 logical processors, using up to 1 threads

Non-default parameters:
TimeLimit  6375.27438368788
Method  1
BarHomogeneous  1
Threads  1

Optimize a model with 770 rows, 197374 columns and 4852235 nonzeros
Coefficient statistics:
  Matrix range     [1e+00, 1e+00]
  Objective range  [1e+05, 5e+05]
  Bounds range     [0e+00, 0e+00]
  RHS range        [1e+00, 1e+00]
LP warm-start: use basis

Iteration    Objective       Primal Inf.    Dual Inf.      Time
       0   -1.8599303e+30   7.297375e+33   1.859930e+00      0s
     120    3.3013964e+06   0.000000e+00   0.000000e+00      2s

Solved in 120 iterations and 1.69 seconds (2.25 work units)
Optimal objective  3.301396363e+06
Set parameter TimeLimit to value 6.3549583098101430e+03
Set parameter Method to value 1
Gurobi Optimizer version 12.0.3 build v12.0.3rc0 (linux64 - "Ubuntu 24.04.4 LTS")

CPU model: Intel(R) Xeon(R) Gold 5218R CPU @ 2.10GHz, instruction set [SSE2|AVX|AVX2|AVX512]
Thread count: 40 physical cores, 40 logical processors, using up to 1 threads

Non-default parameters:
TimeLimit  6.3549583098101430e+03
Method  1
BarHomogeneous  1
Threads  1

Optimize a model with 770 rows, 197404 columns and 4852981 nonzeros
Coefficient statistics:
  Matrix range     [1e+00, 1e+00]
  Objective range  [1e+05, 5e+05]
  Bounds range     [0e+00, 0e+00]
  RHS range        [1e+00, 1e+00]
LP warm-start: use basis

Iteration    Objective       Primal Inf.    Dual Inf.      Time
       0   -1.0676758e+30   1.786227e+34   1.067675e+00      0s
      86    3.3013964e+06   0.000000e+00   0.000000e+00      1s

Solved in 86 iterations and 1.30 seconds (1.64 work units)
Optimal objective  3.301396363e+06
Set parameter TimeLimit to value 6.3366572046889924e+03
Set parameter Method to value 1
Gurobi Optimizer version 12.0.3 build v12.0.3rc0 (linux64 - "Ubuntu 24.04.4 LTS")

CPU model: Intel(R) Xeon(R) Gold 5218R CPU @ 2.10GHz, instruction set [SSE2|AVX|AVX2|AVX512]
Thread count: 40 physical cores, 40 logical processors, using up to 1 threads

Non-default parameters:
TimeLimit  6.3366572046889924e+03
Method  1
BarHomogeneous  1
Threads  1

Optimize a model with 770 rows, 197434 columns and 4853827 nonzeros
Coefficient statistics:
  Matrix range     [1e+00, 1e+00]
  Objective range  [1e+05, 5e+05]
  Bounds range     [0e+00, 0e+00]
  RHS range        [1e+00, 1e+00]
LP warm-start: use basis

Iteration    Objective       Primal Inf.    Dual Inf.      Time
       0   -9.7658827e+29   6.071348e+33   9.765883e-01      0s
     542   -2.4426540e+28   1.890658e+33   2.442727e-02      5s
    1058    3.3013964e+06   2.917022e+02   0.000000e+00     11s
    1520    3.3013964e+06   2.576533e+01   0.000000e+00     16s
    1992    3.3013964e+06   2.072222e+01   0.000000e+00     21s
    2462    3.3013964e+06   6.771265e+00   0.000000e+00     26s
    2655    3.3013964e+06   0.000000e+00   0.000000e+00     28s

Solved in 2655 iterations and 28.13 seconds (42.22 work units)
Optimal objective  3.301396362e+06
Set parameter TimeLimit to value 6.2880230895103887e+03
Set parameter Method to value 1
Gurobi Optimizer version 12.0.3 build v12.0.3rc0 (linux64 - "Ubuntu 24.04.4 LTS")

CPU model: Intel(R) Xeon(R) Gold 5218R CPU @ 2.10GHz, instruction set [SSE2|AVX|AVX2|AVX512]
Thread count: 40 physical cores, 40 logical processors, using up to 1 threads

Non-default parameters:
TimeLimit  6.2880230895103887e+03
Method  1
BarHomogeneous  1
Threads  1

Optimize a model with 770 rows, 197464 columns and 4854725 nonzeros
Coefficient statistics:
  Matrix range     [1e+00, 1e+00]
  Objective range  [1e+05, 5e+05]
  Bounds range     [0e+00, 0e+00]
  RHS range        [1e+00, 1e+00]
LP warm-start: use basis

Iteration    Objective       Primal Inf.    Dual Inf.      Time
       0   -1.1328513e+30   8.314911e+33   1.132851e+00      0s
     499   -2.1909104e+28   4.361172e+32   2.197476e-02      5s
    1067    3.3013964e+06   2.019345e+02   0.000000e+00     11s
    1423    3.3013964e+06   1.580170e+02   0.000000e+00     15s
    1899    3.3013964e+06   3.760524e+01   0.000000e+00     20s
    2240    3.3013964e+06   0.000000e+00   0.000000e+00     24s

Solved in 2240 iterations and 24.16 seconds (35.73 work units)
Optimal objective  3.301396360e+06
Set parameter TimeLimit to value 6.2430719235055149e+03
Set parameter Method to value 1
Gurobi Optimizer version 12.0.3 build v12.0.3rc0 (linux64 - "Ubuntu 24.04.4 LTS")

CPU model: Intel(R) Xeon(R) Gold 5218R CPU @ 2.10GHz, instruction set [SSE2|AVX|AVX2|AVX512]
Thread count: 40 physical cores, 40 logical processors, using up to 1 threads

Non-default parameters:
TimeLimit  6.2430719235055149e+03
Method  1
BarHomogeneous  1
Threads  1

Optimize a model with 770 rows, 197494 columns and 4855502 nonzeros
Coefficient statistics:
  Matrix range     [1e+00, 1e+00]
  Objective range  [1e+05, 5e+05]
  Bounds range     [0e+00, 0e+00]
  RHS range        [1e+00, 1e+00]
LP warm-start: use basis

Iteration    Objective       Primal Inf.    Dual Inf.      Time
       0   -1.8224689e+30   2.980502e+34   1.822470e+00      0s
     160    3.3013964e+06   0.000000e+00   0.000000e+00      2s

Solved in 160 iterations and 2.06 seconds (2.84 work units)
Optimal objective  3.301396360e+06
Set parameter TimeLimit to value 6.2239811875270680e+03
Set parameter Method to value 1
Gurobi Optimizer version 12.0.3 build v12.0.3rc0 (linux64 - "Ubuntu 24.04.4 LTS")

CPU model: Intel(R) Xeon(R) Gold 5218R CPU @ 2.10GHz, instruction set [SSE2|AVX|AVX2|AVX512]
Thread count: 40 physical cores, 40 logical processors, using up to 1 threads

Non-default parameters:
TimeLimit  6.2239811875270680e+03
Method  1
BarHomogeneous  1
Threads  1

Optimize a model with 770 rows, 197524 columns and 4856460 nonzeros
Coefficient statistics:
  Matrix range     [1e+00, 1e+00]
  Objective range  [1e+05, 5e+05]
  Bounds range     [0e+00, 0e+00]
  RHS range        [1e+00, 1e+00]
LP warm-start: use basis

Iteration    Objective       Primal Inf.    Dual Inf.      Time
       0   -1.1639239e+30   4.156560e+34   1.163923e+00      0s
      76    3.3013964e+06   0.000000e+00   0.000000e+00      1s

Solved in 76 iterations and 1.20 seconds (1.52 work units)
Optimal objective  3.301396360e+06
Set parameter TimeLimit to value 6.2053847799813375e+03
Set parameter Method to value 1
Gurobi Optimizer version 12.0.3 build v12.0.3rc0 (linux64 - "Ubuntu 24.04.4 LTS")

CPU model: Intel(R) Xeon(R) Gold 5218R CPU @ 2.10GHz, instruction set [SSE2|AVX|AVX2|AVX512]
Thread count: 40 physical cores, 40 logical processors, using up to 1 threads

Non-default parameters:
TimeLimit  6.2053847799813375e+03
Method  1
BarHomogeneous  1
Threads  1

Optimize a model with 770 rows, 197554 columns and 4857372 nonzeros
Coefficient statistics:
  Matrix range     [1e+00, 1e+00]
  Objective range  [1e+05, 5e+05]
  Bounds range     [0e+00, 0e+00]
  RHS range        [1e+00, 1e+00]
LP warm-start: use basis

Iteration    Objective       Primal Inf.    Dual Inf.      Time
       0   -1.0628183e+30   4.596863e+33   1.062818e+00      0s
     624   -2.4655403e+29   2.002058e+33   2.465571e-01      5s
    1097   -1.0739417e+29   6.612913e+33   1.075170e-01     10s
    1576   -2.8725595e+27   8.018475e+32   3.006299e-03     15s
Warning: Markowitz tolerance tightened to 0.03125
    2053    3.3013963e+06   6.393324e+02   0.000000e+00     21s
    2528    3.3013963e+06   1.913378e+02   0.000000e+00     26s
    3004    3.3013963e+06   1.738042e+02   0.000000e+00     31s
    3476    3.3013964e+06   6.067253e+01   0.000000e+00     36s
    3949    3.3013964e+06   5.739365e+01   0.000000e+00     41s
    4423    3.3013964e+06   6.168632e+01   0.000000e+00     46s
    4775    3.3013964e+06   9.664234e+00   0.000000e+00     50s
    5249    3.3013964e+06   1.952270e-03   0.000000e+00     55s
    5262    3.3013964e+06   0.000000e+00   0.000000e+00     56s

Solved in 5262 iterations and 55.64 seconds (83.21 work units)
Optimal objective  3.301396356e+06
Set parameter TimeLimit to value 6.1287304925569333e+03
Set parameter Method to value 1
Gurobi Optimizer version 12.0.3 build v12.0.3rc0 (linux64 - "Ubuntu 24.04.4 LTS")

CPU model: Intel(R) Xeon(R) Gold 5218R CPU @ 2.10GHz, instruction set [SSE2|AVX|AVX2|AVX512]
Thread count: 40 physical cores, 40 logical processors, using up to 1 threads

Non-default parameters:
TimeLimit  6.1287304925569333e+03
Method  1
BarHomogeneous  1
Threads  1

Optimize a model with 770 rows, 197584 columns and 4858037 nonzeros
Coefficient statistics:
  Matrix range     [1e+00, 1e+00]
  Objective range  [1e+05, 5e+05]
  Bounds range     [0e+00, 0e+00]
  RHS range        [1e+00, 1e+00]
LP warm-start: use basis

Iteration    Objective       Primal Inf.    Dual Inf.      Time
       0   -1.6675059e+30   1.128175e+34   1.667506e+00      0s
     160    3.3013964e+06   0.000000e+00   0.000000e+00      2s

Solved in 160 iterations and 2.17 seconds (3.13 work units)
Optimal objective  3.301396356e+06
Set parameter TimeLimit to value 6.1078744673039764e+03
Set parameter Method to value 1
Gurobi Optimizer version 12.0.3 build v12.0.3rc0 (linux64 - "Ubuntu 24.04.4 LTS")

CPU model: Intel(R) Xeon(R) Gold 5218R CPU @ 2.10GHz, instruction set [SSE2|AVX|AVX2|AVX512]
Thread count: 40 physical cores, 40 logical processors, using up to 1 threads

Non-default parameters:
TimeLimit  6.1078744673039764e+03
Method  1
BarHomogeneous  1
Threads  1

Optimize a model with 770 rows, 197614 columns and 4859008 nonzeros
Coefficient statistics:
  Matrix range     [1e+00, 1e+00]
  Objective range  [1e+05, 5e+05]
  Bounds range     [0e+00, 0e+00]
  RHS range        [1e+00, 1e+00]
LP warm-start: use basis

Iteration    Objective       Primal Inf.    Dual Inf.      Time
       0   -1.2173214e+30   1.154554e+34   1.217321e+00      0s
     464   -3.3968112e+27   1.015906e+33   3.411725e-03      5s
     991    3.3013963e+06   3.172514e+02   0.000000e+00     11s
    1461    3.3013964e+06   7.567916e+01   0.000000e+00     16s
    1927    3.3013964e+06   2.622912e+01   0.000000e+00     21s
    2237    3.3013964e+06   0.000000e+00   0.000000e+00     25s

Solved in 2237 iterations and 24.51 seconds (36.45 work units)
Optimal objective  3.301396355e+06
Set parameter TimeLimit to value 6.0623755617816932e+03
Set parameter Method to value 1
Gurobi Optimizer version 12.0.3 build v12.0.3rc0 (linux64 - "Ubuntu 24.04.4 LTS")

CPU model: Intel(R) Xeon(R) Gold 5218R CPU @ 2.10GHz, instruction set [SSE2|AVX|AVX2|AVX512]
Thread count: 40 physical cores, 40 logical processors, using up to 1 threads

Non-default parameters:
TimeLimit  6.0623755617816932e+03
Method  1
BarHomogeneous  1
Threads  1

Optimize a model with 770 rows, 197644 columns and 4859874 nonzeros
Coefficient statistics:
  Matrix range     [1e+00, 1e+00]
  Objective range  [1e+05, 5e+05]
  Bounds range     [0e+00, 0e+00]
  RHS range        [1e+00, 1e+00]
LP warm-start: use basis

Iteration    Objective       Primal Inf.    Dual Inf.      Time
       0   -1.2996084e+30   8.090649e+33   1.299608e+00      0s
     527   -3.9133297e+27   5.803717e+32   3.913767e-03      5s
    1038    3.3013963e+06   2.266640e+02   0.000000e+00     11s
    1508    3.3013964e+06   4.232371e+01   0.000000e+00     16s
    1986    3.3013964e+06   2.988841e+00   0.000000e+00     21s
    2204    3.3013964e+06   0.000000e+00   0.000000e+00     24s

Solved in 2204 iterations and 23.74 seconds (35.39 work units)
Optimal objective  3.301396354e+06
Set parameter TimeLimit to value 6.0195034279236570e+03
Set parameter Method to value 1
Gurobi Optimizer version 12.0.3 build v12.0.3rc0 (linux64 - "Ubuntu 24.04.4 LTS")

CPU model: Intel(R) Xeon(R) Gold 5218R CPU @ 2.10GHz, instruction set [SSE2|AVX|AVX2|AVX512]
Thread count: 40 physical cores, 40 logical processors, using up to 1 threads

Non-default parameters:
TimeLimit  6.0195034279236570e+03
Method  1
BarHomogeneous  1
Threads  1

Optimize a model with 770 rows, 197674 columns and 4860758 nonzeros
Coefficient statistics:
  Matrix range     [1e+00, 1e+00]
  Objective range  [1e+05, 5e+05]
  Bounds range     [0e+00, 0e+00]
  RHS range        [1e+00, 1e+00]
LP warm-start: use basis

Iteration    Objective       Primal Inf.    Dual Inf.      Time
       0   -1.1549353e+30   9.866082e+33   1.154936e+00      0s
     515   -1.8522194e+28   5.754412e+32   1.852223e-02      5s
    1056    3.3013963e+06   1.981996e+02   0.000000e+00     11s
    1411    3.3013963e+06   1.473736e+02   0.000000e+00     15s
    1883    3.3013964e+06   2.877821e+01   0.000000e+00     20s
    2355    3.3013964e+06   4.781788e+00   0.000000e+00     26s
    2658    3.3013964e+06   0.000000e+00   0.000000e+00     29s

Solved in 2658 iterations and 28.91 seconds (43.17 work units)
Optimal objective  3.301396353e+06
Set parameter TimeLimit to value 5.9718060326669365e+03
Set parameter Method to value 1
Gurobi Optimizer version 12.0.3 build v12.0.3rc0 (linux64 - "Ubuntu 24.04.4 LTS")

CPU model: Intel(R) Xeon(R) Gold 5218R CPU @ 2.10GHz, instruction set [SSE2|AVX|AVX2|AVX512]
Thread count: 40 physical cores, 40 logical processors, using up to 1 threads

Non-default parameters:
TimeLimit  5.9718060326669365e+03
Method  1
BarHomogeneous  1
Threads  1

Optimize a model with 770 rows, 197704 columns and 4861635 nonzeros
Coefficient statistics:
  Matrix range     [1e+00, 1e+00]
  Objective range  [1e+05, 5e+05]
  Bounds range     [0e+00, 0e+00]
  RHS range        [1e+00, 1e+00]
LP warm-start: use basis

Iteration    Objective       Primal Inf.    Dual Inf.      Time
       0   -1.2716189e+30   1.050331e+34   1.271619e+00      0s
     113    3.3013964e+06   0.000000e+00   0.000000e+00      2s

Solved in 113 iterations and 1.60 seconds (2.13 work units)
Optimal objective  3.301396353e+06
Set parameter TimeLimit to value 5.9515686775948852e+03
Set parameter Method to value 1
Gurobi Optimizer version 12.0.3 build v12.0.3rc0 (linux64 - "Ubuntu 24.04.4 LTS")

CPU model: Intel(R) Xeon(R) Gold 5218R CPU @ 2.10GHz, instruction set [SSE2|AVX|AVX2|AVX512]
Thread count: 40 physical cores, 40 logical processors, using up to 1 threads

Non-default parameters:
TimeLimit  5.9515686775948852e+03
Method  1
BarHomogeneous  1
Threads  1

Optimize a model with 770 rows, 197734 columns and 4862568 nonzeros
Coefficient statistics:
  Matrix range     [1e+00, 1e+00]
  Objective range  [1e+05, 5e+05]
  Bounds range     [0e+00, 0e+00]
  RHS range        [1e+00, 1e+00]
LP warm-start: use basis

Iteration    Objective       Primal Inf.    Dual Inf.      Time
       0   -1.1502690e+30   7.692358e+33   1.150269e+00      0s
     519   -3.5630160e+28   2.577965e+33   3.563491e-02      5s
    1076    3.3013963e+06   4.214222e+02   0.000000e+00     11s
    1429    3.3013963e+06   3.067854e+02   0.000000e+00     15s
    1901    3.3013963e+06   7.639737e+01   0.000000e+00     20s
    2373    3.3013963e+06   4.616480e+01   0.000000e+00     25s
    2848    3.3013963e+06   1.465786e+01   0.000000e+00     31s
    3321    3.3013964e+06   7.278744e+00   0.000000e+00     36s
    3666    3.3013964e+06   0.000000e+00   0.000000e+00     40s

Solved in 3666 iterations and 39.52 seconds (59.02 work units)
Optimal objective  3.301396350e+06
Set parameter TimeLimit to value 5.8911196597707458e+03
Set parameter Method to value 1
Gurobi Optimizer version 12.0.3 build v12.0.3rc0 (linux64 - "Ubuntu 24.04.4 LTS")

CPU model: Intel(R) Xeon(R) Gold 5218R CPU @ 2.10GHz, instruction set [SSE2|AVX|AVX2|AVX512]
Thread count: 40 physical cores, 40 logical processors, using up to 1 threads

Non-default parameters:
TimeLimit  5.8911196597707458e+03
Method  1
BarHomogeneous  1
Threads  1

Optimize a model with 770 rows, 197764 columns and 4863433 nonzeros
Coefficient statistics:
  Matrix range     [1e+00, 1e+00]
  Objective range  [1e+05, 5e+05]
  Bounds range     [0e+00, 0e+00]
  RHS range        [1e+00, 1e+00]
LP warm-start: use basis

Iteration    Objective       Primal Inf.    Dual Inf.      Time
       0   -1.1017465e+30   5.624645e+33   1.101747e+00      0s
     116    3.3013964e+06   0.000000e+00   0.000000e+00      2s

Solved in 116 iterations and 1.65 seconds (2.19 work units)
Optimal objective  3.301396350e+06
Set parameter TimeLimit to value 5.8723534104581922e+03
Set parameter Method to value 1
Gurobi Optimizer version 12.0.3 build v12.0.3rc0 (linux64 - "Ubuntu 24.04.4 LTS")

CPU model: Intel(R) Xeon(R) Gold 5218R CPU @ 2.10GHz, instruction set [SSE2|AVX|AVX2|AVX512]
Thread count: 40 physical cores, 40 logical processors, using up to 1 threads

Non-default parameters:
TimeLimit  5.8723534104581922e+03
Method  1
BarHomogeneous  1
Threads  1

Optimize a model with 770 rows, 197794 columns and 4864389 nonzeros
Coefficient statistics:
  Matrix range     [1e+00, 1e+00]
  Objective range  [1e+05, 5e+05]
  Bounds range     [0e+00, 0e+00]
  RHS range        [1e+00, 1e+00]
LP warm-start: use basis

Iteration    Objective       Primal Inf.    Dual Inf.      Time
       0   -9.7855983e+29   6.012918e+33   9.785599e-01      0s
     623   -6.5158427e+28   2.118550e+33   6.524569e-02      5s
    1153   -8.9462160e+27   7.594082e+32   9.153411e-03     11s
    1631    3.3013963e+06   6.392613e+02   0.000000e+00     16s
    2105    3.3013963e+06   3.949357e+02   0.000000e+00     21s
    2578    3.3013963e+06   1.180074e+02   0.000000e+00     26s
    2932    3.3013963e+06   1.836616e+01   0.000000e+00     30s
    3400    3.3013963e+06   1.217714e+01   0.000000e+00     35s
    3695    3.3013963e+06   0.000000e+00   0.000000e+00     39s

Solved in 3695 iterations and 38.61 seconds (57.58 work units)
Optimal objective  3.301396349e+06
Set parameter TimeLimit to value 5.8131203605406918e+03
Set parameter Method to value 1
Gurobi Optimizer version 12.0.3 build v12.0.3rc0 (linux64 - "Ubuntu 24.04.4 LTS")

CPU model: Intel(R) Xeon(R) Gold 5218R CPU @ 2.10GHz, instruction set [SSE2|AVX|AVX2|AVX512]
Thread count: 40 physical cores, 40 logical processors, using up to 1 threads

Non-default parameters:
TimeLimit  5.8131203605406918e+03
Method  1
BarHomogeneous  1
Threads  1

Optimize a model with 770 rows, 197824 columns and 4865359 nonzeros
Coefficient statistics:
  Matrix range     [1e+00, 1e+00]
  Objective range  [1e+05, 5e+05]
  Bounds range     [0e+00, 0e+00]
  RHS range        [1e+00, 1e+00]
LP warm-start: use basis

Iteration    Objective       Primal Inf.    Dual Inf.      Time
       0   -1.0475275e+30   8.749219e+33   1.047527e+00      0s
     130    3.3013963e+06   0.000000e+00   0.000000e+00      2s

Solved in 130 iterations and 1.86 seconds (2.47 work units)
Optimal objective  3.301396349e+06
Set parameter TimeLimit to value 5.7930442507667467e+03
Set parameter Method to value 1
Gurobi Optimizer version 12.0.3 build v12.0.3rc0 (linux64 - "Ubuntu 24.04.4 LTS")

CPU model: Intel(R) Xeon(R) Gold 5218R CPU @ 2.10GHz, instruction set [SSE2|AVX|AVX2|AVX512]
Thread count: 40 physical cores, 40 logical processors, using up to 1 threads

Non-default parameters:
TimeLimit  5.7930442507667467e+03
Method  1
BarHomogeneous  1
Threads  1

Optimize a model with 770 rows, 197854 columns and 4866310 nonzeros
Coefficient statistics:
  Matrix range     [1e+00, 1e+00]
  Objective range  [1e+05, 5e+05]
  Bounds range     [0e+00, 0e+00]
  RHS range        [1e+00, 1e+00]
LP warm-start: use basis

Iteration    Objective       Primal Inf.    Dual Inf.      Time
       0   -9.5287581e+29   5.159161e+33   9.528763e-01      0s
     516   -1.1323777e+28   9.930092e+32   1.132447e-02      5s
    1014    3.3013963e+06   3.026122e+03   0.000000e+00     11s
    1484    3.3013963e+06   2.869707e+02   0.000000e+00     16s
    1955    3.3013963e+06   9.156451e+01   0.000000e+00     21s
    2426    3.3013963e+06   9.341301e+00   0.000000e+00     26s
    2783    3.3013963e+06   6.454495e-01   0.000000e+00     30s
    3032    3.3013963e+06   0.000000e+00   0.000000e+00     33s

Solved in 3032 iterations and 32.94 seconds (48.99 work units)
Optimal objective  3.301396348e+06
Set parameter TimeLimit to value 5.7389477831427939e+03
Set parameter Method to value 1
Gurobi Optimizer version 12.0.3 build v12.0.3rc0 (linux64 - "Ubuntu 24.04.4 LTS")

CPU model: Intel(R) Xeon(R) Gold 5218R CPU @ 2.10GHz, instruction set [SSE2|AVX|AVX2|AVX512]
Thread count: 40 physical cores, 40 logical processors, using up to 1 threads

Non-default parameters:
TimeLimit  5.7389477831427939e+03
Method  1
BarHomogeneous  1
Threads  1

Optimize a model with 770 rows, 197884 columns and 4867261 nonzeros
Coefficient statistics:
  Matrix range     [1e+00, 1e+00]
  Objective range  [1e+05, 5e+05]
  Bounds range     [0e+00, 0e+00]
  RHS range        [1e+00, 1e+00]
LP warm-start: use basis

Iteration    Objective       Primal Inf.    Dual Inf.      Time
       0   -1.2144263e+30   7.215054e+33   1.214426e+00      0s
      52    3.3013963e+06   0.000000e+00   0.000000e+00      1s

Solved in 52 iterations and 0.89 seconds (1.07 work units)
Optimal objective  3.301396348e+06
Set parameter TimeLimit to value 5.7192490035719238e+03
Set parameter Method to value 1
Gurobi Optimizer version 12.0.3 build v12.0.3rc0 (linux64 - "Ubuntu 24.04.4 LTS")

CPU model: Intel(R) Xeon(R) Gold 5218R CPU @ 2.10GHz, instruction set [SSE2|AVX|AVX2|AVX512]
Thread count: 40 physical cores, 40 logical processors, using up to 1 threads

Non-default parameters:
TimeLimit  5.7192490035719238e+03
Method  1
BarHomogeneous  1
Threads  1

Optimize a model with 770 rows, 197914 columns and 4868258 nonzeros
Coefficient statistics:
  Matrix range     [1e+00, 1e+00]
  Objective range  [1e+05, 5e+05]
  Bounds range     [0e+00, 0e+00]
  RHS range        [1e+00, 1e+00]
LP warm-start: use basis

Iteration    Objective       Primal Inf.    Dual Inf.      Time
       0   -1.0928663e+30   6.716997e+33   1.092866e+00      0s
     639   -5.5440062e+28   1.753780e+33   5.550534e-02      6s
    1136   -3.1842800e+27   8.248361e+32   3.354472e-03     11s
    1609    3.3013963e+06   3.079758e+01   0.000000e+00     16s
    2080    3.3013963e+06   1.959019e+01   0.000000e+00     21s
    2435    3.3013963e+06   2.843183e+01   0.000000e+00     25s
    2912    3.3013963e+06   1.009305e+01   0.000000e+00     30s
    3235    3.3013963e+06   0.000000e+00   0.000000e+00     34s

Solved in 3235 iterations and 33.91 seconds (50.57 work units)
Optimal objective  3.301396347e+06
Set parameter TimeLimit to value 5.6645670445244759e+03
Set parameter Method to value 1
Gurobi Optimizer version 12.0.3 build v12.0.3rc0 (linux64 - "Ubuntu 24.04.4 LTS")

CPU model: Intel(R) Xeon(R) Gold 5218R CPU @ 2.10GHz, instruction set [SSE2|AVX|AVX2|AVX512]
Thread count: 40 physical cores, 40 logical processors, using up to 1 threads

Non-default parameters:
TimeLimit  5.6645670445244759e+03
Method  1
BarHomogeneous  1
Threads  1

Optimize a model with 770 rows, 197944 columns and 4869099 nonzeros
Coefficient statistics:
  Matrix range     [1e+00, 1e+00]
  Objective range  [1e+05, 5e+05]
  Bounds range     [0e+00, 0e+00]
  RHS range        [1e+00, 1e+00]
LP warm-start: use basis

Iteration    Objective       Primal Inf.    Dual Inf.      Time
       0   -1.1048945e+30   7.090654e+33   1.104894e+00      0s
      30    3.3013963e+06   0.000000e+00   0.000000e+00      1s

Solved in 30 iterations and 0.63 seconds (0.69 work units)
Optimal objective  3.301396347e+06
Set parameter TimeLimit to value 5.6468537167841569e+03
Set parameter Method to value 1
Gurobi Optimizer version 12.0.3 build v12.0.3rc0 (linux64 - "Ubuntu 24.04.4 LTS")

CPU model: Intel(R) Xeon(R) Gold 5218R CPU @ 2.10GHz, instruction set [SSE2|AVX|AVX2|AVX512]
Thread count: 40 physical cores, 40 logical processors, using up to 1 threads

Non-default parameters:
TimeLimit  5.6468537167841569e+03
Method  1
BarHomogeneous  1
Threads  1

Optimize a model with 770 rows, 197974 columns and 4869981 nonzeros
Coefficient statistics:
  Matrix range     [1e+00, 1e+00]
  Objective range  [1e+05, 5e+05]
  Bounds range     [0e+00, 0e+00]
  RHS range        [1e+00, 1e+00]
LP warm-start: use basis

Iteration    Objective       Primal Inf.    Dual Inf.      Time
       0   -9.5643884e+29   1.583060e+34   9.564388e-01      0s
     574   -5.2323262e+27   7.872404e+32   5.236989e-03      6s
    1066    3.3013963e+06   8.733717e+02   0.000000e+00     11s
    1420    3.3013963e+06   4.375908e+01   0.000000e+00     15s
    1897    3.3013963e+06   4.873111e+00   0.000000e+00     20s
    2372    3.3013963e+06   1.339883e-01   0.000000e+00     26s
    2461    3.3013963e+06   0.000000e+00   0.000000e+00     27s

Solved in 2461 iterations and 26.70 seconds (39.62 work units)
Optimal objective  3.301396347e+06
Set parameter TimeLimit to value 5.5994209695924073e+03
Set parameter Method to value 1
Gurobi Optimizer version 12.0.3 build v12.0.3rc0 (linux64 - "Ubuntu 24.04.4 LTS")

CPU model: Intel(R) Xeon(R) Gold 5218R CPU @ 2.10GHz, instruction set [SSE2|AVX|AVX2|AVX512]
Thread count: 40 physical cores, 40 logical processors, using up to 1 threads

Non-default parameters:
TimeLimit  5.5994209695924073e+03
Method  1
BarHomogeneous  1
Threads  1

Optimize a model with 770 rows, 198004 columns and 4870924 nonzeros
Coefficient statistics:
  Matrix range     [1e+00, 1e+00]
  Objective range  [1e+05, 5e+05]
  Bounds range     [0e+00, 0e+00]
  RHS range        [1e+00, 1e+00]
LP warm-start: use basis

Iteration    Objective       Primal Inf.    Dual Inf.      Time
       0   -1.0699180e+30   1.303450e+34   1.069919e+00      0s
      95    3.3013963e+06   0.000000e+00   0.000000e+00      2s

Solved in 95 iterations and 1.53 seconds (2.09 work units)
Optimal objective  3.301396347e+06
Set parameter TimeLimit to value 5.5807039450625889e+03
Set parameter Method to value 1
Gurobi Optimizer version 12.0.3 build v12.0.3rc0 (linux64 - "Ubuntu 24.04.4 LTS")

CPU model: Intel(R) Xeon(R) Gold 5218R CPU @ 2.10GHz, instruction set [SSE2|AVX|AVX2|AVX512]
Thread count: 40 physical cores, 40 logical processors, using up to 1 threads

Non-default parameters:
TimeLimit  5.5807039450625889e+03
Method  1
BarHomogeneous  1
Threads  1

Optimize a model with 770 rows, 198034 columns and 4871825 nonzeros
Coefficient statistics:
  Matrix range     [1e+00, 1e+00]
  Objective range  [1e+05, 5e+05]
  Bounds range     [0e+00, 0e+00]
  RHS range        [1e+00, 1e+00]
LP warm-start: use basis

Iteration    Objective       Primal Inf.    Dual Inf.      Time
       0   -9.1842866e+29   6.463306e+33   9.184286e-01      0s
     588   -6.7226038e+28   8.642872e+32   6.722621e-02      5s
    1148   -1.1119417e+27   9.172802e+32   1.113417e-03     11s
    1504    3.3013963e+06   8.913471e+02   0.000000e+00     15s
    1969    3.3013963e+06   9.982192e+01   0.000000e+00     20s
    2446    3.3013963e+06   3.036393e+01   0.000000e+00     26s
    2917    3.3013963e+06   1.083656e+01   0.000000e+00     31s
    3392    3.3013963e+06   5.532361e+00   0.000000e+00     36s
    3664    3.3013963e+06   0.000000e+00   0.000000e+00     39s

Solved in 3664 iterations and 39.10 seconds (57.79 work units)
Optimal objective  3.301396345e+06
Set parameter TimeLimit to value 5.5206703226375394e+03
Set parameter Method to value 1
Gurobi Optimizer version 12.0.3 build v12.0.3rc0 (linux64 - "Ubuntu 24.04.4 LTS")

CPU model: Intel(R) Xeon(R) Gold 5218R CPU @ 2.10GHz, instruction set [SSE2|AVX|AVX2|AVX512]
Thread count: 40 physical cores, 40 logical processors, using up to 1 threads

Non-default parameters:
TimeLimit  5.5206703226375394e+03
Method  1
BarHomogeneous  1
Threads  1

Optimize a model with 770 rows, 198064 columns and 4872645 nonzeros
Coefficient statistics:
  Matrix range     [1e+00, 1e+00]
  Objective range  [1e+05, 5e+05]
  Bounds range     [0e+00, 0e+00]
  RHS range        [1e+00, 1e+00]
LP warm-start: use basis

Iteration    Objective       Primal Inf.    Dual Inf.      Time
       0   -1.9833691e+30   4.145459e+34   1.983371e+00      0s
      54    3.3013963e+06   0.000000e+00   0.000000e+00      1s

Solved in 54 iterations and 0.89 seconds (1.08 work units)
Optimal objective  3.301396345e+06
Set parameter TimeLimit to value 5.5015535981752910e+03
Set parameter Method to value 1
Gurobi Optimizer version 12.0.3 build v12.0.3rc0 (linux64 - "Ubuntu 24.04.4 LTS")

CPU model: Intel(R) Xeon(R) Gold 5218R CPU @ 2.10GHz, instruction set [SSE2|AVX|AVX2|AVX512]
Thread count: 40 physical cores, 40 logical processors, using up to 1 threads

Non-default parameters:
TimeLimit  5.5015535981752910e+03
Method  1
BarHomogeneous  1
Threads  1

Optimize a model with 770 rows, 198094 columns and 4873618 nonzeros
Coefficient statistics:
  Matrix range     [1e+00, 1e+00]
  Objective range  [1e+05, 5e+05]
  Bounds range     [0e+00, 0e+00]
  RHS range        [1e+00, 1e+00]
LP warm-start: use basis

Iteration    Objective       Primal Inf.    Dual Inf.      Time
       0   -1.6572058e+30   2.466533e+34   1.657206e+00      0s
      51    3.3013963e+06   0.000000e+00   0.000000e+00      1s

Solved in 51 iterations and 0.86 seconds (1.08 work units)
Optimal objective  3.301396345e+06
Set parameter TimeLimit to value 5.4827000324823894e+03
Set parameter Method to value 1
Gurobi Optimizer version 12.0.3 build v12.0.3rc0 (linux64 - "Ubuntu 24.04.4 LTS")

CPU model: Intel(R) Xeon(R) Gold 5218R CPU @ 2.10GHz, instruction set [SSE2|AVX|AVX2|AVX512]
Thread count: 40 physical cores, 40 logical processors, using up to 1 threads

Non-default parameters:
TimeLimit  5.4827000324823894e+03
Method  1
BarHomogeneous  1
Threads  1

Optimize a model with 770 rows, 198124 columns and 4874429 nonzeros
Coefficient statistics:
  Matrix range     [1e+00, 1e+00]
  Objective range  [1e+05, 5e+05]
  Bounds range     [0e+00, 0e+00]
  RHS range        [1e+00, 1e+00]
LP warm-start: use basis

Iteration    Objective       Primal Inf.    Dual Inf.      Time
       0   -1.1354100e+30   1.515992e+34   1.135410e+00      0s
     281    3.3013963e+06   0.000000e+00   0.000000e+00      3s

Solved in 281 iterations and 3.41 seconds (4.88 work units)
Optimal objective  3.301396345e+06
Set parameter TimeLimit to value 5.4605709904329851e+03
Set parameter Method to value 1
Gurobi Optimizer version 12.0.3 build v12.0.3rc0 (linux64 - "Ubuntu 24.04.4 LTS")

CPU model: Intel(R) Xeon(R) Gold 5218R CPU @ 2.10GHz, instruction set [SSE2|AVX|AVX2|AVX512]
Thread count: 40 physical cores, 40 logical processors, using up to 1 threads

Non-default parameters:
TimeLimit  5.4605709904329851e+03
Method  1
BarHomogeneous  1
Threads  1

Optimize a model with 770 rows, 198154 columns and 4875487 nonzeros
Coefficient statistics:
  Matrix range     [1e+00, 1e+00]
  Objective range  [1e+05, 5e+05]
  Bounds range     [0e+00, 0e+00]
  RHS range        [1e+00, 1e+00]
LP warm-start: use basis

Iteration    Objective       Primal Inf.    Dual Inf.      Time
       0   -9.1841209e+29   2.169087e+34   9.184118e-01      0s
     158    3.3013963e+06   0.000000e+00   0.000000e+00      2s

Solved in 158 iterations and 2.13 seconds (2.87 work units)
Optimal objective  3.301396345e+06
Set parameter TimeLimit to value 5.4410633668303490e+03
Set parameter Method to value 1
Gurobi Optimizer version 12.0.3 build v12.0.3rc0 (linux64 - "Ubuntu 24.04.4 LTS")

CPU model: Intel(R) Xeon(R) Gold 5218R CPU @ 2.10GHz, instruction set [SSE2|AVX|AVX2|AVX512]
Thread count: 40 physical cores, 40 logical processors, using up to 1 threads

Non-default parameters:
TimeLimit  5.4410633668303490e+03
Method  1
BarHomogeneous  1
Threads  1

Optimize a model with 770 rows, 198184 columns and 4876535 nonzeros
Coefficient statistics:
  Matrix range     [1e+00, 1e+00]
  Objective range  [1e+05, 5e+05]
  Bounds range     [0e+00, 0e+00]
  RHS range        [1e+00, 1e+00]
LP warm-start: use basis

Iteration    Objective       Primal Inf.    Dual Inf.      Time
       0   -8.8101796e+29   1.353369e+34   8.810181e-01      0s
     585   -3.6276024e+28   5.073247e+33   3.632998e-02      5s
    1064    3.3013963e+06   3.697836e+02   0.000000e+00     11s
    1541    3.3013963e+06   4.847654e+01   0.000000e+00     16s
    2015    3.3013963e+06   8.770081e+01   0.000000e+00     21s
    2490    3.3013963e+06   4.459862e+00   0.000000e+00     26s
    2641    3.3013963e+06   0.000000e+00   0.000000e+00     28s

Solved in 2641 iterations and 28.04 seconds (41.48 work units)
Optimal objective  3.301396344e+06
Set parameter TimeLimit to value 5.3929078970504925e+03
Set parameter Method to value 1
Gurobi Optimizer version 12.0.3 build v12.0.3rc0 (linux64 - "Ubuntu 24.04.4 LTS")

CPU model: Intel(R) Xeon(R) Gold 5218R CPU @ 2.10GHz, instruction set [SSE2|AVX|AVX2|AVX512]
Thread count: 40 physical cores, 40 logical processors, using up to 1 threads

Non-default parameters:
TimeLimit  5.3929078970504925e+03
Method  1
BarHomogeneous  1
Threads  1

Optimize a model with 770 rows, 198214 columns and 4877468 nonzeros
Coefficient statistics:
  Matrix range     [1e+00, 1e+00]
  Objective range  [1e+05, 5e+05]
  Bounds range     [0e+00, 0e+00]
  RHS range        [1e+00, 1e+00]
LP warm-start: use basis

Iteration    Objective       Primal Inf.    Dual Inf.      Time
       0   -8.0457981e+29   1.091343e+34   8.045799e-01      0s
     438    3.3013963e+06   0.000000e+00   0.000000e+00      5s

Solved in 438 iterations and 5.22 seconds (7.40 work units)
Optimal objective  3.301396344e+06
Set parameter TimeLimit to value 5.3688513034204952e+03
Set parameter Method to value 1
Gurobi Optimizer version 12.0.3 build v12.0.3rc0 (linux64 - "Ubuntu 24.04.4 LTS")

CPU model: Intel(R) Xeon(R) Gold 5218R CPU @ 2.10GHz, instruction set [SSE2|AVX|AVX2|AVX512]
Thread count: 40 physical cores, 40 logical processors, using up to 1 threads

Non-default parameters:
TimeLimit  5.3688513034204952e+03
Method  1
BarHomogeneous  1
Threads  1

Optimize a model with 770 rows, 198244 columns and 4878396 nonzeros
Coefficient statistics:
  Matrix range     [1e+00, 1e+00]
  Objective range  [1e+05, 5e+05]
  Bounds range     [0e+00, 0e+00]
  RHS range        [1e+00, 1e+00]
LP warm-start: use basis

Iteration    Objective       Primal Inf.    Dual Inf.      Time
       0   -7.3246480e+29   6.486042e+33   7.324649e-01      0s
     590   -1.3842112e+29   1.299650e+33   1.384214e-01      5s
    1152   -3.3188163e+27   4.992741e+32   3.323888e-03     11s
    1516    3.3013963e+06   1.607773e+03   0.000000e+00     15s
    1987    3.3013963e+06   3.956666e+02   0.000000e+00     20s
    2458    3.3013963e+06   7.811683e+01   0.000000e+00     26s
    2930    3.3013963e+06   1.243624e+02   0.000000e+00     31s
    3402    3.3013963e+06   1.475835e+01   0.000000e+00     36s
    3849    3.3013963e+06   0.000000e+00   0.000000e+00     41s

Solved in 3849 iterations and 40.96 seconds (60.84 work units)
Optimal objective  3.301396343e+06
Set parameter TimeLimit to value 5.3079837539205328e+03
Set parameter Method to value 1
Gurobi Optimizer version 12.0.3 build v12.0.3rc0 (linux64 - "Ubuntu 24.04.4 LTS")

CPU model: Intel(R) Xeon(R) Gold 5218R CPU @ 2.10GHz, instruction set [SSE2|AVX|AVX2|AVX512]
Thread count: 40 physical cores, 40 logical processors, using up to 1 threads

Non-default parameters:
TimeLimit  5.3079837539205328e+03
Method  1
BarHomogeneous  1
Threads  1

Optimize a model with 770 rows, 198274 columns and 4879300 nonzeros
Coefficient statistics:
  Matrix range     [1e+00, 1e+00]
  Objective range  [1e+05, 5e+05]
  Bounds range     [0e+00, 0e+00]
  RHS range        [1e+00, 1e+00]
LP warm-start: use basis

Iteration    Objective       Primal Inf.    Dual Inf.      Time
       0   -8.5767162e+29   8.478548e+33   8.576719e-01      0s
     534   -1.7998140e+27   1.725831e+33   1.801063e-03      5s
    1046    3.3013963e+06   1.017282e+02   0.000000e+00     11s
    1524    3.3013963e+06   1.058386e+01   0.000000e+00     16s
    1884    3.3013963e+06   5.952542e-01   0.000000e+00     20s
    1999    3.3013963e+06   0.000000e+00   0.000000e+00     22s

Solved in 1999 iterations and 21.57 seconds (32.08 work units)
Optimal objective  3.301396342e+06
Set parameter TimeLimit to value 5.2665186096802354e+03
Set parameter Method to value 1
Gurobi Optimizer version 12.0.3 build v12.0.3rc0 (linux64 - "Ubuntu 24.04.4 LTS")

CPU model: Intel(R) Xeon(R) Gold 5218R CPU @ 2.10GHz, instruction set [SSE2|AVX|AVX2|AVX512]
Thread count: 40 physical cores, 40 logical processors, using up to 1 threads

Non-default parameters:
TimeLimit  5.2665186096802354e+03
Method  1
BarHomogeneous  1
Threads  1

Optimize a model with 770 rows, 198304 columns and 4880178 nonzeros
Coefficient statistics:
  Matrix range     [1e+00, 1e+00]
  Objective range  [1e+05, 5e+05]
  Bounds range     [0e+00, 0e+00]
  RHS range        [1e+00, 1e+00]
LP warm-start: use basis

Iteration    Objective       Primal Inf.    Dual Inf.      Time
       0   -8.3831759e+29   2.047822e+34   8.383175e-01      0s
     144    3.3013963e+06   0.000000e+00   0.000000e+00      2s

Solved in 144 iterations and 1.93 seconds (2.61 work units)
Optimal objective  3.301396342e+06
Set parameter TimeLimit to value 5.2467497869231738e+03
Set parameter Method to value 1
Gurobi Optimizer version 12.0.3 build v12.0.3rc0 (linux64 - "Ubuntu 24.04.4 LTS")

CPU model: Intel(R) Xeon(R) Gold 5218R CPU @ 2.10GHz, instruction set [SSE2|AVX|AVX2|AVX512]
Thread count: 40 physical cores, 40 logical processors, using up to 1 threads

Non-default parameters:
TimeLimit  5.2467497869231738e+03
Method  1
BarHomogeneous  1
Threads  1

Optimize a model with 770 rows, 198334 columns and 4881137 nonzeros
Coefficient statistics:
  Matrix range     [1e+00, 1e+00]
  Objective range  [1e+05, 5e+05]
  Bounds range     [0e+00, 0e+00]
  RHS range        [1e+00, 1e+00]
LP warm-start: use basis

Iteration    Objective       Primal Inf.    Dual Inf.      Time
       0   -7.6577755e+29   1.032580e+34   7.657774e-01      0s
     523   -5.1951146e+26   3.066641e+32   5.195094e-04      5s
     987    3.3013963e+06   8.769577e+01   0.000000e+00     10s
    1458    3.3013963e+06   1.922995e+01   0.000000e+00     16s
    1930    3.3013963e+06   6.699927e+00   0.000000e+00     21s
    2223    3.3013963e+06   0.000000e+00   0.000000e+00     24s

Solved in 2223 iterations and 24.23 seconds (35.89 work units)
Optimal objective  3.301396342e+06
Set parameter TimeLimit to value 5.2026817516740412e+03
Set parameter Method to value 1
Gurobi Optimizer version 12.0.3 build v12.0.3rc0 (linux64 - "Ubuntu 24.04.4 LTS")

CPU model: Intel(R) Xeon(R) Gold 5218R CPU @ 2.10GHz, instruction set [SSE2|AVX|AVX2|AVX512]
Thread count: 40 physical cores, 40 logical processors, using up to 1 threads

Non-default parameters:
TimeLimit  5.2026817516740412e+03
Method  1
BarHomogeneous  1
Threads  1

Optimize a model with 770 rows, 198364 columns and 4881967 nonzeros
Coefficient statistics:
  Matrix range     [1e+00, 1e+00]
  Objective range  [1e+05, 5e+05]
  Bounds range     [0e+00, 0e+00]
  RHS range        [1e+00, 1e+00]
LP warm-start: use basis

Iteration    Objective       Primal Inf.    Dual Inf.      Time
       0   -9.9373220e+29   7.773898e+33   9.937326e-01      0s
      60    3.3013963e+06   0.000000e+00   0.000000e+00      1s

Solved in 60 iterations and 1.00 seconds (1.22 work units)
Optimal objective  3.301396342e+06
Set parameter TimeLimit to value 5.1845131261697970e+03
Set parameter Method to value 1
Gurobi Optimizer version 12.0.3 build v12.0.3rc0 (linux64 - "Ubuntu 24.04.4 LTS")

CPU model: Intel(R) Xeon(R) Gold 5218R CPU @ 2.10GHz, instruction set [SSE2|AVX|AVX2|AVX512]
Thread count: 40 physical cores, 40 logical processors, using up to 1 threads

Non-default parameters:
TimeLimit  5.1845131261697970e+03
Method  1
BarHomogeneous  1
Threads  1

Optimize a model with 770 rows, 198394 columns and 4882822 nonzeros
Coefficient statistics:
  Matrix range     [1e+00, 1e+00]
  Objective range  [1e+05, 5e+05]
  Bounds range     [0e+00, 0e+00]
  RHS range        [1e+00, 1e+00]
LP warm-start: use basis

Iteration    Objective       Primal Inf.    Dual Inf.      Time
       0   -8.0225674e+29   1.071636e+34   8.022570e-01      0s
     579   -9.8977614e+28   1.430684e+33   9.902952e-02      5s
    1155   -4.7381862e+27   4.448641e+33   4.958081e-03     11s
    1512    3.3013963e+06   4.929332e+02   0.000000e+00     15s
    1985    3.3013963e+06   3.090961e+02   0.000000e+00     21s
    2448    3.3013963e+06   2.565232e+02   0.000000e+00     26s
    2919    3.3013963e+06   4.009989e+01   0.000000e+00     31s
    3275    3.3013963e+06   1.771667e+01   0.000000e+00     35s
    3748    3.3013963e+06   6.399772e+00   0.000000e+00     41s
    4225    3.3013963e+06   1.082461e+00   0.000000e+00     46s
    4362    3.3013963e+06   0.000000e+00   0.000000e+00     48s

Solved in 4362 iterations and 47.61 seconds (69.60 work units)
Optimal objective  3.301396340e+06
Set parameter TimeLimit to value 5.1161338319219649e+03
Set parameter Method to value 1
Gurobi Optimizer version 12.0.3 build v12.0.3rc0 (linux64 - "Ubuntu 24.04.4 LTS")

CPU model: Intel(R) Xeon(R) Gold 5218R CPU @ 2.10GHz, instruction set [SSE2|AVX|AVX2|AVX512]
Thread count: 40 physical cores, 40 logical processors, using up to 1 threads

Non-default parameters:
TimeLimit  5.1161338319219649e+03
Method  1
BarHomogeneous  1
Threads  1

Optimize a model with 770 rows, 198424 columns and 4883765 nonzeros
Coefficient statistics:
  Matrix range     [1e+00, 1e+00]
  Objective range  [1e+05, 5e+05]
  Bounds range     [0e+00, 0e+00]
  RHS range        [1e+00, 1e+00]
LP warm-start: use basis

Iteration    Objective       Primal Inf.    Dual Inf.      Time
       0   -9.0009714e+29   1.629967e+34   9.000971e-01      0s
     119    3.3013963e+06   0.000000e+00   0.000000e+00      2s

Solved in 119 iterations and 1.71 seconds (2.19 work units)
Optimal objective  3.301396340e+06
Set parameter TimeLimit to value 5.0950656578484923e+03
Set parameter Method to value 1
Gurobi Optimizer version 12.0.3 build v12.0.3rc0 (linux64 - "Ubuntu 24.04.4 LTS")

CPU model: Intel(R) Xeon(R) Gold 5218R CPU @ 2.10GHz, instruction set [SSE2|AVX|AVX2|AVX512]
Thread count: 40 physical cores, 40 logical processors, using up to 1 threads

Non-default parameters:
TimeLimit  5.0950656578484923e+03
Method  1
BarHomogeneous  1
Threads  1

Optimize a model with 770 rows, 198454 columns and 4884649 nonzeros
Coefficient statistics:
  Matrix range     [1e+00, 1e+00]
  Objective range  [1e+05, 5e+05]
  Bounds range     [0e+00, 0e+00]
  RHS range        [1e+00, 1e+00]
LP warm-start: use basis

Iteration    Objective       Primal Inf.    Dual Inf.      Time
       0   -8.2150817e+29   7.542923e+33   8.215082e-01      0s
     630   -4.6904182e+28   5.650408e+32   4.694211e-02      5s
    1153    3.3013963e+06   6.540214e+02   0.000000e+00     11s
    1508    3.3013963e+06   1.783717e+02   0.000000e+00     15s
    1985    3.3013963e+06   4.754801e+01   0.000000e+00     21s
    2462    3.3013963e+06   6.833312e+01   0.000000e+00     26s
    2821    3.3013963e+06   7.050719e+00   0.000000e+00     30s
    3084    3.3013963e+06   0.000000e+00   0.000000e+00     33s

Solved in 3084 iterations and 33.16 seconds (47.60 work units)
Optimal objective  3.301396340e+06
Set parameter TimeLimit to value 5.0423641059030779e+03
Set parameter Method to value 1
Gurobi Optimizer version 12.0.3 build v12.0.3rc0 (linux64 - "Ubuntu 24.04.4 LTS")

CPU model: Intel(R) Xeon(R) Gold 5218R CPU @ 2.10GHz, instruction set [SSE2|AVX|AVX2|AVX512]
Thread count: 40 physical cores, 40 logical processors, using up to 1 threads

Non-default parameters:
TimeLimit  5.0423641059030779e+03
Method  1
BarHomogeneous  1
Threads  1

Optimize a model with 770 rows, 198484 columns and 4885562 nonzeros
Coefficient statistics:
  Matrix range     [1e+00, 1e+00]
  Objective range  [1e+05, 5e+05]
  Bounds range     [0e+00, 0e+00]
  RHS range        [1e+00, 1e+00]
LP warm-start: use basis

Iteration    Objective       Primal Inf.    Dual Inf.      Time
       0   -1.0211328e+30   1.335945e+34   1.021133e+00      0s
      87    3.3013963e+06   0.000000e+00   0.000000e+00      1s

Solved in 87 iterations and 1.31 seconds (1.66 work units)
Optimal objective  3.301396340e+06
Set parameter TimeLimit to value 5.0226478486023843e+03
Set parameter Method to value 1
Gurobi Optimizer version 12.0.3 build v12.0.3rc0 (linux64 - "Ubuntu 24.04.4 LTS")

CPU model: Intel(R) Xeon(R) Gold 5218R CPU @ 2.10GHz, instruction set [SSE2|AVX|AVX2|AVX512]
Thread count: 40 physical cores, 40 logical processors, using up to 1 threads

Non-default parameters:
TimeLimit  5.0226478486023843e+03
Method  1
BarHomogeneous  1
Threads  1

Optimize a model with 770 rows, 198514 columns and 4886492 nonzeros
Coefficient statistics:
  Matrix range     [1e+00, 1e+00]
  Objective range  [1e+05, 5e+05]
  Bounds range     [0e+00, 0e+00]
  RHS range        [1e+00, 1e+00]
LP warm-start: use basis

Iteration    Objective       Primal Inf.    Dual Inf.      Time
       0   -9.0213152e+29   2.032455e+34   9.021325e-01      0s
      39    3.3013963e+06   0.000000e+00   0.000000e+00      1s

Solved in 39 iterations and 0.75 seconds (0.89 work units)
Optimal objective  3.301396340e+06
Set parameter TimeLimit to value 5.0033019103258848e+03
Set parameter Method to value 1
Gurobi Optimizer version 12.0.3 build v12.0.3rc0 (linux64 - "Ubuntu 24.04.4 LTS")

CPU model: Intel(R) Xeon(R) Gold 5218R CPU @ 2.10GHz, instruction set [SSE2|AVX|AVX2|AVX512]
Thread count: 40 physical cores, 40 logical processors, using up to 1 threads

Non-default parameters:
TimeLimit  5.0033019103258848e+03
Method  1
BarHomogeneous  1
Threads  1

Optimize a model with 770 rows, 198544 columns and 4887301 nonzeros
Coefficient statistics:
  Matrix range     [1e+00, 1e+00]
  Objective range  [1e+05, 5e+05]
  Bounds range     [0e+00, 0e+00]
  RHS range        [1e+00, 1e+00]
LP warm-start: use basis

Iteration    Objective       Primal Inf.    Dual Inf.      Time
       0   -8.9782956e+29   2.536902e+34   8.978285e-01      0s
      92    3.3013963e+06   0.000000e+00   0.000000e+00      1s

Solved in 92 iterations and 1.40 seconds (1.81 work units)
Optimal objective  3.301396340e+06
Set parameter TimeLimit to value 4.9847390923821367e+03
Set parameter Method to value 1
Gurobi Optimizer version 12.0.3 build v12.0.3rc0 (linux64 - "Ubuntu 24.04.4 LTS")

CPU model: Intel(R) Xeon(R) Gold 5218R CPU @ 2.10GHz, instruction set [SSE2|AVX|AVX2|AVX512]
Thread count: 40 physical cores, 40 logical processors, using up to 1 threads

Non-default parameters:
TimeLimit  4.9847390923821367e+03
Method  1
BarHomogeneous  1
Threads  1

Optimize a model with 770 rows, 198574 columns and 4888199 nonzeros
Coefficient statistics:
  Matrix range     [1e+00, 1e+00]
  Objective range  [1e+05, 5e+05]
  Bounds range     [0e+00, 0e+00]
  RHS range        [1e+00, 1e+00]
LP warm-start: use basis

Iteration    Objective       Primal Inf.    Dual Inf.      Time
       0   -8.0827166e+29   6.992077e+33   8.082717e-01      0s
     129    3.3013963e+06   0.000000e+00   0.000000e+00      2s

Solved in 129 iterations and 1.75 seconds (2.36 work units)
Optimal objective  3.301396340e+06
Set parameter TimeLimit to value 4.9637884101276286e+03
Set parameter Method to value 1
Gurobi Optimizer version 12.0.3 build v12.0.3rc0 (linux64 - "Ubuntu 24.04.4 LTS")

CPU model: Intel(R) Xeon(R) Gold 5218R CPU @ 2.10GHz, instruction set [SSE2|AVX|AVX2|AVX512]
Thread count: 40 physical cores, 40 logical processors, using up to 1 threads

Non-default parameters:
TimeLimit  4.9637884101276286e+03
Method  1
BarHomogeneous  1
Threads  1

Optimize a model with 770 rows, 198604 columns and 4889067 nonzeros
Coefficient statistics:
  Matrix range     [1e+00, 1e+00]
  Objective range  [1e+05, 5e+05]
  Bounds range     [0e+00, 0e+00]
  RHS range        [1e+00, 1e+00]
LP warm-start: use basis

Iteration    Objective       Primal Inf.    Dual Inf.      Time
       0   -7.6603644e+29   4.844996e+33   7.660365e-01      0s
     513   -8.6000778e+28   8.975000e+32   8.604124e-02      5s
    1086   -1.0402671e+28   1.937363e+33   1.056503e-02     11s
    1446    3.3013963e+06   3.269942e+02   0.000000e+00     15s
    1913    3.3013963e+06   4.437511e+02   0.000000e+00     20s
    2387    3.3013963e+06   7.407017e+01   0.000000e+00     26s
    2862    3.3013963e+06   1.337544e+02   0.000000e+00     31s
    3338    3.3013963e+06   1.754106e+01   0.000000e+00     36s
    3691    3.3013963e+06   1.373454e+01   0.000000e+00     40s
    4045    3.3013963e+06   0.000000e+00   0.000000e+00     44s

Solved in 4045 iterations and 44.16 seconds (64.70 work units)
Optimal objective  3.301396338e+06
Set parameter TimeLimit to value 4.8985910703958943e+03
Set parameter Method to value 1
Gurobi Optimizer version 12.0.3 build v12.0.3rc0 (linux64 - "Ubuntu 24.04.4 LTS")

CPU model: Intel(R) Xeon(R) Gold 5218R CPU @ 2.10GHz, instruction set [SSE2|AVX|AVX2|AVX512]
Thread count: 40 physical cores, 40 logical processors, using up to 1 threads

Non-default parameters:
TimeLimit  4.8985910703958943e+03
Method  1
BarHomogeneous  1
Threads  1

Optimize a model with 770 rows, 198634 columns and 4889938 nonzeros
Coefficient statistics:
  Matrix range     [1e+00, 1e+00]
  Objective range  [1e+05, 5e+05]
  Bounds range     [0e+00, 0e+00]
  RHS range        [1e+00, 1e+00]
LP warm-start: use basis

Iteration    Objective       Primal Inf.    Dual Inf.      Time
       0   -9.3014550e+29   4.724168e+33   9.301454e-01      0s
     551    3.3013963e+06   4.543945e+02   0.000000e+00      6s
     905    3.3013963e+06   4.016926e+01   0.000000e+00     10s
    1382    3.3013963e+06   1.527659e+01   0.000000e+00     16s
    1860    3.3013963e+06   2.350419e+00   0.000000e+00     21s
    2056    3.3013963e+06   0.000000e+00   0.000000e+00     23s

Solved in 2056 iterations and 23.13 seconds (33.82 work units)
Optimal objective  3.301396337e+06
Set parameter TimeLimit to value 4.8566905434979126e+03
Set parameter Method to value 1
Gurobi Optimizer version 12.0.3 build v12.0.3rc0 (linux64 - "Ubuntu 24.04.4 LTS")

CPU model: Intel(R) Xeon(R) Gold 5218R CPU @ 2.10GHz, instruction set [SSE2|AVX|AVX2|AVX512]
Thread count: 40 physical cores, 40 logical processors, using up to 1 threads

Non-default parameters:
TimeLimit  4.8566905434979126e+03
Method  1
BarHomogeneous  1
Threads  1

Optimize a model with 770 rows, 198664 columns and 4890778 nonzeros
Coefficient statistics:
  Matrix range     [1e+00, 1e+00]
  Objective range  [1e+05, 5e+05]
  Bounds range     [0e+00, 0e+00]
  RHS range        [1e+00, 1e+00]
LP warm-start: use basis

Iteration    Objective       Primal Inf.    Dual Inf.      Time
       0   -7.4954633e+29   6.356692e+33   7.495463e-01      0s
     496   -1.6282450e+28   6.034157e+33   1.629051e-02      5s
    1054    3.3013963e+06   8.019140e+01   0.000000e+00     11s
    1408    3.3013963e+06   8.302319e+01   0.000000e+00     15s
    1882    3.3013963e+06   3.599758e+01   0.000000e+00     20s
    2360    3.3013963e+06   1.358024e+00   0.000000e+00     26s
    2562    3.3013963e+06   0.000000e+00   0.000000e+00     28s

Solved in 2562 iterations and 27.98 seconds (41.05 work units)
Optimal objective  3.301396337e+06
Set parameter TimeLimit to value 4.8078022355926223e+03
Set parameter Method to value 1
Gurobi Optimizer version 12.0.3 build v12.0.3rc0 (linux64 - "Ubuntu 24.04.4 LTS")

CPU model: Intel(R) Xeon(R) Gold 5218R CPU @ 2.10GHz, instruction set [SSE2|AVX|AVX2|AVX512]
Thread count: 40 physical cores, 40 logical processors, using up to 1 threads

Non-default parameters:
TimeLimit  4.8078022355926223e+03
Method  1
BarHomogeneous  1
Threads  1

Optimize a model with 770 rows, 198694 columns and 4891490 nonzeros
Coefficient statistics:
  Matrix range     [1e+00, 1e+00]
  Objective range  [1e+05, 5e+05]
  Bounds range     [0e+00, 0e+00]
  RHS range        [1e+00, 1e+00]
LP warm-start: use basis

Iteration    Objective       Primal Inf.    Dual Inf.      Time
       0   -9.1374439e+30   9.957190e+33   9.137444e+00      0s
       1    3.3013963e+06   0.000000e+00   0.000000e+00      0s

Solved in 1 iterations and 0.40 seconds (0.32 work units)
Optimal objective  3.301396337e+06
Set parameter TimeLimit to value 4.7901892541144043e+03
Set parameter Method to value 1
Gurobi Optimizer version 12.0.3 build v12.0.3rc0 (linux64 - "Ubuntu 24.04.4 LTS")

CPU model: Intel(R) Xeon(R) Gold 5218R CPU @ 2.10GHz, instruction set [SSE2|AVX|AVX2|AVX512]
Thread count: 40 physical cores, 40 logical processors, using up to 1 threads

Non-default parameters:
TimeLimit  4.7901892541144043e+03
Method  1
BarHomogeneous  1
Threads  1

Optimize a model with 770 rows, 198724 columns and 4892398 nonzeros
Coefficient statistics:
  Matrix range     [1e+00, 1e+00]
  Objective range  [1e+05, 5e+05]
  Bounds range     [0e+00, 0e+00]
  RHS range        [1e+00, 1e+00]
LP warm-start: use basis

Iteration    Objective       Primal Inf.    Dual Inf.      Time
       0   -6.7839742e+29   7.997348e+33   6.783974e-01      0s
      51    3.3013963e+06   0.000000e+00   0.000000e+00      1s

Solved in 51 iterations and 1.04 seconds (1.18 work units)
Optimal objective  3.301396337e+06
Set parameter TimeLimit to value 4.7701475854082964e+03
Set parameter Method to value 1
Gurobi Optimizer version 12.0.3 build v12.0.3rc0 (linux64 - "Ubuntu 24.04.4 LTS")

CPU model: Intel(R) Xeon(R) Gold 5218R CPU @ 2.10GHz, instruction set [SSE2|AVX|AVX2|AVX512]
Thread count: 40 physical cores, 40 logical processors, using up to 1 threads

Non-default parameters:
TimeLimit  4.7701475854082964e+03
Method  1
BarHomogeneous  1
Threads  1

Optimize a model with 770 rows, 198754 columns and 4893203 nonzeros
Coefficient statistics:
  Matrix range     [1e+00, 1e+00]
  Objective range  [1e+05, 5e+05]
  Bounds range     [0e+00, 0e+00]
  RHS range        [1e+00, 1e+00]
LP warm-start: use basis

Iteration    Objective       Primal Inf.    Dual Inf.      Time
       0   -6.2311643e+29   5.355460e+33   6.231165e-01      0s
     494   -1.6896584e+27   3.624054e+32   1.689662e-03      5s
    1019    3.3013963e+06   3.486737e+01   0.000000e+00     11s
    1372    3.3013963e+06   6.579673e+01   0.000000e+00     15s
    1849    3.3013963e+06   4.999627e+00   0.000000e+00     20s
    2149    3.3013963e+06   0.000000e+00   0.000000e+00     24s

Solved in 2149 iterations and 23.86 seconds (34.90 work units)
Optimal objective  3.301396336e+06
Set parameter TimeLimit to value 4.7274143099798821e+03
Set parameter Method to value 1
Gurobi Optimizer version 12.0.3 build v12.0.3rc0 (linux64 - "Ubuntu 24.04.4 LTS")

CPU model: Intel(R) Xeon(R) Gold 5218R CPU @ 2.10GHz, instruction set [SSE2|AVX|AVX2|AVX512]
Thread count: 40 physical cores, 40 logical processors, using up to 1 threads

Non-default parameters:
TimeLimit  4.7274143099798821e+03
Method  1
BarHomogeneous  1
Threads  1

Optimize a model with 770 rows, 198784 columns and 4894015 nonzeros
Coefficient statistics:
  Matrix range     [1e+00, 1e+00]
  Objective range  [1e+05, 5e+05]
  Bounds range     [0e+00, 0e+00]
  RHS range        [1e+00, 1e+00]
LP warm-start: use basis

Iteration    Objective       Primal Inf.    Dual Inf.      Time
       0   -7.1579949e+29   8.034160e+33   7.157994e-01      0s
     513    3.3013963e+06   1.139673e+01   0.000000e+00      6s
     806    3.3013963e+06   0.000000e+00   0.000000e+00      9s

Solved in 806 iterations and 9.15 seconds (13.41 work units)
Optimal objective  3.301396335e+06
Set parameter TimeLimit to value 4.6976420687125064e+03
Set parameter Method to value 1
Gurobi Optimizer version 12.0.3 build v12.0.3rc0 (linux64 - "Ubuntu 24.04.4 LTS")

CPU model: Intel(R) Xeon(R) Gold 5218R CPU @ 2.10GHz, instruction set [SSE2|AVX|AVX2|AVX512]
Thread count: 40 physical cores, 40 logical processors, using up to 1 threads

Non-default parameters:
TimeLimit  4.6976420687125064e+03
Method  1
BarHomogeneous  1
Threads  1

Optimize a model with 770 rows, 198814 columns and 4894914 nonzeros
Coefficient statistics:
  Matrix range     [1e+00, 1e+00]
  Objective range  [1e+05, 5e+05]
  Bounds range     [0e+00, 0e+00]
  RHS range        [1e+00, 1e+00]
LP warm-start: use basis

Iteration    Objective       Primal Inf.    Dual Inf.      Time
       0   -7.0322140e+29   5.389103e+33   7.032211e-01      0s
      79    3.3013963e+06   0.000000e+00   0.000000e+00      1s

Solved in 79 iterations and 1.17 seconds (1.49 work units)
Optimal objective  3.301396335e+06
Set parameter TimeLimit to value 4.6793248721319251e+03
Set parameter Method to value 1
Gurobi Optimizer version 12.0.3 build v12.0.3rc0 (linux64 - "Ubuntu 24.04.4 LTS")

CPU model: Intel(R) Xeon(R) Gold 5218R CPU @ 2.10GHz, instruction set [SSE2|AVX|AVX2|AVX512]
Thread count: 40 physical cores, 40 logical processors, using up to 1 threads

Non-default parameters:
TimeLimit  4.6793248721319251e+03
Method  1
BarHomogeneous  1
Threads  1

Optimize a model with 770 rows, 198844 columns and 4895803 nonzeros
Coefficient statistics:
  Matrix range     [1e+00, 1e+00]
  Objective range  [1e+05, 5e+05]
  Bounds range     [0e+00, 0e+00]
  RHS range        [1e+00, 1e+00]
LP warm-start: use basis

Iteration    Objective       Primal Inf.    Dual Inf.      Time
       0   -6.8487832e+29   1.099697e+34   6.848783e-01      0s
     518    3.3013963e+06   1.270379e+02   0.000000e+00      6s
     993    3.3013963e+06   3.024359e+01   0.000000e+00     11s
    1470    3.3013963e+06   1.206496e+01   0.000000e+00     16s
    1828    3.3013963e+06   1.030593e+01   0.000000e+00     20s
    1962    3.3013963e+06   0.000000e+00   0.000000e+00     22s

Solved in 1962 iterations and 21.74 seconds (31.69 work units)
Optimal objective  3.301396335e+06
Set parameter TimeLimit to value 4.6383147272691131e+03
Set parameter Method to value 1
Gurobi Optimizer version 12.0.3 build v12.0.3rc0 (linux64 - "Ubuntu 24.04.4 LTS")

CPU model: Intel(R) Xeon(R) Gold 5218R CPU @ 2.10GHz, instruction set [SSE2|AVX|AVX2|AVX512]
Thread count: 40 physical cores, 40 logical processors, using up to 1 threads

Non-default parameters:
TimeLimit  4.6383147272691131e+03
Method  1
BarHomogeneous  1
Threads  1

Optimize a model with 770 rows, 198874 columns and 4896700 nonzeros
Coefficient statistics:
  Matrix range     [1e+00, 1e+00]
  Objective range  [1e+05, 5e+05]
  Bounds range     [0e+00, 0e+00]
  RHS range        [1e+00, 1e+00]
LP warm-start: use basis

Iteration    Objective       Primal Inf.    Dual Inf.      Time
       0   -6.1247866e+29   5.484530e+33   6.124785e-01      0s
     113    3.3013963e+06   0.000000e+00   0.000000e+00      2s

Solved in 113 iterations and 1.65 seconds (2.11 work units)
Optimal objective  3.301396335e+06
Set parameter TimeLimit to value 4617.86559053231
Set parameter Method to value 1
Gurobi Optimizer version 12.0.3 build v12.0.3rc0 (linux64 - "Ubuntu 24.04.4 LTS")

CPU model: Intel(R) Xeon(R) Gold 5218R CPU @ 2.10GHz, instruction set [SSE2|AVX|AVX2|AVX512]
Thread count: 40 physical cores, 40 logical processors, using up to 1 threads

Non-default parameters:
TimeLimit  4617.86559053231
Method  1
BarHomogeneous  1
Threads  1

Optimize a model with 770 rows, 198904 columns and 4897558 nonzeros
Coefficient statistics:
  Matrix range     [1e+00, 1e+00]
  Objective range  [1e+05, 5e+05]
  Bounds range     [0e+00, 0e+00]
  RHS range        [1e+00, 1e+00]
LP warm-start: use basis

Iteration    Objective       Primal Inf.    Dual Inf.      Time
       0   -5.4286319e+29   1.048232e+34   5.428627e-01      0s
     561    3.3013963e+06   9.009457e+00   0.000000e+00      6s
     914    3.3013963e+06   1.959727e+01   0.000000e+00     10s
    1376    3.3013963e+06   0.000000e+00   2.638154e-01     15s
    1548    3.3013963e+06   0.000000e+00   0.000000e+00     17s

Solved in 1548 iterations and 17.12 seconds (25.42 work units)
Optimal objective  3.301396335e+06
Set parameter TimeLimit to value 4.5814353890805505e+03
Set parameter Method to value 1
Gurobi Optimizer version 12.0.3 build v12.0.3rc0 (linux64 - "Ubuntu 24.04.4 LTS")

CPU model: Intel(R) Xeon(R) Gold 5218R CPU @ 2.10GHz, instruction set [SSE2|AVX|AVX2|AVX512]
Thread count: 40 physical cores, 40 logical processors, using up to 1 threads

Non-default parameters:
TimeLimit  4.5814353890805505e+03
Method  1
BarHomogeneous  1
Threads  1

Optimize a model with 770 rows, 198934 columns and 4898528 nonzeros
Coefficient statistics:
  Matrix range     [1e+00, 1e+00]
  Objective range  [1e+05, 5e+05]
  Bounds range     [0e+00, 0e+00]
  RHS range        [1e+00, 1e+00]
LP warm-start: use basis

Iteration    Objective       Primal Inf.    Dual Inf.      Time
       0   -5.6853666e+29   7.499410e+33   5.685369e-01      0s
      49    3.3013963e+06   0.000000e+00   0.000000e+00      1s

Solved in 49 iterations and 0.86 seconds (1.04 work units)
Optimal objective  3.301396335e+06
Set parameter TimeLimit to value 4.5619330803793855e+03
Set parameter Method to value 1
Gurobi Optimizer version 12.0.3 build v12.0.3rc0 (linux64 - "Ubuntu 24.04.4 LTS")

CPU model: Intel(R) Xeon(R) Gold 5218R CPU @ 2.10GHz, instruction set [SSE2|AVX|AVX2|AVX512]
Thread count: 40 physical cores, 40 logical processors, using up to 1 threads

Non-default parameters:
TimeLimit  4.5619330803793855e+03
Method  1
BarHomogeneous  1
Threads  1

Optimize a model with 770 rows, 198964 columns and 4899458 nonzeros
Coefficient statistics:
  Matrix range     [1e+00, 1e+00]
  Objective range  [1e+05, 5e+05]
  Bounds range     [0e+00, 0e+00]
  RHS range        [1e+00, 1e+00]
LP warm-start: use basis

Iteration    Objective       Primal Inf.    Dual Inf.      Time
       0   -5.1154510e+29   5.655995e+33   5.115452e-01      0s
      33    3.3013963e+06   0.000000e+00   0.000000e+00      1s

Solved in 33 iterations and 0.64 seconds (0.69 work units)
Optimal objective  3.301396335e+06
Set parameter TimeLimit to value 4544.2631997508
Set parameter Method to value 1
Gurobi Optimizer version 12.0.3 build v12.0.3rc0 (linux64 - "Ubuntu 24.04.4 LTS")

CPU model: Intel(R) Xeon(R) Gold 5218R CPU @ 2.10GHz, instruction set [SSE2|AVX|AVX2|AVX512]
Thread count: 40 physical cores, 40 logical processors, using up to 1 threads

Non-default parameters:
TimeLimit  4544.2631997508
Method  1
BarHomogeneous  1
Threads  1

Optimize a model with 770 rows, 198994 columns and 4900527 nonzeros
Coefficient statistics:
  Matrix range     [1e+00, 1e+00]
  Objective range  [1e+05, 5e+05]
  Bounds range     [0e+00, 0e+00]
  RHS range        [1e+00, 1e+00]
LP warm-start: use basis

Iteration    Objective       Primal Inf.    Dual Inf.      Time
       0   -5.1786119e+29   5.715368e+33   5.178609e-01      0s
      38    3.3013963e+06   0.000000e+00   0.000000e+00      1s

Solved in 38 iterations and 0.74 seconds (0.86 work units)
Optimal objective  3.301396335e+06
Set parameter TimeLimit to value 4.5252547593340278e+03
Set parameter Method to value 1
Gurobi Optimizer version 12.0.3 build v12.0.3rc0 (linux64 - "Ubuntu 24.04.4 LTS")

CPU model: Intel(R) Xeon(R) Gold 5218R CPU @ 2.10GHz, instruction set [SSE2|AVX|AVX2|AVX512]
Thread count: 40 physical cores, 40 logical processors, using up to 1 threads

Non-default parameters:
TimeLimit  4.5252547593340278e+03
Method  1
BarHomogeneous  1
Threads  1

Optimize a model with 770 rows, 199024 columns and 4901217 nonzeros
Coefficient statistics:
  Matrix range     [1e+00, 1e+00]
  Objective range  [1e+05, 5e+05]
  Bounds range     [0e+00, 0e+00]
  RHS range        [1e+00, 1e+00]
LP warm-start: use basis

Iteration    Objective       Primal Inf.    Dual Inf.      Time
       0   -7.0474483e+29   5.867093e+34   7.047466e-01      0s
       1    3.3013963e+06   0.000000e+00   0.000000e+00      0s

Solved in 1 iterations and 0.37 seconds (0.30 work units)
Optimal objective  3.301396335e+06
Set parameter TimeLimit to value 4.5066970511837862e+03
Set parameter Method to value 1
Gurobi Optimizer version 12.0.3 build v12.0.3rc0 (linux64 - "Ubuntu 24.04.4 LTS")

CPU model: Intel(R) Xeon(R) Gold 5218R CPU @ 2.10GHz, instruction set [SSE2|AVX|AVX2|AVX512]
Thread count: 40 physical cores, 40 logical processors, using up to 1 threads

Non-default parameters:
TimeLimit  4.5066970511837862e+03
Method  1
BarHomogeneous  1
Threads  1

Optimize a model with 770 rows, 199054 columns and 4902203 nonzeros
Coefficient statistics:
  Matrix range     [1e+00, 1e+00]
  Objective range  [1e+05, 5e+05]
  Bounds range     [0e+00, 0e+00]
  RHS range        [1e+00, 1e+00]
LP warm-start: use basis

Iteration    Objective       Primal Inf.    Dual Inf.      Time
       0   -4.7307579e+29   5.545037e+33   4.730758e-01      0s
     545   -1.4484415e+27   5.864680e+32   1.448023e-03      5s
    1018    3.3013963e+06   1.853145e+02   0.000000e+00     11s
    1498    3.3013963e+06   1.046234e+01   0.000000e+00     16s
    1975    3.3013963e+06   5.850525e+00   0.000000e+00     21s
    2268    3.3013963e+06   0.000000e+00   0.000000e+00     25s

Solved in 2268 iterations and 24.57 seconds (36.06 work units)
Optimal objective  3.301396334e+06
Set parameter TimeLimit to value 4.4628210213487037e+03
Set parameter Method to value 1
Gurobi Optimizer version 12.0.3 build v12.0.3rc0 (linux64 - "Ubuntu 24.04.4 LTS")

CPU model: Intel(R) Xeon(R) Gold 5218R CPU @ 2.10GHz, instruction set [SSE2|AVX|AVX2|AVX512]
Thread count: 40 physical cores, 40 logical processors, using up to 1 threads

Non-default parameters:
TimeLimit  4.4628210213487037e+03
Method  1
BarHomogeneous  1
Threads  1

Optimize a model with 770 rows, 199084 columns and 4902884 nonzeros
Coefficient statistics:
  Matrix range     [1e+00, 1e+00]
  Objective range  [1e+05, 5e+05]
  Bounds range     [0e+00, 0e+00]
  RHS range        [1e+00, 1e+00]
LP warm-start: use basis

Iteration    Objective       Primal Inf.    Dual Inf.      Time
       0   -5.4008001e+29   5.036862e+33   5.400798e-01      0s
     516    3.3013963e+06   2.518930e+02   0.000000e+00      6s
     993    3.3013963e+06   4.000650e+00   0.000000e+00     11s
    1150    3.3013963e+06   0.000000e+00   0.000000e+00     13s

Solved in 1150 iterations and 12.89 seconds (18.73 work units)
Optimal objective  3.301396334e+06
Set parameter TimeLimit to value 4.4294710254915990e+03
Set parameter Method to value 1
Gurobi Optimizer version 12.0.3 build v12.0.3rc0 (linux64 - "Ubuntu 24.04.4 LTS")

CPU model: Intel(R) Xeon(R) Gold 5218R CPU @ 2.10GHz, instruction set [SSE2|AVX|AVX2|AVX512]
Thread count: 40 physical cores, 40 logical processors, using up to 1 threads

Non-default parameters:
TimeLimit  4.4294710254915990e+03
Method  1
BarHomogeneous  1
Threads  1

Optimize a model with 770 rows, 199114 columns and 4903878 nonzeros
Coefficient statistics:
  Matrix range     [1e+00, 1e+00]
  Objective range  [1e+05, 5e+05]
  Bounds range     [0e+00, 0e+00]
  RHS range        [1e+00, 1e+00]
LP warm-start: use basis

Iteration    Objective       Primal Inf.    Dual Inf.      Time
       0   -6.2539389e+29   9.938492e+33   6.253942e-01      0s
     543    3.3013963e+06   5.136977e+01   0.000000e+00      6s
     899    3.3013963e+06   1.950225e+02   0.000000e+00     10s
    1374    3.3013963e+06   1.008302e+02   0.000000e+00     15s
    1854    3.3013963e+06   4.142019e+00   0.000000e+00     21s
    2306    3.3013963e+06   0.000000e+00   0.000000e+00     26s

Solved in 2306 iterations and 25.84 seconds (37.94 work units)
Optimal objective  3.301396333e+06
Set parameter TimeLimit to value 4.3840236566816457e+03
Set parameter Method to value 1
Gurobi Optimizer version 12.0.3 build v12.0.3rc0 (linux64 - "Ubuntu 24.04.4 LTS")

CPU model: Intel(R) Xeon(R) Gold 5218R CPU @ 2.10GHz, instruction set [SSE2|AVX|AVX2|AVX512]
Thread count: 40 physical cores, 40 logical processors, using up to 1 threads

Non-default parameters:
TimeLimit  4.3840236566816457e+03
Method  1
BarHomogeneous  1
Threads  1

Optimize a model with 770 rows, 199144 columns and 4904696 nonzeros
Coefficient statistics:
  Matrix range     [1e+00, 1e+00]
  Objective range  [1e+05, 5e+05]
  Bounds range     [0e+00, 0e+00]
  RHS range        [1e+00, 1e+00]
LP warm-start: use basis

Iteration    Objective       Primal Inf.    Dual Inf.      Time
       0   -8.7081265e+29   5.702408e+33   8.708128e-01      0s
      68    3.3013963e+06   0.000000e+00   0.000000e+00      1s

Solved in 68 iterations and 1.06 seconds (1.35 work units)
Optimal objective  3.301396333e+06
Set parameter TimeLimit to value 4.3640551472012885e+03
Set parameter Method to value 1
Gurobi Optimizer version 12.0.3 build v12.0.3rc0 (linux64 - "Ubuntu 24.04.4 LTS")

CPU model: Intel(R) Xeon(R) Gold 5218R CPU @ 2.10GHz, instruction set [SSE2|AVX|AVX2|AVX512]
Thread count: 40 physical cores, 40 logical processors, using up to 1 threads

Non-default parameters:
TimeLimit  4.3640551472012885e+03
Method  1
BarHomogeneous  1
Threads  1

Optimize a model with 770 rows, 199174 columns and 4905421 nonzeros
Coefficient statistics:
  Matrix range     [1e+00, 1e+00]
  Objective range  [1e+05, 5e+05]
  Bounds range     [0e+00, 0e+00]
  RHS range        [1e+00, 1e+00]
LP warm-start: use basis

Iteration    Objective       Primal Inf.    Dual Inf.      Time
       0   -7.0045486e+29   3.545098e+34   7.004557e-01      0s
       1    3.3013963e+06   0.000000e+00   0.000000e+00      0s

Solved in 1 iterations and 0.38 seconds (0.31 work units)
Optimal objective  3.301396333e+06
Set parameter TimeLimit to value 4.3464816053551622e+03
Set parameter Method to value 1
Gurobi Optimizer version 12.0.3 build v12.0.3rc0 (linux64 - "Ubuntu 24.04.4 LTS")

CPU model: Intel(R) Xeon(R) Gold 5218R CPU @ 2.10GHz, instruction set [SSE2|AVX|AVX2|AVX512]
Thread count: 40 physical cores, 40 logical processors, using up to 1 threads

Non-default parameters:
TimeLimit  4.3464816053551622e+03
Method  1
BarHomogeneous  1
Threads  1

Optimize a model with 770 rows, 199204 columns and 4906404 nonzeros
Coefficient statistics:
  Matrix range     [1e+00, 1e+00]
  Objective range  [1e+05, 5e+05]
  Bounds range     [0e+00, 0e+00]
  RHS range        [1e+00, 1e+00]
LP warm-start: use basis

Iteration    Objective       Primal Inf.    Dual Inf.      Time
       0   -5.2385218e+29   2.955000e+33   5.238521e-01      0s
     489   -1.2593383e+27   2.296963e+32   1.259769e-03      5s
    1006    3.3013963e+06   6.999447e+01   0.000000e+00     11s
    1475    3.3013963e+06   8.989611e+00   0.000000e+00     16s
    1833    3.3013963e+06   9.315006e+00   0.000000e+00     20s
    2146    3.3013963e+06   0.000000e+00   0.000000e+00     24s

Solved in 2146 iterations and 23.75 seconds (34.86 work units)
Optimal objective  3.301396333e+06
Set parameter TimeLimit to value 4.3001237906734459e+03
Set parameter Method to value 1
Gurobi Optimizer version 12.0.3 build v12.0.3rc0 (linux64 - "Ubuntu 24.04.4 LTS")

CPU model: Intel(R) Xeon(R) Gold 5218R CPU @ 2.10GHz, instruction set [SSE2|AVX|AVX2|AVX512]
Thread count: 40 physical cores, 40 logical processors, using up to 1 threads

Non-default parameters:
TimeLimit  4.3001237906734459e+03
Method  1
BarHomogeneous  1
Threads  1

Optimize a model with 770 rows, 199234 columns and 4907262 nonzeros
Coefficient statistics:
  Matrix range     [1e+00, 1e+00]
  Objective range  [1e+05, 5e+05]
  Bounds range     [0e+00, 0e+00]
  RHS range        [1e+00, 1e+00]
LP warm-start: use basis

Iteration    Objective       Primal Inf.    Dual Inf.      Time
       0   -6.7519657e+29   1.151291e+34   6.751972e-01      0s
     142    3.3013963e+06   0.000000e+00   0.000000e+00      2s

Solved in 142 iterations and 1.97 seconds (2.62 work units)
Optimal objective  3.301396333e+06
Set parameter TimeLimit to value 4.2809053243799135e+03
Set parameter Method to value 1
Gurobi Optimizer version 12.0.3 build v12.0.3rc0 (linux64 - "Ubuntu 24.04.4 LTS")

CPU model: Intel(R) Xeon(R) Gold 5218R CPU @ 2.10GHz, instruction set [SSE2|AVX|AVX2|AVX512]
Thread count: 40 physical cores, 40 logical processors, using up to 1 threads

Non-default parameters:
TimeLimit  4.2809053243799135e+03
Method  1
BarHomogeneous  1
Threads  1

Optimize a model with 770 rows, 199264 columns and 4908200 nonzeros
Coefficient statistics:
  Matrix range     [1e+00, 1e+00]
  Objective range  [1e+05, 5e+05]
  Bounds range     [0e+00, 0e+00]
  RHS range        [1e+00, 1e+00]
LP warm-start: use basis

Iteration    Objective       Primal Inf.    Dual Inf.      Time
       0   -5.9629624e+29   5.654663e+33   5.962962e-01      0s
      90    3.3013963e+06   0.000000e+00   0.000000e+00      1s

Solved in 90 iterations and 1.49 seconds (2.04 work units)
Optimal objective  3.301396333e+06
Set parameter TimeLimit to value 4.2600267702662386e+03
Set parameter Method to value 1
Gurobi Optimizer version 12.0.3 build v12.0.3rc0 (linux64 - "Ubuntu 24.04.4 LTS")

CPU model: Intel(R) Xeon(R) Gold 5218R CPU @ 2.10GHz, instruction set [SSE2|AVX|AVX2|AVX512]
Thread count: 40 physical cores, 40 logical processors, using up to 1 threads

Non-default parameters:
TimeLimit  4.2600267702662386e+03
Method  1
BarHomogeneous  1
Threads  1

Optimize a model with 770 rows, 199294 columns and 4909222 nonzeros
Coefficient statistics:
  Matrix range     [1e+00, 1e+00]
  Objective range  [1e+05, 5e+05]
  Bounds range     [0e+00, 0e+00]
  RHS range        [1e+00, 1e+00]
LP warm-start: use basis

Iteration    Objective       Primal Inf.    Dual Inf.      Time
       0   -5.6667397e+29   2.189248e+34   5.666733e-01      0s
     589   -1.4369542e+28   1.122634e+33   1.438951e-02      6s
    1067    3.3013963e+06   4.632922e+02   0.000000e+00     11s
    1544    3.3013963e+06   6.333409e+01   0.000000e+00     16s
    1901    3.3013963e+06   2.700428e+01   0.000000e+00     20s
    2377    3.3013963e+06   1.661910e+01   0.000000e+00     25s
    2855    3.3013963e+06   2.840323e+00   0.000000e+00     31s
    3070    3.3013963e+06   0.000000e+00   0.000000e+00     33s

Solved in 3070 iterations and 33.27 seconds (49.21 work units)
Optimal objective  3.301396332e+06
Set parameter TimeLimit to value 4.2077306159357540e+03
Set parameter Method to value 1
Gurobi Optimizer version 12.0.3 build v12.0.3rc0 (linux64 - "Ubuntu 24.04.4 LTS")

CPU model: Intel(R) Xeon(R) Gold 5218R CPU @ 2.10GHz, instruction set [SSE2|AVX|AVX2|AVX512]
Thread count: 40 physical cores, 40 logical processors, using up to 1 threads

Non-default parameters:
TimeLimit  4.2077306159357540e+03
Method  1
BarHomogeneous  1
Threads  1

Optimize a model with 770 rows, 199324 columns and 4910094 nonzeros
Coefficient statistics:
  Matrix range     [1e+00, 1e+00]
  Objective range  [1e+05, 5e+05]
  Bounds range     [0e+00, 0e+00]
  RHS range        [1e+00, 1e+00]
LP warm-start: use basis

Iteration    Objective       Primal Inf.    Dual Inf.      Time
       0   -1.3749899e+30   2.073982e+34   1.374990e+00      0s
      84    3.3013963e+06   0.000000e+00   0.000000e+00      1s

Solved in 84 iterations and 1.29 seconds (1.63 work units)
Optimal objective  3.301396332e+06
Set parameter TimeLimit to value 4187.06973251747
Set parameter Method to value 1
Gurobi Optimizer version 12.0.3 build v12.0.3rc0 (linux64 - "Ubuntu 24.04.4 LTS")

CPU model: Intel(R) Xeon(R) Gold 5218R CPU @ 2.10GHz, instruction set [SSE2|AVX|AVX2|AVX512]
Thread count: 40 physical cores, 40 logical processors, using up to 1 threads

Non-default parameters:
TimeLimit  4187.06973251747
Method  1
BarHomogeneous  1
Threads  1

Optimize a model with 770 rows, 199354 columns and 4910949 nonzeros
Coefficient statistics:
  Matrix range     [1e+00, 1e+00]
  Objective range  [1e+05, 5e+05]
  Bounds range     [0e+00, 0e+00]
  RHS range        [1e+00, 1e+00]
LP warm-start: use basis

Iteration    Objective       Primal Inf.    Dual Inf.      Time
       0   -5.3504162e+29   1.157220e+34   5.350416e-01      0s
      81    3.3013963e+06   0.000000e+00   0.000000e+00      1s

Solved in 81 iterations and 1.29 seconds (1.76 work units)
Optimal objective  3.301396332e+06
Set parameter TimeLimit to value 4.1669270195299760e+03
Set parameter Method to value 1
Gurobi Optimizer version 12.0.3 build v12.0.3rc0 (linux64 - "Ubuntu 24.04.4 LTS")

CPU model: Intel(R) Xeon(R) Gold 5218R CPU @ 2.10GHz, instruction set [SSE2|AVX|AVX2|AVX512]
Thread count: 40 physical cores, 40 logical processors, using up to 1 threads

Non-default parameters:
TimeLimit  4.1669270195299760e+03
Method  1
BarHomogeneous  1
Threads  1

Optimize a model with 770 rows, 199384 columns and 4911809 nonzeros
Coefficient statistics:
  Matrix range     [1e+00, 1e+00]
  Objective range  [1e+05, 5e+05]
  Bounds range     [0e+00, 0e+00]
  RHS range        [1e+00, 1e+00]
LP warm-start: use basis

Iteration    Objective       Primal Inf.    Dual Inf.      Time
       0   -5.0743563e+29   1.176543e+34   5.074356e-01      0s
     547    3.3013963e+06   6.405909e+02   0.000000e+00      6s
     905    3.3013963e+06   2.538779e+02   0.000000e+00     10s
    1379    3.3013963e+06   5.296353e+00   0.000000e+00     15s
    1859    3.3013963e+06   3.936673e+00   0.000000e+00     21s
    2256    3.3013963e+06   0.000000e+00   0.000000e+00     25s

Solved in 2256 iterations and 25.17 seconds (36.97 work units)
Optimal objective  3.301396332e+06
Set parameter TimeLimit to value 4.1222978805713356e+03
Set parameter Method to value 1
Gurobi Optimizer version 12.0.3 build v12.0.3rc0 (linux64 - "Ubuntu 24.04.4 LTS")

CPU model: Intel(R) Xeon(R) Gold 5218R CPU @ 2.10GHz, instruction set [SSE2|AVX|AVX2|AVX512]
Thread count: 40 physical cores, 40 logical processors, using up to 1 threads

Non-default parameters:
TimeLimit  4.1222978805713356e+03
Method  1
BarHomogeneous  1
Threads  1

Optimize a model with 770 rows, 199414 columns and 4912664 nonzeros
Coefficient statistics:
  Matrix range     [1e+00, 1e+00]
  Objective range  [1e+05, 5e+05]
  Bounds range     [0e+00, 0e+00]
  RHS range        [1e+00, 1e+00]
LP warm-start: use basis

Iteration    Objective       Primal Inf.    Dual Inf.      Time
       0   -5.5983411e+29   1.061149e+34   5.598341e-01      0s
      59    3.3013963e+06   0.000000e+00   0.000000e+00      1s

Solved in 59 iterations and 0.97 seconds (1.23 work units)
Optimal objective  3.301396332e+06
Set parameter TimeLimit to value 4.1025849419850856e+03
Set parameter Method to value 1
Gurobi Optimizer version 12.0.3 build v12.0.3rc0 (linux64 - "Ubuntu 24.04.4 LTS")

CPU model: Intel(R) Xeon(R) Gold 5218R CPU @ 2.10GHz, instruction set [SSE2|AVX|AVX2|AVX512]
Thread count: 40 physical cores, 40 logical processors, using up to 1 threads

Non-default parameters:
TimeLimit  4.1025849419850856e+03
Method  1
BarHomogeneous  1
Threads  1

Optimize a model with 770 rows, 199444 columns and 4913510 nonzeros
Coefficient statistics:
  Matrix range     [1e+00, 1e+00]
  Objective range  [1e+05, 5e+05]
  Bounds range     [0e+00, 0e+00]
  RHS range        [1e+00, 1e+00]
LP warm-start: use basis

Iteration    Objective       Primal Inf.    Dual Inf.      Time
       0   -5.2713515e+29   7.840357e+33   5.271350e-01      0s
     477   -3.1808336e+27   5.745361e+32   3.180859e-03      5s
     981    3.3013963e+06   8.161271e+01   0.000000e+00     11s
    1456    3.3013963e+06   2.172790e+01   0.000000e+00     16s
    1814    3.3013963e+06   1.325846e+01   0.000000e+00     20s
    2292    3.3013963e+06   8.307881e-01   0.000000e+00     26s
    2337    3.3013963e+06   0.000000e+00   0.000000e+00     26s

Solved in 2337 iterations and 26.28 seconds (38.41 work units)
Optimal objective  3.301396332e+06
Set parameter TimeLimit to value 4.0569098863233812e+03
Set parameter Method to value 1
Gurobi Optimizer version 12.0.3 build v12.0.3rc0 (linux64 - "Ubuntu 24.04.4 LTS")

CPU model: Intel(R) Xeon(R) Gold 5218R CPU @ 2.10GHz, instruction set [SSE2|AVX|AVX2|AVX512]
Thread count: 40 physical cores, 40 logical processors, using up to 1 threads

Non-default parameters:
TimeLimit  4.0569098863233812e+03
Method  1
BarHomogeneous  1
Threads  1

Optimize a model with 770 rows, 199474 columns and 4914406 nonzeros
Coefficient statistics:
  Matrix range     [1e+00, 1e+00]
  Objective range  [1e+05, 5e+05]
  Bounds range     [0e+00, 0e+00]
  RHS range        [1e+00, 1e+00]
LP warm-start: use basis

Iteration    Objective       Primal Inf.    Dual Inf.      Time
       0   -7.0761461e+29   8.453427e+33   7.076146e-01      0s
     126    3.3013963e+06   0.000000e+00   0.000000e+00      2s

Solved in 126 iterations and 1.89 seconds (2.63 work units)
Optimal objective  3.301396332e+06
Set parameter TimeLimit to value 4.0364072986273095e+03
Set parameter Method to value 1
Gurobi Optimizer version 12.0.3 build v12.0.3rc0 (linux64 - "Ubuntu 24.04.4 LTS")

CPU model: Intel(R) Xeon(R) Gold 5218R CPU @ 2.10GHz, instruction set [SSE2|AVX|AVX2|AVX512]
Thread count: 40 physical cores, 40 logical processors, using up to 1 threads

Non-default parameters:
TimeLimit  4.0364072986273095e+03
Method  1
BarHomogeneous  1
Threads  1

Optimize a model with 770 rows, 199504 columns and 4915224 nonzeros
Coefficient statistics:
  Matrix range     [1e+00, 1e+00]
  Objective range  [1e+05, 5e+05]
  Bounds range     [0e+00, 0e+00]
  RHS range        [1e+00, 1e+00]
LP warm-start: use basis

Iteration    Objective       Primal Inf.    Dual Inf.      Time
       0   -6.0903951e+29   2.312650e+34   6.090391e-01      0s
     108    3.3013963e+06   0.000000e+00   0.000000e+00      2s

Solved in 108 iterations and 1.63 seconds (2.15 work units)
Optimal objective  3.301396332e+06
Set parameter TimeLimit to value 4.0174800894847140e+03
Set parameter Method to value 1
Gurobi Optimizer version 12.0.3 build v12.0.3rc0 (linux64 - "Ubuntu 24.04.4 LTS")

CPU model: Intel(R) Xeon(R) Gold 5218R CPU @ 2.10GHz, instruction set [SSE2|AVX|AVX2|AVX512]
Thread count: 40 physical cores, 40 logical processors, using up to 1 threads

Non-default parameters:
TimeLimit  4.0174800894847140e+03
Method  1
BarHomogeneous  1
Threads  1

Optimize a model with 770 rows, 199534 columns and 4916135 nonzeros
Coefficient statistics:
  Matrix range     [1e+00, 1e+00]
  Objective range  [1e+05, 5e+05]
  Bounds range     [0e+00, 0e+00]
  RHS range        [1e+00, 1e+00]
LP warm-start: use basis

Iteration    Objective       Primal Inf.    Dual Inf.      Time
       0   -5.1143041e+29   4.081688e+33   5.114305e-01      0s
     530   -4.5662306e+26   1.601905e+32   4.566332e-04      5s
     960    3.3013963e+06   1.974262e+02   0.000000e+00     10s
    1435    3.3013963e+06   1.724046e+01   0.000000e+00     15s
    1906    3.3013963e+06   7.302971e+00   0.000000e+00     21s
    2273    3.3013963e+06   0.000000e+00   0.000000e+00     25s

Solved in 2273 iterations and 25.07 seconds (36.88 work units)
Optimal objective  3.301396331e+06
Set parameter TimeLimit to value 3.9716460010427982e+03
Set parameter Method to value 1
Gurobi Optimizer version 12.0.3 build v12.0.3rc0 (linux64 - "Ubuntu 24.04.4 LTS")

CPU model: Intel(R) Xeon(R) Gold 5218R CPU @ 2.10GHz, instruction set [SSE2|AVX|AVX2|AVX512]
Thread count: 40 physical cores, 40 logical processors, using up to 1 threads

Non-default parameters:
TimeLimit  3.9716460010427982e+03
Method  1
BarHomogeneous  1
Threads  1

Optimize a model with 770 rows, 199564 columns and 4916990 nonzeros
Coefficient statistics:
  Matrix range     [1e+00, 1e+00]
  Objective range  [1e+05, 5e+05]
  Bounds range     [0e+00, 0e+00]
  RHS range        [1e+00, 1e+00]
LP warm-start: use basis

Iteration    Objective       Primal Inf.    Dual Inf.      Time
       0   -5.8269872e+29   9.581388e+33   5.826985e-01      0s
     480   -6.6614251e+27   3.722849e+32   6.664075e-03      5s
     979    3.3013963e+06   1.141856e+03   0.000000e+00     11s
    1454    3.3013963e+06   1.337638e+02   0.000000e+00     16s
    1920    3.3013963e+06   6.418774e+00   0.000000e+00     21s
    2275    3.3013963e+06   2.712633e+01   0.000000e+00     25s
    2715    3.3013963e+06   0.000000e+00   0.000000e+00     30s

Solved in 2715 iterations and 30.31 seconds (44.44 work units)
Optimal objective  3.301396331e+06
Set parameter TimeLimit to value 3.9204524026536383e+03
Set parameter Method to value 1
Gurobi Optimizer version 12.0.3 build v12.0.3rc0 (linux64 - "Ubuntu 24.04.4 LTS")

CPU model: Intel(R) Xeon(R) Gold 5218R CPU @ 2.10GHz, instruction set [SSE2|AVX|AVX2|AVX512]
Thread count: 40 physical cores, 40 logical processors, using up to 1 threads

Non-default parameters:
TimeLimit  3.9204524026536383e+03
Method  1
BarHomogeneous  1
Threads  1

Optimize a model with 770 rows, 199594 columns and 4917958 nonzeros
Coefficient statistics:
  Matrix range     [1e+00, 1e+00]
  Objective range  [1e+05, 5e+05]
  Bounds range     [0e+00, 0e+00]
  RHS range        [1e+00, 1e+00]
LP warm-start: use basis

Iteration    Objective       Primal Inf.    Dual Inf.      Time
       0   -4.7939992e+29   6.428708e+33   4.794000e-01      0s
     475   -2.3493383e+27   5.553249e+32   2.369274e-03      5s
     948    3.3013963e+06   8.697565e+01   0.000000e+00     10s
    1419    3.3013963e+06   5.233306e+01   0.000000e+00     16s
    1894    3.3013963e+06   1.781313e+01   0.000000e+00     21s
    2371    3.3013963e+06   1.040451e+00   0.000000e+00     26s
    2499    3.3013963e+06   0.000000e+00   0.000000e+00     28s

Solved in 2499 iterations and 27.58 seconds (40.84 work units)
Optimal objective  3.301396330e+06
Set parameter TimeLimit to value 3.8735309468079358e+03
Set parameter Method to value 1
Gurobi Optimizer version 12.0.3 build v12.0.3rc0 (linux64 - "Ubuntu 24.04.4 LTS")

CPU model: Intel(R) Xeon(R) Gold 5218R CPU @ 2.10GHz, instruction set [SSE2|AVX|AVX2|AVX512]
Thread count: 40 physical cores, 40 logical processors, using up to 1 threads

Non-default parameters:
TimeLimit  3.8735309468079358e+03
Method  1
BarHomogeneous  1
Threads  1

Optimize a model with 770 rows, 199624 columns and 4918850 nonzeros
Coefficient statistics:
  Matrix range     [1e+00, 1e+00]
  Objective range  [1e+05, 5e+05]
  Bounds range     [0e+00, 0e+00]
  RHS range        [1e+00, 1e+00]
LP warm-start: use basis

Iteration    Objective       Primal Inf.    Dual Inf.      Time
       0   -5.3896710e+29   1.106882e+34   5.389662e-01      0s
     172    3.3013963e+06   0.000000e+00   0.000000e+00      2s

Solved in 172 iterations and 2.29 seconds (3.18 work units)
Optimal objective  3.301396330e+06
Set parameter TimeLimit to value 3.8525154792205431e+03
Set parameter Method to value 1
Gurobi Optimizer version 12.0.3 build v12.0.3rc0 (linux64 - "Ubuntu 24.04.4 LTS")

CPU model: Intel(R) Xeon(R) Gold 5218R CPU @ 2.10GHz, instruction set [SSE2|AVX|AVX2|AVX512]
Thread count: 40 physical cores, 40 logical processors, using up to 1 threads

Non-default parameters:
TimeLimit  3.8525154792205431e+03
Method  1
BarHomogeneous  1
Threads  1

Optimize a model with 770 rows, 199654 columns and 4919691 nonzeros
Coefficient statistics:
  Matrix range     [1e+00, 1e+00]
  Objective range  [1e+05, 5e+05]
  Bounds range     [0e+00, 0e+00]
  RHS range        [1e+00, 1e+00]
LP warm-start: use basis

Iteration    Objective       Primal Inf.    Dual Inf.      Time
       0   -4.6581519e+29   5.472404e+33   4.658151e-01      0s
     495   -2.4265380e+28   1.308334e+33   2.426536e-02      5s
    1015    3.3013963e+06   2.770042e+03   0.000000e+00     11s
    1491    3.3013963e+06   1.260032e+02   0.000000e+00     16s
    1840    3.3013963e+06   9.409639e+01   0.000000e+00     20s
    2310    3.3013963e+06   7.175749e+01   0.000000e+00     26s
    2776    3.3013963e+06   1.854325e+01   0.000000e+00     31s
    3252    3.3013963e+06   1.340426e+01   0.000000e+00     36s
    3609    3.3013963e+06   0.000000e+00   0.000000e+00     40s
    3614    3.3013963e+06   0.000000e+00   0.000000e+00     41s

Solved in 3614 iterations and 40.55 seconds (58.61 work units)
Optimal objective  3.301396330e+06
Set parameter TimeLimit to value 3.7908306514108554e+03
Set parameter Method to value 1
Gurobi Optimizer version 12.0.3 build v12.0.3rc0 (linux64 - "Ubuntu 24.04.4 LTS")

CPU model: Intel(R) Xeon(R) Gold 5218R CPU @ 2.10GHz, instruction set [SSE2|AVX|AVX2|AVX512]
Thread count: 40 physical cores, 40 logical processors, using up to 1 threads

Non-default parameters:
TimeLimit  3.7908306514108554e+03
Method  1
BarHomogeneous  1
Threads  1

Optimize a model with 770 rows, 199684 columns and 4920599 nonzeros
Coefficient statistics:
  Matrix range     [1e+00, 1e+00]
  Objective range  [1e+05, 5e+05]
  Bounds range     [0e+00, 0e+00]
  RHS range        [1e+00, 1e+00]
LP warm-start: use basis

Iteration    Objective       Primal Inf.    Dual Inf.      Time
       0   -1.8666343e+30   4.954435e+34   1.866634e+00      0s
      87    3.3013963e+06   0.000000e+00   0.000000e+00      1s

Solved in 87 iterations and 1.33 seconds (1.70 work units)
Optimal objective  3.301396330e+06
Set parameter TimeLimit to value 3.7724984861598350e+03
Set parameter Method to value 1
Gurobi Optimizer version 12.0.3 build v12.0.3rc0 (linux64 - "Ubuntu 24.04.4 LTS")

CPU model: Intel(R) Xeon(R) Gold 5218R CPU @ 2.10GHz, instruction set [SSE2|AVX|AVX2|AVX512]
Thread count: 40 physical cores, 40 logical processors, using up to 1 threads

Non-default parameters:
TimeLimit  3.7724984861598350e+03
Method  1
BarHomogeneous  1
Threads  1

Optimize a model with 770 rows, 199714 columns and 4921528 nonzeros
Coefficient statistics:
  Matrix range     [1e+00, 1e+00]
  Objective range  [1e+05, 5e+05]
  Bounds range     [0e+00, 0e+00]
  RHS range        [1e+00, 1e+00]
LP warm-start: use basis

Iteration    Objective       Primal Inf.    Dual Inf.      Time
       0   -7.7463979e+29   1.105322e+34   7.746394e-01      0s
     537    3.3013963e+06   5.439245e-01   0.000000e+00      6s
     635    3.3013963e+06   0.000000e+00   0.000000e+00      8s

Solved in 635 iterations and 7.58 seconds (11.04 work units)
Optimal objective  3.301396330e+06
Set parameter TimeLimit to value 3.7456271592532285e+03
Set parameter Method to value 1
Gurobi Optimizer version 12.0.3 build v12.0.3rc0 (linux64 - "Ubuntu 24.04.4 LTS")

CPU model: Intel(R) Xeon(R) Gold 5218R CPU @ 2.10GHz, instruction set [SSE2|AVX|AVX2|AVX512]
Thread count: 40 physical cores, 40 logical processors, using up to 1 threads

Non-default parameters:
TimeLimit  3.7456271592532285e+03
Method  1
BarHomogeneous  1
Threads  1

Optimize a model with 770 rows, 199744 columns and 4922486 nonzeros
Coefficient statistics:
  Matrix range     [1e+00, 1e+00]
  Objective range  [1e+05, 5e+05]
  Bounds range     [0e+00, 0e+00]
  RHS range        [1e+00, 1e+00]
LP warm-start: use basis

Iteration    Objective       Primal Inf.    Dual Inf.      Time
       0   -5.4094056e+29   8.953681e+34   5.409401e-01      0s
      57    3.3013963e+06   0.000000e+00   0.000000e+00      1s

Solved in 57 iterations and 0.97 seconds (1.20 work units)
Optimal objective  3.301396330e+06
Set parameter TimeLimit to value 3.7258457338102162e+03
Set parameter Method to value 1
Gurobi Optimizer version 12.0.3 build v12.0.3rc0 (linux64 - "Ubuntu 24.04.4 LTS")

CPU model: Intel(R) Xeon(R) Gold 5218R CPU @ 2.10GHz, instruction set [SSE2|AVX|AVX2|AVX512]
Thread count: 40 physical cores, 40 logical processors, using up to 1 threads

Non-default parameters:
TimeLimit  3.7258457338102162e+03
Method  1
BarHomogeneous  1
Threads  1

Optimize a model with 770 rows, 199774 columns and 4923488 nonzeros
Coefficient statistics:
  Matrix range     [1e+00, 1e+00]
  Objective range  [1e+05, 5e+05]
  Bounds range     [0e+00, 0e+00]
  RHS range        [1e+00, 1e+00]
LP warm-start: use basis

Iteration    Objective       Primal Inf.    Dual Inf.      Time
       0   -5.2627840e+29   7.397836e+33   5.262783e-01      0s
      30    3.3013963e+06   0.000000e+00   0.000000e+00      1s

Solved in 30 iterations and 0.62 seconds (0.66 work units)
Optimal objective  3.301396330e+06
Set parameter TimeLimit to value 3.7080798977566883e+03
Set parameter Method to value 1
Gurobi Optimizer version 12.0.3 build v12.0.3rc0 (linux64 - "Ubuntu 24.04.4 LTS")

CPU model: Intel(R) Xeon(R) Gold 5218R CPU @ 2.10GHz, instruction set [SSE2|AVX|AVX2|AVX512]
Thread count: 40 physical cores, 40 logical processors, using up to 1 threads

Non-default parameters:
TimeLimit  3.7080798977566883e+03
Method  1
BarHomogeneous  1
Threads  1

Optimize a model with 770 rows, 199804 columns and 4924419 nonzeros
Coefficient statistics:
  Matrix range     [1e+00, 1e+00]
  Objective range  [1e+05, 5e+05]
  Bounds range     [0e+00, 0e+00]
  RHS range        [1e+00, 1e+00]
LP warm-start: use basis

Iteration    Objective       Primal Inf.    Dual Inf.      Time
       0   -5.0946639e+29   1.308574e+34   5.094666e-01      0s
     509    3.3013963e+06   5.266096e+02   0.000000e+00      6s
     983    3.3013963e+06   7.205558e+01   0.000000e+00     11s
    1459    3.3013963e+06   7.887734e-01   0.000000e+00     16s
    1599    3.3013963e+06   0.000000e+00   0.000000e+00     18s

Solved in 1599 iterations and 18.00 seconds (26.52 work units)
Optimal objective  3.301396330e+06
Set parameter TimeLimit to value 3.6705160239753313e+03
Set parameter Method to value 1
Gurobi Optimizer version 12.0.3 build v12.0.3rc0 (linux64 - "Ubuntu 24.04.4 LTS")

CPU model: Intel(R) Xeon(R) Gold 5218R CPU @ 2.10GHz, instruction set [SSE2|AVX|AVX2|AVX512]
Thread count: 40 physical cores, 40 logical processors, using up to 1 threads

Non-default parameters:
TimeLimit  3.6705160239753313e+03
Method  1
BarHomogeneous  1
Threads  1

Optimize a model with 770 rows, 199834 columns and 4925460 nonzeros
Coefficient statistics:
  Matrix range     [1e+00, 1e+00]
  Objective range  [1e+05, 5e+05]
  Bounds range     [0e+00, 0e+00]
  RHS range        [1e+00, 1e+00]
LP warm-start: use basis

Iteration    Objective       Primal Inf.    Dual Inf.      Time
       0   -6.1062171e+29   1.434475e+34   6.106206e-01      0s
     154    3.3013963e+06   0.000000e+00   0.000000e+00      2s

Solved in 154 iterations and 2.12 seconds (2.87 work units)
Optimal objective  3.301396330e+06
Set parameter TimeLimit to value 3.6498286202754825e+03
Set parameter Method to value 1
Gurobi Optimizer version 12.0.3 build v12.0.3rc0 (linux64 - "Ubuntu 24.04.4 LTS")

CPU model: Intel(R) Xeon(R) Gold 5218R CPU @ 2.10GHz, instruction set [SSE2|AVX|AVX2|AVX512]
Thread count: 40 physical cores, 40 logical processors, using up to 1 threads

Non-default parameters:
TimeLimit  3.6498286202754825e+03
Method  1
BarHomogeneous  1
Threads  1

Optimize a model with 770 rows, 199864 columns and 4926445 nonzeros
Coefficient statistics:
  Matrix range     [1e+00, 1e+00]
  Objective range  [1e+05, 5e+05]
  Bounds range     [0e+00, 0e+00]
  RHS range        [1e+00, 1e+00]
LP warm-start: use basis

Iteration    Objective       Primal Inf.    Dual Inf.      Time
       0   -5.6774800e+29   5.745023e+33   5.677480e-01      0s
     380    3.3013963e+06   0.000000e+00   0.000000e+00      5s

Solved in 380 iterations and 4.55 seconds (6.54 work units)
Optimal objective  3.301396330e+06
Set parameter TimeLimit to value 3.6269363076239824e+03
Set parameter Method to value 1
Gurobi Optimizer version 12.0.3 build v12.0.3rc0 (linux64 - "Ubuntu 24.04.4 LTS")

CPU model: Intel(R) Xeon(R) Gold 5218R CPU @ 2.10GHz, instruction set [SSE2|AVX|AVX2|AVX512]
Thread count: 40 physical cores, 40 logical processors, using up to 1 threads

Non-default parameters:
TimeLimit  3.6269363076239824e+03
Method  1
BarHomogeneous  1
Threads  1

Optimize a model with 770 rows, 199894 columns and 4927510 nonzeros
Coefficient statistics:
  Matrix range     [1e+00, 1e+00]
  Objective range  [1e+05, 5e+05]
  Bounds range     [0e+00, 0e+00]
  RHS range        [1e+00, 1e+00]
LP warm-start: use basis

Iteration    Objective       Primal Inf.    Dual Inf.      Time
       0   -5.1810240e+29   3.499666e+34   5.181027e-01      0s
      40    3.3013963e+06   0.000000e+00   0.000000e+00      1s

Solved in 40 iterations and 0.78 seconds (0.92 work units)
Optimal objective  3.301396330e+06
Set parameter TimeLimit to value 3.6077255892790854e+03
Set parameter Method to value 1
Gurobi Optimizer version 12.0.3 build v12.0.3rc0 (linux64 - "Ubuntu 24.04.4 LTS")

CPU model: Intel(R) Xeon(R) Gold 5218R CPU @ 2.10GHz, instruction set [SSE2|AVX|AVX2|AVX512]
Thread count: 40 physical cores, 40 logical processors, using up to 1 threads

Non-default parameters:
TimeLimit  3.6077255892790854e+03
Method  1
BarHomogeneous  1
Threads  1

Optimize a model with 770 rows, 199924 columns and 4928513 nonzeros
Coefficient statistics:
  Matrix range     [1e+00, 1e+00]
  Objective range  [1e+05, 5e+05]
  Bounds range     [0e+00, 0e+00]
  RHS range        [1e+00, 1e+00]
LP warm-start: use basis

Iteration    Objective       Primal Inf.    Dual Inf.      Time
       0   -2.9049166e+30   1.133023e+35   2.904913e+00      0s
       1    3.3013963e+06   0.000000e+00   0.000000e+00      0s

Solved in 1 iterations and 0.38 seconds (0.32 work units)
Optimal objective  3.301396330e+06
Set parameter TimeLimit to value 3.5884796411735006e+03
Set parameter Method to value 1
Gurobi Optimizer version 12.0.3 build v12.0.3rc0 (linux64 - "Ubuntu 24.04.4 LTS")

CPU model: Intel(R) Xeon(R) Gold 5218R CPU @ 2.10GHz, instruction set [SSE2|AVX|AVX2|AVX512]
Thread count: 40 physical cores, 40 logical processors, using up to 1 threads

Non-default parameters:
TimeLimit  3.5884796411735006e+03
Method  1
BarHomogeneous  1
Threads  1

Optimize a model with 770 rows, 199954 columns and 4929483 nonzeros
Coefficient statistics:
  Matrix range     [1e+00, 1e+00]
  Objective range  [1e+05, 5e+05]
  Bounds range     [0e+00, 0e+00]
  RHS range        [1e+00, 1e+00]
LP warm-start: use basis

Iteration    Objective       Primal Inf.    Dual Inf.      Time
       0   -4.8502662e+29   2.837083e+34   4.850279e-01      0s
     609   -2.3493436e+28   2.405660e+33   2.349394e-02      5s
    1158    3.3013963e+06   4.683470e+03   0.000000e+00     11s
    1513    3.3013963e+06   3.090691e+02   0.000000e+00     15s
    1985    3.3013963e+06   8.533043e+01   0.000000e+00     20s
    2458    3.3013963e+06   2.332239e+01   0.000000e+00     26s
    2934    3.3013963e+06   5.691696e+00   0.000000e+00     31s
    3354    3.3013963e+06   0.000000e+00   0.000000e+00     36s

Solved in 3354 iterations and 35.76 seconds (52.90 work units)
Optimal objective  3.301396329e+06
Set parameter TimeLimit to value 3.5318527122763917e+03
Set parameter Method to value 1
Gurobi Optimizer version 12.0.3 build v12.0.3rc0 (linux64 - "Ubuntu 24.04.4 LTS")

CPU model: Intel(R) Xeon(R) Gold 5218R CPU @ 2.10GHz, instruction set [SSE2|AVX|AVX2|AVX512]
Thread count: 40 physical cores, 40 logical processors, using up to 1 threads

Non-default parameters:
TimeLimit  3.5318527122763917e+03
Method  1
BarHomogeneous  1
Threads  1

Optimize a model with 770 rows, 199984 columns and 4930472 nonzeros
Coefficient statistics:
  Matrix range     [1e+00, 1e+00]
  Objective range  [1e+05, 5e+05]
  Bounds range     [0e+00, 0e+00]
  RHS range        [1e+00, 1e+00]
LP warm-start: use basis

Iteration    Objective       Primal Inf.    Dual Inf.      Time
       0   -6.5950537e+29   2.152144e+34   6.595057e-01      0s
     100    3.3013963e+06   0.000000e+00   0.000000e+00      1s

Solved in 100 iterations and 1.46 seconds (1.91 work units)
Optimal objective  3.301396329e+06
Set parameter TimeLimit to value 3.5131546494476497e+03
Set parameter Method to value 1
Gurobi Optimizer version 12.0.3 build v12.0.3rc0 (linux64 - "Ubuntu 24.04.4 LTS")

CPU model: Intel(R) Xeon(R) Gold 5218R CPU @ 2.10GHz, instruction set [SSE2|AVX|AVX2|AVX512]
Thread count: 40 physical cores, 40 logical processors, using up to 1 threads

Non-default parameters:
TimeLimit  3.5131546494476497e+03
Method  1
BarHomogeneous  1
Threads  1

Optimize a model with 770 rows, 200014 columns and 4931259 nonzeros
Coefficient statistics:
  Matrix range     [1e+00, 1e+00]
  Objective range  [1e+05, 5e+05]
  Bounds range     [0e+00, 0e+00]
  RHS range        [1e+00, 1e+00]
LP warm-start: use basis

Iteration    Objective       Primal Inf.    Dual Inf.      Time
       0   -4.3847589e+29   4.826107e+33   4.384759e-01      0s
     537   -2.6663822e+26   1.542694e+32   2.937881e-04      5s
     958    3.3013963e+06   4.816907e+01   0.000000e+00     10s
    1405    3.3013963e+06   8.748400e+00   0.000000e+00     15s
    1878    3.3013963e+06   4.598902e-01   0.000000e+00     21s
    2352    3.3013963e+06   0.000000e+00   0.000000e+00     25s

Solved in 2352 iterations and 25.40 seconds (38.22 work units)
Optimal objective  3.301396329e+06
Set parameter TimeLimit to value 3.4668083539870568e+03
Set parameter Method to value 1
Gurobi Optimizer version 12.0.3 build v12.0.3rc0 (linux64 - "Ubuntu 24.04.4 LTS")

CPU model: Intel(R) Xeon(R) Gold 5218R CPU @ 2.10GHz, instruction set [SSE2|AVX|AVX2|AVX512]
Thread count: 40 physical cores, 40 logical processors, using up to 1 threads

Non-default parameters:
TimeLimit  3.4668083539870568e+03
Method  1
BarHomogeneous  1
Threads  1

Optimize a model with 770 rows, 200044 columns and 4932141 nonzeros
Coefficient statistics:
  Matrix range     [1e+00, 1e+00]
  Objective range  [1e+05, 5e+05]
  Bounds range     [0e+00, 0e+00]
  RHS range        [1e+00, 1e+00]
LP warm-start: use basis

Iteration    Objective       Primal Inf.    Dual Inf.      Time
       0   -4.2468751e+29   5.827629e+33   4.246877e-01      0s
     542   -1.1765181e+28   1.819278e+33   1.180816e-02      5s
    1019    3.3013963e+06   2.681386e+03   0.000000e+00     10s
    1491    3.3013963e+06   8.977155e+02   0.000000e+00     16s
    1957    3.3013963e+06   3.745582e+02   0.000000e+00     21s
    2429    3.3013963e+06   6.274026e+01   0.000000e+00     26s
    2787    3.3013963e+06   1.504472e+02   0.000000e+00     30s
    3265    3.3013963e+06   1.872279e+00   0.000000e+00     35s
    3743    3.3013963e+06   1.913837e-01   0.000000e+00     41s
    3791    3.3013963e+06   0.000000e+00   0.000000e+00     41s

Solved in 3791 iterations and 41.44 seconds (61.55 work units)
Optimal objective  3.301396329e+06
Set parameter TimeLimit to value 3.4044402406937443e+03
Set parameter Method to value 1
Gurobi Optimizer version 12.0.3 build v12.0.3rc0 (linux64 - "Ubuntu 24.04.4 LTS")

CPU model: Intel(R) Xeon(R) Gold 5218R CPU @ 2.10GHz, instruction set [SSE2|AVX|AVX2|AVX512]
Thread count: 40 physical cores, 40 logical processors, using up to 1 threads

Non-default parameters:
TimeLimit  3.4044402406937443e+03
Method  1
BarHomogeneous  1
Threads  1

Optimize a model with 770 rows, 200074 columns and 4933089 nonzeros
Coefficient statistics:
  Matrix range     [1e+00, 1e+00]
  Objective range  [1e+05, 5e+05]
  Bounds range     [0e+00, 0e+00]
  RHS range        [1e+00, 1e+00]
LP warm-start: use basis

Iteration    Objective       Primal Inf.    Dual Inf.      Time
       0   -7.1746851e+29   1.228016e+34   7.174686e-01      0s
     125    3.3013963e+06   0.000000e+00   0.000000e+00      2s

Solved in 125 iterations and 1.89 seconds (2.65 work units)
Optimal objective  3.301396329e+06
Set parameter TimeLimit to value 3.3853473447915167e+03
Set parameter Method to value 1
Gurobi Optimizer version 12.0.3 build v12.0.3rc0 (linux64 - "Ubuntu 24.04.4 LTS")

CPU model: Intel(R) Xeon(R) Gold 5218R CPU @ 2.10GHz, instruction set [SSE2|AVX|AVX2|AVX512]
Thread count: 40 physical cores, 40 logical processors, using up to 1 threads

Non-default parameters:
TimeLimit  3.3853473447915167e+03
Method  1
BarHomogeneous  1
Threads  1

Optimize a model with 770 rows, 200104 columns and 4933862 nonzeros
Coefficient statistics:
  Matrix range     [1e+00, 1e+00]
  Objective range  [1e+05, 5e+05]
  Bounds range     [0e+00, 0e+00]
  RHS range        [1e+00, 1e+00]
LP warm-start: use basis

Iteration    Objective       Primal Inf.    Dual Inf.      Time
       0   -4.8262274e+29   5.471683e+33   4.826228e-01      0s
     398    3.3013963e+06   0.000000e+00   0.000000e+00      5s

Solved in 398 iterations and 4.78 seconds (6.90 work units)
Optimal objective  3.301396329e+06
Set parameter TimeLimit to value 3.3613550547934137e+03
Set parameter Method to value 1
Gurobi Optimizer version 12.0.3 build v12.0.3rc0 (linux64 - "Ubuntu 24.04.4 LTS")

CPU model: Intel(R) Xeon(R) Gold 5218R CPU @ 2.10GHz, instruction set [SSE2|AVX|AVX2|AVX512]
Thread count: 40 physical cores, 40 logical processors, using up to 1 threads

Non-default parameters:
TimeLimit  3.3613550547934137e+03
Method  1
BarHomogeneous  1
Threads  1

Optimize a model with 770 rows, 200134 columns and 4934770 nonzeros
Coefficient statistics:
  Matrix range     [1e+00, 1e+00]
  Objective range  [1e+05, 5e+05]
  Bounds range     [0e+00, 0e+00]
  RHS range        [1e+00, 1e+00]
LP warm-start: use basis

Iteration    Objective       Primal Inf.    Dual Inf.      Time
       0   -3.9769127e+29   5.097497e+33   3.976915e-01      0s
     109    3.3013963e+06   0.000000e+00   0.000000e+00      2s

Solved in 109 iterations and 1.58 seconds (2.14 work units)
Optimal objective  3.301396329e+06
Set parameter TimeLimit to value 3.3410022952607833e+03
Set parameter Method to value 1
Gurobi Optimizer version 12.0.3 build v12.0.3rc0 (linux64 - "Ubuntu 24.04.4 LTS")

CPU model: Intel(R) Xeon(R) Gold 5218R CPU @ 2.10GHz, instruction set [SSE2|AVX|AVX2|AVX512]
Thread count: 40 physical cores, 40 logical processors, using up to 1 threads

Non-default parameters:
TimeLimit  3.3410022952607833e+03
Method  1
BarHomogeneous  1
Threads  1

Optimize a model with 770 rows, 200164 columns and 4935677 nonzeros
Coefficient statistics:
  Matrix range     [1e+00, 1e+00]
  Objective range  [1e+05, 5e+05]
  Bounds range     [0e+00, 0e+00]
  RHS range        [1e+00, 1e+00]
LP warm-start: use basis

Iteration    Objective       Primal Inf.    Dual Inf.      Time
       0   -3.7823891e+29   3.355801e+33   3.782413e-01      0s
     500   -1.9892379e+28   1.081136e+33   1.994071e-02      5s
    1012   -3.8265836e+27   3.564525e+32   3.967951e-03     11s
    1487    3.3013963e+06   1.451291e+02   0.000000e+00     16s
    1960    3.3013963e+06   8.642301e+01   0.000000e+00     21s
    2311    3.3013963e+06   2.175558e+02   0.000000e+00     25s
    2779    3.3013963e+06   2.248487e+01   0.000000e+00     30s
    3250    3.3013963e+06   5.666971e-01   0.000000e+00     36s
    3489    3.3013963e+06   0.000000e+00   0.000000e+00     38s

Solved in 3489 iterations and 38.39 seconds (56.89 work units)
Optimal objective  3.301396328e+06
Set parameter TimeLimit to value 3.2819077767520212e+03
Set parameter Method to value 1
Gurobi Optimizer version 12.0.3 build v12.0.3rc0 (linux64 - "Ubuntu 24.04.4 LTS")

CPU model: Intel(R) Xeon(R) Gold 5218R CPU @ 2.10GHz, instruction set [SSE2|AVX|AVX2|AVX512]
Thread count: 40 physical cores, 40 logical processors, using up to 1 threads

Non-default parameters:
TimeLimit  3.2819077767520212e+03
Method  1
BarHomogeneous  1
Threads  1

Optimize a model with 770 rows, 200194 columns and 4936667 nonzeros
Coefficient statistics:
  Matrix range     [1e+00, 1e+00]
  Objective range  [1e+05, 5e+05]
  Bounds range     [0e+00, 0e+00]
  RHS range        [1e+00, 1e+00]
LP warm-start: use basis

Iteration    Objective       Primal Inf.    Dual Inf.      Time
       0   -5.3253193e+29   8.726339e+33   5.325321e-01      0s
     119    3.3013963e+06   0.000000e+00   0.000000e+00      2s

Solved in 119 iterations and 1.70 seconds (2.25 work units)
Optimal objective  3.301396328e+06
Set parameter TimeLimit to value 3.2630685043646954e+03
Set parameter Method to value 1
Gurobi Optimizer version 12.0.3 build v12.0.3rc0 (linux64 - "Ubuntu 24.04.4 LTS")

CPU model: Intel(R) Xeon(R) Gold 5218R CPU @ 2.10GHz, instruction set [SSE2|AVX|AVX2|AVX512]
Thread count: 40 physical cores, 40 logical processors, using up to 1 threads

Non-default parameters:
TimeLimit  3.2630685043646954e+03
Method  1
BarHomogeneous  1
Threads  1

Optimize a model with 770 rows, 200224 columns and 4937580 nonzeros
Coefficient statistics:
  Matrix range     [1e+00, 1e+00]
  Objective range  [1e+05, 5e+05]
  Bounds range     [0e+00, 0e+00]
  RHS range        [1e+00, 1e+00]
LP warm-start: use basis

Iteration    Objective       Primal Inf.    Dual Inf.      Time
       0   -4.3464657e+29   1.234582e+34   4.346464e-01      0s
     241    3.3013963e+06   0.000000e+00   0.000000e+00      3s

Solved in 241 iterations and 3.05 seconds (4.32 work units)
Optimal objective  3.301396328e+06
Set parameter TimeLimit to value 3.2410494670243934e+03
Set parameter Method to value 1
Gurobi Optimizer version 12.0.3 build v12.0.3rc0 (linux64 - "Ubuntu 24.04.4 LTS")

CPU model: Intel(R) Xeon(R) Gold 5218R CPU @ 2.10GHz, instruction set [SSE2|AVX|AVX2|AVX512]
Thread count: 40 physical cores, 40 logical processors, using up to 1 threads

Non-default parameters:
TimeLimit  3.2410494670243934e+03
Method  1
BarHomogeneous  1
Threads  1

Optimize a model with 770 rows, 200254 columns and 4938515 nonzeros
Coefficient statistics:
  Matrix range     [1e+00, 1e+00]
  Objective range  [1e+05, 5e+05]
  Bounds range     [0e+00, 0e+00]
  RHS range        [1e+00, 1e+00]
LP warm-start: use basis

Iteration    Objective       Primal Inf.    Dual Inf.      Time
       0   -3.9420015e+29   1.288882e+34   3.941999e-01      0s
     494   -3.9311395e+27   3.976786e+32   3.931609e-03      5s
    1009    3.3013963e+06   3.934491e+02   0.000000e+00     11s
    1481    3.3013963e+06   1.000986e+02   0.000000e+00     16s
    1834    3.3013963e+06   1.098255e+01   0.000000e+00     20s
    2310    3.3013963e+06   1.019152e-01   0.000000e+00     26s
    2378    3.3013963e+06   0.000000e+00   0.000000e+00     27s

Solved in 2378 iterations and 26.60 seconds (38.49 work units)
Optimal objective  3.301396328e+06
Set parameter TimeLimit to value 3.1951128698405810e+03
Set parameter Method to value 1
Gurobi Optimizer version 12.0.3 build v12.0.3rc0 (linux64 - "Ubuntu 24.04.4 LTS")

CPU model: Intel(R) Xeon(R) Gold 5218R CPU @ 2.10GHz, instruction set [SSE2|AVX|AVX2|AVX512]
Thread count: 40 physical cores, 40 logical processors, using up to 1 threads

Non-default parameters:
TimeLimit  3.1951128698405810e+03
Method  1
BarHomogeneous  1
Threads  1

Optimize a model with 770 rows, 200284 columns and 4939201 nonzeros
Coefficient statistics:
  Matrix range     [1e+00, 1e+00]
  Objective range  [1e+05, 5e+05]
  Bounds range     [0e+00, 0e+00]
  RHS range        [1e+00, 1e+00]
LP warm-start: use basis

Iteration    Objective       Primal Inf.    Dual Inf.      Time
       0   -1.1615415e+30   1.445961e+34   1.161542e+00      0s
     255    3.3013963e+06   0.000000e+00   0.000000e+00      3s

Solved in 255 iterations and 3.22 seconds (4.70 work units)
Optimal objective  3.301396328e+06
Set parameter TimeLimit to value 3.1729726230385713e+03
Set parameter Method to value 1
Gurobi Optimizer version 12.0.3 build v12.0.3rc0 (linux64 - "Ubuntu 24.04.4 LTS")

CPU model: Intel(R) Xeon(R) Gold 5218R CPU @ 2.10GHz, instruction set [SSE2|AVX|AVX2|AVX512]
Thread count: 40 physical cores, 40 logical processors, using up to 1 threads

Non-default parameters:
TimeLimit  3.1729726230385713e+03
Method  1
BarHomogeneous  1
Threads  1

Optimize a model with 770 rows, 200314 columns and 4939889 nonzeros
Coefficient statistics:
  Matrix range     [1e+00, 1e+00]
  Objective range  [1e+05, 5e+05]
  Bounds range     [0e+00, 0e+00]
  RHS range        [1e+00, 1e+00]
LP warm-start: use basis

Iteration    Objective       Primal Inf.    Dual Inf.      Time
       0   -1.1606786e+30   1.640766e+34   1.160680e+00      0s
      95    3.3013963e+06   0.000000e+00   0.000000e+00      1s

Solved in 95 iterations and 1.45 seconds (1.88 work units)
Optimal objective  3.301396328e+06
Set parameter TimeLimit to value 3.1537037401068956e+03
Set parameter Method to value 1
Gurobi Optimizer version 12.0.3 build v12.0.3rc0 (linux64 - "Ubuntu 24.04.4 LTS")

CPU model: Intel(R) Xeon(R) Gold 5218R CPU @ 2.10GHz, instruction set [SSE2|AVX|AVX2|AVX512]
Thread count: 40 physical cores, 40 logical processors, using up to 1 threads

Non-default parameters:
TimeLimit  3.1537037401068956e+03
Method  1
BarHomogeneous  1
Threads  1

Optimize a model with 770 rows, 200344 columns and 4940572 nonzeros
Coefficient statistics:
  Matrix range     [1e+00, 1e+00]
  Objective range  [1e+05, 5e+05]
  Bounds range     [0e+00, 0e+00]
  RHS range        [1e+00, 1e+00]
LP warm-start: use basis

Iteration    Objective       Primal Inf.    Dual Inf.      Time
       0   -1.2335328e+30   2.221957e+34   1.233533e+00      0s
     119    3.3013963e+06   0.000000e+00   0.000000e+00      2s

Solved in 119 iterations and 1.84 seconds (2.58 work units)
Optimal objective  3.301396328e+06
Set parameter TimeLimit to value 3.1331914981422015e+03
Set parameter Method to value 1
Gurobi Optimizer version 12.0.3 build v12.0.3rc0 (linux64 - "Ubuntu 24.04.4 LTS")

CPU model: Intel(R) Xeon(R) Gold 5218R CPU @ 2.10GHz, instruction set [SSE2|AVX|AVX2|AVX512]
Thread count: 40 physical cores, 40 logical processors, using up to 1 threads

Non-default parameters:
TimeLimit  3.1331914981422015e+03
Method  1
BarHomogeneous  1
Threads  1

Optimize a model with 770 rows, 200374 columns and 4941259 nonzeros
Coefficient statistics:
  Matrix range     [1e+00, 1e+00]
  Objective range  [1e+05, 5e+05]
  Bounds range     [0e+00, 0e+00]
  RHS range        [1e+00, 1e+00]
LP warm-start: use basis

Iteration    Objective       Primal Inf.    Dual Inf.      Time
       0   -1.0498729e+30   2.784157e+34   1.049872e+00      0s
     156    3.3013963e+06   0.000000e+00   0.000000e+00      2s

Solved in 156 iterations and 2.17 seconds (2.97 work units)
Optimal objective  3.301396328e+06
Set parameter TimeLimit to value 3.1124764350368641e+03
Set parameter Method to value 1
Gurobi Optimizer version 12.0.3 build v12.0.3rc0 (linux64 - "Ubuntu 24.04.4 LTS")

CPU model: Intel(R) Xeon(R) Gold 5218R CPU @ 2.10GHz, instruction set [SSE2|AVX|AVX2|AVX512]
Thread count: 40 physical cores, 40 logical processors, using up to 1 threads

Non-default parameters:
TimeLimit  3.1124764350368641e+03
Method  1
BarHomogeneous  1
Threads  1

Optimize a model with 770 rows, 200404 columns and 4942023 nonzeros
Coefficient statistics:
  Matrix range     [1e+00, 1e+00]
  Objective range  [1e+05, 5e+05]
  Bounds range     [0e+00, 0e+00]
  RHS range        [1e+00, 1e+00]
LP warm-start: use basis

Iteration    Objective       Primal Inf.    Dual Inf.      Time
       0   -6.0933956e+29   1.254088e+34   6.093396e-01      0s
       1    3.3013963e+06   0.000000e+00   0.000000e+00      0s

Solved in 1 iterations and 0.40 seconds (0.32 work units)
Optimal objective  3.301396328e+06
Set parameter TimeLimit to value 3.0941059079058468e+03
Set parameter Method to value 1
Gurobi Optimizer version 12.0.3 build v12.0.3rc0 (linux64 - "Ubuntu 24.04.4 LTS")

CPU model: Intel(R) Xeon(R) Gold 5218R CPU @ 2.10GHz, instruction set [SSE2|AVX|AVX2|AVX512]
Thread count: 40 physical cores, 40 logical processors, using up to 1 threads

Non-default parameters:
TimeLimit  3.0941059079058468e+03
Method  1
BarHomogeneous  1
Threads  1

Optimize a model with 770 rows, 200434 columns and 4942756 nonzeros
Coefficient statistics:
  Matrix range     [1e+00, 1e+00]
  Objective range  [1e+05, 5e+05]
  Bounds range     [0e+00, 0e+00]
  RHS range        [1e+00, 1e+00]
LP warm-start: use basis

Iteration    Objective       Primal Inf.    Dual Inf.      Time
       0   -5.8036585e+29   8.044901e+33   5.803661e-01      0s
      83    3.3013963e+06   0.000000e+00   0.000000e+00      1s

Solved in 83 iterations and 1.27 seconds (1.64 work units)
Optimal objective  3.301396328e+06
Set parameter TimeLimit to value 3.0746170757827349e+03
Set parameter Method to value 1
Gurobi Optimizer version 12.0.3 build v12.0.3rc0 (linux64 - "Ubuntu 24.04.4 LTS")

CPU model: Intel(R) Xeon(R) Gold 5218R CPU @ 2.10GHz, instruction set [SSE2|AVX|AVX2|AVX512]
Thread count: 40 physical cores, 40 logical processors, using up to 1 threads

Non-default parameters:
TimeLimit  3.0746170757827349e+03
Method  1
BarHomogeneous  1
Threads  1

Optimize a model with 770 rows, 200464 columns and 4943486 nonzeros
Coefficient statistics:
  Matrix range     [1e+00, 1e+00]
  Objective range  [1e+05, 5e+05]
  Bounds range     [0e+00, 0e+00]
  RHS range        [1e+00, 1e+00]
LP warm-start: use basis

Iteration    Objective       Primal Inf.    Dual Inf.      Time
       0   -5.6261314e+29   7.536421e+33   5.626133e-01      0s
      30    3.3013963e+06   0.000000e+00   0.000000e+00      1s

Solved in 30 iterations and 0.58 seconds (0.67 work units)
Optimal objective  3.301396328e+06
Set parameter TimeLimit to value 3.0554903481490910e+03
Set parameter Method to value 1
Gurobi Optimizer version 12.0.3 build v12.0.3rc0 (linux64 - "Ubuntu 24.04.4 LTS")

CPU model: Intel(R) Xeon(R) Gold 5218R CPU @ 2.10GHz, instruction set [SSE2|AVX|AVX2|AVX512]
Thread count: 40 physical cores, 40 logical processors, using up to 1 threads

Non-default parameters:
TimeLimit  3.0554903481490910e+03
Method  1
BarHomogeneous  1
Threads  1

Optimize a model with 770 rows, 200494 columns and 4944220 nonzeros
Coefficient statistics:
  Matrix range     [1e+00, 1e+00]
  Objective range  [1e+05, 5e+05]
  Bounds range     [0e+00, 0e+00]
  RHS range        [1e+00, 1e+00]
LP warm-start: use basis

Iteration    Objective       Primal Inf.    Dual Inf.      Time
       0   -5.2310534e+29   8.128314e+33   5.231054e-01      0s
      75    3.3013963e+06   0.000000e+00   0.000000e+00      1s

Solved in 75 iterations and 1.16 seconds (1.45 work units)
Optimal objective  3.301396328e+06
Set parameter TimeLimit to value 3.0368436236493289e+03
Set parameter Method to value 1
Gurobi Optimizer version 12.0.3 build v12.0.3rc0 (linux64 - "Ubuntu 24.04.4 LTS")

CPU model: Intel(R) Xeon(R) Gold 5218R CPU @ 2.10GHz, instruction set [SSE2|AVX|AVX2|AVX512]
Thread count: 40 physical cores, 40 logical processors, using up to 1 threads

Non-default parameters:
TimeLimit  3.0368436236493289e+03
Method  1
BarHomogeneous  1
Threads  1

Optimize a model with 770 rows, 200524 columns and 4944918 nonzeros
Coefficient statistics:
  Matrix range     [1e+00, 1e+00]
  Objective range  [1e+05, 5e+05]
  Bounds range     [0e+00, 0e+00]
  RHS range        [1e+00, 1e+00]
LP warm-start: use basis

Iteration    Objective       Primal Inf.    Dual Inf.      Time
       0   -3.8359093e+29   3.136807e+33   3.835911e-01      0s
     566    3.3013963e+06   3.657217e+02   0.000000e+00      6s
     916    3.3013963e+06   2.289169e+02   0.000000e+00     10s
    1391    3.3013963e+06   2.702151e+00   0.000000e+00     15s
    1866    3.3013963e+06   2.469108e+00   0.000000e+00     21s
    2242    3.3013963e+06   0.000000e+00   0.000000e+00     25s

Solved in 2242 iterations and 24.97 seconds (37.21 work units)
Optimal objective  3.301396327e+06
Set parameter TimeLimit to value 2.9910963698821142e+03
Set parameter Method to value 1
Gurobi Optimizer version 12.0.3 build v12.0.3rc0 (linux64 - "Ubuntu 24.04.4 LTS")

CPU model: Intel(R) Xeon(R) Gold 5218R CPU @ 2.10GHz, instruction set [SSE2|AVX|AVX2|AVX512]
Thread count: 40 physical cores, 40 logical processors, using up to 1 threads

Non-default parameters:
TimeLimit  2.9910963698821142e+03
Method  1
BarHomogeneous  1
Threads  1

Optimize a model with 770 rows, 200554 columns and 4945844 nonzeros
Coefficient statistics:
  Matrix range     [1e+00, 1e+00]
  Objective range  [1e+05, 5e+05]
  Bounds range     [0e+00, 0e+00]
  RHS range        [1e+00, 1e+00]
LP warm-start: use basis

Iteration    Objective       Primal Inf.    Dual Inf.      Time
       0   -5.1839357e+29   1.076223e+34   5.183931e-01      0s
     246    3.3013963e+06   0.000000e+00   0.000000e+00      3s

Solved in 246 iterations and 3.01 seconds (4.49 work units)
Optimal objective  3.301396327e+06
Set parameter TimeLimit to value 2.9681047881259583e+03
Set parameter Method to value 1
Gurobi Optimizer version 12.0.3 build v12.0.3rc0 (linux64 - "Ubuntu 24.04.4 LTS")

CPU model: Intel(R) Xeon(R) Gold 5218R CPU @ 2.10GHz, instruction set [SSE2|AVX|AVX2|AVX512]
Thread count: 40 physical cores, 40 logical processors, using up to 1 threads

Non-default parameters:
TimeLimit  2.9681047881259583e+03
Method  1
BarHomogeneous  1
Threads  1

Optimize a model with 770 rows, 200584 columns and 4946738 nonzeros
Coefficient statistics:
  Matrix range     [1e+00, 1e+00]
  Objective range  [1e+05, 5e+05]
  Bounds range     [0e+00, 0e+00]
  RHS range        [1e+00, 1e+00]
LP warm-start: use basis

Iteration    Objective       Primal Inf.    Dual Inf.      Time
       0   -4.8869598e+29   1.805165e+34   4.886948e-01      0s
     230    3.3013963e+06   0.000000e+00   0.000000e+00      3s

Solved in 230 iterations and 2.95 seconds (4.37 work units)
Optimal objective  3.301396327e+06
Set parameter TimeLimit to value 2945.59969204152
Set parameter Method to value 1
Gurobi Optimizer version 12.0.3 build v12.0.3rc0 (linux64 - "Ubuntu 24.04.4 LTS")

CPU model: Intel(R) Xeon(R) Gold 5218R CPU @ 2.10GHz, instruction set [SSE2|AVX|AVX2|AVX512]
Thread count: 40 physical cores, 40 logical processors, using up to 1 threads

Non-default parameters:
TimeLimit  2945.59969204152
Method  1
BarHomogeneous  1
Threads  1

Optimize a model with 770 rows, 200614 columns and 4947669 nonzeros
Coefficient statistics:
  Matrix range     [1e+00, 1e+00]
  Objective range  [1e+05, 5e+05]
  Bounds range     [0e+00, 0e+00]
  RHS range        [1e+00, 1e+00]
LP warm-start: use basis

Iteration    Objective       Primal Inf.    Dual Inf.      Time
       0   -4.2658282e+29   1.500754e+34   4.265832e-01      0s
     207    3.3013963e+06   0.000000e+00   0.000000e+00      3s

Solved in 207 iterations and 2.59 seconds (3.84 work units)
Optimal objective  3.301396327e+06
Set parameter TimeLimit to value 2.9258392420709133e+03
Set parameter Method to value 1
Gurobi Optimizer version 12.0.3 build v12.0.3rc0 (linux64 - "Ubuntu 24.04.4 LTS")

CPU model: Intel(R) Xeon(R) Gold 5218R CPU @ 2.10GHz, instruction set [SSE2|AVX|AVX2|AVX512]
Thread count: 40 physical cores, 40 logical processors, using up to 1 threads

Non-default parameters:
TimeLimit  2.9258392420709133e+03
Method  1
BarHomogeneous  1
Threads  1

Optimize a model with 770 rows, 200644 columns and 4948555 nonzeros
Coefficient statistics:
  Matrix range     [1e+00, 1e+00]
  Objective range  [1e+05, 5e+05]
  Bounds range     [0e+00, 0e+00]
  RHS range        [1e+00, 1e+00]
LP warm-start: use basis

Iteration    Objective       Primal Inf.    Dual Inf.      Time
       0   -4.3619843e+29   2.241761e+34   4.361980e-01      0s
     527    3.3013963e+06   2.937577e+02   0.000000e+00      6s
     998    3.3013963e+06   2.710934e+00   0.000000e+00     11s
    1315    3.3013963e+06   0.000000e+00   0.000000e+00     15s

Solved in 1315 iterations and 14.83 seconds (21.99 work units)
Optimal objective  3.301396327e+06
Set parameter TimeLimit to value 2.8918705469756387e+03
Set parameter Method to value 1
Gurobi Optimizer version 12.0.3 build v12.0.3rc0 (linux64 - "Ubuntu 24.04.4 LTS")

CPU model: Intel(R) Xeon(R) Gold 5218R CPU @ 2.10GHz, instruction set [SSE2|AVX|AVX2|AVX512]
Thread count: 40 physical cores, 40 logical processors, using up to 1 threads

Non-default parameters:
TimeLimit  2.8918705469756387e+03
Method  1
BarHomogeneous  1
Threads  1

Optimize a model with 770 rows, 200674 columns and 4949436 nonzeros
Coefficient statistics:
  Matrix range     [1e+00, 1e+00]
  Objective range  [1e+05, 5e+05]
  Bounds range     [0e+00, 0e+00]
  RHS range        [1e+00, 1e+00]
LP warm-start: use basis

Iteration    Objective       Primal Inf.    Dual Inf.      Time
       0   -4.0505984e+29   9.432961e+33   4.050601e-01      0s
     102    3.3013963e+06   0.000000e+00   0.000000e+00      2s

Solved in 102 iterations and 1.54 seconds (2.03 work units)
Optimal objective  3.301396327e+06
Set parameter TimeLimit to value 2.8713106537107378e+03
Set parameter Method to value 1
Gurobi Optimizer version 12.0.3 build v12.0.3rc0 (linux64 - "Ubuntu 24.04.4 LTS")

CPU model: Intel(R) Xeon(R) Gold 5218R CPU @ 2.10GHz, instruction set [SSE2|AVX|AVX2|AVX512]
Thread count: 40 physical cores, 40 logical processors, using up to 1 threads

Non-default parameters:
TimeLimit  2.8713106537107378e+03
Method  1
BarHomogeneous  1
Threads  1

Optimize a model with 770 rows, 200704 columns and 4950322 nonzeros
Coefficient statistics:
  Matrix range     [1e+00, 1e+00]
  Objective range  [1e+05, 5e+05]
  Bounds range     [0e+00, 0e+00]
  RHS range        [1e+00, 1e+00]
LP warm-start: use basis

Iteration    Objective       Primal Inf.    Dual Inf.      Time
       0   -3.7468824e+29   1.070612e+34   3.746880e-01      0s
     485   -1.0958645e+28   5.460799e+32   1.109464e-02      5s
    1010    3.3013963e+06   6.652764e+02   0.000000e+00     11s
    1486    3.3013963e+06   1.856967e+02   0.000000e+00     16s
    1841    3.3013963e+06   9.247762e+01   0.000000e+00     20s
    2313    3.3013963e+06   1.300878e+02   0.000000e+00     25s
    2787    3.3013963e+06   4.507817e+01   0.000000e+00     31s
    3256    3.3013963e+06   8.591754e+00   0.000000e+00     36s
    3731    3.3013963e+06   2.321820e-01   0.000000e+00     41s
    3853    3.3013963e+06   0.000000e+00   0.000000e+00     43s

Solved in 3853 iterations and 42.70 seconds (63.39 work units)
Optimal objective  3.301396327e+06
Set parameter TimeLimit to value 2.8074851240883581e+03
Set parameter Method to value 1
Gurobi Optimizer version 12.0.3 build v12.0.3rc0 (linux64 - "Ubuntu 24.04.4 LTS")

CPU model: Intel(R) Xeon(R) Gold 5218R CPU @ 2.10GHz, instruction set [SSE2|AVX|AVX2|AVX512]
Thread count: 40 physical cores, 40 logical processors, using up to 1 threads

Non-default parameters:
TimeLimit  2.8074851240883581e+03
Method  1
BarHomogeneous  1
Threads  1

Optimize a model with 770 rows, 200734 columns and 4951147 nonzeros
Coefficient statistics:
  Matrix range     [1e+00, 1e+00]
  Objective range  [1e+05, 5e+05]
  Bounds range     [0e+00, 0e+00]
  RHS range        [1e+00, 1e+00]
LP warm-start: use basis

Iteration    Objective       Primal Inf.    Dual Inf.      Time
       0   -4.0835334e+29   1.160144e+34   4.083529e-01      0s
      58    3.3013963e+06   0.000000e+00   0.000000e+00      1s

Solved in 58 iterations and 0.98 seconds (1.22 work units)
Optimal objective  3.301396327e+06
Set parameter TimeLimit to value 2.7893191876322962e+03
Set parameter Method to value 1
Gurobi Optimizer version 12.0.3 build v12.0.3rc0 (linux64 - "Ubuntu 24.04.4 LTS")

CPU model: Intel(R) Xeon(R) Gold 5218R CPU @ 2.10GHz, instruction set [SSE2|AVX|AVX2|AVX512]
Thread count: 40 physical cores, 40 logical processors, using up to 1 threads

Non-default parameters:
TimeLimit  2.7893191876322962e+03
Method  1
BarHomogeneous  1
Threads  1

Optimize a model with 770 rows, 200764 columns and 4952018 nonzeros
Coefficient statistics:
  Matrix range     [1e+00, 1e+00]
  Objective range  [1e+05, 5e+05]
  Bounds range     [0e+00, 0e+00]
  RHS range        [1e+00, 1e+00]
LP warm-start: use basis

Iteration    Objective       Primal Inf.    Dual Inf.      Time
       0   -3.5985450e+29   4.932096e+33   3.598546e-01      0s
     531   -2.1339864e+28   3.213216e+33   2.133923e-02      5s
    1007    3.3013963e+06   2.471870e+02   0.000000e+00     10s
    1486    3.3013963e+06   2.382727e+02   0.000000e+00     16s
    1963    3.3013963e+06   7.737700e+01   0.000000e+00     21s
    2443    3.3013963e+06   2.955965e+01   0.000000e+00     26s
    2799    3.3013963e+06   4.144715e+01   0.000000e+00     30s
    3279    3.3013963e+06   1.202244e+01   0.000000e+00     36s
    3651    3.3013963e+06   0.000000e+00   0.000000e+00     40s

Solved in 3651 iterations and 39.79 seconds (59.05 work units)
Optimal objective  3.301396327e+06
Set parameter TimeLimit to value 2.7285386625691317e+03
Set parameter Method to value 1
Gurobi Optimizer version 12.0.3 build v12.0.3rc0 (linux64 - "Ubuntu 24.04.4 LTS")

CPU model: Intel(R) Xeon(R) Gold 5218R CPU @ 2.10GHz, instruction set [SSE2|AVX|AVX2|AVX512]
Thread count: 40 physical cores, 40 logical processors, using up to 1 threads

Non-default parameters:
TimeLimit  2.7285386625691317e+03
Method  1
BarHomogeneous  1
Threads  1

Optimize a model with 770 rows, 200794 columns and 4952925 nonzeros
Coefficient statistics:
  Matrix range     [1e+00, 1e+00]
  Objective range  [1e+05, 5e+05]
  Bounds range     [0e+00, 0e+00]
  RHS range        [1e+00, 1e+00]
LP warm-start: use basis

Iteration    Objective       Primal Inf.    Dual Inf.      Time
       0   -8.5873883e+29   7.907915e+33   8.587390e-01      0s
     557   -2.9364895e+28   1.338065e+33   2.936344e-02      5s
    1037   -3.5304221e+27   3.990186e+33   3.530450e-03     10s
    1512    3.3013963e+06   6.887517e+02   0.000000e+00     16s
    1988    3.3013963e+06   7.299136e+02   0.000000e+00     21s
    2462    3.3013963e+06   5.104601e+01   0.000000e+00     26s
    2817    3.3013963e+06   3.495304e+01   0.000000e+00     30s
    3294    3.3013963e+06   1.166512e+01   0.000000e+00     35s
    3756    3.3013963e+06   0.000000e+00   0.000000e+00     41s

Solved in 3756 iterations and 40.63 seconds (60.66 work units)
Optimal objective  3.301396326e+06
Set parameter TimeLimit to value 2.6671187233347446e+03
Set parameter Method to value 1
Gurobi Optimizer version 12.0.3 build v12.0.3rc0 (linux64 - "Ubuntu 24.04.4 LTS")

CPU model: Intel(R) Xeon(R) Gold 5218R CPU @ 2.10GHz, instruction set [SSE2|AVX|AVX2|AVX512]
Thread count: 40 physical cores, 40 logical processors, using up to 1 threads

Non-default parameters:
TimeLimit  2.6671187233347446e+03
Method  1
BarHomogeneous  1
Threads  1

Optimize a model with 770 rows, 200824 columns and 4953724 nonzeros
Coefficient statistics:
  Matrix range     [1e+00, 1e+00]
  Objective range  [1e+05, 5e+05]
  Bounds range     [0e+00, 0e+00]
  RHS range        [1e+00, 1e+00]
LP warm-start: use basis

Iteration    Objective       Primal Inf.    Dual Inf.      Time
       0   -5.8110526e+29   1.426835e+34   5.811055e-01      0s
     240    3.3013963e+06   0.000000e+00   0.000000e+00      3s

Solved in 240 iterations and 3.05 seconds (4.26 work units)
Optimal objective  3.301396326e+06
Set parameter TimeLimit to value 2.6446650097700767e+03
Set parameter Method to value 1
Gurobi Optimizer version 12.0.3 build v12.0.3rc0 (linux64 - "Ubuntu 24.04.4 LTS")

CPU model: Intel(R) Xeon(R) Gold 5218R CPU @ 2.10GHz, instruction set [SSE2|AVX|AVX2|AVX512]
Thread count: 40 physical cores, 40 logical processors, using up to 1 threads

Non-default parameters:
TimeLimit  2.6446650097700767e+03
Method  1
BarHomogeneous  1
Threads  1

Optimize a model with 770 rows, 200854 columns and 4954698 nonzeros
Coefficient statistics:
  Matrix range     [1e+00, 1e+00]
  Objective range  [1e+05, 5e+05]
  Bounds range     [0e+00, 0e+00]
  RHS range        [1e+00, 1e+00]
LP warm-start: use basis

Iteration    Objective       Primal Inf.    Dual Inf.      Time
       0   -3.2546049e+29   4.223510e+33   3.254607e-01      0s
      48    3.3013963e+06   0.000000e+00   0.000000e+00      1s

Solved in 48 iterations and 0.86 seconds (1.03 work units)
Optimal objective  3.301396326e+06
Set parameter TimeLimit to value 2.6249633301501162e+03
Set parameter Method to value 1
Gurobi Optimizer version 12.0.3 build v12.0.3rc0 (linux64 - "Ubuntu 24.04.4 LTS")

CPU model: Intel(R) Xeon(R) Gold 5218R CPU @ 2.10GHz, instruction set [SSE2|AVX|AVX2|AVX512]
Thread count: 40 physical cores, 40 logical processors, using up to 1 threads

Non-default parameters:
TimeLimit  2.6249633301501162e+03
Method  1
BarHomogeneous  1
Threads  1

Optimize a model with 770 rows, 200884 columns and 4955577 nonzeros
Coefficient statistics:
  Matrix range     [1e+00, 1e+00]
  Objective range  [1e+05, 5e+05]
  Bounds range     [0e+00, 0e+00]
  RHS range        [1e+00, 1e+00]
LP warm-start: use basis

Iteration    Objective       Primal Inf.    Dual Inf.      Time
       0   -3.2079217e+29   9.052224e+33   3.207923e-01      0s
     598   -2.1583103e+28   1.657513e+33   2.158276e-02      5s
    1080    3.3013963e+06   5.716953e+02   0.000000e+00     10s
    1556    3.3013963e+06   1.071633e+02   0.000000e+00     16s
    2030    3.3013963e+06   8.924583e+02   0.000000e+00     21s
    2389    3.3013963e+06   2.502704e+01   0.000000e+00     25s
    2868    3.3013963e+06   1.850250e+00   0.000000e+00     31s
    3212    3.3013963e+06   0.000000e+00   0.000000e+00     35s

Solved in 3212 iterations and 34.52 seconds (51.12 work units)
Optimal objective  3.301396326e+06
Set parameter TimeLimit to value 2570.9919566717
Set parameter Method to value 1
Gurobi Optimizer version 12.0.3 build v12.0.3rc0 (linux64 - "Ubuntu 24.04.4 LTS")

CPU model: Intel(R) Xeon(R) Gold 5218R CPU @ 2.10GHz, instruction set [SSE2|AVX|AVX2|AVX512]
Thread count: 40 physical cores, 40 logical processors, using up to 1 threads

Non-default parameters:
TimeLimit  2570.9919566717
Method  1
BarHomogeneous  1
Threads  1

Optimize a model with 770 rows, 200914 columns and 4956191 nonzeros
Coefficient statistics:
  Matrix range     [1e+00, 1e+00]
  Objective range  [1e+05, 5e+05]
  Bounds range     [0e+00, 0e+00]
  RHS range        [1e+00, 1e+00]
LP warm-start: use basis

Iteration    Objective       Primal Inf.    Dual Inf.      Time
       0   -5.3699510e+29   9.387606e+33   5.369949e-01      0s
     556    3.3013963e+06   2.059433e+02   0.000000e+00      6s
     913    3.3013963e+06   3.360408e+01   0.000000e+00     10s
    1390    3.3013963e+06   2.208031e+01   0.000000e+00     15s
    1858    3.3013963e+06   0.000000e+00   0.000000e+00     21s
    1860    3.3013963e+06   0.000000e+00   0.000000e+00     21s

Solved in 1860 iterations and 20.77 seconds (30.85 work units)
Optimal objective  3.301396326e+06
Set parameter TimeLimit to value 2531.49552745698
Set parameter Method to value 1
Gurobi Optimizer version 12.0.3 build v12.0.3rc0 (linux64 - "Ubuntu 24.04.4 LTS")

CPU model: Intel(R) Xeon(R) Gold 5218R CPU @ 2.10GHz, instruction set [SSE2|AVX|AVX2|AVX512]
Thread count: 40 physical cores, 40 logical processors, using up to 1 threads

Non-default parameters:
TimeLimit  2531.49552745698
Method  1
BarHomogeneous  1
Threads  1

Optimize a model with 770 rows, 200944 columns and 4957155 nonzeros
Coefficient statistics:
  Matrix range     [1e+00, 1e+00]
  Objective range  [1e+05, 5e+05]
  Bounds range     [0e+00, 0e+00]
  RHS range        [1e+00, 1e+00]
LP warm-start: use basis

Iteration    Objective       Primal Inf.    Dual Inf.      Time
       0   -2.9528563e+29   1.179271e+34   2.952855e-01      0s
     102    3.3013963e+06   0.000000e+00   0.000000e+00      1s

Solved in 102 iterations and 1.42 seconds (1.85 work units)
Optimal objective  3.301396326e+06
Set parameter TimeLimit to value 2.5108111777375452e+03
Set parameter Method to value 1
Gurobi Optimizer version 12.0.3 build v12.0.3rc0 (linux64 - "Ubuntu 24.04.4 LTS")

CPU model: Intel(R) Xeon(R) Gold 5218R CPU @ 2.10GHz, instruction set [SSE2|AVX|AVX2|AVX512]
Thread count: 40 physical cores, 40 logical processors, using up to 1 threads

Non-default parameters:
TimeLimit  2.5108111777375452e+03
Method  1
BarHomogeneous  1
Threads  1

Optimize a model with 770 rows, 200974 columns and 4958147 nonzeros
Coefficient statistics:
  Matrix range     [1e+00, 1e+00]
  Objective range  [1e+05, 5e+05]
  Bounds range     [0e+00, 0e+00]
  RHS range        [1e+00, 1e+00]
LP warm-start: use basis

Iteration    Objective       Primal Inf.    Dual Inf.      Time
       0   -2.7681872e+29   1.184312e+34   2.768190e-01      0s
      93    3.3013963e+06   0.000000e+00   0.000000e+00      1s

Solved in 93 iterations and 1.39 seconds (1.84 work units)
Optimal objective  3.301396326e+06
Set parameter TimeLimit to value 2.4906958238203079e+03
Set parameter Method to value 1
Gurobi Optimizer version 12.0.3 build v12.0.3rc0 (linux64 - "Ubuntu 24.04.4 LTS")

CPU model: Intel(R) Xeon(R) Gold 5218R CPU @ 2.10GHz, instruction set [SSE2|AVX|AVX2|AVX512]
Thread count: 40 physical cores, 40 logical processors, using up to 1 threads

Non-default parameters:
TimeLimit  2.4906958238203079e+03
Method  1
BarHomogeneous  1
Threads  1

Optimize a model with 770 rows, 201004 columns and 4959257 nonzeros
Coefficient statistics:
  Matrix range     [1e+00, 1e+00]
  Objective range  [1e+05, 5e+05]
  Bounds range     [0e+00, 0e+00]
  RHS range        [1e+00, 1e+00]
LP warm-start: use basis

Iteration    Objective       Primal Inf.    Dual Inf.      Time
       0   -2.6338827e+29   4.017451e+33   2.633883e-01      0s
     538   -1.3608825e+28   7.602755e+32   1.360875e-02      5s
    1016    3.3013963e+06   5.937215e+02   0.000000e+00     10s
    1492    3.3013963e+06   1.141033e+02   0.000000e+00     16s
    1967    3.3013963e+06   2.382858e+01   0.000000e+00     21s
    2442    3.3013963e+06   1.870287e+01   0.000000e+00     26s
    2800    3.3013963e+06   1.315755e+01   0.000000e+00     30s
    3243    3.3013963e+06   0.000000e+00   0.000000e+00     35s

Solved in 3243 iterations and 35.28 seconds (52.55 work units)
Optimal objective  3.301396325e+06
Set parameter TimeLimit to value 2.4342793606454507e+03
Set parameter Method to value 1
Gurobi Optimizer version 12.0.3 build v12.0.3rc0 (linux64 - "Ubuntu 24.04.4 LTS")

CPU model: Intel(R) Xeon(R) Gold 5218R CPU @ 2.10GHz, instruction set [SSE2|AVX|AVX2|AVX512]
Thread count: 40 physical cores, 40 logical processors, using up to 1 threads

Non-default parameters:
TimeLimit  2.4342793606454507e+03
Method  1
BarHomogeneous  1
Threads  1

Optimize a model with 770 rows, 201034 columns and 4960187 nonzeros
Coefficient statistics:
  Matrix range     [1e+00, 1e+00]
  Objective range  [1e+05, 5e+05]
  Bounds range     [0e+00, 0e+00]
  RHS range        [1e+00, 1e+00]
LP warm-start: use basis

Iteration    Objective       Primal Inf.    Dual Inf.      Time
       0   -2.4206109e+29   7.038441e+33   2.420614e-01      0s
     585    3.3013963e+06   1.709318e+02   0.000000e+00      6s
    1063    3.3013963e+06   3.732284e+01   0.000000e+00     11s
    1423    3.3013963e+06   9.039119e-01   0.000000e+00     15s
    1539    3.3013963e+06   0.000000e+00   0.000000e+00     17s

Solved in 1539 iterations and 16.69 seconds (24.71 work units)
Optimal objective  3.301396325e+06
Set parameter TimeLimit to value 2.3996700978442095e+03
Set parameter Method to value 1
Gurobi Optimizer version 12.0.3 build v12.0.3rc0 (linux64 - "Ubuntu 24.04.4 LTS")

CPU model: Intel(R) Xeon(R) Gold 5218R CPU @ 2.10GHz, instruction set [SSE2|AVX|AVX2|AVX512]
Thread count: 40 physical cores, 40 logical processors, using up to 1 threads

Non-default parameters:
TimeLimit  2.3996700978442095e+03
Method  1
BarHomogeneous  1
Threads  1

Optimize a model with 770 rows, 201064 columns and 4961147 nonzeros
Coefficient statistics:
  Matrix range     [1e+00, 1e+00]
  Objective range  [1e+05, 5e+05]
  Bounds range     [0e+00, 0e+00]
  RHS range        [1e+00, 1e+00]
LP warm-start: use basis

Iteration    Objective       Primal Inf.    Dual Inf.      Time
       0   -2.5367130e+29   5.535055e+33   2.536712e-01      0s
     549    3.3013963e+06   2.098927e+02   0.000000e+00      6s
     908    3.3013963e+06   4.094097e+01   0.000000e+00     10s
    1387    3.3013963e+06   4.060269e+00   0.000000e+00     15s
    1866    3.3013963e+06   3.484688e-01   0.000000e+00     21s
    1942    3.3013963e+06   0.000000e+00   0.000000e+00     22s

Solved in 1942 iterations and 21.64 seconds (32.02 work units)
Optimal objective  3.301396325e+06
Set parameter TimeLimit to value 2.3577119873873889e+03
Set parameter Method to value 1
Gurobi Optimizer version 12.0.3 build v12.0.3rc0 (linux64 - "Ubuntu 24.04.4 LTS")

CPU model: Intel(R) Xeon(R) Gold 5218R CPU @ 2.10GHz, instruction set [SSE2|AVX|AVX2|AVX512]
Thread count: 40 physical cores, 40 logical processors, using up to 1 threads

Non-default parameters:
TimeLimit  2.3577119873873889e+03
Method  1
BarHomogeneous  1
Threads  1

Optimize a model with 770 rows, 201094 columns and 4962079 nonzeros
Coefficient statistics:
  Matrix range     [1e+00, 1e+00]
  Objective range  [1e+05, 5e+05]
  Bounds range     [0e+00, 0e+00]
  RHS range        [1e+00, 1e+00]
LP warm-start: use basis

Iteration    Objective       Primal Inf.    Dual Inf.      Time
       0   -2.5264900e+29   1.091353e+34   2.526492e-01      0s
     435    3.3013963e+06   6.721144e-02   0.000000e+00      5s
     457    3.3013963e+06   0.000000e+00   0.000000e+00      5s

Solved in 457 iterations and 5.45 seconds (7.89 work units)
Optimal objective  3.301396325e+06
Set parameter TimeLimit to value 2.3341494560912251e+03
Set parameter Method to value 1
Gurobi Optimizer version 12.0.3 build v12.0.3rc0 (linux64 - "Ubuntu 24.04.4 LTS")

CPU model: Intel(R) Xeon(R) Gold 5218R CPU @ 2.10GHz, instruction set [SSE2|AVX|AVX2|AVX512]
Thread count: 40 physical cores, 40 logical processors, using up to 1 threads

Non-default parameters:
TimeLimit  2.3341494560912251e+03
Method  1
BarHomogeneous  1
Threads  1

Optimize a model with 770 rows, 201124 columns and 4963048 nonzeros
Coefficient statistics:
  Matrix range     [1e+00, 1e+00]
  Objective range  [1e+05, 5e+05]
  Bounds range     [0e+00, 0e+00]
  RHS range        [1e+00, 1e+00]
LP warm-start: use basis

Iteration    Objective       Primal Inf.    Dual Inf.      Time
       0   -2.8502274e+29   1.080417e+34   2.850222e-01      0s
      44    3.3013963e+06   0.000000e+00   0.000000e+00      1s

Solved in 44 iterations and 0.79 seconds (0.93 work units)
Optimal objective  3.301396325e+06
Set parameter TimeLimit to value 2314.93582464708
Set parameter Method to value 1
Gurobi Optimizer version 12.0.3 build v12.0.3rc0 (linux64 - "Ubuntu 24.04.4 LTS")

CPU model: Intel(R) Xeon(R) Gold 5218R CPU @ 2.10GHz, instruction set [SSE2|AVX|AVX2|AVX512]
Thread count: 40 physical cores, 40 logical processors, using up to 1 threads

Non-default parameters:
TimeLimit  2314.93582464708
Method  1
BarHomogeneous  1
Threads  1

Optimize a model with 770 rows, 201154 columns and 4964090 nonzeros
Coefficient statistics:
  Matrix range     [1e+00, 1e+00]
  Objective range  [1e+05, 5e+05]
  Bounds range     [0e+00, 0e+00]
  RHS range        [1e+00, 1e+00]
LP warm-start: use basis

Iteration    Objective       Primal Inf.    Dual Inf.      Time
       0   -2.2897587e+29   5.685668e+33   2.289757e-01      0s
     552   -3.5911088e+27   1.243264e+33   3.587850e-03      5s
     991    3.3013963e+06   2.051024e+02   0.000000e+00     10s
    1467    3.3013963e+06   6.997240e+01   0.000000e+00     15s
    1934    3.3013963e+06   1.818729e+01   0.000000e+00     20s
    2223    3.3013963e+06   0.000000e+00   0.000000e+00     24s

Solved in 2223 iterations and 23.78 seconds (35.71 work units)
Optimal objective  3.301396325e+06
Set parameter TimeLimit to value 2.2720344330645166e+03
Set parameter Method to value 1
Gurobi Optimizer version 12.0.3 build v12.0.3rc0 (linux64 - "Ubuntu 24.04.4 LTS")

CPU model: Intel(R) Xeon(R) Gold 5218R CPU @ 2.10GHz, instruction set [SSE2|AVX|AVX2|AVX512]
Thread count: 40 physical cores, 40 logical processors, using up to 1 threads

Non-default parameters:
TimeLimit  2.2720344330645166e+03
Method  1
BarHomogeneous  1
Threads  1

Optimize a model with 770 rows, 201184 columns and 4965037 nonzeros
Coefficient statistics:
  Matrix range     [1e+00, 1e+00]
  Objective range  [1e+05, 5e+05]
  Bounds range     [0e+00, 0e+00]
  RHS range        [1e+00, 1e+00]
LP warm-start: use basis

Iteration    Objective       Primal Inf.    Dual Inf.      Time
       0   -2.6526588e+29   1.021512e+34   2.652662e-01      0s
     524   -1.4807103e+27   2.347183e+32   1.480708e-03      5s
     993    3.3013963e+06   1.647911e+02   0.000000e+00     11s
    1463    3.3013963e+06   2.980755e+01   0.000000e+00     16s
    1938    3.3013963e+06   1.145487e+01   0.000000e+00     21s
    2293    3.3013963e+06   7.943125e+00   0.000000e+00     25s
    2771    3.3013963e+06   4.772122e-02   0.000000e+00     31s
    2833    3.3013963e+06   0.000000e+00   0.000000e+00     31s

Solved in 2833 iterations and 31.42 seconds (46.51 work units)
Optimal objective  3.301396325e+06
Set parameter TimeLimit to value 2.2198088486040942e+03
Set parameter Method to value 1
Gurobi Optimizer version 12.0.3 build v12.0.3rc0 (linux64 - "Ubuntu 24.04.4 LTS")

CPU model: Intel(R) Xeon(R) Gold 5218R CPU @ 2.10GHz, instruction set [SSE2|AVX|AVX2|AVX512]
Thread count: 40 physical cores, 40 logical processors, using up to 1 threads

Non-default parameters:
TimeLimit  2.2198088486040942e+03
Method  1
BarHomogeneous  1
Threads  1

Optimize a model with 770 rows, 201214 columns and 4965736 nonzeros
Coefficient statistics:
  Matrix range     [1e+00, 1e+00]
  Objective range  [1e+05, 5e+05]
  Bounds range     [0e+00, 0e+00]
  RHS range        [1e+00, 1e+00]
LP warm-start: use basis

Iteration    Objective       Primal Inf.    Dual Inf.      Time
       0   -3.5935057e+29   4.715158e+33   3.593504e-01      0s
     467    3.3013963e+06   2.837851e+01   0.000000e+00      5s
     945    3.3013963e+06   4.817578e+01   0.000000e+00     11s
    1420    3.3013963e+06   5.558178e-01   0.000000e+00     16s
    1650    3.3013963e+06   0.000000e+00   0.000000e+00     18s

Solved in 1650 iterations and 18.44 seconds (27.64 work units)
Optimal objective  3.301396324e+06
Set parameter TimeLimit to value 2.1806629350702278e+03
Set parameter Method to value 1
Gurobi Optimizer version 12.0.3 build v12.0.3rc0 (linux64 - "Ubuntu 24.04.4 LTS")

CPU model: Intel(R) Xeon(R) Gold 5218R CPU @ 2.10GHz, instruction set [SSE2|AVX|AVX2|AVX512]
Thread count: 40 physical cores, 40 logical processors, using up to 1 threads

Non-default parameters:
TimeLimit  2.1806629350702278e+03
Method  1
BarHomogeneous  1
Threads  1

Optimize a model with 770 rows, 201244 columns and 4966670 nonzeros
Coefficient statistics:
  Matrix range     [1e+00, 1e+00]
  Objective range  [1e+05, 5e+05]
  Bounds range     [0e+00, 0e+00]
  RHS range        [1e+00, 1e+00]
LP warm-start: use basis

Iteration    Objective       Primal Inf.    Dual Inf.      Time
       0   -2.9223096e+29   9.387993e+33   2.922316e-01      0s
     470   -4.2974395e+27   2.681740e+32   4.297430e-03      5s
     946    3.3013963e+06   2.161926e+02   0.000000e+00     11s
    1411    3.3013963e+06   9.245186e+01   0.000000e+00     16s
    1876    3.3013963e+06   2.170657e+01   0.000000e+00     21s
    2225    3.3013963e+06   1.291547e+01   0.000000e+00     25s
    2700    3.3013963e+06   5.105249e+00   0.000000e+00     31s
    3191    3.3013963e+06   0.000000e+00   3.152088e+00     36s
    3671    3.3013963e+06   0.000000e+00   1.504141e+00     40s
    4246    3.3013963e+06   0.000000e+00   0.000000e+00     46s

Solved in 4246 iterations and 45.53 seconds (70.33 work units)
Optimal objective  3.301396324e+06
Set parameter TimeLimit to value 2.1139563815691508e+03
Set parameter Method to value 1
Gurobi Optimizer version 12.0.3 build v12.0.3rc0 (linux64 - "Ubuntu 24.04.4 LTS")

CPU model: Intel(R) Xeon(R) Gold 5218R CPU @ 2.10GHz, instruction set [SSE2|AVX|AVX2|AVX512]
Thread count: 40 physical cores, 40 logical processors, using up to 1 threads

Non-default parameters:
TimeLimit  2.1139563815691508e+03
Method  1
BarHomogeneous  1
Threads  1

Optimize a model with 770 rows, 201274 columns and 4967501 nonzeros
Coefficient statistics:
  Matrix range     [1e+00, 1e+00]
  Objective range  [1e+05, 5e+05]
  Bounds range     [0e+00, 0e+00]
  RHS range        [1e+00, 1e+00]
LP warm-start: use basis

Iteration    Objective       Primal Inf.    Dual Inf.      Time
       0   -3.0557707e+29   1.275936e+35   3.055796e-01      0s
     527    3.3013963e+06   7.767527e+02   0.000000e+00      6s
     996    3.3013963e+06   2.185526e+01   0.000000e+00     11s
    1472    3.3013963e+06   3.140595e+00   0.000000e+00     16s
    1819    3.3013963e+06   0.000000e+00   0.000000e+00     20s
    1826    3.3013963e+06   0.000000e+00   0.000000e+00     20s

Solved in 1826 iterations and 20.41 seconds (30.26 work units)
Optimal objective  3.301396324e+06
Set parameter TimeLimit to value 2.0755963890301064e+03
Set parameter Method to value 1
Gurobi Optimizer version 12.0.3 build v12.0.3rc0 (linux64 - "Ubuntu 24.04.4 LTS")

CPU model: Intel(R) Xeon(R) Gold 5218R CPU @ 2.10GHz, instruction set [SSE2|AVX|AVX2|AVX512]
Thread count: 40 physical cores, 40 logical processors, using up to 1 threads

Non-default parameters:
TimeLimit  2.0755963890301064e+03
Method  1
BarHomogeneous  1
Threads  1

Optimize a model with 770 rows, 201304 columns and 4968376 nonzeros
Coefficient statistics:
  Matrix range     [1e+00, 1e+00]
  Objective range  [1e+05, 5e+05]
  Bounds range     [0e+00, 0e+00]
  RHS range        [1e+00, 1e+00]
LP warm-start: use basis

Iteration    Objective       Primal Inf.    Dual Inf.      Time
       0   -3.1747084e+29   1.951116e+34   3.174704e-01      0s
      49    3.3013963e+06   0.000000e+00   0.000000e+00      1s

Solved in 49 iterations and 0.92 seconds (1.14 work units)
Optimal objective  3.301396324e+06
Set parameter TimeLimit to value 2.0562152020777576e+03
Set parameter Method to value 1
Gurobi Optimizer version 12.0.3 build v12.0.3rc0 (linux64 - "Ubuntu 24.04.4 LTS")

CPU model: Intel(R) Xeon(R) Gold 5218R CPU @ 2.10GHz, instruction set [SSE2|AVX|AVX2|AVX512]
Thread count: 40 physical cores, 40 logical processors, using up to 1 threads

Non-default parameters:
TimeLimit  2.0562152020777576e+03
Method  1
BarHomogeneous  1
Threads  1

Optimize a model with 770 rows, 201334 columns and 4969222 nonzeros
Coefficient statistics:
  Matrix range     [1e+00, 1e+00]
  Objective range  [1e+05, 5e+05]
  Bounds range     [0e+00, 0e+00]
  RHS range        [1e+00, 1e+00]
LP warm-start: use basis

Iteration    Objective       Primal Inf.    Dual Inf.      Time
       0   -2.9916606e+29   1.497102e+34   2.991665e-01      0s
     314    3.3013963e+06   0.000000e+00   0.000000e+00      4s

Solved in 314 iterations and 3.79 seconds (5.22 work units)
Optimal objective  3.301396324e+06
Set parameter TimeLimit to value 2.0337035090923309e+03
Set parameter Method to value 1
Gurobi Optimizer version 12.0.3 build v12.0.3rc0 (linux64 - "Ubuntu 24.04.4 LTS")

CPU model: Intel(R) Xeon(R) Gold 5218R CPU @ 2.10GHz, instruction set [SSE2|AVX|AVX2|AVX512]
Thread count: 40 physical cores, 40 logical processors, using up to 1 threads

Non-default parameters:
TimeLimit  2.0337035090923309e+03
Method  1
BarHomogeneous  1
Threads  1

Optimize a model with 770 rows, 201364 columns and 4970156 nonzeros
Coefficient statistics:
  Matrix range     [1e+00, 1e+00]
  Objective range  [1e+05, 5e+05]
  Bounds range     [0e+00, 0e+00]
  RHS range        [1e+00, 1e+00]
LP warm-start: use basis

Iteration    Objective       Primal Inf.    Dual Inf.      Time
       0   -2.7083591e+29   7.173634e+33   2.708360e-01      0s
     257    3.3013963e+06   0.000000e+00   0.000000e+00      3s

Solved in 257 iterations and 3.19 seconds (4.44 work units)
Optimal objective  3.301396324e+06
Set parameter TimeLimit to value 2.0120643196543679e+03
Set parameter Method to value 1
Gurobi Optimizer version 12.0.3 build v12.0.3rc0 (linux64 - "Ubuntu 24.04.4 LTS")

CPU model: Intel(R) Xeon(R) Gold 5218R CPU @ 2.10GHz, instruction set [SSE2|AVX|AVX2|AVX512]
Thread count: 40 physical cores, 40 logical processors, using up to 1 threads

Non-default parameters:
TimeLimit  2.0120643196543679e+03
Method  1
BarHomogeneous  1
Threads  1

Optimize a model with 770 rows, 201394 columns and 4971078 nonzeros
Coefficient statistics:
  Matrix range     [1e+00, 1e+00]
  Objective range  [1e+05, 5e+05]
  Bounds range     [0e+00, 0e+00]
  RHS range        [1e+00, 1e+00]
LP warm-start: use basis

Iteration    Objective       Primal Inf.    Dual Inf.      Time
       0   -2.8418865e+29   8.105578e+33   2.841887e-01      0s
       1    3.3013963e+06   0.000000e+00   0.000000e+00      0s

Solved in 1 iterations and 0.37 seconds (0.31 work units)
Optimal objective  3.301396324e+06
Set parameter TimeLimit to value 1.9935566501193680e+03
Set parameter Method to value 1
Gurobi Optimizer version 12.0.3 build v12.0.3rc0 (linux64 - "Ubuntu 24.04.4 LTS")

CPU model: Intel(R) Xeon(R) Gold 5218R CPU @ 2.10GHz, instruction set [SSE2|AVX|AVX2|AVX512]
Thread count: 40 physical cores, 40 logical processors, using up to 1 threads

Non-default parameters:
TimeLimit  1.9935566501193680e+03
Method  1
BarHomogeneous  1
Threads  1

Optimize a model with 770 rows, 201424 columns and 4971953 nonzeros
Coefficient statistics:
  Matrix range     [1e+00, 1e+00]
  Objective range  [1e+05, 5e+05]
  Bounds range     [0e+00, 0e+00]
  RHS range        [1e+00, 1e+00]
LP warm-start: use basis

Iteration    Objective       Primal Inf.    Dual Inf.      Time
       0   -2.5370097e+29   8.231612e+33   2.537011e-01      0s
     543   -1.9330081e+28   8.142889e+32   1.933010e-02      5s
    1023   -4.5522199e+26   1.470452e+33   4.560712e-04     10s
    1500    3.3013963e+06   2.126062e+02   0.000000e+00     16s
    1975    3.3013963e+06   1.063004e+02   0.000000e+00     21s
    2446    3.3013963e+06   9.874462e+01   0.000000e+00     26s
    2795    3.3013963e+06   3.042425e+00   0.000000e+00     30s
    3267    3.3013963e+06   1.203043e+00   0.000000e+00     35s
    3409    3.3013963e+06   0.000000e+00   0.000000e+00     37s

Solved in 3409 iterations and 37.17 seconds (55.22 work units)
Optimal objective  3.301396324e+06
Set parameter TimeLimit to value 1.9356994461603463e+03
Set parameter Method to value 1
Gurobi Optimizer version 12.0.3 build v12.0.3rc0 (linux64 - "Ubuntu 24.04.4 LTS")

CPU model: Intel(R) Xeon(R) Gold 5218R CPU @ 2.10GHz, instruction set [SSE2|AVX|AVX2|AVX512]
Thread count: 40 physical cores, 40 logical processors, using up to 1 threads

Non-default parameters:
TimeLimit  1.9356994461603463e+03
Method  1
BarHomogeneous  1
Threads  1

Optimize a model with 770 rows, 201454 columns and 4972818 nonzeros
Coefficient statistics:
  Matrix range     [1e+00, 1e+00]
  Objective range  [1e+05, 5e+05]
  Bounds range     [0e+00, 0e+00]
  RHS range        [1e+00, 1e+00]
LP warm-start: use basis

Iteration    Objective       Primal Inf.    Dual Inf.      Time
       0   -4.0856833e+29   8.392927e+33   4.085656e-01      0s
      49    3.3013963e+06   0.000000e+00   0.000000e+00      1s

Solved in 49 iterations and 0.89 seconds (1.09 work units)
Optimal objective  3.301396324e+06
Set parameter TimeLimit to value 1.9158402737230062e+03
Set parameter Method to value 1
Gurobi Optimizer version 12.0.3 build v12.0.3rc0 (linux64 - "Ubuntu 24.04.4 LTS")

CPU model: Intel(R) Xeon(R) Gold 5218R CPU @ 2.10GHz, instruction set [SSE2|AVX|AVX2|AVX512]
Thread count: 40 physical cores, 40 logical processors, using up to 1 threads

Non-default parameters:
TimeLimit  1.9158402737230062e+03
Method  1
BarHomogeneous  1
Threads  1

Optimize a model with 770 rows, 201484 columns and 4973794 nonzeros
Coefficient statistics:
  Matrix range     [1e+00, 1e+00]
  Objective range  [1e+05, 5e+05]
  Bounds range     [0e+00, 0e+00]
  RHS range        [1e+00, 1e+00]
LP warm-start: use basis

Iteration    Objective       Primal Inf.    Dual Inf.      Time
       0   -9.3099943e+29   2.683839e+34   9.309975e-01      0s
      97    3.3013963e+06   0.000000e+00   0.000000e+00      1s

Solved in 97 iterations and 1.44 seconds (1.89 work units)
Optimal objective  3.301396324e+06
Set parameter TimeLimit to value 1.8971390471239574e+03
Set parameter Method to value 1
Gurobi Optimizer version 12.0.3 build v12.0.3rc0 (linux64 - "Ubuntu 24.04.4 LTS")

CPU model: Intel(R) Xeon(R) Gold 5218R CPU @ 2.10GHz, instruction set [SSE2|AVX|AVX2|AVX512]
Thread count: 40 physical cores, 40 logical processors, using up to 1 threads

Non-default parameters:
TimeLimit  1.8971390471239574e+03
Method  1
BarHomogeneous  1
Threads  1

Optimize a model with 770 rows, 201514 columns and 4974588 nonzeros
Coefficient statistics:
  Matrix range     [1e+00, 1e+00]
  Objective range  [1e+05, 5e+05]
  Bounds range     [0e+00, 0e+00]
  RHS range        [1e+00, 1e+00]
LP warm-start: use basis

Iteration    Objective       Primal Inf.    Dual Inf.      Time
       0   -5.7434284e+29   1.722070e+34   5.743430e-01      0s
      88    3.3013963e+06   0.000000e+00   0.000000e+00      1s

Solved in 88 iterations and 1.33 seconds (1.74 work units)
Optimal objective  3.301396324e+06
Set parameter TimeLimit to value 1.8766609860709868e+03
Set parameter Method to value 1
Gurobi Optimizer version 12.0.3 build v12.0.3rc0 (linux64 - "Ubuntu 24.04.4 LTS")

CPU model: Intel(R) Xeon(R) Gold 5218R CPU @ 2.10GHz, instruction set [SSE2|AVX|AVX2|AVX512]
Thread count: 40 physical cores, 40 logical processors, using up to 1 threads

Non-default parameters:
TimeLimit  1.8766609860709868e+03
Method  1
BarHomogeneous  1
Threads  1

Optimize a model with 770 rows, 201544 columns and 4975436 nonzeros
Coefficient statistics:
  Matrix range     [1e+00, 1e+00]
  Objective range  [1e+05, 5e+05]
  Bounds range     [0e+00, 0e+00]
  RHS range        [1e+00, 1e+00]
LP warm-start: use basis

Iteration    Objective       Primal Inf.    Dual Inf.      Time
       0   -2.7131926e+29   6.525390e+33   2.713192e-01      0s
     104    3.3013963e+06   0.000000e+00   0.000000e+00      2s

Solved in 104 iterations and 1.52 seconds (2.05 work units)
Optimal objective  3.301396324e+06
Set parameter TimeLimit to value 1.8565013330806978e+03
Set parameter Method to value 1
Gurobi Optimizer version 12.0.3 build v12.0.3rc0 (linux64 - "Ubuntu 24.04.4 LTS")

CPU model: Intel(R) Xeon(R) Gold 5218R CPU @ 2.10GHz, instruction set [SSE2|AVX|AVX2|AVX512]
Thread count: 40 physical cores, 40 logical processors, using up to 1 threads

Non-default parameters:
TimeLimit  1.8565013330806978e+03
Method  1
BarHomogeneous  1
Threads  1

Optimize a model with 770 rows, 201574 columns and 4976331 nonzeros
Coefficient statistics:
  Matrix range     [1e+00, 1e+00]
  Objective range  [1e+05, 5e+05]
  Bounds range     [0e+00, 0e+00]
  RHS range        [1e+00, 1e+00]
LP warm-start: use basis

Iteration    Objective       Primal Inf.    Dual Inf.      Time
       0   -2.3880223e+29   8.061804e+33   2.388022e-01      0s
      75    3.3013963e+06   0.000000e+00   0.000000e+00      1s

Solved in 75 iterations and 1.17 seconds (1.47 work units)
Optimal objective  3.301396324e+06
Set parameter TimeLimit to value 1.8380748716243543e+03
Set parameter Method to value 1
Gurobi Optimizer version 12.0.3 build v12.0.3rc0 (linux64 - "Ubuntu 24.04.4 LTS")

CPU model: Intel(R) Xeon(R) Gold 5218R CPU @ 2.10GHz, instruction set [SSE2|AVX|AVX2|AVX512]
Thread count: 40 physical cores, 40 logical processors, using up to 1 threads

Non-default parameters:
TimeLimit  1.8380748716243543e+03
Method  1
BarHomogeneous  1
Threads  1

Optimize a model with 770 rows, 201604 columns and 4977187 nonzeros
Coefficient statistics:
  Matrix range     [1e+00, 1e+00]
  Objective range  [1e+05, 5e+05]
  Bounds range     [0e+00, 0e+00]
  RHS range        [1e+00, 1e+00]
LP warm-start: use basis

Iteration    Objective       Primal Inf.    Dual Inf.      Time
       0   -2.3185048e+29   5.886234e+33   2.318506e-01      0s
     515   -2.0784973e+27   2.744517e+32   2.077442e-03      5s
    1022    3.3013963e+06   9.936134e+01   0.000000e+00     11s
    1380    3.3013963e+06   7.218310e+01   0.000000e+00     15s
    1855    3.3013963e+06   2.834486e+00   0.000000e+00     20s
    2327    3.3013963e+06   7.491825e-02   0.000000e+00     26s
    2384    3.3013963e+06   0.000000e+00   0.000000e+00     27s

Solved in 2384 iterations and 26.52 seconds (39.26 work units)
Optimal objective  3.301396324e+06
Set parameter TimeLimit to value 1.7904713939037174e+03
Set parameter Method to value 1
Gurobi Optimizer version 12.0.3 build v12.0.3rc0 (linux64 - "Ubuntu 24.04.4 LTS")

CPU model: Intel(R) Xeon(R) Gold 5218R CPU @ 2.10GHz, instruction set [SSE2|AVX|AVX2|AVX512]
Thread count: 40 physical cores, 40 logical processors, using up to 1 threads

Non-default parameters:
TimeLimit  1.7904713939037174e+03
Method  1
BarHomogeneous  1
Threads  1

Optimize a model with 770 rows, 201634 columns and 4978051 nonzeros
Coefficient statistics:
  Matrix range     [1e+00, 1e+00]
  Objective range  [1e+05, 5e+05]
  Bounds range     [0e+00, 0e+00]
  RHS range        [1e+00, 1e+00]
LP warm-start: use basis

Iteration    Objective       Primal Inf.    Dual Inf.      Time
       0   -4.2199953e+29   1.234639e+34   4.219997e-01      0s
      81    3.3013963e+06   0.000000e+00   0.000000e+00      1s

Solved in 81 iterations and 1.34 seconds (1.73 work units)
Optimal objective  3.301396324e+06
Set parameter TimeLimit to value 1.7720634835576639e+03
Set parameter Method to value 1
Gurobi Optimizer version 12.0.3 build v12.0.3rc0 (linux64 - "Ubuntu 24.04.4 LTS")

CPU model: Intel(R) Xeon(R) Gold 5218R CPU @ 2.10GHz, instruction set [SSE2|AVX|AVX2|AVX512]
Thread count: 40 physical cores, 40 logical processors, using up to 1 threads

Non-default parameters:
TimeLimit  1.7720634835576639e+03
Method  1
BarHomogeneous  1
Threads  1

Optimize a model with 770 rows, 201664 columns and 4979028 nonzeros
Coefficient statistics:
  Matrix range     [1e+00, 1e+00]
  Objective range  [1e+05, 5e+05]
  Bounds range     [0e+00, 0e+00]
  RHS range        [1e+00, 1e+00]
LP warm-start: use basis

Iteration    Objective       Primal Inf.    Dual Inf.      Time
       0   -2.5054427e+29   3.244954e+33   2.505442e-01      0s
     561   -2.4368725e+27   3.411958e+32   2.436910e-03      5s
    1039    3.3013963e+06   1.799923e+02   0.000000e+00     10s
    1516    3.3013963e+06   1.949520e+01   0.000000e+00     16s
    1993    3.3013963e+06   1.023951e+00   0.000000e+00     21s
    2148    3.3013963e+06   0.000000e+00   0.000000e+00     23s

Solved in 2148 iterations and 22.88 seconds (34.02 work units)
Optimal objective  3.301396324e+06
Set parameter TimeLimit to value 1728.34173713997
Set parameter Method to value 1
Gurobi Optimizer version 12.0.3 build v12.0.3rc0 (linux64 - "Ubuntu 24.04.4 LTS")

CPU model: Intel(R) Xeon(R) Gold 5218R CPU @ 2.10GHz, instruction set [SSE2|AVX|AVX2|AVX512]
Thread count: 40 physical cores, 40 logical processors, using up to 1 threads

Non-default parameters:
TimeLimit  1728.34173713997
Method  1
BarHomogeneous  1
Threads  1

Optimize a model with 770 rows, 201694 columns and 4979989 nonzeros
Coefficient statistics:
  Matrix range     [1e+00, 1e+00]
  Objective range  [1e+05, 5e+05]
  Bounds range     [0e+00, 0e+00]
  RHS range        [1e+00, 1e+00]
LP warm-start: use basis

Iteration    Objective       Primal Inf.    Dual Inf.      Time
       0   -2.5658451e+29   9.904485e+33   2.565842e-01      0s
      80    3.3013963e+06   0.000000e+00   0.000000e+00      1s

Solved in 80 iterations and 1.25 seconds (1.57 work units)
Optimal objective  3.301396324e+06
Set parameter TimeLimit to value 1.7098971499986947e+03
Set parameter Method to value 1
Gurobi Optimizer version 12.0.3 build v12.0.3rc0 (linux64 - "Ubuntu 24.04.4 LTS")

CPU model: Intel(R) Xeon(R) Gold 5218R CPU @ 2.10GHz, instruction set [SSE2|AVX|AVX2|AVX512]
Thread count: 40 physical cores, 40 logical processors, using up to 1 threads

Non-default parameters:
TimeLimit  1.7098971499986947e+03
Method  1
BarHomogeneous  1
Threads  1

Optimize a model with 770 rows, 201724 columns and 4980964 nonzeros
Coefficient statistics:
  Matrix range     [1e+00, 1e+00]
  Objective range  [1e+05, 5e+05]
  Bounds range     [0e+00, 0e+00]
  RHS range        [1e+00, 1e+00]
LP warm-start: use basis

Iteration    Objective       Primal Inf.    Dual Inf.      Time
       0   -2.5038192e+29   1.410671e+34   2.503821e-01      0s
     423    3.3013963e+06   0.000000e+00   0.000000e+00      5s

Solved in 423 iterations and 5.04 seconds (7.26 work units)
Optimal objective  3.301396324e+06
Set parameter TimeLimit to value 1.6855819963365793e+03
Set parameter Method to value 1
Gurobi Optimizer version 12.0.3 build v12.0.3rc0 (linux64 - "Ubuntu 24.04.4 LTS")

CPU model: Intel(R) Xeon(R) Gold 5218R CPU @ 2.10GHz, instruction set [SSE2|AVX|AVX2|AVX512]
Thread count: 40 physical cores, 40 logical processors, using up to 1 threads

Non-default parameters:
TimeLimit  1.6855819963365793e+03
Method  1
BarHomogeneous  1
Threads  1

Optimize a model with 770 rows, 201754 columns and 4981914 nonzeros
Coefficient statistics:
  Matrix range     [1e+00, 1e+00]
  Objective range  [1e+05, 5e+05]
  Bounds range     [0e+00, 0e+00]
  RHS range        [1e+00, 1e+00]
LP warm-start: use basis

Iteration    Objective       Primal Inf.    Dual Inf.      Time
       0   -2.4081163e+29   5.272925e+33   2.408116e-01      0s
     548   -6.1041051e+27   1.131590e+33   6.104116e-03      5s
    1068    3.3013963e+06   1.310982e+03   0.000000e+00     11s
    1424    3.3013963e+06   9.418320e+01   0.000000e+00     15s
    1899    3.3013963e+06   1.537735e+02   0.000000e+00     20s
    2373    3.3013963e+06   3.314693e+01   0.000000e+00     26s
    2851    3.3013963e+06   1.451963e+00   0.000000e+00     31s
    3211    3.3013963e+06   1.476425e-02   0.000000e+00     35s
    3253    3.3013963e+06   0.000000e+00   0.000000e+00     36s

Solved in 3253 iterations and 35.80 seconds (53.05 work units)
Optimal objective  3.301396323e+06
Set parameter TimeLimit to value 1.6289846213636920e+03
Set parameter Method to value 1
Gurobi Optimizer version 12.0.3 build v12.0.3rc0 (linux64 - "Ubuntu 24.04.4 LTS")

CPU model: Intel(R) Xeon(R) Gold 5218R CPU @ 2.10GHz, instruction set [SSE2|AVX|AVX2|AVX512]
Thread count: 40 physical cores, 40 logical processors, using up to 1 threads

Non-default parameters:
TimeLimit  1.6289846213636920e+03
Method  1
BarHomogeneous  1
Threads  1

Optimize a model with 770 rows, 201784 columns and 4982825 nonzeros
Coefficient statistics:
  Matrix range     [1e+00, 1e+00]
  Objective range  [1e+05, 5e+05]
  Bounds range     [0e+00, 0e+00]
  RHS range        [1e+00, 1e+00]
LP warm-start: use basis

Iteration    Objective       Primal Inf.    Dual Inf.      Time
       0   -2.3046918e+29   1.086783e+34   2.304693e-01      0s
     520    3.3013963e+06   1.507324e+02   0.000000e+00      6s
     995    3.3013963e+06   3.362332e+01   0.000000e+00     11s
    1353    3.3013963e+06   1.884814e+01   0.000000e+00     15s
    1714    3.3013963e+06   0.000000e+00   0.000000e+00     19s

Solved in 1714 iterations and 19.24 seconds (28.21 work units)
Optimal objective  3.301396323e+06
Set parameter TimeLimit to value 1.5911339804753661e+03
Set parameter Method to value 1
Gurobi Optimizer version 12.0.3 build v12.0.3rc0 (linux64 - "Ubuntu 24.04.4 LTS")

CPU model: Intel(R) Xeon(R) Gold 5218R CPU @ 2.10GHz, instruction set [SSE2|AVX|AVX2|AVX512]
Thread count: 40 physical cores, 40 logical processors, using up to 1 threads

Non-default parameters:
TimeLimit  1.5911339804753661e+03
Method  1
BarHomogeneous  1
Threads  1

Optimize a model with 770 rows, 201814 columns and 4983638 nonzeros
Coefficient statistics:
  Matrix range     [1e+00, 1e+00]
  Objective range  [1e+05, 5e+05]
  Bounds range     [0e+00, 0e+00]
  RHS range        [1e+00, 1e+00]
LP warm-start: use basis

Iteration    Objective       Primal Inf.    Dual Inf.      Time
       0   -2.4614876e+29   2.050218e+34   2.461487e-01      0s
     125    3.3013963e+06   0.000000e+00   0.000000e+00      2s

Solved in 125 iterations and 1.75 seconds (2.35 work units)
Optimal objective  3.301396323e+06
Set parameter TimeLimit to value 1.5707492121872492e+03
Set parameter Method to value 1
Gurobi Optimizer version 12.0.3 build v12.0.3rc0 (linux64 - "Ubuntu 24.04.4 LTS")

CPU model: Intel(R) Xeon(R) Gold 5218R CPU @ 2.10GHz, instruction set [SSE2|AVX|AVX2|AVX512]
Thread count: 40 physical cores, 40 logical processors, using up to 1 threads

Non-default parameters:
TimeLimit  1.5707492121872492e+03
Method  1
BarHomogeneous  1
Threads  1

Optimize a model with 770 rows, 201844 columns and 4984452 nonzeros
Coefficient statistics:
  Matrix range     [1e+00, 1e+00]
  Objective range  [1e+05, 5e+05]
  Bounds range     [0e+00, 0e+00]
  RHS range        [1e+00, 1e+00]
LP warm-start: use basis

Iteration    Objective       Primal Inf.    Dual Inf.      Time
       0   -2.1833528e+29   9.639698e+33   2.183353e-01      0s
     493   -3.2425257e+26   7.259857e+32   3.242648e-04      5s
    1044    3.3013963e+06   2.853546e+01   0.000000e+00     11s
    1403    3.3013963e+06   5.422049e+00   0.000000e+00     15s
    1881    3.3013963e+06   8.877990e-01   0.000000e+00     21s
    2034    3.3013963e+06   0.000000e+00   0.000000e+00     22s

Solved in 2034 iterations and 22.39 seconds (33.50 work units)
Optimal objective  3.301396323e+06
Set parameter TimeLimit to value 1.5288229264710099e+03
Set parameter Method to value 1
Gurobi Optimizer version 12.0.3 build v12.0.3rc0 (linux64 - "Ubuntu 24.04.4 LTS")

CPU model: Intel(R) Xeon(R) Gold 5218R CPU @ 2.10GHz, instruction set [SSE2|AVX|AVX2|AVX512]
Thread count: 40 physical cores, 40 logical processors, using up to 1 threads

Non-default parameters:
TimeLimit  1.5288229264710099e+03
Method  1
BarHomogeneous  1
Threads  1

Optimize a model with 770 rows, 201874 columns and 4985404 nonzeros
Coefficient statistics:
  Matrix range     [1e+00, 1e+00]
  Objective range  [1e+05, 5e+05]
  Bounds range     [0e+00, 0e+00]
  RHS range        [1e+00, 1e+00]
LP warm-start: use basis

Iteration    Objective       Primal Inf.    Dual Inf.      Time
       0   -2.2109103e+29   1.185517e+34   2.210916e-01      0s
      15    3.3013963e+06   0.000000e+00   0.000000e+00      1s

Solved in 15 iterations and 0.67 seconds (0.60 work units)
Optimal objective  3.301396323e+06
Set parameter TimeLimit to value 1.5104839932136238e+03
Set parameter Method to value 1
Gurobi Optimizer version 12.0.3 build v12.0.3rc0 (linux64 - "Ubuntu 24.04.4 LTS")

CPU model: Intel(R) Xeon(R) Gold 5218R CPU @ 2.10GHz, instruction set [SSE2|AVX|AVX2|AVX512]
Thread count: 40 physical cores, 40 logical processors, using up to 1 threads

Non-default parameters:
TimeLimit  1.5104839932136238e+03
Method  1
BarHomogeneous  1
Threads  1

Optimize a model with 770 rows, 201904 columns and 4986407 nonzeros
Coefficient statistics:
  Matrix range     [1e+00, 1e+00]
  Objective range  [1e+05, 5e+05]
  Bounds range     [0e+00, 0e+00]
  RHS range        [1e+00, 1e+00]
LP warm-start: use basis

Iteration    Objective       Primal Inf.    Dual Inf.      Time
       0   -2.1027048e+29   1.070745e+34   2.102670e-01      0s
     540   -5.3697474e+26   4.998472e+32   5.377540e-04      5s
    1059    3.3013963e+06   2.612555e+01   0.000000e+00     11s
    1535    3.3013963e+06   1.003973e+01   0.000000e+00     16s
    1894    3.3013963e+06   2.198662e+00   0.000000e+00     20s
    2159    3.3013963e+06   0.000000e+00   0.000000e+00     23s

Solved in 2159 iterations and 23.19 seconds (34.76 work units)
Optimal objective  3.301396323e+06
Set parameter TimeLimit to value 1.4652767007513903e+03
Set parameter Method to value 1
Gurobi Optimizer version 12.0.3 build v12.0.3rc0 (linux64 - "Ubuntu 24.04.4 LTS")

CPU model: Intel(R) Xeon(R) Gold 5218R CPU @ 2.10GHz, instruction set [SSE2|AVX|AVX2|AVX512]
Thread count: 40 physical cores, 40 logical processors, using up to 1 threads

Non-default parameters:
TimeLimit  1.4652767007513903e+03
Method  1
BarHomogeneous  1
Threads  1

Optimize a model with 770 rows, 201934 columns and 4987260 nonzeros
Coefficient statistics:
  Matrix range     [1e+00, 1e+00]
  Objective range  [1e+05, 5e+05]
  Bounds range     [0e+00, 0e+00]
  RHS range        [1e+00, 1e+00]
LP warm-start: use basis

Iteration    Objective       Primal Inf.    Dual Inf.      Time
       0   -2.3681340e+29   6.450386e+33   2.368136e-01      0s
     121    3.3013963e+06   0.000000e+00   0.000000e+00      2s

Solved in 121 iterations and 1.76 seconds (2.37 work units)
Optimal objective  3.301396323e+06
Set parameter TimeLimit to value 1.4454886943870224e+03
Set parameter Method to value 1
Gurobi Optimizer version 12.0.3 build v12.0.3rc0 (linux64 - "Ubuntu 24.04.4 LTS")

CPU model: Intel(R) Xeon(R) Gold 5218R CPU @ 2.10GHz, instruction set [SSE2|AVX|AVX2|AVX512]
Thread count: 40 physical cores, 40 logical processors, using up to 1 threads

Non-default parameters:
TimeLimit  1.4454886943870224e+03
Method  1
BarHomogeneous  1
Threads  1

Optimize a model with 770 rows, 201964 columns and 4988207 nonzeros
Coefficient statistics:
  Matrix range     [1e+00, 1e+00]
  Objective range  [1e+05, 5e+05]
  Bounds range     [0e+00, 0e+00]
  RHS range        [1e+00, 1e+00]
LP warm-start: use basis

Iteration    Objective       Primal Inf.    Dual Inf.      Time
       0   -2.0824804e+29   4.226418e+33   2.082481e-01      0s
     470    3.3013963e+06   2.167402e+02   0.000000e+00      5s
     946    3.3013963e+06   1.164260e+01   0.000000e+00     10s
    1424    3.3013963e+06   1.182585e+00   0.000000e+00     16s
    1696    3.3013963e+06   0.000000e+00   0.000000e+00     19s

Solved in 1696 iterations and 18.85 seconds (28.21 work units)
Optimal objective  3.301396323e+06
Set parameter TimeLimit to value 1.4064012650828809e+03
Set parameter Method to value 1
Gurobi Optimizer version 12.0.3 build v12.0.3rc0 (linux64 - "Ubuntu 24.04.4 LTS")

CPU model: Intel(R) Xeon(R) Gold 5218R CPU @ 2.10GHz, instruction set [SSE2|AVX|AVX2|AVX512]
Thread count: 40 physical cores, 40 logical processors, using up to 1 threads

Non-default parameters:
TimeLimit  1.4064012650828809e+03
Method  1
BarHomogeneous  1
Threads  1

Optimize a model with 770 rows, 201994 columns and 4989034 nonzeros
Coefficient statistics:
  Matrix range     [1e+00, 1e+00]
  Objective range  [1e+05, 5e+05]
  Bounds range     [0e+00, 0e+00]
  RHS range        [1e+00, 1e+00]
LP warm-start: use basis

Iteration    Objective       Primal Inf.    Dual Inf.      Time
       0   -2.1233663e+29   2.148914e+34   2.123359e-01      0s
     517    3.3013963e+06   1.629938e+02   0.000000e+00      6s
     991    3.3013963e+06   8.663379e+00   0.000000e+00     11s
    1468    3.3013963e+06   3.301362e+00   0.000000e+00     16s
    1844    3.3013963e+06   0.000000e+00   0.000000e+00     20s

Solved in 1844 iterations and 20.39 seconds (30.48 work units)
Optimal objective  3.301396323e+06
Set parameter TimeLimit to value 1.3667596931229346e+03
Set parameter Method to value 1
Gurobi Optimizer version 12.0.3 build v12.0.3rc0 (linux64 - "Ubuntu 24.04.4 LTS")

CPU model: Intel(R) Xeon(R) Gold 5218R CPU @ 2.10GHz, instruction set [SSE2|AVX|AVX2|AVX512]
Thread count: 40 physical cores, 40 logical processors, using up to 1 threads

Non-default parameters:
TimeLimit  1.3667596931229346e+03
Method  1
BarHomogeneous  1
Threads  1

Optimize a model with 770 rows, 202024 columns and 4989898 nonzeros
Coefficient statistics:
  Matrix range     [1e+00, 1e+00]
  Objective range  [1e+05, 5e+05]
  Bounds range     [0e+00, 0e+00]
  RHS range        [1e+00, 1e+00]
LP warm-start: use basis

Iteration    Objective       Primal Inf.    Dual Inf.      Time
       0   -2.2763560e+29   8.976522e+33   2.276354e-01      0s
      83    3.3013963e+06   0.000000e+00   0.000000e+00      1s

Solved in 83 iterations and 1.27 seconds (1.66 work units)
Optimal objective  3.301396323e+06
Set parameter TimeLimit to value 1.3465550800194032e+03
Set parameter Method to value 1
Gurobi Optimizer version 12.0.3 build v12.0.3rc0 (linux64 - "Ubuntu 24.04.4 LTS")

CPU model: Intel(R) Xeon(R) Gold 5218R CPU @ 2.10GHz, instruction set [SSE2|AVX|AVX2|AVX512]
Thread count: 40 physical cores, 40 logical processors, using up to 1 threads

Non-default parameters:
TimeLimit  1.3465550800194032e+03
Method  1
BarHomogeneous  1
Threads  1

Optimize a model with 770 rows, 202054 columns and 4990761 nonzeros
Coefficient statistics:
  Matrix range     [1e+00, 1e+00]
  Objective range  [1e+05, 5e+05]
  Bounds range     [0e+00, 0e+00]
  RHS range        [1e+00, 1e+00]
LP warm-start: use basis

Iteration    Objective       Primal Inf.    Dual Inf.      Time
       0   -2.1512659e+29   9.226755e+33   2.151264e-01      0s
     106    3.3013963e+06   0.000000e+00   0.000000e+00      2s

Solved in 106 iterations and 1.54 seconds (2.07 work units)
Optimal objective  3.301396323e+06
Set parameter TimeLimit to value 1.3277946805818938e+03
Set parameter Method to value 1
Gurobi Optimizer version 12.0.3 build v12.0.3rc0 (linux64 - "Ubuntu 24.04.4 LTS")

CPU model: Intel(R) Xeon(R) Gold 5218R CPU @ 2.10GHz, instruction set [SSE2|AVX|AVX2|AVX512]
Thread count: 40 physical cores, 40 logical processors, using up to 1 threads

Non-default parameters:
TimeLimit  1.3277946805818938e+03
Method  1
BarHomogeneous  1
Threads  1

Optimize a model with 770 rows, 202084 columns and 4991703 nonzeros
Coefficient statistics:
  Matrix range     [1e+00, 1e+00]
  Objective range  [1e+05, 5e+05]
  Bounds range     [0e+00, 0e+00]
  RHS range        [1e+00, 1e+00]
LP warm-start: use basis

Iteration    Objective       Primal Inf.    Dual Inf.      Time
       0   -2.0477756e+29   6.547686e+33   2.047777e-01      0s
     574    3.3013963e+06   1.194341e+03   0.000000e+00      6s
    1053    3.3013963e+06   3.319097e+02   0.000000e+00     11s
    1406    3.3013963e+06   4.985282e+01   0.000000e+00     15s
    1877    3.3013963e+06   3.247774e+00   0.000000e+00     20s
    2326    3.3013963e+06   0.000000e+00   0.000000e+00     26s

Solved in 2326 iterations and 25.66 seconds (38.01 work units)
Optimal objective  3.301396322e+06
Set parameter TimeLimit to value 1.2813053028816357e+03
Set parameter Method to value 1
Gurobi Optimizer version 12.0.3 build v12.0.3rc0 (linux64 - "Ubuntu 24.04.4 LTS")

CPU model: Intel(R) Xeon(R) Gold 5218R CPU @ 2.10GHz, instruction set [SSE2|AVX|AVX2|AVX512]
Thread count: 40 physical cores, 40 logical processors, using up to 1 threads

Non-default parameters:
TimeLimit  1.2813053028816357e+03
Method  1
BarHomogeneous  1
Threads  1

Optimize a model with 770 rows, 202114 columns and 4992591 nonzeros
Coefficient statistics:
  Matrix range     [1e+00, 1e+00]
  Objective range  [1e+05, 5e+05]
  Bounds range     [0e+00, 0e+00]
  RHS range        [1e+00, 1e+00]
LP warm-start: use basis

Iteration    Objective       Primal Inf.    Dual Inf.      Time
       0   -2.7684440e+29   9.669960e+33   2.768442e-01      0s
     548   -3.0122869e+27   6.527426e+32   3.074068e-03      5s
     985    3.3013963e+06   1.882527e+02   0.000000e+00     10s
    1455    3.3013963e+06   3.034628e+01   0.000000e+00     15s
    1931    3.3013963e+06   1.777879e+01   0.000000e+00     21s
    2404    3.3013963e+06   9.104269e-01   0.000000e+00     26s
    2567    3.3013963e+06   0.000000e+00   0.000000e+00     28s

Solved in 2567 iterations and 27.87 seconds (41.27 work units)
Optimal objective  3.301396322e+06
Set parameter TimeLimit to value 1.2338986782650463e+03
Set parameter Method to value 1
Gurobi Optimizer version 12.0.3 build v12.0.3rc0 (linux64 - "Ubuntu 24.04.4 LTS")

CPU model: Intel(R) Xeon(R) Gold 5218R CPU @ 2.10GHz, instruction set [SSE2|AVX|AVX2|AVX512]
Thread count: 40 physical cores, 40 logical processors, using up to 1 threads

Non-default parameters:
TimeLimit  1.2338986782650463e+03
Method  1
BarHomogeneous  1
Threads  1

Optimize a model with 770 rows, 202144 columns and 4993436 nonzeros
Coefficient statistics:
  Matrix range     [1e+00, 1e+00]
  Objective range  [1e+05, 5e+05]
  Bounds range     [0e+00, 0e+00]
  RHS range        [1e+00, 1e+00]
LP warm-start: use basis

Iteration    Objective       Primal Inf.    Dual Inf.      Time
       0   -2.6230058e+29   9.392296e+33   2.623008e-01      0s
      38    3.3013963e+06   0.000000e+00   0.000000e+00      1s

Solved in 38 iterations and 0.74 seconds (0.84 work units)
Optimal objective  3.301396322e+06
Set parameter TimeLimit to value 1.2145396154848859e+03
Set parameter Method to value 1
Gurobi Optimizer version 12.0.3 build v12.0.3rc0 (linux64 - "Ubuntu 24.04.4 LTS")

CPU model: Intel(R) Xeon(R) Gold 5218R CPU @ 2.10GHz, instruction set [SSE2|AVX|AVX2|AVX512]
Thread count: 40 physical cores, 40 logical processors, using up to 1 threads

Non-default parameters:
TimeLimit  1.2145396154848859e+03
Method  1
BarHomogeneous  1
Threads  1

Optimize a model with 770 rows, 202174 columns and 4994323 nonzeros
Coefficient statistics:
  Matrix range     [1e+00, 1e+00]
  Objective range  [1e+05, 5e+05]
  Bounds range     [0e+00, 0e+00]
  RHS range        [1e+00, 1e+00]
LP warm-start: use basis

Iteration    Objective       Primal Inf.    Dual Inf.      Time
       0   -2.4222795e+29   5.100638e+33   2.422281e-01      0s
     482   -1.0445909e+27   3.489039e+32   1.051253e-03      5s
     993    3.3013963e+06   4.929199e+02   0.000000e+00     11s
    1466    3.3013963e+06   1.086874e+02   0.000000e+00     16s
    1816    3.3013963e+06   1.348579e+01   0.000000e+00     20s
    2291    3.3013963e+06   2.648319e+01   0.000000e+00     26s
    2698    3.3013963e+06   0.000000e+00   0.000000e+00     30s

Solved in 2698 iterations and 30.46 seconds (44.65 work units)
Optimal objective  3.301396322e+06
Set parameter TimeLimit to value 1.1631127195758745e+03
Set parameter Method to value 1
Gurobi Optimizer version 12.0.3 build v12.0.3rc0 (linux64 - "Ubuntu 24.04.4 LTS")

CPU model: Intel(R) Xeon(R) Gold 5218R CPU @ 2.10GHz, instruction set [SSE2|AVX|AVX2|AVX512]
Thread count: 40 physical cores, 40 logical processors, using up to 1 threads

Non-default parameters:
TimeLimit  1.1631127195758745e+03
Method  1
BarHomogeneous  1
Threads  1

Optimize a model with 770 rows, 202204 columns and 4995257 nonzeros
Coefficient statistics:
  Matrix range     [1e+00, 1e+00]
  Objective range  [1e+05, 5e+05]
  Bounds range     [0e+00, 0e+00]
  RHS range        [1e+00, 1e+00]
LP warm-start: use basis

Iteration    Objective       Primal Inf.    Dual Inf.      Time
       0   -2.7820123e+29   9.053011e+33   2.782011e-01      0s
     134    3.3013963e+06   0.000000e+00   0.000000e+00      2s

Solved in 134 iterations and 1.89 seconds (2.54 work units)
Optimal objective  3.301396322e+06
Set parameter TimeLimit to value 1.1438894064254127e+03
Set parameter Method to value 1
Gurobi Optimizer version 12.0.3 build v12.0.3rc0 (linux64 - "Ubuntu 24.04.4 LTS")

CPU model: Intel(R) Xeon(R) Gold 5218R CPU @ 2.10GHz, instruction set [SSE2|AVX|AVX2|AVX512]
Thread count: 40 physical cores, 40 logical processors, using up to 1 threads

Non-default parameters:
TimeLimit  1.1438894064254127e+03
Method  1
BarHomogeneous  1
Threads  1

Optimize a model with 770 rows, 202234 columns and 4996140 nonzeros
Coefficient statistics:
  Matrix range     [1e+00, 1e+00]
  Objective range  [1e+05, 5e+05]
  Bounds range     [0e+00, 0e+00]
  RHS range        [1e+00, 1e+00]
LP warm-start: use basis

Iteration    Objective       Primal Inf.    Dual Inf.      Time
       0   -2.6428882e+29   9.779894e+33   2.642891e-01      0s
     134    3.3013963e+06   0.000000e+00   0.000000e+00      2s

Solved in 134 iterations and 1.86 seconds (2.55 work units)
Optimal objective  3.301396322e+06
Set parameter TimeLimit to value 1.1227508927341551e+03
Set parameter Method to value 1
Gurobi Optimizer version 12.0.3 build v12.0.3rc0 (linux64 - "Ubuntu 24.04.4 LTS")

CPU model: Intel(R) Xeon(R) Gold 5218R CPU @ 2.10GHz, instruction set [SSE2|AVX|AVX2|AVX512]
Thread count: 40 physical cores, 40 logical processors, using up to 1 threads

Non-default parameters:
TimeLimit  1.1227508927341551e+03
Method  1
BarHomogeneous  1
Threads  1

Optimize a model with 770 rows, 202264 columns and 4997115 nonzeros
Coefficient statistics:
  Matrix range     [1e+00, 1e+00]
  Objective range  [1e+05, 5e+05]
  Bounds range     [0e+00, 0e+00]
  RHS range        [1e+00, 1e+00]
LP warm-start: use basis

Iteration    Objective       Primal Inf.    Dual Inf.      Time
       0   -2.2937613e+29   2.026342e+34   2.293761e-01      0s
       1    3.3013963e+06   0.000000e+00   0.000000e+00      0s

Solved in 1 iterations and 0.39 seconds (0.31 work units)
Optimal objective  3.301396322e+06
Set parameter TimeLimit to value 1.1035884206271730e+03
Set parameter Method to value 1
Gurobi Optimizer version 12.0.3 build v12.0.3rc0 (linux64 - "Ubuntu 24.04.4 LTS")

CPU model: Intel(R) Xeon(R) Gold 5218R CPU @ 2.10GHz, instruction set [SSE2|AVX|AVX2|AVX512]
Thread count: 40 physical cores, 40 logical processors, using up to 1 threads

Non-default parameters:
TimeLimit  1.1035884206271730e+03
Method  1
BarHomogeneous  1
Threads  1

Optimize a model with 770 rows, 202294 columns and 4998030 nonzeros
Coefficient statistics:
  Matrix range     [1e+00, 1e+00]
  Objective range  [1e+05, 5e+05]
  Bounds range     [0e+00, 0e+00]
  RHS range        [1e+00, 1e+00]
LP warm-start: use basis

Iteration    Objective       Primal Inf.    Dual Inf.      Time
       0   -2.1566631e+29   1.872751e+34   2.156673e-01      0s
       1    3.3013963e+06   0.000000e+00   0.000000e+00      0s

Solved in 1 iterations and 0.39 seconds (0.32 work units)
Optimal objective  3.301396322e+06
Set parameter TimeLimit to value 1085.91460378794
Set parameter Method to value 1
Gurobi Optimizer version 12.0.3 build v12.0.3rc0 (linux64 - "Ubuntu 24.04.4 LTS")

CPU model: Intel(R) Xeon(R) Gold 5218R CPU @ 2.10GHz, instruction set [SSE2|AVX|AVX2|AVX512]
Thread count: 40 physical cores, 40 logical processors, using up to 1 threads

Non-default parameters:
TimeLimit  1085.91460378794
Method  1
BarHomogeneous  1
Threads  1

Optimize a model with 770 rows, 202324 columns and 4998973 nonzeros
Coefficient statistics:
  Matrix range     [1e+00, 1e+00]
  Objective range  [1e+05, 5e+05]
  Bounds range     [0e+00, 0e+00]
  RHS range        [1e+00, 1e+00]
LP warm-start: use basis

Iteration    Objective       Primal Inf.    Dual Inf.      Time
       0   -1.8761241e+29   3.824248e+33   1.876123e-01      0s
     524   -3.8659538e+27   1.264917e+33   3.870721e-03      5s
    1039    3.3013963e+06   4.959081e+02   0.000000e+00     11s
    1501    3.3013963e+06   4.852169e+01   0.000000e+00     16s
    1972    3.3013963e+06   5.000393e+01   0.000000e+00     21s
    2329    3.3013963e+06   4.452948e+00   0.000000e+00     25s
    2593    3.3013963e+06   0.000000e+00   0.000000e+00     28s

Solved in 2593 iterations and 28.32 seconds (41.92 work units)
Optimal objective  3.301396322e+06
Set parameter TimeLimit to value 1.0367279371558689e+03
Set parameter Method to value 1
Gurobi Optimizer version 12.0.3 build v12.0.3rc0 (linux64 - "Ubuntu 24.04.4 LTS")

CPU model: Intel(R) Xeon(R) Gold 5218R CPU @ 2.10GHz, instruction set [SSE2|AVX|AVX2|AVX512]
Thread count: 40 physical cores, 40 logical processors, using up to 1 threads

Non-default parameters:
TimeLimit  1.0367279371558689e+03
Method  1
BarHomogeneous  1
Threads  1

Optimize a model with 770 rows, 202354 columns and 4999805 nonzeros
Coefficient statistics:
  Matrix range     [1e+00, 1e+00]
  Objective range  [1e+05, 5e+05]
  Bounds range     [0e+00, 0e+00]
  RHS range        [1e+00, 1e+00]
LP warm-start: use basis

Iteration    Objective       Primal Inf.    Dual Inf.      Time
       0   -2.3095778e+29   8.061192e+33   2.309575e-01      0s
     573   -1.5940198e+28   1.026278e+33   1.593908e-02      5s
    1096    3.3013963e+06   5.964000e+02   0.000000e+00     11s
    1572    3.3013963e+06   5.570851e+02   0.000000e+00     16s
    2044    3.3013963e+06   1.068192e+02   0.000000e+00     21s
    2397    3.3013963e+06   4.779985e+01   0.000000e+00     25s
    2867    3.3013963e+06   9.490649e+00   0.000000e+00     31s
    3347    3.3013963e+06   1.009943e+02   0.000000e+00     36s
    3699    3.3013963e+06   4.552214e+00   0.000000e+00     40s
    4080    3.3013963e+06   0.000000e+00   0.000000e+00     44s

Solved in 4080 iterations and 44.39 seconds (65.78 work units)
Optimal objective  3.301396321e+06
Set parameter TimeLimit to value 9.7122707919450477e+02
Set parameter Method to value 1
Gurobi Optimizer version 12.0.3 build v12.0.3rc0 (linux64 - "Ubuntu 24.04.4 LTS")

CPU model: Intel(R) Xeon(R) Gold 5218R CPU @ 2.10GHz, instruction set [SSE2|AVX|AVX2|AVX512]
Thread count: 40 physical cores, 40 logical processors, using up to 1 threads

Non-default parameters:
TimeLimit  9.7122707919450477e+02
Method  1
BarHomogeneous  1
Threads  1

Optimize a model with 770 rows, 202384 columns and 5000723 nonzeros
Coefficient statistics:
  Matrix range     [1e+00, 1e+00]
  Objective range  [1e+05, 5e+05]
  Bounds range     [0e+00, 0e+00]
  RHS range        [1e+00, 1e+00]
LP warm-start: use basis

Iteration    Objective       Primal Inf.    Dual Inf.      Time
       0   -1.8481782e+29   2.690352e+34   1.848189e-01      0s
     509    3.3013963e+06   3.068954e+02   0.000000e+00      6s
     983    3.3013963e+06   7.269304e+01   0.000000e+00     11s
    1336    3.3013963e+06   2.750403e+01   0.000000e+00     15s
    1803    3.3013963e+06   4.652077e+00   0.000000e+00     21s
    2282    3.3013963e+06   8.089664e-01   0.000000e+00     26s
    2761    3.3013963e+06   1.879566e-02   0.000000e+00     31s
    2911    3.3013963e+06   0.000000e+00   0.000000e+00     33s

Solved in 2911 iterations and 33.15 seconds (49.01 work units)
Optimal objective  3.301396321e+06
Set parameter TimeLimit to value 9.1702057287469506e+02
Set parameter Method to value 1
Gurobi Optimizer version 12.0.3 build v12.0.3rc0 (linux64 - "Ubuntu 24.04.4 LTS")

CPU model: Intel(R) Xeon(R) Gold 5218R CPU @ 2.10GHz, instruction set [SSE2|AVX|AVX2|AVX512]
Thread count: 40 physical cores, 40 logical processors, using up to 1 threads

Non-default parameters:
TimeLimit  9.1702057287469506e+02
Method  1
BarHomogeneous  1
Threads  1

Optimize a model with 770 rows, 202414 columns and 5001607 nonzeros
Coefficient statistics:
  Matrix range     [1e+00, 1e+00]
  Objective range  [1e+05, 5e+05]
  Bounds range     [0e+00, 0e+00]
  RHS range        [1e+00, 1e+00]
LP warm-start: use basis

Iteration    Objective       Primal Inf.    Dual Inf.      Time
       0   -2.2187499e+29   9.538540e+33   2.218749e-01      0s
      43    3.3013963e+06   0.000000e+00   0.000000e+00      1s

Solved in 43 iterations and 0.82 seconds (0.98 work units)
Optimal objective  3.301396321e+06
Set parameter TimeLimit to value 8.9884843802265823e+02
Set parameter Method to value 1
Gurobi Optimizer version 12.0.3 build v12.0.3rc0 (linux64 - "Ubuntu 24.04.4 LTS")

CPU model: Intel(R) Xeon(R) Gold 5218R CPU @ 2.10GHz, instruction set [SSE2|AVX|AVX2|AVX512]
Thread count: 40 physical cores, 40 logical processors, using up to 1 threads

Non-default parameters:
TimeLimit  8.9884843802265823e+02
Method  1
BarHomogeneous  1
Threads  1

Optimize a model with 770 rows, 202444 columns and 5002535 nonzeros
Coefficient statistics:
  Matrix range     [1e+00, 1e+00]
  Objective range  [1e+05, 5e+05]
  Bounds range     [0e+00, 0e+00]
  RHS range        [1e+00, 1e+00]
LP warm-start: use basis

Iteration    Objective       Primal Inf.    Dual Inf.      Time
       0   -1.9988977e+29   4.402834e+33   1.998898e-01      0s
     512   -6.9029943e+27   1.239998e+33   6.966539e-03      5s
    1045    3.3013963e+06   9.060837e+02   0.000000e+00     11s
    1512    3.3013963e+06   8.767372e+01   0.000000e+00     16s
    1862    3.3013963e+06   2.102503e+01   0.000000e+00     20s
    2334    3.3013963e+06   1.727328e+01   0.000000e+00     25s
    2809    3.3013963e+06   2.154136e+01   0.000000e+00     31s
    3162    3.3013963e+06   0.000000e+00   0.000000e+00     35s

Solved in 3162 iterations and 34.58 seconds (51.53 work units)
Optimal objective  3.301396321e+06
Set parameter TimeLimit to value 8.4322367788990960e+02
Set parameter Method to value 1
Gurobi Optimizer version 12.0.3 build v12.0.3rc0 (linux64 - "Ubuntu 24.04.4 LTS")

CPU model: Intel(R) Xeon(R) Gold 5218R CPU @ 2.10GHz, instruction set [SSE2|AVX|AVX2|AVX512]
Thread count: 40 physical cores, 40 logical processors, using up to 1 threads

Non-default parameters:
TimeLimit  8.4322367788990960e+02
Method  1
BarHomogeneous  1
Threads  1

Optimize a model with 770 rows, 202474 columns and 5003428 nonzeros
Coefficient statistics:
  Matrix range     [1e+00, 1e+00]
  Objective range  [1e+05, 5e+05]
  Bounds range     [0e+00, 0e+00]
  RHS range        [1e+00, 1e+00]
LP warm-start: use basis

Iteration    Objective       Primal Inf.    Dual Inf.      Time
       0   -2.0602397e+29   3.585455e+33   2.060239e-01      0s
     645   -2.0449699e+28   4.385653e+33   2.062456e-02      5s
    1144    2.4236895e+26   3.323489e+31   3.610380e-06     10s
    1617    3.3013963e+06   4.690178e+01   0.000000e+00     16s
    2084    3.3013963e+06   1.399264e+01   0.000000e+00     21s
    2440    3.3013963e+06   1.502760e+01   0.000000e+00     25s
    2807    3.3013963e+06   0.000000e+00   0.000000e+00     29s

Solved in 2807 iterations and 29.48 seconds (43.55 work units)
Optimal objective  3.301396321e+06
Set parameter TimeLimit to value 7.9289659899147227e+02
Set parameter Method to value 1
Gurobi Optimizer version 12.0.3 build v12.0.3rc0 (linux64 - "Ubuntu 24.04.4 LTS")

CPU model: Intel(R) Xeon(R) Gold 5218R CPU @ 2.10GHz, instruction set [SSE2|AVX|AVX2|AVX512]
Thread count: 40 physical cores, 40 logical processors, using up to 1 threads

Non-default parameters:
TimeLimit  7.9289659899147227e+02
Method  1
BarHomogeneous  1
Threads  1

Optimize a model with 770 rows, 202504 columns and 5004405 nonzeros
Coefficient statistics:
  Matrix range     [1e+00, 1e+00]
  Objective range  [1e+05, 5e+05]
  Bounds range     [0e+00, 0e+00]
  RHS range        [1e+00, 1e+00]
LP warm-start: use basis

Iteration    Objective       Primal Inf.    Dual Inf.      Time
       0   -2.8056854e+29   1.256288e+34   2.805686e-01      0s
     106    3.3013963e+06   0.000000e+00   0.000000e+00      2s

Solved in 106 iterations and 1.57 seconds (2.11 work units)
Optimal objective  3.301396321e+06
Set parameter TimeLimit to value 7.7410282714525238e+02
Set parameter Method to value 1
Gurobi Optimizer version 12.0.3 build v12.0.3rc0 (linux64 - "Ubuntu 24.04.4 LTS")

CPU model: Intel(R) Xeon(R) Gold 5218R CPU @ 2.10GHz, instruction set [SSE2|AVX|AVX2|AVX512]
Thread count: 40 physical cores, 40 logical processors, using up to 1 threads

Non-default parameters:
TimeLimit  7.7410282714525238e+02
Method  1
BarHomogeneous  1
Threads  1

Optimize a model with 770 rows, 202534 columns and 5005291 nonzeros
Coefficient statistics:
  Matrix range     [1e+00, 1e+00]
  Objective range  [1e+05, 5e+05]
  Bounds range     [0e+00, 0e+00]
  RHS range        [1e+00, 1e+00]
LP warm-start: use basis

Iteration    Objective       Primal Inf.    Dual Inf.      Time
       0   -2.6448367e+29   2.259438e+34   2.644847e-01      0s
     116    3.3013963e+06   0.000000e+00   0.000000e+00      2s

Solved in 116 iterations and 1.57 seconds (2.03 work units)
Optimal objective  3.301396321e+06
Set parameter TimeLimit to value 7.5434932016814128e+02
Set parameter Method to value 1
Gurobi Optimizer version 12.0.3 build v12.0.3rc0 (linux64 - "Ubuntu 24.04.4 LTS")

CPU model: Intel(R) Xeon(R) Gold 5218R CPU @ 2.10GHz, instruction set [SSE2|AVX|AVX2|AVX512]
Thread count: 40 physical cores, 40 logical processors, using up to 1 threads

Non-default parameters:
TimeLimit  7.5434932016814128e+02
Method  1
BarHomogeneous  1
Threads  1

Optimize a model with 770 rows, 202564 columns and 5006139 nonzeros
Coefficient statistics:
  Matrix range     [1e+00, 1e+00]
  Objective range  [1e+05, 5e+05]
  Bounds range     [0e+00, 0e+00]
  RHS range        [1e+00, 1e+00]
LP warm-start: use basis

Iteration    Objective       Primal Inf.    Dual Inf.      Time
       0   -1.9491653e+29   6.783378e+33   1.949167e-01      0s
     595   -3.1678374e+28   1.371795e+33   3.179892e-02      5s
    1136   -5.7781869e+27   6.806821e+32   5.964424e-03     11s
    1492   -1.6789012e+27   1.046541e+33   1.902021e-03     15s
    1964    3.3013963e+06   5.959120e+02   0.000000e+00     20s
    2431    3.3013963e+06   2.300366e+02   0.000000e+00     26s
    2781    3.3013963e+06   2.623049e+02   0.000000e+00     30s
    3253    3.3013963e+06   6.727524e+01   0.000000e+00     36s
    3725    3.3013963e+06   1.354135e+01   0.000000e+00     41s
    4083    3.3013963e+06   4.620879e+00   0.000000e+00     45s
    4556    3.3013963e+06   1.452860e+00   0.000000e+00     51s
    4864    3.3013963e+06   0.000000e+00   0.000000e+00     54s

Solved in 4864 iterations and 54.22 seconds (78.16 work units)
Optimal objective  3.301396320e+06
Set parameter TimeLimit to value 6.7929355840850621e+02
Set parameter Method to value 1
Gurobi Optimizer version 12.0.3 build v12.0.3rc0 (linux64 - "Ubuntu 24.04.4 LTS")

CPU model: Intel(R) Xeon(R) Gold 5218R CPU @ 2.10GHz, instruction set [SSE2|AVX|AVX2|AVX512]
Thread count: 40 physical cores, 40 logical processors, using up to 1 threads

Non-default parameters:
TimeLimit  6.7929355840850621e+02
Method  1
BarHomogeneous  1
Threads  1

Optimize a model with 770 rows, 202594 columns and 5006767 nonzeros
Coefficient statistics:
  Matrix range     [1e+00, 1e+00]
  Objective range  [1e+05, 5e+05]
  Bounds range     [0e+00, 0e+00]
  RHS range        [1e+00, 1e+00]
LP warm-start: use basis

Iteration    Objective       Primal Inf.    Dual Inf.      Time
       0   -8.2016422e+30   1.470130e+34   8.201642e+00      0s
       1    3.3013963e+06   0.000000e+00   0.000000e+00      0s

Solved in 1 iterations and 0.39 seconds (0.31 work units)
Optimal objective  3.301396320e+06
Set parameter TimeLimit to value 6.6052291972376406e+02
Set parameter Method to value 1
Gurobi Optimizer version 12.0.3 build v12.0.3rc0 (linux64 - "Ubuntu 24.04.4 LTS")

CPU model: Intel(R) Xeon(R) Gold 5218R CPU @ 2.10GHz, instruction set [SSE2|AVX|AVX2|AVX512]
Thread count: 40 physical cores, 40 logical processors, using up to 1 threads

Non-default parameters:
TimeLimit  6.6052291972376406e+02
Method  1
BarHomogeneous  1
Threads  1

Optimize a model with 770 rows, 202624 columns and 5007570 nonzeros
Coefficient statistics:
  Matrix range     [1e+00, 1e+00]
  Objective range  [1e+05, 5e+05]
  Bounds range     [0e+00, 0e+00]
  RHS range        [1e+00, 1e+00]
LP warm-start: use basis

Iteration    Objective       Primal Inf.    Dual Inf.      Time
       0   -2.7196666e+29   2.358011e+34   2.719657e-01      0s
     137    3.3013963e+06   0.000000e+00   0.000000e+00      2s

Solved in 137 iterations and 1.98 seconds (2.83 work units)
Optimal objective  3.301396320e+06
Set parameter TimeLimit to value 6.3993932107929140e+02
Set parameter Method to value 1
Gurobi Optimizer version 12.0.3 build v12.0.3rc0 (linux64 - "Ubuntu 24.04.4 LTS")

CPU model: Intel(R) Xeon(R) Gold 5218R CPU @ 2.10GHz, instruction set [SSE2|AVX|AVX2|AVX512]
Thread count: 40 physical cores, 40 logical processors, using up to 1 threads

Non-default parameters:
TimeLimit  6.3993932107929140e+02
Method  1
BarHomogeneous  1
Threads  1

Optimize a model with 770 rows, 202654 columns and 5008351 nonzeros
Coefficient statistics:
  Matrix range     [1e+00, 1e+00]
  Objective range  [1e+05, 5e+05]
  Bounds range     [0e+00, 0e+00]
  RHS range        [1e+00, 1e+00]
LP warm-start: use basis

Iteration    Objective       Primal Inf.    Dual Inf.      Time
       0   -2.3845154e+29   6.187558e+33   2.384516e-01      0s
     141    3.3013963e+06   0.000000e+00   0.000000e+00      2s

Solved in 141 iterations and 2.03 seconds (2.90 work units)
Optimal objective  3.301396320e+06
Set parameter TimeLimit to value 6.1949650515895337e+02
Set parameter Method to value 1
Gurobi Optimizer version 12.0.3 build v12.0.3rc0 (linux64 - "Ubuntu 24.04.4 LTS")

CPU model: Intel(R) Xeon(R) Gold 5218R CPU @ 2.10GHz, instruction set [SSE2|AVX|AVX2|AVX512]
Thread count: 40 physical cores, 40 logical processors, using up to 1 threads

Non-default parameters:
TimeLimit  6.1949650515895337e+02
Method  1
BarHomogeneous  1
Threads  1

Optimize a model with 770 rows, 202684 columns and 5009292 nonzeros
Coefficient statistics:
  Matrix range     [1e+00, 1e+00]
  Objective range  [1e+05, 5e+05]
  Bounds range     [0e+00, 0e+00]
  RHS range        [1e+00, 1e+00]
LP warm-start: use basis

Iteration    Objective       Primal Inf.    Dual Inf.      Time
       0   -2.0635750e+29   5.878257e+33   2.063571e-01      0s
     656   -1.2517625e+28   6.275660e+32   1.252074e-02      5s
    1127   -6.3051991e+26   3.013530e+32   7.190037e-04     10s
    1596    3.3013963e+06   4.524817e+03   0.000000e+00     16s
    2042    3.3013963e+06   2.603611e+02   0.000000e+00     21s
    2503    3.3013963e+06   2.945601e+02   0.000000e+00     26s
    2851    3.3013963e+06   1.776018e+01   0.000000e+00     30s
    3322    3.3013963e+06   2.085720e+01   0.000000e+00     36s
    3789    3.3013963e+06   6.068096e-03   0.000000e+00     41s
    4256    3.3013963e+06   0.000000e+00   6.358536e+02     45s
    4733    3.3013963e+06   0.000000e+00   1.206825e+00     50s
    5345    3.3013963e+06   0.000000e+00   8.668959e-02     55s
    5580    3.3013963e+06   0.000000e+00   0.000000e+00     58s

Solved in 5580 iterations and 57.66 seconds (89.12 work units)
Optimal objective  3.301396320e+06
Set parameter TimeLimit to value 5.4100230501312762e+02
Set parameter Method to value 1
Gurobi Optimizer version 12.0.3 build v12.0.3rc0 (linux64 - "Ubuntu 24.04.4 LTS")

CPU model: Intel(R) Xeon(R) Gold 5218R CPU @ 2.10GHz, instruction set [SSE2|AVX|AVX2|AVX512]
Thread count: 40 physical cores, 40 logical processors, using up to 1 threads

Non-default parameters:
TimeLimit  5.4100230501312762e+02
Method  1
BarHomogeneous  1
Threads  1

Optimize a model with 770 rows, 202714 columns and 5010191 nonzeros
Coefficient statistics:
  Matrix range     [1e+00, 1e+00]
  Objective range  [1e+05, 5e+05]
  Bounds range     [0e+00, 0e+00]
  RHS range        [1e+00, 1e+00]
LP warm-start: use basis

Iteration    Objective       Primal Inf.    Dual Inf.      Time
       0   -1.8768794e+29   4.744815e+33   1.876878e-01      0s
     672   -2.2387121e+28   3.367117e+33   2.243753e-02      5s
    1116   -3.7895231e+26   2.614348e+32   4.580514e-04     10s
    1593    3.3013963e+06   5.216516e+02   0.000000e+00     16s
    2068    3.3013963e+06   5.491667e+01   0.000000e+00     21s
    2419    3.3013963e+06   1.270263e+01   0.000000e+00     25s
    2892    3.3013963e+06   1.581774e+00   0.000000e+00     31s
    3125    3.3013963e+06   0.000000e+00   0.000000e+00     33s

Solved in 3125 iterations and 33.34 seconds (48.84 work units)
Optimal objective  3.301396320e+06
Set parameter TimeLimit to value 4.8681465664599091e+02
Set parameter Method to value 1
Gurobi Optimizer version 12.0.3 build v12.0.3rc0 (linux64 - "Ubuntu 24.04.4 LTS")

CPU model: Intel(R) Xeon(R) Gold 5218R CPU @ 2.10GHz, instruction set [SSE2|AVX|AVX2|AVX512]
Thread count: 40 physical cores, 40 logical processors, using up to 1 threads

Non-default parameters:
TimeLimit  4.8681465664599091e+02
Method  1
BarHomogeneous  1
Threads  1

Optimize a model with 770 rows, 202744 columns and 5011187 nonzeros
Coefficient statistics:
  Matrix range     [1e+00, 1e+00]
  Objective range  [1e+05, 5e+05]
  Bounds range     [0e+00, 0e+00]
  RHS range        [1e+00, 1e+00]
LP warm-start: use basis

Iteration    Objective       Primal Inf.    Dual Inf.      Time
       0   -1.7478843e+29   3.557168e+33   1.747883e-01      0s
     658   -9.8136608e+27   9.836558e+33   9.889938e-03      5s
    1101   -4.7006291e+25   3.543408e+32   2.540714e-04     10s
    1578    3.3013963e+06   1.085106e+03   0.000000e+00     16s
    2053    3.3013963e+06   4.317317e+01   0.000000e+00     21s
    2408    3.3013963e+06   2.318946e+01   0.000000e+00     25s
    2886    3.3013963e+06   1.291157e+01   0.000000e+00     31s
    3362    3.3013963e+06   2.421858e+00   0.000000e+00     36s
    3722    3.3013963e+06   1.810634e+00   0.000000e+00     40s
    4163    3.3013963e+06   0.000000e+00   0.000000e+00     45s

Solved in 4163 iterations and 45.21 seconds (66.35 work units)
Optimal objective  3.301396320e+06
Set parameter TimeLimit to value 4.2066507708374411e+02
Set parameter Method to value 1
Gurobi Optimizer version 12.0.3 build v12.0.3rc0 (linux64 - "Ubuntu 24.04.4 LTS")

CPU model: Intel(R) Xeon(R) Gold 5218R CPU @ 2.10GHz, instruction set [SSE2|AVX|AVX2|AVX512]
Thread count: 40 physical cores, 40 logical processors, using up to 1 threads

Non-default parameters:
TimeLimit  4.2066507708374411e+02
Method  1
BarHomogeneous  1
Threads  1

Optimize a model with 770 rows, 202774 columns and 5012246 nonzeros
Coefficient statistics:
  Matrix range     [1e+00, 1e+00]
  Objective range  [1e+05, 5e+05]
  Bounds range     [0e+00, 0e+00]
  RHS range        [1e+00, 1e+00]
LP warm-start: use basis

Iteration    Objective       Primal Inf.    Dual Inf.      Time
       0   -1.8681857e+29   4.430355e+34   1.868150e-01      0s
       1    3.3013963e+06   0.000000e+00   0.000000e+00      0s

Solved in 1 iterations and 0.39 seconds (0.31 work units)
Optimal objective  3.301396320e+06
Set parameter TimeLimit to value 4.0128374121058732e+02
Set parameter Method to value 1
Gurobi Optimizer version 12.0.3 build v12.0.3rc0 (linux64 - "Ubuntu 24.04.4 LTS")

CPU model: Intel(R) Xeon(R) Gold 5218R CPU @ 2.10GHz, instruction set [SSE2|AVX|AVX2|AVX512]
Thread count: 40 physical cores, 40 logical processors, using up to 1 threads

Non-default parameters:
TimeLimit  4.0128374121058732e+02
Method  1
BarHomogeneous  1
Threads  1

Optimize a model with 770 rows, 202804 columns and 5013264 nonzeros
Coefficient statistics:
  Matrix range     [1e+00, 1e+00]
  Objective range  [1e+05, 5e+05]
  Bounds range     [0e+00, 0e+00]
  RHS range        [1e+00, 1e+00]
LP warm-start: use basis

Iteration    Objective       Primal Inf.    Dual Inf.      Time
       0   -1.8164355e+29   4.136538e+34   1.816439e-01      0s
      74    3.3013963e+06   0.000000e+00   0.000000e+00      1s

Solved in 74 iterations and 1.30 seconds (1.73 work units)
Optimal objective  3.301396320e+06
Set parameter TimeLimit to value 3.8274368295213208e+02
Set parameter Method to value 1
Gurobi Optimizer version 12.0.3 build v12.0.3rc0 (linux64 - "Ubuntu 24.04.4 LTS")

CPU model: Intel(R) Xeon(R) Gold 5218R CPU @ 2.10GHz, instruction set [SSE2|AVX|AVX2|AVX512]
Thread count: 40 physical cores, 40 logical processors, using up to 1 threads

Non-default parameters:
TimeLimit  3.8274368295213208e+02
Method  1
BarHomogeneous  1
Threads  1

Optimize a model with 770 rows, 202834 columns and 5014254 nonzeros
Coefficient statistics:
  Matrix range     [1e+00, 1e+00]
  Objective range  [1e+05, 5e+05]
  Bounds range     [0e+00, 0e+00]
  RHS range        [1e+00, 1e+00]
LP warm-start: use basis

Iteration    Objective       Primal Inf.    Dual Inf.      Time
       0   -1.7420527e+29   4.399306e+33   1.742053e-01      0s
     485   -3.1299726e+26   2.720047e+32   3.136842e-04      5s
     918    3.3013963e+06   1.674161e+02   0.000000e+00     10s
    1387    3.3013963e+06   2.034929e+01   0.000000e+00     16s
    1862    3.3013963e+06   1.045919e+01   0.000000e+00     21s
    2226    3.3013963e+06   0.000000e+00   0.000000e+00     25s

Solved in 2226 iterations and 25.49 seconds (36.61 work units)
Optimal objective  3.301396319e+06
Set parameter TimeLimit to value 3.3621871086535975e+02
Set parameter Method to value 1
Gurobi Optimizer version 12.0.3 build v12.0.3rc0 (linux64 - "Ubuntu 24.04.4 LTS")

CPU model: Intel(R) Xeon(R) Gold 5218R CPU @ 2.10GHz, instruction set [SSE2|AVX|AVX2|AVX512]
Thread count: 40 physical cores, 40 logical processors, using up to 1 threads

Non-default parameters:
TimeLimit  3.3621871086535975e+02
Method  1
BarHomogeneous  1
Threads  1

Optimize a model with 770 rows, 202864 columns and 5015229 nonzeros
Coefficient statistics:
  Matrix range     [1e+00, 1e+00]
  Objective range  [1e+05, 5e+05]
  Bounds range     [0e+00, 0e+00]
  RHS range        [1e+00, 1e+00]
LP warm-start: use basis

Iteration    Objective       Primal Inf.    Dual Inf.      Time
       0   -1.6529331e+29   6.817303e+33   1.652933e-01      0s
      81    3.3013963e+06   0.000000e+00   0.000000e+00      1s

Solved in 81 iterations and 1.37 seconds (1.91 work units)
Optimal objective  3.301396319e+06
Set parameter TimeLimit to value 3.1757611445477232e+02
Set parameter Method to value 1
Gurobi Optimizer version 12.0.3 build v12.0.3rc0 (linux64 - "Ubuntu 24.04.4 LTS")

CPU model: Intel(R) Xeon(R) Gold 5218R CPU @ 2.10GHz, instruction set [SSE2|AVX|AVX2|AVX512]
Thread count: 40 physical cores, 40 logical processors, using up to 1 threads

Non-default parameters:
TimeLimit  3.1757611445477232e+02
Method  1
BarHomogeneous  1
Threads  1

Optimize a model with 770 rows, 202894 columns and 5016156 nonzeros
Coefficient statistics:
  Matrix range     [1e+00, 1e+00]
  Objective range  [1e+05, 5e+05]
  Bounds range     [0e+00, 0e+00]
  RHS range        [1e+00, 1e+00]
LP warm-start: use basis

Iteration    Objective       Primal Inf.    Dual Inf.      Time
       0   -1.4544127e+29   3.831690e+33   1.454417e-01      0s
     584   -1.5160079e+28   2.118802e+33   1.515485e-02      5s
    1134   -1.0820484e+26   8.917417e+32   2.707269e-04     11s
    1614    3.3013963e+06   4.527311e+02   0.000000e+00     16s
    1970    3.3013963e+06   5.178538e+01   0.000000e+00     20s
    2442    3.3013963e+06   6.087169e+01   0.000000e+00     25s
    2913    3.3013963e+06   4.606976e+00   0.000000e+00     31s
    3380    3.3013963e+06   0.000000e+00   0.000000e+00     36s
    3416    3.3013963e+06   0.000000e+00   0.000000e+00     37s

Solved in 3416 iterations and 36.54 seconds (54.14 work units)
Optimal objective  3.301396319e+06
Set parameter TimeLimit to value 2.5995091924024746e+02
Set parameter Method to value 1
Gurobi Optimizer version 12.0.3 build v12.0.3rc0 (linux64 - "Ubuntu 24.04.4 LTS")

CPU model: Intel(R) Xeon(R) Gold 5218R CPU @ 2.10GHz, instruction set [SSE2|AVX|AVX2|AVX512]
Thread count: 40 physical cores, 40 logical processors, using up to 1 threads

Non-default parameters:
TimeLimit  2.5995091924024746e+02
Method  1
BarHomogeneous  1
Threads  1

Optimize a model with 770 rows, 202924 columns and 5017015 nonzeros
Coefficient statistics:
  Matrix range     [1e+00, 1e+00]
  Objective range  [1e+05, 5e+05]
  Bounds range     [0e+00, 0e+00]
  RHS range        [1e+00, 1e+00]
LP warm-start: use basis

Iteration    Objective       Primal Inf.    Dual Inf.      Time
       0   -1.6737597e+29   8.619727e+33   1.673759e-01      0s
     221    3.3013963e+06   0.000000e+00   0.000000e+00      3s

Solved in 221 iterations and 2.85 seconds (3.98 work units)
Optimal objective  3.301396319e+06
Set parameter TimeLimit to value 2.3822181181935593e+02
Set parameter Method to value 1
Gurobi Optimizer version 12.0.3 build v12.0.3rc0 (linux64 - "Ubuntu 24.04.4 LTS")

CPU model: Intel(R) Xeon(R) Gold 5218R CPU @ 2.10GHz, instruction set [SSE2|AVX|AVX2|AVX512]
Thread count: 40 physical cores, 40 logical processors, using up to 1 threads

Non-default parameters:
TimeLimit  2.3822181181935593e+02
Method  1
BarHomogeneous  1
Threads  1

Optimize a model with 770 rows, 202954 columns and 5017933 nonzeros
Coefficient statistics:
  Matrix range     [1e+00, 1e+00]
  Objective range  [1e+05, 5e+05]
  Bounds range     [0e+00, 0e+00]
  RHS range        [1e+00, 1e+00]
LP warm-start: use basis

Iteration    Objective       Primal Inf.    Dual Inf.      Time
       0   -1.4034839e+29   6.953196e+33   1.403481e-01      0s
     561   -5.0061520e+27   6.913879e+32   5.006075e-03      5s
     996    3.3013963e+06   2.575358e+02   0.000000e+00     10s
    1466    3.3013963e+06   1.367432e+01   0.000000e+00     16s
    1940    3.3013963e+06   6.045730e+00   0.000000e+00     21s
    2413    3.3013963e+06   1.883246e-03   0.000000e+00     26s
    2496    3.3013963e+06   0.000000e+00   0.000000e+00     27s

Solved in 2496 iterations and 27.24 seconds (40.44 work units)
Optimal objective  3.301396319e+06
Set parameter TimeLimit to value 1.9152977901883423e+02
Set parameter Method to value 1
Gurobi Optimizer version 12.0.3 build v12.0.3rc0 (linux64 - "Ubuntu 24.04.4 LTS")

CPU model: Intel(R) Xeon(R) Gold 5218R CPU @ 2.10GHz, instruction set [SSE2|AVX|AVX2|AVX512]
Thread count: 40 physical cores, 40 logical processors, using up to 1 threads

Non-default parameters:
TimeLimit  1.9152977901883423e+02
Method  1
BarHomogeneous  1
Threads  1

Optimize a model with 770 rows, 202984 columns and 5018773 nonzeros
Coefficient statistics:
  Matrix range     [1e+00, 1e+00]
  Objective range  [1e+05, 5e+05]
  Bounds range     [0e+00, 0e+00]
  RHS range        [1e+00, 1e+00]
LP warm-start: use basis

Iteration    Objective       Primal Inf.    Dual Inf.      Time
       0   -1.8395028e+29   9.354946e+33   1.839501e-01      0s
      69    3.3013963e+06   0.000000e+00   0.000000e+00      1s

Solved in 69 iterations and 1.12 seconds (1.42 work units)
Optimal objective  3.301396319e+06
Set parameter TimeLimit to value 1.7142475189780816e+02
Set parameter Method to value 1
Gurobi Optimizer version 12.0.3 build v12.0.3rc0 (linux64 - "Ubuntu 24.04.4 LTS")

CPU model: Intel(R) Xeon(R) Gold 5218R CPU @ 2.10GHz, instruction set [SSE2|AVX|AVX2|AVX512]
Thread count: 40 physical cores, 40 logical processors, using up to 1 threads

Non-default parameters:
TimeLimit  1.7142475189780816e+02
Method  1
BarHomogeneous  1
Threads  1

Optimize a model with 770 rows, 203014 columns and 5019651 nonzeros
Coefficient statistics:
  Matrix range     [1e+00, 1e+00]
  Objective range  [1e+05, 5e+05]
  Bounds range     [0e+00, 0e+00]
  RHS range        [1e+00, 1e+00]
LP warm-start: use basis

Iteration    Objective       Primal Inf.    Dual Inf.      Time
       0   -1.6342891e+29   4.811903e+33   1.634292e-01      0s
     536   -2.5988541e+27   1.514816e+33   2.673323e-03      5s
    1129    3.3013963e+06   2.821951e+02   0.000000e+00     11s
    1481    3.3013963e+06   1.759193e+02   0.000000e+00     15s
    1953    3.3013963e+06   2.298044e+01   0.000000e+00     20s
    2427    3.3013963e+06   6.866588e+00   0.000000e+00     26s
    2910    3.3013963e+06   0.000000e+00   2.208714e-02     31s
    3012    3.3013963e+06   0.000000e+00   0.000000e+00     32s

Solved in 3012 iterations and 32.48 seconds (48.24 work units)
Optimal objective  3.301396319e+06
Set parameter TimeLimit to value 1.1914795883931220e+02
Set parameter Method to value 1
Gurobi Optimizer version 12.0.3 build v12.0.3rc0 (linux64 - "Ubuntu 24.04.4 LTS")

CPU model: Intel(R) Xeon(R) Gold 5218R CPU @ 2.10GHz, instruction set [SSE2|AVX|AVX2|AVX512]
Thread count: 40 physical cores, 40 logical processors, using up to 1 threads

Non-default parameters:
TimeLimit  1.1914795883931220e+02
Method  1
BarHomogeneous  1
Threads  1

Optimize a model with 770 rows, 203044 columns and 5020602 nonzeros
Coefficient statistics:
  Matrix range     [1e+00, 1e+00]
  Objective range  [1e+05, 5e+05]
  Bounds range     [0e+00, 0e+00]
  RHS range        [1e+00, 1e+00]
LP warm-start: use basis

Iteration    Objective       Primal Inf.    Dual Inf.      Time
       0   -1.6823999e+29   5.620211e+33   1.682395e-01      0s
     503    3.3013963e+06   6.030537e+02   0.000000e+00      6s
     970    3.3013963e+06   4.408765e+01   0.000000e+00     11s
    1325    3.3013963e+06   3.869936e+01   0.000000e+00     15s
    1797    3.3013963e+06   6.028041e+00   0.000000e+00     20s
    2268    3.3013963e+06   5.389904e-01   0.000000e+00     26s
    2561    3.3013963e+06   0.000000e+00   0.000000e+00     29s

Solved in 2561 iterations and 28.93 seconds (43.04 work units)
Optimal objective  3.301396319e+06
Set parameter TimeLimit to value 6.9604500023648143e+01
Set parameter Method to value 1
Gurobi Optimizer version 12.0.3 build v12.0.3rc0 (linux64 - "Ubuntu 24.04.4 LTS")

CPU model: Intel(R) Xeon(R) Gold 5218R CPU @ 2.10GHz, instruction set [SSE2|AVX|AVX2|AVX512]
Thread count: 40 physical cores, 40 logical processors, using up to 1 threads

Non-default parameters:
TimeLimit  6.9604500023648143e+01
Method  1
BarHomogeneous  1
Threads  1

Optimize a model with 770 rows, 203074 columns and 5021519 nonzeros
Coefficient statistics:
  Matrix range     [1e+00, 1e+00]
  Objective range  [1e+05, 5e+05]
  Bounds range     [0e+00, 0e+00]
  RHS range        [1e+00, 1e+00]
LP warm-start: use basis

Iteration    Objective       Primal Inf.    Dual Inf.      Time
       0   -1.7548395e+29   8.074207e+33   1.754838e-01      0s
     539    5.9027972e+23   1.699607e+32   0.000000e+00      6s
    1007    3.3013963e+06   3.849553e+02   0.000000e+00     11s
    1476    3.3013963e+06   1.773506e+02   0.000000e+00     16s
    1831    3.3013963e+06   1.106914e+01   0.000000e+00     20s
    2311    3.3013963e+06   9.046301e-01   0.000000e+00     26s
    2798    3.3013963e+06   0.000000e+00   6.397344e-04     31s
    2836    3.3013963e+06   0.000000e+00   0.000000e+00     32s

Solved in 2836 iterations and 31.51 seconds (46.76 work units)
Optimal objective  3.301396319e+06
Set parameter TimeLimit to value 4.1004834099672735e+01
Set parameter Method to value 1
Gurobi Optimizer version 12.0.3 build v12.0.3rc0 (linux64 - "Ubuntu 24.04.4 LTS")

CPU model: Intel(R) Xeon(R) Gold 5218R CPU @ 2.10GHz, instruction set [SSE2|AVX|AVX2|AVX512]
Thread count: 40 physical cores, 40 logical processors, using up to 1 threads

Non-default parameters:
TimeLimit  4.1004834099672735e+01
Method  1
BarHomogeneous  1
Threads  1

Optimize a model with 770 rows, 203104 columns and 5022409 nonzeros
Coefficient statistics:
  Matrix range     [1e+00, 1e+00]
  Objective range  [1e+05, 5e+05]
  Bounds range     [0e+00, 0e+00]
  RHS range        [1e+00, 1e+00]
LP warm-start: use basis

Iteration    Objective       Primal Inf.    Dual Inf.      Time
       0   -1.8078804e+29   6.718133e+33   1.807882e-01      0s
     151    3.3013963e+06   0.000000e+00   0.000000e+00      2s

Solved in 151 iterations and 1.99 seconds (2.82 work units)
Optimal objective  3.301396319e+06
