
Gurobi 12.0.3 (linux64) logging started Tue Sep 22 14:45:21 2026

Set parameter LogFile to value "/share/scaglione/nc437/evsp-dr/chain_extension_33_40_20260921/cases/w2_k35/cg/661640_r0/cg.json.gurobi.log"
Set parameter TimeLimit to value 1.2309126691742335e+04
Set parameter TimeLimit to value 1.2309126691742335e+04
Set parameter Method to value 1
Gurobi Optimizer version 12.0.3 build v12.0.3rc0 (linux64 - "Ubuntu 24.04.4 LTS")

CPU model: Intel(R) Xeon(R) Gold 5218R CPU @ 2.10GHz, instruction set [SSE2|AVX|AVX2|AVX512]
Thread count: 40 physical cores, 40 logical processors, using up to 1 threads

Non-default parameters:
TimeLimit  1.2309126691742335e+04
Method  1
BarHomogeneous  1
Threads  1

Optimize a model with 841 rows, 233137 columns and 6238843 nonzeros
Model fingerprint: 0x30215c47
Coefficient statistics:
  Matrix range     [1e+00, 1e+00]
  Objective range  [1e+05, 5e+05]
  Bounds range     [0e+00, 0e+00]
  RHS range        [1e+00, 1e+00]
Presolve removed 17 rows and 858 columns
Presolve time: 2.99s
Presolved: 824 rows, 232279 columns, 6237985 nonzeros

Iteration    Objective       Primal Inf.    Dual Inf.      Time
       0    1.7000000e+06   8.240000e+02   0.000000e+00      3s

Starting sifting (using dual simplex for sub-problems)...

    Iter     Pivots    Primal Obj      Dual Obj        Time
       0          0     infinity      1.7000000e+06      3s
       1        827   5.2850225e+07   2.8905848e+06      3s
       2       6097   1.0397550e+07   3.3000342e+06      5s
       3      10433   5.5033210e+06   3.7950640e+06      7s
       4      18702   5.0536296e+06   4.2980926e+06     12s
       5      27572   5.0019230e+06   4.9978956e+06     18s
       6      35178   5.0016431e+06   5.0004539e+06     25s
       7      44061   5.0014591e+06   5.0009837e+06     35s
       8      52243   5.0014257e+06   5.0012107e+06     47s
       9      60077   5.0014137e+06   5.0013245e+06     59s
      10      67785   5.0014086e+06   5.0013565e+06     72s
      11      75951   5.0014059e+06   5.0013803e+06     86s
      12      82873   5.0014049e+06   5.0013958e+06     97s
      13      88838   5.0014048e+06   5.0014005e+06    107s

Sifting complete

   94548    5.0014048e+06   0.000000e+00   4.730407e-01    116s
   94774    5.0014048e+06   0.000000e+00   0.000000e+00    117s

Solved in 94774 iterations and 117.01 seconds (185.17 work units)
Optimal objective  5.001404815e+06
Set parameter TimeLimit to value 1.2149853350777645e+04
Set parameter Method to value 1
Gurobi Optimizer version 12.0.3 build v12.0.3rc0 (linux64 - "Ubuntu 24.04.4 LTS")

CPU model: Intel(R) Xeon(R) Gold 5218R CPU @ 2.10GHz, instruction set [SSE2|AVX|AVX2|AVX512]
Thread count: 40 physical cores, 40 logical processors, using up to 1 threads

Non-default parameters:
TimeLimit  1.2149853350777645e+04
Method  1
BarHomogeneous  1
Threads  1

Optimize a model with 841 rows, 233167 columns and 6239368 nonzeros
Coefficient statistics:
  Matrix range     [1e+00, 1e+00]
  Objective range  [1e+05, 5e+05]
  Bounds range     [0e+00, 0e+00]
  RHS range        [1e+00, 1e+00]
LP warm-start: use basis

Iteration    Objective       Primal Inf.    Dual Inf.      Time
       0   -4.5197042e+37   6.570341e+33   4.519704e+07      1s
     332    3.4015040e+06   7.257211e+02   0.000000e+00      6s
     686    3.4015045e+06   7.150494e+02   0.000000e+00     11s
    1041    3.4015048e+06   1.414775e+02   0.000000e+00     17s
    1274    3.4015049e+06   6.322053e+02   0.000000e+00     20s
    1626    3.4015050e+06   1.618335e+02   0.000000e+00     26s
    1979    3.4015050e+06   6.977183e+03   0.000000e+00     31s
    2332    3.4015051e+06   7.911739e+02   0.000000e+00     36s
    2566    3.4015051e+06   2.249185e+02   0.000000e+00     40s
    2918    3.4015052e+06   3.329596e+02   0.000000e+00     45s
    3273    3.4015052e+06   2.873103e+02   0.000000e+00     51s
    3630    3.4015053e+06   1.972025e+02   0.000000e+00     57s
    3866    3.4015053e+06   1.750578e+02   0.000000e+00     60s
    4217    3.4015053e+06   1.129637e+02   0.000000e+00     66s
    4565    3.4015053e+06   3.390904e+02   0.000000e+00     71s
    4907    3.4015054e+06   3.548868e+01   0.000000e+00     77s
    5140    3.4015054e+06   1.084522e+01   0.000000e+00     80s
    5489    3.4015054e+06   2.471078e+00   0.000000e+00     86s
    5612    3.4015054e+06   0.000000e+00   0.000000e+00     88s

Solved in 5612 iterations and 87.59 seconds (118.80 work units)
Optimal objective  3.401505383e+06
Set parameter TimeLimit to value 1.2034718296467792e+04
Set parameter Method to value 1
Gurobi Optimizer version 12.0.3 build v12.0.3rc0 (linux64 - "Ubuntu 24.04.4 LTS")

CPU model: Intel(R) Xeon(R) Gold 5218R CPU @ 2.10GHz, instruction set [SSE2|AVX|AVX2|AVX512]
Thread count: 40 physical cores, 40 logical processors, using up to 1 threads

Non-default parameters:
TimeLimit  1.2034718296467792e+04
Method  1
BarHomogeneous  1
Threads  1

Optimize a model with 841 rows, 233197 columns and 6239956 nonzeros
Coefficient statistics:
  Matrix range     [1e+00, 1e+00]
  Objective range  [1e+05, 5e+05]
  Bounds range     [0e+00, 0e+00]
  RHS range        [1e+00, 1e+00]
LP warm-start: use basis

Iteration    Objective       Primal Inf.    Dual Inf.      Time
       0   -3.0001176e+36   1.268892e+34   3.000118e+06      1s
     118    3.4015054e+06   0.000000e+00   0.000000e+00      2s

Solved in 118 iterations and 2.28 seconds (2.79 work units)
Optimal objective  3.401505383e+06
Set parameter TimeLimit to value 1.2008393220810685e+04
Set parameter Method to value 1
Gurobi Optimizer version 12.0.3 build v12.0.3rc0 (linux64 - "Ubuntu 24.04.4 LTS")

CPU model: Intel(R) Xeon(R) Gold 5218R CPU @ 2.10GHz, instruction set [SSE2|AVX|AVX2|AVX512]
Thread count: 40 physical cores, 40 logical processors, using up to 1 threads

Non-default parameters:
TimeLimit  1.2008393220810685e+04
Method  1
BarHomogeneous  1
Threads  1

Optimize a model with 841 rows, 233227 columns and 6240692 nonzeros
Coefficient statistics:
  Matrix range     [1e+00, 1e+00]
  Objective range  [1e+05, 5e+05]
  Bounds range     [0e+00, 0e+00]
  RHS range        [1e+00, 1e+00]
LP warm-start: use basis

Iteration    Objective       Primal Inf.    Dual Inf.      Time
       0   -4.2973272e+33   3.716749e+34   4.297327e+03      0s
      99    3.4015054e+06   0.000000e+00   0.000000e+00      2s

Solved in 99 iterations and 1.99 seconds (2.53 work units)
Optimal objective  3.401505383e+06
Set parameter TimeLimit to value 1.1982843252532650e+04
Set parameter Method to value 1
Gurobi Optimizer version 12.0.3 build v12.0.3rc0 (linux64 - "Ubuntu 24.04.4 LTS")

CPU model: Intel(R) Xeon(R) Gold 5218R CPU @ 2.10GHz, instruction set [SSE2|AVX|AVX2|AVX512]
Thread count: 40 physical cores, 40 logical processors, using up to 1 threads

Non-default parameters:
TimeLimit  1.1982843252532650e+04
Method  1
BarHomogeneous  1
Threads  1

Optimize a model with 841 rows, 233257 columns and 6241355 nonzeros
Coefficient statistics:
  Matrix range     [1e+00, 1e+00]
  Objective range  [1e+05, 5e+05]
  Bounds range     [0e+00, 0e+00]
  RHS range        [1e+00, 1e+00]
LP warm-start: use basis

Iteration    Objective       Primal Inf.    Dual Inf.      Time
       0   -4.7228404e+33   4.580763e+34   4.722840e+03      1s
      67    3.4015054e+06   0.000000e+00   0.000000e+00      1s

Solved in 67 iterations and 1.47 seconds (1.75 work units)
Optimal objective  3.401505383e+06
Set parameter TimeLimit to value 1.1958014943541959e+04
Set parameter Method to value 1
Gurobi Optimizer version 12.0.3 build v12.0.3rc0 (linux64 - "Ubuntu 24.04.4 LTS")

CPU model: Intel(R) Xeon(R) Gold 5218R CPU @ 2.10GHz, instruction set [SSE2|AVX|AVX2|AVX512]
Thread count: 40 physical cores, 40 logical processors, using up to 1 threads

Non-default parameters:
TimeLimit  1.1958014943541959e+04
Method  1
BarHomogeneous  1
Threads  1

Optimize a model with 841 rows, 233287 columns and 6241960 nonzeros
Coefficient statistics:
  Matrix range     [1e+00, 1e+00]
  Objective range  [1e+05, 5e+05]
  Bounds range     [0e+00, 0e+00]
  RHS range        [1e+00, 1e+00]
LP warm-start: use basis

Iteration    Objective       Primal Inf.    Dual Inf.      Time
       0   -4.6184577e+33   2.808296e+34   4.618458e+03      0s
      52    3.4015054e+06   0.000000e+00   0.000000e+00      1s

Solved in 52 iterations and 1.27 seconds (1.54 work units)
Optimal objective  3.401505383e+06
Set parameter TimeLimit to value 1.1931145013131667e+04
Set parameter Method to value 1
Gurobi Optimizer version 12.0.3 build v12.0.3rc0 (linux64 - "Ubuntu 24.04.4 LTS")

CPU model: Intel(R) Xeon(R) Gold 5218R CPU @ 2.10GHz, instruction set [SSE2|AVX|AVX2|AVX512]
Thread count: 40 physical cores, 40 logical processors, using up to 1 threads

Non-default parameters:
TimeLimit  1.1931145013131667e+04
Method  1
BarHomogeneous  1
Threads  1

Optimize a model with 841 rows, 233317 columns and 6242640 nonzeros
Coefficient statistics:
  Matrix range     [1e+00, 1e+00]
  Objective range  [1e+05, 5e+05]
  Bounds range     [0e+00, 0e+00]
  RHS range        [1e+00, 1e+00]
LP warm-start: use basis

Iteration    Objective       Primal Inf.    Dual Inf.      Time
       0   -3.0020543e+36   3.162746e+34   3.002054e+06      0s
      76    3.4015054e+06   0.000000e+00   0.000000e+00      2s

Solved in 76 iterations and 1.56 seconds (1.92 work units)
Optimal objective  3.401505383e+06
Set parameter TimeLimit to value 1.1908537798549049e+04
Set parameter Method to value 1
Gurobi Optimizer version 12.0.3 build v12.0.3rc0 (linux64 - "Ubuntu 24.04.4 LTS")

CPU model: Intel(R) Xeon(R) Gold 5218R CPU @ 2.10GHz, instruction set [SSE2|AVX|AVX2|AVX512]
Thread count: 40 physical cores, 40 logical processors, using up to 1 threads

Non-default parameters:
TimeLimit  1.1908537798549049e+04
Method  1
BarHomogeneous  1
Threads  1

Optimize a model with 841 rows, 233347 columns and 6243382 nonzeros
Coefficient statistics:
  Matrix range     [1e+00, 1e+00]
  Objective range  [1e+05, 5e+05]
  Bounds range     [0e+00, 0e+00]
  RHS range        [1e+00, 1e+00]
LP warm-start: use basis

Iteration    Objective       Primal Inf.    Dual Inf.      Time
       0   -3.9052310e+33   8.027665e+34   3.905231e+03      1s
      97    3.4015054e+06   0.000000e+00   0.000000e+00      2s

Solved in 97 iterations and 2.08 seconds (2.50 work units)
Optimal objective  3.401505383e+06
Set parameter TimeLimit to value 1.1882486077329144e+04
Set parameter Method to value 1
Gurobi Optimizer version 12.0.3 build v12.0.3rc0 (linux64 - "Ubuntu 24.04.4 LTS")

CPU model: Intel(R) Xeon(R) Gold 5218R CPU @ 2.10GHz, instruction set [SSE2|AVX|AVX2|AVX512]
Thread count: 40 physical cores, 40 logical processors, using up to 1 threads

Non-default parameters:
TimeLimit  1.1882486077329144e+04
Method  1
BarHomogeneous  1
Threads  1

Optimize a model with 841 rows, 233377 columns and 6244012 nonzeros
Coefficient statistics:
  Matrix range     [1e+00, 1e+00]
  Objective range  [1e+05, 5e+05]
  Bounds range     [0e+00, 0e+00]
  RHS range        [1e+00, 1e+00]
LP warm-start: use basis

Iteration    Objective       Primal Inf.    Dual Inf.      Time
       0   -3.8926017e+33   8.741304e+34   3.892602e+03      1s
      75    3.4015054e+06   0.000000e+00   0.000000e+00      2s

Solved in 75 iterations and 1.63 seconds (1.96 work units)
Optimal objective  3.401505383e+06
Set parameter TimeLimit to value 1.1857373026917223e+04
Set parameter Method to value 1
Gurobi Optimizer version 12.0.3 build v12.0.3rc0 (linux64 - "Ubuntu 24.04.4 LTS")

CPU model: Intel(R) Xeon(R) Gold 5218R CPU @ 2.10GHz, instruction set [SSE2|AVX|AVX2|AVX512]
Thread count: 40 physical cores, 40 logical processors, using up to 1 threads

Non-default parameters:
TimeLimit  1.1857373026917223e+04
Method  1
BarHomogeneous  1
Threads  1

Optimize a model with 841 rows, 233407 columns and 6244701 nonzeros
Coefficient statistics:
  Matrix range     [1e+00, 1e+00]
  Objective range  [1e+05, 5e+05]
  Bounds range     [0e+00, 0e+00]
  RHS range        [1e+00, 1e+00]
LP warm-start: use basis

Iteration    Objective       Primal Inf.    Dual Inf.      Time
       0   -3.6486979e+33   9.437701e+34   3.648698e+03      0s
     387    3.4015053e+06   8.066463e+02   0.000000e+00      6s
     739    3.4015053e+06   1.700495e+02   0.000000e+00     11s
     979    3.4015054e+06   2.841753e+01   0.000000e+00     15s
    1331    3.4015054e+06   2.732473e+01   0.000000e+00     20s
    1688    3.4015054e+06   1.012197e-01   0.000000e+00     26s
    1764    3.4015054e+06   0.000000e+00   0.000000e+00     27s

Solved in 1764 iterations and 26.86 seconds (37.43 work units)
Optimal objective  3.401505383e+06
Set parameter TimeLimit to value 1.1805020831360482e+04
Set parameter Method to value 1
Gurobi Optimizer version 12.0.3 build v12.0.3rc0 (linux64 - "Ubuntu 24.04.4 LTS")

CPU model: Intel(R) Xeon(R) Gold 5218R CPU @ 2.10GHz, instruction set [SSE2|AVX|AVX2|AVX512]
Thread count: 40 physical cores, 40 logical processors, using up to 1 threads

Non-default parameters:
TimeLimit  1.1805020831360482e+04
Method  1
BarHomogeneous  1
Threads  1

Optimize a model with 841 rows, 233437 columns and 6245277 nonzeros
Coefficient statistics:
  Matrix range     [1e+00, 1e+00]
  Objective range  [1e+05, 5e+05]
  Bounds range     [0e+00, 0e+00]
  RHS range        [1e+00, 1e+00]
LP warm-start: use basis

Iteration    Objective       Primal Inf.    Dual Inf.      Time
       0   -3.3090374e+33   8.980179e+34   3.309037e+03      0s
      72    3.4015054e+06   0.000000e+00   0.000000e+00      1s

Solved in 72 iterations and 1.48 seconds (1.76 work units)
Optimal objective  3.401505383e+06
Set parameter TimeLimit to value 1.1779836978303734e+04
Set parameter Method to value 1
Gurobi Optimizer version 12.0.3 build v12.0.3rc0 (linux64 - "Ubuntu 24.04.4 LTS")

CPU model: Intel(R) Xeon(R) Gold 5218R CPU @ 2.10GHz, instruction set [SSE2|AVX|AVX2|AVX512]
Thread count: 40 physical cores, 40 logical processors, using up to 1 threads

Non-default parameters:
TimeLimit  1.1779836978303734e+04
Method  1
BarHomogeneous  1
Threads  1

Optimize a model with 841 rows, 233467 columns and 6245893 nonzeros
Coefficient statistics:
  Matrix range     [1e+00, 1e+00]
  Objective range  [1e+05, 5e+05]
  Bounds range     [0e+00, 0e+00]
  RHS range        [1e+00, 1e+00]
LP warm-start: use basis

Iteration    Objective       Primal Inf.    Dual Inf.      Time
       0   -2.9548135e+33   9.473640e+34   2.954813e+03      0s
      85    3.4015054e+06   0.000000e+00   0.000000e+00      2s

Solved in 85 iterations and 1.68 seconds (2.09 work units)
Optimal objective  3.401505383e+06
Set parameter TimeLimit to value 1.1753772938325536e+04
Set parameter Method to value 1
Gurobi Optimizer version 12.0.3 build v12.0.3rc0 (linux64 - "Ubuntu 24.04.4 LTS")

CPU model: Intel(R) Xeon(R) Gold 5218R CPU @ 2.10GHz, instruction set [SSE2|AVX|AVX2|AVX512]
Thread count: 40 physical cores, 40 logical processors, using up to 1 threads

Non-default parameters:
TimeLimit  1.1753772938325536e+04
Method  1
BarHomogeneous  1
Threads  1

Optimize a model with 841 rows, 233497 columns and 6246432 nonzeros
Coefficient statistics:
  Matrix range     [1e+00, 1e+00]
  Objective range  [1e+05, 5e+05]
  Bounds range     [0e+00, 0e+00]
  RHS range        [1e+00, 1e+00]
LP warm-start: use basis

Iteration    Objective       Primal Inf.    Dual Inf.      Time
       0   -3.0892125e+33   1.112445e+35   3.089212e+03      1s
     314    3.4015054e+06   0.000000e+00   0.000000e+00      5s

Solved in 314 iterations and 5.01 seconds (6.71 work units)
Optimal objective  3.401505383e+06
Set parameter TimeLimit to value 1.1724367200957611e+04
Set parameter Method to value 1
Gurobi Optimizer version 12.0.3 build v12.0.3rc0 (linux64 - "Ubuntu 24.04.4 LTS")

CPU model: Intel(R) Xeon(R) Gold 5218R CPU @ 2.10GHz, instruction set [SSE2|AVX|AVX2|AVX512]
Thread count: 40 physical cores, 40 logical processors, using up to 1 threads

Non-default parameters:
TimeLimit  1.1724367200957611e+04
Method  1
BarHomogeneous  1
Threads  1

Optimize a model with 841 rows, 233527 columns and 6246947 nonzeros
Coefficient statistics:
  Matrix range     [1e+00, 1e+00]
  Objective range  [1e+05, 5e+05]
  Bounds range     [0e+00, 0e+00]
  RHS range        [1e+00, 1e+00]
LP warm-start: use basis

Iteration    Objective       Primal Inf.    Dual Inf.      Time
       0   -3.0059248e+33   9.605100e+34   3.005925e+03      0s
      63    3.4015054e+06   0.000000e+00   0.000000e+00      1s

Solved in 63 iterations and 1.29 seconds (1.55 work units)
Optimal objective  3.401505383e+06
Set parameter TimeLimit to value 1.1699051092158072e+04
Set parameter Method to value 1
Gurobi Optimizer version 12.0.3 build v12.0.3rc0 (linux64 - "Ubuntu 24.04.4 LTS")

CPU model: Intel(R) Xeon(R) Gold 5218R CPU @ 2.10GHz, instruction set [SSE2|AVX|AVX2|AVX512]
Thread count: 40 physical cores, 40 logical processors, using up to 1 threads

Non-default parameters:
TimeLimit  1.1699051092158072e+04
Method  1
BarHomogeneous  1
Threads  1

Optimize a model with 841 rows, 233557 columns and 6247508 nonzeros
Coefficient statistics:
  Matrix range     [1e+00, 1e+00]
  Objective range  [1e+05, 5e+05]
  Bounds range     [0e+00, 0e+00]
  RHS range        [1e+00, 1e+00]
LP warm-start: use basis

Iteration    Objective       Primal Inf.    Dual Inf.      Time
       0   -2.9701611e+33   1.418624e+35   2.970161e+03      1s
     314    3.4015033e+06   6.495914e+03   0.000000e+00      5s
     664    3.4015049e+06   5.572180e+02   0.000000e+00     10s
    1015    3.4015051e+06   1.859751e+02   0.000000e+00     16s
    1357    3.4015051e+06   1.562803e+02   0.000000e+00     21s
    1704    3.4015052e+06   3.541594e+02   0.000000e+00     26s
    2052    3.4015052e+06   9.103275e+01   0.000000e+00     31s
    2399    3.4015052e+06   1.600075e+01   0.000000e+00     36s
    2748    3.4015052e+06   3.266968e+00   0.000000e+00     42s
    2852    3.4015052e+06   0.000000e+00   0.000000e+00     43s

Solved in 2852 iterations and 43.32 seconds (60.75 work units)
Optimal objective  3.401505201e+06
Set parameter TimeLimit to value 1.1629190692337230e+04
Set parameter Method to value 1
Gurobi Optimizer version 12.0.3 build v12.0.3rc0 (linux64 - "Ubuntu 24.04.4 LTS")

CPU model: Intel(R) Xeon(R) Gold 5218R CPU @ 2.10GHz, instruction set [SSE2|AVX|AVX2|AVX512]
Thread count: 40 physical cores, 40 logical processors, using up to 1 threads

Non-default parameters:
TimeLimit  1.1629190692337230e+04
Method  1
BarHomogeneous  1
Threads  1

Optimize a model with 841 rows, 233587 columns and 6248014 nonzeros
Coefficient statistics:
  Matrix range     [1e+00, 1e+00]
  Objective range  [1e+05, 5e+05]
  Bounds range     [0e+00, 0e+00]
  RHS range        [1e+00, 1e+00]
LP warm-start: use basis

Iteration    Objective       Primal Inf.    Dual Inf.      Time
       0   -2.3527644e+33   1.189313e+35   2.352764e+03      0s
     318   -1.7169303e+32   1.108291e+34   1.716930e+02      5s
     657   -7.4135801e+31   6.104839e+33   7.413580e+01     10s
    1003   -4.0221916e+31   7.272281e+34   4.022192e+01     16s
    1352   -2.4384006e+31   6.701486e+34   2.438401e+01     21s
    1665   -1.4279020e+31   1.832493e+34   1.427902e+01     25s
    1978   -7.8305105e+30   1.336715e+34   7.830511e+00     30s
    2329   -3.3860876e+30   1.604115e+34   3.386089e+00     35s
    2680   -1.6326852e+30   1.206040e+33   1.632686e+00     40s
    3031   -7.9573405e+29   6.719850e+33   7.957350e-01     46s
    3389   -1.3512327e+29   8.806332e+33   1.351249e-01     51s
    3744    3.4014718e+06   3.448377e+04   0.000000e+00     56s
Warning: Markowitz tolerance tightened to 0.03125
    4099    3.4014932e+06   1.389405e+05   0.000000e+00     61s
    4449    3.4014984e+06   7.759906e+03   0.000000e+00     66s
    4802    3.4014992e+06   3.926438e+04   0.000000e+00     71s
    5157    3.4015003e+06   2.853042e+03   0.000000e+00     77s
    5391    3.4015009e+06   6.040735e+03   0.000000e+00     80s
    5748    3.4015014e+06   7.710400e+02   0.000000e+00     86s
    6097    3.4015017e+06   5.210402e+03   0.000000e+00     91s
    6444    3.4015018e+06   3.289575e+02   0.000000e+00     96s
    6793    3.4015019e+06   1.044930e+03   0.000000e+00    101s
    7149    3.4015021e+06   1.084362e+03   0.000000e+00    107s
    7383    3.4015021e+06   5.042366e+02   0.000000e+00    110s
    7732    3.4015022e+06   9.506141e+02   0.000000e+00    115s
    8075    3.4015023e+06   3.399467e+03   0.000000e+00    120s
    8427    3.4015024e+06   1.493719e+02   0.000000e+00    126s
    8777    3.4015024e+06   3.684424e+02   0.000000e+00    131s
    9128    3.4015025e+06   3.463276e+02   0.000000e+00    136s
    9475    3.4015025e+06   1.030455e+02   0.000000e+00    141s
    9823    3.4015025e+06   6.731983e+02   0.000000e+00    147s
   10059    3.4015026e+06   1.195021e+02   0.000000e+00    150s
   10409    3.4015026e+06   1.462827e+02   0.000000e+00    156s
   10754    3.4015026e+06   7.439291e+01   0.000000e+00    161s
   11108    3.4015026e+06   7.784799e+01   0.000000e+00    166s
   11452    3.4015026e+06   1.951939e+01   0.000000e+00    171s
   11798    3.4015026e+06   1.165757e+00   0.000000e+00    177s
   12031    3.4015026e+06   7.719347e-02   0.000000e+00    180s
   12039    3.4015026e+06   0.000000e+00   0.000000e+00    180s

Solved in 12039 iterations and 180.40 seconds (252.65 work units)
Optimal objective  3.401502641e+06
Set parameter TimeLimit to value 1.1418957861380652e+04
Set parameter Method to value 1
Gurobi Optimizer version 12.0.3 build v12.0.3rc0 (linux64 - "Ubuntu 24.04.4 LTS")

CPU model: Intel(R) Xeon(R) Gold 5218R CPU @ 2.10GHz, instruction set [SSE2|AVX|AVX2|AVX512]
Thread count: 40 physical cores, 40 logical processors, using up to 1 threads

Non-default parameters:
TimeLimit  1.1418957861380652e+04
Method  1
BarHomogeneous  1
Threads  1

Optimize a model with 841 rows, 233617 columns and 6248474 nonzeros
Coefficient statistics:
  Matrix range     [1e+00, 1e+00]
  Objective range  [1e+05, 5e+05]
  Bounds range     [0e+00, 0e+00]
  RHS range        [1e+00, 1e+00]
LP warm-start: use basis

Iteration    Objective       Primal Inf.    Dual Inf.      Time
       0   -9.3411442e+32   4.201245e+34   9.341144e+02      1s
     336   -2.8408865e+31   3.887620e+33   2.840887e+01      5s
     648   -1.6888840e+31   3.589709e+33   1.688884e+01     10s
    1002   -3.8638011e+30   8.529647e+34   3.863799e+00     15s
    1350   -1.4697783e+30   5.030351e+33   1.469778e+00     20s
    1697   -2.4033475e+29   3.434073e+33   2.403347e-01     26s
    2049    3.4014928e+06   1.993683e+04   0.000000e+00     31s
    2395    3.4014936e+06   1.800097e+03   0.000000e+00     36s
    2747    3.4014943e+06   9.893931e+03   0.000000e+00     41s
    3100    3.4014948e+06   2.159168e+03   0.000000e+00     46s
    3451    3.4014952e+06   2.172960e+03   0.000000e+00     52s
    3687    3.4014955e+06   1.687827e+03   0.000000e+00     55s
    4035    3.4014959e+06   1.443409e+03   0.000000e+00     60s
    4388    3.4014961e+06   2.756699e+02   0.000000e+00     66s
    4734    3.4014964e+06   2.976964e+04   0.000000e+00     71s
    5086    3.4014966e+06   2.936590e+03   0.000000e+00     76s
    5442    3.4014968e+06   8.803203e+02   0.000000e+00     82s
    5674    3.4014969e+06   1.657071e+02   0.000000e+00     85s
    6023    3.4014970e+06   1.820799e+02   0.000000e+00     90s
    6366    3.4014971e+06   2.278746e+02   0.000000e+00     96s
    6714    3.4014972e+06   1.571669e+02   0.000000e+00    101s
    7061    3.4014973e+06   2.383216e+02   0.000000e+00    106s
    7405    3.4014973e+06   3.980561e+02   0.000000e+00    111s
    7640    3.4014974e+06   7.368946e+01   0.000000e+00    115s
    7981    3.4014974e+06   8.921421e+01   0.000000e+00    120s
    8329    3.4014974e+06   3.252692e+01   0.000000e+00    126s
    8604    3.4014974e+06   0.000000e+00   0.000000e+00    130s

Solved in 8604 iterations and 129.92 seconds (180.94 work units)
Optimal objective  3.401497439e+06
Set parameter TimeLimit to value 1.1261798248283565e+04
Set parameter Method to value 1
Gurobi Optimizer version 12.0.3 build v12.0.3rc0 (linux64 - "Ubuntu 24.04.4 LTS")

CPU model: Intel(R) Xeon(R) Gold 5218R CPU @ 2.10GHz, instruction set [SSE2|AVX|AVX2|AVX512]
Thread count: 40 physical cores, 40 logical processors, using up to 1 threads

Non-default parameters:
TimeLimit  1.1261798248283565e+04
Method  1
BarHomogeneous  1
Threads  1

Optimize a model with 841 rows, 233647 columns and 6249114 nonzeros
Coefficient statistics:
  Matrix range     [1e+00, 1e+00]
  Objective range  [1e+05, 5e+05]
  Bounds range     [0e+00, 0e+00]
  RHS range        [1e+00, 1e+00]
LP warm-start: use basis

Iteration    Objective       Primal Inf.    Dual Inf.      Time
       0   -1.4466654e+33   3.435911e+34   1.446665e+03      1s
     328   -4.5776632e+31   3.644828e+33   4.577663e+01      6s
     629   -2.3169946e+31   1.400911e+33   2.316995e+01     10s
    1005   -8.8893209e+30   1.404826e+34   8.889323e+00     16s
    1355   -2.7869681e+30   6.572861e+33   2.786968e+00     21s
    1588   -1.5608525e+30   1.169058e+34   1.560853e+00     25s
    1938   -4.3460433e+29   9.305712e+33   4.346041e-01     30s
    2292    3.4014786e+06   7.752723e+03   0.000000e+00     35s
    2645    3.4014900e+06   1.419946e+04   0.000000e+00     41s
    2999    3.4014918e+06   1.800642e+03   0.000000e+00     46s
    3349    3.4014924e+06   2.114586e+03   0.000000e+00     51s
    3695    3.4014928e+06   1.306750e+03   0.000000e+00     56s
    4035    3.4014934e+06   2.753687e+03   0.000000e+00     61s
    4382    3.4014937e+06   4.942925e+03   0.000000e+00     67s
    4614    3.4014939e+06   6.949176e+02   0.000000e+00     70s
    4954    3.4014941e+06   1.509483e+03   0.000000e+00     75s
    5294    3.4014943e+06   2.660763e+02   0.000000e+00     80s
    5645    3.4014945e+06   1.467037e+03   0.000000e+00     86s
    5994    3.4014947e+06   4.551822e+02   0.000000e+00     91s
    6333    3.4014948e+06   6.143588e+02   0.000000e+00     96s
    6683    3.4014950e+06   8.017334e+02   0.000000e+00    101s
    7029    3.4014951e+06   8.491347e+02   0.000000e+00    106s
    7368    3.4014952e+06   4.285000e+02   0.000000e+00    112s
    7598    3.4014953e+06   6.333574e+02   0.000000e+00    115s
    7944    3.4014954e+06   2.053414e+02   0.000000e+00    120s
    8291    3.4014955e+06   6.769629e+02   0.000000e+00    126s
    8633    3.4014955e+06   1.027844e+03   0.000000e+00    131s
    8981    3.4014956e+06   3.082546e+02   0.000000e+00    136s
    9326    3.4014958e+06   4.801723e+02   0.000000e+00    141s
    9667    3.4014959e+06   1.077085e+02   0.000000e+00    147s
    9900    3.4014960e+06   2.056092e+02   0.000000e+00    150s
   10250    3.4014961e+06   2.907063e+02   0.000000e+00    155s
   10595    3.4014963e+06   5.972600e+03   0.000000e+00    161s
   10944    3.4014965e+06   4.169521e+02   0.000000e+00    166s
   11292    3.4014967e+06   4.520416e+02   0.000000e+00    171s
   11634    3.4014969e+06   5.184442e+02   0.000000e+00    176s
   11989    3.4014970e+06   1.701079e+02   0.000000e+00    181s
   12227    3.4014971e+06   1.195849e+02   0.000000e+00    185s
   12575    3.4014971e+06   6.780179e+02   0.000000e+00    190s
   12927    3.4014972e+06   6.912695e+01   0.000000e+00    196s
   13280    3.4014973e+06   5.816433e+01   0.000000e+00    201s
   13632    3.4014973e+06   5.801498e+01   0.000000e+00    207s
   13865    3.4014974e+06   7.003562e+01   0.000000e+00    210s
   14219    3.4014974e+06   1.650774e+02   0.000000e+00    216s
   14506    3.4014974e+06   0.000000e+00   0.000000e+00    220s

Solved in 14506 iterations and 220.20 seconds (306.76 work units)
Optimal objective  3.401497439e+06
Set parameter TimeLimit to value 1.1013967633863911e+04
Set parameter Method to value 1
Gurobi Optimizer version 12.0.3 build v12.0.3rc0 (linux64 - "Ubuntu 24.04.4 LTS")

CPU model: Intel(R) Xeon(R) Gold 5218R CPU @ 2.10GHz, instruction set [SSE2|AVX|AVX2|AVX512]
Thread count: 40 physical cores, 40 logical processors, using up to 1 threads

Non-default parameters:
TimeLimit  1.1013967633863911e+04
Method  1
BarHomogeneous  1
Threads  1

Optimize a model with 841 rows, 233677 columns and 6249706 nonzeros
Coefficient statistics:
  Matrix range     [1e+00, 1e+00]
  Objective range  [1e+05, 5e+05]
  Bounds range     [0e+00, 0e+00]
  RHS range        [1e+00, 1e+00]
LP warm-start: use basis

Iteration    Objective       Primal Inf.    Dual Inf.      Time
       0   -2.7047503e+33   8.469771e+34   2.704750e+03      1s
     282   -3.8606137e+32   1.055773e+34   3.860614e+02      5s
     622   -1.3829696e+32   6.327904e+33   1.382970e+02     10s
     924   -1.0003386e+32   3.359400e+34   1.000339e+02     15s
    1240   -7.2811997e+31   1.701514e+34   7.281200e+01     20s
    1558   -5.7857169e+31   3.345896e+34   5.785717e+01     25s
    1946   -4.4585653e+31   2.077934e+34   4.458565e+01     31s
    2303   -2.8471360e+31   4.844473e+34   2.847136e+01     36s
    2659   -1.9888699e+31   1.720636e+34   1.988870e+01     42s
    2896   -1.4843784e+31   2.109690e+34   1.484378e+01     45s
    3248   -1.0520271e+31   2.936989e+33   1.052027e+01     51s
    3601   -5.6241611e+30   6.928526e+33   5.624161e+00     56s
    3958   -3.9824998e+30   1.503335e+34   3.982500e+00     61s
    4311   -1.8970321e+30   4.349736e+33   1.897032e+00     67s
    4549   -1.0945007e+30   4.431680e+33   1.094501e+00     70s
    4907   -5.0015640e+29   2.772946e+33   5.001566e-01     76s
    5262   -1.0489567e+29   9.550135e+32   1.048958e-01     81s
    5618    3.4014508e+06   7.229873e+03   0.000000e+00     87s
    5854    3.4014671e+06   2.239639e+04   0.000000e+00     90s
    6214    3.4014746e+06   6.898922e+04   0.000000e+00     95s
    6571    3.4014819e+06   9.045828e+03   0.000000e+00    101s
    6918    3.4014841e+06   6.370001e+03   0.000000e+00    106s
    7265    3.4014855e+06   6.434990e+03   0.000000e+00    111s
    7616    3.4014867e+06   6.408784e+03   0.000000e+00    117s
    7850    3.4014874e+06   2.172847e+03   0.000000e+00    120s
    8201    3.4014882e+06   2.238100e+04   0.000000e+00    125s
Warning: Markowitz tolerance tightened to 0.0625
    8544    3.4014890e+06   2.711064e+03   0.000000e+00    131s
    8897    3.4014898e+06   1.872051e+04   0.000000e+00    136s
    9250    3.4014906e+06   5.107253e+03   0.000000e+00    141s
    9598    3.4014911e+06   1.205407e+04   0.000000e+00    147s
    9821    3.4014913e+06   1.538648e+03   0.000000e+00    150s
   10172    3.4014917e+06   1.743304e+03   0.000000e+00    155s
   10525    3.4014920e+06   1.703540e+03   0.000000e+00    161s
   10866    3.4014922e+06   2.906036e+02   0.000000e+00    166s
   11205    3.4014923e+06   4.794338e+02   0.000000e+00    171s
   11555    3.4014926e+06   1.111376e+03   0.000000e+00    176s
   11910    3.4014927e+06   1.741042e+03   0.000000e+00    182s
   12135    3.4014928e+06   8.418636e+02   0.000000e+00    185s
   12474    3.4014929e+06   4.792275e+02   0.000000e+00    190s
   12814    3.4014930e+06   8.407983e+02   0.000000e+00    196s
   13153    3.4014931e+06   3.941934e+02   0.000000e+00    201s
   13498    3.4014933e+06   1.024149e+03   0.000000e+00    206s
   13835    3.4014934e+06   1.376950e+03   0.000000e+00    211s
   14175    3.4014935e+06   3.418874e+02   0.000000e+00    217s
   14398    3.4014935e+06   1.381944e+02   0.000000e+00    220s
   14740    3.4014936e+06   3.681344e+02   0.000000e+00    225s
   15084    3.4014937e+06   4.515926e+02   0.000000e+00    231s
   15421    3.4014937e+06   9.302769e+02   0.000000e+00    236s
   15760    3.4014938e+06   1.982167e+02   0.000000e+00    241s
   16098    3.4014939e+06   3.264641e+02   0.000000e+00    247s
   16327    3.4014939e+06   1.602339e+02   0.000000e+00    250s
   16672    3.4014939e+06   7.520777e+02   0.000000e+00    256s
   17010    3.4014940e+06   4.227606e+01   0.000000e+00    261s
   17352    3.4014940e+06   1.698216e+01   0.000000e+00    266s
   17693    3.4014940e+06   2.612872e+01   0.000000e+00    272s
   17914    3.4014940e+06   0.000000e+00   0.000000e+00    275s

Solved in 17914 iterations and 275.04 seconds (377.86 work units)
Optimal objective  3.401494018e+06
Set parameter TimeLimit to value 1.0711515208704397e+04
Set parameter Method to value 1
Gurobi Optimizer version 12.0.3 build v12.0.3rc0 (linux64 - "Ubuntu 24.04.4 LTS")

CPU model: Intel(R) Xeon(R) Gold 5218R CPU @ 2.10GHz, instruction set [SSE2|AVX|AVX2|AVX512]
Thread count: 40 physical cores, 40 logical processors, using up to 1 threads

Non-default parameters:
TimeLimit  1.0711515208704397e+04
Method  1
BarHomogeneous  1
Threads  1

Optimize a model with 841 rows, 233707 columns and 6250245 nonzeros
Coefficient statistics:
  Matrix range     [1e+00, 1e+00]
  Objective range  [1e+05, 5e+05]
  Bounds range     [0e+00, 0e+00]
  RHS range        [1e+00, 1e+00]
LP warm-start: use basis

Iteration    Objective       Primal Inf.    Dual Inf.      Time
       0   -1.5136210e+33   3.157212e+34   1.513621e+03      1s
     330   -4.1418467e+31   4.763722e+33   4.141847e+01      6s
     638   -1.5959647e+31   1.973891e+33   1.595965e+01     10s
    1022   -6.5196650e+30   4.934712e+33   6.519665e+00     16s
    1375   -3.9576511e+30   5.595264e+33   3.957651e+00     21s
    1723   -1.4990638e+30   4.323473e+33   1.499064e+00     27s
    1956   -5.7977087e+29   3.195916e+33   5.797710e-01     30s
    2305   -7.2973544e+28   2.230836e+32   7.297367e-02     35s
    2655    3.4014779e+06   2.652966e+04   0.000000e+00     41s
    3003    3.4014792e+06   1.243035e+03   0.000000e+00     46s
    3351    3.4014800e+06   1.106606e+04   0.000000e+00     51s
    3699    3.4014809e+06   9.578566e+02   0.000000e+00     56s
    4044    3.4014816e+06   3.031448e+04   0.000000e+00     62s
    4273    3.4014820e+06   3.722825e+03   0.000000e+00     65s
    4615    3.4014826e+06   7.482723e+02   0.000000e+00     70s
    4961    3.4014830e+06   3.912932e+03   0.000000e+00     76s
    5304    3.4014832e+06   8.100764e+03   0.000000e+00     81s
    5640    3.4014834e+06   1.525481e+03   0.000000e+00     86s
    5978    3.4014836e+06   1.330780e+03   0.000000e+00     91s
    6325    3.4014838e+06   1.426009e+03   0.000000e+00     96s
    6668    3.4014840e+06   2.903937e+02   0.000000e+00    101s
    7012    3.4014841e+06   2.253904e+02   0.000000e+00    107s
    7346    3.4014843e+06   2.660583e+02   0.000000e+00    112s
    7684    3.4014844e+06   1.600101e+02   0.000000e+00    117s
    7911    3.4014845e+06   1.788737e+02   0.000000e+00    120s
    8242    3.4014846e+06   1.508134e+02   0.000000e+00    125s
    8586    3.4014847e+06   7.959245e+02   0.000000e+00    130s
    8928    3.4014848e+06   8.605409e+01   0.000000e+00    135s
    9267    3.4014849e+06   1.619661e+02   0.000000e+00    140s
    9597    3.4014849e+06   4.216578e+01   0.000000e+00    145s
    9932    3.4014850e+06   5.666960e+02   0.000000e+00    151s
   10266    3.4014850e+06   2.578060e+01   0.000000e+00    156s
   10608    3.4014850e+06   1.031167e+01   0.000000e+00    161s
   10777    3.4014850e+06   0.000000e+00   0.000000e+00    164s

Solved in 10777 iterations and 163.54 seconds (228.60 work units)
Optimal objective  3.401485046e+06
Set parameter TimeLimit to value 1.0520172285071108e+04
Set parameter Method to value 1
Gurobi Optimizer version 12.0.3 build v12.0.3rc0 (linux64 - "Ubuntu 24.04.4 LTS")

CPU model: Intel(R) Xeon(R) Gold 5218R CPU @ 2.10GHz, instruction set [SSE2|AVX|AVX2|AVX512]
Thread count: 40 physical cores, 40 logical processors, using up to 1 threads

Non-default parameters:
TimeLimit  1.0520172285071108e+04
Method  1
BarHomogeneous  1
Threads  1

Optimize a model with 841 rows, 233737 columns and 6250788 nonzeros
Coefficient statistics:
  Matrix range     [1e+00, 1e+00]
  Objective range  [1e+05, 5e+05]
  Bounds range     [0e+00, 0e+00]
  RHS range        [1e+00, 1e+00]
LP warm-start: use basis

Iteration    Objective       Primal Inf.    Dual Inf.      Time
       0   -1.1905070e+33   4.906587e+34   1.190507e+03      1s
     333   -8.9941966e+30   1.367100e+33   8.994197e+00      5s
     687   -1.9077293e+30   7.014654e+32   1.907729e+00     10s
    1073    3.4014712e+06   2.972548e+03   0.000000e+00     16s
    1414    3.4014782e+06   1.649113e+04   0.000000e+00     21s
    1760    3.4014811e+06   5.715380e+02   0.000000e+00     26s
    2101    3.4014816e+06   7.601911e+02   0.000000e+00     32s
    2333    3.4014821e+06   3.041948e+02   0.000000e+00     35s
    2677    3.4014824e+06   2.485671e+03   0.000000e+00     40s
    3021    3.4014828e+06   7.773083e+02   0.000000e+00     45s
    3354    3.4014831e+06   4.208075e+02   0.000000e+00     51s
    3693    3.4014833e+06   7.413973e+02   0.000000e+00     56s
    4037    3.4014835e+06   5.046651e+02   0.000000e+00     61s
    4378    3.4014837e+06   4.426646e+02   0.000000e+00     66s
    4716    3.4014838e+06   2.086250e+02   0.000000e+00     71s
    5058    3.4014839e+06   6.673615e+02   0.000000e+00     76s
    5396    3.4014840e+06   3.665494e+02   0.000000e+00     81s
    5738    3.4014841e+06   1.653648e+03   0.000000e+00     86s
    6079    3.4014842e+06   7.277485e+02   0.000000e+00     92s
    6313    3.4014843e+06   3.011139e+02   0.000000e+00     95s
    6658    3.4014844e+06   1.559419e+02   0.000000e+00    101s
    7008    3.4014846e+06   5.656966e+02   0.000000e+00    106s
    7344    3.4014847e+06   1.922460e+02   0.000000e+00    111s
    7689    3.4014848e+06   9.980067e+00   0.000000e+00    116s
    8030    3.4014848e+06   7.526981e-01   0.000000e+00    121s
    8107    3.4014848e+06   0.000000e+00   0.000000e+00    122s

Solved in 8107 iterations and 122.40 seconds (171.42 work units)
Optimal objective  3.401484771e+06
Set parameter TimeLimit to value 1.0370306841132231e+04
Set parameter Method to value 1
Gurobi Optimizer version 12.0.3 build v12.0.3rc0 (linux64 - "Ubuntu 24.04.4 LTS")

CPU model: Intel(R) Xeon(R) Gold 5218R CPU @ 2.10GHz, instruction set [SSE2|AVX|AVX2|AVX512]
Thread count: 40 physical cores, 40 logical processors, using up to 1 threads

Non-default parameters:
TimeLimit  1.0370306841132231e+04
Method  1
BarHomogeneous  1
Threads  1

Optimize a model with 841 rows, 233767 columns and 6251333 nonzeros
Coefficient statistics:
  Matrix range     [1e+00, 1e+00]
  Objective range  [1e+05, 5e+05]
  Bounds range     [0e+00, 0e+00]
  RHS range        [1e+00, 1e+00]
LP warm-start: use basis

Iteration    Objective       Primal Inf.    Dual Inf.      Time
       0   -8.6473382e+32   2.392224e+34   8.647338e+02      1s
       1    3.4014848e+06   0.000000e+00   0.000000e+00      1s

Solved in 1 iterations and 0.64 seconds (0.55 work units)
Optimal objective  3.401484771e+06
Set parameter TimeLimit to value 1.0344458365859464e+04
Set parameter Method to value 1
Gurobi Optimizer version 12.0.3 build v12.0.3rc0 (linux64 - "Ubuntu 24.04.4 LTS")

CPU model: Intel(R) Xeon(R) Gold 5218R CPU @ 2.10GHz, instruction set [SSE2|AVX|AVX2|AVX512]
Thread count: 40 physical cores, 40 logical processors, using up to 1 threads

Non-default parameters:
TimeLimit  1.0344458365859464e+04
Method  1
BarHomogeneous  1
Threads  1

Optimize a model with 841 rows, 233797 columns and 6251893 nonzeros
Coefficient statistics:
  Matrix range     [1e+00, 1e+00]
  Objective range  [1e+05, 5e+05]
  Bounds range     [0e+00, 0e+00]
  RHS range        [1e+00, 1e+00]
LP warm-start: use basis

Iteration    Objective       Primal Inf.    Dual Inf.      Time
       0   -8.7100127e+32   2.481187e+34   8.710013e+02      1s
     142    3.4014848e+06   0.000000e+00   0.000000e+00      3s

Solved in 142 iterations and 2.77 seconds (3.58 work units)
Optimal objective  3.401484771e+06
Set parameter TimeLimit to value 1.0317360670529772e+04
Set parameter Method to value 1
Gurobi Optimizer version 12.0.3 build v12.0.3rc0 (linux64 - "Ubuntu 24.04.4 LTS")

CPU model: Intel(R) Xeon(R) Gold 5218R CPU @ 2.10GHz, instruction set [SSE2|AVX|AVX2|AVX512]
Thread count: 40 physical cores, 40 logical processors, using up to 1 threads

Non-default parameters:
TimeLimit  1.0317360670529772e+04
Method  1
BarHomogeneous  1
Threads  1

Optimize a model with 841 rows, 233827 columns and 6252458 nonzeros
Coefficient statistics:
  Matrix range     [1e+00, 1e+00]
  Objective range  [1e+05, 5e+05]
  Bounds range     [0e+00, 0e+00]
  RHS range        [1e+00, 1e+00]
LP warm-start: use basis

Iteration    Objective       Primal Inf.    Dual Inf.      Time
       0   -8.5234058e+32   4.030641e+34   8.523406e+02      1s
     327   -1.7515359e+31   7.809555e+33   1.751536e+01      6s
     635   -4.5168058e+30   3.604389e+33   4.516806e+00     10s
     983   -1.6825264e+30   5.068905e+33   1.682526e+00     16s
    1324   -1.5635722e+29   1.066644e+33   1.563572e-01     21s
    1671    3.4014777e+06   4.744569e+03   0.000000e+00     26s
    2016    3.4014790e+06   2.738178e+03   0.000000e+00     31s
    2357    3.4014816e+06   1.924378e+03   0.000000e+00     36s
    2705    3.4014825e+06   7.721613e+02   0.000000e+00     41s
    3044    3.4014828e+06   2.969394e+02   0.000000e+00     46s
    3378    3.4014830e+06   8.965561e+02   0.000000e+00     51s
    3720    3.4014831e+06   5.351323e+02   0.000000e+00     56s
    4062    3.4014833e+06   1.647450e+02   0.000000e+00     61s
    4394    3.4014834e+06   5.873338e+01   0.000000e+00     66s
    4730    3.4014834e+06   2.843109e+01   0.000000e+00     71s
    5066    3.4014834e+06   4.281939e+01   0.000000e+00     76s
    5406    3.4014834e+06   7.108635e+00   0.000000e+00     82s
    5638    3.4014835e+06   1.484465e-01   0.000000e+00     85s
    5698    3.4014835e+06   0.000000e+00   0.000000e+00     86s

Solved in 5698 iterations and 86.00 seconds (121.22 work units)
Optimal objective  3.401483453e+06
Set parameter TimeLimit to value 1.0203484418427106e+04
Set parameter Method to value 1
Gurobi Optimizer version 12.0.3 build v12.0.3rc0 (linux64 - "Ubuntu 24.04.4 LTS")

CPU model: Intel(R) Xeon(R) Gold 5218R CPU @ 2.10GHz, instruction set [SSE2|AVX|AVX2|AVX512]
Thread count: 40 physical cores, 40 logical processors, using up to 1 threads

Non-default parameters:
TimeLimit  1.0203484418427106e+04
Method  1
BarHomogeneous  1
Threads  1

Optimize a model with 841 rows, 233857 columns and 6252968 nonzeros
Coefficient statistics:
  Matrix range     [1e+00, 1e+00]
  Objective range  [1e+05, 5e+05]
  Bounds range     [0e+00, 0e+00]
  RHS range        [1e+00, 1e+00]
LP warm-start: use basis

Iteration    Objective       Primal Inf.    Dual Inf.      Time
       0   -5.9311139e+32   4.800296e+34   5.931114e+02      1s
     327   -1.7875150e+30   1.690764e+33   1.787515e+00      5s
     724    3.4014776e+06   2.792384e+03   0.000000e+00     11s
    1068    3.4014790e+06   7.785457e+02   0.000000e+00     17s
    1298    3.4014795e+06   1.647509e+03   0.000000e+00     20s
    1639    3.4014801e+06   7.738615e+02   0.000000e+00     25s
    1983    3.4014804e+06   1.167569e+03   0.000000e+00     30s
    2319    3.4014806e+06   1.654463e+02   0.000000e+00     36s
    2666    3.4014807e+06   6.687043e+01   0.000000e+00     41s
    3004    3.4014808e+06   4.547781e+01   0.000000e+00     46s
    3339    3.4014808e+06   2.202541e+01   0.000000e+00     51s
    3678    3.4014809e+06   3.336918e+01   0.000000e+00     56s
    4014    3.4014809e+06   2.500414e+01   0.000000e+00     61s
    4353    3.4014809e+06   8.170137e+01   0.000000e+00     66s
    4590    3.4014809e+06   0.000000e+00   0.000000e+00     70s

Solved in 4590 iterations and 70.19 seconds (98.64 work units)
Optimal objective  3.401480928e+06
Set parameter TimeLimit to value 1.0105793798548635e+04
Set parameter Method to value 1
Gurobi Optimizer version 12.0.3 build v12.0.3rc0 (linux64 - "Ubuntu 24.04.4 LTS")

CPU model: Intel(R) Xeon(R) Gold 5218R CPU @ 2.10GHz, instruction set [SSE2|AVX|AVX2|AVX512]
Thread count: 40 physical cores, 40 logical processors, using up to 1 threads

Non-default parameters:
TimeLimit  1.0105793798548635e+04
Method  1
BarHomogeneous  1
Threads  1

Optimize a model with 841 rows, 233887 columns and 6253458 nonzeros
Coefficient statistics:
  Matrix range     [1e+00, 1e+00]
  Objective range  [1e+05, 5e+05]
  Bounds range     [0e+00, 0e+00]
  RHS range        [1e+00, 1e+00]
LP warm-start: use basis

Iteration    Objective       Primal Inf.    Dual Inf.      Time
       0   -5.2959870e+32   6.595764e+34   5.295987e+02      1s
     335   -2.1910624e+30   6.902349e+32   2.191062e+00      5s
     720   -3.2216950e+28   4.526670e+32   3.221694e-02     11s
    1027    3.4014705e+06   4.853722e+03   0.000000e+00     16s
    1375    3.4014745e+06   1.296339e+04   0.000000e+00     21s
    1722    3.4014761e+06   8.758090e+02   0.000000e+00     26s
    2077    3.4014770e+06   1.475626e+04   0.000000e+00     31s
    2420    3.4014775e+06   9.813843e+02   0.000000e+00     37s
    2650    3.4014777e+06   7.421960e+02   0.000000e+00     40s
    2989    3.4014779e+06   3.948248e+02   0.000000e+00     45s
    3330    3.4014781e+06   1.717040e+02   0.000000e+00     51s
    3676    3.4014782e+06   1.840576e+02   0.000000e+00     56s
    4015    3.4014783e+06   6.372091e+01   0.000000e+00     61s
    4355    3.4014784e+06   6.412636e+01   0.000000e+00     66s
    4700    3.4014784e+06   3.938530e+01   0.000000e+00     71s
    5039    3.4014784e+06   1.741551e+01   0.000000e+00     77s
    5266    3.4014784e+06   3.789777e+00   0.000000e+00     80s
    5505    3.4014784e+06   0.000000e+00   0.000000e+00     84s

Solved in 5505 iterations and 83.86 seconds (116.73 work units)
Optimal objective  3.401478430e+06
Set parameter TimeLimit to value 9.9944445387553424e+03
Set parameter Method to value 1
Gurobi Optimizer version 12.0.3 build v12.0.3rc0 (linux64 - "Ubuntu 24.04.4 LTS")

CPU model: Intel(R) Xeon(R) Gold 5218R CPU @ 2.10GHz, instruction set [SSE2|AVX|AVX2|AVX512]
Thread count: 40 physical cores, 40 logical processors, using up to 1 threads

Non-default parameters:
TimeLimit  9.9944445387553424e+03
Method  1
BarHomogeneous  1
Threads  1

Optimize a model with 841 rows, 233917 columns and 6254063 nonzeros
Coefficient statistics:
  Matrix range     [1e+00, 1e+00]
  Objective range  [1e+05, 5e+05]
  Bounds range     [0e+00, 0e+00]
  RHS range        [1e+00, 1e+00]
LP warm-start: use basis

Iteration    Objective       Primal Inf.    Dual Inf.      Time
       0   -2.6307276e+32   2.272896e+34   2.630728e+02      1s
     323   -1.0495887e+31   2.357915e+33   1.049589e+01      5s
     678   -8.8229755e+29   1.089808e+33   8.822975e-01     11s
    1068    3.4014734e+06   8.676053e+02   0.000000e+00     16s
    1425    3.4014755e+06   3.143572e+03   0.000000e+00     22s
    1775    3.4014763e+06   5.560836e+02   0.000000e+00     27s
    2010    3.4014766e+06   6.230895e+02   0.000000e+00     30s
    2348    3.4014768e+06   2.233830e+03   0.000000e+00     35s
    2693    3.4014770e+06   4.480802e+02   0.000000e+00     41s
    3040    3.4014772e+06   1.396178e+02   0.000000e+00     46s
    3379    3.4014773e+06   2.428297e+02   0.000000e+00     51s
    3724    3.4014773e+06   1.087905e+02   0.000000e+00     56s
    4066    3.4014774e+06   2.281988e+01   0.000000e+00     61s
    4401    3.4014774e+06   3.087120e+01   0.000000e+00     66s
    4741    3.4014774e+06   3.679231e+01   0.000000e+00     72s
    5082    3.4014775e+06   3.295055e+00   0.000000e+00     77s
    5235    3.4014775e+06   0.000000e+00   0.000000e+00     79s

Solved in 5235 iterations and 79.05 seconds (111.12 work units)
Optimal objective  3.401477459e+06
Set parameter TimeLimit to value 9.8858938480354846e+03
Set parameter Method to value 1
Gurobi Optimizer version 12.0.3 build v12.0.3rc0 (linux64 - "Ubuntu 24.04.4 LTS")

CPU model: Intel(R) Xeon(R) Gold 5218R CPU @ 2.10GHz, instruction set [SSE2|AVX|AVX2|AVX512]
Thread count: 40 physical cores, 40 logical processors, using up to 1 threads

Non-default parameters:
TimeLimit  9.8858938480354846e+03
Method  1
BarHomogeneous  1
Threads  1

Optimize a model with 841 rows, 233947 columns and 6254555 nonzeros
Coefficient statistics:
  Matrix range     [1e+00, 1e+00]
  Objective range  [1e+05, 5e+05]
  Bounds range     [0e+00, 0e+00]
  RHS range        [1e+00, 1e+00]
LP warm-start: use basis

Iteration    Objective       Primal Inf.    Dual Inf.      Time
       0   -3.1662551e+32   2.195563e+34   3.166255e+02      1s
     326   -7.7186550e+30   3.584994e+33   7.718655e+00      5s
     673   -6.5963982e+29   1.010795e+33   6.596398e-01     11s
     979    3.4014719e+06   2.908107e+03   0.000000e+00     15s
    1321    3.4014734e+06   1.305733e+03   0.000000e+00     20s
    1669    3.4014742e+06   7.271470e+03   0.000000e+00     26s
    2019    3.4014746e+06   4.341967e+02   0.000000e+00     31s
    2358    3.4014749e+06   2.163263e+02   0.000000e+00     36s
    2702    3.4014750e+06   6.468393e+02   0.000000e+00     41s
    3043    3.4014752e+06   9.537743e+02   0.000000e+00     46s
    3379    3.4014753e+06   1.980369e+02   0.000000e+00     51s
    3725    3.4014754e+06   8.631468e+01   0.000000e+00     57s
    3953    3.4014755e+06   1.600544e+02   0.000000e+00     60s
    4289    3.4014756e+06   5.702424e+01   0.000000e+00     65s
    4630    3.4014756e+06   2.708570e+02   0.000000e+00     70s
    4973    3.4014756e+06   4.084160e+01   0.000000e+00     76s
    5310    3.4014757e+06   1.744961e+01   0.000000e+00     81s
    5650    3.4014757e+06   3.677134e+00   0.000000e+00     86s
    5759    3.4014757e+06   0.000000e+00   0.000000e+00     88s

Solved in 5759 iterations and 87.85 seconds (122.62 work units)
Optimal objective  3.401475664e+06
Set parameter TimeLimit to value 9770.98001289647
Set parameter Method to value 1
Gurobi Optimizer version 12.0.3 build v12.0.3rc0 (linux64 - "Ubuntu 24.04.4 LTS")

CPU model: Intel(R) Xeon(R) Gold 5218R CPU @ 2.10GHz, instruction set [SSE2|AVX|AVX2|AVX512]
Thread count: 40 physical cores, 40 logical processors, using up to 1 threads

Non-default parameters:
TimeLimit  9770.98001289647
Method  1
BarHomogeneous  1
Threads  1

Optimize a model with 841 rows, 233977 columns and 6255128 nonzeros
Coefficient statistics:
  Matrix range     [1e+00, 1e+00]
  Objective range  [1e+05, 5e+05]
  Bounds range     [0e+00, 0e+00]
  RHS range        [1e+00, 1e+00]
LP warm-start: use basis

Iteration    Objective       Primal Inf.    Dual Inf.      Time
       0   -1.6811420e+32   1.468467e+34   1.681142e+02      1s
     327   -1.3964992e+31   5.219858e+33   1.396499e+01      5s
     631   -2.8313719e+30   1.393524e+33   2.831372e+00     10s
     976   -5.0542046e+29   5.073880e+33   5.054203e-01     15s
    1324    3.4014644e+06   2.010765e+04   0.000000e+00     21s
    1678    3.4014730e+06   4.618017e+03   0.000000e+00     26s
    2022    3.4014736e+06   5.541180e+03   0.000000e+00     31s
    2370    3.4014740e+06   1.344272e+03   0.000000e+00     36s
    2710    3.4014742e+06   6.259138e+02   0.000000e+00     41s
    3056    3.4014744e+06   4.761640e+02   0.000000e+00     46s
    3393    3.4014745e+06   1.101576e+03   0.000000e+00     51s
    3736    3.4014746e+06   1.047941e+02   0.000000e+00     57s
    4069    3.4014747e+06   2.124349e+02   0.000000e+00     62s
    4293    3.4014747e+06   3.448273e+01   0.000000e+00     65s
    4633    3.4014747e+06   1.640953e+02   0.000000e+00     70s
    4980    3.4014748e+06   1.948936e+01   0.000000e+00     75s
    5325    3.4014748e+06   8.463963e+00   0.000000e+00     81s
    5635    3.4014748e+06   0.000000e+00   0.000000e+00     86s

Solved in 5635 iterations and 85.60 seconds (120.15 work units)
Optimal objective  3.401474781e+06
Set parameter TimeLimit to value 9.6575164700713940e+03
Set parameter Method to value 1
Gurobi Optimizer version 12.0.3 build v12.0.3rc0 (linux64 - "Ubuntu 24.04.4 LTS")

CPU model: Intel(R) Xeon(R) Gold 5218R CPU @ 2.10GHz, instruction set [SSE2|AVX|AVX2|AVX512]
Thread count: 40 physical cores, 40 logical processors, using up to 1 threads

Non-default parameters:
TimeLimit  9.6575164700713940e+03
Method  1
BarHomogeneous  1
Threads  1

Optimize a model with 841 rows, 234007 columns and 6255655 nonzeros
Coefficient statistics:
  Matrix range     [1e+00, 1e+00]
  Objective range  [1e+05, 5e+05]
  Bounds range     [0e+00, 0e+00]
  RHS range        [1e+00, 1e+00]
LP warm-start: use basis

Iteration    Objective       Primal Inf.    Dual Inf.      Time
       0   -1.0783585e+32   8.193025e+33   1.078359e+02      1s
     329   -6.2135202e+30   1.252274e+33   6.213520e+00      5s
     640   -2.4477903e+29   7.998969e+32   2.447790e-01     10s
     957    3.4014731e+06   1.642141e+03   0.000000e+00     15s
    1292    3.4014736e+06   1.788956e+03   0.000000e+00     21s
    1624    3.4014739e+06   7.337844e+02   0.000000e+00     26s
    1961    3.4014740e+06   8.205337e+02   0.000000e+00     31s
    2302    3.4014741e+06   1.266011e+02   0.000000e+00     36s
    2648    3.4014742e+06   5.716123e+01   0.000000e+00     42s
    2876    3.4014742e+06   8.598729e+01   0.000000e+00     45s
    3217    3.4014742e+06   1.412783e+01   0.000000e+00     51s
    3550    3.4014743e+06   2.131940e+01   0.000000e+00     56s
    3896    3.4014743e+06   4.554947e-02   0.000000e+00     61s
    3914    3.4014743e+06   0.000000e+00   0.000000e+00     62s

Solved in 3914 iterations and 61.63 seconds (84.17 work units)
Optimal objective  3.401474266e+06
Set parameter TimeLimit to value 9568.95722954534
Set parameter Method to value 1
Gurobi Optimizer version 12.0.3 build v12.0.3rc0 (linux64 - "Ubuntu 24.04.4 LTS")

CPU model: Intel(R) Xeon(R) Gold 5218R CPU @ 2.10GHz, instruction set [SSE2|AVX|AVX2|AVX512]
Thread count: 40 physical cores, 40 logical processors, using up to 1 threads

Non-default parameters:
TimeLimit  9568.95722954534
Method  1
BarHomogeneous  1
Threads  1

Optimize a model with 841 rows, 234037 columns and 6256262 nonzeros
Coefficient statistics:
  Matrix range     [1e+00, 1e+00]
  Objective range  [1e+05, 5e+05]
  Bounds range     [0e+00, 0e+00]
  RHS range        [1e+00, 1e+00]
LP warm-start: use basis

Iteration    Objective       Primal Inf.    Dual Inf.      Time
       0   -9.7964126e+31   9.976868e+33   9.796413e+01      0s
     328   -2.5505562e+30   1.506288e+33   2.550556e+00      5s
     684    3.4014720e+06   8.067504e+02   0.000000e+00     11s
    1035    3.4014726e+06   6.063342e+02   0.000000e+00     16s
    1376    3.4014729e+06   1.193157e+03   0.000000e+00     22s
    1605    3.4014730e+06   2.572909e+02   0.000000e+00     25s
    1943    3.4014731e+06   4.414591e+02   0.000000e+00     30s
    2283    3.4014731e+06   4.446531e+01   0.000000e+00     36s
    2622    3.4014732e+06   6.213923e+01   0.000000e+00     41s
    2961    3.4014732e+06   5.006850e+01   0.000000e+00     46s
    3300    3.4014732e+06   1.541103e+01   0.000000e+00     51s
    3631    3.4014733e+06   2.363016e+01   0.000000e+00     57s
    3859    3.4014733e+06   3.719484e-01   0.000000e+00     60s
    3952    3.4014733e+06   0.000000e+00   0.000000e+00     62s

Solved in 3952 iterations and 61.70 seconds (84.87 work units)
Optimal objective  3.401473261e+06
Set parameter TimeLimit to value 9480.57895282656
Set parameter Method to value 1
Gurobi Optimizer version 12.0.3 build v12.0.3rc0 (linux64 - "Ubuntu 24.04.4 LTS")

CPU model: Intel(R) Xeon(R) Gold 5218R CPU @ 2.10GHz, instruction set [SSE2|AVX|AVX2|AVX512]
Thread count: 40 physical cores, 40 logical processors, using up to 1 threads

Non-default parameters:
TimeLimit  9480.57895282656
Method  1
BarHomogeneous  1
Threads  1

Optimize a model with 841 rows, 234067 columns and 6256943 nonzeros
Coefficient statistics:
  Matrix range     [1e+00, 1e+00]
  Objective range  [1e+05, 5e+05]
  Bounds range     [0e+00, 0e+00]
  RHS range        [1e+00, 1e+00]
LP warm-start: use basis

Iteration    Objective       Primal Inf.    Dual Inf.      Time
       0   -9.2479383e+31   5.656453e+33   9.247938e+01      1s
     329   -1.4127320e+31   3.295840e+33   1.412732e+01      6s
     642   -3.0705255e+30   1.106975e+33   3.070526e+00     10s
    1025   -3.1380021e+29   4.627912e+34   3.137968e-01     16s
    1365    3.4014715e+06   1.129080e+03   0.000000e+00     21s
    1708    3.4014718e+06   6.282223e+02   0.000000e+00     27s
    1939    3.4014721e+06   3.238469e+02   0.000000e+00     30s
    2280    3.4014723e+06   1.183125e+03   0.000000e+00     35s
    2614    3.4014725e+06   2.112937e+02   0.000000e+00     41s
    2955    3.4014726e+06   3.159186e+02   0.000000e+00     46s
    3295    3.4014727e+06   1.454383e+02   0.000000e+00     51s
    3635    3.4014727e+06   4.022927e+01   0.000000e+00     56s
    3974    3.4014727e+06   4.848507e+01   0.000000e+00     62s
    4203    3.4014728e+06   8.646590e+00   0.000000e+00     65s
    4550    3.4014728e+06   1.004077e+01   0.000000e+00     71s
    4730    3.4014728e+06   0.000000e+00   0.000000e+00     73s

Solved in 4730 iterations and 73.45 seconds (100.67 work units)
Optimal objective  3.401472763e+06
Set parameter TimeLimit to value 9.3804029969419353e+03
Set parameter Method to value 1
Gurobi Optimizer version 12.0.3 build v12.0.3rc0 (linux64 - "Ubuntu 24.04.4 LTS")

CPU model: Intel(R) Xeon(R) Gold 5218R CPU @ 2.10GHz, instruction set [SSE2|AVX|AVX2|AVX512]
Thread count: 40 physical cores, 40 logical processors, using up to 1 threads

Non-default parameters:
TimeLimit  9.3804029969419353e+03
Method  1
BarHomogeneous  1
Threads  1

Optimize a model with 841 rows, 234097 columns and 6257587 nonzeros
Coefficient statistics:
  Matrix range     [1e+00, 1e+00]
  Objective range  [1e+05, 5e+05]
  Bounds range     [0e+00, 0e+00]
  RHS range        [1e+00, 1e+00]
LP warm-start: use basis

Iteration    Objective       Primal Inf.    Dual Inf.      Time
       0   -7.3599164e+31   2.072972e+34   7.359916e+01      1s
     351   -5.9037174e+30   2.013830e+33   5.903717e+00      5s
     704   -2.1196000e+30   1.634317e+33   2.119600e+00     10s
    1019    3.4014701e+06   3.031408e+03   0.000000e+00     15s
    1366    3.4014710e+06   5.637505e+03   0.000000e+00     20s
    1716    3.4014713e+06   1.401340e+03   0.000000e+00     26s
    2060    3.4014715e+06   4.359190e+02   0.000000e+00     31s
    2408    3.4014717e+06   3.492815e+02   0.000000e+00     36s
    2759    3.4014719e+06   3.127917e+02   0.000000e+00     42s
    2991    3.4014719e+06   2.209659e+02   0.000000e+00     45s
    3334    3.4014720e+06   5.456694e+01   0.000000e+00     50s
    3675    3.4014720e+06   5.954562e+01   0.000000e+00     56s
    4023    3.4014720e+06   1.364816e+01   0.000000e+00     61s
    4359    3.4014720e+06   3.707577e+01   0.000000e+00     66s
    4707    3.4014720e+06   3.092351e+00   0.000000e+00     71s
    4792    3.4014720e+06   0.000000e+00   0.000000e+00     73s

Solved in 4792 iterations and 72.91 seconds (101.21 work units)
Optimal objective  3.401472043e+06
Set parameter TimeLimit to value 9.2802896084408276e+03
Set parameter Method to value 1
Gurobi Optimizer version 12.0.3 build v12.0.3rc0 (linux64 - "Ubuntu 24.04.4 LTS")

CPU model: Intel(R) Xeon(R) Gold 5218R CPU @ 2.10GHz, instruction set [SSE2|AVX|AVX2|AVX512]
Thread count: 40 physical cores, 40 logical processors, using up to 1 threads

Non-default parameters:
TimeLimit  9.2802896084408276e+03
Method  1
BarHomogeneous  1
Threads  1

Optimize a model with 841 rows, 234127 columns and 6258043 nonzeros
Coefficient statistics:
  Matrix range     [1e+00, 1e+00]
  Objective range  [1e+05, 5e+05]
  Bounds range     [0e+00, 0e+00]
  RHS range        [1e+00, 1e+00]
LP warm-start: use basis

Iteration    Objective       Primal Inf.    Dual Inf.      Time
       0   -1.0464010e+32   1.031530e+34   1.046401e+02      1s
     332   -4.8881017e+29   1.170890e+33   4.888102e-01      5s
     699    3.4014711e+06   8.579184e+02   0.000000e+00     11s
    1042    3.4014715e+06   1.721482e+03   0.000000e+00     17s
    1267    3.4014716e+06   4.113361e+02   0.000000e+00     20s
    1612    3.4014717e+06   6.796761e+02   0.000000e+00     26s
    1956    3.4014718e+06   1.241935e+02   0.000000e+00     31s
    2299    3.4014718e+06   1.894947e+02   0.000000e+00     36s
    2635    3.4014719e+06   5.359022e+02   0.000000e+00     41s
    2870    3.4014719e+06   1.267482e+01   0.000000e+00     45s
    3218    3.4014719e+06   6.391808e-01   0.000000e+00     50s
    3350    3.4014719e+06   0.000000e+00   0.000000e+00     53s

Solved in 3350 iterations and 52.54 seconds (72.00 work units)
Optimal objective  3.401471892e+06
Set parameter TimeLimit to value 9.2009450680892915e+03
Set parameter Method to value 1
Gurobi Optimizer version 12.0.3 build v12.0.3rc0 (linux64 - "Ubuntu 24.04.4 LTS")

CPU model: Intel(R) Xeon(R) Gold 5218R CPU @ 2.10GHz, instruction set [SSE2|AVX|AVX2|AVX512]
Thread count: 40 physical cores, 40 logical processors, using up to 1 threads

Non-default parameters:
TimeLimit  9.2009450680892915e+03
Method  1
BarHomogeneous  1
Threads  1

Optimize a model with 841 rows, 234157 columns and 6258574 nonzeros
Coefficient statistics:
  Matrix range     [1e+00, 1e+00]
  Objective range  [1e+05, 5e+05]
  Bounds range     [0e+00, 0e+00]
  RHS range        [1e+00, 1e+00]
LP warm-start: use basis

Iteration    Objective       Primal Inf.    Dual Inf.      Time
       0   -6.7397822e+31   1.049797e+34   6.739782e+01      1s
     333   -1.0113762e+30   2.369685e+33   1.011376e+00      5s
     703    3.4014704e+06   5.470706e+03   0.000000e+00     11s
    1046    3.4014710e+06   1.042277e+03   0.000000e+00     16s
    1387    3.4014712e+06   4.495634e+02   0.000000e+00     21s
    1734    3.4014713e+06   1.585825e+02   0.000000e+00     27s
    1961    3.4014714e+06   1.925768e+02   0.000000e+00     30s
    2312    3.4014714e+06   3.965452e+02   0.000000e+00     35s
    2650    3.4014715e+06   5.547057e+01   0.000000e+00     41s
    2995    3.4014715e+06   7.863836e+01   0.000000e+00     46s
    3340    3.4014715e+06   2.121943e+01   0.000000e+00     51s
    3680    3.4014715e+06   2.048896e+02   0.000000e+00     56s
    4024    3.4014715e+06   1.007492e+00   0.000000e+00     62s
    4131    3.4014715e+06   0.000000e+00   0.000000e+00     63s

Solved in 4131 iterations and 63.44 seconds (88.51 work units)
Optimal objective  3.401471524e+06
Set parameter TimeLimit to value 9.1110606881552376e+03
Set parameter Method to value 1
Gurobi Optimizer version 12.0.3 build v12.0.3rc0 (linux64 - "Ubuntu 24.04.4 LTS")

CPU model: Intel(R) Xeon(R) Gold 5218R CPU @ 2.10GHz, instruction set [SSE2|AVX|AVX2|AVX512]
Thread count: 40 physical cores, 40 logical processors, using up to 1 threads

Non-default parameters:
TimeLimit  9.1110606881552376e+03
Method  1
BarHomogeneous  1
Threads  1

Optimize a model with 841 rows, 234187 columns and 6259229 nonzeros
Coefficient statistics:
  Matrix range     [1e+00, 1e+00]
  Objective range  [1e+05, 5e+05]
  Bounds range     [0e+00, 0e+00]
  RHS range        [1e+00, 1e+00]
LP warm-start: use basis

Iteration    Objective       Primal Inf.    Dual Inf.      Time
       0   -6.7671118e+31   6.389989e+34   6.767112e+01      0s
     336   -5.6243211e+30   1.217452e+33   5.624321e+00      5s
     694   -1.0108537e+29   4.048255e+32   1.010854e-01     10s
    1073    3.4014689e+06   2.715210e+03   0.000000e+00     16s
    1418    3.4014698e+06   2.915362e+03   0.000000e+00     22s
    1645    3.4014701e+06   1.355501e+03   0.000000e+00     25s
    1991    3.4014706e+06   1.881598e+03   0.000000e+00     31s
    2329    3.4014708e+06   7.587872e+02   0.000000e+00     36s
    2662    3.4014710e+06   6.482659e+03   0.000000e+00     41s
    3004    3.4014712e+06   5.073470e+03   0.000000e+00     46s
    3339    3.4014712e+06   1.804346e+02   0.000000e+00     51s
    3686    3.4014713e+06   7.235206e+02   0.000000e+00     57s
    3917    3.4014713e+06   5.537858e+01   0.000000e+00     60s
    4261    3.4014713e+06   2.560046e+02   0.000000e+00     65s
    4605    3.4014713e+06   5.519329e+01   0.000000e+00     71s
    4953    3.4014713e+06   2.560118e+00   0.000000e+00     76s
    5108    3.4014713e+06   0.000000e+00   0.000000e+00     78s

Solved in 5108 iterations and 78.40 seconds (109.11 work units)
Optimal objective  3.401471341e+06
Set parameter TimeLimit to value 9.0057671467652544e+03
Set parameter Method to value 1
Gurobi Optimizer version 12.0.3 build v12.0.3rc0 (linux64 - "Ubuntu 24.04.4 LTS")

CPU model: Intel(R) Xeon(R) Gold 5218R CPU @ 2.10GHz, instruction set [SSE2|AVX|AVX2|AVX512]
Thread count: 40 physical cores, 40 logical processors, using up to 1 threads

Non-default parameters:
TimeLimit  9.0057671467652544e+03
Method  1
BarHomogeneous  1
Threads  1

Optimize a model with 841 rows, 234217 columns and 6259668 nonzeros
Coefficient statistics:
  Matrix range     [1e+00, 1e+00]
  Objective range  [1e+05, 5e+05]
  Bounds range     [0e+00, 0e+00]
  RHS range        [1e+00, 1e+00]
LP warm-start: use basis

Iteration    Objective       Primal Inf.    Dual Inf.      Time
       0   -7.0374423e+31   1.449143e+34   7.037442e+01      1s
     336   -7.6262742e+29   3.387022e+33   7.626275e-01      5s
     756    3.4014709e+06   1.967707e+03   0.000000e+00     12s
     993    3.4014711e+06   2.628010e+02   0.000000e+00     15s
    1339    3.4014712e+06   1.231134e+02   0.000000e+00     20s
    1680    3.4014712e+06   3.797628e+02   0.000000e+00     26s
    2026    3.4014712e+06   8.470435e+01   0.000000e+00     31s
    2369    3.4014713e+06   1.222650e+02   0.000000e+00     36s
    2714    3.4014713e+06   2.465878e+01   0.000000e+00     41s
    2949    3.4014713e+06   2.458171e+02   0.000000e+00     45s
    3304    3.4014713e+06   6.180928e-01   0.000000e+00     50s
    3398    3.4014713e+06   0.000000e+00   0.000000e+00     52s

Solved in 3398 iterations and 51.99 seconds (72.19 work units)
Optimal objective  3.401471289e+06
Set parameter TimeLimit to value 8.9275199691383168e+03
Set parameter Method to value 1
Gurobi Optimizer version 12.0.3 build v12.0.3rc0 (linux64 - "Ubuntu 24.04.4 LTS")

CPU model: Intel(R) Xeon(R) Gold 5218R CPU @ 2.10GHz, instruction set [SSE2|AVX|AVX2|AVX512]
Thread count: 40 physical cores, 40 logical processors, using up to 1 threads

Non-default parameters:
TimeLimit  8.9275199691383168e+03
Method  1
BarHomogeneous  1
Threads  1

Optimize a model with 841 rows, 234247 columns and 6260262 nonzeros
Coefficient statistics:
  Matrix range     [1e+00, 1e+00]
  Objective range  [1e+05, 5e+05]
  Bounds range     [0e+00, 0e+00]
  RHS range        [1e+00, 1e+00]
LP warm-start: use basis

Iteration    Objective       Primal Inf.    Dual Inf.      Time
       0   -7.6636045e+31   1.659267e+34   7.663605e+01      0s
     329   -7.6810086e+30   4.951417e+33   7.681008e+00      5s
     667   -2.2178328e+30   1.009328e+33   2.217833e+00     10s
    1095   -5.0391919e+29   1.933399e+33   5.039189e-01     17s
    1325   -2.1604175e+28   1.051609e+33   2.160423e-02     20s
    1667    3.4014702e+06   1.296602e+04   0.000000e+00     25s
    2010    3.4014706e+06   1.738671e+03   0.000000e+00     31s
    2355    3.4014708e+06   5.386162e+02   0.000000e+00     36s
    2701    3.4014709e+06   1.954839e+02   0.000000e+00     41s
    3036    3.4014710e+06   8.832418e+02   0.000000e+00     46s
    3385    3.4014711e+06   1.370938e+02   0.000000e+00     52s
    3726    3.4014711e+06   9.634489e+01   0.000000e+00     57s
    3956    3.4014711e+06   1.523622e+02   0.000000e+00     60s
    4304    3.4014711e+06   1.881918e+02   0.000000e+00     65s
    4646    3.4014711e+06   2.747106e+02   0.000000e+00     70s
    4992    3.4014712e+06   9.676867e+00   0.000000e+00     76s
    5295    3.4014712e+06   0.000000e+00   0.000000e+00     80s

Solved in 5295 iterations and 80.26 seconds (112.41 work units)
Optimal objective  3.401471158e+06
Set parameter TimeLimit to value 8.8208472390575334e+03
Set parameter Method to value 1
Gurobi Optimizer version 12.0.3 build v12.0.3rc0 (linux64 - "Ubuntu 24.04.4 LTS")

CPU model: Intel(R) Xeon(R) Gold 5218R CPU @ 2.10GHz, instruction set [SSE2|AVX|AVX2|AVX512]
Thread count: 40 physical cores, 40 logical processors, using up to 1 threads

Non-default parameters:
TimeLimit  8.8208472390575334e+03
Method  1
BarHomogeneous  1
Threads  1

Optimize a model with 841 rows, 234277 columns and 6260927 nonzeros
Coefficient statistics:
  Matrix range     [1e+00, 1e+00]
  Objective range  [1e+05, 5e+05]
  Bounds range     [0e+00, 0e+00]
  RHS range        [1e+00, 1e+00]
LP warm-start: use basis

Iteration    Objective       Primal Inf.    Dual Inf.      Time
       0   -6.6188826e+31   6.758681e+33   6.618883e+01      1s
     321   -2.0231384e+30   5.762861e+33   2.023138e+00      5s
     670   -9.1230188e+27   3.138561e+32   9.123023e-03     10s
    1093    3.4014705e+06   5.266013e+03   0.000000e+00     17s
    1325    3.4014707e+06   8.184861e+02   0.000000e+00     20s
    1671    3.4014708e+06   3.997951e+02   0.000000e+00     25s
    2009    3.4014709e+06   4.832872e+02   0.000000e+00     30s
    2355    3.4014710e+06   7.664907e+01   0.000000e+00     36s
    2694    3.4014710e+06   1.520930e+01   0.000000e+00     41s
    3041    3.4014710e+06   1.168858e+03   0.000000e+00     46s
    3390    3.4014710e+06   1.404480e+01   0.000000e+00     51s
    3740    3.4014710e+06   3.857114e+00   0.000000e+00     57s
    3951    3.4014710e+06   0.000000e+00   0.000000e+00     60s

Solved in 3951 iterations and 59.79 seconds (84.17 work units)
Optimal objective  3.401471020e+06
Set parameter TimeLimit to value 8.7345905569382012e+03
Set parameter Method to value 1
Gurobi Optimizer version 12.0.3 build v12.0.3rc0 (linux64 - "Ubuntu 24.04.4 LTS")

CPU model: Intel(R) Xeon(R) Gold 5218R CPU @ 2.10GHz, instruction set [SSE2|AVX|AVX2|AVX512]
Thread count: 40 physical cores, 40 logical processors, using up to 1 threads

Non-default parameters:
TimeLimit  8.7345905569382012e+03
Method  1
BarHomogeneous  1
Threads  1

Optimize a model with 841 rows, 234307 columns and 6261456 nonzeros
Coefficient statistics:
  Matrix range     [1e+00, 1e+00]
  Objective range  [1e+05, 5e+05]
  Bounds range     [0e+00, 0e+00]
  RHS range        [1e+00, 1e+00]
LP warm-start: use basis

Iteration    Objective       Primal Inf.    Dual Inf.      Time
       0   -4.8196245e+31   6.091496e+33   4.819624e+01      1s
     326   -2.8288439e+30   1.847329e+33   2.828844e+00      5s
     676   -4.6008749e+29   1.067454e+33   4.600875e-01     10s
     988    3.4014692e+06   7.581921e+03   0.000000e+00     15s
    1341    3.4014702e+06   1.134112e+03   0.000000e+00     21s
    1691    3.4014704e+06   2.660099e+03   0.000000e+00     26s
    2046    3.4014706e+06   3.116119e+02   0.000000e+00     32s
    2275    3.4014706e+06   2.478158e+02   0.000000e+00     35s
    2626    3.4014707e+06   2.804708e+02   0.000000e+00     40s
    2969    3.4014707e+06   2.635866e+01   0.000000e+00     46s
    3321    3.4014708e+06   1.524920e+01   0.000000e+00     51s
    3664    3.4014708e+06   5.453674e+00   0.000000e+00     56s
    4011    3.4014708e+06   6.503572e+00   0.000000e+00     61s
    4247    3.4014708e+06   4.140275e+00   0.000000e+00     65s
    4357    3.4014708e+06   0.000000e+00   0.000000e+00     67s

Solved in 4357 iterations and 66.82 seconds (92.54 work units)
Optimal objective  3.401470787e+06
Set parameter TimeLimit to value 8.6407141996016726e+03
Set parameter Method to value 1
Gurobi Optimizer version 12.0.3 build v12.0.3rc0 (linux64 - "Ubuntu 24.04.4 LTS")

CPU model: Intel(R) Xeon(R) Gold 5218R CPU @ 2.10GHz, instruction set [SSE2|AVX|AVX2|AVX512]
Thread count: 40 physical cores, 40 logical processors, using up to 1 threads

Non-default parameters:
TimeLimit  8.6407141996016726e+03
Method  1
BarHomogeneous  1
Threads  1

Optimize a model with 841 rows, 234337 columns and 6262353 nonzeros
Coefficient statistics:
  Matrix range     [1e+00, 1e+00]
  Objective range  [1e+05, 5e+05]
  Bounds range     [0e+00, 0e+00]
  RHS range        [1e+00, 1e+00]
LP warm-start: use basis

Iteration    Objective       Primal Inf.    Dual Inf.      Time
       0   -4.4252586e+31   2.229412e+34   4.425259e+01      1s
     338   -5.9235908e+30   1.696250e+33   5.923591e+00      5s
     690   -9.9679301e+29   6.612138e+32   9.967930e-01     10s
    1032   -1.4616893e+26   1.359187e+32   1.461706e-04     16s
    1374    3.4014697e+06   1.496786e+03   0.000000e+00     21s
    1717    3.4014700e+06   8.476791e+02   0.000000e+00     26s
    2056    3.4014702e+06   8.161757e+02   0.000000e+00     32s
    2284    3.4014703e+06   1.958039e+02   0.000000e+00     35s
    2621    3.4014704e+06   4.560855e+02   0.000000e+00     40s
    2960    3.4014704e+06   2.244274e+02   0.000000e+00     46s
    3304    3.4014705e+06   1.299730e+02   0.000000e+00     51s
    3649    3.4014705e+06   5.241682e+01   0.000000e+00     56s
    3990    3.4014705e+06   9.951065e+01   0.000000e+00     62s
    4222    3.4014705e+06   5.245474e+01   0.000000e+00     65s
    4564    3.4014705e+06   2.657140e+01   0.000000e+00     70s
    4905    3.4014706e+06   6.116349e+00   0.000000e+00     76s
    5249    3.4014706e+06   7.919908e+00   0.000000e+00     81s
    5498    3.4014706e+06   0.000000e+00   0.000000e+00     85s

Solved in 5498 iterations and 84.96 seconds (117.12 work units)
Optimal objective  3.401470560e+06
Set parameter TimeLimit to value 8.5288362016100436e+03
Set parameter Method to value 1
Gurobi Optimizer version 12.0.3 build v12.0.3rc0 (linux64 - "Ubuntu 24.04.4 LTS")

CPU model: Intel(R) Xeon(R) Gold 5218R CPU @ 2.10GHz, instruction set [SSE2|AVX|AVX2|AVX512]
Thread count: 40 physical cores, 40 logical processors, using up to 1 threads

Non-default parameters:
TimeLimit  8.5288362016100436e+03
Method  1
BarHomogeneous  1
Threads  1

Optimize a model with 841 rows, 234367 columns and 6263013 nonzeros
Coefficient statistics:
  Matrix range     [1e+00, 1e+00]
  Objective range  [1e+05, 5e+05]
  Bounds range     [0e+00, 0e+00]
  RHS range        [1e+00, 1e+00]
LP warm-start: use basis

Iteration    Objective       Primal Inf.    Dual Inf.      Time
       0   -4.8889943e+31   5.494911e+33   4.888994e+01      1s
     339   -1.5538538e+30   1.909840e+33   1.553854e+00      5s
     688   -4.1189705e+28   4.119457e+32   4.118974e-02     10s
    1033    3.4014698e+06   4.451050e+03   0.000000e+00     16s
    1375    3.4014702e+06   5.232745e+02   0.000000e+00     21s
    1713    3.4014703e+06   4.623005e+02   0.000000e+00     26s
    2056    3.4014703e+06   7.114041e+02   0.000000e+00     31s
    2404    3.4014704e+06   2.727955e+02   0.000000e+00     37s
    2632    3.4014704e+06   7.447114e+01   0.000000e+00     40s
    2976    3.4014704e+06   2.926875e+01   0.000000e+00     46s
    3324    3.4014704e+06   9.560012e+01   0.000000e+00     51s
    3673    3.4014705e+06   3.610070e+00   0.000000e+00     56s
    3773    3.4014705e+06   0.000000e+00   0.000000e+00     58s

Solved in 3773 iterations and 58.03 seconds (79.86 work units)
Optimal objective  3.401470452e+06
Set parameter TimeLimit to value 8444.06277712807
Set parameter Method to value 1
Gurobi Optimizer version 12.0.3 build v12.0.3rc0 (linux64 - "Ubuntu 24.04.4 LTS")

CPU model: Intel(R) Xeon(R) Gold 5218R CPU @ 2.10GHz, instruction set [SSE2|AVX|AVX2|AVX512]
Thread count: 40 physical cores, 40 logical processors, using up to 1 threads

Non-default parameters:
TimeLimit  8444.06277712807
Method  1
BarHomogeneous  1
Threads  1

Optimize a model with 841 rows, 234397 columns and 6263497 nonzeros
Coefficient statistics:
  Matrix range     [1e+00, 1e+00]
  Objective range  [1e+05, 5e+05]
  Bounds range     [0e+00, 0e+00]
  RHS range        [1e+00, 1e+00]
LP warm-start: use basis

Iteration    Objective       Primal Inf.    Dual Inf.      Time
       0   -3.8286041e+31   1.116088e+34   3.828604e+01      1s
     336   -3.6797952e+30   1.396923e+33   3.679795e+00      5s
     688   -3.3031513e+29   1.561592e+33   3.303151e-01     10s
    1073    3.4014680e+06   7.945407e+03   0.000000e+00     16s
    1422    3.4014690e+06   1.178997e+03   0.000000e+00     22s
    1649    3.4014693e+06   1.213550e+03   0.000000e+00     25s
    1997    3.4014696e+06   4.442596e+02   0.000000e+00     30s
    2337    3.4014697e+06   9.354365e+02   0.000000e+00     36s
    2676    3.4014699e+06   1.294780e+02   0.000000e+00     41s
    3016    3.4014700e+06   6.201203e+01   0.000000e+00     46s
    3356    3.4014701e+06   1.119308e+02   0.000000e+00     51s
    3698    3.4014701e+06   1.809685e+02   0.000000e+00     56s
    4041    3.4014701e+06   2.240561e+02   0.000000e+00     62s
    4268    3.4014701e+06   3.439665e+01   0.000000e+00     65s
    4604    3.4014701e+06   9.070949e+01   0.000000e+00     70s
    4953    3.4014702e+06   1.848108e+00   0.000000e+00     76s
    5052    3.4014702e+06   0.000000e+00   0.000000e+00     77s

Solved in 5052 iterations and 77.33 seconds (106.83 work units)
Optimal objective  3.401470153e+06
Set parameter TimeLimit to value 8339.7978309514
Set parameter Method to value 1
Gurobi Optimizer version 12.0.3 build v12.0.3rc0 (linux64 - "Ubuntu 24.04.4 LTS")

CPU model: Intel(R) Xeon(R) Gold 5218R CPU @ 2.10GHz, instruction set [SSE2|AVX|AVX2|AVX512]
Thread count: 40 physical cores, 40 logical processors, using up to 1 threads

Non-default parameters:
TimeLimit  8339.7978309514
Method  1
BarHomogeneous  1
Threads  1

Optimize a model with 841 rows, 234427 columns and 6264088 nonzeros
Coefficient statistics:
  Matrix range     [1e+00, 1e+00]
  Objective range  [1e+05, 5e+05]
  Bounds range     [0e+00, 0e+00]
  RHS range        [1e+00, 1e+00]
LP warm-start: use basis

Iteration    Objective       Primal Inf.    Dual Inf.      Time
       0   -4.9485377e+31   3.256268e+34   4.948538e+01      1s
     327   -2.0699325e+30   2.374672e+33   2.069932e+00      5s
     691    3.4014691e+06   3.871793e+03   0.000000e+00     11s
    1033    3.4014696e+06   3.447220e+02   0.000000e+00     16s
    1380    3.4014698e+06   1.579668e+03   0.000000e+00     22s
    1611    3.4014698e+06   1.117334e+03   0.000000e+00     25s
    1962    3.4014699e+06   2.361042e+02   0.000000e+00     31s
    2300    3.4014699e+06   1.261914e+02   0.000000e+00     36s
    2637    3.4014700e+06   9.142255e+02   0.000000e+00     41s
    2973    3.4014700e+06   4.998450e+02   0.000000e+00     46s
    3202    3.4014700e+06   5.209584e+00   0.000000e+00     50s
    3547    3.4014700e+06   5.688944e-01   0.000000e+00     55s
    3618    3.4014700e+06   0.000000e+00   0.000000e+00     57s

Solved in 3618 iterations and 56.56 seconds (77.71 work units)
Optimal objective  3.401470013e+06
Set parameter TimeLimit to value 8.2563204080616124e+03
Set parameter Method to value 1
Gurobi Optimizer version 12.0.3 build v12.0.3rc0 (linux64 - "Ubuntu 24.04.4 LTS")

CPU model: Intel(R) Xeon(R) Gold 5218R CPU @ 2.10GHz, instruction set [SSE2|AVX|AVX2|AVX512]
Thread count: 40 physical cores, 40 logical processors, using up to 1 threads

Non-default parameters:
TimeLimit  8.2563204080616124e+03
Method  1
BarHomogeneous  1
Threads  1

Optimize a model with 841 rows, 234457 columns and 6264820 nonzeros
Coefficient statistics:
  Matrix range     [1e+00, 1e+00]
  Objective range  [1e+05, 5e+05]
  Bounds range     [0e+00, 0e+00]
  RHS range        [1e+00, 1e+00]
LP warm-start: use basis

Iteration    Objective       Primal Inf.    Dual Inf.      Time
       0   -4.3536508e+31   7.896215e+33   4.353651e+01      1s
     341   -1.1886060e+31   2.418433e+33   1.188606e+01      5s
     687   -3.6297155e+30   1.331879e+33   3.629715e+00     10s
    1035   -7.8461222e+29   3.349669e+33   7.846124e-01     16s
    1381   -6.0165520e+28   2.691502e+33   6.016540e-02     21s
    1726    3.4014687e+06   1.274682e+03   0.000000e+00     27s
    1958    3.4014689e+06   1.281265e+03   0.000000e+00     30s
    2298    3.4014691e+06   2.001660e+02   0.000000e+00     35s
    2645    3.4014693e+06   1.096955e+03   0.000000e+00     41s
    2994    3.4014695e+06   1.673841e+02   0.000000e+00     46s
    3340    3.4014695e+06   4.494979e+02   0.000000e+00     51s
    3686    3.4014696e+06   3.451467e+02   0.000000e+00     56s
    4028    3.4014697e+06   3.601935e+02   0.000000e+00     62s
    4257    3.4014697e+06   2.330599e+02   0.000000e+00     65s
    4601    3.4014697e+06   4.947969e+02   0.000000e+00     71s
    4941    3.4014698e+06   9.013412e+01   0.000000e+00     76s
    5287    3.4014698e+06   2.253318e+02   0.000000e+00     81s
    5629    3.4014698e+06   1.148183e+02   0.000000e+00     86s
    5864    3.4014698e+06   5.036176e+01   0.000000e+00     90s
    6206    3.4014698e+06   7.744383e+01   0.000000e+00     95s
    6558    3.4014698e+06   4.304168e+00   0.000000e+00    101s
    6726    3.4014698e+06   0.000000e+00   0.000000e+00    103s

Solved in 6726 iterations and 103.32 seconds (142.43 work units)
Optimal objective  3.401469849e+06
Set parameter TimeLimit to value 8.1265979768354446e+03
Set parameter Method to value 1
Gurobi Optimizer version 12.0.3 build v12.0.3rc0 (linux64 - "Ubuntu 24.04.4 LTS")

CPU model: Intel(R) Xeon(R) Gold 5218R CPU @ 2.10GHz, instruction set [SSE2|AVX|AVX2|AVX512]
Thread count: 40 physical cores, 40 logical processors, using up to 1 threads

Non-default parameters:
TimeLimit  8.1265979768354446e+03
Method  1
BarHomogeneous  1
Threads  1

Optimize a model with 841 rows, 234487 columns and 6265810 nonzeros
Coefficient statistics:
  Matrix range     [1e+00, 1e+00]
  Objective range  [1e+05, 5e+05]
  Bounds range     [0e+00, 0e+00]
  RHS range        [1e+00, 1e+00]
LP warm-start: use basis

Iteration    Objective       Primal Inf.    Dual Inf.      Time
       0   -3.8007272e+31   7.004947e+33   3.800727e+01      1s
     351   -2.1005977e+30   9.779465e+32   2.100598e+00      5s
     662   -3.2208478e+29   5.006781e+32   3.220848e-01     10s
     979    3.4014693e+06   1.612098e+03   0.000000e+00     15s
    1328    3.4014695e+06   2.536441e+02   0.000000e+00     20s
    1673    3.4014696e+06   1.045106e+02   0.000000e+00     26s
    2017    3.4014697e+06   1.551099e+02   0.000000e+00     31s
    2355    3.4014697e+06   4.813243e+01   0.000000e+00     36s
    2698    3.4014697e+06   4.984230e+01   0.000000e+00     41s
    3035    3.4014698e+06   8.854848e+00   0.000000e+00     47s
    3268    3.4014698e+06   8.177593e+00   0.000000e+00     50s
    3614    3.4014698e+06   3.452844e+00   0.000000e+00     56s
    3755    3.4014698e+06   0.000000e+00   0.000000e+00     58s

Solved in 3755 iterations and 57.79 seconds (80.04 work units)
Optimal objective  3.401469770e+06
Set parameter TimeLimit to value 8.0423724931790493e+03
Set parameter Method to value 1
Gurobi Optimizer version 12.0.3 build v12.0.3rc0 (linux64 - "Ubuntu 24.04.4 LTS")

CPU model: Intel(R) Xeon(R) Gold 5218R CPU @ 2.10GHz, instruction set [SSE2|AVX|AVX2|AVX512]
Thread count: 40 physical cores, 40 logical processors, using up to 1 threads

Non-default parameters:
TimeLimit  8.0423724931790493e+03
Method  1
BarHomogeneous  1
Threads  1

Optimize a model with 841 rows, 234517 columns and 6266505 nonzeros
Coefficient statistics:
  Matrix range     [1e+00, 1e+00]
  Objective range  [1e+05, 5e+05]
  Bounds range     [0e+00, 0e+00]
  RHS range        [1e+00, 1e+00]
LP warm-start: use basis

Iteration    Objective       Primal Inf.    Dual Inf.      Time
       0   -4.1417556e+31   2.612069e+34   4.141756e+01      0s
     393    3.4014693e+06   3.363436e+03   0.000000e+00      7s
     623    3.4014694e+06   2.215487e+02   0.000000e+00     10s
     960    3.4014696e+06   8.915880e+02   0.000000e+00     15s
    1307    3.4014696e+06   2.785240e+02   0.000000e+00     21s
    1650    3.4014696e+06   4.277027e+01   0.000000e+00     26s
    1986    3.4014697e+06   8.839760e+00   0.000000e+00     31s
    2331    3.4014697e+06   1.278011e+01   0.000000e+00     36s
    2672    3.4014697e+06   1.894996e-01   0.000000e+00     41s
    2823    3.4014697e+06   0.000000e+00   0.000000e+00     44s

Solved in 2823 iterations and 43.85 seconds (60.94 work units)
Optimal objective  3.401469673e+06
Set parameter TimeLimit to value 7.9719349311115220e+03
Set parameter Method to value 1
Gurobi Optimizer version 12.0.3 build v12.0.3rc0 (linux64 - "Ubuntu 24.04.4 LTS")

CPU model: Intel(R) Xeon(R) Gold 5218R CPU @ 2.10GHz, instruction set [SSE2|AVX|AVX2|AVX512]
Thread count: 40 physical cores, 40 logical processors, using up to 1 threads

Non-default parameters:
TimeLimit  7.9719349311115220e+03
Method  1
BarHomogeneous  1
Threads  1

Optimize a model with 841 rows, 234547 columns and 6267415 nonzeros
Coefficient statistics:
  Matrix range     [1e+00, 1e+00]
  Objective range  [1e+05, 5e+05]
  Bounds range     [0e+00, 0e+00]
  RHS range        [1e+00, 1e+00]
LP warm-start: use basis

Iteration    Objective       Primal Inf.    Dual Inf.      Time
       0   -3.0459047e+31   1.023661e+34   3.045905e+01      1s
     348   -3.1376637e+30   1.928775e+33   3.137664e+00      6s
     661   -7.2556983e+29   1.357717e+33   7.255698e-01     10s
    1085    3.4014690e+06   1.374696e+03   0.000000e+00     17s
    1313    3.4014692e+06   8.964150e+02   0.000000e+00     20s
    1654    3.4014693e+06   4.399289e+02   0.000000e+00     25s
    2008    3.4014694e+06   4.355622e+02   0.000000e+00     31s
    2360    3.4014695e+06   2.115531e+02   0.000000e+00     36s
    2703    3.4014695e+06   2.635836e+02   0.000000e+00     42s
    2933    3.4014695e+06   7.131658e+01   0.000000e+00     45s
    3280    3.4014695e+06   1.252874e+02   0.000000e+00     50s
    3629    3.4014696e+06   5.156381e+01   0.000000e+00     56s
    3978    3.4014696e+06   3.558470e+01   0.000000e+00     61s
    4324    3.4014696e+06   1.257366e+01   0.000000e+00     66s
    4678    3.4014696e+06   7.130764e+00   0.000000e+00     72s
    4911    3.4014696e+06   3.532618e-02   0.000000e+00     75s
    4934    3.4014696e+06   0.000000e+00   0.000000e+00     76s

Solved in 4934 iterations and 75.68 seconds (104.79 work units)
Optimal objective  3.401469575e+06
Set parameter TimeLimit to value 7.8693632171833888e+03
Set parameter Method to value 1
Gurobi Optimizer version 12.0.3 build v12.0.3rc0 (linux64 - "Ubuntu 24.04.4 LTS")

CPU model: Intel(R) Xeon(R) Gold 5218R CPU @ 2.10GHz, instruction set [SSE2|AVX|AVX2|AVX512]
Thread count: 40 physical cores, 40 logical processors, using up to 1 threads

Non-default parameters:
TimeLimit  7.8693632171833888e+03
Method  1
BarHomogeneous  1
Threads  1

Optimize a model with 841 rows, 234577 columns and 6268423 nonzeros
Coefficient statistics:
  Matrix range     [1e+00, 1e+00]
  Objective range  [1e+05, 5e+05]
  Bounds range     [0e+00, 0e+00]
  RHS range        [1e+00, 1e+00]
LP warm-start: use basis

Iteration    Objective       Primal Inf.    Dual Inf.      Time
       0   -3.2180534e+31   1.978190e+34   3.218054e+01      1s
      28    3.4014696e+06   0.000000e+00   0.000000e+00      1s

Solved in 28 iterations and 1.00 seconds (1.06 work units)
Optimal objective  3.401469575e+06
Set parameter TimeLimit to value 7.8440674662003294e+03
Set parameter Method to value 1
Gurobi Optimizer version 12.0.3 build v12.0.3rc0 (linux64 - "Ubuntu 24.04.4 LTS")

CPU model: Intel(R) Xeon(R) Gold 5218R CPU @ 2.10GHz, instruction set [SSE2|AVX|AVX2|AVX512]
Thread count: 40 physical cores, 40 logical processors, using up to 1 threads

Non-default parameters:
TimeLimit  7.8440674662003294e+03
Method  1
BarHomogeneous  1
Threads  1

Optimize a model with 841 rows, 234607 columns and 6269487 nonzeros
Coefficient statistics:
  Matrix range     [1e+00, 1e+00]
  Objective range  [1e+05, 5e+05]
  Bounds range     [0e+00, 0e+00]
  RHS range        [1e+00, 1e+00]
LP warm-start: use basis

Iteration    Objective       Primal Inf.    Dual Inf.      Time
       0   -2.7746869e+31   7.243337e+33   2.774687e+01      1s
     347   -8.2311845e+30   1.846674e+33   8.231185e+00      5s
     664   -3.4527902e+30   1.252990e+33   3.452790e+00     10s
    1059   -1.4736069e+30   3.195933e+33   1.473607e+00     16s
    1415   -5.1029613e+29   5.536795e+33   5.102962e-01     21s
    1654   -1.3082806e+29   2.114018e+33   1.308281e-01     25s
    2007    3.4014682e+06   9.198939e+03   0.000000e+00     31s
    2346    3.4014686e+06   1.141232e+03   0.000000e+00     36s
    2690    3.4014689e+06   6.502344e+02   0.000000e+00     41s
    3034    3.4014690e+06   4.031952e+03   0.000000e+00     46s
    3381    3.4014691e+06   1.512485e+02   0.000000e+00     52s
    3613    3.4014692e+06   1.353449e+02   0.000000e+00     55s
    3961    3.4014693e+06   4.921592e+02   0.000000e+00     61s
    4314    3.4014693e+06   7.691298e+01   0.000000e+00     66s
    4656    3.4014693e+06   2.042699e+02   0.000000e+00     71s
    5000    3.4014694e+06   1.109658e+02   0.000000e+00     77s
    5229    3.4014694e+06   3.484623e+02   0.000000e+00     80s
    5570    3.4014694e+06   4.953349e+01   0.000000e+00     86s
    5919    3.4014694e+06   3.425053e+01   0.000000e+00     91s
    6264    3.4014694e+06   1.089887e+02   0.000000e+00     96s
    6609    3.4014694e+06   5.863929e+01   0.000000e+00    102s
    6838    3.4014694e+06   5.548772e+01   0.000000e+00    105s
    7182    3.4014694e+06   4.792118e+00   0.000000e+00    110s
    7531    3.4014694e+06   2.579239e-02   0.000000e+00    116s
    7551    3.4014694e+06   0.000000e+00   0.000000e+00    116s

Solved in 7551 iterations and 116.27 seconds (160.26 work units)
Optimal objective  3.401469448e+06
Set parameter TimeLimit to value 7.7012462734342553e+03
Set parameter Method to value 1
Gurobi Optimizer version 12.0.3 build v12.0.3rc0 (linux64 - "Ubuntu 24.04.4 LTS")

CPU model: Intel(R) Xeon(R) Gold 5218R CPU @ 2.10GHz, instruction set [SSE2|AVX|AVX2|AVX512]
Thread count: 40 physical cores, 40 logical processors, using up to 1 threads

Non-default parameters:
TimeLimit  7.7012462734342553e+03
Method  1
BarHomogeneous  1
Threads  1

Optimize a model with 841 rows, 234637 columns and 6270432 nonzeros
Coefficient statistics:
  Matrix range     [1e+00, 1e+00]
  Objective range  [1e+05, 5e+05]
  Bounds range     [0e+00, 0e+00]
  RHS range        [1e+00, 1e+00]
LP warm-start: use basis

Iteration    Objective       Primal Inf.    Dual Inf.      Time
       0   -2.8244458e+31   8.115296e+33   2.824446e+01      1s
      90    3.4014694e+06   0.000000e+00   0.000000e+00      2s

Solved in 90 iterations and 2.03 seconds (2.40 work units)
Optimal objective  3.401469448e+06
Set parameter TimeLimit to value 7.6748676721150987e+03
Set parameter Method to value 1
Gurobi Optimizer version 12.0.3 build v12.0.3rc0 (linux64 - "Ubuntu 24.04.4 LTS")

CPU model: Intel(R) Xeon(R) Gold 5218R CPU @ 2.10GHz, instruction set [SSE2|AVX|AVX2|AVX512]
Thread count: 40 physical cores, 40 logical processors, using up to 1 threads

Non-default parameters:
TimeLimit  7.6748676721150987e+03
Method  1
BarHomogeneous  1
Threads  1

Optimize a model with 841 rows, 234667 columns and 6271303 nonzeros
Coefficient statistics:
  Matrix range     [1e+00, 1e+00]
  Objective range  [1e+05, 5e+05]
  Bounds range     [0e+00, 0e+00]
  RHS range        [1e+00, 1e+00]
LP warm-start: use basis

Iteration    Objective       Primal Inf.    Dual Inf.      Time
       0   -2.6259360e+31   1.736329e+34   2.625936e+01      0s
     337   -5.8794798e+30   1.198201e+33   5.879480e+00      5s
     650   -2.1620453e+30   1.227307e+33   2.162045e+00     10s
    1042   -1.4737091e+29   2.271441e+33   1.473709e-01     16s
    1387    3.4014685e+06   5.323746e+03   0.000000e+00     21s
    1732    3.4014687e+06   6.756327e+02   0.000000e+00     27s
    1962    3.4014688e+06   2.890361e+02   0.000000e+00     30s
    2300    3.4014689e+06   2.517662e+02   0.000000e+00     36s
    2640    3.4014690e+06   1.082814e+03   0.000000e+00     41s
    2982    3.4014691e+06   1.447221e+02   0.000000e+00     46s
    3321    3.4014691e+06   1.839153e+02   0.000000e+00     52s
    3548    3.4014692e+06   3.516180e+03   0.000000e+00     55s
    3894    3.4014692e+06   2.448788e+02   0.000000e+00     60s
    4233    3.4014692e+06   1.066751e+02   0.000000e+00     66s
    4577    3.4014692e+06   2.141156e+01   0.000000e+00     71s
    4916    3.4014692e+06   5.397483e+00   0.000000e+00     76s
    5267    3.4014692e+06   5.477332e-01   0.000000e+00     82s
    5305    3.4014692e+06   0.000000e+00   0.000000e+00     82s

Solved in 5305 iterations and 82.23 seconds (113.00 work units)
Optimal objective  3.401469245e+06
Set parameter TimeLimit to value 7.5661181646566838e+03
Set parameter Method to value 1
Gurobi Optimizer version 12.0.3 build v12.0.3rc0 (linux64 - "Ubuntu 24.04.4 LTS")

CPU model: Intel(R) Xeon(R) Gold 5218R CPU @ 2.10GHz, instruction set [SSE2|AVX|AVX2|AVX512]
Thread count: 40 physical cores, 40 logical processors, using up to 1 threads

Non-default parameters:
TimeLimit  7.5661181646566838e+03
Method  1
BarHomogeneous  1
Threads  1

Optimize a model with 841 rows, 234697 columns and 6271867 nonzeros
Coefficient statistics:
  Matrix range     [1e+00, 1e+00]
  Objective range  [1e+05, 5e+05]
  Bounds range     [0e+00, 0e+00]
  RHS range        [1e+00, 1e+00]
LP warm-start: use basis

Iteration    Objective       Primal Inf.    Dual Inf.      Time
       0   -2.9635213e+31   1.112178e+34   2.963521e+01      1s
     344   -2.7620732e+30   1.649749e+33   2.762073e+00      5s
     656   -3.8117301e+29   8.499518e+32   3.811726e-01     10s
    1083    3.4014679e+06   4.166979e+03   0.000000e+00     16s
    1431    3.4014685e+06   3.557262e+03   0.000000e+00     22s
    1662    3.4014687e+06   9.738589e+02   0.000000e+00     25s
    2015    3.4014688e+06   6.014226e+02   0.000000e+00     31s
    2361    3.4014689e+06   2.361834e+02   0.000000e+00     36s
    2713    3.4014689e+06   1.311435e+02   0.000000e+00     41s
    3063    3.4014690e+06   4.727420e+02   0.000000e+00     47s
    3291    3.4014690e+06   6.241479e+01   0.000000e+00     50s
    3640    3.4014690e+06   1.978825e+01   0.000000e+00     55s
    3983    3.4014690e+06   5.963504e+01   0.000000e+00     61s
    4335    3.4014690e+06   3.251390e+02   0.000000e+00     66s
    4684    3.4014691e+06   2.829209e+00   0.000000e+00     71s
    4951    3.4014691e+06   0.000000e+00   0.000000e+00     75s

Solved in 4951 iterations and 75.46 seconds (104.51 work units)
Optimal objective  3.401469054e+06
Set parameter TimeLimit to value 7.4643432280989364e+03
Set parameter Method to value 1
Gurobi Optimizer version 12.0.3 build v12.0.3rc0 (linux64 - "Ubuntu 24.04.4 LTS")

CPU model: Intel(R) Xeon(R) Gold 5218R CPU @ 2.10GHz, instruction set [SSE2|AVX|AVX2|AVX512]
Thread count: 40 physical cores, 40 logical processors, using up to 1 threads

Non-default parameters:
TimeLimit  7.4643432280989364e+03
Method  1
BarHomogeneous  1
Threads  1

Optimize a model with 841 rows, 234727 columns and 6272880 nonzeros
Coefficient statistics:
  Matrix range     [1e+00, 1e+00]
  Objective range  [1e+05, 5e+05]
  Bounds range     [0e+00, 0e+00]
  RHS range        [1e+00, 1e+00]
LP warm-start: use basis

Iteration    Objective       Primal Inf.    Dual Inf.      Time
       0   -2.7956517e+31   2.139426e+34   2.795652e+01      1s
     298   -9.7259074e+29   2.479412e+33   9.725907e-01      5s
     695    3.7766012e+22   2.000000e+30   0.000000e+00     11s
    1044    3.4014685e+06   4.643256e+02   0.000000e+00     17s
    1274    3.4014687e+06   3.342628e+02   0.000000e+00     20s
    1615    3.4014688e+06   1.881753e+02   0.000000e+00     25s
    1949    3.4014689e+06   8.499251e+02   0.000000e+00     30s
    2289    3.4014689e+06   1.412514e+02   0.000000e+00     36s
    2625    3.4014689e+06   2.174559e+02   0.000000e+00     41s
    2966    3.4014689e+06   2.911802e+01   0.000000e+00     46s
    3307    3.4014689e+06   1.174866e+01   0.000000e+00     51s
    3653    3.4014689e+06   1.547659e+00   0.000000e+00     57s
    3852    3.4014689e+06   0.000000e+00   0.000000e+00     60s

Solved in 3852 iterations and 60.04 seconds (82.78 work units)
Optimal objective  3.401468944e+06
Set parameter TimeLimit to value 7377.73714936804
Set parameter Method to value 1
Gurobi Optimizer version 12.0.3 build v12.0.3rc0 (linux64 - "Ubuntu 24.04.4 LTS")

CPU model: Intel(R) Xeon(R) Gold 5218R CPU @ 2.10GHz, instruction set [SSE2|AVX|AVX2|AVX512]
Thread count: 40 physical cores, 40 logical processors, using up to 1 threads

Non-default parameters:
TimeLimit  7377.73714936804
Method  1
BarHomogeneous  1
Threads  1

Optimize a model with 841 rows, 234757 columns and 6273786 nonzeros
Coefficient statistics:
  Matrix range     [1e+00, 1e+00]
  Objective range  [1e+05, 5e+05]
  Bounds range     [0e+00, 0e+00]
  RHS range        [1e+00, 1e+00]
LP warm-start: use basis

Iteration    Objective       Primal Inf.    Dual Inf.      Time
       0   -2.3798183e+31   5.787757e+33   2.379818e+01      0s
     353   -2.8888710e+30   2.079093e+33   2.888871e+00      5s
     671   -7.0494496e+29   9.206294e+32   7.049450e-01     10s
    1098   -1.6212870e+28   2.082276e+32   1.621287e-02     16s
    1445    3.4014686e+06   7.090800e+02   0.000000e+00     22s
    1677    3.4014687e+06   2.551589e+03   0.000000e+00     25s
    2027    3.4014687e+06   1.369542e+02   0.000000e+00     30s
    2380    3.4014688e+06   3.203501e+02   0.000000e+00     36s
    2722    3.4014688e+06   1.979175e+02   0.000000e+00     41s
    3069    3.4014688e+06   8.872698e+01   0.000000e+00     47s
    3303    3.4014688e+06   7.751512e+01   0.000000e+00     50s
    3649    3.4014689e+06   3.042034e+01   0.000000e+00     56s
    3997    3.4014689e+06   5.589438e+01   0.000000e+00     61s
    4342    3.4014689e+06   7.984768e+00   0.000000e+00     66s
    4535    3.4014689e+06   0.000000e+00   0.000000e+00     69s

Solved in 4535 iterations and 69.21 seconds (95.07 work units)
Optimal objective  3.401468874e+06
Set parameter TimeLimit to value 7.2819542221929878e+03
Set parameter Method to value 1
Gurobi Optimizer version 12.0.3 build v12.0.3rc0 (linux64 - "Ubuntu 24.04.4 LTS")

CPU model: Intel(R) Xeon(R) Gold 5218R CPU @ 2.10GHz, instruction set [SSE2|AVX|AVX2|AVX512]
Thread count: 40 physical cores, 40 logical processors, using up to 1 threads

Non-default parameters:
TimeLimit  7.2819542221929878e+03
Method  1
BarHomogeneous  1
Threads  1

Optimize a model with 841 rows, 234787 columns and 6274606 nonzeros
Coefficient statistics:
  Matrix range     [1e+00, 1e+00]
  Objective range  [1e+05, 5e+05]
  Bounds range     [0e+00, 0e+00]
  RHS range        [1e+00, 1e+00]
LP warm-start: use basis

Iteration    Objective       Primal Inf.    Dual Inf.      Time
       0   -2.4391097e+31   5.441204e+33   2.439110e+01      1s
     340   -1.1307874e+30   1.525725e+33   1.130787e+00      5s
     651   -6.0696027e+28   1.336591e+33   6.069603e-02     10s
     961    3.4014685e+06   2.270200e+02   0.000000e+00     15s
    1301    3.4014686e+06   1.593266e+02   0.000000e+00     20s
    1648    3.4014687e+06   4.928594e+01   0.000000e+00     26s
    1995    3.4014687e+06   1.466147e+02   0.000000e+00     31s
    2341    3.4014688e+06   3.061516e+02   0.000000e+00     36s
    2686    3.4014688e+06   9.271691e+01   0.000000e+00     42s
    2916    3.4014688e+06   1.133311e+02   0.000000e+00     45s
    3258    3.4014688e+06   1.629456e+01   0.000000e+00     50s
    3610    3.4014688e+06   1.482820e+01   0.000000e+00     56s
    3888    3.4014688e+06   0.000000e+00   0.000000e+00     60s

Solved in 3888 iterations and 60.15 seconds (82.33 work units)
Optimal objective  3.401468817e+06
Set parameter TimeLimit to value 7.1949001958314329e+03
Set parameter Method to value 1
Gurobi Optimizer version 12.0.3 build v12.0.3rc0 (linux64 - "Ubuntu 24.04.4 LTS")

CPU model: Intel(R) Xeon(R) Gold 5218R CPU @ 2.10GHz, instruction set [SSE2|AVX|AVX2|AVX512]
Thread count: 40 physical cores, 40 logical processors, using up to 1 threads

Non-default parameters:
TimeLimit  7.1949001958314329e+03
Method  1
BarHomogeneous  1
Threads  1

Optimize a model with 841 rows, 234817 columns and 6275347 nonzeros
Coefficient statistics:
  Matrix range     [1e+00, 1e+00]
  Objective range  [1e+05, 5e+05]
  Bounds range     [0e+00, 0e+00]
  RHS range        [1e+00, 1e+00]
LP warm-start: use basis

Iteration    Objective       Primal Inf.    Dual Inf.      Time
       0   -2.4798702e+31   5.970255e+33   2.479870e+01      1s
     341   -7.5494823e+29   5.872447e+32   7.549482e-01      5s
     653   -4.9676879e+27   3.631517e+32   4.967695e-03     10s
    1000    3.4014682e+06   9.162624e+03   0.000000e+00     16s
    1345    3.4014685e+06   8.939110e+02   0.000000e+00     21s
    1687    3.4014686e+06   2.827493e+02   0.000000e+00     26s
    2035    3.4014687e+06   6.897384e+02   0.000000e+00     31s
    2391    3.4014687e+06   5.801818e+01   0.000000e+00     37s
    2625    3.4014687e+06   9.051183e+01   0.000000e+00     41s
    2966    3.4014687e+06   3.206232e+01   0.000000e+00     46s
    3320    3.4014687e+06   1.013764e+01   0.000000e+00     51s
    3677    3.4014687e+06   7.789327e-03   0.000000e+00     57s
    3692    3.4014687e+06   0.000000e+00   0.000000e+00     57s

Solved in 3692 iterations and 56.99 seconds (78.21 work units)
Optimal objective  3.401468746e+06
Set parameter TimeLimit to value 7.1112335844608024e+03
Set parameter Method to value 1
Gurobi Optimizer version 12.0.3 build v12.0.3rc0 (linux64 - "Ubuntu 24.04.4 LTS")

CPU model: Intel(R) Xeon(R) Gold 5218R CPU @ 2.10GHz, instruction set [SSE2|AVX|AVX2|AVX512]
Thread count: 40 physical cores, 40 logical processors, using up to 1 threads

Non-default parameters:
TimeLimit  7.1112335844608024e+03
Method  1
BarHomogeneous  1
Threads  1

Optimize a model with 841 rows, 234847 columns and 6275960 nonzeros
Coefficient statistics:
  Matrix range     [1e+00, 1e+00]
  Objective range  [1e+05, 5e+05]
  Bounds range     [0e+00, 0e+00]
  RHS range        [1e+00, 1e+00]
LP warm-start: use basis

Iteration    Objective       Primal Inf.    Dual Inf.      Time
       0   -2.8869138e+31   3.238901e+34   2.886914e+01      1s
     334   -5.8791364e+28   7.560420e+32   5.879138e-02      5s
     725    3.4014686e+06   1.340931e+03   0.000000e+00     11s
     958    3.4014687e+06   1.905137e+02   0.000000e+00     15s
    1308    3.4014687e+06   3.274744e+01   0.000000e+00     21s
    1651    3.4014687e+06   3.992170e+00   0.000000e+00     26s
    1998    3.4014687e+06   1.150663e+01   0.000000e+00     31s
    2349    3.4014687e+06   1.797193e+00   0.000000e+00     37s
    2468    3.4014687e+06   0.000000e+00   0.000000e+00     39s

Solved in 2468 iterations and 38.66 seconds (52.48 work units)
Optimal objective  3.401468709e+06
Set parameter TimeLimit to value 7.0461658309502527e+03
Set parameter Method to value 1
Gurobi Optimizer version 12.0.3 build v12.0.3rc0 (linux64 - "Ubuntu 24.04.4 LTS")

CPU model: Intel(R) Xeon(R) Gold 5218R CPU @ 2.10GHz, instruction set [SSE2|AVX|AVX2|AVX512]
Thread count: 40 physical cores, 40 logical processors, using up to 1 threads

Non-default parameters:
TimeLimit  7.0461658309502527e+03
Method  1
BarHomogeneous  1
Threads  1

Optimize a model with 841 rows, 234877 columns and 6276500 nonzeros
Coefficient statistics:
  Matrix range     [1e+00, 1e+00]
  Objective range  [1e+05, 5e+05]
  Bounds range     [0e+00, 0e+00]
  RHS range        [1e+00, 1e+00]
LP warm-start: use basis

Iteration    Objective       Primal Inf.    Dual Inf.      Time
       0   -2.5984180e+31   1.029205e+34   2.598418e+01      0s
     347   -1.4107289e+30   1.384758e+33   1.410729e+00      5s
     660   -1.8170168e+27   1.764741e+32   1.817026e-03     10s
    1011    3.4014683e+06   4.560755e+02   0.000000e+00     16s
    1354    3.4014684e+06   1.429712e+03   0.000000e+00     21s
    1700    3.4014685e+06   1.204248e+02   0.000000e+00     27s
    1933    3.4014685e+06   5.278774e+02   0.000000e+00     30s
    2284    3.4014686e+06   3.089223e+02   0.000000e+00     36s
    2628    3.4014686e+06   1.306889e+02   0.000000e+00     41s
    2972    3.4014686e+06   1.087977e+02   0.000000e+00     46s
    3202    3.4014686e+06   6.635130e+01   0.000000e+00     50s
    3547    3.4014686e+06   1.018886e+01   0.000000e+00     55s
    3898    3.4014686e+06   5.739754e-01   0.000000e+00     61s
    4059    3.4014686e+06   0.000000e+00   0.000000e+00     63s

Solved in 4059 iterations and 63.50 seconds (86.61 work units)
Optimal objective  3.401468631e+06
Set parameter TimeLimit to value 6.9557083396059461e+03
Set parameter Method to value 1
Gurobi Optimizer version 12.0.3 build v12.0.3rc0 (linux64 - "Ubuntu 24.04.4 LTS")

CPU model: Intel(R) Xeon(R) Gold 5218R CPU @ 2.10GHz, instruction set [SSE2|AVX|AVX2|AVX512]
Thread count: 40 physical cores, 40 logical processors, using up to 1 threads

Non-default parameters:
TimeLimit  6.9557083396059461e+03
Method  1
BarHomogeneous  1
Threads  1

Optimize a model with 841 rows, 234907 columns and 6277197 nonzeros
Coefficient statistics:
  Matrix range     [1e+00, 1e+00]
  Objective range  [1e+05, 5e+05]
  Bounds range     [0e+00, 0e+00]
  RHS range        [1e+00, 1e+00]
LP warm-start: use basis

Iteration    Objective       Primal Inf.    Dual Inf.      Time
       0   -2.4562329e+31   3.898628e+33   2.456233e+01      1s
     353   -6.2855975e+29   1.664695e+33   6.285598e-01      5s
     670   -2.4681653e+27   1.305908e+33   2.468113e-03     10s
    1001    3.4014683e+06   2.508036e+03   0.000000e+00     15s
    1349    3.4014684e+06   5.440934e+02   0.000000e+00     21s
    1697    3.4014685e+06   1.612853e+02   0.000000e+00     26s
    2048    3.4014685e+06   4.573490e+01   0.000000e+00     32s
    2280    3.4014685e+06   7.822368e+01   0.000000e+00     35s
    2629    3.4014686e+06   1.106870e+02   0.000000e+00     41s
    2975    3.4014686e+06   7.036790e+01   0.000000e+00     46s
    3329    3.4014686e+06   1.278832e+01   0.000000e+00     51s
    3563    3.4014686e+06   1.998301e+00   0.000000e+00     55s
    3755    3.4014686e+06   0.000000e+00   0.000000e+00     58s

Solved in 3755 iterations and 58.32 seconds (79.48 work units)
Optimal objective  3.401468575e+06
Set parameter TimeLimit to value 6.8707010158523917e+03
Set parameter Method to value 1
Gurobi Optimizer version 12.0.3 build v12.0.3rc0 (linux64 - "Ubuntu 24.04.4 LTS")

CPU model: Intel(R) Xeon(R) Gold 5218R CPU @ 2.10GHz, instruction set [SSE2|AVX|AVX2|AVX512]
Thread count: 40 physical cores, 40 logical processors, using up to 1 threads

Non-default parameters:
TimeLimit  6.8707010158523917e+03
Method  1
BarHomogeneous  1
Threads  1

Optimize a model with 841 rows, 234937 columns and 6277849 nonzeros
Coefficient statistics:
  Matrix range     [1e+00, 1e+00]
  Objective range  [1e+05, 5e+05]
  Bounds range     [0e+00, 0e+00]
  RHS range        [1e+00, 1e+00]
LP warm-start: use basis

Iteration    Objective       Primal Inf.    Dual Inf.      Time
       0   -2.1497900e+31   7.196378e+33   2.149790e+01      0s
     388    3.4014684e+06   1.056364e+03   0.000000e+00      7s
     616    3.4014685e+06   2.924589e+02   0.000000e+00     10s
     957    3.4014685e+06   6.947089e+01   0.000000e+00     15s
    1310    3.4014685e+06   4.990470e+01   0.000000e+00     21s
    1659    3.4014686e+06   3.019733e+01   0.000000e+00     26s
    2007    3.4014686e+06   6.067659e+00   0.000000e+00     32s
    2203    3.4014686e+06   0.000000e+00   0.000000e+00     35s

Solved in 2203 iterations and 35.04 seconds (47.44 work units)
Optimal objective  3.401468563e+06
Set parameter TimeLimit to value 6.8093944363496266e+03
Set parameter Method to value 1
Gurobi Optimizer version 12.0.3 build v12.0.3rc0 (linux64 - "Ubuntu 24.04.4 LTS")

CPU model: Intel(R) Xeon(R) Gold 5218R CPU @ 2.10GHz, instruction set [SSE2|AVX|AVX2|AVX512]
Thread count: 40 physical cores, 40 logical processors, using up to 1 threads

Non-default parameters:
TimeLimit  6.8093944363496266e+03
Method  1
BarHomogeneous  1
Threads  1

Optimize a model with 841 rows, 234967 columns and 6278601 nonzeros
Coefficient statistics:
  Matrix range     [1e+00, 1e+00]
  Objective range  [1e+05, 5e+05]
  Bounds range     [0e+00, 0e+00]
  RHS range        [1e+00, 1e+00]
LP warm-start: use basis

Iteration    Objective       Primal Inf.    Dual Inf.      Time
       0   -2.0941270e+31   8.403554e+33   2.094127e+01      1s
     363   -3.4952753e+30   1.154788e+33   3.495275e+00      5s
     672   -4.4674995e+29   4.383122e+32   4.467481e-01     10s
    1103    3.4014676e+06   8.313717e+03   0.000000e+00     17s
    1335    3.4014679e+06   7.799640e+03   0.000000e+00     20s
    1679    3.4014682e+06   5.357009e+02   0.000000e+00     26s
    2019    3.4014683e+06   3.413627e+02   0.000000e+00     31s
    2359    3.4014683e+06   1.315883e+02   0.000000e+00     36s
    2592    3.4014684e+06   8.424954e+02   0.000000e+00     40s
    2938    3.4014684e+06   3.433670e+01   0.000000e+00     45s
    3283    3.4014684e+06   1.293901e+03   0.000000e+00     51s
    3631    3.4014684e+06   4.890768e+01   0.000000e+00     56s
    3984    3.4014684e+06   7.967106e+00   0.000000e+00     62s
    4219    3.4014684e+06   4.814124e+00   0.000000e+00     65s
    4415    3.4014684e+06   0.000000e+00   0.000000e+00     68s

Solved in 4415 iterations and 68.38 seconds (93.26 work units)
Optimal objective  3.401468443e+06
Set parameter TimeLimit to value 6.7141046824809164e+03
Set parameter Method to value 1
Gurobi Optimizer version 12.0.3 build v12.0.3rc0 (linux64 - "Ubuntu 24.04.4 LTS")

CPU model: Intel(R) Xeon(R) Gold 5218R CPU @ 2.10GHz, instruction set [SSE2|AVX|AVX2|AVX512]
Thread count: 40 physical cores, 40 logical processors, using up to 1 threads

Non-default parameters:
TimeLimit  6.7141046824809164e+03
Method  1
BarHomogeneous  1
Threads  1

Optimize a model with 841 rows, 234997 columns and 6279448 nonzeros
Coefficient statistics:
  Matrix range     [1e+00, 1e+00]
  Objective range  [1e+05, 5e+05]
  Bounds range     [0e+00, 0e+00]
  RHS range        [1e+00, 1e+00]
LP warm-start: use basis

Iteration    Objective       Primal Inf.    Dual Inf.      Time
       0   -1.9948641e+31   5.583591e+33   1.994864e+01      1s
     364   -4.8236102e+30   1.324551e+33   4.823610e+00      5s
     720   -1.0545096e+30   7.299748e+32   1.054510e+00     10s
    1036   -3.6577660e+29   1.219718e+33   3.657766e-01     15s
    1390   -5.4964859e+28   3.735169e+32   5.496488e-02     21s
    1747    3.4014677e+06   1.011503e+03   0.000000e+00     26s
    2094    3.4014680e+06   2.875171e+02   0.000000e+00     31s
    2446    3.4014681e+06   9.775933e+02   0.000000e+00     37s
    2679    3.4014681e+06   5.133827e+02   0.000000e+00     40s
    3034    3.4014682e+06   2.887135e+02   0.000000e+00     46s
    3389    3.4014682e+06   1.796531e+02   0.000000e+00     51s
    3739    3.4014682e+06   1.256752e+03   0.000000e+00     57s
    3972    3.4014683e+06   3.005682e+02   0.000000e+00     60s
    4322    3.4014683e+06   1.457442e+02   0.000000e+00     66s
    4667    3.4014683e+06   1.312072e+02   0.000000e+00     71s
    5017    3.4014683e+06   1.007328e+01   0.000000e+00     76s
    5367    3.4014683e+06   1.698813e+01   0.000000e+00     81s
    5605    3.4014683e+06   3.347316e+01   0.000000e+00     85s
    5957    3.4014683e+06   3.217338e+01   0.000000e+00     90s
    6311    3.4014683e+06   8.795067e+00   0.000000e+00     96s
    6427    3.4014683e+06   0.000000e+00   0.000000e+00     98s

Solved in 6427 iterations and 97.70 seconds (134.72 work units)
Optimal objective  3.401468332e+06
Set parameter TimeLimit to value 6.5900706574935466e+03
Set parameter Method to value 1
Gurobi Optimizer version 12.0.3 build v12.0.3rc0 (linux64 - "Ubuntu 24.04.4 LTS")

CPU model: Intel(R) Xeon(R) Gold 5218R CPU @ 2.10GHz, instruction set [SSE2|AVX|AVX2|AVX512]
Thread count: 40 physical cores, 40 logical processors, using up to 1 threads

Non-default parameters:
TimeLimit  6.5900706574935466e+03
Method  1
BarHomogeneous  1
Threads  1

Optimize a model with 841 rows, 235027 columns and 6280083 nonzeros
Coefficient statistics:
  Matrix range     [1e+00, 1e+00]
  Objective range  [1e+05, 5e+05]
  Bounds range     [0e+00, 0e+00]
  RHS range        [1e+00, 1e+00]
LP warm-start: use basis

Iteration    Objective       Primal Inf.    Dual Inf.      Time
       0   -2.0265116e+31   1.400516e+34   2.026512e+01      1s
     340   -2.3279194e+28   2.562355e+32   2.327921e-02      5s
     655    3.4014682e+06   1.778938e+03   0.000000e+00     10s
    1005    3.4014682e+06   7.819252e+01   0.000000e+00     16s
    1345    3.4014683e+06   2.377792e+01   0.000000e+00     21s
    1696    3.4014683e+06   2.076193e+01   0.000000e+00     27s
    1927    3.4014683e+06   7.781327e+01   0.000000e+00     30s
    2280    3.4014683e+06   9.894471e+00   0.000000e+00     36s
    2627    3.4014683e+06   1.453244e+00   0.000000e+00     41s
    2789    3.4014683e+06   0.000000e+00   0.000000e+00     44s

Solved in 2789 iterations and 43.52 seconds (59.72 work units)
Optimal objective  3.401468314e+06
Set parameter TimeLimit to value 6.5201326778768562e+03
Set parameter Method to value 1
Gurobi Optimizer version 12.0.3 build v12.0.3rc0 (linux64 - "Ubuntu 24.04.4 LTS")

CPU model: Intel(R) Xeon(R) Gold 5218R CPU @ 2.10GHz, instruction set [SSE2|AVX|AVX2|AVX512]
Thread count: 40 physical cores, 40 logical processors, using up to 1 threads

Non-default parameters:
TimeLimit  6.5201326778768562e+03
Method  1
BarHomogeneous  1
Threads  1

Optimize a model with 841 rows, 235057 columns and 6280914 nonzeros
Coefficient statistics:
  Matrix range     [1e+00, 1e+00]
  Objective range  [1e+05, 5e+05]
  Bounds range     [0e+00, 0e+00]
  RHS range        [1e+00, 1e+00]
LP warm-start: use basis

Iteration    Objective       Primal Inf.    Dual Inf.      Time
       0   -1.8283766e+31   4.797020e+34   1.828376e+01      0s
     360   -1.6349654e+30   3.469162e+33   1.634965e+00      5s
     712   -5.5625488e+28   3.302742e+32   5.562554e-02     10s
    1063    3.4014680e+06   1.911500e+03   0.000000e+00     16s
    1414    3.4014681e+06   1.597478e+02   0.000000e+00     21s
    1766    3.4014682e+06   2.610087e+02   0.000000e+00     27s
    2002    3.4014682e+06   8.227898e+01   0.000000e+00     30s
    2355    3.4014682e+06   4.468139e+01   0.000000e+00     36s
    2705    3.4014683e+06   8.946733e+01   0.000000e+00     41s
    3056    3.4014683e+06   1.536612e+02   0.000000e+00     47s
    3291    3.4014683e+06   8.550168e+01   0.000000e+00     50s
    3645    3.4014683e+06   9.896975e-01   0.000000e+00     56s
    3982    3.4014683e+06   0.000000e+00   0.000000e+00     61s

Solved in 3982 iterations and 60.89 seconds (83.44 work units)
Optimal objective  3.401468271e+06
Set parameter TimeLimit to value 6.4327800955004059e+03
Set parameter Method to value 1
Gurobi Optimizer version 12.0.3 build v12.0.3rc0 (linux64 - "Ubuntu 24.04.4 LTS")

CPU model: Intel(R) Xeon(R) Gold 5218R CPU @ 2.10GHz, instruction set [SSE2|AVX|AVX2|AVX512]
Thread count: 40 physical cores, 40 logical processors, using up to 1 threads

Non-default parameters:
TimeLimit  6.4327800955004059e+03
Method  1
BarHomogeneous  1
Threads  1

Optimize a model with 841 rows, 235087 columns and 6281926 nonzeros
Coefficient statistics:
  Matrix range     [1e+00, 1e+00]
  Objective range  [1e+05, 5e+05]
  Bounds range     [0e+00, 0e+00]
  RHS range        [1e+00, 1e+00]
LP warm-start: use basis

Iteration    Objective       Primal Inf.    Dual Inf.      Time
       0   -2.1089257e+31   2.312476e+34   2.108926e+01      1s
      46    3.4014683e+06   0.000000e+00   0.000000e+00      1s

Solved in 46 iterations and 1.18 seconds (1.34 work units)
Optimal objective  3.401468271e+06
Set parameter TimeLimit to value 6.4066798284649849e+03
Set parameter Method to value 1
Gurobi Optimizer version 12.0.3 build v12.0.3rc0 (linux64 - "Ubuntu 24.04.4 LTS")

CPU model: Intel(R) Xeon(R) Gold 5218R CPU @ 2.10GHz, instruction set [SSE2|AVX|AVX2|AVX512]
Thread count: 40 physical cores, 40 logical processors, using up to 1 threads

Non-default parameters:
TimeLimit  6.4066798284649849e+03
Method  1
BarHomogeneous  1
Threads  1

Optimize a model with 841 rows, 235117 columns and 6282864 nonzeros
Coefficient statistics:
  Matrix range     [1e+00, 1e+00]
  Objective range  [1e+05, 5e+05]
  Bounds range     [0e+00, 0e+00]
  RHS range        [1e+00, 1e+00]
LP warm-start: use basis

Iteration    Objective       Primal Inf.    Dual Inf.      Time
       0   -1.8956596e+31   3.362995e+34   1.895660e+01      0s
     346   -2.2541109e+29   2.117388e+33   2.254111e-01      5s
     665    3.4014681e+06   8.839548e+02   0.000000e+00     10s
    1021    3.4014682e+06   1.516059e+03   0.000000e+00     16s
    1375    3.4014682e+06   1.037234e+02   0.000000e+00     21s
    1724    3.4014682e+06   3.313627e+01   0.000000e+00     26s
    2074    3.4014683e+06   2.686075e+01   0.000000e+00     32s
    2311    3.4014683e+06   2.935791e+00   0.000000e+00     35s
    2646    3.4014683e+06   0.000000e+00   0.000000e+00     40s

Solved in 2646 iterations and 40.38 seconds (55.74 work units)
Optimal objective  3.401468260e+06
Set parameter TimeLimit to value 6.3394505029437132e+03
Set parameter Method to value 1
Gurobi Optimizer version 12.0.3 build v12.0.3rc0 (linux64 - "Ubuntu 24.04.4 LTS")

CPU model: Intel(R) Xeon(R) Gold 5218R CPU @ 2.10GHz, instruction set [SSE2|AVX|AVX2|AVX512]
Thread count: 40 physical cores, 40 logical processors, using up to 1 threads

Non-default parameters:
TimeLimit  6.3394505029437132e+03
Method  1
BarHomogeneous  1
Threads  1

Optimize a model with 841 rows, 235147 columns and 6283308 nonzeros
Coefficient statistics:
  Matrix range     [1e+00, 1e+00]
  Objective range  [1e+05, 5e+05]
  Bounds range     [0e+00, 0e+00]
  RHS range        [1e+00, 1e+00]
LP warm-start: use basis

Iteration    Objective       Primal Inf.    Dual Inf.      Time
       0   -2.8208392e+31   1.925696e+34   2.820839e+01      1s
      71    3.4014683e+06   0.000000e+00   0.000000e+00      2s

Solved in 71 iterations and 1.68 seconds (1.99 work units)
Optimal objective  3.401468260e+06
Set parameter TimeLimit to value 6.3142059167632833e+03
Set parameter Method to value 1
Gurobi Optimizer version 12.0.3 build v12.0.3rc0 (linux64 - "Ubuntu 24.04.4 LTS")

CPU model: Intel(R) Xeon(R) Gold 5218R CPU @ 2.10GHz, instruction set [SSE2|AVX|AVX2|AVX512]
Thread count: 40 physical cores, 40 logical processors, using up to 1 threads

Non-default parameters:
TimeLimit  6.3142059167632833e+03
Method  1
BarHomogeneous  1
Threads  1

Optimize a model with 841 rows, 235177 columns and 6284227 nonzeros
Coefficient statistics:
  Matrix range     [1e+00, 1e+00]
  Objective range  [1e+05, 5e+05]
  Bounds range     [0e+00, 0e+00]
  RHS range        [1e+00, 1e+00]
LP warm-start: use basis

Iteration    Objective       Primal Inf.    Dual Inf.      Time
       0   -1.6361829e+31   7.133583e+33   1.636183e+01      1s
     346   -7.9729895e+29   2.861930e+33   7.972990e-01      5s
     654   -8.3181587e+28   1.788205e+33   8.318154e-02     10s
    1009    3.4014678e+06   2.465387e+03   0.000000e+00     15s
    1366    3.4014680e+06   7.906435e+02   0.000000e+00     21s
    1715    3.4014681e+06   1.158361e+02   0.000000e+00     26s
    2068    3.4014681e+06   4.470787e+02   0.000000e+00     31s
    2305    3.4014682e+06   8.102319e+01   0.000000e+00     35s
    2660    3.4014682e+06   9.939386e+01   0.000000e+00     40s
    3015    3.4014682e+06   3.040108e+01   0.000000e+00     46s
    3368    3.4014682e+06   9.447720e+01   0.000000e+00     51s
    3721    3.4014682e+06   1.622746e+01   0.000000e+00     57s
    3869    3.4014682e+06   0.000000e+00   0.000000e+00     59s

Solved in 3869 iterations and 58.89 seconds (81.96 work units)
Optimal objective  3.401468207e+06
Set parameter TimeLimit to value 6.2290027029830962e+03
Set parameter Method to value 1
Gurobi Optimizer version 12.0.3 build v12.0.3rc0 (linux64 - "Ubuntu 24.04.4 LTS")

CPU model: Intel(R) Xeon(R) Gold 5218R CPU @ 2.10GHz, instruction set [SSE2|AVX|AVX2|AVX512]
Thread count: 40 physical cores, 40 logical processors, using up to 1 threads

Non-default parameters:
TimeLimit  6.2290027029830962e+03
Method  1
BarHomogeneous  1
Threads  1

Optimize a model with 841 rows, 235207 columns and 6285221 nonzeros
Coefficient statistics:
  Matrix range     [1e+00, 1e+00]
  Objective range  [1e+05, 5e+05]
  Bounds range     [0e+00, 0e+00]
  RHS range        [1e+00, 1e+00]
LP warm-start: use basis

Iteration    Objective       Primal Inf.    Dual Inf.      Time
       0   -1.7382769e+31   1.054703e+34   1.738277e+01      1s
     341   -3.4756167e+30   1.593931e+33   3.475617e+00      5s
     697   -8.8793364e+29   1.299861e+33   8.879335e-01     10s
    1085   -8.5862270e+28   4.451269e+33   8.586205e-02     16s
    1436    3.4014677e+06   1.538747e+03   0.000000e+00     22s
    1666    3.4014678e+06   4.757717e+02   0.000000e+00     25s
    2010    3.4014679e+06   1.952660e+03   0.000000e+00     30s
    2357    3.4014680e+06   1.053471e+03   0.000000e+00     36s
    2703    3.4014680e+06   1.709945e+02   0.000000e+00     41s
    3056    3.4014681e+06   8.400867e+02   0.000000e+00     46s
    3400    3.4014681e+06   7.098722e+01   0.000000e+00     52s
    3629    3.4014681e+06   6.816934e+02   0.000000e+00     55s
    3976    3.4014681e+06   9.204262e+01   0.000000e+00     61s
    4320    3.4014681e+06   3.266279e+01   0.000000e+00     66s
    4664    3.4014681e+06   1.130493e+01   0.000000e+00     71s
    5012    3.4014682e+06   1.699046e+00   0.000000e+00     77s
    5142    3.4014682e+06   0.000000e+00   0.000000e+00     79s

Solved in 5142 iterations and 78.69 seconds (109.06 work units)
Optimal objective  3.401468151e+06
Set parameter TimeLimit to value 6.1242212925110944e+03
Set parameter Method to value 1
Gurobi Optimizer version 12.0.3 build v12.0.3rc0 (linux64 - "Ubuntu 24.04.4 LTS")

CPU model: Intel(R) Xeon(R) Gold 5218R CPU @ 2.10GHz, instruction set [SSE2|AVX|AVX2|AVX512]
Thread count: 40 physical cores, 40 logical processors, using up to 1 threads

Non-default parameters:
TimeLimit  6.1242212925110944e+03
Method  1
BarHomogeneous  1
Threads  1

Optimize a model with 841 rows, 235237 columns and 6285991 nonzeros
Coefficient statistics:
  Matrix range     [1e+00, 1e+00]
  Objective range  [1e+05, 5e+05]
  Bounds range     [0e+00, 0e+00]
  RHS range        [1e+00, 1e+00]
LP warm-start: use basis

Iteration    Objective       Primal Inf.    Dual Inf.      Time
       0   -1.9046912e+31   1.751135e+34   1.904691e+01      0s
     360   -6.1653890e+29   5.399774e+32   6.165389e-01      6s
     674   -2.6096212e+29   5.525306e+32   2.609622e-01     10s
    1027    3.4014676e+06   2.857024e+03   0.000000e+00     16s
    1376    3.4014678e+06   2.477688e+03   0.000000e+00     21s
    1724    3.4014679e+06   4.423746e+02   0.000000e+00     27s
    1959    3.4014680e+06   2.058516e+02   0.000000e+00     30s
    2311    3.4014680e+06   1.908949e+02   0.000000e+00     36s
    2661    3.4014680e+06   8.302739e+01   0.000000e+00     41s
    3008    3.4014681e+06   2.425350e+01   0.000000e+00     46s
    3356    3.4014681e+06   3.028885e+01   0.000000e+00     52s
    3588    3.4014681e+06   4.263919e+01   0.000000e+00     55s
    3940    3.4014681e+06   1.306534e+01   0.000000e+00     61s
    4294    3.4014681e+06   1.359035e+01   0.000000e+00     66s
    4649    3.4014681e+06   1.716376e+00   0.000000e+00     72s
    4770    3.4014681e+06   0.000000e+00   0.000000e+00     74s

Solved in 4770 iterations and 73.59 seconds (100.98 work units)
Optimal objective  3.401468088e+06
Set parameter TimeLimit to value 6.0240155247938819e+03
Set parameter Method to value 1
Gurobi Optimizer version 12.0.3 build v12.0.3rc0 (linux64 - "Ubuntu 24.04.4 LTS")

CPU model: Intel(R) Xeon(R) Gold 5218R CPU @ 2.10GHz, instruction set [SSE2|AVX|AVX2|AVX512]
Thread count: 40 physical cores, 40 logical processors, using up to 1 threads

Non-default parameters:
TimeLimit  6.0240155247938819e+03
Method  1
BarHomogeneous  1
Threads  1

Optimize a model with 841 rows, 235267 columns and 6286957 nonzeros
Coefficient statistics:
  Matrix range     [1e+00, 1e+00]
  Objective range  [1e+05, 5e+05]
  Bounds range     [0e+00, 0e+00]
  RHS range        [1e+00, 1e+00]
LP warm-start: use basis

Iteration    Objective       Primal Inf.    Dual Inf.      Time
       0   -1.9073417e+31   1.250946e+34   1.907342e+01      1s
     390    3.4014680e+06   1.562709e+03   0.000000e+00      6s
     745    3.4014681e+06   4.479922e+02   0.000000e+00     12s
     980    3.4014681e+06   1.947117e+01   0.000000e+00     15s
    1332    3.4014681e+06   9.300582e+00   0.000000e+00     20s
    1684    3.4014681e+06   7.587455e-01   0.000000e+00     26s
    1932    3.4014681e+06   0.000000e+00   0.000000e+00     30s

Solved in 1932 iterations and 29.72 seconds (40.82 work units)
Optimal objective  3.401468082e+06
Set parameter TimeLimit to value 5.9662157468232326e+03
Set parameter Method to value 1
Gurobi Optimizer version 12.0.3 build v12.0.3rc0 (linux64 - "Ubuntu 24.04.4 LTS")

CPU model: Intel(R) Xeon(R) Gold 5218R CPU @ 2.10GHz, instruction set [SSE2|AVX|AVX2|AVX512]
Thread count: 40 physical cores, 40 logical processors, using up to 1 threads

Non-default parameters:
TimeLimit  5.9662157468232326e+03
Method  1
BarHomogeneous  1
Threads  1

Optimize a model with 841 rows, 235297 columns and 6287948 nonzeros
Coefficient statistics:
  Matrix range     [1e+00, 1e+00]
  Objective range  [1e+05, 5e+05]
  Bounds range     [0e+00, 0e+00]
  RHS range        [1e+00, 1e+00]
LP warm-start: use basis

Iteration    Objective       Primal Inf.    Dual Inf.      Time
       0   -1.7056614e+31   7.444063e+33   1.705661e+01      1s
     341   -7.3211385e+29   7.045818e+32   7.321138e-01      5s
     669   -6.0649007e+28   1.735395e+33   6.064901e-02     10s
     988    3.4014678e+06   4.836774e+02   0.000000e+00     15s
    1339    3.4014680e+06   1.786977e+02   0.000000e+00     20s
    1682    3.4014680e+06   2.104117e+02   0.000000e+00     26s
    2036    3.4014680e+06   5.665683e+01   0.000000e+00     31s
    2385    3.4014680e+06   1.138667e+03   0.000000e+00     36s
    2732    3.4014680e+06   3.567667e+01   0.000000e+00     42s
    2962    3.4014681e+06   5.784218e+01   0.000000e+00     45s
    3313    3.4014681e+06   2.608778e+02   0.000000e+00     50s
    3652    3.4014681e+06   0.000000e+00   0.000000e+00     56s

Solved in 3652 iterations and 55.71 seconds (77.47 work units)
Optimal objective  3.401468057e+06
Set parameter TimeLimit to value 5.8842625408996828e+03
Set parameter Method to value 1
Gurobi Optimizer version 12.0.3 build v12.0.3rc0 (linux64 - "Ubuntu 24.04.4 LTS")

CPU model: Intel(R) Xeon(R) Gold 5218R CPU @ 2.10GHz, instruction set [SSE2|AVX|AVX2|AVX512]
Thread count: 40 physical cores, 40 logical processors, using up to 1 threads

Non-default parameters:
TimeLimit  5.8842625408996828e+03
Method  1
BarHomogeneous  1
Threads  1

Optimize a model with 841 rows, 235327 columns and 6288852 nonzeros
Coefficient statistics:
  Matrix range     [1e+00, 1e+00]
  Objective range  [1e+05, 5e+05]
  Bounds range     [0e+00, 0e+00]
  RHS range        [1e+00, 1e+00]
LP warm-start: use basis

Iteration    Objective       Primal Inf.    Dual Inf.      Time
       0   -1.7039178e+31   1.408732e+34   1.703918e+01      1s
     355   -5.8690374e+29   2.343081e+33   5.869037e-01      5s
     673   -4.5307649e+28   2.001817e+33   4.530761e-02     10s
    1028    3.4014679e+06   1.266322e+03   0.000000e+00     15s
    1375    3.4014680e+06   2.510476e+02   0.000000e+00     21s
    1721    3.4014680e+06   2.610700e+01   0.000000e+00     26s
    2066    3.4014680e+06   1.080770e+02   0.000000e+00     31s
    2421    3.4014680e+06   1.532228e+01   0.000000e+00     36s
    2655    3.4014680e+06   1.624720e+02   0.000000e+00     40s
    3004    3.4014680e+06   3.095153e+00   0.000000e+00     45s
    3359    3.4014680e+06   2.559342e+00   0.000000e+00     51s
    3438    3.4014680e+06   0.000000e+00   0.000000e+00     52s

Solved in 3438 iterations and 51.92 seconds (72.53 work units)
Optimal objective  3.401468036e+06
Set parameter TimeLimit to value 5.8059076942051761e+03
Set parameter Method to value 1
Gurobi Optimizer version 12.0.3 build v12.0.3rc0 (linux64 - "Ubuntu 24.04.4 LTS")

CPU model: Intel(R) Xeon(R) Gold 5218R CPU @ 2.10GHz, instruction set [SSE2|AVX|AVX2|AVX512]
Thread count: 40 physical cores, 40 logical processors, using up to 1 threads

Non-default parameters:
TimeLimit  5.8059076942051761e+03
Method  1
BarHomogeneous  1
Threads  1

Optimize a model with 841 rows, 235357 columns and 6289768 nonzeros
Coefficient statistics:
  Matrix range     [1e+00, 1e+00]
  Objective range  [1e+05, 5e+05]
  Bounds range     [0e+00, 0e+00]
  RHS range        [1e+00, 1e+00]
LP warm-start: use basis

Iteration    Objective       Primal Inf.    Dual Inf.      Time
       0   -1.6716381e+31   1.048603e+34   1.671638e+01      1s
     375    3.4014680e+06   1.513267e+02   0.000000e+00      6s
     724    3.4014680e+06   7.655503e+01   0.000000e+00     12s
     954    3.4014680e+06   5.107620e+00   0.000000e+00     15s
    1243    3.4014680e+06   0.000000e+00   0.000000e+00     20s

Solved in 1243 iterations and 19.58 seconds (26.87 work units)
Optimal objective  3.401468036e+06
Set parameter TimeLimit to value 5.7600421627117321e+03
Set parameter Method to value 1
Gurobi Optimizer version 12.0.3 build v12.0.3rc0 (linux64 - "Ubuntu 24.04.4 LTS")

CPU model: Intel(R) Xeon(R) Gold 5218R CPU @ 2.10GHz, instruction set [SSE2|AVX|AVX2|AVX512]
Thread count: 40 physical cores, 40 logical processors, using up to 1 threads

Non-default parameters:
TimeLimit  5.7600421627117321e+03
Method  1
BarHomogeneous  1
Threads  1

Optimize a model with 841 rows, 235387 columns and 6290766 nonzeros
Coefficient statistics:
  Matrix range     [1e+00, 1e+00]
  Objective range  [1e+05, 5e+05]
  Bounds range     [0e+00, 0e+00]
  RHS range        [1e+00, 1e+00]
LP warm-start: use basis

Iteration    Objective       Primal Inf.    Dual Inf.      Time
       0   -1.5032800e+31   1.817386e+34   1.503280e+01      1s
     350   -1.4155085e+30   1.333176e+33   1.415509e+00      5s
     667   -2.5894399e+29   1.139355e+33   2.589440e-01     10s
    1019   -4.4563821e+28   2.600248e+33   4.456421e-02     15s
    1371   -3.2331367e+27   1.795528e+32   3.233150e-03     21s
    1723    3.4014678e+06   1.100801e+03   0.000000e+00     26s
    2065    3.4014678e+06   5.570535e+02   0.000000e+00     31s
    2406    3.4014679e+06   3.759672e+02   0.000000e+00     36s
    2760    3.4014679e+06   1.261388e+02   0.000000e+00     42s
    2989    3.4014679e+06   2.754761e+02   0.000000e+00     45s
    3338    3.4014680e+06   1.787633e+02   0.000000e+00     51s
    3684    3.4014680e+06   4.415815e+01   0.000000e+00     56s
    4038    3.4014680e+06   3.574194e+01   0.000000e+00     61s
    4389    3.4014680e+06   3.421600e+01   0.000000e+00     66s
    4621    3.4014680e+06   8.607982e+01   0.000000e+00     70s
    4971    3.4014680e+06   5.045724e+01   0.000000e+00     75s
    5326    3.4014680e+06   1.073240e+01   0.000000e+00     81s
    5563    3.4014680e+06   0.000000e+00   0.000000e+00     84s

Solved in 5563 iterations and 84.45 seconds (117.74 work units)
Optimal objective  3.401468006e+06
Set parameter TimeLimit to value 5.6491857721796259e+03
Set parameter Method to value 1
Gurobi Optimizer version 12.0.3 build v12.0.3rc0 (linux64 - "Ubuntu 24.04.4 LTS")

CPU model: Intel(R) Xeon(R) Gold 5218R CPU @ 2.10GHz, instruction set [SSE2|AVX|AVX2|AVX512]
Thread count: 40 physical cores, 40 logical processors, using up to 1 threads

Non-default parameters:
TimeLimit  5.6491857721796259e+03
Method  1
BarHomogeneous  1
Threads  1

Optimize a model with 841 rows, 235417 columns and 6291446 nonzeros
Coefficient statistics:
  Matrix range     [1e+00, 1e+00]
  Objective range  [1e+05, 5e+05]
  Bounds range     [0e+00, 0e+00]
  RHS range        [1e+00, 1e+00]
LP warm-start: use basis

Iteration    Objective       Primal Inf.    Dual Inf.      Time
       0   -2.6801722e+31   7.671207e+34   2.680172e+01      1s
       1    3.4014680e+06   0.000000e+00   0.000000e+00      1s

Solved in 1 iterations and 0.59 seconds (0.50 work units)
Optimal objective  3.401468006e+06
Set parameter TimeLimit to value 5.6245212015141733e+03
Set parameter Method to value 1
Gurobi Optimizer version 12.0.3 build v12.0.3rc0 (linux64 - "Ubuntu 24.04.4 LTS")

CPU model: Intel(R) Xeon(R) Gold 5218R CPU @ 2.10GHz, instruction set [SSE2|AVX|AVX2|AVX512]
Thread count: 40 physical cores, 40 logical processors, using up to 1 threads

Non-default parameters:
TimeLimit  5.6245212015141733e+03
Method  1
BarHomogeneous  1
Threads  1

Optimize a model with 841 rows, 235447 columns and 6292444 nonzeros
Coefficient statistics:
  Matrix range     [1e+00, 1e+00]
  Objective range  [1e+05, 5e+05]
  Bounds range     [0e+00, 0e+00]
  RHS range        [1e+00, 1e+00]
LP warm-start: use basis

Iteration    Objective       Primal Inf.    Dual Inf.      Time
       0   -1.4579014e+31   1.760439e+34   1.457901e+01      0s
      83    3.4014680e+06   0.000000e+00   0.000000e+00      2s

Solved in 83 iterations and 1.81 seconds (2.23 work units)
Optimal objective  3.401468006e+06
Set parameter TimeLimit to value 5.5992829963183030e+03
Set parameter Method to value 1
Gurobi Optimizer version 12.0.3 build v12.0.3rc0 (linux64 - "Ubuntu 24.04.4 LTS")

CPU model: Intel(R) Xeon(R) Gold 5218R CPU @ 2.10GHz, instruction set [SSE2|AVX|AVX2|AVX512]
Thread count: 40 physical cores, 40 logical processors, using up to 1 threads

Non-default parameters:
TimeLimit  5.5992829963183030e+03
Method  1
BarHomogeneous  1
Threads  1

Optimize a model with 841 rows, 235477 columns and 6293528 nonzeros
Coefficient statistics:
  Matrix range     [1e+00, 1e+00]
  Objective range  [1e+05, 5e+05]
  Bounds range     [0e+00, 0e+00]
  RHS range        [1e+00, 1e+00]
LP warm-start: use basis

Iteration    Objective       Primal Inf.    Dual Inf.      Time
       0   -1.3672769e+31   9.354782e+33   1.367277e+01      1s
     347   -1.4741651e+30   9.012212e+32   1.474165e+00      5s
     707   -3.9775565e+29   1.837039e+33   3.977555e-01     10s
    1023   -2.6195036e+27   1.495008e+32   2.619506e-03     15s
    1378    3.4014677e+06   5.686421e+02   0.000000e+00     20s
    1732    3.4014678e+06   2.512335e+02   0.000000e+00     26s
    2084    3.4014679e+06   1.980986e+02   0.000000e+00     31s
    2439    3.4014679e+06   7.522462e+01   0.000000e+00     36s
    2786    3.4014679e+06   9.372252e+01   0.000000e+00     42s
    3020    3.4014679e+06   6.662832e+01   0.000000e+00     45s
    3371    3.4014680e+06   4.130851e+01   0.000000e+00     50s
    3723    3.4014680e+06   4.614198e+01   0.000000e+00     56s
    4079    3.4014680e+06   1.908921e+01   0.000000e+00     61s
    4427    3.4014680e+06   8.632147e+00   0.000000e+00     66s
    4780    3.4014680e+06   1.295635e+00   0.000000e+00     71s
    4916    3.4014680e+06   0.000000e+00   0.000000e+00     74s

Solved in 4916 iterations and 73.57 seconds (103.37 work units)
Optimal objective  3.401467980e+06
Set parameter TimeLimit to value 5499.61547060078
Set parameter Method to value 1
Gurobi Optimizer version 12.0.3 build v12.0.3rc0 (linux64 - "Ubuntu 24.04.4 LTS")

CPU model: Intel(R) Xeon(R) Gold 5218R CPU @ 2.10GHz, instruction set [SSE2|AVX|AVX2|AVX512]
Thread count: 40 physical cores, 40 logical processors, using up to 1 threads

Non-default parameters:
TimeLimit  5499.61547060078
Method  1
BarHomogeneous  1
Threads  1

Optimize a model with 841 rows, 235507 columns and 6294395 nonzeros
Coefficient statistics:
  Matrix range     [1e+00, 1e+00]
  Objective range  [1e+05, 5e+05]
  Bounds range     [0e+00, 0e+00]
  RHS range        [1e+00, 1e+00]
LP warm-start: use basis

Iteration    Objective       Primal Inf.    Dual Inf.      Time
       0   -1.4070847e+31   1.451657e+34   1.407085e+01      1s
     335   -4.1929145e+27   9.765754e+31   4.192934e-03      5s
     687    3.4014678e+06   2.874450e+02   0.000000e+00     11s
    1040    3.4014679e+06   1.541000e+02   0.000000e+00     16s
    1395    3.4014679e+06   1.165352e+02   0.000000e+00     21s
    1743    3.4014679e+06   4.618055e+01   0.000000e+00     26s
    2095    3.4014680e+06   2.466773e+01   0.000000e+00     32s
    2323    3.4014680e+06   7.109894e+00   0.000000e+00     35s
    2629    3.4014680e+06   0.000000e+00   0.000000e+00     40s

Solved in 2629 iterations and 39.78 seconds (55.77 work units)
Optimal objective  3.401467955e+06
Set parameter TimeLimit to value 5.4338589635030366e+03
Set parameter Method to value 1
Gurobi Optimizer version 12.0.3 build v12.0.3rc0 (linux64 - "Ubuntu 24.04.4 LTS")

CPU model: Intel(R) Xeon(R) Gold 5218R CPU @ 2.10GHz, instruction set [SSE2|AVX|AVX2|AVX512]
Thread count: 40 physical cores, 40 logical processors, using up to 1 threads

Non-default parameters:
TimeLimit  5.4338589635030366e+03
Method  1
BarHomogeneous  1
Threads  1

Optimize a model with 841 rows, 235537 columns and 6295337 nonzeros
Coefficient statistics:
  Matrix range     [1e+00, 1e+00]
  Objective range  [1e+05, 5e+05]
  Bounds range     [0e+00, 0e+00]
  RHS range        [1e+00, 1e+00]
LP warm-start: use basis

Iteration    Objective       Primal Inf.    Dual Inf.      Time
       0   -1.5040340e+31   7.163486e+33   1.504034e+01      0s
     349   -1.4412545e+29   1.222362e+33   1.441254e-01      5s
     698    3.4014678e+06   5.561128e+02   0.000000e+00     11s
    1047    3.4014679e+06   1.615102e+02   0.000000e+00     16s
    1402    3.4014679e+06   4.846069e+01   0.000000e+00     21s
    1749    3.4014679e+06   2.020615e+01   0.000000e+00     27s
    1983    3.4014679e+06   1.619984e+01   0.000000e+00     30s
    2340    3.4014679e+06   9.885715e+00   0.000000e+00     36s
    2639    3.4014679e+06   0.000000e+00   0.000000e+00     40s

Solved in 2639 iterations and 40.39 seconds (55.84 work units)
Optimal objective  3.401467939e+06
Set parameter TimeLimit to value 5.3670159829435870e+03
Set parameter Method to value 1
Gurobi Optimizer version 12.0.3 build v12.0.3rc0 (linux64 - "Ubuntu 24.04.4 LTS")

CPU model: Intel(R) Xeon(R) Gold 5218R CPU @ 2.10GHz, instruction set [SSE2|AVX|AVX2|AVX512]
Thread count: 40 physical cores, 40 logical processors, using up to 1 threads

Non-default parameters:
TimeLimit  5.3670159829435870e+03
Method  1
BarHomogeneous  1
Threads  1

Optimize a model with 841 rows, 235567 columns and 6296153 nonzeros
Coefficient statistics:
  Matrix range     [1e+00, 1e+00]
  Objective range  [1e+05, 5e+05]
  Bounds range     [0e+00, 0e+00]
  RHS range        [1e+00, 1e+00]
LP warm-start: use basis

Iteration    Objective       Primal Inf.    Dual Inf.      Time
       0   -1.4136459e+31   8.484357e+33   1.413646e+01      1s
     348   -1.1619923e+30   1.469116e+33   1.161992e+00      6s
     664   -1.7088330e+28   1.091632e+33   1.708833e-02     10s
    1055    3.4014678e+06   3.703103e+02   0.000000e+00     16s
    1404    3.4014678e+06   2.360169e+02   0.000000e+00     22s
    1641    3.4014679e+06   1.407761e+02   0.000000e+00     25s
    1992    3.4014679e+06   3.328829e+01   0.000000e+00     31s
    2337    3.4014679e+06   3.380383e+02   0.000000e+00     36s
    2691    3.4014679e+06   1.350107e+01   0.000000e+00     41s
    2929    3.4014679e+06   9.195542e+00   0.000000e+00     45s
    3283    3.4014679e+06   1.506960e+01   0.000000e+00     50s
    3575    3.4014679e+06   0.000000e+00   0.000000e+00     55s

Solved in 3575 iterations and 54.95 seconds (75.61 work units)
Optimal objective  3.401467921e+06
Set parameter TimeLimit to value 5.2855818360946141e+03
Set parameter Method to value 1
Gurobi Optimizer version 12.0.3 build v12.0.3rc0 (linux64 - "Ubuntu 24.04.4 LTS")

CPU model: Intel(R) Xeon(R) Gold 5218R CPU @ 2.10GHz, instruction set [SSE2|AVX|AVX2|AVX512]
Thread count: 40 physical cores, 40 logical processors, using up to 1 threads

Non-default parameters:
TimeLimit  5.2855818360946141e+03
Method  1
BarHomogeneous  1
Threads  1

Optimize a model with 841 rows, 235597 columns and 6296937 nonzeros
Coefficient statistics:
  Matrix range     [1e+00, 1e+00]
  Objective range  [1e+05, 5e+05]
  Bounds range     [0e+00, 0e+00]
  RHS range        [1e+00, 1e+00]
LP warm-start: use basis

Iteration    Objective       Primal Inf.    Dual Inf.      Time
       0   -1.3042721e+31   6.000905e+33   1.304272e+01      1s
     352   -1.9699570e+30   2.086231e+33   1.969957e+00      5s
     711   -5.1257974e+29   5.830475e+32   5.125798e-01     10s
    1069   -2.5817956e+28   1.925719e+32   2.581794e-02     16s
    1420    3.4014676e+06   1.573499e+03   0.000000e+00     21s
    1771    3.4014677e+06   1.037809e+03   0.000000e+00     27s
    2003    3.4014677e+06   5.449554e+02   0.000000e+00     30s
    2348    3.4014678e+06   1.080182e+02   0.000000e+00     35s
    2701    3.4014678e+06   9.616946e+01   0.000000e+00     41s
    3053    3.4014678e+06   3.480662e+01   0.000000e+00     46s
    3401    3.4014679e+06   3.993573e+01   0.000000e+00     51s
    3638    3.4014679e+06   1.499583e+02   0.000000e+00     55s
    3987    3.4014679e+06   1.277716e+01   0.000000e+00     60s
    4343    3.4014679e+06   3.083513e+01   0.000000e+00     66s
    4692    3.4014679e+06   1.064598e+01   0.000000e+00     71s
    5045    3.4014679e+06   1.883178e+00   0.000000e+00     76s
    5252    3.4014679e+06   0.000000e+00   0.000000e+00     80s

Solved in 5252 iterations and 79.76 seconds (110.16 work units)
Optimal objective  3.401467886e+06
Set parameter TimeLimit to value 5.1791800501374528e+03
Set parameter Method to value 1
Gurobi Optimizer version 12.0.3 build v12.0.3rc0 (linux64 - "Ubuntu 24.04.4 LTS")

CPU model: Intel(R) Xeon(R) Gold 5218R CPU @ 2.10GHz, instruction set [SSE2|AVX|AVX2|AVX512]
Thread count: 40 physical cores, 40 logical processors, using up to 1 threads

Non-default parameters:
TimeLimit  5.1791800501374528e+03
Method  1
BarHomogeneous  1
Threads  1

Optimize a model with 841 rows, 235627 columns and 6298008 nonzeros
Coefficient statistics:
  Matrix range     [1e+00, 1e+00]
  Objective range  [1e+05, 5e+05]
  Bounds range     [0e+00, 0e+00]
  RHS range        [1e+00, 1e+00]
LP warm-start: use basis

Iteration    Objective       Primal Inf.    Dual Inf.      Time
       0   -1.9207446e+31   5.093039e+34   1.920744e+01      1s
     262    3.4014679e+06   0.000000e+00   0.000000e+00      5s

Solved in 262 iterations and 4.58 seconds (6.05 work units)
Optimal objective  3.401467886e+06
Set parameter TimeLimit to value 5.1503357078270055e+03
Set parameter Method to value 1
Gurobi Optimizer version 12.0.3 build v12.0.3rc0 (linux64 - "Ubuntu 24.04.4 LTS")

CPU model: Intel(R) Xeon(R) Gold 5218R CPU @ 2.10GHz, instruction set [SSE2|AVX|AVX2|AVX512]
Thread count: 40 physical cores, 40 logical processors, using up to 1 threads

Non-default parameters:
TimeLimit  5.1503357078270055e+03
Method  1
BarHomogeneous  1
Threads  1

Optimize a model with 841 rows, 235657 columns and 6299104 nonzeros
Coefficient statistics:
  Matrix range     [1e+00, 1e+00]
  Objective range  [1e+05, 5e+05]
  Bounds range     [0e+00, 0e+00]
  RHS range        [1e+00, 1e+00]
LP warm-start: use basis

Iteration    Objective       Primal Inf.    Dual Inf.      Time
       0   -1.6598138e+31   1.935647e+34   1.659814e+01      0s
     342   -1.4337360e+30   2.701537e+33   1.433736e+00      5s
     700   -1.6653139e+29   9.506929e+32   1.665315e-01     11s
    1083    3.4014676e+06   3.221493e+03   0.000000e+00     16s
    1430    3.4014677e+06   1.069263e+03   0.000000e+00     22s
    1662    3.4014678e+06   1.905131e+02   0.000000e+00     25s
    2008    3.4014678e+06   6.358453e+02   0.000000e+00     30s
    2361    3.4014678e+06   5.061887e+01   0.000000e+00     36s
    2715    3.4014678e+06   7.920572e+01   0.000000e+00     41s
    3071    3.4014679e+06   3.862318e+01   0.000000e+00     47s
    3305    3.4014679e+06   9.162142e+01   0.000000e+00     50s
    3657    3.4014679e+06   1.535252e+01   0.000000e+00     56s
    4007    3.4014679e+06   1.534886e+00   0.000000e+00     61s
    4116    3.4014679e+06   0.000000e+00   0.000000e+00     63s

Solved in 4116 iterations and 62.75 seconds (86.97 work units)
Optimal objective  3.401467862e+06
Set parameter TimeLimit to value 5.0612259633070789e+03
Set parameter Method to value 1
Gurobi Optimizer version 12.0.3 build v12.0.3rc0 (linux64 - "Ubuntu 24.04.4 LTS")

CPU model: Intel(R) Xeon(R) Gold 5218R CPU @ 2.10GHz, instruction set [SSE2|AVX|AVX2|AVX512]
Thread count: 40 physical cores, 40 logical processors, using up to 1 threads

Non-default parameters:
TimeLimit  5.0612259633070789e+03
Method  1
BarHomogeneous  1
Threads  1

Optimize a model with 841 rows, 235687 columns and 6300019 nonzeros
Coefficient statistics:
  Matrix range     [1e+00, 1e+00]
  Objective range  [1e+05, 5e+05]
  Bounds range     [0e+00, 0e+00]
  RHS range        [1e+00, 1e+00]
LP warm-start: use basis

Iteration    Objective       Primal Inf.    Dual Inf.      Time
       0   -1.4721247e+31   1.178445e+34   1.472125e+01      1s
     348   -2.3128961e+28   2.969266e+33   2.312890e-02      5s
     712    3.4014678e+06   1.548318e+02   0.000000e+00     11s
    1065    3.4014678e+06   1.258140e+02   0.000000e+00     16s
    1416    3.4014678e+06   6.157488e+01   0.000000e+00     22s
    1646    3.4014678e+06   4.509970e+01   0.000000e+00     25s
    1994    3.4014678e+06   1.209617e+01   0.000000e+00     31s
    2273    3.4014678e+06   0.000000e+00   0.000000e+00     35s

Solved in 2273 iterations and 34.93 seconds (48.27 work units)
Optimal objective  3.401467848e+06
Set parameter TimeLimit to value 5.0000251565505750e+03
Set parameter Method to value 1
Gurobi Optimizer version 12.0.3 build v12.0.3rc0 (linux64 - "Ubuntu 24.04.4 LTS")

CPU model: Intel(R) Xeon(R) Gold 5218R CPU @ 2.10GHz, instruction set [SSE2|AVX|AVX2|AVX512]
Thread count: 40 physical cores, 40 logical processors, using up to 1 threads

Non-default parameters:
TimeLimit  5.0000251565505750e+03
Method  1
BarHomogeneous  1
Threads  1

Optimize a model with 841 rows, 235717 columns and 6301069 nonzeros
Coefficient statistics:
  Matrix range     [1e+00, 1e+00]
  Objective range  [1e+05, 5e+05]
  Bounds range     [0e+00, 0e+00]
  RHS range        [1e+00, 1e+00]
LP warm-start: use basis

Iteration    Objective       Primal Inf.    Dual Inf.      Time
       0   -1.5120386e+31   9.191688e+33   1.512039e+01      1s
     349   -1.3801191e+30   1.106266e+33   1.380119e+00      5s
     663   -1.0400062e+29   7.308100e+32   1.040007e-01     10s
    1094    3.4014676e+06   2.826179e+02   0.000000e+00     17s
    1328    3.4014677e+06   6.809832e+02   0.000000e+00     20s
    1677    3.4014678e+06   4.151968e+02   0.000000e+00     25s
    2028    3.4014678e+06   8.981775e+01   0.000000e+00     31s
    2381    3.4014678e+06   9.950262e+01   0.000000e+00     36s
    2732    3.4014678e+06   5.184223e+01   0.000000e+00     41s
    3085    3.4014678e+06   2.466781e+01   0.000000e+00     47s
    3318    3.4014678e+06   7.483311e+01   0.000000e+00     50s
    3669    3.4014678e+06   1.085718e+01   0.000000e+00     56s
    3961    3.4014678e+06   0.000000e+00   0.000000e+00     60s

Solved in 3961 iterations and 60.01 seconds (83.47 work units)
Optimal objective  3.401467824e+06
Set parameter TimeLimit to value 4.9136403393698856e+03
Set parameter Method to value 1
Gurobi Optimizer version 12.0.3 build v12.0.3rc0 (linux64 - "Ubuntu 24.04.4 LTS")

CPU model: Intel(R) Xeon(R) Gold 5218R CPU @ 2.10GHz, instruction set [SSE2|AVX|AVX2|AVX512]
Thread count: 40 physical cores, 40 logical processors, using up to 1 threads

Non-default parameters:
TimeLimit  4.9136403393698856e+03
Method  1
BarHomogeneous  1
Threads  1

Optimize a model with 841 rows, 235747 columns and 6301983 nonzeros
Coefficient statistics:
  Matrix range     [1e+00, 1e+00]
  Objective range  [1e+05, 5e+05]
  Bounds range     [0e+00, 0e+00]
  RHS range        [1e+00, 1e+00]
LP warm-start: use basis

Iteration    Objective       Primal Inf.    Dual Inf.      Time
       0   -1.3129229e+31   1.167706e+34   1.312923e+01      1s
     359   -2.9117442e+29   7.111557e+32   2.911745e-01      5s
     676   -7.3144733e+28   5.157656e+32   7.314477e-02     10s
     993    3.4014676e+06   6.020754e+02   0.000000e+00     15s
    1347    3.4014677e+06   3.016743e+02   0.000000e+00     21s
    1698    3.4014677e+06   3.879866e+02   0.000000e+00     26s
    2047    3.4014678e+06   1.674175e+02   0.000000e+00     31s
    2402    3.4014678e+06   3.708331e+01   0.000000e+00     37s
    2638    3.4014678e+06   3.930168e+01   0.000000e+00     40s
    2991    3.4014678e+06   2.259598e+01   0.000000e+00     46s
    3342    3.4014678e+06   5.699823e+01   0.000000e+00     51s
    3691    3.4014678e+06   2.036783e+00   0.000000e+00     56s
    4040    3.4014678e+06   8.618096e-01   0.000000e+00     62s
    4133    3.4014678e+06   0.000000e+00   0.000000e+00     63s

Solved in 4133 iterations and 63.22 seconds (87.68 work units)
Optimal objective  3.401467805e+06
Set parameter TimeLimit to value 4.8241794389332645e+03
Set parameter Method to value 1
Gurobi Optimizer version 12.0.3 build v12.0.3rc0 (linux64 - "Ubuntu 24.04.4 LTS")

CPU model: Intel(R) Xeon(R) Gold 5218R CPU @ 2.10GHz, instruction set [SSE2|AVX|AVX2|AVX512]
Thread count: 40 physical cores, 40 logical processors, using up to 1 threads

Non-default parameters:
TimeLimit  4.8241794389332645e+03
Method  1
BarHomogeneous  1
Threads  1

Optimize a model with 841 rows, 235777 columns and 6303072 nonzeros
Coefficient statistics:
  Matrix range     [1e+00, 1e+00]
  Objective range  [1e+05, 5e+05]
  Bounds range     [0e+00, 0e+00]
  RHS range        [1e+00, 1e+00]
LP warm-start: use basis

Iteration    Objective       Primal Inf.    Dual Inf.      Time
       0   -1.4025243e+31   1.807087e+34   1.402524e+01      1s
     370   -1.5279423e+30   1.263603e+33   1.527942e+00      5s
     730   -3.3089648e+29   6.371665e+32   3.308965e-01     10s
    1084   -6.7552350e+27   8.614773e+32   6.755283e-03     16s
    1441    3.4014676e+06   1.986285e+02   0.000000e+00     21s
    1790    3.4014677e+06   2.135872e+02   0.000000e+00     26s
    2143    3.4014677e+06   1.103600e+02   0.000000e+00     31s
    2498    3.4014678e+06   2.715023e+01   0.000000e+00     37s
    2737    3.4014678e+06   7.167201e+01   0.000000e+00     40s
    3090    3.4014678e+06   2.381732e+01   0.000000e+00     45s
    3439    3.4014678e+06   1.728718e+01   0.000000e+00     51s
    3791    3.4014678e+06   9.835686e+00   0.000000e+00     56s
    4068    3.4014678e+06   0.000000e+00   0.000000e+00     60s

Solved in 4068 iterations and 60.11 seconds (84.92 work units)
Optimal objective  3.401467786e+06
Set parameter TimeLimit to value 4.7381109459185973e+03
Set parameter Method to value 1
Gurobi Optimizer version 12.0.3 build v12.0.3rc0 (linux64 - "Ubuntu 24.04.4 LTS")

CPU model: Intel(R) Xeon(R) Gold 5218R CPU @ 2.10GHz, instruction set [SSE2|AVX|AVX2|AVX512]
Thread count: 40 physical cores, 40 logical processors, using up to 1 threads

Non-default parameters:
TimeLimit  4.7381109459185973e+03
Method  1
BarHomogeneous  1
Threads  1

Optimize a model with 841 rows, 235807 columns and 6304084 nonzeros
Coefficient statistics:
  Matrix range     [1e+00, 1e+00]
  Objective range  [1e+05, 5e+05]
  Bounds range     [0e+00, 0e+00]
  RHS range        [1e+00, 1e+00]
LP warm-start: use basis

Iteration    Objective       Primal Inf.    Dual Inf.      Time
       0   -1.3748316e+31   1.975438e+34   1.374832e+01      0s
     382   -8.4894995e+29   7.295632e+32   8.489500e-01      5s
     737   -1.1889423e+29   1.771779e+33   1.188942e-01     10s
    1075    3.4014675e+06   5.425991e+02   0.000000e+00     16s
    1420    3.4014676e+06   3.827173e+02   0.000000e+00     21s
    1770    3.4014677e+06   3.884443e+02   0.000000e+00     26s
    2125    3.4014677e+06   4.386598e+02   0.000000e+00     31s
    2474    3.4014677e+06   1.100197e+02   0.000000e+00     37s
    2708    3.4014677e+06   1.866106e+01   0.000000e+00     40s
    3057    3.4014678e+06   2.534231e+01   0.000000e+00     45s
    3408    3.4014678e+06   1.081100e+01   0.000000e+00     51s
    3757    3.4014678e+06   1.569748e+00   0.000000e+00     56s
    4113    3.4014678e+06   4.104575e+00   0.000000e+00     61s
    4296    3.4014678e+06   0.000000e+00   0.000000e+00     64s

Solved in 4296 iterations and 64.17 seconds (90.32 work units)
Optimal objective  3.401467764e+06
Set parameter TimeLimit to value 4.6476708974796347e+03
Set parameter Method to value 1
Gurobi Optimizer version 12.0.3 build v12.0.3rc0 (linux64 - "Ubuntu 24.04.4 LTS")

CPU model: Intel(R) Xeon(R) Gold 5218R CPU @ 2.10GHz, instruction set [SSE2|AVX|AVX2|AVX512]
Thread count: 40 physical cores, 40 logical processors, using up to 1 threads

Non-default parameters:
TimeLimit  4.6476708974796347e+03
Method  1
BarHomogeneous  1
Threads  1

Optimize a model with 841 rows, 235837 columns and 6305005 nonzeros
Coefficient statistics:
  Matrix range     [1e+00, 1e+00]
  Objective range  [1e+05, 5e+05]
  Bounds range     [0e+00, 0e+00]
  RHS range        [1e+00, 1e+00]
LP warm-start: use basis

Iteration    Objective       Primal Inf.    Dual Inf.      Time
       0   -1.2599765e+31   6.299623e+33   1.259977e+01      0s
     352   -1.2613401e+30   1.175217e+33   1.261340e+00      5s
     672   -2.5457074e+28   1.107244e+33   2.545708e-02     10s
    1027    3.4014675e+06   7.039686e+02   0.000000e+00     16s
    1380    3.4014676e+06   3.156966e+02   0.000000e+00     21s
    1731    3.4014677e+06   1.000473e+02   0.000000e+00     26s
    2075    3.4014677e+06   3.417437e+02   0.000000e+00     31s
    2417    3.4014677e+06   1.483230e+02   0.000000e+00     37s
    2648    3.4014677e+06   9.667118e+01   0.000000e+00     40s
    3001    3.4014677e+06   1.845076e+03   0.000000e+00     45s
    3350    3.4014677e+06   4.119490e+00   0.000000e+00     51s
    3705    3.4014677e+06   5.534709e+00   0.000000e+00     56s
    4056    3.4014677e+06   8.928809e-01   0.000000e+00     62s
    4084    3.4014677e+06   0.000000e+00   0.000000e+00     62s

Solved in 4084 iterations and 62.02 seconds (86.42 work units)
Optimal objective  3.401467739e+06
Set parameter TimeLimit to value 4.5595449757943861e+03
Set parameter Method to value 1
Gurobi Optimizer version 12.0.3 build v12.0.3rc0 (linux64 - "Ubuntu 24.04.4 LTS")

CPU model: Intel(R) Xeon(R) Gold 5218R CPU @ 2.10GHz, instruction set [SSE2|AVX|AVX2|AVX512]
Thread count: 40 physical cores, 40 logical processors, using up to 1 threads

Non-default parameters:
TimeLimit  4.5595449757943861e+03
Method  1
BarHomogeneous  1
Threads  1

Optimize a model with 841 rows, 235867 columns and 6305770 nonzeros
Coefficient statistics:
  Matrix range     [1e+00, 1e+00]
  Objective range  [1e+05, 5e+05]
  Bounds range     [0e+00, 0e+00]
  RHS range        [1e+00, 1e+00]
LP warm-start: use basis

Iteration    Objective       Primal Inf.    Dual Inf.      Time
       0   -1.3299105e+31   6.998623e+33   1.329910e+01      1s
     351   -5.8104459e+29   1.750300e+33   5.810446e-01      5s
     702   -2.4044750e+28   3.911388e+32   2.404477e-02     11s
    1096    3.4014675e+06   9.462561e+02   0.000000e+00     17s
    1332    3.4014676e+06   3.527190e+02   0.000000e+00     20s
    1680    3.4014676e+06   3.740277e+02   0.000000e+00     25s
    2030    3.4014677e+06   3.415385e+02   0.000000e+00     31s
    2380    3.4014677e+06   2.486751e+02   0.000000e+00     36s
    2733    3.4014677e+06   5.401672e+01   0.000000e+00     41s
    3085    3.4014677e+06   1.763719e+01   0.000000e+00     47s
    3319    3.4014677e+06   3.350863e+01   0.000000e+00     50s
    3673    3.4014677e+06   5.028866e+00   0.000000e+00     55s
    4027    3.4014677e+06   6.903760e-02   0.000000e+00     61s
    4056    3.4014677e+06   0.000000e+00   0.000000e+00     61s

Solved in 4056 iterations and 61.36 seconds (85.62 work units)
Optimal objective  3.401467726e+06
Set parameter TimeLimit to value 4.4722791064400226e+03
Set parameter Method to value 1
Gurobi Optimizer version 12.0.3 build v12.0.3rc0 (linux64 - "Ubuntu 24.04.4 LTS")

CPU model: Intel(R) Xeon(R) Gold 5218R CPU @ 2.10GHz, instruction set [SSE2|AVX|AVX2|AVX512]
Thread count: 40 physical cores, 40 logical processors, using up to 1 threads

Non-default parameters:
TimeLimit  4.4722791064400226e+03
Method  1
BarHomogeneous  1
Threads  1

Optimize a model with 841 rows, 235897 columns and 6306794 nonzeros
Coefficient statistics:
  Matrix range     [1e+00, 1e+00]
  Objective range  [1e+05, 5e+05]
  Bounds range     [0e+00, 0e+00]
  RHS range        [1e+00, 1e+00]
LP warm-start: use basis

Iteration    Objective       Primal Inf.    Dual Inf.      Time
       0   -1.2001828e+31   1.322831e+34   1.200183e+01      1s
     339   -2.4787227e+29   1.009968e+33   2.478722e-01      5s
     654   -5.0991794e+28   5.483384e+32   5.099179e-02     10s
    1086    3.4014676e+06   4.021497e+02   0.000000e+00     17s
    1324    3.4014676e+06   2.787419e+02   0.000000e+00     20s
    1675    3.4014677e+06   4.616669e+01   0.000000e+00     25s
    2025    3.4014677e+06   4.831653e+01   0.000000e+00     31s
    2375    3.4014677e+06   2.974207e+01   0.000000e+00     36s
    2724    3.4014677e+06   1.525790e+01   0.000000e+00     41s
    3080    3.4014677e+06   9.068202e+02   0.000000e+00     47s
    3316    3.4014677e+06   1.112369e+01   0.000000e+00     50s
    3669    3.4014677e+06   1.600130e+01   0.000000e+00     56s
    3887    3.4014677e+06   0.000000e+00   0.000000e+00     59s

Solved in 3887 iterations and 58.88 seconds (82.19 work units)
Optimal objective  3.401467712e+06
Set parameter TimeLimit to value 4.3869580637090839e+03
Set parameter Method to value 1
Gurobi Optimizer version 12.0.3 build v12.0.3rc0 (linux64 - "Ubuntu 24.04.4 LTS")

CPU model: Intel(R) Xeon(R) Gold 5218R CPU @ 2.10GHz, instruction set [SSE2|AVX|AVX2|AVX512]
Thread count: 40 physical cores, 40 logical processors, using up to 1 threads

Non-default parameters:
TimeLimit  4.3869580637090839e+03
Method  1
BarHomogeneous  1
Threads  1

Optimize a model with 841 rows, 235927 columns and 6307736 nonzeros
Coefficient statistics:
  Matrix range     [1e+00, 1e+00]
  Objective range  [1e+05, 5e+05]
  Bounds range     [0e+00, 0e+00]
  RHS range        [1e+00, 1e+00]
LP warm-start: use basis

Iteration    Objective       Primal Inf.    Dual Inf.      Time
       0   -1.2868729e+31   7.763308e+33   1.286873e+01      1s
     360   -1.0619938e+30   1.696088e+33   1.061994e+00      5s
     677   -2.2576619e+29   1.497909e+33   2.257661e-01     10s
    1033   -4.0281853e+28   7.959606e+32   4.028187e-02     15s
    1384    3.4014676e+06   1.473364e+03   0.000000e+00     21s
    1739    3.4014676e+06   1.919134e+02   0.000000e+00     26s
    2092    3.4014677e+06   1.101356e+02   0.000000e+00     31s
    2443    3.4014677e+06   3.179645e+02   0.000000e+00     37s
    2681    3.4014677e+06   4.938182e+01   0.000000e+00     40s
    3033    3.4014677e+06   1.172063e+01   0.000000e+00     46s
    3388    3.4014677e+06   7.758258e+00   0.000000e+00     51s
    3738    3.4014677e+06   1.584869e+00   0.000000e+00     56s
    3947    3.4014677e+06   0.000000e+00   0.000000e+00     60s

Solved in 3947 iterations and 59.67 seconds (83.14 work units)
Optimal objective  3.401467695e+06
Set parameter TimeLimit to value 4.3010683947298676e+03
Set parameter Method to value 1
Gurobi Optimizer version 12.0.3 build v12.0.3rc0 (linux64 - "Ubuntu 24.04.4 LTS")

CPU model: Intel(R) Xeon(R) Gold 5218R CPU @ 2.10GHz, instruction set [SSE2|AVX|AVX2|AVX512]
Thread count: 40 physical cores, 40 logical processors, using up to 1 threads

Non-default parameters:
TimeLimit  4.3010683947298676e+03
Method  1
BarHomogeneous  1
Threads  1

Optimize a model with 841 rows, 235957 columns and 6308632 nonzeros
Coefficient statistics:
  Matrix range     [1e+00, 1e+00]
  Objective range  [1e+05, 5e+05]
  Bounds range     [0e+00, 0e+00]
  RHS range        [1e+00, 1e+00]
LP warm-start: use basis

Iteration    Objective       Primal Inf.    Dual Inf.      Time
       0   -1.1986363e+31   1.318229e+34   1.198636e+01      0s
     339   -1.6208990e+28   3.347303e+32   1.620899e-02      5s
     693    3.4014677e+06   1.910035e+02   0.000000e+00     11s
    1035    3.4014677e+06   2.030453e+01   0.000000e+00     16s
    1274    3.4014677e+06   1.140986e+01   0.000000e+00     20s
    1627    3.4014677e+06   2.799344e+00   0.000000e+00     25s
    1984    3.4014677e+06   6.494655e-02   0.000000e+00     31s
    2000    3.4014677e+06   0.000000e+00   0.000000e+00     31s

Solved in 2000 iterations and 31.21 seconds (43.10 work units)
Optimal objective  3.401467688e+06
Set parameter TimeLimit to value 4.2439388181976974e+03
Set parameter Method to value 1
Gurobi Optimizer version 12.0.3 build v12.0.3rc0 (linux64 - "Ubuntu 24.04.4 LTS")

CPU model: Intel(R) Xeon(R) Gold 5218R CPU @ 2.10GHz, instruction set [SSE2|AVX|AVX2|AVX512]
Thread count: 40 physical cores, 40 logical processors, using up to 1 threads

Non-default parameters:
TimeLimit  4.2439388181976974e+03
Method  1
BarHomogeneous  1
Threads  1

Optimize a model with 841 rows, 235987 columns and 6309755 nonzeros
Coefficient statistics:
  Matrix range     [1e+00, 1e+00]
  Objective range  [1e+05, 5e+05]
  Bounds range     [0e+00, 0e+00]
  RHS range        [1e+00, 1e+00]
LP warm-start: use basis

Iteration    Objective       Primal Inf.    Dual Inf.      Time
       0   -1.1607130e+31   1.055498e+34   1.160713e+01      1s
      44    3.4014677e+06   0.000000e+00   0.000000e+00      1s

Solved in 44 iterations and 1.25 seconds (1.44 work units)
Optimal objective  3.401467688e+06
Set parameter TimeLimit to value 4.2211335268206894e+03
Set parameter Method to value 1
Gurobi Optimizer version 12.0.3 build v12.0.3rc0 (linux64 - "Ubuntu 24.04.4 LTS")

CPU model: Intel(R) Xeon(R) Gold 5218R CPU @ 2.10GHz, instruction set [SSE2|AVX|AVX2|AVX512]
Thread count: 40 physical cores, 40 logical processors, using up to 1 threads

Non-default parameters:
TimeLimit  4.2211335268206894e+03
Method  1
BarHomogeneous  1
Threads  1

Optimize a model with 841 rows, 236017 columns and 6310786 nonzeros
Coefficient statistics:
  Matrix range     [1e+00, 1e+00]
  Objective range  [1e+05, 5e+05]
  Bounds range     [0e+00, 0e+00]
  RHS range        [1e+00, 1e+00]
LP warm-start: use basis

Iteration    Objective       Primal Inf.    Dual Inf.      Time
       0   -1.1157461e+31   8.787961e+33   1.115746e+01      1s
     354   -1.3570393e+30   4.042313e+33   1.357039e+00      5s
     674   -4.3065485e+29   2.228693e+33   4.306550e-01     10s
    1026   -1.2554182e+29   3.183448e+34   1.255396e-01     15s
    1378    3.4014674e+06   7.230342e+02   0.000000e+00     21s
    1732    3.4014675e+06   2.085252e+02   0.000000e+00     26s
    2085    3.4014675e+06   1.655809e+02   0.000000e+00     31s
    2439    3.4014676e+06   4.064282e+02   0.000000e+00     37s
    2676    3.4014676e+06   1.227638e+02   0.000000e+00     40s
    3021    3.4014676e+06   2.532855e+02   0.000000e+00     45s
    3368    3.4014676e+06   6.384771e+01   0.000000e+00     51s
    3710    3.4014676e+06   6.802855e+02   0.000000e+00     56s
    4055    3.4014677e+06   1.499362e+02   0.000000e+00     61s
    4403    3.4014677e+06   6.081603e+01   0.000000e+00     67s
    4640    3.4014677e+06   3.369949e+00   0.000000e+00     70s
    4987    3.4014677e+06   7.689979e-01   0.000000e+00     75s
    5219    3.4014677e+06   0.000000e+00   0.000000e+00     79s

Solved in 5219 iterations and 79.00 seconds (110.32 work units)
Optimal objective  3.401467660e+06
Set parameter TimeLimit to value 4.1158100332510658e+03
Set parameter Method to value 1
Gurobi Optimizer version 12.0.3 build v12.0.3rc0 (linux64 - "Ubuntu 24.04.4 LTS")

CPU model: Intel(R) Xeon(R) Gold 5218R CPU @ 2.10GHz, instruction set [SSE2|AVX|AVX2|AVX512]
Thread count: 40 physical cores, 40 logical processors, using up to 1 threads

Non-default parameters:
TimeLimit  4.1158100332510658e+03
Method  1
BarHomogeneous  1
Threads  1

Optimize a model with 841 rows, 236047 columns and 6311792 nonzeros
Coefficient statistics:
  Matrix range     [1e+00, 1e+00]
  Objective range  [1e+05, 5e+05]
  Bounds range     [0e+00, 0e+00]
  RHS range        [1e+00, 1e+00]
LP warm-start: use basis

Iteration    Objective       Primal Inf.    Dual Inf.      Time
       0   -1.3091469e+31   6.490092e+33   1.309147e+01      1s
      12    3.4014677e+06   0.000000e+00   0.000000e+00      1s

Solved in 12 iterations and 0.91 seconds (0.76 work units)
Optimal objective  3.401467660e+06
Set parameter TimeLimit to value 4.0904582821633667e+03
Set parameter Method to value 1
Gurobi Optimizer version 12.0.3 build v12.0.3rc0 (linux64 - "Ubuntu 24.04.4 LTS")

CPU model: Intel(R) Xeon(R) Gold 5218R CPU @ 2.10GHz, instruction set [SSE2|AVX|AVX2|AVX512]
Thread count: 40 physical cores, 40 logical processors, using up to 1 threads

Non-default parameters:
TimeLimit  4.0904582821633667e+03
Method  1
BarHomogeneous  1
Threads  1

Optimize a model with 841 rows, 236077 columns and 6312837 nonzeros
Coefficient statistics:
  Matrix range     [1e+00, 1e+00]
  Objective range  [1e+05, 5e+05]
  Bounds range     [0e+00, 0e+00]
  RHS range        [1e+00, 1e+00]
LP warm-start: use basis

Iteration    Objective       Primal Inf.    Dual Inf.      Time
       0   -1.2673695e+31   4.518627e+33   1.267369e+01      0s
      81    3.4014677e+06   0.000000e+00   0.000000e+00      2s

Solved in 81 iterations and 1.79 seconds (2.21 work units)
Optimal objective  3.401467660e+06
Set parameter TimeLimit to value 4.0655605590883642e+03
Set parameter Method to value 1
Gurobi Optimizer version 12.0.3 build v12.0.3rc0 (linux64 - "Ubuntu 24.04.4 LTS")

CPU model: Intel(R) Xeon(R) Gold 5218R CPU @ 2.10GHz, instruction set [SSE2|AVX|AVX2|AVX512]
Thread count: 40 physical cores, 40 logical processors, using up to 1 threads

Non-default parameters:
TimeLimit  4.0655605590883642e+03
Method  1
BarHomogeneous  1
Threads  1

Optimize a model with 841 rows, 236107 columns and 6313814 nonzeros
Coefficient statistics:
  Matrix range     [1e+00, 1e+00]
  Objective range  [1e+05, 5e+05]
  Bounds range     [0e+00, 0e+00]
  RHS range        [1e+00, 1e+00]
LP warm-start: use basis

Iteration    Objective       Primal Inf.    Dual Inf.      Time
       0   -1.1803610e+31   1.872025e+34   1.180361e+01      1s
     339   -2.5735518e+29   4.686363e+32   2.573552e-01      5s
     773    3.4014676e+06   3.798695e+02   0.000000e+00     12s
    1004    3.4014676e+06   2.046403e+02   0.000000e+00     15s
    1353    3.4014676e+06   1.964426e+02   0.000000e+00     21s
    1699    3.4014676e+06   4.080383e+02   0.000000e+00     26s
    2050    3.4014677e+06   1.124325e+01   0.000000e+00     32s
    2393    3.4014677e+06   3.567951e-01   0.000000e+00     37s
    2628    3.4014677e+06   0.000000e+00   0.000000e+00     40s

Solved in 2628 iterations and 40.40 seconds (56.05 work units)
Optimal objective  3.401467654e+06
Set parameter TimeLimit to value 3999.30908996379
Set parameter Method to value 1
Gurobi Optimizer version 12.0.3 build v12.0.3rc0 (linux64 - "Ubuntu 24.04.4 LTS")

CPU model: Intel(R) Xeon(R) Gold 5218R CPU @ 2.10GHz, instruction set [SSE2|AVX|AVX2|AVX512]
Thread count: 40 physical cores, 40 logical processors, using up to 1 threads

Non-default parameters:
TimeLimit  3999.30908996379
Method  1
BarHomogeneous  1
Threads  1

Optimize a model with 841 rows, 236137 columns and 6314851 nonzeros
Coefficient statistics:
  Matrix range     [1e+00, 1e+00]
  Objective range  [1e+05, 5e+05]
  Bounds range     [0e+00, 0e+00]
  RHS range        [1e+00, 1e+00]
LP warm-start: use basis

Iteration    Objective       Primal Inf.    Dual Inf.      Time
       0   -1.3111050e+31   2.358815e+34   1.311105e+01      1s
      40    3.4014677e+06   0.000000e+00   0.000000e+00      1s

Solved in 40 iterations and 1.18 seconds (1.34 work units)
Optimal objective  3.401467654e+06
Set parameter TimeLimit to value 3.9738272370100021e+03
Set parameter Method to value 1
Gurobi Optimizer version 12.0.3 build v12.0.3rc0 (linux64 - "Ubuntu 24.04.4 LTS")

CPU model: Intel(R) Xeon(R) Gold 5218R CPU @ 2.10GHz, instruction set [SSE2|AVX|AVX2|AVX512]
Thread count: 40 physical cores, 40 logical processors, using up to 1 threads

Non-default parameters:
TimeLimit  3.9738272370100021e+03
Method  1
BarHomogeneous  1
Threads  1

Optimize a model with 841 rows, 236167 columns and 6315894 nonzeros
Coefficient statistics:
  Matrix range     [1e+00, 1e+00]
  Objective range  [1e+05, 5e+05]
  Bounds range     [0e+00, 0e+00]
  RHS range        [1e+00, 1e+00]
LP warm-start: use basis

Iteration    Objective       Primal Inf.    Dual Inf.      Time
       0   -1.1732744e+31   7.048555e+33   1.173274e+01      1s
     349   -2.2926646e+29   5.902959e+33   2.292664e-01      5s
     706    3.4014675e+06   2.697497e+03   0.000000e+00     11s
    1061    3.4014676e+06   2.329281e+02   0.000000e+00     16s
    1413    3.4014676e+06   1.450692e+02   0.000000e+00     21s
    1652    3.4014676e+06   3.847607e+02   0.000000e+00     25s
    2002    3.4014676e+06   3.135425e+01   0.000000e+00     30s
    2355    3.4014676e+06   2.797095e+01   0.000000e+00     36s
    2700    3.4014676e+06   1.606705e+01   0.000000e+00     41s
    3057    3.4014676e+06   1.567140e-01   0.000000e+00     47s
    3132    3.4014676e+06   0.000000e+00   0.000000e+00     48s

Solved in 3132 iterations and 47.74 seconds (66.09 work units)
Optimal objective  3.401467644e+06
Set parameter TimeLimit to value 3.8995123814493418e+03
Set parameter Method to value 1
Gurobi Optimizer version 12.0.3 build v12.0.3rc0 (linux64 - "Ubuntu 24.04.4 LTS")

CPU model: Intel(R) Xeon(R) Gold 5218R CPU @ 2.10GHz, instruction set [SSE2|AVX|AVX2|AVX512]
Thread count: 40 physical cores, 40 logical processors, using up to 1 threads

Non-default parameters:
TimeLimit  3.8995123814493418e+03
Method  1
BarHomogeneous  1
Threads  1

Optimize a model with 841 rows, 236197 columns and 6317044 nonzeros
Coefficient statistics:
  Matrix range     [1e+00, 1e+00]
  Objective range  [1e+05, 5e+05]
  Bounds range     [0e+00, 0e+00]
  RHS range        [1e+00, 1e+00]
LP warm-start: use basis

Iteration    Objective       Primal Inf.    Dual Inf.      Time
       0   -1.2303541e+31   1.200357e+34   1.230354e+01      1s
      95    3.4014676e+06   0.000000e+00   0.000000e+00      2s

Solved in 95 iterations and 2.01 seconds (2.48 work units)
Optimal objective  3.401467644e+06
Set parameter TimeLimit to value 3.8741085306648165e+03
Set parameter Method to value 1
Gurobi Optimizer version 12.0.3 build v12.0.3rc0 (linux64 - "Ubuntu 24.04.4 LTS")

CPU model: Intel(R) Xeon(R) Gold 5218R CPU @ 2.10GHz, instruction set [SSE2|AVX|AVX2|AVX512]
Thread count: 40 physical cores, 40 logical processors, using up to 1 threads

Non-default parameters:
TimeLimit  3.8741085306648165e+03
Method  1
BarHomogeneous  1
Threads  1

Optimize a model with 841 rows, 236227 columns and 6318055 nonzeros
Coefficient statistics:
  Matrix range     [1e+00, 1e+00]
  Objective range  [1e+05, 5e+05]
  Bounds range     [0e+00, 0e+00]
  RHS range        [1e+00, 1e+00]
LP warm-start: use basis

Iteration    Objective       Primal Inf.    Dual Inf.      Time
       0   -1.1598091e+31   1.356444e+34   1.159809e+01      1s
     349   -3.2368536e+29   1.776476e+33   3.236854e-01      5s
     666   -5.7853447e+27   6.275687e+32   5.785313e-03     10s
     978    3.4014676e+06   3.420542e+02   0.000000e+00     15s
    1336    3.4014676e+06   1.210516e+02   0.000000e+00     21s
    1693    3.4014676e+06   1.238926e+02   0.000000e+00     26s
    2038    3.4014676e+06   4.538865e+01   0.000000e+00     32s
    2275    3.4014676e+06   7.730006e+00   0.000000e+00     35s
    2629    3.4014676e+06   1.167090e+01   0.000000e+00     41s
    2982    3.4014676e+06   1.030300e-02   0.000000e+00     46s
    2998    3.4014676e+06   0.000000e+00   0.000000e+00     47s

Solved in 2998 iterations and 46.52 seconds (63.32 work units)
Optimal objective  3.401467635e+06
Set parameter TimeLimit to value 3.8011021925732493e+03
Set parameter Method to value 1
Gurobi Optimizer version 12.0.3 build v12.0.3rc0 (linux64 - "Ubuntu 24.04.4 LTS")

CPU model: Intel(R) Xeon(R) Gold 5218R CPU @ 2.10GHz, instruction set [SSE2|AVX|AVX2|AVX512]
Thread count: 40 physical cores, 40 logical processors, using up to 1 threads

Non-default parameters:
TimeLimit  3.8011021925732493e+03
Method  1
BarHomogeneous  1
Threads  1

Optimize a model with 841 rows, 236257 columns and 6318731 nonzeros
Coefficient statistics:
  Matrix range     [1e+00, 1e+00]
  Objective range  [1e+05, 5e+05]
  Bounds range     [0e+00, 0e+00]
  RHS range        [1e+00, 1e+00]
LP warm-start: use basis

Iteration    Objective       Primal Inf.    Dual Inf.      Time
       0   -3.4077966e+31   2.056618e+34   3.407797e+01      0s
      70    3.4014676e+06   0.000000e+00   0.000000e+00      2s

Solved in 70 iterations and 1.71 seconds (1.98 work units)
Optimal objective  3.401467635e+06
Set parameter TimeLimit to value 3.7750935629331507e+03
Set parameter Method to value 1
Gurobi Optimizer version 12.0.3 build v12.0.3rc0 (linux64 - "Ubuntu 24.04.4 LTS")

CPU model: Intel(R) Xeon(R) Gold 5218R CPU @ 2.10GHz, instruction set [SSE2|AVX|AVX2|AVX512]
Thread count: 40 physical cores, 40 logical processors, using up to 1 threads

Non-default parameters:
TimeLimit  3.7750935629331507e+03
Method  1
BarHomogeneous  1
Threads  1

Optimize a model with 841 rows, 236287 columns and 6319671 nonzeros
Coefficient statistics:
  Matrix range     [1e+00, 1e+00]
  Objective range  [1e+05, 5e+05]
  Bounds range     [0e+00, 0e+00]
  RHS range        [1e+00, 1e+00]
LP warm-start: use basis

Iteration    Objective       Primal Inf.    Dual Inf.      Time
       0   -1.1787598e+31   7.795300e+33   1.178760e+01      0s
     352   -5.6381932e+29   1.261456e+33   5.638193e-01      5s
     669   -3.4408099e+28   3.127686e+33   3.440812e-02     10s
    1064    3.4014675e+06   9.056984e+02   0.000000e+00     16s
    1414    3.4014676e+06   5.482895e+02   0.000000e+00     22s
    1650    3.4014676e+06   1.795334e+02   0.000000e+00     25s
    2001    3.4014676e+06   1.586519e+02   0.000000e+00     31s
    2358    3.4014676e+06   1.770805e+02   0.000000e+00     36s
    2592    3.4014676e+06   4.002083e+01   0.000000e+00     40s
    2945    3.4014676e+06   1.302537e+01   0.000000e+00     46s
    3297    3.4014676e+06   3.829746e+00   0.000000e+00     51s
    3530    3.4014676e+06   0.000000e+00   0.000000e+00     55s

Solved in 3530 iterations and 54.60 seconds (74.77 work units)
Optimal objective  3.401467623e+06
Set parameter TimeLimit to value 3.6942030137283728e+03
Set parameter Method to value 1
Gurobi Optimizer version 12.0.3 build v12.0.3rc0 (linux64 - "Ubuntu 24.04.4 LTS")

CPU model: Intel(R) Xeon(R) Gold 5218R CPU @ 2.10GHz, instruction set [SSE2|AVX|AVX2|AVX512]
Thread count: 40 physical cores, 40 logical processors, using up to 1 threads

Non-default parameters:
TimeLimit  3.6942030137283728e+03
Method  1
BarHomogeneous  1
Threads  1

Optimize a model with 841 rows, 236317 columns and 6320653 nonzeros
Coefficient statistics:
  Matrix range     [1e+00, 1e+00]
  Objective range  [1e+05, 5e+05]
  Bounds range     [0e+00, 0e+00]
  RHS range        [1e+00, 1e+00]
LP warm-start: use basis

Iteration    Objective       Primal Inf.    Dual Inf.      Time
       0   -1.3658149e+31   2.911017e+34   1.365815e+01      1s
     357   -5.7478988e+29   1.757471e+33   5.747899e-01      5s
     712    3.4014675e+06   1.937484e+03   0.000000e+00     11s
    1065    3.4014675e+06   4.368615e+02   0.000000e+00     16s
    1301    3.4014676e+06   3.352882e+02   0.000000e+00     20s
    1652    3.4014676e+06   2.299905e+02   0.000000e+00     25s
    2005    3.4014676e+06   8.336899e+01   0.000000e+00     31s
    2358    3.4014676e+06   5.948570e+01   0.000000e+00     36s
    2709    3.4014676e+06   1.540539e+01   0.000000e+00     42s
    2944    3.4014676e+06   1.047592e+00   0.000000e+00     45s
    3019    3.4014676e+06   0.000000e+00   0.000000e+00     47s

Solved in 3019 iterations and 46.59 seconds (63.55 work units)
Optimal objective  3.401467610e+06
Set parameter TimeLimit to value 3.6210104984831996e+03
Set parameter Method to value 1
Gurobi Optimizer version 12.0.3 build v12.0.3rc0 (linux64 - "Ubuntu 24.04.4 LTS")

CPU model: Intel(R) Xeon(R) Gold 5218R CPU @ 2.10GHz, instruction set [SSE2|AVX|AVX2|AVX512]
Thread count: 40 physical cores, 40 logical processors, using up to 1 threads

Non-default parameters:
TimeLimit  3.6210104984831996e+03
Method  1
BarHomogeneous  1
Threads  1

Optimize a model with 841 rows, 236347 columns and 6321311 nonzeros
Coefficient statistics:
  Matrix range     [1e+00, 1e+00]
  Objective range  [1e+05, 5e+05]
  Bounds range     [0e+00, 0e+00]
  RHS range        [1e+00, 1e+00]
LP warm-start: use basis

Iteration    Objective       Primal Inf.    Dual Inf.      Time
       0   -1.5113733e+31   6.101009e+34   1.511373e+01      1s
      98    3.4014676e+06   0.000000e+00   0.000000e+00      2s

Solved in 98 iterations and 2.11 seconds (2.49 work units)
Optimal objective  3.401467610e+06
Set parameter TimeLimit to value 3.5935873437519185e+03
Set parameter Method to value 1
Gurobi Optimizer version 12.0.3 build v12.0.3rc0 (linux64 - "Ubuntu 24.04.4 LTS")

CPU model: Intel(R) Xeon(R) Gold 5218R CPU @ 2.10GHz, instruction set [SSE2|AVX|AVX2|AVX512]
Thread count: 40 physical cores, 40 logical processors, using up to 1 threads

Non-default parameters:
TimeLimit  3.5935873437519185e+03
Method  1
BarHomogeneous  1
Threads  1

Optimize a model with 841 rows, 236377 columns and 6322377 nonzeros
Coefficient statistics:
  Matrix range     [1e+00, 1e+00]
  Objective range  [1e+05, 5e+05]
  Bounds range     [0e+00, 0e+00]
  RHS range        [1e+00, 1e+00]
LP warm-start: use basis

Iteration    Objective       Primal Inf.    Dual Inf.      Time
       0   -1.2325706e+31   1.430253e+34   1.232571e+01      0s
     352   -3.1388549e+29   2.391428e+33   3.138854e-01      5s
     667    3.4014674e+06   9.920260e+02   0.000000e+00     10s
    1025    3.4014675e+06   6.953692e+02   0.000000e+00     16s
    1371    3.4014676e+06   1.832882e+02   0.000000e+00     21s
    1720    3.4014676e+06   4.238653e+01   0.000000e+00     27s
    1955    3.4014676e+06   7.462510e+01   0.000000e+00     30s
    2311    3.4014676e+06   2.285454e+02   0.000000e+00     36s
    2656    3.4014676e+06   1.617653e+01   0.000000e+00     41s
    3011    3.4014676e+06   1.199333e+00   0.000000e+00     47s
    3150    3.4014676e+06   0.000000e+00   0.000000e+00     49s

Solved in 3150 iterations and 48.86 seconds (66.89 work units)
Optimal objective  3.401467601e+06
Set parameter TimeLimit to value 3.5182872014460154e+03
Set parameter Method to value 1
Gurobi Optimizer version 12.0.3 build v12.0.3rc0 (linux64 - "Ubuntu 24.04.4 LTS")

CPU model: Intel(R) Xeon(R) Gold 5218R CPU @ 2.10GHz, instruction set [SSE2|AVX|AVX2|AVX512]
Thread count: 40 physical cores, 40 logical processors, using up to 1 threads

Non-default parameters:
TimeLimit  3.5182872014460154e+03
Method  1
BarHomogeneous  1
Threads  1

Optimize a model with 841 rows, 236407 columns and 6323343 nonzeros
Coefficient statistics:
  Matrix range     [1e+00, 1e+00]
  Objective range  [1e+05, 5e+05]
  Bounds range     [0e+00, 0e+00]
  RHS range        [1e+00, 1e+00]
LP warm-start: use basis

Iteration    Objective       Primal Inf.    Dual Inf.      Time
       0   -1.0539352e+31   8.611104e+33   1.053935e+01      1s
     340   -9.3198071e+29   1.142231e+34   9.319806e-01      5s
     656   -1.7093894e+29   4.242614e+33   1.709389e-01     10s
     964    3.4014673e+06   1.152455e+03   0.000000e+00     15s
    1316    3.4014675e+06   4.325479e+02   0.000000e+00     21s
    1664    3.4014675e+06   1.901084e+02   0.000000e+00     26s
    2015    3.4014675e+06   8.073629e+01   0.000000e+00     32s
    2249    3.4014676e+06   6.022087e+01   0.000000e+00     35s
    2605    3.4014676e+06   1.034480e+02   0.000000e+00     41s
    2958    3.4014676e+06   1.524591e+01   0.000000e+00     46s
    3307    3.4014676e+06   6.439300e+01   0.000000e+00     52s
    3538    3.4014676e+06   1.743027e+01   0.000000e+00     55s
    3894    3.4014676e+06   8.265506e+00   0.000000e+00     61s
    4172    3.4014676e+06   0.000000e+00   0.000000e+00     65s

Solved in 4172 iterations and 65.14 seconds (88.81 work units)
Optimal objective  3.401467583e+06
Set parameter TimeLimit to value 3.4262622897913679e+03
Set parameter Method to value 1
Gurobi Optimizer version 12.0.3 build v12.0.3rc0 (linux64 - "Ubuntu 24.04.4 LTS")

CPU model: Intel(R) Xeon(R) Gold 5218R CPU @ 2.10GHz, instruction set [SSE2|AVX|AVX2|AVX512]
Thread count: 40 physical cores, 40 logical processors, using up to 1 threads

Non-default parameters:
TimeLimit  3.4262622897913679e+03
Method  1
BarHomogeneous  1
Threads  1

Optimize a model with 841 rows, 236437 columns and 6324418 nonzeros
Coefficient statistics:
  Matrix range     [1e+00, 1e+00]
  Objective range  [1e+05, 5e+05]
  Bounds range     [0e+00, 0e+00]
  RHS range        [1e+00, 1e+00]
LP warm-start: use basis

Iteration    Objective       Primal Inf.    Dual Inf.      Time
       0   -1.0514838e+31   6.737827e+33   1.051484e+01      1s
     349   -6.3237267e+29   1.125719e+33   6.323727e-01      6s
     666   -8.4244984e+28   9.183872e+32   8.424500e-02     10s
     984    3.4014674e+06   1.756876e+03   0.000000e+00     15s
    1338    3.4014675e+06   2.207290e+02   0.000000e+00     21s
    1690    3.4014675e+06   3.714014e+01   0.000000e+00     26s
    2042    3.4014675e+06   3.514420e+02   0.000000e+00     32s
    2275    3.4014676e+06   1.725659e+01   0.000000e+00     35s
    2632    3.4014676e+06   1.965130e+01   0.000000e+00     41s
    2988    3.4014676e+06   1.949916e+01   0.000000e+00     46s
    3343    3.4014676e+06   6.243396e+00   0.000000e+00     52s
    3578    3.4014676e+06   1.297405e-02   0.000000e+00     55s
    3601    3.4014676e+06   0.000000e+00   0.000000e+00     56s

Solved in 3601 iterations and 55.78 seconds (76.24 work units)
Optimal objective  3.401467567e+06
Set parameter TimeLimit to value 3.3443297608951107e+03
Set parameter Method to value 1
Gurobi Optimizer version 12.0.3 build v12.0.3rc0 (linux64 - "Ubuntu 24.04.4 LTS")

CPU model: Intel(R) Xeon(R) Gold 5218R CPU @ 2.10GHz, instruction set [SSE2|AVX|AVX2|AVX512]
Thread count: 40 physical cores, 40 logical processors, using up to 1 threads

Non-default parameters:
TimeLimit  3.3443297608951107e+03
Method  1
BarHomogeneous  1
Threads  1

Optimize a model with 841 rows, 236467 columns and 6325349 nonzeros
Coefficient statistics:
  Matrix range     [1e+00, 1e+00]
  Objective range  [1e+05, 5e+05]
  Bounds range     [0e+00, 0e+00]
  RHS range        [1e+00, 1e+00]
LP warm-start: use basis

Iteration    Objective       Primal Inf.    Dual Inf.      Time
       0   -1.3869051e+31   3.960244e+34   1.386905e+01      1s
      62    3.4014676e+06   0.000000e+00   0.000000e+00      2s

Solved in 62 iterations and 1.56 seconds (1.82 work units)
Optimal objective  3.401467567e+06
Set parameter TimeLimit to value 3.3174941635583527e+03
Set parameter Method to value 1
Gurobi Optimizer version 12.0.3 build v12.0.3rc0 (linux64 - "Ubuntu 24.04.4 LTS")

CPU model: Intel(R) Xeon(R) Gold 5218R CPU @ 2.10GHz, instruction set [SSE2|AVX|AVX2|AVX512]
Thread count: 40 physical cores, 40 logical processors, using up to 1 threads

Non-default parameters:
TimeLimit  3.3174941635583527e+03
Method  1
BarHomogeneous  1
Threads  1

Optimize a model with 841 rows, 236497 columns and 6326329 nonzeros
Coefficient statistics:
  Matrix range     [1e+00, 1e+00]
  Objective range  [1e+05, 5e+05]
  Bounds range     [0e+00, 0e+00]
  RHS range        [1e+00, 1e+00]
LP warm-start: use basis

Iteration    Objective       Primal Inf.    Dual Inf.      Time
       0   -1.0690599e+31   2.047907e+34   1.069060e+01      0s
     371   -9.9886338e+28   1.887992e+33   9.988631e-02      5s
     726    3.4014675e+06   5.226511e+02   0.000000e+00     11s
    1081    3.4014675e+06   9.196348e+02   0.000000e+00     16s
    1320    3.4014675e+06   1.409048e+02   0.000000e+00     20s
    1676    3.4014676e+06   4.909589e+01   0.000000e+00     26s
    2031    3.4014676e+06   2.233697e+01   0.000000e+00     31s
    2386    3.4014676e+06   7.334051e+01   0.000000e+00     37s
    2620    3.4014676e+06   3.416046e+00   0.000000e+00     40s
    2716    3.4014676e+06   0.000000e+00   0.000000e+00     42s

Solved in 2716 iterations and 41.85 seconds (56.94 work units)
Optimal objective  3.401467558e+06
Set parameter TimeLimit to value 3.2485343398726545e+03
Set parameter Method to value 1
Gurobi Optimizer version 12.0.3 build v12.0.3rc0 (linux64 - "Ubuntu 24.04.4 LTS")

CPU model: Intel(R) Xeon(R) Gold 5218R CPU @ 2.10GHz, instruction set [SSE2|AVX|AVX2|AVX512]
Thread count: 40 physical cores, 40 logical processors, using up to 1 threads

Non-default parameters:
TimeLimit  3.2485343398726545e+03
Method  1
BarHomogeneous  1
Threads  1

Optimize a model with 841 rows, 236527 columns and 6327233 nonzeros
Coefficient statistics:
  Matrix range     [1e+00, 1e+00]
  Objective range  [1e+05, 5e+05]
  Bounds range     [0e+00, 0e+00]
  RHS range        [1e+00, 1e+00]
LP warm-start: use basis

Iteration    Objective       Primal Inf.    Dual Inf.      Time
       0   -1.0870167e+31   1.764303e+34   1.087017e+01      1s
      55    3.4014676e+06   0.000000e+00   0.000000e+00      1s

Solved in 55 iterations and 1.43 seconds (1.64 work units)
Optimal objective  3.401467558e+06
Set parameter TimeLimit to value 3.2249705989644863e+03
Set parameter Method to value 1
Gurobi Optimizer version 12.0.3 build v12.0.3rc0 (linux64 - "Ubuntu 24.04.4 LTS")

CPU model: Intel(R) Xeon(R) Gold 5218R CPU @ 2.10GHz, instruction set [SSE2|AVX|AVX2|AVX512]
Thread count: 40 physical cores, 40 logical processors, using up to 1 threads

Non-default parameters:
TimeLimit  3.2249705989644863e+03
Method  1
BarHomogeneous  1
Threads  1

Optimize a model with 841 rows, 236557 columns and 6328110 nonzeros
Coefficient statistics:
  Matrix range     [1e+00, 1e+00]
  Objective range  [1e+05, 5e+05]
  Bounds range     [0e+00, 0e+00]
  RHS range        [1e+00, 1e+00]
LP warm-start: use basis

Iteration    Objective       Primal Inf.    Dual Inf.      Time
       0   -9.9221120e+30   2.430290e+34   9.922111e+00      0s
     408    3.4014675e+06   3.766784e+02   0.000000e+00      7s
     643    3.4014675e+06   4.799571e+02   0.000000e+00     10s
     989    3.4014675e+06   1.891975e+02   0.000000e+00     16s
    1338    3.4014676e+06   2.537231e+02   0.000000e+00     21s
    1573    3.4014676e+06   3.224621e+00   0.000000e+00     25s
    1912    3.4014676e+06   0.000000e+00   0.000000e+00     31s

Solved in 1912 iterations and 30.58 seconds (41.01 work units)
Optimal objective  3.401467552e+06
Set parameter TimeLimit to value 3.1678720968053676e+03
Set parameter Method to value 1
Gurobi Optimizer version 12.0.3 build v12.0.3rc0 (linux64 - "Ubuntu 24.04.4 LTS")

CPU model: Intel(R) Xeon(R) Gold 5218R CPU @ 2.10GHz, instruction set [SSE2|AVX|AVX2|AVX512]
Thread count: 40 physical cores, 40 logical processors, using up to 1 threads

Non-default parameters:
TimeLimit  3.1678720968053676e+03
Method  1
BarHomogeneous  1
Threads  1

Optimize a model with 841 rows, 236587 columns and 6328973 nonzeros
Coefficient statistics:
  Matrix range     [1e+00, 1e+00]
  Objective range  [1e+05, 5e+05]
  Bounds range     [0e+00, 0e+00]
  RHS range        [1e+00, 1e+00]
LP warm-start: use basis

Iteration    Objective       Primal Inf.    Dual Inf.      Time
       0   -1.1915377e+31   8.773202e+33   1.191538e+01      1s
       1    3.4014676e+06   0.000000e+00   0.000000e+00      1s

Solved in 1 iterations and 0.59 seconds (0.48 work units)
Optimal objective  3.401467552e+06
Set parameter TimeLimit to value 3.1427637334200554e+03
Set parameter Method to value 1
Gurobi Optimizer version 12.0.3 build v12.0.3rc0 (linux64 - "Ubuntu 24.04.4 LTS")

CPU model: Intel(R) Xeon(R) Gold 5218R CPU @ 2.10GHz, instruction set [SSE2|AVX|AVX2|AVX512]
Thread count: 40 physical cores, 40 logical processors, using up to 1 threads

Non-default parameters:
TimeLimit  3.1427637334200554e+03
Method  1
BarHomogeneous  1
Threads  1

Optimize a model with 841 rows, 236617 columns and 6329636 nonzeros
Coefficient statistics:
  Matrix range     [1e+00, 1e+00]
  Objective range  [1e+05, 5e+05]
  Bounds range     [0e+00, 0e+00]
  RHS range        [1e+00, 1e+00]
LP warm-start: use basis

Iteration    Objective       Primal Inf.    Dual Inf.      Time
       0   -1.5813577e+31   1.142082e+34   1.581358e+01      1s
      81    3.4014676e+06   0.000000e+00   0.000000e+00      2s

Solved in 81 iterations and 1.82 seconds (2.19 work units)
Optimal objective  3.401467552e+06
Set parameter TimeLimit to value 3.1150021105180494e+03
Set parameter Method to value 1
Gurobi Optimizer version 12.0.3 build v12.0.3rc0 (linux64 - "Ubuntu 24.04.4 LTS")

CPU model: Intel(R) Xeon(R) Gold 5218R CPU @ 2.10GHz, instruction set [SSE2|AVX|AVX2|AVX512]
Thread count: 40 physical cores, 40 logical processors, using up to 1 threads

Non-default parameters:
TimeLimit  3.1150021105180494e+03
Method  1
BarHomogeneous  1
Threads  1

Optimize a model with 841 rows, 236647 columns and 6330540 nonzeros
Coefficient statistics:
  Matrix range     [1e+00, 1e+00]
  Objective range  [1e+05, 5e+05]
  Bounds range     [0e+00, 0e+00]
  RHS range        [1e+00, 1e+00]
LP warm-start: use basis

Iteration    Objective       Primal Inf.    Dual Inf.      Time
       0   -1.0124096e+31   6.548388e+33   1.012410e+01      1s
     350   -2.1063799e+30   1.549999e+33   2.106380e+00      5s
     667   -5.0495598e+29   1.406048e+33   5.049561e-01     10s
    1062   -5.2717953e+28   9.432788e+32   5.271793e-02     16s
    1415    3.4014674e+06   3.061473e+02   0.000000e+00     21s
    1654    3.4014674e+06   4.643438e+02   0.000000e+00     25s
    2006    3.4014675e+06   7.641879e+01   0.000000e+00     30s
    2359    3.4014675e+06   6.813555e+02   0.000000e+00     36s
    2709    3.4014675e+06   2.585686e+02   0.000000e+00     41s
    3058    3.4014675e+06   5.762402e+01   0.000000e+00     47s
    3295    3.4014675e+06   2.100136e+01   0.000000e+00     50s
    3649    3.4014675e+06   2.057470e+01   0.000000e+00     56s
    4000    3.4014675e+06   3.789561e+00   0.000000e+00     61s
    4252    3.4014675e+06   0.000000e+00   0.000000e+00     65s

Solved in 4252 iterations and 65.02 seconds (89.83 work units)
Optimal objective  3.401467530e+06
Set parameter TimeLimit to value 3.0232969755828381e+03
Set parameter Method to value 1
Gurobi Optimizer version 12.0.3 build v12.0.3rc0 (linux64 - "Ubuntu 24.04.4 LTS")

CPU model: Intel(R) Xeon(R) Gold 5218R CPU @ 2.10GHz, instruction set [SSE2|AVX|AVX2|AVX512]
Thread count: 40 physical cores, 40 logical processors, using up to 1 threads

Non-default parameters:
TimeLimit  3.0232969755828381e+03
Method  1
BarHomogeneous  1
Threads  1

Optimize a model with 841 rows, 236677 columns and 6331383 nonzeros
Coefficient statistics:
  Matrix range     [1e+00, 1e+00]
  Objective range  [1e+05, 5e+05]
  Bounds range     [0e+00, 0e+00]
  RHS range        [1e+00, 1e+00]
LP warm-start: use basis

Iteration    Objective       Primal Inf.    Dual Inf.      Time
       0   -1.0924634e+31   1.466748e+34   1.092463e+01      1s
       1    3.4014675e+06   0.000000e+00   0.000000e+00      1s

Solved in 1 iterations and 0.62 seconds (0.51 work units)
Optimal objective  3.401467530e+06
Set parameter TimeLimit to value 2.9976788909011520e+03
Set parameter Method to value 1
Gurobi Optimizer version 12.0.3 build v12.0.3rc0 (linux64 - "Ubuntu 24.04.4 LTS")

CPU model: Intel(R) Xeon(R) Gold 5218R CPU @ 2.10GHz, instruction set [SSE2|AVX|AVX2|AVX512]
Thread count: 40 physical cores, 40 logical processors, using up to 1 threads

Non-default parameters:
TimeLimit  2.9976788909011520e+03
Method  1
BarHomogeneous  1
Threads  1

Optimize a model with 841 rows, 236707 columns and 6332298 nonzeros
Coefficient statistics:
  Matrix range     [1e+00, 1e+00]
  Objective range  [1e+05, 5e+05]
  Bounds range     [0e+00, 0e+00]
  RHS range        [1e+00, 1e+00]
LP warm-start: use basis

Iteration    Objective       Primal Inf.    Dual Inf.      Time
       0   -1.0164069e+31   2.234499e+34   1.016407e+01      0s
     358   -5.5906920e+29   1.163642e+33   5.590693e-01      5s
     676   -2.2355835e+28   4.612203e+32   2.235587e-02     10s
    1106    3.4014674e+06   8.861304e+02   0.000000e+00     17s
    1342    3.4014674e+06   2.913838e+03   0.000000e+00     20s
    1693    3.4014675e+06   3.394857e+01   0.000000e+00     25s
    2042    3.4014675e+06   1.540657e+02   0.000000e+00     31s
    2394    3.4014675e+06   9.109530e+01   0.000000e+00     36s
    2747    3.4014675e+06   2.718367e+01   0.000000e+00     41s
    3102    3.4014675e+06   1.642306e+01   0.000000e+00     47s
    3336    3.4014675e+06   5.041538e+00   0.000000e+00     50s
    3585    3.4014675e+06   0.000000e+00   0.000000e+00     54s

Solved in 3585 iterations and 54.14 seconds (75.71 work units)
Optimal objective  3.401467512e+06
Set parameter TimeLimit to value 2.9169772192342207e+03
Set parameter Method to value 1
Gurobi Optimizer version 12.0.3 build v12.0.3rc0 (linux64 - "Ubuntu 24.04.4 LTS")

CPU model: Intel(R) Xeon(R) Gold 5218R CPU @ 2.10GHz, instruction set [SSE2|AVX|AVX2|AVX512]
Thread count: 40 physical cores, 40 logical processors, using up to 1 threads

Non-default parameters:
TimeLimit  2.9169772192342207e+03
Method  1
BarHomogeneous  1
Threads  1

Optimize a model with 841 rows, 236737 columns and 6333118 nonzeros
Coefficient statistics:
  Matrix range     [1e+00, 1e+00]
  Objective range  [1e+05, 5e+05]
  Bounds range     [0e+00, 0e+00]
  RHS range        [1e+00, 1e+00]
LP warm-start: use basis

Iteration    Objective       Primal Inf.    Dual Inf.      Time
       0   -1.0231017e+31   1.390704e+34   1.023102e+01      0s
     373    3.4014675e+06   4.436448e+02   0.000000e+00      6s
     727    3.4014675e+06   5.140986e+00   0.000000e+00     11s
    1081    3.4014675e+06   1.354496e-02   0.000000e+00     17s
    1091    3.4014675e+06   0.000000e+00   0.000000e+00     17s

Solved in 1091 iterations and 17.03 seconds (23.43 work units)
Optimal objective  3.401467507e+06
Set parameter TimeLimit to value 2.8735689362003468e+03
Set parameter Method to value 1
Gurobi Optimizer version 12.0.3 build v12.0.3rc0 (linux64 - "Ubuntu 24.04.4 LTS")

CPU model: Intel(R) Xeon(R) Gold 5218R CPU @ 2.10GHz, instruction set [SSE2|AVX|AVX2|AVX512]
Thread count: 40 physical cores, 40 logical processors, using up to 1 threads

Non-default parameters:
TimeLimit  2.8735689362003468e+03
Method  1
BarHomogeneous  1
Threads  1

Optimize a model with 841 rows, 236767 columns and 6333939 nonzeros
Coefficient statistics:
  Matrix range     [1e+00, 1e+00]
  Objective range  [1e+05, 5e+05]
  Bounds range     [0e+00, 0e+00]
  RHS range        [1e+00, 1e+00]
LP warm-start: use basis

Iteration    Objective       Primal Inf.    Dual Inf.      Time
       0   -1.0216293e+31   1.352620e+34   1.021629e+01      1s
     355   -2.4943875e+28   1.990572e+32   2.494386e-02      5s
     705    3.4014674e+06   7.702790e+02   0.000000e+00     11s
    1057    3.4014675e+06   1.062788e+02   0.000000e+00     16s
    1406    3.4014675e+06   3.074070e+02   0.000000e+00     22s
    1639    3.4014675e+06   2.355404e+01   0.000000e+00     25s
    1992    3.4014675e+06   2.527009e+01   0.000000e+00     31s
    2347    3.4014675e+06   5.642108e-01   0.000000e+00     36s
    2418    3.4014675e+06   0.000000e+00   0.000000e+00     37s

Solved in 2418 iterations and 37.27 seconds (51.10 work units)
Optimal objective  3.401467497e+06
Set parameter TimeLimit to value 2.8102313859313726e+03
Set parameter Method to value 1
Gurobi Optimizer version 12.0.3 build v12.0.3rc0 (linux64 - "Ubuntu 24.04.4 LTS")

CPU model: Intel(R) Xeon(R) Gold 5218R CPU @ 2.10GHz, instruction set [SSE2|AVX|AVX2|AVX512]
Thread count: 40 physical cores, 40 logical processors, using up to 1 threads

Non-default parameters:
TimeLimit  2.8102313859313726e+03
Method  1
BarHomogeneous  1
Threads  1

Optimize a model with 841 rows, 236797 columns and 6334750 nonzeros
Coefficient statistics:
  Matrix range     [1e+00, 1e+00]
  Objective range  [1e+05, 5e+05]
  Bounds range     [0e+00, 0e+00]
  RHS range        [1e+00, 1e+00]
LP warm-start: use basis

Iteration    Objective       Primal Inf.    Dual Inf.      Time
       0   -1.0285637e+31   7.593827e+33   1.028564e+01      1s
     342   -3.2220690e+29   9.440019e+33   3.222071e-01      5s
     698    3.4014672e+06   9.944359e+02   0.000000e+00     11s
    1052    3.4014672e+06   6.380276e+03   0.000000e+00     16s
    1409    3.4014673e+06   4.374204e+03   0.000000e+00     22s
    1646    3.4014674e+06   2.153942e+02   0.000000e+00     25s
    2001    3.4014674e+06   1.084647e+02   0.000000e+00     31s
    2349    3.4014674e+06   1.086345e+02   0.000000e+00     36s
    2703    3.4014674e+06   9.970265e+01   0.000000e+00     42s
    2943    3.4014674e+06   9.866884e+00   0.000000e+00     45s
    3294    3.4014674e+06   3.091967e+01   0.000000e+00     51s
    3644    3.4014674e+06   6.488484e+01   0.000000e+00     56s
    4001    3.4014674e+06   6.149687e+00   0.000000e+00     62s
    4241    3.4014674e+06   3.290273e+00   0.000000e+00     65s
    4340    3.4014674e+06   0.000000e+00   0.000000e+00     67s

Solved in 4340 iterations and 66.89 seconds (92.08 work units)
Optimal objective  3.401467447e+06
Set parameter TimeLimit to value 2.7166645743548870e+03
Set parameter Method to value 1
Gurobi Optimizer version 12.0.3 build v12.0.3rc0 (linux64 - "Ubuntu 24.04.4 LTS")

CPU model: Intel(R) Xeon(R) Gold 5218R CPU @ 2.10GHz, instruction set [SSE2|AVX|AVX2|AVX512]
Thread count: 40 physical cores, 40 logical processors, using up to 1 threads

Non-default parameters:
TimeLimit  2.7166645743548870e+03
Method  1
BarHomogeneous  1
Threads  1

Optimize a model with 841 rows, 236827 columns and 6335597 nonzeros
Coefficient statistics:
  Matrix range     [1e+00, 1e+00]
  Objective range  [1e+05, 5e+05]
  Bounds range     [0e+00, 0e+00]
  RHS range        [1e+00, 1e+00]
LP warm-start: use basis

Iteration    Objective       Primal Inf.    Dual Inf.      Time
       0   -1.2322361e+31   2.008370e+34   1.232236e+01      1s
     354   -4.8002554e+29   2.377054e+33   4.800250e-01      6s
     735    3.4014673e+06   8.945744e+02   0.000000e+00     12s
     968    3.4014673e+06   1.896675e+03   0.000000e+00     15s
    1319    3.4014674e+06   1.684115e+03   0.000000e+00     21s
    1674    3.4014674e+06   5.462248e+01   0.000000e+00     26s
    2026    3.4014674e+06   2.858479e+01   0.000000e+00     32s
    2260    3.4014674e+06   2.472905e+01   0.000000e+00     35s
    2613    3.4014674e+06   6.195391e+00   0.000000e+00     41s
    2969    3.4014674e+06   7.108089e-01   0.000000e+00     46s
    3153    3.4014674e+06   0.000000e+00   0.000000e+00     49s

Solved in 3153 iterations and 49.04 seconds (67.12 work units)
Optimal objective  3.401467430e+06
Set parameter TimeLimit to value 2.6405253656501882e+03
Set parameter Method to value 1
Gurobi Optimizer version 12.0.3 build v12.0.3rc0 (linux64 - "Ubuntu 24.04.4 LTS")

CPU model: Intel(R) Xeon(R) Gold 5218R CPU @ 2.10GHz, instruction set [SSE2|AVX|AVX2|AVX512]
Thread count: 40 physical cores, 40 logical processors, using up to 1 threads

Non-default parameters:
TimeLimit  2.6405253656501882e+03
Method  1
BarHomogeneous  1
Threads  1

Optimize a model with 841 rows, 236857 columns and 6336492 nonzeros
Coefficient statistics:
  Matrix range     [1e+00, 1e+00]
  Objective range  [1e+05, 5e+05]
  Bounds range     [0e+00, 0e+00]
  RHS range        [1e+00, 1e+00]
LP warm-start: use basis

Iteration    Objective       Primal Inf.    Dual Inf.      Time
       0   -1.0758096e+31   2.715154e+34   1.075810e+01      1s
     350   -3.7268633e+29   2.620523e+33   3.726863e-01      6s
     672   -1.5840402e+28   1.296649e+33   1.584030e-02     10s
    1068    3.4014673e+06   1.601017e+02   0.000000e+00     17s
    1301    3.4014674e+06   3.437375e+02   0.000000e+00     20s
    1656    3.4014674e+06   5.255828e+01   0.000000e+00     26s
    2011    3.4014674e+06   2.535539e+01   0.000000e+00     31s
    2363    3.4014674e+06   2.293734e+02   0.000000e+00     36s
    2595    3.4014674e+06   1.098929e+02   0.000000e+00     40s
    2952    3.4014674e+06   8.893732e+00   0.000000e+00     45s
    3309    3.4014674e+06   2.459294e+00   0.000000e+00     51s
    3544    3.4014674e+06   0.000000e+00   0.000000e+00     55s

Solved in 3544 iterations and 54.60 seconds (75.14 work units)
Optimal objective  3.401467417e+06
Set parameter TimeLimit to value 2.5592497779866681e+03
Set parameter Method to value 1
Gurobi Optimizer version 12.0.3 build v12.0.3rc0 (linux64 - "Ubuntu 24.04.4 LTS")

CPU model: Intel(R) Xeon(R) Gold 5218R CPU @ 2.10GHz, instruction set [SSE2|AVX|AVX2|AVX512]
Thread count: 40 physical cores, 40 logical processors, using up to 1 threads

Non-default parameters:
TimeLimit  2.5592497779866681e+03
Method  1
BarHomogeneous  1
Threads  1

Optimize a model with 841 rows, 236887 columns and 6337103 nonzeros
Coefficient statistics:
  Matrix range     [1e+00, 1e+00]
  Objective range  [1e+05, 5e+05]
  Bounds range     [0e+00, 0e+00]
  RHS range        [1e+00, 1e+00]
LP warm-start: use basis

Iteration    Objective       Primal Inf.    Dual Inf.      Time
       0   -2.2113653e+31   2.938443e+34   2.211366e+01      1s
     104    3.4014674e+06   0.000000e+00   0.000000e+00      2s

Solved in 104 iterations and 2.23 seconds (2.70 work units)
Optimal objective  3.401467417e+06
Set parameter TimeLimit to value 2.5315977139384486e+03
Set parameter Method to value 1
Gurobi Optimizer version 12.0.3 build v12.0.3rc0 (linux64 - "Ubuntu 24.04.4 LTS")

CPU model: Intel(R) Xeon(R) Gold 5218R CPU @ 2.10GHz, instruction set [SSE2|AVX|AVX2|AVX512]
Thread count: 40 physical cores, 40 logical processors, using up to 1 threads

Non-default parameters:
TimeLimit  2.5315977139384486e+03
Method  1
BarHomogeneous  1
Threads  1

Optimize a model with 841 rows, 236917 columns and 6338164 nonzeros
Coefficient statistics:
  Matrix range     [1e+00, 1e+00]
  Objective range  [1e+05, 5e+05]
  Bounds range     [0e+00, 0e+00]
  RHS range        [1e+00, 1e+00]
LP warm-start: use basis

Iteration    Objective       Primal Inf.    Dual Inf.      Time
       0   -1.0511696e+31   2.250760e+34   1.051170e+01      1s
      91    3.4014674e+06   0.000000e+00   0.000000e+00      2s

Solved in 91 iterations and 1.96 seconds (2.39 work units)
Optimal objective  3.401467417e+06
Set parameter TimeLimit to value 2.5063960455767810e+03
Set parameter Method to value 1
Gurobi Optimizer version 12.0.3 build v12.0.3rc0 (linux64 - "Ubuntu 24.04.4 LTS")

CPU model: Intel(R) Xeon(R) Gold 5218R CPU @ 2.10GHz, instruction set [SSE2|AVX|AVX2|AVX512]
Thread count: 40 physical cores, 40 logical processors, using up to 1 threads

Non-default parameters:
TimeLimit  2.5063960455767810e+03
Method  1
BarHomogeneous  1
Threads  1

Optimize a model with 841 rows, 236947 columns and 6338996 nonzeros
Coefficient statistics:
  Matrix range     [1e+00, 1e+00]
  Objective range  [1e+05, 5e+05]
  Bounds range     [0e+00, 0e+00]
  RHS range        [1e+00, 1e+00]
LP warm-start: use basis

Iteration    Objective       Primal Inf.    Dual Inf.      Time
       0   -9.6710853e+30   6.202598e+33   9.671086e+00      1s
     354   -8.5903190e+29   3.621555e+33   8.590321e-01      5s
     670   -9.4725732e+28   3.324145e+32   9.472575e-02     10s
    1026   -1.6646005e+27   2.523128e+32   1.665655e-03     16s
    1382    3.4014672e+06   1.038368e+03   0.000000e+00     21s
    1739    3.4014673e+06   4.981478e+02   0.000000e+00     27s
    1973    3.4014673e+06   2.771221e+02   0.000000e+00     30s
    2329    3.4014673e+06   1.279146e+02   0.000000e+00     36s
    2688    3.4014673e+06   4.084650e+01   0.000000e+00     41s
    3038    3.4014674e+06   1.545800e+01   0.000000e+00     47s
    3272    3.4014674e+06   8.698042e+00   0.000000e+00     50s
    3625    3.4014674e+06   2.547438e+01   0.000000e+00     56s
    3974    3.4014674e+06   1.588881e+01   0.000000e+00     61s
    4329    3.4014674e+06   6.081884e+00   0.000000e+00     67s
    4566    3.4014674e+06   2.785428e+00   0.000000e+00     70s
    4768    3.4014674e+06   0.000000e+00   0.000000e+00     74s

Solved in 4768 iterations and 73.62 seconds (100.68 work units)
Optimal objective  3.401467384e+06
Set parameter TimeLimit to value 2.4063088206262328e+03
Set parameter Method to value 1
Gurobi Optimizer version 12.0.3 build v12.0.3rc0 (linux64 - "Ubuntu 24.04.4 LTS")

CPU model: Intel(R) Xeon(R) Gold 5218R CPU @ 2.10GHz, instruction set [SSE2|AVX|AVX2|AVX512]
Thread count: 40 physical cores, 40 logical processors, using up to 1 threads

Non-default parameters:
TimeLimit  2.4063088206262328e+03
Method  1
BarHomogeneous  1
Threads  1

Optimize a model with 841 rows, 236977 columns and 6339928 nonzeros
Coefficient statistics:
  Matrix range     [1e+00, 1e+00]
  Objective range  [1e+05, 5e+05]
  Bounds range     [0e+00, 0e+00]
  RHS range        [1e+00, 1e+00]
LP warm-start: use basis

Iteration    Objective       Primal Inf.    Dual Inf.      Time
       0   -1.3863331e+31   1.324647e+34   1.386333e+01      1s
     107    3.4014674e+06   0.000000e+00   0.000000e+00      2s

Solved in 107 iterations and 2.27 seconds (2.77 work units)
Optimal objective  3.401467384e+06
Set parameter TimeLimit to value 2.3784832962686196e+03
Set parameter Method to value 1
Gurobi Optimizer version 12.0.3 build v12.0.3rc0 (linux64 - "Ubuntu 24.04.4 LTS")

CPU model: Intel(R) Xeon(R) Gold 5218R CPU @ 2.10GHz, instruction set [SSE2|AVX|AVX2|AVX512]
Thread count: 40 physical cores, 40 logical processors, using up to 1 threads

Non-default parameters:
TimeLimit  2.3784832962686196e+03
Method  1
BarHomogeneous  1
Threads  1

Optimize a model with 841 rows, 237007 columns and 6340948 nonzeros
Coefficient statistics:
  Matrix range     [1e+00, 1e+00]
  Objective range  [1e+05, 5e+05]
  Bounds range     [0e+00, 0e+00]
  RHS range        [1e+00, 1e+00]
LP warm-start: use basis

Iteration    Objective       Primal Inf.    Dual Inf.      Time
       0   -1.1626385e+31   1.262866e+34   1.162639e+01      1s
     354   -1.7213597e+30   1.152747e+33   1.721360e+00      5s
     666   -3.2264054e+29   5.617197e+32   3.226405e-01     10s
     983   -5.5942335e+28   6.472347e+32   5.594233e-02     15s
    1332    3.4014672e+06   3.205485e+02   0.000000e+00     21s
    1681    3.4014673e+06   2.521454e+02   0.000000e+00     26s
    2027    3.4014673e+06   1.381168e+02   0.000000e+00     31s
    2378    3.4014673e+06   1.070180e+02   0.000000e+00     37s
    2615    3.4014673e+06   3.327029e+02   0.000000e+00     40s
