
Gurobi 12.0.3 (linux64) logging started Tue Sep 22 03:47:38 2026

Set parameter LogFile to value "/share/scaglione/nc437/evsp-dr/chain_extension_33_40_20260921/cases/w1_k33/cg/661618_r0/cg.json.gurobi.log"
Set parameter TimeLimit to value 1.2254150055948179e+04
Set parameter TimeLimit to value 1.2254150055948179e+04
Set parameter Method to value 1
Gurobi Optimizer version 12.0.3 build v12.0.3rc0 (linux64 - "Ubuntu 24.04.4 LTS")

CPU model: Intel(R) Xeon(R) Gold 5218 CPU @ 2.30GHz, instruction set [SSE2|AVX|AVX2|AVX512]
Thread count: 32 physical cores, 32 logical processors, using up to 1 threads

Non-default parameters:
TimeLimit  1.2254150055948179e+04
Method  1
BarHomogeneous  1
Threads  1

Optimize a model with 785 rows, 280173 columns and 7924880 nonzeros
Model fingerprint: 0x050c930b
Coefficient statistics:
  Matrix range     [1e+00, 1e+00]
  Objective range  [1e+05, 5e+05]
  Bounds range     [0e+00, 0e+00]
  RHS range        [1e+00, 1e+00]
Presolve removed 17 rows and 802 columns
Presolve time: 3.63s
Presolved: 768 rows, 279371 columns, 7924078 nonzeros

Iteration    Objective       Primal Inf.    Dual Inf.      Time
       0    1.7000000e+06   7.680000e+02   0.000000e+00      4s

Starting sifting (using dual simplex for sub-problems)...

    Iter     Pivots    Primal Obj      Dual Obj        Time
       0          0     infinity      1.7000000e+06      4s
       1       1190   1.8019317e+07   2.2700461e+06      4s
       2       5793   6.3607672e+06   2.7545407e+06      6s
       3       9901   5.0844530e+06   3.4897529e+06      8s
       4      18396   4.9125897e+06   4.0831407e+06     12s
       5      30485   4.9017346e+06   4.8987265e+06     19s
       6      37605   4.9014725e+06   4.9004150e+06     25s
       7      44557   4.9013498e+06   4.9009303e+06     32s
       8      52540   4.9013115e+06   4.9011094e+06     41s
       9      59300   4.9012973e+06   4.9012082e+06     49s
      10      65927   4.9012927e+06   4.9012330e+06     58s
      11      73249   4.9012902e+06   4.9012477e+06     67s
      12      80578   4.9012894e+06   4.9012723e+06     77s

Sifting complete

   88949    4.9012891e+06   0.000000e+00   8.422267e+02     88s
   92535    4.9012891e+06   0.000000e+00   8.543486e+01     90s
   95929    4.9012891e+06   0.000000e+00   0.000000e+00     94s

Solved in 95929 iterations and 94.22 seconds (148.88 work units)
Optimal objective  4.901289141e+06
Set parameter TimeLimit to value 1.2119760774214286e+04
Set parameter Method to value 1
Gurobi Optimizer version 12.0.3 build v12.0.3rc0 (linux64 - "Ubuntu 24.04.4 LTS")

CPU model: Intel(R) Xeon(R) Gold 5218 CPU @ 2.30GHz, instruction set [SSE2|AVX|AVX2|AVX512]
Thread count: 32 physical cores, 32 logical processors, using up to 1 threads

Non-default parameters:
TimeLimit  1.2119760774214286e+04
Method  1
BarHomogeneous  1
Threads  1

Optimize a model with 785 rows, 280203 columns and 7925445 nonzeros
Coefficient statistics:
  Matrix range     [1e+00, 1e+00]
  Objective range  [1e+05, 5e+05]
  Bounds range     [0e+00, 0e+00]
  RHS range        [1e+00, 1e+00]
LP warm-start: use basis

Iteration    Objective       Primal Inf.    Dual Inf.      Time
       0   -4.5097395e+37   7.663449e+33   4.509739e+07      1s
     320    3.3013704e+06   1.812846e+03   0.000000e+00      6s
     680    3.3013705e+06   5.324379e+03   0.000000e+00     12s
     920    3.3013705e+06   9.026592e+02   0.000000e+00     16s
    1280    3.3013706e+06   8.404791e+01   0.000000e+00     22s
    1520    3.3013706e+06   9.392364e+01   0.000000e+00     26s
    1760    3.3013706e+06   8.460181e+01   0.000000e+00     30s
    2115    3.3013706e+06   3.880324e+01   0.000000e+00     36s
    2355    3.3013706e+06   6.488717e+01   0.000000e+00     40s
    2714    3.3013706e+06   4.130363e+00   0.000000e+00     47s
    2923    3.3013706e+06   0.000000e+00   0.000000e+00     50s

Solved in 2923 iterations and 50.47 seconds (73.86 work units)
Optimal objective  3.301370579e+06
Set parameter TimeLimit to value 1.2042559805088211e+04
Set parameter Method to value 1
Gurobi Optimizer version 12.0.3 build v12.0.3rc0 (linux64 - "Ubuntu 24.04.4 LTS")

CPU model: Intel(R) Xeon(R) Gold 5218 CPU @ 2.30GHz, instruction set [SSE2|AVX|AVX2|AVX512]
Thread count: 32 physical cores, 32 logical processors, using up to 1 threads

Non-default parameters:
TimeLimit  1.2042559805088211e+04
Method  1
BarHomogeneous  1
Threads  1

Optimize a model with 785 rows, 280233 columns and 7926010 nonzeros
Coefficient statistics:
  Matrix range     [1e+00, 1e+00]
  Objective range  [1e+05, 5e+05]
  Bounds range     [0e+00, 0e+00]
  RHS range        [1e+00, 1e+00]
LP warm-start: use basis

Iteration    Objective       Primal Inf.    Dual Inf.      Time
       0   -3.0006627e+36   2.621316e+34   3.000663e+06      1s
     171    3.3013706e+06   0.000000e+00   0.000000e+00      3s

Solved in 171 iterations and 3.33 seconds (4.46 work units)
Optimal objective  3.301370579e+06
Set parameter TimeLimit to value 1.2014695112614427e+04
Set parameter Method to value 1
Gurobi Optimizer version 12.0.3 build v12.0.3rc0 (linux64 - "Ubuntu 24.04.4 LTS")

CPU model: Intel(R) Xeon(R) Gold 5218 CPU @ 2.30GHz, instruction set [SSE2|AVX|AVX2|AVX512]
Thread count: 32 physical cores, 32 logical processors, using up to 1 threads

Non-default parameters:
TimeLimit  1.2014695112614427e+04
Method  1
BarHomogeneous  1
Threads  1

Optimize a model with 785 rows, 280263 columns and 7926701 nonzeros
Coefficient statistics:
  Matrix range     [1e+00, 1e+00]
  Objective range  [1e+05, 5e+05]
  Bounds range     [0e+00, 0e+00]
  RHS range        [1e+00, 1e+00]
LP warm-start: use basis

Iteration    Objective       Primal Inf.    Dual Inf.      Time
       0   -2.9999020e+36   2.557018e+34   2.999902e+06      1s
     110    3.3013706e+06   0.000000e+00   0.000000e+00      2s

Solved in 110 iterations and 2.46 seconds (3.04 work units)
Optimal objective  3.301370579e+06
Set parameter TimeLimit to value 1.1989711040865164e+04
Set parameter Method to value 1
Gurobi Optimizer version 12.0.3 build v12.0.3rc0 (linux64 - "Ubuntu 24.04.4 LTS")

CPU model: Intel(R) Xeon(R) Gold 5218 CPU @ 2.30GHz, instruction set [SSE2|AVX|AVX2|AVX512]
Thread count: 32 physical cores, 32 logical processors, using up to 1 threads

Non-default parameters:
TimeLimit  1.1989711040865164e+04
Method  1
BarHomogeneous  1
Threads  1

Optimize a model with 785 rows, 280293 columns and 7927316 nonzeros
Coefficient statistics:
  Matrix range     [1e+00, 1e+00]
  Objective range  [1e+05, 5e+05]
  Bounds range     [0e+00, 0e+00]
  RHS range        [1e+00, 1e+00]
LP warm-start: use basis

Iteration    Objective       Primal Inf.    Dual Inf.      Time
       0   -3.1641725e+33   5.963761e+34   3.164172e+03      0s
     102    3.3013706e+06   0.000000e+00   0.000000e+00      2s

Solved in 102 iterations and 2.22 seconds (2.87 work units)
Optimal objective  3.301370579e+06
Set parameter TimeLimit to value 1.1963547544341069e+04
Set parameter Method to value 1
Gurobi Optimizer version 12.0.3 build v12.0.3rc0 (linux64 - "Ubuntu 24.04.4 LTS")

CPU model: Intel(R) Xeon(R) Gold 5218 CPU @ 2.30GHz, instruction set [SSE2|AVX|AVX2|AVX512]
Thread count: 32 physical cores, 32 logical processors, using up to 1 threads

Non-default parameters:
TimeLimit  1.1963547544341069e+04
Method  1
BarHomogeneous  1
Threads  1

Optimize a model with 785 rows, 280323 columns and 7928144 nonzeros
Coefficient statistics:
  Matrix range     [1e+00, 1e+00]
  Objective range  [1e+05, 5e+05]
  Bounds range     [0e+00, 0e+00]
  RHS range        [1e+00, 1e+00]
LP warm-start: use basis

Iteration    Objective       Primal Inf.    Dual Inf.      Time
       0   -2.9551212e+33   8.907814e+34   2.955121e+03      1s
     150    3.3013706e+06   0.000000e+00   0.000000e+00      3s

Solved in 150 iterations and 3.19 seconds (4.14 work units)
Optimal objective  3.301370579e+06
Set parameter TimeLimit to value 1.1937389278193470e+04
Set parameter Method to value 1
Gurobi Optimizer version 12.0.3 build v12.0.3rc0 (linux64 - "Ubuntu 24.04.4 LTS")

CPU model: Intel(R) Xeon(R) Gold 5218 CPU @ 2.30GHz, instruction set [SSE2|AVX|AVX2|AVX512]
Thread count: 32 physical cores, 32 logical processors, using up to 1 threads

Non-default parameters:
TimeLimit  1.1937389278193470e+04
Method  1
BarHomogeneous  1
Threads  1

Optimize a model with 785 rows, 280353 columns and 7928651 nonzeros
Coefficient statistics:
  Matrix range     [1e+00, 1e+00]
  Objective range  [1e+05, 5e+05]
  Bounds range     [0e+00, 0e+00]
  RHS range        [1e+00, 1e+00]
LP warm-start: use basis

Iteration    Objective       Primal Inf.    Dual Inf.      Time
       0   -2.7853808e+33   1.178128e+35   2.785381e+03      1s
      88    3.3013706e+06   0.000000e+00   0.000000e+00      2s

Solved in 88 iterations and 2.10 seconds (2.57 work units)
Optimal objective  3.301370579e+06
Set parameter TimeLimit to value 1.1912324231010396e+04
Set parameter Method to value 1
Gurobi Optimizer version 12.0.3 build v12.0.3rc0 (linux64 - "Ubuntu 24.04.4 LTS")

CPU model: Intel(R) Xeon(R) Gold 5218 CPU @ 2.30GHz, instruction set [SSE2|AVX|AVX2|AVX512]
Thread count: 32 physical cores, 32 logical processors, using up to 1 threads

Non-default parameters:
TimeLimit  1.1912324231010396e+04
Method  1
BarHomogeneous  1
Threads  1

Optimize a model with 785 rows, 280383 columns and 7929291 nonzeros
Coefficient statistics:
  Matrix range     [1e+00, 1e+00]
  Objective range  [1e+05, 5e+05]
  Bounds range     [0e+00, 0e+00]
  RHS range        [1e+00, 1e+00]
LP warm-start: use basis

Iteration    Objective       Primal Inf.    Dual Inf.      Time
       0   -2.7884202e+33   9.470454e+34   2.788420e+03      0s
      86    3.3013706e+06   0.000000e+00   0.000000e+00      2s

Solved in 86 iterations and 2.03 seconds (2.51 work units)
Optimal objective  3.301370579e+06
Set parameter TimeLimit to value 1.1887000388173852e+04
Set parameter Method to value 1
Gurobi Optimizer version 12.0.3 build v12.0.3rc0 (linux64 - "Ubuntu 24.04.4 LTS")

CPU model: Intel(R) Xeon(R) Gold 5218 CPU @ 2.30GHz, instruction set [SSE2|AVX|AVX2|AVX512]
Thread count: 32 physical cores, 32 logical processors, using up to 1 threads

Non-default parameters:
TimeLimit  1.1887000388173852e+04
Method  1
BarHomogeneous  1
Threads  1

Optimize a model with 785 rows, 280413 columns and 7930051 nonzeros
Coefficient statistics:
  Matrix range     [1e+00, 1e+00]
  Objective range  [1e+05, 5e+05]
  Bounds range     [0e+00, 0e+00]
  RHS range        [1e+00, 1e+00]
LP warm-start: use basis

Iteration    Objective       Primal Inf.    Dual Inf.      Time
       0   -3.7959660e+33   1.348730e+35   3.795966e+03      1s
     115    3.3013706e+06   0.000000e+00   0.000000e+00      3s

Solved in 115 iterations and 2.52 seconds (3.23 work units)
Optimal objective  3.301370579e+06
Set parameter TimeLimit to value 1.1861539056739304e+04
Set parameter Method to value 1
Gurobi Optimizer version 12.0.3 build v12.0.3rc0 (linux64 - "Ubuntu 24.04.4 LTS")

CPU model: Intel(R) Xeon(R) Gold 5218 CPU @ 2.30GHz, instruction set [SSE2|AVX|AVX2|AVX512]
Thread count: 32 physical cores, 32 logical processors, using up to 1 threads

Non-default parameters:
TimeLimit  1.1861539056739304e+04
Method  1
BarHomogeneous  1
Threads  1

Optimize a model with 785 rows, 280443 columns and 7930819 nonzeros
Coefficient statistics:
  Matrix range     [1e+00, 1e+00]
  Objective range  [1e+05, 5e+05]
  Bounds range     [0e+00, 0e+00]
  RHS range        [1e+00, 1e+00]
LP warm-start: use basis

Iteration    Objective       Primal Inf.    Dual Inf.      Time
       0   -2.3063665e+33   8.723529e+34   2.306366e+03      1s
     177    3.3013706e+06   0.000000e+00   0.000000e+00      4s

Solved in 177 iterations and 3.71 seconds (4.87 work units)
Optimal objective  3.301370579e+06
Set parameter TimeLimit to value 1.1831462061759550e+04
Set parameter Method to value 1
Gurobi Optimizer version 12.0.3 build v12.0.3rc0 (linux64 - "Ubuntu 24.04.4 LTS")

CPU model: Intel(R) Xeon(R) Gold 5218 CPU @ 2.30GHz, instruction set [SSE2|AVX|AVX2|AVX512]
Thread count: 32 physical cores, 32 logical processors, using up to 1 threads

Non-default parameters:
TimeLimit  1.1831462061759550e+04
Method  1
BarHomogeneous  1
Threads  1

Optimize a model with 785 rows, 280473 columns and 7931500 nonzeros
Coefficient statistics:
  Matrix range     [1e+00, 1e+00]
  Objective range  [1e+05, 5e+05]
  Bounds range     [0e+00, 0e+00]
  RHS range        [1e+00, 1e+00]
LP warm-start: use basis

Iteration    Objective       Primal Inf.    Dual Inf.      Time
       0   -2.0947273e+33   1.352751e+35   2.094727e+03      1s
     137    3.3013706e+06   0.000000e+00   0.000000e+00      3s

Solved in 137 iterations and 2.90 seconds (3.81 work units)
Optimal objective  3.301370579e+06
Set parameter TimeLimit to value 1.1805374310280662e+04
Set parameter Method to value 1
Gurobi Optimizer version 12.0.3 build v12.0.3rc0 (linux64 - "Ubuntu 24.04.4 LTS")

CPU model: Intel(R) Xeon(R) Gold 5218 CPU @ 2.30GHz, instruction set [SSE2|AVX|AVX2|AVX512]
Thread count: 32 physical cores, 32 logical processors, using up to 1 threads

Non-default parameters:
TimeLimit  1.1805374310280662e+04
Method  1
BarHomogeneous  1
Threads  1

Optimize a model with 785 rows, 280503 columns and 7932371 nonzeros
Coefficient statistics:
  Matrix range     [1e+00, 1e+00]
  Objective range  [1e+05, 5e+05]
  Bounds range     [0e+00, 0e+00]
  RHS range        [1e+00, 1e+00]
LP warm-start: use basis

Iteration    Objective       Primal Inf.    Dual Inf.      Time
       0   -2.0078190e+33   1.837799e+35   2.007819e+03      0s
     296    3.3013706e+06   0.000000e+00   0.000000e+00      6s

Solved in 296 iterations and 5.59 seconds (7.84 work units)
Optimal objective  3.301370579e+06
Set parameter TimeLimit to value 1.1775411828537937e+04
Set parameter Method to value 1
Gurobi Optimizer version 12.0.3 build v12.0.3rc0 (linux64 - "Ubuntu 24.04.4 LTS")

CPU model: Intel(R) Xeon(R) Gold 5218 CPU @ 2.30GHz, instruction set [SSE2|AVX|AVX2|AVX512]
Thread count: 32 physical cores, 32 logical processors, using up to 1 threads

Non-default parameters:
TimeLimit  1.1775411828537937e+04
Method  1
BarHomogeneous  1
Threads  1

Optimize a model with 785 rows, 280533 columns and 7933237 nonzeros
Coefficient statistics:
  Matrix range     [1e+00, 1e+00]
  Objective range  [1e+05, 5e+05]
  Bounds range     [0e+00, 0e+00]
  RHS range        [1e+00, 1e+00]
LP warm-start: use basis

Iteration    Objective       Primal Inf.    Dual Inf.      Time
       0   -2.0710495e+33   2.154211e+35   2.071050e+03      1s
     287    3.3013706e+06   9.349135e+00   0.000000e+00      6s
     575    3.3013706e+06   0.000000e+00   0.000000e+00     11s

Solved in 575 iterations and 10.80 seconds (14.84 work units)
Optimal objective  3.301370579e+06
Set parameter TimeLimit to value 1.1741150010675658e+04
Set parameter Method to value 1
Gurobi Optimizer version 12.0.3 build v12.0.3rc0 (linux64 - "Ubuntu 24.04.4 LTS")

CPU model: Intel(R) Xeon(R) Gold 5218 CPU @ 2.30GHz, instruction set [SSE2|AVX|AVX2|AVX512]
Thread count: 32 physical cores, 32 logical processors, using up to 1 threads

Non-default parameters:
TimeLimit  1.1741150010675658e+04
Method  1
BarHomogeneous  1
Threads  1

Optimize a model with 785 rows, 280563 columns and 7934029 nonzeros
Coefficient statistics:
  Matrix range     [1e+00, 1e+00]
  Objective range  [1e+05, 5e+05]
  Bounds range     [0e+00, 0e+00]
  RHS range        [1e+00, 1e+00]
LP warm-start: use basis

Iteration    Objective       Primal Inf.    Dual Inf.      Time
       0   -1.7895007e+33   9.630699e+34   1.789501e+03      1s
     125    3.3013706e+06   0.000000e+00   0.000000e+00      3s

Solved in 125 iterations and 2.72 seconds (3.51 work units)
Optimal objective  3.301370579e+06
Set parameter TimeLimit to value 1.1713023947528098e+04
Set parameter Method to value 1
Gurobi Optimizer version 12.0.3 build v12.0.3rc0 (linux64 - "Ubuntu 24.04.4 LTS")

CPU model: Intel(R) Xeon(R) Gold 5218 CPU @ 2.30GHz, instruction set [SSE2|AVX|AVX2|AVX512]
Thread count: 32 physical cores, 32 logical processors, using up to 1 threads

Non-default parameters:
TimeLimit  1.1713023947528098e+04
Method  1
BarHomogeneous  1
Threads  1

Optimize a model with 785 rows, 280593 columns and 7934986 nonzeros
Coefficient statistics:
  Matrix range     [1e+00, 1e+00]
  Objective range  [1e+05, 5e+05]
  Bounds range     [0e+00, 0e+00]
  RHS range        [1e+00, 1e+00]
LP warm-start: use basis

Iteration    Objective       Primal Inf.    Dual Inf.      Time
       0   -1.8155600e+33   1.024724e+35   1.815560e+03      1s
     360    3.3013706e+06   6.971104e+01   0.000000e+00      6s
     599    3.3013706e+06   1.484875e+01   0.000000e+00     11s
     852    3.3013706e+06   0.000000e+00   0.000000e+00     15s

Solved in 852 iterations and 14.99 seconds (21.47 work units)
Optimal objective  3.301370571e+06
Set parameter TimeLimit to value 1.1670962598760147e+04
Set parameter Method to value 1
Gurobi Optimizer version 12.0.3 build v12.0.3rc0 (linux64 - "Ubuntu 24.04.4 LTS")

CPU model: Intel(R) Xeon(R) Gold 5218 CPU @ 2.30GHz, instruction set [SSE2|AVX|AVX2|AVX512]
Thread count: 32 physical cores, 32 logical processors, using up to 1 threads

Non-default parameters:
TimeLimit  1.1670962598760147e+04
Method  1
BarHomogeneous  1
Threads  1

Optimize a model with 785 rows, 280623 columns and 7935830 nonzeros
Coefficient statistics:
  Matrix range     [1e+00, 1e+00]
  Objective range  [1e+05, 5e+05]
  Bounds range     [0e+00, 0e+00]
  RHS range        [1e+00, 1e+00]
LP warm-start: use basis

Iteration    Objective       Primal Inf.    Dual Inf.      Time
       0   -1.9142061e+33   1.430792e+35   1.914206e+03      1s
     159    3.3013706e+06   0.000000e+00   0.000000e+00      3s

Solved in 159 iterations and 3.27 seconds (4.33 work units)
Optimal objective  3.301370571e+06
Set parameter TimeLimit to value 1.1641358171822038e+04
Set parameter Method to value 1
Gurobi Optimizer version 12.0.3 build v12.0.3rc0 (linux64 - "Ubuntu 24.04.4 LTS")

CPU model: Intel(R) Xeon(R) Gold 5218 CPU @ 2.30GHz, instruction set [SSE2|AVX|AVX2|AVX512]
Thread count: 32 physical cores, 32 logical processors, using up to 1 threads

Non-default parameters:
TimeLimit  1.1641358171822038e+04
Method  1
BarHomogeneous  1
Threads  1

Optimize a model with 785 rows, 280653 columns and 7936586 nonzeros
Coefficient statistics:
  Matrix range     [1e+00, 1e+00]
  Objective range  [1e+05, 5e+05]
  Bounds range     [0e+00, 0e+00]
  RHS range        [1e+00, 1e+00]
LP warm-start: use basis

Iteration    Objective       Primal Inf.    Dual Inf.      Time
       0   -1.4321934e+33   9.019426e+34   1.432193e+03      1s
     350    3.3013704e+06   1.521294e+03   0.000000e+00      6s
     589    3.3013705e+06   1.411700e+02   0.000000e+00     11s
     949    3.3013705e+06   1.349089e+02   0.000000e+00     17s
    1189    3.3013706e+06   8.544102e+01   0.000000e+00     21s
    1429    3.3013706e+06   2.609028e+02   0.000000e+00     25s
    1788    3.3013706e+06   5.094311e+00   0.000000e+00     32s
    1906    3.3013706e+06   0.000000e+00   0.000000e+00     34s

Solved in 1906 iterations and 33.87 seconds (48.23 work units)
Optimal objective  3.301370571e+06
Set parameter TimeLimit to value 1.1578057794146705e+04
Set parameter Method to value 1
Gurobi Optimizer version 12.0.3 build v12.0.3rc0 (linux64 - "Ubuntu 24.04.4 LTS")

CPU model: Intel(R) Xeon(R) Gold 5218 CPU @ 2.30GHz, instruction set [SSE2|AVX|AVX2|AVX512]
Thread count: 32 physical cores, 32 logical processors, using up to 1 threads

Non-default parameters:
TimeLimit  1.1578057794146705e+04
Method  1
BarHomogeneous  1
Threads  1

Optimize a model with 785 rows, 280683 columns and 7937597 nonzeros
Coefficient statistics:
  Matrix range     [1e+00, 1e+00]
  Objective range  [1e+05, 5e+05]
  Bounds range     [0e+00, 0e+00]
  RHS range        [1e+00, 1e+00]
LP warm-start: use basis

Iteration    Objective       Primal Inf.    Dual Inf.      Time
       0   -1.2184078e+33   1.671355e+35   1.218408e+03      1s
     328   -6.0943391e+29   2.503210e+33   6.094339e-01      5s
     608   -1.3699399e+29   9.698521e+32   1.369939e-01     10s
     928   -1.7788357e+27   3.168997e+32   1.778855e-03     16s
    1300    3.3013689e+06   2.747297e+05   0.000000e+00     22s
    1539    3.3013698e+06   6.320484e+03   0.000000e+00     26s
    1897    3.3013700e+06   1.248207e+03   0.000000e+00     32s
    2135    3.3013701e+06   1.076530e+04   0.000000e+00     36s
    2374    3.3013702e+06   4.363621e+03   0.000000e+00     40s
    2731    3.3013702e+06   7.225238e+02   0.000000e+00     46s
    2971    3.3013702e+06   5.015872e+02   0.000000e+00     51s
    3326    3.3013703e+06   9.497855e+02   0.000000e+00     57s
    3565    3.3013703e+06   6.883185e+02   0.000000e+00     61s
    3920    3.3013703e+06   7.068417e+02   0.000000e+00     67s
    4154    3.3013703e+06   1.907302e+02   0.000000e+00     71s
    4393    3.3013703e+06   1.500768e+02   0.000000e+00     75s
    4748    3.3013703e+06   6.487241e+01   0.000000e+00     81s
    4986    3.3013703e+06   1.257269e+02   0.000000e+00     85s
    5343    3.3013703e+06   7.747110e+01   0.000000e+00     92s
    5580    3.3013704e+06   7.977321e+01   0.000000e+00     96s
    5928    3.3013704e+06   7.129494e+01   0.000000e+00    102s
    6167    3.3013704e+06   1.755501e+02   0.000000e+00    106s
    6405    3.3013704e+06   1.851344e+02   0.000000e+00    110s
    6756    3.3013704e+06   9.940363e+01   0.000000e+00    116s
    6992    3.3013704e+06   2.084905e+01   0.000000e+00    120s
    7350    3.3013704e+06   2.316099e+02   0.000000e+00    127s
    7585    3.3013705e+06   1.528796e+02   0.000000e+00    131s
    7945    3.3013705e+06   7.309803e+01   0.000000e+00    137s
    8182    3.3013705e+06   2.511507e+00   0.000000e+00    141s
    8373    3.3013705e+06   0.000000e+00   0.000000e+00    144s

Solved in 8373 iterations and 144.39 seconds (212.20 work units)
Optimal objective  3.301370514e+06
Set parameter TimeLimit to value 1.1405886796557810e+04
Set parameter Method to value 1
Gurobi Optimizer version 12.0.3 build v12.0.3rc0 (linux64 - "Ubuntu 24.04.4 LTS")

CPU model: Intel(R) Xeon(R) Gold 5218 CPU @ 2.30GHz, instruction set [SSE2|AVX|AVX2|AVX512]
Thread count: 32 physical cores, 32 logical processors, using up to 1 threads

Non-default parameters:
TimeLimit  1.1405886796557810e+04
Method  1
BarHomogeneous  1
Threads  1

Optimize a model with 785 rows, 280713 columns and 7938161 nonzeros
Coefficient statistics:
  Matrix range     [1e+00, 1e+00]
  Objective range  [1e+05, 5e+05]
  Bounds range     [0e+00, 0e+00]
  RHS range        [1e+00, 1e+00]
LP warm-start: use basis

Iteration    Objective       Primal Inf.    Dual Inf.      Time
       0   -8.5843411e+32   4.637842e+34   8.584341e+02      1s
     280    3.3013669e+06   2.688500e+04   0.000000e+00      5s
     640    3.3013701e+06   1.378698e+03   0.000000e+00     11s
     880    3.3013702e+06   1.217343e+02   0.000000e+00     15s
    1239    3.3013703e+06   2.462955e+02   0.000000e+00     21s
    1478    3.3013703e+06   1.818610e+02   0.000000e+00     26s
    1834    3.3013703e+06   2.838334e+02   0.000000e+00     32s
    2074    3.3013703e+06   2.664811e+02   0.000000e+00     36s
    2432    3.3013703e+06   5.420494e+01   0.000000e+00     42s
    2669    3.3013703e+06   4.964823e+00   0.000000e+00     46s
    2863    3.3013703e+06   0.000000e+00   0.000000e+00     50s

Solved in 2863 iterations and 49.55 seconds (72.37 work units)
Optimal objective  3.301370313e+06
Set parameter TimeLimit to value 1.1327000082538929e+04
Set parameter Method to value 1
Gurobi Optimizer version 12.0.3 build v12.0.3rc0 (linux64 - "Ubuntu 24.04.4 LTS")

CPU model: Intel(R) Xeon(R) Gold 5218 CPU @ 2.30GHz, instruction set [SSE2|AVX|AVX2|AVX512]
Thread count: 32 physical cores, 32 logical processors, using up to 1 threads

Non-default parameters:
TimeLimit  1.1327000082538929e+04
Method  1
BarHomogeneous  1
Threads  1

Optimize a model with 785 rows, 280743 columns and 7938871 nonzeros
Coefficient statistics:
  Matrix range     [1e+00, 1e+00]
  Objective range  [1e+05, 5e+05]
  Bounds range     [0e+00, 0e+00]
  RHS range        [1e+00, 1e+00]
LP warm-start: use basis

Iteration    Objective       Primal Inf.    Dual Inf.      Time
       0   -7.9364170e+32   1.899442e+35   7.936417e+02      1s
     332   -1.5623714e+30   2.423549e+33   1.562371e+00      5s
     665   -1.3158616e+29   2.008770e+33   1.315860e-01     10s
     985   -2.0688044e+27   6.708226e+32   2.068847e-03     16s
    1345    3.3013623e+06   7.949688e+04   0.000000e+00     22s
    1583    3.3013634e+06   3.489373e+04   0.000000e+00     26s
Warning: Markowitz tolerance tightened to 0.03125
    1823    3.3013649e+06   1.523352e+04   0.000000e+00     30s
    2183    3.3013667e+06   6.148152e+03   0.000000e+00     37s
    2422    3.3013671e+06   5.192742e+03   0.000000e+00     41s
    2782    3.3013675e+06   1.096751e+03   0.000000e+00     47s
    3019    3.3013678e+06   9.342227e+02   0.000000e+00     51s
    3256    3.3013679e+06   5.739421e+02   0.000000e+00     55s
    3613    3.3013680e+06   3.313157e+02   0.000000e+00     61s
    3851    3.3013680e+06   3.846658e+03   0.000000e+00     66s
    4206    3.3013681e+06   9.907449e+02   0.000000e+00     72s
    4444    3.3013681e+06   1.758207e+02   0.000000e+00     76s
    4802    3.3013681e+06   2.939977e+02   0.000000e+00     82s
    5040    3.3013682e+06   2.985398e+02   0.000000e+00     86s
    5278    3.3013682e+06   1.032070e+02   0.000000e+00     90s
    5635    3.3013683e+06   2.111997e+03   0.000000e+00     96s
    5873    3.3013683e+06   3.708557e+02   0.000000e+00    100s
    6226    3.3013683e+06   1.189486e+02   0.000000e+00    107s
    6459    3.3013683e+06   4.332857e+01   0.000000e+00    111s
    6815    3.3013683e+06   3.121707e+01   0.000000e+00    117s
    7054    3.3013683e+06   2.426590e+01   0.000000e+00    121s
    7290    3.3013683e+06   3.985017e+00   0.000000e+00    125s
    7649    3.3013683e+06   1.396477e-01   0.000000e+00    131s
    7676    3.3013683e+06   0.000000e+00   0.000000e+00    132s

Solved in 7676 iterations and 131.87 seconds (191.53 work units)
Optimal objective  3.301368341e+06
Set parameter TimeLimit to value 1.1167789512047078e+04
Set parameter Method to value 1
Gurobi Optimizer version 12.0.3 build v12.0.3rc0 (linux64 - "Ubuntu 24.04.4 LTS")

CPU model: Intel(R) Xeon(R) Gold 5218 CPU @ 2.30GHz, instruction set [SSE2|AVX|AVX2|AVX512]
Thread count: 32 physical cores, 32 logical processors, using up to 1 threads

Non-default parameters:
TimeLimit  1.1167789512047078e+04
Method  1
BarHomogeneous  1
Threads  1

Optimize a model with 785 rows, 280773 columns and 7939437 nonzeros
Coefficient statistics:
  Matrix range     [1e+00, 1e+00]
  Objective range  [1e+05, 5e+05]
  Bounds range     [0e+00, 0e+00]
  RHS range        [1e+00, 1e+00]
LP warm-start: use basis

Iteration    Objective       Primal Inf.    Dual Inf.      Time
       0   -8.8988131e+32   2.885079e+35   8.898813e+02      1s
     319   -4.8990532e+29   1.133724e+33   4.899053e-01      5s
     649   -6.9905260e+28   4.771275e+32   6.990608e-02     11s
     969    3.3013666e+06   7.286201e+03   0.000000e+00     16s
    1207    3.3013674e+06   2.543532e+02   0.000000e+00     20s
    1567    3.3013676e+06   2.328869e+02   0.000000e+00     27s
    1804    3.3013677e+06   3.790775e+02   0.000000e+00     31s
    2158    3.3013677e+06   3.965695e+02   0.000000e+00     37s
    2394    3.3013677e+06   1.529454e+02   0.000000e+00     41s
    2627    3.3013678e+06   3.159665e+02   0.000000e+00     45s
    2979    3.3013678e+06   1.898315e+01   0.000000e+00     51s
    3216    3.3013678e+06   9.033957e+02   0.000000e+00     55s
    3570    3.3013678e+06   1.416348e+03   0.000000e+00     61s
    3809    3.3013679e+06   1.007093e+03   0.000000e+00     66s
    4165    3.3013679e+06   4.824408e+02   0.000000e+00     72s
    4404    3.3013679e+06   1.170459e+03   0.000000e+00     76s
    4763    3.3013679e+06   2.208821e+03   0.000000e+00     82s
    5003    3.3013680e+06   2.831563e+02   0.000000e+00     86s
    5241    3.3013680e+06   6.623037e+01   0.000000e+00     90s
    5436    3.3013680e+06   0.000000e+00   0.000000e+00     94s

Solved in 5436 iterations and 93.80 seconds (136.36 work units)
Optimal objective  3.301367973e+06
Set parameter TimeLimit to value 11046.7493147864
Set parameter Method to value 1
Gurobi Optimizer version 12.0.3 build v12.0.3rc0 (linux64 - "Ubuntu 24.04.4 LTS")

CPU model: Intel(R) Xeon(R) Gold 5218 CPU @ 2.30GHz, instruction set [SSE2|AVX|AVX2|AVX512]
Thread count: 32 physical cores, 32 logical processors, using up to 1 threads

Non-default parameters:
TimeLimit  11046.7493147864
Method  1
BarHomogeneous  1
Threads  1

Optimize a model with 785 rows, 280803 columns and 7939977 nonzeros
Coefficient statistics:
  Matrix range     [1e+00, 1e+00]
  Objective range  [1e+05, 5e+05]
  Bounds range     [0e+00, 0e+00]
  RHS range        [1e+00, 1e+00]
LP warm-start: use basis

Iteration    Objective       Primal Inf.    Dual Inf.      Time
       0   -4.4382836e+32   1.840072e+34   4.438284e+02      1s
     313   -8.0141716e+30   2.149424e+33   8.014172e+00      6s
     592   -1.0783125e+30   1.261664e+33   1.078313e+00     10s
     988   -7.7926570e+28   1.754722e+33   7.792660e-02     17s
    1234    3.3013630e+06   2.490978e+03   0.000000e+00     21s
    1473    3.3013636e+06   3.458873e+04   0.000000e+00     26s
    1830    3.3013648e+06   1.352062e+03   0.000000e+00     32s
    2068    3.3013651e+06   1.109543e+03   0.000000e+00     36s
    2301    3.3013652e+06   5.530337e+02   0.000000e+00     40s
    2652    3.3013654e+06   1.332761e+03   0.000000e+00     46s
    2887    3.3013654e+06   5.561843e+02   0.000000e+00     51s
    3233    3.3013655e+06   1.913082e+03   0.000000e+00     57s
    3466    3.3013656e+06   1.422395e+03   0.000000e+00     61s
    3702    3.3013657e+06   2.186300e+03   0.000000e+00     65s
    4049    3.3013657e+06   5.585695e+02   0.000000e+00     71s
    4284    3.3013658e+06   2.809212e+02   0.000000e+00     75s
    4635    3.3013658e+06   1.813013e+02   0.000000e+00     82s
    4869    3.3013659e+06   8.747315e+02   0.000000e+00     86s
    5224    3.3013659e+06   2.205923e+02   0.000000e+00     92s
    5459    3.3013659e+06   5.201132e+02   0.000000e+00     96s
    5698    3.3013660e+06   4.947143e+02   0.000000e+00    100s
    6051    3.3013660e+06   1.349321e+03   0.000000e+00    106s
    6287    3.3013661e+06   3.069838e+02   0.000000e+00    111s
    6636    3.3013661e+06   5.170061e+02   0.000000e+00    117s
    6872    3.3013661e+06   1.237244e+02   0.000000e+00    121s
    7219    3.3013661e+06   1.816190e+01   0.000000e+00    127s
    7384    3.3013661e+06   0.000000e+00   0.000000e+00    130s

Solved in 7384 iterations and 130.07 seconds (188.22 work units)
Optimal objective  3.301366114e+06
Set parameter TimeLimit to value 1.0889533186347689e+04
Set parameter Method to value 1
Gurobi Optimizer version 12.0.3 build v12.0.3rc0 (linux64 - "Ubuntu 24.04.4 LTS")

CPU model: Intel(R) Xeon(R) Gold 5218 CPU @ 2.30GHz, instruction set [SSE2|AVX|AVX2|AVX512]
Thread count: 32 physical cores, 32 logical processors, using up to 1 threads

Non-default parameters:
TimeLimit  1.0889533186347689e+04
Method  1
BarHomogeneous  1
Threads  1

Optimize a model with 785 rows, 280833 columns and 7940485 nonzeros
Coefficient statistics:
  Matrix range     [1e+00, 1e+00]
  Objective range  [1e+05, 5e+05]
  Bounds range     [0e+00, 0e+00]
  RHS range        [1e+00, 1e+00]
LP warm-start: use basis

Iteration    Objective       Primal Inf.    Dual Inf.      Time
       0   -6.2674114e+32   3.351634e+34   6.267411e+02      1s
     323   -5.0291956e+30   3.059227e+33   5.029196e+00      5s
     606   -5.1543542e+29   7.889409e+32   5.154354e-01     10s
     924   -1.6323021e+28   8.822571e+31   1.632313e-02     15s
    1294    3.3013615e+06   2.939751e+03   0.000000e+00     22s
    1533    3.3013618e+06   3.586958e+03   0.000000e+00     26s
    1893    3.3013621e+06   2.062117e+04   0.000000e+00     32s
    2127    3.3013623e+06   2.381568e+03   0.000000e+00     36s
    2366    3.3013624e+06   5.462852e+02   0.000000e+00     40s
    2725    3.3013626e+06   7.881372e+02   0.000000e+00     47s
    2965    3.3013628e+06   1.571548e+03   0.000000e+00     51s
    3203    3.3013629e+06   9.908799e+02   0.000000e+00     55s
    3556    3.3013630e+06   6.546626e+02   0.000000e+00     61s
    3792    3.3013631e+06   6.801926e+02   0.000000e+00     66s
    4147    3.3013632e+06   3.005406e+02   0.000000e+00     72s
    4382    3.3013632e+06   6.989893e+02   0.000000e+00     76s
    4617    3.3013633e+06   5.916629e+01   0.000000e+00     80s
    4968    3.3013633e+06   1.028730e+02   0.000000e+00     86s
    5199    3.3013633e+06   6.452993e+01   0.000000e+00     91s
    5554    3.3013634e+06   2.450647e+01   0.000000e+00     97s
    5785    3.3013634e+06   5.154169e+01   0.000000e+00    101s
    6019    3.3013634e+06   1.066445e+01   0.000000e+00    105s
    6372    3.3013634e+06   4.457361e+01   0.000000e+00    111s
    6612    3.3013634e+06   4.359460e+00   0.000000e+00    116s
    6714    3.3013634e+06   0.000000e+00   0.000000e+00    118s

Solved in 6714 iterations and 117.67 seconds (169.07 work units)
Optimal objective  3.301363408e+06
Set parameter TimeLimit to value 1.0745705185158644e+04
Set parameter Method to value 1
Gurobi Optimizer version 12.0.3 build v12.0.3rc0 (linux64 - "Ubuntu 24.04.4 LTS")

CPU model: Intel(R) Xeon(R) Gold 5218 CPU @ 2.30GHz, instruction set [SSE2|AVX|AVX2|AVX512]
Thread count: 32 physical cores, 32 logical processors, using up to 1 threads

Non-default parameters:
TimeLimit  1.0745705185158644e+04
Method  1
BarHomogeneous  1
Threads  1

Optimize a model with 785 rows, 280863 columns and 7941316 nonzeros
Coefficient statistics:
  Matrix range     [1e+00, 1e+00]
  Objective range  [1e+05, 5e+05]
  Bounds range     [0e+00, 0e+00]
  RHS range        [1e+00, 1e+00]
LP warm-start: use basis

Iteration    Objective       Primal Inf.    Dual Inf.      Time
       0   -3.7392450e+32   4.534042e+34   3.739245e+02      1s
     267   -6.6785054e+31   4.194299e+33   6.678505e+01      5s
     542   -3.3790869e+31   8.069149e+33   3.379087e+01     10s
     818   -1.5282492e+31   8.480139e+34   1.528249e+01     15s
    1172   -5.5513281e+30   5.351981e+34   5.551324e+00     21s
    1447   -3.7368669e+30   5.773087e+33   3.736867e+00     26s
    1762   -2.2161252e+30   1.816511e+34   2.216125e+00     32s
    2001   -1.2588258e+30   2.528073e+33   1.258826e+00     36s
    2237   -4.1739259e+29   7.703546e+32   4.173927e-01     40s
    2592   -3.9696571e+28   7.761072e+32   3.969677e-02     47s
    2831    3.3013590e+06   3.805366e+03   0.000000e+00     51s
    3071    3.3013598e+06   5.305410e+03   0.000000e+00     55s
    3425    3.3013605e+06   9.085490e+03   0.000000e+00     61s
    3664    3.3013607e+06   1.669100e+03   0.000000e+00     66s
    4019    3.3013610e+06   9.828456e+02   0.000000e+00     72s
    4251    3.3013611e+06   2.144620e+03   0.000000e+00     76s
    4491    3.3013612e+06   7.339315e+02   0.000000e+00     80s
    4843    3.3013615e+06   1.286912e+03   0.000000e+00     86s
    5079    3.3013616e+06   8.190917e+03   0.000000e+00     90s
    5433    3.3013617e+06   3.424010e+02   0.000000e+00     97s
    5671    3.3013617e+06   2.592684e+02   0.000000e+00    101s
    6018    3.3013618e+06   7.981620e+02   0.000000e+00    107s
    6253    3.3013619e+06   3.471445e+02   0.000000e+00    111s
    6599    3.3013619e+06   1.299471e+03   0.000000e+00    117s
    6833    3.3013620e+06   5.017586e+02   0.000000e+00    121s
    7066    3.3013620e+06   2.552624e+02   0.000000e+00    125s
    7423    3.3013621e+06   1.349123e+02   0.000000e+00    131s
    7657    3.3013621e+06   1.287465e+02   0.000000e+00    135s
    8014    3.3013621e+06   1.424312e+02   0.000000e+00    142s
    8250    3.3013621e+06   8.472642e+02   0.000000e+00    146s
    8601    3.3013622e+06   1.206067e+02   0.000000e+00    152s
    8836    3.3013622e+06   6.555661e+01   0.000000e+00    156s
    9189    3.3013622e+06   4.891692e+00   0.000000e+00    162s
    9424    3.3013622e+06   0.000000e+00   0.000000e+00    166s

Solved in 9424 iterations and 166.20 seconds (240.29 work units)
Optimal objective  3.301362169e+06
Set parameter TimeLimit to value 1.0551793174224440e+04
Set parameter Method to value 1
Gurobi Optimizer version 12.0.3 build v12.0.3rc0 (linux64 - "Ubuntu 24.04.4 LTS")

CPU model: Intel(R) Xeon(R) Gold 5218 CPU @ 2.30GHz, instruction set [SSE2|AVX|AVX2|AVX512]
Thread count: 32 physical cores, 32 logical processors, using up to 1 threads

Non-default parameters:
TimeLimit  1.0551793174224440e+04
Method  1
BarHomogeneous  1
Threads  1

Optimize a model with 785 rows, 280893 columns and 7942121 nonzeros
Coefficient statistics:
  Matrix range     [1e+00, 1e+00]
  Objective range  [1e+05, 5e+05]
  Bounds range     [0e+00, 0e+00]
  RHS range        [1e+00, 1e+00]
LP warm-start: use basis

Iteration    Objective       Primal Inf.    Dual Inf.      Time
       0   -3.1107963e+32   2.134017e+34   3.110796e+02      1s
     268   -2.3450078e+31   2.399900e+33   2.345008e+01      5s
     588   -5.0021559e+30   5.458733e+33   5.002156e+00     10s
     864   -1.9109328e+30   1.697659e+33   1.910933e+00     15s
    1170   -7.5351000e+29   2.527724e+34   7.535091e-01     21s
    1525   -7.1793928e+28   4.988474e+32   7.179394e-02     27s
    1765    3.3013584e+06   4.643553e+04   0.000000e+00     31s
    2122    3.3013600e+06   1.843907e+03   0.000000e+00     37s
    2359    3.3013602e+06   1.092019e+03   0.000000e+00     41s
    2597    3.3013605e+06   2.193432e+03   0.000000e+00     45s
    2951    3.3013606e+06   8.300898e+02   0.000000e+00     51s
    3186    3.3013607e+06   8.436883e+02   0.000000e+00     55s
    3541    3.3013608e+06   1.628275e+02   0.000000e+00     61s
    3779    3.3013608e+06   5.922644e+02   0.000000e+00     66s
    4131    3.3013609e+06   3.400238e+02   0.000000e+00     72s
    4366    3.3013610e+06   2.274965e+02   0.000000e+00     76s
    4718    3.3013611e+06   3.722047e+02   0.000000e+00     82s
    4953    3.3013611e+06   4.083176e+02   0.000000e+00     86s
    5191    3.3013611e+06   3.008637e+02   0.000000e+00     90s
    5546    3.3013612e+06   3.043783e+02   0.000000e+00     96s
    5784    3.3013612e+06   1.537515e+02   0.000000e+00    101s
    6142    3.3013612e+06   1.539709e+02   0.000000e+00    107s
    6377    3.3013612e+06   5.351441e+01   0.000000e+00    111s
    6613    3.3013612e+06   2.182800e+01   0.000000e+00    115s
    6967    3.3013612e+06   4.093122e+01   0.000000e+00    121s
    7199    3.3013613e+06   1.484491e+01   0.000000e+00    125s
    7464    3.3013613e+06   0.000000e+00   0.000000e+00    130s

Solved in 7464 iterations and 130.01 seconds (189.98 work units)
Optimal objective  3.301361257e+06
Set parameter TimeLimit to value 1.0394405455393251e+04
Set parameter Method to value 1
Gurobi Optimizer version 12.0.3 build v12.0.3rc0 (linux64 - "Ubuntu 24.04.4 LTS")

CPU model: Intel(R) Xeon(R) Gold 5218 CPU @ 2.30GHz, instruction set [SSE2|AVX|AVX2|AVX512]
Thread count: 32 physical cores, 32 logical processors, using up to 1 threads

Non-default parameters:
TimeLimit  1.0394405455393251e+04
Method  1
BarHomogeneous  1
Threads  1

Optimize a model with 785 rows, 280923 columns and 7942795 nonzeros
Coefficient statistics:
  Matrix range     [1e+00, 1e+00]
  Objective range  [1e+05, 5e+05]
  Bounds range     [0e+00, 0e+00]
  RHS range        [1e+00, 1e+00]
LP warm-start: use basis

Iteration    Objective       Primal Inf.    Dual Inf.      Time
       0   -2.9191106e+32   3.831680e+34   2.919111e+02      1s
     310   -1.0129417e+31   1.537853e+33   1.012942e+01      6s
     594   -5.4966985e+30   1.531212e+33   5.496699e+00     10s
     956   -7.9295516e+29   3.588155e+33   7.929548e-01     16s
    1195   -1.2293318e+29   1.010176e+34   1.229323e-01     20s
    1555    3.3013570e+06   5.588212e+03   0.000000e+00     26s
    1795    3.3013577e+06   7.321594e+03   0.000000e+00     30s
    2153    3.3013588e+06   1.758700e+03   0.000000e+00     36s
    2392    3.3013593e+06   7.830501e+03   0.000000e+00     41s
    2747    3.3013596e+06   2.351339e+03   0.000000e+00     47s
    2987    3.3013597e+06   4.739543e+02   0.000000e+00     51s
    3344    3.3013598e+06   5.683272e+03   0.000000e+00     57s
    3581    3.3013599e+06   3.896355e+02   0.000000e+00     61s
    3820    3.3013599e+06   1.116195e+02   0.000000e+00     65s
    4173    3.3013600e+06   2.077020e+02   0.000000e+00     71s
    4412    3.3013600e+06   3.294069e+02   0.000000e+00     76s
    4766    3.3013601e+06   2.193979e+02   0.000000e+00     82s
    5004    3.3013601e+06   2.719693e+02   0.000000e+00     86s
    5362    3.3013602e+06   1.053031e+02   0.000000e+00     92s
    5597    3.3013602e+06   5.155190e+02   0.000000e+00     96s
    5832    3.3013602e+06   4.904374e+01   0.000000e+00    100s
    6186    3.3013602e+06   2.344756e+02   0.000000e+00    106s
    6422    3.3013603e+06   1.276725e+02   0.000000e+00    110s
    6775    3.3013603e+06   5.524913e+01   0.000000e+00    117s
    7008    3.3013603e+06   3.332380e+01   0.000000e+00    121s
    7361    3.3013603e+06   2.533582e+00   0.000000e+00    127s
    7489    3.3013603e+06   0.000000e+00   0.000000e+00    129s

Solved in 7489 iterations and 129.11 seconds (189.36 work units)
Optimal objective  3.301360288e+06
Set parameter TimeLimit to value 1.0239074530897196e+04
Set parameter Method to value 1
Gurobi Optimizer version 12.0.3 build v12.0.3rc0 (linux64 - "Ubuntu 24.04.4 LTS")

CPU model: Intel(R) Xeon(R) Gold 5218 CPU @ 2.30GHz, instruction set [SSE2|AVX|AVX2|AVX512]
Thread count: 32 physical cores, 32 logical processors, using up to 1 threads

Non-default parameters:
TimeLimit  1.0239074530897196e+04
Method  1
BarHomogeneous  1
Threads  1

Optimize a model with 785 rows, 280953 columns and 7943903 nonzeros
Coefficient statistics:
  Matrix range     [1e+00, 1e+00]
  Objective range  [1e+05, 5e+05]
  Bounds range     [0e+00, 0e+00]
  RHS range        [1e+00, 1e+00]
LP warm-start: use basis

Iteration    Objective       Primal Inf.    Dual Inf.      Time
       0   -1.7888785e+32   4.179234e+34   1.788878e+02      1s
     270   -2.4914383e+31   4.283658e+33   2.491438e+01      5s
     548   -8.5306436e+30   1.751170e+33   8.530644e+00     10s
     863   -1.9066569e+30   1.097218e+34   1.906657e+00     16s
    1181   -1.0680636e+30   3.219553e+33   1.068064e+00     21s
    1416   -4.5991375e+29   5.174104e+33   4.599137e-01     25s
    1770   -3.9049376e+27   3.434177e+32   3.904945e-03     32s
    2008    3.3013575e+06   1.547667e+04   0.000000e+00     36s
    2366    3.3013580e+06   1.633377e+03   0.000000e+00     42s
    2602    3.3013582e+06   1.902459e+03   0.000000e+00     46s
    2839    3.3013583e+06   9.089127e+02   0.000000e+00     50s
    3198    3.3013586e+06   2.087278e+03   0.000000e+00     56s
    3438    3.3013587e+06   2.143183e+03   0.000000e+00     61s
    3796    3.3013589e+06   5.863828e+02   0.000000e+00     67s
    4029    3.3013590e+06   4.888777e+03   0.000000e+00     71s
    4264    3.3013591e+06   1.076858e+03   0.000000e+00     75s
    4611    3.3013592e+06   2.676682e+02   0.000000e+00     81s
    4845    3.3013592e+06   7.200696e+02   0.000000e+00     85s
    5200    3.3013592e+06   2.032933e+02   0.000000e+00     92s
    5440    3.3013593e+06   6.047863e+02   0.000000e+00     96s
    5678    3.3013593e+06   3.925961e+02   0.000000e+00    100s
    6035    3.3013593e+06   1.630181e+02   0.000000e+00    107s
    6275    3.3013594e+06   4.609894e+02   0.000000e+00    111s
    6633    3.3013594e+06   2.359753e+01   0.000000e+00    117s
    6870    3.3013594e+06   1.057594e+01   0.000000e+00    121s
    7109    3.3013594e+06   2.103186e+01   0.000000e+00    125s
    7358    3.3013594e+06   0.000000e+00   0.000000e+00    130s

Solved in 7358 iterations and 130.02 seconds (186.96 work units)
Optimal objective  3.301359393e+06
Set parameter TimeLimit to value 1.0081904293505941e+04
Set parameter Method to value 1
Gurobi Optimizer version 12.0.3 build v12.0.3rc0 (linux64 - "Ubuntu 24.04.4 LTS")

CPU model: Intel(R) Xeon(R) Gold 5218 CPU @ 2.30GHz, instruction set [SSE2|AVX|AVX2|AVX512]
Thread count: 32 physical cores, 32 logical processors, using up to 1 threads

Non-default parameters:
TimeLimit  1.0081904293505941e+04
Method  1
BarHomogeneous  1
Threads  1

Optimize a model with 785 rows, 280983 columns and 7944384 nonzeros
Coefficient statistics:
  Matrix range     [1e+00, 1e+00]
  Objective range  [1e+05, 5e+05]
  Bounds range     [0e+00, 0e+00]
  RHS range        [1e+00, 1e+00]
LP warm-start: use basis

Iteration    Objective       Primal Inf.    Dual Inf.      Time
       0   -1.7217425e+32   1.777727e+34   1.721742e+02      1s
     269   -1.6386434e+31   5.667064e+33   1.638643e+01      5s
     586   -5.2819792e+30   1.937743e+33   5.281979e+00     10s
     941   -1.9583883e+30   1.740530e+34   1.958389e+00     16s
    1258   -2.4414986e+29   1.383441e+33   2.441498e-01     22s
    1497   -3.8679557e+28   7.763966e+32   3.867958e-02     26s
    1855    3.3013560e+06   4.368282e+03   0.000000e+00     32s
    2095    3.3013564e+06   5.320914e+03   0.000000e+00     36s
    2333    3.3013566e+06   2.150912e+03   0.000000e+00     40s
    2691    3.3013569e+06   1.660520e+03   0.000000e+00     46s
    2931    3.3013570e+06   1.638300e+03   0.000000e+00     50s
    3291    3.3013573e+06   5.605405e+03   0.000000e+00     56s
    3525    3.3013575e+06   7.803313e+02   0.000000e+00     61s
    3885    3.3013576e+06   3.612360e+02   0.000000e+00     67s
    4121    3.3013577e+06   9.720510e+02   0.000000e+00     71s
    4476    3.3013578e+06   2.946108e+03   0.000000e+00     77s
    4715    3.3013578e+06   5.083108e+03   0.000000e+00     81s
    4953    3.3013579e+06   4.440353e+02   0.000000e+00     85s
    5313    3.3013579e+06   6.384273e+02   0.000000e+00     91s
    5552    3.3013579e+06   2.345381e+02   0.000000e+00     95s
    5909    3.3013580e+06   4.451581e+02   0.000000e+00    101s
    6146    3.3013580e+06   5.895230e+02   0.000000e+00    106s
    6501    3.3013580e+06   1.109405e+02   0.000000e+00    112s
    6738    3.3013580e+06   1.901342e+02   0.000000e+00    116s
    7090    3.3013580e+06   1.300422e+02   0.000000e+00    122s
    7328    3.3013580e+06   9.485600e+01   0.000000e+00    126s
    7567    3.3013580e+06   9.864791e+01   0.000000e+00    130s
    7916    3.3013580e+06   0.000000e+00   0.000000e+00    136s

Solved in 7916 iterations and 136.29 seconds (200.48 work units)
Optimal objective  3.301358030e+06
Set parameter TimeLimit to value 9.9190755098476075e+03
Set parameter Method to value 1
Gurobi Optimizer version 12.0.3 build v12.0.3rc0 (linux64 - "Ubuntu 24.04.4 LTS")

CPU model: Intel(R) Xeon(R) Gold 5218 CPU @ 2.30GHz, instruction set [SSE2|AVX|AVX2|AVX512]
Thread count: 32 physical cores, 32 logical processors, using up to 1 threads

Non-default parameters:
TimeLimit  9.9190755098476075e+03
Method  1
BarHomogeneous  1
Threads  1

Optimize a model with 785 rows, 281013 columns and 7944943 nonzeros
Coefficient statistics:
  Matrix range     [1e+00, 1e+00]
  Objective range  [1e+05, 5e+05]
  Bounds range     [0e+00, 0e+00]
  RHS range        [1e+00, 1e+00]
LP warm-start: use basis

Iteration    Objective       Primal Inf.    Dual Inf.      Time
       0   -1.2369009e+32   2.507316e+34   1.236901e+02      1s
     282   -1.9861652e+30   1.117814e+33   1.986165e+00      5s
     601   -1.2890550e+29   9.278273e+32   1.289053e-01     11s
     921    3.3013558e+06   9.944231e+03   0.000000e+00     16s
    1160    3.3013563e+06   7.402229e+03   0.000000e+00     20s
    1520    3.3013567e+06   5.099688e+03   0.000000e+00     27s
    1757    3.3013567e+06   1.848363e+03   0.000000e+00     31s
    2112    3.3013568e+06   2.929100e+02   0.000000e+00     37s
    2349    3.3013568e+06   2.515248e+02   0.000000e+00     41s
    2588    3.3013568e+06   9.118339e+02   0.000000e+00     45s
    2948    3.3013569e+06   7.743551e+01   0.000000e+00     51s
    3185    3.3013569e+06   1.130998e+02   0.000000e+00     55s
    3542    3.3013569e+06   6.436547e+01   0.000000e+00     62s
    3782    3.3013569e+06   1.300391e+01   0.000000e+00     66s
    4140    3.3013569e+06   2.489472e+01   0.000000e+00     72s
    4380    3.3013569e+06   1.084736e+00   0.000000e+00     76s
    4469    3.3013569e+06   0.000000e+00   0.000000e+00     78s

Solved in 4469 iterations and 77.90 seconds (112.78 work units)
Optimal objective  3.301356923e+06
Set parameter TimeLimit to value 9.8151071474119090e+03
Set parameter Method to value 1
Gurobi Optimizer version 12.0.3 build v12.0.3rc0 (linux64 - "Ubuntu 24.04.4 LTS")

CPU model: Intel(R) Xeon(R) Gold 5218 CPU @ 2.30GHz, instruction set [SSE2|AVX|AVX2|AVX512]
Thread count: 32 physical cores, 32 logical processors, using up to 1 threads

Non-default parameters:
TimeLimit  9.8151071474119090e+03
Method  1
BarHomogeneous  1
Threads  1

Optimize a model with 785 rows, 281043 columns and 7945772 nonzeros
Coefficient statistics:
  Matrix range     [1e+00, 1e+00]
  Objective range  [1e+05, 5e+05]
  Bounds range     [0e+00, 0e+00]
  RHS range        [1e+00, 1e+00]
LP warm-start: use basis

Iteration    Objective       Primal Inf.    Dual Inf.      Time
       0   -1.4035206e+32   3.530647e+34   1.403521e+02      1s
     309   -8.4002238e+29   9.447678e+32   8.400228e-01      5s
     586   -6.0000052e+28   1.189203e+33   6.000007e-02     10s
     941    3.3013560e+06   4.009119e+02   0.000000e+00     16s
    1178    3.3013561e+06   9.926565e+02   0.000000e+00     20s
    1537    3.3013563e+06   9.920543e+02   0.000000e+00     26s
    1776    3.3013563e+06   1.306660e+03   0.000000e+00     30s
    2132    3.3013564e+06   5.918030e+02   0.000000e+00     37s
    2372    3.3013564e+06   2.055762e+02   0.000000e+00     41s
    2731    3.3013564e+06   1.265600e+02   0.000000e+00     47s
    2970    3.3013564e+06   4.196989e+02   0.000000e+00     51s
    3209    3.3013565e+06   2.447222e+02   0.000000e+00     55s
    3564    3.3013565e+06   2.106256e+02   0.000000e+00     61s
    3801    3.3013565e+06   6.188563e+01   0.000000e+00     66s
    4155    3.3013565e+06   1.825984e+00   0.000000e+00     72s
    4252    3.3013565e+06   0.000000e+00   0.000000e+00     73s

Solved in 4252 iterations and 73.44 seconds (107.60 work units)
Optimal objective  3.301356487e+06
Set parameter TimeLimit to value 9715.39140991075
Set parameter Method to value 1
Gurobi Optimizer version 12.0.3 build v12.0.3rc0 (linux64 - "Ubuntu 24.04.4 LTS")

CPU model: Intel(R) Xeon(R) Gold 5218 CPU @ 2.30GHz, instruction set [SSE2|AVX|AVX2|AVX512]
Thread count: 32 physical cores, 32 logical processors, using up to 1 threads

Non-default parameters:
TimeLimit  9715.39140991075
Method  1
BarHomogeneous  1
Threads  1

Optimize a model with 785 rows, 281073 columns and 7946736 nonzeros
Coefficient statistics:
  Matrix range     [1e+00, 1e+00]
  Objective range  [1e+05, 5e+05]
  Bounds range     [0e+00, 0e+00]
  RHS range        [1e+00, 1e+00]
LP warm-start: use basis

Iteration    Objective       Primal Inf.    Dual Inf.      Time
       0   -1.3708379e+32   4.992771e+34   1.370838e+02      1s
     310   -5.7581961e+30   3.360889e+33   5.758196e+00      6s
     586   -1.6678921e+30   1.543564e+33   1.667892e+00     10s
     863   -2.3075631e+29   2.520335e+33   2.307564e-01     15s
    1179   -6.2277259e+26   2.991311e+33   6.237503e-04     21s
    1427    3.3013559e+06   1.081307e+03   0.000000e+00     25s
    1779    3.3013561e+06   1.491458e+03   0.000000e+00     31s
    2019    3.3013562e+06   7.628462e+02   0.000000e+00     35s
    2370    3.3013562e+06   4.213656e+02   0.000000e+00     41s
    2605    3.3013563e+06   2.491922e+02   0.000000e+00     45s
    2955    3.3013563e+06   1.310876e+03   0.000000e+00     52s
    3188    3.3013563e+06   2.879696e+02   0.000000e+00     56s
    3540    3.3013563e+06   1.686540e+02   0.000000e+00     62s
    3769    3.3013564e+06   6.116264e+01   0.000000e+00     66s
    4121    3.3013564e+06   1.384134e+02   0.000000e+00     72s
    4353    3.3013564e+06   2.641103e+02   0.000000e+00     76s
    4585    3.3013564e+06   3.224132e+01   0.000000e+00     80s
    4935    3.3013564e+06   1.232895e+00   0.000000e+00     87s
    5009    3.3013564e+06   0.000000e+00   0.000000e+00     88s

Solved in 5009 iterations and 87.96 seconds (128.62 work units)
Optimal objective  3.301356385e+06
Set parameter TimeLimit to value 9.6012889002398588e+03
Set parameter Method to value 1
Gurobi Optimizer version 12.0.3 build v12.0.3rc0 (linux64 - "Ubuntu 24.04.4 LTS")

CPU model: Intel(R) Xeon(R) Gold 5218 CPU @ 2.30GHz, instruction set [SSE2|AVX|AVX2|AVX512]
Thread count: 32 physical cores, 32 logical processors, using up to 1 threads

Non-default parameters:
TimeLimit  9.6012889002398588e+03
Method  1
BarHomogeneous  1
Threads  1

Optimize a model with 785 rows, 281103 columns and 7947669 nonzeros
Coefficient statistics:
  Matrix range     [1e+00, 1e+00]
  Objective range  [1e+05, 5e+05]
  Bounds range     [0e+00, 0e+00]
  RHS range        [1e+00, 1e+00]
LP warm-start: use basis

Iteration    Objective       Primal Inf.    Dual Inf.      Time
       0   -1.5132102e+32   1.606308e+35   1.513210e+02      1s
     278   -3.0809954e+30   1.744133e+33   3.080995e+00      5s
     597   -3.3004435e+29   1.151069e+33   3.300442e-01     10s
     876   -3.7547254e+28   1.428194e+33   3.754725e-02     15s
    1235    3.3013560e+06   9.803390e+02   0.000000e+00     21s
    1473    3.3013561e+06   9.046960e+02   0.000000e+00     25s
    1829    3.3013562e+06   3.305384e+02   0.000000e+00     31s
Warning: Markowitz tolerance tightened to 0.03125
    2063    3.3013563e+06   1.042883e+02   0.000000e+00     35s
    2421    3.3013563e+06   6.727995e+01   0.000000e+00     42s
    2657    3.3013563e+06   4.212307e+01   0.000000e+00     46s
    3014    3.3013563e+06   6.578946e+02   0.000000e+00     52s
    3249    3.3013563e+06   1.691984e+01   0.000000e+00     56s
    3486    3.3013563e+06   2.301009e+01   0.000000e+00     60s
    3662    3.3013563e+06   0.000000e+00   0.000000e+00     63s

Solved in 3662 iterations and 63.24 seconds (92.65 work units)
Optimal objective  3.301356319e+06
Set parameter TimeLimit to value 9.5120379436942749e+03
Set parameter Method to value 1
Gurobi Optimizer version 12.0.3 build v12.0.3rc0 (linux64 - "Ubuntu 24.04.4 LTS")

CPU model: Intel(R) Xeon(R) Gold 5218 CPU @ 2.30GHz, instruction set [SSE2|AVX|AVX2|AVX512]
Thread count: 32 physical cores, 32 logical processors, using up to 1 threads

Non-default parameters:
TimeLimit  9.5120379436942749e+03
Method  1
BarHomogeneous  1
Threads  1

Optimize a model with 785 rows, 281133 columns and 7948586 nonzeros
Coefficient statistics:
  Matrix range     [1e+00, 1e+00]
  Objective range  [1e+05, 5e+05]
  Bounds range     [0e+00, 0e+00]
  RHS range        [1e+00, 1e+00]
LP warm-start: use basis

Iteration    Objective       Primal Inf.    Dual Inf.      Time
       0   -1.2889862e+32   4.650929e+34   1.288986e+02      1s
     316   -5.3787485e+30   5.867809e+33   5.378749e+00      6s
     649   -1.0887535e+30   2.990914e+33   1.088753e+00     11s
    1008   -2.6173330e+29   1.273505e+33   2.617333e-01     17s
    1245   -6.4253638e+28   2.140415e+33   6.425365e-02     21s
    1485   -3.9194829e+27   2.966029e+32   3.919549e-03     25s
Warning: Markowitz tolerance tightened to 0.03125
    1841    3.3013555e+06   7.554881e+03   0.000000e+00     31s
    2080    3.3013556e+06   7.559460e+02   0.000000e+00     36s
    2436    3.3013558e+06   2.147507e+02   0.000000e+00     42s
    2675    3.3013559e+06   1.516104e+03   0.000000e+00     46s
    3033    3.3013560e+06   4.564131e+02   0.000000e+00     52s
    3273    3.3013560e+06   9.078801e+02   0.000000e+00     56s
    3511    3.3013560e+06   2.439830e+03   0.000000e+00     60s
    3871    3.3013561e+06   7.032141e+02   0.000000e+00     66s
    4109    3.3013561e+06   5.998370e+02   0.000000e+00     71s
    4462    3.3013561e+06   7.845113e+01   0.000000e+00     77s
    4696    3.3013561e+06   6.776428e+01   0.000000e+00     81s
    5046    3.3013561e+06   1.236806e+01   0.000000e+00     87s
    5283    3.3013561e+06   2.265897e+01   0.000000e+00     91s
    5519    3.3013561e+06   1.857541e+01   0.000000e+00     95s
    5876    3.3013561e+06   1.966992e+00   0.000000e+00    101s
    6000    3.3013561e+06   0.000000e+00   0.000000e+00    104s

Solved in 6000 iterations and 103.61 seconds (150.53 work units)
Optimal objective  3.301356120e+06
Set parameter TimeLimit to value 9.3825327440979891e+03
Set parameter Method to value 1
Gurobi Optimizer version 12.0.3 build v12.0.3rc0 (linux64 - "Ubuntu 24.04.4 LTS")

CPU model: Intel(R) Xeon(R) Gold 5218 CPU @ 2.30GHz, instruction set [SSE2|AVX|AVX2|AVX512]
Thread count: 32 physical cores, 32 logical processors, using up to 1 threads

Non-default parameters:
TimeLimit  9.3825327440979891e+03
Method  1
BarHomogeneous  1
Threads  1

Optimize a model with 785 rows, 281163 columns and 7949350 nonzeros
Coefficient statistics:
  Matrix range     [1e+00, 1e+00]
  Objective range  [1e+05, 5e+05]
  Bounds range     [0e+00, 0e+00]
  RHS range        [1e+00, 1e+00]
LP warm-start: use basis

Iteration    Objective       Primal Inf.    Dual Inf.      Time
       0   -1.0438762e+32   1.892575e+34   1.043876e+02      1s
     330   -1.8263228e+30   1.944393e+33   1.826323e+00      5s
     655   -9.6254316e+28   7.940582e+32   9.625440e-02     11s
     973    3.3013548e+06   6.111821e+03   0.000000e+00     16s
    1210    3.3013551e+06   7.188641e+02   0.000000e+00     20s
    1569    3.3013553e+06   1.623524e+03   0.000000e+00     26s
    1805    3.3013554e+06   1.701103e+03   0.000000e+00     30s
    2158    3.3013556e+06   6.259251e+02   0.000000e+00     36s
    2394    3.3013557e+06   2.268995e+03   0.000000e+00     40s
    2748    3.3013557e+06   2.801277e+02   0.000000e+00     47s
    2982    3.3013558e+06   8.666463e+02   0.000000e+00     51s
    3342    3.3013558e+06   2.469925e+02   0.000000e+00     57s
    3578    3.3013558e+06   9.599861e+01   0.000000e+00     61s
    3816    3.3013558e+06   9.492783e+01   0.000000e+00     65s
    4169    3.3013559e+06   1.870455e+02   0.000000e+00     71s
    4409    3.3013559e+06   5.228225e+01   0.000000e+00     75s
    4765    3.3013559e+06   8.429355e+01   0.000000e+00     82s
    5004    3.3013559e+06   1.281015e+01   0.000000e+00     86s
    5361    3.3013559e+06   9.148565e+00   0.000000e+00     92s
    5596    3.3013559e+06   9.006904e-01   0.000000e+00     96s
    5744    3.3013559e+06   0.000000e+00   0.000000e+00     99s

Solved in 5744 iterations and 98.77 seconds (144.78 work units)
Optimal objective  3.301355895e+06
Set parameter TimeLimit to value 9.2576099019325338e+03
Set parameter Method to value 1
Gurobi Optimizer version 12.0.3 build v12.0.3rc0 (linux64 - "Ubuntu 24.04.4 LTS")

CPU model: Intel(R) Xeon(R) Gold 5218 CPU @ 2.30GHz, instruction set [SSE2|AVX|AVX2|AVX512]
Thread count: 32 physical cores, 32 logical processors, using up to 1 threads

Non-default parameters:
TimeLimit  9.2576099019325338e+03
Method  1
BarHomogeneous  1
Threads  1

Optimize a model with 785 rows, 281193 columns and 7950362 nonzeros
Coefficient statistics:
  Matrix range     [1e+00, 1e+00]
  Objective range  [1e+05, 5e+05]
  Bounds range     [0e+00, 0e+00]
  RHS range        [1e+00, 1e+00]
LP warm-start: use basis

Iteration    Objective       Primal Inf.    Dual Inf.      Time
       0   -1.0446863e+32   2.816220e+34   1.044686e+02      1s
     264   -8.6847716e+30   3.902305e+33   8.684771e+00      5s
     581   -2.0374523e+30   1.914343e+33   2.037452e+00     10s
     895   -5.8823257e+29   1.982035e+33   5.882325e-01     16s
    1133   -1.6104803e+29   1.384442e+33   1.610487e-01     20s
    1485    3.3013552e+06   1.541679e+03   0.000000e+00     26s
    1719    3.3013554e+06   1.204759e+03   0.000000e+00     30s
    2072    3.3013555e+06   9.240711e+02   0.000000e+00     36s
    2309    3.3013556e+06   2.584362e+02   0.000000e+00     41s
    2664    3.3013556e+06   4.725062e+02   0.000000e+00     47s
    2903    3.3013557e+06   2.332675e+02   0.000000e+00     51s
    3141    3.3013557e+06   1.634652e+02   0.000000e+00     55s
    3496    3.3013557e+06   2.144087e+02   0.000000e+00     61s
    3734    3.3013557e+06   5.251515e+01   0.000000e+00     66s
    4090    3.3013557e+06   7.321577e+01   0.000000e+00     72s
    4328    3.3013558e+06   7.610822e+01   0.000000e+00     76s
    4565    3.3013558e+06   3.047895e+01   0.000000e+00     80s
    4914    3.3013558e+06   3.987418e+02   0.000000e+00     86s
    5150    3.3013558e+06   7.965894e+01   0.000000e+00     90s
    5501    3.3013558e+06   1.088028e+01   0.000000e+00     96s
    5580    3.3013558e+06   0.000000e+00   0.000000e+00     98s

Solved in 5580 iterations and 97.91 seconds (142.33 work units)
Optimal objective  3.301355775e+06
Set parameter TimeLimit to value 9133.3413739237
Set parameter Method to value 1
Gurobi Optimizer version 12.0.3 build v12.0.3rc0 (linux64 - "Ubuntu 24.04.4 LTS")

CPU model: Intel(R) Xeon(R) Gold 5218 CPU @ 2.30GHz, instruction set [SSE2|AVX|AVX2|AVX512]
Thread count: 32 physical cores, 32 logical processors, using up to 1 threads

Non-default parameters:
TimeLimit  9133.3413739237
Method  1
BarHomogeneous  1
Threads  1

Optimize a model with 785 rows, 281223 columns and 7951228 nonzeros
Coefficient statistics:
  Matrix range     [1e+00, 1e+00]
  Objective range  [1e+05, 5e+05]
  Bounds range     [0e+00, 0e+00]
  RHS range        [1e+00, 1e+00]
LP warm-start: use basis

Iteration    Objective       Primal Inf.    Dual Inf.      Time
       0   -1.2254184e+32   4.108378e+34   1.225418e+02      1s
     326   -1.2571213e+30   2.216645e+33   1.257121e+00      5s
     650   -5.3059027e+28   3.870821e+33   5.305945e-02     11s
    1002    3.3013550e+06   9.740328e+02   0.000000e+00     17s
    1240    3.3013553e+06   4.330092e+02   0.000000e+00     21s
    1476    3.3013554e+06   6.025521e+02   0.000000e+00     25s
    1824    3.3013554e+06   3.057701e+02   0.000000e+00     31s
    2062    3.3013555e+06   3.896268e+02   0.000000e+00     36s
    2421    3.3013555e+06   3.444595e+02   0.000000e+00     42s
    2656    3.3013555e+06   2.687370e+02   0.000000e+00     46s
    2891    3.3013555e+06   3.973848e+02   0.000000e+00     50s
    3247    3.3013556e+06   2.508061e+02   0.000000e+00     56s
    3483    3.3013556e+06   1.023381e+02   0.000000e+00     61s
    3840    3.3013556e+06   1.399486e+02   0.000000e+00     67s
    4077    3.3013556e+06   8.200558e+01   0.000000e+00     71s
    4311    3.3013556e+06   2.839929e+01   0.000000e+00     75s
    4669    3.3013556e+06   5.848535e+01   0.000000e+00     81s
    4909    3.3013556e+06   5.755265e+00   0.000000e+00     86s
    5106    3.3013556e+06   0.000000e+00   0.000000e+00     89s

Solved in 5106 iterations and 89.28 seconds (128.85 work units)
Optimal objective  3.301355619e+06
Set parameter TimeLimit to value 9.0178927472368814e+03
Set parameter Method to value 1
Gurobi Optimizer version 12.0.3 build v12.0.3rc0 (linux64 - "Ubuntu 24.04.4 LTS")

CPU model: Intel(R) Xeon(R) Gold 5218 CPU @ 2.30GHz, instruction set [SSE2|AVX|AVX2|AVX512]
Thread count: 32 physical cores, 32 logical processors, using up to 1 threads

Non-default parameters:
TimeLimit  9.0178927472368814e+03
Method  1
BarHomogeneous  1
Threads  1

Optimize a model with 785 rows, 281253 columns and 7952132 nonzeros
Coefficient statistics:
  Matrix range     [1e+00, 1e+00]
  Objective range  [1e+05, 5e+05]
  Bounds range     [0e+00, 0e+00]
  RHS range        [1e+00, 1e+00]
LP warm-start: use basis

Iteration    Objective       Primal Inf.    Dual Inf.      Time
       0   -1.0635325e+32   1.955350e+34   1.063532e+02      1s
     316   -2.9599219e+30   2.725569e+33   2.959922e+00      6s
     602   -1.1073100e+30   3.943441e+33   1.107310e+00     10s
    1002    3.3013532e+06   3.689860e+03   0.000000e+00     17s
    1237    3.3013537e+06   1.455395e+04   0.000000e+00     21s
    1470    3.3013543e+06   2.100336e+04   0.000000e+00     25s
    1826    3.3013546e+06   3.994350e+02   0.000000e+00     32s
    2065    3.3013548e+06   2.991228e+03   0.000000e+00     36s
    2300    3.3013549e+06   1.067364e+03   0.000000e+00     40s
    2659    3.3013550e+06   4.695255e+02   0.000000e+00     46s
    2898    3.3013550e+06   1.800829e+02   0.000000e+00     51s
    3255    3.3013551e+06   3.690441e+02   0.000000e+00     57s
    3493    3.3013551e+06   5.253877e+02   0.000000e+00     61s
    3731    3.3013551e+06   1.129294e+02   0.000000e+00     65s
    4085    3.3013551e+06   2.124069e+02   0.000000e+00     72s
    4321    3.3013551e+06   8.750822e+02   0.000000e+00     76s
    4556    3.3013551e+06   1.891649e+02   0.000000e+00     80s
    4910    3.3013551e+06   8.701844e+01   0.000000e+00     86s
    5148    3.3013552e+06   3.595495e+01   0.000000e+00     91s
    5505    3.3013552e+06   2.073594e+01   0.000000e+00     97s
    5744    3.3013552e+06   6.268262e-02   0.000000e+00    101s
    5757    3.3013552e+06   0.000000e+00   0.000000e+00    102s

Solved in 5757 iterations and 101.67 seconds (145.38 work units)
Optimal objective  3.301355164e+06
Set parameter TimeLimit to value 8889.85939298058
Set parameter Method to value 1
Gurobi Optimizer version 12.0.3 build v12.0.3rc0 (linux64 - "Ubuntu 24.04.4 LTS")

CPU model: Intel(R) Xeon(R) Gold 5218 CPU @ 2.30GHz, instruction set [SSE2|AVX|AVX2|AVX512]
Thread count: 32 physical cores, 32 logical processors, using up to 1 threads

Non-default parameters:
TimeLimit  8889.85939298058
Method  1
BarHomogeneous  1
Threads  1

Optimize a model with 785 rows, 281283 columns and 7953219 nonzeros
Coefficient statistics:
  Matrix range     [1e+00, 1e+00]
  Objective range  [1e+05, 5e+05]
  Bounds range     [0e+00, 0e+00]
  RHS range        [1e+00, 1e+00]
LP warm-start: use basis

Iteration    Objective       Primal Inf.    Dual Inf.      Time
       0   -1.0678459e+32   1.251831e+35   1.067846e+02      1s
     325   -5.3167177e+30   2.519731e+33   5.316719e+00      6s
     602   -1.7098802e+30   1.052622e+33   1.709880e+00     10s
     880   -7.1522210e+29   4.364308e+33   7.152219e-01     15s
    1237   -1.3510626e+29   1.385616e+33   1.351063e-01     21s
    1475   -9.4968104e+27   1.511096e+32   9.496801e-03     26s
    1833    3.3013545e+06   7.404160e+03   0.000000e+00     32s
    2066    3.3013547e+06   1.413472e+03   0.000000e+00     36s
    2302    3.3013548e+06   5.373467e+02   0.000000e+00     40s
    2659    3.3013548e+06   9.270998e+02   0.000000e+00     47s
    2894    3.3013549e+06   1.529076e+03   0.000000e+00     51s
    3132    3.3013549e+06   4.394964e+02   0.000000e+00     55s
    3487    3.3013549e+06   1.325502e+02   0.000000e+00     61s
    3719    3.3013550e+06   1.143519e+02   0.000000e+00     66s
    4065    3.3013550e+06   2.572607e+02   0.000000e+00     72s
    4298    3.3013550e+06   1.248343e+02   0.000000e+00     76s
    4536    3.3013550e+06   2.048032e+01   0.000000e+00     80s
    4888    3.3013550e+06   4.254574e+01   0.000000e+00     87s
    5123    3.3013550e+06   2.023580e+01   0.000000e+00     91s
    5480    3.3013550e+06   1.949487e+02   0.000000e+00     97s
    5718    3.3013550e+06   1.758997e-01   0.000000e+00    101s
    5744    3.3013550e+06   0.000000e+00   0.000000e+00    102s

Solved in 5744 iterations and 102.01 seconds (145.61 work units)
Optimal objective  3.301355035e+06
Set parameter TimeLimit to value 8.7615279817129485e+03
Set parameter Method to value 1
Gurobi Optimizer version 12.0.3 build v12.0.3rc0 (linux64 - "Ubuntu 24.04.4 LTS")

CPU model: Intel(R) Xeon(R) Gold 5218 CPU @ 2.30GHz, instruction set [SSE2|AVX|AVX2|AVX512]
Thread count: 32 physical cores, 32 logical processors, using up to 1 threads

Non-default parameters:
TimeLimit  8.7615279817129485e+03
Method  1
BarHomogeneous  1
Threads  1

Optimize a model with 785 rows, 281313 columns and 7954098 nonzeros
Coefficient statistics:
  Matrix range     [1e+00, 1e+00]
  Objective range  [1e+05, 5e+05]
  Bounds range     [0e+00, 0e+00]
  RHS range        [1e+00, 1e+00]
LP warm-start: use basis

Iteration    Objective       Primal Inf.    Dual Inf.      Time
       0   -1.0164455e+32   3.727219e+34   1.016446e+02      1s
     266   -4.5087129e+30   2.386910e+33   4.508713e+00      5s
     584   -1.2183553e+30   1.276620e+33   1.218355e+00     10s
     866   -4.1627041e+29   4.103641e+33   4.162703e-01     15s
    1220   -3.6714027e+27   3.367239e+32   3.671423e-03     22s
    1459    3.3013543e+06   1.389656e+04   0.000000e+00     26s
    1697    3.3013545e+06   4.125840e+02   0.000000e+00     30s
    2057    3.3013546e+06   8.183609e+02   0.000000e+00     36s
    2296    3.3013546e+06   2.659145e+02   0.000000e+00     41s
    2653    3.3013547e+06   4.624845e+02   0.000000e+00     47s
    2892    3.3013547e+06   2.889204e+02   0.000000e+00     51s
    3130    3.3013548e+06   2.879528e+02   0.000000e+00     56s
    3488    3.3013548e+06   2.027676e+02   0.000000e+00     62s
    3727    3.3013548e+06   1.376876e+02   0.000000e+00     66s
    3964    3.3013549e+06   7.002473e+01   0.000000e+00     71s
    4322    3.3013549e+06   4.201416e+02   0.000000e+00     77s
    4561    3.3013549e+06   6.238113e+02   0.000000e+00     81s
    4800    3.3013549e+06   1.885957e+02   0.000000e+00     86s
    5157    3.3013549e+06   9.222715e+01   0.000000e+00     92s
    5392    3.3013549e+06   2.413850e+01   0.000000e+00     96s
    5630    3.3013549e+06   3.973569e+01   0.000000e+00    100s
    5990    3.3013549e+06   2.236413e-02   0.000000e+00    106s
    6008    3.3013549e+06   0.000000e+00   0.000000e+00    107s

Solved in 6008 iterations and 106.82 seconds (152.88 work units)
Optimal objective  3.301354928e+06
Set parameter TimeLimit to value 8628.15604756726
Set parameter Method to value 1
Gurobi Optimizer version 12.0.3 build v12.0.3rc0 (linux64 - "Ubuntu 24.04.4 LTS")

CPU model: Intel(R) Xeon(R) Gold 5218 CPU @ 2.30GHz, instruction set [SSE2|AVX|AVX2|AVX512]
Thread count: 32 physical cores, 32 logical processors, using up to 1 threads

Non-default parameters:
TimeLimit  8628.15604756726
Method  1
BarHomogeneous  1
Threads  1

Optimize a model with 785 rows, 281343 columns and 7954979 nonzeros
Coefficient statistics:
  Matrix range     [1e+00, 1e+00]
  Objective range  [1e+05, 5e+05]
  Bounds range     [0e+00, 0e+00]
  RHS range        [1e+00, 1e+00]
LP warm-start: use basis

Iteration    Objective       Primal Inf.    Dual Inf.      Time
       0   -9.7389544e+31   4.793840e+34   9.738954e+01      1s
     137    3.3013549e+06   0.000000e+00   0.000000e+00      3s

Solved in 137 iterations and 2.88 seconds (3.77 work units)
Optimal objective  3.301354928e+06
Set parameter TimeLimit to value 8.6023027112497948e+03
Set parameter Method to value 1
Gurobi Optimizer version 12.0.3 build v12.0.3rc0 (linux64 - "Ubuntu 24.04.4 LTS")

CPU model: Intel(R) Xeon(R) Gold 5218 CPU @ 2.30GHz, instruction set [SSE2|AVX|AVX2|AVX512]
Thread count: 32 physical cores, 32 logical processors, using up to 1 threads

Non-default parameters:
TimeLimit  8.6023027112497948e+03
Method  1
BarHomogeneous  1
Threads  1

Optimize a model with 785 rows, 281373 columns and 7955977 nonzeros
Coefficient statistics:
  Matrix range     [1e+00, 1e+00]
  Objective range  [1e+05, 5e+05]
  Bounds range     [0e+00, 0e+00]
  RHS range        [1e+00, 1e+00]
LP warm-start: use basis

Iteration    Objective       Primal Inf.    Dual Inf.      Time
       0   -9.2241857e+31   6.499947e+34   9.224186e+01      1s
     328   -2.7593392e+30   2.492995e+33   2.759339e+00      5s
     653   -3.3466181e+29   6.684517e+32   3.346618e-01     11s
     933   -2.3183214e+28   4.342270e+32   2.318323e-02     15s
    1291    3.3013544e+06   7.772081e+02   0.000000e+00     21s
    1530    3.3013545e+06   2.533003e+03   0.000000e+00     26s
    1884    3.3013546e+06   6.173780e+02   0.000000e+00     32s
    2122    3.3013546e+06   1.373197e+02   0.000000e+00     36s
    2479    3.3013547e+06   1.218643e+02   0.000000e+00     42s
    2716    3.3013547e+06   2.156225e+02   0.000000e+00     46s
    2955    3.3013547e+06   1.666085e+02   0.000000e+00     50s
    3309    3.3013547e+06   2.024328e+02   0.000000e+00     57s
    3546    3.3013547e+06   3.131312e+01   0.000000e+00     61s
    3903    3.3013547e+06   3.130076e+01   0.000000e+00     67s
    4138    3.3013547e+06   2.766363e+01   0.000000e+00     71s
    4375    3.3013547e+06   0.000000e+00   0.000000e+00     75s

Solved in 4375 iterations and 75.02 seconds (109.92 work units)
Optimal objective  3.301354735e+06
Set parameter TimeLimit to value 8.5010490691405721e+03
Set parameter Method to value 1
Gurobi Optimizer version 12.0.3 build v12.0.3rc0 (linux64 - "Ubuntu 24.04.4 LTS")

CPU model: Intel(R) Xeon(R) Gold 5218 CPU @ 2.30GHz, instruction set [SSE2|AVX|AVX2|AVX512]
Thread count: 32 physical cores, 32 logical processors, using up to 1 threads

Non-default parameters:
TimeLimit  8.5010490691405721e+03
Method  1
BarHomogeneous  1
Threads  1

Optimize a model with 785 rows, 281403 columns and 7957063 nonzeros
Coefficient statistics:
  Matrix range     [1e+00, 1e+00]
  Objective range  [1e+05, 5e+05]
  Bounds range     [0e+00, 0e+00]
  RHS range        [1e+00, 1e+00]
LP warm-start: use basis

Iteration    Objective       Primal Inf.    Dual Inf.      Time
       0   -1.0736543e+32   5.126246e+34   1.073654e+02      1s
     320   -6.4854263e+28   8.371242e+32   6.485425e-02      5s
     640    3.3013546e+06   5.236413e+02   0.000000e+00     11s
     995    3.3013547e+06   1.367526e+02   0.000000e+00     17s
    1230    3.3013547e+06   8.655182e+01   0.000000e+00     21s
    1470    3.3013547e+06   6.166439e+01   0.000000e+00     25s
    1824    3.3013547e+06   1.549138e+01   0.000000e+00     31s
    2062    3.3013547e+06   5.125508e+00   0.000000e+00     35s
    2260    3.3013547e+06   0.000000e+00   0.000000e+00     39s

Solved in 2260 iterations and 38.92 seconds (57.02 work units)
Optimal objective  3.301354690e+06
Set parameter TimeLimit to value 8.4360507985842414e+03
Set parameter Method to value 1
Gurobi Optimizer version 12.0.3 build v12.0.3rc0 (linux64 - "Ubuntu 24.04.4 LTS")

CPU model: Intel(R) Xeon(R) Gold 5218 CPU @ 2.30GHz, instruction set [SSE2|AVX|AVX2|AVX512]
Thread count: 32 physical cores, 32 logical processors, using up to 1 threads

Non-default parameters:
TimeLimit  8.4360507985842414e+03
Method  1
BarHomogeneous  1
Threads  1

Optimize a model with 785 rows, 281433 columns and 7958096 nonzeros
Coefficient statistics:
  Matrix range     [1e+00, 1e+00]
  Objective range  [1e+05, 5e+05]
  Bounds range     [0e+00, 0e+00]
  RHS range        [1e+00, 1e+00]
LP warm-start: use basis

Iteration    Objective       Primal Inf.    Dual Inf.      Time
       0   -1.1519510e+32   1.290143e+35   1.151951e+02      1s
     318   -2.2939212e+29   1.009386e+33   2.293921e-01      5s
     636    3.3013544e+06   8.340320e+03   0.000000e+00     11s
     876    3.3013546e+06   7.791946e+02   0.000000e+00     15s
    1230    3.3013546e+06   8.716025e+02   0.000000e+00     21s
    1466    3.3013546e+06   5.885619e+01   0.000000e+00     25s
    1821    3.3013546e+06   4.428393e+01   0.000000e+00     31s
    2057    3.3013547e+06   9.321110e+01   0.000000e+00     35s
    2415    3.3013547e+06   4.473984e+00   0.000000e+00     42s
    2653    3.3013547e+06   8.934709e-02   0.000000e+00     46s
    2663    3.3013547e+06   0.000000e+00   0.000000e+00     46s

Solved in 2663 iterations and 46.12 seconds (67.48 work units)
Optimal objective  3.301354657e+06
Set parameter TimeLimit to value 8363.53172329301
Set parameter Method to value 1
Gurobi Optimizer version 12.0.3 build v12.0.3rc0 (linux64 - "Ubuntu 24.04.4 LTS")

CPU model: Intel(R) Xeon(R) Gold 5218 CPU @ 2.30GHz, instruction set [SSE2|AVX|AVX2|AVX512]
Thread count: 32 physical cores, 32 logical processors, using up to 1 threads

Non-default parameters:
TimeLimit  8363.53172329301
Method  1
BarHomogeneous  1
Threads  1

Optimize a model with 785 rows, 281463 columns and 7959170 nonzeros
Coefficient statistics:
  Matrix range     [1e+00, 1e+00]
  Objective range  [1e+05, 5e+05]
  Bounds range     [0e+00, 0e+00]
  RHS range        [1e+00, 1e+00]
LP warm-start: use basis

Iteration    Objective       Primal Inf.    Dual Inf.      Time
       0   -9.8265744e+31   2.903592e+34   9.826574e+01      1s
     347   -2.4066056e+30   2.724961e+33   2.406606e+00      6s
     626   -6.9663696e+29   1.228891e+33   6.966368e-01     10s
     985   -1.8226623e+29   1.504993e+33   1.822662e-01     17s
    1226    3.3013540e+06   8.414940e+03   0.000000e+00     21s
    1580    3.3013542e+06   1.658625e+03   0.000000e+00     27s
    1818    3.3013543e+06   2.955934e+03   0.000000e+00     31s
    2048    3.3013544e+06   5.124780e+02   0.000000e+00     35s
    2404    3.3013545e+06   3.584664e+02   0.000000e+00     41s
    2637    3.3013545e+06   9.882343e+01   0.000000e+00     46s
    2994    3.3013545e+06   9.325668e+02   0.000000e+00     52s
    3230    3.3013545e+06   5.607541e+01   0.000000e+00     56s
    3468    3.3013545e+06   6.561830e+01   0.000000e+00     60s
    3820    3.3013545e+06   1.616895e+02   0.000000e+00     66s
    4051    3.3013546e+06   1.573552e+02   0.000000e+00     70s
    4406    3.3013546e+06   3.028539e+01   0.000000e+00     77s
    4644    3.3013546e+06   2.746508e+01   0.000000e+00     81s
    4998    3.3013546e+06   4.734640e-01   0.000000e+00     87s
    5100    3.3013546e+06   0.000000e+00   0.000000e+00     89s

Solved in 5100 iterations and 88.93 seconds (129.30 work units)
Optimal objective  3.301354567e+06
Set parameter TimeLimit to value 8.2482673559864052e+03
Set parameter Method to value 1
Gurobi Optimizer version 12.0.3 build v12.0.3rc0 (linux64 - "Ubuntu 24.04.4 LTS")

CPU model: Intel(R) Xeon(R) Gold 5218 CPU @ 2.30GHz, instruction set [SSE2|AVX|AVX2|AVX512]
Thread count: 32 physical cores, 32 logical processors, using up to 1 threads

Non-default parameters:
TimeLimit  8.2482673559864052e+03
Method  1
BarHomogeneous  1
Threads  1

Optimize a model with 785 rows, 281493 columns and 7960062 nonzeros
Coefficient statistics:
  Matrix range     [1e+00, 1e+00]
  Objective range  [1e+05, 5e+05]
  Bounds range     [0e+00, 0e+00]
  RHS range        [1e+00, 1e+00]
LP warm-start: use basis

Iteration    Objective       Primal Inf.    Dual Inf.      Time
       0   -1.2612627e+32   6.402329e+34   1.261263e+02      1s
     320   -3.7485977e+29   8.711395e+32   3.748598e-01      6s
     640    3.3013544e+06   6.151855e+02   0.000000e+00     11s
     872    3.3013545e+06   2.775492e+02   0.000000e+00     15s
    1231    3.3013545e+06   1.470345e+02   0.000000e+00     21s
    1470    3.3013545e+06   6.231364e+01   0.000000e+00     26s
    1820    3.3013545e+06   1.161253e+01   0.000000e+00     32s
    2059    3.3013545e+06   1.119640e+02   0.000000e+00     36s
    2298    3.3013545e+06   2.985474e+02   0.000000e+00     40s
    2658    3.3013545e+06   6.720111e+01   0.000000e+00     47s
    2827    3.3013545e+06   0.000000e+00   0.000000e+00     50s

Solved in 2827 iterations and 49.64 seconds (72.43 work units)
Optimal objective  3.301354534e+06
Set parameter TimeLimit to value 8.1721837040795945e+03
Set parameter Method to value 1
Gurobi Optimizer version 12.0.3 build v12.0.3rc0 (linux64 - "Ubuntu 24.04.4 LTS")

CPU model: Intel(R) Xeon(R) Gold 5218 CPU @ 2.30GHz, instruction set [SSE2|AVX|AVX2|AVX512]
Thread count: 32 physical cores, 32 logical processors, using up to 1 threads

Non-default parameters:
TimeLimit  8.1721837040795945e+03
Method  1
BarHomogeneous  1
Threads  1

Optimize a model with 785 rows, 281523 columns and 7960916 nonzeros
Coefficient statistics:
  Matrix range     [1e+00, 1e+00]
  Objective range  [1e+05, 5e+05]
  Bounds range     [0e+00, 0e+00]
  RHS range        [1e+00, 1e+00]
LP warm-start: use basis

Iteration    Objective       Primal Inf.    Dual Inf.      Time
       0   -7.5381125e+31   6.222178e+34   7.538112e+01      1s
     324   -7.8978326e+29   1.429445e+33   7.897832e-01      6s
     605   -1.6542687e+29   6.326592e+33   1.654270e-01     10s
     959    3.3013541e+06   3.321145e+03   0.000000e+00     16s
    1197    3.3013543e+06   1.014156e+03   0.000000e+00     20s
    1555    3.3013544e+06   5.131168e+02   0.000000e+00     27s
    1793    3.3013544e+06   1.079702e+02   0.000000e+00     31s
    2150    3.3013544e+06   1.179566e+02   0.000000e+00     37s
    2384    3.3013544e+06   6.333701e+02   0.000000e+00     41s
    2622    3.3013544e+06   4.596124e+01   0.000000e+00     45s
    2979    3.3013544e+06   1.028197e+02   0.000000e+00     51s
    3216    3.3013544e+06   1.015913e+01   0.000000e+00     55s
    3566    3.3013545e+06   8.722382e+00   0.000000e+00     62s
    3805    3.3013545e+06   3.258848e+00   0.000000e+00     66s
    3922    3.3013545e+06   0.000000e+00   0.000000e+00     68s

Solved in 3922 iterations and 67.84 seconds (99.61 work units)
Optimal objective  3.301354454e+06
Set parameter TimeLimit to value 8.0778371743797325e+03
Set parameter Method to value 1
Gurobi Optimizer version 12.0.3 build v12.0.3rc0 (linux64 - "Ubuntu 24.04.4 LTS")

CPU model: Intel(R) Xeon(R) Gold 5218 CPU @ 2.30GHz, instruction set [SSE2|AVX|AVX2|AVX512]
Thread count: 32 physical cores, 32 logical processors, using up to 1 threads

Non-default parameters:
TimeLimit  8.0778371743797325e+03
Method  1
BarHomogeneous  1
Threads  1

Optimize a model with 785 rows, 281553 columns and 7962027 nonzeros
Coefficient statistics:
  Matrix range     [1e+00, 1e+00]
  Objective range  [1e+05, 5e+05]
  Bounds range     [0e+00, 0e+00]
  RHS range        [1e+00, 1e+00]
LP warm-start: use basis

Iteration    Objective       Primal Inf.    Dual Inf.      Time
       0   -9.0262900e+31   3.437353e+34   9.026290e+01      1s
       1    3.3013545e+06   0.000000e+00   0.000000e+00      1s

Solved in 1 iterations and 0.64 seconds (0.43 work units)
Optimal objective  3.301354454e+06
Set parameter TimeLimit to value 8.0549867757461034e+03
Set parameter Method to value 1
Gurobi Optimizer version 12.0.3 build v12.0.3rc0 (linux64 - "Ubuntu 24.04.4 LTS")

CPU model: Intel(R) Xeon(R) Gold 5218 CPU @ 2.30GHz, instruction set [SSE2|AVX|AVX2|AVX512]
Thread count: 32 physical cores, 32 logical processors, using up to 1 threads

Non-default parameters:
TimeLimit  8.0549867757461034e+03
Method  1
BarHomogeneous  1
Threads  1

Optimize a model with 785 rows, 281583 columns and 7963163 nonzeros
Coefficient statistics:
  Matrix range     [1e+00, 1e+00]
  Objective range  [1e+05, 5e+05]
  Bounds range     [0e+00, 0e+00]
  RHS range        [1e+00, 1e+00]
LP warm-start: use basis

Iteration    Objective       Primal Inf.    Dual Inf.      Time
       0   -8.9301497e+31   2.864438e+34   8.930150e+01      1s
     341   -7.6552553e+29   2.704698e+33   7.655255e-01      5s
     625   -8.1559651e+28   1.205883e+33   8.155966e-02     10s
     904    3.3013539e+06   1.853016e+03   0.000000e+00     15s
    1260    3.3013541e+06   4.434326e+02   0.000000e+00     21s
    1499    3.3013541e+06   2.737388e+03   0.000000e+00     26s
    1855    3.3013542e+06   1.597308e+02   0.000000e+00     32s
    2091    3.3013542e+06   3.043991e+02   0.000000e+00     36s
    2330    3.3013542e+06   2.735996e+02   0.000000e+00     40s
    2688    3.3013542e+06   2.931223e+02   0.000000e+00     47s
    2926    3.3013542e+06   1.568776e+02   0.000000e+00     51s
    3166    3.3013542e+06   3.597318e+01   0.000000e+00     55s
    3523    3.3013543e+06   3.630716e+02   0.000000e+00     62s
    3758    3.3013543e+06   3.188596e+01   0.000000e+00     66s
    3995    3.3013543e+06   3.786288e+01   0.000000e+00     70s
    4352    3.3013543e+06   5.952870e+01   0.000000e+00     77s
    4590    3.3013543e+06   2.182729e+01   0.000000e+00     81s
    4830    3.3013543e+06   7.688369e+00   0.000000e+00     85s
    5186    3.3013543e+06   9.510818e+00   0.000000e+00     92s
    5425    3.3013543e+06   1.551299e+00   0.000000e+00     96s
    5524    3.3013543e+06   0.000000e+00   0.000000e+00     98s

Solved in 5524 iterations and 97.85 seconds (139.63 work units)
Optimal objective  3.301354286e+06
Set parameter TimeLimit to value 7.9308402251000516e+03
Set parameter Method to value 1
Gurobi Optimizer version 12.0.3 build v12.0.3rc0 (linux64 - "Ubuntu 24.04.4 LTS")

CPU model: Intel(R) Xeon(R) Gold 5218 CPU @ 2.30GHz, instruction set [SSE2|AVX|AVX2|AVX512]
Thread count: 32 physical cores, 32 logical processors, using up to 1 threads

Non-default parameters:
TimeLimit  7.9308402251000516e+03
Method  1
BarHomogeneous  1
Threads  1

Optimize a model with 785 rows, 281613 columns and 7964268 nonzeros
Coefficient statistics:
  Matrix range     [1e+00, 1e+00]
  Objective range  [1e+05, 5e+05]
  Bounds range     [0e+00, 0e+00]
  RHS range        [1e+00, 1e+00]
LP warm-start: use basis

Iteration    Objective       Primal Inf.    Dual Inf.      Time
       0   -1.0644534e+32   1.115610e+34   1.064453e+02      1s
     279   -4.6814090e+30   3.721410e+33   4.681409e+00      5s
     598   -1.6733367e+30   2.176417e+33   1.673337e+00     11s
     876   -6.8599539e+29   2.026791e+33   6.859954e-01     15s
    1191   -3.2133173e+29   3.726154e+33   3.213316e-01     21s
    1429   -1.6086173e+29   4.078033e+33   1.608617e-01     25s
    1780   -1.1793122e+28   2.659447e+32   1.179312e-02     31s
    2018    3.3013535e+06   3.663359e+03   0.000000e+00     36s
    2369    3.3013537e+06   2.221170e+03   0.000000e+00     42s
    2600    3.3013538e+06   3.664652e+03   0.000000e+00     46s
    2832    3.3013539e+06   7.081663e+02   0.000000e+00     50s
    3188    3.3013540e+06   1.728670e+03   0.000000e+00     56s
    3421    3.3013540e+06   1.159536e+03   0.000000e+00     61s
    3773    3.3013540e+06   7.006728e+02   0.000000e+00     67s
    4008    3.3013540e+06   2.263699e+02   0.000000e+00     71s
    4243    3.3013541e+06   6.114836e+02   0.000000e+00     75s
    4596    3.3013541e+06   1.485056e+02   0.000000e+00     81s
    4831    3.3013541e+06   2.802676e+02   0.000000e+00     86s
    5188    3.3013541e+06   6.097722e+01   0.000000e+00     92s
    5427    3.3013541e+06   7.673947e+01   0.000000e+00     96s
    5666    3.3013541e+06   1.705946e+03   0.000000e+00    101s
    6020    3.3013541e+06   6.279031e+01   0.000000e+00    107s
    6255    3.3013541e+06   4.974195e+01   0.000000e+00    111s
    6490    3.3013541e+06   1.845642e+01   0.000000e+00    115s
    6846    3.3013541e+06   8.479347e-01   0.000000e+00    122s
    7036    3.3013541e+06   0.000000e+00   0.000000e+00    125s

Solved in 7036 iterations and 125.16 seconds (180.38 work units)
Optimal objective  3.301354124e+06
Set parameter TimeLimit to value 7.7793752424237318e+03
Set parameter Method to value 1
Gurobi Optimizer version 12.0.3 build v12.0.3rc0 (linux64 - "Ubuntu 24.04.4 LTS")

CPU model: Intel(R) Xeon(R) Gold 5218 CPU @ 2.30GHz, instruction set [SSE2|AVX|AVX2|AVX512]
Thread count: 32 physical cores, 32 logical processors, using up to 1 threads

Non-default parameters:
TimeLimit  7.7793752424237318e+03
Method  1
BarHomogeneous  1
Threads  1

Optimize a model with 785 rows, 281643 columns and 7965281 nonzeros
Coefficient statistics:
  Matrix range     [1e+00, 1e+00]
  Objective range  [1e+05, 5e+05]
  Bounds range     [0e+00, 0e+00]
  RHS range        [1e+00, 1e+00]
LP warm-start: use basis

Iteration    Objective       Primal Inf.    Dual Inf.      Time
       0   -8.3571228e+31   6.129695e+34   8.357123e+01      1s
     319   -3.5187734e+30   1.966674e+33   3.518773e+00      5s
     598   -8.8879763e+29   1.205683e+33   8.887974e-01     10s
     996   -1.9757040e+29   3.057465e+33   1.975704e-01     17s
    1235   -2.5351057e+28   1.351412e+32   2.535106e-02     21s
    1591    3.3013538e+06   1.984283e+03   0.000000e+00     27s
    1828    3.3013539e+06   2.191159e+03   0.000000e+00     31s
    2068    3.3013540e+06   6.981348e+02   0.000000e+00     35s
    2424    3.3013540e+06   4.318480e+02   0.000000e+00     41s
    2663    3.3013540e+06   1.097632e+02   0.000000e+00     45s
    3020    3.3013540e+06   2.667134e+02   0.000000e+00     52s
    3257    3.3013540e+06   1.929278e+02   0.000000e+00     56s
    3610    3.3013540e+06   6.959206e+01   0.000000e+00     62s
    3847    3.3013540e+06   2.307702e+01   0.000000e+00     66s
    4085    3.3013541e+06   4.452826e+01   0.000000e+00     70s
    4438    3.3013541e+06   2.893989e+01   0.000000e+00     76s
    4676    3.3013541e+06   2.331231e+01   0.000000e+00     80s
    5033    3.3013541e+06   3.261108e+00   0.000000e+00     86s
    5272    3.3013541e+06   4.992350e-02   0.000000e+00     91s
    5304    3.3013541e+06   0.000000e+00   0.000000e+00     91s

Solved in 5304 iterations and 91.21 seconds (134.66 work units)
Optimal objective  3.301354062e+06
Set parameter TimeLimit to value 7.6619064577915706e+03
Set parameter Method to value 1
Gurobi Optimizer version 12.0.3 build v12.0.3rc0 (linux64 - "Ubuntu 24.04.4 LTS")

CPU model: Intel(R) Xeon(R) Gold 5218 CPU @ 2.30GHz, instruction set [SSE2|AVX|AVX2|AVX512]
Thread count: 32 physical cores, 32 logical processors, using up to 1 threads

Non-default parameters:
TimeLimit  7.6619064577915706e+03
Method  1
BarHomogeneous  1
Threads  1

Optimize a model with 785 rows, 281673 columns and 7966195 nonzeros
Coefficient statistics:
  Matrix range     [1e+00, 1e+00]
  Objective range  [1e+05, 5e+05]
  Bounds range     [0e+00, 0e+00]
  RHS range        [1e+00, 1e+00]
LP warm-start: use basis

Iteration    Objective       Primal Inf.    Dual Inf.      Time
       0   -1.0067506e+32   4.448783e+34   1.006751e+02      1s
      97    3.3013541e+06   0.000000e+00   0.000000e+00      2s

Solved in 97 iterations and 2.31 seconds (2.91 work units)
Optimal objective  3.301354062e+06
Set parameter TimeLimit to value 7635.16949790949
Set parameter Method to value 1
Gurobi Optimizer version 12.0.3 build v12.0.3rc0 (linux64 - "Ubuntu 24.04.4 LTS")

CPU model: Intel(R) Xeon(R) Gold 5218 CPU @ 2.30GHz, instruction set [SSE2|AVX|AVX2|AVX512]
Thread count: 32 physical cores, 32 logical processors, using up to 1 threads

Non-default parameters:
TimeLimit  7635.16949790949
Method  1
BarHomogeneous  1
Threads  1

Optimize a model with 785 rows, 281703 columns and 7967116 nonzeros
Coefficient statistics:
  Matrix range     [1e+00, 1e+00]
  Objective range  [1e+05, 5e+05]
  Bounds range     [0e+00, 0e+00]
  RHS range        [1e+00, 1e+00]
LP warm-start: use basis

Iteration    Objective       Primal Inf.    Dual Inf.      Time
       0   -9.2765508e+31   1.248382e+34   9.276551e+01      1s
     328   -2.2079618e+30   1.657502e+33   2.207962e+00      6s
     607   -8.9413929e+29   1.848367e+33   8.941393e-01     10s
     885   -3.4250970e+29   1.280385e+34   3.425095e-01     15s
    1242   -2.6779803e+28   6.824462e+32   2.677985e-02     22s
    1481    3.3013537e+06   8.048916e+02   0.000000e+00     26s
    1715    3.3013538e+06   3.628595e+02   0.000000e+00     30s
    2071    3.3013539e+06   6.789373e+02   0.000000e+00     37s
    2311    3.3013539e+06   8.495172e+02   0.000000e+00     41s
    2547    3.3013539e+06   2.436541e+02   0.000000e+00     45s
    2900    3.3013539e+06   3.559078e+02   0.000000e+00     51s
    3139    3.3013540e+06   1.328042e+03   0.000000e+00     56s
    3494    3.3013540e+06   7.271552e+01   0.000000e+00     62s
    3728    3.3013540e+06   4.154323e+01   0.000000e+00     66s
    3965    3.3013540e+06   3.517802e+01   0.000000e+00     71s
    4324    3.3013540e+06   5.076297e+01   0.000000e+00     77s
    4559    3.3013540e+06   8.630129e+01   0.000000e+00     81s
    4796    3.3013540e+06   1.056290e+02   0.000000e+00     85s
    5155    3.3013540e+06   2.646949e+01   0.000000e+00     92s
    5395    3.3013540e+06   1.749964e+00   0.000000e+00     96s
    5563    3.3013540e+06   0.000000e+00   0.000000e+00     99s

Solved in 5563 iterations and 99.30 seconds (141.55 work units)
Optimal objective  3.301354000e+06
Set parameter TimeLimit to value 7.5090921351420693e+03
Set parameter Method to value 1
Gurobi Optimizer version 12.0.3 build v12.0.3rc0 (linux64 - "Ubuntu 24.04.4 LTS")

CPU model: Intel(R) Xeon(R) Gold 5218 CPU @ 2.30GHz, instruction set [SSE2|AVX|AVX2|AVX512]
Thread count: 32 physical cores, 32 logical processors, using up to 1 threads

Non-default parameters:
TimeLimit  7.5090921351420693e+03
Method  1
BarHomogeneous  1
Threads  1

Optimize a model with 785 rows, 281733 columns and 7968031 nonzeros
Coefficient statistics:
  Matrix range     [1e+00, 1e+00]
  Objective range  [1e+05, 5e+05]
  Bounds range     [0e+00, 0e+00]
  RHS range        [1e+00, 1e+00]
LP warm-start: use basis

Iteration    Objective       Primal Inf.    Dual Inf.      Time
       0   -7.6018224e+31   3.980956e+34   7.601822e+01      1s
     278    3.3013540e+06   1.872211e+03   0.000000e+00      5s
     635    3.3013540e+06   5.899017e+00   0.000000e+00     11s
     875    3.3013540e+06   5.562833e-02   0.000000e+00     16s
     902    3.3013540e+06   0.000000e+00   0.000000e+00     16s

Solved in 902 iterations and 16.07 seconds (23.09 work units)
Optimal objective  3.301353999e+06
Set parameter TimeLimit to value 7.4685645423713140e+03
Set parameter Method to value 1
Gurobi Optimizer version 12.0.3 build v12.0.3rc0 (linux64 - "Ubuntu 24.04.4 LTS")

CPU model: Intel(R) Xeon(R) Gold 5218 CPU @ 2.30GHz, instruction set [SSE2|AVX|AVX2|AVX512]
Thread count: 32 physical cores, 32 logical processors, using up to 1 threads

Non-default parameters:
TimeLimit  7.4685645423713140e+03
Method  1
BarHomogeneous  1
Threads  1

Optimize a model with 785 rows, 281763 columns and 7968949 nonzeros
Coefficient statistics:
  Matrix range     [1e+00, 1e+00]
  Objective range  [1e+05, 5e+05]
  Bounds range     [0e+00, 0e+00]
  RHS range        [1e+00, 1e+00]
LP warm-start: use basis

Iteration    Objective       Primal Inf.    Dual Inf.      Time
       0   -6.8155896e+31   2.032197e+34   6.815590e+01      1s
     316   -5.2154524e+30   2.442983e+33   5.215453e+00      5s
     596   -1.6581135e+30   2.392134e+33   1.658113e+00     10s
     948   -5.5150714e+29   2.713326e+34   5.515068e-01     16s
    1184   -1.4121904e+29   1.658655e+34   1.412197e-01     20s
    1535   -9.6008404e+27   2.391077e+32   9.601226e-03     26s
    1773    3.3013535e+06   7.441423e+02   0.000000e+00     30s
    2133    3.3013537e+06   9.673844e+02   0.000000e+00     37s
    2373    3.3013537e+06   4.868031e+02   0.000000e+00     41s
    2731    3.3013538e+06   5.295731e+02   0.000000e+00     47s
    2967    3.3013538e+06   1.290173e+02   0.000000e+00     51s
    3203    3.3013538e+06   5.877634e+02   0.000000e+00     55s
    3561    3.3013538e+06   9.350112e+02   0.000000e+00     61s
    3799    3.3013539e+06   1.069905e+02   0.000000e+00     65s
    4152    3.3013539e+06   5.135375e+02   0.000000e+00     72s
    4389    3.3013539e+06   2.867904e+01   0.000000e+00     76s
    4743    3.3013539e+06   3.307544e+02   0.000000e+00     82s
    4978    3.3013539e+06   2.748485e+01   0.000000e+00     86s
    5212    3.3013539e+06   6.027960e+00   0.000000e+00     90s
    5564    3.3013539e+06   4.190431e+00   0.000000e+00     96s
    5722    3.3013539e+06   0.000000e+00   0.000000e+00     99s

Solved in 5722 iterations and 99.14 seconds (145.44 work units)
Optimal objective  3.301353885e+06
Set parameter TimeLimit to value 7.3445089442455210e+03
Set parameter Method to value 1
Gurobi Optimizer version 12.0.3 build v12.0.3rc0 (linux64 - "Ubuntu 24.04.4 LTS")

CPU model: Intel(R) Xeon(R) Gold 5218 CPU @ 2.30GHz, instruction set [SSE2|AVX|AVX2|AVX512]
Thread count: 32 physical cores, 32 logical processors, using up to 1 threads

Non-default parameters:
TimeLimit  7.3445089442455210e+03
Method  1
BarHomogeneous  1
Threads  1

Optimize a model with 785 rows, 281793 columns and 7969920 nonzeros
Coefficient statistics:
  Matrix range     [1e+00, 1e+00]
  Objective range  [1e+05, 5e+05]
  Bounds range     [0e+00, 0e+00]
  RHS range        [1e+00, 1e+00]
LP warm-start: use basis

Iteration    Objective       Primal Inf.    Dual Inf.      Time
       0   -1.1740886e+32   6.818505e+34   1.174089e+02      1s
     317   -2.2915221e+30   3.660099e+33   2.291522e+00      6s
     605   -8.9813046e+29   1.756713e+33   8.981304e-01     10s
    1001   -4.9034657e+28   3.839043e+33   4.903475e-02     17s
    1238    3.3013534e+06   1.283435e+03   0.000000e+00     21s
    1472    3.3013535e+06   1.228583e+03   0.000000e+00     25s
    1831    3.3013536e+06   3.661210e+02   0.000000e+00     31s
    2067    3.3013536e+06   7.727776e+02   0.000000e+00     35s
    2424    3.3013537e+06   2.650011e+02   0.000000e+00     42s
    2663    3.3013537e+06   3.921424e+02   0.000000e+00     46s
    3023    3.3013537e+06   6.465402e+01   0.000000e+00     52s
    3258    3.3013538e+06   1.154928e+02   0.000000e+00     56s
    3493    3.3013538e+06   2.320391e+02   0.000000e+00     60s
    3847    3.3013538e+06   2.411373e+02   0.000000e+00     66s
    4085    3.3013538e+06   4.768261e+01   0.000000e+00     70s
    4442    3.3013538e+06   1.500566e+01   0.000000e+00     77s
    4676    3.3013538e+06   7.731402e+01   0.000000e+00     81s
    5034    3.3013538e+06   8.686631e-01   0.000000e+00     87s
    5099    3.3013538e+06   0.000000e+00   0.000000e+00     88s

Solved in 5099 iterations and 88.08 seconds (128.95 work units)
Optimal objective  3.301353789e+06
Set parameter TimeLimit to value 7.2303603386520408e+03
Set parameter Method to value 1
Gurobi Optimizer version 12.0.3 build v12.0.3rc0 (linux64 - "Ubuntu 24.04.4 LTS")

CPU model: Intel(R) Xeon(R) Gold 5218 CPU @ 2.30GHz, instruction set [SSE2|AVX|AVX2|AVX512]
Thread count: 32 physical cores, 32 logical processors, using up to 1 threads

Non-default parameters:
TimeLimit  7.2303603386520408e+03
Method  1
BarHomogeneous  1
Threads  1

Optimize a model with 785 rows, 281823 columns and 7970828 nonzeros
Coefficient statistics:
  Matrix range     [1e+00, 1e+00]
  Objective range  [1e+05, 5e+05]
  Bounds range     [0e+00, 0e+00]
  RHS range        [1e+00, 1e+00]
LP warm-start: use basis

Iteration    Objective       Primal Inf.    Dual Inf.      Time
       0   -9.9492403e+31   1.158930e+35   9.949240e+01      1s
     319    3.3013538e+06   1.911284e+02   0.000000e+00      6s
     552    3.3013538e+06   2.455691e+00   0.000000e+00     10s
     748    3.3013538e+06   0.000000e+00   0.000000e+00     14s

Solved in 748 iterations and 13.83 seconds (19.28 work units)
Optimal objective  3.301353788e+06
Set parameter TimeLimit to value 7190.54931069212
Set parameter Method to value 1
Gurobi Optimizer version 12.0.3 build v12.0.3rc0 (linux64 - "Ubuntu 24.04.4 LTS")

CPU model: Intel(R) Xeon(R) Gold 5218 CPU @ 2.30GHz, instruction set [SSE2|AVX|AVX2|AVX512]
Thread count: 32 physical cores, 32 logical processors, using up to 1 threads

Non-default parameters:
TimeLimit  7190.54931069212
Method  1
BarHomogeneous  1
Threads  1

Optimize a model with 785 rows, 281853 columns and 7971586 nonzeros
Coefficient statistics:
  Matrix range     [1e+00, 1e+00]
  Objective range  [1e+05, 5e+05]
  Bounds range     [0e+00, 0e+00]
  RHS range        [1e+00, 1e+00]
LP warm-start: use basis

Iteration    Objective       Primal Inf.    Dual Inf.      Time
       0   -8.6906691e+31   6.227082e+35   8.690671e+01      1s
     315   -8.5691473e+29   1.406171e+33   8.569147e-01      6s
     594   -7.6928935e+28   3.998593e+32   7.692896e-02     11s
     952    3.3013536e+06   2.027355e+03   0.000000e+00     17s
    1191    3.3013536e+06   2.471758e+03   0.000000e+00     21s
    1429    3.3013537e+06   2.053304e+02   0.000000e+00     25s
    1785    3.3013537e+06   2.787657e+03   0.000000e+00     32s
    2021    3.3013537e+06   9.634549e+01   0.000000e+00     36s
    2375    3.3013538e+06   1.682058e+02   0.000000e+00     42s
    2609    3.3013538e+06   9.958707e+01   0.000000e+00     46s
    2845    3.3013538e+06   2.554599e+02   0.000000e+00     50s
    3198    3.3013538e+06   2.910005e+01   0.000000e+00     57s
    3435    3.3013538e+06   2.574057e+01   0.000000e+00     61s
    3794    3.3013538e+06   2.242974e+00   0.000000e+00     67s
    3866    3.3013538e+06   0.000000e+00   0.000000e+00     68s

Solved in 3866 iterations and 68.40 seconds (98.80 work units)
Optimal objective  3.301353770e+06
Set parameter TimeLimit to value 7.0933417682363652e+03
Set parameter Method to value 1
Gurobi Optimizer version 12.0.3 build v12.0.3rc0 (linux64 - "Ubuntu 24.04.4 LTS")

CPU model: Intel(R) Xeon(R) Gold 5218 CPU @ 2.30GHz, instruction set [SSE2|AVX|AVX2|AVX512]
Thread count: 32 physical cores, 32 logical processors, using up to 1 threads

Non-default parameters:
TimeLimit  7.0933417682363652e+03
Method  1
BarHomogeneous  1
Threads  1

Optimize a model with 785 rows, 281883 columns and 7972672 nonzeros
Coefficient statistics:
  Matrix range     [1e+00, 1e+00]
  Objective range  [1e+05, 5e+05]
  Bounds range     [0e+00, 0e+00]
  RHS range        [1e+00, 1e+00]
LP warm-start: use basis

Iteration    Objective       Primal Inf.    Dual Inf.      Time
       0   -6.0585922e+31   3.495647e+34   6.058592e+01      1s
     277    3.3013534e+06   8.185588e+03   0.000000e+00      5s
     635    3.3013537e+06   9.920804e+02   0.000000e+00     11s
     869    3.3013537e+06   1.290217e+02   0.000000e+00     15s
    1222    3.3013537e+06   3.872384e+01   0.000000e+00     21s
    1459    3.3013537e+06   3.543813e+02   0.000000e+00     25s
    1816    3.3013537e+06   2.170696e+01   0.000000e+00     32s
    2051    3.3013537e+06   1.972008e+01   0.000000e+00     36s
    2405    3.3013537e+06   0.000000e+00   0.000000e+00     42s

Solved in 2405 iterations and 41.90 seconds (61.66 work units)
Optimal objective  3.301353720e+06
Set parameter TimeLimit to value 7.0252979458789341e+03
Set parameter Method to value 1
Gurobi Optimizer version 12.0.3 build v12.0.3rc0 (linux64 - "Ubuntu 24.04.4 LTS")

CPU model: Intel(R) Xeon(R) Gold 5218 CPU @ 2.30GHz, instruction set [SSE2|AVX|AVX2|AVX512]
Thread count: 32 physical cores, 32 logical processors, using up to 1 threads

Non-default parameters:
TimeLimit  7.0252979458789341e+03
Method  1
BarHomogeneous  1
Threads  1

Optimize a model with 785 rows, 281913 columns and 7973637 nonzeros
Coefficient statistics:
  Matrix range     [1e+00, 1e+00]
  Objective range  [1e+05, 5e+05]
  Bounds range     [0e+00, 0e+00]
  RHS range        [1e+00, 1e+00]
LP warm-start: use basis

Iteration    Objective       Primal Inf.    Dual Inf.      Time
       0   -6.7889070e+31   1.011702e+35   6.788906e+01      1s
       1    3.3013537e+06   0.000000e+00   0.000000e+00      1s

Solved in 1 iterations and 0.60 seconds (0.43 work units)
Optimal objective  3.301353720e+06
Set parameter TimeLimit to value 7.0017828154168092e+03
Set parameter Method to value 1
Gurobi Optimizer version 12.0.3 build v12.0.3rc0 (linux64 - "Ubuntu 24.04.4 LTS")

CPU model: Intel(R) Xeon(R) Gold 5218 CPU @ 2.30GHz, instruction set [SSE2|AVX|AVX2|AVX512]
Thread count: 32 physical cores, 32 logical processors, using up to 1 threads

Non-default parameters:
TimeLimit  7.0017828154168092e+03
Method  1
BarHomogeneous  1
Threads  1

Optimize a model with 785 rows, 281943 columns and 7974517 nonzeros
Coefficient statistics:
  Matrix range     [1e+00, 1e+00]
  Objective range  [1e+05, 5e+05]
  Bounds range     [0e+00, 0e+00]
  RHS range        [1e+00, 1e+00]
LP warm-start: use basis

Iteration    Objective       Primal Inf.    Dual Inf.      Time
       0   -6.0970735e+31   5.246821e+34   6.097073e+01      1s
     328   -6.4835078e+29   2.518545e+33   6.483507e-01      5s
     654   -1.5985381e+28   1.460606e+33   1.598534e-02     11s
     913    3.3013532e+06   1.746906e+03   0.000000e+00     15s
    1268    3.3013533e+06   4.374585e+02   0.000000e+00     21s
    1505    3.3013534e+06   8.378214e+02   0.000000e+00     26s
    1862    3.3013535e+06   7.560118e+02   0.000000e+00     32s
    2096    3.3013535e+06   8.109018e+02   0.000000e+00     36s
    2449    3.3013535e+06   1.474665e+03   0.000000e+00     42s
    2686    3.3013535e+06   1.174039e+02   0.000000e+00     46s
    2923    3.3013536e+06   2.340181e+03   0.000000e+00     50s
    3278    3.3013536e+06   4.501099e+01   0.000000e+00     56s
    3515    3.3013536e+06   2.379109e+01   0.000000e+00     61s
    3870    3.3013536e+06   1.329830e+01   0.000000e+00     67s
    4108    3.3013536e+06   1.410355e+01   0.000000e+00     71s
    4299    3.3013536e+06   0.000000e+00   0.000000e+00     74s

Solved in 4299 iterations and 74.45 seconds (109.18 work units)
Optimal objective  3.301353615e+06
Set parameter TimeLimit to value 6.9006963773681782e+03
Set parameter Method to value 1
Gurobi Optimizer version 12.0.3 build v12.0.3rc0 (linux64 - "Ubuntu 24.04.4 LTS")

CPU model: Intel(R) Xeon(R) Gold 5218 CPU @ 2.30GHz, instruction set [SSE2|AVX|AVX2|AVX512]
Thread count: 32 physical cores, 32 logical processors, using up to 1 threads

Non-default parameters:
TimeLimit  6.9006963773681782e+03
Method  1
BarHomogeneous  1
Threads  1

Optimize a model with 785 rows, 281973 columns and 7975663 nonzeros
Coefficient statistics:
  Matrix range     [1e+00, 1e+00]
  Objective range  [1e+05, 5e+05]
  Bounds range     [0e+00, 0e+00]
  RHS range        [1e+00, 1e+00]
LP warm-start: use basis

Iteration    Objective       Primal Inf.    Dual Inf.      Time
       0   -7.3323793e+31   3.338248e+34   7.332379e+01      1s
     324    3.3013535e+06   4.635230e+02   0.000000e+00      6s
     563    3.3013535e+06   1.435696e+03   0.000000e+00     10s
     921    3.3013536e+06   6.374205e+02   0.000000e+00     17s
    1159    3.3013536e+06   1.566537e+01   0.000000e+00     21s
    1396    3.3013536e+06   1.987615e+00   0.000000e+00     25s
    1677    3.3013536e+06   0.000000e+00   0.000000e+00     30s

Solved in 1677 iterations and 30.08 seconds (42.69 work units)
Optimal objective  3.301353566e+06
Set parameter TimeLimit to value 6.8444972980027087e+03
Set parameter Method to value 1
Gurobi Optimizer version 12.0.3 build v12.0.3rc0 (linux64 - "Ubuntu 24.04.4 LTS")

CPU model: Intel(R) Xeon(R) Gold 5218 CPU @ 2.30GHz, instruction set [SSE2|AVX|AVX2|AVX512]
Thread count: 32 physical cores, 32 logical processors, using up to 1 threads

Non-default parameters:
TimeLimit  6.8444972980027087e+03
Method  1
BarHomogeneous  1
Threads  1

Optimize a model with 785 rows, 282003 columns and 7976559 nonzeros
Coefficient statistics:
  Matrix range     [1e+00, 1e+00]
  Objective range  [1e+05, 5e+05]
  Bounds range     [0e+00, 0e+00]
  RHS range        [1e+00, 1e+00]
LP warm-start: use basis

Iteration    Objective       Primal Inf.    Dual Inf.      Time
       0   -6.2265754e+31   3.415037e+34   6.226576e+01      1s
     301    3.3013536e+06   3.260403e+00   0.000000e+00      6s
     528    3.3013536e+06   0.000000e+00   0.000000e+00     10s

Solved in 528 iterations and 9.89 seconds (13.84 work units)
Optimal objective  3.301353566e+06
Set parameter TimeLimit to value 6.8116525223799981e+03
Set parameter Method to value 1
Gurobi Optimizer version 12.0.3 build v12.0.3rc0 (linux64 - "Ubuntu 24.04.4 LTS")

CPU model: Intel(R) Xeon(R) Gold 5218 CPU @ 2.30GHz, instruction set [SSE2|AVX|AVX2|AVX512]
Thread count: 32 physical cores, 32 logical processors, using up to 1 threads

Non-default parameters:
TimeLimit  6.8116525223799981e+03
Method  1
BarHomogeneous  1
Threads  1

Optimize a model with 785 rows, 282033 columns and 7977445 nonzeros
Coefficient statistics:
  Matrix range     [1e+00, 1e+00]
  Objective range  [1e+05, 5e+05]
  Bounds range     [0e+00, 0e+00]
  RHS range        [1e+00, 1e+00]
LP warm-start: use basis

Iteration    Objective       Primal Inf.    Dual Inf.      Time
       0   -6.1008523e+31   4.516784e+34   6.100852e+01      1s
     273    3.3013532e+06   2.102423e+03   0.000000e+00      5s
     632    3.3013535e+06   6.660424e+01   0.000000e+00     12s
     866    3.3013535e+06   6.992422e+01   0.000000e+00     16s
    1106    3.3013535e+06   2.105081e+01   0.000000e+00     20s
    1463    3.3013535e+06   4.351014e+01   0.000000e+00     26s
    1702    3.3013535e+06   8.741662e-02   0.000000e+00     31s
    1739    3.3013535e+06   0.000000e+00   0.000000e+00     31s

Solved in 1739 iterations and 31.49 seconds (44.50 work units)
Optimal objective  3.301353539e+06
Set parameter TimeLimit to value 6.7541362924552523e+03
Set parameter Method to value 1
Gurobi Optimizer version 12.0.3 build v12.0.3rc0 (linux64 - "Ubuntu 24.04.4 LTS")

CPU model: Intel(R) Xeon(R) Gold 5218 CPU @ 2.30GHz, instruction set [SSE2|AVX|AVX2|AVX512]
Thread count: 32 physical cores, 32 logical processors, using up to 1 threads

Non-default parameters:
TimeLimit  6.7541362924552523e+03
Method  1
BarHomogeneous  1
Threads  1

Optimize a model with 785 rows, 282063 columns and 7978454 nonzeros
Coefficient statistics:
  Matrix range     [1e+00, 1e+00]
  Objective range  [1e+05, 5e+05]
  Bounds range     [0e+00, 0e+00]
  RHS range        [1e+00, 1e+00]
LP warm-start: use basis

Iteration    Objective       Primal Inf.    Dual Inf.      Time
       0   -9.2800577e+31   6.667639e+34   9.280058e+01      1s
     291   -4.6941381e+29   1.011471e+33   4.694137e-01      5s
     609   -4.8355492e+28   2.506561e+33   4.835557e-02     10s
     938    3.3013534e+06   3.648645e+03   0.000000e+00     16s
    1175    3.3013535e+06   3.364914e+03   0.000000e+00     20s
    1526    3.3013535e+06   1.714293e+03   0.000000e+00     27s
    1762    3.3013535e+06   8.041079e+01   0.000000e+00     31s
    2110    3.3013535e+06   1.626925e+02   0.000000e+00     37s
    2346    3.3013535e+06   1.650814e+02   0.000000e+00     41s
    2577    3.3013535e+06   5.156531e+01   0.000000e+00     45s
    2932    3.3013535e+06   7.348468e-02   0.000000e+00     51s
    2972    3.3013535e+06   0.000000e+00   0.000000e+00     52s

Solved in 2972 iterations and 52.18 seconds (76.00 work units)
Optimal objective  3.301353515e+06
Set parameter TimeLimit to value 6.6756621542288922e+03
Set parameter Method to value 1
Gurobi Optimizer version 12.0.3 build v12.0.3rc0 (linux64 - "Ubuntu 24.04.4 LTS")

CPU model: Intel(R) Xeon(R) Gold 5218 CPU @ 2.30GHz, instruction set [SSE2|AVX|AVX2|AVX512]
Thread count: 32 physical cores, 32 logical processors, using up to 1 threads

Non-default parameters:
TimeLimit  6.6756621542288922e+03
Method  1
BarHomogeneous  1
Threads  1

Optimize a model with 785 rows, 282093 columns and 7979271 nonzeros
Coefficient statistics:
  Matrix range     [1e+00, 1e+00]
  Objective range  [1e+05, 5e+05]
  Bounds range     [0e+00, 0e+00]
  RHS range        [1e+00, 1e+00]
LP warm-start: use basis

Iteration    Objective       Primal Inf.    Dual Inf.      Time
       0   -6.0721365e+31   6.835346e+34   6.072136e+01      1s
     286   -1.0186735e+28   1.594128e+33   1.018664e-02      5s
     572    3.3013534e+06   2.787276e+02   0.000000e+00     10s
     924    3.3013534e+06   1.338854e+02   0.000000e+00     17s
    1163    3.3013534e+06   6.865773e+01   0.000000e+00     21s
    1401    3.3013534e+06   1.530074e+02   0.000000e+00     25s
    1750    3.3013534e+06   4.797882e+01   0.000000e+00     31s
    1986    3.3013534e+06   1.632194e+01   0.000000e+00     35s
    2346    3.3013534e+06   8.343561e-02   0.000000e+00     42s
    2369    3.3013534e+06   0.000000e+00   0.000000e+00     42s

Solved in 2369 iterations and 42.38 seconds (60.59 work units)
Optimal objective  3.301353446e+06
Set parameter TimeLimit to value 6607.14864016464
Set parameter Method to value 1
Gurobi Optimizer version 12.0.3 build v12.0.3rc0 (linux64 - "Ubuntu 24.04.4 LTS")

CPU model: Intel(R) Xeon(R) Gold 5218 CPU @ 2.30GHz, instruction set [SSE2|AVX|AVX2|AVX512]
Thread count: 32 physical cores, 32 logical processors, using up to 1 threads

Non-default parameters:
TimeLimit  6607.14864016464
Method  1
BarHomogeneous  1
Threads  1

Optimize a model with 785 rows, 282123 columns and 7980194 nonzeros
Coefficient statistics:
  Matrix range     [1e+00, 1e+00]
  Objective range  [1e+05, 5e+05]
  Bounds range     [0e+00, 0e+00]
  RHS range        [1e+00, 1e+00]
LP warm-start: use basis

Iteration    Objective       Primal Inf.    Dual Inf.      Time
       0   -5.6421105e+31   5.654973e+34   5.642111e+01      1s
     336   -2.5163284e+30   2.151481e+33   2.516328e+00      6s
     615   -2.0506557e+29   1.626744e+33   2.050655e-01     10s
     968    3.3013523e+06   3.274247e+03   0.000000e+00     17s
Warning: Markowitz tolerance tightened to 0.03125
    1205    3.3013529e+06   3.508643e+03   0.000000e+00     21s
    1445    3.3013530e+06   8.293683e+02   0.000000e+00     25s
    1804    3.3013531e+06   8.159140e+02   0.000000e+00     31s
    2042    3.3013532e+06   4.890770e+02   0.000000e+00     36s
    2399    3.3013532e+06   2.390892e+02   0.000000e+00     42s
    2637    3.3013532e+06   6.013957e+01   0.000000e+00     46s
    2875    3.3013532e+06   7.350746e+02   0.000000e+00     51s
    3115    3.3013532e+06   9.590730e+01   0.000000e+00     55s
    3471    3.3013533e+06   8.873435e+01   0.000000e+00     61s
    3709    3.3013533e+06   3.285301e+02   0.000000e+00     66s
    3948    3.3013533e+06   3.220571e+01   0.000000e+00     70s
    4306    3.3013533e+06   5.755118e+01   0.000000e+00     76s
    4473    3.3013533e+06   0.000000e+00   0.000000e+00     80s

Solved in 4473 iterations and 79.59 seconds (112.82 work units)
Optimal objective  3.301353276e+06
Set parameter TimeLimit to value 6.5014104899927042e+03
Set parameter Method to value 1
Gurobi Optimizer version 12.0.3 build v12.0.3rc0 (linux64 - "Ubuntu 24.04.4 LTS")

CPU model: Intel(R) Xeon(R) Gold 5218 CPU @ 2.30GHz, instruction set [SSE2|AVX|AVX2|AVX512]
Thread count: 32 physical cores, 32 logical processors, using up to 1 threads

Non-default parameters:
TimeLimit  6.5014104899927042e+03
Method  1
BarHomogeneous  1
Threads  1

Optimize a model with 785 rows, 282153 columns and 7981275 nonzeros
Coefficient statistics:
  Matrix range     [1e+00, 1e+00]
  Objective range  [1e+05, 5e+05]
  Bounds range     [0e+00, 0e+00]
  RHS range        [1e+00, 1e+00]
LP warm-start: use basis

Iteration    Objective       Primal Inf.    Dual Inf.      Time
       0   -9.3806996e+31   4.081990e+34   9.380700e+01      1s
     346    3.3013529e+06   4.331481e+03   0.000000e+00      6s
     582    3.3013531e+06   2.645849e+02   0.000000e+00     10s
     936    3.3013532e+06   2.516861e+02   0.000000e+00     17s
    1173    3.3013532e+06   1.219153e+02   0.000000e+00     21s
    1411    3.3013532e+06   8.195938e+02   0.000000e+00     25s
    1767    3.3013532e+06   5.979613e+01   0.000000e+00     32s
    2006    3.3013532e+06   7.642592e+00   0.000000e+00     36s
    2244    3.3013532e+06   3.672928e-01   0.000000e+00     40s
    2292    3.3013532e+06   0.000000e+00   0.000000e+00     41s

Solved in 2292 iterations and 41.09 seconds (58.05 work units)
Optimal objective  3.301353238e+06
Set parameter TimeLimit to value 6.4339139845832251e+03
Set parameter Method to value 1
Gurobi Optimizer version 12.0.3 build v12.0.3rc0 (linux64 - "Ubuntu 24.04.4 LTS")

CPU model: Intel(R) Xeon(R) Gold 5218 CPU @ 2.30GHz, instruction set [SSE2|AVX|AVX2|AVX512]
Thread count: 32 physical cores, 32 logical processors, using up to 1 threads

Non-default parameters:
TimeLimit  6.4339139845832251e+03
Method  1
BarHomogeneous  1
Threads  1

Optimize a model with 785 rows, 282183 columns and 7982273 nonzeros
Coefficient statistics:
  Matrix range     [1e+00, 1e+00]
  Objective range  [1e+05, 5e+05]
  Bounds range     [0e+00, 0e+00]
  RHS range        [1e+00, 1e+00]
LP warm-start: use basis

Iteration    Objective       Primal Inf.    Dual Inf.      Time
       0   -5.7735955e+31   1.413713e+34   5.773596e+01      1s
     315   -1.4268535e+30   2.410396e+33   1.426853e+00      5s
     595   -2.3498448e+29   1.050317e+33   2.349845e-01     10s
     913   -1.9470362e+28   8.870441e+32   1.947057e-02     16s
    1273    3.3013530e+06   2.100022e+03   0.000000e+00     22s
    1511    3.3013531e+06   3.411176e+02   0.000000e+00     26s
    1751    3.3013531e+06   1.171872e+02   0.000000e+00     30s
    2109    3.3013531e+06   1.372477e+02   0.000000e+00     36s
    2348    3.3013531e+06   2.581417e+02   0.000000e+00     41s
    2707    3.3013531e+06   6.022432e+01   0.000000e+00     47s
    2947    3.3013532e+06   2.134851e+02   0.000000e+00     51s
    3185    3.3013532e+06   1.402747e+02   0.000000e+00     55s
    3540    3.3013532e+06   3.055753e+00   0.000000e+00     61s
    3690    3.3013532e+06   0.000000e+00   0.000000e+00     64s

Solved in 3690 iterations and 64.02 seconds (93.48 work units)
Optimal objective  3.301353164e+06
Set parameter TimeLimit to value 6343.67569335131
Set parameter Method to value 1
Gurobi Optimizer version 12.0.3 build v12.0.3rc0 (linux64 - "Ubuntu 24.04.4 LTS")

CPU model: Intel(R) Xeon(R) Gold 5218 CPU @ 2.30GHz, instruction set [SSE2|AVX|AVX2|AVX512]
Thread count: 32 physical cores, 32 logical processors, using up to 1 threads

Non-default parameters:
TimeLimit  6343.67569335131
Method  1
BarHomogeneous  1
Threads  1

Optimize a model with 785 rows, 282213 columns and 7983135 nonzeros
Coefficient statistics:
  Matrix range     [1e+00, 1e+00]
  Objective range  [1e+05, 5e+05]
  Bounds range     [0e+00, 0e+00]
  RHS range        [1e+00, 1e+00]
LP warm-start: use basis

Iteration    Objective       Primal Inf.    Dual Inf.      Time
       0   -6.4809504e+31   2.445653e+34   6.480951e+01      1s
     123    3.3013532e+06   0.000000e+00   0.000000e+00      3s

Solved in 123 iterations and 2.73 seconds (3.40 work units)
Optimal objective  3.301353164e+06
Set parameter TimeLimit to value 6.3163287712684833e+03
Set parameter Method to value 1
Gurobi Optimizer version 12.0.3 build v12.0.3rc0 (linux64 - "Ubuntu 24.04.4 LTS")

CPU model: Intel(R) Xeon(R) Gold 5218 CPU @ 2.30GHz, instruction set [SSE2|AVX|AVX2|AVX512]
Thread count: 32 physical cores, 32 logical processors, using up to 1 threads

Non-default parameters:
TimeLimit  6.3163287712684833e+03
Method  1
BarHomogeneous  1
Threads  1

Optimize a model with 785 rows, 282243 columns and 7983956 nonzeros
Coefficient statistics:
  Matrix range     [1e+00, 1e+00]
  Objective range  [1e+05, 5e+05]
  Bounds range     [0e+00, 0e+00]
  RHS range        [1e+00, 1e+00]
LP warm-start: use basis

Iteration    Objective       Primal Inf.    Dual Inf.      Time
       0   -5.7398159e+31   1.622614e+34   5.739816e+01      1s
     316   -4.3788100e+29   2.010712e+33   4.378810e-01      6s
     596   -1.3241384e+28   3.113708e+32   1.324140e-02     10s
     955    3.3013530e+06   5.791716e+02   0.000000e+00     16s
    1193    3.3013531e+06   1.808203e+02   0.000000e+00     21s
    1551    3.3013531e+06   2.868747e+02   0.000000e+00     27s
    1791    3.3013531e+06   6.629957e+01   0.000000e+00     31s
    2029    3.3013531e+06   5.246072e+02   0.000000e+00     35s
    2384    3.3013531e+06   2.053282e+02   0.000000e+00     41s
    2624    3.3013531e+06   1.139335e+01   0.000000e+00     46s
    2799    3.3013531e+06   0.000000e+00   0.000000e+00     49s

Solved in 2799 iterations and 48.73 seconds (71.06 work units)
Optimal objective  3.301353139e+06
Set parameter TimeLimit to value 6.2410590936639346e+03
Set parameter Method to value 1
Gurobi Optimizer version 12.0.3 build v12.0.3rc0 (linux64 - "Ubuntu 24.04.4 LTS")

CPU model: Intel(R) Xeon(R) Gold 5218 CPU @ 2.30GHz, instruction set [SSE2|AVX|AVX2|AVX512]
Thread count: 32 physical cores, 32 logical processors, using up to 1 threads

Non-default parameters:
TimeLimit  6.2410590936639346e+03
Method  1
BarHomogeneous  1
Threads  1

Optimize a model with 785 rows, 282273 columns and 7984577 nonzeros
Coefficient statistics:
  Matrix range     [1e+00, 1e+00]
  Objective range  [1e+05, 5e+05]
  Bounds range     [0e+00, 0e+00]
  RHS range        [1e+00, 1e+00]
LP warm-start: use basis

Iteration    Objective       Primal Inf.    Dual Inf.      Time
       0   -5.9618023e+31   2.058726e+34   5.961802e+01      1s
     321   -1.0436140e+29   4.895021e+32   1.043614e-01      6s
     601    3.3013526e+06   1.984695e+04   0.000000e+00     11s
     961    3.3013530e+06   8.025414e+02   0.000000e+00     17s
    1199    3.3013530e+06   1.005120e+03   0.000000e+00     21s
    1438    3.3013531e+06   1.170705e+02   0.000000e+00     26s
    1792    3.3013531e+06   1.639333e+02   0.000000e+00     32s
    2027    3.3013531e+06   8.702297e+01   0.000000e+00     36s
    2264    3.3013531e+06   7.938693e+01   0.000000e+00     40s
    2618    3.3013531e+06   1.118261e+00   0.000000e+00     47s
    2777    3.3013531e+06   0.000000e+00   0.000000e+00     50s

Solved in 2777 iterations and 49.79 seconds (70.61 work units)
Optimal objective  3.301353095e+06
Set parameter TimeLimit to value 6.1648048986536451e+03
Set parameter Method to value 1
Gurobi Optimizer version 12.0.3 build v12.0.3rc0 (linux64 - "Ubuntu 24.04.4 LTS")

CPU model: Intel(R) Xeon(R) Gold 5218 CPU @ 2.30GHz, instruction set [SSE2|AVX|AVX2|AVX512]
Thread count: 32 physical cores, 32 logical processors, using up to 1 threads

Non-default parameters:
TimeLimit  6.1648048986536451e+03
Method  1
BarHomogeneous  1
Threads  1

Optimize a model with 785 rows, 282303 columns and 7985580 nonzeros
Coefficient statistics:
  Matrix range     [1e+00, 1e+00]
  Objective range  [1e+05, 5e+05]
  Bounds range     [0e+00, 0e+00]
  RHS range        [1e+00, 1e+00]
LP warm-start: use basis

Iteration    Objective       Primal Inf.    Dual Inf.      Time
       0   -4.2841741e+31   1.820311e+34   4.284175e+01      1s
     314   -1.0197150e+29   3.080677e+33   1.019711e-01      6s
     580    3.3013531e+06   5.611663e+02   0.000000e+00     10s
     937    3.3013531e+06   2.832888e+02   0.000000e+00     17s
    1174    3.3013531e+06   1.276477e+01   0.000000e+00     21s
    1407    3.3013531e+06   1.620653e+01   0.000000e+00     25s
    1608    3.3013531e+06   0.000000e+00   0.000000e+00     29s

Solved in 1608 iterations and 28.65 seconds (41.36 work units)
Optimal objective  3.301353087e+06
Set parameter TimeLimit to value 6.1099299625153653e+03
Set parameter Method to value 1
Gurobi Optimizer version 12.0.3 build v12.0.3rc0 (linux64 - "Ubuntu 24.04.4 LTS")

CPU model: Intel(R) Xeon(R) Gold 5218 CPU @ 2.30GHz, instruction set [SSE2|AVX|AVX2|AVX512]
Thread count: 32 physical cores, 32 logical processors, using up to 1 threads

Non-default parameters:
TimeLimit  6.1099299625153653e+03
Method  1
BarHomogeneous  1
Threads  1

Optimize a model with 785 rows, 282333 columns and 7986569 nonzeros
Coefficient statistics:
  Matrix range     [1e+00, 1e+00]
  Objective range  [1e+05, 5e+05]
  Bounds range     [0e+00, 0e+00]
  RHS range        [1e+00, 1e+00]
LP warm-start: use basis

Iteration    Objective       Primal Inf.    Dual Inf.      Time
       0   -4.8577991e+31   2.106649e+34   4.857799e+01      1s
     320   -1.5896010e+30   1.471977e+33   1.589601e+00      5s
     598   -1.3077183e+29   4.328268e+32   1.307718e-01     10s
     918    3.3013524e+06   1.480914e+04   0.000000e+00     16s
    1158    3.3013528e+06   1.858084e+02   0.000000e+00     20s
    1517    3.3013530e+06   2.651314e+02   0.000000e+00     26s
    1755    3.3013530e+06   1.952992e+02   0.000000e+00     31s
    2110    3.3013530e+06   1.219665e+02   0.000000e+00     37s
    2345    3.3013530e+06   4.612333e+02   0.000000e+00     41s
    2579    3.3013530e+06   4.859692e+02   0.000000e+00     45s
    2938    3.3013531e+06   1.943322e+01   0.000000e+00     51s
    3174    3.3013531e+06   9.268888e+00   0.000000e+00     56s
    3217    3.3013531e+06   0.000000e+00   0.000000e+00     56s

Solved in 3217 iterations and 56.39 seconds (81.62 work units)
Optimal objective  3.301353053e+06
Set parameter TimeLimit to value 6.0270737849813886e+03
Set parameter Method to value 1
Gurobi Optimizer version 12.0.3 build v12.0.3rc0 (linux64 - "Ubuntu 24.04.4 LTS")

CPU model: Intel(R) Xeon(R) Gold 5218 CPU @ 2.30GHz, instruction set [SSE2|AVX|AVX2|AVX512]
Thread count: 32 physical cores, 32 logical processors, using up to 1 threads

Non-default parameters:
TimeLimit  6.0270737849813886e+03
Method  1
BarHomogeneous  1
Threads  1

Optimize a model with 785 rows, 282363 columns and 7987553 nonzeros
Coefficient statistics:
  Matrix range     [1e+00, 1e+00]
  Objective range  [1e+05, 5e+05]
  Bounds range     [0e+00, 0e+00]
  RHS range        [1e+00, 1e+00]
LP warm-start: use basis

Iteration    Objective       Primal Inf.    Dual Inf.      Time
       0   -7.5544729e+31   2.294147e+35   7.554472e+01      1s
     102    3.3013531e+06   0.000000e+00   0.000000e+00      3s

Solved in 102 iterations and 2.58 seconds (3.04 work units)
Optimal objective  3.301353053e+06
Set parameter TimeLimit to value 5.9998496188675053e+03
Set parameter Method to value 1
Gurobi Optimizer version 12.0.3 build v12.0.3rc0 (linux64 - "Ubuntu 24.04.4 LTS")

CPU model: Intel(R) Xeon(R) Gold 5218 CPU @ 2.30GHz, instruction set [SSE2|AVX|AVX2|AVX512]
Thread count: 32 physical cores, 32 logical processors, using up to 1 threads

Non-default parameters:
TimeLimit  5.9998496188675053e+03
Method  1
BarHomogeneous  1
Threads  1

Optimize a model with 785 rows, 282393 columns and 7988548 nonzeros
Coefficient statistics:
  Matrix range     [1e+00, 1e+00]
  Objective range  [1e+05, 5e+05]
  Bounds range     [0e+00, 0e+00]
  RHS range        [1e+00, 1e+00]
LP warm-start: use basis

Iteration    Objective       Primal Inf.    Dual Inf.      Time
       0   -6.6431991e+31   1.581549e+35   6.643200e+01      1s
     329   -2.2811044e+30   2.905367e+33   2.281104e+00      6s
     614   -9.2544899e+29   9.454674e+32   9.254490e-01     10s
     974   -1.0530222e+29   3.450433e+33   1.053020e-01     16s
    1213   -1.0681977e+28   1.435974e+32   1.068198e-02     20s
Warning: Markowitz tolerance tightened to 0.03125
    1576    3.3013527e+06   6.460261e+02   0.000000e+00     26s
    1812    3.3013528e+06   1.019049e+03   0.000000e+00     30s
    2167    3.3013529e+06   1.054797e+03   0.000000e+00     37s
    2406    3.3013529e+06   1.644927e+02   0.000000e+00     41s
    2764    3.3013529e+06   1.689326e+02   0.000000e+00     47s
    3001    3.3013529e+06   1.541124e+02   0.000000e+00     51s
    3241    3.3013530e+06   2.363983e+02   0.000000e+00     56s
    3600    3.3013530e+06   4.615934e+02   0.000000e+00     62s
    3836    3.3013530e+06   3.674292e+02   0.000000e+00     66s
    4075    3.3013530e+06   1.981673e+01   0.000000e+00     71s
    4431    3.3013530e+06   8.626299e+00   0.000000e+00     77s
    4593    3.3013530e+06   0.000000e+00   0.000000e+00     80s

Solved in 4593 iterations and 79.89 seconds (115.28 work units)
Optimal objective  3.301353008e+06
Set parameter TimeLimit to value 5893.62327219313
Set parameter Method to value 1
Gurobi Optimizer version 12.0.3 build v12.0.3rc0 (linux64 - "Ubuntu 24.04.4 LTS")

CPU model: Intel(R) Xeon(R) Gold 5218 CPU @ 2.30GHz, instruction set [SSE2|AVX|AVX2|AVX512]
Thread count: 32 physical cores, 32 logical processors, using up to 1 threads

Non-default parameters:
TimeLimit  5893.62327219313
Method  1
BarHomogeneous  1
Threads  1

Optimize a model with 785 rows, 282423 columns and 7989410 nonzeros
Coefficient statistics:
  Matrix range     [1e+00, 1e+00]
  Objective range  [1e+05, 5e+05]
  Bounds range     [0e+00, 0e+00]
  RHS range        [1e+00, 1e+00]
LP warm-start: use basis

Iteration    Objective       Primal Inf.    Dual Inf.      Time
       0   -5.6267492e+31   2.022903e+34   5.626749e+01      1s
     318   -5.1203943e+28   1.680105e+33   5.120397e-02      5s
     588    3.3013527e+06   1.236373e+04   0.000000e+00     10s
     942    3.3013529e+06   1.100214e+03   0.000000e+00     16s
    1174    3.3013530e+06   1.869519e+02   0.000000e+00     21s
    1524    3.3013530e+06   4.438851e+01   0.000000e+00     27s
    1759    3.3013530e+06   4.813435e+01   0.000000e+00     31s
    2107    3.3013530e+06   7.295745e+00   0.000000e+00     37s
    2343    3.3013530e+06   5.805309e-01   0.000000e+00     41s
    2387    3.3013530e+06   0.000000e+00   0.000000e+00     42s

Solved in 2387 iterations and 41.99 seconds (61.21 work units)
Optimal objective  3.301352978e+06
Set parameter TimeLimit to value 5.8253811614229344e+03
Set parameter Method to value 1
Gurobi Optimizer version 12.0.3 build v12.0.3rc0 (linux64 - "Ubuntu 24.04.4 LTS")

CPU model: Intel(R) Xeon(R) Gold 5218 CPU @ 2.30GHz, instruction set [SSE2|AVX|AVX2|AVX512]
Thread count: 32 physical cores, 32 logical processors, using up to 1 threads

Non-default parameters:
TimeLimit  5.8253811614229344e+03
Method  1
BarHomogeneous  1
Threads  1

Optimize a model with 785 rows, 282453 columns and 7990373 nonzeros
Coefficient statistics:
  Matrix range     [1e+00, 1e+00]
  Objective range  [1e+05, 5e+05]
  Bounds range     [0e+00, 0e+00]
  RHS range        [1e+00, 1e+00]
LP warm-start: use basis

Iteration    Objective       Primal Inf.    Dual Inf.      Time
       0   -4.5348986e+31   2.428402e+34   4.534899e+01      1s
     325   -2.2629392e+29   2.634758e+33   2.262940e-01      6s
     605   -1.2446057e+28   2.083637e+32   1.244605e-02     11s
     963    3.3013528e+06   3.762930e+02   0.000000e+00     17s
    1199    3.3013529e+06   3.258238e+02   0.000000e+00     21s
    1437    3.3013529e+06   1.859776e+02   0.000000e+00     25s
    1796    3.3013529e+06   5.857805e+01   0.000000e+00     32s
    2030    3.3013529e+06   2.526369e+02   0.000000e+00     36s
    2266    3.3013529e+06   1.646181e+01   0.000000e+00     40s
    2622    3.3013529e+06   3.591664e+00   0.000000e+00     46s
    2814    3.3013529e+06   0.000000e+00   0.000000e+00     50s

Solved in 2814 iterations and 49.93 seconds (71.51 work units)
Optimal objective  3.301352948e+06
Set parameter TimeLimit to value 5748.73335341597
Set parameter Method to value 1
Gurobi Optimizer version 12.0.3 build v12.0.3rc0 (linux64 - "Ubuntu 24.04.4 LTS")

CPU model: Intel(R) Xeon(R) Gold 5218 CPU @ 2.30GHz, instruction set [SSE2|AVX|AVX2|AVX512]
Thread count: 32 physical cores, 32 logical processors, using up to 1 threads

Non-default parameters:
TimeLimit  5748.73335341597
Method  1
BarHomogeneous  1
Threads  1

Optimize a model with 785 rows, 282483 columns and 7991312 nonzeros
Coefficient statistics:
  Matrix range     [1e+00, 1e+00]
  Objective range  [1e+05, 5e+05]
  Bounds range     [0e+00, 0e+00]
  RHS range        [1e+00, 1e+00]
LP warm-start: use basis

Iteration    Objective       Primal Inf.    Dual Inf.      Time
       0   -4.0769943e+31   1.595658e+34   4.076994e+01      1s
     320   -8.8600397e+28   1.514889e+33   8.860045e-02      5s
     637    3.3013526e+06   8.436111e+02   0.000000e+00     11s
     876    3.3013528e+06   2.711131e+02   0.000000e+00     15s
    1234    3.3013529e+06   5.758898e+02   0.000000e+00     22s
    1473    3.3013529e+06   2.461349e+02   0.000000e+00     26s
    1708    3.3013529e+06   1.070352e+02   0.000000e+00     30s
    2063    3.3013529e+06   1.716401e+01   0.000000e+00     37s
    2298    3.3013529e+06   4.808039e+01   0.000000e+00     41s
    2535    3.3013529e+06   2.015164e+01   0.000000e+00     45s
    2822    3.3013529e+06   0.000000e+00   0.000000e+00     50s

Solved in 2822 iterations and 50.31 seconds (71.92 work units)
Optimal objective  3.301352927e+06
Set parameter TimeLimit to value 5.6720661112344824e+03
Set parameter Method to value 1
Gurobi Optimizer version 12.0.3 build v12.0.3rc0 (linux64 - "Ubuntu 24.04.4 LTS")

CPU model: Intel(R) Xeon(R) Gold 5218 CPU @ 2.30GHz, instruction set [SSE2|AVX|AVX2|AVX512]
Thread count: 32 physical cores, 32 logical processors, using up to 1 threads

Non-default parameters:
TimeLimit  5.6720661112344824e+03
Method  1
BarHomogeneous  1
Threads  1

Optimize a model with 785 rows, 282513 columns and 7992297 nonzeros
Coefficient statistics:
  Matrix range     [1e+00, 1e+00]
  Objective range  [1e+05, 5e+05]
  Bounds range     [0e+00, 0e+00]
  RHS range        [1e+00, 1e+00]
LP warm-start: use basis

Iteration    Objective       Primal Inf.    Dual Inf.      Time
       0   -4.2573398e+31   3.723211e+34   4.257339e+01      1s
     286   -5.3219557e+28   4.836083e+33   5.321980e-02      5s
     611    3.3013528e+06   3.013395e+02   0.000000e+00     11s
     845    3.3013528e+06   8.622996e+02   0.000000e+00     15s
    1195    3.3013529e+06   5.093004e+02   0.000000e+00     21s
    1428    3.3013529e+06   1.972769e+02   0.000000e+00     25s
    1782    3.3013529e+06   2.776731e+01   0.000000e+00     32s
    2020    3.3013529e+06   3.004657e+00   0.000000e+00     36s
    2248    3.3013529e+06   0.000000e+00   0.000000e+00     40s

Solved in 2248 iterations and 39.82 seconds (57.95 work units)
Optimal objective  3.301352893e+06
Set parameter TimeLimit to value 5.6059942412939854e+03
Set parameter Method to value 1
Gurobi Optimizer version 12.0.3 build v12.0.3rc0 (linux64 - "Ubuntu 24.04.4 LTS")

CPU model: Intel(R) Xeon(R) Gold 5218 CPU @ 2.30GHz, instruction set [SSE2|AVX|AVX2|AVX512]
Thread count: 32 physical cores, 32 logical processors, using up to 1 threads

Non-default parameters:
TimeLimit  5.6059942412939854e+03
Method  1
BarHomogeneous  1
Threads  1

Optimize a model with 785 rows, 282543 columns and 7993278 nonzeros
Coefficient statistics:
  Matrix range     [1e+00, 1e+00]
  Objective range  [1e+05, 5e+05]
  Bounds range     [0e+00, 0e+00]
  RHS range        [1e+00, 1e+00]
LP warm-start: use basis

Iteration    Objective       Primal Inf.    Dual Inf.      Time
       0   -3.4301413e+31   3.455497e+34   3.430141e+01      1s
     337   -1.4563146e+30   1.196157e+33   1.456314e+00      6s
     625   -2.2211710e+29   1.513436e+33   2.221171e-01     10s
     980   -2.0861558e+28   5.489987e+32   2.086151e-02     16s
    1220    3.3013524e+06   1.012113e+03   0.000000e+00     20s
    1576    3.3013525e+06   1.727198e+03   0.000000e+00     27s
    1814    3.3013526e+06   2.813913e+03   0.000000e+00     31s
    2053    3.3013526e+06   6.603858e+02   0.000000e+00     35s
    2411    3.3013527e+06   6.033295e+02   0.000000e+00     41s
    2649    3.3013527e+06   2.987924e+02   0.000000e+00     46s
    3002    3.3013527e+06   1.027650e+03   0.000000e+00     52s
    3235    3.3013527e+06   1.415888e+02   0.000000e+00     56s
    3472    3.3013528e+06   3.429370e+01   0.000000e+00     60s
    3825    3.3013528e+06   5.906067e+01   0.000000e+00     66s
    4060    3.3013528e+06   2.599206e+01   0.000000e+00     71s
    4270    3.3013528e+06   0.000000e+00   0.000000e+00     74s

Solved in 4270 iterations and 74.34 seconds (107.73 work units)
Optimal objective  3.301352765e+06
Set parameter TimeLimit to value 5.5051610433398746e+03
Set parameter Method to value 1
Gurobi Optimizer version 12.0.3 build v12.0.3rc0 (linux64 - "Ubuntu 24.04.4 LTS")

CPU model: Intel(R) Xeon(R) Gold 5218 CPU @ 2.30GHz, instruction set [SSE2|AVX|AVX2|AVX512]
Thread count: 32 physical cores, 32 logical processors, using up to 1 threads

Non-default parameters:
TimeLimit  5.5051610433398746e+03
Method  1
BarHomogeneous  1
Threads  1

Optimize a model with 785 rows, 282573 columns and 7994128 nonzeros
Coefficient statistics:
  Matrix range     [1e+00, 1e+00]
  Objective range  [1e+05, 5e+05]
  Bounds range     [0e+00, 0e+00]
  RHS range        [1e+00, 1e+00]
LP warm-start: use basis

Iteration    Objective       Primal Inf.    Dual Inf.      Time
       0   -4.5846018e+31   4.650962e+34   4.584602e+01      1s
     144    3.3013528e+06   0.000000e+00   0.000000e+00      3s

Solved in 144 iterations and 3.17 seconds (4.06 work units)
Optimal objective  3.301352765e+06
Set parameter TimeLimit to value 5.4773526428132318e+03
Set parameter Method to value 1
Gurobi Optimizer version 12.0.3 build v12.0.3rc0 (linux64 - "Ubuntu 24.04.4 LTS")

CPU model: Intel(R) Xeon(R) Gold 5218 CPU @ 2.30GHz, instruction set [SSE2|AVX|AVX2|AVX512]
Thread count: 32 physical cores, 32 logical processors, using up to 1 threads

Non-default parameters:
TimeLimit  5.4773526428132318e+03
Method  1
BarHomogeneous  1
Threads  1

Optimize a model with 785 rows, 282603 columns and 7994973 nonzeros
Coefficient statistics:
  Matrix range     [1e+00, 1e+00]
  Objective range  [1e+05, 5e+05]
  Bounds range     [0e+00, 0e+00]
  RHS range        [1e+00, 1e+00]
LP warm-start: use basis

Iteration    Objective       Primal Inf.    Dual Inf.      Time
       0   -3.9057357e+31   1.875218e+34   3.905736e+01      1s
     324   -8.0465263e+28   5.027584e+32   8.046525e-02      5s
     635    3.3013526e+06   8.710819e+02   0.000000e+00     11s
     990    3.3013527e+06   1.908346e+03   0.000000e+00     17s
    1225    3.3013527e+06   5.740392e+02   0.000000e+00     21s
    1462    3.3013527e+06   2.848897e+01   0.000000e+00     25s
    1814    3.3013527e+06   2.289639e+02   0.000000e+00     31s
    2048    3.3013527e+06   2.893378e+01   0.000000e+00     35s
    2402    3.3013527e+06   6.958054e+00   0.000000e+00     42s
    2619    3.3013527e+06   0.000000e+00   0.000000e+00     45s

Solved in 2619 iterations and 45.43 seconds (66.46 work units)
Optimal objective  3.301352731e+06
Set parameter TimeLimit to value 5.4054189259116538e+03
Set parameter Method to value 1
Gurobi Optimizer version 12.0.3 build v12.0.3rc0 (linux64 - "Ubuntu 24.04.4 LTS")

CPU model: Intel(R) Xeon(R) Gold 5218 CPU @ 2.30GHz, instruction set [SSE2|AVX|AVX2|AVX512]
Thread count: 32 physical cores, 32 logical processors, using up to 1 threads

Non-default parameters:
TimeLimit  5.4054189259116538e+03
Method  1
BarHomogeneous  1
Threads  1

Optimize a model with 785 rows, 282633 columns and 7996041 nonzeros
Coefficient statistics:
  Matrix range     [1e+00, 1e+00]
  Objective range  [1e+05, 5e+05]
  Bounds range     [0e+00, 0e+00]
  RHS range        [1e+00, 1e+00]
LP warm-start: use basis

Iteration    Objective       Primal Inf.    Dual Inf.      Time
       0   -5.4555932e+31   3.054102e+34   5.455593e+01      1s
     180    3.3013527e+06   0.000000e+00   0.000000e+00      4s

Solved in 180 iterations and 3.74 seconds (5.00 work units)
Optimal objective  3.301352731e+06
Set parameter TimeLimit to value 5.3768984526055865e+03
Set parameter Method to value 1
Gurobi Optimizer version 12.0.3 build v12.0.3rc0 (linux64 - "Ubuntu 24.04.4 LTS")

CPU model: Intel(R) Xeon(R) Gold 5218 CPU @ 2.30GHz, instruction set [SSE2|AVX|AVX2|AVX512]
Thread count: 32 physical cores, 32 logical processors, using up to 1 threads

Non-default parameters:
TimeLimit  5.3768984526055865e+03
Method  1
BarHomogeneous  1
Threads  1

Optimize a model with 785 rows, 282663 columns and 7997079 nonzeros
Coefficient statistics:
  Matrix range     [1e+00, 1e+00]
  Objective range  [1e+05, 5e+05]
  Bounds range     [0e+00, 0e+00]
  RHS range        [1e+00, 1e+00]
LP warm-start: use basis

Iteration    Objective       Primal Inf.    Dual Inf.      Time
       0   -5.4454439e+31   1.291752e+34   5.445444e+01      1s
     352    3.3013527e+06   3.164227e+00   0.000000e+00      7s
     547    3.3013527e+06   0.000000e+00   0.000000e+00     10s

Solved in 547 iterations and 10.13 seconds (14.20 work units)
Optimal objective  3.301352731e+06
Set parameter TimeLimit to value 5.3436408550622873e+03
Set parameter Method to value 1
Gurobi Optimizer version 12.0.3 build v12.0.3rc0 (linux64 - "Ubuntu 24.04.4 LTS")

CPU model: Intel(R) Xeon(R) Gold 5218 CPU @ 2.30GHz, instruction set [SSE2|AVX|AVX2|AVX512]
Thread count: 32 physical cores, 32 logical processors, using up to 1 threads

Non-default parameters:
TimeLimit  5.3436408550622873e+03
Method  1
BarHomogeneous  1
Threads  1

Optimize a model with 785 rows, 282693 columns and 7998092 nonzeros
Coefficient statistics:
  Matrix range     [1e+00, 1e+00]
  Objective range  [1e+05, 5e+05]
  Bounds range     [0e+00, 0e+00]
  RHS range        [1e+00, 1e+00]
LP warm-start: use basis

Iteration    Objective       Primal Inf.    Dual Inf.      Time
       0   -4.0226754e+31   1.207582e+34   4.022675e+01      1s
     310   -2.9946116e+30   1.363439e+33   2.994612e+00      6s
     590   -6.2518996e+29   2.320819e+33   6.251899e-01     10s
     991    3.3013523e+06   7.028160e+03   0.000000e+00     17s
    1227    3.3013524e+06   2.429404e+03   0.000000e+00     21s
    1464    3.3013525e+06   4.952852e+02   0.000000e+00     25s
    1814    3.3013525e+06   7.516467e+01   0.000000e+00     32s
    2052    3.3013526e+06   4.115035e+02   0.000000e+00     36s
    2292    3.3013526e+06   1.725904e+02   0.000000e+00     40s
    2649    3.3013526e+06   1.900955e+02   0.000000e+00     46s
    2889    3.3013526e+06   7.659689e+01   0.000000e+00     51s
    3243    3.3013526e+06   1.975228e+01   0.000000e+00     57s
    3480    3.3013526e+06   5.615733e+00   0.000000e+00     61s
    3718    3.3013526e+06   4.208418e-01   0.000000e+00     65s
    3772    3.3013526e+06   0.000000e+00   0.000000e+00     66s

Solved in 3772 iterations and 66.47 seconds (95.60 work units)
Optimal objective  3.301352601e+06
Set parameter TimeLimit to value 5.2508635578048415e+03
Set parameter Method to value 1
Gurobi Optimizer version 12.0.3 build v12.0.3rc0 (linux64 - "Ubuntu 24.04.4 LTS")

CPU model: Intel(R) Xeon(R) Gold 5218 CPU @ 2.30GHz, instruction set [SSE2|AVX|AVX2|AVX512]
Thread count: 32 physical cores, 32 logical processors, using up to 1 threads

Non-default parameters:
TimeLimit  5.2508635578048415e+03
Method  1
BarHomogeneous  1
Threads  1

Optimize a model with 785 rows, 282723 columns and 7998977 nonzeros
Coefficient statistics:
  Matrix range     [1e+00, 1e+00]
  Objective range  [1e+05, 5e+05]
  Bounds range     [0e+00, 0e+00]
  RHS range        [1e+00, 1e+00]
LP warm-start: use basis

Iteration    Objective       Primal Inf.    Dual Inf.      Time
       0   -4.3642849e+31   2.061124e+34   4.364285e+01      1s
     109    3.3013526e+06   0.000000e+00   0.000000e+00      3s

Solved in 109 iterations and 2.58 seconds (3.18 work units)
Optimal objective  3.301352601e+06
Set parameter TimeLimit to value 5.2236081679412164e+03
Set parameter Method to value 1
Gurobi Optimizer version 12.0.3 build v12.0.3rc0 (linux64 - "Ubuntu 24.04.4 LTS")

CPU model: Intel(R) Xeon(R) Gold 5218 CPU @ 2.30GHz, instruction set [SSE2|AVX|AVX2|AVX512]
Thread count: 32 physical cores, 32 logical processors, using up to 1 threads

Non-default parameters:
TimeLimit  5.2236081679412164e+03
Method  1
BarHomogeneous  1
Threads  1

Optimize a model with 785 rows, 282753 columns and 7999832 nonzeros
Coefficient statistics:
  Matrix range     [1e+00, 1e+00]
  Objective range  [1e+05, 5e+05]
  Bounds range     [0e+00, 0e+00]
  RHS range        [1e+00, 1e+00]
LP warm-start: use basis

Iteration    Objective       Primal Inf.    Dual Inf.      Time
       0   -3.8357883e+31   8.684489e+34   3.835788e+01      1s
     176    3.3013526e+06   0.000000e+00   0.000000e+00      4s

Solved in 176 iterations and 3.71 seconds (4.91 work units)
Optimal objective  3.301352601e+06
Set parameter TimeLimit to value 5.1968831970789470e+03
Set parameter Method to value 1
Gurobi Optimizer version 12.0.3 build v12.0.3rc0 (linux64 - "Ubuntu 24.04.4 LTS")

CPU model: Intel(R) Xeon(R) Gold 5218 CPU @ 2.30GHz, instruction set [SSE2|AVX|AVX2|AVX512]
Thread count: 32 physical cores, 32 logical processors, using up to 1 threads

Non-default parameters:
TimeLimit  5.1968831970789470e+03
Method  1
BarHomogeneous  1
Threads  1

Optimize a model with 785 rows, 282783 columns and 8000730 nonzeros
Coefficient statistics:
  Matrix range     [1e+00, 1e+00]
  Objective range  [1e+05, 5e+05]
  Bounds range     [0e+00, 0e+00]
  RHS range        [1e+00, 1e+00]
LP warm-start: use basis

Iteration    Objective       Primal Inf.    Dual Inf.      Time
       0   -3.6184481e+31   1.102482e+34   3.618448e+01      1s
     316   -2.0039087e+29   6.096760e+32   2.003909e-01      5s
     689    3.3013525e+06   3.810761e+02   0.000000e+00     12s
     925    3.3013526e+06   3.985143e+02   0.000000e+00     16s
    1160    3.3013526e+06   1.298705e+02   0.000000e+00     20s
    1516    3.3013526e+06   1.148496e+01   0.000000e+00     26s
    1754    3.3013526e+06   2.142729e+00   0.000000e+00     31s
    1971    3.3013526e+06   0.000000e+00   0.000000e+00     34s

Solved in 1971 iterations and 34.42 seconds (50.06 work units)
Optimal objective  3.301352577e+06
Set parameter TimeLimit to value 5.1363556052562781e+03
Set parameter Method to value 1
Gurobi Optimizer version 12.0.3 build v12.0.3rc0 (linux64 - "Ubuntu 24.04.4 LTS")

CPU model: Intel(R) Xeon(R) Gold 5218 CPU @ 2.30GHz, instruction set [SSE2|AVX|AVX2|AVX512]
Thread count: 32 physical cores, 32 logical processors, using up to 1 threads

Non-default parameters:
TimeLimit  5.1363556052562781e+03
Method  1
BarHomogeneous  1
Threads  1

Optimize a model with 785 rows, 282813 columns and 8001721 nonzeros
Coefficient statistics:
  Matrix range     [1e+00, 1e+00]
  Objective range  [1e+05, 5e+05]
  Bounds range     [0e+00, 0e+00]
  RHS range        [1e+00, 1e+00]
LP warm-start: use basis

Iteration    Objective       Primal Inf.    Dual Inf.      Time
       0   -3.5876063e+31   2.780712e+34   3.587606e+01      1s
     126    3.3013526e+06   0.000000e+00   0.000000e+00      3s

Solved in 126 iterations and 2.78 seconds (3.56 work units)
Optimal objective  3.301352577e+06
Set parameter TimeLimit to value 5.1089000993738882e+03
Set parameter Method to value 1
Gurobi Optimizer version 12.0.3 build v12.0.3rc0 (linux64 - "Ubuntu 24.04.4 LTS")

CPU model: Intel(R) Xeon(R) Gold 5218 CPU @ 2.30GHz, instruction set [SSE2|AVX|AVX2|AVX512]
Thread count: 32 physical cores, 32 logical processors, using up to 1 threads

Non-default parameters:
TimeLimit  5.1089000993738882e+03
Method  1
BarHomogeneous  1
Threads  1

Optimize a model with 785 rows, 282843 columns and 8002577 nonzeros
Coefficient statistics:
  Matrix range     [1e+00, 1e+00]
  Objective range  [1e+05, 5e+05]
  Bounds range     [0e+00, 0e+00]
  RHS range        [1e+00, 1e+00]
LP warm-start: use basis

Iteration    Objective       Primal Inf.    Dual Inf.      Time
       0   -2.8486953e+31   5.979210e+33   2.848695e+01      1s
     332   -2.2156556e+30   1.288468e+33   2.215655e+00      5s
     650   -2.1230398e+29   5.572029e+33   2.123038e-01     11s
     928   -2.0931183e+28   4.567936e+32   2.093147e-02     15s
    1284    3.3013523e+06   1.170749e+03   0.000000e+00     21s
    1524    3.3013524e+06   7.228268e+02   0.000000e+00     25s
    1884    3.3013524e+06   4.590895e+02   0.000000e+00     32s
    2122    3.3013524e+06   1.516682e+02   0.000000e+00     36s
    2472    3.3013525e+06   6.714778e+02   0.000000e+00     42s
    2709    3.3013525e+06   2.713377e+01   0.000000e+00     46s
    2945    3.3013525e+06   8.932611e+01   0.000000e+00     50s
    3300    3.3013525e+06   1.907126e+02   0.000000e+00     56s
    3540    3.3013525e+06   1.996843e+02   0.000000e+00     61s
    3899    3.3013525e+06   1.966856e+01   0.000000e+00     67s
    4139    3.3013525e+06   7.861456e+00   0.000000e+00     71s
    4376    3.3013525e+06   1.288503e+00   0.000000e+00     75s
    4592    3.3013525e+06   0.000000e+00   0.000000e+00     79s

Solved in 4592 iterations and 79.16 seconds (116.22 work units)
Optimal objective  3.301352503e+06
Set parameter TimeLimit to value 5.0034159397990443e+03
Set parameter Method to value 1
Gurobi Optimizer version 12.0.3 build v12.0.3rc0 (linux64 - "Ubuntu 24.04.4 LTS")

CPU model: Intel(R) Xeon(R) Gold 5218 CPU @ 2.30GHz, instruction set [SSE2|AVX|AVX2|AVX512]
Thread count: 32 physical cores, 32 logical processors, using up to 1 threads

Non-default parameters:
TimeLimit  5.0034159397990443e+03
Method  1
BarHomogeneous  1
Threads  1

Optimize a model with 785 rows, 282873 columns and 8003638 nonzeros
Coefficient statistics:
  Matrix range     [1e+00, 1e+00]
  Objective range  [1e+05, 5e+05]
  Bounds range     [0e+00, 0e+00]
  RHS range        [1e+00, 1e+00]
LP warm-start: use basis

Iteration    Objective       Primal Inf.    Dual Inf.      Time
       0   -4.1940246e+31   5.668549e+34   4.194025e+01      1s
     171    3.3013525e+06   0.000000e+00   0.000000e+00      4s

Solved in 171 iterations and 3.55 seconds (4.64 work units)
Optimal objective  3.301352503e+06
Set parameter TimeLimit to value 4.9748169593452476e+03
Set parameter Method to value 1
Gurobi Optimizer version 12.0.3 build v12.0.3rc0 (linux64 - "Ubuntu 24.04.4 LTS")

CPU model: Intel(R) Xeon(R) Gold 5218 CPU @ 2.30GHz, instruction set [SSE2|AVX|AVX2|AVX512]
Thread count: 32 physical cores, 32 logical processors, using up to 1 threads

Non-default parameters:
TimeLimit  4.9748169593452476e+03
Method  1
BarHomogeneous  1
Threads  1

Optimize a model with 785 rows, 282903 columns and 8004727 nonzeros
Coefficient statistics:
  Matrix range     [1e+00, 1e+00]
  Objective range  [1e+05, 5e+05]
  Bounds range     [0e+00, 0e+00]
  RHS range        [1e+00, 1e+00]
LP warm-start: use basis

Iteration    Objective       Primal Inf.    Dual Inf.      Time
       0   -3.6214736e+31   4.080495e+34   3.621474e+01      1s
     224    3.3013525e+06   0.000000e+00   0.000000e+00      5s

Solved in 224 iterations and 4.64 seconds (6.18 work units)
Optimal objective  3.301352503e+06
Set parameter TimeLimit to value 4947.2341232826
Set parameter Method to value 1
Gurobi Optimizer version 12.0.3 build v12.0.3rc0 (linux64 - "Ubuntu 24.04.4 LTS")

CPU model: Intel(R) Xeon(R) Gold 5218 CPU @ 2.30GHz, instruction set [SSE2|AVX|AVX2|AVX512]
Thread count: 32 physical cores, 32 logical processors, using up to 1 threads

Non-default parameters:
TimeLimit  4947.2341232826
Method  1
BarHomogeneous  1
Threads  1

Optimize a model with 785 rows, 282933 columns and 8005804 nonzeros
Coefficient statistics:
  Matrix range     [1e+00, 1e+00]
  Objective range  [1e+05, 5e+05]
  Bounds range     [0e+00, 0e+00]
  RHS range        [1e+00, 1e+00]
LP warm-start: use basis

Iteration    Objective       Primal Inf.    Dual Inf.      Time
       0   -3.5333627e+31   2.524548e+34   3.533363e+01      1s
     322   -4.2142371e+29   1.235231e+33   4.214238e-01      6s
Warning: Markowitz tolerance tightened to 0.03125
     602   -3.8555397e+28   3.459647e+32   3.855543e-02     10s
     936    3.3013524e+06   7.157695e+02   0.000000e+00     16s
    1174    3.3013524e+06   3.047756e+02   0.000000e+00     21s
    1526    3.3013524e+06   1.463151e+02   0.000000e+00     27s
    1760    3.3013525e+06   4.950556e+02   0.000000e+00     31s
    1996    3.3013525e+06   1.369183e+02   0.000000e+00     35s
    2354    3.3013525e+06   3.631984e+01   0.000000e+00     42s
    2591    3.3013525e+06   2.248240e+02   0.000000e+00     46s
    2827    3.3013525e+06   6.756107e+01   0.000000e+00     50s
    3184    3.3013525e+06   8.666809e-01   0.000000e+00     57s
    3237    3.3013525e+06   0.000000e+00   0.000000e+00     58s

Solved in 3237 iterations and 57.81 seconds (83.01 work units)
Optimal objective  3.301352485e+06
Set parameter TimeLimit to value 4.8631384530826472e+03
Set parameter Method to value 1
Gurobi Optimizer version 12.0.3 build v12.0.3rc0 (linux64 - "Ubuntu 24.04.4 LTS")

CPU model: Intel(R) Xeon(R) Gold 5218 CPU @ 2.30GHz, instruction set [SSE2|AVX|AVX2|AVX512]
Thread count: 32 physical cores, 32 logical processors, using up to 1 threads

Non-default parameters:
TimeLimit  4.8631384530826472e+03
Method  1
BarHomogeneous  1
Threads  1

Optimize a model with 785 rows, 282963 columns and 8006793 nonzeros
Coefficient statistics:
  Matrix range     [1e+00, 1e+00]
  Objective range  [1e+05, 5e+05]
  Bounds range     [0e+00, 0e+00]
  RHS range        [1e+00, 1e+00]
LP warm-start: use basis

Iteration    Objective       Primal Inf.    Dual Inf.      Time
       0   -3.6883060e+31   1.605169e+34   3.688306e+01      1s
     330   -1.5149853e+29   8.880302e+32   1.514957e-01      5s
     677    3.3013523e+06   1.618041e+03   0.000000e+00     11s
     909    3.3013524e+06   5.849456e+02   0.000000e+00     16s
    1266    3.3013524e+06   2.592789e+02   0.000000e+00     22s
    1503    3.3013524e+06   1.089812e+02   0.000000e+00     26s
    1740    3.3013524e+06   7.352992e+01   0.000000e+00     31s
    2095    3.3013525e+06   9.250335e+00   0.000000e+00     37s
    2335    3.3013525e+06   4.631107e+01   0.000000e+00     41s
    2574    3.3013525e+06   2.908352e+01   0.000000e+00     46s
    2863    3.3013525e+06   0.000000e+00   0.000000e+00     51s

Solved in 2863 iterations and 50.96 seconds (72.83 work units)
Optimal objective  3.301352456e+06
Set parameter TimeLimit to value 4.7856252889852040e+03
Set parameter Method to value 1
Gurobi Optimizer version 12.0.3 build v12.0.3rc0 (linux64 - "Ubuntu 24.04.4 LTS")

CPU model: Intel(R) Xeon(R) Gold 5218 CPU @ 2.30GHz, instruction set [SSE2|AVX|AVX2|AVX512]
Thread count: 32 physical cores, 32 logical processors, using up to 1 threads

Non-default parameters:
TimeLimit  4.7856252889852040e+03
Method  1
BarHomogeneous  1
Threads  1

Optimize a model with 785 rows, 282993 columns and 8007704 nonzeros
Coefficient statistics:
  Matrix range     [1e+00, 1e+00]
  Objective range  [1e+05, 5e+05]
  Bounds range     [0e+00, 0e+00]
  RHS range        [1e+00, 1e+00]
LP warm-start: use basis

Iteration    Objective       Primal Inf.    Dual Inf.      Time
       0   -3.9230354e+31   4.105575e+34   3.923035e+01      1s
     320   -5.3035317e+29   1.821551e+33   5.303531e-01      6s
     599   -7.8404198e+28   4.495261e+32   7.840420e-02     10s
     918    3.3013520e+06   2.292464e+03   0.000000e+00     16s
    1157    3.3013522e+06   2.435540e+03   0.000000e+00     20s
    1516    3.3013523e+06   3.013039e+02   0.000000e+00     27s
    1756    3.3013523e+06   3.262097e+02   0.000000e+00     31s
    1993    3.3013523e+06   2.270356e+02   0.000000e+00     35s
    2350    3.3013523e+06   4.192815e+02   0.000000e+00     41s
    2589    3.3013524e+06   1.339819e+02   0.000000e+00     45s
    2944    3.3013524e+06   1.493341e+02   0.000000e+00     52s
    3182    3.3013524e+06   1.243422e+02   0.000000e+00     56s
    3540    3.3013524e+06   2.433931e+01   0.000000e+00     62s
    3779    3.3013524e+06   2.853934e+01   0.000000e+00     66s
    4019    3.3013524e+06   8.442981e+00   0.000000e+00     71s
    4378    3.3013524e+06   1.039652e+01   0.000000e+00     77s
    4594    3.3013524e+06   0.000000e+00   0.000000e+00     81s

Solved in 4594 iterations and 80.70 seconds (117.08 work units)
Optimal objective  3.301352402e+06
Set parameter TimeLimit to value 4.6785622817878611e+03
Set parameter Method to value 1
Gurobi Optimizer version 12.0.3 build v12.0.3rc0 (linux64 - "Ubuntu 24.04.4 LTS")

CPU model: Intel(R) Xeon(R) Gold 5218 CPU @ 2.30GHz, instruction set [SSE2|AVX|AVX2|AVX512]
Thread count: 32 physical cores, 32 logical processors, using up to 1 threads

Non-default parameters:
TimeLimit  4.6785622817878611e+03
Method  1
BarHomogeneous  1
Threads  1

Optimize a model with 785 rows, 283023 columns and 8008692 nonzeros
Coefficient statistics:
  Matrix range     [1e+00, 1e+00]
  Objective range  [1e+05, 5e+05]
  Bounds range     [0e+00, 0e+00]
  RHS range        [1e+00, 1e+00]
LP warm-start: use basis

Iteration    Objective       Primal Inf.    Dual Inf.      Time
       0   -3.6182063e+31   1.075931e+35   3.618207e+01      1s
     332   -7.1109166e+28   3.713089e+33   7.110868e-02      6s
     689    3.3013523e+06   2.475549e+03   0.000000e+00     12s
     926    3.3013523e+06   2.117524e+02   0.000000e+00     16s
    1163    3.3013524e+06   7.347659e+01   0.000000e+00     20s
    1522    3.3013524e+06   1.552340e+02   0.000000e+00     26s
    1756    3.3013524e+06   6.403727e+01   0.000000e+00     30s
    2111    3.3013524e+06   3.728624e+01   0.000000e+00     37s
    2347    3.3013524e+06   3.113607e+01   0.000000e+00     41s
    2655    3.3013524e+06   0.000000e+00   0.000000e+00     46s

Solved in 2655 iterations and 46.21 seconds (67.29 work units)
Optimal objective  3.301352376e+06
Set parameter TimeLimit to value 4.6059761933465488e+03
Set parameter Method to value 1
Gurobi Optimizer version 12.0.3 build v12.0.3rc0 (linux64 - "Ubuntu 24.04.4 LTS")

CPU model: Intel(R) Xeon(R) Gold 5218 CPU @ 2.30GHz, instruction set [SSE2|AVX|AVX2|AVX512]
Thread count: 32 physical cores, 32 logical processors, using up to 1 threads

Non-default parameters:
TimeLimit  4.6059761933465488e+03
Method  1
BarHomogeneous  1
Threads  1

Optimize a model with 785 rows, 283053 columns and 8009698 nonzeros
Coefficient statistics:
  Matrix range     [1e+00, 1e+00]
  Objective range  [1e+05, 5e+05]
  Bounds range     [0e+00, 0e+00]
  RHS range        [1e+00, 1e+00]
LP warm-start: use basis

Iteration    Objective       Primal Inf.    Dual Inf.      Time
       0   -4.3250844e+31   5.729787e+34   4.325084e+01      1s
       1    3.3013524e+06   0.000000e+00   0.000000e+00      1s

Solved in 1 iterations and 0.63 seconds (0.42 work units)
Optimal objective  3.301352376e+06
Set parameter TimeLimit to value 4.5807386741251685e+03
Set parameter Method to value 1
Gurobi Optimizer version 12.0.3 build v12.0.3rc0 (linux64 - "Ubuntu 24.04.4 LTS")

CPU model: Intel(R) Xeon(R) Gold 5218 CPU @ 2.30GHz, instruction set [SSE2|AVX|AVX2|AVX512]
Thread count: 32 physical cores, 32 logical processors, using up to 1 threads

Non-default parameters:
TimeLimit  4.5807386741251685e+03
Method  1
BarHomogeneous  1
Threads  1

Optimize a model with 785 rows, 283083 columns and 8010607 nonzeros
Coefficient statistics:
  Matrix range     [1e+00, 1e+00]
  Objective range  [1e+05, 5e+05]
  Bounds range     [0e+00, 0e+00]
  RHS range        [1e+00, 1e+00]
LP warm-start: use basis

Iteration    Objective       Primal Inf.    Dual Inf.      Time
       0   -3.7492647e+31   3.016930e+34   3.749264e+01      1s
     334   -8.2658745e+28   4.015350e+32   8.265874e-02      6s
     669    3.3013523e+06   2.857391e+03   0.000000e+00     12s
     899    3.3013523e+06   1.410199e+02   0.000000e+00     16s
    1251    3.3013524e+06   2.391621e+03   0.000000e+00     22s
    1489    3.3013524e+06   1.077648e+02   0.000000e+00     26s
    1726    3.3013524e+06   3.800873e+01   0.000000e+00     31s
    2082    3.3013524e+06   1.242538e+00   0.000000e+00     37s
    2229    3.3013524e+06   0.000000e+00   0.000000e+00     40s

Solved in 2229 iterations and 39.60 seconds (56.86 work units)
Optimal objective  3.301352376e+06
Set parameter TimeLimit to value 4.5147063377513550e+03
Set parameter Method to value 1
Gurobi Optimizer version 12.0.3 build v12.0.3rc0 (linux64 - "Ubuntu 24.04.4 LTS")

CPU model: Intel(R) Xeon(R) Gold 5218 CPU @ 2.30GHz, instruction set [SSE2|AVX|AVX2|AVX512]
Thread count: 32 physical cores, 32 logical processors, using up to 1 threads

Non-default parameters:
TimeLimit  4.5147063377513550e+03
Method  1
BarHomogeneous  1
Threads  1

Optimize a model with 785 rows, 283113 columns and 8011443 nonzeros
Coefficient statistics:
  Matrix range     [1e+00, 1e+00]
  Objective range  [1e+05, 5e+05]
  Bounds range     [0e+00, 0e+00]
  RHS range        [1e+00, 1e+00]
LP warm-start: use basis

Iteration    Objective       Primal Inf.    Dual Inf.      Time
       0   -2.7528102e+31   7.866118e+33   2.752810e+01      1s
     334   -4.5815369e+29   2.810193e+33   4.581536e-01      5s
     652   -1.2290304e+28   2.572812e+32   1.229032e-02     11s
    1011    3.3013517e+06   3.399199e+03   0.000000e+00     17s
    1251    3.3013519e+06   3.900874e+03   0.000000e+00     21s
    1490    3.3013520e+06   8.713110e+02   0.000000e+00     25s
    1837    3.3013520e+06   3.176924e+04   0.000000e+00     32s
    2077    3.3013521e+06   1.398982e+03   0.000000e+00     36s
    2314    3.3013521e+06   1.214373e+02   0.000000e+00     40s
    2671    3.3013521e+06   1.145493e+02   0.000000e+00     47s
    2905    3.3013521e+06   4.191735e+01   0.000000e+00     51s
    3141    3.3013521e+06   1.176495e+02   0.000000e+00     55s
    3498    3.3013521e+06   2.605254e+01   0.000000e+00     61s
    3738    3.3013521e+06   3.412651e+01   0.000000e+00     66s
    3976    3.3013522e+06   1.903658e+01   0.000000e+00     70s
    4334    3.3013522e+06   8.664777e-01   0.000000e+00     76s
    4502    3.3013522e+06   0.000000e+00   0.000000e+00     80s

Solved in 4502 iterations and 79.60 seconds (113.88 work units)
Optimal objective  3.301352153e+06
Set parameter TimeLimit to value 4.4085889242929406e+03
Set parameter Method to value 1
Gurobi Optimizer version 12.0.3 build v12.0.3rc0 (linux64 - "Ubuntu 24.04.4 LTS")

CPU model: Intel(R) Xeon(R) Gold 5218 CPU @ 2.30GHz, instruction set [SSE2|AVX|AVX2|AVX512]
Thread count: 32 physical cores, 32 logical processors, using up to 1 threads

Non-default parameters:
TimeLimit  4.4085889242929406e+03
Method  1
BarHomogeneous  1
Threads  1

Optimize a model with 785 rows, 283143 columns and 8012383 nonzeros
Coefficient statistics:
  Matrix range     [1e+00, 1e+00]
  Objective range  [1e+05, 5e+05]
  Bounds range     [0e+00, 0e+00]
  RHS range        [1e+00, 1e+00]
LP warm-start: use basis

Iteration    Objective       Primal Inf.    Dual Inf.      Time
       0   -4.2728051e+31   5.087647e+34   4.272805e+01      1s
     152    3.3013522e+06   0.000000e+00   0.000000e+00      3s

Solved in 152 iterations and 3.20 seconds (4.16 work units)
Optimal objective  3.301352153e+06
Set parameter TimeLimit to value 4.3822393954019062e+03
Set parameter Method to value 1
Gurobi Optimizer version 12.0.3 build v12.0.3rc0 (linux64 - "Ubuntu 24.04.4 LTS")

CPU model: Intel(R) Xeon(R) Gold 5218 CPU @ 2.30GHz, instruction set [SSE2|AVX|AVX2|AVX512]
Thread count: 32 physical cores, 32 logical processors, using up to 1 threads

Non-default parameters:
TimeLimit  4.3822393954019062e+03
Method  1
BarHomogeneous  1
Threads  1

Optimize a model with 785 rows, 283173 columns and 8013375 nonzeros
Coefficient statistics:
  Matrix range     [1e+00, 1e+00]
  Objective range  [1e+05, 5e+05]
  Bounds range     [0e+00, 0e+00]
  RHS range        [1e+00, 1e+00]
LP warm-start: use basis

Iteration    Objective       Primal Inf.    Dual Inf.      Time
       0   -3.3955549e+31   1.850093e+34   3.395555e+01      1s
     331   -6.6368879e+29   2.313651e+33   6.636872e-01      6s
     618   -8.7246774e+28   1.428942e+33   8.724676e-02     10s
     932    3.3013520e+06   1.896792e+02   0.000000e+00     16s
    1280    3.3013520e+06   3.461816e+02   0.000000e+00     22s
    1515    3.3013521e+06   3.576337e+02   0.000000e+00     26s
    1749    3.3013521e+06   5.310850e+01   0.000000e+00     30s
    2102    3.3013521e+06   1.447039e+02   0.000000e+00     36s
    2338    3.3013521e+06   3.024543e+02   0.000000e+00     40s
    2692    3.3013521e+06   3.640693e+01   0.000000e+00     47s
    2931    3.3013521e+06   1.254508e+01   0.000000e+00     51s
    3165    3.3013521e+06   1.512819e+01   0.000000e+00     55s
    3411    3.3013521e+06   0.000000e+00   0.000000e+00     60s

Solved in 3411 iterations and 59.56 seconds (87.36 work units)
Optimal objective  3.301352113e+06
Set parameter TimeLimit to value 4.2962360437386669e+03
Set parameter Method to value 1
Gurobi Optimizer version 12.0.3 build v12.0.3rc0 (linux64 - "Ubuntu 24.04.4 LTS")

CPU model: Intel(R) Xeon(R) Gold 5218 CPU @ 2.30GHz, instruction set [SSE2|AVX|AVX2|AVX512]
Thread count: 32 physical cores, 32 logical processors, using up to 1 threads

Non-default parameters:
TimeLimit  4.2962360437386669e+03
Method  1
BarHomogeneous  1
Threads  1

Optimize a model with 785 rows, 283203 columns and 8014374 nonzeros
Coefficient statistics:
  Matrix range     [1e+00, 1e+00]
  Objective range  [1e+05, 5e+05]
  Bounds range     [0e+00, 0e+00]
  RHS range        [1e+00, 1e+00]
LP warm-start: use basis

Iteration    Objective       Primal Inf.    Dual Inf.      Time
       0   -4.7576791e+31   4.168011e+34   4.757679e+01      1s
     195    3.3013521e+06   0.000000e+00   0.000000e+00      4s

Solved in 195 iterations and 4.15 seconds (5.43 work units)
Optimal objective  3.301352113e+06
Set parameter TimeLimit to value 4.2675316408541985e+03
Set parameter Method to value 1
Gurobi Optimizer version 12.0.3 build v12.0.3rc0 (linux64 - "Ubuntu 24.04.4 LTS")

CPU model: Intel(R) Xeon(R) Gold 5218 CPU @ 2.30GHz, instruction set [SSE2|AVX|AVX2|AVX512]
Thread count: 32 physical cores, 32 logical processors, using up to 1 threads

Non-default parameters:
TimeLimit  4.2675316408541985e+03
Method  1
BarHomogeneous  1
Threads  1

Optimize a model with 785 rows, 283233 columns and 8015433 nonzeros
Coefficient statistics:
  Matrix range     [1e+00, 1e+00]
  Objective range  [1e+05, 5e+05]
  Bounds range     [0e+00, 0e+00]
  RHS range        [1e+00, 1e+00]
LP warm-start: use basis

Iteration    Objective       Primal Inf.    Dual Inf.      Time
       0   -4.3027780e+31   3.601577e+34   4.302777e+01      1s
     366    3.3013521e+06   9.595891e+01   0.000000e+00      6s
     606    3.3013521e+06   7.645168e+01   0.000000e+00     11s
     835    3.3013521e+06   0.000000e+00   0.000000e+00     15s

Solved in 835 iterations and 14.92 seconds (21.04 work units)
Optimal objective  3.301352104e+06
Set parameter TimeLimit to value 4.2288119283518754e+03
Set parameter Method to value 1
Gurobi Optimizer version 12.0.3 build v12.0.3rc0 (linux64 - "Ubuntu 24.04.4 LTS")

CPU model: Intel(R) Xeon(R) Gold 5218 CPU @ 2.30GHz, instruction set [SSE2|AVX|AVX2|AVX512]
Thread count: 32 physical cores, 32 logical processors, using up to 1 threads

Non-default parameters:
TimeLimit  4.2288119283518754e+03
Method  1
BarHomogeneous  1
Threads  1

Optimize a model with 785 rows, 283263 columns and 8016084 nonzeros
Coefficient statistics:
  Matrix range     [1e+00, 1e+00]
  Objective range  [1e+05, 5e+05]
  Bounds range     [0e+00, 0e+00]
  RHS range        [1e+00, 1e+00]
LP warm-start: use basis

Iteration    Objective       Primal Inf.    Dual Inf.      Time
       0   -3.0597249e+31   3.042144e+34   3.059725e+01      1s
     320   -3.5433524e+29   2.417191e+33   3.543352e-01      5s
     646   -3.4963554e+28   1.763951e+33   3.496387e-02     11s
     924    3.3013513e+06   2.484139e+03   0.000000e+00     15s
    1284    3.3013517e+06   5.996181e+02   0.000000e+00     22s
    1522    3.3013518e+06   4.377341e+03   0.000000e+00     26s
    1881    3.3013519e+06   7.740869e+02   0.000000e+00     32s
    2121    3.3013519e+06   2.811820e+02   0.000000e+00     36s
    2360    3.3013519e+06   3.391015e+02   0.000000e+00     40s
    2717    3.3013519e+06   1.187729e+02   0.000000e+00     47s
    2955    3.3013519e+06   7.485719e+01   0.000000e+00     51s
    3313    3.3013519e+06   1.292847e+01   0.000000e+00     57s
    3553    3.3013519e+06   7.747730e+00   0.000000e+00     61s
    3793    3.3013519e+06   4.264416e+01   0.000000e+00     65s
    4045    3.3013519e+06   0.000000e+00   0.000000e+00     70s

Solved in 4045 iterations and 69.94 seconds (102.60 work units)
Optimal objective  3.301351934e+06
Set parameter TimeLimit to value 4.1299198009124957e+03
Set parameter Method to value 1
Gurobi Optimizer version 12.0.3 build v12.0.3rc0 (linux64 - "Ubuntu 24.04.4 LTS")

CPU model: Intel(R) Xeon(R) Gold 5218 CPU @ 2.30GHz, instruction set [SSE2|AVX|AVX2|AVX512]
Thread count: 32 physical cores, 32 logical processors, using up to 1 threads

Non-default parameters:
TimeLimit  4.1299198009124957e+03
Method  1
BarHomogeneous  1
Threads  1

Optimize a model with 785 rows, 283293 columns and 8016955 nonzeros
Coefficient statistics:
  Matrix range     [1e+00, 1e+00]
  Objective range  [1e+05, 5e+05]
  Bounds range     [0e+00, 0e+00]
  RHS range        [1e+00, 1e+00]
LP warm-start: use basis

Iteration    Objective       Primal Inf.    Dual Inf.      Time
       0   -3.9535432e+31   2.113710e+34   3.953543e+01      1s
     280    3.3013519e+06   2.682755e+01   0.000000e+00      5s
     628    3.3013519e+06   0.000000e+00   0.000000e+00     11s

Solved in 628 iterations and 11.50 seconds (16.21 work units)
Optimal objective  3.301351934e+06
Set parameter TimeLimit to value 4.0920056748031639e+03
Set parameter Method to value 1
Gurobi Optimizer version 12.0.3 build v12.0.3rc0 (linux64 - "Ubuntu 24.04.4 LTS")

CPU model: Intel(R) Xeon(R) Gold 5218 CPU @ 2.30GHz, instruction set [SSE2|AVX|AVX2|AVX512]
Thread count: 32 physical cores, 32 logical processors, using up to 1 threads

Non-default parameters:
TimeLimit  4.0920056748031639e+03
Method  1
BarHomogeneous  1
Threads  1

Optimize a model with 785 rows, 283323 columns and 8017852 nonzeros
Coefficient statistics:
  Matrix range     [1e+00, 1e+00]
  Objective range  [1e+05, 5e+05]
  Bounds range     [0e+00, 0e+00]
  RHS range        [1e+00, 1e+00]
LP warm-start: use basis

Iteration    Objective       Primal Inf.    Dual Inf.      Time
       0   -3.7123002e+31   2.402375e+34   3.712300e+01      1s
     328   -3.9257304e+28   3.410065e+33   3.925725e-02      6s
     605    3.3013519e+06   1.186607e+03   0.000000e+00     11s
     962    3.3013519e+06   3.245617e+01   0.000000e+00     17s
    1198    3.3013519e+06   6.656174e+01   0.000000e+00     21s
    1437    3.3013519e+06   1.771518e+01   0.000000e+00     25s
    1797    3.3013519e+06   4.047576e-01   0.000000e+00     32s
    1868    3.3013519e+06   0.000000e+00   0.000000e+00     33s

Solved in 1868 iterations and 33.12 seconds (47.59 work units)
Optimal objective  3.301351929e+06
Set parameter TimeLimit to value 4033.15801150864
Set parameter Method to value 1
Gurobi Optimizer version 12.0.3 build v12.0.3rc0 (linux64 - "Ubuntu 24.04.4 LTS")

CPU model: Intel(R) Xeon(R) Gold 5218 CPU @ 2.30GHz, instruction set [SSE2|AVX|AVX2|AVX512]
Thread count: 32 physical cores, 32 logical processors, using up to 1 threads

Non-default parameters:
TimeLimit  4033.15801150864
Method  1
BarHomogeneous  1
Threads  1

Optimize a model with 785 rows, 283353 columns and 8018887 nonzeros
Coefficient statistics:
  Matrix range     [1e+00, 1e+00]
  Objective range  [1e+05, 5e+05]
  Bounds range     [0e+00, 0e+00]
  RHS range        [1e+00, 1e+00]
LP warm-start: use basis

Iteration    Objective       Primal Inf.    Dual Inf.      Time
       0   -3.3740441e+31   4.533617e+34   3.374044e+01      1s
     317    3.3013514e+06   3.895611e+03   0.000000e+00      6s
     552    3.3013517e+06   2.551858e+03   0.000000e+00     10s
     907    3.3013517e+06   3.247703e+02   0.000000e+00     17s
    1139    3.3013518e+06   1.563099e+02   0.000000e+00     21s
    1491    3.3013518e+06   1.711722e+02   0.000000e+00     27s
    1726    3.3013518e+06   3.079490e+01   0.000000e+00     31s
    1961    3.3013518e+06   1.240781e+02   0.000000e+00     35s
    2317    3.3013518e+06   1.526828e+01   0.000000e+00     42s
    2554    3.3013518e+06   4.611330e-01   0.000000e+00     46s
    2570    3.3013518e+06   0.000000e+00   0.000000e+00     46s

Solved in 2570 iterations and 46.49 seconds (66.82 work units)
Optimal objective  3.301351797e+06
Set parameter TimeLimit to value 3.9603397957277484e+03
Set parameter Method to value 1
Gurobi Optimizer version 12.0.3 build v12.0.3rc0 (linux64 - "Ubuntu 24.04.4 LTS")

CPU model: Intel(R) Xeon(R) Gold 5218 CPU @ 2.30GHz, instruction set [SSE2|AVX|AVX2|AVX512]
Thread count: 32 physical cores, 32 logical processors, using up to 1 threads

Non-default parameters:
TimeLimit  3.9603397957277484e+03
Method  1
BarHomogeneous  1
Threads  1

Optimize a model with 785 rows, 283383 columns and 8019904 nonzeros
Coefficient statistics:
  Matrix range     [1e+00, 1e+00]
  Objective range  [1e+05, 5e+05]
  Bounds range     [0e+00, 0e+00]
  RHS range        [1e+00, 1e+00]
LP warm-start: use basis

Iteration    Objective       Primal Inf.    Dual Inf.      Time
       0   -3.7396037e+31   1.148600e+35   3.739603e+01      1s
     322   -1.0842108e+29   1.838404e+33   1.084213e-01      5s
     680    3.3013518e+06   1.207354e+03   0.000000e+00     12s
     919    3.3013518e+06   1.430270e+02   0.000000e+00     16s
    1158    3.3013518e+06   3.246939e+02   0.000000e+00     20s
    1516    3.3013518e+06   2.900121e+00   0.000000e+00     26s
    1756    3.3013518e+06   6.519491e-02   0.000000e+00     30s
    1780    3.3013518e+06   0.000000e+00   0.000000e+00     31s

Solved in 1780 iterations and 30.99 seconds (44.79 work units)
Optimal objective  3.301351797e+06
Set parameter TimeLimit to value 3.9028475814829580e+03
Set parameter Method to value 1
Gurobi Optimizer version 12.0.3 build v12.0.3rc0 (linux64 - "Ubuntu 24.04.4 LTS")

CPU model: Intel(R) Xeon(R) Gold 5218 CPU @ 2.30GHz, instruction set [SSE2|AVX|AVX2|AVX512]
Thread count: 32 physical cores, 32 logical processors, using up to 1 threads

Non-default parameters:
TimeLimit  3.9028475814829580e+03
Method  1
BarHomogeneous  1
Threads  1

Optimize a model with 785 rows, 283413 columns and 8020984 nonzeros
Coefficient statistics:
  Matrix range     [1e+00, 1e+00]
  Objective range  [1e+05, 5e+05]
  Bounds range     [0e+00, 0e+00]
  RHS range        [1e+00, 1e+00]
LP warm-start: use basis

Iteration    Objective       Primal Inf.    Dual Inf.      Time
       0   -3.3420442e+31   1.595738e+34   3.342044e+01      1s
     253    3.3013518e+06   0.000000e+00   0.000000e+00      5s

Solved in 253 iterations and 4.98 seconds (6.85 work units)
Optimal objective  3.301351797e+06
Set parameter TimeLimit to value 3.8734215574641712e+03
Set parameter Method to value 1
Gurobi Optimizer version 12.0.3 build v12.0.3rc0 (linux64 - "Ubuntu 24.04.4 LTS")

CPU model: Intel(R) Xeon(R) Gold 5218 CPU @ 2.30GHz, instruction set [SSE2|AVX|AVX2|AVX512]
Thread count: 32 physical cores, 32 logical processors, using up to 1 threads

Non-default parameters:
TimeLimit  3.8734215574641712e+03
Method  1
BarHomogeneous  1
Threads  1

Optimize a model with 785 rows, 283443 columns and 8022029 nonzeros
Coefficient statistics:
  Matrix range     [1e+00, 1e+00]
  Objective range  [1e+05, 5e+05]
  Bounds range     [0e+00, 0e+00]
  RHS range        [1e+00, 1e+00]
LP warm-start: use basis

Iteration    Objective       Primal Inf.    Dual Inf.      Time
       0   -3.1586629e+31   1.586916e+34   3.158663e+01      1s
     268    3.3013518e+06   3.494663e+01   0.000000e+00      5s
     627    3.3013518e+06   7.157899e+00   0.000000e+00     12s
     745    3.3013518e+06   0.000000e+00   0.000000e+00     14s

Solved in 745 iterations and 13.70 seconds (19.38 work units)
Optimal objective  3.301351794e+06
Set parameter TimeLimit to value 3.8365370959383436e+03
Set parameter Method to value 1
Gurobi Optimizer version 12.0.3 build v12.0.3rc0 (linux64 - "Ubuntu 24.04.4 LTS")

CPU model: Intel(R) Xeon(R) Gold 5218 CPU @ 2.30GHz, instruction set [SSE2|AVX|AVX2|AVX512]
Thread count: 32 physical cores, 32 logical processors, using up to 1 threads

Non-default parameters:
TimeLimit  3.8365370959383436e+03
Method  1
BarHomogeneous  1
Threads  1

Optimize a model with 785 rows, 283473 columns and 8022987 nonzeros
Coefficient statistics:
  Matrix range     [1e+00, 1e+00]
  Objective range  [1e+05, 5e+05]
  Bounds range     [0e+00, 0e+00]
  RHS range        [1e+00, 1e+00]
LP warm-start: use basis

Iteration    Objective       Primal Inf.    Dual Inf.      Time
       0   -2.6945144e+31   6.772828e+34   2.694517e+01      1s
     205    3.3013518e+06   0.000000e+00   0.000000e+00      4s

Solved in 205 iterations and 4.04 seconds (5.47 work units)
Optimal objective  3.301351794e+06
Set parameter TimeLimit to value 3.8077599788247608e+03
Set parameter Method to value 1
Gurobi Optimizer version 12.0.3 build v12.0.3rc0 (linux64 - "Ubuntu 24.04.4 LTS")

CPU model: Intel(R) Xeon(R) Gold 5218 CPU @ 2.30GHz, instruction set [SSE2|AVX|AVX2|AVX512]
Thread count: 32 physical cores, 32 logical processors, using up to 1 threads

Non-default parameters:
TimeLimit  3.8077599788247608e+03
Method  1
BarHomogeneous  1
Threads  1

Optimize a model with 785 rows, 283503 columns and 8023960 nonzeros
Coefficient statistics:
  Matrix range     [1e+00, 1e+00]
  Objective range  [1e+05, 5e+05]
  Bounds range     [0e+00, 0e+00]
  RHS range        [1e+00, 1e+00]
LP warm-start: use basis

Iteration    Objective       Primal Inf.    Dual Inf.      Time
       0   -2.3783772e+31   2.917679e+34   2.378377e+01      1s
     320   -2.6976076e+30   3.436130e+33   2.697608e+00      6s
     604   -1.1022075e+30   2.378891e+33   1.102207e+00     10s
     890   -1.0254418e+29   1.075780e+33   1.025442e-01     15s
    1250    3.3013509e+06   7.168812e+02   0.000000e+00     22s
    1490    3.3013513e+06   4.916255e+03   0.000000e+00     26s
    1729    3.3013514e+06   1.370896e+04   0.000000e+00     30s
    2083    3.3013515e+06   7.018643e+02   0.000000e+00     37s
    2318    3.3013516e+06   2.679284e+02   0.000000e+00     41s
    2556    3.3013516e+06   3.594190e+02   0.000000e+00     45s
    2914    3.3013516e+06   8.005622e+02   0.000000e+00     52s
    3153    3.3013516e+06   1.046252e+02   0.000000e+00     56s
    3391    3.3013516e+06   1.548601e+03   0.000000e+00     60s
    3748    3.3013516e+06   4.638479e+01   0.000000e+00     67s
    3985    3.3013516e+06   8.882344e+01   0.000000e+00     71s
    4223    3.3013516e+06   1.106869e+01   0.000000e+00     75s
    4583    3.3013516e+06   1.306041e+00   0.000000e+00     82s
    4725    3.3013516e+06   0.000000e+00   0.000000e+00     84s

Solved in 4725 iterations and 84.42 seconds (119.89 work units)
Optimal objective  3.301351639e+06
Set parameter TimeLimit to value 3.6967907168106176e+03
Set parameter Method to value 1
Gurobi Optimizer version 12.0.3 build v12.0.3rc0 (linux64 - "Ubuntu 24.04.4 LTS")

CPU model: Intel(R) Xeon(R) Gold 5218 CPU @ 2.30GHz, instruction set [SSE2|AVX|AVX2|AVX512]
Thread count: 32 physical cores, 32 logical processors, using up to 1 threads

Non-default parameters:
TimeLimit  3.6967907168106176e+03
Method  1
BarHomogeneous  1
Threads  1

Optimize a model with 785 rows, 283533 columns and 8024994 nonzeros
Coefficient statistics:
  Matrix range     [1e+00, 1e+00]
  Objective range  [1e+05, 5e+05]
  Bounds range     [0e+00, 0e+00]
  RHS range        [1e+00, 1e+00]
LP warm-start: use basis

Iteration    Objective       Primal Inf.    Dual Inf.      Time
       0   -3.7922361e+31   2.218763e+34   3.792236e+01      1s
     272    3.3013516e+06   1.417846e+01   0.000000e+00      5s
     379    3.3013516e+06   0.000000e+00   0.000000e+00      7s

Solved in 379 iterations and 7.38 seconds (10.15 work units)
Optimal objective  3.301351639e+06
Set parameter TimeLimit to value 3.6645076619633473e+03
Set parameter Method to value 1
Gurobi Optimizer version 12.0.3 build v12.0.3rc0 (linux64 - "Ubuntu 24.04.4 LTS")

CPU model: Intel(R) Xeon(R) Gold 5218 CPU @ 2.30GHz, instruction set [SSE2|AVX|AVX2|AVX512]
Thread count: 32 physical cores, 32 logical processors, using up to 1 threads

Non-default parameters:
TimeLimit  3.6645076619633473e+03
Method  1
BarHomogeneous  1
Threads  1

Optimize a model with 785 rows, 283563 columns and 8026087 nonzeros
Coefficient statistics:
  Matrix range     [1e+00, 1e+00]
  Objective range  [1e+05, 5e+05]
  Bounds range     [0e+00, 0e+00]
  RHS range        [1e+00, 1e+00]
LP warm-start: use basis

Iteration    Objective       Primal Inf.    Dual Inf.      Time
       0   -3.4035203e+31   1.528967e+34   3.403520e+01      1s
     270   -3.6554188e+28   3.931213e+32   3.655422e-02      5s
     647    3.3013515e+06   1.397812e+02   0.000000e+00     12s
     881    3.3013516e+06   8.851833e+01   0.000000e+00     16s
    1119    3.3013516e+06   2.776221e+02   0.000000e+00     20s
    1473    3.3013516e+06   1.702300e+02   0.000000e+00     27s
    1710    3.3013516e+06   2.741975e+01   0.000000e+00     31s
    1949    3.3013516e+06   5.148840e+01   0.000000e+00     35s
    2299    3.3013516e+06   2.520577e+01   0.000000e+00     41s
    2539    3.3013516e+06   1.321989e-03   0.000000e+00     46s
    2540    3.3013516e+06   0.000000e+00   0.000000e+00     46s

Solved in 2540 iterations and 45.69 seconds (65.95 work units)
Optimal objective  3.301351602e+06
Set parameter TimeLimit to value 3.5925289330831729e+03
Set parameter Method to value 1
Gurobi Optimizer version 12.0.3 build v12.0.3rc0 (linux64 - "Ubuntu 24.04.4 LTS")

CPU model: Intel(R) Xeon(R) Gold 5218 CPU @ 2.30GHz, instruction set [SSE2|AVX|AVX2|AVX512]
Thread count: 32 physical cores, 32 logical processors, using up to 1 threads

Non-default parameters:
TimeLimit  3.5925289330831729e+03
Method  1
BarHomogeneous  1
Threads  1

Optimize a model with 785 rows, 283593 columns and 8026774 nonzeros
Coefficient statistics:
  Matrix range     [1e+00, 1e+00]
  Objective range  [1e+05, 5e+05]
  Bounds range     [0e+00, 0e+00]
  RHS range        [1e+00, 1e+00]
LP warm-start: use basis

Iteration    Objective       Primal Inf.    Dual Inf.      Time
       0   -4.2385652e+31   1.749152e+34   4.238565e+01      1s
      87    3.3013516e+06   0.000000e+00   0.000000e+00      2s

Solved in 87 iterations and 2.12 seconds (2.64 work units)
Optimal objective  3.301351602e+06
Set parameter TimeLimit to value 3.5658192226937972e+03
Set parameter Method to value 1
Gurobi Optimizer version 12.0.3 build v12.0.3rc0 (linux64 - "Ubuntu 24.04.4 LTS")

CPU model: Intel(R) Xeon(R) Gold 5218 CPU @ 2.30GHz, instruction set [SSE2|AVX|AVX2|AVX512]
Thread count: 32 physical cores, 32 logical processors, using up to 1 threads

Non-default parameters:
TimeLimit  3.5658192226937972e+03
Method  1
BarHomogeneous  1
Threads  1

Optimize a model with 785 rows, 283623 columns and 8027800 nonzeros
Coefficient statistics:
  Matrix range     [1e+00, 1e+00]
  Objective range  [1e+05, 5e+05]
  Bounds range     [0e+00, 0e+00]
  RHS range        [1e+00, 1e+00]
LP warm-start: use basis

Iteration    Objective       Primal Inf.    Dual Inf.      Time
       0   -2.3977977e+31   1.855483e+34   2.397798e+01      1s
       1    3.3013516e+06   0.000000e+00   0.000000e+00      1s

Solved in 1 iterations and 0.67 seconds (0.41 work units)
Optimal objective  3.301351602e+06
Set parameter TimeLimit to value 3.5421179332523607e+03
Set parameter Method to value 1
Gurobi Optimizer version 12.0.3 build v12.0.3rc0 (linux64 - "Ubuntu 24.04.4 LTS")

CPU model: Intel(R) Xeon(R) Gold 5218 CPU @ 2.30GHz, instruction set [SSE2|AVX|AVX2|AVX512]
Thread count: 32 physical cores, 32 logical processors, using up to 1 threads

Non-default parameters:
TimeLimit  3.5421179332523607e+03
Method  1
BarHomogeneous  1
Threads  1

Optimize a model with 785 rows, 283653 columns and 8028866 nonzeros
Coefficient statistics:
  Matrix range     [1e+00, 1e+00]
  Objective range  [1e+05, 5e+05]
  Bounds range     [0e+00, 0e+00]
  RHS range        [1e+00, 1e+00]
LP warm-start: use basis

Iteration    Objective       Primal Inf.    Dual Inf.      Time
       0   -2.2865200e+31   1.666431e+34   2.286520e+01      1s
     319   -2.3044708e+29   2.343493e+33   2.304470e-01      6s
     622    1.5576485e+22   4.024046e+32   1.819647e-04     10s
     980    3.3013516e+06   5.185161e+02   0.000000e+00     17s
    1216    3.3013516e+06   1.678583e+02   0.000000e+00     21s
    1453    3.3013516e+06   9.648192e+01   0.000000e+00     25s
    1806    3.3013516e+06   1.707491e+02   0.000000e+00     32s
    2045    3.3013516e+06   3.158682e+01   0.000000e+00     36s
    2399    3.3013516e+06   3.977393e-01   0.000000e+00     42s
    2481    3.3013516e+06   0.000000e+00   0.000000e+00     44s

Solved in 2481 iterations and 43.65 seconds (62.76 work units)
Optimal objective  3.301351582e+06
Set parameter TimeLimit to value 3.4722005140953697e+03
Set parameter Method to value 1
Gurobi Optimizer version 12.0.3 build v12.0.3rc0 (linux64 - "Ubuntu 24.04.4 LTS")

CPU model: Intel(R) Xeon(R) Gold 5218 CPU @ 2.30GHz, instruction set [SSE2|AVX|AVX2|AVX512]
Thread count: 32 physical cores, 32 logical processors, using up to 1 threads

Non-default parameters:
TimeLimit  3.4722005140953697e+03
Method  1
BarHomogeneous  1
Threads  1

Optimize a model with 785 rows, 283683 columns and 8029702 nonzeros
Coefficient statistics:
  Matrix range     [1e+00, 1e+00]
  Objective range  [1e+05, 5e+05]
  Bounds range     [0e+00, 0e+00]
  RHS range        [1e+00, 1e+00]
LP warm-start: use basis

Iteration    Objective       Primal Inf.    Dual Inf.      Time
       0   -2.6523062e+31   1.457560e+34   2.652306e+01      1s
     239    3.3013516e+06   0.000000e+00   0.000000e+00      5s

Solved in 239 iterations and 5.01 seconds (6.47 work units)
Optimal objective  3.301351582e+06
Set parameter TimeLimit to value 3.4426133509851061e+03
Set parameter Method to value 1
Gurobi Optimizer version 12.0.3 build v12.0.3rc0 (linux64 - "Ubuntu 24.04.4 LTS")

CPU model: Intel(R) Xeon(R) Gold 5218 CPU @ 2.30GHz, instruction set [SSE2|AVX|AVX2|AVX512]
Thread count: 32 physical cores, 32 logical processors, using up to 1 threads

Non-default parameters:
TimeLimit  3.4426133509851061e+03
Method  1
BarHomogeneous  1
Threads  1

Optimize a model with 785 rows, 283713 columns and 8030655 nonzeros
Coefficient statistics:
  Matrix range     [1e+00, 1e+00]
  Objective range  [1e+05, 5e+05]
  Bounds range     [0e+00, 0e+00]
  RHS range        [1e+00, 1e+00]
LP warm-start: use basis

Iteration    Objective       Primal Inf.    Dual Inf.      Time
       0   -2.6358408e+31   3.463684e+34   2.635841e+01      1s
      85    3.3013516e+06   0.000000e+00   0.000000e+00      2s

Solved in 85 iterations and 2.10 seconds (2.53 work units)
Optimal objective  3.301351582e+06
Set parameter TimeLimit to value 3.4174115178142674e+03
Set parameter Method to value 1
Gurobi Optimizer version 12.0.3 build v12.0.3rc0 (linux64 - "Ubuntu 24.04.4 LTS")

CPU model: Intel(R) Xeon(R) Gold 5218 CPU @ 2.30GHz, instruction set [SSE2|AVX|AVX2|AVX512]
Thread count: 32 physical cores, 32 logical processors, using up to 1 threads

Non-default parameters:
TimeLimit  3.4174115178142674e+03
Method  1
BarHomogeneous  1
Threads  1

Optimize a model with 785 rows, 283743 columns and 8031599 nonzeros
Coefficient statistics:
  Matrix range     [1e+00, 1e+00]
  Objective range  [1e+05, 5e+05]
  Bounds range     [0e+00, 0e+00]
  RHS range        [1e+00, 1e+00]
LP warm-start: use basis

Iteration    Objective       Primal Inf.    Dual Inf.      Time
       0   -2.4135685e+31   1.821179e+34   2.413568e+01      1s
     322   -1.5397573e+30   2.628391e+33   1.539757e+00      5s
     654   -5.2988767e+29   5.223252e+33   5.298875e-01     10s
    1012   -1.3218484e+29   1.645890e+33   1.321848e-01     16s
    1250   -4.6731781e+28   1.949501e+33   4.673187e-02     21s
    1610    3.3013514e+06   6.188854e+02   0.000000e+00     27s
    1850    3.3013514e+06   2.187642e+03   0.000000e+00     31s
    2087    3.3013515e+06   2.198492e+02   0.000000e+00     35s
    2445    3.3013515e+06   4.766181e+02   0.000000e+00     42s
    2685    3.3013515e+06   2.480836e+02   0.000000e+00     46s
    3042    3.3013515e+06   2.219564e+03   0.000000e+00     52s
    3277    3.3013515e+06   4.945049e+02   0.000000e+00     56s
    3513    3.3013515e+06   1.290994e+03   0.000000e+00     60s
    3866    3.3013516e+06   2.737141e+02   0.000000e+00     66s
    4104    3.3013516e+06   5.527278e+01   0.000000e+00     71s
    4463    3.3013516e+06   1.121530e+02   0.000000e+00     77s
    4701    3.3013516e+06   6.522164e-01   0.000000e+00     81s
    4862    3.3013516e+06   0.000000e+00   0.000000e+00     84s

Solved in 4862 iterations and 84.12 seconds (122.62 work units)
Optimal objective  3.301351562e+06
Set parameter TimeLimit to value 3.3070530919148587e+03
Set parameter Method to value 1
Gurobi Optimizer version 12.0.3 build v12.0.3rc0 (linux64 - "Ubuntu 24.04.4 LTS")

CPU model: Intel(R) Xeon(R) Gold 5218 CPU @ 2.30GHz, instruction set [SSE2|AVX|AVX2|AVX512]
Thread count: 32 physical cores, 32 logical processors, using up to 1 threads

Non-default parameters:
TimeLimit  3.3070530919148587e+03
Method  1
BarHomogeneous  1
Threads  1

Optimize a model with 785 rows, 283773 columns and 8032365 nonzeros
Coefficient statistics:
  Matrix range     [1e+00, 1e+00]
  Objective range  [1e+05, 5e+05]
  Bounds range     [0e+00, 0e+00]
  RHS range        [1e+00, 1e+00]
LP warm-start: use basis

Iteration    Objective       Primal Inf.    Dual Inf.      Time
       0   -2.8202468e+31   2.789905e+34   2.820246e+01      1s
       1    3.3013516e+06   0.000000e+00   0.000000e+00      1s

Solved in 1 iterations and 0.65 seconds (0.42 work units)
Optimal objective  3.301351562e+06
Set parameter TimeLimit to value 3.2820551529596560e+03
Set parameter Method to value 1
Gurobi Optimizer version 12.0.3 build v12.0.3rc0 (linux64 - "Ubuntu 24.04.4 LTS")

CPU model: Intel(R) Xeon(R) Gold 5218 CPU @ 2.30GHz, instruction set [SSE2|AVX|AVX2|AVX512]
Thread count: 32 physical cores, 32 logical processors, using up to 1 threads

Non-default parameters:
TimeLimit  3.2820551529596560e+03
Method  1
BarHomogeneous  1
Threads  1

Optimize a model with 785 rows, 283803 columns and 8032915 nonzeros
Coefficient statistics:
  Matrix range     [1e+00, 1e+00]
  Objective range  [1e+05, 5e+05]
  Bounds range     [0e+00, 0e+00]
  RHS range        [1e+00, 1e+00]
LP warm-start: use basis

Iteration    Objective       Primal Inf.    Dual Inf.      Time
       0   -2.1910101e+31   1.535484e+34   2.191010e+01      1s
     327   -1.2371461e+28   5.190439e+32   1.237166e-02      6s
     682    3.3013513e+06   2.795027e+03   0.000000e+00     12s
     922    3.3013514e+06   3.743829e+02   0.000000e+00     16s
    1158    3.3013514e+06   1.683534e+03   0.000000e+00     20s
    1517    3.3013514e+06   6.103449e+02   0.000000e+00     26s
    1753    3.3013515e+06   3.227377e+02   0.000000e+00     31s
    2112    3.3013515e+06   1.532028e+02   0.000000e+00     37s
    2352    3.3013515e+06   2.830372e+01   0.000000e+00     41s
    2591    3.3013515e+06   2.444520e+01   0.000000e+00     45s
    2951    3.3013515e+06   5.125648e+00   0.000000e+00     52s
    3191    3.3013515e+06   1.308592e+00   0.000000e+00     56s
    3323    3.3013515e+06   0.000000e+00   0.000000e+00     58s

Solved in 3323 iterations and 58.29 seconds (85.16 work units)
Optimal objective  3.301351485e+06
Set parameter TimeLimit to value 3.1975272013884969e+03
Set parameter Method to value 1
Gurobi Optimizer version 12.0.3 build v12.0.3rc0 (linux64 - "Ubuntu 24.04.4 LTS")

CPU model: Intel(R) Xeon(R) Gold 5218 CPU @ 2.30GHz, instruction set [SSE2|AVX|AVX2|AVX512]
Thread count: 32 physical cores, 32 logical processors, using up to 1 threads

Non-default parameters:
TimeLimit  3.1975272013884969e+03
Method  1
BarHomogeneous  1
Threads  1

Optimize a model with 785 rows, 283833 columns and 8033558 nonzeros
Coefficient statistics:
  Matrix range     [1e+00, 1e+00]
  Objective range  [1e+05, 5e+05]
  Bounds range     [0e+00, 0e+00]
  RHS range        [1e+00, 1e+00]
LP warm-start: use basis

Iteration    Objective       Primal Inf.    Dual Inf.      Time
       0   -2.1339794e+31   1.033629e+34   2.133979e+01      1s
     352   -1.0896913e+29   1.495335e+33   1.089692e-01      5s
     628    3.3013512e+06   4.940214e+03   0.000000e+00     10s
     985    3.3013514e+06   2.896553e+03   0.000000e+00     17s
    1224    3.3013514e+06   2.778104e+02   0.000000e+00     21s
    1464    3.3013514e+06   1.993015e+01   0.000000e+00     25s
    1819    3.3013514e+06   4.045374e+01   0.000000e+00     32s
    2058    3.3013514e+06   6.775795e+01   0.000000e+00     36s
    2294    3.3013514e+06   4.435988e+00   0.000000e+00     40s
    2468    3.3013514e+06   0.000000e+00   0.000000e+00     43s

Solved in 2468 iterations and 43.38 seconds (61.78 work units)
Optimal objective  3.301351407e+06
Set parameter TimeLimit to value 3.1276914554354735e+03
Set parameter Method to value 1
Gurobi Optimizer version 12.0.3 build v12.0.3rc0 (linux64 - "Ubuntu 24.04.4 LTS")

CPU model: Intel(R) Xeon(R) Gold 5218 CPU @ 2.30GHz, instruction set [SSE2|AVX|AVX2|AVX512]
Thread count: 32 physical cores, 32 logical processors, using up to 1 threads

Non-default parameters:
TimeLimit  3.1276914554354735e+03
Method  1
BarHomogeneous  1
Threads  1

Optimize a model with 785 rows, 283863 columns and 8034666 nonzeros
Coefficient statistics:
  Matrix range     [1e+00, 1e+00]
  Objective range  [1e+05, 5e+05]
  Bounds range     [0e+00, 0e+00]
  RHS range        [1e+00, 1e+00]
LP warm-start: use basis

Iteration    Objective       Primal Inf.    Dual Inf.      Time
       0   -2.3437878e+31   1.897451e+34   2.343788e+01      1s
       1    3.3013514e+06   0.000000e+00   0.000000e+00      1s

Solved in 1 iterations and 0.66 seconds (0.45 work units)
Optimal objective  3.301351407e+06
Set parameter TimeLimit to value 3.1023967771665193e+03
Set parameter Method to value 1
Gurobi Optimizer version 12.0.3 build v12.0.3rc0 (linux64 - "Ubuntu 24.04.4 LTS")

CPU model: Intel(R) Xeon(R) Gold 5218 CPU @ 2.30GHz, instruction set [SSE2|AVX|AVX2|AVX512]
Thread count: 32 physical cores, 32 logical processors, using up to 1 threads

Non-default parameters:
TimeLimit  3.1023967771665193e+03
Method  1
BarHomogeneous  1
Threads  1

Optimize a model with 785 rows, 283893 columns and 8035635 nonzeros
Coefficient statistics:
  Matrix range     [1e+00, 1e+00]
  Objective range  [1e+05, 5e+05]
  Bounds range     [0e+00, 0e+00]
  RHS range        [1e+00, 1e+00]
LP warm-start: use basis

Iteration    Objective       Primal Inf.    Dual Inf.      Time
       0   -1.9428089e+31   1.243307e+34   1.942809e+01      1s
     322   -2.5607182e+29   2.771035e+33   2.560720e-01      5s
     633    3.3013511e+06   9.887284e+03   0.000000e+00     10s
     993    3.3013512e+06   3.811947e+03   0.000000e+00     17s
    1232    3.3013513e+06   4.192818e+02   0.000000e+00     21s
    1466    3.3013513e+06   3.362847e+02   0.000000e+00     25s
    1824    3.3013513e+06   5.480809e+01   0.000000e+00     32s
    2063    3.3013513e+06   2.313873e+03   0.000000e+00     36s
    2302    3.3013513e+06   6.161314e+01   0.000000e+00     40s
    2661    3.3013513e+06   9.690680e+00   0.000000e+00     47s
    2901    3.3013513e+06   1.362773e+00   0.000000e+00     51s
    3015    3.3013513e+06   0.000000e+00   0.000000e+00     53s

Solved in 3015 iterations and 53.13 seconds (76.58 work units)
Optimal objective  3.301351315e+06
Set parameter TimeLimit to value 3.0226903258026578e+03
Set parameter Method to value 1
Gurobi Optimizer version 12.0.3 build v12.0.3rc0 (linux64 - "Ubuntu 24.04.4 LTS")

CPU model: Intel(R) Xeon(R) Gold 5218 CPU @ 2.30GHz, instruction set [SSE2|AVX|AVX2|AVX512]
Thread count: 32 physical cores, 32 logical processors, using up to 1 threads

Non-default parameters:
TimeLimit  3.0226903258026578e+03
Method  1
BarHomogeneous  1
Threads  1

Optimize a model with 785 rows, 283923 columns and 8036612 nonzeros
Coefficient statistics:
  Matrix range     [1e+00, 1e+00]
  Objective range  [1e+05, 5e+05]
  Bounds range     [0e+00, 0e+00]
  RHS range        [1e+00, 1e+00]
LP warm-start: use basis

Iteration    Objective       Primal Inf.    Dual Inf.      Time
       0   -2.7911207e+31   5.319068e+34   2.791121e+01      1s
     366    3.3013511e+06   9.117217e+02   0.000000e+00      7s
     591    3.3013513e+06   1.495307e+03   0.000000e+00     11s
     829    3.3013513e+06   5.468324e+01   0.000000e+00     15s
    1182    3.3013513e+06   9.177434e+00   0.000000e+00     21s
    1379    3.3013513e+06   0.000000e+00   0.000000e+00     25s

Solved in 1379 iterations and 25.02 seconds (35.58 work units)
Optimal objective  3.301351288e+06
Set parameter TimeLimit to value 2.9712380829392932e+03
Set parameter Method to value 1
Gurobi Optimizer version 12.0.3 build v12.0.3rc0 (linux64 - "Ubuntu 24.04.4 LTS")

CPU model: Intel(R) Xeon(R) Gold 5218 CPU @ 2.30GHz, instruction set [SSE2|AVX|AVX2|AVX512]
Thread count: 32 physical cores, 32 logical processors, using up to 1 threads

Non-default parameters:
TimeLimit  2.9712380829392932e+03
Method  1
BarHomogeneous  1
Threads  1

Optimize a model with 785 rows, 283953 columns and 8037692 nonzeros
Coefficient statistics:
  Matrix range     [1e+00, 1e+00]
  Objective range  [1e+05, 5e+05]
  Bounds range     [0e+00, 0e+00]
  RHS range        [1e+00, 1e+00]
LP warm-start: use basis

Iteration    Objective       Primal Inf.    Dual Inf.      Time
       0   -2.3714265e+31   1.791891e+34   2.371427e+01      1s
     122    3.3013513e+06   0.000000e+00   0.000000e+00      3s

Solved in 122 iterations and 2.80 seconds (3.55 work units)
Optimal objective  3.301351288e+06
Set parameter TimeLimit to value 2.9457064941436984e+03
Set parameter Method to value 1
Gurobi Optimizer version 12.0.3 build v12.0.3rc0 (linux64 - "Ubuntu 24.04.4 LTS")

CPU model: Intel(R) Xeon(R) Gold 5218 CPU @ 2.30GHz, instruction set [SSE2|AVX|AVX2|AVX512]
Thread count: 32 physical cores, 32 logical processors, using up to 1 threads

Non-default parameters:
TimeLimit  2.9457064941436984e+03
Method  1
BarHomogeneous  1
Threads  1

Optimize a model with 785 rows, 283983 columns and 8038775 nonzeros
Coefficient statistics:
  Matrix range     [1e+00, 1e+00]
  Objective range  [1e+05, 5e+05]
  Bounds range     [0e+00, 0e+00]
  RHS range        [1e+00, 1e+00]
LP warm-start: use basis

Iteration    Objective       Primal Inf.    Dual Inf.      Time
       0   -2.3093187e+31   2.248443e+34   2.309319e+01      1s
     175    3.3013513e+06   0.000000e+00   0.000000e+00      4s

Solved in 175 iterations and 3.65 seconds (4.89 work units)
Optimal objective  3.301351288e+06
Set parameter TimeLimit to value 2.9179658264168538e+03
Set parameter Method to value 1
Gurobi Optimizer version 12.0.3 build v12.0.3rc0 (linux64 - "Ubuntu 24.04.4 LTS")

CPU model: Intel(R) Xeon(R) Gold 5218 CPU @ 2.30GHz, instruction set [SSE2|AVX|AVX2|AVX512]
Thread count: 32 physical cores, 32 logical processors, using up to 1 threads

Non-default parameters:
TimeLimit  2.9179658264168538e+03
Method  1
BarHomogeneous  1
Threads  1

Optimize a model with 785 rows, 284013 columns and 8039783 nonzeros
Coefficient statistics:
  Matrix range     [1e+00, 1e+00]
  Objective range  [1e+05, 5e+05]
  Bounds range     [0e+00, 0e+00]
  RHS range        [1e+00, 1e+00]
LP warm-start: use basis

Iteration    Objective       Primal Inf.    Dual Inf.      Time
       0   -2.1453167e+31   2.153195e+34   2.145317e+01      1s
     331   -5.6614671e+28   4.455359e+32   5.661466e-02      6s
     647    3.3013512e+06   3.047510e+02   0.000000e+00     11s
     884    3.3013512e+06   1.278675e+02   0.000000e+00     16s
    1240    3.3013512e+06   2.648934e+02   0.000000e+00     22s
    1474    3.3013512e+06   4.946435e+01   0.000000e+00     26s
    1711    3.3013513e+06   2.558888e+01   0.000000e+00     31s
    2070    3.3013513e+06   2.899826e+01   0.000000e+00     37s
    2304    3.3013513e+06   0.000000e+00   0.000000e+00     41s

Solved in 2304 iterations and 41.10 seconds (58.73 work units)
Optimal objective  3.301351256e+06
Set parameter TimeLimit to value 2.8505574630009942e+03
Set parameter Method to value 1
Gurobi Optimizer version 12.0.3 build v12.0.3rc0 (linux64 - "Ubuntu 24.04.4 LTS")

CPU model: Intel(R) Xeon(R) Gold 5218 CPU @ 2.30GHz, instruction set [SSE2|AVX|AVX2|AVX512]
Thread count: 32 physical cores, 32 logical processors, using up to 1 threads

Non-default parameters:
TimeLimit  2.8505574630009942e+03
Method  1
BarHomogeneous  1
Threads  1

Optimize a model with 785 rows, 284043 columns and 8040655 nonzeros
Coefficient statistics:
  Matrix range     [1e+00, 1e+00]
  Objective range  [1e+05, 5e+05]
  Bounds range     [0e+00, 0e+00]
  RHS range        [1e+00, 1e+00]
LP warm-start: use basis

Iteration    Objective       Primal Inf.    Dual Inf.      Time
       0   -2.6905351e+31   3.785968e+34   2.690535e+01      1s
     116    3.3013513e+06   0.000000e+00   0.000000e+00      3s

Solved in 116 iterations and 2.72 seconds (3.38 work units)
Optimal objective  3.301351256e+06
Set parameter TimeLimit to value 2.8232223985916935e+03
Set parameter Method to value 1
Gurobi Optimizer version 12.0.3 build v12.0.3rc0 (linux64 - "Ubuntu 24.04.4 LTS")

CPU model: Intel(R) Xeon(R) Gold 5218 CPU @ 2.30GHz, instruction set [SSE2|AVX|AVX2|AVX512]
Thread count: 32 physical cores, 32 logical processors, using up to 1 threads

Non-default parameters:
TimeLimit  2.8232223985916935e+03
Method  1
BarHomogeneous  1
Threads  1

Optimize a model with 785 rows, 284073 columns and 8041463 nonzeros
Coefficient statistics:
  Matrix range     [1e+00, 1e+00]
  Objective range  [1e+05, 5e+05]
  Bounds range     [0e+00, 0e+00]
  RHS range        [1e+00, 1e+00]
LP warm-start: use basis

Iteration    Objective       Primal Inf.    Dual Inf.      Time
       0   -2.3930086e+31   3.162490e+34   2.393009e+01      1s
     335   -6.5555048e+29   1.176982e+33   6.555504e-01      5s
     616   -1.1727318e+29   5.405937e+32   1.172723e-01     10s
     976   -9.1889335e+26   2.368513e+32   9.189058e-04     17s
    1215    3.3013511e+06   9.463256e+02   0.000000e+00     21s
    1454    3.3013511e+06   1.052240e+03   0.000000e+00     25s
    1812    3.3013512e+06   3.548075e+02   0.000000e+00     32s
    2049    3.3013512e+06   3.569465e+02   0.000000e+00     36s
    2287    3.3013512e+06   8.642692e+01   0.000000e+00     40s
    2647    3.3013512e+06   8.031500e+01   0.000000e+00     46s
    2887    3.3013512e+06   3.902996e+01   0.000000e+00     51s
    3246    3.3013512e+06   1.670418e+02   0.000000e+00     57s
    3485    3.3013512e+06   9.230357e+01   0.000000e+00     61s
    3723    3.3013512e+06   1.768033e+01   0.000000e+00     66s
    4082    3.3013512e+06   1.544742e+00   0.000000e+00     72s
    4128    3.3013512e+06   0.000000e+00   0.000000e+00     73s

Solved in 4128 iterations and 72.88 seconds (104.92 work units)
Optimal objective  3.301351235e+06
Set parameter TimeLimit to value 2.7240647416836582e+03
Set parameter Method to value 1
Gurobi Optimizer version 12.0.3 build v12.0.3rc0 (linux64 - "Ubuntu 24.04.4 LTS")

CPU model: Intel(R) Xeon(R) Gold 5218 CPU @ 2.30GHz, instruction set [SSE2|AVX|AVX2|AVX512]
Thread count: 32 physical cores, 32 logical processors, using up to 1 threads

Non-default parameters:
TimeLimit  2.7240647416836582e+03
Method  1
BarHomogeneous  1
Threads  1

Optimize a model with 785 rows, 284103 columns and 8042393 nonzeros
Coefficient statistics:
  Matrix range     [1e+00, 1e+00]
  Objective range  [1e+05, 5e+05]
  Bounds range     [0e+00, 0e+00]
  RHS range        [1e+00, 1e+00]
LP warm-start: use basis

Iteration    Objective       Primal Inf.    Dual Inf.      Time
       0   -2.9676420e+31   3.263369e+34   2.967642e+01      1s
      89    3.3013512e+06   0.000000e+00   0.000000e+00      2s

Solved in 89 iterations and 2.16 seconds (2.66 work units)
Optimal objective  3.301351235e+06
Set parameter TimeLimit to value 2.6972059965361841e+03
Set parameter Method to value 1
Gurobi Optimizer version 12.0.3 build v12.0.3rc0 (linux64 - "Ubuntu 24.04.4 LTS")

CPU model: Intel(R) Xeon(R) Gold 5218 CPU @ 2.30GHz, instruction set [SSE2|AVX|AVX2|AVX512]
Thread count: 32 physical cores, 32 logical processors, using up to 1 threads

Non-default parameters:
TimeLimit  2.6972059965361841e+03
Method  1
BarHomogeneous  1
Threads  1

Optimize a model with 785 rows, 284133 columns and 8043313 nonzeros
Coefficient statistics:
  Matrix range     [1e+00, 1e+00]
  Objective range  [1e+05, 5e+05]
  Bounds range     [0e+00, 0e+00]
  RHS range        [1e+00, 1e+00]
LP warm-start: use basis

Iteration    Objective       Primal Inf.    Dual Inf.      Time
       0   -2.7160988e+31   1.349971e+34   2.716099e+01      1s
     361    3.3013512e+06   4.101881e+01   0.000000e+00      6s
     601    3.3013512e+06   9.729968e+00   0.000000e+00     11s
     960    3.3013512e+06   6.722931e+00   0.000000e+00     17s
    1006    3.3013512e+06   0.000000e+00   0.000000e+00     18s

Solved in 1006 iterations and 17.81 seconds (25.84 work units)
Optimal objective  3.301351235e+06
Set parameter TimeLimit to value 2.6532466233638115e+03
Set parameter Method to value 1
Gurobi Optimizer version 12.0.3 build v12.0.3rc0 (linux64 - "Ubuntu 24.04.4 LTS")

CPU model: Intel(R) Xeon(R) Gold 5218 CPU @ 2.30GHz, instruction set [SSE2|AVX|AVX2|AVX512]
Thread count: 32 physical cores, 32 logical processors, using up to 1 threads

Non-default parameters:
TimeLimit  2.6532466233638115e+03
Method  1
BarHomogeneous  1
Threads  1

Optimize a model with 785 rows, 284163 columns and 8044233 nonzeros
Coefficient statistics:
  Matrix range     [1e+00, 1e+00]
  Objective range  [1e+05, 5e+05]
  Bounds range     [0e+00, 0e+00]
  RHS range        [1e+00, 1e+00]
LP warm-start: use basis

Iteration    Objective       Primal Inf.    Dual Inf.      Time
       0   -2.6427832e+31   3.939024e+34   2.642783e+01      1s
     103    3.3013512e+06   0.000000e+00   0.000000e+00      2s

Solved in 103 iterations and 2.36 seconds (3.00 work units)
Optimal objective  3.301351235e+06
Set parameter TimeLimit to value 2.6274550609695725e+03
Set parameter Method to value 1
Gurobi Optimizer version 12.0.3 build v12.0.3rc0 (linux64 - "Ubuntu 24.04.4 LTS")

CPU model: Intel(R) Xeon(R) Gold 5218 CPU @ 2.30GHz, instruction set [SSE2|AVX|AVX2|AVX512]
Thread count: 32 physical cores, 32 logical processors, using up to 1 threads

Non-default parameters:
TimeLimit  2.6274550609695725e+03
Method  1
BarHomogeneous  1
Threads  1

Optimize a model with 785 rows, 284193 columns and 8045062 nonzeros
Coefficient statistics:
  Matrix range     [1e+00, 1e+00]
  Objective range  [1e+05, 5e+05]
  Bounds range     [0e+00, 0e+00]
  RHS range        [1e+00, 1e+00]
LP warm-start: use basis

Iteration    Objective       Primal Inf.    Dual Inf.      Time
       0   -2.1687507e+31   2.637822e+34   2.168751e+01      1s
     343   -6.7925562e+29   5.828608e+32   6.792556e-01      5s
     626   -1.5738561e+28   3.613913e+32   1.573858e-02     10s
     942    3.3013511e+06   1.908535e+03   0.000000e+00     16s
    1179    3.3013511e+06   2.366384e+03   0.000000e+00     20s
    1533    3.3013512e+06   4.131268e+02   0.000000e+00     26s
    1765    3.3013512e+06   3.934621e+02   0.000000e+00     30s
    2124    3.3013512e+06   6.745815e+01   0.000000e+00     37s
    2363    3.3013512e+06   3.046446e+01   0.000000e+00     41s
    2601    3.3013512e+06   1.202013e+02   0.000000e+00     45s
    2957    3.3013512e+06   1.664917e+00   0.000000e+00     52s
    3097    3.3013512e+06   0.000000e+00   0.000000e+00     54s

Solved in 3097 iterations and 54.14 seconds (78.85 work units)
Optimal objective  3.301351200e+06
Set parameter TimeLimit to value 2.5469805188677274e+03
Set parameter Method to value 1
Gurobi Optimizer version 12.0.3 build v12.0.3rc0 (linux64 - "Ubuntu 24.04.4 LTS")

CPU model: Intel(R) Xeon(R) Gold 5218 CPU @ 2.30GHz, instruction set [SSE2|AVX|AVX2|AVX512]
Thread count: 32 physical cores, 32 logical processors, using up to 1 threads

Non-default parameters:
TimeLimit  2.5469805188677274e+03
Method  1
BarHomogeneous  1
Threads  1

Optimize a model with 785 rows, 284223 columns and 8045847 nonzeros
Coefficient statistics:
  Matrix range     [1e+00, 1e+00]
  Objective range  [1e+05, 5e+05]
  Bounds range     [0e+00, 0e+00]
  RHS range        [1e+00, 1e+00]
LP warm-start: use basis

Iteration    Objective       Primal Inf.    Dual Inf.      Time
       0   -1.8040876e+31   1.507731e+34   1.804088e+01      1s
     325   -2.1362037e+30   3.452135e+33   2.136204e+00      6s
     618   -1.1090355e+30   3.953828e+33   1.109036e+00     10s
     988   -1.1302361e+29   2.778656e+33   1.130240e-01     16s
    1227   -1.8093824e+28   4.117257e+32   1.809393e-02     21s
    1585    3.3013507e+06   1.365405e+04   0.000000e+00     27s
    1824    3.3013509e+06   7.992909e+02   0.000000e+00     31s
    2063    3.3013510e+06   1.535997e+03   0.000000e+00     36s
    2303    3.3013510e+06   1.708682e+02   0.000000e+00     40s
    2659    3.3013510e+06   3.939275e+02   0.000000e+00     46s
    2896    3.3013511e+06   1.384310e+02   0.000000e+00     51s
    3136    3.3013511e+06   5.752359e+02   0.000000e+00     55s
    3494    3.3013511e+06   1.140555e+02   0.000000e+00     62s
    3732    3.3013511e+06   7.820918e+01   0.000000e+00     66s
    3972    3.3013511e+06   3.375516e+01   0.000000e+00     70s
    4329    3.3013511e+06   1.461104e+01   0.000000e+00     77s
    4565    3.3013511e+06   4.903409e+01   0.000000e+00     81s
    4921    3.3013511e+06   2.186738e+01   0.000000e+00     87s
    5161    3.3013511e+06   1.785399e-04   0.000000e+00     91s
    5162    3.3013511e+06   0.000000e+00   0.000000e+00     92s

Solved in 5162 iterations and 91.56 seconds (130.56 work units)
Optimal objective  3.301351123e+06
Set parameter TimeLimit to value 2.4291205795700662e+03
Set parameter Method to value 1
Gurobi Optimizer version 12.0.3 build v12.0.3rc0 (linux64 - "Ubuntu 24.04.4 LTS")

CPU model: Intel(R) Xeon(R) Gold 5218 CPU @ 2.30GHz, instruction set [SSE2|AVX|AVX2|AVX512]
Thread count: 32 physical cores, 32 logical processors, using up to 1 threads

Non-default parameters:
TimeLimit  2.4291205795700662e+03
Method  1
BarHomogeneous  1
Threads  1

Optimize a model with 785 rows, 284253 columns and 8046835 nonzeros
Coefficient statistics:
  Matrix range     [1e+00, 1e+00]
  Objective range  [1e+05, 5e+05]
  Bounds range     [0e+00, 0e+00]
  RHS range        [1e+00, 1e+00]
LP warm-start: use basis

Iteration    Objective       Primal Inf.    Dual Inf.      Time
       0   -2.3578280e+31   2.361697e+34   2.357828e+01      1s
      79    3.3013511e+06   0.000000e+00   0.000000e+00      2s

Solved in 79 iterations and 2.06 seconds (2.43 work units)
Optimal objective  3.301351123e+06
Set parameter TimeLimit to value 2.4025418230653740e+03
Set parameter Method to value 1
Gurobi Optimizer version 12.0.3 build v12.0.3rc0 (linux64 - "Ubuntu 24.04.4 LTS")

CPU model: Intel(R) Xeon(R) Gold 5218 CPU @ 2.30GHz, instruction set [SSE2|AVX|AVX2|AVX512]
Thread count: 32 physical cores, 32 logical processors, using up to 1 threads

Non-default parameters:
TimeLimit  2.4025418230653740e+03
Method  1
BarHomogeneous  1
Threads  1

Optimize a model with 785 rows, 284283 columns and 8047809 nonzeros
Coefficient statistics:
  Matrix range     [1e+00, 1e+00]
  Objective range  [1e+05, 5e+05]
  Bounds range     [0e+00, 0e+00]
  RHS range        [1e+00, 1e+00]
LP warm-start: use basis

Iteration    Objective       Primal Inf.    Dual Inf.      Time
       0   -2.2584644e+31   2.502166e+34   2.258464e+01      1s
     332   -1.1622388e+30   1.541360e+33   1.162239e+00      5s
     611   -3.0460309e+29   4.869475e+33   3.046031e-01     10s
     930   -4.4993493e+28   3.411281e+32   4.499364e-02     16s
    1288   -9.5538173e+26   4.409298e+31   9.555276e-04     22s
    1528    3.3013510e+06   3.050045e+03   0.000000e+00     26s
    1766    3.3013510e+06   9.797268e+02   0.000000e+00     31s
    2125    3.3013511e+06   4.745596e+02   0.000000e+00     37s
    2365    3.3013511e+06   7.087215e+01   0.000000e+00     41s
    2603    3.3013511e+06   3.081242e+02   0.000000e+00     45s
    2959    3.3013511e+06   6.953580e+01   0.000000e+00     52s
    3196    3.3013511e+06   3.065799e+01   0.000000e+00     56s
    3553    3.3013511e+06   1.370592e+01   0.000000e+00     62s
    3791    3.3013511e+06   1.261668e+01   0.000000e+00     66s
    4027    3.3013511e+06   8.251854e+00   0.000000e+00     70s
    4265    3.3013511e+06   0.000000e+00   0.000000e+00     75s

Solved in 4265 iterations and 74.66 seconds (108.72 work units)
Optimal objective  3.301351110e+06
Set parameter TimeLimit to value 2.3013303867313080e+03
Set parameter Method to value 1
Gurobi Optimizer version 12.0.3 build v12.0.3rc0 (linux64 - "Ubuntu 24.04.4 LTS")

CPU model: Intel(R) Xeon(R) Gold 5218 CPU @ 2.30GHz, instruction set [SSE2|AVX|AVX2|AVX512]
Thread count: 32 physical cores, 32 logical processors, using up to 1 threads

Non-default parameters:
TimeLimit  2.3013303867313080e+03
Method  1
BarHomogeneous  1
Threads  1

Optimize a model with 785 rows, 284313 columns and 8048621 nonzeros
Coefficient statistics:
  Matrix range     [1e+00, 1e+00]
  Objective range  [1e+05, 5e+05]
  Bounds range     [0e+00, 0e+00]
  RHS range        [1e+00, 1e+00]
LP warm-start: use basis

Iteration    Objective       Primal Inf.    Dual Inf.      Time
       0   -1.7830081e+31   3.379543e+34   1.783008e+01      1s
     332   -1.4152830e+30   1.844483e+33   1.415283e+00      6s
     609   -2.0643970e+29   3.887259e+33   2.064395e-01     10s
     886    3.3013508e+06   3.696516e+02   0.000000e+00     15s
    1243    3.3013510e+06   2.704724e+03   0.000000e+00     21s
    1481    3.3013510e+06   1.432215e+02   0.000000e+00     26s
    1840    3.3013510e+06   2.570370e+02   0.000000e+00     32s
    2078    3.3013511e+06   5.171948e+01   0.000000e+00     36s
    2317    3.3013511e+06   3.814451e+02   0.000000e+00     40s
    2676    3.3013511e+06   1.363713e+02   0.000000e+00     47s
    2916    3.3013511e+06   2.670343e+02   0.000000e+00     51s
    3154    3.3013511e+06   1.767408e+01   0.000000e+00     55s
    3514    3.3013511e+06   7.874089e-01   0.000000e+00     62s
    3593    3.3013511e+06   0.000000e+00   0.000000e+00     63s

Solved in 3593 iterations and 63.33 seconds (91.50 work units)
Optimal objective  3.301351078e+06
Set parameter TimeLimit to value 2.2116264803265221e+03
Set parameter Method to value 1
Gurobi Optimizer version 12.0.3 build v12.0.3rc0 (linux64 - "Ubuntu 24.04.4 LTS")

CPU model: Intel(R) Xeon(R) Gold 5218 CPU @ 2.30GHz, instruction set [SSE2|AVX|AVX2|AVX512]
Thread count: 32 physical cores, 32 logical processors, using up to 1 threads

Non-default parameters:
TimeLimit  2.2116264803265221e+03
Method  1
BarHomogeneous  1
Threads  1

Optimize a model with 785 rows, 284343 columns and 8049052 nonzeros
Coefficient statistics:
  Matrix range     [1e+00, 1e+00]
  Objective range  [1e+05, 5e+05]
  Bounds range     [0e+00, 0e+00]
  RHS range        [1e+00, 1e+00]
LP warm-start: use basis

Iteration    Objective       Primal Inf.    Dual Inf.      Time
       0   -1.8725266e+31   7.013334e+33   1.872527e+01      1s
     321   -1.4888560e+30   1.279244e+33   1.488856e+00      5s
     610   -4.9736862e+28   2.542264e+33   4.973696e-02     10s
Warning: Markowitz tolerance tightened to 0.03125
     961    3.3013504e+06   2.446592e+03   0.000000e+00     16s
    1200    3.3013507e+06   8.912257e+03   0.000000e+00     21s
    1557    3.3013508e+06   6.761262e+02   0.000000e+00     27s
    1794    3.3013509e+06   6.815587e+02   0.000000e+00     31s
    2033    3.3013509e+06   6.390345e+02   0.000000e+00     35s
    2392    3.3013509e+06   6.648648e+01   0.000000e+00     41s
    2631    3.3013509e+06   4.725247e+01   0.000000e+00     46s
    2984    3.3013509e+06   1.630522e+02   0.000000e+00     52s
    3223    3.3013509e+06   1.827763e+01   0.000000e+00     56s
    3460    3.3013509e+06   1.829657e+01   0.000000e+00     60s
    3819    3.3013509e+06   4.354724e+00   0.000000e+00     66s
    3854    3.3013509e+06   0.000000e+00   0.000000e+00     67s

Solved in 3854 iterations and 67.09 seconds (97.80 work units)
Optimal objective  3.301350946e+06
Set parameter TimeLimit to value 2.1182640199423768e+03
Set parameter Method to value 1
Gurobi Optimizer version 12.0.3 build v12.0.3rc0 (linux64 - "Ubuntu 24.04.4 LTS")

CPU model: Intel(R) Xeon(R) Gold 5218 CPU @ 2.30GHz, instruction set [SSE2|AVX|AVX2|AVX512]
Thread count: 32 physical cores, 32 logical processors, using up to 1 threads

Non-default parameters:
TimeLimit  2.1182640199423768e+03
Method  1
BarHomogeneous  1
Threads  1

Optimize a model with 785 rows, 284373 columns and 8049658 nonzeros
Coefficient statistics:
  Matrix range     [1e+00, 1e+00]
  Objective range  [1e+05, 5e+05]
  Bounds range     [0e+00, 0e+00]
  RHS range        [1e+00, 1e+00]
LP warm-start: use basis

Iteration    Objective       Primal Inf.    Dual Inf.      Time
       0   -1.6409666e+31   3.616821e+34   1.640966e+01      1s
     327   -2.8159575e+29   4.015082e+33   2.815957e-01      5s
     690    3.3013503e+06   4.574998e+03   0.000000e+00     11s
     927    3.3013507e+06   3.197998e+03   0.000000e+00     15s
    1282    3.3013508e+06   3.474127e+02   0.000000e+00     21s
    1519    3.3013509e+06   1.509709e+02   0.000000e+00     26s
    1872    3.3013509e+06   7.283992e+02   0.000000e+00     32s
    2108    3.3013509e+06   2.151721e+01   0.000000e+00     36s
    2347    3.3013509e+06   1.867456e+01   0.000000e+00     40s
    2703    3.3013509e+06   2.986731e+01   0.000000e+00     46s
    2943    3.3013509e+06   6.975272e+00   0.000000e+00     51s
    3280    3.3013509e+06   0.000000e+00   0.000000e+00     57s

Solved in 3280 iterations and 56.70 seconds (82.88 work units)
Optimal objective  3.301350893e+06
Set parameter TimeLimit to value 2.0352474510543980e+03
Set parameter Method to value 1
Gurobi Optimizer version 12.0.3 build v12.0.3rc0 (linux64 - "Ubuntu 24.04.4 LTS")

CPU model: Intel(R) Xeon(R) Gold 5218 CPU @ 2.30GHz, instruction set [SSE2|AVX|AVX2|AVX512]
Thread count: 32 physical cores, 32 logical processors, using up to 1 threads

Non-default parameters:
TimeLimit  2.0352474510543980e+03
Method  1
BarHomogeneous  1
Threads  1

Optimize a model with 785 rows, 284403 columns and 8050614 nonzeros
Coefficient statistics:
  Matrix range     [1e+00, 1e+00]
  Objective range  [1e+05, 5e+05]
  Bounds range     [0e+00, 0e+00]
  RHS range        [1e+00, 1e+00]
LP warm-start: use basis

Iteration    Objective       Primal Inf.    Dual Inf.      Time
       0   -1.6959391e+31   1.315769e+35   1.695938e+01      1s
      45    3.3013509e+06   0.000000e+00   0.000000e+00      1s

Solved in 45 iterations and 1.33 seconds (1.45 work units)
Optimal objective  3.301350893e+06
Set parameter TimeLimit to value 2.0092108280002140e+03
Set parameter Method to value 1
Gurobi Optimizer version 12.0.3 build v12.0.3rc0 (linux64 - "Ubuntu 24.04.4 LTS")

CPU model: Intel(R) Xeon(R) Gold 5218 CPU @ 2.30GHz, instruction set [SSE2|AVX|AVX2|AVX512]
Thread count: 32 physical cores, 32 logical processors, using up to 1 threads

Non-default parameters:
TimeLimit  2.0092108280002140e+03
Method  1
BarHomogeneous  1
Threads  1

Optimize a model with 785 rows, 284433 columns and 8051407 nonzeros
Coefficient statistics:
  Matrix range     [1e+00, 1e+00]
  Objective range  [1e+05, 5e+05]
  Bounds range     [0e+00, 0e+00]
  RHS range        [1e+00, 1e+00]
LP warm-start: use basis

Iteration    Objective       Primal Inf.    Dual Inf.      Time
       0   -1.5452074e+31   3.327162e+34   1.545207e+01      1s
      40    3.3013509e+06   0.000000e+00   0.000000e+00      1s

Solved in 40 iterations and 1.07 seconds (1.19 work units)
Optimal objective  3.301350893e+06
Set parameter TimeLimit to value 1.9847922942196019e+03
Set parameter Method to value 1
Gurobi Optimizer version 12.0.3 build v12.0.3rc0 (linux64 - "Ubuntu 24.04.4 LTS")

CPU model: Intel(R) Xeon(R) Gold 5218 CPU @ 2.30GHz, instruction set [SSE2|AVX|AVX2|AVX512]
Thread count: 32 physical cores, 32 logical processors, using up to 1 threads

Non-default parameters:
TimeLimit  1.9847922942196019e+03
Method  1
BarHomogeneous  1
Threads  1

Optimize a model with 785 rows, 284463 columns and 8052267 nonzeros
Coefficient statistics:
  Matrix range     [1e+00, 1e+00]
  Objective range  [1e+05, 5e+05]
  Bounds range     [0e+00, 0e+00]
  RHS range        [1e+00, 1e+00]
LP warm-start: use basis

Iteration    Objective       Primal Inf.    Dual Inf.      Time
       0   -1.3619614e+31   2.087946e+34   1.361961e+01      1s
     344   -4.4392429e+29   6.304483e+32   4.439243e-01      5s
     627    3.3013505e+06   8.153161e+03   0.000000e+00     10s
     983    3.3013508e+06   6.760410e+02   0.000000e+00     16s
    1223    3.3013508e+06   1.025716e+02   0.000000e+00     20s
    1576    3.3013508e+06   7.687220e+01   0.000000e+00     27s
    1815    3.3013508e+06   3.825685e+01   0.000000e+00     31s
    2053    3.3013508e+06   1.180369e+01   0.000000e+00     35s
    2413    3.3013508e+06   1.105386e+01   0.000000e+00     41s
    2620    3.3013508e+06   0.000000e+00   0.000000e+00     45s

Solved in 2620 iterations and 45.20 seconds (65.88 work units)
Optimal objective  3.301350839e+06
Set parameter TimeLimit to value 1.9132201564754359e+03
Set parameter Method to value 1
Gurobi Optimizer version 12.0.3 build v12.0.3rc0 (linux64 - "Ubuntu 24.04.4 LTS")

CPU model: Intel(R) Xeon(R) Gold 5218 CPU @ 2.30GHz, instruction set [SSE2|AVX|AVX2|AVX512]
Thread count: 32 physical cores, 32 logical processors, using up to 1 threads

Non-default parameters:
TimeLimit  1.9132201564754359e+03
Method  1
BarHomogeneous  1
Threads  1

Optimize a model with 785 rows, 284493 columns and 8052881 nonzeros
Coefficient statistics:
  Matrix range     [1e+00, 1e+00]
  Objective range  [1e+05, 5e+05]
  Bounds range     [0e+00, 0e+00]
  RHS range        [1e+00, 1e+00]
LP warm-start: use basis

Iteration    Objective       Primal Inf.    Dual Inf.      Time
       0   -1.7010758e+31   1.038197e+34   1.701076e+01      1s
     338   -1.3489986e+29   2.799864e+33   1.349000e-01      5s
     627   -6.4183675e+27   3.736759e+32   6.418384e-03     10s
     947    3.3013508e+06   2.998282e+03   0.000000e+00     16s
    1304    3.3013508e+06   2.120450e+02   0.000000e+00     22s
    1539    3.3013508e+06   4.181326e+02   0.000000e+00     26s
    1778    3.3013508e+06   2.222619e+01   0.000000e+00     31s
    2015    3.3013508e+06   5.668334e+01   0.000000e+00     35s
    2372    3.3013508e+06   1.808231e+01   0.000000e+00     42s
    2609    3.3013508e+06   2.934913e+00   0.000000e+00     46s
    2847    3.3013508e+06   1.103455e+01   0.000000e+00     50s
    2961    3.3013508e+06   0.000000e+00   0.000000e+00     52s

Solved in 2961 iterations and 52.37 seconds (74.98 work units)
Optimal objective  3.301350808e+06
Set parameter TimeLimit to value 1.8343767960346304e+03
Set parameter Method to value 1
Gurobi Optimizer version 12.0.3 build v12.0.3rc0 (linux64 - "Ubuntu 24.04.4 LTS")

CPU model: Intel(R) Xeon(R) Gold 5218 CPU @ 2.30GHz, instruction set [SSE2|AVX|AVX2|AVX512]
Thread count: 32 physical cores, 32 logical processors, using up to 1 threads

Non-default parameters:
TimeLimit  1.8343767960346304e+03
Method  1
BarHomogeneous  1
Threads  1

Optimize a model with 785 rows, 284523 columns and 8053776 nonzeros
Coefficient statistics:
  Matrix range     [1e+00, 1e+00]
  Objective range  [1e+05, 5e+05]
  Bounds range     [0e+00, 0e+00]
  RHS range        [1e+00, 1e+00]
LP warm-start: use basis

Iteration    Objective       Primal Inf.    Dual Inf.      Time
       0   -1.4168832e+31   6.557443e+34   1.416883e+01      1s
      53    3.3013508e+06   0.000000e+00   0.000000e+00      1s

Solved in 53 iterations and 1.39 seconds (1.50 work units)
Optimal objective  3.301350808e+06
Set parameter TimeLimit to value 1.8082659238236956e+03
Set parameter Method to value 1
Gurobi Optimizer version 12.0.3 build v12.0.3rc0 (linux64 - "Ubuntu 24.04.4 LTS")

CPU model: Intel(R) Xeon(R) Gold 5218 CPU @ 2.30GHz, instruction set [SSE2|AVX|AVX2|AVX512]
Thread count: 32 physical cores, 32 logical processors, using up to 1 threads

Non-default parameters:
TimeLimit  1.8082659238236956e+03
Method  1
BarHomogeneous  1
Threads  1

Optimize a model with 785 rows, 284553 columns and 8054871 nonzeros
Coefficient statistics:
  Matrix range     [1e+00, 1e+00]
  Objective range  [1e+05, 5e+05]
  Bounds range     [0e+00, 0e+00]
  RHS range        [1e+00, 1e+00]
LP warm-start: use basis

Iteration    Objective       Primal Inf.    Dual Inf.      Time
       0   -1.3461990e+31   1.190127e+35   1.346199e+01      1s
     340   -5.8208054e+28   1.046821e+33   5.820806e-02      5s
     695    3.3013508e+06   4.748076e+02   0.000000e+00     11s
     934    3.3013508e+06   4.735819e+02   0.000000e+00     16s
    1291    3.3013508e+06   3.738761e+01   0.000000e+00     22s
    1531    3.3013508e+06   2.959926e+01   0.000000e+00     26s
    1771    3.3013508e+06   2.219018e+02   0.000000e+00     30s
    2130    3.3013508e+06   1.231475e+00   0.000000e+00     37s
    2226    3.3013508e+06   0.000000e+00   0.000000e+00     38s

Solved in 2226 iterations and 38.48 seconds (56.12 work units)
Optimal objective  3.301350805e+06
Set parameter TimeLimit to value 1.7436636669612490e+03
Set parameter Method to value 1
Gurobi Optimizer version 12.0.3 build v12.0.3rc0 (linux64 - "Ubuntu 24.04.4 LTS")

CPU model: Intel(R) Xeon(R) Gold 5218 CPU @ 2.30GHz, instruction set [SSE2|AVX|AVX2|AVX512]
Thread count: 32 physical cores, 32 logical processors, using up to 1 threads

Non-default parameters:
TimeLimit  1.7436636669612490e+03
Method  1
BarHomogeneous  1
Threads  1

Optimize a model with 785 rows, 284583 columns and 8055730 nonzeros
Coefficient statistics:
  Matrix range     [1e+00, 1e+00]
  Objective range  [1e+05, 5e+05]
  Bounds range     [0e+00, 0e+00]
  RHS range        [1e+00, 1e+00]
LP warm-start: use basis

Iteration    Objective       Primal Inf.    Dual Inf.      Time
       0   -1.5069085e+31   1.311366e+34   1.506909e+01      1s
     101    3.3013508e+06   0.000000e+00   0.000000e+00      2s

Solved in 101 iterations and 2.34 seconds (2.94 work units)
Optimal objective  3.301350805e+06
Set parameter TimeLimit to value 1.7183315954119898e+03
Set parameter Method to value 1
Gurobi Optimizer version 12.0.3 build v12.0.3rc0 (linux64 - "Ubuntu 24.04.4 LTS")

CPU model: Intel(R) Xeon(R) Gold 5218 CPU @ 2.30GHz, instruction set [SSE2|AVX|AVX2|AVX512]
Thread count: 32 physical cores, 32 logical processors, using up to 1 threads

Non-default parameters:
TimeLimit  1.7183315954119898e+03
Method  1
BarHomogeneous  1
Threads  1

Optimize a model with 785 rows, 284613 columns and 8056579 nonzeros
Coefficient statistics:
  Matrix range     [1e+00, 1e+00]
  Objective range  [1e+05, 5e+05]
  Bounds range     [0e+00, 0e+00]
  RHS range        [1e+00, 1e+00]
LP warm-start: use basis

Iteration    Objective       Primal Inf.    Dual Inf.      Time
       0   -1.4286735e+31   6.681747e+33   1.428673e+01      1s
     349   -5.1929948e+28   5.383008e+32   5.192998e-02      6s
     628    3.3013507e+06   4.776708e+02   0.000000e+00     11s
     988    3.3013508e+06   4.858313e+03   0.000000e+00     17s
    1227    3.3013508e+06   3.870977e+02   0.000000e+00     21s
    1464    3.3013508e+06   1.059662e+02   0.000000e+00     26s
    1701    3.3013508e+06   2.952888e+01   0.000000e+00     30s
    2057    3.3013508e+06   5.641629e+00   0.000000e+00     36s
    2295    3.3013508e+06   2.951101e+01   0.000000e+00     41s
    2506    3.3013508e+06   0.000000e+00   0.000000e+00     45s

Solved in 2506 iterations and 44.69 seconds (63.44 work units)
Optimal objective  3.301350790e+06
Set parameter TimeLimit to value 1.6471353366817348e+03
Set parameter Method to value 1
Gurobi Optimizer version 12.0.3 build v12.0.3rc0 (linux64 - "Ubuntu 24.04.4 LTS")

CPU model: Intel(R) Xeon(R) Gold 5218 CPU @ 2.30GHz, instruction set [SSE2|AVX|AVX2|AVX512]
Thread count: 32 physical cores, 32 logical processors, using up to 1 threads

Non-default parameters:
TimeLimit  1.6471353366817348e+03
Method  1
BarHomogeneous  1
Threads  1

Optimize a model with 785 rows, 284643 columns and 8057373 nonzeros
Coefficient statistics:
  Matrix range     [1e+00, 1e+00]
  Objective range  [1e+05, 5e+05]
  Bounds range     [0e+00, 0e+00]
  RHS range        [1e+00, 1e+00]
LP warm-start: use basis

Iteration    Objective       Primal Inf.    Dual Inf.      Time
       0   -1.6126828e+31   2.098830e+34   1.612683e+01      1s
     107    3.3013508e+06   0.000000e+00   0.000000e+00      2s

Solved in 107 iterations and 2.48 seconds (3.15 work units)
Optimal objective  3.301350790e+06
Set parameter TimeLimit to value 1.6201488251001574e+03
Set parameter Method to value 1
Gurobi Optimizer version 12.0.3 build v12.0.3rc0 (linux64 - "Ubuntu 24.04.4 LTS")

CPU model: Intel(R) Xeon(R) Gold 5218 CPU @ 2.30GHz, instruction set [SSE2|AVX|AVX2|AVX512]
Thread count: 32 physical cores, 32 logical processors, using up to 1 threads

Non-default parameters:
TimeLimit  1.6201488251001574e+03
Method  1
BarHomogeneous  1
Threads  1

Optimize a model with 785 rows, 284673 columns and 8058156 nonzeros
Coefficient statistics:
  Matrix range     [1e+00, 1e+00]
  Objective range  [1e+05, 5e+05]
  Bounds range     [0e+00, 0e+00]
  RHS range        [1e+00, 1e+00]
LP warm-start: use basis

Iteration    Objective       Primal Inf.    Dual Inf.      Time
       0   -1.3715214e+31   1.368975e+34   1.371521e+01      1s
     317    3.3013508e+06   1.049463e+01   0.000000e+00      6s
     598    3.3013508e+06   0.000000e+00   0.000000e+00     11s

Solved in 598 iterations and 10.79 seconds (15.39 work units)
Optimal objective  3.301350789e+06
Set parameter TimeLimit to value 1.5836570149776526e+03
Set parameter Method to value 1
Gurobi Optimizer version 12.0.3 build v12.0.3rc0 (linux64 - "Ubuntu 24.04.4 LTS")

CPU model: Intel(R) Xeon(R) Gold 5218 CPU @ 2.30GHz, instruction set [SSE2|AVX|AVX2|AVX512]
Thread count: 32 physical cores, 32 logical processors, using up to 1 threads

Non-default parameters:
TimeLimit  1.5836570149776526e+03
Method  1
BarHomogeneous  1
Threads  1

Optimize a model with 785 rows, 284703 columns and 8058953 nonzeros
Coefficient statistics:
  Matrix range     [1e+00, 1e+00]
  Objective range  [1e+05, 5e+05]
  Bounds range     [0e+00, 0e+00]
  RHS range        [1e+00, 1e+00]
LP warm-start: use basis

Iteration    Objective       Primal Inf.    Dual Inf.      Time
       0   -1.3116608e+31   5.753621e+33   1.311661e+01      1s
     312   -6.5179151e+29   1.298720e+33   6.517915e-01      5s
     592   -2.5411679e+29   6.476579e+32   2.541168e-01     10s
     908   -1.3222305e+29   5.402988e+32   1.322232e-01     16s
    1147   -2.6788570e+26   1.327299e+32   2.680893e-04     20s
    1504    3.3013507e+06   5.770193e+02   0.000000e+00     27s
    1743    3.3013507e+06   4.239335e+02   0.000000e+00     31s
    1983    3.3013507e+06   6.078617e+03   0.000000e+00     35s
    2342    3.3013507e+06   2.172472e+02   0.000000e+00     42s
    2582    3.3013508e+06   1.638782e+02   0.000000e+00     46s
    2821    3.3013508e+06   1.079787e+02   0.000000e+00     50s
    3179    3.3013508e+06   5.848657e+01   0.000000e+00     57s
    3418    3.3013508e+06   2.442168e+01   0.000000e+00     61s
    3656    3.3013508e+06   3.038497e+01   0.000000e+00     65s
    4012    3.3013508e+06   8.221226e+00   0.000000e+00     72s
    4250    3.3013508e+06   3.219100e+01   0.000000e+00     76s
    4489    3.3013508e+06   2.927790e-01   0.000000e+00     81s
    4516    3.3013508e+06   0.000000e+00   0.000000e+00     81s

Solved in 4516 iterations and 81.11 seconds (115.58 work units)
Optimal objective  3.301350775e+06
Set parameter TimeLimit to value 1.4761952106156386e+03
Set parameter Method to value 1
Gurobi Optimizer version 12.0.3 build v12.0.3rc0 (linux64 - "Ubuntu 24.04.4 LTS")

CPU model: Intel(R) Xeon(R) Gold 5218 CPU @ 2.30GHz, instruction set [SSE2|AVX|AVX2|AVX512]
Thread count: 32 physical cores, 32 logical processors, using up to 1 threads

Non-default parameters:
TimeLimit  1.4761952106156386e+03
Method  1
BarHomogeneous  1
Threads  1

Optimize a model with 785 rows, 284733 columns and 8059331 nonzeros
Coefficient statistics:
  Matrix range     [1e+00, 1e+00]
  Objective range  [1e+05, 5e+05]
  Bounds range     [0e+00, 0e+00]
  RHS range        [1e+00, 1e+00]
LP warm-start: use basis

Iteration    Objective       Primal Inf.    Dual Inf.      Time
       0   -1.5910769e+31   1.355136e+34   1.591077e+01      1s
     350   -2.2347968e+28   2.859445e+33   2.234789e-02      6s
     667    3.3013507e+06   3.015087e+02   0.000000e+00     11s
     907    3.3013507e+06   3.003770e+02   0.000000e+00     16s
    1265    3.3013507e+06   3.297607e+01   0.000000e+00     22s
    1505    3.3013507e+06   2.882828e+01   0.000000e+00     26s
    1744    3.3013508e+06   8.466873e+01   0.000000e+00     30s
    2104    3.3013508e+06   3.488771e+01   0.000000e+00     37s
    2344    3.3013508e+06   2.712942e+01   0.000000e+00     41s
    2561    3.3013508e+06   0.000000e+00   0.000000e+00     45s

Solved in 2561 iterations and 44.78 seconds (64.75 work units)
Optimal objective  3.301350755e+06
Set parameter TimeLimit to value 1.4051311404113658e+03
Set parameter Method to value 1
Gurobi Optimizer version 12.0.3 build v12.0.3rc0 (linux64 - "Ubuntu 24.04.4 LTS")

CPU model: Intel(R) Xeon(R) Gold 5218 CPU @ 2.30GHz, instruction set [SSE2|AVX|AVX2|AVX512]
Thread count: 32 physical cores, 32 logical processors, using up to 1 threads

Non-default parameters:
TimeLimit  1.4051311404113658e+03
Method  1
BarHomogeneous  1
Threads  1

Optimize a model with 785 rows, 284763 columns and 8060283 nonzeros
Coefficient statistics:
  Matrix range     [1e+00, 1e+00]
  Objective range  [1e+05, 5e+05]
  Bounds range     [0e+00, 0e+00]
  RHS range        [1e+00, 1e+00]
LP warm-start: use basis

Iteration    Objective       Primal Inf.    Dual Inf.      Time
       0   -1.7492990e+31   3.358867e+34   1.749299e+01      1s
     353    3.3013508e+06   1.295258e+02   0.000000e+00      7s
     590    3.3013508e+06   9.294995e+01   0.000000e+00     11s
     829    3.3013508e+06   4.728769e+00   0.000000e+00     15s
     994    3.3013508e+06   0.000000e+00   0.000000e+00     18s

Solved in 994 iterations and 18.07 seconds (25.84 work units)
Optimal objective  3.301350754e+06
Set parameter TimeLimit to value 1.3609341331287287e+03
Set parameter Method to value 1
Gurobi Optimizer version 12.0.3 build v12.0.3rc0 (linux64 - "Ubuntu 24.04.4 LTS")

CPU model: Intel(R) Xeon(R) Gold 5218 CPU @ 2.30GHz, instruction set [SSE2|AVX|AVX2|AVX512]
Thread count: 32 physical cores, 32 logical processors, using up to 1 threads

Non-default parameters:
TimeLimit  1.3609341331287287e+03
Method  1
BarHomogeneous  1
Threads  1

Optimize a model with 785 rows, 284793 columns and 8061091 nonzeros
Coefficient statistics:
  Matrix range     [1e+00, 1e+00]
  Objective range  [1e+05, 5e+05]
  Bounds range     [0e+00, 0e+00]
  RHS range        [1e+00, 1e+00]
LP warm-start: use basis

Iteration    Objective       Primal Inf.    Dual Inf.      Time
       0   -1.1298164e+31   7.352669e+34   1.129817e+01      1s
     356    3.3013507e+06   9.732829e+01   0.000000e+00      7s
     595    3.3013507e+06   2.703499e+01   0.000000e+00     11s
     833    3.3013507e+06   6.861148e+01   0.000000e+00     15s
    1191    3.3013507e+06   4.733087e+00   0.000000e+00     22s
    1430    3.3013507e+06   3.481869e+00   0.000000e+00     26s
    1561    3.3013507e+06   0.000000e+00   0.000000e+00     29s

Solved in 1561 iterations and 28.87 seconds (40.51 work units)
Optimal objective  3.301350736e+06
Set parameter TimeLimit to value 1.3057138217049651e+03
Set parameter Method to value 1
Gurobi Optimizer version 12.0.3 build v12.0.3rc0 (linux64 - "Ubuntu 24.04.4 LTS")

CPU model: Intel(R) Xeon(R) Gold 5218 CPU @ 2.30GHz, instruction set [SSE2|AVX|AVX2|AVX512]
Thread count: 32 physical cores, 32 logical processors, using up to 1 threads

Non-default parameters:
TimeLimit  1.3057138217049651e+03
Method  1
BarHomogeneous  1
Threads  1

Optimize a model with 785 rows, 284823 columns and 8061884 nonzeros
Coefficient statistics:
  Matrix range     [1e+00, 1e+00]
  Objective range  [1e+05, 5e+05]
  Bounds range     [0e+00, 0e+00]
  RHS range        [1e+00, 1e+00]
LP warm-start: use basis

Iteration    Objective       Primal Inf.    Dual Inf.      Time
       0   -9.9028955e+30   1.107413e+34   9.902896e+00      1s
     309    3.3013507e+06   5.557557e+00   0.000000e+00      6s
     369    3.3013507e+06   0.000000e+00   0.000000e+00      7s

Solved in 369 iterations and 7.21 seconds (9.85 work units)
Optimal objective  3.301350736e+06
Set parameter TimeLimit to value 1.2765308841518126e+03
Set parameter Method to value 1
Gurobi Optimizer version 12.0.3 build v12.0.3rc0 (linux64 - "Ubuntu 24.04.4 LTS")

CPU model: Intel(R) Xeon(R) Gold 5218 CPU @ 2.30GHz, instruction set [SSE2|AVX|AVX2|AVX512]
Thread count: 32 physical cores, 32 logical processors, using up to 1 threads

Non-default parameters:
TimeLimit  1.2765308841518126e+03
Method  1
BarHomogeneous  1
Threads  1

Optimize a model with 785 rows, 284853 columns and 8062703 nonzeros
Coefficient statistics:
  Matrix range     [1e+00, 1e+00]
  Objective range  [1e+05, 5e+05]
  Bounds range     [0e+00, 0e+00]
  RHS range        [1e+00, 1e+00]
LP warm-start: use basis

Iteration    Objective       Primal Inf.    Dual Inf.      Time
       0   -9.5394001e+30   1.115741e+34   9.539400e+00      1s
     331   -1.3186981e+29   5.892656e+33   1.318698e-01      5s
     616   -1.0989432e+28   4.771491e+32   1.098948e-02     10s
     935    3.3013507e+06   2.283998e+02   0.000000e+00     16s
    1293    3.3013507e+06   4.469994e+02   0.000000e+00     22s
    1530    3.3013507e+06   7.151187e+02   0.000000e+00     26s
    1769    3.3013507e+06   6.001565e+01   0.000000e+00     30s
    2129    3.3013507e+06   8.595613e+01   0.000000e+00     37s
    2368    3.3013507e+06   3.199951e+01   0.000000e+00     41s
    2725    3.3013507e+06   8.635272e+00   0.000000e+00     47s
    2964    3.3013507e+06   1.841329e-01   0.000000e+00     51s
    3116    3.3013507e+06   0.000000e+00   0.000000e+00     54s

Solved in 3116 iterations and 54.06 seconds (79.11 work units)
Optimal objective  3.301350724e+06
Set parameter TimeLimit to value 1.1959268604903482e+03
Set parameter Method to value 1
Gurobi Optimizer version 12.0.3 build v12.0.3rc0 (linux64 - "Ubuntu 24.04.4 LTS")

CPU model: Intel(R) Xeon(R) Gold 5218 CPU @ 2.30GHz, instruction set [SSE2|AVX|AVX2|AVX512]
Thread count: 32 physical cores, 32 logical processors, using up to 1 threads

Non-default parameters:
TimeLimit  1.1959268604903482e+03
Method  1
BarHomogeneous  1
Threads  1

Optimize a model with 785 rows, 284883 columns and 8063817 nonzeros
Coefficient statistics:
  Matrix range     [1e+00, 1e+00]
  Objective range  [1e+05, 5e+05]
  Bounds range     [0e+00, 0e+00]
  RHS range        [1e+00, 1e+00]
LP warm-start: use basis

Iteration    Objective       Primal Inf.    Dual Inf.      Time
       0   -2.7285957e+31   4.960198e+34   2.728596e+01      1s
      70    3.3013507e+06   0.000000e+00   0.000000e+00      2s

Solved in 70 iterations and 1.81 seconds (2.13 work units)
Optimal objective  3.301350724e+06
Set parameter TimeLimit to value 1.1695754933361895e+03
Set parameter Method to value 1
Gurobi Optimizer version 12.0.3 build v12.0.3rc0 (linux64 - "Ubuntu 24.04.4 LTS")

CPU model: Intel(R) Xeon(R) Gold 5218 CPU @ 2.30GHz, instruction set [SSE2|AVX|AVX2|AVX512]
Thread count: 32 physical cores, 32 logical processors, using up to 1 threads

Non-default parameters:
TimeLimit  1.1695754933361895e+03
Method  1
BarHomogeneous  1
Threads  1

Optimize a model with 785 rows, 284913 columns and 8064834 nonzeros
Coefficient statistics:
  Matrix range     [1e+00, 1e+00]
  Objective range  [1e+05, 5e+05]
  Bounds range     [0e+00, 0e+00]
  RHS range        [1e+00, 1e+00]
LP warm-start: use basis

Iteration    Objective       Primal Inf.    Dual Inf.      Time
       0   -1.1305773e+31   2.057479e+34   1.130577e+01      1s
     349   -9.2813011e+29   2.406386e+33   9.281302e-01      5s
     677   -1.8509158e+29   1.332335e+33   1.850916e-01     11s
    1036   -3.9846440e+28   2.427490e+33   3.984647e-02     17s
    1276   -9.2939244e+26   1.149639e+33   9.294294e-04     21s
    1516    3.3013506e+06   1.544307e+03   0.000000e+00     25s
    1871    3.3013507e+06   4.456103e+02   0.000000e+00     32s
    2108    3.3013507e+06   4.223361e+02   0.000000e+00     36s
    2346    3.3013507e+06   3.220779e+02   0.000000e+00     40s
    2700    3.3013507e+06   2.794795e+02   0.000000e+00     47s
    2939    3.3013507e+06   4.898901e+01   0.000000e+00     51s
    3176    3.3013507e+06   2.308146e+01   0.000000e+00     55s
    3534    3.3013507e+06   2.381682e+01   0.000000e+00     62s
    3770    3.3013507e+06   2.718252e+02   0.000000e+00     66s
    4124    3.3013507e+06   8.275326e+00   0.000000e+00     72s
    4260    3.3013507e+06   0.000000e+00   0.000000e+00     74s

Solved in 4260 iterations and 74.43 seconds (107.58 work units)
Optimal objective  3.301350707e+06
Set parameter TimeLimit to value 1.0687137108449824e+03
Set parameter Method to value 1
Gurobi Optimizer version 12.0.3 build v12.0.3rc0 (linux64 - "Ubuntu 24.04.4 LTS")

CPU model: Intel(R) Xeon(R) Gold 5218 CPU @ 2.30GHz, instruction set [SSE2|AVX|AVX2|AVX512]
Thread count: 32 physical cores, 32 logical processors, using up to 1 threads

Non-default parameters:
TimeLimit  1.0687137108449824e+03
Method  1
BarHomogeneous  1
Threads  1

Optimize a model with 785 rows, 284943 columns and 8065863 nonzeros
Coefficient statistics:
  Matrix range     [1e+00, 1e+00]
  Objective range  [1e+05, 5e+05]
  Bounds range     [0e+00, 0e+00]
  RHS range        [1e+00, 1e+00]
LP warm-start: use basis

Iteration    Objective       Primal Inf.    Dual Inf.      Time
       0   -1.4612198e+31   1.521160e+34   1.461220e+01      1s
     132    3.3013507e+06   0.000000e+00   0.000000e+00      3s

Solved in 132 iterations and 2.95 seconds (3.52 work units)
Optimal objective  3.301350707e+06
Set parameter TimeLimit to value 1.0410040035876445e+03
Set parameter Method to value 1
Gurobi Optimizer version 12.0.3 build v12.0.3rc0 (linux64 - "Ubuntu 24.04.4 LTS")

CPU model: Intel(R) Xeon(R) Gold 5218 CPU @ 2.30GHz, instruction set [SSE2|AVX|AVX2|AVX512]
Thread count: 32 physical cores, 32 logical processors, using up to 1 threads

Non-default parameters:
TimeLimit  1.0410040035876445e+03
Method  1
BarHomogeneous  1
Threads  1

Optimize a model with 785 rows, 284973 columns and 8066938 nonzeros
Coefficient statistics:
  Matrix range     [1e+00, 1e+00]
  Objective range  [1e+05, 5e+05]
  Bounds range     [0e+00, 0e+00]
  RHS range        [1e+00, 1e+00]
LP warm-start: use basis

Iteration    Objective       Primal Inf.    Dual Inf.      Time
       0   -1.6645085e+31   2.530045e+34   1.664509e+01      1s
      90    3.3013507e+06   0.000000e+00   0.000000e+00      2s

Solved in 90 iterations and 2.23 seconds (2.69 work units)
Optimal objective  3.301350707e+06
Set parameter TimeLimit to value 1.0157773928330280e+03
Set parameter Method to value 1
Gurobi Optimizer version 12.0.3 build v12.0.3rc0 (linux64 - "Ubuntu 24.04.4 LTS")

CPU model: Intel(R) Xeon(R) Gold 5218 CPU @ 2.30GHz, instruction set [SSE2|AVX|AVX2|AVX512]
Thread count: 32 physical cores, 32 logical processors, using up to 1 threads

Non-default parameters:
TimeLimit  1.0157773928330280e+03
Method  1
BarHomogeneous  1
Threads  1

Optimize a model with 785 rows, 285003 columns and 8067826 nonzeros
Coefficient statistics:
  Matrix range     [1e+00, 1e+00]
  Objective range  [1e+05, 5e+05]
  Bounds range     [0e+00, 0e+00]
  RHS range        [1e+00, 1e+00]
LP warm-start: use basis

Iteration    Objective       Primal Inf.    Dual Inf.      Time
       0   -1.3932471e+31   1.148364e+34   1.393247e+01      1s
     316   -1.1603123e+29   2.005234e+33   1.160312e-01      5s
     599   -1.3179770e+28   4.246708e+32   1.317980e-02     10s
     918    3.3013506e+06   5.416539e+02   0.000000e+00     16s
    1276    3.3013507e+06   9.848596e+02   0.000000e+00     22s
    1515    3.3013507e+06   4.126063e+02   0.000000e+00     26s
    1751    3.3013507e+06   3.751294e+02   0.000000e+00     30s
    2108    3.3013507e+06   6.945466e+01   0.000000e+00     36s
    2347    3.3013507e+06   1.055969e+02   0.000000e+00     41s
    2704    3.3013507e+06   2.543764e+01   0.000000e+00     47s
    2940    3.3013507e+06   3.656300e+01   0.000000e+00     51s
    3179    3.3013507e+06   1.295404e+01   0.000000e+00     55s
    3539    3.3013507e+06   2.992344e-02   0.000000e+00     62s
    3554    3.3013507e+06   0.000000e+00   0.000000e+00     62s

Solved in 3554 iterations and 62.00 seconds (90.93 work units)
Optimal objective  3.301350699e+06
Set parameter TimeLimit to value 9.2761985575547442e+02
Set parameter Method to value 1
Gurobi Optimizer version 12.0.3 build v12.0.3rc0 (linux64 - "Ubuntu 24.04.4 LTS")

CPU model: Intel(R) Xeon(R) Gold 5218 CPU @ 2.30GHz, instruction set [SSE2|AVX|AVX2|AVX512]
Thread count: 32 physical cores, 32 logical processors, using up to 1 threads

Non-default parameters:
TimeLimit  9.2761985575547442e+02
Method  1
BarHomogeneous  1
Threads  1

Optimize a model with 785 rows, 285033 columns and 8068794 nonzeros
Coefficient statistics:
  Matrix range     [1e+00, 1e+00]
  Objective range  [1e+05, 5e+05]
  Bounds range     [0e+00, 0e+00]
  RHS range        [1e+00, 1e+00]
LP warm-start: use basis

Iteration    Objective       Primal Inf.    Dual Inf.      Time
       0   -1.0310286e+31   2.691458e+34   1.031029e+01      1s
      31    3.3013507e+06   0.000000e+00   0.000000e+00      1s

Solved in 31 iterations and 1.13 seconds (1.13 work units)
Optimal objective  3.301350699e+06
Set parameter TimeLimit to value 9.0183340009907261e+02
Set parameter Method to value 1
Gurobi Optimizer version 12.0.3 build v12.0.3rc0 (linux64 - "Ubuntu 24.04.4 LTS")

CPU model: Intel(R) Xeon(R) Gold 5218 CPU @ 2.30GHz, instruction set [SSE2|AVX|AVX2|AVX512]
Thread count: 32 physical cores, 32 logical processors, using up to 1 threads

Non-default parameters:
TimeLimit  9.0183340009907261e+02
Method  1
BarHomogeneous  1
Threads  1

Optimize a model with 785 rows, 285063 columns and 8069651 nonzeros
Coefficient statistics:
  Matrix range     [1e+00, 1e+00]
  Objective range  [1e+05, 5e+05]
  Bounds range     [0e+00, 0e+00]
  RHS range        [1e+00, 1e+00]
LP warm-start: use basis

Iteration    Objective       Primal Inf.    Dual Inf.      Time
       0   -9.0949174e+30   3.262374e+34   9.094916e+00      1s
     338   -6.0798133e+27   6.102105e+32   6.079798e-03      5s
     615    3.3013507e+06   3.510624e+02   0.000000e+00     10s
     969    3.3013507e+06   1.354286e+02   0.000000e+00     16s
    1203    3.3013507e+06   1.784939e+02   0.000000e+00     21s
    1562    3.3013507e+06   4.777147e+01   0.000000e+00     27s
    1802    3.3013507e+06   7.286919e+00   0.000000e+00     31s
    2042    3.3013507e+06   1.644458e+00   0.000000e+00     35s
    2183    3.3013507e+06   0.000000e+00   0.000000e+00     38s

Solved in 2183 iterations and 37.97 seconds (55.36 work units)
Optimal objective  3.301350690e+06
Set parameter TimeLimit to value 8.3762145249499008e+02
Set parameter Method to value 1
Gurobi Optimizer version 12.0.3 build v12.0.3rc0 (linux64 - "Ubuntu 24.04.4 LTS")

CPU model: Intel(R) Xeon(R) Gold 5218 CPU @ 2.30GHz, instruction set [SSE2|AVX|AVX2|AVX512]
Thread count: 32 physical cores, 32 logical processors, using up to 1 threads

Non-default parameters:
TimeLimit  8.3762145249499008e+02
Method  1
BarHomogeneous  1
Threads  1

Optimize a model with 785 rows, 285093 columns and 8070560 nonzeros
Coefficient statistics:
  Matrix range     [1e+00, 1e+00]
  Objective range  [1e+05, 5e+05]
  Bounds range     [0e+00, 0e+00]
  RHS range        [1e+00, 1e+00]
LP warm-start: use basis

Iteration    Objective       Primal Inf.    Dual Inf.      Time
       0   -1.4771894e+31   7.537652e+34   1.477189e+01      1s
     246    3.3013507e+06   0.000000e+00   0.000000e+00      5s

Solved in 246 iterations and 4.95 seconds (6.78 work units)
Optimal objective  3.301350690e+06
Set parameter TimeLimit to value 8.0937317564850673e+02
Set parameter Method to value 1
Gurobi Optimizer version 12.0.3 build v12.0.3rc0 (linux64 - "Ubuntu 24.04.4 LTS")

CPU model: Intel(R) Xeon(R) Gold 5218 CPU @ 2.30GHz, instruction set [SSE2|AVX|AVX2|AVX512]
Thread count: 32 physical cores, 32 logical processors, using up to 1 threads

Non-default parameters:
TimeLimit  8.0937317564850673e+02
Method  1
BarHomogeneous  1
Threads  1

Optimize a model with 785 rows, 285123 columns and 8071234 nonzeros
Coefficient statistics:
  Matrix range     [1e+00, 1e+00]
  Objective range  [1e+05, 5e+05]
  Bounds range     [0e+00, 0e+00]
  RHS range        [1e+00, 1e+00]
LP warm-start: use basis

Iteration    Objective       Primal Inf.    Dual Inf.      Time
       0   -1.0111843e+31   3.942851e+34   1.011185e+01      1s
     356    3.3013506e+06   5.471854e+02   0.000000e+00      7s
     595    3.3013507e+06   3.532747e+02   0.000000e+00     11s
     835    3.3013507e+06   9.372536e+01   0.000000e+00     15s
    1193    3.3013507e+06   4.224283e+01   0.000000e+00     22s
    1433    3.3013507e+06   8.406523e+00   0.000000e+00     26s
    1673    3.3013507e+06   1.230783e+01   0.000000e+00     30s
    2033    3.3013507e+06   1.004036e-01   0.000000e+00     36s
    2059    3.3013507e+06   0.000000e+00   0.000000e+00     37s

Solved in 2059 iterations and 37.06 seconds (53.16 work units)
Optimal objective  3.301350671e+06
Set parameter TimeLimit to value 7.4588121462287381e+02
Set parameter Method to value 1
Gurobi Optimizer version 12.0.3 build v12.0.3rc0 (linux64 - "Ubuntu 24.04.4 LTS")

CPU model: Intel(R) Xeon(R) Gold 5218 CPU @ 2.30GHz, instruction set [SSE2|AVX|AVX2|AVX512]
Thread count: 32 physical cores, 32 logical processors, using up to 1 threads

Non-default parameters:
TimeLimit  7.4588121462287381e+02
Method  1
BarHomogeneous  1
Threads  1

Optimize a model with 785 rows, 285153 columns and 8072089 nonzeros
Coefficient statistics:
  Matrix range     [1e+00, 1e+00]
  Objective range  [1e+05, 5e+05]
  Bounds range     [0e+00, 0e+00]
  RHS range        [1e+00, 1e+00]
LP warm-start: use basis

Iteration    Objective       Primal Inf.    Dual Inf.      Time
       0   -1.0053586e+31   4.322192e+34   1.005358e+01      1s
     342   -8.7679833e+29   2.380739e+34   8.767986e-01      5s
     640   -3.5210157e+29   1.093949e+34   3.521019e-01     10s
     959   -1.0432411e+29   2.964387e+33   1.043241e-01     16s
    1199   -3.6100994e+28   3.122996e+33   3.610135e-02     20s
    1555   -1.9375090e+27   2.694103e+32   1.937826e-03     26s
    1794    3.3013506e+06   1.258451e+03   0.000000e+00     31s
    2032    3.3013506e+06   2.867341e+02   0.000000e+00     35s
    2390    3.3013506e+06   8.996842e+02   0.000000e+00     42s
    2629    3.3013506e+06   5.991214e+02   0.000000e+00     46s
    2867    3.3013506e+06   2.133506e+02   0.000000e+00     50s
    3224    3.3013506e+06   1.432252e+02   0.000000e+00     57s
    3460    3.3013506e+06   2.352310e+01   0.000000e+00     61s
    3696    3.3013506e+06   1.895511e+02   0.000000e+00     65s
    4050    3.3013507e+06   7.430626e+01   0.000000e+00     72s
    4289    3.3013507e+06   1.056666e+02   0.000000e+00     76s
    4529    3.3013507e+06   3.764192e+01   0.000000e+00     80s
    4888    3.3013507e+06   5.712869e+00   0.000000e+00     87s
    5128    3.3013507e+06   1.613357e-01   0.000000e+00     91s
    5151    3.3013507e+06   0.000000e+00   0.000000e+00     92s

Solved in 5151 iterations and 91.71 seconds (130.42 work units)
Optimal objective  3.301350658e+06
Set parameter TimeLimit to value 6.2779592985799536e+02
Set parameter Method to value 1
Gurobi Optimizer version 12.0.3 build v12.0.3rc0 (linux64 - "Ubuntu 24.04.4 LTS")

CPU model: Intel(R) Xeon(R) Gold 5218 CPU @ 2.30GHz, instruction set [SSE2|AVX|AVX2|AVX512]
Thread count: 32 physical cores, 32 logical processors, using up to 1 threads

Non-default parameters:
TimeLimit  6.2779592985799536e+02
Method  1
BarHomogeneous  1
Threads  1

Optimize a model with 785 rows, 285183 columns and 8073055 nonzeros
Coefficient statistics:
  Matrix range     [1e+00, 1e+00]
  Objective range  [1e+05, 5e+05]
  Bounds range     [0e+00, 0e+00]
  RHS range        [1e+00, 1e+00]
LP warm-start: use basis

Iteration    Objective       Primal Inf.    Dual Inf.      Time
       0   -1.5345234e+31   2.573139e+34   1.534523e+01      1s
      86    3.3013507e+06   0.000000e+00   0.000000e+00      2s

Solved in 86 iterations and 2.11 seconds (2.56 work units)
Optimal objective  3.301350658e+06
Set parameter TimeLimit to value 6.0090797429950908e+02
Set parameter Method to value 1
Gurobi Optimizer version 12.0.3 build v12.0.3rc0 (linux64 - "Ubuntu 24.04.4 LTS")

CPU model: Intel(R) Xeon(R) Gold 5218 CPU @ 2.30GHz, instruction set [SSE2|AVX|AVX2|AVX512]
Thread count: 32 physical cores, 32 logical processors, using up to 1 threads

Non-default parameters:
TimeLimit  6.0090797429950908e+02
Method  1
BarHomogeneous  1
Threads  1

Optimize a model with 785 rows, 285213 columns and 8073959 nonzeros
Coefficient statistics:
  Matrix range     [1e+00, 1e+00]
  Objective range  [1e+05, 5e+05]
  Bounds range     [0e+00, 0e+00]
  RHS range        [1e+00, 1e+00]
LP warm-start: use basis

Iteration    Objective       Primal Inf.    Dual Inf.      Time
       0   -1.0073768e+31   6.137727e+34   1.007376e+01      1s
      61    3.3013507e+06   0.000000e+00   0.000000e+00      2s

Solved in 61 iterations and 1.59 seconds (1.93 work units)
Optimal objective  3.301350658e+06
Set parameter TimeLimit to value 576.261175296735
Set parameter Method to value 1
Gurobi Optimizer version 12.0.3 build v12.0.3rc0 (linux64 - "Ubuntu 24.04.4 LTS")

CPU model: Intel(R) Xeon(R) Gold 5218 CPU @ 2.30GHz, instruction set [SSE2|AVX|AVX2|AVX512]
Thread count: 32 physical cores, 32 logical processors, using up to 1 threads

Non-default parameters:
TimeLimit  576.261175296735
Method  1
BarHomogeneous  1
Threads  1

Optimize a model with 785 rows, 285243 columns and 8074825 nonzeros
Coefficient statistics:
  Matrix range     [1e+00, 1e+00]
  Objective range  [1e+05, 5e+05]
  Bounds range     [0e+00, 0e+00]
  RHS range        [1e+00, 1e+00]
LP warm-start: use basis

Iteration    Objective       Primal Inf.    Dual Inf.      Time
       0   -9.6446045e+30   2.391533e+34   9.644604e+00      1s
      81    3.3013507e+06   0.000000e+00   0.000000e+00      2s

Solved in 81 iterations and 2.06 seconds (2.47 work units)
Optimal objective  3.301350658e+06
Set parameter TimeLimit to value 5.4960460138926283e+02
Set parameter Method to value 1
Gurobi Optimizer version 12.0.3 build v12.0.3rc0 (linux64 - "Ubuntu 24.04.4 LTS")

CPU model: Intel(R) Xeon(R) Gold 5218 CPU @ 2.30GHz, instruction set [SSE2|AVX|AVX2|AVX512]
Thread count: 32 physical cores, 32 logical processors, using up to 1 threads

Non-default parameters:
TimeLimit  5.4960460138926283e+02
Method  1
BarHomogeneous  1
Threads  1

Optimize a model with 785 rows, 285273 columns and 8075785 nonzeros
Coefficient statistics:
  Matrix range     [1e+00, 1e+00]
  Objective range  [1e+05, 5e+05]
  Bounds range     [0e+00, 0e+00]
  RHS range        [1e+00, 1e+00]
LP warm-start: use basis

Iteration    Objective       Primal Inf.    Dual Inf.      Time
       0   -9.7532497e+30   1.726932e+34   9.753252e+00      1s
     359    3.3013507e+06   4.415948e+01   0.000000e+00      7s
     599    3.3013507e+06   1.089495e+02   0.000000e+00     11s
     838    3.3013507e+06   2.658933e-01   0.000000e+00     15s
     859    3.3013507e+06   0.000000e+00   0.000000e+00     16s

Solved in 859 iterations and 15.55 seconds (22.00 work units)
Optimal objective  3.301350658e+06
Set parameter TimeLimit to value 5.1086815345520154e+02
Set parameter Method to value 1
Gurobi Optimizer version 12.0.3 build v12.0.3rc0 (linux64 - "Ubuntu 24.04.4 LTS")

CPU model: Intel(R) Xeon(R) Gold 5218 CPU @ 2.30GHz, instruction set [SSE2|AVX|AVX2|AVX512]
Thread count: 32 physical cores, 32 logical processors, using up to 1 threads

Non-default parameters:
TimeLimit  5.1086815345520154e+02
Method  1
BarHomogeneous  1
Threads  1

Optimize a model with 785 rows, 285303 columns and 8076706 nonzeros
Coefficient statistics:
  Matrix range     [1e+00, 1e+00]
  Objective range  [1e+05, 5e+05]
  Bounds range     [0e+00, 0e+00]
  RHS range        [1e+00, 1e+00]
LP warm-start: use basis

Iteration    Objective       Primal Inf.    Dual Inf.      Time
       0   -8.9093084e+30   3.200587e+34   8.909308e+00      1s
     327   -3.9391358e+29   2.143779e+33   3.939137e-01      5s
     661   -5.2282693e+28   7.047556e+33   5.228239e-02     11s
     981   -4.9326747e+26   6.500002e+31   4.945375e-04     16s
    1221    3.3013506e+06   6.612830e+02   0.000000e+00     21s
    1581    3.3013506e+06   3.145379e+02   0.000000e+00     27s
    1821    3.3013506e+06   2.657309e+02   0.000000e+00     31s
    2060    3.3013506e+06   2.079088e+02   0.000000e+00     35s
    2416    3.3013506e+06   6.522209e+02   0.000000e+00     42s
    2654    3.3013506e+06   5.271261e+01   0.000000e+00     46s
    2894    3.3013506e+06   2.819063e+01   0.000000e+00     50s
    3254    3.3013506e+06   6.229736e+00   0.000000e+00     57s
    3494    3.3013506e+06   7.269219e+00   0.000000e+00     61s
    3673    3.3013506e+06   0.000000e+00   0.000000e+00     64s

Solved in 3673 iterations and 64.31 seconds (93.29 work units)
Optimal objective  3.301350645e+06
Set parameter TimeLimit to value 4.2019256615871564e+02
Set parameter Method to value 1
Gurobi Optimizer version 12.0.3 build v12.0.3rc0 (linux64 - "Ubuntu 24.04.4 LTS")

CPU model: Intel(R) Xeon(R) Gold 5218 CPU @ 2.30GHz, instruction set [SSE2|AVX|AVX2|AVX512]
Thread count: 32 physical cores, 32 logical processors, using up to 1 threads

Non-default parameters:
TimeLimit  4.2019256615871564e+02
Method  1
BarHomogeneous  1
Threads  1

Optimize a model with 785 rows, 285333 columns and 8077351 nonzeros
Coefficient statistics:
  Matrix range     [1e+00, 1e+00]
  Objective range  [1e+05, 5e+05]
  Bounds range     [0e+00, 0e+00]
  RHS range        [1e+00, 1e+00]
LP warm-start: use basis

Iteration    Objective       Primal Inf.    Dual Inf.      Time
       0   -1.2268460e+31   1.792057e+34   1.226846e+01      1s
     169    3.3013506e+06   0.000000e+00   0.000000e+00      4s

Solved in 169 iterations and 3.58 seconds (4.72 work units)
Optimal objective  3.301350645e+06
Set parameter TimeLimit to value 391.797343081329
Set parameter Method to value 1
Gurobi Optimizer version 12.0.3 build v12.0.3rc0 (linux64 - "Ubuntu 24.04.4 LTS")

CPU model: Intel(R) Xeon(R) Gold 5218 CPU @ 2.30GHz, instruction set [SSE2|AVX|AVX2|AVX512]
Thread count: 32 physical cores, 32 logical processors, using up to 1 threads

Non-default parameters:
TimeLimit  391.797343081329
Method  1
BarHomogeneous  1
Threads  1

Optimize a model with 785 rows, 285363 columns and 8078190 nonzeros
Coefficient statistics:
  Matrix range     [1e+00, 1e+00]
  Objective range  [1e+05, 5e+05]
  Bounds range     [0e+00, 0e+00]
  RHS range        [1e+00, 1e+00]
LP warm-start: use basis

Iteration    Objective       Primal Inf.    Dual Inf.      Time
       0   -1.0293836e+31   1.071591e+34   1.029384e+01      1s
     131    3.3013506e+06   0.000000e+00   0.000000e+00      3s

Solved in 131 iterations and 2.91 seconds (3.81 work units)
Optimal objective  3.301350645e+06
Set parameter TimeLimit to value 3.6560334646096453e+02
Set parameter Method to value 1
Gurobi Optimizer version 12.0.3 build v12.0.3rc0 (linux64 - "Ubuntu 24.04.4 LTS")

CPU model: Intel(R) Xeon(R) Gold 5218 CPU @ 2.30GHz, instruction set [SSE2|AVX|AVX2|AVX512]
Thread count: 32 physical cores, 32 logical processors, using up to 1 threads

Non-default parameters:
TimeLimit  3.6560334646096453e+02
Method  1
BarHomogeneous  1
Threads  1

Optimize a model with 785 rows, 285393 columns and 8079052 nonzeros
Coefficient statistics:
  Matrix range     [1e+00, 1e+00]
  Objective range  [1e+05, 5e+05]
  Bounds range     [0e+00, 0e+00]
  RHS range        [1e+00, 1e+00]
LP warm-start: use basis

Iteration    Objective       Primal Inf.    Dual Inf.      Time
       0   -9.3756401e+30   1.511482e+34   9.375640e+00      0s
     340   -4.7651155e+29   6.915927e+33   4.765126e-01      5s
     670   -6.6632091e+28   1.293994e+33   6.663174e-02     11s
    1029   -1.4979657e+27   4.658835e+32   1.498015e-03     17s
    1269    3.3013506e+06   2.597896e+02   0.000000e+00     21s
    1509    3.3013506e+06   3.757258e+02   0.000000e+00     26s
    1748    3.3013506e+06   4.355347e+02   0.000000e+00     30s
    2105    3.3013506e+06   1.690173e+02   0.000000e+00     37s
    2341    3.3013506e+06   2.442700e+01   0.000000e+00     41s
    2576    3.3013506e+06   4.700885e+01   0.000000e+00     45s
    2934    3.3013506e+06   1.995791e+01   0.000000e+00     52s
    3173    3.3013506e+06   7.182147e+01   0.000000e+00     56s
    3412    3.3013506e+06   1.897477e+00   0.000000e+00     60s
    3509    3.3013506e+06   0.000000e+00   0.000000e+00     62s

Solved in 3509 iterations and 62.33 seconds (88.45 work units)
Optimal objective  3.301350640e+06
Set parameter TimeLimit to value 2.7669654465978965e+02
Set parameter Method to value 1
Gurobi Optimizer version 12.0.3 build v12.0.3rc0 (linux64 - "Ubuntu 24.04.4 LTS")

CPU model: Intel(R) Xeon(R) Gold 5218 CPU @ 2.30GHz, instruction set [SSE2|AVX|AVX2|AVX512]
Thread count: 32 physical cores, 32 logical processors, using up to 1 threads

Non-default parameters:
TimeLimit  2.7669654465978965e+02
Method  1
BarHomogeneous  1
Threads  1

Optimize a model with 785 rows, 285423 columns and 8079756 nonzeros
Coefficient statistics:
  Matrix range     [1e+00, 1e+00]
  Objective range  [1e+05, 5e+05]
  Bounds range     [0e+00, 0e+00]
  RHS range        [1e+00, 1e+00]
LP warm-start: use basis

Iteration    Objective       Primal Inf.    Dual Inf.      Time
       0   -7.7719234e+30   9.107658e+33   7.771923e+00      1s
     335   -4.0546528e+26   5.757687e+32   4.054775e-04      6s
     664    3.3013506e+06   3.014875e+02   0.000000e+00     12s
     899    3.3013506e+06   1.138844e+02   0.000000e+00     16s
    1137    3.3013506e+06   5.823811e+02   0.000000e+00     20s
    1492    3.3013506e+06   3.189147e+01   0.000000e+00     27s
    1730    3.3013506e+06   4.791964e+00   0.000000e+00     31s
    1969    3.3013506e+06   3.377101e+00   0.000000e+00     35s
    2037    3.3013506e+06   0.000000e+00   0.000000e+00     37s

Solved in 2037 iterations and 36.71 seconds (51.81 work units)
Optimal objective  3.301350606e+06
Set parameter TimeLimit to value 2.1365172385750338e+02
Set parameter Method to value 1
Gurobi Optimizer version 12.0.3 build v12.0.3rc0 (linux64 - "Ubuntu 24.04.4 LTS")

CPU model: Intel(R) Xeon(R) Gold 5218 CPU @ 2.30GHz, instruction set [SSE2|AVX|AVX2|AVX512]
Thread count: 32 physical cores, 32 logical processors, using up to 1 threads

Non-default parameters:
TimeLimit  2.1365172385750338e+02
Method  1
BarHomogeneous  1
Threads  1

Optimize a model with 785 rows, 285453 columns and 8080416 nonzeros
Coefficient statistics:
  Matrix range     [1e+00, 1e+00]
  Objective range  [1e+05, 5e+05]
  Bounds range     [0e+00, 0e+00]
  RHS range        [1e+00, 1e+00]
LP warm-start: use basis

Iteration    Objective       Primal Inf.    Dual Inf.      Time
       0   -8.4509920e+30   1.428219e+34   8.450992e+00      1s
      87    3.3013506e+06   0.000000e+00   0.000000e+00      2s

Solved in 87 iterations and 2.03 seconds (2.41 work units)
Optimal objective  3.301350606e+06
Set parameter TimeLimit to value 1.8707272396469489e+02
Set parameter Method to value 1
Gurobi Optimizer version 12.0.3 build v12.0.3rc0 (linux64 - "Ubuntu 24.04.4 LTS")

CPU model: Intel(R) Xeon(R) Gold 5218 CPU @ 2.30GHz, instruction set [SSE2|AVX|AVX2|AVX512]
Thread count: 32 physical cores, 32 logical processors, using up to 1 threads

Non-default parameters:
TimeLimit  1.8707272396469489e+02
Method  1
BarHomogeneous  1
Threads  1

Optimize a model with 785 rows, 285483 columns and 8081078 nonzeros
Coefficient statistics:
  Matrix range     [1e+00, 1e+00]
  Objective range  [1e+05, 5e+05]
  Bounds range     [0e+00, 0e+00]
  RHS range        [1e+00, 1e+00]
LP warm-start: use basis

Iteration    Objective       Primal Inf.    Dual Inf.      Time
       0   -7.5522698e+30   6.538378e+33   7.552270e+00      1s
     329   -5.1840375e+29   7.262026e+33   5.184036e-01      5s
     664   -1.3989143e+29   1.156747e+33   1.398915e-01     10s
     945   -5.2032874e+27   3.492392e+32   5.203265e-03     15s
    1305    3.3013503e+06   1.780494e+03   0.000000e+00     21s
    1543    3.3013504e+06   2.610604e+03   0.000000e+00     26s
    1902    3.3013505e+06   6.209323e+03   0.000000e+00     32s
    2142    3.3013505e+06   7.483734e+02   0.000000e+00     36s
    2382    3.3013505e+06   2.153704e+03   0.000000e+00     40s
    2741    3.3013505e+06   1.377947e+03   0.000000e+00     47s
    2981    3.3013505e+06   5.662022e+02   0.000000e+00     51s
    3221    3.3013505e+06   1.712288e+02   0.000000e+00     55s
    3580    3.3013506e+06   2.871676e+02   0.000000e+00     61s
    3820    3.3013506e+06   2.023996e+02   0.000000e+00     66s
    4178    3.3013506e+06   2.434183e+01   0.000000e+00     72s
    4418    3.3013506e+06   1.788011e+01   0.000000e+00     76s
    4656    3.3013506e+06   9.951815e+01   0.000000e+00     80s
    5014    3.3013506e+06   9.365442e+00   0.000000e+00     87s
    5235    3.3013506e+06   0.000000e+00   0.000000e+00     90s

Solved in 5235 iterations and 90.49 seconds (132.91 work units)
Optimal objective  3.301350572e+06
Set parameter TimeLimit to value 7.0284261381719261e+01
Set parameter Method to value 1
Gurobi Optimizer version 12.0.3 build v12.0.3rc0 (linux64 - "Ubuntu 24.04.4 LTS")

CPU model: Intel(R) Xeon(R) Gold 5218 CPU @ 2.30GHz, instruction set [SSE2|AVX|AVX2|AVX512]
Thread count: 32 physical cores, 32 logical processors, using up to 1 threads

Non-default parameters:
TimeLimit  7.0284261381719261e+01
Method  1
BarHomogeneous  1
Threads  1

Optimize a model with 785 rows, 285513 columns and 8081803 nonzeros
Coefficient statistics:
  Matrix range     [1e+00, 1e+00]
  Objective range  [1e+05, 5e+05]
  Bounds range     [0e+00, 0e+00]
  RHS range        [1e+00, 1e+00]
LP warm-start: use basis

Iteration    Objective       Primal Inf.    Dual Inf.      Time
       0   -1.0893505e+31   2.115462e+34   1.089350e+01      1s
     352   -1.4268171e+28   4.696613e+32   1.426847e-02      5s
     727    3.3013506e+06   5.205991e+02   0.000000e+00     12s
     967    3.3013506e+06   1.760401e+02   0.000000e+00     16s
    1205    3.3013506e+06   1.294496e+01   0.000000e+00     20s
    1564    3.3013506e+06   6.180535e-01   0.000000e+00     27s
    1620    3.3013506e+06   0.000000e+00   0.000000e+00     28s

Solved in 1620 iterations and 27.92 seconds (40.63 work units)
Optimal objective  3.301350565e+06
Set parameter TimeLimit to value 3.9950435745995492e+01
Set parameter Method to value 1
Gurobi Optimizer version 12.0.3 build v12.0.3rc0 (linux64 - "Ubuntu 24.04.4 LTS")

CPU model: Intel(R) Xeon(R) Gold 5218 CPU @ 2.30GHz, instruction set [SSE2|AVX|AVX2|AVX512]
Thread count: 32 physical cores, 32 logical processors, using up to 1 threads

Non-default parameters:
TimeLimit  3.9950435745995492e+01
Method  1
BarHomogeneous  1
Threads  1

Optimize a model with 785 rows, 285543 columns and 8082718 nonzeros
Coefficient statistics:
  Matrix range     [1e+00, 1e+00]
  Objective range  [1e+05, 5e+05]
  Bounds range     [0e+00, 0e+00]
  RHS range        [1e+00, 1e+00]
LP warm-start: use basis

Iteration    Objective       Primal Inf.    Dual Inf.      Time
       0   -1.0691820e+31   1.590620e+34   1.069182e+01      1s
      70    3.3013506e+06   0.000000e+00   0.000000e+00      2s

Solved in 70 iterations and 1.78 seconds (2.11 work units)
Optimal objective  3.301350565e+06
