scale,candidate_rank,duties_json,duty_set_sha256,candidate_seed,selected_family,selected_role,trip_count,peak_concurrency_lb,service_kwh_total,service_kwh_per_duty,duty_trip_count_max,duty_trip_count_cv,scheduled_intertrip_gap_median_min,service_span_min
2,1,"[""13312"",""13314""]",a430c7c1d36c389d8a4df1dc51d17fb3408f0763a3a872d5b987e26f048fdf61,2026090302,probability,fixed_seed_probability_1,62,2,996.59599212,498.29799606,46,0.483870968,2.0,1192
2,2,"[""13306"",""13318""]",d4b564edc0d5d0059d8d1e8dffb50ae26c3c2fe9d67639a6ba3e57571eada6a4,2026090302,probability,fixed_seed_probability_2,63,2,1006.91899044,503.45949522,33,0.047619048,2.0,1208
2,3,"[""13407"",""13412""]",4746dd68ac9d9924bfb58bf1af615406befbdf9aadb1ded224dabc19c43e2ff0,2026090302,probability,fixed_seed_probability_3,32,2,1346.9099915,673.45499575,17,0.0625,10.5,1179
2,4,"[""13303"",""13401""]",2b67cfb46533ee63d87f70f493e15756c1dd5eabf738cca2f78f030ec3bda841,2026090302,probability,fixed_seed_probability_4,66,2,1233.0989927,616.54949635,54,0.636363636,2.5,1216
2,5,"[""13322"",""13409""]",4d0639cef6c6c6bec4f2cb4e01d2d07f1e7e4ed5c176d980b25c1da7015962a3,2026090302,probability,fixed_seed_probability_5,43,2,1107.8929938,553.9464969,26,0.209302326,7.0,1170
2,6,"[""13315"",""13404""]",5c9ecf810e2f31db48f0c57f8cfbff536597ca244a22e5081bb3bce063fd63e5,2026090302,probability,fixed_seed_probability_6,48,2,1142.40999566,571.20499783,31,0.291666667,4.5,1156
2,7,"[""13303"",""13320""]",c79b90cadbad9c72106e161ee7a83041f2828e4c20aab45fa7e206bfae7ffe57,2026090302,,,70,2,993.6299923,496.81499615,54,0.542857143,2.0,1198
2,8,"[""13311"",""13319""]",6210b3038752dd608ef81b4ada429c07fe7dc2ef38a9cf440ba2e2715d0ac6a3,2026090302,,,41,2,726.59999245,363.299996225,27,0.317073171,3.0,1217
2,9,"[""13301"",""13409""]",7b777a35e7ff8289c40c76760fbe40a74f894522f7f8ae6c8cc06e4f484c9420,2026090302,,,53,2,1314.27499386,657.13749693,36,0.358490566,7.0,1241
2,10,"[""13305"",""13307""]",94aa9ab5b6eff9db30a905c58921f12b72ab0d3410ef156cc30da55dea096d88,2026090302,,,45,2,689.09599406,344.54799703,30,0.333333333,2.0,772
2,11,"[""13307"",""13406""]",4af925d6e1de7231ad613ba79d9ff7f069503fbffb5756951b090092c977410a,2026090302,,,29,2,840.94299382,420.47149691,15,0.034482759,7.0,1113
2,12,"[""13325"",""13403""]",ccf3efcb81ec88c9f880ef688ba84749037719a4ad97d9e368ba6299167e2c55,2026090302,,,56,2,1255.59099,627.795495,42,0.5,3.0,1255
2,13,"[""13309"",""13317""]",e39782ab2b102e785cc65776e6ba99df7760dfe60b487e937a42d7170e13d21c,2026090302,,,59,2,968.99299392,484.49649696,37,0.254237288,3.0,1125
2,14,"[""13301"",""13410""]",2ab29611e3b20d22e6d0a461c4fd53c011e9e86aee5a44137f9a58e7a29a6682,2026090302,,,51,2,1229.27499386,614.63749693,36,0.411764706,7.0,1268
2,15,"[""13319"",""13412""]",13e69da8e2eda7a72dcd355d09f07899f976538f66f86f6af5f0456fe0dffbe3,2026090302,,,42,2,1091.99199235,545.995996175,27,0.285714286,7.0,1156
2,16,"[""13306"",""13312""]",986d5c0c444badd5f1a2d439607559b8ced66f8b8e7957438be994d5fd095412,2026090302,,,76,2,1190.05898864,595.02949432,46,0.210526316,2.0,1211
2,17,"[""13311"",""13414""]",34528c67499dc779eb8420342d74ed09f341911deb0ffd4ebde7bd8a0b30c0a5,2026090302,,,26,2,771.3279931,385.66399655,14,0.076923077,7.5,963
2,18,"[""13302"",""13320""]",7c888e52f6c3f330a7ac8dcf8d05a6080f803b48b65cafaa767ed5c2c98a637a,2026090302,,,66,2,1039.04298726,519.52149363,50,0.515151515,2.0,1257
2,19,"[""13401"",""13403""]",e26de1007a19dfe94768e0348f42acf7af007778b63b39834b7ac350a0fac7d4,2026090302,,,26,2,1094.9899935,547.49499675,14,0.076923077,7.5,1027
2,20,"[""13310"",""13326""]",abf91ef0edf705f9d489b39cf5e30ad2efb80bbcdeddde2b563fd2c472133d00,2026090302,,,45,2,756.01399409,378.006997045,24,0.066666667,3.0,735
2,21,"[""13311"",""13410""]",b2093e3f25eaf81d28c93e5c77d3b5c25e99a68e056f0386f8162414cc566349,2026090302,,,29,2,897.2879921,448.64399605,15,0.034482759,7.0,1226
2,22,"[""13302"",""13304""]",13443139855f4210c0b6cf91f9847649cc464535a0a03f0ab4bb9ffefea6fd1d,2026090302,,,87,2,1319.13498728,659.56749364,50,0.149425287,1.0,1257
2,23,"[""13304"",""13311""]",a476e6247adb0b4427eb85a58ac7185e783106e5a671b515375e09f473ee1357,2026090302,,,51,2,811.95099272,405.97549636,37,0.450980392,1.0,1243
2,24,"[""13317"",""13321""]",5ab42ad356310a9d2572b0c3d56c2acfd7f8d5626bf7035565ea6c8166363ccd,2026090302,,,59,2,988.08399542,494.04199771,37,0.254237288,3.0,1149
2,25,"[""13314"",""13411""]",891dc1b552d2852e2a83a8ffa147a482de0083c3b7a77d2c4c41a7243de51b9d,2026090302,,,30,2,867.58499596,433.79249798,16,0.066666667,7.0,930
2,26,"[""13306"",""13308""]",9e2b65347db183131915031b14cfe92f80867c5f6230b32f9f3092bb5a58604d,2026090302,,,61,2,998.40699238,499.20349619,31,0.016393443,3.0,1078
2,27,"[""13402"",""13405""]",e276f0f8ffed2abebb3c839146bb36c9bd38762a68ba30fedfaf065cf536c31d,2026090302,,,30,2,1263.4499925,631.72499625,17,0.133333333,7.0,1137
2,28,"[""13313"",""13314""]",e438c48599d9efd47ad68f51f9bf3c5492ff8abc890c5ee412fc9da17257ecb5,2026090302,,,53,2,936.99598802,468.49799401,37,0.396226415,3.0,1107
2,29,"[""13304"",""13405""]",dfdffd0dfc76e897c44df44d3a777f503082b306bfeafd5ca14d362c28cb1c54,2026090302,,,50,2,1093.11299312,546.55649656,37,0.48,4.0,1243
2,30,"[""13321"",""13405""]",977cb0351fe881d81780536ebb49c13adff793a376b12362898eb1ff21dfca26,2026090302,,,35,2,954.6429949,477.32149745,22,0.257142857,7.0,1212
2,31,"[""13302"",""13413""]",8cc4de63b000227b2791c2adb83a2772215103a24b78e962b048ea8e5863b117,2026090302,,,65,2,1405.24198716,702.62099358,50,0.538461538,3.0,1257
2,32,"[""13323"",""13414""]",dcbbb352840ae60d1e132b8b0d82589f0c835f2b103c212ee8c7dfde38aba980,2026090302,,,20,2,662.8709964,331.4354982,12,0.2,7.0,879
2,33,"[""13322"",""13323""]",a40b52f62e85ded9ff0b8b57d3fc06fb1ac2f585223f0ab4e811fbe0a6003ed4,2026090302,,,34,2,549.0439972,274.5219986,26,0.529411765,3.0,627
2,34,"[""13318"",""13324t""]",e83a6b9a0492908b257dfe71666fa058fd103681cfda1827e6d1568f188cce4b,2026090302,,,51,2,851.55099079,425.775495395,33,0.294117647,3.0,1126
2,35,"[""13309"",""13408""]",c39dc5900f55351b4c77451eab60af5a997d426c20826b70f63c755e268e4567,2026090302,,,33,2,852.0919944,426.0459972,22,0.333333333,6.0,791
2,36,"[""13316m"",""13322""]",7a343b841ab6ee15e76e976eebe79fbb2b7bf5c5a0f31923629a96928b1dbdfa,2026090302,,,49,2,761.50699556,380.75349778,26,0.06122449,3.0,760
2,37,"[""13407"",""13413""]",2e8fa3023883adcdb11a8f8b182d06a17160671bcd7c7903834127be643fe2a9,2026090302,,,32,2,1347.679992,673.839996,17,0.0625,8.0,1179
2,38,"[""13408"",""13414""]",6145734016bbc216b3b77a9d494db0f6f84e7408aa6756df8d0311dab95bffe1,2026090302,,,23,2,969.0299945,484.51499725,12,0.043478261,8.0,954
2,39,"[""13301"",""13402""]",a266c970ea18f404a9fa46a05b8391e3037ce3401069aa8c335194490b93b9ab,2026090302,,,53,2,1314.27499386,657.13749693,36,0.358490566,7.0,1176
2,40,"[""13320"",""13324t""]",bcd1d3f0f76507971427d14711c5754bfc0a767747519f53b316987483dd5263,2026090302,,,34,2,581.98099293,290.990496465,18,0.058823529,3.5,735
2,41,"[""13306"",""13307""]",a1448db67bda5ff91898ba29a6a667e2247f8c9d61ed09c91dfeb9925f197173,2026090302,,,45,2,722.7709933,361.38549665,30,0.333333333,2.0,807
2,42,"[""13317"",""13404""]",bf26ff3b3ee84162df98bdd353fac5450b093dbcb567ecb8aba7e01ef78b3c49,2026090302,,,54,2,1296.89099302,648.44549651,37,0.37037037,7.0,1172
2,43,"[""13311"",""13316m""]",c6b684bb5d24e65309206bad0ecf0047919ecd56fb1db7b4b740dbd35aa6befb,2026090302,,,37,2,635.90199386,317.95099693,23,0.243243243,3.0,806
2,44,"[""13312"",""13411""]",ee847a035b70f4d12a7c3ebcc295d8c9ee12e449e652a51855bc59fa76387e04,2026090302,,,60,2,1308.23098916,654.11549458,46,0.533333333,4.0,1192
2,45,"[""13306"",""13407""]",31f213ce8a899bf853cdc8fc385d077651062759f6b0e1acf0d75ae0d52fe085,2026090302,,,47,2,1187.00799148,593.50399574,30,0.276595745,5.0,1208
2,46,"[""13308"",""13413""]",066daca877a319a4dd767d1819d90c772cd90f729bc8a19591637dc7bb09e5a1,2026090302,,,46,2,1159.0789929,579.53949645,31,0.347826087,7.0,1067
2,47,"[""13322"",""13325""]",e26e9a833ecd88c62b008b3795098349a308f60e12acdb1bed48d71a7e05b00c,2026090302,,,68,2,1057.5339913,528.76699565,42,0.235294118,2.0,1112
2,48,"[""13312"",""13316uwt""]",9fd5f65c73d6d56ede1dddccac962ddc38e9f297ca7f2695d83c2efdc1ff2172,2026090302,,,67,2,1078.35899082,539.17949541,46,0.373134328,3.0,1192
2,49,"[""13321"",""13326""]",31547e41cf20408c20d8d1022c5eafa5551da952b3141d657d65cbabfbf3419b,2026090302,,,43,2,756.83899703,378.419498515,22,0.023255814,3.0,1109
2,50,"[""13302"",""13316uwt""]",1307d14e2db1c47cf654dab066a587600580d78c9b015289ba6fbafcca245988,2026090302,,,71,2,1132.86998882,566.43499441,50,0.408450704,1.0,1257
2,51,"[""13314"",""13408""]",4f7567f505a8f633316abc3f116a58aca9cb268f105e0eb868a1ee94e17e5e11,2026090302,,,27,2,741.62499696,370.81249848,16,0.185185185,8.0,766
2,52,"[""13322"",""13411""]",b71301a320cd245ad9227305dd1ceba4184f6d46ced3a60dd4e2c3424633aa21,2026090302,,,40,2,981.1629943,490.58149715,26,0.3,5.5,899
2,53,"[""13313"",""13402""]",6bf24fe9d836ac5577cc8b99f7028107a2a6b295555d261ae65c552fbc8623e8,2026090302,,,54,2,1375.36098456,687.68049228,37,0.37037037,5.5,1182
2,54,"[""13316m"",""13410""]",506c44591d60671ec0299ccc310d2469d2b9a6e2ce2d76477e94a5e4b7bdd4f3,2026090302,,,38,2,1001.29399376,500.64699688,23,0.210526316,7.0,1180
2,55,"[""13305"",""13313""]",5e8ee3e25c7a0016ab05ba92787d3df1e0ae84d9c3b5d8c9b945f24f78683236,2026090302,,,67,2,1096.7839853,548.39199265,37,0.104477612,2.0,1143
2,56,"[""13322"",""13401""]",17179f5939dd574a2ee2b2528adde6c058e4a06aac5e3bd33e66d895ed49a48a,2026090302,,,38,2,896.9329948,448.4664974,26,0.368421053,6.5,874
2,57,"[""13324t"",""13410""]",48ce70e8a3333db3663f820c979379e689310a86803947219368561bf81dcbb5,2026090302,,,33,2,947.40999233,473.704996165,18,0.090909091,7.0,1175
2,58,"[""13319"",""13401""]",c82f810787a9e8df92a1815f72f5fd8c1a7a721e698049128c597f4c299edaf0,2026090302,,,39,2,966.03199335,483.015996675,27,0.384615385,7.0,1277
2,59,"[""13302"",""13308""]",2235c29c41d54c8ed2a4c5b78dd5a61db3f382d1da33a6ddf64fa4dc19c6a234,2026090302,,,81,2,1300.10098706,650.05049353,50,0.234567901,2.0,1257
2,60,"[""13301"",""13319""]",0ccb07d0d3d96a2abef18baec089bc05f0f32ef84b629c7d80a15e1a0c89c1dc,2026090302,,,63,2,1058.58699421,529.293497105,36,0.142857143,3.0,1259
2,61,"[""13407"",""13411""]",36bc628bf771b5b33e43cceba5e97bd3bdbc6f59ca23636b3de89c8b6eec55c2,2026090302,,,31,2,1305.179992,652.589996,17,0.096774194,7.0,1179
2,62,"[""13313"",""13316m""]",7e518e9c9588b8faba596f0c91e68e5d543e016a131379cd692326ac1bc5e0dd,2026090302,,,60,2,1028.97498632,514.48749316,37,0.233333333,3.0,1095
2,63,"[""13306"",""13412""]",c23d93924cf767babba8e6a7e14008d2f71b3086375080e4ac75e244a5193129,2026090302,,,45,2,1102.77799198,551.38899599,30,0.333333333,5.0,1178
2,64,"[""13304"",""13412""]",f58c88b1ef3079b2a4ae08b33f07694cf993b2513cc0bb3b6fcb4c7ecebb8fea,2026090302,,,52,2,1177.34299262,588.67149631,37,0.423076923,6.0,1243
2,65,"[""13402"",""13411""]",daadf7b344aae653bc7de8676d1405a5424895f164395deb344971989b438b52,2026090302,,,31,2,1305.9499925,652.97499625,17,0.096774194,7.0,1137
2,66,"[""13301"",""13303""]",648e17638d5c75847820a7a5d078d06d19847a7808fafb09686acb8233950da4,2026090302,,,90,2,1325.65399356,662.82699678,54,0.2,2.0,1198
2,67,"[""13317"",""13324muw""]",b5d0a90df0a299409023dd6d8e6faa5cd94d62d4d1a4f4a1c5603b921e361d0d,2026090302,,,54,2,891.58499358,445.79249679,37,0.37037037,2.5,1092
2,68,"[""13326"",""13403""]",c80e593c614a3a33e988c43bdcc9601e0ae65d08380e720b17f3616d38392499,2026090302,,,35,2,938.91599513,469.457997565,21,0.2,7.0,1007
2,69,"[""13307"",""13322""]",32871575df68ccdf250f129a9f446c622e1ad4c420db01d940bdafaf96852af5,2026090302,,,41,2,642.88599512,321.44299756,26,0.268292683,1.0,764
2,70,"[""13302"",""13408""]",f8b5826525b69eba7aa771d452a3de4404ac410f8db8f48c3ed3a38a40b11d53,2026090302,,,61,2,1236.78198816,618.39099408,50,0.639344262,2.0,1257
2,71,"[""13301"",""13320""]",06f780482c3c43811f6ffe73fe4da578128e77858edee89f1c5aab0875230fd6,2026090302,,,52,2,863.84599446,431.92299723,36,0.384615385,3.5,1161
2,72,"[""13307"",""13318""]",d0dd4325dbde83d5a3630b3b4ca9829bc330bd1a4b5c5383ed9ec7a12ef4c3fa,2026090302,,,48,2,786.81399178,393.40699589,33,0.375,1.5,1206
2,73,"[""13402"",""13412""]",f1c8cd6bf1dfc7368ca883d4292dcca3721dea7ece88a658505652238ab050aa,2026090302,,,32,2,1347.679992,673.839996,17,0.0625,10.0,1223
2,74,"[""13305"",""13312""]",9bdfbb5ca84f00a0e2331e013c938c3f97867a82aab8bc91d11b27372782ba9d,2026090302,,,76,2,1156.3839894,578.1919947,46,0.210526316,2.0,1217
2,75,"[""13309"",""13414""]",c0edd6228faf67b27f47524d20cf9bb026f1555fbcd881622ca2360717210d08,2026090302,,,34,2,893.8219939,446.91099695,22,0.294117647,6.5,953
2,76,"[""13309"",""13326""]",200600625429a25c135b2c8690ac71f56b6337912702894719a2e1024c04f5f7,2026090302,,,43,2,737.74799553,368.873997765,22,0.023255814,3.0,790
2,77,"[""13305"",""13409""]",ed686f60ab855b715bf1919a06ec31f2ccaabf7d20e11d036aa5db51e964ba80,2026090302,,,47,2,1154.10299274,577.05149637,30,0.276595745,7.0,1217
2,78,"[""13315"",""13413""]",430387410966c2ca3e74bf3fadb4e12b3efd97ce5785bb31ee487c3c5186fe89,2026090302,,,46,2,1058.17999616,529.08999808,31,0.347826087,4.0,1024
2,79,"[""13316uwt"",""13323""]",f41879b28bc59d7f559233053e74b75b2fe9762775a2d73f5f55a8c8ae533d85,2026090302,,,29,2,517.22899756,258.61449878,21,0.448275862,3.0,760
2,80,"[""13309"",""13311""]",17ba0da045ba130abff516d3e3a15dea7d6b515f8b07e8e88feff873299efcc8,2026090302,,,36,2,654.389993,327.1949965,22,0.222222222,3.5,800
2,81,"[""13310"",""13324muw""]",74c8f15968e98ddea4bfaab95602397a9d937f0981acce9e45b0a9c398246f95,2026090302,,,41,2,717.74199202,358.87099601,24,0.170731707,3.0,705
2,82,"[""13305"",""13402""]",9acc60f4fd87d4ec460c6cbeb2bd9d49bd9fb284bc288f5c4dfc4e457edabc55,2026090302,,,47,2,1154.10299274,577.05149637,30,0.276595745,7.0,1137
2,83,"[""13304"",""13411""]",f70b6afb14576f35b2a143385586a35cb4463a3bf379301948988a1ee3c03b05,2026090302,,,51,2,1135.61299312,567.80649656,37,0.450980392,4.0,1243
2,84,"[""13324t"",""13325""]",40ab2933b40d37335380939aef55047928dbd2e63d782baa18940fee4d8cb621,2026090302,,,60,2,982.05098983,491.025494915,42,0.4,2.0,1105
2,85,"[""13305"",""13405""]",83a21582a2231b2dae198136f8481c91a282c1a66267461fb4f16600e160a634,2026090302,,,43,2,984.87299324,492.43649662,30,0.395348837,6.0,832
2,86,"[""13322"",""13407""]",4bddb382019eb1da13c180967d931dec31898e47f4dfe035ec4d964a6cbb9da6,2026090302,,,43,2,1107.1229933,553.56149665,26,0.209302326,6.0,1179
2,87,"[""13408"",""13413""]",541ffd5315474ced4e9f991c3c1e7581bd2325ccf8ba50da8ae07e8d0317282e,2026090302,,,26,2,1095.759994,547.879997,15,0.153846154,8.0,1051
2,88,"[""13302"",""13321""]",af5ee3bfe7b2815f9c9bbda7eabce66774ed7cbc07117ad57e4a78de7a7ff078,2026090302,,,72,2,1180.66498906,590.33249453,50,0.388888889,2.5,1257
2,89,"[""13307"",""13319""]",20b293201ac5ad03b9fe34de5c495b9a310a284e820ece12cd9c28b77478aea4,2026090302,,,42,2,711.98499367,355.992496835,27,0.285714286,1.5,1227
2,90,"[""13313"",""13412""]",d80339c0f728b108d6945b0ca5c2b2156aaa6b8b3866aa77186a849ba5e80531,2026090302,,,52,2,1290.36098456,645.18049228,37,0.423076923,5.0,1136
2,91,"[""13316uwt"",""13402""]",d699971df12461de1aba3a188eb6caaacc4edb9e4381157ee59dbcf22c3be474,2026090302,,,38,2,1076.07799416,538.03899708,21,0.105263158,7.0,1137
2,92,"[""13301"",""13310""]",8ae20aadfb0f95ca6b678490aaf61704745a73e0b45ba74b7039a82deea1f6e2,2026090302,,,60,2,1004.64299332,502.32149666,36,0.2,3.0,1161
2,93,"[""13303"",""13411""]",e52d95afb57e15b98bd595040cd968ab8c4219985ef9b6547907d9cdd422481b,2026090302,,,68,2,1317.3289922,658.6644961,54,0.588235294,3.0,1198
2,94,"[""13315"",""13322""]",7c990bd39818530a11fcbc44b377b81e3340c57bd76e4cac22859f6d830c39b5,2026090302,,,57,2,817.62299746,408.81149873,31,0.087719298,2.0,704
2,95,"[""13304"",""13306""]",62095c39e93b22bad0cc1188193c7af3f0f380c4322ec620b2dd5df11bf8089e,2026090302,,,67,2,1017.4409926,508.7204963,37,0.104477612,2.0,1243
2,96,"[""13321"",""13404""]",ada278e396dc36dd71025b82452fb29884a3359c0683b9dc94b782be496853ce,2026090302,,,39,2,1123.8729944,561.9364972,22,0.128205128,7.0,1229
2,97,"[""13304"",""13325""]",f454179f685e4fe713cefa2bbf83c1f4487f532da16a22afcf413e67501c485e,2026090302,,,79,2,1211.98399012,605.99199506,42,0.063291139,1.0,1243
2,98,"[""13412"",""13414""]",ae2d62853f160a1837793abdcc09386dbcc585ae58efa54c3e51b9aa59149e7e,2026090302,,,27,2,1136.719993,568.3599965,15,0.111111111,11.0,1105
2,99,"[""13301"",""13326""]",ad6f9d889a9a4e11e5ea7fcccfa5d638fae0f3e96355313169586eb8bb1e85e5,2026090302,,,57,2,947.24099649,473.620498245,36,0.263157895,3.0,1161
2,100,"[""13325"",""13412""]",1d9ffdd8aeca0eb47e383a39306d8b42fe9f8f06552e69677e5c87295adf8a9b,2026090302,,,57,2,1297.3209895,648.66049475,42,0.473684211,3.0,1154
2,101,"[""13315"",""13405""]",f5a39a13c129154ef5ce5a7cb32e213c9e4b726bb90b693d337b449d376d1f1e,2026090302,,,44,2,973.17999616,486.58999808,31,0.409090909,3.5,832
2,102,"[""13306"",""13404""]",03b86f3330d24e12a5c5de5d350a3ce5454ca57777f666a03b5a4d21e34371ce,2026090302,,,47,2,1187.77799198,593.88899599,30,0.276595745,6.0,1156
2,103,"[""13310"",""13403""]",3e2d65f1925a3f00caac7a704ad901b5c9bb4a92948de598c6ee813fb0c8cbc0,2026090302,,,38,2,996.31799196,498.15899598,24,0.263157895,7.0,1007
2,104,"[""13311"",""13404""]",951b1b08ac967032432387e982aaff20b74f5d7a052f1e93ba8f8035290ba082,2026090302,,,31,2,982.2879921,491.14399605,17,0.096774194,8.0,1156
2,105,"[""13401"",""13411""]",8e2750713ea3a642fd6c962c851d1eac0eded527f16e7eb69fa816e952c1f202,2026090302,,,26,2,1094.9899935,547.49499675,14,0.076923077,7.0,1008
2,106,"[""13301"",""13322""]",6c588cf75273c13adf8dd7787d6c8ba0d36dc0f1399cc7da2b43156a211c6c08,2026090302,,,62,2,989.48799566,494.74399783,36,0.161290323,3.0,1161
2,107,"[""13317"",""13402""]",a2833346b79f2a7938e9e9f37324dc0732c9618a68bfa644061aac3e9293a843,2026090302,,,54,2,1296.89099302,648.44549651,37,0.37037037,7.0,1192
2,108,"[""13310"",""13411""]",343b7dce072f73eb8d9bbc19c9f85ed88291b85a56ad78042ab3e59cda807cf7,2026090302,,,38,2,996.31799196,498.15899598,24,0.263157895,5.0,946
2,109,"[""13303"",""13324muw""]",8806829440153414d7eb718cdfd526a30b1e509c72a78214463d214030b8189e,2026090302,,,71,2,1038.75299226,519.37649613,54,0.521126761,2.0,1198
2,110,"[""13308"",""13403""]",9f78ee2a4cbcb97c0800bd8616a88fccdd351e33f1699090349d667ccd8bb9b4,2026090302,,,45,2,1116.5789929,558.28949645,31,0.377777778,7.0,1106
2,111,"[""13324muw"",""13325""]",070c6d9cc92d9236b679ded2a86e3e2ebbcf77ffe897424cc1fb62da97f87847,2026090302,,,59,2,977.01499006,488.50749503,42,0.423728814,2.0,1105
2,112,"[""13316uwt"",""13414""]",fd41c4234da8cc007b127e2c4662b9de22f73f00450bc515e7efc6d37524c2ac,2026090302,,,33,2,865.11799516,432.55899758,21,0.272727273,7.0,917
2,113,"[""13307"",""13324muw""]",3e3ad9d94d7ecf8520ed180ed18b5882b7a3f802620c676c9c3031b743f8ec4a,2026090302,,,32,2,562.36699388,281.18349694,17,0.0625,2.0,764
2,114,"[""13302"",""13319""]",cd2f7357cff15a4a779df482e2358d36e977582b3ca48f91d7df3b171c72a837,2026090302,,,77,2,1233.78398701,616.891993505,50,0.298701299,1.0,1257
2,115,"[""13313"",""13320""]",869fdcf883cacc5c5a4e519d5880e96b22a786750eed75a9bef96b06c5647532,2026090302,,,53,2,924.93198516,462.46599258,37,0.396226415,3.0,1095
2,116,"[""13401"",""13413""]",c54ebe18dc643b30a48144979782282f47b0671e3540d9990a6bdcbb59877df4,2026090302,,,27,2,1137.4899935,568.74499675,15,0.111111111,8.0,1120
2,117,"[""13321"",""13408""]",ae7faab365466d675db6636d0cca3365f66f027cd60e4e3f9c8a0e89476ad749,2026090302,,,33,2,871.1829959,435.59149795,22,0.333333333,7.0,1183
2,118,"[""13326"",""13412""]",0746c1aae38c9f2435e753f8e152644ccb4738afaed6038f98ce0ce4d4b5371d,2026090302,,,36,2,980.64599463,490.322997315,21,0.166666667,7.0,1105
2,119,"[""13326"",""13414""]",b7872998f57231b1727b3023a248ddd8ba18a0765bfb56cb3c84d7aef0a649b8,2026090302,,,33,2,854.68599563,427.342997815,21,0.272727273,7.0,879
2,120,"[""13304"",""13408""]",3ce2aed23d1b55160ecd25f31b8628ff2a8305f08ab6e590291c5397382f5535,2026090302,,,48,2,1009.65299412,504.82649706,37,0.541666667,3.0,1243
2,121,"[""13316uwt"",""13317""]",867c1809e921afaf42268dcf10d225eb2e81f6a737c6894ae7a8e41259eef9db,2026090302,,,58,2,940.28899518,470.14449759,37,0.275862069,3.0,1092
2,122,"[""13305"",""13319""]",b701c7fcc46d3dbfb80f5bb87cfa9e460180d33711910fc185463b80313d67c1,2026090302,,,57,2,898.41499309,449.207496545,30,0.052631579,2.0,1235
2,123,"[""13315"",""13411""]",20e63cc612d0ad6f8fcf285a140c2a0b3262ddc1960af530cb6271432204bcfc,2026090302,,,45,2,1015.67999616,507.83999808,31,0.377777778,4.0,912
2,124,"[""13325"",""13402""]",d63e3937c87b20cfe16b3fa841cbe557eabdbd1538ce4edee126cbbd4db5eba1,2026090302,,,59,2,1382.3209895,691.16049475,42,0.423728814,4.0,1272
2,125,"[""13320"",""13404""]",1110fc3bc6fcd7fda9289e048d670470eefc6332259c3913fca66f810e27687c,2026090302,,,33,2,982.2509926,491.1254963,17,0.03030303,8.0,1156
2,126,"[""13308"",""13319""]",9a67616ecadbad301f03ea07453aeec6c6ecf8a2b14f9d16586e195e4cc48c1d,2026090302,,,58,2,987.62099275,493.810496375,31,0.068965517,3.0,1218
2,127,"[""13401"",""13404""]",8deaa5a14c1f0fb2f6f977e72a1821588791a4f9c83c9c8ef675ef162e6ffee8,2026090302,,,29,2,1221.719993,610.8599965,17,0.172413793,9.0,1179
2,128,"[""13314"",""13405""]",c3db88d00a0661b9aa95efc7e1b5ce080f3c99213dda2068d1c449381056860d,2026090302,,,29,2,825.08499596,412.54249798,16,0.103448276,7.0,832
2,129,"[""13311"",""13412""]",2de3796fc34d508a1d81b16939421bc0df7b83af66675af0fc5807f80a4d7e4e,2026090302,,,29,2,897.2879921,448.64399605,15,0.034482759,10.0,1166
2,130,"[""13312"",""13414""]",456fe63c06e43e60b78ae4b83b2a6585d500d7fb818ee8c885acfed211337f30,2026090302,,,58,2,1224.00098966,612.00049483,46,0.586206897,4.0,1192
2,131,"[""13303"",""13413""]",0e4dec44ad23eea342a70818a8d658298ce3023f68ba64bb071972d2b79e7b33,2026090302,,,69,2,1359.8289922,679.9144961,54,0.565217391,3.0,1198
2,132,"[""13318"",""13405""]",653446c5eaa535cb326ad421dee4de179c6422ace2b5af7a08152cbf58d6fdbf,2026090302,,,46,2,1082.59099096,541.29549548,33,0.434782609,5.5,1216
2,133,"[""13308"",""13402""]",89077b4c7ddb776fcf1b95b628283a5e2b8be7f328a0c09f3ed1c02023086692,2026090302,,,48,2,1243.3089924,621.6544962,31,0.291666667,7.0,1137
2,134,"[""13307"",""13323""]",36d8a16bdf04f051e66b4e53531d2eeed75dd24014cd7b23ac8a74cc85e08c24,2026090302,,,23,2,408.82399672,204.41199836,15,0.304347826,2.0,764
2,135,"[""13311"",""13324muw""]",ff5b0bd4a0a8e9f52fb49c13a70f7bf2ac7b2db705a97efa28985e2022633c6d,2026090302,,,31,2,576.98199266,288.49099633,17,0.096774194,3.0,794
2,136,"[""13315"",""13410""]",71b9698e411d01c9ac44bd6e50c341d0e5abc21025e995e877f46501d77fc328,2026090302,,,46,2,1057.40999566,528.70499783,31,0.347826087,4.0,1190
2,137,"[""13307"",""13408""]",957a2a58980c7172cc0699f366387c116b73f0462b52440bed357cfc342d825f,2026090302,,,26,2,714.98299482,357.49149741,15,0.153846154,7.0,785
2,138,"[""13404"",""13405""]",255d9fa5c61138b7916e6b4075502326d2c4b8d65f8e29e61d78619bdb92175a,2026090302,,,30,2,1263.4499925,631.72499625,17,0.133333333,7.0,1156
2,139,"[""13315"",""13401""]",3bd6f6102516319e7448d49f4ce7a3d5c1990f0be35be10427a71377430e7e45,2026090302,,,43,2,931.44999666,465.72499833,31,0.441860465,3.0,874
2,140,"[""13310"",""13324t""]",da797facb707bcf98efc015f62cbd68ead73939e28759cce320df8b77c50738b,2026090302,,,42,2,722.77799179,361.388995895,24,0.142857143,3.0,705
2,141,"[""13305"",""13412""]",d8bc625de1f320114818ac655ff0c210f414cd75053593080adb93a6483005f0,2026090302,,,45,2,1069.10299274,534.55149637,30,0.333333333,7.0,1184
2,142,"[""13303"",""13403""]",a460616404d15e52f3ff38064e6b01af4b8e0760bcd55f994ddbbf44f515a31b,2026090302,,,68,2,1317.3289922,658.6644961,54,0.588235294,3.0,1198
2,143,"[""13324muw"",""13408""]",9a0515c09f1f89d733a3cb9c7881a559512b5053c1e7e91b67a799e0a15cb908,2026090302,,,28,2,774.68399406,387.34199703,17,0.214285714,7.0,766
2,144,"[""13316m"",""13323""]",9e34a0614c3a6b27db13350ab5dc5c2a4f447ad8656e4c6d0c2294eaf46a35eb,2026090302,,,31,2,527.44499716,263.72249858,23,0.483870968,3.0,760
2,145,"[""13307"",""13315""]",f772ccdd92341703a886b22de4b4bf73ba6afe863f57381582cfd485eb5bb6c7,2026090302,,,46,2,677.40299698,338.70149849,31,0.347826087,2.0,764
2,146,"[""13301"",""13321""]",7842e9fdb459fc912acc3577eec20df58bb4588bf4d4862b22bfe2c16e5dd5c4,2026090302,,,58,2,1005.46799626,502.73399813,36,0.24137931,3.0,1234
2,147,"[""13315"",""13406""]",9f49c6348b38c2eafe87b9f21255a6ff20c53c9bec8cfbfcbcd262fabeee5587,2026090302,,,45,2,1015.67999616,507.83999808,31,0.377777778,4.0,1113
2,148,"[""13303"",""13314""]",c81be0cf84c6220735bfdef30e6b5034c7e7d7bdc9bd89492530a9f63a27b198,2026090302,,,70,2,1005.69399516,502.84699758,54,0.542857143,2.0,1198
2,149,"[""13305"",""13410""]",e7b004471d1ab57a1c61697b0ecc4ba9e740839154dba906237b396b90f94fde,2026090302,,,45,2,1069.10299274,534.55149637,30,0.333333333,7.0,1244
2,150,"[""13324muw"",""13406""]",62bea544f2e3605a53044df746c7a440c14f31c4ecd68436bc87d0591fb5249c,2026090302,,,31,2,900.64399306,450.32199653,17,0.096774194,7.0,1113
2,151,"[""13302"",""13403""]",e7376a317df9ec0307db90a26acca0f75af27a847446d8a1b40f395c97fae313,2026090302,,,64,2,1362.74198716,681.37099358,50,0.5625,3.0,1258
2,152,"[""13320"",""13405""]",c98ac172a807ccc2f00d1835d0f9dcaa26c8a822a019ede486de4c45a12ff093,2026090302,,,29,2,813.0209931,406.51049655,16,0.103448276,7.0,835
2,153,"[""13305"",""13414""]",d7ef95cff80cc4d518955dd5455b289170c5274a3ccd2e0e6696a849fbfda793,2026090302,,,42,2,943.14299374,471.57149687,30,0.428571429,6.5,981
2,154,"[""13306"",""13413""]",84999e81d8cc910c15c09b6614d5744d702544e9460d2cf20ce1e6e7679f82df,2026090302,,,45,2,1103.54799248,551.77399624,30,0.333333333,6.0,1072
2,155,"[""13311"",""13325""]",a65dc4c05e7101bcf5571038fbb36c9cd637975f24c348691a0e37000fbe86f6,2026090302,,,56,2,931.9289896,465.9644948,42,0.5,2.0,1215
2,156,"[""13314"",""13317""]",65fa38afc1d7550cdf0c435dd5706204a2f49b10ef1bdd907c103e7962c10c00,2026090302,,,53,2,858.52599648,429.26299824,37,0.396226415,3.0,1117
2,157,"[""13308"",""13309""]",52c0a42dc81e987e0d46c6435ca28edb4ec6ac02c41d32db30dc9615f18b1f6f,2026090302,,,53,2,915.4109933,457.70549665,31,0.169811321,3.0,1067
2,158,"[""13305"",""13318""]",17a986b5aed0174cc53320e5d78795cd4b0ec4573e95a674ebe97dca5297866c,2026090302,,,63,2,973.2439912,486.6219956,33,0.047619048,2.0,1214
2,159,"[""13321"",""13323""]",c31847b27e3d66b54709543535bdcfad11e8d03f22190d22fb7cdca700c075fb,2026090302,,,30,2,565.0239978,282.5119989,22,0.466666667,4.5,1109
2,160,"[""13301"",""13401""]",77be95a81b354d8256516113e8c12f782a9fe5459ea20e95638457196a782294,2026090302,,,48,2,1103.31499486,551.65749743,36,0.5,7.0,1179
2,161,"[""13304"",""13323""]",c6e947e7da4bbb78b018c73ec0ca426249180f92ed970b29a5591b7180d9368f,2026090302,,,45,2,703.49399602,351.74699801,37,0.644444444,2.0,1243
2,162,"[""13318"",""13402""]",a03186f3883768f9d5b9da25e53e7059c63932832ee56c0020b011baf3a7a2ea,2026090302,,,50,2,1251.82099046,625.91049523,33,0.32,7.0,1253
2,163,"[""13319"",""13325""]",dcb165b4dd06aacfc636b6e097ecc3aab241d3362b37b512165d61f9bc63dd33,2026090302,,,69,2,1126.63298985,563.316494925,42,0.217391304,2.0,1144
2,164,"[""13303"",""13318""]",558ac27bcfb4802db4cf456df893f982a3ebb870b72217b4d314c68c0f1d959c,2026090302,,,87,2,1263.19999016,631.59999508,54,0.24137931,2.0,1238
2,165,"[""13312"",""13403""]",15337835df596b94d80b4b7a2536d38aae39f9e5632e49fb85c9d0a704967c3f,2026090302,,,60,2,1308.23098916,654.11549458,46,0.533333333,4.5,1239
2,166,"[""13310"",""13317""]",adf0087de34e49ef023f287851f7ee45f406cf66b49884547846f0626d612e66,2026090302,,,61,2,987.25899248,493.62949624,37,0.213114754,2.0,1133
2,167,"[""13302"",""13303""]",22a56fefff420b8a150dec7c5c5e1b011c1723d55738217b6640f5a9728eb8ef,2026090302,structural,trip_heavy,104,2,1500.85098636,750.42549318,54,0.038461538,1.0,1260
2,168,"[""13312"",""13319""]",add57c6162b48a77ee58f59a6fbe3f73eafa77af52e0ef1dd0fd6e969cb2b0f1,2026090302,,,73,2,1179.27298901,589.636494505,46,0.260273973,1.0,1210
2,169,"[""13302"",""13310""]",2b5263f8b034fd5204ad41dbfedd66a5e9c7fc30f08c1dac50766f737485d416,2026090302,,,74,2,1179.83998612,589.91999306,50,0.351351351,1.0,1257
2,170,"[""13313"",""13322""]",758cc1be26e68a757222bbc0d23f432829edaeb7a49803d9514de5356bd1255a,2026090302,,,63,2,1050.57398636,525.28699318,37,0.174603175,2.0,1095
2,171,"[""13303"",""13315""]",e25465647b33052036cd4bd1ff825a06a64c7e0aeb9bd0f2b278af90770ba2d2,2026090302,,,85,2,1153.78899536,576.89449768,54,0.270588235,2.0,1198
2,172,"[""13301"",""13405""]",808e7f040fb86137177eea46e3bb6875b951263719a4bfb56dd1f1a5a80b3a15,2026090302,,,49,2,1145.04499436,572.52249718,36,0.469387755,7.0,1161
2,173,"[""13321"",""13406""]",f3f3e49f9168a0531706f21af6ccb867c34510885166a812877b6e7df03c07a8,2026090302,,,36,2,997.1429949,498.57149745,22,0.222222222,7.0,1209
2,174,"[""13308"",""13316uwt""]",17b9122125117403608d284a654a9fda8decf1a448331caba50f1d7f61d18df1,2026090302,,,52,2,886.70699456,443.35349728,31,0.192307692,3.0,1067
2,175,"[""13311"",""13405""]",a025f976ded3b6fc0cb592ca3fcbdc25d57aa46192c1c30edd6559026a872dc1,2026090302,,,27,2,813.0579926,406.5289963,14,0.037037037,7.0,832
2,176,"[""13305"",""13403""]",8fc052c5f953395c9c555cfb05d2c9c8a8c547dc6249b16c6d5650339a6c5494,2026090302,,,44,2,1027.37299324,513.68649662,30,0.363636364,7.0,1007
2,177,"[""13323"",""13402""]",9f4d0495940aa0389c0cc28f86e80b67017a1e655872f070da825797c3a815cf,2026090302,,,25,2,873.8309954,436.9154977,17,0.36,7.0,1137
2,178,"[""13402"",""13409""]",f8b8915fb33c8fe9b58485384c301e80c58449ad622bc3e0121543a38908d9c1,2026090302,,,34,2,1432.679992,716.339996,17,0.0,9.5,1256
2,179,"[""13315"",""13402""]",cb3775dd6559631156e982fee1a14a780a4644cac25461f0fe53eb52bf47dd3c,2026090302,,,48,2,1142.40999566,571.20499783,31,0.291666667,4.5,1137
2,180,"[""13318"",""13404""]",cf0421d072bb8bb32f28cd499fd63e93cf00b513965809452064d695146335b4,2026090302,,,50,2,1251.82099046,625.91049523,33,0.32,7.0,1233
2,181,"[""13320"",""13402""]",43d5e0aeee256895374ba1d743a110be977718f5d6a332c304ca75c077cce6fe,2026090302,,,33,2,982.2509926,491.1254963,17,0.03030303,7.0,1137
2,182,"[""13317"",""13406""]",05fd4059491d2f8a7bebaccd4ed8e9d249677d03297a1d8082fa0ff9d035a64d,2026090302,,,51,2,1170.16099352,585.08049676,37,0.450980392,7.0,1152
2,183,"[""13302"",""13412""]",25f92b059592ae00ec3531ab5fdae86673db610e64e1d9e2a45f52e39a15c07b,2026090302,,,65,2,1404.47198666,702.23599333,50,0.538461538,3.0,1257
2,184,"[""13303"",""13316uwt""]",39e6a95bde9985a6c6f06f9794268dfa384e4d0766974d02a8287d163c36dca6,2026090302,,,75,2,1087.45699386,543.72849693,54,0.44,2.0,1198
2,185,"[""13305"",""13320""]",650d6d07e0ae7d190a2ae523f4ea8d4f3fafaf9fc32db381c4ed66c9252b212a,2026090302,,,46,2,703.67399334,351.83699667,30,0.304347826,3.0,833
2,186,"[""13310"",""13409""]",f45db0572a770482b6d42e6cef5506dd08918edd15784a086b871552a2c2054b,2026090302,,,41,2,1123.04799146,561.52399573,24,0.170731707,7.0,1197
2,187,"[""13311"",""13315""]",ed385f2adf8d4f1bfbf1cb07cd452fb5b6e74ec4df06cf84f67343d0926783ff,2026090302,,,45,2,692.01799576,346.00899788,31,0.377777778,2.0,794
2,188,"[""13312"",""13409""]",5c0c94261e782b3f480c9dc4551ec27beb95f885988d12e6230298bb7b33dcf8,2026090302,,,63,2,1434.96098866,717.48049433,46,0.46031746,6.0,1192
2,189,"[""13307"",""13317""]",2945f65f4236552290a788dccef5377aa65e1ded282e94dca5fa13ea5b2c9be7,2026090302,,,52,2,831.88399434,415.94199717,37,0.423076923,1.0,1145
2,190,"[""13324t"",""13404""]",4745b715578d0918fd52d523d81df56da5c4511d5b8376b27bc6fce882603e15,2026090302,,,35,2,1032.40999233,516.204996165,18,0.028571429,7.0,1156
2,191,"[""13313"",""13323""]",5299691a6ab9c9718bd0acf25d99d5d9b29d81b92c11baaa654831b82615fb8f,2026090302,,,45,2,816.51198796,408.25599398,37,0.644444444,3.0,1095
2,192,"[""13303"",""13323""]",bc7beda392adbf9f958d403f64a8b0ed9717edc0ce4fc8bf7b152393e0dc241c,2026090302,,,62,2,885.2099951,442.60499755,54,0.741935484,2.0,1198
2,193,"[""13310"",""13316uwt""]",07e8d44d7861006bf035dd1e6601c199954f79e874065abe3a0dfd357b77cbbc,2026090302,,,45,2,766.44599362,383.22299681,24,0.066666667,3.0,804
2,194,"[""13325"",""13404""]",40fac844780e80a156a9e4dbee69dafca41b0ec5e4258dd3594eacc57a68b6ff,2026090302,,,59,2,1382.3209895,691.16049475,42,0.423728814,4.0,1252
2,195,"[""13318"",""13320""]",0fb4f42ed3e3d12a62a13a08dc2609a85d78274dcb2895a4132f70a277c21d46,2026090302,,,49,2,801.39199106,400.69599553,33,0.346938776,3.0,1126
2,196,"[""13319"",""13404""]",1431d3446cb67b64f6f86fefc24a04788a5d591114a1ebb1a166b7a9010950d2,2026090302,,,44,2,1176.99199235,588.495996175,27,0.227272727,7.0,1254
2,197,"[""13316uwt"",""13405""]",05c0f7d81486eede0adad02614c4574e2b9d1c3ee6422a7dfc058a9cc34365eb,2026090302,,,34,2,906.84799466,453.42399733,21,0.235294118,7.0,832
2,198,"[""13310"",""13314""]",a43ad01edb37818b96560a496fddaded9ac4fd3e3357b2d50895520c1fc66013,2026090302,,,40,2,684.68299492,342.34149746,24,0.2,3.0,758
2,199,"[""13308"",""13318""]",146a72c8ecd061075402f6d146cfdba3c5dbafa030e42b8bf91dceb9d46bb7e2,2026090302,,,64,2,1062.44999086,531.22499543,33,0.03125,3.0,1197
2,200,"[""13325"",""13326""]",7a52fc3ad4ee8bb269792cc65e5200de0b86bdbb0c362844ec38858d53dc3bf8,2026090302,,,63,2,1015.28699213,507.643496065,42,0.333333333,2.0,1082
2,201,"[""13302"",""13406""]",de82a48cf1a6f891c71ab1317d02514d2eb8c121cb855fb99a187e003311653c,2026090302,,,64,2,1362.74198716,681.37099358,50,0.5625,3.0,1257
2,202,"[""13304"",""13310""]",6b8ca95b3ab0a558cf2e14ae1efee2f6f6e7dafcfa5497e9c47dcec5745ebcc2,2026090302,,,61,2,952.71099208,476.35549604,37,0.213114754,1.0,1243
2,203,"[""13406"",""13412""]",43c1555bae6269e4e785e0e0ab539b94b22d5f2194581ce319fa96978b220af5,2026090302,,,29,2,1220.9499925,610.47499625,15,0.034482759,11.0,1183
2,204,"[""13316m"",""13401""]",66524093677fdbe58294b6d6900330c525d860218b61321df20031c677b81eb4,2026090302,,,35,2,875.33399476,437.66699738,23,0.314285714,7.0,874
2,205,"[""13316uwt"",""13409""]",f57574b6773694df2c93a7e4a244b4e4418f7a95bda3664ce26cfe538d29d67b,2026090302,,,38,2,1076.07799416,538.03899708,21,0.105263158,7.0,1170
2,206,"[""13320"",""13403""]",bfe59cd99f3849b65a725f748658efb873f891e06f5977251ad90d5acbcfaf3c,2026090302,,,30,2,855.5209931,427.76049655,16,0.066666667,7.0,1007
2,207,"[""13302"",""13409""]",992b341b7d229f9f7bfccfc60e3fc8bb5618bb41d661e5ffab1cf0dc8f4f9126,2026090302,,,67,2,1489.47198666,744.73599333,50,0.492537313,4.0,1257
2,208,"[""13312"",""13405""]",0e6a24935de9a2fe2aa7d76a38b289d77474e617e847029fd426e5a491001275,2026090302,,,59,2,1265.73098916,632.86549458,46,0.559322034,4.0,1219
2,209,"[""13323"",""13324muw""]",a208ef9f4fc4cf0ed716484c4c8b8ce1f8e3d1ae606ec2ec389f3f601dcf36c9,2026090302,,,25,2,468.52499596,234.26249798,17,0.36,3.0,627
2,210,"[""13313"",""13403""]",3bcb4b51ed5e44986f5c4cc6c250a8ce117357fb2a3663879b1e9e7cd9c87ae3,2026090302,,,51,2,1248.63098506,624.31549253,37,0.450980392,5.0,1165
2,211,"[""13320"",""13413""]",136b4fb2f326c82d63837a132a862ecbf1840e88aea4611cafa09dcdf5abd1a6,2026090302,,,31,2,898.0209931,449.01049655,16,0.032258065,8.0,993
2,212,"[""13305"",""13408""]",f75e8b79770cc767182e3e625900fa90eb0cf6c9700fe1eb0a729f941505895b,2026090302,,,41,2,901.41299424,450.70649712,30,0.463414634,6.0,793
2,213,"[""13313"",""13315""]",692d004535354c7c555e880601a534587e335c199ec161924f6673ca8b0c5979,2026090302,,,68,2,1085.09098822,542.54549411,37,0.088235294,2.0,1095
2,214,"[""13314"",""13414""]",c416d0a84dfb9b5123b9fc3031198cac9af5e0ca95d7acd26dab3c093ff63fd7,2026090302,,,28,2,783.35499646,391.67749823,16,0.142857143,8.0,945
2,215,"[""13403"",""13407""]",6f9afd311ae85b455d94888e7ae646f9425a4ca8a6b7a35901271c60a8d923ef,2026090302,,,31,2,1305.179992,652.589996,17,0.096774194,8.0,1236
2,216,"[""13314"",""13404""]",d0d657970cebf053e5df58ccf457b262ded67f26957448134026ece858c386ce,2026090302,,,33,2,994.31499546,497.15749773,17,0.03030303,8.0,1156
2,217,"[""13311"",""13321""]",8e03c2935008c2f617987368f374d929af1403776505e9b3bc80c3f4656d3e6a,2026090302,,,36,2,673.4809945,336.74049725,22,0.222222222,4.5,1192
2,218,"[""13316m"",""13409""]",97c992a2bc6b68b0a89524e8c8a1b8d014b122344db1a878b67713b43785d6c1,2026090302,,,40,2,1086.29399376,543.14699688,23,0.15,7.0,1170
2,219,"[""13321"",""13402""]",b599c6d1b7f925f5af24ed7999a88186dc1a5f09e156750bcabbad72f2e17b89,2026090302,,,39,2,1123.8729944,561.9364972,22,0.128205128,7.0,1249
2,220,"[""13324muw"",""13414""]",32dd9e4e1f998ee6aa210a8ad0d7db6766deea91585555cfda99461daea3c033,2026090302,,,29,2,816.41399356,408.20699678,17,0.172413793,7.0,879
2,221,"[""13408"",""13410""]",2612fef0ff10f3a1b043fad933fa80b35a531cfedd7ff78dc020516d555eaf4b,2026090302,,,26,2,1094.9899935,547.49499675,15,0.153846154,7.0,1217
2,222,"[""13310"",""13321""]",95b3902622ae0dae399e1d20430e877cfafb538693461d68be1a599614a38b91,2026090302,,,46,2,814.24099386,407.12049693,24,0.043478261,3.0,1190
2,223,"[""13319"",""13324t""]",85c3134ff2ae3687eb525558e51acf04731dab0da9265332824c311f1e7e9fa5,2026090302,,,45,2,776.72199268,388.36099634,27,0.2,3.0,1144
2,224,"[""13314"",""13318""]",625c03301c59522be9d74b024ecda249d95e64ddaa65ba2e257e149149592d75,2026090302,,,49,2,813.45599392,406.72799696,33,0.346938776,3.0,1178
2,225,"[""13301"",""13407""]",943c844b97455002773f56dcdc1a09140f7c497daa6c0c93cef40b5be7e7afc5,2026090302,,,53,2,1313.50499336,656.75249668,36,0.358490566,7.0,1238
2,226,"[""13314"",""13315""]",8de0951f5c6e4f4c2d32dc1a54fe36cf78288e50de1cf0cee7b5302ab43166f2,2026090302,,,47,2,704.04499912,352.02249956,31,0.319148936,2.0,742
2,227,"[""13317"",""13405""]",fff7deb00223a846aa50aeb16b8f19a84b8a6797f5e9ec82661ac1046c094d82,2026090302,,,50,2,1127.66099352,563.83049676,37,0.48,5.5,1155
2,228,"[""13307"",""13313""]",7994346d0265ca50df91a780549344f01396a66bc71b90df9800eacadd349913,2026090302,,,52,2,910.35398588,455.17699294,37,0.423076923,1.5,1135
2,229,"[""13319"",""13402""]",e1aca817379e32dcaa70e003125544b9c38bc4b91e5791c7006a6354ded2119e,2026090302,,,44,2,1176.99199235,588.495996175,27,0.227272727,7.0,1274
2,230,"[""13303"",""13406""]",7a50854f4a0ff13f699e1f6831c457575da2f74b9c1f7fcf72759210e2cdd258,2026090302,,,68,2,1317.3289922,658.6644961,54,0.588235294,3.0,1198
2,231,"[""13405"",""13406""]",a2299fe45110d0f70ff96ad192209c80eb36d87e7e57779f9210405d46ad2e10,2026090302,,,27,2,1136.719993,568.3599965,14,0.037037037,7.0,1116
2,232,"[""13306"",""13326""]",9e3bd3cdc8cffc707ba4c6bd04e35d6b28be42bd165172ddfaec5f63ce9756d7,2026090302,,,51,2,820.74399461,410.371997305,30,0.176470588,3.0,807
2,233,"[""13305"",""13311""]",67bc5e2bc23b21ba6771b1381e46287cb0cf6b668314b5385cc14d2dd3021ab5,2026090302,,,44,2,703.71099284,351.85549642,30,0.363636364,2.0,812
2,234,"[""13312"",""13321""]",a30b156dda39527614c208fde0fa77e45ee8c814bbdd9faf46fc3212a9ab928f,2026090302,,,68,2,1126.15399106,563.07699553,46,0.352941176,3.0,1192
2,235,"[""13316uwt"",""13318""]",8230e8e70b173672c795aa25c364d8d47d7ba9f9f05bcd0d463c6a9239ca0d09,2026090302,,,54,2,895.21899262,447.60949631,33,0.222222222,3.0,1150
2,236,"[""13316m"",""13324muw""]",d803cf1d85958c6e06fd5d18c2bcf3f3ba1f6491b2723b8df6e1e77ee879dc60,2026090302,,,40,2,680.98799432,340.49399716,23,0.15,3.0,760
2,237,"[""13317"",""13322""]",6a41184bab9d36f8cfe9c441ec3b1afadfe62011a7d38739f355310f1ddf02ad,2026090302,,,63,2,972.10399482,486.05199741,37,0.174603175,2.0,1092
2,238,"[""13301"",""13304""]",b7281e43f0fa01b1e2f5a96bfb95fbdb245a661179cc30f6b0faf48cd0637abd,2026090302,,,73,2,1143.93799448,571.96899724,37,0.01369863,3.0,1257
2,239,"[""13305"",""13316m""]",9a549a688ba3175e30d6688984a7b638eca99e094aadeca0d1557e8de3d23c41,2026090302,,,53,2,807.7169945,403.85849725,30,0.132075472,3.0,824
2,240,"[""13312"",""13325""]",d3e687a56b0e21487d9a1e6fa706d03836201b741502479e9e7e53f728136352,2026090302,structural,tight_gap,88,2,1384.60198616,692.30099308,46,0.045454545,0.5,1208
2,241,"[""13314"",""13323""]",49fa7eb73a3e4b88ca1dff00f82f831399d8ecb0d2da9e5cd27182c96749f143,2026090302,,,24,2,435.46599886,217.73299943,16,0.333333333,6.0,742
2,242,"[""13308"",""13325""]",377b17b7dea4913da7d964f72e3adc0006cd58c59cb25cb991fe30a5aecc0848,2026090302,,,73,2,1192.9499899,596.47499495,42,0.150684932,2.0,1216
2,243,"[""13402"",""13404""]",5a21b4b97bb62ec4df3d5ee8f1f7dbf145b15508a13b023eed249a3b2e367940,2026090302,,,34,2,1432.679992,716.339996,17,0.0,9.0,1176
2,244,"[""13301"",""13311""]",ea458ca12db6272e0c90e77e1dbe0ed4274a1286d333de27c406cef3719d5aab,2026090302,,,50,2,863.88299396,431.94149698,36,0.44,3.5,1161
2,245,"[""13402"",""13413""]",00f6c2a1adbb7ebbb4491b6d9fd662ab71810ba63d30d4920f0c4ecb32797fc1,2026090302,,,32,2,1348.4499925,674.22499625,17,0.0625,8.5,1137
2,246,"[""13318"",""13413""]",e34661ee3e334331458ef5581fed8fd455d85f218a3aa525f68a9263bf493f76,2026090302,,,48,2,1167.59099096,583.79549548,33,0.375,7.0,1129
2,247,"[""13323"",""13405""]",a2f782c8c2a539677bbc718902487c0d6a45bba1e163e354ec73dc29c2fbb428,2026090302,,,21,2,704.6009959,352.30049795,13,0.238095238,7.0,832
2,248,"[""13306"",""13325""]",7f23a2976b8b464b073f1d16381fb18357e7b6d09e02cc277b9aa4a355fa9d6e,2026090302,,,72,2,1137.41898948,568.70949474,42,0.166666667,2.0,1227
2,249,"[""13319"",""13414""]",ff080feeafeeffb46cc24d8d9f8f813f9159405ad290029901e7a7e3f930e0ad,2026090302,,,39,2,966.03199335,483.015996675,27,0.384615385,7.0,1144
2,250,"[""13302"",""13326""]",ac1d24d3f9cb068eac4351060655230454da86f3ebf4f2e9ae09e2e505e1d4c6,2026090302,,,71,2,1122.43798929,561.218994645,50,0.408450704,2.0,1257
2,251,"[""13411"",""13414""]",dff136ddc4518d506572c4a257798eaf9c5afb0baf362547b5aeb48e5ddfeeb7,2026090302,,,26,2,1094.9899935,547.49499675,14,0.076923077,7.0,914
2,252,"[""13305"",""13324t""]",871881f37e1b817bce3a321113bec6456ce692506ad2bfbac9fece28c0b4bb3e,2026090302,,,48,2,753.83299307,376.916496535,30,0.25,2.5,768
2,253,"[""13318"",""13403""]",5d0c04896cb833cdb56930c289419da68c976f774075a4e09bf21569c57b1059,2026090302,,,47,2,1125.09099096,562.54549548,33,0.404255319,7.0,1236
2,254,"[""13404"",""13406""]",eb669b610ce122680d93ec89bc256504f5d1eb3da78c6e468593f04f8ef79575,2026090302,,,31,2,1305.9499925,652.97499625,17,0.096774194,9.0,1156
2,255,"[""13309"",""13410""]",e1c455c18d1e6984e923b7037a8309ec199af4d46b25b8f9f65f312ef37f1470,2026090302,,,37,2,1019.7819929,509.89099645,22,0.189189189,7.0,1216
2,256,"[""13311"",""13318""]",0e8f0409a2c6ea35f57bf472549a834037f2d101c0fea8148ddf36cb4736df4e,2026090302,,,47,2,801.42899056,400.71449528,33,0.404255319,2.0,1196
2,257,"[""13314"",""13325""]",ec80c85c2e38f424c5ed9caab7529516751bf2f8fd54d2b07523918595928abe,2026090302,,,58,2,943.95599296,471.97799648,42,0.448275862,2.0,1197
2,258,"[""13310"",""13406""]",a7e0e422ada0a9c66817502b49114c418b1b8195e60f3f7186bdf9c96d4ec607,2026090302,,,38,2,996.31799196,498.15899598,24,0.263157895,7.0,1113
2,259,"[""13317"",""13401""]",1d3ec415e19156a321bf79938b0f81779c27bfe9c18f254e70a2951c46e9dd0e,2026090302,,,49,2,1085.93099402,542.96549701,37,0.510204082,6.0,1195
2,260,"[""13307"",""13324t""]",b683c9a4ced6197bc2f8b4f8b9a330ed5872779af58450d6169aa4305ee4fd0e,2026090302,,,33,2,567.40299365,283.701496825,18,0.090909091,2.0,764
2,261,"[""13303"",""13325""]",8b173af65bc0d46f3569d000b5322af73020f57a560c08d409a6068b5b315e8e,2026090302,,,96,2,1393.6999892,696.8499946,54,0.125,1.5,1257
2,262,"[""13319"",""13405""]",14ee5c7d55666606b741f1e9f8f48a1818f6510cec64a92dddf50caecc79d712,2026090302,,,40,2,1007.76199285,503.880996425,27,0.35,7.0,1237
2,263,"[""13312"",""13402""]",7cfc43b074bb787b2a86579738cd4aa88458f837105e6401c0317495ba3614c1,2026090302,,,63,2,1434.96098866,717.48049433,46,0.46031746,5.0,1256
2,264,"[""13317"",""13407""]",0f39f4b79cf0acd7bc33f77018bf0badbc3fbbbd7e1cc8548cf1460a9fc64dec,2026090302,,,54,2,1296.12099252,648.06049626,37,0.37037037,6.0,1179
2,265,"[""13312"",""13407""]",99b9175e21d00975dda333d188df6c58f56cee8c24d70bee4a0538946c6fbc9e,2026090302,,,63,2,1434.19098816,717.09549408,46,0.46031746,5.0,1192
2,266,"[""13324muw"",""13412""]",d05929fbb456cfbfb647c5c6ccf3389e5e781bd13d9ea53604abc073d22d6afd,2026090302,,,32,2,942.37399256,471.18699628,17,0.0625,7.0,1105
2,267,"[""13316m"",""13318""]",de6d9b2765ab468ba0ed31997b1341b38e394472d462aeeaea9fab7e4fd54ea1,2026090302,,,56,2,905.43499222,452.71749611,33,0.178571429,3.0,1150
2,268,"[""13308"",""13320""]",f9d9e96cf291f6bed77804facdb9b8ff2e8746d780ccc48558a0fd0dd2194f56,2026090302,,,47,2,792.879993,396.4399965,31,0.319148936,3.0,1067
2,269,"[""13306"",""13320""]",6e4a0b4fc1452604d176d34fabcf9d287421c6e606267eff3ecd3a9f409aebee,2026090302,,,46,2,737.34899258,368.67449629,30,0.304347826,3.0,827
2,270,"[""13302"",""13311""]",c227e9cc532afacdbb985818970ca1f079946c0148291357a19b82d7afe6eb1e,2026090302,,,64,2,1039.07998676,519.53999338,50,0.5625,1.0,1257
2,271,"[""13316uwt"",""13320""]",6642c04e1b1b7d86fc51f75493e863afed315b21ca0b882987191ebcd2e77f16,2026090302,,,37,2,625.64899476,312.82449738,21,0.135135135,3.0,769
2,272,"[""13309"",""13404""]",7fc696d65c4ac3cd77748ada534a8818bbbd4af3dd697fb5d542f7981bb0530f,2026090302,,,39,2,1104.7819929,552.39099645,22,0.128205128,7.0,1156
2,273,"[""13308"",""13407""]",3c1dd589012edfb46c704e65bc6593d96deb63488b1e0e37eed426343b00cd80,2026090302,,,48,2,1242.5389919,621.26949595,31,0.291666667,7.0,1197
2,274,"[""13323"",""13326""]",1094d01dbfabb9410508893530227c928b278cda319de17faa51120dc76b16e0,2026090302,,,29,2,506.79699803,253.398499015,21,0.448275862,3.0,634
2,275,"[""13320"",""13323""]",40b96abd564c878a828beedaf68d5f43936907d87c2c23eeb3f1d5bbbf9c92bd,2026090302,,,24,2,423.401996,211.700998,16,0.333333333,4.5,735
2,276,"[""13317"",""13319""]",ad1cf59c28f4336eaefa181474e480c0fdfc30efc96b3a59cee2f1382718c908,2026090302,,,64,2,1041.20299337,520.601496685,37,0.15625,2.0,1174
2,277,"[""13401"",""13405""]",2e48e0f4683e40ca12610f6705505a6e6094a720bbd07d870f69d7c27831e86e,2026090302,,,25,2,1052.4899935,526.24499675,13,0.04,7.0,874
2,278,"[""13309"",""13413""]",e422aeb5c4ff00a8c840e8165e2e6aba182b8e81fa3cbc05f40f21574a8a033d,2026090302,,,37,2,1020.5519934,510.2759967,22,0.189189189,7.0,1050
2,279,"[""13309"",""13310""]",8077eaa40ebd29a25768ed40a9dc443035785cf3a0cf13015173332ead6a12a6,2026090302,,,46,2,795.14999236,397.57499618,24,0.043478261,3.0,798
2,280,"[""13317"",""13410""]",4cfeec3114e1c7927a52948dc26fca2d74300c7d3b34c99332035ebc5c13ea17,2026090302,,,52,2,1211.89099302,605.94549651,37,0.423076923,6.0,1183
2,281,"[""13403"",""13406""]",764ab253c6c1cefa3f3476284fb42d26ff024b345ff6233df6c0821dea786007,2026090302,,,28,2,1179.219993,589.6099965,14,0.0,8.0,1136
2,282,"[""13312"",""13323""]",bae24b7de8b6a7c1a73ac0196ad37e280bf59df258990b429bb72080485abcb9,2026090302,,,54,2,876.11199206,438.05599603,46,0.703703704,2.0,1192
2,283,"[""13311"",""13316uwt""]",55f8dc3dea3bac92b926d91c131f951dfd16bac43863451e95a5b730245e705f,2026090302,,,35,2,625.68599426,312.84299713,21,0.2,3.0,806
2,284,"[""13310"",""13320""]",ffbb8576fd612eb19aedaa30449003ed72c55ef8930aedb9d7a1d988f073cca1,2026090302,,,40,2,672.61899206,336.30949603,24,0.2,3.0,813
2,285,"[""13302"",""13402""]",5c802f31ab2a27cbb671fd7dedbf28d4b6d176ea2265a346738a14d9482803ef,2026090302,,,67,2,1489.47198666,744.73599333,50,0.492537313,4.0,1275
2,286,"[""13304"",""13320""]",42cd34d0aac22e8b9b4142a0833c749fc82f81d8dc5a4ddca5de961f79df1c4b,2026090302,,,53,2,811.91399322,405.95699661,37,0.396226415,3.0,1243
2,287,"[""13303"",""13313""]",02dfec0b4e21e2440b6f51416d06e9aaa13cbb283fa3a59f45ddd8accf7fc5b0,2026090302,,,91,2,1386.73998426,693.36999213,54,0.186813187,2.0,1198
2,288,"[""13310"",""13322""]",0468f7da40e3fd8c1a21d191b1a9c6fe259e4bcc97fce023c5ac4283edca8469,2026090302,,,50,2,798.26099326,399.13049663,26,0.04,2.0,722
2,289,"[""13314"",""13403""]",351dd60ae6083079711d17b1bd5acc79d772852d3edbed40ea70a5ae893e4b11,2026090302,,,30,2,867.58499596,433.79249798,16,0.066666667,8.0,1007
2,290,"[""13411"",""13413""]",0d7bcef02168ca473325b4d54c48addba8bf3e7d2c8efc1d8350fcc2213104b4,2026090302,,,29,2,1221.719993,610.8599965,15,0.034482759,8.0,1011
2,291,"[""13324t"",""13406""]",803cb0dcd10edefea619150b530382191e6babec6e91e67bb76c62745f08a943,2026090302,,,32,2,905.67999283,452.839996415,18,0.125,7.0,1113
2,292,"[""13312"",""13322""]",a87a05f6aa15f03d608e6c1c7577143ed52c797bcadaca1be372108b8e9f6589,2026090302,,,72,2,1110.17399046,555.08699523,46,0.277777778,1.0,1192
2,293,"[""13303"",""13319""]",691298cc1b7350a4ac1f31d2b8d28a9e0ef74ea7607172f27d4e6c76f91a3008,2026090302,,,81,2,1188.37099205,594.185496025,54,0.333333333,2.0,1259
2,294,"[""13324muw"",""13413""]",f1be74afdca5600e454453625fa42dd794e1fcfe92c4adb46c3355ab0f4a93b4,2026090302,,,32,2,943.14399306,471.57199653,17,0.0625,7.0,993
2,295,"[""13309"",""13324t""]",20151c60542c6aa5bb9abec18de9d116759c310140ac4ed5349408e2ea76bacc,2026090302,,,40,2,704.51199323,352.255996615,22,0.1,3.0,790
2,296,"[""13310"",""13315""]",d4bbefda75aa5b5dc9bec8cdc47535a26250e70c7c0dba99eb60ded1fcb8e191,2026090302,,,55,2,832.77799512,416.38899756,31,0.127272727,2.0,738
2,297,"[""13301"",""13314""]",b6d6b0f73a8f28b70c9c35bb18b172e23b23277f7f39e7b7758aea4359f4b132,2026090302,,,52,2,875.90999732,437.95499866,36,0.384615385,4.0,1161
2,298,"[""13311"",""13402""]",afe7234aec2bfb0ea41eab36c2af7a3a9cd780e6e258f555aea1a810c1931881,2026090302,,,31,2,982.2879921,491.14399605,17,0.096774194,8.0,1137
2,299,"[""13319"",""13320""]",f392a4eca098d92bd7446d263625c9a5cbeea29cf0954916f9c0afd9f692c5c4,2026090302,,,43,2,726.56299295,363.281496475,27,0.255813953,3.0,1144
2,300,"[""13302"",""13414""]",3180f2cfaddd6394f756b3d5c37cfdba60a15a98efd2794a85fd9d584860156e,2026090302,,,62,2,1278.51198766,639.25599383,50,0.612903226,2.5,1257
2,301,"[""13324t"",""13402""]",96d998125b06955f6a3370ec7ccae58abe8213c032adf9755daafc547376d694,2026090302,,,35,2,1032.40999233,516.204996165,18,0.028571429,7.0,1137
2,302,"[""13301"",""13307""]",4aba71f17f9b8eabdb5bd0217bdd54acd1dfcce2e3e7db5100867e762345492f,2026090302,,,51,2,849.26799518,424.63399759,36,0.411764706,3.0,1161
2,303,"[""13302"",""13405""]",0e67fd45b941bed810c3b9efcc18f738c5dd06352ec1a74b68b055d96709209d,2026090302,,,63,2,1320.24198716,660.12099358,50,0.587301587,3.0,1257
2,304,"[""13302"",""13313""]",a4ce40958b884974a2ec2662c4925979e557d74800120d44b17794d19fd23b8b,2026090302,,,87,2,1432.15297922,716.07648961,50,0.149425287,1.0,1257
2,305,"[""13408"",""13411""]",382632d1605a750210b45c272da4c82a33496399103fd52245c216ae3a51624d,2026090302,,,25,2,1053.259994,526.629997,14,0.12,7.0,939
2,306,"[""13315"",""13412""]",06cf58997b3b03ea0df348bd59bc5a7a7ec01ae41747feb9bd9225a2d9eee7ff,2026090302,,,46,2,1057.40999566,528.70499783,31,0.347826087,4.0,1130
2,307,"[""13306"",""13403""]",19398f9c2f07ce2b08e93fd6634c829ca9bdf6fd2a7727d5230252a84d05a085,2026090302,,,44,2,1061.04799248,530.52399624,30,0.363636364,5.0,1007
2,308,"[""13302"",""13316m""]",7a5294a1425f1779497735e8f876501a60bbc13aa136f00c562708bfad4c0a2a,2026090302,,,73,2,1143.08598842,571.54299421,50,0.369863014,2.0,1257
2,309,"[""13304"",""13324muw""]",10d0c0c5b7ef03f7b7e34123e84a99afeb8417132670051610ea5d709ff14564,2026090302,,,54,2,857.03699318,428.51849659,37,0.37037037,1.5,1243
2,310,"[""13404"",""13409""]",838445ef7e871e7e253cdc01a8078a584e2747e99c8ee471f4cf8ea468dfb4bf,2026090302,,,34,2,1432.679992,716.339996,17,0.0,9.5,1236
2,311,"[""13307"",""13312""]",b9f0c0d3ad5bd95971d6d3087ccac4bd64a3021a296934f8e9f9a7ec2d136bab,2026090302,,,61,2,969.95398998,484.97699499,46,0.508196721,1.0,1209
2,312,"[""13323"",""13407""]",1f8c5e9e0b9a331d65a784ba93fe553d4a4b4828f841ca5a70590492535e5924,2026090302,,,25,2,873.0609949,436.53049745,17,0.36,7.0,1179
2,313,"[""13305"",""13308""]",76471e822532e3fea562a521ec670aa9cb9176eadfa00242ebe5c4240d71a243,2026090302,,,61,2,964.73199314,482.36599657,31,0.016393443,3.0,1084
2,314,"[""13325"",""13407""]",aab7bf403a8b05bbf386622f092b709c413603d88a97d2f9ba3b8b8fba115996,2026090302,,,59,2,1381.550989,690.7754945,42,0.423728814,4.0,1198
2,315,"[""13301"",""13309""]",b71041e12803192f3ae62bb838fb3b9d0cd730f818ca38d7cb9f8a3d973fdf7d,2026090302,,,58,2,986.37699476,493.18849738,36,0.24137931,3.0,1161
2,316,"[""13306"",""13410""]",de0521689767490c19df444a8de07dc0557dee5b7b4ddb73c7298a26be0bb96e,2026090302,,,45,2,1102.77799198,551.38899599,30,0.333333333,5.0,1238
2,317,"[""13316uwt"",""13404""]",fc9e10b797643d2d519a9c9db1b4a83f12eb767f5f52b10fd96feee62efe553a,2026090302,,,38,2,1076.07799416,538.03899708,21,0.105263158,7.0,1156
2,318,"[""13401"",""13410""]",63b159e27ea3d11ba935bc4000cfc360498f181eb82249129b84dc3fb4466851,2026090302,,,27,2,1136.719993,568.3599965,15,0.111111111,7.0,1286
2,319,"[""13319"",""13324muw""]",c00e7ce6d2f1d0443e3ae32514c774ccd81b1efe1262738c863a7b332cd851e6,2026090302,,,44,2,771.68599291,385.842996455,27,0.227272727,3.0,1144
2,320,"[""13316uwt"",""13407""]",00f7eb003996fe2567cc3da0dec191624516541e9bc503afd8465634210270c2,2026090302,,,38,2,1075.30799366,537.65399683,21,0.105263158,7.0,1179
2,321,"[""13309"",""13324muw""]",6102bd670e3133a1b5730e72896e44c4f4e49e36f0615635e87987b0d4437f25,2026090302,,,39,2,699.47599346,349.73799673,22,0.128205128,3.0,790
2,322,"[""13304"",""13319""]",b7030f857be0ce3a5f2d488cfca0cdc1c4d07c4c7ac97eb6694edaeda182e1b2,2026090302,,,64,2,1006.65499297,503.327496485,37,0.15625,1.0,1245
2,323,"[""13323"",""13412""]",b9076b35f00472d95dc84549a9d90ed460af32f951e7c2406e2535b60f307b55,2026090302,,,23,2,788.8309954,394.4154977,15,0.304347826,10.0,1105
2,324,"[""13325"",""13413""]",47e376a6000581e18c2930527f67d9b760d8027f337c7ea2d659758c536eed01,2026090302,,,57,2,1298.09099,649.045495,42,0.473684211,3.0,1148
2,325,"[""13322"",""13406""]",2f621ab3b25ac766454978a7b68787b93c60e0832c59a2bfded4cce0f60d1f22,2026090302,,,40,2,981.1629943,490.58149715,26,0.3,7.0,1113
2,326,"[""13316uwt"",""13411""]",f065aeb0ff6220cc3eb639b19d597aa57bb8ed4053ec62b81c242f6178af4e52,2026090302,,,35,2,949.34799466,474.67399733,21,0.2,7.0,902
2,327,"[""13324muw"",""13403""]",c4490ec97929246ef5a9ff951bc179b112f69afda58b4a0759bcdc7af75b837a,2026090302,,,31,2,900.64399306,450.32199653,17,0.096774194,7.0,1007
2,328,"[""13308"",""13312""]",9bf3899168dffe3bcdd7d082f2e56e56ff725afdcbe3bb709d1947592ee8c72e,2026090302,,,77,2,1245.58998906,622.79499453,46,0.194805195,3.0,1200
2,329,"[""13301"",""13413""]",8551a91326012ffbb62a2f11a0d78b1df90ddb1645008548a8e065dd52f69998,2026090302,,,51,2,1230.04499436,615.02249718,36,0.411764706,8.0,1161
2,330,"[""13304"",""13410""]",614768af5727f0907390c1911a050b92b61b203734b0b25f39a86eb704bcc098,2026090302,,,52,2,1177.34299262,588.67149631,37,0.423076923,5.0,1254
2,331,"[""13403"",""13413""]",d3291993550cbc2ebe519b90cda579c160d741425652c54ae8df4f582a7e4c52,2026090302,,,29,2,1221.719993,610.8599965,15,0.034482759,8.0,1100
2,332,"[""13312"",""13324muw""]",4ed2e1be08d5a1304acb9dfaf0122a5c83710765b41f06225660d6976e02af92,2026090302,,,63,2,1029.65498922,514.82749461,46,0.46031746,2.0,1192
2,333,"[""13314"",""13409""]",dba2aa0eccb56b5d457e0c211412f07a0477dcf85930d55de8f99350f43788d9,2026090302,,,33,2,994.31499546,497.15749773,17,0.03030303,8.0,1181
2,334,"[""13308"",""13316m""]",16939f9693d4cb15ab0f3f471523a247e7303e7fccb70c6e87f780043e5eb71e,2026090302,,,54,2,896.92299416,448.46149708,31,0.148148148,3.0,1067
2,335,"[""13309"",""13325""]",ac928f8969c32ecc55af24a08075254883e864efbd8c1e7138e80143ef26cd2f,2026090302,,,64,2,1054.4229904,527.2114952,42,0.3125,3.0,1205
2,336,"[""13314"",""13322""]",8881849f149178d139d0720b3ae2d759d3692571276c0239bd4759cf0f74729f,2026090302,,,42,2,669.52799726,334.76399863,26,0.238095238,3.0,742
2,337,"[""13302"",""13411""]",17e66b9afe3195fbdb2c4f5d61cd2d780546e3b56ec51cb1d2e41677c6a0f492,2026090302,,,64,2,1362.74198716,681.37099358,50,0.5625,3.0,1257
2,338,"[""13306"",""13311""]",268439884f3fcad03066b0895b515ee16bdcec10ac27c51230ba5fbdc3e72674,2026090302,,,44,2,737.38599208,368.69299604,30,0.363636364,3.0,807
2,339,"[""13313"",""13321""]",b7d7aa0bc78618cc3a1e1a56b3a4a8091bf4f4a88f9377c63cf28015cb031e60,2026090302,,,59,2,1066.55398696,533.27699348,37,0.254237288,3.0,1162
2,340,"[""13326"",""13404""]",d84b501d72e79f228eff95aec3e565ce59b912f666c7e4c53d1ea961e344618a,2026090302,,,38,2,1065.64599463,532.822997315,21,0.105263158,7.0,1156
2,341,"[""13313"",""13317""]",e0987b9ec59841b9743d9d2ac6ce71954fd434f33346214f9f83034a7eb719db,2026090302,,,74,2,1239.57198558,619.78599279,37,0.0,2.0,1105
2,342,"[""13306"",""13316uwt""]",4711845635f3697335c8a69e7412e3cec9f91382f0627794e303902ae586248e,2026090302,,,51,2,831.17599414,415.58799707,30,0.176470588,3.0,818
2,343,"[""13403"",""13408""]",0f95efcbea7f166bb0e36d77b9e1c689ef49595f4b0a4bb4599d424e53b91365,2026090302,,,25,2,1053.259994,526.629997,14,0.12,8.0,1007
2,344,"[""13326"",""13407""]",410f96a3d36a9cf2eb7d33ee2bafd4f60aee972ad173e1fc02fa477921653d17,2026090302,,,38,2,1064.87599413,532.437997065,21,0.105263158,7.0,1179
2,345,"[""13315"",""13409""]",3cb39a7b7f6051d3be840f17588dbdffd0e66e929f46df4474db9885afb3b565,2026090302,,,48,2,1142.40999566,571.20499783,31,0.291666667,4.5,1170
2,346,"[""13322"",""13413""]",7b68c8b7da03e2fd459ff4e6d0aa2cd7b14fbd1d769f36cb53619c226815795a,2026090302,,,41,2,1023.6629943,511.83149715,26,0.268292683,7.0,993
2,347,"[""13325"",""13409""]",d899f286ba4f517f6b387eea74a3683cb6bb0e399c67596d5c9bec58e552b1f8,2026090302,,,59,2,1382.3209895,691.16049475,42,0.423728814,4.0,1186
2,348,"[""13309"",""13313""]",7502cd6e8fd9b6dd98bbf6bbf9b01a994a973a9a088b6e50a7b5eae20f76a56e,2026090302,,,59,2,1047.46298546,523.73149273,37,0.254237288,3.0,1115
2,349,"[""13304"",""13414""]",8698459bb12f76a0a5e202976c3271e80a4c73dbf27b94651d5ee96d221af6a1,2026090302,,,49,2,1051.38299362,525.69149681,37,0.510204082,3.0,1243
2,350,"[""13313"",""13324muw""]",97387090959b8792dad7fa50548d500dd4952591de543269b2f8a6dfb0644bcc,2026090302,,,54,2,970.05498512,485.02749256,37,0.37037037,2.5,1095
2,351,"[""13315"",""13320""]",64ee007ac7aae2fa0c767c0057903e5186219259212b991758b3d8e196bc516e,2026090302,,,47,2,691.98099626,345.99049813,31,0.319148936,2.0,779
2,352,"[""13302"",""13407""]",346c3bfc7bc91021565720367c92aaf4367af7894584bd300abee0ed425047bd,2026090302,,,67,2,1488.70198616,744.35099308,50,0.492537313,4.0,1257
2,353,"[""13308"",""13401""]",29a7d222e4fd0d18a91d63be8da21382ec231aebb2f30d90917e36d7e2336bff,2026090302,,,43,2,1032.3489934,516.1744967,31,0.441860465,7.0,1126
2,354,"[""13305"",""13411""]",40c25b053f2d782ed138580dc5edad225c00bfa14e60f7989541db227793b92f,2026090302,,,44,2,1027.37299324,513.68649662,30,0.363636364,5.5,966
2,355,"[""13317"",""13318""]",bda704ab94e692a53dd4a469273eb594ec4020fcc39136da3d3b3930a0b06890,2026090302,,,70,2,1116.03199148,558.01599574,37,0.057142857,2.0,1153
2,356,"[""13310"",""13412""]",3b5e208ac7c32026b46c1759b064ab52bd4ec14434af3eeee4798a23eaf1a442,2026090302,,,39,2,1038.04799146,519.02399573,24,0.230769231,7.0,1164
2,357,"[""13324t"",""13412""]",6571b4faceb3312908e6488b2bb3bfc9895bfe019fec758437e0c25b6a303e53,2026090302,,,33,2,947.40999233,473.704996165,18,0.090909091,7.0,1105
2,358,"[""13321"",""13407""]",c452674d3c4effbe06b933430641a5b754a454174e56560ef6e33b349731816b,2026090302,,,39,2,1123.1029939,561.55149695,22,0.128205128,7.0,1179
2,359,"[""13313"",""13413""]",039e7c5de1950196b8867a62c8d896fad452c143dd84904a9bb0e3ecfdd59b3c,2026090302,,,52,2,1291.13098506,645.56549253,37,0.423076923,5.5,1095
2,360,"[""13316m"",""13414""]",0a695829e1e33df71656e58727c5c1cdf1d5e9f15bcb24a081e261def143a8a1,2026090302,,,35,2,875.33399476,437.66699738,23,0.314285714,7.0,917
2,361,"[""13303"",""13304""]",be8fd95d8e11d96a179760f277df1fd22102bf2fcc5623819fd32fe2faf2bd30,2026090302,,,91,2,1273.72199232,636.86099616,54,0.186813187,1.0,1257
2,362,"[""13309"",""13319""]",ec27cb4ce112b9186f856cf96518a0508bbe650dc909c90648f331b719775cc5,2026090302,,,49,2,849.09399325,424.546996625,27,0.102040816,3.0,1207
2,363,"[""13313"",""13411""]",1ab152f508902aa05f1721a4ee4327b382feb235184b00e269a7be86c4932986,2026090302,,,51,2,1248.63098506,624.31549253,37,0.450980392,4.0,1095
2,364,"[""13404"",""13411""]",14184866a1cfdf788a2332cc8e1436c5dd57ac9db2b76040d1a71c4895e949ef,2026090302,,,31,2,1305.9499925,652.97499625,17,0.096774194,8.0,1156
2,365,"[""13309"",""13406""]",85df775c4cd3d1cd8bdc9c7a1625e864db48c64ad1bb4967d107e06010db12ea,2026090302,,,36,2,978.0519934,489.0259967,22,0.222222222,7.0,1113
2,366,"[""13303"",""13322""]",e50f9be4bd329252a2c7ee97caf027810ea2a79715983adb50aea145c7f57c50,2026090302,,,80,2,1119.2719935,559.63599675,54,0.35,1.5,1198
2,367,"[""13303"",""13311""]",c56654f37a1486b49663320346cfde70565e65c50bb7edb2e543626d90cfae18,2026090302,,,68,2,993.6669918,496.8334959,54,0.588235294,2.0,1198
2,368,"[""13306"",""13405""]",5e3a747f65c4b188dc6a377172304eaa08eaabbc79f88372caad89c31423fd4b,2026090302,,,43,2,1018.54799248,509.27399624,30,0.395348837,4.0,832
2,369,"[""13403"",""13404""]",f28edf6028c17b0f672c8aaf247299c4e21fbc709047ece2a771dd306d4078e6,2026090302,,,31,2,1305.9499925,652.97499625,17,0.096774194,9.0,1159
2,370,"[""13313"",""13406""]",a327c3a975dc288fe8f7e68d94b959b888080f841de9a61b97b6d72577e5ea14,2026090302,,,51,2,1248.63098506,624.31549253,37,0.450980392,5.0,1142
2,371,"[""13309"",""13411""]",33022c54b0b7f5f1ca2d12b05a605262702b87fcda04209168cfcee4ec2bc00b,2026090302,,,36,2,978.0519934,489.0259967,22,0.222222222,6.0,938
2,372,"[""13315"",""13403""]",8da29da8905c2028dca1536c371aa6c6da9e642cdabfdd39cbf2d388052ce1fa,2026090302,,,45,2,1015.67999616,507.83999808,31,0.377777778,4.0,1007
2,373,"[""13303"",""13412""]",f234ce9cdd479546f2e5760bc15c68aed340e18ea63c9c786a49f3a98755f3a1,2026090302,,,69,2,1359.0589917,679.52949585,54,0.565217391,3.0,1208
2,374,"[""13307"",""13410""]",8df0e996ce31e1d06b218192ea521326486ba052a5bd3c74bcf35d02a9b0e937,2026090302,,,30,2,882.67299332,441.33649666,15,0.0,7.0,1236
2,375,"[""13318"",""13325""]",9ee328afa2cedd26b739661f6988238746dd1948435c77d1d8caeac40b9cc4ea,2026090302,,,75,2,1201.46198796,600.73099398,42,0.12,2.0,1145
2,376,"[""13406"",""13414""]",e95ebbfeac5ce740f93718e5322ae5d065ce017e8ff2f2320505979c0835e2c8,2026090302,,,26,2,1094.9899935,547.49499675,14,0.076923077,8.0,1113
2,377,"[""13325"",""13414""]",d5812fb83ec8f01320e1dcd0ff5e633c2085c5c3af3d781d97ad681c0107aa48,2026090302,,,54,2,1171.3609905,585.68049525,42,0.555555556,3.0,1131
2,378,"[""13325"",""13408""]",aaa8a1bfbd481c395966cc2931e61fbbbb800fb595c21a5c26f58639f9689a8d,2026090302,,,53,2,1129.630991,564.8154955,42,0.58490566,3.0,1206
2,379,"[""13306"",""13414""]",8af112b0eb8502e1c63994fa552d09038d476ee25893255b39868a5be189bff0,2026090302,,,42,2,976.81799298,488.40899649,30,0.428571429,4.0,975
2,380,"[""13326"",""13401""]",89a2898cb514b321aaf1f70dc0e18aa64c2b7a61db0a43597502e051f1d62bfc,2026090302,,,33,2,854.68599563,427.342997815,21,0.272727273,7.0,874
2,381,"[""13407"",""13409""]",b537eebd8f956b08f6a92f4b2b72e659711dcc0c4490a654c5e42d1ee1254a77,2026090302,,,34,2,1431.9099915,715.95499575,17,0.0,9.5,1182
2,382,"[""13304"",""13309""]",fb4d0862ec825bef7167cffebe1f30cd25d0831acd275743dd03dfdb8251ddda,2026090302,,,59,2,934.44499352,467.22249676,37,0.254237288,3.0,1243
2,383,"[""13302"",""13323""]",25ee606485552c324af5af3eff6bb903a78bc3b7542384f4ddafbb444d20b766,2026090302,,,58,2,930.62299006,465.31149503,50,0.724137931,1.0,1257
2,384,"[""13301"",""13316m""]",fd5636565bda2ba48aed9c8800de177a4ca0cd9ee437959b8dacdacab66035bf,2026090302,,,59,2,967.88899562,483.94449781,36,0.220338983,3.0,1161
2,385,"[""13316uwt"",""13326""]",8f557253d2ba4971a195433e3977c17b0e52512efec3499f9494c061a894fd09,2026090302,,,42,2,709.04399679,354.521998395,21,0.0,3.0,760
2,386,"[""13303"",""13305""]",4ba2d78ff8e475552c514fdca36b5b12daff117ae0d06ef9b88ff7e814442b17,2026090302,,,84,2,1165.48199244,582.74099622,54,0.285714286,2.0,1198
2,387,"[""13319"",""13408""]",ab3491e16251e5060ce404142434739750a5423baca46b2ca6946fad13489f5e,2026090302,,,38,2,924.30199385,462.150996925,27,0.421052632,7.0,1208
2,388,"[""13303"",""13404""]",6b472fad716df450baf0c3724f9ad29e1b8e291334d536100bd499e8d03bdadd,2026090302,,,71,2,1444.0589917,722.02949585,54,0.521126761,3.0,1198
2,389,"[""13303"",""13316m""]",3dd86b4f9dfec12b33d803e20af4dd91d092eff57b6fb1b5779bd9bdc1e27c2d,2026090302,,,77,2,1097.67299346,548.83649673,54,0.402597403,2.0,1198
2,390,"[""13312"",""13413""]",293ac8f4cfcfea0f2bd017e1411a20e7b07ea4dd5333ed4643ab4c2fd1a2d3e5,2026090302,,,61,2,1350.73098916,675.36549458,46,0.508196721,5.0,1192
2,391,"[""13306"",""13402""]",30fd04fef4f474e5c2ce97a52d51d0ca114fd92edee0cf6798e9f08b0f36b46e,2026090302,,,47,2,1187.77799198,593.88899599,30,0.276595745,6.0,1137
2,392,"[""13323"",""13409""]",17fcb939bc6d78e663c0684c69fdb04e343f9f24d7bb0cccf301fd1cb580edd3,2026090302,,,25,2,873.8309954,436.9154977,17,0.36,7.0,1170
2,393,"[""13303"",""13321""]",994b7d693462ce3d7b458aee55a9231433a0096c23c380c3be261e7f93215326,2026090302,,,76,2,1135.2519941,567.62599705,54,0.421052632,2.5,1234
2,394,"[""13316uwt"",""13412""]",da0740854f55b9c01e83de711119d406ff1d74f347e657b1f60a89f7d50c2abc,2026090302,,,36,2,991.07799416,495.53899708,21,0.166666667,7.0,1120
2,395,"[""13306"",""13309""]",4d2916df247fea023cd636e362fbcbae7a9af239c14cd83290644c610c39408e,2026090302,,,52,2,859.87999288,429.93999644,30,0.153846154,3.0,812
2,396,"[""13315"",""13414""]",3023f7ae7d95988f88414ee5eb63ab5d0d9bc8ac0d0d5e32b8cc75de93aa2c9d,2026090302,,,43,2,931.44999666,465.72499833,31,0.441860465,3.0,927
2,397,"[""13316m"",""13408""]",c6da926835cd4ac14309b72962a3b1e346baf1c12090f04b20a64e5d4bbdde6d,2026090302,,,34,2,833.60399526,416.80199763,23,0.352941176,7.0,797
2,398,"[""13311"",""13401""]",1ee34c5941fce472de73e0a4839cae787427032b8b47175e3b71a67d43d43612,2026090302,,,26,2,771.3279931,385.66399655,14,0.076923077,7.0,874
2,399,"[""13302"",""13401""]",90ce34c99c4af3ef4a7b608c6c2c10f532ec1f303cca2b2a82536420fe2daec8,2026090302,,,62,2,1278.51198766,639.25599383,50,0.612903226,2.5,1278
2,400,"[""13306"",""13409""]",e5898bc2db7fe65cd1236078fa7b98cdf706d254b95e81d91bb0552f93a80721,2026090302,,,47,2,1187.77799198,593.88899599,30,0.276595745,6.0,1211
2,401,"[""13310"",""13402""]",04dbcf7ee14debf6015e0cbf2083fa98c264c3d4b51d9ec981674c685ab8bc2a,2026090302,,,41,2,1123.04799146,561.52399573,24,0.170731707,7.0,1137
2,402,"[""13409"",""13413""]",cd7c500905a43ee3c80fcb7653bfbd483199d4caf2f5dfaa8ce918f8f974a0b7,2026090302,,,32,2,1348.4499925,674.22499625,17,0.0625,8.5,1170
2,403,"[""13302"",""13305""]",107c04728e1081588f93f6e0c30ecee34cdb84d5ca05352662ba7a2e71abd344,2026090302,,,80,2,1210.8949874,605.4474937,50,0.25,1.0,1257
2,404,"[""13406"",""13408""]",d1c4d92cc6b56ebbf1d6d0357a0a7547f58a617c605409ed075091b188b6318d,2026090302,,,25,2,1053.259994,526.629997,14,0.12,8.0,1113
2,405,"[""13318"",""13324muw""]",6281c0a1c3a831b5f856d7b702716c09f7d6341a327c5b641a0c99409f889bcf,2026090302,,,50,2,846.51499102,423.25749551,33,0.32,2.5,1126
2,406,"[""13308"",""13324t""]",42756b64e9173d62f6af0eb50263220400fc4c0f90eff0923426e46b0272cd48,2026090302,,,49,2,843.03899273,421.519496365,31,0.265306122,3.0,1067
2,407,"[""13303"",""13312""]",861db372284047f5eff680d77c3b4e586d29853d84ae2102564a0197999eefec,2026090302,,,100,2,1446.33998836,723.16999418,54,0.08,1.0,1241
2,408,"[""13315"",""13407""]",644111f63e4b0d9046aa2b6c2ac262fe2ccf3903d7fcc63154bd1125487a17f6,2026090302,,,48,2,1141.63999516,570.81999758,31,0.291666667,4.0,1179
2,409,"[""13305"",""13324muw""]",ed1f20130866872346dc9b3d4c6aeecf8820261854b09ea66c470167b2c9bd16,2026090302,,,47,2,748.7969933,374.39849665,30,0.276595745,2.0,768
2,410,"[""13321"",""13322""]",adddb579ef99a0b62bb93d1890b1a0383d5f3477a4b4ae80917dd4b06ba11d1f,2026090302,,,48,2,799.0859962,399.5429981,26,0.083333333,3.0,1109
2,411,"[""13301"",""13313""]",c3acf761bcf3cd13a99f6e0c3721978e0f84bb5608f59a6e08f07ff571106318,2026090302,,,73,2,1256.95598642,628.47799321,37,0.01369863,3.0,1167
2,412,"[""13314"",""13316m""]",8e2a02dd7ca829af067ca32156e7daa25f4cb39edd6bd7fce6e0f4b7796fc544,2026090302,,,39,2,647.92899722,323.96449861,23,0.179487179,4.0,788
2,413,"[""13403"",""13411""]",5a33b31000bd631726ec80863492f09493b3e30391873bba6e5a12390ec3149b,2026090302,,,28,2,1179.219993,589.6099965,14,0.0,7.0,1007
2,414,"[""13324t"",""13405""]",acf2723e9f0219ff40960d5fbc9d8bf4a0cfbc64185489f6326b255465c52cae,2026090302,,,31,2,863.17999283,431.589996415,18,0.161290323,7.0,832
2,415,"[""13409"",""13412""]",21ae779ef9f2fe038d0d4841ffd521448d0c31e3057b13cec6ab10f2c9407829,2026090302,,,32,2,1347.679992,673.839996,17,0.0625,10.0,1170
2,416,"[""13304"",""13308""]",d06cbcd46b9a50291cbb7de1bc07468651289eb0a1f66f646ec128fb04cfbc72,2026090302,,,68,2,1072.97199302,536.48599651,37,0.088235294,3.0,1243
2,417,"[""13304"",""13316uwt""]",fe6b81bf96c86d0081f6cfabe232af6e38ed17d7bdf825440a8fe7fe66baa2ea,2026090302,,,58,2,905.74099478,452.87049739,37,0.275862069,3.0,1243
2,418,"[""13320"",""13324muw""]",bae17bb836643349813eaa0ea8a8bf91b2164255077aef66eb829801e7d6a7b3,2026090302,,,33,2,576.94499316,288.47249658,17,0.03030303,3.0,735
2,419,"[""13301"",""13323""]",b70682ee13262c543afd69e97494aff5bbb30d9484e37bdc1d628b136613fae3,2026090302,,,44,2,755.42599726,377.71299863,36,0.636363636,3.5,1161
2,420,"[""13324t"",""13413""]",4a73dc37854e4f27472132f75b3385e5ddf0de90044647dc5abce0af57616374,2026090302,,,33,2,948.17999283,474.089996415,18,0.090909091,7.0,993
2,421,"[""13316m"",""13404""]",1df453f9617202023e2681981d20f8483fc870dca66d5875ae556d70d8680eac,2026090302,,,40,2,1086.29399376,543.14699688,23,0.15,7.0,1156
2,422,"[""13315"",""13324muw""]",6ec342dbfd6cde217ec6712af2097fcb769ecba056bd4100266b382cd09a46d9,2026090302,,,48,2,737.10399622,368.55199811,31,0.291666667,2.0,704
2,423,"[""13301"",""13408""]",7e5632b4bcf4cb7fd7b1d67e5f0cb1ed9edbec2124375d3c04c9a1e4942977c5,2026090302,,,47,2,1061.58499536,530.79249768,36,0.531914894,7.0,1161
2,424,"[""13302"",""13410""]",fa865fcc78e7442a0c49857b2ed6583ff33f8fd50f245a94a93ce8f9d3e8824c,2026090302,,,65,2,1404.47198666,702.23599333,50,0.538461538,3.0,1265
2,425,"[""13311"",""13408""]",58587eb47fc4481c0e8e0e9da08c32a6cade39db635cc062767ac91c117566f9,2026090302,,,25,2,729.5979936,364.7989968,14,0.12,7.0,794
2,426,"[""13309"",""13312""]",eafeb36881cb7d1a538fee1d460a28273012c86724c3d3eafb547a848def9571,2026090302,,,68,2,1107.06298956,553.53149478,46,0.352941176,3.0,1192
2,427,"[""13325"",""13411""]",c00612d5e9d4f6bef0805a03a07fab9454105d61ba1044700b675902efc104c6,2026090302,,,56,2,1255.59099,627.795495,42,0.5,3.0,1166
2,428,"[""13316m"",""13403""]",3f0d1d7e19af24c7b2cc61980dd89bf4d30ca9a339c6ce84df273d9bc3e34e07,2026090302,,,37,2,959.56399426,479.78199713,23,0.243243243,7.0,1007
2,429,"[""13402"",""13410""]",300b79dc866c436234af25fec6894b04798cf19f8b598d96ba4f0ce86ccdad4c,2026090302,,,32,2,1347.679992,673.839996,17,0.0625,8.0,1283
2,430,"[""13306"",""13319""]",550b3b6b283df01b9482d7159340fff3ef6162a09705775340c8703dfb72fa99,2026090302,,,57,2,932.08999233,466.044996165,30,0.052631579,3.0,1229
2,431,"[""13301"",""13324t""]",e4bb52e4b74222d4f6b4eb5767c309e56c4f524707da5258389a11e013070d5c,2026090302,,,54,2,914.00499419,457.002497095,36,0.333333333,3.0,1161
2,432,"[""13315"",""13316uwt""]",305960af7ee5565289a35726bbc5ec12140789f882246615560be909d316a0ad,2026090302,,,52,2,785.80799782,392.90399891,31,0.192307692,2.5,770
2,433,"[""13309"",""13409""]",dbde66d742e4191441150a47287573d5f58cd37b278ee6c15cc14dfaf854aab2,2026090302,,,39,2,1104.7819929,552.39099645,22,0.128205128,7.0,1189
2,434,"[""13303"",""13408""]",09f95a130bdb34694f29cd1fe0694c6f0f9e33cc7681318a979cf6332380273c,2026090302,,,65,2,1191.3689932,595.6844966,54,0.661538462,2.0,1198
2,435,"[""13318"",""13406""]",0d15f31119534c814832c1f40e741caac02e2854183e4f424f0bf89a975f58d2,2026090302,,,47,2,1125.09099096,562.54549548,33,0.404255319,7.0,1213
2,436,"[""13309"",""13401""]",aabb7f8a1209d6f3c412bd74b2f8e686b729dba3e7bdcb14122e13cb565853ef,2026090302,,,34,2,893.8219939,446.91099695,22,0.294117647,6.5,874
2,437,"[""13309"",""13402""]",6c871e514dcd1cb220a30597a12be28a51822e30f1265a8eb12a6038e32d2e6e,2026090302,,,39,2,1104.7819929,552.39099645,22,0.128205128,7.0,1137
2,438,"[""13317"",""13412""]",f0c5c9185f06bec3eb285a946cfb921c673bf913f464e69106224c3427cf23a0,2026090302,,,52,2,1211.89099302,605.94549651,37,0.423076923,7.0,1123
2,439,"[""13323"",""13403""]",4bb04a6e5c400d45b1ca36c5a342f3e9577fd99c010caf97c2fa055d54a66c0c,2026090302,,,22,2,747.1009959,373.55049795,14,0.272727273,7.0,1007
2,440,"[""13315"",""13317""]",cdc7bdeb1ecae216d49586b1a8c80283234d9b6d8cc54dff44f0d6ce3895e175,2026090302,,,68,2,1006.62099668,503.31049834,37,0.088235294,2.0,1099
2,441,"[""13307"",""13412""]",c787eb34e25dac4991973f31cbea6b5adad9bdf9ce1e4f8748f27c3e06f89d47,2026090302,,,30,2,882.67299332,441.33649666,15,0.0,7.0,1176
2,442,"[""13324t"",""13411""]",0d5b39da785eace6b3ece4bbc0990edaf546225412345d7d79f1b3df6eba73fe,2026090302,,,32,2,905.67999283,452.839996415,18,0.125,7.0,899
2,443,"[""13305"",""13406""]",9d29843d6757d4312a332e82345f2dbf08d5de5449323f6bc664681e9d752c12,2026090302,,,44,2,1027.37299324,513.68649662,30,0.363636364,7.0,1114
2,444,"[""13301"",""13325""]",5809deda64216f27dfd8323224f3e6fb2d73b7742df5e23e56d096c97e02e649,2026090302,,,78,2,1263.91599136,631.95799568,42,0.076923077,3.0,1257
2,445,"[""13316m"",""13320""]",bfc2d308f381312843af1e3e74e8e00a55b6fbede54593090d3efe9fc577a9fd,2026090302,,,39,2,635.86499436,317.93249718,23,0.179487179,3.0,769
2,446,"[""13307"",""13403""]",38ade1eec3f7d092d98c719078d76baca961e79f596ee42839777ab013f7ccab,2026090302,,,29,2,840.94299382,420.47149691,15,0.034482759,7.0,1007
2,447,"[""13405"",""13408""]",9d23c27b989a4847497ad93120518b404266b522f55a9e454d448eb6dcd3119d,2026090302,,,24,2,1010.759994,505.379997,13,0.083333333,7.0,832
2,448,"[""13306"",""13406""]",0d13dd8462d73b2aeaa838ce058c88fabcb97230220465e6a63aea6804424ce2,2026090302,,,44,2,1061.04799248,530.52399624,30,0.363636364,5.0,1113
2,449,"[""13317"",""13325""]",e1de15cab0c65acbd57accd9626e48d90d6a12c8ad55a309efc32b12b56e95db,2026090302,,,79,2,1246.53199052,623.26599526,42,0.063291139,2.0,1172
2,450,"[""13306"",""13316m""]",7ac4539e3480e295f0ff1b8f125a46c7aa090b9506dd7bb80cb528d76ea397f2,2026090302,,,53,2,841.39199374,420.69599687,30,0.132075472,3.0,818
2,451,"[""13307"",""13314""]",0d5c64eaec1a06543da38117351eb38c36e40b368c6a38a7e90832e4e0199983,2026090302,,,31,2,529.30799678,264.65399839,16,0.032258065,2.0,770
2,452,"[""13305"",""13407""]",9443fbcc6d9114c6eddb630ff6c2994f4233440d18db560030c40519a0796bed,2026090302,,,47,2,1153.33299224,576.66649612,30,0.276595745,6.0,1214
2,453,"[""13312"",""13315""]",b83ee42df40a948d30edc1a8ed5965d81226224ca12efc8b30be895c95956204,2026090302,,,77,2,1144.69099232,572.34549616,46,0.194805195,2.0,1192
2,454,"[""13313"",""13326""]",4ecf72283dc280a703f027004f8979d36f8298109eaccebfc825f9a38c5b7283,2026090302,,,58,2,1008.32698719,504.163493595,37,0.275862069,3.0,1095
2,455,"[""13308"",""13314""]",54abb4c9a537357d893f3ecdacdbb900fe6abafe41336e5c61012eebad2d02eb,2026090302,,,47,2,804.94399586,402.47199793,31,0.319148936,3.0,1067
2,456,"[""13304"",""13321""]",44067a7f09bde8f1c620379455e207fd6cde8f2217a6575b159b88932ec14cb2,2026090302,,,59,2,953.53599502,476.76799751,37,0.254237288,3.0,1243
2,457,"[""13318"",""13409""]",16a3f5068eda024ecfbf40d30cb712999b73ecbe477f63a6cb4d1f35135cce09,2026090302,,,50,2,1251.82099046,625.91049523,33,0.32,7.0,1170
2,458,"[""13324muw"",""13405""]",6c9aac5088829bc99e62bbf166b3850e6758a7c198b7c04124fc8b9023ae4ba6,2026090302,,,30,2,858.14399306,429.07199653,17,0.133333333,7.0,832
2,459,"[""13301"",""13406""]",d2af8539a608098f3b5cb58157ad7ec997698bfa9ea65b733a7c64bd141c91b4,2026090302,,,50,2,1187.54499436,593.77249718,36,0.44,7.0,1161
2,460,"[""13316m"",""13407""]",120a02503ddd17a7864cb302fab62d9b464c1dafbc21ad9c8008f7e179bd7653,2026090302,,,40,2,1085.52399326,542.76199663,23,0.15,7.0,1179
2,461,"[""13311"",""13317""]",f548de473a8744d929c72af46012df262dd389592bb3a4e131b1a99a3901a3ec,2026090302,,,51,2,846.49899312,423.24949656,37,0.450980392,2.0,1135
2,462,"[""13319"",""13321""]",fff4d132156b7509f2d0c0a046685fb90ae4e902a7d5ad3059faf6ae638b1d3d,2026090302,,,49,2,868.18499475,434.092497375,27,0.102040816,3.0,1144
2,463,"[""13321"",""13409""]",6d8ec4944e7a3ac2fa500074fb2e6367cf6a48401db7b065f93f1bb2ebcec999,2026090302,,,39,2,1123.8729944,561.9364972,22,0.128205128,7.0,1170
2,464,"[""13323"",""13408""]",347727889cc023697db0dc27d899705fb22ff0437199bad4bd0b7597e8c64bfd,2026090302,structural,trip_light,19,2,621.1409969,310.57049845,11,0.157894737,7.0,766
2,465,"[""13304"",""13322""]",b2cf2dfe567739a1a71baef72ccc6ac8e1bfbf24781d4310d51a9e4c1bcc55e8,2026090302,,,63,2,937.55599442,468.77799721,37,0.174603175,1.0,1243
2,466,"[""13324muw"",""13409""]",46fa4415d186b69aa67b03765c04494fdc547823b20f73ae6a96c7247e5ba57e,2026090302,,,34,2,1027.37399256,513.68699628,17,0.0,7.0,1170
2,467,"[""13307"",""13310""]",d688f36bb4adabb124abc48f413ea9f9d6679083aacbeef4495d226f3bf08ff7,2026090302,,,39,2,658.04099278,329.02049639,24,0.230769231,2.0,764
2,468,"[""13313"",""13318""]",aa77e3e7fbbf07a8cc48a8ce8b9a1baa4b17cddb935c231d4d37b013df5423e6,2026090302,,,70,2,1194.50198302,597.25099151,37,0.057142857,2.0,1166
2,469,"[""13320"",""13406""]",03140ce5131353e5f2127b4ac9d505bdbc7c8e313ba224fc4ac907d52f2cbbc2,2026090302,,,30,2,855.5209931,427.76049655,16,0.066666667,7.0,1113
2,470,"[""13303"",""13402""]",1c060f2193d7f05b63c448cf352c9b740cc55fb2401ea7aff7a104453e9f6e4e,2026090302,,,71,2,1444.0589917,722.02949585,54,0.521126761,3.0,1213
2,471,"[""13316uwt"",""13324t""]",65f88039e42d4203f361876a7daf78408c34cb2c3b78a552ecbdb1159ef79ad0,2026090302,,,39,2,675.80799449,337.903997245,21,0.076923077,3.0,760
2,472,"[""13312"",""13317""]",71a659ed15d5cdae694b5bc1bc981afb8ddd45e9c0b8b981ab41b7f8f65d054c,2026090302,,,83,2,1299.17198968,649.58599484,46,0.108433735,1.0,1192
2,473,"[""13302"",""13325""]",38805e73702d4525cdebaee82d05530df7ee245d650aa8b49d7243e01a9c7101,2026090302,,,92,2,1439.11298416,719.55649208,50,0.086956522,1.0,1257
2,474,"[""13308"",""13313""]",b33035977b3782f4a60606141fb0d8e3ce6991598f9493af81c5e73f8edc313b,2026090302,,,68,2,1185.98998496,592.99499248,37,0.088235294,3.0,1126
2,475,"[""13302"",""13309""]",5aa1339125499509f81eed0482154e69e1e049e21691a03be1b65b118f3fc5c9,2026090302,,,72,2,1161.57398756,580.78699378,50,0.388888889,2.0,1257
2,476,"[""13319"",""13322""]",96ceaf02cbd1751f4e556941c9c256b1b411083023d4fceec270f151563484e3,2026090302,,,53,2,852.20499415,426.102497075,27,0.018867925,2.0,1144
2,477,"[""13312"",""13410""]",6adbb8911a91acc2951cbb3d742f06c8d02161248dc6059a14945dff811aee82,2026090302,,,61,2,1349.96098866,674.98049433,46,0.508196721,5.0,1219
2,478,"[""13326"",""13413""]",0cfc2394ef1e95ef587439df221d53da949410614fb0b9e40219708258a7923c,2026090302,,,36,2,981.41599513,490.707997565,21,0.166666667,7.0,993
2,479,"[""13316m"",""13413""]",f488ecf7621de898da7fd1c11ce5df02315eca324753642f3b8ee11d934ae0ef,2026090302,,,38,2,1002.06399426,501.03199713,23,0.210526316,7.0,1014
2,480,"[""13302"",""13404""]",977e702c8e6f49a22ed316e0f24cf4384770e52a61f748fc5c4771f9faec6489,2026090302,,,67,2,1489.47198666,744.73599333,50,0.492537313,4.0,1257
2,481,"[""13309"",""13407""]",02da31cac13d03283c53df0a1f888645a31a79014b8d2837b4e390fa15202841,2026090302,,,39,2,1104.0119924,552.0059962,22,0.128205128,6.0,1186
2,482,"[""13312"",""13320""]",6b2e3d236760a1221e9c0f580a3181270eeed0d7759a868dc6e338feac59bab6,2026090302,,,62,2,984.53198926,492.26599463,46,0.483870968,2.5,1192
2,483,"[""13322"",""13402""]",39569c111d2c96499bc3a820ca95d5ab22c0f065bf6dda12c4afd4eaf6032a9e,2026090302,,,43,2,1107.8929938,553.9464969,26,0.209302326,7.0,1137
2,484,"[""13310"",""13325""]",0d914d1e35e93ae49d41eae40c5bc11ac0f74bbc84df91b97d087b1247c5b2fc,2026090302,,,66,2,1072.68898896,536.34449448,42,0.272727273,2.0,1213
2,485,"[""13316m"",""13317""]",aa452de78101be33bf7860745bfef29b25d88b0f5865cb7b642291364215840f,2026090302,,,60,2,950.50499478,475.25249739,37,0.233333333,3.0,1092
2,486,"[""13301"",""13316uwt""]",fdb12d552a4aac5188af18a0150ee1e3c519db524571be2be5e21a654562a121,2026090302,,,57,2,957.67299602,478.83649801,36,0.263157895,3.0,1161
2,487,"[""13301"",""13412""]",b5c34ae82dff24f6b874ca87443f8727d8a5c4bd46caabd36806bfb8b9c54434,2026090302,,,51,2,1229.27499386,614.63749693,36,0.411764706,8.0,1208
2,488,"[""13302"",""13312""]",f1405bbc651554527d52554d35b3f7223e7fd9c306d2c70e86123c57ae94ebea,2026090302,structural,energy_heavy,96,2,1491.75298332,745.87649166,50,0.041666667,0.5,1257
2,489,"[""13307"",""13309""]",c2c0853a24fb08aa57fc91561cd10b22baf2025f52b0295969ba130a57b3a397,2026090302,,,37,2,639.77499422,319.88749711,22,0.189189189,3.0,810
2,490,"[""13308"",""13323""]",32f38c1699bcdfd54c1ed0b57014775c07518c04bfe04e87f2ed3e24203b9a2a,2026090302,,,39,2,684.4599958,342.2299979,31,0.58974359,3.0,1067
2,491,"[""13324muw"",""13326""]",e32c5a74b9cb5d0c553486138631c0257675fe48c694e40400ff500735000afd,2026090302,,,38,2,660.33999519,330.169997595,21,0.105263158,3.0,627
2,492,"[""13402"",""13407""]",fbf8b9c26e6a8deee6888fe1b6eeb172377c4c24f3e4617f448f4880614454e5,2026090302,,,34,2,1431.9099915,715.95499575,17,0.0,9.0,1253
2,493,"[""13310"",""13405""]",436f04aad491a4b8a66d92f8ebec74f50e6b132c12a98206f6692eac36fb76cd,2026090302,,,37,2,953.81799196,476.90899598,24,0.297297297,5.0,832
2,494,"[""13308"",""13411""]",820c1f19f622c44aa943dba6ae50908da60ee765ea1e6088301cf09223a8fd3b,2026090302,,,45,2,1116.5789929,558.28949645,31,0.377777778,7.0,1067
2,495,"[""13304"",""13305""]",d8e149ad21df44481731270c8fd08c186065b2345aa5bfda408305fc0d38786b,2026090302,,,67,2,983.76599336,491.88299668,37,0.104477612,2.0,1243
2,496,"[""13309"",""13316uwt""]",96f320a066f391c69046ad1af520df00a1b8a41031610e27b75675674671de58,2026090302,,,43,2,748.17999506,374.08999753,22,0.023255814,3.0,796
2,497,"[""13306"",""13323""]",deee411b06608ff1955f62316207db28bbff5c3aebb399b6ee7d3af8797f06c3,2026090302,,,38,2,628.92899538,314.46449769,30,0.578947368,3.0,807
2,498,"[""13322"",""13324t""]",00f96486ca1af4b7dd9f0b68f2f4a4f714ebb51a41a25a443afef3c3c8ba3a28,2026090302,,,44,2,707.62299413,353.811497065,26,0.181818182,3.0,621
2,499,"[""13318"",""13323""]",f855f3945da45206d7e58003537095635d44abdfa939fde18841b04426fe298c,2026090302,,,41,2,692.97199386,346.48599693,33,0.609756098,3.0,1126
2,500,"[""13321"",""13410""]",18436b33f914379bac848de9424e3b120835a8479f95c91b79df591a75ecb571,2026090302,,,37,2,1038.8729944,519.4364972,22,0.189189189,7.0,1175
2,501,"[""13307"",""13326""]",b874ec0765b9bd871410c36ad2adf77083948604c98d45672c1c9cc1079bc0ba,2026090302,,,36,2,600.63899595,300.319497975,21,0.166666667,2.5,764
2,502,"[""13318"",""13412""]",9af3de3847d2ace12505dc2fa3a8856bcd028fe4ad8b6999a23f3bf4988dc06a,2026090302,,,48,2,1166.82099046,583.41049523,33,0.375,7.0,1135
2,503,"[""13305"",""13401""]",b831728ea94535caf4eb2dd611b40bc8d5ef793d2ae5614603a7b0117def7fef,2026090302,,,42,2,943.14299374,471.57149687,30,0.428571429,6.5,874
2,504,"[""13304"",""13312""]",ff0440240fd4b4a2f183db3cc33f60b8716d86c487b836c4d63fb5ef615fb1e5,2026090302,,,83,2,1264.62398928,632.31199464,46,0.108433735,1.0,1243
2,505,"[""13310"",""13401""]",f2e46f1c2101adc31a8c9fb43a1773f0548b984afa73407e77692ceae0415f2a,2026090302,,,36,2,912.08799246,456.04399623,24,0.333333333,5.5,874
2,506,"[""13406"",""13411""]",bb3e81a364262c68fc02fdc7cbfdefdfe74af253af7fc1f1bbbc5defee1f7fe0,2026090302,,,28,2,1179.219993,589.6099965,14,0.0,7.0,1113
2,507,"[""13307"",""13308""]",2b071d85584e3f2fb73ad9f37b0e1d2729b57fce72de5577ecc280b534017f05,2026090302,,,46,2,778.30199372,389.15099686,31,0.347826087,3.0,1076
2,508,"[""13403"",""13412""]",f6ccd12c799f6286eb582300962845f23587afbc9ced246e77c4a59a05b52140,2026090302,,,29,2,1220.9499925,610.47499625,15,0.034482759,10.0,1206
2,509,"[""13304"",""13406""]",4778e58cf9214aa579f8f0c87514ca4ef62aa83740d47bd77934b700d1af54c7,2026090302,,,51,2,1135.61299312,567.80649656,37,0.450980392,7.0,1243
2,510,"[""13312"",""13324t""]",1d3909ffd7a2aa9c2aa9fa645cc59846079dd4e1a281d5af7b0d0f965e812f90,2026090302,,,64,2,1034.69098899,517.345494495,46,0.4375,2.0,1192
2,511,"[""13401"",""13407""]",311f663a8208bc75d0cb611b7bf869ded9badb6460c930227560fec02f05ac03,2026090302,,,29,2,1220.9499925,610.47499625,17,0.172413793,8.0,1256
2,512,"[""13405"",""13407""]",a4d294f5b124df2006c1cc2100f1c821407e33c1122d8f17be41fc25c3138207,2026090302,,,30,2,1262.679992,631.339996,17,0.133333333,7.0,1216
5,1,"[""13304"",""13320"",""13326"",""13401"",""13405""]",f0012f13b559aad41a76802f10242b2ad03378682baf3461c3ce8d6b3247bb8a,2026090305,probability,fixed_seed_probability_1,99,5,2213.70998535,442.74199707,37,0.462224694,6.0,1275
5,2,"[""13316m"",""13319"",""13324muw"",""13405"",""13414""]",4d7a5a6263ffab2741e200ccf9c8fbf5ed1ae7c20d6fb943633ac2a6d80b19c0,2026090305,probability,fixed_seed_probability_2,92,5,2194.12998417,438.825996834,27,0.314278963,6.0,1237
5,3,"[""13307"",""13325"",""13401"",""13406"",""13409""]",9c9901263e4d8926ee9e0343836fa43ba3da5275a39c077d63588c3a55ec216d,2026090305,probability,fixed_seed_probability_3,100,5,2728.64398032,545.728796064,42,0.555877684,7.0,1275
5,4,"[""13323"",""13411"",""13412"",""13413"",""13414""]",82dca67f565ca947f828b1175fe82f13eb014207f720497600008fcf8fab7222,2026090305,probability,fixed_seed_probability_4,64,5,2515.9309854,503.18619708,15,0.206107906,8.0,1117
5,5,"[""13303"",""13318"",""13325"",""13408"",""13413""]",9daa04a861a314497ece36e5c1e922fafd0dbd245e3c1b8bf2778cf8bf83295f,2026090305,probability,fixed_seed_probability_5,155,5,3024.94097766,604.988195532,54,0.522142389,3.0,1257
5,6,"[""13301"",""13310"",""13316m"",""13321"",""13324muw""]",8ef67c7f1073959541feecd33d2d64050e9892a3f503c91105136ca3f7760565,2026090305,probability,fixed_seed_probability_6,122,5,2093.16398604,418.632797208,36,0.25738227,3.0,1234
5,7,"[""13302"",""13304"",""13311"",""13325"",""13402""]",239d5b6e58c6c8ac70f23e1de821a5ca097328c620b0ed21687122ebc64a7d3f,2026090305,,,160,5,2967.40397288,593.480794576,50,0.441499575,2.0,1275
5,8,"[""13313"",""13318"",""13320"",""13401"",""13408""]",2db184bb3eae3a250d3ed9c5f03f0df7a811f65fee9a0033f04461f04ffaae6d,2026090305,,,109,5,2429.44297412,485.888594824,37,0.503668889,4.0,1256
5,9,"[""13312"",""13319"",""13320"",""13405"",""13412""]",882484b8dace2411002383f9f5cd43ed0e1fc266faa61b7af0caf4874c2e0077,2026090305,,,117,5,2623.63397811,524.726795622,46,0.525901541,5.0,1237
5,10,"[""13310"",""13313"",""13321"",""13403"",""13404""]",b8b2af6fa5c271021611153ce8b849a6d5273b85c6e9c8e747d373e61f4fac9d,2026090305,,,114,5,2779.21197492,555.842394984,37,0.348014639,6.0,1232
5,11,"[""13302"",""13324muw"",""13403"",""13405"",""13413""]",f636cee58d9e4bc0cf3db7d9db3b6e97727fee2f389d73b424926ce018971213,2026090305,,,109,5,2852.99597672,570.599195344,50,0.649629393,7.0,1258
5,12,"[""13317"",""13324t"",""13326"",""13403"",""13411""]",470759a566c80e971accb694507593cd56f78aceda7072680259c81af80ea80a,2026090305,,,104,5,2425.14698498,485.029396996,37,0.409529605,6.0,1175
5,13,"[""13316m"",""13319"",""13323"",""13324muw"",""13402""]",00a68bf65a00d5e6c655bc54477c588967fbdda6d93c02c0a5d1e9b78956bea5,2026090305,,,92,5,2015.47098607,403.094197214,27,0.349858194,6.0,1274
5,14,"[""13308"",""13315"",""13319"",""13321"",""13322""]",d0b25f01c00ca2115d589a01ef874781db0d97796088776694897766583299a0,2026090305,,,137,5,2212.77698861,442.555397722,31,0.123441858,3.0,1218
5,15,"[""13304"",""13306"",""13321"",""13322"",""13324muw""]",6c93a243c353e23b639fd954a2d63febf8a99fe0b11d694a1755f4df7eae49dd,2026090305,,,132,5,2127.56098536,425.512197072,37,0.258687441,3.0,1243
5,16,"[""13305"",""13323"",""13402"",""13408"",""13409""]",992fdbe275a541425e7366e9d57e1c7a260640c96ec8dfb9cadbc8ea7d1234f4,2026090305,,,83,5,2491.58398564,498.316797128,30,0.454968858,7.0,1256
5,17,"[""13305"",""13311"",""13314"",""13407"",""13413""]",50f8f2994275b51e92285b27b600ae8c03a92ea7274ed8bff4b019fad834de91,2026090305,,,92,5,2329.3659843,465.87319686,30,0.319868238,7.0,1214
5,18,"[""13303"",""13306"",""13319"",""13404"",""13406""]",1f9396345ffd997c31d47547fd55074c39cb95139a45333cb3495f2c46bfc3ce,2026090305,,,142,5,2965.75898053,593.151796106,54,0.497264886,3.0,1259
5,19,"[""13305"",""13306"",""13408"",""13412"",""13414""]",424f0b54c6ca33f014d902849f890e552040fddf4473875a2557675695116a71,2026090305,,,98,5,2509.57098322,501.914196644,30,0.438419409,7.0,1184
5,20,"[""13321"",""13324t"",""13406"",""13412"",""13414""]",46a49f786fb67ba3f355741b952571892fa9719a4d5f87d64e4292e55a41ccd3,2026090305,,,81,5,2449.93298423,489.986596846,22,0.215254269,7.0,1209
5,21,"[""13308"",""13317"",""13326"",""13403"",""13405""]",0a07c21afe9e669a4d60955ee28e096aac273cf784b1fb45a7a872b96ba3573b,2026090305,,,116,5,2593.54598505,518.70919701,37,0.406545728,6.0,1175
5,22,"[""13317"",""13402"",""13410"",""13412"",""13413""]",7c6d9cbb56962531468b3df6449b30831420ac4eec7f5a3c4498b0f053d2f0cb,2026090305,,,99,5,3191.68098152,638.336196304,37,0.43610168,7.0,1283
5,23,"[""13306"",""13309"",""13314"",""13319"",""13408""]",3959fe6a40a02a7d7dc3fea67c8eaff92d53e2f104a129896af9144e71f40ac8,2026090305,,,106,5,2062.15698619,412.431397238,30,0.328702856,4.0,1229
5,24,"[""13303"",""13311"",""13322"",""13413"",""13414""]",cd21af864ba1db1ee1470d71c9a2f5c039fd9cb238cbf0c06b1f220e4df1e4ec,2026090305,,,121,5,2522.7099831,504.54199662,54,0.64779894,3.0,1198
5,25,"[""13305"",""13321"",""13322"",""13402"",""13410""]",98c04d32ef45529fef8b6a29239265cefb52e6b0dad33cc4b354aca19270c0c3,2026090305,,,110,5,2584.52898494,516.905796988,30,0.25226249,7.0,1283
5,26,"[""13313"",""13321"",""13325"",""13407"",""13408""]",cd7bc354e11456662a8280d7f63602f515c2f96f6ac21cf2bc0dbd486684be38,2026090305,,,129,5,2911.75497346,582.350994692,42,0.458217572,4.0,1206
5,27,"[""13311"",""13312"",""13317"",""13401"",""13408""]",8ac1d6db15f9e375060be0cb4dd0f6950c832bb1da0448383fedc90f2e2b23ae,2026090305,,,120,5,2534.14998028,506.829996056,46,0.608390408,4.0,1259
5,28,"[""13303"",""13309"",""13324t"",""13404"",""13405""]",42000262206b450224c871a761abd17132154acb367e3ede750762bba744ca90,2026090305,,,124,5,2695.68098143,539.136196286,54,0.599926288,4.0,1198
5,29,"[""13304"",""13308"",""13324t"",""13326"",""13414""]",18baa9e69d7b8574f56ae804d798e299f973a8096b5e051f187b3aee03b4dea8,2026090305,,,119,5,2243.72798498,448.745596996,37,0.378990665,3.0,1243
5,30,"[""13321"",""13322"",""13324muw"",""13403"",""13414""]",33eb660164c241d3ea8740a56680bb2ff07d54fde10f3635adccd31e8e124931,2026090305,,,91,5,2205.10998626,441.021997252,26,0.283167005,7.0,1232
5,31,"[""13303"",""13304"",""13316uwt"",""13318"",""13323""]",db843ad5fa4140401e9d07c7007b6c0361bc860b4440007a90ea88126a928b9c,2026090305,,,153,5,2326.43198434,465.286396868,54,0.505681337,2.0,1257
5,32,"[""13306"",""13308"",""13310"",""13321"",""13410""]",706e33316f5784c09ffdfddb4c6070e4fc9e496f646eda5efea5ea20b7733d8e,2026090305,,,122,5,2443.98798224,488.797596448,31,0.238410485,3.0,1238
5,33,"[""13301"",""13304"",""13325"",""13408"",""13409""]",8c763fad66082fd91a7ccae1ab405fa1ee42017f8a4e74e6a510e6ca00166014,2026090305,,,143,5,2989.90898148,597.981796296,42,0.428004021,3.0,1257
5,34,"[""13303"",""13309"",""13316m"",""13317"",""13321""]",8088d39bcd968d35b96dccb6c65903242082fe691049c39761b838e2363ebc6e,2026090305,,,158,5,2474.19898578,494.839797156,54,0.397577184,3.0,1234
5,35,"[""13311"",""13401"",""13403"",""13407"",""13413""]",05b38e1cda4c1ca74a9436e7b68ca31f99d267a631bd9195bef31942a23d796d,2026090305,,,72,5,2708.6179816,541.72359632,17,0.112833867,8.0,1256
5,36,"[""13302"",""13305"",""13308"",""13317"",""13325""]",8bf63e6dfe0affe1137e2114be7d18e6134f88de5d8af3134c4ed1644ab7e440,2026090305,,,190,5,2984.39597432,596.879194864,50,0.194807953,2.0,1257
5,37,"[""13303"",""13313"",""13319"",""13324t"",""13411""]",355f732207f3d7cc42fb364f779a36f69d37b550162697c7da307038f9397b16,2026090305,,,150,5,2753.07197344,550.614394688,54,0.479351414,3.0,1259
5,38,"[""13304"",""13312"",""13313"",""13317"",""13326""]",9ccd4d28cf2b2f86a92882bdf329485047aa25ed11aa6bc0c461c9a4836eadf7,2026090305,,,178,5,2853.50197349,570.700394698,46,0.227233128,2.0,1243
5,39,"[""13301"",""13307"",""13316m"",""13324t"",""13403""]",63cc816b1209f24b6ed9e341c3080a1d5647777de6ec79f789f7ab7ddb71b660,2026090305,,,106,5,2124.90198577,424.980397154,36,0.379005838,5.0,1161
5,40,"[""13302"",""13312"",""13319"",""13409"",""13411""]",34db8f0181c7df5580668d2cc434c406a7e109510b13e3b35a7f707733b4c245,2026090305,,,154,5,3258.35497217,651.670994434,50,0.478673182,4.0,1257
5,41,"[""13314"",""13316m"",""13317"",""13322"",""13407""]",f5e36b7513244257c21ddc59e55e119afe433d0a06790dcef8daff67a4fa7d25,2026090305,,,119,5,2335.60298754,467.120597508,37,0.318220105,4.0,1179
5,42,"[""13301"",""13304"",""13312"",""13318"",""13320""]",3f779f5cc3e3e6805189b9bd2a6f9ecb3f9c3f221b30989bb455c119615447a3,2026090305,,,168,5,2663.9509782,532.79019564,46,0.291970202,3.0,1257
5,43,"[""13301"",""13307"",""13314"",""13402"",""13405""]",4bd8f4931f78c9e47983b83e4d0a00f8246c9b5f35ccde9616fa819eaeb579ba,2026090305,,,97,5,2390.69298714,478.138597428,36,0.43323508,7.0,1176
5,44,"[""13304"",""13306"",""13313"",""13321"",""13409""]",cd2bff1245cd82ecc0abb663fbb8a6329ad31ae968b2a0704593df0abdcd8dc5,2026090305,,,143,5,2800.33497556,560.066995112,37,0.280244264,3.0,1243
5,45,"[""13307"",""13311"",""13314"",""13401"",""13409""]",86daf1ba76fd31bb4ec41c08e1b6631aafdf3113d610d35e148c8d155b267f06,2026090305,,,74,5,2016.97598588,403.395197176,17,0.116247639,7.0,1259
5,46,"[""13301"",""13316uwt"",""13320"",""13408"",""13410""]",6090702dcf2516bd638f8eda3806d65fcb33db51f9ec70020cf4bc7e434fcf84,2026090305,,,99,5,2318.57398612,463.714797224,36,0.439597074,7.0,1268
5,47,"[""13308"",""13324muw"",""13410"",""13411"",""13412""]",4057c09188f98be8d6d1fb7f9ff0776b6648abe63c479e3f951b68aae5b5cc35,2026090305,,,92,5,2690.29298146,538.058596292,31,0.346464727,7.0,1227
5,48,"[""13301"",""13314"",""13322"",""13324muw"",""13406""]",d75a09d41f5645645b96210df7bb373e16caa01d5ad1495cbe83a1675134be1c,2026090305,,,109,5,2168.10698818,433.621397636,36,0.376482285,4.5,1161
5,49,"[""13310"",""13312"",""13317"",""13318"",""13408""]",03b865d5df93d41eb3c8937169d2ad939dce73808fcaf785f0c53eb0ad1527a9,2026090305,,,151,5,2705.0109771,541.00219542,46,0.3948042,2.5,1197
5,50,"[""13320"",""13325"",""13405"",""13410"",""13413""]",a9ff36d85804747e7c0211fe0518dba1f456d61aa656fea9ad1db8a7e293c858,2026090305,,,101,5,2742.4519791,548.49039582,42,0.541756991,7.0,1246
5,51,"[""13307"",""13308"",""13312"",""13315"",""13405""]",2aef51be59f628d4e14a7d3bd9a2ebda881974f93aebd575a282f79c7598387a,2026090305,,,136,5,2470.10298254,494.020596508,46,0.445080763,3.0,1219
5,52,"[""13305"",""13311"",""13314"",""13401"",""13404""]",ffc053987502937861ae79773290bf6646e22562e633de8139ad1d61e5199c0f,2026090305,,,89,5,2203.4059853,440.68119706,30,0.356022012,7.0,1179
5,53,"[""13301"",""13314"",""13322"",""13324t"",""13402""]",eecbdfac23b62f11db5984d23870837ba870f91d06a6d63eb15ac6717348f40d,2026090305,,,113,5,2299.87298745,459.97459749,36,0.33535036,5.0,1176
5,54,"[""13301"",""13316uwt"",""13321"",""13407"",""13408""]",2a5c84c2712c724f2e39721c3451a6463535e4994eb868cfdd0beb11c982bb18,2026090305,,,107,5,2544.42598742,508.885197484,36,0.386016382,7.0,1238
5,55,"[""13309"",""13311"",""13314"",""13403"",""13404""]",9b6a30dd95359a345cf3b110e188374065fd6c0e55d2245567aadd66be86a4cc,2026090305,,,83,5,2238.31498496,447.662996992,22,0.177071548,7.0,1159
5,56,"[""13301"",""13307"",""13312"",""13317"",""13325""]",dfc9ee22bfe159df7ea57974ed821134248ca3600b435abacce938cd3ad3047b,2026090305,,,176,5,2814.42097836,562.884195672,46,0.304600572,2.0,1257
5,57,"[""13301"",""13324muw"",""13408"",""13409"",""13410""]",738516692c51d3099bf9292298fbd8434e4735a4331d74aec4a187092eec15cd,2026090305,,,96,5,2720.29898392,544.059796784,36,0.452136134,7.0,1268
5,58,"[""13306"",""13313"",""13318"",""13319"",""13325""]",2c962bcfba941f8ced213444e55e8b95b2328636334348fe0753bdbc65f80f97,2026090305,,,169,5,2792.57296885,558.51459377,42,0.155880945,2.0,1229
5,59,"[""13305"",""13309"",""13314"",""13318"",""13324t""]",c618dc6f6d962bcf837592ae2a9f677af57d67a05eb2ee79f43ec85cc039ff24,2026090305,,,119,5,1955.73098389,391.146196778,33,0.279214247,3.0,1214
5,60,"[""13302"",""13309"",""13315"",""13318"",""13401""]",eac2df7c114df909f89cc300e240bd7a727e569f22a1402997d2f7bb7dd0229a,2026090305,,,148,5,2628.50497868,525.700995736,50,0.426586328,3.0,1278
5,61,"[""13303"",""13316m"",""13323"",""13325"",""13409""]",5ae0830ab05899781137b2ea772745f95a6d84280f0abc462575bd52f543ae2f,2026090305,,,144,5,2637.48498236,527.496996472,54,0.584076907,3.0,1257
5,62,"[""13301"",""13310"",""13315"",""13319"",""13408""]",7d436116b261173414763ad5a659595677a97c9302364c57f81afc7297c41f5c,2026090305,,,129,5,2355.01498683,471.002997366,36,0.326502941,3.0,1259
5,63,"[""13301"",""13305"",""13312"",""13318"",""13323""]",1b5ae29d913c5ff77ceddde7e95675f8f0ffa547bd947001c34025878b6fb969,2026090305,,,153,5,2447.29098112,489.458196224,46,0.409006218,3.0,1241
5,64,"[""13301"",""13308"",""13310"",""13325"",""13412""]",e7a6775c64e9763f72ef3df1e9976b6763507fc495561db226f9d2b008d7cdd4,2026090305,,,148,5,2828.93297922,565.786595844,42,0.317351853,3.0,1257
5,65,"[""13301"",""13315"",""13316m"",""13407"",""13410""]",4bead0d21ac7b37a84ba39634a535f76ca9ca4974d3adc02035424505377ae72,2026090305,,,122,5,2740.86898678,548.173797356,36,0.329504119,5.0,1268
5,66,"[""13315"",""13320"",""13323"",""13324muw"",""13414""]",cf659eeb38b33ad47fd2c278989379dc78160902911d9e8c4047e98095a53617,2026090305,,,84,5,1665.88598922,333.177197844,31,0.463216106,3.0,927
5,67,"[""13302"",""13316uwt"",""13318"",""13404"",""13412""]",aeace8f5390b0823b4163a8832da2999a3ad72eca205775e9104e68c8ad8f108,2026090305,,,136,5,3016.03097528,603.206195056,50,0.477884612,4.0,1257
5,68,"[""13303"",""13308"",""13406"",""13408"",""13411""]",5b09540e46ef53df306bf54373c345550369f4c1681f10454dbdb29fd2f02a0e,2026090305,,,124,5,2897.5579826,579.51159652,54,0.653872639,6.0,1198
5,69,"[""13313"",""13320"",""13324muw"",""13404"",""13411""]",f9273a82ecbffd35ffb378c34fdd5d4838b3a5c1cac069e0690d5f02e4dd4f42,2026090305,,,101,5,2541.91597422,508.383194844,37,0.419362744,6.0,1162
5,70,"[""13309"",""13312"",""13326"",""13408"",""13412""]",6ce1753491eb9fdfd274f816c82b41a99f6e64b4f92138d8dff51f20b1cf2ca9,2026090305,,,115,5,2551.35898169,510.271796338,46,0.529650168,5.0,1192
5,71,"[""13313"",""13319"",""13320"",""13404"",""13414""]",e2ee223d4a1c8e2cc403cfdb5bacbc5dd012010b32b09d3a3617207b6d35fe4c,2026090305,,,109,5,2607.30397451,521.460794902,37,0.415789695,6.0,1254
5,72,"[""13305"",""13324t"",""13326"",""13406"",""13410""]",7614cca12df1eb73bf89d75b24b24f60e1a4b85ad420c93d789b3297c35dacdd,2026090305,,,98,5,2324.0889842,464.81779684,30,0.293267507,7.0,1244
5,73,"[""13312"",""13313"",""13320"",""13321"",""13410""]",7b15af30d25031f7b058e348af02d6b01394be5f1efadcf59b6a73aec32d3199,2026090305,,,136,5,2682.42597222,536.485194444,46,0.450513932,3.0,1219
5,74,"[""13309"",""13325"",""13401"",""13408"",""13411""]",af6706a8c0c66385ef533573a33aa69f1a3371fee1224e15daf0e875f6f1a413,2026090305,,,101,5,2613.0629814,522.61259628,42,0.572547814,6.0,1275
5,75,"[""13309"",""13312"",""13316uwt"",""13319"",""13406""]",0152715029300215ffc29211e3b0930792c438a90fbba50afab5b00e2a5586c1,2026090305,,,130,5,2517.06298057,503.412596114,46,0.416380572,3.0,1234
5,76,"[""13309"",""13315"",""13316m"",""13320"",""13326""]",cf317f4d46f512a74d915db97f1d263b3145897017798887573cfd6e6d05b055,2026090305,,,113,5,1799.68298955,359.93659791,31,0.214225105,3.0,805
5,77,"[""13309"",""13313"",""13317"",""13323"",""13325""]",845ba8ff153f632ad01ca46db8927401e699797c76faa13b92f3a6b03135cbad,2026090305,,,146,5,2451.48597538,490.297195076,42,0.429600049,3.0,1205
5,78,"[""13304"",""13309"",""13310"",""13318"",""13412""]",c4950c483165e8d351f53d25a75712afc3ca84c5de56b684ce7c8ec47cb0a48a,2026090305,,,131,5,2507.97397944,501.594795888,37,0.300922188,3.0,1243
5,79,"[""13302"",""13316m"",""13404"",""13411"",""13414""]",94dda0acca7ea35f0a2c707969225447519b2178f79ed40320580c56bf2065a8,2026090305,,,116,5,2954.41597792,590.883195584,50,0.599370458,7.0,1257
5,80,"[""13303"",""13304"",""13308"",""13319"",""13410""]",f31b2e0e3e26284dbc421e779c730c6e58d4935969b391f92f68dad7ac71ec82,2026090305,,,164,5,2892.68298107,578.536596214,54,0.390624814,3.0,1268
5,81,"[""13302"",""13305"",""13307"",""13324t"",""13409""]",3185d73cb31103cc31e16dd394f3619ce0e150ac2b69d1660cda89e75fac40da,2026090305,,,130,5,2494.63797705,498.92759541,50,0.503831474,3.0,1257
5,82,"[""13302"",""13306"",""13318"",""13402"",""13406""]",1cc0d3f4d665b846547306dd79f3a88d05e90038dc180917af924039429672ec,2026090305,,,144,5,3086.0009736,617.20019472,50,0.446501317,3.0,1275
5,83,"[""13309"",""13325"",""13326"",""13403"",""13409""]",48ad1f1875aa1b2b987fd0f0ae06447b9decf393af8f1115d82acbe267c667b4,2026090305,,,116,5,2709.67898153,541.935796306,42,0.42355581,5.0,1255
5,84,"[""13301"",""13308"",""13323"",""13406"",""13411""]",2e479ed7579b1567087d00e62f44be42a020e16b3ccc827862ec970a4378cf26,2026090305,,,103,5,2461.61498666,492.322997332,36,0.527855426,7.0,1161
5,85,"[""13302"",""13308"",""13317"",""13324t"",""13326""]",aaed507ba61cdc24cc3e47269ba79188eb2450ca6bdb587d2f272021f4e2da10,2026090305,,,157,5,2546.02797904,509.205595808,50,0.367334289,2.5,1257
5,86,"[""13309"",""13322"",""13324t"",""13404"",""13405""]",42585e0e3ebe75a51ae225640ddfa9aedfa10f8102ce425e1c7e13e70eaba2fa,2026090305,,,96,5,2359.51498353,471.902996706,26,0.231521987,6.0,1156
5,87,"[""13311"",""13312"",""13325"",""13407"",""13408""]",c40e9bcee444ce1907cacffbe5a158bb23f6aaee09a51be917383036b34903a9,2026090305,,,130,5,2829.76997526,565.953995052,46,0.572030537,4.0,1215
5,88,"[""13305"",""13310"",""13319"",""13401"",""13414""]",4d78616b0e4d36baa17498548e4f925e9f8e4f80850757cd3793c2266156959d,2026090305,,,105,5,2315.88298255,463.17659651,30,0.361403161,4.0,1277
5,89,"[""13305"",""13307"",""13308"",""13325"",""13413""]",3d091d54b4118594dc337549700fba3d3dd770b7d09684e8b28c0b114610e4b4,2026090305,,,133,5,2514.15598046,502.831196092,42,0.38967394,3.0,1233
5,90,"[""13303"",""13311"",""13312"",""13313"",""13319""]",c373a9957cdc6e3c8e223199e10f7caf4dcaa648cef380a12e6432df70838218,2026090305,,,178,5,2831.96096937,566.392193874,54,0.395100022,2.0,1259
5,91,"[""13303"",""13306"",""13319"",""13321"",""13325""]",30d89ae954adffc8860f644ceba2c8730227992798a9b00255346cf67ac894a3,2026090305,,,175,5,2733.32297993,546.664595986,54,0.330244189,2.0,1259
5,92,"[""13310"",""13311"",""13320"",""13324muw"",""13411""]",8bafeea7dafc85a4dda69da25968ec137548872194de552ecf64050c61a40bc9,2026090305,,,85,5,1839.21098122,367.842196244,24,0.216930458,4.0,948
5,93,"[""13308"",""13313"",""13315"",""13316uwt"",""13326""]",845140aca0a835ec677f5f4afc66d0d501afd2690ae7b74d213c3984e0e76ea7,2026090305,,,141,5,2321.10398141,464.220796282,37,0.222473576,3.0,1126
5,94,"[""13305"",""13320"",""13324t"",""13408"",""13413""]",c026a1c462fb35f43bfa4911372716cffe1ef3b8b1bc4a7aa5805d63b6e22759,2026090305,,,90,5,2115.50398367,423.100796734,30,0.356595701,7.0,1078
5,95,"[""13302"",""13312"",""13318"",""13320"",""13413""]",4a98826677c0f8d957f305e80d61e42b3a0233cbe59f045a7379404e71672362,2026090305,,,160,5,2925.25497088,585.050994176,50,0.456292806,3.0,1257
5,96,"[""13308"",""13311"",""13323"",""13326"",""13409""]",f7a52e4872a2f6a2e425df795d76142406678ed898195155c6841d70911e36d9,2026090305,,,91,5,2016.05398653,403.210797306,31,0.421897886,6.0,1200
5,97,"[""13301"",""13304"",""13312"",""13324t"",""13410""]",392c633af720d938fece48115ccf6a69012269ffc3242bc035948570a78fd39e,2026090305,,,152,5,2809.96897947,561.993795894,46,0.39176513,3.0,1268
5,98,"[""13305"",""13306"",""13324t"",""13404"",""13413""]",79c95038f3b968e81d0dcd1a0ba9c466dace75859989b101d59459a90a0a29f7,2026090305,,,110,5,2573.72098155,514.74419631,30,0.300137709,6.0,1156
5,99,"[""13316m"",""13324muw"",""13402"",""13405"",""13411""]",a041a580ef213f157854d60669b1d77c4d9c2fc273af4d9e241a1be74e66c2e1,2026090305,,,84,5,2534.04798332,506.809596664,23,0.207566616,7.0,1137
5,100,"[""13305"",""13322"",""13324t"",""13406"",""13413""]",2dc9daba64b3ace2bdce665b820939c005bc4c32ff3f5eb2dce75d8dbba68c13,2026090305,,,103,5,2367.10598387,473.421196774,30,0.306402599,7.0,1114
5,101,"[""13304"",""13313"",""13316uwt"",""13320"",""13322""]",c0511d531902be09c58cfa6a486b861165cdf1c023bb0d77e85ff9121fc974c9,2026090305,,,137,5,2222.22597774,444.445195548,37,0.308475133,3.0,1243
5,102,"[""13308"",""13315"",""13323"",""13405"",""13410""]",c0cdc4f3c5923efec3d25ea2a739e71745aa515d80e65db2610a4f4b850f294f,2026090305,,,98,5,2288.97998796,457.795997592,31,0.488944839,5.0,1246
5,103,"[""13301"",""13314"",""13321"",""13324t"",""13412""]",8fe1dd65a129c353831fceb34c5326fb31573c6958cc99e096e93013263458c1,2026090305,,,107,5,2230.85298805,446.17059761,36,0.359053696,7.0,1234
5,104,"[""13303"",""13307"",""13312"",""13402"",""13405""]",85ad2672253f16e78eca5134b98a6826bbf8d07a2cec4b75bc8e3f3d17f2b467,2026090305,,,145,5,2961.12297818,592.224595636,54,0.599246455,3.0,1256
5,105,"[""13301"",""13318"",""13319"",""13324t"",""13402""]",644cd6582e7cdc8854d875677c6aeff488f6efe44dd2995973e2df18a8a5c35f,2026090305,,,131,5,2626.477981,525.2955962,36,0.293074104,3.5,1274
5,106,"[""13308"",""13314"",""13320"",""13405"",""13412""]",21b0f99fd730642561e5e5fd90d594212c27d3f54444406a2b3ea3d4e995e37d,2026090305,,,91,5,2249.30498496,449.860996992,31,0.356762266,7.0,1186
5,107,"[""13312"",""13313"",""13316m"",""13317"",""13324muw""]",ccc37607dafe6ff7008e3b341ad9c1d0805fd3f10319f031bf65e86a1a1800ac,2026090305,,,160,5,2639.18097256,527.836194512,46,0.328348138,2.0,1192
5,108,"[""13324muw"",""13325"",""13409"",""13410"",""13411""]",01ab17538a095fbccf84478c154bb105f4f562854790cd464c1bd025594d662e,2026090305,,,105,5,2914.30497856,582.860995712,42,0.50305191,7.0,1197
5,109,"[""13305"",""13306"",""13307"",""13326"",""13408""]",22d861f5b2e135c394b9447b90271dc86df98634c328cc46c78bde6798fbba83,2026090305,,,107,5,1973.48998617,394.697997234,30,0.360267949,3.0,813
5,110,"[""13304"",""13307"",""13314"",""13316m"",""13322""]",7c756faea741297473051ba12764c0a83f9b78c968938045e3909985d32e832a,2026090305,,,117,5,1836.81798896,367.363597792,37,0.340381329,2.5,1243
5,111,"[""13306"",""13312"",""13319"",""13323"",""13326""]",8a60c1c7854911987f63b6bb88001e8a374d8e772be6c6916491dfc00d0436bb,2026090305,,,132,5,2157.50798302,431.501596604,46,0.468595973,3.0,1229
5,112,"[""13307"",""13318"",""13320"",""13404"",""13410""]",b786746b99dcda0766ca7d5fc73b64acdc979fee0a913bd9fbbd9a74c6a09583,2026090305,,,96,5,2400.40498038,480.080996076,33,0.361444824,7.0,1263
5,113,"[""13302"",""13312"",""13318"",""13412"",""13413""]",b1f9cdde17f052fd4a71d4b06fea46a4ca0556d561f6ceb7a5a0c6546bccd620,2026090305,,,159,5,3290.68397028,658.136794056,50,0.466173093,3.0,1257
5,114,"[""13316uwt"",""13326"",""13406"",""13410"",""13411""]",d952f2564ea659fca22738849c57543b5006ff14fbf4d0040a6f59324c5fe6fc,2026090305,,,85,5,2519.60398579,503.920797158,21,0.193313844,7.0,1243
5,115,"[""13313"",""13326"",""13404"",""13408"",""13411""]",12082f8229b71ab566b652ffe42cf6c99c3629ca8d70e41b57de61a3aede71d2,2026090305,,,100,5,2777.92697719,555.585395438,37,0.45607017,7.0,1162
5,116,"[""13303"",""13315"",""13316m"",""13321"",""13414""]",eca0d37fcdb3156e6623c2724e29c36bfe45db0b23e56514916fd613142476ff,2026090305,,,142,5,2436.65598852,487.331197704,54,0.49826121,3.0,1234
5,117,"[""13307"",""13310"",""13406"",""13412"",""13414""]",ff21955b54b8e6044c5721e64841d2a1af345608e4380b1f9ff7abd82e0cf275,2026090305,,,80,5,2384.37098228,476.874196456,24,0.259205517,7.0,1183
5,118,"[""13312"",""13326"",""13406"",""13407"",""13411""]",1565f4412c31f3d896ed031851d5d430644ddff6c4d60e726fc1bdf1717e7075,2026090305,,,112,5,2962.71697979,592.543395958,46,0.539126041,7.0,1216
5,119,"[""13306"",""13309"",""13310"",""13402"",""13405""]",5c556944726aa3e08d38167c529e477327b5edb741168b988c37d580be5029cf,2026090305,,,106,5,2530.03798084,506.007596168,30,0.275691306,5.0,1137
5,120,"[""13304"",""13316uwt"",""13324t"",""13408"",""13413""]",dabbacae0d997a76669c2fdc04cb57b62cc88b7ab9936fcee0679afc34df3924,2026090305,,,102,5,2317.57098511,463.514197022,37,0.438006037,6.0,1243
5,121,"[""13301"",""13304"",""13323"",""13403"",""13404""]",1d4b6e40a9eb76f156586d26192c637cef006e42fcad685b4af8b1d867e7b98f,2026090305,,,112,5,2607.37898638,521.475797276,37,0.530179744,7.0,1257
5,122,"[""13309"",""13311"",""13316uwt"",""13320"",""13324muw""]",26f6acafe17aaa8911004f2734e13d11ac729bec002ffaa59ee7d429d02e7a87,2026090305,,,90,5,1591.07298432,318.214596864,22,0.168508343,3.0,815
5,123,"[""13311"",""13313"",""13316m"",""13317"",""13410""]",a5cd17bb9c3ad56214233c7976341499a497bce3def5026e37d9dcc0daf43195,2026090305,,,126,5,2506.81397544,501.362795088,37,0.401872664,3.0,1226
5,124,"[""13302"",""13312"",""13402"",""13412"",""13413""]",da0e71846b9bb0f15a8c2def1c89678aab74f3d500fa0622c81d93dfc222ebc0,2026090305,structural,energy_heavy,143,5,3471.54297182,694.308594364,50,0.55619689,7.0,1275
5,125,"[""13301"",""13303"",""13307"",""13324muw"",""13405""]",bb15a214ffd88bfccdcf0b730e9972c04cfe3454d882e8264dff1a7114d8b037,2026090305,,,135,5,2435.13098394,487.026196788,54,0.585606974,3.0,1198
5,126,"[""13305"",""13308"",""13310"",""13320"",""13404""]",da875d92a7d9018c053136dc406b0762ffffdde0abc82a875eb59d75216f63e2,2026090305,,,118,5,2353.6909812,470.73819624,31,0.266107093,4.0,1156
5,127,"[""13309"",""13316uwt"",""13319"",""13323"",""13325""]",4c1e465688b3c62a0eeb74010aa8e8759e401c41f5150c595600947701befd88,2026090305,,,120,5,2032.30398431,406.460796862,42,0.457195557,3.0,1207
5,128,"[""13303"",""13316uwt"",""13319"",""13320"",""13412""]",ccfe2df0d097601895fd634cdc85bb80e79fcbe6ee411af34dac22198cdf88cc,2026090305,,,133,5,2445.35998281,489.071996562,54,0.539365607,3.0,1259
5,129,"[""13308"",""13309"",""13315"",""13324t"",""13411""]",b105dab0efe55565c4ea158d8077875a673a2bf3427097fb9e6cc5597d9278be,2026090305,,,116,5,2247.16098579,449.432197158,31,0.295376581,3.0,1067
5,130,"[""13305"",""13307"",""13312"",""13315"",""13321""]",d00bcc52b887280a629d9095309cf369ee77983e582bcb8a2aca2c40deae4421,2026090305,,,144,5,2241.31998478,448.263996956,46,0.360442758,2.0,1217
5,131,"[""13308"",""13318"",""13323"",""13324muw"",""13414""]",1e157d129933da6378b2efc9b24323f0f5fbfa9f2ac1f87aa107b6fff11f8b78,2026090305,,,101,5,2036.35498382,407.270996764,33,0.498404473,3.0,1197
5,132,"[""13307"",""13316m"",""13324muw"",""13325"",""13411""]",0dde3bf87f2ef8ec3e27c383ad728c61080cf472c208691e27dcfd79bc255ea7,2026090305,,,111,5,2187.91198164,437.582396328,42,0.467601415,3.0,1225
5,133,"[""13304"",""13314"",""13319"",""13404"",""13406""]",4b93c98ba412f1fe58c059a23c75d4e291fb7bc72abca92996f6ee50acf8c310,2026090305,,,111,5,2590.57998493,518.115996986,37,0.389997492,7.0,1254
5,134,"[""13301"",""13316uwt"",""13320"",""13401"",""13402""]",9ecbe961ee116a6fb30f3cc880a593bd3320574603c0253c5a63d573e9a14b4b,2026090305,,,102,5,2445.30398562,489.060797124,36,0.407305453,7.0,1179
5,135,"[""13302"",""13303"",""13311"",""13314"",""13316uwt""]",fd850080d972f02b39519243640e190c133a508b8fb3a742b8ab9410fa2a1a00,2026090305,,,155,5,2404.51198008,480.902396016,54,0.559470539,2.0,1260
5,136,"[""13302"",""13309"",""13316m"",""13402"",""13414""]",dbce92c8464c765f9017c384a5301787eeabbb8201410ad6e05c3b7030b05119,2026090305,,,124,5,2753.24797832,550.649595664,50,0.532135861,5.0,1275
5,137,"[""13301"",""13307"",""13319"",""13324t"",""13408""]",7e47ae3a41ea832bd16f2696e51121ba7e33e77212e799bc6144db017abf88f1,2026090305,,,107,5,2089.63998536,417.927997072,36,0.420664577,3.5,1259
5,138,"[""13301"",""13310"",""13318"",""13403"",""13408""]",0ce78b63b5b898f57243a48bb978fa5a4f40c113e94d57341dfe6cf5db555cba,2026090305,,,118,5,2593.38398178,518.676796356,36,0.420837594,5.0,1238
5,139,"[""13305"",""13310"",""13315"",""13319"",""13325""]",ded29b927d83d975e13e125ca8155e169f05cdcc9625de1244e9364bbf812d61,2026090305,,,154,5,2397.17398171,479.434796342,42,0.198450738,2.0,1235
5,140,"[""13305"",""13306"",""13308"",""13312"",""13324t""]",464925e6aa6dfb6e4e9d857f255891f940793ad8518c79a311b087738c5f444b,2026090305,,,155,5,2470.86097811,494.172195622,46,0.287078651,3.0,1217
5,141,"[""13315"",""13316uwt"",""13322"",""13410"",""13413""]",daf1f6e39bd207de0b202e40ec023ca86fcfc36fce51d8d8b3f93f06dc60499c,2026090305,,,108,5,2440.81098812,488.162197624,31,0.289268507,5.0,1190
5,142,"[""13306"",""13321"",""13324muw"",""13401"",""13402""]",7c7560d044d4eda1473a30e4bfdf059f08c520217f044a366c9c47d8bfca88b9,2026090305,,,98,5,2411.72498394,482.344996788,30,0.310512736,6.0,1252
5,143,"[""13309"",""13310"",""13313"",""13408"",""13411""]",277179cfc0059ed4c5a0301fc961ce73127bcd1d055ba03df1d3910677b0a6b8,2026090305,,,108,5,2507.43097492,501.486194984,37,0.420863636,4.0,1123
5,144,"[""13301"",""13304"",""13306"",""13325"",""13409""]",b03eca850b3ab01bdaf341f122b7fa3d9420aaeeec5c39d921ff5e2bdc7e1039,2026090305,,,162,5,2997.69697996,599.539395992,42,0.26521668,3.0,1257
5,145,"[""13304"",""13307"",""13319"",""13324t"",""13405""]",a123d81fcfc7f2d7f9157169db4ed59e30c8824c940f3c250bd3e0db521f2f94,2026090305,,,110,5,2121.16798312,424.233596624,37,0.404519917,3.0,1245
5,146,"[""13306"",""13307"",""13309"",""13314"",""13403""]",6e4d57616fe96d70eb920bfb77d10f373fa05bff30f3f27390186c52381b8766,2026090305,,,97,5,1978.79798616,395.759597232,30,0.3085903,4.0,1007
5,147,"[""13310"",""13312"",""13323"",""13409"",""13412""]",bca38cc23835831b8e50b09edf91d0e5ff58821ed164e87026a46fbdeb516cf3,2026090305,,,110,5,2630.49997952,526.099995904,46,0.592654764,6.0,1197
5,148,"[""13301"",""13306"",""13308"",""13321"",""13414""]",681770104600fd077eb02ad9e612e633ecd3648c058b74a8a36c5c8142494181,2026090305,,,131,5,2509.25498564,501.850997128,36,0.320610687,3.0,1234
5,149,"[""13311"",""13314"",""13326"",""13407"",""13413""]",c492d7f85e4f2c0be0e903674998402d728e1b8fe15eb30943579b7b19e410f5,2026090305,,,83,5,2240.90898619,448.181797238,21,0.145578867,7.5,1196
5,150,"[""13316uwt"",""13324t"",""13326"",""13402"",""13410""]",c9fe0b46290394b073d06d83d57865d3660d8ffbab8766c84445ac52e98dab76,2026090305,,,92,5,2372.79398512,474.558797024,21,0.126759824,7.0,1283
5,151,"[""13307"",""13319"",""13320"",""13323"",""13409""]",9fd3dd60ab0bb248e2b9b3e492eefbc8662a66af3a0c77e7b8d7be1d43d317d6,2026090305,,,83,5,1851.72698567,370.345397134,27,0.366629495,6.0,1227
5,152,"[""13308"",""13316uwt"",""13318"",""13408"",""13414""]",fb6fd555bb8967bf944d187884e4359644f42f38d2c662f74e4d3928a30a4e81,2026090305,,,108,5,2391.21798352,478.243596704,33,0.425925926,6.0,1197
5,153,"[""13303"",""13311"",""13321"",""13403"",""13411""]",5c5a8cdb7c07766289a8ef72e3c87210310c6620d4214103e62864f140d740c6,2026090305,,,118,5,2580.4199832,516.08399664,54,0.657312523,4.0,1234
5,154,"[""13311"",""13322"",""13324muw"",""13407"",""13411""]",42c51d94021e707c975da3dc4f149484fc47dd19b08d1813310c10db0cf4835b,2026090305,,,88,5,2273.71498246,454.742996492,26,0.250515996,7.0,1196
5,155,"[""13304"",""13308"",""13316uwt"",""13318"",""13407""]",ad09c300d3285a0d483cacdc5930eac6a4a2498498b928ae86b20d818cde9108,2026090305,,,139,5,2683.76098114,536.752196228,37,0.271481471,3.0,1243
5,156,"[""13317"",""13324muw"",""13325"",""13402"",""13413""]",96aa11052d68a014999155397ce75c8173fcd1779799c1ae7b1d12b1fd325766,2026090305,,,128,5,2906.01597958,581.203195916,42,0.448521878,4.0,1272
5,157,"[""13305"",""13311"",""13317"",""13401"",""13402""]",7ef90620d13f05682af79ecaaeb73d1b9ddc09ffc583a61660744ad4d91cdfe9,2026090305,,,110,5,2505.98198286,501.196396572,37,0.444432966,7.0,1195
5,158,"[""13325"",""13408"",""13409"",""13413"",""13414""]",e3c1bbba4568efd647445c613ceba4b58e1779f53f9371955457419505b192c1,2026090305,,,97,5,2983.4609805,596.6921961,42,0.592761093,7.0,1206
5,159,"[""13304"",""13306"",""13308"",""13312"",""13317""]",a253c0a5de488e7318b101a0775bd27d4e8e8d38a7efadfd28b8373e8505423b,2026090305,,,181,5,2843.58197868,568.716395736,46,0.157628095,2.0,1243
5,160,"[""13302"",""13306"",""13318"",""13320"",""13321""]",acc848808e37c00355410ae152157bc8ffcf25304968f3e78606b232bc452300,2026090305,,,151,5,2453.4949761,490.69899522,50,0.382962445,3.0,1257
5,161,"[""13309"",""13321"",""13324muw"",""13410"",""13412""]",a266f19b392077b18723c962da1c044848f52c7a601fdfbfddd086609a514007,2026090305,,,91,5,2369.68898386,473.937796772,22,0.175136016,7.0,1216
5,162,"[""13323"",""13324muw"",""13401"",""13403"",""13405""]",760d6f84b478f448963384f78ae3ee682d123d05bf8a45c1316beb579bf0e3b7,2026090305,structural,trip_light,64,5,2110.62498596,422.124997192,17,0.228574044,7.0,1027
5,163,"[""13313"",""13317"",""13318"",""13322"",""13411""]",c575799759f379310a803ce7a21347fe3bf8bfbbddae87e4faaed5cbe18b3fdc,2026090305,,,147,5,2756.21597434,551.243194868,37,0.295429262,3.0,1166
5,164,"[""13304"",""13306"",""13316uwt"",""13319"",""13325""]",fc4a1cab42853d0bf4e7363b0841481bcaff51c2b98c0850f93e4a876ebad26b,2026090305,,,157,5,2503.81198061,500.762396122,42,0.235410428,2.0,1245
5,165,"[""13308"",""13312"",""13315"",""13322"",""13408""]",c58bc5a8ef8ce0372b91a2a0b2be55c5fb5c61297424fa878a0fc578793fb2d2,2026090305,,,145,5,2526.86298402,505.372596804,46,0.387068006,3.0,1200
5,166,"[""13304"",""13318"",""13324muw"",""13326"",""13401""]",99804f86243cab164f296f085ccd240e32c03c980059203ede9f810ab0a2246c,2026090305,,,120,5,2247.20398327,449.440796654,37,0.396162144,3.0,1275
5,167,"[""13308"",""13309"",""13315"",""13406"",""13411""]",b718f75e3b874abbcc81ea958bcbcee33685260e223827874c89d19fda54c042,2026090305,,,112,5,2520.70098596,504.140197192,31,0.339520595,4.0,1113
5,168,"[""13311"",""13317"",""13409"",""13410"",""13411""]",619739101d670f991c3f62b8bff304bbe1735d446de6b3932939118f889a828f,2026090305,,,97,5,2783.78898162,556.757796324,37,0.457109263,7.0,1226
5,169,"[""13309"",""13314"",""13316m"",""13402"",""13404""]",15df44c463233063fbb86fbab40bc3fd3c29aaf1d4352a504a84c2b8c419d9a1,2026090305,,,95,5,2469.05098612,493.810197224,23,0.152540808,7.0,1176
5,170,"[""13301"",""13317"",""13325"",""13402"",""13407""]",ce6733007308e98a3782f1f2932a852dcc87bcc75dfc80e80383639b1ad0b672,2026090305,,,149,5,3276.37697988,655.275395976,42,0.357284071,4.5,1272
5,171,"[""13301"",""13316m"",""13318"",""13319"",""13408""]",7c7678f8648f9e67ae056405af678f4fe78e519aa0b9cfab263d019ee4569b8b,2026090305,,,130,5,2427.67198393,485.534396786,36,0.337060035,3.0,1259
5,172,"[""13310"",""13314"",""13324t"",""13326"",""13413""]",4544b214f04890d9989cd5fd0f7b199763fb1976f78f143a1e07dd6f0a7aa907,2026090305,,,94,5,1982.16898638,396.433797276,24,0.176095163,4.0,1058
5,173,"[""13305"",""13313"",""13317"",""13322"",""13404""]",bfcf3b0aee65fd3247e88c0dcfb5b87d24fe439dbb9d2a8731e49462828cf4c6,2026090305,,,147,5,2785.22797612,557.045595224,37,0.255079364,3.0,1172
5,174,"[""13309"",""13313"",""13314"",""13315"",""13324t""]",9670ee40f439e067def0e41fcb726037980cab465bc0d2a97726fe8df57460a9,2026090305,,,124,5,2067.57798091,413.515596182,37,0.321975238,3.0,1115
5,175,"[""13307"",""13320"",""13411"",""13413"",""13414""]",6cee5b384de866a2f7c1407f98c647cf8931dfbd1bc36892278e6dca22e5d5a3,2026090305,,,72,5,2244.34398392,448.868796784,16,0.094199028,7.0,1070
5,176,"[""13312"",""13314"",""13326"",""13401"",""13407""]",bb69749cf38ec88d2aa079788874e0a9c98e328615e98625e31968b72ea55eaa,2026090305,,,112,5,2566.85198325,513.37039665,46,0.54207533,6.0,1259
5,177,"[""13312"",""13313"",""13323"",""13409"",""13410""]",b037f8d4d2054c50cd96632ba5c17691c4d01ae6893190914570ddeec5596293,2026090305,,,123,5,2882.81297262,576.562594524,46,0.585478761,5.0,1219
5,178,"[""13304"",""13310"",""13322"",""13323"",""13401""]",03272fdd70500cdb0e7dc7ed324a2beedebef6db4467e40ae2128d240ecc4bfb,2026090305,,,107,5,2007.13498628,401.426997256,37,0.485261869,3.0,1275
5,179,"[""13307"",""13308"",""13319"",""13320"",""13322""]",030b3e59e1f8398892db922f9d453e5cc587a51f0146e6183c867ecebe8c3f0b,2026090305,,,115,5,1896.41798447,379.283596894,31,0.276352149,3.0,1227
5,180,"[""13306"",""13308"",""13313"",""13325"",""13411""]",f65b1f15de718aff34ff68cc8b38cd29ae871b8e7e55fa1a3a9e99ae23cbce27,2026090305,,,154,5,2913.01897094,582.603794188,42,0.306916943,3.0,1227
5,181,"[""13323"",""13325"",""13402"",""13408"",""13410""]",133efb1a51f0dd782c6b17881ca7690f4048866494b0196f452f2a26121e7dba,2026090305,,,93,5,2634.8019824,526.96039648,42,0.651048409,7.0,1283
5,182,"[""13303"",""13309"",""13310"",""13410"",""13413""]",592ed1a50c6e5873179ed7681c198f257f5d456a7053ed995f842d027bea5dde,2026090305,,,130,5,2786.31898056,557.263796112,54,0.556297992,3.0,1268
5,183,"[""13311"",""13312"",""13323"",""13325"",""13407""]",fc862587337d05014ac66f5b9d3b1d89c1447c51eb4f02f64a061e7f588b1e80,2026090305,,,127,5,2523.61097716,504.722195432,46,0.610731321,3.0,1215
5,184,"[""13308"",""13314"",""13316uwt"",""13317"",""13401""]",84dc6db42d8758ceb8dad908e3aa8fbe30c9b89fa0b08c0ca17517a21ed78a18,2026090305,,,117,5,2250.61298804,450.122597608,37,0.397780386,3.0,1195
5,185,"[""13302"",""13306"",""13314"",""13325"",""13404""]",52fd20e4ff187985b3ea566bb62cea721de0bdc03e188e6186304a89504ab733,2026090305,,,155,5,2904.8659756,580.97319512,50,0.433748034,3.0,1257
5,186,"[""13312"",""13313"",""13319"",""13320"",""13407""]",fa68b18cbe2b65ed058a244d03eae7fa1ded06c2a20c602aeb57a4731614100f,2026090305,,,143,5,2819.77496967,563.954993934,46,0.404507828,3.0,1210
5,187,"[""13310"",""13324muw"",""13326"",""13402"",""13411""]",89f7b3658ddceea324594383b8116f2361aea3b39dc3309172e2bb1e9d218c85,2026090305,,,93,5,2372.99798315,474.59959663,24,0.188095222,6.0,1137
5,188,"[""13309"",""13317"",""13323"",""13325"",""13413""]",4a0b1876e215d3c66466d4e648c02e9afd37e5c748a7ea75b8412dff10f009df,2026090305,,,124,5,2424.57498332,484.914996664,42,0.519770421,3.0,1205
5,189,"[""13301"",""13302"",""13304"",""13404"",""13407""]",50b4d8ad2c66bac093ed98c97ce9b19c5515657eff98437d7f3a0c252937c96a,2026090305,,,157,5,3348.97997664,669.795995328,50,0.406147734,4.0,1260
5,190,"[""13306"",""13320"",""13324muw"",""13402"",""13409""]",b11bd394fae9ac92b13422d10c18a55fa5e435fa1d676eef86a1acceb225ba9d,2026090305,,,97,5,2481.06298114,496.212596228,30,0.273924335,7.0,1256
5,191,"[""13313"",""13321"",""13322"",""13324muw"",""13411""]",87e8935bc24e698040bd2f65cf63c1a7c6eaec0c9d470715088db71e8a9ee659,2026090305,,,116,5,2358.75097782,471.750195564,37,0.346332921,3.0,1162
5,192,"[""13302"",""13310"",""13317"",""13325"",""13403""]",7cabef19e96bcde8304b6e389037b8f1f27b9d82c2053bed5329889d6cf7a0f4,2026090305,,,167,5,3015.98197314,603.196394628,50,0.385100244,2.0,1258
5,193,"[""13304"",""13305"",""13311"",""13323"",""13408""]",5b4ff26b98a8c914365d3c7cd354ee963e810f4a1b85490c96caf8ed4cbe9ad0,2026090305,,,100,5,1870.85498636,374.170997272,37,0.570087713,3.0,1243
5,194,"[""13307"",""13314"",""13321"",""13403"",""13412""]",567b80aa88c378451d4dcb3a106c30d8d310307c3b555dff80c2b4e4ed89ad78,2026090305,,,82,5,2157.79098768,431.558197536,22,0.175032928,7.0,1232
5,195,"[""13314"",""13315"",""13316uwt"",""13320"",""13401""]",d7a619f033eb71a838cbc046121cba53cc6e19466c2f5b586b94d5f442e6ebd2,2026090305,,,96,5,1835.07399088,367.014798176,31,0.341374367,4.0,875
5,196,"[""13308"",""13322"",""13403"",""13406"",""13407""]",cd330a0481dc582f34eb0759518beced33f313e81f8ef2effd5ff0b09fe06f44,2026090305,,,102,5,2813.3119827,562.66239654,31,0.337630889,7.0,1236
5,197,"[""13312"",""13313"",""13316m"",""13402"",""13406""]",c01f1289813f868cc729c9d00d2b0a62f2276f5922179c6b8a1b83fa935e03e4,2026090305,,,137,5,3053.54597148,610.709194296,46,0.445554524,5.0,1256
5,198,"[""13304"",""13322"",""13324muw"",""13404"",""13408""]",9765d04bf9e3e15a00e3945074accdadf397795ad31f49b2cd06dadd5755b0bd,2026090305,,,108,5,2428.57998448,485.715996896,37,0.419843854,5.0,1252
5,199,"[""13302"",""13304"",""13311"",""13402"",""13406""]",ba2ae52f28b28dcbd38805724cb4f4c2eb1735cf319ff7a5a851e51f32a2e6fb,2026090305,,,132,5,2891.03297588,578.206595176,50,0.552874615,4.0,1275
5,200,"[""13314"",""13317"",""13319"",""13322"",""13410""]",3a2742d8fa73308d0ca5bf4e1e86edc1a74d51d9f50f5777b61cb225df1e414e,2026090305,,,121,5,2342.07098663,468.414197326,37,0.334072445,3.0,1208
5,201,"[""13307"",""13308"",""13310"",""13318"",""13410""]",06c10e27a62b42d453db9c8a1310bede72f2728cd1ebaa58d4272ca3fc83cee7,2026090305,,,118,5,2351.83097964,470.366195928,33,0.323369221,3.0,1236
5,202,"[""13306"",""13312"",""13313"",""13317"",""13323""]",34a413978ecb3784c85304cc516fa9acea8995f21afad51965b46c1e00dd2f95,2026090305,,,158,5,2587.12197362,517.424394724,46,0.406543971,2.0,1211
5,203,"[""13314"",""13317"",""13322"",""13325"",""13407""]",0791b890986fc40eaf49ebc5edb58f6fcfdd50d2392b0d9e227b719263c426cc,2026090305,,,138,5,2631.62998328,526.325996656,42,0.378341376,3.0,1198
5,204,"[""13312"",""13320"",""13322"",""13323"",""13405""]",4cb805f57aa892beb5f88be062e7a0a8b7c580b500a01b2a66f825bdc1a5aa3d,2026090305,,,109,5,2080.68598296,416.137196592,46,0.617070522,3.5,1219
5,205,"[""13308"",""13311"",""13317"",""13320"",""13408""]",4d03211be1bbff0b03b356255b56fc376b44f48bda0f4db6496aaafd734a7c4b,2026090305,,,109,5,2103.02898362,420.605796724,37,0.470848713,3.0,1136
5,206,"[""13306"",""13317"",""13324muw"",""13325"",""13404""]",9d3a9324ce4d9e84503e7e795f9a082c49027a891665de6def92211b0a42feca,2026090305,,,143,5,2745.34397906,549.068795812,42,0.356985987,3.0,1252
5,207,"[""13302"",""13304"",""13321"",""13324muw"",""13326""]",5e9ed7177acea8c578d2594557ebafa538ce9f773a9e931eaaaf45186d1ffa30,2026090305,,,147,5,2387.00798087,477.401596174,50,0.419678825,3.0,1257
5,208,"[""13302"",""13316uwt"",""13320"",""13402"",""13403""]",0b054901f35c7c50d07291f6481a8e016389a4cf85bd0b2e6817b510bbd0e568,2026090305,,,118,5,2704.73097792,540.946195584,50,0.567606849,6.0,1275
5,209,"[""13308"",""13315"",""13318"",""13319"",""13406""]",574ff011416860f4e5338e176c6401487d628ae19bc096c23291a9d2c55c0930,2026090305,,,136,5,2538.78198337,507.756396674,33,0.253009567,3.0,1234
5,210,"[""13311"",""13312"",""13324muw"",""13401"",""13411""]",1ff6b1a8c5ba466363e15e7cdd76a451e24518d17153cb5c9f710b3daaa824ba,2026090305,,,103,5,2390.59297882,478.118595764,46,0.621359223,5.5,1259
5,211,"[""13305"",""13316m"",""13317"",""13407"",""13411""]",2b081f22ebe9e7903408ef03a481c9cc1dc4c3f9c26bcfc111f07a0d7c79ab37,2026090305,,,121,5,2693.44798352,538.689596704,37,0.348089912,5.5,1214
5,212,"[""13310"",""13311"",""13401"",""13408"",""13409""]",b639f7f1b714ba94a3c57f3b5a022e9028f8582c71e1b555a9398cd55b8568bf,2026090305,,,78,5,2358.02598206,471.605196412,24,0.299572345,7.0,1259
5,213,"[""13301"",""13310"",""13319"",""13323"",""13408""]",dcf1def95b2d6bccd25f49ac88e8cd93ddaa336c42087dda4852867167dd7134,2026090305,,,106,5,2086.43598657,417.287197314,36,0.489658086,4.0,1259
5,214,"[""13306"",""13307"",""13316uwt"",""13322"",""13413""]",aa494cdacf69ed0767d966ed9c7641302cc3881d398a33ece6118977d3fda28c,2026090305,,,107,5,2106.17198576,421.234397152,30,0.278184599,3.0,1072
5,215,"[""13303"",""13308"",""13322"",""13324muw"",""13412""]",5b5d28433c899d317c7d22ce246f8c67aacb4574c2fb9e33ce90b799f1c18e4e,2026090305,,,143,5,2588.61498246,517.722996492,54,0.488810689,3.0,1208
5,216,"[""13305"",""13320"",""13323"",""13405"",""13413""]",bbd91b55928eac70f23794ca8feed128c929f523ee5263dafa24e1f30c1d6f1a,2026090305,,,82,5,2040.38498574,408.076997148,30,0.447413081,7.0,1080
5,217,"[""13312"",""13314"",""13317"",""13406"",""13411""]",8863bbe47243ff6b6a2a8566fa4eca39e9aacef3d9719a8a03372dac7b1727da,2026090305,,,127,5,2756.36698214,551.273396428,46,0.530313645,5.0,1216
5,218,"[""13308"",""13311"",""13316m"",""13317"",""13325""]",80c61d32dcfb362cf05a93f09952b2934824364a7fb3e0b73353168b893cd57b,2026090305,,,147,5,2409.40298078,481.880596156,42,0.339182336,3.0,1216
5,219,"[""13305"",""13306"",""13312"",""13316uwt"",""13324muw""]",ee8d3a4a8bcdb3102d84eb06c3194e5028a5a43d62d76ab9512ba5446312978d,2026090305,,,144,5,2298.5939801,459.71879602,46,0.346805305,3.0,1217
5,220,"[""13322"",""13402"",""13410"",""13411"",""13412""]",95a069381e7951fa5ff3bf9db7c105947d1eb11ec5728f94c2acfd4904d900ac,2026090305,,,87,5,2960.1829823,592.03659646,26,0.253395491,7.0,1283
5,221,"[""13306"",""13315"",""13316m"",""13319"",""13411""]",e55eef7c9d1f57f1261cbf141c904c6bcc16dbe55349a66c27b7f94c0e9bdf3e,2026090305,,,125,5,2317.72398625,463.54479725,31,0.24657656,3.0,1229
5,222,"[""13305"",""13315"",""13405"",""13409"",""13412""]",6e197bfb36b3732fe0f6ce2ee2f0de5fb09f3a80e7200ca6e711ec68573de689,2026090305,,,106,5,2758.6229849,551.72459698,31,0.363421892,7.0,1219
5,223,"[""13302"",""13314"",""13315"",""13322"",""13412""]",7701905bca2a1e8dc1b9774a2c01a727b84b7503566cc1178ea10aa27e7f33ea,2026090305,,,138,5,2500.06998358,500.013996716,50,0.460928809,2.0,1257
5,224,"[""13302"",""13307"",""13312"",""13402"",""13414""]",4445e2adf0db1d7766efb25f70ca77a5e970efbc03a17e1078f068258c53215f,2026090305,,,140,5,2964.80597364,592.961194728,50,0.587714355,3.0,1275
5,225,"[""13302"",""13307"",""13312"",""13316m"",""13411""]",2f53dd6690994a54598b11de9061342e41d5671ff2a5436194819ae0436a4b19,2026090305,,,148,5,2702.6499749,540.52999498,50,0.520138628,2.0,1257
5,226,"[""13301"",""13306"",""13316uwt"",""13408"",""13413""]",39b0b27d719bc1dfc270aac11e00780ed4c958026e6a9df758e1921d1850857a,2026090305,,,113,5,2524.870986,504.9741972,36,0.409955215,6.0,1161
5,227,"[""13302"",""13304"",""13319"",""13326"",""13410""]",7d8f3c6152028c1eb4b4a19b80ee330e82744720ab87914b6b2044d4c4de0a52,2026090305,,,150,5,2760.43297826,552.086595652,50,0.41204099,3.0,1265
5,228,"[""13306"",""13314"",""13315"",""13317"",""13411""]",af4673d26209d609c003e79ec4ecd559976a82c4114aed470507f8f28e0aa0fa,2026090305,,,128,5,2345.64398862,469.128797724,37,0.351649295,3.0,1147
5,229,"[""13309"",""13316m"",""13403"",""13404"",""13412""]",ae8d9056b311c1da6145243bfb6e8654a0469bdddad54b7e2457ba7a52fdfd5b,2026090305,,,91,5,2695.68598316,539.137196632,23,0.200831504,7.0,1206
5,230,"[""13303"",""13321"",""13322"",""13403"",""13408""]",73ead0799720011bac8ba3907f6b7a74e94ecfbc8df90b5ce3e2b289f99fdc31,2026090305,,,127,5,2580.0649859,516.01299718,54,0.601525331,3.0,1234
5,231,"[""13305"",""13306"",""13309"",""13314"",""13405""]",7f8805ea447e1f58eb5ad04aabd3e09e485b684856a4c48fbf5a7fe8ade52689,2026090305,,,111,5,2122.72798558,424.545597116,30,0.315186589,4.0,832
5,232,"[""13306"",""13307"",""13313"",""13409"",""13411""]",4efef6106b9fcb64208ce4f35872651b28b40734c6141539edd7fb543daffd5f,2026090305,,,113,5,2687.74197436,537.548394872,37,0.408040421,4.0,1211
5,233,"[""13311"",""13316m"",""13325"",""13407"",""13410""]",4ddebadfe1db9c4e9eca389232fac39614e9a21604dacd39a32ed22ead8cfccf,2026090305,,,111,5,2648.79297886,529.758595772,42,0.467601415,5.5,1226
5,234,"[""13314"",""13316m"",""13319"",""13402"",""13409""]",d4a208093630d5e69e6e27f46c4e6c9cbd218a7a5d019803c4fc3508c349d847,2026090305,,,100,5,2541.26098557,508.252197114,27,0.214476106,7.0,1274
5,235,"[""13323"",""13326"",""13405"",""13411"",""13413""]",3bbc30422e6e5af9a5d2c6971e8a4219ef2e1f20eec6b865a370216a71464c5d,2026090305,,,71,5,2275.62698753,455.125397506,21,0.29341784,7.0,1080
5,236,"[""13301"",""13302"",""13407"",""13408"",""13409""]",1056c7020820504d80d80e7d46e914fc5bb698970a973efdb18745e112f7fdcc,2026090305,,,131,5,3266.62697752,653.325395504,50,0.556467083,7.0,1260
5,237,"[""13303"",""13315"",""13316uwt"",""13324muw"",""13408""]",de6001efe8abc04106b26b8fc83a8e0b916d93d9e589f92cd224e89e40c8dd82,2026090305,,,134,5,2288.21098758,457.642197516,54,0.562629159,3.0,1198
5,238,"[""13302"",""13308"",""13311"",""13324muw"",""13326""]",bfde6cae9e080e91b664168902b969df24bcfd9ef680c5a46e5899e770aae5ea,2026090305,,,133,5,2226.38897835,445.27779567,50,0.489934874,3.0,1257
5,239,"[""13308"",""13319"",""13323"",""13405"",""13411""]",1a5f40503a54a132f3470819ca0973661a08228f503ec025398700db6a64f5c3,2026090305,,,93,5,2281.83198515,456.36639703,31,0.474338602,6.5,1237
5,240,"[""13308"",""13317"",""13318"",""13407"",""13410""]",1114d36234590a868c0c5ca9144c175a44de4f041e6447b1b1cd6a7c9b9bc6c2,2026090305,,,133,5,2989.91097938,597.982195876,37,0.33422723,5.0,1227
5,241,"[""13305"",""13316uwt"",""13322"",""13325"",""13406""]",d7af4e7014a4569df419a88265b603d54ed447b2ad5e34efd8f1072f91f400ad,2026090305,,,133,5,2444.6449827,488.92899654,42,0.352342091,3.0,1233
5,242,"[""13311"",""13322"",""13323"",""13324muw"",""13412""]",4839f9c526411a837bd1a9ab0e2a9d62d3d744771789283088e14eefa4799e37,2026090305,,,80,5,1757.36598586,351.473197172,26,0.364434493,5.0,1166
5,243,"[""13304"",""13308"",""13324t"",""13406"",""13411""]",e53bacd335d5b27c4101388916c31c44a9207f7daa53b4c4c018c8ba4eb7d807,2026090305,,,114,5,2568.26198235,513.65239647,37,0.414607098,5.0,1243
5,244,"[""13304"",""13306"",""13309"",""13408"",""13414""]",272115eda3ee586f9bc3bc47ff4015c475e25567b1a7bc69f04ab6b03d592000,2026090305,,,112,5,2374.912984,474.9825968,37,0.450516993,4.0,1243
5,245,"[""13306"",""13313"",""13315"",""13409"",""13410""]",24e3a149febe5a5c2384e535cb0f645bc33f6a00e72f60e0b3a13daf61edc556,2026090305,,,130,5,2904.2089762,580.84179524,37,0.328165062,4.0,1238
5,246,"[""13301"",""13304"",""13316uwt"",""13323"",""13414""]",fc0972d644927a45433ca63ddbac503ea8c6cc0bf5dd28da4e8414c15e8018a9,2026090305,,,114,5,2166.54698904,433.309397808,37,0.524411761,3.0,1257
5,247,"[""13318"",""13325"",""13402"",""13405"",""13414""]",fba5c5da3aa7605beb5945511cf288dce58eb75037f5245c2abb691f9bd09788,2026090305,,,117,5,2970.29197746,594.058395492,42,0.51182239,6.5,1272
5,248,"[""13304"",""13305"",""13314"",""13324muw"",""13403""]",8e999d72d366f194a52df6f7de0f2a2d53a2c6a0741caecd510cc8a97339079d,2026090305,,,114,5,2162.38498588,432.476997176,37,0.397553305,3.0,1255
5,249,"[""13305"",""13308"",""13314"",""13316uwt"",""13414""]",9be3d789de195594ab0e32f6089e51666e25834a33eed00431bf6fcd0b965cb2,2026090305,,,110,5,2107.82498776,421.564997552,31,0.341363334,4.0,1084
5,250,"[""13319"",""13320"",""13325"",""13401"",""13411""]",aa1c58f6d2ff6667cca863f0da27fce9cdaf2148b862e423a91f4c3fd2aff304,2026090305,,,111,5,2487.53397995,497.50679599,42,0.503538328,4.0,1277
5,251,"[""13306"",""13307"",""13309"",""13310"",""13319""]",db405b7f326f0f4cfe51a44bcbb50ed91a491402b5f684be9b0f8efec8b95a8f,2026090305,,,118,5,1978.57298201,395.714596402,30,0.215394322,3.0,1229
5,252,"[""13301"",""13316m"",""13405"",""13406"",""13414""]",2678ae5343e0b5ee78df1c66fc5ab4dacac362d505f624f23100ac59c9b670f3,2026090305,,,98,5,2609.98898562,521.997797124,36,0.463808905,7.0,1161
5,253,"[""13307"",""13315"",""13319"",""13322"",""13324muw""]",8bc558b24c15f954737a766ed7f0450985138caa2f47a1f3b6c6dd0d7dcc44da,2026090305,,,116,5,1840.64198769,368.128397538,31,0.264867095,2.0,1227
5,254,"[""13313"",""13324muw"",""13403"",""13406"",""13412""]",7287c5e4b70eff3ba7ba517f569c2a40a43ab84c6719350780c067d8a06558fa,2026090305,,,97,5,2780.61497412,556.122994824,37,0.457109263,7.0,1206
5,255,"[""13301"",""13310"",""13320"",""13326"",""13407""]",8aab3c00190c221febbe3f32fa457523a92f01136e091b54a7769c7078c9c7a6,2026090305,,,114,5,2335.42998405,467.08599681,36,0.315545715,4.0,1238
5,256,"[""13315"",""13324t"",""13402"",""13408"",""13411""]",02511f79308574b19df89ae969b76f5582f835341e17baa19c83f15b2ac09fc1,2026090305,,,91,5,2511.73998599,502.347997198,31,0.376523993,7.0,1137
5,257,"[""13301"",""13305"",""13309"",""13310"",""13315""]",db14fe38c2784d1a36eb835d1a8755a638e5248cf03a3eedb6318e4e4e174350,2026090305,,,143,5,2256.91798662,451.383597324,36,0.176356926,3.0,1161
5,258,"[""13303"",""13314"",""13318"",""13325"",""13413""]",b4b463969fadae2eb0fdedaaf810f8726baeaa7c098df05eed6a1a963b75d187,2026090305,,,160,5,2839.26597962,567.853195924,54,0.469790512,2.0,1257
5,259,"[""13308"",""13312"",""13319"",""13321"",""13402""]",59f3c85d0c05fa7db8d74752e7fdc5f9105758daacc2cf2518d0fa60cfa18a37,2026090305,,,143,5,2830.11497981,566.022995962,46,0.345853511,3.0,1274
5,260,"[""13307"",""13311"",""13403"",""13409"",""13410""]",a9f6a79399056130d3c735962d16862551832deff65f042131781bc5d812951b,2026090305,,,75,5,2454.57098192,490.914196384,17,0.073029674,7.0,1266
5,261,"[""13306"",""13309"",""13314"",""13325"",""13408""]",dd9395820d5bbfb65f4a44fddd1f3a9827dc67889c3121a3667876c0e3453b8b,2026090305,,,121,5,2267.48598334,453.497196668,42,0.451454555,3.0,1227
5,262,"[""13305"",""13403"",""13404"",""13405"",""13414""]",7b7d87f7e39a7015e00e82fdfdf082a01b46bbf1b96bbdab08bd63dfd717331c,2026090305,,,86,5,2796.20298274,559.240596548,30,0.384600823,7.0,1159
5,263,"[""13303"",""13308"",""13310"",""13406"",""13414""]",b705baa627028fe130c32277ee7742c11ae8ce9e543343db357b3146b4da4977,2026090305,,,135,5,2756.38598106,551.277196212,54,0.561205835,3.0,1198
5,264,"[""13309"",""13310"",""13311"",""13317"",""13323""]",3ee3e8b1ad5cf1c812117e77b0b5c15ed494b38b0ecc4a1ab4e9e24e229994f6,2026090305,,,105,5,1799.13998488,359.827996976,37,0.468509481,3.0,1135
5,265,"[""13301"",""13319"",""13323"",""13407"",""13410""]",ab9c3b67b622bc77501bc0c3a48f0a197fa5ebeba6bb0597e85e69543ef51577,2026090305,,,103,5,2562.98798511,512.597597022,36,0.476223241,7.0,1268
5,266,"[""13306"",""13308"",""13317"",""13319"",""13412""]",9d0f3073bbf72f8c3e93904721299e9a7817e202745fa9ac57aae99e9ade017f,2026090305,,,140,5,2670.94998175,534.18999635,37,0.259512887,3.0,1229
5,267,"[""13306"",""13315"",""13320"",""13404"",""13409""]",95a34ae6a5a81f4bb4af255cee38161d4b40a9d3ea7396e37789e330284d7b9b,2026090305,,,111,5,2596.09898424,519.219796848,31,0.306041221,5.0,1236
5,268,"[""13304"",""13305"",""13311"",""13325"",""13407""]",fc7b27c57d3933c13a468b9a3a81e1de92464f786ee6313f6ea8ec3a96546d80,2026090305,,,140,5,2631.26497846,526.252995692,42,0.390577803,3.0,1243
5,269,"[""13310"",""13321"",""13406"",""13412"",""13414""]",215611b0bb42bd6715a50131871cb43af8cf75aee1daf95ed6d1c15eeb02ad61,2026090305,,,87,5,2540.57098336,508.114196672,24,0.271030486,7.0,1209
5,270,"[""13306"",""13310"",""13315"",""13325"",""13410""]",75a0dfc7a27a70c263feb272226531a847e4bbcf85d769f5155ae44ff46c001f,2026090305,,,142,5,2601.5369806,520.30739612,42,0.312250694,3.0,1238
5,271,"[""13310"",""13322"",""13326"",""13407"",""13408""]",e08a35a7bd0446e705b3f81edb2ef496e48c924527ce9bff449856bfe1222e49,2026090305,,,99,5,2326.78698489,465.357396978,26,0.269906853,5.0,1194
5,272,"[""13301"",""13309"",""13312"",""13318"",""13408""]",cb2b2528e383e6b7ffe7eb13440afff8dc3e2d2661114bb2cc51404a11cf20f7,2026090305,,,148,5,2704.12897938,540.825795876,46,0.406866736,3.0,1241
5,273,"[""13309"",""13323"",""13403"",""13405"",""13407""]",8d519bc2c6b064bd75ff213356fb4568cf756525d791b46e6683e856f6d75d9f,2026090305,,,74,5,2398.2229848,479.64459696,22,0.312276216,7.0,1236
5,274,"[""13301"",""13307"",""13320"",""13409"",""13410""]",914bcc74e683b1060d8cc21f81dc3d930d34ce58e0fd6d89ddf980f025e21f06,2026090305,,,99,5,2462.85898378,492.571796756,36,0.410802008,7.0,1268
5,275,"[""13322"",""13324muw"",""13326"",""13408"",""13411""]",bb9e982613486632f5f4b6541f3045d4fed0cbad96b20cf77d75ef83b81ef46a,2026090305,,,89,5,2105.15298699,421.030597398,26,0.295998649,5.5,939
5,276,"[""13323"",""13324t"",""13403"",""13409"",""13412""]",2c39eaf2d34950de59df7b26c46dad03a3f463719f7eba1d1e5150807a9929d2,2026090305,,,72,5,2410.85098423,482.170196846,18,0.242956329,7.0,1239
5,277,"[""13303"",""13310"",""13315"",""13324muw"",""13407""]",949f9b771b5f594333f9e26188c6d0c1b3cb647f423079769c6667801131d139,2026090305,,,143,5,2587.10098288,517.420196576,54,0.479722318,2.5,1238
5,278,"[""13303"",""13313"",""13316uwt"",""13317"",""13408""]",ab239657fe811971b23ce3649a0e051121f55a2907ab6c986f7bb2492270b5f5,2026090305,,,160,5,2790.67897694,558.135795388,54,0.462668888,3.0,1198
5,279,"[""13301"",""13310"",""13316m"",""13324muw"",""13325""]",ec92c1603e066f6b98a6f721e17d0370cc88a64ebf34f9c3a8c235b1680f4d91,2026090305,,,142,5,2351.61198114,470.322396228,42,0.323177293,3.0,1257
5,280,"[""13304"",""13306"",""13311"",""13403"",""13404""]",f080be34405dc3d53b0dcb5328cb122e0b059d276645ed296308e9866b3199d5,2026090305,,,112,5,2589.3389812,517.86779624,37,0.419357806,7.0,1255
5,281,"[""13309"",""13314"",""13318"",""13319"",""13402""]",277102787e0fd07523a764b61b14cec910199dc99b4d416d61f46281e475ed7b,2026090305,,,115,5,2378.88998317,475.777996634,33,0.276352149,4.0,1274
5,282,"[""13301"",""13316m"",""13324muw"",""13407"",""13412""]",1277888becc2826db0ce70f441691dcdbe9caa1c0938a3b092bfdd0d93c4dd02,2026090305,,,108,5,2625.83298368,525.166596736,36,0.355729124,7.0,1238
5,283,"[""13316uwt"",""13401"",""13403"",""13410"",""13411""]",56076a5cf49e730bb6da894c4285e59b33f680c7ce731ff4fe358c00f73c4f64,2026090305,,,76,5,2675.67798416,535.135596832,21,0.201277086,7.0,1286
5,284,"[""13301"",""13305"",""13308"",""13311"",""13409""]",63665d0f7b1aba8046b96e8e5a477142480e956f8d5c9ffdcd661e2f3764dffd,2026090305,,,128,5,2544.9549831,508.99099662,36,0.333841572,4.0,1241
5,285,"[""13303"",""13325"",""13401"",""13405"",""13409""]",3aab9402385930c1ade7b5d0576eae5c912df4d8aba1a7162ba78468ccc8769d,2026090305,,,138,5,3162.5299787,632.50599574,54,0.621923219,4.0,1275
5,286,"[""13304"",""13317"",""13319"",""13402"",""13405""]",072b15d9e714a6a559baf741d7a10059a7642445bb343baa070e24d6be99f807,2026090305,,,131,5,2850.65598249,570.131196498,37,0.378921333,4.5,1274
5,287,"[""13301"",""13310"",""13405"",""13407"",""13408""]",60cd1112f158f036b1ad4644287980c03be0d9a7c9e60a5fea9bde6946d0d1f2,2026090305,,,101,5,2730.97298282,546.194596564,36,0.448723532,7.0,1238
5,288,"[""13301"",""13317"",""13322"",""13411"",""13414""]",979f5ba7eb62387c3992cb32847bc782a2c38a010807ef23dda5c86383428915,2026090305,,,125,5,2665.02898618,533.005797236,37,0.421805642,5.0,1177
5,289,"[""13304"",""13308"",""13324muw"",""13403"",""13405""]",73bed11a02f6eabfc4147be174ce9e39948e633516a33091d565571ce16e6ff5,2026090305,,,112,5,2520.72598258,504.145196516,37,0.435216343,5.0,1255
5,290,"[""13301"",""13316uwt"",""13317"",""13403"",""13406""]",9e3e90aabe187d493f3a01ebcef65a9fdd6ce2dc21f86f426779f1645971a43f,2026090305,,,122,5,2717.44398604,543.488797208,37,0.418434394,7.0,1177
5,291,"[""13302"",""13306"",""13311"",""13402"",""13404""]",f1080df79330d4af53a954dd49addada6b9ea0762d69307e61e9d18662545546,2026090305,,,128,5,2943.19797474,588.639594948,50,0.523262564,5.0,1275
5,292,"[""13301"",""13302"",""13314"",""13409"",""13413""]",cd287ea0c3b614a93257ca8bc4d418bc1f131c29d0ff505b040ce48cd654d740,2026090305,,,134,5,2997.49198048,599.498396096,50,0.521000289,7.0,1260
5,293,"[""13305"",""13311"",""13316uwt"",""13324muw"",""13413""]",3f3fbc5b5034aec33c744e7ebdaf714d7ced7134360e5a27ac6807a1ea933376,2026090305,,,97,5,2006.59298406,401.318596812,30,0.299856486,4.5,1078
5,294,"[""13303"",""13314"",""13316m"",""13320"",""13408""]",8938ee16184f5dfd8c0cf630376b9c3c754f64e69ab48def5f57d23837e7071b,2026090305,,,120,5,2105.20898702,421.041797404,54,0.644959086,3.0,1198
5,295,"[""13303"",""13310"",""13317"",""13320"",""13322""]",dbffacd96140ae46857a93b39fae12873dc596a71df32d432ec168559f29f185,2026090305,,,157,5,2372.44198258,474.488396516,54,0.418447585,2.0,1198
5,296,"[""13301"",""13319"",""13324muw"",""13405"",""13413""]",0a6ec66cb05f2c0dcb3b06ff50acb9076c04e91e8a6e6e6210d948e5b2412dba,2026090305,,,108,5,2548.84098377,509.768196754,36,0.401044589,7.0,1259
5,297,"[""13309"",""13311"",""13401"",""13405"",""13408""]",01e77bc9e9faae4878d1e9aa7ca859e16dfeb9e6b782beb68105c09d59665b77,2026090305,,,72,5,2170.529984,434.1059968,22,0.272873371,7.0,874
5,298,"[""13312"",""13322"",""13324t"",""13409"",""13413""]",2eebfb91769e0f421dae8b495facd00214777fd1c4b5da41956d2b1010b53917,2026090305,,,122,5,2774.69397929,554.938795858,46,0.468433838,6.0,1192
5,299,"[""13302"",""13309"",""13310"",""13401"",""13406""]",97fcdbb2e51c73da24b8b313b0addff3f1de004ed5c4e865a68912fb54abc2b4,2026090305,,,122,5,2663.27197652,532.654395304,50,0.55689468,4.0,1278
5,300,"[""13301"",""13309"",""13317"",""13318"",""13319""]",22ff16ff0558a0402da972d943760864f460117fe5facd7e739dff1926bc3f70,2026090305,,,155,5,2563.06098259,512.612196518,37,0.183616122,3.0,1259
5,301,"[""13309"",""13313"",""13404"",""13406"",""13410""]",af0f7b021a42772b49c7f866d6fd4787ca526c6a637a8b2d9d241a17de953847,2026090305,,,105,5,2984.75297396,596.950594792,37,0.402937063,7.0,1263
5,302,"[""13306"",""13308"",""13323"",""13407"",""13413""]",ac5bf87b00a0ccb4f11709c940cd3f0243186aea1f4cbd501b5c37c5b9f4863b,2026090305,,,101,5,2503.57798378,500.715596756,31,0.442121061,6.0,1208
5,303,"[""13304"",""13321"",""13324muw"",""13411"",""13414""]",73691d95174fdfd97f96f4eceb2174e2ad2e28d690724ba089102bb7af093142,2026090305,,,102,5,2359.55998508,471.911997016,37,0.439101876,6.0,1243
5,304,"[""13302"",""13307"",""13321"",""13408"",""13412""]",eb8e914ae9c9e70997deb597f58a5ab7f5cad11e90d3bd3e431ff327e7ee8def,2026090305,,,113,5,2526.98797988,505.397595976,50,0.626133556,4.5,1257
5,305,"[""13301"",""13302"",""13306"",""13310"",""13316uwt""]",e80c5e70338542cecebf51a9c339090fee7ce622570f8216601fcf873126f45b,2026090305,,,161,5,2608.95097812,521.790195624,50,0.319377891,3.0,1260
5,306,"[""13302"",""13405"",""13406"",""13408"",""13413""]",bd17dc5866d09ba247994861ef0a76c4d31e148c138aadacb07aba3da9447e0a,2026090305,,,103,5,3005.61197766,601.122395532,50,0.716475912,7.0,1257
5,307,"[""13303"",""13305"",""13323"",""13326"",""13401""]",b070ddd36a869945e0a75a5493aada514e0e61e7c4747a1474219eb52587dcf1,2026090305,,,125,5,2177.65898747,435.531797494,54,0.654828222,3.0,1216
5,308,"[""13301"",""13303"",""13309"",""13324t"",""13409""]",fa34aae5e016ce6d4d5a4ae38799417e1e0d7deeb8e4a603f86061a64d2989fc,2026090305,,,147,5,2746.50598279,549.301196558,54,0.477936546,3.0,1241
5,309,"[""13310"",""13311"",""13312"",""13321"",""13407""]",5613bcd019c990dcce73c364a118ea0c17d0cb5d91f6a1adb57a7ffb9e46494e,2026090305,,,123,5,2514.37997812,502.875995624,46,0.458178953,4.0,1199
5,310,"[""13303"",""13312"",""13319"",""13403"",""13411""]",da6cf0ef167c6a0ec7e8d0b017e9472607bbca5aa69bb29c2604e29c9f0ead3c,2026090305,,,155,5,3086.21197771,617.242395542,54,0.52966131,3.0,1259
5,311,"[""13304"",""13306"",""13314"",""13407"",""13410""]",6e5c77673cd0a7344626b0e1ec67e5941e865184892d9fec5a05a865c08a9a0c,2026090305,,,115,5,2642.32598356,528.465196712,37,0.385953757,5.0,1254
5,312,"[""13314"",""13318"",""13320"",""13323"",""13326""]",938c342d933904e19900486ef5ab1aded45a5567c97113d8d3fdb662efeb2cc0,2026090305,,,94,5,1586.16398855,317.23279771,33,0.437853524,3.0,1178
5,313,"[""13307"",""13324t"",""13403"",""13410"",""13411""]",a2ab21ced8ec00367ee4e99cf4832ba50c41351f173c4d114530ebd2b05ad3ea,2026090305,,,76,5,2377.96298265,475.59259653,18,0.096690385,7.0,1266
5,314,"[""13311"",""13322"",""13323"",""13401"",""13403""]",59d083050c00c0a7f05e10e9630af0893266f9406ca73f812b13d63c327c1938,2026090305,,,74,5,1909.9819868,381.99639736,26,0.406305308,7.0,1027
5,315,"[""13306"",""13326"",""13402"",""13410"",""13411""]",b906e8abc0c5a961e4a4a7a42252cf32f1a25726c4d04267e5286fe6c71d8d0f,2026090305,,,97,5,2758.03398311,551.606796622,30,0.299856486,7.0,1283
5,316,"[""13304"",""13308"",""13312"",""13316uwt"",""13405""]",a3588feea91e00a62cfb0d6feffe6f86fb56c641f248cc2230d5092709f7107e,2026090305,,,148,5,2698.44098034,539.688196068,46,0.392590244,3.0,1243
5,317,"[""13308"",""13315"",""13321"",""13323"",""13413""]",3f72ccab5f79f12ed87fdf27b09ca24b90ca25b7bb8092e47dcb48b1fb4fa5dd,2026090305,,,107,5,2150.17299036,430.034598072,31,0.420664577,3.0,1193
5,318,"[""13307"",""13309"",""13313"",""13401"",""13411""]",1d3c8364a457ee7fc1ce268aca3c4de284b6cccffb6bf1d87199eb8a5cfc9ce0,2026090305,,,100,5,2393.78597628,478.757195256,37,0.457165178,5.0,1185
5,319,"[""13312"",""13313"",""13318"",""13407"",""13412""]",f6368355f6ffd661b86c505c10ec4eff333fc84a0e8b694034ffbff598cd8e65,2026090305,,,148,5,3260.03296718,652.006593436,46,0.401785642,4.0,1192
5,320,"[""13304"",""13314"",""13315"",""13325"",""13402""]",4653a2673f0d04200632bc2b860a3a15efc6eb7ebfb322f0063d2d1c73cfb1f6,2026090305,,,143,5,2632.36898524,526.473797048,42,0.366449581,3.0,1272
5,321,"[""13301"",""13305"",""13314"",""13319"",""13410""]",b510ee147d0f87335311db78dd8ee2b33b07c7c0b7f527c06a2fc804a874b829,2026090305,,,124,5,2405.66498641,481.132997282,36,0.327979023,4.0,1268
5,322,"[""13308"",""13323"",""13325"",""13401"",""13403""]",6690554f47a8c352b602dd8a1b0d30d57b7fcb4679c75d14bb20f739956fecb7,2026090305,,,107,5,2445.4309828,489.08619656,42,0.605388215,5.0,1275
5,323,"[""13305"",""13312"",""13317"",""13401"",""13406""]",56e4cc3f0617a6e0a4b143b68fefbab45482fce545ac90a185656836a7e6826e,2026090305,,,139,5,2831.92497992,566.384995984,46,0.471977539,3.5,1259
5,324,"[""13324muw"",""13408"",""13409"",""13410"",""13411""]",82a1c29333796fec07cb5297c3c5386ddfbd92f951c2eab0d4eaa257277ea472,2026090305,,,74,5,2711.97398256,542.394796512,17,0.150480118,7.0,1217
5,325,"[""13310"",""13316m"",""13412"",""13413"",""13414""]",f3c110096992aa921ad86754321a4ab3b9965634d7ba9a36963e8436e7428651,2026090305,,,89,5,2545.49198272,509.098396544,24,0.269194349,7.0,1164
5,326,"[""13303"",""13309"",""13320"",""13325"",""13410""]",64517d9ae05ec35e5d4200ca4c73f98ba817a9351c972016a2c93879328f427c,2026090305,,,149,5,2679.3929787,535.87859574,54,0.520902226,3.0,1268
5,327,"[""13301"",""13309"",""13320"",""13410"",""13411""]",6f0c4452438d3697f373354b77bf26a0a6417315024e98530757787719e3e7c3,2026090305,,,103,5,2473.23798386,494.647596772,36,0.397465815,7.0,1268
5,328,"[""13316m"",""13404"",""13407"",""13409"",""13412""]",685d74760c370800853295a3311e0457e0eb712d7da8488b9edfa0dac01351cb,2026090305,,,89,5,3149.54398126,629.908796252,23,0.15241191,8.0,1236
5,329,"[""13308"",""13310"",""13323"",""13324muw"",""13414""]",c43cff924a56cc47258591fa334a88e6b680e0a6c6a4bc5e36db044e82dc4ddb,2026090305,,,92,5,1907.58198482,381.516396964,31,0.448953835,3.0,1067
5,330,"[""13305"",""13315"",""13316uwt"",""13317"",""13324muw""]",82a3f0a685bdc39c9dec38b229d5dfaaeb9f5dd84758ce53355fa6090df87186,2026090305,,,136,5,2115.15598814,423.031197628,37,0.265521619,2.0,1153
5,331,"[""13323"",""13404"",""13408"",""13411"",""13412""]",a476214f9bd3c2312f409c22fea2723687c55b182fed1ef4d59c63bb1c0649c2,2026090305,,,65,5,2558.4309854,511.68619708,17,0.243252128,8.0,1203
5,332,"[""13306"",""13309"",""13321"",""13404"",""13408""]",f59e40f624d0add137fa9dd79df1c425a515d720940ac764d5c0520aa0fefcc7,2026090305,,,102,5,2447.40298478,489.480596956,30,0.307849382,6.0,1229
5,333,"[""13406"",""13407"",""13408"",""13412"",""13413""]",0dd00973d2e06ef6553540a7288d61a9ae737c1b3efddf267b21b1a1aeeed6a5,2026090305,,,72,5,3032.279982,606.4559964,17,0.136082763,9.0,1213
5,334,"[""13306"",""13316uwt"",""13320"",""13324muw"",""13413""]",3642cffa5697a7a92962305e38e96b68d46c4a93136d00ecf7b171d9b06732fe,2026090305,,,99,5,2040.2309838,408.04619676,30,0.277364247,4.0,1072
5,335,"[""13302"",""13310"",""13319"",""13323"",""13324muw""]",60d4c93029b0e32ba13c599eb6ad5adb3729cbb53cf406374145af0c27bd344c,2026090305,,,126,5,2109.01697843,421.803395686,50,0.55634864,2.0,1257
5,336,"[""13302"",""13303"",""13305"",""13325"",""13326""]",77be8284dcd547f69aa78fc44008566b45f8f7a560fe128b6601d84e1fcd7c36,2026090305,structural,trip_heavy,197,5,2953.90097523,590.780195046,54,0.312749681,2.0,1260
5,337,"[""13307"",""13314"",""13319"",""13322"",""13401""]",13390debeb59c1202745202290fb0ab4ef9fdc2e0b367db7c8eb4f2b7baa6d48,2026090305,,,96,5,1886.89298793,377.378597586,27,0.318348058,4.0,1277
5,338,"[""13302"",""13303"",""13307"",""13314"",""13404""]",e16a50719c88d4932a156aab994d51791f7a0bbddfd160d3860c8cb2e654f230,2026090305,,,152,5,2746.49897914,549.299795828,54,0.582004488,2.0,1260
5,339,"[""13307"",""13309"",""13312"",""13320"",""13406""]",47d142868cb5896f992ad568b686015f062236c1b19efb4b825a4b9c71a134d9,2026090305,,,113,5,2213.91697998,442.783395996,46,0.532152084,3.5,1216
5,340,"[""13306"",""13316m"",""13318"",""13323"",""13405""]",15d3d0cbdcc8dcf1ef44b510bf2d9b382a36969eca2e256ca19ac39d30ce44d9,2026090305,,,107,5,2081.4739841,416.29479682,33,0.448792793,3.0,1216
5,341,"[""13302"",""13310"",""13314"",""13316uwt"",""13321""]",643b4dfa122ca972ddc5c864f939c3f257b9a88adfcb986b5075ce6c6c205623,2026090305,,,133,5,2225.08598214,445.017196428,50,0.450877123,3.0,1257
5,342,"[""13310"",""13311"",""13326"",""13403"",""13406""]",4e450974f051cb9f3ad6f547c5708d8e986fbe5efa5dc3e362766ed36b6b15ad,2026090305,,,87,5,2201.18198319,440.236396638,24,0.245450075,7.0,1136
5,343,"[""13309"",""13323"",""13325"",""13406"",""13414""]",71628474755f25db4161a9ddd697e002815652ea563a87e0253378beb0353c8f,2026090305,,,98,5,2306.9039833,461.38079666,42,0.616988427,5.0,1232
5,344,"[""13307"",""13326"",""13406"",""13409"",""13414""]",8f1129792e4cae84a3c8085d29e01f565d3d125b3053a5fcf5f5ef7cf3708b7a,2026090305,,,79,5,2411.96898545,482.39379709,21,0.193633652,7.0,1216
5,345,"[""13313"",""13319"",""13324muw"",""13404"",""13414""]",987805a4f15491aa6cfd2f6addb12f7f8c7b3b04cc2734fe243606f8891bac80,2026090305,,,110,5,2652.42697447,530.485394894,37,0.406557814,6.0,1254
5,346,"[""13301"",""13312"",""13313"",""13314"",""13320""]",10f417ec91b1bed38c4dbf94f9e4aee0a9b20fab5b84290829454b50c75a4080,2026090305,,,151,5,2519.46297514,503.892595028,46,0.400867442,3.0,1241
5,347,"[""13303"",""13315"",""13323"",""13324muw"",""13412""]",50bddf82203f0646d7c7d1a3cacebdf0cc58e71ef201d70dae59132d3e708f83,2026090305,,,125,5,2253.65398732,450.730797464,54,0.652380257,3.0,1208
5,348,"[""13314"",""13315"",""13318"",""13322"",""13408""]",cbfdea6f71efc9cef0aac910d9798b328273f785a219b1d27ca475802bf83989,2026090305,,,117,5,2094.72898888,418.945797776,33,0.365228387,3.0,1187
5,349,"[""13301"",""13302"",""13317"",""13320"",""13325""]",bb76024cccadd0fc9638bd3176c8ee0f90a758cac5c9d8de254a97a413fc9a9c,2026090305,,,181,5,2883.50997564,576.701995128,50,0.310770411,2.0,1260
5,350,"[""13307"",""13317"",""13323"",""13325"",""13409""]",4e7aa82928e8e7feb495221e804680a86df4dbfbe5f4aab084164db5b63c3fbb,2026090305,,,119,5,2371.69598324,474.339196648,42,0.557035745,3.0,1225
5,351,"[""13303"",""13313"",""13320"",""13408"",""13410""]",b1a55b1a455c2ee224ef3400e4137debde123761c6e04e5934fd3157278f9e17,2026090305,,,133,5,2747.64097436,549.528194872,54,0.617549149,3.0,1268
5,352,"[""13306"",""13307"",""13309"",""13310"",""13412""]",9488d4d07ab251949dcf785b55aeede833c4fbf73e1cfb3102200338a572251b,2026090305,,,106,5,2149.26098166,429.852196332,30,0.269157408,3.0,1178
5,353,"[""13312"",""13314"",""13317"",""13326"",""13413""]",023dafb49702c01b32c9aec7f7175f6d88877180a1050ebbef5b0998bb2849c0,2026090305,,,135,5,2558.56298427,511.712596854,46,0.457223685,3.0,1192
5,354,"[""13303"",""13313"",""13317"",""13324t"",""13403""]",c1995093e6ff668d74f1e5b6b56bae572c95486e33f13287db550f2d939853c8,2026090305,,,160,5,2872.97097411,574.594194822,54,0.453717285,3.0,1198
5,355,"[""13315"",""13318"",""13320"",""13403"",""13413""]",0008af44e07456880f8f63bfe26363adf029d3785c1532e00c9f62fcfd7aa0bd,2026090305,,,109,5,2449.18198372,489.836396744,33,0.384227369,4.5,1236
5,356,"[""13304"",""13312"",""13316m"",""13325"",""13411""]",a31ddf3af1f6121ca3022b8c4034c098d2dbbba0a029606e02d69cb44489a50c,2026090305,,,162,5,2890.16897704,578.033795408,46,0.371705413,3.0,1243
5,357,"[""13318"",""13319"",""13324muw"",""13408"",""13411""]",9ecf398e2d350a1cf98a1caca37dcdb5b902a679b062fa55e11d73155945417f,2026090305,,,102,5,2360.42698137,472.085396274,33,0.406123827,5.0,1208
5,358,"[""13307"",""13309"",""13313"",""13319"",""13322""]",c3b62a6fe36d49f708bfb635ccbc4e723109edd5870e01ffba9688f60380e38c,2026090305,,,127,5,2151.00097693,430.200195386,37,0.282368836,3.0,1227
5,359,"[""13311"",""13322"",""13324t"",""13401"",""13405""]",526ddfb7c4bec0c5322b9b7b877f517aa50d3a873570d16d623081b46c58bc51,2026090305,,,83,5,2026.06098373,405.212196746,26,0.308584301,7.0,874
5,360,"[""13302"",""13314"",""13316m"",""13320"",""13407""]",04b2ee02cc15b17d64c8ece50d2b0edd2f4e26af2848490df8806c16cc0572d0,2026090305,,,122,5,2402.54197998,480.508395996,50,0.535365764,4.0,1257
5,361,"[""13307"",""13310"",""13321"",""13402"",""13403""]",a132953e6180d20c1db1215e63e99568414a8fbf557a856a9c49ae3219a8703d,2026090305,,,92,5,2371.52398368,474.304796736,24,0.213553073,7.0,1249
5,362,"[""13308"",""13314"",""13316uwt"",""13317"",""13409""]",58a58a6cb10be349e62c30015fed9620ab77162b046b89da4f365f7a363600ab,2026090305,,,122,5,2461.57298704,492.314597408,37,0.337561644,4.0,1200
5,363,"[""13308"",""13316m"",""13317"",""13323"",""13325""]",8bb35304ee5ad860bdaccb05bf95eeaeaa3a9e4eeb88912337874eb0f24b3547,2026090305,,,141,5,2300.94598408,460.189196816,42,0.422804498,3.0,1216
5,364,"[""13303"",""13306"",""13308"",""13316m"",""13318""]",7a0fba84e4e4dd884ab3b73991471475a1ed8f78503aa2db64903c766d3d6478,2026090305,,,171,5,2631.5609803,526.31219606,54,0.305775824,2.5,1238
5,365,"[""13303"",""13313"",""13314"",""13317"",""13320""]",514ade7bf9b82064b9ed4f31a4c64be2c42f5a03a93d9fa6d2edadf66785f414,2026090305,,,160,5,2511.17697734,502.235395468,54,0.451992118,2.0,1198
5,366,"[""13305"",""13315"",""13324t"",""13405"",""13413""]",6031c0f57ef043bf16aa8109d8cdd8c7a39c47efdb951f28819b7259930ed1ae,2026090305,,,107,5,2359.12298573,471.824597146,31,0.355386044,4.0,1080
5,367,"[""13302"",""13303"",""13320"",""13326"",""13410""]",ec164a467fb4bc578dc8ac88a4cd5895015c4be7f5c4023511ecefbb21ecfb6f,2026090305,,,156,5,2747.40797759,549.481595518,54,0.549714528,3.0,1268
5,368,"[""13305"",""13306"",""13316m"",""13401"",""13410""]",a7d38cd4039ae385ac1077c8285383d0d5f7aa1f6b1e37da9b8aca882c35c1ee,2026090305,,,110,5,2415.87498348,483.174996696,30,0.338933671,5.0,1286
5,369,"[""13302"",""13303"",""13310"",""13323"",""13404""]",125b276528401361e2bc9ec76583386c573f7f51286e3a0567063a3ab035642e,2026090305,,,153,5,2781.38997722,556.277995444,54,0.59602683,2.0,1260
5,370,"[""13320"",""13322"",""13324muw"",""13403"",""13408""]",75acf4b8fc18709f669d8b92358c6e18826e21f3a5719623b14c4f0b2a7c822b,2026090305,,,84,5,2021.75798496,404.351596992,26,0.299754246,7.0,1007
5,371,"[""13307"",""13324t"",""13325"",""13401"",""13402""]",9c14b6004bdbd405924a66fccdc707fc58fb7a35c12b150383c52974575b2278,2026090305,,,104,5,2455.10398015,491.02079603,42,0.519052676,5.0,1275
5,372,"[""13313"",""13318"",""13324muw"",""13408"",""13414""]",b5cbdb40715dbf3e7900c08f362dbab4f2460ac5e3998cf4e2e40479b1e38bd0,2026090305,,,110,5,2474.56597408,494.913194816,37,0.494598928,4.0,1187
5,373,"[""13301"",""13303"",""13323"",""13406"",""13412""]",6299f91f89041a6fe5af6fb1453b4c58a894d9eb442e6dd6691cc59573aceb58,2026090305,,,127,5,2704.09498546,540.818997092,54,0.675331705,4.5,1208
5,374,"[""13308"",""13311"",""13316uwt"",""13324t"",""13401""]",4d6726f5924920d9d485973d88970c0650729de7c48473dff99ac6d46fdd0712,2026090305,,,96,5,1974.10498399,394.820996798,31,0.347673318,5.0,1126
5,375,"[""13316m"",""13318"",""13403"",""13411"",""13414""]",ae51c74edde6903f1cd6a3d829f6326dc8f1451bb91ab2240cceced692cff3b2,2026090305,,,96,5,2590.03498222,518.006996444,33,0.410633403,7.0,1236
5,376,"[""13317"",""13402"",""13405"",""13406"",""13414""]",45fb80dba332f042c5dd5461833bb6b01f0a271396f5b268e2b613ae049414a8,2026090305,,,93,5,2938.99098302,587.798196604,37,0.502738483,7.0,1192
5,377,"[""13307"",""13308"",""13319"",""13401"",""13409""]",6b49cabc17affdb5a8594a31c442aafc6c6aba598c2601fa08f03a42e8e626ba,2026090305,,,102,5,2460.67398307,492.134796614,31,0.358346409,7.0,1277
5,378,"[""13304"",""13308"",""13320"",""13407"",""13412""]",4d3a1135a406a3899e37a12d74439bfdc90a25de6b07777c1c2d8f8f780977ad,2026090305,,,116,5,2685.79298112,537.158596224,37,0.389746709,6.0,1243
5,379,"[""13324muw"",""13325"",""13326"",""13401"",""13406""]",15041ec0dda210afce23a3b7bc08244e914fa56d49dcc5c20669436124e81971,2026090305,,,106,5,2421.31098219,484.262196438,42,0.51100387,4.0,1275
5,380,"[""13304"",""13312"",""13324t"",""13406"",""13407""]",3e68b3b8a9e56541d22848064296fb3fd0bee60fe6bccfce0f2c9c445832d598,2026090305,,,132,5,2885.87397761,577.174795522,46,0.481880118,4.0,1243
5,381,"[""13301"",""13303"",""13314"",""13317"",""13326""]",e32ea21ab91f186e04587cdb80610c6691be90dbdd6df25fde14af8ee5c1b83d,2026090305,,,164,5,2533.48598867,506.697197734,54,0.408764043,3.0,1198
5,382,"[""13308"",""13310"",""13317"",""13324muw"",""13401""]",cb76844efeb131509d228cb0a64b170a5bce5e7827061717a1c21ad411f052c6,2026090305,,,121,5,2330.64198244,466.128396488,37,0.374554354,3.0,1195
5,383,"[""13301"",""13304"",""13404"",""13408"",""13410""]",41f0f67c5362d300ac844db895bdb521b56bef7976ca1e6e4182a8e3671ea9ec,2026090305,,,116,5,2955.26798398,591.053596796,37,0.475624628,7.0,1268
5,384,"[""13306"",""13312"",""13318"",""13324t"",""13325""]",0b21e83e3ee9a6eac60c50d4ec859424fe58ac4d7ce9f9fb74bdf305cd476e0b,2026090305,,,169,5,2707.59097293,541.518194586,46,0.290121909,2.0,1227
5,385,"[""13312"",""13315"",""13318"",""13325"",""13404""]",7378f32fb20222a652e1e3e1f2e94ea553beb8b21546101a708dfb1a3eb5c1b8,2026090305,,,169,5,3062.49297628,612.498595256,46,0.297863028,2.0,1252
5,386,"[""13302"",""13303"",""13304"",""13311"",""13410""]",b542fb7bcb1b28f94e7bac104a9fcc8b845c7f784e368e028509be188d4d8d90,2026090305,,,170,5,2944.14197508,588.828395016,54,0.496701925,2.0,1268
5,387,"[""13308"",""13320"",""13325"",""13407"",""13409""]",e8f3fdf687e312cbadd27027f9fcce50f12f3f88f10205c5fda7aefa744dc779,2026090305,,,123,5,2890.770978,578.1541956,42,0.41978311,5.0,1216
5,388,"[""13309"",""13314"",""13409"",""13411"",""13414""]",a337282ed1b88653385a8df72a234a610a48c3d00c5a242aafbdc1b2b63966db,2026090305,,,81,5,2477.74698586,495.549397172,22,0.208053081,7.0,1189
5,389,"[""13301"",""13308"",""13401"",""13403"",""13410""]",787978bd8b3537c7a815dc4f91dce42e52550d9b5049134b727ead2297874f38,2026090305,,,108,5,2851.23398376,570.246796752,36,0.457935667,7.0,1286
5,390,"[""13313"",""13317"",""13324muw"",""13405"",""13408""]",e842a60cf5dd98bcf6788264e1da21283d029ec525e028a4f93ed3098050d450,2026090305,,,115,5,2561.36597614,512.273195228,37,0.504047887,4.0,1155
5,391,"[""13302"",""13306"",""13308"",""13319"",""13403""]",53b66b90feacf6742c958610e682e6a1d32ea0c5f2596d80771f6a3e347a797d,2026090305,,,152,5,2821.80097589,564.360195178,50,0.379417654,3.0,1258
5,392,"[""13308"",""13309"",""13311"",""13314"",""13412""]",9ac5ad8c6e8cf01d3037495392e691c9d7af803ad4e45d38e6b947cca0799136,2026090305,,,98,5,2090.67398486,418.134796972,31,0.32364799,6.0,1167
5,393,"[""13304"",""13313"",""13407"",""13409"",""13412""]",10d85a21b3fe1c28e3d7dd3adc11792160ec35cb93a7292f10eb92c061b7c735,2026090305,,,123,5,3268.27397268,653.654794536,37,0.412636668,7.0,1243
5,394,"[""13305"",""13306"",""13319"",""13402"",""13412""]",c8a74f83c808f669e6414bf3f4caf5e4635df1c7f4413e717f8017882ea42862,2026090305,,,119,5,2717.53298107,543.506596214,30,0.272818203,5.0,1274
5,395,"[""13304"",""13307"",""13318"",""13404"",""13409""]",9f2dd6bffbce864e616fe53bee4eebdb9fb515f1f510b107d09d1aa93f4383a1,2026090305,,,119,5,2765.4969804,553.09939608,37,0.389103761,6.0,1252
5,396,"[""13301"",""13307"",""13322"",""13405"",""13409""]",0fb94d776f6a2873f0ad261c11929ecda1e61c23f2228ebceeb157886ac003e9,2026090305,,,107,5,2504.27098548,500.854197096,36,0.399361881,7.0,1241
5,397,"[""13306"",""13315"",""13316uwt"",""13318"",""13320""]",459e03b81b9c776a3eab11ca7285f4c66473efbead6f0c20e3f6771a0864b442,2026090305,,,131,5,2058.63798486,411.727596972,33,0.250167475,3.0,1208
5,398,"[""13302"",""13320"",""13324muw"",""13407"",""13410""]",26ead5fa0172fa3b95a07dfbdd43f084360fffec229a74a516b7fe90e87d7dcc,2026090305,,,115,5,2696.98697532,539.397395064,50,0.587841523,5.0,1265
5,399,"[""13301"",""13313"",""13402"",""13405"",""13411""]",54b7918a21bfdc862a2633f217c14b90f46d57d030ecece24cfa3c0b885d2f9a,2026090305,,,117,5,3110.01597542,622.003195084,37,0.460746392,7.0,1182
5,400,"[""13302"",""13304"",""13313"",""13323"",""13409""]",fb2ff5f780b12c501471b6ee2b8cf4e5cd648c2a6da5e598d4c73a264c6349df,2026090305,,,149,5,2851.98697124,570.397394248,50,0.509094799,3.0,1257
5,401,"[""13308"",""13316uwt"",""13318"",""13326"",""13403""]",1d4d78d2698a3ff1a2d9dd2addab7c980e39afc73d22da06f4bde5ec317029e8,2026090305,,,120,5,2361.10398415,472.22079683,33,0.293446948,3.0,1236
5,402,"[""13316m"",""13326"",""13404"",""13406"",""13412""]",f8028894ee0053dc1d30d41357a72e09729cb41de17b68e15d723444088d553e,2026090305,,,90,5,2656.54998489,531.309996978,23,0.19245009,7.0,1203
5,403,"[""13314"",""13318"",""13319"",""13325"",""13414""]",d40be2894810f519451c7a42636ba9611bcbd48c2d3ec322ab4a69ae6c03f32c,2026090305,,,130,5,2445.46898077,489.093796154,42,0.422026668,3.0,1199
5,404,"[""13320"",""13322"",""13402"",""13405"",""13406""]",5fb12be89ee05b3fd6e190c5ecc7f662931477de8317ce2f37fd84bf2a7df17c,2026090305,,,86,5,2510.5239834,502.10479668,26,0.268702791,7.0,1153
5,405,"[""13301"",""13311"",""13401"",""13405"",""13406""]",367bc3da8018d3d2acb2034fd31ad44d3e1f7e6531a97b915dc59ca8a565fb74,2026090305,,,89,5,2505.98298396,501.196596792,36,0.512930886,7.0,1179
5,406,"[""13313"",""13321"",""13323"",""13326"",""13412""]",bf27d545c84e9fdf24d78b7d0802043552193eda73b237bf3a956320b125f5bb,2026090305,,,103,5,2204.69098099,440.938196198,37,0.466221639,4.0,1162
5,407,"[""13301"",""13303"",""13305"",""13403"",""13414""]",2ce45cf90d7b4c4312d059034f6e579262dc5a72de98318b2e31f4eb0b5d897b,2026090305,,,146,5,2858.4069838,571.68139676,54,0.52806398,3.0,1198
5,408,"[""13319"",""13322"",""13401"",""13405"",""13412""]",41729ce8d333def7de003ec80b4412aa0736995f1067199ca406b5a2eeb18f10,2026090305,,,93,5,2536.03498365,507.20699673,27,0.351071564,7.0,1277
5,409,"[""13305"",""13310"",""13311"",""13314"",""13321""]",afc376a6f7cbd7cb4ec642bfb86d2905432db78db93c7d49e9952c2c1dd0b975,2026090305,,,106,5,1795.92698616,359.185397232,30,0.270805662,3.0,1210
5,410,"[""13304"",""13305"",""13308"",""13320"",""13323""]",29544f866954824aefb41dc53900bc2f3b84ffd13d350f8c99b993088ba242e7,2026090305,,,122,5,1934.13698576,386.827397152,37,0.438811764,3.0,1243
5,411,"[""13304"",""13321"",""13324muw"",""13405"",""13406""]",bf9f54232a976e08811a3161d19647cb822d1b58091f87daec2666cd922f20f7,2026090305,,,103,5,2401.28998458,480.257996916,37,0.426079772,6.5,1243
5,412,"[""13304"",""13312"",""13317"",""13402"",""13406""]",13409931972dfcdbfde4d3e74c7065c5175bbf6316e98ad898d328b07d81ba78,2026090305,,,151,5,3151.1249788,630.22499576,46,0.413257769,3.0,1272
5,413,"[""13302"",""13303"",""13308"",""13326"",""13413""]",4df4c755d76ad0d86bd57f59aae4e35452a22525b9669aeb2fda6c81947c6ae3,2026090305,,,171,5,3009.23597789,601.847195578,54,0.451997985,3.0,1260
5,414,"[""13301"",""13302"",""13303"",""13309"",""13318""]",a16b9b407812757b0c1b5a8bde340e397d51bda687dd14b1aa28e1180016aa40,2026090305,structural,tight_gap,195,5,3022.70897558,604.541795116,54,0.299023174,2.0,1260
5,415,"[""13302"",""13312"",""13324t"",""13410"",""13414""]",fc3cd98d83cc8805beb29fc59221797f962d6404439c07c0baf7bd6140238674,2026090305,,,141,5,2944.54297265,588.90859453,50,0.578959763,3.5,1265
5,416,"[""13304"",""13315"",""13324muw"",""13409"",""13411""]",1b31a8c98b1d008429a69e76d2cca68f3ea1a1ff14ef88cd20dcfc5ca9c27003,2026090305,,,116,5,2589.05698534,517.811397068,37,0.391648851,4.0,1243
5,417,"[""13309"",""13314"",""13321"",""13406"",""13407""]",9a46a8286066cda0b218be5bfcd889bef1c3dcefe227edbf3c90a19051c2c138,2026090305,,,91,5,2379.12998676,475.825997352,22,0.178550295,7.0,1213
5,418,"[""13404"",""13405"",""13407"",""13410"",""13411""]",ecd5998f5c1eeb8e85687502a28dd89b6718bd206ef21250c79a36cacc0964cf,2026090305,,,76,5,3199.9699805,639.9939961,17,0.105263158,7.0,1263
5,419,"[""13316uwt"",""13405"",""13406"",""13413"",""13414""]",285cc8bfd598a068d5fa6289c271ed30418cfc5814b84152a7f2d59575fba321,2026090305,,,75,5,2633.94798466,526.789596932,21,0.210818511,7.0,1116
5,420,"[""13301"",""13304"",""13307"",""13312"",""13326""]",95b875beb7e56355727270ac4d223d14e86c88dd3a893efb0536ab15e951a997,2026090305,,,155,5,2463.19798309,492.639596618,46,0.365528141,2.5,1257
5,421,"[""13313"",""13315"",""13320"",""13321"",""13405""]",68f911766d14f54fd4b1f5cb89ff948c723a845290ea1b469e7608deeb4fb4d0,2026090305,,,119,5,2305.64497972,461.128995944,37,0.378990665,3.0,1212
5,422,"[""13304"",""13309"",""13315"",""13316uwt"",""13401""]",dec5fa29d2305ef3a594182c77feffaada63ead65f565daebd10455325eefc28,2026090305,,,123,5,2225.63298834,445.126597668,37,0.351196928,3.0,1275
5,423,"[""13301"",""13318"",""13325"",""13407"",""13412""]",22a5997a284a4b87a988c1689775c0f40f4a31232800cd162425c13fe989efaa,2026090305,,,143,5,3146.30697732,629.261395464,42,0.374370876,4.0,1257
5,424,"[""13310"",""13317"",""13323"",""13404"",""13407""]",b876b73a0e3aab9995c34c3edf5a30c7474ffaa2dc80605b1c2059d35e30c0e6,2026090305,,,103,5,2576.65998338,515.331996676,37,0.468239051,6.0,1233
5,425,"[""13302"",""13303"",""13312"",""13323"",""13411""]",66150fd280d28c38e81d8921a4b90f225e7a35b5d8bf9e25f5f98cf37d497c07,2026090305,,,172,5,2966.57297492,593.314594984,54,0.562963648,2.0,1260
5,426,"[""13301"",""13316m"",""13317"",""13320"",""13410""]",0be2a6f6b4eb3ebef844b3fa93919f1cb595a21fbbd4aaa4da7858b9c7b58f94,2026090305,,,127,5,2445.69098524,489.138197048,37,0.373165216,4.0,1268
5,427,"[""13315"",""13319"",""13321"",""13322"",""13403""]",28f6d447fa4290708c37997feb8e639e05460a90eb104a3fe6729d76817a4fe1,2026090305,,,120,5,2275.41798871,455.083597742,31,0.240081005,3.0,1257
5,428,"[""13305"",""13307"",""13309"",""13318"",""13323""]",1b708fbc5a5e4b685fbdc0459f9725be2fbd889a4c38a16a1ed6f252a2b17e40,2026090305,,,108,5,1770.50998482,354.101996964,33,0.428934623,3.0,1214
5,429,"[""13301"",""13308"",""13326"",""13405"",""13406""]",9df0a463dccbeb1e5a8157aac674a2228bfe243ab25b7d9a648653596a7e5c67,2026090305,,,115,5,2610.92998589,522.185997178,36,0.397534937,7.0,1161
5,430,"[""13309"",""13325"",""13408"",""13411"",""13414""]",77979c3503a61cca7d12907e30ddb8ab4b670f1f6b2fa41c9154628a9cf3a2bb,2026090305,,,101,5,2613.0629814,522.61259628,42,0.572547814,6.0,1206
5,431,"[""13304"",""13305"",""13316m"",""13406"",""13414""]",c88a016cb39e38eb2b3a465a50bfc684428a5ac6d394b44aa8380c6566d68faa,2026090305,,,116,5,2448.70998462,489.741996924,37,0.4074587,6.0,1243
5,432,"[""13313"",""13325"",""13402"",""13404"",""13411""]",7bdaff5066044a3606c961ccc74045751652fc6f8fd4b37f2474e2ce6a581058,2026090305,,,127,5,3347.29197056,669.458394112,42,0.459535007,6.0,1272
5,433,"[""13308"",""13309"",""13316uwt"",""13322"",""13323""]",05579fc43c40b208bd4137feb1384d2611208cac8d60d2bdeaa356b388e972ce,2026090305,,,108,5,1824.19298866,364.838597732,31,0.354522032,3.0,1067
5,434,"[""13301"",""13402"",""13405"",""13407"",""13408""]",c4c31337b59bd328a7dd9b02584f95434ede22f4a6b29a4c23c8b225949104f7,2026090305,,,94,5,3040.60498336,608.120996672,36,0.473852286,7.0,1253
5,435,"[""13308"",""13321"",""13402"",""13407"",""13413""]",109dd9b83e0dcb17849f45272739e7b7928cb5a7ee460ff4685fb9297c62db48,2026090305,,,102,5,2998.5219828,599.70439656,31,0.2834673,7.0,1253
5,436,"[""13305"",""13306"",""13314"",""13402"",""13412""]",c10458571e2d274cd4696e67ffdce44feac5e5d70d6bbd7a57fe9d4128af21e3,2026090305,,,108,5,2534.85598418,506.971196836,30,0.318873618,7.0,1223
5,437,"[""13304"",""13312"",""13404"",""13407"",""13411""]",abf8744e97ab2ee19c4a5d3a91072fb33a359d4aa1ab68474292c5f9f4c37209,2026090305,,,131,5,3286.14397728,657.228795456,46,0.490810608,7.0,1252
5,438,"[""13320"",""13321"",""13325"",""13410"",""13414""]",33f124fab4ea34b13b3a0e361ed09092f8cce8a9f6da13c58d8a81c500558b0b,2026090305,,,107,5,2476.1449815,495.2289963,42,0.504672897,5.0,1175
5,439,"[""13307"",""13313"",""13319"",""13412"",""13413""]",7ffdf762e338676d23ecf38d28e102dbf94350dfa6e333ab17ec2e8511c99a5e,2026090305,,,109,5,2634.45597473,526.891194946,37,0.408643256,6.0,1227
5,440,"[""13306"",""13314"",""13326"",""13406"",""13409""]",df1129940dca999fad5fdce432f98f48e2c47911a13e77bdd9e94d48c8f71c50,2026090305,,,98,5,2404.66898657,480.933797314,30,0.289695297,7.0,1216
5,441,"[""13312"",""13316m"",""13323"",""13325"",""13411""]",6e5fa44b791bae8fa44c4c2325f11acb25a69126327f241c6c852017356bc594,2026090305,,,133,5,2501.65697982,500.331395964,46,0.565461524,3.0,1208
5,442,"[""13304"",""13312"",""13313"",""13316uwt"",""13411""]",1fa70a0102aa084546a135f22d14219a582183487446d32fa4b1e6399718e31c,2026090305,,,155,5,2872.9929725,574.5985945,46,0.377846464,3.0,1243
5,443,"[""13316uwt"",""13324muw"",""13402"",""13408"",""13409""]",ecc5a3524c0ab6d8efa59fe7d287cb246e3e8d87e0690343b2a50b3432be45f2,2026090305,,,83,5,2567.10198422,513.420396844,21,0.192771084,7.0,1256
5,444,"[""13303"",""13311"",""13315"",""13319"",""13410""]",aaf908092081a8d3ac9c1a707be7f061cedd4cb292d11e1d630b8d28b2b56b8a,2026090305,,,141,5,2511.72898381,502.345796762,54,0.514074334,2.0,1268
5,445,"[""13305"",""13321"",""13324muw"",""13401"",""13410""]",a6ab18031f11ee5bb2d8936e2260b9f8838b01db4ad39e9efa77b98e53eedfed,2026090305,,,96,5,2293.0499847,458.60999694,30,0.328414224,7.0,1286
5,446,"[""13306"",""13309"",""13312"",""13319"",""13408""]",1d42b3a57b9c248e74b7540ecc9ca567e3f4e905310d23b57bb6b5888ea42c1d,2026090305,,,136,5,2502.80297939,500.560595878,46,0.41944002,3.0,1229
5,447,"[""13302"",""13312"",""13401"",""13406"",""13414""]",63c044ce8ed9d612f4a970319a49685eff42818947eb2aa0e87d4634c19f476b,2026090305,,,134,5,3092.12297382,618.424594764,50,0.648180619,6.0,1278
5,448,"[""13303"",""13316uwt"",""13321"",""13324t"",""13326""]",38216f9e9af5952baae19c5af0aea7c8a3307d039e74166c119caefbae18566b,2026090305,,,136,5,2160.36598722,432.073197444,54,0.495110173,3.0,1234
5,449,"[""13307"",""13311"",""13318"",""13322"",""13411""]",de15da7977a640ac0808019eb0d993471bacbab4cb65cbbcaf23599a833016c6,2026090305,,,102,5,2033.92498218,406.784996436,33,0.3804629,3.0,1206
5,450,"[""13317"",""13320"",""13323"",""13403"",""13410""]",989350a6c525a170ae28cd115c1fb67035d351700994d4dcdf0b907c78659d8c,2026090305,,,90,5,2224.90298552,444.980597104,37,0.549971941,7.0,1266
5,451,"[""13303"",""13306"",""13308"",""13321"",""13324t""]",b6033a91f6a5950a86f626f79d2be827693cd1efa5635e19d7ecfa190d337753,2026090305,,,155,5,2449.72898281,489.945796562,54,0.402903097,3.0,1234
5,452,"[""13305"",""13317"",""13322"",""13325"",""13406""]",2e57233600bbe684a3c54519489be7650e73ef9d519e52ecc53ee8f06df855ca,2026090305,,,149,5,2665.45798156,533.091596312,42,0.32354284,2.5,1233
5,453,"[""13310"",""13314"",""13326"",""13409"",""13413""]",615570e2c89a667d7b0811945ef2a1d4f6c6308e5c68dc22d8291af5b59ec945,2026090305,,,93,5,2382.43898605,476.48779721,24,0.181844457,7.0,1197
5,454,"[""13312"",""13316uwt"",""13323"",""13407"",""13411""]",4e230d10f37bfaa9e5057bb148653339c0d26da8bee959655326330ba6aaeffb,2026090305,,,106,5,2541.02998222,508.205996444,46,0.618194525,6.0,1192
5,455,"[""13305"",""13316m"",""13317"",""13407"",""13414""]",006b17c04dd1636a48b6c5058c2bc542232557cd614f8a81eff9314f1a0c1477,2026090305,,,119,5,2609.21798402,521.843596804,37,0.375245606,6.0,1214
5,456,"[""13312"",""13319"",""13402"",""13404"",""13410""]",ff62a4d422367658bded7e29211e08c6ca44bd54bbb385dbd5c352fa4ba87bc0,2026090305,,,122,5,3243.29297701,648.658595402,46,0.474844208,7.0,1283
5,457,"[""13317"",""13321"",""13402"",""13407"",""13410""]",5d585a0430fdb3b276c26a86b82c0f7735eb95398f8945ade99f7efec6a4f654,2026090305,,,108,5,3051.33398292,610.266796584,37,0.372217616,7.0,1283
5,458,"[""13306"",""13311"",""13401"",""13406"",""13411""]",aef84c8f7e32f7c2f22b54a971b41e620d72005672e5333dea64f64e6d488401,2026090305,,,84,5,2421.98598208,484.397196416,30,0.395553517,7.0,1156
5,459,"[""13307"",""13312"",""13319"",""13324t"",""13403""]",c226bece758d14b18e5b49058c74eaca147c4d6600811520998fd36137a5adfd,2026090305,,,120,5,2336.28597916,467.257195832,46,0.496515637,3.0,1257
5,460,"[""13302"",""13311"",""13322"",""13324t"",""13404""]",a9970860484e301d7ef6e79785249dccb798cefa6e4f39a96910f241f7ce0ffd,2026090305,,,125,5,2463.04297689,492.608595378,50,0.524595082,3.0,1257
5,461,"[""13304"",""13313"",""13317"",""13326"",""13404""]",b3efa9069529b16732f8124f40875a8d147a06c120e4ee5211946947b0c3a4f6,2026090305,,,149,5,2851.22097683,570.244195366,37,0.298940368,3.0,1252
5,462,"[""13303"",""13306"",""13317"",""13319"",""13411""]",6d52af70a1d8d0b40aeeb744c961abea0c1ce05fe75a6a41e6ba0494ae78d1cb,2026090305,,,162,5,2829.96998155,565.99399631,54,0.405062462,3.0,1259
5,463,"[""13304"",""13321"",""13324muw"",""13413"",""13414""]",d39ddae42a2f151b6ad6748240be3fe0e1a62be5a25d254563088b9ea1f38ab1,2026090305,,,103,5,2402.05998508,480.411997016,37,0.428286311,7.0,1243
5,464,"[""13303"",""13401"",""13404"",""13405"",""13414""]",471a5f502d7825ce78d6cc8e0d2d7bed9f1ab77e68cb4a055dc38cd47b262ee8,2026090305,,,108,5,3001.9289822,600.38579644,54,0.754842619,7.0,1216
5,465,"[""13319"",""13323"",""13410"",""13411"",""13414""]",c8f8fda342ca6bbaf936f1dab7012387daa2d8985f1f8cd99b29cc63f51d6f02,2026090305,,,76,5,2344.47298525,468.89459705,27,0.418991667,7.0,1177
5,466,"[""13303"",""13308"",""13311"",""13312"",""13317""]",3bbb5971f99e22621e1b8a3f33b4e9ec659066abdaa0d262524107870d86078b,2026090305,,,182,5,2819.80797788,563.961595576,54,0.375319371,2.0,1241
5,467,"[""13324t"",""13325"",""13412"",""13413"",""13414""]",e05ff03bb3904a534d0150d3106673e7ab45e97ab157b74fa0f14041a7a7bf3a,2026090305,,,102,5,2750.88097933,550.176195866,42,0.537519614,7.0,1154
5,468,"[""13311"",""13312"",""13401"",""13403"",""13411""]",093f81dd12e1a40a73eb6f83eada6fc87921398dfc2cbd0f689c7c443c62389a,2026090305,,,100,5,2669.16897876,533.833795752,46,0.651152824,7.0,1259
5,469,"[""13308"",""13317"",""13321"",""13325"",""13407""]",41fcb36f39173a3040546ea2d6ee5937780674d9acf5e144de759299bfd7faf2,2026090305,,,149,5,2896.60398082,579.320796164,42,0.310035153,3.0,1216
5,470,"[""13315"",""13319"",""13403"",""13408"",""13412""]",964f1cdd837a9ec34be5fb42a86e595c7fdc7427fa325ceb32d65f20f730ca92,2026090305,,,98,5,2571.32198601,514.264397202,31,0.402511896,7.0,1257
5,471,"[""13304"",""13307"",""13317"",""13322"",""13414""]",f634b8f74fd45580f4dfefe2de4fbad4f09485c9daa335a3b6387514836bd90e,2026090305,,,127,5,2274.81998576,454.963997152,37,0.41561081,2.5,1243
5,472,"[""13301"",""13308"",""13405"",""13410"",""13413""]",b4ee0107e1f115425528f1ac7e0bf3b74f35ae5926b981e2c8f2db31c7722405,2026090305,,,110,5,2935.46398326,587.092796652,36,0.43408496,7.0,1268
5,473,"[""13301"",""13306"",""13312"",""13316m"",""13317""]",2dd50bb07804c4e60fcd5f75920a630d53bc11ca5c0893818ad3e63c2453b846,2026090305,,,172,5,2738.49898128,547.699796256,46,0.222606857,3.0,1241
5,474,"[""13304"",""13308"",""13323"",""13403"",""13410""]",3cd1f0622cfbf87602883ad3fc4a016ebf07c909bebcd05735cc8056ddf3c64d,2026090305,,,105,5,2451.41298492,490.282596984,37,0.525969572,7.0,1266
5,475,"[""13303"",""13307"",""13316m"",""13404"",""13412""]",79d85472bc4ec35c0d95ccfb984e6058f2c83e1b38fa854fa41fd5697d964b02,2026090305,,,124,5,2696.68598278,539.337196556,54,0.60046808,4.0,1208
5,476,"[""13301"",""13307"",""13311"",""13318"",""13411""]",fdba4b0f9fb1b8d161e8554085283330fbc1cc23c4ccfefc6bfb8767c5e3df0d,2026090305,,,112,5,2240.30698224,448.061396448,36,0.443382465,3.0,1238
5,477,"[""13306"",""13309"",""13311"",""13319"",""13410""]",3f5fd22f26e054f43421031b10e7885c83ddc6dbf29d9cadb5f4175a07a1c5c2,2026090305,,,108,5,2217.81998133,443.563996266,30,0.293680584,4.0,1238
5,478,"[""13311"",""13313"",""13314"",""13322"",""13414""]",ca4d6a5cba12fc4c1e81ffe379ec9933e95d9c7a2384eca0dec9532e887b4a5c,2026090305,,,105,5,2099.87697892,419.975395784,37,0.444671144,4.0,1125
5,479,"[""13305"",""13312"",""13319"",""13322"",""13403""]",c3b9402ada92ac49a4de8fb31c6616345dd711567762ffd5ea4d074e8770872e,2026090305,,,143,5,2598.19898005,519.63979601,46,0.359034899,3.0,1257
5,480,"[""13302"",""13303"",""13309"",""13313"",""13402""]",86210e3d0fff9ed45340c13054b3a4b368d3a063e9ed5506ade9178b136fff08,2026090305,,,180,5,3264.65396782,652.930793564,54,0.407870108,3.0,1275
5,481,"[""13311"",""13326"",""13403"",""13409"",""13413""]",02fb76c5dd972a2df8b4abfe3d44852639417bb3ee64c2fdf70fa5447e321c49,2026090305,,,81,5,2553.31398373,510.662796746,21,0.162850691,7.5,1239
5,482,"[""13303"",""13304"",""13313"",""13320"",""13322""]",7086589970b59551bd6663d4c508b301b6cf138515122a3cd2075b797607436c,2026090305,,,170,5,2590.20697528,518.041395056,54,0.373425182,2.0,1257
5,483,"[""13309"",""13310"",""13314"",""13402"",""13403""]",2f324a9abdf1339b57540fb094e7466af9875555c5ca9d260ff6f39bed7f7c68,2026090305,,,93,5,2379.07498432,475.814996864,24,0.202881315,7.0,1137
5,484,"[""13304"",""13312"",""13314"",""13403"",""13406""]",e9c88d86f8faaa880732208208c38eaa4ed7cd554eafbf768680cb0733abbe89,2026090305,,,127,5,2721.81898174,544.363796348,46,0.530313645,6.0,1255
5,485,"[""13306"",""13313"",""13325"",""13326"",""13414""]",41913d03ced470e146a4861a9c02b0e71ecd1012565f611517006f619444fce4,2026090305,,,142,5,2651.12597367,530.225194734,42,0.380933193,3.0,1227
5,486,"[""13301"",""13303"",""13311"",""13316m"",""13409""]",39590fb4c25a3e463ae1b63e701cca59cf766e00a14c23266b686cd4b859cc0f,2026090305,,,144,5,2677.89598342,535.579196684,54,0.510026779,3.0,1241
5,487,"[""13304"",""13324muw"",""13405"",""13406"",""13413""]",3cb34b70611155b5913e8948a662363af40bd2ece942575efb5292995ba3bb30,2026090305,,,96,5,2625.86698268,525.173396536,37,0.468634245,7.0,1243
5,488,"[""13302"",""13310"",""13316uwt"",""13317"",""13318""]",2d5519491e08e91619b30f58759bde125179470c70e249ae480fcb467e42045b,2026090305,,,165,5,2655.60997576,531.121995152,50,0.311988792,2.0,1257
5,489,"[""13305"",""13312"",""13318"",""13320"",""13411""]",1e43d56b8aa3bb20c88b90e8fb236034ce6e889f2b7f121e8de426d67bb2b3f9,2026090305,,,139,5,2547.38597696,509.477195392,46,0.423422704,3.0,1217
5,490,"[""13319"",""13320"",""13326"",""13401"",""13403""]",ad723691aed6ee7675e758354b1f3b5cfc6c7fcf1a03898bfe993130143530c7,2026090305,,,90,5,2170.85898508,434.171797016,27,0.300205691,7.0,1277
5,491,"[""13302"",""13304"",""13316m"",""13322"",""13404""]",4c2c0bd81caf74e6abfc54c242691b2148bbb8f6f3888069f4c4232fd8a5ed3f,2026090305,,,153,5,2796.98197884,559.396395768,50,0.38144409,3.0,1257
5,492,"[""13302"",""13316uwt"",""13325"",""13404"",""13405""]",83fb2bbf4ee9959badcd50b357c443181ef94d9c958e18c05f600f222e07c8ff,2026090305,,,143,5,3062.30097482,612.460194964,50,0.512258645,3.0,1257
5,493,"[""13304"",""13305"",""13306"",""13320"",""13410""]",833a3cebbad029895525c3681ac66cb04d36678ac01c67fe6bc0a3ff53cb47e3,2026090305,,,128,5,2352.45498194,470.490996388,37,0.337478298,3.0,1254
5,494,"[""13303"",""13304"",""13308"",""13309"",""13311""]",719d0f85d22a601d735e4860d427970f28f9d9c38d54bbd59d0e3de73139d25c,2026090305,,,158,5,2455.08098172,491.016196344,54,0.432329908,3.0,1257
5,495,"[""13309"",""13317"",""13319"",""13321"",""13406""]",5a82a5eb98460e4902dcde5434d40ec9a09ed220973d0f36642d71c59192ed7b,2026090305,,,122,5,2426.78798517,485.357597034,37,0.309527993,3.0,1234
5,496,"[""13311"",""13317"",""13318"",""13323"",""13325""]",719e378f35c784b32c12293c4fa73c5790be746429c00d60b6fa280f8368ff1e,2026090305,,,134,5,2205.45198048,441.090396096,42,0.498046977,2.0,1215
5,497,"[""13315"",""13316uwt"",""13405"",""13406"",""13414""]",e1d5ab0f53458fc54eaca6af99c4141d80c26aaf93c2df2073d6187007950790,2026090305,,,91,5,2427.90798782,485.581597564,31,0.39223227,7.0,1116
5,498,"[""13306"",""13307"",""13318"",""13403"",""13405""]",e1f2477a763b78450646c531478d3ad15b6f64f61e22419172be4fc5b43cd602,2026090305,,,105,5,2394.97198076,478.994396152,33,0.411842825,4.0,1236
5,499,"[""13305"",""13315"",""13316m"",""13318"",""13324muw""]",281755a763d6694b652657ee90a409faa16be87aa8ed1b230e7ea42ded55d5f8,2026090305,,,134,5,2080.30198518,416.060397036,33,0.221881623,2.0,1214
5,500,"[""13318"",""13324muw"",""13406"",""13409"",""13413""]",218a430a20548ecd6fb73e7a82e7577bf8520e068ac3b5264bfcf114763d1d8a,2026090305,,,96,5,2784.57498002,556.914996004,33,0.364434493,7.0,1216
5,501,"[""13305"",""13307"",""13308"",""13318"",""13413""]",c1b519e7c5a38165f1c821615a04658c1e036da9f1cb4ffefe73fe043d23c55a,2026090305,,,124,5,2383.65598142,476.731196284,33,0.324990995,3.0,1214
5,502,"[""13302"",""13308"",""13319"",""13321"",""13401""]",1ce33b29c6c90bbbeaa9e9c0d6d360aba821066dc119fe7d11c5ad89bb2907f6,2026090305,,,142,5,2673.66597881,534.733195762,50,0.441252118,3.0,1278
5,503,"[""13305"",""13306"",""13322"",""13407"",""13412""]",6d79b90794f940380e2ed012f04d6bf17122c237bac5cf69a88734f7b37012be,2026090305,,,118,5,2647.66398202,529.532796404,30,0.271451142,4.0,1214
5,504,"[""13304"",""13306"",""13308"",""13318"",""13404""]",36b9df3c41c63cf0bf46db0d69188ebbaddf14d9ffff462e679e8927b64843e5,2026090305,,,148,5,2796.23097946,559.246195892,37,0.227733778,3.0,1252
5,505,"[""13305"",""13321"",""13323"",""13405"",""13413""]",18f5d09aa512f47b4545730f322f1ecbe04bd76e0fdb242e1433ff8f41386bb8,2026090305,,,88,5,2182.00698754,436.401397508,30,0.435095221,7.0,1212
5,506,"[""13304"",""13309"",""13323"",""13405"",""13412""]",024b71e3c9d9892a1dbea36a66ce920a9fc2a698775e834b816a092176e92d58,2026090305,,,95,5,2270.38598542,454.077197084,37,0.529464267,6.0,1243
5,507,"[""13310"",""13313"",""13316uwt"",""13321"",""13410""]",d0ae9e422a98d8f4a381b614f32cf2647a5ba01ebd772e661aefad55ea02c618,2026090305,,,119,5,2464.33997658,492.867995316,37,0.304614604,3.0,1224
5,508,"[""13303"",""13312"",""13401"",""13403"",""13410""]",938e5dee57a85f8e08650199aec60b5f8c62ffcdbab3ecf8f94d76acb7c52438,2026090305,,,141,5,3172.66997786,634.533995572,54,0.638455457,4.5,1286
5,509,"[""13303"",""13311"",""13317"",""13318"",""13411""]",9c2c1a4016ceba444962eb1e5ca48ef5b114f492c5deb9c182ed3345a4c0630c,2026090305,,,152,5,2699.30897978,539.861795956,54,0.497831169,2.0,1238
5,510,"[""13308"",""13320"",""13324t"",""13326"",""13413""]",6971738115bc417ed190b5a03a1274fc0b1c99c5256e422d02dcf9d07e2daa14,2026090305,,,101,5,2090.36598446,418.073196892,31,0.285931269,4.5,1067
5,511,"[""13309"",""13321"",""13405"",""13407"",""13412""]",4e38521fc950800e3f2a19c6bf750710453a2a28aa0993ac620fbc070e1f4b95,2026090305,,,89,5,2689.9949833,537.99899666,22,0.205344572,7.0,1216
5,512,"[""13304"",""13309"",""13316m"",""13317"",""13409""]",6c719392052b81285ef20e928ceaa1028a71bb5a7b789e354a3fe470eb87bd0f,2026090305,,,136,5,2601.2899843,520.25799686,37,0.303525992,3.0,1243
8,1,"[""13304"",""13305"",""13312"",""13314"",""13320"",""13321"",""13413"",""13414""]",8811d83065874b30635f84b6a354f7795ad217d86b0eeb0f723f4ba71ba49af3,2026090308,probability,fixed_seed_probability_1,194,8,3791.29597398,473.911996747,46,0.471417046,4.0,1243
8,2,"[""13302"",""13305"",""13309"",""13310"",""13322"",""13403"",""13409"",""13413""]",6d3ce687c187da59a3324186a4e812555a1ac48f4b9d69d241fcba6f567c25de,2026090308,probability,fixed_seed_probability_2,198,8,4335.65796656,541.95724582,50,0.439248786,4.0,1258
8,3,"[""13303"",""13304"",""13306"",""13309"",""13316m"",""13318"",""13404"",""13405""]",ea712eb0d6ac23169203d0ad444945724c3fbad3a0523c17805fd869931b3ea3,2026090308,probability,fixed_seed_probability_3,229,8,4302.48696992,537.81087124,54,0.426049619,3.0,1257
8,4,"[""13303"",""13307"",""13308"",""13311"",""13318"",""13319"",""13324t"",""13405""]",de45bc080c6d20ca31ca7d1e8aa13a33f89aae3e6d265b8af7aff43fef3a7900,2026090308,probability,fixed_seed_probability_4,205,8,3631.28196916,453.910246145,54,0.50804357,3.0,1259
8,5,"[""13310"",""13312"",""13314"",""13402"",""13403"",""13406"",""13407"",""13408""]",ad963888e2091c0e25ab172557d4da0c5372da330ca3d40aeba412ea195b8b92,2026090308,probability,fixed_seed_probability_5,159,8,4478.08396958,559.760496198,46,0.527365147,7.0,1256
8,6,"[""13301"",""13302"",""13304"",""13307"",""13311"",""13314"",""13405"",""13407""]",a90dbe4e45f412d4370525b54cbf7d21d087533653883ac3e7a738d754b56658,2026090308,probability,fixed_seed_probability_6,198,8,3975.00597002,496.875746252,50,0.53439976,3.5,1260
8,7,"[""13304"",""13306"",""13315"",""13322"",""13323"",""13404"",""13405"",""13407""]",79e2660f5fe8257e68bf60b016416dc35ff6dd2213c536d8ae532eef0a8f5a88,2026090308,,,179,8,3971.57497746,496.446872183,37,0.421593429,4.0,1252
8,8,"[""13302"",""13306"",""13310"",""13323"",""13403"",""13404"",""13405"",""13411""]",4b8166611e576ea1740f5ab0a631001af5a31715a17de7b2fd926d7928ab8b0e,2026090308,,,170,8,4251.438967,531.429870875,50,0.59467068,6.0,1258
8,9,"[""13303"",""13307"",""13311"",""13316m"",""13325"",""13326"",""13402"",""13409""]",169d37c05475d074c3d73ea721d55d9dad36f5e698980e7758b4667ce4ae6e56,2026090308,,,203,8,4062.92097101,507.865121376,54,0.539245763,3.0,1272
8,10,"[""13301"",""13302"",""13304"",""13319"",""13320"",""13323"",""13407"",""13408""]",82a3d88b227e51bc8a4a6e9981e3c0a853be413667d13ed7578bbabc69b4c662,2026090308,,,202,8,3980.34397049,497.542996311,50,0.546531066,3.0,1260
8,11,"[""13301"",""13313"",""13319"",""13321"",""13401"",""13402"",""13405"",""13411""]",43d07183c36b48b20896863a93f5da1310816d21a0ec56ead08a7b3dc24b1aee,2026090308,,,178,8,4483.58096717,560.447620896,37,0.425040007,7.0,1277
8,12,"[""13302"",""13310"",""13311"",""13315"",""13322"",""13402"",""13405"",""13407""]",33e799aeceb8ecc4c3ea1ceb00ab7e34be6490cfca6ffa36312a4b15626fda2c,2026090308,,,192,8,4242.43096768,530.30387096,50,0.476896798,4.0,1275
8,13,"[""13303"",""13307"",""13316m"",""13320"",""13323"",""13401"",""13404"",""13405""]",4743dbae130e1c5843705ab1dc5fa1d0f3464b2365ebdc3e09650522622ed9a5,2026090308,,,158,8,3541.23797628,442.654747035,54,0.686701569,6.0,1216
8,14,"[""13304"",""13307"",""13309"",""13322"",""13324t"",""13403"",""13404"",""13408""]",f6f79594b3d3e6c8815a1d436aaaf8fbe40dfc9591d6cd7ba8b2a1c0766298c5,2026090308,,,160,8,3663.00097497,457.875121871,37,0.38890873,6.0,1255
8,15,"[""13305"",""13308"",""13310"",""13314"",""13319"",""13405"",""13408"",""13412""]",cf19e6d229a72b41a732af74664f98c35e4942b6958aa0b0a2cc196ac56ccbc8,2026090308,,,167,8,3752.16697441,469.020871801,31,0.359630569,6.0,1237
8,16,"[""13308"",""13310"",""13314"",""13319"",""13324t"",""13410"",""13411"",""13412""]",51dd9d1dcc74a76f30bcb46841820843b04710ef8aecf1647f692547176fe724,2026090308,,,160,8,3840.6639725,480.082996562,31,0.302076149,7.0,1227
8,17,"[""13304"",""13321"",""13322"",""13325"",""13326"",""13403"",""13404"",""13410""]",2116c381903bbb5a54ffaf1098d8912e5a5e3b421c67219017bd457721356d91,2026090308,,,194,8,4297.66597345,537.208246681,42,0.396471846,5.0,1266
8,18,"[""13303"",""13305"",""13317"",""13324muw"",""13325"",""13406"",""13411"",""13414""]",0c76584b2cfdd2353c3f8a2297547dde9036159ae58f1f773d5b017135ccf325,2026090308,,,220,8,4407.64796952,550.95599619,54,0.533815209,3.0,1257
8,19,"[""13303"",""13308"",""13312"",""13319"",""13406"",""13407"",""13413"",""13414""]",e0fe679360ecbda8199be4a2b513dfb3b709461c2992c75e23b5e5fdf746e9eb,2026090308,,,216,8,4876.63096661,609.578870826,54,0.546845299,5.0,1259
8,20,"[""13302"",""13305"",""13307"",""13309"",""13313"",""13318"",""13323"",""13411""]",2a1f67d430d188d8c47bd6d0d0ecc71e87ca247a83a213ae67b53b4cad8fed20,2026090308,,,209,8,3792.27296054,474.034120067,50,0.500337561,3.0,1257
8,21,"[""13301"",""13303"",""13304"",""13308"",""13321"",""13403"",""13404"",""13412""]",7104ceb697537a32f0c9e8144034c52a91acb395580f6bfbd18411dbafde7b3d,2026090308,,,226,8,4743.44897348,592.931121685,54,0.460091891,3.5,1257
8,22,"[""13308"",""13310"",""13313"",""13322"",""13326"",""13405"",""13407"",""13413""]",270e1639d2703cd7ce5915989f7d1af0eaac31631f68d9785652270a00ccf6fb,2026090308,,,184,8,4228.34696535,528.543370669,37,0.334669659,5.0,1216
8,23,"[""13301"",""13304"",""13307"",""13315"",""13316uwt"",""13318"",""13403"",""13411""]",aa6efc82b4f0a1cecb71cdc4af4a902f76fbf45846d81e7ed56b7f81aaee68b9,2026090308,,,201,8,3895.77997708,486.972497135,37,0.378338501,3.0,1257
8,24,"[""13302"",""13303"",""13306"",""13311"",""13326"",""13404"",""13405"",""13414""]",eacee3ea88bdc15ebf4e718eb3118a419d349a139c2fe5071902a98cfd545ebc,2026090308,,,211,8,4356.37296657,544.546620821,54,0.597964548,3.0,1260
8,25,"[""13301"",""13306"",""13308"",""13317"",""13322"",""13324muw"",""13402"",""13403""]",5be483766e5cb07ae71091b2afe26f23619503cff792b1b1f2ca01b90ec6bc71,2026090308,,,208,8,4185.42997412,523.178746765,37,0.324082684,3.5,1192
8,26,"[""13301"",""13307"",""13309"",""13315"",""13316uwt"",""13318"",""13405"",""13408""]",4b1ce4c66e2dc761aefcd81f19ae3ab2cba88f9883be0de382a21cdb78efe99a,2026090308,,,182,8,3569.75897836,446.219872295,36,0.394840532,3.0,1238
8,27,"[""13315"",""13316m"",""13319"",""13321"",""13322"",""13325"",""13326"",""13401""]",bb7fa048f14c2d0a88d8db1e2735ddb2bad8a8d8ade4566fbffa2fc563e27c5f,2026090308,,,204,8,3576.4289791,447.053622388,42,0.317985779,3.0,1277
8,28,"[""13317"",""13319"",""13322"",""13323"",""13325"",""13326"",""13410"",""13412""]",290dc0544e6b5738be2f390659bf9309cf077cc03e9fe8095ce9cfaf844e1e92,2026090308,,,191,8,3868.2139747,483.526746837,42,0.452296632,3.0,1183
8,29,"[""13303"",""13305"",""13308"",""13311"",""13313"",""13407"",""13409"",""13414""]",87c7a5e10f5f6437df3143feb7e5eca426bad9b6261671ba981f49ae9031b64d,2026090308,,,212,8,4554.709962,569.33874525,54,0.507333195,4.0,1241
8,30,"[""13305"",""13307"",""13313"",""13325"",""13405"",""13408"",""13409"",""13411""]",e926a48a1a27e18062ab3794e96f88241cce6daf874fca21694d42471c54c59b,2026090308,,,179,8,4330.80796262,541.350995327,42,0.506596417,5.0,1235
8,31,"[""13312"",""13319"",""13325"",""13401"",""13404"",""13407"",""13411"",""13413""]",0b438910b17560621e92ea1515c3271aead92eb283d2e923373fc6ef9681701b,2026090308,structural,energy_heavy,190,8,5004.26396401,625.532995501,46,0.524100601,7.0,1277
8,32,"[""13301"",""13302"",""13310"",""13311"",""13317"",""13401"",""13405"",""13413""]",9020f7b9732a5e6d9136a6a06ba61d2da4eaeac62467d220204e29bbd88a7c38,2026090308,,,201,8,4308.8739671,538.609245888,50,0.531174624,4.0,1278
8,33,"[""13306"",""13312"",""13317"",""13325"",""13326"",""13406"",""13410"",""13412""]",dadb13465b2c051247e95f86aa7345c2f220a4cacae95e2dfa973ebb8550edad,2026090308,,,220,8,4638.18696629,579.773370786,46,0.442756206,3.0,1243
8,34,"[""13305"",""13308"",""13309"",""13312"",""13316m"",""13320"",""13323"",""13404""]",19d1fda7c9707e0f9d05fc8e2692edb2531579502c94f4a6997cee903b821aea,2026090308,,,193,8,3581.49097246,447.686371558,46,0.450002312,3.0,1236
8,35,"[""13309"",""13314"",""13317"",""13321"",""13322"",""13404"",""13406"",""13413""]",dc436f232b2221283c9ffb0aa30b25823dba743ac04589abf3febae4ace57ae6,2026090308,,,169,8,3984.11397858,498.014247322,37,0.338418088,7.0,1229
8,36,"[""13303"",""13306"",""13311"",""13316uwt"",""13323"",""13326"",""13404"",""13406""]",88c10ce7a08404aba619b8aa91b6a53c4eb3d931bec2a3e0101c482fd5c748d3,2026090308,,,179,8,3637.58997647,454.698747059,54,0.599173406,3.0,1198
8,37,"[""13305"",""13309"",""13316uwt"",""13317"",""13319"",""13324t"",""13404"",""13410""]",018e039233ae76a78da2e75561b70ac84c451e361236e5eb495a5d2ad179f5a0,2026090308,,,187,8,3890.8959735,486.361996687,37,0.298652449,4.0,1263
8,38,"[""13309"",""13310"",""13315"",""13316uwt"",""13321"",""13322"",""13324t"",""13325""]",a1c516274b208885b41998e78581f76a54fe04a6512e651565918770950bc998,2026090308,,,206,8,3362.09497621,420.261872026,42,0.276486036,3.0,1213
8,39,"[""13307"",""13319"",""13322"",""13325"",""13326"",""13407"",""13409"",""13410""]",df34f8f7a324b39a446dff2bc47b911c45540dd536950339fe99edcc74a5476d,2026090308,,,180,8,4182.0749711,522.759371387,42,0.381031738,5.0,1236
8,40,"[""13303"",""13305"",""13310"",""13315"",""13316uwt"",""13326"",""13409"",""13413""]",cdca45077a443e9747cbfa56ffb173a54baee112d0c136f4188d5e1b21f0b9cc,2026090308,,,213,8,4055.75397685,506.969247106,54,0.435962957,3.0,1241
8,41,"[""13301"",""13305"",""13308"",""13309"",""13310"",""13319"",""13324muw"",""13413""]",f11df1c43ec3ee77fe218e1e17705e269b79046ea767aded24c884a0c5c3be42,2026090308,,,202,8,3761.61297277,470.201621596,36,0.265486885,3.0,1259
8,42,"[""13301"",""13312"",""13316uwt"",""13320"",""13321"",""13322"",""13404"",""13414""]",41d660d4b738728fc484544df6ca453074a20617cb89d83486674f940bd54a90,2026090308,,,196,8,3963.01097448,495.37637181,46,0.432922519,4.5,1241
8,43,"[""13301"",""13304"",""13314"",""13315"",""13316m"",""13325"",""13404"",""13409""]",2fc793883e8f96f91f898fbc83d0510f4baf71d027024b6586350a3df59caafd,2026090308,,,219,8,4316.59797686,539.574747108,42,0.35554917,3.0,1257
8,44,"[""13305"",""13312"",""13313"",""13321"",""13324t"",""13401"",""13402"",""13411""]",532714636adc179e4455627cf442e1a9cb5a4d634b87b3844b83c0d6948559d3,2026090308,,,196,8,4350.33796219,543.792245274,46,0.460881216,4.5,1259
8,45,"[""13308"",""13310"",""13313"",""13314"",""13315"",""13316m"",""13324t"",""13410""]",c116b43341432e797afc60aea17eab6476d00e34d23b43b38fc7a8c59bfd7987,2026090308,,,195,8,3614.10696963,451.763371204,37,0.306964952,3.0,1227
8,46,"[""13312"",""13314"",""13321"",""13322"",""13323"",""13407"",""13410"",""13413""]",6c8430369d0c092d7f508e9281b5f16001f58f3ee6cf6ad527d90e95393622ac,2026090308,,,165,8,3932.19297572,491.524121965,46,0.52328692,7.0,1219
8,47,"[""13301"",""13303"",""13309"",""13310"",""13321"",""13401"",""13405"",""13407""]",7aede562f9ceb5b887c8fc52ba215f5133066116dd73d7c13323036330e2a27e,2026090308,,,200,8,4296.39697332,537.049621665,54,0.521152569,4.0,1256
8,48,"[""13302"",""13305"",""13316m"",""13317"",""13406"",""13408"",""13409"",""13411""]",b7e1aa0832a5fc8d36fcc8f2ef3a85d9433269ea0e627bf226274d5f00d023ec,2026090308,,,196,8,4520.60996868,565.076246085,50,0.519907723,6.0,1257
8,49,"[""13304"",""13306"",""13310"",""13315"",""13317"",""13322"",""13402"",""13403""]",c92faf76c1b4985e860ed939b54d890c9dd72aa7564a9df2db7069303c026bd5,2026090308,,,216,8,4128.27297504,516.03412188,37,0.293972368,3.0,1272
8,50,"[""13306"",""13309"",""13313"",""13315"",""13319"",""13406"",""13409"",""13414""]",87f77cbd28e7bcd0a0eea236de9d8fc72cd6aaf9c379fb30ee66b52c451f3453,2026090308,,,190,8,4216.95296695,527.119120869,37,0.352120604,4.0,1234
8,51,"[""13305"",""13306"",""13313"",""13318"",""13319"",""13322"",""13407"",""13412""]",4ba855efed3eab1ea304099fa0ce7ee07e9c12287319d427792f811bdf286589,2026090308,,,215,8,4302.81796139,537.852245174,37,0.262739242,3.0,1235
8,52,"[""13305"",""13309"",""13314"",""13315"",""13316m"",""13324muw"",""13408"",""13412""]",bb801d82d43b84746ec2f622e8661e6f14622abd4bb4d05c9f7927d92adf6e28,2026090308,,,165,8,3306.22798058,413.278497572,31,0.326092147,4.0,1184
8,53,"[""13301"",""13312"",""13313"",""13314"",""13324muw"",""13402"",""13412"",""13413""]",9d37631f9e55cfe9f78d6b5e9424aae5f3e450ba5eb3398c863b9427dbd02734,2026090308,,,199,8,4544.3759636,568.04699545,46,0.474575163,7.0,1256
8,54,"[""13301"",""13307"",""13312"",""13316uwt"",""13322"",""13326"",""13409"",""13410""]",fcf5b553dc5447be7c85d22acb32061cd0b57c22b62c5f31f59f4ffc40e7c75d,2026090308,,,197,8,4016.16597443,502.020746804,46,0.420523987,4.0,1268
8,55,"[""13306"",""13309"",""13311"",""13312"",""13316m"",""13319"",""13323"",""13411""]",3b2dc4cca28ce9c5313a036091315eb43a8b47729815ed34ac2eddc6559bc9e8,2026090308,,,184,8,3422.15597165,427.769496456,46,0.481706952,3.0,1229
8,56,"[""13301"",""13318"",""13322"",""13323"",""13402"",""13404"",""13408"",""13414""]",fc00d9ae08fa32ab31070613a58259595d22aef48041610410715a46fd2dbbd7,2026090308,,,160,8,4084.16997602,510.521247003,36,0.489897949,7.0,1253
8,57,"[""13303"",""13304"",""13307"",""13320"",""13321"",""13325"",""13401"",""13414""]",a5b4c2e02bd5062eef5d270383f7f87ca17a1b5a556388352aa6ff82d4ec8845,2026090308,,,210,8,3875.23997214,484.404996517,54,0.569759467,3.0,1275
8,58,"[""13303"",""13304"",""13316uwt"",""13319"",""13320"",""13326"",""13407"",""13414""]",9c5fa503266e140f2094798c28f43c9368c97dd732aa993132e0157bee706170,2026090308,,,205,8,3930.27897456,491.28487182,54,0.503527119,3.0,1259
8,59,"[""13303"",""13306"",""13310"",""13316uwt"",""13319"",""13401"",""13402"",""13405""]",e60611ce1c9549c24e83aed7d9a06b53a721d6e28e7f6f2435441e844c6ea7e2,2026090308,,,198,8,4195.08497115,524.385621394,54,0.507770454,3.5,1277
8,60,"[""13311"",""13319"",""13320"",""13325"",""13326"",""13404"",""13411"",""13413""]",012fe01207245edcaf38fd4184add1f2d0fac158889808dbb3bbb512fcbb05ae,2026090308,,,166,8,3945.85797018,493.232246272,42,0.434904714,6.5,1254
8,61,"[""13301"",""13305"",""13307"",""13318"",""13319"",""13321"",""13404"",""13412""]",7c3c095c91ac075d89ee077d67af0dca2da8df9d6858edb2461496582b9840b0,2026090308,,,195,8,4038.37697313,504.797121641,36,0.319063389,4.0,1259
8,62,"[""13313"",""13317"",""13320"",""13323"",""13401"",""13404"",""13406"",""13408""]",ee7bc237f38233024ad90359d1a2d5f0a52e41afa7ca18809e46c90fee99a930,2026090308,,,152,8,3937.95396858,492.244246073,37,0.564410805,7.0,1195
8,63,"[""13310"",""13313"",""13315"",""13317"",""13320"",""13321"",""13402"",""13413""]",d64852cfed63baf4013c71706fc8a7bdf93c546d24abd99c60cee7db43223567,2026090308,,,199,8,4094.2439682,511.780496025,37,0.341967091,3.0,1249
8,64,"[""13309"",""13319"",""13322"",""13324t"",""13325"",""13405"",""13409"",""13411""]",05cdb56736892d5b9d38c9424d1a8b8db90a4205ece91441b1af3ac26cd3fa06,2026090308,,,179,8,4075.75796988,509.469746235,42,0.395308147,5.0,1237
8,65,"[""13302"",""13303"",""13312"",""13317"",""13319"",""13324t"",""13326"",""13411""]",77eebf7b61992460f1114967f4e75bc3abb1767e554cd1e1804562dfe171d0c1,2026090308,,,267,8,4515.66096385,564.457620481,54,0.434182401,2.0,1260
8,66,"[""13303"",""13307"",""13308"",""13319"",""13325"",""13402"",""13404"",""13412""]",23edd531802da470177d0f4a2c046bc764a687318c1745eab6e8836e9307ac6d,2026090308,,,218,8,4696.67396727,587.084245909,54,0.495327889,3.0,1274
8,67,"[""13303"",""13306"",""13311"",""13312"",""13315"",""13325"",""13402"",""13403""]",106f2314b633c82259094d6e5c58320779d675c1f4d6440b696b6529f79d32a8,2026090308,,,248,8,4581.7269661,572.715870763,54,0.463271181,3.0,1272
8,68,"[""13306"",""13307"",""13311"",""13314"",""13324muw"",""13401"",""13406"",""13414""]",985736ce69fdbf47cd16255c489764c684296e3835337a52a53449c4029fa30a,2026090308,,,130,8,3178.09797592,397.26224699,30,0.335299919,7.0,1156
8,69,"[""13306"",""13309"",""13321"",""13323"",""13404"",""13405"",""13407"",""13410""]",fc62a0a535369bf8258d6ef7e6a549d4d4638b51d4022758920407b37c7f716c,2026090308,,,144,8,4035.26397468,504.407996835,30,0.346944333,7.0,1263
8,70,"[""13311"",""13313"",""13318"",""13324muw"",""13325"",""13401"",""13408"",""13413""]",1deff3fccf8348ab734a9002afbe50cf5cd138004176b585a9ff63150c749316,2026090308,,,181,8,4038.60496018,504.825620023,42,0.518719511,4.0,1275
8,71,"[""13301"",""13302"",""13309"",""13322"",""13401"",""13403"",""13407"",""13412""]",eb887a147de61cfd9d6d68a0e8944462ee86be49508e36a9f129b1ab53cb93fe,2026090308,,,192,8,4592.96196822,574.120246028,50,0.510735445,7.0,1278
8,72,"[""13307"",""13323"",""13324muw"",""13325"",""13402"",""13403"",""13409"",""13412""]",3c9ad7ef880bf174d76d7ef5cfe91f71cce6e99764668c55957d34b0376ea3c7,2026090308,,,145,8,4039.46897128,504.93362141,42,0.520815239,7.0,1272
8,73,"[""13304"",""13305"",""13313"",""13319"",""13325"",""13410"",""13413"",""13414""]",e347d3169758c1a9b19737fb0e69205fc1713d5066c3807190bf1d7bae5ce064,2026090308,,,215,8,4538.24996127,567.281245159,42,0.404811516,3.0,1254
8,74,"[""13307"",""13308"",""13310"",""13324t"",""13403"",""13409"",""13411"",""13413""]",cc74a39653f602cc524e3c5d1c1daf9e16ffb45fb287cb2e1e3b0e803227fc33,2026090308,,,148,8,4028.74997101,503.593746376,31,0.304579126,7.0,1239
8,75,"[""13307"",""13310"",""13311"",""13320"",""13325"",""13405"",""13411"",""13413""]",6401eb9cfca67922e16294652ad8848647810819327d4828a588cbbd95023843,2026090308,,,153,8,3624.71096848,453.08887106,42,0.482377738,5.0,1235
8,76,"[""13302"",""13307"",""13316m"",""13318"",""13321"",""13322"",""13412"",""13413""]",d287d7fdb22f504d886f5a2bea1ffbb7a362ad2bbd05d4bdb01165051248c2f2,2026090308,,,199,8,3992.4359689,499.054496113,50,0.450106536,3.0,1257
8,77,"[""13301"",""13309"",""13314"",""13316m"",""13319"",""13405"",""13406"",""13414""]",917c87504b1de3fb2abcb544b68b08de587b70496712ff39fea0cf0373435b88,2026090308,,,163,8,3737.05797833,467.132247291,36,0.380911941,7.0,1259
8,78,"[""13303"",""13315"",""13324muw"",""13402"",""13403"",""13406"",""13409"",""13412""]",184787304673bc494a20df533180826c4c42d9f1fd7e8afcbb2b6b7fbeb8867a,2026090308,,,179,8,4708.06297292,588.507871615,54,0.581837608,7.0,1256
8,79,"[""13308"",""13320"",""13401"",""13402"",""13403"",""13406"",""13407"",""13414""]",74b9bb288b1c176cbf368ab94ec1b5ed5d350779b71c07fc038b1a47b9bc2731,2026090308,,,133,8,4414.7699715,551.846246437,31,0.34545579,7.0,1256
8,80,"[""13306"",""13314"",""13315"",""13316uwt"",""13319"",""13320"",""13325"",""13402""]",b608d0f4548a685cff329ad33f1ab3f4e614b8ca2054d3098908fd03c7d933b0,2026090308,,,200,8,3644.10497571,455.513121964,42,0.34525353,3.0,1274
8,81,"[""13302"",""13309"",""13323"",""13324muw"",""13402"",""13405"",""13409"",""13413""]",709cdaca44b7663327646ea48cff846fc6aa23e20bdff701c693130bc1ef4d84,2026090308,,,159,8,4241.99896852,530.249871065,50,0.602954108,7.0,1275
8,82,"[""13303"",""13304"",""13305"",""13311"",""13313"",""13314"",""13316uwt"",""13324muw""]",8d1694b4aa7312d83669f9fe2c2c02487f3a301bbc429c7e3b924048ec11f8b0,2026090308,,,226,8,3585.2009679,448.150120987,54,0.460091891,2.0,1257
8,83,"[""13307"",""13308"",""13309"",""13311"",""13312"",""13315"",""13317"",""13410""]",ebccd54d3c643daf1d8179b8a6c31a8f5b2f56deae68c60ead48d2aec414e614,2026090308,,,211,8,3789.27397206,473.659246508,46,0.417895547,3.0,1236
8,84,"[""13303"",""13307"",""13311"",""13316uwt"",""13318"",""13326"",""13413"",""13414""]",1bdd1cf635f89a27644067024ec7a27e5811667eba477495a00f7d03d1ea5f6a,2026090308,,,185,8,3627.01497387,453.376871734,54,0.571824448,3.0,1238
8,85,"[""13303"",""13307"",""13308"",""13311"",""13312"",""13314"",""13405"",""13413""]",79207e3b3270f764b8b915b234cb0cb15b23c03eab66c20654624929c5bcb500,2026090308,,,204,8,3947.78497064,493.47312133,54,0.598280247,3.0,1241
8,86,"[""13301"",""13304"",""13305"",""13308"",""13316uwt"",""13405"",""13410"",""13413""]",e22d8bd79716007f1aa15650625e29fa6bddeccdcfe03dd5c8010c92982e6c6a,2026090308,,,198,8,4278.96797478,534.870996848,37,0.374010274,6.0,1268
8,87,"[""13302"",""13304"",""13307"",""13318"",""13322"",""13403"",""13408"",""13409""]",707e0637bf455840af39ec5337ee12e99bbe57dc17d2e3f754720e3f0aeb6bf1,2026090308,,,203,8,4267.10196686,533.387745858,50,0.505040237,3.0,1258
8,88,"[""13304"",""13313"",""13316uwt"",""13320"",""13321"",""13401"",""13406"",""13407""]",9b65415fb228151fcd42418e0da9ad496411e94652d2ae38b647223733b7e9e7,2026090308,,,176,8,4048.76596734,506.095745917,37,0.417835825,6.0,1275
8,89,"[""13307"",""13312"",""13321"",""13323"",""13324muw"",""13326"",""13404"",""13405""]",e6cda8befc0270b9353f892195e5aaec52526b2f96cdf2a5ae6c02286177168c,2026090308,,,159,8,3458.76797547,432.345996934,46,0.538645374,5.0,1236
8,90,"[""13302"",""13308"",""13309"",""13315"",""13324t"",""13403"",""13409"",""13414""]",a8f7e79ade01da9d637abceb038a42a526c67fc84928004b6dcf28f37bd93b4e,2026090308,,,195,8,4242.01296945,530.251621181,50,0.482351243,4.0,1258
8,91,"[""13305"",""13309"",""13313"",""13318"",""13326"",""13402"",""13403"",""13413""]",d66baf0e34cc7cc864b5833a7e77b51b03f2e02f98571782aafe2b8a1b7aafdf,2026090308,,,189,8,4308.07296429,538.509120536,37,0.343833934,5.0,1253
8,92,"[""13304"",""13313"",""13314"",""13318"",""13323"",""13404"",""13408"",""13413""]",582b20c5953d9c8c1973270f39c2479d0cc4c038db08f5abdb37af6ed7b07e43,2026090308,,,174,8,3988.0709685,498.508871062,37,0.513395665,6.0,1252
8,93,"[""13304"",""13305"",""13316m"",""13318"",""13401"",""13407"",""13408"",""13413""]",3282df10c2f851399b6d044f4a92ebb5eeeb6295b523d2dbf3c9e94fbc50d35d,2026090308,,,178,8,4205.91097208,525.73887151,37,0.422059325,7.0,1275
8,94,"[""13301"",""13303"",""13313"",""13314"",""13315"",""13323"",""13409"",""13412""]",36134dfa3c81c450a3d7ea566c7702aa4ef4f9179fa5b0dcdbd6cc5ea739fb68,2026090308,,,214,8,4193.89097264,524.23637158,54,0.537118992,3.0,1241
8,95,"[""13301"",""13304"",""13310"",""13311"",""13314"",""13316m"",""13317"",""13404""]",a0a1891a64732e0a1699da45cf7749fa185498f1dc4952ce7a2e294d8cf74093,2026090308,,,204,8,3761.41397628,470.176747035,37,0.361018679,3.0,1257
8,96,"[""13305"",""13309"",""13310"",""13317"",""13318"",""13319"",""13326"",""13404""]",83f413eb12376fa78706ac5faa02b1152b18e974b846727d0b128d75984f9c0b,2026090308,,,211,8,3875.24297156,484.405371445,37,0.236729739,3.0,1254
8,97,"[""13305"",""13308"",""13323"",""13324muw"",""13405"",""13410"",""13411"",""13412""]",0413ecbf7a21fe9d02b83322cb2b71accdda1ee56c4b246e3eeab036b18a60d9,2026090308,,,143,8,3832.6569741,479.082121762,31,0.430112568,7.0,1246
8,98,"[""13303"",""13311"",""13312"",""13316uwt"",""13325"",""13326"",""13403"",""13411""]",49ea0069e743d0a634ad740215d6ffea882d4eea21b26c0acfe40b7459b6aa39,2026090308,,,226,8,4266.53296775,533.316620969,54,0.542861029,3.0,1257
8,99,"[""13302"",""13307"",""13309"",""13312"",""13313"",""13326"",""13404"",""13412""]",ac2c1b5a6d82d16f6dc2335c712e553f0472e04d4f563767a3c8c22018906384,2026090308,,,223,8,4487.53495673,560.941869591,50,0.480113904,3.0,1257
8,100,"[""13305"",""13313"",""13323"",""13324t"",""13402"",""13404"",""13405"",""13412""]",85c23c67b22d0ce62aff2a81b953d0e675e48a8e6d8b2a03a58c7e2b5337c07a,2026090308,,,155,8,4181.47496553,522.684370691,37,0.45651715,7.0,1223
8,101,"[""13301"",""13312"",""13318"",""13320"",""13324muw"",""13407"",""13409"",""13413""]",c4f0dc30bb9d0d8a5d2d0647a561cc9aa9aeece98be3e6bf71670840315ead9f,2026090308,,,197,8,4493.00196614,561.625245768,46,0.453541298,6.0,1241
8,102,"[""13307"",""13308"",""13312"",""13318"",""13324t"",""13325"",""13403"",""13413""]",2ae6b39f089797d1556df0c599259a1d8fc06a3f3c53d002ada791cf92e42a0a,2026090308,,,214,8,4236.17496367,529.521870459,46,0.453150577,3.0,1255
8,103,"[""13302"",""13305"",""13307"",""13315"",""13323"",""13402"",""13409"",""13410""]",31501f1bb5aaf74a08290de9a69ac4b3e2a85cfd6edd55234e6434c0d0d8b605,2026090308,,,183,8,4109.80897178,513.726121472,50,0.550124247,4.0,1283
8,104,"[""13316m"",""13317"",""13318"",""13324t"",""13325"",""13326"",""13408"",""13410""]",fc100495b25dbeedc3e9f2f3fabb71f0fb5fc0dfc1ffe1c0cf46c5fee29e5002,2026090308,,,200,8,3912.3329712,489.0416214,42,0.41521079,3.0,1217
8,105,"[""13301"",""13307"",""13308"",""13314"",""13315"",""13322"",""13409"",""13412""]",275eed819a59bd427ce032fce25c32d26e9f1fd7bad7e3a51207e8ba18b8ae22,2026090308,,,187,8,3819.5149805,477.439372563,36,0.344203958,4.0,1241
8,106,"[""13305"",""13307"",""13311"",""13319"",""13401"",""13403"",""13407"",""13409""]",35662661a8f292dede57a3f79c0810a297faf8419b72e37cbba754e1df08761d,2026090308,,,146,8,3942.59597151,492.824496439,30,0.337498219,7.0,1277
8,107,"[""13309"",""13314"",""13315"",""13316uwt"",""13317"",""13322"",""13406"",""13414""]",31949648a570b77e62545b7d834fbb09ecf30a38be0bc42a7d1a49b8062fd85a,2026090308,,,179,8,3519.3189825,439.914872812,37,0.360973407,3.0,1152
8,108,"[""13304"",""13310"",""13316m"",""13319"",""13325"",""13401"",""13409"",""13412""]",c7b781984f5dd65056bfd90427524bfd27abe593948e17e3b81450343e53fadc,2026090308,,,197,8,4302.35796869,537.794746086,42,0.399405624,4.0,1277
8,109,"[""13304"",""13311"",""13316m"",""13320"",""13325"",""13406"",""13407"",""13408""]",215aa484ac98a57ed897e85fa70fa96dba1138047aa83121c14d4afaa7412318,2026090308,,,174,8,3882.62697008,485.32837126,42,0.497184569,5.0,1243
8,110,"[""13309"",""13312"",""13313"",""13321"",""13322"",""13324t"",""13402"",""13404""]",553b6d3d15db53b350ee097830f45dfef53aaa1b32cf1e1e61f402c202d57b08,2026090308,,,205,8,4313.91996265,539.239995331,46,0.384809725,4.0,1256
8,111,"[""13302"",""13304"",""13306"",""13319"",""13402"",""13403"",""13405"",""13412""]",0cf2ed409177804f51486ec4622a02de86b1cd8db0c15fbd88028dbe9e0f399f,2026090308,,,203,8,4735.62496461,591.953120576,50,0.487833982,5.0,1275
8,112,"[""13301"",""13302"",""13316m"",""13317"",""13319"",""13326"",""13407"",""13413""]",062f2d366e1b7f6b34c4daf592e489db7d81332f1591cbefa5cad738ed378459,2026090308,,,226,8,4479.20997028,559.901246285,50,0.394475913,3.0,1260
8,113,"[""13308"",""13312"",""13320"",""13323"",""13326"",""13407"",""13408"",""13409""]",be6ef321bda5515f36b5d1e19be2c2552fbe63d57e02e1307431162ab1b20414,2026090308,,,167,8,3913.85797269,489.232246586,46,0.549040084,6.0,1200
8,114,"[""13304"",""13307"",""13312"",""13318"",""13321"",""13322"",""13323"",""13402""]",5ac4eeb28fc1d89743651de11b9dcb9b8b701ad65aef24d65adcd714a627c4f4,2026090308,,,204,8,3724.35497266,465.544371583,46,0.461930156,3.0,1272
8,115,"[""13307"",""13308"",""13313"",""13320"",""13325"",""13405"",""13411"",""13413""]",e1f8764e253e3188e7b9bb23aea627d70d7ec5be203d2cdc9179aa8f8cca98b7,2026090308,,,183,8,4138.04496188,517.255620235,42,0.483567965,4.0,1235
8,116,"[""13304"",""13306"",""13307"",""13313"",""13320"",""13405"",""13412"",""13413""]",4e05a175cb944961de4088ee130e1e1d8a5cb78bcd9e80aa9ac61ddee44f2831,2026090308,,,178,8,4004.26596408,500.53324551,37,0.443072902,4.0,1243
8,117,"[""13304"",""13309"",""13315"",""13317"",""13323"",""13324t"",""13326"",""13405""]",5f871efd0e2228c4d90d9ac02fbfa82d864c37b4664ef227d0b7fae6e0ecdd36,2026090308,,,187,8,3311.04298106,413.880372632,37,0.430439763,3.0,1243
8,118,"[""13302"",""13304"",""13307"",""13314"",""13319"",""13402"",""13404"",""13407""]",1002c8aba5611582d48d01d7458e21dd2bb4362bc7390da296de285b1c2b2906,2026090308,,,196,8,4457.34496791,557.168120989,50,0.488092275,6.0,1275
8,119,"[""13303"",""13310"",""13312"",""13313"",""13316m"",""13325"",""13404"",""13412""]",8fd65005e3dea04864c32e3b3e1a50f649007986d5eb7ce1a8bf1da2878f72a3,2026090308,,,258,8,4895.68395564,611.960494455,54,0.419393457,3.0,1257
8,120,"[""13302"",""13308"",""13309"",""13310"",""13316m"",""13320"",""13324t"",""13405""]",6117e58da1c92057c9c9f51fb49c068ffc4948792d0851e3ae47b359f25bcfd6,2026090308,,,197,8,3594.29596661,449.286995826,50,0.442032602,3.0,1257
8,121,"[""13301"",""13303"",""13316m"",""13319"",""13325"",""13403"",""13404"",""13411""]",52a1afa602f24be6fcff1d780d4fe85bd91f073b006b8afb1075c871f78e5391,2026090308,,,227,8,4717.80097017,589.725121271,54,0.478354058,3.0,1259
8,122,"[""13315"",""13316m"",""13318"",""13320"",""13325"",""13405"",""13412"",""13413""]",2de687451e2150aa6709c872c28152e7dfc5157f9c8293ad0e94247aeb163dc5,2026090308,,,188,8,4073.95697098,509.244621372,42,0.425531915,4.0,1235
8,123,"[""13305"",""13307"",""13309"",""13312"",""13316m"",""13320"",""13322"",""13401""]",13ee26a9a1856aa03557be458415cfd5324389fa25b8172ff36da41d6573f062,2026090308,,,190,8,3328.95697278,416.119621597,46,0.425632981,3.0,1259
8,124,"[""13301"",""13309"",""13312"",""13314"",""13315"",""13316m"",""13317"",""13405""]",4d87c10f213d030a407942801dd5ed15ffd8d1ea68b6f976bf0f590c13c23776,2026090308,,,224,8,3906.65797782,488.332247227,46,0.380487067,3.0,1241
8,125,"[""13306"",""13307"",""13314"",""13321"",""13323"",""13403"",""13406"",""13409""]",ce8165cc4439782bf4a5bcebfd25a6f28e7eb35741bb757a390c9e71bb028216,2026090308,,,136,8,3461.32997956,432.666247445,30,0.359016342,7.0,1239
8,126,"[""13304"",""13305"",""13310"",""13403"",""13405"",""13406"",""13410"",""13413""]",35170a947a9ce0c7578642d2a4cef9b1e0e7d2cc3ff643588d1e097c2ab042a6,2026090308,,,162,8,4380.25397082,547.531746353,37,0.418844332,7.0,1266
8,127,"[""13301"",""13310"",""13312"",""13316uwt"",""13320"",""13407"",""13408"",""13411""]",68d3950bcd7429543fe5f7929427f3b7de283c6dd8b85135be270dc93872a2ef,2026090308,,,185,8,4117.74297024,514.71787128,46,0.486576568,5.0,1241
8,128,"[""13306"",""13308"",""13313"",""13319"",""13325"",""13404"",""13407"",""13408""]",855591203685b607790df62bc6e5651d7d74d8b3ecb809c5169ac16f51bdd02f,2026090308,,,212,8,4679.62095979,584.952619974,42,0.37830071,4.0,1254
8,129,"[""13301"",""13302"",""13313"",""13324muw"",""13326"",""13402"",""13403"",""13408""]",0277f0e4f61d3f7e741cf204437ff612116f00473148b2e06521bd7e58e9f0e3,2026090308,,,203,8,4460.02796227,557.503495284,50,0.511912498,4.0,1275
8,130,"[""13301"",""13312"",""13313"",""13320"",""13322"",""13324t"",""13408"",""13411""]",4f3a0e9812e8572794041dedc658ba3d1917c01deedc6077c8fa11c806675020,2026090308,,,204,8,4002.37096381,500.296370476,46,0.470588235,3.5,1241
8,131,"[""13316uwt"",""13320"",""13321"",""13322"",""13324t"",""13403"",""13404"",""13408""]",e21371b57062ad52c668098b606119372a601feb8b2ef4d8be79946374c44910,2026090308,,,145,8,3510.40497729,438.800622161,26,0.245869565,7.0,1232
8,132,"[""13308"",""13316uwt"",""13317"",""13323"",""13402"",""13403"",""13412"",""13414""]",afb1035b38f197129d3d8d8a232179f112cd511e847dc8d368f57d17342d3753,2026090308,,,155,8,4067.41897648,508.42737206,37,0.477898626,7.0,1223
8,133,"[""13304"",""13306"",""13307"",""13309"",""13316uwt"",""13409"",""13410"",""13413""]",572bfe91c7a70b3d308d64b4c896355f939754806b30fc05261ea9d1d0716e81,2026090308,,,172,8,3996.74397348,499.592996685,37,0.352691881,6.0,1254
8,134,"[""13301"",""13304"",""13310"",""13317"",""13318"",""13402"",""13410"",""13413""]",063fcc018b40ffb057fc5070542b507516a2b344b83912825b131c4ee271dd4b,2026090308,,,214,8,4646.46796992,580.80849624,37,0.353043491,4.5,1283
8,135,"[""13301"",""13316m"",""13321"",""13324t"",""13326"",""13403"",""13404"",""13408""]",a1c98f616db37cc5bc4e81099ff86c99475047007f614114c9cf915981d8510a,2026090308,,,162,8,3810.39797898,476.299747373,36,0.348970223,7.0,1234
8,136,"[""13302"",""13303"",""13308"",""13309"",""13318"",""13321"",""13402"",""13406""]",13e46d5712ca7af20ac8ad55482123eace40d52342674dfd77d4b8e837981849,2026090308,,,243,8,4665.22596502,583.153245627,54,0.456456335,3.0,1275
8,137,"[""13313"",""13319"",""13320"",""13321"",""13325"",""13405"",""13409"",""13411""]",a47c4fcdfd82533ff78627c9c3787199a41b56b0eaf6ace426ab94681b2cf77e,2026090308,,,188,8,4312.15796241,539.019745301,42,0.435521053,5.0,1237
8,138,"[""13315"",""13320"",""13324t"",""13402"",""13403"",""13405"",""13411"",""13413""]",5e01686b6e8b1f9abf7dd40f1ede5a24b4695f3f4d5c50ab25a68e7b5f7452b2,2026090308,,,138,8,4082.83097459,510.353871824,31,0.314529484,7.0,1137
8,139,"[""13301"",""13305"",""13313"",""13314"",""13316m"",""13322"",""13406"",""13413""]",1061ec2eb4a95b4c3fba12fe59783469fe0aa0e959644ececd6a8f1ceadc3285,2026090308,,,197,8,3955.92097118,494.490121397,37,0.350474439,4.0,1167
8,140,"[""13308"",""13310"",""13315"",""13316uwt"",""13321"",""13404"",""13411"",""13412""]",46c7b1ea45b50fd59059999a5103d7053a3c7932f842cbfc25f215b6b0e63163,2026090308,,,175,8,4064.30797658,508.038497072,31,0.282207045,5.0,1229
8,141,"[""13303"",""13308"",""13314"",""13318"",""13402"",""13404"",""13405"",""13411""]",d84269756bb884b25c30517571e1e64e584601a59fea1689bb9ac8958bfd831c,2026090308,,,195,8,4637.54397102,579.692996377,54,0.545015064,7.0,1253
8,142,"[""13301"",""13308"",""13318"",""13323"",""13326"",""13403"",""13411"",""13414""]",24818e92a3c8887f11b506fb6a4a1dbd99ea7138c4052e03678dc268a37b2ae2,2026090308,,,169,8,3851.78197675,481.472747094,36,0.478339331,7.0,1238
8,143,"[""13305"",""13314"",""13317"",""13322"",""13323"",""13406"",""13407"",""13411""]",494a05730eafc19e641e42eb30f4940a6dfe79c6ab62d35b3433ec350ecf26be,2026090308,,,162,8,3740.12297892,467.515372365,37,0.450405836,6.0,1214
8,144,"[""13306"",""13314"",""13316m"",""13323"",""13324muw"",""13325"",""13413"",""13414""]",25a0bdfb7a54a7072473226061d6d789e75f82034e28cc16f75de3c5c72a32e6,2026090308,,,163,8,3391.36297616,423.92037202,42,0.505865331,4.0,1227
8,145,"[""13305"",""13306"",""13308"",""13316uwt"",""13318"",""13321"",""13401"",""13406""]",cf70cd97dc06be69ec9801fa59412ae7acb29c12a45e87248a8a909e7f9f04ac,2026090308,,,193,8,3833.91197364,479.238996705,33,0.313931491,3.0,1256
8,146,"[""13301"",""13302"",""13311"",""13312"",""13319"",""13321"",""13405"",""13414""]",49a684d3197306483e0df4e57cb9eedeaf4a8cd574133c69a7ac36f7054b78f2,2026090308,,,220,8,4276.31096553,534.538870691,50,0.511681719,3.0,1260
8,147,"[""13302"",""13310"",""13311"",""13315"",""13316uwt"",""13320"",""13321"",""13403""]",92ae9773b0bcdec2793768e3e30d24e8540552abdaedc3e61d84c28af71b2d9b,2026090308,,,192,8,3494.64997154,436.831246443,50,0.46631311,3.0,1258
8,148,"[""13316uwt"",""13318"",""13326"",""13404"",""13406"",""13409"",""13412"",""13414""]",f290beb6eb343b1b6995b01d1783de7990799d1e7e3966c93893793d9d73a468,2026090308,,,150,8,4403.53497275,550.441871594,33,0.327414111,7.0,1236
8,149,"[""13305"",""13309"",""13314"",""13316m"",""13322"",""13403"",""13406"",""13408""]",a84449ea4a81a66075e47a02a66fde084eea64bbd4c8fd1c455427e2c54860f3,2026090308,,,156,8,3508.55697916,438.569622395,30,0.322302695,7.0,1136
8,150,"[""13301"",""13313"",""13316uwt"",""13317"",""13318"",""13321"",""13402"",""13405""]",79d654f8ad18b0f570edd4b2ae074009f121bc2dd09a2ccb974173b217ac946c,2026090308,,,216,8,4403.70896696,550.46362087,37,0.33995481,3.0,1253
8,151,"[""13304"",""13317"",""13325"",""13326"",""13405"",""13408"",""13410"",""13413""]",be9219f20dfd989e69038862fbb624e1209c814d68e08ea8c991d86ce0e80c8e,2026090308,,,191,8,4416.05097227,552.006371534,42,0.496223506,5.0,1254
8,152,"[""13305"",""13309"",""13312"",""13321"",""13322"",""13326"",""13407"",""13412""]",8d088f7469b1a130e540b5e5600d78550af8cfdd19b80b9a9f6ed1a4f919c55c,2026090308,,,199,8,4040.12797263,505.015996579,46,0.366489823,4.0,1217
8,153,"[""13302"",""13305"",""13307"",""13318"",""13322"",""13402"",""13405"",""13410""]",b7113c69ba1a6cfaa5fe4cf8d2750096688314be074c51fbf0c9d904ccbc1725,2026090308,,,199,8,4284.05196548,535.506495685,50,0.476274822,4.0,1283
8,154,"[""13301"",""13304"",""13312"",""13319"",""13321"",""13401"",""13404"",""13413""]",1ae999664e32753a7c462344ea898e6bbdbbd20c29e798b28477bef44d0974ca,2026090308,,,212,8,4584.57397139,573.071746424,46,0.429011962,6.0,1277
8,155,"[""13302"",""13304"",""13309"",""13310"",""13313"",""13326"",""13407"",""13412""]",9c598c4d887a9f08d5c6e971d838ae49ed7f005265849faf5fa3fcb052931d26,2026090308,,,223,8,4469.52195833,558.690244791,50,0.40841655,3.0,1257
8,156,"[""13303"",""13309"",""13310"",""13311"",""13317"",""13325"",""13403"",""13414""]",1db708f2605650637bb57ab7aa00cfa0a02a971218688eac92aa4eab1e5a042e,2026090308,,,219,8,4130.33896818,516.292371022,54,0.524597721,3.0,1257
8,157,"[""13302"",""13303"",""13310"",""13315"",""13317"",""13322"",""13323"",""13406""]",c97511b27fd0c08be8919314519fd6467a1a7c4315c1b92d42e73525821a6dec,2026090308,,,244,8,4052.8339722,506.604246525,54,0.493984235,2.0,1260
8,158,"[""13304"",""13306"",""13310"",""13315"",""13319"",""13401"",""13408"",""13413""]",88ac77490b7e76449d06a842a965011cb1e7cca07e5e88b89ea983b8fee735e6,2026090308,,,187,8,3912.01097507,489.001371884,37,0.386768195,3.0,1277
8,159,"[""13316m"",""13318"",""13325"",""13404"",""13405"",""13406"",""13408"",""13412""]",602dc962760271b869dc493261b50f26d18fec74f44c8773a90263646e589cd0,2026090308,,,168,8,4519.46596822,564.933246027,42,0.491999484,7.0,1252
8,160,"[""13305"",""13306"",""13315"",""13320"",""13322"",""13324t"",""13405"",""13407""]",00a24ccf72c4bd29970648ae1bb8cfd6c4675194c57ad99fb6b89927d67a67a9,2026090308,,,181,8,3571.48497511,446.435621889,31,0.304569756,4.0,1216
8,161,"[""13302"",""13307"",""13309"",""13318"",""13323"",""13326"",""13408"",""13411""]",43fda98674319d51decdb9872dd5bad5798189962b95a205a8593dafd9200895,2026090308,,,174,8,3508.44497137,438.555621421,50,0.594042738,3.0,1257
8,162,"[""13301"",""13316m"",""13318"",""13324muw"",""13325"",""13402"",""13403"",""13406""]",7527bdca67647f95f71418721881359deb30d76a25b4b1bd1e6b803d2d486186,2026090308,,,196,8,4375.94496914,546.993121142,42,0.419733955,5.0,1272
8,163,"[""13302"",""13304"",""13312"",""13314"",""13320"",""13324muw"",""13407"",""13409""]",2e7c6b62b1cd567162fed685d415a619607e846e7b70fbe776105561c2b778b4,2026090308,,,216,8,4324.58596406,540.573245508,50,0.512531574,3.0,1257
8,164,"[""13301"",""13306"",""13314"",""13316uwt"",""13321"",""13401"",""13404"",""13406""]",e3b8ee73ca4040b323a0ed1685df9da376ee325ce2df3ce97b792e066caa6781,2026090308,,,168,8,3925.94897936,490.74362242,36,0.368086306,7.0,1252
8,165,"[""13301"",""13309"",""13311"",""13313"",""13317"",""13401"",""13408"",""13414""]",f5243e71b9436d1a3d3f713830e50d44c9813606a927ab90ac92c21b9f37cb03,2026090308,,,181,8,3966.30696794,495.788370993,37,0.500998667,5.0,1195
8,166,"[""13302"",""13305"",""13308"",""13313"",""13316uwt"",""13402"",""13406"",""13412""]",317a0945d78874c77184a4c389e52b91624d51321090612e49b15d473147db76,2026090308,,,215,8,4693.91295902,586.739119877,50,0.436887561,4.0,1275
8,167,"[""13306"",""13310"",""13312"",""13316m"",""13401"",""13402"",""13407"",""13410""]",03c226c462e732e62fd161aa7f9fc493f8726344d4ef3f2f21d317df82f94d6d,2026090308,,,184,8,4535.35096636,566.918870795,46,0.444457572,6.0,1286
8,168,"[""13303"",""13307"",""13314"",""13406"",""13408"",""13410"",""13411"",""13414""]",9ecd79d12d28d08934e85d9b35de7497e24918b1c07b7233cf83463f339995c4,2026090308,,,151,8,4036.61697598,504.577121997,54,0.708052018,7.0,1268
8,169,"[""13302"",""13306"",""13309"",""13319"",""13320"",""13325"",""13411"",""13414""]",f0ee9bf09f77aedf5491f660f8330822eb6d85970b1bab172e9fbfdcd64bf070,2026090308,,,213,8,4120.54596349,515.068245436,50,0.479126325,3.0,1257
8,170,"[""13301"",""13305"",""13311"",""13313"",""13315"",""13321"",""13402"",""13403""]",47f0105ae7a08ad031a897e5e3fb71c623315af42686b7def738590cbc52cca5,2026090308,,,201,8,4100.21996982,512.527496228,37,0.356234192,4.0,1249
8,171,"[""13302"",""13304"",""13318"",""13321"",""13404"",""13406"",""13407"",""13412""]",088d445de4869b2ad3f61c32670c79a09ce8b187b7162615a39b71e4b2392458,2026090308,,,205,8,4915.00896414,614.376120517,50,0.475528448,7.0,1257
8,172,"[""13304"",""13309"",""13313"",""13316m"",""13317"",""13322"",""13406"",""13408""]",316811e7fffcf9834e52b85274fb701419a41f8210f79f8a2351c91c22d17d70,2026090308,,,207,8,3988.78396866,498.597996083,37,0.375912466,3.0,1243
8,173,"[""13305"",""13307"",""13320"",""13326"",""13401"",""13404"",""13407"",""13413""]",5ddbdaaac7f152e080711edfbfc3acf7eb90dcf171b6c776c41458d3de4f6ebe,2026090308,,,143,8,3873.71297429,484.214121786,30,0.288583361,7.0,1256
8,174,"[""13305"",""13307"",""13313"",""13316m"",""13326"",""13404"",""13405"",""13406""]",bcb7d1cf2f16509a144e8dadfe508e1195b729ae8a8d4653c013bf899039ec78,2026090308,,,170,8,3920.43696801,490.054621001,37,0.374073249,6.0,1162
8,175,"[""13307"",""13309"",""13317"",""13324t"",""13401"",""13412"",""13413"",""13414""]",930b828ab147aaa8caa8f0f564fda4d4e89d2e4fc657a6e89da48318f321bcd4,2026090308,,,146,8,3810.60597407,476.325746759,37,0.4224423,7.0,1226
8,176,"[""13301"",""13305"",""13313"",""13318"",""13320"",""13403"",""13405"",""13412""]",88ac9442fa9fd283d81f053486e12eda2921a8b1afca76e7cd5abbdf9e6e34c8,2026090308,,,194,8,4264.17096322,533.021370402,37,0.411209705,5.0,1238
8,177,"[""13303"",""13309"",""13311"",""13314"",""13401"",""13404"",""13405"",""13406""]",67e2079b46a4aed5242b506e9709baf74c87711ca84f5acb3bec4fbc1d9f1831,2026090308,,,162,8,4018.52397416,502.31549677,54,0.646116746,7.0,1216
8,178,"[""13302"",""13308"",""13314"",""13406"",""13407"",""13408"",""13409"",""13411""]",d0e3c9ffd2e497d5aaf71102b771fd96ec9e0ae05ed1c57cb71a67a9b17c0e0f,2026090308,,,170,8,4652.85596852,581.606996065,50,0.575268855,7.0,1257
8,179,"[""13303"",""13304"",""13316uwt"",""13317"",""13322"",""13407"",""13408"",""13410""]",8b80952633f1f9bccbc6db7357a6dfbe01c73992566379f8b9b3b6657a17a2e1,2026090308,,,218,8,4416.1239743,552.015496787,54,0.49668542,3.0,1268
8,180,"[""13301"",""13312"",""13316uwt"",""13318"",""13321"",""13322"",""13404"",""13414""]",5f7e4d83e3b9f59f81a3b3c65c6b41bc3e7f23d1b357fad880712e8742b2e131,2026090308,,,213,8,4232.58097234,529.072621542,46,0.390293073,3.0,1241
8,181,"[""13302"",""13309"",""13315"",""13324t"",""13406"",""13408"",""13409"",""13412""]",3836a82f63d566b61c73d54b7bd2e17650f40c7f6551597679a031a4f4561309,2026090308,,,178,8,4304.65396955,538.081746194,50,0.536391832,6.0,1257
8,182,"[""13316m"",""13318"",""13324muw"",""13405"",""13407"",""13409"",""13411"",""13413""]",a073b4bb5c8f258600cd1ac2ff4793090d71939df9fad9db51450f261e004181,2026090308,,,149,8,4417.20896978,552.151121222,33,0.328722064,7.0,1219
8,183,"[""13310"",""13316uwt"",""13317"",""13320"",""13324muw"",""13401"",""13403"",""13413""]",507b2336ab056f7096da95d3e4977d2f28bafa2221362b714a73c3a02b9a44cd,2026090308,,,156,8,3651.0419738,456.380246725,37,0.386321004,6.5,1195
8,184,"[""13307"",""13312"",""13325"",""13326"",""13404"",""13408"",""13409"",""13411""]",0eb947be82de920cac8930023a233d31efcb3d88ade3b2ad6e7843ac44a4c469,2026090308,,,183,8,4471.18096811,558.897621014,46,0.547512624,6.0,1252
8,185,"[""13301"",""13315"",""13319"",""13322"",""13402"",""13410"",""13411"",""13412""]",239f4afe4082b3fd23213ec70b38d569277c729688b99fd76e4c43f6764275b2,2026090308,,,181,8,4444.83997617,555.604997021,36,0.350077501,7.0,1283
8,186,"[""13302"",""13311"",""13313"",""13316uwt"",""13320"",""13326"",""13401"",""13404""]",a3353aadad9fcc316c5023a4b6d43ba21b550f8b4def2ce3b4529bdef4d27a91,2026090308,,,188,8,3894.77596171,486.846995214,50,0.525062242,3.5,1278
8,187,"[""13301"",""13305"",""13314"",""13317"",""13324t"",""13405"",""13407"",""13414""]",b15e69c039c2166ed063958ef54d9f2382ffca6273a1e1f5ca1011234a9340d5,2026090308,,,179,8,3978.35397641,497.294247051,37,0.430385202,6.0,1238
8,188,"[""13301"",""13302"",""13305"",""13313"",""13326"",""13410"",""13412"",""13413""]",eed80665ee3ac04e87fd4430cfd32f89020f9dde6d9d1fc31607b36681f9d34a,2026090308,,,219,8,4711.94696095,588.993370119,50,0.444754484,4.0,1268
8,189,"[""13308"",""13312"",""13316uwt"",""13318"",""13319"",""13326"",""13410"",""13412""]",0b2921d8fcdb428aaa83670ec62accea800ea72c47483d3a925a0175c7663f9c,2026090308,,,209,8,4213.44696866,526.680871082,46,0.374766702,3.0,1227
8,190,"[""13303"",""13304"",""13314"",""13315"",""13319"",""13321"",""13326"",""13402""]",fd5073fdd56961627ee518895c8a9ba551e34274ef334e8bb2cb08ab96c087f9,2026090308,,,225,8,3911.59798082,488.949747602,54,0.420111684,3.0,1274
8,191,"[""13306"",""13310"",""13312"",""13314"",""13317"",""13326"",""13406"",""13412""]",4085dc81507f5c53bf26272f7feb2e554f403d45ff0549e0a196e8e2e1771352,2026090308,,,203,8,4025.54897171,503.193621464,46,0.4244179,3.0,1216
8,192,"[""13308"",""13318"",""13405"",""13407"",""13410"",""13412"",""13413"",""13414""]",2f221c8b183a538d47f5b842de7741583fe14c1370b51ee20a1cc225b60bcb70,2026090308,,,151,8,4725.29996836,590.662496045,33,0.40904428,7.0,1246
8,193,"[""13304"",""13308"",""13315"",""13319"",""13325"",""13401"",""13404"",""13405""]",d5a6daef461b808af211fbd14a7ea0e437b3c3fbec1ed922541b813fff168fff,2026090308,,,210,8,4394.50497203,549.313121504,42,0.398067896,3.0,1277
8,194,"[""13302"",""13312"",""13314"",""13316m"",""13319"",""13321"",""13326"",""13405""]",a16024f69ccddf28ec3c14d2cf1ad35ee9a2ef37aaef1355a4a9d2a08cf3f11c,2026090308,,,218,8,3904.28297042,488.035371302,50,0.464821745,3.0,1257
8,195,"[""13306"",""13310"",""13318"",""13401"",""13405"",""13407"",""13412"",""13414""]",14b86e750c905047a2adcca6c7d4ac882a5cba41faf753ec74e73ca39e657327,2026090308,,,156,8,4318.4069679,539.800870987,33,0.40298035,7.0,1256
8,196,"[""13305"",""13314"",""13316m"",""13317"",""13323"",""13326"",""13404"",""13410""]",d2febd20290d704af7d0f4a5d6a95bda67388c11a1bb268eb677f7151bf8d7bd,2026090308,,,167,8,3520.71998101,440.089997626,37,0.410299821,6.0,1263
8,197,"[""13307"",""13316m"",""13320"",""13321"",""13324muw"",""13406"",""13410"",""13414""]",5059da147bfa96d3dda5ea488e2142c5eb0c0cfb8d33a32a0d5ea72edd4bc3a6,2026090308,,,134,8,3332.09497614,416.511872017,23,0.214738725,7.0,1243
8,198,"[""13301"",""13321"",""13322"",""13324muw"",""13402"",""13405"",""13409"",""13411""]",ff438cd3acd344b942788ca2df108b1baf5f729fd5936cecf0e21f7dd04b3e19,2026090308,,,162,8,4277.45497562,534.681871952,36,0.352446973,7.0,1256
8,199,"[""13306"",""13315"",""13317"",""13324t"",""13401"",""13403"",""13411"",""13412""]",5ae11c6d5a3259e572374101db125e312b7559782d8c4406d65bb0411923f753,2026090308,,,171,8,4110.06897499,513.758621874,37,0.424893141,5.0,1226
8,200,"[""13302"",""13306"",""13307"",""13315"",""13316uwt"",""13318"",""13325"",""13404""]",43026ce55adb71f9426600ddae6e4719c0999abbcf9918b9d88101e4a3bd4e77,2026090308,,,239,8,4199.51296574,524.939120717,50,0.37960192,2.0,1257
8,201,"[""13303"",""13310"",""13311"",""13321"",""13322"",""13323"",""13401"",""13406""]",f6ffbfbe245bab17285dde679b7761d7aecf0acb54a5b9ddcb891fc48d77b847,2026090308,,,174,8,3451.94197636,431.492747045,54,0.622708509,3.0,1252
8,202,"[""13301"",""13302"",""13312"",""13318"",""13326"",""13405"",""13410"",""13411""]",1e9094d8a9fbe6c8d3618763af183509e823b26f7dd67a17d4bdc8dd9a1f627b,2026090308,,,228,8,4742.53496327,592.816870409,50,0.485873068,3.5,1268
8,203,"[""13301"",""13305"",""13319"",""13323"",""13324t"",""13403"",""13405"",""13414""]",605b01a8268074bad1aa36d53e39e89a7d6e062b98f526b0d19a311a0e9f77e2,2026090308,,,158,8,3612.01097668,451.501372085,36,0.474134704,7.0,1259
8,204,"[""13305"",""13307"",""13313"",""13317"",""13320"",""13324muw"",""13404"",""13410""]",3d134671275560c3945b029ef91776b912d3315c32f5214e11df3ff272c548ba,2026090308,,,184,8,3853.2929648,481.6616206,37,0.403786427,4.0,1263
8,205,"[""13311"",""13313"",""13315"",""13323"",""13405"",""13411"",""13413"",""13414""]",c29cc9667f8ab9e3161bd8af2c92199c17c68941a365bf6d9625636bbfce60ce,2026090308,,,144,8,3782.73997022,472.842496278,37,0.53142018,7.0,1145
8,206,"[""13302"",""13305"",""13311"",""13316m"",""13317"",""13321"",""13325"",""13408""]",55315af9a0dd042e973a66836246a89fb206183e3276a61aa12ed7c3bf5c80b3,2026090308,,,229,8,3964.51196768,495.56399596,50,0.446676012,3.0,1257
8,207,"[""13301"",""13303"",""13306"",""13308"",""13311"",""13313"",""13405"",""13411""]",d6d3f8494d6e7bf9b357497dfb1adbbbfc74c371558ee8e12d47776ea13deef5,2026090308,,,229,8,4385.7499636,548.21874545,54,0.469975313,3.0,1198
8,208,"[""13302"",""13310"",""13315"",""13316uwt"",""13318"",""13319"",""13326"",""13410""]",9cae731f03743ec8ae8ac5e2d0250aa490a16b02a10e26d0f988e1bb9cc95e57,2026090308,,,222,8,3942.42696938,492.803371172,50,0.36069804,3.0,1265
8,209,"[""13310"",""13312"",""13317"",""13320"",""13325"",""13326"",""13404"",""13414""]",a68b3b2f199b18cf6c802e98dff424b71492bb32c9ede1d37c63314370c1cf84,2026090308,,,215,8,4208.79796687,526.099745859,46,0.451306618,3.0,1252
8,210,"[""13305"",""13306"",""13311"",""13315"",""13405"",""13406"",""13410"",""13414""]",16d66d6514b7178438af389ef7fc4f90c77509d12f052e3df17b3c9569b39607,2026090308,,,159,8,3874.65897448,484.33237181,31,0.409867994,6.0,1246
8,211,"[""13302"",""13306"",""13307"",""13312"",""13313"",""13314"",""13402"",""13410""]",2856873c424db80a432a2e1592f4bcaf1abcf41d1f4348121d2065ef98235acb,2026090308,,,226,8,4499.19995664,562.39999458,50,0.483982616,3.0,1283
8,212,"[""13304"",""13306"",""13307"",""13310"",""13316uwt"",""13323"",""13404"",""13412""]",a0501c33bbc9eff58ed468203c57970a685315c00b81c0164bf8a40cd44410d4,2026090308,,,167,8,3540.39097494,442.548871867,37,0.415855222,4.0,1252
8,213,"[""13306"",""13311"",""13313"",""13315"",""13326"",""13403"",""13407"",""13412""]",731fb3b2cc579a28629ee4de84ddb773c31b2aa9903746f4c664bc0dbcfefb96,2026090308,,,179,8,4108.30296693,513.537870866,37,0.377870091,4.0,1236
8,214,"[""13302"",""13304"",""13309"",""13312"",""13317"",""13320"",""13403"",""13414""]",3bb1030b1174bf56037895a543a6e04141b5691f5765887c33846a6f85bee10e,2026090308,,,234,8,4367.64996396,545.956245495,50,0.481902747,3.0,1258
8,215,"[""13302"",""13306"",""13315"",""13326"",""13408"",""13409"",""13412"",""13414""]",28d7b85ada833c61dd10a7f8ec1a39de05fc400059523f9130bc5d846ec92ce8,2026090308,,,187,8,4336.65597143,542.081996429,50,0.526106465,4.0,1257
8,216,"[""13302"",""13303"",""13311"",""13322"",""13405"",""13407"",""13410"",""13412""]",7f830dcf781992f30b50bd9a3e90be43d28009a6c35090596b160cf5ec0914e4,2026090308,,,204,8,4683.71196426,585.463995533,54,0.619123663,5.0,1268
8,217,"[""13302"",""13303"",""13311"",""13314"",""13317"",""13325"",""13406"",""13410""]",f00b6fb6b55ccdc8339da97aaac1bfcb21c69135e364e5421d747bf974cb0762,2026090308,,,242,8,4512.25596494,564.031995618,54,0.535789656,2.5,1268
8,218,"[""13307"",""13310"",""13321"",""13322"",""13324muw"",""13403"",""13410"",""13414""]",780d8340057301e7061fb662483792ab7f571ea0c1fe77e1f8a0ce808440fc4c,2026090308,,,145,8,3494.49097504,436.81137188,26,0.266656758,6.0,1266
8,219,"[""13306"",""13307"",""13316m"",""13322"",""13323"",""13324muw"",""13403"",""13409""]",c16ca936839b0849c9ace96f2c9443e0a4b7dabfbee4fed4723720204fac9a11,2026090308,,,150,8,3258.75297732,407.344122165,30,0.355527777,4.5,1239
8,220,"[""13312"",""13315"",""13316m"",""13320"",""13322"",""13409"",""13413"",""13414""]",d67798886652b715260595034f78c43bf79a6a7df96aece6b724c68bfa7543d8,2026090308,,,186,8,4025.93897398,503.242371747,46,0.448916683,5.0,1192
8,221,"[""13303"",""13310"",""13312"",""13313"",""13319"",""13402"",""13410"",""13413""]",f364321ed028f1ec73f92a4cce4fedd82fbf402a14687e9015d17ff296d44396,2026090308,,,235,8,4952.51095723,619.063869654,54,0.472608703,3.0,1283
8,222,"[""13302"",""13303"",""13314"",""13322"",""13324muw"",""13326"",""13401"",""13403""]",319a141acc343bcb5edb6c6066587359084b35af1a4010fd5ff566fe34683fde,2026090308,,,210,8,3925.70897231,490.713621539,54,0.587936165,3.0,1278
8,223,"[""13303"",""13308"",""13316uwt"",""13319"",""13320"",""13403"",""13408"",""13412""]",2089f44cc624df53d2db6b2d897847f842e6122887858c160b414a7ac11e8e06,2026090308,,,189,8,4025.58897321,503.198621651,54,0.555908177,4.0,1259
8,224,"[""13302"",""13307"",""13308"",""13316uwt"",""13317"",""13323"",""13403"",""13412""]",386b7012997836dd8f85059b77d24c01be05a7fbde110689d08ea49dadb58499,2026090308,,,191,8,3870.16397146,483.770496433,50,0.558199654,3.0,1258
8,225,"[""13304"",""13315"",""13316uwt"",""13318"",""13401"",""13402"",""13404"",""13414""]",fd5901d86fc5249eb055bfa322c5b95ed5c76db60df99a2ccbb6354ad5a52811,2026090308,,,180,8,4310.7319749,538.841496862,37,0.408550585,6.5,1275
8,226,"[""13305"",""13307"",""13312"",""13318"",""13323"",""13408"",""13411"",""13412""]",40e81ea3b798aec63ffc4784b2b083707eeee6d675998d8b4371b1b589a02afc,2026090308,,,172,8,3785.28897058,473.161121322,46,0.578597921,4.5,1217
8,227,"[""13301"",""13305"",""13308"",""13319"",""13325"",""13403"",""13413"",""13414""]",3e11e4a03fe7df17a5e3a28d9b79560b21a294f792dee86614f46f64f3747ab3,2026090308,,,207,8,4416.39997085,552.049996356,42,0.400442006,4.0,1259
8,228,"[""13304"",""13305"",""13307"",""13312"",""13319"",""13321"",""13325"",""13401""]",24a52f9377d0ecd7426065b0e67a0ef50b8f28d307f55b4f248b3b7f569c1990,2026090308,,,231,8,3993.26596859,499.158246074,46,0.398809157,2.0,1277
8,229,"[""13306"",""13311"",""13313"",""13320"",""13323"",""13404"",""13408"",""13410""]",795982f93263acc38329338c166eddf050709bda30e1eb97b3bae76b1a9987a9,2026090308,,,148,8,3631.13896614,453.892370767,37,0.49908609,6.0,1263
8,230,"[""13315"",""13319"",""13320"",""13322"",""13324muw"",""13404"",""13405"",""13407""]",4c87da8473340d3a061035a85e6e4695f269181b91d0f111179857ee46e386ec,2026090308,,,164,8,3834.23997497,479.279996871,31,0.296720123,5.0,1254
8,231,"[""13301"",""13316m"",""13323"",""13326"",""13406"",""13407"",""13412"",""13413""]",2898130024fe0fcf42a47587fb0da30d31a145ffe923b8eb94003241f4fe3a35,2026090308,,,149,8,4043.31597815,505.414497269,36,0.420147093,7.0,1238
8,232,"[""13303"",""13309"",""13311"",""13316uwt"",""13317"",""13401"",""13410"",""13412""]",592531a52cdbe15dcc0f5b18d5a384ce0f1c7f65943fcd06c5fda35be20ca412,2026090308,,,190,8,4090.45797288,511.30724661,54,0.574142743,4.5,1286
8,233,"[""13302"",""13308"",""13311"",""13312"",""13314"",""13322"",""13323"",""13410""]",4411693fa3c7d1b28f248c62456b4d0f2877c134d54d915a4dcab146d6e82bf1,2026090308,,,206,8,3743.02896848,467.87862106,50,0.56436084,3.0,1265
8,234,"[""13314"",""13318"",""13324muw"",""13401"",""13402"",""13405"",""13407"",""13409""]",0b528dba3fe1a7ee0b6593e8921a671dd84ed94ae425b21f1cccb92cf7738699,2026090308,,,142,8,4325.22997148,540.653746435,33,0.341240604,7.0,1259
8,235,"[""13302"",""13304"",""13307"",""13308"",""13312"",""13321"",""13323"",""13413""]",b688a66c909a3f0302a52b429da71a342fb8df97c6b9c07c445db3c886bab5c2,2026090308,,,224,8,4013.19196796,501.648995995,50,0.516315439,3.0,1257
8,236,"[""13304"",""13310"",""13316uwt"",""13402"",""13404"",""13407"",""13409"",""13413""]",ad8d7a38f88c260e3037a10040f1dbbf75c525cbe936557bf11df185b02a8af6,2026090308,,,165,8,4809.14897024,601.14362128,37,0.326992023,7.0,1272
8,237,"[""13304"",""13305"",""13307"",""13312"",""13318"",""13325"",""13326"",""13409""]",8124ebcb532ba87313d59cbd1caff8dd3f342f427b43778dd4a02a5d9f7d8e82,2026090308,,,241,8,4220.82796593,527.603495741,46,0.358459156,2.0,1243
8,238,"[""13307"",""13311"",""13313"",""13316m"",""13322"",""13324t"",""13402"",""13408""]",ca80cf8e1e9d02492f3a65c87cc12494e8dec94101eca9274c25c66806fe96a8,2026090308,,,161,8,3433.86896737,429.233620921,37,0.388434711,4.0,1182
8,239,"[""13301"",""13305"",""13316uwt"",""13325"",""13405"",""13406"",""13407"",""13413""]",4e9f4baf7b16f41a9025cd5ee9903adc287140d9ab236d905221be88232aa137,2026090308,,,188,8,4545.81697126,568.227121407,42,0.441713606,7.0,1257
8,240,"[""13305"",""13309"",""13310"",""13316uwt"",""13318"",""13323"",""13325"",""13401""]",3fb05eb061a3edb4df5642e6e5df068d8d9d52d77815ef91070312be19faea18,2026090308,,,192,8,3456.98397162,432.122996453,42,0.430499548,3.0,1275
8,241,"[""13301"",""13307"",""13308"",""13311"",""13313"",""13318"",""13326"",""13402""]",a4d56d6ae67221c18f95cd5521fcce19fa25995a2ba413dd98a696d244e25043,2026090308,,,204,8,3902.33296533,487.791620666,37,0.357271905,3.0,1253
8,242,"[""13302"",""13305"",""13307"",""13313"",""13320"",""13326"",""13404"",""13411""]",ab2b66bd8e5a770b6279f7698d24e750dd23efe318bc1efa1fa64b087f965569,2026090308,,,200,8,4042.41596101,505.301995126,50,0.484974226,3.0,1257
8,243,"[""13304"",""13307"",""13311"",""13313"",""13323"",""13404"",""13408"",""13410""]",a50b8f94b564c7801977ba11315e103c95ffd6bd160ce2dab6b809717cde8ae0,2026090308,,,154,8,3691.1259675,461.390745938,37,0.548998997,6.0,1263
8,244,"[""13301"",""13316uwt"",""13320"",""13323"",""13326"",""13404"",""13406"",""13413""]",9f80a1ebc0ba703b6153418436b1151a90c55a23b9fa11d9f0fb0f206e2d50c5,2026090308,,,148,8,3668.44097965,458.555122456,36,0.414316479,7.0,1161
8,245,"[""13309"",""13310"",""13311"",""13315"",""13316uwt"",""13401"",""13409"",""13414""]",fdbdd07c3de1236bd8a359d63d7fd8a0457deec4a3e3ccfbdea158fe325e0071,2026090308,,,153,8,3574.00597628,446.750747035,31,0.324896432,6.0,1259
8,246,"[""13305"",""13310"",""13313"",""13316uwt"",""13318"",""13401"",""13404"",""13406""]",494ea6abbc5a2a5b87789227bbd3204353044029a79e0958c5e8ffe3f5b05c3b,2026090308,,,188,8,4210.04096288,526.25512036,37,0.364196655,4.0,1256
8,247,"[""13306"",""13308"",""13311"",""13312"",""13316uwt"",""13320"",""13406"",""13409""]",7366ffc50b4741826946b506711b1e6a8a77195a984d05cd651e03bcfefdc57c,2026090308,,,189,8,3914.5749684,489.32187105,46,0.446424162,4.0,1216
8,248,"[""13312"",""13317"",""13324t"",""13402"",""13404"",""13409"",""13410"",""13414""]",cc730a298f33d1600e75d8ea1d4576d4f1f2eef916a8e9c2dab6e81f421cdd18,2026090308,,,179,8,4900.98196701,612.622745876,46,0.509544985,7.0,1283
8,249,"[""13301"",""13311"",""13314"",""13316uwt"",""13323"",""13325"",""13409"",""13410""]",50a7dcb9661c10d2e3db24c7c03dcf3f18e2e7f57cd64f84372bee26ee1318a1,2026090308,,,169,8,3672.74797648,459.09349706,42,0.518790167,6.0,1268
8,250,"[""13303"",""13304"",""13308"",""13315"",""13322"",""13402"",""13409"",""13412""]",04f8ef1b89db45ba7a2a1a5a48bcbf432ef979740adeb1d93ff26dee85dc2049,2026090308,,,228,8,4682.33397418,585.291746773,54,0.427580969,3.0,1272
8,251,"[""13301"",""13307"",""13320"",""13326"",""13407"",""13408"",""13409"",""13410""]",3a86125fb8e4571578233f2be0deea2fde1a0590315794e8f78035c6dae42899,2026090308,,,148,8,3991.38497541,498.923121926,36,0.384126227,7.0,1268
8,252,"[""13302"",""13315"",""13318"",""13321"",""13405"",""13407"",""13413"",""13414""]",337e0d80cb62b47a4f804990ab6f79fd9da8df80266172bd2521cfd202c927a6,2026090308,,,193,8,4542.38596868,567.798246085,50,0.50869642,5.0,1257
8,253,"[""13302"",""13307"",""13310"",""13313"",""13325"",""13326"",""13405"",""13406""]",c191ec64cf5f7df7283290f7d619470a4c6d4879223673d2c2a01e5887d32146,2026090308,,,216,8,4242.20095713,530.275119641,50,0.491351821,3.0,1257
8,254,"[""13304"",""13306"",""13309"",""13314"",""13318"",""13319"",""13323"",""13405""]",b4fe7117fbb3341c8600257bfb59b9cdd73edb58be5f4662b20897b5cc86604e,2026090308,,,186,8,3384.59197567,423.073996959,37,0.412404493,3.0,1245
8,255,"[""13305"",""13306"",""13313"",""13316m"",""13325"",""13326"",""13409"",""13414""]",a12d156faf0e65ff59c5fbc54120a9b2d48380d4546a7c7bf836e5f64f682489,2026090308,,,212,8,4175.18296417,521.897870521,42,0.357496138,3.0,1233
8,256,"[""13305"",""13315"",""13316uwt"",""13403"",""13408"",""13409"",""13411"",""13412""]",0debacc96e8f4b1418284cf60b8d6a0a8f41dd8d83ac37d51a2456842e905420,2026090308,,,153,8,4214.12097706,526.765122132,31,0.371055371,7.0,1239
8,257,"[""13305"",""13317"",""13320"",""13321"",""13322"",""13326"",""13409"",""13412""]",cefae7f5265b5681b810c3ca089c0df06cff7b9c8b11dccfff2f16562e55e9d1,2026090308,,,184,8,3780.29697719,472.537122149,37,0.310496888,4.0,1217
8,258,"[""13302"",""13305"",""13309"",""13315"",""13320"",""13322"",""13404"",""13410""]",d8da3bcb91c42802d032ad097384a9c1b7ed016efe1c76241effba74307270d1,2026090308,,,207,8,4030.55097036,503.818871295,50,0.417783632,3.0,1265
8,259,"[""13302"",""13303"",""13312"",""13313"",""13314"",""13319"",""13323"",""13410""]",f03597d84825f15715a0662a349093e5f15d4272de7f7ee2282add79fc68aa74,2026090308,,,253,8,4405.95095879,550.743869849,54,0.521244825,2.0,1268
8,260,"[""13302"",""13308"",""13312"",""13320"",""13401"",""13407"",""13410"",""13414""]",a03715b886d5cea9d890dcd8f53cd76312fe4c3adf695324f2adf7e2496af466,2026090308,,,199,8,4642.30296182,580.287870227,50,0.583412541,6.0,1286
8,261,"[""13303"",""13309"",""13312"",""13322"",""13324t"",""13405"",""13406"",""13410""]",2a1b5af355f64be4d1c3d9e57dd87a144c599ebcf738748165cb6508a479a38e,2026090308,,,208,8,4310.46496839,538.808121049,54,0.560338549,3.5,1268
8,262,"[""13304"",""13319"",""13324muw"",""13325"",""13326"",""13401"",""13405"",""13407""]",d152c7853322a6bd03007a54a880050e985f39c3dc36206d1b46513574384df2,2026090308,,,186,8,4101.03597066,512.629496333,42,0.448401279,4.0,1277
8,263,"[""13302"",""13306"",""13317"",""13324muw"",""13326"",""13403"",""13407"",""13408""]",901811ae282fcc2f2ba8bd8294cc0af91c8f09b256f1be5ee45722a3f8315b9c,2026090308,,,197,8,4254.29096835,531.786371044,50,0.508400406,4.0,1258
8,264,"[""13304"",""13305"",""13308"",""13311"",""13313"",""13323"",""13324muw"",""13407""]",74bf5cbb7bfff0c4ba322c4d8d7aaa808136b08bb25a30f0470d664591adc88d,2026090308,,,191,8,3619.79896588,452.474870735,37,0.438510978,3.0,1243
8,265,"[""13303"",""13305"",""13312"",""13320"",""13323"",""13401"",""13404"",""13408""]",cc98ef837ce61a084d84b559aa47fd7e3eba9219a76a367c2743b9c8a8ec87e4,2026090308,,,194,8,3992.8749716,499.10937145,54,0.668356169,4.0,1259
8,266,"[""13301"",""13306"",""13308"",""13311"",""13316uwt"",""13320"",""13323"",""13403""]",26d6816637c711cb6f0cd0efbfa8bdfd31344cbd2fba03529e43f4b697b5b70a,2026090308,,,170,8,3235.039977,404.379997125,36,0.439408221,4.0,1161
8,267,"[""13305"",""13317"",""13320"",""13321"",""13401"",""13404"",""13412"",""13414""]",812573b43c353a45280acd9e5c3956dae12c58c98008729286a23693d5bbfaf2,2026090308,,,161,8,4050.19797476,506.274746845,37,0.419748961,7.0,1252
8,268,"[""13303"",""13310"",""13315"",""13316m"",""13319"",""13325"",""13326"",""13412""]",7b1a763477beaa803a0015f55691d09f62650ae6443663547446d6918e7e2d1b,2026090308,,,237,8,4037.72997306,504.716246632,54,0.399375503,2.0,1259
8,269,"[""13302"",""13311"",""13312"",""13319"",""13320"",""13325"",""13401"",""13404""]",fd66a1a5591a890c4bd837e15577f8edf10fb46cd8837e5616d5c0b199354a88,2026090308,,,224,8,4371.96495887,546.495619859,50,0.523978598,3.0,1278
8,270,"[""13302"",""13309"",""13313"",""13314"",""13324muw"",""13325"",""13403"",""13406""]",e2c8656d1eb30b04cbf7b9fa8acdbddfe991aa812fbc6a88aa4a54301bca615d,2026090308,,,212,8,4254.80495864,531.85061983,50,0.505575887,3.0,1258
8,271,"[""13306"",""13308"",""13312"",""13313"",""13316uwt"",""13317"",""13318"",""13324t""]",a35d92a48267ad0a3557200d64054e7c66aee9a59101ad4ec6ba0b1fae673021,2026090308,,,253,8,4167.88895957,520.986119946,46,0.266410199,3.0,1211
8,272,"[""13302"",""13316m"",""13322"",""13323"",""13406"",""13407"",""13409"",""13413""]",e8556363553f84f20b4180d7979b11210682ad5638cab745967c01e72a47d779,2026090308,,,170,8,4345.75997012,543.219996265,50,0.565563075,7.0,1257
8,273,"[""13303"",""13307"",""13311"",""13315"",""13403"",""13405"",""13409"",""13412""]",5cc09d7c7b80cc7446ca578c00e07d538a534d2f35d448e3b86f175a5bf69113,2026090308,,,173,8,4155.46997378,519.433746723,54,0.619522676,6.0,1241
8,274,"[""13305"",""13311"",""13315"",""13316uwt"",""13325"",""13405"",""13409"",""13410""]",aef1f1ad47e730bc99929f677b0ad7f0abbb9054a18b99f22893dcc1466c2863,2026090308,,,183,8,4050.28997266,506.286246582,42,0.425773891,4.0,1246
8,275,"[""13304"",""13311"",""13316m"",""13323"",""13324muw"",""13401"",""13407"",""13412""]",53e64b28387444c97fa769c4a6aeccf4e332f0c6987626706a3ab2f3bbf5e324,2026090308,,,143,8,3502.71997494,437.839996867,37,0.463388958,7.0,1275
8,276,"[""13307"",""13316m"",""13318"",""13324t"",""13325"",""13403"",""13408"",""13412""]",a3badd15290ab1f59468a16fd6ac45069c587c9e9031637599adf2c75c1fb4d0,2026090308,,,171,8,3823.41896937,477.927371171,42,0.473033992,5.0,1255
8,277,"[""13307"",""13308"",""13316m"",""13317"",""13319"",""13324t"",""13401"",""13404""]",28163b4bfdb255b2cd381354233b472083a83b1b77da3c4827f98687764b0139,2026090308,,,180,8,3727.24897418,465.906121773,37,0.358322567,3.5,1277
8,278,"[""13312"",""13320"",""13321"",""13324muw"",""13402"",""13403"",""13405"",""13412""]",7a4f21197dadcc023c6f76a48d6d780d457d6c70463a4ac26360585fe2f6cb33,2026090308,,,160,8,4187.49896922,523.437371152,46,0.507444578,7.0,1256
8,279,"[""13305"",""13313"",""13315"",""13318"",""13325"",""13402"",""13406"",""13411""]",0c8752867d72dc739c2fc7bd190ad0d09b38920a733698391c5a0222f0658a3d,2026090308,,,218,8,4619.87596192,577.48449524,42,0.372323374,3.0,1272
8,280,"[""13303"",""13308"",""13316uwt"",""13320"",""13324t"",""13406"",""13407"",""13413""]",f10c1b79cb6ee008eb2b90d49408f685241074ca10e0ce1f05c7a9082e5fd243,2026090308,,,186,8,4133.69697169,516.712121461,54,0.544791077,5.0,1238
8,281,"[""13303"",""13318"",""13321"",""13324muw"",""13402"",""13405"",""13410"",""13414""]",0e3924c75ee983f0e6c134bf3b3ed53efa2e6deea8fcca878407a0a28d27e1e2,2026090308,,,183,8,4381.93697062,547.742121327,54,0.58219165,6.0,1283
8,282,"[""13306"",""13312"",""13321"",""13324muw"",""13402"",""13408"",""13409"",""13412""]",e7e4ccfb5a8ec9b4b05a6e8e3a764b4db501eece7c99ac10cd073de2a7bd74cc,2026090308,,,175,8,4436.2959691,554.536996137,46,0.480781676,7.0,1256
8,283,"[""13303"",""13316m"",""13317"",""13320"",""13321"",""13323"",""13405"",""13407""]",1cd03618dc4cc629897bbcd07347b235ebad7081c300c630285040060a0e8d8e,2026090308,,,190,8,3771.83897688,471.47987211,54,0.588627212,3.0,1238
8,284,"[""13304"",""13312"",""13314"",""13317"",""13325"",""13402"",""13403"",""13405""]",96da4667593e06ed302c4f5b961d677001679d2ee373c94696f842c2ff602627,2026090308,,,222,8,4642.19096826,580.273871032,46,0.471146193,3.0,1272
8,285,"[""13304"",""13307"",""13314"",""13402"",""13404"",""13406"",""13407"",""13410""]",4715b0fc53604e8469aa9f4cb9996ef5e3e07856d6072c0a10e45be7ce94f74a,2026090308,,,148,8,4444.5109734,555.563871675,37,0.382219882,7.0,1283
8,286,"[""13303"",""13308"",""13310"",""13315"",""13323"",""13325"",""13402"",""13406""]",e756c3c21284bd7cbb3b28fd23069de98e5166777a55472e4e020db37c680c22,2026090308,,,221,8,4216.88797262,527.110996578,54,0.51542017,3.0,1272
8,287,"[""13304"",""13316uwt"",""13320"",""13321"",""13324t"",""13326"",""13409"",""13413""]",19977ec0f919593df613781d7baeb1a566d8c349a90324cdc0b2acc44ae40f67,2026090308,,,167,8,3593.01097724,449.126372155,37,0.313614716,6.0,1243
8,288,"[""13301"",""13309"",""13312"",""13316uwt"",""13321"",""13324t"",""13409"",""13411""]",60de01ef04731fa5bdd99fe6fa64d59342bf90f41af02f1d18a8c3fbaaff7864,2026090308,,,196,8,4094.28897281,511.786121601,46,0.415244693,5.0,1241
8,289,"[""13301"",""13311"",""13317"",""13321"",""13402"",""13407"",""13411"",""13413""]",7afa9b8c9446f813d3f2de2bf242574aa019abe19a48e80c9b14bd8b208a6069,2026090308,,,172,8,4505.59697388,563.199621735,37,0.417958157,7.0,1253
8,290,"[""13301"",""13302"",""13307"",""13312"",""13313"",""13319"",""13324t"",""13405""]",fc779f5b6a9e0c76cb89c3fc7474391daeb95550b67b098a09c51e2bdb47e998,2026090308,,,242,8,4323.87395624,540.48424453,50,0.438484079,3.0,1260
8,291,"[""13302"",""13309"",""13312"",""13313"",""13315"",""13316m"",""13322"",""13407""]",ab3d42dc058d760bdc26af7bdbb1cd65e4f6dd4c2f1e187e5c58ab7ea74b4f91,2026090308,,,252,8,4442.3629595,555.295369937,50,0.352438148,3.0,1257
8,292,"[""13308"",""13309"",""13312"",""13314"",""13315"",""13316m"",""13323"",""13412""]",db893c5a70c4ea393fe0c2bb605232984f6da3155a868e35366d2653c1299b99,2026090308,,,192,8,3496.86197824,437.10774728,46,0.463043974,3.0,1200
8,293,"[""13301"",""13312"",""13316m"",""13324muw"",""13326"",""13403"",""13407"",""13409""]",db9c57d9d628441e5bdbd6b9809316a31ea8731895be735e3ff96b04bbf14ed0,2026090308,,,191,8,4368.36997147,546.046246434,46,0.440506772,6.0,1241
8,294,"[""13303"",""13310"",""13311"",""13318"",""13320"",""13321"",""13408"",""13409""]",f6bc93f50868883c3a7f9f0a3c8579c87f304cd911131a7c36f0c4cc09a75fb4,2026090308,,,191,8,3789.28997022,473.661246278,54,0.547489792,3.0,1241
8,295,"[""13303"",""13308"",""13311"",""13319"",""13320"",""13326"",""13412"",""13414""]",e7831ea85f9b591af26d4cd9abf8f1b60287f05ecddd49c6eeefb8dcd7493b1d,2026090308,,,190,8,3733.22497278,466.653121597,54,0.548076465,3.0,1259
8,296,"[""13306"",""13311"",""13321"",""13322"",""13324muw"",""13404"",""13405"",""13408""]",2ab080f5dd249ff55f02d5b54514104c103c819dae2f7025df93b38abe4958e3,2026090308,,,150,8,3574.60597484,446.825746855,30,0.332799573,6.0,1229
8,297,"[""13305"",""13309"",""13315"",""13318"",""13320"",""13325"",""13406"",""13410""]",7e9e1ad46f5cec9b9217156e843e32cf0677deaeb02176c63d4dbc7a92f4cc93,2026090308,,,203,8,3940.59797036,492.574746295,42,0.37487005,3.0,1244
8,298,"[""13310"",""13320"",""13323"",""13326"",""13405"",""13406"",""13410"",""13414""]",0852be18bb6b6bb005f55a399c1a882cb8ddf6f42cbd1f1aab43fe9cbbf0ba62,2026090308,structural,trip_light,123,8,3452.85597609,431.606997011,24,0.308407752,7.0,1246
8,299,"[""13303"",""13305"",""13317"",""13318"",""13409"",""13410"",""13412"",""13414""]",e04f862d3d336135d5fe0ffa031bef09b342d543e2484324da87fa5fc6563bd1,2026090308,,,213,8,4765.91396892,595.739246115,54,0.511866289,5.0,1268
8,300,"[""13301"",""13308"",""13309"",""13311"",""13324t"",""13404"",""13406"",""13412""]",5a8562c0dd137edaab6a15ef22ee5b27e996fa6d9dd5e46330b445a54b40dcd1,2026090308,,,167,8,4032.65397209,504.081746511,36,0.372943823,7.0,1208
8,301,"[""13304"",""13311"",""13313"",""13318"",""13320"",""13321"",""13410"",""13412""]",1a9269622813a2354ffbc2b2d85c1f15f690f228c43e692e7ba02bf47647ccdc,2026090308,,,189,8,3942.57696274,492.822120342,37,0.40925849,3.0,1254
8,302,"[""13306"",""13325"",""13401"",""13402"",""13403"",""13407"",""13408"",""13412""]",551ccdfcb2640b1ce3e517be69408ce622f5a8d0ff5d2f38705840b6cc56a160,2026090308,,,158,8,4759.30896798,594.913620997,42,0.508696995,7.0,1275
8,303,"[""13301"",""13305"",""13309"",""13318"",""13403"",""13408"",""13409"",""13413""]",1bfa7b844ffe24555bcfcf521b2312578373ff16aced41593cf468833bb7e825,2026090308,,,178,8,4361.33097246,545.166371558,36,0.401832691,7.0,1241
8,304,"[""13307"",""13308"",""13316uwt"",""13318"",""13321"",""13323"",""13404"",""13408""]",af11c465018bc73037507fd0f97c0b146fee27af82e9f982a66e662f7ad28c4b,2026090308,,,158,8,3418.53497764,427.316872205,33,0.421159614,6.0,1233
8,305,"[""13302"",""13303"",""13304"",""13306"",""13307"",""13316uwt"",""13317"",""13322""]",36f6104c534c60edec706ee7583e6bccf23971b75e012adf0a7bba1b0ac595b1,2026090308,structural,trip_heavy,270,8,4101.46696926,512.683371158,54,0.37530052,1.0,1260
8,306,"[""13301"",""13302"",""13309"",""13317"",""13403"",""13404"",""13412"",""13413""]",91bbc83f81275428a69085631b4451c1a16cb4347ce5c5a127f04bbc8e4caebd,2026090308,,,206,8,4909.45996744,613.68249593,50,0.491131645,7.0,1260
8,307,"[""13312"",""13313"",""13316m"",""13318"",""13325"",""13402"",""13408"",""13412""]",2ad67e7c92099dcd82d0638c271f44d315119adbb7a442bbf1a4f6ce3ddcdbee,2026090308,,,224,8,4760.38795644,595.048494555,46,0.442842742,3.0,1272
8,308,"[""13306"",""13310"",""13322"",""13325"",""13326"",""13402"",""13406"",""13411""]",acf93f9ed291537e52bd27ede203d24ccf1fb5a235eee6be014d3ad5317d1a40,2026090308,,,188,8,4180.54597037,522.568246296,42,0.374613125,4.0,1272
8,309,"[""13304"",""13306"",""13315"",""13317"",""13323"",""13407"",""13409"",""13413""]",c76ed551a29c53929fc9ac548611774d6683a781439d2dc5455241303953ebc1,2026090308,,,192,8,4245.57297668,530.696622085,37,0.431506566,4.0,1243
8,310,"[""13307"",""13308"",""13311"",""13316m"",""13317"",""13323"",""13325"",""13406""]",1b6d95fd565dc87670be966924f8ada73269c4a5100bc01cdd1a7f32a9e1caaf,2026090308,,,184,8,3407.836974,425.97962175,42,0.503297257,3.0,1232
8,311,"[""13301"",""13302"",""13305"",""13313"",""13314"",""13324t"",""13409"",""13414""]",4971883ba850e4591caa25892482dcc72e77f0457816ff3196e6d62f39c3ecfb,2026090308,,,216,8,4283.61596261,535.451995326,50,0.462221629,3.5,1260
8,312,"[""13307"",""13310"",""13315"",""13317"",""13326"",""13403"",""13406"",""13407""]",12faa650d892516f37750bae4af39b6538824c2cb2d08948e691aa7570ab602a,2026090308,,,173,8,3908.75797659,488.594747074,37,0.369897035,4.0,1236
8,313,"[""13308"",""13316uwt"",""13320"",""13321"",""13324muw"",""13406"",""13407"",""13408""]",aa4656ad2a91b394427aa681176f8c7c709f711b864be0379ef8629f2fc63f38,2026090308,,,149,8,3640.01497562,455.001871953,31,0.30718906,7.0,1213
8,314,"[""13302"",""13305"",""13309"",""13310"",""13324muw"",""13326"",""13401"",""13413""]",28fbdf17c3699fc67fb3d2e3b46bbd63829747b385b861236b92dd2891efd399,2026090308,,,191,8,3803.87496845,475.484371056,50,0.468023002,3.0,1278
8,315,"[""13304"",""13306"",""13310"",""13318"",""13319"",""13320"",""13322"",""13323""]",bbc9fb80b20ebd6ff84eba024b94fbdc5b891b9f4c8cad06130b2569a2b0a42a,2026090308,,,201,8,3235.23697267,404.404621584,37,0.347226616,3.0,1245
8,316,"[""13302"",""13312"",""13318"",""13320"",""13408"",""13409"",""13412"",""13413""]",d16ac926acd09bca5dd5a96afa42652a2872a85c0bf7cf6bc4b958234bdcdbbf,2026090308,,,203,8,4736.58496038,592.073120047,50,0.569365223,6.0,1257
8,317,"[""13305"",""13309"",""13311"",""13317"",""13319"",""13322"",""13324muw"",""13404""]",1cd313011d1c48a1dfe051860647474c2b247f77f6013dce8a57da3894c7c6dd,2026090308,,,190,8,3552.28297347,444.035371684,37,0.304899965,3.0,1254
8,318,"[""13301"",""13303"",""13309"",""13313"",""13317"",""13319"",""13324t"",""13413""]",660dd9461475c4f371b6671dbffbe0606dda7364dbcb2e564407ca51421c4df6,2026090308,,,246,8,4362.49996522,545.312495653,54,0.389480962,3.0,1259
8,319,"[""13308"",""13309"",""13310"",""13311"",""13322"",""13324muw"",""13407"",""13409""]",bf571b79ad0a53485b763d40eb4bf6a36c1d581600a306f6464f40ed3fcc8150,2026090308,,,168,8,3722.56397072,465.32049634,31,0.256436419,5.0,1200
8,320,"[""13312"",""13313"",""13314"",""13318"",""13323"",""13324t"",""13405"",""13410""]",81118d9742220022855ad5e8a671f72dc64520a036e49f35d31a75bd7dc88119,2026090308,,,186,8,3843.10896337,480.388620421,46,0.545639331,4.0,1246
8,321,"[""13303"",""13307"",""13310"",""13311"",""13315"",""13317"",""13325"",""13402""]",a7d4e032e04322646e454250c14c109107ee96fcde06a40d5f0507e44bd35f6c,2026090308,,,234,8,4040.64997076,505.081246345,54,0.460508506,2.0,1272
8,322,"[""13306"",""13307"",""13314"",""13322"",""13402"",""13404"",""13406"",""13410""]",8e2351df60beca377a2ef1bfa4c7c376a4d37736a0604ac3e5af6c406084e8a2,2026090308,,,150,8,4045.92897506,505.741121882,30,0.29424102,7.0,1283
8,323,"[""13303"",""13304"",""13313"",""13324t"",""13401"",""13408"",""13411"",""13414""]",915e70e9e4b5d796df07a97caf9a7ae8504fcb5d309ccedac92394d28a7bd462,2026090308,,,195,8,4312.83296521,539.104120651,54,0.620470437,4.0,1275
8,324,"[""13307"",""13311"",""13316uwt"",""13317"",""13320"",""13326"",""13403"",""13410""]",5b6a5ca69f0d27adddf468cafdd3c7eaed43238d6db3cc92af2bbd17e9702fc8,2026090308,,,153,8,3293.73697633,411.717122041,37,0.380154003,6.0,1266
8,325,"[""13302"",""13315"",""13317"",""13320"",""13321"",""13324t"",""13402"",""13412""]",424ec03097625269b6f1d96b14576efaf22a118256d177384c689bad162ced00,2026090308,,,206,8,4116.94697067,514.618371334,50,0.456104064,3.0,1275
8,326,"[""13301"",""13307"",""13310"",""13316m"",""13319"",""13320"",""13322"",""13324t""]",00ac5555b5f010d0627b6e27ebb12f361675e21ba1ae8ec1c3cbb1580883b3a0,2026090308,,,185,7,3060.11597548,382.514496935,36,0.278941964,3.0,1259
8,327,"[""13301"",""13304"",""13312"",""13313"",""13314"",""13323"",""13404"",""13410""]",54baa7f56adcf57518460faf6fcf4e0cf3fa39c54c123efb3ed28854755cf8b4,2026090308,,,212,8,4304.72596656,538.09074582,46,0.493099409,4.0,1268
8,328,"[""13304"",""13308"",""13310"",""13315"",""13320"",""13322"",""13324muw"",""13406""]",e7f0a6a452ab555107b49818230eb5e8d9b4a3dd92d38b704ae57b4aee4de08f,2026090308,,,196,8,3463.8579756,432.98224695,37,0.316819892,3.0,1243
8,329,"[""13304"",""13307"",""13320"",""13325"",""13402"",""13405"",""13411"",""13413""]",7de21291281f88db461dcdc836c42f629071cad387b34b98ed1ec7d9077e699d,2026090308,,,169,8,4214.39796954,526.799746192,42,0.508428316,7.0,1272
8,330,"[""13308"",""13310"",""13311"",""13316m"",""13317"",""13324muw"",""13326"",""13409""]",37fb3230272aa4427a2c6ab4b16d38c8e7d19efeac634a42684caab7c9730acf,2026090308,,,184,8,3526.80997393,440.851246741,37,0.314278963,3.0,1200
8,331,"[""13302"",""13303"",""13309"",""13317"",""13321"",""13401"",""13412"",""13413""]",2a71f54ba2239dec6153bb5afb374dc5ef7488541efffe5a2d1cf3431f5dfc22,2026090308,,,227,8,4646.20696818,580.775871023,54,0.543959221,3.0,1278
8,332,"[""13301"",""13305"",""13315"",""13316m"",""13324muw"",""13402"",""13410"",""13414""]",c8727db9df6d75cfb28d25eae7f34b73fdbb31c88a6c67e4276fbce38942ee6b,2026090308,,,181,8,3995.81597758,499.476997197,36,0.362415779,5.0,1283
8,333,"[""13301"",""13303"",""13304"",""13307"",""13312"",""13314"",""13321"",""13322""]",711be5663612a31a524d13a160eda04d941b08d364962a212fe86dc6d5a9925e,2026090308,structural,tight_gap,252,8,3918.67197582,489.833996977,54,0.419960526,2.0,1257
8,334,"[""13302"",""13305"",""13321"",""13401"",""13402"",""13410"",""13412"",""13413""]",c03d768991498320ec65718cdeb80464f8349ba86cbd9288d209e0883f70b646,2026090308,,,176,8,4734.9379673,591.867245912,50,0.537825435,7.0,1286
8,335,"[""13304"",""13314"",""13315"",""13316m"",""13322"",""13405"",""13408"",""13411""]",139286c2d07bce65c38dc2186fc8bf09911c85f4175dc750dfe512fb45fef243,2026090308,,,171,8,3611.9249818,451.490622725,37,0.41247766,4.0,1243
8,336,"[""13310"",""13311"",""13316m"",""13320"",""13323"",""13325"",""13404"",""13407""]",570c42e5ebb5419cf3a756f2f54a17da2b03c174a811dc8d1ad82cc9d29b23a4,2026090308,,,161,8,3563.90297032,445.48787129,42,0.472335644,5.0,1252
8,337,"[""13309"",""13311"",""13314"",""13318"",""13325"",""13401"",""13409"",""13414""]",106d99d5fab9b3a237d58b1d48f07ab28db7bf2b8146444c7992c59145e290d4,2026090308,,,168,8,3860.92697042,482.615871302,42,0.487368797,6.0,1275
8,338,"[""13301"",""13306"",""13322"",""13324muw"",""13326"",""13405"",""13406"",""13411""]",6a2c93c40b0bf5ce724bbfc5531834c7afd26f1f1e8ac0b6ffce410b348adfce,2026090308,,,171,8,3847.59597633,480.949497041,36,0.372758281,5.0,1161
8,339,"[""13301"",""13303"",""13304"",""13319"",""13320"",""13324muw"",""13326"",""13401""]",0057d1dc9de7674e710869ab1b480a141d9389fe2a95a1a559c8e604365eec39,2026090308,,,220,8,3763.93997532,470.492496915,54,0.479324594,3.0,1277
8,340,"[""13304"",""13306"",""13314"",""13316m"",""13321"",""13323"",""13411"",""13412""]",fe4d28011c889f613376dee6d1879041b49e4d780f761a48760f3a7ccab67f13,2026090308,,,165,8,3451.34398012,431.417997515,37,0.426788894,4.0,1243
8,341,"[""13302"",""13306"",""13311"",""13313"",""13318"",""13324t"",""13325"",""13401""]",d1dd49196f0953a9ce1dc5f098182d39075ac02ceffdf92ccf66c48905d44af1,2026090308,,,236,8,4192.45095259,524.056369074,50,0.436090859,2.0,1278
8,342,"[""13302"",""13304"",""13316uwt"",""13320"",""13323"",""13324t"",""13406"",""13411""]",64633295757fe3986f93d57d4c5c60457bd549379975274e3b9bb733150b4484,2026090308,,,178,8,3597.56497077,449.695621346,50,0.591463919,3.0,1257
8,343,"[""13310"",""13312"",""13314"",""13316uwt"",""13319"",""13321"",""13324muw"",""13403""]",f327c72c8ffa5bb1181078165fdbee598d35590312404d35cb937eaa693c5a15,2026090308,,,187,8,3531.87097355,441.483871694,46,0.404689545,3.0,1257
8,344,"[""13302"",""13309"",""13316uwt"",""13318"",""13401"",""13402"",""13408"",""13414""]",f2562891dbe0eb104233b70047703f3b3a7cef2484ce496886fd1fb9e0cb2ea4,2026090308,,,178,8,4247.54296768,530.94287096,50,0.56213473,6.0,1278
8,345,"[""13301"",""13303"",""13311"",""13313"",""13322"",""13323"",""13404"",""13405""]",371ac751e9578491438fb39cff8fe4ef910f2a14ddd4cf9797f0ae75307f8c14,2026090308,,,205,8,4063.11696792,507.88962099,54,0.572521688,3.0,1198
8,346,"[""13304"",""13306"",""13310"",""13312"",""13322"",""13401"",""13406"",""13413""]",6804c0d0f856a69f17711dc278c503da0dad5d617bf730e7a57fce64f1e4b6ce,2026090308,,,204,8,4261.42296852,532.677871065,46,0.438444701,4.0,1275
8,347,"[""13304"",""13308"",""13323"",""13402"",""13405"",""13410"",""13412"",""13414""]",bb22e6470be798f2c1cd3ae13d41b8a4c0c86bd575b0a29dc1a7661ae387dd9b,2026090308,,,148,8,4261.97297392,532.74662174,37,0.508510479,7.0,1283
8,348,"[""13304"",""13317"",""13319"",""13402"",""13407"",""13409"",""13410"",""13411""]",901b77117f5c7e70ec081e021b29ea5c6bd0fa1cfdd9394591327979dd1bb5d1,2026090308,,,181,8,4956.40596999,619.550746249,37,0.401418382,7.0,1283
8,349,"[""13304"",""13305"",""13307"",""13308"",""13313"",""13314"",""13315"",""13406""]",5485c5ed7a1ea0e3c255d8f35d0ad7976b1b1f3b558b210026a1369bd79ccf48,2026090308,,,211,8,3714.74397126,464.342996407,37,0.347461571,3.0,1243
8,350,"[""13301"",""13304"",""13311"",""13317"",""13405"",""13409"",""13412"",""13414""]",e2c37a016554838457ec659d49802c82b5066583a4fed91deb98ddada6d4ccb2,2026090308,,,181,8,4390.6069731,548.825871637,37,0.484647233,7.0,1257
8,351,"[""13303"",""13312"",""13316uwt"",""13319"",""13325"",""13401"",""13408"",""13414""]",46a2c79cf81b91fbd7af9baaf28e5f5a289b1f5654935e167cae7a683bf38ebc,2026090308,,,225,8,4407.12096787,550.890120984,54,0.568732617,3.0,1277
8,352,"[""13301"",""13307"",""13317"",""13318"",""13321"",""13323"",""13324t"",""13326""]",d2f78f42b950e68bd63a8c2d4bb3bce5fc3b92bf05948544b694afb6db423d29,2026090308,,,190,8,3195.69997942,399.462497428,37,0.415622885,3.0,1238
8,353,"[""13305"",""13308"",""13311"",""13315"",""13323"",""13405"",""13406"",""13409""]",a8a78cc28b2dfd6da4791e16c2d263ec63f353c6c210d00fe080346bcee450bc,2026090308,,,158,8,3667.3009773,458.412622162,31,0.44412164,6.0,1219
8,354,"[""13304"",""13307"",""13312"",""13318"",""13401"",""13404"",""13407"",""13414""]",a0374dba081c39294618bd04c54ac5dce6d94cf7a41482987ba6fda00c28b374,2026090308,,,189,8,4494.10796656,561.76349582,46,0.518383526,6.0,1275
8,355,"[""13307"",""13309"",""13311"",""13316m"",""13322"",""13326"",""13405"",""13412""]",065479a3ca1210d968dc7fe4b1158acb6209b2f6c323a79e7896b31bc49ae649,2026090308,,,149,8,3194.98597701,399.373247126,26,0.247413538,5.0,1186
8,356,"[""13305"",""13314"",""13318"",""13401"",""13405"",""13409"",""13412"",""13414""]",17d59b458dc79a4e0e5d3e9f2e039ef90eb0ddda32c624c7a36e6b23f442966f,2026090308,,,148,8,4156.76897316,519.596121645,33,0.417827698,7.0,1259
8,357,"[""13306"",""13308"",""13313"",""13319"",""13401"",""13411"",""13412"",""13414""]",b387f6bf03b1c4f67e9b18c4af14221d9146432fe03e9007862de9011cff9fbc,2026090308,,,178,8,4349.78996379,543.723745474,37,0.422657143,6.0,1277
8,358,"[""13305"",""13306"",""13310"",""13311"",""13315"",""13323"",""13403"",""13406""]",f8c6a1354d09841a90a3db4de87f977fd8f27cb45a899560b71eeec8b9d28db2,2026090308,,,165,8,3344.63797634,418.079747043,31,0.414919201,4.0,1136
8,359,"[""13307"",""13311"",""13315"",""13322"",""13326"",""13405"",""13407"",""13414""]",0c715f5001dd5fb812efe5616f505f1253c27c356aff3ac4e70754c627bc051c,2026090308,,,149,8,3452.26997851,431.533747314,31,0.342676441,5.0,1216
8,360,"[""13302"",""13305"",""13306"",""13309"",""13318"",""13323"",""13326"",""13406""]",c7235f0b388c3af904b9eca2ecc71dc8c4a225bc0691f5fe54712f462cbf1723,2026090308,,,208,8,3702.66296927,462.832871159,50,0.46433448,3.0,1257
8,361,"[""13313"",""13317"",""13318"",""13325"",""13326"",""13402"",""13404"",""13407""]",da85c316e576240176c81f2c23c064a1d063601a573c1246fc43681ad6873926,2026090308,,,221,8,4938.58995967,617.323744959,42,0.360602541,4.0,1272
8,362,"[""13305"",""13306"",""13310"",""13315"",""13316uwt"",""13324muw"",""13408"",""13413""]",c087cbf2af28f45afba1c189cc02692d258cb782f7941c9bb2a2ebf7b51f4acf,2026090308,,,179,8,3508.51097656,438.56387207,31,0.319121089,3.0,1078
8,363,"[""13302"",""13305"",""13312"",""13313"",""13320"",""13322"",""13326"",""13414""]",3ac60944e66562bbd211cd56c522879720916545d98bdb5f5a4ca9b97e19d268,2026090308,,,238,8,4100.68695865,512.585869831,50,0.432017779,2.0,1257
8,364,"[""13304"",""13305"",""13310"",""13314"",""13316m"",""13321"",""13324t"",""13408""]",4587212470c123b34bd5868c95ff904cf7e13383ee406fb0cac8f4643fd22088,2026090308,,,181,8,3225.65597827,403.206997284,37,0.336563412,3.0,1243
8,365,"[""13305"",""13308"",""13309"",""13312"",""13319"",""13323"",""13324t"",""13407""]",45f49f70b0d0194a503c92c2649900b10c341365fef320e7c5f7a9c3ce4d9a2e,2026090308,,,199,8,3721.57797028,465.197246285,46,0.430374947,3.0,1235
8,366,"[""13304"",""13306"",""13308"",""13309"",""13310"",""13323"",""13412"",""13414""]",3783bd67295c8b24537c2883f764fe12cd0b6b581d1dfb6988656aea7ebfa17d,2026090308,,,179,8,3633.77097376,454.22137172,37,0.42336639,3.0,1243
8,367,"[""13301"",""13315"",""13319"",""13325"",""13405"",""13409"",""13411"",""13412""]",def900538c252a47102394fb5f2f7dd14b0ecb379314676d235bc6301fc60e2c,2026090308,,,195,8,4635.03797237,579.379746546,42,0.429270898,5.0,1259
8,368,"[""13311"",""13314"",""13316uwt"",""13322"",""13323"",""13403"",""13405"",""13408""]",0441e88b328eac1dbdeec0992b75b51bc0aef73acafd87d29ab9c5600a55e7b7,2026090308,,,123,8,3053.07498142,381.634372677,26,0.347126862,7.0,1007
8,369,"[""13302"",""13307"",""13309"",""13317"",""13324muw"",""13401"",""13403"",""13408""]",040397b75b9d8205e210b16794aa6ac56b93dc864d0728a95939d9a8ca6def09,2026090308,,,178,8,3863.13196946,482.891496182,50,0.587609297,4.0,1278
8,370,"[""13304"",""13305"",""13315"",""13317"",""13321"",""13322"",""13402"",""13409""]",4ac2020d832dff09bb436dd122c41eb3b74dc75faf27750b819dcc2b3d2fa3ca,2026090308,,,217,8,4222.15297824,527.76912228,37,0.276766383,3.0,1272
8,371,"[""13303"",""13305"",""13313"",""13315"",""13322"",""13324t"",""13403"",""13413""]",515909203c020f245499ee2d3307b1f51da6534cabf9861000cc603f0a2defd7,2026090308,,,225,8,4179.91596779,522.489495974,54,0.442462246,3.0,1198
8,372,"[""13304"",""13305"",""13315"",""13317"",""13322"",""13409"",""13410"",""13411""]",e069bebc0e817c94405a4b22a902b9e722bb55a89dcedb6188f805ef96a5b02f,2026090308,,,207,8,4319.22997634,539.903747043,37,0.342654795,3.0,1254
8,373,"[""13303"",""13313"",""13316uwt"",""13323"",""13324muw"",""13325"",""13404"",""13406""]",662dd34228e336892de8f13ab9e4d121b227a8d560e66a4af8abafb70304569c,2026090308,,,210,8,4186.93396438,523.366745547,54,0.573883615,3.0,1257
8,374,"[""13303"",""13306"",""13307"",""13314"",""13319"",""13406"",""13410"",""13413""]",dd48eaef2671a921a6faa8cf682827a02be3fd18a26862867fbf9956b00f4e39,2026090308,,,186,8,4042.17697381,505.272121726,54,0.558208488,4.0,1268
8,375,"[""13301"",""13302"",""13318"",""13324muw"",""13401"",""13402"",""13403"",""13411""]",c5f9f23242f11444b3d6e49c098696c5508c0e869062ef1440013f79928da67b,2026090308,,,193,8,4618.52196554,577.315245692,50,0.537038571,7.0,1278
8,376,"[""13304"",""13312"",""13317"",""13326"",""13403"",""13407"",""13408"",""13412""]",6623d9e00e82f36443999bd317ca3e3615f73ec58173388c41110be0747a4111,2026090308,,,198,8,4594.65097043,574.331371304,46,0.500076517,6.0,1255
8,377,"[""13312"",""13313"",""13316m"",""13320"",""13321"",""13405"",""13406"",""13409""]",c9fc87d7a67321b62aa67ca097db35a4d55921a4e7e5780e98e3bbb3298adcb6,2026090308,,,188,8,4274.09996298,534.262495372,46,0.473374372,6.0,1219
8,378,"[""13303"",""13306"",""13314"",""13316m"",""13324muw"",""13409"",""13412"",""13413""]",4300dc072744b1421b9174284705ed9f79ae0e087cdedf4a92b7ffa57e75d5a7,2026090308,,,187,8,4137.90997396,517.238746745,54,0.536441206,5.0,1241
8,379,"[""13311"",""13312"",""13322"",""13324t"",""13402"",""13403"",""13405"",""13410""]",8b5b432537bb03b2a95e8b023af6692ef4509c9fe706149c77dca004eafe54b6,2026090308,,,163,8,4176.59196789,522.073995986,46,0.511782951,7.0,1283
8,380,"[""13305"",""13306"",""13315"",""13318"",""13320"",""13404"",""13411"",""13414""]",018f47a4ef6a53ce7410cff4b866496bf68756ba0c0cc5f01fde8756d433ff9c,2026090308,,,183,8,3947.99297294,493.499121617,33,0.362101754,4.0,1233
8,381,"[""13315"",""13316uwt"",""13317"",""13326"",""13401"",""13407"",""13409"",""13411""]",3bcaf4e3937e45e9eecad63d46869e6b64a4eea43647be62a13802310de5612d,2026090308,,,170,8,4242.56497847,530.320622309,37,0.378487246,6.0,1259
8,382,"[""13302"",""13309"",""13311"",""13319"",""13404"",""13405"",""13408"",""13410""]",f49e163786d8c9c68ffed3adb6e0617f0c1527d34805e3ea49b4871f5092bd90,2026090308,,,169,8,4246.61396601,530.826745751,50,0.565793111,7.0,1265
8,383,"[""13309"",""13317"",""13318"",""13319"",""13324t"",""13325"",""13405"",""13407""]",730b36e22a58bdfcc40f756222fe398fe8ec30488db074e6fc364119afaf15a8,2026090308,,,209,8,4209.85696656,526.23212082,42,0.372315218,3.0,1237
8,384,"[""13302"",""13303"",""13304"",""13307"",""13310"",""13311"",""13324muw"",""13410""]",bb8ae491e7d9d561b032bd4952789ebd52a28e791fcd25fe84d8dbd6ae7c0ef7,2026090308,,,226,8,3913.21696442,489.152120552,54,0.547171798,2.0,1268
8,385,"[""13302"",""13303"",""13311"",""13316m"",""13320"",""13321"",""13324muw"",""13405""]",8583ceccdf21c1bc886998dcaf34f65530822f657ca03fd79d60210942f9dcca,2026090308,,,209,8,3668.34096828,458.542621035,54,0.586607554,3.0,1260
8,386,"[""13303"",""13313"",""13314"",""13320"",""13321"",""13403"",""13406"",""13414""]",8ef7b9b01cc92cce2c367ecdd8aa32525f8bafeed43f4da9ac16030130e44e80,2026090308,,,185,8,4022.75896872,502.84487109,54,0.599756464,4.0,1234
8,387,"[""13307"",""13310"",""13314"",""13316m"",""13317"",""13324muw"",""13325"",""13414""]",c37f4685cc3a7b2b11f52c0ff5a543bbb746b3668e93d5c03ad2fcc35672f5de,2026090308,,,186,8,3368.91597408,421.11449676,42,0.43743754,3.0,1225
8,388,"[""13307"",""13319"",""13320"",""13323"",""13325"",""13402"",""13403"",""13411""]",ff4d275dad7459489ca598cfc8427d371da2aebade7d9867b0fcf7083c5b0310,2026090308,,,153,8,3696.92797217,462.115996521,42,0.520542178,6.0,1274
8,389,"[""13302"",""13304"",""13306"",""13308"",""13309"",""13404"",""13409"",""13412""]",49f04696dd130dd8db07476557ab5c23803c24947fbc9f2253d526475ff44d9d,2026090308,,,219,8,4770.00396456,596.25049557,50,0.412857108,4.0,1257
8,390,"[""13307"",""13312"",""13313"",""13316m"",""13326"",""13402"",""13403"",""13412""]",4b730fa84e735cf345527dbc6e44a7777d17f89c13a9dcd3b8ec7d7fa4c18b75,2026090308,,,188,8,4285.52496343,535.690620429,46,0.469051227,5.5,1256
8,391,"[""13301"",""13309"",""13317"",""13321"",""13322"",""13324muw"",""13404"",""13405""]",aa87fd295845612149c865cc1b05d64876f2503f21d83c1b5508372ee0534e11,2026090308,,,190,8,3940.49797704,492.56224713,37,0.347049295,4.5,1234
8,392,"[""13305"",""13306"",""13309"",""13314"",""13323"",""13324t"",""13403"",""13409""]",815cb94826aa8762077abccc666a1733700fefa481e5b66f95976258bcf71772,2026090308,,,155,8,3355.12897731,419.391122164,30,0.369435827,5.0,1239
8,393,"[""13310"",""13314"",""13317"",""13325"",""13326"",""13403"",""13404"",""13414""]",9b44e9c552874e8ded0a0c13157e2138fb3e9af43840d5bb6ee9b110ae113cd9,2026090308,,,183,8,4091.85097357,511.481371696,42,0.450314338,5.0,1255
8,394,"[""13303"",""13304"",""13310"",""13316uwt"",""13402"",""13403"",""13404"",""13410""]",a6b5248a9be778d4781214ec4e89eb3dbf22fd3e8286a38c8e72b1a0ad0a9271,2026090308,,,199,8,4693.79797044,586.724746305,54,0.522395587,6.0,1283
8,395,"[""13301"",""13311"",""13317"",""13318"",""13324muw"",""13325"",""13412"",""13413""]",285e5daaeb82360d76c60d44c79a3f57415dd0dbd8cdea5d12a30ab60d6c1cce,2026090308,,,209,8,4220.379968,527.547496,42,0.426428277,3.0,1257
8,396,"[""13302"",""13305"",""13306"",""13316m"",""13317"",""13321"",""13326"",""13402""]",b00a75105003ad5b5cff23cf34cfa91fbcced3620ba6c47a4d8a5eda8926fe47,2026090308,,,230,8,4106.01697119,513.252121399,50,0.347717374,3.0,1275
8,397,"[""13302"",""13305"",""13316m"",""13323"",""13324muw"",""13402"",""13406"",""13407""]",2b6b4183064574777955b60744b9a5221eb557331830f315c81dbecf72c4e6ba,2026090308,,,176,8,4070.89396912,508.86174614,50,0.552978412,6.0,1275
8,398,"[""13302"",""13303"",""13307"",""13309"",""13322"",""13326"",""13402"",""13409""]",8e8b8973aa6bee75c8773c77abe2fc432b4c98fa7db1ef434a3ac77de672244c,2026090308,,,222,8,4314.16496901,539.270621126,54,0.519015882,3.0,1275
8,399,"[""13302"",""13317"",""13319"",""13320"",""13405"",""13406"",""13408"",""13412""]",718133b5a0d3e1ac1799d9acbe4114a39b9bf9c7fe2443c340d8bdef04a9067f,2026090308,,,183,8,4311.95596713,538.994495891,50,0.573926599,7.0,1257
8,400,"[""13302"",""13303"",""13305"",""13312"",""13314"",""13320"",""13324muw"",""13413""]",2a502fcab15e5e079422a2bd170e045c92efbd80900d18b1856fcf077b9532e8,2026090308,,,244,8,4144.26496488,518.03312061,54,0.520475668,2.0,1260
8,401,"[""13304"",""13306"",""13308"",""13311"",""13316m"",""13319"",""13324muw"",""13412""]",f5fc467abf9885c2fc1cdb3c9e5c9733ff1454398e16508a65b72cf72e54c6d4,2026090308,,,194,8,3583.33797177,447.917246471,37,0.323882022,3.0,1245
8,402,"[""13304"",""13310"",""13311"",""13318"",""13324t"",""13405"",""13409"",""13410""]",1d6d0cc63ecf25db9328e1824fea0b2b8dc4dcf68579638012be6fa6ad05450c,2026090308,,,171,8,3964.99996747,495.624995934,37,0.398991581,5.0,1254
8,403,"[""13302"",""13313"",""13315"",""13316uwt"",""13319"",""13326"",""13407"",""13411""]",ac6d6b4c20d82eaebd46b672c89047b621368ff0da1dddea0a0f4fceea6b0a41,2026090308,,,218,8,4333.09896402,541.637370503,50,0.407302255,3.0,1257
8,404,"[""13301"",""13308"",""13325"",""13403"",""13405"",""13407"",""13408"",""13412""]",dd0cdb96d9309665e56bc4191f12335bed235f128891cf0cf92f06e62e690731,2026090308,,,179,8,4738.16496976,592.27062122,42,0.503630588,7.0,1257
8,405,"[""13304"",""13306"",""13312"",""13319"",""13326"",""13402"",""13410"",""13411""]",d151ab4e361ef9ce282cb04a9befe9edfa0b59b74a5541baffb42ba72e409bed,2026090308,,,207,8,4483.30996874,560.413746092,46,0.411933135,4.0,1283
8,406,"[""13301"",""13304"",""13309"",""13310"",""13316m"",""13325"",""13401"",""13406""]",7f49a8d6eae861a6427190a2fd3abee2fe0e987f1c13dfa615968a5b45f7663d,2026090308,,,210,8,4070.0129716,508.75162145,42,0.391635908,3.0,1275
8,407,"[""13301"",""13307"",""13312"",""13316m"",""13402"",""13406"",""13408"",""13414""]",f59f43360dab3a92aed5e78b7a0474c8aec674c7ec6a5194214d2c6f1d629614,2026090308,,,174,8,4212.8229726,526.602871575,46,0.546793098,7.0,1256
8,408,"[""13305"",""13306"",""13311"",""13313"",""13315"",""13317"",""13404"",""13408""]",a44c2fd85acd27491c9f4cd0a2de73fe9b2fd8306cdc724282623c6a2d216a15,2026090308,,,207,8,4020.78096756,502.597620945,37,0.373920533,3.0,1172
8,409,"[""13303"",""13306"",""13314"",""13324t"",""13401"",""13405"",""13407"",""13414""]",258d4f6bf810cda71accf6eb0ad3bcad3fc4b26f28e15ec792b002fcb9d4b19b,2026090308,,,172,8,4066.64197347,508.330246684,54,0.624885062,6.0,1256
8,410,"[""13303"",""13310"",""13312"",""13319"",""13320"",""13322"",""13324t"",""13401""]",07e5630b4658a374fdc4122131325a645537a5e75cc1612ebdab5b8d22069a35,2026090308,,,223,8,3792.6139679,474.076745987,54,0.494637332,3.0,1277
8,411,"[""13304"",""13316uwt"",""13318"",""13321"",""13324t"",""13325"",""13326"",""13409""]",7f87ab5b6dac3bde52570e6be6167c1dda489aa7312908768bd2fc63dd984c49,2026090308,,,211,8,3896.4519721,487.056496512,42,0.338024682,3.0,1243
8,412,"[""13304"",""13305"",""13307"",""13324muw"",""13402"",""13404"",""13407"",""13410""]",86089a065a2ce85889dad3b53733de3d1ae06fbad4f76599f6ccd5ef07e4a12b,2026090308,,,165,8,4325.72297074,540.715371342,37,0.372369871,7.0,1283
8,413,"[""13304"",""13306"",""13307"",""13315"",""13318"",""13321"",""13401"",""13410""]",e2a2f083da9f94b834c252f60e97728195b5ba9a8a85caf0bbdb8fa016e62ef8,2026090308,,,195,8,3774.57797544,471.82224693,37,0.368053679,3.0,1286
8,414,"[""13301"",""13303"",""13313"",""13315"",""13316uwt"",""13324t"",""13404"",""13411""]",878fba4102f9e553b795a3cf72cca38b92efa28dfc166288bd6c54fa65713b40,2026090308,,,228,8,4392.50296877,549.062871096,54,0.44624903,3.0,1198
8,415,"[""13315"",""13322"",""13402"",""13406"",""13407"",""13408"",""13412"",""13413""]",73d11969d391ca81bf4a35eecd5bb14f4632b254faee33b6a47d631578fa43b2,2026090308,,,146,8,4566.24297546,570.780371932,31,0.345194607,7.0,1253
8,416,"[""13305"",""13306"",""13314"",""13322"",""13323"",""13405"",""13408"",""13412""]",689f1446a68faac727877e9a971e03311b438cae7b31ccf18f9641870e1a1aa0,2026090308,,,149,8,3378.31997938,422.289997422,30,0.439430779,6.0,1186
8,417,"[""13304"",""13313"",""13323"",""13401"",""13405"",""13406"",""13411"",""13412""]",09727173c68812afaf0f1c6f183e0b613510bd691cab80d90999f12e9488035e,2026090308,,,150,8,4225.56496708,528.195620885,37,0.571780844,7.0,1275
8,418,"[""13301"",""13311"",""13321"",""13324muw"",""13325"",""13402"",""13408"",""13411""]",b612ca1bac18fdf864a260e77740189b689b6b9ace5d2d4cf8620ac69ec672a1,2026090308,,,173,8,4018.03097242,502.253871552,42,0.488806853,6.0,1272
8,419,"[""13301"",""13316m"",""13318"",""13321"",""13323"",""13405"",""13409"",""13410""]",bf9bf258c64a49396ce293050e47385862cf018b2f2b42c0c430895ade1bea09,2026090308,,,167,8,3963.18397638,495.397997047,36,0.434740436,7.0,1268
8,420,"[""13306"",""13309"",""13313"",""13314"",""13316uwt"",""13317"",""13401"",""13406""]",b395417d1400c9ed517dc9573fea8c13d1c3f7654c16d8b109f87bbfc11e06d9,2026090308,,,189,8,3832.15496958,479.019371197,37,0.394206526,4.0,1195
8,421,"[""13303"",""13305"",""13311"",""13316m"",""13324muw"",""13325"",""13403"",""13405""]",8218856c8ceec42bbe770ba25f13ba168d1b2ed474a0c44f47d0e74c0458e9ec,2026090308,,,207,8,3915.11896936,489.38987117,54,0.547046792,3.0,1257
8,422,"[""13307"",""13308"",""13316uwt"",""13325"",""13326"",""13401"",""13408"",""13410""]",18faec220eb9820b1a0abae34251c0c9843e922d0a9f31e0175af007e69664fd,2026090308,,,168,8,3753.69697451,469.212121814,42,0.474401401,5.0,1286
8,423,"[""13306"",""13307"",""13311"",""13313"",""13316m"",""13317"",""13402"",""13412""]",dc7210185f5b2ed1c4dd27596687c5c818eee2e7ad58306e5a6115e0881d9627,2026090308,,,188,8,3945.92496474,493.240620592,37,0.393473234,4.0,1223
8,424,"[""13304"",""13311"",""13315"",""13318"",""13322"",""13324muw"",""13403"",""13407""]",402e7130b4d8be6b933b445e5f646cd4f6f3b630981052ec1f908e3fedb5450b,2026090308,,,189,8,3781.2689732,472.65862165,37,0.366533413,3.0,1255
8,425,"[""13307"",""13310"",""13312"",""13314"",""13316m"",""13321"",""13404"",""13409""]",aa483a711300e3b8fa6a75c0e89d89b1bb77ad2cbd47eb5a6c1a36241373e3d6,2026090308,,,180,8,3864.80397306,483.100496633,46,0.419876525,5.5,1236
8,426,"[""13305"",""13309"",""13321"",""13322"",""13324t"",""13402"",""13408"",""13413""]",2d696e32de89c70ec3d81a6035cab3c3e3c25b3b2e4e97d3ca146cc8ca8f8184,2026090308,,,161,8,3753.46097617,469.182622021,30,0.284835267,7.0,1249
8,427,"[""13301"",""13303"",""13307"",""13312"",""13315"",""13318"",""13324muw"",""13402""]",c73d5efff606e1eee12ec92b48b8f91ccdaa68f5db86421dd6ad1100aa14fed6,2026090308,,,249,8,4284.53297022,535.566621277,54,0.429681341,2.0,1256
8,428,"[""13304"",""13318"",""13321"",""13326"",""13401"",""13404"",""13409"",""13412""]",3f4b512ade839023fba26aa91d67a22d071e881a22cdbe636f4dbac4f7f63fe8,2026090308,,,174,8,4407.72297311,550.965371639,37,0.379658496,7.0,1275
8,429,"[""13308"",""13312"",""13322"",""13324t"",""13401"",""13402"",""13407"",""13411""]",8e80b3aeda2c2dc801e17538a463b4361978ea13d0948c7bbd5f6c4309798e80,2026090308,,,181,8,4480.11296819,560.014121024,46,0.468767519,7.0,1259
8,430,"[""13302"",""13303"",""13307"",""13309"",""13315"",""13323"",""13325"",""13408""]",5876ab1f1bea4fa46145328448a525013289cbd8ba76d8f6154fcb0e8e01beb6,2026090308,,,233,8,3853.81797064,481.72724633,54,0.575667525,2.0,1260
8,431,"[""13308"",""13310"",""13316uwt"",""13317"",""13319"",""13406"",""13408"",""13411""]",a430d32598238fa128edc3de238a5df86018d401515900f136a131493261acb5,2026090308,,,179,8,3977.48797389,497.185996736,37,0.381814047,5.0,1234
8,432,"[""13301"",""13306"",""13308"",""13322"",""13325"",""13401"",""13413"",""13414""]",22948546a74c1969e1b4ce2b9e8ad0d654d775bf9c5115727a2c83205cc2ae17,2026090308,,,204,8,4296.74597204,537.093246505,42,0.417789721,4.0,1275
8,433,"[""13303"",""13304"",""13305"",""13306"",""13312"",""13324t"",""13401"",""13406""]",d175f461c8b7caa1cf1631481bd6777e54514e49515159757878d9f865d40201,2026090308,,,241,8,4312.60396753,539.075495941,54,0.470163117,3.0,1275
8,434,"[""13302"",""13304"",""13311"",""13315"",""13317"",""13403"",""13409"",""13413""]",e261ee1c872c4fdd24abdf7db92902ef66270a9a2e73fe39e5983923082b1985,2026090308,,,215,8,4529.76396906,566.220496133,50,0.479205219,3.0,1258
8,435,"[""13308"",""13310"",""13312"",""13319"",""13323"",""13326"",""13407"",""13410""]",64bdc70c842626985bc5448d08f6ecbf96dcae7cf7a4dec8b01b14c997313523,2026090308,,,189,8,3966.6569704,495.8321213,46,0.457817208,4.0,1227
8,436,"[""13303"",""13309"",""13310"",""13312"",""13314"",""13321"",""13324muw"",""13405""]",60bb74eb6b49a6d94543769dd62f1bb2937c29a9d0b03de633945b0048daf43c,2026090308,,,214,8,3785.14197164,473.142746455,54,0.522947097,3.0,1241
8,437,"[""13301"",""13302"",""13303"",""13324muw"",""13325"",""13326"",""13402"",""13407""]",2926750593dd22c830d9359348ef1660b1352d99a18bfb42ff16e22e79417f57,2026090308,,,254,8,4857.01696441,607.127120551,54,0.461755808,3.0,1275
8,438,"[""13302"",""13322"",""13401"",""13402"",""13403"",""13409"",""13411"",""13413""]",d16c08ab74ed283a07d8ca7a053fbd4437cd8abfcbc881ea737335c5ae5644f3,2026090308,,,165,8,4914.07496696,614.25937087,50,0.571595804,7.0,1278
8,439,"[""13303"",""13304"",""13310"",""13317"",""13319"",""13322"",""13323"",""13404""]",4b6383629985642a9c0c562697e68fc02d399b06570cb43587f00f69d4c93857,2026090308,,,230,8,3987.01697435,498.377121794,54,0.456086749,2.5,1259
8,440,"[""13308"",""13309"",""13311"",""13316uwt"",""13318"",""13322"",""13324muw"",""13408""]",2276252af4b18eb74a6b5b1461a6a7bba1e2c3727e0f389b495b6287ac04c844,2026090308,,,175,8,3242.81497388,405.351871735,33,0.334712792,3.0,1197
8,441,"[""13303"",""13304"",""13313"",""13314"",""13316uwt"",""13404"",""13408"",""13410""]",a61cfd18f8e82eaaf21e0fcb2c712cdd09e10cdf7d7464f33a09cada4dfd6ecd,2026090308,,,208,8,4381.785968,547.723246,54,0.540175843,3.0,1268
8,442,"[""13301"",""13302"",""13309"",""13317"",""13323"",""13324t"",""13403"",""13404""]",b569df81ec9572f85bab6f844943c7c5a47d7458bf439694a74c0ec7a1ee106e,2026090308,,,202,8,4119.57097067,514.946371334,50,0.527918712,4.0,1260
8,443,"[""13303"",""13310"",""13311"",""13321"",""13406"",""13408"",""13411"",""13413""]",60c29ea566138afa3d1e06153f5af111c36d36b88bfe630d509d100ef8ce4d13,2026090308,,,168,8,4082.88797266,510.360996582,54,0.625878068,7.0,1234
8,444,"[""13303"",""13308"",""13311"",""13315"",""13326"",""13403"",""13406"",""13413""]",c6f1ebd5c65e26e92f6dbe990edbd6304541561d35eb2d9c7cb72fd3952d50bb,2026090308,,,194,8,4107.34197599,513.417746999,54,0.543074936,3.0,1198
8,445,"[""13301"",""13318"",""13319"",""13320"",""13322"",""13324muw"",""13408"",""13412""]",f2732e4a4d8c7392d39198646e16af93f10f4c233ec39f23262f713bf73d23ba,2026090308,,,181,8,3657.55597313,457.194496641,36,0.37824126,4.0,1259
8,446,"[""13304"",""13315"",""13316uwt"",""13318"",""13324t"",""13403"",""13405"",""13408""]",7e2a4cf69b49aae70c8b2d8ee0d53a09f99982d3018882d4461e13621e989ac0,2026090308,,,178,8,3783.73197573,472.966496966,37,0.423254117,3.0,1255
8,447,"[""13306"",""13314"",""13321"",""13323"",""13326"",""13405"",""13406"",""13413""]",a4883579b1be2a5b5fe0898fa0a02c4faee18aa6b40ed62e0b6c88d2c5a37552,2026090308,,,139,8,3432.57298137,429.071622671,30,0.363932083,7.0,1212
8,448,"[""13302"",""13311"",""13317"",""13320"",""13326"",""13402"",""13403"",""13407""]",0300c25970b8a6d1c9b0ebae8bb6c03835bdba5a7061684fcf25a0ae45292813,2026090308,,,186,8,4256.36796701,532.045995876,50,0.529290085,6.0,1275
8,449,"[""13301"",""13304"",""13306"",""13401"",""13404"",""13410"",""13411"",""13412""]",259d508c7fe32e9014bdcc6b80bbb17c0c6f7fe6baf81346b9dd44ee2bffb55a,2026090308,,,176,8,4689.38597196,586.173246495,37,0.446520061,7.0,1286
8,450,"[""13306"",""13310"",""13312"",""13313"",""13314"",""13315"",""13409"",""13412""]",1eb521eb1f46dc8152cbdac041e5124039400161b9c62ac13ed2fc1ef6e94a6e,2026090308,,,216,8,4307.51296378,538.439120473,46,0.384008173,3.0,1211
8,451,"[""13305"",""13308"",""13309"",""13315"",""13320"",""13401"",""13407"",""13412""]",8f96c77a401a4d187635afb2eea3f9fd88bad258f7bc75ac77bfe910a3f3f636,2026090308,,,174,8,3897.4449748,487.18062185,31,0.339226542,5.0,1256
8,452,"[""13303"",""13304"",""13323"",""13326"",""13404"",""13409"",""13412"",""13414""]",bffc2fad743c77bfe295664fdc2b796fce36d2c1ef3e216d05d497c3b09ff4e8,2026090308,,,181,8,4349.91897535,543.739871919,54,0.633193523,7.0,1257
8,453,"[""13308"",""13311"",""13313"",""13315"",""13316m"",""13319"",""13413"",""13414""]",a99e50b8b81b9eaf29eb7f1b3e23852793b62950626cac6fbe9348f5b8fe7352,2026090308,,,190,8,3846.10396833,480.762996041,37,0.365097794,3.0,1218
8,454,"[""13305"",""13306"",""13309"",""13317"",""13324muw"",""13326"",""13401"",""13409""]",4ccb9253b7d790f7faff2b339ddc4c5ad1a159e81a49a9f9003669868b4210db,2026090308,,,186,8,3760.25397483,470.031746854,37,0.337127213,3.5,1259
8,455,"[""13301"",""13314"",""13319"",""13324t"",""13325"",""13402"",""13403"",""13406""]",f1a3efaf330bd5714e7a6778f2861a4f5ef6775a8a90ddc41cfa59d244b27221,2026090308,,,184,8,4214.1729725,526.771621562,42,0.439646705,7.0,1274
8,456,"[""13304"",""13306"",""13313"",""13320"",""13321"",""13410"",""13411"",""13412""]",7d36ece17bb90bac68aef295a30856e670f9dac005da2fcf562c07f89395ac2a,2026090308,,,186,8,4202.19596466,525.274495582,37,0.402185037,4.5,1254
8,457,"[""13303"",""13305"",""13316m"",""13319"",""13320"",""13323"",""13324muw"",""13408""]",f5da768d28cc962224c38d137abc33dcc17bd688bc768023a7386ac4c2195628,2026090308,,,186,8,3194.17397661,399.271747076,54,0.584910657,3.0,1259
8,458,"[""13302"",""13312"",""13314"",""13316m"",""13319"",""13324t"",""13326"",""13411""]",88dad6821bc895368c38d2675b7b9061c7d0a8326b31fd20460c3dd36e4c45b5,2026090308,,,215,8,3855.31996835,481.914996044,50,0.476670442,3.0,1257
8,459,"[""13301"",""13312"",""13313"",""13315"",""13317"",""13325"",""13407"",""13408""]",ce252dfe28cd5f6f9c7300c9bc4a38a90855b0ed29d9a71c0229f33385e23e5b,2026090308,,,257,8,4827.39896226,603.424870282,46,0.353015015,3.0,1257
8,460,"[""13302"",""13303"",""13309"",""13313"",""13314"",""13321"",""13402"",""13412""]",13594eb072461118eb7782a775366f848323d4b5f27335934d19945317c8abee,2026090308,,,233,8,4581.50196168,572.68774521,54,0.505910106,3.0,1275
8,461,"[""13307"",""13309"",""13316m"",""13318"",""13321"",""13323"",""13408"",""13410""]",e9db5671d562b97337aa0907a775224ac4c304d7b46fef03810c6611d2177909,2026090308,,,149,8,3205.22397774,400.652997218,33,0.400834677,5.0,1236
8,462,"[""13303"",""13312"",""13316m"",""13318"",""13325"",""13401"",""13409"",""13414""]",f996216c220769d0585a2adf7acd31bb3d3ce59f573c6a82801ed9206f672775,2026090308,,,239,8,4744.85596408,593.10699551,54,0.509138147,3.0,1275
8,463,"[""13302"",""13307"",""13314"",""13315"",""13318"",""13402"",""13406"",""13408""]",498ea1a0ea95cea05a73d829483ca2afd88decef538bfeb3a547e7e597a5f071,2026090308,,,187,8,4033.59097156,504.198871445,50,0.538144367,4.0,1275
8,464,"[""13308"",""13311"",""13316m"",""13325"",""13402"",""13405"",""13413"",""13414""]",5924f2c792873bb6d22182cd9e1011deddfb0f7a573051a58e7e8bfe9c502bb0,2026090308,,,167,8,4229.79196976,528.72399622,42,0.476302045,7.0,1272
8,465,"[""13308"",""13310"",""13313"",""13315"",""13318"",""13324muw"",""13401"",""13412""]",27bbc97b508bddcdc1bb1174ce76ed4e5407556e1eb5f344436bee05d4616340,2026090308,,,200,8,4002.0029641,500.250370512,37,0.350428309,3.0,1256
8,466,"[""13303"",""13315"",""13321"",""13324t"",""13408"",""13409"",""13412"",""13413""]",2f3028f9a5e6a9a8df7e8a3c36b54a8a16a593ba2cc59835078e70a93f00d1fd,2026090308,,,183,8,4320.83197609,540.103997011,54,0.569749114,6.0,1241
8,467,"[""13312"",""13322"",""13324muw"",""13405"",""13406"",""13409"",""13410"",""13412""]",a159e59e56e452c0bf91ecde4dcef4dbacd16d5f43eeffda1784add4479015ce,2026090308,,,163,8,4536.94796802,567.118496003,46,0.510014874,7.0,1246
8,468,"[""13308"",""13309"",""13320"",""13324t"",""13325"",""13403"",""13406"",""13414""]",7b6e3c54c215d3a767586e80559f876703188d1516838db5d8101d39a7c176e3,2026090308,,,169,8,3847.97296973,480.996621216,42,0.459828421,5.0,1255
8,469,"[""13302"",""13319"",""13320"",""13322"",""13323"",""13324muw"",""13325"",""13410""]",b3419e3eb92c6439626d19109a7beb652bfee7bd575a36e5a393a14ad9df4ba6,2026090308,,,201,8,3657.09396687,457.136745859,50,0.536368249,3.0,1265
8,470,"[""13302"",""13304"",""13306"",""13311"",""13312"",""13313"",""13315"",""13411""]",f5e8db965361e5142d258cb6851cbaf437c13aa7da6819600ff42a1ef2576453,2026090308,,,259,8,4449.84295674,556.230369592,50,0.381732045,2.0,1257
8,471,"[""13305"",""13306"",""13310"",""13312"",""13324muw"",""13401"",""13406"",""13408""]",fd35ac9ad8665e4817947b13a1ee1729ce254ae9209925c85ffca5ad41c61945,2026090308,,,184,8,3904.2039684,488.02549605,46,0.488526197,4.0,1259
8,472,"[""13311"",""13315"",""13319"",""13320"",""13402"",""13406"",""13409"",""13410""]",b48690ca03bf692ca7d6c86e305db8bdc38886fe5a4b274b9346d7bd7f686875,2026090308,,,151,8,4072.21097321,509.026371651,31,0.319463499,7.0,1283
8,473,"[""13308"",""13315"",""13316uwt"",""13320"",""13321"",""13325"",""13404"",""13408""]",493e582868bdc743a64a630c0c9e6ae4f711f7a6ccb6227e7a9272bccda3c70b,2026090308,,,191,8,3832.19197622,479.023997027,42,0.396491009,3.0,1252
8,474,"[""13309"",""13311"",""13316m"",""13317"",""13318"",""13402"",""13406"",""13409""]",60aaf77ce3f4fae5c4b1ed1811a846bc18b1c32ba61ef4baca940d8b2c4b52ba,2026090308,,,177,8,4162.66597074,520.333246343,37,0.366099951,7.0,1256
8,475,"[""13308"",""13314"",""13318"",""13319"",""13321"",""13324muw"",""13404"",""13411""]",e689cd087f5b13648df7f026ae27095ce26f3d57789a62d84c47c30ae7903abe,2026090308,,,177,8,3825.59397413,478.199246766,33,0.310220427,5.0,1254
8,476,"[""13310"",""13311"",""13315"",""13320"",""13323"",""13324muw"",""13406"",""13407""]",c80d5089c6f281a65c6aef865e4019748f221e2cacd968524f94b764c0f176ea,2026090308,,,141,8,3138.34197578,392.292746973,31,0.370902322,4.0,1213
8,477,"[""13302"",""13312"",""13317"",""13321"",""13324t"",""13402"",""13413"",""13414""]",cc2d04f463ca96bab430fe2e8172b10461588289742ce9b7e76448f5e9d2ac8d,2026090308,,,217,8,4649.73696457,581.217120571,50,0.515614457,4.0,1275
8,478,"[""13310"",""13311"",""13314"",""13316uwt"",""13322"",""13323"",""13325"",""13411""]",aab6faf566f26dce6348509335450ebbfccaa51181e9c22285b6eb9821c8f97b,2026090308,,,165,8,3115.00397638,389.375497048,42,0.474394883,3.0,1215
8,479,"[""13307"",""13317"",""13318"",""13323"",""13324muw"",""13404"",""13405"",""13409""]",90d597ba33591ffa937b0e8b49032d357d27ce7e6361ea555d7d4fbda9ec6602,2026090308,,,157,8,3815.67997326,476.959996657,37,0.477282189,6.0,1236
8,480,"[""13302"",""13315"",""13319"",""13321"",""13322"",""13324muw"",""13326"",""13410""]",01f87aa44e7d3e62d5c35695304672fb5b9d9ad2b0f174ac0e7a23f9281d74ab,2026090308,,,209,8,3750.61997406,468.827496758,50,0.393364295,3.0,1265
8,481,"[""13306"",""13312"",""13316m"",""13318"",""13320"",""13404"",""13407"",""13414""]",40328c297341a9427abccbdae0304900a46076a52f800bbb63fce47e65f10ee3,2026090308,,,194,8,4298.69496596,537.336870745,46,0.439204297,5.0,1236
8,482,"[""13301"",""13304"",""13306"",""13320"",""13402"",""13404"",""13410"",""13412""]",d6ef78022c70eb45e1f1c7cda22b3de1213517acaa592255a611101e33c8db2f,2026090308,,,183,8,4576.64697106,572.080871382,37,0.397932787,7.0,1283
8,483,"[""13302"",""13313"",""13314"",""13318"",""13319"",""13321"",""13405"",""13406""]",a253612dfcdbb865a24027df9feb3a0e89845a76c214b0e9968a08b0425dd702,2026090308,,,212,8,4250.51396089,531.314245111,50,0.457133639,3.0,1257
8,484,"[""13312"",""13314"",""13316uwt"",""13318"",""13322"",""13324muw"",""13402"",""13408""]",5cf337f5db9ac9f244514d2366bc1edecc529bd4052730431c1b56ab10a0d272,2026090308,,,187,8,3774.3919726,471.798996575,46,0.45523697,4.0,1256
8,485,"[""13301"",""13314"",""13315"",""13318"",""13319"",""13326"",""13404"",""13413""]",18332592ab83ac8c24c5da4810d6b201f5a1f564dc3640c422e231f60c770459,2026090308,,,196,8,3995.86897892,499.483622365,36,0.317476514,4.0,1259
8,486,"[""13310"",""13315"",""13323"",""13324muw"",""13402"",""13409"",""13411"",""13413""]",7cb813a7a58786aa3eec7c23ccad8c099a8941f2d5f8bd95ddea6fd914bc2b9a,2026090308,,,143,8,3955.70297608,494.46287201,31,0.360868975,7.0,1256
8,487,"[""13307"",""13310"",""13402"",""13405"",""13406"",""13407"",""13410"",""13411""]",9a444986073991b806555e13d18f270c9e2a7a6545d55f4bdc126a8d77166295,2026090308,,,129,8,4447.62096978,555.952621222,24,0.20199712,7.0,1283
8,488,"[""13306"",""13307"",""13322"",""13326"",""13402"",""13407"",""13408"",""13409""]",7f6e7216b90b8dd4268de7918c85695c31883ef4f97975a5bd720ace74007213,2026090308,,,154,8,4075.52997473,509.441246841,30,0.299265419,7.0,1256
8,489,"[""13303"",""13305"",""13307"",""13314"",""13320"",""13324t"",""13409"",""13411""]",d397f8b96ae59ae0a85990c355e123e620dae823b10ced133fe828b032c9dfcd,2026090308,,,180,8,3582.72097465,447.840121831,54,0.569166599,3.5,1241
8,490,"[""13304"",""13305"",""13310"",""13315"",""13317"",""13322"",""13324muw"",""13404""]",0a6f28f19fa2f5095f1ade581c6d4c9cc26be6ed2112ddb1eaac8e1fbd12b56b,2026090308,,,219,8,3816.02197586,477.002746982,37,0.269019147,3.0,1252
8,491,"[""13312"",""13316m"",""13318"",""13324t"",""13404"",""13405"",""13411"",""13413""]",000c38a7322008e401145d9d6756d305df1669d2971d3463a6f8556bc54040a5,2026090308,,,179,8,4425.29596671,553.161995839,46,0.482359452,7.0,1236
8,492,"[""13301"",""13305"",""13308"",""13311"",""13322"",""13324muw"",""13401"",""13411""]",576cb90eb0d918d663013352b0f1598a2c8f168d88f15c6ab6192b576eb40504,2026090308,,,180,8,3626.19197496,453.27399687,36,0.387457684,4.0,1179
8,493,"[""13314"",""13316uwt"",""13317"",""13319"",""13325"",""13407"",""13410"",""13413""]",d188035cfde3174e7ead31c21c86a8eb7d95fcc2e89252668e6f66664a2fe0aa,2026090308,,,190,8,4323.91697249,540.489621561,42,0.417219393,5.0,1209
8,494,"[""13310"",""13316m"",""13317"",""13326"",""13401"",""13405"",""13408"",""13410""]",610975dc6f4cfbbb6dd170f305d4eda5f074a5f58ec3e56fee1a6468a0139393,2026090308,,,156,8,3853.99897587,481.749871984,37,0.418192473,7.0,1286
8,495,"[""13310"",""13312"",""13314"",""13315"",""13322"",""13324muw"",""13401"",""13408""]",65eddac9c6dad9ddbda3081f7b2d65a5e5c28fde9fc8f29a102c20614ad844ac,2026090308,,,183,8,3500.9909761,437.623872012,46,0.477102695,3.0,1259
8,496,"[""13305"",""13306"",""13311"",""13317"",""13320"",""13324t"",""13325"",""13409""]",ee997112b0e9c56a848d613944d653df86cd3ae396c17c09bcb32173d1925be5,2026090308,,,204,8,3720.00196827,465.000246034,42,0.391175242,3.0,1233
8,497,"[""13304"",""13306"",""13310"",""13312"",""13316uwt"",""13323"",""13407"",""13411""]",4d2436ce81ba00f3c8fc10a4c4f090d998bbdd3e6d034c6362c6a93eadc2bfcc,2026090308,,,197,8,3965.17897028,495.647371285,46,0.476157284,3.0,1243
8,498,"[""13305"",""13307"",""13310"",""13312"",""13325"",""13405"",""13406"",""13410""]",54d26f678c3b4a08b894d4b1a5b820540c91263f505e757e58c875b1c1563329,2026090308,,,199,8,4248.46596468,531.058245585,46,0.496623787,4.0,1246
8,499,"[""13306"",""13308"",""13313"",""13321"",""13323"",""13324muw"",""13405"",""13414""]",a707fdb114790655c21410ec3c61834fd8d0f9ce41870f0f88104895ea6715ae,2026090308,,,170,8,3585.9759688,448.2469961,37,0.460930306,4.0,1212
8,500,"[""13304"",""13308"",""13315"",""13321"",""13404"",""13411"",""13412"",""13414""]",271b1820048869b9c2071a7b5d213b9f45765b5b42e39f6d8378d358b1b43365,2026090308,,,179,8,4349.24497658,543.655622073,37,0.394676033,7.0,1252
8,501,"[""13310"",""13311"",""13319"",""13320"",""13321"",""13326"",""13402"",""13414""]",cd1090e8ab53e97bfb421b6c86c46196b2def5723ee3600766f64592269ef15d,2026090308,,,153,8,3377.77797454,422.222246817,27,0.254062637,6.0,1274
8,502,"[""13305"",""13319"",""13320"",""13321"",""13325"",""13326"",""13409"",""13411""]",115c6598d90d9092d8a9a8233818d5bd7fb57d220bae073178a439b2df7fc7f5,2026090308,,,189,8,3893.09597272,486.63699659,42,0.364695757,4.0,1235
8,503,"[""13304"",""13308"",""13310"",""13319"",""13404"",""13408"",""13409"",""13412""]",6e21e49828aeac764566e17cd68f3099e5e32df68ecc93e777039db0c1cc31c4,2026090308,,,179,8,4468.00197033,558.500246291,37,0.371875737,7.0,1254
8,504,"[""13304"",""13305"",""13308"",""13309"",""13313"",""13319"",""13322"",""13410""]",c298bd1cbadfeef54d4d280c6a878f91e49bf5ee0cd9478896f19b8430c63bd6,2026090308,,,225,8,4041.74296537,505.217870671,37,0.246616612,3.0,1254
8,505,"[""13311"",""13313"",""13314"",""13315"",""13316uwt"",""13317"",""13408"",""13412""]",c64416f0dac52c077c1848686aef3065aeb4a1382c989cf5761d89c7cf7788b1,2026090308,,,182,8,3664.29297246,458.036621557,37,0.438873089,3.0,1166
8,506,"[""13302"",""13314"",""13316uwt"",""13321"",""13407"",""13408"",""13409"",""13412""]",41b085ccf83e19bb1f5c26a6186216b9789853a1c175fae8acf9871014b89f74,2026090308,,,169,8,4345.27797168,543.15974646,50,0.538396511,7.0,1257
8,507,"[""13313"",""13315"",""13316m"",""13318"",""13320"",""13325"",""13401"",""13408""]",5eb60d8b6ffabaf23bf3a05eb73eeb7cd876b6bceec0cc4034137b06cdb1bb89,2026090308,,,205,8,3891.44796504,486.43099563,42,0.431893304,3.0,1275
8,508,"[""13303"",""13315"",""13319"",""13321"",""13322"",""13323"",""13406"",""13408""]",0c5b2227873574338b65dbfa75fbf7da9ed22aa4e6f754770bf6d3c2a8988ec4,2026090308,,,193,8,3624.27798131,453.034747664,54,0.565859095,3.0,1259
8,509,"[""13301"",""13307"",""13309"",""13312"",""13319"",""13321"",""13408"",""13413""]",f0cacfc21e65270abb22071f7a7610a07388be1a2d2e4ec6718f3a1524590a4f,2026090308,,,194,8,3920.27597349,490.034496686,46,0.45536212,4.0,1259
8,510,"[""13301"",""13304"",""13305"",""13316m"",""13325"",""13403"",""13406"",""13413""]",8d7471074ff1fafbcf93e8c58f661b8d841ca1ff943da6218b4a6a1357937c54,2026090308,,,211,8,4428.96597198,553.620746497,42,0.404346236,4.0,1257
8,511,"[""13301"",""13302"",""13311"",""13312"",""13316uwt"",""13320"",""13402"",""13408""]",5af6662f8a84e0fcf15703ae2d5bb411dbbcc5bb424260355a651def35c5d6c9,2026090308,,,211,8,4161.27496554,520.159370692,50,0.544487682,4.0,1275
8,512,"[""13304"",""13305"",""13308"",""13309"",""13314"",""13404"",""13407"",""13414""]",0ecea8be48f356ed5c7e864706745252df29c3037f137de3d6c8a74dc0bafd39,2026090308,,,182,8,4114.44197462,514.305246828,37,0.364960921,6.0,1252
9,1,"[""13304"",""13306"",""13310"",""13316uwt"",""13317"",""13323"",""13405"",""13409"",""13414""]",fbae33a0b4491bee592e4f6c6385711330e9ccde1830b139644f6d35109b9d95,2026090309,probability,fixed_seed_probability_1,199,9,4290.75897214,476.750996904,37,0.457479665,4.0,1243
9,2,"[""13318"",""13319"",""13321"",""13322"",""13404"",""13407"",""13409"",""13411"",""13414""]",6210ac248b84d2e3df442dccbe1b90b7e74d08497c604b2b867d9c897f2d399a,2026090309,probability,fixed_seed_probability_2,185,9,5038.45896801,559.828774223,33,0.317035206,7.0,1254
9,3,"[""13309"",""13316uwt"",""13317"",""13401"",""13402"",""13404"",""13408"",""13412"",""13413""]",8838150c319f09badbea2d3e0d85b245e3ff5b1dae58a713e17e1250642341c4,2026090309,probability,fixed_seed_probability_3,167,9,4993.89097108,554.876774564,37,0.396929663,7.0,1226
9,4,"[""13301"",""13307"",""13308"",""13313"",""13322"",""13323"",""13403"",""13407"",""13410""]",2ac188316d03f81666aa28ea73b58194e88016a3b243577cb4fb8faed3195884,2026090309,probability,fixed_seed_probability_4,199,9,4520.82196534,502.313551704,37,0.45248459,5.5,1268
9,5,"[""13305"",""13308"",""13313"",""13316uwt"",""13319"",""13321"",""13324muw"",""13326"",""13405""]",d49b45a98b566c4e8a3760e4c0bbdcd5f9a29dcbf430d2e6ba3771648704913d,2026090309,probability,fixed_seed_probability_5,219,9,4059.1259663,451.013996256,37,0.29188049,3.0,1237
9,6,"[""13303"",""13314"",""13319"",""13321"",""13324muw"",""13325"",""13402"",""13404"",""13413""]",44e4e0883c3b8a533bd0ae3533ed99fd01f0fd3f0337d374ee55a86712b5d064,2026090309,probability,fixed_seed_probability_6,227,8,4915.68396847,546.187107608,54,0.514495201,4.0,1274
9,7,"[""13301"",""13302"",""13312"",""13314"",""13316m"",""13318"",""13320"",""13402"",""13410""]",0f336bcac6d8c49a692f03f1d329bbeb320f27485d83b604b4175e45788e93a1,2026090309,,,252,9,4886.68896146,542.965440162,50,0.461069446,3.0,1283
9,8,"[""13302"",""13303"",""13304"",""13307"",""13309"",""13310"",""13321"",""13322"",""13323""]",7e403097de2f525012f00c0cf80d096adc846d336f49c981b9df55005241541d,2026090309,,,258,9,4049.91396826,449.990440918,54,0.506581882,2.0,1260
9,9,"[""13306"",""13307"",""13308"",""13314"",""13317"",""13319"",""13323"",""13324t"",""13405""]",22fb66b07351aa7e06b0823b7138e2fc045515ff5c58a39ea1722c2454b3519c,2026090309,,,195,9,3589.58897476,398.843219418,37,0.427459815,3.0,1237
9,10,"[""13303"",""13304"",""13308"",""13321"",""13324muw"",""13325"",""13326"",""13405"",""13413""]",aa498de912e85f7e3cf231ec5dac65cda711c02c2ef8a39b2caa1e035489aab0,2026090309,,,252,9,4713.76496881,523.751663201,54,0.470501734,3.0,1257
9,11,"[""13311"",""13312"",""13320"",""13322"",""13323"",""13324muw"",""13403"",""13404"",""13411""]",48b8c2b48feb3947eb1a52410e6114a7f94eb38810f18a4b8cc6dce6866e49de,2026090309,,,172,9,4006.11796812,445.12421868,46,0.549041645,6.0,1239
9,12,"[""13303"",""13305"",""13306"",""13312"",""13314"",""13323"",""13403"",""13412"",""13414""]",4a175292577d66dbfe9ed35fbb2fb93aa7b32f0cdb5755d71f28da73170c41e0,2026090309,,,225,9,4517.33696944,501.926329938,54,0.609845153,3.5,1241
9,13,"[""13301"",""13305"",""13311"",""13313"",""13314"",""13315"",""13325"",""13401"",""13408""]",44ce326a53de1055e18896c2c6cd739aa9f570f76436c7fb17edc3ec014e351b,2026090309,,,229,9,4299.72296638,477.746996264,42,0.450057151,3.0,1275
9,14,"[""13305"",""13310"",""13314"",""13320"",""13324t"",""13402"",""13406"",""13407"",""13410""]",317a6d8d979a8cdbaba8d0986e58bbe72637e5cb067add1a3f6e5db097fbee4e,2026090309,,,167,9,4357.28696859,484.14299651,30,0.261697885,7.0,1283
9,15,"[""13307"",""13311"",""13313"",""13316m"",""13319"",""13322"",""13401"",""13410"",""13412""]",c420755d02e76dd38d9d755b8cf1550079883b034b517161494fab3c6bf39551,2026090309,,,184,9,4166.52096289,462.946773654,37,0.384527673,5.0,1286
9,16,"[""13302"",""13303"",""13306"",""13310"",""13315"",""13323"",""13326"",""13409"",""13410""]",a63864dc1e1208f1f1c1b0835952713c7ffd95c325f3bc8c9b9f22ca33c84b92,2026090309,,,250,9,4659.54396749,517.727107499,54,0.526847226,3.0,1268
9,17,"[""13308"",""13311"",""13315"",""13316uwt"",""13317"",""13318"",""13402"",""13410"",""13411""]",c79ca0738b8bcbb758ab583febe5d2d0daf559cfe16e84647e10b6e02f939363,2026090309,,,213,9,4632.0469703,514.671885589,37,0.368895799,4.0,1283
9,18,"[""13304"",""13308"",""13312"",""13316uwt"",""13319"",""13406"",""13408"",""13410"",""13411""]",16fa32615c0fe2da57f5d7b915ba27fcfbe121396edec68d13c12c707dfa2fdb,2026090309,,,216,9,4886.19296669,542.910329632,46,0.475073094,6.0,1254
9,19,"[""13301"",""13307"",""13316m"",""13317"",""13318"",""13319"",""13324t"",""13403"",""13412""]",29d6fb1d4a69294ed59c4152358583f5c342a9c128f8a3d0ff52611e2468f051,2026090309,,,218,9,4332.9259696,481.436218844,37,0.364498542,3.0,1259
9,20,"[""13303"",""13305"",""13306"",""13313"",""13316uwt"",""13319"",""13321"",""13404"",""13406""]",9c581da17b47901db73d1ebd326bd00123c1327c77d8325c0d427bfe1dedf666,2026090309,,,252,9,4829.81396239,536.645995821,54,0.406857321,3.0,1259
9,21,"[""13302"",""13305"",""13318"",""13320"",""13325"",""13326"",""13402"",""13407"",""13409""]",0493dd7de187c8ddcef4670e56eef839b0772466430a4551aba1de08e83dfbeb,2026090309,,,243,9,5175.82395809,575.091550899,50,0.437531979,3.5,1275
9,22,"[""13308"",""13309"",""13310"",""13318"",""13321"",""13322"",""13402"",""13409"",""13411""]",677ba57ef206ddc425ada6897afacdaa0ca84731b6f7f8ac25cc426353dd2b6a,2026090309,,,206,9,4678.97596792,519.886218658,33,0.264106223,5.0,1256
9,23,"[""13303"",""13313"",""13317"",""13318"",""13321"",""13326"",""13407"",""13411"",""13412""]",be6ca04a4213337f0687efd8ec89edbd6f3560c0de335e22fde8c609e6c68d96,2026090309,,,250,9,5196.13096077,577.34788453,54,0.454347884,3.0,1238
9,24,"[""13303"",""13306"",""13310"",""13318"",""13320"",""13321"",""13403"",""13411"",""13414""]",34ec16d86b04872c7ed6b711df8606ae4788c0d34a52060742c1325f1f75e316,2026090309,,,219,9,4499.3899666,499.932218511,54,0.51765599,3.0,1238
9,25,"[""13301"",""13304"",""13308"",""13309"",""13323"",""13403"",""13404"",""13410"",""13414""]",b047415635da56402a455db23d733cfdf512402221c02245338b21aaf8b56c13,2026090309,,,192,9,4659.50997268,517.723330298,37,0.477010548,7.0,1268
9,26,"[""13305"",""13310"",""13311"",""13312"",""13317"",""13320"",""13324t"",""13403"",""13410""]",7f54bdbb1363fdb24725e49f75df107b91bec65af9d6feb9ea92c36996069e36,2026090309,,,214,9,4212.52196341,468.057995934,46,0.458468134,3.0,1266
9,27,"[""13301"",""13313"",""13323"",""13324muw"",""13402"",""13406"",""13407"",""13412"",""13413""]",2e4513b884b832c4332256c44bad362318d3ddfabc2433f1d2e0becf7f99ac0f,2026090309,,,176,9,5010.45096288,556.716773653,37,0.482185216,7.0,1253
9,28,"[""13301"",""13311"",""13312"",""13318"",""13319"",""13323"",""13326"",""13402"",""13409""]",e5b951ee914944012db2cc2c9c3ba0d9ae2dd1f28bfc8883b6a85c77837f8f2a,2026090309,,,219,9,4518.11396746,502.012663051,46,0.470563398,4.0,1274
9,29,"[""13303"",""13304"",""13316m"",""13320"",""13323"",""13325"",""13403"",""13411"",""13412""]",4e25ddc3b996d1a24c21559630419668e82d58294eb74f20606a267d4dbe57ba,2026090309,,,223,9,4543.61896858,504.846552064,54,0.600059654,3.0,1257
9,30,"[""13301"",""13311"",""13316uwt"",""13319"",""13320"",""13322"",""13326"",""13403"",""13410""]",2841ea327d7a5f62b42729f46bb240572a296c765eb1a6475bf8e2ebeeff1f48,2026090309,,,190,9,3911.992974,434.665886,36,0.333037727,5.0,1268
9,31,"[""13305"",""13308"",""13319"",""13320"",""13322"",""13323"",""13403"",""13408"",""13414""]",1196bbec28883e8c96c93324fb4e204865356377aa81c5c93d626eacb9381a93,2026090309,,,175,9,3798.97897429,422.108774921,31,0.435111996,6.0,1257
9,32,"[""13301"",""13306"",""13308"",""13311"",""13312"",""13316m"",""13324muw"",""13402"",""13404""]",1fddd5ed94da8feea12c6ca0ce36ac4f4e4d853fc580473e49b8f9b012e37975,2026090309,,,231,9,4694.57896532,521.619885036,46,0.397326196,4.0,1256
9,33,"[""13312"",""13314"",""13316uwt"",""13318"",""13320"",""13324t"",""13403"",""13405"",""13408""]",f4cd3a0c86d1abf76157ab4688c1d8e659f3dce8226b14243a2ca013ada9a985,2026090309,,,188,9,4074.16596817,452.685107574,46,0.514832069,5.0,1239
9,34,"[""13302"",""13303"",""13305"",""13309"",""13314"",""13324muw"",""13403"",""13407"",""13409""]",682f3d4a43226428a0b3843d21df0ed6495ee6ef61c3316424c725edbb545999,2026090309,,,237,9,4937.58496402,548.620551558,54,0.548555663,4.0,1260
9,35,"[""13305"",""13313"",""13316uwt"",""13325"",""13401"",""13407"",""13408"",""13409"",""13412""]",1a01cc2d7fe48d970d40daab96eb12919e96fe73a77ae2c0f45927f66e2fcc3f,2026090309,,,202,9,5154.78295896,572.753662107,42,0.471572008,6.0,1275
9,36,"[""13305"",""13307"",""13311"",""13312"",""13313"",""13317"",""13323"",""13324muw"",""13401""]",0d443d2f7476c048ab73adeb07260b9a756bf8f3c2d439b8881ec44588733722,2026090309,,,216,9,3887.14196136,431.904662373,46,0.535758376,3.0,1259
9,37,"[""13305"",""13308"",""13311"",""13321"",""13404"",""13408"",""13410"",""13413"",""13414""]",6d7463a2b0f6bf89cea6c5ae7f5240aaa16786326fe664cec69b4bec1d5fb381,2026090309,,,167,9,4587.03297064,509.670330071,31,0.379472563,7.0,1263
9,38,"[""13302"",""13311"",""13313"",""13316m"",""13319"",""13321"",""13408"",""13409"",""13414""]",d6ced3ec858832e9c831a47e4ffb4dfc9d201f357fc067995a519b24cfe17503,2026090309,,,213,9,4621.60995833,513.512217592,50,0.511715553,4.0,1257
9,39,"[""13303"",""13304"",""13307"",""13309"",""13315"",""13316m"",""13319"",""13326"",""13409""]",c53349dfad575dfaffed5760934057fc5aea2be4e301592a5fd9f10233c23ffd,2026090309,,,247,9,4235.81897494,470.646552771,54,0.414421467,3.0,1259
9,40,"[""13301"",""13304"",""13305"",""13310"",""13311"",""13323"",""13326"",""13403"",""13408""]",b7eea3fbb99cceee43fb7aed627649d79b36464258026f8b2cdb48113f44f2c7,2026090309,,,195,8,3814.41397481,423.823774979,37,0.470175594,3.0,1257
9,41,"[""13301"",""13306"",""13310"",""13311"",""13316m"",""13325"",""13326"",""13401"",""13409""]",842776a931f6f55105e4b56daa260816d12b1645c49533a4cd6562e48b920da3,2026090309,,,219,9,4348.98996829,483.221107588,42,0.388906016,3.0,1275
9,42,"[""13312"",""13318"",""13319"",""13402"",""13403"",""13406"",""13408"",""13413"",""13414""]",f7b7dde01df16d567b62c9c93cae0e59a28ae1484ea6517315e40f581406ce51,2026090309,,,189,9,5211.45396347,579.050440386,46,0.534993636,7.0,1274
9,43,"[""13301"",""13315"",""13319"",""13321"",""13325"",""13326"",""13402"",""13403"",""13414""]",8acaabbad01141e80974b2c2d088f3760033aabd357b39286d07c3a8f3622efc,2026090309,,,222,9,4718.8069739,524.311885989,42,0.388851205,4.0,1274
9,44,"[""13301"",""13307"",""13310"",""13314"",""13319"",""13324t"",""13326"",""13407"",""13412""]",2846b77af0586dbffca35683d927335534ab90bb3684372440ef9b81a325afb9,2026090309,,,189,8,4006.88897291,445.209885879,36,0.314269681,4.5,1259
9,45,"[""13306"",""13309"",""13313"",""13316m"",""13318"",""13319"",""13401"",""13406"",""13413""]",c9224362c9f596cab003bcf544e96afecc3bfaba6f9627f56abe59faa187d633,2026090309,,,213,9,4612.08796001,512.454217779,37,0.351830873,4.0,1277
9,46,"[""13303"",""13304"",""13306"",""13307"",""13310"",""13315"",""13317"",""13326"",""13412""]",f3cc3673cbc9262a98e49bb6e183057dca05f610963aa6de56e057b7adf3534d,2026090309,,,264,9,4390.46797239,487.82977471,54,0.399832093,2.0,1257
9,47,"[""13307"",""13310"",""13311"",""13316m"",""13318"",""13324muw"",""13403"",""13404"",""13406""]",4602bb57f18a54c7433dae11c3686ea62a4049a8db47ba4c3d7014001f9eed34,2026090309,,,171,9,4036.01796666,448.44644074,33,0.321584259,7.0,1236
9,48,"[""13304"",""13309"",""13314"",""13317"",""13324t"",""13402"",""13405"",""13406"",""13413""]",063c6fd103cba11e80aca73c60c0ab0e0b08afe5e10687d13e09f1c5a71a5fec,2026090309,,,189,8,4594.21097183,510.467885759,37,0.423544891,7.0,1272
9,49,"[""13303"",""13307"",""13310"",""13323"",""13326"",""13404"",""13405"",""13410"",""13412""]",ff52788a523c43bc1041a991d96b499478527fde2e7f9a52f769632e1ea76742,2026090309,,,182,9,4418.68697101,490.965219001,54,0.627577405,6.0,1268
9,50,"[""13310"",""13317"",""13318"",""13320"",""13324t"",""13401"",""13403"",""13404"",""13408""]",1e3af3e9ea4a788d1f2520da35ea97cd8d25f65a07ab55c30661b3b73936ba90,2026090309,,,182,9,4379.70096687,486.633440763,37,0.430959814,7.0,1256
9,51,"[""13301"",""13307"",""13316m"",""13317"",""13320"",""13323"",""13326"",""13403"",""13407""]",b88bc37436d3a87bd9f93251d070935b20483301a653622092dd417ef4825f2c,2026090309,,,187,9,3877.66097659,430.851219621,37,0.447922815,5.5,1238
9,52,"[""13305"",""13306"",""13309"",""13316uwt"",""13321"",""13323"",""13404"",""13407"",""13414""]",8a09f091b78b63d50056ae63f6d880c2ba438569c0909d2b93224c8d02583186,2026090309,,,179,9,4159.69497408,462.188330453,30,0.349508208,6.0,1233
9,53,"[""13305"",""13316m"",""13317"",""13325"",""13403"",""13406"",""13408"",""13413"",""13414""]",8580352de367e3336065077e277ad96861e191afc118547b2d909c68e50cc4be,2026090309,,,198,9,4834.60896902,537.178774336,42,0.499770379,7.0,1255
9,54,"[""13305"",""13306"",""13313"",""13315"",""13318"",""13324t"",""13326"",""13410"",""13413""]",e2e78f3c6ac6fc5077a2eb8a274f41b2075b34b145100796b3635f54ccf658a0,2026090309,,,230,9,4458.59896286,495.399884762,37,0.307622138,3.0,1244
9,55,"[""13304"",""13310"",""13311"",""13312"",""13315"",""13316m"",""13403"",""13405"",""13408""]",9e0704259f614e97b0efccfb13f383a394618c894985c069cfd479a00283450f,2026090309,,,213,9,4333.67396876,481.519329862,46,0.486272578,3.0,1255
9,56,"[""13303"",""13310"",""13315"",""13321"",""13322"",""13323"",""13324muw"",""13326"",""13413""]",2701ad702ea3519567da1adc5ae44033e33995d75f04b458a71550fa283c9dde,2026090309,,,218,9,3809.52397811,423.280442012,54,0.505919841,3.0,1234
9,57,"[""13312"",""13313"",""13315"",""13323"",""13326"",""13401"",""13405"",""13407"",""13413""]",1134154c669ed934245d63a12c9e8fe8964751c7b19662f1f310150323639687,2026090309,,,200,9,4710.67896441,523.408773823,46,0.547768199,5.0,1259
9,58,"[""13301"",""13304"",""13307"",""13310"",""13316uwt"",""13317"",""13320"",""13407"",""13414""]",ed95ae9bdbf853802ddd1e7b6918670ca574324b110be3302decc312d3b567ef,2026090309,,,215,9,4229.12897154,469.90321906,37,0.401726937,3.0,1257
9,59,"[""13307"",""13308"",""13312"",""13313"",""13314"",""13318"",""13323"",""13405"",""13411""]",5fde2ee3b3f119ab1f31a620d2acb39318d73c36cd1d95d0dd562d2a6661ac8c,2026090309,,,213,9,4263.61096126,473.734551251,46,0.52774631,3.0,1219
9,60,"[""13304"",""13308"",""13316m"",""13317"",""13324t"",""13325"",""13326"",""13403"",""13413""]",30697040304578f0714b872dadc5fc2ba9674be4961c4590cba3af08b12a7d15,2026090309,,,238,9,4576.55396926,508.505996584,42,0.374821945,3.0,1255
9,61,"[""13303"",""13304"",""13306"",""13313"",""13320"",""13321"",""13323"",""13405"",""13407""]",f84d695822d2fcbfa6b68887045295ad4aefafc1a2e1ed87f07972550c240d40,2026090309,,,234,9,4497.79596326,499.755107029,54,0.533555181,3.0,1257
9,62,"[""13306"",""13311"",""13313"",""13317"",""13323"",""13324muw"",""13326"",""13406"",""13411""]",dc1810115c45229d8c43f84e40a3a8a39c4401e8c044d70858601970a5791f15,2026090309,,,192,9,3974.00896525,441.556551694,37,0.47495888,3.0,1152
9,63,"[""13305"",""13307"",""13321"",""13325"",""13401"",""13405"",""13409"",""13410"",""13411""]",7469abb15756863d2bcb1e7a717358945651f018c96c13a7285c24ea8ba54b77,2026090309,,,180,9,4752.38996796,528.043329773,42,0.470224533,7.0,1286
9,64,"[""13301"",""13308"",""13309"",""13317"",""13323"",""13326"",""13401"",""13405"",""13411""]",d528206dd5bcf17f63466f23fac22e1c55ac6d00928f1166f9b91e072602c4bf,2026090309,,,194,9,4242.79397621,471.421552912,37,0.474674822,6.0,1195
9,65,"[""13312"",""13316m"",""13317"",""13318"",""13322"",""13324muw"",""13326"",""13403"",""13405""]",f52fb3fc55bd6730b16be2011a47d28fb5de49e99e716a8255e41f0b1f144448,2026090309,,,230,9,4393.21996789,488.135551988,46,0.41169115,3.0,1239
9,66,"[""13301"",""13307"",""13312"",""13313"",""13321"",""13326"",""13405"",""13412"",""13414""]",102a6adbf29582ad007cc3906115aa4b7dc0a922f65171a65b2cbc1a9a0b5b18,2026090309,,,217,9,4667.57896293,518.61988477,46,0.486213334,4.5,1241
9,67,"[""13306"",""13318"",""13319"",""13322"",""13323"",""13324t"",""13325"",""13402"",""13404""]",bab9f33728f2a0153163efb5fe1a77cb4b9cbbef5120307ed266ed35466193dd,2026090309,,,218,9,4431.34596582,492.37177398,42,0.399688457,3.0,1274
9,68,"[""13307"",""13316uwt"",""13401"",""13402"",""13404"",""13406"",""13407"",""13410"",""13413""]",253bdba999d031eb102082df8e91d18303cb47f632c5102fbadac17057041eb7,2026090309,,,143,9,5117.76096898,568.640107664,21,0.149656885,7.0,1286
9,69,"[""13307"",""13308"",""13311"",""13322"",""13325"",""13402"",""13405"",""13407"",""13410""]",ba00caee6ebb7caa1bb3e03aa70da11ac05cabf7a2f24c1150da5ef4b71612b4,2026090309,,,190,9,4712.14396512,523.57155168,42,0.441791869,6.0,1283
9,70,"[""13301"",""13306"",""13308"",""13310"",""13315"",""13317"",""13320"",""13402"",""13411""]",e4dd882d38efcb5747d70d7b51687034767e051109d05cd582fdcf2cea80fa95,2026090309,,,236,9,4581.53197148,509.059107942,37,0.31538634,3.0,1192
9,71,"[""13301"",""13307"",""13312"",""13313"",""13318"",""13322"",""13326"",""13410"",""13414""]",d68b2869210e90e4ddb51f837c54e1107aea807b3e28d6eb83694b573a2f9f17,2026090309,,,241,9,4639.96996029,515.55221781,46,0.417997021,3.0,1268
9,72,"[""13316uwt"",""13321"",""13325"",""13401"",""13406"",""13407"",""13411"",""13413"",""13414""]",1ff5788289bf32395a1df514a2e722694332944933d1a1483fb6a9edc8da0b2c,2026090309,,,169,9,4970.91196906,552.323552118,42,0.472854746,7.0,1275
9,73,"[""13302"",""13309"",""13311"",""13319"",""13321"",""13323"",""13407"",""13409"",""13412""]",0b6804eaf77b374907d20aeb1783cceb3847eaaaef21467f5cb3fb92b1bb2f3d,2026090309,,,192,9,4516.44796531,501.827551701,50,0.533085066,6.0,1257
9,74,"[""13303"",""13308"",""13309"",""13312"",""13315"",""13320"",""13324t"",""13405"",""13407""]",cf894d34bdec43e35c35b0217ac5e864fb5d603d40e42b907a9f3981e97e7cbe,2026090309,,,248,9,4632.48196625,514.720218472,54,0.490213804,3.0,1241
9,75,"[""13305"",""13307"",""13308"",""13311"",""13316m"",""13324t"",""13326"",""13411"",""13414""]",cdfedf354bc964b5195e5cfbb8292da93cecf89992c63ed26748daf01e6a032d,2026090309,,,178,9,3612.33297278,401.370330309,31,0.335200762,4.0,1084
9,76,"[""13303"",""13310"",""13311"",""13315"",""13321"",""13324muw"",""13404"",""13408"",""13412""]",54b5b0be4271ea0cf6181d0a64a6192628c0d24fdf8e81219c7d7f4ac5294c95,2026090309,,,205,9,4356.34197138,484.03799682,54,0.545120587,3.0,1234
9,77,"[""13304"",""13310"",""13311"",""13314"",""13315"",""13316m"",""13317"",""13319"",""13405""]",008c9eb1ea38e8bd2675949e2ced88fdbb607e6659b7a893442eb6390aab6349,2026090309,,,222,9,3880.97097493,431.218997214,37,0.351870718,3.0,1245
9,78,"[""13307"",""13313"",""13316m"",""13317"",""13321"",""13322"",""13324muw"",""13407"",""13414""]",603a249fb8d4e8cbb9a88f3989e40c74f5fce6e03b419447a138606bbaaf1f0e,2026090309,,,206,9,4191.92896592,465.769885102,37,0.373817928,3.0,1206
9,79,"[""13304"",""13305"",""13307"",""13311"",""13315"",""13316m"",""13402"",""13409"",""13411""]",c1fc80f0aaedfee903edc7fd5caaa7212c78229c40fe0720eaa97fee15b74cea,2026090309,,,198,9,4319.3609727,479.928996967,37,0.370515735,5.0,1272
9,80,"[""13305"",""13307"",""13315"",""13322"",""13401"",""13403"",""13406"",""13407"",""13410""]",e8f06de3bf7882e0ecfac1fd7323422c2863a5db2c6a8919a00ef58041d2dfc6,2026090309,,,174,9,4538.22897302,504.247663669,31,0.364931215,7.0,1286
9,81,"[""13309"",""13311"",""13313"",""13319"",""13322"",""13324t"",""13326"",""13408"",""13413""]",abc67bd431e21bf0bfcd5cc13114e4350ca9d0814d5a535fd50b546454abaab1,2026090309,,,191,9,3926.75196467,436.305773852,37,0.355250167,4.0,1217
9,82,"[""13301"",""13306"",""13317"",""13323"",""13324t"",""13326"",""13406"",""13411"",""13414""]",25868a34c090993c9da780865617f0f73610398c12bf45862d4191583b4e0e3d,2026090309,,,190,9,4157.39097522,461.93233058,37,0.47862916,5.0,1177
9,83,"[""13302"",""13303"",""13304"",""13314"",""13316m"",""13326"",""13402"",""13406"",""13409""]",2397c501f789a4422ef4c424cb2ee51055f5906ede6aacccf38c7184525de768,2026090309,,,249,9,5066.37896733,562.93099637,54,0.524615447,3.0,1275
9,84,"[""13304"",""13310"",""13315"",""13316uwt"",""13322"",""13404"",""13408"",""13409"",""13413""]",7491eb6d98c1172f085e47720f0b05d37458cce6bcea4c6e1c6a3369d7d6ab5b,2026090309,,,199,9,4658.5119737,517.612441522,37,0.352547572,6.0,1252
9,85,"[""13302"",""13315"",""13316m"",""13318"",""13323"",""13324muw"",""13408"",""13409"",""13412""]",6b95474c7d937f1125aac4bb4e57b6644d0f8b451d2b1fc210e8e3d9f92efe4d,2026090309,,,205,9,4384.491968,487.165774222,50,0.54708138,3.5,1257
9,86,"[""13301"",""13302"",""13317"",""13324muw"",""13402"",""13408"",""13409"",""13412"",""13414""]",39ffe46fb36b1e773a39a7f943cb0c72d9dd238bd0d47290bdebdbd433d12b9e,2026090309,,,212,9,5295.7019646,588.4113294,50,0.553195513,7.0,1275
9,87,"[""13315"",""13316uwt"",""13322"",""13324t"",""13401"",""13404"",""13409"",""13410"",""13412""]",ba65dd4542d51ed5f00e0800bd1bf6959ae620c97294f5911c8c6937d2cc0867,2026090309,,,172,9,4694.17097295,521.57455255,31,0.295426652,7.0,1286
9,88,"[""13301"",""13303"",""13307"",""13310"",""13311"",""13316uwt"",""13317"",""13323"",""13401""]",c659c343255211fe16105c4649f97be31ddcaf70b74045ba52e6d32a7fac83bf,2026090309,,,221,9,3852.80297402,428.089219336,54,0.575959625,3.0,1216
9,89,"[""13302"",""13305"",""13307"",""13320"",""13401"",""13403"",""13406"",""13411"",""13414""]",f1b2fe645ea7203b416bec3735304ea00b6ee1a91664e035f54c7567fea58c8d,2026090309,,,177,9,4507.72896482,500.858773869,50,0.605443088,7.0,1278
9,90,"[""13305"",""13308"",""13319"",""13321"",""13401"",""13402"",""13404"",""13406"",""13413""]",bd8e399df6ce63368e500e2795253d2613a19b7fdf621052ca6ea54287b8d254,2026090309,,,185,9,4992.69696989,554.744107766,31,0.33003973,7.0,1277
9,91,"[""13308"",""13311"",""13316m"",""13317"",""13322"",""13406"",""13407"",""13409"",""13412""]",45cbf7c7343b9c78502f7a88a41c423ba88fe9508db26ab5d8ddc1a194f42166,2026090309,,,194,9,4787.83496908,531.981663231,37,0.362074419,7.0,1216
9,92,"[""13308"",""13309"",""13314"",""13316uwt"",""13317"",""13323"",""13325"",""13326"",""13401""]",17ebb56b043e591c3afb8c01100521b5f402984137a1e6519550b54ee0f0797b,2026090309,,,210,9,3811.83297647,423.536997386,42,0.457142857,3.0,1275
9,93,"[""13306"",""13308"",""13311"",""13315"",""13321"",""13324t"",""13325"",""13404"",""13411""]",4464c58096fc215a95adf44de0e414c75cf52d14d90ae2a8301f408523c2f0bf,2026090309,,,219,9,4385.95896887,487.328774319,42,0.374150693,3.0,1252
9,94,"[""13307"",""13314"",""13315"",""13319"",""13326"",""13401"",""13406"",""13408"",""13412""]",60e86a604a20422df3ef38396274032005e1c318002155919daec15dc272947e,2026090309,,,162,9,3955.31597842,439.479553158,31,0.361941116,7.0,1277
9,95,"[""13303"",""13306"",""13307"",""13316uwt"",""13321"",""13322"",""13408"",""13410"",""13414""]",ad74e929393a65ceb089c3f6fe71003752191a3fe907cc704046471b86850b07,2026090309,,,206,9,4209.68397386,467.742663762,54,0.548178416,3.0,1268
9,96,"[""13303"",""13317"",""13320"",""13321"",""13324muw"",""13325"",""13402"",""13409"",""13410""]",873f698a7d8b3e062c2ead458dd9a3fcb94cf37c1930df2bc8e471edd1fb4ccb,2026090309,,,237,9,5022.74896578,558.08321842,54,0.512619158,3.0,1283
9,97,"[""13301"",""13306"",""13307"",""13310"",""13314"",""13319"",""13320"",""13326"",""13413""]",3e8d983e9d6f57bedd03ec61471ddedad994dad68986a4c829e09a8b279a6dea,2026090309,,,200,9,3713.36797416,412.596441573,36,0.321558704,3.0,1259
9,98,"[""13302"",""13311"",""13315"",""13316uwt"",""13317"",""13322"",""13401"",""13402"",""13413""]",94faeb8746dbeb663c4e8f10aa855e3efcac3bab73bf952b57432bc97243c664,2026090309,,,223,9,4650.8219689,516.757996544,50,0.480469784,3.0,1278
9,99,"[""13306"",""13307"",""13310"",""13311"",""13313"",""13315"",""13325"",""13401"",""13402""]",538bf8ab55a6c6b9be4bf0d7e3ce1d371f4867e94352273afa5d3bb0c14e5341,2026090309,,,222,9,4368.21895958,485.357662176,42,0.416075792,3.0,1275
9,100,"[""13302"",""13305"",""13308"",""13311"",""13321"",""13325"",""13326"",""13407"",""13409""]",132edd8e9ccea04713aa3998f5ba189bc0923edb7b56c4107ef30ba894dfd448,2026090309,,,244,9,4858.54196193,539.83799577,50,0.427488682,3.0,1257
9,101,"[""13301"",""13303"",""13312"",""13315"",""13318"",""13321"",""13323"",""13324muw"",""13413""]",fe16625cb6ec1670c796f8d9c66b5238adfc77038e5c050aa5039a1e542ead0d,2026090309,,,262,9,4513.9939712,501.554885689,54,0.487534728,3.0,1241
9,102,"[""13302"",""13304"",""13305"",""13309"",""13324muw"",""13408"",""13409"",""13410"",""13414""]",74c9680018599578a698afeda8ae6a55539df685be1af03224f227c0484497ad,2026090309,,,211,9,4773.08396398,530.342662664,50,0.527068769,5.0,1265
9,103,"[""13309"",""13310"",""13316uwt"",""13321"",""13322"",""13402"",""13406"",""13409"",""13414""]",e22b4ce3bc1a1f5efde464763daa27afc910e2cb0c4d4a4dea0ae61a1a12056a,2026090309,,,175,9,4481.64397222,497.960441358,26,0.227569231,7.0,1256
9,104,"[""13303"",""13306"",""13307"",""13308"",""13309"",""13316m"",""13322"",""13326"",""13413""]",86d07cc0c85cc6475cd423491c0036713d59b0ed106e3dfd9206a329b4a2f93f,2026090309,,,237,9,4108.82397299,456.535996999,54,0.422868179,3.0,1198
9,105,"[""13303"",""13309"",""13313"",""13318"",""13319"",""13322"",""13326"",""13407"",""13410""]",021568d996d18aa25c5c8218cf626b4c627355a0672611ae8765cbed80b381b8,2026090309,,,252,9,4859.0839599,539.898217767,54,0.405810965,3.0,1268
9,106,"[""13305"",""13309"",""13318"",""13320"",""13322"",""13323"",""13324muw"",""13326"",""13412""]",71b564efb86b3bb40e1b86c50a11b2836f9eca8f42bbe09a346d081aa763d8c0,2026090309,,,188,9,3468.32097309,385.36899701,33,0.355707521,3.0,1214
9,107,"[""13303"",""13314"",""13316uwt"",""13318"",""13322"",""13401"",""13403"",""13409"",""13412""]",28cb401f465358a2ec2e09f84966f3b3273bbf05bd4df7aa2aa0399c92bcc60e,2026090309,,,208,9,4735.13597108,526.126219009,54,0.544437987,6.0,1259
9,108,"[""13303"",""13307"",""13309"",""13310"",""13313"",""13324t"",""13402"",""13405"",""13413""]",f27d623b8e4aa03a1ee7a726f3498a8ce507465d3d7eff006ef5f3a72ab5636e,2026090309,,,215,9,4644.85295927,516.094773252,54,0.529661055,3.5,1213
9,109,"[""13302"",""13307"",""13308"",""13309"",""13311"",""13324t"",""13403"",""13404"",""13412""]",7f0cdd8fc03b71817c7fbebc0cc03587f1574ee102ec284d57941d07d48cc4f7,2026090309,,,196,9,4459.18396221,495.46488469,50,0.514876564,6.0,1258
9,110,"[""13301"",""13311"",""13312"",""13316m"",""13317"",""13319"",""13323"",""13401"",""13408""]",168da0bce84a634ac9cf969f4c0821de269868c0881d9f4d994811953016e358,2026090309,,,214,9,4120.18197165,457.79799685,46,0.53849945,3.0,1277
9,111,"[""13303"",""13305"",""13307"",""13321"",""13324t"",""13402"",""13405"",""13407"",""13412""]",e73a26fa14caa5eeaac7f92785b58bd41220e30b88d50064ee900fe992f4c99a,2026090309,,,201,9,4750.77796849,527.864218721,54,0.544725003,6.0,1253
9,112,"[""13305"",""13308"",""13313"",""13320"",""13322"",""13324muw"",""13401"",""13408"",""13413""]",cfb146dda1b6bb83664c662b7cf8d0094cce1a58d573f7ce89166e29047fd002,2026090309,,,195,9,4193.39096366,465.932329296,37,0.411664251,4.0,1185
9,113,"[""13304"",""13305"",""13308"",""13316m"",""13323"",""13401"",""13403"",""13408"",""13411""]",363ea8aa0c16b4cb983de4ae2457b7d1cd56132aa2c8e3b1f3c21215f061bd78,2026090309,,,180,9,4186.42997442,465.158886047,37,0.494413232,7.0,1275
9,114,"[""13302"",""13303"",""13312"",""13313"",""13316m"",""13317"",""13320"",""13324t"",""13412""]",0cf17cdb5db72666b8d940000bcf2b70d780d562b4730c6c2e2c56beeb24fff0,2026090309,structural,trip_heavy,296,9,5042.31895129,560.257661254,54,0.438148455,2.0,1260
9,115,"[""13305"",""13312"",""13313"",""13319"",""13322"",""13326"",""13411"",""13412"",""13413""]",26b4db92d227f5f11ffc5a67edb5b77f9f06ba808a5130a6b3e0cd3822c0e9a8,2026090309,,,231,9,4869.97595974,541.108439971,46,0.399865047,4.0,1235
9,116,"[""13305"",""13306"",""13308"",""13313"",""13317"",""13318"",""13405"",""13408"",""13410""]",7f89315cc315f17528084368a524fbb29593ad64b353fc0d922ad09f56bf42a3,2026090309,,,237,9,4853.32295916,539.258106573,37,0.3716435,3.0,1246
9,117,"[""13304"",""13313"",""13318"",""13319"",""13320"",""13325"",""13401"",""13408"",""13409""]",7194c9b22b69273f1b98d82f0f9e3245c57b7e34815e6289b6a1ec1810dd94f7,2026090309,,,232,9,4818.41895659,535.379884066,42,0.438427969,3.0,1277
9,118,"[""13307"",""13311"",""13316m"",""13317"",""13318"",""13408"",""13409"",""13411"",""13412""]",a845e4c7d93a4ca9afa9fbd6e8dc361b91b188e9f753ad6a993fb0ec613d0e17,2026090309,,,179,9,4404.20696866,489.356329851,37,0.436684296,7.0,1209
9,119,"[""13312"",""13314"",""13315"",""13326"",""13401"",""13404"",""13406"",""13408"",""13409""]",870c79fbc84b762e957327d3994cc0b2c02ff905e9d446598416c8cd1edd28ed,2026090309,,,185,9,4763.29197341,529.254663712,46,0.515416106,7.0,1259
9,120,"[""13301"",""13302"",""13313"",""13316m"",""13320"",""13326"",""13401"",""13405"",""13412""]",c8b77ed11d99706aec691049a67919841045ee06a44cac8dacfc132534ff9fc1,2026090309,,,223,9,4699.08895957,522.120995508,50,0.504000765,4.0,1278
9,121,"[""13301"",""13303"",""13307"",""13316uwt"",""13317"",""13324t"",""13403"",""13407"",""13412""]",b046d84fdc733ed92c47e71fd58f276489a8bced17d366610322cfd0014312ee,2026090309,,,227,9,4769.86597039,529.985107821,54,0.52124051,4.0,1238
9,122,"[""13301"",""13302"",""13303"",""13308"",""13311"",""13313"",""13314"",""13326"",""13412""]",1d085031aa37c7f50ca24c3ca1afd74d71c113fbf28bba1b48bb0faa637ab0fe,2026090309,,,274,9,4809.34495937,534.371662152,54,0.46686807,3.0,1260
9,123,"[""13304"",""13305"",""13310"",""13316uwt"",""13318"",""13402"",""13405"",""13408"",""13410""]",0f8d1815a25c9e4bcb2edd1f91378f541a74c82b412ae608d333ee3f95bb6540,2026090309,,,201,9,4644.13296744,516.01477416,37,0.392057479,5.5,1283
9,124,"[""13305"",""13313"",""13322"",""13323"",""13324muw"",""13401"",""13405"",""13411"",""13414""]",1fcb9bab33044dd0f4ff696a113bcdae66b738c5ca12672f4975fa12cb987b9e,2026090309,,,169,9,4104.34196606,456.037996229,37,0.494994376,6.0,1185
9,125,"[""13310"",""13313"",""13314"",""13315"",""13316m"",""13318"",""13325"",""13405"",""13411""]",42e0de6d0f7375d489c8e6ba4d3cf955e604eba8dbed8564e708a58a43ec04b5,2026090309,,,233,9,4477.90996186,497.545551318,42,0.381274374,3.0,1235
9,126,"[""13304"",""13305"",""13306"",""13307"",""13311"",""13313"",""13314"",""13316m"",""13325""]",788df41f85280985e2035fbd0d44df31db86a109682a443f1532a8dd42f26ffe,2026090309,,,244,9,3945.41596204,438.379551338,42,0.367392374,2.0,1243
9,127,"[""13301"",""13307"",""13311"",""13318"",""13320"",""13324t"",""13402"",""13404"",""13413""]",01bd41d260d61bf7af7859febb26a90388c60c4ddb2dbb0888d9379f02eeccf5,2026090309,,,181,9,4297.46796717,477.496440797,36,0.388315655,7.0,1253
9,128,"[""13306"",""13314"",""13320"",""13324t"",""13404"",""13410"",""13411"",""13412"",""13413""]",1ad860e2755b203b031fdf9cf80ff7fd4b4524c33630df39995c82edd2fa434a,2026090309,,,156,9,4532.13396937,503.570441041,30,0.266469355,7.0,1263
9,129,"[""13303"",""13309"",""13312"",""13316m"",""13323"",""13324muw"",""13403"",""13406"",""13408""]",e2a773e451a2e82cd302bb885745dda9cbf23ab5428b832891073656e2948d6a,2026090309,,,209,9,4316.13096948,479.57010772,54,0.651104585,3.5,1241
9,130,"[""13312"",""13315"",""13316uwt"",""13317"",""13321"",""13325"",""13404"",""13407"",""13413""]",69722251684b839cf4649f11c90cbc2be883756be4fd5f1d66f1d56c5cb33838,2026090309,,,248,9,5222.5139674,580.279329711,46,0.401973863,3.0,1252
9,131,"[""13301"",""13302"",""13316m"",""13322"",""13325"",""13326"",""13404"",""13406"",""13408""]",73213c5cd33fc4d31150270aa59725c65f8b7f81cb369f93f7b8c1eebed8861d,2026090309,,,240,9,4917.46096621,546.384551801,50,0.469707356,3.0,1260
9,132,"[""13302"",""13317"",""13321"",""13404"",""13407"",""13409"",""13411"",""13412"",""13413""]",f584840627d6f2576f535adc14b32be5817e28f5880bd54bf36278da6c676237,2026090309,structural,energy_heavy,204,9,5762.52596258,640.280662509,50,0.518265005,7.0,1257
9,133,"[""13301"",""13302"",""13307"",""13318"",""13319"",""13403"",""13405"",""13406"",""13412""]",e18b1862cf6e209d925a2e08226c9e6836e2af062e936616953346248a5838e7,2026090309,,,217,9,4976.20296215,552.911440239,50,0.515964424,7.0,1260
9,134,"[""13301"",""13302"",""13308"",""13310"",""13311"",""13314"",""13324t"",""13409"",""13412""]",ac5266d678884f456eeca73e3ff7ea19ea83481f71a81a90758640cc285afbb0,2026090309,,,221,9,4512.41696427,501.379662697,50,0.469499262,4.0,1260
9,135,"[""13301"",""13313"",""13317"",""13321"",""13322"",""13324t"",""13405"",""13408"",""13411""]",909f6415e2628aa6f6f7589d673db7dc8434b3c67ba92d47b1aaf2c2d85d4a53,2026090309,,,214,9,4553.03296647,505.89255183,37,0.424179653,4.0,1234
9,136,"[""13307"",""13310"",""13313"",""13316uwt"",""13323"",""13324muw"",""13401"",""13405"",""13411""]",c561fa75bfa11b91b2393a833fd9c1f99dfa9911d424caefcfc292d0cc0b6ed5,2026090309,,,161,9,3787.42496546,420.824996162,37,0.453713848,5.0,1185
9,137,"[""13307"",""13315"",""13316m"",""13318"",""13322"",""13323"",""13326"",""13408"",""13409""]",c8c8e31b5951d3474e588822e6e9b86ac5763f24f31548459046f668ea92b242,2026090309,,,185,9,3661.17797853,406.79755317,33,0.394631616,3.0,1209
9,138,"[""13303"",""13306"",""13309"",""13313"",""13320"",""13406"",""13407"",""13409"",""13412""]",cc0cd58401e78b1d2fbe1bac3d46eaa7c9767226e1b85d4f37a8395cd4b88f9a,2026090309,,,222,9,5165.39095774,573.932328638,54,0.514224259,5.0,1241
9,139,"[""13305"",""13309"",""13318"",""13320"",""13321"",""13322"",""13403"",""13410"",""13412""]",5930ec42b97e2c9aaaed2a74c15654b4bb3f5d3c5705f84f5cb1f4a751e33dc2,2026090309,,,193,9,4278.9729694,475.441441044,33,0.309409298,5.0,1266
9,140,"[""13303"",""13307"",""13309"",""13319"",""13324muw"",""13326"",""13401"",""13406"",""13412""]",a0aa026f279b9785fb8c4ae7e0a081d55ee8b776f48c2bc03eebf65ebeba17a1,2026090309,,,197,9,4214.81597096,468.312885662,54,0.556804435,3.5,1277
9,141,"[""13305"",""13306"",""13307"",""13321"",""13323"",""13324t"",""13407"",""13413"",""13414""]",c7b892dc85bfaf40492911f27570f8fbbb3407955c2e9e5decc6acbe1620c7d6,2026090309,,,167,9,3894.68797317,432.74310813,30,0.383701062,6.0,1214
9,142,"[""13301"",""13302"",""13312"",""13313"",""13324muw"",""13325"",""13402"",""13403"",""13411""]",c088ab4ada78e96daa9a44af365d8266066c9e1a34e87346c77f0425417870d2,2026090309,,,273,9,5621.2839488,624.587105422,50,0.457596985,3.0,1275
9,143,"[""13302"",""13306"",""13308"",""13317"",""13318"",""13321"",""13324muw"",""13404"",""13405""]",83c522cad802d730ba8b28263ecf807f9600e8e4c28e5af040f37cd64b4aa331,2026090309,,,250,9,4869.58796198,541.065329109,50,0.398998747,3.0,1257
9,144,"[""13301"",""13304"",""13312"",""13315"",""13316m"",""13318"",""13401"",""13404"",""13409""]",17df0c7421cdf958fd08b7035eb0d35f1b57fbad63460ed16fd123994fc891ad,2026090309,,,252,9,5132.12396802,570.235996447,46,0.381324223,3.0,1275
9,145,"[""13311"",""13316uwt"",""13401"",""13403"",""13404"",""13405"",""13410"",""13412"",""13413""]",86d051297e9d9c875a88245fb6a42a362bd8f65d1c9c4afba553a824d812014b,2026090309,structural,trip_light,136,9,4878.91596876,542.101774307,21,0.163427285,7.0,1286
9,146,"[""13313"",""13316uwt"",""13325"",""13326"",""13402"",""13403"",""13404"",""13407"",""13408""]",cd3fc8e971f7d65268f3150d01636e35e25871b3291a9a23294d5a1a089de6ad,2026090309,,,197,9,5235.55596035,581.728440039,42,0.45351289,7.0,1272
9,147,"[""13302"",""13307"",""13310"",""13314"",""13316m"",""13323"",""13324muw"",""13325"",""13403""]",22e9b3611271b1993061b720482c4516e650c6ce2306b8f31879ba9615fc0871,2026090309,,,209,9,3803.21796662,422.579774069,50,0.564309393,3.0,1258
9,148,"[""13313"",""13314"",""13315"",""13317"",""13318"",""13319"",""13320"",""13402"",""13405""]",347426536fcd4a03622fcf7c3a8edbe63374f455d50500b41a976a7fca3f68a5,2026090309,,,227,9,4469.11096461,496.567884957,37,0.364708758,3.0,1274
9,149,"[""13307"",""13310"",""13312"",""13313"",""13317"",""13323"",""13325"",""13402"",""13408""]",94c60dd0c1911ea56d7c8473beecf1dace46a83b565c39f9a9d9c58b3386ea55,2026090309,,,237,9,4619.69595742,513.299550824,46,0.514491176,3.0,1272
9,150,"[""13301"",""13311"",""13314"",""13319"",""13324t"",""13406"",""13408"",""13409"",""13410""]",a98003eceb62cd96b10e1a6b37f8caba29f49793d2b1f574a18ca083bef7cca2,2026090309,,,168,9,4319.5199721,479.946663567,36,0.397697454,7.0,1268
9,151,"[""13305"",""13309"",""13310"",""13315"",""13316m"",""13320"",""13402"",""13405"",""13406""]",fc6681bee9cacbd4b033c56006de5339b76cefa0e8f1b5b42d879f7cbaf1ccd3,2026090309,,,190,9,4147.90797212,460.878663569,31,0.294924752,5.0,1153
9,152,"[""13301"",""13304"",""13307"",""13310"",""13311"",""13315"",""13320"",""13406"",""13411""]",f1e09b0fccacf611ccd30d376b7c3f6b7b67cf5e8312bf4a3b1679c6d483a5c2,2026090309,,,201,9,3939.12797262,437.680885847,37,0.417377058,3.0,1257
9,153,"[""13302"",""13305"",""13313"",""13316m"",""13320"",""13322"",""13405"",""13409"",""13410""]",e02f5e2dc03acfc9e8f3bdb334614dbb1c5be49e29efa67e81bb5a2c71e6dc2a,2026090309,,,227,9,4792.12395662,532.458217402,50,0.455430766,4.0,1265
9,154,"[""13301"",""13304"",""13307"",""13311"",""13314"",""13321"",""13322"",""13408"",""13409""]",586bd012241e965a3cd0aa0ea899ea02a523b933f47cb4d714dcbd3913d15ff1,2026090309,,,194,9,3918.26997706,435.363330784,37,0.417875633,5.0,1257
9,155,"[""13301"",""13308"",""13321"",""13322"",""13326"",""13401"",""13405"",""13407"",""13410""]",66a84c353dd59c550f83156ffcb499ff531b759ec5bc44b56b0a659697d0f8bc,2026090309,,,193,9,4672.69597409,519.188441566,36,0.363285972,7.0,1286
9,156,"[""13303"",""13310"",""13316m"",""13317"",""13325"",""13402"",""13410"",""13412"",""13413""]",d524ba1485ee33efcca6aef64539b827e06e3e4f6e5e1b6f802620d3005e7c1a,2026090309,,,242,9,5362.04296394,595.782551549,54,0.497552235,4.0,1283
9,157,"[""13306"",""13312"",""13326"",""13401"",""13404"",""13408"",""13410"",""13412"",""13413""]",73f5d4846d208d0bb00794e7f980df2f1c2ba4008665eb0c303f6cc185840f3d,2026090309,,,182,9,5119.52496627,568.836107363,46,0.522700483,7.0,1286
9,158,"[""13301"",""13313"",""13316m"",""13319"",""13322"",""13325"",""13407"",""13410"",""13413""]",ba1944d59ff4d70fac1a3f041a06d3dc9a490748fbccf9a4b5b3db5edf3701a6,2026090309,,,238,9,5124.11595983,569.346217759,42,0.358351883,4.0,1268
9,159,"[""13303"",""13306"",""13307"",""13310"",""13316m"",""13318"",""13319"",""13410"",""13411""]",4e98edd3b94730f40ee303c217bdda1cb0498cb3bb689065c300664e2f3ad3e5,2026090309,,,235,9,4444.23496553,493.803885059,54,0.451144112,3.0,1268
9,160,"[""13307"",""13308"",""13313"",""13318"",""13324t"",""13401"",""13404"",""13406"",""13412""]",322a052cb7fbe09998266d0fca0707c7262e5e87d6dfd62992ff255b8223b3b2,2026090309,,,192,9,4731.54395857,525.727106508,37,0.42100605,7.0,1256
9,161,"[""13310"",""13316m"",""13323"",""13324t"",""13404"",""13406"",""13407"",""13408"",""13414""]",05a92ad09485ebf67b797e61dc5fa60db250a6047d14f46fed6765085e28ee4f,2026090309,,,144,9,4240.77297145,471.196996828,24,0.314576435,7.0,1233
9,162,"[""13311"",""13313"",""13314"",""13315"",""13316m"",""13322"",""13326"",""13407"",""13414""]",9ecb97b5e895589e9bb5ca7077b5584968a48a34dc4d95d595e6a611765b867c,2026090309,,,197,9,3960.77697047,440.086330052,37,0.356777328,3.5,1196
9,163,"[""13303"",""13304"",""13306"",""13307"",""13311"",""13315"",""13316m"",""13323"",""13404""]",661002240d5e91c9e68099c9fc274c28e637043678715b23ae06e0825c5d2ebb,2026090309,,,229,9,3932.29597454,436.921774949,54,0.527643929,3.0,1257
9,164,"[""13301"",""13306"",""13308"",""13310"",""13314"",""13316uwt"",""13318"",""13321"",""13412""]",8ecface02117ef1d9a394e97479268a96e6a697e70f0fbfe676cb4189fd62006,2026090309,,,228,9,4215.11697218,468.346330242,36,0.279740679,3.0,1238
9,165,"[""13306"",""13307"",""13313"",""13322"",""13403"",""13404"",""13409"",""13410"",""13411""]",76b7f99b43cedceee8c788798764be61afa03aadc1ce5aa3c24931ddd031345f,2026090309,,,185,9,5016.58496066,557.398328962,37,0.384506362,7.0,1266
9,166,"[""13302"",""13313"",""13314"",""13319"",""13321"",""13407"",""13408"",""13409"",""13413""]",2d7618e071b2070d81f41af1fb1e8f0c77843feac5ba842d80d0d5e3721d1739,2026090309,,,212,9,5105.98295893,567.331439881,50,0.503944922,6.0,1257
9,167,"[""13303"",""13304"",""13305"",""13307"",""13316m"",""13318"",""13321"",""13322"",""13404""]",cd00a8a0457928750a9db062ff43fb173cddef45e35bafe645b6198db4ac2bcc,2026090309,,,257,9,4383.6789708,487.0754412,54,0.393823531,3.0,1257
9,168,"[""13301"",""13305"",""13312"",""13319"",""13325"",""13326"",""13401"",""13412"",""13414""]",2654b26281e6694b066f93e70182820135985f98c5f50645a4d980e449bdd472,2026090309,,,241,9,4872.35796574,541.373107304,46,0.449781813,3.0,1277
9,169,"[""13301"",""13303"",""13311"",""13314"",""13324t"",""13325"",""13408"",""13409"",""13410""]",45e6d02a75b2d24c207eabeffc5b2ed705adb5affe347f434038329f1caa9e17,2026090309,,,223,9,4662.95796845,518.106440939,54,0.580436069,4.0,1268
9,170,"[""13308"",""13315"",""13320"",""13323"",""13401"",""13402"",""13404"",""13410"",""13414""]",783d4e130780100e04329476f2571f31a3f556247e1d6e559a258807b232b70a,2026090309,,,159,9,4451.22097406,494.580108229,31,0.431906534,7.0,1286
9,171,"[""13301"",""13305"",""13308"",""13312"",""13324muw"",""13401"",""13403"",""13408"",""13412""]",c804c6195ed13a45f791e9a79b7bcbae6f4b7e6372d7cce9a314df6408b61be6,2026090309,,,212,9,4782.30196722,531.366885247,46,0.50115566,7.0,1259
9,172,"[""13303"",""13310"",""13322"",""13323"",""13324t"",""13406"",""13411"",""13412"",""13414""]",621bbcf5aa211f6634c41c62a98090df6b67eb4dd679f9f3a4fab6b7e24d0609,2026090309,,,185,9,4315.48097069,479.497885632,54,0.631021758,5.0,1208
9,173,"[""13302"",""13308"",""13313"",""13320"",""13321"",""13324t"",""13402"",""13405"",""13407""]",ab9db13674e2b4901b5d3036eae9d93232d9a8ec4d41f82a710d3ed882743f75,2026090309,,,221,9,4927.65595495,547.517328328,50,0.473018438,4.5,1275
9,174,"[""13302"",""13306"",""13307"",""13316uwt"",""13324t"",""13403"",""13407"",""13409"",""13411""]",18603c584befc7a427b0185b788149b6c93fd43b995ed122020cfa9d1f8e43ab,2026090309,,,196,9,4782.84096295,531.426773661,50,0.505694355,6.0,1258
9,175,"[""13302"",""13303"",""13305"",""13306"",""13307"",""13314"",""13325"",""13405"",""13410""]",6bfc6fc7cdfed03f49e74f3de793f175b7d35322e332568266a244b6ddd83737,2026090309,,,265,9,4783.79096186,531.532329096,54,0.51284671,2.0,1268
9,176,"[""13302"",""13305"",""13311"",""13312"",""13316uwt"",""13323"",""13404"",""13405"",""13414""]",1ef12af363107a7f0a6d8f56953891bf8c5bee223d0b3a2fd28deaf334694da3,2026090309,,,211,9,4481.52296322,497.946995913,50,0.615201658,4.0,1257
9,177,"[""13308"",""13312"",""13314"",""13319"",""13322"",""13326"",""13401"",""13405"",""13411""]",241e61d9208475259823cf0a208f10e0f4288dfe8dff0bef1675028f7d9fe0ff,2026090309,,,206,9,4367.1759713,485.241774589,46,0.454240294,4.0,1277
9,178,"[""13304"",""13307"",""13316m"",""13323"",""13324t"",""13401"",""13405"",""13407"",""13412""]",0fe42a60943fb0980a049ef105ebbeb6601fee943756b9d6bcbe930829eca7ef,2026090309,,,158,9,4040.25097243,448.916774714,37,0.451013209,7.0,1275
9,179,"[""13305"",""13312"",""13324t"",""13402"",""13403"",""13404"",""13407"",""13408"",""13413""]",fefb9792995cd3e983e69068a6814969770022be9dd12705b131da9bf58daf95,2026090309,,,185,9,5306.07396373,589.563773748,46,0.498822573,7.0,1256
9,180,"[""13307"",""13308"",""13316uwt"",""13326"",""13401"",""13405"",""13406"",""13407"",""13412""]",f540cf6bc6a5f689bfa2c858ae38fc85c5a766d462c97795e1463c2eb9ad7f48,2026090309,,,159,9,4476.35597201,497.372885779,31,0.316846333,7.0,1256
9,181,"[""13308"",""13312"",""13313"",""13325"",""13402"",""13405"",""13406"",""13412"",""13413""]",18130bd8ffe3e627deda241b8d49f1355bba18a7b41b9c984fd7ebf00ca6e8ef,2026090309,,,230,9,5687.10195262,631.900216958,46,0.494315513,7.0,1272
9,182,"[""13301"",""13304"",""13306"",""13309"",""13313"",""13316m"",""13407"",""13411"",""13412""]",7c44b8e5bc3d53699d9ee692fa172f93da05bc7c0dec02db7eab615fa5d68212,2026090309,,,231,9,4969.31296168,552.145884631,37,0.350408768,4.0,1257
9,183,"[""13306"",""13310"",""13318"",""13322"",""13324muw"",""13326"",""13403"",""13404"",""13405""]",e699b0701f7f65cbc5f793b0d29b8b2cad90b343366634b6bb4f416717433ae1,2026090309,,,195,9,4318.57996789,479.842218654,33,0.307692308,4.0,1236
9,184,"[""13305"",""13310"",""13318"",""13322"",""13326"",""13402"",""13405"",""13407"",""13408""]",844cb14d81202b1a7eda6210ecd525d5d0d556542d100a738e6dbf2ca00ccb29,2026090309,,,192,9,4563.48096859,507.053440954,33,0.332926184,6.0,1253
9,185,"[""13301"",""13305"",""13309"",""13314"",""13315"",""13317"",""13323"",""13403"",""13414""]",4b60786a2d2f37646daf71cea48f5f383d19d5eaad07f1c3a4285168ef5b1705,2026090309,,,206,9,3961.21698054,440.13522006,37,0.45001859,3.0,1177
9,186,"[""13304"",""13305"",""13311"",""13312"",""13313"",""13326"",""13401"",""13403"",""13414""]",5df06a5f6aeb587fc74ebc1a6ad81131bf742d1d71e747edbd0efe00d99470c3,2026090309,,,223,9,4577.03195981,508.559106646,46,0.494210281,3.0,1275
9,187,"[""13302"",""13303"",""13310"",""13311"",""13319"",""13323"",""13325"",""13403"",""13412""]",e461fc8d5f16b7ed3a7d37c24efdf564fe2b701271a5fe3659ece00fa08a5be4,2026090309,,,248,9,4678.58095967,519.842328852,54,0.584190565,3.0,1260
9,188,"[""13301"",""13309"",""13311"",""13313"",""13315"",""13321"",""13322"",""13402"",""13407""]",a59e78ac72f2cfc10657286a18830c2028a77b503702b31a59c8bd93a3b98ea9,2026090309,,,222,9,4568.41196678,507.601329642,37,0.322064197,4.0,1253
9,189,"[""13304"",""13307"",""13312"",""13315"",""13317"",""13320"",""13326"",""13403"",""13407""]",cc4653418f643dcc92f68404e12d7645fad0698f5fb9b648636cf20265539221,2026090309,,,234,9,4442.97497051,493.663885612,46,0.432490456,3.0,1255
9,190,"[""13305"",""13306"",""13307"",""13311"",""13317"",""13319"",""13406"",""13409"",""13412""]",b88f06859d5a6e72e5bb41249b0bf1dcab359efa1507c8c4c1db1ab3b7aada52,2026090309,,,199,9,4404.97496801,489.441663112,37,0.378055133,5.5,1235
9,191,"[""13304"",""13314"",""13316uwt"",""13319"",""13324t"",""13325"",""13402"",""13409"",""13411""]",5cce796e625bec3b4a68214f91ccce3d4ab51888065a9bb02e4b403cc5b1a94a,2026090309,,,209,9,4648.70896892,516.523218769,42,0.406895534,5.0,1274
9,192,"[""13301"",""13302"",""13307"",""13315"",""13320"",""13401"",""13405"",""13410"",""13411""]",3173ba1a68c9f8c0e1c21786a6df172432e8ea9d6a70c62dd3cc9738018860a4,2026090309,,,202,9,4587.8209681,509.757885344,50,0.563226244,5.0,1286
9,193,"[""13303"",""13306"",""13312"",""13314"",""13322"",""13326"",""13403"",""13409"",""13413""]",9879326233a176d8ec89a5548f52fac5dc2ee23443d0d230bb1d7a3723ce1f64,2026090309,,,239,9,4874.67196923,541.630218803,54,0.512684638,3.5,1241
9,194,"[""13302"",""13308"",""13313"",""13320"",""13322"",""13407"",""13409"",""13411"",""13413""]",69dab3e20aafb618373f345b7a627bba3914b22ec58caa9fd7877c9920bf9440,2026090309,,,223,9,5270.21595452,585.579550502,50,0.472876281,5.5,1257
9,195,"[""13306"",""13309"",""13311"",""13313"",""13314"",""13316uwt"",""13320"",""13323"",""13326""]",461882ee9a74b1995a3e47886c9f78ac04b1fbd6c39eae63d1500b4692ba321c,2026090309,,,185,9,3195.26996979,355.029996643,37,0.39860971,3.0,1137
9,196,"[""13309"",""13315"",""13319"",""13320"",""13325"",""13326"",""13404"",""13410"",""13411""]",72af326ec3626914e8ce448ec7b97be20dd66bffaeeacc44c8c804f3eef6ef1b,2026090309,,,205,9,4493.65197014,499.294663349,42,0.380362706,4.0,1263
9,197,"[""13301"",""13312"",""13314"",""13315"",""13316uwt"",""13319"",""13320"",""13409"",""13410""]",41cd4a7d3e115c4140da1bd8d7a351480e4d6276214800fdc881ef56a96a377d,2026090309,,,225,9,4454.58197275,494.953552528,46,0.409661107,4.0,1268
9,198,"[""13302"",""13316m"",""13317"",""13323"",""13405"",""13410"",""13411"",""13413"",""13414""]",8299a883bdbb85fe05be0915673a48ee89d3e132e3029555114d0c81b983a3d4,2026090309,,,187,9,4786.67796734,531.853107482,50,0.628655059,7.0,1265
9,199,"[""13305"",""13312"",""13313"",""13317"",""13326"",""13404"",""13406"",""13407"",""13413""]",1e9e5227e24234643a20162b7d1e08710f744e068d9b369e01c05aa4125f8faf,2026090309,,,234,9,5398.89195811,599.876884234,46,0.427136699,6.0,1236
9,200,"[""13307"",""13309"",""13317"",""13323"",""13324muw"",""13325"",""13326"",""13401"",""13413""]",f98daab74ccba8d0005d6b964ec7907f81f9d86e09578a39e516b41e1b1a4bd9,2026090309,,,189,9,3841.62797283,426.847552537,42,0.51090403,3.0,1275
9,201,"[""13301"",""13306"",""13311"",""13318"",""13320"",""13324t"",""13404"",""13409"",""13410""]",d35a6e5faf880864ba4c895667eb188537ee63b5682d7ef27101c3fddebf4bfc,2026090309,,,196,9,4516.80296533,501.866996148,36,0.373530719,7.0,1268
9,202,"[""13301"",""13302"",""13306"",""13307"",""13309"",""13321"",""13405"",""13406"",""13411""]",03a93036c78870c58f69dd06aed31ab8533bb64cc408c0fa6e356dbafac65360,2026090309,,,216,9,4616.14296662,512.904774069,50,0.49417908,4.0,1260
9,203,"[""13304"",""13308"",""13310"",""13314"",""13315"",""13318"",""13322"",""13406"",""13414""]",ad41bcf4a4168063dfdbea7fa9526b029330b29efda14aab4a51917086a82dee,2026090309,,,224,9,4205.74897336,467.305441484,37,0.342210141,3.0,1243
9,204,"[""13301"",""13304"",""13306"",""13307"",""13314"",""13315"",""13319"",""13324t"",""13401""]",4c6a5020ef09c08032a19bba5f171335bba27f8ba6aaf2eaec9035b8853c7019,2026090309,,,222,9,3852.85597658,428.095108509,37,0.364614529,3.0,1277
9,205,"[""13313"",""13318"",""13319"",""13323"",""13324t"",""13408"",""13410"",""13412"",""13414""]",29c1bba7a4139874d0418749f91e828897791e9d8030297d5a6aa8a15528a0c9,2026090309,,,176,9,4360.4249616,484.4916624,37,0.496436163,6.0,1217
9,206,"[""13308"",""13316m"",""13317"",""13318"",""13321"",""13324muw"",""13401"",""13404"",""13405""]",bfa7aec6e323178a070d273073c678f0f4f9e14e055f5d19226a94e3f7fb9692,2026090309,,,205,9,4500.3519701,500.039107789,37,0.374118039,6.0,1256
9,207,"[""13307"",""13311"",""13312"",""13313"",""13315"",""13316uwt"",""13321"",""13402"",""13403""]",36fef55de2c9d191edac1f95b81e25679eb63d25c6bf9edaf4522058aa320acd,2026090309,,,217,9,4394.21396336,488.245995929,46,0.446885822,3.0,1256
9,208,"[""13306"",""13309"",""13315"",""13316uwt"",""13322"",""13326"",""13401"",""13403"",""13406""]",fa4e93ba7fdc42447bc410128759ec6bc871f383e1784d3f2e3078c3583358e7,2026090309,,,191,9,4071.14697713,452.349664126,31,0.308412073,4.0,1156
9,209,"[""13309"",""13314"",""13316uwt"",""13322"",""13325"",""13409"",""13410"",""13411"",""13413""]",b625f603f9d6beb20b9204433cf739b7fc9653bff81516829e4192ed13a2bdb4,2026090309,,,188,9,4653.08897082,517.009885647,42,0.40017538,6.0,1216
9,210,"[""13301"",""13302"",""13307"",""13309"",""13310"",""13314"",""13322"",""13405"",""13409""]",d3ef15eee9a2c0a03c30e9e4666be8f713d6f1f8fce486054a9d67e8542c942e,2026090309,,,219,9,4350.52796796,483.39199644,50,0.462924527,3.5,1260
9,211,"[""13308"",""13311"",""13315"",""13323"",""13401"",""13402"",""13404"",""13409"",""13414""]",7e2d3d3a2c947a51dbbf55b1986ca6132c755889310fb1b10e9b90282e1ef28a,2026090309,,,159,9,4536.25797356,504.028663729,31,0.433551898,7.0,1259
9,212,"[""13302"",""13306"",""13309"",""13324muw"",""13401"",""13405"",""13408"",""13410"",""13411""]",3e0a565314f011366edd912fb246d6ea15e4c3440409a328987cde4302f4b701,2026090309,,,184,9,4681.1359636,520.126218178,50,0.58017418,6.0,1286
9,213,"[""13302"",""13304"",""13307"",""13308"",""13317"",""13321"",""13401"",""13402"",""13403""]",e38e596abdf46aaa804f6a97b556653cca65248f8b91ddfba63ff6bb43351348,2026090309,,,235,9,4896.85096592,544.094551769,50,0.477810003,3.0,1278
9,214,"[""13304"",""13305"",""13308"",""13317"",""13319"",""13320"",""13401"",""13404"",""13405""]",4d7e611122044d09959af784aa24fe7c250e240156e3f7ee548b598ac6999d33,2026090309,,,220,9,4586.67896923,509.630996581,37,0.387671583,4.0,1277
9,215,"[""13309"",""13310"",""13312"",""13313"",""13317"",""13324t"",""13404"",""13413"",""13414""]",be387b54f599449ab0f45b6a8bab25a6c1ba1284cd2d485e8935493e0f2d6768,2026090309,,,228,9,4923.24295643,547.026995159,46,0.440347382,4.0,1236
9,216,"[""13302"",""13303"",""13306"",""13307"",""13320"",""13322"",""13402"",""13403"",""13410""]",6a71036a365e5d18d7288208405f961515690489a6ad766df9696c2643372456,2026090309,,,237,9,4818.37596256,535.375106951,54,0.557824419,3.0,1283
9,217,"[""13303"",""13304"",""13314"",""13316uwt"",""13317"",""13318"",""13324t"",""13326"",""13407""]",4c5efbc55188af2843a92389d0ba2b2cbc339e39449dd701e98d3e7f172dfdc9,2026090309,,,254,9,4408.41297188,489.823663542,54,0.430017872,3.0,1257
9,218,"[""13302"",""13303"",""13306"",""13307"",""13311"",""13313"",""13314"",""13404"",""13411""]",ebd90aa0f4bfeb38286a9fa9806b6961f486b1995e7b9da5a62c562d5d9d11a9,2026090309,,,247,9,4732.51595628,525.835106253,54,0.552360866,3.0,1260
9,219,"[""13314"",""13317"",""13319"",""13324muw"",""13326"",""13403"",""13404"",""13411"",""13412""]",193841aa75d0ead025c8d482423a4594b7ccc3cfbcbc5000970c69a1eecb9df0,2026090309,,,178,9,4506.41797302,500.713108113,37,0.365211752,7.0,1257
9,220,"[""13304"",""13312"",""13316uwt"",""13317"",""13321"",""13402"",""13404"",""13407"",""13412""]",4248185608c8e8f685ae2c126b58056680adaae3b0d8aaf114bbee200a125c34,2026090309,,,229,9,5392.03596636,599.115107373,46,0.423333111,7.0,1272
9,221,"[""13301"",""13304"",""13306"",""13307"",""13312"",""13313"",""13401"",""13403"",""13412""]",a4a6f663afd594eb94c098872f39a548234e586471b2dd8958c06cdb461ad9bb,2026090309,,,242,9,4970.6809585,552.297884278,46,0.45258782,3.0,1275
9,222,"[""13303"",""13304"",""13315"",""13319"",""13323"",""13401"",""13403"",""13413"",""13414""]",114e5a589499ac28f84737a8648412a5475a1b55f566d59f36450bca3e7c8353,2026090309,,,210,9,4550.41497473,505.601663859,54,0.614119579,3.0,1277
9,223,"[""13303"",""13304"",""13315"",""13316m"",""13321"",""13322"",""13324t"",""13406"",""13412""]",72601b1d304ce08361396f35e6356748289dd7440bd5f6e1555921b64b81b6c7,2026090309,,,240,9,4405.85197477,489.539108308,54,0.447213595,3.0,1257
9,224,"[""13301"",""13302"",""13307"",""13311"",""13319"",""13326"",""13403"",""13407"",""13413""]",2329dfa6b57c07e73b1e613814e89e56de9bcd9ddaf9da8038b63b0c6c73bd98,2026090309,,,209,9,4635.59596542,515.06621838,50,0.506183011,6.0,1260
9,225,"[""13308"",""13309"",""13310"",""13314"",""13316uwt"",""13404"",""13408"",""13409"",""13410""]",e2804cf772a06191bd1318fef9287b513b6444af8597ae0ce7fc7bb5ab43b4e2,2026090309,,,174,9,4487.50197188,498.611330209,31,0.287471241,7.0,1263
9,226,"[""13301"",""13304"",""13313"",""13317"",""13324t"",""13325"",""13401"",""13406"",""13410""]",66d85a85456632728ce610985d5c8877fa849d53f56b7de68ad4dba310d664c9,2026090309,,,248,9,5091.89095939,565.765662154,42,0.422906794,3.0,1286
9,227,"[""13312"",""13318"",""13320"",""13326"",""13401"",""13402"",""13406"",""13408"",""13413""]",6b9bb964646506fc892920fad6342d929b996cbc63d983107efeedfe922e330e,2026090309,,,185,9,4776.40896585,530.712107317,46,0.531491829,7.0,1259
9,228,"[""13301"",""13303"",""13304"",""13307"",""13308"",""13318"",""13405"",""13406"",""13410""]",5c7efd3770bcfffcb18c48ffec077e12deacd5351eb15baa8547345e1c311ec4,2026090309,,,248,9,4953.49996736,550.388885262,54,0.48571557,3.0,1268
9,229,"[""13306"",""13308"",""13317"",""13319"",""13320"",""13323"",""13401"",""13403"",""13409""]",23693f82032f5442d1b0419413d8abe0a47ebf85e0fc3973bd1c6889bc379e76,2026090309,,,192,9,4274.34197125,474.926885694,37,0.445243964,6.0,1277
9,230,"[""13304"",""13312"",""13315"",""13316uwt"",""13320"",""13324t"",""13326"",""13405"",""13414""]",a8261f4d888c0fe826f375f8b82a5b00ca500c31a78e3e8d4f1e6585259d0a96,2026090309,,,215,9,4034.20897216,448.245441351,46,0.459595138,3.0,1243
9,231,"[""13308"",""13309"",""13313"",""13318"",""13320"",""13322"",""13326"",""13405"",""13411""]",8c67e461b5d5819c8a7e853d7c8e4e7448aeda8c3927baf7236995789f724d1f,2026090309,,,213,9,4253.40296235,472.60032915,37,0.344998555,3.0,1216
9,232,"[""13301"",""13306"",""13309"",""13314"",""13317"",""13323"",""13401"",""13407"",""13412""]",3c99d5851e6a4589e081d41faed0104c92eeefa7b979df5ce302b77dbe969463,2026090309,,,193,9,4326.12197512,480.680219458,37,0.463259957,6.0,1256
9,233,"[""13306"",""13308"",""13309"",""13312"",""13315"",""13316uwt"",""13319"",""13320"",""13325""]",60b576775944acca8dee586741c1544e319cc86b79ea9da6ab63a1054cb412be,2026090309,,,266,9,4283.82196621,475.980218468,46,0.308911858,3.0,1229
9,234,"[""13311"",""13313"",""13318"",""13324t"",""13325"",""13402"",""13406"",""13411"",""13414""]",ad49f84da34e5fa10add52b052cb39bb7182b978972bcbcc0da1aeedd2c529de,2026090309,,,201,9,4843.44095495,538.160106106,42,0.490043438,5.0,1272
9,235,"[""13302"",""13304"",""13306"",""13312"",""13321"",""13323"",""13324muw"",""13403"",""13407""]",3d1758c6bfd5d775496cbba2d9a688bd2b0c7f96a659f0df3a39b38500fe5473,2026090309,,,241,9,4690.43196228,521.15910692,50,0.521271495,3.0,1258
9,236,"[""13302"",""13308"",""13311"",""13316m"",""13321"",""13322"",""13409"",""13411"",""13414""]",15a420d0723f80a42f5d940e7fe9d8c9b1e120b7ee9477239d190a13f3cdbdc2,2026090309,,,209,9,4546.41896662,505.157662958,50,0.480712443,5.5,1257
9,237,"[""13307"",""13313"",""13318"",""13319"",""13323"",""13326"",""13401"",""13407"",""13409""]",b194db2d119f617754a77817feedaf638ffeec765dcc1248512979f2f80b2da7,2026090309,,,187,9,4350.57396322,483.397107024,37,0.440389835,6.0,1277
9,238,"[""13308"",""13314"",""13316m"",""13322"",""13401"",""13405"",""13407"",""13408"",""13410""]",965b2c4dcb2f9d487ecc2382a3e00658ba102a5c46b028fd3fb7616ed934c6c8,2026090309,,,164,9,4429.50097392,492.16677488,31,0.357319154,7.0,1286
9,239,"[""13306"",""13310"",""13316m"",""13318"",""13325"",""13409"",""13410"",""13411"",""13414""]",bfde0f16369c036e03f12f285df977eee2462178ed2f632e8527ac9fc9826243,2026090309,,,210,9,4892.23196266,543.581329184,42,0.407080196,5.0,1238
9,240,"[""13306"",""13309"",""13318"",""13320"",""13323"",""13402"",""13403"",""13410"",""13414""]",95cc316e3aa5784eee33ff7b69bb617c0f04b8ad0059dc5a7fe8036d1adb22a2,2026090309,,,167,9,4261.43296884,473.492552093,33,0.420613397,7.0,1283
9,241,"[""13302"",""13306"",""13307"",""13318"",""13320"",""13321"",""13403"",""13409"",""13410""]",09809d6ca3266935c78914787c4e73e34c1b1f395901bcdac3c637abf99d6f85,2026090309,,,212,9,4642.11796192,515.790884658,50,0.484082702,4.0,1266
9,242,"[""13302"",""13305"",""13320"",""13326"",""13403"",""13406"",""13408"",""13409"",""13411""]",260b17d91af96c2910b5ade45309d67e03ed1344acb3aa8771e6dc3e776a28db,2026090309,,,187,9,4774.93196563,530.547996181,50,0.557946501,7.0,1258
9,243,"[""13302"",""13306"",""13309"",""13317"",""13403"",""13404"",""13408"",""13409"",""13411""]",56ae677f6b88f334afe995cb187478ad6b1999007e2648c105fac56c842640f1,2026090309,,,212,9,5289.11296306,587.679218118,50,0.519981652,7.0,1258
9,244,"[""13303"",""13316uwt"",""13320"",""13326"",""13405"",""13406"",""13408"",""13409"",""13414""]",54418c01a56ccbe69901630dbe1f546420890edca8a21a5922f9767f806ee7b5,2026090309,,,179,9,4524.76397259,502.75155251,54,0.629973424,7.0,1241
9,245,"[""13308"",""13318"",""13320"",""13324t"",""13325"",""13401"",""13403"",""13406"",""13414""]",32226b7ac781b70aaa5ae0226cb012cb060238f33c2959e9d0cebdc494df216d,2026090309,,,192,9,4500.39196429,500.043551588,42,0.488640493,6.0,1275
9,246,"[""13301"",""13304"",""13309"",""13313"",""13318"",""13320"",""13323"",""13326"",""13414""]",99ac0bf8e9684f9937da530f83058cfe0067296ec29d52dee952805b60ec703e,2026090309,,,222,9,4004.96996603,444.996662892,37,0.434958836,3.0,1257
9,247,"[""13302"",""13305"",""13308"",""13315"",""13316m"",""13321"",""13326"",""13407"",""13410""]",bf3989751b1573d008dfb5c802f66726d5ad937f3aea613be811e91f005a9e56,2026090309,,,240,9,4637.63696975,515.292996639,50,0.372910847,3.0,1265
9,248,"[""13303"",""13304"",""13305"",""13309"",""13313"",""13318"",""13322"",""13403"",""13412""]",4325edba66aebb6c5f630cf1dba01b00af6aeb50abed2e9c201d1804bc8c24da,2026090309,,,268,9,4906.93195928,545.214662142,54,0.394747199,3.0,1257
9,249,"[""13305"",""13310"",""13312"",""13314"",""13325"",""13401"",""13405"",""13412"",""13413""]",a9e0f670ee0920a4e9e12e928fc87c7878d23da8e772c2be8811f4d54387963d,2026090309,,,213,9,4822.98796382,535.887551536,46,0.514422039,5.0,1275
9,250,"[""13303"",""13307"",""13308"",""13312"",""13316uwt"",""13325"",""13326"",""13405"",""13410""]",fad8d47b7fbeed790d7098cadf2d7b95416769222d5659672fa4874a30c5485b,2026090309,,,258,9,4778.11696487,530.901884986,54,0.501754628,3.0,1268
9,251,"[""13305"",""13309"",""13311"",""13312"",""13318"",""13320"",""13405"",""13408"",""13411""]",ae62482f70e62e9cf88c53272c98cf9d5abb387498fbbea3a48194af2ced9269,2026090309,,,199,9,4212.53596396,468.059551551,46,0.506067825,4.0,1219
9,252,"[""13303"",""13306"",""13308"",""13309"",""13313"",""13316m"",""13401"",""13404"",""13407""]",120e14d81f5eb4436644a83e51005a7113e55e4410e05ada6acb4866e7666e5e,2026090309,,,243,9,5080.8329598,564.536995533,54,0.448540793,3.0,1256
9,253,"[""13304"",""13317"",""13323"",""13401"",""13404"",""13405"",""13407"",""13411"",""13414""]",fa6311885536de56f0d7896a725fe9293d7d47f70e6caa8d1bacb9897ef95588,2026090309,,,167,9,4863.43497154,540.381663504,37,0.549072737,7.0,1275
9,254,"[""13305"",""13312"",""13313"",""13314"",""13315"",""13321"",""13324t"",""13326"",""13401""]",87b31e716160788bbe1fb242bfa3e2f5544fd00cd54c2dca7bae866b79ee74ad,2026090309,,,233,9,4097.73896744,455.304329716,46,0.399533704,3.0,1259
9,255,"[""13303"",""13306"",""13309"",""13310"",""13314"",""13320"",""13324muw"",""13325"",""13409""]",527273072ce4a1207e91179cb3339f3bb3141493707f898b1d98797e243be2db,2026090309,,,238,9,4231.54796616,470.17199624,54,0.477699865,3.0,1257
9,256,"[""13301"",""13304"",""13307"",""13309"",""13313"",""13320"",""13322"",""13323"",""13412""]",2a02043558453e444fd4761bab01eb68a7380663f94c28cb7aa080e18b3a040f,2026090309,,,212,9,3889.02896706,432.114329673,37,0.440779109,3.0,1257
9,257,"[""13302"",""13303"",""13317"",""13318"",""13324muw"",""13404"",""13407"",""13412"",""13414""]",218784a22398cfeec73208e7337a1d2fdd55954b62d82df91346088ad5146c2f,2026090309,,,252,9,5496.5469589,610.727439878,54,0.539536628,3.0,1260
9,258,"[""13307"",""13309"",""13310"",""13316m"",""13321"",""13324t"",""13326"",""13406"",""13407""]",586efbd5ccd64dc4e2ea319bd82a7e9281c9baf4fd1807be5ae2efa1c9612447,2026090309,,,176,9,3794.5259728,421.613996978,24,0.175677555,5.0,1213
9,259,"[""13304"",""13315"",""13321"",""13324t"",""13325"",""13326"",""13403"",""13406"",""13407""]",ede332f33fc118f535f6169e575e0278a9ea195b570215b80b13eab6dd84a176,2026090309,,,216,9,4605.75297164,511.750330182,42,0.402538243,3.0,1255
9,260,"[""13305"",""13307"",""13310"",""13312"",""13314"",""13320"",""13324t"",""13404"",""13408""]",2d705f0b2bbb1088fd0a8bcaa154ade893842c4c65f7deda31e0fd91ff37a76b,2026090309,,,193,9,3854.37096807,428.263440897,46,0.472554767,4.0,1236
9,261,"[""13301"",""13302"",""13311"",""13316m"",""13318"",""13319"",""13321"",""13326"",""13408""]",f3e34bb80c046323e4220f0b140e7657e74a63bf6cc1d3d0b0240d5c7b1aa2f1,2026090309,,,237,9,4223.59096772,469.287885302,50,0.428140115,3.0,1260
9,262,"[""13305"",""13306"",""13319"",""13401"",""13405"",""13407"",""13409"",""13411"",""13413""]",583b7dfb882d80a31f132dd970609ae3722bface48bb8609df912f3f6f726075,2026090309,,,175,9,5075.97296707,563.996996341,30,0.358864422,7.0,1277
9,263,"[""13306"",""13316uwt"",""13318"",""13321"",""13325"",""13402"",""13409"",""13413"",""13414""]",242d633c0005c964ef61b8fed102264f1617ee0728f171d68d95d58dc83631ee,2026090309,,,209,9,5010.340966,556.704551778,42,0.398711324,6.0,1272
9,264,"[""13305"",""13307"",""13309"",""13311"",""13314"",""13318"",""13326"",""13412"",""13413""]",9fda93206013a8ad9cb760145e63d5b539137300cf8dc8c1d8ddc40a214ecbc1,2026090309,,,181,9,3769.69797211,418.855330234,33,0.331859832,4.5,1214
9,265,"[""13306"",""13309"",""13314"",""13320"",""13323"",""13326"",""13402"",""13407"",""13412""]",1fe03deab5dbf7faae6578fa0e7a6aee3b02b0348428d2d9dcfcc67f1eb41d1b,2026090309,,,162,9,3973.81297447,441.534774941,30,0.314269681,6.0,1253
9,266,"[""13305"",""13309"",""13318"",""13319"",""13321"",""13324t"",""13401"",""13408"",""13410""]",f727ac1102f514aa67d33d3d322f1905576d5a937d2e5f26afdef77cb66c81ab,2026090309,,,190,9,4146.31096968,460.701218853,33,0.349118399,5.0,1286
9,267,"[""13310"",""13313"",""13314"",""13316m"",""13320"",""13323"",""13401"",""13404"",""13409""]",4d9feedac4b09866fea1e98cc70a66bb62b78d7a50087d809418fb1452037b3d,2026090309,,,170,9,4075.11996624,452.79110736,37,0.417936933,6.0,1259
9,268,"[""13301"",""13304"",""13305"",""13309"",""13311"",""13315"",""13316uwt"",""13406"",""13407""]",986fa1049792f9e0c2139275f5bdc3564aa086d78846246d9b571b65b2aa0914,2026090309,,,222,9,4327.07897404,480.786552671,37,0.346114824,3.0,1257
9,269,"[""13302"",""13305"",""13313"",""13314"",""13316uwt"",""13402"",""13403"",""13407"",""13411""]",b62434eca6bf3d203986da346afd1c189cc9c507195dee93b83400722357aff5,2026090309,,,216,9,5118.75895808,568.750995342,50,0.491439056,6.0,1275
9,270,"[""13302"",""13304"",""13306"",""13316m"",""13323"",""13324muw"",""13407"",""13409"",""13410""]",e0cbbe8774eef79e1cc788de8954f89328f77b131f0a4543b59cda6700564f58,2026090309,,,214,9,4692.30196448,521.366884942,50,0.518038656,4.0,1265
9,271,"[""13303"",""13304"",""13306"",""13310"",""13314"",""13324muw"",""13326"",""13402"",""13403""]",486de66a19689bc181de5eebe2d213e2e1047fd18fdbf7ce1644d003e1209355,2026090309,,,230,9,4396.13297091,488.45921899,54,0.479996849,3.0,1272
9,272,"[""13309"",""13313"",""13321"",""13325"",""13402"",""13403"",""13405"",""13410"",""13414""]",7ce3f78f0299060eba8d9065c00578bd5c071666badd4164eec1a92aab416aa5,2026090309,,,194,9,5110.75695936,567.861884373,42,0.474674822,7.0,1283
9,273,"[""13303"",""13304"",""13313"",""13317"",""13323"",""13326"",""13404"",""13406"",""13412""]",d6164dc1f6e6436df763868e636dfdcfb36a2852766f58cd001c8acb7136ebcb,2026090309,,,240,9,4957.38096443,550.820107159,54,0.535898778,3.0,1257
9,274,"[""13304"",""13306"",""13310"",""13312"",""13314"",""13316m"",""13317"",""13319"",""13320""]",8cc3e0c5d0f323356d0164e4d26e84641fbbf0e1ebada0e1bda5f1c72fc2af5a,2026090309,,,256,9,4097.81296791,455.31255199,46,0.335209968,3.0,1245
9,275,"[""13315"",""13319"",""13321"",""13323"",""13404"",""13405"",""13410"",""13411"",""13413""]",991a4ade3a6faa9893b2e308de478e84dbdd54e92a769d4a6a087a16c0fae963,2026090309,,,162,9,4568.25597531,507.583997257,31,0.382217916,7.0,1263
9,276,"[""13301"",""13307"",""13309"",""13311"",""13313"",""13317"",""13320"",""13324t"",""13325""]",e4d3ca894dbcf9b823e790def38159b50631226ddd6b368ed09db8af9ff348e4,2026090309,,,237,9,3991.19196019,443.465773354,42,0.408607909,3.0,1257
9,277,"[""13301"",""13311"",""13315"",""13319"",""13320"",""13324muw"",""13406"",""13407"",""13414""]",ddb2dce2741935f392d1e588af3a36e4857afc55b20c34efb13d0f9be3ce6999,2026090309,,,184,9,4138.10997213,459.789996903,36,0.397445767,6.0,1259
9,278,"[""13309"",""13314"",""13315"",""13316m"",""13319"",""13320"",""13323"",""13408"",""13414""]",fd83410308cdb0cbf3fa76208970f828bdec8b519921ec13742ff0fc3783c5ed,2026090309,,,166,9,3315.52498063,368.391664514,31,0.396859496,4.0,1208
9,279,"[""13301"",""13306"",""13308"",""13309"",""13312"",""13315"",""13325"",""13405"",""13412""]",d027c17318a84d4de721e0bc77b50b1a23349983d4789d164498643b3b2fa0ca,2026090309,,,266,9,4973.90596546,552.656218384,46,0.359175065,3.0,1257
9,280,"[""13303"",""13309"",""13310"",""13311"",""13320"",""13323"",""13324t"",""13326"",""13409""]",38d817e9240f51dc9f91eb58216b209cd67b2f691a09f5830b3e483ecc96cffd,2026090309,,,194,9,3593.93497112,399.326107902,54,0.571165655,3.0,1241
9,281,"[""13304"",""13308"",""13311"",""13313"",""13320"",""13325"",""13401"",""13410"",""13414""]",a0c60393ac024dc808a0a73c9b11ed37b6db0296cdd39fcb0dae80defadfa0a8,2026090309,,,216,9,4571.93295778,507.992550864,42,0.489866447,3.0,1286
9,282,"[""13315"",""13318"",""13320"",""13323"",""13324muw"",""13402"",""13409"",""13410"",""13412""]",e8dbc1a554f0d48e4756d3eac397ff37cde58327e6deac572714c90cc4baf364,2026090309,,,169,9,4391.34697068,487.927441187,33,0.402279837,7.0,1283
9,283,"[""13306"",""13307"",""13308"",""13309"",""13311"",""13313"",""13316m"",""13326"",""13414""]",550723700c9785a2765f4a4758e75b77545b354ba9b32966708afb3aa7ac2780,2026090309,,,205,9,3787.79096465,420.865662739,37,0.352301855,3.0,1137
9,284,"[""13302"",""13304"",""13309"",""13314"",""13316m"",""13319"",""13408"",""13410"",""13413""]",dca77f3a9c848865c9bff1ce9628fa1415ae30446e82f23402466f4020953693,2026090309,,,216,9,4543.25796775,504.806440861,50,0.491831422,4.0,1265
9,285,"[""13301"",""13303"",""13307"",""13310"",""13316m"",""13402"",""13404"",""13409"",""13410""]",7840b594da0973ee0bad26dd0bf20c172b7af41338d77f53c8f9111ad3ff5d06,2026090309,,,218,9,5134.0089681,570.4454409,54,0.506294027,6.0,1283
9,286,"[""13302"",""13304"",""13305"",""13306"",""13311"",""13316m"",""13320"",""13322"",""13324t""]",4caf4c1a407481e8812bde4a3dad78a9dcf5361ca02ac48ff76619157da52ca1,2026090309,,,244,9,3837.77196459,426.419107177,50,0.395528963,2.0,1257
9,287,"[""13303"",""13308"",""13309"",""13316m"",""13320"",""13321"",""13401"",""13411"",""13412""]",9bd3a26c358b839d19993e9fef54c6366493a2c50d6d8842c21d1acb7ba18162,2026090309,,,209,9,4412.85797126,490.317552362,54,0.525750022,4.0,1252
9,288,"[""13304"",""13305"",""13307"",""13309"",""13312"",""13314"",""13402"",""13403"",""13408""]",a5ba8ab038139ec475691fa6c0a4d41edd26c2a4fad48606e8242b9be0ca5457,2026090309,,,208,9,4389.7369697,487.748552189,46,0.488873993,4.0,1272
9,289,"[""13302"",""13310"",""13311"",""13312"",""13324muw"",""13402"",""13408"",""13411"",""13414""]",4df571c3d1d9728253c32eeb94b7f28f1e1867a324f5df5e2b8fb0a87a0b5517,2026090309,,,205,9,4750.42295844,527.82477316,50,0.613510394,5.0,1275
9,290,"[""13304"",""13315"",""13318"",""13326"",""13402"",""13409"",""13410"",""13411"",""13412""]",0e3515efeaf9699bc5cd57c912ea8f04d90d454dfd3872b53d706ec959659146,2026090309,,,200,9,5141.82996987,571.314441097,37,0.379341535,7.0,1283
9,291,"[""13308"",""13312"",""13316m"",""13324muw"",""13401"",""13407"",""13409"",""13410"",""13412""]",cba0b1c25a1a202550d6624db6b15675c5501da21565dcea02020afe4072d81a,2026090309,,,193,9,5126.54796388,569.616440431,46,0.473576263,7.0,1286
9,292,"[""13308"",""13312"",""13313"",""13314"",""13316uwt"",""13321"",""13324t"",""13412"",""13413""]",51d6d273d3057fb596023a32e3d730d932ff5a6ef9f80b409a8acdc0b24f6c88,2026090309,,,221,9,4529.37696247,503.264106941,46,0.423699544,4.0,1200
9,293,"[""13305"",""13306"",""13316m"",""13324muw"",""13326"",""13402"",""13403"",""13404"",""13414""]",d1e66f599f5a56a008f23ece9c21fa6a7ae41f70bf9376821f9d2ac965c4d088,2026090309,,,181,9,4467.16497117,496.351663463,30,0.304218782,7.0,1176
9,294,"[""13305"",""13308"",""13309"",""13315"",""13321"",""13324t"",""13406"",""13409"",""13410""]",fbcc80ee1b1305e297780d254246630642b242710c4479e5292b6fe1a98faf23,2026090309,,,200,9,4440.13697293,493.348552548,31,0.292232784,5.0,1244
9,295,"[""13301"",""13302"",""13305"",""13306"",""13309"",""13322"",""13412"",""13413"",""13414""]",0d1323fa87417cd071d530d002e58b2a46e38e7a0421cfc18b176be3f73cf42f,2026090309,,,236,9,4829.09296544,536.565885049,50,0.433240696,4.0,1260
9,296,"[""13302"",""13304"",""13309"",""13316m"",""13319"",""13320"",""13401"",""13403"",""13414""]",3e6bc9748c22253e0852ca19db7a8085414243d2fe88fff32ba6f77f2f3137eb,2026090309,,,213,9,4404.46396539,489.384885043,50,0.509773551,4.0,1278
9,297,"[""13303"",""13306"",""13313"",""13315"",""13321"",""13324t"",""13325"",""13404"",""13413""]",47db9c66c693e6f49d43fa69b6d404ce65d202e0f2219b80b2d13ec97ba537cc,2026090309,,,266,9,5022.28196063,558.031328959,54,0.417479468,3.0,1257
9,298,"[""13305"",""13308"",""13309"",""13323"",""13401"",""13406"",""13412"",""13413"",""13414""]",9e1a959020c4b071598b1f949f357cf6d0df3dec4ef9912ff1f3193a907e1cff,2026090309,,,159,9,4374.48497244,486.053885827,31,0.436008302,7.0,1226
9,299,"[""13312"",""13316uwt"",""13321"",""13324muw"",""13402"",""13403"",""13405"",""13411"",""13413""]",c8a83a5c921d0b3daa029c73e3437f63781436643fb9e3fde03a66b4dd4ba3fc,2026090309,,,179,9,4871.70596778,541.300663087,46,0.487155963,7.0,1256
9,300,"[""13303"",""13310"",""13320"",""13323"",""13324muw"",""13401"",""13404"",""13408"",""13413""]",9d0516c3b671d0342a0bf92133897e7231d9417d001f2bbd717dc10577d41f08,2026090309,,,174,9,4186.34297072,465.149218969,54,0.671307667,6.0,1216
9,301,"[""13302"",""13303"",""13315"",""13321"",""13322"",""13324t"",""13404"",""13407"",""13408""]",dad51c62b901ebe60cb69518cf8428c7046d88d77a1852f82d8dfe84ab7698da,2026090309,,,246,9,4937.63696755,548.626329728,54,0.522543544,3.0,1260
9,302,"[""13301"",""13305"",""13309"",""13316uwt"",""13322"",""13323"",""13325"",""13403"",""13404""]",dbf9cfe5d870cc8b268ed99346aba17166256a0e748d66f4f25274a151f1e28d,2026090309,,,216,9,4304.85297286,478.316996984,42,0.422642335,4.0,1257
9,303,"[""13310"",""13313"",""13322"",""13324muw"",""13325"",""13404"",""13407"",""13409"",""13414""]",32888a44e54f0bffc4b4a018055d5bfcfdcb8a3f335fff4d3b0dab4c9bce2c4b,2026090309,,,209,9,5087.92695638,565.325217376,42,0.413923995,5.0,1252
9,304,"[""13301"",""13302"",""13317"",""13321"",""13326"",""13401"",""13411"",""13412"",""13413""]",68005e1462a87a0dcda959c1b235c1c03182da39fab35bbdfe0fbfb5c960522f,2026090309,,,222,9,5066.89696857,562.988552063,50,0.506351189,7.0,1278
9,305,"[""13301"",""13306"",""13311"",""13316m"",""13317"",""13323"",""13326"",""13404"",""13413""]",8a09205d6858a380edbf36f579b94b61c3ad1545698c39d3782ed2e61da3b37d,2026090309,,,201,9,4141.07297525,460.119219472,37,0.427397644,5.0,1177
9,306,"[""13313"",""13316uwt"",""13317"",""13319"",""13323"",""13324t"",""13401"",""13403"",""13408""]",5a1c89e5fb1550f86e2390bd12b68515ffb740e9a4ec64ae555d04ba36047af9,2026090309,,,185,9,4092.16296682,454.684774091,37,0.500926825,5.0,1277
9,307,"[""13302"",""13316uwt"",""13318"",""13320"",""13325"",""13402"",""13405"",""13410"",""13414""]",0854a18e7490c3ba8ad67917f304127d120601fbf915f0acdbf47f24254a4ac9,2026090309,,,219,9,5000.41295888,555.601439876,50,0.53896755,5.0,1283
9,308,"[""13301"",""13302"",""13303"",""13305"",""13309"",""13312"",""13316m"",""13324muw"",""13410""]",3395712527b09ccc65ed6333281f04faa0df66d18f284dce3ee8ef939c6a87f9,2026090309,,,293,9,4955.93996084,550.659995649,54,0.424170435,3.0,1268
9,309,"[""13303"",""13304"",""13306"",""13312"",""13313"",""13314"",""13325"",""13403"",""13405""]",0223850c85d2a1c5f38353c9a66bc66f3188119998442eb9e4c46f9bb2ff7ef2,2026090309,,,289,9,5203.47795548,578.164217276,54,0.437329725,2.5,1257
9,310,"[""13301"",""13309"",""13310"",""13311"",""13313"",""13318"",""13325"",""13404"",""13411""]",723d42293830890b1ef1fe95338956b641a452e9fe98630a0b665cbbd0c31d82,2026090309,,,239,9,4825.46595534,536.162883927,42,0.379117365,3.0,1257
9,311,"[""13304"",""13306"",""13309"",""13315"",""13318"",""13321"",""13405"",""13407"",""13408""]",292af7ff4375fa1e934ba2811c9dfc496752bbdc2f96b5631fc2f3129b13dcdc,2026090309,,,216,9,4501.29697152,500.144107947,37,0.362710135,3.0,1243
9,312,"[""13301"",""13316m"",""13320"",""13325"",""13403"",""13407"",""13409"",""13410"",""13412""]",ecc677bc500e6a3f8659270d7300c5830f2d7b6de54de632eae85a8efa268ccb,2026090309,,,195,9,5183.98096572,575.99788508,42,0.446948894,7.0,1268
9,313,"[""13302"",""13306"",""13308"",""13315"",""13322"",""13324muw"",""13402"",""13403"",""13411""]",cc699816f5eab0b5cf21df2b57ad56ef0cfee34964985004d87c1bc9c47a474e,2026090309,,,230,9,4795.75596606,532.861774007,50,0.430676261,3.0,1275
9,314,"[""13301"",""13305"",""13310"",""13311"",""13317"",""13318"",""13319"",""13320"",""13405""]",427586d67f0b4ff5997bfc30cc0500d0db8af4364e956056d55071e2a9065e46,2026090309,,,230,9,4098.05896709,455.339885232,37,0.345645338,3.0,1259
9,315,"[""13307"",""13311"",""13316uwt"",""13322"",""13324muw"",""13406"",""13409"",""13410"",""13414""]",a1c831aa9cf853feb6c4e7dda32114d487cffde47b6617bfb2f4c5d8ed7b21d7,2026090309,,,151,9,4022.27597144,446.919552382,26,0.241335989,7.0,1243
9,316,"[""13303"",""13306"",""13310"",""13312"",""13314"",""13320"",""13325"",""13401"",""13409""]",10d43f9a0c555678364bbb4a6f31f2a0c9de334c5809abbb780470a1a9a1498f,2026090309,,,257,9,4756.07296236,528.452551373,54,0.505896435,3.0,1275
9,317,"[""13305"",""13311"",""13312"",""13315"",""13317"",""13318"",""13401"",""13404"",""13410""]",aa7a183c1434d067e69c4d64a749be1d236f36df003e5fe2d872c1dd6393fa09,2026090309,,,235,9,4817.49396564,535.277107293,46,0.433458096,3.0,1286
9,318,"[""13312"",""13315"",""13318"",""13322"",""13324t"",""13401"",""13404"",""13406"",""13412""]",1a908df32db09c0d74d83d1d754a7369406a9dc53554a1bdaffeb0d847e6a103,2026090309,,,212,9,4830.46496641,536.718329601,46,0.453321275,5.0,1259
9,319,"[""13302"",""13310"",""13315"",""13318"",""13320"",""13325"",""13326"",""13411"",""13414""]",867e89b61bf1bd866c316868091c6f6e1eb25c4ad4d95f418eba8ca4d514802d,2026090309,,,243,9,4517.57896247,501.953218052,50,0.456289348,3.0,1257
9,320,"[""13304"",""13307"",""13310"",""13313"",""13314"",""13316uwt"",""13324muw"",""13406"",""13412""]",72028002dae4ca9d1da624afa88ddd338b6a1d0e5819fec3638312aca4558aab,2026090309,,,196,9,4032.76196464,448.084662738,37,0.398416796,3.0,1243
9,321,"[""13309"",""13317"",""13321"",""13322"",""13326"",""13404"",""13405"",""13409"",""13414""]",27e087d2f589a04890325cc81d7ced50c3da092992ea720b1aba6ba0793545b4,2026090309,,,187,9,4602.55497425,511.394997139,37,0.343913052,7.0,1236
9,322,"[""13301"",""13312"",""13314"",""13319"",""13322"",""13324muw"",""13325"",""13404"",""13407""]",fa5600bf76657a66dceab81e202ad76466d5675b4ab1f354e8e9061c22716f0f,2026090309,,,244,9,4855.66096569,539.517885077,46,0.405717006,3.0,1259
9,323,"[""13304"",""13312"",""13324t"",""13403"",""13404"",""13406"",""13409"",""13411"",""13413""]",da1cfeffa060033c602e95b13680d58a1bef30fd0ff436c25a35eaf3945bc3d9,2026090309,,,192,9,5414.31396361,601.590440401,46,0.519163991,7.0,1255
9,324,"[""13301"",""13302"",""13304"",""13308"",""13310"",""13311"",""13401"",""13411"",""13412""]",01b9e5134995279442b80655aae1a89a7d30ba290ca9c3e1a84bc5e25d4e31c9,2026090309,,,233,9,4843.0249626,538.113884733,50,0.487044103,3.5,1278
9,325,"[""13305"",""13312"",""13322"",""13326"",""13402"",""13405"",""13406"",""13410"",""13412""]",76009d5d5f4eec7d6f663b0b7999fa1e87fce451589613325df04b7e5cf71268,2026090309,,,197,9,5012.98296683,556.998107426,46,0.463126689,7.0,1283
9,326,"[""13305"",""13309"",""13312"",""13316m"",""13321"",""13324t"",""13411"",""13413"",""13414""]",14c1faa5b0601066a7a3ba5d14a103651804c09b8d7bd2cd91979c9e1895c69c,2026090309,,,202,9,4365.48296879,485.053663199,46,0.437608082,5.0,1217
9,327,"[""13306"",""13307"",""13311"",""13317"",""13323"",""13324t"",""13402"",""13406"",""13407""]",d4789607c2ebc761d4135ff5c40f46cc36f3663a412e36153f4d44e2ff8add08,2026090309,,,170,9,4064.35097015,451.594552239,37,0.446749119,6.0,1253
9,328,"[""13302"",""13303"",""13307"",""13312"",""13318"",""13321"",""13324muw"",""13406"",""13414""]",925502add9474f364d6dbca5d0f6df17eaa002c16199302192358d48328bd32f,2026090309,,,263,9,4819.84295926,535.538106584,54,0.543899039,3.0,1260
9,329,"[""13308"",""13311"",""13312"",""13322"",""13324t"",""13326"",""13402"",""13406"",""13407""]",59f4b8dbc4700984f5b5b9876d07c83114295e53b30d9c789a444c02fdd1fe9c,2026090309,,,204,9,4589.98696592,509.998551769,46,0.432262896,6.0,1256
9,330,"[""13302"",""13309"",""13313"",""13319"",""13320"",""13323"",""13326"",""13402"",""13410""]",2205ce92e9e3ca036110168ed82ecb232499f59a0d01c19f142d5435420d7ec7,2026090309,,,213,9,4401.6349591,489.070551011,50,0.510939638,3.5,1283
9,331,"[""13307"",""13314"",""13316m"",""13317"",""13323"",""13324muw"",""13405"",""13408"",""13409""]",19a2b5c847fe1942a9b5d389990f3071347f2343e48330a402c550eb24be1ae6,2026090309,,,157,9,3675.43797752,408.381997502,37,0.45709236,6.0,1219
9,332,"[""13318"",""13320"",""13324t"",""13325"",""13326"",""13401"",""13406"",""13407"",""13414""]",21e3a164bc4016de11ebbb449e96bee53f6e78a141baa066488cc94405eba86b,2026090309,,,185,9,4448.68896552,494.298773947,42,0.47117031,6.0,1275
9,333,"[""13313"",""13318"",""13319"",""13321"",""13325"",""13402"",""13408"",""13410"",""13414""]",08674c42053abf3ece506b4cc9bc4af5f3d241432d86c0bff8bd754c865b860c,2026090309,,,216,9,5045.37795777,560.597550863,42,0.445744626,5.0,1283
9,334,"[""13301"",""13302"",""13307"",""13308"",""13311"",""13312"",""13314"",""13320"",""13406""]",6f79315738cf84b8d9ae0ebd7e53966e5ac4c2e33b813380bb287eb6a10e8ad0,2026090309,,,238,9,4267.43396356,474.159329284,50,0.520974518,3.0,1260
9,335,"[""13301"",""13306"",""13311"",""13319"",""13322"",""13325"",""13405"",""13408"",""13411""]",689dfe259cc423146a4d23b3f186a37decf45261cc80fdf1f26a10b9c639bc13,2026090309,,,213,9,4453.87696809,494.875218677,42,0.446725395,4.0,1259
9,336,"[""13308"",""13316uwt"",""13317"",""13318"",""13321"",""13401"",""13402"",""13404"",""13406""]",08b4ce446dcc6b94866441017a3b00bd2f91ccdcb2e86365fc07d602ff42049b,2026090309,,,204,9,4937.94196994,548.660218882,37,0.37145091,7.0,1256
9,337,"[""13301"",""13306"",""13309"",""13313"",""13316uwt"",""13322"",""13323"",""13324t"",""13326""]",e382acdd9fbdc1052946288a72b7608a6a271f666185dbaf3a4f3b8834d1e406,2026090309,,,219,9,3690.99396962,410.110441069,37,0.353520216,3.0,1167
9,338,"[""13305"",""13310"",""13319"",""13322"",""13324muw"",""13402"",""13406"",""13408"",""13409""]",beba815b4303f3330c0933e2773abfdb0a7bbddfb0cae2839aa4f24d2103ab6e,2026090309,,,183,9,4493.64996891,499.29444099,30,0.304053065,7.0,1274
9,339,"[""13301"",""13304"",""13307"",""13308"",""13316m"",""13326"",""13403"",""13407"",""13410""]",f2b294153b3cf055429bbc56da6dcd3ad08e918cd4fdbb6bc6aaded710252870,2026090309,,,209,9,4578.01997259,508.668885843,37,0.37363489,6.0,1268
9,340,"[""13302"",""13306"",""13309"",""13313"",""13315"",""13317"",""13324t"",""13401"",""13404""]",5823639ee3889edfbb410022408720f2d6c3e599ed0dc2dbf016cba598a4bcfd,2026090309,,,254,9,4836.44395811,537.382662012,50,0.404267643,3.0,1278
9,341,"[""13301"",""13308"",""13309"",""13311"",""13313"",""13315"",""13322"",""13403"",""13413""]",cd24fcdbc4d07765b2e72bd5cc1a2f48eaac340499162b36860d2bd756601af2,2026090309,,,226,9,4477.65796628,497.517551809,37,0.348407428,3.0,1167
9,342,"[""13304"",""13305"",""13310"",""13311"",""13316uwt"",""13321"",""13324t"",""13405"",""13411""]",3a7f457301de3cd0d5ecfb6d4d610f48b1fd94535190bee8d2040948edb2dbea,2026090309,,,193,9,3876.48297081,430.72033009,37,0.353168771,3.5,1243
9,343,"[""13301"",""13303"",""13304"",""13308"",""13317"",""13321"",""13407"",""13412"",""13413""]",e0bca8210ef1bd6c51ac803e2151f51eb2b55cf031a1fa0d2dce5e49eb1913d2,2026090309,,,264,9,5365.72997,596.192218889,54,0.423667088,3.0,1257
9,344,"[""13304"",""13307"",""13309"",""13310"",""13313"",""13318"",""13409"",""13412"",""13413""]",2219051fe41b875d306698172babf3cbbdb0846afcb25953270363be853c5afb,2026090309,,,215,9,4766.77795782,529.641995313,37,0.373080086,4.0,1243
9,345,"[""13303"",""13306"",""13311"",""13316m"",""13321"",""13402"",""13404"",""13405"",""13413""]",4166a2f2123d5c2b42f61a0fac477b79708dd25c0e2d5aa0019c47b5426efa95,2026090309,,,205,9,4854.49196894,539.387996549,54,0.533204426,7.0,1249
9,346,"[""13304"",""13313"",""13314"",""13318"",""13324muw"",""13325"",""13404"",""13405"",""13413""]",95883cad410c489bfa3fe91bdb2e1fcc41d996640e005ab6553b4967a4935c31,2026090309,,,227,9,4891.05495816,543.450550907,42,0.437034602,3.0,1252
9,347,"[""13313"",""13315"",""13317"",""13318"",""13321"",""13324t"",""13326"",""13409"",""13414""]",e5422560120bd7d28022ae574a07f52c2570ef329bd9100d50536ed2a9d638e3,2026090309,,,228,9,4495.75196606,499.527996229,37,0.346629997,3.0,1170
9,348,"[""13302"",""13307"",""13311"",""13319"",""13321"",""13324muw"",""13403"",""13406"",""13413""]",15e95523071f614a811cfa3d3994f508f129779780bee8372d0d6f5062bbb955,2026090309,,,188,9,4280.96196489,475.662440543,50,0.532340255,7.0,1258
9,349,"[""13305"",""13309"",""13317"",""13322"",""13324t"",""13325"",""13401"",""13403"",""13405""]",2e7a029a65ee4ab0cff70730dc38333a4d5957d2c6ed815db1ab463c1b3dcb8d,2026090309,,,214,9,4422.45996829,491.384440921,42,0.429245734,3.0,1275
9,350,"[""13308"",""13310"",""13312"",""13316uwt"",""13319"",""13323"",""13401"",""13407"",""13413""]",5cf7f60ed0c5c01422de1dec980790f80f7cf9650382960b50e6aa752efd0084,2026090309,,,201,9,4483.23896743,498.137663048,46,0.485017218,5.0,1277
9,351,"[""13301"",""13307"",""13311"",""13316m"",""13318"",""13325"",""13402"",""13403"",""13410""]",916695d25dca3751534e18a62af3590355c69b33824d40353ce9a8962463bffc,2026090309,,,209,9,4623.9219655,513.769107278,42,0.443713804,5.0,1283
9,352,"[""13309"",""13310"",""13316uwt"",""13317"",""13322"",""13402"",""13405"",""13408"",""13412""]",78e4ef304c30e4be0e5b5091e7b9bc8db6844d60061bd1c353a7cfe9681ad519,2026090309,,,186,9,4485.43197134,498.381330149,37,0.362813609,6.0,1223
9,353,"[""13303"",""13304"",""13310"",""13314"",""13403"",""13404"",""13405"",""13410"",""13413""]",5490f6a0b0673b264986e17dddea510a9940db9d0d2e756f329a50cc8f9ab1cc,2026090309,,,205,9,5074.91496874,563.879440971,54,0.576435951,7.0,1268
9,354,"[""13307"",""13308"",""13309"",""13312"",""13316m"",""13317"",""13401"",""13405"",""13406""]",3d9dda098bf16f8c77fe233c5545e8d63fe1dbfe74ebeeefc8e2dd66ce683e84,2026090309,,,213,9,4477.96996806,497.552218673,46,0.478044021,4.0,1259
9,355,"[""13303"",""13305"",""13313"",""13315"",""13317"",""13324muw"",""13401"",""13406"",""13412""]",cc8f29d951d42942d3cc751e239590f9018f53c123b9ea74e8252322a083c651,2026090309,,,247,9,4868.48796374,540.943107082,54,0.484343204,3.0,1226
9,356,"[""13303"",""13310"",""13311"",""13313"",""13315"",""13316m"",""13403"",""13408"",""13410""]",27f9b4e0ee2a5cfe86ab5152d8d3d1ecee0e4ad9478e9a5d59730ee7ec84fb2f,2026090309,,,223,9,4540.01996324,504.446662582,54,0.53195274,3.0,1268
9,357,"[""13302"",""13304"",""13310"",""13318"",""13320"",""13323"",""13406"",""13412"",""13413""]",1b64647e39e00e22bd64da02e66398c9d9a95d10be4ba7dc850dde7349b59016,2026090309,,,212,9,4537.7859622,504.198440244,50,0.549199229,4.0,1257
9,358,"[""13301"",""13304"",""13306"",""13307"",""13312"",""13404"",""13405"",""13408"",""13412""]",1073b16a72a25530d06aecfa383bd9bc8bfe8fd7b126efddfd86dedae7bc00c0,2026090309,,,220,9,4943.76996644,549.307774049,46,0.497722084,6.0,1257
9,359,"[""13301"",""13302"",""13304"",""13308"",""13312"",""13320"",""13402"",""13408"",""13409""]",8ec378dc0d7e2ee86a7b29ad088525a5f2da2229e82a5abb99ff97287c4c1b00,2026090309,,,261,9,5324.9009603,591.655662256,50,0.463775655,3.5,1275
9,360,"[""13308"",""13311"",""13314"",""13316m"",""13318"",""13402"",""13403"",""13410"",""13413""]",fe87b29f2df041b08865a89d945f90be8ca20825a311e329d5b02fa2cfb7a463,2026090309,,,178,9,4545.72696918,505.080774353,33,0.35575596,7.0,1283
9,361,"[""13304"",""13305"",""13307"",""13319"",""13321"",""13402"",""13403"",""13407"",""13412""]",a7c49b90bec06193f4c9dbf66c265d819b94c7a895447ecd40247be7e6165c51,2026090309,,,194,9,4756.14396943,528.460441048,37,0.354060304,7.0,1274
9,362,"[""13307"",""13308"",""13322"",""13324t"",""13401"",""13403"",""13404"",""13406"",""13411""]",5d084de8f8708cb84fc2afc16cf684a065e6c15f167938b82a86d54c8e5ea583,2026090309,,,161,9,4476.47497035,497.386107817,31,0.336895692,7.0,1179
9,363,"[""13303"",""13307"",""13308"",""13319"",""13321"",""13322"",""13326"",""13408"",""13410""]",65a6948b4e73c4003f484280b910c35f634dd7984bffddd8799a9538b70db1e0,2026090309,,,222,9,4210.0549741,467.783886011,54,0.487611312,3.0,1268
9,364,"[""13301"",""13305"",""13306"",""13321"",""13322"",""13323"",""13326"",""13404"",""13409""]",e848b776e003431b38582b1967bc9b14ba0a10781153481b34d10edae57db2bc,2026090309,,,207,9,4245.69897681,471.744330757,36,0.348429428,4.0,1241
9,365,"[""13302"",""13309"",""13318"",""13319"",""13402"",""13405"",""13408"",""13410"",""13413""]",de566006e82dadde2bcff9060473cd196104a3930cdf40b2c1b5f6c3181fedfa,2026090309,,,203,9,5148.25696087,572.028551208,50,0.522956927,7.0,1283
9,366,"[""13304"",""13307"",""13308"",""13312"",""13320"",""13321"",""13324muw"",""13404"",""13412""]",b65ab1df1b45cf83a93c7d9a179083a9a5a39096a2c15c41a9c7f34000ae8896,2026090309,,,216,9,4375.08396656,486.120440729,46,0.445744626,3.0,1252
9,367,"[""13309"",""13317"",""13319"",""13321"",""13324muw"",""13403"",""13405"",""13411"",""13412""]",b99aa77f3d998155205926c71dc96688a49bceea792f469dcc5680142ea14087,2026090309,,,181,9,4505.88197073,500.653552303,37,0.370948295,7.0,1257
9,368,"[""13303"",""13308"",""13311"",""13312"",""13318"",""13321"",""13408"",""13411"",""13412""]",3bfb0dade6fca7de6a19381b841d700eceaab6001b63fee5915ec1ae4389cb54,2026090309,,,240,9,4866.87096372,540.763440413,54,0.545435606,3.0,1241
9,369,"[""13302"",""13304"",""13306"",""13308"",""13315"",""13326"",""13403"",""13411"",""13414""]",f8df158126a70657f2bb0f24dccc3b4a6839f7528826fcf83cedeccb1b147dcf,2026090309,,,240,9,4777.51796795,530.835329772,50,0.445112345,3.0,1258
9,370,"[""13301"",""13305"",""13309"",""13320"",""13402"",""13403"",""13405"",""13406"",""13410""]",f8918551f8ff028289bc71a4843091a31cc42c39fb07e062fc1b9d99cd1f955d,2026090309,,,177,9,4764.0609696,529.340107733,36,0.390198794,7.0,1283
9,371,"[""13304"",""13307"",""13311"",""13321"",""13324muw"",""13326"",""13401"",""13405"",""13408""]",c06085597fa7c040993622b502a83d9bf6950591669f212ee93a3a6c094277ae,2026090309,,,162,9,3647.29697463,405.255219403,37,0.423098506,6.0,1275
9,372,"[""13308"",""13315"",""13316m"",""13320"",""13324muw"",""13325"",""13401"",""13402"",""13410""]",755d3d67c602ce55bdac34c20d53602b2589a37c6babb77cb37bca8211e066aa,2026090309,,,204,9,4418.97896948,490.997663276,42,0.414382435,4.0,1286
9,373,"[""13301"",""13312"",""13318"",""13319"",""13320"",""13324t"",""13325"",""13404"",""13406""]",36ced7d6d8b8144d7186214bc56ee3e5560957fd09118257b42d117a073b1057,2026090309,,,249,9,4866.60096026,540.733440029,46,0.412111599,3.0,1259
9,374,"[""13301"",""13308"",""13310"",""13311"",""13318"",""13324t"",""13401"",""13404"",""13405""]",f20d3b8adef3cda5c70f5531b33cc4be6cdb00d5efe112000d6e0a124e04389f,2026090309,,,198,9,4417.94096611,490.882329568,36,0.397420517,6.0,1256
9,375,"[""13301"",""13305"",""13308"",""13318"",""13322"",""13401"",""13404"",""13405"",""13409""]",9eb0d73afdfc2fe38a97c2982f2fc7a6157d491ecf040a822819724e6a238999,2026090309,,,215,9,4974.87096876,552.763440973,36,0.36302914,7.0,1259
9,376,"[""13301"",""13304"",""13309"",""13401"",""13403"",""13405"",""13407"",""13408"",""13414""]",a3e3dfe5030bb20c927818d7ea37dbe6a8ef15402236ce9265c5e83601d8f071,2026090309,,,174,9,4859.07997138,539.897774598,37,0.502076544,7.0,1275
9,377,"[""13302"",""13303"",""13311"",""13312"",""13317"",""13401"",""13407"",""13409"",""13410""]",371e4484188cf4426a7714a5ac395fcb75de88cd06c2b2e71e8315f851a31b83,2026090309,,,262,9,5634.60095664,626.06677296,54,0.562922109,4.0,1286
9,378,"[""13302"",""13303"",""13309"",""13315"",""13316m"",""13320"",""13411"",""13413"",""13414""]",c29f585bc2551fa8cfb91b1009ccb18522f873ed818f035edc0e1e837d28a162,2026090309,,,237,9,4678.32796728,519.814218587,54,0.561831418,3.0,1260
9,379,"[""13302"",""13307"",""13310"",""13311"",""13314"",""13318"",""13321"",""13326"",""13408""]",5d6ae2c02e8ec12febcdc81dc93ae888a6edf489d1167a109059e2c445694cf7,2026090309,,,206,9,3731.06596799,414.562885332,50,0.498749497,3.0,1257
9,380,"[""13304"",""13305"",""13306"",""13307"",""13315"",""13322"",""13323"",""13409"",""13413""]",f5919d1f15fa2b33919221c36f31be10b0ad0a9aa7c6116b2195acb4c00afc48,2026090309,,,209,9,4030.10097602,447.788997336,37,0.394555562,3.0,1243
9,381,"[""13309"",""13314"",""13315"",""13317"",""13318"",""13401"",""13405"",""13409"",""13412""]",1e4853300c28287eec652a8ae139f3828805b884c879a587f412126a3c6fe3e1,2026090309,,,196,9,4608.688973,512.076552556,37,0.410008584,6.0,1259
9,382,"[""13301"",""13302"",""13307"",""13308"",""13316m"",""13324muw"",""13404"",""13409"",""13414""]",3737cf66dc1bbbbd4e930207eeda317c424bcf23d268a27dc7c549dc7d1dcbd1,2026090309,,,218,9,4768.41696556,529.824107284,50,0.48489515,6.0,1260
9,383,"[""13305"",""13306"",""13310"",""13313"",""13322"",""13326"",""13401"",""13402"",""13407""]",0421cfdf117df2a52ced4cf4d9214757238718a654a72d437732cae0cb12e1ba,2026090309,,,214,9,4653.07896167,517.008773519,37,0.312071175,4.0,1256
9,384,"[""13301"",""13306"",""13312"",""13313"",""13319"",""13404"",""13405"",""13407"",""13409""]",192f7eece61aff8257a6f0d035407f680e712e76172a918d0b3ec5e400dd7a80,2026090309,,,240,9,5603.02695541,622.558550601,46,0.404274041,6.0,1259
9,385,"[""13308"",""13311"",""13315"",""13318"",""13321"",""13325"",""13405"",""13406"",""13407""]",6e603fc87bbc68100d2aabba2db00d50c687669ef1dbd0a5f66502ba2b5284f3,2026090309,,,217,9,4680.27196702,520.030218558,42,0.409386771,3.0,1235
9,386,"[""13302"",""13305"",""13306"",""13314"",""13316uwt"",""13317"",""13319"",""13403"",""13413""]",986420b8905fefd2d68434d2cf94f436335dde91704ed0a0c85c1611855349be,2026090309,,,240,9,4582.96896737,509.218774152,50,0.417582327,3.0,1258
9,387,"[""13301"",""13303"",""13304"",""13310"",""13311"",""13312"",""13315"",""13318"",""13405""]",def1bc4d2cfbb6f6dac47adbd85fe480612aae2d82090b4ae121789485f2f85d,2026090309,structural,tight_gap,288,9,4771.59496502,530.177218336,54,0.399652627,2.0,1257
9,388,"[""13310"",""13313"",""13316uwt"",""13321"",""13324muw"",""13405"",""13407"",""13408"",""13411""]",1975627b60546dcb1c5de8cd3b5619f2835446939bd936d42e4eaf595d97a519,2026090309,,,176,9,4459.97396314,495.552662571,37,0.378171848,6.0,1216
9,389,"[""13303"",""13306"",""13307"",""13314"",""13323"",""13324muw"",""13325"",""13407"",""13409""]",a4b7188a380af34b5054e65eebcc4b67390400a414ef901e22b40519e456f333,2026090309,,,216,9,4294.88096942,477.208996602,54,0.590563656,3.0,1257
9,390,"[""13308"",""13312"",""13314"",""13315"",""13317"",""13323"",""13403"",""13404"",""13410""]",09644dd0ea458e8e1c4acd51b121c55155365b1a49cdea419601e237e9e8bb87,2026090309,,,215,9,4624.9669731,513.885219233,46,0.503272149,4.5,1266
9,391,"[""13302"",""13304"",""13305"",""13308"",""13309"",""13310"",""13319"",""13402"",""13414""]",1d9dc059f76009f7363cf0066dcbfe86f5b54c9bfeda4b331cb11e517a282f56,2026090309,,,250,9,4761.38896213,529.043218014,50,0.380904187,3.0,1275
9,392,"[""13301"",""13303"",""13311"",""13316uwt"",""13323"",""13324muw"",""13401"",""13403"",""13411""]",757c53194ab75b22450e503bad78b5117b847129d8b941bd1c6b7e12540ccf5b,2026090309,,,190,9,4104.46497378,456.051663753,54,0.656145042,5.0,1216
9,393,"[""13306"",""13317"",""13321"",""13325"",""13326"",""13409"",""13411"",""13412"",""13413""]",83f50e178afaa334535bf75b6bfce51c17b6da3f7f00da1ca9bbacebdbc6fafe,2026090309,,,213,9,5044.20896853,560.46766317,42,0.411113226,6.0,1227
9,394,"[""13303"",""13305"",""13306"",""13309"",""13310"",""13404"",""13405"",""13410"",""13411""]",fa58af6b1f119fb3707acc0ed2378a3c5cd954b95c9cdba81b3417dd5701cc0d,2026090309,,,219,9,4916.46996578,546.274440642,54,0.498825793,4.0,1268
9,395,"[""13304"",""13310"",""13321"",""13322"",""13326"",""13405"",""13407"",""13413"",""13414""]",77357a51ba768aa9169f8d71935c944256a22f68c59b0d3bfdf87559f83ba4bd,2026090309,,,187,9,4501.27297241,500.141441379,37,0.354235191,6.0,1243
9,396,"[""13304"",""13305"",""13309"",""13314"",""13315"",""13316m"",""13323"",""13405"",""13410""]",9c5733e109716e36be6c0c09f4ecfd32f9270446ca1f78f03070d5927a407d50,2026090309,,,195,9,3782.14797904,420.238664338,37,0.416238439,3.0,1254
9,397,"[""13308"",""13312"",""13316uwt"",""13326"",""13402"",""13404"",""13407"",""13408"",""13411""]",f5974af483d56a840a322f9c077979eac78c852f2dc2278fc539bf44155c6752,2026090309,,,195,9,5156.14396735,572.904885261,46,0.466130997,7.0,1256
9,398,"[""13302"",""13304"",""13305"",""13308"",""13309"",""13312"",""13401"",""13411"",""13414""]",759eb05d8d1fd1dd75da551ed8d35170fd574e5570f8b5e8be43b5178f3da107,2026090309,,,254,9,4991.29996048,554.588884498,50,0.479119462,3.0,1278
9,399,"[""13302"",""13315"",""13317"",""13320"",""13323"",""13324t"",""13401"",""13402"",""13412""]",230a6a7399d2fd105013e9a153569cfe9b2fc8080b4295a09d127a397bbc70fb,2026090309,,,204,9,4372.28496867,485.809440963,50,0.571073172,4.0,1278
9,400,"[""13305"",""13316uwt"",""13321"",""13325"",""13326"",""13402"",""13405"",""13408"",""13411""]",e7a4d193563fbf548eb95fcb5d9fb49761d530c06ad241e65fd28b416c40d028,2026090309,,,191,9,4537.03097193,504.114552437,42,0.430594454,6.0,1272
9,401,"[""13303"",""13307"",""13311"",""13312"",""13316uwt"",""13322"",""13326"",""13407"",""13412""]",34c77b412e2d104b67850f1d14f32ec4c8ce838b486062099e5da7effb6f8cf5,2026090309,,,229,9,4411.12796787,490.125329763,54,0.539862339,3.0,1241
9,402,"[""13302"",""13304"",""13311"",""13314"",""13315"",""13317"",""13318"",""13319"",""13404""]",3e94ed5c677a0fb7a55e82979c29334075518fbe8702ad21dce1ac10ef08a539,2026090309,,,262,9,4582.15196633,509.127996259,50,0.385061353,2.0,1257
9,403,"[""13302"",""13311"",""13312"",""13316uwt"",""13318"",""13324t"",""13326"",""13406"",""13407""]",ca5c9fa035a7de90dc92844559917f34a5d907af6d567d710e0a6b11d5368aab,2026090309,,,234,9,4623.475959,513.719551,50,0.497858663,3.0,1257
9,404,"[""13306"",""13307"",""13312"",""13319"",""13320"",""13323"",""13324t"",""13408"",""13410""]",ca390927633b251d0c652c5b410860028f130de2700200b5a5195d4fb2c96102,2026090309,,,186,9,3736.50596814,415.167329793,46,0.538815906,4.0,1238
9,405,"[""13301"",""13313"",""13319"",""13321"",""13402"",""13403"",""13406"",""13409"",""13414""]",aae1e3bfe6b4b4979ed9891bd7ec953d37e79e3fba2c74b8b32ea07db19592ad,2026090309,,,196,9,5242.42096317,582.49121813,37,0.411719204,7.0,1274
9,406,"[""13316uwt"",""13317"",""13324t"",""13325"",""13401"",""13402"",""13407"",""13409"",""13413""]",717e63fb70d2e8fee6e0163712fbf0673c0d51f97e8b1ce98d42910165522745,2026090309,,,196,9,5208.07996601,578.675551779,42,0.450311105,7.0,1275
9,407,"[""13303"",""13309"",""13314"",""13320"",""13321"",""13401"",""13402"",""13403"",""13409""]",54a873ca96930094fa2a031e87500a592ac188d87990b7f52df4bc73468f7b48,2026090309,,,190,9,4595.24997256,510.583330284,54,0.569929772,7.0,1259
9,408,"[""13302"",""13304"",""13313"",""13316m"",""13319"",""13324t"",""13401"",""13412"",""13413""]",560f5d6724171e6f4d85140e31206ebfab0ca1bb9fe9d0199973c530b1e2469f,2026090309,,,234,9,4893.66195578,543.740217309,50,0.467553398,3.0,1278
9,409,"[""13301"",""13304"",""13311"",""13312"",""13321"",""13323"",""13411"",""13412"",""13414""]",c2b55ff209699b34828095ab07c0d2f41bfb788ce7e27ca3afee3608af1706d3,2026090309,,,204,9,4419.86097054,491.095663393,46,0.563064404,6.0,1257
9,410,"[""13304"",""13309"",""13312"",""13316m"",""13320"",""13406"",""13407"",""13410"",""13412""]",9618ccfdc265489645a1c12f5ea22e7592311ee81e2f4374af7178fe6c02b424,2026090309,,,205,9,4856.79096454,539.643440504,46,0.467275318,6.0,1254
9,411,"[""13303"",""13308"",""13312"",""13318"",""13321"",""13323"",""13408"",""13410"",""13412""]",37c8ffc44c90e461fa668d7341244d3237221f453fe13d9b40ffee2e61c618c4,2026090309,,,235,9,4800.14396652,533.349329613,54,0.580098492,3.0,1268
9,412,"[""13314"",""13316uwt"",""13317"",""13401"",""13403"",""13408"",""13409"",""13411"",""13413""]",286edf19ea609d6c4261a18c3808b28d0f82f62957372de084dc3d4fdbed58bd,2026090309,,,157,9,4714.96397464,523.884886071,37,0.426513861,7.0,1259
9,413,"[""13314"",""13319"",""13321"",""13325"",""13401"",""13405"",""13406"",""13409"",""13410""]",0b6a74ddd6fe8381d2a9770b9e99e544dc280494b229e0d5f679ef4a6874e2bc,2026090309,,,178,9,4801.92096971,533.546774412,42,0.457097654,7.0,1286
9,414,"[""13312"",""13316m"",""13320"",""13321"",""13323"",""13402"",""13405"",""13409"",""13411""]",71a688b0045a15ced82c3e9907946d34285589feb31fbee3d17a63398dedb9e4,2026090309,,,176,9,4488.90996982,498.767774424,46,0.525437637,7.0,1256
9,415,"[""13302"",""13312"",""13319"",""13324muw"",""13325"",""13404"",""13408"",""13409"",""13412""]",814ec9c171cccdf543cd2c8429cb02fc3a86d3724ec1703de73d9dc66f0d6d3f,2026090309,,,242,9,5457.08995523,606.343328359,50,0.528117927,4.0,1257
9,416,"[""13304"",""13306"",""13314"",""13320"",""13323"",""13401"",""13404"",""13407"",""13412""]",0e28b81ae744a15f274683e338d0474f1458407f918ff92a359032956793e34c,2026090309,,,168,9,4287.44797256,476.383108062,37,0.457366017,7.0,1275
9,417,"[""13302"",""13305"",""13310"",""13315"",""13316uwt"",""13320"",""13402"",""13407"",""13409""]",6e773c61e17dce0facddc5d58fc4d53ae2e7617bc8a5237fd15d17c11d7b7db5,2026090309,,,223,9,4817.57196478,535.285773864,50,0.42018679,4.0,1275
9,418,"[""13305"",""13307"",""13316m"",""13317"",""13321"",""13324t"",""13404"",""13408"",""13410""]",4cc30f7a4b2a3e53738d95165a14c9d504272a4874db76e11851555eed20b78a,2026090309,,,188,9,4174.53397307,463.837108119,37,0.370435858,6.0,1263
9,419,"[""13307"",""13311"",""13312"",""13314"",""13315"",""13316uwt"",""13317"",""13324muw"",""13407""]",6487a312bee793272404175eb5f8a43953c4e401a722563b0bc90875983f17e7,2026090309,,,214,9,3906.83997244,434.093330271,46,0.455025989,3.0,1209
9,420,"[""13303"",""13308"",""13312"",""13316uwt"",""13319"",""13320"",""13321"",""13323"",""13407""]",edbeb01b763592434e6222093b98fbb24d68e392b219fe0d1056a4c05ce34e17,2026090309,,,242,9,4340.20396917,482.244885463,54,0.518426267,3.0,1259
9,421,"[""13301"",""13304"",""13307"",""13313"",""13317"",""13325"",""13403"",""13409"",""13411""]",a9cf9413dc38333842a1729b70e880165a84b330a0a3fcbb8d394b595f0e19b5,2026090309,,,249,9,5196.38395988,577.375995542,42,0.414569892,3.0,1257
9,422,"[""13302"",""13310"",""13312"",""13316m"",""13323"",""13324t"",""13406"",""13408"",""13413""]",9ff846947436dfabae04efa9391bd97c35b47cddb2afa0f4e197949c4811fdeb,2026090309,,,209,9,4427.34596277,491.927329197,50,0.608577833,4.0,1257
9,423,"[""13319"",""13323"",""13324t"",""13403"",""13404"",""13405"",""13408"",""13409"",""13412""]",3021919fe395ee9e33d328f9b3aab557bc4c9f3b82e4eaf949e6de53117dfb09,2026090309,,,140,9,4598.60297058,510.95588562,27,0.323721977,7.0,1257
9,424,"[""13309"",""13310"",""13313"",""13319"",""13320"",""13326"",""13404"",""13405"",""13414""]",a950513c006235a172ee6fdb504614bc518886840d9014f99e5a455a6de6c923,2026090309,,,189,9,4298.869962,477.652218,37,0.350646381,5.0,1254
9,425,"[""13302"",""13309"",""13312"",""13313"",""13316uwt"",""13320"",""13402"",""13403"",""13406""]",fca631f6b18975e6fc2fe8905196c52bf1957143569a337db461f5e16f8a3b99,2026090309,,,237,9,5060.42495254,562.269439171,50,0.507277593,4.0,1275
9,426,"[""13304"",""13305"",""13311"",""13316uwt"",""13324muw"",""13402"",""13406"",""13409"",""13410""]",35e350d234f5ea5e6de39dae850c7fdca629e4b064fb97e42a9b70fe45515164,2026090309,,,182,9,4574.11596868,508.235107631,37,0.373545563,7.0,1283
9,427,"[""13301"",""13304"",""13314"",""13315"",""13317"",""13402"",""13407"",""13412"",""13413""]",d7d0b20db6621bc1e9db65e74981d2c5ca5b3597e9650a02d49c9a8a7994bbcf,2026090309,,,221,9,5123.89397462,569.321552736,37,0.396282969,7.0,1272
9,428,"[""13312"",""13317"",""13321"",""13323"",""13325"",""13401"",""13405"",""13409"",""13413""]",6ed90a035617af6b500a062268b14d24c52e24652021c53eac73dc57e60d4845,2026090309,,,212,9,4931.11696698,547.90188522,46,0.571358639,6.0,1275
9,429,"[""13309"",""13315"",""13317"",""13322"",""13324muw"",""13401"",""13403"",""13408"",""13413""]",05680c48b4fdf11eebc3cd5b0d3c00bcda8ed392315a430c55c54a4858b4cadf,2026090309,,,185,9,4288.39997544,476.48888616,37,0.417302899,5.0,1195
9,430,"[""13304"",""13305"",""13308"",""13320"",""13326"",""13402"",""13403"",""13404"",""13408""]",05cc748b20063531ecc0ce4c1a98b07411a48ae5830444e38a51da51dd7758f2,2026090309,,,194,9,4611.89197099,512.432441221,37,0.39127752,7.0,1272
9,431,"[""13301"",""13302"",""13311"",""13313"",""13319"",""13402"",""13406"",""13407"",""13411""]",35970c3bee984ea32a6c21adf648977f872f3cd45c7005b5ef9b010e48ef000e,2026090309,,,226,9,5367.81795403,596.424217114,50,0.493992415,6.0,1275
9,432,"[""13303"",""13306"",""13311"",""13312"",""13326"",""13402"",""13404"",""13409"",""13413""]",a2e94b9dfa150566cbd0bd39fb2e07ff3c58f2bc592ea23972c49faee0361ab3,2026090309,,,231,9,5314.16196357,590.462440397,54,0.540484469,6.0,1256
9,433,"[""13305"",""13307"",""13309"",""13311"",""13316m"",""13318"",""13403"",""13406"",""13408""]",4fd598cadebe70a21aca9a1c21f33e5927a8ed318d551750bb331ee81f44646b,2026090309,,,176,9,3891.79096978,432.421218864,33,0.378939364,6.0,1236
9,434,"[""13312"",""13316m"",""13322"",""13403"",""13404"",""13409"",""13411"",""13412"",""13414""]",65d1b65bb93dd8aee573fa20c5a9b04731c5c1b646312724200b8631a4a25704,2026090309,,,184,9,5228.74796622,580.971996247,46,0.488647104,7.0,1239
9,435,"[""13306"",""13309"",""13310"",""13318"",""13321"",""13324t"",""13405"",""13408"",""13412""]",4473948b1513ffc33c2bf2387ea4b0ef04a8e47885fa0b9b2557ddf169648539,2026090309,,,188,9,4167.77196753,463.08577417,33,0.336580681,4.0,1216
9,436,"[""13301"",""13307"",""13311"",""13312"",""13318"",""13319"",""13321"",""13326"",""13407""]",67830afc2ecc19706456aa265ca91c9dcb7e7b635b5d4cac9cc476d39b5789fa,2026090309,,,231,9,4302.37896728,478.042107476,46,0.397326196,3.0,1259
9,437,"[""13301"",""13302"",""13306"",""13311"",""13314"",""13324muw"",""13401"",""13402"",""13413""]",b4bd593d879116920ba98ba0a4f59c2c76c679f7477c7b4293ffb1e79c83c3fd,2026090309,,,207,9,4551.29196612,505.699107347,50,0.529332822,5.5,1278
9,438,"[""13311"",""13313"",""13315"",""13317"",""13320"",""13321"",""13322"",""13404"",""13414""]",c598e7a6aa971f8933c36ab6f3413c039b23b24fbcb91667180315c0d965b7df,2026090309,,,212,9,4218.30696714,468.700774127,37,0.387596954,3.0,1229
9,439,"[""13305"",""13311"",""13319"",""13321"",""13324t"",""13326"",""13406"",""13411"",""13414""]",e66fefddcf6b1ac42587dc35aaa3c80aeeab3b07f6ac647420ebcbb1f714568c,2026090309,,,172,9,3921.87197255,435.763552506,30,0.313414697,7.0,1235
9,440,"[""13303"",""13306"",""13318"",""13319"",""13320"",""13322"",""13324muw"",""13409"",""13413""]",f48d8a7db5c3a9325263e2b9b67c8d677de68e23d84fb85b7168156887c5a8ee,2026090309,,,235,9,4512.23796595,501.359773994,54,0.448244905,3.0,1259
9,441,"[""13314"",""13316uwt"",""13323"",""13324t"",""13325"",""13401"",""13408"",""13411"",""13413""]",d33c9e87db27b25a8891bec17f6ff2a93c6ebe8a88c02e8c9071e663aca038fd,2026090309,,,157,9,3968.00497435,440.889441594,42,0.539186177,7.0,1275
9,442,"[""13303"",""13306"",""13307"",""13308"",""13316m"",""13318"",""13404"",""13409"",""13412""]",ac3122bda501f2e11957aa7bbfb66a78d10fc5714b92d829f9782d58112f76f8,2026090309,,,235,9,4946.91396562,549.657107291,54,0.457956174,3.0,1241
9,443,"[""13302"",""13306"",""13307"",""13312"",""13317"",""13323"",""13401"",""13406"",""13410""]",72489fbbd2e29112319f4aee0d4f2f9b84c223b649e8edba447fe8ea04f70257,2026090309,,,227,9,4678.89596254,519.877329171,50,0.59303074,3.0,1286
9,444,"[""13301"",""13306"",""13308"",""13311"",""13317"",""13324t"",""13405"",""13409"",""13412""]",f4d14d934507787137344c40f6afafcb8dba7da527075f65c672a2e9e980dd28,2026090309,,,211,9,4653.70096819,517.077885354,37,0.397652644,6.0,1241
9,445,"[""13313"",""13315"",""13316uwt"",""13319"",""13325"",""13404"",""13406"",""13410"",""13414""]",e9ad055c87d0cebb63a28af65782231f6f6b1064e46d0c59412dc5c7ff1c7ac7,2026090309,,,216,9,5014.13196173,557.125773526,42,0.424464077,5.0,1263
9,446,"[""13305"",""13315"",""13318"",""13319"",""13323"",""13325"",""13402"",""13406"",""13407""]",ceb4f4a9d65b4fd27478c002b83fc311d273f4598f6cc9683d092fd0c4eb72bf,2026090309,,,219,9,4704.95796811,522.773107568,42,0.422664346,3.5,1274
9,447,"[""13301"",""13303"",""13304"",""13309"",""13318"",""13319"",""13322"",""13407"",""13408""]",4e38eeddecbb0014312bd3e04e23815395b55a6e0c11a7cd8364bbc69c4509d4,2026090309,,,263,9,4827.00496869,536.33388541,54,0.408670079,3.0,1259
9,448,"[""13303"",""13305"",""13306"",""13307"",""13314"",""13319"",""13322"",""13324t"",""13412""]",32d346aac141db47a0f86c2850b2cd811a8de57b33b898bf4938641126cb66b1,2026090309,,,231,9,3965.84297168,440.649219076,54,0.453988527,3.0,1259
9,449,"[""13301"",""13309"",""13317"",""13318"",""13322"",""13326"",""13404"",""13409"",""13410""]",7f024d1bcdadc16efe505e3e75c222a85347efad8c27d22a9432a6c2230fe1bd,2026090309,,,224,9,4907.28797067,545.254218963,37,0.323344981,5.0,1268
9,450,"[""13306"",""13309"",""13317"",""13320"",""13322"",""13323"",""13324t"",""13412"",""13413""]",ec15b8a53dda0a325ee074b0239d086c25371cec8a24632fbd1f7f584ce53a59,2026090309,,,187,9,3834.90597253,426.100663614,37,0.405078008,4.0,1178
9,451,"[""13304"",""13305"",""13311"",""13316m"",""13324t"",""13407"",""13408"",""13413"",""13414""]",683a659b094bf4c111f647f2c0e78b3080474823166c9a2d995053e6c833e27c,2026090309,,,177,9,4252.44797005,472.494218894,37,0.420666903,7.0,1243
9,452,"[""13301"",""13305"",""13310"",""13313"",""13314"",""13316m"",""13326"",""13405"",""13414""]",9f52c1f9f63fd386e8b29c026923a6f53b3fc69066b5ffb0f926219f1e8836c4,2026090309,,,212,9,4151.15196797,461.239107552,37,0.3706959,4.0,1167
9,453,"[""13304"",""13314"",""13319"",""13324muw"",""13325"",""13404"",""13405"",""13410"",""13412""]",5c73288d1c3676f83598fc225288984ed73db1dc365fb6958c02cc34fa3cabbf,2026090309,,,199,9,4787.77496699,531.974996332,42,0.455986888,6.5,1263
9,454,"[""13302"",""13304"",""13306"",""13310"",""13319"",""13322"",""13326"",""13404"",""13409""]",c15912ee5ee17cb40f43225e518d0e5d08a66850668a76f4c23653c1a710e079,2026090309,,,249,9,4831.4719635,536.830218167,50,0.357407156,3.0,1257
9,455,"[""13303"",""13310"",""13316uwt"",""13321"",""13323"",""13325"",""13401"",""13404"",""13414""]",5ed611d81cc6f8ba21d1de72c089a4110ae25985aa2e149a891461667eff84a6,2026090309,,,212,9,4452.26997062,494.696663402,54,0.60506201,3.0,1275
9,456,"[""13302"",""13303"",""13314"",""13319"",""13321"",""13325"",""13326"",""13402"",""13404""]",48a93c26a7e13ceb04c1a6776e47c7552081bd2a81b432d4d50a72bdea388302,2026090309,,,266,9,5094.9779647,566.108662744,54,0.479319623,3.0,1275
9,457,"[""13301"",""13308"",""13311"",""13312"",""13314"",""13324muw"",""13403"",""13405"",""13411""]",f17b9c6074949221ed1ed20af70d5ea0730ca1234ed65fb5e21a3cf4c842fe09,2026090309,,,201,9,4424.81196854,491.645774282,46,0.514005235,6.5,1241
9,458,"[""13304"",""13322"",""13323"",""13401"",""13402"",""13404"",""13407"",""13408"",""13411""]",b2806680989c31cb32a8d272f49bef89006e4580a2ea4c28844e0ebc3b36bd6a,2026090309,,,159,9,4801.93697232,533.54855248,37,0.472828833,7.0,1275
9,459,"[""13304"",""13307"",""13319"",""13323"",""13326"",""13403"",""13405"",""13406"",""13410""]",110b0c512e360ee728efbd92ab00e550c48218c6507f32071099fb5c38d2763e,2026090309,,,164,9,4122.45497382,458.050552647,37,0.45752028,7.0,1266
9,460,"[""13312"",""13314"",""13316uwt"",""13318"",""13325"",""13405"",""13408"",""13409"",""13411""]",bde9e420ccfdd5f4976ff99b49757a4b8df16f1fb7bff9099663acf6f3310122,2026090309,,,213,9,4874.50596474,541.61177386,46,0.526993998,5.0,1235
9,461,"[""13301"",""13302"",""13304"",""13305"",""13310"",""13321"",""13401"",""13403"",""13410""]",febd613cc4dd833f62b3588c8b8a35d3a570406918898bc3a1814eccaf316f01,2026090309,,,240,9,4895.40396524,543.933773916,50,0.448957125,3.0,1286
9,462,"[""13308"",""13309"",""13314"",""13315"",""13318"",""13324muw"",""13403"",""13408"",""13412""]",65d4aaa7b68272d166a53d83e469223f198277efb2436ac570d4448be15382d4,2026090309,,,190,9,4150.57097344,461.174552604,33,0.377262336,4.0,1236
9,463,"[""13311"",""13319"",""13320"",""13326"",""13401"",""13402"",""13404"",""13407"",""13410""]",6cd0342001e6e7baac16a69292eaa1d152bb940bd6bb83a6a2384501b0c79a78,2026090309,,,156,9,4626.78696818,514.087440909,27,0.23864757,7.0,1286
9,464,"[""13303"",""13307"",""13308"",""13311"",""13317"",""13324muw"",""13407"",""13409"",""13412""]",36f34be03a58bd1eba7a69ac0c9de21ef3fe1f8574cb0340ea37892bfc68ba37,2026090309,,,217,9,4726.8039666,525.200440733,54,0.540213258,4.0,1241
9,465,"[""13301"",""13306"",""13311"",""13316uwt"",""13320"",""13324muw"",""13325"",""13402"",""13404""]",08cb7069b2a39f36b618214c48e181ed839af2e96d26095839bb1235aa560755,2026090309,,,210,9,4370.66496676,485.629440751,42,0.409080602,4.0,1272
9,466,"[""13304"",""13307"",""13318"",""13319"",""13325"",""13401"",""13407"",""13410"",""13413""]",46a925fdc029b7df386b6909d3d4ccad7089eb849f0dea80c12cef39c3f0271a,2026090309,,,213,9,4943.84996325,549.316662583,42,0.449381863,5.0,1286
9,467,"[""13302"",""13306"",""13307"",""13315"",""13322"",""13323"",""13408"",""13409"",""13412""]",36f4a3a570498e6fdaf59fad6c78dfa9b656e13d683be87c94132a21d568c097,2026090309,,,203,9,4282.34697032,475.816330036,50,0.549432256,3.5,1257
9,468,"[""13304"",""13311"",""13312"",""13314"",""13317"",""13318"",""13323"",""13325"",""13407""]",2c6bbb475451a19fe4caeb933eb742760906e6c7dc27e566312b110e1595fb28,2026090309,,,250,9,4463.62096472,495.957884969,46,0.475108409,3.0,1243
9,469,"[""13304"",""13309"",""13313"",""13314"",""13317"",""13403"",""13404"",""13408"",""13412""]",accc353d1afa789f1a67644f11ffb39b0ab70326da0dc1ed90c1997794bd1f1b,2026090309,,,206,9,4852.93196456,539.214662729,37,0.451899772,7.0,1255
9,470,"[""13304"",""13306"",""13310"",""13314"",""13322"",""13325"",""13406"",""13409"",""13410""]",5d5ac6a6716118927f11efe8a3c985776ad60a901e585456d65baf5b6f29358e,2026090309,,,221,9,4696.94796732,521.88310748,42,0.389718606,4.0,1254
9,471,"[""13302"",""13305"",""13308"",""13309"",""13401"",""13402"",""13409"",""13413"",""13414""]",60db453c817ea8fb675548ef98ae44da11eb309cfd18e4bfe56f04cf19e6203e,2026090309,,,206,9,5201.8559632,577.983995911,50,0.508852725,7.0,1278
9,472,"[""13301"",""13302"",""13304"",""13306"",""13317"",""13322"",""13401"",""13402"",""13412""]",f2e6156918819cbeedfad26c7b76150b62ab29db75061a93bbaeb8d924670ab4,2026090309,,,260,9,5213.67196494,579.296884993,50,0.409068794,3.0,1278
9,473,"[""13304"",""13306"",""13307"",""13310"",""13311"",""13316m"",""13323"",""13402"",""13414""]",05a1f74c90b7d21e0610896306507bd8ead01a7a43302c58b55848e31b312347,2026090309,,,180,9,3690.59497164,410.06610796,37,0.438431548,4.0,1272
9,474,"[""13301"",""13310"",""13319"",""13322"",""13326"",""13405"",""13408"",""13410"",""13411""]",208e1138fbd4695c486546d89974f25e18f34b5e16f68aab768ab54fc46ab296,2026090309,,,187,8,4437.8639726,493.095996956,36,0.374025849,6.0,1268
9,475,"[""13303"",""13310"",""13314"",""13316m"",""13318"",""13320"",""13326"",""13402"",""13408""]",0a94e846a8843e65276fd8d570d4a5375860fc0ed39f0ac26d27ed010429d0de,2026090309,,,215,8,4113.04397157,457.00488573,54,0.510188249,3.0,1253
9,476,"[""13301"",""13304"",""13316m"",""13320"",""13322"",""13323"",""13405"",""13410"",""13413""]",409ad4a9d360d43e50024571cb968547e454ba4d21aed8a3db8a5b95a2e55bf8,2026090309,,,189,9,4139.40697504,459.934108338,37,0.460043706,6.0,1268
9,477,"[""13307"",""13308"",""13309"",""13319"",""13325"",""13326"",""13401"",""13406"",""13408""]",e4d0b5332e99c3def3d45ec39f93b9019514f0a07dff4968d73f48a3f776d1e4,2026090309,,,195,9,4201.3229701,466.813663344,42,0.445888515,3.5,1277
9,478,"[""13302"",""13311"",""13314"",""13317"",""13318"",""13325"",""13404"",""13409"",""13411""]",5acebbd0ad0deefb59e4f3ec21edf141e930b5e6e2d8656cd8bb86afd6a346ce,2026090309,,,240,9,5121.3579597,569.0397733,50,0.491807889,3.0,1257
9,479,"[""13304"",""13306"",""13310"",""13311"",""13317"",""13405"",""13406"",""13412"",""13414""]",91a699ee5ed0ef98121095c3b5a2477a1f1e21d8afd798fea93a81d44437d1ac,2026090309,,,196,9,4544.08796718,504.89866302,37,0.452904919,6.0,1243
9,480,"[""13302"",""13308"",""13311"",""13314"",""13404"",""13405"",""13406"",""13407"",""13414""]",2271886bec24ef0cecb6b438a84eda85f6d9679e47cc6a1f7eda92aaf7e0075d,2026090309,,,184,9,4918.03396412,546.448218236,50,0.573723618,7.0,1257
9,481,"[""13306"",""13310"",""13316m"",""13319"",""13322"",""13401"",""13404"",""13405"",""13412""]",8cc2319e64ab8d3295afaf63ad277a2b51657e1b8a716b6483dfaede8ccdf8e2,2026090309,,,187,9,4500.47496885,500.052774317,30,0.300799168,6.0,1277
9,482,"[""13305"",""13312"",""13314"",""13318"",""13324t"",""13325"",""13406"",""13409"",""13411""]",0dc6aacd9f9d4b80ad10a5cff9930956275fe59f02e4bab8f5de909e86efa398,2026090309,,,230,9,4847.45096215,538.605662461,46,0.461566331,4.0,1233
9,483,"[""13301"",""13302"",""13311"",""13316uwt"",""13324muw"",""13401"",""13407"",""13412"",""13414""]",75ac188ceba1d058446e12c13225591e6a03676b17acbe27ecb702eee8375866,2026090309,,,194,9,4665.45696484,518.384107204,50,0.566541512,7.0,1278
9,484,"[""13302"",""13307"",""13310"",""13312"",""13401"",""13403"",""13407"",""13408"",""13409""]",974162e43d2ae8dec7da3ed507f495ab7a11c37c178afde1e89c3e5360da231f,2026090309,,,206,9,5140.3439586,571.149328733,50,0.607630494,6.0,1278
9,485,"[""13304"",""13305"",""13311"",""13315"",""13316m"",""13319"",""13324t"",""13325"",""13409""]",b9eac6453b28e69868fbde20407372301087234165e787b0393d222ca22afff9,2026090309,,,239,9,4204.78096906,467.197885451,42,0.335459452,3.0,1245
9,486,"[""13303"",""13306"",""13311"",""13322"",""13324t"",""13407"",""13409"",""13411"",""13412""]",8185bc6c992d1d2d7d9523ab3200cc013924b9648609a90cd5e3306a0d988fdb,2026090309,,,205,9,4825.58796591,536.176440657,54,0.536008559,5.0,1241
9,487,"[""13303"",""13310"",""13314"",""13316m"",""13318"",""13320"",""13402"",""13411"",""13414""]",301567ae718e33529c44f9822e400327f03036e4e0c07044bfde723934e7c4a8,2026090309,,,209,9,4395.07796894,488.341996549,54,0.536610923,4.0,1253
9,488,"[""13305"",""13306"",""13309"",""13312"",""13317"",""13319"",""13403"",""13408"",""13412""]",21ccb5e2ca9ca2cc84f96ad946be41b012f7ee7fb3cdef66ec973b0c1d8bd327,2026090309,,,232,9,4742.06696565,526.896329517,46,0.420915711,4.0,1257
9,489,"[""13303"",""13307"",""13309"",""13324muw"",""13325"",""13401"",""13403"",""13409"",""13410""]",e3019d83ac0eead845193f3200f93542ff97dbaec5e47d9fa995c59d69cfe421,2026090309,,,208,9,4787.17896548,531.908773942,54,0.599016082,5.0,1286
9,490,"[""13301"",""13303"",""13318"",""13319"",""13320"",""13323"",""13404"",""13407"",""13412""]",4899a9831fc2b9758e816cfd36cdc24c7468d276a9c430ab4e2a72f9ae054002,2026090309,,,223,9,4808.43896787,534.27099643,54,0.542730593,4.5,1259
9,491,"[""13303"",""13313"",""13318"",""13403"",""13406"",""13410"",""13411"",""13413"",""13414""]",496dec029a24e8de7df5571f333e303173a0c46c42aa2dd81bf357adcd973efb,2026090309,,,208,9,5459.88095772,606.653439747,54,0.603169023,7.0,1268
9,492,"[""13301"",""13309"",""13311"",""13319"",""13323"",""13324t"",""13404"",""13406"",""13411""]",10da4ed40bb4a3c73b6ea7f9e2f85cb5e461603c287db639f694454e278b193a,2026090309,,,170,9,4082.09797194,453.566441327,36,0.418681404,7.0,1259
9,493,"[""13312"",""13313"",""13321"",""13323"",""13403"",""13406"",""13410"",""13413"",""13414""]",ec62d062c55bec9247779a4e81fefd9ddea5cc7e59a60dec2a50fa325189bdfc,2026090309,,,183,9,4890.71596152,543.412884613,46,0.590619132,7.0,1266
9,494,"[""13320"",""13322"",""13323"",""13324t"",""13325"",""13401"",""13405"",""13407"",""13408""]",9590b7a7009f90f3f60226d66e2d41fda626f275d0ab7a7d3b9a1cf2aef347dd,2026090309,,,163,9,4028.71597013,447.635107792,42,0.538131589,6.0,1275
9,495,"[""13301"",""13316m"",""13318"",""13320"",""13324muw"",""13326"",""13402"",""13405"",""13414""]",6195b2df65800473e83d49a61dd59faa124f1ae2382bfa08a68cfef83afbcded,2026090309,,,188,8,4198.45097137,466.494552374,36,0.38260916,6.0,1253
9,496,"[""13309"",""13315"",""13316uwt"",""13320"",""13322"",""13324muw"",""13325"",""13411"",""13412""]",ffdcbefd33aa77339438da7750698fe677bd2cf87b0f96fc5bb73589c7605ba8,2026090309,,,204,9,4029.67897168,447.742107964,42,0.380083764,3.0,1205
9,497,"[""13303"",""13316uwt"",""13319"",""13320"",""13322"",""13402"",""13403"",""13404"",""13413""]",3df3677eb80facb1dd29109b6000942857a7c695a0b6f550f34d2015eb9653bc,2026090309,,,207,9,4859.97296961,539.996996623,54,0.513624497,7.0,1274
9,498,"[""13303"",""13304"",""13305"",""13316m"",""13324t"",""13325"",""13403"",""13404"",""13409""]",e26a1d438d4107473525f5dc702820a6ab6ac4ad5c3320d08b47c2d84e1c5685,2026090309,,,252,9,5085.77996515,565.086662794,54,0.464133064,3.0,1257
9,499,"[""13306"",""13312"",""13324t"",""13326"",""13404"",""13405"",""13406"",""13408"",""13414""]",b43aa6391150b9d5e6dadefe4328fe674bc9a00bc8b4f1065849b7a4731b0d0c,2026090309,,,182,9,4677.5249671,519.724996344,46,0.526326594,7.0,1236
9,500,"[""13306"",""13311"",""13313"",""13316uwt"",""13317"",""13403"",""13404"",""13405"",""13410""]",c7d0a6f648602fdb03f7ec4e7da4b83e6e253498669632e27bc0d2e10ef4cf6b,2026090309,,,198,9,4821.09596082,535.67732898,37,0.428013542,6.0,1266
9,501,"[""13305"",""13310"",""13313"",""13315"",""13316m"",""13402"",""13405"",""13410"",""13412""]",734c00ae94913cf25ab6ff78a9175b68d95a10cc077f52e6d68a4abb5a54e870,2026090309,,,205,9,4825.64596268,536.182884742,37,0.350473462,5.0,1283
9,502,"[""13304"",""13306"",""13309"",""13310"",""13316uwt"",""13320"",""13401"",""13402"",""13409""]",cef1cf265b261bb63ece9ff91c3ab178630c04fabaec51bfdd9f38d3a9d21bf4,2026090309,,,196,9,4376.29996872,486.25555208,37,0.335185055,5.0,1275
9,503,"[""13303"",""13307"",""13314"",""13322"",""13323"",""13402"",""13411"",""13412"",""13413""]",3fca6d57798a985612703465b61a1a459ee16be70b031190bc4559dd6f098879,2026090309,,,180,9,4375.47097468,486.163441631,54,0.639444203,7.0,1223
9,504,"[""13301"",""13302"",""13303"",""13307"",""13311"",""13315"",""13316uwt"",""13401"",""13412""]",6aab2dd50eaf240c0f09caff005f158bd57be7f3585489ffa5429dd6ed39a843,2026090309,,,248,9,4538.59496846,504.288329829,54,0.550399533,3.0,1278
9,505,"[""13306"",""13307"",""13312"",""13316uwt"",""13319"",""13320"",""13324t"",""13325"",""13414""]",7abb8b9de29a50b033ce016e6d4db46bdf62d197b4bf90e4094a0f570ce8e1d4,2026090309,,,227,9,4015.1239639,446.124884878,46,0.452738288,3.0,1229
9,506,"[""13310"",""13311"",""13314"",""13324muw"",""13401"",""13406"",""13412"",""13413"",""13414""]",1f6d322522438e54350180d19ea4bfc98775b8b45e06b4313f27d662a0066bba,2026090309,,,139,9,4125.48497058,458.387218953,24,0.220336587,7.0,1226
9,507,"[""13301"",""13305"",""13309"",""13315"",""13318"",""13324muw"",""13326"",""13402"",""13411""]",fca51ea6cf9f6d250335a9af2f8a3e1bdb3654758ea560c1e6159206d876f993,2026090309,,,221,9,4351.98097331,483.553441479,36,0.309020291,3.0,1253
9,508,"[""13302"",""13305"",""13313"",""13316uwt"",""13322"",""13403"",""13405"",""13409"",""13413""]",4b6f5d20679dedeca06d218559e9215f2c1d24a8d2ef8528f8b0722a64aaeafd,2026090309,,,223,9,5106.37695742,567.375217491,50,0.473641109,5.5,1258
9,509,"[""13302"",""13303"",""13311"",""13314"",""13316uwt"",""13320"",""13324muw"",""13407"",""13414""]",189f33487138c549de81aa6540cc1c30ac46a0917ef577404e239da1279fe619,2026090309,,,217,9,4202.40696574,466.934107304,54,0.626694225,3.0,1260
9,510,"[""13313"",""13314"",""13319"",""13321"",""13322"",""13325"",""13407"",""13409"",""13412""]",4f86b776e893e6bcc4fa62ef8943dc0ae02c90a76e9d31ac20ea00d1a502ffe7,2026090309,,,219,9,4925.96496157,547.329440174,42,0.375652307,5.0,1200
9,511,"[""13302"",""13307"",""13308"",""13313"",""13314"",""13317"",""13323"",""13326"",""13410""]",d90e32ec2111fa047038334b861b8aaadfa835ba08ee03d523d7009fb4a3ade6,2026090309,,,230,9,4207.11796345,467.457551494,50,0.510568829,3.0,1265
9,512,"[""13302"",""13309"",""13310"",""13323"",""13326"",""13401"",""13403"",""13405"",""13409""]",dc26615c408d40019b15318c3005bdcb72d823166a67dc04be0cad6996169da2,2026090309,,,181,9,4433.51896705,492.613218561,50,0.579610413,6.0,1278
10,1,"[""13303"",""13305"",""13309"",""13311"",""13312"",""13318"",""13320"",""13321"",""13322"",""13411""]",c9c76b6f01e6cc7a1a1cbad7e9b9b89224f10bddc250cba233c7113bdbdd082e,2026090310,probability,fixed_seed_probability_1,277,10,4728.58096186,472.858096186,54,0.462333534,3.0,1241
10,2,"[""13307"",""13308"",""13310"",""13313"",""13314"",""13315"",""13316uwt"",""13320"",""13403"",""13407""]",7dfa91774633a435d5f7f234372d8344d3aa59cb6b1c26fae6037aa18e64d7ad,2026090310,probability,fixed_seed_probability_2,222,10,4478.90496362,447.890496362,37,0.349382332,3.0,1236
10,3,"[""13309"",""13310"",""13320"",""13322"",""13403"",""13404"",""13406"",""13407"",""13410"",""13412""]",a9936bcb42e0981b0bd6c4edd821bbe1136b3a6c37b5619c307a999799ac1e8a,2026090310,probability,fixed_seed_probability_3,180,10,5326.42396326,532.642396326,26,0.230404904,7.0,1266
10,4,"[""13302"",""13303"",""13314"",""13317"",""13319"",""13321"",""13401"",""13402"",""13411"",""13412""]",b516311fcfec2caab595811264aa42eb0bd287967c9086ad1a12a70542f11ed2,2026090310,probability,fixed_seed_probability_4,264,10,5670.23196309,567.023196309,54,0.553911709,4.0,1278
10,5,"[""13301"",""13304"",""13306"",""13315"",""13319"",""13320"",""13323"",""13407"",""13412"",""13414""]",69a50eec1166055879b670e64e7b0d945fa8cedd777d7b118cdf93a4cd57f435,2026090310,probability,fixed_seed_probability_5,229,10,4777.78997097,477.778997097,37,0.434250879,4.0,1259
10,6,"[""13306"",""13310"",""13314"",""13315"",""13316uwt"",""13317"",""13404"",""13407"",""13408"",""13410""]",e7d801faca388c7a14cf18ec7f3a51c1f489a808bebe42043fdf7f29f09934da,2026090310,probability,fixed_seed_probability_6,219,10,5049.37997074,504.937997074,37,0.362690474,5.0,1263
10,7,"[""13305"",""13306"",""13307"",""13309"",""13314"",""13321"",""13322"",""13326"",""13401"",""13409""]",7db42698fe475d969d8ff8e7003021d6a7a2395ba3adce7828660dbab48b0937,2026090310,,,211,10,4197.06297423,419.706297423,30,0.279138471,4.0,1259
10,8,"[""13301"",""13302"",""13312"",""13313"",""13316uwt"",""13322"",""13404"",""13406"",""13410"",""13414""]",98085d8751d95cb22b29072cbc2edfe799769c3693a99b499179d88984f38e59,2026090310,,,274,10,5942.6699512,594.26699512,50,0.482028233,4.0,1268
10,9,"[""13308"",""13309"",""13315"",""13320"",""13323"",""13324t"",""13405"",""13407"",""13408"",""13412""]",2213e3963c8be4f6d0255d793bf38b5b200955153ee22a79d675707f4d767f63,2026090310,,,182,10,4438.62297079,443.862297079,31,0.404359769,6.0,1216
10,10,"[""13302"",""13306"",""13307"",""13308"",""13312"",""13314"",""13325"",""13401"",""13404"",""13406""]",f6c878b4f7451212515b3a3209e6557069ece01ecf2364eb022c665bc9615755,2026090310,,,273,10,5496.77895548,549.677895548,50,0.504657692,3.0,1278
10,11,"[""13301"",""13307"",""13309"",""13312"",""13316m"",""13320"",""13402"",""13403"",""13404"",""13408""]",3d9a91fd64305c4df148654e242b6994b7ed225f14acc053f2adb458b07cd330,2026090310,,,217,10,5078.1359651,507.81359651,46,0.481583357,7.0,1256
10,12,"[""13307"",""13311"",""13315"",""13317"",""13320"",""13321"",""13324muw"",""13401"",""13405"",""13413""]",1a31830c89b4e744ea02333691d909a0b10a1b806f1f8f5853a1ace07abacb2a,2026090310,,,192,10,4192.97997166,419.297997166,37,0.41392326,5.0,1252
10,13,"[""13305"",""13308"",""13312"",""13313"",""13320"",""13321"",""13404"",""13408"",""13410"",""13413""]",0223f05f9fd689db28a2577c09980290e3bc9e01b936cb5bc606da58d582c201,2026090310,,,240,10,5459.25795536,545.925795536,46,0.453765113,6.0,1263
10,14,"[""13303"",""13308"",""13311"",""13316uwt"",""13319"",""13322"",""13402"",""13403"",""13405"",""13410""]",01bca7639353e513b61658ea4f5bc662752ba0a8ba7a9a4a975d196bc082e7c9,2026090310,,,232,10,5216.97896551,521.697896551,54,0.512840473,5.5,1283
10,15,"[""13301"",""13302"",""13306"",""13309"",""13313"",""13314"",""13318"",""13324t"",""13405"",""13406""]",8ed7143232f8f36a70b3205031b50a6289d490f4f4cac79e6c0c798e94abe9ef,2026090310,,,269,10,5156.21395321,515.621395321,50,0.431435022,3.0,1260
10,16,"[""13313"",""13316uwt"",""13320"",""13323"",""13324t"",""13325"",""13402"",""13409"",""13411"",""13414""]",79484b6d89b4fa9e44ce55d01077f30117fb868fab93c07b99d769b86e23c126,2026090310,,,202,10,4951.88195805,495.188195805,42,0.508625724,6.0,1272
10,17,"[""13308"",""13314"",""13315"",""13320"",""13321"",""13322"",""13324t"",""13325"",""13404"",""13407""]",55fcc4a8683d784f728023846bf7f5993fcced3f5d55df218f86342e31f931f2,2026090310,,,236,10,4709.97196965,470.997196965,42,0.352077595,3.0,1252
10,18,"[""13304"",""13305"",""13311"",""13314"",""13322"",""13326"",""13402"",""13406"",""13408"",""13410""]",d03db40fb23d7a64955a1bfcf3782ad835bbb570d5f2ade4130d3aef62acb3f3,2026090310,,,201,10,4669.48797135,466.948797135,37,0.394543361,7.0,1283
10,19,"[""13305"",""13307"",""13312"",""13313"",""13316m"",""13319"",""13326"",""13408"",""13409"",""13410""]",30cc600effbc7f6b779347838c657d35b417dc9d7de5f250d12c8ea78eac8f41,2026090310,,,242,10,5057.97995752,505.797995752,46,0.430942407,4.0,1244
10,20,"[""13301"",""13304"",""13310"",""13314"",""13316uwt"",""13319"",""13320"",""13322"",""13325"",""13405""]",1aa6c74e22456472b61fd144f9dfd43e89ff1a3fe510a12e44c83692e694dbc6,2026090310,,,258,9,4519.56596831,451.956596831,42,0.362687987,3.0,1259
10,21,"[""13304"",""13312"",""13317"",""13319"",""13322"",""13326"",""13403"",""13407"",""13409"",""13413""]",ea444a40b87509d1f9b8b645d0d4ab7004ae62269203c2ababbd3e5ac0a93751,2026090310,,,257,10,5700.31596358,570.031596358,46,0.407000915,5.0,1257
10,22,"[""13302"",""13303"",""13310"",""13315"",""13321"",""13324muw"",""13326"",""13401"",""13405"",""13412""]",b7e4dbccd88c58bd6a398d4ef4b25e0684b1c2815cea462deb172008d96f08d6,2026090310,,,259,10,5085.33196457,508.533196457,54,0.545605066,3.0,1278
10,23,"[""13301"",""13308"",""13310"",""13311"",""13317"",""13319"",""13320"",""13402"",""13406"",""13407""]",2fd5fa3e62eeac3b9c3ee38a030083fd72f2fab033b8a781074dbc03410c0884,2026090310,,,233,10,5126.19396379,512.619396379,37,0.366217922,6.0,1274
10,24,"[""13302"",""13303"",""13307"",""13310"",""13311"",""13318"",""13321"",""13324muw"",""13401"",""13408""]",27f746ea02952df58bb6504a756836ed3594d4cdb980044d8509047b1ffb0fd5,2026090310,,,252,10,4647.91795916,464.791795916,54,0.587194327,3.0,1278
10,25,"[""13302"",""13307"",""13311"",""13323"",""13402"",""13403"",""13404"",""13408"",""13412"",""13414""]",084a1711006cb94c83e6674a682cb2ab35e43e360628f75ae3bb197251605ed3,2026090310,,,173,10,5070.56396248,507.056396248,50,0.647837382,7.0,1275
10,26,"[""13301"",""13303"",""13305"",""13319"",""13324t"",""13405"",""13409"",""13412"",""13413"",""13414""]",e3ae89cea17cad091b9a8e2bca4bc3ddb62165e7cbb9a61cd6d51db0b0fba604,2026090310,,,237,10,5572.41896498,557.241896498,54,0.533734427,7.0,1259
10,27,"[""13304"",""13305"",""13313"",""13317"",""13321"",""13322"",""13324muw"",""13401"",""13404"",""13407""]",ab4498dabf61287e4adc36d5f1b52f884fe71fa9905adfc2ec3bcdf9e1380ab7,2026090310,,,252,10,5270.7479602,527.07479602,37,0.361002077,3.5,1275
10,28,"[""13303"",""13306"",""13312"",""13316uwt"",""13322"",""13324muw"",""13325"",""13401"",""13407"",""13411""]",42a236b0ba94e2136739e30f4469255aed75221e605e40120558b1ffd71eff79,2026090310,,,279,10,5456.64395936,545.664395936,54,0.500112396,3.0,1275
10,29,"[""13305"",""13314"",""13321"",""13322"",""13402"",""13403"",""13407"",""13408"",""13409"",""13412""]",12bc9cc2a31fbe2296f5e3cee9d6e52f03982afc113635564cd03f4008c04c4c,2026090310,,,185,10,5347.6739699,534.76739699,30,0.297297297,7.0,1256
10,30,"[""13303"",""13304"",""13307"",""13309"",""13312"",""13315"",""13319"",""13326"",""13410"",""13413""]",a5445dd56fc8332f5e1c1117df36e96f04d317b4d8010d5a1a2858ed1877d026,2026090310,,,283,10,5131.59596634,513.159596634,54,0.458289039,3.0,1268
10,31,"[""13302"",""13304"",""13305"",""13308"",""13311"",""13312"",""13316uwt"",""13320"",""13411"",""13414""]",7c9f8420644d485a6257ea2736e0ae12df901ec43c6f37fbb162b94120172918,2026090310,,,271,10,4989.07495744,498.907495744,50,0.486035434,3.0,1257
10,32,"[""13311"",""13313"",""13319"",""13320"",""13323"",""13324muw"",""13325"",""13402"",""13404"",""13413""]",ed37c9875e00beafd98e7d44ec69ceb63987523c2b0968b02efcf30e6d74c474,2026090310,,,210,10,4850.82795557,485.082795557,42,0.490268102,5.0,1274
10,33,"[""13306"",""13309"",""13310"",""13315"",""13317"",""13318"",""13322"",""13324t"",""13402"",""13412""]",0c347cecad75dd290edc9b8fe74fc2b5cbe4177ff4c267bcc47bd7cc6866e061,2026090310,,,253,10,4863.99296561,486.399296561,37,0.277272093,3.0,1253
10,34,"[""13302"",""13304"",""13305"",""13308"",""13310"",""13316uwt"",""13320"",""13326"",""13403"",""13408""]",3eb84e3412836ff8c8761788524217cbd1c1f0f950497038a1c4c480dd2b7d03,2026090310,,,255,10,4718.78996327,471.878996327,50,0.439932888,3.0,1258
10,35,"[""13312"",""13313"",""13315"",""13319"",""13320"",""13325"",""13405"",""13406"",""13407"",""13409""]",d8195b7342d05560963d4928aad51d818c099115a691872b17dad6fda11b08ac,2026090310,,,260,10,5764.88595183,576.488595183,46,0.451493249,4.0,1237
10,36,"[""13302"",""13304"",""13308"",""13313"",""13318"",""13322"",""13403"",""13410"",""13412"",""13414""]",cc992973d5977845bf539acc0fac8eb3a80bfd6cc8abb08f96b3821916d5da4c,2026090310,,,270,10,5789.82895,578.982895,50,0.448132843,3.0,1266
10,37,"[""13303"",""13307"",""13314"",""13315"",""13316uwt"",""13318"",""13320"",""13401"",""13409"",""13413""]",65c2268c5b03722a554777e67ffa5dd92cbfc3eee89f6606125d66c78716f178,2026090310,,,230,10,4698.05697086,469.805697086,54,0.534623518,3.0,1259
10,38,"[""13309"",""13310"",""13311"",""13313"",""13317"",""13319"",""13322"",""13324muw"",""13404"",""13412""]",e93fc479148be69e3b15f3e894608c208e27fbc71de284da400f95d7e857bb74,2026090310,,,236,10,4811.58895675,481.158895675,37,0.336964328,3.0,1254
10,39,"[""13309"",""13311"",""13314"",""13315"",""13401"",""13403"",""13404"",""13406"",""13407"",""13412""]",803e512724ba61981445c966d9291c94ddd75aa675b71e605810876ce6ae7742,2026090310,,,172,10,5106.28496962,510.628496962,31,0.306324183,7.0,1256
10,40,"[""13301"",""13309"",""13310"",""13311"",""13312"",""13322"",""13325"",""13411"",""13412"",""13413""]",630014a48f464c92c66256690e469c9fc9fa2c5521c71d4bcfc4cc0621f7995d,2026090310,,,254,10,5288.24795928,528.824795928,46,0.44930213,4.0,1257
10,41,"[""13304"",""13318"",""13321"",""13322"",""13323"",""13324muw"",""13401"",""13402"",""13404"",""13411""]",a22b714db4497d6045d67b8dce6784ee6d23a83ef272f954440731a217b1e1ca,2026090310,,,203,10,4876.76496874,487.676496874,37,0.431730613,7.0,1275
10,42,"[""13305"",""13309"",""13314"",""13321"",""13323"",""13324muw"",""13325"",""13405"",""13409"",""13411""]",827f7c8c7f11a591896970c19a590daf3b90568d917c893d2f558824e0469ea0,2026090310,,,201,10,4499.27896996,449.927896996,42,0.460003993,5.0,1235
10,43,"[""13311"",""13312"",""13319"",""13321"",""13322"",""13323"",""13402"",""13405"",""13411"",""13412""]",578abe8e28962227ba4e591746637b2e4c616e1e9c5af642e50da7d8717b3af1,2026090310,,,202,10,4886.19796571,488.619796571,46,0.510549429,7.0,1274
10,44,"[""13302"",""13309"",""13312"",""13316uwt"",""13324muw"",""13326"",""13403"",""13410"",""13411"",""13412""]",64443fc5c7c61b0a582be3e2b6984e1027bb3e67714440032cc1d8076c18155e,2026090310,,,235,10,5342.17295857,534.217295857,50,0.536659689,5.0,1266
10,45,"[""13302"",""13311"",""13312"",""13316m"",""13317"",""13319"",""13322"",""13324t"",""13404"",""13408""]",cdc90d581b74cc7bd35562ac768b1afaad949006be6f37aee811029fe2b25627,2026090310,,,269,10,5056.47095818,505.647095818,50,0.472118959,3.0,1257
10,46,"[""13306"",""13315"",""13321"",""13324muw"",""13325"",""13326"",""13402"",""13405"",""13409"",""13413""]",92e7b861249fa41378f3c7db2d3582ac76ceb3d9a4a1a2484a38f013bc8aa2eb,2026090310,,,225,10,5243.26196773,524.326196773,42,0.384515087,5.0,1272
10,47,"[""13305"",""13306"",""13308"",""13313"",""13318"",""13321"",""13322"",""13324t"",""13325"",""13412""]",6db79863c12520654b6e1914c5b696661aab9e260d709a456083cb668e06fe15,2026090310,,,284,10,5043.14895417,504.314895417,42,0.278681112,3.0,1233
10,48,"[""13302"",""13307"",""13311"",""13312"",""13323"",""13326"",""13402"",""13405"",""13412"",""13414""]",bd304f7e6df54fcd77c5c087c4386f051ef147b2ae2bdffaf1ac94477bb9bf46,2026090310,,,211,10,4916.00096027,491.600096027,50,0.656171364,6.0,1275
10,49,"[""13309"",""13311"",""13316uwt"",""13317"",""13322"",""13403"",""13404"",""13408"",""13411"",""13412""]",3d861ea2db9669f832cfcfeebd689cfd91b5d2d2614477f765ebe6f9c3adb470,2026090310,,,191,10,4976.78196848,497.678196848,37,0.386478231,7.0,1206
10,50,"[""13301"",""13304"",""13307"",""13309"",""13312"",""13313"",""13323"",""13402"",""13405"",""13406""]",ac24fda9d88758d6c15db65eb81bc8269a9e38fc3c972067c48207f84066c315,2026090310,,,245,10,5171.90595832,517.190595832,46,0.512159518,4.0,1272
10,51,"[""13304"",""13308"",""13317"",""13318"",""13323"",""13325"",""13401"",""13403"",""13407"",""13412""]",cd700d4ced2d825477979aed5a3b4f6bb62d1df43d5c836384957ab294f70a52,2026090310,,,246,10,5454.3759624,545.43759624,42,0.484132518,4.0,1275
10,52,"[""13301"",""13303"",""13306"",""13307"",""13309"",""13310"",""13311"",""13312"",""13324muw"",""13326""]",26ffdcd3da2e7b7d8449340c13b55aa8f33124a9e18e2011183328845080fde6,2026090310,,,279,10,4488.48396317,448.848396317,54,0.461085723,3.0,1241
10,53,"[""13305"",""13308"",""13313"",""13315"",""13317"",""13320"",""13321"",""13325"",""13401"",""13410""]",22ef82e38931f2d82532150f92bb34236a7718b8024c4f3f409ab83c21a277c2,2026090310,,,273,10,5106.51895988,510.651895988,42,0.362637363,3.0,1286
10,54,"[""13303"",""13304"",""13311"",""13317"",""13320"",""13401"",""13402"",""13403"",""13404"",""13414""]",d84c3b0c1e53954a1a8164c19ac2e0778ae6bbd9a2e5cc4028a315505ae20620,2026090310,,,230,10,5419.18196454,541.918196454,54,0.595826696,7.0,1275
10,55,"[""13301"",""13302"",""13303"",""13304"",""13312"",""13315"",""13324muw"",""13402"",""13410"",""13414""]",7683e51a06eb5fa46a461f1438c66e5228d70a7a3c1a987a089c555ade1a394a,2026090310,,,315,10,5953.57395872,595.357395872,54,0.468993229,3.0,1283
10,56,"[""13302"",""13304"",""13305"",""13308"",""13312"",""13320"",""13324t"",""13401"",""13406"",""13413""]",7a08ee5903d70925e5e9292708ad47b525b66716eed98b9cafc04216cb6c60a7,2026090310,,,269,10,5311.56895601,531.156895601,50,0.492463341,3.0,1278
10,57,"[""13301"",""13313"",""13314"",""13316m"",""13317"",""13324muw"",""13403"",""13404"",""13408"",""13411""]",db40f0593617769dc7f9c2b84764159a7968e64137892bfeaa3afe7795fc5411,2026090310,,,222,10,5155.67996372,515.567996372,37,0.446287066,7.0,1177
10,58,"[""13306"",""13308"",""13315"",""13316uwt"",""13317"",""13324muw"",""13326"",""13403"",""13404"",""13410""]",88d261ad6e647ddc7e6af5925e6b8af8ce92a9d9d74f74d090bad15c2516e0fe,2026090310,,,234,10,4962.39597091,496.239597091,37,0.330029651,4.0,1266
10,59,"[""13303"",""13306"",""13309"",""13310"",""13316uwt"",""13321"",""13324t"",""13407"",""13409"",""13414""]",5961497d9b47f7badc30bbcb191a6fc7569d4ae03c952cbfb3d181f10143d5fa,2026090310,,,237,10,5014.93796543,501.493796543,54,0.467974149,4.0,1241
10,60,"[""13301"",""13303"",""13309"",""13314"",""13315"",""13322"",""13323"",""13406"",""13407"",""13413""]",dd9def99edf72abe342b77b4cb15f8e5f1f6e9c8630362978cc998d678c7350e,2026090310,,,239,10,4904.47497528,490.447497528,54,0.537603989,4.0,1238
10,61,"[""13302"",""13303"",""13307"",""13319"",""13324muw"",""13325"",""13403"",""13404"",""13406"",""13408""]",47478f04c3f6fc0a7347fff3592b3ca9474cf9a43d3fdc185539f659f38154da,2026090310,,,261,10,5549.06095659,554.906095659,54,0.595153723,3.0,1260
10,62,"[""13303"",""13309"",""13311"",""13322"",""13324t"",""13401"",""13402"",""13411"",""13412"",""13413""]",9999f4e881ca4af94123d5e7d0755372f18d1d5b603654860080f8b4df44f391,2026090310,,,207,10,5164.51196483,516.451196483,54,0.569577305,7.0,1226
10,63,"[""13301"",""13304"",""13305"",""13313"",""13315"",""13317"",""13320"",""13405"",""13410"",""13411""]",26832539ee39ae3fdbca5511f323385cd27a1a7cd15cd4ae0ed4b40c4e49d1f2,2026090310,,,266,10,5281.31396206,528.131396206,37,0.382351342,3.0,1268
10,64,"[""13303"",""13306"",""13310"",""13313"",""13316m"",""13319"",""13324t"",""13326"",""13410"",""13411""]",b3da932e63b3b92dbaf3d111e0d853646978b5ce7f217016e5b4ab7b037420c3,2026090310,,,263,10,4981.81795727,498.181795727,54,0.431537997,3.0,1268
10,65,"[""13306"",""13312"",""13317"",""13318"",""13320"",""13321"",""13323"",""13325"",""13407"",""13411""]",834d8c2a047f065e90372e768b6768949f62e3579cf67996f4030e287d77f2bc,2026090310,,,265,10,5108.18696002,510.818696002,46,0.462860609,3.0,1227
10,66,"[""13302"",""13305"",""13306"",""13307"",""13309"",""13310"",""13318"",""13320"",""13324muw"",""13406""]",205c458cd640d43d8bc8fc518263e60d86f1992959133b05c7bb67a0dc72733d,2026090310,,,251,10,4430.85195718,443.085195718,50,0.42067261,3.0,1257
10,67,"[""13301"",""13304"",""13316uwt"",""13317"",""13321"",""13323"",""13325"",""13404"",""13406"",""13412""]",f29122566a6972894646ed51386d1b81059de7eb194f8ec56ff7c73ac3b92681,2026090310,,,249,10,5252.52196946,525.252196946,42,0.457355491,4.0,1257
10,68,"[""13306"",""13309"",""13318"",""13319"",""13321"",""13322"",""13323"",""13402"",""13409"",""13412""]",9613a37512162f8b088cd5ce9918f8f18e1be8afb63e8c4847cb13b5f3c2cc51,2026090310,,,217,10,4876.60996729,487.660996729,33,0.332340825,5.0,1274
10,69,"[""13302"",""13312"",""13317"",""13318"",""13324t"",""13325"",""13326"",""13401"",""13405"",""13412""]",ff167a31be6e35e9939f51c54d01d2abfc4d98dc525f4ba57fc2289a2193eef7,2026090310,,,287,10,5622.97195276,562.297195276,50,0.480798362,3.0,1278
10,70,"[""13301"",""13305"",""13318"",""13320"",""13401"",""13402"",""13405"",""13406"",""13408"",""13414""]",303707ac9551f9b730fab530c5f5b3308252abf2f029794f980317f207a1b639,2026090310,,,194,10,5164.55996616,516.455996616,36,0.472542954,7.0,1256
10,71,"[""13302"",""13304"",""13307"",""13308"",""13312"",""13325"",""13405"",""13408"",""13411"",""13412""]",29760163872660fb89f1c00f1f2e7aa61ea981c8d09cf1b378d899b3a6af76be,2026090310,,,274,10,5713.74895366,571.374895366,50,0.533695954,3.0,1257
10,72,"[""13305"",""13311"",""13313"",""13317"",""13319"",""13321"",""13325"",""13326"",""13403"",""13414""]",a9b28dbd1d5ac980d4c8cd9384d03dd196f6c3584fffe332515f51785654af2f,2026090310,,,256,10,4921.7449588,492.17449588,42,0.39805435,3.0,1257
10,73,"[""13308"",""13312"",""13314"",""13324t"",""13326"",""13404"",""13405"",""13406"",""13409"",""13413""]",18c05f5dfc7e109cdb4486bdf76eea2e32e619dade1d016dad37ba67f915d884,2026090310,,,208,10,5390.45096498,539.045096498,46,0.466023878,7.0,1236
10,74,"[""13302"",""13304"",""13306"",""13315"",""13324t"",""13401"",""13409"",""13412"",""13413"",""13414""]",78af9db980b86be2bfeb07a6102a54eb9e5f9e9c69397fb018316194623f48ff,2026090310,,,237,10,5523.26296175,552.326296175,50,0.510548523,5.0,1278
10,75,"[""13303"",""13307"",""13308"",""13311"",""13312"",""13316uwt"",""13322"",""13406"",""13409"",""13411""]",c1edfebf55f23cf1783d72363a9baad2edda645d8482a1788f556c11be8a28f9,2026090310,,,252,10,5137.44096314,513.744096314,54,0.54143041,3.0,1241
10,76,"[""13305"",""13315"",""13318"",""13322"",""13323"",""13324muw"",""13326"",""13402"",""13403"",""13409""]",cc5256647fae8756519eb2f6cb5d4aa57a4262037eefcc220deb430d51ebe65d,2026090310,,,214,10,4630.98797175,463.098797175,33,0.36627884,4.0,1256
10,77,"[""13305"",""13308"",""13315"",""13316m"",""13320"",""13323"",""13324t"",""13326"",""13408"",""13409""]",3e73d455a250ff98a05908ba33980de049212e61caa39698be8509442211a158,2026090310,,,206,10,4029.52397502,402.952397502,31,0.376769086,3.0,1217
10,78,"[""13306"",""13307"",""13309"",""13316m"",""13323"",""13325"",""13402"",""13406"",""13411"",""13413""]",0c5f65abbc74f26212b1d40399a88decb86ce36c69921394d6e93179744ac0b0,2026090310,,,200,10,4832.30896636,483.230896636,42,0.466904701,6.0,1272
10,79,"[""13303"",""13308"",""13312"",""13314"",""13319"",""13324muw"",""13326"",""13411"",""13413"",""13414""]",e0d5cea4dd7a0867b5c24263508c98cb2af6c596a797c8f7bfc14f523efcdf1b,2026090310,,,253,10,5099.37596576,509.937596576,54,0.540809112,3.0,1259
10,80,"[""13305"",""13307"",""13311"",""13318"",""13320"",""13321"",""13326"",""13401"",""13406"",""13408""]",2e2f45d69235105ec1d70962c29497500f66a40d4cc0d850b2119893a2644384,2026090310,,,188,10,4071.91496925,407.191496925,33,0.382683101,6.0,1256
10,81,"[""13301"",""13302"",""13309"",""13311"",""13312"",""13316uwt"",""13318"",""13326"",""13403"",""13404""]",54265e3938365b1d08cbea2c95e7f98a2e7c7e50bd7abe1894c4a9a6f40159ca,2026090310,,,274,10,5294.55295793,529.455295793,50,0.452966613,3.0,1260
10,82,"[""13301"",""13303"",""13304"",""13306"",""13309"",""13310"",""13318"",""13322"",""13406"",""13409""]",c8d9bdd94feeceb7ead0f0067c569d5e730c70fde460c597edd6bdf402c6b4c9,2026090310,,,293,10,5371.22896328,537.122896328,54,0.374821106,3.0,1257
10,83,"[""13308"",""13317"",""13322"",""13324t"",""13325"",""13401"",""13402"",""13405"",""13406"",""13412""]",b0296c07a74c2f202a0b27fac8ae77e1e0d59d5667852a11aac4c7c9d03573e0,2026090310,,,225,10,5470.90396305,547.090396305,42,0.456394891,7.0,1275
10,84,"[""13301"",""13306"",""13314"",""13326"",""13403"",""13404"",""13408"",""13409"",""13411"",""13412""]",8d129a5937382e1cb58ea35717ccb97192594fd9f3a2e024e8e78373e68b16fe,2026090310,,,191,10,5403.54397043,540.354397043,36,0.392111295,7.0,1241
10,85,"[""13301"",""13302"",""13306"",""13307"",""13312"",""13314"",""13322"",""13323"",""13404"",""13411""]",04351bb33a911aeee823349d116c91bd88a953b29deff5f4dc9458bccd9580d7,2026090310,,,258,10,4945.42796364,494.542796364,50,0.528839005,3.0,1260
10,86,"[""13301"",""13305"",""13307"",""13310"",""13319"",""13321"",""13326"",""13401"",""13406"",""13412""]",028d3658f0629edcd41543c7e1890191de6f0117ae689846c3bd999bf5920e4b,2026090310,,,216,9,4637.55997026,463.755997026,36,0.343467352,5.0,1277
10,87,"[""13304"",""13306"",""13309"",""13313"",""13318"",""13324t"",""13325"",""13406"",""13412"",""13414""]",342371fa7959b6947e089da1b60c2134ef41af3cf9ac69fac8c1fbe0287d36a1,2026090310,,,260,10,5308.76595185,530.876595185,42,0.404120786,3.0,1243
10,88,"[""13314"",""13315"",""13316m"",""13321"",""13324muw"",""13325"",""13401"",""13402"",""13412"",""13414""]",025210d697bfa63ed4c1256fe8817291285468d7868ec6d629266b0ebe052497,2026090310,,,207,10,4816.98697134,481.698697134,42,0.432117435,6.0,1275
10,89,"[""13307"",""13309"",""13312"",""13313"",""13314"",""13316m"",""13317"",""13319"",""13325"",""13408""]",83567ead6a86877d2f40ee71a3cf158893ba8f1307143c3168fb8c364fba1366,2026090310,,,276,10,4836.17995703,483.617995703,46,0.420102407,3.0,1227
10,90,"[""13305"",""13307"",""13314"",""13318"",""13319"",""13320"",""13322"",""13326"",""13409"",""13410""]",4e9c543dc05f17ded6660f45d2a5c331ae33b24e435bc8f5b57c70a10185676a,2026090310,,,216,10,4317.65396936,431.765396936,33,0.300177131,4.0,1244
10,91,"[""13306"",""13308"",""13309"",""13310"",""13311"",""13316m"",""13319"",""13324muw"",""13408"",""13412""]",6387486c802450d2d12c3b78fc5329ff8b3f611512e637fe19b3ebc2309680dc,2026090310,,,214,10,4296.13496501,429.613496501,31,0.30656485,3.5,1229
10,92,"[""13306"",""13308"",""13312"",""13318"",""13323"",""13402"",""13405"",""13406"",""13409"",""13413""]",1391fa3d29f2fc6d6d0d8c8455f2fbea08a199a987e723d0f800a94fa7bae433,2026090310,,,224,10,5611.5099604,561.15099604,46,0.505155184,7.0,1256
10,93,"[""13308"",""13310"",""13311"",""13314"",""13315"",""13316uwt"",""13320"",""13324t"",""13326"",""13409""]",8eb82f7f811a3d441fddd68264e07bfc9da6ed08f6311af9348fb9daa03dbc5d,2026090310,,,209,10,3911.0349728,391.10349728,31,0.276064531,3.0,1200
10,94,"[""13307"",""13313"",""13314"",""13317"",""13318"",""13321"",""13326"",""13403"",""13406"",""13410""]",b1c17994f4473fd793b09454b2bc0647575f386b7353e37c8d176653bcf1529d,2026090310,,,224,10,4871.75996285,487.175996285,37,0.407303383,4.5,1266
10,95,"[""13303"",""13311"",""13312"",""13316uwt"",""13326"",""13401"",""13402"",""13404"",""13407"",""13411""]",bf6560176a1f6c87617256cb6b6006912bdd9224345a354cb6b1865eeb8cce80,2026090310,,,233,10,5664.57196225,566.457196225,54,0.589734554,7.0,1259
10,96,"[""13303"",""13308"",""13312"",""13315"",""13321"",""13405"",""13410"",""13412"",""13413"",""13414""]",2fac2765602b9cb7f021866627be507a8e516185b178ae6294e59d9fa4071762,2026090310,,,254,10,5754.19196482,575.419196482,54,0.553202144,5.0,1268
10,97,"[""13305"",""13312"",""13314"",""13318"",""13322"",""13323"",""13324muw"",""13410"",""13413"",""13414""]",0fc34638ee089cce1a11bd9a14338d1ed2c8537329b912de99d866266c2efa7f,2026090310,,,218,10,4598.74796658,459.874796658,46,0.509070987,4.0,1244
10,98,"[""13308"",""13313"",""13315"",""13316uwt"",""13325"",""13326"",""13402"",""13405"",""13408"",""13412""]",a05dfd266d0bf9a10cf06ae7635919017186f7a5dcd5f99231ffbc4ee2097eae,2026090310,,,239,10,5345.52496091,534.552496091,42,0.424413004,4.0,1272
10,99,"[""13308"",""13314"",""13316uwt"",""13317"",""13318"",""13321"",""13404"",""13405"",""13407"",""13408""]",3abbec5352198c883cf913a3e6985ce151d9fbae68aeb35a8af04a44e7fa23d0,2026090310,,,218,10,5130.9169694,513.09169694,37,0.388041945,7.0,1233
10,100,"[""13302"",""13305"",""13310"",""13312"",""13319"",""13321"",""13322"",""13409"",""13413"",""13414""]",ef7f431363ec998b82a05d67f3d7625545a6f57937b8c044f111cc60bea9305f,2026090310,,,269,10,5449.79195757,544.979195757,50,0.440312564,3.0,1257
10,101,"[""13303"",""13306"",""13309"",""13316uwt"",""13317"",""13318"",""13323"",""13401"",""13407"",""13413""]",cf4c02ab452100d6cfc831e92a4ba21cecff8a057afcf1d81051d5310558c3f3,2026090310,,,249,10,5073.91996662,507.391996662,54,0.526839671,3.0,1256
10,102,"[""13306"",""13308"",""13317"",""13322"",""13323"",""13325"",""13326"",""13401"",""13409"",""13411""]",79aa89f93772af655e25631491be3afa76be154703a1abbffb3e181985c65bc9,2026090310,,,238,10,4954.61896823,495.461896823,42,0.448538022,3.0,1275
10,103,"[""13301"",""13302"",""13303"",""13305"",""13322"",""13326"",""13401"",""13402"",""13405"",""13406""]",64c99bc0f00709d67d67c8613ee71a0329309c35a71308f0ac5c18c3df6a38b0,2026090310,,,273,10,5635.84796339,563.584796339,54,0.527536117,3.0,1278
10,104,"[""13301"",""13302"",""13308"",""13317"",""13320"",""13321"",""13324muw"",""13325"",""13404"",""13406""]",a5d4efffef55414f7a6ecb83f14b908a479c7ffdbbed08e967c20ee166528d62,2026090310,,,282,10,5434.9959595,543.49959595,50,0.427242425,3.0,1260
10,105,"[""13304"",""13313"",""13314"",""13319"",""13324t"",""13325"",""13326"",""13405"",""13407"",""13412""]",9912a5c4ccfc7e4167e6f531952a9e39a9ea4b24546a296f62bae4e332b53db8,2026090310,,,243,10,5169.02795745,516.902795745,42,0.417670132,4.0,1245
10,106,"[""13302"",""13304"",""13310"",""13316uwt"",""13317"",""13320"",""13326"",""13405"",""13407"",""13409""]",cbd3db7dfb64d82b0f1bc4153e0a7a9a8120fe9c38f9263791f669fffc703b12,2026090310,,,253,9,5260.36896115,526.036896115,50,0.450332773,3.0,1257
10,107,"[""13309"",""13314"",""13316m"",""13319"",""13323"",""13324t"",""13325"",""13407"",""13412"",""13413""]",3f8ec2ec9c7d2157e3144148e9eb7a5a18eb409fe4268f7ee273e01a5532d77f,2026090310,,,203,10,4615.5849677,461.55849677,42,0.431730613,5.0,1207
10,108,"[""13302"",""13304"",""13310"",""13315"",""13316m"",""13321"",""13325"",""13402"",""13406"",""13412""]",2590e456fa2ea053a01b45da1a45a4e7990ea36c874ade6c13ee82e267b75749,2026090310,,,275,9,5532.67096056,553.267096056,50,0.419444733,3.0,1275
10,109,"[""13301"",""13304"",""13305"",""13309"",""13311"",""13321"",""13324muw"",""13406"",""13409"",""13414""]",2e667bd090840e436bec3d4553ababc821ddc6b8f93cb26cad28839bd3186593,2026090310,,,221,10,4765.98796868,476.598796868,37,0.395222384,6.0,1257
10,110,"[""13302"",""13304"",""13308"",""13315"",""13316m"",""13321"",""13401"",""13402"",""13407"",""13410""]",76c6bafd89cda550c57532ce7bb23cf71295ce3284b8f7e5eddb61ddf99caa87,2026090310,,,255,10,5618.290964,561.8290964,50,0.438181556,4.0,1286
10,111,"[""13301"",""13310"",""13324muw"",""13401"",""13402"",""13403"",""13404"",""13407"",""13409"",""13411""]",673905809b5fa9f74b432524e2f2b7225151df7e27755403d9cfafd1f47d83f1,2026090310,,,185,10,5864.86696338,586.486696338,36,0.354662156,7.0,1259
10,112,"[""13302"",""13308"",""13314"",""13321"",""13323"",""13401"",""13406"",""13411"",""13412"",""13413""]",f3b7d3389a4c2f8772f447d6bd55c67a8ba4f364b0afede59b859a2e4510016a,2026090310,,,197,10,5091.14996682,509.114996682,50,0.594168887,7.0,1278
10,113,"[""13301"",""13302"",""13304"",""13306"",""13319"",""13320"",""13324t"",""13325"",""13401"",""13409""]",11dc16f7fe14768e0219ded3159be4808eac48744e61435a44a4dda545a6dd54,2026090310,,,285,10,5318.8419569,531.88419569,50,0.422293493,3.0,1278
10,114,"[""13310"",""13313"",""13318"",""13319"",""13323"",""13325"",""13326"",""13405"",""13409"",""13412""]",e71a86fe3b12ff5322e8f10381df323bbf5e1d2dd8f4236418bbc74e9897a34c,2026090310,,,237,10,5129.42995486,512.942995486,42,0.442153024,3.0,1237
10,115,"[""13304"",""13306"",""13310"",""13311"",""13316uwt"",""13320"",""13325"",""13405"",""13408"",""13412""]",b0ea3a56b0eccd7acf533829defbbab1b7b349d984b9d4d2716c07d8e308033c,2026090310,,,223,10,4623.82696242,462.382696242,42,0.458211711,3.0,1243
10,116,"[""13302"",""13305"",""13307"",""13315"",""13320"",""13402"",""13404"",""13408"",""13410"",""13411""]",09aad24e23758f6c7e7d735b0ae59e5c17c33a387d90877378701532fb544f5d,2026090310,,,216,10,5271.48896298,527.148896298,50,0.527127605,6.0,1283
10,117,"[""13303"",""13307"",""13309"",""13318"",""13320"",""13322"",""13326"",""13403"",""13404"",""13411""]",a1a0b85f5cb6be6040d5e60f6f9c877ca58a1760b87595909db60dad6fed55ef,2026090310,,,232,10,4805.30496641,480.530496641,54,0.507377206,3.0,1238
10,118,"[""13314"",""13316uwt"",""13319"",""13320"",""13322"",""13325"",""13401"",""13406"",""13408"",""13411""]",a524e6d632a3d72f5500c7bf18b4cfa1dc878611ef37d3b6fe52ed3cf0d27ffe,2026090310,,,199,10,4570.05996937,457.005996937,42,0.454739164,6.0,1277
10,119,"[""13301"",""13302"",""13308"",""13310"",""13311"",""13313"",""13316m"",""13317"",""13320"",""13409""]",a27bcd9f1691bcffbff8f4609388456aa59260b31371b0bba6528eff3fbb805a,2026090310,,,285,10,5162.46895242,516.246895242,50,0.387318202,3.0,1260
10,120,"[""13302"",""13308"",""13322"",""13323"",""13326"",""13401"",""13408"",""13411"",""13412"",""13414""]",cecdea23173874c9db2fb11a6f18a6e8b663b5e946933190329c20c60853250e,2026090310,,,200,10,4893.81096689,489.381096689,50,0.606630036,7.0,1278
10,121,"[""13304"",""13306"",""13310"",""13311"",""13314"",""13315"",""13323"",""13326"",""13405"",""13412""]",3f696dcf8db033f29b5f14abf17d405f4cd40defdab5e344dabef9fbfd51326e,2026090310,,,209,10,4079.38897381,407.938897381,37,0.424976281,3.0,1243
10,122,"[""13302"",""13303"",""13306"",""13316m"",""13320"",""13323"",""13324t"",""13404"",""13413"",""13414""]",480468fd3b030b3f91f361f07f33702610a67f3056c8e459544d3ebf8690c64b,2026090310,,,243,10,4935.54496193,493.554496193,54,0.616199321,3.0,1260
10,123,"[""13301"",""13305"",""13307"",""13313"",""13314"",""13319"",""13324muw"",""13325"",""13406"",""13408""]",610e771f5bb8e70fb7ca83beb81897e9dbe93690ab31cb3ffab2bb609e07f497,2026090310,,,245,10,4714.95396035,471.495396035,42,0.436276701,3.0,1259
10,124,"[""13305"",""13322"",""13323"",""13324t"",""13325"",""13326"",""13401"",""13404"",""13408"",""13411""]",dba235ba261a4c430a1b2eb8f18766f43bd607342c9f26adf47212c073b486f7,2026090310,,,199,10,4593.1439694,459.31439694,42,0.492077585,5.0,1275
10,125,"[""13302"",""13305"",""13308"",""13312"",""13314"",""13321"",""13401"",""13404"",""13405"",""13412""]",ec27ccc5bbb3abb3661f9abbe1adc6381e1d7ffefa3e01269128600393294dd0,2026090310,,,252,10,5542.16295982,554.216295982,50,0.516422174,5.5,1278
10,126,"[""13301"",""13302"",""13304"",""13311"",""13314"",""13315"",""13321"",""13401"",""13406"",""13407""]",3eb60f4cfab9b829b25e64bd7befba6bad2983081095a67872e7869dc7b4d597,2026090310,,,249,10,5105.15596776,510.515596776,50,0.490371149,4.0,1278
10,127,"[""13305"",""13306"",""13313"",""13317"",""13319"",""13320"",""13322"",""13404"",""13409"",""13413""]",e9a2ad7715618f1eb289a42981697664be1071a3804a4eec0315915818411641,2026090310,,,252,10,5331.67895755,533.167895755,37,0.320324382,4.0,1254
10,128,"[""13302"",""13309"",""13313"",""13314"",""13315"",""13316uwt"",""13324t"",""13402"",""13403"",""13412""]",3cb4c5d8c2784643cfdf16d9a34a747535afd26be701b8797b383ae2d4c333b3,2026090310,,,241,10,5137.73795823,513.773795823,50,0.461477203,4.0,1275
10,129,"[""13302"",""13308"",""13316uwt"",""13318"",""13320"",""13322"",""13405"",""13407"",""13411"",""13414""]",5a27a71cdbd05ad76c3b2ccb321bde92dfe3056354ea2be84afcb5fff27b246e,2026090310,,,233,10,5210.45395958,521.045395958,50,0.487856552,5.0,1257
10,130,"[""13306"",""13309"",""13312"",""13315"",""13316m"",""13323"",""13325"",""13406"",""13407"",""13414""]",c35d39b5185be093aa7ec515fe6bc8138afa3ca03817cdd2870ef9a65368443d,2026090310,,,245,10,5008.55696486,500.855696486,46,0.490560628,3.0,1232
10,131,"[""13306"",""13307"",""13311"",""13314"",""13315"",""13320"",""13321"",""13325"",""13403"",""13411""]",3e952984113d31ddf7e025c77cb16f9dc233f4f17b3b57b0c7962f39a39a1e38,2026090310,,,214,10,4211.40897002,421.140897002,42,0.431933458,3.0,1255
10,132,"[""13301"",""13304"",""13308"",""13310"",""13313"",""13318"",""13321"",""13325"",""13406"",""13411""]",385abf93caa407ad22bf9b3830ee40ace13de74c05c64e6c9814c6b4cbcd08b0,2026090310,,,290,10,5524.85095426,552.485095426,42,0.325309694,3.0,1257
10,133,"[""13303"",""13305"",""13307"",""13311"",""13324muw"",""13325"",""13326"",""13402"",""13405"",""13410""]",574f2877f07e7d3502308ba94cf3563aadce781e28a8f2085ee15ef71b9527bb,2026090310,,,238,10,4903.87396305,490.387396305,54,0.55576658,3.0,1283
10,134,"[""13303"",""13307"",""13316uwt"",""13317"",""13318"",""13322"",""13323"",""13326"",""13406"",""13409""]",ee2baf36f3cab683593dce74bb16db3b1556102876b47244844a6f7d9502d31c,2026090310,,,246,10,4659.12197099,465.912197099,54,0.522859681,3.0,1241
10,135,"[""13306"",""13311"",""13312"",""13316m"",""13317"",""13326"",""13402"",""13403"",""13407"",""13408""]",23a971f9e5f5f47e144c6768ae24c9676787a6da164617585a8fb5b498b9ec6e,2026090310,,,230,10,5240.98796365,524.098796365,46,0.467467132,6.0,1256
10,136,"[""13304"",""13310"",""13312"",""13323"",""13325"",""13405"",""13406"",""13407"",""13410"",""13413""]",802f6b6e31cd21820d6e948e6a49c388e00b54dda19e4a2400803737ed7ac5a4,2026090310,,,231,10,5610.54395864,561.054395864,46,0.557232155,6.0,1254
10,137,"[""13305"",""13308"",""13312"",""13317"",""13322"",""13324t"",""13406"",""13408"",""13410"",""13412""]",b6bb3791cc7d7e87b66c4ba5c9ab24fa550d4cb0ae80a2cfb073048d01bec9bc,2026090310,,,243,10,5287.46696295,528.746696295,46,0.452319352,5.0,1244
10,138,"[""13303"",""13309"",""13315"",""13318"",""13319"",""13323"",""13401"",""13407"",""13411"",""13412""]",aaa67ed953590ba1e8860c1586a955ab25a71e9aabd1a60b594cdec9b07672fa,2026090310,,,233,10,5137.75496747,513.775496747,54,0.554313072,4.0,1277
10,139,"[""13302"",""13307"",""13308"",""13311"",""13316uwt"",""13319"",""13320"",""13322"",""13413"",""13414""]",0ea6b4b4fd12ca3f503c99699563b5ff8089c20410fc0c57d43588072286904b,2026090310,,,227,10,4432.72596289,443.272596289,50,0.482595047,3.0,1257
10,140,"[""13304"",""13306"",""13307"",""13310"",""13311"",""13313"",""13322"",""13404"",""13408"",""13413""]",e1efa903b66559953a0216b93b5778415619934a4ea4052c09529919ff3e9496,2026090310,,,226,10,4804.10395784,480.410395784,37,0.405151262,4.0,1252
10,141,"[""13301"",""13304"",""13306"",""13310"",""13312"",""13316m"",""13322"",""13401"",""13403"",""13409""]",78356e708e111d7eb2e2013db6449810d90dedbb180024260fac0a05057d85fb,2026090310,,,265,10,5313.54196364,531.354196364,46,0.390068957,4.0,1275
10,142,"[""13302"",""13307"",""13322"",""13323"",""13402"",""13404"",""13408"",""13409"",""13413"",""13414""]",c1c721db5a982e48a0b8e4b33afa56ddd429972ff332dd65946204967f4fe656,2026090310,,,188,10,5323.66896418,532.366896418,50,0.603576934,7.0,1275
10,143,"[""13307"",""13308"",""13318"",""13319"",""13324t"",""13325"",""13406"",""13410"",""13413"",""13414""]",542f8c88dfa34686dd6bc55ad5659a06309ae990e3e4d5b34af1fee6a52b02dd,2026090310,,,222,10,5114.92596036,511.492596036,42,0.439875878,5.0,1243
10,144,"[""13302"",""13305"",""13321"",""13323"",""13401"",""13407"",""13408"",""13411"",""13412"",""13413""]",bb982911e0c437d412fe2298c75816bba9fd4bf2324941a2407aa0d375f86613,2026090310,,,194,10,5313.5789642,531.35789642,50,0.60649757,7.0,1278
10,145,"[""13302"",""13304"",""13306"",""13311"",""13314"",""13316uwt"",""13403"",""13406"",""13409"",""13411""]",fff6f3eb0fc31a9c0fac440311419080801c0356c88b300d0540afef2327d0bb,2026090310,,,227,10,5179.40396248,517.940396248,50,0.518646468,6.0,1258
10,146,"[""13309"",""13315"",""13316m"",""13322"",""13324t"",""13401"",""13403"",""13406"",""13410"",""13412""]",55ae0b388484e2f210336b1b9a375ee72a192dd9575c2cd57e52daf3593f1fd2,2026090310,,,190,10,4839.36897045,483.936897045,31,0.31137262,7.0,1286
10,147,"[""13309"",""13310"",""13311"",""13313"",""13316m"",""13322"",""13324muw"",""13402"",""13403"",""13405""]",cbed1ec4f69b03f3ca99ec75069ff7bc07a5952548ec24a3bb934097f39589ac,2026090310,,,207,10,4645.71995814,464.571995814,37,0.33750799,5.0,1182
10,148,"[""13301"",""13302"",""13303"",""13306"",""13307"",""13317"",""13324muw"",""13406"",""13408"",""13409""]",89cb8d30b90e9324eeadc5ba7ae205e27acf9f0b340354bc35a21398e3b8f9ab,2026090310,,,281,10,5482.7419611,548.27419611,54,0.528430807,3.0,1260
10,149,"[""13305"",""13309"",""13311"",""13313"",""13315"",""13318"",""13320"",""13402"",""13408"",""13409""]",d04fa49a90e0f15bdf2bfad467747e1551244d0984ce329f207cf1748c0fc00e,2026090310,,,228,10,4874.96595852,487.496595852,37,0.38125112,4.0,1256
10,150,"[""13301"",""13305"",""13309"",""13312"",""13313"",""13315"",""13318"",""13326"",""13404"",""13413""]",1c80d48e2837c99abb7d15e00a0c06986ac14069d57f1ca7ce742718c64a458d,2026090310,,,288,10,5461.08895797,546.108895797,46,0.324907988,3.0,1241
10,151,"[""13303"",""13304"",""13309"",""13315"",""13316uwt"",""13318"",""13324t"",""13403"",""13404"",""13414""]",3e7af0e21c4061b63f13d8944b1167578d400a6cac8c33303246f72e0158105a,2026090310,,,259,10,5110.85296733,511.085296733,54,0.4736462,3.0,1257
10,152,"[""13303"",""13306"",""13314"",""13318"",""13323"",""13324muw"",""13402"",""13403"",""13408"",""13412""]",e69863882ee89a085bf7db3071bca4e9d69e9c8f8d9a2e1a5a007ee7959c02f2,2026090310,,,215,10,4882.07796756,488.207796756,54,0.61043743,5.0,1253
10,153,"[""13306"",""13314"",""13316m"",""13318"",""13404"",""13405"",""13406"",""13410"",""13411"",""13412""]",3e337882534df56420709d0f89d88022701d009a4c9b2a8a83c22322d2a90525,2026090310,,,190,10,5360.19796516,536.019796516,33,0.358513397,7.0,1263
10,154,"[""13301"",""13306"",""13320"",""13321"",""13323"",""13325"",""13402"",""13408"",""13409"",""13412""]",1d54b9cf4ee552d0cde7b1633505f1bd8396a72ae9ab3941eb048f0bf97c29ef,2026090310,,,214,10,5093.95896724,509.395896724,42,0.491965315,6.0,1272
10,155,"[""13303"",""13310"",""13311"",""13318"",""13323"",""13405"",""13406"",""13409"",""13410"",""13411""]",93e147728d41f7f5ad7e5c981de1627ac7aa5d1b3a0c105d3f60e53362f5df4d,2026090310,,,206,10,5167.35696262,516.735696262,54,0.627773327,7.0,1268
10,156,"[""13302"",""13305"",""13309"",""13316uwt"",""13317"",""13319"",""13324muw"",""13402"",""13408"",""13413""]",f805a88c45b1edcf23ae718879e9127e862c270fff68d3440d03a5ae8c4feecf,2026090310,,,247,10,5123.41196239,512.341196239,50,0.451938661,4.0,1275
10,157,"[""13306"",""13307"",""13311"",""13315"",""13316m"",""13324muw"",""13404"",""13408"",""13413"",""13414""]",d5183c36d058a919c991dd44a6f445272b289787ab632c049940e157c826cff2,2026090310,,,185,10,4413.25697038,441.325697038,31,0.365215047,6.0,1156
10,158,"[""13305"",""13306"",""13310"",""13314"",""13315"",""13321"",""13405"",""13410"",""13411"",""13412""]",0e7a53768b0b18cfa2645b1b4adc8606b403650c2472641f316887ffe3328e25,2026090310,,,210,10,4826.8869707,482.68869707,31,0.330601047,5.0,1246
10,159,"[""13311"",""13312"",""13320"",""13324t"",""13402"",""13405"",""13406"",""13408"",""13412"",""13413""]",9b89369e20b47a720e5b23741327af01e44153f47f495da0a792f64321d57165,2026090310,,,179,10,5146.70996069,514.670996069,46,0.533775422,7.0,1256
10,160,"[""13301"",""13311"",""13312"",""13314"",""13317"",""13322"",""13326"",""13402"",""13410"",""13411""]",a3503573645dadb2678865200d37e85b05955ced446cca1a3535d9b776360564,2026090310,,,242,10,5119.17896803,511.917896803,46,0.453341757,5.0,1283
10,161,"[""13301"",""13303"",""13315"",""13317"",""13320"",""13324t"",""13325"",""13402"",""13403"",""13412""]",5e33c3a137f334da3549ca56630118994fdb238430aa904aee51ee6b16d1cd9d,2026090310,,,280,10,5517.52696517,551.752696517,54,0.473264822,3.0,1272
10,162,"[""13305"",""13306"",""13315"",""13316m"",""13322"",""13323"",""13324t"",""13403"",""13409"",""13410""]",0787df686b1ec2f1d1b5ccb7d3be76755147d14a19ed739f4c2ed0e464463ebd,2026090310,,,212,10,4507.62897217,450.762897217,31,0.355999288,4.0,1266
10,163,"[""13302"",""13303"",""13312"",""13313"",""13320"",""13321"",""13324t"",""13326"",""13401"",""13402""]",752374db52567ec5448009c82d4e11565886be6d9cd4c350ebddb322449d775b,2026090310,,,293,10,5439.03295054,543.903295054,54,0.512411619,3.0,1278
10,164,"[""13306"",""13313"",""13315"",""13318"",""13324muw"",""13325"",""13403"",""13409"",""13410"",""13412""]",0caebe53a125b75960b72d632b85fb1976b6d447d1af69b9d825ebb0089791d2,2026090310,,,251,10,5637.65495322,563.765495322,42,0.399778514,4.0,1266
10,165,"[""13303"",""13306"",""13308"",""13316uwt"",""13318"",""13323"",""13325"",""13326"",""13408"",""13411""]",0b4c5680517dac10f250fb29c0a337dc590dded7eb90a3f2ff70262adad08ca7,2026090310,,,265,10,4847.38296623,484.738296623,54,0.516098958,3.0,1257
10,166,"[""13306"",""13310"",""13320"",""13324t"",""13325"",""13326"",""13401"",""13410"",""13411"",""13412""]",6a23afc0dee2811825d6ae5f7ce488726f53ae08def603976c32cca122e1c375,2026090310,,,207,10,4833.083962,483.3083962,42,0.422836419,5.0,1286
10,167,"[""13305"",""13306"",""13315"",""13317"",""13321"",""13323"",""13324muw"",""13407"",""13411"",""13413""]",c64f4cf1aa28f245b3f98764edfb34b094eeaea1262d1e555eddcc4f088ff4c0,2026090310,,,221,10,4729.16997226,472.916997226,37,0.402918247,4.0,1214
10,168,"[""13305"",""13308"",""13313"",""13321"",""13322"",""13401"",""13402"",""13403"",""13410"",""13412""]",346388c07996b1d761b9e29d07503c343f2275765b1fcac4bb9cd901f3268a61,2026090310,,,219,10,5496.8489594,549.68489594,37,0.374568412,7.0,1286
10,169,"[""13301"",""13305"",""13312"",""13316m"",""13318"",""13402"",""13404"",""13410"",""13411"",""13412""]",d536e1f8da33aaf29cc05d978e5649e527a31749fc7920575dfcdd8d38a6c79b,2026090310,,,246,10,5944.72395998,594.472395998,46,0.426809911,7.0,1283
10,170,"[""13306"",""13307"",""13315"",""13317"",""13319"",""13320"",""13321"",""13324t"",""13406"",""13413""]",24cd2af489963d7e68ac4de1e67bd2d4ddc27a6f92229957c6e6658992ef2702,2026090310,,,225,10,4401.27797066,440.127797066,37,0.346124933,3.0,1234
10,171,"[""13301"",""13302"",""13307"",""13313"",""13318"",""13322"",""13324muw"",""13325"",""13404"",""13406""]",ba16a4dde6e3e3ba21a4f743bbbb06f38b6b7fd2bc33c32f0900d08c35423641,2026090310,,,287,9,5491.41994922,549.141994922,50,0.420449368,3.0,1260
10,172,"[""13302"",""13303"",""13307"",""13317"",""13320"",""13326"",""13407"",""13409"",""13412"",""13413""]",967b6caf816f5724da44713854daabd34d9a5a9b98dab2c3f994ee755420a838,2026090310,,,257,10,5643.31195993,564.331195993,54,0.567893467,4.0,1260
10,173,"[""13301"",""13304"",""13305"",""13306"",""13309"",""13311"",""13404"",""13408"",""13411"",""13413""]",02facaf6e7450b712ce34cdf7f5d27a1dcaa0e03cecb787ba17b5ac656e10c71,2026090310,,,226,10,5109.2389667,510.92389667,37,0.412336204,6.0,1257
10,174,"[""13305"",""13306"",""13310"",""13317"",""13321"",""13325"",""13403"",""13409"",""13412"",""13414""]",b7ece632afce531270f3f7ba50a6e034369c136947b6e3cc4067a15cb2dac583,2026090310,,,243,10,5412.6439626,541.26439626,42,0.399431424,4.0,1255
10,175,"[""13310"",""13311"",""13316m"",""13320"",""13323"",""13324muw"",""13326"",""13404"",""13405"",""13412""]",185f36a53597a73e161eba80d1621534bfbc08b642c9fb9dd275fcf40c35dcf9,2026090310,,,168,10,4021.14196901,402.114196901,24,0.273809524,6.5,1203
10,176,"[""13308"",""13310"",""13311"",""13314"",""13318"",""13321"",""13324t"",""13401"",""13402"",""13405""]",49d8fe8df2f2978834e0bd719bb6e34fa6a9a0fa24b9b6598a16adf76fa4be89,2026090310,,,200,10,4505.51396611,450.551396611,33,0.349284984,6.0,1256
10,177,"[""13307"",""13308"",""13316uwt"",""13323"",""13325"",""13326"",""13402"",""13405"",""13406"",""13411""]",48452f9f604327916c7bdba8fd79e69c73aa8e813f364d2de1ea942c545c8b96,2026090310,,,196,10,4753.48796891,475.348796891,42,0.485203813,6.0,1272
10,178,"[""13302"",""13303"",""13310"",""13314"",""13315"",""13324muw"",""13326"",""13402"",""13409"",""13413""]",6363e0a980a03f42ca05413bf11e38be1cd59d986fcf6decc781edcf953b3e81,2026090310,,,262,10,5336.73396463,533.673396463,54,0.522998264,3.0,1275
10,179,"[""13305"",""13306"",""13307"",""13316m"",""13318"",""13321"",""13324muw"",""13401"",""13404"",""13408""]",5d7189e8afb70f0f1dda173a959923b05c9f6ba2e4d76215425444feacc1fb33,2026090310,,,210,10,4469.90596772,446.990596772,33,0.356348323,4.0,1256
10,180,"[""13304"",""13305"",""13316m"",""13319"",""13321"",""13326"",""13408"",""13409"",""13413"",""13414""]",9291b0a9d23e32fbf8a940f6f7ce55143415591005f3e44fd2f9854b2d35ca20,2026090310,,,215,10,4888.6909715,488.86909715,37,0.362820512,7.0,1245
10,181,"[""13304"",""13306"",""13311"",""13314"",""13319"",""13324t"",""13326"",""13403"",""13406"",""13409""]",01fa962159498f5dcfe39d1389ba5ab0560b9a637c00936625fc9ad0969c2b24,2026090310,,,208,10,4582.95196847,458.295196847,37,0.362845428,6.0,1257
10,182,"[""13301"",""13302"",""13309"",""13310"",""13316uwt"",""13317"",""13319"",""13323"",""13325"",""13403""]",bc468e7de43f0e492bc24eecd83818892e61c9e11ea34ee5ae077df2900e48e6,2026090310,,,281,10,4980.23996181,498.023996181,50,0.439166671,3.0,1260
10,183,"[""13302"",""13303"",""13307"",""13312"",""13314"",""13316uwt"",""13320"",""13323"",""13325"",""13407""]",e9feca785fcfd8d2f147a06743d2d792bf926c5731f078651d76fe71383cec86,2026090310,,,285,10,4913.47095896,491.347095896,54,0.577030319,2.0,1260
10,184,"[""13305"",""13313"",""13316m"",""13324muw"",""13326"",""13402"",""13404"",""13411"",""13412"",""13414""]",69ae1bac23534eed3af2263e06553c4e561f58e6b49b743856df1d22e9fbe40f,2026090310,,,203,10,5286.08795975,528.608795975,37,0.365363185,7.0,1223
10,185,"[""13303"",""13305"",""13311"",""13312"",""13315"",""13316uwt"",""13321"",""13323"",""13405"",""13414""]",f6c64093443e1223000d9cc8f03b621162ba428e5c170d2c625d1f6b50962e10,2026090310,,,251,10,4553.37297032,455.337297032,54,0.576093413,3.0,1241
10,186,"[""13304"",""13306"",""13311"",""13314"",""13324muw"",""13326"",""13402"",""13403"",""13405"",""13408""]",eb9c7d9aec479e21be462faba5a7320e5341c6e990f9817eeb8cf46be5fd2eb6,2026090310,,,190,9,4538.41396985,453.841396985,37,0.41308246,7.0,1272
10,187,"[""13302"",""13304"",""13305"",""13307"",""13312"",""13315"",""13405"",""13407"",""13408"",""13414""]",b8c7e5861e7ec33209de0281dfe0be1831f4c7680c32c9d1ed3893cea121b760,2026090310,,,262,10,5384.63196016,538.463196016,50,0.530191003,3.0,1257
10,188,"[""13308"",""13314"",""13316m"",""13317"",""13319"",""13321"",""13322"",""13401"",""13402"",""13413""]",e690cf01618f9307cbd1a34ddce7510eafc7d4c636a2152a0ed3ffca743e2635,2026090310,,,226,10,4869.01697269,486.901697269,37,0.329460362,6.0,1277
10,189,"[""13306"",""13312"",""13313"",""13316uwt"",""13318"",""13319"",""13324muw"",""13325"",""13410"",""13414""]",5a9677db23db5f3a6fe6830729d42904997e97aef85cff66dd5504391eca1907,2026090310,,,280,10,5318.68594923,531.868594923,46,0.395446015,3.0,1238
10,190,"[""13301"",""13307"",""13319"",""13322"",""13326"",""13404"",""13405"",""13411"",""13412"",""13413""]",d4e73831dda806fabd63fcd19283c04548da232af56c02a9505916f2448ed67d,2026090310,,,199,10,5167.28896946,516.728896946,36,0.359182257,7.0,1259
10,191,"[""13303"",""13306"",""13307"",""13309"",""13313"",""13322"",""13326"",""13401"",""13405"",""13411""]",4484561c19dc5f2fd9f8dad9b5fe891166350ea44edebef06805f8a3c770e407,2026090310,,,244,10,4880.91196089,488.091196089,54,0.512934028,3.0,1216
10,192,"[""13301"",""13304"",""13309"",""13310"",""13324t"",""13325"",""13405"",""13406"",""13411"",""13413""]",55c35b15c2d490f48f41d0b9d9056087faa223ec5a32b7644156c3f102b45d40,2026090310,,,235,10,5279.57896267,527.957896267,42,0.441508587,5.0,1257
10,193,"[""13301"",""13303"",""13304"",""13305"",""13311"",""13312"",""13316uwt"",""13318"",""13326"",""13414""]",edd1edc5613a007e9b956580ad47744da414d4b3023deff5e48dd22cb80a72a7,2026090310,,,304,10,5043.89396393,504.389396393,54,0.424635252,3.0,1257
10,194,"[""13304"",""13306"",""13308"",""13315"",""13316m"",""13317"",""13319"",""13322"",""13323"",""13324muw""]",ee739593d266aeec7871942dcbce1548fc2594ad91ef8438045e2d50ed543f32,2026090310,,,267,10,4241.71497355,424.171497355,37,0.317381203,3.0,1245
10,195,"[""13301"",""13304"",""13306"",""13309"",""13311"",""13312"",""13316m"",""13322"",""13401"",""13408""]",51feecf3f66a02cdf920519eb6cdcc9746b2d526ae65ebf5d17fcd72f56908e2,2026090310,,,257,10,4718.92396618,471.892396618,46,0.430853696,3.0,1275
10,196,"[""13305"",""13311"",""13319"",""13322"",""13401"",""13405"",""13409"",""13410"",""13411"",""13414""]",8278b7aefcd01c3c2a37208f75e09d4f19d1b4fa1376fe6f1ef21b8b0a92232e,2026090310,,,180,10,5051.07596599,505.107596599,30,0.363453939,7.0,1286
10,197,"[""13305"",""13308"",""13310"",""13313"",""13316m"",""13319"",""13321"",""13403"",""13405"",""13407""]",d49291a8f8f267e6010c877fd53f2c484e3de7e08c56a784aad0759728190fed,2026090310,,,238,10,5120.88995817,512.088995817,37,0.308072316,4.0,1257
10,198,"[""13302"",""13306"",""13310"",""13322"",""13323"",""13324muw"",""13403"",""13406"",""13408"",""13409""]",e044408cd697e0cc362776fba1d883e74e358eb8d16a4cf66f28da0177f974f5,2026090310,,,211,10,4870.56596236,487.056596236,50,0.551659582,5.0,1258
10,199,"[""13302"",""13314"",""13317"",""13322"",""13402"",""13404"",""13406"",""13407"",""13408"",""13411""]",b1b2e5db8f35f42860bd4a7d07bc2176fac846293fcac6cc8e64a62639446f26,2026090310,,,219,10,5814.33096294,581.433096294,50,0.5373597,7.0,1275
10,200,"[""13306"",""13307"",""13314"",""13315"",""13319"",""13322"",""13325"",""13404"",""13410"",""13412""]",14eea3466184a8e2fa852372c4d0ecb8856a16a19cc0b17a4462c5c2065e0c9a,2026090310,,,234,10,4924.02196807,492.402196807,42,0.376068376,4.0,1263
10,201,"[""13305"",""13306"",""13310"",""13324t"",""13325"",""13402"",""13406"",""13408"",""13411"",""13414""]",327aafc1cba8ad7b6f3c33223d435dc3ddff0f83b873cd3fb4dd8755f558410d,2026090310,,,212,10,5162.54996151,516.254996151,42,0.451353725,5.0,1272
10,202,"[""13301"",""13302"",""13307"",""13315"",""13320"",""13321"",""13325"",""13326"",""13402"",""13407""]",aa55f583929d501ce099f365df1aee445ead47963b08740c38d69d1a1f718de5,2026090310,,,267,10,5169.11096413,516.911096413,50,0.439353141,3.0,1275
10,203,"[""13303"",""13307"",""13316uwt"",""13320"",""13324t"",""13326"",""13402"",""13404"",""13408"",""13410""]",e4bb31996e49e20151d1984ce6982d4d6ffbb1d582ad946f55b4a2f8e493757f,2026090310,,,205,10,4797.74696824,479.774696824,54,0.561399628,6.0,1283
10,204,"[""13301"",""13307"",""13312"",""13315"",""13318"",""13323"",""13324muw"",""13326"",""13406"",""13412""]",3a9f4eddb6e787f673fee5ba331b122c2c877556e80d6f1673de513315e971f9,2026090310,,,236,10,4568.22096905,456.822096905,46,0.489108611,3.0,1241
10,205,"[""13301"",""13307"",""13312"",""13315"",""13401"",""13402"",""13404"",""13406"",""13409"",""13414""]",8067773a2c26eef911a6a04f27b25ee2e38ec234f8446708430b70521080bbe6,2026090310,,,217,10,5743.348966,574.3348966,46,0.513178697,7.0,1259
10,206,"[""13301"",""13313"",""13315"",""13318"",""13321"",""13326"",""13406"",""13407"",""13408"",""13413""]",45a76c63fca31821ecced52ae091e5accf6951e402b73a2e9689446bc797dfd1,2026090310,,,237,9,5376.28596357,537.628596357,37,0.389947387,5.0,1238
10,207,"[""13301"",""13303"",""13309"",""13312"",""13316m"",""13325"",""13402"",""13407"",""13413"",""13414""]",a7d2dca91e2bcc1ebf7f7b9c0277e86a07bb8e2938a13c7abc5a1911003ac175,2026090310,,,284,10,6038.05195938,603.805195938,54,0.496266561,4.0,1272
10,208,"[""13308"",""13315"",""13317"",""13324t"",""13326"",""13401"",""13406"",""13408"",""13410"",""13411""]",c28fdb39acd5627ab87ec0839c8798ca4c8c15555281666f07e65bc8d88b8fe6,2026090310,,,204,10,4978.55597154,497.855597154,37,0.431929231,7.0,1286
10,209,"[""13301"",""13304"",""13313"",""13316uwt"",""13317"",""13320"",""13322"",""13323"",""13410"",""13411""]",2525bffea5936f85811083cf2386a21f2d0ecbd9a184d1a9503b9ef6aca1c16b,2026090310,,,247,10,4779.15296452,477.915296452,37,0.436064528,3.0,1268
10,210,"[""13301"",""13309"",""13321"",""13323"",""13324muw"",""13326"",""13402"",""13405"",""13409"",""13410""]",2bb5750117e74a4143c33c5a722f5b07a11a49e76896f0dc0f3de473b9bec5d1,2026090310,,,188,9,4822.87097225,482.287097225,36,0.374462041,7.0,1283
10,211,"[""13305"",""13306"",""13307"",""13308"",""13310"",""13314"",""13317"",""13322"",""13324muw"",""13414""]",0a68d4997f2b4a2014c54b4d33bf0a53f566c46ac11da8e9a49657ea715c7938,2026090310,,,238,10,4160.70396974,416.070396974,37,0.333921285,3.0,1153
10,212,"[""13304"",""13308"",""13314"",""13315"",""13320"",""13324muw"",""13325"",""13403"",""13405"",""13410""]",c9c9ba7c13bd84579a57dbf8de9e8eceea2d3e187dd2a4d71efa9f56f2598835,2026090310,,,232,10,4788.0029678,478.80029678,42,0.444530106,3.0,1266
10,213,"[""13302"",""13305"",""13314"",""13323"",""13403"",""13404"",""13407"",""13409"",""13412"",""13413""]",1193c7db8bf68a11db45ce1ee64d944a4b13c6be77d1a63f816ed364cf0b3b8e,2026090310,,,199,10,5647.67096276,564.767096276,50,0.566949096,7.0,1258
10,214,"[""13304"",""13313"",""13316uwt"",""13318"",""13320"",""13322"",""13326"",""13401"",""13410"",""13413""]",6699f9225895ed23f19ea56d2947af95e19a1f7a0356dd9b3e7b7972dd3a2798,2026090310,,,233,9,4875.84296033,487.584296033,37,0.385335073,3.0,1286
10,215,"[""13307"",""13312"",""13314"",""13322"",""13325"",""13401"",""13402"",""13405"",""13409"",""13413""]",94888243a9386d28ffd6b7e8ea04a62cd3d946314136c22a0fd3d71d2b5ca62c,2026090310,,,219,10,5422.74296274,542.274296274,46,0.531899775,7.0,1275
10,216,"[""13301"",""13306"",""13316m"",""13317"",""13320"",""13402"",""13406"",""13408"",""13412"",""13413""]",a40dcc48d82eed3b351ceb4ed702565861bfd18914a847124c6bb3a10a82c84b,2026090310,,,214,10,5318.83896772,531.883896772,37,0.424796941,7.0,1223
10,217,"[""13302"",""13306"",""13311"",""13313"",""13315"",""13317"",""13319"",""13324muw"",""13325"",""13412""]",f055770a92315f3fa65add5b97bb6c2f4aba64861bf500c35822fb9cc0be3760,2026090310,,,300,10,5245.16695039,524.516695039,50,0.380350715,2.0,1257
10,218,"[""13306"",""13308"",""13311"",""13318"",""13323"",""13324t"",""13325"",""13401"",""13402"",""13404""]",76ac9ff72dbde43845474cf6dc5fdf89b3279cd48031ee61be515fa0fe52b957,2026090310,,,222,10,4877.43796117,487.743796117,42,0.470629113,4.0,1275
10,219,"[""13303"",""13310"",""13311"",""13312"",""13317"",""13324muw"",""13401"",""13404"",""13412"",""13414""]",422c55dae42a88a00242279a6390e19009871eae8ee34136f3b18c8d74eb47df,2026090310,,,248,10,5369.0209595,536.90209595,54,0.586218769,4.0,1259
10,220,"[""13302"",""13304"",""13310"",""13314"",""13315"",""13323"",""13325"",""13404"",""13406"",""13408""]",bfe6378e429afe7cb05ee922baa50fb0c47fdd7782f92b841a9cbadde854980a,2026090310,,,250,10,5022.95996476,502.295996476,50,0.54347033,3.0,1257
10,221,"[""13309"",""13316m"",""13317"",""13325"",""13402"",""13404"",""13405"",""13407"",""13408"",""13413""]",3140421628f1f11a5f9e730d5c4f80a314c6e339a82dcd9ca8286a433b149a46,2026090310,,,214,10,5796.04796318,579.604796318,42,0.455073975,7.0,1272
10,222,"[""13302"",""13305"",""13308"",""13309"",""13314"",""13315"",""13318"",""13326"",""13405"",""13408""]",cd1c96bc875010fb3ffc5df5be48686d31bbdac1b65d7facd4da3d4951719345,2026090310,,,258,10,4725.89796691,472.589796691,50,0.429096202,3.0,1257
10,223,"[""13306"",""13310"",""13316uwt"",""13318"",""13322"",""13324muw"",""13325"",""13401"",""13410"",""13413""]",ca1e41538850a3e2e4d073637dd09328bed7760bf2ee4c9f2867df7456c9b3ae,2026090310,,,235,10,4910.76296142,491.076296142,42,0.382150404,3.0,1286
10,224,"[""13306"",""13308"",""13309"",""13316uwt"",""13320"",""13322"",""13324t"",""13404"",""13405"",""13406""]",6ddbff50abbe0b960e230fda550ff8d70734451f9565e7e8bc11207d01399339,2026090310,,,208,10,4573.18096717,457.318096717,31,0.292282388,5.0,1156
10,225,"[""13301"",""13303"",""13305"",""13307"",""13312"",""13317"",""13402"",""13407"",""13411"",""13413""]",88638992ba54d8fdc40501eb02626be1ab06b1bfbc6c372db796643ef25952b9,2026090310,,,281,10,5967.5519618,596.75519618,54,0.493739379,4.0,1256
10,226,"[""13313"",""13315"",""13316m"",""13317"",""13318"",""13321"",""13324muw"",""13403"",""13407"",""13413""]",ef596a0adc450f6c5e1583aa2b818a06a095db76c6ecd393644632047d44c5a6,2026090310,,,246,10,5226.93396092,522.693396092,37,0.351667134,3.0,1236
10,227,"[""13301"",""13304"",""13309"",""13313"",""13314"",""13323"",""13326"",""13408"",""13410"",""13414""]",78c8722235b93fe500e930f5221a2d0afbb0107e0dd07ffaadc9885d343d55c9,2026090310,,,215,10,4576.54296793,457.654296793,37,0.498022048,5.0,1268
10,228,"[""13304"",""13308"",""13309"",""13310"",""13314"",""13316uwt"",""13317"",""13402"",""13403"",""13410""]",03c9260f7196ec608d0ececd219a4cbdbbcbe511036f88ffcf1e6e9832a05e7c,2026090310,,,234,10,5023.67596852,502.367596852,37,0.355086805,5.0,1283
10,229,"[""13305"",""13313"",""13314"",""13315"",""13319"",""13401"",""13405"",""13406"",""13408"",""13411""]",76b0e01ec50e436c4d6e54f7382c89b88a87771dd14c2c7aca14a8791faff437,2026090310,,,205,10,4956.84096477,495.684096477,37,0.446681198,6.0,1277
10,230,"[""13313"",""13316m"",""13318"",""13319"",""13321"",""13404"",""13405"",""13410"",""13411"",""13413""]",0a475df984a7fdadbb34981e4694c82ee9f9b45b426e313e756d2279588311be,2026090310,,,216,10,5549.15095703,554.915095703,37,0.369907118,7.0,1263
10,231,"[""13311"",""13315"",""13317"",""13319"",""13320"",""13326"",""13409"",""13410"",""13412"",""13413""]",7b461d7466db1cebb52beeb42c5fb57f2b6a62290a3550a8bdc56ee84c35f119,2026090310,,,208,10,4959.56796886,495.956796886,37,0.36916065,7.0,1226
10,232,"[""13312"",""13315"",""13316m"",""13317"",""13320"",""13323"",""13324muw"",""13326"",""13402"",""13404""]",2c4d15152846b832e3e6cd340638a4f53f4d70f1ec6ab47083b42745b06e0275,2026090310,,,233,10,4611.61797029,461.161797029,46,0.46504676,3.0,1256
10,233,"[""13306"",""13312"",""13319"",""13320"",""13323"",""13401"",""13403"",""13405"",""13407"",""13410""]",787ef586c59a403128720de456cfe1cad17715ce14fa055959695dc3f188b79d,2026090310,,,198,10,5063.12296249,506.312296249,46,0.545735057,7.0,1286
10,234,"[""13316m"",""13319"",""13324muw"",""13325"",""13401"",""13404"",""13405"",""13406"",""13407"",""13409""]",403ce3784cab081c5300bfedc638ab2e5e0b27eda6ab6eb4dc5fc6f3afbe2485,2026090310,,,199,10,5597.97096167,559.797096167,42,0.428434325,7.0,1277
10,235,"[""13308"",""13309"",""13310"",""13314"",""13315"",""13318"",""13321"",""13322"",""13407"",""13410""]",2712b2a8285e892a344488e706b98280ec483114d906bd789383663a4f0f7801,2026090310,,,237,10,4707.64097004,470.764097004,33,0.261501273,3.0,1227
10,236,"[""13305"",""13306"",""13308"",""13311"",""13314"",""13316m"",""13405"",""13407"",""13413"",""13414""]",9e10ce5786d27f925e27c64c895d3ee4240bfd1aadfbb2732867a39e37c3bfba,2026090310,,,201,10,4750.21696794,475.021696794,31,0.361818464,7.0,1216
10,237,"[""13320"",""13321"",""13323"",""13326"",""13406"",""13409"",""13410"",""13411"",""13412"",""13413""]",cb72512b9af3ee77f6841ebef4fde38033763eb8200420023d0608e8e2bd487c,2026090310,structural,trip_light,157,10,4970.59097053,497.059097053,22,0.234979194,7.0,1243
10,238,"[""13310"",""13311"",""13314"",""13316uwt"",""13320"",""13324t"",""13325"",""13406"",""13407"",""13410""]",4cf26e6e5e74d699341bd04fc1dbe49989106ec98d5ab2b29f8ad47074bbe7a2,2026090310,,,197,10,4494.85096361,449.485096361,42,0.406757069,5.0,1243
10,239,"[""13301"",""13302"",""13305"",""13309"",""13311"",""13322"",""13402"",""13407"",""13410"",""13412""]",94293a08ecded97e18d9975a58c2302db093e9b62b505db5135415925ea27911,2026090310,,,242,10,5549.36295956,554.936295956,50,0.457092787,6.0,1283
10,240,"[""13304"",""13306"",""13308"",""13310"",""13317"",""13318"",""13320"",""13321"",""13406"",""13408""]",ffebe41a3f0e44d0137f8ea2ae8c4664d18eb11bc640468c0de3e203fea3e514,2026090310,,,255,10,4793.85396494,479.385396494,37,0.354788195,3.0,1243
10,241,"[""13301"",""13303"",""13314"",""13315"",""13316m"",""13318"",""13324muw"",""13402"",""13405"",""13409""]",7fa05334cbcb34916a2e28ae081cf50fe951911f8237a2333282fdc3543b8347,2026090310,,,257,10,5225.95796996,522.595796996,54,0.473062786,3.0,1256
10,242,"[""13303"",""13305"",""13310"",""13314"",""13316m"",""13321"",""13326"",""13404"",""13410"",""13412""]",f1fc22412928ec21b14ebd54356e402887959baf38f61a92cf3250b9c665f1f1,2026090310,,,237,10,4955.97797015,495.597797015,54,0.466831446,4.0,1268
10,243,"[""13304"",""13306"",""13309"",""13311"",""13314"",""13323"",""13325"",""13402"",""13407"",""13411""]",77dcc759774626cb1be5c27c0b1fa5d2e4861a40b7c5c06027599e7f3e56e749,2026090310,,,217,10,4794.79796596,479.479796596,42,0.482904455,4.0,1272
10,244,"[""13301"",""13303"",""13310"",""13312"",""13313"",""13316m"",""13321"",""13322"",""13403"",""13408""]",19fb455361bd3ddf030822efac94801c99632a852545957c10183c39af2fc404,2026090310,,,293,10,5332.3039582,533.23039582,54,0.44422388,3.0,1241
10,245,"[""13301"",""13305"",""13307"",""13317"",""13402"",""13406"",""13407"",""13409"",""13411"",""13413""]",6447924b0a8025147af7033574714ab4b2fd315d909a84153f5a3b411f1c91ad,2026090310,,,212,10,5827.16196594,582.716196594,37,0.416485661,7.0,1256
10,246,"[""13308"",""13309"",""13310"",""13312"",""13314"",""13317"",""13320"",""13321"",""13325"",""13412""]",278f6e0442444cd7a91107c66f426aa251735c29854ddba80435569798e4d690,2026090310,,,271,10,4870.0309624,487.00309624,46,0.395178661,3.0,1216
10,247,"[""13304"",""13309"",""13314"",""13317"",""13401"",""13402"",""13403"",""13404"",""13411"",""13412""]",f116ee8b1aaa9757ca096873cf3f1d13c666fcb868530de7a8046b378a75097b,2026090310,,,201,10,5541.590968,554.1590968,37,0.43851707,7.0,1275
10,248,"[""13301"",""13305"",""13309"",""13315"",""13403"",""13406"",""13407"",""13408"",""13410"",""13412""]",a9dfccfbf69a7e2b026228c54471ce7b4a12da405fe584707bb3a4dff53911e4,2026090310,,,205,10,5471.32996916,547.132996916,36,0.405347949,7.0,1268
10,249,"[""13302"",""13304"",""13312"",""13324t"",""13326"",""13402"",""13404"",""13407"",""13409"",""13410""]",78a5c29313c0a8998eddb093f833789a83c0ef533764b36c905415dc6dc0ad3a,2026090310,,,255,10,6199.0619544,619.90619544,50,0.500441942,7.0,1283
10,250,"[""13306"",""13307"",""13313"",""13314"",""13322"",""13325"",""13403"",""13408"",""13409"",""13413""]",84f8a9b2cc3c20700350edd927b2b2708efec7d9ecc15dab41570f7d9d1723ae,2026090310,,,223,10,5119.01095912,511.901095912,42,0.459088588,5.0,1255
10,251,"[""13302"",""13305"",""13311"",""13314"",""13316m"",""13319"",""13320"",""13321"",""13407"",""13408""]",70e62575ad42aba608715fea81ace61f75491782a08a8c6e9ef762f5678d5593,2026090310,,,226,10,4438.08796507,443.808796507,50,0.474999536,4.0,1257
10,252,"[""13306"",""13309"",""13312"",""13314"",""13315"",""13316uwt"",""13319"",""13324muw"",""13404"",""13411""]",afd96569ddeaec9f7a7b0335cfe9ecfda27131b2fe27699dafcd27564b573f39,2026090310,,,241,10,4719.91996823,471.991996823,46,0.383205748,3.0,1254
10,253,"[""13307"",""13311"",""13312"",""13323"",""13324t"",""13405"",""13408"",""13410"",""13412"",""13413""]",92f15a74f4319f71ea5d34ff6a2add9741a452c8c9d82d4886a0668402b53ba5,2026090310,,,170,10,4615.01296431,461.501296431,46,0.588235294,7.0,1246
10,254,"[""13302"",""13303"",""13306"",""13315"",""13317"",""13320"",""13323"",""13324t"",""13407"",""13408""]",9b0e51c6b2eedba8b0fa5be9b96d6fd8bc2083ad79e294f55fc7fee821dec451,2026090310,,,272,10,4897.60196435,489.760196435,54,0.557758273,3.0,1260
10,255,"[""13301"",""13308"",""13314"",""13321"",""13322"",""13324t"",""13402"",""13405"",""13406"",""13407""]",b6f32ebf50c29bca175569055a0c321f384cbb92572786a3d76eb4c452dab44d,2026090310,,,210,9,5086.66497075,508.666497075,36,0.346671899,7.0,1253
10,256,"[""13305"",""13309"",""13311"",""13314"",""13315"",""13316uwt"",""13319"",""13321"",""13408"",""13413""]",5be9f5d104254edd10636637f96bf3fad78a4114836aee5326f2ec523b9ac7d0,2026090310,,,209,10,4119.88097577,411.988097577,31,0.31335147,4.0,1235
10,257,"[""13303"",""13309"",""13314"",""13318"",""13323"",""13324t"",""13326"",""13401"",""13402"",""13405""]",13528769081728a63fa372d2d9dc9a00851aefaa5807f9280ef885152df1dce5,2026090310,,,214,9,4521.31397038,452.131397038,54,0.590414597,4.0,1256
10,258,"[""13304"",""13306"",""13309"",""13312"",""13316uwt"",""13320"",""13324t"",""13326"",""13407"",""13409""]",a37ac714957ceabc9b577f0690ea9fa5032d58b61341e15a4956ca4974ad1a20,2026090310,,,245,10,4847.43896338,484.743896338,46,0.388613443,3.0,1243
10,259,"[""13304"",""13313"",""13315"",""13316m"",""13321"",""13324t"",""13326"",""13402"",""13406"",""13407""]",a6d27116d393e64692a021220b1b2e00c557f58d6915d04e7f76b651082811df,2026090310,,,237,9,5095.47696396,509.547696396,37,0.335993233,4.0,1272
10,260,"[""13304"",""13307"",""13314"",""13318"",""13319"",""13326"",""13403"",""13405"",""13410"",""13413""]",52c64c41426aa64e730b9704d8f7930d9829c58f30f5130e4159a8523096064e,2026090310,,,206,10,4820.91996834,482.091996834,37,0.400419235,7.0,1266
10,261,"[""13305"",""13308"",""13311"",""13312"",""13315"",""13322"",""13405"",""13406"",""13410"",""13414""]",af6ccedcbc39c3ea4bc9d53087335427ef2d56c1dcdb9837ae43b41054b609fa,2026090310,,,232,10,5040.36396536,504.036396536,46,0.464558399,4.5,1246
10,262,"[""13302"",""13303"",""13309"",""13313"",""13319"",""13321"",""13322"",""13407"",""13409"",""13412""]",ff73b622d30f8870462e4e2405c712bf6853f7c63d00332273387d9751c2c2c1,2026090310,,,287,10,5871.30195187,587.130195187,54,0.457508671,3.0,1260
10,263,"[""13303"",""13308"",""13312"",""13313"",""13316uwt"",""13318"",""13326"",""13402"",""13405"",""13412""]",e44b0a168ffc6608d667cc8d786b3a65c67bac6fe73ca9c0c7680b19fc762911,2026090310,,,288,10,5771.64495307,577.164495307,54,0.45558943,3.0,1256
10,264,"[""13304"",""13305"",""13306"",""13309"",""13315"",""13320"",""13401"",""13403"",""13404"",""13405""]",fc6333c6861d9a1a2b25e349b9af207c1dee833da4240d64e58f30cf563b1a48,2026090310,,,222,10,4894.0669685,489.40669685,37,0.387387387,4.0,1275
10,265,"[""13301"",""13312"",""13315"",""13316uwt"",""13324t"",""13325"",""13401"",""13411"",""13413"",""13414""]",fda5a5251d3ec086a815282278997ca00393251fe4bab1f5d5eaea8693079177,2026090310,,,247,10,5316.89496517,531.689496517,46,0.497514681,4.0,1275
10,266,"[""13304"",""13305"",""13306"",""13311"",""13314"",""13320"",""13324t"",""13402"",""13404"",""13406""]",154019ea13288cfe55ddba7dca986301ef9cf632be781801560db6e087b8954b,2026090310,,,209,10,4603.39796633,460.339796633,37,0.372745391,6.0,1272
10,267,"[""13301"",""13304"",""13305"",""13308"",""13312"",""13320"",""13324t"",""13401"",""13409"",""13414""]",fba7abb2aace8c58d3e4589bd4c575f76ffdeaa02bf17111bedcdf37731774d2,2026090310,,,255,10,5136.37196321,513.637196321,46,0.446525309,4.0,1275
10,268,"[""13303"",""13307"",""13317"",""13320"",""13324muw"",""13403"",""13406"",""13407"",""13410"",""13411""]",f1878c6923ca5ba386369fe44ec76429c010aabe8e8b7ccbcc2d6df0d8022361,2026090310,,,213,10,5252.2879642,525.22879642,54,0.597573469,7.0,1268
10,269,"[""13302"",""13305"",""13313"",""13316uwt"",""13317"",""13324t"",""13325"",""13401"",""13406"",""13411""]",58a093709816e66ee928bcec21356bbfc73b4d82a6e39263f3030a19282d19ae,2026090310,,,275,10,5476.85595097,547.685595097,50,0.465752745,3.0,1278
10,270,"[""13302"",""13306"",""13312"",""13315"",""13316m"",""13318"",""13319"",""13321"",""13405"",""13409""]",3b2c8ddedfc49a6ab16ab19796593d76a443126b8aadf1f8cc20a152bfbe1f47,2026090310,,,292,10,5426.33095843,542.633095843,50,0.38129221,3.0,1257
10,271,"[""13302"",""13303"",""13305"",""13309"",""13313"",""13316uwt"",""13324t"",""13325"",""13402"",""13411""]",01b48bae08246b8791261a31e6adcf07e4a13f79f01a990b166b4b08b36a65dc,2026090310,,,305,10,5633.81594905,563.381594905,54,0.449610898,3.0,1275
10,272,"[""13303"",""13307"",""13308"",""13309"",""13318"",""13324muw"",""13402"",""13408"",""13409"",""13413""]",499c7c66b48cdc41962b6f2b24ce224581a734994305419a428ed49a366fb829,2026090310,,,232,10,5269.41796334,526.941796334,54,0.528891781,5.0,1256
10,273,"[""13301"",""13303"",""13307"",""13311"",""13313"",""13314"",""13316uwt"",""13319"",""13320"",""13412""]",a86758605c09514eb5e306851b20290fafc6b5886b71bf8ce80735df410842c6,2026090310,,,251,10,4497.57196211,449.757196211,54,0.505348295,3.0,1259
10,274,"[""13303"",""13309"",""13311"",""13317"",""13321"",""13323"",""13326"",""13407"",""13411"",""13412""]",d0983ed374ff0ae1b2197f832ea8679a2e6bdd0c864113689c454597f50e0949,2026090310,,,224,10,4813.50997015,481.350997015,54,0.572821962,4.0,1238
10,275,"[""13302"",""13303"",""13305"",""13308"",""13310"",""13314"",""13318"",""13325"",""13408"",""13411""]",f0fb3a65dc438ab08ebd38c5cad7dd1fc246e0471cefc1f8aaf51c916b07e6f7,2026090310,structural,tight_gap,305,10,5404.98795638,540.498795638,54,0.460944429,2.0,1260
10,276,"[""13303"",""13305"",""13311"",""13319"",""13323"",""13402"",""13408"",""13411"",""13412"",""13414""]",0a4ac7fdaf5c85b66c3e97c52d9021a2145dd87cf8cca5e30fdd58495d430cd5,2026090310,,,202,10,4955.89296729,495.589296729,54,0.645389643,7.0,1274
10,277,"[""13307"",""13311"",""13318"",""13321"",""13326"",""13401"",""13405"",""13406"",""13407"",""13413""]",763f26e38fad7ceaf9b1a83efe7718d1b92ef2e546895755f1fc924446da5adf,2026090310,,,176,10,4799.38096691,479.938096691,33,0.341098432,7.0,1256
10,278,"[""13305"",""13314"",""13318"",""13322"",""13324t"",""13405"",""13407"",""13409"",""13412"",""13413""]",d559247c20804d5b17804dd69992fdcd12b7f169064efb615cd4a3744a14cb00,2026090310,,,200,10,5201.31196529,520.131196529,33,0.332415403,7.0,1219
10,279,"[""13302"",""13303"",""13315"",""13317"",""13318"",""13320"",""13325"",""13403"",""13405"",""13412""]",c2aaa986e5fcf0f124ae3768270c5b7fe2b84123b63a9c316dcd2c8e24330fc6,2026090310,,,305,10,5742.9049566,574.29049566,54,0.479910858,3.0,1260
10,280,"[""13303"",""13308"",""13311"",""13318"",""13319"",""13320"",""13326"",""13402"",""13408"",""13410""]",77e89e2e142ac0f8ef77640b4a0e41d3d1ce80feb80567aab5579c3755115ffe,2026090310,,,239,10,4943.31596374,494.331596374,54,0.514304068,3.0,1283
10,281,"[""13307"",""13309"",""13316uwt"",""13319"",""13326"",""13405"",""13407"",""13409"",""13413"",""13414""]",a9f7b43f06c9da504bad4fe8e9c544fc647bc788c529fc72bdc0dad04c3f661a,2026090310,,,180,10,4925.98096886,492.598096886,27,0.245954929,7.0,1237
10,282,"[""13302"",""13304"",""13305"",""13315"",""13316uwt"",""13401"",""13403"",""13404"",""13409"",""13412""]",5ba85fb2cb8842b960362d33a1e4657a7a2961d5a0a04ca8c0951f34dd225e3e,2026090310,,,244,10,5701.71596334,570.171596334,50,0.478017158,6.0,1278
10,283,"[""13301"",""13302"",""13305"",""13313"",""13315"",""13316m"",""13317"",""13325"",""13406"",""13408""]",f502997b4bd7dbb7c9cbf3a2450aa364ddf21feed20c7d115fef2ab9d8334c6c,2026090310,,,311,10,5563.66695576,556.366695576,50,0.371226008,3.0,1260
10,284,"[""13304"",""13309"",""13312"",""13313"",""13315"",""13317"",""13319"",""13403"",""13410"",""13413""]",d433177e4bcaaff56d41e2139ee755e1a15efb9e72bc561416640f0847969804,2026090310,,,281,10,5632.41995677,563.241995677,46,0.381115364,3.0,1266
10,285,"[""13301"",""13302"",""13304"",""13306"",""13314"",""13321"",""13324muw"",""13402"",""13405"",""13414""]",db30753362b6a0dd573b898dac51394ab429b5d55dad5ba02c93c5e6dff53104,2026090310,,,250,10,5153.87996504,515.387996504,50,0.48099896,4.0,1275
10,286,"[""13305"",""13306"",""13315"",""13319"",""13323"",""13324t"",""13325"",""13326"",""13407"",""13414""]",9de447b88d4af6ea3ff4b4f2bc42cdd8357f30ab51a441b444bdeb4ab31ff4d9,2026090310,,,236,10,4505.72096909,450.572096909,42,0.412216492,3.0,1235
10,287,"[""13301"",""13302"",""13309"",""13313"",""13316uwt"",""13317"",""13319"",""13321"",""13409"",""13414""]",eadb787f64a7c3ee949d5147f64658fabd0186bf80146def897a3cb6d3dd5a6e,2026090310,,,281,10,5448.72395691,544.872395691,50,0.391281098,3.0,1260
10,288,"[""13301"",""13306"",""13316uwt"",""13318"",""13319"",""13320"",""13326"",""13405"",""13406"",""13409""]",6e17fda3af4cdf695a4f504da27720f8432510959bc332a36a4553fc7bc2e8ab,2026090310,,,228,10,4893.52096704,489.352096704,36,0.341880268,5.0,1259
10,289,"[""13302"",""13304"",""13307"",""13309"",""13311"",""13312"",""13318"",""13321"",""13324t"",""13402""]",5bcfc44b2a0de57342547a27e0fe2248d4dff840847caf0a03476aa40efa06e4,2026090310,,,274,10,4918.90295545,491.890295545,50,0.457064882,3.0,1275
10,290,"[""13302"",""13310"",""13311"",""13314"",""13315"",""13317"",""13323"",""13324t"",""13325"",""13326""]",a8240959d64165a17f860e7d5d72a4862a74e7b5b7b46f74fa85e403b65cdaad,2026090310,,,261,10,4219.23196622,421.923196622,50,0.490496283,2.0,1257
10,291,"[""13304"",""13308"",""13311"",""13313"",""13315"",""13325"",""13403"",""13406"",""13409"",""13414""]",2e302f3c96e03e7c0430e31dbeedc679dae6475b0b3cef47b5813bae9219509e,2026090310,,,249,10,5490.93195684,549.093195684,42,0.448092718,4.0,1255
10,292,"[""13301"",""13304"",""13315"",""13316uwt"",""13317"",""13318"",""13319"",""13321"",""13407"",""13408""]",0e38e09b3bcec9f7b3096b58115f065eeca72d20825b72d86597d2cdb7ad1179,2026090310,,,272,10,5093.18297153,509.318297153,37,0.318306777,3.0,1259
10,293,"[""13302"",""13309"",""13312"",""13315"",""13318"",""13321"",""13325"",""13403"",""13408"",""13414""]",fe4ae0a4101bf659324ab93f6d0c54c45a2809cb7ca998c5f2b2f935e6ca9d0b,2026090310,,,283,10,5473.89995724,547.389995724,50,0.480630322,3.0,1258
10,294,"[""13301"",""13310"",""13312"",""13320"",""13322"",""13323"",""13402"",""13404"",""13405"",""13413""]",22a200ffd934cf15899dddd55d9f60b1ec1ce441df289b110f67a564495362de,2026090310,,,218,10,5150.11896478,515.011896478,46,0.503250941,7.0,1256
10,295,"[""13304"",""13307"",""13308"",""13316m"",""13319"",""13322"",""13325"",""13402"",""13409"",""13413""]",bcc0b36da5130265eb6ed884222cd9ffd9b13f3e4f8009bc9a58e8bf96a9f64b,2026090310,,,250,10,5277.23496425,527.723496425,42,0.359110011,3.0,1274
10,296,"[""13304"",""13309"",""13312"",""13317"",""13320"",""13402"",""13405"",""13407"",""13411"",""13414""]",1680c41a92f4f7ba1f95844ba3b7a864ba92b728ad733e6ce27bdef33a54534a,2026090310,,,231,10,5573.5379613,557.35379613,46,0.502033869,6.0,1272
10,297,"[""13306"",""13308"",""13312"",""13316m"",""13318"",""13319"",""13321"",""13401"",""13407"",""13414""]",ed5ff54753cff3a73f43507448e2d7c7808b883825cd5cf6a4e40f83154c8197,2026090310,,,253,10,5216.97796151,521.697796151,46,0.392102034,4.0,1277
10,298,"[""13305"",""13308"",""13311"",""13314"",""13315"",""13316m"",""13320"",""13324t"",""13325"",""13326""]",014fd9b83f29c152a98facb824415b1b0820e37d0c0d611a05bef535fb2fbeac,2026090310,,,242,10,3901.94697118,390.194697118,42,0.353444707,3.0,1233
10,299,"[""13302"",""13308"",""13322"",""13324muw"",""13407"",""13409"",""13411"",""13412"",""13413"",""13414""]",610457cd6ae5fa7dec05ce531dd84bf853e2d0db27185dbe8bebb23ba3350f64,2026090310,,,214,10,5793.03795892,579.303795892,50,0.514952423,7.0,1257
10,300,"[""13305"",""13311"",""13315"",""13320"",""13324muw"",""13401"",""13402"",""13405"",""13413"",""13414""]",452c0513c9e9877fbf0da17e08f507c4758f75d0533e3802ca9d94de9617921d,2026090310,,,177,10,4613.04596866,461.304596866,31,0.374802447,7.0,1140
10,301,"[""13301"",""13303"",""13309"",""13314"",""13316m"",""13317"",""13320"",""13323"",""13405"",""13408""]",55f5ae4c1558361b69767770de8af13722ce20ae013680ec43288c6e08aed4d5,2026090310,,,236,10,4376.7379747,437.67379747,54,0.582592449,3.0,1198
10,302,"[""13301"",""13306"",""13308"",""13310"",""13312"",""13316m"",""13317"",""13325"",""13403"",""13407""]",006028522ca20002ee27cee90b834c75d7fb17e80e35e6ea73521dbe8a3b00df,2026090310,,,300,10,5643.33695864,564.333695864,46,0.332665999,3.0,1257
10,303,"[""13301"",""13302"",""13305"",""13308"",""13313"",""13316m"",""13319"",""13324t"",""13402"",""13412""]",565a139932c6f2150484a31cf0aa01fbd325318ae8e4cc3d50a18325e5c7a2c1,2026090310,,,284,10,5489.17595266,548.917595266,50,0.361906061,3.0,1275
10,304,"[""13302"",""13309"",""13310"",""13314"",""13316m"",""13317"",""13321"",""13326"",""13409"",""13413""]",4ca477de13374e8d865f1515aab66e85220e011809c4336e0c5cc56a4c19b0a5,2026090310,,,247,10,4902.05096679,490.205096679,50,0.415270955,3.0,1257
10,305,"[""13303"",""13312"",""13317"",""13320"",""13322"",""13323"",""13326"",""13401"",""13403"",""13413""]",4ef738e3f1be9252e0f8ce47bf8cc67cf0206bb25e52c772596488d0f55013c5,2026090310,,,249,10,4918.25196781,491.825196781,54,0.59607107,3.0,1259
10,306,"[""13301"",""13308"",""13313"",""13318"",""13320"",""13325"",""13404"",""13405"",""13409"",""13413""]",e64d8db5fa16e34481e7d7f32a195fd96ab88973eb6adcc74c355407dec096a8,2026090310,,,257,10,5863.19795238,586.319795238,42,0.408486189,5.0,1257
10,307,"[""13309"",""13310"",""13311"",""13315"",""13316uwt"",""13317"",""13320"",""13321"",""13324t"",""13403""]",6ff8a62bbc46dcc56811b14c5fda1ff09458bf831a2214d613d579dde046e6a2,2026090310,,,219,10,4006.58097113,400.658097113,37,0.319928111,3.0,1232
10,308,"[""13307"",""13310"",""13313"",""13318"",""13320"",""13404"",""13407"",""13408"",""13411"",""13414""]",92744078787784d0e8f3b39f2afe460ea64307e38a22f54f96931ac44b20b353,2026090310,,,196,10,5109.0039549,510.90039549,37,0.430631589,6.5,1233
10,309,"[""13302"",""13306"",""13309"",""13314"",""13323"",""13324t"",""13326"",""13409"",""13410"",""13414""]",2ae43639577249100c5d166944f9e05694c4e63df4fc2d6c7cd8baeb47cdbeef,2026090310,,,209,10,4586.91396636,458.691396636,50,0.536845517,5.0,1265
10,310,"[""13301"",""13309"",""13314"",""13316uwt"",""13318"",""13319"",""13320"",""13323"",""13401"",""13410""]",08e077cb7eef9965d70713aae1df920748746933fef093b009ca89f237f0bf50,2026090310,,,206,10,4180.34497219,418.034497219,36,0.417701452,5.0,1286
10,311,"[""13302"",""13306"",""13307"",""13311"",""13316uwt"",""13322"",""13324t"",""13406"",""13407"",""13410""]",a40e75272da4c5f3440e214fb640d56b751487381b4a82f9e9823c1b7c13b839,2026090310,,,220,10,4765.73196035,476.573196035,50,0.483615857,4.0,1265
10,312,"[""13306"",""13309"",""13312"",""13314"",""13316m"",""13318"",""13323"",""13404"",""13406"",""13410""]",9194ef4f76907ad66b633ddbc1616001a06cd0ee2826cafd640d368bac00485a,2026090310,,,224,10,4856.69196512,485.669196512,46,0.474644066,5.0,1263
10,313,"[""13305"",""13306"",""13314"",""13316uwt"",""13318"",""13324t"",""13401"",""13406"",""13407"",""13413""]",a7121e15e264147a960cd72c2a22b1767ae0375afbfe310442f99aa48ac3bdd6,2026090310,,,206,10,4841.13496663,484.113496663,33,0.350188132,6.5,1256
10,314,"[""13303"",""13307"",""13308"",""13311"",""13313"",""13403"",""13406"",""13407"",""13411"",""13413""]",8b762ef10c1e8184a84daefb2558e72f4abe1aafacdd0ff26d2b9ba22e9bc2a0,2026090310,,,225,10,5547.49995558,554.749995558,54,0.58059144,7.0,1238
10,315,"[""13304"",""13309"",""13319"",""13320"",""13324t"",""13326"",""13409"",""13410"",""13412"",""13413""]",d48f1b4e328517e670bd2cca1cc2ea02bb615aa95c6580972fea7bf27cdf51ac,2026090310,,,203,10,4937.51396593,493.751396593,37,0.329018315,7.0,1254
10,316,"[""13308"",""13309"",""13310"",""13317"",""13323"",""13401"",""13402"",""13405"",""13408"",""13411""]",f3aa3d8983d48578d72892eb2f1998d953dd7358b372e539b7a638ba2606f0c3,2026090310,,,189,10,4882.25096868,488.225096868,37,0.473508024,7.0,1195
10,317,"[""13302"",""13304"",""13308"",""13309"",""13316m"",""13324muw"",""13401"",""13402"",""13404"",""13406""]",02714578dcbf3f322030f533485c1da30e4e5fd53e079a93701cf9a5b3cf5c6e,2026090310,,,240,10,5443.2039604,544.32039604,50,0.473242362,6.0,1278
10,318,"[""13302"",""13303"",""13306"",""13310"",""13311"",""13322"",""13405"",""13408"",""13410"",""13411""]",b3df7cdaad153d8da2ece953f7d095e8547c6b2e456c8bc5c71f325cfee97209,2026090310,,,251,10,5268.2079582,526.82079582,54,0.587551481,3.0,1268
10,319,"[""13304"",""13318"",""13320"",""13323"",""13403"",""13404"",""13405"",""13406"",""13410"",""13411""]",270adcc07797b8c283af532b8965ecb12af4c19d02af36badf2287d6582bb748,2026090310,,,181,10,5168.50596508,516.850596508,37,0.485716748,7.0,1266
10,320,"[""13304"",""13307"",""13309"",""13310"",""13315"",""13321"",""13322"",""13326"",""13411"",""13413""]",6d3f39d5e4795769e673969898ee460ba3bdd4f0e88ed9cdfcf5de27427814d0,2026090310,,,227,10,4388.66797379,438.866797379,37,0.306507908,3.0,1243
10,321,"[""13301"",""13307"",""13310"",""13312"",""13320"",""13322"",""13326"",""13406"",""13408"",""13411""]",38e0aad181e65a28480185678e10cdb5ba35955ac1bdab93c07e985e37d3b9fc,2026090310,,,223,9,4624.23696683,462.423696683,46,0.475864839,4.0,1241
10,322,"[""13311"",""13316uwt"",""13319"",""13324muw"",""13325"",""13326"",""13407"",""13412"",""13413"",""13414""]",3406cab1b70d750a040c8abb40375c3ccab881d9259969546b428e9ab4f9f4a2,2026090310,,,201,10,4897.0589643,489.70589643,42,0.417110108,6.0,1217
10,323,"[""13302"",""13305"",""13308"",""13309"",""13310"",""13314"",""13321"",""13322"",""13401"",""13414""]",130bc8c2324d017379e65ad59fef861657cf710d51628ccdfd8bae3b33955ccd,2026090310,,,245,10,4620.83496582,462.083496582,50,0.432441227,3.0,1278
10,324,"[""13302"",""13304"",""13306"",""13309"",""13315"",""13324t"",""13326"",""13401"",""13405"",""13409""]",c359998bf4c6926b987aa5ed0761cda8c53463366c89c4a2f1051156cd1e845b,2026090310,,,251,10,5039.29096428,503.929096428,50,0.450903796,3.0,1278
10,325,"[""13303"",""13304"",""13306"",""13308"",""13309"",""13324muw"",""13325"",""13404"",""13405"",""13406""]",58e2c5e274c9ebd3142e25bceb66fe77d36d8c2787d7a8bb2455e24a73377da4,2026090310,,,277,10,5490.64596066,549.064596066,54,0.465703971,3.0,1257
10,326,"[""13308"",""13309"",""13314"",""13316m"",""13321"",""13324muw"",""13326"",""13401"",""13409"",""13411""]",d2052e6756ee5f7dd0dcdd31dbca97d56beda0303f9c1112dce5854ed693182c,2026090310,,,195,10,4442.54297361,444.254297361,31,0.266715972,6.0,1259
10,327,"[""13303"",""13304"",""13307"",""13316m"",""13319"",""13402"",""13403"",""13405"",""13411"",""13412""]",fe38cbf575b09bd282e7674fa6dfa2714a19b775ed5e3516a0fe34b9dd77ed3f,2026090310,,,229,10,5429.67096525,542.967096525,54,0.552173003,6.0,1274
10,328,"[""13304"",""13305"",""13308"",""13309"",""13313"",""13318"",""13324t"",""13401"",""13413"",""13414""]",d075580874d4c4b295d82cd9269f67a65b4b3584c7d18ea9d7ea2647543509d6,2026090310,,,247,10,5052.61895651,505.261895651,37,0.385806806,3.0,1275
10,329,"[""13307"",""13308"",""13312"",""13314"",""13317"",""13325"",""13326"",""13401"",""13406"",""13407""]",4c61147e34f363fd04c9715ce1c7ae19d198135142b0a54fda59805726e7cc6d,2026090310,,,251,10,5181.29596399,518.129596399,46,0.481544607,3.0,1275
10,330,"[""13305"",""13307"",""13308"",""13318"",""13320"",""13323"",""13324t"",""13405"",""13406"",""13409""]",62beae8e83c5f62ef032388ffca5317a28a313e470627ffd19a0c9dd7203dbdf,2026090310,,,195,10,4344.07796625,434.407796625,33,0.419918279,6.0,1219
10,331,"[""13305"",""13307"",""13312"",""13315"",""13316m"",""13324muw"",""13401"",""13407"",""13409"",""13413""]",6471871242926270f9cae618561b0dcd8d35a9b15bd0762e84155f0dbe0b84d7,2026090310,,,223,10,5084.1749657,508.41749657,46,0.447105666,5.0,1259
10,332,"[""13304"",""13307"",""13309"",""13310"",""13318"",""13322"",""13323"",""13410"",""13411"",""13413""]",e36930ae79a83bf53b667b3472c17c69d81c66f88b6e153eccbb0e4bae5b56fd,2026090310,,,209,10,4530.07096696,453.007096696,37,0.417366422,4.0,1254
10,333,"[""13301"",""13304"",""13307"",""13316uwt"",""13319"",""13405"",""13408"",""13409"",""13410"",""13411""]",025d4d85c4c5a4a848c5f648647ceb1d3ba8e421d898ce21d633c063bf5f869a,2026090310,,,206,10,5163.71096881,516.371096881,37,0.438615806,7.0,1268
10,334,"[""13306"",""13308"",""13315"",""13316m"",""13322"",""13406"",""13407"",""13408"",""13410"",""13411""]",7453971ad35cc020f22571800bf24b1decaae28ee2e7c033685d01e44fb5aaff,2026090310,,,212,10,5175.7639696,517.57639696,31,0.352860457,6.0,1243
10,335,"[""13302"",""13315"",""13317"",""13318"",""13320"",""13402"",""13403"",""13406"",""13408"",""13414""]",051e2f53d62f40985e9dd8ec7425989a5d7f079c3e27b8fb7be7f90b961f3bd3,2026090310,,,235,10,5445.7349619,544.57349619,50,0.538007659,6.0,1275
10,336,"[""13302"",""13306"",""13316uwt"",""13321"",""13401"",""13404"",""13408"",""13409"",""13413"",""13414""]",cda0e2400536202688a5d7c86ef3da5803686c765901ce2fc3514c9a2b6f48b0,2026090310,,,207,10,5551.0409632,555.10409632,50,0.540566543,7.0,1278
10,337,"[""13301"",""13304"",""13306"",""13309"",""13311"",""13320"",""13325"",""13326"",""13411"",""13412""]",b2b83fe06b8dd7f0ea1ae324acf90af9c7bed1f2a28224a55b357235b020b41c,2026090310,,,247,10,4771.91396469,477.191396469,42,0.410107669,3.0,1257
10,338,"[""13306"",""13307"",""13311"",""13320"",""13322"",""13326"",""13402"",""13406"",""13409"",""13414""]",f8c81c09715442bcdc38679d4d99df628b54c761709e957c99346b9370a6b9ce,2026090310,,,182,10,4523.15896793,452.315896793,30,0.300745762,7.0,1256
10,339,"[""13307"",""13312"",""13316uwt"",""13317"",""13318"",""13319"",""13321"",""13407"",""13411"",""13413""]",7919f21e82cb935bdd23749688a079c5a59aebbbdca1a9ecdf3791e3de457e64,2026090310,,,247,10,5251.19896287,525.119896287,46,0.417239822,4.0,1227
10,340,"[""13304"",""13310"",""13315"",""13317"",""13322"",""13323"",""13324t"",""13411"",""13412"",""13414""]",68c5a745b9ac706924bba3fbf52ae137f72e8be6b4ceb03034c5061670c400a0,2026090310,,,222,10,4550.77597179,455.077597179,37,0.444921017,3.0,1243
10,341,"[""13301"",""13303"",""13308"",""13312"",""13320"",""13404"",""13407"",""13409"",""13410"",""13413""]",45dba86296347c016142c1e0f4300c0b3df554992a82f21019d14d0069fd4321,2026090310,,,264,10,6248.85495922,624.885495922,54,0.521077766,7.0,1268
10,342,"[""13301"",""13303"",""13308"",""13311"",""13314"",""13324muw"",""13325"",""13406"",""13410"",""13414""]",96d291d519772aa6e2aba355488364e2681a204d6477ec21710e5335d6995c18,2026090310,,,251,10,5099.89096508,509.989096508,54,0.555330469,3.0,1268
10,343,"[""13301"",""13307"",""13310"",""13316uwt"",""13320"",""13325"",""13404"",""13409"",""13410"",""13412""]",0090459d932c8ba7ea809b7f4d44315277d3b7ee9d6c5f9760dac62e750b57dd,2026090310,,,218,10,5242.9659629,524.29659629,42,0.418815127,6.0,1268
10,344,"[""13301"",""13304"",""13305"",""13312"",""13314"",""13315"",""13316m"",""13325"",""13326"",""13401""]",6c989229770fdb92fef7d31602e09b8c6ad831474eb45d8c4cd3cfee6ebfd748,2026090310,,,294,10,4894.98796989,489.498796989,46,0.36195335,3.0,1275
10,345,"[""13305"",""13310"",""13314"",""13315"",""13320"",""13324muw"",""13326"",""13401"",""13403"",""13405""]",3caff71887cef9eadc1e458577225183bb63594c2747c665a49dc9b32c00e5da,2026090310,,,194,9,4116.86697311,411.686697311,31,0.335804072,4.0,1027
10,346,"[""13311"",""13316uwt"",""13317"",""13318"",""13321"",""13325"",""13326"",""13403"",""13406"",""13407""]",7600f1c0bc474fc01705e5a8a687e357fc7f248c331e141572ff1695c4945f8f,2026090310,,,235,10,5059.32796477,505.932796477,42,0.413116763,4.0,1255
10,347,"[""13313"",""13316m"",""13318"",""13319"",""13323"",""13401"",""13411"",""13412"",""13413"",""13414""]",d9055ce0163f3f380ab53ce78b44e43ed4b3985b222422233699e58aa5f774d6,2026090310,,,196,10,5046.41895953,504.641895953,37,0.47654263,7.0,1277
10,348,"[""13301"",""13303"",""13313"",""13318"",""13321"",""13324t"",""13403"",""13404"",""13410"",""13414""]",73b733851c19d36798db0be8835feb791ad4ad7c6be165078e625a524052c326,2026090310,,,258,10,5686.42895681,568.642895681,54,0.501724686,4.5,1268
10,349,"[""13304"",""13305"",""13314"",""13315"",""13316uwt"",""13317"",""13322"",""13325"",""13404"",""13409""]",a0441fb8a2f2d68809859a279c3075fb45e7a0dc6aedc82f9d7917869fa8deed,2026090310,,,274,10,5118.31397096,511.831397096,42,0.327736413,3.0,1252
10,350,"[""13307"",""13308"",""13309"",""13321"",""13322"",""13325"",""13401"",""13406"",""13409"",""13411""]",46038395700d6a454c4bafa685ba7cfda3be9608b188028022b43a6693e3f449,2026090310,,,215,10,5032.75096632,503.275096632,42,0.415101622,6.0,1275
10,351,"[""13301"",""13302"",""13303"",""13315"",""13318"",""13319"",""13322"",""13403"",""13408"",""13413""]",ce98c60bae5a9afc54b777bab6f394c64c0de2a2ad881b97d5c35b4d722fa295,2026090310,,,297,10,5597.91196299,559.791196299,54,0.462653708,3.0,1260
10,352,"[""13303"",""13306"",""13307"",""13309"",""13311"",""13314"",""13324t"",""13406"",""13413"",""13414""]",1ab9eb92ed7c549f9f603318eb3cfe45f629e8fbfddc385ab137a482d6f9a751,2026090310,,,210,10,4426.02496779,442.602496779,54,0.574594405,4.0,1198
10,353,"[""13308"",""13310"",""13312"",""13316uwt"",""13321"",""13322"",""13323"",""13324muw"",""13405"",""13414""]",6ecef030f38336b7d491e2a74eb98cdc64e992e6dbc6d18d6938fd6805dd9045,2026090310,,,220,10,4332.13696834,433.213696834,46,0.472377493,3.0,1219
10,354,"[""13303"",""13305"",""13308"",""13316m"",""13319"",""13320"",""13324t"",""13402"",""13405"",""13413""]",9347b62f02d0d3d959d254183c8512010e1200c24c02792619dcb75abbd773a9,2026090310,,,244,10,5000.59796488,500.059796488,54,0.475197805,4.0,1274
10,355,"[""13303"",""13307"",""13310"",""13316m"",""13320"",""13321"",""13402"",""13404"",""13410"",""13414""]",20a889d4308762625c2d17600ed3cfdf0ffc26783464bb7d7ec96f1b33973604,2026090310,,,215,10,4998.55796624,499.855796624,54,0.532451497,6.0,1283
10,356,"[""13305"",""13312"",""13314"",""13315"",""13316uwt"",""13321"",""13324t"",""13407"",""13409"",""13413""]",7e011d15a16f30a807a67578691e7f01b6354d24d122f1b443a5b717ca616ace,2026090310,,,233,10,5007.78996941,500.778996941,46,0.397105889,5.0,1217
10,357,"[""13309"",""13310"",""13317"",""13323"",""13324t"",""13401"",""13405"",""13407"",""13409"",""13413""]",0ef315bd4ddcbc7b5faf22053ab8e331f48f457d8a0dd7106eacad734f14e84c,2026090310,,,183,10,4965.77196661,496.577196661,37,0.417630794,7.0,1259
10,358,"[""13302"",""13303"",""13312"",""13314"",""13315"",""13324muw"",""13325"",""13402"",""13403"",""13414""]",786c553cb06ca9eb223e8355adf102e80448d7549a5c6beb2c62d5879a9e2683,2026090310,,,299,10,5711.8619577,571.18619577,54,0.527845664,3.0,1275
10,359,"[""13302"",""13306"",""13308"",""13319"",""13324t"",""13325"",""13326"",""13401"",""13406"",""13411""]",c97e5aac2e529ca3b40e09ec99598977811e214618c1c7736667a205789780b3,2026090310,,,259,10,5248.14795785,524.814795785,50,0.464429175,3.0,1278
10,360,"[""13308"",""13314"",""13316uwt"",""13318"",""13321"",""13326"",""13401"",""13403"",""13409"",""13412""]",0d6867f3c4e288149066371631cedc17e6654451eaed5ea1072591f4cab0f86b,2026090310,,,202,10,4899.67197101,489.967197101,33,0.330461768,7.0,1259
10,361,"[""13308"",""13317"",""13323"",""13324t"",""13402"",""13403"",""13408"",""13410"",""13413"",""13414""]",2a9c701d540ac4f9ee956d7ed6fdc38d43c3e33ea19e5456fa611fd0962c9cd8,2026090310,,,178,10,5119.51096865,511.951096865,37,0.486401367,7.0,1283
10,362,"[""13310"",""13316uwt"",""13317"",""13319"",""13324t"",""13325"",""13403"",""13406"",""13413"",""13414""]",667675d4812c45cc37d4422df8a51d2e864202ca5c72e0c68928f9b6bf6469e2,2026090310,,,224,10,5106.40996332,510.640996332,42,0.434299518,5.0,1257
10,363,"[""13309"",""13312"",""13317"",""13322"",""13406"",""13407"",""13409"",""13410"",""13413"",""13414""]",1238c8c64008ca98f15a3126f1253f8883c8d0d6ee637e9bd560e4c977bea656,2026090310,,,221,10,5869.51696188,586.951696188,46,0.4807679,7.0,1243
10,364,"[""13302"",""13307"",""13308"",""13309"",""13314"",""13315"",""13319"",""13408"",""13413"",""13414""]",ae6284d37e98487674faa7b6de805fb24b03e8ed9947648d4879500b9290ccf5,2026090310,,,230,10,4705.71296775,470.571296775,50,0.498769753,3.0,1257
10,365,"[""13307"",""13312"",""13316m"",""13317"",""13321"",""13323"",""13326"",""13405"",""13406"",""13410""]",15a40f7bf84fa4d3d618411f01975439c030fbfb16650655eb34fd090804c969,2026090310,,,214,10,4602.84897019,460.284897019,46,0.52001599,5.0,1246
10,366,"[""13302"",""13312"",""13316m"",""13402"",""13404"",""13405"",""13409"",""13410"",""13413"",""13414""]",46426e261bed4e703a71a5658059cb2b1b66a869ada64a5e389a57fe6f3f5daa,2026090310,structural,energy_heavy,225,10,6326.66695508,632.666695508,50,0.581611215,7.0,1283
10,367,"[""13301"",""13304"",""13316uwt"",""13317"",""13318"",""13324muw"",""13326"",""13401"",""13411"",""13413""]",d453b917c48c4e8c6921f9611afab2f8e586b0d1e72efea01aad25729516fe2e,2026090310,,,243,10,5007.14796931,500.714796931,37,0.401967253,3.0,1275
10,368,"[""13302"",""13303"",""13305"",""13311"",""13319"",""13325"",""13401"",""13404"",""13407"",""13410""]",5b7b17a9f685e89d05641c53848dd9e9abd70beee81b1acb839b032f34b9bc56,2026090310,,,278,10,5899.82495355,589.982495355,54,0.536393537,3.0,1286
10,369,"[""13305"",""13306"",""13307"",""13308"",""13311"",""13316m"",""13321"",""13322"",""13406"",""13410""]",ce07b11178ddb62402b5d57409db2e1e5ac772cc6d394c059e49f6db6594fe1e,2026090310,,,220,10,4343.440969,434.3440969,31,0.305595206,3.5,1244
10,370,"[""13301"",""13305"",""13306"",""13309"",""13312"",""13313"",""13323"",""13325"",""13401"",""13404""]",551088463622a36e1732033c5582b8104c736ed41e774e41f5fd075636cd42a9,2026090310,,,280,10,5318.4119546,531.84119546,46,0.435362856,3.0,1275
10,371,"[""13302"",""13303"",""13309"",""13311"",""13316uwt"",""13321"",""13323"",""13408"",""13409"",""13412""]",affacf6c19b7c89e5bad12b13eda2710693fff63083010296ba50b00ca216329,2026090310,,,234,10,4891.33296482,489.133296482,54,0.640227423,3.5,1260
10,372,"[""13302"",""13303"",""13306"",""13310"",""13315"",""13318"",""13321"",""13324muw"",""13325"",""13414""]",fa14930a2349d1ad44697824e4e5c147ec2ceda1f0eb6287ce4e4fc1ffb637ab,2026090310,,,315,10,5230.47595738,523.047595738,54,0.413978479,2.0,1260
10,373,"[""13306"",""13311"",""13316uwt"",""13317"",""13402"",""13407"",""13409"",""13410"",""13411"",""13413""]",e17c5d7caf7724aa96dbd0d5aa3bf75bfbe9ce45bd517f551df7f3b383d98f00,2026090310,,,197,10,5678.98496376,567.898496376,37,0.372361928,7.0,1283
10,374,"[""13304"",""13315"",""13316m"",""13317"",""13322"",""13323"",""13326"",""13406"",""13407"",""13414""]",93fb7cb9e75234e78ca54a6ef67199a3d9a4303f7c680967a4aa0756916d870f,2026090310,,,226,10,4631.48797589,463.148797589,37,0.426801966,3.0,1243
10,375,"[""13304"",""13309"",""13310"",""13317"",""13320"",""13321"",""13325"",""13404"",""13410"",""13411""]",488c54ab4d0a64e5d1214f64ebb49edc0d525713a22968eee2cb6347e3396ae7,2026090310,,,246,10,5198.418963,519.8418963,42,0.398373984,3.5,1263
10,376,"[""13307"",""13316uwt"",""13318"",""13322"",""13401"",""13403"",""13404"",""13406"",""13408"",""13409""]",1cdd13b36884707113c98649bf57bd178cb5fd2fd0667421c810b494d7dfef35,2026090310,,,180,10,5119.03496724,511.903496724,33,0.362603753,7.0,1259
10,377,"[""13301"",""13305"",""13310"",""13311"",""13314"",""13323"",""13325"",""13405"",""13407"",""13413""]",c713b500e1bfd0207e6aa1eb087e32ed8af67e93734201fbd96236dc1dca80b2,2026090310,,,215,10,4704.59096702,470.459096702,42,0.490581933,5.0,1257
10,378,"[""13303"",""13308"",""13309"",""13312"",""13313"",""13316m"",""13319"",""13323"",""13324muw"",""13402""]",9f0d26a9f7181ac7868cca827a6f5b9a61bce135e83e491e609d8607a5bb8379,2026090310,,,282,10,5036.24295629,503.624295629,54,0.474912597,3.0,1274
10,379,"[""13302"",""13312"",""13316uwt"",""13317"",""13319"",""13320"",""13323"",""13324t"",""13406"",""13409""]",2aa9eff8a0541f4a4fc7d1d3254983f05cf0b48c64ac7f70401f5a4be7e58788,2026090310,,,254,10,4938.11595968,493.811595968,50,0.532937677,3.0,1257
10,380,"[""13302"",""13311"",""13314"",""13322"",""13323"",""13403"",""13407"",""13409"",""13410"",""13411""]",decd795a10333e9b5107a9660a4815d00b99043bd7b6d024e954654484432467,2026090310,,,191,10,5108.56896392,510.856896392,50,0.582753324,7.0,1266
10,381,"[""13301"",""13303"",""13305"",""13306"",""13316uwt"",""13324t"",""13402"",""13407"",""13409"",""13411""]",a4539b0264051fa6a36a48acc98fcff531a4d77e48930781bb9116be2c00d839,2026090310,,,254,10,5648.52296477,564.852296477,54,0.46389916,5.0,1256
10,382,"[""13305"",""13306"",""13316uwt"",""13319"",""13322"",""13323"",""13324t"",""13326"",""13404"",""13414""]",8deed39849ac1493d3d5341758964f9672ec680044d5266434a5cc25ef784d6f,2026090310,,,210,10,4165.73097239,416.573097239,30,0.336043405,4.0,1254
10,383,"[""13308"",""13309"",""13312"",""13313"",""13316uwt"",""13320"",""13321"",""13324t"",""13326"",""13403""]",b85829d8a5057f2b6a7820748b34b057e1f421d85614003f9401d27f4dd7d332,2026090310,,,248,10,4581.22095914,458.122095914,46,0.387096774,3.0,1239
10,384,"[""13301"",""13302"",""13303"",""13305"",""13309"",""13318"",""13321"",""13323"",""13404"",""13410""]",708d7c0ff4a77f1e047b4d5a9f59c9d94e3284713d27d2b4952b2b0f83670f6b,2026090310,,,287,10,5373.17596212,537.317596212,54,0.493999984,3.0,1268
10,385,"[""13304"",""13306"",""13312"",""13313"",""13320"",""13322"",""13324muw"",""13325"",""13404"",""13409""]",b73fc95a0f4a8cf724688ca15a96bd906484beb7848701b6ffd88dbb94cef87e,2026090310,,,285,10,5462.24195028,546.224195028,46,0.383484855,3.0,1252
10,386,"[""13302"",""13310"",""13314"",""13316uwt"",""13317"",""13324t"",""13325"",""13326"",""13406"",""13409""]",e1c473089eb44d32982ed1677ddc378b5f4ce725af16a356088f99ee6c644d04,2026090310,,,260,10,5035.41096172,503.541096172,50,0.454432477,3.0,1257
10,387,"[""13301"",""13303"",""13306"",""13311"",""13313"",""13315"",""13319"",""13320"",""13322"",""13411""]",383314c2940771f89cfc7b5215eb71abd383a2705028821cc56f9c9371d33ed3,2026090310,,,285,10,4855.85696111,485.585696111,54,0.411065772,3.0,1259
10,388,"[""13309"",""13311"",""13318"",""13319"",""13324muw"",""13326"",""13401"",""13404"",""13407"",""13408""]",0da38c9a831829fe370602a1aa3a48783c964c658ffb18061bb33c678f3cf90e,2026090310,,,191,10,4711.802965,471.1802965,33,0.340475193,7.0,1277
10,389,"[""13301"",""13303"",""13304"",""13311"",""13313"",""13315"",""13316m"",""13319"",""13407"",""13411""]",b3602e1d056989fdd51197ccc1bf2f135b611acbd850ae7bb29875ae0d1a8ce8,2026090310,,,290,10,5358.48196061,535.848196061,54,0.413793103,3.0,1259
10,390,"[""13303"",""13306"",""13315"",""13316uwt"",""13317"",""13319"",""13322"",""13325"",""13402"",""13406""]",9c9a56ddc198dd628a6431c17ed131cdc7803caad4831acf15cad6da6625017a,2026090310,,,299,10,5389.65196667,538.965196667,54,0.381461549,3.0,1274
10,391,"[""13301"",""13309"",""13310"",""13312"",""13322"",""13324muw"",""13402"",""13404"",""13405"",""13412""]",ffc1817b3d340fdee746f152323d2a5f191aedc43f3ef100c24e655563ffb8d2,2026090310,,,233,10,5425.42296174,542.542296174,46,0.424892704,6.0,1256
10,392,"[""13305"",""13306"",""13313"",""13316m"",""13322"",""13401"",""13404"",""13410"",""13411"",""13414""]",10852f7ce15747383d044cdb10d447063527f2b4a7fcf15f1c40f1d2134eca31,2026090310,,,216,10,5277.77895934,527.777895934,37,0.389109285,6.0,1286
10,393,"[""13304"",""13309"",""13316uwt"",""13319"",""13321"",""13324muw"",""13405"",""13407"",""13408"",""13413""]",bedcda0f01d5eeccfb3c17da92b7f2e25e56071425008d3bee423d51cee0fd10,2026090310,,,202,10,4831.84196899,483.184196899,37,0.356847946,6.0,1245
10,394,"[""13301"",""13302"",""13303"",""13305"",""13306"",""13315"",""13317"",""13319"",""13406"",""13409""]",23f10a998393afd058cc010181a48b2fd01cda52ad346ca70660fd7bfb8e92be,2026090310,,,326,10,5781.20996247,578.120996247,54,0.366612544,3.0,1260
10,395,"[""13304"",""13306"",""13311"",""13318"",""13326"",""13404"",""13405"",""13407"",""13411"",""13413""]",e1dd7ed280c3da35fabffd03e9f25ab634b3a9d7129bbe461cff1c7d947e0dca,2026090310,,,211,10,5368.91596279,536.891596279,37,0.399596616,7.0,1252
10,396,"[""13304"",""13307"",""13309"",""13310"",""13311"",""13312"",""13319"",""13322"",""13405"",""13410""]",52ccf6e8371c7002e7833a38673cf532cb1c9ace8941715f910663eae2187d81,2026090310,,,239,10,4607.70996171,460.770996171,46,0.429334375,3.0,1254
10,397,"[""13301"",""13305"",""13306"",""13310"",""13313"",""13316uwt"",""13320"",""13321"",""13324t"",""13402""]",e159129a4c806ebb6924dfc4e73cfdf0daac18ce26117120dfd1d7c059a65dfd,2026090310,,,251,10,4638.45696009,463.845696009,37,0.291381904,3.0,1249
10,398,"[""13304"",""13305"",""13308"",""13313"",""13315"",""13318"",""13320"",""13322"",""13323"",""13326""]",45bafde6b60f7b50f3c16b5cb939d997462b7bf8be8f4f0eb5f825488b4e248c,2026090310,,,270,10,4295.56796487,429.556796487,37,0.330440119,2.5,1243
10,399,"[""13301"",""13302"",""13316uwt"",""13322"",""13325"",""13402"",""13403"",""13409"",""13413"",""13414""]",25b0bb662b2511b465634a926a49634883ad99bde87ccb75a408d978ef531c8a,2026090310,,,250,10,5948.11895998,594.811895998,50,0.501198563,7.0,1275
10,400,"[""13305"",""13315"",""13318"",""13323"",""13326"",""13403"",""13405"",""13407"",""13408"",""13414""]",c11b361670f9e9eddc4a5cc6692cbe492aafe93e27f91f19eb86462db2495c00,2026090310,,,190,10,4727.43097189,472.743097189,33,0.460037334,6.5,1236
10,401,"[""13309"",""13310"",""13315"",""13318"",""13321"",""13322"",""13403"",""13407"",""13409"",""13410""]",e04ea1cc92683a9724fb47b4dc7fc9d0b07ac77a4527dd35fa819f7d38ab3655,2026090310,,,221,10,5208.64696668,520.864696668,33,0.280725382,5.0,1266
10,402,"[""13309"",""13314"",""13315"",""13316m"",""13317"",""13318"",""13325"",""13402"",""13407"",""13413""]",8468de8a504dd2168d29bb7c45c99f0d7a6167091c2a2cf5063518d0f915fb3b,2026090310,,,253,10,5308.47396676,530.847396676,42,0.365286683,3.0,1272
10,403,"[""13303"",""13305"",""13310"",""13311"",""13313"",""13325"",""13406"",""13407"",""13411"",""13414""]",eac887d5302c1c13b618b21337181ba49da2d701f55d30a69bdfcf2184fb7944,2026090310,,,258,10,5563.30995156,556.330995156,54,0.532801249,3.0,1257
10,404,"[""13301"",""13302"",""13313"",""13316m"",""13317"",""13405"",""13406"",""13409"",""13411"",""13414""]",3e972084dea3f6efc0340ea072d35ede9ad3c608cfaf522b04350c5cbb8024f0,2026090310,,,253,10,5928.64295436,592.864295436,50,0.508654344,6.0,1260
10,405,"[""13303"",""13304"",""13311"",""13316m"",""13317"",""13319"",""13326"",""13405"",""13407"",""13414""]",701a60d5297bea6c4d2d1520da0133955a64c317aa747647f8ec0ccdee0b25f9,2026090310,,,255,10,5068.19296718,506.819296718,54,0.503505589,3.0,1259
10,406,"[""13301"",""13306"",""13308"",""13309"",""13310"",""13317"",""13324t"",""13325"",""13403"",""13413""]",ad37b2973634f417e37dd01067e36515b99aebe137d29fa6ecacc4e53dcb76cf,2026090310,,,269,10,5175.81396245,517.581396245,42,0.344523636,3.0,1257
10,407,"[""13306"",""13308"",""13311"",""13316m"",""13317"",""13319"",""13326"",""13402"",""13405"",""13407""]",ae16308aa2315df0e94f02b4e712393751e5f8fbdf4a283a7168eda537af6082,2026090310,,,230,10,5003.83796624,500.383796624,37,0.331690976,5.0,1274
10,408,"[""13303"",""13310"",""13312"",""13313"",""13318"",""13322"",""13404"",""13408"",""13409"",""13410""]",306a8359407ac037711a7acb2e4e37081b4c4eb8a05a130955a3dca67fd31785,2026090310,,,280,10,5966.77295014,596.677295014,54,0.482605598,3.0,1268
10,409,"[""13307"",""13308"",""13309"",""13311"",""13318"",""13320"",""13322"",""13403"",""13404"",""13407""]",26c2cc5779303e18182a876b8f453a78b8c406717b893f91980165536a88a6f3,2026090310,,,205,10,4647.15696358,464.715696358,33,0.330305503,6.0,1236
10,410,"[""13303"",""13305"",""13307"",""13310"",""13316uwt"",""13318"",""13324muw"",""13401"",""13410"",""13413""]",740264fa9609cfb0228106d487d43388dfd2a46e6c535ce99e80e94f812674ab,2026090310,,,236,10,4798.6059639,479.86059639,54,0.512063605,3.0,1286
10,411,"[""13306"",""13310"",""13316uwt"",""13317"",""13321"",""13323"",""13324t"",""13326"",""13402"",""13412""]",ed15ff0ba142256cef6cb3ad37f1104143c59d04e3ea61be3c4300e1ebf0587c,2026090310,,,213,9,4396.51497138,439.651497138,37,0.356343904,4.0,1249
10,412,"[""13303"",""13308"",""13311"",""13312"",""13324t"",""13325"",""13403"",""13406"",""13407"",""13409""]",147d2b6049cd08d65b19d912ccc13ad64488db288a61d43e0052a0aad9711023,2026090310,,,267,10,5832.43795519,583.243795519,54,0.545082161,4.0,1257
10,413,"[""13302"",""13303"",""13304"",""13309"",""13311"",""13316uwt"",""13403"",""13407"",""13410"",""13411""]",985706d559559e7ce52f3eb249810744ca21ffb20b060789b3e0ec59e9ec4f1d,2026090310,,,258,10,5587.11195864,558.711195864,54,0.569068284,4.0,1268
10,414,"[""13302"",""13303"",""13307"",""13311"",""13312"",""13314"",""13316uwt"",""13402"",""13403"",""13414""]",754a13580da0a1f2b84dc3e2999199cf5a1e55d0c567974661a03a344a0c0f65,2026090310,,,259,10,5185.79595956,518.579595956,54,0.619074375,3.0,1275
10,415,"[""13303"",""13305"",""13307"",""13318"",""13324muw"",""13325"",""13401"",""13404"",""13405"",""13406""]",daa9cb49885dd14a89ac77d5cbecc41c631e70118a4d8819582b88567f54a064,2026090310,,,247,10,5287.75096028,528.775096028,54,0.555128496,3.0,1275
10,416,"[""13301"",""13304"",""13313"",""13320"",""13321"",""13402"",""13405"",""13407"",""13413"",""13414""]",bf4c546e566baa25cc6ebdf124c11076c035aa5b7cebd37a33ec9716453e5680,2026090310,,,222,10,5592.91295954,559.291295954,37,0.441717141,7.0,1272
10,417,"[""13308"",""13312"",""13319"",""13322"",""13324muw"",""13402"",""13405"",""13408"",""13409"",""13411""]",8fb2ecb622677645b07e363346c69cb9167550c2388beca37469f2d57c784f26,2026090310,,,219,10,5441.87896227,544.187896227,46,0.465417553,7.0,1274
10,418,"[""13306"",""13309"",""13313"",""13315"",""13316m"",""13322"",""13325"",""13402"",""13403"",""13407""]",6a9058b4bb62dc49745fb1ceb6af11e5242aec123ac231cd2cdf1e47ab991616,2026090310,,,259,10,5393.97895816,539.397895816,42,0.334127446,3.0,1272
10,419,"[""13303"",""13304"",""13313"",""13321"",""13325"",""13326"",""13401"",""13409"",""13410"",""13412""]",3852caa1807417791890c42afa63141c54c2b772ae2f7e7ed77694fb2993a6ff,2026090310,,,272,10,5839.96295641,583.996295641,54,0.497017489,3.0,1286
10,420,"[""13301"",""13302"",""13304"",""13307"",""13311"",""13322"",""13402"",""13405"",""13407"",""13412""]",dffed724055ca4d0a35ace99b225285aa15b050b227a9d5e318dd084d303e820,2026090310,,,240,10,5436.26396036,543.626396036,50,0.50586834,6.0,1275
10,421,"[""13304"",""13306"",""13308"",""13309"",""13402"",""13404"",""13405"",""13406"",""13407"",""13408""]",b1119a2f054886b4f05fd39db5c0a6ed1db4f6bb7624c82549cb3f39933782ab,2026090310,,,209,10,5681.4719639,568.14719639,37,0.400001145,7.0,1272
10,422,"[""13311"",""13312"",""13315"",""13316m"",""13321"",""13322"",""13405"",""13406"",""13409"",""13410""]",dd5d5df3f12d89f9eb5cf980cddfdd272cf0afc1f86b6d6f6eefe6ef7a2ca0e6,2026090310,,,221,10,5064.07896738,506.407896738,46,0.442630161,6.0,1246
10,423,"[""13308"",""13309"",""13310"",""13322"",""13323"",""13324muw"",""13325"",""13402"",""13405"",""13410""]",5179cad6f2f3958a745769582054d1fe8d68525eddff5614a111433695d53e7e,2026090310,,,215,10,4742.96796452,474.296796452,42,0.434952115,4.0,1283
10,424,"[""13301"",""13303"",""13306"",""13308"",""13313"",""13314"",""13403"",""13406"",""13409"",""13412""]",5c8e433bcb7d3f48cf3ffe86dc8b7b30feb2e5b02894441768a3248a30d63c8f,2026090310,,,264,10,5787.95695896,578.795695896,54,0.484256267,4.0,1241
10,425,"[""13302"",""13305"",""13307"",""13312"",""13320"",""13323"",""13326"",""13402"",""13405"",""13411""]",8920cea6ffcff6a38f20aee077985671413bad7beee7ac6f8ebc825186337b0b,2026090310,,,230,10,4806.61696101,480.661696101,50,0.593920046,4.0,1275
10,426,"[""13301"",""13304"",""13306"",""13308"",""13309"",""13319"",""13323"",""13325"",""13404"",""13409""]",588f8bf70510adc0e04e2936ac688880a565bf71d7bd6710ed8d9b34a7e9465d,2026090310,,,267,10,5247.59096501,524.759096501,42,0.377534778,3.0,1259
10,427,"[""13303"",""13306"",""13309"",""13312"",""13316uwt"",""13318"",""13322"",""13324muw"",""13401"",""13414""]",534c57a38d2f37ed6e158d5f84209fe18861f09146ae2b2d960b24c7018fedda,2026090310,,,273,10,4914.78596222,491.478596222,54,0.484029587,3.0,1259
10,428,"[""13307"",""13310"",""13311"",""13314"",""13317"",""13324t"",""13325"",""13406"",""13407"",""13410""]",8a27c6b30a896ff3ce6304bd699ae426129ba019ab10612c15f94b53a432d3be,2026090310,,,212,10,4701.08596319,470.108596319,42,0.453811829,4.5,1243
10,429,"[""13305"",""13307"",""13310"",""13317"",""13321"",""13402"",""13404"",""13407"",""13408"",""13412""]",b14a04f6783c894412ec8f98d1281b2b15e0f3485438aeb5771b9e2b0f5025b5,2026090310,,,205,10,5327.12796594,532.712796594,37,0.366503488,7.0,1253
10,430,"[""13305"",""13306"",""13307"",""13309"",""13310"",""13316uwt"",""13317"",""13320"",""13409"",""13411""]",51d2ff010857f3608e2d540558a63c5a16bd70b614f6bb9c438daca937ac0e41,2026090310,,,226,10,4467.83396668,446.783396668,37,0.321642157,3.0,1217
10,431,"[""13302"",""13306"",""13308"",""13309"",""13314"",""13315"",""13321"",""13406"",""13409"",""13413""]",1a70de6ce6462790e57e1b7d8c256af3a1bd0040ed7fdcbb562ac36f43e2d190,2026090310,,,248,10,5209.61896646,520.961896646,50,0.423981917,4.0,1257
10,432,"[""13311"",""13316uwt"",""13317"",""13322"",""13324muw"",""13402"",""13406"",""13410"",""13412"",""13413""]",5e9527c69b5171e227506650e34e482587e6be6ce6d77aef0b5effc13a6a6988,2026090310,,,191,10,5109.56396664,510.956396664,37,0.36382726,7.0,1283
10,433,"[""13305"",""13311"",""13315"",""13316uwt"",""13318"",""13323"",""13401"",""13402"",""13407"",""13413""]",a3c8fb2742157464c2ac34804f3bda416273653c1d63b674b57335780f2adf3d,2026090310,,,198,10,4751.89096952,475.189096952,33,0.41573971,6.5,1256
10,434,"[""13304"",""13313"",""13314"",""13315"",""13316uwt"",""13319"",""13323"",""13404"",""13406"",""13408""]",a55d5510172da6655d97397e1fef270aac8daa2ea9a90f46b9c37962ac7f07a0,2026090310,,,219,10,4656.54996821,465.654996821,37,0.456369794,4.0,1254
10,435,"[""13304"",""13305"",""13307"",""13308"",""13310"",""13314"",""13316uwt"",""13323"",""13326"",""13409""]",a6e32b8a107bea5884e9b1855de711a36999c8760a21423e21adb5048007f0ed,2026090310,,,220,10,4029.62597419,402.962597419,37,0.375378597,3.0,1243
10,436,"[""13302"",""13303"",""13305"",""13315"",""13321"",""13324muw"",""13405"",""13407"",""13411"",""13413""]",e51aae44cd679702f8b0edbb9d08dbad493ade892b4bb6d639f0b1694c6b18af,2026090310,,,263,10,5567.65096272,556.765096272,54,0.53934795,3.0,1260
10,437,"[""13306"",""13307"",""13309"",""13315"",""13325"",""13402"",""13406"",""13407"",""13412"",""13413""]",6bec89f29149a57be956b0de64e515dcd171bf1f78c1c15ff137cb21d822e79f,2026090310,,,218,10,5488.23396386,548.823396386,42,0.411721205,6.0,1272
10,438,"[""13304"",""13310"",""13315"",""13318"",""13319"",""13323"",""13404"",""13409"",""13411"",""13412""]",81c5b2be0ddd40c365a0ec88437487731fb72914abfef04b200fc3601d123459,2026090310,,,223,10,5186.03496645,518.603496645,37,0.40460758,5.0,1254
10,439,"[""13302"",""13311"",""13312"",""13316m"",""13317"",""13319"",""13320"",""13406"",""13409"",""13413""]",1ab058d628c7fe7fd3e190ac5fddf75738581c2e04653284b44571246aabec9e,2026090310,,,259,10,5372.82895615,537.282895615,50,0.502954109,4.0,1257
10,440,"[""13306"",""13312"",""13315"",""13316uwt"",""13318"",""13320"",""13323"",""13326"",""13401"",""13407""]",7ac42549ed2505e2a9b4f7eabc86d8f9b8a88e60532125498cbc837a82c05240,2026090310,,,235,10,4505.00596805,450.500596805,46,0.461952085,3.0,1259
10,441,"[""13303"",""13311"",""13316m"",""13317"",""13318"",""13323"",""13324muw"",""13406"",""13409"",""13414""]",52d724d1e66f0c8f2afd571c661d1aed70472f83947641ac8634b400fb49efc8,2026090310,,,229,10,4759.5079665,475.95079665,54,0.591844035,3.0,1241
10,442,"[""13303"",""13304"",""13307"",""13309"",""13318"",""13323"",""13324muw"",""13407"",""13410"",""13411""]",1b319e51b5082b68e7dfd54472724c70a4bdb2637cd51c2515c81a5580e03ab5,2026090310,,,232,10,4854.02296496,485.402296496,54,0.57241639,3.0,1268
10,443,"[""13306"",""13310"",""13311"",""13313"",""13314"",""13323"",""13324muw"",""13408"",""13410"",""13411""]",d99c58388b553c5d8d8c488f66aa769731f10edb1e8c233ceeaa0f389592dd7c,2026090310,,,186,10,4234.21496152,423.421496152,37,0.460109525,4.5,1238
10,444,"[""13301"",""13305"",""13307"",""13308"",""13311"",""13313"",""13320"",""13324t"",""13406"",""13410""]",3f1c4a30e64329574b95b04e4d956dac5071e5e0560c5eeb378563c85130f415,2026090310,,,226,10,4541.89995841,454.189995841,37,0.405634217,4.0,1268
10,445,"[""13301"",""13306"",""13311"",""13313"",""13320"",""13323"",""13324muw"",""13403"",""13406"",""13409""]",f07e6418667ad378760154b7968ad0cbd784cf3a87f7fa532b9b2b38e8bbcd74,2026090310,,,203,10,4624.33796006,462.433796006,37,0.475082228,6.0,1241
10,446,"[""13301"",""13303"",""13304"",""13305"",""13316uwt"",""13323"",""13326"",""13402"",""13405"",""13414""]",2da5522eaf4a3e7a4686c2a9e3ff43c43f909ae58726be1d5841dd32d81a7859,2026090310,,,249,10,4944.78497261,494.478497261,54,0.543119796,3.0,1272
10,447,"[""13304"",""13311"",""13316uwt"",""13323"",""13324t"",""13404"",""13406"",""13408"",""13411"",""13413""]",109c8a9ae29bb28174c93bc8b6ea6cfda2c5a85ac293d8ea5d9a91ab9b5b50ec,2026090310,,,169,10,4636.56996961,463.656996961,37,0.44473272,7.0,1252
10,448,"[""13304"",""13307"",""13311"",""13315"",""13316m"",""13324muw"",""13402"",""13406"",""13409"",""13412""]",fe78d8be182dd3567af58f80a6779131c1d50ed7c5906f57b3f7226b5eff923d,2026090310,,,200,10,4823.97196852,482.397196852,37,0.376828874,7.0,1272
10,449,"[""13301"",""13303"",""13305"",""13308"",""13310"",""13317"",""13322"",""13401"",""13403"",""13407""]",ddd12c0f770650f00f02d45449bc5ba6759302729bb16de25b5add76310f939f,2026090310,,,281,10,5479.75796598,547.975796598,54,0.425099358,3.0,1256
10,450,"[""13301"",""13302"",""13304"",""13306"",""13315"",""13403"",""13404"",""13405"",""13411"",""13414""]",2455fc480894643a531321d6b7ab7bc556ee030168babf034847b4222d11516f,2026090310,,,254,10,5762.62796328,576.262796328,50,0.493054243,4.5,1260
10,451,"[""13303"",""13304"",""13308"",""13310"",""13316uwt"",""13321"",""13403"",""13405"",""13409"",""13411""]",c1418ed8782b25f7bd563e8c2a2347db1be3a0b7504ed4fe6f9d94cfe622914d,2026090310,,,247,10,5417.33996624,541.733996624,54,0.495203104,4.0,1257
10,452,"[""13301"",""13302"",""13308"",""13316m"",""13325"",""13402"",""13405"",""13407"",""13408"",""13414""]",b666756a5351aaa1ff93838a54e2874036021cef3e087d2e1f09c477d3412c82,2026090310,,,252,10,5882.02095868,588.202095868,50,0.519159252,6.0,1275
10,453,"[""13302"",""13304"",""13306"",""13307"",""13309"",""13318"",""13321"",""13402"",""13403"",""13410""]",b80018dae483aa038ee8e370de93bc8b05c57eecf47d734dfcd813aa4229c369,2026090310,,,255,10,5310.65195884,531.065195884,50,0.439932888,3.0,1283
10,454,"[""13307"",""13308"",""13310"",""13311"",""13314"",""13315"",""13321"",""13402"",""13403"",""13414""]",b519bb89b9074967ba8c5a151e007aef95d3123dc937ed04710b20f97e3061ac,2026090310,,,196,10,4373.8659723,437.38659723,31,0.340883532,5.5,1249
10,455,"[""13301"",""13307"",""13309"",""13311"",""13319"",""13320"",""13326"",""13401"",""13403"",""13407""]",2d075604178a05a886b3afffa16b5f494aa72cc1e3d34711dfc2de40f016aff2,2026090310,,,194,10,4390.08696876,439.008696876,36,0.361707315,6.0,1277
10,456,"[""13301"",""13305"",""13312"",""13316uwt"",""13318"",""13324t"",""13326"",""13402"",""13406"",""13413""]",6a030d9b97fdd6a5c3fec251f2c4f5a213f9af5e97465d16198c881dc433f6ef,2026090310,,,251,10,5252.97396384,525.297396384,46,0.401758804,4.0,1256
10,457,"[""13306"",""13308"",""13314"",""13315"",""13318"",""13320"",""13321"",""13404"",""13412"",""13414""]",a25c3fbcee65d6430362b4dbfab1cc5272325941f67fec404bb88765660c76af,2026090310,,,223,10,4764.43696996,476.443696996,33,0.34505845,4.0,1233
10,458,"[""13302"",""13309"",""13317"",""13318"",""13320"",""13321"",""13325"",""13404"",""13407"",""13412""]",112372e168b4d1964b5f5c9cccf9d1481479d44439e6b1f2dc07f8ed3336e89e,2026090310,,,271,10,5680.28095504,568.028095504,50,0.437374456,3.0,1257
10,459,"[""13303"",""13309"",""13316uwt"",""13323"",""13324muw"",""13326"",""13401"",""13402"",""13406"",""13410""]",32b3d3a9ec9f648bec2a1724dd4ce8a803ecc2e6adeb346ce27cec691bc5edcb,2026090310,,,201,9,4736.39997085,473.639997085,54,0.598857025,6.0,1286
10,460,"[""13307"",""13308"",""13310"",""13313"",""13314"",""13321"",""13324t"",""13325"",""13326"",""13401""]",6d9acfb187078c1757018b06657616613cbb50262fc5711749370be0095e5c6b,2026090310,,,238,10,4366.27596106,436.627596106,42,0.394062995,3.0,1275
10,461,"[""13307"",""13311"",""13315"",""13316uwt"",""13318"",""13322"",""13324t"",""13403"",""13404"",""13408""]",245af4397c71ce71c748b4e208dd51465535c2902c611f4f0f0c502faefb67de,2026090310,,,200,10,4315.79296983,431.579296983,33,0.359861084,4.0,1236
10,462,"[""13309"",""13311"",""13315"",""13317"",""13318"",""13322"",""13401"",""13405"",""13410"",""13414""]",02ec9360e5a2f9bccf5bcf0ac322df95ff5430c326b6b2ead22bfa8508b74419,2026090310,,,215,10,4777.25496844,477.725496844,37,0.42488824,5.0,1286
10,463,"[""13307"",""13308"",""13311"",""13312"",""13314"",""13318"",""13322"",""13401"",""13402"",""13403""]",b90c7b0aa5ab95a4e620db46c9beeeb1a14238655802088f5af4e2ba533c630e,2026090310,,,224,10,4779.2099637,477.92099637,46,0.474644066,5.0,1259
10,464,"[""13301"",""13311"",""13312"",""13315"",""13321"",""13325"",""13402"",""13409"",""13410"",""13411""]",cdf57027037d611fd04518803e75ccbbf1b8ea47beda6bdbe3597b1d43bc6ba1,2026090310,,,254,10,5735.71796268,573.571796268,46,0.459872181,5.0,1283
10,465,"[""13302"",""13305"",""13316uwt"",""13318"",""13319"",""13324t"",""13326"",""13406"",""13409"",""13411""]",b7f2b2f5d8a01f91895d3e18e8af251e944bed3489a3e4d6121219c8e37db7ce,2026090310,,,245,10,5127.70196033,512.770196033,50,0.428571429,4.0,1257
10,466,"[""13305"",""13308"",""13317"",""13318"",""13320"",""13324muw"",""13401"",""13403"",""13406"",""13408""]",3d27b33de6b4da8644c3570b30cdfdca214397fea86e214d0213b0e8fa11427f,2026090310,,,215,10,4805.95896528,480.595896528,37,0.440880186,6.0,1256
10,467,"[""13301"",""13302"",""13307"",""13309"",""13316m"",""13326"",""13401"",""13408"",""13409"",""13411""]",e934139b2e1a7ee79937c1fe2276ea56db00c55adc9760c2ca4db90ca379cc78,2026090310,,,221,10,5005.08196613,500.508196613,50,0.523969396,6.0,1278
10,468,"[""13301"",""13304"",""13317"",""13318"",""13324muw"",""13325"",""13326"",""13406"",""13407"",""13411""]",cea1b90e3e8a027db0e050b3d87e194cebff4c708964b1e37ae06fb6a9050946,2026090310,,,268,10,5481.08096315,548.108096315,42,0.394111819,3.0,1257
10,469,"[""13302"",""13310"",""13318"",""13322"",""13323"",""13324t"",""13325"",""13404"",""13412"",""13413""]",54c19d5a449df04367c5caad3f1791682791236cb83945e1a10c89d7124d729d,2026090310,,,248,10,5226.20595611,522.620595611,50,0.507103546,3.0,1257
10,470,"[""13309"",""13311"",""13316m"",""13321"",""13325"",""13326"",""13403"",""13406"",""13409"",""13411""]",1f4613df0237d1eda84c6f988ea53e6bd0b29ed0ed98be2771a6ee4e17652e5c,2026090310,,,203,10,4932.33396679,493.233396679,42,0.398406153,7.0,1255
10,471,"[""13303"",""13311"",""13313"",""13314"",""13317"",""13318"",""13321"",""13325"",""13402"",""13407""]",0d477694509cccd3c65cc00ecc4ab61ad457981b356af206f66e6f264bf2dcc0,2026090310,,,289,10,5552.1189547,555.21189547,54,0.447010078,3.0,1272
10,472,"[""13313"",""13314"",""13316m"",""13317"",""13319"",""13324muw"",""13401"",""13404"",""13410"",""13414""]",b002b6788902b66025de532ce9cf36a869de1d7886133e37be431fec159b5af3,2026090310,,,213,10,5017.62696171,501.762696171,37,0.421516769,6.0,1286
10,473,"[""13302"",""13303"",""13304"",""13305"",""13312"",""13320"",""13321"",""13322"",""13325"",""13404""]",b54c4ca6205bd7c456b695b892a1595fc51979a0722d485a5ba6c966e0c51fa3,2026090310,structural,trip_heavy,340,10,5650.55595468,565.055595468,54,0.38460873,2.0,1260
10,474,"[""13303"",""13304"",""13307"",""13316m"",""13321"",""13326"",""13402"",""13408"",""13409"",""13411""]",d87d781dfb948fda93d86c5b525ad6044cd06ac1cccb69e0c19bd5df1a409001,2026090310,,,231,10,5137.78797043,513.778797043,54,0.534224392,6.0,1272
10,475,"[""13301"",""13305"",""13307"",""13308"",""13317"",""13323"",""13324muw"",""13401"",""13403"",""13414""]",39ce3db5eb6056aa7afcb03fe7dcd6ce448731d097537dc3edeaed137b9e8674,2026090310,,,212,10,4463.4459718,446.34459718,37,0.493279867,4.5,1195
10,476,"[""13304"",""13305"",""13308"",""13309"",""13316m"",""13318"",""13320"",""13322"",""13323"",""13401""]",875a8a7dcf7893da8af9754943dfe177c29bd5704f957f5db819d03ebb17a4f9,2026090310,,,238,10,4124.94696968,412.494696968,37,0.377590621,3.0,1275
10,477,"[""13301"",""13313"",""13314"",""13321"",""13322"",""13324t"",""13401"",""13410"",""13412"",""13413""]",f8e391bb9d8812cbb91ac84fad49b40046981f859acb29f2d1f6603416155b44,2026090310,,,212,10,5050.25696391,505.025696391,37,0.402908613,7.0,1286
10,478,"[""13303"",""13304"",""13308"",""13309"",""13313"",""13314"",""13315"",""13326"",""13403"",""13404""]",ae5fb23177b599dbba3a3ccaae2bb010dca550933ab7f0e23994a91c7abd1341,2026090310,,,280,10,5207.45496443,520.745496443,54,0.42287886,3.0,1257
10,479,"[""13301"",""13304"",""13307"",""13314"",""13322"",""13401"",""13404"",""13406"",""13408"",""13410""]",6bf9f0fd4c0877e52d03ec820d3548fd4ad62775e2c7a18e11448c146c4c72b4,2026090310,,,199,10,4971.11897206,497.111897206,37,0.459709742,7.0,1286
10,480,"[""13303"",""13313"",""13314"",""13322"",""13323"",""13326"",""13405"",""13408"",""13409"",""13413""]",588e35489d0343180c3303b062520b3ed71e805e9a4cc21bad18e9ad55dda7f8,2026090310,,,218,10,4922.27496605,492.227496605,54,0.610901718,5.5,1241
10,481,"[""13305"",""13308"",""13309"",""13312"",""13321"",""13322"",""13325"",""13405"",""13407"",""13410""]",0b41fee17dbfbfd66b8fc086bb89295dc6e8f3aa4938dfeb28378aa2c4493429,2026090310,,,264,10,5430.8819604,543.08819604,46,0.396987046,3.5,1246
10,482,"[""13301"",""13303"",""13304"",""13306"",""13307"",""13310"",""13317"",""13319"",""13321"",""13414""]",8e67062a39098a402def411a5c66cdd66521567b361d396b6119541bf90fde09,2026090310,,,294,10,4955.25196771,495.525196771,54,0.397304537,3.0,1259
10,483,"[""13304"",""13314"",""13319"",""13322"",""13323"",""13402"",""13408"",""13412"",""13413"",""13414""]",fa32042f23d917d9c6a5c215ad5581dc71203f322bfe3971d1c379f2ddbdb700,2026090310,,,184,10,4782.49397263,478.249397263,37,0.458716258,7.0,1274
10,484,"[""13302"",""13305"",""13308"",""13319"",""13324muw"",""13401"",""13402"",""13406"",""13411"",""13412""]",66211e131ca9eb4533fd70d432b9d9112175df8bfb8c62f2dcec9b2f503ea732,2026090310,,,227,10,5541.82995871,554.182995871,50,0.497641393,7.0,1278
10,485,"[""13303"",""13315"",""13316uwt"",""13319"",""13322"",""13324t"",""13402"",""13403"",""13409"",""13411""]",244f4ba5b2c7cb5ccf7d1fbfe0b1586114d77b4f212f3a2a682b8fb4feb6a73f,2026090310,,,239,10,5293.701969,529.3701969,54,0.477959078,4.0,1274
10,486,"[""13301"",""13302"",""13303"",""13304"",""13315"",""13321"",""13325"",""13402"",""13403"",""13408""]",f077460c6a8ade552b08772e4583538e539126bd4b86324a96ac7a627cdceaa2,2026090310,,,314,10,5913.9729624,591.39729624,54,0.454466521,3.0,1275
10,487,"[""13305"",""13308"",""13313"",""13316m"",""13321"",""13322"",""13326"",""13407"",""13409"",""13411""]",cc0e6fbd7c76fb9415f02f1696e233b6f080f1e9a03bd95156254c85d970f1ce,2026090310,,,238,10,5163.61896229,516.361896229,37,0.287930113,4.5,1217
10,488,"[""13303"",""13304"",""13305"",""13306"",""13309"",""13314"",""13318"",""13320"",""13324t"",""13405""]",fb010ff3666770984f8193439064f8c48547ee330a8ecfb87b82cadabc86e579,2026090310,,,269,10,4513.91196529,451.391196529,54,0.444062898,3.0,1257
10,489,"[""13302"",""13303"",""13307"",""13309"",""13310"",""13312"",""13315"",""13317"",""13409"",""13411""]",241680d32f97c2a8f7b5aeb5331b375dcbf08bab916a64e8026e0ca57066d01d,2026090310,,,310,10,5578.52595788,557.852595788,54,0.45870015,2.0,1260
10,490,"[""13301"",""13302"",""13311"",""13315"",""13323"",""13403"",""13404"",""13406"",""13412"",""13414""]",340f90bed65f7bb5f05bcf938d029efe326cd5019ff95da0739d2545d8077208,2026090310,,,211,10,5252.85596568,525.285596568,50,0.602268795,7.0,1260
10,491,"[""13307"",""13311"",""13316uwt"",""13319"",""13323"",""13402"",""13404"",""13408"",""13412"",""13413""]",0bf54dfa27f2b64b92c16ec4f1ca1d45fdf4ea2f106c61b947b6a49efec508be,2026090310,,,160,10,4654.94196933,465.494196933,27,0.308727226,7.0,1274
10,492,"[""13303"",""13306"",""13308"",""13310"",""13315"",""13320"",""13323"",""13324t"",""13403"",""13410""]",3191cfd09602e66edc7ec150a9d31c51dd1c88d8a666a5118aa58bbd533b1e2b,2026090310,,,241,10,4519.32596803,451.932596803,54,0.520064521,3.0,1268
10,493,"[""13308"",""13310"",""13313"",""13314"",""13319"",""13320"",""13321"",""13323"",""13324t"",""13402""]",306515fa6e55014613b6d28aca7bcc11193e4b5fe1c9496750da598f68b0cfc2,2026090310,,,216,10,4194.66996296,419.466996296,37,0.371064165,3.0,1274
10,494,"[""13311"",""13312"",""13316uwt"",""13320"",""13322"",""13324t"",""13406"",""13407"",""13412"",""13413""]",09dd235ff82a75bdaf692e4fd08ec6c79ba9e569a8e6c31f53609520725047e5,2026090310,,,202,10,4886.47096215,488.647096215,46,0.460049907,7.0,1216
10,495,"[""13306"",""13308"",""13310"",""13316m"",""13317"",""13320"",""13321"",""13401"",""13403"",""13414""]",851bf043f100bbf45755ddb7664d444724e7360045b4bd321249619304411c6e,2026090310,,,221,10,4629.43396812,462.943396812,37,0.371729853,4.0,1252
10,496,"[""13307"",""13310"",""13311"",""13315"",""13321"",""13323"",""13324t"",""13325"",""13405"",""13406""]",f96571e7ed1383b87837dd81c7d8bac9b378a3d79a43cbcc91f90803e70826e7,2026090310,,,201,10,4033.85396917,403.385396917,42,0.4769118,3.0,1235
10,497,"[""13303"",""13318"",""13319"",""13326"",""13403"",""13405"",""13407"",""13408"",""13411"",""13412""]",b2a1570e1f5246486b8dca8c3e74457b297a429aeae8f149562e1e694dc92211,2026090310,,,219,10,5610.04796364,561.004796364,54,0.57303662,7.0,1259
10,498,"[""13301"",""13302"",""13316uwt"",""13320"",""13321"",""13326"",""13401"",""13402"",""13411"",""13413""]",8a11579b0e374f6b628ced32db2432efee545a3341e224516f4e6619fe0774f8,2026090310,,,224,10,5196.99496631,519.699496631,50,0.5,7.0,1278
10,499,"[""13303"",""13311"",""13312"",""13315"",""13316m"",""13317"",""13320"",""13323"",""13409"",""13410""]",e2784ce094a5da75fd9971063ee65b71114b4d9fb767b3e443d86c6c166a5c98,2026090310,,,261,10,4859.9449669,485.99449669,54,0.556400467,3.0,1268
10,500,"[""13303"",""13308"",""13315"",""13318"",""13319"",""13324muw"",""13406"",""13409"",""13410"",""13413""]",cc89a677ae78a743c6a31ea879407c11930c2480cd7a10738d5ef5ed1f06d019,2026090310,,,254,10,5557.32496413,555.732496413,54,0.47053421,3.5,1268
10,501,"[""13302"",""13304"",""13310"",""13320"",""13322"",""13324t"",""13326"",""13402"",""13407"",""13412""]",d598e7b8076f28d38fba62d297d80d9b2464ce1c7da6c3bc50b6325924224b60,2026090310,,,241,10,5111.9329596,511.19329596,50,0.442429514,4.0,1275
10,502,"[""13302"",""13303"",""13306"",""13316uwt"",""13324t"",""13403"",""13406"",""13408"",""13412"",""13413""]",467c8b17c03cf98d37e7599675ed69d6143055fbb917c30856b1eda36cb5dfed,2026090310,,,242,10,5554.41695983,555.441695983,54,0.611179236,5.0,1260
10,503,"[""13304"",""13308"",""13310"",""13313"",""13314"",""13321"",""13324t"",""13401"",""13403"",""13414""]",2321e16a9ebaf3f6a9e6a4d7a291c94cad5166077872cbede6195b99829ca52e,2026090310,,,223,10,4740.64896173,474.064896173,37,0.413456806,4.0,1275
10,504,"[""13310"",""13314"",""13316uwt"",""13318"",""13319"",""13321"",""13326"",""13402"",""13408"",""13411""]",06a6843f0cc5582ddd48b656e695ae0c4bfe5c45540139e33234b30a479bd075,2026090310,,,206,9,4566.99297092,456.699297092,33,0.298612748,5.5,1274
10,505,"[""13303"",""13304"",""13310"",""13317"",""13321"",""13326"",""13401"",""13403"",""13404"",""13414""]",d49dbd21d6a85b368b9ca062c4c270b38e8496e18dc59b23702805546ac89705,2026090310,,,250,10,5334.52996833,533.452996833,54,0.518150557,3.0,1275
10,506,"[""13302"",""13303"",""13317"",""13318"",""13320"",""13321"",""13402"",""13405"",""13406"",""13411""]",b3a7ab29e8141ac5366ef3810f57ee3d46ef6688f107dcd917d7e21775ada5a4,2026090310,,,270,10,5732.99695834,573.299695834,54,0.546092241,3.0,1275
10,507,"[""13304"",""13306"",""13307"",""13312"",""13313"",""13401"",""13404"",""13406"",""13412"",""13414""]",b1e9e226c66a73258c18a0819d8ed13a1824e1f608e55d54b7ac0fc26ad2de64,2026090310,,,235,10,5594.46595364,559.446595364,46,0.51320278,6.0,1275
10,508,"[""13302"",""13309"",""13311"",""13315"",""13321"",""13323"",""13403"",""13410"",""13412"",""13413""]",055b4613a67ee1a8e31a8a897c61bf697adc800a0f48654cdb2995a3915b9fcb,2026090310,,,206,10,4903.01596612,490.301596612,50,0.556963476,6.0,1266
10,509,"[""13306"",""13310"",""13319"",""13320"",""13322"",""13323"",""13325"",""13401"",""13409"",""13414""]",3c672755ae00a6b2f30ef7d87f7e821a75b8ec0f9020fadf52834534ac444820,2026090310,,,214,10,4546.83396509,454.683396509,42,0.458420503,4.0,1277
10,510,"[""13302"",""13312"",""13318"",""13319"",""13325"",""13405"",""13406"",""13411"",""13412"",""13414""]",e8f0857d03dd9a9626f15008027e869121179341b79c16f1a5d37afb32836f3f,2026090310,,,266,10,6016.91695013,601.691695013,50,0.538578939,4.0,1257
10,511,"[""13303"",""13310"",""13311"",""13317"",""13318"",""13323"",""13324t"",""13402"",""13407"",""13413""]",b802e8c5c7e5dc72004d00aa7ee218c3c696b678e861487cc21c3f71c3885410,2026090310,,,237,10,5053.98796247,505.398796247,54,0.553386426,3.0,1253
10,512,"[""13302"",""13309"",""13312"",""13319"",""13321"",""13324muw"",""13326"",""13406"",""13407"",""13412""]",06a14d76679bb5b4565b6cba6d150cb5f2078f7572d9ce8f4c8835f9388098ff,2026090310,,,251,10,5345.23995816,534.523995816,50,0.480224309,4.0,1257
