
Gurobi 12.0.3 (linux64) logging started Tue Sep 22 03:42:14 2026

Set parameter LogFile to value "/share/scaglione/nc437/evsp-dr/chain_extension_33_40_20260921/cases/w4_k33/cg/661691_r0/cg.json.gurobi.log"
Set parameter TimeLimit to value 1.2739267293763813e+04
Set parameter TimeLimit to value 1.2739267293763813e+04
Set parameter Method to value 1
Gurobi Optimizer version 12.0.3 build v12.0.3rc0 (linux64 - "Ubuntu 24.04.4 LTS")

CPU model: Intel(R) Xeon(R) Silver 4316 CPU @ 2.30GHz, instruction set [SSE2|AVX|AVX2|AVX512]
Thread count: 40 physical cores, 40 logical processors, using up to 1 threads

Non-default parameters:
TimeLimit  1.2739267293763813e+04
Method  1
BarHomogeneous  1
Threads  1

Optimize a model with 785 rows, 244663 columns and 6764951 nonzeros
Model fingerprint: 0x6518fc81
Coefficient statistics:
  Matrix range     [1e+00, 1e+00]
  Objective range  [1e+05, 5e+05]
  Bounds range     [0e+00, 0e+00]
  RHS range        [1e+00, 1e+00]
Presolve removed 36 rows and 821 columns
Presolve time: 2.82s
Presolved: 749 rows, 243842 columns, 6764130 nonzeros

Iteration    Objective       Primal Inf.    Dual Inf.      Time
       0    3.6000000e+06   7.490000e+02   0.000000e+00      3s

Starting sifting (using dual simplex for sub-problems)...

    Iter     Pivots    Primal Obj      Dual Obj        Time
       0          0     infinity      3.6000000e+06      3s
       1       1093   2.9873274e+07   4.4963986e+06      3s
       2       5855   9.3639883e+06   4.8819485e+06      5s
       3      10896   7.1725623e+06   5.3861511e+06      6s
       4      16857   6.7843002e+06   5.9602877e+06     10s
       5      30225   6.7018151e+06   6.6970475e+06     19s
       6      39444   6.7016011e+06   6.7003697e+06     26s
       7      47777   6.7014629e+06   6.7008921e+06     33s
       8      57008   6.7014110e+06   6.7011422e+06     43s
       9      64095   6.7013905e+06   6.7012542e+06     52s
      10      71375   6.7013805e+06   6.7012898e+06     61s
      11      77851   6.7013768e+06   6.7013266e+06     68s
      12      84967   6.7013743e+06   6.7013474e+06     78s
      13      93481   6.7013739e+06   6.7013654e+06     89s

Sifting complete

  101258    6.7013738e+06   0.000000e+00   3.689715e+03     98s
  104063    6.7013738e+06   0.000000e+00   2.072606e+02    100s
  107128    6.7013738e+06   0.000000e+00   0.000000e+00    103s

Solved in 107128 iterations and 103.35 seconds (171.30 work units)
Optimal objective  6.701373788e+06
Set parameter TimeLimit to value 1.2604584162578918e+04
Set parameter Method to value 1
Gurobi Optimizer version 12.0.3 build v12.0.3rc0 (linux64 - "Ubuntu 24.04.4 LTS")

CPU model: Intel(R) Xeon(R) Silver 4316 CPU @ 2.30GHz, instruction set [SSE2|AVX|AVX2|AVX512]
Thread count: 40 physical cores, 40 logical processors, using up to 1 threads

Non-default parameters:
TimeLimit  1.2604584162578918e+04
Method  1
BarHomogeneous  1
Threads  1

Optimize a model with 785 rows, 244693 columns and 6766186 nonzeros
Coefficient statistics:
  Matrix range     [1e+00, 1e+00]
  Objective range  [1e+05, 5e+05]
  Bounds range     [0e+00, 0e+00]
  RHS range        [1e+00, 1e+00]
LP warm-start: use basis

Iteration    Objective       Primal Inf.    Dual Inf.      Time
       0   -1.0499798e+38   2.780789e+34   1.049980e+08      0s
     460    3.2014432e+06   5.110598e+03   0.000000e+00      6s
     820    3.2014438e+06   3.465109e+03   0.000000e+00     11s
    1180    3.2014445e+06   1.611195e+03   0.000000e+00     15s
    1540    3.2014448e+06   7.236979e+02   0.000000e+00     20s
    2020    3.2014449e+06   9.946068e+02   0.000000e+00     26s
    2380    3.2014451e+06   1.851960e+03   0.000000e+00     31s
    2740    3.2014451e+06   2.631343e+03   0.000000e+00     36s
    3100    3.2014452e+06   6.444911e+02   0.000000e+00     40s
    3460    3.2014453e+06   1.042122e+03   0.000000e+00     45s
    3938    3.2014454e+06   2.376156e+02   0.000000e+00     51s
    4296    3.2014455e+06   3.519227e+02   0.000000e+00     56s
    4656    3.2014456e+06   3.077073e+02   0.000000e+00     61s
    5015    3.2014456e+06   1.732400e+02   0.000000e+00     66s
    5374    3.2014457e+06   8.258949e+01   0.000000e+00     70s
    5732    3.2014457e+06   3.649672e+02   0.000000e+00     75s
    6212    3.2014458e+06   9.563736e+01   0.000000e+00     82s
    6572    3.2014458e+06   1.510345e+02   0.000000e+00     86s
    6932    3.2014459e+06   1.115197e+02   0.000000e+00     91s
    7289    3.2014459e+06   2.407608e+01   0.000000e+00     96s
    7649    3.2014459e+06   2.039915e+00   0.000000e+00    101s
    7786    3.2014459e+06   0.000000e+00   0.000000e+00    103s

Solved in 7786 iterations and 102.69 seconds (170.50 work units)
Optimal objective  3.201445895e+06
Set parameter TimeLimit to value 1.2480472003953066e+04
Set parameter Method to value 1
Gurobi Optimizer version 12.0.3 build v12.0.3rc0 (linux64 - "Ubuntu 24.04.4 LTS")

CPU model: Intel(R) Xeon(R) Silver 4316 CPU @ 2.30GHz, instruction set [SSE2|AVX|AVX2|AVX512]
Thread count: 40 physical cores, 40 logical processors, using up to 1 threads

Non-default parameters:
TimeLimit  1.2480472003953066e+04
Method  1
BarHomogeneous  1
Threads  1

Optimize a model with 785 rows, 244723 columns and 6767128 nonzeros
Coefficient statistics:
  Matrix range     [1e+00, 1e+00]
  Objective range  [1e+05, 5e+05]
  Bounds range     [0e+00, 0e+00]
  RHS range        [1e+00, 1e+00]
LP warm-start: use basis

Iteration    Objective       Primal Inf.    Dual Inf.      Time
       0   -3.0023396e+36   4.078080e+34   3.002340e+06      0s
      66    3.2014459e+06   0.000000e+00   0.000000e+00      1s

Solved in 66 iterations and 1.30 seconds (1.73 work units)
Optimal objective  3.201445895e+06
Set parameter TimeLimit to value 1.2459285699220374e+04
Set parameter Method to value 1
Gurobi Optimizer version 12.0.3 build v12.0.3rc0 (linux64 - "Ubuntu 24.04.4 LTS")

CPU model: Intel(R) Xeon(R) Silver 4316 CPU @ 2.30GHz, instruction set [SSE2|AVX|AVX2|AVX512]
Thread count: 40 physical cores, 40 logical processors, using up to 1 threads

Non-default parameters:
TimeLimit  1.2459285699220374e+04
Method  1
BarHomogeneous  1
Threads  1

Optimize a model with 785 rows, 244753 columns and 6767924 nonzeros
Coefficient statistics:
  Matrix range     [1e+00, 1e+00]
  Objective range  [1e+05, 5e+05]
  Bounds range     [0e+00, 0e+00]
  RHS range        [1e+00, 1e+00]
LP warm-start: use basis

Iteration    Objective       Primal Inf.    Dual Inf.      Time
       0   -3.0021218e+36   8.029687e+33   3.002122e+06      0s
     105    3.2014459e+06   0.000000e+00   0.000000e+00      2s

Solved in 105 iterations and 1.84 seconds (2.63 work units)
Optimal objective  3.201445895e+06
Set parameter TimeLimit to value 1.2438268461427651e+04
Set parameter Method to value 1
Gurobi Optimizer version 12.0.3 build v12.0.3rc0 (linux64 - "Ubuntu 24.04.4 LTS")

CPU model: Intel(R) Xeon(R) Silver 4316 CPU @ 2.30GHz, instruction set [SSE2|AVX|AVX2|AVX512]
Thread count: 40 physical cores, 40 logical processors, using up to 1 threads

Non-default parameters:
TimeLimit  1.2438268461427651e+04
Method  1
BarHomogeneous  1
Threads  1

Optimize a model with 785 rows, 244783 columns and 6768747 nonzeros
Coefficient statistics:
  Matrix range     [1e+00, 1e+00]
  Objective range  [1e+05, 5e+05]
  Bounds range     [0e+00, 0e+00]
  RHS range        [1e+00, 1e+00]
LP warm-start: use basis

Iteration    Objective       Primal Inf.    Dual Inf.      Time
       0   -3.0021029e+36   1.161065e+34   3.002103e+06      0s
     107    3.2014459e+06   0.000000e+00   0.000000e+00      2s

Solved in 107 iterations and 1.81 seconds (2.61 work units)
Optimal objective  3.201445895e+06
Set parameter TimeLimit to value 1.2418564208725467e+04
Set parameter Method to value 1
Gurobi Optimizer version 12.0.3 build v12.0.3rc0 (linux64 - "Ubuntu 24.04.4 LTS")

CPU model: Intel(R) Xeon(R) Silver 4316 CPU @ 2.30GHz, instruction set [SSE2|AVX|AVX2|AVX512]
Thread count: 40 physical cores, 40 logical processors, using up to 1 threads

Non-default parameters:
TimeLimit  1.2418564208725467e+04
Method  1
BarHomogeneous  1
Threads  1

Optimize a model with 785 rows, 244813 columns and 6769607 nonzeros
Coefficient statistics:
  Matrix range     [1e+00, 1e+00]
  Objective range  [1e+05, 5e+05]
  Bounds range     [0e+00, 0e+00]
  RHS range        [1e+00, 1e+00]
LP warm-start: use basis

Iteration    Objective       Primal Inf.    Dual Inf.      Time
       0   -3.0018446e+36   3.321413e+34   3.001845e+06      0s
      96    3.2014459e+06   0.000000e+00   0.000000e+00      2s

Solved in 96 iterations and 1.71 seconds (2.42 work units)
Optimal objective  3.201445895e+06
Set parameter TimeLimit to value 1.2397789204392582e+04
Set parameter Method to value 1
Gurobi Optimizer version 12.0.3 build v12.0.3rc0 (linux64 - "Ubuntu 24.04.4 LTS")

CPU model: Intel(R) Xeon(R) Silver 4316 CPU @ 2.30GHz, instruction set [SSE2|AVX|AVX2|AVX512]
Thread count: 40 physical cores, 40 logical processors, using up to 1 threads

Non-default parameters:
TimeLimit  1.2397789204392582e+04
Method  1
BarHomogeneous  1
Threads  1

Optimize a model with 785 rows, 244843 columns and 6770437 nonzeros
Coefficient statistics:
  Matrix range     [1e+00, 1e+00]
  Objective range  [1e+05, 5e+05]
  Bounds range     [0e+00, 0e+00]
  RHS range        [1e+00, 1e+00]
LP warm-start: use basis

Iteration    Objective       Primal Inf.    Dual Inf.      Time
       0   -3.0019124e+36   1.959737e+34   3.001912e+06      0s
     104    3.2014459e+06   0.000000e+00   0.000000e+00      2s

Solved in 104 iterations and 1.75 seconds (2.46 work units)
Optimal objective  3.201445895e+06
Set parameter TimeLimit to value 1.2376634444035590e+04
Set parameter Method to value 1
Gurobi Optimizer version 12.0.3 build v12.0.3rc0 (linux64 - "Ubuntu 24.04.4 LTS")

CPU model: Intel(R) Xeon(R) Silver 4316 CPU @ 2.30GHz, instruction set [SSE2|AVX|AVX2|AVX512]
Thread count: 40 physical cores, 40 logical processors, using up to 1 threads

Non-default parameters:
TimeLimit  1.2376634444035590e+04
Method  1
BarHomogeneous  1
Threads  1

Optimize a model with 785 rows, 244873 columns and 6771280 nonzeros
Coefficient statistics:
  Matrix range     [1e+00, 1e+00]
  Objective range  [1e+05, 5e+05]
  Bounds range     [0e+00, 0e+00]
  RHS range        [1e+00, 1e+00]
LP warm-start: use basis

Iteration    Objective       Primal Inf.    Dual Inf.      Time
       0   -3.0017482e+36   4.209432e+34   3.001748e+06      0s
      86    3.2014459e+06   0.000000e+00   0.000000e+00      2s

Solved in 86 iterations and 1.53 seconds (2.11 work units)
Optimal objective  3.201445895e+06
Set parameter TimeLimit to value 1.2357026452838909e+04
Set parameter Method to value 1
Gurobi Optimizer version 12.0.3 build v12.0.3rc0 (linux64 - "Ubuntu 24.04.4 LTS")

CPU model: Intel(R) Xeon(R) Silver 4316 CPU @ 2.30GHz, instruction set [SSE2|AVX|AVX2|AVX512]
Thread count: 40 physical cores, 40 logical processors, using up to 1 threads

Non-default parameters:
TimeLimit  1.2357026452838909e+04
Method  1
BarHomogeneous  1
Threads  1

Optimize a model with 785 rows, 244903 columns and 6772094 nonzeros
Coefficient statistics:
  Matrix range     [1e+00, 1e+00]
  Objective range  [1e+05, 5e+05]
  Bounds range     [0e+00, 0e+00]
  RHS range        [1e+00, 1e+00]
LP warm-start: use basis

Iteration    Objective       Primal Inf.    Dual Inf.      Time
       0   -3.0017593e+36   3.786508e+34   3.001759e+06      0s
      79    3.2014459e+06   0.000000e+00   0.000000e+00      1s

Solved in 79 iterations and 1.39 seconds (1.85 work units)
Optimal objective  3.201445895e+06
Set parameter TimeLimit to value 1.2337497760503087e+04
Set parameter Method to value 1
Gurobi Optimizer version 12.0.3 build v12.0.3rc0 (linux64 - "Ubuntu 24.04.4 LTS")

CPU model: Intel(R) Xeon(R) Silver 4316 CPU @ 2.30GHz, instruction set [SSE2|AVX|AVX2|AVX512]
Thread count: 40 physical cores, 40 logical processors, using up to 1 threads

Non-default parameters:
TimeLimit  1.2337497760503087e+04
Method  1
BarHomogeneous  1
Threads  1

Optimize a model with 785 rows, 244933 columns and 6773019 nonzeros
Coefficient statistics:
  Matrix range     [1e+00, 1e+00]
  Objective range  [1e+05, 5e+05]
  Bounds range     [0e+00, 0e+00]
  RHS range        [1e+00, 1e+00]
LP warm-start: use basis

Iteration    Objective       Primal Inf.    Dual Inf.      Time
       0   -3.0017515e+36   1.360483e+34   3.001751e+06      0s
     140    3.2014459e+06   0.000000e+00   0.000000e+00      2s

Solved in 140 iterations and 2.23 seconds (3.29 work units)
Optimal objective  3.201445895e+06
Set parameter TimeLimit to value 1.2316131964470260e+04
Set parameter Method to value 1
Gurobi Optimizer version 12.0.3 build v12.0.3rc0 (linux64 - "Ubuntu 24.04.4 LTS")

CPU model: Intel(R) Xeon(R) Silver 4316 CPU @ 2.30GHz, instruction set [SSE2|AVX|AVX2|AVX512]
Thread count: 40 physical cores, 40 logical processors, using up to 1 threads

Non-default parameters:
TimeLimit  1.2316131964470260e+04
Method  1
BarHomogeneous  1
Threads  1

Optimize a model with 785 rows, 244963 columns and 6773960 nonzeros
Coefficient statistics:
  Matrix range     [1e+00, 1e+00]
  Objective range  [1e+05, 5e+05]
  Bounds range     [0e+00, 0e+00]
  RHS range        [1e+00, 1e+00]
LP warm-start: use basis

Iteration    Objective       Primal Inf.    Dual Inf.      Time
       0   -3.0017485e+36   2.324063e+34   3.001749e+06      0s
     127    3.2014459e+06   0.000000e+00   0.000000e+00      2s

Solved in 127 iterations and 2.12 seconds (3.03 work units)
Optimal objective  3.201445895e+06
Set parameter TimeLimit to value 1.2293185435603838e+04
Set parameter Method to value 1
Gurobi Optimizer version 12.0.3 build v12.0.3rc0 (linux64 - "Ubuntu 24.04.4 LTS")

CPU model: Intel(R) Xeon(R) Silver 4316 CPU @ 2.30GHz, instruction set [SSE2|AVX|AVX2|AVX512]
Thread count: 40 physical cores, 40 logical processors, using up to 1 threads

Non-default parameters:
TimeLimit  1.2293185435603838e+04
Method  1
BarHomogeneous  1
Threads  1

Optimize a model with 785 rows, 244993 columns and 6775147 nonzeros
Coefficient statistics:
  Matrix range     [1e+00, 1e+00]
  Objective range  [1e+05, 5e+05]
  Bounds range     [0e+00, 0e+00]
  RHS range        [1e+00, 1e+00]
LP warm-start: use basis

Iteration    Objective       Primal Inf.    Dual Inf.      Time
       0   -3.0014573e+36   4.686145e+34   3.001457e+06      0s
     111    3.2014459e+06   0.000000e+00   0.000000e+00      2s

Solved in 111 iterations and 1.84 seconds (2.63 work units)
Optimal objective  3.201445895e+06
Set parameter TimeLimit to value 1.2273110013989732e+04
Set parameter Method to value 1
Gurobi Optimizer version 12.0.3 build v12.0.3rc0 (linux64 - "Ubuntu 24.04.4 LTS")

CPU model: Intel(R) Xeon(R) Silver 4316 CPU @ 2.30GHz, instruction set [SSE2|AVX|AVX2|AVX512]
Thread count: 40 physical cores, 40 logical processors, using up to 1 threads

Non-default parameters:
TimeLimit  1.2273110013989732e+04
Method  1
BarHomogeneous  1
Threads  1

Optimize a model with 785 rows, 245023 columns and 6776316 nonzeros
Coefficient statistics:
  Matrix range     [1e+00, 1e+00]
  Objective range  [1e+05, 5e+05]
  Bounds range     [0e+00, 0e+00]
  RHS range        [1e+00, 1e+00]
LP warm-start: use basis

Iteration    Objective       Primal Inf.    Dual Inf.      Time
       0   -3.2579237e+33   5.533665e+34   3.257924e+03      0s
      82    3.2014459e+06   0.000000e+00   0.000000e+00      1s

Solved in 82 iterations and 1.48 seconds (1.85 work units)
Optimal objective  3.201445895e+06
Set parameter TimeLimit to value 1.2252261535464786e+04
Set parameter Method to value 1
Gurobi Optimizer version 12.0.3 build v12.0.3rc0 (linux64 - "Ubuntu 24.04.4 LTS")

CPU model: Intel(R) Xeon(R) Silver 4316 CPU @ 2.30GHz, instruction set [SSE2|AVX|AVX2|AVX512]
Thread count: 40 physical cores, 40 logical processors, using up to 1 threads

Non-default parameters:
TimeLimit  1.2252261535464786e+04
Method  1
BarHomogeneous  1
Threads  1

Optimize a model with 785 rows, 245053 columns and 6777309 nonzeros
Coefficient statistics:
  Matrix range     [1e+00, 1e+00]
  Objective range  [1e+05, 5e+05]
  Bounds range     [0e+00, 0e+00]
  RHS range        [1e+00, 1e+00]
LP warm-start: use basis

Iteration    Objective       Primal Inf.    Dual Inf.      Time
       0   -3.4535547e+33   9.169174e+34   3.453555e+03      0s
      92    3.2014459e+06   0.000000e+00   0.000000e+00      2s

Solved in 92 iterations and 1.66 seconds (2.27 work units)
Optimal objective  3.201445895e+06
Set parameter TimeLimit to value 1.2231576622332912e+04
Set parameter Method to value 1
Gurobi Optimizer version 12.0.3 build v12.0.3rc0 (linux64 - "Ubuntu 24.04.4 LTS")

CPU model: Intel(R) Xeon(R) Silver 4316 CPU @ 2.30GHz, instruction set [SSE2|AVX|AVX2|AVX512]
Thread count: 40 physical cores, 40 logical processors, using up to 1 threads

Non-default parameters:
TimeLimit  1.2231576622332912e+04
Method  1
BarHomogeneous  1
Threads  1

Optimize a model with 785 rows, 245083 columns and 6778519 nonzeros
Coefficient statistics:
  Matrix range     [1e+00, 1e+00]
  Objective range  [1e+05, 5e+05]
  Bounds range     [0e+00, 0e+00]
  RHS range        [1e+00, 1e+00]
LP warm-start: use basis

Iteration    Objective       Primal Inf.    Dual Inf.      Time
       0   -3.2075999e+33   9.450842e+34   3.207600e+03      0s
     108    3.2014459e+06   0.000000e+00   0.000000e+00      2s

Solved in 108 iterations and 1.84 seconds (2.62 work units)
Optimal objective  3.201445895e+06
Set parameter TimeLimit to value 1.2212097831217572e+04
Set parameter Method to value 1
Gurobi Optimizer version 12.0.3 build v12.0.3rc0 (linux64 - "Ubuntu 24.04.4 LTS")

CPU model: Intel(R) Xeon(R) Silver 4316 CPU @ 2.30GHz, instruction set [SSE2|AVX|AVX2|AVX512]
Thread count: 40 physical cores, 40 logical processors, using up to 1 threads

Non-default parameters:
TimeLimit  1.2212097831217572e+04
Method  1
BarHomogeneous  1
Threads  1

Optimize a model with 785 rows, 245113 columns and 6779584 nonzeros
Coefficient statistics:
  Matrix range     [1e+00, 1e+00]
  Objective range  [1e+05, 5e+05]
  Bounds range     [0e+00, 0e+00]
  RHS range        [1e+00, 1e+00]
LP warm-start: use basis

Iteration    Objective       Primal Inf.    Dual Inf.      Time
       0   -2.7676121e+33   7.269917e+34   2.767612e+03      0s
      77    3.2014459e+06   0.000000e+00   0.000000e+00      1s

Solved in 77 iterations and 1.49 seconds (1.94 work units)
Optimal objective  3.201445895e+06
Set parameter TimeLimit to value 1.2190496154090855e+04
Set parameter Method to value 1
Gurobi Optimizer version 12.0.3 build v12.0.3rc0 (linux64 - "Ubuntu 24.04.4 LTS")

CPU model: Intel(R) Xeon(R) Silver 4316 CPU @ 2.30GHz, instruction set [SSE2|AVX|AVX2|AVX512]
Thread count: 40 physical cores, 40 logical processors, using up to 1 threads

Non-default parameters:
TimeLimit  1.2190496154090855e+04
Method  1
BarHomogeneous  1
Threads  1

Optimize a model with 785 rows, 245143 columns and 6780625 nonzeros
Coefficient statistics:
  Matrix range     [1e+00, 1e+00]
  Objective range  [1e+05, 5e+05]
  Bounds range     [0e+00, 0e+00]
  RHS range        [1e+00, 1e+00]
LP warm-start: use basis

Iteration    Objective       Primal Inf.    Dual Inf.      Time
       0   -3.2349792e+33   6.192018e+34   3.234979e+03      0s
     113    3.2014459e+06   0.000000e+00   0.000000e+00      2s

Solved in 113 iterations and 2.06 seconds (2.72 work units)
Optimal objective  3.201445895e+06
Set parameter TimeLimit to value 1.2169157048789319e+04
Set parameter Method to value 1
Gurobi Optimizer version 12.0.3 build v12.0.3rc0 (linux64 - "Ubuntu 24.04.4 LTS")

CPU model: Intel(R) Xeon(R) Silver 4316 CPU @ 2.30GHz, instruction set [SSE2|AVX|AVX2|AVX512]
Thread count: 40 physical cores, 40 logical processors, using up to 1 threads

Non-default parameters:
TimeLimit  1.2169157048789319e+04
Method  1
BarHomogeneous  1
Threads  1

Optimize a model with 785 rows, 245173 columns and 6781361 nonzeros
Coefficient statistics:
  Matrix range     [1e+00, 1e+00]
  Objective range  [1e+05, 5e+05]
  Bounds range     [0e+00, 0e+00]
  RHS range        [1e+00, 1e+00]
LP warm-start: use basis

Iteration    Objective       Primal Inf.    Dual Inf.      Time
       0   -2.6474702e+33   4.654418e+34   2.647470e+03      0s
     142    3.2014459e+06   0.000000e+00   0.000000e+00      2s

Solved in 142 iterations and 2.26 seconds (3.31 work units)
Optimal objective  3.201445895e+06
Set parameter TimeLimit to value 1.2148845763979945e+04
Set parameter Method to value 1
Gurobi Optimizer version 12.0.3 build v12.0.3rc0 (linux64 - "Ubuntu 24.04.4 LTS")

CPU model: Intel(R) Xeon(R) Silver 4316 CPU @ 2.30GHz, instruction set [SSE2|AVX|AVX2|AVX512]
Thread count: 40 physical cores, 40 logical processors, using up to 1 threads

Non-default parameters:
TimeLimit  1.2148845763979945e+04
Method  1
BarHomogeneous  1
Threads  1

Optimize a model with 785 rows, 245203 columns and 6782278 nonzeros
Coefficient statistics:
  Matrix range     [1e+00, 1e+00]
  Objective range  [1e+05, 5e+05]
  Bounds range     [0e+00, 0e+00]
  RHS range        [1e+00, 1e+00]
LP warm-start: use basis

Iteration    Objective       Primal Inf.    Dual Inf.      Time
       0   -3.4168534e+33   1.451601e+35   3.416853e+03      0s
      66    3.2014459e+06   0.000000e+00   0.000000e+00      1s

Solved in 66 iterations and 1.19 seconds (1.49 work units)
Optimal objective  3.201445895e+06
Set parameter TimeLimit to value 1.2127304904189892e+04
Set parameter Method to value 1
Gurobi Optimizer version 12.0.3 build v12.0.3rc0 (linux64 - "Ubuntu 24.04.4 LTS")

CPU model: Intel(R) Xeon(R) Silver 4316 CPU @ 2.30GHz, instruction set [SSE2|AVX|AVX2|AVX512]
Thread count: 40 physical cores, 40 logical processors, using up to 1 threads

Non-default parameters:
TimeLimit  1.2127304904189892e+04
Method  1
BarHomogeneous  1
Threads  1

Optimize a model with 785 rows, 245233 columns and 6783147 nonzeros
Coefficient statistics:
  Matrix range     [1e+00, 1e+00]
  Objective range  [1e+05, 5e+05]
  Bounds range     [0e+00, 0e+00]
  RHS range        [1e+00, 1e+00]
LP warm-start: use basis

Iteration    Objective       Primal Inf.    Dual Inf.      Time
       0   -2.4656539e+33   8.238600e+34   2.465654e+03      0s
      89    3.2014459e+06   0.000000e+00   0.000000e+00      2s

Solved in 89 iterations and 1.70 seconds (2.17 work units)
Optimal objective  3.201445895e+06
Set parameter TimeLimit to value 1.2106076008669566e+04
Set parameter Method to value 1
Gurobi Optimizer version 12.0.3 build v12.0.3rc0 (linux64 - "Ubuntu 24.04.4 LTS")

CPU model: Intel(R) Xeon(R) Silver 4316 CPU @ 2.30GHz, instruction set [SSE2|AVX|AVX2|AVX512]
Thread count: 40 physical cores, 40 logical processors, using up to 1 threads

Non-default parameters:
TimeLimit  1.2106076008669566e+04
Method  1
BarHomogeneous  1
Threads  1

Optimize a model with 785 rows, 245263 columns and 6784301 nonzeros
Coefficient statistics:
  Matrix range     [1e+00, 1e+00]
  Objective range  [1e+05, 5e+05]
  Bounds range     [0e+00, 0e+00]
  RHS range        [1e+00, 1e+00]
LP warm-start: use basis

Iteration    Objective       Primal Inf.    Dual Inf.      Time
       0   -2.6384290e+33   6.093610e+34   2.638429e+03      0s
      69    3.2014459e+06   0.000000e+00   0.000000e+00      1s

Solved in 69 iterations and 1.22 seconds (1.59 work units)
Optimal objective  3.201445895e+06
Set parameter TimeLimit to value 1.2087066959442105e+04
Set parameter Method to value 1
Gurobi Optimizer version 12.0.3 build v12.0.3rc0 (linux64 - "Ubuntu 24.04.4 LTS")

CPU model: Intel(R) Xeon(R) Silver 4316 CPU @ 2.30GHz, instruction set [SSE2|AVX|AVX2|AVX512]
Thread count: 40 physical cores, 40 logical processors, using up to 1 threads

Non-default parameters:
TimeLimit  1.2087066959442105e+04
Method  1
BarHomogeneous  1
Threads  1

Optimize a model with 785 rows, 245293 columns and 6785046 nonzeros
Coefficient statistics:
  Matrix range     [1e+00, 1e+00]
  Objective range  [1e+05, 5e+05]
  Bounds range     [0e+00, 0e+00]
  RHS range        [1e+00, 1e+00]
LP warm-start: use basis

Iteration    Objective       Primal Inf.    Dual Inf.      Time
       0   -3.0004320e+36   4.592140e+34   3.000432e+06      0s
      73    3.2014459e+06   0.000000e+00   0.000000e+00      1s

Solved in 73 iterations and 1.29 seconds (1.73 work units)
Optimal objective  3.201445895e+06
Set parameter TimeLimit to value 1.2065062947570812e+04
Set parameter Method to value 1
Gurobi Optimizer version 12.0.3 build v12.0.3rc0 (linux64 - "Ubuntu 24.04.4 LTS")

CPU model: Intel(R) Xeon(R) Silver 4316 CPU @ 2.30GHz, instruction set [SSE2|AVX|AVX2|AVX512]
Thread count: 40 physical cores, 40 logical processors, using up to 1 threads

Non-default parameters:
TimeLimit  1.2065062947570812e+04
Method  1
BarHomogeneous  1
Threads  1

Optimize a model with 785 rows, 245323 columns and 6786109 nonzeros
Coefficient statistics:
  Matrix range     [1e+00, 1e+00]
  Objective range  [1e+05, 5e+05]
  Bounds range     [0e+00, 0e+00]
  RHS range        [1e+00, 1e+00]
LP warm-start: use basis

Iteration    Objective       Primal Inf.    Dual Inf.      Time
       0   -3.0003147e+36   1.319493e+35   3.000315e+06      0s
     277    3.2014459e+06   0.000000e+00   0.000000e+00      4s

Solved in 277 iterations and 3.90 seconds (6.03 work units)
Optimal objective  3.201445895e+06
Set parameter TimeLimit to value 1.2041944394137245e+04
Set parameter Method to value 1
Gurobi Optimizer version 12.0.3 build v12.0.3rc0 (linux64 - "Ubuntu 24.04.4 LTS")

CPU model: Intel(R) Xeon(R) Silver 4316 CPU @ 2.30GHz, instruction set [SSE2|AVX|AVX2|AVX512]
Thread count: 40 physical cores, 40 logical processors, using up to 1 threads

Non-default parameters:
TimeLimit  1.2041944394137245e+04
Method  1
BarHomogeneous  1
Threads  1

Optimize a model with 785 rows, 245353 columns and 6787182 nonzeros
Coefficient statistics:
  Matrix range     [1e+00, 1e+00]
  Objective range  [1e+05, 5e+05]
  Bounds range     [0e+00, 0e+00]
  RHS range        [1e+00, 1e+00]
LP warm-start: use basis

Iteration    Objective       Primal Inf.    Dual Inf.      Time
       0   -3.0004122e+36   2.807534e+35   3.000412e+06      0s
      66    3.2014459e+06   0.000000e+00   0.000000e+00      1s

Solved in 66 iterations and 1.24 seconds (1.57 work units)
Optimal objective  3.201445895e+06
Set parameter TimeLimit to value 1.2022796078029554e+04
Set parameter Method to value 1
Gurobi Optimizer version 12.0.3 build v12.0.3rc0 (linux64 - "Ubuntu 24.04.4 LTS")

CPU model: Intel(R) Xeon(R) Silver 4316 CPU @ 2.30GHz, instruction set [SSE2|AVX|AVX2|AVX512]
Thread count: 40 physical cores, 40 logical processors, using up to 1 threads

Non-default parameters:
TimeLimit  1.2022796078029554e+04
Method  1
BarHomogeneous  1
Threads  1

Optimize a model with 785 rows, 245383 columns and 6788395 nonzeros
Coefficient statistics:
  Matrix range     [1e+00, 1e+00]
  Objective range  [1e+05, 5e+05]
  Bounds range     [0e+00, 0e+00]
  RHS range        [1e+00, 1e+00]
LP warm-start: use basis

Iteration    Objective       Primal Inf.    Dual Inf.      Time
       0   -3.0003985e+36   4.408506e+34   3.000399e+06      0s
     134    3.2014459e+06   0.000000e+00   0.000000e+00      2s

Solved in 134 iterations and 2.18 seconds (2.83 work units)
Optimal objective  3.201445895e+06
Set parameter TimeLimit to value 1.2000479610315990e+04
Set parameter Method to value 1
Gurobi Optimizer version 12.0.3 build v12.0.3rc0 (linux64 - "Ubuntu 24.04.4 LTS")

CPU model: Intel(R) Xeon(R) Silver 4316 CPU @ 2.30GHz, instruction set [SSE2|AVX|AVX2|AVX512]
Thread count: 40 physical cores, 40 logical processors, using up to 1 threads

Non-default parameters:
TimeLimit  1.2000479610315990e+04
Method  1
BarHomogeneous  1
Threads  1

Optimize a model with 785 rows, 245413 columns and 6789490 nonzeros
Coefficient statistics:
  Matrix range     [1e+00, 1e+00]
  Objective range  [1e+05, 5e+05]
  Bounds range     [0e+00, 0e+00]
  RHS range        [1e+00, 1e+00]
LP warm-start: use basis

Iteration    Objective       Primal Inf.    Dual Inf.      Time
       0   -3.0012736e+36   6.386033e+34   3.001274e+06      0s
      84    3.2014459e+06   0.000000e+00   0.000000e+00      1s

Solved in 84 iterations and 1.33 seconds (1.74 work units)
Optimal objective  3.201445895e+06
Set parameter TimeLimit to value 1.1979665188416839e+04
Set parameter Method to value 1
Gurobi Optimizer version 12.0.3 build v12.0.3rc0 (linux64 - "Ubuntu 24.04.4 LTS")

CPU model: Intel(R) Xeon(R) Silver 4316 CPU @ 2.30GHz, instruction set [SSE2|AVX|AVX2|AVX512]
Thread count: 40 physical cores, 40 logical processors, using up to 1 threads

Non-default parameters:
TimeLimit  1.1979665188416839e+04
Method  1
BarHomogeneous  1
Threads  1

Optimize a model with 785 rows, 245443 columns and 6790409 nonzeros
Coefficient statistics:
  Matrix range     [1e+00, 1e+00]
  Objective range  [1e+05, 5e+05]
  Bounds range     [0e+00, 0e+00]
  RHS range        [1e+00, 1e+00]
LP warm-start: use basis

Iteration    Objective       Primal Inf.    Dual Inf.      Time
       0   -3.0009440e+36   4.269564e+34   3.000944e+06      0s
     500   -9.9842660e+34   4.272766e+33   9.984266e+04      5s
     906    3.2014457e+06   8.373555e+02   0.000000e+00     11s
    1263    3.2014458e+06   4.219733e+02   0.000000e+00     16s
    1620    3.2014459e+06   2.269238e+01   0.000000e+00     21s
    1979    3.2014459e+06   8.278380e+01   0.000000e+00     26s
    2335    3.2014459e+06   1.383169e+01   0.000000e+00     31s
    2695    3.2014459e+06   4.171528e-01   0.000000e+00     36s
    2725    3.2014459e+06   0.000000e+00   0.000000e+00     36s

Solved in 2725 iterations and 36.44 seconds (56.76 work units)
Optimal objective  3.201445895e+06
Set parameter TimeLimit to value 1.1923016961473040e+04
Set parameter Method to value 1
Gurobi Optimizer version 12.0.3 build v12.0.3rc0 (linux64 - "Ubuntu 24.04.4 LTS")

CPU model: Intel(R) Xeon(R) Silver 4316 CPU @ 2.30GHz, instruction set [SSE2|AVX|AVX2|AVX512]
Thread count: 40 physical cores, 40 logical processors, using up to 1 threads

Non-default parameters:
TimeLimit  1.1923016961473040e+04
Method  1
BarHomogeneous  1
Threads  1

Optimize a model with 785 rows, 245473 columns and 6791449 nonzeros
Coefficient statistics:
  Matrix range     [1e+00, 1e+00]
  Objective range  [1e+05, 5e+05]
  Bounds range     [0e+00, 0e+00]
  RHS range        [1e+00, 1e+00]
LP warm-start: use basis

Iteration    Objective       Primal Inf.    Dual Inf.      Time
       0   -3.0005697e+36   7.144977e+34   3.000570e+06      0s
     430   -1.2062097e+29   2.625624e+33   1.206209e-01      5s
     805    3.2014458e+06   1.994910e+02   0.000000e+00     11s
    1157    3.2014459e+06   5.869385e+02   0.000000e+00     16s
    1512    3.2014459e+06   6.228940e+01   0.000000e+00     21s
    1871    3.2014459e+06   1.602324e+00   0.000000e+00     26s
    2142    3.2014459e+06   0.000000e+00   0.000000e+00     30s

Solved in 2142 iterations and 29.79 seconds (46.21 work units)
Optimal objective  3.201445895e+06
Set parameter TimeLimit to value 1.1871856908997986e+04
Set parameter Method to value 1
Gurobi Optimizer version 12.0.3 build v12.0.3rc0 (linux64 - "Ubuntu 24.04.4 LTS")

CPU model: Intel(R) Xeon(R) Silver 4316 CPU @ 2.30GHz, instruction set [SSE2|AVX|AVX2|AVX512]
Thread count: 40 physical cores, 40 logical processors, using up to 1 threads

Non-default parameters:
TimeLimit  1.1871856908997986e+04
Method  1
BarHomogeneous  1
Threads  1

Optimize a model with 785 rows, 245503 columns and 6792686 nonzeros
Coefficient statistics:
  Matrix range     [1e+00, 1e+00]
  Objective range  [1e+05, 5e+05]
  Bounds range     [0e+00, 0e+00]
  RHS range        [1e+00, 1e+00]
LP warm-start: use basis

Iteration    Objective       Primal Inf.    Dual Inf.      Time
       0   -3.0011070e+36   4.400325e+34   3.001107e+06      0s
     347   -5.9920880e+35   1.742227e+34   5.992088e+05      5s
     702   -4.6184596e+31   3.667491e+33   4.618460e+01     11s
    1055   -3.0576706e+31   8.315593e+34   3.057671e+01     16s
    1370   -2.1309665e+31   2.397652e+34   2.130967e+01     20s
    1770   -1.3476448e+31   1.229516e+34   1.347645e+01     26s
    2089   -8.0968066e+30   1.237582e+34   8.096806e+00     30s
    2449   -4.0228076e+30   7.891814e+33   4.022807e+00     35s
    2809   -1.7040846e+30   1.960173e+33   1.704085e+00     40s
    3166   -5.7986846e+29   1.672170e+33   5.798684e-01     45s
    3525   -2.5926460e+28   1.788378e+33   2.592649e-02     50s
    3883    3.2014434e+06   2.189358e+03   0.000000e+00     55s
    4241    3.2014440e+06   7.642019e+02   0.000000e+00     60s
    4599    3.2014445e+06   1.147923e+03   0.000000e+00     65s
    4958    3.2014448e+06   5.043367e+02   0.000000e+00     70s
    5318    3.2014450e+06   4.200330e+02   0.000000e+00     75s
    5678    3.2014452e+06   5.187641e+02   0.000000e+00     80s
    6033    3.2014453e+06   2.992821e+02   0.000000e+00     85s
    6392    3.2014454e+06   4.128977e+02   0.000000e+00     90s
    6752    3.2014455e+06   2.084887e+02   0.000000e+00     95s
    7112    3.2014455e+06   1.926149e+02   0.000000e+00    100s
    7472    3.2014456e+06   8.552600e+02   0.000000e+00    105s
    7830    3.2014457e+06   2.106530e+02   0.000000e+00    111s
    8186    3.2014457e+06   3.987417e+01   0.000000e+00    116s
    8546    3.2014458e+06   2.222682e+02   0.000000e+00    121s
    8903    3.2014458e+06   6.506899e+01   0.000000e+00    126s
    9262    3.2014458e+06   3.671795e+01   0.000000e+00    131s
    9617    3.2014459e+06   5.121201e+01   0.000000e+00    136s
    9976    3.2014459e+06   8.610448e+00   0.000000e+00    141s
   10335    3.2014459e+06   5.619608e+01   0.000000e+00    146s
   10400    3.2014459e+06   0.000000e+00   0.000000e+00    147s

Solved in 10400 iterations and 146.91 seconds (229.05 work units)
Optimal objective  3.201445895e+06
Set parameter TimeLimit to value 1.1702403778301086e+04
Set parameter Method to value 1
Gurobi Optimizer version 12.0.3 build v12.0.3rc0 (linux64 - "Ubuntu 24.04.4 LTS")

CPU model: Intel(R) Xeon(R) Silver 4316 CPU @ 2.30GHz, instruction set [SSE2|AVX|AVX2|AVX512]
Thread count: 40 physical cores, 40 logical processors, using up to 1 threads

Non-default parameters:
TimeLimit  1.1702403778301086e+04
Method  1
BarHomogeneous  1
Threads  1

Optimize a model with 785 rows, 245533 columns and 6793920 nonzeros
Coefficient statistics:
  Matrix range     [1e+00, 1e+00]
  Objective range  [1e+05, 5e+05]
  Bounds range     [0e+00, 0e+00]
  RHS range        [1e+00, 1e+00]
LP warm-start: use basis

Iteration    Objective       Primal Inf.    Dual Inf.      Time
       0   -3.0008732e+36   3.317378e+34   3.000873e+06      0s
     382   -5.8027762e+31   5.129182e+33   5.802776e+01      6s
     736   -2.0835745e+31   2.064204e+33   2.083574e+01     10s
    1130   -1.3959881e+31   1.660563e+34   1.395988e+01     15s
    1527   -5.4808740e+30   4.838499e+34   5.480870e+00     21s
    1962   -1.5197913e+30   3.605522e+33   1.519792e+00     26s
    2322   -6.1171708e+29   2.740842e+33   6.117174e-01     31s
    2681   -1.5467815e+29   8.728736e+32   1.546785e-01     36s
    3018    3.3743448e+23   5.249865e+32   1.727533e-03     40s
    3377    3.2014444e+06   8.988182e+02   0.000000e+00     45s
    3855    3.2014446e+06   3.432050e+02   0.000000e+00     51s
    4209    3.2014449e+06   3.748979e+02   0.000000e+00     56s
    4568    3.2014450e+06   8.601326e+02   0.000000e+00     61s
    4923    3.2014451e+06   5.221504e+02   0.000000e+00     66s
    5275    3.2014452e+06   7.463122e+02   0.000000e+00     71s
    5635    3.2014453e+06   2.624852e+02   0.000000e+00     75s
    5993    3.2014454e+06   6.864451e+02   0.000000e+00     80s
    6351    3.2014455e+06   1.735706e+02   0.000000e+00     85s
    6823    3.2014456e+06   3.940028e+03   0.000000e+00     91s
    7179    3.2014456e+06   1.810516e+02   0.000000e+00     96s
    7532    3.2014457e+06   2.488377e+02   0.000000e+00    101s
    7891    3.2014457e+06   5.894661e+02   0.000000e+00    105s
    8247    3.2014457e+06   4.154935e+02   0.000000e+00    110s
    8722    3.2014458e+06   5.581514e+01   0.000000e+00    117s
    9081    3.2014458e+06   5.480790e+01   0.000000e+00    121s
    9436    3.2014458e+06   2.671595e+02   0.000000e+00    126s
    9793    3.2014458e+06   8.283235e+01   0.000000e+00    131s
   10149    3.2014459e+06   2.851008e+01   0.000000e+00    135s
   10508    3.2014459e+06   1.139860e+01   0.000000e+00    140s
   10867    3.2014459e+06   6.902216e+00   0.000000e+00    145s
   11194    3.2014459e+06   0.000000e+00   0.000000e+00    149s

Solved in 11194 iterations and 149.46 seconds (248.14 work units)
Optimal objective  3.201445895e+06
Set parameter TimeLimit to value 1.1531012127255555e+04
Set parameter Method to value 1
Gurobi Optimizer version 12.0.3 build v12.0.3rc0 (linux64 - "Ubuntu 24.04.4 LTS")

CPU model: Intel(R) Xeon(R) Silver 4316 CPU @ 2.30GHz, instruction set [SSE2|AVX|AVX2|AVX512]
Thread count: 40 physical cores, 40 logical processors, using up to 1 threads

Non-default parameters:
TimeLimit  1.1531012127255555e+04
Method  1
BarHomogeneous  1
Threads  1

Optimize a model with 785 rows, 245563 columns and 6794960 nonzeros
Coefficient statistics:
  Matrix range     [1e+00, 1e+00]
  Objective range  [1e+05, 5e+05]
  Bounds range     [0e+00, 0e+00]
  RHS range        [1e+00, 1e+00]
LP warm-start: use basis

Iteration    Objective       Primal Inf.    Dual Inf.      Time
       0   -1.9310093e+33   1.635656e+35   1.931009e+03      0s
     446    3.2014459e+06   1.357144e+02   0.000000e+00      6s
     801    3.2014459e+06   5.515840e+01   0.000000e+00     11s
    1159    3.2014459e+06   4.370439e+00   0.000000e+00     16s
    1394    3.2014459e+06   0.000000e+00   0.000000e+00     19s

Solved in 1394 iterations and 18.95 seconds (30.81 work units)
Optimal objective  3.201445895e+06
Set parameter TimeLimit to value 1.1491782403589692e+04
Set parameter Method to value 1
Gurobi Optimizer version 12.0.3 build v12.0.3rc0 (linux64 - "Ubuntu 24.04.4 LTS")

CPU model: Intel(R) Xeon(R) Silver 4316 CPU @ 2.30GHz, instruction set [SSE2|AVX|AVX2|AVX512]
Thread count: 40 physical cores, 40 logical processors, using up to 1 threads

Non-default parameters:
TimeLimit  1.1491782403589692e+04
Method  1
BarHomogeneous  1
Threads  1

Optimize a model with 785 rows, 245593 columns and 6795914 nonzeros
Coefficient statistics:
  Matrix range     [1e+00, 1e+00]
  Objective range  [1e+05, 5e+05]
  Bounds range     [0e+00, 0e+00]
  RHS range        [1e+00, 1e+00]
LP warm-start: use basis

Iteration    Objective       Primal Inf.    Dual Inf.      Time
       0   -2.0796697e+33   1.645763e+35   2.079670e+03      0s
     394   -6.0048085e+30   1.175291e+33   6.004808e+00      5s
     794   -5.2484425e+29   7.391382e+33   5.248441e-01     10s
    1232    3.2014454e+06   1.230344e+03   0.000000e+00     16s
    1592    3.2014456e+06   4.642809e+02   0.000000e+00     20s
    1950    3.2014457e+06   1.582080e+02   0.000000e+00     25s
    2426    3.2014458e+06   2.951087e+02   0.000000e+00     31s
    2784    3.2014458e+06   1.168851e+02   0.000000e+00     36s
    3143    3.2014458e+06   6.601686e+01   0.000000e+00     41s
    3500    3.2014459e+06   4.304229e+01   0.000000e+00     45s
    3976    3.2014459e+06   3.353320e+01   0.000000e+00     52s
    4334    3.2014459e+06   1.480661e+01   0.000000e+00     56s
    4666    3.2014459e+06   0.000000e+00   0.000000e+00     60s

Solved in 4666 iterations and 60.45 seconds (102.22 work units)
Optimal objective  3.201445895e+06
Set parameter TimeLimit to value 1.1409190564139280e+04
Set parameter Method to value 1
Gurobi Optimizer version 12.0.3 build v12.0.3rc0 (linux64 - "Ubuntu 24.04.4 LTS")

CPU model: Intel(R) Xeon(R) Silver 4316 CPU @ 2.30GHz, instruction set [SSE2|AVX|AVX2|AVX512]
Thread count: 40 physical cores, 40 logical processors, using up to 1 threads

Non-default parameters:
TimeLimit  1.1409190564139280e+04
Method  1
BarHomogeneous  1
Threads  1

Optimize a model with 785 rows, 245623 columns and 6796918 nonzeros
Coefficient statistics:
  Matrix range     [1e+00, 1e+00]
  Objective range  [1e+05, 5e+05]
  Bounds range     [0e+00, 0e+00]
  RHS range        [1e+00, 1e+00]
LP warm-start: use basis

Iteration    Objective       Primal Inf.    Dual Inf.      Time
       0   -2.2259015e+33   3.731620e+34   2.225902e+03      0s
     404   -7.3844442e+30   9.386463e+33   7.384444e+00      5s
     763   -1.6986829e+30   1.218165e+33   1.698683e+00     10s
    1237   -1.5455882e+29   1.066548e+33   1.545588e-01     16s
    1595    3.2014451e+06   1.678704e+03   0.000000e+00     21s
    1951    3.2014453e+06   2.667123e+02   0.000000e+00     26s
    2309    3.2014454e+06   2.251962e+02   0.000000e+00     30s
    2666    3.2014455e+06   1.205328e+02   0.000000e+00     35s
    3145    3.2014456e+06   2.412126e+02   0.000000e+00     41s
    3501    3.2014457e+06   9.612777e+01   0.000000e+00     46s
    3856    3.2014457e+06   5.809587e+01   0.000000e+00     51s
    4213    3.2014457e+06   3.024962e+02   0.000000e+00     55s
    4566    3.2014458e+06   6.263286e+01   0.000000e+00     60s
    5043    3.2014458e+06   5.045127e+01   0.000000e+00     66s
    5398    3.2014458e+06   3.457694e+01   0.000000e+00     71s
    5754    3.2014458e+06   4.531676e+01   0.000000e+00     76s
    6112    3.2014459e+06   2.426196e+01   0.000000e+00     80s
    6469    3.2014459e+06   2.361996e+02   0.000000e+00     85s
    6948    3.2014459e+06   1.061530e+02   0.000000e+00     91s
    7308    3.2014459e+06   7.717155e-02   0.000000e+00     96s
    7320    3.2014459e+06   0.000000e+00   0.000000e+00     96s

Solved in 7320 iterations and 96.26 seconds (161.22 work units)
Optimal objective  3.201445895e+06
Set parameter TimeLimit to value 1.1290765756616369e+04
Set parameter Method to value 1
Gurobi Optimizer version 12.0.3 build v12.0.3rc0 (linux64 - "Ubuntu 24.04.4 LTS")

CPU model: Intel(R) Xeon(R) Silver 4316 CPU @ 2.30GHz, instruction set [SSE2|AVX|AVX2|AVX512]
Thread count: 40 physical cores, 40 logical processors, using up to 1 threads

Non-default parameters:
TimeLimit  1.1290765756616369e+04
Method  1
BarHomogeneous  1
Threads  1

Optimize a model with 785 rows, 245653 columns and 6797992 nonzeros
Coefficient statistics:
  Matrix range     [1e+00, 1e+00]
  Objective range  [1e+05, 5e+05]
  Bounds range     [0e+00, 0e+00]
  RHS range        [1e+00, 1e+00]
LP warm-start: use basis

Iteration    Objective       Primal Inf.    Dual Inf.      Time
       0   -2.4266710e+33   7.975046e+34   2.426671e+03      0s
     348   -1.2126951e+32   5.898723e+33   1.212695e+02      5s
     743   -3.3738380e+31   4.009999e+33   3.373838e+01     10s
    1136   -2.2851201e+31   1.600984e+34   2.285120e+01     16s
    1533   -1.3866183e+31   4.569866e+34   1.386618e+01     21s
    1970   -7.6145251e+30   1.110156e+34   7.614525e+00     26s
    2329   -3.9948700e+30   4.904603e+33   3.994870e+00     31s
    2689   -1.9429210e+30   6.781862e+33   1.942921e+00     36s
    3049   -7.3112102e+29   2.255811e+33   7.311211e-01     40s
    3529   -5.8476839e+28   4.921820e+32   5.847683e-02     46s
    3897    3.2014423e+06   2.900627e+03   0.000000e+00     51s
    4256    3.2014431e+06   2.262689e+03   0.000000e+00     56s
    4612    3.2014438e+06   1.863554e+03   0.000000e+00     60s
    5086    3.2014442e+06   8.549410e+02   0.000000e+00     67s
    5439    3.2014444e+06   1.049208e+03   0.000000e+00     71s
    5794    3.2014446e+06   9.721560e+02   0.000000e+00     76s
    6151    3.2014448e+06   1.182919e+03   0.000000e+00     81s
    6503    3.2014450e+06   4.336796e+02   0.000000e+00     85s
    6975    3.2014451e+06   1.086688e+03   0.000000e+00     91s
    7333    3.2014452e+06   4.930314e+02   0.000000e+00     96s
    7688    3.2014453e+06   2.108501e+02   0.000000e+00    101s
    8044    3.2014453e+06   8.926042e+02   0.000000e+00    105s
    8401    3.2014454e+06   7.994587e+01   0.000000e+00    110s
    8876    3.2014455e+06   8.267692e+01   0.000000e+00    117s
    9234    3.2014455e+06   2.455222e+02   0.000000e+00    121s
    9590    3.2014456e+06   1.361746e+02   0.000000e+00    126s
    9947    3.2014456e+06   1.672358e+02   0.000000e+00    131s
   10298    3.2014456e+06   2.866580e+02   0.000000e+00    135s
   10655    3.2014457e+06   1.608471e+02   0.000000e+00    140s
   11011    3.2014457e+06   9.689711e+01   0.000000e+00    145s
   11482    3.2014458e+06   9.860227e+01   0.000000e+00    151s
   11840    3.2014458e+06   1.381877e+02   0.000000e+00    156s
   12196    3.2014458e+06   1.482715e+02   0.000000e+00    161s
   12556    3.2014458e+06   4.782540e+01   0.000000e+00    166s
   12915    3.2014459e+06   6.049687e+01   0.000000e+00    170s
   13275    3.2014459e+06   2.317611e+01   0.000000e+00    175s
   13755    3.2014459e+06   5.134917e+00   0.000000e+00    181s
   14028    3.2014459e+06   0.000000e+00   0.000000e+00    185s

Solved in 14028 iterations and 185.04 seconds (311.40 work units)
Optimal objective  3.201445895e+06
Set parameter TimeLimit to value 1.1083599030592013e+04
Set parameter Method to value 1
Gurobi Optimizer version 12.0.3 build v12.0.3rc0 (linux64 - "Ubuntu 24.04.4 LTS")

CPU model: Intel(R) Xeon(R) Silver 4316 CPU @ 2.30GHz, instruction set [SSE2|AVX|AVX2|AVX512]
Thread count: 40 physical cores, 40 logical processors, using up to 1 threads

Non-default parameters:
TimeLimit  1.1083599030592013e+04
Method  1
BarHomogeneous  1
Threads  1

Optimize a model with 785 rows, 245683 columns and 6798925 nonzeros
Coefficient statistics:
  Matrix range     [1e+00, 1e+00]
  Objective range  [1e+05, 5e+05]
  Bounds range     [0e+00, 0e+00]
  RHS range        [1e+00, 1e+00]
LP warm-start: use basis

Iteration    Objective       Primal Inf.    Dual Inf.      Time
       0   -1.6412376e+33   5.604336e+34   1.641238e+03      0s
     346   -3.4269384e+32   1.191627e+34   3.426938e+02      5s
     739   -1.2677219e+32   6.524168e+33   1.267722e+02     10s
    1130   -8.6974471e+31   3.860218e+34   8.697447e+01     16s
    1524   -7.0386886e+31   3.674032e+35   7.038688e+01     21s
    1916   -5.1554453e+31   1.330779e+35   5.155444e+01     26s
    2232   -3.7002091e+31   2.265543e+34   3.700209e+01     30s
    2631   -2.4310002e+31   2.885960e+34   2.431000e+01     35s
    3105   -1.3610598e+31   8.818696e+33   1.361060e+01     41s
    3464   -9.6221019e+30   9.554325e+33   9.622102e+00     46s
    3821   -5.9282597e+30   9.027487e+33   5.928260e+00     51s
    4179   -3.8762412e+30   8.283545e+33   3.876241e+00     55s
    4537   -1.6311873e+30   9.042461e+32   1.631187e+00     60s
    5017   -3.6094161e+29   1.888745e+33   3.609417e-01     66s
    5373   -5.5961761e+28   1.214857e+33   5.596177e-02     71s
    5733    3.2014409e+06   3.125348e+03   0.000000e+00     76s
    6093    3.2014419e+06   1.188418e+03   0.000000e+00     80s
    6566    3.2014428e+06   2.442053e+03   0.000000e+00     86s
    6922    3.2014431e+06   6.462968e+02   0.000000e+00     91s
    7280    3.2014435e+06   1.567507e+03   0.000000e+00     96s
    7637    3.2014438e+06   2.793925e+03   0.000000e+00    100s
    8116    3.2014440e+06   5.401511e+02   0.000000e+00    106s
    8476    3.2014442e+06   4.517055e+02   0.000000e+00    111s
    8835    3.2014443e+06   9.720502e+02   0.000000e+00    116s
    9194    3.2014444e+06   6.503175e+02   0.000000e+00    121s
    9554    3.2014445e+06   9.884079e+02   0.000000e+00    125s
   10029    3.2014445e+06   1.061288e+03   0.000000e+00    131s
   10384    3.2014446e+06   3.688694e+02   0.000000e+00    136s
   10740    3.2014447e+06   1.874499e+02   0.000000e+00    141s
   11098    3.2014447e+06   1.545068e+02   0.000000e+00    145s
   11456    3.2014448e+06   9.885128e+02   0.000000e+00    150s
   11934    3.2014449e+06   3.354432e+02   0.000000e+00    156s
   12288    3.2014449e+06   8.209221e+02   0.000000e+00    161s
   12646    3.2014449e+06   2.777126e+02   0.000000e+00    165s
   13004    3.2014450e+06   1.941242e+02   0.000000e+00    170s
   13480    3.2014450e+06   2.671986e+02   0.000000e+00    176s
   13836    3.2014450e+06   1.359660e+02   0.000000e+00    181s
   14193    3.2014451e+06   1.813597e+02   0.000000e+00    186s
   14550    3.2014451e+06   3.871216e+02   0.000000e+00    190s
   14910    3.2014452e+06   4.157990e+02   0.000000e+00    195s
   15386    3.2014452e+06   1.293879e+02   0.000000e+00    201s
   15745    3.2014453e+06   2.157593e+02   0.000000e+00    206s
   16101    3.2014453e+06   3.969955e+02   0.000000e+00    211s
   16459    3.2014453e+06   1.971418e+02   0.000000e+00    215s
   16818    3.2014454e+06   3.009723e+02   0.000000e+00    220s
   17295    3.2014454e+06   1.592907e+02   0.000000e+00    226s
   17654    3.2014454e+06   2.763692e+02   0.000000e+00    231s
   18014    3.2014455e+06   6.643326e+02   0.000000e+00    236s
   18373    3.2014455e+06   8.817725e+01   0.000000e+00    240s
   18732    3.2014455e+06   6.502290e+01   0.000000e+00    245s
   19212    3.2014455e+06   2.061744e+02   0.000000e+00    251s
   19569    3.2014455e+06   1.781702e+00   0.000000e+00    256s
   19885    3.2014455e+06   0.000000e+00   0.000000e+00    260s

Solved in 19885 iterations and 260.38 seconds (438.84 work units)
Optimal objective  3.201445505e+06
Set parameter TimeLimit to value 1.0800840232655406e+04
Set parameter Method to value 1
Gurobi Optimizer version 12.0.3 build v12.0.3rc0 (linux64 - "Ubuntu 24.04.4 LTS")

CPU model: Intel(R) Xeon(R) Silver 4316 CPU @ 2.30GHz, instruction set [SSE2|AVX|AVX2|AVX512]
Thread count: 40 physical cores, 40 logical processors, using up to 1 threads

Non-default parameters:
TimeLimit  1.0800840232655406e+04
Method  1
BarHomogeneous  1
Threads  1

Optimize a model with 785 rows, 245713 columns and 6800078 nonzeros
Coefficient statistics:
  Matrix range     [1e+00, 1e+00]
  Objective range  [1e+05, 5e+05]
  Bounds range     [0e+00, 0e+00]
  RHS range        [1e+00, 1e+00]
LP warm-start: use basis

Iteration    Objective       Primal Inf.    Dual Inf.      Time
       0   -1.1283768e+33   3.951487e+34   1.128377e+03      0s
     390   -1.1702301e+31   2.428123e+33   1.170230e+01      6s
     749   -3.6534119e+30   1.488154e+33   3.653412e+00     10s
    1221   -1.2199947e+30   1.564495e+33   1.219995e+00     16s
    1579   -2.4485384e+29   2.449828e+33   2.448539e-01     21s
    1936    3.2014409e+06   1.997509e+03   0.000000e+00     26s
    2294    3.2014440e+06   1.227125e+03   0.000000e+00     30s
    2766    3.2014444e+06   8.844924e+02   0.000000e+00     36s
    3125    3.2014445e+06   1.867616e+02   0.000000e+00     41s
    3483    3.2014447e+06   9.407456e+02   0.000000e+00     46s
    3839    3.2014448e+06   1.837169e+02   0.000000e+00     50s
    4195    3.2014449e+06   5.332649e+02   0.000000e+00     55s
    4673    3.2014450e+06   3.216529e+02   0.000000e+00     61s
    5029    3.2014450e+06   1.301980e+02   0.000000e+00     66s
    5387    3.2014451e+06   2.713157e+02   0.000000e+00     71s
    5746    3.2014451e+06   8.570713e+02   0.000000e+00     76s
    6105    3.2014451e+06   1.788379e+02   0.000000e+00     80s
    6578    3.2014452e+06   1.824382e+01   0.000000e+00     86s
    6930    3.2014452e+06   1.464775e+02   0.000000e+00     91s
    7287    3.2014452e+06   2.375726e+02   0.000000e+00     96s
    7647    3.2014452e+06   2.567539e+02   0.000000e+00    101s
    8007    3.2014452e+06   1.743930e+02   0.000000e+00    105s
    8485    3.2014452e+06   8.832786e+01   0.000000e+00    111s
    8843    3.2014452e+06   6.245437e+01   0.000000e+00    116s
    9203    3.2014452e+06   1.787222e+00   0.000000e+00    121s
    9561    3.2014452e+06   6.828465e+00   0.000000e+00    126s
    9685    3.2014452e+06   0.000000e+00   0.000000e+00    127s

Solved in 9685 iterations and 127.26 seconds (213.79 work units)
Optimal objective  3.201445246e+06
Set parameter TimeLimit to value 1.0651323002461344e+04
Set parameter Method to value 1
Gurobi Optimizer version 12.0.3 build v12.0.3rc0 (linux64 - "Ubuntu 24.04.4 LTS")

CPU model: Intel(R) Xeon(R) Silver 4316 CPU @ 2.30GHz, instruction set [SSE2|AVX|AVX2|AVX512]
Thread count: 40 physical cores, 40 logical processors, using up to 1 threads

Non-default parameters:
TimeLimit  1.0651323002461344e+04
Method  1
BarHomogeneous  1
Threads  1

Optimize a model with 785 rows, 245743 columns and 6801178 nonzeros
Coefficient statistics:
  Matrix range     [1e+00, 1e+00]
  Objective range  [1e+05, 5e+05]
  Bounds range     [0e+00, 0e+00]
  RHS range        [1e+00, 1e+00]
LP warm-start: use basis

Iteration    Objective       Primal Inf.    Dual Inf.      Time
       0   -1.2546704e+33   3.715436e+34   1.254670e+03      0s
     347   -1.1761282e+31   2.439430e+33   1.176128e+01      5s
     734   -2.6314774e+30   1.545479e+33   2.631477e+00     10s
    1173   -3.6931836e+29   2.612618e+33   3.693183e-01     16s
    1526   -2.8023885e+28   6.524320e+31   2.802390e-02     21s
    1884    3.2014433e+06   1.627282e+03   0.000000e+00     25s
    2363    3.2014436e+06   5.120665e+02   0.000000e+00     31s
    2721    3.2014438e+06   1.988605e+02   0.000000e+00     36s
    3080    3.2014439e+06   4.274399e+02   0.000000e+00     41s
    3437    3.2014440e+06   5.243605e+02   0.000000e+00     46s
    3796    3.2014441e+06   3.785550e+02   0.000000e+00     50s
    4268    3.2014442e+06   1.820649e+02   0.000000e+00     56s
    4619    3.2014442e+06   2.245899e+02   0.000000e+00     61s
    4973    3.2014443e+06   1.681359e+02   0.000000e+00     66s
    5328    3.2014444e+06   2.733913e+02   0.000000e+00     70s
    5680    3.2014445e+06   1.642807e+02   0.000000e+00     75s
    6159    3.2014446e+06   3.511408e+02   0.000000e+00     81s
    6516    3.2014447e+06   1.584468e+02   0.000000e+00     86s
    6873    3.2014447e+06   3.127919e+02   0.000000e+00     91s
    7232    3.2014448e+06   7.348768e+01   0.000000e+00     96s
    7587    3.2014448e+06   8.068077e+01   0.000000e+00    100s
    8061    3.2014448e+06   3.461344e+01   0.000000e+00    106s
    8418    3.2014449e+06   3.062258e+02   0.000000e+00    111s
    8772    3.2014449e+06   2.014878e+02   0.000000e+00    116s
    9128    3.2014449e+06   3.388938e+01   0.000000e+00    120s
    9483    3.2014449e+06   2.261140e+01   0.000000e+00    125s
    9962    3.2014449e+06   4.913198e-01   0.000000e+00    131s
    9979    3.2014449e+06   0.000000e+00   0.000000e+00    132s

Solved in 9979 iterations and 131.66 seconds (220.85 work units)
Optimal objective  3.201444922e+06
Set parameter TimeLimit to value 1.0496817603957374e+04
Set parameter Method to value 1
Gurobi Optimizer version 12.0.3 build v12.0.3rc0 (linux64 - "Ubuntu 24.04.4 LTS")

CPU model: Intel(R) Xeon(R) Silver 4316 CPU @ 2.30GHz, instruction set [SSE2|AVX|AVX2|AVX512]
Thread count: 40 physical cores, 40 logical processors, using up to 1 threads

Non-default parameters:
TimeLimit  1.0496817603957374e+04
Method  1
BarHomogeneous  1
Threads  1

Optimize a model with 785 rows, 245773 columns and 6802168 nonzeros
Coefficient statistics:
  Matrix range     [1e+00, 1e+00]
  Objective range  [1e+05, 5e+05]
  Bounds range     [0e+00, 0e+00]
  RHS range        [1e+00, 1e+00]
LP warm-start: use basis

Iteration    Objective       Primal Inf.    Dual Inf.      Time
       0   -9.7767857e+32   4.965468e+34   9.776786e+02      0s
     346   -5.1729405e+30   1.629603e+33   5.172941e+00      5s
     710   -9.6623250e+29   9.031171e+32   9.662325e-01     10s
    1102   -5.6589238e+28   1.176967e+33   5.658931e-02     16s
    1457    3.2014438e+06   2.770226e+02   0.000000e+00     21s
    1816    3.2014439e+06   1.720341e+03   0.000000e+00     26s
    2175    3.2014441e+06   2.646671e+02   0.000000e+00     31s
    2535    3.2014443e+06   3.894719e+02   0.000000e+00     36s
    2891    3.2014444e+06   1.056285e+02   0.000000e+00     41s
    3251    3.2014444e+06   9.737864e+01   0.000000e+00     46s
    3608    3.2014444e+06   3.093145e+01   0.000000e+00     51s
    3962    3.2014445e+06   1.663372e+01   0.000000e+00     56s
    4317    3.2014445e+06   2.271105e+01   0.000000e+00     61s
    4505    3.2014445e+06   0.000000e+00   0.000000e+00     64s

Solved in 4505 iterations and 63.91 seconds (99.12 work units)
Optimal objective  3.201444478e+06
Set parameter TimeLimit to value 1.0411126238696743e+04
Set parameter Method to value 1
Gurobi Optimizer version 12.0.3 build v12.0.3rc0 (linux64 - "Ubuntu 24.04.4 LTS")

CPU model: Intel(R) Xeon(R) Silver 4316 CPU @ 2.30GHz, instruction set [SSE2|AVX|AVX2|AVX512]
Thread count: 40 physical cores, 40 logical processors, using up to 1 threads

Non-default parameters:
TimeLimit  1.0411126238696743e+04
Method  1
BarHomogeneous  1
Threads  1

Optimize a model with 785 rows, 245803 columns and 6803435 nonzeros
Coefficient statistics:
  Matrix range     [1e+00, 1e+00]
  Objective range  [1e+05, 5e+05]
  Bounds range     [0e+00, 0e+00]
  RHS range        [1e+00, 1e+00]
LP warm-start: use basis

Iteration    Objective       Primal Inf.    Dual Inf.      Time
       0   -1.2023445e+33   4.287227e+34   1.202344e+03      0s
     347   -5.7738015e+31   3.623091e+33   5.773802e+01      5s
     700   -1.9161246e+31   3.159789e+33   1.916125e+01     10s
    1054   -9.4552897e+30   3.850450e+35   9.455280e+00     15s
    1453   -4.3929290e+30   2.193503e+34   4.392928e+00     21s
    1773   -1.4092176e+30   1.460739e+33   1.409218e+00     25s
    2128   -4.0176167e+29   1.163604e+33   4.017617e-01     30s
    2502    3.2014399e+06   4.711687e+03   0.000000e+00     36s
    2855    3.2014405e+06   2.828233e+03   0.000000e+00     41s
    3209    3.2014411e+06   4.077605e+03   0.000000e+00     46s
    3562    3.2014415e+06   5.848555e+03   0.000000e+00     51s
    3914    3.2014418e+06   2.062216e+02   0.000000e+00     56s
    4261    3.2014420e+06   1.014225e+03   0.000000e+00     61s
    4615    3.2014422e+06   1.714702e+03   0.000000e+00     66s
    4969    3.2014424e+06   9.888512e+02   0.000000e+00     70s
    5323    3.2014426e+06   1.046135e+02   0.000000e+00     75s
    5682    3.2014427e+06   3.155412e+02   0.000000e+00     81s
    6041    3.2014428e+06   1.252829e+02   0.000000e+00     86s
    6389    3.2014429e+06   1.156819e+03   0.000000e+00     91s
    6743    3.2014430e+06   8.485541e+02   0.000000e+00     96s
    7101    3.2014431e+06   1.233769e+03   0.000000e+00    101s
    7453    3.2014432e+06   4.403235e+02   0.000000e+00    106s
    7806    3.2014432e+06   5.864976e+02   0.000000e+00    111s
    8160    3.2014433e+06   1.456680e+02   0.000000e+00    116s
    8509    3.2014433e+06   7.564772e+01   0.000000e+00    121s
    8861    3.2014434e+06   8.955298e+02   0.000000e+00    126s
    9215    3.2014435e+06   1.491256e+02   0.000000e+00    131s
    9569    3.2014435e+06   5.298617e+01   0.000000e+00    136s
    9919    3.2014435e+06   2.180993e+01   0.000000e+00    141s
   10272    3.2014435e+06   3.023385e+01   0.000000e+00    146s
   10629    3.2014435e+06   1.182356e+01   0.000000e+00    151s
   10989    3.2014436e+06   2.026273e+01   0.000000e+00    156s
   11349    3.2014436e+06   3.430567e+00   0.000000e+00    162s
   11445    3.2014436e+06   0.000000e+00   0.000000e+00    163s

Solved in 11445 iterations and 162.99 seconds (254.78 work units)
Optimal objective  3.201443573e+06
Set parameter TimeLimit to value 1.0225597402805928e+04
Set parameter Method to value 1
Gurobi Optimizer version 12.0.3 build v12.0.3rc0 (linux64 - "Ubuntu 24.04.4 LTS")

CPU model: Intel(R) Xeon(R) Silver 4316 CPU @ 2.30GHz, instruction set [SSE2|AVX|AVX2|AVX512]
Thread count: 40 physical cores, 40 logical processors, using up to 1 threads

Non-default parameters:
TimeLimit  1.0225597402805928e+04
Method  1
BarHomogeneous  1
Threads  1

Optimize a model with 785 rows, 245833 columns and 6804429 nonzeros
Coefficient statistics:
  Matrix range     [1e+00, 1e+00]
  Objective range  [1e+05, 5e+05]
  Bounds range     [0e+00, 0e+00]
  RHS range        [1e+00, 1e+00]
LP warm-start: use basis

Iteration    Objective       Primal Inf.    Dual Inf.      Time
       0   -1.0656645e+33   5.377238e+34   1.065665e+03      0s
     350   -2.3659958e+31   2.602252e+33   2.365996e+01      5s
     707   -6.5624887e+30   9.249452e+32   6.562489e+00     10s
    1064   -2.5840260e+30   8.822290e+33   2.584027e+00     15s
    1417   -6.6222088e+29   1.681580e+33   6.622209e-01     20s
    1774   -1.0270276e+29   3.283715e+33   1.027026e-01     25s
    2129    3.2014378e+06   7.769091e+02   0.000000e+00     30s
    2487    3.2014392e+06   3.654488e+03   0.000000e+00     35s
    2846    3.2014400e+06   1.020297e+04   0.000000e+00     40s
    3205    3.2014415e+06   1.277823e+03   0.000000e+00     45s
    3560    3.2014419e+06   7.867559e+02   0.000000e+00     50s
    3915    3.2014421e+06   1.302570e+03   0.000000e+00     55s
    4273    3.2014423e+06   5.053756e+02   0.000000e+00     60s
    4629    3.2014424e+06   1.846384e+03   0.000000e+00     65s
    5102    3.2014426e+06   2.738603e+02   0.000000e+00     72s
    5455    3.2014427e+06   4.139077e+02   0.000000e+00     77s
    5810    3.2014428e+06   2.273091e+02   0.000000e+00     82s
    6168    3.2014428e+06   2.804500e+01   0.000000e+00     87s
    6524    3.2014428e+06   3.207256e+01   0.000000e+00     91s
    6879    3.2014428e+06   1.346173e+02   0.000000e+00     96s
    7230    3.2014429e+06   6.270965e+00   0.000000e+00    101s
    7584    3.2014429e+06   8.738103e-01   0.000000e+00    106s
    7680    3.2014429e+06   0.000000e+00   0.000000e+00    107s

Solved in 7680 iterations and 107.49 seconds (169.98 work units)
Optimal objective  3.201442873e+06
Set parameter TimeLimit to value 1.0097020628315397e+04
Set parameter Method to value 1
Gurobi Optimizer version 12.0.3 build v12.0.3rc0 (linux64 - "Ubuntu 24.04.4 LTS")

CPU model: Intel(R) Xeon(R) Silver 4316 CPU @ 2.30GHz, instruction set [SSE2|AVX|AVX2|AVX512]
Thread count: 40 physical cores, 40 logical processors, using up to 1 threads

Non-default parameters:
TimeLimit  1.0097020628315397e+04
Method  1
BarHomogeneous  1
Threads  1

Optimize a model with 785 rows, 245863 columns and 6805233 nonzeros
Coefficient statistics:
  Matrix range     [1e+00, 1e+00]
  Objective range  [1e+05, 5e+05]
  Bounds range     [0e+00, 0e+00]
  RHS range        [1e+00, 1e+00]
LP warm-start: use basis

Iteration    Objective       Primal Inf.    Dual Inf.      Time
       0   -1.6386412e+33   2.128378e+35   1.638641e+03      0s
     430   -2.5260000e+29   2.731067e+32   2.526000e-01      5s
     827    3.2014388e+06   8.406622e+02   0.000000e+00     10s
    1302    3.2014398e+06   5.041112e+02   0.000000e+00     16s
    1661    3.2014404e+06   1.179089e+03   0.000000e+00     21s
    2137    3.2014408e+06   9.532051e+02   0.000000e+00     26s
    2495    3.2014411e+06   4.487997e+02   0.000000e+00     31s
    2847    3.2014412e+06   1.150216e+02   0.000000e+00     35s
    3321    3.2014414e+06   1.018071e+03   0.000000e+00     41s
    3674    3.2014414e+06   1.901173e+02   0.000000e+00     45s
    4146    3.2014415e+06   9.731817e+01   0.000000e+00     51s
    4496    3.2014415e+06   3.160532e+01   0.000000e+00     56s
    4960    3.2014416e+06   6.813169e+01   0.000000e+00     61s
    5314    3.2014416e+06   3.414484e+00   0.000000e+00     66s
    5507    3.2014416e+06   0.000000e+00   0.000000e+00     68s

Solved in 5507 iterations and 67.98 seconds (121.58 work units)
Optimal objective  3.201441572e+06
Set parameter TimeLimit to value 1.0008286338227801e+04
Set parameter Method to value 1
Gurobi Optimizer version 12.0.3 build v12.0.3rc0 (linux64 - "Ubuntu 24.04.4 LTS")

CPU model: Intel(R) Xeon(R) Silver 4316 CPU @ 2.30GHz, instruction set [SSE2|AVX|AVX2|AVX512]
Thread count: 40 physical cores, 40 logical processors, using up to 1 threads

Non-default parameters:
TimeLimit  1.0008286338227801e+04
Method  1
BarHomogeneous  1
Threads  1

Optimize a model with 785 rows, 245893 columns and 6806407 nonzeros
Coefficient statistics:
  Matrix range     [1e+00, 1e+00]
  Objective range  [1e+05, 5e+05]
  Bounds range     [0e+00, 0e+00]
  RHS range        [1e+00, 1e+00]
LP warm-start: use basis

Iteration    Objective       Primal Inf.    Dual Inf.      Time
       0   -1.0548602e+33   7.836323e+34   1.054860e+03      0s
     387   -4.6615420e+30   9.865851e+32   4.661542e+00      5s
     903   -2.1155561e+29   1.127287e+33   2.115556e-01     11s
    1250    3.2014397e+06   1.558130e+03   0.000000e+00     15s
    1726    3.2014406e+06   2.940465e+03   0.000000e+00     21s
    2081    3.2014407e+06   1.123376e+03   0.000000e+00     26s
    2556    3.2014409e+06   6.489332e+02   0.000000e+00     31s
    2911    3.2014409e+06   1.603096e+02   0.000000e+00     36s
    3375    3.2014410e+06   1.490611e+02   0.000000e+00     41s
    3723    3.2014411e+06   3.637489e+01   0.000000e+00     46s
    4188    3.2014411e+06   3.928515e+01   0.000000e+00     51s
    4541    3.2014411e+06   1.107956e+01   0.000000e+00     56s
    5016    3.2014411e+06   1.008852e-01   0.000000e+00     61s
    5055    3.2014411e+06   0.000000e+00   0.000000e+00     62s

Solved in 5055 iterations and 61.88 seconds (111.99 work units)
Optimal objective  3.201441141e+06
Set parameter TimeLimit to value 9.9255493237390183e+03
Set parameter Method to value 1
Gurobi Optimizer version 12.0.3 build v12.0.3rc0 (linux64 - "Ubuntu 24.04.4 LTS")

CPU model: Intel(R) Xeon(R) Silver 4316 CPU @ 2.30GHz, instruction set [SSE2|AVX|AVX2|AVX512]
Thread count: 40 physical cores, 40 logical processors, using up to 1 threads

Non-default parameters:
TimeLimit  9.9255493237390183e+03
Method  1
BarHomogeneous  1
Threads  1

Optimize a model with 785 rows, 245923 columns and 6807444 nonzeros
Coefficient statistics:
  Matrix range     [1e+00, 1e+00]
  Objective range  [1e+05, 5e+05]
  Bounds range     [0e+00, 0e+00]
  RHS range        [1e+00, 1e+00]
LP warm-start: use basis

Iteration    Objective       Primal Inf.    Dual Inf.      Time
       0   -7.2136423e+32   2.218261e+34   7.213642e+02      0s
     431   -4.0360705e+30   1.410622e+33   4.036071e+00      5s
     898   -1.4414743e+29   4.504294e+32   1.441474e-01     11s
    1249    3.2014379e+06   1.220313e+03   0.000000e+00     15s
    1723    3.2014386e+06   1.081502e+03   0.000000e+00     21s
    2074    3.2014388e+06   2.921544e+02   0.000000e+00     25s
    2550    3.2014390e+06   6.486668e+02   0.000000e+00     31s
    2902    3.2014391e+06   1.671674e+02   0.000000e+00     35s
    3374    3.2014392e+06   1.983800e+02   0.000000e+00     41s
    3727    3.2014393e+06   1.113966e+02   0.000000e+00     45s
    4198    3.2014393e+06   5.676722e+00   0.000000e+00     51s
    4547    3.2014393e+06   0.000000e+00   0.000000e+00     55s

Solved in 4547 iterations and 55.21 seconds (99.80 work units)
Optimal objective  3.201439319e+06
Set parameter TimeLimit to value 9.8495248139533214e+03
Set parameter Method to value 1
Gurobi Optimizer version 12.0.3 build v12.0.3rc0 (linux64 - "Ubuntu 24.04.4 LTS")

CPU model: Intel(R) Xeon(R) Silver 4316 CPU @ 2.30GHz, instruction set [SSE2|AVX|AVX2|AVX512]
Thread count: 40 physical cores, 40 logical processors, using up to 1 threads

Non-default parameters:
TimeLimit  9.8495248139533214e+03
Method  1
BarHomogeneous  1
Threads  1

Optimize a model with 785 rows, 245953 columns and 6808453 nonzeros
Coefficient statistics:
  Matrix range     [1e+00, 1e+00]
  Objective range  [1e+05, 5e+05]
  Bounds range     [0e+00, 0e+00]
  RHS range        [1e+00, 1e+00]
LP warm-start: use basis

Iteration    Objective       Primal Inf.    Dual Inf.      Time
       0   -8.6176198e+32   5.295619e+34   8.617620e+02      0s
     385   -3.4026945e+30   2.180128e+33   3.402695e+00      5s
     740   -4.8498569e+29   1.709633e+33   4.849857e-01     10s
    1217    3.2014372e+06   2.321532e+03   0.000000e+00     16s
    1576    3.2014379e+06   5.941708e+02   0.000000e+00     20s
    2047    3.2014381e+06   6.657384e+01   0.000000e+00     26s
    2399    3.2014382e+06   1.560443e+02   0.000000e+00     31s
    2749    3.2014383e+06   3.613812e+01   0.000000e+00     35s
    3212    3.2014383e+06   2.075306e+01   0.000000e+00     41s
    3560    3.2014383e+06   8.713308e+00   0.000000e+00     45s
    3731    3.2014383e+06   0.000000e+00   0.000000e+00     47s

Solved in 3731 iterations and 47.34 seconds (82.57 work units)
Optimal objective  3.201438334e+06
Set parameter TimeLimit to value 9.7811115261418745e+03
Set parameter Method to value 1
Gurobi Optimizer version 12.0.3 build v12.0.3rc0 (linux64 - "Ubuntu 24.04.4 LTS")

CPU model: Intel(R) Xeon(R) Silver 4316 CPU @ 2.30GHz, instruction set [SSE2|AVX|AVX2|AVX512]
Thread count: 40 physical cores, 40 logical processors, using up to 1 threads

Non-default parameters:
TimeLimit  9.7811115261418745e+03
Method  1
BarHomogeneous  1
Threads  1

Optimize a model with 785 rows, 245983 columns and 6809569 nonzeros
Coefficient statistics:
  Matrix range     [1e+00, 1e+00]
  Objective range  [1e+05, 5e+05]
  Bounds range     [0e+00, 0e+00]
  RHS range        [1e+00, 1e+00]
LP warm-start: use basis

Iteration    Objective       Primal Inf.    Dual Inf.      Time
       0   -1.0636683e+33   8.248409e+34   1.063668e+03      0s
     379    3.2014383e+06   2.032836e+00   0.000000e+00      5s
     576    3.2014383e+06   0.000000e+00   0.000000e+00      8s

Solved in 576 iterations and 7.54 seconds (12.98 work units)
Optimal objective  3.201438334e+06
Set parameter TimeLimit to value 9755.5026449929
Set parameter Method to value 1
Gurobi Optimizer version 12.0.3 build v12.0.3rc0 (linux64 - "Ubuntu 24.04.4 LTS")

CPU model: Intel(R) Xeon(R) Silver 4316 CPU @ 2.30GHz, instruction set [SSE2|AVX|AVX2|AVX512]
Thread count: 40 physical cores, 40 logical processors, using up to 1 threads

Non-default parameters:
TimeLimit  9755.5026449929
Method  1
BarHomogeneous  1
Threads  1

Optimize a model with 785 rows, 246013 columns and 6810625 nonzeros
Coefficient statistics:
  Matrix range     [1e+00, 1e+00]
  Objective range  [1e+05, 5e+05]
  Bounds range     [0e+00, 0e+00]
  RHS range        [1e+00, 1e+00]
LP warm-start: use basis

Iteration    Objective       Primal Inf.    Dual Inf.      Time
       0   -1.0602138e+33   9.492597e+34   1.060214e+03      0s
     371   -1.9619906e+31   2.811229e+33   1.961991e+01      5s
     794   -4.6897503e+30   3.117919e+33   4.689750e+00     10s
    1221   -8.6379395e+29   2.581019e+33   8.637940e-01     16s
    1695    3.2014343e+06   1.272536e+03   0.000000e+00     21s
    2048    3.2014355e+06   3.324042e+02   0.000000e+00     26s
    2397    3.2014358e+06   3.978477e+02   0.000000e+00     30s
    2867    3.2014363e+06   2.565759e+02   0.000000e+00     36s
    3222    3.2014367e+06   1.048889e+03   0.000000e+00     40s
    3693    3.2014369e+06   1.016278e+02   0.000000e+00     46s
    4041    3.2014370e+06   1.365332e+02   0.000000e+00     50s
    4510    3.2014372e+06   7.116565e+01   0.000000e+00     56s
    4865    3.2014372e+06   1.181494e+03   0.000000e+00     61s
    5330    3.2014373e+06   1.962249e+01   0.000000e+00     66s
    5679    3.2014373e+06   3.457924e+01   0.000000e+00     71s
    6032    3.2014374e+06   1.315113e+02   0.000000e+00     75s
    6500    3.2014374e+06   4.521625e+01   0.000000e+00     81s
    6683    3.2014374e+06   0.000000e+00   0.000000e+00     83s

Solved in 6683 iterations and 83.23 seconds (148.12 work units)
Optimal objective  3.201437392e+06
Set parameter TimeLimit to value 9.6514856763011776e+03
Set parameter Method to value 1
Gurobi Optimizer version 12.0.3 build v12.0.3rc0 (linux64 - "Ubuntu 24.04.4 LTS")

CPU model: Intel(R) Xeon(R) Silver 4316 CPU @ 2.30GHz, instruction set [SSE2|AVX|AVX2|AVX512]
Thread count: 40 physical cores, 40 logical processors, using up to 1 threads

Non-default parameters:
TimeLimit  9.6514856763011776e+03
Method  1
BarHomogeneous  1
Threads  1

Optimize a model with 785 rows, 246043 columns and 6811684 nonzeros
Coefficient statistics:
  Matrix range     [1e+00, 1e+00]
  Objective range  [1e+05, 5e+05]
  Bounds range     [0e+00, 0e+00]
  RHS range        [1e+00, 1e+00]
LP warm-start: use basis

Iteration    Objective       Primal Inf.    Dual Inf.      Time
       0   -1.1360294e+33   7.864532e+34   1.136029e+03      0s
     384   -1.9540611e+31   1.734068e+33   1.954061e+01      5s
     781   -4.7138482e+30   1.379540e+33   4.713848e+00     10s
    1174   -9.1727500e+29   4.205960e+34   9.172747e-01     15s
    1640    3.2014304e+06   2.303480e+03   0.000000e+00     21s
    1993    3.2014317e+06   3.727496e+03   0.000000e+00     25s
    2470    3.2014341e+06   8.280942e+03   0.000000e+00     31s
    2823    3.2014345e+06   1.710319e+03   0.000000e+00     36s
    3292    3.2014349e+06   2.034086e+02   0.000000e+00     41s
    3647    3.2014351e+06   1.516032e+03   0.000000e+00     46s
    4000    3.2014353e+06   3.839376e+02   0.000000e+00     50s
    4470    3.2014355e+06   4.470285e+02   0.000000e+00     56s
    4815    3.2014356e+06   1.016659e+03   0.000000e+00     61s
    5271    3.2014357e+06   3.533508e+02   0.000000e+00     66s
    5621    3.2014358e+06   1.922049e+02   0.000000e+00     71s
    5972    3.2014359e+06   2.302873e+02   0.000000e+00     75s
    6438    3.2014359e+06   2.596934e+01   0.000000e+00     81s
    6792    3.2014359e+06   1.225273e+01   0.000000e+00     86s
    7265    3.2014360e+06   4.215117e-01   0.000000e+00     91s
    7357    3.2014360e+06   0.000000e+00   0.000000e+00     93s

Solved in 7357 iterations and 92.69 seconds (164.85 work units)
Optimal objective  3.201435961e+06
Set parameter TimeLimit to value 9.5380909767113626e+03
Set parameter Method to value 1
Gurobi Optimizer version 12.0.3 build v12.0.3rc0 (linux64 - "Ubuntu 24.04.4 LTS")

CPU model: Intel(R) Xeon(R) Silver 4316 CPU @ 2.30GHz, instruction set [SSE2|AVX|AVX2|AVX512]
Thread count: 40 physical cores, 40 logical processors, using up to 1 threads

Non-default parameters:
TimeLimit  9.5380909767113626e+03
Method  1
BarHomogeneous  1
Threads  1

Optimize a model with 785 rows, 246073 columns and 6812663 nonzeros
Coefficient statistics:
  Matrix range     [1e+00, 1e+00]
  Objective range  [1e+05, 5e+05]
  Bounds range     [0e+00, 0e+00]
  RHS range        [1e+00, 1e+00]
LP warm-start: use basis

Iteration    Objective       Primal Inf.    Dual Inf.      Time
       0   -8.1819299e+32   8.664898e+34   8.181930e+02      0s
     385   -2.4035853e+31   1.558095e+33   2.403585e+01      5s
     780   -6.6994084e+30   1.591975e+33   6.699408e+00     10s
    1215   -2.7243366e+30   3.215752e+34   2.724337e+00     16s
    1570   -8.7103254e+29   1.977264e+33   8.710324e-01     20s
    2047    3.2014296e+06   3.359931e+04   0.000000e+00     26s
    2406    3.2014327e+06   9.290337e+03   0.000000e+00     30s
    2884    3.2014334e+06   3.497706e+02   0.000000e+00     36s
    3242    3.2014337e+06   3.353984e+02   0.000000e+00     41s
    3599    3.2014339e+06   1.185597e+03   0.000000e+00     45s
    4077    3.2014343e+06   1.584366e+03   0.000000e+00     51s
    4434    3.2014345e+06   1.200181e+02   0.000000e+00     56s
    4793    3.2014347e+06   1.235003e+02   0.000000e+00     60s
    5268    3.2014348e+06   3.063338e+02   0.000000e+00     66s
    5626    3.2014349e+06   4.437503e+02   0.000000e+00     70s
    6098    3.2014350e+06   4.054397e+01   0.000000e+00     76s
    6453    3.2014351e+06   2.453578e+02   0.000000e+00     81s
    6800    3.2014351e+06   1.188246e+02   0.000000e+00     85s
    7274    3.2014352e+06   8.033475e+00   0.000000e+00     91s
    7628    3.2014352e+06   1.183596e+00   0.000000e+00     96s
    7795    3.2014352e+06   0.000000e+00   0.000000e+00     98s

Solved in 7795 iterations and 97.82 seconds (172.75 work units)
Optimal objective  3.201435173e+06
Set parameter TimeLimit to value 9.4189997915639542e+03
Set parameter Method to value 1
Gurobi Optimizer version 12.0.3 build v12.0.3rc0 (linux64 - "Ubuntu 24.04.4 LTS")

CPU model: Intel(R) Xeon(R) Silver 4316 CPU @ 2.30GHz, instruction set [SSE2|AVX|AVX2|AVX512]
Thread count: 40 physical cores, 40 logical processors, using up to 1 threads

Non-default parameters:
TimeLimit  9.4189997915639542e+03
Method  1
BarHomogeneous  1
Threads  1

Optimize a model with 785 rows, 246103 columns and 6813714 nonzeros
Coefficient statistics:
  Matrix range     [1e+00, 1e+00]
  Objective range  [1e+05, 5e+05]
  Bounds range     [0e+00, 0e+00]
  RHS range        [1e+00, 1e+00]
LP warm-start: use basis

Iteration    Objective       Primal Inf.    Dual Inf.      Time
       0   -7.0863309e+32   6.135668e+34   7.086331e+02      0s
     386   -1.7322495e+31   1.957919e+33   1.732249e+01      5s
     778   -3.8663459e+30   1.457254e+33   3.866346e+00     10s
    1248   -5.6721127e+29   3.553288e+33   5.672112e-01     16s
    1605    3.2014320e+06   9.227018e+02   0.000000e+00     20s
    2077    3.2014331e+06   3.679069e+02   0.000000e+00     26s
    2426    3.2014338e+06   1.074177e+03   0.000000e+00     31s
    2784    3.2014340e+06   1.733814e+03   0.000000e+00     35s
    3245    3.2014342e+06   3.812767e+02   0.000000e+00     41s
    3597    3.2014343e+06   2.844634e+02   0.000000e+00     46s
    3952    3.2014344e+06   9.327101e+01   0.000000e+00     50s
    4417    3.2014345e+06   2.171692e+01   0.000000e+00     56s
    4764    3.2014345e+06   3.177693e+01   0.000000e+00     61s
    5117    3.2014345e+06   1.933639e+01   0.000000e+00     65s
    5555    3.2014345e+06   0.000000e+00   0.000000e+00     71s

Solved in 5555 iterations and 70.72 seconds (123.26 work units)
Optimal objective  3.201434534e+06
Set parameter TimeLimit to value 9326.86200702237
Set parameter Method to value 1
Gurobi Optimizer version 12.0.3 build v12.0.3rc0 (linux64 - "Ubuntu 24.04.4 LTS")

CPU model: Intel(R) Xeon(R) Silver 4316 CPU @ 2.30GHz, instruction set [SSE2|AVX|AVX2|AVX512]
Thread count: 40 physical cores, 40 logical processors, using up to 1 threads

Non-default parameters:
TimeLimit  9326.86200702237
Method  1
BarHomogeneous  1
Threads  1

Optimize a model with 785 rows, 246133 columns and 6814890 nonzeros
Coefficient statistics:
  Matrix range     [1e+00, 1e+00]
  Objective range  [1e+05, 5e+05]
  Bounds range     [0e+00, 0e+00]
  RHS range        [1e+00, 1e+00]
LP warm-start: use basis

Iteration    Objective       Primal Inf.    Dual Inf.      Time
       0   -6.9696823e+32   5.601567e+34   6.969682e+02      0s
     387   -2.3572754e+31   2.201666e+33   2.357275e+01      5s
     777   -8.7799016e+30   2.068780e+33   8.779902e+00     10s
    1248   -1.5610829e+30   6.329210e+33   1.561083e+00     16s
    1597   -2.7314185e+29   5.949156e+33   2.731419e-01     21s
    1946    3.2014298e+06   6.179738e+03   0.000000e+00     25s
    2418    3.2014317e+06   1.748052e+03   0.000000e+00     31s
    2768    3.2014323e+06   4.254328e+02   0.000000e+00     36s
    3115    3.2014325e+06   2.916030e+02   0.000000e+00     40s
    3588    3.2014328e+06   9.392339e+02   0.000000e+00     46s
    3940    3.2014331e+06   3.205158e+02   0.000000e+00     51s
    4291    3.2014333e+06   9.488276e+01   0.000000e+00     55s
    4758    3.2014335e+06   6.954318e+02   0.000000e+00     61s
    5106    3.2014335e+06   1.149247e+02   0.000000e+00     66s
    5458    3.2014336e+06   3.339868e+02   0.000000e+00     70s
    5918    3.2014337e+06   5.318215e+01   0.000000e+00     76s
    6271    3.2014337e+06   2.355321e+01   0.000000e+00     81s
    6624    3.2014337e+06   2.846837e+01   0.000000e+00     85s
    7102    3.2014337e+06   4.869034e-01   0.000000e+00     91s
    7126    3.2014337e+06   0.000000e+00   0.000000e+00     92s

Solved in 7126 iterations and 91.57 seconds (159.36 work units)
Optimal objective  3.201433720e+06
Set parameter TimeLimit to value 9.2138640733673237e+03
Set parameter Method to value 1
Gurobi Optimizer version 12.0.3 build v12.0.3rc0 (linux64 - "Ubuntu 24.04.4 LTS")

CPU model: Intel(R) Xeon(R) Silver 4316 CPU @ 2.30GHz, instruction set [SSE2|AVX|AVX2|AVX512]
Thread count: 40 physical cores, 40 logical processors, using up to 1 threads

Non-default parameters:
TimeLimit  9.2138640733673237e+03
Method  1
BarHomogeneous  1
Threads  1

Optimize a model with 785 rows, 246163 columns and 6816002 nonzeros
Coefficient statistics:
  Matrix range     [1e+00, 1e+00]
  Objective range  [1e+05, 5e+05]
  Bounds range     [0e+00, 0e+00]
  RHS range        [1e+00, 1e+00]
LP warm-start: use basis

Iteration    Objective       Primal Inf.    Dual Inf.      Time
       0   -4.7049531e+32   2.683686e+34   4.704953e+02      0s
       1    3.2014337e+06   0.000000e+00   0.000000e+00      0s

Solved in 1 iterations and 0.50 seconds (0.41 work units)
Optimal objective  3.201433720e+06
Set parameter TimeLimit to value 9.1946051187748089e+03
Set parameter Method to value 1
Gurobi Optimizer version 12.0.3 build v12.0.3rc0 (linux64 - "Ubuntu 24.04.4 LTS")

CPU model: Intel(R) Xeon(R) Silver 4316 CPU @ 2.30GHz, instruction set [SSE2|AVX|AVX2|AVX512]
Thread count: 40 physical cores, 40 logical processors, using up to 1 threads

Non-default parameters:
TimeLimit  9.1946051187748089e+03
Method  1
BarHomogeneous  1
Threads  1

Optimize a model with 785 rows, 246193 columns and 6817102 nonzeros
Coefficient statistics:
  Matrix range     [1e+00, 1e+00]
  Objective range  [1e+05, 5e+05]
  Bounds range     [0e+00, 0e+00]
  RHS range        [1e+00, 1e+00]
LP warm-start: use basis

Iteration    Objective       Primal Inf.    Dual Inf.      Time
       0   -4.6882793e+32   2.024698e+34   4.688279e+02      0s
     388   -1.2056894e+31   9.214116e+32   1.205689e+01      5s
     789   -1.8467225e+29   4.300181e+33   1.846723e-01     10s
    1225    3.2014320e+06   2.879885e+02   0.000000e+00     16s
    1584    3.2014324e+06   1.771089e+03   0.000000e+00     21s
    1940    3.2014326e+06   8.650999e+03   0.000000e+00     25s
    2412    3.2014327e+06   1.308135e+02   0.000000e+00     31s
    2769    3.2014329e+06   4.641136e+02   0.000000e+00     36s
    3128    3.2014330e+06   7.852702e+01   0.000000e+00     40s
    3603    3.2014330e+06   5.088259e+02   0.000000e+00     46s
    3960    3.2014331e+06   5.268631e+01   0.000000e+00     51s
    4307    3.2014331e+06   1.105516e+01   0.000000e+00     55s
    4782    3.2014331e+06   7.483342e+00   0.000000e+00     61s
    4942    3.2014331e+06   0.000000e+00   0.000000e+00     63s

Solved in 4942 iterations and 63.29 seconds (109.29 work units)
Optimal objective  3.201433100e+06
Set parameter TimeLimit to value 9.1100112522309646e+03
Set parameter Method to value 1
Gurobi Optimizer version 12.0.3 build v12.0.3rc0 (linux64 - "Ubuntu 24.04.4 LTS")

CPU model: Intel(R) Xeon(R) Silver 4316 CPU @ 2.30GHz, instruction set [SSE2|AVX|AVX2|AVX512]
Thread count: 40 physical cores, 40 logical processors, using up to 1 threads

Non-default parameters:
TimeLimit  9.1100112522309646e+03
Method  1
BarHomogeneous  1
Threads  1

Optimize a model with 785 rows, 246223 columns and 6818165 nonzeros
Coefficient statistics:
  Matrix range     [1e+00, 1e+00]
  Objective range  [1e+05, 5e+05]
  Bounds range     [0e+00, 0e+00]
  RHS range        [1e+00, 1e+00]
LP warm-start: use basis

Iteration    Objective       Primal Inf.    Dual Inf.      Time
       0   -4.0831375e+32   3.800308e+34   4.083137e+02      0s
     423   -1.1894474e+30   8.312797e+32   1.189447e+00      5s
     902    3.2014313e+06   8.556502e+02   0.000000e+00     11s
    1254    3.2014322e+06   5.163231e+02   0.000000e+00     16s
    1605    3.2014324e+06   1.827543e+02   0.000000e+00     20s
    2076    3.2014325e+06   1.202323e+02   0.000000e+00     26s
    2427    3.2014326e+06   7.128983e+01   0.000000e+00     31s
    2891    3.2014326e+06   5.396386e+02   0.000000e+00     36s
    3241    3.2014327e+06   7.676672e+01   0.000000e+00     41s
    3585    3.2014327e+06   8.049301e+01   0.000000e+00     45s
    3932    3.2014327e+06   0.000000e+00   0.000000e+00     50s

Solved in 3932 iterations and 49.72 seconds (87.58 work units)
Optimal objective  3.201432700e+06
Set parameter TimeLimit to value 9.0390476608052850e+03
Set parameter Method to value 1
Gurobi Optimizer version 12.0.3 build v12.0.3rc0 (linux64 - "Ubuntu 24.04.4 LTS")

CPU model: Intel(R) Xeon(R) Silver 4316 CPU @ 2.30GHz, instruction set [SSE2|AVX|AVX2|AVX512]
Thread count: 40 physical cores, 40 logical processors, using up to 1 threads

Non-default parameters:
TimeLimit  9.0390476608052850e+03
Method  1
BarHomogeneous  1
Threads  1

Optimize a model with 785 rows, 246253 columns and 6819099 nonzeros
Coefficient statistics:
  Matrix range     [1e+00, 1e+00]
  Objective range  [1e+05, 5e+05]
  Bounds range     [0e+00, 0e+00]
  RHS range        [1e+00, 1e+00]
LP warm-start: use basis

Iteration    Objective       Primal Inf.    Dual Inf.      Time
       0   -4.4599687e+32   1.866176e+34   4.459969e+02      0s
     384   -1.5776902e+30   5.924942e+32   1.577690e+00      5s
     859    3.2014317e+06   2.098685e+02   0.000000e+00     11s
    1213    3.2014319e+06   1.260656e+02   0.000000e+00     16s
    1567    3.2014321e+06   9.940077e+01   0.000000e+00     21s
    1924    3.2014321e+06   1.944499e+01   0.000000e+00     25s
    2399    3.2014322e+06   1.022908e+02   0.000000e+00     31s
    2750    3.2014322e+06   3.874645e+00   0.000000e+00     35s
    3094    3.2014322e+06   0.000000e+00   0.000000e+00     40s

Solved in 3094 iterations and 39.69 seconds (68.72 work units)
Optimal objective  3.201432212e+06
Set parameter TimeLimit to value 8.9786297366977669e+03
Set parameter Method to value 1
Gurobi Optimizer version 12.0.3 build v12.0.3rc0 (linux64 - "Ubuntu 24.04.4 LTS")

CPU model: Intel(R) Xeon(R) Silver 4316 CPU @ 2.30GHz, instruction set [SSE2|AVX|AVX2|AVX512]
Thread count: 40 physical cores, 40 logical processors, using up to 1 threads

Non-default parameters:
TimeLimit  8.9786297366977669e+03
Method  1
BarHomogeneous  1
Threads  1

Optimize a model with 785 rows, 246283 columns and 6820238 nonzeros
Coefficient statistics:
  Matrix range     [1e+00, 1e+00]
  Objective range  [1e+05, 5e+05]
  Bounds range     [0e+00, 0e+00]
  RHS range        [1e+00, 1e+00]
LP warm-start: use basis

Iteration    Objective       Primal Inf.    Dual Inf.      Time
       0   -3.7457393e+32   3.434253e+34   3.745739e+02      0s
     486    3.2014317e+06   1.158515e+03   0.000000e+00      6s
     842    3.2014319e+06   1.383744e+02   0.000000e+00     11s
    1191    3.2014319e+06   4.367548e+01   0.000000e+00     15s
    1661    3.2014320e+06   3.292575e+01   0.000000e+00     21s
    2014    3.2014320e+06   3.076594e-01   0.000000e+00     26s
    2068    3.2014320e+06   0.000000e+00   0.000000e+00     26s

Solved in 2068 iterations and 26.31 seconds (46.11 work units)
Optimal objective  3.201432009e+06
Set parameter TimeLimit to value 8.9313752551311627e+03
Set parameter Method to value 1
Gurobi Optimizer version 12.0.3 build v12.0.3rc0 (linux64 - "Ubuntu 24.04.4 LTS")

CPU model: Intel(R) Xeon(R) Silver 4316 CPU @ 2.30GHz, instruction set [SSE2|AVX|AVX2|AVX512]
Thread count: 40 physical cores, 40 logical processors, using up to 1 threads

Non-default parameters:
TimeLimit  8.9313752551311627e+03
Method  1
BarHomogeneous  1
Threads  1

Optimize a model with 785 rows, 246313 columns and 6821358 nonzeros
Coefficient statistics:
  Matrix range     [1e+00, 1e+00]
  Objective range  [1e+05, 5e+05]
  Bounds range     [0e+00, 0e+00]
  RHS range        [1e+00, 1e+00]
LP warm-start: use basis

Iteration    Objective       Primal Inf.    Dual Inf.      Time
       0   -5.2338578e+32   2.662491e+34   5.233858e+02      0s
     389   -6.6747914e+28   5.245099e+32   6.674790e-02      5s
     823    3.2014315e+06   2.786460e+02   0.000000e+00     10s
    1292    3.2014317e+06   3.645695e+02   0.000000e+00     16s
    1645    3.2014317e+06   2.476080e+02   0.000000e+00     21s
    1999    3.2014318e+06   2.432066e+01   0.000000e+00     25s
    2472    3.2014318e+06   4.932263e-01   0.000000e+00     31s
    2538    3.2014318e+06   0.000000e+00   0.000000e+00     32s

Solved in 2538 iterations and 32.01 seconds (56.54 work units)
Optimal objective  3.201431785e+06
Set parameter TimeLimit to value 8.8781747407740913e+03
Set parameter Method to value 1
Gurobi Optimizer version 12.0.3 build v12.0.3rc0 (linux64 - "Ubuntu 24.04.4 LTS")

CPU model: Intel(R) Xeon(R) Silver 4316 CPU @ 2.30GHz, instruction set [SSE2|AVX|AVX2|AVX512]
Thread count: 40 physical cores, 40 logical processors, using up to 1 threads

Non-default parameters:
TimeLimit  8.8781747407740913e+03
Method  1
BarHomogeneous  1
Threads  1

Optimize a model with 785 rows, 246343 columns and 6822443 nonzeros
Coefficient statistics:
  Matrix range     [1e+00, 1e+00]
  Objective range  [1e+05, 5e+05]
  Bounds range     [0e+00, 0e+00]
  RHS range        [1e+00, 1e+00]
LP warm-start: use basis

Iteration    Objective       Primal Inf.    Dual Inf.      Time
       0   -3.8003082e+32   3.416376e+34   3.800308e+02      0s
     407    3.2014311e+06   8.988593e+02   0.000000e+00      5s
     882    3.2014313e+06   5.234425e+02   0.000000e+00     11s
    1240    3.2014313e+06   1.163731e+02   0.000000e+00     15s
    1707    3.2014314e+06   1.322046e+02   0.000000e+00     21s
    2060    3.2014314e+06   4.626760e+01   0.000000e+00     26s
    2414    3.2014314e+06   7.611110e+00   0.000000e+00     30s
    2894    3.2014314e+06   1.102601e-02   0.000000e+00     36s
    2912    3.2014314e+06   0.000000e+00   0.000000e+00     36s

Solved in 2912 iterations and 36.24 seconds (64.96 work units)
Optimal objective  3.201431427e+06
Set parameter TimeLimit to value 8.8214034905238077e+03
Set parameter Method to value 1
Gurobi Optimizer version 12.0.3 build v12.0.3rc0 (linux64 - "Ubuntu 24.04.4 LTS")

CPU model: Intel(R) Xeon(R) Silver 4316 CPU @ 2.30GHz, instruction set [SSE2|AVX|AVX2|AVX512]
Thread count: 40 physical cores, 40 logical processors, using up to 1 threads

Non-default parameters:
TimeLimit  8.8214034905238077e+03
Method  1
BarHomogeneous  1
Threads  1

Optimize a model with 785 rows, 246373 columns and 6823489 nonzeros
Coefficient statistics:
  Matrix range     [1e+00, 1e+00]
  Objective range  [1e+05, 5e+05]
  Bounds range     [0e+00, 0e+00]
  RHS range        [1e+00, 1e+00]
LP warm-start: use basis

Iteration    Objective       Primal Inf.    Dual Inf.      Time
       0   -3.4778668e+32   1.527471e+35   3.477867e+02      0s
     441   -2.5355834e+30   1.623201e+33   2.535583e+00      5s
     874   -6.6421174e+28   3.222755e+33   6.642111e-02     11s
    1347    3.2014307e+06   2.766497e+03   0.000000e+00     16s
    1703    3.2014309e+06   4.763973e+02   0.000000e+00     21s
    2059    3.2014310e+06   1.668558e+02   0.000000e+00     25s
    2532    3.2014311e+06   1.166020e+02   0.000000e+00     31s
    2884    3.2014312e+06   9.272515e+01   0.000000e+00     35s
    3355    3.2014312e+06   3.086576e+01   0.000000e+00     41s
    3711    3.2014312e+06   3.139879e+00   0.000000e+00     45s
    4187    3.2014312e+06   5.670582e-02   0.000000e+00     51s
    4200    3.2014312e+06   0.000000e+00   0.000000e+00     52s

Solved in 4200 iterations and 51.50 seconds (92.74 work units)
Optimal objective  3.201431223e+06
Set parameter TimeLimit to value 8.7489777827630751e+03
Set parameter Method to value 1
Gurobi Optimizer version 12.0.3 build v12.0.3rc0 (linux64 - "Ubuntu 24.04.4 LTS")

CPU model: Intel(R) Xeon(R) Silver 4316 CPU @ 2.30GHz, instruction set [SSE2|AVX|AVX2|AVX512]
Thread count: 40 physical cores, 40 logical processors, using up to 1 threads

Non-default parameters:
TimeLimit  8.7489777827630751e+03
Method  1
BarHomogeneous  1
Threads  1

Optimize a model with 785 rows, 246403 columns and 6824344 nonzeros
Coefficient statistics:
  Matrix range     [1e+00, 1e+00]
  Objective range  [1e+05, 5e+05]
  Bounds range     [0e+00, 0e+00]
  RHS range        [1e+00, 1e+00]
LP warm-start: use basis

Iteration    Objective       Primal Inf.    Dual Inf.      Time
       0   -3.1724202e+32   3.045871e+34   3.172420e+02      0s
     394    3.2014300e+06   2.954730e+03   0.000000e+00      5s
     869    3.2014309e+06   1.011330e+02   0.000000e+00     11s
    1226    3.2014309e+06   9.681664e+01   0.000000e+00     15s
    1705    3.2014310e+06   1.432516e+01   0.000000e+00     21s
    2056    3.2014310e+06   9.231101e+01   0.000000e+00     26s
    2309    3.2014310e+06   0.000000e+00   0.000000e+00     29s

Solved in 2309 iterations and 29.09 seconds (51.40 work units)
Optimal objective  3.201430991e+06
Set parameter TimeLimit to value 8.6994307369319722e+03
Set parameter Method to value 1
Gurobi Optimizer version 12.0.3 build v12.0.3rc0 (linux64 - "Ubuntu 24.04.4 LTS")

CPU model: Intel(R) Xeon(R) Silver 4316 CPU @ 2.30GHz, instruction set [SSE2|AVX|AVX2|AVX512]
Thread count: 40 physical cores, 40 logical processors, using up to 1 threads

Non-default parameters:
TimeLimit  8.6994307369319722e+03
Method  1
BarHomogeneous  1
Threads  1

Optimize a model with 785 rows, 246433 columns and 6825516 nonzeros
Coefficient statistics:
  Matrix range     [1e+00, 1e+00]
  Objective range  [1e+05, 5e+05]
  Bounds range     [0e+00, 0e+00]
  RHS range        [1e+00, 1e+00]
LP warm-start: use basis

Iteration    Objective       Primal Inf.    Dual Inf.      Time
       0   -2.8337107e+32   1.850627e+34   2.833711e+02      0s
     392   -2.1967329e+29   4.322162e+33   2.196735e-01      5s
     831    3.2014302e+06   2.864964e+02   0.000000e+00     11s
    1304    3.2014304e+06   5.505707e+01   0.000000e+00     16s
    1658    3.2014305e+06   3.794895e+02   0.000000e+00     21s
    2013    3.2014305e+06   7.171620e+01   0.000000e+00     25s
    2484    3.2014306e+06   5.543021e+02   0.000000e+00     31s
    2840    3.2014306e+06   1.883938e+00   0.000000e+00     36s
    3061    3.2014306e+06   0.000000e+00   0.000000e+00     39s

Solved in 3061 iterations and 38.57 seconds (68.08 work units)
Optimal objective  3.201430618e+06
Set parameter TimeLimit to value 8.6409739831285551e+03
Set parameter Method to value 1
Gurobi Optimizer version 12.0.3 build v12.0.3rc0 (linux64 - "Ubuntu 24.04.4 LTS")

CPU model: Intel(R) Xeon(R) Silver 4316 CPU @ 2.30GHz, instruction set [SSE2|AVX|AVX2|AVX512]
Thread count: 40 physical cores, 40 logical processors, using up to 1 threads

Non-default parameters:
TimeLimit  8.6409739831285551e+03
Method  1
BarHomogeneous  1
Threads  1

Optimize a model with 785 rows, 246463 columns and 6826580 nonzeros
Coefficient statistics:
  Matrix range     [1e+00, 1e+00]
  Objective range  [1e+05, 5e+05]
  Bounds range     [0e+00, 0e+00]
  RHS range        [1e+00, 1e+00]
LP warm-start: use basis

Iteration    Objective       Primal Inf.    Dual Inf.      Time
       0   -3.6862167e+32   3.829164e+34   3.686217e+02      0s
     431    3.2014301e+06   2.958459e+02   0.000000e+00      6s
     905    3.2014302e+06   2.843091e+02   0.000000e+00     11s
    1258    3.2014303e+06   3.633024e+01   0.000000e+00     16s
    1615    3.2014303e+06   9.149513e+01   0.000000e+00     20s
    2091    3.2014304e+06   5.656280e+01   0.000000e+00     26s
    2445    3.2014304e+06   2.067681e-02   0.000000e+00     31s
    2474    3.2014304e+06   0.000000e+00   0.000000e+00     31s

Solved in 2474 iterations and 31.04 seconds (54.92 work units)
Optimal objective  3.201430365e+06
Set parameter TimeLimit to value 8.5891092076650821e+03
Set parameter Method to value 1
Gurobi Optimizer version 12.0.3 build v12.0.3rc0 (linux64 - "Ubuntu 24.04.4 LTS")

CPU model: Intel(R) Xeon(R) Silver 4316 CPU @ 2.30GHz, instruction set [SSE2|AVX|AVX2|AVX512]
Thread count: 40 physical cores, 40 logical processors, using up to 1 threads

Non-default parameters:
TimeLimit  8.5891092076650821e+03
Method  1
BarHomogeneous  1
Threads  1

Optimize a model with 785 rows, 246493 columns and 6827769 nonzeros
Coefficient statistics:
  Matrix range     [1e+00, 1e+00]
  Objective range  [1e+05, 5e+05]
  Bounds range     [0e+00, 0e+00]
  RHS range        [1e+00, 1e+00]
LP warm-start: use basis

Iteration    Objective       Primal Inf.    Dual Inf.      Time
       0   -2.2047002e+32   1.010252e+35   2.204700e+02      0s
     442   -3.6508165e+29   2.244891e+33   3.650818e-01      5s
     834    3.2014298e+06   3.816690e+02   0.000000e+00     10s
    1309    3.2014300e+06   2.964134e+02   0.000000e+00     16s
    1665    3.2014302e+06   6.744044e+01   0.000000e+00     21s
    2022    3.2014302e+06   9.749939e+01   0.000000e+00     25s
    2497    3.2014302e+06   7.522529e+01   0.000000e+00     31s
    2853    3.2014303e+06   5.763195e+00   0.000000e+00     35s
    3259    3.2014303e+06   0.000000e+00   0.000000e+00     40s

Solved in 3259 iterations and 40.50 seconds (72.07 work units)
Optimal objective  3.201430260e+06
Set parameter TimeLimit to value 8.5279570614458062e+03
Set parameter Method to value 1
Gurobi Optimizer version 12.0.3 build v12.0.3rc0 (linux64 - "Ubuntu 24.04.4 LTS")

CPU model: Intel(R) Xeon(R) Silver 4316 CPU @ 2.30GHz, instruction set [SSE2|AVX|AVX2|AVX512]
Thread count: 40 physical cores, 40 logical processors, using up to 1 threads

Non-default parameters:
TimeLimit  8.5279570614458062e+03
Method  1
BarHomogeneous  1
Threads  1

Optimize a model with 785 rows, 246523 columns and 6828496 nonzeros
Coefficient statistics:
  Matrix range     [1e+00, 1e+00]
  Objective range  [1e+05, 5e+05]
  Bounds range     [0e+00, 0e+00]
  RHS range        [1e+00, 1e+00]
LP warm-start: use basis

Iteration    Objective       Primal Inf.    Dual Inf.      Time
       0   -2.7623315e+32   9.329169e+34   2.762331e+02      0s
     389   -1.7215125e+30   1.102080e+33   1.721512e+00      5s
     789   -8.2489450e+28   2.688245e+33   8.248937e-02     10s
    1264    3.2014296e+06   8.602689e+02   0.000000e+00     16s
    1617    3.2014298e+06   6.152442e+02   0.000000e+00     20s
    2090    3.2014299e+06   2.026480e+03   0.000000e+00     26s
    2442    3.2014300e+06   1.829630e+02   0.000000e+00     31s
    2792    3.2014300e+06   2.652736e+02   0.000000e+00     35s
    3256    3.2014301e+06   4.987297e+01   0.000000e+00     41s
    3613    3.2014301e+06   6.047164e+00   0.000000e+00     45s
    4087    3.2014301e+06   2.366114e-01   0.000000e+00     51s
    4123    3.2014301e+06   0.000000e+00   0.000000e+00     52s

Solved in 4123 iterations and 51.94 seconds (91.45 work units)
Optimal objective  3.201430073e+06
Set parameter TimeLimit to value 8.4552776170233265e+03
Set parameter Method to value 1
Gurobi Optimizer version 12.0.3 build v12.0.3rc0 (linux64 - "Ubuntu 24.04.4 LTS")

CPU model: Intel(R) Xeon(R) Silver 4316 CPU @ 2.30GHz, instruction set [SSE2|AVX|AVX2|AVX512]
Thread count: 40 physical cores, 40 logical processors, using up to 1 threads

Non-default parameters:
TimeLimit  8.4552776170233265e+03
Method  1
BarHomogeneous  1
Threads  1

Optimize a model with 785 rows, 246553 columns and 6829419 nonzeros
Coefficient statistics:
  Matrix range     [1e+00, 1e+00]
  Objective range  [1e+05, 5e+05]
  Bounds range     [0e+00, 0e+00]
  RHS range        [1e+00, 1e+00]
LP warm-start: use basis

Iteration    Objective       Primal Inf.    Dual Inf.      Time
       0   -1.8301281e+32   2.293754e+34   1.830128e+02      0s
     394   -4.7280014e+28   1.234261e+33   4.727997e-02      5s
     829    3.2014295e+06   2.924841e+02   0.000000e+00     11s
    1187    3.2014296e+06   8.423421e+01   0.000000e+00     15s
    1664    3.2014297e+06   1.015746e+02   0.000000e+00     21s
    2023    3.2014297e+06   4.347688e+01   0.000000e+00     26s
    2376    3.2014297e+06   5.086831e+01   0.000000e+00     30s
    2682    3.2014297e+06   0.000000e+00   0.000000e+00     34s

Solved in 2682 iterations and 34.14 seconds (59.84 work units)
Optimal objective  3.201429725e+06
Set parameter TimeLimit to value 8.4011086051324382e+03
Set parameter Method to value 1
Gurobi Optimizer version 12.0.3 build v12.0.3rc0 (linux64 - "Ubuntu 24.04.4 LTS")

CPU model: Intel(R) Xeon(R) Silver 4316 CPU @ 2.30GHz, instruction set [SSE2|AVX|AVX2|AVX512]
Thread count: 40 physical cores, 40 logical processors, using up to 1 threads

Non-default parameters:
TimeLimit  8.4011086051324382e+03
Method  1
BarHomogeneous  1
Threads  1

Optimize a model with 785 rows, 246583 columns and 6830442 nonzeros
Coefficient statistics:
  Matrix range     [1e+00, 1e+00]
  Objective range  [1e+05, 5e+05]
  Bounds range     [0e+00, 0e+00]
  RHS range        [1e+00, 1e+00]
LP warm-start: use basis

Iteration    Objective       Primal Inf.    Dual Inf.      Time
       0   -2.1322457e+32   4.559516e+34   2.132246e+02      0s
     435    3.2014294e+06   2.336019e+03   0.000000e+00      6s
     794    3.2014296e+06   8.385597e+01   0.000000e+00     10s
    1269    3.2014296e+06   1.068332e+02   0.000000e+00     16s
    1629    3.2014296e+06   4.861640e+02   0.000000e+00     21s
    1984    3.2014296e+06   2.613740e+01   0.000000e+00     25s
    2250    3.2014296e+06   0.000000e+00   0.000000e+00     29s

Solved in 2250 iterations and 28.55 seconds (50.09 work units)
Optimal objective  3.201429631e+06
Set parameter TimeLimit to value 8353.1246172986
Set parameter Method to value 1
Gurobi Optimizer version 12.0.3 build v12.0.3rc0 (linux64 - "Ubuntu 24.04.4 LTS")

CPU model: Intel(R) Xeon(R) Silver 4316 CPU @ 2.30GHz, instruction set [SSE2|AVX|AVX2|AVX512]
Thread count: 40 physical cores, 40 logical processors, using up to 1 threads

Non-default parameters:
TimeLimit  8353.1246172986
Method  1
BarHomogeneous  1
Threads  1

Optimize a model with 785 rows, 246613 columns and 6831608 nonzeros
Coefficient statistics:
  Matrix range     [1e+00, 1e+00]
  Objective range  [1e+05, 5e+05]
  Bounds range     [0e+00, 0e+00]
  RHS range        [1e+00, 1e+00]
LP warm-start: use basis

Iteration    Objective       Primal Inf.    Dual Inf.      Time
       0   -1.6550640e+32   4.083711e+34   1.655064e+02      0s
     450   -8.6846024e+27   1.411643e+33   8.684569e-03      5s
     887    3.2014292e+06   1.094884e+03   0.000000e+00     10s
    1362    3.2014294e+06   6.897104e+01   0.000000e+00     16s
    1718    3.2014294e+06   2.607505e+02   0.000000e+00     21s
    2189    3.2014294e+06   3.559377e+01   0.000000e+00     26s
    2549    3.2014294e+06   4.338068e+00   0.000000e+00     31s
    2809    3.2014294e+06   0.000000e+00   0.000000e+00     34s

Solved in 2809 iterations and 33.88 seconds (61.77 work units)
Optimal objective  3.201429436e+06
Set parameter TimeLimit to value 8.2987033652965911e+03
Set parameter Method to value 1
Gurobi Optimizer version 12.0.3 build v12.0.3rc0 (linux64 - "Ubuntu 24.04.4 LTS")

CPU model: Intel(R) Xeon(R) Silver 4316 CPU @ 2.30GHz, instruction set [SSE2|AVX|AVX2|AVX512]
Thread count: 40 physical cores, 40 logical processors, using up to 1 threads

Non-default parameters:
TimeLimit  8.2987033652965911e+03
Method  1
BarHomogeneous  1
Threads  1

Optimize a model with 785 rows, 246643 columns and 6832671 nonzeros
Coefficient statistics:
  Matrix range     [1e+00, 1e+00]
  Objective range  [1e+05, 5e+05]
  Bounds range     [0e+00, 0e+00]
  RHS range        [1e+00, 1e+00]
LP warm-start: use basis

Iteration    Objective       Primal Inf.    Dual Inf.      Time
       0   -2.4218315e+32   5.054347e+34   2.421831e+02      0s
     432   -2.5387459e+30   2.559214e+33   2.538746e+00      5s
     905   -1.7886476e+29   4.945630e+32   1.788648e-01     11s
    1258    3.2014282e+06   9.191325e+02   0.000000e+00     15s
    1732    3.2014287e+06   4.139628e+02   0.000000e+00     21s
    2083    3.2014288e+06   4.929171e+02   0.000000e+00     25s
    2557    3.2014290e+06   2.372560e+03   0.000000e+00     31s
    2911    3.2014291e+06   2.272328e+02   0.000000e+00     35s
    3379    3.2014292e+06   1.164030e+03   0.000000e+00     41s
    3735    3.2014293e+06   2.243273e+02   0.000000e+00     45s
    4212    3.2014293e+06   1.524671e+01   0.000000e+00     51s
    4570    3.2014294e+06   6.826584e+01   0.000000e+00     55s
    5049    3.2014294e+06   1.122484e+01   0.000000e+00     61s
    5408    3.2014294e+06   1.993728e+00   0.000000e+00     65s
    5551    3.2014294e+06   0.000000e+00   0.000000e+00     67s

Solved in 5551 iterations and 67.00 seconds (123.42 work units)
Optimal objective  3.201429364e+06
Set parameter TimeLimit to value 8211.01555077592
Set parameter Method to value 1
Gurobi Optimizer version 12.0.3 build v12.0.3rc0 (linux64 - "Ubuntu 24.04.4 LTS")

CPU model: Intel(R) Xeon(R) Silver 4316 CPU @ 2.30GHz, instruction set [SSE2|AVX|AVX2|AVX512]
Thread count: 40 physical cores, 40 logical processors, using up to 1 threads

Non-default parameters:
TimeLimit  8211.01555077592
Method  1
BarHomogeneous  1
Threads  1

Optimize a model with 785 rows, 246673 columns and 6833471 nonzeros
Coefficient statistics:
  Matrix range     [1e+00, 1e+00]
  Objective range  [1e+05, 5e+05]
  Bounds range     [0e+00, 0e+00]
  RHS range        [1e+00, 1e+00]
LP warm-start: use basis

Iteration    Objective       Primal Inf.    Dual Inf.      Time
       0   -1.9409170e+32   2.717847e+34   1.940917e+02      0s
     445   -3.1472746e+30   1.526974e+33   3.147275e+00      5s
     925   -4.7254774e+28   5.767629e+32   4.725478e-02     11s
    1279    3.2014285e+06   1.490773e+04   0.000000e+00     15s
    1745    3.2014288e+06   8.842999e+02   0.000000e+00     21s
    2096    3.2014289e+06   1.586058e+02   0.000000e+00     25s
    2568    3.2014290e+06   1.777149e+02   0.000000e+00     31s
    3037    3.2014291e+06   6.083799e+01   0.000000e+00     36s
    3391    3.2014291e+06   4.133516e+01   0.000000e+00     41s
    3863    3.2014292e+06   4.264974e+01   0.000000e+00     46s
    4206    3.2014292e+06   1.608251e+01   0.000000e+00     51s
    4679    3.2014292e+06   2.826576e+00   0.000000e+00     56s
    4719    3.2014292e+06   0.000000e+00   0.000000e+00     57s

Solved in 4719 iterations and 56.75 seconds (104.54 work units)
Optimal objective  3.201429180e+06
Set parameter TimeLimit to value 8.1336836067400873e+03
Set parameter Method to value 1
Gurobi Optimizer version 12.0.3 build v12.0.3rc0 (linux64 - "Ubuntu 24.04.4 LTS")

CPU model: Intel(R) Xeon(R) Silver 4316 CPU @ 2.30GHz, instruction set [SSE2|AVX|AVX2|AVX512]
Thread count: 40 physical cores, 40 logical processors, using up to 1 threads

Non-default parameters:
TimeLimit  8.1336836067400873e+03
Method  1
BarHomogeneous  1
Threads  1

Optimize a model with 785 rows, 246703 columns and 6834339 nonzeros
Coefficient statistics:
  Matrix range     [1e+00, 1e+00]
  Objective range  [1e+05, 5e+05]
  Bounds range     [0e+00, 0e+00]
  RHS range        [1e+00, 1e+00]
LP warm-start: use basis

Iteration    Objective       Primal Inf.    Dual Inf.      Time
       0   -1.6556388e+32   1.586196e+34   1.655639e+02      0s
     386   -6.8064488e+30   2.241737e+33   6.806449e+00      5s
     861   -8.0445331e+29   5.134905e+33   8.044538e-01     11s
    1218    3.2014270e+06   1.844855e+03   0.000000e+00     15s
    1689    3.2014282e+06   6.963706e+02   0.000000e+00     21s
    2042    3.2014285e+06   8.740683e+02   0.000000e+00     25s
    2511    3.2014287e+06   2.397582e+02   0.000000e+00     31s
    2980    3.2014288e+06   1.242856e+02   0.000000e+00     36s
    3327    3.2014289e+06   9.259259e+01   0.000000e+00     41s
    3798    3.2014289e+06   6.280036e+01   0.000000e+00     46s
    4152    3.2014289e+06   3.951485e+00   0.000000e+00     51s
    4250    3.2014289e+06   0.000000e+00   0.000000e+00     52s

Solved in 4250 iterations and 52.00 seconds (95.33 work units)
Optimal objective  3.201428921e+06
Set parameter TimeLimit to value 8.0613125857417472e+03
Set parameter Method to value 1
Gurobi Optimizer version 12.0.3 build v12.0.3rc0 (linux64 - "Ubuntu 24.04.4 LTS")

CPU model: Intel(R) Xeon(R) Silver 4316 CPU @ 2.30GHz, instruction set [SSE2|AVX|AVX2|AVX512]
Thread count: 40 physical cores, 40 logical processors, using up to 1 threads

Non-default parameters:
TimeLimit  8.0613125857417472e+03
Method  1
BarHomogeneous  1
Threads  1

Optimize a model with 785 rows, 246733 columns and 6835167 nonzeros
Coefficient statistics:
  Matrix range     [1e+00, 1e+00]
  Objective range  [1e+05, 5e+05]
  Bounds range     [0e+00, 0e+00]
  RHS range        [1e+00, 1e+00]
LP warm-start: use basis

Iteration    Objective       Primal Inf.    Dual Inf.      Time
       0   -1.6121552e+32   2.556060e+34   1.612155e+02      0s
     389   -2.1799973e+30   1.350319e+33   2.179997e+00      5s
     904   -6.8732189e+27   5.188969e+32   6.873245e-03     11s
    1254    3.2014279e+06   3.642416e+02   0.000000e+00     16s
    1726    3.2014284e+06   1.183630e+03   0.000000e+00     21s
    2072    3.2014286e+06   2.129237e+02   0.000000e+00     25s
    2536    3.2014287e+06   2.359161e+02   0.000000e+00     31s
    2882    3.2014287e+06   1.623589e+02   0.000000e+00     35s
    3350    3.2014287e+06   2.337464e+01   0.000000e+00     41s
    3701    3.2014288e+06   3.364321e+00   0.000000e+00     45s
    4176    3.2014288e+06   9.344285e-01   0.000000e+00     51s
    4211    3.2014288e+06   0.000000e+00   0.000000e+00     51s

Solved in 4211 iterations and 51.47 seconds (94.38 work units)
Optimal objective  3.201428768e+06
Set parameter TimeLimit to value 7.9890774130732752e+03
Set parameter Method to value 1
Gurobi Optimizer version 12.0.3 build v12.0.3rc0 (linux64 - "Ubuntu 24.04.4 LTS")

CPU model: Intel(R) Xeon(R) Silver 4316 CPU @ 2.30GHz, instruction set [SSE2|AVX|AVX2|AVX512]
Thread count: 40 physical cores, 40 logical processors, using up to 1 threads

Non-default parameters:
TimeLimit  7.9890774130732752e+03
Method  1
BarHomogeneous  1
Threads  1

Optimize a model with 785 rows, 246763 columns and 6836332 nonzeros
Coefficient statistics:
  Matrix range     [1e+00, 1e+00]
  Objective range  [1e+05, 5e+05]
  Bounds range     [0e+00, 0e+00]
  RHS range        [1e+00, 1e+00]
LP warm-start: use basis

Iteration    Objective       Primal Inf.    Dual Inf.      Time
       0   -2.3192357e+32   1.131042e+35   2.319236e+02      0s
     431   -3.8989213e+30   3.206275e+33   3.898921e+00      5s
     905   -4.9439499e+29   1.022639e+34   4.943948e-01     11s
    1257    3.2014280e+06   7.970431e+02   0.000000e+00     15s
    1725    3.2014283e+06   4.652917e+02   0.000000e+00     21s
    2077    3.2014285e+06   2.817889e+02   0.000000e+00     25s
    2550    3.2014286e+06   4.320264e+02   0.000000e+00     31s
    2903    3.2014286e+06   3.308838e+02   0.000000e+00     35s
    3374    3.2014287e+06   3.808632e+01   0.000000e+00     41s
    3726    3.2014287e+06   2.199480e+02   0.000000e+00     45s
    4190    3.2014287e+06   5.002813e+01   0.000000e+00     51s
    4541    3.2014288e+06   1.958539e+02   0.000000e+00     55s
    4961    3.2014288e+06   0.000000e+00   0.000000e+00     60s

Solved in 4961 iterations and 60.34 seconds (110.46 work units)
Optimal objective  3.201428768e+06
Set parameter TimeLimit to value 7.9080180020029657e+03
Set parameter Method to value 1
Gurobi Optimizer version 12.0.3 build v12.0.3rc0 (linux64 - "Ubuntu 24.04.4 LTS")

CPU model: Intel(R) Xeon(R) Silver 4316 CPU @ 2.30GHz, instruction set [SSE2|AVX|AVX2|AVX512]
Thread count: 40 physical cores, 40 logical processors, using up to 1 threads

Non-default parameters:
TimeLimit  7.9080180020029657e+03
Method  1
BarHomogeneous  1
Threads  1

Optimize a model with 785 rows, 246793 columns and 6837481 nonzeros
Coefficient statistics:
  Matrix range     [1e+00, 1e+00]
  Objective range  [1e+05, 5e+05]
  Bounds range     [0e+00, 0e+00]
  RHS range        [1e+00, 1e+00]
LP warm-start: use basis

Iteration    Objective       Primal Inf.    Dual Inf.      Time
       0   -2.2306375e+32   6.079307e+34   2.230637e+02      0s
     392   -1.5515611e+30   2.588942e+33   1.551561e+00      5s
     900   -8.0315871e+27   3.383565e+32   8.031620e-03     11s
    1254    3.2014277e+06   1.248213e+03   0.000000e+00     15s
    1734    3.2014281e+06   6.866099e+02   0.000000e+00     21s
    2089    3.2014283e+06   6.137504e+02   0.000000e+00     25s
    2558    3.2014284e+06   3.448640e+02   0.000000e+00     31s
    2910    3.2014285e+06   1.274193e+02   0.000000e+00     35s
    3382    3.2014285e+06   4.964740e+01   0.000000e+00     41s
    3732    3.2014285e+06   2.717955e+01   0.000000e+00     45s
    4205    3.2014286e+06   4.860479e+00   0.000000e+00     51s
    4286    3.2014286e+06   0.000000e+00   0.000000e+00     52s

Solved in 4286 iterations and 52.28 seconds (95.81 work units)
Optimal objective  3.201428555e+06
Set parameter TimeLimit to value 7.8348374001667835e+03
Set parameter Method to value 1
Gurobi Optimizer version 12.0.3 build v12.0.3rc0 (linux64 - "Ubuntu 24.04.4 LTS")

CPU model: Intel(R) Xeon(R) Silver 4316 CPU @ 2.30GHz, instruction set [SSE2|AVX|AVX2|AVX512]
Thread count: 40 physical cores, 40 logical processors, using up to 1 threads

Non-default parameters:
TimeLimit  7.8348374001667835e+03
Method  1
BarHomogeneous  1
Threads  1

Optimize a model with 785 rows, 246823 columns and 6838588 nonzeros
Coefficient statistics:
  Matrix range     [1e+00, 1e+00]
  Objective range  [1e+05, 5e+05]
  Bounds range     [0e+00, 0e+00]
  RHS range        [1e+00, 1e+00]
LP warm-start: use basis

Iteration    Objective       Primal Inf.    Dual Inf.      Time
       0   -1.6977912e+32   2.722500e+34   1.697791e+02      0s
     430   -1.5987367e+30   1.161770e+33   1.598737e+00      5s
     908    3.2014271e+06   2.972075e+02   0.000000e+00     11s
    1384    3.2014278e+06   3.106696e+03   0.000000e+00     16s
    1738    3.2014279e+06   4.639107e+03   0.000000e+00     21s
    2094    3.2014281e+06   1.562514e+02   0.000000e+00     25s
    2567    3.2014282e+06   1.179948e+03   0.000000e+00     31s
    2916    3.2014282e+06   3.102777e+02   0.000000e+00     35s
    3390    3.2014283e+06   1.493253e+02   0.000000e+00     41s
    3742    3.2014283e+06   4.031490e+00   0.000000e+00     45s
    3934    3.2014283e+06   0.000000e+00   0.000000e+00     48s

Solved in 3934 iterations and 47.52 seconds (87.12 work units)
Optimal objective  3.201428299e+06
Set parameter TimeLimit to value 7.7668928078301251e+03
Set parameter Method to value 1
Gurobi Optimizer version 12.0.3 build v12.0.3rc0 (linux64 - "Ubuntu 24.04.4 LTS")

CPU model: Intel(R) Xeon(R) Silver 4316 CPU @ 2.30GHz, instruction set [SSE2|AVX|AVX2|AVX512]
Thread count: 40 physical cores, 40 logical processors, using up to 1 threads

Non-default parameters:
TimeLimit  7.7668928078301251e+03
Method  1
BarHomogeneous  1
Threads  1

Optimize a model with 785 rows, 246853 columns and 6839612 nonzeros
Coefficient statistics:
  Matrix range     [1e+00, 1e+00]
  Objective range  [1e+05, 5e+05]
  Bounds range     [0e+00, 0e+00]
  RHS range        [1e+00, 1e+00]
LP warm-start: use basis

Iteration    Objective       Primal Inf.    Dual Inf.      Time
       0   -1.5616630e+32   1.981426e+34   1.561663e+02      0s
     389   -9.4089077e+29   9.472955e+32   9.408908e-01      5s
     903    3.2014271e+06   4.981132e+02   0.000000e+00     11s
    1255    3.2014277e+06   2.194569e+02   0.000000e+00     15s
    1731    3.2014278e+06   6.333647e+02   0.000000e+00     21s
    2082    3.2014279e+06   8.409583e+01   0.000000e+00     25s
    2555    3.2014280e+06   3.888591e+01   0.000000e+00     31s
    2908    3.2014280e+06   1.159689e+02   0.000000e+00     35s
    3369    3.2014281e+06   1.929895e+01   0.000000e+00     41s
    3726    3.2014281e+06   2.297680e+00   0.000000e+00     45s
    3846    3.2014281e+06   0.000000e+00   0.000000e+00     47s

Solved in 3846 iterations and 46.95 seconds (85.97 work units)
Optimal objective  3.201428070e+06
Set parameter TimeLimit to value 7.6990435637296177e+03
Set parameter Method to value 1
Gurobi Optimizer version 12.0.3 build v12.0.3rc0 (linux64 - "Ubuntu 24.04.4 LTS")

CPU model: Intel(R) Xeon(R) Silver 4316 CPU @ 2.30GHz, instruction set [SSE2|AVX|AVX2|AVX512]
Thread count: 40 physical cores, 40 logical processors, using up to 1 threads

Non-default parameters:
TimeLimit  7.6990435637296177e+03
Method  1
BarHomogeneous  1
Threads  1

Optimize a model with 785 rows, 246883 columns and 6840629 nonzeros
Coefficient statistics:
  Matrix range     [1e+00, 1e+00]
  Objective range  [1e+05, 5e+05]
  Bounds range     [0e+00, 0e+00]
  RHS range        [1e+00, 1e+00]
LP warm-start: use basis

Iteration    Objective       Primal Inf.    Dual Inf.      Time
       0   -1.1878370e+32   2.616487e+34   1.187837e+02      0s
     430   -3.0260335e+30   1.511531e+33   3.026034e+00      5s
     863   -1.1792658e+29   1.027776e+33   1.179266e-01     10s
    1316    3.2014273e+06   5.116624e+02   0.000000e+00     16s
    1664    3.2014276e+06   7.276990e+02   0.000000e+00     20s
    2126    3.2014278e+06   1.913051e+02   0.000000e+00     26s
    2472    3.2014278e+06   1.086782e+02   0.000000e+00     30s
    2934    3.2014279e+06   4.894172e+01   0.000000e+00     36s
    3287    3.2014279e+06   1.527569e+01   0.000000e+00     40s
    3755    3.2014279e+06   1.027800e+01   0.000000e+00     46s
    4094    3.2014279e+06   0.000000e+00   0.000000e+00     50s

Solved in 4094 iterations and 50.26 seconds (92.00 work units)
Optimal objective  3.201427907e+06
Set parameter TimeLimit to value 7.6283157217670232e+03
Set parameter Method to value 1
Gurobi Optimizer version 12.0.3 build v12.0.3rc0 (linux64 - "Ubuntu 24.04.4 LTS")

CPU model: Intel(R) Xeon(R) Silver 4316 CPU @ 2.30GHz, instruction set [SSE2|AVX|AVX2|AVX512]
Thread count: 40 physical cores, 40 logical processors, using up to 1 threads

Non-default parameters:
TimeLimit  7.6283157217670232e+03
Method  1
BarHomogeneous  1
Threads  1

Optimize a model with 785 rows, 246913 columns and 6841492 nonzeros
Coefficient statistics:
  Matrix range     [1e+00, 1e+00]
  Objective range  [1e+05, 5e+05]
  Bounds range     [0e+00, 0e+00]
  RHS range        [1e+00, 1e+00]
LP warm-start: use basis

Iteration    Objective       Primal Inf.    Dual Inf.      Time
       0   -9.5670210e+31   1.958309e+34   9.567021e+01      0s
     433   -8.0785328e+29   1.066054e+33   8.078533e-01      5s
     886    3.2014273e+06   3.723652e+03   0.000000e+00     11s
    1243    3.2014276e+06   7.765285e+02   0.000000e+00     15s
    1720    3.2014277e+06   1.024819e+02   0.000000e+00     21s
    2070    3.2014277e+06   5.502838e+02   0.000000e+00     25s
    2536    3.2014278e+06   4.257264e+01   0.000000e+00     31s
    2885    3.2014278e+06   1.071761e+02   0.000000e+00     35s
    3189    3.2014278e+06   0.000000e+00   0.000000e+00     39s

Solved in 3189 iterations and 39.09 seconds (71.09 work units)
Optimal objective  3.201427774e+06
Set parameter TimeLimit to value 7.5684445960475132e+03
Set parameter Method to value 1
Gurobi Optimizer version 12.0.3 build v12.0.3rc0 (linux64 - "Ubuntu 24.04.4 LTS")

CPU model: Intel(R) Xeon(R) Silver 4316 CPU @ 2.30GHz, instruction set [SSE2|AVX|AVX2|AVX512]
Thread count: 40 physical cores, 40 logical processors, using up to 1 threads

Non-default parameters:
TimeLimit  7.5684445960475132e+03
Method  1
BarHomogeneous  1
Threads  1

Optimize a model with 785 rows, 246943 columns and 6842574 nonzeros
Coefficient statistics:
  Matrix range     [1e+00, 1e+00]
  Objective range  [1e+05, 5e+05]
  Bounds range     [0e+00, 0e+00]
  RHS range        [1e+00, 1e+00]
LP warm-start: use basis

Iteration    Objective       Primal Inf.    Dual Inf.      Time
       0   -1.3064899e+32   2.837708e+34   1.306490e+02      0s
     435   -2.0754100e+30   1.468184e+33   2.075410e+00      5s
     830    3.2014273e+06   6.039090e+02   0.000000e+00     10s
    1304    3.2014275e+06   3.097020e+02   0.000000e+00     16s
    1660    3.2014276e+06   1.307367e+02   0.000000e+00     20s
    2130    3.2014277e+06   9.563553e+01   0.000000e+00     26s
    2483    3.2014277e+06   6.669240e+00   0.000000e+00     30s
    2957    3.2014277e+06   1.204423e+00   0.000000e+00     36s
    3051    3.2014277e+06   0.000000e+00   0.000000e+00     37s

Solved in 3051 iterations and 37.14 seconds (67.66 work units)
Optimal objective  3.201427699e+06
Set parameter TimeLimit to value 7.5109348473269492e+03
Set parameter Method to value 1
Gurobi Optimizer version 12.0.3 build v12.0.3rc0 (linux64 - "Ubuntu 24.04.4 LTS")

CPU model: Intel(R) Xeon(R) Silver 4316 CPU @ 2.30GHz, instruction set [SSE2|AVX|AVX2|AVX512]
Thread count: 40 physical cores, 40 logical processors, using up to 1 threads

Non-default parameters:
TimeLimit  7.5109348473269492e+03
Method  1
BarHomogeneous  1
Threads  1

Optimize a model with 785 rows, 246973 columns and 6843496 nonzeros
Coefficient statistics:
  Matrix range     [1e+00, 1e+00]
  Objective range  [1e+05, 5e+05]
  Bounds range     [0e+00, 0e+00]
  RHS range        [1e+00, 1e+00]
LP warm-start: use basis

Iteration    Objective       Primal Inf.    Dual Inf.      Time
       0   -9.1936835e+31   2.999643e+34   9.193683e+01      0s
     471    3.2014276e+06   2.288402e+02   0.000000e+00      6s
     823    3.2014277e+06   3.488850e+01   0.000000e+00     10s
    1293    3.2014277e+06   1.706717e+01   0.000000e+00     16s
    1549    3.2014277e+06   0.000000e+00   0.000000e+00     19s

Solved in 1549 iterations and 19.28 seconds (34.90 work units)
Optimal objective  3.201427684e+06
Set parameter TimeLimit to value 7.4725383350728080e+03
Set parameter Method to value 1
Gurobi Optimizer version 12.0.3 build v12.0.3rc0 (linux64 - "Ubuntu 24.04.4 LTS")

CPU model: Intel(R) Xeon(R) Silver 4316 CPU @ 2.30GHz, instruction set [SSE2|AVX|AVX2|AVX512]
Thread count: 40 physical cores, 40 logical processors, using up to 1 threads

Non-default parameters:
TimeLimit  7.4725383350728080e+03
Method  1
BarHomogeneous  1
Threads  1

Optimize a model with 785 rows, 247003 columns and 6844659 nonzeros
Coefficient statistics:
  Matrix range     [1e+00, 1e+00]
  Objective range  [1e+05, 5e+05]
  Bounds range     [0e+00, 0e+00]
  RHS range        [1e+00, 1e+00]
LP warm-start: use basis

Iteration    Objective       Primal Inf.    Dual Inf.      Time
       0   -9.7424251e+31   1.951847e+34   9.742425e+01      0s
     440   -2.8238942e+30   1.457054e+33   2.823894e+00      5s
     914   -1.8058155e+29   1.181650e+33   1.805817e-01     11s
    1266    3.2014271e+06   4.201843e+02   0.000000e+00     15s
    1734    3.2014274e+06   2.102619e+02   0.000000e+00     21s
    2088    3.2014275e+06   1.547571e+02   0.000000e+00     25s
    2562    3.2014275e+06   1.040658e+02   0.000000e+00     31s
    2919    3.2014276e+06   8.405319e+02   0.000000e+00     35s
    3388    3.2014276e+06   5.497442e+01   0.000000e+00     41s
    3743    3.2014276e+06   2.262387e+00   0.000000e+00     45s
    4066    3.2014276e+06   0.000000e+00   0.000000e+00     49s

Solved in 4066 iterations and 49.40 seconds (90.15 work units)
Optimal objective  3.201427616e+06
Set parameter TimeLimit to value 7.4024556633764878e+03
Set parameter Method to value 1
Gurobi Optimizer version 12.0.3 build v12.0.3rc0 (linux64 - "Ubuntu 24.04.4 LTS")

CPU model: Intel(R) Xeon(R) Silver 4316 CPU @ 2.30GHz, instruction set [SSE2|AVX|AVX2|AVX512]
Thread count: 40 physical cores, 40 logical processors, using up to 1 threads

Non-default parameters:
TimeLimit  7.4024556633764878e+03
Method  1
BarHomogeneous  1
Threads  1

Optimize a model with 785 rows, 247033 columns and 6845721 nonzeros
Coefficient statistics:
  Matrix range     [1e+00, 1e+00]
  Objective range  [1e+05, 5e+05]
  Bounds range     [0e+00, 0e+00]
  RHS range        [1e+00, 1e+00]
LP warm-start: use basis

Iteration    Objective       Primal Inf.    Dual Inf.      Time
       0   -7.0052583e+31   8.909424e+34   7.005259e+01      0s
     428   -3.4295645e+29   5.729292e+32   3.429565e-01      5s
     804    3.2014270e+06   3.076551e+03   0.000000e+00     10s
    1276    3.2014273e+06   5.546729e+02   0.000000e+00     16s
    1626    3.2014274e+06   1.524210e+02   0.000000e+00     20s
    2094    3.2014274e+06   3.396547e+01   0.000000e+00     26s
    2443    3.2014275e+06   6.541423e+01   0.000000e+00     30s
    2909    3.2014275e+06   7.120894e+00   0.000000e+00     36s
    3059    3.2014275e+06   0.000000e+00   0.000000e+00     38s

Solved in 3059 iterations and 37.75 seconds (68.63 work units)
Optimal objective  3.201427467e+06
Set parameter TimeLimit to value 7.3441291790124960e+03
Set parameter Method to value 1
Gurobi Optimizer version 12.0.3 build v12.0.3rc0 (linux64 - "Ubuntu 24.04.4 LTS")

CPU model: Intel(R) Xeon(R) Silver 4316 CPU @ 2.30GHz, instruction set [SSE2|AVX|AVX2|AVX512]
Thread count: 40 physical cores, 40 logical processors, using up to 1 threads

Non-default parameters:
TimeLimit  7.3441291790124960e+03
Method  1
BarHomogeneous  1
Threads  1

Optimize a model with 785 rows, 247063 columns and 6846660 nonzeros
Coefficient statistics:
  Matrix range     [1e+00, 1e+00]
  Objective range  [1e+05, 5e+05]
  Bounds range     [0e+00, 0e+00]
  RHS range        [1e+00, 1e+00]
LP warm-start: use basis

Iteration    Objective       Primal Inf.    Dual Inf.      Time
       0   -7.7236514e+31   2.767086e+34   7.723651e+01      0s
     436   -3.8798105e+29   3.667564e+32   3.879811e-01      5s
     866    3.2014271e+06   4.588074e+02   0.000000e+00     10s
    1341    3.2014273e+06   2.133355e+02   0.000000e+00     16s
    1692    3.2014273e+06   1.510601e+02   0.000000e+00     20s
    2158    3.2014273e+06   5.675884e+02   0.000000e+00     26s
    2512    3.2014274e+06   3.802708e+00   0.000000e+00     30s
    2898    3.2014274e+06   0.000000e+00   0.000000e+00     35s

Solved in 2898 iterations and 34.83 seconds (64.29 work units)
Optimal objective  3.201427365e+06
Set parameter TimeLimit to value 7.2900102094216272e+03
Set parameter Method to value 1
Gurobi Optimizer version 12.0.3 build v12.0.3rc0 (linux64 - "Ubuntu 24.04.4 LTS")

CPU model: Intel(R) Xeon(R) Silver 4316 CPU @ 2.30GHz, instruction set [SSE2|AVX|AVX2|AVX512]
Thread count: 40 physical cores, 40 logical processors, using up to 1 threads

Non-default parameters:
TimeLimit  7.2900102094216272e+03
Method  1
BarHomogeneous  1
Threads  1

Optimize a model with 785 rows, 247093 columns and 6847671 nonzeros
Coefficient statistics:
  Matrix range     [1e+00, 1e+00]
  Objective range  [1e+05, 5e+05]
  Bounds range     [0e+00, 0e+00]
  RHS range        [1e+00, 1e+00]
LP warm-start: use basis

Iteration    Objective       Primal Inf.    Dual Inf.      Time
       0   -6.1730778e+31   1.252016e+34   6.173078e+01      0s
     432   -9.8033408e+29   9.339823e+32   9.803341e-01      5s
     868    3.2014264e+06   1.078291e+03   0.000000e+00     10s
    1342    3.2014270e+06   2.853457e+02   0.000000e+00     16s
    1696    3.2014271e+06   4.333324e+02   0.000000e+00     20s
    2162    3.2014272e+06   1.098467e+02   0.000000e+00     26s
    2508    3.2014272e+06   1.394490e+02   0.000000e+00     30s
    2981    3.2014273e+06   1.388965e+01   0.000000e+00     36s
    3336    3.2014273e+06   2.112259e+01   0.000000e+00     40s
    3666    3.2014273e+06   0.000000e+00   0.000000e+00     44s

Solved in 3666 iterations and 44.18 seconds (81.64 work units)
Optimal objective  3.201427273e+06
Set parameter TimeLimit to value 7.2265016799173318e+03
Set parameter Method to value 1
Gurobi Optimizer version 12.0.3 build v12.0.3rc0 (linux64 - "Ubuntu 24.04.4 LTS")

CPU model: Intel(R) Xeon(R) Silver 4316 CPU @ 2.30GHz, instruction set [SSE2|AVX|AVX2|AVX512]
Thread count: 40 physical cores, 40 logical processors, using up to 1 threads

Non-default parameters:
TimeLimit  7.2265016799173318e+03
Method  1
BarHomogeneous  1
Threads  1

Optimize a model with 785 rows, 247123 columns and 6848643 nonzeros
Coefficient statistics:
  Matrix range     [1e+00, 1e+00]
  Objective range  [1e+05, 5e+05]
  Bounds range     [0e+00, 0e+00]
  RHS range        [1e+00, 1e+00]
LP warm-start: use basis

Iteration    Objective       Primal Inf.    Dual Inf.      Time
       0   -6.4876288e+31   2.233083e+34   6.487629e+01      0s
     430   -5.2679499e+28   3.446392e+32   5.267948e-02      5s
     898    3.2014270e+06   9.072544e+01   0.000000e+00     11s
    1249    3.2014271e+06   1.409218e+02   0.000000e+00     15s
    1718    3.2014272e+06   8.818758e+01   0.000000e+00     21s
    2069    3.2014272e+06   1.938694e+01   0.000000e+00     25s
    2539    3.2014272e+06   4.054487e+00   0.000000e+00     31s
    2820    3.2014272e+06   0.000000e+00   0.000000e+00     34s

Solved in 2820 iterations and 34.47 seconds (63.18 work units)
Optimal objective  3.201427198e+06
Set parameter TimeLimit to value 7.1717392398859374e+03
Set parameter Method to value 1
Gurobi Optimizer version 12.0.3 build v12.0.3rc0 (linux64 - "Ubuntu 24.04.4 LTS")

CPU model: Intel(R) Xeon(R) Silver 4316 CPU @ 2.30GHz, instruction set [SSE2|AVX|AVX2|AVX512]
Thread count: 40 physical cores, 40 logical processors, using up to 1 threads

Non-default parameters:
TimeLimit  7.1717392398859374e+03
Method  1
BarHomogeneous  1
Threads  1

Optimize a model with 785 rows, 247153 columns and 6849638 nonzeros
Coefficient statistics:
  Matrix range     [1e+00, 1e+00]
  Objective range  [1e+05, 5e+05]
  Bounds range     [0e+00, 0e+00]
  RHS range        [1e+00, 1e+00]
LP warm-start: use basis

Iteration    Objective       Primal Inf.    Dual Inf.      Time
       0   -5.6062135e+31   2.823833e+34   5.606213e+01      0s
     372    3.2014272e+06   0.000000e+00   0.000000e+00      5s

Solved in 372 iterations and 4.88 seconds (8.55 work units)
Optimal objective  3.201427198e+06
Set parameter TimeLimit to value 7.1489420330310240e+03
Set parameter Method to value 1
Gurobi Optimizer version 12.0.3 build v12.0.3rc0 (linux64 - "Ubuntu 24.04.4 LTS")

CPU model: Intel(R) Xeon(R) Silver 4316 CPU @ 2.30GHz, instruction set [SSE2|AVX|AVX2|AVX512]
Thread count: 40 physical cores, 40 logical processors, using up to 1 threads

Non-default parameters:
TimeLimit  7.1489420330310240e+03
Method  1
BarHomogeneous  1
Threads  1

Optimize a model with 785 rows, 247183 columns and 6850490 nonzeros
Coefficient statistics:
  Matrix range     [1e+00, 1e+00]
  Objective range  [1e+05, 5e+05]
  Bounds range     [0e+00, 0e+00]
  RHS range        [1e+00, 1e+00]
LP warm-start: use basis

Iteration    Objective       Primal Inf.    Dual Inf.      Time
       0   -5.1990849e+31   2.036134e+34   5.199085e+01      0s
     441   -4.2658478e+29   2.517370e+33   4.265847e-01      5s
     894    3.2014269e+06   1.352493e+03   0.000000e+00     11s
    1247    3.2014270e+06   4.454136e+02   0.000000e+00     15s
    1719    3.2014271e+06   1.331383e+03   0.000000e+00     21s
    2064    3.2014271e+06   2.212684e+02   0.000000e+00     25s
    2527    3.2014271e+06   3.936172e+01   0.000000e+00     31s
    2878    3.2014271e+06   3.975518e+00   0.000000e+00     35s
    3099    3.2014271e+06   0.000000e+00   0.000000e+00     38s

Solved in 3099 iterations and 37.87 seconds (69.33 work units)
Optimal objective  3.201427129e+06
Set parameter TimeLimit to value 7.0915784906530753e+03
Set parameter Method to value 1
Gurobi Optimizer version 12.0.3 build v12.0.3rc0 (linux64 - "Ubuntu 24.04.4 LTS")

CPU model: Intel(R) Xeon(R) Silver 4316 CPU @ 2.30GHz, instruction set [SSE2|AVX|AVX2|AVX512]
Thread count: 40 physical cores, 40 logical processors, using up to 1 threads

Non-default parameters:
TimeLimit  7.0915784906530753e+03
Method  1
BarHomogeneous  1
Threads  1

Optimize a model with 785 rows, 247213 columns and 6851551 nonzeros
Coefficient statistics:
  Matrix range     [1e+00, 1e+00]
  Objective range  [1e+05, 5e+05]
  Bounds range     [0e+00, 0e+00]
  RHS range        [1e+00, 1e+00]
LP warm-start: use basis

Iteration    Objective       Primal Inf.    Dual Inf.      Time
       0   -5.9456793e+31   1.297552e+34   5.945679e+01      0s
     430   -2.8979404e+28   4.297867e+32   2.897939e-02      5s
     801    3.2014269e+06   1.382557e+02   0.000000e+00     10s
    1271    3.2014270e+06   3.377866e+01   0.000000e+00     16s
    1613    3.2014270e+06   4.531815e+01   0.000000e+00     20s
    2082    3.2014271e+06   2.127972e+01   0.000000e+00     26s
    2430    3.2014271e+06   1.784050e-01   0.000000e+00     30s
    2448    3.2014271e+06   0.000000e+00   0.000000e+00     31s

Solved in 2448 iterations and 30.55 seconds (55.28 work units)
Optimal objective  3.201427062e+06
Set parameter TimeLimit to value 7.0408804969782941e+03
Set parameter Method to value 1
Gurobi Optimizer version 12.0.3 build v12.0.3rc0 (linux64 - "Ubuntu 24.04.4 LTS")

CPU model: Intel(R) Xeon(R) Silver 4316 CPU @ 2.30GHz, instruction set [SSE2|AVX|AVX2|AVX512]
Thread count: 40 physical cores, 40 logical processors, using up to 1 threads

Non-default parameters:
TimeLimit  7.0408804969782941e+03
Method  1
BarHomogeneous  1
Threads  1

Optimize a model with 785 rows, 247243 columns and 6852632 nonzeros
Coefficient statistics:
  Matrix range     [1e+00, 1e+00]
  Objective range  [1e+05, 5e+05]
  Bounds range     [0e+00, 0e+00]
  RHS range        [1e+00, 1e+00]
LP warm-start: use basis

Iteration    Objective       Primal Inf.    Dual Inf.      Time
       0   -5.1720064e+31   1.074313e+34   5.172006e+01      0s
     425   -3.6144782e+29   7.090497e+32   3.614478e-01      5s
     819    3.2014267e+06   1.303985e+03   0.000000e+00     10s
    1287    3.2014269e+06   1.995411e+02   0.000000e+00     16s
    1636    3.2014269e+06   1.104313e+02   0.000000e+00     20s
    2105    3.2014270e+06   1.313665e+02   0.000000e+00     26s
    2455    3.2014270e+06   1.675480e+01   0.000000e+00     30s
    2930    3.2014270e+06   4.807809e-01   0.000000e+00     36s
    3022    3.2014270e+06   0.000000e+00   0.000000e+00     37s

Solved in 3022 iterations and 37.24 seconds (67.76 work units)
Optimal objective  3.201427003e+06
Set parameter TimeLimit to value 6984.61473367596
Set parameter Method to value 1
Gurobi Optimizer version 12.0.3 build v12.0.3rc0 (linux64 - "Ubuntu 24.04.4 LTS")

CPU model: Intel(R) Xeon(R) Silver 4316 CPU @ 2.30GHz, instruction set [SSE2|AVX|AVX2|AVX512]
Thread count: 40 physical cores, 40 logical processors, using up to 1 threads

Non-default parameters:
TimeLimit  6984.61473367596
Method  1
BarHomogeneous  1
Threads  1

Optimize a model with 785 rows, 247273 columns and 6853715 nonzeros
Coefficient statistics:
  Matrix range     [1e+00, 1e+00]
  Objective range  [1e+05, 5e+05]
  Bounds range     [0e+00, 0e+00]
  RHS range        [1e+00, 1e+00]
LP warm-start: use basis

Iteration    Objective       Primal Inf.    Dual Inf.      Time
       0   -6.2228568e+31   3.350699e+34   6.222857e+01      0s
     456   -1.1182327e+30   9.412412e+32   1.118233e+00      5s
     962    3.2014264e+06   1.960978e+03   0.000000e+00     11s
    1319    3.2014267e+06   1.928412e+03   0.000000e+00     16s
    1787    3.2014268e+06   1.334840e+02   0.000000e+00     21s
    2137    3.2014269e+06   2.498565e+02   0.000000e+00     26s
    2602    3.2014269e+06   5.953889e+01   0.000000e+00     31s
    2954    3.2014269e+06   1.709699e+01   0.000000e+00     36s
    3424    3.2014269e+06   1.246505e+00   0.000000e+00     41s
    3571    3.2014269e+06   0.000000e+00   0.000000e+00     43s

Solved in 3571 iterations and 43.20 seconds (78.68 work units)
Optimal objective  3.201426941e+06
Set parameter TimeLimit to value 6.9209078671904281e+03
Set parameter Method to value 1
Gurobi Optimizer version 12.0.3 build v12.0.3rc0 (linux64 - "Ubuntu 24.04.4 LTS")

CPU model: Intel(R) Xeon(R) Silver 4316 CPU @ 2.30GHz, instruction set [SSE2|AVX|AVX2|AVX512]
Thread count: 40 physical cores, 40 logical processors, using up to 1 threads

Non-default parameters:
TimeLimit  6.9209078671904281e+03
Method  1
BarHomogeneous  1
Threads  1

Optimize a model with 785 rows, 247303 columns and 6854828 nonzeros
Coefficient statistics:
  Matrix range     [1e+00, 1e+00]
  Objective range  [1e+05, 5e+05]
  Bounds range     [0e+00, 0e+00]
  RHS range        [1e+00, 1e+00]
LP warm-start: use basis

Iteration    Objective       Primal Inf.    Dual Inf.      Time
       0   -4.7958600e+31   1.866358e+34   4.795860e+01      0s
     453   -7.8299299e+29   6.701617e+32   7.829929e-01      5s
     968    3.2014261e+06   1.120693e+03   0.000000e+00     11s
    1323    3.2014264e+06   7.101728e+02   0.000000e+00     16s
    1678    3.2014265e+06   8.035378e+02   0.000000e+00     20s
    2149    3.2014267e+06   3.795512e+02   0.000000e+00     26s
    2506    3.2014267e+06   3.539927e+02   0.000000e+00     30s
    2973    3.2014268e+06   1.046034e+02   0.000000e+00     36s
    3328    3.2014268e+06   1.723677e+01   0.000000e+00     40s
    3796    3.2014268e+06   6.711732e+01   0.000000e+00     46s
    4151    3.2014268e+06   8.417623e+01   0.000000e+00     50s
    4239    3.2014268e+06   0.000000e+00   0.000000e+00     52s

Solved in 4239 iterations and 51.58 seconds (93.86 work units)
Optimal objective  3.201426823e+06
Set parameter TimeLimit to value 6.8485297977984883e+03
Set parameter Method to value 1
Gurobi Optimizer version 12.0.3 build v12.0.3rc0 (linux64 - "Ubuntu 24.04.4 LTS")

CPU model: Intel(R) Xeon(R) Silver 4316 CPU @ 2.30GHz, instruction set [SSE2|AVX|AVX2|AVX512]
Thread count: 40 physical cores, 40 logical processors, using up to 1 threads

Non-default parameters:
TimeLimit  6.8485297977984883e+03
Method  1
BarHomogeneous  1
Threads  1

Optimize a model with 785 rows, 247333 columns and 6855818 nonzeros
Coefficient statistics:
  Matrix range     [1e+00, 1e+00]
  Objective range  [1e+05, 5e+05]
  Bounds range     [0e+00, 0e+00]
  RHS range        [1e+00, 1e+00]
LP warm-start: use basis

Iteration    Objective       Primal Inf.    Dual Inf.      Time
       0   -5.8547702e+31   2.395871e+34   5.854770e+01      0s
     434    3.2014266e+06   6.454574e+02   0.000000e+00      5s
     911    3.2014267e+06   1.181577e+02   0.000000e+00     11s
    1257    3.2014268e+06   2.285295e+01   0.000000e+00     15s
    1729    3.2014268e+06   3.896978e+00   0.000000e+00     21s
    1912    3.2014268e+06   0.000000e+00   0.000000e+00     23s

Solved in 1912 iterations and 23.46 seconds (42.57 work units)
Optimal objective  3.201426779e+06
Set parameter TimeLimit to value 6.8049689268688671e+03
Set parameter Method to value 1
Gurobi Optimizer version 12.0.3 build v12.0.3rc0 (linux64 - "Ubuntu 24.04.4 LTS")

CPU model: Intel(R) Xeon(R) Silver 4316 CPU @ 2.30GHz, instruction set [SSE2|AVX|AVX2|AVX512]
Thread count: 40 physical cores, 40 logical processors, using up to 1 threads

Non-default parameters:
TimeLimit  6.8049689268688671e+03
Method  1
BarHomogeneous  1
Threads  1

Optimize a model with 785 rows, 247363 columns and 6856675 nonzeros
Coefficient statistics:
  Matrix range     [1e+00, 1e+00]
  Objective range  [1e+05, 5e+05]
  Bounds range     [0e+00, 0e+00]
  RHS range        [1e+00, 1e+00]
LP warm-start: use basis

Iteration    Objective       Primal Inf.    Dual Inf.      Time
       0   -5.1121617e+31   1.704139e+34   5.112162e+01      0s
     433   -1.2220162e+29   7.044966e+32   1.222016e-01      5s
     870    3.2014266e+06   3.788843e+02   0.000000e+00     10s
    1345    3.2014267e+06   1.997974e+02   0.000000e+00     16s
    1695    3.2014267e+06   7.276885e+01   0.000000e+00     21s
    2168    3.2014267e+06   8.453810e+01   0.000000e+00     26s
    2516    3.2014268e+06   9.624008e+00   0.000000e+00     31s
    2830    3.2014268e+06   0.000000e+00   0.000000e+00     35s

Solved in 2830 iterations and 34.63 seconds (62.92 work units)
Optimal objective  3.201426758e+06
Set parameter TimeLimit to value 6.7509253250258043e+03
Set parameter Method to value 1
Gurobi Optimizer version 12.0.3 build v12.0.3rc0 (linux64 - "Ubuntu 24.04.4 LTS")

CPU model: Intel(R) Xeon(R) Silver 4316 CPU @ 2.30GHz, instruction set [SSE2|AVX|AVX2|AVX512]
Thread count: 40 physical cores, 40 logical processors, using up to 1 threads

Non-default parameters:
TimeLimit  6.7509253250258043e+03
Method  1
BarHomogeneous  1
Threads  1

Optimize a model with 785 rows, 247393 columns and 6857523 nonzeros
Coefficient statistics:
  Matrix range     [1e+00, 1e+00]
  Objective range  [1e+05, 5e+05]
  Bounds range     [0e+00, 0e+00]
  RHS range        [1e+00, 1e+00]
LP warm-start: use basis

Iteration    Objective       Primal Inf.    Dual Inf.      Time
       0   -5.6881165e+31   3.016844e+34   5.688116e+01      0s
     417    3.2014268e+06   7.836844e+01   0.000000e+00      5s
     647    3.2014268e+06   0.000000e+00   0.000000e+00      8s

Solved in 647 iterations and 8.29 seconds (14.77 work units)
Optimal objective  3.201426756e+06
Set parameter TimeLimit to value 6.7230182635271922e+03
Set parameter Method to value 1
Gurobi Optimizer version 12.0.3 build v12.0.3rc0 (linux64 - "Ubuntu 24.04.4 LTS")

CPU model: Intel(R) Xeon(R) Silver 4316 CPU @ 2.30GHz, instruction set [SSE2|AVX|AVX2|AVX512]
Thread count: 40 physical cores, 40 logical processors, using up to 1 threads

Non-default parameters:
TimeLimit  6.7230182635271922e+03
Method  1
BarHomogeneous  1
Threads  1

Optimize a model with 785 rows, 247423 columns and 6858302 nonzeros
Coefficient statistics:
  Matrix range     [1e+00, 1e+00]
  Objective range  [1e+05, 5e+05]
  Bounds range     [0e+00, 0e+00]
  RHS range        [1e+00, 1e+00]
LP warm-start: use basis

Iteration    Objective       Primal Inf.    Dual Inf.      Time
       0   -4.0496385e+31   1.068876e+34   4.049639e+01      0s
     429   -7.9619705e+29   7.681089e+32   7.961971e-01      5s
     814    3.2014259e+06   9.597079e+02   0.000000e+00     10s
    1280    3.2014264e+06   2.563094e+03   0.000000e+00     16s
    1630    3.2014265e+06   5.241333e+01   0.000000e+00     20s
    2093    3.2014265e+06   1.876981e+02   0.000000e+00     26s
    2447    3.2014266e+06   7.717728e+01   0.000000e+00     30s
    2914    3.2014266e+06   3.001730e+01   0.000000e+00     36s
    3264    3.2014266e+06   4.887334e+00   0.000000e+00     40s
    3510    3.2014266e+06   0.000000e+00   0.000000e+00     43s

Solved in 3510 iterations and 43.46 seconds (79.41 work units)
Optimal objective  3.201426607e+06
Set parameter TimeLimit to value 6.6591103350408375e+03
Set parameter Method to value 1
Gurobi Optimizer version 12.0.3 build v12.0.3rc0 (linux64 - "Ubuntu 24.04.4 LTS")

CPU model: Intel(R) Xeon(R) Silver 4316 CPU @ 2.30GHz, instruction set [SSE2|AVX|AVX2|AVX512]
Thread count: 40 physical cores, 40 logical processors, using up to 1 threads

Non-default parameters:
TimeLimit  6.6591103350408375e+03
Method  1
BarHomogeneous  1
Threads  1

Optimize a model with 785 rows, 247453 columns and 6859276 nonzeros
Coefficient statistics:
  Matrix range     [1e+00, 1e+00]
  Objective range  [1e+05, 5e+05]
  Bounds range     [0e+00, 0e+00]
  RHS range        [1e+00, 1e+00]
LP warm-start: use basis

Iteration    Objective       Primal Inf.    Dual Inf.      Time
       0   -6.0278561e+31   1.255131e+34   6.027856e+01      0s
     429   -2.1388093e+30   1.782319e+33   2.138809e+00      5s
     904    3.2014257e+06   2.769254e+03   0.000000e+00     11s
    1258    3.2014260e+06   8.224704e+02   0.000000e+00     15s
    1734    3.2014262e+06   2.459677e+02   0.000000e+00     21s
    2091    3.2014263e+06   2.259985e+02   0.000000e+00     25s
    2559    3.2014264e+06   7.480539e+01   0.000000e+00     31s
    2918    3.2014264e+06   1.232573e+02   0.000000e+00     36s
    3392    3.2014264e+06   2.169939e+01   0.000000e+00     41s
    3749    3.2014264e+06   4.148506e+00   0.000000e+00     46s
    4064    3.2014264e+06   0.000000e+00   0.000000e+00     50s

Solved in 4064 iterations and 49.55 seconds (90.49 work units)
Optimal objective  3.201426436e+06
Set parameter TimeLimit to value 6.5889718501847237e+03
Set parameter Method to value 1
Gurobi Optimizer version 12.0.3 build v12.0.3rc0 (linux64 - "Ubuntu 24.04.4 LTS")

CPU model: Intel(R) Xeon(R) Silver 4316 CPU @ 2.30GHz, instruction set [SSE2|AVX|AVX2|AVX512]
Thread count: 40 physical cores, 40 logical processors, using up to 1 threads

Non-default parameters:
TimeLimit  6.5889718501847237e+03
Method  1
BarHomogeneous  1
Threads  1

Optimize a model with 785 rows, 247483 columns and 6860495 nonzeros
Coefficient statistics:
  Matrix range     [1e+00, 1e+00]
  Objective range  [1e+05, 5e+05]
  Bounds range     [0e+00, 0e+00]
  RHS range        [1e+00, 1e+00]
LP warm-start: use basis

Iteration    Objective       Primal Inf.    Dual Inf.      Time
       0   -6.2830753e+31   1.021281e+34   6.283075e+01      0s
     431   -1.5067530e+30   1.941498e+33   1.506753e+00      5s
     910    3.2014258e+06   1.144066e+03   0.000000e+00     11s
    1264    3.2014261e+06   3.852499e+02   0.000000e+00     16s
    1730    3.2014263e+06   1.194971e+03   0.000000e+00     21s
    2077    3.2014263e+06   2.503635e+02   0.000000e+00     26s
    2538    3.2014263e+06   5.475273e+01   0.000000e+00     31s
    2889    3.2014264e+06   3.404211e+01   0.000000e+00     36s
    3243    3.2014264e+06   2.232056e+01   0.000000e+00     40s
    3348    3.2014264e+06   0.000000e+00   0.000000e+00     41s

Solved in 3348 iterations and 41.39 seconds (75.11 work units)
Optimal objective  3.201426370e+06
Set parameter TimeLimit to value 6.5269947542943992e+03
Set parameter Method to value 1
Gurobi Optimizer version 12.0.3 build v12.0.3rc0 (linux64 - "Ubuntu 24.04.4 LTS")

CPU model: Intel(R) Xeon(R) Silver 4316 CPU @ 2.30GHz, instruction set [SSE2|AVX|AVX2|AVX512]
Thread count: 40 physical cores, 40 logical processors, using up to 1 threads

Non-default parameters:
TimeLimit  6.5269947542943992e+03
Method  1
BarHomogeneous  1
Threads  1

Optimize a model with 785 rows, 247513 columns and 6861661 nonzeros
Coefficient statistics:
  Matrix range     [1e+00, 1e+00]
  Objective range  [1e+05, 5e+05]
  Bounds range     [0e+00, 0e+00]
  RHS range        [1e+00, 1e+00]
LP warm-start: use basis

Iteration    Objective       Primal Inf.    Dual Inf.      Time
       0   -5.7124906e+31   1.228487e+34   5.712491e+01      0s
     428   -3.3899167e+28   1.242744e+32   3.389917e-02      5s
     903    3.2014263e+06   1.094866e+03   0.000000e+00     11s
    1260    3.2014263e+06   4.874471e+01   0.000000e+00     16s
    1728    3.2014263e+06   5.837589e+00   0.000000e+00     21s
    1938    3.2014263e+06   0.000000e+00   0.000000e+00     24s

Solved in 1938 iterations and 23.88 seconds (43.38 work units)
Optimal objective  3.201426343e+06
Set parameter TimeLimit to value 6484.04690140672
Set parameter Method to value 1
Gurobi Optimizer version 12.0.3 build v12.0.3rc0 (linux64 - "Ubuntu 24.04.4 LTS")

CPU model: Intel(R) Xeon(R) Silver 4316 CPU @ 2.30GHz, instruction set [SSE2|AVX|AVX2|AVX512]
Thread count: 40 physical cores, 40 logical processors, using up to 1 threads

Non-default parameters:
TimeLimit  6484.04690140672
Method  1
BarHomogeneous  1
Threads  1

Optimize a model with 785 rows, 247543 columns and 6862392 nonzeros
Coefficient statistics:
  Matrix range     [1e+00, 1e+00]
  Objective range  [1e+05, 5e+05]
  Bounds range     [0e+00, 0e+00]
  RHS range        [1e+00, 1e+00]
LP warm-start: use basis

Iteration    Objective       Primal Inf.    Dual Inf.      Time
       0   -4.1068295e+31   1.250412e+34   4.106829e+01      0s
     428   -3.1069528e+30   1.655963e+33   3.106953e+00      5s
     863   -7.9465129e+27   1.922299e+32   7.946503e-03     10s
    1330    3.2014256e+06   7.805454e+02   0.000000e+00     16s
    1683    3.2014258e+06   6.420299e+02   0.000000e+00     20s
    2150    3.2014259e+06   9.413191e+02   0.000000e+00     26s
    2505    3.2014260e+06   1.472005e+02   0.000000e+00     30s
    2975    3.2014260e+06   6.461322e+01   0.000000e+00     36s
    3329    3.2014261e+06   1.184790e+02   0.000000e+00     40s
    3802    3.2014261e+06   1.484680e+01   0.000000e+00     46s
    4154    3.2014261e+06   2.014717e-04   0.000000e+00     51s
    4157    3.2014261e+06   0.000000e+00   0.000000e+00     51s

Solved in 4157 iterations and 50.71 seconds (92.68 work units)
Optimal objective  3.201426090e+06
Set parameter TimeLimit to value 6.4126933195311576e+03
Set parameter Method to value 1
Gurobi Optimizer version 12.0.3 build v12.0.3rc0 (linux64 - "Ubuntu 24.04.4 LTS")

CPU model: Intel(R) Xeon(R) Silver 4316 CPU @ 2.30GHz, instruction set [SSE2|AVX|AVX2|AVX512]
Thread count: 40 physical cores, 40 logical processors, using up to 1 threads

Non-default parameters:
TimeLimit  6.4126933195311576e+03
Method  1
BarHomogeneous  1
Threads  1

Optimize a model with 785 rows, 247573 columns and 6863307 nonzeros
Coefficient statistics:
  Matrix range     [1e+00, 1e+00]
  Objective range  [1e+05, 5e+05]
  Bounds range     [0e+00, 0e+00]
  RHS range        [1e+00, 1e+00]
LP warm-start: use basis

Iteration    Objective       Primal Inf.    Dual Inf.      Time
       0   -5.4142022e+31   1.695905e+34   5.414202e+01      0s
     440   -1.0163042e+30   5.836766e+32   1.016304e+00      5s
     910    3.2014251e+06   1.528362e+03   0.000000e+00     11s
    1267    3.2014254e+06   5.153514e+02   0.000000e+00     15s
    1737    3.2014256e+06   5.455454e+02   0.000000e+00     21s
    2091    3.2014258e+06   2.435503e+02   0.000000e+00     25s
    2563    3.2014259e+06   6.012960e+01   0.000000e+00     31s
    2918    3.2014259e+06   2.278016e+01   0.000000e+00     35s
    3391    3.2014259e+06   5.628146e+01   0.000000e+00     41s
    3746    3.2014260e+06   4.262517e+00   0.000000e+00     46s
    3940    3.2014260e+06   0.000000e+00   0.000000e+00     48s

Solved in 3940 iterations and 48.05 seconds (87.68 work units)
Optimal objective  3.201425959e+06
Set parameter TimeLimit to value 6.3439029642827809e+03
Set parameter Method to value 1
Gurobi Optimizer version 12.0.3 build v12.0.3rc0 (linux64 - "Ubuntu 24.04.4 LTS")

CPU model: Intel(R) Xeon(R) Silver 4316 CPU @ 2.30GHz, instruction set [SSE2|AVX|AVX2|AVX512]
Thread count: 40 physical cores, 40 logical processors, using up to 1 threads

Non-default parameters:
TimeLimit  6.3439029642827809e+03
Method  1
BarHomogeneous  1
Threads  1

Optimize a model with 785 rows, 247603 columns and 6864292 nonzeros
Coefficient statistics:
  Matrix range     [1e+00, 1e+00]
  Objective range  [1e+05, 5e+05]
  Bounds range     [0e+00, 0e+00]
  RHS range        [1e+00, 1e+00]
LP warm-start: use basis

Iteration    Objective       Primal Inf.    Dual Inf.      Time
       0   -3.9590533e+31   7.167756e+33   3.959053e+01      0s
     433   -4.4386045e+29   1.389887e+33   4.438605e-01      5s
     911    3.2014257e+06   3.047636e+02   0.000000e+00     11s
    1269    3.2014258e+06   3.245693e+02   0.000000e+00     16s
    1744    3.2014258e+06   1.310896e+02   0.000000e+00     21s
    2098    3.2014259e+06   7.967814e+01   0.000000e+00     26s
    2456    3.2014259e+06   2.561986e+01   0.000000e+00     30s
    2933    3.2014259e+06   0.000000e+00   0.000000e+00     36s

Solved in 2933 iterations and 35.91 seconds (65.40 work units)
Optimal objective  3.201425889e+06
Set parameter TimeLimit to value 6.2874291511708871e+03
Set parameter Method to value 1
Gurobi Optimizer version 12.0.3 build v12.0.3rc0 (linux64 - "Ubuntu 24.04.4 LTS")

CPU model: Intel(R) Xeon(R) Silver 4316 CPU @ 2.30GHz, instruction set [SSE2|AVX|AVX2|AVX512]
Thread count: 40 physical cores, 40 logical processors, using up to 1 threads

Non-default parameters:
TimeLimit  6.2874291511708871e+03
Method  1
BarHomogeneous  1
Threads  1

Optimize a model with 785 rows, 247633 columns and 6865480 nonzeros
Coefficient statistics:
  Matrix range     [1e+00, 1e+00]
  Objective range  [1e+05, 5e+05]
  Bounds range     [0e+00, 0e+00]
  RHS range        [1e+00, 1e+00]
LP warm-start: use basis

Iteration    Objective       Primal Inf.    Dual Inf.      Time
       0   -4.6677543e+31   1.414506e+34   4.667754e+01      0s
     466   -1.2336976e+29   9.296738e+32   1.233698e-01      5s
     968    3.2014256e+06   5.077423e+02   0.000000e+00     11s
    1322    3.2014257e+06   6.000321e+02   0.000000e+00     16s
    1797    3.2014258e+06   8.498447e+01   0.000000e+00     21s
    2152    3.2014258e+06   2.468092e+01   0.000000e+00     26s
    2507    3.2014258e+06   1.740117e+01   0.000000e+00     30s
    2828    3.2014258e+06   0.000000e+00   0.000000e+00     34s

Solved in 2828 iterations and 34.27 seconds (62.10 work units)
Optimal objective  3.201425831e+06
Set parameter TimeLimit to value 6.2345431870305911e+03
Set parameter Method to value 1
Gurobi Optimizer version 12.0.3 build v12.0.3rc0 (linux64 - "Ubuntu 24.04.4 LTS")

CPU model: Intel(R) Xeon(R) Silver 4316 CPU @ 2.30GHz, instruction set [SSE2|AVX|AVX2|AVX512]
Thread count: 40 physical cores, 40 logical processors, using up to 1 threads

Non-default parameters:
TimeLimit  6.2345431870305911e+03
Method  1
BarHomogeneous  1
Threads  1

Optimize a model with 785 rows, 247663 columns and 6866608 nonzeros
Coefficient statistics:
  Matrix range     [1e+00, 1e+00]
  Objective range  [1e+05, 5e+05]
  Bounds range     [0e+00, 0e+00]
  RHS range        [1e+00, 1e+00]
LP warm-start: use basis

Iteration    Objective       Primal Inf.    Dual Inf.      Time
       0   -4.0842899e+31   4.280989e+34   4.084290e+01      0s
     440    3.2014255e+06   2.529585e+02   0.000000e+00      5s
     910    3.2014257e+06   3.744211e+02   0.000000e+00     11s
    1264    3.2014258e+06   7.073136e+01   0.000000e+00     16s
    1738    3.2014258e+06   4.400630e+00   0.000000e+00     21s
    2096    3.2014258e+06   1.614668e-01   0.000000e+00     26s
    2119    3.2014258e+06   0.000000e+00   0.000000e+00     26s

Solved in 2119 iterations and 26.09 seconds (47.17 work units)
Optimal objective  3.201425803e+06
Set parameter TimeLimit to value 6.1860417023305781e+03
Set parameter Method to value 1
Gurobi Optimizer version 12.0.3 build v12.0.3rc0 (linux64 - "Ubuntu 24.04.4 LTS")

CPU model: Intel(R) Xeon(R) Silver 4316 CPU @ 2.30GHz, instruction set [SSE2|AVX|AVX2|AVX512]
Thread count: 40 physical cores, 40 logical processors, using up to 1 threads

Non-default parameters:
TimeLimit  6.1860417023305781e+03
Method  1
BarHomogeneous  1
Threads  1

Optimize a model with 785 rows, 247693 columns and 6867572 nonzeros
Coefficient statistics:
  Matrix range     [1e+00, 1e+00]
  Objective range  [1e+05, 5e+05]
  Bounds range     [0e+00, 0e+00]
  RHS range        [1e+00, 1e+00]
LP warm-start: use basis

Iteration    Objective       Primal Inf.    Dual Inf.      Time
       0   -3.6329110e+31   3.655717e+34   3.632911e+01      0s
     400    3.2014256e+06   1.048209e+03   0.000000e+00      5s
     876    3.2014258e+06   2.640574e+02   0.000000e+00     11s
    1233    3.2014258e+06   4.777634e+01   0.000000e+00     16s
    1587    3.2014258e+06   1.125715e+00   0.000000e+00     20s
    1747    3.2014258e+06   0.000000e+00   0.000000e+00     23s

Solved in 1747 iterations and 22.57 seconds (38.61 work units)
Optimal objective  3.201425787e+06
Set parameter TimeLimit to value 6.1439089232282713e+03
Set parameter Method to value 1
Gurobi Optimizer version 12.0.3 build v12.0.3rc0 (linux64 - "Ubuntu 24.04.4 LTS")

CPU model: Intel(R) Xeon(R) Silver 4316 CPU @ 2.30GHz, instruction set [SSE2|AVX|AVX2|AVX512]
Thread count: 40 physical cores, 40 logical processors, using up to 1 threads

Non-default parameters:
TimeLimit  6.1439089232282713e+03
Method  1
BarHomogeneous  1
Threads  1

Optimize a model with 785 rows, 247723 columns and 6868521 nonzeros
Coefficient statistics:
  Matrix range     [1e+00, 1e+00]
  Objective range  [1e+05, 5e+05]
  Bounds range     [0e+00, 0e+00]
  RHS range        [1e+00, 1e+00]
LP warm-start: use basis

Iteration    Objective       Primal Inf.    Dual Inf.      Time
       0   -3.3444201e+31   9.733530e+33   3.344420e+01      0s
     448   -2.9610153e+29   7.724133e+32   2.961016e-01      5s
     884    3.2014255e+06   8.535720e+02   0.000000e+00     11s
    1240    3.2014256e+06   1.740483e+03   0.000000e+00     16s
    1599    3.2014257e+06   1.002675e+02   0.000000e+00     20s
    2075    3.2014257e+06   1.915789e+02   0.000000e+00     26s
    2432    3.2014257e+06   9.594687e+00   0.000000e+00     31s
    2792    3.2014257e+06   1.355237e+01   0.000000e+00     36s
    3149    3.2014257e+06   0.000000e+00   0.000000e+00     40s

Solved in 3149 iterations and 40.45 seconds (69.59 work units)
Optimal objective  3.201425722e+06
Set parameter TimeLimit to value 6082.37153307721
Set parameter Method to value 1
Gurobi Optimizer version 12.0.3 build v12.0.3rc0 (linux64 - "Ubuntu 24.04.4 LTS")

CPU model: Intel(R) Xeon(R) Silver 4316 CPU @ 2.30GHz, instruction set [SSE2|AVX|AVX2|AVX512]
Thread count: 40 physical cores, 40 logical processors, using up to 1 threads

Non-default parameters:
TimeLimit  6082.37153307721
Method  1
BarHomogeneous  1
Threads  1

Optimize a model with 785 rows, 247753 columns and 6869500 nonzeros
Coefficient statistics:
  Matrix range     [1e+00, 1e+00]
  Objective range  [1e+05, 5e+05]
  Bounds range     [0e+00, 0e+00]
  RHS range        [1e+00, 1e+00]
LP warm-start: use basis

Iteration    Objective       Primal Inf.    Dual Inf.      Time
       0   -2.8290495e+31   1.083749e+34   2.829049e+01      0s
     452   -3.7898710e+29   1.995536e+33   3.789872e-01      5s
     849    3.2014254e+06   1.591857e+03   0.000000e+00     10s
    1327    3.2014256e+06   5.659700e+01   0.000000e+00     16s
    1683    3.2014256e+06   3.832587e+01   0.000000e+00     21s
    2037    3.2014257e+06   8.565915e+01   0.000000e+00     25s
    2509    3.2014257e+06   3.899176e+00   0.000000e+00     31s
    2861    3.2014257e+06   1.947036e-01   0.000000e+00     35s
    2943    3.2014257e+06   0.000000e+00   0.000000e+00     37s

Solved in 2943 iterations and 36.52 seconds (64.84 work units)
Optimal objective  3.201425683e+06
Set parameter TimeLimit to value 6.0256029369146563e+03
Set parameter Method to value 1
Gurobi Optimizer version 12.0.3 build v12.0.3rc0 (linux64 - "Ubuntu 24.04.4 LTS")

CPU model: Intel(R) Xeon(R) Silver 4316 CPU @ 2.30GHz, instruction set [SSE2|AVX|AVX2|AVX512]
Thread count: 40 physical cores, 40 logical processors, using up to 1 threads

Non-default parameters:
TimeLimit  6.0256029369146563e+03
Method  1
BarHomogeneous  1
Threads  1

Optimize a model with 785 rows, 247783 columns and 6870495 nonzeros
Coefficient statistics:
  Matrix range     [1e+00, 1e+00]
  Objective range  [1e+05, 5e+05]
  Bounds range     [0e+00, 0e+00]
  RHS range        [1e+00, 1e+00]
LP warm-start: use basis

Iteration    Objective       Primal Inf.    Dual Inf.      Time
       0   -3.1750837e+31   8.285736e+33   3.175084e+01      0s
     446   -1.6334574e+30   2.142478e+33   1.633457e+00      5s
     922    3.2014248e+06   3.275950e+02   0.000000e+00     11s
    1279    3.2014251e+06   4.675648e+02   0.000000e+00     16s
    1751    3.2014254e+06   2.493562e+02   0.000000e+00     21s
    2105    3.2014254e+06   2.656022e+02   0.000000e+00     26s
    2453    3.2014255e+06   2.242031e+02   0.000000e+00     30s
    2920    3.2014255e+06   1.562348e+01   0.000000e+00     36s
    3269    3.2014255e+06   6.037768e+01   0.000000e+00     40s
    3743    3.2014256e+06   1.501496e+01   0.000000e+00     46s
    4072    3.2014256e+06   0.000000e+00   0.000000e+00     50s

Solved in 4072 iterations and 50.16 seconds (90.09 work units)
Optimal objective  3.201425566e+06
Set parameter TimeLimit to value 5.9559066496025771e+03
Set parameter Method to value 1
Gurobi Optimizer version 12.0.3 build v12.0.3rc0 (linux64 - "Ubuntu 24.04.4 LTS")

CPU model: Intel(R) Xeon(R) Silver 4316 CPU @ 2.30GHz, instruction set [SSE2|AVX|AVX2|AVX512]
Thread count: 40 physical cores, 40 logical processors, using up to 1 threads

Non-default parameters:
TimeLimit  5.9559066496025771e+03
Method  1
BarHomogeneous  1
Threads  1

Optimize a model with 785 rows, 247813 columns and 6871441 nonzeros
Coefficient statistics:
  Matrix range     [1e+00, 1e+00]
  Objective range  [1e+05, 5e+05]
  Bounds range     [0e+00, 0e+00]
  RHS range        [1e+00, 1e+00]
LP warm-start: use basis

Iteration    Objective       Primal Inf.    Dual Inf.      Time
       0   -3.0288083e+31   1.740170e+34   3.028808e+01      0s
     510    3.2014256e+06   1.265047e+02   0.000000e+00      6s
     869    3.2014256e+06   1.312728e+01   0.000000e+00     11s
     938    3.2014256e+06   0.000000e+00   0.000000e+00     12s

Solved in 938 iterations and 11.78 seconds (20.94 work units)
Optimal objective  3.201425566e+06
Set parameter TimeLimit to value 5.9240234056576155e+03
Set parameter Method to value 1
Gurobi Optimizer version 12.0.3 build v12.0.3rc0 (linux64 - "Ubuntu 24.04.4 LTS")

CPU model: Intel(R) Xeon(R) Silver 4316 CPU @ 2.30GHz, instruction set [SSE2|AVX|AVX2|AVX512]
Thread count: 40 physical cores, 40 logical processors, using up to 1 threads

Non-default parameters:
TimeLimit  5.9240234056576155e+03
Method  1
BarHomogeneous  1
Threads  1

Optimize a model with 785 rows, 247843 columns and 6872257 nonzeros
Coefficient statistics:
  Matrix range     [1e+00, 1e+00]
  Objective range  [1e+05, 5e+05]
  Bounds range     [0e+00, 0e+00]
  RHS range        [1e+00, 1e+00]
LP warm-start: use basis

Iteration    Objective       Primal Inf.    Dual Inf.      Time
       0   -3.4522674e+31   4.739383e+34   3.452267e+01      0s
     131    3.2014256e+06   0.000000e+00   0.000000e+00      2s

Solved in 131 iterations and 2.13 seconds (3.36 work units)
Optimal objective  3.201425566e+06
Set parameter TimeLimit to value 5.9050288011957891e+03
Set parameter Method to value 1
Gurobi Optimizer version 12.0.3 build v12.0.3rc0 (linux64 - "Ubuntu 24.04.4 LTS")

CPU model: Intel(R) Xeon(R) Silver 4316 CPU @ 2.30GHz, instruction set [SSE2|AVX|AVX2|AVX512]
Thread count: 40 physical cores, 40 logical processors, using up to 1 threads

Non-default parameters:
TimeLimit  5.9050288011957891e+03
Method  1
BarHomogeneous  1
Threads  1

Optimize a model with 785 rows, 247873 columns and 6873226 nonzeros
Coefficient statistics:
  Matrix range     [1e+00, 1e+00]
  Objective range  [1e+05, 5e+05]
  Bounds range     [0e+00, 0e+00]
  RHS range        [1e+00, 1e+00]
LP warm-start: use basis

Iteration    Objective       Primal Inf.    Dual Inf.      Time
       0   -2.9232058e+31   1.033215e+34   2.923206e+01      0s
     430   -6.3841235e+29   7.230551e+32   6.384123e-01      5s
     787   -1.5314893e+29   7.943771e+32   1.531489e-01     10s
    1265    3.2014252e+06   1.400654e+03   0.000000e+00     16s
    1621    3.2014254e+06   7.243529e+02   0.000000e+00     21s
    1977    3.2014254e+06   1.449756e+02   0.000000e+00     25s
    2453    3.2014255e+06   1.329574e+02   0.000000e+00     31s
    2810    3.2014255e+06   9.289026e+00   0.000000e+00     35s
    3282    3.2014255e+06   5.666869e+00   0.000000e+00     41s
    3589    3.2014255e+06   0.000000e+00   0.000000e+00     45s

Solved in 3589 iterations and 45.18 seconds (80.19 work units)
Optimal objective  3.201425518e+06
Set parameter TimeLimit to value 5.8388370547066443e+03
Set parameter Method to value 1
Gurobi Optimizer version 12.0.3 build v12.0.3rc0 (linux64 - "Ubuntu 24.04.4 LTS")

CPU model: Intel(R) Xeon(R) Silver 4316 CPU @ 2.30GHz, instruction set [SSE2|AVX|AVX2|AVX512]
Thread count: 40 physical cores, 40 logical processors, using up to 1 threads

Non-default parameters:
TimeLimit  5.8388370547066443e+03
Method  1
BarHomogeneous  1
Threads  1

Optimize a model with 785 rows, 247903 columns and 6874210 nonzeros
Coefficient statistics:
  Matrix range     [1e+00, 1e+00]
  Objective range  [1e+05, 5e+05]
  Bounds range     [0e+00, 0e+00]
  RHS range        [1e+00, 1e+00]
LP warm-start: use basis

Iteration    Objective       Primal Inf.    Dual Inf.      Time
       0   -2.9506364e+31   3.407867e+34   2.950637e+01      0s
     514    3.2014255e+06   1.669025e+02   0.000000e+00      6s
     871    3.2014255e+06   2.413837e+01   0.000000e+00     11s
    1227    3.2014255e+06   1.522784e+00   0.000000e+00     15s
    1281    3.2014255e+06   0.000000e+00   0.000000e+00     16s

Solved in 1281 iterations and 16.18 seconds (28.42 work units)
Optimal objective  3.201425517e+06
Set parameter TimeLimit to value 5.8030599027029239e+03
Set parameter Method to value 1
Gurobi Optimizer version 12.0.3 build v12.0.3rc0 (linux64 - "Ubuntu 24.04.4 LTS")

CPU model: Intel(R) Xeon(R) Silver 4316 CPU @ 2.30GHz, instruction set [SSE2|AVX|AVX2|AVX512]
Thread count: 40 physical cores, 40 logical processors, using up to 1 threads

Non-default parameters:
TimeLimit  5.8030599027029239e+03
Method  1
BarHomogeneous  1
Threads  1

Optimize a model with 785 rows, 247933 columns and 6875231 nonzeros
Coefficient statistics:
  Matrix range     [1e+00, 1e+00]
  Objective range  [1e+05, 5e+05]
  Bounds range     [0e+00, 0e+00]
  RHS range        [1e+00, 1e+00]
LP warm-start: use basis

Iteration    Objective       Primal Inf.    Dual Inf.      Time
       0   -3.7864897e+31   2.069776e+34   3.786490e+01      0s
     448   -8.0600797e+29   8.067481e+32   8.060079e-01      5s
     859   -2.4621608e+28   4.059602e+32   2.462165e-02     10s
    1335    3.2014253e+06   6.415253e+02   0.000000e+00     16s
    1684    3.2014254e+06   3.340859e+02   0.000000e+00     20s
    2148    3.2014254e+06   1.859776e+02   0.000000e+00     26s
    2500    3.2014255e+06   1.195415e+02   0.000000e+00     31s
    2856    3.2014255e+06   2.557204e+01   0.000000e+00     35s
    3332    3.2014255e+06   4.850352e+00   0.000000e+00     41s
    3448    3.2014255e+06   0.000000e+00   0.000000e+00     43s

Solved in 3448 iterations and 42.59 seconds (75.66 work units)
Optimal objective  3.201425486e+06
Set parameter TimeLimit to value 5.7394734578691423e+03
Set parameter Method to value 1
Gurobi Optimizer version 12.0.3 build v12.0.3rc0 (linux64 - "Ubuntu 24.04.4 LTS")

CPU model: Intel(R) Xeon(R) Silver 4316 CPU @ 2.30GHz, instruction set [SSE2|AVX|AVX2|AVX512]
Thread count: 40 physical cores, 40 logical processors, using up to 1 threads

Non-default parameters:
TimeLimit  5.7394734578691423e+03
Method  1
BarHomogeneous  1
Threads  1

Optimize a model with 785 rows, 247963 columns and 6876196 nonzeros
Coefficient statistics:
  Matrix range     [1e+00, 1e+00]
  Objective range  [1e+05, 5e+05]
  Bounds range     [0e+00, 0e+00]
  RHS range        [1e+00, 1e+00]
LP warm-start: use basis

Iteration    Objective       Primal Inf.    Dual Inf.      Time
       0   -2.3168541e+31   4.189470e+34   2.316854e+01      0s
      78    3.2014255e+06   0.000000e+00   0.000000e+00      1s

Solved in 78 iterations and 1.41 seconds (2.09 work units)
Optimal objective  3.201425486e+06
Set parameter TimeLimit to value 5.7194966076863930e+03
Set parameter Method to value 1
Gurobi Optimizer version 12.0.3 build v12.0.3rc0 (linux64 - "Ubuntu 24.04.4 LTS")

CPU model: Intel(R) Xeon(R) Silver 4316 CPU @ 2.30GHz, instruction set [SSE2|AVX|AVX2|AVX512]
Thread count: 40 physical cores, 40 logical processors, using up to 1 threads

Non-default parameters:
TimeLimit  5.7194966076863930e+03
Method  1
BarHomogeneous  1
Threads  1

Optimize a model with 785 rows, 247993 columns and 6877203 nonzeros
Coefficient statistics:
  Matrix range     [1e+00, 1e+00]
  Objective range  [1e+05, 5e+05]
  Bounds range     [0e+00, 0e+00]
  RHS range        [1e+00, 1e+00]
LP warm-start: use basis

Iteration    Objective       Primal Inf.    Dual Inf.      Time
       0   -2.1350182e+31   2.125021e+34   2.135018e+01      0s
     444   -4.6395077e+29   8.763272e+32   4.639508e-01      5s
     882    3.2014251e+06   3.167631e+03   0.000000e+00     11s
    1237    3.2014253e+06   3.454163e+02   0.000000e+00     15s
    1712    3.2014253e+06   2.550198e+02   0.000000e+00     21s
    2062    3.2014254e+06   1.401560e+02   0.000000e+00     25s
    2529    3.2014254e+06   9.632451e+01   0.000000e+00     31s
    2885    3.2014254e+06   1.538072e+01   0.000000e+00     36s
    3192    3.2014254e+06   0.000000e+00   0.000000e+00     40s

Solved in 3192 iterations and 39.53 seconds (70.99 work units)
Optimal objective  3.201425420e+06
Set parameter TimeLimit to value 5.6593792617954314e+03
Set parameter Method to value 1
Gurobi Optimizer version 12.0.3 build v12.0.3rc0 (linux64 - "Ubuntu 24.04.4 LTS")

CPU model: Intel(R) Xeon(R) Silver 4316 CPU @ 2.30GHz, instruction set [SSE2|AVX|AVX2|AVX512]
Thread count: 40 physical cores, 40 logical processors, using up to 1 threads

Non-default parameters:
TimeLimit  5.6593792617954314e+03
Method  1
BarHomogeneous  1
Threads  1

Optimize a model with 785 rows, 248023 columns and 6878291 nonzeros
Coefficient statistics:
  Matrix range     [1e+00, 1e+00]
  Objective range  [1e+05, 5e+05]
  Bounds range     [0e+00, 0e+00]
  RHS range        [1e+00, 1e+00]
LP warm-start: use basis

Iteration    Objective       Primal Inf.    Dual Inf.      Time
       0   -2.7825647e+31   1.670547e+34   2.782565e+01      0s
     436   -1.6603685e+30   7.634888e+32   1.660369e+00      5s
     913   -5.3088947e+27   2.444532e+32   5.308899e-03     11s
    1270    3.2014251e+06   2.921345e+02   0.000000e+00     16s
    1740    3.2014252e+06   1.023050e+03   0.000000e+00     21s
    2094    3.2014253e+06   1.100252e+02   0.000000e+00     26s
    2447    3.2014253e+06   1.754874e+02   0.000000e+00     30s
    2922    3.2014254e+06   1.270927e+01   0.000000e+00     36s
    3271    3.2014254e+06   5.372540e+00   0.000000e+00     40s
    3541    3.2014254e+06   0.000000e+00   0.000000e+00     44s

Solved in 3541 iterations and 43.89 seconds (78.88 work units)
Optimal objective  3.201425380e+06
Set parameter TimeLimit to value 5.5946726776435971e+03
Set parameter Method to value 1
Gurobi Optimizer version 12.0.3 build v12.0.3rc0 (linux64 - "Ubuntu 24.04.4 LTS")

CPU model: Intel(R) Xeon(R) Silver 4316 CPU @ 2.30GHz, instruction set [SSE2|AVX|AVX2|AVX512]
Thread count: 40 physical cores, 40 logical processors, using up to 1 threads

Non-default parameters:
TimeLimit  5.5946726776435971e+03
Method  1
BarHomogeneous  1
Threads  1

Optimize a model with 785 rows, 248053 columns and 6879192 nonzeros
Coefficient statistics:
  Matrix range     [1e+00, 1e+00]
  Objective range  [1e+05, 5e+05]
  Bounds range     [0e+00, 0e+00]
  RHS range        [1e+00, 1e+00]
LP warm-start: use basis

Iteration    Objective       Primal Inf.    Dual Inf.      Time
       0   -2.6563071e+31   9.461409e+33   2.656307e+01      0s
     520    3.2014251e+06   1.001408e+03   0.000000e+00      6s
     876    3.2014253e+06   1.001165e+02   0.000000e+00     11s
    1232    3.2014253e+06   8.088228e+01   0.000000e+00     15s
    1705    3.2014253e+06   2.077985e+01   0.000000e+00     21s
    2062    3.2014253e+06   1.102502e+01   0.000000e+00     25s
    2326    3.2014253e+06   0.000000e+00   0.000000e+00     29s

Solved in 2326 iterations and 28.81 seconds (51.76 work units)
Optimal objective  3.201425349e+06
Set parameter TimeLimit to value 5.5462569202259183e+03
Set parameter Method to value 1
Gurobi Optimizer version 12.0.3 build v12.0.3rc0 (linux64 - "Ubuntu 24.04.4 LTS")

CPU model: Intel(R) Xeon(R) Silver 4316 CPU @ 2.30GHz, instruction set [SSE2|AVX|AVX2|AVX512]
Thread count: 40 physical cores, 40 logical processors, using up to 1 threads

Non-default parameters:
TimeLimit  5.5462569202259183e+03
Method  1
BarHomogeneous  1
Threads  1

Optimize a model with 785 rows, 248083 columns and 6880297 nonzeros
Coefficient statistics:
  Matrix range     [1e+00, 1e+00]
  Objective range  [1e+05, 5e+05]
  Bounds range     [0e+00, 0e+00]
  RHS range        [1e+00, 1e+00]
LP warm-start: use basis

Iteration    Objective       Primal Inf.    Dual Inf.      Time
       0   -2.7900040e+31   2.013305e+34   2.790004e+01      0s
     142    3.2014253e+06   0.000000e+00   0.000000e+00      2s

Solved in 142 iterations and 2.20 seconds (3.55 work units)
Optimal objective  3.201425349e+06
Set parameter TimeLimit to value 5.5253978956639767e+03
Set parameter Method to value 1
Gurobi Optimizer version 12.0.3 build v12.0.3rc0 (linux64 - "Ubuntu 24.04.4 LTS")

CPU model: Intel(R) Xeon(R) Silver 4316 CPU @ 2.30GHz, instruction set [SSE2|AVX|AVX2|AVX512]
Thread count: 40 physical cores, 40 logical processors, using up to 1 threads

Non-default parameters:
TimeLimit  5.5253978956639767e+03
Method  1
BarHomogeneous  1
Threads  1

Optimize a model with 785 rows, 248113 columns and 6881270 nonzeros
Coefficient statistics:
  Matrix range     [1e+00, 1e+00]
  Objective range  [1e+05, 5e+05]
  Bounds range     [0e+00, 0e+00]
  RHS range        [1e+00, 1e+00]
LP warm-start: use basis

Iteration    Objective       Primal Inf.    Dual Inf.      Time
       0   -2.3214168e+31   9.020877e+33   2.321417e+01      0s
     392    3.2014253e+06   3.216021e+01   0.000000e+00      5s
     713    3.2014253e+06   0.000000e+00   0.000000e+00      9s

Solved in 713 iterations and 9.18 seconds (16.01 work units)
Optimal objective  3.201425349e+06
Set parameter TimeLimit to value 5.4988043037597090e+03
Set parameter Method to value 1
Gurobi Optimizer version 12.0.3 build v12.0.3rc0 (linux64 - "Ubuntu 24.04.4 LTS")

CPU model: Intel(R) Xeon(R) Silver 4316 CPU @ 2.30GHz, instruction set [SSE2|AVX|AVX2|AVX512]
Thread count: 40 physical cores, 40 logical processors, using up to 1 threads

Non-default parameters:
TimeLimit  5.4988043037597090e+03
Method  1
BarHomogeneous  1
Threads  1

Optimize a model with 785 rows, 248143 columns and 6882253 nonzeros
Coefficient statistics:
  Matrix range     [1e+00, 1e+00]
  Objective range  [1e+05, 5e+05]
  Bounds range     [0e+00, 0e+00]
  RHS range        [1e+00, 1e+00]
LP warm-start: use basis

Iteration    Objective       Primal Inf.    Dual Inf.      Time
       0   -2.1570453e+31   9.754766e+33   2.157045e+01      0s
     514    3.2014253e+06   9.218847e+00   0.000000e+00      6s
     870    3.2014253e+06   2.831076e+00   0.000000e+00     11s
    1038    3.2014253e+06   0.000000e+00   0.000000e+00     13s

Solved in 1038 iterations and 13.03 seconds (23.14 work units)
Optimal objective  3.201425346e+06
Set parameter TimeLimit to value 5.4655394751313142e+03
Set parameter Method to value 1
Gurobi Optimizer version 12.0.3 build v12.0.3rc0 (linux64 - "Ubuntu 24.04.4 LTS")

CPU model: Intel(R) Xeon(R) Silver 4316 CPU @ 2.30GHz, instruction set [SSE2|AVX|AVX2|AVX512]
Thread count: 40 physical cores, 40 logical processors, using up to 1 threads

Non-default parameters:
TimeLimit  5.4655394751313142e+03
Method  1
BarHomogeneous  1
Threads  1

Optimize a model with 785 rows, 248173 columns and 6883342 nonzeros
Coefficient statistics:
  Matrix range     [1e+00, 1e+00]
  Objective range  [1e+05, 5e+05]
  Bounds range     [0e+00, 0e+00]
  RHS range        [1e+00, 1e+00]
LP warm-start: use basis

Iteration    Objective       Primal Inf.    Dual Inf.      Time
       0   -2.2783259e+31   8.369480e+33   2.278326e+01      0s
     452    3.2014253e+06   1.947657e+02   0.000000e+00      6s
     803    3.2014253e+06   1.501646e+01   0.000000e+00     10s
    1198    3.2014253e+06   0.000000e+00   0.000000e+00     15s

Solved in 1198 iterations and 15.21 seconds (26.98 work units)
Optimal objective  3.201425344e+06
Set parameter TimeLimit to value 5.4327939946763217e+03
Set parameter Method to value 1
Gurobi Optimizer version 12.0.3 build v12.0.3rc0 (linux64 - "Ubuntu 24.04.4 LTS")

CPU model: Intel(R) Xeon(R) Silver 4316 CPU @ 2.30GHz, instruction set [SSE2|AVX|AVX2|AVX512]
Thread count: 40 physical cores, 40 logical processors, using up to 1 threads

Non-default parameters:
TimeLimit  5.4327939946763217e+03
Method  1
BarHomogeneous  1
Threads  1

Optimize a model with 785 rows, 248203 columns and 6884414 nonzeros
Coefficient statistics:
  Matrix range     [1e+00, 1e+00]
  Objective range  [1e+05, 5e+05]
  Bounds range     [0e+00, 0e+00]
  RHS range        [1e+00, 1e+00]
LP warm-start: use basis

Iteration    Objective       Primal Inf.    Dual Inf.      Time
       0   -1.9380598e+31   7.356283e+33   1.938060e+01      0s
     440   -1.9009254e+29   6.275184e+33   1.900929e-01      5s
     848    3.2014251e+06   2.093514e+02   0.000000e+00     10s
    1317    3.2014252e+06   7.246651e+02   0.000000e+00     16s
    1673    3.2014253e+06   5.627237e+01   0.000000e+00     21s
    2022    3.2014253e+06   2.675007e+01   0.000000e+00     25s
    2479    3.2014253e+06   2.114908e+02   0.000000e+00     31s
    2835    3.2014253e+06   2.672432e+00   0.000000e+00     35s
    3140    3.2014253e+06   0.000000e+00   0.000000e+00     39s

Solved in 3140 iterations and 39.17 seconds (70.55 work units)
Optimal objective  3.201425311e+06
Set parameter TimeLimit to value 5.3731117970691994e+03
Set parameter Method to value 1
Gurobi Optimizer version 12.0.3 build v12.0.3rc0 (linux64 - "Ubuntu 24.04.4 LTS")

CPU model: Intel(R) Xeon(R) Silver 4316 CPU @ 2.30GHz, instruction set [SSE2|AVX|AVX2|AVX512]
Thread count: 40 physical cores, 40 logical processors, using up to 1 threads

Non-default parameters:
TimeLimit  5.3731117970691994e+03
Method  1
BarHomogeneous  1
Threads  1

Optimize a model with 785 rows, 248233 columns and 6885490 nonzeros
Coefficient statistics:
  Matrix range     [1e+00, 1e+00]
  Objective range  [1e+05, 5e+05]
  Bounds range     [0e+00, 0e+00]
  RHS range        [1e+00, 1e+00]
LP warm-start: use basis

Iteration    Objective       Primal Inf.    Dual Inf.      Time
       0   -1.9881694e+31   1.329296e+34   1.988169e+01      0s
     495   -6.3684407e+29   7.650812e+32   6.368441e-01      5s
     896    3.2014248e+06   1.823269e+03   0.000000e+00     10s
    1369    3.2014251e+06   8.148693e+02   0.000000e+00     16s
    1715    3.2014252e+06   6.075481e+02   0.000000e+00     20s
    2183    3.2014252e+06   1.615674e+02   0.000000e+00     26s
    2539    3.2014252e+06   6.064414e+01   0.000000e+00     30s
    3010    3.2014253e+06   2.116574e+01   0.000000e+00     36s
    3365    3.2014253e+06   4.887158e+00   0.000000e+00     41s
    3511    3.2014253e+06   0.000000e+00   0.000000e+00     43s

Solved in 3511 iterations and 42.64 seconds (76.93 work units)
Optimal objective  3.201425265e+06
Set parameter TimeLimit to value 5.3097948534931056e+03
Set parameter Method to value 1
Gurobi Optimizer version 12.0.3 build v12.0.3rc0 (linux64 - "Ubuntu 24.04.4 LTS")

CPU model: Intel(R) Xeon(R) Silver 4316 CPU @ 2.30GHz, instruction set [SSE2|AVX|AVX2|AVX512]
Thread count: 40 physical cores, 40 logical processors, using up to 1 threads

Non-default parameters:
TimeLimit  5.3097948534931056e+03
Method  1
BarHomogeneous  1
Threads  1

Optimize a model with 785 rows, 248263 columns and 6886554 nonzeros
Coefficient statistics:
  Matrix range     [1e+00, 1e+00]
  Objective range  [1e+05, 5e+05]
  Bounds range     [0e+00, 0e+00]
  RHS range        [1e+00, 1e+00]
LP warm-start: use basis

Iteration    Objective       Primal Inf.    Dual Inf.      Time
       0   -2.1720924e+31   1.552723e+34   2.172092e+01      0s
     454   -7.6470883e+28   4.531400e+32   7.647089e-02      5s
     910    3.2014251e+06   4.943754e+02   0.000000e+00     11s
    1257    3.2014252e+06   9.118357e+01   0.000000e+00     16s
    1612    3.2014252e+06   4.192820e+01   0.000000e+00     20s
    2082    3.2014252e+06   6.439659e+01   0.000000e+00     26s
    2434    3.2014252e+06   1.575605e+00   0.000000e+00     31s
    2601    3.2014252e+06   0.000000e+00   0.000000e+00     33s

Solved in 2601 iterations and 32.72 seconds (57.96 work units)
Optimal objective  3.201425239e+06
Set parameter TimeLimit to value 5.2563853239878081e+03
Set parameter Method to value 1
Gurobi Optimizer version 12.0.3 build v12.0.3rc0 (linux64 - "Ubuntu 24.04.4 LTS")

CPU model: Intel(R) Xeon(R) Silver 4316 CPU @ 2.30GHz, instruction set [SSE2|AVX|AVX2|AVX512]
Thread count: 40 physical cores, 40 logical processors, using up to 1 threads

Non-default parameters:
TimeLimit  5.2563853239878081e+03
Method  1
BarHomogeneous  1
Threads  1

Optimize a model with 785 rows, 248293 columns and 6887469 nonzeros
Coefficient statistics:
  Matrix range     [1e+00, 1e+00]
  Objective range  [1e+05, 5e+05]
  Bounds range     [0e+00, 0e+00]
  RHS range        [1e+00, 1e+00]
LP warm-start: use basis

Iteration    Objective       Primal Inf.    Dual Inf.      Time
       0   -2.2036591e+31   3.432150e+34   2.203659e+01      0s
      56    3.2014252e+06   0.000000e+00   0.000000e+00      1s

Solved in 56 iterations and 1.11 seconds (1.58 work units)
Optimal objective  3.201425239e+06
Set parameter TimeLimit to value 5.2380629223906435e+03
Set parameter Method to value 1
Gurobi Optimizer version 12.0.3 build v12.0.3rc0 (linux64 - "Ubuntu 24.04.4 LTS")

CPU model: Intel(R) Xeon(R) Silver 4316 CPU @ 2.30GHz, instruction set [SSE2|AVX|AVX2|AVX512]
Thread count: 40 physical cores, 40 logical processors, using up to 1 threads

Non-default parameters:
TimeLimit  5.2380629223906435e+03
Method  1
BarHomogeneous  1
Threads  1

Optimize a model with 785 rows, 248323 columns and 6888431 nonzeros
Coefficient statistics:
  Matrix range     [1e+00, 1e+00]
  Objective range  [1e+05, 5e+05]
  Bounds range     [0e+00, 0e+00]
  RHS range        [1e+00, 1e+00]
LP warm-start: use basis

Iteration    Objective       Primal Inf.    Dual Inf.      Time
       0   -2.0189871e+31   4.444359e+33   2.018987e+01      0s
     457   -1.6844954e+30   8.823033e+32   1.684495e+00      5s
     977    3.2014247e+06   4.519723e+03   0.000000e+00     11s
    1323    3.2014249e+06   2.175283e+02   0.000000e+00     16s
    1791    3.2014251e+06   2.051752e+02   0.000000e+00     21s
    2147    3.2014251e+06   1.191147e+02   0.000000e+00     26s
    2500    3.2014251e+06   5.332599e+01   0.000000e+00     30s
    2974    3.2014252e+06   8.140617e+01   0.000000e+00     36s
    3325    3.2014252e+06   1.058832e+00   0.000000e+00     40s
    3680    3.2014252e+06   0.000000e+00   0.000000e+00     45s

Solved in 3680 iterations and 44.84 seconds (81.01 work units)
Optimal objective  3.201425178e+06
Set parameter TimeLimit to value 5.1722785215959884e+03
Set parameter Method to value 1
Gurobi Optimizer version 12.0.3 build v12.0.3rc0 (linux64 - "Ubuntu 24.04.4 LTS")

CPU model: Intel(R) Xeon(R) Silver 4316 CPU @ 2.30GHz, instruction set [SSE2|AVX|AVX2|AVX512]
Thread count: 40 physical cores, 40 logical processors, using up to 1 threads

Non-default parameters:
TimeLimit  5.1722785215959884e+03
Method  1
BarHomogeneous  1
Threads  1

Optimize a model with 785 rows, 248353 columns and 6889405 nonzeros
Coefficient statistics:
  Matrix range     [1e+00, 1e+00]
  Objective range  [1e+05, 5e+05]
  Bounds range     [0e+00, 0e+00]
  RHS range        [1e+00, 1e+00]
LP warm-start: use basis

Iteration    Objective       Primal Inf.    Dual Inf.      Time
       0   -2.2355745e+31   1.464677e+34   2.235574e+01      0s
     460   -9.4853091e+28   3.116839e+33   9.485307e-02      5s
     847    3.2014250e+06   5.553614e+02   0.000000e+00     10s
    1310    3.2014251e+06   8.534460e+01   0.000000e+00     16s
    1667    3.2014251e+06   3.534385e+01   0.000000e+00     20s
    2141    3.2014251e+06   1.038094e+01   0.000000e+00     26s
    2495    3.2014252e+06   3.136233e+00   0.000000e+00     31s
    2654    3.2014252e+06   0.000000e+00   0.000000e+00     33s

Solved in 2654 iterations and 32.81 seconds (58.53 work units)
Optimal objective  3.201425155e+06
Set parameter TimeLimit to value 5.1189596981992945e+03
Set parameter Method to value 1
Gurobi Optimizer version 12.0.3 build v12.0.3rc0 (linux64 - "Ubuntu 24.04.4 LTS")

CPU model: Intel(R) Xeon(R) Silver 4316 CPU @ 2.30GHz, instruction set [SSE2|AVX|AVX2|AVX512]
Thread count: 40 physical cores, 40 logical processors, using up to 1 threads

Non-default parameters:
TimeLimit  5.1189596981992945e+03
Method  1
BarHomogeneous  1
Threads  1

Optimize a model with 785 rows, 248383 columns and 6890483 nonzeros
Coefficient statistics:
  Matrix range     [1e+00, 1e+00]
  Objective range  [1e+05, 5e+05]
  Bounds range     [0e+00, 0e+00]
  RHS range        [1e+00, 1e+00]
LP warm-start: use basis

Iteration    Objective       Primal Inf.    Dual Inf.      Time
       0   -2.2440133e+31   1.366585e+34   2.244013e+01      0s
     407   -4.4349901e+29   7.065502e+32   4.434990e-01      5s
     874    3.2014249e+06   6.268583e+02   0.000000e+00     11s
    1222    3.2014250e+06   2.928940e+02   0.000000e+00     15s
    1687    3.2014251e+06   4.430675e+02   0.000000e+00     21s
    2036    3.2014251e+06   6.425212e+01   0.000000e+00     25s
    2497    3.2014251e+06   4.755778e+01   0.000000e+00     31s
    2851    3.2014251e+06   3.713972e-02   0.000000e+00     36s
    2875    3.2014251e+06   0.000000e+00   0.000000e+00     36s

Solved in 2875 iterations and 36.01 seconds (64.45 work units)
Optimal objective  3.201425127e+06
Set parameter TimeLimit to value 5.0623912756843492e+03
Set parameter Method to value 1
Gurobi Optimizer version 12.0.3 build v12.0.3rc0 (linux64 - "Ubuntu 24.04.4 LTS")

CPU model: Intel(R) Xeon(R) Silver 4316 CPU @ 2.30GHz, instruction set [SSE2|AVX|AVX2|AVX512]
Thread count: 40 physical cores, 40 logical processors, using up to 1 threads

Non-default parameters:
TimeLimit  5.0623912756843492e+03
Method  1
BarHomogeneous  1
Threads  1

Optimize a model with 785 rows, 248413 columns and 6891310 nonzeros
Coefficient statistics:
  Matrix range     [1e+00, 1e+00]
  Objective range  [1e+05, 5e+05]
  Bounds range     [0e+00, 0e+00]
  RHS range        [1e+00, 1e+00]
LP warm-start: use basis

Iteration    Objective       Primal Inf.    Dual Inf.      Time
       0   -1.6657210e+31   3.622488e+34   1.665721e+01      0s
     106    3.2014251e+06   0.000000e+00   0.000000e+00      2s

Solved in 106 iterations and 1.75 seconds (2.75 work units)
Optimal objective  3.201425127e+06
Set parameter TimeLimit to value 5.0438171559814364e+03
Set parameter Method to value 1
Gurobi Optimizer version 12.0.3 build v12.0.3rc0 (linux64 - "Ubuntu 24.04.4 LTS")

CPU model: Intel(R) Xeon(R) Silver 4316 CPU @ 2.30GHz, instruction set [SSE2|AVX|AVX2|AVX512]
Thread count: 40 physical cores, 40 logical processors, using up to 1 threads

Non-default parameters:
TimeLimit  5.0438171559814364e+03
Method  1
BarHomogeneous  1
Threads  1

Optimize a model with 785 rows, 248443 columns and 6892161 nonzeros
Coefficient statistics:
  Matrix range     [1e+00, 1e+00]
  Objective range  [1e+05, 5e+05]
  Bounds range     [0e+00, 0e+00]
  RHS range        [1e+00, 1e+00]
LP warm-start: use basis

Iteration    Objective       Primal Inf.    Dual Inf.      Time
       0   -1.7007863e+31   3.419734e+34   1.700786e+01      0s
     426    3.2014251e+06   1.057451e+02   0.000000e+00      6s
     876    3.2014251e+06   0.000000e+00   0.000000e+00     11s

Solved in 876 iterations and 11.17 seconds (19.83 work units)
Optimal objective  3.201425118e+06
Set parameter TimeLimit to value 5.0132752783149481e+03
Set parameter Method to value 1
Gurobi Optimizer version 12.0.3 build v12.0.3rc0 (linux64 - "Ubuntu 24.04.4 LTS")

CPU model: Intel(R) Xeon(R) Silver 4316 CPU @ 2.30GHz, instruction set [SSE2|AVX|AVX2|AVX512]
Thread count: 40 physical cores, 40 logical processors, using up to 1 threads

Non-default parameters:
TimeLimit  5.0132752783149481e+03
Method  1
BarHomogeneous  1
Threads  1

Optimize a model with 785 rows, 248473 columns and 6893079 nonzeros
Coefficient statistics:
  Matrix range     [1e+00, 1e+00]
  Objective range  [1e+05, 5e+05]
  Bounds range     [0e+00, 0e+00]
  RHS range        [1e+00, 1e+00]
LP warm-start: use basis

Iteration    Objective       Primal Inf.    Dual Inf.      Time
       0   -1.3803272e+31   1.398414e+34   1.380327e+01      0s
     117    3.2014251e+06   0.000000e+00   0.000000e+00      2s

Solved in 117 iterations and 1.99 seconds (3.03 work units)
Optimal objective  3.201425118e+06
Set parameter TimeLimit to value 4992.65578636108
Set parameter Method to value 1
Gurobi Optimizer version 12.0.3 build v12.0.3rc0 (linux64 - "Ubuntu 24.04.4 LTS")

CPU model: Intel(R) Xeon(R) Silver 4316 CPU @ 2.30GHz, instruction set [SSE2|AVX|AVX2|AVX512]
Thread count: 40 physical cores, 40 logical processors, using up to 1 threads

Non-default parameters:
TimeLimit  4992.65578636108
Method  1
BarHomogeneous  1
Threads  1

Optimize a model with 785 rows, 248503 columns and 6893989 nonzeros
Coefficient statistics:
  Matrix range     [1e+00, 1e+00]
  Objective range  [1e+05, 5e+05]
  Bounds range     [0e+00, 0e+00]
  RHS range        [1e+00, 1e+00]
LP warm-start: use basis

Iteration    Objective       Primal Inf.    Dual Inf.      Time
       0   -1.3405254e+31   7.801735e+33   1.340525e+01      0s
     428    3.2014250e+06   3.174112e+02   0.000000e+00      5s
     905    3.2014251e+06   3.946392e+02   0.000000e+00     11s
    1259    3.2014251e+06   2.284701e+01   0.000000e+00     16s
    1613    3.2014251e+06   8.686409e-01   0.000000e+00     20s
    1729    3.2014251e+06   0.000000e+00   0.000000e+00     22s

Solved in 1729 iterations and 21.76 seconds (38.83 work units)
Optimal objective  3.201425111e+06
Set parameter TimeLimit to value 4.9512857468384318e+03
Set parameter Method to value 1
Gurobi Optimizer version 12.0.3 build v12.0.3rc0 (linux64 - "Ubuntu 24.04.4 LTS")

CPU model: Intel(R) Xeon(R) Silver 4316 CPU @ 2.30GHz, instruction set [SSE2|AVX|AVX2|AVX512]
Thread count: 40 physical cores, 40 logical processors, using up to 1 threads

Non-default parameters:
TimeLimit  4.9512857468384318e+03
Method  1
BarHomogeneous  1
Threads  1

Optimize a model with 785 rows, 248533 columns and 6894991 nonzeros
Coefficient statistics:
  Matrix range     [1e+00, 1e+00]
  Objective range  [1e+05, 5e+05]
  Bounds range     [0e+00, 0e+00]
  RHS range        [1e+00, 1e+00]
LP warm-start: use basis

Iteration    Objective       Primal Inf.    Dual Inf.      Time
       0   -1.6803146e+31   1.485578e+34   1.680315e+01      0s
     425    3.2014251e+06   1.472978e+01   0.000000e+00      6s
     811    3.2014251e+06   0.000000e+00   0.000000e+00     10s

Solved in 811 iterations and 10.38 seconds (18.33 work units)
Optimal objective  3.201425109e+06
Set parameter TimeLimit to value 4.9224269895339385e+03
Set parameter Method to value 1
Gurobi Optimizer version 12.0.3 build v12.0.3rc0 (linux64 - "Ubuntu 24.04.4 LTS")

CPU model: Intel(R) Xeon(R) Silver 4316 CPU @ 2.30GHz, instruction set [SSE2|AVX|AVX2|AVX512]
Thread count: 40 physical cores, 40 logical processors, using up to 1 threads

Non-default parameters:
TimeLimit  4.9224269895339385e+03
Method  1
BarHomogeneous  1
Threads  1

Optimize a model with 785 rows, 248563 columns and 6896069 nonzeros
Coefficient statistics:
  Matrix range     [1e+00, 1e+00]
  Objective range  [1e+05, 5e+05]
  Bounds range     [0e+00, 0e+00]
  RHS range        [1e+00, 1e+00]
LP warm-start: use basis

Iteration    Objective       Primal Inf.    Dual Inf.      Time
       0   -1.4734083e+31   4.143745e+33   1.473408e+01      0s
     431   -3.6684436e+29   5.213808e+33   3.668444e-01      5s
     825    3.2014249e+06   2.124180e+02   0.000000e+00     10s
    1295    3.2014250e+06   5.802118e+03   0.000000e+00     16s
    1646    3.2014250e+06   1.240972e+02   0.000000e+00     21s
    2000    3.2014251e+06   4.428931e+01   0.000000e+00     25s
    2460    3.2014251e+06   8.717477e+00   0.000000e+00     31s
    2814    3.2014251e+06   4.225766e+00   0.000000e+00     36s
    3084    3.2014251e+06   0.000000e+00   0.000000e+00     39s

Solved in 3084 iterations and 39.00 seconds (69.52 work units)
Optimal objective  3.201425083e+06
Set parameter TimeLimit to value 4.8624624496158212e+03
Set parameter Method to value 1
Gurobi Optimizer version 12.0.3 build v12.0.3rc0 (linux64 - "Ubuntu 24.04.4 LTS")

CPU model: Intel(R) Xeon(R) Silver 4316 CPU @ 2.30GHz, instruction set [SSE2|AVX|AVX2|AVX512]
Thread count: 40 physical cores, 40 logical processors, using up to 1 threads

Non-default parameters:
TimeLimit  4.8624624496158212e+03
Method  1
BarHomogeneous  1
Threads  1

Optimize a model with 785 rows, 248593 columns and 6897050 nonzeros
Coefficient statistics:
  Matrix range     [1e+00, 1e+00]
  Objective range  [1e+05, 5e+05]
  Bounds range     [0e+00, 0e+00]
  RHS range        [1e+00, 1e+00]
LP warm-start: use basis

Iteration    Objective       Primal Inf.    Dual Inf.      Time
       0   -1.7460501e+31   1.521326e+34   1.746050e+01      0s
     439   -9.9881724e+28   3.615233e+32   9.988173e-02      5s
     869    3.2014250e+06   3.911910e+03   0.000000e+00     11s
    1221    3.2014250e+06   2.037482e+02   0.000000e+00     15s
    1689    3.2014251e+06   2.409924e+01   0.000000e+00     21s
    2040    3.2014251e+06   4.699951e+00   0.000000e+00     25s
    2381    3.2014251e+06   0.000000e+00   0.000000e+00     30s

Solved in 2381 iterations and 29.77 seconds (53.20 work units)
Optimal objective  3.201425069e+06
Set parameter TimeLimit to value 4.8119787875600159e+03
Set parameter Method to value 1
Gurobi Optimizer version 12.0.3 build v12.0.3rc0 (linux64 - "Ubuntu 24.04.4 LTS")

CPU model: Intel(R) Xeon(R) Silver 4316 CPU @ 2.30GHz, instruction set [SSE2|AVX|AVX2|AVX512]
Thread count: 40 physical cores, 40 logical processors, using up to 1 threads

Non-default parameters:
TimeLimit  4.8119787875600159e+03
Method  1
BarHomogeneous  1
Threads  1

Optimize a model with 785 rows, 248623 columns and 6898068 nonzeros
Coefficient statistics:
  Matrix range     [1e+00, 1e+00]
  Objective range  [1e+05, 5e+05]
  Bounds range     [0e+00, 0e+00]
  RHS range        [1e+00, 1e+00]
LP warm-start: use basis

Iteration    Objective       Primal Inf.    Dual Inf.      Time
       0   -1.6033201e+31   8.405468e+33   1.603320e+01      0s
     150    3.2014251e+06   0.000000e+00   0.000000e+00      2s

Solved in 150 iterations and 2.35 seconds (3.81 work units)
Optimal objective  3.201425069e+06
Set parameter TimeLimit to value 4.7927085341885686e+03
Set parameter Method to value 1
Gurobi Optimizer version 12.0.3 build v12.0.3rc0 (linux64 - "Ubuntu 24.04.4 LTS")

CPU model: Intel(R) Xeon(R) Silver 4316 CPU @ 2.30GHz, instruction set [SSE2|AVX|AVX2|AVX512]
Thread count: 40 physical cores, 40 logical processors, using up to 1 threads

Non-default parameters:
TimeLimit  4.7927085341885686e+03
Method  1
BarHomogeneous  1
Threads  1

Optimize a model with 785 rows, 248653 columns and 6899031 nonzeros
Coefficient statistics:
  Matrix range     [1e+00, 1e+00]
  Objective range  [1e+05, 5e+05]
  Bounds range     [0e+00, 0e+00]
  RHS range        [1e+00, 1e+00]
LP warm-start: use basis

Iteration    Objective       Primal Inf.    Dual Inf.      Time
       0   -1.4202612e+31   4.651893e+33   1.420261e+01      0s
     392   -1.7828860e+29   6.680425e+32   1.782886e-01      5s
     867    3.2014250e+06   1.504198e+03   0.000000e+00     11s
    1221    3.2014250e+06   3.311333e+01   0.000000e+00     15s
    1694    3.2014250e+06   2.826217e+01   0.000000e+00     21s
    2045    3.2014250e+06   5.042386e+00   0.000000e+00     26s
    2372    3.2014251e+06   0.000000e+00   0.000000e+00     30s

Solved in 2372 iterations and 29.85 seconds (53.36 work units)
Optimal objective  3.201425052e+06
Set parameter TimeLimit to value 4741.97645825427
Set parameter Method to value 1
Gurobi Optimizer version 12.0.3 build v12.0.3rc0 (linux64 - "Ubuntu 24.04.4 LTS")

CPU model: Intel(R) Xeon(R) Silver 4316 CPU @ 2.30GHz, instruction set [SSE2|AVX|AVX2|AVX512]
Thread count: 40 physical cores, 40 logical processors, using up to 1 threads

Non-default parameters:
TimeLimit  4741.97645825427
Method  1
BarHomogeneous  1
Threads  1

Optimize a model with 785 rows, 248683 columns and 6899999 nonzeros
Coefficient statistics:
  Matrix range     [1e+00, 1e+00]
  Objective range  [1e+05, 5e+05]
  Bounds range     [0e+00, 0e+00]
  RHS range        [1e+00, 1e+00]
LP warm-start: use basis

Iteration    Objective       Primal Inf.    Dual Inf.      Time
       0   -1.6552280e+31   8.577080e+33   1.655228e+01      0s
       4    3.2014251e+06   0.000000e+00   0.000000e+00      1s

Solved in 4 iterations and 0.51 seconds (0.47 work units)
Optimal objective  3.201425052e+06
Set parameter TimeLimit to value 4.7243060514209792e+03
Set parameter Method to value 1
Gurobi Optimizer version 12.0.3 build v12.0.3rc0 (linux64 - "Ubuntu 24.04.4 LTS")

CPU model: Intel(R) Xeon(R) Silver 4316 CPU @ 2.30GHz, instruction set [SSE2|AVX|AVX2|AVX512]
Thread count: 40 physical cores, 40 logical processors, using up to 1 threads

Non-default parameters:
TimeLimit  4.7243060514209792e+03
Method  1
BarHomogeneous  1
Threads  1

Optimize a model with 785 rows, 248713 columns and 6900948 nonzeros
Coefficient statistics:
  Matrix range     [1e+00, 1e+00]
  Objective range  [1e+05, 5e+05]
  Bounds range     [0e+00, 0e+00]
  RHS range        [1e+00, 1e+00]
LP warm-start: use basis

Iteration    Objective       Primal Inf.    Dual Inf.      Time
       0   -1.3999683e+31   6.951088e+33   1.399968e+01      0s
     448    3.2014251e+06   2.135882e+00   0.000000e+00      6s
     617    3.2014251e+06   0.000000e+00   0.000000e+00      8s

Solved in 617 iterations and 8.20 seconds (14.18 work units)
Optimal objective  3.201425052e+06
Set parameter TimeLimit to value 4.6967624049461447e+03
Set parameter Method to value 1
Gurobi Optimizer version 12.0.3 build v12.0.3rc0 (linux64 - "Ubuntu 24.04.4 LTS")

CPU model: Intel(R) Xeon(R) Silver 4316 CPU @ 2.30GHz, instruction set [SSE2|AVX|AVX2|AVX512]
Thread count: 40 physical cores, 40 logical processors, using up to 1 threads

Non-default parameters:
TimeLimit  4.6967624049461447e+03
Method  1
BarHomogeneous  1
Threads  1

Optimize a model with 785 rows, 248743 columns and 6902012 nonzeros
Coefficient statistics:
  Matrix range     [1e+00, 1e+00]
  Objective range  [1e+05, 5e+05]
  Bounds range     [0e+00, 0e+00]
  RHS range        [1e+00, 1e+00]
LP warm-start: use basis

Iteration    Objective       Primal Inf.    Dual Inf.      Time
       0   -1.6086517e+31   2.300615e+34   1.608652e+01      0s
     195    3.2014251e+06   0.000000e+00   0.000000e+00      3s

Solved in 195 iterations and 3.00 seconds (4.85 work units)
Optimal objective  3.201425052e+06
Set parameter TimeLimit to value 4.6754982553892769e+03
Set parameter Method to value 1
Gurobi Optimizer version 12.0.3 build v12.0.3rc0 (linux64 - "Ubuntu 24.04.4 LTS")

CPU model: Intel(R) Xeon(R) Silver 4316 CPU @ 2.30GHz, instruction set [SSE2|AVX|AVX2|AVX512]
Thread count: 40 physical cores, 40 logical processors, using up to 1 threads

Non-default parameters:
TimeLimit  4.6754982553892769e+03
Method  1
BarHomogeneous  1
Threads  1

Optimize a model with 785 rows, 248773 columns and 6902785 nonzeros
Coefficient statistics:
  Matrix range     [1e+00, 1e+00]
  Objective range  [1e+05, 5e+05]
  Bounds range     [0e+00, 0e+00]
  RHS range        [1e+00, 1e+00]
LP warm-start: use basis

Iteration    Objective       Primal Inf.    Dual Inf.      Time
       0   -1.3034339e+31   5.979832e+33   1.303434e+01      0s
     435   -8.9505183e+29   1.070590e+33   8.950518e-01      5s
     905   -3.5417709e+28   1.572503e+33   3.541774e-02     11s
    1253    3.2014248e+06   6.201885e+02   0.000000e+00     16s
    1597    3.2014249e+06   3.073106e+02   0.000000e+00     20s
    2065    3.2014249e+06   1.468060e+02   0.000000e+00     26s
    2411    3.2014249e+06   5.156223e+01   0.000000e+00     30s
    2878    3.2014250e+06   1.739497e+02   0.000000e+00     36s
    3234    3.2014250e+06   1.085807e+01   0.000000e+00     41s
    3592    3.2014250e+06   1.867616e+01   0.000000e+00     45s
    3824    3.2014250e+06   0.000000e+00   0.000000e+00     48s

Solved in 3824 iterations and 48.38 seconds (85.78 work units)
Optimal objective  3.201424984e+06
Set parameter TimeLimit to value 4.6064526220005937e+03
Set parameter Method to value 1
Gurobi Optimizer version 12.0.3 build v12.0.3rc0 (linux64 - "Ubuntu 24.04.4 LTS")

CPU model: Intel(R) Xeon(R) Silver 4316 CPU @ 2.30GHz, instruction set [SSE2|AVX|AVX2|AVX512]
Thread count: 40 physical cores, 40 logical processors, using up to 1 threads

Non-default parameters:
TimeLimit  4.6064526220005937e+03
Method  1
BarHomogeneous  1
Threads  1

Optimize a model with 785 rows, 248803 columns and 6903808 nonzeros
Coefficient statistics:
  Matrix range     [1e+00, 1e+00]
  Objective range  [1e+05, 5e+05]
  Bounds range     [0e+00, 0e+00]
  RHS range        [1e+00, 1e+00]
LP warm-start: use basis

Iteration    Objective       Primal Inf.    Dual Inf.      Time
       0   -1.8037012e+31   1.631150e+34   1.803701e+01      0s
     439   -2.6999840e+29   1.921042e+33   2.699984e-01      5s
     831    3.2014248e+06   4.828799e+02   0.000000e+00     10s
    1304    3.2014249e+06   1.460620e+02   0.000000e+00     16s
    1660    3.2014249e+06   6.688530e+01   0.000000e+00     21s
    2017    3.2014250e+06   3.812053e+01   0.000000e+00     25s
    2370    3.2014250e+06   1.859648e+00   0.000000e+00     30s
    2750    3.2014250e+06   0.000000e+00   0.000000e+00     35s

Solved in 2750 iterations and 34.94 seconds (61.36 work units)
Optimal objective  3.201424963e+06
Set parameter TimeLimit to value 4.5509339919406921e+03
Set parameter Method to value 1
Gurobi Optimizer version 12.0.3 build v12.0.3rc0 (linux64 - "Ubuntu 24.04.4 LTS")

CPU model: Intel(R) Xeon(R) Silver 4316 CPU @ 2.30GHz, instruction set [SSE2|AVX|AVX2|AVX512]
Thread count: 40 physical cores, 40 logical processors, using up to 1 threads

Non-default parameters:
TimeLimit  4.5509339919406921e+03
Method  1
BarHomogeneous  1
Threads  1

Optimize a model with 785 rows, 248833 columns and 6904843 nonzeros
Coefficient statistics:
  Matrix range     [1e+00, 1e+00]
  Objective range  [1e+05, 5e+05]
  Bounds range     [0e+00, 0e+00]
  RHS range        [1e+00, 1e+00]
LP warm-start: use basis

Iteration    Objective       Primal Inf.    Dual Inf.      Time
       0   -1.7218156e+31   9.630673e+33   1.721816e+01      0s
     435    3.2014249e+06   1.334421e+03   0.000000e+00      5s
     789    3.2014249e+06   4.746777e+01   0.000000e+00     10s
    1260    3.2014250e+06   3.230043e+00   0.000000e+00     16s
    1575    3.2014250e+06   0.000000e+00   0.000000e+00     20s

Solved in 1575 iterations and 20.20 seconds (35.16 work units)
Optimal objective  3.201424954e+06
Set parameter TimeLimit to value 4511.516056458
Set parameter Method to value 1
Gurobi Optimizer version 12.0.3 build v12.0.3rc0 (linux64 - "Ubuntu 24.04.4 LTS")

CPU model: Intel(R) Xeon(R) Silver 4316 CPU @ 2.30GHz, instruction set [SSE2|AVX|AVX2|AVX512]
Thread count: 40 physical cores, 40 logical processors, using up to 1 threads

Non-default parameters:
TimeLimit  4511.516056458
Method  1
BarHomogeneous  1
Threads  1

Optimize a model with 785 rows, 248863 columns and 6905663 nonzeros
Coefficient statistics:
  Matrix range     [1e+00, 1e+00]
  Objective range  [1e+05, 5e+05]
  Bounds range     [0e+00, 0e+00]
  RHS range        [1e+00, 1e+00]
LP warm-start: use basis

Iteration    Objective       Primal Inf.    Dual Inf.      Time
       0   -1.4899653e+31   1.066132e+34   1.489965e+01      0s
     400   -1.6956723e+28   3.448020e+32   1.695673e-02      5s
     799    3.2014249e+06   4.680848e+01   0.000000e+00     10s
    1263    3.2014249e+06   2.802527e+02   0.000000e+00     16s
    1615    3.2014249e+06   4.158637e+00   0.000000e+00     20s
    2081    3.2014249e+06   1.660750e+00   0.000000e+00     26s
    2151    3.2014249e+06   0.000000e+00   0.000000e+00     27s

Solved in 2151 iterations and 27.31 seconds (48.58 work units)
Optimal objective  3.201424935e+06
Set parameter TimeLimit to value 4.4655226567415521e+03
Set parameter Method to value 1
Gurobi Optimizer version 12.0.3 build v12.0.3rc0 (linux64 - "Ubuntu 24.04.4 LTS")

CPU model: Intel(R) Xeon(R) Silver 4316 CPU @ 2.30GHz, instruction set [SSE2|AVX|AVX2|AVX512]
Thread count: 40 physical cores, 40 logical processors, using up to 1 threads

Non-default parameters:
TimeLimit  4.4655226567415521e+03
Method  1
BarHomogeneous  1
Threads  1

Optimize a model with 785 rows, 248893 columns and 6906658 nonzeros
Coefficient statistics:
  Matrix range     [1e+00, 1e+00]
  Objective range  [1e+05, 5e+05]
  Bounds range     [0e+00, 0e+00]
  RHS range        [1e+00, 1e+00]
LP warm-start: use basis

Iteration    Objective       Primal Inf.    Dual Inf.      Time
       0   -1.6949977e+31   1.167505e+34   1.694998e+01      0s
     145    3.2014249e+06   0.000000e+00   0.000000e+00      2s

Solved in 145 iterations and 2.30 seconds (3.73 work units)
Optimal objective  3.201424935e+06
Set parameter TimeLimit to value 4.4439486946514808e+03
Set parameter Method to value 1
Gurobi Optimizer version 12.0.3 build v12.0.3rc0 (linux64 - "Ubuntu 24.04.4 LTS")

CPU model: Intel(R) Xeon(R) Silver 4316 CPU @ 2.30GHz, instruction set [SSE2|AVX|AVX2|AVX512]
Thread count: 40 physical cores, 40 logical processors, using up to 1 threads

Non-default parameters:
TimeLimit  4.4439486946514808e+03
Method  1
BarHomogeneous  1
Threads  1

Optimize a model with 785 rows, 248923 columns and 6907653 nonzeros
Coefficient statistics:
  Matrix range     [1e+00, 1e+00]
  Objective range  [1e+05, 5e+05]
  Bounds range     [0e+00, 0e+00]
  RHS range        [1e+00, 1e+00]
LP warm-start: use basis

Iteration    Objective       Primal Inf.    Dual Inf.      Time
       0   -1.4344730e+31   1.293919e+34   1.434473e+01      0s
     462   -2.7279007e+27   7.453238e+31   2.727898e-03      5s
     918    3.2014249e+06   4.064608e+01   0.000000e+00     11s
    1272    3.2014249e+06   4.078249e+02   0.000000e+00     16s
    1624    3.2014249e+06   8.313031e+00   0.000000e+00     20s
    2075    3.2014249e+06   0.000000e+00   0.000000e+00     26s

Solved in 2075 iterations and 25.81 seconds (46.00 work units)
Optimal objective  3.201424927e+06
Set parameter TimeLimit to value 4.3995679554273374e+03
Set parameter Method to value 1
Gurobi Optimizer version 12.0.3 build v12.0.3rc0 (linux64 - "Ubuntu 24.04.4 LTS")

CPU model: Intel(R) Xeon(R) Silver 4316 CPU @ 2.30GHz, instruction set [SSE2|AVX|AVX2|AVX512]
Thread count: 40 physical cores, 40 logical processors, using up to 1 threads

Non-default parameters:
TimeLimit  4.3995679554273374e+03
Method  1
BarHomogeneous  1
Threads  1

Optimize a model with 785 rows, 248953 columns and 6908732 nonzeros
Coefficient statistics:
  Matrix range     [1e+00, 1e+00]
  Objective range  [1e+05, 5e+05]
  Bounds range     [0e+00, 0e+00]
  RHS range        [1e+00, 1e+00]
LP warm-start: use basis

Iteration    Objective       Primal Inf.    Dual Inf.      Time
       0   -1.4724463e+31   1.113125e+34   1.472446e+01      0s
     441   -8.2941118e+29   1.534884e+33   8.294112e-01      5s
     841    3.2014244e+06   2.408031e+03   0.000000e+00     10s
    1317    3.2014246e+06   3.799901e+02   0.000000e+00     16s
    1673    3.2014247e+06   2.506656e+02   0.000000e+00     21s
    2142    3.2014248e+06   4.782791e+01   0.000000e+00     26s
    2492    3.2014248e+06   5.308062e+01   0.000000e+00     31s
    2847    3.2014249e+06   4.093137e+01   0.000000e+00     35s
    3322    3.2014249e+06   3.511199e+01   0.000000e+00     41s
    3681    3.2014249e+06   4.575494e-01   0.000000e+00     46s
    3718    3.2014249e+06   0.000000e+00   0.000000e+00     46s

Solved in 3718 iterations and 46.21 seconds (82.90 work units)
Optimal objective  3.201424870e+06
Set parameter TimeLimit to value 4.3324933831747621e+03
Set parameter Method to value 1
Gurobi Optimizer version 12.0.3 build v12.0.3rc0 (linux64 - "Ubuntu 24.04.4 LTS")

CPU model: Intel(R) Xeon(R) Silver 4316 CPU @ 2.30GHz, instruction set [SSE2|AVX|AVX2|AVX512]
Thread count: 40 physical cores, 40 logical processors, using up to 1 threads

Non-default parameters:
TimeLimit  4.3324933831747621e+03
Method  1
BarHomogeneous  1
Threads  1

Optimize a model with 785 rows, 248983 columns and 6909723 nonzeros
Coefficient statistics:
  Matrix range     [1e+00, 1e+00]
  Objective range  [1e+05, 5e+05]
  Bounds range     [0e+00, 0e+00]
  RHS range        [1e+00, 1e+00]
LP warm-start: use basis

Iteration    Objective       Primal Inf.    Dual Inf.      Time
       0   -1.7729396e+31   8.112014e+33   1.772940e+01      0s
     439   -2.0711680e+29   1.357131e+33   2.071168e-01      5s
     834    3.2014246e+06   5.542090e+02   0.000000e+00     10s
    1299    3.2014248e+06   1.383411e+02   0.000000e+00     16s
    1655    3.2014248e+06   2.039597e+02   0.000000e+00     21s
    2007    3.2014248e+06   1.541044e+01   0.000000e+00     25s
    2482    3.2014248e+06   1.106349e+01   0.000000e+00     31s
    2842    3.2014248e+06   7.014102e-01   0.000000e+00     35s
    2986    3.2014248e+06   0.000000e+00   0.000000e+00     37s

Solved in 2986 iterations and 37.36 seconds (66.86 work units)
Optimal objective  3.201424847e+06
Set parameter TimeLimit to value 4.2744400699469261e+03
Set parameter Method to value 1
Gurobi Optimizer version 12.0.3 build v12.0.3rc0 (linux64 - "Ubuntu 24.04.4 LTS")

CPU model: Intel(R) Xeon(R) Silver 4316 CPU @ 2.30GHz, instruction set [SSE2|AVX|AVX2|AVX512]
Thread count: 40 physical cores, 40 logical processors, using up to 1 threads

Non-default parameters:
TimeLimit  4.2744400699469261e+03
Method  1
BarHomogeneous  1
Threads  1

Optimize a model with 785 rows, 249013 columns and 6910713 nonzeros
Coefficient statistics:
  Matrix range     [1e+00, 1e+00]
  Objective range  [1e+05, 5e+05]
  Bounds range     [0e+00, 0e+00]
  RHS range        [1e+00, 1e+00]
LP warm-start: use basis

Iteration    Objective       Primal Inf.    Dual Inf.      Time
       0   -1.3637129e+31   1.137317e+34   1.363713e+01      0s
     478    3.2014246e+06   5.164178e+02   0.000000e+00      6s
     831    3.2014247e+06   1.806540e+02   0.000000e+00     11s
    1303    3.2014248e+06   5.098688e+01   0.000000e+00     16s
    1655    3.2014248e+06   5.149772e+01   0.000000e+00     21s
    2006    3.2014248e+06   1.162020e+01   0.000000e+00     25s
    2479    3.2014248e+06   1.763647e-01   0.000000e+00     31s
    2536    3.2014248e+06   0.000000e+00   0.000000e+00     32s

Solved in 2536 iterations and 32.03 seconds (57.35 work units)
Optimal objective  3.201424833e+06
Set parameter TimeLimit to value 4.2215646908148192e+03
Set parameter Method to value 1
Gurobi Optimizer version 12.0.3 build v12.0.3rc0 (linux64 - "Ubuntu 24.04.4 LTS")

CPU model: Intel(R) Xeon(R) Silver 4316 CPU @ 2.30GHz, instruction set [SSE2|AVX|AVX2|AVX512]
Thread count: 40 physical cores, 40 logical processors, using up to 1 threads

Non-default parameters:
TimeLimit  4.2215646908148192e+03
Method  1
BarHomogeneous  1
Threads  1

Optimize a model with 785 rows, 249043 columns and 6911762 nonzeros
Coefficient statistics:
  Matrix range     [1e+00, 1e+00]
  Objective range  [1e+05, 5e+05]
  Bounds range     [0e+00, 0e+00]
  RHS range        [1e+00, 1e+00]
LP warm-start: use basis

Iteration    Objective       Primal Inf.    Dual Inf.      Time
       0   -1.4085251e+31   3.172056e+34   1.408525e+01      0s
     392   -1.1218845e+29   4.434552e+32   1.121885e-01      5s
     783    3.2014247e+06   1.022182e+02   0.000000e+00     10s
    1258    3.2014248e+06   3.025325e+01   0.000000e+00     16s
    1609    3.2014248e+06   6.019705e+01   0.000000e+00     21s
    1967    3.2014248e+06   6.472812e-01   0.000000e+00     25s
    2047    3.2014248e+06   0.000000e+00   0.000000e+00     26s

Solved in 2047 iterations and 26.37 seconds (46.17 work units)
Optimal objective  3.201424816e+06
Set parameter TimeLimit to value 4.1757039760015905e+03
Set parameter Method to value 1
Gurobi Optimizer version 12.0.3 build v12.0.3rc0 (linux64 - "Ubuntu 24.04.4 LTS")

CPU model: Intel(R) Xeon(R) Silver 4316 CPU @ 2.30GHz, instruction set [SSE2|AVX|AVX2|AVX512]
Thread count: 40 physical cores, 40 logical processors, using up to 1 threads

Non-default parameters:
TimeLimit  4.1757039760015905e+03
Method  1
BarHomogeneous  1
Threads  1

Optimize a model with 785 rows, 249073 columns and 6912771 nonzeros
Coefficient statistics:
  Matrix range     [1e+00, 1e+00]
  Objective range  [1e+05, 5e+05]
  Bounds range     [0e+00, 0e+00]
  RHS range        [1e+00, 1e+00]
LP warm-start: use basis

Iteration    Objective       Primal Inf.    Dual Inf.      Time
       0   -1.1861384e+31   1.786596e+34   1.186138e+01      0s
     386    3.2014248e+06   1.598191e+00   0.000000e+00      5s
     553    3.2014248e+06   0.000000e+00   0.000000e+00      7s

Solved in 553 iterations and 7.34 seconds (12.70 work units)
Optimal objective  3.201424814e+06
Set parameter TimeLimit to value 4.1480125549975783e+03
Set parameter Method to value 1
Gurobi Optimizer version 12.0.3 build v12.0.3rc0 (linux64 - "Ubuntu 24.04.4 LTS")

CPU model: Intel(R) Xeon(R) Silver 4316 CPU @ 2.30GHz, instruction set [SSE2|AVX|AVX2|AVX512]
Thread count: 40 physical cores, 40 logical processors, using up to 1 threads

Non-default parameters:
TimeLimit  4.1480125549975783e+03
Method  1
BarHomogeneous  1
Threads  1

Optimize a model with 785 rows, 249103 columns and 6913736 nonzeros
Coefficient statistics:
  Matrix range     [1e+00, 1e+00]
  Objective range  [1e+05, 5e+05]
  Bounds range     [0e+00, 0e+00]
  RHS range        [1e+00, 1e+00]
LP warm-start: use basis

Iteration    Objective       Primal Inf.    Dual Inf.      Time
       0   -1.1061212e+31   7.010226e+33   1.106121e+01      0s
     395   -6.7493042e+29   9.232473e+32   6.749304e-01      5s
     823    3.2014246e+06   1.853965e+03   0.000000e+00     11s
    1176    3.2014247e+06   8.627496e+02   0.000000e+00     15s
    1645    3.2014248e+06   6.545556e+01   0.000000e+00     21s
    1998    3.2014248e+06   1.405452e+02   0.000000e+00     25s
    2356    3.2014248e+06   1.099648e+01   0.000000e+00     30s
    2832    3.2014248e+06   7.953598e-01   0.000000e+00     36s
    2947    3.2014248e+06   0.000000e+00   0.000000e+00     38s

Solved in 2947 iterations and 37.61 seconds (66.34 work units)
Optimal objective  3.201424797e+06
Set parameter TimeLimit to value 4.0894104055752978e+03
Set parameter Method to value 1
Gurobi Optimizer version 12.0.3 build v12.0.3rc0 (linux64 - "Ubuntu 24.04.4 LTS")

CPU model: Intel(R) Xeon(R) Silver 4316 CPU @ 2.30GHz, instruction set [SSE2|AVX|AVX2|AVX512]
Thread count: 40 physical cores, 40 logical processors, using up to 1 threads

Non-default parameters:
TimeLimit  4.0894104055752978e+03
Method  1
BarHomogeneous  1
Threads  1

Optimize a model with 785 rows, 249133 columns and 6914574 nonzeros
Coefficient statistics:
  Matrix range     [1e+00, 1e+00]
  Objective range  [1e+05, 5e+05]
  Bounds range     [0e+00, 0e+00]
  RHS range        [1e+00, 1e+00]
LP warm-start: use basis

Iteration    Objective       Primal Inf.    Dual Inf.      Time
       0   -1.2494807e+31   1.183978e+34   1.249481e+01      0s
     126    3.2014248e+06   0.000000e+00   0.000000e+00      2s

Solved in 126 iterations and 2.05 seconds (3.22 work units)
Optimal objective  3.201424797e+06
Set parameter TimeLimit to value 4.0699414485646412e+03
Set parameter Method to value 1
Gurobi Optimizer version 12.0.3 build v12.0.3rc0 (linux64 - "Ubuntu 24.04.4 LTS")

CPU model: Intel(R) Xeon(R) Silver 4316 CPU @ 2.30GHz, instruction set [SSE2|AVX|AVX2|AVX512]
Thread count: 40 physical cores, 40 logical processors, using up to 1 threads

Non-default parameters:
TimeLimit  4.0699414485646412e+03
Method  1
BarHomogeneous  1
Threads  1

Optimize a model with 785 rows, 249163 columns and 6915548 nonzeros
Coefficient statistics:
  Matrix range     [1e+00, 1e+00]
  Objective range  [1e+05, 5e+05]
  Bounds range     [0e+00, 0e+00]
  RHS range        [1e+00, 1e+00]
LP warm-start: use basis

Iteration    Objective       Primal Inf.    Dual Inf.      Time
       0   -1.1974180e+31   8.601900e+33   1.197418e+01      0s
     389   -2.8136208e+29   4.953616e+32   2.813621e-01      5s
     783    3.2014246e+06   3.489092e+02   0.000000e+00     10s
    1252    3.2014247e+06   8.119001e+02   0.000000e+00     16s
    1601    3.2014247e+06   1.244084e+02   0.000000e+00     21s
    1954    3.2014248e+06   6.863799e+01   0.000000e+00     25s
    2422    3.2014248e+06   1.520353e+01   0.000000e+00     31s
    2683    3.2014248e+06   0.000000e+00   0.000000e+00     35s

Solved in 2683 iterations and 34.80 seconds (60.86 work units)
Optimal objective  3.201424771e+06
Set parameter TimeLimit to value 4.0143284890125506e+03
Set parameter Method to value 1
Gurobi Optimizer version 12.0.3 build v12.0.3rc0 (linux64 - "Ubuntu 24.04.4 LTS")

CPU model: Intel(R) Xeon(R) Silver 4316 CPU @ 2.30GHz, instruction set [SSE2|AVX|AVX2|AVX512]
Thread count: 40 physical cores, 40 logical processors, using up to 1 threads

Non-default parameters:
TimeLimit  4.0143284890125506e+03
Method  1
BarHomogeneous  1
Threads  1

Optimize a model with 785 rows, 249193 columns and 6916634 nonzeros
Coefficient statistics:
  Matrix range     [1e+00, 1e+00]
  Objective range  [1e+05, 5e+05]
  Bounds range     [0e+00, 0e+00]
  RHS range        [1e+00, 1e+00]
LP warm-start: use basis

Iteration    Objective       Primal Inf.    Dual Inf.      Time
       0   -1.5559504e+31   1.395391e+34   1.555950e+01      0s
     386    3.2014248e+06   3.257305e+00   0.000000e+00      5s
     475    3.2014248e+06   0.000000e+00   0.000000e+00      6s

Solved in 475 iterations and 6.45 seconds (10.94 work units)
Optimal objective  3.201424771e+06
Set parameter TimeLimit to value 3.9886624852749519e+03
Set parameter Method to value 1
Gurobi Optimizer version 12.0.3 build v12.0.3rc0 (linux64 - "Ubuntu 24.04.4 LTS")

CPU model: Intel(R) Xeon(R) Silver 4316 CPU @ 2.30GHz, instruction set [SSE2|AVX|AVX2|AVX512]
Thread count: 40 physical cores, 40 logical processors, using up to 1 threads

Non-default parameters:
TimeLimit  3.9886624852749519e+03
Method  1
BarHomogeneous  1
Threads  1

Optimize a model with 785 rows, 249223 columns and 6917644 nonzeros
Coefficient statistics:
  Matrix range     [1e+00, 1e+00]
  Objective range  [1e+05, 5e+05]
  Bounds range     [0e+00, 0e+00]
  RHS range        [1e+00, 1e+00]
LP warm-start: use basis

Iteration    Objective       Primal Inf.    Dual Inf.      Time
       0   -1.4981290e+31   1.082196e+34   1.498129e+01      0s
     395   -3.8453585e+29   9.696209e+32   3.845358e-01      5s
     800    3.2014246e+06   8.990326e+02   0.000000e+00     10s
    1269    3.2014247e+06   3.519683e+02   0.000000e+00     16s
    1619    3.2014247e+06   6.608768e+01   0.000000e+00     21s
    1971    3.2014247e+06   1.902861e+01   0.000000e+00     26s
    2326    3.2014247e+06   1.572435e+01   0.000000e+00     30s
    2804    3.2014247e+06   3.706414e-01   0.000000e+00     36s
    2874    3.2014247e+06   0.000000e+00   0.000000e+00     37s

Solved in 2874 iterations and 37.01 seconds (65.06 work units)
Optimal objective  3.201424748e+06
Set parameter TimeLimit to value 3.9329024132997729e+03
Set parameter Method to value 1
Gurobi Optimizer version 12.0.3 build v12.0.3rc0 (linux64 - "Ubuntu 24.04.4 LTS")

CPU model: Intel(R) Xeon(R) Silver 4316 CPU @ 2.30GHz, instruction set [SSE2|AVX|AVX2|AVX512]
Thread count: 40 physical cores, 40 logical processors, using up to 1 threads

Non-default parameters:
TimeLimit  3.9329024132997729e+03
Method  1
BarHomogeneous  1
Threads  1

Optimize a model with 785 rows, 249253 columns and 6918535 nonzeros
Coefficient statistics:
  Matrix range     [1e+00, 1e+00]
  Objective range  [1e+05, 5e+05]
  Bounds range     [0e+00, 0e+00]
  RHS range        [1e+00, 1e+00]
LP warm-start: use basis

Iteration    Objective       Primal Inf.    Dual Inf.      Time
       0   -1.1206192e+31   6.235674e+33   1.120619e+01      0s
     430   -2.3771230e+29   4.959766e+32   2.377123e-01      5s
     873    3.2014246e+06   6.861320e+02   0.000000e+00     11s
    1231    3.2014247e+06   6.933549e+01   0.000000e+00     15s
    1704    3.2014247e+06   5.582697e+01   0.000000e+00     21s
    2062    3.2014247e+06   2.934971e+01   0.000000e+00     26s
    2421    3.2014247e+06   4.393851e-03   0.000000e+00     30s
    2433    3.2014247e+06   0.000000e+00   0.000000e+00     30s

Solved in 2433 iterations and 30.32 seconds (54.34 work units)
Optimal objective  3.201424727e+06
Set parameter TimeLimit to value 3.8824275687616318e+03
Set parameter Method to value 1
Gurobi Optimizer version 12.0.3 build v12.0.3rc0 (linux64 - "Ubuntu 24.04.4 LTS")

CPU model: Intel(R) Xeon(R) Silver 4316 CPU @ 2.30GHz, instruction set [SSE2|AVX|AVX2|AVX512]
Thread count: 40 physical cores, 40 logical processors, using up to 1 threads

Non-default parameters:
TimeLimit  3.8824275687616318e+03
Method  1
BarHomogeneous  1
Threads  1

Optimize a model with 785 rows, 249283 columns and 6919442 nonzeros
Coefficient statistics:
  Matrix range     [1e+00, 1e+00]
  Objective range  [1e+05, 5e+05]
  Bounds range     [0e+00, 0e+00]
  RHS range        [1e+00, 1e+00]
LP warm-start: use basis

Iteration    Objective       Primal Inf.    Dual Inf.      Time
       0   -1.6444217e+31   1.440721e+34   1.644422e+01      0s
     108    3.2014247e+06   0.000000e+00   0.000000e+00      2s

Solved in 108 iterations and 1.83 seconds (2.82 work units)
Optimal objective  3.201424727e+06
Set parameter TimeLimit to value 3.8624758037971333e+03
Set parameter Method to value 1
Gurobi Optimizer version 12.0.3 build v12.0.3rc0 (linux64 - "Ubuntu 24.04.4 LTS")

CPU model: Intel(R) Xeon(R) Silver 4316 CPU @ 2.30GHz, instruction set [SSE2|AVX|AVX2|AVX512]
Thread count: 40 physical cores, 40 logical processors, using up to 1 threads

Non-default parameters:
TimeLimit  3.8624758037971333e+03
Method  1
BarHomogeneous  1
Threads  1

Optimize a model with 785 rows, 249313 columns and 6920452 nonzeros
Coefficient statistics:
  Matrix range     [1e+00, 1e+00]
  Objective range  [1e+05, 5e+05]
  Bounds range     [0e+00, 0e+00]
  RHS range        [1e+00, 1e+00]
LP warm-start: use basis

Iteration    Objective       Primal Inf.    Dual Inf.      Time
       0   -1.2158629e+31   1.337438e+34   1.215863e+01      0s
     438   -5.5900249e+29   9.346623e+32   5.590024e-01      5s
     836   -8.4974964e+28   2.294868e+33   8.497490e-02     10s
    1307    3.2014245e+06   4.268621e+02   0.000000e+00     16s
    1654    3.2014246e+06   1.644310e+02   0.000000e+00     20s
    2127    3.2014247e+06   6.778487e+01   0.000000e+00     26s
    2487    3.2014247e+06   8.696974e+01   0.000000e+00     31s
    2846    3.2014247e+06   4.807650e+01   0.000000e+00     35s
    3319    3.2014247e+06   6.393672e+00   0.000000e+00     41s
    3443    3.2014247e+06   0.000000e+00   0.000000e+00     43s

Solved in 3443 iterations and 42.79 seconds (76.99 work units)
Optimal objective  3.201424702e+06
Set parameter TimeLimit to value 3.7997877397667617e+03
Set parameter Method to value 1
Gurobi Optimizer version 12.0.3 build v12.0.3rc0 (linux64 - "Ubuntu 24.04.4 LTS")

CPU model: Intel(R) Xeon(R) Silver 4316 CPU @ 2.30GHz, instruction set [SSE2|AVX|AVX2|AVX512]
Thread count: 40 physical cores, 40 logical processors, using up to 1 threads

Non-default parameters:
TimeLimit  3.7997877397667617e+03
Method  1
BarHomogeneous  1
Threads  1

Optimize a model with 785 rows, 249343 columns and 6921504 nonzeros
Coefficient statistics:
  Matrix range     [1e+00, 1e+00]
  Objective range  [1e+05, 5e+05]
  Bounds range     [0e+00, 0e+00]
  RHS range        [1e+00, 1e+00]
LP warm-start: use basis

Iteration    Objective       Primal Inf.    Dual Inf.      Time
       0   -1.1694716e+31   5.089696e+33   1.169472e+01      0s
     127    3.2014247e+06   0.000000e+00   0.000000e+00      2s

Solved in 127 iterations and 2.06 seconds (3.27 work units)
Optimal objective  3.201424702e+06
Set parameter TimeLimit to value 3.7792089078407735e+03
Set parameter Method to value 1
Gurobi Optimizer version 12.0.3 build v12.0.3rc0 (linux64 - "Ubuntu 24.04.4 LTS")

CPU model: Intel(R) Xeon(R) Silver 4316 CPU @ 2.30GHz, instruction set [SSE2|AVX|AVX2|AVX512]
Thread count: 40 physical cores, 40 logical processors, using up to 1 threads

Non-default parameters:
TimeLimit  3.7792089078407735e+03
Method  1
BarHomogeneous  1
Threads  1

Optimize a model with 785 rows, 249373 columns and 6922501 nonzeros
Coefficient statistics:
  Matrix range     [1e+00, 1e+00]
  Objective range  [1e+05, 5e+05]
  Bounds range     [0e+00, 0e+00]
  RHS range        [1e+00, 1e+00]
LP warm-start: use basis

Iteration    Objective       Primal Inf.    Dual Inf.      Time
       0   -1.0770595e+31   1.145320e+34   1.077059e+01      0s
     432    3.2014246e+06   8.329441e+02   0.000000e+00      6s
     779    3.2014247e+06   2.200378e+02   0.000000e+00     10s
    1246    3.2014247e+06   3.581194e+01   0.000000e+00     16s
    1598    3.2014247e+06   4.769301e+00   0.000000e+00     21s
    1868    3.2014247e+06   0.000000e+00   0.000000e+00     24s

Solved in 1868 iterations and 24.20 seconds (42.47 work units)
Optimal objective  3.201424691e+06
Set parameter TimeLimit to value 3.7353087343233638e+03
Set parameter Method to value 1
Gurobi Optimizer version 12.0.3 build v12.0.3rc0 (linux64 - "Ubuntu 24.04.4 LTS")

CPU model: Intel(R) Xeon(R) Silver 4316 CPU @ 2.30GHz, instruction set [SSE2|AVX|AVX2|AVX512]
Thread count: 40 physical cores, 40 logical processors, using up to 1 threads

Non-default parameters:
TimeLimit  3.7353087343233638e+03
Method  1
BarHomogeneous  1
Threads  1

Optimize a model with 785 rows, 249403 columns and 6923609 nonzeros
Coefficient statistics:
  Matrix range     [1e+00, 1e+00]
  Objective range  [1e+05, 5e+05]
  Bounds range     [0e+00, 0e+00]
  RHS range        [1e+00, 1e+00]
LP warm-start: use basis

Iteration    Objective       Primal Inf.    Dual Inf.      Time
       0   -1.0825959e+31   8.765157e+33   1.082596e+01      0s
     395   -7.4532709e+27   5.216639e+32   7.453289e-03      5s
     869    3.2014246e+06   2.320652e+02   0.000000e+00     11s
    1223    3.2014247e+06   6.975771e+01   0.000000e+00     15s
    1702    3.2014247e+06   3.940930e+01   0.000000e+00     22s
    2059    3.2014247e+06   5.367327e+00   0.000000e+00     26s
    2179    3.2014247e+06   0.000000e+00   0.000000e+00     28s

Solved in 2179 iterations and 27.83 seconds (49.27 work units)
Optimal objective  3.201424682e+06
Set parameter TimeLimit to value 3.6881047673798166e+03
Set parameter Method to value 1
Gurobi Optimizer version 12.0.3 build v12.0.3rc0 (linux64 - "Ubuntu 24.04.4 LTS")

CPU model: Intel(R) Xeon(R) Silver 4316 CPU @ 2.30GHz, instruction set [SSE2|AVX|AVX2|AVX512]
Thread count: 40 physical cores, 40 logical processors, using up to 1 threads

Non-default parameters:
TimeLimit  3.6881047673798166e+03
Method  1
BarHomogeneous  1
Threads  1

Optimize a model with 785 rows, 249433 columns and 6924288 nonzeros
Coefficient statistics:
  Matrix range     [1e+00, 1e+00]
  Objective range  [1e+05, 5e+05]
  Bounds range     [0e+00, 0e+00]
  RHS range        [1e+00, 1e+00]
LP warm-start: use basis

Iteration    Objective       Primal Inf.    Dual Inf.      Time
       0   -1.0616210e+31   3.446860e+33   1.061621e+01      0s
     389    1.7985805e+22   1.528571e+31   0.000000e+00      5s
     862    3.2014247e+06   2.902520e+02   0.000000e+00     11s
    1217    3.2014247e+06   1.390649e+01   0.000000e+00     16s
    1576    3.2014247e+06   4.451991e+00   0.000000e+00     21s
    1862    3.2014247e+06   0.000000e+00   0.000000e+00     24s

Solved in 1862 iterations and 24.49 seconds (42.28 work units)
Optimal objective  3.201424677e+06
Set parameter TimeLimit to value 3.6431530424812809e+03
Set parameter Method to value 1
Gurobi Optimizer version 12.0.3 build v12.0.3rc0 (linux64 - "Ubuntu 24.04.4 LTS")

CPU model: Intel(R) Xeon(R) Silver 4316 CPU @ 2.30GHz, instruction set [SSE2|AVX|AVX2|AVX512]
Thread count: 40 physical cores, 40 logical processors, using up to 1 threads

Non-default parameters:
TimeLimit  3.6431530424812809e+03
Method  1
BarHomogeneous  1
Threads  1

Optimize a model with 785 rows, 249463 columns and 6925308 nonzeros
Coefficient statistics:
  Matrix range     [1e+00, 1e+00]
  Objective range  [1e+05, 5e+05]
  Bounds range     [0e+00, 0e+00]
  RHS range        [1e+00, 1e+00]
LP warm-start: use basis

Iteration    Objective       Primal Inf.    Dual Inf.      Time
       0   -1.0142349e+31   7.678191e+33   1.014235e+01      0s
     382   -3.4101124e+29   2.391598e+33   3.410112e-01      5s
     803    3.2014245e+06   3.779061e+02   0.000000e+00     11s
    1153    3.2014246e+06   2.258113e+03   0.000000e+00     15s
    1623    3.2014246e+06   1.521635e+01   0.000000e+00     21s
    1982    3.2014246e+06   1.050556e+01   0.000000e+00     26s
    2341    3.2014247e+06   2.119235e+01   0.000000e+00     30s
    2644    3.2014247e+06   0.000000e+00   0.000000e+00     34s

Solved in 2644 iterations and 34.31 seconds (60.04 work units)
Optimal objective  3.201424654e+06
Set parameter TimeLimit to value 3.5880470950119197e+03
Set parameter Method to value 1
Gurobi Optimizer version 12.0.3 build v12.0.3rc0 (linux64 - "Ubuntu 24.04.4 LTS")

CPU model: Intel(R) Xeon(R) Silver 4316 CPU @ 2.30GHz, instruction set [SSE2|AVX|AVX2|AVX512]
Thread count: 40 physical cores, 40 logical processors, using up to 1 threads

Non-default parameters:
TimeLimit  3.5880470950119197e+03
Method  1
BarHomogeneous  1
Threads  1

Optimize a model with 785 rows, 249493 columns and 6926301 nonzeros
Coefficient statistics:
  Matrix range     [1e+00, 1e+00]
  Objective range  [1e+05, 5e+05]
  Bounds range     [0e+00, 0e+00]
  RHS range        [1e+00, 1e+00]
LP warm-start: use basis

Iteration    Objective       Primal Inf.    Dual Inf.      Time
       0   -1.0134530e+31   8.825889e+33   1.013453e+01      0s
     407   -4.2330421e+29   5.529645e+32   4.233042e-01      5s
     847    3.2014245e+06   5.615162e+02   0.000000e+00     11s
    1205    3.2014246e+06   5.937243e+02   0.000000e+00     15s
    1676    3.2014246e+06   9.225937e+01   0.000000e+00     21s
    2031    3.2014246e+06   1.026946e+02   0.000000e+00     26s
    2388    3.2014246e+06   2.101846e+01   0.000000e+00     30s
    2763    3.2014246e+06   0.000000e+00   0.000000e+00     35s

Solved in 2763 iterations and 35.20 seconds (61.85 work units)
Optimal objective  3.201424641e+06
Set parameter TimeLimit to value 3533.20634148689
Set parameter Method to value 1
Gurobi Optimizer version 12.0.3 build v12.0.3rc0 (linux64 - "Ubuntu 24.04.4 LTS")

CPU model: Intel(R) Xeon(R) Silver 4316 CPU @ 2.30GHz, instruction set [SSE2|AVX|AVX2|AVX512]
Thread count: 40 physical cores, 40 logical processors, using up to 1 threads

Non-default parameters:
TimeLimit  3533.20634148689
Method  1
BarHomogeneous  1
Threads  1

Optimize a model with 785 rows, 249523 columns and 6927258 nonzeros
Coefficient statistics:
  Matrix range     [1e+00, 1e+00]
  Objective range  [1e+05, 5e+05]
  Bounds range     [0e+00, 0e+00]
  RHS range        [1e+00, 1e+00]
LP warm-start: use basis

Iteration    Objective       Primal Inf.    Dual Inf.      Time
       0   -9.5090507e+30   1.080614e+34   9.509051e+00      0s
     453   -3.9700851e+29   1.286819e+33   3.970065e-01      5s
     844   -7.8278063e+27   1.087765e+33   7.828462e-03     10s
    1313    3.2014245e+06   8.132865e+02   0.000000e+00     16s
    1667    3.2014246e+06   1.442891e+02   0.000000e+00     21s
    2020    3.2014246e+06   1.924298e+01   0.000000e+00     25s
    2494    3.2014246e+06   5.014728e+01   0.000000e+00     31s
    2849    3.2014246e+06   1.271354e+01   0.000000e+00     36s
    3208    3.2014246e+06   8.280666e+00   0.000000e+00     41s
    3440    3.2014246e+06   0.000000e+00   0.000000e+00     44s

Solved in 3440 iterations and 43.56 seconds (76.69 work units)
Optimal objective  3.201424626e+06
Set parameter TimeLimit to value 3.4685867585032247e+03
Set parameter Method to value 1
Gurobi Optimizer version 12.0.3 build v12.0.3rc0 (linux64 - "Ubuntu 24.04.4 LTS")

CPU model: Intel(R) Xeon(R) Silver 4316 CPU @ 2.30GHz, instruction set [SSE2|AVX|AVX2|AVX512]
Thread count: 40 physical cores, 40 logical processors, using up to 1 threads

Non-default parameters:
TimeLimit  3.4685867585032247e+03
Method  1
BarHomogeneous  1
Threads  1

Optimize a model with 785 rows, 249553 columns and 6928275 nonzeros
Coefficient statistics:
  Matrix range     [1e+00, 1e+00]
  Objective range  [1e+05, 5e+05]
  Bounds range     [0e+00, 0e+00]
  RHS range        [1e+00, 1e+00]
LP warm-start: use basis

Iteration    Objective       Primal Inf.    Dual Inf.      Time
       0   -1.0463316e+31   2.019056e+34   1.046332e+01      0s
     439   -2.4772015e+29   1.078409e+33   2.477201e-01      5s
     793    3.2014245e+06   1.904613e+03   0.000000e+00     10s
    1267    3.2014246e+06   4.786910e+02   0.000000e+00     16s
    1622    3.2014246e+06   7.362739e+02   0.000000e+00     21s
    1979    3.2014246e+06   2.552366e+02   0.000000e+00     26s
    2333    3.2014246e+06   1.323699e+01   0.000000e+00     30s
    2806    3.2014246e+06   2.353776e-01   0.000000e+00     37s
    2900    3.2014246e+06   0.000000e+00   0.000000e+00     38s

Solved in 2900 iterations and 37.87 seconds (64.96 work units)
Optimal objective  3.201424612e+06
Set parameter TimeLimit to value 3409.92030028766
Set parameter Method to value 1
Gurobi Optimizer version 12.0.3 build v12.0.3rc0 (linux64 - "Ubuntu 24.04.4 LTS")

CPU model: Intel(R) Xeon(R) Silver 4316 CPU @ 2.30GHz, instruction set [SSE2|AVX|AVX2|AVX512]
Thread count: 40 physical cores, 40 logical processors, using up to 1 threads

Non-default parameters:
TimeLimit  3409.92030028766
Method  1
BarHomogeneous  1
Threads  1

Optimize a model with 785 rows, 249583 columns and 6929365 nonzeros
Coefficient statistics:
  Matrix range     [1e+00, 1e+00]
  Objective range  [1e+05, 5e+05]
  Bounds range     [0e+00, 0e+00]
  RHS range        [1e+00, 1e+00]
LP warm-start: use basis

Iteration    Objective       Primal Inf.    Dual Inf.      Time
       0   -1.2954399e+31   2.294428e+34   1.295440e+01      0s
      90    3.2014246e+06   0.000000e+00   0.000000e+00      2s

Solved in 90 iterations and 1.56 seconds (2.34 work units)
Optimal objective  3.201424612e+06
Set parameter TimeLimit to value 3.3897944785607979e+03
Set parameter Method to value 1
Gurobi Optimizer version 12.0.3 build v12.0.3rc0 (linux64 - "Ubuntu 24.04.4 LTS")

CPU model: Intel(R) Xeon(R) Silver 4316 CPU @ 2.30GHz, instruction set [SSE2|AVX|AVX2|AVX512]
Thread count: 40 physical cores, 40 logical processors, using up to 1 threads

Non-default parameters:
TimeLimit  3.3897944785607979e+03
Method  1
BarHomogeneous  1
Threads  1

Optimize a model with 785 rows, 249613 columns and 6930299 nonzeros
Coefficient statistics:
  Matrix range     [1e+00, 1e+00]
  Objective range  [1e+05, 5e+05]
  Bounds range     [0e+00, 0e+00]
  RHS range        [1e+00, 1e+00]
LP warm-start: use basis

Iteration    Objective       Primal Inf.    Dual Inf.      Time
       0   -9.6051153e+30   5.124814e+33   9.605115e+00      0s
     435   -4.1334896e+29   8.461997e+32   4.133489e-01      5s
     905    3.2014243e+06   1.635421e+04   0.000000e+00     11s
    1261    3.2014245e+06   9.429060e+02   0.000000e+00     16s
    1612    3.2014245e+06   2.328171e+02   0.000000e+00     20s
    2090    3.2014245e+06   4.012208e+01   0.000000e+00     26s
    2446    3.2014246e+06   9.467870e+00   0.000000e+00     31s
    2800    3.2014246e+06   1.068990e+02   0.000000e+00     36s
    3156    3.2014246e+06   1.621150e+01   0.000000e+00     40s
    3454    3.2014246e+06   0.000000e+00   0.000000e+00     44s

Solved in 3454 iterations and 43.93 seconds (77.29 work units)
Optimal objective  3.201424576e+06
Set parameter TimeLimit to value 3.3248229192690924e+03
Set parameter Method to value 1
Gurobi Optimizer version 12.0.3 build v12.0.3rc0 (linux64 - "Ubuntu 24.04.4 LTS")

CPU model: Intel(R) Xeon(R) Silver 4316 CPU @ 2.30GHz, instruction set [SSE2|AVX|AVX2|AVX512]
Thread count: 40 physical cores, 40 logical processors, using up to 1 threads

Non-default parameters:
TimeLimit  3.3248229192690924e+03
Method  1
BarHomogeneous  1
Threads  1

Optimize a model with 785 rows, 249643 columns and 6931209 nonzeros
Coefficient statistics:
  Matrix range     [1e+00, 1e+00]
  Objective range  [1e+05, 5e+05]
  Bounds range     [0e+00, 0e+00]
  RHS range        [1e+00, 1e+00]
LP warm-start: use basis

Iteration    Objective       Primal Inf.    Dual Inf.      Time
       0   -1.0620463e+31   9.959104e+33   1.062046e+01      0s
     468    3.2014246e+06   1.049489e+01   0.000000e+00      6s
     774    3.2014246e+06   0.000000e+00   0.000000e+00     10s

Solved in 774 iterations and 9.98 seconds (17.35 work units)
Optimal objective  3.201424570e+06
Set parameter TimeLimit to value 3.2951132034887560e+03
Set parameter Method to value 1
Gurobi Optimizer version 12.0.3 build v12.0.3rc0 (linux64 - "Ubuntu 24.04.4 LTS")

CPU model: Intel(R) Xeon(R) Silver 4316 CPU @ 2.30GHz, instruction set [SSE2|AVX|AVX2|AVX512]
Thread count: 40 physical cores, 40 logical processors, using up to 1 threads

Non-default parameters:
TimeLimit  3.2951132034887560e+03
Method  1
BarHomogeneous  1
Threads  1

Optimize a model with 785 rows, 249673 columns and 6932182 nonzeros
Coefficient statistics:
  Matrix range     [1e+00, 1e+00]
  Objective range  [1e+05, 5e+05]
  Bounds range     [0e+00, 0e+00]
  RHS range        [1e+00, 1e+00]
LP warm-start: use basis

Iteration    Objective       Primal Inf.    Dual Inf.      Time
       0   -9.9613494e+30   5.428609e+33   9.961349e+00      0s
     447   -3.3178280e+29   2.290096e+33   3.317827e-01      5s
     885    3.2014245e+06   2.398574e+03   0.000000e+00     11s
    1238    3.2014245e+06   4.897369e+01   0.000000e+00     15s
    1591    3.2014245e+06   2.991123e+02   0.000000e+00     20s
    2060    3.2014245e+06   2.007116e+01   0.000000e+00     26s
    2413    3.2014246e+06   4.118376e+00   0.000000e+00     31s
    2555    3.2014246e+06   0.000000e+00   0.000000e+00     33s

Solved in 2555 iterations and 32.52 seconds (56.99 work units)
Optimal objective  3.201424552e+06
Set parameter TimeLimit to value 3.2439562522256747e+03
Set parameter Method to value 1
Gurobi Optimizer version 12.0.3 build v12.0.3rc0 (linux64 - "Ubuntu 24.04.4 LTS")

CPU model: Intel(R) Xeon(R) Silver 4316 CPU @ 2.30GHz, instruction set [SSE2|AVX|AVX2|AVX512]
Thread count: 40 physical cores, 40 logical processors, using up to 1 threads

Non-default parameters:
TimeLimit  3.2439562522256747e+03
Method  1
BarHomogeneous  1
Threads  1

Optimize a model with 785 rows, 249703 columns and 6933129 nonzeros
Coefficient statistics:
  Matrix range     [1e+00, 1e+00]
  Objective range  [1e+05, 5e+05]
  Bounds range     [0e+00, 0e+00]
  RHS range        [1e+00, 1e+00]
LP warm-start: use basis

Iteration    Objective       Primal Inf.    Dual Inf.      Time
       0   -9.3175999e+30   5.578422e+33   9.317600e+00      0s
     399   -1.3460822e+29   3.730389e+32   1.346082e-01      5s
     867    3.2014244e+06   2.426708e+02   0.000000e+00     11s
    1222    3.2014245e+06   3.179414e+02   0.000000e+00     16s
    1580    3.2014245e+06   2.614072e+01   0.000000e+00     20s
    2056    3.2014245e+06   3.772877e+01   0.000000e+00     26s
    2416    3.2014245e+06   3.457276e-02   0.000000e+00     31s
    2464    3.2014245e+06   0.000000e+00   0.000000e+00     32s

Solved in 2464 iterations and 31.74 seconds (55.71 work units)
Optimal objective  3.201424532e+06
Set parameter TimeLimit to value 3.1915569857470691e+03
Set parameter Method to value 1
Gurobi Optimizer version 12.0.3 build v12.0.3rc0 (linux64 - "Ubuntu 24.04.4 LTS")

CPU model: Intel(R) Xeon(R) Silver 4316 CPU @ 2.30GHz, instruction set [SSE2|AVX|AVX2|AVX512]
Thread count: 40 physical cores, 40 logical processors, using up to 1 threads

Non-default parameters:
TimeLimit  3.1915569857470691e+03
Method  1
BarHomogeneous  1
Threads  1

Optimize a model with 785 rows, 249733 columns and 6934065 nonzeros
Coefficient statistics:
  Matrix range     [1e+00, 1e+00]
  Objective range  [1e+05, 5e+05]
  Bounds range     [0e+00, 0e+00]
  RHS range        [1e+00, 1e+00]
LP warm-start: use basis

Iteration    Objective       Primal Inf.    Dual Inf.      Time
       0   -1.2197343e+31   2.173029e+34   1.219734e+01      0s
     113    3.2014245e+06   0.000000e+00   0.000000e+00      2s

Solved in 113 iterations and 1.92 seconds (2.96 work units)
Optimal objective  3.201424532e+06
Set parameter TimeLimit to value 3.1707109942780808e+03
Set parameter Method to value 1
Gurobi Optimizer version 12.0.3 build v12.0.3rc0 (linux64 - "Ubuntu 24.04.4 LTS")

CPU model: Intel(R) Xeon(R) Silver 4316 CPU @ 2.30GHz, instruction set [SSE2|AVX|AVX2|AVX512]
Thread count: 40 physical cores, 40 logical processors, using up to 1 threads

Non-default parameters:
TimeLimit  3.1707109942780808e+03
Method  1
BarHomogeneous  1
Threads  1

Optimize a model with 785 rows, 249763 columns and 6935102 nonzeros
Coefficient statistics:
  Matrix range     [1e+00, 1e+00]
  Objective range  [1e+05, 5e+05]
  Bounds range     [0e+00, 0e+00]
  RHS range        [1e+00, 1e+00]
LP warm-start: use basis

Iteration    Objective       Primal Inf.    Dual Inf.      Time
       0   -1.0922472e+31   2.947528e+34   1.092247e+01      0s
     391    3.2014245e+06   2.672677e+01   0.000000e+00      5s
     681    3.2014245e+06   0.000000e+00   0.000000e+00      9s

Solved in 681 iterations and 8.92 seconds (15.55 work units)
Optimal objective  3.201424531e+06
Set parameter TimeLimit to value 3.1424134417357855e+03
Set parameter Method to value 1
Gurobi Optimizer version 12.0.3 build v12.0.3rc0 (linux64 - "Ubuntu 24.04.4 LTS")

CPU model: Intel(R) Xeon(R) Silver 4316 CPU @ 2.30GHz, instruction set [SSE2|AVX|AVX2|AVX512]
Thread count: 40 physical cores, 40 logical processors, using up to 1 threads

Non-default parameters:
TimeLimit  3.1424134417357855e+03
Method  1
BarHomogeneous  1
Threads  1

Optimize a model with 785 rows, 249793 columns and 6936153 nonzeros
Coefficient statistics:
  Matrix range     [1e+00, 1e+00]
  Objective range  [1e+05, 5e+05]
  Bounds range     [0e+00, 0e+00]
  RHS range        [1e+00, 1e+00]
LP warm-start: use basis

Iteration    Objective       Primal Inf.    Dual Inf.      Time
       0   -9.0623208e+30   4.668334e+33   9.062321e+00      0s
     450   -6.3556402e+29   7.641100e+32   6.355640e-01      5s
     840   -4.9126521e+28   4.914375e+33   4.912624e-02     10s
    1304    3.2014244e+06   6.444248e+02   0.000000e+00     16s
    1658    3.2014244e+06   6.882725e+01   0.000000e+00     21s
    2014    3.2014245e+06   1.422696e+02   0.000000e+00     25s
    2483    3.2014245e+06   1.132141e+02   0.000000e+00     31s
    2842    3.2014245e+06   1.680171e+02   0.000000e+00     36s
    3201    3.2014245e+06   5.744649e+00   0.000000e+00     40s
    3543    3.2014245e+06   0.000000e+00   0.000000e+00     45s

Solved in 3543 iterations and 44.82 seconds (79.21 work units)
Optimal objective  3.201424499e+06
Set parameter TimeLimit to value 3.0765555337611586e+03
Set parameter Method to value 1
Gurobi Optimizer version 12.0.3 build v12.0.3rc0 (linux64 - "Ubuntu 24.04.4 LTS")

CPU model: Intel(R) Xeon(R) Silver 4316 CPU @ 2.30GHz, instruction set [SSE2|AVX|AVX2|AVX512]
Thread count: 40 physical cores, 40 logical processors, using up to 1 threads

Non-default parameters:
TimeLimit  3.0765555337611586e+03
Method  1
BarHomogeneous  1
Threads  1

Optimize a model with 785 rows, 249823 columns and 6937116 nonzeros
Coefficient statistics:
  Matrix range     [1e+00, 1e+00]
  Objective range  [1e+05, 5e+05]
  Bounds range     [0e+00, 0e+00]
  RHS range        [1e+00, 1e+00]
LP warm-start: use basis

Iteration    Objective       Primal Inf.    Dual Inf.      Time
       0   -1.0750359e+31   7.631106e+33   1.075036e+01      0s
     435    3.2014243e+06   1.095338e+03   0.000000e+00      5s
     902    3.2014244e+06   8.011795e+01   0.000000e+00     11s
    1253    3.2014245e+06   2.983832e+01   0.000000e+00     16s
    1607    3.2014245e+06   1.739478e+01   0.000000e+00     20s
    2085    3.2014245e+06   9.349402e-01   0.000000e+00     26s
    2210    3.2014245e+06   0.000000e+00   0.000000e+00     28s

Solved in 2210 iterations and 28.15 seconds (49.44 work units)
Optimal objective  3.201424485e+06
Set parameter TimeLimit to value 3.0289952144976705e+03
Set parameter Method to value 1
Gurobi Optimizer version 12.0.3 build v12.0.3rc0 (linux64 - "Ubuntu 24.04.4 LTS")

CPU model: Intel(R) Xeon(R) Silver 4316 CPU @ 2.30GHz, instruction set [SSE2|AVX|AVX2|AVX512]
Thread count: 40 physical cores, 40 logical processors, using up to 1 threads

Non-default parameters:
TimeLimit  3.0289952144976705e+03
Method  1
BarHomogeneous  1
Threads  1

Optimize a model with 785 rows, 249853 columns and 6938162 nonzeros
Coefficient statistics:
  Matrix range     [1e+00, 1e+00]
  Objective range  [1e+05, 5e+05]
  Bounds range     [0e+00, 0e+00]
  RHS range        [1e+00, 1e+00]
LP warm-start: use basis

Iteration    Objective       Primal Inf.    Dual Inf.      Time
       0   -1.1271964e+31   1.140146e+34   1.127196e+01      0s
     444   -2.4352965e+29   8.129092e+32   2.435297e-01      5s
     913    3.2014244e+06   2.748703e+02   0.000000e+00     11s
    1267    3.2014244e+06   2.231007e+02   0.000000e+00     16s
    1626    3.2014244e+06   5.016899e+01   0.000000e+00     20s
    2101    3.2014245e+06   1.525829e+01   0.000000e+00     26s
    2456    3.2014245e+06   9.787776e-01   0.000000e+00     31s
    2648    3.2014245e+06   0.000000e+00   0.000000e+00     33s

Solved in 2648 iterations and 33.48 seconds (59.30 work units)
Optimal objective  3.201424466e+06
Set parameter TimeLimit to value 2.9754343933588825e+03
Set parameter Method to value 1
Gurobi Optimizer version 12.0.3 build v12.0.3rc0 (linux64 - "Ubuntu 24.04.4 LTS")

CPU model: Intel(R) Xeon(R) Silver 4316 CPU @ 2.30GHz, instruction set [SSE2|AVX|AVX2|AVX512]
Thread count: 40 physical cores, 40 logical processors, using up to 1 threads

Non-default parameters:
TimeLimit  2.9754343933588825e+03
Method  1
BarHomogeneous  1
Threads  1

Optimize a model with 785 rows, 249883 columns and 6939148 nonzeros
Coefficient statistics:
  Matrix range     [1e+00, 1e+00]
  Objective range  [1e+05, 5e+05]
  Bounds range     [0e+00, 0e+00]
  RHS range        [1e+00, 1e+00]
LP warm-start: use basis

Iteration    Objective       Primal Inf.    Dual Inf.      Time
       0   -1.0885186e+31   6.555144e+33   1.088519e+01      0s
      94    3.2014245e+06   0.000000e+00   0.000000e+00      2s

Solved in 94 iterations and 1.64 seconds (2.48 work units)
Optimal objective  3.201424466e+06
Set parameter TimeLimit to value 2.9556076661180705e+03
Set parameter Method to value 1
Gurobi Optimizer version 12.0.3 build v12.0.3rc0 (linux64 - "Ubuntu 24.04.4 LTS")

CPU model: Intel(R) Xeon(R) Silver 4316 CPU @ 2.30GHz, instruction set [SSE2|AVX|AVX2|AVX512]
Thread count: 40 physical cores, 40 logical processors, using up to 1 threads

Non-default parameters:
TimeLimit  2.9556076661180705e+03
Method  1
BarHomogeneous  1
Threads  1

Optimize a model with 785 rows, 249913 columns and 6940065 nonzeros
Coefficient statistics:
  Matrix range     [1e+00, 1e+00]
  Objective range  [1e+05, 5e+05]
  Bounds range     [0e+00, 0e+00]
  RHS range        [1e+00, 1e+00]
LP warm-start: use basis

Iteration    Objective       Primal Inf.    Dual Inf.      Time
       0   -1.1760260e+31   1.030724e+34   1.176026e+01      0s
      62    3.2014245e+06   0.000000e+00   0.000000e+00      1s

Solved in 62 iterations and 1.21 seconds (1.76 work units)
Optimal objective  3.201424466e+06
Set parameter TimeLimit to value 2936.14949439466
Set parameter Method to value 1
Gurobi Optimizer version 12.0.3 build v12.0.3rc0 (linux64 - "Ubuntu 24.04.4 LTS")

CPU model: Intel(R) Xeon(R) Silver 4316 CPU @ 2.30GHz, instruction set [SSE2|AVX|AVX2|AVX512]
Thread count: 40 physical cores, 40 logical processors, using up to 1 threads

Non-default parameters:
TimeLimit  2936.14949439466
Method  1
BarHomogeneous  1
Threads  1

Optimize a model with 785 rows, 249943 columns and 6941090 nonzeros
Coefficient statistics:
  Matrix range     [1e+00, 1e+00]
  Objective range  [1e+05, 5e+05]
  Bounds range     [0e+00, 0e+00]
  RHS range        [1e+00, 1e+00]
LP warm-start: use basis

Iteration    Objective       Primal Inf.    Dual Inf.      Time
       0   -1.0438212e+31   5.940178e+33   1.043821e+01      0s
      90    3.2014245e+06   0.000000e+00   0.000000e+00      2s

Solved in 90 iterations and 1.56 seconds (2.38 work units)
Optimal objective  3.201424466e+06
Set parameter TimeLimit to value 2.9166653228062205e+03
Set parameter Method to value 1
Gurobi Optimizer version 12.0.3 build v12.0.3rc0 (linux64 - "Ubuntu 24.04.4 LTS")

CPU model: Intel(R) Xeon(R) Silver 4316 CPU @ 2.30GHz, instruction set [SSE2|AVX|AVX2|AVX512]
Thread count: 40 physical cores, 40 logical processors, using up to 1 threads

Non-default parameters:
TimeLimit  2.9166653228062205e+03
Method  1
BarHomogeneous  1
Threads  1

Optimize a model with 785 rows, 249973 columns and 6942023 nonzeros
Coefficient statistics:
  Matrix range     [1e+00, 1e+00]
  Objective range  [1e+05, 5e+05]
  Bounds range     [0e+00, 0e+00]
  RHS range        [1e+00, 1e+00]
LP warm-start: use basis

Iteration    Objective       Primal Inf.    Dual Inf.      Time
       0   -9.2228045e+30   4.733602e+33   9.222805e+00      0s
     455   -9.1886727e+29   1.587410e+33   9.188672e-01      5s
     855   -4.0366426e+28   2.958553e+32   4.036644e-02     10s
    1332    3.2014243e+06   3.779772e+02   0.000000e+00     16s
    1689    3.2014243e+06   3.343141e+02   0.000000e+00     21s
    2157    3.2014244e+06   1.360565e+02   0.000000e+00     26s
    2510    3.2014244e+06   9.735905e+01   0.000000e+00     31s
    2990    3.2014244e+06   1.853965e+01   0.000000e+00     36s
    3347    3.2014244e+06   6.397651e+00   0.000000e+00     41s
    3705    3.2014244e+06   5.890216e-01   0.000000e+00     45s
    3781    3.2014244e+06   0.000000e+00   0.000000e+00     46s

Solved in 3781 iterations and 46.10 seconds (84.18 work units)
Optimal objective  3.201424431e+06
Set parameter TimeLimit to value 2.8503804187378846e+03
Set parameter Method to value 1
Gurobi Optimizer version 12.0.3 build v12.0.3rc0 (linux64 - "Ubuntu 24.04.4 LTS")

CPU model: Intel(R) Xeon(R) Silver 4316 CPU @ 2.30GHz, instruction set [SSE2|AVX|AVX2|AVX512]
Thread count: 40 physical cores, 40 logical processors, using up to 1 threads

Non-default parameters:
TimeLimit  2.8503804187378846e+03
Method  1
BarHomogeneous  1
Threads  1

Optimize a model with 785 rows, 250003 columns and 6942999 nonzeros
Coefficient statistics:
  Matrix range     [1e+00, 1e+00]
  Objective range  [1e+05, 5e+05]
  Bounds range     [0e+00, 0e+00]
  RHS range        [1e+00, 1e+00]
LP warm-start: use basis

Iteration    Objective       Primal Inf.    Dual Inf.      Time
       0   -8.3835443e+30   6.087148e+33   8.383544e+00      0s
     433   -4.3476931e+29   8.140008e+32   4.347693e-01      5s
     911    3.2014242e+06   1.354122e+03   0.000000e+00     11s
    1264    3.2014243e+06   7.269546e+02   0.000000e+00     15s
    1735    3.2014244e+06   1.181896e+02   0.000000e+00     21s
    2090    3.2014244e+06   3.639734e+02   0.000000e+00     25s
    2563    3.2014244e+06   9.229915e+01   0.000000e+00     31s
    2919    3.2014244e+06   1.943672e+01   0.000000e+00     35s
    3395    3.2014244e+06   9.945959e+00   0.000000e+00     41s
    3558    3.2014244e+06   0.000000e+00   0.000000e+00     43s

Solved in 3558 iterations and 43.14 seconds (80.08 work units)
Optimal objective  3.201424411e+06
Set parameter TimeLimit to value 2.7865151589340530e+03
Set parameter Method to value 1
Gurobi Optimizer version 12.0.3 build v12.0.3rc0 (linux64 - "Ubuntu 24.04.4 LTS")

CPU model: Intel(R) Xeon(R) Silver 4316 CPU @ 2.30GHz, instruction set [SSE2|AVX|AVX2|AVX512]
Thread count: 40 physical cores, 40 logical processors, using up to 1 threads

Non-default parameters:
TimeLimit  2.7865151589340530e+03
Method  1
BarHomogeneous  1
Threads  1

Optimize a model with 785 rows, 250033 columns and 6944008 nonzeros
Coefficient statistics:
  Matrix range     [1e+00, 1e+00]
  Objective range  [1e+05, 5e+05]
  Bounds range     [0e+00, 0e+00]
  RHS range        [1e+00, 1e+00]
LP warm-start: use basis

Iteration    Objective       Primal Inf.    Dual Inf.      Time
       0   -1.0002871e+31   2.526016e+34   1.000287e+01      0s
     108    3.2014244e+06   0.000000e+00   0.000000e+00      2s

Solved in 108 iterations and 1.69 seconds (2.74 work units)
Optimal objective  3.201424411e+06
Set parameter TimeLimit to value 2.7664564137873240e+03
Set parameter Method to value 1
Gurobi Optimizer version 12.0.3 build v12.0.3rc0 (linux64 - "Ubuntu 24.04.4 LTS")

CPU model: Intel(R) Xeon(R) Silver 4316 CPU @ 2.30GHz, instruction set [SSE2|AVX|AVX2|AVX512]
Thread count: 40 physical cores, 40 logical processors, using up to 1 threads

Non-default parameters:
TimeLimit  2.7664564137873240e+03
Method  1
BarHomogeneous  1
Threads  1

Optimize a model with 785 rows, 250063 columns and 6945023 nonzeros
Coefficient statistics:
  Matrix range     [1e+00, 1e+00]
  Objective range  [1e+05, 5e+05]
  Bounds range     [0e+00, 0e+00]
  RHS range        [1e+00, 1e+00]
LP warm-start: use basis

Iteration    Objective       Primal Inf.    Dual Inf.      Time
       0   -9.1420923e+30   2.843187e+34   9.142093e+00      0s
      69    3.2014244e+06   0.000000e+00   0.000000e+00      1s

Solved in 69 iterations and 1.22 seconds (1.85 work units)
Optimal objective  3.201424411e+06
Set parameter TimeLimit to value 2.7483814889788628e+03
Set parameter Method to value 1
Gurobi Optimizer version 12.0.3 build v12.0.3rc0 (linux64 - "Ubuntu 24.04.4 LTS")

CPU model: Intel(R) Xeon(R) Silver 4316 CPU @ 2.30GHz, instruction set [SSE2|AVX|AVX2|AVX512]
Thread count: 40 physical cores, 40 logical processors, using up to 1 threads

Non-default parameters:
TimeLimit  2.7483814889788628e+03
Method  1
BarHomogeneous  1
Threads  1

Optimize a model with 785 rows, 250093 columns and 6945997 nonzeros
Coefficient statistics:
  Matrix range     [1e+00, 1e+00]
  Objective range  [1e+05, 5e+05]
  Bounds range     [0e+00, 0e+00]
  RHS range        [1e+00, 1e+00]
LP warm-start: use basis

Iteration    Objective       Primal Inf.    Dual Inf.      Time
       0   -8.0837433e+30   1.227162e+34   8.083744e+00      0s
     449   -2.8630223e+29   1.166610e+33   2.863022e-01      5s
     965    3.2014242e+06   7.816158e+02   0.000000e+00     11s
    1324    3.2014243e+06   3.949925e+03   0.000000e+00     16s
    1683    3.2014244e+06   3.233282e+02   0.000000e+00     20s
    2158    3.2014244e+06   6.354857e+01   0.000000e+00     26s
    2512    3.2014244e+06   2.729541e+01   0.000000e+00     30s
    2990    3.2014244e+06   1.379811e+00   0.000000e+00     36s
    3155    3.2014244e+06   0.000000e+00   0.000000e+00     38s

Solved in 3155 iterations and 38.10 seconds (70.58 work units)
Optimal objective  3.201424395e+06
Set parameter TimeLimit to value 2.6897462773257867e+03
Set parameter Method to value 1
Gurobi Optimizer version 12.0.3 build v12.0.3rc0 (linux64 - "Ubuntu 24.04.4 LTS")

CPU model: Intel(R) Xeon(R) Silver 4316 CPU @ 2.30GHz, instruction set [SSE2|AVX|AVX2|AVX512]
Thread count: 40 physical cores, 40 logical processors, using up to 1 threads

Non-default parameters:
TimeLimit  2.6897462773257867e+03
Method  1
BarHomogeneous  1
Threads  1

Optimize a model with 785 rows, 250123 columns and 6946948 nonzeros
Coefficient statistics:
  Matrix range     [1e+00, 1e+00]
  Objective range  [1e+05, 5e+05]
  Bounds range     [0e+00, 0e+00]
  RHS range        [1e+00, 1e+00]
LP warm-start: use basis

Iteration    Objective       Primal Inf.    Dual Inf.      Time
       0   -9.7381465e+30   1.740366e+34   9.738146e+00      0s
      50    3.2014244e+06   0.000000e+00   0.000000e+00      1s

Solved in 50 iterations and 1.01 seconds (1.42 work units)
Optimal objective  3.201424395e+06
Set parameter TimeLimit to value 2.6706375325690024e+03
Set parameter Method to value 1
Gurobi Optimizer version 12.0.3 build v12.0.3rc0 (linux64 - "Ubuntu 24.04.4 LTS")

CPU model: Intel(R) Xeon(R) Silver 4316 CPU @ 2.30GHz, instruction set [SSE2|AVX|AVX2|AVX512]
Thread count: 40 physical cores, 40 logical processors, using up to 1 threads

Non-default parameters:
TimeLimit  2.6706375325690024e+03
Method  1
BarHomogeneous  1
Threads  1

Optimize a model with 785 rows, 250153 columns and 6947719 nonzeros
Coefficient statistics:
  Matrix range     [1e+00, 1e+00]
  Objective range  [1e+05, 5e+05]
  Bounds range     [0e+00, 0e+00]
  RHS range        [1e+00, 1e+00]
LP warm-start: use basis

Iteration    Objective       Primal Inf.    Dual Inf.      Time
       0   -3.7009412e+31   4.798067e+34   3.700941e+01      0s
     213    3.2014244e+06   0.000000e+00   0.000000e+00      3s

Solved in 213 iterations and 3.19 seconds (5.48 work units)
Optimal objective  3.201424395e+06
Set parameter TimeLimit to value 2.6496476247138344e+03
Set parameter Method to value 1
Gurobi Optimizer version 12.0.3 build v12.0.3rc0 (linux64 - "Ubuntu 24.04.4 LTS")

CPU model: Intel(R) Xeon(R) Silver 4316 CPU @ 2.30GHz, instruction set [SSE2|AVX|AVX2|AVX512]
Thread count: 40 physical cores, 40 logical processors, using up to 1 threads

Non-default parameters:
TimeLimit  2.6496476247138344e+03
Method  1
BarHomogeneous  1
Threads  1

Optimize a model with 785 rows, 250183 columns and 6948443 nonzeros
Coefficient statistics:
  Matrix range     [1e+00, 1e+00]
  Objective range  [1e+05, 5e+05]
  Bounds range     [0e+00, 0e+00]
  RHS range        [1e+00, 1e+00]
LP warm-start: use basis

Iteration    Objective       Primal Inf.    Dual Inf.      Time
       0   -1.9963627e+31   5.836582e+34   1.996363e+01      0s
     100    3.2014244e+06   0.000000e+00   0.000000e+00      2s

Solved in 100 iterations and 1.60 seconds (2.56 work units)
Optimal objective  3.201424395e+06
Set parameter TimeLimit to value 2.6299051680685952e+03
Set parameter Method to value 1
Gurobi Optimizer version 12.0.3 build v12.0.3rc0 (linux64 - "Ubuntu 24.04.4 LTS")

CPU model: Intel(R) Xeon(R) Silver 4316 CPU @ 2.30GHz, instruction set [SSE2|AVX|AVX2|AVX512]
Thread count: 40 physical cores, 40 logical processors, using up to 1 threads

Non-default parameters:
TimeLimit  2.6299051680685952e+03
Method  1
BarHomogeneous  1
Threads  1

Optimize a model with 785 rows, 250213 columns and 6949366 nonzeros
Coefficient statistics:
  Matrix range     [1e+00, 1e+00]
  Objective range  [1e+05, 5e+05]
  Bounds range     [0e+00, 0e+00]
  RHS range        [1e+00, 1e+00]
LP warm-start: use basis

Iteration    Objective       Primal Inf.    Dual Inf.      Time
       0   -7.4006313e+30   9.529734e+33   7.400631e+00      0s
     524    3.2014244e+06   4.320966e+01   0.000000e+00      6s
     877    3.2014244e+06   1.665142e+01   0.000000e+00     11s
    1352    3.2014244e+06   2.650657e+00   0.000000e+00     16s
    1673    3.2014244e+06   0.000000e+00   0.000000e+00     20s

Solved in 1673 iterations and 20.36 seconds (37.51 work units)
Optimal objective  3.201424390e+06
Set parameter TimeLimit to value 2.5901152857192792e+03
Set parameter Method to value 1
Gurobi Optimizer version 12.0.3 build v12.0.3rc0 (linux64 - "Ubuntu 24.04.4 LTS")

CPU model: Intel(R) Xeon(R) Silver 4316 CPU @ 2.30GHz, instruction set [SSE2|AVX|AVX2|AVX512]
Thread count: 40 physical cores, 40 logical processors, using up to 1 threads

Non-default parameters:
TimeLimit  2.5901152857192792e+03
Method  1
BarHomogeneous  1
Threads  1

Optimize a model with 785 rows, 250243 columns and 6950169 nonzeros
Coefficient statistics:
  Matrix range     [1e+00, 1e+00]
  Objective range  [1e+05, 5e+05]
  Bounds range     [0e+00, 0e+00]
  RHS range        [1e+00, 1e+00]
LP warm-start: use basis

Iteration    Objective       Primal Inf.    Dual Inf.      Time
       0   -7.9298812e+30   3.805141e+34   7.929881e+00      0s
     438   -8.1460137e+28   6.879640e+32   8.146011e-02      5s
     916    3.2014243e+06   1.443930e+02   0.000000e+00     11s
    1271    3.2014244e+06   7.365314e+01   0.000000e+00     15s
    1747    3.2014244e+06   1.435317e+01   0.000000e+00     21s
    2107    3.2014244e+06   4.810013e-01   0.000000e+00     25s
    2328    3.2014244e+06   0.000000e+00   0.000000e+00     28s

Solved in 2328 iterations and 28.17 seconds (52.19 work units)
Optimal objective  3.201424383e+06
Set parameter TimeLimit to value 2.5425437179533765e+03
Set parameter Method to value 1
Gurobi Optimizer version 12.0.3 build v12.0.3rc0 (linux64 - "Ubuntu 24.04.4 LTS")

CPU model: Intel(R) Xeon(R) Silver 4316 CPU @ 2.30GHz, instruction set [SSE2|AVX|AVX2|AVX512]
Thread count: 40 physical cores, 40 logical processors, using up to 1 threads

Non-default parameters:
TimeLimit  2.5425437179533765e+03
Method  1
BarHomogeneous  1
Threads  1

Optimize a model with 785 rows, 250273 columns and 6951189 nonzeros
Coefficient statistics:
  Matrix range     [1e+00, 1e+00]
  Objective range  [1e+05, 5e+05]
  Bounds range     [0e+00, 0e+00]
  RHS range        [1e+00, 1e+00]
LP warm-start: use basis

Iteration    Objective       Primal Inf.    Dual Inf.      Time
       0   -1.2055091e+31   3.746228e+34   1.205509e+01      0s
     129    3.2014244e+06   0.000000e+00   0.000000e+00      2s

Solved in 129 iterations and 2.00 seconds (3.26 work units)
Optimal objective  3.201424383e+06
Set parameter TimeLimit to value 2.5220354955820367e+03
Set parameter Method to value 1
Gurobi Optimizer version 12.0.3 build v12.0.3rc0 (linux64 - "Ubuntu 24.04.4 LTS")

CPU model: Intel(R) Xeon(R) Silver 4316 CPU @ 2.30GHz, instruction set [SSE2|AVX|AVX2|AVX512]
Thread count: 40 physical cores, 40 logical processors, using up to 1 threads

Non-default parameters:
TimeLimit  2.5220354955820367e+03
Method  1
BarHomogeneous  1
Threads  1

Optimize a model with 785 rows, 250303 columns and 6951957 nonzeros
Coefficient statistics:
  Matrix range     [1e+00, 1e+00]
  Objective range  [1e+05, 5e+05]
  Bounds range     [0e+00, 0e+00]
  RHS range        [1e+00, 1e+00]
LP warm-start: use basis

Iteration    Objective       Primal Inf.    Dual Inf.      Time
       0   -8.5675464e+30   2.556749e+34   8.567545e+00      0s
      81    3.2014244e+06   0.000000e+00   0.000000e+00      1s

Solved in 81 iterations and 1.38 seconds (2.14 work units)
Optimal objective  3.201424383e+06
Set parameter TimeLimit to value 2.5023130841553211e+03
Set parameter Method to value 1
Gurobi Optimizer version 12.0.3 build v12.0.3rc0 (linux64 - "Ubuntu 24.04.4 LTS")

CPU model: Intel(R) Xeon(R) Silver 4316 CPU @ 2.30GHz, instruction set [SSE2|AVX|AVX2|AVX512]
Thread count: 40 physical cores, 40 logical processors, using up to 1 threads

Non-default parameters:
TimeLimit  2.5023130841553211e+03
Method  1
BarHomogeneous  1
Threads  1

Optimize a model with 785 rows, 250333 columns and 6952968 nonzeros
Coefficient statistics:
  Matrix range     [1e+00, 1e+00]
  Objective range  [1e+05, 5e+05]
  Bounds range     [0e+00, 0e+00]
  RHS range        [1e+00, 1e+00]
LP warm-start: use basis

Iteration    Objective       Primal Inf.    Dual Inf.      Time
       0   -7.3592468e+30   1.245134e+34   7.359247e+00      0s
     452   -5.6006514e+29   7.631176e+32   5.600652e-01      5s
     928   -1.3543486e+28   1.004660e+33   1.354354e-02     11s
    1283    3.2014243e+06   6.911154e+02   0.000000e+00     15s
    1755    3.2014243e+06   1.660490e+02   0.000000e+00     21s
    2108    3.2014244e+06   3.926658e+01   0.000000e+00     25s
    2580    3.2014244e+06   7.854163e+00   0.000000e+00     31s
    2935    3.2014244e+06   7.276126e+00   0.000000e+00     35s
    3230    3.2014244e+06   0.000000e+00   0.000000e+00     39s

Solved in 3230 iterations and 38.96 seconds (72.17 work units)
Optimal objective  3.201424368e+06
Set parameter TimeLimit to value 2442.72298724344
Set parameter Method to value 1
Gurobi Optimizer version 12.0.3 build v12.0.3rc0 (linux64 - "Ubuntu 24.04.4 LTS")

CPU model: Intel(R) Xeon(R) Silver 4316 CPU @ 2.30GHz, instruction set [SSE2|AVX|AVX2|AVX512]
Thread count: 40 physical cores, 40 logical processors, using up to 1 threads

Non-default parameters:
TimeLimit  2442.72298724344
Method  1
BarHomogeneous  1
Threads  1

Optimize a model with 785 rows, 250363 columns and 6953874 nonzeros
Coefficient statistics:
  Matrix range     [1e+00, 1e+00]
  Objective range  [1e+05, 5e+05]
  Bounds range     [0e+00, 0e+00]
  RHS range        [1e+00, 1e+00]
LP warm-start: use basis

Iteration    Objective       Primal Inf.    Dual Inf.      Time
       0   -1.0612791e+31   2.244802e+34   1.061279e+01      0s
     123    3.2014244e+06   0.000000e+00   0.000000e+00      2s

Solved in 123 iterations and 1.96 seconds (3.20 work units)
Optimal objective  3.201424368e+06
Set parameter TimeLimit to value 2.4236917415820062e+03
Set parameter Method to value 1
Gurobi Optimizer version 12.0.3 build v12.0.3rc0 (linux64 - "Ubuntu 24.04.4 LTS")

CPU model: Intel(R) Xeon(R) Silver 4316 CPU @ 2.30GHz, instruction set [SSE2|AVX|AVX2|AVX512]
Thread count: 40 physical cores, 40 logical processors, using up to 1 threads

Non-default parameters:
TimeLimit  2.4236917415820062e+03
Method  1
BarHomogeneous  1
Threads  1

Optimize a model with 785 rows, 250393 columns and 6954898 nonzeros
Coefficient statistics:
  Matrix range     [1e+00, 1e+00]
  Objective range  [1e+05, 5e+05]
  Bounds range     [0e+00, 0e+00]
  RHS range        [1e+00, 1e+00]
LP warm-start: use basis

Iteration    Objective       Primal Inf.    Dual Inf.      Time
       0   -9.7997301e+30   1.527602e+34   9.799730e+00      0s
     130    3.2014244e+06   0.000000e+00   0.000000e+00      2s

Solved in 130 iterations and 2.03 seconds (3.36 work units)
Optimal objective  3.201424368e+06
Set parameter TimeLimit to value 2.4023356365691870e+03
Set parameter Method to value 1
Gurobi Optimizer version 12.0.3 build v12.0.3rc0 (linux64 - "Ubuntu 24.04.4 LTS")

CPU model: Intel(R) Xeon(R) Silver 4316 CPU @ 2.30GHz, instruction set [SSE2|AVX|AVX2|AVX512]
Thread count: 40 physical cores, 40 logical processors, using up to 1 threads

Non-default parameters:
TimeLimit  2.4023356365691870e+03
Method  1
BarHomogeneous  1
Threads  1

Optimize a model with 785 rows, 250423 columns and 6955874 nonzeros
Coefficient statistics:
  Matrix range     [1e+00, 1e+00]
  Objective range  [1e+05, 5e+05]
  Bounds range     [0e+00, 0e+00]
  RHS range        [1e+00, 1e+00]
LP warm-start: use basis

Iteration    Objective       Primal Inf.    Dual Inf.      Time
       0   -8.0135411e+30   5.618287e+33   8.013541e+00      0s
     107    3.2014244e+06   0.000000e+00   0.000000e+00      2s

Solved in 107 iterations and 1.76 seconds (2.72 work units)
Optimal objective  3.201424368e+06
Set parameter TimeLimit to value 2.3822172223464586e+03
Set parameter Method to value 1
Gurobi Optimizer version 12.0.3 build v12.0.3rc0 (linux64 - "Ubuntu 24.04.4 LTS")

CPU model: Intel(R) Xeon(R) Silver 4316 CPU @ 2.30GHz, instruction set [SSE2|AVX|AVX2|AVX512]
Thread count: 40 physical cores, 40 logical processors, using up to 1 threads

Non-default parameters:
TimeLimit  2.3822172223464586e+03
Method  1
BarHomogeneous  1
Threads  1

Optimize a model with 785 rows, 250453 columns and 6956861 nonzeros
Coefficient statistics:
  Matrix range     [1e+00, 1e+00]
  Objective range  [1e+05, 5e+05]
  Bounds range     [0e+00, 0e+00]
  RHS range        [1e+00, 1e+00]
LP warm-start: use basis

Iteration    Objective       Primal Inf.    Dual Inf.      Time
       0   -6.8379480e+30   5.403684e+33   6.837948e+00      0s
     464   -1.6217575e+29   8.977419e+32   1.621758e-01      5s
     906    3.2014243e+06   5.938650e+02   0.000000e+00     11s
    1380    3.2014243e+06   5.038142e+01   0.000000e+00     16s
    1740    3.2014243e+06   3.170685e+02   0.000000e+00     21s
    2094    3.2014244e+06   2.619127e+00   0.000000e+00     25s
    2562    3.2014244e+06   6.227460e-01   0.000000e+00     31s
    2698    3.2014244e+06   0.000000e+00   0.000000e+00     33s

Solved in 2698 iterations and 32.63 seconds (60.11 work units)
Optimal objective  3.201424360e+06
Set parameter TimeLimit to value 2328.35164516652
Set parameter Method to value 1
Gurobi Optimizer version 12.0.3 build v12.0.3rc0 (linux64 - "Ubuntu 24.04.4 LTS")

CPU model: Intel(R) Xeon(R) Silver 4316 CPU @ 2.30GHz, instruction set [SSE2|AVX|AVX2|AVX512]
Thread count: 40 physical cores, 40 logical processors, using up to 1 threads

Non-default parameters:
TimeLimit  2328.35164516652
Method  1
BarHomogeneous  1
Threads  1

Optimize a model with 785 rows, 250483 columns and 6957640 nonzeros
Coefficient statistics:
  Matrix range     [1e+00, 1e+00]
  Objective range  [1e+05, 5e+05]
  Bounds range     [0e+00, 0e+00]
  RHS range        [1e+00, 1e+00]
LP warm-start: use basis

Iteration    Objective       Primal Inf.    Dual Inf.      Time
       0   -5.7040351e+30   6.445649e+33   5.704035e+00      0s
     438    3.2014243e+06   5.312985e+02   0.000000e+00      5s
     910    3.2014243e+06   2.811526e+01   0.000000e+00     11s
    1263    3.2014244e+06   1.076449e+01   0.000000e+00     15s
    1611    3.2014244e+06   0.000000e+00   0.000000e+00     19s

Solved in 1611 iterations and 19.50 seconds (35.91 work units)
Optimal objective  3.201424353e+06
Set parameter TimeLimit to value 2.2904117879616097e+03
Set parameter Method to value 1
Gurobi Optimizer version 12.0.3 build v12.0.3rc0 (linux64 - "Ubuntu 24.04.4 LTS")

CPU model: Intel(R) Xeon(R) Silver 4316 CPU @ 2.30GHz, instruction set [SSE2|AVX|AVX2|AVX512]
Thread count: 40 physical cores, 40 logical processors, using up to 1 threads

Non-default parameters:
TimeLimit  2.2904117879616097e+03
Method  1
BarHomogeneous  1
Threads  1

Optimize a model with 785 rows, 250513 columns and 6958320 nonzeros
Coefficient statistics:
  Matrix range     [1e+00, 1e+00]
  Objective range  [1e+05, 5e+05]
  Bounds range     [0e+00, 0e+00]
  RHS range        [1e+00, 1e+00]
LP warm-start: use basis

Iteration    Objective       Primal Inf.    Dual Inf.      Time
       0   -1.7310017e+31   3.398120e+34   1.731002e+01      0s
     426   -2.2896517e+27   4.796636e+32   2.289647e-03      5s
     898    3.2014243e+06   5.998267e+01   0.000000e+00     11s
    1254    3.2014243e+06   1.395648e+01   0.000000e+00     15s
    1727    3.2014243e+06   2.452631e+01   0.000000e+00     21s
    2084    3.2014243e+06   1.539550e+00   0.000000e+00     25s
    2172    3.2014243e+06   0.000000e+00   0.000000e+00     27s

Solved in 2172 iterations and 26.54 seconds (49.49 work units)
Optimal objective  3.201424346e+06
Set parameter TimeLimit to value 2.2431668675546534e+03
Set parameter Method to value 1
Gurobi Optimizer version 12.0.3 build v12.0.3rc0 (linux64 - "Ubuntu 24.04.4 LTS")

CPU model: Intel(R) Xeon(R) Silver 4316 CPU @ 2.30GHz, instruction set [SSE2|AVX|AVX2|AVX512]
Thread count: 40 physical cores, 40 logical processors, using up to 1 threads

Non-default parameters:
TimeLimit  2.2431668675546534e+03
Method  1
BarHomogeneous  1
Threads  1

Optimize a model with 785 rows, 250543 columns and 6959126 nonzeros
Coefficient statistics:
  Matrix range     [1e+00, 1e+00]
  Objective range  [1e+05, 5e+05]
  Bounds range     [0e+00, 0e+00]
  RHS range        [1e+00, 1e+00]
LP warm-start: use basis

Iteration    Objective       Primal Inf.    Dual Inf.      Time
       0   -6.2334446e+30   6.886963e+33   6.233445e+00      0s
     450   -3.1759443e+29   7.675297e+32   3.175944e-01      5s
     844    3.2014241e+06   6.360608e+02   0.000000e+00     10s
    1316    3.2014242e+06   9.271816e+02   0.000000e+00     16s
    1668    3.2014243e+06   6.972535e+02   0.000000e+00     20s
    2142    3.2014243e+06   6.068711e+01   0.000000e+00     26s
    2501    3.2014243e+06   1.180695e+02   0.000000e+00     30s
    2978    3.2014243e+06   6.625372e+00   0.000000e+00     36s
    3275    3.2014243e+06   0.000000e+00   0.000000e+00     40s

Solved in 3275 iterations and 40.05 seconds (73.55 work units)
Optimal objective  3.201424331e+06
Set parameter TimeLimit to value 2.1820808925465681e+03
Set parameter Method to value 1
Gurobi Optimizer version 12.0.3 build v12.0.3rc0 (linux64 - "Ubuntu 24.04.4 LTS")

CPU model: Intel(R) Xeon(R) Silver 4316 CPU @ 2.30GHz, instruction set [SSE2|AVX|AVX2|AVX512]
Thread count: 40 physical cores, 40 logical processors, using up to 1 threads

Non-default parameters:
TimeLimit  2.1820808925465681e+03
Method  1
BarHomogeneous  1
Threads  1

Optimize a model with 785 rows, 250573 columns and 6959818 nonzeros
Coefficient statistics:
  Matrix range     [1e+00, 1e+00]
  Objective range  [1e+05, 5e+05]
  Bounds range     [0e+00, 0e+00]
  RHS range        [1e+00, 1e+00]
LP warm-start: use basis

Iteration    Objective       Primal Inf.    Dual Inf.      Time
       0   -7.8073037e+30   1.275726e+34   7.807303e+00      0s
      65    3.2014243e+06   0.000000e+00   0.000000e+00      1s

Solved in 65 iterations and 1.21 seconds (1.84 work units)
Optimal objective  3.201424331e+06
Set parameter TimeLimit to value 2.1639671706724912e+03
Set parameter Method to value 1
Gurobi Optimizer version 12.0.3 build v12.0.3rc0 (linux64 - "Ubuntu 24.04.4 LTS")

CPU model: Intel(R) Xeon(R) Silver 4316 CPU @ 2.30GHz, instruction set [SSE2|AVX|AVX2|AVX512]
Thread count: 40 physical cores, 40 logical processors, using up to 1 threads

Non-default parameters:
TimeLimit  2.1639671706724912e+03
Method  1
BarHomogeneous  1
Threads  1

Optimize a model with 785 rows, 250603 columns and 6960825 nonzeros
Coefficient statistics:
  Matrix range     [1e+00, 1e+00]
  Objective range  [1e+05, 5e+05]
  Bounds range     [0e+00, 0e+00]
  RHS range        [1e+00, 1e+00]
LP warm-start: use basis

Iteration    Objective       Primal Inf.    Dual Inf.      Time
       0   -6.5927779e+30   1.008812e+34   6.592778e+00      0s
     397    3.2014243e+06   6.747488e+02   0.000000e+00      5s
     873    3.2014243e+06   1.522152e+01   0.000000e+00     11s
    1230    3.2014243e+06   0.000000e+00   0.000000e+00     15s

Solved in 1230 iterations and 15.53 seconds (28.12 work units)
Optimal objective  3.201424328e+06
Set parameter TimeLimit to value 2.1292031818176620e+03
Set parameter Method to value 1
Gurobi Optimizer version 12.0.3 build v12.0.3rc0 (linux64 - "Ubuntu 24.04.4 LTS")

CPU model: Intel(R) Xeon(R) Silver 4316 CPU @ 2.30GHz, instruction set [SSE2|AVX|AVX2|AVX512]
Thread count: 40 physical cores, 40 logical processors, using up to 1 threads

Non-default parameters:
TimeLimit  2.1292031818176620e+03
Method  1
BarHomogeneous  1
Threads  1

Optimize a model with 785 rows, 250633 columns and 6961740 nonzeros
Coefficient statistics:
  Matrix range     [1e+00, 1e+00]
  Objective range  [1e+05, 5e+05]
  Bounds range     [0e+00, 0e+00]
  RHS range        [1e+00, 1e+00]
LP warm-start: use basis

Iteration    Objective       Primal Inf.    Dual Inf.      Time
       0   -2.1865288e+31   3.894566e+34   2.186529e+01      0s
     131    3.2014243e+06   0.000000e+00   0.000000e+00      2s

Solved in 131 iterations and 2.07 seconds (3.37 work units)
Optimal objective  3.201424328e+06
Set parameter TimeLimit to value 2.1087267608819529e+03
Set parameter Method to value 1
Gurobi Optimizer version 12.0.3 build v12.0.3rc0 (linux64 - "Ubuntu 24.04.4 LTS")

CPU model: Intel(R) Xeon(R) Silver 4316 CPU @ 2.30GHz, instruction set [SSE2|AVX|AVX2|AVX512]
Thread count: 40 physical cores, 40 logical processors, using up to 1 threads

Non-default parameters:
TimeLimit  2.1087267608819529e+03
Method  1
BarHomogeneous  1
Threads  1

Optimize a model with 785 rows, 250663 columns and 6962853 nonzeros
Coefficient statistics:
  Matrix range     [1e+00, 1e+00]
  Objective range  [1e+05, 5e+05]
  Bounds range     [0e+00, 0e+00]
  RHS range        [1e+00, 1e+00]
LP warm-start: use basis

Iteration    Objective       Primal Inf.    Dual Inf.      Time
       0   -7.9413430e+30   1.003962e+34   7.941343e+00      0s
     141    3.2014243e+06   0.000000e+00   0.000000e+00      2s

Solved in 141 iterations and 2.24 seconds (3.62 work units)
Optimal objective  3.201424328e+06
Set parameter TimeLimit to value 2.0897527818465605e+03
Set parameter Method to value 1
Gurobi Optimizer version 12.0.3 build v12.0.3rc0 (linux64 - "Ubuntu 24.04.4 LTS")

CPU model: Intel(R) Xeon(R) Silver 4316 CPU @ 2.30GHz, instruction set [SSE2|AVX|AVX2|AVX512]
Thread count: 40 physical cores, 40 logical processors, using up to 1 threads

Non-default parameters:
TimeLimit  2.0897527818465605e+03
Method  1
BarHomogeneous  1
Threads  1

Optimize a model with 785 rows, 250693 columns and 6963974 nonzeros
Coefficient statistics:
  Matrix range     [1e+00, 1e+00]
  Objective range  [1e+05, 5e+05]
  Bounds range     [0e+00, 0e+00]
  RHS range        [1e+00, 1e+00]
LP warm-start: use basis

Iteration    Objective       Primal Inf.    Dual Inf.      Time
       0   -7.5658672e+30   9.886721e+33   7.565867e+00      0s
     439   -2.4338513e+29   4.714930e+32   2.433851e-01      5s
     837    3.2014242e+06   3.541773e+02   0.000000e+00     10s
    1313    3.2014243e+06   7.444720e+02   0.000000e+00     16s
    1670    3.2014243e+06   6.244410e+01   0.000000e+00     21s
    2025    3.2014243e+06   2.499065e+01   0.000000e+00     25s
    2500    3.2014243e+06   1.214540e-01   0.000000e+00     31s
    2533    3.2014243e+06   0.000000e+00   0.000000e+00     32s

Solved in 2533 iterations and 31.92 seconds (56.60 work units)
Optimal objective  3.201424318e+06
Set parameter TimeLimit to value 2.0372191754281521e+03
Set parameter Method to value 1
Gurobi Optimizer version 12.0.3 build v12.0.3rc0 (linux64 - "Ubuntu 24.04.4 LTS")

CPU model: Intel(R) Xeon(R) Silver 4316 CPU @ 2.30GHz, instruction set [SSE2|AVX|AVX2|AVX512]
Thread count: 40 physical cores, 40 logical processors, using up to 1 threads

Non-default parameters:
TimeLimit  2.0372191754281521e+03
Method  1
BarHomogeneous  1
Threads  1

Optimize a model with 785 rows, 250723 columns and 6964892 nonzeros
Coefficient statistics:
  Matrix range     [1e+00, 1e+00]
  Objective range  [1e+05, 5e+05]
  Bounds range     [0e+00, 0e+00]
  RHS range        [1e+00, 1e+00]
LP warm-start: use basis

Iteration    Objective       Primal Inf.    Dual Inf.      Time
       0   -6.6365874e+30   1.425009e+34   6.636587e+00      0s
     389   -1.4952682e+28   2.664346e+33   1.495283e-02      5s
     792    3.2014243e+06   3.994231e+01   0.000000e+00     10s
    1262    3.2014243e+06   3.067545e+01   0.000000e+00     16s
    1622    3.2014243e+06   5.012171e+00   0.000000e+00     21s
    1746    3.2014243e+06   0.000000e+00   0.000000e+00     23s

Solved in 1746 iterations and 22.67 seconds (39.93 work units)
Optimal objective  3.201424312e+06
Set parameter TimeLimit to value 1.9952686184798367e+03
Set parameter Method to value 1
Gurobi Optimizer version 12.0.3 build v12.0.3rc0 (linux64 - "Ubuntu 24.04.4 LTS")

CPU model: Intel(R) Xeon(R) Silver 4316 CPU @ 2.30GHz, instruction set [SSE2|AVX|AVX2|AVX512]
Thread count: 40 physical cores, 40 logical processors, using up to 1 threads

Non-default parameters:
TimeLimit  1.9952686184798367e+03
Method  1
BarHomogeneous  1
Threads  1

Optimize a model with 785 rows, 250753 columns and 6965717 nonzeros
Coefficient statistics:
  Matrix range     [1e+00, 1e+00]
  Objective range  [1e+05, 5e+05]
  Bounds range     [0e+00, 0e+00]
  RHS range        [1e+00, 1e+00]
LP warm-start: use basis

Iteration    Objective       Primal Inf.    Dual Inf.      Time
       0   -2.0532174e+31   2.467127e+34   2.053217e+01      0s
      91    3.2014243e+06   0.000000e+00   0.000000e+00      2s

Solved in 91 iterations and 1.51 seconds (2.31 work units)
Optimal objective  3.201424312e+06
Set parameter TimeLimit to value 1.9755558874392882e+03
Set parameter Method to value 1
Gurobi Optimizer version 12.0.3 build v12.0.3rc0 (linux64 - "Ubuntu 24.04.4 LTS")

CPU model: Intel(R) Xeon(R) Silver 4316 CPU @ 2.30GHz, instruction set [SSE2|AVX|AVX2|AVX512]
Thread count: 40 physical cores, 40 logical processors, using up to 1 threads

Non-default parameters:
TimeLimit  1.9755558874392882e+03
Method  1
BarHomogeneous  1
Threads  1

Optimize a model with 785 rows, 250783 columns and 6966773 nonzeros
Coefficient statistics:
  Matrix range     [1e+00, 1e+00]
  Objective range  [1e+05, 5e+05]
  Bounds range     [0e+00, 0e+00]
  RHS range        [1e+00, 1e+00]
LP warm-start: use basis

Iteration    Objective       Primal Inf.    Dual Inf.      Time
       0   -6.0584890e+30   8.173778e+33   6.058489e+00      0s
     451   -2.1629383e+29   2.546272e+33   2.162938e-01      5s
     890    3.2014242e+06   2.633736e+02   0.000000e+00     11s
    1246    3.2014243e+06   1.223098e+02   0.000000e+00     15s
    1722    3.2014243e+06   1.305595e+02   0.000000e+00     21s
    2077    3.2014243e+06   7.861386e+00   0.000000e+00     26s
    2434    3.2014243e+06   6.714527e+00   0.000000e+00     30s
    2865    3.2014243e+06   0.000000e+00   0.000000e+00     35s

Solved in 2865 iterations and 35.44 seconds (64.19 work units)
Optimal objective  3.201424304e+06
Set parameter TimeLimit to value 1.9192398682371713e+03
Set parameter Method to value 1
Gurobi Optimizer version 12.0.3 build v12.0.3rc0 (linux64 - "Ubuntu 24.04.4 LTS")

CPU model: Intel(R) Xeon(R) Silver 4316 CPU @ 2.30GHz, instruction set [SSE2|AVX|AVX2|AVX512]
Thread count: 40 physical cores, 40 logical processors, using up to 1 threads

Non-default parameters:
TimeLimit  1.9192398682371713e+03
Method  1
BarHomogeneous  1
Threads  1

Optimize a model with 785 rows, 250813 columns and 6967604 nonzeros
Coefficient statistics:
  Matrix range     [1e+00, 1e+00]
  Objective range  [1e+05, 5e+05]
  Bounds range     [0e+00, 0e+00]
  RHS range        [1e+00, 1e+00]
LP warm-start: use basis

Iteration    Objective       Primal Inf.    Dual Inf.      Time
       0   -6.0034222e+30   1.132489e+34   6.003422e+00      0s
      81    3.2014243e+06   0.000000e+00   0.000000e+00      1s

Solved in 81 iterations and 1.32 seconds (2.00 work units)
Optimal objective  3.201424304e+06
Set parameter TimeLimit to value 1.9010847211689688e+03
Set parameter Method to value 1
Gurobi Optimizer version 12.0.3 build v12.0.3rc0 (linux64 - "Ubuntu 24.04.4 LTS")

CPU model: Intel(R) Xeon(R) Silver 4316 CPU @ 2.30GHz, instruction set [SSE2|AVX|AVX2|AVX512]
Thread count: 40 physical cores, 40 logical processors, using up to 1 threads

Non-default parameters:
TimeLimit  1.9010847211689688e+03
Method  1
BarHomogeneous  1
Threads  1

Optimize a model with 785 rows, 250843 columns and 6968398 nonzeros
Coefficient statistics:
  Matrix range     [1e+00, 1e+00]
  Objective range  [1e+05, 5e+05]
  Bounds range     [0e+00, 0e+00]
  RHS range        [1e+00, 1e+00]
LP warm-start: use basis

Iteration    Objective       Primal Inf.    Dual Inf.      Time
       0   -5.7251761e+30   9.298315e+33   5.725176e+00      0s
     476    3.2014243e+06   1.081982e+03   0.000000e+00      6s
     825    3.2014243e+06   4.896512e+01   0.000000e+00     11s
    1293    3.2014243e+06   1.379351e+00   0.000000e+00     16s
    1554    3.2014243e+06   0.000000e+00   0.000000e+00     20s

Solved in 1554 iterations and 19.81 seconds (35.46 work units)
Optimal objective  3.201424301e+06
Set parameter TimeLimit to value 1.8617172373440117e+03
Set parameter Method to value 1
Gurobi Optimizer version 12.0.3 build v12.0.3rc0 (linux64 - "Ubuntu 24.04.4 LTS")

CPU model: Intel(R) Xeon(R) Silver 4316 CPU @ 2.30GHz, instruction set [SSE2|AVX|AVX2|AVX512]
Thread count: 40 physical cores, 40 logical processors, using up to 1 threads

Non-default parameters:
TimeLimit  1.8617172373440117e+03
Method  1
BarHomogeneous  1
Threads  1

Optimize a model with 785 rows, 250873 columns and 6969222 nonzeros
Coefficient statistics:
  Matrix range     [1e+00, 1e+00]
  Objective range  [1e+05, 5e+05]
  Bounds range     [0e+00, 0e+00]
  RHS range        [1e+00, 1e+00]
LP warm-start: use basis

Iteration    Objective       Primal Inf.    Dual Inf.      Time
       0   -5.3604562e+30   2.294860e+34   5.360456e+00      0s
     153    3.2014243e+06   0.000000e+00   0.000000e+00      2s

Solved in 153 iterations and 2.39 seconds (3.87 work units)
Optimal objective  3.201424301e+06
Set parameter TimeLimit to value 1.8409836094900966e+03
Set parameter Method to value 1
Gurobi Optimizer version 12.0.3 build v12.0.3rc0 (linux64 - "Ubuntu 24.04.4 LTS")

CPU model: Intel(R) Xeon(R) Silver 4316 CPU @ 2.30GHz, instruction set [SSE2|AVX|AVX2|AVX512]
Thread count: 40 physical cores, 40 logical processors, using up to 1 threads

Non-default parameters:
TimeLimit  1.8409836094900966e+03
Method  1
BarHomogeneous  1
Threads  1

Optimize a model with 785 rows, 250903 columns and 6970150 nonzeros
Coefficient statistics:
  Matrix range     [1e+00, 1e+00]
  Objective range  [1e+05, 5e+05]
  Bounds range     [0e+00, 0e+00]
  RHS range        [1e+00, 1e+00]
LP warm-start: use basis

Iteration    Objective       Primal Inf.    Dual Inf.      Time
       0   -4.8655563e+30   4.187405e+33   4.865556e+00      0s
     433    3.2014243e+06   1.710345e+02   0.000000e+00      5s
     908    3.2014243e+06   5.590287e+01   0.000000e+00     11s
    1260    3.2014243e+06   2.371303e+01   0.000000e+00     16s
    1617    3.2014243e+06   3.603337e+00   0.000000e+00     20s
    1834    3.2014243e+06   0.000000e+00   0.000000e+00     23s

Solved in 1834 iterations and 23.00 seconds (41.54 work units)
Optimal objective  3.201424298e+06
Set parameter TimeLimit to value 1.7985721783475019e+03
Set parameter Method to value 1
Gurobi Optimizer version 12.0.3 build v12.0.3rc0 (linux64 - "Ubuntu 24.04.4 LTS")

CPU model: Intel(R) Xeon(R) Silver 4316 CPU @ 2.30GHz, instruction set [SSE2|AVX|AVX2|AVX512]
Thread count: 40 physical cores, 40 logical processors, using up to 1 threads

Non-default parameters:
TimeLimit  1.7985721783475019e+03
Method  1
BarHomogeneous  1
Threads  1

Optimize a model with 785 rows, 250933 columns and 6971111 nonzeros
Coefficient statistics:
  Matrix range     [1e+00, 1e+00]
  Objective range  [1e+05, 5e+05]
  Bounds range     [0e+00, 0e+00]
  RHS range        [1e+00, 1e+00]
LP warm-start: use basis

Iteration    Objective       Primal Inf.    Dual Inf.      Time
       0   -6.6839389e+30   8.473643e+33   6.683939e+00      0s
     118    3.2014243e+06   0.000000e+00   0.000000e+00      2s

Solved in 118 iterations and 1.91 seconds (3.08 work units)
Optimal objective  3.201424298e+06
Set parameter TimeLimit to value 1.7783271763846278e+03
Set parameter Method to value 1
Gurobi Optimizer version 12.0.3 build v12.0.3rc0 (linux64 - "Ubuntu 24.04.4 LTS")

CPU model: Intel(R) Xeon(R) Silver 4316 CPU @ 2.30GHz, instruction set [SSE2|AVX|AVX2|AVX512]
Thread count: 40 physical cores, 40 logical processors, using up to 1 threads

Non-default parameters:
TimeLimit  1.7783271763846278e+03
Method  1
BarHomogeneous  1
Threads  1

Optimize a model with 785 rows, 250963 columns and 6972057 nonzeros
Coefficient statistics:
  Matrix range     [1e+00, 1e+00]
  Objective range  [1e+05, 5e+05]
  Bounds range     [0e+00, 0e+00]
  RHS range        [1e+00, 1e+00]
LP warm-start: use basis

Iteration    Objective       Primal Inf.    Dual Inf.      Time
       0   -5.2753582e+30   6.628253e+33   5.275358e+00      0s
     415    3.2014243e+06   1.561110e+03   0.000000e+00      6s
     772    3.2014243e+06   6.829554e+01   0.000000e+00     10s
    1127    3.2014243e+06   1.796214e+01   0.000000e+00     15s
    1606    3.2014243e+06   3.568839e-01   0.000000e+00     21s
    1615    3.2014243e+06   0.000000e+00   0.000000e+00     22s

Solved in 1615 iterations and 21.64 seconds (37.07 work units)
Optimal objective  3.201424293e+06
Set parameter TimeLimit to value 1.7370124709461816e+03
Set parameter Method to value 1
Gurobi Optimizer version 12.0.3 build v12.0.3rc0 (linux64 - "Ubuntu 24.04.4 LTS")

CPU model: Intel(R) Xeon(R) Silver 4316 CPU @ 2.30GHz, instruction set [SSE2|AVX|AVX2|AVX512]
Thread count: 40 physical cores, 40 logical processors, using up to 1 threads

Non-default parameters:
TimeLimit  1.7370124709461816e+03
Method  1
BarHomogeneous  1
Threads  1

Optimize a model with 785 rows, 250993 columns and 6972916 nonzeros
Coefficient statistics:
  Matrix range     [1e+00, 1e+00]
  Objective range  [1e+05, 5e+05]
  Bounds range     [0e+00, 0e+00]
  RHS range        [1e+00, 1e+00]
LP warm-start: use basis

Iteration    Objective       Primal Inf.    Dual Inf.      Time
       0   -6.2192624e+30   8.731229e+33   6.219262e+00      0s
     135    3.2014243e+06   0.000000e+00   0.000000e+00      2s

Solved in 135 iterations and 2.19 seconds (3.41 work units)
Optimal objective  3.201424293e+06
Set parameter TimeLimit to value 1.7163450008789077e+03
Set parameter Method to value 1
Gurobi Optimizer version 12.0.3 build v12.0.3rc0 (linux64 - "Ubuntu 24.04.4 LTS")

CPU model: Intel(R) Xeon(R) Silver 4316 CPU @ 2.30GHz, instruction set [SSE2|AVX|AVX2|AVX512]
Thread count: 40 physical cores, 40 logical processors, using up to 1 threads

Non-default parameters:
TimeLimit  1.7163450008789077e+03
Method  1
BarHomogeneous  1
Threads  1

Optimize a model with 785 rows, 251023 columns and 6973870 nonzeros
Coefficient statistics:
  Matrix range     [1e+00, 1e+00]
  Objective range  [1e+05, 5e+05]
  Bounds range     [0e+00, 0e+00]
  RHS range        [1e+00, 1e+00]
LP warm-start: use basis

Iteration    Objective       Primal Inf.    Dual Inf.      Time
       0   -5.7976881e+30   1.609180e+34   5.797688e+00      0s
      71    3.2014243e+06   0.000000e+00   0.000000e+00      1s

Solved in 71 iterations and 1.31 seconds (1.95 work units)
Optimal objective  3.201424293e+06
Set parameter TimeLimit to value 1.6979992924234830e+03
Set parameter Method to value 1
Gurobi Optimizer version 12.0.3 build v12.0.3rc0 (linux64 - "Ubuntu 24.04.4 LTS")

CPU model: Intel(R) Xeon(R) Silver 4316 CPU @ 2.30GHz, instruction set [SSE2|AVX|AVX2|AVX512]
Thread count: 40 physical cores, 40 logical processors, using up to 1 threads

Non-default parameters:
TimeLimit  1.6979992924234830e+03
Method  1
BarHomogeneous  1
Threads  1

Optimize a model with 785 rows, 251053 columns and 6974819 nonzeros
Coefficient statistics:
  Matrix range     [1e+00, 1e+00]
  Objective range  [1e+05, 5e+05]
  Bounds range     [0e+00, 0e+00]
  RHS range        [1e+00, 1e+00]
LP warm-start: use basis

Iteration    Objective       Primal Inf.    Dual Inf.      Time
       0   -5.5007184e+30   7.339349e+33   5.500718e+00      0s
     460   -9.3170694e+28   3.780954e+32   9.317068e-02      5s
     856    3.2014242e+06   5.931935e+02   0.000000e+00     10s
    1330    3.2014243e+06   8.863997e+01   0.000000e+00     16s
    1686    3.2014243e+06   1.979162e+02   0.000000e+00     20s
    2162    3.2014243e+06   9.878764e+00   0.000000e+00     26s
    2519    3.2014243e+06   1.420450e+00   0.000000e+00     31s
    2606    3.2014243e+06   0.000000e+00   0.000000e+00     32s

Solved in 2606 iterations and 31.80 seconds (58.08 work units)
Optimal objective  3.201424288e+06
Set parameter TimeLimit to value 1.6455606449120678e+03
Set parameter Method to value 1
Gurobi Optimizer version 12.0.3 build v12.0.3rc0 (linux64 - "Ubuntu 24.04.4 LTS")

CPU model: Intel(R) Xeon(R) Silver 4316 CPU @ 2.30GHz, instruction set [SSE2|AVX|AVX2|AVX512]
Thread count: 40 physical cores, 40 logical processors, using up to 1 threads

Non-default parameters:
TimeLimit  1.6455606449120678e+03
Method  1
BarHomogeneous  1
Threads  1

Optimize a model with 785 rows, 251083 columns and 6975718 nonzeros
Coefficient statistics:
  Matrix range     [1e+00, 1e+00]
  Objective range  [1e+05, 5e+05]
  Bounds range     [0e+00, 0e+00]
  RHS range        [1e+00, 1e+00]
LP warm-start: use basis

Iteration    Objective       Primal Inf.    Dual Inf.      Time
       0   -4.9973903e+30   6.330666e+33   4.997390e+00      0s
     434    3.2014242e+06   5.690642e+02   0.000000e+00      5s
     910    3.2014243e+06   9.536962e+01   0.000000e+00     11s
    1264    3.2014243e+06   2.551700e+01   0.000000e+00     16s
    1624    3.2014243e+06   2.191882e+00   0.000000e+00     20s
    1948    3.2014243e+06   0.000000e+00   0.000000e+00     24s

Solved in 1948 iterations and 24.24 seconds (44.09 work units)
Optimal objective  3.201424276e+06
Set parameter TimeLimit to value 1.6017657303609885e+03
Set parameter Method to value 1
Gurobi Optimizer version 12.0.3 build v12.0.3rc0 (linux64 - "Ubuntu 24.04.4 LTS")

CPU model: Intel(R) Xeon(R) Silver 4316 CPU @ 2.30GHz, instruction set [SSE2|AVX|AVX2|AVX512]
Thread count: 40 physical cores, 40 logical processors, using up to 1 threads

Non-default parameters:
TimeLimit  1.6017657303609885e+03
Method  1
BarHomogeneous  1
Threads  1

Optimize a model with 785 rows, 251113 columns and 6976632 nonzeros
Coefficient statistics:
  Matrix range     [1e+00, 1e+00]
  Objective range  [1e+05, 5e+05]
  Bounds range     [0e+00, 0e+00]
  RHS range        [1e+00, 1e+00]
LP warm-start: use basis

Iteration    Objective       Primal Inf.    Dual Inf.      Time
       0   -5.7583975e+30   1.461734e+34   5.758398e+00      0s
     527    3.2014243e+06   4.219816e+01   0.000000e+00      6s
     878    3.2014243e+06   9.581220e+00   0.000000e+00     11s
    1236    3.2014243e+06   1.087338e+00   0.000000e+00     15s
    1380    3.2014243e+06   0.000000e+00   0.000000e+00     17s

Solved in 1380 iterations and 16.84 seconds (31.00 work units)
Optimal objective  3.201424272e+06
Set parameter TimeLimit to value 1.5663956708307378e+03
Set parameter Method to value 1
Gurobi Optimizer version 12.0.3 build v12.0.3rc0 (linux64 - "Ubuntu 24.04.4 LTS")

CPU model: Intel(R) Xeon(R) Silver 4316 CPU @ 2.30GHz, instruction set [SSE2|AVX|AVX2|AVX512]
Thread count: 40 physical cores, 40 logical processors, using up to 1 threads

Non-default parameters:
TimeLimit  1.5663956708307378e+03
Method  1
BarHomogeneous  1
Threads  1

Optimize a model with 785 rows, 251143 columns and 6977670 nonzeros
Coefficient statistics:
  Matrix range     [1e+00, 1e+00]
  Objective range  [1e+05, 5e+05]
  Bounds range     [0e+00, 0e+00]
  RHS range        [1e+00, 1e+00]
LP warm-start: use basis

Iteration    Objective       Primal Inf.    Dual Inf.      Time
       0   -6.8806182e+30   1.721930e+34   6.880617e+00      0s
       1    3.2014243e+06   0.000000e+00   0.000000e+00      0s

Solved in 1 iterations and 0.45 seconds (0.39 work units)
Optimal objective  3.201424272e+06
Set parameter TimeLimit to value 1546.64450423792
Set parameter Method to value 1
Gurobi Optimizer version 12.0.3 build v12.0.3rc0 (linux64 - "Ubuntu 24.04.4 LTS")

CPU model: Intel(R) Xeon(R) Silver 4316 CPU @ 2.30GHz, instruction set [SSE2|AVX|AVX2|AVX512]
Thread count: 40 physical cores, 40 logical processors, using up to 1 threads

Non-default parameters:
TimeLimit  1546.64450423792
Method  1
BarHomogeneous  1
Threads  1

Optimize a model with 785 rows, 251173 columns and 6978664 nonzeros
Coefficient statistics:
  Matrix range     [1e+00, 1e+00]
  Objective range  [1e+05, 5e+05]
  Bounds range     [0e+00, 0e+00]
  RHS range        [1e+00, 1e+00]
LP warm-start: use basis

Iteration    Objective       Primal Inf.    Dual Inf.      Time
       0   -5.7508812e+30   2.585140e+34   5.750881e+00      0s
     445   -5.6843603e+28   6.165051e+32   5.684362e-02      5s
     920    3.2014242e+06   3.513375e+02   0.000000e+00     11s
    1279    3.2014242e+06   5.876516e+01   0.000000e+00     15s
    1757    3.2014243e+06   3.589200e+01   0.000000e+00     21s
    2113    3.2014243e+06   5.957188e+00   0.000000e+00     25s
    2591    3.2014243e+06   1.608888e-01   0.000000e+00     31s
    2705    3.2014243e+06   0.000000e+00   0.000000e+00     33s

Solved in 2705 iterations and 32.77 seconds (60.74 work units)
Optimal objective  3.201424265e+06
Set parameter TimeLimit to value 1.4953629760439508e+03
Set parameter Method to value 1
Gurobi Optimizer version 12.0.3 build v12.0.3rc0 (linux64 - "Ubuntu 24.04.4 LTS")

CPU model: Intel(R) Xeon(R) Silver 4316 CPU @ 2.30GHz, instruction set [SSE2|AVX|AVX2|AVX512]
Thread count: 40 physical cores, 40 logical processors, using up to 1 threads

Non-default parameters:
TimeLimit  1.4953629760439508e+03
Method  1
BarHomogeneous  1
Threads  1

Optimize a model with 785 rows, 251203 columns and 6979735 nonzeros
Coefficient statistics:
  Matrix range     [1e+00, 1e+00]
  Objective range  [1e+05, 5e+05]
  Bounds range     [0e+00, 0e+00]
  RHS range        [1e+00, 1e+00]
LP warm-start: use basis

Iteration    Objective       Primal Inf.    Dual Inf.      Time
       0   -6.1713468e+30   1.675606e+34   6.171346e+00      0s
     430   -2.2803497e+28   9.549696e+32   2.280356e-02      5s
     863    3.2014242e+06   1.187407e+02   0.000000e+00     11s
    1338    3.2014243e+06   2.056573e+01   0.000000e+00     16s
    1696    3.2014243e+06   6.191314e+00   0.000000e+00     21s
    2053    3.2014243e+06   1.117137e-01   0.000000e+00     25s
    2158    3.2014243e+06   0.000000e+00   0.000000e+00     26s

Solved in 2158 iterations and 26.42 seconds (49.02 work units)
Optimal objective  3.201424259e+06
Set parameter TimeLimit to value 1.4483749615685083e+03
Set parameter Method to value 1
Gurobi Optimizer version 12.0.3 build v12.0.3rc0 (linux64 - "Ubuntu 24.04.4 LTS")

CPU model: Intel(R) Xeon(R) Silver 4316 CPU @ 2.30GHz, instruction set [SSE2|AVX|AVX2|AVX512]
Thread count: 40 physical cores, 40 logical processors, using up to 1 threads

Non-default parameters:
TimeLimit  1.4483749615685083e+03
Method  1
BarHomogeneous  1
Threads  1

Optimize a model with 785 rows, 251233 columns and 6980746 nonzeros
Coefficient statistics:
  Matrix range     [1e+00, 1e+00]
  Objective range  [1e+05, 5e+05]
  Bounds range     [0e+00, 0e+00]
  RHS range        [1e+00, 1e+00]
LP warm-start: use basis

Iteration    Objective       Primal Inf.    Dual Inf.      Time
       0   -5.8688588e+30   1.757361e+34   5.868859e+00      0s
     437   -1.4005605e+29   8.210663e+32   1.400561e-01      5s
     915    3.2014242e+06   1.766027e+03   0.000000e+00     11s
    1273    3.2014242e+06   1.653805e+02   0.000000e+00     15s
    1752    3.2014242e+06   9.238986e+01   0.000000e+00     21s
    2110    3.2014242e+06   2.870089e+01   0.000000e+00     26s
    2466    3.2014242e+06   3.722291e+00   0.000000e+00     30s
    2923    3.2014243e+06   0.000000e+00   0.000000e+00     36s

Solved in 2923 iterations and 35.77 seconds (66.07 work units)
Optimal objective  3.201424252e+06
Set parameter TimeLimit to value 1.3920935460152104e+03
Set parameter Method to value 1
Gurobi Optimizer version 12.0.3 build v12.0.3rc0 (linux64 - "Ubuntu 24.04.4 LTS")

CPU model: Intel(R) Xeon(R) Silver 4316 CPU @ 2.30GHz, instruction set [SSE2|AVX|AVX2|AVX512]
Thread count: 40 physical cores, 40 logical processors, using up to 1 threads

Non-default parameters:
TimeLimit  1.3920935460152104e+03
Method  1
BarHomogeneous  1
Threads  1

Optimize a model with 785 rows, 251263 columns and 6981494 nonzeros
Coefficient statistics:
  Matrix range     [1e+00, 1e+00]
  Objective range  [1e+05, 5e+05]
  Bounds range     [0e+00, 0e+00]
  RHS range        [1e+00, 1e+00]
LP warm-start: use basis

Iteration    Objective       Primal Inf.    Dual Inf.      Time
       0   -5.7628645e+30   1.026394e+34   5.762865e+00      0s
     434   -6.9944537e+27   3.052127e+32   6.994451e-03      5s
     831    3.2014242e+06   2.543863e+02   0.000000e+00     10s
    1309    3.2014242e+06   2.491287e+01   0.000000e+00     16s
    1668    3.2014242e+06   5.083583e-01   0.000000e+00     20s
    1909    3.2014242e+06   0.000000e+00   0.000000e+00     23s

Solved in 1909 iterations and 23.16 seconds (43.31 work units)
Optimal objective  3.201424244e+06
Set parameter TimeLimit to value 1.3495461874874309e+03
Set parameter Method to value 1
Gurobi Optimizer version 12.0.3 build v12.0.3rc0 (linux64 - "Ubuntu 24.04.4 LTS")

CPU model: Intel(R) Xeon(R) Silver 4316 CPU @ 2.30GHz, instruction set [SSE2|AVX|AVX2|AVX512]
Thread count: 40 physical cores, 40 logical processors, using up to 1 threads

Non-default parameters:
TimeLimit  1.3495461874874309e+03
Method  1
BarHomogeneous  1
Threads  1

Optimize a model with 785 rows, 251293 columns and 6982201 nonzeros
Coefficient statistics:
  Matrix range     [1e+00, 1e+00]
  Objective range  [1e+05, 5e+05]
  Bounds range     [0e+00, 0e+00]
  RHS range        [1e+00, 1e+00]
LP warm-start: use basis

Iteration    Objective       Primal Inf.    Dual Inf.      Time
       0   -5.6275879e+30   8.384228e+33   5.627587e+00      0s
     102    3.2014242e+06   0.000000e+00   0.000000e+00      2s

Solved in 102 iterations and 1.69 seconds (2.67 work units)
Optimal objective  3.201424244e+06
Set parameter TimeLimit to value 1.3295873825117014e+03
Set parameter Method to value 1
Gurobi Optimizer version 12.0.3 build v12.0.3rc0 (linux64 - "Ubuntu 24.04.4 LTS")

CPU model: Intel(R) Xeon(R) Silver 4316 CPU @ 2.30GHz, instruction set [SSE2|AVX|AVX2|AVX512]
Thread count: 40 physical cores, 40 logical processors, using up to 1 threads

Non-default parameters:
TimeLimit  1.3295873825117014e+03
Method  1
BarHomogeneous  1
Threads  1

Optimize a model with 785 rows, 251323 columns and 6982884 nonzeros
Coefficient statistics:
  Matrix range     [1e+00, 1e+00]
  Objective range  [1e+05, 5e+05]
  Bounds range     [0e+00, 0e+00]
  RHS range        [1e+00, 1e+00]
LP warm-start: use basis

Iteration    Objective       Primal Inf.    Dual Inf.      Time
       0   -5.6516990e+30   8.542521e+33   5.651699e+00      0s
     438    3.2014242e+06   1.155330e+03   0.000000e+00      6s
     797    3.2014242e+06   1.168698e+03   0.000000e+00     10s
    1271    3.2014242e+06   1.805510e+02   0.000000e+00     16s
    1631    3.2014242e+06   1.243047e+00   0.000000e+00     21s
    1759    3.2014242e+06   0.000000e+00   0.000000e+00     23s

Solved in 1759 iterations and 22.50 seconds (40.43 work units)
Optimal objective  3.201424242e+06
Set parameter TimeLimit to value 1288.4954542052
Set parameter Method to value 1
Gurobi Optimizer version 12.0.3 build v12.0.3rc0 (linux64 - "Ubuntu 24.04.4 LTS")

CPU model: Intel(R) Xeon(R) Silver 4316 CPU @ 2.30GHz, instruction set [SSE2|AVX|AVX2|AVX512]
Thread count: 40 physical cores, 40 logical processors, using up to 1 threads

Non-default parameters:
TimeLimit  1288.4954542052
Method  1
BarHomogeneous  1
Threads  1

Optimize a model with 785 rows, 251353 columns and 6983837 nonzeros
Coefficient statistics:
  Matrix range     [1e+00, 1e+00]
  Objective range  [1e+05, 5e+05]
  Bounds range     [0e+00, 0e+00]
  RHS range        [1e+00, 1e+00]
LP warm-start: use basis

Iteration    Objective       Primal Inf.    Dual Inf.      Time
       0   -4.6879056e+30   4.306606e+33   4.687906e+00      0s
     462   -2.1053119e+29   8.161678e+32   2.105312e-01      5s
     942    3.2014241e+06   1.164147e+03   0.000000e+00     11s
    1297    3.2014242e+06   2.320464e+02   0.000000e+00     16s
    1774    3.2014242e+06   1.048502e+02   0.000000e+00     21s
    2134    3.2014242e+06   5.259205e+01   0.000000e+00     26s
    2494    3.2014242e+06   9.687642e+00   0.000000e+00     30s
    2971    3.2014242e+06   8.644081e+00   0.000000e+00     36s
    3318    3.2014242e+06   0.000000e+00   0.000000e+00     41s

Solved in 3318 iterations and 40.84 seconds (73.95 work units)
Optimal objective  3.201424234e+06
Set parameter TimeLimit to value 1.2277679990245961e+03
Set parameter Method to value 1
Gurobi Optimizer version 12.0.3 build v12.0.3rc0 (linux64 - "Ubuntu 24.04.4 LTS")

CPU model: Intel(R) Xeon(R) Silver 4316 CPU @ 2.30GHz, instruction set [SSE2|AVX|AVX2|AVX512]
Thread count: 40 physical cores, 40 logical processors, using up to 1 threads

Non-default parameters:
TimeLimit  1.2277679990245961e+03
Method  1
BarHomogeneous  1
Threads  1

Optimize a model with 785 rows, 251383 columns and 6984815 nonzeros
Coefficient statistics:
  Matrix range     [1e+00, 1e+00]
  Objective range  [1e+05, 5e+05]
  Bounds range     [0e+00, 0e+00]
  RHS range        [1e+00, 1e+00]
LP warm-start: use basis

Iteration    Objective       Primal Inf.    Dual Inf.      Time
       0   -5.2263811e+30   4.992077e+33   5.226381e+00      0s
     440   -2.8292642e+29   4.424626e+32   2.829264e-01      5s
     923    3.2014241e+06   1.940701e+03   0.000000e+00     11s
    1282    3.2014242e+06   3.409946e+02   0.000000e+00     15s
    1759    3.2014242e+06   3.686511e+02   0.000000e+00     21s
    2117    3.2014242e+06   6.370372e+01   0.000000e+00     25s
    2596    3.2014242e+06   1.217490e+02   0.000000e+00     31s
    2956    3.2014242e+06   7.642728e+00   0.000000e+00     35s
    3436    3.2014242e+06   3.738343e-01   0.000000e+00     41s
    3518    3.2014242e+06   0.000000e+00   0.000000e+00     42s

Solved in 3518 iterations and 42.13 seconds (79.14 work units)
Optimal objective  3.201424223e+06
Set parameter TimeLimit to value 1.1645561504648067e+03
Set parameter Method to value 1
Gurobi Optimizer version 12.0.3 build v12.0.3rc0 (linux64 - "Ubuntu 24.04.4 LTS")

CPU model: Intel(R) Xeon(R) Silver 4316 CPU @ 2.30GHz, instruction set [SSE2|AVX|AVX2|AVX512]
Thread count: 40 physical cores, 40 logical processors, using up to 1 threads

Non-default parameters:
TimeLimit  1.1645561504648067e+03
Method  1
BarHomogeneous  1
Threads  1

Optimize a model with 785 rows, 251413 columns and 6985744 nonzeros
Coefficient statistics:
  Matrix range     [1e+00, 1e+00]
  Objective range  [1e+05, 5e+05]
  Bounds range     [0e+00, 0e+00]
  RHS range        [1e+00, 1e+00]
LP warm-start: use basis

Iteration    Objective       Primal Inf.    Dual Inf.      Time
       0   -7.3769305e+30   1.023032e+34   7.376930e+00      0s
     501    3.2014242e+06   2.665546e+01   0.000000e+00      6s
     860    3.2014242e+06   2.000180e+01   0.000000e+00     11s
    1220    3.2014242e+06   1.892323e+00   0.000000e+00     15s
    1338    3.2014242e+06   0.000000e+00   0.000000e+00     17s

Solved in 1338 iterations and 16.58 seconds (30.47 work units)
Optimal objective  3.201424219e+06
Set parameter TimeLimit to value 1.1297013270412572e+03
Set parameter Method to value 1
Gurobi Optimizer version 12.0.3 build v12.0.3rc0 (linux64 - "Ubuntu 24.04.4 LTS")

CPU model: Intel(R) Xeon(R) Silver 4316 CPU @ 2.30GHz, instruction set [SSE2|AVX|AVX2|AVX512]
Thread count: 40 physical cores, 40 logical processors, using up to 1 threads

Non-default parameters:
TimeLimit  1.1297013270412572e+03
Method  1
BarHomogeneous  1
Threads  1

Optimize a model with 785 rows, 251443 columns and 6986475 nonzeros
Coefficient statistics:
  Matrix range     [1e+00, 1e+00]
  Objective range  [1e+05, 5e+05]
  Bounds range     [0e+00, 0e+00]
  RHS range        [1e+00, 1e+00]
LP warm-start: use basis

Iteration    Objective       Primal Inf.    Dual Inf.      Time
       0   -5.5635936e+30   2.351988e+34   5.563594e+00      0s
     140    3.2014242e+06   0.000000e+00   0.000000e+00      2s

Solved in 140 iterations and 2.16 seconds (3.60 work units)
Optimal objective  3.201424219e+06
Set parameter TimeLimit to value 1.1088924981234595e+03
Set parameter Method to value 1
Gurobi Optimizer version 12.0.3 build v12.0.3rc0 (linux64 - "Ubuntu 24.04.4 LTS")

CPU model: Intel(R) Xeon(R) Silver 4316 CPU @ 2.30GHz, instruction set [SSE2|AVX|AVX2|AVX512]
Thread count: 40 physical cores, 40 logical processors, using up to 1 threads

Non-default parameters:
TimeLimit  1.1088924981234595e+03
Method  1
BarHomogeneous  1
Threads  1

Optimize a model with 785 rows, 251473 columns and 6987408 nonzeros
Coefficient statistics:
  Matrix range     [1e+00, 1e+00]
  Objective range  [1e+05, 5e+05]
  Bounds range     [0e+00, 0e+00]
  RHS range        [1e+00, 1e+00]
LP warm-start: use basis

Iteration    Objective       Primal Inf.    Dual Inf.      Time
       0   -4.5669298e+30   2.111680e+34   4.566929e+00      0s
     435   -3.3002227e+29   1.625232e+33   3.300223e-01      5s
     915   -3.6562474e+28   1.689702e+33   3.656250e-02     11s
    1271    3.2014241e+06   4.298422e+02   0.000000e+00     15s
    1747    3.2014242e+06   1.912640e+02   0.000000e+00     21s
    2107    3.2014242e+06   1.527730e+02   0.000000e+00     25s
    2585    3.2014242e+06   1.313124e+01   0.000000e+00     31s
    2945    3.2014242e+06   1.971086e+01   0.000000e+00     36s
    3305    3.2014242e+06   1.920135e+01   0.000000e+00     40s
    3541    3.2014242e+06   0.000000e+00   0.000000e+00     43s

Solved in 3541 iterations and 43.06 seconds (79.88 work units)
Optimal objective  3.201424205e+06
Set parameter TimeLimit to value 1.0460673651401885e+03
Set parameter Method to value 1
Gurobi Optimizer version 12.0.3 build v12.0.3rc0 (linux64 - "Ubuntu 24.04.4 LTS")

CPU model: Intel(R) Xeon(R) Silver 4316 CPU @ 2.30GHz, instruction set [SSE2|AVX|AVX2|AVX512]
Thread count: 40 physical cores, 40 logical processors, using up to 1 threads

Non-default parameters:
TimeLimit  1.0460673651401885e+03
Method  1
BarHomogeneous  1
Threads  1

Optimize a model with 785 rows, 251503 columns and 6988334 nonzeros
Coefficient statistics:
  Matrix range     [1e+00, 1e+00]
  Objective range  [1e+05, 5e+05]
  Bounds range     [0e+00, 0e+00]
  RHS range        [1e+00, 1e+00]
LP warm-start: use basis

Iteration    Objective       Primal Inf.    Dual Inf.      Time
       0   -4.5719366e+30   5.985231e+33   4.571937e+00      0s
     448   -1.1611971e+29   2.379764e+33   1.161197e-01      5s
     928    3.2014242e+06   1.850403e+02   0.000000e+00     11s
    1282    3.2014242e+06   1.206554e+02   0.000000e+00     15s
    1760    3.2014242e+06   7.707262e+00   0.000000e+00     21s
    2120    3.2014242e+06   1.036960e+00   0.000000e+00     25s
    2230    3.2014242e+06   0.000000e+00   0.000000e+00     27s

Solved in 2230 iterations and 26.91 seconds (49.67 work units)
Optimal objective  3.201424200e+06
Set parameter TimeLimit to value 9.9984166296059266e+02
Set parameter Method to value 1
Gurobi Optimizer version 12.0.3 build v12.0.3rc0 (linux64 - "Ubuntu 24.04.4 LTS")

CPU model: Intel(R) Xeon(R) Silver 4316 CPU @ 2.30GHz, instruction set [SSE2|AVX|AVX2|AVX512]
Thread count: 40 physical cores, 40 logical processors, using up to 1 threads

Non-default parameters:
TimeLimit  9.9984166296059266e+02
Method  1
BarHomogeneous  1
Threads  1

Optimize a model with 785 rows, 251533 columns and 6989215 nonzeros
Coefficient statistics:
  Matrix range     [1e+00, 1e+00]
  Objective range  [1e+05, 5e+05]
  Bounds range     [0e+00, 0e+00]
  RHS range        [1e+00, 1e+00]
LP warm-start: use basis

Iteration    Objective       Primal Inf.    Dual Inf.      Time
       0   -5.2211010e+30   3.829274e+34   5.221100e+00      0s
      30    3.2014242e+06   0.000000e+00   0.000000e+00      1s

Solved in 30 iterations and 0.73 seconds (0.97 work units)
Optimal objective  3.201424200e+06
Set parameter TimeLimit to value 9.8020233089616522e+02
Set parameter Method to value 1
Gurobi Optimizer version 12.0.3 build v12.0.3rc0 (linux64 - "Ubuntu 24.04.4 LTS")

CPU model: Intel(R) Xeon(R) Silver 4316 CPU @ 2.30GHz, instruction set [SSE2|AVX|AVX2|AVX512]
Thread count: 40 physical cores, 40 logical processors, using up to 1 threads

Non-default parameters:
TimeLimit  9.8020233089616522e+02
Method  1
BarHomogeneous  1
Threads  1

Optimize a model with 785 rows, 251563 columns and 6990193 nonzeros
Coefficient statistics:
  Matrix range     [1e+00, 1e+00]
  Objective range  [1e+05, 5e+05]
  Bounds range     [0e+00, 0e+00]
  RHS range        [1e+00, 1e+00]
LP warm-start: use basis

Iteration    Objective       Primal Inf.    Dual Inf.      Time
       0   -4.6024479e+30   9.617908e+33   4.602448e+00      0s
     124    3.2014242e+06   0.000000e+00   0.000000e+00      2s

Solved in 124 iterations and 1.99 seconds (3.19 work units)
Optimal objective  3.201424200e+06
Set parameter TimeLimit to value 9.5916044511646032e+02
Set parameter Method to value 1
Gurobi Optimizer version 12.0.3 build v12.0.3rc0 (linux64 - "Ubuntu 24.04.4 LTS")

CPU model: Intel(R) Xeon(R) Silver 4316 CPU @ 2.30GHz, instruction set [SSE2|AVX|AVX2|AVX512]
Thread count: 40 physical cores, 40 logical processors, using up to 1 threads

Non-default parameters:
TimeLimit  9.5916044511646032e+02
Method  1
BarHomogeneous  1
Threads  1

Optimize a model with 785 rows, 251593 columns and 6991157 nonzeros
Coefficient statistics:
  Matrix range     [1e+00, 1e+00]
  Objective range  [1e+05, 5e+05]
  Bounds range     [0e+00, 0e+00]
  RHS range        [1e+00, 1e+00]
LP warm-start: use basis

Iteration    Objective       Primal Inf.    Dual Inf.      Time
       0   -4.4510755e+30   1.144428e+34   4.451076e+00      0s
     158    3.2014242e+06   0.000000e+00   0.000000e+00      2s

Solved in 158 iterations and 2.38 seconds (3.99 work units)
Optimal objective  3.201424200e+06
Set parameter TimeLimit to value 939.661907155998
Set parameter Method to value 1
Gurobi Optimizer version 12.0.3 build v12.0.3rc0 (linux64 - "Ubuntu 24.04.4 LTS")

CPU model: Intel(R) Xeon(R) Silver 4316 CPU @ 2.30GHz, instruction set [SSE2|AVX|AVX2|AVX512]
Thread count: 40 physical cores, 40 logical processors, using up to 1 threads

Non-default parameters:
TimeLimit  939.661907155998
Method  1
BarHomogeneous  1
Threads  1

Optimize a model with 785 rows, 251623 columns and 6992152 nonzeros
Coefficient statistics:
  Matrix range     [1e+00, 1e+00]
  Objective range  [1e+05, 5e+05]
  Bounds range     [0e+00, 0e+00]
  RHS range        [1e+00, 1e+00]
LP warm-start: use basis

Iteration    Objective       Primal Inf.    Dual Inf.      Time
       0   -4.2451404e+30   1.011757e+34   4.245141e+00      0s
     456   -5.6563721e+27   3.965043e+32   5.656377e-03      5s
     838    3.2014242e+06   2.803521e+02   0.000000e+00     10s
    1314    3.2014242e+06   2.333328e+01   0.000000e+00     16s
    1672    3.2014242e+06   2.534384e+00   0.000000e+00     20s
    1953    3.2014242e+06   0.000000e+00   0.000000e+00     24s

Solved in 1953 iterations and 23.98 seconds (43.98 work units)
Optimal objective  3.201424198e+06
Set parameter TimeLimit to value 8.9648870592564344e+02
Set parameter Method to value 1
Gurobi Optimizer version 12.0.3 build v12.0.3rc0 (linux64 - "Ubuntu 24.04.4 LTS")

CPU model: Intel(R) Xeon(R) Silver 4316 CPU @ 2.30GHz, instruction set [SSE2|AVX|AVX2|AVX512]
Thread count: 40 physical cores, 40 logical processors, using up to 1 threads

Non-default parameters:
TimeLimit  8.9648870592564344e+02
Method  1
BarHomogeneous  1
Threads  1

Optimize a model with 785 rows, 251653 columns and 6993234 nonzeros
Coefficient statistics:
  Matrix range     [1e+00, 1e+00]
  Objective range  [1e+05, 5e+05]
  Bounds range     [0e+00, 0e+00]
  RHS range        [1e+00, 1e+00]
LP warm-start: use basis

Iteration    Objective       Primal Inf.    Dual Inf.      Time
       0   -5.1028124e+30   6.597288e+33   5.102812e+00      0s
     101    3.2014242e+06   0.000000e+00   0.000000e+00      2s

Solved in 101 iterations and 1.67 seconds (2.69 work units)
Optimal objective  3.201424198e+06
Set parameter TimeLimit to value 8.7629868392599747e+02
Set parameter Method to value 1
Gurobi Optimizer version 12.0.3 build v12.0.3rc0 (linux64 - "Ubuntu 24.04.4 LTS")

CPU model: Intel(R) Xeon(R) Silver 4316 CPU @ 2.30GHz, instruction set [SSE2|AVX|AVX2|AVX512]
Thread count: 40 physical cores, 40 logical processors, using up to 1 threads

Non-default parameters:
TimeLimit  8.7629868392599747e+02
Method  1
BarHomogeneous  1
Threads  1

Optimize a model with 785 rows, 251683 columns and 6994183 nonzeros
Coefficient statistics:
  Matrix range     [1e+00, 1e+00]
  Objective range  [1e+05, 5e+05]
  Bounds range     [0e+00, 0e+00]
  RHS range        [1e+00, 1e+00]
LP warm-start: use basis

Iteration    Objective       Primal Inf.    Dual Inf.      Time
       0   -4.4688308e+30   9.467957e+33   4.468830e+00      0s
     532    3.2014242e+06   8.932484e+02   0.000000e+00      7s
     887    3.2014242e+06   3.796384e+01   0.000000e+00     11s
    1245    3.2014242e+06   3.099879e+01   0.000000e+00     16s
    1602    3.2014242e+06   6.846400e+00   0.000000e+00     20s
    1893    3.2014242e+06   0.000000e+00   0.000000e+00     24s

Solved in 1893 iterations and 23.94 seconds (42.94 work units)
Optimal objective  3.201424194e+06
Set parameter TimeLimit to value 8.3298415721440688e+02
Set parameter Method to value 1
Gurobi Optimizer version 12.0.3 build v12.0.3rc0 (linux64 - "Ubuntu 24.04.4 LTS")

CPU model: Intel(R) Xeon(R) Silver 4316 CPU @ 2.30GHz, instruction set [SSE2|AVX|AVX2|AVX512]
Thread count: 40 physical cores, 40 logical processors, using up to 1 threads

Non-default parameters:
TimeLimit  8.3298415721440688e+02
Method  1
BarHomogeneous  1
Threads  1

Optimize a model with 785 rows, 251713 columns and 6995070 nonzeros
Coefficient statistics:
  Matrix range     [1e+00, 1e+00]
  Objective range  [1e+05, 5e+05]
  Bounds range     [0e+00, 0e+00]
  RHS range        [1e+00, 1e+00]
LP warm-start: use basis

Iteration    Objective       Primal Inf.    Dual Inf.      Time
       0   -6.2265425e+30   9.766746e+33   6.226542e+00      0s
       1    3.2014242e+06   0.000000e+00   0.000000e+00      0s

Solved in 1 iterations and 0.47 seconds (0.42 work units)
Optimal objective  3.201424194e+06
Set parameter TimeLimit to value 8.1393851922126487e+02
Set parameter Method to value 1
Gurobi Optimizer version 12.0.3 build v12.0.3rc0 (linux64 - "Ubuntu 24.04.4 LTS")

CPU model: Intel(R) Xeon(R) Silver 4316 CPU @ 2.30GHz, instruction set [SSE2|AVX|AVX2|AVX512]
Thread count: 40 physical cores, 40 logical processors, using up to 1 threads

Non-default parameters:
TimeLimit  8.1393851922126487e+02
Method  1
BarHomogeneous  1
Threads  1

Optimize a model with 785 rows, 251743 columns and 6995951 nonzeros
Coefficient statistics:
  Matrix range     [1e+00, 1e+00]
  Objective range  [1e+05, 5e+05]
  Bounds range     [0e+00, 0e+00]
  RHS range        [1e+00, 1e+00]
LP warm-start: use basis

Iteration    Objective       Primal Inf.    Dual Inf.      Time
       0   -5.4624688e+30   9.102709e+33   5.462469e+00      0s
      85    3.2014242e+06   0.000000e+00   0.000000e+00      2s

Solved in 85 iterations and 1.51 seconds (2.31 work units)
Optimal objective  3.201424194e+06
Set parameter TimeLimit to value 7.9534506402956322e+02
Set parameter Method to value 1
Gurobi Optimizer version 12.0.3 build v12.0.3rc0 (linux64 - "Ubuntu 24.04.4 LTS")

CPU model: Intel(R) Xeon(R) Silver 4316 CPU @ 2.30GHz, instruction set [SSE2|AVX|AVX2|AVX512]
Thread count: 40 physical cores, 40 logical processors, using up to 1 threads

Non-default parameters:
TimeLimit  7.9534506402956322e+02
Method  1
BarHomogeneous  1
Threads  1

Optimize a model with 785 rows, 251773 columns and 6996812 nonzeros
Coefficient statistics:
  Matrix range     [1e+00, 1e+00]
  Objective range  [1e+05, 5e+05]
  Bounds range     [0e+00, 0e+00]
  RHS range        [1e+00, 1e+00]
LP warm-start: use basis

Iteration    Objective       Primal Inf.    Dual Inf.      Time
       0   -5.3086272e+30   7.513692e+33   5.308628e+00      0s
     215    3.2014242e+06   0.000000e+00   0.000000e+00      3s

Solved in 215 iterations and 3.15 seconds (5.34 work units)
Optimal objective  3.201424194e+06
Set parameter TimeLimit to value 7.7279217299073935e+02
Set parameter Method to value 1
Gurobi Optimizer version 12.0.3 build v12.0.3rc0 (linux64 - "Ubuntu 24.04.4 LTS")

CPU model: Intel(R) Xeon(R) Silver 4316 CPU @ 2.30GHz, instruction set [SSE2|AVX|AVX2|AVX512]
Thread count: 40 physical cores, 40 logical processors, using up to 1 threads

Non-default parameters:
TimeLimit  7.7279217299073935e+02
Method  1
BarHomogeneous  1
Threads  1

Optimize a model with 785 rows, 251803 columns and 6997706 nonzeros
Coefficient statistics:
  Matrix range     [1e+00, 1e+00]
  Objective range  [1e+05, 5e+05]
  Bounds range     [0e+00, 0e+00]
  RHS range        [1e+00, 1e+00]
LP warm-start: use basis

Iteration    Objective       Primal Inf.    Dual Inf.      Time
       0   -4.6177078e+30   8.891613e+33   4.617707e+00      0s
      85    3.2014242e+06   0.000000e+00   0.000000e+00      1s

Solved in 85 iterations and 1.46 seconds (2.33 work units)
Optimal objective  3.201424194e+06
Set parameter TimeLimit to value 7.5299730417551473e+02
Set parameter Method to value 1
Gurobi Optimizer version 12.0.3 build v12.0.3rc0 (linux64 - "Ubuntu 24.04.4 LTS")

CPU model: Intel(R) Xeon(R) Silver 4316 CPU @ 2.30GHz, instruction set [SSE2|AVX|AVX2|AVX512]
Thread count: 40 physical cores, 40 logical processors, using up to 1 threads

Non-default parameters:
TimeLimit  7.5299730417551473e+02
Method  1
BarHomogeneous  1
Threads  1

Optimize a model with 785 rows, 251833 columns and 6998685 nonzeros
Coefficient statistics:
  Matrix range     [1e+00, 1e+00]
  Objective range  [1e+05, 5e+05]
  Bounds range     [0e+00, 0e+00]
  RHS range        [1e+00, 1e+00]
LP warm-start: use basis

Iteration    Objective       Primal Inf.    Dual Inf.      Time
       0   -4.1886723e+30   7.754539e+33   4.188672e+00      0s
     433   -2.4299188e+28   4.494861e+32   2.429919e-02      5s
     879    3.2014242e+06   1.485455e+02   0.000000e+00     11s
    1235    3.2014242e+06   2.379104e+02   0.000000e+00     15s
    1711    3.2014242e+06   2.331231e+01   0.000000e+00     21s
    2070    3.2014242e+06   5.568932e+00   0.000000e+00     26s
    2188    3.2014242e+06   0.000000e+00   0.000000e+00     27s

Solved in 2188 iterations and 27.06 seconds (49.96 work units)
Optimal objective  3.201424188e+06
Set parameter TimeLimit to value 7.0484431123267859e+02
Set parameter Method to value 1
Gurobi Optimizer version 12.0.3 build v12.0.3rc0 (linux64 - "Ubuntu 24.04.4 LTS")

CPU model: Intel(R) Xeon(R) Silver 4316 CPU @ 2.30GHz, instruction set [SSE2|AVX|AVX2|AVX512]
Thread count: 40 physical cores, 40 logical processors, using up to 1 threads

Non-default parameters:
TimeLimit  7.0484431123267859e+02
Method  1
BarHomogeneous  1
Threads  1

Optimize a model with 785 rows, 251863 columns and 6999514 nonzeros
Coefficient statistics:
  Matrix range     [1e+00, 1e+00]
  Objective range  [1e+05, 5e+05]
  Bounds range     [0e+00, 0e+00]
  RHS range        [1e+00, 1e+00]
LP warm-start: use basis

Iteration    Objective       Primal Inf.    Dual Inf.      Time
       0   -6.4134675e+30   1.932739e+34   6.413467e+00      0s
     468    3.2014242e+06   1.557824e+01   0.000000e+00      6s
     827    3.2014242e+06   1.338223e+01   0.000000e+00     11s
    1060    3.2014242e+06   0.000000e+00   0.000000e+00     13s

Solved in 1060 iterations and 13.46 seconds (24.60 work units)
Optimal objective  3.201424187e+06
Set parameter TimeLimit to value 6.7284718655655161e+02
Set parameter Method to value 1
Gurobi Optimizer version 12.0.3 build v12.0.3rc0 (linux64 - "Ubuntu 24.04.4 LTS")

CPU model: Intel(R) Xeon(R) Silver 4316 CPU @ 2.30GHz, instruction set [SSE2|AVX|AVX2|AVX512]
Thread count: 40 physical cores, 40 logical processors, using up to 1 threads

Non-default parameters:
TimeLimit  6.7284718655655161e+02
Method  1
BarHomogeneous  1
Threads  1

Optimize a model with 785 rows, 251893 columns and 7000384 nonzeros
Coefficient statistics:
  Matrix range     [1e+00, 1e+00]
  Objective range  [1e+05, 5e+05]
  Bounds range     [0e+00, 0e+00]
  RHS range        [1e+00, 1e+00]
LP warm-start: use basis

Iteration    Objective       Primal Inf.    Dual Inf.      Time
       0   -4.7136299e+30   9.219027e+33   4.713630e+00      0s
      30    3.2014242e+06   0.000000e+00   0.000000e+00      1s

Solved in 30 iterations and 0.72 seconds (0.94 work units)
Optimal objective  3.201424187e+06
Set parameter TimeLimit to value 6.5380070646386594e+02
Set parameter Method to value 1
Gurobi Optimizer version 12.0.3 build v12.0.3rc0 (linux64 - "Ubuntu 24.04.4 LTS")

CPU model: Intel(R) Xeon(R) Silver 4316 CPU @ 2.30GHz, instruction set [SSE2|AVX|AVX2|AVX512]
Thread count: 40 physical cores, 40 logical processors, using up to 1 threads

Non-default parameters:
TimeLimit  6.5380070646386594e+02
Method  1
BarHomogeneous  1
Threads  1

Optimize a model with 785 rows, 251923 columns and 7001224 nonzeros
Coefficient statistics:
  Matrix range     [1e+00, 1e+00]
  Objective range  [1e+05, 5e+05]
  Bounds range     [0e+00, 0e+00]
  RHS range        [1e+00, 1e+00]
LP warm-start: use basis

Iteration    Objective       Primal Inf.    Dual Inf.      Time
       0   -4.6438054e+30   1.610818e+34   4.643805e+00      0s
     385   -2.5685123e+26   2.450535e+32   2.568542e-04      5s
     866    3.2014242e+06   1.041431e+03   0.000000e+00     11s
    1218    3.2014242e+06   8.123294e+01   0.000000e+00     15s
    1692    3.2014242e+06   5.182083e-01   0.000000e+00     21s
    1845    3.2014242e+06   0.000000e+00   0.000000e+00     23s

Solved in 1845 iterations and 23.32 seconds (42.78 work units)
Optimal objective  3.201424184e+06
Set parameter TimeLimit to value 6.1144630025699735e+02
Set parameter Method to value 1
Gurobi Optimizer version 12.0.3 build v12.0.3rc0 (linux64 - "Ubuntu 24.04.4 LTS")

CPU model: Intel(R) Xeon(R) Silver 4316 CPU @ 2.30GHz, instruction set [SSE2|AVX|AVX2|AVX512]
Thread count: 40 physical cores, 40 logical processors, using up to 1 threads

Non-default parameters:
TimeLimit  6.1144630025699735e+02
Method  1
BarHomogeneous  1
Threads  1

Optimize a model with 785 rows, 251953 columns and 7002225 nonzeros
Coefficient statistics:
  Matrix range     [1e+00, 1e+00]
  Objective range  [1e+05, 5e+05]
  Bounds range     [0e+00, 0e+00]
  RHS range        [1e+00, 1e+00]
LP warm-start: use basis

Iteration    Objective       Primal Inf.    Dual Inf.      Time
       0   -4.3025659e+30   9.879727e+33   4.302566e+00      0s
     464    3.2014242e+06   2.565837e+02   0.000000e+00      6s
     819    3.2014242e+06   8.546586e+00   0.000000e+00     10s
    1294    3.2014242e+06   3.942350e+00   0.000000e+00     16s
    1498    3.2014242e+06   0.000000e+00   0.000000e+00     19s

Solved in 1498 iterations and 18.75 seconds (34.57 work units)
Optimal objective  3.201424180e+06
Set parameter TimeLimit to value 5.7325709137739614e+02
Set parameter Method to value 1
Gurobi Optimizer version 12.0.3 build v12.0.3rc0 (linux64 - "Ubuntu 24.04.4 LTS")

CPU model: Intel(R) Xeon(R) Silver 4316 CPU @ 2.30GHz, instruction set [SSE2|AVX|AVX2|AVX512]
Thread count: 40 physical cores, 40 logical processors, using up to 1 threads

Non-default parameters:
TimeLimit  5.7325709137739614e+02
Method  1
BarHomogeneous  1
Threads  1

Optimize a model with 785 rows, 251983 columns and 7003019 nonzeros
Coefficient statistics:
  Matrix range     [1e+00, 1e+00]
  Objective range  [1e+05, 5e+05]
  Bounds range     [0e+00, 0e+00]
  RHS range        [1e+00, 1e+00]
LP warm-start: use basis

Iteration    Objective       Primal Inf.    Dual Inf.      Time
       0   -4.4465229e+30   2.022502e+34   4.446522e+00      0s
     525    3.2014242e+06   3.367474e+02   0.000000e+00      6s
     882    3.2014242e+06   1.843653e+01   0.000000e+00     11s
    1240    3.2014242e+06   6.896725e-01   0.000000e+00     15s
    1311    3.2014242e+06   0.000000e+00   0.000000e+00     16s

Solved in 1311 iterations and 16.10 seconds (29.69 work units)
Optimal objective  3.201424176e+06
Set parameter TimeLimit to value 5.3895350740291178e+02
Set parameter Method to value 1
Gurobi Optimizer version 12.0.3 build v12.0.3rc0 (linux64 - "Ubuntu 24.04.4 LTS")

CPU model: Intel(R) Xeon(R) Silver 4316 CPU @ 2.30GHz, instruction set [SSE2|AVX|AVX2|AVX512]
Thread count: 40 physical cores, 40 logical processors, using up to 1 threads

Non-default parameters:
TimeLimit  5.3895350740291178e+02
Method  1
BarHomogeneous  1
Threads  1

Optimize a model with 785 rows, 252013 columns and 7003841 nonzeros
Coefficient statistics:
  Matrix range     [1e+00, 1e+00]
  Objective range  [1e+05, 5e+05]
  Bounds range     [0e+00, 0e+00]
  RHS range        [1e+00, 1e+00]
LP warm-start: use basis

Iteration    Objective       Primal Inf.    Dual Inf.      Time
       0   -4.0361500e+30   3.862782e+34   4.036151e+00      0s
     474    3.2014242e+06   2.101663e+02   0.000000e+00      6s
     831    3.2014242e+06   1.458527e+02   0.000000e+00     10s
    1309    3.2014242e+06   1.810951e+00   0.000000e+00     16s
    1633    3.2014242e+06   0.000000e+00   0.000000e+00     20s

Solved in 1633 iterations and 20.15 seconds (37.24 work units)
Optimal objective  3.201424170e+06
Set parameter TimeLimit to value 4.9815008010994643e+02
Set parameter Method to value 1
Gurobi Optimizer version 12.0.3 build v12.0.3rc0 (linux64 - "Ubuntu 24.04.4 LTS")

CPU model: Intel(R) Xeon(R) Silver 4316 CPU @ 2.30GHz, instruction set [SSE2|AVX|AVX2|AVX512]
Thread count: 40 physical cores, 40 logical processors, using up to 1 threads

Non-default parameters:
TimeLimit  4.9815008010994643e+02
Method  1
BarHomogeneous  1
Threads  1

Optimize a model with 785 rows, 252043 columns and 7004488 nonzeros
Coefficient statistics:
  Matrix range     [1e+00, 1e+00]
  Objective range  [1e+05, 5e+05]
  Bounds range     [0e+00, 0e+00]
  RHS range        [1e+00, 1e+00]
LP warm-start: use basis

Iteration    Objective       Primal Inf.    Dual Inf.      Time
       0   -5.1208518e+30   7.981771e+33   5.120852e+00      0s
     179    3.2014242e+06   0.000000e+00   0.000000e+00      3s

Solved in 179 iterations and 2.71 seconds (4.50 work units)
Optimal objective  3.201424170e+06
Set parameter TimeLimit to value 4.7840346258459613e+02
Set parameter Method to value 1
Gurobi Optimizer version 12.0.3 build v12.0.3rc0 (linux64 - "Ubuntu 24.04.4 LTS")

CPU model: Intel(R) Xeon(R) Silver 4316 CPU @ 2.30GHz, instruction set [SSE2|AVX|AVX2|AVX512]
Thread count: 40 physical cores, 40 logical processors, using up to 1 threads

Non-default parameters:
TimeLimit  4.7840346258459613e+02
Method  1
BarHomogeneous  1
Threads  1

Optimize a model with 785 rows, 252073 columns and 7005343 nonzeros
Coefficient statistics:
  Matrix range     [1e+00, 1e+00]
  Objective range  [1e+05, 5e+05]
  Bounds range     [0e+00, 0e+00]
  RHS range        [1e+00, 1e+00]
LP warm-start: use basis

Iteration    Objective       Primal Inf.    Dual Inf.      Time
       0   -4.4547128e+30   1.785102e+34   4.454713e+00      0s
     447   -4.8919055e+28   8.763402e+32   4.891907e-02      5s
     926    3.2014241e+06   1.118721e+03   0.000000e+00     11s
    1282    3.2014242e+06   2.023091e+02   0.000000e+00     16s
    1638    3.2014242e+06   4.086147e+01   0.000000e+00     20s
    2117    3.2014242e+06   1.164015e+00   0.000000e+00     26s
    2358    3.2014242e+06   0.000000e+00   0.000000e+00     29s

Solved in 2358 iterations and 29.37 seconds (53.00 work units)
Optimal objective  3.201424165e+06
Set parameter TimeLimit to value 4.2836700414493680e+02
Set parameter Method to value 1
Gurobi Optimizer version 12.0.3 build v12.0.3rc0 (linux64 - "Ubuntu 24.04.4 LTS")

CPU model: Intel(R) Xeon(R) Silver 4316 CPU @ 2.30GHz, instruction set [SSE2|AVX|AVX2|AVX512]
Thread count: 40 physical cores, 40 logical processors, using up to 1 threads

Non-default parameters:
TimeLimit  4.2836700414493680e+02
Method  1
BarHomogeneous  1
Threads  1

Optimize a model with 785 rows, 252103 columns and 7006329 nonzeros
Coefficient statistics:
  Matrix range     [1e+00, 1e+00]
  Objective range  [1e+05, 5e+05]
  Bounds range     [0e+00, 0e+00]
  RHS range        [1e+00, 1e+00]
LP warm-start: use basis

Iteration    Objective       Primal Inf.    Dual Inf.      Time
       0   -4.0877048e+30   7.039460e+33   4.087704e+00      0s
     453   -1.7734291e+29   1.184046e+33   1.773429e-01      5s
     930    3.2014241e+06   9.309181e+02   0.000000e+00     11s
    1288    3.2014241e+06   3.119877e+02   0.000000e+00     16s
    1644    3.2014241e+06   7.007868e+01   0.000000e+00     20s
    2120    3.2014242e+06   2.016345e+01   0.000000e+00     26s
    2477    3.2014242e+06   7.030894e+01   0.000000e+00     31s
    2811    3.2014242e+06   0.000000e+00   0.000000e+00     35s

Solved in 2811 iterations and 34.76 seconds (63.08 work units)
Optimal objective  3.201424159e+06
Set parameter TimeLimit to value 3.7411389940325171e+02
Set parameter Method to value 1
Gurobi Optimizer version 12.0.3 build v12.0.3rc0 (linux64 - "Ubuntu 24.04.4 LTS")

CPU model: Intel(R) Xeon(R) Silver 4316 CPU @ 2.30GHz, instruction set [SSE2|AVX|AVX2|AVX512]
Thread count: 40 physical cores, 40 logical processors, using up to 1 threads

Non-default parameters:
TimeLimit  3.7411389940325171e+02
Method  1
BarHomogeneous  1
Threads  1

Optimize a model with 785 rows, 252133 columns and 7007342 nonzeros
Coefficient statistics:
  Matrix range     [1e+00, 1e+00]
  Objective range  [1e+05, 5e+05]
  Bounds range     [0e+00, 0e+00]
  RHS range        [1e+00, 1e+00]
LP warm-start: use basis

Iteration    Objective       Primal Inf.    Dual Inf.      Time
       0   -4.5773758e+30   1.184360e+34   4.577376e+00      0s
      55    3.2014242e+06   0.000000e+00   0.000000e+00      1s

Solved in 55 iterations and 1.06 seconds (1.51 work units)
Optimal objective  3.201424159e+06
Set parameter TimeLimit to value 3.5475638289609924e+02
Set parameter Method to value 1
Gurobi Optimizer version 12.0.3 build v12.0.3rc0 (linux64 - "Ubuntu 24.04.4 LTS")

CPU model: Intel(R) Xeon(R) Silver 4316 CPU @ 2.30GHz, instruction set [SSE2|AVX|AVX2|AVX512]
Thread count: 40 physical cores, 40 logical processors, using up to 1 threads

Non-default parameters:
TimeLimit  3.5475638289609924e+02
Method  1
BarHomogeneous  1
Threads  1

Optimize a model with 785 rows, 252163 columns and 7008372 nonzeros
Coefficient statistics:
  Matrix range     [1e+00, 1e+00]
  Objective range  [1e+05, 5e+05]
  Bounds range     [0e+00, 0e+00]
  RHS range        [1e+00, 1e+00]
LP warm-start: use basis

Iteration    Objective       Primal Inf.    Dual Inf.      Time
       0   -4.3222993e+30   4.216046e+33   4.322299e+00      0s
     454   -1.0721858e+29   3.192376e+33   1.072187e-01      5s
     890    3.2014241e+06   6.368345e+02   0.000000e+00     11s
    1249    3.2014241e+06   1.405452e+02   0.000000e+00     15s
    1724    3.2014241e+06   3.496376e+01   0.000000e+00     21s
    2081    3.2014242e+06   3.285994e+01   0.000000e+00     26s
    2439    3.2014242e+06   1.728353e+00   0.000000e+00     30s
    2719    3.2014242e+06   0.000000e+00   0.000000e+00     34s

Solved in 2719 iterations and 33.80 seconds (61.21 work units)
Optimal objective  3.201424155e+06
Set parameter TimeLimit to value 3.0009404594963416e+02
Set parameter Method to value 1
Gurobi Optimizer version 12.0.3 build v12.0.3rc0 (linux64 - "Ubuntu 24.04.4 LTS")

CPU model: Intel(R) Xeon(R) Silver 4316 CPU @ 2.30GHz, instruction set [SSE2|AVX|AVX2|AVX512]
Thread count: 40 physical cores, 40 logical processors, using up to 1 threads

Non-default parameters:
TimeLimit  3.0009404594963416e+02
Method  1
BarHomogeneous  1
Threads  1

Optimize a model with 785 rows, 252193 columns and 7009216 nonzeros
Coefficient statistics:
  Matrix range     [1e+00, 1e+00]
  Objective range  [1e+05, 5e+05]
  Bounds range     [0e+00, 0e+00]
  RHS range        [1e+00, 1e+00]
LP warm-start: use basis

Iteration    Objective       Primal Inf.    Dual Inf.      Time
       0   -1.1197337e+31   4.099212e+34   1.119734e+01      0s
       1    3.2014242e+06   0.000000e+00   0.000000e+00      0s

Solved in 1 iterations and 0.46 seconds (0.41 work units)
Optimal objective  3.201424155e+06
Set parameter TimeLimit to value 2.8271199524123222e+02
Set parameter Method to value 1
Gurobi Optimizer version 12.0.3 build v12.0.3rc0 (linux64 - "Ubuntu 24.04.4 LTS")

CPU model: Intel(R) Xeon(R) Silver 4316 CPU @ 2.30GHz, instruction set [SSE2|AVX|AVX2|AVX512]
Thread count: 40 physical cores, 40 logical processors, using up to 1 threads

Non-default parameters:
TimeLimit  2.8271199524123222e+02
Method  1
BarHomogeneous  1
Threads  1

Optimize a model with 785 rows, 252223 columns and 7010258 nonzeros
Coefficient statistics:
  Matrix range     [1e+00, 1e+00]
  Objective range  [1e+05, 5e+05]
  Bounds range     [0e+00, 0e+00]
  RHS range        [1e+00, 1e+00]
LP warm-start: use basis

Iteration    Objective       Primal Inf.    Dual Inf.      Time
       0   -4.1908046e+30   4.571783e+33   4.190804e+00      0s
     440   -1.1166955e+28   4.751374e+32   1.116698e-02      6s
     905    3.2014241e+06   5.661699e+01   0.000000e+00     11s
    1260    3.2014241e+06   9.341570e+00   0.000000e+00     16s
    1615    3.2014242e+06   1.414915e+01   0.000000e+00     20s
    1960    3.2014242e+06   0.000000e+00   0.000000e+00     25s

Solved in 1960 iterations and 24.86 seconds (44.74 work units)
Optimal objective  3.201424152e+06
Set parameter TimeLimit to value 2.3851278375601396e+02
Set parameter Method to value 1
Gurobi Optimizer version 12.0.3 build v12.0.3rc0 (linux64 - "Ubuntu 24.04.4 LTS")

CPU model: Intel(R) Xeon(R) Silver 4316 CPU @ 2.30GHz, instruction set [SSE2|AVX|AVX2|AVX512]
Thread count: 40 physical cores, 40 logical processors, using up to 1 threads

Non-default parameters:
TimeLimit  2.3851278375601396e+02
Method  1
BarHomogeneous  1
Threads  1

Optimize a model with 785 rows, 252253 columns and 7011264 nonzeros
Coefficient statistics:
  Matrix range     [1e+00, 1e+00]
  Objective range  [1e+05, 5e+05]
  Bounds range     [0e+00, 0e+00]
  RHS range        [1e+00, 1e+00]
LP warm-start: use basis

Iteration    Objective       Primal Inf.    Dual Inf.      Time
       0   -3.8300954e+30   1.102398e+34   3.830096e+00      0s
     125    3.2014242e+06   0.000000e+00   0.000000e+00      2s

Solved in 125 iterations and 1.99 seconds (3.20 work units)
Optimal objective  3.201424152e+06
Set parameter TimeLimit to value 2.1823319952515885e+02
Set parameter Method to value 1
Gurobi Optimizer version 12.0.3 build v12.0.3rc0 (linux64 - "Ubuntu 24.04.4 LTS")

CPU model: Intel(R) Xeon(R) Silver 4316 CPU @ 2.30GHz, instruction set [SSE2|AVX|AVX2|AVX512]
Thread count: 40 physical cores, 40 logical processors, using up to 1 threads

Non-default parameters:
TimeLimit  2.1823319952515885e+02
Method  1
BarHomogeneous  1
Threads  1

Optimize a model with 785 rows, 252283 columns and 7012014 nonzeros
Coefficient statistics:
  Matrix range     [1e+00, 1e+00]
  Objective range  [1e+05, 5e+05]
  Bounds range     [0e+00, 0e+00]
  RHS range        [1e+00, 1e+00]
LP warm-start: use basis

Iteration    Objective       Primal Inf.    Dual Inf.      Time
       0   -3.3271892e+30   2.502990e+33   3.327189e+00      0s
     408    3.2014241e+06   3.562767e+02   0.000000e+00      5s
     882    3.2014241e+06   3.385192e+02   0.000000e+00     11s
    1241    3.2014241e+06   5.274003e+00   0.000000e+00     16s
    1343    3.2014241e+06   0.000000e+00   0.000000e+00     17s

Solved in 1343 iterations and 17.19 seconds (30.88 work units)
Optimal objective  3.201424147e+06
Set parameter TimeLimit to value 1.8172340831439942e+02
Set parameter Method to value 1
Gurobi Optimizer version 12.0.3 build v12.0.3rc0 (linux64 - "Ubuntu 24.04.4 LTS")

CPU model: Intel(R) Xeon(R) Silver 4316 CPU @ 2.30GHz, instruction set [SSE2|AVX|AVX2|AVX512]
Thread count: 40 physical cores, 40 logical processors, using up to 1 threads

Non-default parameters:
TimeLimit  1.8172340831439942e+02
Method  1
BarHomogeneous  1
Threads  1

Optimize a model with 785 rows, 252313 columns and 7012692 nonzeros
Coefficient statistics:
  Matrix range     [1e+00, 1e+00]
  Objective range  [1e+05, 5e+05]
  Bounds range     [0e+00, 0e+00]
  RHS range        [1e+00, 1e+00]
LP warm-start: use basis

Iteration    Objective       Primal Inf.    Dual Inf.      Time
       0   -3.5253525e+30   6.333607e+33   3.525352e+00      0s
     443   -1.5071281e+28   4.732280e+32   1.507010e-02      5s
     917    3.2014241e+06   1.306571e+02   0.000000e+00     11s
    1273    3.2014241e+06   1.911792e+01   0.000000e+00     16s
    1625    3.2014241e+06   6.659752e+01   0.000000e+00     20s
    2103    3.2014241e+06   1.867691e+00   0.000000e+00     26s
    2347    3.2014241e+06   0.000000e+00   0.000000e+00     29s

Solved in 2347 iterations and 29.40 seconds (53.28 work units)
Optimal objective  3.201424139e+06
Set parameter TimeLimit to value 1.3375420174328610e+02
Set parameter Method to value 1
Gurobi Optimizer version 12.0.3 build v12.0.3rc0 (linux64 - "Ubuntu 24.04.4 LTS")

CPU model: Intel(R) Xeon(R) Silver 4316 CPU @ 2.30GHz, instruction set [SSE2|AVX|AVX2|AVX512]
Thread count: 40 physical cores, 40 logical processors, using up to 1 threads

Non-default parameters:
TimeLimit  1.3375420174328610e+02
Method  1
BarHomogeneous  1
Threads  1

Optimize a model with 785 rows, 252343 columns and 7013670 nonzeros
Coefficient statistics:
  Matrix range     [1e+00, 1e+00]
  Objective range  [1e+05, 5e+05]
  Bounds range     [0e+00, 0e+00]
  RHS range        [1e+00, 1e+00]
LP warm-start: use basis

Iteration    Objective       Primal Inf.    Dual Inf.      Time
       0   -4.2152951e+30   1.197629e+34   4.215295e+00      0s
     393    3.2014241e+06   9.449680e+01   0.000000e+00      5s
     869    3.2014241e+06   9.746742e-01   0.000000e+00     11s
    1122    3.2014241e+06   0.000000e+00   0.000000e+00     14s

Solved in 1122 iterations and 14.02 seconds (25.70 work units)
Optimal objective  3.201424136e+06
Set parameter TimeLimit to value 99.3852675803937
Set parameter Method to value 1
Gurobi Optimizer version 12.0.3 build v12.0.3rc0 (linux64 - "Ubuntu 24.04.4 LTS")

CPU model: Intel(R) Xeon(R) Silver 4316 CPU @ 2.30GHz, instruction set [SSE2|AVX|AVX2|AVX512]
Thread count: 40 physical cores, 40 logical processors, using up to 1 threads

Non-default parameters:
TimeLimit  99.3852675803937
Method  1
BarHomogeneous  1
Threads  1

Optimize a model with 785 rows, 252373 columns and 7014650 nonzeros
Coefficient statistics:
  Matrix range     [1e+00, 1e+00]
  Objective range  [1e+05, 5e+05]
  Bounds range     [0e+00, 0e+00]
  RHS range        [1e+00, 1e+00]
LP warm-start: use basis

Iteration    Objective       Primal Inf.    Dual Inf.      Time
       0   -3.9022946e+30   8.625730e+33   3.902294e+00      0s
     442   -1.2670753e+29   9.804919e+32   1.267075e-01      5s
     852    3.2014241e+06   3.155583e+02   0.000000e+00     10s
    1326    3.2014241e+06   2.503996e+02   0.000000e+00     16s
    1680    3.2014241e+06   3.602713e+01   0.000000e+00     20s
    2154    3.2014241e+06   2.132151e+01   0.000000e+00     26s
    2506    3.2014241e+06   3.927350e+00   0.000000e+00     30s
    2845    3.2014241e+06   0.000000e+00   0.000000e+00     35s

Solved in 2845 iterations and 34.72 seconds (64.40 work units)
Optimal objective  3.201424123e+06
Set parameter TimeLimit to value 4.5313903441652656e+01
Set parameter Method to value 1
Gurobi Optimizer version 12.0.3 build v12.0.3rc0 (linux64 - "Ubuntu 24.04.4 LTS")

CPU model: Intel(R) Xeon(R) Silver 4316 CPU @ 2.30GHz, instruction set [SSE2|AVX|AVX2|AVX512]
Thread count: 40 physical cores, 40 logical processors, using up to 1 threads

Non-default parameters:
TimeLimit  4.5313903441652656e+01
Method  1
BarHomogeneous  1
Threads  1

Optimize a model with 785 rows, 252403 columns and 7015275 nonzeros
Coefficient statistics:
  Matrix range     [1e+00, 1e+00]
  Objective range  [1e+05, 5e+05]
  Bounds range     [0e+00, 0e+00]
  RHS range        [1e+00, 1e+00]
LP warm-start: use basis

Iteration    Objective       Primal Inf.    Dual Inf.      Time
       0   -7.5318491e+30   3.270146e+34   7.531850e+00      0s
     112    3.2014241e+06   0.000000e+00   0.000000e+00      2s

Solved in 112 iterations and 1.82 seconds (2.93 work units)
Optimal objective  3.201424123e+06
Set parameter TimeLimit to value 4.8183375437743962e+01
Set parameter Method to value 1
Gurobi Optimizer version 12.0.3 build v12.0.3rc0 (linux64 - "Ubuntu 24.04.4 LTS")

CPU model: Intel(R) Xeon(R) Silver 4316 CPU @ 2.30GHz, instruction set [SSE2|AVX|AVX2|AVX512]
Thread count: 40 physical cores, 40 logical processors, using up to 1 threads

Non-default parameters:
TimeLimit  4.8183375437743962e+01
Method  1
BarHomogeneous  1
Threads  1

Optimize a model with 785 rows, 252433 columns and 7016193 nonzeros
Coefficient statistics:
  Matrix range     [1e+00, 1e+00]
  Objective range  [1e+05, 5e+05]
  Bounds range     [0e+00, 0e+00]
  RHS range        [1e+00, 1e+00]
LP warm-start: use basis

Iteration    Objective       Primal Inf.    Dual Inf.      Time
       0   -6.9005555e+30   1.836960e+34   6.900555e+00      0s
     124    3.2014241e+06   0.000000e+00   0.000000e+00      2s

Solved in 124 iterations and 1.94 seconds (3.22 work units)
Optimal objective  3.201424123e+06
