demand_classification,timeline_scope,tariff,terminal_policy,arm,hour,fixed_matched_duties,charged_kwh,average_load_kW,global_concurrency_max,peak_kW,max_same_station_concurrency,station_concurrency_max_json
unconstrained_charger_demand_not_capacity_feasible,shared_service_day_fixed_common_duty_set,flat,>= reserve,uncapped_arrival,0,30,0.0,0.0,0,0.0,0,"{""2190L_0"":0,""3127L_0"":0,""4808_0"":0,""7880C_0"":0,""JON_A_0"":0,""PARX_1"":0}"
unconstrained_charger_demand_not_capacity_feasible,shared_service_day_fixed_common_duty_set,flat,>= reserve,uncapped_arrival,1,30,0.0,0.0,0,0.0,0,"{""2190L_0"":0,""3127L_0"":0,""4808_0"":0,""7880C_0"":0,""JON_A_0"":0,""PARX_1"":0}"
unconstrained_charger_demand_not_capacity_feasible,shared_service_day_fixed_common_duty_set,flat,>= reserve,uncapped_arrival,2,30,0.0,0.0,0,0.0,0,"{""2190L_0"":0,""3127L_0"":0,""4808_0"":0,""7880C_0"":0,""JON_A_0"":0,""PARX_1"":0}"
unconstrained_charger_demand_not_capacity_feasible,shared_service_day_fixed_common_duty_set,flat,>= reserve,uncapped_arrival,3,30,0.0,0.0,0,0.0,0,"{""2190L_0"":0,""3127L_0"":0,""4808_0"":0,""7880C_0"":0,""JON_A_0"":0,""PARX_1"":0}"
unconstrained_charger_demand_not_capacity_feasible,shared_service_day_fixed_common_duty_set,flat,>= reserve,uncapped_arrival,4,30,0.0,0.0,0,0.0,0,"{""2190L_0"":0,""3127L_0"":0,""4808_0"":0,""7880C_0"":0,""JON_A_0"":0,""PARX_1"":0}"
unconstrained_charger_demand_not_capacity_feasible,shared_service_day_fixed_common_duty_set,flat,>= reserve,uncapped_arrival,5,30,134.3,134.3,2,480.0,1,"{""2190L_0"":1,""3127L_0"":1,""4808_0"":1,""7880C_0"":0,""JON_A_0"":0,""PARX_1"":0}"
unconstrained_charger_demand_not_capacity_feasible,shared_service_day_fixed_common_duty_set,flat,>= reserve,uncapped_arrival,6,30,240.2299995,240.2299995,3,720.0,1,"{""2190L_0"":1,""3127L_0"":1,""4808_0"":1,""7880C_0"":1,""JON_A_0"":0,""PARX_1"":0}"
unconstrained_charger_demand_not_capacity_feasible,shared_service_day_fixed_common_duty_set,flat,>= reserve,uncapped_arrival,7,30,342.099995,342.099995,2,480.0,2,"{""2190L_0"":2,""3127L_0"":1,""4808_0"":0,""7880C_0"":1,""JON_A_0"":1,""PARX_1"":0}"
unconstrained_charger_demand_not_capacity_feasible,shared_service_day_fixed_common_duty_set,flat,>= reserve,uncapped_arrival,8,30,509.15499467999996,509.15499467999996,4,960.0,2,"{""2190L_0"":1,""3127L_0"":2,""4808_0"":1,""7880C_0"":1,""JON_A_0"":1,""PARX_1"":1}"
unconstrained_charger_demand_not_capacity_feasible,shared_service_day_fixed_common_duty_set,flat,>= reserve,uncapped_arrival,9,30,593.7669919599999,593.7669919599999,4,960.0,2,"{""2190L_0"":1,""3127L_0"":2,""4808_0"":1,""7880C_0"":1,""JON_A_0"":1,""PARX_1"":0}"
unconstrained_charger_demand_not_capacity_feasible,shared_service_day_fixed_common_duty_set,flat,>= reserve,uncapped_arrival,10,30,472.02099478,472.02099478,6,1440.0,2,"{""2190L_0"":2,""3127L_0"":1,""4808_0"":1,""7880C_0"":1,""JON_A_0"":1,""PARX_1"":0}"
unconstrained_charger_demand_not_capacity_feasible,shared_service_day_fixed_common_duty_set,flat,>= reserve,uncapped_arrival,11,30,547.3659976299999,547.3659976299999,6,1440.0,2,"{""2190L_0"":2,""3127L_0"":2,""4808_0"":1,""7880C_0"":1,""JON_A_0"":1,""PARX_1"":0}"
unconstrained_charger_demand_not_capacity_feasible,shared_service_day_fixed_common_duty_set,flat,>= reserve,uncapped_arrival,12,30,534.4129959599999,534.4129959599999,5,1200.0,2,"{""2190L_0"":1,""3127L_0"":2,""4808_0"":1,""7880C_0"":2,""JON_A_0"":1,""PARX_1"":0}"
unconstrained_charger_demand_not_capacity_feasible,shared_service_day_fixed_common_duty_set,flat,>= reserve,uncapped_arrival,13,30,957.3409872899999,957.3409872899999,6,1440.0,2,"{""2190L_0"":2,""3127L_0"":1,""4808_0"":1,""7880C_0"":2,""JON_A_0"":2,""PARX_1"":1}"
unconstrained_charger_demand_not_capacity_feasible,shared_service_day_fixed_common_duty_set,flat,>= reserve,uncapped_arrival,14,30,616.57099726,616.57099726,5,1200.0,2,"{""2190L_0"":2,""3127L_0"":2,""4808_0"":1,""7880C_0"":1,""JON_A_0"":1,""PARX_1"":0}"
unconstrained_charger_demand_not_capacity_feasible,shared_service_day_fixed_common_duty_set,flat,>= reserve,uncapped_arrival,15,30,593.00599082,593.00599082,6,1440.0,2,"{""2190L_0"":2,""3127L_0"":2,""4808_0"":1,""7880C_0"":1,""JON_A_0"":2,""PARX_1"":0}"
unconstrained_charger_demand_not_capacity_feasible,shared_service_day_fixed_common_duty_set,flat,>= reserve,uncapped_arrival,16,30,478.8199909,478.8199909,4,960.0,2,"{""2190L_0"":2,""3127L_0"":2,""4808_0"":1,""7880C_0"":0,""JON_A_0"":2,""PARX_1"":0}"
unconstrained_charger_demand_not_capacity_feasible,shared_service_day_fixed_common_duty_set,flat,>= reserve,uncapped_arrival,17,30,453.179997,453.179997,4,960.0,2,"{""2190L_0"":2,""3127L_0"":2,""4808_0"":1,""7880C_0"":0,""JON_A_0"":1,""PARX_1"":0}"
unconstrained_charger_demand_not_capacity_feasible,shared_service_day_fixed_common_duty_set,flat,>= reserve,uncapped_arrival,18,30,406.96099409999994,406.96099409999994,5,1200.0,2,"{""2190L_0"":1,""3127L_0"":2,""4808_0"":1,""7880C_0"":0,""JON_A_0"":1,""PARX_1"":0}"
unconstrained_charger_demand_not_capacity_feasible,shared_service_day_fixed_common_duty_set,flat,>= reserve,uncapped_arrival,19,30,550.0699954999999,550.0699954999999,4,960.0,2,"{""2190L_0"":2,""3127L_0"":1,""4808_0"":1,""7880C_0"":0,""JON_A_0"":1,""PARX_1"":0}"
unconstrained_charger_demand_not_capacity_feasible,shared_service_day_fixed_common_duty_set,flat,>= reserve,uncapped_arrival,20,30,393.63999599999994,393.63999599999994,3,720.0,1,"{""2190L_0"":1,""3127L_0"":1,""4808_0"":1,""7880C_0"":0,""JON_A_0"":1,""PARX_1"":0}"
unconstrained_charger_demand_not_capacity_feasible,shared_service_day_fixed_common_duty_set,flat,>= reserve,uncapped_arrival,21,30,345.10098556,345.10098556,4,960.0,2,"{""2190L_0"":2,""3127L_0"":2,""4808_0"":1,""7880C_0"":0,""JON_A_0"":1,""PARX_1"":0}"
unconstrained_charger_demand_not_capacity_feasible,shared_service_day_fixed_common_duty_set,flat,>= reserve,uncapped_arrival,22,30,164.1099964999999,164.1099964999999,2,480.0,1,"{""2190L_0"":0,""3127L_0"":1,""4808_0"":1,""7880C_0"":0,""JON_A_0"":1,""PARX_1"":0}"
unconstrained_charger_demand_not_capacity_feasible,shared_service_day_fixed_common_duty_set,flat,>= reserve,uncapped_arrival,23,30,88.0,88.0,1,240.0,1,"{""2190L_0"":1,""3127L_0"":1,""4808_0"":1,""7880C_0"":0,""JON_A_0"":1,""PARX_1"":0}"
unconstrained_charger_demand_not_capacity_feasible,shared_service_day_fixed_common_duty_set,flat,>= reserve,uncapped_arrival,24,30,24.0,24.0,1,240.0,1,"{""2190L_0"":1,""3127L_0"":0,""4808_0"":0,""7880C_0"":0,""JON_A_0"":0,""PARX_1"":0}"
unconstrained_charger_demand_not_capacity_feasible,shared_service_day_fixed_common_duty_set,flat,>= reserve,uncapped_arrival,25,30,7.79999999999999,7.79999999999999,1,240.0,1,"{""2190L_0"":0,""3127L_0"":0,""4808_0"":1,""7880C_0"":0,""JON_A_0"":0,""PARX_1"":0}"
unconstrained_charger_demand_not_capacity_feasible,shared_service_day_fixed_common_duty_set,flat,>= reserve,uncapped_arrival,26,30,0.0,0.0,0,0.0,0,"{""2190L_0"":0,""3127L_0"":0,""4808_0"":0,""7880C_0"":0,""JON_A_0"":0,""PARX_1"":0}"
unconstrained_charger_demand_not_capacity_feasible,shared_service_day_fixed_common_duty_set,flat,>= reserve,uncapped_optimized,0,30,0.0,0.0,0,0.0,0,"{""2190L_0"":0,""3127L_0"":0,""4808_0"":0,""7880C_0"":0,""JON_A_0"":0}"
unconstrained_charger_demand_not_capacity_feasible,shared_service_day_fixed_common_duty_set,flat,>= reserve,uncapped_optimized,1,30,0.0,0.0,0,0.0,0,"{""2190L_0"":0,""3127L_0"":0,""4808_0"":0,""7880C_0"":0,""JON_A_0"":0}"
unconstrained_charger_demand_not_capacity_feasible,shared_service_day_fixed_common_duty_set,flat,>= reserve,uncapped_optimized,2,30,0.0,0.0,0,0.0,0,"{""2190L_0"":0,""3127L_0"":0,""4808_0"":0,""7880C_0"":0,""JON_A_0"":0}"
unconstrained_charger_demand_not_capacity_feasible,shared_service_day_fixed_common_duty_set,flat,>= reserve,uncapped_optimized,3,30,0.0,0.0,0,0.0,0,"{""2190L_0"":0,""3127L_0"":0,""4808_0"":0,""7880C_0"":0,""JON_A_0"":0}"
unconstrained_charger_demand_not_capacity_feasible,shared_service_day_fixed_common_duty_set,flat,>= reserve,uncapped_optimized,4,30,0.0,0.0,0,0.0,0,"{""2190L_0"":0,""3127L_0"":0,""4808_0"":0,""7880C_0"":0,""JON_A_0"":0}"
unconstrained_charger_demand_not_capacity_feasible,shared_service_day_fixed_common_duty_set,flat,>= reserve,uncapped_optimized,5,30,174.3,174.3,3,720.0,1,"{""2190L_0"":1,""3127L_0"":1,""4808_0"":1,""7880C_0"":0,""JON_A_0"":1}"
unconstrained_charger_demand_not_capacity_feasible,shared_service_day_fixed_common_duty_set,flat,>= reserve,uncapped_optimized,6,30,340.11099292000006,340.11099292000006,3,720.0,1,"{""2190L_0"":1,""3127L_0"":1,""4808_0"":1,""7880C_0"":1,""JON_A_0"":1}"
unconstrained_charger_demand_not_capacity_feasible,shared_service_day_fixed_common_duty_set,flat,>= reserve,uncapped_optimized,7,30,431.2879926400001,431.2879926400001,3,720.0,1,"{""2190L_0"":1,""3127L_0"":1,""4808_0"":1,""7880C_0"":1,""JON_A_0"":1}"
unconstrained_charger_demand_not_capacity_feasible,shared_service_day_fixed_common_duty_set,flat,>= reserve,uncapped_optimized,8,30,446.71299762,446.71299762,4,960.0,2,"{""2190L_0"":1,""3127L_0"":2,""4808_0"":1,""7880C_0"":1,""JON_A_0"":1}"
unconstrained_charger_demand_not_capacity_feasible,shared_service_day_fixed_common_duty_set,flat,>= reserve,uncapped_optimized,9,30,397.87999046,397.87999046,4,960.0,2,"{""2190L_0"":1,""3127L_0"":2,""4808_0"":1,""7880C_0"":1,""JON_A_0"":1}"
unconstrained_charger_demand_not_capacity_feasible,shared_service_day_fixed_common_duty_set,flat,>= reserve,uncapped_optimized,10,30,478.24999332999994,478.24999332999994,5,1200.0,2,"{""2190L_0"":2,""3127L_0"":2,""4808_0"":1,""7880C_0"":1,""JON_A_0"":1}"
unconstrained_charger_demand_not_capacity_feasible,shared_service_day_fixed_common_duty_set,flat,>= reserve,uncapped_optimized,11,30,648.6919963,648.6919963,6,1440.0,2,"{""2190L_0"":2,""3127L_0"":2,""4808_0"":1,""7880C_0"":1,""JON_A_0"":2}"
unconstrained_charger_demand_not_capacity_feasible,shared_service_day_fixed_common_duty_set,flat,>= reserve,uncapped_optimized,12,30,474.0709922,474.0709922,4,960.0,2,"{""2190L_0"":2,""3127L_0"":1,""4808_0"":1,""7880C_0"":1,""JON_A_0"":1}"
unconstrained_charger_demand_not_capacity_feasible,shared_service_day_fixed_common_duty_set,flat,>= reserve,uncapped_optimized,13,30,767.28599488,767.28599488,5,1200.0,2,"{""2190L_0"":1,""3127L_0"":2,""4808_0"":1,""7880C_0"":2,""JON_A_0"":2}"
unconstrained_charger_demand_not_capacity_feasible,shared_service_day_fixed_common_duty_set,flat,>= reserve,uncapped_optimized,14,30,821.5199929999999,821.5199929999999,5,1200.0,2,"{""2190L_0"":2,""3127L_0"":2,""4808_0"":1,""7880C_0"":1,""JON_A_0"":2}"
unconstrained_charger_demand_not_capacity_feasible,shared_service_day_fixed_common_duty_set,flat,>= reserve,uncapped_optimized,15,30,592.0,592.0,6,1440.0,2,"{""2190L_0"":2,""3127L_0"":2,""4808_0"":1,""7880C_0"":1,""JON_A_0"":2}"
unconstrained_charger_demand_not_capacity_feasible,shared_service_day_fixed_common_duty_set,flat,>= reserve,uncapped_optimized,16,30,657.14799553,657.14799553,6,1440.0,2,"{""2190L_0"":2,""3127L_0"":2,""4808_0"":1,""7880C_0"":1,""JON_A_0"":2}"
unconstrained_charger_demand_not_capacity_feasible,shared_service_day_fixed_common_duty_set,flat,>= reserve,uncapped_optimized,17,30,616.0,616.0,5,1200.0,2,"{""2190L_0"":2,""3127L_0"":2,""4808_0"":1,""7880C_0"":0,""JON_A_0"":1}"
unconstrained_charger_demand_not_capacity_feasible,shared_service_day_fixed_common_duty_set,flat,>= reserve,uncapped_optimized,18,30,390.1109966,390.1109966,4,960.0,2,"{""2190L_0"":2,""3127L_0"":1,""4808_0"":1,""7880C_0"":0,""JON_A_0"":1}"
unconstrained_charger_demand_not_capacity_feasible,shared_service_day_fixed_common_duty_set,flat,>= reserve,uncapped_optimized,19,30,269.8099864999998,269.8099864999998,3,720.0,1,"{""2190L_0"":1,""3127L_0"":1,""4808_0"":1,""7880C_0"":0,""JON_A_0"":1}"
unconstrained_charger_demand_not_capacity_feasible,shared_service_day_fixed_common_duty_set,flat,>= reserve,uncapped_optimized,20,30,334.40998989999986,334.40998989999986,3,720.0,1,"{""2190L_0"":1,""3127L_0"":1,""4808_0"":1,""7880C_0"":0,""JON_A_0"":1}"
unconstrained_charger_demand_not_capacity_feasible,shared_service_day_fixed_common_duty_set,flat,>= reserve,uncapped_optimized,21,30,343.88099409999995,343.88099409999995,3,720.0,2,"{""2190L_0"":1,""3127L_0"":2,""4808_0"":1,""7880C_0"":0,""JON_A_0"":1}"
unconstrained_charger_demand_not_capacity_feasible,shared_service_day_fixed_common_duty_set,flat,>= reserve,uncapped_optimized,22,30,88.0,88.0,2,480.0,1,"{""2190L_0"":1,""3127L_0"":0,""4808_0"":1,""7880C_0"":0,""JON_A_0"":1}"
unconstrained_charger_demand_not_capacity_feasible,shared_service_day_fixed_common_duty_set,flat,>= reserve,uncapped_optimized,23,30,148.68099446,148.68099446,2,480.0,1,"{""2190L_0"":0,""3127L_0"":1,""4808_0"":1,""7880C_0"":0,""JON_A_0"":1}"
unconstrained_charger_demand_not_capacity_feasible,shared_service_day_fixed_common_duty_set,flat,>= reserve,uncapped_optimized,24,30,24.0,24.0,1,240.0,1,"{""2190L_0"":1,""3127L_0"":0,""4808_0"":0,""7880C_0"":0,""JON_A_0"":0}"
unconstrained_charger_demand_not_capacity_feasible,shared_service_day_fixed_common_duty_set,flat,>= reserve,uncapped_optimized,25,30,7.799999999999997,7.799999999999997,1,240.0,1,"{""2190L_0"":0,""3127L_0"":0,""4808_0"":1,""7880C_0"":0,""JON_A_0"":0}"
unconstrained_charger_demand_not_capacity_feasible,shared_service_day_fixed_common_duty_set,flat,>= reserve,uncapped_optimized,26,30,0.0,0.0,0,0.0,0,"{""2190L_0"":0,""3127L_0"":0,""4808_0"":0,""7880C_0"":0,""JON_A_0"":0}"
unconstrained_charger_demand_not_capacity_feasible,shared_service_day_fixed_common_duty_set,flat,>= reserve,capped_arrival,0,30,0.0,0.0,0,0.0,0,"{""2190L_0"":0,""3127L_0"":0,""4808_0"":0,""7880C_0"":0,""JON_A_0"":0,""PARX_1"":0}"
unconstrained_charger_demand_not_capacity_feasible,shared_service_day_fixed_common_duty_set,flat,>= reserve,capped_arrival,1,30,0.0,0.0,0,0.0,0,"{""2190L_0"":0,""3127L_0"":0,""4808_0"":0,""7880C_0"":0,""JON_A_0"":0,""PARX_1"":0}"
unconstrained_charger_demand_not_capacity_feasible,shared_service_day_fixed_common_duty_set,flat,>= reserve,capped_arrival,2,30,0.0,0.0,0,0.0,0,"{""2190L_0"":0,""3127L_0"":0,""4808_0"":0,""7880C_0"":0,""JON_A_0"":0,""PARX_1"":0}"
unconstrained_charger_demand_not_capacity_feasible,shared_service_day_fixed_common_duty_set,flat,>= reserve,capped_arrival,3,30,0.0,0.0,0,0.0,0,"{""2190L_0"":0,""3127L_0"":0,""4808_0"":0,""7880C_0"":0,""JON_A_0"":0,""PARX_1"":0}"
unconstrained_charger_demand_not_capacity_feasible,shared_service_day_fixed_common_duty_set,flat,>= reserve,capped_arrival,4,30,0.0,0.0,0,0.0,0,"{""2190L_0"":0,""3127L_0"":0,""4808_0"":0,""7880C_0"":0,""JON_A_0"":0,""PARX_1"":0}"
unconstrained_charger_demand_not_capacity_feasible,shared_service_day_fixed_common_duty_set,flat,>= reserve,capped_arrival,5,30,0.0,0.0,0,0.0,0,"{""2190L_0"":0,""3127L_0"":0,""4808_0"":0,""7880C_0"":0,""JON_A_0"":0,""PARX_1"":0}"
unconstrained_charger_demand_not_capacity_feasible,shared_service_day_fixed_common_duty_set,flat,>= reserve,capped_arrival,6,30,362.5529953199999,362.5529953199999,4,960.0,2,"{""2190L_0"":2,""3127L_0"":1,""4808_0"":1,""7880C_0"":0,""JON_A_0"":0,""PARX_1"":0}"
unconstrained_charger_demand_not_capacity_feasible,shared_service_day_fixed_common_duty_set,flat,>= reserve,capped_arrival,7,30,277.12299486,277.12299486,4,960.0,2,"{""2190L_0"":2,""3127L_0"":1,""4808_0"":1,""7880C_0"":1,""JON_A_0"":1,""PARX_1"":0}"
unconstrained_charger_demand_not_capacity_feasible,shared_service_day_fixed_common_duty_set,flat,>= reserve,capped_arrival,8,30,469.28099392000007,469.28099392000007,3,720.0,2,"{""2190L_0"":1,""3127L_0"":2,""4808_0"":1,""7880C_0"":1,""JON_A_0"":1,""PARX_1"":0}"
unconstrained_charger_demand_not_capacity_feasible,shared_service_day_fixed_common_duty_set,flat,>= reserve,capped_arrival,9,30,632.07399356,632.07399356,4,960.0,2,"{""2190L_0"":2,""3127L_0"":2,""4808_0"":1,""7880C_0"":1,""JON_A_0"":1,""PARX_1"":0}"
unconstrained_charger_demand_not_capacity_feasible,shared_service_day_fixed_common_duty_set,flat,>= reserve,capped_arrival,10,30,327.91699324,327.91699324,4,960.0,2,"{""2190L_0"":1,""3127L_0"":1,""4808_0"":1,""7880C_0"":1,""JON_A_0"":2,""PARX_1"":0}"
unconstrained_charger_demand_not_capacity_feasible,shared_service_day_fixed_common_duty_set,flat,>= reserve,capped_arrival,11,30,319.7659926299999,319.7659926299999,3,720.0,2,"{""2190L_0"":1,""3127L_0"":2,""4808_0"":1,""7880C_0"":0,""JON_A_0"":0,""PARX_1"":0}"
unconstrained_charger_demand_not_capacity_feasible,shared_service_day_fixed_common_duty_set,flat,>= reserve,capped_arrival,12,30,683.30799546,683.30799546,6,1440.0,2,"{""2190L_0"":2,""3127L_0"":2,""4808_0"":1,""7880C_0"":2,""JON_A_0"":1,""PARX_1"":0}"
unconstrained_charger_demand_not_capacity_feasible,shared_service_day_fixed_common_duty_set,flat,>= reserve,capped_arrival,13,30,1003.9979880099999,1003.9979880099999,7,1680.0,2,"{""2190L_0"":2,""3127L_0"":1,""4808_0"":1,""7880C_0"":2,""JON_A_0"":1,""PARX_1"":1}"
unconstrained_charger_demand_not_capacity_feasible,shared_service_day_fixed_common_duty_set,flat,>= reserve,capped_arrival,14,30,683.02998796,683.02998796,5,1200.0,2,"{""2190L_0"":2,""3127L_0"":1,""4808_0"":1,""7880C_0"":1,""JON_A_0"":2,""PARX_1"":0}"
unconstrained_charger_demand_not_capacity_feasible,shared_service_day_fixed_common_duty_set,flat,>= reserve,capped_arrival,15,30,673.9899985,673.9899985,6,1440.0,2,"{""2190L_0"":2,""3127L_0"":1,""4808_0"":1,""7880C_0"":1,""JON_A_0"":2,""PARX_1"":0}"
unconstrained_charger_demand_not_capacity_feasible,shared_service_day_fixed_common_duty_set,flat,>= reserve,capped_arrival,16,30,637.7569960000001,637.7569960000001,5,1200.0,2,"{""2190L_0"":2,""3127L_0"":2,""4808_0"":1,""7880C_0"":0,""JON_A_0"":2,""PARX_1"":0}"
unconstrained_charger_demand_not_capacity_feasible,shared_service_day_fixed_common_duty_set,flat,>= reserve,capped_arrival,17,30,339.69799771999993,339.69799771999993,4,960.0,2,"{""2190L_0"":2,""3127L_0"":2,""4808_0"":1,""7880C_0"":0,""JON_A_0"":2,""PARX_1"":0}"
unconstrained_charger_demand_not_capacity_feasible,shared_service_day_fixed_common_duty_set,flat,>= reserve,capped_arrival,18,30,360.6729918,360.6729918,4,960.0,2,"{""2190L_0"":2,""3127L_0"":2,""4808_0"":1,""7880C_0"":0,""JON_A_0"":1,""PARX_1"":0}"
unconstrained_charger_demand_not_capacity_feasible,shared_service_day_fixed_common_duty_set,flat,>= reserve,capped_arrival,19,30,448.639996,448.639996,3,720.0,1,"{""2190L_0"":1,""3127L_0"":1,""4808_0"":1,""7880C_0"":0,""JON_A_0"":0,""PARX_1"":0}"
unconstrained_charger_demand_not_capacity_feasible,shared_service_day_fixed_common_duty_set,flat,>= reserve,capped_arrival,20,30,385.52999950000003,385.52999950000003,3,720.0,1,"{""2190L_0"":1,""3127L_0"":1,""4808_0"":1,""7880C_0"":0,""JON_A_0"":1,""PARX_1"":0}"
unconstrained_charger_demand_not_capacity_feasible,shared_service_day_fixed_common_duty_set,flat,>= reserve,capped_arrival,21,30,476.83599496,476.83599496,4,960.0,2,"{""2190L_0"":2,""3127L_0"":2,""4808_0"":1,""7880C_0"":0,""JON_A_0"":0,""PARX_1"":0}"
unconstrained_charger_demand_not_capacity_feasible,shared_service_day_fixed_common_duty_set,flat,>= reserve,capped_arrival,22,30,123.66899869999997,123.66899869999997,2,480.0,1,"{""2190L_0"":1,""3127L_0"":1,""4808_0"":1,""7880C_0"":0,""JON_A_0"":1,""PARX_1"":0}"
unconstrained_charger_demand_not_capacity_feasible,shared_service_day_fixed_common_duty_set,flat,>= reserve,capped_arrival,23,30,131.79999339999992,131.79999339999992,2,480.0,1,"{""2190L_0"":1,""3127L_0"":1,""4808_0"":1,""7880C_0"":0,""JON_A_0"":0,""PARX_1"":0}"
unconstrained_charger_demand_not_capacity_feasible,shared_service_day_fixed_common_duty_set,flat,>= reserve,capped_arrival,24,30,114.30899889999999,114.30899889999999,2,480.0,1,"{""2190L_0"":1,""3127L_0"":1,""4808_0"":0,""7880C_0"":0,""JON_A_0"":0,""PARX_1"":0}"
unconstrained_charger_demand_not_capacity_feasible,shared_service_day_fixed_common_duty_set,flat,>= reserve,capped_arrival,25,30,0.0,0.0,0,0.0,0,"{""2190L_0"":0,""3127L_0"":0,""4808_0"":0,""7880C_0"":0,""JON_A_0"":0,""PARX_1"":0}"
unconstrained_charger_demand_not_capacity_feasible,shared_service_day_fixed_common_duty_set,flat,>= reserve,capped_arrival,26,30,0.0,0.0,0,0.0,0,"{""2190L_0"":0,""3127L_0"":0,""4808_0"":0,""7880C_0"":0,""JON_A_0"":0,""PARX_1"":0}"
unconstrained_charger_demand_not_capacity_feasible,shared_service_day_fixed_common_duty_set,flat,>= reserve,capped_optimized,0,30,0.0,0.0,0,0.0,0,"{""2190L_0"":0,""3127L_0"":0,""4808_0"":0,""7880C_0"":0,""JON_A_0"":0,""PARX_1"":0}"
unconstrained_charger_demand_not_capacity_feasible,shared_service_day_fixed_common_duty_set,flat,>= reserve,capped_optimized,1,30,0.0,0.0,0,0.0,0,"{""2190L_0"":0,""3127L_0"":0,""4808_0"":0,""7880C_0"":0,""JON_A_0"":0,""PARX_1"":0}"
unconstrained_charger_demand_not_capacity_feasible,shared_service_day_fixed_common_duty_set,flat,>= reserve,capped_optimized,2,30,0.0,0.0,0,0.0,0,"{""2190L_0"":0,""3127L_0"":0,""4808_0"":0,""7880C_0"":0,""JON_A_0"":0,""PARX_1"":0}"
unconstrained_charger_demand_not_capacity_feasible,shared_service_day_fixed_common_duty_set,flat,>= reserve,capped_optimized,3,30,0.0,0.0,0,0.0,0,"{""2190L_0"":0,""3127L_0"":0,""4808_0"":0,""7880C_0"":0,""JON_A_0"":0,""PARX_1"":0}"
unconstrained_charger_demand_not_capacity_feasible,shared_service_day_fixed_common_duty_set,flat,>= reserve,capped_optimized,4,30,0.0,0.0,0,0.0,0,"{""2190L_0"":0,""3127L_0"":0,""4808_0"":0,""7880C_0"":0,""JON_A_0"":0,""PARX_1"":0}"
unconstrained_charger_demand_not_capacity_feasible,shared_service_day_fixed_common_duty_set,flat,>= reserve,capped_optimized,5,30,70.30000000000001,70.30000000000001,1,240.0,1,"{""2190L_0"":1,""3127L_0"":0,""4808_0"":0,""7880C_0"":0,""JON_A_0"":0,""PARX_1"":0}"
unconstrained_charger_demand_not_capacity_feasible,shared_service_day_fixed_common_duty_set,flat,>= reserve,capped_optimized,6,30,255.56299682,255.56299682,3,720.0,2,"{""2190L_0"":2,""3127L_0"":1,""4808_0"":1,""7880C_0"":0,""JON_A_0"":0,""PARX_1"":0}"
unconstrained_charger_demand_not_capacity_feasible,shared_service_day_fixed_common_duty_set,flat,>= reserve,capped_optimized,7,30,328.0,328.0,3,720.0,1,"{""2190L_0"":1,""3127L_0"":1,""4808_0"":0,""7880C_0"":1,""JON_A_0"":1,""PARX_1"":0}"
unconstrained_charger_demand_not_capacity_feasible,shared_service_day_fixed_common_duty_set,flat,>= reserve,capped_optimized,8,30,388.93299242,388.93299242,3,720.0,1,"{""2190L_0"":1,""3127L_0"":1,""4808_0"":1,""7880C_0"":1,""JON_A_0"":0,""PARX_1"":0}"
unconstrained_charger_demand_not_capacity_feasible,shared_service_day_fixed_common_duty_set,flat,>= reserve,capped_optimized,9,30,454.1099956599999,454.1099956599999,4,960.0,2,"{""2190L_0"":2,""3127L_0"":1,""4808_0"":1,""7880C_0"":1,""JON_A_0"":1,""PARX_1"":0}"
unconstrained_charger_demand_not_capacity_feasible,shared_service_day_fixed_common_duty_set,flat,>= reserve,capped_optimized,10,30,512.9599938600002,512.9599938600002,3,720.0,3,"{""2190L_0"":1,""3127L_0"":3,""4808_0"":1,""7880C_0"":0,""JON_A_0"":1,""PARX_1"":0}"
unconstrained_charger_demand_not_capacity_feasible,shared_service_day_fixed_common_duty_set,flat,>= reserve,capped_optimized,11,30,592.6559911299998,592.6559911299998,4,960.0,2,"{""2190L_0"":2,""3127L_0"":1,""4808_0"":1,""7880C_0"":0,""JON_A_0"":1,""PARX_1"":0}"
unconstrained_charger_demand_not_capacity_feasible,shared_service_day_fixed_common_duty_set,flat,>= reserve,capped_optimized,12,30,683.4619878599999,683.4619878599999,4,960.0,2,"{""2190L_0"":1,""3127L_0"":1,""4808_0"":1,""7880C_0"":1,""JON_A_0"":2,""PARX_1"":0}"
unconstrained_charger_demand_not_capacity_feasible,shared_service_day_fixed_common_duty_set,flat,>= reserve,capped_optimized,13,30,577.07098905,577.07098905,4,960.0,1,"{""2190L_0"":1,""3127L_0"":1,""4808_0"":1,""7880C_0"":1,""JON_A_0"":1,""PARX_1"":1}"
unconstrained_charger_demand_not_capacity_feasible,shared_service_day_fixed_common_duty_set,flat,>= reserve,capped_optimized,14,30,870.9529877999998,870.9529877999998,6,1440.0,2,"{""2190L_0"":2,""3127L_0"":1,""4808_0"":1,""7880C_0"":1,""JON_A_0"":2,""PARX_1"":0}"
unconstrained_charger_demand_not_capacity_feasible,shared_service_day_fixed_common_duty_set,flat,>= reserve,capped_optimized,15,30,713.4559903199997,713.4559903199997,7,1680.0,2,"{""2190L_0"":2,""3127L_0"":2,""4808_0"":1,""7880C_0"":2,""JON_A_0"":2,""PARX_1"":0}"
unconstrained_charger_demand_not_capacity_feasible,shared_service_day_fixed_common_duty_set,flat,>= reserve,capped_optimized,16,30,560.14499486,560.14499486,5,1200.0,2,"{""2190L_0"":2,""3127L_0"":2,""4808_0"":1,""7880C_0"":0,""JON_A_0"":2,""PARX_1"":0}"
unconstrained_charger_demand_not_capacity_feasible,shared_service_day_fixed_common_duty_set,flat,>= reserve,capped_optimized,17,30,580.0,580.0,5,1200.0,2,"{""2190L_0"":2,""3127L_0"":2,""4808_0"":1,""7880C_0"":0,""JON_A_0"":2,""PARX_1"":0}"
unconstrained_charger_demand_not_capacity_feasible,shared_service_day_fixed_common_duty_set,flat,>= reserve,capped_optimized,18,30,310.1109966,310.1109966,3,720.0,1,"{""2190L_0"":1,""3127L_0"":1,""4808_0"":1,""7880C_0"":0,""JON_A_0"":1,""PARX_1"":0}"
unconstrained_charger_demand_not_capacity_feasible,shared_service_day_fixed_common_duty_set,flat,>= reserve,capped_optimized,19,30,444.0,444.0,3,720.0,1,"{""2190L_0"":1,""3127L_0"":1,""4808_0"":1,""7880C_0"":1,""JON_A_0"":0,""PARX_1"":0}"
unconstrained_charger_demand_not_capacity_feasible,shared_service_day_fixed_common_duty_set,flat,>= reserve,capped_optimized,20,30,401.52999950000003,401.52999950000003,3,720.0,1,"{""2190L_0"":1,""3127L_0"":1,""4808_0"":1,""7880C_0"":0,""JON_A_0"":1,""PARX_1"":0}"
unconstrained_charger_demand_not_capacity_feasible,shared_service_day_fixed_common_duty_set,flat,>= reserve,capped_optimized,21,30,300.65099460000005,300.65099460000005,3,720.0,2,"{""2190L_0"":1,""3127L_0"":2,""4808_0"":1,""7880C_0"":0,""JON_A_0"":0,""PARX_1"":0}"
unconstrained_charger_demand_not_capacity_feasible,shared_service_day_fixed_common_duty_set,flat,>= reserve,capped_optimized,22,30,229.74199105999992,229.74199105999992,3,720.0,2,"{""2190L_0"":2,""3127L_0"":1,""4808_0"":1,""7880C_0"":0,""JON_A_0"":0,""PARX_1"":0}"
unconstrained_charger_demand_not_capacity_feasible,shared_service_day_fixed_common_duty_set,flat,>= reserve,capped_optimized,23,30,92.0,92.0,1,240.0,1,"{""2190L_0"":0,""3127L_0"":0,""4808_0"":1,""7880C_0"":0,""JON_A_0"":0,""PARX_1"":0}"
unconstrained_charger_demand_not_capacity_feasible,shared_service_day_fixed_common_duty_set,flat,>= reserve,capped_optimized,24,30,86.30899889999999,86.30899889999999,2,480.0,1,"{""2190L_0"":1,""3127L_0"":1,""4808_0"":0,""7880C_0"":0,""JON_A_0"":0,""PARX_1"":0}"
unconstrained_charger_demand_not_capacity_feasible,shared_service_day_fixed_common_duty_set,flat,>= reserve,capped_optimized,25,30,0.0,0.0,0,0.0,0,"{""2190L_0"":0,""3127L_0"":0,""4808_0"":0,""7880C_0"":0,""JON_A_0"":0,""PARX_1"":0}"
unconstrained_charger_demand_not_capacity_feasible,shared_service_day_fixed_common_duty_set,flat,>= reserve,capped_optimized,26,30,0.0,0.0,0,0.0,0,"{""2190L_0"":0,""3127L_0"":0,""4808_0"":0,""7880C_0"":0,""JON_A_0"":0,""PARX_1"":0}"
unconstrained_charger_demand_not_capacity_feasible,shared_service_day_fixed_common_duty_set,flat,>= initial,uncapped_arrival,0,30,0.0,0.0,0,0.0,0,"{""2190L_0"":0,""3127L_0"":0,""4808_0"":0,""7880C_0"":0,""JON_A_0"":0,""PARX_1"":0}"
unconstrained_charger_demand_not_capacity_feasible,shared_service_day_fixed_common_duty_set,flat,>= initial,uncapped_arrival,1,30,0.0,0.0,0,0.0,0,"{""2190L_0"":0,""3127L_0"":0,""4808_0"":0,""7880C_0"":0,""JON_A_0"":0,""PARX_1"":0}"
unconstrained_charger_demand_not_capacity_feasible,shared_service_day_fixed_common_duty_set,flat,>= initial,uncapped_arrival,2,30,0.0,0.0,0,0.0,0,"{""2190L_0"":0,""3127L_0"":0,""4808_0"":0,""7880C_0"":0,""JON_A_0"":0,""PARX_1"":0}"
unconstrained_charger_demand_not_capacity_feasible,shared_service_day_fixed_common_duty_set,flat,>= initial,uncapped_arrival,3,30,0.0,0.0,0,0.0,0,"{""2190L_0"":0,""3127L_0"":0,""4808_0"":0,""7880C_0"":0,""JON_A_0"":0,""PARX_1"":0}"
unconstrained_charger_demand_not_capacity_feasible,shared_service_day_fixed_common_duty_set,flat,>= initial,uncapped_arrival,4,30,0.0,0.0,0,0.0,0,"{""2190L_0"":0,""3127L_0"":0,""4808_0"":0,""7880C_0"":0,""JON_A_0"":0,""PARX_1"":0}"
unconstrained_charger_demand_not_capacity_feasible,shared_service_day_fixed_common_duty_set,flat,>= initial,uncapped_arrival,5,30,132.63499786,132.63499786,3,720.0,1,"{""2190L_0"":1,""3127L_0"":1,""4808_0"":1,""7880C_0"":0,""JON_A_0"":1,""PARX_1"":0}"
unconstrained_charger_demand_not_capacity_feasible,shared_service_day_fixed_common_duty_set,flat,>= initial,uncapped_arrival,6,30,248.8299944999999,248.8299944999999,3,720.0,1,"{""2190L_0"":1,""3127L_0"":1,""4808_0"":1,""7880C_0"":0,""JON_A_0"":0,""PARX_1"":0}"
unconstrained_charger_demand_not_capacity_feasible,shared_service_day_fixed_common_duty_set,flat,>= initial,uncapped_arrival,7,30,429.99699025999996,429.99699025999996,4,960.0,2,"{""2190L_0"":2,""3127L_0"":1,""4808_0"":1,""7880C_0"":1,""JON_A_0"":1,""PARX_1"":0}"
unconstrained_charger_demand_not_capacity_feasible,shared_service_day_fixed_common_duty_set,flat,>= initial,uncapped_arrival,8,30,638.1169952600001,638.1169952600001,6,1440.0,2,"{""2190L_0"":1,""3127L_0"":2,""4808_0"":1,""7880C_0"":1,""JON_A_0"":2,""PARX_1"":1}"
unconstrained_charger_demand_not_capacity_feasible,shared_service_day_fixed_common_duty_set,flat,>= initial,uncapped_arrival,9,30,697.4499932299999,697.4499932299999,6,1440.0,2,"{""2190L_0"":1,""3127L_0"":2,""4808_0"":1,""7880C_0"":2,""JON_A_0"":1,""PARX_1"":0}"
unconstrained_charger_demand_not_capacity_feasible,shared_service_day_fixed_common_duty_set,flat,>= initial,uncapped_arrival,10,30,477.74099278000006,477.74099278000006,5,1200.0,2,"{""2190L_0"":2,""3127L_0"":1,""4808_0"":1,""7880C_0"":1,""JON_A_0"":1,""PARX_1"":0}"
unconstrained_charger_demand_not_capacity_feasible,shared_service_day_fixed_common_duty_set,flat,>= initial,uncapped_arrival,11,30,687.3659976299999,687.3659976299999,5,1200.0,2,"{""2190L_0"":2,""3127L_0"":1,""4808_0"":1,""7880C_0"":1,""JON_A_0"":1,""PARX_1"":0}"
unconstrained_charger_demand_not_capacity_feasible,shared_service_day_fixed_common_duty_set,flat,>= initial,uncapped_arrival,12,30,596.0,596.0,5,1200.0,2,"{""2190L_0"":1,""3127L_0"":2,""4808_0"":1,""7880C_0"":2,""JON_A_0"":1,""PARX_1"":0}"
unconstrained_charger_demand_not_capacity_feasible,shared_service_day_fixed_common_duty_set,flat,>= initial,uncapped_arrival,13,30,847.14799522,847.14799522,5,1200.0,2,"{""2190L_0"":2,""3127L_0"":1,""4808_0"":1,""7880C_0"":1,""JON_A_0"":2,""PARX_1"":0}"
unconstrained_charger_demand_not_capacity_feasible,shared_service_day_fixed_common_duty_set,flat,>= initial,uncapped_arrival,14,30,573.2499916599992,573.2499916599992,5,1200.0,2,"{""2190L_0"":2,""3127L_0"":2,""4808_0"":1,""7880C_0"":1,""JON_A_0"":2,""PARX_1"":0}"
unconstrained_charger_demand_not_capacity_feasible,shared_service_day_fixed_common_duty_set,flat,>= initial,uncapped_arrival,15,30,416.7759884599999,416.7759884599999,5,1200.0,2,"{""2190L_0"":2,""3127L_0"":2,""4808_0"":1,""7880C_0"":1,""JON_A_0"":1,""PARX_1"":0}"
unconstrained_charger_demand_not_capacity_feasible,shared_service_day_fixed_common_duty_set,flat,>= initial,uncapped_arrival,16,30,728.0,728.0,6,1440.0,3,"{""2190L_0"":2,""3127L_0"":3,""4808_0"":1,""7880C_0"":0,""JON_A_0"":2,""PARX_1"":1}"
unconstrained_charger_demand_not_capacity_feasible,shared_service_day_fixed_common_duty_set,flat,>= initial,uncapped_arrival,17,30,1062.1109966,1062.1109966,7,1680.0,5,"{""2190L_0"":2,""3127L_0"":2,""4808_0"":1,""7880C_0"":0,""JON_A_0"":1,""PARX_1"":5}"
unconstrained_charger_demand_not_capacity_feasible,shared_service_day_fixed_common_duty_set,flat,>= initial,uncapped_arrival,18,30,1885.169997060001,1885.169997060001,11,2640.0,7,"{""2190L_0"":2,""3127L_0"":2,""4808_0"":1,""7880C_0"":0,""JON_A_0"":1,""PARX_1"":7}"
unconstrained_charger_demand_not_capacity_feasible,shared_service_day_fixed_common_duty_set,flat,>= initial,uncapped_arrival,19,30,1920.28098826,1920.28098826,11,2640.0,7,"{""2190L_0"":2,""3127L_0"":1,""4808_0"":1,""7880C_0"":1,""JON_A_0"":1,""PARX_1"":7}"
unconstrained_charger_demand_not_capacity_feasible,shared_service_day_fixed_common_duty_set,flat,>= initial,uncapped_arrival,20,30,549.2099965,549.2099965,4,960.0,2,"{""2190L_0"":2,""3127L_0"":1,""4808_0"":1,""7880C_0"":0,""JON_A_0"":1,""PARX_1"":1}"
unconstrained_charger_demand_not_capacity_feasible,shared_service_day_fixed_common_duty_set,flat,>= initial,uncapped_arrival,21,30,704.84098656,704.84098656,5,1200.0,3,"{""2190L_0"":2,""3127L_0"":2,""4808_0"":1,""7880C_0"":0,""JON_A_0"":1,""PARX_1"":3}"
unconstrained_charger_demand_not_capacity_feasible,shared_service_day_fixed_common_duty_set,flat,>= initial,uncapped_arrival,22,30,768.0,768.0,6,1440.0,3,"{""2190L_0"":2,""3127L_0"":1,""4808_0"":1,""7880C_0"":0,""JON_A_0"":1,""PARX_1"":3}"
unconstrained_charger_demand_not_capacity_feasible,shared_service_day_fixed_common_duty_set,flat,>= initial,uncapped_arrival,23,30,464.0,464.0,4,960.0,4,"{""2190L_0"":0,""3127L_0"":1,""4808_0"":1,""7880C_0"":0,""JON_A_0"":1,""PARX_1"":4}"
unconstrained_charger_demand_not_capacity_feasible,shared_service_day_fixed_common_duty_set,flat,>= initial,uncapped_arrival,24,30,1083.519998,1083.519998,7,1680.0,5,"{""2190L_0"":1,""3127L_0"":1,""4808_0"":0,""7880C_0"":0,""JON_A_0"":0,""PARX_1"":5}"
unconstrained_charger_demand_not_capacity_feasible,shared_service_day_fixed_common_duty_set,flat,>= initial,uncapped_arrival,25,30,712.0,712.0,4,960.0,4,"{""2190L_0"":0,""3127L_0"":0,""4808_0"":0,""7880C_0"":0,""JON_A_0"":0,""PARX_1"":4}"
unconstrained_charger_demand_not_capacity_feasible,shared_service_day_fixed_common_duty_set,flat,>= initial,uncapped_arrival,26,30,0.0,0.0,0,0.0,0,"{""2190L_0"":0,""3127L_0"":0,""4808_0"":0,""7880C_0"":0,""JON_A_0"":0,""PARX_1"":0}"
unconstrained_charger_demand_not_capacity_feasible,shared_service_day_fixed_common_duty_set,flat,>= initial,uncapped_optimized,0,30,0.0,0.0,0,0.0,0,"{""2190L_0"":0,""3127L_0"":0,""4808_0"":0,""7880C_0"":0,""JON_A_0"":0,""PARX_1"":0}"
unconstrained_charger_demand_not_capacity_feasible,shared_service_day_fixed_common_duty_set,flat,>= initial,uncapped_optimized,1,30,0.0,0.0,0,0.0,0,"{""2190L_0"":0,""3127L_0"":0,""4808_0"":0,""7880C_0"":0,""JON_A_0"":0,""PARX_1"":0}"
unconstrained_charger_demand_not_capacity_feasible,shared_service_day_fixed_common_duty_set,flat,>= initial,uncapped_optimized,2,30,0.0,0.0,0,0.0,0,"{""2190L_0"":0,""3127L_0"":0,""4808_0"":0,""7880C_0"":0,""JON_A_0"":0,""PARX_1"":0}"
unconstrained_charger_demand_not_capacity_feasible,shared_service_day_fixed_common_duty_set,flat,>= initial,uncapped_optimized,3,30,0.0,0.0,0,0.0,0,"{""2190L_0"":0,""3127L_0"":0,""4808_0"":0,""7880C_0"":0,""JON_A_0"":0,""PARX_1"":0}"
unconstrained_charger_demand_not_capacity_feasible,shared_service_day_fixed_common_duty_set,flat,>= initial,uncapped_optimized,4,30,0.0,0.0,0,0.0,0,"{""2190L_0"":0,""3127L_0"":0,""4808_0"":0,""7880C_0"":0,""JON_A_0"":0,""PARX_1"":0}"
unconstrained_charger_demand_not_capacity_feasible,shared_service_day_fixed_common_duty_set,flat,>= initial,uncapped_optimized,5,30,158.3,158.3,3,720.0,1,"{""2190L_0"":1,""3127L_0"":1,""4808_0"":1,""7880C_0"":0,""JON_A_0"":1,""PARX_1"":0}"
unconstrained_charger_demand_not_capacity_feasible,shared_service_day_fixed_common_duty_set,flat,>= initial,uncapped_optimized,6,30,244.0,244.0,2,480.0,1,"{""2190L_0"":1,""3127L_0"":1,""4808_0"":1,""7880C_0"":1,""JON_A_0"":0,""PARX_1"":0}"
unconstrained_charger_demand_not_capacity_feasible,shared_service_day_fixed_common_duty_set,flat,>= initial,uncapped_optimized,7,30,428.17999615999986,428.17999615999986,4,960.0,1,"{""2190L_0"":1,""3127L_0"":1,""4808_0"":1,""7880C_0"":1,""JON_A_0"":1,""PARX_1"":0}"
unconstrained_charger_demand_not_capacity_feasible,shared_service_day_fixed_common_duty_set,flat,>= initial,uncapped_optimized,8,30,737.3169994,737.3169994,5,1200.0,2,"{""2190L_0"":1,""3127L_0"":2,""4808_0"":1,""7880C_0"":1,""JON_A_0"":2,""PARX_1"":0}"
unconstrained_charger_demand_not_capacity_feasible,shared_service_day_fixed_common_duty_set,flat,>= initial,uncapped_optimized,9,30,654.9189954999999,654.9189954999999,6,1440.0,3,"{""2190L_0"":2,""3127L_0"":3,""4808_0"":1,""7880C_0"":1,""JON_A_0"":1,""PARX_1"":0}"
unconstrained_charger_demand_not_capacity_feasible,shared_service_day_fixed_common_duty_set,flat,>= initial,uncapped_optimized,10,30,495.78299880000003,495.78299880000003,5,1200.0,2,"{""2190L_0"":2,""3127L_0"":2,""4808_0"":1,""7880C_0"":1,""JON_A_0"":2,""PARX_1"":0}"
unconstrained_charger_demand_not_capacity_feasible,shared_service_day_fixed_common_duty_set,flat,>= initial,uncapped_optimized,11,30,530.9899985,530.9899985,5,1200.0,2,"{""2190L_0"":1,""3127L_0"":1,""4808_0"":1,""7880C_0"":1,""JON_A_0"":2,""PARX_1"":0}"
unconstrained_charger_demand_not_capacity_feasible,shared_service_day_fixed_common_duty_set,flat,>= initial,uncapped_optimized,12,30,448.0,448.0,3,720.0,1,"{""2190L_0"":1,""3127L_0"":1,""4808_0"":1,""7880C_0"":1,""JON_A_0"":1,""PARX_1"":0}"
unconstrained_charger_demand_not_capacity_feasible,shared_service_day_fixed_common_duty_set,flat,>= initial,uncapped_optimized,13,30,612.4599989999999,612.4599989999999,4,960.0,2,"{""2190L_0"":1,""3127L_0"":2,""4808_0"":1,""7880C_0"":1,""JON_A_0"":2,""PARX_1"":0}"
unconstrained_charger_demand_not_capacity_feasible,shared_service_day_fixed_common_duty_set,flat,>= initial,uncapped_optimized,14,30,1106.3779947199998,1106.3779947199998,6,1440.0,2,"{""2190L_0"":2,""3127L_0"":2,""4808_0"":1,""7880C_0"":2,""JON_A_0"":2,""PARX_1"":0}"
unconstrained_charger_demand_not_capacity_feasible,shared_service_day_fixed_common_duty_set,flat,>= initial,uncapped_optimized,15,30,747.8389918,747.8389918,6,1440.0,2,"{""2190L_0"":2,""3127L_0"":2,""4808_0"":1,""7880C_0"":1,""JON_A_0"":1,""PARX_1"":0}"
unconstrained_charger_demand_not_capacity_feasible,shared_service_day_fixed_common_duty_set,flat,>= initial,uncapped_optimized,16,30,822.4499975,822.4499975,6,1440.0,2,"{""2190L_0"":2,""3127L_0"":2,""4808_0"":1,""7880C_0"":1,""JON_A_0"":2,""PARX_1"":1}"
unconstrained_charger_demand_not_capacity_feasible,shared_service_day_fixed_common_duty_set,flat,>= initial,uncapped_optimized,17,30,653.52498142,653.52498142,6,1440.0,2,"{""2190L_0"":2,""3127L_0"":2,""4808_0"":1,""7880C_0"":0,""JON_A_0"":1,""PARX_1"":1}"
unconstrained_charger_demand_not_capacity_feasible,shared_service_day_fixed_common_duty_set,flat,>= initial,uncapped_optimized,18,30,857.0059986000001,857.0059986000001,7,1680.0,2,"{""2190L_0"":2,""3127L_0"":2,""4808_0"":1,""7880C_0"":0,""JON_A_0"":1,""PARX_1"":2}"
unconstrained_charger_demand_not_capacity_feasible,shared_service_day_fixed_common_duty_set,flat,>= initial,uncapped_optimized,19,30,1229.8429894899998,1229.8429894899998,7,1680.0,3,"{""2190L_0"":2,""3127L_0"":1,""4808_0"":1,""7880C_0"":1,""JON_A_0"":1,""PARX_1"":3}"
unconstrained_charger_demand_not_capacity_feasible,shared_service_day_fixed_common_duty_set,flat,>= initial,uncapped_optimized,20,30,715.2179851599998,715.2179851599998,5,1200.0,2,"{""2190L_0"":1,""3127L_0"":1,""4808_0"":1,""7880C_0"":0,""JON_A_0"":1,""PARX_1"":2}"
unconstrained_charger_demand_not_capacity_feasible,shared_service_day_fixed_common_duty_set,flat,>= initial,uncapped_optimized,21,30,552.6879921,552.6879921,4,960.0,2,"{""2190L_0"":1,""3127L_0"":2,""4808_0"":1,""7880C_0"":0,""JON_A_0"":1,""PARX_1"":1}"
unconstrained_charger_demand_not_capacity_feasible,shared_service_day_fixed_common_duty_set,flat,>= initial,uncapped_optimized,22,30,765.03799598,765.03799598,5,1200.0,2,"{""2190L_0"":2,""3127L_0"":1,""4808_0"":1,""7880C_0"":0,""JON_A_0"":1,""PARX_1"":2}"
unconstrained_charger_demand_not_capacity_feasible,shared_service_day_fixed_common_duty_set,flat,>= initial,uncapped_optimized,23,30,483.9099964999999,483.9099964999999,3,720.0,2,"{""2190L_0"":0,""3127L_0"":1,""4808_0"":1,""7880C_0"":0,""JON_A_0"":1,""PARX_1"":2}"
unconstrained_charger_demand_not_capacity_feasible,shared_service_day_fixed_common_duty_set,flat,>= initial,uncapped_optimized,24,30,1697.85299458,1697.85299458,10,2400.0,8,"{""2190L_0"":1,""3127L_0"":1,""4808_0"":0,""7880C_0"":0,""JON_A_0"":0,""PARX_1"":8}"
unconstrained_charger_demand_not_capacity_feasible,shared_service_day_fixed_common_duty_set,flat,>= initial,uncapped_optimized,25,30,1680.74599463,1680.74599463,8,1920.0,8,"{""2190L_0"":0,""3127L_0"":0,""4808_0"":0,""7880C_0"":0,""JON_A_0"":0,""PARX_1"":8}"
unconstrained_charger_demand_not_capacity_feasible,shared_service_day_fixed_common_duty_set,flat,>= initial,uncapped_optimized,26,30,0.0,0.0,0,0.0,0,"{""2190L_0"":0,""3127L_0"":0,""4808_0"":0,""7880C_0"":0,""JON_A_0"":0,""PARX_1"":0}"
unconstrained_charger_demand_not_capacity_feasible,shared_service_day_fixed_common_duty_set,flat,>= initial,capped_arrival,0,30,0.0,0.0,0,0.0,0,"{""2190L_0"":0,""3127L_0"":0,""4808_0"":0,""7880C_0"":0,""JON_A_0"":0,""PARX_1"":0}"
unconstrained_charger_demand_not_capacity_feasible,shared_service_day_fixed_common_duty_set,flat,>= initial,capped_arrival,1,30,0.0,0.0,0,0.0,0,"{""2190L_0"":0,""3127L_0"":0,""4808_0"":0,""7880C_0"":0,""JON_A_0"":0,""PARX_1"":0}"
unconstrained_charger_demand_not_capacity_feasible,shared_service_day_fixed_common_duty_set,flat,>= initial,capped_arrival,2,30,0.0,0.0,0,0.0,0,"{""2190L_0"":0,""3127L_0"":0,""4808_0"":0,""7880C_0"":0,""JON_A_0"":0,""PARX_1"":0}"
unconstrained_charger_demand_not_capacity_feasible,shared_service_day_fixed_common_duty_set,flat,>= initial,capped_arrival,3,30,0.0,0.0,0,0.0,0,"{""2190L_0"":0,""3127L_0"":0,""4808_0"":0,""7880C_0"":0,""JON_A_0"":0,""PARX_1"":0}"
unconstrained_charger_demand_not_capacity_feasible,shared_service_day_fixed_common_duty_set,flat,>= initial,capped_arrival,4,30,0.0,0.0,0,0.0,0,"{""2190L_0"":0,""3127L_0"":0,""4808_0"":0,""7880C_0"":0,""JON_A_0"":0,""PARX_1"":0}"
unconstrained_charger_demand_not_capacity_feasible,shared_service_day_fixed_common_duty_set,flat,>= initial,capped_arrival,5,30,74.5299995,74.5299995,2,480.0,1,"{""2190L_0"":1,""3127L_0"":0,""4808_0"":1,""7880C_0"":0,""JON_A_0"":0,""PARX_1"":0}"
unconstrained_charger_demand_not_capacity_feasible,shared_service_day_fixed_common_duty_set,flat,>= initial,capped_arrival,6,30,149.92799309999992,149.92799309999992,2,480.0,1,"{""2190L_0"":1,""3127L_0"":0,""4808_0"":0,""7880C_0"":0,""JON_A_0"":1,""PARX_1"":0}"
unconstrained_charger_demand_not_capacity_feasible,shared_service_day_fixed_common_duty_set,flat,>= initial,capped_arrival,7,30,310.01999715999995,310.01999715999995,2,480.0,2,"{""2190L_0"":2,""3127L_0"":0,""4808_0"":1,""7880C_0"":2,""JON_A_0"":1,""PARX_1"":0}"
unconstrained_charger_demand_not_capacity_feasible,shared_service_day_fixed_common_duty_set,flat,>= initial,capped_arrival,8,30,830.8239895,830.8239895,6,1440.0,2,"{""2190L_0"":1,""3127L_0"":2,""4808_0"":1,""7880C_0"":2,""JON_A_0"":2,""PARX_1"":0}"
unconstrained_charger_demand_not_capacity_feasible,shared_service_day_fixed_common_duty_set,flat,>= initial,capped_arrival,9,30,578.5989924999999,578.5989924999999,4,960.0,2,"{""2190L_0"":2,""3127L_0"":2,""4808_0"":1,""7880C_0"":1,""JON_A_0"":0,""PARX_1"":0}"
unconstrained_charger_demand_not_capacity_feasible,shared_service_day_fixed_common_duty_set,flat,>= initial,capped_arrival,10,30,282.6329963,282.6329963,7,1680.0,2,"{""2190L_0"":2,""3127L_0"":1,""4808_0"":1,""7880C_0"":1,""JON_A_0"":2,""PARX_1"":0}"
unconstrained_charger_demand_not_capacity_feasible,shared_service_day_fixed_common_duty_set,flat,>= initial,capped_arrival,11,30,542.2099863599999,542.2099863599999,4,960.0,2,"{""2190L_0"":2,""3127L_0"":2,""4808_0"":1,""7880C_0"":1,""JON_A_0"":1,""PARX_1"":0}"
unconstrained_charger_demand_not_capacity_feasible,shared_service_day_fixed_common_duty_set,flat,>= initial,capped_arrival,12,30,741.8799904600002,741.8799904600002,5,1200.0,2,"{""2190L_0"":2,""3127L_0"":2,""4808_0"":1,""7880C_0"":2,""JON_A_0"":1,""PARX_1"":0}"
unconstrained_charger_demand_not_capacity_feasible,shared_service_day_fixed_common_duty_set,flat,>= initial,capped_arrival,13,30,856.0539878300001,856.0539878300001,6,1440.0,2,"{""2190L_0"":2,""3127L_0"":1,""4808_0"":1,""7880C_0"":2,""JON_A_0"":1,""PARX_1"":1}"
unconstrained_charger_demand_not_capacity_feasible,shared_service_day_fixed_common_duty_set,flat,>= initial,capped_arrival,14,30,717.07599506,717.07599506,5,1200.0,2,"{""2190L_0"":2,""3127L_0"":1,""4808_0"":1,""7880C_0"":1,""JON_A_0"":2,""PARX_1"":0}"
unconstrained_charger_demand_not_capacity_feasible,shared_service_day_fixed_common_duty_set,flat,>= initial,capped_arrival,15,30,604.4599989999999,604.4599989999999,6,1440.0,2,"{""2190L_0"":2,""3127L_0"":1,""4808_0"":1,""7880C_0"":1,""JON_A_0"":2,""PARX_1"":0}"
unconstrained_charger_demand_not_capacity_feasible,shared_service_day_fixed_common_duty_set,flat,>= initial,capped_arrival,16,30,697.6299979,697.6299979,5,1200.0,2,"{""2190L_0"":2,""3127L_0"":2,""4808_0"":1,""7880C_0"":0,""JON_A_0"":2,""PARX_1"":1}"
unconstrained_charger_demand_not_capacity_feasible,shared_service_day_fixed_common_duty_set,flat,>= initial,capped_arrival,17,30,1088.0,1088.0,7,1680.0,5,"{""2190L_0"":2,""3127L_0"":2,""4808_0"":1,""7880C_0"":0,""JON_A_0"":2,""PARX_1"":5}"
unconstrained_charger_demand_not_capacity_feasible,shared_service_day_fixed_common_duty_set,flat,>= initial,capped_arrival,18,30,1777.74899689,1777.74899689,10,2400.0,8,"{""2190L_0"":1,""3127L_0"":1,""4808_0"":1,""7880C_0"":0,""JON_A_0"":1,""PARX_1"":8}"
unconstrained_charger_demand_not_capacity_feasible,shared_service_day_fixed_common_duty_set,flat,>= initial,capped_arrival,19,30,1967.4199938600002,1967.4199938600002,11,2640.0,7,"{""2190L_0"":2,""3127L_0"":1,""4808_0"":1,""7880C_0"":1,""JON_A_0"":0,""PARX_1"":7}"
unconstrained_charger_demand_not_capacity_feasible,shared_service_day_fixed_common_duty_set,flat,>= initial,capped_arrival,20,30,606.1109966,606.1109966,4,960.0,2,"{""2190L_0"":2,""3127L_0"":1,""4808_0"":1,""7880C_0"":0,""JON_A_0"":0,""PARX_1"":1}"
unconstrained_charger_demand_not_capacity_feasible,shared_service_day_fixed_common_duty_set,flat,>= initial,capped_arrival,21,30,732.7409981000001,732.7409981000001,5,1200.0,3,"{""2190L_0"":2,""3127L_0"":2,""4808_0"":0,""7880C_0"":0,""JON_A_0"":0,""PARX_1"":3}"
unconstrained_charger_demand_not_capacity_feasible,shared_service_day_fixed_common_duty_set,flat,>= initial,capped_arrival,22,30,729.5299995,729.5299995,5,1200.0,3,"{""2190L_0"":1,""3127L_0"":1,""4808_0"":1,""7880C_0"":0,""JON_A_0"":1,""PARX_1"":3}"
unconstrained_charger_demand_not_capacity_feasible,shared_service_day_fixed_common_duty_set,flat,>= initial,capped_arrival,23,30,496.0,496.0,4,960.0,4,"{""2190L_0"":0,""3127L_0"":1,""4808_0"":1,""7880C_0"":0,""JON_A_0"":0,""PARX_1"":4}"
unconstrained_charger_demand_not_capacity_feasible,shared_service_day_fixed_common_duty_set,flat,>= initial,capped_arrival,24,30,1184.2099965,1184.2099965,7,1680.0,6,"{""2190L_0"":1,""3127L_0"":1,""4808_0"":0,""7880C_0"":0,""JON_A_0"":0,""PARX_1"":6}"
unconstrained_charger_demand_not_capacity_feasible,shared_service_day_fixed_common_duty_set,flat,>= initial,capped_arrival,25,30,654.83799372,654.83799372,5,1200.0,5,"{""2190L_0"":0,""3127L_0"":0,""4808_0"":0,""7880C_0"":0,""JON_A_0"":0,""PARX_1"":5}"
unconstrained_charger_demand_not_capacity_feasible,shared_service_day_fixed_common_duty_set,flat,>= initial,capped_arrival,26,30,0.0,0.0,0,0.0,0,"{""2190L_0"":0,""3127L_0"":0,""4808_0"":0,""7880C_0"":0,""JON_A_0"":0,""PARX_1"":0}"
unconstrained_charger_demand_not_capacity_feasible,shared_service_day_fixed_common_duty_set,flat,>= initial,capped_optimized,0,30,0.0,0.0,0,0.0,0,"{""2190L_0"":0,""3127L_0"":0,""4808_0"":0,""7880C_0"":0,""JON_A_0"":0,""PARX_1"":0}"
unconstrained_charger_demand_not_capacity_feasible,shared_service_day_fixed_common_duty_set,flat,>= initial,capped_optimized,1,30,0.0,0.0,0,0.0,0,"{""2190L_0"":0,""3127L_0"":0,""4808_0"":0,""7880C_0"":0,""JON_A_0"":0,""PARX_1"":0}"
unconstrained_charger_demand_not_capacity_feasible,shared_service_day_fixed_common_duty_set,flat,>= initial,capped_optimized,2,30,0.0,0.0,0,0.0,0,"{""2190L_0"":0,""3127L_0"":0,""4808_0"":0,""7880C_0"":0,""JON_A_0"":0,""PARX_1"":0}"
unconstrained_charger_demand_not_capacity_feasible,shared_service_day_fixed_common_duty_set,flat,>= initial,capped_optimized,3,30,0.0,0.0,0,0.0,0,"{""2190L_0"":0,""3127L_0"":0,""4808_0"":0,""7880C_0"":0,""JON_A_0"":0,""PARX_1"":0}"
unconstrained_charger_demand_not_capacity_feasible,shared_service_day_fixed_common_duty_set,flat,>= initial,capped_optimized,4,30,0.0,0.0,0,0.0,0,"{""2190L_0"":0,""3127L_0"":0,""4808_0"":0,""7880C_0"":0,""JON_A_0"":0,""PARX_1"":0}"
unconstrained_charger_demand_not_capacity_feasible,shared_service_day_fixed_common_duty_set,flat,>= initial,capped_optimized,5,30,78.30000000000001,78.30000000000001,2,480.0,1,"{""2190L_0"":1,""3127L_0"":0,""4808_0"":1,""7880C_0"":0,""JON_A_0"":0,""PARX_1"":0}"
unconstrained_charger_demand_not_capacity_feasible,shared_service_day_fixed_common_duty_set,flat,>= initial,capped_optimized,6,30,156.22999949999996,156.22999949999996,2,480.0,1,"{""2190L_0"":1,""3127L_0"":1,""4808_0"":1,""7880C_0"":0,""JON_A_0"":0,""PARX_1"":0}"
unconstrained_charger_demand_not_capacity_feasible,shared_service_day_fixed_common_duty_set,flat,>= initial,capped_optimized,7,30,364.13999599999994,364.13999599999994,3,720.0,2,"{""2190L_0"":2,""3127L_0"":1,""4808_0"":1,""7880C_0"":1,""JON_A_0"":1,""PARX_1"":0}"
unconstrained_charger_demand_not_capacity_feasible,shared_service_day_fixed_common_duty_set,flat,>= initial,capped_optimized,8,30,628.1899977600001,628.1899977600001,5,1200.0,2,"{""2190L_0"":1,""3127L_0"":2,""4808_0"":1,""7880C_0"":1,""JON_A_0"":1,""PARX_1"":1}"
unconstrained_charger_demand_not_capacity_feasible,shared_service_day_fixed_common_duty_set,flat,>= initial,capped_optimized,9,30,397.6099965,397.6099965,4,960.0,2,"{""2190L_0"":2,""3127L_0"":2,""4808_0"":1,""7880C_0"":1,""JON_A_0"":0,""PARX_1"":0}"
unconstrained_charger_demand_not_capacity_feasible,shared_service_day_fixed_common_duty_set,flat,>= initial,capped_optimized,10,30,500.4219957000002,500.4219957000002,4,960.0,2,"{""2190L_0"":1,""3127L_0"":2,""4808_0"":1,""7880C_0"":1,""JON_A_0"":1,""PARX_1"":0}"
unconstrained_charger_demand_not_capacity_feasible,shared_service_day_fixed_common_duty_set,flat,>= initial,capped_optimized,11,30,454.4699954999999,454.4699954999999,4,960.0,2,"{""2190L_0"":1,""3127L_0"":2,""4808_0"":1,""7880C_0"":0,""JON_A_0"":1,""PARX_1"":0}"
unconstrained_charger_demand_not_capacity_feasible,shared_service_day_fixed_common_duty_set,flat,>= initial,capped_optimized,12,30,775.1529978,775.1529978,5,1200.0,2,"{""2190L_0"":2,""3127L_0"":2,""4808_0"":1,""7880C_0"":1,""JON_A_0"":2,""PARX_1"":0}"
unconstrained_charger_demand_not_capacity_feasible,shared_service_day_fixed_common_duty_set,flat,>= initial,capped_optimized,13,30,988.4929920700001,988.4929920700001,6,1440.0,2,"{""2190L_0"":2,""3127L_0"":1,""4808_0"":1,""7880C_0"":1,""JON_A_0"":1,""PARX_1"":1}"
unconstrained_charger_demand_not_capacity_feasible,shared_service_day_fixed_common_duty_set,flat,>= initial,capped_optimized,14,30,817.07599506,817.07599506,5,1200.0,2,"{""2190L_0"":2,""3127L_0"":1,""4808_0"":1,""7880C_0"":0,""JON_A_0"":2,""PARX_1"":0}"
unconstrained_charger_demand_not_capacity_feasible,shared_service_day_fixed_common_duty_set,flat,>= initial,capped_optimized,15,30,596.2279931000004,596.2279931000004,6,1440.0,2,"{""2190L_0"":2,""3127L_0"":1,""4808_0"":1,""7880C_0"":1,""JON_A_0"":2,""PARX_1"":0}"
unconstrained_charger_demand_not_capacity_feasible,shared_service_day_fixed_common_duty_set,flat,>= initial,capped_optimized,16,30,586.2419969,586.2419969,5,1200.0,2,"{""2190L_0"":2,""3127L_0"":1,""4808_0"":1,""7880C_0"":1,""JON_A_0"":2,""PARX_1"":0}"
unconstrained_charger_demand_not_capacity_feasible,shared_service_day_fixed_common_duty_set,flat,>= initial,capped_optimized,17,30,508.0,508.0,5,1200.0,2,"{""2190L_0"":2,""3127L_0"":1,""4808_0"":1,""7880C_0"":0,""JON_A_0"":1,""PARX_1"":0}"
unconstrained_charger_demand_not_capacity_feasible,shared_service_day_fixed_common_duty_set,flat,>= initial,capped_optimized,18,30,564.2699996599999,564.2699996599999,6,1440.0,2,"{""2190L_0"":1,""3127L_0"":2,""4808_0"":1,""7880C_0"":0,""JON_A_0"":1,""PARX_1"":1}"
unconstrained_charger_demand_not_capacity_feasible,shared_service_day_fixed_common_duty_set,flat,>= initial,capped_optimized,19,30,1183.80899598,1183.80899598,7,1680.0,3,"{""2190L_0"":2,""3127L_0"":1,""4808_0"":1,""7880C_0"":1,""JON_A_0"":0,""PARX_1"":3}"
unconstrained_charger_demand_not_capacity_feasible,shared_service_day_fixed_common_duty_set,flat,>= initial,capped_optimized,20,30,1139.8579879600002,1139.8579879600002,6,1440.0,3,"{""2190L_0"":1,""3127L_0"":1,""4808_0"":1,""7880C_0"":0,""JON_A_0"":0,""PARX_1"":3}"
unconstrained_charger_demand_not_capacity_feasible,shared_service_day_fixed_common_duty_set,flat,>= initial,capped_optimized,21,30,452.38098756,452.38098756,4,960.0,2,"{""2190L_0"":2,""3127L_0"":2,""4808_0"":1,""7880C_0"":0,""JON_A_0"":0,""PARX_1"":0}"
unconstrained_charger_demand_not_capacity_feasible,shared_service_day_fixed_common_duty_set,flat,>= initial,capped_optimized,22,30,554.4909994000001,554.4909994000001,4,960.0,2,"{""2190L_0"":2,""3127L_0"":1,""4808_0"":1,""7880C_0"":0,""JON_A_0"":0,""PARX_1"":1}"
unconstrained_charger_demand_not_capacity_feasible,shared_service_day_fixed_common_duty_set,flat,>= initial,capped_optimized,23,30,384.0,384.0,3,720.0,1,"{""2190L_0"":0,""3127L_0"":1,""4808_0"":1,""7880C_0"":0,""JON_A_0"":0,""PARX_1"":1}"
unconstrained_charger_demand_not_capacity_feasible,shared_service_day_fixed_common_duty_set,flat,>= initial,capped_optimized,24,30,1230.01799298,1230.01799298,6,1440.0,5,"{""2190L_0"":0,""3127L_0"":1,""4808_0"":0,""7880C_0"":0,""JON_A_0"":0,""PARX_1"":5}"
unconstrained_charger_demand_not_capacity_feasible,shared_service_day_fixed_common_duty_set,flat,>= initial,capped_optimized,25,30,3263.0619804099997,3263.0619804099997,15,3600.0,15,"{""2190L_0"":0,""3127L_0"":0,""4808_0"":0,""7880C_0"":0,""JON_A_0"":0,""PARX_1"":15}"
unconstrained_charger_demand_not_capacity_feasible,shared_service_day_fixed_common_duty_set,flat,>= initial,capped_optimized,26,30,0.0,0.0,0,0.0,0,"{""2190L_0"":0,""3127L_0"":0,""4808_0"":0,""7880C_0"":0,""JON_A_0"":0,""PARX_1"":0}"
unconstrained_charger_demand_not_capacity_feasible,shared_service_day_fixed_common_duty_set,peak12,>= reserve,uncapped_arrival,0,30,0.0,0.0,0,0.0,0,"{""2190L_0"":0,""3127L_0"":0,""4808_0"":0,""7880C_0"":0,""JON_A_0"":0,""PARX_1"":0}"
unconstrained_charger_demand_not_capacity_feasible,shared_service_day_fixed_common_duty_set,peak12,>= reserve,uncapped_arrival,1,30,0.0,0.0,0,0.0,0,"{""2190L_0"":0,""3127L_0"":0,""4808_0"":0,""7880C_0"":0,""JON_A_0"":0,""PARX_1"":0}"
unconstrained_charger_demand_not_capacity_feasible,shared_service_day_fixed_common_duty_set,peak12,>= reserve,uncapped_arrival,2,30,0.0,0.0,0,0.0,0,"{""2190L_0"":0,""3127L_0"":0,""4808_0"":0,""7880C_0"":0,""JON_A_0"":0,""PARX_1"":0}"
unconstrained_charger_demand_not_capacity_feasible,shared_service_day_fixed_common_duty_set,peak12,>= reserve,uncapped_arrival,3,30,0.0,0.0,0,0.0,0,"{""2190L_0"":0,""3127L_0"":0,""4808_0"":0,""7880C_0"":0,""JON_A_0"":0,""PARX_1"":0}"
unconstrained_charger_demand_not_capacity_feasible,shared_service_day_fixed_common_duty_set,peak12,>= reserve,uncapped_arrival,4,30,0.0,0.0,0,0.0,0,"{""2190L_0"":0,""3127L_0"":0,""4808_0"":0,""7880C_0"":0,""JON_A_0"":0,""PARX_1"":0}"
unconstrained_charger_demand_not_capacity_feasible,shared_service_day_fixed_common_duty_set,peak12,>= reserve,uncapped_arrival,5,30,206.26699980000004,206.26699980000004,3,720.0,1,"{""2190L_0"":1,""3127L_0"":1,""4808_0"":1,""7880C_0"":1,""JON_A_0"":1,""PARX_1"":0}"
unconstrained_charger_demand_not_capacity_feasible,shared_service_day_fixed_common_duty_set,peak12,>= reserve,uncapped_arrival,6,30,639.1619992,639.1619992,6,1440.0,2,"{""2190L_0"":2,""3127L_0"":2,""4808_0"":1,""7880C_0"":1,""JON_A_0"":1,""PARX_1"":0}"
unconstrained_charger_demand_not_capacity_feasible,shared_service_day_fixed_common_duty_set,peak12,>= reserve,uncapped_arrival,7,30,682.39399682,682.39399682,5,1200.0,2,"{""2190L_0"":2,""3127L_0"":2,""4808_0"":1,""7880C_0"":2,""JON_A_0"":1,""PARX_1"":0}"
unconstrained_charger_demand_not_capacity_feasible,shared_service_day_fixed_common_duty_set,peak12,>= reserve,uncapped_arrival,8,30,865.85399258,865.85399258,7,1680.0,2,"{""2190L_0"":2,""3127L_0"":1,""4808_0"":1,""7880C_0"":2,""JON_A_0"":2,""PARX_1"":1}"
unconstrained_charger_demand_not_capacity_feasible,shared_service_day_fixed_common_duty_set,peak12,>= reserve,uncapped_arrival,9,30,648.1039942999998,648.1039942999998,5,1200.0,2,"{""2190L_0"":2,""3127L_0"":2,""4808_0"":1,""7880C_0"":1,""JON_A_0"":1,""PARX_1"":0}"
unconstrained_charger_demand_not_capacity_feasible,shared_service_day_fixed_common_duty_set,peak12,>= reserve,uncapped_arrival,10,30,392.399995,392.399995,5,1200.0,2,"{""2190L_0"":1,""3127L_0"":1,""4808_0"":1,""7880C_0"":1,""JON_A_0"":2,""PARX_1"":0}"
unconstrained_charger_demand_not_capacity_feasible,shared_service_day_fixed_common_duty_set,peak12,>= reserve,uncapped_arrival,11,30,55.91799297999992,55.91799297999992,1,240.0,1,"{""2190L_0"":1,""3127L_0"":1,""4808_0"":0,""7880C_0"":0,""JON_A_0"":0,""PARX_1"":0}"
unconstrained_charger_demand_not_capacity_feasible,shared_service_day_fixed_common_duty_set,peak12,>= reserve,uncapped_arrival,12,30,20.0,20.0,1,240.0,1,"{""2190L_0"":0,""3127L_0"":0,""4808_0"":0,""7880C_0"":1,""JON_A_0"":0,""PARX_1"":0}"
unconstrained_charger_demand_not_capacity_feasible,shared_service_day_fixed_common_duty_set,peak12,>= reserve,uncapped_arrival,13,30,211.37598450000007,211.37598450000007,3,720.0,2,"{""2190L_0"":1,""3127L_0"":0,""4808_0"":0,""7880C_0"":1,""JON_A_0"":2,""PARX_1"":1}"
unconstrained_charger_demand_not_capacity_feasible,shared_service_day_fixed_common_duty_set,peak12,>= reserve,uncapped_arrival,14,30,357.23197899999985,357.23197899999985,4,960.0,2,"{""2190L_0"":2,""3127L_0"":1,""4808_0"":1,""7880C_0"":0,""JON_A_0"":1,""PARX_1"":0}"
unconstrained_charger_demand_not_capacity_feasible,shared_service_day_fixed_common_duty_set,peak12,>= reserve,uncapped_arrival,15,30,426.5749892599995,426.5749892599995,5,1200.0,2,"{""2190L_0"":2,""3127L_0"":2,""4808_0"":1,""7880C_0"":1,""JON_A_0"":1,""PARX_1"":0}"
unconstrained_charger_demand_not_capacity_feasible,shared_service_day_fixed_common_duty_set,peak12,>= reserve,uncapped_arrival,16,30,770.4529971,770.4529971,6,1440.0,2,"{""2190L_0"":2,""3127L_0"":2,""4808_0"":1,""7880C_0"":0,""JON_A_0"":2,""PARX_1"":1}"
unconstrained_charger_demand_not_capacity_feasible,shared_service_day_fixed_common_duty_set,peak12,>= reserve,uncapped_arrival,17,30,656.6399928,656.6399928,5,1200.0,2,"{""2190L_0"":2,""3127L_0"":2,""4808_0"":1,""7880C_0"":0,""JON_A_0"":2,""PARX_1"":1}"
unconstrained_charger_demand_not_capacity_feasible,shared_service_day_fixed_common_duty_set,peak12,>= reserve,uncapped_arrival,18,30,533.8449987,533.8449987,4,960.0,2,"{""2190L_0"":2,""3127L_0"":2,""4808_0"":1,""7880C_0"":0,""JON_A_0"":1,""PARX_1"":0}"
unconstrained_charger_demand_not_capacity_feasible,shared_service_day_fixed_common_duty_set,peak12,>= reserve,uncapped_arrival,19,30,542.0499975000026,542.0499975000026,4,960.0,2,"{""2190L_0"":2,""3127L_0"":1,""4808_0"":1,""7880C_0"":1,""JON_A_0"":1,""PARX_1"":0}"
unconstrained_charger_demand_not_capacity_feasible,shared_service_day_fixed_common_duty_set,peak12,>= reserve,uncapped_arrival,20,30,453.2609977,453.2609977,3,720.0,1,"{""2190L_0"":1,""3127L_0"":1,""4808_0"":1,""7880C_0"":0,""JON_A_0"":1,""PARX_1"":0}"
unconstrained_charger_demand_not_capacity_feasible,shared_service_day_fixed_common_duty_set,peak12,>= reserve,uncapped_arrival,21,30,411.8009971000001,411.8009971000001,3,720.0,2,"{""2190L_0"":1,""3127L_0"":2,""4808_0"":1,""7880C_0"":0,""JON_A_0"":1,""PARX_1"":0}"
unconstrained_charger_demand_not_capacity_feasible,shared_service_day_fixed_common_duty_set,peak12,>= reserve,uncapped_arrival,22,30,225.12899769999996,225.12899769999996,2,480.0,1,"{""2190L_0"":1,""3127L_0"":1,""4808_0"":1,""7880C_0"":0,""JON_A_0"":1,""PARX_1"":0}"
unconstrained_charger_demand_not_capacity_feasible,shared_service_day_fixed_common_duty_set,peak12,>= reserve,uncapped_arrival,23,30,228.82999949999999,228.82999949999999,3,720.0,1,"{""2190L_0"":1,""3127L_0"":1,""4808_0"":1,""7880C_0"":0,""JON_A_0"":1,""PARX_1"":0}"
unconstrained_charger_demand_not_capacity_feasible,shared_service_day_fixed_common_duty_set,peak12,>= reserve,uncapped_arrival,24,30,124.50899889999998,124.50899889999998,2,480.0,1,"{""2190L_0"":1,""3127L_0"":1,""4808_0"":1,""7880C_0"":1,""JON_A_0"":0,""PARX_1"":0}"
unconstrained_charger_demand_not_capacity_feasible,shared_service_day_fixed_common_duty_set,peak12,>= reserve,uncapped_arrival,25,30,28.599999999999998,28.599999999999998,2,480.0,1,"{""2190L_0"":0,""3127L_0"":1,""4808_0"":1,""7880C_0"":0,""JON_A_0"":0,""PARX_1"":0}"
unconstrained_charger_demand_not_capacity_feasible,shared_service_day_fixed_common_duty_set,peak12,>= reserve,uncapped_arrival,26,30,0.0,0.0,0,0.0,0,"{""2190L_0"":0,""3127L_0"":0,""4808_0"":0,""7880C_0"":0,""JON_A_0"":0,""PARX_1"":0}"
unconstrained_charger_demand_not_capacity_feasible,shared_service_day_fixed_common_duty_set,peak12,>= reserve,uncapped_optimized,0,30,0.0,0.0,0,0.0,0,"{""2190L_0"":0,""3127L_0"":0,""4808_0"":0,""7880C_0"":0,""JON_A_0"":0,""PARX_1"":0}"
unconstrained_charger_demand_not_capacity_feasible,shared_service_day_fixed_common_duty_set,peak12,>= reserve,uncapped_optimized,1,30,0.0,0.0,0,0.0,0,"{""2190L_0"":0,""3127L_0"":0,""4808_0"":0,""7880C_0"":0,""JON_A_0"":0,""PARX_1"":0}"
unconstrained_charger_demand_not_capacity_feasible,shared_service_day_fixed_common_duty_set,peak12,>= reserve,uncapped_optimized,2,30,0.0,0.0,0,0.0,0,"{""2190L_0"":0,""3127L_0"":0,""4808_0"":0,""7880C_0"":0,""JON_A_0"":0,""PARX_1"":0}"
unconstrained_charger_demand_not_capacity_feasible,shared_service_day_fixed_common_duty_set,peak12,>= reserve,uncapped_optimized,3,30,0.0,0.0,0,0.0,0,"{""2190L_0"":0,""3127L_0"":0,""4808_0"":0,""7880C_0"":0,""JON_A_0"":0,""PARX_1"":0}"
unconstrained_charger_demand_not_capacity_feasible,shared_service_day_fixed_common_duty_set,peak12,>= reserve,uncapped_optimized,4,30,0.0,0.0,0,0.0,0,"{""2190L_0"":0,""3127L_0"":0,""4808_0"":0,""7880C_0"":0,""JON_A_0"":0,""PARX_1"":0}"
unconstrained_charger_demand_not_capacity_feasible,shared_service_day_fixed_common_duty_set,peak12,>= reserve,uncapped_optimized,5,30,206.2669998,206.2669998,3,720.0,1,"{""2190L_0"":1,""3127L_0"":1,""4808_0"":1,""7880C_0"":1,""JON_A_0"":1,""PARX_1"":0}"
unconstrained_charger_demand_not_capacity_feasible,shared_service_day_fixed_common_duty_set,peak12,>= reserve,uncapped_optimized,6,30,639.1619992,639.1619992,6,1440.0,2,"{""2190L_0"":2,""3127L_0"":2,""4808_0"":1,""7880C_0"":1,""JON_A_0"":1,""PARX_1"":0}"
unconstrained_charger_demand_not_capacity_feasible,shared_service_day_fixed_common_duty_set,peak12,>= reserve,uncapped_optimized,7,30,670.3939968199999,670.3939968199999,5,1200.0,2,"{""2190L_0"":2,""3127L_0"":2,""4808_0"":1,""7880C_0"":2,""JON_A_0"":1,""PARX_1"":0}"
unconstrained_charger_demand_not_capacity_feasible,shared_service_day_fixed_common_duty_set,peak12,>= reserve,uncapped_optimized,8,30,861.8539925800001,861.8539925800001,6,1440.0,2,"{""2190L_0"":2,""3127L_0"":2,""4808_0"":1,""7880C_0"":2,""JON_A_0"":2,""PARX_1"":1}"
unconstrained_charger_demand_not_capacity_feasible,shared_service_day_fixed_common_duty_set,peak12,>= reserve,uncapped_optimized,9,30,608.7939928000001,608.7939928000001,5,1200.0,2,"{""2190L_0"":2,""3127L_0"":2,""4808_0"":1,""7880C_0"":1,""JON_A_0"":1,""PARX_1"":0}"
unconstrained_charger_demand_not_capacity_feasible,shared_service_day_fixed_common_duty_set,peak12,>= reserve,uncapped_optimized,10,30,271.1839906999996,271.1839906999996,4,960.0,2,"{""2190L_0"":1,""3127L_0"":1,""4808_0"":1,""7880C_0"":1,""JON_A_0"":2,""PARX_1"":0}"
unconstrained_charger_demand_not_capacity_feasible,shared_service_day_fixed_common_duty_set,peak12,>= reserve,uncapped_optimized,11,30,55.91799297999992,55.91799297999992,1,240.0,1,"{""2190L_0"":1,""3127L_0"":1,""4808_0"":0,""7880C_0"":0,""JON_A_0"":0,""PARX_1"":0}"
unconstrained_charger_demand_not_capacity_feasible,shared_service_day_fixed_common_duty_set,peak12,>= reserve,uncapped_optimized,12,30,0.0,0.0,0,0.0,0,"{""2190L_0"":0,""3127L_0"":0,""4808_0"":0,""7880C_0"":0,""JON_A_0"":0,""PARX_1"":0}"
unconstrained_charger_demand_not_capacity_feasible,shared_service_day_fixed_common_duty_set,peak12,>= reserve,uncapped_optimized,13,30,157.15399007999957,157.15399007999957,3,720.0,2,"{""2190L_0"":1,""3127L_0"":0,""4808_0"":0,""7880C_0"":1,""JON_A_0"":2,""PARX_1"":1}"
unconstrained_charger_demand_not_capacity_feasible,shared_service_day_fixed_common_duty_set,peak12,>= reserve,uncapped_optimized,14,30,376.1119810000004,376.1119810000004,3,720.0,1,"{""2190L_0"":1,""3127L_0"":1,""4808_0"":1,""7880C_0"":1,""JON_A_0"":1,""PARX_1"":1}"
unconstrained_charger_demand_not_capacity_feasible,shared_service_day_fixed_common_duty_set,peak12,>= reserve,uncapped_optimized,15,30,592.8959845799998,592.8959845799998,5,1200.0,2,"{""2190L_0"":2,""3127L_0"":2,""4808_0"":1,""7880C_0"":2,""JON_A_0"":1,""PARX_1"":0}"
unconstrained_charger_demand_not_capacity_feasible,shared_service_day_fixed_common_duty_set,peak12,>= reserve,uncapped_optimized,16,30,824.0,824.0,7,1680.0,2,"{""2190L_0"":2,""3127L_0"":2,""4808_0"":1,""7880C_0"":1,""JON_A_0"":2,""PARX_1"":1}"
unconstrained_charger_demand_not_capacity_feasible,shared_service_day_fixed_common_duty_set,peak12,>= reserve,uncapped_optimized,17,30,643.0399927999999,643.0399927999999,5,1200.0,2,"{""2190L_0"":2,""3127L_0"":2,""4808_0"":1,""7880C_0"":0,""JON_A_0"":2,""PARX_1"":1}"
unconstrained_charger_demand_not_capacity_feasible,shared_service_day_fixed_common_duty_set,peak12,>= reserve,uncapped_optimized,18,30,399.4449987,399.4449987,4,960.0,2,"{""2190L_0"":1,""3127L_0"":2,""4808_0"":1,""7880C_0"":0,""JON_A_0"":1,""PARX_1"":0}"
unconstrained_charger_demand_not_capacity_feasible,shared_service_day_fixed_common_duty_set,peak12,>= reserve,uncapped_optimized,19,30,481.9909971999999,481.9909971999999,4,960.0,2,"{""2190L_0"":2,""3127L_0"":1,""4808_0"":1,""7880C_0"":1,""JON_A_0"":1,""PARX_1"":0}"
unconstrained_charger_demand_not_capacity_feasible,shared_service_day_fixed_common_duty_set,peak12,>= reserve,uncapped_optimized,20,30,431.1899985,431.1899985,4,960.0,2,"{""2190L_0"":2,""3127L_0"":1,""4808_0"":1,""7880C_0"":0,""JON_A_0"":1,""PARX_1"":0}"
unconstrained_charger_demand_not_capacity_feasible,shared_service_day_fixed_common_duty_set,peak12,>= reserve,uncapped_optimized,21,30,364.20099710000005,364.20099710000005,4,960.0,2,"{""2190L_0"":2,""3127L_0"":2,""4808_0"":1,""7880C_0"":0,""JON_A_0"":1,""PARX_1"":0}"
unconstrained_charger_demand_not_capacity_feasible,shared_service_day_fixed_common_duty_set,peak12,>= reserve,uncapped_optimized,22,30,267.1899985,267.1899985,4,960.0,3,"{""2190L_0"":3,""3127L_0"":0,""4808_0"":1,""7880C_0"":0,""JON_A_0"":1,""PARX_1"":0}"
unconstrained_charger_demand_not_capacity_feasible,shared_service_day_fixed_common_duty_set,peak12,>= reserve,uncapped_optimized,23,30,179.89899819999997,179.89899819999997,2,480.0,1,"{""2190L_0"":1,""3127L_0"":1,""4808_0"":1,""7880C_0"":0,""JON_A_0"":1,""PARX_1"":0}"
unconstrained_charger_demand_not_capacity_feasible,shared_service_day_fixed_common_duty_set,peak12,>= reserve,uncapped_optimized,24,30,276.5089989,276.5089989,7,1680.0,3,"{""2190L_0"":3,""3127L_0"":2,""4808_0"":1,""7880C_0"":1,""JON_A_0"":2,""PARX_1"":0}"
unconstrained_charger_demand_not_capacity_feasible,shared_service_day_fixed_common_duty_set,peak12,>= reserve,uncapped_optimized,25,30,173.199999999996,173.199999999996,10,2400.0,3,"{""2190L_0"":3,""3127L_0"":1,""4808_0"":3,""7880C_0"":1,""JON_A_0"":2,""PARX_1"":0}"
unconstrained_charger_demand_not_capacity_feasible,shared_service_day_fixed_common_duty_set,peak12,>= reserve,uncapped_optimized,26,30,0.0,0.0,0,0.0,0,"{""2190L_0"":0,""3127L_0"":0,""4808_0"":0,""7880C_0"":0,""JON_A_0"":0,""PARX_1"":0}"
unconstrained_charger_demand_not_capacity_feasible,shared_service_day_fixed_common_duty_set,peak12,>= reserve,capped_arrival,0,30,0.0,0.0,0,0.0,0,"{""2190L_0"":0,""3127L_0"":0,""4808_0"":0,""7880C_0"":0,""JON_A_0"":0,""PARX_1"":0}"
unconstrained_charger_demand_not_capacity_feasible,shared_service_day_fixed_common_duty_set,peak12,>= reserve,capped_arrival,1,30,0.0,0.0,0,0.0,0,"{""2190L_0"":0,""3127L_0"":0,""4808_0"":0,""7880C_0"":0,""JON_A_0"":0,""PARX_1"":0}"
unconstrained_charger_demand_not_capacity_feasible,shared_service_day_fixed_common_duty_set,peak12,>= reserve,capped_arrival,2,30,0.0,0.0,0,0.0,0,"{""2190L_0"":0,""3127L_0"":0,""4808_0"":0,""7880C_0"":0,""JON_A_0"":0,""PARX_1"":0}"
unconstrained_charger_demand_not_capacity_feasible,shared_service_day_fixed_common_duty_set,peak12,>= reserve,capped_arrival,3,30,0.0,0.0,0,0.0,0,"{""2190L_0"":0,""3127L_0"":0,""4808_0"":0,""7880C_0"":0,""JON_A_0"":0,""PARX_1"":0}"
unconstrained_charger_demand_not_capacity_feasible,shared_service_day_fixed_common_duty_set,peak12,>= reserve,capped_arrival,4,30,0.0,0.0,0,0.0,0,"{""2190L_0"":0,""3127L_0"":0,""4808_0"":0,""7880C_0"":0,""JON_A_0"":0,""PARX_1"":0}"
unconstrained_charger_demand_not_capacity_feasible,shared_service_day_fixed_common_duty_set,peak12,>= reserve,capped_arrival,5,30,194.26699980000004,194.26699980000004,3,720.0,1,"{""2190L_0"":1,""3127L_0"":1,""4808_0"":1,""7880C_0"":1,""JON_A_0"":1,""PARX_1"":0}"
unconstrained_charger_demand_not_capacity_feasible,shared_service_day_fixed_common_duty_set,peak12,>= reserve,capped_arrival,6,30,619.1619992,619.1619992,6,1440.0,2,"{""2190L_0"":2,""3127L_0"":2,""4808_0"":1,""7880C_0"":1,""JON_A_0"":1,""PARX_1"":0}"
unconstrained_charger_demand_not_capacity_feasible,shared_service_day_fixed_common_duty_set,peak12,>= reserve,capped_arrival,7,30,655.5329931199999,655.5329931199999,5,1200.0,2,"{""2190L_0"":2,""3127L_0"":2,""4808_0"":1,""7880C_0"":1,""JON_A_0"":1,""PARX_1"":1}"
unconstrained_charger_demand_not_capacity_feasible,shared_service_day_fixed_common_duty_set,peak12,>= reserve,capped_arrival,8,30,893.7299925799996,893.7299925799996,6,1440.0,2,"{""2190L_0"":2,""3127L_0"":1,""4808_0"":1,""7880C_0"":1,""JON_A_0"":1,""PARX_1"":1}"
unconstrained_charger_demand_not_capacity_feasible,shared_service_day_fixed_common_duty_set,peak12,>= reserve,capped_arrival,9,30,697.8009943,697.8009943,5,1200.0,2,"{""2190L_0"":2,""3127L_0"":2,""4808_0"":1,""7880C_0"":1,""JON_A_0"":1,""PARX_1"":0}"
unconstrained_charger_demand_not_capacity_feasible,shared_service_day_fixed_common_duty_set,peak12,>= reserve,capped_arrival,10,30,294.6759912999999,294.6759912999999,4,960.0,1,"{""2190L_0"":1,""3127L_0"":1,""4808_0"":1,""7880C_0"":1,""JON_A_0"":1,""PARX_1"":0}"
unconstrained_charger_demand_not_capacity_feasible,shared_service_day_fixed_common_duty_set,peak12,>= reserve,capped_arrival,11,30,145.89399108999996,145.89399108999996,2,480.0,1,"{""2190L_0"":1,""3127L_0"":1,""4808_0"":0,""7880C_0"":0,""JON_A_0"":0,""PARX_1"":0}"
unconstrained_charger_demand_not_capacity_feasible,shared_service_day_fixed_common_duty_set,peak12,>= reserve,capped_arrival,12,30,20.0,20.0,1,240.0,1,"{""2190L_0"":0,""3127L_0"":0,""4808_0"":0,""7880C_0"":1,""JON_A_0"":0,""PARX_1"":0}"
unconstrained_charger_demand_not_capacity_feasible,shared_service_day_fixed_common_duty_set,peak12,>= reserve,capped_arrival,13,30,201.45899265999998,201.45899265999998,2,480.0,1,"{""2190L_0"":1,""3127L_0"":1,""4808_0"":0,""7880C_0"":1,""JON_A_0"":1,""PARX_1"":0}"
unconstrained_charger_demand_not_capacity_feasible,shared_service_day_fixed_common_duty_set,peak12,>= reserve,capped_arrival,14,30,492.0529747299999,492.0529747299999,4,960.0,2,"{""2190L_0"":2,""3127L_0"":1,""4808_0"":1,""7880C_0"":0,""JON_A_0"":1,""PARX_1"":1}"
unconstrained_charger_demand_not_capacity_feasible,shared_service_day_fixed_common_duty_set,peak12,>= reserve,capped_arrival,15,30,410.8049887599998,410.8049887599998,5,1200.0,2,"{""2190L_0"":2,""3127L_0"":1,""4808_0"":1,""7880C_0"":1,""JON_A_0"":1,""PARX_1"":0}"
unconstrained_charger_demand_not_capacity_feasible,shared_service_day_fixed_common_duty_set,peak12,>= reserve,capped_arrival,16,30,768.8859985999999,768.8859985999999,6,1440.0,3,"{""2190L_0"":2,""3127L_0"":3,""4808_0"":1,""7880C_0"":0,""JON_A_0"":2,""PARX_1"":0}"
unconstrained_charger_demand_not_capacity_feasible,shared_service_day_fixed_common_duty_set,peak12,>= reserve,capped_arrival,17,30,608.0559964,608.0559964,5,1200.0,2,"{""2190L_0"":2,""3127L_0"":2,""4808_0"":1,""7880C_0"":0,""JON_A_0"":2,""PARX_1"":0}"
unconstrained_charger_demand_not_capacity_feasible,shared_service_day_fixed_common_duty_set,peak12,>= reserve,capped_arrival,18,30,513.0449987,513.0449987,4,960.0,2,"{""2190L_0"":2,""3127L_0"":2,""4808_0"":1,""7880C_0"":0,""JON_A_0"":1,""PARX_1"":0}"
unconstrained_charger_demand_not_capacity_feasible,shared_service_day_fixed_common_duty_set,peak12,>= reserve,capped_arrival,19,30,534.0499974999999,534.0499974999999,4,960.0,2,"{""2190L_0"":2,""3127L_0"":1,""4808_0"":1,""7880C_0"":1,""JON_A_0"":1,""PARX_1"":0}"
unconstrained_charger_demand_not_capacity_feasible,shared_service_day_fixed_common_duty_set,peak12,>= reserve,capped_arrival,20,30,455.1899985,455.1899985,3,720.0,1,"{""2190L_0"":1,""3127L_0"":1,""4808_0"":1,""7880C_0"":0,""JON_A_0"":1,""PARX_1"":0}"
unconstrained_charger_demand_not_capacity_feasible,shared_service_day_fixed_common_duty_set,peak12,>= reserve,capped_arrival,21,30,407.8009971000001,407.8009971000001,3,720.0,2,"{""2190L_0"":1,""3127L_0"":2,""4808_0"":1,""7880C_0"":0,""JON_A_0"":0,""PARX_1"":0}"
unconstrained_charger_demand_not_capacity_feasible,shared_service_day_fixed_common_duty_set,peak12,>= reserve,capped_arrival,22,30,229.45999899999998,229.45999899999998,2,480.0,1,"{""2190L_0"":1,""3127L_0"":1,""4808_0"":1,""7880C_0"":0,""JON_A_0"":0,""PARX_1"":0}"
unconstrained_charger_demand_not_capacity_feasible,shared_service_day_fixed_common_duty_set,peak12,>= reserve,capped_arrival,23,30,254.8079971,254.8079971,3,720.0,1,"{""2190L_0"":1,""3127L_0"":1,""4808_0"":1,""7880C_0"":0,""JON_A_0"":0,""PARX_1"":0}"
unconstrained_charger_demand_not_capacity_feasible,shared_service_day_fixed_common_duty_set,peak12,>= reserve,capped_arrival,24,30,59.8,59.8,1,240.0,1,"{""2190L_0"":1,""3127L_0"":0,""4808_0"":1,""7880C_0"":0,""JON_A_0"":0,""PARX_1"":0}"
unconstrained_charger_demand_not_capacity_feasible,shared_service_day_fixed_common_duty_set,peak12,>= reserve,capped_arrival,25,30,7.799999999999997,7.799999999999997,1,240.0,1,"{""2190L_0"":0,""3127L_0"":0,""4808_0"":1,""7880C_0"":0,""JON_A_0"":0,""PARX_1"":0}"
unconstrained_charger_demand_not_capacity_feasible,shared_service_day_fixed_common_duty_set,peak12,>= reserve,capped_arrival,26,30,0.0,0.0,0,0.0,0,"{""2190L_0"":0,""3127L_0"":0,""4808_0"":0,""7880C_0"":0,""JON_A_0"":0,""PARX_1"":0}"
unconstrained_charger_demand_not_capacity_feasible,shared_service_day_fixed_common_duty_set,peak12,>= reserve,capped_optimized,0,30,0.0,0.0,0,0.0,0,"{""2190L_0"":0,""3127L_0"":0,""4808_0"":0,""7880C_0"":0,""JON_A_0"":0,""PARX_1"":0}"
unconstrained_charger_demand_not_capacity_feasible,shared_service_day_fixed_common_duty_set,peak12,>= reserve,capped_optimized,1,30,0.0,0.0,0,0.0,0,"{""2190L_0"":0,""3127L_0"":0,""4808_0"":0,""7880C_0"":0,""JON_A_0"":0,""PARX_1"":0}"
unconstrained_charger_demand_not_capacity_feasible,shared_service_day_fixed_common_duty_set,peak12,>= reserve,capped_optimized,2,30,0.0,0.0,0,0.0,0,"{""2190L_0"":0,""3127L_0"":0,""4808_0"":0,""7880C_0"":0,""JON_A_0"":0,""PARX_1"":0}"
unconstrained_charger_demand_not_capacity_feasible,shared_service_day_fixed_common_duty_set,peak12,>= reserve,capped_optimized,3,30,0.0,0.0,0,0.0,0,"{""2190L_0"":0,""3127L_0"":0,""4808_0"":0,""7880C_0"":0,""JON_A_0"":0,""PARX_1"":0}"
unconstrained_charger_demand_not_capacity_feasible,shared_service_day_fixed_common_duty_set,peak12,>= reserve,capped_optimized,4,30,0.0,0.0,0,0.0,0,"{""2190L_0"":0,""3127L_0"":0,""4808_0"":0,""7880C_0"":0,""JON_A_0"":0,""PARX_1"":0}"
unconstrained_charger_demand_not_capacity_feasible,shared_service_day_fixed_common_duty_set,peak12,>= reserve,capped_optimized,5,30,194.2669998,194.2669998,3,720.0,1,"{""2190L_0"":1,""3127L_0"":1,""4808_0"":1,""7880C_0"":1,""JON_A_0"":1,""PARX_1"":0}"
unconstrained_charger_demand_not_capacity_feasible,shared_service_day_fixed_common_duty_set,peak12,>= reserve,capped_optimized,6,30,619.1619992,619.1619992,6,1440.0,2,"{""2190L_0"":2,""3127L_0"":2,""4808_0"":1,""7880C_0"":1,""JON_A_0"":1,""PARX_1"":0}"
unconstrained_charger_demand_not_capacity_feasible,shared_service_day_fixed_common_duty_set,peak12,>= reserve,capped_optimized,7,30,644.5489967199999,644.5489967199999,5,1200.0,2,"{""2190L_0"":2,""3127L_0"":2,""4808_0"":1,""7880C_0"":1,""JON_A_0"":1,""PARX_1"":1}"
unconstrained_charger_demand_not_capacity_feasible,shared_service_day_fixed_common_duty_set,peak12,>= reserve,capped_optimized,8,30,897.3779937199996,897.3779937199996,6,1440.0,2,"{""2190L_0"":2,""3127L_0"":1,""4808_0"":1,""7880C_0"":1,""JON_A_0"":1,""PARX_1"":1}"
unconstrained_charger_demand_not_capacity_feasible,shared_service_day_fixed_common_duty_set,peak12,>= reserve,capped_optimized,9,30,615.6409902999999,615.6409902999999,5,1200.0,2,"{""2190L_0"":2,""3127L_0"":2,""4808_0"":1,""7880C_0"":1,""JON_A_0"":1,""PARX_1"":0}"
unconstrained_charger_demand_not_capacity_feasible,shared_service_day_fixed_common_duty_set,peak12,>= reserve,capped_optimized,10,30,266.90899260000043,266.90899260000043,4,960.0,2,"{""2190L_0"":1,""3127L_0"":1,""4808_0"":1,""7880C_0"":1,""JON_A_0"":2,""PARX_1"":0}"
unconstrained_charger_demand_not_capacity_feasible,shared_service_day_fixed_common_duty_set,peak12,>= reserve,capped_optimized,11,30,145.89399108999987,145.89399108999987,2,480.0,1,"{""2190L_0"":1,""3127L_0"":1,""4808_0"":0,""7880C_0"":0,""JON_A_0"":0,""PARX_1"":0}"
unconstrained_charger_demand_not_capacity_feasible,shared_service_day_fixed_common_duty_set,peak12,>= reserve,capped_optimized,12,30,0.0,0.0,0,0.0,0,"{""2190L_0"":0,""3127L_0"":0,""4808_0"":0,""7880C_0"":0,""JON_A_0"":0,""PARX_1"":0}"
unconstrained_charger_demand_not_capacity_feasible,shared_service_day_fixed_common_duty_set,peak12,>= reserve,capped_optimized,13,30,141.3789930400001,141.3789930400001,2,480.0,1,"{""2190L_0"":1,""3127L_0"":1,""4808_0"":0,""7880C_0"":0,""JON_A_0"":1,""PARX_1"":0}"
unconstrained_charger_demand_not_capacity_feasible,shared_service_day_fixed_common_duty_set,peak12,>= reserve,capped_optimized,14,30,437.9419763299995,437.9419763299995,4,960.0,1,"{""2190L_0"":1,""3127L_0"":1,""4808_0"":1,""7880C_0"":0,""JON_A_0"":1,""PARX_1"":1}"
unconstrained_charger_demand_not_capacity_feasible,shared_service_day_fixed_common_duty_set,peak12,>= reserve,capped_optimized,15,30,609.1229894799998,609.1229894799998,5,1200.0,2,"{""2190L_0"":2,""3127L_0"":1,""4808_0"":1,""7880C_0"":2,""JON_A_0"":1,""PARX_1"":0}"
unconstrained_charger_demand_not_capacity_feasible,shared_service_day_fixed_common_duty_set,peak12,>= reserve,capped_optimized,16,30,793.4379974599883,793.4379974599883,6,1440.0,2,"{""2190L_0"":2,""3127L_0"":2,""4808_0"":1,""7880C_0"":1,""JON_A_0"":2,""PARX_1"":0}"
unconstrained_charger_demand_not_capacity_feasible,shared_service_day_fixed_common_duty_set,peak12,>= reserve,capped_optimized,17,30,619.0399928,619.0399928,5,1200.0,2,"{""2190L_0"":2,""3127L_0"":2,""4808_0"":1,""7880C_0"":0,""JON_A_0"":2,""PARX_1"":0}"
unconstrained_charger_demand_not_capacity_feasible,shared_service_day_fixed_common_duty_set,peak12,>= reserve,capped_optimized,18,30,399.4449987,399.4449987,4,960.0,2,"{""2190L_0"":1,""3127L_0"":2,""4808_0"":1,""7880C_0"":0,""JON_A_0"":1,""PARX_1"":0}"
unconstrained_charger_demand_not_capacity_feasible,shared_service_day_fixed_common_duty_set,peak12,>= reserve,capped_optimized,19,30,475.91999799999996,475.91999799999996,4,960.0,2,"{""2190L_0"":2,""3127L_0"":1,""4808_0"":1,""7880C_0"":1,""JON_A_0"":0,""PARX_1"":0}"
unconstrained_charger_demand_not_capacity_feasible,shared_service_day_fixed_common_duty_set,peak12,>= reserve,capped_optimized,20,30,431.1899985,431.1899985,4,960.0,2,"{""2190L_0"":2,""3127L_0"":1,""4808_0"":1,""7880C_0"":0,""JON_A_0"":1,""PARX_1"":0}"
unconstrained_charger_demand_not_capacity_feasible,shared_service_day_fixed_common_duty_set,peak12,>= reserve,capped_optimized,21,30,360.20099709999926,360.20099709999926,4,960.0,2,"{""2190L_0"":2,""3127L_0"":2,""4808_0"":1,""7880C_0"":0,""JON_A_0"":0,""PARX_1"":0}"
unconstrained_charger_demand_not_capacity_feasible,shared_service_day_fixed_common_duty_set,peak12,>= reserve,capped_optimized,22,30,301.1679961,301.1679961,4,960.0,3,"{""2190L_0"":3,""3127L_0"":1,""4808_0"":1,""7880C_0"":0,""JON_A_0"":0,""PARX_1"":0}"
unconstrained_charger_demand_not_capacity_feasible,shared_service_day_fixed_common_duty_set,peak12,>= reserve,capped_optimized,23,30,176.2299995,176.2299995,2,480.0,1,"{""2190L_0"":1,""3127L_0"":1,""4808_0"":1,""7880C_0"":0,""JON_A_0"":0,""PARX_1"":0}"
unconstrained_charger_demand_not_capacity_feasible,shared_service_day_fixed_common_duty_set,peak12,>= reserve,capped_optimized,24,30,226.79999999999382,226.79999999999382,9,2160.0,4,"{""2190L_0"":4,""3127L_0"":2,""4808_0"":1,""7880C_0"":0,""JON_A_0"":2,""PARX_1"":0}"
unconstrained_charger_demand_not_capacity_feasible,shared_service_day_fixed_common_duty_set,peak12,>= reserve,capped_optimized,25,30,111.8,111.8,6,1440.0,2,"{""2190L_0"":2,""3127L_0"":1,""4808_0"":2,""7880C_0"":1,""JON_A_0"":0,""PARX_1"":0}"
unconstrained_charger_demand_not_capacity_feasible,shared_service_day_fixed_common_duty_set,peak12,>= reserve,capped_optimized,26,30,0.0,0.0,0,0.0,0,"{""2190L_0"":0,""3127L_0"":0,""4808_0"":0,""7880C_0"":0,""JON_A_0"":0,""PARX_1"":0}"
unconstrained_charger_demand_not_capacity_feasible,shared_service_day_fixed_common_duty_set,peak12,>= initial,uncapped_arrival,0,30,0.0,0.0,0,0.0,0,"{""2190L_0"":0,""3127L_0"":0,""4808_0"":0,""7880C_0"":0,""JON_A_0"":0,""PARX_1"":0}"
unconstrained_charger_demand_not_capacity_feasible,shared_service_day_fixed_common_duty_set,peak12,>= initial,uncapped_arrival,1,30,0.0,0.0,0,0.0,0,"{""2190L_0"":0,""3127L_0"":0,""4808_0"":0,""7880C_0"":0,""JON_A_0"":0,""PARX_1"":0}"
unconstrained_charger_demand_not_capacity_feasible,shared_service_day_fixed_common_duty_set,peak12,>= initial,uncapped_arrival,2,30,0.0,0.0,0,0.0,0,"{""2190L_0"":0,""3127L_0"":0,""4808_0"":0,""7880C_0"":0,""JON_A_0"":0,""PARX_1"":0}"
unconstrained_charger_demand_not_capacity_feasible,shared_service_day_fixed_common_duty_set,peak12,>= initial,uncapped_arrival,3,30,0.0,0.0,0,0.0,0,"{""2190L_0"":0,""3127L_0"":0,""4808_0"":0,""7880C_0"":0,""JON_A_0"":0,""PARX_1"":0}"
unconstrained_charger_demand_not_capacity_feasible,shared_service_day_fixed_common_duty_set,peak12,>= initial,uncapped_arrival,4,30,0.0,0.0,0,0.0,0,"{""2190L_0"":0,""3127L_0"":0,""4808_0"":0,""7880C_0"":0,""JON_A_0"":0,""PARX_1"":0}"
unconstrained_charger_demand_not_capacity_feasible,shared_service_day_fixed_common_duty_set,peak12,>= initial,uncapped_arrival,5,30,206.26699980000004,206.26699980000004,3,720.0,1,"{""2190L_0"":1,""3127L_0"":1,""4808_0"":1,""7880C_0"":1,""JON_A_0"":1,""PARX_1"":0}"
unconstrained_charger_demand_not_capacity_feasible,shared_service_day_fixed_common_duty_set,peak12,>= initial,uncapped_arrival,6,30,639.1619992,639.1619992,6,1440.0,2,"{""2190L_0"":2,""3127L_0"":2,""4808_0"":1,""7880C_0"":1,""JON_A_0"":1,""PARX_1"":0}"
unconstrained_charger_demand_not_capacity_feasible,shared_service_day_fixed_common_duty_set,peak12,>= initial,uncapped_arrival,7,30,686.17799322,686.17799322,5,1200.0,2,"{""2190L_0"":2,""3127L_0"":2,""4808_0"":1,""7880C_0"":2,""JON_A_0"":1,""PARX_1"":0}"
unconstrained_charger_demand_not_capacity_feasible,shared_service_day_fixed_common_duty_set,peak12,>= initial,uncapped_arrival,8,30,907.4319951200001,907.4319951200001,6,1440.0,2,"{""2190L_0"":2,""3127L_0"":2,""4808_0"":1,""7880C_0"":2,""JON_A_0"":2,""PARX_1"":2}"
unconstrained_charger_demand_not_capacity_feasible,shared_service_day_fixed_common_duty_set,peak12,>= initial,uncapped_arrival,9,30,664.8739947999991,664.8739947999991,5,1200.0,2,"{""2190L_0"":2,""3127L_0"":2,""4808_0"":1,""7880C_0"":1,""JON_A_0"":1,""PARX_1"":0}"
unconstrained_charger_demand_not_capacity_feasible,shared_service_day_fixed_common_duty_set,peak12,>= initial,uncapped_arrival,10,30,340.07998699999985,340.07998699999985,5,1200.0,2,"{""2190L_0"":1,""3127L_0"":1,""4808_0"":1,""7880C_0"":1,""JON_A_0"":2,""PARX_1"":0}"
unconstrained_charger_demand_not_capacity_feasible,shared_service_day_fixed_common_duty_set,peak12,>= initial,uncapped_arrival,11,30,105.09398794,105.09398794,2,480.0,1,"{""2190L_0"":1,""3127L_0"":1,""4808_0"":0,""7880C_0"":1,""JON_A_0"":1,""PARX_1"":0}"
unconstrained_charger_demand_not_capacity_feasible,shared_service_day_fixed_common_duty_set,peak12,>= initial,uncapped_arrival,12,30,20.0,20.0,1,240.0,1,"{""2190L_0"":0,""3127L_0"":0,""4808_0"":0,""7880C_0"":1,""JON_A_0"":0,""PARX_1"":0}"
unconstrained_charger_demand_not_capacity_feasible,shared_service_day_fixed_common_duty_set,peak12,>= initial,uncapped_arrival,13,30,201.39998954,201.39998954,3,720.0,2,"{""2190L_0"":1,""3127L_0"":0,""4808_0"":0,""7880C_0"":1,""JON_A_0"":2,""PARX_1"":0}"
unconstrained_charger_demand_not_capacity_feasible,shared_service_day_fixed_common_duty_set,peak12,>= initial,uncapped_arrival,14,30,448.70897581999986,448.70897581999986,5,1200.0,2,"{""2190L_0"":2,""3127L_0"":1,""4808_0"":1,""7880C_0"":0,""JON_A_0"":2,""PARX_1"":0}"
unconstrained_charger_demand_not_capacity_feasible,shared_service_day_fixed_common_duty_set,peak12,>= initial,uncapped_arrival,15,30,515.8539907999999,515.8539907999999,6,1440.0,2,"{""2190L_0"":2,""3127L_0"":2,""4808_0"":1,""7880C_0"":1,""JON_A_0"":2,""PARX_1"":0}"
unconstrained_charger_demand_not_capacity_feasible,shared_service_day_fixed_common_duty_set,peak12,>= initial,uncapped_arrival,16,30,868.0000000000125,868.0000000000125,6,1440.0,2,"{""2190L_0"":2,""3127L_0"":2,""4808_0"":1,""7880C_0"":1,""JON_A_0"":2,""PARX_1"":1}"
unconstrained_charger_demand_not_capacity_feasible,shared_service_day_fixed_common_duty_set,peak12,>= initial,uncapped_arrival,17,30,1176.0559964000001,1176.0559964000001,7,1680.0,5,"{""2190L_0"":2,""3127L_0"":2,""4808_0"":1,""7880C_0"":0,""JON_A_0"":2,""PARX_1"":5}"
unconstrained_charger_demand_not_capacity_feasible,shared_service_day_fixed_common_duty_set,peak12,>= initial,uncapped_arrival,18,30,2002.7359981000002,2002.7359981000002,12,2880.0,8,"{""2190L_0"":2,""3127L_0"":2,""4808_0"":1,""7880C_0"":0,""JON_A_0"":1,""PARX_1"":8}"
unconstrained_charger_demand_not_capacity_feasible,shared_service_day_fixed_common_duty_set,peak12,>= initial,uncapped_arrival,19,30,2041.1799969999997,2041.1799969999997,11,2640.0,7,"{""2190L_0"":2,""3127L_0"":1,""4808_0"":1,""7880C_0"":1,""JON_A_0"":1,""PARX_1"":7}"
unconstrained_charger_demand_not_capacity_feasible,shared_service_day_fixed_common_duty_set,peak12,>= initial,uncapped_arrival,20,30,667.0899985000001,667.0899985000001,7,1680.0,4,"{""2190L_0"":1,""3127L_0"":1,""4808_0"":1,""7880C_0"":0,""JON_A_0"":1,""PARX_1"":4}"
unconstrained_charger_demand_not_capacity_feasible,shared_service_day_fixed_common_duty_set,peak12,>= initial,uncapped_arrival,21,30,666.7009971,666.7009971,5,1200.0,3,"{""2190L_0"":2,""3127L_0"":2,""4808_0"":1,""7880C_0"":0,""JON_A_0"":1,""PARX_1"":3}"
unconstrained_charger_demand_not_capacity_feasible,shared_service_day_fixed_common_duty_set,peak12,>= initial,uncapped_arrival,22,30,810.5,810.5,6,1440.0,3,"{""2190L_0"":2,""3127L_0"":1,""4808_0"":1,""7880C_0"":0,""JON_A_0"":1,""PARX_1"":3}"
unconstrained_charger_demand_not_capacity_feasible,shared_service_day_fixed_common_duty_set,peak12,>= initial,uncapped_arrival,23,30,557.5299995,557.5299995,5,1200.0,4,"{""2190L_0"":1,""3127L_0"":1,""4808_0"":1,""7880C_0"":0,""JON_A_0"":1,""PARX_1"":4}"
unconstrained_charger_demand_not_capacity_feasible,shared_service_day_fixed_common_duty_set,peak12,>= initial,uncapped_arrival,24,30,1300.0000000000005,1300.0000000000005,8,1920.0,7,"{""2190L_0"":1,""3127L_0"":1,""4808_0"":0,""7880C_0"":0,""JON_A_0"":0,""PARX_1"":7}"
unconstrained_charger_demand_not_capacity_feasible,shared_service_day_fixed_common_duty_set,peak12,>= initial,uncapped_arrival,25,30,811.9999999999997,811.9999999999997,5,1200.0,5,"{""2190L_0"":0,""3127L_0"":0,""4808_0"":0,""7880C_0"":0,""JON_A_0"":0,""PARX_1"":5}"
unconstrained_charger_demand_not_capacity_feasible,shared_service_day_fixed_common_duty_set,peak12,>= initial,uncapped_arrival,26,30,0.0,0.0,0,0.0,0,"{""2190L_0"":0,""3127L_0"":0,""4808_0"":0,""7880C_0"":0,""JON_A_0"":0,""PARX_1"":0}"
unconstrained_charger_demand_not_capacity_feasible,shared_service_day_fixed_common_duty_set,peak12,>= initial,uncapped_optimized,0,30,0.0,0.0,0,0.0,0,"{""2190L_0"":0,""3127L_0"":0,""4808_0"":0,""7880C_0"":0,""JON_A_0"":0,""PARX_1"":0}"
unconstrained_charger_demand_not_capacity_feasible,shared_service_day_fixed_common_duty_set,peak12,>= initial,uncapped_optimized,1,30,0.0,0.0,0,0.0,0,"{""2190L_0"":0,""3127L_0"":0,""4808_0"":0,""7880C_0"":0,""JON_A_0"":0,""PARX_1"":0}"
unconstrained_charger_demand_not_capacity_feasible,shared_service_day_fixed_common_duty_set,peak12,>= initial,uncapped_optimized,2,30,0.0,0.0,0,0.0,0,"{""2190L_0"":0,""3127L_0"":0,""4808_0"":0,""7880C_0"":0,""JON_A_0"":0,""PARX_1"":0}"
unconstrained_charger_demand_not_capacity_feasible,shared_service_day_fixed_common_duty_set,peak12,>= initial,uncapped_optimized,3,30,0.0,0.0,0,0.0,0,"{""2190L_0"":0,""3127L_0"":0,""4808_0"":0,""7880C_0"":0,""JON_A_0"":0,""PARX_1"":0}"
unconstrained_charger_demand_not_capacity_feasible,shared_service_day_fixed_common_duty_set,peak12,>= initial,uncapped_optimized,4,30,0.0,0.0,0,0.0,0,"{""2190L_0"":0,""3127L_0"":0,""4808_0"":0,""7880C_0"":0,""JON_A_0"":0,""PARX_1"":0}"
unconstrained_charger_demand_not_capacity_feasible,shared_service_day_fixed_common_duty_set,peak12,>= initial,uncapped_optimized,5,30,206.2669998,206.2669998,3,720.0,1,"{""2190L_0"":1,""3127L_0"":1,""4808_0"":1,""7880C_0"":1,""JON_A_0"":1,""PARX_1"":0}"
unconstrained_charger_demand_not_capacity_feasible,shared_service_day_fixed_common_duty_set,peak12,>= initial,uncapped_optimized,6,30,639.1619992,639.1619992,6,1440.0,2,"{""2190L_0"":2,""3127L_0"":2,""4808_0"":1,""7880C_0"":1,""JON_A_0"":1,""PARX_1"":0}"
unconstrained_charger_demand_not_capacity_feasible,shared_service_day_fixed_common_duty_set,peak12,>= initial,uncapped_optimized,7,30,674.1779932200002,674.1779932200002,5,1200.0,2,"{""2190L_0"":2,""3127L_0"":2,""4808_0"":1,""7880C_0"":2,""JON_A_0"":1,""PARX_1"":0}"
unconstrained_charger_demand_not_capacity_feasible,shared_service_day_fixed_common_duty_set,peak12,>= initial,uncapped_optimized,8,30,891.4319951200001,891.4319951200001,6,1440.0,2,"{""2190L_0"":2,""3127L_0"":2,""4808_0"":1,""7880C_0"":2,""JON_A_0"":2,""PARX_1"":2}"
unconstrained_charger_demand_not_capacity_feasible,shared_service_day_fixed_common_duty_set,peak12,>= initial,uncapped_optimized,9,30,698.4279905999997,698.4279905999997,5,1200.0,2,"{""2190L_0"":2,""3127L_0"":2,""4808_0"":1,""7880C_0"":1,""JON_A_0"":1,""PARX_1"":0}"
unconstrained_charger_demand_not_capacity_feasible,shared_service_day_fixed_common_duty_set,peak12,>= initial,uncapped_optimized,10,30,252.8839906999999,252.8839906999999,5,1200.0,2,"{""2190L_0"":1,""3127L_0"":1,""4808_0"":1,""7880C_0"":1,""JON_A_0"":2,""PARX_1"":0}"
unconstrained_charger_demand_not_capacity_feasible,shared_service_day_fixed_common_duty_set,peak12,>= initial,uncapped_optimized,11,30,131.8239916099999,131.8239916099999,2,480.0,1,"{""2190L_0"":1,""3127L_0"":1,""4808_0"":0,""7880C_0"":0,""JON_A_0"":1,""PARX_1"":0}"
unconstrained_charger_demand_not_capacity_feasible,shared_service_day_fixed_common_duty_set,peak12,>= initial,uncapped_optimized,12,30,0.0,0.0,0,0.0,0,"{""2190L_0"":0,""3127L_0"":0,""4808_0"":0,""7880C_0"":0,""JON_A_0"":0,""PARX_1"":0}"
unconstrained_charger_demand_not_capacity_feasible,shared_service_day_fixed_common_duty_set,peak12,>= initial,uncapped_optimized,13,30,108.84799144999998,108.84799144999998,2,480.0,1,"{""2190L_0"":1,""3127L_0"":0,""4808_0"":0,""7880C_0"":1,""JON_A_0"":1,""PARX_1"":1}"
unconstrained_charger_demand_not_capacity_feasible,shared_service_day_fixed_common_duty_set,peak12,>= initial,uncapped_optimized,14,30,437.56896981999995,437.56896981999995,5,1200.0,2,"{""2190L_0"":1,""3127L_0"":1,""4808_0"":1,""7880C_0"":1,""JON_A_0"":2,""PARX_1"":1}"
unconstrained_charger_demand_not_capacity_feasible,shared_service_day_fixed_common_duty_set,peak12,>= initial,uncapped_optimized,15,30,630.4579917199999,630.4579917199999,6,1440.0,2,"{""2190L_0"":2,""3127L_0"":2,""4808_0"":1,""7880C_0"":2,""JON_A_0"":2,""PARX_1"":0}"
unconstrained_charger_demand_not_capacity_feasible,shared_service_day_fixed_common_duty_set,peak12,>= initial,uncapped_optimized,16,30,836.0,836.0,7,1680.0,2,"{""2190L_0"":2,""3127L_0"":2,""4808_0"":1,""7880C_0"":1,""JON_A_0"":2,""PARX_1"":0}"
unconstrained_charger_demand_not_capacity_feasible,shared_service_day_fixed_common_duty_set,peak12,>= initial,uncapped_optimized,17,30,660.0559963999999,660.0559963999999,5,1200.0,2,"{""2190L_0"":2,""3127L_0"":2,""4808_0"":1,""7880C_0"":0,""JON_A_0"":2,""PARX_1"":1}"
unconstrained_charger_demand_not_capacity_feasible,shared_service_day_fixed_common_duty_set,peak12,>= initial,uncapped_optimized,18,30,412.24499870000005,412.24499870000005,5,1200.0,2,"{""2190L_0"":1,""3127L_0"":2,""4808_0"":1,""7880C_0"":0,""JON_A_0"":1,""PARX_1"":0}"
unconstrained_charger_demand_not_capacity_feasible,shared_service_day_fixed_common_duty_set,peak12,>= initial,uncapped_optimized,19,30,545.179997,545.179997,4,960.0,2,"{""2190L_0"":2,""3127L_0"":1,""4808_0"":1,""7880C_0"":1,""JON_A_0"":1,""PARX_1"":0}"
unconstrained_charger_demand_not_capacity_feasible,shared_service_day_fixed_common_duty_set,peak12,>= initial,uncapped_optimized,20,30,489.7899985,489.7899985,4,960.0,2,"{""2190L_0"":2,""3127L_0"":1,""4808_0"":1,""7880C_0"":0,""JON_A_0"":1,""PARX_1"":0}"
unconstrained_charger_demand_not_capacity_feasible,shared_service_day_fixed_common_duty_set,peak12,>= initial,uncapped_optimized,21,30,410.47099760000003,410.47099760000003,4,960.0,2,"{""2190L_0"":2,""3127L_0"":2,""4808_0"":1,""7880C_0"":0,""JON_A_0"":1,""PARX_1"":0}"
unconstrained_charger_demand_not_capacity_feasible,shared_service_day_fixed_common_duty_set,peak12,>= initial,uncapped_optimized,22,30,412.02999950000003,412.02999950000003,4,960.0,3,"{""2190L_0"":3,""3127L_0"":1,""4808_0"":1,""7880C_0"":0,""JON_A_0"":1,""PARX_1"":0}"
unconstrained_charger_demand_not_capacity_feasible,shared_service_day_fixed_common_duty_set,peak12,>= initial,uncapped_optimized,23,30,197.5299995,197.5299995,2,480.0,1,"{""2190L_0"":1,""3127L_0"":1,""4808_0"":1,""7880C_0"":0,""JON_A_0"":1,""PARX_1"":0}"
unconstrained_charger_demand_not_capacity_feasible,shared_service_day_fixed_common_duty_set,peak12,>= initial,uncapped_optimized,24,30,3922.4909994,3922.4909994,18,4320.0,16,"{""2190L_0"":1,""3127L_0"":1,""4808_0"":0,""7880C_0"":0,""JON_A_0"":0,""PARX_1"":16}"
unconstrained_charger_demand_not_capacity_feasible,shared_service_day_fixed_common_duty_set,peak12,>= initial,uncapped_optimized,25,30,3080.0,3080.0,14,3360.0,14,"{""2190L_0"":0,""3127L_0"":0,""4808_0"":0,""7880C_0"":0,""JON_A_0"":0,""PARX_1"":14}"
unconstrained_charger_demand_not_capacity_feasible,shared_service_day_fixed_common_duty_set,peak12,>= initial,uncapped_optimized,26,30,0.0,0.0,0,0.0,0,"{""2190L_0"":0,""3127L_0"":0,""4808_0"":0,""7880C_0"":0,""JON_A_0"":0,""PARX_1"":0}"
unconstrained_charger_demand_not_capacity_feasible,shared_service_day_fixed_common_duty_set,peak12,>= initial,capped_arrival,0,30,0.0,0.0,0,0.0,0,"{""2190L_0"":0,""3127L_0"":0,""4808_0"":0,""7880C_0"":0,""JON_A_0"":0,""PARX_1"":0}"
unconstrained_charger_demand_not_capacity_feasible,shared_service_day_fixed_common_duty_set,peak12,>= initial,capped_arrival,1,30,0.0,0.0,0,0.0,0,"{""2190L_0"":0,""3127L_0"":0,""4808_0"":0,""7880C_0"":0,""JON_A_0"":0,""PARX_1"":0}"
unconstrained_charger_demand_not_capacity_feasible,shared_service_day_fixed_common_duty_set,peak12,>= initial,capped_arrival,2,30,0.0,0.0,0,0.0,0,"{""2190L_0"":0,""3127L_0"":0,""4808_0"":0,""7880C_0"":0,""JON_A_0"":0,""PARX_1"":0}"
unconstrained_charger_demand_not_capacity_feasible,shared_service_day_fixed_common_duty_set,peak12,>= initial,capped_arrival,3,30,0.0,0.0,0,0.0,0,"{""2190L_0"":0,""3127L_0"":0,""4808_0"":0,""7880C_0"":0,""JON_A_0"":0,""PARX_1"":0}"
unconstrained_charger_demand_not_capacity_feasible,shared_service_day_fixed_common_duty_set,peak12,>= initial,capped_arrival,4,30,0.0,0.0,0,0.0,0,"{""2190L_0"":0,""3127L_0"":0,""4808_0"":0,""7880C_0"":0,""JON_A_0"":0,""PARX_1"":0}"
unconstrained_charger_demand_not_capacity_feasible,shared_service_day_fixed_common_duty_set,peak12,>= initial,capped_arrival,5,30,158.26699980000004,158.26699980000004,2,480.0,1,"{""2190L_0"":1,""3127L_0"":1,""4808_0"":1,""7880C_0"":1,""JON_A_0"":0,""PARX_1"":0}"
unconstrained_charger_demand_not_capacity_feasible,shared_service_day_fixed_common_duty_set,peak12,>= initial,capped_arrival,6,30,611.1619992,611.1619992,6,1440.0,2,"{""2190L_0"":2,""3127L_0"":2,""4808_0"":1,""7880C_0"":1,""JON_A_0"":1,""PARX_1"":0}"
unconstrained_charger_demand_not_capacity_feasible,shared_service_day_fixed_common_duty_set,peak12,>= initial,capped_arrival,7,30,620.3329931199999,620.3329931199999,5,1200.0,2,"{""2190L_0"":2,""3127L_0"":1,""4808_0"":1,""7880C_0"":1,""JON_A_0"":1,""PARX_1"":1}"
unconstrained_charger_demand_not_capacity_feasible,shared_service_day_fixed_common_duty_set,peak12,>= initial,capped_arrival,8,30,970.2799962600001,970.2799962600001,6,1440.0,2,"{""2190L_0"":2,""3127L_0"":1,""4808_0"":1,""7880C_0"":1,""JON_A_0"":1,""PARX_1"":2}"
unconstrained_charger_demand_not_capacity_feasible,shared_service_day_fixed_common_duty_set,peak12,>= initial,capped_arrival,9,30,685.8309937999975,685.8309937999975,6,1440.0,2,"{""2190L_0"":2,""3127L_0"":2,""4808_0"":1,""7880C_0"":1,""JON_A_0"":1,""PARX_1"":1}"
unconstrained_charger_demand_not_capacity_feasible,shared_service_day_fixed_common_duty_set,peak12,>= initial,capped_arrival,10,30,346.02998532999993,346.02998532999993,4,960.0,1,"{""2190L_0"":1,""3127L_0"":1,""4808_0"":1,""7880C_0"":1,""JON_A_0"":1,""PARX_1"":0}"
unconstrained_charger_demand_not_capacity_feasible,shared_service_day_fixed_common_duty_set,peak12,>= initial,capped_arrival,11,30,237.1299798499999,237.1299798499999,3,720.0,1,"{""2190L_0"":1,""3127L_0"":1,""4808_0"":0,""7880C_0"":0,""JON_A_0"":1,""PARX_1"":0}"
unconstrained_charger_demand_not_capacity_feasible,shared_service_day_fixed_common_duty_set,peak12,>= initial,capped_arrival,12,30,49.03799598000006,49.03799598000006,1,240.0,1,"{""2190L_0"":0,""3127L_0"":1,""4808_0"":0,""7880C_0"":1,""JON_A_0"":0,""PARX_1"":0}"
unconstrained_charger_demand_not_capacity_feasible,shared_service_day_fixed_common_duty_set,peak12,>= initial,capped_arrival,13,30,189.22099668,189.22099668,2,480.0,1,"{""2190L_0"":1,""3127L_0"":0,""4808_0"":0,""7880C_0"":1,""JON_A_0"":1,""PARX_1"":0}"
unconstrained_charger_demand_not_capacity_feasible,shared_service_day_fixed_common_duty_set,peak12,>= initial,capped_arrival,14,30,585.4199807599998,585.4199807599998,5,1200.0,2,"{""2190L_0"":2,""3127L_0"":1,""4808_0"":1,""7880C_0"":0,""JON_A_0"":2,""PARX_1"":1}"
unconstrained_charger_demand_not_capacity_feasible,shared_service_day_fixed_common_duty_set,peak12,>= initial,capped_arrival,15,30,490.29999499999997,490.29999499999997,6,1440.0,2,"{""2190L_0"":2,""3127L_0"":1,""4808_0"":1,""7880C_0"":1,""JON_A_0"":2,""PARX_1"":0}"
unconstrained_charger_demand_not_capacity_feasible,shared_service_day_fixed_common_duty_set,peak12,>= initial,capped_arrival,16,30,781.23799746,781.23799746,5,1200.0,2,"{""2190L_0"":2,""3127L_0"":2,""4808_0"":1,""7880C_0"":0,""JON_A_0"":2,""PARX_1"":1}"
unconstrained_charger_demand_not_capacity_feasible,shared_service_day_fixed_common_duty_set,peak12,>= initial,capped_arrival,17,30,1132.0559964000001,1132.0559964000001,7,1680.0,5,"{""2190L_0"":2,""3127L_0"":1,""4808_0"":1,""7880C_0"":0,""JON_A_0"":2,""PARX_1"":5}"
unconstrained_charger_demand_not_capacity_feasible,shared_service_day_fixed_common_duty_set,peak12,>= initial,capped_arrival,18,30,1986.7359981000002,1986.7359981000002,11,2640.0,8,"{""2190L_0"":2,""3127L_0"":1,""4808_0"":1,""7880C_0"":0,""JON_A_0"":1,""PARX_1"":8}"
unconstrained_charger_demand_not_capacity_feasible,shared_service_day_fixed_common_duty_set,peak12,>= initial,capped_arrival,19,30,2033.179997,2033.179997,11,2640.0,7,"{""2190L_0"":2,""3127L_0"":1,""4808_0"":1,""7880C_0"":1,""JON_A_0"":0,""PARX_1"":7}"
unconstrained_charger_demand_not_capacity_feasible,shared_service_day_fixed_common_duty_set,peak12,>= initial,capped_arrival,20,30,647.0899985000001,647.0899985000001,7,1680.0,4,"{""2190L_0"":1,""3127L_0"":1,""4808_0"":1,""7880C_0"":0,""JON_A_0"":0,""PARX_1"":4}"
unconstrained_charger_demand_not_capacity_feasible,shared_service_day_fixed_common_duty_set,peak12,>= initial,capped_arrival,21,30,662.7009971,662.7009971,4,960.0,3,"{""2190L_0"":2,""3127L_0"":2,""4808_0"":1,""7880C_0"":0,""JON_A_0"":0,""PARX_1"":3}"
unconstrained_charger_demand_not_capacity_feasible,shared_service_day_fixed_common_duty_set,peak12,>= initial,capped_arrival,22,30,790.5000000000001,790.5000000000001,6,1440.0,3,"{""2190L_0"":2,""3127L_0"":1,""4808_0"":1,""7880C_0"":0,""JON_A_0"":0,""PARX_1"":3}"
unconstrained_charger_demand_not_capacity_feasible,shared_service_day_fixed_common_duty_set,peak12,>= initial,capped_arrival,23,30,545.5299995,545.5299995,5,1200.0,4,"{""2190L_0"":1,""3127L_0"":1,""4808_0"":1,""7880C_0"":0,""JON_A_0"":0,""PARX_1"":4}"
unconstrained_charger_demand_not_capacity_feasible,shared_service_day_fixed_common_duty_set,peak12,>= initial,capped_arrival,24,30,1300.0,1300.0,8,1920.0,7,"{""2190L_0"":1,""3127L_0"":1,""4808_0"":0,""7880C_0"":0,""JON_A_0"":0,""PARX_1"":7}"
unconstrained_charger_demand_not_capacity_feasible,shared_service_day_fixed_common_duty_set,peak12,>= initial,capped_arrival,25,30,812.0,812.0,5,1200.0,5,"{""2190L_0"":0,""3127L_0"":0,""4808_0"":0,""7880C_0"":0,""JON_A_0"":0,""PARX_1"":5}"
unconstrained_charger_demand_not_capacity_feasible,shared_service_day_fixed_common_duty_set,peak12,>= initial,capped_arrival,26,30,0.0,0.0,0,0.0,0,"{""2190L_0"":0,""3127L_0"":0,""4808_0"":0,""7880C_0"":0,""JON_A_0"":0,""PARX_1"":0}"
unconstrained_charger_demand_not_capacity_feasible,shared_service_day_fixed_common_duty_set,peak12,>= initial,capped_optimized,0,30,0.0,0.0,0,0.0,0,"{""2190L_0"":0,""3127L_0"":0,""4808_0"":0,""7880C_0"":0,""JON_A_0"":0,""PARX_1"":0}"
unconstrained_charger_demand_not_capacity_feasible,shared_service_day_fixed_common_duty_set,peak12,>= initial,capped_optimized,1,30,0.0,0.0,0,0.0,0,"{""2190L_0"":0,""3127L_0"":0,""4808_0"":0,""7880C_0"":0,""JON_A_0"":0,""PARX_1"":0}"
unconstrained_charger_demand_not_capacity_feasible,shared_service_day_fixed_common_duty_set,peak12,>= initial,capped_optimized,2,30,0.0,0.0,0,0.0,0,"{""2190L_0"":0,""3127L_0"":0,""4808_0"":0,""7880C_0"":0,""JON_A_0"":0,""PARX_1"":0}"
unconstrained_charger_demand_not_capacity_feasible,shared_service_day_fixed_common_duty_set,peak12,>= initial,capped_optimized,3,30,0.0,0.0,0,0.0,0,"{""2190L_0"":0,""3127L_0"":0,""4808_0"":0,""7880C_0"":0,""JON_A_0"":0,""PARX_1"":0}"
unconstrained_charger_demand_not_capacity_feasible,shared_service_day_fixed_common_duty_set,peak12,>= initial,capped_optimized,4,30,0.0,0.0,0,0.0,0,"{""2190L_0"":0,""3127L_0"":0,""4808_0"":0,""7880C_0"":0,""JON_A_0"":0,""PARX_1"":0}"
unconstrained_charger_demand_not_capacity_feasible,shared_service_day_fixed_common_duty_set,peak12,>= initial,capped_optimized,5,30,158.2669998,158.2669998,2,480.0,1,"{""2190L_0"":1,""3127L_0"":1,""4808_0"":1,""7880C_0"":1,""JON_A_0"":0,""PARX_1"":0}"
unconstrained_charger_demand_not_capacity_feasible,shared_service_day_fixed_common_duty_set,peak12,>= initial,capped_optimized,6,30,611.1619992,611.1619992,6,1440.0,2,"{""2190L_0"":2,""3127L_0"":2,""4808_0"":1,""7880C_0"":1,""JON_A_0"":1,""PARX_1"":0}"
unconstrained_charger_demand_not_capacity_feasible,shared_service_day_fixed_common_duty_set,peak12,>= initial,capped_optimized,7,30,620.3329931200676,620.3329931200676,5,1200.0,2,"{""2190L_0"":2,""3127L_0"":1,""4808_0"":1,""7880C_0"":1,""JON_A_0"":1,""PARX_1"":1}"
unconstrained_charger_demand_not_capacity_feasible,shared_service_day_fixed_common_duty_set,peak12,>= initial,capped_optimized,8,30,966.6319951199999,966.6319951199999,6,1440.0,2,"{""2190L_0"":2,""3127L_0"":1,""4808_0"":1,""7880C_0"":1,""JON_A_0"":1,""PARX_1"":1}"
unconstrained_charger_demand_not_capacity_feasible,shared_service_day_fixed_common_duty_set,peak12,>= initial,capped_optimized,9,30,670.5209923,670.5209923,6,1440.0,2,"{""2190L_0"":2,""3127L_0"":2,""4808_0"":1,""7880C_0"":1,""JON_A_0"":1,""PARX_1"":1}"
unconstrained_charger_demand_not_capacity_feasible,shared_service_day_fixed_common_duty_set,peak12,>= initial,capped_optimized,10,30,324.8909880200001,324.8909880200001,4,960.0,1,"{""2190L_0"":1,""3127L_0"":1,""4808_0"":1,""7880C_0"":1,""JON_A_0"":1,""PARX_1"":0}"
unconstrained_charger_demand_not_capacity_feasible,shared_service_day_fixed_common_duty_set,peak12,>= initial,capped_optimized,11,30,237.12997984999984,237.12997984999984,3,720.0,1,"{""2190L_0"":1,""3127L_0"":1,""4808_0"":0,""7880C_0"":0,""JON_A_0"":1,""PARX_1"":0}"
unconstrained_charger_demand_not_capacity_feasible,shared_service_day_fixed_common_duty_set,peak12,>= initial,capped_optimized,12,30,29.037995980000005,29.037995980000005,1,240.0,1,"{""2190L_0"":0,""3127L_0"":1,""4808_0"":0,""7880C_0"":0,""JON_A_0"":0,""PARX_1"":0}"
unconstrained_charger_demand_not_capacity_feasible,shared_service_day_fixed_common_duty_set,peak12,>= initial,capped_optimized,13,30,105.14099706,105.14099706,2,480.0,1,"{""2190L_0"":1,""3127L_0"":0,""4808_0"":0,""7880C_0"":0,""JON_A_0"":1,""PARX_1"":0}"
unconstrained_charger_demand_not_capacity_feasible,shared_service_day_fixed_common_duty_set,peak12,>= initial,capped_optimized,14,30,502.17897868999887,502.17897868999887,4,960.0,2,"{""2190L_0"":1,""3127L_0"":1,""4808_0"":1,""7880C_0"":0,""JON_A_0"":2,""PARX_1"":1}"
unconstrained_charger_demand_not_capacity_feasible,shared_service_day_fixed_common_duty_set,peak12,>= initial,capped_optimized,15,30,678.0699954999998,678.0699954999998,6,1440.0,2,"{""2190L_0"":2,""3127L_0"":1,""4808_0"":1,""7880C_0"":2,""JON_A_0"":2,""PARX_1"":0}"
unconstrained_charger_demand_not_capacity_feasible,shared_service_day_fixed_common_duty_set,peak12,>= initial,capped_optimized,16,30,736.8859986,736.8859986,5,1200.0,2,"{""2190L_0"":2,""3127L_0"":2,""4808_0"":1,""7880C_0"":0,""JON_A_0"":2,""PARX_1"":0}"
unconstrained_charger_demand_not_capacity_feasible,shared_service_day_fixed_common_duty_set,peak12,>= initial,capped_optimized,17,30,604.0559963999999,604.0559963999999,5,1200.0,2,"{""2190L_0"":2,""3127L_0"":1,""4808_0"":1,""7880C_0"":0,""JON_A_0"":2,""PARX_1"":0}"
unconstrained_charger_demand_not_capacity_feasible,shared_service_day_fixed_common_duty_set,peak12,>= initial,capped_optimized,18,30,396.24499870000005,396.24499870000005,4,960.0,1,"{""2190L_0"":1,""3127L_0"":1,""4808_0"":1,""7880C_0"":0,""JON_A_0"":1,""PARX_1"":0}"
unconstrained_charger_demand_not_capacity_feasible,shared_service_day_fixed_common_duty_set,peak12,>= initial,capped_optimized,19,30,537.179997,537.179997,4,960.0,2,"{""2190L_0"":2,""3127L_0"":1,""4808_0"":1,""7880C_0"":1,""JON_A_0"":0,""PARX_1"":0}"
unconstrained_charger_demand_not_capacity_feasible,shared_service_day_fixed_common_duty_set,peak12,>= initial,capped_optimized,20,30,469.7899985,469.7899985,4,960.0,2,"{""2190L_0"":2,""3127L_0"":1,""4808_0"":1,""7880C_0"":0,""JON_A_0"":0,""PARX_1"":0}"
unconstrained_charger_demand_not_capacity_feasible,shared_service_day_fixed_common_duty_set,peak12,>= initial,capped_optimized,21,30,406.47099760000003,406.47099760000003,4,960.0,2,"{""2190L_0"":2,""3127L_0"":2,""4808_0"":1,""7880C_0"":0,""JON_A_0"":0,""PARX_1"":0}"
unconstrained_charger_demand_not_capacity_feasible,shared_service_day_fixed_common_duty_set,peak12,>= initial,capped_optimized,22,30,392.02999950000003,392.02999950000003,4,960.0,3,"{""2190L_0"":3,""3127L_0"":1,""4808_0"":1,""7880C_0"":0,""JON_A_0"":0,""PARX_1"":0}"
unconstrained_charger_demand_not_capacity_feasible,shared_service_day_fixed_common_duty_set,peak12,>= initial,capped_optimized,23,30,185.5299995,185.5299995,2,480.0,1,"{""2190L_0"":1,""3127L_0"":1,""4808_0"":1,""7880C_0"":0,""JON_A_0"":0,""PARX_1"":0}"
unconstrained_charger_demand_not_capacity_feasible,shared_service_day_fixed_common_duty_set,peak12,>= initial,capped_optimized,24,30,2338.4909994,2338.4909994,12,2880.0,10,"{""2190L_0"":1,""3127L_0"":1,""4808_0"":0,""7880C_0"":0,""JON_A_0"":0,""PARX_1"":10}"
unconstrained_charger_demand_not_capacity_feasible,shared_service_day_fixed_common_duty_set,peak12,>= initial,capped_optimized,25,30,4664.000000000588,4664.000000000588,20,4800.0,20,"{""2190L_0"":0,""3127L_0"":0,""4808_0"":0,""7880C_0"":0,""JON_A_0"":0,""PARX_1"":20}"
unconstrained_charger_demand_not_capacity_feasible,shared_service_day_fixed_common_duty_set,peak12,>= initial,capped_optimized,26,30,0.0,0.0,0,0.0,0,"{""2190L_0"":0,""3127L_0"":0,""4808_0"":0,""7880C_0"":0,""JON_A_0"":0,""PARX_1"":0}"
unconstrained_charger_demand_not_capacity_feasible,shared_service_day_fixed_common_duty_set,two_peak_se3_synthetic,>= reserve,uncapped_arrival,0,30,0.0,0.0,0,0.0,0,"{""2190L_0"":0,""3127L_0"":0,""4808_0"":0,""7880C_0"":0,""JON_A_0"":0,""PARX_1"":0}"
unconstrained_charger_demand_not_capacity_feasible,shared_service_day_fixed_common_duty_set,two_peak_se3_synthetic,>= reserve,uncapped_arrival,1,30,0.0,0.0,0,0.0,0,"{""2190L_0"":0,""3127L_0"":0,""4808_0"":0,""7880C_0"":0,""JON_A_0"":0,""PARX_1"":0}"
unconstrained_charger_demand_not_capacity_feasible,shared_service_day_fixed_common_duty_set,two_peak_se3_synthetic,>= reserve,uncapped_arrival,2,30,0.0,0.0,0,0.0,0,"{""2190L_0"":0,""3127L_0"":0,""4808_0"":0,""7880C_0"":0,""JON_A_0"":0,""PARX_1"":0}"
unconstrained_charger_demand_not_capacity_feasible,shared_service_day_fixed_common_duty_set,two_peak_se3_synthetic,>= reserve,uncapped_arrival,3,30,0.0,0.0,0,0.0,0,"{""2190L_0"":0,""3127L_0"":0,""4808_0"":0,""7880C_0"":0,""JON_A_0"":0,""PARX_1"":0}"
unconstrained_charger_demand_not_capacity_feasible,shared_service_day_fixed_common_duty_set,two_peak_se3_synthetic,>= reserve,uncapped_arrival,4,30,0.0,0.0,0,0.0,0,"{""2190L_0"":0,""3127L_0"":0,""4808_0"":0,""7880C_0"":0,""JON_A_0"":0,""PARX_1"":0}"
unconstrained_charger_demand_not_capacity_feasible,shared_service_day_fixed_common_duty_set,two_peak_se3_synthetic,>= reserve,uncapped_arrival,5,30,206.26699980000004,206.26699980000004,3,720.0,1,"{""2190L_0"":1,""3127L_0"":1,""4808_0"":1,""7880C_0"":1,""JON_A_0"":1,""PARX_1"":0}"
unconstrained_charger_demand_not_capacity_feasible,shared_service_day_fixed_common_duty_set,two_peak_se3_synthetic,>= reserve,uncapped_arrival,6,30,639.1619992,639.1619992,6,1440.0,2,"{""2190L_0"":2,""3127L_0"":2,""4808_0"":1,""7880C_0"":1,""JON_A_0"":1,""PARX_1"":0}"
unconstrained_charger_demand_not_capacity_feasible,shared_service_day_fixed_common_duty_set,two_peak_se3_synthetic,>= reserve,uncapped_arrival,7,30,503.97599054,503.97599054,5,1200.0,2,"{""2190L_0"":2,""3127L_0"":2,""4808_0"":1,""7880C_0"":2,""JON_A_0"":1,""PARX_1"":0}"
unconstrained_charger_demand_not_capacity_feasible,shared_service_day_fixed_common_duty_set,two_peak_se3_synthetic,>= reserve,uncapped_arrival,8,30,249.65799302000002,249.65799302000002,2,480.0,1,"{""2190L_0"":1,""3127L_0"":1,""4808_0"":1,""7880C_0"":0,""JON_A_0"":1,""PARX_1"":0}"
unconstrained_charger_demand_not_capacity_feasible,shared_service_day_fixed_common_duty_set,two_peak_se3_synthetic,>= reserve,uncapped_arrival,9,30,148.36398236,148.36398236,2,480.0,1,"{""2190L_0"":1,""3127L_0"":1,""4808_0"":0,""7880C_0"":0,""JON_A_0"":0,""PARX_1"":0}"
unconstrained_charger_demand_not_capacity_feasible,shared_service_day_fixed_common_duty_set,two_peak_se3_synthetic,>= reserve,uncapped_arrival,10,30,310.29099527999983,310.29099527999983,5,1200.0,2,"{""2190L_0"":1,""3127L_0"":1,""4808_0"":1,""7880C_0"":1,""JON_A_0"":2,""PARX_1"":0}"
unconstrained_charger_demand_not_capacity_feasible,shared_service_day_fixed_common_duty_set,two_peak_se3_synthetic,>= reserve,uncapped_arrival,11,30,696.9719884299999,696.9719884299999,5,1200.0,2,"{""2190L_0"":2,""3127L_0"":2,""4808_0"":1,""7880C_0"":1,""JON_A_0"":2,""PARX_1"":0}"
unconstrained_charger_demand_not_capacity_feasible,shared_service_day_fixed_common_duty_set,two_peak_se3_synthetic,>= reserve,uncapped_arrival,12,30,840.99799244,840.99799244,7,1680.0,2,"{""2190L_0"":2,""3127L_0"":2,""4808_0"":1,""7880C_0"":2,""JON_A_0"":1,""PARX_1"":0}"
unconstrained_charger_demand_not_capacity_feasible,shared_service_day_fixed_common_duty_set,two_peak_se3_synthetic,>= reserve,uncapped_arrival,13,30,1353.72999533,1353.72999533,9,2160.0,3,"{""2190L_0"":3,""3127L_0"":2,""4808_0"":1,""7880C_0"":2,""JON_A_0"":2,""PARX_1"":1}"
unconstrained_charger_demand_not_capacity_feasible,shared_service_day_fixed_common_duty_set,two_peak_se3_synthetic,>= reserve,uncapped_arrival,14,30,980.0,980.0,6,1440.0,2,"{""2190L_0"":2,""3127L_0"":2,""4808_0"":1,""7880C_0"":1,""JON_A_0"":2,""PARX_1"":0}"
unconstrained_charger_demand_not_capacity_feasible,shared_service_day_fixed_common_duty_set,two_peak_se3_synthetic,>= reserve,uncapped_arrival,15,30,772.0139958999999,772.0139958999999,6,1440.0,2,"{""2190L_0"":2,""3127L_0"":2,""4808_0"":1,""7880C_0"":1,""JON_A_0"":1,""PARX_1"":0}"
unconstrained_charger_demand_not_capacity_feasible,shared_service_day_fixed_common_duty_set,two_peak_se3_synthetic,>= reserve,uncapped_arrival,16,30,464.43698935999987,464.43698935999987,4,960.0,2,"{""2190L_0"":2,""3127L_0"":1,""4808_0"":1,""7880C_0"":1,""JON_A_0"":2,""PARX_1"":0}"
unconstrained_charger_demand_not_capacity_feasible,shared_service_day_fixed_common_duty_set,two_peak_se3_synthetic,>= reserve,uncapped_arrival,17,30,287.68099382,287.68099382,3,720.0,2,"{""2190L_0"":1,""3127L_0"":1,""4808_0"":1,""7880C_0"":0,""JON_A_0"":2,""PARX_1"":0}"
unconstrained_charger_demand_not_capacity_feasible,shared_service_day_fixed_common_duty_set,two_peak_se3_synthetic,>= reserve,uncapped_arrival,18,30,11.679996999999958,11.679996999999958,1,240.0,1,"{""2190L_0"":1,""3127L_0"":0,""4808_0"":0,""7880C_0"":0,""JON_A_0"":0,""PARX_1"":0}"
unconstrained_charger_demand_not_capacity_feasible,shared_service_day_fixed_common_duty_set,two_peak_se3_synthetic,>= reserve,uncapped_arrival,19,30,12.829997899999938,12.829997899999938,1,240.0,1,"{""2190L_0"":0,""3127L_0"":1,""4808_0"":0,""7880C_0"":0,""JON_A_0"":0,""PARX_1"":0}"
unconstrained_charger_demand_not_capacity_feasible,shared_service_day_fixed_common_duty_set,two_peak_se3_synthetic,>= reserve,uncapped_arrival,20,30,60.27699635999992,60.27699635999992,1,240.0,1,"{""2190L_0"":1,""3127L_0"":1,""4808_0"":0,""7880C_0"":0,""JON_A_0"":1,""PARX_1"":0}"
unconstrained_charger_demand_not_capacity_feasible,shared_service_day_fixed_common_duty_set,two_peak_se3_synthetic,>= reserve,uncapped_arrival,21,30,310.27099760000004,310.27099760000004,3,720.0,2,"{""2190L_0"":1,""3127L_0"":2,""4808_0"":1,""7880C_0"":0,""JON_A_0"":1,""PARX_1"":0}"
unconstrained_charger_demand_not_capacity_feasible,shared_service_day_fixed_common_duty_set,two_peak_se3_synthetic,>= reserve,uncapped_arrival,22,30,225.12899769999996,225.12899769999996,2,480.0,1,"{""2190L_0"":1,""3127L_0"":1,""4808_0"":1,""7880C_0"":0,""JON_A_0"":1,""PARX_1"":0}"
unconstrained_charger_demand_not_capacity_feasible,shared_service_day_fixed_common_duty_set,two_peak_se3_synthetic,>= reserve,uncapped_arrival,23,30,228.82999949999999,228.82999949999999,3,720.0,1,"{""2190L_0"":1,""3127L_0"":1,""4808_0"":1,""7880C_0"":0,""JON_A_0"":1,""PARX_1"":0}"
unconstrained_charger_demand_not_capacity_feasible,shared_service_day_fixed_common_duty_set,two_peak_se3_synthetic,>= reserve,uncapped_arrival,24,30,124.50899889999998,124.50899889999998,2,480.0,1,"{""2190L_0"":1,""3127L_0"":1,""4808_0"":1,""7880C_0"":1,""JON_A_0"":0,""PARX_1"":0}"
unconstrained_charger_demand_not_capacity_feasible,shared_service_day_fixed_common_duty_set,two_peak_se3_synthetic,>= reserve,uncapped_arrival,25,30,28.599999999999998,28.599999999999998,2,480.0,1,"{""2190L_0"":0,""3127L_0"":1,""4808_0"":1,""7880C_0"":0,""JON_A_0"":0,""PARX_1"":0}"
unconstrained_charger_demand_not_capacity_feasible,shared_service_day_fixed_common_duty_set,two_peak_se3_synthetic,>= reserve,uncapped_arrival,26,30,0.0,0.0,0,0.0,0,"{""2190L_0"":0,""3127L_0"":0,""4808_0"":0,""7880C_0"":0,""JON_A_0"":0,""PARX_1"":0}"
unconstrained_charger_demand_not_capacity_feasible,shared_service_day_fixed_common_duty_set,two_peak_se3_synthetic,>= reserve,uncapped_optimized,0,30,0.0,0.0,0,0.0,0,"{""2190L_0"":0,""3127L_0"":0,""4808_0"":0,""7880C_0"":0,""JON_A_0"":0,""PARX_1"":0}"
unconstrained_charger_demand_not_capacity_feasible,shared_service_day_fixed_common_duty_set,two_peak_se3_synthetic,>= reserve,uncapped_optimized,1,30,0.0,0.0,0,0.0,0,"{""2190L_0"":0,""3127L_0"":0,""4808_0"":0,""7880C_0"":0,""JON_A_0"":0,""PARX_1"":0}"
unconstrained_charger_demand_not_capacity_feasible,shared_service_day_fixed_common_duty_set,two_peak_se3_synthetic,>= reserve,uncapped_optimized,2,30,0.0,0.0,0,0.0,0,"{""2190L_0"":0,""3127L_0"":0,""4808_0"":0,""7880C_0"":0,""JON_A_0"":0,""PARX_1"":0}"
unconstrained_charger_demand_not_capacity_feasible,shared_service_day_fixed_common_duty_set,two_peak_se3_synthetic,>= reserve,uncapped_optimized,3,30,0.0,0.0,0,0.0,0,"{""2190L_0"":0,""3127L_0"":0,""4808_0"":0,""7880C_0"":0,""JON_A_0"":0,""PARX_1"":0}"
unconstrained_charger_demand_not_capacity_feasible,shared_service_day_fixed_common_duty_set,two_peak_se3_synthetic,>= reserve,uncapped_optimized,4,30,0.0,0.0,0,0.0,0,"{""2190L_0"":0,""3127L_0"":0,""4808_0"":0,""7880C_0"":0,""JON_A_0"":0,""PARX_1"":0}"
unconstrained_charger_demand_not_capacity_feasible,shared_service_day_fixed_common_duty_set,two_peak_se3_synthetic,>= reserve,uncapped_optimized,5,30,206.2669998,206.2669998,3,720.0,1,"{""2190L_0"":1,""3127L_0"":1,""4808_0"":1,""7880C_0"":1,""JON_A_0"":1,""PARX_1"":0}"
unconstrained_charger_demand_not_capacity_feasible,shared_service_day_fixed_common_duty_set,two_peak_se3_synthetic,>= reserve,uncapped_optimized,6,30,639.1619992,639.1619992,6,1440.0,2,"{""2190L_0"":2,""3127L_0"":2,""4808_0"":1,""7880C_0"":1,""JON_A_0"":1,""PARX_1"":0}"
unconstrained_charger_demand_not_capacity_feasible,shared_service_day_fixed_common_duty_set,two_peak_se3_synthetic,>= reserve,uncapped_optimized,7,30,370.9279884599999,370.9279884599999,3,720.0,2,"{""2190L_0"":2,""3127L_0"":1,""4808_0"":1,""7880C_0"":2,""JON_A_0"":1,""PARX_1"":0}"
unconstrained_charger_demand_not_capacity_feasible,shared_service_day_fixed_common_duty_set,two_peak_se3_synthetic,>= reserve,uncapped_optimized,8,30,136.71999299999982,136.71999299999982,1,240.0,1,"{""2190L_0"":1,""3127L_0"":1,""4808_0"":1,""7880C_0"":0,""JON_A_0"":0,""PARX_1"":0}"
unconstrained_charger_demand_not_capacity_feasible,shared_service_day_fixed_common_duty_set,two_peak_se3_synthetic,>= reserve,uncapped_optimized,9,30,33.87999046,33.87999046,2,480.0,1,"{""2190L_0"":1,""3127L_0"":1,""4808_0"":0,""7880C_0"":0,""JON_A_0"":0,""PARX_1"":0}"
unconstrained_charger_demand_not_capacity_feasible,shared_service_day_fixed_common_duty_set,two_peak_se3_synthetic,>= reserve,uncapped_optimized,10,30,246.1849971200001,246.1849971200001,3,720.0,2,"{""2190L_0"":1,""3127L_0"":2,""4808_0"":1,""7880C_0"":1,""JON_A_0"":0,""PARX_1"":0}"
unconstrained_charger_demand_not_capacity_feasible,shared_service_day_fixed_common_duty_set,two_peak_se3_synthetic,>= reserve,uncapped_optimized,11,30,625.6959899099995,625.6959899099995,6,1440.0,2,"{""2190L_0"":2,""3127L_0"":1,""4808_0"":1,""7880C_0"":1,""JON_A_0"":2,""PARX_1"":1}"
unconstrained_charger_demand_not_capacity_feasible,shared_service_day_fixed_common_duty_set,two_peak_se3_synthetic,>= reserve,uncapped_optimized,12,30,1252.559989200001,1252.559989200001,9,2160.0,3,"{""2190L_0"":2,""3127L_0"":3,""4808_0"":1,""7880C_0"":1,""JON_A_0"":2,""PARX_1"":2}"
unconstrained_charger_demand_not_capacity_feasible,shared_service_day_fixed_common_duty_set,two_peak_se3_synthetic,>= reserve,uncapped_optimized,13,30,1433.95798565,1433.95798565,12,2880.0,3,"{""2190L_0"":3,""3127L_0"":3,""4808_0"":1,""7880C_0"":2,""JON_A_0"":2,""PARX_1"":2}"
unconstrained_charger_demand_not_capacity_feasible,shared_service_day_fixed_common_duty_set,two_peak_se3_synthetic,>= reserve,uncapped_optimized,14,30,956.4599989999999,956.4599989999999,6,1440.0,2,"{""2190L_0"":2,""3127L_0"":2,""4808_0"":1,""7880C_0"":1,""JON_A_0"":2,""PARX_1"":0}"
unconstrained_charger_demand_not_capacity_feasible,shared_service_day_fixed_common_duty_set,two_peak_se3_synthetic,>= reserve,uncapped_optimized,15,30,676.6899984999999,676.6899984999999,6,1440.0,2,"{""2190L_0"":2,""3127L_0"":2,""4808_0"":1,""7880C_0"":1,""JON_A_0"":1,""PARX_1"":0}"
unconstrained_charger_demand_not_capacity_feasible,shared_service_day_fixed_common_duty_set,two_peak_se3_synthetic,>= reserve,uncapped_optimized,16,30,436.14699535999995,436.14699535999995,4,960.0,2,"{""2190L_0"":2,""3127L_0"":1,""4808_0"":1,""7880C_0"":0,""JON_A_0"":2,""PARX_1"":0}"
unconstrained_charger_demand_not_capacity_feasible,shared_service_day_fixed_common_duty_set,two_peak_se3_synthetic,>= reserve,uncapped_optimized,17,30,189.86798507999998,189.86798507999998,3,720.0,2,"{""2190L_0"":1,""3127L_0"":1,""4808_0"":1,""7880C_0"":0,""JON_A_0"":2,""PARX_1"":0}"
unconstrained_charger_demand_not_capacity_feasible,shared_service_day_fixed_common_duty_set,two_peak_se3_synthetic,>= reserve,uncapped_optimized,18,30,11.679996999999958,11.679996999999958,1,240.0,1,"{""2190L_0"":1,""3127L_0"":0,""4808_0"":0,""7880C_0"":0,""JON_A_0"":0,""PARX_1"":0}"
unconstrained_charger_demand_not_capacity_feasible,shared_service_day_fixed_common_duty_set,two_peak_se3_synthetic,>= reserve,uncapped_optimized,19,30,0.0,0.0,0,0.0,0,"{""2190L_0"":0,""3127L_0"":0,""4808_0"":0,""7880C_0"":0,""JON_A_0"":0,""PARX_1"":0}"
unconstrained_charger_demand_not_capacity_feasible,shared_service_day_fixed_common_duty_set,two_peak_se3_synthetic,>= reserve,uncapped_optimized,20,30,41.7299995,41.7299995,1,240.0,1,"{""2190L_0"":1,""3127L_0"":0,""4808_0"":0,""7880C_0"":0,""JON_A_0"":0,""PARX_1"":0}"
unconstrained_charger_demand_not_capacity_feasible,shared_service_day_fixed_common_duty_set,two_peak_se3_synthetic,>= reserve,uncapped_optimized,21,30,322.47099760000003,322.47099760000003,3,720.0,2,"{""2190L_0"":1,""3127L_0"":2,""4808_0"":1,""7880C_0"":0,""JON_A_0"":1,""PARX_1"":0}"
unconstrained_charger_demand_not_capacity_feasible,shared_service_day_fixed_common_duty_set,two_peak_se3_synthetic,>= reserve,uncapped_optimized,22,30,267.1899985,267.1899985,4,960.0,3,"{""2190L_0"":3,""3127L_0"":0,""4808_0"":1,""7880C_0"":0,""JON_A_0"":1,""PARX_1"":0}"
unconstrained_charger_demand_not_capacity_feasible,shared_service_day_fixed_common_duty_set,two_peak_se3_synthetic,>= reserve,uncapped_optimized,23,30,179.89899819999997,179.89899819999997,2,480.0,1,"{""2190L_0"":1,""3127L_0"":1,""4808_0"":1,""7880C_0"":0,""JON_A_0"":1,""PARX_1"":0}"
unconstrained_charger_demand_not_capacity_feasible,shared_service_day_fixed_common_duty_set,two_peak_se3_synthetic,>= reserve,uncapped_optimized,24,30,73.5089989,73.5089989,1,240.0,1,"{""2190L_0"":1,""3127L_0"":1,""4808_0"":0,""7880C_0"":0,""JON_A_0"":0,""PARX_1"":0}"
unconstrained_charger_demand_not_capacity_feasible,shared_service_day_fixed_common_duty_set,two_peak_se3_synthetic,>= reserve,uncapped_optimized,25,30,376.20000000000044,376.20000000000044,20,4800.0,6,"{""2190L_0"":6,""3127L_0"":3,""4808_0"":4,""7880C_0"":3,""JON_A_0"":4,""PARX_1"":0}"
unconstrained_charger_demand_not_capacity_feasible,shared_service_day_fixed_common_duty_set,two_peak_se3_synthetic,>= reserve,uncapped_optimized,26,30,0.0,0.0,0,0.0,0,"{""2190L_0"":0,""3127L_0"":0,""4808_0"":0,""7880C_0"":0,""JON_A_0"":0,""PARX_1"":0}"
unconstrained_charger_demand_not_capacity_feasible,shared_service_day_fixed_common_duty_set,two_peak_se3_synthetic,>= reserve,capped_arrival,0,30,0.0,0.0,0,0.0,0,"{""2190L_0"":0,""3127L_0"":0,""4808_0"":0,""7880C_0"":0,""JON_A_0"":0,""PARX_1"":0}"
unconstrained_charger_demand_not_capacity_feasible,shared_service_day_fixed_common_duty_set,two_peak_se3_synthetic,>= reserve,capped_arrival,1,30,0.0,0.0,0,0.0,0,"{""2190L_0"":0,""3127L_0"":0,""4808_0"":0,""7880C_0"":0,""JON_A_0"":0,""PARX_1"":0}"
unconstrained_charger_demand_not_capacity_feasible,shared_service_day_fixed_common_duty_set,two_peak_se3_synthetic,>= reserve,capped_arrival,2,30,0.0,0.0,0,0.0,0,"{""2190L_0"":0,""3127L_0"":0,""4808_0"":0,""7880C_0"":0,""JON_A_0"":0,""PARX_1"":0}"
unconstrained_charger_demand_not_capacity_feasible,shared_service_day_fixed_common_duty_set,two_peak_se3_synthetic,>= reserve,capped_arrival,3,30,0.0,0.0,0,0.0,0,"{""2190L_0"":0,""3127L_0"":0,""4808_0"":0,""7880C_0"":0,""JON_A_0"":0,""PARX_1"":0}"
unconstrained_charger_demand_not_capacity_feasible,shared_service_day_fixed_common_duty_set,two_peak_se3_synthetic,>= reserve,capped_arrival,4,30,0.0,0.0,0,0.0,0,"{""2190L_0"":0,""3127L_0"":0,""4808_0"":0,""7880C_0"":0,""JON_A_0"":0,""PARX_1"":0}"
unconstrained_charger_demand_not_capacity_feasible,shared_service_day_fixed_common_duty_set,two_peak_se3_synthetic,>= reserve,capped_arrival,5,30,194.2669998,194.2669998,3,720.0,1,"{""2190L_0"":1,""3127L_0"":1,""4808_0"":1,""7880C_0"":1,""JON_A_0"":1,""PARX_1"":0}"
unconstrained_charger_demand_not_capacity_feasible,shared_service_day_fixed_common_duty_set,two_peak_se3_synthetic,>= reserve,capped_arrival,6,30,619.1619991999999,619.1619991999999,6,1440.0,2,"{""2190L_0"":2,""3127L_0"":2,""4808_0"":1,""7880C_0"":1,""JON_A_0"":1,""PARX_1"":0}"
unconstrained_charger_demand_not_capacity_feasible,shared_service_day_fixed_common_duty_set,two_peak_se3_synthetic,>= reserve,capped_arrival,7,30,490.82299497999986,490.82299497999986,5,1200.0,2,"{""2190L_0"":2,""3127L_0"":2,""4808_0"":1,""7880C_0"":2,""JON_A_0"":1,""PARX_1"":0}"
unconstrained_charger_demand_not_capacity_feasible,shared_service_day_fixed_common_duty_set,two_peak_se3_synthetic,>= reserve,capped_arrival,8,30,295.99299088000066,295.99299088000066,3,720.0,1,"{""2190L_0"":1,""3127L_0"":1,""4808_0"":1,""7880C_0"":1,""JON_A_0"":1,""PARX_1"":0}"
unconstrained_charger_demand_not_capacity_feasible,shared_service_day_fixed_common_duty_set,two_peak_se3_synthetic,>= reserve,capped_arrival,9,30,238.20898245999987,238.20898245999987,2,480.0,1,"{""2190L_0"":1,""3127L_0"":1,""4808_0"":0,""7880C_0"":0,""JON_A_0"":0,""PARX_1"":0}"
unconstrained_charger_demand_not_capacity_feasible,shared_service_day_fixed_common_duty_set,two_peak_se3_synthetic,>= reserve,capped_arrival,10,30,302.29099528000006,302.29099528000006,5,1200.0,2,"{""2190L_0"":1,""3127L_0"":1,""4808_0"":1,""7880C_0"":1,""JON_A_0"":2,""PARX_1"":0}"
unconstrained_charger_demand_not_capacity_feasible,shared_service_day_fixed_common_duty_set,two_peak_se3_synthetic,>= reserve,capped_arrival,11,30,724.2799838899999,724.2799838899999,5,1200.0,2,"{""2190L_0"":2,""3127L_0"":2,""4808_0"":1,""7880C_0"":1,""JON_A_0"":2,""PARX_1"":0}"
unconstrained_charger_demand_not_capacity_feasible,shared_service_day_fixed_common_duty_set,two_peak_se3_synthetic,>= reserve,capped_arrival,12,30,820.99799244,820.99799244,7,1680.0,2,"{""2190L_0"":2,""3127L_0"":2,""4808_0"":1,""7880C_0"":2,""JON_A_0"":1,""PARX_1"":0}"
unconstrained_charger_demand_not_capacity_feasible,shared_service_day_fixed_common_duty_set,two_peak_se3_synthetic,>= reserve,capped_arrival,13,30,1333.72999533,1333.72999533,8,1920.0,3,"{""2190L_0"":3,""3127L_0"":1,""4808_0"":1,""7880C_0"":2,""JON_A_0"":2,""PARX_1"":1}"
unconstrained_charger_demand_not_capacity_feasible,shared_service_day_fixed_common_duty_set,two_peak_se3_synthetic,>= reserve,capped_arrival,14,30,972.0,972.0,6,1440.0,2,"{""2190L_0"":2,""3127L_0"":1,""4808_0"":1,""7880C_0"":1,""JON_A_0"":2,""PARX_1"":0}"
unconstrained_charger_demand_not_capacity_feasible,shared_service_day_fixed_common_duty_set,two_peak_se3_synthetic,>= reserve,capped_arrival,15,30,744.0139959,744.0139959,5,1200.0,2,"{""2190L_0"":2,""3127L_0"":1,""4808_0"":1,""7880C_0"":1,""JON_A_0"":1,""PARX_1"":0}"
unconstrained_charger_demand_not_capacity_feasible,shared_service_day_fixed_common_duty_set,two_peak_se3_synthetic,>= reserve,capped_arrival,16,30,411.62998999999985,411.62998999999985,4,960.0,2,"{""2190L_0"":2,""3127L_0"":1,""4808_0"":1,""7880C_0"":1,""JON_A_0"":2,""PARX_1"":0}"
unconstrained_charger_demand_not_capacity_feasible,shared_service_day_fixed_common_duty_set,two_peak_se3_synthetic,>= reserve,capped_arrival,17,30,169.47799471999994,169.47799471999994,3,720.0,1,"{""2190L_0"":1,""3127L_0"":1,""4808_0"":1,""7880C_0"":0,""JON_A_0"":1,""PARX_1"":0}"
unconstrained_charger_demand_not_capacity_feasible,shared_service_day_fixed_common_duty_set,two_peak_se3_synthetic,>= reserve,capped_arrival,18,30,11.67999699999993,11.67999699999993,1,240.0,1,"{""2190L_0"":1,""3127L_0"":0,""4808_0"":0,""7880C_0"":0,""JON_A_0"":0,""PARX_1"":0}"
unconstrained_charger_demand_not_capacity_feasible,shared_service_day_fixed_common_duty_set,two_peak_se3_synthetic,>= reserve,capped_arrival,19,30,56.0,56.0,1,240.0,1,"{""2190L_0"":0,""3127L_0"":1,""4808_0"":0,""7880C_0"":0,""JON_A_0"":0,""PARX_1"":0}"
unconstrained_charger_demand_not_capacity_feasible,shared_service_day_fixed_common_duty_set,two_peak_se3_synthetic,>= reserve,capped_arrival,20,30,137.65799485999915,137.65799485999915,2,480.0,1,"{""2190L_0"":1,""3127L_0"":1,""4808_0"":0,""7880C_0"":0,""JON_A_0"":1,""PARX_1"":0}"
unconstrained_charger_demand_not_capacity_feasible,shared_service_day_fixed_common_duty_set,two_peak_se3_synthetic,>= reserve,capped_arrival,21,30,350.27099759999913,350.27099759999913,3,720.0,2,"{""2190L_0"":1,""3127L_0"":2,""4808_0"":1,""7880C_0"":0,""JON_A_0"":0,""PARX_1"":0}"
unconstrained_charger_demand_not_capacity_feasible,shared_service_day_fixed_common_duty_set,two_peak_se3_synthetic,>= reserve,capped_arrival,22,30,209.12899769999996,209.12899769999996,2,480.0,1,"{""2190L_0"":1,""3127L_0"":1,""4808_0"":1,""7880C_0"":0,""JON_A_0"":1,""PARX_1"":0}"
unconstrained_charger_demand_not_capacity_feasible,shared_service_day_fixed_common_duty_set,two_peak_se3_synthetic,>= reserve,capped_arrival,23,30,228.8299995,228.8299995,3,720.0,1,"{""2190L_0"":1,""3127L_0"":1,""4808_0"":1,""7880C_0"":0,""JON_A_0"":1,""PARX_1"":0}"
unconstrained_charger_demand_not_capacity_feasible,shared_service_day_fixed_common_duty_set,two_peak_se3_synthetic,>= reserve,capped_arrival,24,30,133.70899889999998,133.70899889999998,2,480.0,1,"{""2190L_0"":1,""3127L_0"":1,""4808_0"":1,""7880C_0"":1,""JON_A_0"":0,""PARX_1"":0}"
unconstrained_charger_demand_not_capacity_feasible,shared_service_day_fixed_common_duty_set,two_peak_se3_synthetic,>= reserve,capped_arrival,25,30,7.799999999999997,7.799999999999997,1,240.0,1,"{""2190L_0"":0,""3127L_0"":0,""4808_0"":1,""7880C_0"":0,""JON_A_0"":0,""PARX_1"":0}"
unconstrained_charger_demand_not_capacity_feasible,shared_service_day_fixed_common_duty_set,two_peak_se3_synthetic,>= reserve,capped_arrival,26,30,0.0,0.0,0,0.0,0,"{""2190L_0"":0,""3127L_0"":0,""4808_0"":0,""7880C_0"":0,""JON_A_0"":0,""PARX_1"":0}"
unconstrained_charger_demand_not_capacity_feasible,shared_service_day_fixed_common_duty_set,two_peak_se3_synthetic,>= reserve,capped_optimized,0,30,0.0,0.0,0,0.0,0,"{""2190L_0"":0,""3127L_0"":0,""4808_0"":0,""7880C_0"":0,""JON_A_0"":0,""PARX_1"":0}"
unconstrained_charger_demand_not_capacity_feasible,shared_service_day_fixed_common_duty_set,two_peak_se3_synthetic,>= reserve,capped_optimized,1,30,0.0,0.0,0,0.0,0,"{""2190L_0"":0,""3127L_0"":0,""4808_0"":0,""7880C_0"":0,""JON_A_0"":0,""PARX_1"":0}"
unconstrained_charger_demand_not_capacity_feasible,shared_service_day_fixed_common_duty_set,two_peak_se3_synthetic,>= reserve,capped_optimized,2,30,0.0,0.0,0,0.0,0,"{""2190L_0"":0,""3127L_0"":0,""4808_0"":0,""7880C_0"":0,""JON_A_0"":0,""PARX_1"":0}"
unconstrained_charger_demand_not_capacity_feasible,shared_service_day_fixed_common_duty_set,two_peak_se3_synthetic,>= reserve,capped_optimized,3,30,0.0,0.0,0,0.0,0,"{""2190L_0"":0,""3127L_0"":0,""4808_0"":0,""7880C_0"":0,""JON_A_0"":0,""PARX_1"":0}"
unconstrained_charger_demand_not_capacity_feasible,shared_service_day_fixed_common_duty_set,two_peak_se3_synthetic,>= reserve,capped_optimized,4,30,0.0,0.0,0,0.0,0,"{""2190L_0"":0,""3127L_0"":0,""4808_0"":0,""7880C_0"":0,""JON_A_0"":0,""PARX_1"":0}"
unconstrained_charger_demand_not_capacity_feasible,shared_service_day_fixed_common_duty_set,two_peak_se3_synthetic,>= reserve,capped_optimized,5,30,206.2669998,206.2669998,3,720.0,1,"{""2190L_0"":1,""3127L_0"":1,""4808_0"":1,""7880C_0"":1,""JON_A_0"":1,""PARX_1"":0}"
unconstrained_charger_demand_not_capacity_feasible,shared_service_day_fixed_common_duty_set,two_peak_se3_synthetic,>= reserve,capped_optimized,6,30,599.1619991999999,599.1619991999999,5,1200.0,2,"{""2190L_0"":2,""3127L_0"":1,""4808_0"":1,""7880C_0"":1,""JON_A_0"":1,""PARX_1"":0}"
unconstrained_charger_demand_not_capacity_feasible,shared_service_day_fixed_common_duty_set,two_peak_se3_synthetic,>= reserve,capped_optimized,7,30,374.6779919799999,374.6779919799999,3,720.0,2,"{""2190L_0"":2,""3127L_0"":1,""4808_0"":1,""7880C_0"":2,""JON_A_0"":1,""PARX_1"":0}"
unconstrained_charger_demand_not_capacity_feasible,shared_service_day_fixed_common_duty_set,two_peak_se3_synthetic,>= reserve,capped_optimized,8,30,157.59899285999978,157.59899285999978,2,480.0,1,"{""2190L_0"":1,""3127L_0"":0,""4808_0"":1,""7880C_0"":1,""JON_A_0"":0,""PARX_1"":0}"
unconstrained_charger_demand_not_capacity_feasible,shared_service_day_fixed_common_duty_set,two_peak_se3_synthetic,>= reserve,capped_optimized,9,30,109.87999045999999,109.87999045999999,2,480.0,1,"{""2190L_0"":1,""3127L_0"":1,""4808_0"":0,""7880C_0"":0,""JON_A_0"":0,""PARX_1"":0}"
unconstrained_charger_demand_not_capacity_feasible,shared_service_day_fixed_common_duty_set,two_peak_se3_synthetic,>= reserve,capped_optimized,10,30,268.49299257999996,268.49299257999996,3,720.0,1,"{""2190L_0"":1,""3127L_0"":1,""4808_0"":1,""7880C_0"":1,""JON_A_0"":0,""PARX_1"":1}"
unconstrained_charger_demand_not_capacity_feasible,shared_service_day_fixed_common_duty_set,two_peak_se3_synthetic,>= reserve,capped_optimized,11,30,694.0379909347099,694.0379909347099,5,1200.0,2,"{""2190L_0"":2,""3127L_0"":1,""4808_0"":1,""7880C_0"":1,""JON_A_0"":1,""PARX_1"":1}"
unconstrained_charger_demand_not_capacity_feasible,shared_service_day_fixed_common_duty_set,two_peak_se3_synthetic,>= reserve,capped_optimized,12,30,1232.5599892024688,1232.5599892024688,9,2160.0,3,"{""2190L_0"":2,""3127L_0"":3,""4808_0"":1,""7880C_0"":1,""JON_A_0"":2,""PARX_1"":2}"
unconstrained_charger_demand_not_capacity_feasible,shared_service_day_fixed_common_duty_set,two_peak_se3_synthetic,>= reserve,capped_optimized,13,30,1421.95798565,1421.95798565,11,2640.0,3,"{""2190L_0"":3,""3127L_0"":3,""4808_0"":1,""7880C_0"":2,""JON_A_0"":2,""PARX_1"":2}"
unconstrained_charger_demand_not_capacity_feasible,shared_service_day_fixed_common_duty_set,two_peak_se3_synthetic,>= reserve,capped_optimized,14,30,948.4599989999999,948.4599989999999,6,1440.0,2,"{""2190L_0"":2,""3127L_0"":1,""4808_0"":1,""7880C_0"":1,""JON_A_0"":2,""PARX_1"":0}"
unconstrained_charger_demand_not_capacity_feasible,shared_service_day_fixed_common_duty_set,two_peak_se3_synthetic,>= reserve,capped_optimized,15,30,656.6899985,656.6899985,5,1200.0,2,"{""2190L_0"":2,""3127L_0"":1,""4808_0"":1,""7880C_0"":1,""JON_A_0"":1,""PARX_1"":0}"
unconstrained_charger_demand_not_capacity_feasible,shared_service_day_fixed_common_duty_set,two_peak_se3_synthetic,>= reserve,capped_optimized,16,30,347.3399959999998,347.3399959999998,4,960.0,2,"{""2190L_0"":2,""3127L_0"":1,""4808_0"":1,""7880C_0"":0,""JON_A_0"":1,""PARX_1"":0}"
unconstrained_charger_demand_not_capacity_feasible,shared_service_day_fixed_common_duty_set,two_peak_se3_synthetic,>= reserve,capped_optimized,17,30,117.1859886799999,117.1859886799999,3,720.0,1,"{""2190L_0"":1,""3127L_0"":1,""4808_0"":1,""7880C_0"":0,""JON_A_0"":1,""PARX_1"":0}"
unconstrained_charger_demand_not_capacity_feasible,shared_service_day_fixed_common_duty_set,two_peak_se3_synthetic,>= reserve,capped_optimized,18,30,11.67999699999993,11.67999699999993,1,240.0,1,"{""2190L_0"":1,""3127L_0"":0,""4808_0"":0,""7880C_0"":0,""JON_A_0"":0,""PARX_1"":0}"
unconstrained_charger_demand_not_capacity_feasible,shared_service_day_fixed_common_duty_set,two_peak_se3_synthetic,>= reserve,capped_optimized,19,30,15.02999790056009,15.02999790056009,1,240.0,1,"{""2190L_0"":0,""3127L_0"":1,""4808_0"":0,""7880C_0"":0,""JON_A_0"":0,""PARX_1"":0}"
unconstrained_charger_demand_not_capacity_feasible,shared_service_day_fixed_common_duty_set,two_peak_se3_synthetic,>= reserve,capped_optimized,20,30,143.18599750000013,143.18599750000013,2,480.0,1,"{""2190L_0"":1,""3127L_0"":1,""4808_0"":0,""7880C_0"":0,""JON_A_0"":0,""PARX_1"":0}"
unconstrained_charger_demand_not_capacity_feasible,shared_service_day_fixed_common_duty_set,two_peak_se3_synthetic,>= reserve,capped_optimized,21,30,310.4709976,310.4709976,3,720.0,2,"{""2190L_0"":1,""3127L_0"":2,""4808_0"":1,""7880C_0"":0,""JON_A_0"":0,""PARX_1"":0}"
unconstrained_charger_demand_not_capacity_feasible,shared_service_day_fixed_common_duty_set,two_peak_se3_synthetic,>= reserve,capped_optimized,22,30,251.18999849999997,251.18999849999997,4,960.0,3,"{""2190L_0"":3,""3127L_0"":0,""4808_0"":1,""7880C_0"":0,""JON_A_0"":1,""PARX_1"":0}"
unconstrained_charger_demand_not_capacity_feasible,shared_service_day_fixed_common_duty_set,two_peak_se3_synthetic,>= reserve,capped_optimized,23,30,179.89899819999997,179.89899819999997,2,480.0,1,"{""2190L_0"":1,""3127L_0"":1,""4808_0"":1,""7880C_0"":0,""JON_A_0"":1,""PARX_1"":0}"
unconstrained_charger_demand_not_capacity_feasible,shared_service_day_fixed_common_duty_set,two_peak_se3_synthetic,>= reserve,capped_optimized,24,30,73.5089989,73.5089989,1,240.0,1,"{""2190L_0"":1,""3127L_0"":1,""4808_0"":0,""7880C_0"":0,""JON_A_0"":0,""PARX_1"":0}"
unconstrained_charger_demand_not_capacity_feasible,shared_service_day_fixed_common_duty_set,two_peak_se3_synthetic,>= reserve,capped_optimized,25,30,351.79999999999865,351.79999999999865,18,4320.0,6,"{""2190L_0"":6,""3127L_0"":3,""4808_0"":4,""7880C_0"":2,""JON_A_0"":3,""PARX_1"":0}"
unconstrained_charger_demand_not_capacity_feasible,shared_service_day_fixed_common_duty_set,two_peak_se3_synthetic,>= reserve,capped_optimized,26,30,0.0,0.0,0,0.0,0,"{""2190L_0"":0,""3127L_0"":0,""4808_0"":0,""7880C_0"":0,""JON_A_0"":0,""PARX_1"":0}"
unconstrained_charger_demand_not_capacity_feasible,shared_service_day_fixed_common_duty_set,two_peak_se3_synthetic,>= initial,uncapped_arrival,0,30,0.0,0.0,0,0.0,0,"{""2190L_0"":0,""3127L_0"":0,""4808_0"":0,""7880C_0"":0,""JON_A_0"":0,""PARX_1"":0}"
unconstrained_charger_demand_not_capacity_feasible,shared_service_day_fixed_common_duty_set,two_peak_se3_synthetic,>= initial,uncapped_arrival,1,30,0.0,0.0,0,0.0,0,"{""2190L_0"":0,""3127L_0"":0,""4808_0"":0,""7880C_0"":0,""JON_A_0"":0,""PARX_1"":0}"
unconstrained_charger_demand_not_capacity_feasible,shared_service_day_fixed_common_duty_set,two_peak_se3_synthetic,>= initial,uncapped_arrival,2,30,0.0,0.0,0,0.0,0,"{""2190L_0"":0,""3127L_0"":0,""4808_0"":0,""7880C_0"":0,""JON_A_0"":0,""PARX_1"":0}"
unconstrained_charger_demand_not_capacity_feasible,shared_service_day_fixed_common_duty_set,two_peak_se3_synthetic,>= initial,uncapped_arrival,3,30,0.0,0.0,0,0.0,0,"{""2190L_0"":0,""3127L_0"":0,""4808_0"":0,""7880C_0"":0,""JON_A_0"":0,""PARX_1"":0}"
unconstrained_charger_demand_not_capacity_feasible,shared_service_day_fixed_common_duty_set,two_peak_se3_synthetic,>= initial,uncapped_arrival,4,30,0.0,0.0,0,0.0,0,"{""2190L_0"":0,""3127L_0"":0,""4808_0"":0,""7880C_0"":0,""JON_A_0"":0,""PARX_1"":0}"
unconstrained_charger_demand_not_capacity_feasible,shared_service_day_fixed_common_duty_set,two_peak_se3_synthetic,>= initial,uncapped_arrival,5,30,206.26699980000004,206.26699980000004,3,720.0,1,"{""2190L_0"":1,""3127L_0"":1,""4808_0"":1,""7880C_0"":1,""JON_A_0"":1,""PARX_1"":0}"
unconstrained_charger_demand_not_capacity_feasible,shared_service_day_fixed_common_duty_set,two_peak_se3_synthetic,>= initial,uncapped_arrival,6,30,639.1619992,639.1619992,6,1440.0,2,"{""2190L_0"":2,""3127L_0"":2,""4808_0"":1,""7880C_0"":1,""JON_A_0"":1,""PARX_1"":0}"
unconstrained_charger_demand_not_capacity_feasible,shared_service_day_fixed_common_duty_set,two_peak_se3_synthetic,>= initial,uncapped_arrival,7,30,623.2639962999999,623.2639962999999,5,1200.0,2,"{""2190L_0"":2,""3127L_0"":2,""4808_0"":1,""7880C_0"":2,""JON_A_0"":1,""PARX_1"":0}"
unconstrained_charger_demand_not_capacity_feasible,shared_service_day_fixed_common_duty_set,two_peak_se3_synthetic,>= initial,uncapped_arrival,8,30,646.0219906399999,646.0219906399999,5,1200.0,2,"{""2190L_0"":1,""3127L_0"":2,""4808_0"":1,""7880C_0"":2,""JON_A_0"":1,""PARX_1"":1}"
unconstrained_charger_demand_not_capacity_feasible,shared_service_day_fixed_common_duty_set,two_peak_se3_synthetic,>= initial,uncapped_arrival,9,30,403.9519814199999,403.9519814199999,5,1200.0,2,"{""2190L_0"":1,""3127L_0"":1,""4808_0"":0,""7880C_0"":2,""JON_A_0"":1,""PARX_1"":1}"
unconstrained_charger_demand_not_capacity_feasible,shared_service_day_fixed_common_duty_set,two_peak_se3_synthetic,>= initial,uncapped_arrival,10,30,409.25299930000006,409.25299930000006,5,1200.0,2,"{""2190L_0"":1,""3127L_0"":1,""4808_0"":1,""7880C_0"":1,""JON_A_0"":2,""PARX_1"":0}"
unconstrained_charger_demand_not_capacity_feasible,shared_service_day_fixed_common_duty_set,two_peak_se3_synthetic,>= initial,uncapped_arrival,11,30,957.4919939,957.4919939,6,1440.0,3,"{""2190L_0"":2,""3127L_0"":2,""4808_0"":1,""7880C_0"":1,""JON_A_0"":3,""PARX_1"":0}"
unconstrained_charger_demand_not_capacity_feasible,shared_service_day_fixed_common_duty_set,two_peak_se3_synthetic,>= initial,uncapped_arrival,12,30,907.1979986,907.1979986,7,1680.0,3,"{""2190L_0"":2,""3127L_0"":3,""4808_0"":1,""7880C_0"":2,""JON_A_0"":1,""PARX_1"":0}"
unconstrained_charger_demand_not_capacity_feasible,shared_service_day_fixed_common_duty_set,two_peak_se3_synthetic,>= initial,uncapped_arrival,13,30,1460.27099756,1460.27099756,9,2160.0,3,"{""2190L_0"":3,""3127L_0"":2,""4808_0"":1,""7880C_0"":2,""JON_A_0"":2,""PARX_1"":1}"
unconstrained_charger_demand_not_capacity_feasible,shared_service_day_fixed_common_duty_set,two_peak_se3_synthetic,>= initial,uncapped_arrival,14,30,988.0,988.0,6,1440.0,2,"{""2190L_0"":2,""3127L_0"":2,""4808_0"":1,""7880C_0"":1,""JON_A_0"":2,""PARX_1"":0}"
unconstrained_charger_demand_not_capacity_feasible,shared_service_day_fixed_common_duty_set,two_peak_se3_synthetic,>= initial,uncapped_arrival,15,30,872.2299995,872.2299995,7,1680.0,2,"{""2190L_0"":2,""3127L_0"":2,""4808_0"":1,""7880C_0"":1,""JON_A_0"":2,""PARX_1"":0}"
unconstrained_charger_demand_not_capacity_feasible,shared_service_day_fixed_common_duty_set,two_peak_se3_synthetic,>= initial,uncapped_arrival,16,30,902.8869913599999,902.8869913599999,7,1680.0,3,"{""2190L_0"":2,""3127L_0"":3,""4808_0"":1,""7880C_0"":1,""JON_A_0"":2,""PARX_1"":1}"
unconstrained_charger_demand_not_capacity_feasible,shared_service_day_fixed_common_duty_set,two_peak_se3_synthetic,>= initial,uncapped_arrival,17,30,842.6849804499998,842.6849804499998,6,1440.0,4,"{""2190L_0"":2,""3127L_0"":2,""4808_0"":1,""7880C_0"":0,""JON_A_0"":2,""PARX_1"":4}"
unconstrained_charger_demand_not_capacity_feasible,shared_service_day_fixed_common_duty_set,two_peak_se3_synthetic,>= initial,uncapped_arrival,18,30,872.64499049,872.64499049,8,1920.0,5,"{""2190L_0"":1,""3127L_0"":1,""4808_0"":1,""7880C_0"":0,""JON_A_0"":0,""PARX_1"":5}"
unconstrained_charger_demand_not_capacity_feasible,shared_service_day_fixed_common_duty_set,two_peak_se3_synthetic,>= initial,uncapped_arrival,19,30,711.2589853199997,711.2589853199997,7,1680.0,6,"{""2190L_0"":0,""3127L_0"":1,""4808_0"":0,""7880C_0"":0,""JON_A_0"":0,""PARX_1"":6}"
unconstrained_charger_demand_not_capacity_feasible,shared_service_day_fixed_common_duty_set,two_peak_se3_synthetic,>= initial,uncapped_arrival,20,30,132.8549988999999,132.8549988999999,2,480.0,1,"{""2190L_0"":1,""3127L_0"":1,""4808_0"":0,""7880C_0"":0,""JON_A_0"":1,""PARX_1"":0}"
unconstrained_charger_demand_not_capacity_feasible,shared_service_day_fixed_common_duty_set,two_peak_se3_synthetic,>= initial,uncapped_arrival,21,30,572.9709976000001,572.9709976000001,5,1200.0,3,"{""2190L_0"":1,""3127L_0"":2,""4808_0"":1,""7880C_0"":0,""JON_A_0"":1,""PARX_1"":3}"
unconstrained_charger_demand_not_capacity_feasible,shared_service_day_fixed_common_duty_set,two_peak_se3_synthetic,>= initial,uncapped_arrival,22,30,810.5,810.5,6,1440.0,3,"{""2190L_0"":2,""3127L_0"":1,""4808_0"":1,""7880C_0"":0,""JON_A_0"":1,""PARX_1"":3}"
unconstrained_charger_demand_not_capacity_feasible,shared_service_day_fixed_common_duty_set,two_peak_se3_synthetic,>= initial,uncapped_arrival,23,30,557.5299995,557.5299995,5,1200.0,4,"{""2190L_0"":1,""3127L_0"":1,""4808_0"":1,""7880C_0"":0,""JON_A_0"":1,""PARX_1"":4}"
unconstrained_charger_demand_not_capacity_feasible,shared_service_day_fixed_common_duty_set,two_peak_se3_synthetic,>= initial,uncapped_arrival,24,30,1300.0000000000002,1300.0000000000002,8,1920.0,7,"{""2190L_0"":1,""3127L_0"":1,""4808_0"":0,""7880C_0"":0,""JON_A_0"":0,""PARX_1"":7}"
unconstrained_charger_demand_not_capacity_feasible,shared_service_day_fixed_common_duty_set,two_peak_se3_synthetic,>= initial,uncapped_arrival,25,30,811.9999999999998,811.9999999999998,5,1200.0,5,"{""2190L_0"":0,""3127L_0"":0,""4808_0"":0,""7880C_0"":0,""JON_A_0"":0,""PARX_1"":5}"
unconstrained_charger_demand_not_capacity_feasible,shared_service_day_fixed_common_duty_set,two_peak_se3_synthetic,>= initial,uncapped_arrival,26,30,0.0,0.0,0,0.0,0,"{""2190L_0"":0,""3127L_0"":0,""4808_0"":0,""7880C_0"":0,""JON_A_0"":0,""PARX_1"":0}"
unconstrained_charger_demand_not_capacity_feasible,shared_service_day_fixed_common_duty_set,two_peak_se3_synthetic,>= initial,uncapped_optimized,0,30,0.0,0.0,0,0.0,0,"{""2190L_0"":0,""3127L_0"":0,""4808_0"":0,""7880C_0"":0,""JON_A_0"":0,""PARX_1"":0}"
unconstrained_charger_demand_not_capacity_feasible,shared_service_day_fixed_common_duty_set,two_peak_se3_synthetic,>= initial,uncapped_optimized,1,30,0.0,0.0,0,0.0,0,"{""2190L_0"":0,""3127L_0"":0,""4808_0"":0,""7880C_0"":0,""JON_A_0"":0,""PARX_1"":0}"
unconstrained_charger_demand_not_capacity_feasible,shared_service_day_fixed_common_duty_set,two_peak_se3_synthetic,>= initial,uncapped_optimized,2,30,0.0,0.0,0,0.0,0,"{""2190L_0"":0,""3127L_0"":0,""4808_0"":0,""7880C_0"":0,""JON_A_0"":0,""PARX_1"":0}"
unconstrained_charger_demand_not_capacity_feasible,shared_service_day_fixed_common_duty_set,two_peak_se3_synthetic,>= initial,uncapped_optimized,3,30,0.0,0.0,0,0.0,0,"{""2190L_0"":0,""3127L_0"":0,""4808_0"":0,""7880C_0"":0,""JON_A_0"":0,""PARX_1"":0}"
unconstrained_charger_demand_not_capacity_feasible,shared_service_day_fixed_common_duty_set,two_peak_se3_synthetic,>= initial,uncapped_optimized,4,30,0.0,0.0,0,0.0,0,"{""2190L_0"":0,""3127L_0"":0,""4808_0"":0,""7880C_0"":0,""JON_A_0"":0,""PARX_1"":0}"
unconstrained_charger_demand_not_capacity_feasible,shared_service_day_fixed_common_duty_set,two_peak_se3_synthetic,>= initial,uncapped_optimized,5,30,206.2669998,206.2669998,3,720.0,1,"{""2190L_0"":1,""3127L_0"":1,""4808_0"":1,""7880C_0"":1,""JON_A_0"":1,""PARX_1"":0}"
unconstrained_charger_demand_not_capacity_feasible,shared_service_day_fixed_common_duty_set,two_peak_se3_synthetic,>= initial,uncapped_optimized,6,30,639.1619992,639.1619992,6,1440.0,2,"{""2190L_0"":2,""3127L_0"":2,""4808_0"":1,""7880C_0"":1,""JON_A_0"":1,""PARX_1"":0}"
unconstrained_charger_demand_not_capacity_feasible,shared_service_day_fixed_common_duty_set,two_peak_se3_synthetic,>= initial,uncapped_optimized,7,30,388.5079904599999,388.5079904599999,4,960.0,2,"{""2190L_0"":2,""3127L_0"":1,""4808_0"":1,""7880C_0"":2,""JON_A_0"":1,""PARX_1"":0}"
unconstrained_charger_demand_not_capacity_feasible,shared_service_day_fixed_common_duty_set,two_peak_se3_synthetic,>= initial,uncapped_optimized,8,30,148.2299995,148.2299995,2,480.0,1,"{""2190L_0"":1,""3127L_0"":1,""4808_0"":1,""7880C_0"":0,""JON_A_0"":0,""PARX_1"":0}"
unconstrained_charger_demand_not_capacity_feasible,shared_service_day_fixed_common_duty_set,two_peak_se3_synthetic,>= initial,uncapped_optimized,9,30,37.78998696000001,37.78998696000001,2,480.0,1,"{""2190L_0"":1,""3127L_0"":1,""4808_0"":0,""7880C_0"":0,""JON_A_0"":0,""PARX_1"":0}"
unconstrained_charger_demand_not_capacity_feasible,shared_service_day_fixed_common_duty_set,two_peak_se3_synthetic,>= initial,uncapped_optimized,10,30,237.52299896000017,237.52299896000017,2,480.0,1,"{""2190L_0"":1,""3127L_0"":1,""4808_0"":1,""7880C_0"":1,""JON_A_0"":0,""PARX_1"":0}"
unconstrained_charger_demand_not_capacity_feasible,shared_service_day_fixed_common_duty_set,two_peak_se3_synthetic,>= initial,uncapped_optimized,11,30,649.8959899099999,649.8959899099999,7,1680.0,2,"{""2190L_0"":2,""3127L_0"":1,""4808_0"":1,""7880C_0"":1,""JON_A_0"":2,""PARX_1"":1}"
unconstrained_charger_demand_not_capacity_feasible,shared_service_day_fixed_common_duty_set,two_peak_se3_synthetic,>= initial,uncapped_optimized,12,30,1273.1599887,1273.1599887,9,2160.0,3,"{""2190L_0"":2,""3127L_0"":3,""4808_0"":1,""7880C_0"":1,""JON_A_0"":2,""PARX_1"":2}"
unconstrained_charger_demand_not_capacity_feasible,shared_service_day_fixed_common_duty_set,two_peak_se3_synthetic,>= initial,uncapped_optimized,13,30,1502.9579856499988,1502.9579856499988,12,2880.0,3,"{""2190L_0"":3,""3127L_0"":3,""4808_0"":1,""7880C_0"":2,""JON_A_0"":2,""PARX_1"":2}"
unconstrained_charger_demand_not_capacity_feasible,shared_service_day_fixed_common_duty_set,two_peak_se3_synthetic,>= initial,uncapped_optimized,14,30,980.0,980.0,6,1440.0,2,"{""2190L_0"":2,""3127L_0"":2,""4808_0"":1,""7880C_0"":1,""JON_A_0"":2,""PARX_1"":0}"
unconstrained_charger_demand_not_capacity_feasible,shared_service_day_fixed_common_duty_set,two_peak_se3_synthetic,>= initial,uncapped_optimized,15,30,676.6899984999999,676.6899984999999,6,1440.0,2,"{""2190L_0"":2,""3127L_0"":2,""4808_0"":1,""7880C_0"":1,""JON_A_0"":1,""PARX_1"":0}"
unconstrained_charger_demand_not_capacity_feasible,shared_service_day_fixed_common_duty_set,two_peak_se3_synthetic,>= initial,uncapped_optimized,16,30,457.87499252000003,457.87499252000003,4,960.0,2,"{""2190L_0"":2,""3127L_0"":1,""4808_0"":1,""7880C_0"":0,""JON_A_0"":2,""PARX_1"":0}"
unconstrained_charger_demand_not_capacity_feasible,shared_service_day_fixed_common_duty_set,two_peak_se3_synthetic,>= initial,uncapped_optimized,17,30,312.27598371999966,312.27598371999966,4,960.0,2,"{""2190L_0"":2,""3127L_0"":1,""4808_0"":1,""7880C_0"":0,""JON_A_0"":2,""PARX_1"":0}"
unconstrained_charger_demand_not_capacity_feasible,shared_service_day_fixed_common_duty_set,two_peak_se3_synthetic,>= initial,uncapped_optimized,18,30,11.679996999999958,11.679996999999958,1,240.0,1,"{""2190L_0"":1,""3127L_0"":0,""4808_0"":0,""7880C_0"":0,""JON_A_0"":0,""PARX_1"":0}"
unconstrained_charger_demand_not_capacity_feasible,shared_service_day_fixed_common_duty_set,two_peak_se3_synthetic,>= initial,uncapped_optimized,19,30,44.275995059999985,44.275995059999985,1,240.0,1,"{""2190L_0"":0,""3127L_0"":1,""4808_0"":0,""7880C_0"":0,""JON_A_0"":0,""PARX_1"":0}"
unconstrained_charger_demand_not_capacity_feasible,shared_service_day_fixed_common_duty_set,two_peak_se3_synthetic,>= initial,uncapped_optimized,20,30,85.35999739999997,85.35999739999997,1,240.0,1,"{""2190L_0"":1,""3127L_0"":1,""4808_0"":0,""7880C_0"":0,""JON_A_0"":1,""PARX_1"":0}"
unconstrained_charger_demand_not_capacity_feasible,shared_service_day_fixed_common_duty_set,two_peak_se3_synthetic,>= initial,uncapped_optimized,21,30,368.7409981,368.7409981,3,720.0,2,"{""2190L_0"":1,""3127L_0"":2,""4808_0"":1,""7880C_0"":0,""JON_A_0"":1,""PARX_1"":0}"
unconstrained_charger_demand_not_capacity_feasible,shared_service_day_fixed_common_duty_set,two_peak_se3_synthetic,>= initial,uncapped_optimized,22,30,412.02999950000003,412.02999950000003,4,960.0,3,"{""2190L_0"":3,""3127L_0"":1,""4808_0"":1,""7880C_0"":0,""JON_A_0"":1,""PARX_1"":0}"
unconstrained_charger_demand_not_capacity_feasible,shared_service_day_fixed_common_duty_set,two_peak_se3_synthetic,>= initial,uncapped_optimized,23,30,197.5299995,197.5299995,2,480.0,1,"{""2190L_0"":1,""3127L_0"":1,""4808_0"":1,""7880C_0"":0,""JON_A_0"":1,""PARX_1"":0}"
unconstrained_charger_demand_not_capacity_feasible,shared_service_day_fixed_common_duty_set,two_peak_se3_synthetic,>= initial,uncapped_optimized,24,30,112.0,112.0,2,480.0,1,"{""2190L_0"":1,""3127L_0"":1,""4808_0"":0,""7880C_0"":0,""JON_A_0"":0,""PARX_1"":0}"
unconstrained_charger_demand_not_capacity_feasible,shared_service_day_fixed_common_duty_set,two_peak_se3_synthetic,>= initial,uncapped_optimized,25,30,6890.490999399989,6890.490999399989,30,7200.0,30,"{""2190L_0"":0,""3127L_0"":0,""4808_0"":0,""7880C_0"":0,""JON_A_0"":0,""PARX_1"":30}"
unconstrained_charger_demand_not_capacity_feasible,shared_service_day_fixed_common_duty_set,two_peak_se3_synthetic,>= initial,uncapped_optimized,26,30,0.0,0.0,0,0.0,0,"{""2190L_0"":0,""3127L_0"":0,""4808_0"":0,""7880C_0"":0,""JON_A_0"":0,""PARX_1"":0}"
unconstrained_charger_demand_not_capacity_feasible,shared_service_day_fixed_common_duty_set,two_peak_se3_synthetic,>= initial,capped_arrival,0,30,0.0,0.0,0,0.0,0,"{""2190L_0"":0,""3127L_0"":0,""4808_0"":0,""7880C_0"":0,""JON_A_0"":0,""PARX_1"":0}"
unconstrained_charger_demand_not_capacity_feasible,shared_service_day_fixed_common_duty_set,two_peak_se3_synthetic,>= initial,capped_arrival,1,30,0.0,0.0,0,0.0,0,"{""2190L_0"":0,""3127L_0"":0,""4808_0"":0,""7880C_0"":0,""JON_A_0"":0,""PARX_1"":0}"
unconstrained_charger_demand_not_capacity_feasible,shared_service_day_fixed_common_duty_set,two_peak_se3_synthetic,>= initial,capped_arrival,2,30,0.0,0.0,0,0.0,0,"{""2190L_0"":0,""3127L_0"":0,""4808_0"":0,""7880C_0"":0,""JON_A_0"":0,""PARX_1"":0}"
unconstrained_charger_demand_not_capacity_feasible,shared_service_day_fixed_common_duty_set,two_peak_se3_synthetic,>= initial,capped_arrival,3,30,0.0,0.0,0,0.0,0,"{""2190L_0"":0,""3127L_0"":0,""4808_0"":0,""7880C_0"":0,""JON_A_0"":0,""PARX_1"":0}"
unconstrained_charger_demand_not_capacity_feasible,shared_service_day_fixed_common_duty_set,two_peak_se3_synthetic,>= initial,capped_arrival,4,30,0.0,0.0,0,0.0,0,"{""2190L_0"":0,""3127L_0"":0,""4808_0"":0,""7880C_0"":0,""JON_A_0"":0,""PARX_1"":0}"
unconstrained_charger_demand_not_capacity_feasible,shared_service_day_fixed_common_duty_set,two_peak_se3_synthetic,>= initial,capped_arrival,5,30,170.3,170.3,2,480.0,1,"{""2190L_0"":1,""3127L_0"":1,""4808_0"":1,""7880C_0"":0,""JON_A_0"":0,""PARX_1"":0}"
unconstrained_charger_demand_not_capacity_feasible,shared_service_day_fixed_common_duty_set,two_peak_se3_synthetic,>= initial,capped_arrival,6,30,582.3649992999999,582.3649992999999,6,1440.0,2,"{""2190L_0"":2,""3127L_0"":2,""4808_0"":1,""7880C_0"":1,""JON_A_0"":1,""PARX_1"":0}"
unconstrained_charger_demand_not_capacity_feasible,shared_service_day_fixed_common_duty_set,two_peak_se3_synthetic,>= initial,capped_arrival,7,30,475.65599539999994,475.65599539999994,5,1200.0,2,"{""2190L_0"":2,""3127L_0"":2,""4808_0"":1,""7880C_0"":2,""JON_A_0"":1,""PARX_1"":0}"
unconstrained_charger_demand_not_capacity_feasible,shared_service_day_fixed_common_duty_set,two_peak_se3_synthetic,>= initial,capped_arrival,8,30,740.68199676,740.68199676,5,1200.0,2,"{""2190L_0"":1,""3127L_0"":2,""4808_0"":1,""7880C_0"":2,""JON_A_0"":1,""PARX_1"":1}"
unconstrained_charger_demand_not_capacity_feasible,shared_service_day_fixed_common_duty_set,two_peak_se3_synthetic,>= initial,capped_arrival,9,30,304.1429833200001,304.1429833200001,3,720.0,2,"{""2190L_0"":1,""3127L_0"":2,""4808_0"":0,""7880C_0"":1,""JON_A_0"":0,""PARX_1"":0}"
unconstrained_charger_demand_not_capacity_feasible,shared_service_day_fixed_common_duty_set,two_peak_se3_synthetic,>= initial,capped_arrival,10,30,365.25299929999,365.25299929999,5,1200.0,2,"{""2190L_0"":1,""3127L_0"":1,""4808_0"":1,""7880C_0"":1,""JON_A_0"":2,""PARX_1"":0}"
unconstrained_charger_demand_not_capacity_feasible,shared_service_day_fixed_common_duty_set,two_peak_se3_synthetic,>= initial,capped_arrival,11,30,930.7319948999823,930.7319948999823,6,1440.0,2,"{""2190L_0"":2,""3127L_0"":2,""4808_0"":1,""7880C_0"":1,""JON_A_0"":2,""PARX_1"":0}"
unconstrained_charger_demand_not_capacity_feasible,shared_service_day_fixed_common_duty_set,two_peak_se3_synthetic,>= initial,capped_arrival,12,30,871.1979986,871.1979986,7,1680.0,2,"{""2190L_0"":2,""3127L_0"":2,""4808_0"":1,""7880C_0"":2,""JON_A_0"":1,""PARX_1"":0}"
unconstrained_charger_demand_not_capacity_feasible,shared_service_day_fixed_common_duty_set,two_peak_se3_synthetic,>= initial,capped_arrival,13,30,1396.27099756,1396.27099756,8,1920.0,3,"{""2190L_0"":3,""3127L_0"":1,""4808_0"":1,""7880C_0"":2,""JON_A_0"":1,""PARX_1"":1}"
unconstrained_charger_demand_not_capacity_feasible,shared_service_day_fixed_common_duty_set,two_peak_se3_synthetic,>= initial,capped_arrival,14,30,976.0,976.0,6,1440.0,2,"{""2190L_0"":2,""3127L_0"":1,""4808_0"":1,""7880C_0"":1,""JON_A_0"":2,""PARX_1"":0}"
unconstrained_charger_demand_not_capacity_feasible,shared_service_day_fixed_common_duty_set,two_peak_se3_synthetic,>= initial,capped_arrival,15,30,796.2299995000001,796.2299995000001,6,1440.0,2,"{""2190L_0"":2,""3127L_0"":1,""4808_0"":1,""7880C_0"":1,""JON_A_0"":2,""PARX_1"":0}"
unconstrained_charger_demand_not_capacity_feasible,shared_service_day_fixed_common_duty_set,two_peak_se3_synthetic,>= initial,capped_arrival,16,30,774.079992,774.079992,5,1200.0,2,"{""2190L_0"":2,""3127L_0"":2,""4808_0"":1,""7880C_0"":0,""JON_A_0"":2,""PARX_1"":1}"
unconstrained_charger_demand_not_capacity_feasible,shared_service_day_fixed_common_duty_set,two_peak_se3_synthetic,>= initial,capped_arrival,17,30,759.0699786499999,759.0699786499999,6,1440.0,5,"{""2190L_0"":2,""3127L_0"":1,""4808_0"":1,""7880C_0"":0,""JON_A_0"":1,""PARX_1"":5}"
unconstrained_charger_demand_not_capacity_feasible,shared_service_day_fixed_common_duty_set,two_peak_se3_synthetic,>= initial,capped_arrival,18,30,1312.60898779,1312.60898779,7,1680.0,7,"{""2190L_0"":1,""3127L_0"":0,""4808_0"":1,""7880C_0"":0,""JON_A_0"":0,""PARX_1"":7}"
unconstrained_charger_demand_not_capacity_feasible,shared_service_day_fixed_common_duty_set,two_peak_se3_synthetic,>= initial,capped_arrival,19,30,894.6929822599975,894.6929822599975,7,1680.0,6,"{""2190L_0"":0,""3127L_0"":1,""4808_0"":0,""7880C_0"":0,""JON_A_0"":0,""PARX_1"":6}"
unconstrained_charger_demand_not_capacity_feasible,shared_service_day_fixed_common_duty_set,two_peak_se3_synthetic,>= initial,capped_arrival,20,30,199.1599974,199.1599974,2,480.0,1,"{""2190L_0"":1,""3127L_0"":1,""4808_0"":0,""7880C_0"":0,""JON_A_0"":0,""PARX_1"":0}"
unconstrained_charger_demand_not_capacity_feasible,shared_service_day_fixed_common_duty_set,two_peak_se3_synthetic,>= initial,capped_arrival,21,30,620.9709976,620.9709976,4,960.0,3,"{""2190L_0"":1,""3127L_0"":2,""4808_0"":1,""7880C_0"":0,""JON_A_0"":0,""PARX_1"":3}"
unconstrained_charger_demand_not_capacity_feasible,shared_service_day_fixed_common_duty_set,two_peak_se3_synthetic,>= initial,capped_arrival,22,30,794.5,794.5,6,1440.0,3,"{""2190L_0"":2,""3127L_0"":1,""4808_0"":1,""7880C_0"":0,""JON_A_0"":1,""PARX_1"":3}"
unconstrained_charger_demand_not_capacity_feasible,shared_service_day_fixed_common_duty_set,two_peak_se3_synthetic,>= initial,capped_arrival,23,30,549.5299995,549.5299995,5,1200.0,4,"{""2190L_0"":1,""3127L_0"":1,""4808_0"":1,""7880C_0"":0,""JON_A_0"":1,""PARX_1"":4}"
unconstrained_charger_demand_not_capacity_feasible,shared_service_day_fixed_common_duty_set,two_peak_se3_synthetic,>= initial,capped_arrival,24,30,1300.0,1300.0,8,1920.0,7,"{""2190L_0"":1,""3127L_0"":1,""4808_0"":0,""7880C_0"":0,""JON_A_0"":0,""PARX_1"":7}"
unconstrained_charger_demand_not_capacity_feasible,shared_service_day_fixed_common_duty_set,two_peak_se3_synthetic,>= initial,capped_arrival,25,30,812.0,812.0,5,1200.0,5,"{""2190L_0"":0,""3127L_0"":0,""4808_0"":0,""7880C_0"":0,""JON_A_0"":0,""PARX_1"":5}"
unconstrained_charger_demand_not_capacity_feasible,shared_service_day_fixed_common_duty_set,two_peak_se3_synthetic,>= initial,capped_arrival,26,30,0.0,0.0,0,0.0,0,"{""2190L_0"":0,""3127L_0"":0,""4808_0"":0,""7880C_0"":0,""JON_A_0"":0,""PARX_1"":0}"
unconstrained_charger_demand_not_capacity_feasible,shared_service_day_fixed_common_duty_set,two_peak_se3_synthetic,>= initial,capped_optimized,0,30,0.0,0.0,0,0.0,0,"{""2190L_0"":0,""3127L_0"":0,""4808_0"":0,""7880C_0"":0,""JON_A_0"":0,""PARX_1"":0}"
unconstrained_charger_demand_not_capacity_feasible,shared_service_day_fixed_common_duty_set,two_peak_se3_synthetic,>= initial,capped_optimized,1,30,0.0,0.0,0,0.0,0,"{""2190L_0"":0,""3127L_0"":0,""4808_0"":0,""7880C_0"":0,""JON_A_0"":0,""PARX_1"":0}"
unconstrained_charger_demand_not_capacity_feasible,shared_service_day_fixed_common_duty_set,two_peak_se3_synthetic,>= initial,capped_optimized,2,30,0.0,0.0,0,0.0,0,"{""2190L_0"":0,""3127L_0"":0,""4808_0"":0,""7880C_0"":0,""JON_A_0"":0,""PARX_1"":0}"
unconstrained_charger_demand_not_capacity_feasible,shared_service_day_fixed_common_duty_set,two_peak_se3_synthetic,>= initial,capped_optimized,3,30,0.0,0.0,0,0.0,0,"{""2190L_0"":0,""3127L_0"":0,""4808_0"":0,""7880C_0"":0,""JON_A_0"":0,""PARX_1"":0}"
unconstrained_charger_demand_not_capacity_feasible,shared_service_day_fixed_common_duty_set,two_peak_se3_synthetic,>= initial,capped_optimized,4,30,0.0,0.0,0,0.0,0,"{""2190L_0"":0,""3127L_0"":0,""4808_0"":0,""7880C_0"":0,""JON_A_0"":0,""PARX_1"":0}"
unconstrained_charger_demand_not_capacity_feasible,shared_service_day_fixed_common_duty_set,two_peak_se3_synthetic,>= initial,capped_optimized,5,30,202.2669998000004,202.2669998000004,2,480.0,1,"{""2190L_0"":1,""3127L_0"":1,""4808_0"":1,""7880C_0"":1,""JON_A_0"":1,""PARX_1"":0}"
unconstrained_charger_demand_not_capacity_feasible,shared_service_day_fixed_common_duty_set,two_peak_se3_synthetic,>= initial,capped_optimized,6,30,547.1619992000005,547.1619992000005,5,1200.0,2,"{""2190L_0"":2,""3127L_0"":1,""4808_0"":1,""7880C_0"":1,""JON_A_0"":1,""PARX_1"":0}"
unconstrained_charger_demand_not_capacity_feasible,shared_service_day_fixed_common_duty_set,two_peak_se3_synthetic,>= initial,capped_optimized,7,30,354.23799097999995,354.23799097999995,3,720.0,2,"{""2190L_0"":2,""3127L_0"":1,""4808_0"":1,""7880C_0"":2,""JON_A_0"":1,""PARX_1"":0}"
unconstrained_charger_demand_not_capacity_feasible,shared_service_day_fixed_common_duty_set,two_peak_se3_synthetic,>= initial,capped_optimized,8,30,236.26199715999985,236.26199715999985,3,720.0,1,"{""2190L_0"":1,""3127L_0"":0,""4808_0"":1,""7880C_0"":1,""JON_A_0"":1,""PARX_1"":0}"
unconstrained_charger_demand_not_capacity_feasible,shared_service_day_fixed_common_duty_set,two_peak_se3_synthetic,>= initial,capped_optimized,9,30,113.78998696000001,113.78998696000001,2,480.0,1,"{""2190L_0"":1,""3127L_0"":1,""4808_0"":0,""7880C_0"":0,""JON_A_0"":0,""PARX_1"":0}"
unconstrained_charger_demand_not_capacity_feasible,shared_service_day_fixed_common_duty_set,two_peak_se3_synthetic,>= initial,capped_optimized,10,30,284.3689925800054,284.3689925800054,3,720.0,1,"{""2190L_0"":1,""3127L_0"":1,""4808_0"":1,""7880C_0"":1,""JON_A_0"":0,""PARX_1"":1}"
unconstrained_charger_demand_not_capacity_feasible,shared_service_day_fixed_common_duty_set,two_peak_se3_synthetic,>= initial,capped_optimized,11,30,749.7049961299907,749.7049961299907,5,1200.0,2,"{""2190L_0"":2,""3127L_0"":1,""4808_0"":1,""7880C_0"":1,""JON_A_0"":1,""PARX_1"":1}"
unconstrained_charger_demand_not_capacity_feasible,shared_service_day_fixed_common_duty_set,two_peak_se3_synthetic,>= initial,capped_optimized,12,30,1261.1599886999988,1261.1599886999988,9,2160.0,3,"{""2190L_0"":2,""3127L_0"":3,""4808_0"":1,""7880C_0"":1,""JON_A_0"":2,""PARX_1"":2}"
unconstrained_charger_demand_not_capacity_feasible,shared_service_day_fixed_common_duty_set,two_peak_se3_synthetic,>= initial,capped_optimized,13,30,1442.957985649991,1442.957985649991,11,2640.0,3,"{""2190L_0"":3,""3127L_0"":3,""4808_0"":1,""7880C_0"":3,""JON_A_0"":1,""PARX_1"":1}"
unconstrained_charger_demand_not_capacity_feasible,shared_service_day_fixed_common_duty_set,two_peak_se3_synthetic,>= initial,capped_optimized,14,30,972.0,972.0,6,1440.0,2,"{""2190L_0"":2,""3127L_0"":1,""4808_0"":1,""7880C_0"":1,""JON_A_0"":2,""PARX_1"":0}"
unconstrained_charger_demand_not_capacity_feasible,shared_service_day_fixed_common_duty_set,two_peak_se3_synthetic,>= initial,capped_optimized,15,30,652.6899985000002,652.6899985000002,5,1200.0,2,"{""2190L_0"":2,""3127L_0"":1,""4808_0"":1,""7880C_0"":1,""JON_A_0"":1,""PARX_1"":0}"
unconstrained_charger_demand_not_capacity_feasible,shared_service_day_fixed_common_duty_set,two_peak_se3_synthetic,>= initial,capped_optimized,16,30,369.5299950000009,369.5299950000009,4,960.0,2,"{""2190L_0"":2,""3127L_0"":1,""4808_0"":1,""7880C_0"":0,""JON_A_0"":1,""PARX_1"":0}"
unconstrained_charger_demand_not_capacity_feasible,shared_service_day_fixed_common_duty_set,two_peak_se3_synthetic,>= initial,capped_optimized,17,30,226.74798521999816,226.74798521999816,4,960.0,2,"{""2190L_0"":2,""3127L_0"":1,""4808_0"":1,""7880C_0"":0,""JON_A_0"":1,""PARX_1"":0}"
unconstrained_charger_demand_not_capacity_feasible,shared_service_day_fixed_common_duty_set,two_peak_se3_synthetic,>= initial,capped_optimized,18,30,11.67999699999993,11.67999699999993,1,240.0,1,"{""2190L_0"":1,""3127L_0"":0,""4808_0"":0,""7880C_0"":0,""JON_A_0"":0,""PARX_1"":0}"
unconstrained_charger_demand_not_capacity_feasible,shared_service_day_fixed_common_duty_set,two_peak_se3_synthetic,>= initial,capped_optimized,19,30,104.10599296000183,104.10599296000183,1,240.0,1,"{""2190L_0"":0,""3127L_0"":1,""4808_0"":0,""7880C_0"":0,""JON_A_0"":0,""PARX_1"":0}"
unconstrained_charger_demand_not_capacity_feasible,shared_service_day_fixed_common_duty_set,two_peak_se3_synthetic,>= initial,capped_optimized,20,30,150.9859975,150.9859975,2,480.0,1,"{""2190L_0"":1,""3127L_0"":1,""4808_0"":0,""7880C_0"":0,""JON_A_0"":0,""PARX_1"":0}"
unconstrained_charger_demand_not_capacity_feasible,shared_service_day_fixed_common_duty_set,two_peak_se3_synthetic,>= initial,capped_optimized,21,30,364.7409981,364.7409981,3,720.0,2,"{""2190L_0"":1,""3127L_0"":2,""4808_0"":1,""7880C_0"":0,""JON_A_0"":0,""PARX_1"":0}"
unconstrained_charger_demand_not_capacity_feasible,shared_service_day_fixed_common_duty_set,two_peak_se3_synthetic,>= initial,capped_optimized,22,30,396.02999950000003,396.02999950000003,4,960.0,3,"{""2190L_0"":3,""3127L_0"":1,""4808_0"":1,""7880C_0"":0,""JON_A_0"":1,""PARX_1"":0}"
unconstrained_charger_demand_not_capacity_feasible,shared_service_day_fixed_common_duty_set,two_peak_se3_synthetic,>= initial,capped_optimized,23,30,189.52999949999938,189.52999949999938,2,480.0,1,"{""2190L_0"":1,""3127L_0"":1,""4808_0"":1,""7880C_0"":0,""JON_A_0"":1,""PARX_1"":0}"
unconstrained_charger_demand_not_capacity_feasible,shared_service_day_fixed_common_duty_set,two_peak_se3_synthetic,>= initial,capped_optimized,24,30,112.0,112.0,2,480.0,1,"{""2190L_0"":1,""3127L_0"":1,""4808_0"":0,""7880C_0"":0,""JON_A_0"":0,""PARX_1"":0}"
unconstrained_charger_demand_not_capacity_feasible,shared_service_day_fixed_common_duty_set,two_peak_se3_synthetic,>= initial,capped_optimized,25,30,6890.490999400032,6890.490999400032,30,7200.0,30,"{""2190L_0"":0,""3127L_0"":0,""4808_0"":0,""7880C_0"":0,""JON_A_0"":0,""PARX_1"":30}"
unconstrained_charger_demand_not_capacity_feasible,shared_service_day_fixed_common_duty_set,two_peak_se3_synthetic,>= initial,capped_optimized,26,30,0.0,0.0,0,0.0,0,"{""2190L_0"":0,""3127L_0"":0,""4808_0"":0,""7880C_0"":0,""JON_A_0"":0,""PARX_1"":0}"
