tariff,terminal_policy,arm,matched_feasible_duties,station,start_min,end_min,active_buses,load_kW
peak12,>= reserve,uncapped_arrival,39,2190L_0,321.0,326.0,1,240.0
peak12,>= reserve,uncapped_arrival,39,2190L_0,341.0,353.575,1,240.0
peak12,>= reserve,uncapped_arrival,39,2190L_0,361.0,368.0,1,240.0
peak12,>= reserve,uncapped_arrival,39,2190L_0,376.0,387.0,1,240.0
peak12,>= reserve,uncapped_arrival,39,2190L_0,387.0,398.0,2,480.0
peak12,>= reserve,uncapped_arrival,39,2190L_0,398.0,398.057499875,2,480.0
peak12,>= reserve,uncapped_arrival,39,2190L_0,398.057499875,408.0,1,240.0
peak12,>= reserve,uncapped_arrival,39,2190L_0,408.0,418.0,2,480.0
peak12,>= reserve,uncapped_arrival,39,2190L_0,418.0,419.0,1,240.0
peak12,>= reserve,uncapped_arrival,39,2190L_0,419.0,419.057499875,2,480.0
peak12,>= reserve,uncapped_arrival,39,2190L_0,419.057499875,429.0,1,240.0
peak12,>= reserve,uncapped_arrival,39,2190L_0,430.0,440.0,1,240.0
peak12,>= reserve,uncapped_arrival,39,2190L_0,440.0,451.0,1,240.0
peak12,>= reserve,uncapped_arrival,39,2190L_0,451.0,459.0,2,480.0
peak12,>= reserve,uncapped_arrival,39,2190L_0,459.0,460.0,1,240.0
peak12,>= reserve,uncapped_arrival,39,2190L_0,460.0,461.632499875,2,480.0
peak12,>= reserve,uncapped_arrival,39,2190L_0,461.632499875,469.0,1,240.0
peak12,>= reserve,uncapped_arrival,39,2190L_0,469.0,480.0,1,240.0
peak12,>= reserve,uncapped_arrival,39,2190L_0,481.0,491.0,1,240.0
peak12,>= reserve,uncapped_arrival,39,2190L_0,491.0,494.05749987499996,2,480.0
peak12,>= reserve,uncapped_arrival,39,2190L_0,494.05749987499996,501.0,1,240.0
peak12,>= reserve,uncapped_arrival,39,2190L_0,501.0,509.632499875,2,480.0
peak12,>= reserve,uncapped_arrival,39,2190L_0,509.632499875,511.0,1,240.0
peak12,>= reserve,uncapped_arrival,39,2190L_0,511.0,520.0,2,480.0
peak12,>= reserve,uncapped_arrival,39,2190L_0,520.0,522.0,1,240.0
peak12,>= reserve,uncapped_arrival,39,2190L_0,522.0,530.0,2,480.0
peak12,>= reserve,uncapped_arrival,39,2190L_0,530.0,532.0,1,240.0
peak12,>= reserve,uncapped_arrival,39,2190L_0,532.0,537.632499875,2,480.0
peak12,>= reserve,uncapped_arrival,39,2190L_0,537.632499875,543.0,1,240.0
peak12,>= reserve,uncapped_arrival,39,2190L_0,543.0,546.057499875,2,480.0
peak12,>= reserve,uncapped_arrival,39,2190L_0,546.057499875,549.0,1,240.0
peak12,>= reserve,uncapped_arrival,39,2190L_0,554.0,560.0,1,240.0
peak12,>= reserve,uncapped_arrival,39,2190L_0,564.0,570.0,1,240.0
peak12,>= reserve,uncapped_arrival,39,2190L_0,573.0,582.0,1,240.0
peak12,>= reserve,uncapped_arrival,39,2190L_0,582.0,584.287499375,2,480.0
peak12,>= reserve,uncapped_arrival,39,2190L_0,584.287499375,590.0,1,240.0
peak12,>= reserve,uncapped_arrival,39,2190L_0,592.0,600.0,1,240.0
peak12,>= reserve,uncapped_arrival,39,2190L_0,602.0,607.8049995,1,240.0
peak12,>= reserve,uncapped_arrival,39,2190L_0,611.0,620.0,1,240.0
peak12,>= reserve,uncapped_arrival,39,2190L_0,621.0,630.0,1,240.0
peak12,>= reserve,uncapped_arrival,39,2190L_0,639.0,646.287499375,1,240.0
peak12,>= reserve,uncapped_arrival,39,2190L_0,679.0,689.0,1,240.0
peak12,>= reserve,uncapped_arrival,39,2190L_0,689.0,696.9199992499999,1,240.0
peak12,>= reserve,uncapped_arrival,39,2190L_0,800.0,807.862499375,1,240.0
peak12,>= reserve,uncapped_arrival,39,2190L_0,810.0,820.0,1,240.0
peak12,>= reserve,uncapped_arrival,39,2190L_0,820.0,830.0,1,240.0
peak12,>= reserve,uncapped_arrival,39,2190L_0,850.0,859.0,1,240.0
peak12,>= reserve,uncapped_arrival,39,2190L_0,870.0,871.71999925,1,240.0
peak12,>= reserve,uncapped_arrival,39,2190L_0,880.0,890.0,1,240.0
peak12,>= reserve,uncapped_arrival,39,2190L_0,890.0,891.2299995,2,480.0
peak12,>= reserve,uncapped_arrival,39,2190L_0,891.2299995,897.34499925,1,240.0
peak12,>= reserve,uncapped_arrival,39,2190L_0,902.0,909.0,1,240.0
peak12,>= reserve,uncapped_arrival,39,2190L_0,912.0,922.0,1,240.0
peak12,>= reserve,uncapped_arrival,39,2190L_0,922.0,925.287499375,2,480.0
peak12,>= reserve,uncapped_arrival,39,2190L_0,925.287499375,929.0,1,240.0
peak12,>= reserve,uncapped_arrival,39,2190L_0,932.0,938.0,1,240.0
peak12,>= reserve,uncapped_arrival,39,2190L_0,943.0,948.0,1,240.0
peak12,>= reserve,uncapped_arrival,39,2190L_0,953.0,958.0,1,240.0
peak12,>= reserve,uncapped_arrival,39,2190L_0,964.0,974.0,1,240.0
peak12,>= reserve,uncapped_arrival,39,2190L_0,974.0,978.0,2,480.0
peak12,>= reserve,uncapped_arrival,39,2190L_0,978.0,986.0,1,240.0
peak12,>= reserve,uncapped_arrival,39,2190L_0,986.0,988.0,2,480.0
peak12,>= reserve,uncapped_arrival,39,2190L_0,988.0,996.0,1,240.0
peak12,>= reserve,uncapped_arrival,39,2190L_0,996.0,999.0,2,480.0
peak12,>= reserve,uncapped_arrival,39,2190L_0,999.0,1006.0,1,240.0
peak12,>= reserve,uncapped_arrival,39,2190L_0,1006.0,1009.0,2,480.0
peak12,>= reserve,uncapped_arrival,39,2190L_0,1009.0,1016.0,1,240.0
peak12,>= reserve,uncapped_arrival,39,2190L_0,1016.0,1020.0,2,480.0
peak12,>= reserve,uncapped_arrival,39,2190L_0,1020.0,1027.0,1,240.0
peak12,>= reserve,uncapped_arrival,39,2190L_0,1027.0,1031.0,2,480.0
peak12,>= reserve,uncapped_arrival,39,2190L_0,1031.0,1037.0,1,240.0
peak12,>= reserve,uncapped_arrival,39,2190L_0,1037.0,1041.057499875,2,480.0
peak12,>= reserve,uncapped_arrival,39,2190L_0,1041.057499875,1047.0,1,240.0
peak12,>= reserve,uncapped_arrival,39,2190L_0,1047.0,1047.432499875,2,480.0
peak12,>= reserve,uncapped_arrival,39,2190L_0,1047.432499875,1057.0,1,240.0
peak12,>= reserve,uncapped_arrival,39,2190L_0,1057.0,1061.0,2,480.0
peak12,>= reserve,uncapped_arrival,39,2190L_0,1061.0,1066.0,1,240.0
peak12,>= reserve,uncapped_arrival,39,2190L_0,1066.0,1070.057499875,2,480.0
peak12,>= reserve,uncapped_arrival,39,2190L_0,1070.057499875,1075.0,1,240.0
peak12,>= reserve,uncapped_arrival,39,2190L_0,1075.0,1077.057499875,2,480.0
peak12,>= reserve,uncapped_arrival,39,2190L_0,1077.057499875,1082.0,1,240.0
peak12,>= reserve,uncapped_arrival,39,2190L_0,1084.0,1092.0,1,240.0
peak12,>= reserve,uncapped_arrival,39,2190L_0,1094.0,1102.0,1,240.0
peak12,>= reserve,uncapped_arrival,39,2190L_0,1102.0,1105.0,2,480.0
peak12,>= reserve,uncapped_arrival,39,2190L_0,1105.0,1109.0,1,240.0
peak12,>= reserve,uncapped_arrival,39,2190L_0,1111.0,1121.0,1,240.0
peak12,>= reserve,uncapped_arrival,39,2190L_0,1121.0,1121.432499875,2,480.0
peak12,>= reserve,uncapped_arrival,39,2190L_0,1121.432499875,1129.0,1,240.0
peak12,>= reserve,uncapped_arrival,39,2190L_0,1131.0,1141.0,1,240.0
peak12,>= reserve,uncapped_arrival,39,2190L_0,1141.0,1141.432499875,2,480.0
peak12,>= reserve,uncapped_arrival,39,2190L_0,1141.432499875,1148.0,1,240.0
peak12,>= reserve,uncapped_arrival,39,2190L_0,1150.0,1159.0,1,240.0
peak12,>= reserve,uncapped_arrival,39,2190L_0,1160.0,1173.48999975,1,240.0
peak12,>= reserve,uncapped_arrival,39,2190L_0,1175.0,1185.432499875,1,240.0
peak12,>= reserve,uncapped_arrival,39,2190L_0,1189.0,1199.432499875,1,240.0
peak12,>= reserve,uncapped_arrival,39,2190L_0,1206.0,1216.432499875,1,240.0
peak12,>= reserve,uncapped_arrival,39,2190L_0,1220.0,1230.432499875,1,240.0
peak12,>= reserve,uncapped_arrival,39,2190L_0,1234.0,1244.432499875,1,240.0
peak12,>= reserve,uncapped_arrival,39,2190L_0,1249.0,1259.432499875,1,240.0
peak12,>= reserve,uncapped_arrival,39,2190L_0,1264.0,1274.432499875,1,240.0
peak12,>= reserve,uncapped_arrival,39,2190L_0,1279.0,1289.432499875,1,240.0
peak12,>= reserve,uncapped_arrival,39,2190L_0,1294.0,1301.0,1,240.0
peak12,>= reserve,uncapped_arrival,39,2190L_0,1309.0,1322.48999975,1,240.0
peak12,>= reserve,uncapped_arrival,39,2190L_0,1324.0,1330.0,1,240.0
peak12,>= reserve,uncapped_arrival,39,2190L_0,1348.0,1368.0,1,240.0
peak12,>= reserve,uncapped_arrival,39,2190L_0,1368.0,1369.43999975,2,480.0
peak12,>= reserve,uncapped_arrival,39,2190L_0,1369.43999975,1378.432499875,1,240.0
peak12,>= reserve,uncapped_arrival,39,2190L_0,1387.0,1394.0,1,240.0
peak12,>= reserve,uncapped_arrival,39,2190L_0,1407.0,1414.0,1,240.0
peak12,>= reserve,uncapped_arrival,39,2190L_0,1427.0,1437.432499875,1,240.0
peak12,>= reserve,uncapped_arrival,39,2190L_0,1446.0,1453.0,1,240.0
peak12,>= reserve,uncapped_arrival,39,2190L_0,1466.0,1472.0,1,240.0
peak12,>= reserve,uncapped_arrival,39,2190L_0,1496.0,1503.0,1,240.0
peak12,>= reserve,uncapped_arrival,39,2190L_0,1526.0,1533.0,1,240.0
peak12,>= reserve,uncapped_arrival,39,3127L_0,326.0,334.0,1,240.0
peak12,>= reserve,uncapped_arrival,39,3127L_0,345.0,353.0,1,240.0
peak12,>= reserve,uncapped_arrival,39,3127L_0,356.0,369.476250075,1,240.0
peak12,>= reserve,uncapped_arrival,39,3127L_0,375.0,377.0,1,240.0
peak12,>= reserve,uncapped_arrival,39,3127L_0,387.0,393.0,1,240.0
peak12,>= reserve,uncapped_arrival,39,3127L_0,401.0,410.0,1,240.0
peak12,>= reserve,uncapped_arrival,39,3127L_0,410.0,417.0,2,480.0
peak12,>= reserve,uncapped_arrival,39,3127L_0,417.0,421.0,1,240.0
peak12,>= reserve,uncapped_arrival,39,3127L_0,421.0,423.461250025,2,480.0
peak12,>= reserve,uncapped_arrival,39,3127L_0,423.461250025,427.0,1,240.0
peak12,>= reserve,uncapped_arrival,39,3127L_0,429.0,437.0,1,240.0
peak12,>= reserve,uncapped_arrival,39,3127L_0,439.0,442.0,1,240.0
peak12,>= reserve,uncapped_arrival,39,3127L_0,443.0,449.0,1,240.0
peak12,>= reserve,uncapped_arrival,39,3127L_0,449.0,450.0,2,480.0
peak12,>= reserve,uncapped_arrival,39,3127L_0,450.0,457.0,1,240.0
peak12,>= reserve,uncapped_arrival,39,3127L_0,464.0,466.0,1,240.0
peak12,>= reserve,uncapped_arrival,39,3127L_0,474.0,477.0,1,240.0
peak12,>= reserve,uncapped_arrival,39,3127L_0,481.0,492.0,1,240.0
peak12,>= reserve,uncapped_arrival,39,3127L_0,494.0,497.0,1,240.0
peak12,>= reserve,uncapped_arrival,39,3127L_0,500.0,523.0,1,240.0
peak12,>= reserve,uncapped_arrival,39,3127L_0,523.0,525.543749865,2,480.0
peak12,>= reserve,uncapped_arrival,39,3127L_0,525.543749865,527.0,1,240.0
peak12,>= reserve,uncapped_arrival,39,3127L_0,529.0,532.0,1,240.0
peak12,>= reserve,uncapped_arrival,39,3127L_0,543.0,548.0,1,240.0
peak12,>= reserve,uncapped_arrival,39,3127L_0,548.0,552.0,2,480.0
peak12,>= reserve,uncapped_arrival,39,3127L_0,552.0,555.5705001,1,240.0
peak12,>= reserve,uncapped_arrival,39,3127L_0,563.0,568.0,1,240.0
peak12,>= reserve,uncapped_arrival,39,3127L_0,568.0,572.0,2,480.0
peak12,>= reserve,uncapped_arrival,39,3127L_0,572.0,588.0,1,240.0
peak12,>= reserve,uncapped_arrival,39,3127L_0,588.0,591.063499275,1,240.0
peak12,>= reserve,uncapped_arrival,39,3127L_0,593.0,618.0,1,240.0
peak12,>= reserve,uncapped_arrival,39,3127L_0,623.0,628.0,1,240.0
peak12,>= reserve,uncapped_arrival,39,3127L_0,628.0,633.0,2,480.0
peak12,>= reserve,uncapped_arrival,39,3127L_0,633.0,638.411248365,1,240.0
peak12,>= reserve,uncapped_arrival,39,3127L_0,653.0,660.0,1,240.0
peak12,>= reserve,uncapped_arrival,39,3127L_0,712.0,718.059498995,1,240.0
peak12,>= reserve,uncapped_arrival,39,3127L_0,828.0,829.8847492,1,240.0
peak12,>= reserve,uncapped_arrival,39,3127L_0,842.0,851.469997615,1,240.0
peak12,>= reserve,uncapped_arrival,39,3127L_0,862.0,866.542999135,1,240.0
peak12,>= reserve,uncapped_arrival,39,3127L_0,868.0,870.0,1,240.0
peak12,>= reserve,uncapped_arrival,39,3127L_0,882.0,888.0,1,240.0
peak12,>= reserve,uncapped_arrival,39,3127L_0,888.0,890.0,2,480.0
peak12,>= reserve,uncapped_arrival,39,3127L_0,890.0,895.0,1,240.0
peak12,>= reserve,uncapped_arrival,39,3127L_0,899.0,900.0,1,240.0
peak12,>= reserve,uncapped_arrival,39,3127L_0,914.0,914.9999999999999,1,240.0
peak12,>= reserve,uncapped_arrival,39,3127L_0,922.0,929.0,1,240.0
peak12,>= reserve,uncapped_arrival,39,3127L_0,943.0,944.0,1,240.0
peak12,>= reserve,uncapped_arrival,39,3127L_0,944.0,945.0,2,480.0
peak12,>= reserve,uncapped_arrival,39,3127L_0,945.0,947.608749565,1,240.0
peak12,>= reserve,uncapped_arrival,39,3127L_0,948.0,957.257249825,1,240.0
peak12,>= reserve,uncapped_arrival,39,3127L_0,963.0,964.0,1,240.0
peak12,>= reserve,uncapped_arrival,39,3127L_0,964.0,968.0,2,480.0
peak12,>= reserve,uncapped_arrival,39,3127L_0,968.0,978.0,1,240.0
peak12,>= reserve,uncapped_arrival,39,3127L_0,983.0,988.0,1,240.0
peak12,>= reserve,uncapped_arrival,39,3127L_0,989.0,992.0,1,240.0
peak12,>= reserve,uncapped_arrival,39,3127L_0,992.0,995.0,2,480.0
peak12,>= reserve,uncapped_arrival,39,3127L_0,995.0,998.0,1,240.0
peak12,>= reserve,uncapped_arrival,39,3127L_0,1009.0,1019.613249275,1,240.0
peak12,>= reserve,uncapped_arrival,39,3127L_0,1023.0,1024.0,1,240.0
peak12,>= reserve,uncapped_arrival,39,3127L_0,1024.0,1025.0,2,480.0
peak12,>= reserve,uncapped_arrival,39,3127L_0,1025.0,1035.0,1,240.0
peak12,>= reserve,uncapped_arrival,39,3127L_0,1042.0,1044.0,1,240.0
peak12,>= reserve,uncapped_arrival,39,3127L_0,1044.0,1045.0,2,480.0
peak12,>= reserve,uncapped_arrival,39,3127L_0,1045.0,1048.0,1,240.0
peak12,>= reserve,uncapped_arrival,39,3127L_0,1048.0,1050.0,2,480.0
peak12,>= reserve,uncapped_arrival,39,3127L_0,1050.0,1054.0,1,240.0
peak12,>= reserve,uncapped_arrival,39,3127L_0,1054.0,1055.0,2,480.0
peak12,>= reserve,uncapped_arrival,39,3127L_0,1055.0,1056.7459991,1,240.0
peak12,>= reserve,uncapped_arrival,39,3127L_0,1061.0,1068.0,1,240.0
peak12,>= reserve,uncapped_arrival,39,3127L_0,1068.0,1072.0,2,480.0
peak12,>= reserve,uncapped_arrival,39,3127L_0,1072.0,1076.0,1,240.0
peak12,>= reserve,uncapped_arrival,39,3127L_0,1081.0,1088.0,1,240.0
peak12,>= reserve,uncapped_arrival,39,3127L_0,1088.0,1089.4287498,2,480.0
peak12,>= reserve,uncapped_arrival,39,3127L_0,1089.4287498,1092.0,1,240.0
peak12,>= reserve,uncapped_arrival,39,3127L_0,1101.0,1108.0,1,240.0
peak12,>= reserve,uncapped_arrival,39,3127L_0,1108.0,1112.0,2,480.0
peak12,>= reserve,uncapped_arrival,39,3127L_0,1112.0,1119.7299995,1,240.0
peak12,>= reserve,uncapped_arrival,39,3127L_0,1121.0,1126.2,1,240.0
peak12,>= reserve,uncapped_arrival,39,3127L_0,1127.0,1132.2,1,240.0
peak12,>= reserve,uncapped_arrival,39,3127L_0,1141.0,1143.0,1,240.0
peak12,>= reserve,uncapped_arrival,39,3127L_0,1147.0,1152.0,1,240.0
peak12,>= reserve,uncapped_arrival,39,3127L_0,1161.0,1166.0,1,240.0
peak12,>= reserve,uncapped_arrival,39,3127L_0,1166.0,1173.0,2,480.0
peak12,>= reserve,uncapped_arrival,39,3127L_0,1173.0,1183.0,1,240.0
peak12,>= reserve,uncapped_arrival,39,3127L_0,1186.0,1196.0,1,240.0
peak12,>= reserve,uncapped_arrival,39,3127L_0,1196.0,1203.0,2,480.0
peak12,>= reserve,uncapped_arrival,39,3127L_0,1203.0,1212.5177498,1,240.0
peak12,>= reserve,uncapped_arrival,39,3127L_0,1216.0,1225.0,1,240.0
peak12,>= reserve,uncapped_arrival,39,3127L_0,1225.0,1230.0994997,2,480.0
peak12,>= reserve,uncapped_arrival,39,3127L_0,1230.0994997,1233.0,1,240.0
peak12,>= reserve,uncapped_arrival,39,3127L_0,1246.0,1255.0,1,240.0
peak12,>= reserve,uncapped_arrival,39,3127L_0,1255.0,1263.0,2,480.0
peak12,>= reserve,uncapped_arrival,39,3127L_0,1263.0,1273.0,1,240.0
peak12,>= reserve,uncapped_arrival,39,3127L_0,1275.0,1285.0,1,240.0
peak12,>= reserve,uncapped_arrival,39,3127L_0,1285.0,1293.0,2,480.0
peak12,>= reserve,uncapped_arrival,39,3127L_0,1293.0,1299.185249525,1,240.0
peak12,>= reserve,uncapped_arrival,39,3127L_0,1304.0,1315.0,1,240.0
peak12,>= reserve,uncapped_arrival,39,3127L_0,1315.0,1323.0,2,480.0
peak12,>= reserve,uncapped_arrival,39,3127L_0,1323.0,1328.5532501,1,240.0
peak12,>= reserve,uncapped_arrival,39,3127L_0,1334.0,1345.0,1,240.0
peak12,>= reserve,uncapped_arrival,39,3127L_0,1345.0,1351.281749725,2,480.0
peak12,>= reserve,uncapped_arrival,39,3127L_0,1351.281749725,1354.0,1,240.0
peak12,>= reserve,uncapped_arrival,39,3127L_0,1363.0,1373.917249675,1,240.0
peak12,>= reserve,uncapped_arrival,39,3127L_0,1375.0,1384.0,1,240.0
peak12,>= reserve,uncapped_arrival,39,3127L_0,1393.0,1398.2,1,240.0
peak12,>= reserve,uncapped_arrival,39,3127L_0,1405.0,1414.0,1,240.0
peak12,>= reserve,uncapped_arrival,39,3127L_0,1423.0,1425.0,1,240.0
peak12,>= reserve,uncapped_arrival,39,3127L_0,1435.0,1444.0,1,240.0
peak12,>= reserve,uncapped_arrival,39,3127L_0,1451.0,1461.377249725,1,240.0
peak12,>= reserve,uncapped_arrival,39,3127L_0,1464.0,1474.0,1,240.0
peak12,>= reserve,uncapped_arrival,39,3127L_0,1481.0,1493.0,1,240.0
peak12,>= reserve,uncapped_arrival,39,3127L_0,1493.0,1493.27924975,2,480.0
peak12,>= reserve,uncapped_arrival,39,3127L_0,1493.27924975,1500.53524995,1,240.0
peak12,>= reserve,uncapped_arrival,39,3127L_0,1523.0,1526.0,1,240.0
peak12,>= reserve,uncapped_arrival,39,3127L_0,1526.0,1528.2,2,480.0
peak12,>= reserve,uncapped_arrival,39,3127L_0,1528.2,1531.2,1,240.0
peak12,>= reserve,uncapped_arrival,39,4808_0,319.0,325.0,1,240.0
peak12,>= reserve,uncapped_arrival,39,4808_0,339.0,346.0,1,240.0
peak12,>= reserve,uncapped_arrival,39,4808_0,359.0,366.0,1,240.0
peak12,>= reserve,uncapped_arrival,39,4808_0,379.0,386.0,1,240.0
peak12,>= reserve,uncapped_arrival,39,4808_0,397.0,402.0,1,240.0
peak12,>= reserve,uncapped_arrival,39,4808_0,413.0,421.0,1,240.0
peak12,>= reserve,uncapped_arrival,39,4808_0,423.0,431.0,1,240.0
peak12,>= reserve,uncapped_arrival,39,4808_0,434.0,441.0,1,240.0
peak12,>= reserve,uncapped_arrival,39,4808_0,444.0,451.0,1,240.0
peak12,>= reserve,uncapped_arrival,39,4808_0,455.0,462.0,1,240.0
peak12,>= reserve,uncapped_arrival,39,4808_0,465.0,472.0,1,240.0
peak12,>= reserve,uncapped_arrival,39,4808_0,476.0,483.0,1,240.0
peak12,>= reserve,uncapped_arrival,39,4808_0,488.0,495.0,1,240.0
peak12,>= reserve,uncapped_arrival,39,4808_0,499.0,506.0,1,240.0
peak12,>= reserve,uncapped_arrival,39,4808_0,509.0,516.0,1,240.0
peak12,>= reserve,uncapped_arrival,39,4808_0,519.0,526.0,1,240.0
peak12,>= reserve,uncapped_arrival,39,4808_0,529.0,536.0,1,240.0
peak12,>= reserve,uncapped_arrival,39,4808_0,539.0,546.0,1,240.0
peak12,>= reserve,uncapped_arrival,39,4808_0,549.0,556.0,1,240.0
peak12,>= reserve,uncapped_arrival,39,4808_0,559.0,566.0,1,240.0
peak12,>= reserve,uncapped_arrival,39,4808_0,569.0,576.0,1,240.0
peak12,>= reserve,uncapped_arrival,39,4808_0,579.0,584.0,1,240.0
peak12,>= reserve,uncapped_arrival,39,4808_0,589.0,594.0,1,240.0
peak12,>= reserve,uncapped_arrival,39,4808_0,607.0,614.0,1,240.0
peak12,>= reserve,uncapped_arrival,39,4808_0,617.0,624.0,1,240.0
peak12,>= reserve,uncapped_arrival,39,4808_0,627.0,634.0,1,240.0
peak12,>= reserve,uncapped_arrival,39,4808_0,647.0,648.29499925,1,240.0
peak12,>= reserve,uncapped_arrival,39,4808_0,657.0,660.0,1,240.0
peak12,>= reserve,uncapped_arrival,39,4808_0,747.0,747.777499125,1,240.0
peak12,>= reserve,uncapped_arrival,39,4808_0,869.0,876.0,1,240.0
peak12,>= reserve,uncapped_arrival,39,4808_0,879.0,886.0,1,240.0
peak12,>= reserve,uncapped_arrival,39,4808_0,889.0,896.0,1,240.0
peak12,>= reserve,uncapped_arrival,39,4808_0,899.0,903.2299995,1,240.0
peak12,>= reserve,uncapped_arrival,39,4808_0,909.0,909.287499375,1,240.0
peak12,>= reserve,uncapped_arrival,39,4808_0,920.0,927.0,1,240.0
peak12,>= reserve,uncapped_arrival,39,4808_0,930.0,937.0,1,240.0
peak12,>= reserve,uncapped_arrival,39,4808_0,940.0,943.2299995,1,240.0
peak12,>= reserve,uncapped_arrival,39,4808_0,950.0,957.0,1,240.0
peak12,>= reserve,uncapped_arrival,39,4808_0,961.0,968.0,1,240.0
peak12,>= reserve,uncapped_arrival,39,4808_0,971.0,978.0,1,240.0
peak12,>= reserve,uncapped_arrival,39,4808_0,982.0,988.0,1,240.0
peak12,>= reserve,uncapped_arrival,39,4808_0,992.0,998.0,1,240.0
peak12,>= reserve,uncapped_arrival,39,4808_0,1001.0,1008.0,1,240.0
peak12,>= reserve,uncapped_arrival,39,4808_0,1011.0,1018.0,1,240.0
peak12,>= reserve,uncapped_arrival,39,4808_0,1021.0,1028.0,1,240.0
peak12,>= reserve,uncapped_arrival,39,4808_0,1031.0,1038.0,1,240.0
peak12,>= reserve,uncapped_arrival,39,4808_0,1041.0,1047.0,1,240.0
peak12,>= reserve,uncapped_arrival,39,4808_0,1050.0,1057.0,1,240.0
peak12,>= reserve,uncapped_arrival,39,4808_0,1060.0,1067.0,1,240.0
peak12,>= reserve,uncapped_arrival,39,4808_0,1070.0,1077.0,1,240.0
peak12,>= reserve,uncapped_arrival,39,4808_0,1080.0,1087.0,1,240.0
peak12,>= reserve,uncapped_arrival,39,4808_0,1090.0,1097.0,1,240.0
peak12,>= reserve,uncapped_arrival,39,4808_0,1100.0,1107.0,1,240.0
peak12,>= reserve,uncapped_arrival,39,4808_0,1110.0,1118.0,1,240.0
peak12,>= reserve,uncapped_arrival,39,4808_0,1118.0,1120.625,2,480.0
peak12,>= reserve,uncapped_arrival,39,4808_0,1120.625,1122.0,1,240.0
peak12,>= reserve,uncapped_arrival,39,4808_0,1128.0,1136.0,1,240.0
peak12,>= reserve,uncapped_arrival,39,4808_0,1139.0,1140.95,1,240.0
peak12,>= reserve,uncapped_arrival,39,4808_0,1149.0,1153.0,1,240.0
peak12,>= reserve,uncapped_arrival,39,4808_0,1161.0,1168.0,1,240.0
peak12,>= reserve,uncapped_arrival,39,4808_0,1172.0,1182.0,1,240.0
peak12,>= reserve,uncapped_arrival,39,4808_0,1185.0,1195.625,1,240.0
peak12,>= reserve,uncapped_arrival,39,4808_0,1200.0,1210.625,1,240.0
peak12,>= reserve,uncapped_arrival,39,4808_0,1215.0,1225.625,1,240.0
peak12,>= reserve,uncapped_arrival,39,4808_0,1230.0,1240.625,1,240.0
peak12,>= reserve,uncapped_arrival,39,4808_0,1245.0,1255.625,1,240.0
peak12,>= reserve,uncapped_arrival,39,4808_0,1260.0,1272.0,1,240.0
peak12,>= reserve,uncapped_arrival,39,4808_0,1275.0,1276.95,1,240.0
peak12,>= reserve,uncapped_arrival,39,4808_0,1290.0,1291.95,1,240.0
peak12,>= reserve,uncapped_arrival,39,4808_0,1305.0,1315.625,1,240.0
peak12,>= reserve,uncapped_arrival,39,4808_0,1325.0,1335.625,1,240.0
peak12,>= reserve,uncapped_arrival,39,4808_0,1345.0,1355.625,1,240.0
peak12,>= reserve,uncapped_arrival,39,4808_0,1365.0,1375.625,1,240.0
peak12,>= reserve,uncapped_arrival,39,4808_0,1385.0,1395.625,1,240.0
peak12,>= reserve,uncapped_arrival,39,4808_0,1404.0,1416.0,1,240.0
peak12,>= reserve,uncapped_arrival,39,4808_0,1423.0,1424.95,1,240.0
peak12,>= reserve,uncapped_arrival,39,4808_0,1441.0,1446.0,1,240.0
peak12,>= reserve,uncapped_arrival,39,4808_0,1463.0,1473.625,1,240.0
peak12,>= reserve,uncapped_arrival,39,4808_0,1493.0,1494.95,1,240.0
peak12,>= reserve,uncapped_arrival,39,4808_0,1523.0,1524.95,1,240.0
peak12,>= reserve,uncapped_arrival,39,7880C_0,352.0,356.99174995,1,240.0
peak12,>= reserve,uncapped_arrival,39,7880C_0,383.0,394.0,1,240.0
peak12,>= reserve,uncapped_arrival,39,7880C_0,413.0,424.0,1,240.0
peak12,>= reserve,uncapped_arrival,39,7880C_0,444.0,452.83324933,1,240.0
peak12,>= reserve,uncapped_arrival,39,7880C_0,472.0,474.0,1,240.0
peak12,>= reserve,uncapped_arrival,39,7880C_0,474.0,480.614749465,2,480.0
peak12,>= reserve,uncapped_arrival,39,7880C_0,480.614749465,484.0,1,240.0
peak12,>= reserve,uncapped_arrival,39,7880C_0,504.0,514.0,1,240.0
peak12,>= reserve,uncapped_arrival,39,7880C_0,534.0,545.0,1,240.0
peak12,>= reserve,uncapped_arrival,39,7880C_0,563.0,575.0,1,240.0
peak12,>= reserve,uncapped_arrival,39,7880C_0,593.0,605.0,1,240.0
peak12,>= reserve,uncapped_arrival,39,7880C_0,653.0,660.0,1,240.0
peak12,>= reserve,uncapped_arrival,39,7880C_0,775.0,782.3377492550001,1,240.0
peak12,>= reserve,uncapped_arrival,39,7880C_0,833.0,838.826998865,1,240.0
peak12,>= reserve,uncapped_arrival,39,7880C_0,924.0,947.0,1,240.0
peak12,>= reserve,uncapped_arrival,39,7880C_0,984.0,994.0,1,240.0
peak12,>= reserve,uncapped_arrival,39,7880C_0,1014.0,1022.3942499,1,240.0
peak12,>= reserve,uncapped_arrival,39,7880C_0,1074.0,1084.925749265,1,240.0
peak12,>= reserve,uncapped_arrival,39,7880C_0,1133.0,1141.0,1,240.0
peak12,>= reserve,uncapped_arrival,39,7880C_0,1141.0,1143.9000000000005,2,480.0
peak12,>= reserve,uncapped_arrival,39,7880C_0,1143.9000000000005,1145.0,1,240.0
peak12,>= reserve,uncapped_arrival,39,7880C_0,1163.0,1176.0,1,240.0
peak12,>= reserve,uncapped_arrival,39,7880C_0,1193.0,1206.0,1,240.0
peak12,>= reserve,uncapped_arrival,39,7880C_0,1252.0,1266.0,1,240.0
peak12,>= reserve,uncapped_arrival,39,7880C_0,1282.0,1294.1217493,1,240.0
peak12,>= reserve,uncapped_arrival,39,7880C_0,1342.0,1356.0,1,240.0
peak12,>= reserve,uncapped_arrival,39,7880C_0,1372.0,1382.444999915,1,240.0
peak12,>= reserve,uncapped_arrival,39,7880C_0,1402.0,1416.0,1,240.0
peak12,>= reserve,uncapped_arrival,39,7880C_0,1432.0,1446.0,1,240.0
peak12,>= reserve,uncapped_arrival,39,7880C_0,1454.0,1456.9,1,240.0
peak12,>= reserve,uncapped_arrival,39,7880C_0,1462.0,1464.9,1,240.0
peak12,>= reserve,uncapped_arrival,39,7880C_0,1469.0,1476.0,1,240.0
peak12,>= reserve,uncapped_arrival,39,7880C_0,1519.0,1521.9,1,240.0
peak12,>= reserve,uncapped_arrival,39,JON_A_0,344.0,345.0,1,240.0
peak12,>= reserve,uncapped_arrival,39,JON_A_0,357.0,365.0,1,240.0
peak12,>= reserve,uncapped_arrival,39,JON_A_0,374.0,382.0,1,240.0
peak12,>= reserve,uncapped_arrival,39,JON_A_0,382.0,383.572250025,2,480.0
peak12,>= reserve,uncapped_arrival,39,JON_A_0,383.572250025,385.0,1,240.0
peak12,>= reserve,uncapped_arrival,39,JON_A_0,394.0,402.0,1,240.0
peak12,>= reserve,uncapped_arrival,39,JON_A_0,402.0,405.0,2,480.0
peak12,>= reserve,uncapped_arrival,39,JON_A_0,405.0,409.199249975,1,240.0
peak12,>= reserve,uncapped_arrival,39,JON_A_0,414.0,420.0,1,240.0
peak12,>= reserve,uncapped_arrival,39,JON_A_0,422.0,433.0,1,240.0
peak12,>= reserve,uncapped_arrival,39,JON_A_0,434.0,439.0,1,240.0
peak12,>= reserve,uncapped_arrival,39,JON_A_0,442.0,445.0,1,240.0
peak12,>= reserve,uncapped_arrival,39,JON_A_0,448.0,453.0,1,240.0
peak12,>= reserve,uncapped_arrival,39,JON_A_0,454.0,460.671499975,1,240.0
peak12,>= reserve,uncapped_arrival,39,JON_A_0,462.0,462.7277491375,1,240.0
peak12,>= reserve,uncapped_arrival,39,JON_A_0,474.0,480.0,1,240.0
peak12,>= reserve,uncapped_arrival,39,JON_A_0,482.0,493.0,1,240.0
peak12,>= reserve,uncapped_arrival,39,JON_A_0,494.0,502.342249875,1,240.0
peak12,>= reserve,uncapped_arrival,39,JON_A_0,514.0,522.0,1,240.0
peak12,>= reserve,uncapped_arrival,39,JON_A_0,522.0,525.0,2,480.0
peak12,>= reserve,uncapped_arrival,39,JON_A_0,525.0,526.675749215,1,240.0
peak12,>= reserve,uncapped_arrival,39,JON_A_0,534.0,540.0,1,240.0
peak12,>= reserve,uncapped_arrival,39,JON_A_0,542.0,543.0,1,240.0
peak12,>= reserve,uncapped_arrival,39,JON_A_0,554.0,561.110499225,1,240.0
peak12,>= reserve,uncapped_arrival,39,JON_A_0,572.0,574.0,1,240.0
peak12,>= reserve,uncapped_arrival,39,JON_A_0,574.0,585.0,1,240.0
peak12,>= reserve,uncapped_arrival,39,JON_A_0,594.0,602.0,1,240.0
peak12,>= reserve,uncapped_arrival,39,JON_A_0,602.0,604.0,2,480.0
peak12,>= reserve,uncapped_arrival,39,JON_A_0,604.0,605.0,1,240.0
peak12,>= reserve,uncapped_arrival,39,JON_A_0,614.0,625.0,1,240.0
peak12,>= reserve,uncapped_arrival,39,JON_A_0,632.0,634.0,1,240.0
peak12,>= reserve,uncapped_arrival,39,JON_A_0,654.0,660.0,1,240.0
peak12,>= reserve,uncapped_arrival,39,JON_A_0,782.0,784.9264996575,1,240.0
peak12,>= reserve,uncapped_arrival,39,JON_A_0,794.0,798.21774935,1,240.0
peak12,>= reserve,uncapped_arrival,39,JON_A_0,814.0,822.0,1,240.0
peak12,>= reserve,uncapped_arrival,39,JON_A_0,822.0,825.0,2,480.0
peak12,>= reserve,uncapped_arrival,39,JON_A_0,825.0,833.067499915,1,240.0
peak12,>= reserve,uncapped_arrival,39,JON_A_0,862.0,873.0,1,240.0
peak12,>= reserve,uncapped_arrival,39,JON_A_0,874.0,885.0,1,240.0
peak12,>= reserve,uncapped_arrival,39,JON_A_0,904.0,913.0,1,240.0
peak12,>= reserve,uncapped_arrival,39,JON_A_0,924.0,933.0,1,240.0
peak12,>= reserve,uncapped_arrival,39,JON_A_0,934.0,945.0,1,240.0
peak12,>= reserve,uncapped_arrival,39,JON_A_0,954.0,964.0,1,240.0
peak12,>= reserve,uncapped_arrival,39,JON_A_0,964.0,965.0,2,480.0
peak12,>= reserve,uncapped_arrival,39,JON_A_0,965.0,973.0,1,240.0
peak12,>= reserve,uncapped_arrival,39,JON_A_0,974.0,984.0,1,240.0
peak12,>= reserve,uncapped_arrival,39,JON_A_0,984.0,985.0,2,480.0
peak12,>= reserve,uncapped_arrival,39,JON_A_0,985.0,993.0,1,240.0
peak12,>= reserve,uncapped_arrival,39,JON_A_0,994.0,1004.0,1,240.0
peak12,>= reserve,uncapped_arrival,39,JON_A_0,1004.0,1005.0,2,480.0
peak12,>= reserve,uncapped_arrival,39,JON_A_0,1005.0,1013.0,1,240.0
peak12,>= reserve,uncapped_arrival,39,JON_A_0,1014.0,1024.0,1,240.0
peak12,>= reserve,uncapped_arrival,39,JON_A_0,1024.0,1024.89899935,2,480.0
peak12,>= reserve,uncapped_arrival,39,JON_A_0,1024.89899935,1025.0,1,240.0
peak12,>= reserve,uncapped_arrival,39,JON_A_0,1034.0,1040.0,1,240.0
peak12,>= reserve,uncapped_arrival,39,JON_A_0,1040.0,1043.2,2,480.0
peak12,>= reserve,uncapped_arrival,39,JON_A_0,1043.2,1044.0,1,240.0
peak12,>= reserve,uncapped_arrival,39,JON_A_0,1044.0,1045.0,2,480.0
peak12,>= reserve,uncapped_arrival,39,JON_A_0,1045.0,1053.0,1,240.0
peak12,>= reserve,uncapped_arrival,39,JON_A_0,1054.0,1064.0,1,240.0
peak12,>= reserve,uncapped_arrival,39,JON_A_0,1064.0,1065.0,2,480.0
peak12,>= reserve,uncapped_arrival,39,JON_A_0,1065.0,1070.0,1,240.0
peak12,>= reserve,uncapped_arrival,39,JON_A_0,1070.0,1073.0,2,480.0
peak12,>= reserve,uncapped_arrival,39,JON_A_0,1073.0,1073.2,1,240.0
peak12,>= reserve,uncapped_arrival,39,JON_A_0,1074.0,1084.0,1,240.0
peak12,>= reserve,uncapped_arrival,39,JON_A_0,1084.0,1085.0,2,480.0
peak12,>= reserve,uncapped_arrival,39,JON_A_0,1085.0,1093.0,1,240.0
peak12,>= reserve,uncapped_arrival,39,JON_A_0,1094.0,1102.0,1,240.0
peak12,>= reserve,uncapped_arrival,39,JON_A_0,1102.0,1105.0,2,480.0
peak12,>= reserve,uncapped_arrival,39,JON_A_0,1105.0,1114.0,1,240.0
peak12,>= reserve,uncapped_arrival,39,JON_A_0,1114.0,1122.0,1,240.0
peak12,>= reserve,uncapped_arrival,39,JON_A_0,1122.0,1125.0,2,480.0
peak12,>= reserve,uncapped_arrival,39,JON_A_0,1125.0,1125.2,1,240.0
peak12,>= reserve,uncapped_arrival,39,JON_A_0,1134.0,1139.0,1,240.0
peak12,>= reserve,uncapped_arrival,39,JON_A_0,1142.0,1145.2,1,240.0
peak12,>= reserve,uncapped_arrival,39,JON_A_0,1154.0,1155.0,1,240.0
peak12,>= reserve,uncapped_arrival,39,JON_A_0,1167.0,1169.0,1,240.0
peak12,>= reserve,uncapped_arrival,39,JON_A_0,1184.0,1185.0,1,240.0
peak12,>= reserve,uncapped_arrival,39,JON_A_0,1197.0,1199.0,1,240.0
peak12,>= reserve,uncapped_arrival,39,JON_A_0,1214.0,1215.0,1,240.0
peak12,>= reserve,uncapped_arrival,39,JON_A_0,1227.0,1229.0,1,240.0
peak12,>= reserve,uncapped_arrival,39,JON_A_0,1244.0,1245.0,1,240.0
peak12,>= reserve,uncapped_arrival,39,JON_A_0,1257.0,1260.0,1,240.0
peak12,>= reserve,uncapped_arrival,39,JON_A_0,1274.0,1275.0,1,240.0
peak12,>= reserve,uncapped_arrival,39,JON_A_0,1287.0,1290.0,1,240.0
peak12,>= reserve,uncapped_arrival,39,JON_A_0,1304.0,1305.0,1,240.0
peak12,>= reserve,uncapped_arrival,39,JON_A_0,1317.0,1320.0,1,240.0
peak12,>= reserve,uncapped_arrival,39,JON_A_0,1334.0,1335.0,1,240.0
peak12,>= reserve,uncapped_arrival,39,JON_A_0,1347.0,1350.0,1,240.0
peak12,>= reserve,uncapped_arrival,39,JON_A_0,1364.0,1365.0,1,240.0
peak12,>= reserve,uncapped_arrival,39,JON_A_0,1394.0,1395.0,1,240.0
peak12,>= reserve,uncapped_arrival,39,JON_A_0,1407.0,1410.0,1,240.0
peak12,>= reserve,uncapped_arrival,39,JON_A_0,1437.0,1440.0,1,240.0
peak12,>= reserve,uncapped_arrival,39,JON_A_0,1482.0,1484.0,1,240.0
peak12,>= reserve,uncapped_arrival,39,JON_A_0,1484.0,1485.0,2,480.0
peak12,>= reserve,uncapped_arrival,39,JON_A_0,1514.0,1515.0,1,240.0
peak12,>= reserve,uncapped_arrival,39,JON_A_0,1542.0,1544.0,1,240.0
peak12,>= reserve,uncapped_arrival,39,JON_A_0,1544.0,1545.2,2,480.0
peak12,>= reserve,uncapped_arrival,39,JON_A_0,1545.2,1547.2,1,240.0
peak12,>= reserve,uncapped_arrival,39,PARX_1,501.0,505.0,1,240.0
peak12,>= reserve,uncapped_arrival,39,PARX_1,505.0,509.15574924,2,480.0
peak12,>= reserve,uncapped_arrival,39,PARX_1,509.15574924,527.306749975,1,240.0
peak12,>= reserve,uncapped_arrival,39,PARX_1,782.0,787.4674990825,1,240.0
peak12,>= reserve,uncapped_arrival,39,PARX_1,972.0,993.0,1,240.0
peak12,>= reserve,uncapped_arrival,39,PARX_1,1032.0,1034.0,1,240.0
peak12,>= reserve,uncapped_optimized,39,2190L_0,321.0,326.0,1,240.0
peak12,>= reserve,uncapped_optimized,39,2190L_0,341.0,353.575,1,240.0
peak12,>= reserve,uncapped_optimized,39,2190L_0,361.0,368.0,1,240.0
peak12,>= reserve,uncapped_optimized,39,2190L_0,376.0,387.0,1,240.0
peak12,>= reserve,uncapped_optimized,39,2190L_0,387.0,398.0,2,480.0
peak12,>= reserve,uncapped_optimized,39,2190L_0,398.0,398.057499875,2,480.0
peak12,>= reserve,uncapped_optimized,39,2190L_0,398.057499875,408.0,1,240.0
peak12,>= reserve,uncapped_optimized,39,2190L_0,408.0,418.0,2,480.0
peak12,>= reserve,uncapped_optimized,39,2190L_0,418.0,419.0,1,240.0
peak12,>= reserve,uncapped_optimized,39,2190L_0,419.0,419.057499875,2,480.0
peak12,>= reserve,uncapped_optimized,39,2190L_0,419.057499875,429.0,1,240.0
peak12,>= reserve,uncapped_optimized,39,2190L_0,430.0,440.0,1,240.0
peak12,>= reserve,uncapped_optimized,39,2190L_0,440.0,451.0,1,240.0
peak12,>= reserve,uncapped_optimized,39,2190L_0,451.0,459.0,2,480.0
peak12,>= reserve,uncapped_optimized,39,2190L_0,459.0,460.0,1,240.0
peak12,>= reserve,uncapped_optimized,39,2190L_0,460.0,461.632499875,2,480.0
peak12,>= reserve,uncapped_optimized,39,2190L_0,461.632499875,469.0,1,240.0
peak12,>= reserve,uncapped_optimized,39,2190L_0,469.0,480.0,1,240.0
peak12,>= reserve,uncapped_optimized,39,2190L_0,481.0,491.0,1,240.0
peak12,>= reserve,uncapped_optimized,39,2190L_0,491.0,494.05749987499996,2,480.0
peak12,>= reserve,uncapped_optimized,39,2190L_0,494.05749987499996,501.0,1,240.0
peak12,>= reserve,uncapped_optimized,39,2190L_0,501.0,509.632499875,2,480.0
peak12,>= reserve,uncapped_optimized,39,2190L_0,509.632499875,511.0,1,240.0
peak12,>= reserve,uncapped_optimized,39,2190L_0,511.0,520.0,2,480.0
peak12,>= reserve,uncapped_optimized,39,2190L_0,520.0,522.0,1,240.0
peak12,>= reserve,uncapped_optimized,39,2190L_0,522.0,530.0,2,480.0
peak12,>= reserve,uncapped_optimized,39,2190L_0,530.0,532.0,1,240.0
peak12,>= reserve,uncapped_optimized,39,2190L_0,532.0,537.632499875,2,480.0
peak12,>= reserve,uncapped_optimized,39,2190L_0,537.632499875,542.287499375,1,240.0
peak12,>= reserve,uncapped_optimized,39,2190L_0,543.0,549.0,1,240.0
peak12,>= reserve,uncapped_optimized,39,2190L_0,554.0,560.0,1,240.0
peak12,>= reserve,uncapped_optimized,39,2190L_0,564.0,570.0,1,240.0
peak12,>= reserve,uncapped_optimized,39,2190L_0,573.0,582.0,1,240.0
peak12,>= reserve,uncapped_optimized,39,2190L_0,582.0,587.057499875,2,480.0
peak12,>= reserve,uncapped_optimized,39,2190L_0,587.057499875,590.0,1,240.0
peak12,>= reserve,uncapped_optimized,39,2190L_0,592.0,600.0,1,240.0
peak12,>= reserve,uncapped_optimized,39,2190L_0,602.0,607.8049995,1,240.0
peak12,>= reserve,uncapped_optimized,39,2190L_0,621.0,622.2299995,1,240.0
peak12,>= reserve,uncapped_optimized,39,2190L_0,639.0,640.2874993749999,1,240.0
peak12,>= reserve,uncapped_optimized,39,2190L_0,679.0,689.0,1,240.0
peak12,>= reserve,uncapped_optimized,39,2190L_0,689.0,696.9199992499999,1,240.0
peak12,>= reserve,uncapped_optimized,39,2190L_0,800.0,807.862499375,1,240.0
peak12,>= reserve,uncapped_optimized,39,2190L_0,810.0,820.0,1,240.0
peak12,>= reserve,uncapped_optimized,39,2190L_0,820.0,830.0,1,240.0
peak12,>= reserve,uncapped_optimized,39,2190L_0,850.0,853.29499925,1,240.0
peak12,>= reserve,uncapped_optimized,39,2190L_0,870.0,880.71999925,1,240.0
peak12,>= reserve,uncapped_optimized,39,2190L_0,890.0,899.0,1,240.0
peak12,>= reserve,uncapped_optimized,39,2190L_0,900.0,902.0,1,240.0
peak12,>= reserve,uncapped_optimized,39,2190L_0,902.0,909.0,2,480.0
peak12,>= reserve,uncapped_optimized,39,2190L_0,909.0,918.11499975,1,240.0
peak12,>= reserve,uncapped_optimized,39,2190L_0,922.0,929.0,1,240.0
peak12,>= reserve,uncapped_optimized,39,2190L_0,932.0,938.0,1,240.0
peak12,>= reserve,uncapped_optimized,39,2190L_0,943.0,948.0,1,240.0
peak12,>= reserve,uncapped_optimized,39,2190L_0,951.88500025,953.0,1,240.0
peak12,>= reserve,uncapped_optimized,39,2190L_0,953.0,958.0,2,480.0
peak12,>= reserve,uncapped_optimized,39,2190L_0,958.0,964.0,1,240.0
peak12,>= reserve,uncapped_optimized,39,2190L_0,964.0,969.0,2,480.0
peak12,>= reserve,uncapped_optimized,39,2190L_0,969.0,974.0,1,240.0
peak12,>= reserve,uncapped_optimized,39,2190L_0,974.0,978.0,2,480.0
peak12,>= reserve,uncapped_optimized,39,2190L_0,978.0,986.0,1,240.0
peak12,>= reserve,uncapped_optimized,39,2190L_0,986.0,988.0,2,480.0
peak12,>= reserve,uncapped_optimized,39,2190L_0,988.0,996.0,1,240.0
peak12,>= reserve,uncapped_optimized,39,2190L_0,996.0,999.0,2,480.0
peak12,>= reserve,uncapped_optimized,39,2190L_0,999.0,1006.0,1,240.0
peak12,>= reserve,uncapped_optimized,39,2190L_0,1006.0,1009.0,2,480.0
peak12,>= reserve,uncapped_optimized,39,2190L_0,1009.0,1016.0,1,240.0
peak12,>= reserve,uncapped_optimized,39,2190L_0,1016.0,1020.0,2,480.0
peak12,>= reserve,uncapped_optimized,39,2190L_0,1020.0,1027.0,1,240.0
peak12,>= reserve,uncapped_optimized,39,2190L_0,1027.0,1031.0,2,480.0
peak12,>= reserve,uncapped_optimized,39,2190L_0,1031.0,1037.0,1,240.0
peak12,>= reserve,uncapped_optimized,39,2190L_0,1037.0,1041.057499875,2,480.0
peak12,>= reserve,uncapped_optimized,39,2190L_0,1041.057499875,1047.0,1,240.0
peak12,>= reserve,uncapped_optimized,39,2190L_0,1047.0,1047.432499875,2,480.0
peak12,>= reserve,uncapped_optimized,39,2190L_0,1047.432499875,1057.0,1,240.0
peak12,>= reserve,uncapped_optimized,39,2190L_0,1057.0,1061.0,2,480.0
peak12,>= reserve,uncapped_optimized,39,2190L_0,1061.0,1070.057499875,1,240.0
peak12,>= reserve,uncapped_optimized,39,2190L_0,1075.0,1080.0,1,240.0
peak12,>= reserve,uncapped_optimized,39,2190L_0,1080.0,1082.0,2,480.0
peak12,>= reserve,uncapped_optimized,39,2190L_0,1082.0,1084.0,1,240.0
peak12,>= reserve,uncapped_optimized,39,2190L_0,1084.0,1091.057499875,2,480.0
peak12,>= reserve,uncapped_optimized,39,2190L_0,1091.057499875,1092.0,1,240.0
peak12,>= reserve,uncapped_optimized,39,2190L_0,1094.0,1105.0,1,240.0
peak12,>= reserve,uncapped_optimized,39,2190L_0,1121.0,1129.0,1,240.0
peak12,>= reserve,uncapped_optimized,39,2190L_0,1133.567500125,1140.0,1,240.0
peak12,>= reserve,uncapped_optimized,39,2190L_0,1140.0,1144.0,2,480.0
peak12,>= reserve,uncapped_optimized,39,2190L_0,1144.0,1150.0,1,240.0
peak12,>= reserve,uncapped_optimized,39,2190L_0,1150.0,1150.432499875,2,480.0
peak12,>= reserve,uncapped_optimized,39,2190L_0,1150.432499875,1159.0,1,240.0
peak12,>= reserve,uncapped_optimized,39,2190L_0,1175.0,1185.432499875,1,240.0
peak12,>= reserve,uncapped_optimized,39,2190L_0,1190.51000025,1200.0,1,240.0
peak12,>= reserve,uncapped_optimized,39,2190L_0,1200.0,1204.0,2,480.0
peak12,>= reserve,uncapped_optimized,39,2190L_0,1204.0,1206.0,1,240.0
peak12,>= reserve,uncapped_optimized,39,2190L_0,1206.0,1210.432499875,2,480.0
peak12,>= reserve,uncapped_optimized,39,2190L_0,1210.432499875,1216.432499875,1,240.0
peak12,>= reserve,uncapped_optimized,39,2190L_0,1234.0,1244.432499875,1,240.0
peak12,>= reserve,uncapped_optimized,39,2190L_0,1259.567500125,1264.0,1,240.0
peak12,>= reserve,uncapped_optimized,39,2190L_0,1264.0,1270.0,2,480.0
peak12,>= reserve,uncapped_optimized,39,2190L_0,1270.0,1274.432499875,1,240.0
peak12,>= reserve,uncapped_optimized,39,2190L_0,1279.0,1289.432499875,1,240.0
peak12,>= reserve,uncapped_optimized,39,2190L_0,1320.0,1324.0,2,480.0
peak12,>= reserve,uncapped_optimized,39,2190L_0,1324.0,1330.0,3,720.0
peak12,>= reserve,uncapped_optimized,39,2190L_0,1330.0,1330.432499875,2,480.0
peak12,>= reserve,uncapped_optimized,39,2190L_0,1330.432499875,1333.48999975,1,240.0
peak12,>= reserve,uncapped_optimized,39,2190L_0,1368.56000025,1380.0,1,240.0
peak12,>= reserve,uncapped_optimized,39,2190L_0,1380.0,1390.0,2,480.0
peak12,>= reserve,uncapped_optimized,39,2190L_0,1390.0,1390.432499875,1,240.0
peak12,>= reserve,uncapped_optimized,39,2190L_0,1431.567500125,1440.0,1,240.0
peak12,>= reserve,uncapped_optimized,39,2190L_0,1440.0,1442.0,3,720.0
peak12,>= reserve,uncapped_optimized,39,2190L_0,1442.0,1446.0,2,480.0
peak12,>= reserve,uncapped_optimized,39,2190L_0,1446.0,1447.0,3,720.0
peak12,>= reserve,uncapped_optimized,39,2190L_0,1447.0,1453.0,1,240.0
peak12,>= reserve,uncapped_optimized,39,2190L_0,1466.0,1472.0,1,240.0
peak12,>= reserve,uncapped_optimized,39,2190L_0,1496.0,1500.0,1,240.0
peak12,>= reserve,uncapped_optimized,39,2190L_0,1500.0,1503.0,4,960.0
peak12,>= reserve,uncapped_optimized,39,2190L_0,1503.0,1507.0,3,720.0
peak12,>= reserve,uncapped_optimized,39,2190L_0,1526.0,1533.0,1,240.0
peak12,>= reserve,uncapped_optimized,39,3127L_0,326.0,334.0,1,240.0
peak12,>= reserve,uncapped_optimized,39,3127L_0,345.0,353.0,1,240.0
peak12,>= reserve,uncapped_optimized,39,3127L_0,356.0,369.476250075,1,240.0
peak12,>= reserve,uncapped_optimized,39,3127L_0,375.0,377.0,1,240.0
peak12,>= reserve,uncapped_optimized,39,3127L_0,387.0,393.0,1,240.0
peak12,>= reserve,uncapped_optimized,39,3127L_0,401.0,410.0,1,240.0
peak12,>= reserve,uncapped_optimized,39,3127L_0,410.0,417.0,2,480.0
peak12,>= reserve,uncapped_optimized,39,3127L_0,417.0,421.0,1,240.0
peak12,>= reserve,uncapped_optimized,39,3127L_0,421.0,423.461250025,2,480.0
peak12,>= reserve,uncapped_optimized,39,3127L_0,423.461250025,427.0,1,240.0
peak12,>= reserve,uncapped_optimized,39,3127L_0,429.0,437.0,1,240.0
peak12,>= reserve,uncapped_optimized,39,3127L_0,443.0,449.0,1,240.0
peak12,>= reserve,uncapped_optimized,39,3127L_0,449.0,450.0,2,480.0
peak12,>= reserve,uncapped_optimized,39,3127L_0,450.0,457.0,1,240.0
peak12,>= reserve,uncapped_optimized,39,3127L_0,464.0,466.0,1,240.0
peak12,>= reserve,uncapped_optimized,39,3127L_0,474.0,477.0,1,240.0
peak12,>= reserve,uncapped_optimized,39,3127L_0,481.0,491.0,1,240.0
peak12,>= reserve,uncapped_optimized,39,3127L_0,491.0,492.0,2,480.0
peak12,>= reserve,uncapped_optimized,39,3127L_0,492.0,493.0,1,240.0
peak12,>= reserve,uncapped_optimized,39,3127L_0,494.0,497.0,1,240.0
peak12,>= reserve,uncapped_optimized,39,3127L_0,500.0,521.543749865,1,240.0
peak12,>= reserve,uncapped_optimized,39,3127L_0,523.0,527.0,1,240.0
peak12,>= reserve,uncapped_optimized,39,3127L_0,529.0,532.0,1,240.0
peak12,>= reserve,uncapped_optimized,39,3127L_0,539.0,540.0,1,240.0
peak12,>= reserve,uncapped_optimized,39,3127L_0,543.0,548.0,1,240.0
peak12,>= reserve,uncapped_optimized,39,3127L_0,548.0,552.0,2,480.0
peak12,>= reserve,uncapped_optimized,39,3127L_0,552.0,555.5705001,1,240.0
peak12,>= reserve,uncapped_optimized,39,3127L_0,563.0,568.0,1,240.0
peak12,>= reserve,uncapped_optimized,39,3127L_0,568.0,572.0,2,480.0
peak12,>= reserve,uncapped_optimized,39,3127L_0,572.0,588.0,1,240.0
peak12,>= reserve,uncapped_optimized,39,3127L_0,593.0,600.313249825,1,240.0
peak12,>= reserve,uncapped_optimized,39,3127L_0,623.0,628.0,1,240.0
peak12,>= reserve,uncapped_optimized,39,3127L_0,628.0,633.0,2,480.0
peak12,>= reserve,uncapped_optimized,39,3127L_0,633.0,638.411248365,1,240.0
peak12,>= reserve,uncapped_optimized,39,3127L_0,653.0,660.0,1,240.0
peak12,>= reserve,uncapped_optimized,39,3127L_0,712.0,718.059498995,1,240.0
peak12,>= reserve,uncapped_optimized,39,3127L_0,828.0,829.8847492,1,240.0
peak12,>= reserve,uncapped_optimized,39,3127L_0,842.0,851.469997615,1,240.0
peak12,>= reserve,uncapped_optimized,39,3127L_0,862.0,866.5429991350001,1,240.0
peak12,>= reserve,uncapped_optimized,39,3127L_0,868.0,870.0,1,240.0
peak12,>= reserve,uncapped_optimized,39,3127L_0,882.0,888.0,1,240.0
peak12,>= reserve,uncapped_optimized,39,3127L_0,888.0,890.0,2,480.0
peak12,>= reserve,uncapped_optimized,39,3127L_0,890.0,895.0,1,240.0
peak12,>= reserve,uncapped_optimized,39,3127L_0,899.0,900.0,1,240.0
peak12,>= reserve,uncapped_optimized,39,3127L_0,914.0,915.0,1,240.0
peak12,>= reserve,uncapped_optimized,39,3127L_0,922.0,929.0,1,240.0
peak12,>= reserve,uncapped_optimized,39,3127L_0,943.0,944.0,1,240.0
peak12,>= reserve,uncapped_optimized,39,3127L_0,944.0,945.0,2,480.0
peak12,>= reserve,uncapped_optimized,39,3127L_0,945.0,947.608749565,1,240.0
peak12,>= reserve,uncapped_optimized,39,3127L_0,948.0,957.257249825,1,240.0
peak12,>= reserve,uncapped_optimized,39,3127L_0,963.0,964.0,1,240.0
peak12,>= reserve,uncapped_optimized,39,3127L_0,964.0,968.0,2,480.0
peak12,>= reserve,uncapped_optimized,39,3127L_0,968.0,978.0,1,240.0
peak12,>= reserve,uncapped_optimized,39,3127L_0,983.0,988.0,1,240.0
peak12,>= reserve,uncapped_optimized,39,3127L_0,989.0,992.0,1,240.0
peak12,>= reserve,uncapped_optimized,39,3127L_0,992.0,995.0,2,480.0
peak12,>= reserve,uncapped_optimized,39,3127L_0,995.0,998.0,1,240.0
peak12,>= reserve,uncapped_optimized,39,3127L_0,1009.0,1020.0,1,240.0
peak12,>= reserve,uncapped_optimized,39,3127L_0,1023.0,1024.0,1,240.0
peak12,>= reserve,uncapped_optimized,39,3127L_0,1024.0,1025.0,2,480.0
peak12,>= reserve,uncapped_optimized,39,3127L_0,1025.0,1035.0,1,240.0
peak12,>= reserve,uncapped_optimized,39,3127L_0,1042.0,1044.0,1,240.0
peak12,>= reserve,uncapped_optimized,39,3127L_0,1044.0,1045.0,2,480.0
peak12,>= reserve,uncapped_optimized,39,3127L_0,1045.0,1048.0,1,240.0
peak12,>= reserve,uncapped_optimized,39,3127L_0,1048.0,1050.0,2,480.0
peak12,>= reserve,uncapped_optimized,39,3127L_0,1050.0,1054.0,1,240.0
peak12,>= reserve,uncapped_optimized,39,3127L_0,1054.0,1055.0,2,480.0
peak12,>= reserve,uncapped_optimized,39,3127L_0,1055.0,1056.7459991,1,240.0
peak12,>= reserve,uncapped_optimized,39,3127L_0,1061.0,1068.0,1,240.0
peak12,>= reserve,uncapped_optimized,39,3127L_0,1068.0,1072.0,2,480.0
peak12,>= reserve,uncapped_optimized,39,3127L_0,1072.0,1076.0,1,240.0
peak12,>= reserve,uncapped_optimized,39,3127L_0,1081.0,1088.0,1,240.0
peak12,>= reserve,uncapped_optimized,39,3127L_0,1088.0,1089.4287498,2,480.0
peak12,>= reserve,uncapped_optimized,39,3127L_0,1089.4287498,1092.0,1,240.0
peak12,>= reserve,uncapped_optimized,39,3127L_0,1101.0,1108.0,1,240.0
peak12,>= reserve,uncapped_optimized,39,3127L_0,1108.0,1112.0,2,480.0
peak12,>= reserve,uncapped_optimized,39,3127L_0,1112.0,1119.7299995,1,240.0
peak12,>= reserve,uncapped_optimized,39,3127L_0,1141.0,1143.0,1,240.0
peak12,>= reserve,uncapped_optimized,39,3127L_0,1147.0,1152.0,1,240.0
peak12,>= reserve,uncapped_optimized,39,3127L_0,1161.0,1166.0,1,240.0
peak12,>= reserve,uncapped_optimized,39,3127L_0,1166.0,1173.0,2,480.0
peak12,>= reserve,uncapped_optimized,39,3127L_0,1173.0,1183.0,1,240.0
peak12,>= reserve,uncapped_optimized,39,3127L_0,1186.4822502,1196.0,1,240.0
peak12,>= reserve,uncapped_optimized,39,3127L_0,1196.0,1203.0,2,480.0
peak12,>= reserve,uncapped_optimized,39,3127L_0,1203.0,1213.0,1,240.0
peak12,>= reserve,uncapped_optimized,39,3127L_0,1216.0,1225.0,1,240.0
peak12,>= reserve,uncapped_optimized,39,3127L_0,1225.0,1230.0994997,2,480.0
peak12,>= reserve,uncapped_optimized,39,3127L_0,1230.0994997,1233.0,1,240.0
peak12,>= reserve,uncapped_optimized,39,3127L_0,1246.0,1255.0,1,240.0
peak12,>= reserve,uncapped_optimized,39,3127L_0,1255.0,1263.0,2,480.0
peak12,>= reserve,uncapped_optimized,39,3127L_0,1263.0,1273.0,1,240.0
peak12,>= reserve,uncapped_optimized,39,3127L_0,1275.0,1285.0,1,240.0
peak12,>= reserve,uncapped_optimized,39,3127L_0,1285.0,1293.0,2,480.0
peak12,>= reserve,uncapped_optimized,39,3127L_0,1293.0,1299.185249525,1,240.0
peak12,>= reserve,uncapped_optimized,39,3127L_0,1311.4467499,1315.0,1,240.0
peak12,>= reserve,uncapped_optimized,39,3127L_0,1315.0,1323.0,2,480.0
peak12,>= reserve,uncapped_optimized,39,3127L_0,1323.0,1333.0,1,240.0
peak12,>= reserve,uncapped_optimized,39,3127L_0,1334.0,1345.0,1,240.0
peak12,>= reserve,uncapped_optimized,39,3127L_0,1345.0,1351.281749725,2,480.0
peak12,>= reserve,uncapped_optimized,39,3127L_0,1351.281749725,1354.0,1,240.0
peak12,>= reserve,uncapped_optimized,39,3127L_0,1375.0,1380.0,1,240.0
peak12,>= reserve,uncapped_optimized,39,3127L_0,1380.0,1384.0,2,480.0
peak12,>= reserve,uncapped_optimized,39,3127L_0,1384.0,1390.917249675,1,240.0
peak12,>= reserve,uncapped_optimized,39,3127L_0,1405.0,1414.0,1,240.0
peak12,>= reserve,uncapped_optimized,39,3127L_0,1423.0,1425.0,1,240.0
peak12,>= reserve,uncapped_optimized,39,3127L_0,1435.0,1440.0,1,240.0
peak12,>= reserve,uncapped_optimized,39,3127L_0,1440.0,1444.0,3,720.0
peak12,>= reserve,uncapped_optimized,39,3127L_0,1444.0,1445.2,2,480.0
peak12,>= reserve,uncapped_optimized,39,3127L_0,1451.0,1464.0,1,240.0
peak12,>= reserve,uncapped_optimized,39,3127L_0,1464.0,1466.577249725,2,480.0
peak12,>= reserve,uncapped_optimized,39,3127L_0,1466.577249725,1474.0,1,240.0
peak12,>= reserve,uncapped_optimized,39,3127L_0,1481.0,1493.26475005,1,240.0
peak12,>= reserve,uncapped_optimized,39,3127L_0,1493.26475005,1493.27924975,2,480.0
peak12,>= reserve,uncapped_optimized,39,3127L_0,1493.27924975,1500.0,1,240.0
peak12,>= reserve,uncapped_optimized,39,3127L_0,1500.0,1504.0,2,480.0
peak12,>= reserve,uncapped_optimized,39,3127L_0,1504.0,1505.2,1,240.0
peak12,>= reserve,uncapped_optimized,39,3127L_0,1526.0,1531.2,1,240.0
peak12,>= reserve,uncapped_optimized,39,4808_0,319.0,325.0,1,240.0
peak12,>= reserve,uncapped_optimized,39,4808_0,339.0,346.0,1,240.0
peak12,>= reserve,uncapped_optimized,39,4808_0,359.0,366.0,1,240.0
peak12,>= reserve,uncapped_optimized,39,4808_0,379.0,386.0,1,240.0
peak12,>= reserve,uncapped_optimized,39,4808_0,397.0,402.0,1,240.0
peak12,>= reserve,uncapped_optimized,39,4808_0,413.0,421.0,1,240.0
peak12,>= reserve,uncapped_optimized,39,4808_0,423.0,431.0,1,240.0
peak12,>= reserve,uncapped_optimized,39,4808_0,434.0,441.0,1,240.0
peak12,>= reserve,uncapped_optimized,39,4808_0,444.0,451.0,1,240.0
peak12,>= reserve,uncapped_optimized,39,4808_0,455.0,462.0,1,240.0
peak12,>= reserve,uncapped_optimized,39,4808_0,465.0,472.0,1,240.0
peak12,>= reserve,uncapped_optimized,39,4808_0,476.0,483.0,1,240.0
peak12,>= reserve,uncapped_optimized,39,4808_0,488.0,495.0,1,240.0
peak12,>= reserve,uncapped_optimized,39,4808_0,499.0,506.0,1,240.0
peak12,>= reserve,uncapped_optimized,39,4808_0,509.0,516.0,1,240.0
peak12,>= reserve,uncapped_optimized,39,4808_0,519.0,526.0,1,240.0
peak12,>= reserve,uncapped_optimized,39,4808_0,529.0,536.0,1,240.0
peak12,>= reserve,uncapped_optimized,39,4808_0,539.0,546.0,1,240.0
peak12,>= reserve,uncapped_optimized,39,4808_0,549.0,556.0,1,240.0
peak12,>= reserve,uncapped_optimized,39,4808_0,559.0,566.0,1,240.0
peak12,>= reserve,uncapped_optimized,39,4808_0,569.0,572.172499625,1,240.0
peak12,>= reserve,uncapped_optimized,39,4808_0,579.0,584.0,1,240.0
peak12,>= reserve,uncapped_optimized,39,4808_0,607.0,614.0,1,240.0
peak12,>= reserve,uncapped_optimized,39,4808_0,617.0,624.0,1,240.0
peak12,>= reserve,uncapped_optimized,39,4808_0,627.0,634.0,1,240.0
peak12,>= reserve,uncapped_optimized,39,4808_0,647.0,654.0,1,240.0
peak12,>= reserve,uncapped_optimized,39,4808_0,657.0,659.2299995,1,240.0
peak12,>= reserve,uncapped_optimized,39,4808_0,747.0,747.777499125,1,240.0
peak12,>= reserve,uncapped_optimized,39,4808_0,840.0,846.0,1,240.0
peak12,>= reserve,uncapped_optimized,39,4808_0,869.0,876.0,1,240.0
peak12,>= reserve,uncapped_optimized,39,4808_0,879.0,886.0,1,240.0
peak12,>= reserve,uncapped_optimized,39,4808_0,889.0,896.0,1,240.0
peak12,>= reserve,uncapped_optimized,39,4808_0,900.0,904.2299995,1,240.0
peak12,>= reserve,uncapped_optimized,39,4808_0,909.0,914.287499375,1,240.0
peak12,>= reserve,uncapped_optimized,39,4808_0,920.0,927.0,1,240.0
peak12,>= reserve,uncapped_optimized,39,4808_0,930.0,934.2299995,1,240.0
peak12,>= reserve,uncapped_optimized,39,4808_0,940.0,947.0,1,240.0
peak12,>= reserve,uncapped_optimized,39,4808_0,950.0,957.0,1,240.0
peak12,>= reserve,uncapped_optimized,39,4808_0,961.0,968.0,1,240.0
peak12,>= reserve,uncapped_optimized,39,4808_0,971.0,978.0,1,240.0
peak12,>= reserve,uncapped_optimized,39,4808_0,982.0,988.0,1,240.0
peak12,>= reserve,uncapped_optimized,39,4808_0,992.0,998.0,1,240.0
peak12,>= reserve,uncapped_optimized,39,4808_0,1001.0,1008.0,1,240.0
peak12,>= reserve,uncapped_optimized,39,4808_0,1011.0,1018.0,1,240.0
peak12,>= reserve,uncapped_optimized,39,4808_0,1021.0,1028.0,1,240.0
peak12,>= reserve,uncapped_optimized,39,4808_0,1031.0,1038.0,1,240.0
peak12,>= reserve,uncapped_optimized,39,4808_0,1041.0,1047.0,1,240.0
peak12,>= reserve,uncapped_optimized,39,4808_0,1050.0,1057.0,1,240.0
peak12,>= reserve,uncapped_optimized,39,4808_0,1060.0,1067.0,1,240.0
peak12,>= reserve,uncapped_optimized,39,4808_0,1070.0,1077.0,1,240.0
peak12,>= reserve,uncapped_optimized,39,4808_0,1080.0,1087.0,1,240.0
peak12,>= reserve,uncapped_optimized,39,4808_0,1090.0,1097.0,1,240.0
peak12,>= reserve,uncapped_optimized,39,4808_0,1100.0,1107.0,1,240.0
peak12,>= reserve,uncapped_optimized,39,4808_0,1118.0,1122.0,1,240.0
peak12,>= reserve,uncapped_optimized,39,4808_0,1128.0,1136.0,1,240.0
peak12,>= reserve,uncapped_optimized,39,4808_0,1149.0,1153.0,1,240.0
peak12,>= reserve,uncapped_optimized,39,4808_0,1161.0,1168.0,1,240.0
peak12,>= reserve,uncapped_optimized,39,4808_0,1172.0,1182.0,1,240.0
peak12,>= reserve,uncapped_optimized,39,4808_0,1185.0,1195.625,1,240.0
peak12,>= reserve,uncapped_optimized,39,4808_0,1200.0,1210.625,1,240.0
peak12,>= reserve,uncapped_optimized,39,4808_0,1215.0,1225.625,1,240.0
peak12,>= reserve,uncapped_optimized,39,4808_0,1230.0,1240.625,1,240.0
peak12,>= reserve,uncapped_optimized,39,4808_0,1245.0,1255.625,1,240.0
peak12,>= reserve,uncapped_optimized,39,4808_0,1260.0,1270.625,2,480.0
peak12,>= reserve,uncapped_optimized,39,4808_0,1270.625,1272.0,1,240.0
peak12,>= reserve,uncapped_optimized,39,4808_0,1305.0,1315.625,1,240.0
peak12,>= reserve,uncapped_optimized,39,4808_0,1325.0,1335.625,1,240.0
peak12,>= reserve,uncapped_optimized,39,4808_0,1345.0,1355.625,1,240.0
peak12,>= reserve,uncapped_optimized,39,4808_0,1365.0,1375.625,1,240.0
peak12,>= reserve,uncapped_optimized,39,4808_0,1385.0,1395.625,1,240.0
peak12,>= reserve,uncapped_optimized,39,4808_0,1404.0,1416.0,1,240.0
peak12,>= reserve,uncapped_optimized,39,4808_0,1441.0,1446.0,1,240.0
peak12,>= reserve,uncapped_optimized,39,4808_0,1463.0,1473.625,1,240.0
peak12,>= reserve,uncapped_optimized,39,4808_0,1493.0,1494.95,1,240.0
peak12,>= reserve,uncapped_optimized,39,4808_0,1500.0,1501.95,4,960.0
peak12,>= reserve,uncapped_optimized,39,4808_0,1523.0,1524.95,1,240.0
peak12,>= reserve,uncapped_optimized,39,7880C_0,352.0,356.99174995,1,240.0
peak12,>= reserve,uncapped_optimized,39,7880C_0,383.0,394.0,1,240.0
peak12,>= reserve,uncapped_optimized,39,7880C_0,413.0,424.0,1,240.0
peak12,>= reserve,uncapped_optimized,39,7880C_0,444.0,452.83324932999994,1,240.0
peak12,>= reserve,uncapped_optimized,39,7880C_0,472.0,474.0,1,240.0
peak12,>= reserve,uncapped_optimized,39,7880C_0,474.0,480.614749465,2,480.0
peak12,>= reserve,uncapped_optimized,39,7880C_0,480.614749465,484.0,1,240.0
peak12,>= reserve,uncapped_optimized,39,7880C_0,504.0,514.0,1,240.0
peak12,>= reserve,uncapped_optimized,39,7880C_0,534.0,545.0,1,240.0
peak12,>= reserve,uncapped_optimized,39,7880C_0,563.0,575.0,1,240.0
peak12,>= reserve,uncapped_optimized,39,7880C_0,593.0,605.0,1,240.0
peak12,>= reserve,uncapped_optimized,39,7880C_0,653.0,660.0,1,240.0
peak12,>= reserve,uncapped_optimized,39,7880C_0,839.173001135,845.0,1,240.0
peak12,>= reserve,uncapped_optimized,39,7880C_0,900.0,924.0,1,240.0
peak12,>= reserve,uncapped_optimized,39,7880C_0,924.0,925.02449943,2,480.0
peak12,>= reserve,uncapped_optimized,39,7880C_0,925.02449943,947.0,1,240.0
peak12,>= reserve,uncapped_optimized,39,7880C_0,960.0,964.0,1,240.0
peak12,>= reserve,uncapped_optimized,39,7880C_0,984.0,994.0,1,240.0
peak12,>= reserve,uncapped_optimized,39,7880C_0,1015.6057501,1024.0,1,240.0
peak12,>= reserve,uncapped_optimized,39,7880C_0,1074.074250735,1085.0,1,240.0
peak12,>= reserve,uncapped_optimized,39,7880C_0,1133.0,1145.0,1,240.0
peak12,>= reserve,uncapped_optimized,39,7880C_0,1163.0,1176.0,1,240.0
peak12,>= reserve,uncapped_optimized,39,7880C_0,1193.0,1206.0,1,240.0
peak12,>= reserve,uncapped_optimized,39,7880C_0,1252.0,1266.0,1,240.0
peak12,>= reserve,uncapped_optimized,39,7880C_0,1282.0,1294.1217493,1,240.0
peak12,>= reserve,uncapped_optimized,39,7880C_0,1342.0,1356.0,1,240.0
peak12,>= reserve,uncapped_optimized,39,7880C_0,1375.555000085,1386.0,1,240.0
peak12,>= reserve,uncapped_optimized,39,7880C_0,1402.0,1416.0,1,240.0
peak12,>= reserve,uncapped_optimized,39,7880C_0,1432.0,1446.0,1,240.0
peak12,>= reserve,uncapped_optimized,39,7880C_0,1454.0,1456.9,1,240.0
peak12,>= reserve,uncapped_optimized,39,7880C_0,1462.0,1464.9,1,240.0
peak12,>= reserve,uncapped_optimized,39,7880C_0,1469.0,1476.0,1,240.0
peak12,>= reserve,uncapped_optimized,39,7880C_0,1500.0,1502.899999999999,1,240.0
peak12,>= reserve,uncapped_optimized,39,7880C_0,1519.0,1521.9,1,240.0
peak12,>= reserve,uncapped_optimized,39,JON_A_0,344.0,345.0,1,240.0
peak12,>= reserve,uncapped_optimized,39,JON_A_0,357.0,365.0,1,240.0
peak12,>= reserve,uncapped_optimized,39,JON_A_0,374.0,382.0,1,240.0
peak12,>= reserve,uncapped_optimized,39,JON_A_0,382.0,383.572250025,2,480.0
peak12,>= reserve,uncapped_optimized,39,JON_A_0,383.572250025,385.0,1,240.0
peak12,>= reserve,uncapped_optimized,39,JON_A_0,394.0,402.0,1,240.0
peak12,>= reserve,uncapped_optimized,39,JON_A_0,402.0,405.0,2,480.0
peak12,>= reserve,uncapped_optimized,39,JON_A_0,405.0,409.199249975,1,240.0
peak12,>= reserve,uncapped_optimized,39,JON_A_0,414.0,420.0,1,240.0
peak12,>= reserve,uncapped_optimized,39,JON_A_0,422.0,433.0,1,240.0
peak12,>= reserve,uncapped_optimized,39,JON_A_0,434.0,439.0,1,240.0
peak12,>= reserve,uncapped_optimized,39,JON_A_0,442.0,445.0,1,240.0
peak12,>= reserve,uncapped_optimized,39,JON_A_0,448.0,453.0,1,240.0
peak12,>= reserve,uncapped_optimized,39,JON_A_0,454.0,460.671499975,1,240.0
peak12,>= reserve,uncapped_optimized,39,JON_A_0,462.0,462.7277491375,1,240.0
peak12,>= reserve,uncapped_optimized,39,JON_A_0,474.0,480.0,1,240.0
peak12,>= reserve,uncapped_optimized,39,JON_A_0,482.0,493.0,1,240.0
peak12,>= reserve,uncapped_optimized,39,JON_A_0,494.0,503.20599985,1,240.0
peak12,>= reserve,uncapped_optimized,39,JON_A_0,514.0,522.0,1,240.0
peak12,>= reserve,uncapped_optimized,39,JON_A_0,522.0,525.0,2,480.0
peak12,>= reserve,uncapped_optimized,39,JON_A_0,525.0,526.675749215,1,240.0
peak12,>= reserve,uncapped_optimized,39,JON_A_0,534.0,539.136250025,1,240.0
peak12,>= reserve,uncapped_optimized,39,JON_A_0,542.0,543.0,1,240.0
peak12,>= reserve,uncapped_optimized,39,JON_A_0,554.0,561.110499225,1,240.0
peak12,>= reserve,uncapped_optimized,39,JON_A_0,572.0,574.0,1,240.0
peak12,>= reserve,uncapped_optimized,39,JON_A_0,574.0,585.0,1,240.0
peak12,>= reserve,uncapped_optimized,39,JON_A_0,594.0,602.0,1,240.0
peak12,>= reserve,uncapped_optimized,39,JON_A_0,602.0,604.0,2,480.0
peak12,>= reserve,uncapped_optimized,39,JON_A_0,604.0,604.2177493499998,1,240.0
peak12,>= reserve,uncapped_optimized,39,JON_A_0,614.0,625.0,1,240.0
peak12,>= reserve,uncapped_optimized,39,JON_A_0,632.0,634.0,1,240.0
peak12,>= reserve,uncapped_optimized,39,JON_A_0,654.0,660.0,1,240.0
peak12,>= reserve,uncapped_optimized,39,JON_A_0,782.0,784.9264996575,1,240.0
peak12,>= reserve,uncapped_optimized,39,JON_A_0,814.0,822.0,1,240.0
peak12,>= reserve,uncapped_optimized,39,JON_A_0,822.0,825.0,2,480.0
peak12,>= reserve,uncapped_optimized,39,JON_A_0,825.0,833.0674999149999,1,240.0
peak12,>= reserve,uncapped_optimized,39,JON_A_0,840.0,845.0,1,240.0
peak12,>= reserve,uncapped_optimized,39,JON_A_0,862.0,873.0,1,240.0
peak12,>= reserve,uncapped_optimized,39,JON_A_0,874.0,885.0,1,240.0
peak12,>= reserve,uncapped_optimized,39,JON_A_0,900.0,903.063499275,1,240.0
peak12,>= reserve,uncapped_optimized,39,JON_A_0,904.0,913.0,1,240.0
peak12,>= reserve,uncapped_optimized,39,JON_A_0,924.0,933.0,1,240.0
peak12,>= reserve,uncapped_optimized,39,JON_A_0,934.0,945.0,1,240.0
peak12,>= reserve,uncapped_optimized,39,JON_A_0,957.386750725,964.0,1,240.0
peak12,>= reserve,uncapped_optimized,39,JON_A_0,964.0,965.0,2,480.0
peak12,>= reserve,uncapped_optimized,39,JON_A_0,965.0,973.0,1,240.0
peak12,>= reserve,uncapped_optimized,39,JON_A_0,974.0,984.0,1,240.0
peak12,>= reserve,uncapped_optimized,39,JON_A_0,984.0,985.0,2,480.0
peak12,>= reserve,uncapped_optimized,39,JON_A_0,985.0,990.15574924,1,240.0
peak12,>= reserve,uncapped_optimized,39,JON_A_0,994.0,1004.0,1,240.0
peak12,>= reserve,uncapped_optimized,39,JON_A_0,1004.0,1005.0,2,480.0
peak12,>= reserve,uncapped_optimized,39,JON_A_0,1005.0,1013.0,1,240.0
peak12,>= reserve,uncapped_optimized,39,JON_A_0,1014.0,1024.0,1,240.0
peak12,>= reserve,uncapped_optimized,39,JON_A_0,1024.0,1025.0,2,480.0
peak12,>= reserve,uncapped_optimized,39,JON_A_0,1025.0,1027.89899935,1,240.0
peak12,>= reserve,uncapped_optimized,39,JON_A_0,1034.0,1044.0,1,240.0
peak12,>= reserve,uncapped_optimized,39,JON_A_0,1044.0,1045.0,2,480.0
peak12,>= reserve,uncapped_optimized,39,JON_A_0,1045.0,1053.0,1,240.0
peak12,>= reserve,uncapped_optimized,39,JON_A_0,1054.0,1064.0,1,240.0
peak12,>= reserve,uncapped_optimized,39,JON_A_0,1064.0,1065.0,2,480.0
peak12,>= reserve,uncapped_optimized,39,JON_A_0,1065.0,1073.0,1,240.0
peak12,>= reserve,uncapped_optimized,39,JON_A_0,1074.0,1084.0,1,240.0
peak12,>= reserve,uncapped_optimized,39,JON_A_0,1084.0,1085.0,2,480.0
peak12,>= reserve,uncapped_optimized,39,JON_A_0,1085.0,1093.0,1,240.0
peak12,>= reserve,uncapped_optimized,39,JON_A_0,1094.0,1102.0,1,240.0
peak12,>= reserve,uncapped_optimized,39,JON_A_0,1102.0,1105.0,2,480.0
peak12,>= reserve,uncapped_optimized,39,JON_A_0,1105.0,1114.0,1,240.0
peak12,>= reserve,uncapped_optimized,39,JON_A_0,1114.0,1125.0,1,240.0
peak12,>= reserve,uncapped_optimized,39,JON_A_0,1134.0,1139.0,1,240.0
peak12,>= reserve,uncapped_optimized,39,JON_A_0,1154.0,1155.0,1,240.0
peak12,>= reserve,uncapped_optimized,39,JON_A_0,1167.0,1169.0,1,240.0
peak12,>= reserve,uncapped_optimized,39,JON_A_0,1184.0,1185.0,1,240.0
peak12,>= reserve,uncapped_optimized,39,JON_A_0,1197.0,1199.0,1,240.0
peak12,>= reserve,uncapped_optimized,39,JON_A_0,1214.0,1215.0,1,240.0
peak12,>= reserve,uncapped_optimized,39,JON_A_0,1227.0,1229.0,1,240.0
peak12,>= reserve,uncapped_optimized,39,JON_A_0,1244.0,1245.0,1,240.0
peak12,>= reserve,uncapped_optimized,39,JON_A_0,1257.0,1260.0,1,240.0
peak12,>= reserve,uncapped_optimized,39,JON_A_0,1274.0,1275.0,1,240.0
peak12,>= reserve,uncapped_optimized,39,JON_A_0,1287.0,1290.0,1,240.0
peak12,>= reserve,uncapped_optimized,39,JON_A_0,1304.0,1305.0,1,240.0
peak12,>= reserve,uncapped_optimized,39,JON_A_0,1317.0,1320.0,1,240.0
peak12,>= reserve,uncapped_optimized,39,JON_A_0,1334.0,1335.0,1,240.0
peak12,>= reserve,uncapped_optimized,39,JON_A_0,1347.0,1350.0,1,240.0
peak12,>= reserve,uncapped_optimized,39,JON_A_0,1364.0,1365.0,1,240.0
peak12,>= reserve,uncapped_optimized,39,JON_A_0,1377.0,1380.0,1,240.0
peak12,>= reserve,uncapped_optimized,39,JON_A_0,1394.0,1395.0,1,240.0
peak12,>= reserve,uncapped_optimized,39,JON_A_0,1407.0,1410.0,1,240.0
peak12,>= reserve,uncapped_optimized,39,JON_A_0,1437.0,1440.0,1,240.0
peak12,>= reserve,uncapped_optimized,39,JON_A_0,1440.0,1443.2,2,480.0
peak12,>= reserve,uncapped_optimized,39,JON_A_0,1482.0,1484.0,1,240.0
peak12,>= reserve,uncapped_optimized,39,JON_A_0,1484.0,1485.0,2,480.0
peak12,>= reserve,uncapped_optimized,39,JON_A_0,1500.0,1503.2,2,480.0
peak12,>= reserve,uncapped_optimized,39,JON_A_0,1514.0,1515.0,1,240.0
peak12,>= reserve,uncapped_optimized,39,JON_A_0,1542.0,1545.2,1,240.0
peak12,>= reserve,uncapped_optimized,39,PARX_1,501.0,505.0,1,240.0
peak12,>= reserve,uncapped_optimized,39,PARX_1,505.0,512.0,2,480.0
peak12,>= reserve,uncapped_optimized,39,PARX_1,512.0,527.306749975,1,240.0
peak12,>= reserve,uncapped_optimized,39,PARX_1,836.5325009175,842.0,1,240.0
peak12,>= reserve,uncapped_optimized,39,PARX_1,972.0,993.0,1,240.0
peak12,>= reserve,uncapped_optimized,39,PARX_1,1032.0,1034.0,1,240.0
peak12,>= reserve,capped_arrival,39,2190L_0,321.0,326.0,1,240.0
peak12,>= reserve,capped_arrival,39,2190L_0,341.0,353.575,1,240.0
peak12,>= reserve,capped_arrival,39,2190L_0,361.0,368.0,1,240.0
peak12,>= reserve,capped_arrival,39,2190L_0,376.0,387.0,1,240.0
peak12,>= reserve,capped_arrival,39,2190L_0,387.0,398.0,2,480.0
peak12,>= reserve,capped_arrival,39,2190L_0,398.0,398.057499875,2,480.0
peak12,>= reserve,capped_arrival,39,2190L_0,398.057499875,408.0,1,240.0
peak12,>= reserve,capped_arrival,39,2190L_0,408.0,418.0,2,480.0
peak12,>= reserve,capped_arrival,39,2190L_0,418.0,419.0,1,240.0
peak12,>= reserve,capped_arrival,39,2190L_0,419.0,419.057499875,2,480.0
peak12,>= reserve,capped_arrival,39,2190L_0,419.057499875,429.0,1,240.0
peak12,>= reserve,capped_arrival,39,2190L_0,430.0,440.0,1,240.0
peak12,>= reserve,capped_arrival,39,2190L_0,440.0,451.0,1,240.0
peak12,>= reserve,capped_arrival,39,2190L_0,451.0,459.0,2,480.0
peak12,>= reserve,capped_arrival,39,2190L_0,459.0,460.0,1,240.0
peak12,>= reserve,capped_arrival,39,2190L_0,460.0,461.632499875,2,480.0
peak12,>= reserve,capped_arrival,39,2190L_0,461.632499875,469.0,1,240.0
peak12,>= reserve,capped_arrival,39,2190L_0,469.0,480.0,1,240.0
peak12,>= reserve,capped_arrival,39,2190L_0,481.0,491.0,1,240.0
peak12,>= reserve,capped_arrival,39,2190L_0,491.0,494.057499875,2,480.0
peak12,>= reserve,capped_arrival,39,2190L_0,494.057499875,501.0,1,240.0
peak12,>= reserve,capped_arrival,39,2190L_0,501.0,509.632499875,2,480.0
peak12,>= reserve,capped_arrival,39,2190L_0,509.632499875,511.0,1,240.0
peak12,>= reserve,capped_arrival,39,2190L_0,511.0,520.0,2,480.0
peak12,>= reserve,capped_arrival,39,2190L_0,520.0,522.0,1,240.0
peak12,>= reserve,capped_arrival,39,2190L_0,522.0,530.0,2,480.0
peak12,>= reserve,capped_arrival,39,2190L_0,530.0,532.0,1,240.0
peak12,>= reserve,capped_arrival,39,2190L_0,532.0,537.632499875,2,480.0
peak12,>= reserve,capped_arrival,39,2190L_0,537.632499875,543.0,1,240.0
peak12,>= reserve,capped_arrival,39,2190L_0,543.0,546.057499875,2,480.0
peak12,>= reserve,capped_arrival,39,2190L_0,546.057499875,549.0,1,240.0
peak12,>= reserve,capped_arrival,39,2190L_0,554.0,560.0,1,240.0
peak12,>= reserve,capped_arrival,39,2190L_0,564.0,570.0,1,240.0
peak12,>= reserve,capped_arrival,39,2190L_0,573.0,582.0,1,240.0
peak12,>= reserve,capped_arrival,39,2190L_0,582.0,587.057499875,2,480.0
peak12,>= reserve,capped_arrival,39,2190L_0,587.057499875,590.0,1,240.0
peak12,>= reserve,capped_arrival,39,2190L_0,592.0,600.0,1,240.0
peak12,>= reserve,capped_arrival,39,2190L_0,602.0,607.8049995,1,240.0
peak12,>= reserve,capped_arrival,39,2190L_0,621.0,622.2299995,1,240.0
peak12,>= reserve,capped_arrival,39,2190L_0,639.0,646.287499375,1,240.0
peak12,>= reserve,capped_arrival,39,2190L_0,679.0,689.0,1,240.0
peak12,>= reserve,capped_arrival,39,2190L_0,689.0,696.9199992499999,1,240.0
peak12,>= reserve,capped_arrival,39,2190L_0,800.0,807.862499375,1,240.0
peak12,>= reserve,capped_arrival,39,2190L_0,810.0,820.0,1,240.0
peak12,>= reserve,capped_arrival,39,2190L_0,820.0,830.0,1,240.0
peak12,>= reserve,capped_arrival,39,2190L_0,850.0,859.0,1,240.0
peak12,>= reserve,capped_arrival,39,2190L_0,870.0,880.0,1,240.0
peak12,>= reserve,capped_arrival,39,2190L_0,880.0,880.71999925,2,480.0
peak12,>= reserve,capped_arrival,39,2190L_0,880.71999925,890.0,1,240.0
peak12,>= reserve,capped_arrival,39,2190L_0,890.0,897.34499925,2,480.0
peak12,>= reserve,capped_arrival,39,2190L_0,897.34499925,899.0,1,240.0
peak12,>= reserve,capped_arrival,39,2190L_0,902.0,909.0,1,240.0
peak12,>= reserve,capped_arrival,39,2190L_0,912.0,922.0,1,240.0
peak12,>= reserve,capped_arrival,39,2190L_0,922.0,929.0,2,480.0
peak12,>= reserve,capped_arrival,39,2190L_0,929.0,929.11499975,1,240.0
peak12,>= reserve,capped_arrival,39,2190L_0,932.0,938.0,1,240.0
peak12,>= reserve,capped_arrival,39,2190L_0,943.0,948.0,1,240.0
peak12,>= reserve,capped_arrival,39,2190L_0,953.0,958.0,1,240.0
peak12,>= reserve,capped_arrival,39,2190L_0,964.0,974.0,1,240.0
peak12,>= reserve,capped_arrival,39,2190L_0,974.0,978.0,2,480.0
peak12,>= reserve,capped_arrival,39,2190L_0,978.0,986.0,1,240.0
peak12,>= reserve,capped_arrival,39,2190L_0,986.0,988.0,2,480.0
peak12,>= reserve,capped_arrival,39,2190L_0,988.0,996.0,1,240.0
peak12,>= reserve,capped_arrival,39,2190L_0,996.0,999.0,2,480.0
peak12,>= reserve,capped_arrival,39,2190L_0,999.0,1006.0,1,240.0
peak12,>= reserve,capped_arrival,39,2190L_0,1006.0,1009.0,2,480.0
peak12,>= reserve,capped_arrival,39,2190L_0,1009.0,1016.0,1,240.0
peak12,>= reserve,capped_arrival,39,2190L_0,1016.0,1020.0,2,480.0
peak12,>= reserve,capped_arrival,39,2190L_0,1020.0,1027.0,1,240.0
peak12,>= reserve,capped_arrival,39,2190L_0,1027.0,1031.0,2,480.0
peak12,>= reserve,capped_arrival,39,2190L_0,1031.0,1037.0,1,240.0
peak12,>= reserve,capped_arrival,39,2190L_0,1037.0,1041.057499875,2,480.0
peak12,>= reserve,capped_arrival,39,2190L_0,1041.057499875,1047.0,1,240.0
peak12,>= reserve,capped_arrival,39,2190L_0,1047.0,1047.432499875,2,480.0
peak12,>= reserve,capped_arrival,39,2190L_0,1047.432499875,1057.0,1,240.0
peak12,>= reserve,capped_arrival,39,2190L_0,1057.0,1061.0,2,480.0
peak12,>= reserve,capped_arrival,39,2190L_0,1061.0,1066.0,1,240.0
peak12,>= reserve,capped_arrival,39,2190L_0,1066.0,1070.057499875,2,480.0
peak12,>= reserve,capped_arrival,39,2190L_0,1070.057499875,1075.0,1,240.0
peak12,>= reserve,capped_arrival,39,2190L_0,1075.0,1077.057499875,2,480.0
peak12,>= reserve,capped_arrival,39,2190L_0,1077.057499875,1082.0,1,240.0
peak12,>= reserve,capped_arrival,39,2190L_0,1084.0,1092.0,1,240.0
peak12,>= reserve,capped_arrival,39,2190L_0,1094.0,1102.0,1,240.0
peak12,>= reserve,capped_arrival,39,2190L_0,1102.0,1105.0,2,480.0
peak12,>= reserve,capped_arrival,39,2190L_0,1105.0,1109.0,1,240.0
peak12,>= reserve,capped_arrival,39,2190L_0,1111.0,1121.0,1,240.0
peak12,>= reserve,capped_arrival,39,2190L_0,1121.0,1121.432499875,2,480.0
peak12,>= reserve,capped_arrival,39,2190L_0,1121.432499875,1129.0,1,240.0
peak12,>= reserve,capped_arrival,39,2190L_0,1131.0,1141.0,1,240.0
peak12,>= reserve,capped_arrival,39,2190L_0,1141.0,1141.432499875,2,480.0
peak12,>= reserve,capped_arrival,39,2190L_0,1141.432499875,1148.0,1,240.0
peak12,>= reserve,capped_arrival,39,2190L_0,1150.0,1159.0,1,240.0
peak12,>= reserve,capped_arrival,39,2190L_0,1160.0,1173.48999975,1,240.0
peak12,>= reserve,capped_arrival,39,2190L_0,1175.0,1185.432499875,1,240.0
peak12,>= reserve,capped_arrival,39,2190L_0,1189.0,1199.432499875,1,240.0
peak12,>= reserve,capped_arrival,39,2190L_0,1206.0,1216.432499875,1,240.0
peak12,>= reserve,capped_arrival,39,2190L_0,1220.0,1230.432499875,1,240.0
peak12,>= reserve,capped_arrival,39,2190L_0,1234.0,1244.432499875,1,240.0
peak12,>= reserve,capped_arrival,39,2190L_0,1249.0,1259.432499875,1,240.0
peak12,>= reserve,capped_arrival,39,2190L_0,1264.0,1274.432499875,1,240.0
peak12,>= reserve,capped_arrival,39,2190L_0,1279.0,1289.432499875,1,240.0
peak12,>= reserve,capped_arrival,39,2190L_0,1294.0,1301.0,1,240.0
peak12,>= reserve,capped_arrival,39,2190L_0,1309.0,1322.48999975,1,240.0
peak12,>= reserve,capped_arrival,39,2190L_0,1324.0,1330.0,1,240.0
peak12,>= reserve,capped_arrival,39,2190L_0,1348.0,1368.0,1,240.0
peak12,>= reserve,capped_arrival,39,2190L_0,1368.0,1369.43999975,2,480.0
peak12,>= reserve,capped_arrival,39,2190L_0,1369.43999975,1383.057499875,1,240.0
peak12,>= reserve,capped_arrival,39,2190L_0,1387.0,1394.0,1,240.0
peak12,>= reserve,capped_arrival,39,2190L_0,1407.0,1414.0,1,240.0
peak12,>= reserve,capped_arrival,39,2190L_0,1427.0,1437.432499875,1,240.0
peak12,>= reserve,capped_arrival,39,2190L_0,1446.0,1453.0,1,240.0
peak12,>= reserve,capped_arrival,39,2190L_0,1466.0,1472.0,1,240.0
peak12,>= reserve,capped_arrival,39,2190L_0,1496.0,1503.0,1,240.0
peak12,>= reserve,capped_arrival,39,3127L_0,326.0,334.0,1,240.0
peak12,>= reserve,capped_arrival,39,3127L_0,345.0,353.0,1,240.0
peak12,>= reserve,capped_arrival,39,3127L_0,356.0,369.476250075,1,240.0
peak12,>= reserve,capped_arrival,39,3127L_0,375.0,377.0,1,240.0
peak12,>= reserve,capped_arrival,39,3127L_0,387.0,393.0,1,240.0
peak12,>= reserve,capped_arrival,39,3127L_0,401.0,410.0,1,240.0
peak12,>= reserve,capped_arrival,39,3127L_0,410.0,417.0,2,480.0
peak12,>= reserve,capped_arrival,39,3127L_0,417.0,421.0,1,240.0
peak12,>= reserve,capped_arrival,39,3127L_0,421.0,427.0,2,480.0
peak12,>= reserve,capped_arrival,39,3127L_0,427.0,429.0,1,240.0
peak12,>= reserve,capped_arrival,39,3127L_0,429.0,430.0,2,480.0
peak12,>= reserve,capped_arrival,39,3127L_0,430.0,437.0,1,240.0
peak12,>= reserve,capped_arrival,39,3127L_0,443.0,449.0,1,240.0
peak12,>= reserve,capped_arrival,39,3127L_0,449.0,450.0,2,480.0
peak12,>= reserve,capped_arrival,39,3127L_0,450.0,457.0,1,240.0
peak12,>= reserve,capped_arrival,39,3127L_0,459.0,461.7459991,1,240.0
peak12,>= reserve,capped_arrival,39,3127L_0,481.0,492.0,1,240.0
peak12,>= reserve,capped_arrival,39,3127L_0,500.0,525.543749865,1,240.0
peak12,>= reserve,capped_arrival,39,3127L_0,529.0,532.0,1,240.0
peak12,>= reserve,capped_arrival,39,3127L_0,539.0,543.0,1,240.0
peak12,>= reserve,capped_arrival,39,3127L_0,543.0,546.0,2,480.0
peak12,>= reserve,capped_arrival,39,3127L_0,546.0,555.5705001,3,720.0
peak12,>= reserve,capped_arrival,39,3127L_0,555.5705001,556.300749155,2,480.0
peak12,>= reserve,capped_arrival,39,3127L_0,556.300749155,556.5922491,1,240.0
peak12,>= reserve,capped_arrival,39,3127L_0,563.0,568.0,1,240.0
peak12,>= reserve,capped_arrival,39,3127L_0,568.0,572.0,2,480.0
peak12,>= reserve,capped_arrival,39,3127L_0,572.0,588.0,1,240.0
peak12,>= reserve,capped_arrival,39,3127L_0,588.0,592.640748265,1,240.0
peak12,>= reserve,capped_arrival,39,3127L_0,593.0,618.0,1,240.0
peak12,>= reserve,capped_arrival,39,3127L_0,623.0,647.411248365,1,240.0
peak12,>= reserve,capped_arrival,39,3127L_0,653.0,669.826998865,1,240.0
peak12,>= reserve,capped_arrival,39,3127L_0,683.0,701.7264996575,1,240.0
peak12,>= reserve,capped_arrival,39,3127L_0,802.0,814.059498995,1,240.0
peak12,>= reserve,capped_arrival,39,3127L_0,842.0,855.469997615,1,240.0
peak12,>= reserve,capped_arrival,39,3127L_0,862.0,866.542999135,1,240.0
peak12,>= reserve,capped_arrival,39,3127L_0,882.0,895.0,1,240.0
peak12,>= reserve,capped_arrival,39,3127L_0,914.0,915.0,1,240.0
peak12,>= reserve,capped_arrival,39,3127L_0,922.0,929.0,1,240.0
peak12,>= reserve,capped_arrival,39,3127L_0,943.0,947.608749565,1,240.0
peak12,>= reserve,capped_arrival,39,3127L_0,948.0,958.0,1,240.0
peak12,>= reserve,capped_arrival,39,3127L_0,963.0,964.0,1,240.0
peak12,>= reserve,capped_arrival,39,3127L_0,964.0,968.0,2,480.0
peak12,>= reserve,capped_arrival,39,3127L_0,968.0,978.0,1,240.0
peak12,>= reserve,capped_arrival,39,3127L_0,982.0,983.0,1,240.0
peak12,>= reserve,capped_arrival,39,3127L_0,983.0,988.0,2,480.0
peak12,>= reserve,capped_arrival,39,3127L_0,988.0,989.0,1,240.0
peak12,>= reserve,capped_arrival,39,3127L_0,989.0,992.0,2,480.0
peak12,>= reserve,capped_arrival,39,3127L_0,992.0,995.0,3,720.0
peak12,>= reserve,capped_arrival,39,3127L_0,995.0,998.0,2,480.0
peak12,>= reserve,capped_arrival,39,3127L_0,998.0,1007.2214996499999,1,240.0
peak12,>= reserve,capped_arrival,39,3127L_0,1009.0,1020.0,1,240.0
peak12,>= reserve,capped_arrival,39,3127L_0,1023.0,1035.0,1,240.0
peak12,>= reserve,capped_arrival,39,3127L_0,1042.0,1044.0,1,240.0
peak12,>= reserve,capped_arrival,39,3127L_0,1044.0,1045.0,2,480.0
peak12,>= reserve,capped_arrival,39,3127L_0,1045.0,1055.0,1,240.0
peak12,>= reserve,capped_arrival,39,3127L_0,1061.0,1076.0,1,240.0
peak12,>= reserve,capped_arrival,39,3127L_0,1081.0,1088.0,1,240.0
peak12,>= reserve,capped_arrival,39,3127L_0,1088.0,1089.4287498,2,480.0
peak12,>= reserve,capped_arrival,39,3127L_0,1089.4287498,1092.0,1,240.0
peak12,>= reserve,capped_arrival,39,3127L_0,1101.0,1108.0,1,240.0
peak12,>= reserve,capped_arrival,39,3127L_0,1108.0,1112.0,2,480.0
peak12,>= reserve,capped_arrival,39,3127L_0,1112.0,1119.7299995,1,240.0
peak12,>= reserve,capped_arrival,39,3127L_0,1121.0,1126.2,1,240.0
peak12,>= reserve,capped_arrival,39,3127L_0,1141.0,1143.0,1,240.0
peak12,>= reserve,capped_arrival,39,3127L_0,1147.0,1152.0,1,240.0
peak12,>= reserve,capped_arrival,39,3127L_0,1161.0,1166.0,1,240.0
peak12,>= reserve,capped_arrival,39,3127L_0,1166.0,1173.0,2,480.0
peak12,>= reserve,capped_arrival,39,3127L_0,1173.0,1183.0,1,240.0
peak12,>= reserve,capped_arrival,39,3127L_0,1186.0,1196.0,1,240.0
peak12,>= reserve,capped_arrival,39,3127L_0,1196.0,1203.0,2,480.0
peak12,>= reserve,capped_arrival,39,3127L_0,1203.0,1213.0,1,240.0
peak12,>= reserve,capped_arrival,39,3127L_0,1216.0,1225.0,1,240.0
peak12,>= reserve,capped_arrival,39,3127L_0,1225.0,1233.0,2,480.0
peak12,>= reserve,capped_arrival,39,3127L_0,1233.0,1239.660499175,1,240.0
peak12,>= reserve,capped_arrival,39,3127L_0,1246.0,1255.0,1,240.0
peak12,>= reserve,capped_arrival,39,3127L_0,1255.0,1263.0,2,480.0
peak12,>= reserve,capped_arrival,39,3127L_0,1263.0,1273.0,1,240.0
peak12,>= reserve,capped_arrival,39,3127L_0,1275.0,1285.0,1,240.0
peak12,>= reserve,capped_arrival,39,3127L_0,1285.0,1293.0,2,480.0
peak12,>= reserve,capped_arrival,39,3127L_0,1293.0,1301.185249525,1,240.0
peak12,>= reserve,capped_arrival,39,3127L_0,1304.0,1315.0,1,240.0
peak12,>= reserve,capped_arrival,39,3127L_0,1315.0,1323.0,2,480.0
peak12,>= reserve,capped_arrival,39,3127L_0,1323.0,1328.5532501,1,240.0
peak12,>= reserve,capped_arrival,39,3127L_0,1334.0,1345.0,1,240.0
peak12,>= reserve,capped_arrival,39,3127L_0,1345.0,1354.0,2,480.0
peak12,>= reserve,capped_arrival,39,3127L_0,1354.0,1363.0,1,240.0
peak12,>= reserve,capped_arrival,39,3127L_0,1363.0,1375.0,1,240.0
peak12,>= reserve,capped_arrival,39,3127L_0,1375.0,1384.0,2,480.0
peak12,>= reserve,capped_arrival,39,3127L_0,1384.0,1389.4944994,1,240.0
peak12,>= reserve,capped_arrival,39,3127L_0,1393.0,1398.2,1,240.0
peak12,>= reserve,capped_arrival,39,3127L_0,1405.0,1414.0,1,240.0
peak12,>= reserve,capped_arrival,39,3127L_0,1435.0,1444.0,1,240.0
peak12,>= reserve,capped_arrival,39,3127L_0,1464.0,1474.0,1,240.0
peak12,>= reserve,capped_arrival,39,3127L_0,1493.0,1503.73524995,1,240.0
peak12,>= reserve,capped_arrival,39,3127L_0,1526.0,1531.2,1,240.0
peak12,>= reserve,capped_arrival,39,4808_0,319.0,325.0,1,240.0
peak12,>= reserve,capped_arrival,39,4808_0,339.0,346.0,1,240.0
peak12,>= reserve,capped_arrival,39,4808_0,359.0,366.0,1,240.0
peak12,>= reserve,capped_arrival,39,4808_0,379.0,386.0,1,240.0
peak12,>= reserve,capped_arrival,39,4808_0,397.0,402.0,1,240.0
peak12,>= reserve,capped_arrival,39,4808_0,413.0,421.0,1,240.0
peak12,>= reserve,capped_arrival,39,4808_0,423.0,431.0,1,240.0
peak12,>= reserve,capped_arrival,39,4808_0,434.0,441.0,1,240.0
peak12,>= reserve,capped_arrival,39,4808_0,444.0,451.0,1,240.0
peak12,>= reserve,capped_arrival,39,4808_0,455.0,462.0,1,240.0
peak12,>= reserve,capped_arrival,39,4808_0,465.0,472.0,1,240.0
peak12,>= reserve,capped_arrival,39,4808_0,476.0,483.0,1,240.0
peak12,>= reserve,capped_arrival,39,4808_0,488.0,495.0,1,240.0
peak12,>= reserve,capped_arrival,39,4808_0,499.0,506.0,1,240.0
peak12,>= reserve,capped_arrival,39,4808_0,509.0,516.0,1,240.0
peak12,>= reserve,capped_arrival,39,4808_0,519.0,526.0,1,240.0
peak12,>= reserve,capped_arrival,39,4808_0,529.0,536.0,1,240.0
peak12,>= reserve,capped_arrival,39,4808_0,539.0,546.0,1,240.0
peak12,>= reserve,capped_arrival,39,4808_0,549.0,556.0,1,240.0
peak12,>= reserve,capped_arrival,39,4808_0,559.0,566.0,1,240.0
peak12,>= reserve,capped_arrival,39,4808_0,569.0,572.172499625,1,240.0
peak12,>= reserve,capped_arrival,39,4808_0,579.0,584.0,1,240.0
peak12,>= reserve,capped_arrival,39,4808_0,597.0,600.0,1,240.0
peak12,>= reserve,capped_arrival,39,4808_0,607.0,614.0,1,240.0
peak12,>= reserve,capped_arrival,39,4808_0,617.0,624.0,1,240.0
peak12,>= reserve,capped_arrival,39,4808_0,627.0,634.0,1,240.0
peak12,>= reserve,capped_arrival,39,4808_0,647.0,648.29499925,1,240.0
peak12,>= reserve,capped_arrival,39,4808_0,657.0,660.0,1,240.0
peak12,>= reserve,capped_arrival,39,4808_0,747.0,749.727499125,1,240.0
peak12,>= reserve,capped_arrival,39,4808_0,869.0,876.0,1,240.0
peak12,>= reserve,capped_arrival,39,4808_0,879.0,886.0,1,240.0
peak12,>= reserve,capped_arrival,39,4808_0,889.0,896.0,1,240.0
peak12,>= reserve,capped_arrival,39,4808_0,899.0,900.2299995,1,240.0
peak12,>= reserve,capped_arrival,39,4808_0,909.0,914.287499375,1,240.0
peak12,>= reserve,capped_arrival,39,4808_0,920.0,927.0,1,240.0
peak12,>= reserve,capped_arrival,39,4808_0,930.0,934.2299995,1,240.0
peak12,>= reserve,capped_arrival,39,4808_0,940.0,943.2299995,1,240.0
peak12,>= reserve,capped_arrival,39,4808_0,950.0,957.0,1,240.0
peak12,>= reserve,capped_arrival,39,4808_0,961.0,968.0,1,240.0
peak12,>= reserve,capped_arrival,39,4808_0,971.0,978.0,1,240.0
peak12,>= reserve,capped_arrival,39,4808_0,982.0,988.0,1,240.0
peak12,>= reserve,capped_arrival,39,4808_0,992.0,998.0,1,240.0
peak12,>= reserve,capped_arrival,39,4808_0,1001.0,1008.0,1,240.0
peak12,>= reserve,capped_arrival,39,4808_0,1011.0,1018.0,1,240.0
peak12,>= reserve,capped_arrival,39,4808_0,1021.0,1028.0,1,240.0
peak12,>= reserve,capped_arrival,39,4808_0,1031.0,1038.0,1,240.0
peak12,>= reserve,capped_arrival,39,4808_0,1041.0,1047.0,1,240.0
peak12,>= reserve,capped_arrival,39,4808_0,1050.0,1057.0,1,240.0
peak12,>= reserve,capped_arrival,39,4808_0,1060.0,1067.0,1,240.0
peak12,>= reserve,capped_arrival,39,4808_0,1070.0,1077.0,1,240.0
peak12,>= reserve,capped_arrival,39,4808_0,1080.0,1087.0,1,240.0
peak12,>= reserve,capped_arrival,39,4808_0,1090.0,1097.0,1,240.0
peak12,>= reserve,capped_arrival,39,4808_0,1100.0,1107.0,1,240.0
peak12,>= reserve,capped_arrival,39,4808_0,1110.0,1118.0,1,240.0
peak12,>= reserve,capped_arrival,39,4808_0,1118.0,1120.625,2,480.0
peak12,>= reserve,capped_arrival,39,4808_0,1120.625,1122.0,1,240.0
peak12,>= reserve,capped_arrival,39,4808_0,1128.0,1136.0,1,240.0
peak12,>= reserve,capped_arrival,39,4808_0,1149.0,1153.0,1,240.0
peak12,>= reserve,capped_arrival,39,4808_0,1161.0,1168.0,1,240.0
peak12,>= reserve,capped_arrival,39,4808_0,1172.0,1182.0,1,240.0
peak12,>= reserve,capped_arrival,39,4808_0,1185.0,1195.625,1,240.0
peak12,>= reserve,capped_arrival,39,4808_0,1200.0,1210.625,1,240.0
peak12,>= reserve,capped_arrival,39,4808_0,1215.0,1225.625,1,240.0
peak12,>= reserve,capped_arrival,39,4808_0,1230.0,1240.625,1,240.0
peak12,>= reserve,capped_arrival,39,4808_0,1245.0,1255.625,1,240.0
peak12,>= reserve,capped_arrival,39,4808_0,1260.0,1272.0,1,240.0
peak12,>= reserve,capped_arrival,39,4808_0,1275.0,1276.95,1,240.0
peak12,>= reserve,capped_arrival,39,4808_0,1290.0,1291.95,1,240.0
peak12,>= reserve,capped_arrival,39,4808_0,1305.0,1315.625,1,240.0
peak12,>= reserve,capped_arrival,39,4808_0,1325.0,1335.625,1,240.0
peak12,>= reserve,capped_arrival,39,4808_0,1345.0,1355.625,1,240.0
peak12,>= reserve,capped_arrival,39,4808_0,1365.0,1375.625,1,240.0
peak12,>= reserve,capped_arrival,39,4808_0,1385.0,1395.625,1,240.0
peak12,>= reserve,capped_arrival,39,4808_0,1404.0,1416.0,1,240.0
peak12,>= reserve,capped_arrival,39,4808_0,1423.0,1424.95,1,240.0
peak12,>= reserve,capped_arrival,39,4808_0,1441.0,1446.0,1,240.0
peak12,>= reserve,capped_arrival,39,4808_0,1463.0,1476.0,1,240.0
peak12,>= reserve,capped_arrival,39,4808_0,1493.0,1494.95,1,240.0
peak12,>= reserve,capped_arrival,39,4808_0,1523.0,1524.95,1,240.0
peak12,>= reserve,capped_arrival,39,7880C_0,352.0,356.99174995,1,240.0
peak12,>= reserve,capped_arrival,39,7880C_0,383.0,394.0,1,240.0
peak12,>= reserve,capped_arrival,39,7880C_0,413.0,424.0,1,240.0
peak12,>= reserve,capped_arrival,39,7880C_0,444.0,452.83324933,1,240.0
peak12,>= reserve,capped_arrival,39,7880C_0,474.0,484.0,1,240.0
peak12,>= reserve,capped_arrival,39,7880C_0,504.0,514.0,1,240.0
peak12,>= reserve,capped_arrival,39,7880C_0,534.0,545.0,1,240.0
peak12,>= reserve,capped_arrival,39,7880C_0,563.0,575.0,1,240.0
peak12,>= reserve,capped_arrival,39,7880C_0,593.0,605.0,1,240.0
peak12,>= reserve,capped_arrival,39,7880C_0,653.0,660.0,1,240.0
peak12,>= reserve,capped_arrival,39,7880C_0,775.0,791.237749255,1,240.0
peak12,>= reserve,capped_arrival,39,7880C_0,924.0,947.0,1,240.0
peak12,>= reserve,capped_arrival,39,7880C_0,984.0,994.0,1,240.0
peak12,>= reserve,capped_arrival,39,7880C_0,1014.0,1024.0,1,240.0
peak12,>= reserve,capped_arrival,39,7880C_0,1074.0,1085.0,1,240.0
peak12,>= reserve,capped_arrival,39,7880C_0,1133.0,1141.0,1,240.0
peak12,>= reserve,capped_arrival,39,7880C_0,1141.0,1143.9,2,480.0
peak12,>= reserve,capped_arrival,39,7880C_0,1143.9,1145.0,1,240.0
peak12,>= reserve,capped_arrival,39,7880C_0,1163.0,1176.0,1,240.0
peak12,>= reserve,capped_arrival,39,7880C_0,1193.0,1206.0,1,240.0
peak12,>= reserve,capped_arrival,39,7880C_0,1252.0,1266.0,1,240.0
peak12,>= reserve,capped_arrival,39,7880C_0,1282.0,1295.1217493,1,240.0
peak12,>= reserve,capped_arrival,39,7880C_0,1342.0,1356.0,1,240.0
peak12,>= reserve,capped_arrival,39,7880C_0,1372.0,1386.0,1,240.0
peak12,>= reserve,capped_arrival,39,7880C_0,1402.0,1416.0,1,240.0
peak12,>= reserve,capped_arrival,39,7880C_0,1432.0,1446.0,1,240.0
peak12,>= reserve,capped_arrival,39,7880C_0,1469.0,1476.0,1,240.0
peak12,>= reserve,capped_arrival,39,7880C_0,1519.0,1521.9,1,240.0
peak12,>= reserve,capped_arrival,39,JON_A_0,344.0,345.0,1,240.0
peak12,>= reserve,capped_arrival,39,JON_A_0,374.0,383.572250025,1,240.0
peak12,>= reserve,capped_arrival,39,JON_A_0,394.0,402.0,1,240.0
peak12,>= reserve,capped_arrival,39,JON_A_0,402.0,405.0,2,480.0
peak12,>= reserve,capped_arrival,39,JON_A_0,405.0,409.199249975,1,240.0
peak12,>= reserve,capped_arrival,39,JON_A_0,414.0,420.0,1,240.0
peak12,>= reserve,capped_arrival,39,JON_A_0,422.0,433.0,1,240.0
peak12,>= reserve,capped_arrival,39,JON_A_0,442.0,445.0,1,240.0
peak12,>= reserve,capped_arrival,39,JON_A_0,448.0,453.0,1,240.0
peak12,>= reserve,capped_arrival,39,JON_A_0,454.0,460.671499975,1,240.0
peak12,>= reserve,capped_arrival,39,JON_A_0,462.0,462.7277491375,1,240.0
peak12,>= reserve,capped_arrival,39,JON_A_0,474.0,480.0,1,240.0
peak12,>= reserve,capped_arrival,39,JON_A_0,482.0,493.0,1,240.0
peak12,>= reserve,capped_arrival,39,JON_A_0,494.0,502.342249875,1,240.0
peak12,>= reserve,capped_arrival,39,JON_A_0,514.0,526.675749215,1,240.0
peak12,>= reserve,capped_arrival,39,JON_A_0,534.0,540.0,1,240.0
peak12,>= reserve,capped_arrival,39,JON_A_0,554.0,565.0,1,240.0
peak12,>= reserve,capped_arrival,39,JON_A_0,574.0,585.0,1,240.0
peak12,>= reserve,capped_arrival,39,JON_A_0,594.0,604.0,1,240.0
peak12,>= reserve,capped_arrival,39,JON_A_0,614.0,625.0,1,240.0
peak12,>= reserve,capped_arrival,39,JON_A_0,646.0,649.338999575,1,240.0
peak12,>= reserve,capped_arrival,39,JON_A_0,674.0,684.8847492,1,240.0
peak12,>= reserve,capped_arrival,39,JON_A_0,822.0,833.067499915,1,240.0
peak12,>= reserve,capped_arrival,39,JON_A_0,834.0,843.21774935,1,240.0
peak12,>= reserve,capped_arrival,39,JON_A_0,862.0,873.0,1,240.0
peak12,>= reserve,capped_arrival,39,JON_A_0,874.0,885.0,1,240.0
peak12,>= reserve,capped_arrival,39,JON_A_0,904.0,913.0,1,240.0
peak12,>= reserve,capped_arrival,39,JON_A_0,924.0,933.0,1,240.0
peak12,>= reserve,capped_arrival,39,JON_A_0,934.0,945.0,1,240.0
peak12,>= reserve,capped_arrival,39,JON_A_0,964.0,973.0,1,240.0
peak12,>= reserve,capped_arrival,39,JON_A_0,974.0,984.0,1,240.0
peak12,>= reserve,capped_arrival,39,JON_A_0,984.0,985.0,2,480.0
peak12,>= reserve,capped_arrival,39,JON_A_0,985.0,993.0,1,240.0
peak12,>= reserve,capped_arrival,39,JON_A_0,994.0,1004.0,1,240.0
peak12,>= reserve,capped_arrival,39,JON_A_0,1004.0,1005.0,2,480.0
peak12,>= reserve,capped_arrival,39,JON_A_0,1005.0,1013.0,1,240.0
peak12,>= reserve,capped_arrival,39,JON_A_0,1014.0,1024.0,1,240.0
peak12,>= reserve,capped_arrival,39,JON_A_0,1024.0,1025.0,2,480.0
peak12,>= reserve,capped_arrival,39,JON_A_0,1025.0,1027.89899935,1,240.0
peak12,>= reserve,capped_arrival,39,JON_A_0,1034.0,1044.0,1,240.0
peak12,>= reserve,capped_arrival,39,JON_A_0,1044.0,1045.0,2,480.0
peak12,>= reserve,capped_arrival,39,JON_A_0,1045.0,1053.0,1,240.0
peak12,>= reserve,capped_arrival,39,JON_A_0,1054.0,1064.0,1,240.0
peak12,>= reserve,capped_arrival,39,JON_A_0,1064.0,1065.0,2,480.0
peak12,>= reserve,capped_arrival,39,JON_A_0,1065.0,1073.0,1,240.0
peak12,>= reserve,capped_arrival,39,JON_A_0,1074.0,1084.0,1,240.0
peak12,>= reserve,capped_arrival,39,JON_A_0,1084.0,1085.0,2,480.0
peak12,>= reserve,capped_arrival,39,JON_A_0,1085.0,1093.0,1,240.0
peak12,>= reserve,capped_arrival,39,JON_A_0,1094.0,1102.0,1,240.0
peak12,>= reserve,capped_arrival,39,JON_A_0,1102.0,1105.0,2,480.0
peak12,>= reserve,capped_arrival,39,JON_A_0,1105.0,1114.0,1,240.0
peak12,>= reserve,capped_arrival,39,JON_A_0,1114.0,1122.0,1,240.0
peak12,>= reserve,capped_arrival,39,JON_A_0,1122.0,1125.0,2,480.0
peak12,>= reserve,capped_arrival,39,JON_A_0,1125.0,1125.2,1,240.0
peak12,>= reserve,capped_arrival,39,JON_A_0,1134.0,1139.0,1,240.0
peak12,>= reserve,capped_arrival,39,JON_A_0,1142.0,1145.2,1,240.0
peak12,>= reserve,capped_arrival,39,JON_A_0,1167.0,1169.0,1,240.0
peak12,>= reserve,capped_arrival,39,JON_A_0,1227.0,1229.0,1,240.0
peak12,>= reserve,capped_arrival,39,JON_A_0,1257.0,1260.0,1,240.0
peak12,>= reserve,capped_arrival,39,PARX_1,475.0,492.5837494649999,1,240.0
peak12,>= reserve,capped_arrival,39,PARX_1,501.0,527.306749975,1,240.0
peak12,>= reserve,capped_arrival,39,PARX_1,857.0,869.7174990825,1,240.0
peak12,>= reserve,capped_optimized,39,2190L_0,321.0,326.0,1,240.0
peak12,>= reserve,capped_optimized,39,2190L_0,341.0,353.575,1,240.0
peak12,>= reserve,capped_optimized,39,2190L_0,361.0,368.0,1,240.0
peak12,>= reserve,capped_optimized,39,2190L_0,376.0,387.0,1,240.0
peak12,>= reserve,capped_optimized,39,2190L_0,387.0,398.0,2,480.0
peak12,>= reserve,capped_optimized,39,2190L_0,398.0,398.057499875,2,480.0
peak12,>= reserve,capped_optimized,39,2190L_0,398.057499875,408.0,1,240.0
peak12,>= reserve,capped_optimized,39,2190L_0,408.0,418.0,2,480.0
peak12,>= reserve,capped_optimized,39,2190L_0,418.0,419.0,1,240.0
peak12,>= reserve,capped_optimized,39,2190L_0,419.0,419.057499875,2,480.0
peak12,>= reserve,capped_optimized,39,2190L_0,419.057499875,429.0,1,240.0
peak12,>= reserve,capped_optimized,39,2190L_0,430.0,440.0,1,240.0
peak12,>= reserve,capped_optimized,39,2190L_0,440.0,451.0,1,240.0
peak12,>= reserve,capped_optimized,39,2190L_0,451.0,459.0,2,480.0
peak12,>= reserve,capped_optimized,39,2190L_0,459.0,460.0,1,240.0
peak12,>= reserve,capped_optimized,39,2190L_0,460.0,461.63249987499995,2,480.0
peak12,>= reserve,capped_optimized,39,2190L_0,461.63249987499995,469.0,1,240.0
peak12,>= reserve,capped_optimized,39,2190L_0,469.0,480.0,1,240.0
peak12,>= reserve,capped_optimized,39,2190L_0,481.0,491.0,1,240.0
peak12,>= reserve,capped_optimized,39,2190L_0,491.0,494.057499875,2,480.0
peak12,>= reserve,capped_optimized,39,2190L_0,494.057499875,501.0,1,240.0
peak12,>= reserve,capped_optimized,39,2190L_0,501.0,509.632499875,2,480.0
peak12,>= reserve,capped_optimized,39,2190L_0,509.632499875,511.0,1,240.0
peak12,>= reserve,capped_optimized,39,2190L_0,511.0,520.0,2,480.0
peak12,>= reserve,capped_optimized,39,2190L_0,520.0,522.0,1,240.0
peak12,>= reserve,capped_optimized,39,2190L_0,522.0,530.0,2,480.0
peak12,>= reserve,capped_optimized,39,2190L_0,530.0,532.0,1,240.0
peak12,>= reserve,capped_optimized,39,2190L_0,532.0,537.632499875,2,480.0
peak12,>= reserve,capped_optimized,39,2190L_0,537.632499875,542.287499375,1,240.0
peak12,>= reserve,capped_optimized,39,2190L_0,543.0,549.0,1,240.0
peak12,>= reserve,capped_optimized,39,2190L_0,554.0,559.9999999999998,1,240.0
peak12,>= reserve,capped_optimized,39,2190L_0,564.0,570.0,1,240.0
peak12,>= reserve,capped_optimized,39,2190L_0,573.0,582.0,1,240.0
peak12,>= reserve,capped_optimized,39,2190L_0,582.0,584.287499375,2,480.0
peak12,>= reserve,capped_optimized,39,2190L_0,584.287499375,590.0,1,240.0
peak12,>= reserve,capped_optimized,39,2190L_0,592.0,600.0,1,240.0
peak12,>= reserve,capped_optimized,39,2190L_0,621.0,630.0,1,240.0
peak12,>= reserve,capped_optimized,39,2190L_0,639.0,646.2874993749999,1,240.0
peak12,>= reserve,capped_optimized,39,2190L_0,669.0,676.862499375,1,240.0
peak12,>= reserve,capped_optimized,39,2190L_0,679.0,689.0,1,240.0
peak12,>= reserve,capped_optimized,39,2190L_0,689.0,696.9199992499999,1,240.0
peak12,>= reserve,capped_optimized,39,2190L_0,810.0,820.0,1,240.0
peak12,>= reserve,capped_optimized,39,2190L_0,820.0,830.0,1,240.0
peak12,>= reserve,capped_optimized,39,2190L_0,850.0,859.0,1,240.0
peak12,>= reserve,capped_optimized,39,2190L_0,870.0,880.71999925,1,240.0
peak12,>= reserve,capped_optimized,39,2190L_0,890.0,891.2299995,1,240.0
peak12,>= reserve,capped_optimized,39,2190L_0,900.0,902.0,1,240.0
peak12,>= reserve,capped_optimized,39,2190L_0,902.0,909.0,2,480.0
peak12,>= reserve,capped_optimized,39,2190L_0,909.0,918.11499975,1,240.0
peak12,>= reserve,capped_optimized,39,2190L_0,922.0,929.0,1,240.0
peak12,>= reserve,capped_optimized,39,2190L_0,932.0,938.0,1,240.0
peak12,>= reserve,capped_optimized,39,2190L_0,943.0,948.0,1,240.0
peak12,>= reserve,capped_optimized,39,2190L_0,951.88500025,953.0,1,240.0
peak12,>= reserve,capped_optimized,39,2190L_0,953.0,958.0,2,480.0
peak12,>= reserve,capped_optimized,39,2190L_0,958.0,964.0,1,240.0
peak12,>= reserve,capped_optimized,39,2190L_0,964.0,969.0,2,480.0
peak12,>= reserve,capped_optimized,39,2190L_0,969.0,974.0,1,240.0
peak12,>= reserve,capped_optimized,39,2190L_0,974.0,978.0,2,480.0
peak12,>= reserve,capped_optimized,39,2190L_0,978.0,986.0,1,240.0
peak12,>= reserve,capped_optimized,39,2190L_0,986.0,988.0,2,480.0
peak12,>= reserve,capped_optimized,39,2190L_0,988.0,996.0,1,240.0
peak12,>= reserve,capped_optimized,39,2190L_0,996.0,999.0,2,480.0
peak12,>= reserve,capped_optimized,39,2190L_0,999.0,1006.0,1,240.0
peak12,>= reserve,capped_optimized,39,2190L_0,1006.0,1009.0,2,480.0
peak12,>= reserve,capped_optimized,39,2190L_0,1009.0,1016.0,1,240.0
peak12,>= reserve,capped_optimized,39,2190L_0,1016.0,1020.0,2,480.0
peak12,>= reserve,capped_optimized,39,2190L_0,1020.0,1027.0,1,240.0
peak12,>= reserve,capped_optimized,39,2190L_0,1027.0,1031.0,2,480.0
peak12,>= reserve,capped_optimized,39,2190L_0,1031.0,1037.0,1,240.0
peak12,>= reserve,capped_optimized,39,2190L_0,1037.0,1041.057499875,2,480.0
peak12,>= reserve,capped_optimized,39,2190L_0,1041.057499875,1047.0,1,240.0
peak12,>= reserve,capped_optimized,39,2190L_0,1047.0,1047.432499875,2,480.0
peak12,>= reserve,capped_optimized,39,2190L_0,1047.432499875,1057.0,1,240.0
peak12,>= reserve,capped_optimized,39,2190L_0,1057.0,1061.0,2,480.0
peak12,>= reserve,capped_optimized,39,2190L_0,1061.0,1070.057499875,1,240.0
peak12,>= reserve,capped_optimized,39,2190L_0,1075.0,1080.0,1,240.0
peak12,>= reserve,capped_optimized,39,2190L_0,1080.0,1082.0,2,480.0
peak12,>= reserve,capped_optimized,39,2190L_0,1082.0,1084.0,1,240.0
peak12,>= reserve,capped_optimized,39,2190L_0,1084.0,1091.057499875,2,480.0
peak12,>= reserve,capped_optimized,39,2190L_0,1091.057499875,1092.0,1,240.0
peak12,>= reserve,capped_optimized,39,2190L_0,1094.0,1105.0,1,240.0
peak12,>= reserve,capped_optimized,39,2190L_0,1121.0,1129.0,1,240.0
peak12,>= reserve,capped_optimized,39,2190L_0,1133.567500125,1140.0,1,240.0
peak12,>= reserve,capped_optimized,39,2190L_0,1140.0,1144.0,2,480.0
peak12,>= reserve,capped_optimized,39,2190L_0,1144.0,1150.0,1,240.0
peak12,>= reserve,capped_optimized,39,2190L_0,1150.0,1150.432499875,2,480.0
peak12,>= reserve,capped_optimized,39,2190L_0,1150.432499875,1159.0,1,240.0
peak12,>= reserve,capped_optimized,39,2190L_0,1175.0,1185.432499875,1,240.0
peak12,>= reserve,capped_optimized,39,2190L_0,1190.51000025,1200.0,1,240.0
peak12,>= reserve,capped_optimized,39,2190L_0,1200.0,1204.0,2,480.0
peak12,>= reserve,capped_optimized,39,2190L_0,1204.0,1206.0,1,240.0
peak12,>= reserve,capped_optimized,39,2190L_0,1206.0,1210.432499875,2,480.0
peak12,>= reserve,capped_optimized,39,2190L_0,1210.432499875,1216.432499875,1,240.0
peak12,>= reserve,capped_optimized,39,2190L_0,1234.0,1244.432499875,1,240.0
peak12,>= reserve,capped_optimized,39,2190L_0,1259.567500125,1264.0,1,240.0
peak12,>= reserve,capped_optimized,39,2190L_0,1264.0,1270.0,2,480.0
peak12,>= reserve,capped_optimized,39,2190L_0,1270.0,1274.432499875,1,240.0
peak12,>= reserve,capped_optimized,39,2190L_0,1279.0,1289.432499875,1,240.0
peak12,>= reserve,capped_optimized,39,2190L_0,1320.0,1324.0,2,480.0
peak12,>= reserve,capped_optimized,39,2190L_0,1324.0,1330.0,3,720.0
peak12,>= reserve,capped_optimized,39,2190L_0,1330.0,1330.432499875,2,480.0
peak12,>= reserve,capped_optimized,39,2190L_0,1330.432499875,1333.48999975,1,240.0
peak12,>= reserve,capped_optimized,39,2190L_0,1368.56000025,1380.0,1,240.0
peak12,>= reserve,capped_optimized,39,2190L_0,1380.0,1390.0,2,480.0
peak12,>= reserve,capped_optimized,39,2190L_0,1390.0,1395.057499875,1,240.0
peak12,>= reserve,capped_optimized,39,2190L_0,1431.567500125,1440.0,1,240.0
peak12,>= reserve,capped_optimized,39,2190L_0,1440.0,1442.0,4,960.0
peak12,>= reserve,capped_optimized,39,2190L_0,1442.0,1446.0,3,720.0
peak12,>= reserve,capped_optimized,39,2190L_0,1446.0,1447.0,4,960.0
peak12,>= reserve,capped_optimized,39,2190L_0,1447.0,1453.0,1,240.0
peak12,>= reserve,capped_optimized,39,2190L_0,1466.0,1472.0,1,240.0
peak12,>= reserve,capped_optimized,39,2190L_0,1496.0,1500.0,1,240.0
peak12,>= reserve,capped_optimized,39,2190L_0,1500.0,1503.0,3,720.0
peak12,>= reserve,capped_optimized,39,2190L_0,1503.0,1507.0,2,480.0
peak12,>= reserve,capped_optimized,39,3127L_0,326.0,334.0,1,240.0
peak12,>= reserve,capped_optimized,39,3127L_0,345.0,353.0,1,240.0
peak12,>= reserve,capped_optimized,39,3127L_0,356.0,369.476250075,1,240.0
peak12,>= reserve,capped_optimized,39,3127L_0,375.0,377.0,1,240.0
peak12,>= reserve,capped_optimized,39,3127L_0,387.0,393.0,1,240.0
peak12,>= reserve,capped_optimized,39,3127L_0,401.0,410.0,1,240.0
peak12,>= reserve,capped_optimized,39,3127L_0,410.0,417.0,2,480.0
peak12,>= reserve,capped_optimized,39,3127L_0,417.0,421.0,1,240.0
peak12,>= reserve,capped_optimized,39,3127L_0,421.0,427.0,2,480.0
peak12,>= reserve,capped_optimized,39,3127L_0,427.0,429.0,1,240.0
peak12,>= reserve,capped_optimized,39,3127L_0,429.0,430.0,2,480.0
peak12,>= reserve,capped_optimized,39,3127L_0,430.0,437.0,1,240.0
peak12,>= reserve,capped_optimized,39,3127L_0,443.0,449.0,1,240.0
peak12,>= reserve,capped_optimized,39,3127L_0,449.0,450.0,2,480.0
peak12,>= reserve,capped_optimized,39,3127L_0,450.0,457.0,1,240.0
peak12,>= reserve,capped_optimized,39,3127L_0,481.0,492.0,1,240.0
peak12,>= reserve,capped_optimized,39,3127L_0,500.0,525.543749865,1,240.0
peak12,>= reserve,capped_optimized,39,3127L_0,529.0,532.0,1,240.0
peak12,>= reserve,capped_optimized,39,3127L_0,539.0,543.0,1,240.0
peak12,>= reserve,capped_optimized,39,3127L_0,543.0,546.0,2,480.0
peak12,>= reserve,capped_optimized,39,3127L_0,546.0,555.5705001,3,720.0
peak12,>= reserve,capped_optimized,39,3127L_0,555.5705001,556.300749155,2,480.0
peak12,>= reserve,capped_optimized,39,3127L_0,556.300749155,556.5922491,1,240.0
peak12,>= reserve,capped_optimized,39,3127L_0,563.0,568.0,1,240.0
peak12,>= reserve,capped_optimized,39,3127L_0,568.0,572.0,2,480.0
peak12,>= reserve,capped_optimized,39,3127L_0,572.0,588.0,1,240.0
peak12,>= reserve,capped_optimized,39,3127L_0,593.0,603.313249825,1,240.0
peak12,>= reserve,capped_optimized,39,3127L_0,623.0,647.411248365,1,240.0
peak12,>= reserve,capped_optimized,39,3127L_0,653.0,669.826998865,1,240.0
peak12,>= reserve,capped_optimized,39,3127L_0,683.0,701.7264996575,1,240.0
peak12,>= reserve,capped_optimized,39,3127L_0,802.0,814.059498995,1,240.0
peak12,>= reserve,capped_optimized,39,3127L_0,842.0,855.469997615,1,240.0
peak12,>= reserve,capped_optimized,39,3127L_0,862.0,866.542999135,1,240.0
peak12,>= reserve,capped_optimized,39,3127L_0,882.0,895.0,1,240.0
peak12,>= reserve,capped_optimized,39,3127L_0,922.0,929.0,1,240.0
peak12,>= reserve,capped_optimized,39,3127L_0,943.0,947.608749565,1,240.0
peak12,>= reserve,capped_optimized,39,3127L_0,948.0,957.640748265,1,240.0
peak12,>= reserve,capped_optimized,39,3127L_0,963.0,964.0,1,240.0
peak12,>= reserve,capped_optimized,39,3127L_0,964.0,968.0000000000001,2,480.0
peak12,>= reserve,capped_optimized,39,3127L_0,968.0000000000001,977.087999715,1,240.0
peak12,>= reserve,capped_optimized,39,3127L_0,983.0,988.0,1,240.0
peak12,>= reserve,capped_optimized,39,3127L_0,989.0,992.0,1,240.0
peak12,>= reserve,capped_optimized,39,3127L_0,992.0,995.0,2,480.0
peak12,>= reserve,capped_optimized,39,3127L_0,995.0,998.0,1,240.0
peak12,>= reserve,capped_optimized,39,3127L_0,1009.0,1020.0,1,240.0
peak12,>= reserve,capped_optimized,39,3127L_0,1023.0,1035.0,1,240.0
peak12,>= reserve,capped_optimized,39,3127L_0,1042.0,1044.0,1,240.0
peak12,>= reserve,capped_optimized,39,3127L_0,1044.0,1045.0,2,480.0
peak12,>= reserve,capped_optimized,39,3127L_0,1045.0,1054.0,1,240.0
peak12,>= reserve,capped_optimized,39,3127L_0,1054.0,1055.0,2,480.0
peak12,>= reserve,capped_optimized,39,3127L_0,1055.0,1056.7459991,1,240.0
peak12,>= reserve,capped_optimized,39,3127L_0,1061.0,1065.7277491375,1,240.0
peak12,>= reserve,capped_optimized,39,3127L_0,1081.0,1088.0,1,240.0
peak12,>= reserve,capped_optimized,39,3127L_0,1088.0,1089.4287498,2,480.0
peak12,>= reserve,capped_optimized,39,3127L_0,1089.4287498,1092.0,1,240.0
peak12,>= reserve,capped_optimized,39,3127L_0,1101.0,1108.0,1,240.0
peak12,>= reserve,capped_optimized,39,3127L_0,1108.0,1112.0,2,480.0
peak12,>= reserve,capped_optimized,39,3127L_0,1112.0,1119.7299995,1,240.0
peak12,>= reserve,capped_optimized,39,3127L_0,1141.0,1143.0,1,240.0
peak12,>= reserve,capped_optimized,39,3127L_0,1147.0,1152.0,1,240.0
peak12,>= reserve,capped_optimized,39,3127L_0,1161.0,1166.0,1,240.0
peak12,>= reserve,capped_optimized,39,3127L_0,1166.0,1173.0,2,480.0
peak12,>= reserve,capped_optimized,39,3127L_0,1173.0,1183.0,1,240.0
peak12,>= reserve,capped_optimized,39,3127L_0,1186.0,1196.0,1,240.0
peak12,>= reserve,capped_optimized,39,3127L_0,1196.0,1203.0,2,480.0
peak12,>= reserve,capped_optimized,39,3127L_0,1203.0,1213.0,1,240.0
peak12,>= reserve,capped_optimized,39,3127L_0,1216.0,1225.0,1,240.0
peak12,>= reserve,capped_optimized,39,3127L_0,1225.0,1233.0,2,480.0
peak12,>= reserve,capped_optimized,39,3127L_0,1233.0,1239.660499175,1,240.0
peak12,>= reserve,capped_optimized,39,3127L_0,1246.0,1255.0,1,240.0
peak12,>= reserve,capped_optimized,39,3127L_0,1255.0,1263.0,2,480.0
peak12,>= reserve,capped_optimized,39,3127L_0,1263.0,1273.0,1,240.0
peak12,>= reserve,capped_optimized,39,3127L_0,1275.0,1285.0,1,240.0
peak12,>= reserve,capped_optimized,39,3127L_0,1285.0,1293.0,2,480.0
peak12,>= reserve,capped_optimized,39,3127L_0,1293.0,1301.1852495249998,1,240.0
peak12,>= reserve,capped_optimized,39,3127L_0,1311.4467499,1315.0,1,240.0
peak12,>= reserve,capped_optimized,39,3127L_0,1315.0,1323.0,2,480.0
peak12,>= reserve,capped_optimized,39,3127L_0,1323.0,1333.0,1,240.0
peak12,>= reserve,capped_optimized,39,3127L_0,1334.0,1345.0,1,240.0
peak12,>= reserve,capped_optimized,39,3127L_0,1345.0,1354.0,2,480.0
peak12,>= reserve,capped_optimized,39,3127L_0,1354.0,1363.0,1,240.0
peak12,>= reserve,capped_optimized,39,3127L_0,1366.5055006,1375.0,1,240.0
peak12,>= reserve,capped_optimized,39,3127L_0,1375.0,1384.0,2,480.0
peak12,>= reserve,capped_optimized,39,3127L_0,1384.0,1393.0,1,240.0
peak12,>= reserve,capped_optimized,39,3127L_0,1405.0,1414.0,1,240.0
peak12,>= reserve,capped_optimized,39,3127L_0,1435.0,1440.0,1,240.0
peak12,>= reserve,capped_optimized,39,3127L_0,1440.0,1444.0,3,720.0
peak12,>= reserve,capped_optimized,39,3127L_0,1444.0,1445.1999999999985,2,480.0
peak12,>= reserve,capped_optimized,39,3127L_0,1464.0,1474.0,1,240.0
peak12,>= reserve,capped_optimized,39,3127L_0,1493.26475005,1500.0,1,240.0
peak12,>= reserve,capped_optimized,39,3127L_0,1500.0,1504.0,2,480.0
peak12,>= reserve,capped_optimized,39,3127L_0,1504.0,1505.2,1,240.0
peak12,>= reserve,capped_optimized,39,3127L_0,1526.0,1531.2,1,240.0
peak12,>= reserve,capped_optimized,39,4808_0,319.0,325.0,1,240.0
peak12,>= reserve,capped_optimized,39,4808_0,339.0,346.0,1,240.0
peak12,>= reserve,capped_optimized,39,4808_0,359.0,366.0,1,240.0
peak12,>= reserve,capped_optimized,39,4808_0,379.0,386.0,1,240.0
peak12,>= reserve,capped_optimized,39,4808_0,397.0,402.0,1,240.0
peak12,>= reserve,capped_optimized,39,4808_0,413.0,421.0,1,240.0
peak12,>= reserve,capped_optimized,39,4808_0,423.0,431.0,1,240.0
peak12,>= reserve,capped_optimized,39,4808_0,434.0,441.0,1,240.0
peak12,>= reserve,capped_optimized,39,4808_0,444.0,451.0,1,240.0
peak12,>= reserve,capped_optimized,39,4808_0,455.0,462.0,1,240.0
peak12,>= reserve,capped_optimized,39,4808_0,465.0,472.0,1,240.0
peak12,>= reserve,capped_optimized,39,4808_0,476.0,483.0,1,240.0
peak12,>= reserve,capped_optimized,39,4808_0,488.0,495.0,1,240.0
peak12,>= reserve,capped_optimized,39,4808_0,499.0,506.0,1,240.0
peak12,>= reserve,capped_optimized,39,4808_0,509.0,516.0,1,240.0
peak12,>= reserve,capped_optimized,39,4808_0,519.0,526.0,1,240.0
peak12,>= reserve,capped_optimized,39,4808_0,529.0,536.0,1,240.0
peak12,>= reserve,capped_optimized,39,4808_0,539.0,546.0,1,240.0
peak12,>= reserve,capped_optimized,39,4808_0,549.0,556.0,1,240.0
peak12,>= reserve,capped_optimized,39,4808_0,559.0,566.0,1,240.0
peak12,>= reserve,capped_optimized,39,4808_0,569.0,572.172499625,1,240.0
peak12,>= reserve,capped_optimized,39,4808_0,579.0,584.0,1,240.0
peak12,>= reserve,capped_optimized,39,4808_0,607.0,614.0,1,240.0
peak12,>= reserve,capped_optimized,39,4808_0,617.0,624.0,1,240.0
peak12,>= reserve,capped_optimized,39,4808_0,627.0,634.0,1,240.0
peak12,>= reserve,capped_optimized,39,4808_0,647.0,648.29499925,1,240.0
peak12,>= reserve,capped_optimized,39,4808_0,657.0,659.2299995,1,240.0
peak12,>= reserve,capped_optimized,39,4808_0,747.0,749.727499125,1,240.0
peak12,>= reserve,capped_optimized,39,4808_0,859.0,864.8049995,1,240.0
peak12,>= reserve,capped_optimized,39,4808_0,869.0,876.0,1,240.0
peak12,>= reserve,capped_optimized,39,4808_0,879.0,886.0,1,240.0
peak12,>= reserve,capped_optimized,39,4808_0,889.0,896.0,1,240.0
peak12,>= reserve,capped_optimized,39,4808_0,900.0,904.2299995,1,240.0
peak12,>= reserve,capped_optimized,39,4808_0,909.0,914.287499375,1,240.0
peak12,>= reserve,capped_optimized,39,4808_0,920.0,927.0,1,240.0
peak12,>= reserve,capped_optimized,39,4808_0,930.0,937.0,1,240.0
peak12,>= reserve,capped_optimized,39,4808_0,940.0,947.0,1,240.0
peak12,>= reserve,capped_optimized,39,4808_0,950.0,957.0,1,240.0
peak12,>= reserve,capped_optimized,39,4808_0,961.0,968.0,1,240.0
peak12,>= reserve,capped_optimized,39,4808_0,971.0,978.0,1,240.0
peak12,>= reserve,capped_optimized,39,4808_0,982.0,988.0,1,240.0
peak12,>= reserve,capped_optimized,39,4808_0,992.0,998.0,1,240.0
peak12,>= reserve,capped_optimized,39,4808_0,1001.0,1008.0,1,240.0
peak12,>= reserve,capped_optimized,39,4808_0,1011.0,1018.0,1,240.0
peak12,>= reserve,capped_optimized,39,4808_0,1021.0,1028.0,1,240.0
peak12,>= reserve,capped_optimized,39,4808_0,1031.0,1038.0,1,240.0
peak12,>= reserve,capped_optimized,39,4808_0,1041.0,1047.0,1,240.0
peak12,>= reserve,capped_optimized,39,4808_0,1050.0,1057.0,1,240.0
peak12,>= reserve,capped_optimized,39,4808_0,1060.0,1067.0,1,240.0
peak12,>= reserve,capped_optimized,39,4808_0,1070.0,1077.0,1,240.0
peak12,>= reserve,capped_optimized,39,4808_0,1080.0,1087.0,1,240.0
peak12,>= reserve,capped_optimized,39,4808_0,1090.0,1097.0,1,240.0
peak12,>= reserve,capped_optimized,39,4808_0,1100.0,1107.0,1,240.0
peak12,>= reserve,capped_optimized,39,4808_0,1118.0,1122.0,1,240.0
peak12,>= reserve,capped_optimized,39,4808_0,1128.0,1136.0,1,240.0
peak12,>= reserve,capped_optimized,39,4808_0,1149.0,1153.0,1,240.0
peak12,>= reserve,capped_optimized,39,4808_0,1161.0,1168.0,1,240.0
peak12,>= reserve,capped_optimized,39,4808_0,1172.0,1182.0,1,240.0
peak12,>= reserve,capped_optimized,39,4808_0,1185.0,1195.625,1,240.0
peak12,>= reserve,capped_optimized,39,4808_0,1200.0,1210.625,1,240.0
peak12,>= reserve,capped_optimized,39,4808_0,1215.0,1225.625,1,240.0
peak12,>= reserve,capped_optimized,39,4808_0,1230.0,1240.625,1,240.0
peak12,>= reserve,capped_optimized,39,4808_0,1245.0,1255.625,1,240.0
peak12,>= reserve,capped_optimized,39,4808_0,1260.0,1270.625,2,480.0
peak12,>= reserve,capped_optimized,39,4808_0,1270.625,1272.0,1,240.0
peak12,>= reserve,capped_optimized,39,4808_0,1305.0,1315.625,1,240.0
peak12,>= reserve,capped_optimized,39,4808_0,1325.0,1335.625,1,240.0
peak12,>= reserve,capped_optimized,39,4808_0,1345.0,1355.625,1,240.0
peak12,>= reserve,capped_optimized,39,4808_0,1365.0,1375.625,1,240.0
peak12,>= reserve,capped_optimized,39,4808_0,1385.0,1395.625,1,240.0
peak12,>= reserve,capped_optimized,39,4808_0,1404.0,1416.0,1,240.0
peak12,>= reserve,capped_optimized,39,4808_0,1440.0,1441.0,1,240.0
peak12,>= reserve,capped_optimized,39,4808_0,1441.0,1441.95,2,480.0
peak12,>= reserve,capped_optimized,39,4808_0,1441.95,1446.0,1,240.0
peak12,>= reserve,capped_optimized,39,4808_0,1463.0,1476.0,1,240.0
peak12,>= reserve,capped_optimized,39,4808_0,1493.0,1494.95,1,240.0
peak12,>= reserve,capped_optimized,39,4808_0,1500.0,1501.95,2,480.0
peak12,>= reserve,capped_optimized,39,4808_0,1523.0,1524.95,1,240.0
peak12,>= reserve,capped_optimized,39,7880C_0,352.0,356.99174995,1,240.0
peak12,>= reserve,capped_optimized,39,7880C_0,383.0,394.0,1,240.0
peak12,>= reserve,capped_optimized,39,7880C_0,413.0,424.0,1,240.0
peak12,>= reserve,capped_optimized,39,7880C_0,444.0,452.83324933,1,240.0
peak12,>= reserve,capped_optimized,39,7880C_0,474.0,484.0,1,240.0
peak12,>= reserve,capped_optimized,39,7880C_0,504.0,514.0,1,240.0
peak12,>= reserve,capped_optimized,39,7880C_0,534.0,545.0,1,240.0
peak12,>= reserve,capped_optimized,39,7880C_0,563.0,575.0,1,240.0
peak12,>= reserve,capped_optimized,39,7880C_0,593.0,600.0,1,240.0
peak12,>= reserve,capped_optimized,39,7880C_0,653.0,660.0,1,240.0
peak12,>= reserve,capped_optimized,39,7880C_0,900.0,924.0,1,240.0
peak12,>= reserve,capped_optimized,39,7880C_0,924.0,930.92449943,2,480.0
peak12,>= reserve,capped_optimized,39,7880C_0,930.92449943,947.0,1,240.0
peak12,>= reserve,capped_optimized,39,7880C_0,975.0,984.0,1,240.0
peak12,>= reserve,capped_optimized,39,7880C_0,984.0,994.0,2,480.0
peak12,>= reserve,capped_optimized,39,7880C_0,994.0,998.271499649997,1,240.0
peak12,>= reserve,capped_optimized,39,7880C_0,1014.0,1024.0,1,240.0
peak12,>= reserve,capped_optimized,39,7880C_0,1074.0,1085.0,1,240.0
peak12,>= reserve,capped_optimized,39,7880C_0,1133.0,1145.0,1,240.0
peak12,>= reserve,capped_optimized,39,7880C_0,1163.0,1176.0,1,240.0
peak12,>= reserve,capped_optimized,39,7880C_0,1193.0,1206.0,1,240.0
peak12,>= reserve,capped_optimized,39,7880C_0,1252.0,1266.0,1,240.0
peak12,>= reserve,capped_optimized,39,7880C_0,1282.0,1295.1217493,1,240.0
peak12,>= reserve,capped_optimized,39,7880C_0,1342.0,1356.0,1,240.0
peak12,>= reserve,capped_optimized,39,7880C_0,1372.0,1386.0,1,240.0
peak12,>= reserve,capped_optimized,39,7880C_0,1402.0,1416.0,1,240.0
peak12,>= reserve,capped_optimized,39,7880C_0,1432.0,1446.0,1,240.0
peak12,>= reserve,capped_optimized,39,7880C_0,1469.0,1476.0,1,240.0
peak12,>= reserve,capped_optimized,39,7880C_0,1500.0,1502.9,1,240.0
peak12,>= reserve,capped_optimized,39,7880C_0,1519.0,1521.9,1,240.0
peak12,>= reserve,capped_optimized,39,JON_A_0,344.0,345.0,1,240.0
peak12,>= reserve,capped_optimized,39,JON_A_0,374.0,383.572250025,1,240.0
peak12,>= reserve,capped_optimized,39,JON_A_0,394.0,402.0,1,240.0
peak12,>= reserve,capped_optimized,39,JON_A_0,402.0,405.0,2,480.0
peak12,>= reserve,capped_optimized,39,JON_A_0,405.0,409.199249975,1,240.0
peak12,>= reserve,capped_optimized,39,JON_A_0,414.0,420.0,1,240.0
peak12,>= reserve,capped_optimized,39,JON_A_0,422.0,433.0,1,240.0
peak12,>= reserve,capped_optimized,39,JON_A_0,442.0,445.0,1,240.0
peak12,>= reserve,capped_optimized,39,JON_A_0,448.0,453.0,1,240.0
peak12,>= reserve,capped_optimized,39,JON_A_0,454.0,460.671499975,1,240.0
peak12,>= reserve,capped_optimized,39,JON_A_0,462.0,473.0,1,240.0
peak12,>= reserve,capped_optimized,39,JON_A_0,474.0,480.0,1,240.0
peak12,>= reserve,capped_optimized,39,JON_A_0,482.0,493.0,1,240.0
peak12,>= reserve,capped_optimized,39,JON_A_0,494.0,503.20599985,1,240.0
peak12,>= reserve,capped_optimized,39,JON_A_0,514.0,526.675749215,1,240.0
peak12,>= reserve,capped_optimized,39,JON_A_0,534.0,539.136250025,1,240.0
peak12,>= reserve,capped_optimized,39,JON_A_0,574.0,585.0,1,240.0
peak12,>= reserve,capped_optimized,39,JON_A_0,594.0,602.0,1,240.0
peak12,>= reserve,capped_optimized,39,JON_A_0,602.0,604.0,2,480.0
peak12,>= reserve,capped_optimized,39,JON_A_0,604.0,605.0,1,240.0
peak12,>= reserve,capped_optimized,39,JON_A_0,614.0,625.0,1,240.0
peak12,>= reserve,capped_optimized,39,JON_A_0,646.0,657.8889995750001,1,240.0
peak12,>= reserve,capped_optimized,39,JON_A_0,674.0,684.8847492,1,240.0
peak12,>= reserve,capped_optimized,39,JON_A_0,822.0,833.067499915,1,240.0
peak12,>= reserve,capped_optimized,39,JON_A_0,837.78225065,845.0,1,240.0
peak12,>= reserve,capped_optimized,39,JON_A_0,862.0,873.0,1,240.0
peak12,>= reserve,capped_optimized,39,JON_A_0,874.0,885.0,1,240.0
peak12,>= reserve,capped_optimized,39,JON_A_0,900.0,904.0,1,240.0
peak12,>= reserve,capped_optimized,39,JON_A_0,904.0,905.0,2,480.0
peak12,>= reserve,capped_optimized,39,JON_A_0,905.0,913.0,1,240.0
peak12,>= reserve,capped_optimized,39,JON_A_0,924.0,933.0,1,240.0
peak12,>= reserve,capped_optimized,39,JON_A_0,934.0,945.0,1,240.0
peak12,>= reserve,capped_optimized,39,JON_A_0,964.0,973.0,1,240.0
peak12,>= reserve,capped_optimized,39,JON_A_0,974.0,984.0,1,240.0
peak12,>= reserve,capped_optimized,39,JON_A_0,984.0,985.0,2,480.0
peak12,>= reserve,capped_optimized,39,JON_A_0,985.0,993.0,1,240.0
peak12,>= reserve,capped_optimized,39,JON_A_0,994.0,1004.0,1,240.0
peak12,>= reserve,capped_optimized,39,JON_A_0,1004.0,1005.0,2,480.0
peak12,>= reserve,capped_optimized,39,JON_A_0,1005.0,1013.0,1,240.0
peak12,>= reserve,capped_optimized,39,JON_A_0,1014.0,1024.0,1,240.0
peak12,>= reserve,capped_optimized,39,JON_A_0,1024.0,1025.0,2,480.0
peak12,>= reserve,capped_optimized,39,JON_A_0,1025.0,1027.89899935,1,240.0
peak12,>= reserve,capped_optimized,39,JON_A_0,1034.0,1044.0,1,240.0
peak12,>= reserve,capped_optimized,39,JON_A_0,1044.0,1045.0,2,480.0
peak12,>= reserve,capped_optimized,39,JON_A_0,1045.0,1053.0,1,240.0
peak12,>= reserve,capped_optimized,39,JON_A_0,1054.0,1064.0,1,240.0
peak12,>= reserve,capped_optimized,39,JON_A_0,1064.0,1065.0,2,480.0
peak12,>= reserve,capped_optimized,39,JON_A_0,1065.0,1073.0,1,240.0
peak12,>= reserve,capped_optimized,39,JON_A_0,1074.0,1084.0,1,240.0
peak12,>= reserve,capped_optimized,39,JON_A_0,1084.0,1085.0,2,480.0
peak12,>= reserve,capped_optimized,39,JON_A_0,1085.0,1093.0,1,240.0
peak12,>= reserve,capped_optimized,39,JON_A_0,1094.0,1102.0,1,240.0
peak12,>= reserve,capped_optimized,39,JON_A_0,1102.0,1105.0,2,480.0
peak12,>= reserve,capped_optimized,39,JON_A_0,1105.0,1114.0,1,240.0
peak12,>= reserve,capped_optimized,39,JON_A_0,1114.0,1125.0,1,240.0
peak12,>= reserve,capped_optimized,39,JON_A_0,1134.0,1139.0,1,240.0
peak12,>= reserve,capped_optimized,39,JON_A_0,1167.0,1169.0,1,240.0
peak12,>= reserve,capped_optimized,39,JON_A_0,1227.0,1229.0,1,240.0
peak12,>= reserve,capped_optimized,39,JON_A_0,1257.0,1260.0,1,240.0
peak12,>= reserve,capped_optimized,39,JON_A_0,1377.0,1380.0,1,240.0
peak12,>= reserve,capped_optimized,39,JON_A_0,1440.0,1443.2,2,480.0
peak12,>= reserve,capped_optimized,39,PARX_1,475.0,493.49574975,1,240.0
peak12,>= reserve,capped_optimized,39,PARX_1,501.0,527.3067499749999,1,240.0
peak12,>= reserve,capped_optimized,39,PARX_1,857.0,874.7174990825,1,240.0
peak12,>= initial,uncapped_arrival,30,2190L_0,321.0,326.0,1,240.0
peak12,>= initial,uncapped_arrival,30,2190L_0,341.0,353.575,1,240.0
peak12,>= initial,uncapped_arrival,30,2190L_0,361.0,368.0,1,240.0
peak12,>= initial,uncapped_arrival,30,2190L_0,376.0,387.0,1,240.0
peak12,>= initial,uncapped_arrival,30,2190L_0,387.0,398.0,2,480.0
peak12,>= initial,uncapped_arrival,30,2190L_0,398.0,398.057499875,2,480.0
peak12,>= initial,uncapped_arrival,30,2190L_0,398.057499875,419.057499875,1,240.0
peak12,>= initial,uncapped_arrival,30,2190L_0,430.0,440.0,1,240.0
peak12,>= initial,uncapped_arrival,30,2190L_0,440.0,451.0,1,240.0
peak12,>= initial,uncapped_arrival,30,2190L_0,451.0,459.0,2,480.0
peak12,>= initial,uncapped_arrival,30,2190L_0,459.0,460.0,1,240.0
peak12,>= initial,uncapped_arrival,30,2190L_0,460.0,461.632499875,2,480.0
peak12,>= initial,uncapped_arrival,30,2190L_0,461.632499875,469.0,1,240.0
peak12,>= initial,uncapped_arrival,30,2190L_0,469.0,480.0,1,240.0
peak12,>= initial,uncapped_arrival,30,2190L_0,481.0,491.0,1,240.0
peak12,>= initial,uncapped_arrival,30,2190L_0,491.0,494.057499875,2,480.0
peak12,>= initial,uncapped_arrival,30,2190L_0,494.057499875,509.632499875,1,240.0
peak12,>= initial,uncapped_arrival,30,2190L_0,511.0,522.0,1,240.0
peak12,>= initial,uncapped_arrival,30,2190L_0,522.0,530.0,2,480.0
peak12,>= initial,uncapped_arrival,30,2190L_0,530.0,532.0,1,240.0
peak12,>= initial,uncapped_arrival,30,2190L_0,532.0,537.632499875,2,480.0
peak12,>= initial,uncapped_arrival,30,2190L_0,537.632499875,546.057499875,1,240.0
peak12,>= initial,uncapped_arrival,30,2190L_0,564.0,570.0,1,240.0
peak12,>= initial,uncapped_arrival,30,2190L_0,573.0,582.0,1,240.0
peak12,>= initial,uncapped_arrival,30,2190L_0,582.0,587.057499875,2,480.0
peak12,>= initial,uncapped_arrival,30,2190L_0,587.057499875,590.0,1,240.0
peak12,>= initial,uncapped_arrival,30,2190L_0,592.0,600.0,1,240.0
peak12,>= initial,uncapped_arrival,30,2190L_0,602.0,607.8049995,1,240.0
peak12,>= initial,uncapped_arrival,30,2190L_0,621.0,622.2299995,1,240.0
peak12,>= initial,uncapped_arrival,30,2190L_0,689.0,696.9199992499999,1,240.0
peak12,>= initial,uncapped_arrival,30,2190L_0,820.0,830.0,1,240.0
peak12,>= initial,uncapped_arrival,30,2190L_0,850.0,859.0,1,240.0
peak12,>= initial,uncapped_arrival,30,2190L_0,870.0,880.0,1,240.0
peak12,>= initial,uncapped_arrival,30,2190L_0,880.0,885.402499125,2,480.0
peak12,>= initial,uncapped_arrival,30,2190L_0,885.402499125,890.0,1,240.0
peak12,>= initial,uncapped_arrival,30,2190L_0,890.0,898.11499975,2,480.0
peak12,>= initial,uncapped_arrival,30,2190L_0,898.11499975,899.0,1,240.0
peak12,>= initial,uncapped_arrival,30,2190L_0,912.0,922.0,1,240.0
peak12,>= initial,uncapped_arrival,30,2190L_0,922.0,929.0,2,480.0
peak12,>= initial,uncapped_arrival,30,2190L_0,929.0,929.11499975,1,240.0
peak12,>= initial,uncapped_arrival,30,2190L_0,953.0,958.0,1,240.0
peak12,>= initial,uncapped_arrival,30,2190L_0,964.0,974.0,1,240.0
peak12,>= initial,uncapped_arrival,30,2190L_0,974.0,978.0,2,480.0
peak12,>= initial,uncapped_arrival,30,2190L_0,978.0,986.0,1,240.0
peak12,>= initial,uncapped_arrival,30,2190L_0,986.0,988.0,2,480.0
peak12,>= initial,uncapped_arrival,30,2190L_0,988.0,996.0,1,240.0
peak12,>= initial,uncapped_arrival,30,2190L_0,996.0,999.0,2,480.0
peak12,>= initial,uncapped_arrival,30,2190L_0,999.0,1006.0,1,240.0
peak12,>= initial,uncapped_arrival,30,2190L_0,1006.0,1009.0,2,480.0
peak12,>= initial,uncapped_arrival,30,2190L_0,1009.0,1016.0,1,240.0
peak12,>= initial,uncapped_arrival,30,2190L_0,1016.0,1020.0,2,480.0
peak12,>= initial,uncapped_arrival,30,2190L_0,1020.0,1027.0,1,240.0
peak12,>= initial,uncapped_arrival,30,2190L_0,1027.0,1031.0,2,480.0
peak12,>= initial,uncapped_arrival,30,2190L_0,1031.0,1041.057499875,1,240.0
peak12,>= initial,uncapped_arrival,30,2190L_0,1047.0,1057.0,1,240.0
peak12,>= initial,uncapped_arrival,30,2190L_0,1057.0,1061.0,2,480.0
peak12,>= initial,uncapped_arrival,30,2190L_0,1061.0,1070.057499875,1,240.0
peak12,>= initial,uncapped_arrival,30,2190L_0,1084.0,1092.0,1,240.0
peak12,>= initial,uncapped_arrival,30,2190L_0,1094.0,1105.0,1,240.0
peak12,>= initial,uncapped_arrival,30,2190L_0,1111.0,1121.0,1,240.0
peak12,>= initial,uncapped_arrival,30,2190L_0,1121.0,1121.432499875,2,480.0
peak12,>= initial,uncapped_arrival,30,2190L_0,1121.432499875,1129.0,1,240.0
peak12,>= initial,uncapped_arrival,30,2190L_0,1131.0,1147.057499875,1,240.0
peak12,>= initial,uncapped_arrival,30,2190L_0,1150.0,1159.0,1,240.0
peak12,>= initial,uncapped_arrival,30,2190L_0,1160.0,1175.0,1,240.0
peak12,>= initial,uncapped_arrival,30,2190L_0,1175.0,1180.11499975,2,480.0
peak12,>= initial,uncapped_arrival,30,2190L_0,1180.11499975,1188.497499625,1,240.0
peak12,>= initial,uncapped_arrival,30,2190L_0,1189.0,1201.382499875,1,240.0
peak12,>= initial,uncapped_arrival,30,2190L_0,1206.0,1218.382499875,1,240.0
peak12,>= initial,uncapped_arrival,30,2190L_0,1220.0,1232.382499875,1,240.0
peak12,>= initial,uncapped_arrival,30,2190L_0,1249.0,1264.0,1,240.0
peak12,>= initial,uncapped_arrival,30,2190L_0,1264.0,1266.057499875,2,480.0
peak12,>= initial,uncapped_arrival,30,2190L_0,1266.057499875,1274.432499875,1,240.0
peak12,>= initial,uncapped_arrival,30,2190L_0,1279.0,1290.0,1,240.0
peak12,>= initial,uncapped_arrival,30,2190L_0,1309.0,1324.0,1,240.0
peak12,>= initial,uncapped_arrival,30,2190L_0,1324.0,1330.0,2,480.0
peak12,>= initial,uncapped_arrival,30,2190L_0,1330.0,1350.0,1,240.0
peak12,>= initial,uncapped_arrival,30,2190L_0,1427.0,1439.382499875,1,240.0
peak12,>= initial,uncapped_arrival,30,2190L_0,1466.0,1472.0,1,240.0
peak12,>= initial,uncapped_arrival,30,3127L_0,326.0,334.0,1,240.0
peak12,>= initial,uncapped_arrival,30,3127L_0,356.0,369.476250075,1,240.0
peak12,>= initial,uncapped_arrival,30,3127L_0,375.0,377.0,1,240.0
peak12,>= initial,uncapped_arrival,30,3127L_0,387.0,393.0,1,240.0
peak12,>= initial,uncapped_arrival,30,3127L_0,401.0,410.0,1,240.0
peak12,>= initial,uncapped_arrival,30,3127L_0,410.0,417.0,2,480.0
peak12,>= initial,uncapped_arrival,30,3127L_0,417.0,421.0,1,240.0
peak12,>= initial,uncapped_arrival,30,3127L_0,421.0,423.461250025,2,480.0
peak12,>= initial,uncapped_arrival,30,3127L_0,423.461250025,427.0,1,240.0
peak12,>= initial,uncapped_arrival,30,3127L_0,439.0,442.0,1,240.0
peak12,>= initial,uncapped_arrival,30,3127L_0,459.0,459.9459991,1,240.0
peak12,>= initial,uncapped_arrival,30,3127L_0,464.0,466.0,1,240.0
peak12,>= initial,uncapped_arrival,30,3127L_0,474.0,477.0,1,240.0
peak12,>= initial,uncapped_arrival,30,3127L_0,481.0,491.0,1,240.0
peak12,>= initial,uncapped_arrival,30,3127L_0,491.0,492.0,2,480.0
peak12,>= initial,uncapped_arrival,30,3127L_0,492.0,493.0,1,240.0
peak12,>= initial,uncapped_arrival,30,3127L_0,494.0,497.0,1,240.0
peak12,>= initial,uncapped_arrival,30,3127L_0,500.0,525.543749865,1,240.0
peak12,>= initial,uncapped_arrival,30,3127L_0,539.0,540.0,1,240.0
peak12,>= initial,uncapped_arrival,30,3127L_0,543.0,548.0,1,240.0
peak12,>= initial,uncapped_arrival,30,3127L_0,548.0,552.0,2,480.0
peak12,>= initial,uncapped_arrival,30,3127L_0,552.0,555.5705001,1,240.0
peak12,>= initial,uncapped_arrival,30,3127L_0,563.0,568.0,1,240.0
peak12,>= initial,uncapped_arrival,30,3127L_0,568.0,572.0,2,480.0
peak12,>= initial,uncapped_arrival,30,3127L_0,572.0,588.0,1,240.0
peak12,>= initial,uncapped_arrival,30,3127L_0,593.0,618.0,1,240.0
peak12,>= initial,uncapped_arrival,30,3127L_0,653.0,660.0,1,240.0
peak12,>= initial,uncapped_arrival,30,3127L_0,683.0,684.7764996575,1,240.0
peak12,>= initial,uncapped_arrival,30,3127L_0,712.0,720.0,1,240.0
peak12,>= initial,uncapped_arrival,30,3127L_0,842.0,851.469997615,1,240.0
peak12,>= initial,uncapped_arrival,30,3127L_0,862.0,866.542999135,1,240.0
peak12,>= initial,uncapped_arrival,30,3127L_0,868.0,870.0,1,240.0
peak12,>= initial,uncapped_arrival,30,3127L_0,882.0,895.0,1,240.0
peak12,>= initial,uncapped_arrival,30,3127L_0,899.0,900.0,1,240.0
peak12,>= initial,uncapped_arrival,30,3127L_0,902.0,903.330999075,1,240.0
peak12,>= initial,uncapped_arrival,30,3127L_0,914.0,915.0,1,240.0
peak12,>= initial,uncapped_arrival,30,3127L_0,943.0,944.0,1,240.0
peak12,>= initial,uncapped_arrival,30,3127L_0,944.0,945.0,2,480.0
peak12,>= initial,uncapped_arrival,30,3127L_0,945.0,949.0,1,240.0
peak12,>= initial,uncapped_arrival,30,3127L_0,954.0,955.0,1,240.0
peak12,>= initial,uncapped_arrival,30,3127L_0,963.0,964.0,1,240.0
peak12,>= initial,uncapped_arrival,30,3127L_0,964.0,968.0,2,480.0
peak12,>= initial,uncapped_arrival,30,3127L_0,968.0,978.0,1,240.0
peak12,>= initial,uncapped_arrival,30,3127L_0,983.0,988.0,1,240.0
peak12,>= initial,uncapped_arrival,30,3127L_0,989.0,992.0,1,240.0
peak12,>= initial,uncapped_arrival,30,3127L_0,992.0,995.0,2,480.0
peak12,>= initial,uncapped_arrival,30,3127L_0,995.0,998.0,1,240.0
peak12,>= initial,uncapped_arrival,30,3127L_0,1009.0,1020.0,1,240.0
peak12,>= initial,uncapped_arrival,30,3127L_0,1023.0,1035.0,1,240.0
peak12,>= initial,uncapped_arrival,30,3127L_0,1042.0,1044.0,1,240.0
peak12,>= initial,uncapped_arrival,30,3127L_0,1044.0,1045.0,2,480.0
peak12,>= initial,uncapped_arrival,30,3127L_0,1045.0,1054.0,1,240.0
peak12,>= initial,uncapped_arrival,30,3127L_0,1054.0,1055.0,2,480.0
peak12,>= initial,uncapped_arrival,30,3127L_0,1055.0,1061.0,1,240.0
peak12,>= initial,uncapped_arrival,30,3127L_0,1068.0,1072.0,1,240.0
peak12,>= initial,uncapped_arrival,30,3127L_0,1081.0,1088.0,1,240.0
peak12,>= initial,uncapped_arrival,30,3127L_0,1088.0,1092.0,2,480.0
peak12,>= initial,uncapped_arrival,30,3127L_0,1092.0,1092.6287498,1,240.0
peak12,>= initial,uncapped_arrival,30,3127L_0,1147.0,1152.0,1,240.0
peak12,>= initial,uncapped_arrival,30,3127L_0,1161.0,1183.0,1,240.0
peak12,>= initial,uncapped_arrival,30,3127L_0,1186.0,1213.0,1,240.0
peak12,>= initial,uncapped_arrival,30,3127L_0,1225.0,1233.0,1,240.0
peak12,>= initial,uncapped_arrival,30,3127L_0,1246.0,1273.0,1,240.0
peak12,>= initial,uncapped_arrival,30,3127L_0,1275.0,1285.0,1,240.0
peak12,>= initial,uncapped_arrival,30,3127L_0,1285.0,1293.0,2,480.0
peak12,>= initial,uncapped_arrival,30,3127L_0,1293.0,1299.185249525,1,240.0
peak12,>= initial,uncapped_arrival,30,3127L_0,1363.0,1393.0,1,240.0
peak12,>= initial,uncapped_arrival,30,3127L_0,1423.0,1425.0,1,240.0
peak12,>= initial,uncapped_arrival,30,3127L_0,1451.0,1471.0,1,240.0
peak12,>= initial,uncapped_arrival,30,4808_0,319.0,325.0,1,240.0
peak12,>= initial,uncapped_arrival,30,4808_0,339.0,346.0,1,240.0
peak12,>= initial,uncapped_arrival,30,4808_0,379.0,386.0,1,240.0
peak12,>= initial,uncapped_arrival,30,4808_0,397.0,402.0,1,240.0
peak12,>= initial,uncapped_arrival,30,4808_0,413.0,421.0,1,240.0
peak12,>= initial,uncapped_arrival,30,4808_0,423.0,431.0,1,240.0
peak12,>= initial,uncapped_arrival,30,4808_0,444.0,451.0,1,240.0
peak12,>= initial,uncapped_arrival,30,4808_0,455.0,462.0,1,240.0
peak12,>= initial,uncapped_arrival,30,4808_0,465.0,472.0,1,240.0
peak12,>= initial,uncapped_arrival,30,4808_0,499.0,506.0,1,240.0
peak12,>= initial,uncapped_arrival,30,4808_0,509.0,516.0,1,240.0
peak12,>= initial,uncapped_arrival,30,4808_0,519.0,526.0,1,240.0
peak12,>= initial,uncapped_arrival,30,4808_0,529.0,536.0,1,240.0
peak12,>= initial,uncapped_arrival,30,4808_0,539.0,546.0,1,240.0
peak12,>= initial,uncapped_arrival,30,4808_0,549.0,556.0,1,240.0
peak12,>= initial,uncapped_arrival,30,4808_0,559.0,566.0,1,240.0
peak12,>= initial,uncapped_arrival,30,4808_0,569.0,572.172499625,1,240.0
peak12,>= initial,uncapped_arrival,30,4808_0,589.0,594.0,1,240.0
peak12,>= initial,uncapped_arrival,30,4808_0,597.0,601.2299995,1,240.0
peak12,>= initial,uncapped_arrival,30,4808_0,627.0,634.0,1,240.0
peak12,>= initial,uncapped_arrival,30,4808_0,637.0,640.2299995,1,240.0
peak12,>= initial,uncapped_arrival,30,4808_0,647.0,648.29499925,1,240.0
peak12,>= initial,uncapped_arrival,30,4808_0,657.0,659.2299995,1,240.0
peak12,>= initial,uncapped_arrival,30,4808_0,889.0,896.0,1,240.0
peak12,>= initial,uncapped_arrival,30,4808_0,899.0,906.0,1,240.0
peak12,>= initial,uncapped_arrival,30,4808_0,909.0,909.287499375,1,240.0
peak12,>= initial,uncapped_arrival,30,4808_0,920.0,927.0,1,240.0
peak12,>= initial,uncapped_arrival,30,4808_0,930.0,934.2299995,1,240.0
peak12,>= initial,uncapped_arrival,30,4808_0,940.0,947.0,1,240.0
peak12,>= initial,uncapped_arrival,30,4808_0,950.0,957.0,1,240.0
peak12,>= initial,uncapped_arrival,30,4808_0,961.0,968.0,1,240.0
peak12,>= initial,uncapped_arrival,30,4808_0,982.0,988.0,1,240.0
peak12,>= initial,uncapped_arrival,30,4808_0,992.0,998.0,1,240.0
peak12,>= initial,uncapped_arrival,30,4808_0,1021.0,1028.0,1,240.0
peak12,>= initial,uncapped_arrival,30,4808_0,1031.0,1038.0,1,240.0
peak12,>= initial,uncapped_arrival,30,4808_0,1041.0,1047.0,1,240.0
peak12,>= initial,uncapped_arrival,30,4808_0,1050.0,1057.0,1,240.0
peak12,>= initial,uncapped_arrival,30,4808_0,1060.0,1067.0,1,240.0
peak12,>= initial,uncapped_arrival,30,4808_0,1070.0,1077.0,1,240.0
peak12,>= initial,uncapped_arrival,30,4808_0,1080.0,1087.0,1,240.0
peak12,>= initial,uncapped_arrival,30,4808_0,1090.0,1097.0,1,240.0
peak12,>= initial,uncapped_arrival,30,4808_0,1100.0,1107.0,1,240.0
peak12,>= initial,uncapped_arrival,30,4808_0,1118.0,1122.0,1,240.0
peak12,>= initial,uncapped_arrival,30,4808_0,1128.0,1136.0,1,240.0
peak12,>= initial,uncapped_arrival,30,4808_0,1149.0,1153.0,1,240.0
peak12,>= initial,uncapped_arrival,30,4808_0,1161.0,1168.0,1,240.0
peak12,>= initial,uncapped_arrival,30,4808_0,1185.0,1195.625,1,240.0
peak12,>= initial,uncapped_arrival,30,4808_0,1200.0,1210.625,1,240.0
peak12,>= initial,uncapped_arrival,30,4808_0,1215.0,1227.0,1,240.0
peak12,>= initial,uncapped_arrival,30,4808_0,1230.0,1242.0,1,240.0
peak12,>= initial,uncapped_arrival,30,4808_0,1245.0,1257.0,1,240.0
peak12,>= initial,uncapped_arrival,30,4808_0,1260.0,1272.0,1,240.0
peak12,>= initial,uncapped_arrival,30,4808_0,1325.0,1336.0,1,240.0
peak12,>= initial,uncapped_arrival,30,4808_0,1345.0,1356.0,1,240.0
peak12,>= initial,uncapped_arrival,30,4808_0,1365.0,1375.625,1,240.0
peak12,>= initial,uncapped_arrival,30,4808_0,1385.0,1396.0,1,240.0
peak12,>= initial,uncapped_arrival,30,4808_0,1404.0,1416.0,1,240.0
peak12,>= initial,uncapped_arrival,30,7880C_0,352.0,356.99174995,1,240.0
peak12,>= initial,uncapped_arrival,30,7880C_0,383.0,394.0,1,240.0
peak12,>= initial,uncapped_arrival,30,7880C_0,413.0,424.0,1,240.0
peak12,>= initial,uncapped_arrival,30,7880C_0,444.0,452.83324933,1,240.0
peak12,>= initial,uncapped_arrival,30,7880C_0,472.0,474.0,1,240.0
peak12,>= initial,uncapped_arrival,30,7880C_0,474.0,482.583749465,2,480.0
peak12,>= initial,uncapped_arrival,30,7880C_0,482.583749465,484.0,1,240.0
peak12,>= initial,uncapped_arrival,30,7880C_0,504.0,514.0,1,240.0
peak12,>= initial,uncapped_arrival,30,7880C_0,534.0,545.0,1,240.0
peak12,>= initial,uncapped_arrival,30,7880C_0,563.0,575.0,1,240.0
peak12,>= initial,uncapped_arrival,30,7880C_0,593.0,605.0,1,240.0
peak12,>= initial,uncapped_arrival,30,7880C_0,653.0,660.0,1,240.0
peak12,>= initial,uncapped_arrival,30,7880C_0,683.0,690.3174990825,1,240.0
peak12,>= initial,uncapped_arrival,30,7880C_0,775.0,785.237749255,1,240.0
peak12,>= initial,uncapped_arrival,30,7880C_0,833.0,838.826998865,1,240.0
peak12,>= initial,uncapped_arrival,30,7880C_0,924.0,947.0,1,240.0
peak12,>= initial,uncapped_arrival,30,7880C_0,975.0,999.0000000000032,1,240.0
peak12,>= initial,uncapped_arrival,30,7880C_0,1163.0,1176.0,1,240.0
peak12,>= initial,uncapped_arrival,30,JON_A_0,344.0,345.0,1,240.0
peak12,>= initial,uncapped_arrival,30,JON_A_0,357.0,365.0,1,240.0
peak12,>= initial,uncapped_arrival,30,JON_A_0,402.0,409.199249975,1,240.0
peak12,>= initial,uncapped_arrival,30,JON_A_0,414.0,420.0,1,240.0
peak12,>= initial,uncapped_arrival,30,JON_A_0,422.0,433.0,1,240.0
peak12,>= initial,uncapped_arrival,30,JON_A_0,434.0,439.0,1,240.0
peak12,>= initial,uncapped_arrival,30,JON_A_0,442.0,445.0,1,240.0
peak12,>= initial,uncapped_arrival,30,JON_A_0,448.0,453.0,1,240.0
peak12,>= initial,uncapped_arrival,30,JON_A_0,454.0,460.671499975,1,240.0
peak12,>= initial,uncapped_arrival,30,JON_A_0,474.0,482.0,1,240.0
peak12,>= initial,uncapped_arrival,30,JON_A_0,482.0,483.10124985000004,2,480.0
peak12,>= initial,uncapped_arrival,30,JON_A_0,483.10124985000004,493.0,1,240.0
peak12,>= initial,uncapped_arrival,30,JON_A_0,522.0,525.0,1,240.0
peak12,>= initial,uncapped_arrival,30,JON_A_0,542.0,543.0,1,240.0
peak12,>= initial,uncapped_arrival,30,JON_A_0,554.0,563.3604992249998,1,240.0
peak12,>= initial,uncapped_arrival,30,JON_A_0,594.0,602.0,1,240.0
peak12,>= initial,uncapped_arrival,30,JON_A_0,602.0,604.0,2,480.0
peak12,>= initial,uncapped_arrival,30,JON_A_0,604.0,605.0,1,240.0
peak12,>= initial,uncapped_arrival,30,JON_A_0,614.0,625.0,1,240.0
peak12,>= initial,uncapped_arrival,30,JON_A_0,632.0,634.0,1,240.0
peak12,>= initial,uncapped_arrival,30,JON_A_0,654.0,661.2594989950001,1,240.0
peak12,>= initial,uncapped_arrival,30,JON_A_0,782.0,785.0,1,240.0
peak12,>= initial,uncapped_arrival,30,JON_A_0,794.0,798.21774935,1,240.0
peak12,>= initial,uncapped_arrival,30,JON_A_0,814.0,822.0,1,240.0
peak12,>= initial,uncapped_arrival,30,JON_A_0,822.0,825.0,2,480.0
peak12,>= initial,uncapped_arrival,30,JON_A_0,825.0,833.067499915,1,240.0
peak12,>= initial,uncapped_arrival,30,JON_A_0,842.0,842.068998765,1,240.0
peak12,>= initial,uncapped_arrival,30,JON_A_0,862.0,873.0,1,240.0
peak12,>= initial,uncapped_arrival,30,JON_A_0,874.0,884.0,1,240.0
peak12,>= initial,uncapped_arrival,30,JON_A_0,884.0,884.577749565,2,480.0
peak12,>= initial,uncapped_arrival,30,JON_A_0,884.577749565,885.0,1,240.0
peak12,>= initial,uncapped_arrival,30,JON_A_0,904.0,913.0,1,240.0
peak12,>= initial,uncapped_arrival,30,JON_A_0,914.0,924.0,1,240.0
peak12,>= initial,uncapped_arrival,30,JON_A_0,924.0,925.0,2,480.0
peak12,>= initial,uncapped_arrival,30,JON_A_0,925.0,933.0,1,240.0
peak12,>= initial,uncapped_arrival,30,JON_A_0,954.0,964.0,1,240.0
peak12,>= initial,uncapped_arrival,30,JON_A_0,964.0,965.0,2,480.0
peak12,>= initial,uncapped_arrival,30,JON_A_0,965.0,973.0,1,240.0
peak12,>= initial,uncapped_arrival,30,JON_A_0,994.0,1004.0,1,240.0
peak12,>= initial,uncapped_arrival,30,JON_A_0,1004.0,1005.0,2,480.0
peak12,>= initial,uncapped_arrival,30,JON_A_0,1005.0,1013.0,1,240.0
peak12,>= initial,uncapped_arrival,30,JON_A_0,1024.0,1024.89899935,1,240.0
peak12,>= initial,uncapped_arrival,30,JON_A_0,1034.0,1044.0,1,240.0
peak12,>= initial,uncapped_arrival,30,JON_A_0,1044.0,1045.0,2,480.0
peak12,>= initial,uncapped_arrival,30,JON_A_0,1045.0,1053.0,1,240.0
peak12,>= initial,uncapped_arrival,30,JON_A_0,1064.0,1073.0,1,240.0
peak12,>= initial,uncapped_arrival,30,JON_A_0,1084.0,1093.0,1,240.0
peak12,>= initial,uncapped_arrival,30,JON_A_0,1102.0,1114.0,1,240.0
peak12,>= initial,uncapped_arrival,30,JON_A_0,1197.0,1199.0,1,240.0
peak12,>= initial,uncapped_arrival,30,JON_A_0,1227.0,1229.0,1,240.0
peak12,>= initial,uncapped_arrival,30,JON_A_0,1257.0,1260.0,1,240.0
peak12,>= initial,uncapped_arrival,30,JON_A_0,1317.0,1320.0,1,240.0
peak12,>= initial,uncapped_arrival,30,JON_A_0,1334.0,1335.0,1,240.0
peak12,>= initial,uncapped_arrival,30,JON_A_0,1347.0,1350.0,1,240.0
peak12,>= initial,uncapped_arrival,30,JON_A_0,1364.0,1365.0,1,240.0
peak12,>= initial,uncapped_arrival,30,JON_A_0,1394.0,1395.0,1,240.0
peak12,>= initial,uncapped_arrival,30,PARX_1,501.0,525.0,1,240.0
peak12,>= initial,uncapped_arrival,30,PARX_1,525.0,527.306749975,2,480.0
peak12,>= initial,uncapped_arrival,30,PARX_1,527.306749975,540.0,1,240.0
peak12,>= initial,uncapped_arrival,30,PARX_1,999.0,1032.0,1,240.0
peak12,>= initial,uncapped_arrival,30,PARX_1,1032.0,1034.0,2,480.0
peak12,>= initial,uncapped_arrival,30,PARX_1,1034.0,1042.0,1,240.0
peak12,>= initial,uncapped_arrival,30,PARX_1,1042.0,1059.0,2,480.0
peak12,>= initial,uncapped_arrival,30,PARX_1,1059.0,1062.0,2,480.0
peak12,>= initial,uncapped_arrival,30,PARX_1,1062.0,1072.0,3,720.0
peak12,>= initial,uncapped_arrival,30,PARX_1,1072.0,1082.0,5,1200.0
peak12,>= initial,uncapped_arrival,30,PARX_1,1082.0,1089.0,6,1440.0
peak12,>= initial,uncapped_arrival,30,PARX_1,1089.0,1092.0,7,1680.0
peak12,>= initial,uncapped_arrival,30,PARX_1,1092.0,1102.0,8,1920.0
peak12,>= initial,uncapped_arrival,30,PARX_1,1102.0,1114.62274985,7,1680.0
peak12,>= initial,uncapped_arrival,30,PARX_1,1114.62274985,1119.0,6,1440.0
peak12,>= initial,uncapped_arrival,30,PARX_1,1119.0,1121.0,5,1200.0
peak12,>= initial,uncapped_arrival,30,PARX_1,1121.0,1132.0,6,1440.0
peak12,>= initial,uncapped_arrival,30,PARX_1,1132.0,1133.0,4,960.0
peak12,>= initial,uncapped_arrival,30,PARX_1,1133.0,1138.0,5,1200.0
peak12,>= initial,uncapped_arrival,30,PARX_1,1138.0,1142.0,6,1440.0
peak12,>= initial,uncapped_arrival,30,PARX_1,1142.0,1144.0,5,1200.0
peak12,>= initial,uncapped_arrival,30,PARX_1,1144.0,1146.0,6,1440.0
peak12,>= initial,uncapped_arrival,30,PARX_1,1146.0,1149.0,7,1680.0
peak12,>= initial,uncapped_arrival,30,PARX_1,1149.0,1152.0,6,1440.0
peak12,>= initial,uncapped_arrival,30,PARX_1,1152.0,1153.0,5,1200.0
peak12,>= initial,uncapped_arrival,30,PARX_1,1153.0,1160.0,6,1440.0
peak12,>= initial,uncapped_arrival,30,PARX_1,1160.0,1181.0,7,1680.0
peak12,>= initial,uncapped_arrival,30,PARX_1,1181.0,1193.0,6,1440.0
peak12,>= initial,uncapped_arrival,30,PARX_1,1193.0,1198.0,5,1200.0
peak12,>= initial,uncapped_arrival,30,PARX_1,1198.0,1204.0,4,960.0
peak12,>= initial,uncapped_arrival,30,PARX_1,1204.0,1206.0,3,720.0
peak12,>= initial,uncapped_arrival,30,PARX_1,1206.0,1213.0,2,480.0
peak12,>= initial,uncapped_arrival,30,PARX_1,1213.0,1220.0,1,240.0
peak12,>= initial,uncapped_arrival,30,PARX_1,1282.0,1297.0,1,240.0
peak12,>= initial,uncapped_arrival,30,PARX_1,1297.0,1313.0,2,480.0
peak12,>= initial,uncapped_arrival,30,PARX_1,1313.0,1342.0,3,720.0
peak12,>= initial,uncapped_arrival,30,PARX_1,1342.0,1357.0,2,480.0
peak12,>= initial,uncapped_arrival,30,PARX_1,1357.0,1373.0,1,240.0
peak12,>= initial,uncapped_arrival,30,PARX_1,1406.0,1410.0,1,240.0
peak12,>= initial,uncapped_arrival,30,PARX_1,1410.0,1426.0,2,480.0
peak12,>= initial,uncapped_arrival,30,PARX_1,1426.0,1430.0,3,720.0
peak12,>= initial,uncapped_arrival,30,PARX_1,1430.0,1457.0,4,960.0
peak12,>= initial,uncapped_arrival,30,PARX_1,1457.0,1459.0,5,1200.0
peak12,>= initial,uncapped_arrival,30,PARX_1,1459.0,1465.0,6,1440.0
peak12,>= initial,uncapped_arrival,30,PARX_1,1465.0,1466.0,7,1680.0
peak12,>= initial,uncapped_arrival,30,PARX_1,1466.0,1470.0,6,1440.0
peak12,>= initial,uncapped_arrival,30,PARX_1,1470.0,1472.0,5,1200.0
peak12,>= initial,uncapped_arrival,30,PARX_1,1472.0,1486.0,6,1440.0
peak12,>= initial,uncapped_arrival,30,PARX_1,1486.0,1490.0,5,1200.0
peak12,>= initial,uncapped_arrival,30,PARX_1,1490.0,1500.0,4,960.0
peak12,>= initial,uncapped_arrival,30,PARX_1,1500.0,1517.0,5,1200.0
peak12,>= initial,uncapped_arrival,30,PARX_1,1517.0,1519.0,4,960.0
peak12,>= initial,uncapped_arrival,30,PARX_1,1519.0,1525.0,3,720.0
peak12,>= initial,uncapped_arrival,30,PARX_1,1525.0,1530.0,2,480.0
peak12,>= initial,uncapped_arrival,30,PARX_1,1530.0,1532.0,3,720.0
peak12,>= initial,uncapped_arrival,30,PARX_1,1532.0,1540.0,2,480.0
peak12,>= initial,uncapped_arrival,30,PARX_1,1540.0,1560.0,3,720.0
peak12,>= initial,uncapped_optimized,30,2190L_0,321.0,326.0,1,240.0
peak12,>= initial,uncapped_optimized,30,2190L_0,341.0,353.575,1,240.0
peak12,>= initial,uncapped_optimized,30,2190L_0,361.0,368.0,1,240.0
peak12,>= initial,uncapped_optimized,30,2190L_0,376.0,387.0,1,240.0
peak12,>= initial,uncapped_optimized,30,2190L_0,387.0,398.0,2,480.0
peak12,>= initial,uncapped_optimized,30,2190L_0,398.0,398.057499875,2,480.0
peak12,>= initial,uncapped_optimized,30,2190L_0,398.057499875,419.057499875,1,240.0
peak12,>= initial,uncapped_optimized,30,2190L_0,430.0,440.0,1,240.0
peak12,>= initial,uncapped_optimized,30,2190L_0,440.0,451.0,1,240.0
peak12,>= initial,uncapped_optimized,30,2190L_0,451.0,459.0,2,480.0
peak12,>= initial,uncapped_optimized,30,2190L_0,459.0,460.0,1,240.0
peak12,>= initial,uncapped_optimized,30,2190L_0,460.0,461.632499875,2,480.0
peak12,>= initial,uncapped_optimized,30,2190L_0,461.632499875,469.0,1,240.0
peak12,>= initial,uncapped_optimized,30,2190L_0,469.0,480.0,1,240.0
peak12,>= initial,uncapped_optimized,30,2190L_0,481.0,491.0,1,240.0
peak12,>= initial,uncapped_optimized,30,2190L_0,491.0,494.057499875,2,480.0
peak12,>= initial,uncapped_optimized,30,2190L_0,494.057499875,509.632499875,1,240.0
peak12,>= initial,uncapped_optimized,30,2190L_0,511.0,522.0,1,240.0
peak12,>= initial,uncapped_optimized,30,2190L_0,522.0,530.0,2,480.0
peak12,>= initial,uncapped_optimized,30,2190L_0,530.0,532.0,1,240.0
peak12,>= initial,uncapped_optimized,30,2190L_0,532.0,537.632499875,2,480.0
peak12,>= initial,uncapped_optimized,30,2190L_0,537.632499875,546.057499875,1,240.0
peak12,>= initial,uncapped_optimized,30,2190L_0,564.0,570.0,1,240.0
peak12,>= initial,uncapped_optimized,30,2190L_0,573.0,582.0,1,240.0
peak12,>= initial,uncapped_optimized,30,2190L_0,582.0,584.287499375,2,480.0
peak12,>= initial,uncapped_optimized,30,2190L_0,584.287499375,590.0,1,240.0
peak12,>= initial,uncapped_optimized,30,2190L_0,592.0,600.0,1,240.0
peak12,>= initial,uncapped_optimized,30,2190L_0,621.0,622.2299995,1,240.0
peak12,>= initial,uncapped_optimized,30,2190L_0,659.0,660.0,1,240.0
peak12,>= initial,uncapped_optimized,30,2190L_0,689.0,696.9199992499999,1,240.0
peak12,>= initial,uncapped_optimized,30,2190L_0,820.0,830.0,1,240.0
peak12,>= initial,uncapped_optimized,30,2190L_0,840.0,843.2299995,1,240.0
peak12,>= initial,uncapped_optimized,30,2190L_0,850.0,853.29499925,1,240.0
peak12,>= initial,uncapped_optimized,30,2190L_0,870.0,885.402499125,1,240.0
peak12,>= initial,uncapped_optimized,30,2190L_0,890.0,899.0,1,240.0
peak12,>= initial,uncapped_optimized,30,2190L_0,900.0,918.11499975,1,240.0
peak12,>= initial,uncapped_optimized,30,2190L_0,922.0,929.0,1,240.0
peak12,>= initial,uncapped_optimized,30,2190L_0,953.0,955.712500625,1,240.0
peak12,>= initial,uncapped_optimized,30,2190L_0,955.712500625,958.0,2,480.0
peak12,>= initial,uncapped_optimized,30,2190L_0,958.0,964.0,1,240.0
peak12,>= initial,uncapped_optimized,30,2190L_0,964.0,969.0,2,480.0
peak12,>= initial,uncapped_optimized,30,2190L_0,969.0,974.0,1,240.0
peak12,>= initial,uncapped_optimized,30,2190L_0,974.0,978.0,2,480.0
peak12,>= initial,uncapped_optimized,30,2190L_0,978.0,986.0,1,240.0
peak12,>= initial,uncapped_optimized,30,2190L_0,986.0,988.0,2,480.0
peak12,>= initial,uncapped_optimized,30,2190L_0,988.0,996.0,1,240.0
peak12,>= initial,uncapped_optimized,30,2190L_0,996.0,999.0,2,480.0
peak12,>= initial,uncapped_optimized,30,2190L_0,999.0,1006.0,1,240.0
peak12,>= initial,uncapped_optimized,30,2190L_0,1006.0,1009.0,2,480.0
peak12,>= initial,uncapped_optimized,30,2190L_0,1009.0,1016.0,1,240.0
peak12,>= initial,uncapped_optimized,30,2190L_0,1016.0,1020.0,2,480.0
peak12,>= initial,uncapped_optimized,30,2190L_0,1020.0,1027.0,1,240.0
peak12,>= initial,uncapped_optimized,30,2190L_0,1027.0,1031.0,2,480.0
peak12,>= initial,uncapped_optimized,30,2190L_0,1031.0,1041.057499875,1,240.0
peak12,>= initial,uncapped_optimized,30,2190L_0,1047.0,1057.0,1,240.0
peak12,>= initial,uncapped_optimized,30,2190L_0,1057.0,1061.0,2,480.0
peak12,>= initial,uncapped_optimized,30,2190L_0,1061.0,1070.057499875,1,240.0
peak12,>= initial,uncapped_optimized,30,2190L_0,1084.0,1092.0,1,240.0
peak12,>= initial,uncapped_optimized,30,2190L_0,1094.0,1105.0,1,240.0
peak12,>= initial,uncapped_optimized,30,2190L_0,1121.0,1129.0,1,240.0
peak12,>= initial,uncapped_optimized,30,2190L_0,1133.567500125,1140.0,1,240.0
peak12,>= initial,uncapped_optimized,30,2190L_0,1140.0,1144.0,2,480.0
peak12,>= initial,uncapped_optimized,30,2190L_0,1144.0,1150.0,1,240.0
peak12,>= initial,uncapped_optimized,30,2190L_0,1150.0,1156.057499875,2,480.0
peak12,>= initial,uncapped_optimized,30,2190L_0,1156.057499875,1159.0,1,240.0
peak12,>= initial,uncapped_optimized,30,2190L_0,1175.0,1183.88500025,1,240.0
peak12,>= initial,uncapped_optimized,30,2190L_0,1183.88500025,1188.497499625,2,480.0
peak12,>= initial,uncapped_optimized,30,2190L_0,1188.497499625,1200.0,1,240.0
peak12,>= initial,uncapped_optimized,30,2190L_0,1200.0,1204.0,2,480.0
peak12,>= initial,uncapped_optimized,30,2190L_0,1204.0,1206.0,1,240.0
peak12,>= initial,uncapped_optimized,30,2190L_0,1206.0,1212.382499875,2,480.0
peak12,>= initial,uncapped_optimized,30,2190L_0,1212.382499875,1218.382499875,1,240.0
peak12,>= initial,uncapped_optimized,30,2190L_0,1252.942500125,1264.0,1,240.0
peak12,>= initial,uncapped_optimized,30,2190L_0,1264.0,1270.0,2,480.0
peak12,>= initial,uncapped_optimized,30,2190L_0,1270.0,1274.432499875,1,240.0
peak12,>= initial,uncapped_optimized,30,2190L_0,1279.0,1290.0,1,240.0
peak12,>= initial,uncapped_optimized,30,2190L_0,1309.0,1320.0,1,240.0
peak12,>= initial,uncapped_optimized,30,2190L_0,1320.0,1324.0,2,480.0
peak12,>= initial,uncapped_optimized,30,2190L_0,1324.0,1330.0,3,720.0
peak12,>= initial,uncapped_optimized,30,2190L_0,1330.0,1332.382499875,2,480.0
peak12,>= initial,uncapped_optimized,30,2190L_0,1332.382499875,1350.0,1,240.0
peak12,>= initial,uncapped_optimized,30,2190L_0,1429.617500125,1442.0,1,240.0
peak12,>= initial,uncapped_optimized,30,2190L_0,1466.0,1472.0,1,240.0
peak12,>= initial,uncapped_optimized,30,3127L_0,326.0,334.0,1,240.0
peak12,>= initial,uncapped_optimized,30,3127L_0,356.0,369.476250075,1,240.0
peak12,>= initial,uncapped_optimized,30,3127L_0,375.0,377.0,1,240.0
peak12,>= initial,uncapped_optimized,30,3127L_0,387.0,393.0,1,240.0
peak12,>= initial,uncapped_optimized,30,3127L_0,401.0,410.0,1,240.0
peak12,>= initial,uncapped_optimized,30,3127L_0,410.0,417.0,2,480.0
peak12,>= initial,uncapped_optimized,30,3127L_0,417.0,421.0,1,240.0
peak12,>= initial,uncapped_optimized,30,3127L_0,421.0,423.461250025,2,480.0
peak12,>= initial,uncapped_optimized,30,3127L_0,423.461250025,427.0,1,240.0
peak12,>= initial,uncapped_optimized,30,3127L_0,459.0,459.9459991,1,240.0
peak12,>= initial,uncapped_optimized,30,3127L_0,464.0,466.0,1,240.0
peak12,>= initial,uncapped_optimized,30,3127L_0,474.0,477.0,1,240.0
peak12,>= initial,uncapped_optimized,30,3127L_0,481.0,491.0,1,240.0
peak12,>= initial,uncapped_optimized,30,3127L_0,491.0,492.0,2,480.0
peak12,>= initial,uncapped_optimized,30,3127L_0,492.0,493.0,1,240.0
peak12,>= initial,uncapped_optimized,30,3127L_0,494.0,497.0,1,240.0
peak12,>= initial,uncapped_optimized,30,3127L_0,500.0,521.543749865,1,240.0
peak12,>= initial,uncapped_optimized,30,3127L_0,539.0,543.0,1,240.0
peak12,>= initial,uncapped_optimized,30,3127L_0,543.0,547.330999075,2,480.0
peak12,>= initial,uncapped_optimized,30,3127L_0,547.330999075,548.0,1,240.0
peak12,>= initial,uncapped_optimized,30,3127L_0,548.0,552.0,2,480.0
peak12,>= initial,uncapped_optimized,30,3127L_0,552.0,555.5705001,1,240.0
peak12,>= initial,uncapped_optimized,30,3127L_0,563.0,568.0,1,240.0
peak12,>= initial,uncapped_optimized,30,3127L_0,568.0,572.0,2,480.0
peak12,>= initial,uncapped_optimized,30,3127L_0,572.0,588.0,1,240.0
peak12,>= initial,uncapped_optimized,30,3127L_0,593.0,600.313249825,1,240.0
peak12,>= initial,uncapped_optimized,30,3127L_0,653.0,660.0,1,240.0
peak12,>= initial,uncapped_optimized,30,3127L_0,683.0,698.7764996575,1,240.0
peak12,>= initial,uncapped_optimized,30,3127L_0,712.0,720.0,1,240.0
peak12,>= initial,uncapped_optimized,30,3127L_0,842.0,851.469997615,1,240.0
peak12,>= initial,uncapped_optimized,30,3127L_0,862.0,866.542999135,1,240.0
peak12,>= initial,uncapped_optimized,30,3127L_0,868.0,870.0,1,240.0
peak12,>= initial,uncapped_optimized,30,3127L_0,882.0,895.0,1,240.0
peak12,>= initial,uncapped_optimized,30,3127L_0,899.0,900.0,1,240.0
peak12,>= initial,uncapped_optimized,30,3127L_0,914.0,915.0,1,240.0
peak12,>= initial,uncapped_optimized,30,3127L_0,943.0,944.0,1,240.0
peak12,>= initial,uncapped_optimized,30,3127L_0,944.0,945.0,2,480.0
peak12,>= initial,uncapped_optimized,30,3127L_0,945.0,949.0,1,240.0
peak12,>= initial,uncapped_optimized,30,3127L_0,954.0,955.0,1,240.0
peak12,>= initial,uncapped_optimized,30,3127L_0,963.0,964.0,1,240.0
peak12,>= initial,uncapped_optimized,30,3127L_0,964.0,968.0,2,480.0
peak12,>= initial,uncapped_optimized,30,3127L_0,968.0,978.0,1,240.0
peak12,>= initial,uncapped_optimized,30,3127L_0,983.0,988.0,1,240.0
peak12,>= initial,uncapped_optimized,30,3127L_0,989.0,992.0,1,240.0
peak12,>= initial,uncapped_optimized,30,3127L_0,992.0,995.0,2,480.0
peak12,>= initial,uncapped_optimized,30,3127L_0,995.0,998.0,1,240.0
peak12,>= initial,uncapped_optimized,30,3127L_0,1009.0,1020.0,1,240.0
peak12,>= initial,uncapped_optimized,30,3127L_0,1023.0,1035.0,1,240.0
peak12,>= initial,uncapped_optimized,30,3127L_0,1042.0,1044.0,1,240.0
peak12,>= initial,uncapped_optimized,30,3127L_0,1044.0,1045.0,2,480.0
peak12,>= initial,uncapped_optimized,30,3127L_0,1045.0,1054.0,1,240.0
peak12,>= initial,uncapped_optimized,30,3127L_0,1054.0,1055.0,2,480.0
peak12,>= initial,uncapped_optimized,30,3127L_0,1055.0,1061.0,1,240.0
peak12,>= initial,uncapped_optimized,30,3127L_0,1068.0,1072.0,1,240.0
peak12,>= initial,uncapped_optimized,30,3127L_0,1081.0,1088.0,1,240.0
peak12,>= initial,uncapped_optimized,30,3127L_0,1088.0,1092.0,2,480.0
peak12,>= initial,uncapped_optimized,30,3127L_0,1092.0,1092.6287498,1,240.0
peak12,>= initial,uncapped_optimized,30,3127L_0,1147.0,1152.0,1,240.0
peak12,>= initial,uncapped_optimized,30,3127L_0,1161.0,1183.0,1,240.0
peak12,>= initial,uncapped_optimized,30,3127L_0,1186.0,1213.0,1,240.0
peak12,>= initial,uncapped_optimized,30,3127L_0,1225.0,1233.0,1,240.0
peak12,>= initial,uncapped_optimized,30,3127L_0,1246.0,1273.0,1,240.0
peak12,>= initial,uncapped_optimized,30,3127L_0,1275.0,1285.0,1,240.0
peak12,>= initial,uncapped_optimized,30,3127L_0,1285.0,1293.0,2,480.0
peak12,>= initial,uncapped_optimized,30,3127L_0,1293.0,1299.185249525,1,240.0
peak12,>= initial,uncapped_optimized,30,3127L_0,1363.0,1393.0,1,240.0
peak12,>= initial,uncapped_optimized,30,3127L_0,1423.0,1425.0,1,240.0
peak12,>= initial,uncapped_optimized,30,3127L_0,1451.0,1471.0,1,240.0
peak12,>= initial,uncapped_optimized,30,4808_0,319.0,325.0,1,240.0
peak12,>= initial,uncapped_optimized,30,4808_0,339.0,346.0,1,240.0
peak12,>= initial,uncapped_optimized,30,4808_0,379.0,386.0,1,240.0
peak12,>= initial,uncapped_optimized,30,4808_0,397.0,402.0,1,240.0
peak12,>= initial,uncapped_optimized,30,4808_0,413.0,421.0,1,240.0
peak12,>= initial,uncapped_optimized,30,4808_0,423.0,431.0,1,240.0
peak12,>= initial,uncapped_optimized,30,4808_0,444.0,451.0,1,240.0
peak12,>= initial,uncapped_optimized,30,4808_0,455.0,462.0,1,240.0
peak12,>= initial,uncapped_optimized,30,4808_0,465.0,472.0,1,240.0
peak12,>= initial,uncapped_optimized,30,4808_0,499.0,506.0,1,240.0
peak12,>= initial,uncapped_optimized,30,4808_0,509.0,516.0,1,240.0
peak12,>= initial,uncapped_optimized,30,4808_0,519.0,526.0,1,240.0
peak12,>= initial,uncapped_optimized,30,4808_0,529.0,536.0,1,240.0
peak12,>= initial,uncapped_optimized,30,4808_0,539.0,546.0,1,240.0
peak12,>= initial,uncapped_optimized,30,4808_0,549.0,556.0,1,240.0
peak12,>= initial,uncapped_optimized,30,4808_0,559.0,566.0,1,240.0
peak12,>= initial,uncapped_optimized,30,4808_0,569.0,576.0,1,240.0
peak12,>= initial,uncapped_optimized,30,4808_0,589.0,594.0,1,240.0
peak12,>= initial,uncapped_optimized,30,4808_0,597.0,600.2299995,1,240.0
peak12,>= initial,uncapped_optimized,30,4808_0,627.0,634.0,1,240.0
peak12,>= initial,uncapped_optimized,30,4808_0,647.0,654.0,1,240.0
peak12,>= initial,uncapped_optimized,30,4808_0,657.0,659.2299995,1,240.0
peak12,>= initial,uncapped_optimized,30,4808_0,859.0,864.8049995,1,240.0
peak12,>= initial,uncapped_optimized,30,4808_0,889.0,896.0,1,240.0
peak12,>= initial,uncapped_optimized,30,4808_0,899.0,906.0,1,240.0
peak12,>= initial,uncapped_optimized,30,4808_0,909.0,909.287499375,1,240.0
peak12,>= initial,uncapped_optimized,30,4808_0,920.0,927.0,1,240.0
peak12,>= initial,uncapped_optimized,30,4808_0,930.0,937.0,1,240.0
peak12,>= initial,uncapped_optimized,30,4808_0,940.0,947.0,1,240.0
peak12,>= initial,uncapped_optimized,30,4808_0,950.0,957.0,1,240.0
peak12,>= initial,uncapped_optimized,30,4808_0,961.0,968.0,1,240.0
peak12,>= initial,uncapped_optimized,30,4808_0,982.0,988.0,1,240.0
peak12,>= initial,uncapped_optimized,30,4808_0,992.0,998.0,1,240.0
peak12,>= initial,uncapped_optimized,30,4808_0,1021.0,1028.0,1,240.0
peak12,>= initial,uncapped_optimized,30,4808_0,1031.0,1038.0,1,240.0
peak12,>= initial,uncapped_optimized,30,4808_0,1041.0,1047.0,1,240.0
peak12,>= initial,uncapped_optimized,30,4808_0,1050.0,1057.0,1,240.0
peak12,>= initial,uncapped_optimized,30,4808_0,1060.0,1067.0,1,240.0
peak12,>= initial,uncapped_optimized,30,4808_0,1070.0,1077.0,1,240.0
peak12,>= initial,uncapped_optimized,30,4808_0,1080.0,1087.0,1,240.0
peak12,>= initial,uncapped_optimized,30,4808_0,1090.0,1097.0,1,240.0
peak12,>= initial,uncapped_optimized,30,4808_0,1100.0,1107.0,1,240.0
peak12,>= initial,uncapped_optimized,30,4808_0,1118.0,1122.0,1,240.0
peak12,>= initial,uncapped_optimized,30,4808_0,1128.0,1136.0,1,240.0
peak12,>= initial,uncapped_optimized,30,4808_0,1149.0,1153.0,1,240.0
peak12,>= initial,uncapped_optimized,30,4808_0,1161.0,1168.0,1,240.0
peak12,>= initial,uncapped_optimized,30,4808_0,1185.0,1195.625,1,240.0
peak12,>= initial,uncapped_optimized,30,4808_0,1200.0,1210.625,1,240.0
peak12,>= initial,uncapped_optimized,30,4808_0,1215.0,1227.0,1,240.0
peak12,>= initial,uncapped_optimized,30,4808_0,1230.0,1242.0,1,240.0
peak12,>= initial,uncapped_optimized,30,4808_0,1245.0,1257.0,1,240.0
peak12,>= initial,uncapped_optimized,30,4808_0,1260.0,1272.0,1,240.0
peak12,>= initial,uncapped_optimized,30,4808_0,1325.0,1336.0,1,240.0
peak12,>= initial,uncapped_optimized,30,4808_0,1345.0,1356.0,1,240.0
peak12,>= initial,uncapped_optimized,30,4808_0,1365.0,1375.625,1,240.0
peak12,>= initial,uncapped_optimized,30,4808_0,1385.0,1396.0,1,240.0
peak12,>= initial,uncapped_optimized,30,4808_0,1404.0,1416.0,1,240.0
peak12,>= initial,uncapped_optimized,30,7880C_0,352.0,356.99174995,1,240.0
peak12,>= initial,uncapped_optimized,30,7880C_0,383.0,394.0,1,240.0
peak12,>= initial,uncapped_optimized,30,7880C_0,413.0,424.0,1,240.0
peak12,>= initial,uncapped_optimized,30,7880C_0,444.0,452.83324933,1,240.0
peak12,>= initial,uncapped_optimized,30,7880C_0,472.0,474.0,1,240.0
peak12,>= initial,uncapped_optimized,30,7880C_0,474.0,482.583749465,2,480.0
peak12,>= initial,uncapped_optimized,30,7880C_0,482.583749465,484.0,1,240.0
peak12,>= initial,uncapped_optimized,30,7880C_0,504.0,514.0,1,240.0
peak12,>= initial,uncapped_optimized,30,7880C_0,534.0,545.0,1,240.0
peak12,>= initial,uncapped_optimized,30,7880C_0,563.0,575.0,1,240.0
peak12,>= initial,uncapped_optimized,30,7880C_0,593.0,605.0,1,240.0
peak12,>= initial,uncapped_optimized,30,7880C_0,653.0,660.0,1,240.0
peak12,>= initial,uncapped_optimized,30,7880C_0,839.173001135,845.0,1,240.0
peak12,>= initial,uncapped_optimized,30,7880C_0,900.0,924.0,1,240.0
peak12,>= initial,uncapped_optimized,30,7880C_0,924.0,927.92449943,2,480.0
peak12,>= initial,uncapped_optimized,30,7880C_0,927.92449943,947.0,1,240.0
peak12,>= initial,uncapped_optimized,30,7880C_0,960.0,964.0,1,240.0
peak12,>= initial,uncapped_optimized,30,7880C_0,975.0,999.0,1,240.0
peak12,>= initial,uncapped_optimized,30,7880C_0,1163.0,1176.0,1,240.0
peak12,>= initial,uncapped_optimized,30,JON_A_0,344.0,345.0,1,240.0
peak12,>= initial,uncapped_optimized,30,JON_A_0,357.0,365.0,1,240.0
peak12,>= initial,uncapped_optimized,30,JON_A_0,402.0,409.199249975,1,240.0
peak12,>= initial,uncapped_optimized,30,JON_A_0,414.0,420.0,1,240.0
peak12,>= initial,uncapped_optimized,30,JON_A_0,422.0,433.0,1,240.0
peak12,>= initial,uncapped_optimized,30,JON_A_0,434.0,439.0,1,240.0
peak12,>= initial,uncapped_optimized,30,JON_A_0,442.0,445.0,1,240.0
peak12,>= initial,uncapped_optimized,30,JON_A_0,448.0,453.0,1,240.0
peak12,>= initial,uncapped_optimized,30,JON_A_0,454.0,460.6714999750001,1,240.0
peak12,>= initial,uncapped_optimized,30,JON_A_0,474.0,482.0,1,240.0
peak12,>= initial,uncapped_optimized,30,JON_A_0,482.0,485.0,2,480.0
peak12,>= initial,uncapped_optimized,30,JON_A_0,485.0,493.0,1,240.0
peak12,>= initial,uncapped_optimized,30,JON_A_0,522.0,525.0,1,240.0
peak12,>= initial,uncapped_optimized,30,JON_A_0,542.0,543.0,1,240.0
peak12,>= initial,uncapped_optimized,30,JON_A_0,554.0,563.360499225,1,240.0
peak12,>= initial,uncapped_optimized,30,JON_A_0,594.0,602.0,1,240.0
peak12,>= initial,uncapped_optimized,30,JON_A_0,602.0,604.0,2,480.0
peak12,>= initial,uncapped_optimized,30,JON_A_0,604.0,604.21774935,1,240.0
peak12,>= initial,uncapped_optimized,30,JON_A_0,614.0,625.0,1,240.0
peak12,>= initial,uncapped_optimized,30,JON_A_0,632.0,634.0,1,240.0
peak12,>= initial,uncapped_optimized,30,JON_A_0,654.0,661.259498995,1,240.0
peak12,>= initial,uncapped_optimized,30,JON_A_0,822.0,833.067499915,1,240.0
peak12,>= initial,uncapped_optimized,30,JON_A_0,840.0,842.0,1,240.0
peak12,>= initial,uncapped_optimized,30,JON_A_0,842.0,842.068998765,2,480.0
peak12,>= initial,uncapped_optimized,30,JON_A_0,842.068998765,845.0,1,240.0
peak12,>= initial,uncapped_optimized,30,JON_A_0,862.0,873.0,1,240.0
peak12,>= initial,uncapped_optimized,30,JON_A_0,874.0,884.0,1,240.0
peak12,>= initial,uncapped_optimized,30,JON_A_0,884.0,884.577749565,2,480.0
peak12,>= initial,uncapped_optimized,30,JON_A_0,884.577749565,885.0,1,240.0
peak12,>= initial,uncapped_optimized,30,JON_A_0,904.0,913.0,1,240.0
peak12,>= initial,uncapped_optimized,30,JON_A_0,914.0,924.0,1,240.0
peak12,>= initial,uncapped_optimized,30,JON_A_0,924.0,925.0,2,480.0
peak12,>= initial,uncapped_optimized,30,JON_A_0,925.0,933.0,1,240.0
peak12,>= initial,uncapped_optimized,30,JON_A_0,960.0,964.0,1,240.0
peak12,>= initial,uncapped_optimized,30,JON_A_0,964.0,965.0,2,480.0
peak12,>= initial,uncapped_optimized,30,JON_A_0,965.0,973.0,1,240.0
peak12,>= initial,uncapped_optimized,30,JON_A_0,994.0,1004.0,1,240.0
peak12,>= initial,uncapped_optimized,30,JON_A_0,1004.0,1005.0,2,480.0
peak12,>= initial,uncapped_optimized,30,JON_A_0,1005.0,1013.0,1,240.0
peak12,>= initial,uncapped_optimized,30,JON_A_0,1024.0,1027.89899935,1,240.0
peak12,>= initial,uncapped_optimized,30,JON_A_0,1034.0,1044.0,1,240.0
peak12,>= initial,uncapped_optimized,30,JON_A_0,1044.0,1045.0,2,480.0
peak12,>= initial,uncapped_optimized,30,JON_A_0,1045.0,1053.0,1,240.0
peak12,>= initial,uncapped_optimized,30,JON_A_0,1064.0,1073.0,1,240.0
peak12,>= initial,uncapped_optimized,30,JON_A_0,1084.0,1093.0,1,240.0
peak12,>= initial,uncapped_optimized,30,JON_A_0,1102.0,1114.0,1,240.0
peak12,>= initial,uncapped_optimized,30,JON_A_0,1197.0,1199.0,1,240.0
peak12,>= initial,uncapped_optimized,30,JON_A_0,1227.0,1229.0,1,240.0
peak12,>= initial,uncapped_optimized,30,JON_A_0,1257.0,1260.0,1,240.0
peak12,>= initial,uncapped_optimized,30,JON_A_0,1317.0,1320.0,1,240.0
peak12,>= initial,uncapped_optimized,30,JON_A_0,1334.0,1335.0,1,240.0
peak12,>= initial,uncapped_optimized,30,JON_A_0,1347.0,1350.0,1,240.0
peak12,>= initial,uncapped_optimized,30,JON_A_0,1364.0,1365.0,1,240.0
peak12,>= initial,uncapped_optimized,30,JON_A_0,1394.0,1395.0,1,240.0
peak12,>= initial,uncapped_optimized,30,PARX_1,501.0,525.0,1,240.0
peak12,>= initial,uncapped_optimized,30,PARX_1,525.0,527.306749975,2,480.0
peak12,>= initial,uncapped_optimized,30,PARX_1,527.306749975,538.10124985,1,240.0
peak12,>= initial,uncapped_optimized,30,PARX_1,834.6825009175,842.0,1,240.0
peak12,>= initial,uncapped_optimized,30,PARX_1,1032.0,1034.0,1,240.0
peak12,>= initial,uncapped_optimized,30,PARX_1,1440.0,1492.62274985,16,3840.0
peak12,>= initial,uncapped_optimized,30,PARX_1,1492.62274985,1500.0,15,3600.0
peak12,>= initial,uncapped_optimized,30,PARX_1,1500.0,1530.0,12,2880.0
peak12,>= initial,uncapped_optimized,30,PARX_1,1530.0,1540.0,13,3120.0
peak12,>= initial,uncapped_optimized,30,PARX_1,1540.0,1560.0,14,3360.0
peak12,>= initial,capped_arrival,30,2190L_0,321.0,326.0,1,240.0
peak12,>= initial,capped_arrival,30,2190L_0,341.0,353.575,1,240.0
peak12,>= initial,capped_arrival,30,2190L_0,361.0,368.0,1,240.0
peak12,>= initial,capped_arrival,30,2190L_0,376.0,387.0,1,240.0
peak12,>= initial,capped_arrival,30,2190L_0,387.0,398.0,2,480.0
peak12,>= initial,capped_arrival,30,2190L_0,398.0,398.057499875,2,480.0
peak12,>= initial,capped_arrival,30,2190L_0,398.057499875,419.057499875,1,240.0
peak12,>= initial,capped_arrival,30,2190L_0,430.0,440.0,1,240.0
peak12,>= initial,capped_arrival,30,2190L_0,440.0,451.0,1,240.0
peak12,>= initial,capped_arrival,30,2190L_0,451.0,459.0,2,480.0
peak12,>= initial,capped_arrival,30,2190L_0,459.0,460.0,1,240.0
peak12,>= initial,capped_arrival,30,2190L_0,460.0,461.632499875,2,480.0
peak12,>= initial,capped_arrival,30,2190L_0,461.632499875,469.0,1,240.0
peak12,>= initial,capped_arrival,30,2190L_0,469.0,480.0,1,240.0
peak12,>= initial,capped_arrival,30,2190L_0,481.0,491.0,1,240.0
peak12,>= initial,capped_arrival,30,2190L_0,491.0,494.057499875,2,480.0
peak12,>= initial,capped_arrival,30,2190L_0,494.057499875,509.632499875,1,240.0
peak12,>= initial,capped_arrival,30,2190L_0,511.0,522.0,1,240.0
peak12,>= initial,capped_arrival,30,2190L_0,522.0,530.0,2,480.0
peak12,>= initial,capped_arrival,30,2190L_0,530.0,532.0,1,240.0
peak12,>= initial,capped_arrival,30,2190L_0,532.0,537.632499875,2,480.0
peak12,>= initial,capped_arrival,30,2190L_0,537.632499875,546.057499875,1,240.0
peak12,>= initial,capped_arrival,30,2190L_0,564.0,570.0,1,240.0
peak12,>= initial,capped_arrival,30,2190L_0,573.0,582.0,1,240.0
peak12,>= initial,capped_arrival,30,2190L_0,582.0,584.287499375,2,480.0
peak12,>= initial,capped_arrival,30,2190L_0,584.287499375,590.0,1,240.0
peak12,>= initial,capped_arrival,30,2190L_0,592.0,600.0,1,240.0
peak12,>= initial,capped_arrival,30,2190L_0,602.0,607.8049995,1,240.0
peak12,>= initial,capped_arrival,30,2190L_0,621.0,622.2299995,1,240.0
peak12,>= initial,capped_arrival,30,2190L_0,689.0,696.9199992499999,1,240.0
peak12,>= initial,capped_arrival,30,2190L_0,820.0,830.0,1,240.0
peak12,>= initial,capped_arrival,30,2190L_0,850.0,859.0,1,240.0
peak12,>= initial,capped_arrival,30,2190L_0,870.0,880.0,1,240.0
peak12,>= initial,capped_arrival,30,2190L_0,880.0,885.402499125,2,480.0
peak12,>= initial,capped_arrival,30,2190L_0,885.402499125,890.0,1,240.0
peak12,>= initial,capped_arrival,30,2190L_0,890.0,897.34499925,2,480.0
peak12,>= initial,capped_arrival,30,2190L_0,897.34499925,899.0,1,240.0
peak12,>= initial,capped_arrival,30,2190L_0,912.0,922.0,1,240.0
peak12,>= initial,capped_arrival,30,2190L_0,922.0,925.287499375,2,480.0
peak12,>= initial,capped_arrival,30,2190L_0,925.287499375,929.0,1,240.0
peak12,>= initial,capped_arrival,30,2190L_0,953.0,958.0,1,240.0
peak12,>= initial,capped_arrival,30,2190L_0,964.0,974.0,1,240.0
peak12,>= initial,capped_arrival,30,2190L_0,974.0,978.0,2,480.0
peak12,>= initial,capped_arrival,30,2190L_0,978.0,986.0,1,240.0
peak12,>= initial,capped_arrival,30,2190L_0,986.0,988.0,2,480.0
peak12,>= initial,capped_arrival,30,2190L_0,988.0,996.0,1,240.0
peak12,>= initial,capped_arrival,30,2190L_0,996.0,999.0,2,480.0
peak12,>= initial,capped_arrival,30,2190L_0,999.0,1006.0,1,240.0
peak12,>= initial,capped_arrival,30,2190L_0,1006.0,1009.0,2,480.0
peak12,>= initial,capped_arrival,30,2190L_0,1009.0,1016.0,1,240.0
peak12,>= initial,capped_arrival,30,2190L_0,1016.0,1020.0,2,480.0
peak12,>= initial,capped_arrival,30,2190L_0,1020.0,1027.0,1,240.0
peak12,>= initial,capped_arrival,30,2190L_0,1027.0,1031.0,2,480.0
peak12,>= initial,capped_arrival,30,2190L_0,1031.0,1041.057499875,1,240.0
peak12,>= initial,capped_arrival,30,2190L_0,1047.0,1057.0,1,240.0
peak12,>= initial,capped_arrival,30,2190L_0,1057.0,1061.0,2,480.0
peak12,>= initial,capped_arrival,30,2190L_0,1061.0,1070.057499875,1,240.0
peak12,>= initial,capped_arrival,30,2190L_0,1084.0,1092.0,1,240.0
peak12,>= initial,capped_arrival,30,2190L_0,1094.0,1105.0,1,240.0
peak12,>= initial,capped_arrival,30,2190L_0,1111.0,1121.0,1,240.0
peak12,>= initial,capped_arrival,30,2190L_0,1121.0,1121.432499875,2,480.0
peak12,>= initial,capped_arrival,30,2190L_0,1121.432499875,1129.0,1,240.0
peak12,>= initial,capped_arrival,30,2190L_0,1131.0,1147.057499875,1,240.0
peak12,>= initial,capped_arrival,30,2190L_0,1150.0,1159.0,1,240.0
peak12,>= initial,capped_arrival,30,2190L_0,1160.0,1175.0,1,240.0
peak12,>= initial,capped_arrival,30,2190L_0,1175.0,1180.11499975,2,480.0
peak12,>= initial,capped_arrival,30,2190L_0,1180.11499975,1188.497499625,1,240.0
peak12,>= initial,capped_arrival,30,2190L_0,1189.0,1201.382499875,1,240.0
peak12,>= initial,capped_arrival,30,2190L_0,1206.0,1218.382499875,1,240.0
peak12,>= initial,capped_arrival,30,2190L_0,1220.0,1232.382499875,1,240.0
peak12,>= initial,capped_arrival,30,2190L_0,1249.0,1264.0,1,240.0
peak12,>= initial,capped_arrival,30,2190L_0,1264.0,1266.057499875,2,480.0
peak12,>= initial,capped_arrival,30,2190L_0,1266.057499875,1274.432499875,1,240.0
peak12,>= initial,capped_arrival,30,2190L_0,1279.0,1290.0,1,240.0
peak12,>= initial,capped_arrival,30,2190L_0,1309.0,1324.0,1,240.0
peak12,>= initial,capped_arrival,30,2190L_0,1324.0,1330.0,2,480.0
peak12,>= initial,capped_arrival,30,2190L_0,1330.0,1350.0,1,240.0
peak12,>= initial,capped_arrival,30,2190L_0,1427.0,1439.382499875,1,240.0
peak12,>= initial,capped_arrival,30,2190L_0,1466.0,1472.0,1,240.0
peak12,>= initial,capped_arrival,30,3127L_0,356.0,369.476250075,1,240.0
peak12,>= initial,capped_arrival,30,3127L_0,387.0,393.0,1,240.0
peak12,>= initial,capped_arrival,30,3127L_0,401.0,410.0,1,240.0
peak12,>= initial,capped_arrival,30,3127L_0,410.0,417.0,2,480.0
peak12,>= initial,capped_arrival,30,3127L_0,417.0,430.0,1,240.0
peak12,>= initial,capped_arrival,30,3127L_0,459.0,466.9459991,1,240.0
peak12,>= initial,capped_arrival,30,3127L_0,481.0,492.0,1,240.0
peak12,>= initial,capped_arrival,30,3127L_0,500.0,525.543749865,1,240.0
peak12,>= initial,capped_arrival,30,3127L_0,543.0,555.5705001,1,240.0
peak12,>= initial,capped_arrival,30,3127L_0,563.0,568.0,1,240.0
peak12,>= initial,capped_arrival,30,3127L_0,568.0,572.0,2,480.0
peak12,>= initial,capped_arrival,30,3127L_0,572.0,588.0,1,240.0
peak12,>= initial,capped_arrival,30,3127L_0,593.0,618.0,1,240.0
peak12,>= initial,capped_arrival,30,3127L_0,653.0,671.826998865,1,240.0
peak12,>= initial,capped_arrival,30,3127L_0,683.0,704.7264996575,1,240.0
peak12,>= initial,capped_arrival,30,3127L_0,712.0,727.2594989950001,1,240.0
peak12,>= initial,capped_arrival,30,3127L_0,842.0,856.0,1,240.0
peak12,>= initial,capped_arrival,30,3127L_0,862.0,866.542999135,1,240.0
peak12,>= initial,capped_arrival,30,3127L_0,882.0,895.0,1,240.0
peak12,>= initial,capped_arrival,30,3127L_0,943.0,949.0,1,240.0
peak12,>= initial,capped_arrival,30,3127L_0,964.0,977.087999715,1,240.0
peak12,>= initial,capped_arrival,30,3127L_0,982.0,983.0,1,240.0
peak12,>= initial,capped_arrival,30,3127L_0,983.0,988.0,2,480.0
peak12,>= initial,capped_arrival,30,3127L_0,988.0,1007.2214996499999,1,240.0
peak12,>= initial,capped_arrival,30,3127L_0,1009.0,1020.0,1,240.0
peak12,>= initial,capped_arrival,30,3127L_0,1023.0,1035.0,1,240.0
peak12,>= initial,capped_arrival,30,3127L_0,1042.0,1055.0,1,240.0
peak12,>= initial,capped_arrival,30,3127L_0,1081.0,1092.6287498,1,240.0
peak12,>= initial,capped_arrival,30,3127L_0,1147.0,1152.0,1,240.0
peak12,>= initial,capped_arrival,30,3127L_0,1161.0,1183.0,1,240.0
peak12,>= initial,capped_arrival,30,3127L_0,1186.0,1213.0,1,240.0
peak12,>= initial,capped_arrival,30,3127L_0,1225.0,1233.0,1,240.0
peak12,>= initial,capped_arrival,30,3127L_0,1246.0,1273.0,1,240.0
peak12,>= initial,capped_arrival,30,3127L_0,1275.0,1285.0,1,240.0
peak12,>= initial,capped_arrival,30,3127L_0,1285.0,1293.0,2,480.0
peak12,>= initial,capped_arrival,30,3127L_0,1293.0,1301.185249525,1,240.0
peak12,>= initial,capped_arrival,30,3127L_0,1363.0,1393.0,1,240.0
peak12,>= initial,capped_arrival,30,3127L_0,1451.0,1471.0,1,240.0
peak12,>= initial,capped_arrival,30,4808_0,319.0,325.0,1,240.0
peak12,>= initial,capped_arrival,30,4808_0,339.0,346.0,1,240.0
peak12,>= initial,capped_arrival,30,4808_0,379.0,386.0,1,240.0
peak12,>= initial,capped_arrival,30,4808_0,397.0,402.0,1,240.0
peak12,>= initial,capped_arrival,30,4808_0,413.0,421.0,1,240.0
peak12,>= initial,capped_arrival,30,4808_0,423.0,431.0,1,240.0
peak12,>= initial,capped_arrival,30,4808_0,444.0,451.0,1,240.0
peak12,>= initial,capped_arrival,30,4808_0,455.0,462.0,1,240.0
peak12,>= initial,capped_arrival,30,4808_0,465.0,472.0,1,240.0
peak12,>= initial,capped_arrival,30,4808_0,499.0,506.0,1,240.0
peak12,>= initial,capped_arrival,30,4808_0,509.0,516.0,1,240.0
peak12,>= initial,capped_arrival,30,4808_0,519.0,526.0,1,240.0
peak12,>= initial,capped_arrival,30,4808_0,529.0,536.0,1,240.0
peak12,>= initial,capped_arrival,30,4808_0,539.0,546.0,1,240.0
peak12,>= initial,capped_arrival,30,4808_0,549.0,556.0,1,240.0
peak12,>= initial,capped_arrival,30,4808_0,559.0,566.0,1,240.0
peak12,>= initial,capped_arrival,30,4808_0,569.0,576.0,1,240.0
peak12,>= initial,capped_arrival,30,4808_0,597.0,601.2299995,1,240.0
peak12,>= initial,capped_arrival,30,4808_0,627.0,634.0,1,240.0
peak12,>= initial,capped_arrival,30,4808_0,637.0,640.2299995,1,240.0
peak12,>= initial,capped_arrival,30,4808_0,647.0,648.29499925,1,240.0
peak12,>= initial,capped_arrival,30,4808_0,657.0,660.0,1,240.0
peak12,>= initial,capped_arrival,30,4808_0,889.0,896.0,1,240.0
peak12,>= initial,capped_arrival,30,4808_0,899.0,906.0,1,240.0
peak12,>= initial,capped_arrival,30,4808_0,909.0,914.287499375,1,240.0
peak12,>= initial,capped_arrival,30,4808_0,920.0,927.0,1,240.0
peak12,>= initial,capped_arrival,30,4808_0,930.0,937.0,1,240.0
peak12,>= initial,capped_arrival,30,4808_0,940.0,947.0,1,240.0
peak12,>= initial,capped_arrival,30,4808_0,950.0,957.0,1,240.0
peak12,>= initial,capped_arrival,30,4808_0,961.0,968.0,1,240.0
peak12,>= initial,capped_arrival,30,4808_0,982.0,988.0,1,240.0
peak12,>= initial,capped_arrival,30,4808_0,992.0,998.0,1,240.0
peak12,>= initial,capped_arrival,30,4808_0,1021.0,1028.0,1,240.0
peak12,>= initial,capped_arrival,30,4808_0,1031.0,1038.0,1,240.0
peak12,>= initial,capped_arrival,30,4808_0,1041.0,1047.0,1,240.0
peak12,>= initial,capped_arrival,30,4808_0,1050.0,1057.0,1,240.0
peak12,>= initial,capped_arrival,30,4808_0,1060.0,1067.0,1,240.0
peak12,>= initial,capped_arrival,30,4808_0,1070.0,1077.0,1,240.0
peak12,>= initial,capped_arrival,30,4808_0,1080.0,1087.0,1,240.0
peak12,>= initial,capped_arrival,30,4808_0,1090.0,1097.0,1,240.0
peak12,>= initial,capped_arrival,30,4808_0,1100.0,1107.0,1,240.0
peak12,>= initial,capped_arrival,30,4808_0,1118.0,1122.0,1,240.0
peak12,>= initial,capped_arrival,30,4808_0,1128.0,1136.0,1,240.0
peak12,>= initial,capped_arrival,30,4808_0,1149.0,1153.0,1,240.0
peak12,>= initial,capped_arrival,30,4808_0,1161.0,1168.0,1,240.0
peak12,>= initial,capped_arrival,30,4808_0,1185.0,1195.625,1,240.0
peak12,>= initial,capped_arrival,30,4808_0,1200.0,1210.625,1,240.0
peak12,>= initial,capped_arrival,30,4808_0,1215.0,1227.0,1,240.0
peak12,>= initial,capped_arrival,30,4808_0,1230.0,1242.0,1,240.0
peak12,>= initial,capped_arrival,30,4808_0,1245.0,1257.0,1,240.0
peak12,>= initial,capped_arrival,30,4808_0,1260.0,1272.0,1,240.0
peak12,>= initial,capped_arrival,30,4808_0,1325.0,1336.0,1,240.0
peak12,>= initial,capped_arrival,30,4808_0,1345.0,1356.0,1,240.0
peak12,>= initial,capped_arrival,30,4808_0,1365.0,1375.625,1,240.0
peak12,>= initial,capped_arrival,30,4808_0,1385.0,1396.0,1,240.0
peak12,>= initial,capped_arrival,30,4808_0,1404.0,1416.0,1,240.0
peak12,>= initial,capped_arrival,30,7880C_0,352.0,356.99174995,1,240.0
peak12,>= initial,capped_arrival,30,7880C_0,383.0,394.0,1,240.0
peak12,>= initial,capped_arrival,30,7880C_0,413.0,424.0,1,240.0
peak12,>= initial,capped_arrival,30,7880C_0,444.0,453.83324933,1,240.0
peak12,>= initial,capped_arrival,30,7880C_0,474.0,484.0,1,240.0
peak12,>= initial,capped_arrival,30,7880C_0,504.0,514.0,1,240.0
peak12,>= initial,capped_arrival,30,7880C_0,534.0,545.0,1,240.0
peak12,>= initial,capped_arrival,30,7880C_0,563.0,575.0,1,240.0
peak12,>= initial,capped_arrival,30,7880C_0,593.0,602.7174990825,1,240.0
peak12,>= initial,capped_arrival,30,7880C_0,653.0,660.0,1,240.0
peak12,>= initial,capped_arrival,30,7880C_0,775.0,800.237749255,1,240.0
peak12,>= initial,capped_arrival,30,7880C_0,924.0,947.0,1,240.0
peak12,>= initial,capped_arrival,30,7880C_0,1163.0,1176.0,1,240.0
peak12,>= initial,capped_arrival,30,JON_A_0,402.0,409.199249975,1,240.0
peak12,>= initial,capped_arrival,30,JON_A_0,414.0,420.0,1,240.0
peak12,>= initial,capped_arrival,30,JON_A_0,422.0,433.0,1,240.0
peak12,>= initial,capped_arrival,30,JON_A_0,448.0,453.0,1,240.0
peak12,>= initial,capped_arrival,30,JON_A_0,454.0,460.671499975,1,240.0
peak12,>= initial,capped_arrival,30,JON_A_0,482.0,493.0,1,240.0
peak12,>= initial,capped_arrival,30,JON_A_0,514.0,537.90124985,1,240.0
peak12,>= initial,capped_arrival,30,JON_A_0,594.0,604.0,1,240.0
peak12,>= initial,capped_arrival,30,JON_A_0,614.0,625.0,1,240.0
peak12,>= initial,capped_arrival,30,JON_A_0,646.0,660.338999575,1,240.0
peak12,>= initial,capped_arrival,30,JON_A_0,694.0,703.469997615,1,240.0
peak12,>= initial,capped_arrival,30,JON_A_0,822.0,833.067499915,1,240.0
peak12,>= initial,capped_arrival,30,JON_A_0,834.0,842.0,1,240.0
peak12,>= initial,capped_arrival,30,JON_A_0,842.0,845.0,2,480.0
peak12,>= initial,capped_arrival,30,JON_A_0,845.0,850.268998765,1,240.0
peak12,>= initial,capped_arrival,30,JON_A_0,862.0,873.0,1,240.0
peak12,>= initial,capped_arrival,30,JON_A_0,874.0,884.0,1,240.0
peak12,>= initial,capped_arrival,30,JON_A_0,884.0,884.21774935,2,480.0
peak12,>= initial,capped_arrival,30,JON_A_0,884.21774935,885.577749565,1,240.0
peak12,>= initial,capped_arrival,30,JON_A_0,904.0,913.0,1,240.0
peak12,>= initial,capped_arrival,30,JON_A_0,914.0,924.0,1,240.0
peak12,>= initial,capped_arrival,30,JON_A_0,924.0,925.0,2,480.0
peak12,>= initial,capped_arrival,30,JON_A_0,925.0,933.0,1,240.0
peak12,>= initial,capped_arrival,30,JON_A_0,964.0,973.0,1,240.0
peak12,>= initial,capped_arrival,30,JON_A_0,994.0,1004.0,1,240.0
peak12,>= initial,capped_arrival,30,JON_A_0,1004.0,1005.0,2,480.0
peak12,>= initial,capped_arrival,30,JON_A_0,1005.0,1013.0,1,240.0
peak12,>= initial,capped_arrival,30,JON_A_0,1024.0,1027.89899935,1,240.0
peak12,>= initial,capped_arrival,30,JON_A_0,1034.0,1044.0,1,240.0
peak12,>= initial,capped_arrival,30,JON_A_0,1044.0,1045.0,2,480.0
peak12,>= initial,capped_arrival,30,JON_A_0,1045.0,1053.0,1,240.0
peak12,>= initial,capped_arrival,30,JON_A_0,1064.0,1073.0,1,240.0
peak12,>= initial,capped_arrival,30,JON_A_0,1084.0,1093.0,1,240.0
peak12,>= initial,capped_arrival,30,JON_A_0,1102.0,1114.0,1,240.0
peak12,>= initial,capped_arrival,30,PARX_1,475.0,501.0,1,240.0
peak12,>= initial,capped_arrival,30,PARX_1,501.0,501.49574975,2,480.0
peak12,>= initial,capped_arrival,30,PARX_1,501.49574975,527.306749975,1,240.0
peak12,>= initial,capped_arrival,30,PARX_1,556.0,579.5422490999994,1,240.0
peak12,>= initial,capped_arrival,30,PARX_1,857.0,877.0,1,240.0
peak12,>= initial,capped_arrival,30,PARX_1,999.0,1042.0,1,240.0
peak12,>= initial,capped_arrival,30,PARX_1,1042.0,1059.0,2,480.0
peak12,>= initial,capped_arrival,30,PARX_1,1059.0,1062.0,2,480.0
peak12,>= initial,capped_arrival,30,PARX_1,1062.0,1072.0,3,720.0
peak12,>= initial,capped_arrival,30,PARX_1,1072.0,1082.0,5,1200.0
peak12,>= initial,capped_arrival,30,PARX_1,1082.0,1089.0,6,1440.0
peak12,>= initial,capped_arrival,30,PARX_1,1089.0,1092.0,7,1680.0
peak12,>= initial,capped_arrival,30,PARX_1,1092.0,1102.0,8,1920.0
peak12,>= initial,capped_arrival,30,PARX_1,1102.0,1114.62274985,7,1680.0
peak12,>= initial,capped_arrival,30,PARX_1,1114.62274985,1119.0,6,1440.0
peak12,>= initial,capped_arrival,30,PARX_1,1119.0,1121.0,5,1200.0
peak12,>= initial,capped_arrival,30,PARX_1,1121.0,1132.0,6,1440.0
peak12,>= initial,capped_arrival,30,PARX_1,1132.0,1133.0,4,960.0
peak12,>= initial,capped_arrival,30,PARX_1,1133.0,1138.0,5,1200.0
peak12,>= initial,capped_arrival,30,PARX_1,1138.0,1142.0,6,1440.0
peak12,>= initial,capped_arrival,30,PARX_1,1142.0,1144.0,5,1200.0
peak12,>= initial,capped_arrival,30,PARX_1,1144.0,1146.0,6,1440.0
peak12,>= initial,capped_arrival,30,PARX_1,1146.0,1149.0,7,1680.0
peak12,>= initial,capped_arrival,30,PARX_1,1149.0,1152.0,6,1440.0
peak12,>= initial,capped_arrival,30,PARX_1,1152.0,1153.0,5,1200.0
peak12,>= initial,capped_arrival,30,PARX_1,1153.0,1160.0,6,1440.0
peak12,>= initial,capped_arrival,30,PARX_1,1160.0,1181.0,7,1680.0
peak12,>= initial,capped_arrival,30,PARX_1,1181.0,1193.0,6,1440.0
peak12,>= initial,capped_arrival,30,PARX_1,1193.0,1198.0,5,1200.0
peak12,>= initial,capped_arrival,30,PARX_1,1198.0,1204.0,4,960.0
peak12,>= initial,capped_arrival,30,PARX_1,1204.0,1206.0,3,720.0
peak12,>= initial,capped_arrival,30,PARX_1,1206.0,1213.0,2,480.0
peak12,>= initial,capped_arrival,30,PARX_1,1213.0,1220.0,1,240.0
peak12,>= initial,capped_arrival,30,PARX_1,1282.0,1297.0,1,240.0
peak12,>= initial,capped_arrival,30,PARX_1,1297.0,1313.0,2,480.0
peak12,>= initial,capped_arrival,30,PARX_1,1313.0,1342.0,3,720.0
peak12,>= initial,capped_arrival,30,PARX_1,1342.0,1357.0,2,480.0
peak12,>= initial,capped_arrival,30,PARX_1,1357.0,1373.0,1,240.0
peak12,>= initial,capped_arrival,30,PARX_1,1406.0,1410.0,1,240.0
peak12,>= initial,capped_arrival,30,PARX_1,1410.0,1426.0,2,480.0
peak12,>= initial,capped_arrival,30,PARX_1,1426.0,1430.0,3,720.0
peak12,>= initial,capped_arrival,30,PARX_1,1430.0,1457.0,4,960.0
peak12,>= initial,capped_arrival,30,PARX_1,1457.0,1459.0,5,1200.0
peak12,>= initial,capped_arrival,30,PARX_1,1459.0,1465.0,6,1440.0
peak12,>= initial,capped_arrival,30,PARX_1,1465.0,1466.0,7,1680.0
peak12,>= initial,capped_arrival,30,PARX_1,1466.0,1470.0,6,1440.0
peak12,>= initial,capped_arrival,30,PARX_1,1470.0,1472.0,5,1200.0
peak12,>= initial,capped_arrival,30,PARX_1,1472.0,1486.0,6,1440.0
peak12,>= initial,capped_arrival,30,PARX_1,1486.0,1490.0,5,1200.0
peak12,>= initial,capped_arrival,30,PARX_1,1490.0,1500.0,4,960.0
peak12,>= initial,capped_arrival,30,PARX_1,1500.0,1517.0,5,1200.0
peak12,>= initial,capped_arrival,30,PARX_1,1517.0,1519.0,4,960.0
peak12,>= initial,capped_arrival,30,PARX_1,1519.0,1525.0,3,720.0
peak12,>= initial,capped_arrival,30,PARX_1,1525.0,1530.0,2,480.0
peak12,>= initial,capped_arrival,30,PARX_1,1530.0,1532.0,3,720.0
peak12,>= initial,capped_arrival,30,PARX_1,1532.0,1540.0,2,480.0
peak12,>= initial,capped_arrival,30,PARX_1,1540.0,1560.0,3,720.0
peak12,>= initial,capped_optimized,30,2190L_0,321.0,326.0,1,240.0
peak12,>= initial,capped_optimized,30,2190L_0,341.0,353.575,1,240.0
peak12,>= initial,capped_optimized,30,2190L_0,361.0,368.0,1,240.0
peak12,>= initial,capped_optimized,30,2190L_0,376.0,387.0,1,240.0
peak12,>= initial,capped_optimized,30,2190L_0,387.0,398.0,2,480.0
peak12,>= initial,capped_optimized,30,2190L_0,398.0,398.057499875,2,480.0
peak12,>= initial,capped_optimized,30,2190L_0,398.057499875,419.057499875,1,240.0
peak12,>= initial,capped_optimized,30,2190L_0,430.0,440.0,1,240.0
peak12,>= initial,capped_optimized,30,2190L_0,440.0,451.0,1,240.0
peak12,>= initial,capped_optimized,30,2190L_0,451.0,459.0,2,480.0
peak12,>= initial,capped_optimized,30,2190L_0,459.0,460.0,1,240.0
peak12,>= initial,capped_optimized,30,2190L_0,460.0,461.632499875,2,480.0
peak12,>= initial,capped_optimized,30,2190L_0,461.632499875,469.0,1,240.0
peak12,>= initial,capped_optimized,30,2190L_0,469.0,480.0,1,240.0
peak12,>= initial,capped_optimized,30,2190L_0,481.0,491.0,1,240.0
peak12,>= initial,capped_optimized,30,2190L_0,491.0,494.057499875,2,480.0
peak12,>= initial,capped_optimized,30,2190L_0,494.057499875,509.632499875,1,240.0
peak12,>= initial,capped_optimized,30,2190L_0,511.0,522.0,1,240.0
peak12,>= initial,capped_optimized,30,2190L_0,522.0,530.0,2,480.0
peak12,>= initial,capped_optimized,30,2190L_0,530.0,532.0,1,240.0
peak12,>= initial,capped_optimized,30,2190L_0,532.0,537.632499875,2,480.0
peak12,>= initial,capped_optimized,30,2190L_0,537.632499875,546.057499875,1,240.0
peak12,>= initial,capped_optimized,30,2190L_0,564.0,570.0,1,240.0
peak12,>= initial,capped_optimized,30,2190L_0,573.0,582.0,1,240.0
peak12,>= initial,capped_optimized,30,2190L_0,582.0,584.287499375,2,480.0
peak12,>= initial,capped_optimized,30,2190L_0,584.287499375,590.0,1,240.0
peak12,>= initial,capped_optimized,30,2190L_0,592.0,600.0,1,240.0
peak12,>= initial,capped_optimized,30,2190L_0,621.0,630.0,1,240.0
peak12,>= initial,capped_optimized,30,2190L_0,689.0,696.9199992499999,1,240.0
peak12,>= initial,capped_optimized,30,2190L_0,820.0,830.0,1,240.0
peak12,>= initial,capped_optimized,30,2190L_0,850.0,859.0,1,240.0
peak12,>= initial,capped_optimized,30,2190L_0,870.0,885.402499125,1,240.0
peak12,>= initial,capped_optimized,30,2190L_0,890.0,891.2299995,1,240.0
peak12,>= initial,capped_optimized,30,2190L_0,900.0,918.11499975,1,240.0
peak12,>= initial,capped_optimized,30,2190L_0,922.0,929.0,1,240.0
peak12,>= initial,capped_optimized,30,2190L_0,951.88500025,953.0,1,240.0
peak12,>= initial,capped_optimized,30,2190L_0,953.0,958.0,2,480.0
peak12,>= initial,capped_optimized,30,2190L_0,958.0,964.0,1,240.0
peak12,>= initial,capped_optimized,30,2190L_0,964.0,969.0,2,480.0
peak12,>= initial,capped_optimized,30,2190L_0,969.0,974.0,1,240.0
peak12,>= initial,capped_optimized,30,2190L_0,974.0,978.0,2,480.0
peak12,>= initial,capped_optimized,30,2190L_0,978.0,986.0,1,240.0
peak12,>= initial,capped_optimized,30,2190L_0,986.0,988.0,2,480.0
peak12,>= initial,capped_optimized,30,2190L_0,988.0,996.0,1,240.0
peak12,>= initial,capped_optimized,30,2190L_0,996.0,999.0,2,480.0
peak12,>= initial,capped_optimized,30,2190L_0,999.0,1006.0,1,240.0
peak12,>= initial,capped_optimized,30,2190L_0,1006.0,1009.0,2,480.0
peak12,>= initial,capped_optimized,30,2190L_0,1009.0,1016.0,1,240.0
peak12,>= initial,capped_optimized,30,2190L_0,1016.0,1020.0,2,480.0
peak12,>= initial,capped_optimized,30,2190L_0,1020.0,1027.0,1,240.0
peak12,>= initial,capped_optimized,30,2190L_0,1027.0,1031.0,2,480.0
peak12,>= initial,capped_optimized,30,2190L_0,1031.0,1041.057499875,1,240.0
peak12,>= initial,capped_optimized,30,2190L_0,1047.0,1057.0,1,240.0
peak12,>= initial,capped_optimized,30,2190L_0,1057.0,1061.0,2,480.0
peak12,>= initial,capped_optimized,30,2190L_0,1061.0,1070.057499875,1,240.0
peak12,>= initial,capped_optimized,30,2190L_0,1084.0,1092.0,1,240.0
peak12,>= initial,capped_optimized,30,2190L_0,1094.0,1105.0,1,240.0
peak12,>= initial,capped_optimized,30,2190L_0,1121.0,1129.0,1,240.0
peak12,>= initial,capped_optimized,30,2190L_0,1133.567500125,1140.0,1,240.0
peak12,>= initial,capped_optimized,30,2190L_0,1140.0,1144.0,2,480.0
peak12,>= initial,capped_optimized,30,2190L_0,1144.0,1150.0,1,240.0
peak12,>= initial,capped_optimized,30,2190L_0,1150.0,1156.057499875,2,480.0
peak12,>= initial,capped_optimized,30,2190L_0,1156.057499875,1159.0,1,240.0
peak12,>= initial,capped_optimized,30,2190L_0,1175.0,1183.88500025,1,240.0
peak12,>= initial,capped_optimized,30,2190L_0,1183.88500025,1188.497499625,2,480.0
peak12,>= initial,capped_optimized,30,2190L_0,1188.497499625,1200.0,1,240.0
peak12,>= initial,capped_optimized,30,2190L_0,1200.0,1204.0,2,480.0
peak12,>= initial,capped_optimized,30,2190L_0,1204.0,1206.0,1,240.0
peak12,>= initial,capped_optimized,30,2190L_0,1206.0,1212.382499875,2,480.0
peak12,>= initial,capped_optimized,30,2190L_0,1212.382499875,1218.3824998750001,1,240.0
peak12,>= initial,capped_optimized,30,2190L_0,1252.942500125,1264.0,1,240.0
peak12,>= initial,capped_optimized,30,2190L_0,1264.0,1270.0,2,480.0
peak12,>= initial,capped_optimized,30,2190L_0,1270.0,1274.432499875,1,240.0
peak12,>= initial,capped_optimized,30,2190L_0,1279.0,1290.0,1,240.0
peak12,>= initial,capped_optimized,30,2190L_0,1309.0,1320.0,1,240.0
peak12,>= initial,capped_optimized,30,2190L_0,1320.0,1324.0,2,480.0
peak12,>= initial,capped_optimized,30,2190L_0,1324.0,1330.0,3,720.0
peak12,>= initial,capped_optimized,30,2190L_0,1330.0,1332.382499875,2,480.0
peak12,>= initial,capped_optimized,30,2190L_0,1332.382499875,1350.0,1,240.0
peak12,>= initial,capped_optimized,30,2190L_0,1429.617500125,1442.0,1,240.0
peak12,>= initial,capped_optimized,30,2190L_0,1466.0,1472.0,1,240.0
peak12,>= initial,capped_optimized,30,3127L_0,356.0,369.476250075,1,240.0
peak12,>= initial,capped_optimized,30,3127L_0,387.0,393.0,1,240.0
peak12,>= initial,capped_optimized,30,3127L_0,401.0,410.0,1,240.0
peak12,>= initial,capped_optimized,30,3127L_0,410.0,417.0,2,480.0
peak12,>= initial,capped_optimized,30,3127L_0,417.0,430.0,1,240.0
peak12,>= initial,capped_optimized,30,3127L_0,459.0,466.9459991000169,1,240.0
peak12,>= initial,capped_optimized,30,3127L_0,481.0,492.0,1,240.0
peak12,>= initial,capped_optimized,30,3127L_0,500.0,525.543749865,1,240.0
peak12,>= initial,capped_optimized,30,3127L_0,543.0,555.5705001,1,240.0
peak12,>= initial,capped_optimized,30,3127L_0,563.0,568.0,1,240.0
peak12,>= initial,capped_optimized,30,3127L_0,568.0,572.0,2,480.0
peak12,>= initial,capped_optimized,30,3127L_0,572.0,588.0,1,240.0
peak12,>= initial,capped_optimized,30,3127L_0,593.0,609.237749255,1,240.0
peak12,>= initial,capped_optimized,30,3127L_0,653.0,671.826998865,1,240.0
peak12,>= initial,capped_optimized,30,3127L_0,683.0,704.7264996575,1,240.0
peak12,>= initial,capped_optimized,30,3127L_0,712.0,727.2594989950001,1,240.0
peak12,>= initial,capped_optimized,30,3127L_0,842.0,856.0,1,240.0
peak12,>= initial,capped_optimized,30,3127L_0,862.0,866.542999135,1,240.0
peak12,>= initial,capped_optimized,30,3127L_0,882.0,895.0,1,240.0
peak12,>= initial,capped_optimized,30,3127L_0,943.0,949.0,1,240.0
peak12,>= initial,capped_optimized,30,3127L_0,964.0,978.0,1,240.0
peak12,>= initial,capped_optimized,30,3127L_0,982.0,983.0,1,240.0
peak12,>= initial,capped_optimized,30,3127L_0,983.0,988.0,2,480.0
peak12,>= initial,capped_optimized,30,3127L_0,988.0,1007.22149965,1,240.0
peak12,>= initial,capped_optimized,30,3127L_0,1009.0,1020.0,1,240.0
peak12,>= initial,capped_optimized,30,3127L_0,1023.0,1035.0,1,240.0
peak12,>= initial,capped_optimized,30,3127L_0,1042.0,1055.0,1,240.0
peak12,>= initial,capped_optimized,30,3127L_0,1081.0,1092.6287498,1,240.0
peak12,>= initial,capped_optimized,30,3127L_0,1147.0,1152.0,1,240.0
peak12,>= initial,capped_optimized,30,3127L_0,1161.0,1183.0,1,240.0
peak12,>= initial,capped_optimized,30,3127L_0,1186.0,1213.0,1,240.0
peak12,>= initial,capped_optimized,30,3127L_0,1225.0,1233.0,1,240.0
peak12,>= initial,capped_optimized,30,3127L_0,1246.0,1273.0,1,240.0
peak12,>= initial,capped_optimized,30,3127L_0,1275.0,1285.0,1,240.0
peak12,>= initial,capped_optimized,30,3127L_0,1285.0,1293.0,2,480.0
peak12,>= initial,capped_optimized,30,3127L_0,1293.0,1301.185249525,1,240.0
peak12,>= initial,capped_optimized,30,3127L_0,1363.0,1393.0,1,240.0
peak12,>= initial,capped_optimized,30,3127L_0,1451.0,1471.0,1,240.0
peak12,>= initial,capped_optimized,30,4808_0,319.0,325.0,1,240.0
peak12,>= initial,capped_optimized,30,4808_0,339.0,346.0,1,240.0
peak12,>= initial,capped_optimized,30,4808_0,379.0,386.0,1,240.0
peak12,>= initial,capped_optimized,30,4808_0,397.0,402.0,1,240.0
peak12,>= initial,capped_optimized,30,4808_0,413.0,421.0,1,240.0
peak12,>= initial,capped_optimized,30,4808_0,423.0,431.0,1,240.0
peak12,>= initial,capped_optimized,30,4808_0,444.0,451.0,1,240.0
peak12,>= initial,capped_optimized,30,4808_0,455.0,462.0,1,240.0
peak12,>= initial,capped_optimized,30,4808_0,465.0,472.0,1,240.0
peak12,>= initial,capped_optimized,30,4808_0,499.0,506.0,1,240.0
peak12,>= initial,capped_optimized,30,4808_0,509.0,516.0,1,240.0
peak12,>= initial,capped_optimized,30,4808_0,519.0,526.0,1,240.0
peak12,>= initial,capped_optimized,30,4808_0,529.0,536.0,1,240.0
peak12,>= initial,capped_optimized,30,4808_0,539.0,546.0,1,240.0
peak12,>= initial,capped_optimized,30,4808_0,549.0,556.0,1,240.0
peak12,>= initial,capped_optimized,30,4808_0,559.0,566.0,1,240.0
peak12,>= initial,capped_optimized,30,4808_0,569.0,572.172499625,1,240.0
peak12,>= initial,capped_optimized,30,4808_0,597.0,601.2299995,1,240.0
peak12,>= initial,capped_optimized,30,4808_0,627.0,634.0,1,240.0
peak12,>= initial,capped_optimized,30,4808_0,637.0,640.2299995000001,1,240.0
peak12,>= initial,capped_optimized,30,4808_0,647.0,648.29499925,1,240.0
peak12,>= initial,capped_optimized,30,4808_0,657.0,659.2299995,1,240.0
peak12,>= initial,capped_optimized,30,4808_0,859.0,864.8049995,1,240.0
peak12,>= initial,capped_optimized,30,4808_0,889.0,896.0,1,240.0
peak12,>= initial,capped_optimized,30,4808_0,899.0,906.0,1,240.0
peak12,>= initial,capped_optimized,30,4808_0,909.0,914.287499375,1,240.0
peak12,>= initial,capped_optimized,30,4808_0,920.0,927.0,1,240.0
peak12,>= initial,capped_optimized,30,4808_0,930.0,937.0,1,240.0
peak12,>= initial,capped_optimized,30,4808_0,940.0,947.0,1,240.0
peak12,>= initial,capped_optimized,30,4808_0,950.0,957.0,1,240.0
peak12,>= initial,capped_optimized,30,4808_0,961.0,968.0,1,240.0
peak12,>= initial,capped_optimized,30,4808_0,982.0,988.0,1,240.0
peak12,>= initial,capped_optimized,30,4808_0,992.0,998.0,1,240.0
peak12,>= initial,capped_optimized,30,4808_0,1021.0,1028.0,1,240.0
peak12,>= initial,capped_optimized,30,4808_0,1031.0,1038.0,1,240.0
peak12,>= initial,capped_optimized,30,4808_0,1041.0,1047.0,1,240.0
peak12,>= initial,capped_optimized,30,4808_0,1050.0,1057.0,1,240.0
peak12,>= initial,capped_optimized,30,4808_0,1060.0,1067.0,1,240.0
peak12,>= initial,capped_optimized,30,4808_0,1070.0,1077.0,1,240.0
peak12,>= initial,capped_optimized,30,4808_0,1080.0,1087.0,1,240.0
peak12,>= initial,capped_optimized,30,4808_0,1090.0,1097.0,1,240.0
peak12,>= initial,capped_optimized,30,4808_0,1100.0,1107.0,1,240.0
peak12,>= initial,capped_optimized,30,4808_0,1118.0,1122.0,1,240.0
peak12,>= initial,capped_optimized,30,4808_0,1128.0,1136.0,1,240.0
peak12,>= initial,capped_optimized,30,4808_0,1149.0,1153.0,1,240.0
peak12,>= initial,capped_optimized,30,4808_0,1161.0,1168.0,1,240.0
peak12,>= initial,capped_optimized,30,4808_0,1185.0,1195.625,1,240.0
peak12,>= initial,capped_optimized,30,4808_0,1200.0,1210.625,1,240.0
peak12,>= initial,capped_optimized,30,4808_0,1215.0,1227.0,1,240.0
peak12,>= initial,capped_optimized,30,4808_0,1230.0,1242.0,1,240.0
peak12,>= initial,capped_optimized,30,4808_0,1245.0,1257.0,1,240.0
peak12,>= initial,capped_optimized,30,4808_0,1260.0,1272.0,1,240.0
peak12,>= initial,capped_optimized,30,4808_0,1325.0,1336.0,1,240.0
peak12,>= initial,capped_optimized,30,4808_0,1345.0,1356.0,1,240.0
peak12,>= initial,capped_optimized,30,4808_0,1365.0,1375.625,1,240.0
peak12,>= initial,capped_optimized,30,4808_0,1385.0,1396.0,1,240.0
peak12,>= initial,capped_optimized,30,4808_0,1404.0,1416.0,1,240.0
peak12,>= initial,capped_optimized,30,7880C_0,352.0,356.99174995,1,240.0
peak12,>= initial,capped_optimized,30,7880C_0,383.0,394.0,1,240.0
peak12,>= initial,capped_optimized,30,7880C_0,413.0,424.0,1,240.0
peak12,>= initial,capped_optimized,30,7880C_0,444.0,453.83324933,1,240.0
peak12,>= initial,capped_optimized,30,7880C_0,474.0,484.0,1,240.0
peak12,>= initial,capped_optimized,30,7880C_0,504.0,514.0,1,240.0
peak12,>= initial,capped_optimized,30,7880C_0,534.0,545.0,1,240.0
peak12,>= initial,capped_optimized,30,7880C_0,563.0,575.0,1,240.0
peak12,>= initial,capped_optimized,30,7880C_0,593.0,605.0,1,240.0
peak12,>= initial,capped_optimized,30,7880C_0,653.0,660.0,1,240.0
peak12,>= initial,capped_optimized,30,7880C_0,900.0,924.0,1,240.0
peak12,>= initial,capped_optimized,30,7880C_0,924.0,934.0,2,480.0
peak12,>= initial,capped_optimized,30,7880C_0,934.0,947.0,1,240.0
peak12,>= initial,capped_optimized,30,7880C_0,1163.0,1176.0,1,240.0
peak12,>= initial,capped_optimized,30,JON_A_0,402.0,409.199249975,1,240.0
peak12,>= initial,capped_optimized,30,JON_A_0,414.0,420.0,1,240.0
peak12,>= initial,capped_optimized,30,JON_A_0,422.0,433.0,1,240.0
peak12,>= initial,capped_optimized,30,JON_A_0,448.0,453.0,1,240.0
peak12,>= initial,capped_optimized,30,JON_A_0,454.0,460.671499975,1,240.0
peak12,>= initial,capped_optimized,30,JON_A_0,482.0,493.0,1,240.0
peak12,>= initial,capped_optimized,30,JON_A_0,514.0,537.9012498499999,1,240.0
peak12,>= initial,capped_optimized,30,JON_A_0,594.0,604.0,1,240.0
peak12,>= initial,capped_optimized,30,JON_A_0,614.0,625.0,1,240.0
peak12,>= initial,capped_optimized,30,JON_A_0,646.0,660.338999575,1,240.0
peak12,>= initial,capped_optimized,30,JON_A_0,694.0,703.469997615,1,240.0
peak12,>= initial,capped_optimized,30,JON_A_0,822.0,833.067499915,1,240.0
peak12,>= initial,capped_optimized,30,JON_A_0,834.78225065,842.0,1,240.0
peak12,>= initial,capped_optimized,30,JON_A_0,842.0,845.0,2,480.0
peak12,>= initial,capped_optimized,30,JON_A_0,845.0,850.268998765,1,240.0
peak12,>= initial,capped_optimized,30,JON_A_0,862.0,873.0,1,240.0
peak12,>= initial,capped_optimized,30,JON_A_0,874.0,884.0,1,240.0
peak12,>= initial,capped_optimized,30,JON_A_0,884.0,885.0,2,480.0
peak12,>= initial,capped_optimized,30,JON_A_0,885.0,885.5777495649999,1,240.0
peak12,>= initial,capped_optimized,30,JON_A_0,904.0,913.0,1,240.0
peak12,>= initial,capped_optimized,30,JON_A_0,914.0,924.0,1,240.0
peak12,>= initial,capped_optimized,30,JON_A_0,924.0,925.0,2,480.0
peak12,>= initial,capped_optimized,30,JON_A_0,925.0,933.0,1,240.0
peak12,>= initial,capped_optimized,30,JON_A_0,964.0,973.0,1,240.0
peak12,>= initial,capped_optimized,30,JON_A_0,994.0,1004.0,1,240.0
peak12,>= initial,capped_optimized,30,JON_A_0,1004.0,1005.0,2,480.0
peak12,>= initial,capped_optimized,30,JON_A_0,1005.0,1013.0,1,240.0
peak12,>= initial,capped_optimized,30,JON_A_0,1024.0,1027.89899935,1,240.0
peak12,>= initial,capped_optimized,30,JON_A_0,1034.0,1044.0,1,240.0
peak12,>= initial,capped_optimized,30,JON_A_0,1044.0,1045.0,2,480.0
peak12,>= initial,capped_optimized,30,JON_A_0,1045.0,1053.0,1,240.0
peak12,>= initial,capped_optimized,30,JON_A_0,1064.0,1073.0,1,240.0
peak12,>= initial,capped_optimized,30,JON_A_0,1084.0,1093.0,1,240.0
peak12,>= initial,capped_optimized,30,JON_A_0,1102.0,1114.0,1,240.0
peak12,>= initial,capped_optimized,30,PARX_1,475.0,500.583749465,1,240.0
peak12,>= initial,capped_optimized,30,PARX_1,501.0,527.3067499750001,1,240.0
peak12,>= initial,capped_optimized,30,PARX_1,556.0,579.5422490999999,1,240.0
peak12,>= initial,capped_optimized,30,PARX_1,857.0,874.7174990824999,1,240.0
peak12,>= initial,capped_optimized,30,PARX_1,1440.0,1457.0,8,1920.0
peak12,>= initial,capped_optimized,30,PARX_1,1457.0,1459.0,9,2160.0
peak12,>= initial,capped_optimized,30,PARX_1,1459.0,1492.62274985,10,2400.0
peak12,>= initial,capped_optimized,30,PARX_1,1492.62274985,1500.0,9,2160.0
peak12,>= initial,capped_optimized,30,PARX_1,1500.0,1517.0,20,4800.0
peak12,>= initial,capped_optimized,30,PARX_1,1517.0,1519.0,19,4560.0
peak12,>= initial,capped_optimized,30,PARX_1,1519.0,1530.0,18,4320.0
peak12,>= initial,capped_optimized,30,PARX_1,1530.0,1540.0,19,4560.0
peak12,>= initial,capped_optimized,30,PARX_1,1540.0,1560.0,20,4800.0
two_peak_se3_synthetic,>= reserve,uncapped_arrival,39,2190L_0,321.0,326.0,1,240.0
two_peak_se3_synthetic,>= reserve,uncapped_arrival,39,2190L_0,341.0,353.575,1,240.0
two_peak_se3_synthetic,>= reserve,uncapped_arrival,39,2190L_0,361.0,368.0,1,240.0
two_peak_se3_synthetic,>= reserve,uncapped_arrival,39,2190L_0,376.0,387.0,1,240.0
two_peak_se3_synthetic,>= reserve,uncapped_arrival,39,2190L_0,387.0,398.0,2,480.0
two_peak_se3_synthetic,>= reserve,uncapped_arrival,39,2190L_0,398.0,398.057499875,2,480.0
two_peak_se3_synthetic,>= reserve,uncapped_arrival,39,2190L_0,398.057499875,408.0,1,240.0
two_peak_se3_synthetic,>= reserve,uncapped_arrival,39,2190L_0,408.0,418.0,2,480.0
two_peak_se3_synthetic,>= reserve,uncapped_arrival,39,2190L_0,418.0,419.0,1,240.0
two_peak_se3_synthetic,>= reserve,uncapped_arrival,39,2190L_0,419.0,419.057499875,2,480.0
two_peak_se3_synthetic,>= reserve,uncapped_arrival,39,2190L_0,419.057499875,429.0,1,240.0
two_peak_se3_synthetic,>= reserve,uncapped_arrival,39,2190L_0,430.0,440.0,1,240.0
two_peak_se3_synthetic,>= reserve,uncapped_arrival,39,2190L_0,440.0,451.0,1,240.0
two_peak_se3_synthetic,>= reserve,uncapped_arrival,39,2190L_0,451.0,459.0,2,480.0
two_peak_se3_synthetic,>= reserve,uncapped_arrival,39,2190L_0,459.0,460.0,1,240.0
two_peak_se3_synthetic,>= reserve,uncapped_arrival,39,2190L_0,460.0,461.632499875,2,480.0
two_peak_se3_synthetic,>= reserve,uncapped_arrival,39,2190L_0,461.632499875,465.172499625,1,240.0
two_peak_se3_synthetic,>= reserve,uncapped_arrival,39,2190L_0,469.0,480.0,1,240.0
two_peak_se3_synthetic,>= reserve,uncapped_arrival,39,2190L_0,481.0,493.834999,1,240.0
two_peak_se3_synthetic,>= reserve,uncapped_arrival,39,2190L_0,501.0,517.34499925,1,240.0
two_peak_se3_synthetic,>= reserve,uncapped_arrival,39,2190L_0,543.0,547.352499125,1,240.0
two_peak_se3_synthetic,>= reserve,uncapped_arrival,39,2190L_0,554.0,557.727499125,1,240.0
two_peak_se3_synthetic,>= reserve,uncapped_arrival,39,2190L_0,564.0,570.0,1,240.0
two_peak_se3_synthetic,>= reserve,uncapped_arrival,39,2190L_0,573.0,573.34499925,1,240.0
two_peak_se3_synthetic,>= reserve,uncapped_arrival,39,2190L_0,582.0,586.352499125,1,240.0
two_peak_se3_synthetic,>= reserve,uncapped_arrival,39,2190L_0,611.0,620.0,1,240.0
two_peak_se3_synthetic,>= reserve,uncapped_arrival,39,2190L_0,621.0,630.0,1,240.0
two_peak_se3_synthetic,>= reserve,uncapped_arrival,39,2190L_0,639.0,649.0,1,240.0
two_peak_se3_synthetic,>= reserve,uncapped_arrival,39,2190L_0,649.0,669.0,1,240.0
two_peak_se3_synthetic,>= reserve,uncapped_arrival,39,2190L_0,669.0,679.0,2,480.0
two_peak_se3_synthetic,>= reserve,uncapped_arrival,39,2190L_0,679.0,689.0,2,480.0
two_peak_se3_synthetic,>= reserve,uncapped_arrival,39,2190L_0,689.0,698.11499975,2,480.0
two_peak_se3_synthetic,>= reserve,uncapped_arrival,39,2190L_0,698.11499975,699.0,1,240.0
two_peak_se3_synthetic,>= reserve,uncapped_arrival,39,2190L_0,709.0,719.0,1,240.0
two_peak_se3_synthetic,>= reserve,uncapped_arrival,39,2190L_0,719.0,729.0,2,480.0
two_peak_se3_synthetic,>= reserve,uncapped_arrival,39,2190L_0,729.0,739.0,2,480.0
two_peak_se3_synthetic,>= reserve,uncapped_arrival,39,2190L_0,739.0,749.0,2,480.0
two_peak_se3_synthetic,>= reserve,uncapped_arrival,39,2190L_0,749.0,759.0,2,480.0
two_peak_se3_synthetic,>= reserve,uncapped_arrival,39,2190L_0,759.0,769.0,2,480.0
two_peak_se3_synthetic,>= reserve,uncapped_arrival,39,2190L_0,769.0,779.0,2,480.0
two_peak_se3_synthetic,>= reserve,uncapped_arrival,39,2190L_0,779.0,781.0,3,720.0
two_peak_se3_synthetic,>= reserve,uncapped_arrival,39,2190L_0,781.0,789.0,2,480.0
two_peak_se3_synthetic,>= reserve,uncapped_arrival,39,2190L_0,789.0,791.0,3,720.0
two_peak_se3_synthetic,>= reserve,uncapped_arrival,39,2190L_0,791.0,800.0,2,480.0
two_peak_se3_synthetic,>= reserve,uncapped_arrival,39,2190L_0,800.0,810.0,2,480.0
two_peak_se3_synthetic,>= reserve,uncapped_arrival,39,2190L_0,810.0,820.0,2,480.0
two_peak_se3_synthetic,>= reserve,uncapped_arrival,39,2190L_0,820.0,830.0,2,480.0
two_peak_se3_synthetic,>= reserve,uncapped_arrival,39,2190L_0,830.0,838.11499975,2,480.0
two_peak_se3_synthetic,>= reserve,uncapped_arrival,39,2190L_0,838.11499975,840.0,1,240.0
two_peak_se3_synthetic,>= reserve,uncapped_arrival,39,2190L_0,840.0,850.0,2,480.0
two_peak_se3_synthetic,>= reserve,uncapped_arrival,39,2190L_0,850.0,859.0,2,480.0
two_peak_se3_synthetic,>= reserve,uncapped_arrival,39,2190L_0,859.0,860.0,1,240.0
two_peak_se3_synthetic,>= reserve,uncapped_arrival,39,2190L_0,860.0,868.0,2,480.0
two_peak_se3_synthetic,>= reserve,uncapped_arrival,39,2190L_0,868.0,870.0,1,240.0
two_peak_se3_synthetic,>= reserve,uncapped_arrival,39,2190L_0,870.0,878.0,2,480.0
two_peak_se3_synthetic,>= reserve,uncapped_arrival,39,2190L_0,878.0,880.0,1,240.0
two_peak_se3_synthetic,>= reserve,uncapped_arrival,39,2190L_0,880.0,888.0,2,480.0
two_peak_se3_synthetic,>= reserve,uncapped_arrival,39,2190L_0,888.0,890.0,1,240.0
two_peak_se3_synthetic,>= reserve,uncapped_arrival,39,2190L_0,890.0,899.0,2,480.0
two_peak_se3_synthetic,>= reserve,uncapped_arrival,39,2190L_0,899.0,902.0,1,240.0
two_peak_se3_synthetic,>= reserve,uncapped_arrival,39,2190L_0,902.0,909.0,2,480.0
two_peak_se3_synthetic,>= reserve,uncapped_arrival,39,2190L_0,909.0,912.0,1,240.0
two_peak_se3_synthetic,>= reserve,uncapped_arrival,39,2190L_0,912.0,914.057499875,2,480.0
two_peak_se3_synthetic,>= reserve,uncapped_arrival,39,2190L_0,914.057499875,922.0,1,240.0
two_peak_se3_synthetic,>= reserve,uncapped_arrival,39,2190L_0,922.0,929.0,2,480.0
two_peak_se3_synthetic,>= reserve,uncapped_arrival,39,2190L_0,929.0,932.0,1,240.0
two_peak_se3_synthetic,>= reserve,uncapped_arrival,39,2190L_0,932.0,938.0,2,480.0
two_peak_se3_synthetic,>= reserve,uncapped_arrival,39,2190L_0,938.0,943.0,1,240.0
two_peak_se3_synthetic,>= reserve,uncapped_arrival,39,2190L_0,943.0,948.0,2,480.0
two_peak_se3_synthetic,>= reserve,uncapped_arrival,39,2190L_0,948.0,953.0,1,240.0
two_peak_se3_synthetic,>= reserve,uncapped_arrival,39,2190L_0,953.0,958.0,2,480.0
two_peak_se3_synthetic,>= reserve,uncapped_arrival,39,2190L_0,958.0,960.352499125,1,240.0
two_peak_se3_synthetic,>= reserve,uncapped_arrival,39,2190L_0,974.0,984.662499375,1,240.0
two_peak_se3_synthetic,>= reserve,uncapped_arrival,39,2190L_0,986.0,996.0,1,240.0
two_peak_se3_synthetic,>= reserve,uncapped_arrival,39,2190L_0,996.0,999.0,2,480.0
two_peak_se3_synthetic,>= reserve,uncapped_arrival,39,2190L_0,999.0,1009.0,1,240.0
two_peak_se3_synthetic,>= reserve,uncapped_arrival,39,2190L_0,1016.0,1024.34499925,1,240.0
two_peak_se3_synthetic,>= reserve,uncapped_arrival,39,2190L_0,1066.0,1075.0,1,240.0
two_peak_se3_synthetic,>= reserve,uncapped_arrival,39,2190L_0,1075.0,1080.0,2,480.0
two_peak_se3_synthetic,>= reserve,uncapped_arrival,39,2190L_0,1084.0,1086.91999925,1,240.0
two_peak_se3_synthetic,>= reserve,uncapped_arrival,39,2190L_0,1206.0,1216.432499875,1,240.0
two_peak_se3_synthetic,>= reserve,uncapped_arrival,39,2190L_0,1279.0,1289.432499875,1,240.0
two_peak_se3_synthetic,>= reserve,uncapped_arrival,39,2190L_0,1294.0,1301.0,1,240.0
two_peak_se3_synthetic,>= reserve,uncapped_arrival,39,2190L_0,1309.0,1322.48999975,1,240.0
two_peak_se3_synthetic,>= reserve,uncapped_arrival,39,2190L_0,1324.0,1330.0,1,240.0
two_peak_se3_synthetic,>= reserve,uncapped_arrival,39,2190L_0,1348.0,1368.0,1,240.0
two_peak_se3_synthetic,>= reserve,uncapped_arrival,39,2190L_0,1368.0,1369.43999975,2,480.0
two_peak_se3_synthetic,>= reserve,uncapped_arrival,39,2190L_0,1369.43999975,1378.432499875,1,240.0
two_peak_se3_synthetic,>= reserve,uncapped_arrival,39,2190L_0,1387.0,1394.0,1,240.0
two_peak_se3_synthetic,>= reserve,uncapped_arrival,39,2190L_0,1407.0,1414.0,1,240.0
two_peak_se3_synthetic,>= reserve,uncapped_arrival,39,2190L_0,1427.0,1437.432499875,1,240.0
two_peak_se3_synthetic,>= reserve,uncapped_arrival,39,2190L_0,1446.0,1453.0,1,240.0
two_peak_se3_synthetic,>= reserve,uncapped_arrival,39,2190L_0,1466.0,1472.0,1,240.0
two_peak_se3_synthetic,>= reserve,uncapped_arrival,39,2190L_0,1496.0,1503.0,1,240.0
two_peak_se3_synthetic,>= reserve,uncapped_arrival,39,2190L_0,1526.0,1533.0,1,240.0
two_peak_se3_synthetic,>= reserve,uncapped_arrival,39,3127L_0,326.0,334.0,1,240.0
two_peak_se3_synthetic,>= reserve,uncapped_arrival,39,3127L_0,345.0,353.0,1,240.0
two_peak_se3_synthetic,>= reserve,uncapped_arrival,39,3127L_0,356.0,369.476250075,1,240.0
two_peak_se3_synthetic,>= reserve,uncapped_arrival,39,3127L_0,375.0,377.0,1,240.0
two_peak_se3_synthetic,>= reserve,uncapped_arrival,39,3127L_0,387.0,393.0,1,240.0
two_peak_se3_synthetic,>= reserve,uncapped_arrival,39,3127L_0,401.0,410.0,1,240.0
two_peak_se3_synthetic,>= reserve,uncapped_arrival,39,3127L_0,410.0,417.0,2,480.0
two_peak_se3_synthetic,>= reserve,uncapped_arrival,39,3127L_0,417.0,421.0,1,240.0
two_peak_se3_synthetic,>= reserve,uncapped_arrival,39,3127L_0,421.0,423.461250025,2,480.0
two_peak_se3_synthetic,>= reserve,uncapped_arrival,39,3127L_0,423.461250025,427.0,1,240.0
two_peak_se3_synthetic,>= reserve,uncapped_arrival,39,3127L_0,429.0,437.0,1,240.0
two_peak_se3_synthetic,>= reserve,uncapped_arrival,39,3127L_0,439.0,442.0,1,240.0
two_peak_se3_synthetic,>= reserve,uncapped_arrival,39,3127L_0,443.0,449.0,1,240.0
two_peak_se3_synthetic,>= reserve,uncapped_arrival,39,3127L_0,449.0,450.0,2,480.0
two_peak_se3_synthetic,>= reserve,uncapped_arrival,39,3127L_0,450.0,457.0,1,240.0
two_peak_se3_synthetic,>= reserve,uncapped_arrival,39,3127L_0,464.0,466.0,1,240.0
two_peak_se3_synthetic,>= reserve,uncapped_arrival,39,3127L_0,484.0,488.13449954000004,1,240.0
two_peak_se3_synthetic,>= reserve,uncapped_arrival,39,3127L_0,491.0,493.0,1,240.0
two_peak_se3_synthetic,>= reserve,uncapped_arrival,39,3127L_0,494.0,497.0,1,240.0
two_peak_se3_synthetic,>= reserve,uncapped_arrival,39,3127L_0,500.0,503.543749865,1,240.0
two_peak_se3_synthetic,>= reserve,uncapped_arrival,39,3127L_0,504.0,508.4799995,1,240.0
two_peak_se3_synthetic,>= reserve,uncapped_arrival,39,3127L_0,520.0,528.6995001325,1,240.0
two_peak_se3_synthetic,>= reserve,uncapped_arrival,39,3127L_0,529.0,532.0,1,240.0
two_peak_se3_synthetic,>= reserve,uncapped_arrival,39,3127L_0,539.0,546.0,1,240.0
two_peak_se3_synthetic,>= reserve,uncapped_arrival,39,3127L_0,546.0,556.9234996,2,480.0
two_peak_se3_synthetic,>= reserve,uncapped_arrival,39,3127L_0,556.9234996,563.0,1,240.0
two_peak_se3_synthetic,>= reserve,uncapped_arrival,39,3127L_0,563.0,565.469997615,2,480.0
two_peak_se3_synthetic,>= reserve,uncapped_arrival,39,3127L_0,565.469997615,566.20574924,1,240.0
two_peak_se3_synthetic,>= reserve,uncapped_arrival,39,3127L_0,593.0,601.313249825,1,240.0
two_peak_se3_synthetic,>= reserve,uncapped_arrival,39,3127L_0,623.0,628.0,1,240.0
two_peak_se3_synthetic,>= reserve,uncapped_arrival,39,3127L_0,628.0,633.0,2,480.0
two_peak_se3_synthetic,>= reserve,uncapped_arrival,39,3127L_0,633.0,638.411248365,1,240.0
two_peak_se3_synthetic,>= reserve,uncapped_arrival,39,3127L_0,648.0,652.0,1,240.0
two_peak_se3_synthetic,>= reserve,uncapped_arrival,39,3127L_0,653.0,678.0,1,240.0
two_peak_se3_synthetic,>= reserve,uncapped_arrival,39,3127L_0,682.0,683.0,1,240.0
two_peak_se3_synthetic,>= reserve,uncapped_arrival,39,3127L_0,683.0,686.7264996575,2,480.0
two_peak_se3_synthetic,>= reserve,uncapped_arrival,39,3127L_0,686.7264996575,688.0,1,240.0
two_peak_se3_synthetic,>= reserve,uncapped_arrival,39,3127L_0,688.0,692.0,2,480.0
two_peak_se3_synthetic,>= reserve,uncapped_arrival,39,3127L_0,692.0,694.52774915,1,240.0
two_peak_se3_synthetic,>= reserve,uncapped_arrival,39,3127L_0,708.0,712.0,1,240.0
two_peak_se3_synthetic,>= reserve,uncapped_arrival,39,3127L_0,712.0,728.0,1,240.0
two_peak_se3_synthetic,>= reserve,uncapped_arrival,39,3127L_0,728.0,729.21449911,2,480.0
two_peak_se3_synthetic,>= reserve,uncapped_arrival,39,3127L_0,729.21449911,737.0,1,240.0
two_peak_se3_synthetic,>= reserve,uncapped_arrival,39,3127L_0,742.0,757.0,1,240.0
two_peak_se3_synthetic,>= reserve,uncapped_arrival,39,3127L_0,768.0,772.0,1,240.0
two_peak_se3_synthetic,>= reserve,uncapped_arrival,39,3127L_0,772.0,777.0,2,480.0
two_peak_se3_synthetic,>= reserve,uncapped_arrival,39,3127L_0,777.0,788.0,1,240.0
two_peak_se3_synthetic,>= reserve,uncapped_arrival,39,3127L_0,788.0,792.0,2,480.0
two_peak_se3_synthetic,>= reserve,uncapped_arrival,39,3127L_0,792.0,797.0,1,240.0
two_peak_se3_synthetic,>= reserve,uncapped_arrival,39,3127L_0,802.0,808.0,1,240.0
two_peak_se3_synthetic,>= reserve,uncapped_arrival,39,3127L_0,808.0,810.0,2,480.0
two_peak_se3_synthetic,>= reserve,uncapped_arrival,39,3127L_0,810.0,816.0,1,240.0
two_peak_se3_synthetic,>= reserve,uncapped_arrival,39,3127L_0,822.0,828.0,1,240.0
two_peak_se3_synthetic,>= reserve,uncapped_arrival,39,3127L_0,828.0,830.0,2,480.0
two_peak_se3_synthetic,>= reserve,uncapped_arrival,39,3127L_0,830.0,836.0,1,240.0
two_peak_se3_synthetic,>= reserve,uncapped_arrival,39,3127L_0,842.0,848.0,1,240.0
two_peak_se3_synthetic,>= reserve,uncapped_arrival,39,3127L_0,848.0,850.0,2,480.0
two_peak_se3_synthetic,>= reserve,uncapped_arrival,39,3127L_0,850.0,856.0,1,240.0
two_peak_se3_synthetic,>= reserve,uncapped_arrival,39,3127L_0,862.0,868.0,1,240.0
two_peak_se3_synthetic,>= reserve,uncapped_arrival,39,3127L_0,868.0,870.0,2,480.0
two_peak_se3_synthetic,>= reserve,uncapped_arrival,39,3127L_0,870.0,876.0,1,240.0
two_peak_se3_synthetic,>= reserve,uncapped_arrival,39,3127L_0,882.0,888.0,1,240.0
two_peak_se3_synthetic,>= reserve,uncapped_arrival,39,3127L_0,888.0,890.0,2,480.0
two_peak_se3_synthetic,>= reserve,uncapped_arrival,39,3127L_0,890.0,895.0,1,240.0
two_peak_se3_synthetic,>= reserve,uncapped_arrival,39,3127L_0,902.0,905.0,1,240.0
two_peak_se3_synthetic,>= reserve,uncapped_arrival,39,3127L_0,908.0,914.0,1,240.0
two_peak_se3_synthetic,>= reserve,uncapped_arrival,39,3127L_0,914.0,915.0,2,480.0
two_peak_se3_synthetic,>= reserve,uncapped_arrival,39,3127L_0,915.0,919.0,1,240.0
two_peak_se3_synthetic,>= reserve,uncapped_arrival,39,3127L_0,922.0,924.0,1,240.0
two_peak_se3_synthetic,>= reserve,uncapped_arrival,39,3127L_0,924.0,925.0,2,480.0
two_peak_se3_synthetic,>= reserve,uncapped_arrival,39,3127L_0,925.0,928.0,1,240.0
two_peak_se3_synthetic,>= reserve,uncapped_arrival,39,3127L_0,928.0,929.0,2,480.0
two_peak_se3_synthetic,>= reserve,uncapped_arrival,39,3127L_0,929.0,935.9459991,1,240.0
two_peak_se3_synthetic,>= reserve,uncapped_arrival,39,3127L_0,943.0,944.0,1,240.0
two_peak_se3_synthetic,>= reserve,uncapped_arrival,39,3127L_0,944.0,945.0,2,480.0
two_peak_se3_synthetic,>= reserve,uncapped_arrival,39,3127L_0,945.0,948.0,1,240.0
two_peak_se3_synthetic,>= reserve,uncapped_arrival,39,3127L_0,948.0,949.0,2,480.0
two_peak_se3_synthetic,>= reserve,uncapped_arrival,39,3127L_0,949.0,954.0,1,240.0
two_peak_se3_synthetic,>= reserve,uncapped_arrival,39,3127L_0,954.0,955.0,2,480.0
two_peak_se3_synthetic,>= reserve,uncapped_arrival,39,3127L_0,955.0,958.0,1,240.0
two_peak_se3_synthetic,>= reserve,uncapped_arrival,39,3127L_0,964.0,969.0,1,240.0
two_peak_se3_synthetic,>= reserve,uncapped_arrival,39,3127L_0,969.0,977.20174984,2,480.0
two_peak_se3_synthetic,>= reserve,uncapped_arrival,39,3127L_0,977.20174984,978.0,1,240.0
two_peak_se3_synthetic,>= reserve,uncapped_arrival,39,3127L_0,982.0,983.1649998749999,1,240.0
two_peak_se3_synthetic,>= reserve,uncapped_arrival,39,3127L_0,989.0,998.0,1,240.0
two_peak_se3_synthetic,>= reserve,uncapped_arrival,39,3127L_0,1009.0,1020.0,1,240.0
two_peak_se3_synthetic,>= reserve,uncapped_arrival,39,3127L_0,1023.0,1024.0,1,240.0
two_peak_se3_synthetic,>= reserve,uncapped_arrival,39,3127L_0,1024.0,1025.0,2,480.0
two_peak_se3_synthetic,>= reserve,uncapped_arrival,39,3127L_0,1025.0,1035.0,1,240.0
two_peak_se3_synthetic,>= reserve,uncapped_arrival,39,3127L_0,1042.0,1048.0,1,240.0
two_peak_se3_synthetic,>= reserve,uncapped_arrival,39,3127L_0,1048.0,1050.0,2,480.0
two_peak_se3_synthetic,>= reserve,uncapped_arrival,39,3127L_0,1050.0,1052.550749775,1,240.0
two_peak_se3_synthetic,>= reserve,uncapped_arrival,39,3127L_0,1061.0,1075.128249005,1,240.0
two_peak_se3_synthetic,>= reserve,uncapped_arrival,39,3127L_0,1186.0,1189.207499475,1,240.0
two_peak_se3_synthetic,>= reserve,uncapped_arrival,39,3127L_0,1216.0,1222.9842489,1,240.0
two_peak_se3_synthetic,>= reserve,uncapped_arrival,39,3127L_0,1246.0,1248.86224985,1,240.0
two_peak_se3_synthetic,>= reserve,uncapped_arrival,39,3127L_0,1275.0,1285.0,1,240.0
two_peak_se3_synthetic,>= reserve,uncapped_arrival,39,3127L_0,1285.0,1293.0,2,480.0
two_peak_se3_synthetic,>= reserve,uncapped_arrival,39,3127L_0,1293.0,1299.185249525,1,240.0
two_peak_se3_synthetic,>= reserve,uncapped_arrival,39,3127L_0,1304.0,1315.0,1,240.0
two_peak_se3_synthetic,>= reserve,uncapped_arrival,39,3127L_0,1315.0,1323.0,2,480.0
two_peak_se3_synthetic,>= reserve,uncapped_arrival,39,3127L_0,1323.0,1325.5532501,1,240.0
two_peak_se3_synthetic,>= reserve,uncapped_arrival,39,3127L_0,1334.0,1345.0,1,240.0
two_peak_se3_synthetic,>= reserve,uncapped_arrival,39,3127L_0,1345.0,1351.281749725,2,480.0
two_peak_se3_synthetic,>= reserve,uncapped_arrival,39,3127L_0,1351.281749725,1354.0,1,240.0
two_peak_se3_synthetic,>= reserve,uncapped_arrival,39,3127L_0,1363.0,1373.917249675,1,240.0
two_peak_se3_synthetic,>= reserve,uncapped_arrival,39,3127L_0,1375.0,1384.0,1,240.0
two_peak_se3_synthetic,>= reserve,uncapped_arrival,39,3127L_0,1393.0,1398.2,1,240.0
two_peak_se3_synthetic,>= reserve,uncapped_arrival,39,3127L_0,1405.0,1414.0,1,240.0
two_peak_se3_synthetic,>= reserve,uncapped_arrival,39,3127L_0,1423.0,1425.0,1,240.0
two_peak_se3_synthetic,>= reserve,uncapped_arrival,39,3127L_0,1435.0,1444.0,1,240.0
two_peak_se3_synthetic,>= reserve,uncapped_arrival,39,3127L_0,1451.0,1461.377249725,1,240.0
two_peak_se3_synthetic,>= reserve,uncapped_arrival,39,3127L_0,1464.0,1474.0,1,240.0
two_peak_se3_synthetic,>= reserve,uncapped_arrival,39,3127L_0,1481.0,1493.0,1,240.0
two_peak_se3_synthetic,>= reserve,uncapped_arrival,39,3127L_0,1493.0,1493.27924975,2,480.0
two_peak_se3_synthetic,>= reserve,uncapped_arrival,39,3127L_0,1493.27924975,1500.53524995,1,240.0
two_peak_se3_synthetic,>= reserve,uncapped_arrival,39,3127L_0,1523.0,1526.0,1,240.0
two_peak_se3_synthetic,>= reserve,uncapped_arrival,39,3127L_0,1526.0,1528.2,2,480.0
two_peak_se3_synthetic,>= reserve,uncapped_arrival,39,3127L_0,1528.2,1531.2,1,240.0
two_peak_se3_synthetic,>= reserve,uncapped_arrival,39,4808_0,319.0,325.0,1,240.0
two_peak_se3_synthetic,>= reserve,uncapped_arrival,39,4808_0,339.0,346.0,1,240.0
two_peak_se3_synthetic,>= reserve,uncapped_arrival,39,4808_0,359.0,366.0,1,240.0
two_peak_se3_synthetic,>= reserve,uncapped_arrival,39,4808_0,379.0,386.0,1,240.0
two_peak_se3_synthetic,>= reserve,uncapped_arrival,39,4808_0,397.0,402.0,1,240.0
two_peak_se3_synthetic,>= reserve,uncapped_arrival,39,4808_0,413.0,421.0,1,240.0
two_peak_se3_synthetic,>= reserve,uncapped_arrival,39,4808_0,423.0,431.0,1,240.0
two_peak_se3_synthetic,>= reserve,uncapped_arrival,39,4808_0,434.0,441.0,1,240.0
two_peak_se3_synthetic,>= reserve,uncapped_arrival,39,4808_0,476.0,483.0,1,240.0
two_peak_se3_synthetic,>= reserve,uncapped_arrival,39,4808_0,488.0,495.0,1,240.0
two_peak_se3_synthetic,>= reserve,uncapped_arrival,39,4808_0,499.0,506.0,1,240.0
two_peak_se3_synthetic,>= reserve,uncapped_arrival,39,4808_0,509.0,516.0,1,240.0
two_peak_se3_synthetic,>= reserve,uncapped_arrival,39,4808_0,519.0,526.0,1,240.0
two_peak_se3_synthetic,>= reserve,uncapped_arrival,39,4808_0,607.0,614.0,1,240.0
two_peak_se3_synthetic,>= reserve,uncapped_arrival,39,4808_0,617.0,624.0,1,240.0
two_peak_se3_synthetic,>= reserve,uncapped_arrival,39,4808_0,627.0,634.0,1,240.0
two_peak_se3_synthetic,>= reserve,uncapped_arrival,39,4808_0,647.0,654.0,1,240.0
two_peak_se3_synthetic,>= reserve,uncapped_arrival,39,4808_0,667.0,674.0,1,240.0
two_peak_se3_synthetic,>= reserve,uncapped_arrival,39,4808_0,677.0,684.0,1,240.0
two_peak_se3_synthetic,>= reserve,uncapped_arrival,39,4808_0,687.0,694.0,1,240.0
two_peak_se3_synthetic,>= reserve,uncapped_arrival,39,4808_0,697.0,699.68999975,1,240.0
two_peak_se3_synthetic,>= reserve,uncapped_arrival,39,4808_0,707.0,714.0,1,240.0
two_peak_se3_synthetic,>= reserve,uncapped_arrival,39,4808_0,717.0,724.0,1,240.0
two_peak_se3_synthetic,>= reserve,uncapped_arrival,39,4808_0,727.0,731.747499625,1,240.0
two_peak_se3_synthetic,>= reserve,uncapped_arrival,39,4808_0,737.0,744.0,1,240.0
two_peak_se3_synthetic,>= reserve,uncapped_arrival,39,4808_0,747.0,754.0,1,240.0
two_peak_se3_synthetic,>= reserve,uncapped_arrival,39,4808_0,757.0,764.0,1,240.0
two_peak_se3_synthetic,>= reserve,uncapped_arrival,39,4808_0,767.0,771.287499375,1,240.0
two_peak_se3_synthetic,>= reserve,uncapped_arrival,39,4808_0,777.0,784.0,1,240.0
two_peak_se3_synthetic,>= reserve,uncapped_arrival,39,4808_0,787.0,794.0,1,240.0
two_peak_se3_synthetic,>= reserve,uncapped_arrival,39,4808_0,797.0,804.0,1,240.0
two_peak_se3_synthetic,>= reserve,uncapped_arrival,39,4808_0,807.0,814.0,1,240.0
two_peak_se3_synthetic,>= reserve,uncapped_arrival,39,4808_0,817.0,824.0,1,240.0
two_peak_se3_synthetic,>= reserve,uncapped_arrival,39,4808_0,827.0,834.0,1,240.0
two_peak_se3_synthetic,>= reserve,uncapped_arrival,39,4808_0,839.0,846.0,1,240.0
two_peak_se3_synthetic,>= reserve,uncapped_arrival,39,4808_0,849.0,856.0,1,240.0
two_peak_se3_synthetic,>= reserve,uncapped_arrival,39,4808_0,859.0,866.0,1,240.0
two_peak_se3_synthetic,>= reserve,uncapped_arrival,39,4808_0,869.0,876.0,1,240.0
two_peak_se3_synthetic,>= reserve,uncapped_arrival,39,4808_0,879.0,886.0,1,240.0
two_peak_se3_synthetic,>= reserve,uncapped_arrival,39,4808_0,889.0,896.0,1,240.0
two_peak_se3_synthetic,>= reserve,uncapped_arrival,39,4808_0,909.0,916.0,1,240.0
two_peak_se3_synthetic,>= reserve,uncapped_arrival,39,4808_0,920.0,927.0,1,240.0
two_peak_se3_synthetic,>= reserve,uncapped_arrival,39,4808_0,930.0,937.0,1,240.0
two_peak_se3_synthetic,>= reserve,uncapped_arrival,39,4808_0,950.0,957.0,1,240.0
two_peak_se3_synthetic,>= reserve,uncapped_arrival,39,4808_0,961.0,968.0,1,240.0
two_peak_se3_synthetic,>= reserve,uncapped_arrival,39,4808_0,971.0,978.0,1,240.0
two_peak_se3_synthetic,>= reserve,uncapped_arrival,39,4808_0,982.0,985.172499625,1,240.0
two_peak_se3_synthetic,>= reserve,uncapped_arrival,39,4808_0,992.0,993.5549995,1,240.0
two_peak_se3_synthetic,>= reserve,uncapped_arrival,39,4808_0,1001.0,1008.0,1,240.0
two_peak_se3_synthetic,>= reserve,uncapped_arrival,39,4808_0,1011.0,1018.0,1,240.0
two_peak_se3_synthetic,>= reserve,uncapped_arrival,39,4808_0,1021.0,1028.0,1,240.0
two_peak_se3_synthetic,>= reserve,uncapped_arrival,39,4808_0,1060.0,1067.0,1,240.0
two_peak_se3_synthetic,>= reserve,uncapped_arrival,39,4808_0,1070.0,1077.0,1,240.0
two_peak_se3_synthetic,>= reserve,uncapped_arrival,39,4808_0,1260.0,1272.0,1,240.0
two_peak_se3_synthetic,>= reserve,uncapped_arrival,39,4808_0,1275.0,1276.95,1,240.0
two_peak_se3_synthetic,>= reserve,uncapped_arrival,39,4808_0,1305.0,1315.625,1,240.0
two_peak_se3_synthetic,>= reserve,uncapped_arrival,39,4808_0,1325.0,1335.625,1,240.0
two_peak_se3_synthetic,>= reserve,uncapped_arrival,39,4808_0,1345.0,1355.625,1,240.0
two_peak_se3_synthetic,>= reserve,uncapped_arrival,39,4808_0,1365.0,1375.625,1,240.0
two_peak_se3_synthetic,>= reserve,uncapped_arrival,39,4808_0,1385.0,1395.625,1,240.0
two_peak_se3_synthetic,>= reserve,uncapped_arrival,39,4808_0,1404.0,1416.0,1,240.0
two_peak_se3_synthetic,>= reserve,uncapped_arrival,39,4808_0,1423.0,1424.95,1,240.0
two_peak_se3_synthetic,>= reserve,uncapped_arrival,39,4808_0,1441.0,1446.0,1,240.0
two_peak_se3_synthetic,>= reserve,uncapped_arrival,39,4808_0,1463.0,1473.625,1,240.0
two_peak_se3_synthetic,>= reserve,uncapped_arrival,39,4808_0,1493.0,1494.95,1,240.0
two_peak_se3_synthetic,>= reserve,uncapped_arrival,39,4808_0,1523.0,1524.95,1,240.0
two_peak_se3_synthetic,>= reserve,uncapped_arrival,39,7880C_0,352.0,356.99174995,1,240.0
two_peak_se3_synthetic,>= reserve,uncapped_arrival,39,7880C_0,383.0,394.0,1,240.0
two_peak_se3_synthetic,>= reserve,uncapped_arrival,39,7880C_0,413.0,424.0,1,240.0
two_peak_se3_synthetic,>= reserve,uncapped_arrival,39,7880C_0,428.0,434.0,1,240.0
two_peak_se3_synthetic,>= reserve,uncapped_arrival,39,7880C_0,444.0,451.83324933,1,240.0
two_peak_se3_synthetic,>= reserve,uncapped_arrival,39,7880C_0,472.0,474.0,1,240.0
two_peak_se3_synthetic,>= reserve,uncapped_arrival,39,7880C_0,474.0,478.067499915,2,480.0
two_peak_se3_synthetic,>= reserve,uncapped_arrival,39,7880C_0,478.067499915,480.0,1,240.0
two_peak_se3_synthetic,>= reserve,uncapped_arrival,39,7880C_0,502.0,510.0,1,240.0
two_peak_se3_synthetic,>= reserve,uncapped_arrival,39,7880C_0,653.0,665.0,1,240.0
two_peak_se3_synthetic,>= reserve,uncapped_arrival,39,7880C_0,743.0,755.0,1,240.0
two_peak_se3_synthetic,>= reserve,uncapped_arrival,39,7880C_0,773.0,775.0,1,240.0
two_peak_se3_synthetic,>= reserve,uncapped_arrival,39,7880C_0,775.0,785.0,2,480.0
two_peak_se3_synthetic,>= reserve,uncapped_arrival,39,7880C_0,785.0,833.0,1,240.0
two_peak_se3_synthetic,>= reserve,uncapped_arrival,39,7880C_0,833.0,835.0,2,480.0
two_peak_se3_synthetic,>= reserve,uncapped_arrival,39,7880C_0,835.0,845.0,1,240.0
two_peak_se3_synthetic,>= reserve,uncapped_arrival,39,7880C_0,894.0,904.0,1,240.0
two_peak_se3_synthetic,>= reserve,uncapped_arrival,39,7880C_0,924.0,947.0,1,240.0
two_peak_se3_synthetic,>= reserve,uncapped_arrival,39,7880C_0,954.0,964.0,1,240.0
two_peak_se3_synthetic,>= reserve,uncapped_arrival,39,7880C_0,984.0,994.0,1,240.0
two_peak_se3_synthetic,>= reserve,uncapped_arrival,39,7880C_0,1014.0,1020.0,2,480.0
two_peak_se3_synthetic,>= reserve,uncapped_arrival,39,7880C_0,1074.0,1079.640748265,1,240.0
two_peak_se3_synthetic,>= reserve,uncapped_arrival,39,7880C_0,1282.0,1294.1217493,1,240.0
two_peak_se3_synthetic,>= reserve,uncapped_arrival,39,7880C_0,1342.0,1356.0,1,240.0
two_peak_se3_synthetic,>= reserve,uncapped_arrival,39,7880C_0,1372.0,1382.444999915,1,240.0
two_peak_se3_synthetic,>= reserve,uncapped_arrival,39,7880C_0,1402.0,1416.0,1,240.0
two_peak_se3_synthetic,>= reserve,uncapped_arrival,39,7880C_0,1432.0,1446.0,1,240.0
two_peak_se3_synthetic,>= reserve,uncapped_arrival,39,7880C_0,1454.0,1456.9,1,240.0
two_peak_se3_synthetic,>= reserve,uncapped_arrival,39,7880C_0,1462.0,1464.9,1,240.0
two_peak_se3_synthetic,>= reserve,uncapped_arrival,39,7880C_0,1469.0,1476.0,1,240.0
two_peak_se3_synthetic,>= reserve,uncapped_arrival,39,7880C_0,1519.0,1521.9,1,240.0
two_peak_se3_synthetic,>= reserve,uncapped_arrival,39,JON_A_0,344.0,345.0,1,240.0
two_peak_se3_synthetic,>= reserve,uncapped_arrival,39,JON_A_0,357.0,365.0,1,240.0
two_peak_se3_synthetic,>= reserve,uncapped_arrival,39,JON_A_0,374.0,382.0,1,240.0
two_peak_se3_synthetic,>= reserve,uncapped_arrival,39,JON_A_0,382.0,383.572250025,2,480.0
two_peak_se3_synthetic,>= reserve,uncapped_arrival,39,JON_A_0,383.572250025,385.0,1,240.0
two_peak_se3_synthetic,>= reserve,uncapped_arrival,39,JON_A_0,394.0,402.0,1,240.0
two_peak_se3_synthetic,>= reserve,uncapped_arrival,39,JON_A_0,402.0,405.0,2,480.0
two_peak_se3_synthetic,>= reserve,uncapped_arrival,39,JON_A_0,405.0,409.199249975,1,240.0
two_peak_se3_synthetic,>= reserve,uncapped_arrival,39,JON_A_0,414.0,420.0,1,240.0
two_peak_se3_synthetic,>= reserve,uncapped_arrival,39,JON_A_0,422.0,425.826998865,1,240.0
two_peak_se3_synthetic,>= reserve,uncapped_arrival,39,JON_A_0,434.0,439.0,1,240.0
two_peak_se3_synthetic,>= reserve,uncapped_arrival,39,JON_A_0,442.0,445.0,1,240.0
two_peak_se3_synthetic,>= reserve,uncapped_arrival,39,JON_A_0,448.0,453.0,1,240.0
two_peak_se3_synthetic,>= reserve,uncapped_arrival,39,JON_A_0,462.0,473.0,1,240.0
two_peak_se3_synthetic,>= reserve,uncapped_arrival,39,JON_A_0,474.0,480.0,1,240.0
two_peak_se3_synthetic,>= reserve,uncapped_arrival,39,JON_A_0,494.0,502.342249875,1,240.0
two_peak_se3_synthetic,>= reserve,uncapped_arrival,39,JON_A_0,514.0,528.90124985,1,240.0
two_peak_se3_synthetic,>= reserve,uncapped_arrival,39,JON_A_0,534.0,540.0,1,240.0
two_peak_se3_synthetic,>= reserve,uncapped_arrival,39,JON_A_0,574.0,585.0,1,240.0
two_peak_se3_synthetic,>= reserve,uncapped_arrival,39,JON_A_0,634.0,645.0,1,240.0
two_peak_se3_synthetic,>= reserve,uncapped_arrival,39,JON_A_0,646.0,654.0,1,240.0
two_peak_se3_synthetic,>= reserve,uncapped_arrival,39,JON_A_0,654.0,655.259498995,2,480.0
two_peak_se3_synthetic,>= reserve,uncapped_arrival,39,JON_A_0,655.259498995,662.0,1,240.0
two_peak_se3_synthetic,>= reserve,uncapped_arrival,39,JON_A_0,662.0,662.78824945,2,480.0
two_peak_se3_synthetic,>= reserve,uncapped_arrival,39,JON_A_0,662.78824945,674.0,1,240.0
two_peak_se3_synthetic,>= reserve,uncapped_arrival,39,JON_A_0,674.0,684.39549935,2,480.0
two_peak_se3_synthetic,>= reserve,uncapped_arrival,39,JON_A_0,684.39549935,685.0,1,240.0
two_peak_se3_synthetic,>= reserve,uncapped_arrival,39,JON_A_0,692.0,694.0,1,240.0
two_peak_se3_synthetic,>= reserve,uncapped_arrival,39,JON_A_0,694.0,705.0,1,240.0
two_peak_se3_synthetic,>= reserve,uncapped_arrival,39,JON_A_0,714.0,722.0,1,240.0
two_peak_se3_synthetic,>= reserve,uncapped_arrival,39,JON_A_0,722.0,724.0,2,480.0
two_peak_se3_synthetic,>= reserve,uncapped_arrival,39,JON_A_0,724.0,725.0,1,240.0
two_peak_se3_synthetic,>= reserve,uncapped_arrival,39,JON_A_0,734.0,745.0,1,240.0
two_peak_se3_synthetic,>= reserve,uncapped_arrival,39,JON_A_0,752.0,754.0,1,240.0
two_peak_se3_synthetic,>= reserve,uncapped_arrival,39,JON_A_0,754.0,765.0,1,240.0
two_peak_se3_synthetic,>= reserve,uncapped_arrival,39,JON_A_0,774.0,782.0,1,240.0
two_peak_se3_synthetic,>= reserve,uncapped_arrival,39,JON_A_0,782.0,785.0,2,480.0
two_peak_se3_synthetic,>= reserve,uncapped_arrival,39,JON_A_0,785.0,794.0,1,240.0
two_peak_se3_synthetic,>= reserve,uncapped_arrival,39,JON_A_0,794.0,802.0,1,240.0
two_peak_se3_synthetic,>= reserve,uncapped_arrival,39,JON_A_0,802.0,805.0,2,480.0
two_peak_se3_synthetic,>= reserve,uncapped_arrival,39,JON_A_0,805.0,814.0,1,240.0
two_peak_se3_synthetic,>= reserve,uncapped_arrival,39,JON_A_0,814.0,822.0,1,240.0
two_peak_se3_synthetic,>= reserve,uncapped_arrival,39,JON_A_0,822.0,825.0,2,480.0
two_peak_se3_synthetic,>= reserve,uncapped_arrival,39,JON_A_0,825.0,834.0,1,240.0
two_peak_se3_synthetic,>= reserve,uncapped_arrival,39,JON_A_0,834.0,842.0,1,240.0
two_peak_se3_synthetic,>= reserve,uncapped_arrival,39,JON_A_0,842.0,845.0,2,480.0
two_peak_se3_synthetic,>= reserve,uncapped_arrival,39,JON_A_0,845.0,853.0,1,240.0
two_peak_se3_synthetic,>= reserve,uncapped_arrival,39,JON_A_0,854.0,862.0,1,240.0
two_peak_se3_synthetic,>= reserve,uncapped_arrival,39,JON_A_0,862.0,865.0,2,480.0
two_peak_se3_synthetic,>= reserve,uncapped_arrival,39,JON_A_0,865.0,873.0,1,240.0
two_peak_se3_synthetic,>= reserve,uncapped_arrival,39,JON_A_0,874.0,884.0,1,240.0
two_peak_se3_synthetic,>= reserve,uncapped_arrival,39,JON_A_0,884.0,885.0,2,480.0
two_peak_se3_synthetic,>= reserve,uncapped_arrival,39,JON_A_0,885.0,893.0,1,240.0
two_peak_se3_synthetic,>= reserve,uncapped_arrival,39,JON_A_0,894.0,904.0,1,240.0
two_peak_se3_synthetic,>= reserve,uncapped_arrival,39,JON_A_0,904.0,905.0,2,480.0
two_peak_se3_synthetic,>= reserve,uncapped_arrival,39,JON_A_0,905.0,913.0,1,240.0
two_peak_se3_synthetic,>= reserve,uncapped_arrival,39,JON_A_0,914.0,925.0,1,240.0
two_peak_se3_synthetic,>= reserve,uncapped_arrival,39,JON_A_0,934.0,945.0,1,240.0
two_peak_se3_synthetic,>= reserve,uncapped_arrival,39,JON_A_0,954.0,965.0,1,240.0
two_peak_se3_synthetic,>= reserve,uncapped_arrival,39,JON_A_0,974.0,984.0,1,240.0
two_peak_se3_synthetic,>= reserve,uncapped_arrival,39,JON_A_0,984.0,985.0,2,480.0
two_peak_se3_synthetic,>= reserve,uncapped_arrival,39,JON_A_0,985.0,993.0,1,240.0
two_peak_se3_synthetic,>= reserve,uncapped_arrival,39,JON_A_0,994.0,1004.0,1,240.0
two_peak_se3_synthetic,>= reserve,uncapped_arrival,39,JON_A_0,1004.0,1005.0,2,480.0
two_peak_se3_synthetic,>= reserve,uncapped_arrival,39,JON_A_0,1005.0,1013.0,1,240.0
two_peak_se3_synthetic,>= reserve,uncapped_arrival,39,JON_A_0,1014.0,1020.0,1,240.0
two_peak_se3_synthetic,>= reserve,uncapped_arrival,39,JON_A_0,1034.0,1044.0,1,240.0
two_peak_se3_synthetic,>= reserve,uncapped_arrival,39,JON_A_0,1044.0,1045.0,2,480.0
two_peak_se3_synthetic,>= reserve,uncapped_arrival,39,JON_A_0,1045.0,1048.02449943,1,240.0
two_peak_se3_synthetic,>= reserve,uncapped_arrival,39,JON_A_0,1064.0,1073.0,1,240.0
two_peak_se3_synthetic,>= reserve,uncapped_arrival,39,JON_A_0,1074.0,1080.0,1,240.0
two_peak_se3_synthetic,>= reserve,uncapped_arrival,39,JON_A_0,1257.0,1258.7744993649999,1,240.0
two_peak_se3_synthetic,>= reserve,uncapped_arrival,39,JON_A_0,1274.0,1275.0,1,240.0
two_peak_se3_synthetic,>= reserve,uncapped_arrival,39,JON_A_0,1287.0,1290.0,1,240.0
two_peak_se3_synthetic,>= reserve,uncapped_arrival,39,JON_A_0,1304.0,1305.0,1,240.0
two_peak_se3_synthetic,>= reserve,uncapped_arrival,39,JON_A_0,1317.0,1320.0,1,240.0
two_peak_se3_synthetic,>= reserve,uncapped_arrival,39,JON_A_0,1334.0,1335.0,1,240.0
two_peak_se3_synthetic,>= reserve,uncapped_arrival,39,JON_A_0,1347.0,1350.0,1,240.0
two_peak_se3_synthetic,>= reserve,uncapped_arrival,39,JON_A_0,1364.0,1365.0,1,240.0
two_peak_se3_synthetic,>= reserve,uncapped_arrival,39,JON_A_0,1377.0,1380.0,1,240.0
two_peak_se3_synthetic,>= reserve,uncapped_arrival,39,JON_A_0,1394.0,1395.0,1,240.0
two_peak_se3_synthetic,>= reserve,uncapped_arrival,39,JON_A_0,1407.0,1410.0,1,240.0
two_peak_se3_synthetic,>= reserve,uncapped_arrival,39,JON_A_0,1437.0,1440.0,1,240.0
two_peak_se3_synthetic,>= reserve,uncapped_arrival,39,JON_A_0,1482.0,1484.0,1,240.0
two_peak_se3_synthetic,>= reserve,uncapped_arrival,39,JON_A_0,1484.0,1485.0,2,480.0
two_peak_se3_synthetic,>= reserve,uncapped_arrival,39,JON_A_0,1514.0,1515.0,1,240.0
two_peak_se3_synthetic,>= reserve,uncapped_arrival,39,JON_A_0,1542.0,1544.0,1,240.0
two_peak_se3_synthetic,>= reserve,uncapped_arrival,39,JON_A_0,1544.0,1545.2,2,480.0
two_peak_se3_synthetic,>= reserve,uncapped_arrival,39,JON_A_0,1545.2,1547.2,1,240.0
two_peak_se3_synthetic,>= reserve,uncapped_arrival,39,PARX_1,782.0,810.3174990825,1,240.0
two_peak_se3_synthetic,>= reserve,uncapped_optimized,39,2190L_0,321.0,326.0,1,240.0
two_peak_se3_synthetic,>= reserve,uncapped_optimized,39,2190L_0,341.0,353.575,1,240.0
two_peak_se3_synthetic,>= reserve,uncapped_optimized,39,2190L_0,361.0,368.0,1,240.0
two_peak_se3_synthetic,>= reserve,uncapped_optimized,39,2190L_0,376.0,387.0,1,240.0
two_peak_se3_synthetic,>= reserve,uncapped_optimized,39,2190L_0,387.0,398.0,2,480.0
two_peak_se3_synthetic,>= reserve,uncapped_optimized,39,2190L_0,398.0,398.057499875,2,480.0
two_peak_se3_synthetic,>= reserve,uncapped_optimized,39,2190L_0,398.057499875,408.0,1,240.0
two_peak_se3_synthetic,>= reserve,uncapped_optimized,39,2190L_0,408.0,418.0,2,480.0
two_peak_se3_synthetic,>= reserve,uncapped_optimized,39,2190L_0,418.0,419.0,1,240.0
two_peak_se3_synthetic,>= reserve,uncapped_optimized,39,2190L_0,419.0,419.057499875,2,480.0
two_peak_se3_synthetic,>= reserve,uncapped_optimized,39,2190L_0,419.057499875,429.0,1,240.0
two_peak_se3_synthetic,>= reserve,uncapped_optimized,39,2190L_0,430.0,440.0,1,240.0
two_peak_se3_synthetic,>= reserve,uncapped_optimized,39,2190L_0,440.0,451.0,1,240.0
two_peak_se3_synthetic,>= reserve,uncapped_optimized,39,2190L_0,451.0,459.0,2,480.0
two_peak_se3_synthetic,>= reserve,uncapped_optimized,39,2190L_0,459.0,460.0,1,240.0
two_peak_se3_synthetic,>= reserve,uncapped_optimized,39,2190L_0,460.0,461.172499625,2,480.0
two_peak_se3_synthetic,>= reserve,uncapped_optimized,39,2190L_0,461.172499625,461.632499875,1,240.0
two_peak_se3_synthetic,>= reserve,uncapped_optimized,39,2190L_0,469.0,475.29499925,1,240.0
two_peak_se3_synthetic,>= reserve,uncapped_optimized,39,2190L_0,481.0,493.834999,1,240.0
two_peak_se3_synthetic,>= reserve,uncapped_optimized,39,2190L_0,501.0,506.71999925,1,240.0
two_peak_se3_synthetic,>= reserve,uncapped_optimized,39,2190L_0,543.0,547.352499125,1,240.0
two_peak_se3_synthetic,>= reserve,uncapped_optimized,39,2190L_0,554.0,555.777499125,1,240.0
two_peak_se3_synthetic,>= reserve,uncapped_optimized,39,2190L_0,564.0,570.0,1,240.0
two_peak_se3_synthetic,>= reserve,uncapped_optimized,39,2190L_0,600.0,610.0,1,240.0
two_peak_se3_synthetic,>= reserve,uncapped_optimized,39,2190L_0,611.0,620.0,1,240.0
two_peak_se3_synthetic,>= reserve,uncapped_optimized,39,2190L_0,621.0,630.0,1,240.0
two_peak_se3_synthetic,>= reserve,uncapped_optimized,39,2190L_0,639.0,649.0,1,240.0
two_peak_se3_synthetic,>= reserve,uncapped_optimized,39,2190L_0,660.0,669.0,1,240.0
two_peak_se3_synthetic,>= reserve,uncapped_optimized,39,2190L_0,669.0,679.0,2,480.0
two_peak_se3_synthetic,>= reserve,uncapped_optimized,39,2190L_0,679.0,689.0,2,480.0
two_peak_se3_synthetic,>= reserve,uncapped_optimized,39,2190L_0,689.0,699.0,2,480.0
two_peak_se3_synthetic,>= reserve,uncapped_optimized,39,2190L_0,699.0,709.0,1,240.0
two_peak_se3_synthetic,>= reserve,uncapped_optimized,39,2190L_0,709.0,709.11499975,2,480.0
two_peak_se3_synthetic,>= reserve,uncapped_optimized,39,2190L_0,709.11499975,720.0,1,240.0
two_peak_se3_synthetic,>= reserve,uncapped_optimized,39,2190L_0,720.0,729.0,2,480.0
two_peak_se3_synthetic,>= reserve,uncapped_optimized,39,2190L_0,729.0,739.0,2,480.0
two_peak_se3_synthetic,>= reserve,uncapped_optimized,39,2190L_0,739.0,749.0,2,480.0
two_peak_se3_synthetic,>= reserve,uncapped_optimized,39,2190L_0,749.0,759.0,2,480.0
two_peak_se3_synthetic,>= reserve,uncapped_optimized,39,2190L_0,759.0,769.0,2,480.0
two_peak_se3_synthetic,>= reserve,uncapped_optimized,39,2190L_0,769.0,779.0,2,480.0
two_peak_se3_synthetic,>= reserve,uncapped_optimized,39,2190L_0,779.0,781.0,3,720.0
two_peak_se3_synthetic,>= reserve,uncapped_optimized,39,2190L_0,781.0,789.0,2,480.0
two_peak_se3_synthetic,>= reserve,uncapped_optimized,39,2190L_0,789.0,791.0,3,720.0
two_peak_se3_synthetic,>= reserve,uncapped_optimized,39,2190L_0,791.0,800.0,2,480.0
two_peak_se3_synthetic,>= reserve,uncapped_optimized,39,2190L_0,800.0,810.0,2,480.0
two_peak_se3_synthetic,>= reserve,uncapped_optimized,39,2190L_0,810.0,820.0,2,480.0
two_peak_se3_synthetic,>= reserve,uncapped_optimized,39,2190L_0,820.0,830.0,2,480.0
two_peak_se3_synthetic,>= reserve,uncapped_optimized,39,2190L_0,830.0,831.11499975,2,480.0
two_peak_se3_synthetic,>= reserve,uncapped_optimized,39,2190L_0,831.11499975,840.0,1,240.0
two_peak_se3_synthetic,>= reserve,uncapped_optimized,39,2190L_0,840.0,850.0,2,480.0
two_peak_se3_synthetic,>= reserve,uncapped_optimized,39,2190L_0,850.0,859.0,2,480.0
two_peak_se3_synthetic,>= reserve,uncapped_optimized,39,2190L_0,859.0,860.0,1,240.0
two_peak_se3_synthetic,>= reserve,uncapped_optimized,39,2190L_0,860.0,868.0,2,480.0
two_peak_se3_synthetic,>= reserve,uncapped_optimized,39,2190L_0,868.0,870.0,1,240.0
two_peak_se3_synthetic,>= reserve,uncapped_optimized,39,2190L_0,870.0,872.11499975,2,480.0
two_peak_se3_synthetic,>= reserve,uncapped_optimized,39,2190L_0,872.11499975,880.0,1,240.0
two_peak_se3_synthetic,>= reserve,uncapped_optimized,39,2190L_0,880.0,888.0,2,480.0
two_peak_se3_synthetic,>= reserve,uncapped_optimized,39,2190L_0,888.0,890.0,1,240.0
two_peak_se3_synthetic,>= reserve,uncapped_optimized,39,2190L_0,890.0,899.0,2,480.0
two_peak_se3_synthetic,>= reserve,uncapped_optimized,39,2190L_0,899.0,902.0,1,240.0
two_peak_se3_synthetic,>= reserve,uncapped_optimized,39,2190L_0,902.0,909.0,2,480.0
two_peak_se3_synthetic,>= reserve,uncapped_optimized,39,2190L_0,909.0,912.0,1,240.0
two_peak_se3_synthetic,>= reserve,uncapped_optimized,39,2190L_0,912.0,915.057499875,2,480.0
two_peak_se3_synthetic,>= reserve,uncapped_optimized,39,2190L_0,915.057499875,922.0,1,240.0
two_peak_se3_synthetic,>= reserve,uncapped_optimized,39,2190L_0,922.0,929.0,2,480.0
two_peak_se3_synthetic,>= reserve,uncapped_optimized,39,2190L_0,929.0,932.0,1,240.0
two_peak_se3_synthetic,>= reserve,uncapped_optimized,39,2190L_0,932.0,938.0,2,480.0
two_peak_se3_synthetic,>= reserve,uncapped_optimized,39,2190L_0,938.0,943.0,1,240.0
two_peak_se3_synthetic,>= reserve,uncapped_optimized,39,2190L_0,943.0,948.0,2,480.0
two_peak_se3_synthetic,>= reserve,uncapped_optimized,39,2190L_0,948.0,953.0,1,240.0
two_peak_se3_synthetic,>= reserve,uncapped_optimized,39,2190L_0,953.0,954.11499975,2,480.0
two_peak_se3_synthetic,>= reserve,uncapped_optimized,39,2190L_0,954.11499975,958.0,1,240.0
two_peak_se3_synthetic,>= reserve,uncapped_optimized,39,2190L_0,974.0,984.662499375,1,240.0
two_peak_se3_synthetic,>= reserve,uncapped_optimized,39,2190L_0,986.0,996.0,1,240.0
two_peak_se3_synthetic,>= reserve,uncapped_optimized,39,2190L_0,996.0,999.0,2,480.0
two_peak_se3_synthetic,>= reserve,uncapped_optimized,39,2190L_0,999.0,1009.0,1,240.0
two_peak_se3_synthetic,>= reserve,uncapped_optimized,39,2190L_0,1016.0,1024.34499925,1,240.0
two_peak_se3_synthetic,>= reserve,uncapped_optimized,39,2190L_0,1066.0,1075.0,1,240.0
two_peak_se3_synthetic,>= reserve,uncapped_optimized,39,2190L_0,1075.0,1080.0,2,480.0
two_peak_se3_synthetic,>= reserve,uncapped_optimized,39,2190L_0,1084.0,1086.91999925,1,240.0
two_peak_se3_synthetic,>= reserve,uncapped_optimized,39,2190L_0,1206.0,1216.432499875,1,240.0
two_peak_se3_synthetic,>= reserve,uncapped_optimized,39,2190L_0,1260.0,1270.0,1,240.0
two_peak_se3_synthetic,>= reserve,uncapped_optimized,39,2190L_0,1279.0,1289.432499875,1,240.0
two_peak_se3_synthetic,>= reserve,uncapped_optimized,39,2190L_0,1320.0,1324.0,2,480.0
two_peak_se3_synthetic,>= reserve,uncapped_optimized,39,2190L_0,1324.0,1330.0,3,720.0
two_peak_se3_synthetic,>= reserve,uncapped_optimized,39,2190L_0,1330.0,1330.432499875,2,480.0
two_peak_se3_synthetic,>= reserve,uncapped_optimized,39,2190L_0,1330.432499875,1333.48999975,1,240.0
two_peak_se3_synthetic,>= reserve,uncapped_optimized,39,2190L_0,1368.56000025,1380.0,1,240.0
two_peak_se3_synthetic,>= reserve,uncapped_optimized,39,2190L_0,1380.0,1390.0,2,480.0
two_peak_se3_synthetic,>= reserve,uncapped_optimized,39,2190L_0,1390.0,1390.432499875,1,240.0
two_peak_se3_synthetic,>= reserve,uncapped_optimized,39,2190L_0,1431.567500125,1442.0,1,240.0
two_peak_se3_synthetic,>= reserve,uncapped_optimized,39,2190L_0,1466.0,1472.0,1,240.0
two_peak_se3_synthetic,>= reserve,uncapped_optimized,39,2190L_0,1496.0,1500.0,1,240.0
two_peak_se3_synthetic,>= reserve,uncapped_optimized,39,2190L_0,1500.0,1503.0,7,1680.0
two_peak_se3_synthetic,>= reserve,uncapped_optimized,39,2190L_0,1503.0,1507.0,6,1440.0
two_peak_se3_synthetic,>= reserve,uncapped_optimized,39,2190L_0,1526.0,1533.0,1,240.0
two_peak_se3_synthetic,>= reserve,uncapped_optimized,39,3127L_0,326.0,334.0,1,240.0
two_peak_se3_synthetic,>= reserve,uncapped_optimized,39,3127L_0,345.0,353.0,1,240.0
two_peak_se3_synthetic,>= reserve,uncapped_optimized,39,3127L_0,356.0,369.476250075,1,240.0
two_peak_se3_synthetic,>= reserve,uncapped_optimized,39,3127L_0,375.0,377.0,1,240.0
two_peak_se3_synthetic,>= reserve,uncapped_optimized,39,3127L_0,387.0,393.0,1,240.0
two_peak_se3_synthetic,>= reserve,uncapped_optimized,39,3127L_0,401.0,410.0,1,240.0
two_peak_se3_synthetic,>= reserve,uncapped_optimized,39,3127L_0,410.0,417.0,2,480.0
two_peak_se3_synthetic,>= reserve,uncapped_optimized,39,3127L_0,417.0,420.0,1,240.0
two_peak_se3_synthetic,>= reserve,uncapped_optimized,39,3127L_0,421.0,427.0,1,240.0
two_peak_se3_synthetic,>= reserve,uncapped_optimized,39,3127L_0,443.0,449.0,1,240.0
two_peak_se3_synthetic,>= reserve,uncapped_optimized,39,3127L_0,449.0,450.0,2,480.0
two_peak_se3_synthetic,>= reserve,uncapped_optimized,39,3127L_0,450.0,457.0,1,240.0
two_peak_se3_synthetic,>= reserve,uncapped_optimized,39,3127L_0,464.0,466.0,1,240.0
two_peak_se3_synthetic,>= reserve,uncapped_optimized,39,3127L_0,494.0,497.0,1,240.0
two_peak_se3_synthetic,>= reserve,uncapped_optimized,39,3127L_0,529.0,532.0,1,240.0
two_peak_se3_synthetic,>= reserve,uncapped_optimized,39,3127L_0,563.0,565.469997615,1,240.0
two_peak_se3_synthetic,>= reserve,uncapped_optimized,39,3127L_0,600.0,602.16549954,2,480.0
two_peak_se3_synthetic,>= reserve,uncapped_optimized,39,3127L_0,602.16549954,608.313249825,1,240.0
two_peak_se3_synthetic,>= reserve,uncapped_optimized,39,3127L_0,623.0,628.0,1,240.0
two_peak_se3_synthetic,>= reserve,uncapped_optimized,39,3127L_0,628.0,633.0,2,480.0
two_peak_se3_synthetic,>= reserve,uncapped_optimized,39,3127L_0,633.0,638.411248365,1,240.0
two_peak_se3_synthetic,>= reserve,uncapped_optimized,39,3127L_0,648.0,652.0,1,240.0
two_peak_se3_synthetic,>= reserve,uncapped_optimized,39,3127L_0,660.0,678.0,1,240.0
two_peak_se3_synthetic,>= reserve,uncapped_optimized,39,3127L_0,683.0,684.8764996575,1,240.0
two_peak_se3_synthetic,>= reserve,uncapped_optimized,39,3127L_0,688.0,692.0,1,240.0
two_peak_se3_synthetic,>= reserve,uncapped_optimized,39,3127L_0,708.0,712.0,1,240.0
two_peak_se3_synthetic,>= reserve,uncapped_optimized,39,3127L_0,712.0,720.0,1,240.0
two_peak_se3_synthetic,>= reserve,uncapped_optimized,39,3127L_0,720.0,728.0,2,480.0
two_peak_se3_synthetic,>= reserve,uncapped_optimized,39,3127L_0,728.0,729.21449911,3,720.0
two_peak_se3_synthetic,>= reserve,uncapped_optimized,39,3127L_0,729.21449911,737.0,2,480.0
two_peak_se3_synthetic,>= reserve,uncapped_optimized,39,3127L_0,737.0,742.0,1,240.0
two_peak_se3_synthetic,>= reserve,uncapped_optimized,39,3127L_0,742.0,742.543749865,2,480.0
two_peak_se3_synthetic,>= reserve,uncapped_optimized,39,3127L_0,742.543749865,757.0,1,240.0
two_peak_se3_synthetic,>= reserve,uncapped_optimized,39,3127L_0,768.0,772.0,1,240.0
two_peak_se3_synthetic,>= reserve,uncapped_optimized,39,3127L_0,772.0,777.0,2,480.0
two_peak_se3_synthetic,>= reserve,uncapped_optimized,39,3127L_0,777.0,780.0,1,240.0
two_peak_se3_synthetic,>= reserve,uncapped_optimized,39,3127L_0,780.0,788.0,6,1440.0
two_peak_se3_synthetic,>= reserve,uncapped_optimized,39,3127L_0,788.0,788.83324933,7,1680.0
two_peak_se3_synthetic,>= reserve,uncapped_optimized,39,3127L_0,788.83324933,792.0,6,1440.0
two_peak_se3_synthetic,>= reserve,uncapped_optimized,39,3127L_0,792.0,792.32774915,5,1200.0
two_peak_se3_synthetic,>= reserve,uncapped_optimized,39,3127L_0,792.32774915,795.521249975,4,960.0
two_peak_se3_synthetic,>= reserve,uncapped_optimized,39,3127L_0,795.521249975,797.0,3,720.0
two_peak_se3_synthetic,>= reserve,uncapped_optimized,39,3127L_0,797.0,802.0,2,480.0
two_peak_se3_synthetic,>= reserve,uncapped_optimized,39,3127L_0,802.0,804.5995001324999,3,720.0
two_peak_se3_synthetic,>= reserve,uncapped_optimized,39,3127L_0,804.5995001324999,808.0,2,480.0
two_peak_se3_synthetic,>= reserve,uncapped_optimized,39,3127L_0,808.0,810.0,3,720.0
two_peak_se3_synthetic,>= reserve,uncapped_optimized,39,3127L_0,810.0,816.0,2,480.0
two_peak_se3_synthetic,>= reserve,uncapped_optimized,39,3127L_0,816.0,822.0,1,240.0
two_peak_se3_synthetic,>= reserve,uncapped_optimized,39,3127L_0,822.0,828.0,2,480.0
two_peak_se3_synthetic,>= reserve,uncapped_optimized,39,3127L_0,828.0,829.21949995,3,720.0
two_peak_se3_synthetic,>= reserve,uncapped_optimized,39,3127L_0,829.21949995,830.0,2,480.0
two_peak_se3_synthetic,>= reserve,uncapped_optimized,39,3127L_0,830.0,836.0,1,240.0
two_peak_se3_synthetic,>= reserve,uncapped_optimized,39,3127L_0,842.0,848.0,1,240.0
two_peak_se3_synthetic,>= reserve,uncapped_optimized,39,3127L_0,848.0,850.0,2,480.0
two_peak_se3_synthetic,>= reserve,uncapped_optimized,39,3127L_0,850.0,856.0,1,240.0
two_peak_se3_synthetic,>= reserve,uncapped_optimized,39,3127L_0,862.0,868.0,1,240.0
two_peak_se3_synthetic,>= reserve,uncapped_optimized,39,3127L_0,868.0,870.0,2,480.0
two_peak_se3_synthetic,>= reserve,uncapped_optimized,39,3127L_0,870.0,876.0,1,240.0
two_peak_se3_synthetic,>= reserve,uncapped_optimized,39,3127L_0,882.0,888.0,1,240.0
two_peak_se3_synthetic,>= reserve,uncapped_optimized,39,3127L_0,888.0,890.0,2,480.0
two_peak_se3_synthetic,>= reserve,uncapped_optimized,39,3127L_0,890.0,895.0,1,240.0
two_peak_se3_synthetic,>= reserve,uncapped_optimized,39,3127L_0,902.0,905.0,1,240.0
two_peak_se3_synthetic,>= reserve,uncapped_optimized,39,3127L_0,908.0,914.0,1,240.0
two_peak_se3_synthetic,>= reserve,uncapped_optimized,39,3127L_0,914.0,915.0,2,480.0
two_peak_se3_synthetic,>= reserve,uncapped_optimized,39,3127L_0,915.0,919.0,1,240.0
two_peak_se3_synthetic,>= reserve,uncapped_optimized,39,3127L_0,922.0,929.0,1,240.0
two_peak_se3_synthetic,>= reserve,uncapped_optimized,39,3127L_0,943.0,944.0,1,240.0
two_peak_se3_synthetic,>= reserve,uncapped_optimized,39,3127L_0,944.0,945.0,2,480.0
two_peak_se3_synthetic,>= reserve,uncapped_optimized,39,3127L_0,945.0,948.0,1,240.0
two_peak_se3_synthetic,>= reserve,uncapped_optimized,39,3127L_0,948.0,949.0,2,480.0
two_peak_se3_synthetic,>= reserve,uncapped_optimized,39,3127L_0,949.0,954.0,1,240.0
two_peak_se3_synthetic,>= reserve,uncapped_optimized,39,3127L_0,954.0,955.0,2,480.0
two_peak_se3_synthetic,>= reserve,uncapped_optimized,39,3127L_0,955.0,958.0,1,240.0
two_peak_se3_synthetic,>= reserve,uncapped_optimized,39,3127L_0,964.0,969.0,1,240.0
two_peak_se3_synthetic,>= reserve,uncapped_optimized,39,3127L_0,969.0,977.20174984,2,480.0
two_peak_se3_synthetic,>= reserve,uncapped_optimized,39,3127L_0,977.20174984,978.0,1,240.0
two_peak_se3_synthetic,>= reserve,uncapped_optimized,39,3127L_0,989.0,998.0,1,240.0
two_peak_se3_synthetic,>= reserve,uncapped_optimized,39,3127L_0,1009.0,1020.0,1,240.0
two_peak_se3_synthetic,>= reserve,uncapped_optimized,39,3127L_0,1023.0,1034.574499365,1,240.0
two_peak_se3_synthetic,>= reserve,uncapped_optimized,39,3127L_0,1042.0,1042.412999625,1,240.0
two_peak_se3_synthetic,>= reserve,uncapped_optimized,39,3127L_0,1048.0,1050.0,1,240.0
two_peak_se3_synthetic,>= reserve,uncapped_optimized,39,3127L_0,1061.0,1069.128249005,1,240.0
two_peak_se3_synthetic,>= reserve,uncapped_optimized,39,3127L_0,1216.0,1222.9842489,1,240.0
two_peak_se3_synthetic,>= reserve,uncapped_optimized,39,3127L_0,1260.0,1263.0,2,480.0
two_peak_se3_synthetic,>= reserve,uncapped_optimized,39,3127L_0,1263.0,1273.0,1,240.0
two_peak_se3_synthetic,>= reserve,uncapped_optimized,39,3127L_0,1275.0,1285.0,1,240.0
two_peak_se3_synthetic,>= reserve,uncapped_optimized,39,3127L_0,1285.0,1293.0,2,480.0
two_peak_se3_synthetic,>= reserve,uncapped_optimized,39,3127L_0,1293.0,1299.185249525,1,240.0
two_peak_se3_synthetic,>= reserve,uncapped_optimized,39,3127L_0,1317.238000375,1319.99250051,1,240.0
two_peak_se3_synthetic,>= reserve,uncapped_optimized,39,3127L_0,1319.99250051,1323.0,2,480.0
two_peak_se3_synthetic,>= reserve,uncapped_optimized,39,3127L_0,1323.0,1333.0,1,240.0
two_peak_se3_synthetic,>= reserve,uncapped_optimized,39,3127L_0,1334.0,1345.0,1,240.0
two_peak_se3_synthetic,>= reserve,uncapped_optimized,39,3127L_0,1345.0,1351.281749725,2,480.0
two_peak_se3_synthetic,>= reserve,uncapped_optimized,39,3127L_0,1351.281749725,1354.0,1,240.0
two_peak_se3_synthetic,>= reserve,uncapped_optimized,39,3127L_0,1375.0,1380.0,1,240.0
two_peak_se3_synthetic,>= reserve,uncapped_optimized,39,3127L_0,1380.0,1384.0,2,480.0
two_peak_se3_synthetic,>= reserve,uncapped_optimized,39,3127L_0,1384.0,1390.917249675,1,240.0
two_peak_se3_synthetic,>= reserve,uncapped_optimized,39,3127L_0,1405.0,1414.0,1,240.0
two_peak_se3_synthetic,>= reserve,uncapped_optimized,39,3127L_0,1423.0,1425.0,1,240.0
two_peak_se3_synthetic,>= reserve,uncapped_optimized,39,3127L_0,1435.0,1444.0,1,240.0
two_peak_se3_synthetic,>= reserve,uncapped_optimized,39,3127L_0,1451.0,1461.377249725,1,240.0
two_peak_se3_synthetic,>= reserve,uncapped_optimized,39,3127L_0,1464.0,1474.0,1,240.0
two_peak_se3_synthetic,>= reserve,uncapped_optimized,39,3127L_0,1488.72075025,1496.46475005,1,240.0
two_peak_se3_synthetic,>= reserve,uncapped_optimized,39,3127L_0,1496.46475005,1500.0,2,480.0
two_peak_se3_synthetic,>= reserve,uncapped_optimized,39,3127L_0,1500.0,1501.0,5,1200.0
two_peak_se3_synthetic,>= reserve,uncapped_optimized,39,3127L_0,1501.0,1504.0,4,960.0
two_peak_se3_synthetic,>= reserve,uncapped_optimized,39,3127L_0,1504.0,1505.2,3,720.0
two_peak_se3_synthetic,>= reserve,uncapped_optimized,39,3127L_0,1523.0,1526.0,1,240.0
two_peak_se3_synthetic,>= reserve,uncapped_optimized,39,3127L_0,1526.0,1528.2,2,480.0
two_peak_se3_synthetic,>= reserve,uncapped_optimized,39,3127L_0,1528.2,1531.2,1,240.0
two_peak_se3_synthetic,>= reserve,uncapped_optimized,39,4808_0,319.0,325.0,1,240.0
two_peak_se3_synthetic,>= reserve,uncapped_optimized,39,4808_0,339.0,346.0,1,240.0
two_peak_se3_synthetic,>= reserve,uncapped_optimized,39,4808_0,359.0,366.0,1,240.0
two_peak_se3_synthetic,>= reserve,uncapped_optimized,39,4808_0,379.0,386.0,1,240.0
two_peak_se3_synthetic,>= reserve,uncapped_optimized,39,4808_0,397.0,402.0,1,240.0
two_peak_se3_synthetic,>= reserve,uncapped_optimized,39,4808_0,413.0,421.0,1,240.0
two_peak_se3_synthetic,>= reserve,uncapped_optimized,39,4808_0,423.0,429.8049995,1,240.0
two_peak_se3_synthetic,>= reserve,uncapped_optimized,39,4808_0,434.0,441.0,1,240.0
two_peak_se3_synthetic,>= reserve,uncapped_optimized,39,4808_0,476.0,483.0,1,240.0
two_peak_se3_synthetic,>= reserve,uncapped_optimized,39,4808_0,488.0,495.0,1,240.0
two_peak_se3_synthetic,>= reserve,uncapped_optimized,39,4808_0,499.0,506.0,1,240.0
two_peak_se3_synthetic,>= reserve,uncapped_optimized,39,4808_0,509.0,513.34499925,1,240.0
two_peak_se3_synthetic,>= reserve,uncapped_optimized,39,4808_0,519.0,526.0,1,240.0
two_peak_se3_synthetic,>= reserve,uncapped_optimized,39,4808_0,607.0,614.0,1,240.0
two_peak_se3_synthetic,>= reserve,uncapped_optimized,39,4808_0,617.0,624.0,1,240.0
two_peak_se3_synthetic,>= reserve,uncapped_optimized,39,4808_0,627.0,634.0,1,240.0
two_peak_se3_synthetic,>= reserve,uncapped_optimized,39,4808_0,647.0,654.0,1,240.0
two_peak_se3_synthetic,>= reserve,uncapped_optimized,39,4808_0,660.0,664.0,1,240.0
two_peak_se3_synthetic,>= reserve,uncapped_optimized,39,4808_0,667.0,674.0,1,240.0
two_peak_se3_synthetic,>= reserve,uncapped_optimized,39,4808_0,677.0,684.0,1,240.0
two_peak_se3_synthetic,>= reserve,uncapped_optimized,39,4808_0,687.0,694.0,1,240.0
two_peak_se3_synthetic,>= reserve,uncapped_optimized,39,4808_0,697.0,704.0,1,240.0
two_peak_se3_synthetic,>= reserve,uncapped_optimized,39,4808_0,707.0,714.0,1,240.0
two_peak_se3_synthetic,>= reserve,uncapped_optimized,39,4808_0,720.0,724.0,1,240.0
two_peak_se3_synthetic,>= reserve,uncapped_optimized,39,4808_0,727.0,731.747499625,1,240.0
two_peak_se3_synthetic,>= reserve,uncapped_optimized,39,4808_0,737.0,744.0,1,240.0
two_peak_se3_synthetic,>= reserve,uncapped_optimized,39,4808_0,747.0,754.0,1,240.0
two_peak_se3_synthetic,>= reserve,uncapped_optimized,39,4808_0,757.0,764.0,1,240.0
two_peak_se3_synthetic,>= reserve,uncapped_optimized,39,4808_0,767.0,770.172499625,1,240.0
two_peak_se3_synthetic,>= reserve,uncapped_optimized,39,4808_0,777.0,784.0,1,240.0
two_peak_se3_synthetic,>= reserve,uncapped_optimized,39,4808_0,787.0,794.0,1,240.0
two_peak_se3_synthetic,>= reserve,uncapped_optimized,39,4808_0,797.0,804.0,1,240.0
two_peak_se3_synthetic,>= reserve,uncapped_optimized,39,4808_0,807.0,814.0,1,240.0
two_peak_se3_synthetic,>= reserve,uncapped_optimized,39,4808_0,817.0,824.0,1,240.0
two_peak_se3_synthetic,>= reserve,uncapped_optimized,39,4808_0,827.0,834.0,1,240.0
two_peak_se3_synthetic,>= reserve,uncapped_optimized,39,4808_0,839.0,846.0,1,240.0
two_peak_se3_synthetic,>= reserve,uncapped_optimized,39,4808_0,849.0,856.0,1,240.0
two_peak_se3_synthetic,>= reserve,uncapped_optimized,39,4808_0,859.0,866.0,1,240.0
two_peak_se3_synthetic,>= reserve,uncapped_optimized,39,4808_0,869.0,876.0,1,240.0
two_peak_se3_synthetic,>= reserve,uncapped_optimized,39,4808_0,879.0,886.0,1,240.0
two_peak_se3_synthetic,>= reserve,uncapped_optimized,39,4808_0,889.0,896.0,1,240.0
two_peak_se3_synthetic,>= reserve,uncapped_optimized,39,4808_0,909.0,916.0,1,240.0
two_peak_se3_synthetic,>= reserve,uncapped_optimized,39,4808_0,920.0,927.0,1,240.0
two_peak_se3_synthetic,>= reserve,uncapped_optimized,39,4808_0,930.0,937.0,1,240.0
two_peak_se3_synthetic,>= reserve,uncapped_optimized,39,4808_0,950.0,957.0,1,240.0
two_peak_se3_synthetic,>= reserve,uncapped_optimized,39,4808_0,961.0,968.0,1,240.0
two_peak_se3_synthetic,>= reserve,uncapped_optimized,39,4808_0,971.0,978.0,1,240.0
two_peak_se3_synthetic,>= reserve,uncapped_optimized,39,4808_0,982.0,985.172499625,1,240.0
two_peak_se3_synthetic,>= reserve,uncapped_optimized,39,4808_0,1001.0,1008.0,1,240.0
two_peak_se3_synthetic,>= reserve,uncapped_optimized,39,4808_0,1011.0,1018.0,1,240.0
two_peak_se3_synthetic,>= reserve,uncapped_optimized,39,4808_0,1021.0,1028.0,1,240.0
two_peak_se3_synthetic,>= reserve,uncapped_optimized,39,4808_0,1060.0,1061.352499125,1,240.0
two_peak_se3_synthetic,>= reserve,uncapped_optimized,39,4808_0,1260.0,1270.625,2,480.0
two_peak_se3_synthetic,>= reserve,uncapped_optimized,39,4808_0,1270.625,1272.0,1,240.0
two_peak_se3_synthetic,>= reserve,uncapped_optimized,39,4808_0,1305.0,1315.625,1,240.0
two_peak_se3_synthetic,>= reserve,uncapped_optimized,39,4808_0,1325.0,1335.625,1,240.0
two_peak_se3_synthetic,>= reserve,uncapped_optimized,39,4808_0,1345.0,1355.625,1,240.0
two_peak_se3_synthetic,>= reserve,uncapped_optimized,39,4808_0,1365.0,1375.625,1,240.0
two_peak_se3_synthetic,>= reserve,uncapped_optimized,39,4808_0,1385.0,1395.625,1,240.0
two_peak_se3_synthetic,>= reserve,uncapped_optimized,39,4808_0,1404.0,1416.0,1,240.0
two_peak_se3_synthetic,>= reserve,uncapped_optimized,39,4808_0,1441.0,1446.0,1,240.0
two_peak_se3_synthetic,>= reserve,uncapped_optimized,39,4808_0,1463.0,1473.625,1,240.0
two_peak_se3_synthetic,>= reserve,uncapped_optimized,39,4808_0,1500.0,1501.95,5,1200.0
two_peak_se3_synthetic,>= reserve,uncapped_optimized,39,4808_0,1523.0,1524.95,1,240.0
two_peak_se3_synthetic,>= reserve,uncapped_optimized,39,7880C_0,352.0,356.99174995,1,240.0
two_peak_se3_synthetic,>= reserve,uncapped_optimized,39,7880C_0,383.0,394.0,1,240.0
two_peak_se3_synthetic,>= reserve,uncapped_optimized,39,7880C_0,413.0,420.0,1,240.0
two_peak_se3_synthetic,>= reserve,uncapped_optimized,39,7880C_0,472.0,474.0,1,240.0
two_peak_se3_synthetic,>= reserve,uncapped_optimized,39,7880C_0,474.0,480.0,2,480.0
two_peak_se3_synthetic,>= reserve,uncapped_optimized,39,7880C_0,654.932500085,665.0,1,240.0
two_peak_se3_synthetic,>= reserve,uncapped_optimized,39,7880C_0,743.0,755.0,1,240.0
two_peak_se3_synthetic,>= reserve,uncapped_optimized,39,7880C_0,773.0,780.0,1,240.0
two_peak_se3_synthetic,>= reserve,uncapped_optimized,39,7880C_0,780.0,785.0,2,480.0
two_peak_se3_synthetic,>= reserve,uncapped_optimized,39,7880C_0,785.0,833.0,1,240.0
two_peak_se3_synthetic,>= reserve,uncapped_optimized,39,7880C_0,833.0,840.0,2,480.0
two_peak_se3_synthetic,>= reserve,uncapped_optimized,39,7880C_0,840.0,845.0,1,240.0
two_peak_se3_synthetic,>= reserve,uncapped_optimized,39,7880C_0,894.0,900.0,1,240.0
two_peak_se3_synthetic,>= reserve,uncapped_optimized,39,7880C_0,924.0,947.0,1,240.0
two_peak_se3_synthetic,>= reserve,uncapped_optimized,39,7880C_0,984.0,994.0,1,240.0
two_peak_se3_synthetic,>= reserve,uncapped_optimized,39,7880C_0,1014.0,1022.640748265,1,240.0
two_peak_se3_synthetic,>= reserve,uncapped_optimized,39,7880C_0,1260.0,1266.0,1,240.0
two_peak_se3_synthetic,>= reserve,uncapped_optimized,39,7880C_0,1282.0,1294.1217493,1,240.0
two_peak_se3_synthetic,>= reserve,uncapped_optimized,39,7880C_0,1342.0,1356.0,1,240.0
two_peak_se3_synthetic,>= reserve,uncapped_optimized,39,7880C_0,1375.555000085,1386.0,1,240.0
two_peak_se3_synthetic,>= reserve,uncapped_optimized,39,7880C_0,1402.0,1416.0,1,240.0
two_peak_se3_synthetic,>= reserve,uncapped_optimized,39,7880C_0,1432.0,1446.0,1,240.0
two_peak_se3_synthetic,>= reserve,uncapped_optimized,39,7880C_0,1469.0,1476.0,1,240.0
two_peak_se3_synthetic,>= reserve,uncapped_optimized,39,7880C_0,1500.0,1502.9,3,720.0
two_peak_se3_synthetic,>= reserve,uncapped_optimized,39,7880C_0,1519.0,1521.9,1,240.0
two_peak_se3_synthetic,>= reserve,uncapped_optimized,39,JON_A_0,344.0,345.0,1,240.0
two_peak_se3_synthetic,>= reserve,uncapped_optimized,39,JON_A_0,357.0,365.0,1,240.0
two_peak_se3_synthetic,>= reserve,uncapped_optimized,39,JON_A_0,374.0,382.0,1,240.0
two_peak_se3_synthetic,>= reserve,uncapped_optimized,39,JON_A_0,382.0,383.572250025,2,480.0
two_peak_se3_synthetic,>= reserve,uncapped_optimized,39,JON_A_0,383.572250025,385.0,1,240.0
two_peak_se3_synthetic,>= reserve,uncapped_optimized,39,JON_A_0,394.0,402.0,1,240.0
two_peak_se3_synthetic,>= reserve,uncapped_optimized,39,JON_A_0,402.0,405.0,2,480.0
two_peak_se3_synthetic,>= reserve,uncapped_optimized,39,JON_A_0,405.0,409.199249975,1,240.0
two_peak_se3_synthetic,>= reserve,uncapped_optimized,39,JON_A_0,414.0,420.0,1,240.0
two_peak_se3_synthetic,>= reserve,uncapped_optimized,39,JON_A_0,422.0,432.826998865,1,240.0
two_peak_se3_synthetic,>= reserve,uncapped_optimized,39,JON_A_0,434.0,439.0,1,240.0
two_peak_se3_synthetic,>= reserve,uncapped_optimized,39,JON_A_0,494.0,502.342249875,1,240.0
two_peak_se3_synthetic,>= reserve,uncapped_optimized,39,JON_A_0,534.0,540.0,1,240.0
two_peak_se3_synthetic,>= reserve,uncapped_optimized,39,JON_A_0,574.0,585.0,1,240.0
two_peak_se3_synthetic,>= reserve,uncapped_optimized,39,JON_A_0,634.0,645.0,1,240.0
two_peak_se3_synthetic,>= reserve,uncapped_optimized,39,JON_A_0,660.0,662.0,1,240.0
two_peak_se3_synthetic,>= reserve,uncapped_optimized,39,JON_A_0,662.0,662.059498995,2,480.0
two_peak_se3_synthetic,>= reserve,uncapped_optimized,39,JON_A_0,662.059498995,662.78824945,1,240.0
two_peak_se3_synthetic,>= reserve,uncapped_optimized,39,JON_A_0,674.0,685.0,1,240.0
two_peak_se3_synthetic,>= reserve,uncapped_optimized,39,JON_A_0,692.0,694.0,1,240.0
two_peak_se3_synthetic,>= reserve,uncapped_optimized,39,JON_A_0,694.0,705.0,1,240.0
two_peak_se3_synthetic,>= reserve,uncapped_optimized,39,JON_A_0,714.0,720.0,1,240.0
two_peak_se3_synthetic,>= reserve,uncapped_optimized,39,JON_A_0,720.0,722.0,2,480.0
two_peak_se3_synthetic,>= reserve,uncapped_optimized,39,JON_A_0,722.0,724.0,3,720.0
two_peak_se3_synthetic,>= reserve,uncapped_optimized,39,JON_A_0,724.0,725.0,2,480.0
two_peak_se3_synthetic,>= reserve,uncapped_optimized,39,JON_A_0,725.0,734.0,1,240.0
two_peak_se3_synthetic,>= reserve,uncapped_optimized,39,JON_A_0,734.0,745.0,2,480.0
two_peak_se3_synthetic,>= reserve,uncapped_optimized,39,JON_A_0,745.0,752.0,1,240.0
two_peak_se3_synthetic,>= reserve,uncapped_optimized,39,JON_A_0,752.0,754.0,2,480.0
two_peak_se3_synthetic,>= reserve,uncapped_optimized,39,JON_A_0,754.0,754.360499225,2,480.0
two_peak_se3_synthetic,>= reserve,uncapped_optimized,39,JON_A_0,754.360499225,765.0,1,240.0
two_peak_se3_synthetic,>= reserve,uncapped_optimized,39,JON_A_0,774.0,782.0,1,240.0
two_peak_se3_synthetic,>= reserve,uncapped_optimized,39,JON_A_0,782.0,785.0,2,480.0
two_peak_se3_synthetic,>= reserve,uncapped_optimized,39,JON_A_0,785.0,794.0,1,240.0
two_peak_se3_synthetic,>= reserve,uncapped_optimized,39,JON_A_0,794.0,802.0,1,240.0
two_peak_se3_synthetic,>= reserve,uncapped_optimized,39,JON_A_0,802.0,805.0,2,480.0
two_peak_se3_synthetic,>= reserve,uncapped_optimized,39,JON_A_0,805.0,814.0,1,240.0
two_peak_se3_synthetic,>= reserve,uncapped_optimized,39,JON_A_0,814.0,822.0,1,240.0
two_peak_se3_synthetic,>= reserve,uncapped_optimized,39,JON_A_0,822.0,825.0,2,480.0
two_peak_se3_synthetic,>= reserve,uncapped_optimized,39,JON_A_0,825.0,834.0,1,240.0
two_peak_se3_synthetic,>= reserve,uncapped_optimized,39,JON_A_0,834.0,842.0,1,240.0
two_peak_se3_synthetic,>= reserve,uncapped_optimized,39,JON_A_0,842.0,845.0,2,480.0
two_peak_se3_synthetic,>= reserve,uncapped_optimized,39,JON_A_0,845.0,853.0,1,240.0
two_peak_se3_synthetic,>= reserve,uncapped_optimized,39,JON_A_0,854.0,862.0,1,240.0
two_peak_se3_synthetic,>= reserve,uncapped_optimized,39,JON_A_0,862.0,865.0,2,480.0
two_peak_se3_synthetic,>= reserve,uncapped_optimized,39,JON_A_0,865.0,873.0,1,240.0
two_peak_se3_synthetic,>= reserve,uncapped_optimized,39,JON_A_0,874.0,884.0,1,240.0
two_peak_se3_synthetic,>= reserve,uncapped_optimized,39,JON_A_0,884.0,885.0,2,480.0
two_peak_se3_synthetic,>= reserve,uncapped_optimized,39,JON_A_0,885.0,893.0,1,240.0
two_peak_se3_synthetic,>= reserve,uncapped_optimized,39,JON_A_0,894.0,904.0,1,240.0
two_peak_se3_synthetic,>= reserve,uncapped_optimized,39,JON_A_0,904.0,905.0,2,480.0
two_peak_se3_synthetic,>= reserve,uncapped_optimized,39,JON_A_0,905.0,913.0,1,240.0
two_peak_se3_synthetic,>= reserve,uncapped_optimized,39,JON_A_0,914.0,925.0,1,240.0
two_peak_se3_synthetic,>= reserve,uncapped_optimized,39,JON_A_0,934.0,945.0,1,240.0
two_peak_se3_synthetic,>= reserve,uncapped_optimized,39,JON_A_0,954.0,965.0,1,240.0
two_peak_se3_synthetic,>= reserve,uncapped_optimized,39,JON_A_0,974.0,984.0,1,240.0
two_peak_se3_synthetic,>= reserve,uncapped_optimized,39,JON_A_0,984.0,985.0,2,480.0
two_peak_se3_synthetic,>= reserve,uncapped_optimized,39,JON_A_0,985.0,992.4287498,1,240.0
two_peak_se3_synthetic,>= reserve,uncapped_optimized,39,JON_A_0,994.0,1004.0,1,240.0
two_peak_se3_synthetic,>= reserve,uncapped_optimized,39,JON_A_0,1004.0,1005.0,2,480.0
two_peak_se3_synthetic,>= reserve,uncapped_optimized,39,JON_A_0,1005.0,1013.0,1,240.0
two_peak_se3_synthetic,>= reserve,uncapped_optimized,39,JON_A_0,1014.0,1020.0,1,240.0
two_peak_se3_synthetic,>= reserve,uncapped_optimized,39,JON_A_0,1034.0,1044.0,1,240.0
two_peak_se3_synthetic,>= reserve,uncapped_optimized,39,JON_A_0,1044.0,1045.0,2,480.0
two_peak_se3_synthetic,>= reserve,uncapped_optimized,39,JON_A_0,1045.0,1048.0244994299999,1,240.0
two_peak_se3_synthetic,>= reserve,uncapped_optimized,39,JON_A_0,1064.0,1071.757499475,1,240.0
two_peak_se3_synthetic,>= reserve,uncapped_optimized,39,JON_A_0,1287.0,1290.0,1,240.0
two_peak_se3_synthetic,>= reserve,uncapped_optimized,39,JON_A_0,1304.0,1305.0,1,240.0
two_peak_se3_synthetic,>= reserve,uncapped_optimized,39,JON_A_0,1317.0,1320.0,1,240.0
two_peak_se3_synthetic,>= reserve,uncapped_optimized,39,JON_A_0,1334.0,1335.0,1,240.0
two_peak_se3_synthetic,>= reserve,uncapped_optimized,39,JON_A_0,1347.0,1350.0,1,240.0
two_peak_se3_synthetic,>= reserve,uncapped_optimized,39,JON_A_0,1364.0,1365.0,1,240.0
two_peak_se3_synthetic,>= reserve,uncapped_optimized,39,JON_A_0,1377.0,1380.0,1,240.0
two_peak_se3_synthetic,>= reserve,uncapped_optimized,39,JON_A_0,1394.0,1395.0,1,240.0
two_peak_se3_synthetic,>= reserve,uncapped_optimized,39,JON_A_0,1407.0,1410.0,1,240.0
two_peak_se3_synthetic,>= reserve,uncapped_optimized,39,JON_A_0,1437.0,1440.0,1,240.0
two_peak_se3_synthetic,>= reserve,uncapped_optimized,39,JON_A_0,1482.0,1484.0,1,240.0
two_peak_se3_synthetic,>= reserve,uncapped_optimized,39,JON_A_0,1484.0,1485.0,2,480.0
two_peak_se3_synthetic,>= reserve,uncapped_optimized,39,JON_A_0,1500.0,1503.1999999999998,4,960.0
two_peak_se3_synthetic,>= reserve,uncapped_optimized,39,JON_A_0,1514.0,1515.0,1,240.0
two_peak_se3_synthetic,>= reserve,uncapped_optimized,39,JON_A_0,1542.0,1544.0,1,240.0
two_peak_se3_synthetic,>= reserve,uncapped_optimized,39,JON_A_0,1544.0,1545.2,2,480.0
two_peak_se3_synthetic,>= reserve,uncapped_optimized,39,JON_A_0,1545.2,1547.2,1,240.0
two_peak_se3_synthetic,>= reserve,uncapped_optimized,39,PARX_1,716.4152503750001,720.0,1,240.0
two_peak_se3_synthetic,>= reserve,uncapped_optimized,39,PARX_1,720.0,745.0000000000002,2,480.0
two_peak_se3_synthetic,>= reserve,uncapped_optimized,39,PARX_1,745.0000000000002,747.10124985,1,240.0
two_peak_se3_synthetic,>= reserve,uncapped_optimized,39,PARX_1,780.0,782.0,1,240.0
two_peak_se3_synthetic,>= reserve,uncapped_optimized,39,PARX_1,782.0,782.7459991,2,480.0
two_peak_se3_synthetic,>= reserve,uncapped_optimized,39,PARX_1,782.7459991,808.4674990825,1,240.0
two_peak_se3_synthetic,>= reserve,capped_arrival,39,2190L_0,321.0,326.0,1,240.0
two_peak_se3_synthetic,>= reserve,capped_arrival,39,2190L_0,341.0,353.575,1,240.0
two_peak_se3_synthetic,>= reserve,capped_arrival,39,2190L_0,361.0,368.0,1,240.0
two_peak_se3_synthetic,>= reserve,capped_arrival,39,2190L_0,376.0,387.0,1,240.0
two_peak_se3_synthetic,>= reserve,capped_arrival,39,2190L_0,387.0,398.0,2,480.0
two_peak_se3_synthetic,>= reserve,capped_arrival,39,2190L_0,398.0,398.057499875,2,480.0
two_peak_se3_synthetic,>= reserve,capped_arrival,39,2190L_0,398.057499875,408.0,1,240.0
two_peak_se3_synthetic,>= reserve,capped_arrival,39,2190L_0,408.0,418.0,2,480.0
two_peak_se3_synthetic,>= reserve,capped_arrival,39,2190L_0,418.0,419.0,1,240.0
two_peak_se3_synthetic,>= reserve,capped_arrival,39,2190L_0,419.0,419.057499875,2,480.0
two_peak_se3_synthetic,>= reserve,capped_arrival,39,2190L_0,419.057499875,429.0,1,240.0
two_peak_se3_synthetic,>= reserve,capped_arrival,39,2190L_0,430.0,440.0,1,240.0
two_peak_se3_synthetic,>= reserve,capped_arrival,39,2190L_0,440.0,451.0,1,240.0
two_peak_se3_synthetic,>= reserve,capped_arrival,39,2190L_0,451.0,459.0,2,480.0
two_peak_se3_synthetic,>= reserve,capped_arrival,39,2190L_0,459.0,460.0,1,240.0
two_peak_se3_synthetic,>= reserve,capped_arrival,39,2190L_0,460.0,461.632499875,2,480.0
two_peak_se3_synthetic,>= reserve,capped_arrival,39,2190L_0,461.632499875,465.172499625,1,240.0
two_peak_se3_synthetic,>= reserve,capped_arrival,39,2190L_0,469.0,480.0,1,240.0
two_peak_se3_synthetic,>= reserve,capped_arrival,39,2190L_0,481.0,493.834999,1,240.0
two_peak_se3_synthetic,>= reserve,capped_arrival,39,2190L_0,501.0,517.34499925,1,240.0
two_peak_se3_synthetic,>= reserve,capped_arrival,39,2190L_0,554.0,557.727499125,1,240.0
two_peak_se3_synthetic,>= reserve,capped_arrival,39,2190L_0,564.0,570.0,1,240.0
two_peak_se3_synthetic,>= reserve,capped_arrival,39,2190L_0,573.0,573.34499925,1,240.0
two_peak_se3_synthetic,>= reserve,capped_arrival,39,2190L_0,582.0,586.352499125,1,240.0
two_peak_se3_synthetic,>= reserve,capped_arrival,39,2190L_0,611.0,620.0,1,240.0
two_peak_se3_synthetic,>= reserve,capped_arrival,39,2190L_0,621.0,630.0,1,240.0
two_peak_se3_synthetic,>= reserve,capped_arrival,39,2190L_0,639.0,649.0,1,240.0
two_peak_se3_synthetic,>= reserve,capped_arrival,39,2190L_0,649.0,669.0,1,240.0
two_peak_se3_synthetic,>= reserve,capped_arrival,39,2190L_0,669.0,679.0,2,480.0
two_peak_se3_synthetic,>= reserve,capped_arrival,39,2190L_0,679.0,689.0,2,480.0
two_peak_se3_synthetic,>= reserve,capped_arrival,39,2190L_0,689.0,698.11499975,2,480.0
two_peak_se3_synthetic,>= reserve,capped_arrival,39,2190L_0,698.11499975,699.0,1,240.0
two_peak_se3_synthetic,>= reserve,capped_arrival,39,2190L_0,709.0,719.0,1,240.0
two_peak_se3_synthetic,>= reserve,capped_arrival,39,2190L_0,719.0,729.0,2,480.0
two_peak_se3_synthetic,>= reserve,capped_arrival,39,2190L_0,729.0,739.0,2,480.0
two_peak_se3_synthetic,>= reserve,capped_arrival,39,2190L_0,739.0,749.0,2,480.0
two_peak_se3_synthetic,>= reserve,capped_arrival,39,2190L_0,749.0,759.0,2,480.0
two_peak_se3_synthetic,>= reserve,capped_arrival,39,2190L_0,759.0,769.0,2,480.0
two_peak_se3_synthetic,>= reserve,capped_arrival,39,2190L_0,769.0,779.0,2,480.0
two_peak_se3_synthetic,>= reserve,capped_arrival,39,2190L_0,779.0,781.0,3,720.0
two_peak_se3_synthetic,>= reserve,capped_arrival,39,2190L_0,781.0,789.0,2,480.0
two_peak_se3_synthetic,>= reserve,capped_arrival,39,2190L_0,789.0,791.0,3,720.0
two_peak_se3_synthetic,>= reserve,capped_arrival,39,2190L_0,791.0,800.0,2,480.0
two_peak_se3_synthetic,>= reserve,capped_arrival,39,2190L_0,800.0,810.0,2,480.0
two_peak_se3_synthetic,>= reserve,capped_arrival,39,2190L_0,810.0,820.0,2,480.0
two_peak_se3_synthetic,>= reserve,capped_arrival,39,2190L_0,820.0,830.0,2,480.0
two_peak_se3_synthetic,>= reserve,capped_arrival,39,2190L_0,830.0,838.11499975,2,480.0
two_peak_se3_synthetic,>= reserve,capped_arrival,39,2190L_0,838.11499975,840.0,1,240.0
two_peak_se3_synthetic,>= reserve,capped_arrival,39,2190L_0,840.0,850.0,2,480.0
two_peak_se3_synthetic,>= reserve,capped_arrival,39,2190L_0,850.0,859.0,2,480.0
two_peak_se3_synthetic,>= reserve,capped_arrival,39,2190L_0,859.0,860.0,1,240.0
two_peak_se3_synthetic,>= reserve,capped_arrival,39,2190L_0,860.0,868.0,2,480.0
two_peak_se3_synthetic,>= reserve,capped_arrival,39,2190L_0,868.0,870.0,1,240.0
two_peak_se3_synthetic,>= reserve,capped_arrival,39,2190L_0,870.0,878.0,2,480.0
two_peak_se3_synthetic,>= reserve,capped_arrival,39,2190L_0,878.0,880.0,1,240.0
two_peak_se3_synthetic,>= reserve,capped_arrival,39,2190L_0,880.0,888.0,2,480.0
two_peak_se3_synthetic,>= reserve,capped_arrival,39,2190L_0,888.0,890.0,1,240.0
two_peak_se3_synthetic,>= reserve,capped_arrival,39,2190L_0,890.0,899.0,2,480.0
two_peak_se3_synthetic,>= reserve,capped_arrival,39,2190L_0,899.0,902.0,1,240.0
two_peak_se3_synthetic,>= reserve,capped_arrival,39,2190L_0,902.0,909.0,2,480.0
two_peak_se3_synthetic,>= reserve,capped_arrival,39,2190L_0,909.0,912.0,1,240.0
two_peak_se3_synthetic,>= reserve,capped_arrival,39,2190L_0,912.0,914.057499875,2,480.0
two_peak_se3_synthetic,>= reserve,capped_arrival,39,2190L_0,914.057499875,922.0,1,240.0
two_peak_se3_synthetic,>= reserve,capped_arrival,39,2190L_0,922.0,929.0,2,480.0
two_peak_se3_synthetic,>= reserve,capped_arrival,39,2190L_0,929.0,932.0,1,240.0
two_peak_se3_synthetic,>= reserve,capped_arrival,39,2190L_0,932.0,938.0,2,480.0
two_peak_se3_synthetic,>= reserve,capped_arrival,39,2190L_0,938.0,943.0,1,240.0
two_peak_se3_synthetic,>= reserve,capped_arrival,39,2190L_0,943.0,948.0,2,480.0
two_peak_se3_synthetic,>= reserve,capped_arrival,39,2190L_0,948.0,953.0,1,240.0
two_peak_se3_synthetic,>= reserve,capped_arrival,39,2190L_0,953.0,958.0,2,480.0
two_peak_se3_synthetic,>= reserve,capped_arrival,39,2190L_0,958.0,960.352499125,1,240.0
two_peak_se3_synthetic,>= reserve,capped_arrival,39,2190L_0,974.0,984.662499375,1,240.0
two_peak_se3_synthetic,>= reserve,capped_arrival,39,2190L_0,986.0,996.0,1,240.0
two_peak_se3_synthetic,>= reserve,capped_arrival,39,2190L_0,996.0,999.0,2,480.0
two_peak_se3_synthetic,>= reserve,capped_arrival,39,2190L_0,999.0,1009.0,1,240.0
two_peak_se3_synthetic,>= reserve,capped_arrival,39,2190L_0,1016.0,1024.34499925,1,240.0
two_peak_se3_synthetic,>= reserve,capped_arrival,39,2190L_0,1066.0,1075.0,1,240.0
two_peak_se3_synthetic,>= reserve,capped_arrival,39,2190L_0,1075.0,1080.0,2,480.0
two_peak_se3_synthetic,>= reserve,capped_arrival,39,2190L_0,1080.0,1084.0,1,240.0
two_peak_se3_synthetic,>= reserve,capped_arrival,39,2190L_0,1084.0,1084.352499125,2,480.0
two_peak_se3_synthetic,>= reserve,capped_arrival,39,2190L_0,1084.352499125,1086.91999925,1,240.0
two_peak_se3_synthetic,>= reserve,capped_arrival,39,2190L_0,1206.0,1216.432499875,1,240.0
two_peak_se3_synthetic,>= reserve,capped_arrival,39,2190L_0,1279.0,1289.432499875,1,240.0
two_peak_se3_synthetic,>= reserve,capped_arrival,39,2190L_0,1294.0,1301.0,1,240.0
two_peak_se3_synthetic,>= reserve,capped_arrival,39,2190L_0,1309.0,1322.48999975,1,240.0
two_peak_se3_synthetic,>= reserve,capped_arrival,39,2190L_0,1324.0,1330.0,1,240.0
two_peak_se3_synthetic,>= reserve,capped_arrival,39,2190L_0,1348.0,1368.0,1,240.0
two_peak_se3_synthetic,>= reserve,capped_arrival,39,2190L_0,1368.0,1369.43999975,2,480.0
two_peak_se3_synthetic,>= reserve,capped_arrival,39,2190L_0,1369.43999975,1378.432499875,1,240.0
two_peak_se3_synthetic,>= reserve,capped_arrival,39,2190L_0,1387.0,1394.0,1,240.0
two_peak_se3_synthetic,>= reserve,capped_arrival,39,2190L_0,1407.0,1414.0,1,240.0
two_peak_se3_synthetic,>= reserve,capped_arrival,39,2190L_0,1427.0,1437.432499875,1,240.0
two_peak_se3_synthetic,>= reserve,capped_arrival,39,2190L_0,1446.0,1453.0,1,240.0
two_peak_se3_synthetic,>= reserve,capped_arrival,39,2190L_0,1466.0,1472.0,1,240.0
two_peak_se3_synthetic,>= reserve,capped_arrival,39,2190L_0,1496.0,1503.0,1,240.0
two_peak_se3_synthetic,>= reserve,capped_arrival,39,2190L_0,1526.0,1533.0,1,240.0
two_peak_se3_synthetic,>= reserve,capped_arrival,39,3127L_0,326.0,334.0,1,240.0
two_peak_se3_synthetic,>= reserve,capped_arrival,39,3127L_0,345.0,353.0,1,240.0
two_peak_se3_synthetic,>= reserve,capped_arrival,39,3127L_0,356.0,369.476250075,1,240.0
two_peak_se3_synthetic,>= reserve,capped_arrival,39,3127L_0,375.0,377.0,1,240.0
two_peak_se3_synthetic,>= reserve,capped_arrival,39,3127L_0,387.0,393.0,1,240.0
two_peak_se3_synthetic,>= reserve,capped_arrival,39,3127L_0,401.0,410.0,1,240.0
two_peak_se3_synthetic,>= reserve,capped_arrival,39,3127L_0,410.0,417.0,2,480.0
two_peak_se3_synthetic,>= reserve,capped_arrival,39,3127L_0,417.0,421.0,1,240.0
two_peak_se3_synthetic,>= reserve,capped_arrival,39,3127L_0,421.0,427.0,2,480.0
two_peak_se3_synthetic,>= reserve,capped_arrival,39,3127L_0,427.0,429.0,1,240.0
two_peak_se3_synthetic,>= reserve,capped_arrival,39,3127L_0,429.0,430.0,2,480.0
two_peak_se3_synthetic,>= reserve,capped_arrival,39,3127L_0,430.0,437.0,1,240.0
two_peak_se3_synthetic,>= reserve,capped_arrival,39,3127L_0,449.0,457.0,1,240.0
two_peak_se3_synthetic,>= reserve,capped_arrival,39,3127L_0,484.0,488.13449954000004,1,240.0
two_peak_se3_synthetic,>= reserve,capped_arrival,39,3127L_0,500.0,504.0,1,240.0
two_peak_se3_synthetic,>= reserve,capped_arrival,39,3127L_0,504.0,510.543749865,2,480.0
two_peak_se3_synthetic,>= reserve,capped_arrival,39,3127L_0,510.543749865,513.7299995,1,240.0
two_peak_se3_synthetic,>= reserve,capped_arrival,39,3127L_0,520.0,528.6995001325,1,240.0
two_peak_se3_synthetic,>= reserve,capped_arrival,39,3127L_0,539.0,546.0,1,240.0
two_peak_se3_synthetic,>= reserve,capped_arrival,39,3127L_0,546.0,560.384749625,2,480.0
two_peak_se3_synthetic,>= reserve,capped_arrival,39,3127L_0,560.384749625,563.0,1,240.0
two_peak_se3_synthetic,>= reserve,capped_arrival,39,3127L_0,563.0,575.65574924,2,480.0
two_peak_se3_synthetic,>= reserve,capped_arrival,39,3127L_0,575.65574924,584.469997615,1,240.0
two_peak_se3_synthetic,>= reserve,capped_arrival,39,3127L_0,593.0,603.313249825,1,240.0
two_peak_se3_synthetic,>= reserve,capped_arrival,39,3127L_0,623.0,646.411248365,1,240.0
two_peak_se3_synthetic,>= reserve,capped_arrival,39,3127L_0,653.0,673.826998865,1,240.0
two_peak_se3_synthetic,>= reserve,capped_arrival,39,3127L_0,682.0,683.0,1,240.0
two_peak_se3_synthetic,>= reserve,capped_arrival,39,3127L_0,683.0,693.7264996575,2,480.0
two_peak_se3_synthetic,>= reserve,capped_arrival,39,3127L_0,693.7264996575,697.52774915,1,240.0
two_peak_se3_synthetic,>= reserve,capped_arrival,39,3127L_0,708.0,712.0,1,240.0
two_peak_se3_synthetic,>= reserve,capped_arrival,39,3127L_0,712.0,728.0,1,240.0
two_peak_se3_synthetic,>= reserve,capped_arrival,39,3127L_0,728.0,729.21449911,2,480.0
two_peak_se3_synthetic,>= reserve,capped_arrival,39,3127L_0,729.21449911,737.0,1,240.0
two_peak_se3_synthetic,>= reserve,capped_arrival,39,3127L_0,742.0,757.0,1,240.0
two_peak_se3_synthetic,>= reserve,capped_arrival,39,3127L_0,768.0,772.0,1,240.0
two_peak_se3_synthetic,>= reserve,capped_arrival,39,3127L_0,772.0,777.0,2,480.0
two_peak_se3_synthetic,>= reserve,capped_arrival,39,3127L_0,777.0,788.0,1,240.0
two_peak_se3_synthetic,>= reserve,capped_arrival,39,3127L_0,788.0,792.0,2,480.0
two_peak_se3_synthetic,>= reserve,capped_arrival,39,3127L_0,792.0,797.0,1,240.0
two_peak_se3_synthetic,>= reserve,capped_arrival,39,3127L_0,802.0,816.0,1,240.0
two_peak_se3_synthetic,>= reserve,capped_arrival,39,3127L_0,822.0,836.0,1,240.0
two_peak_se3_synthetic,>= reserve,capped_arrival,39,3127L_0,842.0,856.0,1,240.0
two_peak_se3_synthetic,>= reserve,capped_arrival,39,3127L_0,862.0,876.0,1,240.0
two_peak_se3_synthetic,>= reserve,capped_arrival,39,3127L_0,882.0,895.0,1,240.0
two_peak_se3_synthetic,>= reserve,capped_arrival,39,3127L_0,908.0,919.0,1,240.0
two_peak_se3_synthetic,>= reserve,capped_arrival,39,3127L_0,922.0,928.0,1,240.0
two_peak_se3_synthetic,>= reserve,capped_arrival,39,3127L_0,928.0,929.0,2,480.0
two_peak_se3_synthetic,>= reserve,capped_arrival,39,3127L_0,929.0,935.9459991,1,240.0
two_peak_se3_synthetic,>= reserve,capped_arrival,39,3127L_0,943.0,948.0,1,240.0
two_peak_se3_synthetic,>= reserve,capped_arrival,39,3127L_0,948.0,949.0,2,480.0
two_peak_se3_synthetic,>= reserve,capped_arrival,39,3127L_0,949.0,958.0,1,240.0
two_peak_se3_synthetic,>= reserve,capped_arrival,39,3127L_0,969.0,978.0,1,240.0
two_peak_se3_synthetic,>= reserve,capped_arrival,39,3127L_0,982.0,983.164999875,1,240.0
two_peak_se3_synthetic,>= reserve,capped_arrival,39,3127L_0,989.0,998.0,1,240.0
two_peak_se3_synthetic,>= reserve,capped_arrival,39,3127L_0,1009.0,1020.0,1,240.0
two_peak_se3_synthetic,>= reserve,capped_arrival,39,3127L_0,1023.0,1035.0,1,240.0
two_peak_se3_synthetic,>= reserve,capped_arrival,39,3127L_0,1061.0,1075.128249005,1,240.0
two_peak_se3_synthetic,>= reserve,capped_arrival,39,3127L_0,1186.0,1207.207499475,1,240.0
two_peak_se3_synthetic,>= reserve,capped_arrival,39,3127L_0,1216.0,1233.0994997,1,240.0
two_peak_se3_synthetic,>= reserve,capped_arrival,39,3127L_0,1246.0,1272.9999999999998,1,240.0
two_peak_se3_synthetic,>= reserve,capped_arrival,39,3127L_0,1275.0,1285.0,1,240.0
two_peak_se3_synthetic,>= reserve,capped_arrival,39,3127L_0,1285.0,1293.0,2,480.0
two_peak_se3_synthetic,>= reserve,capped_arrival,39,3127L_0,1293.0,1299.185249525,1,240.0
two_peak_se3_synthetic,>= reserve,capped_arrival,39,3127L_0,1304.0,1315.0,1,240.0
two_peak_se3_synthetic,>= reserve,capped_arrival,39,3127L_0,1315.0,1323.0,2,480.0
two_peak_se3_synthetic,>= reserve,capped_arrival,39,3127L_0,1323.0,1328.5532501,1,240.0
two_peak_se3_synthetic,>= reserve,capped_arrival,39,3127L_0,1334.0,1345.0,1,240.0
two_peak_se3_synthetic,>= reserve,capped_arrival,39,3127L_0,1345.0,1354.0,2,480.0
two_peak_se3_synthetic,>= reserve,capped_arrival,39,3127L_0,1354.0,1357.281749725,1,240.0
two_peak_se3_synthetic,>= reserve,capped_arrival,39,3127L_0,1363.0,1373.917249675,1,240.0
two_peak_se3_synthetic,>= reserve,capped_arrival,39,3127L_0,1375.0,1384.0,1,240.0
two_peak_se3_synthetic,>= reserve,capped_arrival,39,3127L_0,1393.0,1398.2,1,240.0
two_peak_se3_synthetic,>= reserve,capped_arrival,39,3127L_0,1405.0,1414.0,1,240.0
two_peak_se3_synthetic,>= reserve,capped_arrival,39,3127L_0,1423.0,1425.0,1,240.0
two_peak_se3_synthetic,>= reserve,capped_arrival,39,3127L_0,1435.0,1444.0,1,240.0
two_peak_se3_synthetic,>= reserve,capped_arrival,39,3127L_0,1451.0,1464.0,1,240.0
two_peak_se3_synthetic,>= reserve,capped_arrival,39,3127L_0,1464.0,1466.577249725,2,480.0
two_peak_se3_synthetic,>= reserve,capped_arrival,39,3127L_0,1466.577249725,1474.0,1,240.0
two_peak_se3_synthetic,>= reserve,capped_arrival,39,3127L_0,1481.0,1493.0,1,240.0
two_peak_se3_synthetic,>= reserve,capped_arrival,39,3127L_0,1493.0,1493.27924975,2,480.0
two_peak_se3_synthetic,>= reserve,capped_arrival,39,3127L_0,1493.27924975,1503.73524995,1,240.0
two_peak_se3_synthetic,>= reserve,capped_arrival,39,3127L_0,1526.0,1531.2,1,240.0
two_peak_se3_synthetic,>= reserve,capped_arrival,39,4808_0,319.0,325.0,1,240.0
two_peak_se3_synthetic,>= reserve,capped_arrival,39,4808_0,339.0,346.0,1,240.0
two_peak_se3_synthetic,>= reserve,capped_arrival,39,4808_0,359.0,366.0,1,240.0
two_peak_se3_synthetic,>= reserve,capped_arrival,39,4808_0,379.0,386.0,1,240.0
two_peak_se3_synthetic,>= reserve,capped_arrival,39,4808_0,397.0,402.0,1,240.0
two_peak_se3_synthetic,>= reserve,capped_arrival,39,4808_0,413.0,421.0,1,240.0
two_peak_se3_synthetic,>= reserve,capped_arrival,39,4808_0,423.0,431.0,1,240.0
two_peak_se3_synthetic,>= reserve,capped_arrival,39,4808_0,434.0,441.0,1,240.0
two_peak_se3_synthetic,>= reserve,capped_arrival,39,4808_0,476.0,483.0,1,240.0
two_peak_se3_synthetic,>= reserve,capped_arrival,39,4808_0,488.0,495.0,1,240.0
two_peak_se3_synthetic,>= reserve,capped_arrival,39,4808_0,499.0,506.0,1,240.0
two_peak_se3_synthetic,>= reserve,capped_arrival,39,4808_0,509.0,516.0,1,240.0
two_peak_se3_synthetic,>= reserve,capped_arrival,39,4808_0,519.0,526.0,1,240.0
two_peak_se3_synthetic,>= reserve,capped_arrival,39,4808_0,607.0,614.0,1,240.0
two_peak_se3_synthetic,>= reserve,capped_arrival,39,4808_0,617.0,624.0,1,240.0
two_peak_se3_synthetic,>= reserve,capped_arrival,39,4808_0,627.0,634.0,1,240.0
two_peak_se3_synthetic,>= reserve,capped_arrival,39,4808_0,647.0,654.0,1,240.0
two_peak_se3_synthetic,>= reserve,capped_arrival,39,4808_0,667.0,674.0,1,240.0
two_peak_se3_synthetic,>= reserve,capped_arrival,39,4808_0,677.0,684.0,1,240.0
two_peak_se3_synthetic,>= reserve,capped_arrival,39,4808_0,687.0,694.0,1,240.0
two_peak_se3_synthetic,>= reserve,capped_arrival,39,4808_0,697.0,699.68999975,1,240.0
two_peak_se3_synthetic,>= reserve,capped_arrival,39,4808_0,707.0,714.0,1,240.0
two_peak_se3_synthetic,>= reserve,capped_arrival,39,4808_0,717.0,724.0,1,240.0
two_peak_se3_synthetic,>= reserve,capped_arrival,39,4808_0,727.0,731.747499625,1,240.0
two_peak_se3_synthetic,>= reserve,capped_arrival,39,4808_0,737.0,744.0,1,240.0
two_peak_se3_synthetic,>= reserve,capped_arrival,39,4808_0,747.0,754.0,1,240.0
two_peak_se3_synthetic,>= reserve,capped_arrival,39,4808_0,757.0,764.0,1,240.0
two_peak_se3_synthetic,>= reserve,capped_arrival,39,4808_0,767.0,771.287499375,1,240.0
two_peak_se3_synthetic,>= reserve,capped_arrival,39,4808_0,777.0,784.0,1,240.0
two_peak_se3_synthetic,>= reserve,capped_arrival,39,4808_0,787.0,794.0,1,240.0
two_peak_se3_synthetic,>= reserve,capped_arrival,39,4808_0,797.0,804.0,1,240.0
two_peak_se3_synthetic,>= reserve,capped_arrival,39,4808_0,807.0,814.0,1,240.0
two_peak_se3_synthetic,>= reserve,capped_arrival,39,4808_0,817.0,824.0,1,240.0
two_peak_se3_synthetic,>= reserve,capped_arrival,39,4808_0,827.0,834.0,1,240.0
two_peak_se3_synthetic,>= reserve,capped_arrival,39,4808_0,839.0,846.0,1,240.0
two_peak_se3_synthetic,>= reserve,capped_arrival,39,4808_0,849.0,856.0,1,240.0
two_peak_se3_synthetic,>= reserve,capped_arrival,39,4808_0,859.0,866.0,1,240.0
two_peak_se3_synthetic,>= reserve,capped_arrival,39,4808_0,869.0,876.0,1,240.0
two_peak_se3_synthetic,>= reserve,capped_arrival,39,4808_0,879.0,886.0,1,240.0
two_peak_se3_synthetic,>= reserve,capped_arrival,39,4808_0,889.0,896.0,1,240.0
two_peak_se3_synthetic,>= reserve,capped_arrival,39,4808_0,909.0,916.0,1,240.0
two_peak_se3_synthetic,>= reserve,capped_arrival,39,4808_0,920.0,927.0,1,240.0
two_peak_se3_synthetic,>= reserve,capped_arrival,39,4808_0,930.0,937.0,1,240.0
two_peak_se3_synthetic,>= reserve,capped_arrival,39,4808_0,950.0,957.0,1,240.0
two_peak_se3_synthetic,>= reserve,capped_arrival,39,4808_0,961.0,968.0,1,240.0
two_peak_se3_synthetic,>= reserve,capped_arrival,39,4808_0,971.0,978.0,1,240.0
two_peak_se3_synthetic,>= reserve,capped_arrival,39,4808_0,982.0,985.172499625,1,240.0
two_peak_se3_synthetic,>= reserve,capped_arrival,39,4808_0,992.0,993.5549995,1,240.0
two_peak_se3_synthetic,>= reserve,capped_arrival,39,4808_0,1001.0,1008.0,1,240.0
two_peak_se3_synthetic,>= reserve,capped_arrival,39,4808_0,1011.0,1018.0,1,240.0
two_peak_se3_synthetic,>= reserve,capped_arrival,39,4808_0,1021.0,1028.0,1,240.0
two_peak_se3_synthetic,>= reserve,capped_arrival,39,4808_0,1060.0,1067.0,1,240.0
two_peak_se3_synthetic,>= reserve,capped_arrival,39,4808_0,1070.0,1077.0,1,240.0
two_peak_se3_synthetic,>= reserve,capped_arrival,39,4808_0,1260.0,1272.0,1,240.0
two_peak_se3_synthetic,>= reserve,capped_arrival,39,4808_0,1275.0,1276.95,1,240.0
two_peak_se3_synthetic,>= reserve,capped_arrival,39,4808_0,1305.0,1315.625,1,240.0
two_peak_se3_synthetic,>= reserve,capped_arrival,39,4808_0,1325.0,1335.625,1,240.0
two_peak_se3_synthetic,>= reserve,capped_arrival,39,4808_0,1345.0,1355.625,1,240.0
two_peak_se3_synthetic,>= reserve,capped_arrival,39,4808_0,1365.0,1375.625,1,240.0
two_peak_se3_synthetic,>= reserve,capped_arrival,39,4808_0,1385.0,1395.625,1,240.0
two_peak_se3_synthetic,>= reserve,capped_arrival,39,4808_0,1404.0,1416.0,1,240.0
two_peak_se3_synthetic,>= reserve,capped_arrival,39,4808_0,1423.0,1424.95,1,240.0
two_peak_se3_synthetic,>= reserve,capped_arrival,39,4808_0,1441.0,1446.0,1,240.0
two_peak_se3_synthetic,>= reserve,capped_arrival,39,4808_0,1463.0,1473.625,1,240.0
two_peak_se3_synthetic,>= reserve,capped_arrival,39,4808_0,1493.0,1494.95,1,240.0
two_peak_se3_synthetic,>= reserve,capped_arrival,39,4808_0,1523.0,1524.95,1,240.0
two_peak_se3_synthetic,>= reserve,capped_arrival,39,7880C_0,352.0,356.99174995,1,240.0
two_peak_se3_synthetic,>= reserve,capped_arrival,39,7880C_0,383.0,394.0,1,240.0
two_peak_se3_synthetic,>= reserve,capped_arrival,39,7880C_0,413.0,424.0,1,240.0
two_peak_se3_synthetic,>= reserve,capped_arrival,39,7880C_0,428.0,434.0,1,240.0
two_peak_se3_synthetic,>= reserve,capped_arrival,39,7880C_0,444.0,452.83324933,1,240.0
two_peak_se3_synthetic,>= reserve,capped_arrival,39,7880C_0,472.0,474.0,1,240.0
two_peak_se3_synthetic,>= reserve,capped_arrival,39,7880C_0,474.0,478.067499915,2,480.0
two_peak_se3_synthetic,>= reserve,capped_arrival,39,7880C_0,478.067499915,486.58374946500015,1,240.0
two_peak_se3_synthetic,>= reserve,capped_arrival,39,7880C_0,653.0,665.0,1,240.0
two_peak_se3_synthetic,>= reserve,capped_arrival,39,7880C_0,743.0,755.0,1,240.0
two_peak_se3_synthetic,>= reserve,capped_arrival,39,7880C_0,773.0,775.0,1,240.0
two_peak_se3_synthetic,>= reserve,capped_arrival,39,7880C_0,775.0,785.0,2,480.0
two_peak_se3_synthetic,>= reserve,capped_arrival,39,7880C_0,785.0,833.0,1,240.0
two_peak_se3_synthetic,>= reserve,capped_arrival,39,7880C_0,833.0,835.0,2,480.0
two_peak_se3_synthetic,>= reserve,capped_arrival,39,7880C_0,835.0,845.0,1,240.0
two_peak_se3_synthetic,>= reserve,capped_arrival,39,7880C_0,894.0,904.0,1,240.0
two_peak_se3_synthetic,>= reserve,capped_arrival,39,7880C_0,924.0,947.0,1,240.0
two_peak_se3_synthetic,>= reserve,capped_arrival,39,7880C_0,954.0,964.0,1,240.0
two_peak_se3_synthetic,>= reserve,capped_arrival,39,7880C_0,984.0,994.0,1,240.0
two_peak_se3_synthetic,>= reserve,capped_arrival,39,7880C_0,1014.0,1024.0,1,240.0
two_peak_se3_synthetic,>= reserve,capped_arrival,39,7880C_0,1074.0,1082.640748265,1,240.0
two_peak_se3_synthetic,>= reserve,capped_arrival,39,7880C_0,1282.0,1294.1217493,1,240.0
two_peak_se3_synthetic,>= reserve,capped_arrival,39,7880C_0,1342.0,1356.0,1,240.0
two_peak_se3_synthetic,>= reserve,capped_arrival,39,7880C_0,1372.0,1383.444999915,1,240.0
two_peak_se3_synthetic,>= reserve,capped_arrival,39,7880C_0,1402.0,1416.0,1,240.0
two_peak_se3_synthetic,>= reserve,capped_arrival,39,7880C_0,1432.0,1446.0,1,240.0
two_peak_se3_synthetic,>= reserve,capped_arrival,39,7880C_0,1462.0,1464.9,1,240.0
two_peak_se3_synthetic,>= reserve,capped_arrival,39,7880C_0,1469.0,1476.0,1,240.0
two_peak_se3_synthetic,>= reserve,capped_arrival,39,7880C_0,1519.0,1521.9,1,240.0
two_peak_se3_synthetic,>= reserve,capped_arrival,39,JON_A_0,344.0,345.0,1,240.0
two_peak_se3_synthetic,>= reserve,capped_arrival,39,JON_A_0,374.0,382.0,1,240.0
two_peak_se3_synthetic,>= reserve,capped_arrival,39,JON_A_0,382.0,383.572250025,2,480.0
two_peak_se3_synthetic,>= reserve,capped_arrival,39,JON_A_0,383.572250025,385.0,1,240.0
two_peak_se3_synthetic,>= reserve,capped_arrival,39,JON_A_0,394.0,402.0,1,240.0
two_peak_se3_synthetic,>= reserve,capped_arrival,39,JON_A_0,402.0,405.0,2,480.0
two_peak_se3_synthetic,>= reserve,capped_arrival,39,JON_A_0,405.0,409.199249975,1,240.0
two_peak_se3_synthetic,>= reserve,capped_arrival,39,JON_A_0,414.0,420.0,1,240.0
two_peak_se3_synthetic,>= reserve,capped_arrival,39,JON_A_0,422.0,433.0,1,240.0
two_peak_se3_synthetic,>= reserve,capped_arrival,39,JON_A_0,462.0,473.0,1,240.0
two_peak_se3_synthetic,>= reserve,capped_arrival,39,JON_A_0,474.0,480.0,1,240.0
two_peak_se3_synthetic,>= reserve,capped_arrival,39,JON_A_0,494.0,505.0,1,240.0
two_peak_se3_synthetic,>= reserve,capped_arrival,39,JON_A_0,514.0,531.90124985,1,240.0
two_peak_se3_synthetic,>= reserve,capped_arrival,39,JON_A_0,534.0,544.342249875,1,240.0
two_peak_se3_synthetic,>= reserve,capped_arrival,39,JON_A_0,574.0,585.0,1,240.0
two_peak_se3_synthetic,>= reserve,capped_arrival,39,JON_A_0,634.0,645.0,1,240.0
two_peak_se3_synthetic,>= reserve,capped_arrival,39,JON_A_0,646.0,654.0,1,240.0
two_peak_se3_synthetic,>= reserve,capped_arrival,39,JON_A_0,654.0,655.259498995,2,480.0
two_peak_se3_synthetic,>= reserve,capped_arrival,39,JON_A_0,655.259498995,662.0,1,240.0
two_peak_se3_synthetic,>= reserve,capped_arrival,39,JON_A_0,662.0,663.78824945,2,480.0
two_peak_se3_synthetic,>= reserve,capped_arrival,39,JON_A_0,663.78824945,674.0,1,240.0
two_peak_se3_synthetic,>= reserve,capped_arrival,39,JON_A_0,674.0,684.39549935,2,480.0
two_peak_se3_synthetic,>= reserve,capped_arrival,39,JON_A_0,684.39549935,685.0,1,240.0
two_peak_se3_synthetic,>= reserve,capped_arrival,39,JON_A_0,694.0,705.0,1,240.0
two_peak_se3_synthetic,>= reserve,capped_arrival,39,JON_A_0,714.0,724.0,1,240.0
two_peak_se3_synthetic,>= reserve,capped_arrival,39,JON_A_0,734.0,745.0,1,240.0
two_peak_se3_synthetic,>= reserve,capped_arrival,39,JON_A_0,754.0,765.0,1,240.0
two_peak_se3_synthetic,>= reserve,capped_arrival,39,JON_A_0,774.0,794.0,1,240.0
two_peak_se3_synthetic,>= reserve,capped_arrival,39,JON_A_0,794.0,802.0,1,240.0
two_peak_se3_synthetic,>= reserve,capped_arrival,39,JON_A_0,802.0,805.0,2,480.0
two_peak_se3_synthetic,>= reserve,capped_arrival,39,JON_A_0,805.0,814.0,1,240.0
two_peak_se3_synthetic,>= reserve,capped_arrival,39,JON_A_0,814.0,822.0,1,240.0
two_peak_se3_synthetic,>= reserve,capped_arrival,39,JON_A_0,822.0,825.0,2,480.0
two_peak_se3_synthetic,>= reserve,capped_arrival,39,JON_A_0,825.0,834.0,1,240.0
two_peak_se3_synthetic,>= reserve,capped_arrival,39,JON_A_0,834.0,842.0,1,240.0
two_peak_se3_synthetic,>= reserve,capped_arrival,39,JON_A_0,842.0,845.0,2,480.0
two_peak_se3_synthetic,>= reserve,capped_arrival,39,JON_A_0,845.0,853.0,1,240.0
two_peak_se3_synthetic,>= reserve,capped_arrival,39,JON_A_0,854.0,862.0,1,240.0
two_peak_se3_synthetic,>= reserve,capped_arrival,39,JON_A_0,862.0,865.0,2,480.0
two_peak_se3_synthetic,>= reserve,capped_arrival,39,JON_A_0,865.0,873.0,1,240.0
two_peak_se3_synthetic,>= reserve,capped_arrival,39,JON_A_0,874.0,884.0,1,240.0
two_peak_se3_synthetic,>= reserve,capped_arrival,39,JON_A_0,884.0,885.0,2,480.0
two_peak_se3_synthetic,>= reserve,capped_arrival,39,JON_A_0,885.0,893.0,1,240.0
two_peak_se3_synthetic,>= reserve,capped_arrival,39,JON_A_0,894.0,904.0,1,240.0
two_peak_se3_synthetic,>= reserve,capped_arrival,39,JON_A_0,904.0,905.0,2,480.0
two_peak_se3_synthetic,>= reserve,capped_arrival,39,JON_A_0,905.0,913.0,1,240.0
two_peak_se3_synthetic,>= reserve,capped_arrival,39,JON_A_0,914.0,925.0,1,240.0
two_peak_se3_synthetic,>= reserve,capped_arrival,39,JON_A_0,934.0,945.0,1,240.0
two_peak_se3_synthetic,>= reserve,capped_arrival,39,JON_A_0,954.0,965.0,1,240.0
two_peak_se3_synthetic,>= reserve,capped_arrival,39,JON_A_0,974.0,984.0,1,240.0
two_peak_se3_synthetic,>= reserve,capped_arrival,39,JON_A_0,984.0,985.0,2,480.0
two_peak_se3_synthetic,>= reserve,capped_arrival,39,JON_A_0,985.0,993.0,1,240.0
two_peak_se3_synthetic,>= reserve,capped_arrival,39,JON_A_0,994.0,1004.0,1,240.0
two_peak_se3_synthetic,>= reserve,capped_arrival,39,JON_A_0,1004.0,1005.0,2,480.0
two_peak_se3_synthetic,>= reserve,capped_arrival,39,JON_A_0,1005.0,1013.0,1,240.0
two_peak_se3_synthetic,>= reserve,capped_arrival,39,JON_A_0,1044.0,1049.02449943,1,240.0
two_peak_se3_synthetic,>= reserve,capped_arrival,39,JON_A_0,1074.0,1080.0,1,240.0
two_peak_se3_synthetic,>= reserve,capped_arrival,39,JON_A_0,1094.0,1100.8847492,1,240.0
two_peak_se3_synthetic,>= reserve,capped_arrival,39,JON_A_0,1257.0,1259.774499365,1,240.0
two_peak_se3_synthetic,>= reserve,capped_arrival,39,JON_A_0,1334.0,1335.0,1,240.0
two_peak_se3_synthetic,>= reserve,capped_arrival,39,JON_A_0,1394.0,1395.0,1,240.0
two_peak_se3_synthetic,>= reserve,capped_arrival,39,JON_A_0,1482.0,1485.0,1,240.0
two_peak_se3_synthetic,>= reserve,capped_arrival,39,JON_A_0,1514.0,1515.0,1,240.0
two_peak_se3_synthetic,>= reserve,capped_arrival,39,JON_A_0,1542.0,1545.2,1,240.0
two_peak_se3_synthetic,>= reserve,capped_arrival,39,PARX_1,782.0,810.3174990825,1,240.0
two_peak_se3_synthetic,>= reserve,capped_optimized,39,2190L_0,321.0,326.0,1,240.0
two_peak_se3_synthetic,>= reserve,capped_optimized,39,2190L_0,341.0,353.575,1,240.0
two_peak_se3_synthetic,>= reserve,capped_optimized,39,2190L_0,361.0,368.0,1,240.0
two_peak_se3_synthetic,>= reserve,capped_optimized,39,2190L_0,376.0,387.0,1,240.0
two_peak_se3_synthetic,>= reserve,capped_optimized,39,2190L_0,387.0,398.0,2,480.0
two_peak_se3_synthetic,>= reserve,capped_optimized,39,2190L_0,398.0,398.057499875,2,480.0
two_peak_se3_synthetic,>= reserve,capped_optimized,39,2190L_0,398.057499875,408.0,1,240.0
two_peak_se3_synthetic,>= reserve,capped_optimized,39,2190L_0,408.0,418.0,2,480.0
two_peak_se3_synthetic,>= reserve,capped_optimized,39,2190L_0,418.0,419.0,1,240.0
two_peak_se3_synthetic,>= reserve,capped_optimized,39,2190L_0,419.0,419.057499875,2,480.0
two_peak_se3_synthetic,>= reserve,capped_optimized,39,2190L_0,419.057499875,429.0,1,240.0
two_peak_se3_synthetic,>= reserve,capped_optimized,39,2190L_0,430.0,440.0,1,240.0
two_peak_se3_synthetic,>= reserve,capped_optimized,39,2190L_0,440.0,451.0,1,240.0
two_peak_se3_synthetic,>= reserve,capped_optimized,39,2190L_0,451.0,459.0,2,480.0
two_peak_se3_synthetic,>= reserve,capped_optimized,39,2190L_0,459.0,460.0,1,240.0
two_peak_se3_synthetic,>= reserve,capped_optimized,39,2190L_0,460.0,461.632499875,2,480.0
two_peak_se3_synthetic,>= reserve,capped_optimized,39,2190L_0,461.632499875,465.172499625,1,240.0
two_peak_se3_synthetic,>= reserve,capped_optimized,39,2190L_0,469.0,480.0,1,240.0
two_peak_se3_synthetic,>= reserve,capped_optimized,39,2190L_0,481.0,493.834999,1,240.0
two_peak_se3_synthetic,>= reserve,capped_optimized,39,2190L_0,501.0,506.71999925,1,240.0
two_peak_se3_synthetic,>= reserve,capped_optimized,39,2190L_0,564.0,570.0,1,240.0
two_peak_se3_synthetic,>= reserve,capped_optimized,39,2190L_0,600.0,610.0,1,240.0
two_peak_se3_synthetic,>= reserve,capped_optimized,39,2190L_0,611.0,620.0,1,240.0
two_peak_se3_synthetic,>= reserve,capped_optimized,39,2190L_0,621.0,630.0,1,240.0
two_peak_se3_synthetic,>= reserve,capped_optimized,39,2190L_0,639.0,649.0,1,240.0
two_peak_se3_synthetic,>= reserve,capped_optimized,39,2190L_0,660.0,669.0,1,240.0
two_peak_se3_synthetic,>= reserve,capped_optimized,39,2190L_0,669.0,679.0,2,480.0
two_peak_se3_synthetic,>= reserve,capped_optimized,39,2190L_0,679.0,689.0,2,480.0
two_peak_se3_synthetic,>= reserve,capped_optimized,39,2190L_0,689.0,699.0,2,480.0
two_peak_se3_synthetic,>= reserve,capped_optimized,39,2190L_0,699.0,709.0,1,240.0
two_peak_se3_synthetic,>= reserve,capped_optimized,39,2190L_0,709.0,709.11499975,2,480.0
two_peak_se3_synthetic,>= reserve,capped_optimized,39,2190L_0,709.11499975,720.0,1,240.0
two_peak_se3_synthetic,>= reserve,capped_optimized,39,2190L_0,720.0,729.0,2,480.0
two_peak_se3_synthetic,>= reserve,capped_optimized,39,2190L_0,729.0,739.0,2,480.0
two_peak_se3_synthetic,>= reserve,capped_optimized,39,2190L_0,739.0,749.0,2,480.0
two_peak_se3_synthetic,>= reserve,capped_optimized,39,2190L_0,749.0,759.0,2,480.0
two_peak_se3_synthetic,>= reserve,capped_optimized,39,2190L_0,759.0,769.0,2,480.0
two_peak_se3_synthetic,>= reserve,capped_optimized,39,2190L_0,769.0,779.0,2,480.0
two_peak_se3_synthetic,>= reserve,capped_optimized,39,2190L_0,779.0,781.0,3,720.0
two_peak_se3_synthetic,>= reserve,capped_optimized,39,2190L_0,781.0,789.0,2,480.0
two_peak_se3_synthetic,>= reserve,capped_optimized,39,2190L_0,789.0,791.0,3,720.0
two_peak_se3_synthetic,>= reserve,capped_optimized,39,2190L_0,791.0,800.0,2,480.0
two_peak_se3_synthetic,>= reserve,capped_optimized,39,2190L_0,800.0,810.0,2,480.0
two_peak_se3_synthetic,>= reserve,capped_optimized,39,2190L_0,810.0,820.0,2,480.0
two_peak_se3_synthetic,>= reserve,capped_optimized,39,2190L_0,820.0,830.0,2,480.0
two_peak_se3_synthetic,>= reserve,capped_optimized,39,2190L_0,830.0,831.11499975,2,480.0
two_peak_se3_synthetic,>= reserve,capped_optimized,39,2190L_0,831.11499975,840.0,1,240.0
two_peak_se3_synthetic,>= reserve,capped_optimized,39,2190L_0,840.0,850.0,2,480.0
two_peak_se3_synthetic,>= reserve,capped_optimized,39,2190L_0,850.0,859.0,2,480.0
two_peak_se3_synthetic,>= reserve,capped_optimized,39,2190L_0,859.0,860.0,1,240.0
two_peak_se3_synthetic,>= reserve,capped_optimized,39,2190L_0,860.0,868.0,2,480.0
two_peak_se3_synthetic,>= reserve,capped_optimized,39,2190L_0,868.0,870.0,1,240.0
two_peak_se3_synthetic,>= reserve,capped_optimized,39,2190L_0,870.0,872.11499975,2,480.0
two_peak_se3_synthetic,>= reserve,capped_optimized,39,2190L_0,872.11499975,880.0,1,240.0
two_peak_se3_synthetic,>= reserve,capped_optimized,39,2190L_0,880.0,888.0,2,480.0
two_peak_se3_synthetic,>= reserve,capped_optimized,39,2190L_0,888.0,890.0,1,240.0
two_peak_se3_synthetic,>= reserve,capped_optimized,39,2190L_0,890.0,899.0,2,480.0
two_peak_se3_synthetic,>= reserve,capped_optimized,39,2190L_0,899.0,902.0,1,240.0
two_peak_se3_synthetic,>= reserve,capped_optimized,39,2190L_0,902.0,909.0,2,480.0
two_peak_se3_synthetic,>= reserve,capped_optimized,39,2190L_0,909.0,912.0,1,240.0
two_peak_se3_synthetic,>= reserve,capped_optimized,39,2190L_0,912.0,915.057499875,2,480.0
two_peak_se3_synthetic,>= reserve,capped_optimized,39,2190L_0,915.057499875,922.0,1,240.0
two_peak_se3_synthetic,>= reserve,capped_optimized,39,2190L_0,922.0,929.0,2,480.0
two_peak_se3_synthetic,>= reserve,capped_optimized,39,2190L_0,929.0,932.0,1,240.0
two_peak_se3_synthetic,>= reserve,capped_optimized,39,2190L_0,932.0,938.0,2,480.0
two_peak_se3_synthetic,>= reserve,capped_optimized,39,2190L_0,938.0,943.0,1,240.0
two_peak_se3_synthetic,>= reserve,capped_optimized,39,2190L_0,943.0,948.0,2,480.0
two_peak_se3_synthetic,>= reserve,capped_optimized,39,2190L_0,948.0,953.0,1,240.0
two_peak_se3_synthetic,>= reserve,capped_optimized,39,2190L_0,953.0,954.11499975,2,480.0
two_peak_se3_synthetic,>= reserve,capped_optimized,39,2190L_0,954.11499975,958.0,1,240.0
two_peak_se3_synthetic,>= reserve,capped_optimized,39,2190L_0,974.0,984.662499375,1,240.0
two_peak_se3_synthetic,>= reserve,capped_optimized,39,2190L_0,986.0,996.0,1,240.0
two_peak_se3_synthetic,>= reserve,capped_optimized,39,2190L_0,996.0,999.0,2,480.0
two_peak_se3_synthetic,>= reserve,capped_optimized,39,2190L_0,999.0,1009.0,1,240.0
two_peak_se3_synthetic,>= reserve,capped_optimized,39,2190L_0,1016.0,1024.34499925,1,240.0
two_peak_se3_synthetic,>= reserve,capped_optimized,39,2190L_0,1066.0,1075.0,1,240.0
two_peak_se3_synthetic,>= reserve,capped_optimized,39,2190L_0,1075.0,1081.777499125,2,480.0
two_peak_se3_synthetic,>= reserve,capped_optimized,39,2190L_0,1081.777499125,1084.0,1,240.0
two_peak_se3_synthetic,>= reserve,capped_optimized,39,2190L_0,1084.0,1084.352499125,2,480.0
two_peak_se3_synthetic,>= reserve,capped_optimized,39,2190L_0,1084.352499125,1086.91999925,1,240.0
two_peak_se3_synthetic,>= reserve,capped_optimized,39,2190L_0,1206.0,1216.432499875,1,240.0
two_peak_se3_synthetic,>= reserve,capped_optimized,39,2190L_0,1260.0,1270.0,1,240.0
two_peak_se3_synthetic,>= reserve,capped_optimized,39,2190L_0,1279.0,1289.432499875,1,240.0
two_peak_se3_synthetic,>= reserve,capped_optimized,39,2190L_0,1320.0,1324.0,2,480.0
two_peak_se3_synthetic,>= reserve,capped_optimized,39,2190L_0,1324.0,1330.0,3,720.0
two_peak_se3_synthetic,>= reserve,capped_optimized,39,2190L_0,1330.0,1330.432499875,2,480.0
two_peak_se3_synthetic,>= reserve,capped_optimized,39,2190L_0,1330.432499875,1333.48999975,1,240.0
two_peak_se3_synthetic,>= reserve,capped_optimized,39,2190L_0,1368.56000025,1380.0,1,240.0
two_peak_se3_synthetic,>= reserve,capped_optimized,39,2190L_0,1380.0,1390.0,2,480.0
two_peak_se3_synthetic,>= reserve,capped_optimized,39,2190L_0,1390.0,1390.432499875,1,240.0
two_peak_se3_synthetic,>= reserve,capped_optimized,39,2190L_0,1431.567500125,1442.0,1,240.0
two_peak_se3_synthetic,>= reserve,capped_optimized,39,2190L_0,1466.0,1472.0,1,240.0
two_peak_se3_synthetic,>= reserve,capped_optimized,39,2190L_0,1496.0,1500.0,1,240.0
two_peak_se3_synthetic,>= reserve,capped_optimized,39,2190L_0,1500.0,1503.0,7,1680.0
two_peak_se3_synthetic,>= reserve,capped_optimized,39,2190L_0,1503.0,1507.0,6,1440.0
two_peak_se3_synthetic,>= reserve,capped_optimized,39,2190L_0,1526.0,1533.0,1,240.0
two_peak_se3_synthetic,>= reserve,capped_optimized,39,3127L_0,326.0,334.0,1,240.0
two_peak_se3_synthetic,>= reserve,capped_optimized,39,3127L_0,345.0,353.0,1,240.0
two_peak_se3_synthetic,>= reserve,capped_optimized,39,3127L_0,356.0,369.476250075,1,240.0
two_peak_se3_synthetic,>= reserve,capped_optimized,39,3127L_0,375.0,377.0,1,240.0
two_peak_se3_synthetic,>= reserve,capped_optimized,39,3127L_0,387.0,393.0,1,240.0
two_peak_se3_synthetic,>= reserve,capped_optimized,39,3127L_0,401.0,417.0,1,240.0
two_peak_se3_synthetic,>= reserve,capped_optimized,39,3127L_0,421.0,427.0,1,240.0
two_peak_se3_synthetic,>= reserve,capped_optimized,39,3127L_0,449.0,457.0,1,240.0
two_peak_se3_synthetic,>= reserve,capped_optimized,39,3127L_0,563.0,584.469997615,1,240.0
two_peak_se3_synthetic,>= reserve,capped_optimized,39,3127L_0,600.0,610.3132498250001,1,240.0
two_peak_se3_synthetic,>= reserve,capped_optimized,39,3127L_0,623.0,646.411248365,1,240.0
two_peak_se3_synthetic,>= reserve,capped_optimized,39,3127L_0,657.173001135,678.0,1,240.0
two_peak_se3_synthetic,>= reserve,capped_optimized,39,3127L_0,683.0,693.7264996575,1,240.0
two_peak_se3_synthetic,>= reserve,capped_optimized,39,3127L_0,708.0,712.0,1,240.0
two_peak_se3_synthetic,>= reserve,capped_optimized,39,3127L_0,712.0000000000001,720.0,1,240.0
two_peak_se3_synthetic,>= reserve,capped_optimized,39,3127L_0,720.0,728.0,2,480.0
two_peak_se3_synthetic,>= reserve,capped_optimized,39,3127L_0,728.0,732.0,3,720.0
two_peak_se3_synthetic,>= reserve,capped_optimized,39,3127L_0,732.0,737.0,2,480.0
two_peak_se3_synthetic,>= reserve,capped_optimized,39,3127L_0,737.0,742.0,1,240.0
two_peak_se3_synthetic,>= reserve,capped_optimized,39,3127L_0,742.0,742.543749865,2,480.0
two_peak_se3_synthetic,>= reserve,capped_optimized,39,3127L_0,742.543749865,757.0,1,240.0
two_peak_se3_synthetic,>= reserve,capped_optimized,39,3127L_0,768.0,772.0,1,240.0
two_peak_se3_synthetic,>= reserve,capped_optimized,39,3127L_0,772.0,774.78550089,1,240.0
two_peak_se3_synthetic,>= reserve,capped_optimized,39,3127L_0,774.78550089,777.0,2,480.0
two_peak_se3_synthetic,>= reserve,capped_optimized,39,3127L_0,777.0,780.0,1,240.0
two_peak_se3_synthetic,>= reserve,capped_optimized,39,3127L_0,780.0,788.0,6,1440.0
two_peak_se3_synthetic,>= reserve,capped_optimized,39,3127L_0,788.0,788.83324933,7,1680.0
two_peak_se3_synthetic,>= reserve,capped_optimized,39,3127L_0,788.83324933,792.0,6,1440.0
two_peak_se3_synthetic,>= reserve,capped_optimized,39,3127L_0,792.0,792.32774915,5,1200.0
two_peak_se3_synthetic,>= reserve,capped_optimized,39,3127L_0,792.32774915,795.521249975,4,960.0
two_peak_se3_synthetic,>= reserve,capped_optimized,39,3127L_0,795.521249975,797.0,3,720.0
two_peak_se3_synthetic,>= reserve,capped_optimized,39,3127L_0,797.0,802.0,2,480.0
two_peak_se3_synthetic,>= reserve,capped_optimized,39,3127L_0,802.0,804.5995001325001,3,720.0
two_peak_se3_synthetic,>= reserve,capped_optimized,39,3127L_0,804.5995001325001,808.0,2,480.0
two_peak_se3_synthetic,>= reserve,capped_optimized,39,3127L_0,808.0,810.0,3,720.0
two_peak_se3_synthetic,>= reserve,capped_optimized,39,3127L_0,810.0,816.0,2,480.0
two_peak_se3_synthetic,>= reserve,capped_optimized,39,3127L_0,816.0,822.0,1,240.0
two_peak_se3_synthetic,>= reserve,capped_optimized,39,3127L_0,822.0,829.2194999499999,2,480.0
two_peak_se3_synthetic,>= reserve,capped_optimized,39,3127L_0,829.2194999499999,836.0,1,240.0
two_peak_se3_synthetic,>= reserve,capped_optimized,39,3127L_0,842.0,856.0,1,240.0
two_peak_se3_synthetic,>= reserve,capped_optimized,39,3127L_0,862.0,876.0,1,240.0
two_peak_se3_synthetic,>= reserve,capped_optimized,39,3127L_0,882.0,895.0,1,240.0
two_peak_se3_synthetic,>= reserve,capped_optimized,39,3127L_0,908.0,919.0,1,240.0
two_peak_se3_synthetic,>= reserve,capped_optimized,39,3127L_0,922.0,929.0,1,240.0
two_peak_se3_synthetic,>= reserve,capped_optimized,39,3127L_0,943.0,948.0,1,240.0
two_peak_se3_synthetic,>= reserve,capped_optimized,39,3127L_0,948.0,949.0,2,480.0
two_peak_se3_synthetic,>= reserve,capped_optimized,39,3127L_0,949.0,954.0,1,240.0
two_peak_se3_synthetic,>= reserve,capped_optimized,39,3127L_0,954.0,955.0,2,480.0
two_peak_se3_synthetic,>= reserve,capped_optimized,39,3127L_0,955.0,958.0,1,240.0
two_peak_se3_synthetic,>= reserve,capped_optimized,39,3127L_0,969.0,978.0,1,240.0
two_peak_se3_synthetic,>= reserve,capped_optimized,39,3127L_0,989.0,998.0,1,240.0
two_peak_se3_synthetic,>= reserve,capped_optimized,39,3127L_0,1009.0,1020.0,1,240.0
two_peak_se3_synthetic,>= reserve,capped_optimized,39,3127L_0,1023.0,1034.574499365,1,240.0
two_peak_se3_synthetic,>= reserve,capped_optimized,39,3127L_0,1061.0,1069.1282490049998,1,240.0
two_peak_se3_synthetic,>= reserve,capped_optimized,39,3127L_0,1196.24250052486,1213.0,1,240.0
two_peak_se3_synthetic,>= reserve,capped_optimized,39,3127L_0,1216.0,1233.0994997,1,240.0
two_peak_se3_synthetic,>= reserve,capped_optimized,39,3127L_0,1247.6360005,1273.0,1,240.0
two_peak_se3_synthetic,>= reserve,capped_optimized,39,3127L_0,1275.0,1285.0,1,240.0
two_peak_se3_synthetic,>= reserve,capped_optimized,39,3127L_0,1285.0,1293.0,2,480.0
two_peak_se3_synthetic,>= reserve,capped_optimized,39,3127L_0,1293.0,1299.185249525,1,240.0
two_peak_se3_synthetic,>= reserve,capped_optimized,39,3127L_0,1314.238000375,1319.99250051,1,240.0
two_peak_se3_synthetic,>= reserve,capped_optimized,39,3127L_0,1319.99250051,1323.0,2,480.0
two_peak_se3_synthetic,>= reserve,capped_optimized,39,3127L_0,1323.0,1333.0,1,240.0
two_peak_se3_synthetic,>= reserve,capped_optimized,39,3127L_0,1334.0,1345.0,1,240.0
two_peak_se3_synthetic,>= reserve,capped_optimized,39,3127L_0,1345.0,1354.0,2,480.0
two_peak_se3_synthetic,>= reserve,capped_optimized,39,3127L_0,1354.0,1357.281749725,1,240.0
two_peak_se3_synthetic,>= reserve,capped_optimized,39,3127L_0,1375.0,1380.0,1,240.0
two_peak_se3_synthetic,>= reserve,capped_optimized,39,3127L_0,1380.0,1384.0,2,480.0
two_peak_se3_synthetic,>= reserve,capped_optimized,39,3127L_0,1384.0,1390.917249675,1,240.0
two_peak_se3_synthetic,>= reserve,capped_optimized,39,3127L_0,1405.0,1414.0,1,240.0
two_peak_se3_synthetic,>= reserve,capped_optimized,39,3127L_0,1423.0,1425.0,1,240.0
two_peak_se3_synthetic,>= reserve,capped_optimized,39,3127L_0,1435.0,1444.0,1,240.0
two_peak_se3_synthetic,>= reserve,capped_optimized,39,3127L_0,1451.0,1461.377249725,1,240.0
two_peak_se3_synthetic,>= reserve,capped_optimized,39,3127L_0,1464.0,1474.0,1,240.0
two_peak_se3_synthetic,>= reserve,capped_optimized,39,3127L_0,1488.72075025,1496.46475005,1,240.0
two_peak_se3_synthetic,>= reserve,capped_optimized,39,3127L_0,1496.46475005,1500.0,2,480.0
two_peak_se3_synthetic,>= reserve,capped_optimized,39,3127L_0,1500.0,1501.0,5,1200.0
two_peak_se3_synthetic,>= reserve,capped_optimized,39,3127L_0,1501.0,1504.0,4,960.0
two_peak_se3_synthetic,>= reserve,capped_optimized,39,3127L_0,1504.0,1505.2,3,720.0
two_peak_se3_synthetic,>= reserve,capped_optimized,39,3127L_0,1523.0,1526.0,1,240.0
two_peak_se3_synthetic,>= reserve,capped_optimized,39,3127L_0,1526.0,1528.2,2,480.0
two_peak_se3_synthetic,>= reserve,capped_optimized,39,3127L_0,1528.2,1531.2,1,240.0
two_peak_se3_synthetic,>= reserve,capped_optimized,39,4808_0,319.0,325.0,1,240.0
two_peak_se3_synthetic,>= reserve,capped_optimized,39,4808_0,339.0,346.0,1,240.0
two_peak_se3_synthetic,>= reserve,capped_optimized,39,4808_0,359.0,366.0,1,240.0
two_peak_se3_synthetic,>= reserve,capped_optimized,39,4808_0,379.0,386.0,1,240.0
two_peak_se3_synthetic,>= reserve,capped_optimized,39,4808_0,397.0,402.0,1,240.0
two_peak_se3_synthetic,>= reserve,capped_optimized,39,4808_0,413.0,421.0,1,240.0
two_peak_se3_synthetic,>= reserve,capped_optimized,39,4808_0,423.0,426.8049995,1,240.0
two_peak_se3_synthetic,>= reserve,capped_optimized,39,4808_0,434.0,441.0,1,240.0
two_peak_se3_synthetic,>= reserve,capped_optimized,39,4808_0,476.0,483.0,1,240.0
two_peak_se3_synthetic,>= reserve,capped_optimized,39,4808_0,488.0,495.0,1,240.0
two_peak_se3_synthetic,>= reserve,capped_optimized,39,4808_0,499.0,506.0,1,240.0
two_peak_se3_synthetic,>= reserve,capped_optimized,39,4808_0,509.0,513.34499925,1,240.0
two_peak_se3_synthetic,>= reserve,capped_optimized,39,4808_0,519.0,526.0,1,240.0
two_peak_se3_synthetic,>= reserve,capped_optimized,39,4808_0,607.0,614.0,1,240.0
two_peak_se3_synthetic,>= reserve,capped_optimized,39,4808_0,617.0,624.0,1,240.0
two_peak_se3_synthetic,>= reserve,capped_optimized,39,4808_0,627.0,634.0,1,240.0
two_peak_se3_synthetic,>= reserve,capped_optimized,39,4808_0,647.0,654.0,1,240.0
two_peak_se3_synthetic,>= reserve,capped_optimized,39,4808_0,667.0,674.0,1,240.0
two_peak_se3_synthetic,>= reserve,capped_optimized,39,4808_0,677.0,684.0,1,240.0
two_peak_se3_synthetic,>= reserve,capped_optimized,39,4808_0,687.0,694.0,1,240.0
two_peak_se3_synthetic,>= reserve,capped_optimized,39,4808_0,697.0,699.29499925,1,240.0
two_peak_se3_synthetic,>= reserve,capped_optimized,39,4808_0,707.0,714.0,1,240.0
two_peak_se3_synthetic,>= reserve,capped_optimized,39,4808_0,717.0,724.0,1,240.0
two_peak_se3_synthetic,>= reserve,capped_optimized,39,4808_0,727.0,731.747499625,1,240.0
two_peak_se3_synthetic,>= reserve,capped_optimized,39,4808_0,737.0,744.0,1,240.0
two_peak_se3_synthetic,>= reserve,capped_optimized,39,4808_0,747.0,754.0,1,240.0
two_peak_se3_synthetic,>= reserve,capped_optimized,39,4808_0,757.0,764.0,1,240.0
two_peak_se3_synthetic,>= reserve,capped_optimized,39,4808_0,767.0,770.172499625,1,240.0
two_peak_se3_synthetic,>= reserve,capped_optimized,39,4808_0,777.0,784.0,1,240.0
two_peak_se3_synthetic,>= reserve,capped_optimized,39,4808_0,787.0,794.0,1,240.0
two_peak_se3_synthetic,>= reserve,capped_optimized,39,4808_0,797.0,804.0,1,240.0
two_peak_se3_synthetic,>= reserve,capped_optimized,39,4808_0,807.0,814.0,1,240.0
two_peak_se3_synthetic,>= reserve,capped_optimized,39,4808_0,817.0,824.0,1,240.0
two_peak_se3_synthetic,>= reserve,capped_optimized,39,4808_0,827.0,834.0,1,240.0
two_peak_se3_synthetic,>= reserve,capped_optimized,39,4808_0,839.0,846.0,1,240.0
two_peak_se3_synthetic,>= reserve,capped_optimized,39,4808_0,849.0,856.0,1,240.0
two_peak_se3_synthetic,>= reserve,capped_optimized,39,4808_0,859.0,866.0,1,240.0
two_peak_se3_synthetic,>= reserve,capped_optimized,39,4808_0,869.0,876.0,1,240.0
two_peak_se3_synthetic,>= reserve,capped_optimized,39,4808_0,879.0,886.0,1,240.0
two_peak_se3_synthetic,>= reserve,capped_optimized,39,4808_0,889.0,896.0,1,240.0
two_peak_se3_synthetic,>= reserve,capped_optimized,39,4808_0,909.0,916.0,1,240.0
two_peak_se3_synthetic,>= reserve,capped_optimized,39,4808_0,920.0,927.0,1,240.0
two_peak_se3_synthetic,>= reserve,capped_optimized,39,4808_0,930.0,937.0,1,240.0
two_peak_se3_synthetic,>= reserve,capped_optimized,39,4808_0,950.0,957.0,1,240.0
two_peak_se3_synthetic,>= reserve,capped_optimized,39,4808_0,961.0,968.0,1,240.0
two_peak_se3_synthetic,>= reserve,capped_optimized,39,4808_0,971.0,978.0,1,240.0
two_peak_se3_synthetic,>= reserve,capped_optimized,39,4808_0,982.0,985.172499625,1,240.0
two_peak_se3_synthetic,>= reserve,capped_optimized,39,4808_0,1001.0,1008.0,1,240.0
two_peak_se3_synthetic,>= reserve,capped_optimized,39,4808_0,1011.0,1018.0,1,240.0
two_peak_se3_synthetic,>= reserve,capped_optimized,39,4808_0,1021.0,1028.0,1,240.0
two_peak_se3_synthetic,>= reserve,capped_optimized,39,4808_0,1060.0,1061.352499125,1,240.0
two_peak_se3_synthetic,>= reserve,capped_optimized,39,4808_0,1260.0,1270.625,2,480.0
two_peak_se3_synthetic,>= reserve,capped_optimized,39,4808_0,1270.625,1272.0,1,240.0
two_peak_se3_synthetic,>= reserve,capped_optimized,39,4808_0,1305.0,1315.625,1,240.0
two_peak_se3_synthetic,>= reserve,capped_optimized,39,4808_0,1325.0,1335.625,1,240.0
two_peak_se3_synthetic,>= reserve,capped_optimized,39,4808_0,1345.0,1355.625,1,240.0
two_peak_se3_synthetic,>= reserve,capped_optimized,39,4808_0,1365.0,1375.625,1,240.0
two_peak_se3_synthetic,>= reserve,capped_optimized,39,4808_0,1385.0,1395.625,1,240.0
two_peak_se3_synthetic,>= reserve,capped_optimized,39,4808_0,1404.0,1416.0,1,240.0
two_peak_se3_synthetic,>= reserve,capped_optimized,39,4808_0,1441.0,1446.0,1,240.0
two_peak_se3_synthetic,>= reserve,capped_optimized,39,4808_0,1463.0,1473.625,1,240.0
two_peak_se3_synthetic,>= reserve,capped_optimized,39,4808_0,1500.0,1501.95,5,1200.0
two_peak_se3_synthetic,>= reserve,capped_optimized,39,4808_0,1523.0,1524.95,1,240.0
two_peak_se3_synthetic,>= reserve,capped_optimized,39,7880C_0,352.0,356.99174995,1,240.0
two_peak_se3_synthetic,>= reserve,capped_optimized,39,7880C_0,383.0,394.0,1,240.0
two_peak_se3_synthetic,>= reserve,capped_optimized,39,7880C_0,413.0,422.059498995,1,240.0
two_peak_se3_synthetic,>= reserve,capped_optimized,39,7880C_0,472.0,474.0,1,240.0
two_peak_se3_synthetic,>= reserve,capped_optimized,39,7880C_0,474.0,480.0,2,480.0
two_peak_se3_synthetic,>= reserve,capped_optimized,39,7880C_0,480.0,488.21974996499995,1,240.0
two_peak_se3_synthetic,>= reserve,capped_optimized,39,7880C_0,654.932500085,665.0,1,240.0
two_peak_se3_synthetic,>= reserve,capped_optimized,39,7880C_0,743.0,755.0,1,240.0
two_peak_se3_synthetic,>= reserve,capped_optimized,39,7880C_0,773.0,780.0,1,240.0
two_peak_se3_synthetic,>= reserve,capped_optimized,39,7880C_0,780.0,785.0,2,480.0
two_peak_se3_synthetic,>= reserve,capped_optimized,39,7880C_0,785.0,833.0,1,240.0
two_peak_se3_synthetic,>= reserve,capped_optimized,39,7880C_0,833.0,840.0,2,480.0
two_peak_se3_synthetic,>= reserve,capped_optimized,39,7880C_0,840.0,845.0,1,240.0
two_peak_se3_synthetic,>= reserve,capped_optimized,39,7880C_0,894.0,900.0,1,240.0
two_peak_se3_synthetic,>= reserve,capped_optimized,39,7880C_0,924.0,947.0,1,240.0
two_peak_se3_synthetic,>= reserve,capped_optimized,39,7880C_0,984.0,994.0,1,240.0
two_peak_se3_synthetic,>= reserve,capped_optimized,39,7880C_0,1014.0,1024.0,1,240.0
two_peak_se3_synthetic,>= reserve,capped_optimized,39,7880C_0,1074.0,1082.640748265,1,240.0
two_peak_se3_synthetic,>= reserve,capped_optimized,39,7880C_0,1260.0,1266.0,1,240.0
two_peak_se3_synthetic,>= reserve,capped_optimized,39,7880C_0,1282.0,1294.1217493,1,240.0
two_peak_se3_synthetic,>= reserve,capped_optimized,39,7880C_0,1342.0,1356.0,1,240.0
two_peak_se3_synthetic,>= reserve,capped_optimized,39,7880C_0,1375.555000085,1386.0,1,240.0
two_peak_se3_synthetic,>= reserve,capped_optimized,39,7880C_0,1402.0,1416.0,1,240.0
two_peak_se3_synthetic,>= reserve,capped_optimized,39,7880C_0,1432.0,1446.0,1,240.0
two_peak_se3_synthetic,>= reserve,capped_optimized,39,7880C_0,1469.0,1476.0,1,240.0
two_peak_se3_synthetic,>= reserve,capped_optimized,39,7880C_0,1500.0,1502.8999999999996,2,480.0
two_peak_se3_synthetic,>= reserve,capped_optimized,39,7880C_0,1519.0,1521.9,1,240.0
two_peak_se3_synthetic,>= reserve,capped_optimized,39,JON_A_0,344.0,345.0,1,240.0
two_peak_se3_synthetic,>= reserve,capped_optimized,39,JON_A_0,357.0,365.0,1,240.0
two_peak_se3_synthetic,>= reserve,capped_optimized,39,JON_A_0,374.0,382.0,1,240.0
two_peak_se3_synthetic,>= reserve,capped_optimized,39,JON_A_0,382.0,383.572250025,2,480.0
two_peak_se3_synthetic,>= reserve,capped_optimized,39,JON_A_0,383.572250025,385.0,1,240.0
two_peak_se3_synthetic,>= reserve,capped_optimized,39,JON_A_0,394.0,402.0,1,240.0
two_peak_se3_synthetic,>= reserve,capped_optimized,39,JON_A_0,402.0,405.0,2,480.0
two_peak_se3_synthetic,>= reserve,capped_optimized,39,JON_A_0,405.0,409.199249975,1,240.0
two_peak_se3_synthetic,>= reserve,capped_optimized,39,JON_A_0,414.0,420.0,1,240.0
two_peak_se3_synthetic,>= reserve,capped_optimized,39,JON_A_0,422.0,433.0,1,240.0
two_peak_se3_synthetic,>= reserve,capped_optimized,39,JON_A_0,494.0,505.0,1,240.0
two_peak_se3_synthetic,>= reserve,capped_optimized,39,JON_A_0,534.0,544.342249875,1,240.0
two_peak_se3_synthetic,>= reserve,capped_optimized,39,JON_A_0,574.0,585.0,1,240.0
two_peak_se3_synthetic,>= reserve,capped_optimized,39,JON_A_0,634.0,645.0,1,240.0
two_peak_se3_synthetic,>= reserve,capped_optimized,39,JON_A_0,662.0,663.78824945,1,240.0
two_peak_se3_synthetic,>= reserve,capped_optimized,39,JON_A_0,674.0,685.0,1,240.0
two_peak_se3_synthetic,>= reserve,capped_optimized,39,JON_A_0,694.0,705.0,1,240.0
two_peak_se3_synthetic,>= reserve,capped_optimized,39,JON_A_0,714.0,720.0,1,240.0
two_peak_se3_synthetic,>= reserve,capped_optimized,39,JON_A_0,720.0,724.0,2,480.0
two_peak_se3_synthetic,>= reserve,capped_optimized,39,JON_A_0,724.0,734.0,1,240.0
two_peak_se3_synthetic,>= reserve,capped_optimized,39,JON_A_0,734.0,745.0,2,480.0
two_peak_se3_synthetic,>= reserve,capped_optimized,39,JON_A_0,745.0,754.0,1,240.0
two_peak_se3_synthetic,>= reserve,capped_optimized,39,JON_A_0,754.0,754.360499225,2,480.0
two_peak_se3_synthetic,>= reserve,capped_optimized,39,JON_A_0,754.360499225,765.0,1,240.0
two_peak_se3_synthetic,>= reserve,capped_optimized,39,JON_A_0,774.0,794.0,1,240.0
two_peak_se3_synthetic,>= reserve,capped_optimized,39,JON_A_0,794.0,802.0,1,240.0
two_peak_se3_synthetic,>= reserve,capped_optimized,39,JON_A_0,802.0,805.0,2,480.0
two_peak_se3_synthetic,>= reserve,capped_optimized,39,JON_A_0,805.0,814.0,1,240.0
two_peak_se3_synthetic,>= reserve,capped_optimized,39,JON_A_0,814.0,822.0,1,240.0
two_peak_se3_synthetic,>= reserve,capped_optimized,39,JON_A_0,822.0,825.0,2,480.0
two_peak_se3_synthetic,>= reserve,capped_optimized,39,JON_A_0,825.0,834.0,1,240.0
two_peak_se3_synthetic,>= reserve,capped_optimized,39,JON_A_0,834.0,842.0,1,240.0
two_peak_se3_synthetic,>= reserve,capped_optimized,39,JON_A_0,842.0,845.0,2,480.0
two_peak_se3_synthetic,>= reserve,capped_optimized,39,JON_A_0,845.0,853.0,1,240.0
two_peak_se3_synthetic,>= reserve,capped_optimized,39,JON_A_0,854.0,862.0,1,240.0
two_peak_se3_synthetic,>= reserve,capped_optimized,39,JON_A_0,862.0,865.0,2,480.0
two_peak_se3_synthetic,>= reserve,capped_optimized,39,JON_A_0,865.0,873.0,1,240.0
two_peak_se3_synthetic,>= reserve,capped_optimized,39,JON_A_0,874.0,884.0,1,240.0
two_peak_se3_synthetic,>= reserve,capped_optimized,39,JON_A_0,884.0,885.0,2,480.0
two_peak_se3_synthetic,>= reserve,capped_optimized,39,JON_A_0,885.0,893.0,1,240.0
two_peak_se3_synthetic,>= reserve,capped_optimized,39,JON_A_0,894.0,904.0,1,240.0
two_peak_se3_synthetic,>= reserve,capped_optimized,39,JON_A_0,904.0,905.0,2,480.0
two_peak_se3_synthetic,>= reserve,capped_optimized,39,JON_A_0,905.0,913.0,1,240.0
two_peak_se3_synthetic,>= reserve,capped_optimized,39,JON_A_0,914.0,925.0,1,240.0
two_peak_se3_synthetic,>= reserve,capped_optimized,39,JON_A_0,934.0,945.0,1,240.0
two_peak_se3_synthetic,>= reserve,capped_optimized,39,JON_A_0,954.0,965.0,1,240.0
two_peak_se3_synthetic,>= reserve,capped_optimized,39,JON_A_0,974.0,984.0,1,240.0
two_peak_se3_synthetic,>= reserve,capped_optimized,39,JON_A_0,984.0,985.0,2,480.0
two_peak_se3_synthetic,>= reserve,capped_optimized,39,JON_A_0,985.0,992.4287498000001,1,240.0
two_peak_se3_synthetic,>= reserve,capped_optimized,39,JON_A_0,994.0,1005.0,1,240.0
two_peak_se3_synthetic,>= reserve,capped_optimized,39,JON_A_0,1044.0,1049.02449943,1,240.0
two_peak_se3_synthetic,>= reserve,capped_optimized,39,JON_A_0,1094.0,1100.8847492,1,240.0
two_peak_se3_synthetic,>= reserve,capped_optimized,39,JON_A_0,1334.0,1335.0,1,240.0
two_peak_se3_synthetic,>= reserve,capped_optimized,39,JON_A_0,1394.0,1395.0,1,240.0
two_peak_se3_synthetic,>= reserve,capped_optimized,39,JON_A_0,1482.0,1484.0,1,240.0
two_peak_se3_synthetic,>= reserve,capped_optimized,39,JON_A_0,1484.0,1485.0,2,480.0
two_peak_se3_synthetic,>= reserve,capped_optimized,39,JON_A_0,1500.0,1503.2,3,720.0
two_peak_se3_synthetic,>= reserve,capped_optimized,39,JON_A_0,1514.0,1515.0,1,240.0
two_peak_se3_synthetic,>= reserve,capped_optimized,39,JON_A_0,1542.0,1544.0,1,240.0
two_peak_se3_synthetic,>= reserve,capped_optimized,39,JON_A_0,1544.0,1545.2,2,480.0
two_peak_se3_synthetic,>= reserve,capped_optimized,39,JON_A_0,1545.2,1547.2,1,240.0
two_peak_se3_synthetic,>= reserve,capped_optimized,39,PARX_1,653.0845004600001,665.0,1,240.0
two_peak_se3_synthetic,>= reserve,capped_optimized,39,PARX_1,706.4152503738226,720.0,1,240.0
two_peak_se3_synthetic,>= reserve,capped_optimized,39,PARX_1,720.0,745.0000000006172,2,480.0
two_peak_se3_synthetic,>= reserve,capped_optimized,39,PARX_1,745.0000000006172,747.10124985,1,240.0
two_peak_se3_synthetic,>= reserve,capped_optimized,39,PARX_1,780.0,782.0,1,240.0
two_peak_se3_synthetic,>= reserve,capped_optimized,39,PARX_1,782.0,782.7459991000001,2,480.0
two_peak_se3_synthetic,>= reserve,capped_optimized,39,PARX_1,782.7459991000001,808.4674990825,1,240.0
two_peak_se3_synthetic,>= initial,uncapped_arrival,30,2190L_0,321.0,326.0,1,240.0
two_peak_se3_synthetic,>= initial,uncapped_arrival,30,2190L_0,341.0,353.575,1,240.0
two_peak_se3_synthetic,>= initial,uncapped_arrival,30,2190L_0,361.0,368.0,1,240.0
two_peak_se3_synthetic,>= initial,uncapped_arrival,30,2190L_0,376.0,387.0,1,240.0
two_peak_se3_synthetic,>= initial,uncapped_arrival,30,2190L_0,387.0,398.0,2,480.0
two_peak_se3_synthetic,>= initial,uncapped_arrival,30,2190L_0,398.0,398.057499875,2,480.0
two_peak_se3_synthetic,>= initial,uncapped_arrival,30,2190L_0,398.057499875,419.057499875,1,240.0
two_peak_se3_synthetic,>= initial,uncapped_arrival,30,2190L_0,430.0,440.0,1,240.0
two_peak_se3_synthetic,>= initial,uncapped_arrival,30,2190L_0,440.0,451.0,1,240.0
two_peak_se3_synthetic,>= initial,uncapped_arrival,30,2190L_0,451.0,459.0,2,480.0
two_peak_se3_synthetic,>= initial,uncapped_arrival,30,2190L_0,459.0,460.0,1,240.0
two_peak_se3_synthetic,>= initial,uncapped_arrival,30,2190L_0,460.0,461.632499875,2,480.0
two_peak_se3_synthetic,>= initial,uncapped_arrival,30,2190L_0,461.632499875,465.172499625,1,240.0
two_peak_se3_synthetic,>= initial,uncapped_arrival,30,2190L_0,469.0,480.0,1,240.0
two_peak_se3_synthetic,>= initial,uncapped_arrival,30,2190L_0,481.0,494.05749987499996,1,240.0
two_peak_se3_synthetic,>= initial,uncapped_arrival,30,2190L_0,564.0,570.0,1,240.0
two_peak_se3_synthetic,>= initial,uncapped_arrival,30,2190L_0,573.0,580.34499925,1,240.0
two_peak_se3_synthetic,>= initial,uncapped_arrival,30,2190L_0,611.0,620.0,1,240.0
two_peak_se3_synthetic,>= initial,uncapped_arrival,30,2190L_0,621.0,630.0,1,240.0
two_peak_se3_synthetic,>= initial,uncapped_arrival,30,2190L_0,649.0,689.0,1,240.0
two_peak_se3_synthetic,>= initial,uncapped_arrival,30,2190L_0,689.0,698.11499975,2,480.0
two_peak_se3_synthetic,>= initial,uncapped_arrival,30,2190L_0,698.11499975,699.0,1,240.0
two_peak_se3_synthetic,>= initial,uncapped_arrival,30,2190L_0,699.0,707.172499625,1,240.0
two_peak_se3_synthetic,>= initial,uncapped_arrival,30,2190L_0,709.0,719.0,1,240.0
two_peak_se3_synthetic,>= initial,uncapped_arrival,30,2190L_0,719.0,729.0,2,480.0
two_peak_se3_synthetic,>= initial,uncapped_arrival,30,2190L_0,729.0,739.0,2,480.0
two_peak_se3_synthetic,>= initial,uncapped_arrival,30,2190L_0,739.0,749.0,2,480.0
two_peak_se3_synthetic,>= initial,uncapped_arrival,30,2190L_0,749.0,759.0,2,480.0
two_peak_se3_synthetic,>= initial,uncapped_arrival,30,2190L_0,759.0,769.0,2,480.0
two_peak_se3_synthetic,>= initial,uncapped_arrival,30,2190L_0,769.0,779.0,1,240.0
two_peak_se3_synthetic,>= initial,uncapped_arrival,30,2190L_0,779.0,789.0,2,480.0
two_peak_se3_synthetic,>= initial,uncapped_arrival,30,2190L_0,789.0,791.0,3,720.0
two_peak_se3_synthetic,>= initial,uncapped_arrival,30,2190L_0,791.0,800.0,2,480.0
two_peak_se3_synthetic,>= initial,uncapped_arrival,30,2190L_0,800.0,820.0,1,240.0
two_peak_se3_synthetic,>= initial,uncapped_arrival,30,2190L_0,820.0,830.0,2,480.0
two_peak_se3_synthetic,>= initial,uncapped_arrival,30,2190L_0,830.0,840.0,2,480.0
two_peak_se3_synthetic,>= initial,uncapped_arrival,30,2190L_0,840.0,850.0,2,480.0
two_peak_se3_synthetic,>= initial,uncapped_arrival,30,2190L_0,850.0,859.0,2,480.0
two_peak_se3_synthetic,>= initial,uncapped_arrival,30,2190L_0,859.0,860.0,1,240.0
two_peak_se3_synthetic,>= initial,uncapped_arrival,30,2190L_0,860.0,868.0,2,480.0
two_peak_se3_synthetic,>= initial,uncapped_arrival,30,2190L_0,868.0,870.0,1,240.0
two_peak_se3_synthetic,>= initial,uncapped_arrival,30,2190L_0,870.0,878.0,2,480.0
two_peak_se3_synthetic,>= initial,uncapped_arrival,30,2190L_0,878.0,880.0,1,240.0
two_peak_se3_synthetic,>= initial,uncapped_arrival,30,2190L_0,880.0,888.0,2,480.0
two_peak_se3_synthetic,>= initial,uncapped_arrival,30,2190L_0,888.0,890.0,1,240.0
two_peak_se3_synthetic,>= initial,uncapped_arrival,30,2190L_0,890.0,899.0,2,480.0
two_peak_se3_synthetic,>= initial,uncapped_arrival,30,2190L_0,899.0,912.0,1,240.0
two_peak_se3_synthetic,>= initial,uncapped_arrival,30,2190L_0,912.0,914.057499875,2,480.0
two_peak_se3_synthetic,>= initial,uncapped_arrival,30,2190L_0,914.057499875,922.0,1,240.0
two_peak_se3_synthetic,>= initial,uncapped_arrival,30,2190L_0,922.0,929.0,2,480.0
two_peak_se3_synthetic,>= initial,uncapped_arrival,30,2190L_0,929.0,953.0,1,240.0
two_peak_se3_synthetic,>= initial,uncapped_arrival,30,2190L_0,953.0,958.0,2,480.0
two_peak_se3_synthetic,>= initial,uncapped_arrival,30,2190L_0,958.0,962.3024991249999,1,240.0
two_peak_se3_synthetic,>= initial,uncapped_arrival,30,2190L_0,964.0,974.0,1,240.0
two_peak_se3_synthetic,>= initial,uncapped_arrival,30,2190L_0,974.0,978.0,2,480.0
two_peak_se3_synthetic,>= initial,uncapped_arrival,30,2190L_0,978.0,984.662499375,1,240.0
two_peak_se3_synthetic,>= initial,uncapped_arrival,30,2190L_0,986.0,996.0,1,240.0
two_peak_se3_synthetic,>= initial,uncapped_arrival,30,2190L_0,996.0,999.0,2,480.0
two_peak_se3_synthetic,>= initial,uncapped_arrival,30,2190L_0,999.0,1006.0,1,240.0
two_peak_se3_synthetic,>= initial,uncapped_arrival,30,2190L_0,1006.0,1009.0,2,480.0
two_peak_se3_synthetic,>= initial,uncapped_arrival,30,2190L_0,1009.0,1016.0,1,240.0
two_peak_se3_synthetic,>= initial,uncapped_arrival,30,2190L_0,1016.0,1020.0,2,480.0
two_peak_se3_synthetic,>= initial,uncapped_arrival,30,2190L_0,1020.0,1027.0,1,240.0
two_peak_se3_synthetic,>= initial,uncapped_arrival,30,2190L_0,1027.0,1030.402499125,2,480.0
two_peak_se3_synthetic,>= initial,uncapped_arrival,30,2190L_0,1030.402499125,1033.402499125,1,240.0
two_peak_se3_synthetic,>= initial,uncapped_arrival,30,2190L_0,1047.0,1048.612499375,1,240.0
two_peak_se3_synthetic,>= initial,uncapped_arrival,30,2190L_0,1084.0,1086.91999925,1,240.0
two_peak_se3_synthetic,>= initial,uncapped_arrival,30,2190L_0,1206.0,1218.382499875,1,240.0
two_peak_se3_synthetic,>= initial,uncapped_arrival,30,2190L_0,1249.0,1266.057499875,1,240.0
two_peak_se3_synthetic,>= initial,uncapped_arrival,30,2190L_0,1279.0,1290.0,1,240.0
two_peak_se3_synthetic,>= initial,uncapped_arrival,30,2190L_0,1309.0,1324.0,1,240.0
two_peak_se3_synthetic,>= initial,uncapped_arrival,30,2190L_0,1324.0,1330.0,2,480.0
two_peak_se3_synthetic,>= initial,uncapped_arrival,30,2190L_0,1330.0,1350.0,1,240.0
two_peak_se3_synthetic,>= initial,uncapped_arrival,30,2190L_0,1427.0,1439.382499875,1,240.0
two_peak_se3_synthetic,>= initial,uncapped_arrival,30,2190L_0,1466.0,1472.0,1,240.0
two_peak_se3_synthetic,>= initial,uncapped_arrival,30,3127L_0,326.0,334.0,1,240.0
two_peak_se3_synthetic,>= initial,uncapped_arrival,30,3127L_0,356.0,369.476250075,1,240.0
two_peak_se3_synthetic,>= initial,uncapped_arrival,30,3127L_0,375.0,377.0,1,240.0
two_peak_se3_synthetic,>= initial,uncapped_arrival,30,3127L_0,387.0,393.0,1,240.0
two_peak_se3_synthetic,>= initial,uncapped_arrival,30,3127L_0,401.0,410.0,1,240.0
two_peak_se3_synthetic,>= initial,uncapped_arrival,30,3127L_0,410.0,417.0,2,480.0
two_peak_se3_synthetic,>= initial,uncapped_arrival,30,3127L_0,417.0,421.0,1,240.0
two_peak_se3_synthetic,>= initial,uncapped_arrival,30,3127L_0,421.0,423.46125002499997,2,480.0
two_peak_se3_synthetic,>= initial,uncapped_arrival,30,3127L_0,423.46125002499997,427.0,1,240.0
two_peak_se3_synthetic,>= initial,uncapped_arrival,30,3127L_0,459.0,464.0,1,240.0
two_peak_se3_synthetic,>= initial,uncapped_arrival,30,3127L_0,464.0,466.0,2,480.0
two_peak_se3_synthetic,>= initial,uncapped_arrival,30,3127L_0,466.0,467.13074995,1,240.0
two_peak_se3_synthetic,>= initial,uncapped_arrival,30,3127L_0,481.0,487.646999325,1,240.0
two_peak_se3_synthetic,>= initial,uncapped_arrival,30,3127L_0,491.0,493.0,1,240.0
two_peak_se3_synthetic,>= initial,uncapped_arrival,30,3127L_0,494.0,497.0,1,240.0
two_peak_se3_synthetic,>= initial,uncapped_arrival,30,3127L_0,500.0,514.0,1,240.0
two_peak_se3_synthetic,>= initial,uncapped_arrival,30,3127L_0,514.0,527.321250025,2,480.0
two_peak_se3_synthetic,>= initial,uncapped_arrival,30,3127L_0,527.321250025,530.34899964,1,240.0
two_peak_se3_synthetic,>= initial,uncapped_arrival,30,3127L_0,543.0,550.400499825,1,240.0
two_peak_se3_synthetic,>= initial,uncapped_arrival,30,3127L_0,563.0,565.469997615,1,240.0
two_peak_se3_synthetic,>= initial,uncapped_arrival,30,3127L_0,593.0,601.313249825,1,240.0
two_peak_se3_synthetic,>= initial,uncapped_arrival,30,3127L_0,648.0,652.0,1,240.0
two_peak_se3_synthetic,>= initial,uncapped_arrival,30,3127L_0,653.0,668.0,1,240.0
two_peak_se3_synthetic,>= initial,uncapped_arrival,30,3127L_0,668.0,672.0,2,480.0
two_peak_se3_synthetic,>= initial,uncapped_arrival,30,3127L_0,672.0,678.0,1,240.0
two_peak_se3_synthetic,>= initial,uncapped_arrival,30,3127L_0,682.0,683.0,1,240.0
two_peak_se3_synthetic,>= initial,uncapped_arrival,30,3127L_0,683.0,708.0,2,480.0
two_peak_se3_synthetic,>= initial,uncapped_arrival,30,3127L_0,708.0,712.0,2,480.0
two_peak_se3_synthetic,>= initial,uncapped_arrival,30,3127L_0,712.0,728.0,2,480.0
two_peak_se3_synthetic,>= initial,uncapped_arrival,30,3127L_0,728.0,728.79949965,3,720.0
two_peak_se3_synthetic,>= initial,uncapped_arrival,30,3127L_0,728.79949965,732.0,2,480.0
two_peak_se3_synthetic,>= initial,uncapped_arrival,30,3127L_0,732.0,737.0,1,240.0
two_peak_se3_synthetic,>= initial,uncapped_arrival,30,3127L_0,772.0,777.0,2,480.0
two_peak_se3_synthetic,>= initial,uncapped_arrival,30,3127L_0,777.0,797.0,1,240.0
two_peak_se3_synthetic,>= initial,uncapped_arrival,30,3127L_0,802.0,808.0,1,240.0
two_peak_se3_synthetic,>= initial,uncapped_arrival,30,3127L_0,808.0,810.0,2,480.0
two_peak_se3_synthetic,>= initial,uncapped_arrival,30,3127L_0,810.0,816.0,1,240.0
two_peak_se3_synthetic,>= initial,uncapped_arrival,30,3127L_0,822.0,836.0,1,240.0
two_peak_se3_synthetic,>= initial,uncapped_arrival,30,3127L_0,842.0,856.0,1,240.0
two_peak_se3_synthetic,>= initial,uncapped_arrival,30,3127L_0,862.0,868.0,1,240.0
two_peak_se3_synthetic,>= initial,uncapped_arrival,30,3127L_0,868.0,870.0,2,480.0
two_peak_se3_synthetic,>= initial,uncapped_arrival,30,3127L_0,870.0,876.0,1,240.0
two_peak_se3_synthetic,>= initial,uncapped_arrival,30,3127L_0,882.0,895.0,1,240.0
two_peak_se3_synthetic,>= initial,uncapped_arrival,30,3127L_0,899.0,900.0,1,240.0
two_peak_se3_synthetic,>= initial,uncapped_arrival,30,3127L_0,902.0,905.0,1,240.0
two_peak_se3_synthetic,>= initial,uncapped_arrival,30,3127L_0,908.0,914.0,1,240.0
two_peak_se3_synthetic,>= initial,uncapped_arrival,30,3127L_0,914.0,915.0,2,480.0
two_peak_se3_synthetic,>= initial,uncapped_arrival,30,3127L_0,915.0,919.0,1,240.0
two_peak_se3_synthetic,>= initial,uncapped_arrival,30,3127L_0,924.0,925.0,1,240.0
two_peak_se3_synthetic,>= initial,uncapped_arrival,30,3127L_0,928.0,939.0,1,240.0
two_peak_se3_synthetic,>= initial,uncapped_arrival,30,3127L_0,943.0,944.0,1,240.0
two_peak_se3_synthetic,>= initial,uncapped_arrival,30,3127L_0,944.0,945.0,2,480.0
two_peak_se3_synthetic,>= initial,uncapped_arrival,30,3127L_0,945.0,949.0,1,240.0
two_peak_se3_synthetic,>= initial,uncapped_arrival,30,3127L_0,954.0,955.0,1,240.0
two_peak_se3_synthetic,>= initial,uncapped_arrival,30,3127L_0,961.0,963.0,1,240.0
two_peak_se3_synthetic,>= initial,uncapped_arrival,30,3127L_0,963.0,964.0,2,480.0
two_peak_se3_synthetic,>= initial,uncapped_arrival,30,3127L_0,964.0,965.0,3,720.0
two_peak_se3_synthetic,>= initial,uncapped_arrival,30,3127L_0,965.0,968.0,2,480.0
two_peak_se3_synthetic,>= initial,uncapped_arrival,30,3127L_0,968.0,977.20174984,1,240.0
two_peak_se3_synthetic,>= initial,uncapped_arrival,30,3127L_0,982.0,983.0,1,240.0
two_peak_se3_synthetic,>= initial,uncapped_arrival,30,3127L_0,983.0,988.0,2,480.0
two_peak_se3_synthetic,>= initial,uncapped_arrival,30,3127L_0,988.0,989.0,1,240.0
two_peak_se3_synthetic,>= initial,uncapped_arrival,30,3127L_0,989.0,992.0,2,480.0
two_peak_se3_synthetic,>= initial,uncapped_arrival,30,3127L_0,992.0,995.0,3,720.0
two_peak_se3_synthetic,>= initial,uncapped_arrival,30,3127L_0,995.0,998.0,2,480.0
two_peak_se3_synthetic,>= initial,uncapped_arrival,30,3127L_0,998.0,1003.0,1,240.0
two_peak_se3_synthetic,>= initial,uncapped_arrival,30,3127L_0,1003.0,1005.0,2,480.0
two_peak_se3_synthetic,>= initial,uncapped_arrival,30,3127L_0,1005.0,1009.0,1,240.0
two_peak_se3_synthetic,>= initial,uncapped_arrival,30,3127L_0,1009.0,1010.0,2,480.0
two_peak_se3_synthetic,>= initial,uncapped_arrival,30,3127L_0,1010.0,1014.0,1,240.0
two_peak_se3_synthetic,>= initial,uncapped_arrival,30,3127L_0,1014.0,1015.0,2,480.0
two_peak_se3_synthetic,>= initial,uncapped_arrival,30,3127L_0,1015.0,1020.0,1,240.0
two_peak_se3_synthetic,>= initial,uncapped_arrival,30,3127L_0,1023.0,1028.0,1,240.0
two_peak_se3_synthetic,>= initial,uncapped_arrival,30,3127L_0,1028.0,1030.0,2,480.0
two_peak_se3_synthetic,>= initial,uncapped_arrival,30,3127L_0,1030.0,1035.0,1,240.0
two_peak_se3_synthetic,>= initial,uncapped_arrival,30,3127L_0,1042.0,1044.0,1,240.0
two_peak_se3_synthetic,>= initial,uncapped_arrival,30,3127L_0,1044.0,1045.0,2,480.0
two_peak_se3_synthetic,>= initial,uncapped_arrival,30,3127L_0,1045.0,1052.550749775,1,240.0
two_peak_se3_synthetic,>= initial,uncapped_arrival,30,3127L_0,1054.0,1061.0,1,240.0
two_peak_se3_synthetic,>= initial,uncapped_arrival,30,3127L_0,1068.0,1072.0,1,240.0
two_peak_se3_synthetic,>= initial,uncapped_arrival,30,3127L_0,1081.0,1089.6707499,1,240.0
two_peak_se3_synthetic,>= initial,uncapped_arrival,30,3127L_0,1161.0,1174.268998765,1,240.0
two_peak_se3_synthetic,>= initial,uncapped_arrival,30,3127L_0,1186.0,1189.957499475,1,240.0
two_peak_se3_synthetic,>= initial,uncapped_arrival,30,3127L_0,1246.0,1250.83124985,1,240.0
two_peak_se3_synthetic,>= initial,uncapped_arrival,30,3127L_0,1275.0,1285.0,1,240.0
two_peak_se3_synthetic,>= initial,uncapped_arrival,30,3127L_0,1285.0,1293.0,2,480.0
two_peak_se3_synthetic,>= initial,uncapped_arrival,30,3127L_0,1293.0,1299.185249525,1,240.0
two_peak_se3_synthetic,>= initial,uncapped_arrival,30,3127L_0,1363.0,1393.0,1,240.0
two_peak_se3_synthetic,>= initial,uncapped_arrival,30,3127L_0,1423.0,1425.0,1,240.0
two_peak_se3_synthetic,>= initial,uncapped_arrival,30,3127L_0,1451.0,1471.0,1,240.0
two_peak_se3_synthetic,>= initial,uncapped_arrival,30,4808_0,319.0,325.0,1,240.0
two_peak_se3_synthetic,>= initial,uncapped_arrival,30,4808_0,339.0,346.0,1,240.0
two_peak_se3_synthetic,>= initial,uncapped_arrival,30,4808_0,379.0,386.0,1,240.0
two_peak_se3_synthetic,>= initial,uncapped_arrival,30,4808_0,397.0,402.0,1,240.0
two_peak_se3_synthetic,>= initial,uncapped_arrival,30,4808_0,413.0,421.0,1,240.0
two_peak_se3_synthetic,>= initial,uncapped_arrival,30,4808_0,423.0,431.0,1,240.0
two_peak_se3_synthetic,>= initial,uncapped_arrival,30,4808_0,455.0,461.747499625,1,240.0
two_peak_se3_synthetic,>= initial,uncapped_arrival,30,4808_0,499.0,506.0,1,240.0
two_peak_se3_synthetic,>= initial,uncapped_arrival,30,4808_0,509.0,516.0,1,240.0
two_peak_se3_synthetic,>= initial,uncapped_arrival,30,4808_0,519.0,526.0,1,240.0
two_peak_se3_synthetic,>= initial,uncapped_arrival,30,4808_0,627.0,634.0,1,240.0
two_peak_se3_synthetic,>= initial,uncapped_arrival,30,4808_0,647.0,654.0,1,240.0
two_peak_se3_synthetic,>= initial,uncapped_arrival,30,4808_0,667.0,674.0,1,240.0
two_peak_se3_synthetic,>= initial,uncapped_arrival,30,4808_0,677.0,684.0,1,240.0
two_peak_se3_synthetic,>= initial,uncapped_arrival,30,4808_0,687.0,694.0,1,240.0
two_peak_se3_synthetic,>= initial,uncapped_arrival,30,4808_0,697.0,699.68999975,1,240.0
two_peak_se3_synthetic,>= initial,uncapped_arrival,30,4808_0,717.0,724.0,1,240.0
two_peak_se3_synthetic,>= initial,uncapped_arrival,30,4808_0,727.0,734.0,1,240.0
two_peak_se3_synthetic,>= initial,uncapped_arrival,30,4808_0,757.0,764.0,1,240.0
two_peak_se3_synthetic,>= initial,uncapped_arrival,30,4808_0,767.0,774.0,1,240.0
two_peak_se3_synthetic,>= initial,uncapped_arrival,30,4808_0,777.0,784.0,1,240.0
two_peak_se3_synthetic,>= initial,uncapped_arrival,30,4808_0,787.0,794.0,1,240.0
two_peak_se3_synthetic,>= initial,uncapped_arrival,30,4808_0,797.0,804.0,1,240.0
two_peak_se3_synthetic,>= initial,uncapped_arrival,30,4808_0,807.0,814.0,1,240.0
two_peak_se3_synthetic,>= initial,uncapped_arrival,30,4808_0,817.0,824.0,1,240.0
two_peak_se3_synthetic,>= initial,uncapped_arrival,30,4808_0,827.0,834.0,1,240.0
two_peak_se3_synthetic,>= initial,uncapped_arrival,30,4808_0,849.0,856.0,1,240.0
two_peak_se3_synthetic,>= initial,uncapped_arrival,30,4808_0,859.0,866.0,1,240.0
two_peak_se3_synthetic,>= initial,uncapped_arrival,30,4808_0,889.0,896.0,1,240.0
two_peak_se3_synthetic,>= initial,uncapped_arrival,30,4808_0,899.0,906.0,1,240.0
two_peak_se3_synthetic,>= initial,uncapped_arrival,30,4808_0,909.0,916.0,1,240.0
two_peak_se3_synthetic,>= initial,uncapped_arrival,30,4808_0,920.0,927.0,1,240.0
two_peak_se3_synthetic,>= initial,uncapped_arrival,30,4808_0,930.0,937.0,1,240.0
two_peak_se3_synthetic,>= initial,uncapped_arrival,30,4808_0,940.0,947.0,1,240.0
two_peak_se3_synthetic,>= initial,uncapped_arrival,30,4808_0,950.0,957.0,1,240.0
two_peak_se3_synthetic,>= initial,uncapped_arrival,30,4808_0,961.0,968.0,1,240.0
two_peak_se3_synthetic,>= initial,uncapped_arrival,30,4808_0,982.0,988.0,1,240.0
two_peak_se3_synthetic,>= initial,uncapped_arrival,30,4808_0,992.0,993.5549995,1,240.0
two_peak_se3_synthetic,>= initial,uncapped_arrival,30,4808_0,1021.0,1028.0,1,240.0
two_peak_se3_synthetic,>= initial,uncapped_arrival,30,4808_0,1041.0,1047.0,1,240.0
two_peak_se3_synthetic,>= initial,uncapped_arrival,30,4808_0,1060.0,1060.91999925,1,240.0
two_peak_se3_synthetic,>= initial,uncapped_arrival,30,4808_0,1070.0,1077.0,1,240.0
two_peak_se3_synthetic,>= initial,uncapped_arrival,30,4808_0,1080.0,1087.0,1,240.0
two_peak_se3_synthetic,>= initial,uncapped_arrival,30,4808_0,1260.0,1272.0,1,240.0
two_peak_se3_synthetic,>= initial,uncapped_arrival,30,4808_0,1325.0,1336.0,1,240.0
two_peak_se3_synthetic,>= initial,uncapped_arrival,30,4808_0,1345.0,1356.0,1,240.0
two_peak_se3_synthetic,>= initial,uncapped_arrival,30,4808_0,1365.0,1375.625,1,240.0
two_peak_se3_synthetic,>= initial,uncapped_arrival,30,4808_0,1385.0,1396.0,1,240.0
two_peak_se3_synthetic,>= initial,uncapped_arrival,30,4808_0,1404.0,1416.0,1,240.0
two_peak_se3_synthetic,>= initial,uncapped_arrival,30,7880C_0,352.0,356.99174995,1,240.0
two_peak_se3_synthetic,>= initial,uncapped_arrival,30,7880C_0,383.0,394.0,1,240.0
two_peak_se3_synthetic,>= initial,uncapped_arrival,30,7880C_0,413.0,424.0,1,240.0
two_peak_se3_synthetic,>= initial,uncapped_arrival,30,7880C_0,444.0,454.0,1,240.0
two_peak_se3_synthetic,>= initial,uncapped_arrival,30,7880C_0,472.0,474.0,1,240.0
two_peak_se3_synthetic,>= initial,uncapped_arrival,30,7880C_0,474.0,480.0,2,480.0
two_peak_se3_synthetic,>= initial,uncapped_arrival,30,7880C_0,480.0,484.0,1,240.0
two_peak_se3_synthetic,>= initial,uncapped_arrival,30,7880C_0,504.0,504.92274897,1,240.0
two_peak_se3_synthetic,>= initial,uncapped_arrival,30,7880C_0,531.0,534.0,1,240.0
two_peak_se3_synthetic,>= initial,uncapped_arrival,30,7880C_0,534.0,543.165249825,2,480.0
two_peak_se3_synthetic,>= initial,uncapped_arrival,30,7880C_0,543.165249825,544.61174909,1,240.0
two_peak_se3_synthetic,>= initial,uncapped_arrival,30,7880C_0,555.0,563.0,1,240.0
two_peak_se3_synthetic,>= initial,uncapped_arrival,30,7880C_0,563.0,575.0,2,480.0
two_peak_se3_synthetic,>= initial,uncapped_arrival,30,7880C_0,575.0,576.87200015,1,240.0
two_peak_se3_synthetic,>= initial,uncapped_arrival,30,7880C_0,653.0,665.0,1,240.0
two_peak_se3_synthetic,>= initial,uncapped_arrival,30,7880C_0,743.0,755.0,1,240.0
two_peak_se3_synthetic,>= initial,uncapped_arrival,30,7880C_0,773.0,775.0,1,240.0
two_peak_se3_synthetic,>= initial,uncapped_arrival,30,7880C_0,775.0,785.0,2,480.0
two_peak_se3_synthetic,>= initial,uncapped_arrival,30,7880C_0,785.0,833.0,1,240.0
two_peak_se3_synthetic,>= initial,uncapped_arrival,30,7880C_0,833.0,835.0,2,480.0
two_peak_se3_synthetic,>= initial,uncapped_arrival,30,7880C_0,835.0,845.0,1,240.0
two_peak_se3_synthetic,>= initial,uncapped_arrival,30,7880C_0,894.0,904.0,1,240.0
two_peak_se3_synthetic,>= initial,uncapped_arrival,30,7880C_0,924.0,947.0,1,240.0
two_peak_se3_synthetic,>= initial,uncapped_arrival,30,7880C_0,954.0,964.0,1,240.0
two_peak_se3_synthetic,>= initial,uncapped_arrival,30,JON_A_0,344.0,345.0,1,240.0
two_peak_se3_synthetic,>= initial,uncapped_arrival,30,JON_A_0,357.0,365.0,1,240.0
two_peak_se3_synthetic,>= initial,uncapped_arrival,30,JON_A_0,402.0,409.199249975,1,240.0
two_peak_se3_synthetic,>= initial,uncapped_arrival,30,JON_A_0,414.0,420.0,1,240.0
two_peak_se3_synthetic,>= initial,uncapped_arrival,30,JON_A_0,422.0,433.0,1,240.0
two_peak_se3_synthetic,>= initial,uncapped_arrival,30,JON_A_0,434.0,439.0,1,240.0
two_peak_se3_synthetic,>= initial,uncapped_arrival,30,JON_A_0,442.0,445.0,1,240.0
two_peak_se3_synthetic,>= initial,uncapped_arrival,30,JON_A_0,448.0,453.0,1,240.0
two_peak_se3_synthetic,>= initial,uncapped_arrival,30,JON_A_0,454.0,460.671499975,1,240.0
two_peak_se3_synthetic,>= initial,uncapped_arrival,30,JON_A_0,474.0,480.0,1,240.0
two_peak_se3_synthetic,>= initial,uncapped_arrival,30,JON_A_0,482.0,493.0,1,240.0
two_peak_se3_synthetic,>= initial,uncapped_arrival,30,JON_A_0,514.0,528.90124985,1,240.0
two_peak_se3_synthetic,>= initial,uncapped_arrival,30,JON_A_0,594.0,602.0,1,240.0
two_peak_se3_synthetic,>= initial,uncapped_arrival,30,JON_A_0,602.0,604.0,2,480.0
two_peak_se3_synthetic,>= initial,uncapped_arrival,30,JON_A_0,604.0,605.0,1,240.0
two_peak_se3_synthetic,>= initial,uncapped_arrival,30,JON_A_0,614.0,625.0,1,240.0
two_peak_se3_synthetic,>= initial,uncapped_arrival,30,JON_A_0,632.0,634.0,1,240.0
two_peak_se3_synthetic,>= initial,uncapped_arrival,30,JON_A_0,646.0,654.0,1,240.0
two_peak_se3_synthetic,>= initial,uncapped_arrival,30,JON_A_0,654.0,662.0,2,480.0
two_peak_se3_synthetic,>= initial,uncapped_arrival,30,JON_A_0,662.0,664.0,3,720.0
two_peak_se3_synthetic,>= initial,uncapped_arrival,30,JON_A_0,664.0,665.0,2,480.0
two_peak_se3_synthetic,>= initial,uncapped_arrival,30,JON_A_0,665.0,684.39549935,1,240.0
two_peak_se3_synthetic,>= initial,uncapped_arrival,30,JON_A_0,694.0,705.0,1,240.0
two_peak_se3_synthetic,>= initial,uncapped_arrival,30,JON_A_0,722.0,725.0,1,240.0
two_peak_se3_synthetic,>= initial,uncapped_arrival,30,JON_A_0,752.0,754.0,1,240.0
two_peak_se3_synthetic,>= initial,uncapped_arrival,30,JON_A_0,754.0,765.0,1,240.0
two_peak_se3_synthetic,>= initial,uncapped_arrival,30,JON_A_0,774.0,782.0,1,240.0
two_peak_se3_synthetic,>= initial,uncapped_arrival,30,JON_A_0,782.0,785.0,2,480.0
two_peak_se3_synthetic,>= initial,uncapped_arrival,30,JON_A_0,785.0,794.0,1,240.0
two_peak_se3_synthetic,>= initial,uncapped_arrival,30,JON_A_0,794.0,805.0,1,240.0
two_peak_se3_synthetic,>= initial,uncapped_arrival,30,JON_A_0,814.0,822.0,1,240.0
two_peak_se3_synthetic,>= initial,uncapped_arrival,30,JON_A_0,822.0,825.0,2,480.0
two_peak_se3_synthetic,>= initial,uncapped_arrival,30,JON_A_0,825.0,834.0,1,240.0
two_peak_se3_synthetic,>= initial,uncapped_arrival,30,JON_A_0,834.0,842.0,1,240.0
two_peak_se3_synthetic,>= initial,uncapped_arrival,30,JON_A_0,842.0,845.0,2,480.0
two_peak_se3_synthetic,>= initial,uncapped_arrival,30,JON_A_0,845.0,853.0,1,240.0
two_peak_se3_synthetic,>= initial,uncapped_arrival,30,JON_A_0,854.0,862.0,1,240.0
two_peak_se3_synthetic,>= initial,uncapped_arrival,30,JON_A_0,862.0,865.0,2,480.0
two_peak_se3_synthetic,>= initial,uncapped_arrival,30,JON_A_0,865.0,873.0,1,240.0
two_peak_se3_synthetic,>= initial,uncapped_arrival,30,JON_A_0,874.0,884.0,1,240.0
two_peak_se3_synthetic,>= initial,uncapped_arrival,30,JON_A_0,884.0,885.0,2,480.0
two_peak_se3_synthetic,>= initial,uncapped_arrival,30,JON_A_0,885.0,893.0,1,240.0
two_peak_se3_synthetic,>= initial,uncapped_arrival,30,JON_A_0,904.0,913.0,1,240.0
two_peak_se3_synthetic,>= initial,uncapped_arrival,30,JON_A_0,914.0,924.0,1,240.0
two_peak_se3_synthetic,>= initial,uncapped_arrival,30,JON_A_0,924.0,925.0,2,480.0
two_peak_se3_synthetic,>= initial,uncapped_arrival,30,JON_A_0,925.0,933.0,1,240.0
two_peak_se3_synthetic,>= initial,uncapped_arrival,30,JON_A_0,954.0,964.0,1,240.0
two_peak_se3_synthetic,>= initial,uncapped_arrival,30,JON_A_0,964.0,965.0,2,480.0
two_peak_se3_synthetic,>= initial,uncapped_arrival,30,JON_A_0,965.0,973.0,1,240.0
two_peak_se3_synthetic,>= initial,uncapped_arrival,30,JON_A_0,994.0,1004.0,1,240.0
two_peak_se3_synthetic,>= initial,uncapped_arrival,30,JON_A_0,1004.0,1005.0,2,480.0
two_peak_se3_synthetic,>= initial,uncapped_arrival,30,JON_A_0,1005.0,1013.0,1,240.0
two_peak_se3_synthetic,>= initial,uncapped_arrival,30,JON_A_0,1024.0,1032.4287498,1,240.0
two_peak_se3_synthetic,>= initial,uncapped_arrival,30,JON_A_0,1034.0,1044.0,1,240.0
two_peak_se3_synthetic,>= initial,uncapped_arrival,30,JON_A_0,1044.0,1045.0,2,480.0
two_peak_se3_synthetic,>= initial,uncapped_arrival,30,JON_A_0,1045.0,1050.92449943,1,240.0
two_peak_se3_synthetic,>= initial,uncapped_arrival,30,JON_A_0,1064.0,1073.0,1,240.0
two_peak_se3_synthetic,>= initial,uncapped_arrival,30,JON_A_0,1227.0,1229.0,1,240.0
two_peak_se3_synthetic,>= initial,uncapped_arrival,30,JON_A_0,1257.0,1260.0,1,240.0
two_peak_se3_synthetic,>= initial,uncapped_arrival,30,JON_A_0,1317.0,1320.0,1,240.0
two_peak_se3_synthetic,>= initial,uncapped_arrival,30,JON_A_0,1334.0,1335.0,1,240.0
two_peak_se3_synthetic,>= initial,uncapped_arrival,30,JON_A_0,1347.0,1350.0,1,240.0
two_peak_se3_synthetic,>= initial,uncapped_arrival,30,JON_A_0,1364.0,1365.0,1,240.0
two_peak_se3_synthetic,>= initial,uncapped_arrival,30,JON_A_0,1394.0,1395.0,1,240.0
two_peak_se3_synthetic,>= initial,uncapped_arrival,30,PARX_1,501.0,527.306749975,1,240.0
two_peak_se3_synthetic,>= initial,uncapped_arrival,30,PARX_1,556.0,579.1234996000001,1,240.0
two_peak_se3_synthetic,>= initial,uncapped_arrival,30,PARX_1,782.0,835.06774939,1,240.0
two_peak_se3_synthetic,>= initial,uncapped_arrival,30,PARX_1,999.0,1035.17999954,1,240.0
two_peak_se3_synthetic,>= initial,uncapped_arrival,30,PARX_1,1042.0,1059.0,1,240.0
two_peak_se3_synthetic,>= initial,uncapped_arrival,30,PARX_1,1059.0,1062.0,2,480.0
two_peak_se3_synthetic,>= initial,uncapped_arrival,30,PARX_1,1062.0,1071.2497496925,3,720.0
two_peak_se3_synthetic,>= initial,uncapped_arrival,30,PARX_1,1071.2497496925,1072.0,2,480.0
two_peak_se3_synthetic,>= initial,uncapped_arrival,30,PARX_1,1072.0,1082.0,4,960.0
two_peak_se3_synthetic,>= initial,uncapped_arrival,30,PARX_1,1082.0,1086.7507497,5,1200.0
two_peak_se3_synthetic,>= initial,uncapped_arrival,30,PARX_1,1086.7507497,1088.387749625,4,960.0
two_peak_se3_synthetic,>= initial,uncapped_arrival,30,PARX_1,1088.387749625,1089.0,3,720.0
two_peak_se3_synthetic,>= initial,uncapped_arrival,30,PARX_1,1089.0,1092.0,4,960.0
two_peak_se3_synthetic,>= initial,uncapped_arrival,30,PARX_1,1092.0,1099.931250045,5,1200.0
two_peak_se3_synthetic,>= initial,uncapped_arrival,30,PARX_1,1099.931250045,1107.7264996575,4,960.0
two_peak_se3_synthetic,>= initial,uncapped_arrival,30,PARX_1,1107.7264996575,1114.067499915,3,720.0
two_peak_se3_synthetic,>= initial,uncapped_arrival,30,PARX_1,1114.067499915,1121.0,2,480.0
two_peak_se3_synthetic,>= initial,uncapped_arrival,30,PARX_1,1121.0,1128.22249984,3,720.0
two_peak_se3_synthetic,>= initial,uncapped_arrival,30,PARX_1,1128.22249984,1129.48424969,2,480.0
two_peak_se3_synthetic,>= initial,uncapped_arrival,30,PARX_1,1129.48424969,1133.0,1,240.0
two_peak_se3_synthetic,>= initial,uncapped_arrival,30,PARX_1,1133.0,1138.0,2,480.0
two_peak_se3_synthetic,>= initial,uncapped_arrival,30,PARX_1,1138.0,1143.11499975,3,720.0
two_peak_se3_synthetic,>= initial,uncapped_arrival,30,PARX_1,1143.11499975,1144.0,2,480.0
two_peak_se3_synthetic,>= initial,uncapped_arrival,30,PARX_1,1144.0,1146.0,3,720.0
two_peak_se3_synthetic,>= initial,uncapped_arrival,30,PARX_1,1146.0,1153.0,4,960.0
two_peak_se3_synthetic,>= initial,uncapped_arrival,30,PARX_1,1153.0,1160.0,5,1200.0
two_peak_se3_synthetic,>= initial,uncapped_arrival,30,PARX_1,1160.0,1164.6287498,6,1440.0
two_peak_se3_synthetic,>= initial,uncapped_arrival,30,PARX_1,1164.6287498,1165.649999325,5,1200.0
two_peak_se3_synthetic,>= initial,uncapped_arrival,30,PARX_1,1165.649999325,1172.336750025,4,960.0
two_peak_se3_synthetic,>= initial,uncapped_arrival,30,PARX_1,1172.336750025,1173.164999875,3,720.0
two_peak_se3_synthetic,>= initial,uncapped_arrival,30,PARX_1,1173.164999875,1181.11499975,2,480.0
two_peak_se3_synthetic,>= initial,uncapped_arrival,30,PARX_1,1181.11499975,1183.577749565,1,240.0
two_peak_se3_synthetic,>= initial,uncapped_arrival,30,PARX_1,1282.0,1297.0,1,240.0
two_peak_se3_synthetic,>= initial,uncapped_arrival,30,PARX_1,1297.0,1313.0,2,480.0
two_peak_se3_synthetic,>= initial,uncapped_arrival,30,PARX_1,1313.0,1342.0,3,720.0
two_peak_se3_synthetic,>= initial,uncapped_arrival,30,PARX_1,1342.0,1357.0,2,480.0
two_peak_se3_synthetic,>= initial,uncapped_arrival,30,PARX_1,1357.0,1373.0,1,240.0
two_peak_se3_synthetic,>= initial,uncapped_arrival,30,PARX_1,1406.0,1410.0,1,240.0
two_peak_se3_synthetic,>= initial,uncapped_arrival,30,PARX_1,1410.0,1426.0,2,480.0
two_peak_se3_synthetic,>= initial,uncapped_arrival,30,PARX_1,1426.0,1430.0,3,720.0
two_peak_se3_synthetic,>= initial,uncapped_arrival,30,PARX_1,1430.0,1457.0,4,960.0
two_peak_se3_synthetic,>= initial,uncapped_arrival,30,PARX_1,1457.0,1459.0,5,1200.0
two_peak_se3_synthetic,>= initial,uncapped_arrival,30,PARX_1,1459.0,1465.0,6,1440.0
two_peak_se3_synthetic,>= initial,uncapped_arrival,30,PARX_1,1465.0,1466.0,7,1680.0
two_peak_se3_synthetic,>= initial,uncapped_arrival,30,PARX_1,1466.0,1470.0,6,1440.0
two_peak_se3_synthetic,>= initial,uncapped_arrival,30,PARX_1,1470.0,1472.0,5,1200.0
two_peak_se3_synthetic,>= initial,uncapped_arrival,30,PARX_1,1472.0,1486.0,6,1440.0
two_peak_se3_synthetic,>= initial,uncapped_arrival,30,PARX_1,1486.0,1490.0,5,1200.0
two_peak_se3_synthetic,>= initial,uncapped_arrival,30,PARX_1,1490.0,1500.0,4,960.0
two_peak_se3_synthetic,>= initial,uncapped_arrival,30,PARX_1,1500.0,1517.0,5,1200.0
two_peak_se3_synthetic,>= initial,uncapped_arrival,30,PARX_1,1517.0,1519.0,4,960.0
two_peak_se3_synthetic,>= initial,uncapped_arrival,30,PARX_1,1519.0,1525.0,3,720.0
two_peak_se3_synthetic,>= initial,uncapped_arrival,30,PARX_1,1525.0,1530.0,2,480.0
two_peak_se3_synthetic,>= initial,uncapped_arrival,30,PARX_1,1530.0,1532.0,3,720.0
two_peak_se3_synthetic,>= initial,uncapped_arrival,30,PARX_1,1532.0,1540.0,2,480.0
two_peak_se3_synthetic,>= initial,uncapped_arrival,30,PARX_1,1540.0,1560.0,3,720.0
two_peak_se3_synthetic,>= initial,uncapped_optimized,30,2190L_0,321.0,326.0,1,240.0
two_peak_se3_synthetic,>= initial,uncapped_optimized,30,2190L_0,341.0,353.575,1,240.0
two_peak_se3_synthetic,>= initial,uncapped_optimized,30,2190L_0,361.0,368.0,1,240.0
two_peak_se3_synthetic,>= initial,uncapped_optimized,30,2190L_0,376.0,387.0,1,240.0
two_peak_se3_synthetic,>= initial,uncapped_optimized,30,2190L_0,387.0,398.0,2,480.0
two_peak_se3_synthetic,>= initial,uncapped_optimized,30,2190L_0,398.0,398.057499875,2,480.0
two_peak_se3_synthetic,>= initial,uncapped_optimized,30,2190L_0,398.057499875,419.057499875,1,240.0
two_peak_se3_synthetic,>= initial,uncapped_optimized,30,2190L_0,430.0,440.0,1,240.0
two_peak_se3_synthetic,>= initial,uncapped_optimized,30,2190L_0,440.0,451.0,1,240.0
two_peak_se3_synthetic,>= initial,uncapped_optimized,30,2190L_0,451.0,459.0,2,480.0
two_peak_se3_synthetic,>= initial,uncapped_optimized,30,2190L_0,459.0,460.0,1,240.0
two_peak_se3_synthetic,>= initial,uncapped_optimized,30,2190L_0,460.0,461.172499625,2,480.0
two_peak_se3_synthetic,>= initial,uncapped_optimized,30,2190L_0,461.172499625,461.632499875,1,240.0
two_peak_se3_synthetic,>= initial,uncapped_optimized,30,2190L_0,469.0,475.68999974999997,1,240.0
two_peak_se3_synthetic,>= initial,uncapped_optimized,30,2190L_0,481.0,494.057499875,1,240.0
two_peak_se3_synthetic,>= initial,uncapped_optimized,30,2190L_0,564.0,570.0,1,240.0
two_peak_se3_synthetic,>= initial,uncapped_optimized,30,2190L_0,582.0,582.977499125,1,240.0
two_peak_se3_synthetic,>= initial,uncapped_optimized,30,2190L_0,600.0,610.0,1,240.0
two_peak_se3_synthetic,>= initial,uncapped_optimized,30,2190L_0,611.0,620.0,1,240.0
two_peak_se3_synthetic,>= initial,uncapped_optimized,30,2190L_0,621.0,630.0,1,240.0
two_peak_se3_synthetic,>= initial,uncapped_optimized,30,2190L_0,660.0,689.0,1,240.0
two_peak_se3_synthetic,>= initial,uncapped_optimized,30,2190L_0,689.0,699.0,2,480.0
two_peak_se3_synthetic,>= initial,uncapped_optimized,30,2190L_0,699.0,709.0,1,240.0
two_peak_se3_synthetic,>= initial,uncapped_optimized,30,2190L_0,709.0,709.11499975,2,480.0
two_peak_se3_synthetic,>= initial,uncapped_optimized,30,2190L_0,709.11499975,720.0,1,240.0
two_peak_se3_synthetic,>= initial,uncapped_optimized,30,2190L_0,720.0,729.0,2,480.0
two_peak_se3_synthetic,>= initial,uncapped_optimized,30,2190L_0,729.0,739.0,2,480.0
two_peak_se3_synthetic,>= initial,uncapped_optimized,30,2190L_0,739.0,749.0,2,480.0
two_peak_se3_synthetic,>= initial,uncapped_optimized,30,2190L_0,749.0,759.0,2,480.0
two_peak_se3_synthetic,>= initial,uncapped_optimized,30,2190L_0,759.0,769.0,2,480.0
two_peak_se3_synthetic,>= initial,uncapped_optimized,30,2190L_0,769.0,779.0,1,240.0
two_peak_se3_synthetic,>= initial,uncapped_optimized,30,2190L_0,779.0,789.0,2,480.0
two_peak_se3_synthetic,>= initial,uncapped_optimized,30,2190L_0,789.0,791.0,3,720.0
two_peak_se3_synthetic,>= initial,uncapped_optimized,30,2190L_0,791.0,800.0,2,480.0
two_peak_se3_synthetic,>= initial,uncapped_optimized,30,2190L_0,800.0,820.0,1,240.0
two_peak_se3_synthetic,>= initial,uncapped_optimized,30,2190L_0,820.0,830.0,2,480.0
two_peak_se3_synthetic,>= initial,uncapped_optimized,30,2190L_0,830.0,838.1149997499997,2,480.0
two_peak_se3_synthetic,>= initial,uncapped_optimized,30,2190L_0,838.1149997499997,840.0,1,240.0
two_peak_se3_synthetic,>= initial,uncapped_optimized,30,2190L_0,840.0,850.0,2,480.0
two_peak_se3_synthetic,>= initial,uncapped_optimized,30,2190L_0,850.0,859.0,2,480.0
two_peak_se3_synthetic,>= initial,uncapped_optimized,30,2190L_0,859.0,860.0,1,240.0
two_peak_se3_synthetic,>= initial,uncapped_optimized,30,2190L_0,860.0,868.0,2,480.0
two_peak_se3_synthetic,>= initial,uncapped_optimized,30,2190L_0,868.0,870.0,1,240.0
two_peak_se3_synthetic,>= initial,uncapped_optimized,30,2190L_0,870.0,878.0,2,480.0
two_peak_se3_synthetic,>= initial,uncapped_optimized,30,2190L_0,878.0,880.0,1,240.0
two_peak_se3_synthetic,>= initial,uncapped_optimized,30,2190L_0,880.0,888.0,2,480.0
two_peak_se3_synthetic,>= initial,uncapped_optimized,30,2190L_0,888.0,890.0,1,240.0
two_peak_se3_synthetic,>= initial,uncapped_optimized,30,2190L_0,890.0,899.0,2,480.0
two_peak_se3_synthetic,>= initial,uncapped_optimized,30,2190L_0,899.0,912.0,1,240.0
two_peak_se3_synthetic,>= initial,uncapped_optimized,30,2190L_0,912.0,915.057499875,2,480.0
two_peak_se3_synthetic,>= initial,uncapped_optimized,30,2190L_0,915.057499875,922.0,1,240.0
two_peak_se3_synthetic,>= initial,uncapped_optimized,30,2190L_0,922.0,929.0,2,480.0
two_peak_se3_synthetic,>= initial,uncapped_optimized,30,2190L_0,929.0,953.0,1,240.0
two_peak_se3_synthetic,>= initial,uncapped_optimized,30,2190L_0,953.0,954.11499975,2,480.0
two_peak_se3_synthetic,>= initial,uncapped_optimized,30,2190L_0,954.11499975,958.0,1,240.0
two_peak_se3_synthetic,>= initial,uncapped_optimized,30,2190L_0,974.0,984.662499375,1,240.0
two_peak_se3_synthetic,>= initial,uncapped_optimized,30,2190L_0,986.0,996.0,1,240.0
two_peak_se3_synthetic,>= initial,uncapped_optimized,30,2190L_0,996.0,999.0,2,480.0
two_peak_se3_synthetic,>= initial,uncapped_optimized,30,2190L_0,999.0,1009.0,1,240.0
two_peak_se3_synthetic,>= initial,uncapped_optimized,30,2190L_0,1016.0,1027.0,1,240.0
two_peak_se3_synthetic,>= initial,uncapped_optimized,30,2190L_0,1027.0,1030.402499125,2,480.0
two_peak_se3_synthetic,>= initial,uncapped_optimized,30,2190L_0,1030.402499125,1033.402499125,1,240.0
two_peak_se3_synthetic,>= initial,uncapped_optimized,30,2190L_0,1047.0,1048.612499375,1,240.0
two_peak_se3_synthetic,>= initial,uncapped_optimized,30,2190L_0,1084.0,1086.91999925,1,240.0
two_peak_se3_synthetic,>= initial,uncapped_optimized,30,2190L_0,1206.0,1218.3824998750001,1,240.0
two_peak_se3_synthetic,>= initial,uncapped_optimized,30,2190L_0,1260.0,1270.0,1,240.0
two_peak_se3_synthetic,>= initial,uncapped_optimized,30,2190L_0,1279.0,1290.0,1,240.0
two_peak_se3_synthetic,>= initial,uncapped_optimized,30,2190L_0,1309.0,1320.0,1,240.0
two_peak_se3_synthetic,>= initial,uncapped_optimized,30,2190L_0,1320.0,1324.0,2,480.0
two_peak_se3_synthetic,>= initial,uncapped_optimized,30,2190L_0,1324.0,1330.0,3,720.0
two_peak_se3_synthetic,>= initial,uncapped_optimized,30,2190L_0,1330.0,1332.382499875,2,480.0
two_peak_se3_synthetic,>= initial,uncapped_optimized,30,2190L_0,1332.382499875,1350.0,1,240.0
two_peak_se3_synthetic,>= initial,uncapped_optimized,30,2190L_0,1429.617500125,1442.0,1,240.0
two_peak_se3_synthetic,>= initial,uncapped_optimized,30,2190L_0,1466.0,1472.0,1,240.0
two_peak_se3_synthetic,>= initial,uncapped_optimized,30,3127L_0,326.0,334.0,1,240.0
two_peak_se3_synthetic,>= initial,uncapped_optimized,30,3127L_0,356.0,369.476250075,1,240.0
two_peak_se3_synthetic,>= initial,uncapped_optimized,30,3127L_0,375.0,377.0,1,240.0
two_peak_se3_synthetic,>= initial,uncapped_optimized,30,3127L_0,387.0,393.0,1,240.0
two_peak_se3_synthetic,>= initial,uncapped_optimized,30,3127L_0,401.0,410.0,1,240.0
two_peak_se3_synthetic,>= initial,uncapped_optimized,30,3127L_0,410.0,417.0,2,480.0
two_peak_se3_synthetic,>= initial,uncapped_optimized,30,3127L_0,417.0,420.0,1,240.0
two_peak_se3_synthetic,>= initial,uncapped_optimized,30,3127L_0,421.0,427.0,1,240.0
two_peak_se3_synthetic,>= initial,uncapped_optimized,30,3127L_0,464.0,466.0,1,240.0
two_peak_se3_synthetic,>= initial,uncapped_optimized,30,3127L_0,494.0,497.0,1,240.0
two_peak_se3_synthetic,>= initial,uncapped_optimized,30,3127L_0,563.0,565.469997615,1,240.0
two_peak_se3_synthetic,>= initial,uncapped_optimized,30,3127L_0,600.0,608.3132498250001,1,240.0
two_peak_se3_synthetic,>= initial,uncapped_optimized,30,3127L_0,648.0,652.0,1,240.0
two_peak_se3_synthetic,>= initial,uncapped_optimized,30,3127L_0,660.0,678.0,1,240.0
two_peak_se3_synthetic,>= initial,uncapped_optimized,30,3127L_0,683.0,686.7264996575,1,240.0
two_peak_se3_synthetic,>= initial,uncapped_optimized,30,3127L_0,708.0,712.0,1,240.0
two_peak_se3_synthetic,>= initial,uncapped_optimized,30,3127L_0,714.7405010049999,720.0,1,240.0
two_peak_se3_synthetic,>= initial,uncapped_optimized,30,3127L_0,720.0,728.0,2,480.0
two_peak_se3_synthetic,>= initial,uncapped_optimized,30,3127L_0,728.0,729.21449911,3,720.0
two_peak_se3_synthetic,>= initial,uncapped_optimized,30,3127L_0,729.21449911,737.0,2,480.0
two_peak_se3_synthetic,>= initial,uncapped_optimized,30,3127L_0,737.0,742.543749865,1,240.0
two_peak_se3_synthetic,>= initial,uncapped_optimized,30,3127L_0,772.0,777.0,2,480.0
two_peak_se3_synthetic,>= initial,uncapped_optimized,30,3127L_0,777.0,780.0,1,240.0
two_peak_se3_synthetic,>= initial,uncapped_optimized,30,3127L_0,780.0,788.83324933,3,720.0
two_peak_se3_synthetic,>= initial,uncapped_optimized,30,3127L_0,788.83324933,795.52774915,2,480.0
two_peak_se3_synthetic,>= initial,uncapped_optimized,30,3127L_0,795.52774915,797.0,1,240.0
two_peak_se3_synthetic,>= initial,uncapped_optimized,30,3127L_0,802.0,808.0,1,240.0
two_peak_se3_synthetic,>= initial,uncapped_optimized,30,3127L_0,808.0,810.0,2,480.0
two_peak_se3_synthetic,>= initial,uncapped_optimized,30,3127L_0,810.0,816.0,1,240.0
two_peak_se3_synthetic,>= initial,uncapped_optimized,30,3127L_0,822.0,836.0,1,240.0
two_peak_se3_synthetic,>= initial,uncapped_optimized,30,3127L_0,842.0,856.0,1,240.0
two_peak_se3_synthetic,>= initial,uncapped_optimized,30,3127L_0,862.0,868.0,1,240.0
two_peak_se3_synthetic,>= initial,uncapped_optimized,30,3127L_0,868.0,870.0,2,480.0
two_peak_se3_synthetic,>= initial,uncapped_optimized,30,3127L_0,870.0,876.0,1,240.0
two_peak_se3_synthetic,>= initial,uncapped_optimized,30,3127L_0,882.0,895.0,1,240.0
two_peak_se3_synthetic,>= initial,uncapped_optimized,30,3127L_0,902.0,905.0,1,240.0
two_peak_se3_synthetic,>= initial,uncapped_optimized,30,3127L_0,908.0,914.0,1,240.0
two_peak_se3_synthetic,>= initial,uncapped_optimized,30,3127L_0,914.0,915.0,2,480.0
two_peak_se3_synthetic,>= initial,uncapped_optimized,30,3127L_0,915.0,919.0,1,240.0
two_peak_se3_synthetic,>= initial,uncapped_optimized,30,3127L_0,943.0,944.0,1,240.0
two_peak_se3_synthetic,>= initial,uncapped_optimized,30,3127L_0,944.0,945.0,2,480.0
two_peak_se3_synthetic,>= initial,uncapped_optimized,30,3127L_0,945.0,949.0,1,240.0
two_peak_se3_synthetic,>= initial,uncapped_optimized,30,3127L_0,954.0,955.0,1,240.0
two_peak_se3_synthetic,>= initial,uncapped_optimized,30,3127L_0,964.0,977.20174984,1,240.0
two_peak_se3_synthetic,>= initial,uncapped_optimized,30,3127L_0,982.0,983.164999875,1,240.0
two_peak_se3_synthetic,>= initial,uncapped_optimized,30,3127L_0,989.0,998.0,1,240.0
two_peak_se3_synthetic,>= initial,uncapped_optimized,30,3127L_0,1009.0,1020.0,1,240.0
two_peak_se3_synthetic,>= initial,uncapped_optimized,30,3127L_0,1023.0,1035.0,1,240.0
two_peak_se3_synthetic,>= initial,uncapped_optimized,30,3127L_0,1042.0,1044.381999625,1,240.0
two_peak_se3_synthetic,>= initial,uncapped_optimized,30,3127L_0,1161.0,1172.068998765,1,240.0
two_peak_se3_synthetic,>= initial,uncapped_optimized,30,3127L_0,1200.0,1203.957499475,1,240.0
two_peak_se3_synthetic,>= initial,uncapped_optimized,30,3127L_0,1260.0,1273.0,1,240.0
two_peak_se3_synthetic,>= initial,uncapped_optimized,30,3127L_0,1275.0,1285.0,1,240.0
two_peak_se3_synthetic,>= initial,uncapped_optimized,30,3127L_0,1285.0,1293.0,2,480.0
two_peak_se3_synthetic,>= initial,uncapped_optimized,30,3127L_0,1293.0,1299.185249525,1,240.0
two_peak_se3_synthetic,>= initial,uncapped_optimized,30,3127L_0,1363.0,1393.0,1,240.0
two_peak_se3_synthetic,>= initial,uncapped_optimized,30,3127L_0,1423.0,1425.0,1,240.0
two_peak_se3_synthetic,>= initial,uncapped_optimized,30,3127L_0,1451.0,1471.0,1,240.0
two_peak_se3_synthetic,>= initial,uncapped_optimized,30,4808_0,319.0,325.0,1,240.0
two_peak_se3_synthetic,>= initial,uncapped_optimized,30,4808_0,339.0,346.0,1,240.0
two_peak_se3_synthetic,>= initial,uncapped_optimized,30,4808_0,379.0,386.0,1,240.0
two_peak_se3_synthetic,>= initial,uncapped_optimized,30,4808_0,397.0,402.0,1,240.0
two_peak_se3_synthetic,>= initial,uncapped_optimized,30,4808_0,413.0,421.0,1,240.0
two_peak_se3_synthetic,>= initial,uncapped_optimized,30,4808_0,423.0,429.8049995,1,240.0
two_peak_se3_synthetic,>= initial,uncapped_optimized,30,4808_0,499.0,506.0,1,240.0
two_peak_se3_synthetic,>= initial,uncapped_optimized,30,4808_0,509.0,516.0,1,240.0
two_peak_se3_synthetic,>= initial,uncapped_optimized,30,4808_0,519.0,526.0,1,240.0
two_peak_se3_synthetic,>= initial,uncapped_optimized,30,4808_0,627.0,634.0,1,240.0
two_peak_se3_synthetic,>= initial,uncapped_optimized,30,4808_0,647.0,654.0,1,240.0
two_peak_se3_synthetic,>= initial,uncapped_optimized,30,4808_0,660.0,664.0,1,240.0
two_peak_se3_synthetic,>= initial,uncapped_optimized,30,4808_0,667.0,674.0,1,240.0
two_peak_se3_synthetic,>= initial,uncapped_optimized,30,4808_0,677.0,684.0,1,240.0
two_peak_se3_synthetic,>= initial,uncapped_optimized,30,4808_0,687.0,694.0,1,240.0
two_peak_se3_synthetic,>= initial,uncapped_optimized,30,4808_0,697.0,704.0,1,240.0
two_peak_se3_synthetic,>= initial,uncapped_optimized,30,4808_0,720.0,724.0,1,240.0
two_peak_se3_synthetic,>= initial,uncapped_optimized,30,4808_0,727.0,731.747499625,1,240.0
two_peak_se3_synthetic,>= initial,uncapped_optimized,30,4808_0,757.0,764.0,1,240.0
two_peak_se3_synthetic,>= initial,uncapped_optimized,30,4808_0,767.0,771.287499375,1,240.0
two_peak_se3_synthetic,>= initial,uncapped_optimized,30,4808_0,777.0,784.0,1,240.0
two_peak_se3_synthetic,>= initial,uncapped_optimized,30,4808_0,787.0,794.0,1,240.0
two_peak_se3_synthetic,>= initial,uncapped_optimized,30,4808_0,797.0,804.0,1,240.0
two_peak_se3_synthetic,>= initial,uncapped_optimized,30,4808_0,807.0,814.0,1,240.0
two_peak_se3_synthetic,>= initial,uncapped_optimized,30,4808_0,817.0,824.0,1,240.0
two_peak_se3_synthetic,>= initial,uncapped_optimized,30,4808_0,827.0,834.0,1,240.0
two_peak_se3_synthetic,>= initial,uncapped_optimized,30,4808_0,849.0,856.0,1,240.0
two_peak_se3_synthetic,>= initial,uncapped_optimized,30,4808_0,859.0,866.0,1,240.0
two_peak_se3_synthetic,>= initial,uncapped_optimized,30,4808_0,889.0,896.0,1,240.0
two_peak_se3_synthetic,>= initial,uncapped_optimized,30,4808_0,909.0,916.0,1,240.0
two_peak_se3_synthetic,>= initial,uncapped_optimized,30,4808_0,920.0,927.0,1,240.0
two_peak_se3_synthetic,>= initial,uncapped_optimized,30,4808_0,930.0,937.0,1,240.0
two_peak_se3_synthetic,>= initial,uncapped_optimized,30,4808_0,950.0,957.0,1,240.0
two_peak_se3_synthetic,>= initial,uncapped_optimized,30,4808_0,961.0,968.0,1,240.0
two_peak_se3_synthetic,>= initial,uncapped_optimized,30,4808_0,982.0,988.0,1,240.0
two_peak_se3_synthetic,>= initial,uncapped_optimized,30,4808_0,992.0,993.5549995,1,240.0
two_peak_se3_synthetic,>= initial,uncapped_optimized,30,4808_0,1021.0,1028.0,1,240.0
two_peak_se3_synthetic,>= initial,uncapped_optimized,30,4808_0,1060.0,1067.0,1,240.0
two_peak_se3_synthetic,>= initial,uncapped_optimized,30,4808_0,1070.0,1074.34499925,1,240.0
two_peak_se3_synthetic,>= initial,uncapped_optimized,30,4808_0,1260.0,1272.0,1,240.0
two_peak_se3_synthetic,>= initial,uncapped_optimized,30,4808_0,1325.0,1336.0,1,240.0
two_peak_se3_synthetic,>= initial,uncapped_optimized,30,4808_0,1345.0,1356.0,1,240.0
two_peak_se3_synthetic,>= initial,uncapped_optimized,30,4808_0,1365.0,1375.625,1,240.0
two_peak_se3_synthetic,>= initial,uncapped_optimized,30,4808_0,1385.0,1396.0,1,240.0
two_peak_se3_synthetic,>= initial,uncapped_optimized,30,4808_0,1404.0,1416.0,1,240.0
two_peak_se3_synthetic,>= initial,uncapped_optimized,30,7880C_0,352.0,356.99174995,1,240.0
two_peak_se3_synthetic,>= initial,uncapped_optimized,30,7880C_0,383.0,394.0,1,240.0
two_peak_se3_synthetic,>= initial,uncapped_optimized,30,7880C_0,413.0,424.0,1,240.0
two_peak_se3_synthetic,>= initial,uncapped_optimized,30,7880C_0,472.0,474.0,1,240.0
two_peak_se3_synthetic,>= initial,uncapped_optimized,30,7880C_0,474.0,480.0,2,480.0
two_peak_se3_synthetic,>= initial,uncapped_optimized,30,7880C_0,654.932500085,665.0,1,240.0
two_peak_se3_synthetic,>= initial,uncapped_optimized,30,7880C_0,743.0,755.0,1,240.0
two_peak_se3_synthetic,>= initial,uncapped_optimized,30,7880C_0,773.0,780.0,1,240.0
two_peak_se3_synthetic,>= initial,uncapped_optimized,30,7880C_0,780.0,785.0,2,480.0
two_peak_se3_synthetic,>= initial,uncapped_optimized,30,7880C_0,785.0,833.0,1,240.0
two_peak_se3_synthetic,>= initial,uncapped_optimized,30,7880C_0,833.0,840.0,2,480.0
two_peak_se3_synthetic,>= initial,uncapped_optimized,30,7880C_0,840.0,845.0,1,240.0
two_peak_se3_synthetic,>= initial,uncapped_optimized,30,7880C_0,894.0,900.0,1,240.0
two_peak_se3_synthetic,>= initial,uncapped_optimized,30,7880C_0,924.0,947.0,1,240.0
two_peak_se3_synthetic,>= initial,uncapped_optimized,30,JON_A_0,344.0,345.0,1,240.0
two_peak_se3_synthetic,>= initial,uncapped_optimized,30,JON_A_0,357.0,365.0,1,240.0
two_peak_se3_synthetic,>= initial,uncapped_optimized,30,JON_A_0,402.0,409.199249975,1,240.0
two_peak_se3_synthetic,>= initial,uncapped_optimized,30,JON_A_0,414.0,420.0,1,240.0
two_peak_se3_synthetic,>= initial,uncapped_optimized,30,JON_A_0,422.0,432.826998865,1,240.0
two_peak_se3_synthetic,>= initial,uncapped_optimized,30,JON_A_0,434.0,439.0,1,240.0
two_peak_se3_synthetic,>= initial,uncapped_optimized,30,JON_A_0,660.0,662.0,1,240.0
two_peak_se3_synthetic,>= initial,uncapped_optimized,30,JON_A_0,662.0,662.78824945,2,480.0
two_peak_se3_synthetic,>= initial,uncapped_optimized,30,JON_A_0,662.78824945,664.0,1,240.0
two_peak_se3_synthetic,>= initial,uncapped_optimized,30,JON_A_0,694.0,705.0,1,240.0
two_peak_se3_synthetic,>= initial,uncapped_optimized,30,JON_A_0,720.0,722.0,1,240.0
two_peak_se3_synthetic,>= initial,uncapped_optimized,30,JON_A_0,722.0,725.0,2,480.0
two_peak_se3_synthetic,>= initial,uncapped_optimized,30,JON_A_0,725.0,752.0,1,240.0
two_peak_se3_synthetic,>= initial,uncapped_optimized,30,JON_A_0,752.0,754.0,2,480.0
two_peak_se3_synthetic,>= initial,uncapped_optimized,30,JON_A_0,754.0,758.39549935,2,480.0
two_peak_se3_synthetic,>= initial,uncapped_optimized,30,JON_A_0,758.39549935,765.0,1,240.0
two_peak_se3_synthetic,>= initial,uncapped_optimized,30,JON_A_0,774.0,782.0,1,240.0
two_peak_se3_synthetic,>= initial,uncapped_optimized,30,JON_A_0,782.0,785.0,2,480.0
two_peak_se3_synthetic,>= initial,uncapped_optimized,30,JON_A_0,785.0,794.0,1,240.0
two_peak_se3_synthetic,>= initial,uncapped_optimized,30,JON_A_0,794.0,805.0,1,240.0
two_peak_se3_synthetic,>= initial,uncapped_optimized,30,JON_A_0,814.0,822.0,1,240.0
two_peak_se3_synthetic,>= initial,uncapped_optimized,30,JON_A_0,822.0,825.0,2,480.0
two_peak_se3_synthetic,>= initial,uncapped_optimized,30,JON_A_0,825.0,834.0,1,240.0
two_peak_se3_synthetic,>= initial,uncapped_optimized,30,JON_A_0,834.0,842.0,1,240.0
two_peak_se3_synthetic,>= initial,uncapped_optimized,30,JON_A_0,842.0,845.0,2,480.0
two_peak_se3_synthetic,>= initial,uncapped_optimized,30,JON_A_0,845.0,853.0,1,240.0
two_peak_se3_synthetic,>= initial,uncapped_optimized,30,JON_A_0,854.0,862.0,1,240.0
two_peak_se3_synthetic,>= initial,uncapped_optimized,30,JON_A_0,862.0,865.0,2,480.0
two_peak_se3_synthetic,>= initial,uncapped_optimized,30,JON_A_0,865.0,873.0,1,240.0
two_peak_se3_synthetic,>= initial,uncapped_optimized,30,JON_A_0,874.0,884.0,1,240.0
two_peak_se3_synthetic,>= initial,uncapped_optimized,30,JON_A_0,884.0,885.0,2,480.0
two_peak_se3_synthetic,>= initial,uncapped_optimized,30,JON_A_0,885.0,893.0,1,240.0
two_peak_se3_synthetic,>= initial,uncapped_optimized,30,JON_A_0,904.0,913.0,1,240.0
two_peak_se3_synthetic,>= initial,uncapped_optimized,30,JON_A_0,914.0,925.0,1,240.0
two_peak_se3_synthetic,>= initial,uncapped_optimized,30,JON_A_0,954.0,965.0,1,240.0
two_peak_se3_synthetic,>= initial,uncapped_optimized,30,JON_A_0,994.0,1004.0,1,240.0
two_peak_se3_synthetic,>= initial,uncapped_optimized,30,JON_A_0,1004.0,1005.0,2,480.0
two_peak_se3_synthetic,>= initial,uncapped_optimized,30,JON_A_0,1005.0,1012.88449954,1,240.0
two_peak_se3_synthetic,>= initial,uncapped_optimized,30,JON_A_0,1034.0,1044.0,1,240.0
two_peak_se3_synthetic,>= initial,uncapped_optimized,30,JON_A_0,1044.0,1045.0,2,480.0
two_peak_se3_synthetic,>= initial,uncapped_optimized,30,JON_A_0,1045.0,1050.92449943,1,240.0
two_peak_se3_synthetic,>= initial,uncapped_optimized,30,JON_A_0,1064.0,1073.0,1,240.0
two_peak_se3_synthetic,>= initial,uncapped_optimized,30,JON_A_0,1227.0,1229.0,1,240.0
two_peak_se3_synthetic,>= initial,uncapped_optimized,30,JON_A_0,1257.0,1260.0,1,240.0
two_peak_se3_synthetic,>= initial,uncapped_optimized,30,JON_A_0,1317.0,1320.0,1,240.0
two_peak_se3_synthetic,>= initial,uncapped_optimized,30,JON_A_0,1334.0,1335.0,1,240.0
two_peak_se3_synthetic,>= initial,uncapped_optimized,30,JON_A_0,1347.0,1350.0,1,240.0
two_peak_se3_synthetic,>= initial,uncapped_optimized,30,JON_A_0,1364.0,1365.0,1,240.0
two_peak_se3_synthetic,>= initial,uncapped_optimized,30,JON_A_0,1394.0,1395.0,1,240.0
two_peak_se3_synthetic,>= initial,uncapped_optimized,30,PARX_1,660.0,665.0,1,240.0
two_peak_se3_synthetic,>= initial,uncapped_optimized,30,PARX_1,716.415250375,720.0,1,240.0
two_peak_se3_synthetic,>= initial,uncapped_optimized,30,PARX_1,720.0,745.0,2,480.0
two_peak_se3_synthetic,>= initial,uncapped_optimized,30,PARX_1,745.0,747.10124985,1,240.0
two_peak_se3_synthetic,>= initial,uncapped_optimized,30,PARX_1,780.0,782.0,1,240.0
two_peak_se3_synthetic,>= initial,uncapped_optimized,30,PARX_1,782.0,787.9459991,2,480.0
two_peak_se3_synthetic,>= initial,uncapped_optimized,30,PARX_1,787.9459991,810.3174990825,1,240.0
two_peak_se3_synthetic,>= initial,uncapped_optimized,30,PARX_1,1500.0,1530.0,28,6720.0
two_peak_se3_synthetic,>= initial,uncapped_optimized,30,PARX_1,1530.0,1540.0,29,6960.0
two_peak_se3_synthetic,>= initial,uncapped_optimized,30,PARX_1,1540.0,1552.62274985,30,7200.0
two_peak_se3_synthetic,>= initial,uncapped_optimized,30,PARX_1,1552.62274985,1559.9999999999973,29,6960.0
two_peak_se3_synthetic,>= initial,capped_arrival,30,2190L_0,321.0,326.0,1,240.0
two_peak_se3_synthetic,>= initial,capped_arrival,30,2190L_0,341.0,353.575,1,240.0
two_peak_se3_synthetic,>= initial,capped_arrival,30,2190L_0,361.0,368.0,1,240.0
two_peak_se3_synthetic,>= initial,capped_arrival,30,2190L_0,376.0,387.0,1,240.0
two_peak_se3_synthetic,>= initial,capped_arrival,30,2190L_0,387.0,398.0,2,480.0
two_peak_se3_synthetic,>= initial,capped_arrival,30,2190L_0,398.0,398.057499875,2,480.0
two_peak_se3_synthetic,>= initial,capped_arrival,30,2190L_0,398.057499875,419.05749987499996,1,240.0
two_peak_se3_synthetic,>= initial,capped_arrival,30,2190L_0,430.0,440.0,1,240.0
two_peak_se3_synthetic,>= initial,capped_arrival,30,2190L_0,440.0,451.0,1,240.0
two_peak_se3_synthetic,>= initial,capped_arrival,30,2190L_0,451.0,459.0,2,480.0
two_peak_se3_synthetic,>= initial,capped_arrival,30,2190L_0,459.0,460.0,1,240.0
two_peak_se3_synthetic,>= initial,capped_arrival,30,2190L_0,460.0,461.632499875,2,480.0
two_peak_se3_synthetic,>= initial,capped_arrival,30,2190L_0,461.632499875,465.172499625,1,240.0
two_peak_se3_synthetic,>= initial,capped_arrival,30,2190L_0,469.0,475.68999974999997,1,240.0
two_peak_se3_synthetic,>= initial,capped_arrival,30,2190L_0,481.0,494.057499875,1,240.0
two_peak_se3_synthetic,>= initial,capped_arrival,30,2190L_0,564.0,570.0,1,240.0
two_peak_se3_synthetic,>= initial,capped_arrival,30,2190L_0,573.0,580.34499925,1,240.0
two_peak_se3_synthetic,>= initial,capped_arrival,30,2190L_0,611.0,620.0,1,240.0
two_peak_se3_synthetic,>= initial,capped_arrival,30,2190L_0,621.0,630.0,1,240.0
two_peak_se3_synthetic,>= initial,capped_arrival,30,2190L_0,649.0,689.0,1,240.0
two_peak_se3_synthetic,>= initial,capped_arrival,30,2190L_0,689.0,698.11499975,2,480.0
two_peak_se3_synthetic,>= initial,capped_arrival,30,2190L_0,698.11499975,699.0,1,240.0
two_peak_se3_synthetic,>= initial,capped_arrival,30,2190L_0,699.0,707.172499625,1,240.0
two_peak_se3_synthetic,>= initial,capped_arrival,30,2190L_0,709.0,719.0,1,240.0
two_peak_se3_synthetic,>= initial,capped_arrival,30,2190L_0,719.0,729.0,2,480.0
two_peak_se3_synthetic,>= initial,capped_arrival,30,2190L_0,729.0,739.0,2,480.0
two_peak_se3_synthetic,>= initial,capped_arrival,30,2190L_0,739.0,749.0,2,480.0
two_peak_se3_synthetic,>= initial,capped_arrival,30,2190L_0,749.0,759.0,2,480.0
two_peak_se3_synthetic,>= initial,capped_arrival,30,2190L_0,759.0,769.0,2,480.0
two_peak_se3_synthetic,>= initial,capped_arrival,30,2190L_0,769.0,779.0,1,240.0
two_peak_se3_synthetic,>= initial,capped_arrival,30,2190L_0,779.0,789.0,2,480.0
two_peak_se3_synthetic,>= initial,capped_arrival,30,2190L_0,789.0,791.0,3,720.0
two_peak_se3_synthetic,>= initial,capped_arrival,30,2190L_0,791.0,800.0,2,480.0
two_peak_se3_synthetic,>= initial,capped_arrival,30,2190L_0,800.0,820.0,1,240.0
two_peak_se3_synthetic,>= initial,capped_arrival,30,2190L_0,820.0,830.0,2,480.0
two_peak_se3_synthetic,>= initial,capped_arrival,30,2190L_0,830.0,840.0,2,480.0
two_peak_se3_synthetic,>= initial,capped_arrival,30,2190L_0,840.0,850.0,2,480.0
two_peak_se3_synthetic,>= initial,capped_arrival,30,2190L_0,850.0,859.0,2,480.0
two_peak_se3_synthetic,>= initial,capped_arrival,30,2190L_0,859.0,860.0,1,240.0
two_peak_se3_synthetic,>= initial,capped_arrival,30,2190L_0,860.0,868.0,2,480.0
two_peak_se3_synthetic,>= initial,capped_arrival,30,2190L_0,868.0,870.0,1,240.0
two_peak_se3_synthetic,>= initial,capped_arrival,30,2190L_0,870.0,878.0,2,480.0
two_peak_se3_synthetic,>= initial,capped_arrival,30,2190L_0,878.0,880.0,1,240.0
two_peak_se3_synthetic,>= initial,capped_arrival,30,2190L_0,880.0,888.0,2,480.0
two_peak_se3_synthetic,>= initial,capped_arrival,30,2190L_0,888.0,890.0,1,240.0
two_peak_se3_synthetic,>= initial,capped_arrival,30,2190L_0,890.0,899.0,2,480.0
two_peak_se3_synthetic,>= initial,capped_arrival,30,2190L_0,899.0,912.0,1,240.0
two_peak_se3_synthetic,>= initial,capped_arrival,30,2190L_0,912.0,914.057499875,2,480.0
two_peak_se3_synthetic,>= initial,capped_arrival,30,2190L_0,914.057499875,922.0,1,240.0
two_peak_se3_synthetic,>= initial,capped_arrival,30,2190L_0,922.0,929.0,2,480.0
two_peak_se3_synthetic,>= initial,capped_arrival,30,2190L_0,929.0,953.0,1,240.0
two_peak_se3_synthetic,>= initial,capped_arrival,30,2190L_0,953.0,958.0,2,480.0
two_peak_se3_synthetic,>= initial,capped_arrival,30,2190L_0,958.0,962.3024991249999,1,240.0
two_peak_se3_synthetic,>= initial,capped_arrival,30,2190L_0,964.0,974.0,1,240.0
two_peak_se3_synthetic,>= initial,capped_arrival,30,2190L_0,974.0,978.0,2,480.0
two_peak_se3_synthetic,>= initial,capped_arrival,30,2190L_0,978.0,984.662499375,1,240.0
two_peak_se3_synthetic,>= initial,capped_arrival,30,2190L_0,986.0,996.0,1,240.0
two_peak_se3_synthetic,>= initial,capped_arrival,30,2190L_0,996.0,999.0,2,480.0
two_peak_se3_synthetic,>= initial,capped_arrival,30,2190L_0,999.0,1006.0,1,240.0
two_peak_se3_synthetic,>= initial,capped_arrival,30,2190L_0,1006.0,1009.0,2,480.0
two_peak_se3_synthetic,>= initial,capped_arrival,30,2190L_0,1009.0,1016.0,1,240.0
two_peak_se3_synthetic,>= initial,capped_arrival,30,2190L_0,1016.0,1020.0,2,480.0
two_peak_se3_synthetic,>= initial,capped_arrival,30,2190L_0,1020.0,1027.0,1,240.0
two_peak_se3_synthetic,>= initial,capped_arrival,30,2190L_0,1027.0,1030.402499125,2,480.0
two_peak_se3_synthetic,>= initial,capped_arrival,30,2190L_0,1030.402499125,1033.402499125,1,240.0
two_peak_se3_synthetic,>= initial,capped_arrival,30,2190L_0,1047.0,1048.612499375,1,240.0
two_peak_se3_synthetic,>= initial,capped_arrival,30,2190L_0,1084.0,1086.91999925,1,240.0
two_peak_se3_synthetic,>= initial,capped_arrival,30,2190L_0,1206.0,1218.382499875,1,240.0
two_peak_se3_synthetic,>= initial,capped_arrival,30,2190L_0,1249.0,1266.057499875,1,240.0
two_peak_se3_synthetic,>= initial,capped_arrival,30,2190L_0,1279.0,1290.0,1,240.0
two_peak_se3_synthetic,>= initial,capped_arrival,30,2190L_0,1309.0,1324.0,1,240.0
two_peak_se3_synthetic,>= initial,capped_arrival,30,2190L_0,1324.0,1330.0,2,480.0
two_peak_se3_synthetic,>= initial,capped_arrival,30,2190L_0,1330.0,1350.0,1,240.0
two_peak_se3_synthetic,>= initial,capped_arrival,30,2190L_0,1427.0,1439.382499875,1,240.0
two_peak_se3_synthetic,>= initial,capped_arrival,30,2190L_0,1466.0,1472.0,1,240.0
two_peak_se3_synthetic,>= initial,capped_arrival,30,3127L_0,326.0,334.0,1,240.0
two_peak_se3_synthetic,>= initial,capped_arrival,30,3127L_0,356.0,369.476250075,1,240.0
two_peak_se3_synthetic,>= initial,capped_arrival,30,3127L_0,387.0,393.0,1,240.0
two_peak_se3_synthetic,>= initial,capped_arrival,30,3127L_0,401.0,410.0,1,240.0
two_peak_se3_synthetic,>= initial,capped_arrival,30,3127L_0,410.0,417.0,2,480.0
two_peak_se3_synthetic,>= initial,capped_arrival,30,3127L_0,417.0,421.0,1,240.0
two_peak_se3_synthetic,>= initial,capped_arrival,30,3127L_0,421.0,427.0,2,480.0
two_peak_se3_synthetic,>= initial,capped_arrival,30,3127L_0,427.0,430.0,1,240.0
two_peak_se3_synthetic,>= initial,capped_arrival,30,3127L_0,500.0,514.0,1,240.0
two_peak_se3_synthetic,>= initial,capped_arrival,30,3127L_0,514.0,532.321250025,2,480.0
two_peak_se3_synthetic,>= initial,capped_arrival,30,3127L_0,532.321250025,539.0,1,240.0
two_peak_se3_synthetic,>= initial,capped_arrival,30,3127L_0,539.0,541.34899964,2,480.0
two_peak_se3_synthetic,>= initial,capped_arrival,30,3127L_0,541.34899964,560.384749625,1,240.0
two_peak_se3_synthetic,>= initial,capped_arrival,30,3127L_0,563.0,584.469997615,1,240.0
two_peak_se3_synthetic,>= initial,capped_arrival,30,3127L_0,593.0,603.313249825,1,240.0
two_peak_se3_synthetic,>= initial,capped_arrival,30,3127L_0,653.0,678.0,1,240.0
two_peak_se3_synthetic,>= initial,capped_arrival,30,3127L_0,682.0,683.0,1,240.0
two_peak_se3_synthetic,>= initial,capped_arrival,30,3127L_0,683.0,708.0,2,480.0
two_peak_se3_synthetic,>= initial,capped_arrival,30,3127L_0,708.0,712.0,1,240.0
two_peak_se3_synthetic,>= initial,capped_arrival,30,3127L_0,712.0,728.79949965,2,480.0
two_peak_se3_synthetic,>= initial,capped_arrival,30,3127L_0,728.79949965,737.0,1,240.0
two_peak_se3_synthetic,>= initial,capped_arrival,30,3127L_0,772.0,777.0,2,480.0
two_peak_se3_synthetic,>= initial,capped_arrival,30,3127L_0,777.0,797.0,1,240.0
two_peak_se3_synthetic,>= initial,capped_arrival,30,3127L_0,802.0,816.0,1,240.0
two_peak_se3_synthetic,>= initial,capped_arrival,30,3127L_0,822.0,836.0,1,240.0
two_peak_se3_synthetic,>= initial,capped_arrival,30,3127L_0,842.0,856.0,1,240.0
two_peak_se3_synthetic,>= initial,capped_arrival,30,3127L_0,862.0,876.0,1,240.0
two_peak_se3_synthetic,>= initial,capped_arrival,30,3127L_0,882.0,895.0,1,240.0
two_peak_se3_synthetic,>= initial,capped_arrival,30,3127L_0,908.0,919.0,1,240.0
two_peak_se3_synthetic,>= initial,capped_arrival,30,3127L_0,928.0,939.0,1,240.0
two_peak_se3_synthetic,>= initial,capped_arrival,30,3127L_0,963.0,968.0,1,240.0
two_peak_se3_synthetic,>= initial,capped_arrival,30,3127L_0,982.0,989.0,1,240.0
two_peak_se3_synthetic,>= initial,capped_arrival,30,3127L_0,989.0,998.0,2,480.0
two_peak_se3_synthetic,>= initial,capped_arrival,30,3127L_0,998.0,1009.0,1,240.0
two_peak_se3_synthetic,>= initial,capped_arrival,30,3127L_0,1009.0,1010.0,2,480.0
two_peak_se3_synthetic,>= initial,capped_arrival,30,3127L_0,1010.0,1020.0,1,240.0
two_peak_se3_synthetic,>= initial,capped_arrival,30,3127L_0,1023.0,1035.0,1,240.0
two_peak_se3_synthetic,>= initial,capped_arrival,30,3127L_0,1161.0,1180.268998765,1,240.0
two_peak_se3_synthetic,>= initial,capped_arrival,30,3127L_0,1186.0,1212.407499475,1,240.0
two_peak_se3_synthetic,>= initial,capped_arrival,30,3127L_0,1246.0,1273.0,1,240.0
two_peak_se3_synthetic,>= initial,capped_arrival,30,3127L_0,1275.0,1285.0,1,240.0
two_peak_se3_synthetic,>= initial,capped_arrival,30,3127L_0,1285.0,1293.0,2,480.0
two_peak_se3_synthetic,>= initial,capped_arrival,30,3127L_0,1293.0,1301.185249525,1,240.0
two_peak_se3_synthetic,>= initial,capped_arrival,30,3127L_0,1363.0,1393.0,1,240.0
two_peak_se3_synthetic,>= initial,capped_arrival,30,3127L_0,1451.0,1471.0,1,240.0
two_peak_se3_synthetic,>= initial,capped_arrival,30,4808_0,319.0,325.0,1,240.0
two_peak_se3_synthetic,>= initial,capped_arrival,30,4808_0,339.0,346.0,1,240.0
two_peak_se3_synthetic,>= initial,capped_arrival,30,4808_0,379.0,386.0,1,240.0
two_peak_se3_synthetic,>= initial,capped_arrival,30,4808_0,397.0,402.0,1,240.0
two_peak_se3_synthetic,>= initial,capped_arrival,30,4808_0,413.0,421.0,1,240.0
two_peak_se3_synthetic,>= initial,capped_arrival,30,4808_0,423.0,431.0,1,240.0
two_peak_se3_synthetic,>= initial,capped_arrival,30,4808_0,455.0,461.747499625,1,240.0
two_peak_se3_synthetic,>= initial,capped_arrival,30,4808_0,499.0,506.0,1,240.0
two_peak_se3_synthetic,>= initial,capped_arrival,30,4808_0,509.0,516.0,1,240.0
two_peak_se3_synthetic,>= initial,capped_arrival,30,4808_0,519.0,526.0,1,240.0
two_peak_se3_synthetic,>= initial,capped_arrival,30,4808_0,627.0,634.0,1,240.0
two_peak_se3_synthetic,>= initial,capped_arrival,30,4808_0,647.0,654.0,1,240.0
two_peak_se3_synthetic,>= initial,capped_arrival,30,4808_0,667.0,674.0,1,240.0
two_peak_se3_synthetic,>= initial,capped_arrival,30,4808_0,677.0,684.0,1,240.0
two_peak_se3_synthetic,>= initial,capped_arrival,30,4808_0,687.0,694.0,1,240.0
two_peak_se3_synthetic,>= initial,capped_arrival,30,4808_0,697.0,704.0,1,240.0
two_peak_se3_synthetic,>= initial,capped_arrival,30,4808_0,717.0,724.0,1,240.0
two_peak_se3_synthetic,>= initial,capped_arrival,30,4808_0,727.0,734.0,1,240.0
two_peak_se3_synthetic,>= initial,capped_arrival,30,4808_0,757.0,764.0,1,240.0
two_peak_se3_synthetic,>= initial,capped_arrival,30,4808_0,767.0,774.0,1,240.0
two_peak_se3_synthetic,>= initial,capped_arrival,30,4808_0,777.0,784.0,1,240.0
two_peak_se3_synthetic,>= initial,capped_arrival,30,4808_0,787.0,794.0,1,240.0
two_peak_se3_synthetic,>= initial,capped_arrival,30,4808_0,797.0,804.0,1,240.0
two_peak_se3_synthetic,>= initial,capped_arrival,30,4808_0,807.0,814.0,1,240.0
two_peak_se3_synthetic,>= initial,capped_arrival,30,4808_0,817.0,824.0,1,240.0
two_peak_se3_synthetic,>= initial,capped_arrival,30,4808_0,827.0,834.0,1,240.0
two_peak_se3_synthetic,>= initial,capped_arrival,30,4808_0,849.0,856.0,1,240.0
two_peak_se3_synthetic,>= initial,capped_arrival,30,4808_0,859.0,866.0,1,240.0
two_peak_se3_synthetic,>= initial,capped_arrival,30,4808_0,889.0,896.0,1,240.0
two_peak_se3_synthetic,>= initial,capped_arrival,30,4808_0,899.0,906.0,1,240.0
two_peak_se3_synthetic,>= initial,capped_arrival,30,4808_0,909.0,916.0,1,240.0
two_peak_se3_synthetic,>= initial,capped_arrival,30,4808_0,920.0,927.0,1,240.0
two_peak_se3_synthetic,>= initial,capped_arrival,30,4808_0,930.0,937.0,1,240.0
two_peak_se3_synthetic,>= initial,capped_arrival,30,4808_0,940.0,947.0,1,240.0
two_peak_se3_synthetic,>= initial,capped_arrival,30,4808_0,950.0,957.0,1,240.0
two_peak_se3_synthetic,>= initial,capped_arrival,30,4808_0,961.0,968.0,1,240.0
two_peak_se3_synthetic,>= initial,capped_arrival,30,4808_0,982.0,988.0,1,240.0
two_peak_se3_synthetic,>= initial,capped_arrival,30,4808_0,992.0,993.5549995,1,240.0
two_peak_se3_synthetic,>= initial,capped_arrival,30,4808_0,1021.0,1028.0,1,240.0
two_peak_se3_synthetic,>= initial,capped_arrival,30,4808_0,1041.0,1047.0,1,240.0
two_peak_se3_synthetic,>= initial,capped_arrival,30,4808_0,1060.0,1060.91999925,1,240.0
two_peak_se3_synthetic,>= initial,capped_arrival,30,4808_0,1070.0,1077.0,1,240.0
two_peak_se3_synthetic,>= initial,capped_arrival,30,4808_0,1080.0,1087.0,1,240.0
two_peak_se3_synthetic,>= initial,capped_arrival,30,4808_0,1260.0,1272.0,1,240.0
two_peak_se3_synthetic,>= initial,capped_arrival,30,4808_0,1325.0,1336.0,1,240.0
two_peak_se3_synthetic,>= initial,capped_arrival,30,4808_0,1345.0,1356.0,1,240.0
two_peak_se3_synthetic,>= initial,capped_arrival,30,4808_0,1365.0,1375.625,1,240.0
two_peak_se3_synthetic,>= initial,capped_arrival,30,4808_0,1385.0,1396.0,1,240.0
two_peak_se3_synthetic,>= initial,capped_arrival,30,4808_0,1404.0,1416.0,1,240.0
two_peak_se3_synthetic,>= initial,capped_arrival,30,7880C_0,413.0,424.0,1,240.0
two_peak_se3_synthetic,>= initial,capped_arrival,30,7880C_0,472.0,474.0,1,240.0
two_peak_se3_synthetic,>= initial,capped_arrival,30,7880C_0,474.0,484.0,2,480.0
two_peak_se3_synthetic,>= initial,capped_arrival,30,7880C_0,484.0,497.583749465,1,240.0
two_peak_se3_synthetic,>= initial,capped_arrival,30,7880C_0,531.0,552.4869997000001,1,240.0
two_peak_se3_synthetic,>= initial,capped_arrival,30,7880C_0,653.0,665.0,1,240.0
two_peak_se3_synthetic,>= initial,capped_arrival,30,7880C_0,743.0,755.0,1,240.0
two_peak_se3_synthetic,>= initial,capped_arrival,30,7880C_0,773.0,775.0,1,240.0
two_peak_se3_synthetic,>= initial,capped_arrival,30,7880C_0,775.0,785.0,2,480.0
two_peak_se3_synthetic,>= initial,capped_arrival,30,7880C_0,785.0,833.0,1,240.0
two_peak_se3_synthetic,>= initial,capped_arrival,30,7880C_0,833.0,835.0,2,480.0
two_peak_se3_synthetic,>= initial,capped_arrival,30,7880C_0,835.0,845.0,1,240.0
two_peak_se3_synthetic,>= initial,capped_arrival,30,7880C_0,894.0,904.0,1,240.0
two_peak_se3_synthetic,>= initial,capped_arrival,30,7880C_0,924.0,947.0,1,240.0
two_peak_se3_synthetic,>= initial,capped_arrival,30,JON_A_0,402.0,413.0,1,240.0
two_peak_se3_synthetic,>= initial,capped_arrival,30,JON_A_0,414.0,420.0,1,240.0
two_peak_se3_synthetic,>= initial,capped_arrival,30,JON_A_0,422.0,433.0,1,240.0
two_peak_se3_synthetic,>= initial,capped_arrival,30,JON_A_0,454.0,460.671499975,1,240.0
two_peak_se3_synthetic,>= initial,capped_arrival,30,JON_A_0,482.0,493.0,1,240.0
two_peak_se3_synthetic,>= initial,capped_arrival,30,JON_A_0,514.0,537.90124985,1,240.0
two_peak_se3_synthetic,>= initial,capped_arrival,30,JON_A_0,614.0,625.0,1,240.0
two_peak_se3_synthetic,>= initial,capped_arrival,30,JON_A_0,646.0,654.0,1,240.0
two_peak_se3_synthetic,>= initial,capped_arrival,30,JON_A_0,654.0,664.0,2,480.0
two_peak_se3_synthetic,>= initial,capped_arrival,30,JON_A_0,664.0,684.3954993499956,1,240.0
two_peak_se3_synthetic,>= initial,capped_arrival,30,JON_A_0,694.0,705.0,1,240.0
two_peak_se3_synthetic,>= initial,capped_arrival,30,JON_A_0,754.0,765.0,1,240.0
two_peak_se3_synthetic,>= initial,capped_arrival,30,JON_A_0,774.0,794.0,1,240.0
two_peak_se3_synthetic,>= initial,capped_arrival,30,JON_A_0,794.0,805.0,1,240.0
two_peak_se3_synthetic,>= initial,capped_arrival,30,JON_A_0,822.0,834.0,1,240.0
two_peak_se3_synthetic,>= initial,capped_arrival,30,JON_A_0,834.0,842.0,1,240.0
two_peak_se3_synthetic,>= initial,capped_arrival,30,JON_A_0,842.0,845.0,2,480.0
two_peak_se3_synthetic,>= initial,capped_arrival,30,JON_A_0,845.0,853.0,1,240.0
two_peak_se3_synthetic,>= initial,capped_arrival,30,JON_A_0,854.0,862.0,1,240.0
two_peak_se3_synthetic,>= initial,capped_arrival,30,JON_A_0,862.0,865.0,2,480.0
two_peak_se3_synthetic,>= initial,capped_arrival,30,JON_A_0,865.0,873.0,1,240.0
two_peak_se3_synthetic,>= initial,capped_arrival,30,JON_A_0,874.0,884.0,1,240.0
two_peak_se3_synthetic,>= initial,capped_arrival,30,JON_A_0,884.0,885.0,2,480.0
two_peak_se3_synthetic,>= initial,capped_arrival,30,JON_A_0,885.0,893.0,1,240.0
two_peak_se3_synthetic,>= initial,capped_arrival,30,JON_A_0,904.0,913.0,1,240.0
two_peak_se3_synthetic,>= initial,capped_arrival,30,JON_A_0,914.0,924.0,1,240.0
two_peak_se3_synthetic,>= initial,capped_arrival,30,JON_A_0,924.0,925.0,2,480.0
two_peak_se3_synthetic,>= initial,capped_arrival,30,JON_A_0,925.0,933.0,1,240.0
two_peak_se3_synthetic,>= initial,capped_arrival,30,JON_A_0,954.0,964.0,1,240.0
two_peak_se3_synthetic,>= initial,capped_arrival,30,JON_A_0,964.0,965.0,2,480.0
two_peak_se3_synthetic,>= initial,capped_arrival,30,JON_A_0,965.0,973.0,1,240.0
two_peak_se3_synthetic,>= initial,capped_arrival,30,JON_A_0,994.0,1004.0,1,240.0
two_peak_se3_synthetic,>= initial,capped_arrival,30,JON_A_0,1004.0,1005.0,2,480.0
two_peak_se3_synthetic,>= initial,capped_arrival,30,JON_A_0,1005.0,1013.0,1,240.0
two_peak_se3_synthetic,>= initial,capped_arrival,30,JON_A_0,1024.0,1032.4287498,1,240.0
two_peak_se3_synthetic,>= initial,capped_arrival,30,JON_A_0,1044.0,1051.92449943,1,240.0
two_peak_se3_synthetic,>= initial,capped_arrival,30,JON_A_0,1364.0,1365.0,1,240.0
two_peak_se3_synthetic,>= initial,capped_arrival,30,JON_A_0,1394.0,1395.0,1,240.0
two_peak_se3_synthetic,>= initial,capped_arrival,30,PARX_1,501.0,527.306749975,1,240.0
two_peak_se3_synthetic,>= initial,capped_arrival,30,PARX_1,782.0,835.06774939,1,240.0
two_peak_se3_synthetic,>= initial,capped_arrival,30,PARX_1,999.0,1042.0,1,240.0
two_peak_se3_synthetic,>= initial,capped_arrival,30,PARX_1,1042.0,1056.826998865,2,480.0
two_peak_se3_synthetic,>= initial,capped_arrival,30,PARX_1,1056.826998865,1059.0,1,240.0
two_peak_se3_synthetic,>= initial,capped_arrival,30,PARX_1,1059.0,1062.0,2,480.0
two_peak_se3_synthetic,>= initial,capped_arrival,30,PARX_1,1062.0,1072.0,3,720.0
two_peak_se3_synthetic,>= initial,capped_arrival,30,PARX_1,1072.0,1072.2497496925,5,1200.0
two_peak_se3_synthetic,>= initial,capped_arrival,30,PARX_1,1072.2497496925,1082.0,4,960.0
two_peak_se3_synthetic,>= initial,capped_arrival,30,PARX_1,1082.0,1089.0,5,1200.0
two_peak_se3_synthetic,>= initial,capped_arrival,30,PARX_1,1089.0,1092.0,6,1440.0
two_peak_se3_synthetic,>= initial,capped_arrival,30,PARX_1,1092.0,1113.78824945,7,1680.0
two_peak_se3_synthetic,>= initial,capped_arrival,30,PARX_1,1113.78824945,1114.62274985,6,1440.0
two_peak_se3_synthetic,>= initial,capped_arrival,30,PARX_1,1114.62274985,1118.542999135,5,1200.0
two_peak_se3_synthetic,>= initial,capped_arrival,30,PARX_1,1118.542999135,1121.0,4,960.0
two_peak_se3_synthetic,>= initial,capped_arrival,30,PARX_1,1121.0,1126.067499915,5,1200.0
two_peak_se3_synthetic,>= initial,capped_arrival,30,PARX_1,1126.067499915,1128.7264996575,4,960.0
two_peak_se3_synthetic,>= initial,capped_arrival,30,PARX_1,1128.7264996575,1131.48424969,3,720.0
two_peak_se3_synthetic,>= initial,capped_arrival,30,PARX_1,1131.48424969,1133.0,2,480.0
two_peak_se3_synthetic,>= initial,capped_arrival,30,PARX_1,1133.0,1138.0,3,720.0
two_peak_se3_synthetic,>= initial,capped_arrival,30,PARX_1,1138.0,1140.22249984,4,960.0
two_peak_se3_synthetic,>= initial,capped_arrival,30,PARX_1,1140.22249984,1143.11499975,3,720.0
two_peak_se3_synthetic,>= initial,capped_arrival,30,PARX_1,1143.11499975,1144.0,2,480.0
two_peak_se3_synthetic,>= initial,capped_arrival,30,PARX_1,1144.0,1146.0,3,720.0
two_peak_se3_synthetic,>= initial,capped_arrival,30,PARX_1,1146.0,1153.0,4,960.0
two_peak_se3_synthetic,>= initial,capped_arrival,30,PARX_1,1153.0,1160.0,5,1200.0
two_peak_se3_synthetic,>= initial,capped_arrival,30,PARX_1,1160.0,1173.259498995,6,1440.0
two_peak_se3_synthetic,>= initial,capped_arrival,30,PARX_1,1173.259498995,1173.2994997,5,1200.0
two_peak_se3_synthetic,>= initial,capped_arrival,30,PARX_1,1173.2994997,1174.649999325,4,960.0
two_peak_se3_synthetic,>= initial,capped_arrival,30,PARX_1,1174.649999325,1177.1649998749995,3,720.0
two_peak_se3_synthetic,>= initial,capped_arrival,30,PARX_1,1177.1649998749995,1181.11499975,2,480.0
two_peak_se3_synthetic,>= initial,capped_arrival,30,PARX_1,1181.11499975,1190.577749565,1,240.0
two_peak_se3_synthetic,>= initial,capped_arrival,30,PARX_1,1282.0,1297.0,1,240.0
two_peak_se3_synthetic,>= initial,capped_arrival,30,PARX_1,1297.0,1313.0,2,480.0
two_peak_se3_synthetic,>= initial,capped_arrival,30,PARX_1,1313.0,1342.0,3,720.0
two_peak_se3_synthetic,>= initial,capped_arrival,30,PARX_1,1342.0,1357.0,2,480.0
two_peak_se3_synthetic,>= initial,capped_arrival,30,PARX_1,1357.0,1373.0,1,240.0
two_peak_se3_synthetic,>= initial,capped_arrival,30,PARX_1,1406.0,1410.0,1,240.0
two_peak_se3_synthetic,>= initial,capped_arrival,30,PARX_1,1410.0,1426.0,2,480.0
two_peak_se3_synthetic,>= initial,capped_arrival,30,PARX_1,1426.0,1430.0,3,720.0
two_peak_se3_synthetic,>= initial,capped_arrival,30,PARX_1,1430.0,1457.0,4,960.0
two_peak_se3_synthetic,>= initial,capped_arrival,30,PARX_1,1457.0,1459.0,5,1200.0
two_peak_se3_synthetic,>= initial,capped_arrival,30,PARX_1,1459.0,1465.0,6,1440.0
two_peak_se3_synthetic,>= initial,capped_arrival,30,PARX_1,1465.0,1466.0,7,1680.0
two_peak_se3_synthetic,>= initial,capped_arrival,30,PARX_1,1466.0,1470.0,6,1440.0
two_peak_se3_synthetic,>= initial,capped_arrival,30,PARX_1,1470.0,1472.0,5,1200.0
two_peak_se3_synthetic,>= initial,capped_arrival,30,PARX_1,1472.0,1486.0,6,1440.0
two_peak_se3_synthetic,>= initial,capped_arrival,30,PARX_1,1486.0,1490.0,5,1200.0
two_peak_se3_synthetic,>= initial,capped_arrival,30,PARX_1,1490.0,1500.0,4,960.0
two_peak_se3_synthetic,>= initial,capped_arrival,30,PARX_1,1500.0,1517.0,5,1200.0
two_peak_se3_synthetic,>= initial,capped_arrival,30,PARX_1,1517.0,1519.0,4,960.0
two_peak_se3_synthetic,>= initial,capped_arrival,30,PARX_1,1519.0,1525.0,3,720.0
two_peak_se3_synthetic,>= initial,capped_arrival,30,PARX_1,1525.0,1530.0,2,480.0
two_peak_se3_synthetic,>= initial,capped_arrival,30,PARX_1,1530.0,1532.0,3,720.0
two_peak_se3_synthetic,>= initial,capped_arrival,30,PARX_1,1532.0,1540.0,2,480.0
two_peak_se3_synthetic,>= initial,capped_arrival,30,PARX_1,1540.0,1560.0,3,720.0
two_peak_se3_synthetic,>= initial,capped_optimized,30,2190L_0,321.0,326.0,1,240.0
two_peak_se3_synthetic,>= initial,capped_optimized,30,2190L_0,341.0,353.575,1,240.0
two_peak_se3_synthetic,>= initial,capped_optimized,30,2190L_0,361.0,368.0,1,240.0
two_peak_se3_synthetic,>= initial,capped_optimized,30,2190L_0,376.0,387.0,1,240.0
two_peak_se3_synthetic,>= initial,capped_optimized,30,2190L_0,387.0,398.0,2,480.0
two_peak_se3_synthetic,>= initial,capped_optimized,30,2190L_0,398.0,398.057499875,2,480.0
two_peak_se3_synthetic,>= initial,capped_optimized,30,2190L_0,398.057499875,419.057499875,1,240.0
two_peak_se3_synthetic,>= initial,capped_optimized,30,2190L_0,430.0,440.0,1,240.0
two_peak_se3_synthetic,>= initial,capped_optimized,30,2190L_0,440.0,451.0,1,240.0
two_peak_se3_synthetic,>= initial,capped_optimized,30,2190L_0,451.0,459.0,2,480.0
two_peak_se3_synthetic,>= initial,capped_optimized,30,2190L_0,459.0,460.0,1,240.0
two_peak_se3_synthetic,>= initial,capped_optimized,30,2190L_0,460.0,461.632499875,2,480.0
two_peak_se3_synthetic,>= initial,capped_optimized,30,2190L_0,461.632499875,465.172499625,1,240.0
two_peak_se3_synthetic,>= initial,capped_optimized,30,2190L_0,469.0,475.68999974999997,1,240.0
two_peak_se3_synthetic,>= initial,capped_optimized,30,2190L_0,481.0,494.057499875,1,240.0
two_peak_se3_synthetic,>= initial,capped_optimized,30,2190L_0,564.0,570.0,1,240.0
two_peak_se3_synthetic,>= initial,capped_optimized,30,2190L_0,582.0,582.977499125,1,240.0
two_peak_se3_synthetic,>= initial,capped_optimized,30,2190L_0,600.0,610.0,1,240.0
two_peak_se3_synthetic,>= initial,capped_optimized,30,2190L_0,611.0,620.0,1,240.0
two_peak_se3_synthetic,>= initial,capped_optimized,30,2190L_0,621.0,630.0,1,240.0
two_peak_se3_synthetic,>= initial,capped_optimized,30,2190L_0,660.0,689.0,1,240.0
two_peak_se3_synthetic,>= initial,capped_optimized,30,2190L_0,689.0,699.0,2,480.0
two_peak_se3_synthetic,>= initial,capped_optimized,30,2190L_0,699.0,709.0,1,240.0
two_peak_se3_synthetic,>= initial,capped_optimized,30,2190L_0,709.0,709.11499975,2,480.0
two_peak_se3_synthetic,>= initial,capped_optimized,30,2190L_0,709.11499975,720.0,1,240.0
two_peak_se3_synthetic,>= initial,capped_optimized,30,2190L_0,720.0,729.0,2,480.0
two_peak_se3_synthetic,>= initial,capped_optimized,30,2190L_0,729.0,739.0,2,480.0
two_peak_se3_synthetic,>= initial,capped_optimized,30,2190L_0,739.0,749.0,2,480.0
two_peak_se3_synthetic,>= initial,capped_optimized,30,2190L_0,749.0,759.0,2,480.0
two_peak_se3_synthetic,>= initial,capped_optimized,30,2190L_0,759.0,769.0,2,480.0
two_peak_se3_synthetic,>= initial,capped_optimized,30,2190L_0,769.0,779.0,1,240.0
two_peak_se3_synthetic,>= initial,capped_optimized,30,2190L_0,779.0,789.0,2,480.0
two_peak_se3_synthetic,>= initial,capped_optimized,30,2190L_0,789.0,791.0,3,720.0
two_peak_se3_synthetic,>= initial,capped_optimized,30,2190L_0,791.0,800.0,2,480.0
two_peak_se3_synthetic,>= initial,capped_optimized,30,2190L_0,800.0,820.0,1,240.0
two_peak_se3_synthetic,>= initial,capped_optimized,30,2190L_0,820.0,830.0,2,480.0
two_peak_se3_synthetic,>= initial,capped_optimized,30,2190L_0,830.0,838.11499975,2,480.0
two_peak_se3_synthetic,>= initial,capped_optimized,30,2190L_0,838.11499975,840.0,1,240.0
two_peak_se3_synthetic,>= initial,capped_optimized,30,2190L_0,840.0,850.0,2,480.0
two_peak_se3_synthetic,>= initial,capped_optimized,30,2190L_0,850.0,859.0,2,480.0
two_peak_se3_synthetic,>= initial,capped_optimized,30,2190L_0,859.0,860.0,1,240.0
two_peak_se3_synthetic,>= initial,capped_optimized,30,2190L_0,860.0,868.0,2,480.0
two_peak_se3_synthetic,>= initial,capped_optimized,30,2190L_0,868.0,870.0,1,240.0
two_peak_se3_synthetic,>= initial,capped_optimized,30,2190L_0,870.0,878.0,2,480.0
two_peak_se3_synthetic,>= initial,capped_optimized,30,2190L_0,878.0,880.0,1,240.0
two_peak_se3_synthetic,>= initial,capped_optimized,30,2190L_0,880.0,888.0,2,480.0
two_peak_se3_synthetic,>= initial,capped_optimized,30,2190L_0,888.0,890.0,1,240.0
two_peak_se3_synthetic,>= initial,capped_optimized,30,2190L_0,890.0,899.0,2,480.0
two_peak_se3_synthetic,>= initial,capped_optimized,30,2190L_0,899.0,912.0,1,240.0
two_peak_se3_synthetic,>= initial,capped_optimized,30,2190L_0,912.0,915.057499875,2,480.0
two_peak_se3_synthetic,>= initial,capped_optimized,30,2190L_0,915.057499875,922.0,1,240.0
two_peak_se3_synthetic,>= initial,capped_optimized,30,2190L_0,922.0,929.0,2,480.0
two_peak_se3_synthetic,>= initial,capped_optimized,30,2190L_0,929.0,953.0,1,240.0
two_peak_se3_synthetic,>= initial,capped_optimized,30,2190L_0,953.0,954.11499975,2,480.0
two_peak_se3_synthetic,>= initial,capped_optimized,30,2190L_0,954.11499975,958.0,1,240.0
two_peak_se3_synthetic,>= initial,capped_optimized,30,2190L_0,974.0,984.662499375,1,240.0
two_peak_se3_synthetic,>= initial,capped_optimized,30,2190L_0,986.0,996.0,1,240.0
two_peak_se3_synthetic,>= initial,capped_optimized,30,2190L_0,996.0,999.0,2,480.0
two_peak_se3_synthetic,>= initial,capped_optimized,30,2190L_0,999.0,1009.0,1,240.0
two_peak_se3_synthetic,>= initial,capped_optimized,30,2190L_0,1016.0,1027.0,1,240.0
two_peak_se3_synthetic,>= initial,capped_optimized,30,2190L_0,1027.0,1030.402499125,2,480.0
two_peak_se3_synthetic,>= initial,capped_optimized,30,2190L_0,1030.402499125,1033.402499125,1,240.0
two_peak_se3_synthetic,>= initial,capped_optimized,30,2190L_0,1047.0,1048.612499375,1,240.0
two_peak_se3_synthetic,>= initial,capped_optimized,30,2190L_0,1084.0,1086.91999925,1,240.0
two_peak_se3_synthetic,>= initial,capped_optimized,30,2190L_0,1206.0,1218.382499875,1,240.0
two_peak_se3_synthetic,>= initial,capped_optimized,30,2190L_0,1260.0,1270.0,1,240.0
two_peak_se3_synthetic,>= initial,capped_optimized,30,2190L_0,1279.0,1290.0,1,240.0
two_peak_se3_synthetic,>= initial,capped_optimized,30,2190L_0,1309.0,1320.0,1,240.0
two_peak_se3_synthetic,>= initial,capped_optimized,30,2190L_0,1320.0,1324.0,2,480.0
two_peak_se3_synthetic,>= initial,capped_optimized,30,2190L_0,1324.0,1330.0,3,720.0
two_peak_se3_synthetic,>= initial,capped_optimized,30,2190L_0,1330.0,1332.382499875,2,480.0
two_peak_se3_synthetic,>= initial,capped_optimized,30,2190L_0,1332.382499875,1350.0,1,240.0
two_peak_se3_synthetic,>= initial,capped_optimized,30,2190L_0,1429.617500125,1442.0,1,240.0
two_peak_se3_synthetic,>= initial,capped_optimized,30,2190L_0,1466.0,1472.0,1,240.0
two_peak_se3_synthetic,>= initial,capped_optimized,30,3127L_0,326.0,334.0,1,240.0
two_peak_se3_synthetic,>= initial,capped_optimized,30,3127L_0,356.0,369.476250075,1,240.0
two_peak_se3_synthetic,>= initial,capped_optimized,30,3127L_0,387.0,393.0,1,240.0
two_peak_se3_synthetic,>= initial,capped_optimized,30,3127L_0,401.0,417.0,1,240.0
two_peak_se3_synthetic,>= initial,capped_optimized,30,3127L_0,421.0,427.0,1,240.0
two_peak_se3_synthetic,>= initial,capped_optimized,30,3127L_0,563.0,584.469997615,1,240.0
two_peak_se3_synthetic,>= initial,capped_optimized,30,3127L_0,600.0,610.3132498250014,1,240.0
two_peak_se3_synthetic,>= initial,capped_optimized,30,3127L_0,655.173001135,678.0,1,240.0
two_peak_se3_synthetic,>= initial,capped_optimized,30,3127L_0,683.0,704.7264996575,1,240.0
two_peak_se3_synthetic,>= initial,capped_optimized,30,3127L_0,712.0,720.0,1,240.0
two_peak_se3_synthetic,>= initial,capped_optimized,30,3127L_0,720.0,728.0,2,480.0
two_peak_se3_synthetic,>= initial,capped_optimized,30,3127L_0,728.0,732.0,3,720.0
two_peak_se3_synthetic,>= initial,capped_optimized,30,3127L_0,732.0,737.0,2,480.0
two_peak_se3_synthetic,>= initial,capped_optimized,30,3127L_0,737.0,744.543749865,1,240.0
two_peak_se3_synthetic,>= initial,capped_optimized,30,3127L_0,772.0,774.78550089,1,240.0
two_peak_se3_synthetic,>= initial,capped_optimized,30,3127L_0,774.78550089,777.0,2,480.0
two_peak_se3_synthetic,>= initial,capped_optimized,30,3127L_0,777.0,780.0,1,240.0
two_peak_se3_synthetic,>= initial,capped_optimized,30,3127L_0,780.0,789.83324933,3,720.0
two_peak_se3_synthetic,>= initial,capped_optimized,30,3127L_0,789.83324933,795.52774915,2,480.0
two_peak_se3_synthetic,>= initial,capped_optimized,30,3127L_0,795.52774915,797.0,1,240.0
two_peak_se3_synthetic,>= initial,capped_optimized,30,3127L_0,802.0,816.0,1,240.0
two_peak_se3_synthetic,>= initial,capped_optimized,30,3127L_0,822.0,836.0,1,240.0
two_peak_se3_synthetic,>= initial,capped_optimized,30,3127L_0,842.0,856.0,1,240.0
two_peak_se3_synthetic,>= initial,capped_optimized,30,3127L_0,862.0,876.0,1,240.0
two_peak_se3_synthetic,>= initial,capped_optimized,30,3127L_0,882.0,895.0,1,240.0
two_peak_se3_synthetic,>= initial,capped_optimized,30,3127L_0,908.0,919.0,1,240.0
two_peak_se3_synthetic,>= initial,capped_optimized,30,3127L_0,943.0,949.0000000000001,1,240.0
two_peak_se3_synthetic,>= initial,capped_optimized,30,3127L_0,982.0,983.164999875,1,240.0
two_peak_se3_synthetic,>= initial,capped_optimized,30,3127L_0,989.0,998.0000000000002,1,240.0
two_peak_se3_synthetic,>= initial,capped_optimized,30,3127L_0,1009.0,1020.0,1,240.0
two_peak_se3_synthetic,>= initial,capped_optimized,30,3127L_0,1023.0,1035.0,1,240.0
two_peak_se3_synthetic,>= initial,capped_optimized,30,3127L_0,1161.0,1178.0689987649998,1,240.0
two_peak_se3_synthetic,>= initial,capped_optimized,30,3127L_0,1191.0425005249992,1213.0,1,240.0
two_peak_se3_synthetic,>= initial,capped_optimized,30,3127L_0,1247.6360005,1273.0,1,240.0
two_peak_se3_synthetic,>= initial,capped_optimized,30,3127L_0,1275.0,1285.0,1,240.0
two_peak_se3_synthetic,>= initial,capped_optimized,30,3127L_0,1285.0,1293.0,2,480.0
two_peak_se3_synthetic,>= initial,capped_optimized,30,3127L_0,1293.0,1301.185249525,1,240.0
two_peak_se3_synthetic,>= initial,capped_optimized,30,3127L_0,1363.0,1393.0,1,240.0
two_peak_se3_synthetic,>= initial,capped_optimized,30,3127L_0,1451.0,1471.0,1,240.0
two_peak_se3_synthetic,>= initial,capped_optimized,30,4808_0,319.0,325.0,1,240.0
two_peak_se3_synthetic,>= initial,capped_optimized,30,4808_0,339.0,346.0,1,240.0
two_peak_se3_synthetic,>= initial,capped_optimized,30,4808_0,379.0,386.0,1,240.0
two_peak_se3_synthetic,>= initial,capped_optimized,30,4808_0,397.0,402.0,1,240.0
two_peak_se3_synthetic,>= initial,capped_optimized,30,4808_0,413.0,421.0,1,240.0
two_peak_se3_synthetic,>= initial,capped_optimized,30,4808_0,423.0,426.8049995,1,240.0
two_peak_se3_synthetic,>= initial,capped_optimized,30,4808_0,499.0,506.0,1,240.0
two_peak_se3_synthetic,>= initial,capped_optimized,30,4808_0,509.0,516.0,1,240.0
two_peak_se3_synthetic,>= initial,capped_optimized,30,4808_0,519.0,526.0,1,240.0
two_peak_se3_synthetic,>= initial,capped_optimized,30,4808_0,627.0,634.0,1,240.0
two_peak_se3_synthetic,>= initial,capped_optimized,30,4808_0,647.0,654.0,1,240.0
two_peak_se3_synthetic,>= initial,capped_optimized,30,4808_0,667.0,674.0,1,240.0
two_peak_se3_synthetic,>= initial,capped_optimized,30,4808_0,677.0,684.0,1,240.0
two_peak_se3_synthetic,>= initial,capped_optimized,30,4808_0,687.0,694.0,1,240.0
two_peak_se3_synthetic,>= initial,capped_optimized,30,4808_0,697.0,704.0,1,240.0
two_peak_se3_synthetic,>= initial,capped_optimized,30,4808_0,717.0,724.0,1,240.0
two_peak_se3_synthetic,>= initial,capped_optimized,30,4808_0,727.0,731.747499625,1,240.0
two_peak_se3_synthetic,>= initial,capped_optimized,30,4808_0,757.0,764.0,1,240.0
two_peak_se3_synthetic,>= initial,capped_optimized,30,4808_0,767.0,771.287499375,1,240.0
two_peak_se3_synthetic,>= initial,capped_optimized,30,4808_0,777.0,784.0,1,240.0
two_peak_se3_synthetic,>= initial,capped_optimized,30,4808_0,787.0,794.0,1,240.0
two_peak_se3_synthetic,>= initial,capped_optimized,30,4808_0,797.0,804.0,1,240.0
two_peak_se3_synthetic,>= initial,capped_optimized,30,4808_0,807.0,814.0,1,240.0
two_peak_se3_synthetic,>= initial,capped_optimized,30,4808_0,817.0,824.0,1,240.0
two_peak_se3_synthetic,>= initial,capped_optimized,30,4808_0,827.0,834.0,1,240.0
two_peak_se3_synthetic,>= initial,capped_optimized,30,4808_0,849.0,856.0,1,240.0
two_peak_se3_synthetic,>= initial,capped_optimized,30,4808_0,859.0,866.0,1,240.0
two_peak_se3_synthetic,>= initial,capped_optimized,30,4808_0,889.0,896.0,1,240.0
two_peak_se3_synthetic,>= initial,capped_optimized,30,4808_0,909.0,916.0,1,240.0
two_peak_se3_synthetic,>= initial,capped_optimized,30,4808_0,920.0,927.0,1,240.0
two_peak_se3_synthetic,>= initial,capped_optimized,30,4808_0,930.0,937.0,1,240.0
two_peak_se3_synthetic,>= initial,capped_optimized,30,4808_0,950.0,957.0,1,240.0
two_peak_se3_synthetic,>= initial,capped_optimized,30,4808_0,961.0,968.0,1,240.0
two_peak_se3_synthetic,>= initial,capped_optimized,30,4808_0,982.0,988.0,1,240.0
two_peak_se3_synthetic,>= initial,capped_optimized,30,4808_0,992.0,993.5549995,1,240.0
two_peak_se3_synthetic,>= initial,capped_optimized,30,4808_0,1021.0,1028.0,1,240.0
two_peak_se3_synthetic,>= initial,capped_optimized,30,4808_0,1060.0,1067.0,1,240.0
two_peak_se3_synthetic,>= initial,capped_optimized,30,4808_0,1070.0,1074.34499925,1,240.0
two_peak_se3_synthetic,>= initial,capped_optimized,30,4808_0,1260.0,1272.0,1,240.0
two_peak_se3_synthetic,>= initial,capped_optimized,30,4808_0,1325.0,1336.0,1,240.0
two_peak_se3_synthetic,>= initial,capped_optimized,30,4808_0,1345.0,1356.0,1,240.0
two_peak_se3_synthetic,>= initial,capped_optimized,30,4808_0,1365.0,1375.625,1,240.0
two_peak_se3_synthetic,>= initial,capped_optimized,30,4808_0,1385.0,1396.0,1,240.0
two_peak_se3_synthetic,>= initial,capped_optimized,30,4808_0,1404.0,1416.0,1,240.0
two_peak_se3_synthetic,>= initial,capped_optimized,30,7880C_0,352.0,356.99174995,1,240.0
two_peak_se3_synthetic,>= initial,capped_optimized,30,7880C_0,413.0,421.259498995,1,240.0
two_peak_se3_synthetic,>= initial,capped_optimized,30,7880C_0,472.0,474.0,1,240.0
two_peak_se3_synthetic,>= initial,capped_optimized,30,7880C_0,474.0,480.0,2,480.0
two_peak_se3_synthetic,>= initial,capped_optimized,30,7880C_0,480.0,499.21974996499995,1,240.0
two_peak_se3_synthetic,>= initial,capped_optimized,30,7880C_0,654.932500085,665.0,1,240.0
two_peak_se3_synthetic,>= initial,capped_optimized,30,7880C_0,743.0,755.0,1,240.0
two_peak_se3_synthetic,>= initial,capped_optimized,30,7880C_0,773.0,780.0,1,240.0
two_peak_se3_synthetic,>= initial,capped_optimized,30,7880C_0,780.0,785.0,3,720.0
two_peak_se3_synthetic,>= initial,capped_optimized,30,7880C_0,785.0,787.9459991,2,480.0
two_peak_se3_synthetic,>= initial,capped_optimized,30,7880C_0,787.9459991,833.0,1,240.0
two_peak_se3_synthetic,>= initial,capped_optimized,30,7880C_0,833.0,839.9999999999978,2,480.0
two_peak_se3_synthetic,>= initial,capped_optimized,30,7880C_0,839.9999999999978,845.0,1,240.0
two_peak_se3_synthetic,>= initial,capped_optimized,30,7880C_0,894.0,900.0,1,240.0
two_peak_se3_synthetic,>= initial,capped_optimized,30,7880C_0,924.0,947.0,1,240.0
two_peak_se3_synthetic,>= initial,capped_optimized,30,JON_A_0,356.9999999999999,365.00000000000017,1,240.0
two_peak_se3_synthetic,>= initial,capped_optimized,30,JON_A_0,402.0,409.199249975,1,240.0
two_peak_se3_synthetic,>= initial,capped_optimized,30,JON_A_0,414.0,420.0,1,240.0
two_peak_se3_synthetic,>= initial,capped_optimized,30,JON_A_0,422.0,433.0,1,240.0
two_peak_se3_synthetic,>= initial,capped_optimized,30,JON_A_0,482.0,487.78824944999997,1,240.0
two_peak_se3_synthetic,>= initial,capped_optimized,30,JON_A_0,660.0,664.0,1,240.0
two_peak_se3_synthetic,>= initial,capped_optimized,30,JON_A_0,694.0,705.0,1,240.0
two_peak_se3_synthetic,>= initial,capped_optimized,30,JON_A_0,720.0,754.0,1,240.0
two_peak_se3_synthetic,>= initial,capped_optimized,30,JON_A_0,754.0,758.39549935,2,480.0
two_peak_se3_synthetic,>= initial,capped_optimized,30,JON_A_0,758.39549935,765.0,1,240.0
two_peak_se3_synthetic,>= initial,capped_optimized,30,JON_A_0,774.0,794.0,1,240.0
two_peak_se3_synthetic,>= initial,capped_optimized,30,JON_A_0,794.0,805.0,1,240.0
two_peak_se3_synthetic,>= initial,capped_optimized,30,JON_A_0,822.0,834.0,1,240.0
two_peak_se3_synthetic,>= initial,capped_optimized,30,JON_A_0,834.0,842.0,1,240.0
two_peak_se3_synthetic,>= initial,capped_optimized,30,JON_A_0,842.0,845.0,2,480.0
two_peak_se3_synthetic,>= initial,capped_optimized,30,JON_A_0,845.0,853.0,1,240.0
two_peak_se3_synthetic,>= initial,capped_optimized,30,JON_A_0,854.0,862.0,1,240.0
two_peak_se3_synthetic,>= initial,capped_optimized,30,JON_A_0,862.0,865.0,2,480.0
two_peak_se3_synthetic,>= initial,capped_optimized,30,JON_A_0,865.0,873.0,1,240.0
two_peak_se3_synthetic,>= initial,capped_optimized,30,JON_A_0,874.0,884.0,1,240.0
two_peak_se3_synthetic,>= initial,capped_optimized,30,JON_A_0,884.0,885.0,2,480.0
two_peak_se3_synthetic,>= initial,capped_optimized,30,JON_A_0,885.0,893.0,1,240.0
two_peak_se3_synthetic,>= initial,capped_optimized,30,JON_A_0,904.0,913.0,1,240.0
two_peak_se3_synthetic,>= initial,capped_optimized,30,JON_A_0,914.0,925.0,1,240.0
two_peak_se3_synthetic,>= initial,capped_optimized,30,JON_A_0,954.0,965.0,1,240.0
two_peak_se3_synthetic,>= initial,capped_optimized,30,JON_A_0,994.0,1005.0,1,240.0
two_peak_se3_synthetic,>= initial,capped_optimized,30,JON_A_0,1044.0,1051.9244994299995,1,240.0
two_peak_se3_synthetic,>= initial,capped_optimized,30,JON_A_0,1364.0,1365.0,1,240.0
two_peak_se3_synthetic,>= initial,capped_optimized,30,JON_A_0,1394.0,1394.9999999999998,1,240.0
two_peak_se3_synthetic,>= initial,capped_optimized,30,PARX_1,651.11550046,665.0,1,240.0
two_peak_se3_synthetic,>= initial,capped_optimized,30,PARX_1,706.4152503750023,720.0,1,240.0
two_peak_se3_synthetic,>= initial,capped_optimized,30,PARX_1,720.0,745.0,2,480.0
two_peak_se3_synthetic,>= initial,capped_optimized,30,PARX_1,745.0,747.1012498499997,1,240.0
two_peak_se3_synthetic,>= initial,capped_optimized,30,PARX_1,782.0,810.3174990825,1,240.0
two_peak_se3_synthetic,>= initial,capped_optimized,30,PARX_1,1500.0,1530.0,28,6720.0
two_peak_se3_synthetic,>= initial,capped_optimized,30,PARX_1,1530.0,1540.0,29,6960.0
two_peak_se3_synthetic,>= initial,capped_optimized,30,PARX_1,1540.0,1552.62274985,30,7200.0
two_peak_se3_synthetic,>= initial,capped_optimized,30,PARX_1,1552.62274985,1560.0,29,6960.0
