Set parameter LicenseID to value 2674428
Set parameter GURO_PAR_SPECIAL
Set parameter TokenServer to value "en-cc-unicorn-data-dirs.coecis.cornell.edu"
Set parameter OutputFlag to value 1
Set parameter Threads to value 1
Set parameter Method to value 1
Set parameter Seed to value 20260919
Set parameter LogFile to value "/home/nc437/ladder-lite/diving_pricing_20260919/results/c4_k08/treatment/586639_r0/dive/gurobi.log"
Set parameter TimeLimit to value 2.3262255775928497e+03
Gurobi Optimizer version 12.0.3 build v12.0.3rc0 (linux64 - "Ubuntu 24.04.4 LTS")

CPU model: Intel(R) Xeon(R) Gold 6258R CPU @ 2.70GHz, instruction set [SSE2|AVX|AVX2|AVX512]
Thread count: 56 physical cores, 56 logical processors, using up to 1 threads

Non-default parameters:
TimeLimit  2.3262255775928497e+03
Method  1
Seed  20260919
Threads  1

Optimize a model with 189 rows, 39856 columns and 1096992 nonzeros
Model fingerprint: 0x401c5a63
Coefficient statistics:
  Matrix range     [1e+00, 1e+00]
  Objective range  [1e+05, 5e+05]
  Bounds range     [0e+00, 0e+00]
  RHS range        [1e+00, 8e+00]
Presolve time: 0.35s
Presolved: 189 rows, 39856 columns, 1096992 nonzeros

Iteration    Objective       Primal Inf.    Dual Inf.      Time
       0    0.0000000e+00   1.880000e+02   0.000000e+00      0s

Starting sifting (using dual simplex for sub-problems)...

    Iter     Pivots    Primal Obj      Dual Obj        Time
       0          0     infinity      0.0000000e+00      0s
       1        655   2.2683009e+07   2.6515868e+05      0s
       2       1793   5.1655170e+06   3.3979452e+05      1s
       3       2942   8.0051451e+05   5.5518927e+05      1s
       4       4202   8.0051094e+05   7.9793529e+05      1s
       5       5414   8.0049557e+05   7.9997379e+05      1s
       6       6444   8.0043166e+05   8.0017128e+05      1s
       7       7686   8.0037063e+05   8.0028541e+05      1s
       8       8638   8.0036244e+05   8.0033470e+05      1s
       9       9646   8.0036017e+05   8.0035057e+05      1s
      10      10735   8.0035983e+05   8.0035517e+05      2s
      11      11736   8.0035982e+05   8.0035870e+05      2s
      12      12463   8.0035982e+05   8.0035953e+05      2s

Sifting complete

   13164    8.0035982e+05   0.000000e+00   0.000000e+00      2s

Solved in 13164 iterations and 1.88 seconds (2.72 work units)
Optimal objective  8.003598182e+05
Set parameter TimeLimit to value 2.3231770834922791e+03
Gurobi Optimizer version 12.0.3 build v12.0.3rc0 (linux64 - "Ubuntu 24.04.4 LTS")

CPU model: Intel(R) Xeon(R) Gold 6258R CPU @ 2.70GHz, instruction set [SSE2|AVX|AVX2|AVX512]
Thread count: 56 physical cores, 56 logical processors, using up to 1 threads

Non-default parameters:
TimeLimit  2.3231770834922791e+03
Method  1
Seed  20260919
Threads  1

Optimize a model with 189 rows, 39886 columns and 1097640 nonzeros
Coefficient statistics:
  Matrix range     [1e+00, 1e+00]
  Objective range  [1e+05, 5e+05]
  Bounds range     [0e+00, 0e+00]
  RHS range        [1e+00, 8e+00]
LP warm-start: use basis

Iteration    Objective       Primal Inf.    Dual Inf.      Time
       0   -9.1423490e+31   6.436601e+33   9.142349e+01      0s
      26    8.0035982e+05   0.000000e+00   0.000000e+00      0s

Solved in 26 iterations and 0.08 seconds (0.07 work units)
Optimal objective  8.003598182e+05
Set parameter TimeLimit to value 2.3219774594306946e+03
Gurobi Optimizer version 12.0.3 build v12.0.3rc0 (linux64 - "Ubuntu 24.04.4 LTS")

CPU model: Intel(R) Xeon(R) Gold 6258R CPU @ 2.70GHz, instruction set [SSE2|AVX|AVX2|AVX512]
Thread count: 56 physical cores, 56 logical processors, using up to 1 threads

Non-default parameters:
TimeLimit  2.3219774594306946e+03
Method  1
Seed  20260919
Threads  1

Optimize a model with 189 rows, 39916 columns and 1098217 nonzeros
Coefficient statistics:
  Matrix range     [1e+00, 1e+00]
  Objective range  [1e+05, 5e+05]
  Bounds range     [0e+00, 0e+00]
  RHS range        [1e+00, 8e+00]
LP warm-start: use basis

Iteration    Objective       Primal Inf.    Dual Inf.      Time
       0   -8.9985990e+31   7.450622e+33   8.998599e+01      0s
     121    8.0035982e+05   0.000000e+00   0.000000e+00      0s

Solved in 121 iterations and 0.21 seconds (0.40 work units)
Optimal objective  8.003598182e+05
Set parameter TimeLimit to value 2.3206612498760223e+03
Gurobi Optimizer version 12.0.3 build v12.0.3rc0 (linux64 - "Ubuntu 24.04.4 LTS")

CPU model: Intel(R) Xeon(R) Gold 6258R CPU @ 2.70GHz, instruction set [SSE2|AVX|AVX2|AVX512]
Thread count: 56 physical cores, 56 logical processors, using up to 1 threads

Non-default parameters:
TimeLimit  2.3206612498760223e+03
Method  1
Seed  20260919
Threads  1

Optimize a model with 189 rows, 39946 columns and 1098836 nonzeros
Coefficient statistics:
  Matrix range     [1e+00, 1e+00]
  Objective range  [1e+05, 5e+05]
  Bounds range     [0e+00, 0e+00]
  RHS range        [1e+00, 8e+00]
LP warm-start: use basis

Iteration    Objective       Primal Inf.    Dual Inf.      Time
       0   -6.6896633e+31   6.078648e+33   6.689663e+01      0s
       9    8.0035982e+05   0.000000e+00   0.000000e+00      0s

Solved in 9 iterations and 0.05 seconds (0.02 work units)
Optimal objective  8.003598182e+05
Set parameter TimeLimit to value 2.3195454416275024e+03
Gurobi Optimizer version 12.0.3 build v12.0.3rc0 (linux64 - "Ubuntu 24.04.4 LTS")

CPU model: Intel(R) Xeon(R) Gold 6258R CPU @ 2.70GHz, instruction set [SSE2|AVX|AVX2|AVX512]
Thread count: 56 physical cores, 56 logical processors, using up to 1 threads

Non-default parameters:
TimeLimit  2.3195454416275024e+03
Method  1
Seed  20260919
Threads  1

Optimize a model with 189 rows, 39976 columns and 1099655 nonzeros
Coefficient statistics:
  Matrix range     [1e+00, 1e+00]
  Objective range  [1e+05, 5e+05]
  Bounds range     [0e+00, 0e+00]
  RHS range        [1e+00, 8e+00]
LP warm-start: use basis

Iteration    Objective       Primal Inf.    Dual Inf.      Time
       0   -2.7075876e+31   3.820567e+33   2.707588e+01      0s
      10    8.0035982e+05   0.000000e+00   0.000000e+00      0s

Solved in 10 iterations and 0.07 seconds (0.06 work units)
Optimal objective  8.003598182e+05
Set parameter TimeLimit to value 2.3184386165142059e+03
Gurobi Optimizer version 12.0.3 build v12.0.3rc0 (linux64 - "Ubuntu 24.04.4 LTS")

CPU model: Intel(R) Xeon(R) Gold 6258R CPU @ 2.70GHz, instruction set [SSE2|AVX|AVX2|AVX512]
Thread count: 56 physical cores, 56 logical processors, using up to 1 threads

Non-default parameters:
TimeLimit  2.3184386165142059e+03
Method  1
Seed  20260919
Threads  1

Optimize a model with 189 rows, 40006 columns and 1100492 nonzeros
Coefficient statistics:
  Matrix range     [1e+00, 1e+00]
  Objective range  [1e+05, 5e+05]
  Bounds range     [0e+00, 0e+00]
  RHS range        [1e+00, 8e+00]
LP warm-start: use basis

Iteration    Objective       Primal Inf.    Dual Inf.      Time
       0   -9.9771479e+30   2.871913e+33   9.977148e+00      0s
     105    8.0035982e+05   0.000000e+00   0.000000e+00      0s

Solved in 105 iterations and 0.19 seconds (0.33 work units)
Optimal objective  8.003598182e+05
Set parameter TimeLimit to value 2.3172345821857452e+03
Gurobi Optimizer version 12.0.3 build v12.0.3rc0 (linux64 - "Ubuntu 24.04.4 LTS")

CPU model: Intel(R) Xeon(R) Gold 6258R CPU @ 2.70GHz, instruction set [SSE2|AVX|AVX2|AVX512]
Thread count: 56 physical cores, 56 logical processors, using up to 1 threads

Non-default parameters:
TimeLimit  2.3172345821857452e+03
Method  1
Seed  20260919
Threads  1

Optimize a model with 189 rows, 40031 columns and 1101165 nonzeros
Coefficient statistics:
  Matrix range     [1e+00, 1e+00]
  Objective range  [1e+05, 5e+05]
  Bounds range     [0e+00, 0e+00]
  RHS range        [1e+00, 8e+00]
LP warm-start: use basis

Iteration    Objective       Primal Inf.    Dual Inf.      Time
       0   -4.5428089e+30   1.275951e+33   4.542809e+00      0s
     187    8.0035982e+05   0.000000e+00   0.000000e+00      0s

Solved in 187 iterations and 0.30 seconds (0.61 work units)
Optimal objective  8.003598182e+05
Set parameter TimeLimit to value 2.3159786598682404e+03
Gurobi Optimizer version 12.0.3 build v12.0.3rc0 (linux64 - "Ubuntu 24.04.4 LTS")

CPU model: Intel(R) Xeon(R) Gold 6258R CPU @ 2.70GHz, instruction set [SSE2|AVX|AVX2|AVX512]
Thread count: 56 physical cores, 56 logical processors, using up to 1 threads

Non-default parameters:
TimeLimit  2.3159786598682404e+03
Method  1
Seed  20260919
Threads  1

Optimize a model with 189 rows, 40039 columns and 1101378 nonzeros
Coefficient statistics:
  Matrix range     [1e+00, 1e+00]
  Objective range  [1e+05, 5e+05]
  Bounds range     [0e+00, 0e+00]
  RHS range        [1e+00, 8e+00]
LP warm-start: use basis

Iteration    Objective       Primal Inf.    Dual Inf.      Time
       0   -8.3114734e+29   5.201699e+32   8.311473e-01      0s
      10    8.0035982e+05   0.000000e+00   0.000000e+00      0s

Solved in 10 iterations and 0.06 seconds (0.03 work units)
Optimal objective  8.003598182e+05
Set parameter TimeLimit to value 2.3149852452278137e+03
Gurobi Optimizer version 12.0.3 build v12.0.3rc0 (linux64 - "Ubuntu 24.04.4 LTS")

CPU model: Intel(R) Xeon(R) Gold 6258R CPU @ 2.70GHz, instruction set [SSE2|AVX|AVX2|AVX512]
Thread count: 56 physical cores, 56 logical processors, using up to 1 threads

Non-default parameters:
TimeLimit  2.3149852452278137e+03
Method  1
Seed  20260919
Threads  1

Optimize a model with 189 rows, 40043 columns and 1101512 nonzeros
Coefficient statistics:
  Matrix range     [1e+00, 1e+00]
  Objective range  [1e+05, 5e+05]
  Bounds range     [0e+00, 0e+00]
  RHS range        [1e+00, 8e+00]
LP warm-start: use basis

Iteration    Objective       Primal Inf.    Dual Inf.      Time
       0   -2.9618410e+29   9.121095e+31   2.961841e-01      0s
       4    8.0035982e+05   0.000000e+00   0.000000e+00      0s

Solved in 4 iterations and 0.05 seconds (0.02 work units)
Optimal objective  8.003598182e+05
Set parameter TimeLimit to value 2.3139780704975128e+03
Gurobi Optimizer version 12.0.3 build v12.0.3rc0 (linux64 - "Ubuntu 24.04.4 LTS")

CPU model: Intel(R) Xeon(R) Gold 6258R CPU @ 2.70GHz, instruction set [SSE2|AVX|AVX2|AVX512]
Thread count: 56 physical cores, 56 logical processors, using up to 1 threads

Non-default parameters:
TimeLimit  2.3139780704975128e+03
Method  1
Seed  20260919
Threads  1

Optimize a model with 189 rows, 40045 columns and 1101571 nonzeros
Coefficient statistics:
  Matrix range     [1e+00, 1e+00]
  Objective range  [1e+05, 5e+05]
  Bounds range     [0e+00, 0e+00]
  RHS range        [1e+00, 8e+00]
LP warm-start: use basis

Iteration    Objective       Primal Inf.    Dual Inf.      Time
       0   -8.2899612e+28   9.974364e+31   8.289961e-02      0s
       1    8.0035982e+05   0.000000e+00   0.000000e+00      0s

Solved in 1 iterations and 0.05 seconds (0.02 work units)
Optimal objective  8.003598182e+05
Set parameter TimeLimit to value 2.3129820818901062e+03
Gurobi Optimizer version 12.0.3 build v12.0.3rc0 (linux64 - "Ubuntu 24.04.4 LTS")

CPU model: Intel(R) Xeon(R) Gold 6258R CPU @ 2.70GHz, instruction set [SSE2|AVX|AVX2|AVX512]
Thread count: 56 physical cores, 56 logical processors, using up to 1 threads

Non-default parameters:
TimeLimit  2.3129820818901062e+03
Method  1
Seed  20260919
Threads  1

Optimize a model with 189 rows, 40047 columns and 1101632 nonzeros
Coefficient statistics:
  Matrix range     [1e+00, 1e+00]
  Objective range  [1e+05, 5e+05]
  Bounds range     [0e+00, 0e+00]
  RHS range        [1e+00, 8e+00]
LP warm-start: use basis

Iteration    Objective       Primal Inf.    Dual Inf.      Time
       0   -8.2899616e+28   8.221072e+31   8.289962e-02      0s
       4    8.0035982e+05   0.000000e+00   0.000000e+00      0s

Solved in 4 iterations and 0.05 seconds (0.02 work units)
Optimal objective  8.003598182e+05
Set parameter TimeLimit to value 2.3119851202964783e+03
Gurobi Optimizer version 12.0.3 build v12.0.3rc0 (linux64 - "Ubuntu 24.04.4 LTS")

CPU model: Intel(R) Xeon(R) Gold 6258R CPU @ 2.70GHz, instruction set [SSE2|AVX|AVX2|AVX512]
Thread count: 56 physical cores, 56 logical processors, using up to 1 threads

Non-default parameters:
TimeLimit  2.3119851202964783e+03
Method  1
Seed  20260919
Threads  1

Optimize a model with 189 rows, 40049 columns and 1101689 nonzeros
Coefficient statistics:
  Matrix range     [1e+00, 1e+00]
  Objective range  [1e+05, 5e+05]
  Bounds range     [0e+00, 0e+00]
  RHS range        [1e+00, 8e+00]
LP warm-start: use basis

Iteration    Objective       Primal Inf.    Dual Inf.      Time
       0   -4.2251371e+28   6.055971e+31   4.225137e-02      0s
       2    8.0035982e+05   0.000000e+00   0.000000e+00      0s

Solved in 2 iterations and 0.05 seconds (0.02 work units)
Optimal objective  8.003598182e+05
Set parameter TimeLimit to value 2.3109507961273193e+03
Gurobi Optimizer version 12.0.3 build v12.0.3rc0 (linux64 - "Ubuntu 24.04.4 LTS")

CPU model: Intel(R) Xeon(R) Gold 6258R CPU @ 2.70GHz, instruction set [SSE2|AVX|AVX2|AVX512]
Thread count: 56 physical cores, 56 logical processors, using up to 1 threads

Non-default parameters:
TimeLimit  2.3109507961273193e+03
Method  1
Seed  20260919
Threads  1

Optimize a model with 189 rows, 40050 columns and 1101725 nonzeros
Coefficient statistics:
  Matrix range     [1e+00, 1e+00]
  Objective range  [1e+05, 5e+05]
  Bounds range     [0e+00, 0e+00]
  RHS range        [1e+00, 8e+00]
LP warm-start: use basis

Iteration    Objective       Primal Inf.    Dual Inf.      Time
       0   -3.3674129e+28   7.004742e+31   3.367413e-02      0s
       1    8.0035982e+05   0.000000e+00   0.000000e+00      0s

Solved in 1 iterations and 0.05 seconds (0.02 work units)
Optimal objective  8.003598182e+05
Set parameter TimeLimit to value 2.3099052286148071e+03
Gurobi Optimizer version 12.0.3 build v12.0.3rc0 (linux64 - "Ubuntu 24.04.4 LTS")

CPU model: Intel(R) Xeon(R) Gold 6258R CPU @ 2.70GHz, instruction set [SSE2|AVX|AVX2|AVX512]
Thread count: 56 physical cores, 56 logical processors, using up to 1 threads

Non-default parameters:
TimeLimit  2.3099052286148071e+03
Method  1
Seed  20260919
Threads  1

Optimize a model with 189 rows, 40051 columns and 1101762 nonzeros
Coefficient statistics:
  Matrix range     [1e+00, 1e+00]
  Objective range  [1e+05, 5e+05]
  Bounds range     [0e+00, 0e+00]
  RHS range        [1e+00, 8e+00]
LP warm-start: use basis

Iteration    Objective       Primal Inf.    Dual Inf.      Time
       0   -3.3674128e+28   6.821544e+31   3.367413e-02      0s
       2    8.0035982e+05   0.000000e+00   0.000000e+00      0s

Solved in 2 iterations and 0.05 seconds (0.02 work units)
Optimal objective  8.003598182e+05
Set parameter TimeLimit to value 2.3089248173236847e+03
Gurobi Optimizer version 12.0.3 build v12.0.3rc0 (linux64 - "Ubuntu 24.04.4 LTS")

CPU model: Intel(R) Xeon(R) Gold 6258R CPU @ 2.70GHz, instruction set [SSE2|AVX|AVX2|AVX512]
Thread count: 56 physical cores, 56 logical processors, using up to 1 threads

Non-default parameters:
TimeLimit  2.3089248173236847e+03
Method  1
Seed  20260919
Threads  1

Optimize a model with 189 rows, 40051 columns and 1101762 nonzeros
Coefficient statistics:
  Matrix range     [1e+00, 1e+00]
  Objective range  [1e+05, 5e+05]
  Bounds range     [0e+00, 0e+00]
  RHS range        [1e+00, 8e+00]
LP warm-start: use basis

Iteration    Objective       Primal Inf.    Dual Inf.      Time
       0   -1.0786855e+29   1.039356e+32   1.078686e-01      0s
       1    8.0035982e+05   0.000000e+00   0.000000e+00      0s

Solved in 1 iterations and 0.05 seconds (0.02 work units)
Optimal objective  8.003598182e+05
Set parameter TimeLimit to value 2.3078834440708160e+03
Gurobi Optimizer version 12.0.3 build v12.0.3rc0 (linux64 - "Ubuntu 24.04.4 LTS")

CPU model: Intel(R) Xeon(R) Gold 6258R CPU @ 2.70GHz, instruction set [SSE2|AVX|AVX2|AVX512]
Thread count: 56 physical cores, 56 logical processors, using up to 1 threads

Non-default parameters:
TimeLimit  2.3078834440708160e+03
Method  1
Seed  20260919
Threads  1

Optimize a model with 189 rows, 40051 columns and 1101762 nonzeros
Coefficient statistics:
  Matrix range     [1e+00, 1e+00]
  Objective range  [1e+05, 5e+05]
  Bounds range     [1e+00, 1e+00]
  RHS range        [1e+00, 8e+00]

Iteration    Objective       Primal Inf.    Dual Inf.      Time
       0    8.0035982e+05   5.000000e-01   0.000000e+00      0s
     983    8.0036481e+05   0.000000e+00   0.000000e+00      1s

Solved in 983 iterations and 1.37 seconds (3.19 work units)
Optimal objective  8.003648150e+05
Set parameter TimeLimit to value 2.3053515839576721e+03
Gurobi Optimizer version 12.0.3 build v12.0.3rc0 (linux64 - "Ubuntu 24.04.4 LTS")

CPU model: Intel(R) Xeon(R) Gold 6258R CPU @ 2.70GHz, instruction set [SSE2|AVX|AVX2|AVX512]
Thread count: 56 physical cores, 56 logical processors, using up to 1 threads

Non-default parameters:
TimeLimit  2.3053515839576721e+03
Method  1
Seed  20260919
Threads  1

Optimize a model with 189 rows, 40081 columns and 1102306 nonzeros
Coefficient statistics:
  Matrix range     [1e+00, 1e+00]
  Objective range  [1e+05, 5e+05]
  Bounds range     [1e+00, 1e+00]
  RHS range        [1e+00, 8e+00]
LP warm-start: use basis

Iteration    Objective       Primal Inf.    Dual Inf.      Time
       0   -1.6167089e+32   8.745395e+32   1.616709e+02      0s
     494    8.0036427e+05   0.000000e+00   0.000000e+00      1s

Solved in 494 iterations and 0.69 seconds (1.48 work units)
Optimal objective  8.003642663e+05
Set parameter TimeLimit to value 2.3033321051597595e+03
Gurobi Optimizer version 12.0.3 build v12.0.3rc0 (linux64 - "Ubuntu 24.04.4 LTS")

CPU model: Intel(R) Xeon(R) Gold 6258R CPU @ 2.70GHz, instruction set [SSE2|AVX|AVX2|AVX512]
Thread count: 56 physical cores, 56 logical processors, using up to 1 threads

Non-default parameters:
TimeLimit  2.3033321051597595e+03
Method  1
Seed  20260919
Threads  1

Optimize a model with 189 rows, 40111 columns and 1102923 nonzeros
Coefficient statistics:
  Matrix range     [1e+00, 1e+00]
  Objective range  [1e+05, 5e+05]
  Bounds range     [1e+00, 1e+00]
  RHS range        [1e+00, 8e+00]
LP warm-start: use basis

Iteration    Objective       Primal Inf.    Dual Inf.      Time
       0   -1.0776809e+32   1.517228e+33   1.077681e+02      0s
     507    8.0036401e+05   0.000000e+00   0.000000e+00      1s

Solved in 507 iterations and 0.73 seconds (1.59 work units)
Optimal objective  8.003640149e+05
Set parameter TimeLimit to value 2.3014666149616241e+03
Gurobi Optimizer version 12.0.3 build v12.0.3rc0 (linux64 - "Ubuntu 24.04.4 LTS")

CPU model: Intel(R) Xeon(R) Gold 6258R CPU @ 2.70GHz, instruction set [SSE2|AVX|AVX2|AVX512]
Thread count: 56 physical cores, 56 logical processors, using up to 1 threads

Non-default parameters:
TimeLimit  2.3014666149616241e+03
Method  1
Seed  20260919
Threads  1

Optimize a model with 189 rows, 40141 columns and 1103540 nonzeros
Coefficient statistics:
  Matrix range     [1e+00, 1e+00]
  Objective range  [1e+05, 5e+05]
  Bounds range     [1e+00, 1e+00]
  RHS range        [1e+00, 8e+00]
LP warm-start: use basis

Iteration    Objective       Primal Inf.    Dual Inf.      Time
       0   -1.2001892e+32   7.882400e+32   1.200189e+02      0s
     774    8.0036293e+05   0.000000e+00   0.000000e+00      1s

Solved in 774 iterations and 1.11 seconds (2.51 work units)
Optimal objective  8.003629321e+05
Set parameter TimeLimit to value 2.2991762969493866e+03
Gurobi Optimizer version 12.0.3 build v12.0.3rc0 (linux64 - "Ubuntu 24.04.4 LTS")

CPU model: Intel(R) Xeon(R) Gold 6258R CPU @ 2.70GHz, instruction set [SSE2|AVX|AVX2|AVX512]
Thread count: 56 physical cores, 56 logical processors, using up to 1 threads

Non-default parameters:
TimeLimit  2.2991762969493866e+03
Method  1
Seed  20260919
Threads  1

Optimize a model with 189 rows, 40171 columns and 1104070 nonzeros
Coefficient statistics:
  Matrix range     [1e+00, 1e+00]
  Objective range  [1e+05, 5e+05]
  Bounds range     [1e+00, 1e+00]
  RHS range        [1e+00, 8e+00]
LP warm-start: use basis

Iteration    Objective       Primal Inf.    Dual Inf.      Time
       0   -3.0216259e+32   4.571662e+33   3.021626e+02      0s
      89    8.0036293e+05   0.000000e+00   0.000000e+00      0s

Solved in 89 iterations and 0.16 seconds (0.24 work units)
Optimal objective  8.003629321e+05
Set parameter TimeLimit to value 2.2975934813022614e+03
Gurobi Optimizer version 12.0.3 build v12.0.3rc0 (linux64 - "Ubuntu 24.04.4 LTS")

CPU model: Intel(R) Xeon(R) Gold 6258R CPU @ 2.70GHz, instruction set [SSE2|AVX|AVX2|AVX512]
Thread count: 56 physical cores, 56 logical processors, using up to 1 threads

Non-default parameters:
TimeLimit  2.2975934813022614e+03
Method  1
Seed  20260919
Threads  1

Optimize a model with 189 rows, 40201 columns and 1104522 nonzeros
Coefficient statistics:
  Matrix range     [1e+00, 1e+00]
  Objective range  [1e+05, 5e+05]
  Bounds range     [1e+00, 1e+00]
  RHS range        [1e+00, 8e+00]
LP warm-start: use basis

Iteration    Objective       Primal Inf.    Dual Inf.      Time
       0   -1.5382571e+32   2.415723e+33   1.538257e+02      0s
     128    8.0036293e+05   0.000000e+00   0.000000e+00      0s

Solved in 128 iterations and 0.21 seconds (0.38 work units)
Optimal objective  8.003629321e+05
Set parameter TimeLimit to value 2.2962284731864929e+03
Gurobi Optimizer version 12.0.3 build v12.0.3rc0 (linux64 - "Ubuntu 24.04.4 LTS")

CPU model: Intel(R) Xeon(R) Gold 6258R CPU @ 2.70GHz, instruction set [SSE2|AVX|AVX2|AVX512]
Thread count: 56 physical cores, 56 logical processors, using up to 1 threads

Non-default parameters:
TimeLimit  2.2962284731864929e+03
Method  1
Seed  20260919
Threads  1

Optimize a model with 189 rows, 40231 columns and 1105152 nonzeros
Coefficient statistics:
  Matrix range     [1e+00, 1e+00]
  Objective range  [1e+05, 5e+05]
  Bounds range     [1e+00, 1e+00]
  RHS range        [1e+00, 8e+00]
LP warm-start: use basis

Iteration    Objective       Primal Inf.    Dual Inf.      Time
       0   -1.1409218e+32   4.336546e+33   1.140922e+02      0s
     156    8.0036293e+05   0.000000e+00   0.000000e+00      0s

Solved in 156 iterations and 0.26 seconds (0.47 work units)
Optimal objective  8.003629321e+05
Set parameter TimeLimit to value 2.2949182298183441e+03
Gurobi Optimizer version 12.0.3 build v12.0.3rc0 (linux64 - "Ubuntu 24.04.4 LTS")

CPU model: Intel(R) Xeon(R) Gold 6258R CPU @ 2.70GHz, instruction set [SSE2|AVX|AVX2|AVX512]
Thread count: 56 physical cores, 56 logical processors, using up to 1 threads

Non-default parameters:
TimeLimit  2.2949182298183441e+03
Method  1
Seed  20260919
Threads  1

Optimize a model with 189 rows, 40261 columns and 1105910 nonzeros
Coefficient statistics:
  Matrix range     [1e+00, 1e+00]
  Objective range  [1e+05, 5e+05]
  Bounds range     [1e+00, 1e+00]
  RHS range        [1e+00, 8e+00]
LP warm-start: use basis

Iteration    Objective       Primal Inf.    Dual Inf.      Time
       0   -5.7176424e+31   2.101756e+33   5.717642e+01      0s
     735    8.0036277e+05   0.000000e+00   0.000000e+00      1s

Solved in 735 iterations and 1.05 seconds (2.33 work units)
Optimal objective  8.003627659e+05
Set parameter TimeLimit to value 2.2927602241039276e+03
Gurobi Optimizer version 12.0.3 build v12.0.3rc0 (linux64 - "Ubuntu 24.04.4 LTS")

CPU model: Intel(R) Xeon(R) Gold 6258R CPU @ 2.70GHz, instruction set [SSE2|AVX|AVX2|AVX512]
Thread count: 56 physical cores, 56 logical processors, using up to 1 threads

Non-default parameters:
TimeLimit  2.2927602241039276e+03
Method  1
Seed  20260919
Threads  1

Optimize a model with 189 rows, 40291 columns and 1106541 nonzeros
Coefficient statistics:
  Matrix range     [1e+00, 1e+00]
  Objective range  [1e+05, 5e+05]
  Bounds range     [1e+00, 1e+00]
  RHS range        [1e+00, 8e+00]
LP warm-start: use basis

Iteration    Objective       Primal Inf.    Dual Inf.      Time
       0   -4.3672442e+31   1.581056e+33   4.367244e+01      0s
     387    8.0036268e+05   0.000000e+00   0.000000e+00      1s

Solved in 387 iterations and 0.55 seconds (1.16 work units)
Optimal objective  8.003626794e+05
Set parameter TimeLimit to value 2.2910964956283569e+03
Gurobi Optimizer version 12.0.3 build v12.0.3rc0 (linux64 - "Ubuntu 24.04.4 LTS")

CPU model: Intel(R) Xeon(R) Gold 6258R CPU @ 2.70GHz, instruction set [SSE2|AVX|AVX2|AVX512]
Thread count: 56 physical cores, 56 logical processors, using up to 1 threads

Non-default parameters:
TimeLimit  2.2910964956283569e+03
Method  1
Seed  20260919
Threads  1

Optimize a model with 189 rows, 40321 columns and 1107253 nonzeros
Coefficient statistics:
  Matrix range     [1e+00, 1e+00]
  Objective range  [1e+05, 5e+05]
  Bounds range     [1e+00, 1e+00]
  RHS range        [1e+00, 8e+00]
LP warm-start: use basis

Iteration    Objective       Primal Inf.    Dual Inf.      Time
       0   -7.5215619e+31   2.111970e+33   7.521562e+01      0s
       1    8.0036268e+05   0.000000e+00   0.000000e+00      0s

Solved in 1 iterations and 0.06 seconds (0.02 work units)
Optimal objective  8.003626794e+05
Set parameter TimeLimit to value 2.2899594957828522e+03
Gurobi Optimizer version 12.0.3 build v12.0.3rc0 (linux64 - "Ubuntu 24.04.4 LTS")

CPU model: Intel(R) Xeon(R) Gold 6258R CPU @ 2.70GHz, instruction set [SSE2|AVX|AVX2|AVX512]
Thread count: 56 physical cores, 56 logical processors, using up to 1 threads

Non-default parameters:
TimeLimit  2.2899594957828522e+03
Method  1
Seed  20260919
Threads  1

Optimize a model with 189 rows, 40351 columns and 1108075 nonzeros
Coefficient statistics:
  Matrix range     [1e+00, 1e+00]
  Objective range  [1e+05, 5e+05]
  Bounds range     [1e+00, 1e+00]
  RHS range        [1e+00, 8e+00]
LP warm-start: use basis

Iteration    Objective       Primal Inf.    Dual Inf.      Time
       0   -4.0549642e+31   1.221305e+33   4.054964e+01      0s
     455    8.0036261e+05   0.000000e+00   0.000000e+00      1s

Solved in 455 iterations and 0.65 seconds (1.42 work units)
Optimal objective  8.003626105e+05
Set parameter TimeLimit to value 2.2882365157604218e+03
Gurobi Optimizer version 12.0.3 build v12.0.3rc0 (linux64 - "Ubuntu 24.04.4 LTS")

CPU model: Intel(R) Xeon(R) Gold 6258R CPU @ 2.70GHz, instruction set [SSE2|AVX|AVX2|AVX512]
Thread count: 56 physical cores, 56 logical processors, using up to 1 threads

Non-default parameters:
TimeLimit  2.2882365157604218e+03
Method  1
Seed  20260919
Threads  1

Optimize a model with 189 rows, 40381 columns and 1108691 nonzeros
Coefficient statistics:
  Matrix range     [1e+00, 1e+00]
  Objective range  [1e+05, 5e+05]
  Bounds range     [1e+00, 1e+00]
  RHS range        [1e+00, 8e+00]
LP warm-start: use basis

Iteration    Objective       Primal Inf.    Dual Inf.      Time
       0   -7.1109295e+31   4.159413e+33   7.110930e+01      0s
      12    8.0036261e+05   0.000000e+00   0.000000e+00      0s

Solved in 12 iterations and 0.06 seconds (0.02 work units)
Optimal objective  8.003626105e+05
Set parameter TimeLimit to value 2.2870313720703125e+03
Gurobi Optimizer version 12.0.3 build v12.0.3rc0 (linux64 - "Ubuntu 24.04.4 LTS")

CPU model: Intel(R) Xeon(R) Gold 6258R CPU @ 2.70GHz, instruction set [SSE2|AVX|AVX2|AVX512]
Thread count: 56 physical cores, 56 logical processors, using up to 1 threads

Non-default parameters:
TimeLimit  2.2870313720703125e+03
Method  1
Seed  20260919
Threads  1

Optimize a model with 189 rows, 40411 columns and 1109486 nonzeros
Coefficient statistics:
  Matrix range     [1e+00, 1e+00]
  Objective range  [1e+05, 5e+05]
  Bounds range     [1e+00, 1e+00]
  RHS range        [1e+00, 8e+00]
LP warm-start: use basis

Iteration    Objective       Primal Inf.    Dual Inf.      Time
       0   -2.5757987e+31   2.095125e+33   2.575799e+01      0s
      15    8.0036261e+05   0.000000e+00   0.000000e+00      0s

Solved in 15 iterations and 0.06 seconds (0.02 work units)
Optimal objective  8.003626105e+05
Set parameter TimeLimit to value 2.2858631610870361e+03
Gurobi Optimizer version 12.0.3 build v12.0.3rc0 (linux64 - "Ubuntu 24.04.4 LTS")

CPU model: Intel(R) Xeon(R) Gold 6258R CPU @ 2.70GHz, instruction set [SSE2|AVX|AVX2|AVX512]
Thread count: 56 physical cores, 56 logical processors, using up to 1 threads

Non-default parameters:
TimeLimit  2.2858631610870361e+03
Method  1
Seed  20260919
Threads  1

Optimize a model with 189 rows, 40441 columns and 1110156 nonzeros
Coefficient statistics:
  Matrix range     [1e+00, 1e+00]
  Objective range  [1e+05, 5e+05]
  Bounds range     [1e+00, 1e+00]
  RHS range        [1e+00, 8e+00]
LP warm-start: use basis

Iteration    Objective       Primal Inf.    Dual Inf.      Time
       0   -1.8797688e+31   9.253615e+32   1.879769e+01      0s
       9    8.0036261e+05   0.000000e+00   0.000000e+00      0s

Solved in 9 iterations and 0.06 seconds (0.02 work units)
Optimal objective  8.003626105e+05
Set parameter TimeLimit to value 2.2846666526794434e+03
Gurobi Optimizer version 12.0.3 build v12.0.3rc0 (linux64 - "Ubuntu 24.04.4 LTS")

CPU model: Intel(R) Xeon(R) Gold 6258R CPU @ 2.70GHz, instruction set [SSE2|AVX|AVX2|AVX512]
Thread count: 56 physical cores, 56 logical processors, using up to 1 threads

Non-default parameters:
TimeLimit  2.2846666526794434e+03
Method  1
Seed  20260919
Threads  1

Optimize a model with 189 rows, 40471 columns and 1110935 nonzeros
Coefficient statistics:
  Matrix range     [1e+00, 1e+00]
  Objective range  [1e+05, 5e+05]
  Bounds range     [1e+00, 1e+00]
  RHS range        [1e+00, 8e+00]
LP warm-start: use basis

Iteration    Objective       Primal Inf.    Dual Inf.      Time
       0   -1.7234408e+31   1.058053e+33   1.723441e+01      0s
     292    8.0036258e+05   0.000000e+00   0.000000e+00      0s

Solved in 292 iterations and 0.48 seconds (0.90 work units)
Optimal objective  8.003625761e+05
Set parameter TimeLimit to value 2.2830090596675873e+03
Gurobi Optimizer version 12.0.3 build v12.0.3rc0 (linux64 - "Ubuntu 24.04.4 LTS")

CPU model: Intel(R) Xeon(R) Gold 6258R CPU @ 2.70GHz, instruction set [SSE2|AVX|AVX2|AVX512]
Thread count: 56 physical cores, 56 logical processors, using up to 1 threads

Non-default parameters:
TimeLimit  2.2830090596675873e+03
Method  1
Seed  20260919
Threads  1

Optimize a model with 189 rows, 40501 columns and 1111682 nonzeros
Coefficient statistics:
  Matrix range     [1e+00, 1e+00]
  Objective range  [1e+05, 5e+05]
  Bounds range     [1e+00, 1e+00]
  RHS range        [1e+00, 8e+00]
LP warm-start: use basis

Iteration    Objective       Primal Inf.    Dual Inf.      Time
       0   -4.9562839e+31   6.349119e+33   4.956284e+01      0s
      59    8.0036258e+05   0.000000e+00   0.000000e+00      0s

Solved in 59 iterations and 0.13 seconds (0.16 work units)
Optimal objective  8.003625761e+05
Set parameter TimeLimit to value 2.2818275434970856e+03
Gurobi Optimizer version 12.0.3 build v12.0.3rc0 (linux64 - "Ubuntu 24.04.4 LTS")

CPU model: Intel(R) Xeon(R) Gold 6258R CPU @ 2.70GHz, instruction set [SSE2|AVX|AVX2|AVX512]
Thread count: 56 physical cores, 56 logical processors, using up to 1 threads

Non-default parameters:
TimeLimit  2.2818275434970856e+03
Method  1
Seed  20260919
Threads  1

Optimize a model with 189 rows, 40531 columns and 1112502 nonzeros
Coefficient statistics:
  Matrix range     [1e+00, 1e+00]
  Objective range  [1e+05, 5e+05]
  Bounds range     [1e+00, 1e+00]
  RHS range        [1e+00, 8e+00]
LP warm-start: use basis

Iteration    Objective       Primal Inf.    Dual Inf.      Time
       0   -2.6911504e+31   2.729767e+33   2.691150e+01      0s
       8    8.0036258e+05   0.000000e+00   0.000000e+00      0s

Solved in 8 iterations and 0.06 seconds (0.03 work units)
Optimal objective  8.003625761e+05
Set parameter TimeLimit to value 2.2807570464611053e+03
Gurobi Optimizer version 12.0.3 build v12.0.3rc0 (linux64 - "Ubuntu 24.04.4 LTS")

CPU model: Intel(R) Xeon(R) Gold 6258R CPU @ 2.70GHz, instruction set [SSE2|AVX|AVX2|AVX512]
Thread count: 56 physical cores, 56 logical processors, using up to 1 threads

Non-default parameters:
TimeLimit  2.2807570464611053e+03
Method  1
Seed  20260919
Threads  1

Optimize a model with 189 rows, 40561 columns and 1113296 nonzeros
Coefficient statistics:
  Matrix range     [1e+00, 1e+00]
  Objective range  [1e+05, 5e+05]
  Bounds range     [1e+00, 1e+00]
  RHS range        [1e+00, 8e+00]
LP warm-start: use basis

Iteration    Objective       Primal Inf.    Dual Inf.      Time
       0   -8.2107353e+30   1.775650e+33   8.210735e+00      0s
      93    8.0036257e+05   0.000000e+00   0.000000e+00      0s

Solved in 93 iterations and 0.18 seconds (0.29 work units)
Optimal objective  8.003625750e+05
Set parameter TimeLimit to value 2.2794038171768188e+03
Gurobi Optimizer version 12.0.3 build v12.0.3rc0 (linux64 - "Ubuntu 24.04.4 LTS")

CPU model: Intel(R) Xeon(R) Gold 6258R CPU @ 2.70GHz, instruction set [SSE2|AVX|AVX2|AVX512]
Thread count: 56 physical cores, 56 logical processors, using up to 1 threads

Non-default parameters:
TimeLimit  2.2794038171768188e+03
Method  1
Seed  20260919
Threads  1

Optimize a model with 189 rows, 40591 columns and 1114079 nonzeros
Coefficient statistics:
  Matrix range     [1e+00, 1e+00]
  Objective range  [1e+05, 5e+05]
  Bounds range     [1e+00, 1e+00]
  RHS range        [1e+00, 8e+00]
LP warm-start: use basis

Iteration    Objective       Primal Inf.    Dual Inf.      Time
       0   -7.0972407e+30   4.332982e+32   7.097241e+00      0s
     258    8.0036255e+05   0.000000e+00   0.000000e+00      0s

Solved in 258 iterations and 0.38 seconds (0.78 work units)
Optimal objective  8.003625515e+05
Set parameter TimeLimit to value 2.2780032863616943e+03
Gurobi Optimizer version 12.0.3 build v12.0.3rc0 (linux64 - "Ubuntu 24.04.4 LTS")

CPU model: Intel(R) Xeon(R) Gold 6258R CPU @ 2.70GHz, instruction set [SSE2|AVX|AVX2|AVX512]
Thread count: 56 physical cores, 56 logical processors, using up to 1 threads

Non-default parameters:
TimeLimit  2.2780032863616943e+03
Method  1
Seed  20260919
Threads  1

Optimize a model with 189 rows, 40619 columns and 1114731 nonzeros
Coefficient statistics:
  Matrix range     [1e+00, 1e+00]
  Objective range  [1e+05, 5e+05]
  Bounds range     [1e+00, 1e+00]
  RHS range        [1e+00, 8e+00]
LP warm-start: use basis

Iteration    Objective       Primal Inf.    Dual Inf.      Time
       0   -5.2678525e+30   1.704252e+33   5.267852e+00      0s
     386    8.0036250e+05   0.000000e+00   0.000000e+00      1s

Solved in 386 iterations and 0.54 seconds (1.15 work units)
Optimal objective  8.003624979e+05
Set parameter TimeLimit to value 2.2764300506114960e+03
Gurobi Optimizer version 12.0.3 build v12.0.3rc0 (linux64 - "Ubuntu 24.04.4 LTS")

CPU model: Intel(R) Xeon(R) Gold 6258R CPU @ 2.70GHz, instruction set [SSE2|AVX|AVX2|AVX512]
Thread count: 56 physical cores, 56 logical processors, using up to 1 threads

Non-default parameters:
TimeLimit  2.2764300506114960e+03
Method  1
Seed  20260919
Threads  1

Optimize a model with 189 rows, 40646 columns and 1115482 nonzeros
Coefficient statistics:
  Matrix range     [1e+00, 1e+00]
  Objective range  [1e+05, 5e+05]
  Bounds range     [1e+00, 1e+00]
  RHS range        [1e+00, 8e+00]
LP warm-start: use basis

Iteration    Objective       Primal Inf.    Dual Inf.      Time
       0   -8.8116116e+30   2.165713e+33   8.811612e+00      0s
     238    8.0036249e+05   0.000000e+00   0.000000e+00      0s

Solved in 238 iterations and 0.38 seconds (0.75 work units)
Optimal objective  8.003624870e+05
Set parameter TimeLimit to value 2.2750265579223633e+03
Gurobi Optimizer version 12.0.3 build v12.0.3rc0 (linux64 - "Ubuntu 24.04.4 LTS")

CPU model: Intel(R) Xeon(R) Gold 6258R CPU @ 2.70GHz, instruction set [SSE2|AVX|AVX2|AVX512]
Thread count: 56 physical cores, 56 logical processors, using up to 1 threads

Non-default parameters:
TimeLimit  2.2750265579223633e+03
Method  1
Seed  20260919
Threads  1

Optimize a model with 189 rows, 40675 columns and 1116213 nonzeros
Coefficient statistics:
  Matrix range     [1e+00, 1e+00]
  Objective range  [1e+05, 5e+05]
  Bounds range     [1e+00, 1e+00]
  RHS range        [1e+00, 8e+00]
LP warm-start: use basis

Iteration    Objective       Primal Inf.    Dual Inf.      Time
       0   -7.8626274e+30   5.025592e+32   7.862627e+00      0s
     108    8.0036249e+05   0.000000e+00   0.000000e+00      0s

Solved in 108 iterations and 0.19 seconds (0.32 work units)
Optimal objective  8.003624866e+05
Set parameter TimeLimit to value 2.2737308688163757e+03
Gurobi Optimizer version 12.0.3 build v12.0.3rc0 (linux64 - "Ubuntu 24.04.4 LTS")

CPU model: Intel(R) Xeon(R) Gold 6258R CPU @ 2.70GHz, instruction set [SSE2|AVX|AVX2|AVX512]
Thread count: 56 physical cores, 56 logical processors, using up to 1 threads

Non-default parameters:
TimeLimit  2.2737308688163757e+03
Method  1
Seed  20260919
Threads  1

Optimize a model with 189 rows, 40705 columns and 1117038 nonzeros
Coefficient statistics:
  Matrix range     [1e+00, 1e+00]
  Objective range  [1e+05, 5e+05]
  Bounds range     [1e+00, 1e+00]
  RHS range        [1e+00, 8e+00]
LP warm-start: use basis

Iteration    Objective       Primal Inf.    Dual Inf.      Time
       0   -2.5108499e+31   6.535300e+33   2.510850e+01      0s
      26    8.0036249e+05   0.000000e+00   0.000000e+00      0s

Solved in 26 iterations and 0.09 seconds (0.09 work units)
Optimal objective  8.003624866e+05
Set parameter TimeLimit to value 2.2726554646492004e+03
Gurobi Optimizer version 12.0.3 build v12.0.3rc0 (linux64 - "Ubuntu 24.04.4 LTS")

CPU model: Intel(R) Xeon(R) Gold 6258R CPU @ 2.70GHz, instruction set [SSE2|AVX|AVX2|AVX512]
Thread count: 56 physical cores, 56 logical processors, using up to 1 threads

Non-default parameters:
TimeLimit  2.2726554646492004e+03
Method  1
Seed  20260919
Threads  1

Optimize a model with 189 rows, 40728 columns and 1117660 nonzeros
Coefficient statistics:
  Matrix range     [1e+00, 1e+00]
  Objective range  [1e+05, 5e+05]
  Bounds range     [1e+00, 1e+00]
  RHS range        [1e+00, 8e+00]
LP warm-start: use basis

Iteration    Objective       Primal Inf.    Dual Inf.      Time
       0   -2.9405491e+30   2.805605e+32   2.940549e+00      0s
     327    8.0036245e+05   0.000000e+00   0.000000e+00      0s

Solved in 327 iterations and 0.49 seconds (1.04 work units)
Optimal objective  8.003624486e+05
Set parameter TimeLimit to value 2.2711130385398865e+03
Gurobi Optimizer version 12.0.3 build v12.0.3rc0 (linux64 - "Ubuntu 24.04.4 LTS")

CPU model: Intel(R) Xeon(R) Gold 6258R CPU @ 2.70GHz, instruction set [SSE2|AVX|AVX2|AVX512]
Thread count: 56 physical cores, 56 logical processors, using up to 1 threads

Non-default parameters:
TimeLimit  2.2711130385398865e+03
Method  1
Seed  20260919
Threads  1

Optimize a model with 189 rows, 40757 columns and 1118245 nonzeros
Coefficient statistics:
  Matrix range     [1e+00, 1e+00]
  Objective range  [1e+05, 5e+05]
  Bounds range     [1e+00, 1e+00]
  RHS range        [1e+00, 8e+00]
LP warm-start: use basis

Iteration    Objective       Primal Inf.    Dual Inf.      Time
       0   -1.3482059e+31   2.914680e+33   1.348206e+01      0s
     131    8.0036245e+05   0.000000e+00   0.000000e+00      0s

Solved in 131 iterations and 0.24 seconds (0.44 work units)
Optimal objective  8.003624470e+05
Set parameter TimeLimit to value 2.2698325271606445e+03
Gurobi Optimizer version 12.0.3 build v12.0.3rc0 (linux64 - "Ubuntu 24.04.4 LTS")

CPU model: Intel(R) Xeon(R) Gold 6258R CPU @ 2.70GHz, instruction set [SSE2|AVX|AVX2|AVX512]
Thread count: 56 physical cores, 56 logical processors, using up to 1 threads

Non-default parameters:
TimeLimit  2.2698325271606445e+03
Method  1
Seed  20260919
Threads  1

Optimize a model with 189 rows, 40778 columns and 1118856 nonzeros
Coefficient statistics:
  Matrix range     [1e+00, 1e+00]
  Objective range  [1e+05, 5e+05]
  Bounds range     [1e+00, 1e+00]
  RHS range        [1e+00, 8e+00]
LP warm-start: use basis

Iteration    Objective       Primal Inf.    Dual Inf.      Time
       0   -6.0620200e+30   8.073197e+32   6.062020e+00      0s
       9    8.0036245e+05   0.000000e+00   0.000000e+00      0s

Solved in 9 iterations and 0.06 seconds (0.03 work units)
Optimal objective  8.003624470e+05
Set parameter TimeLimit to value 2.2687737407684326e+03
Gurobi Optimizer version 12.0.3 build v12.0.3rc0 (linux64 - "Ubuntu 24.04.4 LTS")

CPU model: Intel(R) Xeon(R) Gold 6258R CPU @ 2.70GHz, instruction set [SSE2|AVX|AVX2|AVX512]
Thread count: 56 physical cores, 56 logical processors, using up to 1 threads

Non-default parameters:
TimeLimit  2.2687737407684326e+03
Method  1
Seed  20260919
Threads  1

Optimize a model with 189 rows, 40800 columns and 1119481 nonzeros
Coefficient statistics:
  Matrix range     [1e+00, 1e+00]
  Objective range  [1e+05, 5e+05]
  Bounds range     [1e+00, 1e+00]
  RHS range        [1e+00, 8e+00]
LP warm-start: use basis

Iteration    Objective       Primal Inf.    Dual Inf.      Time
       0   -4.9387798e+30   4.669846e+32   4.938780e+00      0s
     127    8.0036245e+05   0.000000e+00   0.000000e+00      0s

Solved in 127 iterations and 0.23 seconds (0.41 work units)
Optimal objective  8.003624469e+05
Set parameter TimeLimit to value 2.2675372681617737e+03
Gurobi Optimizer version 12.0.3 build v12.0.3rc0 (linux64 - "Ubuntu 24.04.4 LTS")

CPU model: Intel(R) Xeon(R) Gold 6258R CPU @ 2.70GHz, instruction set [SSE2|AVX|AVX2|AVX512]
Thread count: 56 physical cores, 56 logical processors, using up to 1 threads

Non-default parameters:
TimeLimit  2.2675372681617737e+03
Method  1
Seed  20260919
Threads  1

Optimize a model with 189 rows, 40821 columns and 1120102 nonzeros
Coefficient statistics:
  Matrix range     [1e+00, 1e+00]
  Objective range  [1e+05, 5e+05]
  Bounds range     [1e+00, 1e+00]
  RHS range        [1e+00, 8e+00]
LP warm-start: use basis

Iteration    Objective       Primal Inf.    Dual Inf.      Time
       0   -3.6037910e+30   6.945868e+32   3.603791e+00      0s
     286    8.0036244e+05   0.000000e+00   0.000000e+00      0s

Solved in 286 iterations and 0.43 seconds (0.88 work units)
Optimal objective  8.003624375e+05
Set parameter TimeLimit to value 2.2660381200313568e+03
Gurobi Optimizer version 12.0.3 build v12.0.3rc0 (linux64 - "Ubuntu 24.04.4 LTS")

CPU model: Intel(R) Xeon(R) Gold 6258R CPU @ 2.70GHz, instruction set [SSE2|AVX|AVX2|AVX512]
Thread count: 56 physical cores, 56 logical processors, using up to 1 threads

Non-default parameters:
TimeLimit  2.2660381200313568e+03
Method  1
Seed  20260919
Threads  1

Optimize a model with 189 rows, 40843 columns and 1120732 nonzeros
Coefficient statistics:
  Matrix range     [1e+00, 1e+00]
  Objective range  [1e+05, 5e+05]
  Bounds range     [1e+00, 1e+00]
  RHS range        [1e+00, 8e+00]
LP warm-start: use basis

Iteration    Objective       Primal Inf.    Dual Inf.      Time
       0   -6.2709067e+30   1.047319e+33   6.270907e+00      0s
     413    8.0036243e+05   0.000000e+00   0.000000e+00      1s

Solved in 413 iterations and 0.59 seconds (1.26 work units)
Optimal objective  8.003624302e+05
Set parameter TimeLimit to value 2.2644095587730408e+03
Gurobi Optimizer version 12.0.3 build v12.0.3rc0 (linux64 - "Ubuntu 24.04.4 LTS")

CPU model: Intel(R) Xeon(R) Gold 6258R CPU @ 2.70GHz, instruction set [SSE2|AVX|AVX2|AVX512]
Thread count: 56 physical cores, 56 logical processors, using up to 1 threads

Non-default parameters:
TimeLimit  2.2644095587730408e+03
Method  1
Seed  20260919
Threads  1

Optimize a model with 189 rows, 40869 columns and 1121440 nonzeros
Coefficient statistics:
  Matrix range     [1e+00, 1e+00]
  Objective range  [1e+05, 5e+05]
  Bounds range     [1e+00, 1e+00]
  RHS range        [1e+00, 8e+00]
LP warm-start: use basis

Iteration    Objective       Primal Inf.    Dual Inf.      Time
       0   -7.5956849e+30   3.970177e+33   7.595685e+00      0s
      81    8.0036243e+05   0.000000e+00   0.000000e+00      0s

Solved in 81 iterations and 0.16 seconds (0.28 work units)
Optimal objective  8.003624302e+05
Set parameter TimeLimit to value 2.2632256896495819e+03
Gurobi Optimizer version 12.0.3 build v12.0.3rc0 (linux64 - "Ubuntu 24.04.4 LTS")

CPU model: Intel(R) Xeon(R) Gold 6258R CPU @ 2.70GHz, instruction set [SSE2|AVX|AVX2|AVX512]
Thread count: 56 physical cores, 56 logical processors, using up to 1 threads

Non-default parameters:
TimeLimit  2.2632256896495819e+03
Method  1
Seed  20260919
Threads  1

Optimize a model with 189 rows, 40888 columns and 1122006 nonzeros
Coefficient statistics:
  Matrix range     [1e+00, 1e+00]
  Objective range  [1e+05, 5e+05]
  Bounds range     [1e+00, 1e+00]
  RHS range        [1e+00, 8e+00]
LP warm-start: use basis

Iteration    Objective       Primal Inf.    Dual Inf.      Time
       0   -5.6862195e+30   1.284392e+33   5.686220e+00      0s
     105    8.0036243e+05   0.000000e+00   0.000000e+00      0s

Solved in 105 iterations and 0.19 seconds (0.32 work units)
Optimal objective  8.003624297e+05
Set parameter TimeLimit to value 2.2620788223743439e+03
Gurobi Optimizer version 12.0.3 build v12.0.3rc0 (linux64 - "Ubuntu 24.04.4 LTS")

CPU model: Intel(R) Xeon(R) Gold 6258R CPU @ 2.70GHz, instruction set [SSE2|AVX|AVX2|AVX512]
Thread count: 56 physical cores, 56 logical processors, using up to 1 threads

Non-default parameters:
TimeLimit  2.2620788223743439e+03
Method  1
Seed  20260919
Threads  1

Optimize a model with 189 rows, 40903 columns and 1122447 nonzeros
Coefficient statistics:
  Matrix range     [1e+00, 1e+00]
  Objective range  [1e+05, 5e+05]
  Bounds range     [1e+00, 1e+00]
  RHS range        [1e+00, 8e+00]
LP warm-start: use basis

Iteration    Objective       Primal Inf.    Dual Inf.      Time
       0   -1.8604705e+30   1.603491e+32   1.860471e+00      0s
     176    8.0036243e+05   0.000000e+00   0.000000e+00      0s

Solved in 176 iterations and 0.30 seconds (0.54 work units)
Optimal objective  8.003624280e+05
Set parameter TimeLimit to value 2.2607538022994995e+03
Gurobi Optimizer version 12.0.3 build v12.0.3rc0 (linux64 - "Ubuntu 24.04.4 LTS")

CPU model: Intel(R) Xeon(R) Gold 6258R CPU @ 2.70GHz, instruction set [SSE2|AVX|AVX2|AVX512]
Thread count: 56 physical cores, 56 logical processors, using up to 1 threads

Non-default parameters:
TimeLimit  2.2607538022994995e+03
Method  1
Seed  20260919
Threads  1

Optimize a model with 189 rows, 40921 columns and 1122948 nonzeros
Coefficient statistics:
  Matrix range     [1e+00, 1e+00]
  Objective range  [1e+05, 5e+05]
  Bounds range     [1e+00, 1e+00]
  RHS range        [1e+00, 8e+00]
LP warm-start: use basis

Iteration    Objective       Primal Inf.    Dual Inf.      Time
       0   -1.8637072e+30   4.338332e+32   1.863707e+00      0s
       5    8.0036243e+05   0.000000e+00   0.000000e+00      0s

Solved in 5 iterations and 0.06 seconds (0.02 work units)
Optimal objective  8.003624280e+05
Set parameter TimeLimit to value 2.2597483754158020e+03
Gurobi Optimizer version 12.0.3 build v12.0.3rc0 (linux64 - "Ubuntu 24.04.4 LTS")

CPU model: Intel(R) Xeon(R) Gold 6258R CPU @ 2.70GHz, instruction set [SSE2|AVX|AVX2|AVX512]
Thread count: 56 physical cores, 56 logical processors, using up to 1 threads

Non-default parameters:
TimeLimit  2.2597483754158020e+03
Method  1
Seed  20260919
Threads  1

Optimize a model with 189 rows, 40938 columns and 1123392 nonzeros
Coefficient statistics:
  Matrix range     [1e+00, 1e+00]
  Objective range  [1e+05, 5e+05]
  Bounds range     [1e+00, 1e+00]
  RHS range        [1e+00, 8e+00]
LP warm-start: use basis

Iteration    Objective       Primal Inf.    Dual Inf.      Time
       0   -1.2302722e+30   5.397625e+32   1.230272e+00      0s
     175    8.0036242e+05   0.000000e+00   0.000000e+00      0s

Solved in 175 iterations and 0.29 seconds (0.55 work units)
Optimal objective  8.003624236e+05
Set parameter TimeLimit to value 2.2584947266578674e+03
Gurobi Optimizer version 12.0.3 build v12.0.3rc0 (linux64 - "Ubuntu 24.04.4 LTS")

CPU model: Intel(R) Xeon(R) Gold 6258R CPU @ 2.70GHz, instruction set [SSE2|AVX|AVX2|AVX512]
Thread count: 56 physical cores, 56 logical processors, using up to 1 threads

Non-default parameters:
TimeLimit  2.2584947266578674e+03
Method  1
Seed  20260919
Threads  1

Optimize a model with 189 rows, 40958 columns and 1123840 nonzeros
Coefficient statistics:
  Matrix range     [1e+00, 1e+00]
  Objective range  [1e+05, 5e+05]
  Bounds range     [1e+00, 1e+00]
  RHS range        [1e+00, 8e+00]
LP warm-start: use basis

Iteration    Objective       Primal Inf.    Dual Inf.      Time
       0   -1.5491784e+30   7.521101e+32   1.549178e+00      0s
     154    8.0036242e+05   0.000000e+00   0.000000e+00      0s

Solved in 154 iterations and 0.25 seconds (0.47 work units)
Optimal objective  8.003624236e+05
Set parameter TimeLimit to value 2.2572710640430450e+03
Gurobi Optimizer version 12.0.3 build v12.0.3rc0 (linux64 - "Ubuntu 24.04.4 LTS")

CPU model: Intel(R) Xeon(R) Gold 6258R CPU @ 2.70GHz, instruction set [SSE2|AVX|AVX2|AVX512]
Thread count: 56 physical cores, 56 logical processors, using up to 1 threads

Non-default parameters:
TimeLimit  2.2572710640430450e+03
Method  1
Seed  20260919
Threads  1

Optimize a model with 189 rows, 40973 columns and 1124223 nonzeros
Coefficient statistics:
  Matrix range     [1e+00, 1e+00]
  Objective range  [1e+05, 5e+05]
  Bounds range     [1e+00, 1e+00]
  RHS range        [1e+00, 8e+00]
LP warm-start: use basis

Iteration    Objective       Primal Inf.    Dual Inf.      Time
       0   -1.9166957e+30   3.234859e+32   1.916696e+00      0s
     234    8.0036242e+05   0.000000e+00   0.000000e+00      0s

Solved in 234 iterations and 0.35 seconds (0.68 work units)
Optimal objective  8.003624199e+05
Set parameter TimeLimit to value 2.2557967488765717e+03
Gurobi Optimizer version 12.0.3 build v12.0.3rc0 (linux64 - "Ubuntu 24.04.4 LTS")

CPU model: Intel(R) Xeon(R) Gold 6258R CPU @ 2.70GHz, instruction set [SSE2|AVX|AVX2|AVX512]
Thread count: 56 physical cores, 56 logical processors, using up to 1 threads

Non-default parameters:
TimeLimit  2.2557967488765717e+03
Method  1
Seed  20260919
Threads  1

Optimize a model with 189 rows, 41003 columns and 1124789 nonzeros
Coefficient statistics:
  Matrix range     [1e+00, 1e+00]
  Objective range  [1e+05, 5e+05]
  Bounds range     [1e+00, 1e+00]
  RHS range        [1e+00, 8e+00]
LP warm-start: use basis

Iteration    Objective       Primal Inf.    Dual Inf.      Time
       0   -2.5049190e+31   4.867966e+33   2.504919e+01      0s
       1    8.0036242e+05   0.000000e+00   0.000000e+00      0s

Solved in 1 iterations and 0.06 seconds (0.02 work units)
Optimal objective  8.003624199e+05
Set parameter TimeLimit to value 2.2547451875209808e+03
Gurobi Optimizer version 12.0.3 build v12.0.3rc0 (linux64 - "Ubuntu 24.04.4 LTS")

CPU model: Intel(R) Xeon(R) Gold 6258R CPU @ 2.70GHz, instruction set [SSE2|AVX|AVX2|AVX512]
Thread count: 56 physical cores, 56 logical processors, using up to 1 threads

Non-default parameters:
TimeLimit  2.2547451875209808e+03
Method  1
Seed  20260919
Threads  1

Optimize a model with 189 rows, 41026 columns and 1125443 nonzeros
Coefficient statistics:
  Matrix range     [1e+00, 1e+00]
  Objective range  [1e+05, 5e+05]
  Bounds range     [1e+00, 1e+00]
  RHS range        [1e+00, 8e+00]
LP warm-start: use basis

Iteration    Objective       Primal Inf.    Dual Inf.      Time
       0   -1.1500730e+30   1.684033e+33   1.150073e+00      0s
     330    8.0036242e+05   0.000000e+00   0.000000e+00      0s

Solved in 330 iterations and 0.50 seconds (1.04 work units)
Optimal objective  8.003624172e+05
Set parameter TimeLimit to value 2.2532373619079590e+03
Gurobi Optimizer version 12.0.3 build v12.0.3rc0 (linux64 - "Ubuntu 24.04.4 LTS")

CPU model: Intel(R) Xeon(R) Gold 6258R CPU @ 2.70GHz, instruction set [SSE2|AVX|AVX2|AVX512]
Thread count: 56 physical cores, 56 logical processors, using up to 1 threads

Non-default parameters:
TimeLimit  2.2532373619079590e+03
Method  1
Seed  20260919
Threads  1

Optimize a model with 189 rows, 41051 columns and 1126159 nonzeros
Coefficient statistics:
  Matrix range     [1e+00, 1e+00]
  Objective range  [1e+05, 5e+05]
  Bounds range     [1e+00, 1e+00]
  RHS range        [1e+00, 8e+00]
LP warm-start: use basis

Iteration    Objective       Primal Inf.    Dual Inf.      Time
       0   -6.8836526e+30   1.060933e+33   6.883653e+00      0s
      93    8.0036242e+05   0.000000e+00   0.000000e+00      0s

Solved in 93 iterations and 0.17 seconds (0.30 work units)
Optimal objective  8.003624172e+05
Set parameter TimeLimit to value 2.2520803630352020e+03
Gurobi Optimizer version 12.0.3 build v12.0.3rc0 (linux64 - "Ubuntu 24.04.4 LTS")

CPU model: Intel(R) Xeon(R) Gold 6258R CPU @ 2.70GHz, instruction set [SSE2|AVX|AVX2|AVX512]
Thread count: 56 physical cores, 56 logical processors, using up to 1 threads

Non-default parameters:
TimeLimit  2.2520803630352020e+03
Method  1
Seed  20260919
Threads  1

Optimize a model with 189 rows, 41066 columns and 1126551 nonzeros
Coefficient statistics:
  Matrix range     [1e+00, 1e+00]
  Objective range  [1e+05, 5e+05]
  Bounds range     [1e+00, 1e+00]
  RHS range        [1e+00, 8e+00]
LP warm-start: use basis

Iteration    Objective       Primal Inf.    Dual Inf.      Time
       0   -4.3042585e+30   5.211050e+32   4.304259e+00      0s
     118    8.0036241e+05   0.000000e+00   0.000000e+00      0s

Solved in 118 iterations and 0.21 seconds (0.34 work units)
Optimal objective  8.003624143e+05
Set parameter TimeLimit to value 2.2509238920211792e+03
Gurobi Optimizer version 12.0.3 build v12.0.3rc0 (linux64 - "Ubuntu 24.04.4 LTS")

CPU model: Intel(R) Xeon(R) Gold 6258R CPU @ 2.70GHz, instruction set [SSE2|AVX|AVX2|AVX512]
Thread count: 56 physical cores, 56 logical processors, using up to 1 threads

Non-default parameters:
TimeLimit  2.2509238920211792e+03
Method  1
Seed  20260919
Threads  1

Optimize a model with 189 rows, 41077 columns and 1126864 nonzeros
Coefficient statistics:
  Matrix range     [1e+00, 1e+00]
  Objective range  [1e+05, 5e+05]
  Bounds range     [1e+00, 1e+00]
  RHS range        [1e+00, 8e+00]
LP warm-start: use basis

Iteration    Objective       Primal Inf.    Dual Inf.      Time
       0   -6.8799429e+29   8.536845e+32   6.879943e-01      0s
     515    8.0036241e+05   0.000000e+00   0.000000e+00      1s

Solved in 515 iterations and 0.71 seconds (1.53 work units)
Optimal objective  8.003624055e+05
Set parameter TimeLimit to value 2.2492371435165405e+03
Gurobi Optimizer version 12.0.3 build v12.0.3rc0 (linux64 - "Ubuntu 24.04.4 LTS")

CPU model: Intel(R) Xeon(R) Gold 6258R CPU @ 2.70GHz, instruction set [SSE2|AVX|AVX2|AVX512]
Thread count: 56 physical cores, 56 logical processors, using up to 1 threads

Non-default parameters:
TimeLimit  2.2492371435165405e+03
Method  1
Seed  20260919
Threads  1

Optimize a model with 189 rows, 41101 columns and 1127535 nonzeros
Coefficient statistics:
  Matrix range     [1e+00, 1e+00]
  Objective range  [1e+05, 5e+05]
  Bounds range     [1e+00, 1e+00]
  RHS range        [1e+00, 8e+00]
LP warm-start: use basis

Iteration    Objective       Primal Inf.    Dual Inf.      Time
       0   -2.6926027e+30   1.139253e+33   2.692603e+00      0s
      19    8.0036241e+05   0.000000e+00   0.000000e+00      0s

Solved in 19 iterations and 0.07 seconds (0.03 work units)
Optimal objective  8.003624055e+05
Set parameter TimeLimit to value 2248.21546626091
Gurobi Optimizer version 12.0.3 build v12.0.3rc0 (linux64 - "Ubuntu 24.04.4 LTS")

CPU model: Intel(R) Xeon(R) Gold 6258R CPU @ 2.70GHz, instruction set [SSE2|AVX|AVX2|AVX512]
Thread count: 56 physical cores, 56 logical processors, using up to 1 threads

Non-default parameters:
TimeLimit  2248.21546626091
Method  1
Seed  20260919
Threads  1

Optimize a model with 189 rows, 41120 columns and 1128068 nonzeros
Coefficient statistics:
  Matrix range     [1e+00, 1e+00]
  Objective range  [1e+05, 5e+05]
  Bounds range     [1e+00, 1e+00]
  RHS range        [1e+00, 8e+00]
LP warm-start: use basis

Iteration    Objective       Primal Inf.    Dual Inf.      Time
       0   -1.9446627e+30   7.975750e+32   1.944663e+00      0s
       7    8.0036241e+05   0.000000e+00   0.000000e+00      0s

Solved in 7 iterations and 0.06 seconds (0.02 work units)
Optimal objective  8.003624055e+05
Set parameter TimeLimit to value 2.2471817252635956e+03
Gurobi Optimizer version 12.0.3 build v12.0.3rc0 (linux64 - "Ubuntu 24.04.4 LTS")

CPU model: Intel(R) Xeon(R) Gold 6258R CPU @ 2.70GHz, instruction set [SSE2|AVX|AVX2|AVX512]
Thread count: 56 physical cores, 56 logical processors, using up to 1 threads

Non-default parameters:
TimeLimit  2.2471817252635956e+03
Method  1
Seed  20260919
Threads  1

Optimize a model with 189 rows, 41136 columns and 1128536 nonzeros
Coefficient statistics:
  Matrix range     [1e+00, 1e+00]
  Objective range  [1e+05, 5e+05]
  Bounds range     [1e+00, 1e+00]
  RHS range        [1e+00, 8e+00]
LP warm-start: use basis

Iteration    Objective       Primal Inf.    Dual Inf.      Time
       0   -9.2417078e+29   9.445256e+32   9.241708e-01      0s
     183    8.0036240e+05   0.000000e+00   0.000000e+00      0s

Solved in 183 iterations and 0.31 seconds (0.59 work units)
Optimal objective  8.003624006e+05
Set parameter TimeLimit to value 2.2459019548892975e+03
Gurobi Optimizer version 12.0.3 build v12.0.3rc0 (linux64 - "Ubuntu 24.04.4 LTS")

CPU model: Intel(R) Xeon(R) Gold 6258R CPU @ 2.70GHz, instruction set [SSE2|AVX|AVX2|AVX512]
Thread count: 56 physical cores, 56 logical processors, using up to 1 threads

Non-default parameters:
TimeLimit  2.2459019548892975e+03
Method  1
Seed  20260919
Threads  1

Optimize a model with 189 rows, 41155 columns and 1129059 nonzeros
Coefficient statistics:
  Matrix range     [1e+00, 1e+00]
  Objective range  [1e+05, 5e+05]
  Bounds range     [1e+00, 1e+00]
  RHS range        [1e+00, 8e+00]
LP warm-start: use basis

Iteration    Objective       Primal Inf.    Dual Inf.      Time
       0   -6.6308941e+29   3.384600e+32   6.630894e-01      0s
     147    8.0036240e+05   0.000000e+00   0.000000e+00      0s

Solved in 147 iterations and 0.25 seconds (0.46 work units)
Optimal objective  8.003624005e+05
Set parameter TimeLimit to value 2.2446810379028320e+03
Gurobi Optimizer version 12.0.3 build v12.0.3rc0 (linux64 - "Ubuntu 24.04.4 LTS")

CPU model: Intel(R) Xeon(R) Gold 6258R CPU @ 2.70GHz, instruction set [SSE2|AVX|AVX2|AVX512]
Thread count: 56 physical cores, 56 logical processors, using up to 1 threads

Non-default parameters:
TimeLimit  2.2446810379028320e+03
Method  1
Seed  20260919
Threads  1

Optimize a model with 189 rows, 41174 columns and 1129612 nonzeros
Coefficient statistics:
  Matrix range     [1e+00, 1e+00]
  Objective range  [1e+05, 5e+05]
  Bounds range     [1e+00, 1e+00]
  RHS range        [1e+00, 8e+00]
LP warm-start: use basis

Iteration    Objective       Primal Inf.    Dual Inf.      Time
       0   -7.2388264e+29   1.654522e+32   7.238826e-01      0s
     113    8.0036240e+05   0.000000e+00   0.000000e+00      0s

Solved in 113 iterations and 0.21 seconds (0.37 work units)
Optimal objective  8.003623998e+05
Set parameter TimeLimit to value 2.2435327055454254e+03
Gurobi Optimizer version 12.0.3 build v12.0.3rc0 (linux64 - "Ubuntu 24.04.4 LTS")

CPU model: Intel(R) Xeon(R) Gold 6258R CPU @ 2.70GHz, instruction set [SSE2|AVX|AVX2|AVX512]
Thread count: 56 physical cores, 56 logical processors, using up to 1 threads

Non-default parameters:
TimeLimit  2.2435327055454254e+03
Method  1
Seed  20260919
Threads  1

Optimize a model with 189 rows, 41182 columns and 1129877 nonzeros
Coefficient statistics:
  Matrix range     [1e+00, 1e+00]
  Objective range  [1e+05, 5e+05]
  Bounds range     [1e+00, 1e+00]
  RHS range        [1e+00, 8e+00]
LP warm-start: use basis

Iteration    Objective       Primal Inf.    Dual Inf.      Time
       0   -6.8696644e+29   6.538555e+32   6.869664e-01      0s
       3    8.0036240e+05   0.000000e+00   0.000000e+00      0s

Solved in 3 iterations and 0.06 seconds (0.02 work units)
Optimal objective  8.003623998e+05
Set parameter TimeLimit to value 2.2425470588207245e+03
Gurobi Optimizer version 12.0.3 build v12.0.3rc0 (linux64 - "Ubuntu 24.04.4 LTS")

CPU model: Intel(R) Xeon(R) Gold 6258R CPU @ 2.70GHz, instruction set [SSE2|AVX|AVX2|AVX512]
Thread count: 56 physical cores, 56 logical processors, using up to 1 threads

Non-default parameters:
TimeLimit  2.2425470588207245e+03
Method  1
Seed  20260919
Threads  1

Optimize a model with 189 rows, 41188 columns and 1130079 nonzeros
Coefficient statistics:
  Matrix range     [1e+00, 1e+00]
  Objective range  [1e+05, 5e+05]
  Bounds range     [1e+00, 1e+00]
  RHS range        [1e+00, 8e+00]
LP warm-start: use basis

Iteration    Objective       Primal Inf.    Dual Inf.      Time
       0   -3.5032777e+29   1.666223e+32   3.503278e-01      0s
       3    8.0036240e+05   0.000000e+00   0.000000e+00      0s

Solved in 3 iterations and 0.05 seconds (0.02 work units)
Optimal objective  8.003623998e+05
Set parameter TimeLimit to value 2.2415578176975250e+03
Gurobi Optimizer version 12.0.3 build v12.0.3rc0 (linux64 - "Ubuntu 24.04.4 LTS")

CPU model: Intel(R) Xeon(R) Gold 6258R CPU @ 2.70GHz, instruction set [SSE2|AVX|AVX2|AVX512]
Thread count: 56 physical cores, 56 logical processors, using up to 1 threads

Non-default parameters:
TimeLimit  2.2415578176975250e+03
Method  1
Seed  20260919
Threads  1

Optimize a model with 189 rows, 41198 columns and 1130403 nonzeros
Coefficient statistics:
  Matrix range     [1e+00, 1e+00]
  Objective range  [1e+05, 5e+05]
  Bounds range     [1e+00, 1e+00]
  RHS range        [1e+00, 8e+00]
LP warm-start: use basis

Iteration    Objective       Primal Inf.    Dual Inf.      Time
       0   -6.7714056e+29   3.525026e+32   6.771406e-01      0s
     169    8.0036239e+05   0.000000e+00   0.000000e+00      0s

Solved in 169 iterations and 0.26 seconds (0.49 work units)
Optimal objective  8.003623944e+05
Set parameter TimeLimit to value 2.2403426618576050e+03
Gurobi Optimizer version 12.0.3 build v12.0.3rc0 (linux64 - "Ubuntu 24.04.4 LTS")

CPU model: Intel(R) Xeon(R) Gold 6258R CPU @ 2.70GHz, instruction set [SSE2|AVX|AVX2|AVX512]
Thread count: 56 physical cores, 56 logical processors, using up to 1 threads

Non-default parameters:
TimeLimit  2.2403426618576050e+03
Method  1
Seed  20260919
Threads  1

Optimize a model with 189 rows, 41213 columns and 1130821 nonzeros
Coefficient statistics:
  Matrix range     [1e+00, 1e+00]
  Objective range  [1e+05, 5e+05]
  Bounds range     [1e+00, 1e+00]
  RHS range        [1e+00, 8e+00]
LP warm-start: use basis

Iteration    Objective       Primal Inf.    Dual Inf.      Time
       0   -6.7012765e+29   6.037856e+32   6.701276e-01      0s
      33    8.0036239e+05   0.000000e+00   0.000000e+00      0s

Solved in 33 iterations and 0.10 seconds (0.11 work units)
Optimal objective  8.003623944e+05
Set parameter TimeLimit to value 2.2392771105766296e+03
Gurobi Optimizer version 12.0.3 build v12.0.3rc0 (linux64 - "Ubuntu 24.04.4 LTS")

CPU model: Intel(R) Xeon(R) Gold 6258R CPU @ 2.70GHz, instruction set [SSE2|AVX|AVX2|AVX512]
Thread count: 56 physical cores, 56 logical processors, using up to 1 threads

Non-default parameters:
TimeLimit  2.2392771105766296e+03
Method  1
Seed  20260919
Threads  1

Optimize a model with 189 rows, 41227 columns and 1131239 nonzeros
Coefficient statistics:
  Matrix range     [1e+00, 1e+00]
  Objective range  [1e+05, 5e+05]
  Bounds range     [1e+00, 1e+00]
  RHS range        [1e+00, 8e+00]
LP warm-start: use basis

Iteration    Objective       Primal Inf.    Dual Inf.      Time
       0   -6.9687958e+29   8.069357e+32   6.968796e-01      0s
      21    8.0036239e+05   0.000000e+00   0.000000e+00      0s

Solved in 21 iterations and 0.08 seconds (0.06 work units)
Optimal objective  8.003623944e+05
Set parameter TimeLimit to value 2.2382478804588318e+03
Gurobi Optimizer version 12.0.3 build v12.0.3rc0 (linux64 - "Ubuntu 24.04.4 LTS")

CPU model: Intel(R) Xeon(R) Gold 6258R CPU @ 2.70GHz, instruction set [SSE2|AVX|AVX2|AVX512]
Thread count: 56 physical cores, 56 logical processors, using up to 1 threads

Non-default parameters:
TimeLimit  2.2382478804588318e+03
Method  1
Seed  20260919
Threads  1

Optimize a model with 189 rows, 41238 columns and 1131560 nonzeros
Coefficient statistics:
  Matrix range     [1e+00, 1e+00]
  Objective range  [1e+05, 5e+05]
  Bounds range     [1e+00, 1e+00]
  RHS range        [1e+00, 8e+00]
LP warm-start: use basis

Iteration    Objective       Primal Inf.    Dual Inf.      Time
       0   -3.5127920e+29   1.460534e+32   3.512792e-01      0s
      39    8.0036239e+05   0.000000e+00   0.000000e+00      0s

Solved in 39 iterations and 0.10 seconds (0.13 work units)
Optimal objective  8.003623941e+05
Set parameter TimeLimit to value 2.2372246377468109e+03
Gurobi Optimizer version 12.0.3 build v12.0.3rc0 (linux64 - "Ubuntu 24.04.4 LTS")

CPU model: Intel(R) Xeon(R) Gold 6258R CPU @ 2.70GHz, instruction set [SSE2|AVX|AVX2|AVX512]
Thread count: 56 physical cores, 56 logical processors, using up to 1 threads

Non-default parameters:
TimeLimit  2.2372246377468109e+03
Method  1
Seed  20260919
Threads  1

Optimize a model with 189 rows, 41244 columns and 1131728 nonzeros
Coefficient statistics:
  Matrix range     [1e+00, 1e+00]
  Objective range  [1e+05, 5e+05]
  Bounds range     [1e+00, 1e+00]
  RHS range        [1e+00, 8e+00]
LP warm-start: use basis

Iteration    Objective       Primal Inf.    Dual Inf.      Time
       0   -2.8561766e+29   4.888684e+32   2.856177e-01      0s
       4    8.0036239e+05   0.000000e+00   0.000000e+00      0s

Solved in 4 iterations and 0.05 seconds (0.02 work units)
Optimal objective  8.003623941e+05
Set parameter TimeLimit to value 2.2361923930644989e+03
Gurobi Optimizer version 12.0.3 build v12.0.3rc0 (linux64 - "Ubuntu 24.04.4 LTS")

CPU model: Intel(R) Xeon(R) Gold 6258R CPU @ 2.70GHz, instruction set [SSE2|AVX|AVX2|AVX512]
Thread count: 56 physical cores, 56 logical processors, using up to 1 threads

Non-default parameters:
TimeLimit  2.2361923930644989e+03
Method  1
Seed  20260919
Threads  1

Optimize a model with 189 rows, 41250 columns and 1131914 nonzeros
Coefficient statistics:
  Matrix range     [1e+00, 1e+00]
  Objective range  [1e+05, 5e+05]
  Bounds range     [1e+00, 1e+00]
  RHS range        [1e+00, 8e+00]
LP warm-start: use basis

Iteration    Objective       Primal Inf.    Dual Inf.      Time
       0   -2.8561766e+29   4.698643e+32   2.856177e-01      0s
       3    8.0036239e+05   0.000000e+00   0.000000e+00      0s

Solved in 3 iterations and 0.05 seconds (0.02 work units)
Optimal objective  8.003623941e+05
Set parameter TimeLimit to value 2.2351961741447449e+03
Gurobi Optimizer version 12.0.3 build v12.0.3rc0 (linux64 - "Ubuntu 24.04.4 LTS")

CPU model: Intel(R) Xeon(R) Gold 6258R CPU @ 2.70GHz, instruction set [SSE2|AVX|AVX2|AVX512]
Thread count: 56 physical cores, 56 logical processors, using up to 1 threads

Non-default parameters:
TimeLimit  2.2351961741447449e+03
Method  1
Seed  20260919
Threads  1

Optimize a model with 189 rows, 41255 columns and 1132062 nonzeros
Coefficient statistics:
  Matrix range     [1e+00, 1e+00]
  Objective range  [1e+05, 5e+05]
  Bounds range     [1e+00, 1e+00]
  RHS range        [1e+00, 8e+00]
LP warm-start: use basis

Iteration    Objective       Primal Inf.    Dual Inf.      Time
       0   -2.8258913e+29   5.369296e+31   2.825891e-01      0s
       3    8.0036239e+05   0.000000e+00   0.000000e+00      0s

Solved in 3 iterations and 0.05 seconds (0.02 work units)
Optimal objective  8.003623941e+05
Set parameter TimeLimit to value 2234.2245221138
Gurobi Optimizer version 12.0.3 build v12.0.3rc0 (linux64 - "Ubuntu 24.04.4 LTS")

CPU model: Intel(R) Xeon(R) Gold 6258R CPU @ 2.70GHz, instruction set [SSE2|AVX|AVX2|AVX512]
Thread count: 56 physical cores, 56 logical processors, using up to 1 threads

Non-default parameters:
TimeLimit  2234.2245221138
Method  1
Seed  20260919
Threads  1

Optimize a model with 189 rows, 41260 columns and 1132217 nonzeros
Coefficient statistics:
  Matrix range     [1e+00, 1e+00]
  Objective range  [1e+05, 5e+05]
  Bounds range     [1e+00, 1e+00]
  RHS range        [1e+00, 8e+00]
LP warm-start: use basis

Iteration    Objective       Primal Inf.    Dual Inf.      Time
       0   -2.8258913e+29   4.668227e+31   2.825891e-01      0s
       5    8.0036239e+05   0.000000e+00   0.000000e+00      0s

Solved in 5 iterations and 0.05 seconds (0.02 work units)
Optimal objective  8.003623941e+05
Set parameter TimeLimit to value 2.2332441771030426e+03
Gurobi Optimizer version 12.0.3 build v12.0.3rc0 (linux64 - "Ubuntu 24.04.4 LTS")

CPU model: Intel(R) Xeon(R) Gold 6258R CPU @ 2.70GHz, instruction set [SSE2|AVX|AVX2|AVX512]
Thread count: 56 physical cores, 56 logical processors, using up to 1 threads

Non-default parameters:
TimeLimit  2.2332441771030426e+03
Method  1
Seed  20260919
Threads  1

Optimize a model with 189 rows, 41266 columns and 1132404 nonzeros
Coefficient statistics:
  Matrix range     [1e+00, 1e+00]
  Objective range  [1e+05, 5e+05]
  Bounds range     [1e+00, 1e+00]
  RHS range        [1e+00, 8e+00]
LP warm-start: use basis

Iteration    Objective       Primal Inf.    Dual Inf.      Time
       0   -2.5698065e+29   4.462956e+31   2.569806e-01      0s
       9    8.0036239e+05   0.000000e+00   0.000000e+00      0s

Solved in 9 iterations and 0.06 seconds (0.03 work units)
Optimal objective  8.003623941e+05
Set parameter TimeLimit to value 2232.20578455925
Gurobi Optimizer version 12.0.3 build v12.0.3rc0 (linux64 - "Ubuntu 24.04.4 LTS")

CPU model: Intel(R) Xeon(R) Gold 6258R CPU @ 2.70GHz, instruction set [SSE2|AVX|AVX2|AVX512]
Thread count: 56 physical cores, 56 logical processors, using up to 1 threads

Non-default parameters:
TimeLimit  2232.20578455925
Method  1
Seed  20260919
Threads  1

Optimize a model with 189 rows, 41272 columns and 1132591 nonzeros
Coefficient statistics:
  Matrix range     [1e+00, 1e+00]
  Objective range  [1e+05, 5e+05]
  Bounds range     [1e+00, 1e+00]
  RHS range        [1e+00, 8e+00]
LP warm-start: use basis

Iteration    Objective       Primal Inf.    Dual Inf.      Time
       0   -3.3718198e+29   9.402096e+31   3.371820e-01      0s
       5    8.0036239e+05   0.000000e+00   0.000000e+00      0s

Solved in 5 iterations and 0.05 seconds (0.02 work units)
Optimal objective  8.003623941e+05
Set parameter TimeLimit to value 2.2312405135631561e+03
Gurobi Optimizer version 12.0.3 build v12.0.3rc0 (linux64 - "Ubuntu 24.04.4 LTS")

CPU model: Intel(R) Xeon(R) Gold 6258R CPU @ 2.70GHz, instruction set [SSE2|AVX|AVX2|AVX512]
Thread count: 56 physical cores, 56 logical processors, using up to 1 threads

Non-default parameters:
TimeLimit  2.2312405135631561e+03
Method  1
Seed  20260919
Threads  1

Optimize a model with 189 rows, 41277 columns and 1132758 nonzeros
Coefficient statistics:
  Matrix range     [1e+00, 1e+00]
  Objective range  [1e+05, 5e+05]
  Bounds range     [1e+00, 1e+00]
  RHS range        [1e+00, 8e+00]
LP warm-start: use basis

Iteration    Objective       Primal Inf.    Dual Inf.      Time
       0   -3.3505909e+29   8.717448e+31   3.350591e-01      0s
     112    8.0036239e+05   0.000000e+00   0.000000e+00      0s

Solved in 112 iterations and 0.20 seconds (0.35 work units)
Optimal objective  8.003623911e+05
Set parameter TimeLimit to value 2.2300960776805878e+03
Gurobi Optimizer version 12.0.3 build v12.0.3rc0 (linux64 - "Ubuntu 24.04.4 LTS")

CPU model: Intel(R) Xeon(R) Gold 6258R CPU @ 2.70GHz, instruction set [SSE2|AVX|AVX2|AVX512]
Thread count: 56 physical cores, 56 logical processors, using up to 1 threads

Non-default parameters:
TimeLimit  2.2300960776805878e+03
Method  1
Seed  20260919
Threads  1

Optimize a model with 189 rows, 41288 columns and 1133050 nonzeros
Coefficient statistics:
  Matrix range     [1e+00, 1e+00]
  Objective range  [1e+05, 5e+05]
  Bounds range     [1e+00, 1e+00]
  RHS range        [1e+00, 8e+00]
LP warm-start: use basis

Iteration    Objective       Primal Inf.    Dual Inf.      Time
       0   -1.1976820e+30   1.213596e+33   1.197682e+00      0s
       1    8.0036239e+05   0.000000e+00   0.000000e+00      0s

Solved in 1 iterations and 0.05 seconds (0.02 work units)
Optimal objective  8.003623911e+05
Set parameter TimeLimit to value 2.2291040027141571e+03
Gurobi Optimizer version 12.0.3 build v12.0.3rc0 (linux64 - "Ubuntu 24.04.4 LTS")

CPU model: Intel(R) Xeon(R) Gold 6258R CPU @ 2.70GHz, instruction set [SSE2|AVX|AVX2|AVX512]
Thread count: 56 physical cores, 56 logical processors, using up to 1 threads

Non-default parameters:
TimeLimit  2.2291040027141571e+03
Method  1
Seed  20260919
Threads  1

Optimize a model with 189 rows, 41299 columns and 1133340 nonzeros
Coefficient statistics:
  Matrix range     [1e+00, 1e+00]
  Objective range  [1e+05, 5e+05]
  Bounds range     [1e+00, 1e+00]
  RHS range        [1e+00, 8e+00]
LP warm-start: use basis

Iteration    Objective       Primal Inf.    Dual Inf.      Time
       0   -1.1976820e+30   1.170187e+33   1.197682e+00      0s
      29    8.0036239e+05   0.000000e+00   0.000000e+00      0s

Solved in 29 iterations and 0.10 seconds (0.11 work units)
Optimal objective  8.003623911e+05
Set parameter TimeLimit to value 2.2279968659877777e+03
Gurobi Optimizer version 12.0.3 build v12.0.3rc0 (linux64 - "Ubuntu 24.04.4 LTS")

CPU model: Intel(R) Xeon(R) Gold 6258R CPU @ 2.70GHz, instruction set [SSE2|AVX|AVX2|AVX512]
Thread count: 56 physical cores, 56 logical processors, using up to 1 threads

Non-default parameters:
TimeLimit  2.2279968659877777e+03
Method  1
Seed  20260919
Threads  1

Optimize a model with 189 rows, 41306 columns and 1133553 nonzeros
Coefficient statistics:
  Matrix range     [1e+00, 1e+00]
  Objective range  [1e+05, 5e+05]
  Bounds range     [1e+00, 1e+00]
  RHS range        [1e+00, 8e+00]
LP warm-start: use basis

Iteration    Objective       Primal Inf.    Dual Inf.      Time
       0   -2.2999884e+29   7.055066e+32   2.299988e-01      0s
       3    8.0036239e+05   0.000000e+00   0.000000e+00      0s

Solved in 3 iterations and 0.06 seconds (0.02 work units)
Optimal objective  8.003623911e+05
Set parameter TimeLimit to value 2.2269999811649323e+03
Gurobi Optimizer version 12.0.3 build v12.0.3rc0 (linux64 - "Ubuntu 24.04.4 LTS")

CPU model: Intel(R) Xeon(R) Gold 6258R CPU @ 2.70GHz, instruction set [SSE2|AVX|AVX2|AVX512]
Thread count: 56 physical cores, 56 logical processors, using up to 1 threads

Non-default parameters:
TimeLimit  2.2269999811649323e+03
Method  1
Seed  20260919
Threads  1

Optimize a model with 189 rows, 41313 columns and 1133724 nonzeros
Coefficient statistics:
  Matrix range     [1e+00, 1e+00]
  Objective range  [1e+05, 5e+05]
  Bounds range     [1e+00, 1e+00]
  RHS range        [1e+00, 8e+00]
LP warm-start: use basis

Iteration    Objective       Primal Inf.    Dual Inf.      Time
       0   -2.2999886e+29   6.995066e+32   2.299988e-01      0s
     102    8.0036239e+05   0.000000e+00   0.000000e+00      0s

Solved in 102 iterations and 0.19 seconds (0.33 work units)
Optimal objective  8.003623901e+05
Set parameter TimeLimit to value 2.2258577909469604e+03
Gurobi Optimizer version 12.0.3 build v12.0.3rc0 (linux64 - "Ubuntu 24.04.4 LTS")

CPU model: Intel(R) Xeon(R) Gold 6258R CPU @ 2.70GHz, instruction set [SSE2|AVX|AVX2|AVX512]
Thread count: 56 physical cores, 56 logical processors, using up to 1 threads

Non-default parameters:
TimeLimit  2.2258577909469604e+03
Method  1
Seed  20260919
Threads  1

Optimize a model with 189 rows, 41325 columns and 1134059 nonzeros
Coefficient statistics:
  Matrix range     [1e+00, 1e+00]
  Objective range  [1e+05, 5e+05]
  Bounds range     [1e+00, 1e+00]
  RHS range        [1e+00, 8e+00]
LP warm-start: use basis

Iteration    Objective       Primal Inf.    Dual Inf.      Time
       0   -1.1005294e+30   2.801495e+32   1.100529e+00      0s
     122    8.0036239e+05   0.000000e+00   0.000000e+00      0s

Solved in 122 iterations and 0.22 seconds (0.41 work units)
Optimal objective  8.003623879e+05
Set parameter TimeLimit to value 2.2246778941154480e+03
Gurobi Optimizer version 12.0.3 build v12.0.3rc0 (linux64 - "Ubuntu 24.04.4 LTS")

CPU model: Intel(R) Xeon(R) Gold 6258R CPU @ 2.70GHz, instruction set [SSE2|AVX|AVX2|AVX512]
Thread count: 56 physical cores, 56 logical processors, using up to 1 threads

Non-default parameters:
TimeLimit  2.2246778941154480e+03
Method  1
Seed  20260919
Threads  1

Optimize a model with 189 rows, 41334 columns and 1134325 nonzeros
Coefficient statistics:
  Matrix range     [1e+00, 1e+00]
  Objective range  [1e+05, 5e+05]
  Bounds range     [1e+00, 1e+00]
  RHS range        [1e+00, 8e+00]
LP warm-start: use basis

Iteration    Objective       Primal Inf.    Dual Inf.      Time
       0   -3.7190651e+29   2.693752e+32   3.719065e-01      0s
      87    8.0036239e+05   0.000000e+00   0.000000e+00      0s

Solved in 87 iterations and 0.17 seconds (0.29 work units)
Optimal objective  8.003623878e+05
Set parameter TimeLimit to value 2.2235704107284546e+03
Gurobi Optimizer version 12.0.3 build v12.0.3rc0 (linux64 - "Ubuntu 24.04.4 LTS")

CPU model: Intel(R) Xeon(R) Gold 6258R CPU @ 2.70GHz, instruction set [SSE2|AVX|AVX2|AVX512]
Thread count: 56 physical cores, 56 logical processors, using up to 1 threads

Non-default parameters:
TimeLimit  2.2235704107284546e+03
Method  1
Seed  20260919
Threads  1

Optimize a model with 189 rows, 41344 columns and 1134580 nonzeros
Coefficient statistics:
  Matrix range     [1e+00, 1e+00]
  Objective range  [1e+05, 5e+05]
  Bounds range     [1e+00, 1e+00]
  RHS range        [1e+00, 8e+00]
LP warm-start: use basis

Iteration    Objective       Primal Inf.    Dual Inf.      Time
       0   -3.7996820e+29   3.816703e+32   3.799682e-01      0s
       2    8.0036239e+05   0.000000e+00   0.000000e+00      0s

Solved in 2 iterations and 0.05 seconds (0.02 work units)
Optimal objective  8.003623878e+05
Set parameter TimeLimit to value 2.2225969989299774e+03
Gurobi Optimizer version 12.0.3 build v12.0.3rc0 (linux64 - "Ubuntu 24.04.4 LTS")

CPU model: Intel(R) Xeon(R) Gold 6258R CPU @ 2.70GHz, instruction set [SSE2|AVX|AVX2|AVX512]
Thread count: 56 physical cores, 56 logical processors, using up to 1 threads

Non-default parameters:
TimeLimit  2.2225969989299774e+03
Method  1
Seed  20260919
Threads  1

Optimize a model with 189 rows, 41348 columns and 1134693 nonzeros
Coefficient statistics:
  Matrix range     [1e+00, 1e+00]
  Objective range  [1e+05, 5e+05]
  Bounds range     [1e+00, 1e+00]
  RHS range        [1e+00, 8e+00]
LP warm-start: use basis

Iteration    Objective       Primal Inf.    Dual Inf.      Time
       0   -1.3006006e+29   1.258607e+32   1.300601e-01      0s
     200    8.0036239e+05   0.000000e+00   0.000000e+00      0s

Solved in 200 iterations and 0.33 seconds (0.66 work units)
Optimal objective  8.003623871e+05
Set parameter TimeLimit to value 2.2213304400444031e+03
Gurobi Optimizer version 12.0.3 build v12.0.3rc0 (linux64 - "Ubuntu 24.04.4 LTS")

CPU model: Intel(R) Xeon(R) Gold 6258R CPU @ 2.70GHz, instruction set [SSE2|AVX|AVX2|AVX512]
Thread count: 56 physical cores, 56 logical processors, using up to 1 threads

Non-default parameters:
TimeLimit  2.2213304400444031e+03
Method  1
Seed  20260919
Threads  1

Optimize a model with 189 rows, 41357 columns and 1134985 nonzeros
Coefficient statistics:
  Matrix range     [1e+00, 1e+00]
  Objective range  [1e+05, 5e+05]
  Bounds range     [1e+00, 1e+00]
  RHS range        [1e+00, 8e+00]
LP warm-start: use basis

Iteration    Objective       Primal Inf.    Dual Inf.      Time
       0   -4.1157102e+29   8.692282e+32   4.115710e-01      0s
      73    8.0036239e+05   0.000000e+00   0.000000e+00      0s

Solved in 73 iterations and 0.16 seconds (0.25 work units)
Optimal objective  8.003623869e+05
Set parameter TimeLimit to value 2.2202289080619812e+03
Gurobi Optimizer version 12.0.3 build v12.0.3rc0 (linux64 - "Ubuntu 24.04.4 LTS")

CPU model: Intel(R) Xeon(R) Gold 6258R CPU @ 2.70GHz, instruction set [SSE2|AVX|AVX2|AVX512]
Thread count: 56 physical cores, 56 logical processors, using up to 1 threads

Non-default parameters:
TimeLimit  2.2202289080619812e+03
Method  1
Seed  20260919
Threads  1

Optimize a model with 189 rows, 41366 columns and 1135258 nonzeros
Coefficient statistics:
  Matrix range     [1e+00, 1e+00]
  Objective range  [1e+05, 5e+05]
  Bounds range     [1e+00, 1e+00]
  RHS range        [1e+00, 8e+00]
LP warm-start: use basis

Iteration    Objective       Primal Inf.    Dual Inf.      Time
       0   -2.4879945e+29   2.170850e+32   2.487994e-01      0s
       1    8.0036239e+05   0.000000e+00   0.000000e+00      0s

Solved in 1 iterations and 0.05 seconds (0.02 work units)
Optimal objective  8.003623869e+05
Set parameter TimeLimit to value 2.2192392706871033e+03
Gurobi Optimizer version 12.0.3 build v12.0.3rc0 (linux64 - "Ubuntu 24.04.4 LTS")

CPU model: Intel(R) Xeon(R) Gold 6258R CPU @ 2.70GHz, instruction set [SSE2|AVX|AVX2|AVX512]
Thread count: 56 physical cores, 56 logical processors, using up to 1 threads

Non-default parameters:
TimeLimit  2.2192392706871033e+03
Method  1
Seed  20260919
Threads  1

Optimize a model with 189 rows, 41375 columns and 1135539 nonzeros
Coefficient statistics:
  Matrix range     [1e+00, 1e+00]
  Objective range  [1e+05, 5e+05]
  Bounds range     [1e+00, 1e+00]
  RHS range        [1e+00, 8e+00]
LP warm-start: use basis

Iteration    Objective       Primal Inf.    Dual Inf.      Time
       0   -2.4879945e+29   2.223637e+32   2.487995e-01      0s
     280    8.0036239e+05   0.000000e+00   0.000000e+00      0s

Solved in 280 iterations and 0.41 seconds (0.84 work units)
Optimal objective  8.003623861e+05
Set parameter TimeLimit to value 2.2178781232833862e+03
Gurobi Optimizer version 12.0.3 build v12.0.3rc0 (linux64 - "Ubuntu 24.04.4 LTS")

CPU model: Intel(R) Xeon(R) Gold 6258R CPU @ 2.70GHz, instruction set [SSE2|AVX|AVX2|AVX512]
Thread count: 56 physical cores, 56 logical processors, using up to 1 threads

Non-default parameters:
TimeLimit  2.2178781232833862e+03
Method  1
Seed  20260919
Threads  1

Optimize a model with 189 rows, 41388 columns and 1135863 nonzeros
Coefficient statistics:
  Matrix range     [1e+00, 1e+00]
  Objective range  [1e+05, 5e+05]
  Bounds range     [1e+00, 1e+00]
  RHS range        [1e+00, 8e+00]
LP warm-start: use basis

Iteration    Objective       Primal Inf.    Dual Inf.      Time
       0   -2.1558742e+30   1.533939e+32   2.155874e+00      0s
      66    8.0036239e+05   0.000000e+00   0.000000e+00      0s

Solved in 66 iterations and 0.14 seconds (0.21 work units)
Optimal objective  8.003623856e+05
Set parameter TimeLimit to value 2.2168091950416565e+03
Gurobi Optimizer version 12.0.3 build v12.0.3rc0 (linux64 - "Ubuntu 24.04.4 LTS")

CPU model: Intel(R) Xeon(R) Gold 6258R CPU @ 2.70GHz, instruction set [SSE2|AVX|AVX2|AVX512]
Thread count: 56 physical cores, 56 logical processors, using up to 1 threads

Non-default parameters:
TimeLimit  2.2168091950416565e+03
Method  1
Seed  20260919
Threads  1

Optimize a model with 189 rows, 41394 columns and 1136055 nonzeros
Coefficient statistics:
  Matrix range     [1e+00, 1e+00]
  Objective range  [1e+05, 5e+05]
  Bounds range     [1e+00, 1e+00]
  RHS range        [1e+00, 8e+00]
LP warm-start: use basis

Iteration    Objective       Primal Inf.    Dual Inf.      Time
       0   -1.2215224e+29   6.790816e+31   1.221522e-01      0s
     211    8.0036238e+05   0.000000e+00   0.000000e+00      0s

Solved in 211 iterations and 0.35 seconds (0.70 work units)
Optimal objective  8.003623842e+05
Set parameter TimeLimit to value 2.2153445968627930e+03
Gurobi Optimizer version 12.0.3 build v12.0.3rc0 (linux64 - "Ubuntu 24.04.4 LTS")

CPU model: Intel(R) Xeon(R) Gold 6258R CPU @ 2.70GHz, instruction set [SSE2|AVX|AVX2|AVX512]
Thread count: 56 physical cores, 56 logical processors, using up to 1 threads

Non-default parameters:
TimeLimit  2.2153445968627930e+03
Method  1
Seed  20260919
Threads  1

Optimize a model with 189 rows, 41404 columns and 1136378 nonzeros
Coefficient statistics:
  Matrix range     [1e+00, 1e+00]
  Objective range  [1e+05, 5e+05]
  Bounds range     [1e+00, 1e+00]
  RHS range        [1e+00, 8e+00]
LP warm-start: use basis

Iteration    Objective       Primal Inf.    Dual Inf.      Time
       0   -1.8670848e+30   3.735676e+32   1.867085e+00      0s
       7    8.0036238e+05   0.000000e+00   0.000000e+00      0s

Solved in 7 iterations and 0.06 seconds (0.02 work units)
Optimal objective  8.003623842e+05
Set parameter TimeLimit to value 2.2143530521392822e+03
Gurobi Optimizer version 12.0.3 build v12.0.3rc0 (linux64 - "Ubuntu 24.04.4 LTS")

CPU model: Intel(R) Xeon(R) Gold 6258R CPU @ 2.70GHz, instruction set [SSE2|AVX|AVX2|AVX512]
Thread count: 56 physical cores, 56 logical processors, using up to 1 threads

Non-default parameters:
TimeLimit  2.2143530521392822e+03
Method  1
Seed  20260919
Threads  1

Optimize a model with 189 rows, 41410 columns and 1136577 nonzeros
Coefficient statistics:
  Matrix range     [1e+00, 1e+00]
  Objective range  [1e+05, 5e+05]
  Bounds range     [1e+00, 1e+00]
  RHS range        [1e+00, 8e+00]
LP warm-start: use basis

Iteration    Objective       Primal Inf.    Dual Inf.      Time
       0   -8.6122776e+28   1.367766e+32   8.612278e-02      0s
     139    8.0036238e+05   0.000000e+00   0.000000e+00      0s

Solved in 139 iterations and 0.25 seconds (0.46 work units)
Optimal objective  8.003623829e+05
Set parameter TimeLimit to value 2.2131845080852509e+03
Gurobi Optimizer version 12.0.3 build v12.0.3rc0 (linux64 - "Ubuntu 24.04.4 LTS")

CPU model: Intel(R) Xeon(R) Gold 6258R CPU @ 2.70GHz, instruction set [SSE2|AVX|AVX2|AVX512]
Thread count: 56 physical cores, 56 logical processors, using up to 1 threads

Non-default parameters:
TimeLimit  2.2131845080852509e+03
Method  1
Seed  20260919
Threads  1

Optimize a model with 189 rows, 41412 columns and 1136630 nonzeros
Coefficient statistics:
  Matrix range     [1e+00, 1e+00]
  Objective range  [1e+05, 5e+05]
  Bounds range     [1e+00, 1e+00]
  RHS range        [1e+00, 8e+00]
LP warm-start: use basis

Iteration    Objective       Primal Inf.    Dual Inf.      Time
       0   -8.5210898e+28   7.641295e+31   8.521090e-02      0s
       2    8.0036238e+05   0.000000e+00   0.000000e+00      0s

Solved in 2 iterations and 0.05 seconds (0.02 work units)
Optimal objective  8.003623829e+05
Set parameter TimeLimit to value 2212.11123585701
Gurobi Optimizer version 12.0.3 build v12.0.3rc0 (linux64 - "Ubuntu 24.04.4 LTS")

CPU model: Intel(R) Xeon(R) Gold 6258R CPU @ 2.70GHz, instruction set [SSE2|AVX|AVX2|AVX512]
Thread count: 56 physical cores, 56 logical processors, using up to 1 threads

Non-default parameters:
TimeLimit  2212.11123585701
Method  1
Seed  20260919
Threads  1

Optimize a model with 189 rows, 41440 columns and 1137391 nonzeros
Coefficient statistics:
  Matrix range     [1e+00, 1e+00]
  Objective range  [1e+05, 5e+05]
  Bounds range     [1e+00, 1e+00]
  RHS range        [1e+00, 8e+00]
LP warm-start: use basis

Iteration    Objective       Primal Inf.    Dual Inf.      Time
       0   -6.1786942e+30   1.608618e+33   6.178694e+00      0s
       2    8.0036238e+05   0.000000e+00   0.000000e+00      0s

Solved in 2 iterations and 0.05 seconds (0.02 work units)
Optimal objective  8.003623829e+05
Set parameter TimeLimit to value 2211.07408952713
Gurobi Optimizer version 12.0.3 build v12.0.3rc0 (linux64 - "Ubuntu 24.04.4 LTS")

CPU model: Intel(R) Xeon(R) Gold 6258R CPU @ 2.70GHz, instruction set [SSE2|AVX|AVX2|AVX512]
Thread count: 56 physical cores, 56 logical processors, using up to 1 threads

Non-default parameters:
TimeLimit  2211.07408952713
Method  1
Seed  20260919
Threads  1

Optimize a model with 189 rows, 41457 columns and 1137895 nonzeros
Coefficient statistics:
  Matrix range     [1e+00, 1e+00]
  Objective range  [1e+05, 5e+05]
  Bounds range     [1e+00, 1e+00]
  RHS range        [1e+00, 8e+00]
LP warm-start: use basis

Iteration    Objective       Primal Inf.    Dual Inf.      Time
       0   -3.9331846e+30   6.083195e+32   3.933185e+00      0s
       3    8.0036238e+05   0.000000e+00   0.000000e+00      0s

Solved in 3 iterations and 0.05 seconds (0.02 work units)
Optimal objective  8.003623829e+05
Set parameter TimeLimit to value 2.2100352675914764e+03
Gurobi Optimizer version 12.0.3 build v12.0.3rc0 (linux64 - "Ubuntu 24.04.4 LTS")

CPU model: Intel(R) Xeon(R) Gold 6258R CPU @ 2.70GHz, instruction set [SSE2|AVX|AVX2|AVX512]
Thread count: 56 physical cores, 56 logical processors, using up to 1 threads

Non-default parameters:
TimeLimit  2.2100352675914764e+03
Method  1
Seed  20260919
Threads  1

Optimize a model with 189 rows, 41470 columns and 1138282 nonzeros
Coefficient statistics:
  Matrix range     [1e+00, 1e+00]
  Objective range  [1e+05, 5e+05]
  Bounds range     [1e+00, 1e+00]
  RHS range        [1e+00, 8e+00]
LP warm-start: use basis

Iteration    Objective       Primal Inf.    Dual Inf.      Time
       0   -2.1656421e+30   3.805333e+32   2.165642e+00      0s
       8    8.0036238e+05   0.000000e+00   0.000000e+00      0s

Solved in 8 iterations and 0.07 seconds (0.03 work units)
Optimal objective  8.003623829e+05
Set parameter TimeLimit to value 2.2090448062419891e+03
Gurobi Optimizer version 12.0.3 build v12.0.3rc0 (linux64 - "Ubuntu 24.04.4 LTS")

CPU model: Intel(R) Xeon(R) Gold 6258R CPU @ 2.70GHz, instruction set [SSE2|AVX|AVX2|AVX512]
Thread count: 56 physical cores, 56 logical processors, using up to 1 threads

Non-default parameters:
TimeLimit  2.2090448062419891e+03
Method  1
Seed  20260919
Threads  1

Optimize a model with 189 rows, 41476 columns and 1138454 nonzeros
Coefficient statistics:
  Matrix range     [1e+00, 1e+00]
  Objective range  [1e+05, 5e+05]
  Bounds range     [1e+00, 1e+00]
  RHS range        [1e+00, 8e+00]
LP warm-start: use basis

Iteration    Objective       Primal Inf.    Dual Inf.      Time
       0   -5.1132550e+29   2.356246e+32   5.113255e-01      0s
      13    8.0036238e+05   0.000000e+00   0.000000e+00      0s

Solved in 13 iterations and 0.07 seconds (0.05 work units)
Optimal objective  8.003623829e+05
Set parameter TimeLimit to value 2.2080340580940247e+03
Gurobi Optimizer version 12.0.3 build v12.0.3rc0 (linux64 - "Ubuntu 24.04.4 LTS")

CPU model: Intel(R) Xeon(R) Gold 6258R CPU @ 2.70GHz, instruction set [SSE2|AVX|AVX2|AVX512]
Thread count: 56 physical cores, 56 logical processors, using up to 1 threads

Non-default parameters:
TimeLimit  2.2080340580940247e+03
Method  1
Seed  20260919
Threads  1

Optimize a model with 189 rows, 41482 columns and 1138626 nonzeros
Coefficient statistics:
  Matrix range     [1e+00, 1e+00]
  Objective range  [1e+05, 5e+05]
  Bounds range     [1e+00, 1e+00]
  RHS range        [1e+00, 8e+00]
LP warm-start: use basis

Iteration    Objective       Primal Inf.    Dual Inf.      Time
       0   -8.0232691e+29   8.916054e+32   8.023269e-01      0s
       1    8.0036238e+05   0.000000e+00   0.000000e+00      0s

Solved in 1 iterations and 0.05 seconds (0.02 work units)
Optimal objective  8.003623829e+05
Set parameter TimeLimit to value 2.2070671265125275e+03
Gurobi Optimizer version 12.0.3 build v12.0.3rc0 (linux64 - "Ubuntu 24.04.4 LTS")

CPU model: Intel(R) Xeon(R) Gold 6258R CPU @ 2.70GHz, instruction set [SSE2|AVX|AVX2|AVX512]
Thread count: 56 physical cores, 56 logical processors, using up to 1 threads

Non-default parameters:
TimeLimit  2.2070671265125275e+03
Method  1
Seed  20260919
Threads  1

Optimize a model with 189 rows, 41488 columns and 1138798 nonzeros
Coefficient statistics:
  Matrix range     [1e+00, 1e+00]
  Objective range  [1e+05, 5e+05]
  Bounds range     [1e+00, 1e+00]
  RHS range        [1e+00, 8e+00]
LP warm-start: use basis

Iteration    Objective       Primal Inf.    Dual Inf.      Time
       0   -8.0232688e+29   8.913832e+32   8.023269e-01      0s
      19    8.0036238e+05   0.000000e+00   0.000000e+00      0s

Solved in 19 iterations and 0.06 seconds (0.05 work units)
Optimal objective  8.003623829e+05
Set parameter TimeLimit to value 2.2060919589996338e+03
Gurobi Optimizer version 12.0.3 build v12.0.3rc0 (linux64 - "Ubuntu 24.04.4 LTS")

CPU model: Intel(R) Xeon(R) Gold 6258R CPU @ 2.70GHz, instruction set [SSE2|AVX|AVX2|AVX512]
Thread count: 56 physical cores, 56 logical processors, using up to 1 threads

Non-default parameters:
TimeLimit  2.2060919589996338e+03
Method  1
Seed  20260919
Threads  1

Optimize a model with 189 rows, 41490 columns and 1138861 nonzeros
Coefficient statistics:
  Matrix range     [1e+00, 1e+00]
  Objective range  [1e+05, 5e+05]
  Bounds range     [1e+00, 1e+00]
  RHS range        [1e+00, 8e+00]
LP warm-start: use basis

Iteration    Objective       Primal Inf.    Dual Inf.      Time
       0   -1.1695819e+29   2.422058e+32   1.169582e-01      0s
       3    8.0036238e+05   0.000000e+00   0.000000e+00      0s

Solved in 3 iterations and 0.05 seconds (0.02 work units)
Optimal objective  8.003623829e+05
Set parameter TimeLimit to value 2.2051151854991913e+03
Gurobi Optimizer version 12.0.3 build v12.0.3rc0 (linux64 - "Ubuntu 24.04.4 LTS")

CPU model: Intel(R) Xeon(R) Gold 6258R CPU @ 2.70GHz, instruction set [SSE2|AVX|AVX2|AVX512]
Thread count: 56 physical cores, 56 logical processors, using up to 1 threads

Non-default parameters:
TimeLimit  2.2051151854991913e+03
Method  1
Seed  20260919
Threads  1

Optimize a model with 189 rows, 41494 columns and 1138991 nonzeros
Coefficient statistics:
  Matrix range     [1e+00, 1e+00]
  Objective range  [1e+05, 5e+05]
  Bounds range     [1e+00, 1e+00]
  RHS range        [1e+00, 8e+00]
LP warm-start: use basis

Iteration    Objective       Primal Inf.    Dual Inf.      Time
       0   -2.1178864e+29   3.340495e+32   2.117886e-01      0s
     186    8.0036238e+05   0.000000e+00   0.000000e+00      0s

Solved in 186 iterations and 0.31 seconds (0.62 work units)
Optimal objective  8.003623828e+05
Set parameter TimeLimit to value 2.2038651270866394e+03
Gurobi Optimizer version 12.0.3 build v12.0.3rc0 (linux64 - "Ubuntu 24.04.4 LTS")

CPU model: Intel(R) Xeon(R) Gold 6258R CPU @ 2.70GHz, instruction set [SSE2|AVX|AVX2|AVX512]
Thread count: 56 physical cores, 56 logical processors, using up to 1 threads

Non-default parameters:
TimeLimit  2.2038651270866394e+03
Method  1
Seed  20260919
Threads  1

Optimize a model with 189 rows, 41512 columns and 1139501 nonzeros
Coefficient statistics:
  Matrix range     [1e+00, 1e+00]
  Objective range  [1e+05, 5e+05]
  Bounds range     [1e+00, 1e+00]
  RHS range        [1e+00, 8e+00]
LP warm-start: use basis

Iteration    Objective       Primal Inf.    Dual Inf.      Time
       0   -2.3747346e+30   4.895591e+32   2.374735e+00      0s
      11    8.0036238e+05   0.000000e+00   0.000000e+00      0s

Solved in 11 iterations and 0.06 seconds (0.03 work units)
Optimal objective  8.003623828e+05
Set parameter TimeLimit to value 2.2028851556777954e+03
Gurobi Optimizer version 12.0.3 build v12.0.3rc0 (linux64 - "Ubuntu 24.04.4 LTS")

CPU model: Intel(R) Xeon(R) Gold 6258R CPU @ 2.70GHz, instruction set [SSE2|AVX|AVX2|AVX512]
Thread count: 56 physical cores, 56 logical processors, using up to 1 threads

Non-default parameters:
TimeLimit  2.2028851556777954e+03
Method  1
Seed  20260919
Threads  1

Optimize a model with 189 rows, 41521 columns and 1139766 nonzeros
Coefficient statistics:
  Matrix range     [1e+00, 1e+00]
  Objective range  [1e+05, 5e+05]
  Bounds range     [1e+00, 1e+00]
  RHS range        [1e+00, 8e+00]
LP warm-start: use basis

Iteration    Objective       Primal Inf.    Dual Inf.      Time
       0   -2.4865572e+29   2.597910e+32   2.486557e-01      0s
     116    8.0036238e+05   0.000000e+00   0.000000e+00      0s

Solved in 116 iterations and 0.21 seconds (0.39 work units)
Optimal objective  8.003623827e+05
Set parameter TimeLimit to value 2.2017429149150848e+03
Gurobi Optimizer version 12.0.3 build v12.0.3rc0 (linux64 - "Ubuntu 24.04.4 LTS")

CPU model: Intel(R) Xeon(R) Gold 6258R CPU @ 2.70GHz, instruction set [SSE2|AVX|AVX2|AVX512]
Thread count: 56 physical cores, 56 logical processors, using up to 1 threads

Non-default parameters:
TimeLimit  2.2017429149150848e+03
Method  1
Seed  20260919
Threads  1

Optimize a model with 189 rows, 41528 columns and 1139955 nonzeros
Coefficient statistics:
  Matrix range     [1e+00, 1e+00]
  Objective range  [1e+05, 5e+05]
  Bounds range     [1e+00, 1e+00]
  RHS range        [1e+00, 8e+00]
LP warm-start: use basis

Iteration    Objective       Primal Inf.    Dual Inf.      Time
       0   -1.6806889e+29   3.060858e+32   1.680689e-01      0s
       9    8.0036238e+05   0.000000e+00   0.000000e+00      0s

Solved in 9 iterations and 0.07 seconds (0.04 work units)
Optimal objective  8.003623827e+05
Set parameter TimeLimit to value 2.2007655413150787e+03
Gurobi Optimizer version 12.0.3 build v12.0.3rc0 (linux64 - "Ubuntu 24.04.4 LTS")

CPU model: Intel(R) Xeon(R) Gold 6258R CPU @ 2.70GHz, instruction set [SSE2|AVX|AVX2|AVX512]
Thread count: 56 physical cores, 56 logical processors, using up to 1 threads

Non-default parameters:
TimeLimit  2.2007655413150787e+03
Method  1
Seed  20260919
Threads  1

Optimize a model with 189 rows, 41530 columns and 1140027 nonzeros
Coefficient statistics:
  Matrix range     [1e+00, 1e+00]
  Objective range  [1e+05, 5e+05]
  Bounds range     [1e+00, 1e+00]
  RHS range        [1e+00, 8e+00]
LP warm-start: use basis

Iteration    Objective       Primal Inf.    Dual Inf.      Time
       0   -4.8769544e+28   9.811074e+31   4.876954e-02      0s
       3    8.0036238e+05   0.000000e+00   0.000000e+00      0s

Solved in 3 iterations and 0.05 seconds (0.02 work units)
Optimal objective  8.003623827e+05
Set parameter TimeLimit to value 2.1997861108779907e+03
Gurobi Optimizer version 12.0.3 build v12.0.3rc0 (linux64 - "Ubuntu 24.04.4 LTS")

CPU model: Intel(R) Xeon(R) Gold 6258R CPU @ 2.70GHz, instruction set [SSE2|AVX|AVX2|AVX512]
Thread count: 56 physical cores, 56 logical processors, using up to 1 threads

Non-default parameters:
TimeLimit  2.1997861108779907e+03
Method  1
Seed  20260919
Threads  1

Optimize a model with 189 rows, 41532 columns and 1140099 nonzeros
Coefficient statistics:
  Matrix range     [1e+00, 1e+00]
  Objective range  [1e+05, 5e+05]
  Bounds range     [1e+00, 1e+00]
  RHS range        [1e+00, 8e+00]
LP warm-start: use basis

Iteration    Objective       Primal Inf.    Dual Inf.      Time
       0   -4.8769543e+28   9.359114e+31   4.876954e-02      0s
       4    8.0036238e+05   0.000000e+00   0.000000e+00      0s

Solved in 4 iterations and 0.05 seconds (0.02 work units)
Optimal objective  8.003623827e+05
Set parameter TimeLimit to value 2.1987920999526978e+03
Gurobi Optimizer version 12.0.3 build v12.0.3rc0 (linux64 - "Ubuntu 24.04.4 LTS")

CPU model: Intel(R) Xeon(R) Gold 6258R CPU @ 2.70GHz, instruction set [SSE2|AVX|AVX2|AVX512]
Thread count: 56 physical cores, 56 logical processors, using up to 1 threads

Non-default parameters:
TimeLimit  2.1987920999526978e+03
Method  1
Seed  20260919
Threads  1

Optimize a model with 189 rows, 41534 columns and 1140172 nonzeros
Coefficient statistics:
  Matrix range     [1e+00, 1e+00]
  Objective range  [1e+05, 5e+05]
  Bounds range     [1e+00, 1e+00]
  RHS range        [1e+00, 8e+00]
LP warm-start: use basis

Iteration    Objective       Primal Inf.    Dual Inf.      Time
       0   -4.8769544e+28   9.313426e+31   4.876954e-02      0s
       1    8.0036238e+05   0.000000e+00   0.000000e+00      0s

Solved in 1 iterations and 0.05 seconds (0.02 work units)
Optimal objective  8.003623827e+05
Set parameter TimeLimit to value 2.1978210339546204e+03
Gurobi Optimizer version 12.0.3 build v12.0.3rc0 (linux64 - "Ubuntu 24.04.4 LTS")

CPU model: Intel(R) Xeon(R) Gold 6258R CPU @ 2.70GHz, instruction set [SSE2|AVX|AVX2|AVX512]
Thread count: 56 physical cores, 56 logical processors, using up to 1 threads

Non-default parameters:
TimeLimit  2.1978210339546204e+03
Method  1
Seed  20260919
Threads  1

Optimize a model with 189 rows, 41536 columns and 1140244 nonzeros
Coefficient statistics:
  Matrix range     [1e+00, 1e+00]
  Objective range  [1e+05, 5e+05]
  Bounds range     [1e+00, 1e+00]
  RHS range        [1e+00, 8e+00]
LP warm-start: use basis

Iteration    Objective       Primal Inf.    Dual Inf.      Time
       0   -4.8769543e+28   9.257209e+31   4.876954e-02      0s
      95    8.0036238e+05   0.000000e+00   0.000000e+00      0s

Solved in 95 iterations and 0.19 seconds (0.33 work units)
Optimal objective  8.003623826e+05
Set parameter TimeLimit to value 2.1967234604358673e+03
Gurobi Optimizer version 12.0.3 build v12.0.3rc0 (linux64 - "Ubuntu 24.04.4 LTS")

CPU model: Intel(R) Xeon(R) Gold 6258R CPU @ 2.70GHz, instruction set [SSE2|AVX|AVX2|AVX512]
Thread count: 56 physical cores, 56 logical processors, using up to 1 threads

Non-default parameters:
TimeLimit  2.1967234604358673e+03
Method  1
Seed  20260919
Threads  1

Optimize a model with 189 rows, 41537 columns and 1140282 nonzeros
Coefficient statistics:
  Matrix range     [1e+00, 1e+00]
  Objective range  [1e+05, 5e+05]
  Bounds range     [1e+00, 1e+00]
  RHS range        [1e+00, 8e+00]
LP warm-start: use basis

Iteration    Objective       Primal Inf.    Dual Inf.      Time
       0   -1.7178264e+28   1.790474e+31   1.717826e-02      0s
     160    8.0036238e+05   0.000000e+00   0.000000e+00      0s

Solved in 160 iterations and 0.29 seconds (0.55 work units)
Optimal objective  8.003623826e+05
Set parameter TimeLimit to value 2.1954912583827972e+03
Gurobi Optimizer version 12.0.3 build v12.0.3rc0 (linux64 - "Ubuntu 24.04.4 LTS")

CPU model: Intel(R) Xeon(R) Gold 6258R CPU @ 2.70GHz, instruction set [SSE2|AVX|AVX2|AVX512]
Thread count: 56 physical cores, 56 logical processors, using up to 1 threads

Non-default parameters:
TimeLimit  2.1954912583827972e+03
Method  1
Seed  20260919
Threads  1

Optimize a model with 189 rows, 41545 columns and 1140515 nonzeros
Coefficient statistics:
  Matrix range     [1e+00, 1e+00]
  Objective range  [1e+05, 5e+05]
  Bounds range     [1e+00, 1e+00]
  RHS range        [1e+00, 8e+00]
LP warm-start: use basis

Iteration    Objective       Primal Inf.    Dual Inf.      Time
       0   -4.2585794e+29   2.901389e+32   4.258579e-01      0s
      21    8.0036238e+05   0.000000e+00   0.000000e+00      0s

Solved in 21 iterations and 0.09 seconds (0.09 work units)
Optimal objective  8.003623826e+05
Set parameter TimeLimit to value 2.1944151191711426e+03
Gurobi Optimizer version 12.0.3 build v12.0.3rc0 (linux64 - "Ubuntu 24.04.4 LTS")

CPU model: Intel(R) Xeon(R) Gold 6258R CPU @ 2.70GHz, instruction set [SSE2|AVX|AVX2|AVX512]
Thread count: 56 physical cores, 56 logical processors, using up to 1 threads

Non-default parameters:
TimeLimit  2.1944151191711426e+03
Method  1
Seed  20260919
Threads  1

Optimize a model with 189 rows, 41548 columns and 1140607 nonzeros
Coefficient statistics:
  Matrix range     [1e+00, 1e+00]
  Objective range  [1e+05, 5e+05]
  Bounds range     [1e+00, 1e+00]
  RHS range        [1e+00, 8e+00]
LP warm-start: use basis

Iteration    Objective       Primal Inf.    Dual Inf.      Time
       0   -1.3674971e+29   1.133513e+32   1.367497e-01      0s
       2    8.0036238e+05   0.000000e+00   0.000000e+00      0s

Solved in 2 iterations and 0.05 seconds (0.02 work units)
Optimal objective  8.003623826e+05
Set parameter TimeLimit to value 2.1934496450424194e+03
Gurobi Optimizer version 12.0.3 build v12.0.3rc0 (linux64 - "Ubuntu 24.04.4 LTS")

CPU model: Intel(R) Xeon(R) Gold 6258R CPU @ 2.70GHz, instruction set [SSE2|AVX|AVX2|AVX512]
Thread count: 56 physical cores, 56 logical processors, using up to 1 threads

Non-default parameters:
TimeLimit  2.1934496450424194e+03
Method  1
Seed  20260919
Threads  1

Optimize a model with 189 rows, 41551 columns and 1140696 nonzeros
Coefficient statistics:
  Matrix range     [1e+00, 1e+00]
  Objective range  [1e+05, 5e+05]
  Bounds range     [1e+00, 1e+00]
  RHS range        [1e+00, 8e+00]
LP warm-start: use basis

Iteration    Objective       Primal Inf.    Dual Inf.      Time
       0   -1.0366214e+29   1.250078e+32   1.036621e-01      0s
       6    8.0036238e+05   0.000000e+00   0.000000e+00      0s

Solved in 6 iterations and 0.05 seconds (0.02 work units)
Optimal objective  8.003623826e+05
Set parameter TimeLimit to value 2.1924665462970734e+03
Gurobi Optimizer version 12.0.3 build v12.0.3rc0 (linux64 - "Ubuntu 24.04.4 LTS")

CPU model: Intel(R) Xeon(R) Gold 6258R CPU @ 2.70GHz, instruction set [SSE2|AVX|AVX2|AVX512]
Thread count: 56 physical cores, 56 logical processors, using up to 1 threads

Non-default parameters:
TimeLimit  2.1924665462970734e+03
Method  1
Seed  20260919
Threads  1

Optimize a model with 189 rows, 41559 columns and 1140945 nonzeros
Coefficient statistics:
  Matrix range     [1e+00, 1e+00]
  Objective range  [1e+05, 5e+05]
  Bounds range     [1e+00, 1e+00]
  RHS range        [1e+00, 8e+00]
LP warm-start: use basis

Iteration    Objective       Primal Inf.    Dual Inf.      Time
       0   -1.5482029e+29   8.170395e+32   1.548203e-01      0s
       2    8.0036238e+05   0.000000e+00   0.000000e+00      0s

Solved in 2 iterations and 0.05 seconds (0.02 work units)
Optimal objective  8.003623826e+05
Set parameter TimeLimit to value 2.1915008740425110e+03
Gurobi Optimizer version 12.0.3 build v12.0.3rc0 (linux64 - "Ubuntu 24.04.4 LTS")

CPU model: Intel(R) Xeon(R) Gold 6258R CPU @ 2.70GHz, instruction set [SSE2|AVX|AVX2|AVX512]
Thread count: 56 physical cores, 56 logical processors, using up to 1 threads

Non-default parameters:
TimeLimit  2.1915008740425110e+03
Method  1
Seed  20260919
Threads  1

Optimize a model with 189 rows, 41560 columns and 1140985 nonzeros
Coefficient statistics:
  Matrix range     [1e+00, 1e+00]
  Objective range  [1e+05, 5e+05]
  Bounds range     [1e+00, 1e+00]
  RHS range        [1e+00, 8e+00]
LP warm-start: use basis

Iteration    Objective       Primal Inf.    Dual Inf.      Time
       0   -2.7123677e+28   4.927610e+31   2.712368e-02      0s
       3    8.0036238e+05   0.000000e+00   0.000000e+00      0s

Solved in 3 iterations and 0.06 seconds (0.03 work units)
Optimal objective  8.003623826e+05
Set parameter TimeLimit to value 2.1905279428958893e+03
Gurobi Optimizer version 12.0.3 build v12.0.3rc0 (linux64 - "Ubuntu 24.04.4 LTS")

CPU model: Intel(R) Xeon(R) Gold 6258R CPU @ 2.70GHz, instruction set [SSE2|AVX|AVX2|AVX512]
Thread count: 56 physical cores, 56 logical processors, using up to 1 threads

Non-default parameters:
TimeLimit  2.1905279428958893e+03
Method  1
Seed  20260919
Threads  1

Optimize a model with 189 rows, 41560 columns and 1140985 nonzeros
Coefficient statistics:
  Matrix range     [1e+00, 1e+00]
  Objective range  [1e+05, 5e+05]
  Bounds range     [1e+00, 1e+00]
  RHS range        [1e+00, 8e+00]

Iteration    Objective       Primal Inf.    Dual Inf.      Time
       0    8.0036238e+05   4.996189e-01   0.000000e+00      0s
     930    8.0036303e+05   0.000000e+00   0.000000e+00      1s

Solved in 930 iterations and 1.35 seconds (3.13 work units)
Optimal objective  8.003630350e+05
Set parameter TimeLimit to value 2.1880217695236206e+03
Gurobi Optimizer version 12.0.3 build v12.0.3rc0 (linux64 - "Ubuntu 24.04.4 LTS")

CPU model: Intel(R) Xeon(R) Gold 6258R CPU @ 2.70GHz, instruction set [SSE2|AVX|AVX2|AVX512]
Thread count: 56 physical cores, 56 logical processors, using up to 1 threads

Non-default parameters:
TimeLimit  2.1880217695236206e+03
Method  1
Seed  20260919
Threads  1

Optimize a model with 189 rows, 41590 columns and 1141578 nonzeros
Coefficient statistics:
  Matrix range     [1e+00, 1e+00]
  Objective range  [1e+05, 5e+05]
  Bounds range     [1e+00, 1e+00]
  RHS range        [1e+00, 8e+00]
LP warm-start: use basis

Iteration    Objective       Primal Inf.    Dual Inf.      Time
       0   -1.5789043e+32   1.173623e+34   1.578904e+02      0s
      54    8.0036303e+05   0.000000e+00   0.000000e+00      0s

Solved in 54 iterations and 0.12 seconds (0.17 work units)
Optimal objective  8.003630350e+05
Set parameter TimeLimit to value 2.1867584559917450e+03
Gurobi Optimizer version 12.0.3 build v12.0.3rc0 (linux64 - "Ubuntu 24.04.4 LTS")

CPU model: Intel(R) Xeon(R) Gold 6258R CPU @ 2.70GHz, instruction set [SSE2|AVX|AVX2|AVX512]
Thread count: 56 physical cores, 56 logical processors, using up to 1 threads

Non-default parameters:
TimeLimit  2.1867584559917450e+03
Method  1
Seed  20260919
Threads  1

Optimize a model with 189 rows, 41620 columns and 1142237 nonzeros
Coefficient statistics:
  Matrix range     [1e+00, 1e+00]
  Objective range  [1e+05, 5e+05]
  Bounds range     [1e+00, 1e+00]
  RHS range        [1e+00, 8e+00]
LP warm-start: use basis

Iteration    Objective       Primal Inf.    Dual Inf.      Time
       0   -1.0219324e+32   2.713201e+33   1.021932e+02      0s
      15    8.0036303e+05   0.000000e+00   0.000000e+00      0s

Solved in 15 iterations and 0.08 seconds (0.07 work units)
Optimal objective  8.003630350e+05
Set parameter TimeLimit to value 2.1856028020381927e+03
Gurobi Optimizer version 12.0.3 build v12.0.3rc0 (linux64 - "Ubuntu 24.04.4 LTS")

CPU model: Intel(R) Xeon(R) Gold 6258R CPU @ 2.70GHz, instruction set [SSE2|AVX|AVX2|AVX512]
Thread count: 56 physical cores, 56 logical processors, using up to 1 threads

Non-default parameters:
TimeLimit  2.1856028020381927e+03
Method  1
Seed  20260919
Threads  1

Optimize a model with 189 rows, 41650 columns and 1142908 nonzeros
Coefficient statistics:
  Matrix range     [1e+00, 1e+00]
  Objective range  [1e+05, 5e+05]
  Bounds range     [1e+00, 1e+00]
  RHS range        [1e+00, 8e+00]
LP warm-start: use basis

Iteration    Objective       Primal Inf.    Dual Inf.      Time
       0   -5.3230494e+31   1.753136e+33   5.323049e+01      0s
     426    8.0036292e+05   0.000000e+00   0.000000e+00      1s

Solved in 426 iterations and 0.68 seconds (1.42 work units)
Optimal objective  8.003629244e+05
Set parameter TimeLimit to value 2183.78218626976
Gurobi Optimizer version 12.0.3 build v12.0.3rc0 (linux64 - "Ubuntu 24.04.4 LTS")

CPU model: Intel(R) Xeon(R) Gold 6258R CPU @ 2.70GHz, instruction set [SSE2|AVX|AVX2|AVX512]
Thread count: 56 physical cores, 56 logical processors, using up to 1 threads

Non-default parameters:
TimeLimit  2183.78218626976
Method  1
Seed  20260919
Threads  1

Optimize a model with 189 rows, 41680 columns and 1143467 nonzeros
Coefficient statistics:
  Matrix range     [1e+00, 1e+00]
  Objective range  [1e+05, 5e+05]
  Bounds range     [1e+00, 1e+00]
  RHS range        [1e+00, 8e+00]
LP warm-start: use basis

Iteration    Objective       Primal Inf.    Dual Inf.      Time
       0   -4.4169906e+31   3.234538e+33   4.416991e+01      0s
     241    8.0036292e+05   0.000000e+00   0.000000e+00      0s

Solved in 241 iterations and 0.37 seconds (0.75 work units)
Optimal objective  8.003629244e+05
Set parameter TimeLimit to value 2.1823508956432343e+03
Gurobi Optimizer version 12.0.3 build v12.0.3rc0 (linux64 - "Ubuntu 24.04.4 LTS")

CPU model: Intel(R) Xeon(R) Gold 6258R CPU @ 2.70GHz, instruction set [SSE2|AVX|AVX2|AVX512]
Thread count: 56 physical cores, 56 logical processors, using up to 1 threads

Non-default parameters:
TimeLimit  2.1823508956432343e+03
Method  1
Seed  20260919
Threads  1

Optimize a model with 189 rows, 41710 columns and 1144285 nonzeros
Coefficient statistics:
  Matrix range     [1e+00, 1e+00]
  Objective range  [1e+05, 5e+05]
  Bounds range     [1e+00, 1e+00]
  RHS range        [1e+00, 8e+00]
LP warm-start: use basis

Iteration    Objective       Primal Inf.    Dual Inf.      Time
       0   -4.0141568e+31   2.949624e+33   4.014157e+01      0s
       8    8.0036292e+05   0.000000e+00   0.000000e+00      0s

Solved in 8 iterations and 0.06 seconds (0.02 work units)
Optimal objective  8.003629244e+05
Set parameter TimeLimit to value 2.1812369563579559e+03
Gurobi Optimizer version 12.0.3 build v12.0.3rc0 (linux64 - "Ubuntu 24.04.4 LTS")

CPU model: Intel(R) Xeon(R) Gold 6258R CPU @ 2.70GHz, instruction set [SSE2|AVX|AVX2|AVX512]
Thread count: 56 physical cores, 56 logical processors, using up to 1 threads

Non-default parameters:
TimeLimit  2.1812369563579559e+03
Method  1
Seed  20260919
Threads  1

Optimize a model with 189 rows, 41740 columns and 1144910 nonzeros
Coefficient statistics:
  Matrix range     [1e+00, 1e+00]
  Objective range  [1e+05, 5e+05]
  Bounds range     [1e+00, 1e+00]
  RHS range        [1e+00, 8e+00]
LP warm-start: use basis

Iteration    Objective       Primal Inf.    Dual Inf.      Time
       0   -2.5696517e+31   1.895219e+33   2.569652e+01      0s
     442    8.0036292e+05   0.000000e+00   0.000000e+00      1s

Solved in 442 iterations and 0.64 seconds (1.39 work units)
Optimal objective  8.003629171e+05
Set parameter TimeLimit to value 2.1794932236671448e+03
Gurobi Optimizer version 12.0.3 build v12.0.3rc0 (linux64 - "Ubuntu 24.04.4 LTS")

CPU model: Intel(R) Xeon(R) Gold 6258R CPU @ 2.70GHz, instruction set [SSE2|AVX|AVX2|AVX512]
Thread count: 56 physical cores, 56 logical processors, using up to 1 threads

Non-default parameters:
TimeLimit  2.1794932236671448e+03
Method  1
Seed  20260919
Threads  1

Optimize a model with 189 rows, 41770 columns and 1145426 nonzeros
Coefficient statistics:
  Matrix range     [1e+00, 1e+00]
  Objective range  [1e+05, 5e+05]
  Bounds range     [1e+00, 1e+00]
  RHS range        [1e+00, 8e+00]
LP warm-start: use basis

Iteration    Objective       Primal Inf.    Dual Inf.      Time
       0   -5.3511372e+31   3.385225e+33   5.351137e+01      0s
     143    8.0036292e+05   0.000000e+00   0.000000e+00      0s

Solved in 143 iterations and 0.24 seconds (0.43 work units)
Optimal objective  8.003629171e+05
Set parameter TimeLimit to value 2.1781944112777710e+03
Gurobi Optimizer version 12.0.3 build v12.0.3rc0 (linux64 - "Ubuntu 24.04.4 LTS")

CPU model: Intel(R) Xeon(R) Gold 6258R CPU @ 2.70GHz, instruction set [SSE2|AVX|AVX2|AVX512]
Thread count: 56 physical cores, 56 logical processors, using up to 1 threads

Non-default parameters:
TimeLimit  2.1781944112777710e+03
Method  1
Seed  20260919
Threads  1

Optimize a model with 189 rows, 41800 columns and 1146239 nonzeros
Coefficient statistics:
  Matrix range     [1e+00, 1e+00]
  Objective range  [1e+05, 5e+05]
  Bounds range     [1e+00, 1e+00]
  RHS range        [1e+00, 8e+00]
LP warm-start: use basis

Iteration    Objective       Primal Inf.    Dual Inf.      Time
       0   -1.9345763e+31   9.133100e+32   1.934576e+01      0s
     727    8.0036271e+05   0.000000e+00   0.000000e+00      1s

Solved in 727 iterations and 1.06 seconds (2.38 work units)
Optimal objective  8.003627055e+05
Set parameter TimeLimit to value 2.1760813453197479e+03
Gurobi Optimizer version 12.0.3 build v12.0.3rc0 (linux64 - "Ubuntu 24.04.4 LTS")

CPU model: Intel(R) Xeon(R) Gold 6258R CPU @ 2.70GHz, instruction set [SSE2|AVX|AVX2|AVX512]
Thread count: 56 physical cores, 56 logical processors, using up to 1 threads

Non-default parameters:
TimeLimit  2.1760813453197479e+03
Method  1
Seed  20260919
Threads  1

Optimize a model with 189 rows, 41830 columns and 1146848 nonzeros
Coefficient statistics:
  Matrix range     [1e+00, 1e+00]
  Objective range  [1e+05, 5e+05]
  Bounds range     [1e+00, 1e+00]
  RHS range        [1e+00, 8e+00]
LP warm-start: use basis

Iteration    Objective       Primal Inf.    Dual Inf.      Time
       0   -3.8773741e+31   2.239514e+33   3.877374e+01      0s
     560    8.0036271e+05   0.000000e+00   0.000000e+00      1s

Solved in 560 iterations and 0.83 seconds (1.84 work units)
Optimal objective  8.003627055e+05
Set parameter TimeLimit to value 2.1741957070827484e+03
Gurobi Optimizer version 12.0.3 build v12.0.3rc0 (linux64 - "Ubuntu 24.04.4 LTS")

CPU model: Intel(R) Xeon(R) Gold 6258R CPU @ 2.70GHz, instruction set [SSE2|AVX|AVX2|AVX512]
Thread count: 56 physical cores, 56 logical processors, using up to 1 threads

Non-default parameters:
TimeLimit  2.1741957070827484e+03
Method  1
Seed  20260919
Threads  1

Optimize a model with 189 rows, 41860 columns and 1147480 nonzeros
Coefficient statistics:
  Matrix range     [1e+00, 1e+00]
  Objective range  [1e+05, 5e+05]
  Bounds range     [1e+00, 1e+00]
  RHS range        [1e+00, 8e+00]
LP warm-start: use basis

Iteration    Objective       Primal Inf.    Dual Inf.      Time
       0   -2.4983509e+31   1.940081e+33   2.498351e+01      0s
     692    8.0036264e+05   0.000000e+00   0.000000e+00      1s

Solved in 692 iterations and 1.01 seconds (2.27 work units)
Optimal objective  8.003626390e+05
Set parameter TimeLimit to value 2.1721707727909088e+03
Gurobi Optimizer version 12.0.3 build v12.0.3rc0 (linux64 - "Ubuntu 24.04.4 LTS")

CPU model: Intel(R) Xeon(R) Gold 6258R CPU @ 2.70GHz, instruction set [SSE2|AVX|AVX2|AVX512]
Thread count: 56 physical cores, 56 logical processors, using up to 1 threads

Non-default parameters:
TimeLimit  2.1721707727909088e+03
Method  1
Seed  20260919
Threads  1

Optimize a model with 189 rows, 41890 columns and 1148140 nonzeros
Coefficient statistics:
  Matrix range     [1e+00, 1e+00]
  Objective range  [1e+05, 5e+05]
  Bounds range     [1e+00, 1e+00]
  RHS range        [1e+00, 8e+00]
LP warm-start: use basis

Iteration    Objective       Primal Inf.    Dual Inf.      Time
       0   -1.8361953e+31   3.406464e+33   1.836195e+01      0s
      13    8.0036264e+05   0.000000e+00   0.000000e+00      0s

Solved in 13 iterations and 0.06 seconds (0.02 work units)
Optimal objective  8.003626390e+05
Set parameter TimeLimit to value 2.1711051738262177e+03
Gurobi Optimizer version 12.0.3 build v12.0.3rc0 (linux64 - "Ubuntu 24.04.4 LTS")

CPU model: Intel(R) Xeon(R) Gold 6258R CPU @ 2.70GHz, instruction set [SSE2|AVX|AVX2|AVX512]
Thread count: 56 physical cores, 56 logical processors, using up to 1 threads

Non-default parameters:
TimeLimit  2.1711051738262177e+03
Method  1
Seed  20260919
Threads  1

Optimize a model with 189 rows, 41920 columns and 1148926 nonzeros
Coefficient statistics:
  Matrix range     [1e+00, 1e+00]
  Objective range  [1e+05, 5e+05]
  Bounds range     [1e+00, 1e+00]
  RHS range        [1e+00, 8e+00]
LP warm-start: use basis

Iteration    Objective       Primal Inf.    Dual Inf.      Time
       0   -1.2625354e+31   1.594782e+33   1.262535e+01      0s
     237    8.0036264e+05   0.000000e+00   0.000000e+00      0s

Solved in 237 iterations and 0.37 seconds (0.75 work units)
Optimal objective  8.003626388e+05
Set parameter TimeLimit to value 2.1697058901786804e+03
Gurobi Optimizer version 12.0.3 build v12.0.3rc0 (linux64 - "Ubuntu 24.04.4 LTS")

CPU model: Intel(R) Xeon(R) Gold 6258R CPU @ 2.70GHz, instruction set [SSE2|AVX|AVX2|AVX512]
Thread count: 56 physical cores, 56 logical processors, using up to 1 threads

Non-default parameters:
TimeLimit  2.1697058901786804e+03
Method  1
Seed  20260919
Threads  1

Optimize a model with 189 rows, 41950 columns and 1149780 nonzeros
Coefficient statistics:
  Matrix range     [1e+00, 1e+00]
  Objective range  [1e+05, 5e+05]
  Bounds range     [1e+00, 1e+00]
  RHS range        [1e+00, 8e+00]
LP warm-start: use basis

Iteration    Objective       Primal Inf.    Dual Inf.      Time
       0   -1.3685974e+31   2.129817e+33   1.368597e+01      0s
     205    8.0036264e+05   0.000000e+00   0.000000e+00      0s

Solved in 205 iterations and 0.33 seconds (0.67 work units)
Optimal objective  8.003626382e+05
Set parameter TimeLimit to value 2.1683602895736694e+03
Gurobi Optimizer version 12.0.3 build v12.0.3rc0 (linux64 - "Ubuntu 24.04.4 LTS")

CPU model: Intel(R) Xeon(R) Gold 6258R CPU @ 2.70GHz, instruction set [SSE2|AVX|AVX2|AVX512]
Thread count: 56 physical cores, 56 logical processors, using up to 1 threads

Non-default parameters:
TimeLimit  2.1683602895736694e+03
Method  1
Seed  20260919
Threads  1

Optimize a model with 189 rows, 41978 columns and 1150576 nonzeros
Coefficient statistics:
  Matrix range     [1e+00, 1e+00]
  Objective range  [1e+05, 5e+05]
  Bounds range     [1e+00, 1e+00]
  RHS range        [1e+00, 8e+00]
LP warm-start: use basis

Iteration    Objective       Primal Inf.    Dual Inf.      Time
       0   -8.0856964e+30   9.962056e+32   8.085696e+00      0s
     412    8.0036260e+05   0.000000e+00   0.000000e+00      1s

Solved in 412 iterations and 0.62 seconds (1.34 work units)
Optimal objective  8.003626038e+05
Set parameter TimeLimit to value 2.1667424373626709e+03
Gurobi Optimizer version 12.0.3 build v12.0.3rc0 (linux64 - "Ubuntu 24.04.4 LTS")

CPU model: Intel(R) Xeon(R) Gold 6258R CPU @ 2.70GHz, instruction set [SSE2|AVX|AVX2|AVX512]
Thread count: 56 physical cores, 56 logical processors, using up to 1 threads

Non-default parameters:
TimeLimit  2.1667424373626709e+03
Method  1
Seed  20260919
Threads  1

Optimize a model with 189 rows, 42002 columns and 1151210 nonzeros
Coefficient statistics:
  Matrix range     [1e+00, 1e+00]
  Objective range  [1e+05, 5e+05]
  Bounds range     [1e+00, 1e+00]
  RHS range        [1e+00, 8e+00]
LP warm-start: use basis

Iteration    Objective       Primal Inf.    Dual Inf.      Time
       0   -6.7531008e+30   1.149767e+33   6.753101e+00      0s
      75    8.0036260e+05   0.000000e+00   0.000000e+00      0s

Solved in 75 iterations and 0.15 seconds (0.21 work units)
Optimal objective  8.003626038e+05
Set parameter TimeLimit to value 2.1654184293746948e+03
Gurobi Optimizer version 12.0.3 build v12.0.3rc0 (linux64 - "Ubuntu 24.04.4 LTS")

CPU model: Intel(R) Xeon(R) Gold 6258R CPU @ 2.70GHz, instruction set [SSE2|AVX|AVX2|AVX512]
Thread count: 56 physical cores, 56 logical processors, using up to 1 threads

Non-default parameters:
TimeLimit  2.1654184293746948e+03
Method  1
Seed  20260919
Threads  1

Optimize a model with 189 rows, 42024 columns and 1151789 nonzeros
Coefficient statistics:
  Matrix range     [1e+00, 1e+00]
  Objective range  [1e+05, 5e+05]
  Bounds range     [1e+00, 1e+00]
  RHS range        [1e+00, 8e+00]
LP warm-start: use basis

Iteration    Objective       Primal Inf.    Dual Inf.      Time
       0   -3.8060366e+30   1.068662e+33   3.806037e+00      0s
     469    8.0036259e+05   0.000000e+00   0.000000e+00      1s

Solved in 469 iterations and 0.69 seconds (1.50 work units)
Optimal objective  8.003625935e+05
Set parameter TimeLimit to value 2.1637319169044495e+03
Gurobi Optimizer version 12.0.3 build v12.0.3rc0 (linux64 - "Ubuntu 24.04.4 LTS")

CPU model: Intel(R) Xeon(R) Gold 6258R CPU @ 2.70GHz, instruction set [SSE2|AVX|AVX2|AVX512]
Thread count: 56 physical cores, 56 logical processors, using up to 1 threads

Non-default parameters:
TimeLimit  2.1637319169044495e+03
Method  1
Seed  20260919
Threads  1

Optimize a model with 189 rows, 42046 columns and 1152350 nonzeros
Coefficient statistics:
  Matrix range     [1e+00, 1e+00]
  Objective range  [1e+05, 5e+05]
  Bounds range     [1e+00, 1e+00]
  RHS range        [1e+00, 8e+00]
LP warm-start: use basis

Iteration    Objective       Primal Inf.    Dual Inf.      Time
       0   -5.1198558e+30   4.165779e+32   5.119856e+00      0s
      18    8.0036259e+05   0.000000e+00   0.000000e+00      0s

Solved in 18 iterations and 0.06 seconds (0.03 work units)
Optimal objective  8.003625935e+05
Set parameter TimeLimit to value 2.1626810965538025e+03
Gurobi Optimizer version 12.0.3 build v12.0.3rc0 (linux64 - "Ubuntu 24.04.4 LTS")

CPU model: Intel(R) Xeon(R) Gold 6258R CPU @ 2.70GHz, instruction set [SSE2|AVX|AVX2|AVX512]
Thread count: 56 physical cores, 56 logical processors, using up to 1 threads

Non-default parameters:
TimeLimit  2.1626810965538025e+03
Method  1
Seed  20260919
Threads  1

Optimize a model with 189 rows, 42060 columns and 1152735 nonzeros
Coefficient statistics:
  Matrix range     [1e+00, 1e+00]
  Objective range  [1e+05, 5e+05]
  Bounds range     [1e+00, 1e+00]
  RHS range        [1e+00, 8e+00]
LP warm-start: use basis

Iteration    Objective       Primal Inf.    Dual Inf.      Time
       0   -2.5621776e+30   4.550645e+32   2.562178e+00      0s
     349    8.0036258e+05   0.000000e+00   0.000000e+00      1s

Solved in 349 iterations and 0.54 seconds (1.14 work units)
Optimal objective  8.003625813e+05
Set parameter TimeLimit to value 2.1611414604187012e+03
Gurobi Optimizer version 12.0.3 build v12.0.3rc0 (linux64 - "Ubuntu 24.04.4 LTS")

CPU model: Intel(R) Xeon(R) Gold 6258R CPU @ 2.70GHz, instruction set [SSE2|AVX|AVX2|AVX512]
Thread count: 56 physical cores, 56 logical processors, using up to 1 threads

Non-default parameters:
TimeLimit  2.1611414604187012e+03
Method  1
Seed  20260919
Threads  1

Optimize a model with 189 rows, 42085 columns and 1153510 nonzeros
Coefficient statistics:
  Matrix range     [1e+00, 1e+00]
  Objective range  [1e+05, 5e+05]
  Bounds range     [1e+00, 1e+00]
  RHS range        [1e+00, 8e+00]
LP warm-start: use basis

Iteration    Objective       Primal Inf.    Dual Inf.      Time
       0   -6.0293594e+30   4.390066e+32   6.029359e+00      0s
      11    8.0036258e+05   0.000000e+00   0.000000e+00      0s

Solved in 11 iterations and 0.06 seconds (0.02 work units)
Optimal objective  8.003625813e+05
Set parameter TimeLimit to value 2.1600814409255981e+03
Gurobi Optimizer version 12.0.3 build v12.0.3rc0 (linux64 - "Ubuntu 24.04.4 LTS")

CPU model: Intel(R) Xeon(R) Gold 6258R CPU @ 2.70GHz, instruction set [SSE2|AVX|AVX2|AVX512]
Thread count: 56 physical cores, 56 logical processors, using up to 1 threads

Non-default parameters:
TimeLimit  2.1600814409255981e+03
Method  1
Seed  20260919
Threads  1

Optimize a model with 189 rows, 42101 columns and 1153925 nonzeros
Coefficient statistics:
  Matrix range     [1e+00, 1e+00]
  Objective range  [1e+05, 5e+05]
  Bounds range     [1e+00, 1e+00]
  RHS range        [1e+00, 8e+00]
LP warm-start: use basis

Iteration    Objective       Primal Inf.    Dual Inf.      Time
       0   -2.5787973e+30   3.438049e+32   2.578797e+00      0s
      10    8.0036258e+05   0.000000e+00   0.000000e+00      0s

Solved in 10 iterations and 0.06 seconds (0.02 work units)
Optimal objective  8.003625813e+05
Set parameter TimeLimit to value 2.1590096309185028e+03
Gurobi Optimizer version 12.0.3 build v12.0.3rc0 (linux64 - "Ubuntu 24.04.4 LTS")

CPU model: Intel(R) Xeon(R) Gold 6258R CPU @ 2.70GHz, instruction set [SSE2|AVX|AVX2|AVX512]
Thread count: 56 physical cores, 56 logical processors, using up to 1 threads

Non-default parameters:
TimeLimit  2.1590096309185028e+03
Method  1
Seed  20260919
Threads  1

Optimize a model with 189 rows, 42122 columns and 1154595 nonzeros
Coefficient statistics:
  Matrix range     [1e+00, 1e+00]
  Objective range  [1e+05, 5e+05]
  Bounds range     [1e+00, 1e+00]
  RHS range        [1e+00, 8e+00]
LP warm-start: use basis

Iteration    Objective       Primal Inf.    Dual Inf.      Time
       0   -6.5668322e+30   6.607363e+32   6.566832e+00      0s
      91    8.0036258e+05   0.000000e+00   0.000000e+00      0s

Solved in 91 iterations and 0.19 seconds (0.31 work units)
Optimal objective  8.003625812e+05
Set parameter TimeLimit to value 2.1578167691230774e+03
Gurobi Optimizer version 12.0.3 build v12.0.3rc0 (linux64 - "Ubuntu 24.04.4 LTS")

CPU model: Intel(R) Xeon(R) Gold 6258R CPU @ 2.70GHz, instruction set [SSE2|AVX|AVX2|AVX512]
Thread count: 56 physical cores, 56 logical processors, using up to 1 threads

Non-default parameters:
TimeLimit  2.1578167691230774e+03
Method  1
Seed  20260919
Threads  1

Optimize a model with 189 rows, 42133 columns and 1154898 nonzeros
Coefficient statistics:
  Matrix range     [1e+00, 1e+00]
  Objective range  [1e+05, 5e+05]
  Bounds range     [1e+00, 1e+00]
  RHS range        [1e+00, 8e+00]
LP warm-start: use basis

Iteration    Objective       Primal Inf.    Dual Inf.      Time
       0   -1.8239223e+30   2.219550e+32   1.823922e+00      0s
     279    8.0036258e+05   0.000000e+00   0.000000e+00      0s

Solved in 279 iterations and 0.45 seconds (0.94 work units)
Optimal objective  8.003625766e+05
Set parameter TimeLimit to value 2.1563616876602173e+03
Gurobi Optimizer version 12.0.3 build v12.0.3rc0 (linux64 - "Ubuntu 24.04.4 LTS")

CPU model: Intel(R) Xeon(R) Gold 6258R CPU @ 2.70GHz, instruction set [SSE2|AVX|AVX2|AVX512]
Thread count: 56 physical cores, 56 logical processors, using up to 1 threads

Non-default parameters:
TimeLimit  2.1563616876602173e+03
Method  1
Seed  20260919
Threads  1

Optimize a model with 189 rows, 42148 columns and 1155220 nonzeros
Coefficient statistics:
  Matrix range     [1e+00, 1e+00]
  Objective range  [1e+05, 5e+05]
  Bounds range     [1e+00, 1e+00]
  RHS range        [1e+00, 8e+00]
LP warm-start: use basis

Iteration    Objective       Primal Inf.    Dual Inf.      Time
       0   -3.9583095e+30   8.425403e+32   3.958310e+00      0s
       4    8.0036258e+05   0.000000e+00   0.000000e+00      0s

Solved in 4 iterations and 0.05 seconds (0.02 work units)
Optimal objective  8.003625766e+05
Set parameter TimeLimit to value 2.1553245255947113e+03
Gurobi Optimizer version 12.0.3 build v12.0.3rc0 (linux64 - "Ubuntu 24.04.4 LTS")

CPU model: Intel(R) Xeon(R) Gold 6258R CPU @ 2.70GHz, instruction set [SSE2|AVX|AVX2|AVX512]
Thread count: 56 physical cores, 56 logical processors, using up to 1 threads

Non-default parameters:
TimeLimit  2.1553245255947113e+03
Method  1
Seed  20260919
Threads  1

Optimize a model with 189 rows, 42160 columns and 1155525 nonzeros
Coefficient statistics:
  Matrix range     [1e+00, 1e+00]
  Objective range  [1e+05, 5e+05]
  Bounds range     [1e+00, 1e+00]
  RHS range        [1e+00, 8e+00]
LP warm-start: use basis

Iteration    Objective       Primal Inf.    Dual Inf.      Time
       0   -1.8841487e+30   2.980269e+32   1.884149e+00      0s
      71    8.0036258e+05   0.000000e+00   0.000000e+00      0s

Solved in 71 iterations and 0.15 seconds (0.24 work units)
Optimal objective  8.003625757e+05
Set parameter TimeLimit to value 2.1541798884868622e+03
Gurobi Optimizer version 12.0.3 build v12.0.3rc0 (linux64 - "Ubuntu 24.04.4 LTS")

CPU model: Intel(R) Xeon(R) Gold 6258R CPU @ 2.70GHz, instruction set [SSE2|AVX|AVX2|AVX512]
Thread count: 56 physical cores, 56 logical processors, using up to 1 threads

Non-default parameters:
TimeLimit  2.1541798884868622e+03
Method  1
Seed  20260919
Threads  1

Optimize a model with 189 rows, 42170 columns and 1155818 nonzeros
Coefficient statistics:
  Matrix range     [1e+00, 1e+00]
  Objective range  [1e+05, 5e+05]
  Bounds range     [1e+00, 1e+00]
  RHS range        [1e+00, 8e+00]
LP warm-start: use basis

Iteration    Objective       Primal Inf.    Dual Inf.      Time
       0   -1.1696412e+30   2.442282e+32   1.169641e+00      0s
     269    8.0036257e+05   0.000000e+00   0.000000e+00      0s

Solved in 269 iterations and 0.42 seconds (0.89 work units)
Optimal objective  8.003625734e+05
Set parameter TimeLimit to value 2.1527605631351471e+03
Gurobi Optimizer version 12.0.3 build v12.0.3rc0 (linux64 - "Ubuntu 24.04.4 LTS")

CPU model: Intel(R) Xeon(R) Gold 6258R CPU @ 2.70GHz, instruction set [SSE2|AVX|AVX2|AVX512]
Thread count: 56 physical cores, 56 logical processors, using up to 1 threads

Non-default parameters:
TimeLimit  2.1527605631351471e+03
Method  1
Seed  20260919
Threads  1

Optimize a model with 189 rows, 42196 columns and 1156528 nonzeros
Coefficient statistics:
  Matrix range     [1e+00, 1e+00]
  Objective range  [1e+05, 5e+05]
  Bounds range     [1e+00, 1e+00]
  RHS range        [1e+00, 8e+00]
LP warm-start: use basis

Iteration    Objective       Primal Inf.    Dual Inf.      Time
       0   -5.6463491e+30   9.312763e+32   5.646349e+00      0s
       4    8.0036257e+05   0.000000e+00   0.000000e+00      0s

Solved in 4 iterations and 0.05 seconds (0.02 work units)
Optimal objective  8.003625734e+05
Set parameter TimeLimit to value 2.1517052190303802e+03
Gurobi Optimizer version 12.0.3 build v12.0.3rc0 (linux64 - "Ubuntu 24.04.4 LTS")

CPU model: Intel(R) Xeon(R) Gold 6258R CPU @ 2.70GHz, instruction set [SSE2|AVX|AVX2|AVX512]
Thread count: 56 physical cores, 56 logical processors, using up to 1 threads

Non-default parameters:
TimeLimit  2.1517052190303802e+03
Method  1
Seed  20260919
Threads  1

Optimize a model with 189 rows, 42205 columns and 1156722 nonzeros
Coefficient statistics:
  Matrix range     [1e+00, 1e+00]
  Objective range  [1e+05, 5e+05]
  Bounds range     [1e+00, 1e+00]
  RHS range        [1e+00, 8e+00]
LP warm-start: use basis

Iteration    Objective       Primal Inf.    Dual Inf.      Time
       0   -1.5569190e+30   1.911111e+32   1.556919e+00      0s
       7    8.0036257e+05   0.000000e+00   0.000000e+00      0s

Solved in 7 iterations and 0.05 seconds (0.02 work units)
Optimal objective  8.003625734e+05
Set parameter TimeLimit to value 2.1506684052944183e+03
Gurobi Optimizer version 12.0.3 build v12.0.3rc0 (linux64 - "Ubuntu 24.04.4 LTS")

CPU model: Intel(R) Xeon(R) Gold 6258R CPU @ 2.70GHz, instruction set [SSE2|AVX|AVX2|AVX512]
Thread count: 56 physical cores, 56 logical processors, using up to 1 threads

Non-default parameters:
TimeLimit  2.1506684052944183e+03
Method  1
Seed  20260919
Threads  1

Optimize a model with 189 rows, 42214 columns and 1156976 nonzeros
Coefficient statistics:
  Matrix range     [1e+00, 1e+00]
  Objective range  [1e+05, 5e+05]
  Bounds range     [1e+00, 1e+00]
  RHS range        [1e+00, 8e+00]
LP warm-start: use basis

Iteration    Objective       Primal Inf.    Dual Inf.      Time
       0   -8.7371600e+29   2.939968e+32   8.737160e-01      0s
     317    8.0036256e+05   0.000000e+00   0.000000e+00      0s

Solved in 317 iterations and 0.49 seconds (1.05 work units)
Optimal objective  8.003625615e+05
Set parameter TimeLimit to value 2.1491764430999756e+03
Gurobi Optimizer version 12.0.3 build v12.0.3rc0 (linux64 - "Ubuntu 24.04.4 LTS")

CPU model: Intel(R) Xeon(R) Gold 6258R CPU @ 2.70GHz, instruction set [SSE2|AVX|AVX2|AVX512]
Thread count: 56 physical cores, 56 logical processors, using up to 1 threads

Non-default parameters:
TimeLimit  2.1491764430999756e+03
Method  1
Seed  20260919
Threads  1

Optimize a model with 189 rows, 42229 columns and 1157369 nonzeros
Coefficient statistics:
  Matrix range     [1e+00, 1e+00]
  Objective range  [1e+05, 5e+05]
  Bounds range     [1e+00, 1e+00]
  RHS range        [1e+00, 8e+00]
LP warm-start: use basis

Iteration    Objective       Primal Inf.    Dual Inf.      Time
       0   -1.2864896e+30   3.137532e+32   1.286490e+00      0s
     361    8.0036256e+05   0.000000e+00   0.000000e+00      1s

Solved in 361 iterations and 0.55 seconds (1.16 work units)
Optimal objective  8.003625595e+05
Set parameter TimeLimit to value 2.1476332614421844e+03
Gurobi Optimizer version 12.0.3 build v12.0.3rc0 (linux64 - "Ubuntu 24.04.4 LTS")

CPU model: Intel(R) Xeon(R) Gold 6258R CPU @ 2.70GHz, instruction set [SSE2|AVX|AVX2|AVX512]
Thread count: 56 physical cores, 56 logical processors, using up to 1 threads

Non-default parameters:
TimeLimit  2.1476332614421844e+03
Method  1
Seed  20260919
Threads  1

Optimize a model with 189 rows, 42246 columns and 1157867 nonzeros
Coefficient statistics:
  Matrix range     [1e+00, 1e+00]
  Objective range  [1e+05, 5e+05]
  Bounds range     [1e+00, 1e+00]
  RHS range        [1e+00, 8e+00]
LP warm-start: use basis

Iteration    Objective       Primal Inf.    Dual Inf.      Time
       0   -1.1495510e+30   1.708811e+32   1.149551e+00      0s
     138    8.0036256e+05   0.000000e+00   0.000000e+00      0s

Solved in 138 iterations and 0.24 seconds (0.45 work units)
Optimal objective  8.003625580e+05
Set parameter TimeLimit to value 2.1463830795288086e+03
Gurobi Optimizer version 12.0.3 build v12.0.3rc0 (linux64 - "Ubuntu 24.04.4 LTS")

CPU model: Intel(R) Xeon(R) Gold 6258R CPU @ 2.70GHz, instruction set [SSE2|AVX|AVX2|AVX512]
Thread count: 56 physical cores, 56 logical processors, using up to 1 threads

Non-default parameters:
TimeLimit  2.1463830795288086e+03
Method  1
Seed  20260919
Threads  1

Optimize a model with 189 rows, 42259 columns and 1158239 nonzeros
Coefficient statistics:
  Matrix range     [1e+00, 1e+00]
  Objective range  [1e+05, 5e+05]
  Bounds range     [1e+00, 1e+00]
  RHS range        [1e+00, 8e+00]
LP warm-start: use basis

Iteration    Objective       Primal Inf.    Dual Inf.      Time
       0   -1.4058052e+30   2.427520e+32   1.405805e+00      0s
       5    8.0036256e+05   0.000000e+00   0.000000e+00      0s

Solved in 5 iterations and 0.05 seconds (0.02 work units)
Optimal objective  8.003625580e+05
Set parameter TimeLimit to value 2.1453381628990173e+03
Gurobi Optimizer version 12.0.3 build v12.0.3rc0 (linux64 - "Ubuntu 24.04.4 LTS")

CPU model: Intel(R) Xeon(R) Gold 6258R CPU @ 2.70GHz, instruction set [SSE2|AVX|AVX2|AVX512]
Thread count: 56 physical cores, 56 logical processors, using up to 1 threads

Non-default parameters:
TimeLimit  2.1453381628990173e+03
Method  1
Seed  20260919
Threads  1

Optimize a model with 189 rows, 42266 columns and 1158476 nonzeros
Coefficient statistics:
  Matrix range     [1e+00, 1e+00]
  Objective range  [1e+05, 5e+05]
  Bounds range     [1e+00, 1e+00]
  RHS range        [1e+00, 8e+00]
LP warm-start: use basis

Iteration    Objective       Primal Inf.    Dual Inf.      Time
       0   -7.3259195e+29   1.892514e+32   7.325919e-01      0s
       2    8.0036256e+05   0.000000e+00   0.000000e+00      0s

Solved in 2 iterations and 0.05 seconds (0.02 work units)
Optimal objective  8.003625580e+05
Set parameter TimeLimit to value 2.1442919726371765e+03
Gurobi Optimizer version 12.0.3 build v12.0.3rc0 (linux64 - "Ubuntu 24.04.4 LTS")

CPU model: Intel(R) Xeon(R) Gold 6258R CPU @ 2.70GHz, instruction set [SSE2|AVX|AVX2|AVX512]
Thread count: 56 physical cores, 56 logical processors, using up to 1 threads

Non-default parameters:
TimeLimit  2.1442919726371765e+03
Method  1
Seed  20260919
Threads  1

Optimize a model with 189 rows, 42273 columns and 1158723 nonzeros
Coefficient statistics:
  Matrix range     [1e+00, 1e+00]
  Objective range  [1e+05, 5e+05]
  Bounds range     [1e+00, 1e+00]
  RHS range        [1e+00, 8e+00]
LP warm-start: use basis

Iteration    Objective       Primal Inf.    Dual Inf.      Time
       0   -7.3259194e+29   2.011022e+32   7.325919e-01      0s
       1    8.0036256e+05   0.000000e+00   0.000000e+00      0s

Solved in 1 iterations and 0.05 seconds (0.02 work units)
Optimal objective  8.003625580e+05
Set parameter TimeLimit to value 2.1432449576854706e+03
Gurobi Optimizer version 12.0.3 build v12.0.3rc0 (linux64 - "Ubuntu 24.04.4 LTS")

CPU model: Intel(R) Xeon(R) Gold 6258R CPU @ 2.70GHz, instruction set [SSE2|AVX|AVX2|AVX512]
Thread count: 56 physical cores, 56 logical processors, using up to 1 threads

Non-default parameters:
TimeLimit  2.1432449576854706e+03
Method  1
Seed  20260919
Threads  1

Optimize a model with 189 rows, 42280 columns and 1158972 nonzeros
Coefficient statistics:
  Matrix range     [1e+00, 1e+00]
  Objective range  [1e+05, 5e+05]
  Bounds range     [1e+00, 1e+00]
  RHS range        [1e+00, 8e+00]
LP warm-start: use basis

Iteration    Objective       Primal Inf.    Dual Inf.      Time
       0   -7.3259198e+29   2.088187e+32   7.325920e-01      0s
     212    8.0036256e+05   0.000000e+00   0.000000e+00      0s

Solved in 212 iterations and 0.37 seconds (0.75 work units)
Optimal objective  8.003625567e+05
Set parameter TimeLimit to value 2.1418824594020844e+03
Gurobi Optimizer version 12.0.3 build v12.0.3rc0 (linux64 - "Ubuntu 24.04.4 LTS")

CPU model: Intel(R) Xeon(R) Gold 6258R CPU @ 2.70GHz, instruction set [SSE2|AVX|AVX2|AVX512]
Thread count: 56 physical cores, 56 logical processors, using up to 1 threads

Non-default parameters:
TimeLimit  2.1418824594020844e+03
Method  1
Seed  20260919
Threads  1

Optimize a model with 189 rows, 42291 columns and 1159284 nonzeros
Coefficient statistics:
  Matrix range     [1e+00, 1e+00]
  Objective range  [1e+05, 5e+05]
  Bounds range     [1e+00, 1e+00]
  RHS range        [1e+00, 8e+00]
LP warm-start: use basis

Iteration    Objective       Primal Inf.    Dual Inf.      Time
       0   -6.8973607e+29   4.873318e+32   6.897361e-01      0s
       5    8.0036256e+05   0.000000e+00   0.000000e+00      0s

Solved in 5 iterations and 0.05 seconds (0.02 work units)
Optimal objective  8.003625567e+05
Set parameter TimeLimit to value 2.1408253617286682e+03
Gurobi Optimizer version 12.0.3 build v12.0.3rc0 (linux64 - "Ubuntu 24.04.4 LTS")

CPU model: Intel(R) Xeon(R) Gold 6258R CPU @ 2.70GHz, instruction set [SSE2|AVX|AVX2|AVX512]
Thread count: 56 physical cores, 56 logical processors, using up to 1 threads

Non-default parameters:
TimeLimit  2.1408253617286682e+03
Method  1
Seed  20260919
Threads  1

Optimize a model with 189 rows, 42302 columns and 1159616 nonzeros
Coefficient statistics:
  Matrix range     [1e+00, 1e+00]
  Objective range  [1e+05, 5e+05]
  Bounds range     [1e+00, 1e+00]
  RHS range        [1e+00, 8e+00]
LP warm-start: use basis

Iteration    Objective       Primal Inf.    Dual Inf.      Time
       0   -5.6579327e+29   3.916141e+32   5.657933e-01      0s
     191    8.0036256e+05   0.000000e+00   0.000000e+00      0s

Solved in 191 iterations and 0.31 seconds (0.60 work units)
Optimal objective  8.003625559e+05
Set parameter TimeLimit to value 2.1395148260593414e+03
Gurobi Optimizer version 12.0.3 build v12.0.3rc0 (linux64 - "Ubuntu 24.04.4 LTS")

CPU model: Intel(R) Xeon(R) Gold 6258R CPU @ 2.70GHz, instruction set [SSE2|AVX|AVX2|AVX512]
Thread count: 56 physical cores, 56 logical processors, using up to 1 threads

Non-default parameters:
TimeLimit  2.1395148260593414e+03
Method  1
Seed  20260919
Threads  1

Optimize a model with 189 rows, 42321 columns and 1160099 nonzeros
Coefficient statistics:
  Matrix range     [1e+00, 1e+00]
  Objective range  [1e+05, 5e+05]
  Bounds range     [1e+00, 1e+00]
  RHS range        [1e+00, 8e+00]
LP warm-start: use basis

Iteration    Objective       Primal Inf.    Dual Inf.      Time
       0   -1.7431465e+30   5.156082e+32   1.743147e+00      0s
      59    8.0036256e+05   0.000000e+00   0.000000e+00      0s

Solved in 59 iterations and 0.13 seconds (0.18 work units)
Optimal objective  8.003625559e+05
Set parameter TimeLimit to value 2.1384039337635040e+03
Gurobi Optimizer version 12.0.3 build v12.0.3rc0 (linux64 - "Ubuntu 24.04.4 LTS")

CPU model: Intel(R) Xeon(R) Gold 6258R CPU @ 2.70GHz, instruction set [SSE2|AVX|AVX2|AVX512]
Thread count: 56 physical cores, 56 logical processors, using up to 1 threads

Non-default parameters:
TimeLimit  2.1384039337635040e+03
Method  1
Seed  20260919
Threads  1

Optimize a model with 189 rows, 42332 columns and 1160404 nonzeros
Coefficient statistics:
  Matrix range     [1e+00, 1e+00]
  Objective range  [1e+05, 5e+05]
  Bounds range     [1e+00, 1e+00]
  RHS range        [1e+00, 8e+00]
LP warm-start: use basis

Iteration    Objective       Primal Inf.    Dual Inf.      Time
       0   -6.1358823e+29   1.795106e+32   6.135882e-01      0s
     117    8.0036255e+05   0.000000e+00   0.000000e+00      0s

Solved in 117 iterations and 0.21 seconds (0.40 work units)
Optimal objective  8.003625549e+05
Set parameter TimeLimit to value 2.1372063870429993e+03
Gurobi Optimizer version 12.0.3 build v12.0.3rc0 (linux64 - "Ubuntu 24.04.4 LTS")

CPU model: Intel(R) Xeon(R) Gold 6258R CPU @ 2.70GHz, instruction set [SSE2|AVX|AVX2|AVX512]
Thread count: 56 physical cores, 56 logical processors, using up to 1 threads

Non-default parameters:
TimeLimit  2.1372063870429993e+03
Method  1
Seed  20260919
Threads  1

Optimize a model with 189 rows, 42341 columns and 1160670 nonzeros
Coefficient statistics:
  Matrix range     [1e+00, 1e+00]
  Objective range  [1e+05, 5e+05]
  Bounds range     [1e+00, 1e+00]
  RHS range        [1e+00, 8e+00]
LP warm-start: use basis

Iteration    Objective       Primal Inf.    Dual Inf.      Time
       0   -2.2414792e+29   2.692613e+32   2.241479e-01      0s
      44    8.0036255e+05   0.000000e+00   0.000000e+00      0s

Solved in 44 iterations and 0.11 seconds (0.15 work units)
Optimal objective  8.003625549e+05
Set parameter TimeLimit to value 2.1360966625213623e+03
Gurobi Optimizer version 12.0.3 build v12.0.3rc0 (linux64 - "Ubuntu 24.04.4 LTS")

CPU model: Intel(R) Xeon(R) Gold 6258R CPU @ 2.70GHz, instruction set [SSE2|AVX|AVX2|AVX512]
Thread count: 56 physical cores, 56 logical processors, using up to 1 threads

Non-default parameters:
TimeLimit  2.1360966625213623e+03
Method  1
Seed  20260919
Threads  1

Optimize a model with 189 rows, 42349 columns and 1160880 nonzeros
Coefficient statistics:
  Matrix range     [1e+00, 1e+00]
  Objective range  [1e+05, 5e+05]
  Bounds range     [1e+00, 1e+00]
  RHS range        [1e+00, 8e+00]
LP warm-start: use basis

Iteration    Objective       Primal Inf.    Dual Inf.      Time
       0   -7.0404450e+29   1.114764e+32   7.040445e-01      0s
       3    8.0036255e+05   0.000000e+00   0.000000e+00      0s

Solved in 3 iterations and 0.05 seconds (0.02 work units)
Optimal objective  8.003625549e+05
Set parameter TimeLimit to value 2.1350693776607513e+03
Gurobi Optimizer version 12.0.3 build v12.0.3rc0 (linux64 - "Ubuntu 24.04.4 LTS")

CPU model: Intel(R) Xeon(R) Gold 6258R CPU @ 2.70GHz, instruction set [SSE2|AVX|AVX2|AVX512]
Thread count: 56 physical cores, 56 logical processors, using up to 1 threads

Non-default parameters:
TimeLimit  2.1350693776607513e+03
Method  1
Seed  20260919
Threads  1

Optimize a model with 189 rows, 42354 columns and 1161034 nonzeros
Coefficient statistics:
  Matrix range     [1e+00, 1e+00]
  Objective range  [1e+05, 5e+05]
  Bounds range     [1e+00, 1e+00]
  RHS range        [1e+00, 8e+00]
LP warm-start: use basis

Iteration    Objective       Primal Inf.    Dual Inf.      Time
       0   -1.5635935e+29   1.772145e+32   1.563594e-01      0s
      77    8.0036255e+05   0.000000e+00   0.000000e+00      0s

Solved in 77 iterations and 0.17 seconds (0.29 work units)
Optimal objective  8.003625549e+05
Set parameter TimeLimit to value 2.1339116702079773e+03
Gurobi Optimizer version 12.0.3 build v12.0.3rc0 (linux64 - "Ubuntu 24.04.4 LTS")

CPU model: Intel(R) Xeon(R) Gold 6258R CPU @ 2.70GHz, instruction set [SSE2|AVX|AVX2|AVX512]
Thread count: 56 physical cores, 56 logical processors, using up to 1 threads

Non-default parameters:
TimeLimit  2.1339116702079773e+03
Method  1
Seed  20260919
Threads  1

Optimize a model with 189 rows, 42357 columns and 1161138 nonzeros
Coefficient statistics:
  Matrix range     [1e+00, 1e+00]
  Objective range  [1e+05, 5e+05]
  Bounds range     [1e+00, 1e+00]
  RHS range        [1e+00, 8e+00]
LP warm-start: use basis

Iteration    Objective       Primal Inf.    Dual Inf.      Time
       0   -1.4619569e+29   2.280330e+32   1.461957e-01      0s
       9    8.0036255e+05   0.000000e+00   0.000000e+00      0s

Solved in 9 iterations and 0.06 seconds (0.03 work units)
Optimal objective  8.003625549e+05
Set parameter TimeLimit to value 2.1328726422786713e+03
Gurobi Optimizer version 12.0.3 build v12.0.3rc0 (linux64 - "Ubuntu 24.04.4 LTS")

CPU model: Intel(R) Xeon(R) Gold 6258R CPU @ 2.70GHz, instruction set [SSE2|AVX|AVX2|AVX512]
Thread count: 56 physical cores, 56 logical processors, using up to 1 threads

Non-default parameters:
TimeLimit  2.1328726422786713e+03
Method  1
Seed  20260919
Threads  1

Optimize a model with 189 rows, 42360 columns and 1161240 nonzeros
Coefficient statistics:
  Matrix range     [1e+00, 1e+00]
  Objective range  [1e+05, 5e+05]
  Bounds range     [1e+00, 1e+00]
  RHS range        [1e+00, 8e+00]
LP warm-start: use basis

Iteration    Objective       Primal Inf.    Dual Inf.      Time
       0   -1.2688833e+29   2.011582e+32   1.268883e-01      0s
       2    8.0036255e+05   0.000000e+00   0.000000e+00      0s

Solved in 2 iterations and 0.05 seconds (0.02 work units)
Optimal objective  8.003625549e+05
Set parameter TimeLimit to value 2.1318315880298615e+03
Gurobi Optimizer version 12.0.3 build v12.0.3rc0 (linux64 - "Ubuntu 24.04.4 LTS")

CPU model: Intel(R) Xeon(R) Gold 6258R CPU @ 2.70GHz, instruction set [SSE2|AVX|AVX2|AVX512]
Thread count: 56 physical cores, 56 logical processors, using up to 1 threads

Non-default parameters:
TimeLimit  2.1318315880298615e+03
Method  1
Seed  20260919
Threads  1

Optimize a model with 189 rows, 42363 columns and 1161328 nonzeros
Coefficient statistics:
  Matrix range     [1e+00, 1e+00]
  Objective range  [1e+05, 5e+05]
  Bounds range     [1e+00, 1e+00]
  RHS range        [1e+00, 8e+00]
LP warm-start: use basis

Iteration    Objective       Primal Inf.    Dual Inf.      Time
       0   -1.2559475e+29   3.436278e+32   1.255948e-01      0s
      31    8.0036255e+05   0.000000e+00   0.000000e+00      0s

Solved in 31 iterations and 0.11 seconds (0.11 work units)
Optimal objective  8.003625549e+05
Set parameter TimeLimit to value 2130.7449426651
Gurobi Optimizer version 12.0.3 build v12.0.3rc0 (linux64 - "Ubuntu 24.04.4 LTS")

CPU model: Intel(R) Xeon(R) Gold 6258R CPU @ 2.70GHz, instruction set [SSE2|AVX|AVX2|AVX512]
Thread count: 56 physical cores, 56 logical processors, using up to 1 threads

Non-default parameters:
TimeLimit  2130.7449426651
Method  1
Seed  20260919
Threads  1

Optimize a model with 189 rows, 42365 columns and 1161390 nonzeros
Coefficient statistics:
  Matrix range     [1e+00, 1e+00]
  Objective range  [1e+05, 5e+05]
  Bounds range     [1e+00, 1e+00]
  RHS range        [1e+00, 8e+00]
LP warm-start: use basis

Iteration    Objective       Primal Inf.    Dual Inf.      Time
       0   -6.6752494e+28   4.159070e+31   6.675250e-02      0s
       3    8.0036255e+05   0.000000e+00   0.000000e+00      0s

Solved in 3 iterations and 0.05 seconds (0.02 work units)
Optimal objective  8.003625549e+05
Set parameter TimeLimit to value 2.1297169752120972e+03
Gurobi Optimizer version 12.0.3 build v12.0.3rc0 (linux64 - "Ubuntu 24.04.4 LTS")

CPU model: Intel(R) Xeon(R) Gold 6258R CPU @ 2.70GHz, instruction set [SSE2|AVX|AVX2|AVX512]
Thread count: 56 physical cores, 56 logical processors, using up to 1 threads

Non-default parameters:
TimeLimit  2.1297169752120972e+03
Method  1
Seed  20260919
Threads  1

Optimize a model with 189 rows, 42367 columns and 1161454 nonzeros
Coefficient statistics:
  Matrix range     [1e+00, 1e+00]
  Objective range  [1e+05, 5e+05]
  Bounds range     [1e+00, 1e+00]
  RHS range        [1e+00, 8e+00]
LP warm-start: use basis

Iteration    Objective       Primal Inf.    Dual Inf.      Time
       0   -6.6752507e+28   3.864758e+31   6.675251e-02      0s
       7    8.0036255e+05   0.000000e+00   0.000000e+00      0s

Solved in 7 iterations and 0.06 seconds (0.03 work units)
Optimal objective  8.003625549e+05
Set parameter TimeLimit to value 2.1286813015937805e+03
Gurobi Optimizer version 12.0.3 build v12.0.3rc0 (linux64 - "Ubuntu 24.04.4 LTS")

CPU model: Intel(R) Xeon(R) Gold 6258R CPU @ 2.70GHz, instruction set [SSE2|AVX|AVX2|AVX512]
Thread count: 56 physical cores, 56 logical processors, using up to 1 threads

Non-default parameters:
TimeLimit  2.1286813015937805e+03
Method  1
Seed  20260919
Threads  1

Optimize a model with 189 rows, 42370 columns and 1161524 nonzeros
Coefficient statistics:
  Matrix range     [1e+00, 1e+00]
  Objective range  [1e+05, 5e+05]
  Bounds range     [1e+00, 1e+00]
  RHS range        [1e+00, 8e+00]
LP warm-start: use basis

Iteration    Objective       Primal Inf.    Dual Inf.      Time
       0   -9.6649531e+28   9.191628e+31   9.664951e-02      0s
       4    8.0036255e+05   0.000000e+00   0.000000e+00      0s

Solved in 4 iterations and 0.06 seconds (0.03 work units)
Optimal objective  8.003625549e+05
Set parameter TimeLimit to value 2.1276491658687592e+03
Gurobi Optimizer version 12.0.3 build v12.0.3rc0 (linux64 - "Ubuntu 24.04.4 LTS")

CPU model: Intel(R) Xeon(R) Gold 6258R CPU @ 2.70GHz, instruction set [SSE2|AVX|AVX2|AVX512]
Thread count: 56 physical cores, 56 logical processors, using up to 1 threads

Non-default parameters:
TimeLimit  2.1276491658687592e+03
Method  1
Seed  20260919
Threads  1

Optimize a model with 189 rows, 42372 columns and 1161574 nonzeros
Coefficient statistics:
  Matrix range     [1e+00, 1e+00]
  Objective range  [1e+05, 5e+05]
  Bounds range     [1e+00, 1e+00]
  RHS range        [1e+00, 8e+00]
LP warm-start: use basis

Iteration    Objective       Primal Inf.    Dual Inf.      Time
       0   -6.6752526e+28   3.998351e+31   6.675253e-02      0s
       2    8.0036255e+05   0.000000e+00   0.000000e+00      0s

Solved in 2 iterations and 0.05 seconds (0.02 work units)
Optimal objective  8.003625549e+05
Set parameter TimeLimit to value 2.1266283168792725e+03
Gurobi Optimizer version 12.0.3 build v12.0.3rc0 (linux64 - "Ubuntu 24.04.4 LTS")

CPU model: Intel(R) Xeon(R) Gold 6258R CPU @ 2.70GHz, instruction set [SSE2|AVX|AVX2|AVX512]
Thread count: 56 physical cores, 56 logical processors, using up to 1 threads

Non-default parameters:
TimeLimit  2.1266283168792725e+03
Method  1
Seed  20260919
Threads  1

Optimize a model with 189 rows, 42374 columns and 1161634 nonzeros
Coefficient statistics:
  Matrix range     [1e+00, 1e+00]
  Objective range  [1e+05, 5e+05]
  Bounds range     [1e+00, 1e+00]
  RHS range        [1e+00, 8e+00]
LP warm-start: use basis

Iteration    Objective       Primal Inf.    Dual Inf.      Time
       0   -6.6752510e+28   3.299591e+31   6.675251e-02      0s
      21    8.0036255e+05   0.000000e+00   0.000000e+00      0s

Solved in 21 iterations and 0.09 seconds (0.09 work units)
Optimal objective  8.003625546e+05
Set parameter TimeLimit to value 2.1255733416080475e+03
Gurobi Optimizer version 12.0.3 build v12.0.3rc0 (linux64 - "Ubuntu 24.04.4 LTS")

CPU model: Intel(R) Xeon(R) Gold 6258R CPU @ 2.70GHz, instruction set [SSE2|AVX|AVX2|AVX512]
Thread count: 56 physical cores, 56 logical processors, using up to 1 threads

Non-default parameters:
TimeLimit  2.1255733416080475e+03
Method  1
Seed  20260919
Threads  1

Optimize a model with 189 rows, 42378 columns and 1161737 nonzeros
Coefficient statistics:
  Matrix range     [1e+00, 1e+00]
  Objective range  [1e+05, 5e+05]
  Bounds range     [1e+00, 1e+00]
  RHS range        [1e+00, 8e+00]
LP warm-start: use basis

Iteration    Objective       Primal Inf.    Dual Inf.      Time
       0   -6.7679095e+28   3.650254e+32   6.767911e-02      0s
      77    8.0036255e+05   0.000000e+00   0.000000e+00      0s

Solved in 77 iterations and 0.17 seconds (0.29 work units)
Optimal objective  8.003625542e+05
Set parameter TimeLimit to value 2.1242585947513580e+03
Gurobi Optimizer version 12.0.3 build v12.0.3rc0 (linux64 - "Ubuntu 24.04.4 LTS")

CPU model: Intel(R) Xeon(R) Gold 6258R CPU @ 2.70GHz, instruction set [SSE2|AVX|AVX2|AVX512]
Thread count: 56 physical cores, 56 logical processors, using up to 1 threads

Non-default parameters:
TimeLimit  2.1242585947513580e+03
Method  1
Seed  20260919
Threads  1

Optimize a model with 189 rows, 42393 columns and 1162165 nonzeros
Coefficient statistics:
  Matrix range     [1e+00, 1e+00]
  Objective range  [1e+05, 5e+05]
  Bounds range     [1e+00, 1e+00]
  RHS range        [1e+00, 8e+00]
LP warm-start: use basis

Iteration    Objective       Primal Inf.    Dual Inf.      Time
       0   -1.5456270e+29   3.201851e+32   1.545627e-01      0s
     152    8.0036255e+05   0.000000e+00   0.000000e+00      0s

Solved in 152 iterations and 0.26 seconds (0.49 work units)
Optimal objective  8.003625540e+05
Set parameter TimeLimit to value 2.1230287127494812e+03
Gurobi Optimizer version 12.0.3 build v12.0.3rc0 (linux64 - "Ubuntu 24.04.4 LTS")

CPU model: Intel(R) Xeon(R) Gold 6258R CPU @ 2.70GHz, instruction set [SSE2|AVX|AVX2|AVX512]
Thread count: 56 physical cores, 56 logical processors, using up to 1 threads

Non-default parameters:
TimeLimit  2.1230287127494812e+03
Method  1
Seed  20260919
Threads  1

Optimize a model with 189 rows, 42397 columns and 1162276 nonzeros
Coefficient statistics:
  Matrix range     [1e+00, 1e+00]
  Objective range  [1e+05, 5e+05]
  Bounds range     [1e+00, 1e+00]
  RHS range        [1e+00, 8e+00]
LP warm-start: use basis

Iteration    Objective       Primal Inf.    Dual Inf.      Time
       0   -7.2066544e+28   6.407402e+31   7.206655e-02      0s
       2    8.0036255e+05   0.000000e+00   0.000000e+00      0s

Solved in 2 iterations and 0.05 seconds (0.02 work units)
Optimal objective  8.003625540e+05
Set parameter TimeLimit to value 2.1220046553611755e+03
Gurobi Optimizer version 12.0.3 build v12.0.3rc0 (linux64 - "Ubuntu 24.04.4 LTS")

CPU model: Intel(R) Xeon(R) Gold 6258R CPU @ 2.70GHz, instruction set [SSE2|AVX|AVX2|AVX512]
Thread count: 56 physical cores, 56 logical processors, using up to 1 threads

Non-default parameters:
TimeLimit  2.1220046553611755e+03
Method  1
Seed  20260919
Threads  1

Optimize a model with 189 rows, 42400 columns and 1162370 nonzeros
Coefficient statistics:
  Matrix range     [1e+00, 1e+00]
  Objective range  [1e+05, 5e+05]
  Bounds range     [1e+00, 1e+00]
  RHS range        [1e+00, 8e+00]
LP warm-start: use basis

Iteration    Objective       Primal Inf.    Dual Inf.      Time
       0   -2.6978340e+28   1.320011e+32   2.697836e-02      0s
       1    8.0036255e+05   0.000000e+00   0.000000e+00      0s

Solved in 1 iterations and 0.05 seconds (0.02 work units)
Optimal objective  8.003625540e+05
Set parameter TimeLimit to value 2.1209824264049530e+03
Gurobi Optimizer version 12.0.3 build v12.0.3rc0 (linux64 - "Ubuntu 24.04.4 LTS")

CPU model: Intel(R) Xeon(R) Gold 6258R CPU @ 2.70GHz, instruction set [SSE2|AVX|AVX2|AVX512]
Thread count: 56 physical cores, 56 logical processors, using up to 1 threads

Non-default parameters:
TimeLimit  2.1209824264049530e+03
Method  1
Seed  20260919
Threads  1

Optimize a model with 189 rows, 42403 columns and 1162465 nonzeros
Coefficient statistics:
  Matrix range     [1e+00, 1e+00]
  Objective range  [1e+05, 5e+05]
  Bounds range     [1e+00, 1e+00]
  RHS range        [1e+00, 8e+00]
LP warm-start: use basis

Iteration    Objective       Primal Inf.    Dual Inf.      Time
       0   -2.6978428e+28   1.615011e+32   2.697843e-02      0s
       5    8.0036255e+05   0.000000e+00   0.000000e+00      0s

Solved in 5 iterations and 0.06 seconds (0.03 work units)
Optimal objective  8.003625540e+05
Set parameter TimeLimit to value 2.1199632253646851e+03
Gurobi Optimizer version 12.0.3 build v12.0.3rc0 (linux64 - "Ubuntu 24.04.4 LTS")

CPU model: Intel(R) Xeon(R) Gold 6258R CPU @ 2.70GHz, instruction set [SSE2|AVX|AVX2|AVX512]
Thread count: 56 physical cores, 56 logical processors, using up to 1 threads

Non-default parameters:
TimeLimit  2.1199632253646851e+03
Method  1
Seed  20260919
Threads  1

Optimize a model with 189 rows, 42404 columns and 1162497 nonzeros
Coefficient statistics:
  Matrix range     [1e+00, 1e+00]
  Objective range  [1e+05, 5e+05]
  Bounds range     [1e+00, 1e+00]
  RHS range        [1e+00, 8e+00]
LP warm-start: use basis

Iteration    Objective       Primal Inf.    Dual Inf.      Time
       0   -2.6020569e+28   3.856039e+31   2.602056e-02      0s
       1    8.0036255e+05   0.000000e+00   0.000000e+00      0s

Solved in 1 iterations and 0.05 seconds (0.02 work units)
Optimal objective  8.003625540e+05
Set parameter TimeLimit to value 2.1189335238933563e+03
Gurobi Optimizer version 12.0.3 build v12.0.3rc0 (linux64 - "Ubuntu 24.04.4 LTS")

CPU model: Intel(R) Xeon(R) Gold 6258R CPU @ 2.70GHz, instruction set [SSE2|AVX|AVX2|AVX512]
Thread count: 56 physical cores, 56 logical processors, using up to 1 threads

Non-default parameters:
TimeLimit  2.1189335238933563e+03
Method  1
Seed  20260919
Threads  1

Optimize a model with 189 rows, 42405 columns and 1162529 nonzeros
Coefficient statistics:
  Matrix range     [1e+00, 1e+00]
  Objective range  [1e+05, 5e+05]
  Bounds range     [1e+00, 1e+00]
  RHS range        [1e+00, 8e+00]
LP warm-start: use basis

Iteration    Objective       Primal Inf.    Dual Inf.      Time
       0   -2.6020556e+28   1.204701e+32   2.602054e-02      0s
       3    8.0036255e+05   0.000000e+00   0.000000e+00      0s

Solved in 3 iterations and 0.05 seconds (0.02 work units)
Optimal objective  8.003625540e+05
Set parameter TimeLimit to value 2.1178908653259277e+03
Gurobi Optimizer version 12.0.3 build v12.0.3rc0 (linux64 - "Ubuntu 24.04.4 LTS")

CPU model: Intel(R) Xeon(R) Gold 6258R CPU @ 2.70GHz, instruction set [SSE2|AVX|AVX2|AVX512]
Thread count: 56 physical cores, 56 logical processors, using up to 1 threads

Non-default parameters:
TimeLimit  2.1178908653259277e+03
Method  1
Seed  20260919
Threads  1

Optimize a model with 189 rows, 42406 columns and 1162558 nonzeros
Coefficient statistics:
  Matrix range     [1e+00, 1e+00]
  Objective range  [1e+05, 5e+05]
  Bounds range     [1e+00, 1e+00]
  RHS range        [1e+00, 8e+00]
LP warm-start: use basis

Iteration    Objective       Primal Inf.    Dual Inf.      Time
       0   -2.5972276e+28   1.791278e+32   2.597228e-02      0s
       1    8.0036255e+05   0.000000e+00   0.000000e+00      0s

Solved in 1 iterations and 0.05 seconds (0.02 work units)
Optimal objective  8.003625540e+05
Set parameter TimeLimit to value 2.1168760583400726e+03
Gurobi Optimizer version 12.0.3 build v12.0.3rc0 (linux64 - "Ubuntu 24.04.4 LTS")

CPU model: Intel(R) Xeon(R) Gold 6258R CPU @ 2.70GHz, instruction set [SSE2|AVX|AVX2|AVX512]
Thread count: 56 physical cores, 56 logical processors, using up to 1 threads

Non-default parameters:
TimeLimit  2.1168760583400726e+03
Method  1
Seed  20260919
Threads  1

Optimize a model with 189 rows, 42407 columns and 1162596 nonzeros
Coefficient statistics:
  Matrix range     [1e+00, 1e+00]
  Objective range  [1e+05, 5e+05]
  Bounds range     [1e+00, 1e+00]
  RHS range        [1e+00, 8e+00]
LP warm-start: use basis

Iteration    Objective       Primal Inf.    Dual Inf.      Time
       0   -1.5348670e+28   7.397473e+31   1.534867e-02      0s
       4    8.0036255e+05   0.000000e+00   0.000000e+00      0s

Solved in 4 iterations and 0.05 seconds (0.02 work units)
Optimal objective  8.003625540e+05
Set parameter TimeLimit to value 2115.84206199646
Gurobi Optimizer version 12.0.3 build v12.0.3rc0 (linux64 - "Ubuntu 24.04.4 LTS")

CPU model: Intel(R) Xeon(R) Gold 6258R CPU @ 2.70GHz, instruction set [SSE2|AVX|AVX2|AVX512]
Thread count: 56 physical cores, 56 logical processors, using up to 1 threads

Non-default parameters:
TimeLimit  2115.84206199646
Method  1
Seed  20260919
Threads  1

Optimize a model with 189 rows, 42408 columns and 1162634 nonzeros
Coefficient statistics:
  Matrix range     [1e+00, 1e+00]
  Objective range  [1e+05, 5e+05]
  Bounds range     [1e+00, 1e+00]
  RHS range        [1e+00, 8e+00]
LP warm-start: use basis

Iteration    Objective       Primal Inf.    Dual Inf.      Time
       0   -1.5348696e+28   2.805734e+31   1.534869e-02      0s
       3    8.0036255e+05   0.000000e+00   0.000000e+00      0s

Solved in 3 iterations and 0.05 seconds (0.02 work units)
Optimal objective  8.003625540e+05
Set parameter TimeLimit to value 2.1148091230392456e+03
Gurobi Optimizer version 12.0.3 build v12.0.3rc0 (linux64 - "Ubuntu 24.04.4 LTS")

CPU model: Intel(R) Xeon(R) Gold 6258R CPU @ 2.70GHz, instruction set [SSE2|AVX|AVX2|AVX512]
Thread count: 56 physical cores, 56 logical processors, using up to 1 threads

Non-default parameters:
TimeLimit  2.1148091230392456e+03
Method  1
Seed  20260919
Threads  1

Optimize a model with 189 rows, 42412 columns and 1162743 nonzeros
Coefficient statistics:
  Matrix range     [1e+00, 1e+00]
  Objective range  [1e+05, 5e+05]
  Bounds range     [1e+00, 1e+00]
  RHS range        [1e+00, 8e+00]
LP warm-start: use basis

Iteration    Objective       Primal Inf.    Dual Inf.      Time
       0   -2.3169697e+28   1.785032e+32   2.316971e-02      0s
       2    8.0036255e+05   0.000000e+00   0.000000e+00      0s

Solved in 2 iterations and 0.05 seconds (0.02 work units)
Optimal objective  8.003625540e+05
Set parameter TimeLimit to value 2.1137685434818268e+03
Gurobi Optimizer version 12.0.3 build v12.0.3rc0 (linux64 - "Ubuntu 24.04.4 LTS")

CPU model: Intel(R) Xeon(R) Gold 6258R CPU @ 2.70GHz, instruction set [SSE2|AVX|AVX2|AVX512]
Thread count: 56 physical cores, 56 logical processors, using up to 1 threads

Non-default parameters:
TimeLimit  2.1137685434818268e+03
Method  1
Seed  20260919
Threads  1

Optimize a model with 189 rows, 42412 columns and 1162743 nonzeros
Coefficient statistics:
  Matrix range     [1e+00, 1e+00]
  Objective range  [1e+05, 5e+05]
  Bounds range     [1e+00, 1e+00]
  RHS range        [1e+00, 8e+00]

Iteration    Objective       Primal Inf.    Dual Inf.      Time
       0    8.0036255e+05   3.236074e-01   0.000000e+00      0s
     573    8.0036284e+05   0.000000e+00   0.000000e+00      1s

Solved in 573 iterations and 0.86 seconds (2.00 work units)
Optimal objective  8.003628382e+05
Set parameter TimeLimit to value 2.1118277494907379e+03
Gurobi Optimizer version 12.0.3 build v12.0.3rc0 (linux64 - "Ubuntu 24.04.4 LTS")

CPU model: Intel(R) Xeon(R) Gold 6258R CPU @ 2.70GHz, instruction set [SSE2|AVX|AVX2|AVX512]
Thread count: 56 physical cores, 56 logical processors, using up to 1 threads

Non-default parameters:
TimeLimit  2.1118277494907379e+03
Method  1
Seed  20260919
Threads  1

Optimize a model with 189 rows, 42438 columns and 1163329 nonzeros
Coefficient statistics:
  Matrix range     [1e+00, 1e+00]
  Objective range  [1e+05, 5e+05]
  Bounds range     [1e+00, 1e+00]
  RHS range        [1e+00, 8e+00]
LP warm-start: use basis

Iteration    Objective       Primal Inf.    Dual Inf.      Time
       0   -6.8952467e+30   9.423679e+32   6.895247e+00      0s
      56    8.0036284e+05   0.000000e+00   0.000000e+00      0s

Solved in 56 iterations and 0.12 seconds (0.17 work units)
Optimal objective  8.003628382e+05
Set parameter TimeLimit to value 2.1106863536834717e+03
Gurobi Optimizer version 12.0.3 build v12.0.3rc0 (linux64 - "Ubuntu 24.04.4 LTS")

CPU model: Intel(R) Xeon(R) Gold 6258R CPU @ 2.70GHz, instruction set [SSE2|AVX|AVX2|AVX512]
Thread count: 56 physical cores, 56 logical processors, using up to 1 threads

Non-default parameters:
TimeLimit  2.1106863536834717e+03
Method  1
Seed  20260919
Threads  1

Optimize a model with 189 rows, 42457 columns and 1163896 nonzeros
Coefficient statistics:
  Matrix range     [1e+00, 1e+00]
  Objective range  [1e+05, 5e+05]
  Bounds range     [1e+00, 1e+00]
  RHS range        [1e+00, 8e+00]
LP warm-start: use basis

Iteration    Objective       Primal Inf.    Dual Inf.      Time
       0   -4.3206806e+30   3.272943e+32   4.320681e+00      0s
     410    8.0036280e+05   0.000000e+00   0.000000e+00      1s

Solved in 410 iterations and 0.60 seconds (1.28 work units)
Optimal objective  8.003627991e+05
Set parameter TimeLimit to value 2.1090422084331512e+03
Gurobi Optimizer version 12.0.3 build v12.0.3rc0 (linux64 - "Ubuntu 24.04.4 LTS")

CPU model: Intel(R) Xeon(R) Gold 6258R CPU @ 2.70GHz, instruction set [SSE2|AVX|AVX2|AVX512]
Thread count: 56 physical cores, 56 logical processors, using up to 1 threads

Non-default parameters:
TimeLimit  2.1090422084331512e+03
Method  1
Seed  20260919
Threads  1

Optimize a model with 189 rows, 42480 columns and 1164553 nonzeros
Coefficient statistics:
  Matrix range     [1e+00, 1e+00]
  Objective range  [1e+05, 5e+05]
  Bounds range     [1e+00, 1e+00]
  RHS range        [1e+00, 8e+00]
LP warm-start: use basis

Iteration    Objective       Primal Inf.    Dual Inf.      Time
       0   -7.4660151e+30   3.491125e+33   7.466015e+00      0s
     126    8.0036279e+05   0.000000e+00   0.000000e+00      0s

Solved in 126 iterations and 0.21 seconds (0.38 work units)
Optimal objective  8.003627950e+05
Set parameter TimeLimit to value 2.1076795439720154e+03
Gurobi Optimizer version 12.0.3 build v12.0.3rc0 (linux64 - "Ubuntu 24.04.4 LTS")

CPU model: Intel(R) Xeon(R) Gold 6258R CPU @ 2.70GHz, instruction set [SSE2|AVX|AVX2|AVX512]
Thread count: 56 physical cores, 56 logical processors, using up to 1 threads

Non-default parameters:
TimeLimit  2.1076795439720154e+03
Method  1
Seed  20260919
Threads  1

Optimize a model with 189 rows, 42503 columns and 1165046 nonzeros
Coefficient statistics:
  Matrix range     [1e+00, 1e+00]
  Objective range  [1e+05, 5e+05]
  Bounds range     [1e+00, 1e+00]
  RHS range        [1e+00, 8e+00]
LP warm-start: use basis

Iteration    Objective       Primal Inf.    Dual Inf.      Time
       0   -2.3809790e+31   3.457710e+33   2.380979e+01      0s
     239    8.0036278e+05   0.000000e+00   0.000000e+00      0s

Solved in 239 iterations and 0.38 seconds (0.77 work units)
Optimal objective  8.003627804e+05
Set parameter TimeLimit to value 2.1062814788818359e+03
Gurobi Optimizer version 12.0.3 build v12.0.3rc0 (linux64 - "Ubuntu 24.04.4 LTS")

CPU model: Intel(R) Xeon(R) Gold 6258R CPU @ 2.70GHz, instruction set [SSE2|AVX|AVX2|AVX512]
Thread count: 56 physical cores, 56 logical processors, using up to 1 threads

Non-default parameters:
TimeLimit  2.1062814788818359e+03
Method  1
Seed  20260919
Threads  1

Optimize a model with 189 rows, 42525 columns and 1165701 nonzeros
Coefficient statistics:
  Matrix range     [1e+00, 1e+00]
  Objective range  [1e+05, 5e+05]
  Bounds range     [1e+00, 1e+00]
  RHS range        [1e+00, 8e+00]
LP warm-start: use basis

Iteration    Objective       Primal Inf.    Dual Inf.      Time
       0   -3.3354150e+30   5.149743e+32   3.335415e+00      0s
     187    8.0036278e+05   0.000000e+00   0.000000e+00      0s

Solved in 187 iterations and 0.30 seconds (0.58 work units)
Optimal objective  8.003627771e+05
Set parameter TimeLimit to value 2.1049215168952942e+03
Gurobi Optimizer version 12.0.3 build v12.0.3rc0 (linux64 - "Ubuntu 24.04.4 LTS")

CPU model: Intel(R) Xeon(R) Gold 6258R CPU @ 2.70GHz, instruction set [SSE2|AVX|AVX2|AVX512]
Thread count: 56 physical cores, 56 logical processors, using up to 1 threads

Non-default parameters:
TimeLimit  2.1049215168952942e+03
Method  1
Seed  20260919
Threads  1

Optimize a model with 189 rows, 42545 columns and 1166292 nonzeros
Coefficient statistics:
  Matrix range     [1e+00, 1e+00]
  Objective range  [1e+05, 5e+05]
  Bounds range     [1e+00, 1e+00]
  RHS range        [1e+00, 8e+00]
LP warm-start: use basis

Iteration    Objective       Primal Inf.    Dual Inf.      Time
       0   -2.7233999e+30   1.419217e+32   2.723400e+00      0s
     211    8.0036277e+05   0.000000e+00   0.000000e+00      0s

Solved in 211 iterations and 0.33 seconds (0.64 work units)
Optimal objective  8.003627683e+05
Set parameter TimeLimit to value 2.1035944285392761e+03
Gurobi Optimizer version 12.0.3 build v12.0.3rc0 (linux64 - "Ubuntu 24.04.4 LTS")

CPU model: Intel(R) Xeon(R) Gold 6258R CPU @ 2.70GHz, instruction set [SSE2|AVX|AVX2|AVX512]
Thread count: 56 physical cores, 56 logical processors, using up to 1 threads

Non-default parameters:
TimeLimit  2.1035944285392761e+03
Method  1
Seed  20260919
Threads  1

Optimize a model with 189 rows, 42560 columns and 1166724 nonzeros
Coefficient statistics:
  Matrix range     [1e+00, 1e+00]
  Objective range  [1e+05, 5e+05]
  Bounds range     [1e+00, 1e+00]
  RHS range        [1e+00, 8e+00]
LP warm-start: use basis

Iteration    Objective       Primal Inf.    Dual Inf.      Time
       0   -1.9468698e+30   2.006607e+32   1.946870e+00      0s
     199    8.0036277e+05   0.000000e+00   0.000000e+00      0s

Solved in 199 iterations and 0.32 seconds (0.65 work units)
Optimal objective  8.003627665e+05
Set parameter TimeLimit to value 2.1022423684597015e+03
Gurobi Optimizer version 12.0.3 build v12.0.3rc0 (linux64 - "Ubuntu 24.04.4 LTS")

CPU model: Intel(R) Xeon(R) Gold 6258R CPU @ 2.70GHz, instruction set [SSE2|AVX|AVX2|AVX512]
Thread count: 56 physical cores, 56 logical processors, using up to 1 threads

Non-default parameters:
TimeLimit  2.1022423684597015e+03
Method  1
Seed  20260919
Threads  1

Optimize a model with 189 rows, 42576 columns and 1167184 nonzeros
Coefficient statistics:
  Matrix range     [1e+00, 1e+00]
  Objective range  [1e+05, 5e+05]
  Bounds range     [1e+00, 1e+00]
  RHS range        [1e+00, 8e+00]
LP warm-start: use basis

Iteration    Objective       Primal Inf.    Dual Inf.      Time
       0   -4.4667015e+30   8.644788e+32   4.466702e+00      0s
      64    8.0036277e+05   0.000000e+00   0.000000e+00      0s

Solved in 64 iterations and 0.15 seconds (0.22 work units)
Optimal objective  8.003627665e+05
Set parameter TimeLimit to value 2.1010951776504517e+03
Gurobi Optimizer version 12.0.3 build v12.0.3rc0 (linux64 - "Ubuntu 24.04.4 LTS")

CPU model: Intel(R) Xeon(R) Gold 6258R CPU @ 2.70GHz, instruction set [SSE2|AVX|AVX2|AVX512]
Thread count: 56 physical cores, 56 logical processors, using up to 1 threads

Non-default parameters:
TimeLimit  2.1010951776504517e+03
Method  1
Seed  20260919
Threads  1

Optimize a model with 189 rows, 42588 columns and 1167574 nonzeros
Coefficient statistics:
  Matrix range     [1e+00, 1e+00]
  Objective range  [1e+05, 5e+05]
  Bounds range     [1e+00, 1e+00]
  RHS range        [1e+00, 8e+00]
LP warm-start: use basis

Iteration    Objective       Primal Inf.    Dual Inf.      Time
       0   -1.8993089e+30   1.968285e+32   1.899309e+00      0s
     160    8.0036276e+05   0.000000e+00   0.000000e+00      0s

Solved in 160 iterations and 0.28 seconds (0.54 work units)
Optimal objective  8.003627614e+05
Set parameter TimeLimit to value 2.0997965128421783e+03
Gurobi Optimizer version 12.0.3 build v12.0.3rc0 (linux64 - "Ubuntu 24.04.4 LTS")

CPU model: Intel(R) Xeon(R) Gold 6258R CPU @ 2.70GHz, instruction set [SSE2|AVX|AVX2|AVX512]
Thread count: 56 physical cores, 56 logical processors, using up to 1 threads

Non-default parameters:
TimeLimit  2.0997965128421783e+03
Method  1
Seed  20260919
Threads  1

Optimize a model with 189 rows, 42598 columns and 1167845 nonzeros
Coefficient statistics:
  Matrix range     [1e+00, 1e+00]
  Objective range  [1e+05, 5e+05]
  Bounds range     [1e+00, 1e+00]
  RHS range        [1e+00, 8e+00]
LP warm-start: use basis

Iteration    Objective       Primal Inf.    Dual Inf.      Time
       0   -1.4869219e+30   1.683565e+32   1.486922e+00      0s
       9    8.0036276e+05   0.000000e+00   0.000000e+00      0s

Solved in 9 iterations and 0.05 seconds (0.02 work units)
Optimal objective  8.003627614e+05
Set parameter TimeLimit to value 2.0986869819164276e+03
Gurobi Optimizer version 12.0.3 build v12.0.3rc0 (linux64 - "Ubuntu 24.04.4 LTS")

CPU model: Intel(R) Xeon(R) Gold 6258R CPU @ 2.70GHz, instruction set [SSE2|AVX|AVX2|AVX512]
Thread count: 56 physical cores, 56 logical processors, using up to 1 threads

Non-default parameters:
TimeLimit  2.0986869819164276e+03
Method  1
Seed  20260919
Threads  1

Optimize a model with 189 rows, 42605 columns and 1168054 nonzeros
Coefficient statistics:
  Matrix range     [1e+00, 1e+00]
  Objective range  [1e+05, 5e+05]
  Bounds range     [1e+00, 1e+00]
  RHS range        [1e+00, 8e+00]
LP warm-start: use basis

Iteration    Objective       Primal Inf.    Dual Inf.      Time
       0   -9.7629020e+29   2.161269e+32   9.762902e-01      0s
      12    8.0036276e+05   0.000000e+00   0.000000e+00      0s

Solved in 12 iterations and 0.06 seconds (0.03 work units)
Optimal objective  8.003627614e+05
Set parameter TimeLimit to value 2.0976262595653534e+03
Gurobi Optimizer version 12.0.3 build v12.0.3rc0 (linux64 - "Ubuntu 24.04.4 LTS")

CPU model: Intel(R) Xeon(R) Gold 6258R CPU @ 2.70GHz, instruction set [SSE2|AVX|AVX2|AVX512]
Thread count: 56 physical cores, 56 logical processors, using up to 1 threads

Non-default parameters:
TimeLimit  2.0976262595653534e+03
Method  1
Seed  20260919
Threads  1

Optimize a model with 189 rows, 42612 columns and 1168290 nonzeros
Coefficient statistics:
  Matrix range     [1e+00, 1e+00]
  Objective range  [1e+05, 5e+05]
  Bounds range     [1e+00, 1e+00]
  RHS range        [1e+00, 8e+00]
LP warm-start: use basis

Iteration    Objective       Primal Inf.    Dual Inf.      Time
       0   -8.0889171e+29   1.056513e+32   8.088917e-01      0s
     138    8.0036276e+05   0.000000e+00   0.000000e+00      0s

Solved in 138 iterations and 0.23 seconds (0.43 work units)
Optimal objective  8.003627604e+05
Set parameter TimeLimit to value 2.0963433291912079e+03
Gurobi Optimizer version 12.0.3 build v12.0.3rc0 (linux64 - "Ubuntu 24.04.4 LTS")

CPU model: Intel(R) Xeon(R) Gold 6258R CPU @ 2.70GHz, instruction set [SSE2|AVX|AVX2|AVX512]
Thread count: 56 physical cores, 56 logical processors, using up to 1 threads

Non-default parameters:
TimeLimit  2.0963433291912079e+03
Method  1
Seed  20260919
Threads  1

Optimize a model with 189 rows, 42642 columns and 1168990 nonzeros
Coefficient statistics:
  Matrix range     [1e+00, 1e+00]
  Objective range  [1e+05, 5e+05]
  Bounds range     [1e+00, 1e+00]
  RHS range        [1e+00, 8e+00]
LP warm-start: use basis

Iteration    Objective       Primal Inf.    Dual Inf.      Time
       0   -5.2202517e+31   9.098810e+32   5.220252e+01      0s
       3    8.0036276e+05   0.000000e+00   0.000000e+00      0s

Solved in 3 iterations and 0.06 seconds (0.02 work units)
Optimal objective  8.003627604e+05
Set parameter TimeLimit to value 2.0952758078575134e+03
Gurobi Optimizer version 12.0.3 build v12.0.3rc0 (linux64 - "Ubuntu 24.04.4 LTS")

CPU model: Intel(R) Xeon(R) Gold 6258R CPU @ 2.70GHz, instruction set [SSE2|AVX|AVX2|AVX512]
Thread count: 56 physical cores, 56 logical processors, using up to 1 threads

Non-default parameters:
TimeLimit  2.0952758078575134e+03
Method  1
Seed  20260919
Threads  1

Optimize a model with 189 rows, 42657 columns and 1169443 nonzeros
Coefficient statistics:
  Matrix range     [1e+00, 1e+00]
  Objective range  [1e+05, 5e+05]
  Bounds range     [1e+00, 1e+00]
  RHS range        [1e+00, 8e+00]
LP warm-start: use basis

Iteration    Objective       Primal Inf.    Dual Inf.      Time
       0   -6.2501719e+29   1.872620e+32   6.250172e-01      0s
     432    8.0036276e+05   0.000000e+00   0.000000e+00      1s

Solved in 432 iterations and 0.65 seconds (1.38 work units)
Optimal objective  8.003627567e+05
Set parameter TimeLimit to value 2.0935987825393677e+03
Gurobi Optimizer version 12.0.3 build v12.0.3rc0 (linux64 - "Ubuntu 24.04.4 LTS")

CPU model: Intel(R) Xeon(R) Gold 6258R CPU @ 2.70GHz, instruction set [SSE2|AVX|AVX2|AVX512]
Thread count: 56 physical cores, 56 logical processors, using up to 1 threads

Non-default parameters:
TimeLimit  2.0935987825393677e+03
Method  1
Seed  20260919
Threads  1

Optimize a model with 189 rows, 42687 columns and 1170242 nonzeros
Coefficient statistics:
  Matrix range     [1e+00, 1e+00]
  Objective range  [1e+05, 5e+05]
  Bounds range     [1e+00, 1e+00]
  RHS range        [1e+00, 8e+00]
LP warm-start: use basis

Iteration    Objective       Primal Inf.    Dual Inf.      Time
       0   -1.5054042e+31   1.025362e+33   1.505404e+01      0s
     205    8.0036276e+05   0.000000e+00   0.000000e+00      0s

Solved in 205 iterations and 0.31 seconds (0.59 work units)
Optimal objective  8.003627567e+05
Set parameter TimeLimit to value 2.0922770755290985e+03
Gurobi Optimizer version 12.0.3 build v12.0.3rc0 (linux64 - "Ubuntu 24.04.4 LTS")

CPU model: Intel(R) Xeon(R) Gold 6258R CPU @ 2.70GHz, instruction set [SSE2|AVX|AVX2|AVX512]
Thread count: 56 physical cores, 56 logical processors, using up to 1 threads

Non-default parameters:
TimeLimit  2.0922770755290985e+03
Method  1
Seed  20260919
Threads  1

Optimize a model with 189 rows, 42700 columns and 1170577 nonzeros
Coefficient statistics:
  Matrix range     [1e+00, 1e+00]
  Objective range  [1e+05, 5e+05]
  Bounds range     [1e+00, 1e+00]
  RHS range        [1e+00, 8e+00]
LP warm-start: use basis

Iteration    Objective       Primal Inf.    Dual Inf.      Time
       0   -1.8220545e+30   6.451619e+32   1.822055e+00      0s
      80    8.0036276e+05   0.000000e+00   0.000000e+00      0s

Solved in 80 iterations and 0.16 seconds (0.24 work units)
Optimal objective  8.003627563e+05
Set parameter TimeLimit to value 2.0911088616847992e+03
Gurobi Optimizer version 12.0.3 build v12.0.3rc0 (linux64 - "Ubuntu 24.04.4 LTS")

CPU model: Intel(R) Xeon(R) Gold 6258R CPU @ 2.70GHz, instruction set [SSE2|AVX|AVX2|AVX512]
Thread count: 56 physical cores, 56 logical processors, using up to 1 threads

Non-default parameters:
TimeLimit  2.0911088616847992e+03
Method  1
Seed  20260919
Threads  1

Optimize a model with 189 rows, 42714 columns and 1171002 nonzeros
Coefficient statistics:
  Matrix range     [1e+00, 1e+00]
  Objective range  [1e+05, 5e+05]
  Bounds range     [1e+00, 1e+00]
  RHS range        [1e+00, 8e+00]
LP warm-start: use basis

Iteration    Objective       Primal Inf.    Dual Inf.      Time
       0   -6.9192427e+29   3.144312e+32   6.919243e-01      0s
      46    8.0036276e+05   0.000000e+00   0.000000e+00      0s

Solved in 46 iterations and 0.12 seconds (0.16 work units)
Optimal objective  8.003627563e+05
Set parameter TimeLimit to value 2.0899917254447937e+03
Gurobi Optimizer version 12.0.3 build v12.0.3rc0 (linux64 - "Ubuntu 24.04.4 LTS")

CPU model: Intel(R) Xeon(R) Gold 6258R CPU @ 2.70GHz, instruction set [SSE2|AVX|AVX2|AVX512]
Thread count: 56 physical cores, 56 logical processors, using up to 1 threads

Non-default parameters:
TimeLimit  2.0899917254447937e+03
Method  1
Seed  20260919
Threads  1

Optimize a model with 189 rows, 42723 columns and 1171265 nonzeros
Coefficient statistics:
  Matrix range     [1e+00, 1e+00]
  Objective range  [1e+05, 5e+05]
  Bounds range     [1e+00, 1e+00]
  RHS range        [1e+00, 8e+00]
LP warm-start: use basis

Iteration    Objective       Primal Inf.    Dual Inf.      Time
       0   -5.9735753e+29   1.696696e+32   5.973575e-01      0s
       9    8.0036276e+05   0.000000e+00   0.000000e+00      0s

Solved in 9 iterations and 0.06 seconds (0.03 work units)
Optimal objective  8.003627563e+05
Set parameter TimeLimit to value 2.0889374349117279e+03
Gurobi Optimizer version 12.0.3 build v12.0.3rc0 (linux64 - "Ubuntu 24.04.4 LTS")

CPU model: Intel(R) Xeon(R) Gold 6258R CPU @ 2.70GHz, instruction set [SSE2|AVX|AVX2|AVX512]
Thread count: 56 physical cores, 56 logical processors, using up to 1 threads

Non-default parameters:
TimeLimit  2.0889374349117279e+03
Method  1
Seed  20260919
Threads  1

Optimize a model with 189 rows, 42729 columns and 1171456 nonzeros
Coefficient statistics:
  Matrix range     [1e+00, 1e+00]
  Objective range  [1e+05, 5e+05]
  Bounds range     [1e+00, 1e+00]
  RHS range        [1e+00, 8e+00]
LP warm-start: use basis

Iteration    Objective       Primal Inf.    Dual Inf.      Time
       0   -3.7325269e+29   9.982996e+31   3.732527e-01      0s
     180    8.0036274e+05   0.000000e+00   0.000000e+00      0s

Solved in 180 iterations and 0.31 seconds (0.60 work units)
Optimal objective  8.003627428e+05
Set parameter TimeLimit to value 2.0876194105148315e+03
Gurobi Optimizer version 12.0.3 build v12.0.3rc0 (linux64 - "Ubuntu 24.04.4 LTS")

CPU model: Intel(R) Xeon(R) Gold 6258R CPU @ 2.70GHz, instruction set [SSE2|AVX|AVX2|AVX512]
Thread count: 56 physical cores, 56 logical processors, using up to 1 threads

Non-default parameters:
TimeLimit  2.0876194105148315e+03
Method  1
Seed  20260919
Threads  1

Optimize a model with 189 rows, 42744 columns and 1171888 nonzeros
Coefficient statistics:
  Matrix range     [1e+00, 1e+00]
  Objective range  [1e+05, 5e+05]
  Bounds range     [1e+00, 1e+00]
  RHS range        [1e+00, 8e+00]
LP warm-start: use basis

Iteration    Objective       Primal Inf.    Dual Inf.      Time
       0   -1.4063927e+30   5.499345e+32   1.406393e+00      0s
     288    8.0036273e+05   0.000000e+00   0.000000e+00      0s

Solved in 288 iterations and 0.43 seconds (0.89 work units)
Optimal objective  8.003627333e+05
Set parameter TimeLimit to value 2.0861792705059052e+03
Gurobi Optimizer version 12.0.3 build v12.0.3rc0 (linux64 - "Ubuntu 24.04.4 LTS")

CPU model: Intel(R) Xeon(R) Gold 6258R CPU @ 2.70GHz, instruction set [SSE2|AVX|AVX2|AVX512]
Thread count: 56 physical cores, 56 logical processors, using up to 1 threads

Non-default parameters:
TimeLimit  2.0861792705059052e+03
Method  1
Seed  20260919
Threads  1

Optimize a model with 189 rows, 42760 columns and 1172374 nonzeros
Coefficient statistics:
  Matrix range     [1e+00, 1e+00]
  Objective range  [1e+05, 5e+05]
  Bounds range     [1e+00, 1e+00]
  RHS range        [1e+00, 8e+00]
LP warm-start: use basis

Iteration    Objective       Primal Inf.    Dual Inf.      Time
       0   -8.2257301e+29   1.660038e+32   8.225730e-01      0s
     142    8.0036273e+05   0.000000e+00   0.000000e+00      0s

Solved in 142 iterations and 0.25 seconds (0.46 work units)
Optimal objective  8.003627323e+05
Set parameter TimeLimit to value 2.0849287238121033e+03
Gurobi Optimizer version 12.0.3 build v12.0.3rc0 (linux64 - "Ubuntu 24.04.4 LTS")

CPU model: Intel(R) Xeon(R) Gold 6258R CPU @ 2.70GHz, instruction set [SSE2|AVX|AVX2|AVX512]
Thread count: 56 physical cores, 56 logical processors, using up to 1 threads

Non-default parameters:
TimeLimit  2.0849287238121033e+03
Method  1
Seed  20260919
Threads  1

Optimize a model with 189 rows, 42771 columns and 1172634 nonzeros
Coefficient statistics:
  Matrix range     [1e+00, 1e+00]
  Objective range  [1e+05, 5e+05]
  Bounds range     [1e+00, 1e+00]
  RHS range        [1e+00, 8e+00]
LP warm-start: use basis

Iteration    Objective       Primal Inf.    Dual Inf.      Time
       0   -1.6002848e+30   4.188051e+32   1.600285e+00      0s
      38    8.0036273e+05   0.000000e+00   0.000000e+00      0s

Solved in 38 iterations and 0.11 seconds (0.13 work units)
Optimal objective  8.003627322e+05
Set parameter TimeLimit to value 2.0838218822479248e+03
Gurobi Optimizer version 12.0.3 build v12.0.3rc0 (linux64 - "Ubuntu 24.04.4 LTS")

CPU model: Intel(R) Xeon(R) Gold 6258R CPU @ 2.70GHz, instruction set [SSE2|AVX|AVX2|AVX512]
Thread count: 56 physical cores, 56 logical processors, using up to 1 threads

Non-default parameters:
TimeLimit  2.0838218822479248e+03
Method  1
Seed  20260919
Threads  1

Optimize a model with 189 rows, 42780 columns and 1172903 nonzeros
Coefficient statistics:
  Matrix range     [1e+00, 1e+00]
  Objective range  [1e+05, 5e+05]
  Bounds range     [1e+00, 1e+00]
  RHS range        [1e+00, 8e+00]
LP warm-start: use basis

Iteration    Objective       Primal Inf.    Dual Inf.      Time
       0   -5.4722074e+29   9.982756e+31   5.472207e-01      0s
     298    8.0036271e+05   0.000000e+00   0.000000e+00      0s

Solved in 298 iterations and 0.46 seconds (0.96 work units)
Optimal objective  8.003627124e+05
Set parameter TimeLimit to value 2.0821768648624420e+03
Gurobi Optimizer version 12.0.3 build v12.0.3rc0 (linux64 - "Ubuntu 24.04.4 LTS")

CPU model: Intel(R) Xeon(R) Gold 6258R CPU @ 2.70GHz, instruction set [SSE2|AVX|AVX2|AVX512]
Thread count: 56 physical cores, 56 logical processors, using up to 1 threads

Non-default parameters:
TimeLimit  2.0821768648624420e+03
Method  1
Seed  20260919
Threads  1

Optimize a model with 189 rows, 42799 columns and 1173458 nonzeros
Coefficient statistics:
  Matrix range     [1e+00, 1e+00]
  Objective range  [1e+05, 5e+05]
  Bounds range     [1e+00, 1e+00]
  RHS range        [1e+00, 8e+00]
LP warm-start: use basis

Iteration    Objective       Primal Inf.    Dual Inf.      Time
       0   -6.9213794e+29   4.048557e+32   6.921380e-01      0s
     292    8.0036271e+05   0.000000e+00   0.000000e+00      0s

Solved in 292 iterations and 0.46 seconds (0.96 work units)
Optimal objective  8.003627080e+05
Set parameter TimeLimit to value 2.0807211031913757e+03
Gurobi Optimizer version 12.0.3 build v12.0.3rc0 (linux64 - "Ubuntu 24.04.4 LTS")

CPU model: Intel(R) Xeon(R) Gold 6258R CPU @ 2.70GHz, instruction set [SSE2|AVX|AVX2|AVX512]
Thread count: 56 physical cores, 56 logical processors, using up to 1 threads

Non-default parameters:
TimeLimit  2.0807211031913757e+03
Method  1
Seed  20260919
Threads  1

Optimize a model with 189 rows, 42812 columns and 1173819 nonzeros
Coefficient statistics:
  Matrix range     [1e+00, 1e+00]
  Objective range  [1e+05, 5e+05]
  Bounds range     [1e+00, 1e+00]
  RHS range        [1e+00, 8e+00]
LP warm-start: use basis

Iteration    Objective       Primal Inf.    Dual Inf.      Time
       0   -4.5472542e+29   2.667842e+32   4.547254e-01      0s
      44    8.0036271e+05   0.000000e+00   0.000000e+00      0s

Solved in 44 iterations and 0.12 seconds (0.16 work units)
Optimal objective  8.003627079e+05
Set parameter TimeLimit to value 2.0796068716049194e+03
Gurobi Optimizer version 12.0.3 build v12.0.3rc0 (linux64 - "Ubuntu 24.04.4 LTS")

CPU model: Intel(R) Xeon(R) Gold 6258R CPU @ 2.70GHz, instruction set [SSE2|AVX|AVX2|AVX512]
Thread count: 56 physical cores, 56 logical processors, using up to 1 threads

Non-default parameters:
TimeLimit  2.0796068716049194e+03
Method  1
Seed  20260919
Threads  1

Optimize a model with 189 rows, 42821 columns and 1174081 nonzeros
Coefficient statistics:
  Matrix range     [1e+00, 1e+00]
  Objective range  [1e+05, 5e+05]
  Bounds range     [1e+00, 1e+00]
  RHS range        [1e+00, 8e+00]
LP warm-start: use basis

Iteration    Objective       Primal Inf.    Dual Inf.      Time
       0   -1.9717147e+29   7.300370e+31   1.971715e-01      0s
      51    8.0036271e+05   0.000000e+00   0.000000e+00      0s

Solved in 51 iterations and 0.13 seconds (0.19 work units)
Optimal objective  8.003627079e+05
Set parameter TimeLimit to value 2.0784942557811737e+03
Gurobi Optimizer version 12.0.3 build v12.0.3rc0 (linux64 - "Ubuntu 24.04.4 LTS")

CPU model: Intel(R) Xeon(R) Gold 6258R CPU @ 2.70GHz, instruction set [SSE2|AVX|AVX2|AVX512]
Thread count: 56 physical cores, 56 logical processors, using up to 1 threads

Non-default parameters:
TimeLimit  2.0784942557811737e+03
Method  1
Seed  20260919
Threads  1

Optimize a model with 189 rows, 42824 columns and 1174190 nonzeros
Coefficient statistics:
  Matrix range     [1e+00, 1e+00]
  Objective range  [1e+05, 5e+05]
  Bounds range     [1e+00, 1e+00]
  RHS range        [1e+00, 8e+00]
LP warm-start: use basis

Iteration    Objective       Primal Inf.    Dual Inf.      Time
       0   -1.6766134e+29   8.147017e+31   1.676614e-01      0s
     107    8.0036271e+05   0.000000e+00   0.000000e+00      0s

Solved in 107 iterations and 0.21 seconds (0.38 work units)
Optimal objective  8.003627052e+05
Set parameter TimeLimit to value 2.0773000912666321e+03
Gurobi Optimizer version 12.0.3 build v12.0.3rc0 (linux64 - "Ubuntu 24.04.4 LTS")

CPU model: Intel(R) Xeon(R) Gold 6258R CPU @ 2.70GHz, instruction set [SSE2|AVX|AVX2|AVX512]
Thread count: 56 physical cores, 56 logical processors, using up to 1 threads

Non-default parameters:
TimeLimit  2.0773000912666321e+03
Method  1
Seed  20260919
Threads  1

Optimize a model with 189 rows, 42830 columns and 1174360 nonzeros
Coefficient statistics:
  Matrix range     [1e+00, 1e+00]
  Objective range  [1e+05, 5e+05]
  Bounds range     [1e+00, 1e+00]
  RHS range        [1e+00, 8e+00]
LP warm-start: use basis

Iteration    Objective       Primal Inf.    Dual Inf.      Time
       0   -4.5645653e+29   8.684374e+31   4.564565e-01      0s
      96    8.0036270e+05   0.000000e+00   0.000000e+00      0s

Solved in 96 iterations and 0.18 seconds (0.31 work units)
Optimal objective  8.003627048e+05
Set parameter TimeLimit to value 2.0761335339546204e+03
Gurobi Optimizer version 12.0.3 build v12.0.3rc0 (linux64 - "Ubuntu 24.04.4 LTS")

CPU model: Intel(R) Xeon(R) Gold 6258R CPU @ 2.70GHz, instruction set [SSE2|AVX|AVX2|AVX512]
Thread count: 56 physical cores, 56 logical processors, using up to 1 threads

Non-default parameters:
TimeLimit  2.0761335339546204e+03
Method  1
Seed  20260919
Threads  1

Optimize a model with 189 rows, 42838 columns and 1174615 nonzeros
Coefficient statistics:
  Matrix range     [1e+00, 1e+00]
  Objective range  [1e+05, 5e+05]
  Bounds range     [1e+00, 1e+00]
  RHS range        [1e+00, 8e+00]
LP warm-start: use basis

Iteration    Objective       Primal Inf.    Dual Inf.      Time
       0   -2.5813128e+29   2.282120e+32   2.581313e-01      0s
      45    8.0036270e+05   0.000000e+00   0.000000e+00      0s

Solved in 45 iterations and 0.12 seconds (0.16 work units)
Optimal objective  8.003627046e+05
Set parameter TimeLimit to value 2.0750285592079163e+03
Gurobi Optimizer version 12.0.3 build v12.0.3rc0 (linux64 - "Ubuntu 24.04.4 LTS")

CPU model: Intel(R) Xeon(R) Gold 6258R CPU @ 2.70GHz, instruction set [SSE2|AVX|AVX2|AVX512]
Thread count: 56 physical cores, 56 logical processors, using up to 1 threads

Non-default parameters:
TimeLimit  2.0750285592079163e+03
Method  1
Seed  20260919
Threads  1

Optimize a model with 189 rows, 42844 columns and 1174792 nonzeros
Coefficient statistics:
  Matrix range     [1e+00, 1e+00]
  Objective range  [1e+05, 5e+05]
  Bounds range     [1e+00, 1e+00]
  RHS range        [1e+00, 8e+00]
LP warm-start: use basis

Iteration    Objective       Primal Inf.    Dual Inf.      Time
       0   -1.3895095e+29   1.239354e+32   1.389510e-01      0s
       3    8.0036270e+05   0.000000e+00   0.000000e+00      0s

Solved in 3 iterations and 0.06 seconds (0.02 work units)
Optimal objective  8.003627046e+05
Set parameter TimeLimit to value 2.0739869990348816e+03
Gurobi Optimizer version 12.0.3 build v12.0.3rc0 (linux64 - "Ubuntu 24.04.4 LTS")

CPU model: Intel(R) Xeon(R) Gold 6258R CPU @ 2.70GHz, instruction set [SSE2|AVX|AVX2|AVX512]
Thread count: 56 physical cores, 56 logical processors, using up to 1 threads

Non-default parameters:
TimeLimit  2.0739869990348816e+03
Method  1
Seed  20260919
Threads  1

Optimize a model with 189 rows, 42849 columns and 1174967 nonzeros
Coefficient statistics:
  Matrix range     [1e+00, 1e+00]
  Objective range  [1e+05, 5e+05]
  Bounds range     [1e+00, 1e+00]
  RHS range        [1e+00, 8e+00]
LP warm-start: use basis

Iteration    Objective       Primal Inf.    Dual Inf.      Time
       0   -1.0412012e+29   4.462039e+31   1.041201e-01      0s
     125    8.0036270e+05   0.000000e+00   0.000000e+00      0s

Solved in 125 iterations and 0.23 seconds (0.41 work units)
Optimal objective  8.003627045e+05
Set parameter TimeLimit to value 2.0727742028236389e+03
Gurobi Optimizer version 12.0.3 build v12.0.3rc0 (linux64 - "Ubuntu 24.04.4 LTS")

CPU model: Intel(R) Xeon(R) Gold 6258R CPU @ 2.70GHz, instruction set [SSE2|AVX|AVX2|AVX512]
Thread count: 56 physical cores, 56 logical processors, using up to 1 threads

Non-default parameters:
TimeLimit  2.0727742028236389e+03
Method  1
Seed  20260919
Threads  1

Optimize a model with 189 rows, 42867 columns and 1175510 nonzeros
Coefficient statistics:
  Matrix range     [1e+00, 1e+00]
  Objective range  [1e+05, 5e+05]
  Bounds range     [1e+00, 1e+00]
  RHS range        [1e+00, 8e+00]
LP warm-start: use basis

Iteration    Objective       Primal Inf.    Dual Inf.      Time
       0   -2.9965294e+29   1.507180e+32   2.996529e-01      0s
     143    8.0036270e+05   0.000000e+00   0.000000e+00      0s

Solved in 143 iterations and 0.24 seconds (0.44 work units)
Optimal objective  8.003627039e+05
Set parameter TimeLimit to value 2.0715352149009705e+03
Gurobi Optimizer version 12.0.3 build v12.0.3rc0 (linux64 - "Ubuntu 24.04.4 LTS")

CPU model: Intel(R) Xeon(R) Gold 6258R CPU @ 2.70GHz, instruction set [SSE2|AVX|AVX2|AVX512]
Thread count: 56 physical cores, 56 logical processors, using up to 1 threads

Non-default parameters:
TimeLimit  2.0715352149009705e+03
Method  1
Seed  20260919
Threads  1

Optimize a model with 189 rows, 42875 columns and 1175704 nonzeros
Coefficient statistics:
  Matrix range     [1e+00, 1e+00]
  Objective range  [1e+05, 5e+05]
  Bounds range     [1e+00, 1e+00]
  RHS range        [1e+00, 8e+00]
LP warm-start: use basis

Iteration    Objective       Primal Inf.    Dual Inf.      Time
       0   -2.0025388e+29   4.797039e+32   2.002540e-01      0s
       3    8.0036270e+05   0.000000e+00   0.000000e+00      0s

Solved in 3 iterations and 0.05 seconds (0.02 work units)
Optimal objective  8.003627039e+05
Set parameter TimeLimit to value 2.0704903020858765e+03
Gurobi Optimizer version 12.0.3 build v12.0.3rc0 (linux64 - "Ubuntu 24.04.4 LTS")

CPU model: Intel(R) Xeon(R) Gold 6258R CPU @ 2.70GHz, instruction set [SSE2|AVX|AVX2|AVX512]
Thread count: 56 physical cores, 56 logical processors, using up to 1 threads

Non-default parameters:
TimeLimit  2.0704903020858765e+03
Method  1
Seed  20260919
Threads  1

Optimize a model with 189 rows, 42876 columns and 1175743 nonzeros
Coefficient statistics:
  Matrix range     [1e+00, 1e+00]
  Objective range  [1e+05, 5e+05]
  Bounds range     [1e+00, 1e+00]
  RHS range        [1e+00, 8e+00]
LP warm-start: use basis

Iteration    Objective       Primal Inf.    Dual Inf.      Time
       0   -5.3055998e+28   8.725989e+31   5.305599e-02      0s
       1    8.0036270e+05   0.000000e+00   0.000000e+00      0s

Solved in 1 iterations and 0.05 seconds (0.02 work units)
Optimal objective  8.003627039e+05
Set parameter TimeLimit to value 2.0694486954212189e+03
Gurobi Optimizer version 12.0.3 build v12.0.3rc0 (linux64 - "Ubuntu 24.04.4 LTS")

CPU model: Intel(R) Xeon(R) Gold 6258R CPU @ 2.70GHz, instruction set [SSE2|AVX|AVX2|AVX512]
Thread count: 56 physical cores, 56 logical processors, using up to 1 threads

Non-default parameters:
TimeLimit  2.0694486954212189e+03
Method  1
Seed  20260919
Threads  1

Optimize a model with 189 rows, 42880 columns and 1175874 nonzeros
Coefficient statistics:
  Matrix range     [1e+00, 1e+00]
  Objective range  [1e+05, 5e+05]
  Bounds range     [1e+00, 1e+00]
  RHS range        [1e+00, 8e+00]
LP warm-start: use basis

Iteration    Objective       Primal Inf.    Dual Inf.      Time
       0   -8.3401147e+29   3.275780e+32   8.340114e-01      0s
      15    8.0036270e+05   0.000000e+00   0.000000e+00      0s

Solved in 15 iterations and 0.08 seconds (0.07 work units)
Optimal objective  8.003627039e+05
Set parameter TimeLimit to value 2.0683819358348846e+03
Gurobi Optimizer version 12.0.3 build v12.0.3rc0 (linux64 - "Ubuntu 24.04.4 LTS")

CPU model: Intel(R) Xeon(R) Gold 6258R CPU @ 2.70GHz, instruction set [SSE2|AVX|AVX2|AVX512]
Thread count: 56 physical cores, 56 logical processors, using up to 1 threads

Non-default parameters:
TimeLimit  2.0683819358348846e+03
Method  1
Seed  20260919
Threads  1

Optimize a model with 189 rows, 42881 columns and 1175913 nonzeros
Coefficient statistics:
  Matrix range     [1e+00, 1e+00]
  Objective range  [1e+05, 5e+05]
  Bounds range     [1e+00, 1e+00]
  RHS range        [1e+00, 8e+00]
LP warm-start: use basis

Iteration    Objective       Primal Inf.    Dual Inf.      Time
       0   -4.7327397e+28   8.878726e+31   4.732739e-02      0s
       1    8.0036270e+05   0.000000e+00   0.000000e+00      0s

Solved in 1 iterations and 0.05 seconds (0.02 work units)
Optimal objective  8.003627039e+05
Set parameter TimeLimit to value 2.0673443837165833e+03
Gurobi Optimizer version 12.0.3 build v12.0.3rc0 (linux64 - "Ubuntu 24.04.4 LTS")

CPU model: Intel(R) Xeon(R) Gold 6258R CPU @ 2.70GHz, instruction set [SSE2|AVX|AVX2|AVX512]
Thread count: 56 physical cores, 56 logical processors, using up to 1 threads

Non-default parameters:
TimeLimit  2.0673443837165833e+03
Method  1
Seed  20260919
Threads  1

Optimize a model with 189 rows, 42881 columns and 1175913 nonzeros
Coefficient statistics:
  Matrix range     [1e+00, 1e+00]
  Objective range  [1e+05, 5e+05]
  Bounds range     [1e+00, 1e+00]
  RHS range        [1e+00, 8e+00]
LP warm-start: use basis

Iteration    Objective       Primal Inf.    Dual Inf.      Time
       0   -4.7327260e+28   8.296515e+31   4.732730e-02      0s
     163    8.0036270e+05   0.000000e+00   0.000000e+00      0s

Solved in 163 iterations and 0.30 seconds (0.58 work units)
Optimal objective  8.003627031e+05
Set parameter TimeLimit to value 2.0660666930675507e+03
Gurobi Optimizer version 12.0.3 build v12.0.3rc0 (linux64 - "Ubuntu 24.04.4 LTS")

CPU model: Intel(R) Xeon(R) Gold 6258R CPU @ 2.70GHz, instruction set [SSE2|AVX|AVX2|AVX512]
Thread count: 56 physical cores, 56 logical processors, using up to 1 threads

Non-default parameters:
TimeLimit  2.0660666930675507e+03
Method  1
Seed  20260919
Threads  1

Optimize a model with 189 rows, 42884 columns and 1176005 nonzeros
Coefficient statistics:
  Matrix range     [1e+00, 1e+00]
  Objective range  [1e+05, 5e+05]
  Bounds range     [1e+00, 1e+00]
  RHS range        [1e+00, 8e+00]
LP warm-start: use basis

Iteration    Objective       Primal Inf.    Dual Inf.      Time
       0   -1.0040312e+29   1.778191e+32   1.004031e-01      0s
      76    8.0036270e+05   0.000000e+00   0.000000e+00      0s

Solved in 76 iterations and 0.17 seconds (0.28 work units)
Optimal objective  8.003627025e+05
Set parameter TimeLimit to value 2.0649052858352661e+03
Gurobi Optimizer version 12.0.3 build v12.0.3rc0 (linux64 - "Ubuntu 24.04.4 LTS")

CPU model: Intel(R) Xeon(R) Gold 6258R CPU @ 2.70GHz, instruction set [SSE2|AVX|AVX2|AVX512]
Thread count: 56 physical cores, 56 logical processors, using up to 1 threads

Non-default parameters:
TimeLimit  2.0649052858352661e+03
Method  1
Seed  20260919
Threads  1

Optimize a model with 189 rows, 42886 columns and 1176071 nonzeros
Coefficient statistics:
  Matrix range     [1e+00, 1e+00]
  Objective range  [1e+05, 5e+05]
  Bounds range     [1e+00, 1e+00]
  RHS range        [1e+00, 8e+00]
LP warm-start: use basis

Iteration    Objective       Primal Inf.    Dual Inf.      Time
       0   -8.9499086e+28   9.769191e+31   8.949911e-02      0s
     192    8.0036270e+05   0.000000e+00   0.000000e+00      0s

Solved in 192 iterations and 0.32 seconds (0.62 work units)
Optimal objective  8.003627023e+05
Set parameter TimeLimit to value 2.0635902221202850e+03
Gurobi Optimizer version 12.0.3 build v12.0.3rc0 (linux64 - "Ubuntu 24.04.4 LTS")

CPU model: Intel(R) Xeon(R) Gold 6258R CPU @ 2.70GHz, instruction set [SSE2|AVX|AVX2|AVX512]
Thread count: 56 physical cores, 56 logical processors, using up to 1 threads

Non-default parameters:
TimeLimit  2.0635902221202850e+03
Method  1
Seed  20260919
Threads  1

Optimize a model with 189 rows, 42890 columns and 1176187 nonzeros
Coefficient statistics:
  Matrix range     [1e+00, 1e+00]
  Objective range  [1e+05, 5e+05]
  Bounds range     [1e+00, 1e+00]
  RHS range        [1e+00, 8e+00]
LP warm-start: use basis

Iteration    Objective       Primal Inf.    Dual Inf.      Time
       0   -8.5327077e+28   5.459068e+31   8.532709e-02      0s
      69    8.0036270e+05   0.000000e+00   0.000000e+00      0s

Solved in 69 iterations and 0.15 seconds (0.24 work units)
Optimal objective  8.003627023e+05
Set parameter TimeLimit to value 2.0624509098529816e+03
Gurobi Optimizer version 12.0.3 build v12.0.3rc0 (linux64 - "Ubuntu 24.04.4 LTS")

CPU model: Intel(R) Xeon(R) Gold 6258R CPU @ 2.70GHz, instruction set [SSE2|AVX|AVX2|AVX512]
Thread count: 56 physical cores, 56 logical processors, using up to 1 threads

Non-default parameters:
TimeLimit  2.0624509098529816e+03
Method  1
Seed  20260919
Threads  1

Optimize a model with 189 rows, 42892 columns and 1176256 nonzeros
Coefficient statistics:
  Matrix range     [1e+00, 1e+00]
  Objective range  [1e+05, 5e+05]
  Bounds range     [1e+00, 1e+00]
  RHS range        [1e+00, 8e+00]
LP warm-start: use basis

Iteration    Objective       Primal Inf.    Dual Inf.      Time
       0   -3.7706506e+28   5.383614e+31   3.770651e-02      0s
       2    8.0036270e+05   0.000000e+00   0.000000e+00      0s

Solved in 2 iterations and 0.05 seconds (0.02 work units)
Optimal objective  8.003627023e+05
Set parameter TimeLimit to value 2.0613888306617737e+03
Gurobi Optimizer version 12.0.3 build v12.0.3rc0 (linux64 - "Ubuntu 24.04.4 LTS")

CPU model: Intel(R) Xeon(R) Gold 6258R CPU @ 2.70GHz, instruction set [SSE2|AVX|AVX2|AVX512]
Thread count: 56 physical cores, 56 logical processors, using up to 1 threads

Non-default parameters:
TimeLimit  2.0613888306617737e+03
Method  1
Seed  20260919
Threads  1

Optimize a model with 189 rows, 42894 columns and 1176329 nonzeros
Coefficient statistics:
  Matrix range     [1e+00, 1e+00]
  Objective range  [1e+05, 5e+05]
  Bounds range     [1e+00, 1e+00]
  RHS range        [1e+00, 8e+00]
LP warm-start: use basis

Iteration    Objective       Primal Inf.    Dual Inf.      Time
       0   -3.4528844e+28   4.934542e+31   3.452885e-02      0s
       3    8.0036270e+05   0.000000e+00   0.000000e+00      0s

Solved in 3 iterations and 0.06 seconds (0.02 work units)
Optimal objective  8.003627023e+05
Set parameter TimeLimit to value 2.0603384904861450e+03
Gurobi Optimizer version 12.0.3 build v12.0.3rc0 (linux64 - "Ubuntu 24.04.4 LTS")

CPU model: Intel(R) Xeon(R) Gold 6258R CPU @ 2.70GHz, instruction set [SSE2|AVX|AVX2|AVX512]
Thread count: 56 physical cores, 56 logical processors, using up to 1 threads

Non-default parameters:
TimeLimit  2.0603384904861450e+03
Method  1
Seed  20260919
Threads  1

Optimize a model with 189 rows, 42895 columns and 1176369 nonzeros
Coefficient statistics:
  Matrix range     [1e+00, 1e+00]
  Objective range  [1e+05, 5e+05]
  Bounds range     [1e+00, 1e+00]
  RHS range        [1e+00, 8e+00]
LP warm-start: use basis

Iteration    Objective       Primal Inf.    Dual Inf.      Time
       0   -2.0378435e+28   2.063533e+31   2.037844e-02      0s
      71    8.0036270e+05   0.000000e+00   0.000000e+00      0s

Solved in 71 iterations and 0.16 seconds (0.26 work units)
Optimal objective  8.003627022e+05
Set parameter TimeLimit to value 2.0591576256752014e+03
Gurobi Optimizer version 12.0.3 build v12.0.3rc0 (linux64 - "Ubuntu 24.04.4 LTS")

CPU model: Intel(R) Xeon(R) Gold 6258R CPU @ 2.70GHz, instruction set [SSE2|AVX|AVX2|AVX512]
Thread count: 56 physical cores, 56 logical processors, using up to 1 threads

Non-default parameters:
TimeLimit  2.0591576256752014e+03
Method  1
Seed  20260919
Threads  1

Optimize a model with 189 rows, 42899 columns and 1176492 nonzeros
Coefficient statistics:
  Matrix range     [1e+00, 1e+00]
  Objective range  [1e+05, 5e+05]
  Bounds range     [1e+00, 1e+00]
  RHS range        [1e+00, 8e+00]
LP warm-start: use basis

Iteration    Objective       Primal Inf.    Dual Inf.      Time
       0   -1.0131742e+29   8.157339e+31   1.013174e-01      0s
       4    8.0036270e+05   0.000000e+00   0.000000e+00      0s

Solved in 4 iterations and 0.05 seconds (0.02 work units)
Optimal objective  8.003627022e+05
Set parameter TimeLimit to value 2.0581100876331329e+03
Gurobi Optimizer version 12.0.3 build v12.0.3rc0 (linux64 - "Ubuntu 24.04.4 LTS")

CPU model: Intel(R) Xeon(R) Gold 6258R CPU @ 2.70GHz, instruction set [SSE2|AVX|AVX2|AVX512]
Thread count: 56 physical cores, 56 logical processors, using up to 1 threads

Non-default parameters:
TimeLimit  2.0581100876331329e+03
Method  1
Seed  20260919
Threads  1

Optimize a model with 189 rows, 42900 columns and 1176527 nonzeros
Coefficient statistics:
  Matrix range     [1e+00, 1e+00]
  Objective range  [1e+05, 5e+05]
  Bounds range     [1e+00, 1e+00]
  RHS range        [1e+00, 8e+00]
LP warm-start: use basis

Iteration    Objective       Primal Inf.    Dual Inf.      Time
       0   -2.4617481e+28   9.792152e+31   2.461749e-02      0s
      93    8.0036270e+05   0.000000e+00   0.000000e+00      0s

Solved in 93 iterations and 0.19 seconds (0.33 work units)
Optimal objective  8.003627022e+05
Set parameter TimeLimit to value 2.0569242732524872e+03
Gurobi Optimizer version 12.0.3 build v12.0.3rc0 (linux64 - "Ubuntu 24.04.4 LTS")

CPU model: Intel(R) Xeon(R) Gold 6258R CPU @ 2.70GHz, instruction set [SSE2|AVX|AVX2|AVX512]
Thread count: 56 physical cores, 56 logical processors, using up to 1 threads

Non-default parameters:
TimeLimit  2.0569242732524872e+03
Method  1
Seed  20260919
Threads  1

Optimize a model with 189 rows, 42901 columns and 1176562 nonzeros
Coefficient statistics:
  Matrix range     [1e+00, 1e+00]
  Objective range  [1e+05, 5e+05]
  Bounds range     [1e+00, 1e+00]
  RHS range        [1e+00, 8e+00]
LP warm-start: use basis

Iteration    Objective       Primal Inf.    Dual Inf.      Time
       0   -2.4617529e+28   7.322076e+31   2.461756e-02      0s
       2    8.0036270e+05   0.000000e+00   0.000000e+00      0s

Solved in 2 iterations and 0.05 seconds (0.02 work units)
Optimal objective  8.003627022e+05
Set parameter TimeLimit to value 2.0558871951103210e+03
Gurobi Optimizer version 12.0.3 build v12.0.3rc0 (linux64 - "Ubuntu 24.04.4 LTS")

CPU model: Intel(R) Xeon(R) Gold 6258R CPU @ 2.70GHz, instruction set [SSE2|AVX|AVX2|AVX512]
Thread count: 56 physical cores, 56 logical processors, using up to 1 threads

Non-default parameters:
TimeLimit  2.0558871951103210e+03
Method  1
Seed  20260919
Threads  1

Optimize a model with 189 rows, 42902 columns and 1176599 nonzeros
Coefficient statistics:
  Matrix range     [1e+00, 1e+00]
  Objective range  [1e+05, 5e+05]
  Bounds range     [1e+00, 1e+00]
  RHS range        [1e+00, 8e+00]
LP warm-start: use basis

Iteration    Objective       Primal Inf.    Dual Inf.      Time
       0   -1.4740052e+28   2.421480e+31   1.474004e-02      0s
       1    8.0036270e+05   0.000000e+00   0.000000e+00      0s

Solved in 1 iterations and 0.05 seconds (0.02 work units)
Optimal objective  8.003627022e+05
Set parameter TimeLimit to value 2.0548417015075684e+03
Gurobi Optimizer version 12.0.3 build v12.0.3rc0 (linux64 - "Ubuntu 24.04.4 LTS")

CPU model: Intel(R) Xeon(R) Gold 6258R CPU @ 2.70GHz, instruction set [SSE2|AVX|AVX2|AVX512]
Thread count: 56 physical cores, 56 logical processors, using up to 1 threads

Non-default parameters:
TimeLimit  2.0548417015075684e+03
Method  1
Seed  20260919
Threads  1

Optimize a model with 189 rows, 42903 columns and 1176636 nonzeros
Coefficient statistics:
  Matrix range     [1e+00, 1e+00]
  Objective range  [1e+05, 5e+05]
  Bounds range     [1e+00, 1e+00]
  RHS range        [1e+00, 8e+00]
LP warm-start: use basis

Iteration    Objective       Primal Inf.    Dual Inf.      Time
       0   -1.4740031e+28   2.544935e+31   1.474003e-02      0s
      14    8.0036270e+05   0.000000e+00   0.000000e+00      0s

Solved in 14 iterations and 0.08 seconds (0.07 work units)
Optimal objective  8.003627021e+05
Set parameter TimeLimit to value 2.0537533113956451e+03
Gurobi Optimizer version 12.0.3 build v12.0.3rc0 (linux64 - "Ubuntu 24.04.4 LTS")

CPU model: Intel(R) Xeon(R) Gold 6258R CPU @ 2.70GHz, instruction set [SSE2|AVX|AVX2|AVX512]
Thread count: 56 physical cores, 56 logical processors, using up to 1 threads

Non-default parameters:
TimeLimit  2.0537533113956451e+03
Method  1
Seed  20260919
Threads  1

Optimize a model with 189 rows, 42908 columns and 1176800 nonzeros
Coefficient statistics:
  Matrix range     [1e+00, 1e+00]
  Objective range  [1e+05, 5e+05]
  Bounds range     [1e+00, 1e+00]
  RHS range        [1e+00, 8e+00]
LP warm-start: use basis

Iteration    Objective       Primal Inf.    Dual Inf.      Time
       0   -1.8351467e+28   8.403502e+31   1.835145e-02      0s
       3    8.0036270e+05   0.000000e+00   0.000000e+00      0s

Solved in 3 iterations and 0.06 seconds (0.02 work units)
Optimal objective  8.003627021e+05
Set parameter TimeLimit to value 2.0526800878047943e+03
Gurobi Optimizer version 12.0.3 build v12.0.3rc0 (linux64 - "Ubuntu 24.04.4 LTS")

CPU model: Intel(R) Xeon(R) Gold 6258R CPU @ 2.70GHz, instruction set [SSE2|AVX|AVX2|AVX512]
Thread count: 56 physical cores, 56 logical processors, using up to 1 threads

Non-default parameters:
TimeLimit  2.0526800878047943e+03
Method  1
Seed  20260919
Threads  1

Optimize a model with 189 rows, 42913 columns and 1176967 nonzeros
Coefficient statistics:
  Matrix range     [1e+00, 1e+00]
  Objective range  [1e+05, 5e+05]
  Bounds range     [1e+00, 1e+00]
  RHS range        [1e+00, 8e+00]
LP warm-start: use basis

Iteration    Objective       Primal Inf.    Dual Inf.      Time
       0   -1.8351429e+28   4.261086e+31   1.835143e-02      0s
      38    8.0036270e+05   0.000000e+00   0.000000e+00      0s

Solved in 38 iterations and 0.12 seconds (0.15 work units)
Optimal objective  8.003627020e+05
Set parameter TimeLimit to value 2.0515084650516510e+03
Gurobi Optimizer version 12.0.3 build v12.0.3rc0 (linux64 - "Ubuntu 24.04.4 LTS")

CPU model: Intel(R) Xeon(R) Gold 6258R CPU @ 2.70GHz, instruction set [SSE2|AVX|AVX2|AVX512]
Thread count: 56 physical cores, 56 logical processors, using up to 1 threads

Non-default parameters:
TimeLimit  2.0515084650516510e+03
Method  1
Seed  20260919
Threads  1

Optimize a model with 189 rows, 42918 columns and 1177144 nonzeros
Coefficient statistics:
  Matrix range     [1e+00, 1e+00]
  Objective range  [1e+05, 5e+05]
  Bounds range     [1e+00, 1e+00]
  RHS range        [1e+00, 8e+00]
LP warm-start: use basis

Iteration    Objective       Primal Inf.    Dual Inf.      Time
       0   -2.3448267e+28   3.567099e+31   2.344826e-02      0s
      27    8.0036270e+05   0.000000e+00   0.000000e+00      0s

Solved in 27 iterations and 0.10 seconds (0.11 work units)
Optimal objective  8.003627020e+05
Set parameter TimeLimit to value 2.0503993914127350e+03
Gurobi Optimizer version 12.0.3 build v12.0.3rc0 (linux64 - "Ubuntu 24.04.4 LTS")

CPU model: Intel(R) Xeon(R) Gold 6258R CPU @ 2.70GHz, instruction set [SSE2|AVX|AVX2|AVX512]
Thread count: 56 physical cores, 56 logical processors, using up to 1 threads

Non-default parameters:
TimeLimit  2.0503993914127350e+03
Method  1
Seed  20260919
Threads  1

Optimize a model with 189 rows, 42922 columns and 1177282 nonzeros
Coefficient statistics:
  Matrix range     [1e+00, 1e+00]
  Objective range  [1e+05, 5e+05]
  Bounds range     [1e+00, 1e+00]
  RHS range        [1e+00, 8e+00]
LP warm-start: use basis

Iteration    Objective       Primal Inf.    Dual Inf.      Time
       0   -1.7482068e+29   8.959711e+31   1.748207e-01      0s
       5    8.0036270e+05   0.000000e+00   0.000000e+00      0s

Solved in 5 iterations and 0.05 seconds (0.02 work units)
Optimal objective  8.003627020e+05
Set parameter TimeLimit to value 2049.35706615448
Gurobi Optimizer version 12.0.3 build v12.0.3rc0 (linux64 - "Ubuntu 24.04.4 LTS")

CPU model: Intel(R) Xeon(R) Gold 6258R CPU @ 2.70GHz, instruction set [SSE2|AVX|AVX2|AVX512]
Thread count: 56 physical cores, 56 logical processors, using up to 1 threads

Non-default parameters:
TimeLimit  2049.35706615448
Method  1
Seed  20260919
Threads  1

Optimize a model with 189 rows, 42926 columns and 1177424 nonzeros
Coefficient statistics:
  Matrix range     [1e+00, 1e+00]
  Objective range  [1e+05, 5e+05]
  Bounds range     [1e+00, 1e+00]
  RHS range        [1e+00, 8e+00]
LP warm-start: use basis

Iteration    Objective       Primal Inf.    Dual Inf.      Time
       0   -1.3866542e+29   6.173138e+31   1.386654e-01      0s
       5    8.0036270e+05   0.000000e+00   0.000000e+00      0s

Solved in 5 iterations and 0.05 seconds (0.02 work units)
Optimal objective  8.003627020e+05
Set parameter TimeLimit to value 2.0482984495162964e+03
Gurobi Optimizer version 12.0.3 build v12.0.3rc0 (linux64 - "Ubuntu 24.04.4 LTS")

CPU model: Intel(R) Xeon(R) Gold 6258R CPU @ 2.70GHz, instruction set [SSE2|AVX|AVX2|AVX512]
Thread count: 56 physical cores, 56 logical processors, using up to 1 threads

Non-default parameters:
TimeLimit  2.0482984495162964e+03
Method  1
Seed  20260919
Threads  1

Optimize a model with 189 rows, 42930 columns and 1177554 nonzeros
Coefficient statistics:
  Matrix range     [1e+00, 1e+00]
  Objective range  [1e+05, 5e+05]
  Bounds range     [1e+00, 1e+00]
  RHS range        [1e+00, 8e+00]
LP warm-start: use basis

Iteration    Objective       Primal Inf.    Dual Inf.      Time
       0   -1.9222418e+28   2.713842e+31   1.922242e-02      0s
     107    8.0036270e+05   0.000000e+00   0.000000e+00      0s

Solved in 107 iterations and 0.21 seconds (0.37 work units)
Optimal objective  8.003627018e+05
Set parameter TimeLimit to value 2.0470647118091583e+03
Gurobi Optimizer version 12.0.3 build v12.0.3rc0 (linux64 - "Ubuntu 24.04.4 LTS")

CPU model: Intel(R) Xeon(R) Gold 6258R CPU @ 2.70GHz, instruction set [SSE2|AVX|AVX2|AVX512]
Thread count: 56 physical cores, 56 logical processors, using up to 1 threads

Non-default parameters:
TimeLimit  2.0470647118091583e+03
Method  1
Seed  20260919
Threads  1

Optimize a model with 189 rows, 42939 columns and 1177854 nonzeros
Coefficient statistics:
  Matrix range     [1e+00, 1e+00]
  Objective range  [1e+05, 5e+05]
  Bounds range     [1e+00, 1e+00]
  RHS range        [1e+00, 8e+00]
LP warm-start: use basis

Iteration    Objective       Primal Inf.    Dual Inf.      Time
       0   -1.5486911e+28   1.941484e+32   1.548692e-02      0s
      57    8.0036270e+05   0.000000e+00   0.000000e+00      0s

Solved in 57 iterations and 0.14 seconds (0.20 work units)
Optimal objective  8.003627018e+05
Set parameter TimeLimit to value 2.0459155440330505e+03
Gurobi Optimizer version 12.0.3 build v12.0.3rc0 (linux64 - "Ubuntu 24.04.4 LTS")

CPU model: Intel(R) Xeon(R) Gold 6258R CPU @ 2.70GHz, instruction set [SSE2|AVX|AVX2|AVX512]
Thread count: 56 physical cores, 56 logical processors, using up to 1 threads

Non-default parameters:
TimeLimit  2.0459155440330505e+03
Method  1
Seed  20260919
Threads  1

Optimize a model with 189 rows, 42941 columns and 1177919 nonzeros
Coefficient statistics:
  Matrix range     [1e+00, 1e+00]
  Objective range  [1e+05, 5e+05]
  Bounds range     [1e+00, 1e+00]
  RHS range        [1e+00, 8e+00]
LP warm-start: use basis

Iteration    Objective       Primal Inf.    Dual Inf.      Time
       0   -4.5382341e+27   4.217128e+31   4.538243e-03      0s
       2    8.0036270e+05   0.000000e+00   0.000000e+00      0s

Solved in 2 iterations and 0.06 seconds (0.02 work units)
Optimal objective  8.003627018e+05
Set parameter TimeLimit to value 2.0448172693252563e+03
Gurobi Optimizer version 12.0.3 build v12.0.3rc0 (linux64 - "Ubuntu 24.04.4 LTS")

CPU model: Intel(R) Xeon(R) Gold 6258R CPU @ 2.70GHz, instruction set [SSE2|AVX|AVX2|AVX512]
Thread count: 56 physical cores, 56 logical processors, using up to 1 threads

Non-default parameters:
TimeLimit  2.0448172693252563e+03
Method  1
Seed  20260919
Threads  1

Optimize a model with 189 rows, 42943 columns and 1177981 nonzeros
Coefficient statistics:
  Matrix range     [1e+00, 1e+00]
  Objective range  [1e+05, 5e+05]
  Bounds range     [1e+00, 1e+00]
  RHS range        [1e+00, 8e+00]
LP warm-start: use basis

Iteration    Objective       Primal Inf.    Dual Inf.      Time
       0   -4.5382417e+27   3.578661e+31   4.538238e-03      0s
      39    8.0036270e+05   0.000000e+00   0.000000e+00      0s

Solved in 39 iterations and 0.12 seconds (0.16 work units)
Optimal objective  8.003627018e+05
Set parameter TimeLimit to value 2.0436635870933533e+03
Gurobi Optimizer version 12.0.3 build v12.0.3rc0 (linux64 - "Ubuntu 24.04.4 LTS")

CPU model: Intel(R) Xeon(R) Gold 6258R CPU @ 2.70GHz, instruction set [SSE2|AVX|AVX2|AVX512]
Thread count: 56 physical cores, 56 logical processors, using up to 1 threads

Non-default parameters:
TimeLimit  2.0436635870933533e+03
Method  1
Seed  20260919
Threads  1

Optimize a model with 189 rows, 42945 columns and 1178045 nonzeros
Coefficient statistics:
  Matrix range     [1e+00, 1e+00]
  Objective range  [1e+05, 5e+05]
  Bounds range     [1e+00, 1e+00]
  RHS range        [1e+00, 8e+00]
LP warm-start: use basis

Iteration    Objective       Primal Inf.    Dual Inf.      Time
       0   -4.4216110e+27   5.560331e+31   4.421617e-03      0s
      65    8.0036270e+05   0.000000e+00   0.000000e+00      0s

Solved in 65 iterations and 0.16 seconds (0.24 work units)
Optimal objective  8.003627017e+05
Set parameter TimeLimit to value 2.0424992072582245e+03
Gurobi Optimizer version 12.0.3 build v12.0.3rc0 (linux64 - "Ubuntu 24.04.4 LTS")

CPU model: Intel(R) Xeon(R) Gold 6258R CPU @ 2.70GHz, instruction set [SSE2|AVX|AVX2|AVX512]
Thread count: 56 physical cores, 56 logical processors, using up to 1 threads

Non-default parameters:
TimeLimit  2.0424992072582245e+03
Method  1
Seed  20260919
Threads  1

Optimize a model with 189 rows, 42946 columns and 1178082 nonzeros
Coefficient statistics:
  Matrix range     [1e+00, 1e+00]
  Objective range  [1e+05, 5e+05]
  Bounds range     [1e+00, 1e+00]
  RHS range        [1e+00, 8e+00]
LP warm-start: use basis

Iteration    Objective       Primal Inf.    Dual Inf.      Time
       0   -3.1215578e+27   4.745869e+31   3.121553e-03      0s
       2    8.0036270e+05   0.000000e+00   0.000000e+00      0s

Solved in 2 iterations and 0.05 seconds (0.02 work units)
Optimal objective  8.003627017e+05
Set parameter TimeLimit to value 2.0414523391723633e+03
Gurobi Optimizer version 12.0.3 build v12.0.3rc0 (linux64 - "Ubuntu 24.04.4 LTS")

CPU model: Intel(R) Xeon(R) Gold 6258R CPU @ 2.70GHz, instruction set [SSE2|AVX|AVX2|AVX512]
Thread count: 56 physical cores, 56 logical processors, using up to 1 threads

Non-default parameters:
TimeLimit  2.0414523391723633e+03
Method  1
Seed  20260919
Threads  1

Optimize a model with 189 rows, 42947 columns and 1178120 nonzeros
Coefficient statistics:
  Matrix range     [1e+00, 1e+00]
  Objective range  [1e+05, 5e+05]
  Bounds range     [1e+00, 1e+00]
  RHS range        [1e+00, 8e+00]
LP warm-start: use basis

Iteration    Objective       Primal Inf.    Dual Inf.      Time
       0   -3.1215182e+27   4.689631e+31   3.121515e-03      0s
       2    8.0036270e+05   0.000000e+00   0.000000e+00      0s

Solved in 2 iterations and 0.06 seconds (0.02 work units)
Optimal objective  8.003627017e+05
Set parameter TimeLimit to value 2.0404029800891876e+03
Gurobi Optimizer version 12.0.3 build v12.0.3rc0 (linux64 - "Ubuntu 24.04.4 LTS")

CPU model: Intel(R) Xeon(R) Gold 6258R CPU @ 2.70GHz, instruction set [SSE2|AVX|AVX2|AVX512]
Thread count: 56 physical cores, 56 logical processors, using up to 1 threads

Non-default parameters:
TimeLimit  2.0404029800891876e+03
Method  1
Seed  20260919
Threads  1

Optimize a model with 189 rows, 42948 columns and 1178148 nonzeros
Coefficient statistics:
  Matrix range     [1e+00, 1e+00]
  Objective range  [1e+05, 5e+05]
  Bounds range     [1e+00, 1e+00]
  RHS range        [1e+00, 8e+00]
LP warm-start: use basis

Iteration    Objective       Primal Inf.    Dual Inf.      Time
       0   -3.1215320e+27   4.239631e+31   3.121528e-03      0s
       1    8.0036270e+05   0.000000e+00   0.000000e+00      0s

Solved in 1 iterations and 0.05 seconds (0.02 work units)
Optimal objective  8.003627017e+05
Set parameter TimeLimit to value 2.0393591368198395e+03
Gurobi Optimizer version 12.0.3 build v12.0.3rc0 (linux64 - "Ubuntu 24.04.4 LTS")

CPU model: Intel(R) Xeon(R) Gold 6258R CPU @ 2.70GHz, instruction set [SSE2|AVX|AVX2|AVX512]
Thread count: 56 physical cores, 56 logical processors, using up to 1 threads

Non-default parameters:
TimeLimit  2.0393591368198395e+03
Method  1
Seed  20260919
Threads  1

Optimize a model with 189 rows, 42949 columns and 1178185 nonzeros
Coefficient statistics:
  Matrix range     [1e+00, 1e+00]
  Objective range  [1e+05, 5e+05]
  Bounds range     [1e+00, 1e+00]
  RHS range        [1e+00, 8e+00]
LP warm-start: use basis

Iteration    Objective       Primal Inf.    Dual Inf.      Time
       0   -3.1215330e+27   4.625512e+31   3.121534e-03      0s
      11    8.0036270e+05   0.000000e+00   0.000000e+00      0s

Solved in 11 iterations and 0.09 seconds (0.06 work units)
Optimal objective  8.003627017e+05
Set parameter TimeLimit to value 2038.11874127388
Gurobi Optimizer version 12.0.3 build v12.0.3rc0 (linux64 - "Ubuntu 24.04.4 LTS")

CPU model: Intel(R) Xeon(R) Gold 6258R CPU @ 2.70GHz, instruction set [SSE2|AVX|AVX2|AVX512]
Thread count: 56 physical cores, 56 logical processors, using up to 1 threads

Non-default parameters:
TimeLimit  2038.11874127388
Method  1
Seed  20260919
Threads  1

Optimize a model with 189 rows, 42949 columns and 1178185 nonzeros
Coefficient statistics:
  Matrix range     [1e+00, 1e+00]
  Objective range  [1e+05, 5e+05]
  Bounds range     [1e+00, 1e+00]
  RHS range        [1e+00, 8e+00]

Iteration    Objective       Primal Inf.    Dual Inf.      Time
       0    8.0036270e+05   5.596521e-01   0.000000e+00      0s
    1799    1.1540640e+06   0.000000e+00   0.000000e+00      2s

Solved in 1799 iterations and 2.37 seconds (5.52 work units)
Optimal objective  1.154064044e+06
Set parameter TimeLimit to value 2.0317383115291595e+03
Gurobi Optimizer version 12.0.3 build v12.0.3rc0 (linux64 - "Ubuntu 24.04.4 LTS")

CPU model: Intel(R) Xeon(R) Gold 6258R CPU @ 2.70GHz, instruction set [SSE2|AVX|AVX2|AVX512]
Thread count: 56 physical cores, 56 logical processors, using up to 1 threads

Non-default parameters:
TimeLimit  2.0317383115291595e+03
Method  1
Seed  20260919
Threads  1

Optimize a model with 189 rows, 42979 columns and 1179101 nonzeros
Coefficient statistics:
  Matrix range     [1e+00, 1e+00]
  Objective range  [1e+05, 5e+05]
  Bounds range     [1e+00, 1e+00]
  RHS range        [1e+00, 8e+00]
LP warm-start: use basis

Iteration    Objective       Primal Inf.    Dual Inf.      Time
       0   -6.1454388e+37   1.921920e+33   6.145439e+07      0s
     559    1.0167856e+06   0.000000e+00   0.000000e+00      1s

Solved in 559 iterations and 0.64 seconds (1.36 work units)
Optimal objective  1.016785600e+06
Set parameter TimeLimit to value 2.0271669626235962e+03
Gurobi Optimizer version 12.0.3 build v12.0.3rc0 (linux64 - "Ubuntu 24.04.4 LTS")

CPU model: Intel(R) Xeon(R) Gold 6258R CPU @ 2.70GHz, instruction set [SSE2|AVX|AVX2|AVX512]
Thread count: 56 physical cores, 56 logical processors, using up to 1 threads

Non-default parameters:
TimeLimit  2.0271669626235962e+03
Method  1
Seed  20260919
Threads  1

Optimize a model with 189 rows, 43009 columns and 1180044 nonzeros
Coefficient statistics:
  Matrix range     [1e+00, 1e+00]
  Objective range  [1e+05, 5e+05]
  Bounds range     [1e+00, 1e+00]
  RHS range        [1e+00, 8e+00]
LP warm-start: use basis

Iteration    Objective       Primal Inf.    Dual Inf.      Time
       0   -4.3288271e+37   4.462801e+33   4.328827e+07      0s
     627    9.4377796e+05   0.000000e+00   0.000000e+00      1s

Solved in 627 iterations and 0.68 seconds (1.47 work units)
Optimal objective  9.437779581e+05
Set parameter TimeLimit to value 2.0219359686374664e+03
Gurobi Optimizer version 12.0.3 build v12.0.3rc0 (linux64 - "Ubuntu 24.04.4 LTS")

CPU model: Intel(R) Xeon(R) Gold 6258R CPU @ 2.70GHz, instruction set [SSE2|AVX|AVX2|AVX512]
Thread count: 56 physical cores, 56 logical processors, using up to 1 threads

Non-default parameters:
TimeLimit  2.0219359686374664e+03
Method  1
Seed  20260919
Threads  1

Optimize a model with 189 rows, 43039 columns and 1180896 nonzeros
Coefficient statistics:
  Matrix range     [1e+00, 1e+00]
  Objective range  [1e+05, 5e+05]
  Bounds range     [1e+00, 1e+00]
  RHS range        [1e+00, 8e+00]
LP warm-start: use basis

Iteration    Objective       Primal Inf.    Dual Inf.      Time
       0   -3.7881598e+37   4.531924e+33   3.788160e+07      0s
     334    9.2679150e+05   0.000000e+00   0.000000e+00      0s

Solved in 334 iterations and 0.36 seconds (0.71 work units)
Optimal objective  9.267914998e+05
Set parameter TimeLimit to value 2.0184308481216431e+03
Gurobi Optimizer version 12.0.3 build v12.0.3rc0 (linux64 - "Ubuntu 24.04.4 LTS")

CPU model: Intel(R) Xeon(R) Gold 6258R CPU @ 2.70GHz, instruction set [SSE2|AVX|AVX2|AVX512]
Thread count: 56 physical cores, 56 logical processors, using up to 1 threads

Non-default parameters:
TimeLimit  2.0184308481216431e+03
Method  1
Seed  20260919
Threads  1

Optimize a model with 189 rows, 43069 columns and 1181805 nonzeros
Coefficient statistics:
  Matrix range     [1e+00, 1e+00]
  Objective range  [1e+05, 5e+05]
  Bounds range     [1e+00, 1e+00]
  RHS range        [1e+00, 8e+00]
LP warm-start: use basis

Iteration    Objective       Primal Inf.    Dual Inf.      Time
       0   -3.0066388e+37   2.422462e+33   3.006639e+07      0s
     166    9.1960116e+05   0.000000e+00   0.000000e+00      0s

Solved in 166 iterations and 0.21 seconds (0.37 work units)
Optimal objective  9.196011614e+05
Set parameter TimeLimit to value 2.0146142172813416e+03
Gurobi Optimizer version 12.0.3 build v12.0.3rc0 (linux64 - "Ubuntu 24.04.4 LTS")

CPU model: Intel(R) Xeon(R) Gold 6258R CPU @ 2.70GHz, instruction set [SSE2|AVX|AVX2|AVX512]
Thread count: 56 physical cores, 56 logical processors, using up to 1 threads

Non-default parameters:
TimeLimit  2.0146142172813416e+03
Method  1
Seed  20260919
Threads  1

Optimize a model with 189 rows, 43099 columns and 1182750 nonzeros
Coefficient statistics:
  Matrix range     [1e+00, 1e+00]
  Objective range  [1e+05, 5e+05]
  Bounds range     [1e+00, 1e+00]
  RHS range        [1e+00, 8e+00]
LP warm-start: use basis

Iteration    Objective       Primal Inf.    Dual Inf.      Time
       0   -2.7250886e+37   2.894988e+33   2.725089e+07      0s
     251    9.1225036e+05   0.000000e+00   0.000000e+00      0s

Solved in 251 iterations and 0.29 seconds (0.54 work units)
Optimal objective  9.122503632e+05
Set parameter TimeLimit to value 2.0104177551269531e+03
Gurobi Optimizer version 12.0.3 build v12.0.3rc0 (linux64 - "Ubuntu 24.04.4 LTS")

CPU model: Intel(R) Xeon(R) Gold 6258R CPU @ 2.70GHz, instruction set [SSE2|AVX|AVX2|AVX512]
Thread count: 56 physical cores, 56 logical processors, using up to 1 threads

Non-default parameters:
TimeLimit  2.0104177551269531e+03
Method  1
Seed  20260919
Threads  1

Optimize a model with 189 rows, 43129 columns and 1183758 nonzeros
Coefficient statistics:
  Matrix range     [1e+00, 1e+00]
  Objective range  [1e+05, 5e+05]
  Bounds range     [1e+00, 1e+00]
  RHS range        [1e+00, 8e+00]
LP warm-start: use basis

Iteration    Objective       Primal Inf.    Dual Inf.      Time
       0   -2.1272824e+37   2.695797e+33   2.127282e+07      0s
     256    8.9356223e+05   0.000000e+00   0.000000e+00      0s

Solved in 256 iterations and 0.30 seconds (0.58 work units)
Optimal objective  8.935622326e+05
Set parameter TimeLimit to value 2.0059659943580627e+03
Gurobi Optimizer version 12.0.3 build v12.0.3rc0 (linux64 - "Ubuntu 24.04.4 LTS")

CPU model: Intel(R) Xeon(R) Gold 6258R CPU @ 2.70GHz, instruction set [SSE2|AVX|AVX2|AVX512]
Thread count: 56 physical cores, 56 logical processors, using up to 1 threads

Non-default parameters:
TimeLimit  2.0059659943580627e+03
Method  1
Seed  20260919
Threads  1

Optimize a model with 189 rows, 43159 columns and 1184728 nonzeros
Coefficient statistics:
  Matrix range     [1e+00, 1e+00]
  Objective range  [1e+05, 5e+05]
  Bounds range     [1e+00, 1e+00]
  RHS range        [1e+00, 8e+00]
LP warm-start: use basis

Iteration    Objective       Primal Inf.    Dual Inf.      Time
       0   -1.9767669e+37   3.385423e+33   1.976767e+07      0s
     310    8.8407325e+05   0.000000e+00   0.000000e+00      0s

Solved in 310 iterations and 0.36 seconds (0.71 work units)
Optimal objective  8.840732463e+05
Set parameter TimeLimit to value 2.0022198553085327e+03
Gurobi Optimizer version 12.0.3 build v12.0.3rc0 (linux64 - "Ubuntu 24.04.4 LTS")

CPU model: Intel(R) Xeon(R) Gold 6258R CPU @ 2.70GHz, instruction set [SSE2|AVX|AVX2|AVX512]
Thread count: 56 physical cores, 56 logical processors, using up to 1 threads

Non-default parameters:
TimeLimit  2.0022198553085327e+03
Method  1
Seed  20260919
Threads  1

Optimize a model with 189 rows, 43189 columns and 1185711 nonzeros
Coefficient statistics:
  Matrix range     [1e+00, 1e+00]
  Objective range  [1e+05, 5e+05]
  Bounds range     [1e+00, 1e+00]
  RHS range        [1e+00, 8e+00]
LP warm-start: use basis

Iteration    Objective       Primal Inf.    Dual Inf.      Time
       0   -1.7465565e+37   2.785508e+33   1.746556e+07      0s
     154    8.8334829e+05   0.000000e+00   0.000000e+00      0s

Solved in 154 iterations and 0.19 seconds (0.32 work units)
Optimal objective  8.833482942e+05
Set parameter TimeLimit to value 1.9975631842613220e+03
Gurobi Optimizer version 12.0.3 build v12.0.3rc0 (linux64 - "Ubuntu 24.04.4 LTS")

CPU model: Intel(R) Xeon(R) Gold 6258R CPU @ 2.70GHz, instruction set [SSE2|AVX|AVX2|AVX512]
Thread count: 56 physical cores, 56 logical processors, using up to 1 threads

Non-default parameters:
TimeLimit  1.9975631842613220e+03
Method  1
Seed  20260919
Threads  1

Optimize a model with 189 rows, 43219 columns and 1186672 nonzeros
Coefficient statistics:
  Matrix range     [1e+00, 1e+00]
  Objective range  [1e+05, 5e+05]
  Bounds range     [1e+00, 1e+00]
  RHS range        [1e+00, 8e+00]
LP warm-start: use basis

Iteration    Objective       Primal Inf.    Dual Inf.      Time
       0   -1.6063223e+37   1.628171e+33   1.606322e+07      0s
     503    8.3850565e+05   0.000000e+00   0.000000e+00      1s

Solved in 503 iterations and 0.53 seconds (1.10 work units)
Optimal objective  8.385056472e+05
Set parameter TimeLimit to value 1.9936614367961884e+03
Gurobi Optimizer version 12.0.3 build v12.0.3rc0 (linux64 - "Ubuntu 24.04.4 LTS")

CPU model: Intel(R) Xeon(R) Gold 6258R CPU @ 2.70GHz, instruction set [SSE2|AVX|AVX2|AVX512]
Thread count: 56 physical cores, 56 logical processors, using up to 1 threads

Non-default parameters:
TimeLimit  1.9936614367961884e+03
Method  1
Seed  20260919
Threads  1

Optimize a model with 189 rows, 43249 columns and 1187635 nonzeros
Coefficient statistics:
  Matrix range     [1e+00, 1e+00]
  Objective range  [1e+05, 5e+05]
  Bounds range     [1e+00, 1e+00]
  RHS range        [1e+00, 8e+00]
LP warm-start: use basis

Iteration    Objective       Primal Inf.    Dual Inf.      Time
       0   -1.8574557e+37   9.006682e+33   1.857456e+07      0s
     499    8.0546364e+05   0.000000e+00   0.000000e+00      1s

Solved in 499 iterations and 0.52 seconds (1.11 work units)
Optimal objective  8.054636407e+05
Set parameter TimeLimit to value 1.9880104243755341e+03
Gurobi Optimizer version 12.0.3 build v12.0.3rc0 (linux64 - "Ubuntu 24.04.4 LTS")

CPU model: Intel(R) Xeon(R) Gold 6258R CPU @ 2.70GHz, instruction set [SSE2|AVX|AVX2|AVX512]
Thread count: 56 physical cores, 56 logical processors, using up to 1 threads

Non-default parameters:
TimeLimit  1.9880104243755341e+03
Method  1
Seed  20260919
Threads  1

Optimize a model with 189 rows, 43279 columns and 1188572 nonzeros
Coefficient statistics:
  Matrix range     [1e+00, 1e+00]
  Objective range  [1e+05, 5e+05]
  Bounds range     [1e+00, 1e+00]
  RHS range        [1e+00, 8e+00]
LP warm-start: use basis

Iteration    Objective       Primal Inf.    Dual Inf.      Time
       0   -1.7014301e+37   5.063263e+33   1.701430e+07      0s
     143    8.0526319e+05   0.000000e+00   0.000000e+00      0s

Solved in 143 iterations and 0.20 seconds (0.34 work units)
Optimal objective  8.052631894e+05
Set parameter TimeLimit to value 1.9827276034355164e+03
Gurobi Optimizer version 12.0.3 build v12.0.3rc0 (linux64 - "Ubuntu 24.04.4 LTS")

CPU model: Intel(R) Xeon(R) Gold 6258R CPU @ 2.70GHz, instruction set [SSE2|AVX|AVX2|AVX512]
Thread count: 56 physical cores, 56 logical processors, using up to 1 threads

Non-default parameters:
TimeLimit  1.9827276034355164e+03
Method  1
Seed  20260919
Threads  1

Optimize a model with 189 rows, 43309 columns and 1189454 nonzeros
Coefficient statistics:
  Matrix range     [1e+00, 1e+00]
  Objective range  [1e+05, 5e+05]
  Bounds range     [1e+00, 1e+00]
  RHS range        [1e+00, 8e+00]
LP warm-start: use basis

Iteration    Objective       Primal Inf.    Dual Inf.      Time
       0   -1.4726723e+37   2.073802e+33   1.472672e+07      0s
      81    8.0526319e+05   0.000000e+00   0.000000e+00      0s

Solved in 81 iterations and 0.14 seconds (0.21 work units)
Optimal objective  8.052631894e+05
Set parameter TimeLimit to value 1.9777220404148102e+03
Gurobi Optimizer version 12.0.3 build v12.0.3rc0 (linux64 - "Ubuntu 24.04.4 LTS")

CPU model: Intel(R) Xeon(R) Gold 6258R CPU @ 2.70GHz, instruction set [SSE2|AVX|AVX2|AVX512]
Thread count: 56 physical cores, 56 logical processors, using up to 1 threads

Non-default parameters:
TimeLimit  1.9777220404148102e+03
Method  1
Seed  20260919
Threads  1

Optimize a model with 189 rows, 43339 columns and 1190427 nonzeros
Coefficient statistics:
  Matrix range     [1e+00, 1e+00]
  Objective range  [1e+05, 5e+05]
  Bounds range     [1e+00, 1e+00]
  RHS range        [1e+00, 8e+00]
LP warm-start: use basis

Iteration    Objective       Primal Inf.    Dual Inf.      Time
       0   -1.4388526e+37   2.033060e+33   1.438853e+07      0s
      96    8.0456338e+05   0.000000e+00   0.000000e+00      0s

Solved in 96 iterations and 0.15 seconds (0.24 work units)
Optimal objective  8.045633821e+05
Set parameter TimeLimit to value 1.9724362905025482e+03
Gurobi Optimizer version 12.0.3 build v12.0.3rc0 (linux64 - "Ubuntu 24.04.4 LTS")

CPU model: Intel(R) Xeon(R) Gold 6258R CPU @ 2.70GHz, instruction set [SSE2|AVX|AVX2|AVX512]
Thread count: 56 physical cores, 56 logical processors, using up to 1 threads

Non-default parameters:
TimeLimit  1.9724362905025482e+03
Method  1
Seed  20260919
Threads  1

Optimize a model with 189 rows, 43369 columns and 1191336 nonzeros
Coefficient statistics:
  Matrix range     [1e+00, 1e+00]
  Objective range  [1e+05, 5e+05]
  Bounds range     [1e+00, 1e+00]
  RHS range        [1e+00, 8e+00]
LP warm-start: use basis

Iteration    Objective       Primal Inf.    Dual Inf.      Time
       0   -1.1322293e+37   2.036069e+33   1.132229e+07      0s
      17    8.0374340e+05   0.000000e+00   0.000000e+00      0s

Solved in 17 iterations and 0.07 seconds (0.06 work units)
Optimal objective  8.037434029e+05
Set parameter TimeLimit to value 1.9673638710975647e+03
Gurobi Optimizer version 12.0.3 build v12.0.3rc0 (linux64 - "Ubuntu 24.04.4 LTS")

CPU model: Intel(R) Xeon(R) Gold 6258R CPU @ 2.70GHz, instruction set [SSE2|AVX|AVX2|AVX512]
Thread count: 56 physical cores, 56 logical processors, using up to 1 threads

Non-default parameters:
TimeLimit  1.9673638710975647e+03
Method  1
Seed  20260919
Threads  1

Optimize a model with 189 rows, 43399 columns and 1192243 nonzeros
Coefficient statistics:
  Matrix range     [1e+00, 1e+00]
  Objective range  [1e+05, 5e+05]
  Bounds range     [1e+00, 1e+00]
  RHS range        [1e+00, 8e+00]
LP warm-start: use basis

Iteration    Objective       Primal Inf.    Dual Inf.      Time
       0   -8.6180576e+36   1.542589e+33   8.618058e+06      0s
     340    8.0042537e+05   0.000000e+00   0.000000e+00      0s

Solved in 340 iterations and 0.40 seconds (0.81 work units)
Optimal objective  8.004253689e+05
Set parameter TimeLimit to value 1.9645283877849579e+03
Gurobi Optimizer version 12.0.3 build v12.0.3rc0 (linux64 - "Ubuntu 24.04.4 LTS")

CPU model: Intel(R) Xeon(R) Gold 6258R CPU @ 2.70GHz, instruction set [SSE2|AVX|AVX2|AVX512]
Thread count: 56 physical cores, 56 logical processors, using up to 1 threads

Non-default parameters:
TimeLimit  1.9645283877849579e+03
Method  1
Seed  20260919
Threads  1

Optimize a model with 189 rows, 43429 columns and 1193151 nonzeros
Coefficient statistics:
  Matrix range     [1e+00, 1e+00]
  Objective range  [1e+05, 5e+05]
  Bounds range     [1e+00, 1e+00]
  RHS range        [1e+00, 8e+00]
LP warm-start: use basis

Iteration    Objective       Primal Inf.    Dual Inf.      Time
       0   -7.2177527e+33   7.346818e+33   7.217753e+03      0s
      80    8.0042537e+05   0.000000e+00   0.000000e+00      0s

Solved in 80 iterations and 0.13 seconds (0.20 work units)
Optimal objective  8.004253689e+05
Set parameter TimeLimit to value 1.9623170728683472e+03
Gurobi Optimizer version 12.0.3 build v12.0.3rc0 (linux64 - "Ubuntu 24.04.4 LTS")

CPU model: Intel(R) Xeon(R) Gold 6258R CPU @ 2.70GHz, instruction set [SSE2|AVX|AVX2|AVX512]
Thread count: 56 physical cores, 56 logical processors, using up to 1 threads

Non-default parameters:
TimeLimit  1.9623170728683472e+03
Method  1
Seed  20260919
Threads  1

Optimize a model with 189 rows, 43459 columns and 1194117 nonzeros
Coefficient statistics:
  Matrix range     [1e+00, 1e+00]
  Objective range  [1e+05, 5e+05]
  Bounds range     [1e+00, 1e+00]
  RHS range        [1e+00, 8e+00]
LP warm-start: use basis

Iteration    Objective       Primal Inf.    Dual Inf.      Time
       0   -7.0891019e+33   4.251328e+33   7.089102e+03      0s
     357    8.0042537e+05   0.000000e+00   0.000000e+00      0s

Solved in 357 iterations and 0.43 seconds (0.86 work units)
Optimal objective  8.004253689e+05
Set parameter TimeLimit to value 1.9593963818550110e+03
Gurobi Optimizer version 12.0.3 build v12.0.3rc0 (linux64 - "Ubuntu 24.04.4 LTS")

CPU model: Intel(R) Xeon(R) Gold 6258R CPU @ 2.70GHz, instruction set [SSE2|AVX|AVX2|AVX512]
Thread count: 56 physical cores, 56 logical processors, using up to 1 threads

Non-default parameters:
TimeLimit  1.9593963818550110e+03
Method  1
Seed  20260919
Threads  1

Optimize a model with 189 rows, 43489 columns and 1195083 nonzeros
Coefficient statistics:
  Matrix range     [1e+00, 1e+00]
  Objective range  [1e+05, 5e+05]
  Bounds range     [1e+00, 1e+00]
  RHS range        [1e+00, 8e+00]
LP warm-start: use basis

Iteration    Objective       Primal Inf.    Dual Inf.      Time
       0   -6.6843773e+33   4.692463e+33   6.684377e+03      0s
     301    8.0041603e+05   0.000000e+00   0.000000e+00      0s

Solved in 301 iterations and 0.36 seconds (0.71 work units)
Optimal objective  8.004160253e+05
Set parameter TimeLimit to value 1.9573468415737152e+03
Gurobi Optimizer version 12.0.3 build v12.0.3rc0 (linux64 - "Ubuntu 24.04.4 LTS")

CPU model: Intel(R) Xeon(R) Gold 6258R CPU @ 2.70GHz, instruction set [SSE2|AVX|AVX2|AVX512]
Thread count: 56 physical cores, 56 logical processors, using up to 1 threads

Non-default parameters:
TimeLimit  1.9573468415737152e+03
Method  1
Seed  20260919
Threads  1

Optimize a model with 189 rows, 43519 columns and 1196033 nonzeros
Coefficient statistics:
  Matrix range     [1e+00, 1e+00]
  Objective range  [1e+05, 5e+05]
  Bounds range     [1e+00, 1e+00]
  RHS range        [1e+00, 8e+00]
LP warm-start: use basis

Iteration    Objective       Primal Inf.    Dual Inf.      Time
       0   -4.2831286e+33   2.606230e+33   4.283129e+03      0s
     106    8.0041603e+05   0.000000e+00   0.000000e+00      0s

Solved in 106 iterations and 0.16 seconds (0.26 work units)
Optimal objective  8.004160253e+05
Set parameter TimeLimit to value 1955.55335521698
Gurobi Optimizer version 12.0.3 build v12.0.3rc0 (linux64 - "Ubuntu 24.04.4 LTS")

CPU model: Intel(R) Xeon(R) Gold 6258R CPU @ 2.70GHz, instruction set [SSE2|AVX|AVX2|AVX512]
Thread count: 56 physical cores, 56 logical processors, using up to 1 threads

Non-default parameters:
TimeLimit  1955.55335521698
Method  1
Seed  20260919
Threads  1

Optimize a model with 189 rows, 43549 columns and 1196946 nonzeros
Coefficient statistics:
  Matrix range     [1e+00, 1e+00]
  Objective range  [1e+05, 5e+05]
  Bounds range     [1e+00, 1e+00]
  RHS range        [1e+00, 8e+00]
LP warm-start: use basis

Iteration    Objective       Primal Inf.    Dual Inf.      Time
       0   -4.1369270e+33   2.613089e+33   4.136927e+03      0s
      15    8.0041603e+05   0.000000e+00   0.000000e+00      0s

Solved in 15 iterations and 0.07 seconds (0.03 work units)
Optimal objective  8.004160253e+05
Set parameter TimeLimit to value 1.9533192441463470e+03
Gurobi Optimizer version 12.0.3 build v12.0.3rc0 (linux64 - "Ubuntu 24.04.4 LTS")

CPU model: Intel(R) Xeon(R) Gold 6258R CPU @ 2.70GHz, instruction set [SSE2|AVX|AVX2|AVX512]
Thread count: 56 physical cores, 56 logical processors, using up to 1 threads

Non-default parameters:
TimeLimit  1.9533192441463470e+03
Method  1
Seed  20260919
Threads  1

Optimize a model with 189 rows, 43579 columns and 1197890 nonzeros
Coefficient statistics:
  Matrix range     [1e+00, 1e+00]
  Objective range  [1e+05, 5e+05]
  Bounds range     [1e+00, 1e+00]
  RHS range        [1e+00, 8e+00]
LP warm-start: use basis

Iteration    Objective       Primal Inf.    Dual Inf.      Time
       0   -3.6994466e+33   1.337139e+33   3.699447e+03      0s
     421    8.0040286e+05   0.000000e+00   0.000000e+00      0s

Solved in 421 iterations and 0.49 seconds (1.02 work units)
Optimal objective  8.004028562e+05
Set parameter TimeLimit to value 1.9510247237682343e+03
Gurobi Optimizer version 12.0.3 build v12.0.3rc0 (linux64 - "Ubuntu 24.04.4 LTS")

CPU model: Intel(R) Xeon(R) Gold 6258R CPU @ 2.70GHz, instruction set [SSE2|AVX|AVX2|AVX512]
Thread count: 56 physical cores, 56 logical processors, using up to 1 threads

Non-default parameters:
TimeLimit  1.9510247237682343e+03
Method  1
Seed  20260919
Threads  1

Optimize a model with 189 rows, 43609 columns and 1198644 nonzeros
Coefficient statistics:
  Matrix range     [1e+00, 1e+00]
  Objective range  [1e+05, 5e+05]
  Bounds range     [1e+00, 1e+00]
  RHS range        [1e+00, 8e+00]
LP warm-start: use basis

Iteration    Objective       Primal Inf.    Dual Inf.      Time
       0   -3.7944831e+33   5.963578e+33   3.794483e+03      0s
     105    8.0040286e+05   0.000000e+00   0.000000e+00      0s

Solved in 105 iterations and 0.17 seconds (0.28 work units)
Optimal objective  8.004028562e+05
Set parameter TimeLimit to value 1.9491435642242432e+03
Gurobi Optimizer version 12.0.3 build v12.0.3rc0 (linux64 - "Ubuntu 24.04.4 LTS")

CPU model: Intel(R) Xeon(R) Gold 6258R CPU @ 2.70GHz, instruction set [SSE2|AVX|AVX2|AVX512]
Thread count: 56 physical cores, 56 logical processors, using up to 1 threads

Non-default parameters:
TimeLimit  1.9491435642242432e+03
Method  1
Seed  20260919
Threads  1

Optimize a model with 189 rows, 43639 columns and 1199466 nonzeros
Coefficient statistics:
  Matrix range     [1e+00, 1e+00]
  Objective range  [1e+05, 5e+05]
  Bounds range     [1e+00, 1e+00]
  RHS range        [1e+00, 8e+00]
LP warm-start: use basis

Iteration    Objective       Primal Inf.    Dual Inf.      Time
       0   -3.7303192e+33   1.008629e+34   3.730319e+03      0s
     113    8.0040286e+05   0.000000e+00   0.000000e+00      0s

Solved in 113 iterations and 0.17 seconds (0.27 work units)
Optimal objective  8.004028562e+05
Set parameter TimeLimit to value 1.9472790503501892e+03
Gurobi Optimizer version 12.0.3 build v12.0.3rc0 (linux64 - "Ubuntu 24.04.4 LTS")

CPU model: Intel(R) Xeon(R) Gold 6258R CPU @ 2.70GHz, instruction set [SSE2|AVX|AVX2|AVX512]
Thread count: 56 physical cores, 56 logical processors, using up to 1 threads

Non-default parameters:
TimeLimit  1.9472790503501892e+03
Method  1
Seed  20260919
Threads  1

Optimize a model with 189 rows, 43669 columns and 1200324 nonzeros
Coefficient statistics:
  Matrix range     [1e+00, 1e+00]
  Objective range  [1e+05, 5e+05]
  Bounds range     [1e+00, 1e+00]
  RHS range        [1e+00, 8e+00]
LP warm-start: use basis

Iteration    Objective       Primal Inf.    Dual Inf.      Time
       0   -2.7789810e+33   5.380145e+33   2.778981e+03      0s
     229    8.0040024e+05   0.000000e+00   0.000000e+00      0s

Solved in 229 iterations and 0.27 seconds (0.51 work units)
Optimal objective  8.004002421e+05
Set parameter TimeLimit to value 1.9450960435867310e+03
Gurobi Optimizer version 12.0.3 build v12.0.3rc0 (linux64 - "Ubuntu 24.04.4 LTS")

CPU model: Intel(R) Xeon(R) Gold 6258R CPU @ 2.70GHz, instruction set [SSE2|AVX|AVX2|AVX512]
Thread count: 56 physical cores, 56 logical processors, using up to 1 threads

Non-default parameters:
TimeLimit  1.9450960435867310e+03
Method  1
Seed  20260919
Threads  1

Optimize a model with 189 rows, 43699 columns and 1201248 nonzeros
Coefficient statistics:
  Matrix range     [1e+00, 1e+00]
  Objective range  [1e+05, 5e+05]
  Bounds range     [1e+00, 1e+00]
  RHS range        [1e+00, 8e+00]
LP warm-start: use basis

Iteration    Objective       Primal Inf.    Dual Inf.      Time
       0   -2.8183195e+33   2.065416e+33   2.818320e+03      0s
       1    8.0040024e+05   0.000000e+00   0.000000e+00      0s

Solved in 1 iterations and 0.06 seconds (0.02 work units)
Optimal objective  8.004002421e+05
Set parameter TimeLimit to value 1.9426132929325104e+03
Gurobi Optimizer version 12.0.3 build v12.0.3rc0 (linux64 - "Ubuntu 24.04.4 LTS")

CPU model: Intel(R) Xeon(R) Gold 6258R CPU @ 2.70GHz, instruction set [SSE2|AVX|AVX2|AVX512]
Thread count: 56 physical cores, 56 logical processors, using up to 1 threads

Non-default parameters:
TimeLimit  1.9426132929325104e+03
Method  1
Seed  20260919
Threads  1

Optimize a model with 189 rows, 43729 columns and 1202251 nonzeros
Coefficient statistics:
  Matrix range     [1e+00, 1e+00]
  Objective range  [1e+05, 5e+05]
  Bounds range     [1e+00, 1e+00]
  RHS range        [1e+00, 8e+00]
LP warm-start: use basis

Iteration    Objective       Primal Inf.    Dual Inf.      Time
       0   -2.6343732e+33   1.893829e+33   2.634373e+03      0s
       3    8.0040024e+05   0.000000e+00   0.000000e+00      0s

Solved in 3 iterations and 0.06 seconds (0.02 work units)
Optimal objective  8.004002421e+05
Set parameter TimeLimit to value 1.9402835342884064e+03
Gurobi Optimizer version 12.0.3 build v12.0.3rc0 (linux64 - "Ubuntu 24.04.4 LTS")

CPU model: Intel(R) Xeon(R) Gold 6258R CPU @ 2.70GHz, instruction set [SSE2|AVX|AVX2|AVX512]
Thread count: 56 physical cores, 56 logical processors, using up to 1 threads

Non-default parameters:
TimeLimit  1.9402835342884064e+03
Method  1
Seed  20260919
Threads  1

Optimize a model with 189 rows, 43759 columns and 1203224 nonzeros
Coefficient statistics:
  Matrix range     [1e+00, 1e+00]
  Objective range  [1e+05, 5e+05]
  Bounds range     [1e+00, 1e+00]
  RHS range        [1e+00, 8e+00]
LP warm-start: use basis

Iteration    Objective       Primal Inf.    Dual Inf.      Time
       0   -2.2165596e+33   1.715863e+33   2.216560e+03      0s
      11    8.0040024e+05   0.000000e+00   0.000000e+00      0s

Solved in 11 iterations and 0.07 seconds (0.04 work units)
Optimal objective  8.004002421e+05
Set parameter TimeLimit to value 1.9379219129085541e+03
Gurobi Optimizer version 12.0.3 build v12.0.3rc0 (linux64 - "Ubuntu 24.04.4 LTS")

CPU model: Intel(R) Xeon(R) Gold 6258R CPU @ 2.70GHz, instruction set [SSE2|AVX|AVX2|AVX512]
Thread count: 56 physical cores, 56 logical processors, using up to 1 threads

Non-default parameters:
TimeLimit  1.9379219129085541e+03
Method  1
Seed  20260919
Threads  1

Optimize a model with 189 rows, 43789 columns and 1204205 nonzeros
Coefficient statistics:
  Matrix range     [1e+00, 1e+00]
  Objective range  [1e+05, 5e+05]
  Bounds range     [1e+00, 1e+00]
  RHS range        [1e+00, 8e+00]
LP warm-start: use basis

Iteration    Objective       Primal Inf.    Dual Inf.      Time
       0   -2.1294688e+33   1.745695e+33   2.129469e+03      0s
     113    8.0040024e+05   0.000000e+00   0.000000e+00      0s

Solved in 113 iterations and 0.17 seconds (0.26 work units)
Optimal objective  8.004002421e+05
Set parameter TimeLimit to value 1.9353503069877625e+03
Gurobi Optimizer version 12.0.3 build v12.0.3rc0 (linux64 - "Ubuntu 24.04.4 LTS")

CPU model: Intel(R) Xeon(R) Gold 6258R CPU @ 2.70GHz, instruction set [SSE2|AVX|AVX2|AVX512]
Thread count: 56 physical cores, 56 logical processors, using up to 1 threads

Non-default parameters:
TimeLimit  1.9353503069877625e+03
Method  1
Seed  20260919
Threads  1

Optimize a model with 189 rows, 43819 columns and 1205176 nonzeros
Coefficient statistics:
  Matrix range     [1e+00, 1e+00]
  Objective range  [1e+05, 5e+05]
  Bounds range     [1e+00, 1e+00]
  RHS range        [1e+00, 8e+00]
LP warm-start: use basis

Iteration    Objective       Primal Inf.    Dual Inf.      Time
       0   -2.1669253e+33   1.521364e+33   2.166925e+03      0s
      45    8.0040024e+05   0.000000e+00   0.000000e+00      0s

Solved in 45 iterations and 0.09 seconds (0.08 work units)
Optimal objective  8.004002421e+05
Set parameter TimeLimit to value 1.9334625425338745e+03
Gurobi Optimizer version 12.0.3 build v12.0.3rc0 (linux64 - "Ubuntu 24.04.4 LTS")

CPU model: Intel(R) Xeon(R) Gold 6258R CPU @ 2.70GHz, instruction set [SSE2|AVX|AVX2|AVX512]
Thread count: 56 physical cores, 56 logical processors, using up to 1 threads

Non-default parameters:
TimeLimit  1.9334625425338745e+03
Method  1
Seed  20260919
Threads  1

Optimize a model with 189 rows, 43849 columns and 1206126 nonzeros
Coefficient statistics:
  Matrix range     [1e+00, 1e+00]
  Objective range  [1e+05, 5e+05]
  Bounds range     [1e+00, 1e+00]
  RHS range        [1e+00, 8e+00]
LP warm-start: use basis

Iteration    Objective       Primal Inf.    Dual Inf.      Time
       0   -2.1156746e+33   2.170991e+33   2.115675e+03      0s
      63    8.0040024e+05   0.000000e+00   0.000000e+00      0s

Solved in 63 iterations and 0.12 seconds (0.15 work units)
Optimal objective  8.004002421e+05
Set parameter TimeLimit to value 1.9308714811801910e+03
Gurobi Optimizer version 12.0.3 build v12.0.3rc0 (linux64 - "Ubuntu 24.04.4 LTS")

CPU model: Intel(R) Xeon(R) Gold 6258R CPU @ 2.70GHz, instruction set [SSE2|AVX|AVX2|AVX512]
Thread count: 56 physical cores, 56 logical processors, using up to 1 threads

Non-default parameters:
TimeLimit  1.9308714811801910e+03
Method  1
Seed  20260919
Threads  1

Optimize a model with 189 rows, 43879 columns and 1207106 nonzeros
Coefficient statistics:
  Matrix range     [1e+00, 1e+00]
  Objective range  [1e+05, 5e+05]
  Bounds range     [1e+00, 1e+00]
  RHS range        [1e+00, 8e+00]
LP warm-start: use basis

Iteration    Objective       Primal Inf.    Dual Inf.      Time
       0   -2.3916961e+33   2.803865e+33   2.391696e+03      0s
       1    8.0040024e+05   0.000000e+00   0.000000e+00      0s

Solved in 1 iterations and 0.06 seconds (0.02 work units)
Optimal objective  8.004002421e+05
Set parameter TimeLimit to value 1.9288040657043457e+03
Gurobi Optimizer version 12.0.3 build v12.0.3rc0 (linux64 - "Ubuntu 24.04.4 LTS")

CPU model: Intel(R) Xeon(R) Gold 6258R CPU @ 2.70GHz, instruction set [SSE2|AVX|AVX2|AVX512]
Thread count: 56 physical cores, 56 logical processors, using up to 1 threads

Non-default parameters:
TimeLimit  1.9288040657043457e+03
Method  1
Seed  20260919
Threads  1

Optimize a model with 189 rows, 43909 columns and 1208054 nonzeros
Coefficient statistics:
  Matrix range     [1e+00, 1e+00]
  Objective range  [1e+05, 5e+05]
  Bounds range     [1e+00, 1e+00]
  RHS range        [1e+00, 8e+00]
LP warm-start: use basis

Iteration    Objective       Primal Inf.    Dual Inf.      Time
       0   -2.0868401e+33   2.019299e+33   2.086840e+03      0s
     397    8.0039493e+05   0.000000e+00   0.000000e+00      0s

Solved in 397 iterations and 0.46 seconds (0.94 work units)
Optimal objective  8.003949341e+05
Set parameter TimeLimit to value 1.9265204908847809e+03
Gurobi Optimizer version 12.0.3 build v12.0.3rc0 (linux64 - "Ubuntu 24.04.4 LTS")

CPU model: Intel(R) Xeon(R) Gold 6258R CPU @ 2.70GHz, instruction set [SSE2|AVX|AVX2|AVX512]
Thread count: 56 physical cores, 56 logical processors, using up to 1 threads

Non-default parameters:
TimeLimit  1.9265204908847809e+03
Method  1
Seed  20260919
Threads  1

Optimize a model with 189 rows, 43939 columns and 1208949 nonzeros
Coefficient statistics:
  Matrix range     [1e+00, 1e+00]
  Objective range  [1e+05, 5e+05]
  Bounds range     [1e+00, 1e+00]
  RHS range        [1e+00, 8e+00]
LP warm-start: use basis

Iteration    Objective       Primal Inf.    Dual Inf.      Time
       0   -2.6677556e+33   3.056159e+33   2.667756e+03      0s
     319    8.0039102e+05   0.000000e+00   0.000000e+00      0s

Solved in 319 iterations and 0.36 seconds (0.73 work units)
Optimal objective  8.003910199e+05
Set parameter TimeLimit to value 1924.6179895401
Gurobi Optimizer version 12.0.3 build v12.0.3rc0 (linux64 - "Ubuntu 24.04.4 LTS")

CPU model: Intel(R) Xeon(R) Gold 6258R CPU @ 2.70GHz, instruction set [SSE2|AVX|AVX2|AVX512]
Thread count: 56 physical cores, 56 logical processors, using up to 1 threads

Non-default parameters:
TimeLimit  1924.6179895401
Method  1
Seed  20260919
Threads  1

Optimize a model with 189 rows, 43969 columns and 1209814 nonzeros
Coefficient statistics:
  Matrix range     [1e+00, 1e+00]
  Objective range  [1e+05, 5e+05]
  Bounds range     [1e+00, 1e+00]
  RHS range        [1e+00, 8e+00]
LP warm-start: use basis

Iteration    Objective       Primal Inf.    Dual Inf.      Time
       0   -1.7222836e+33   1.806021e+33   1.722284e+03      0s
       1    8.0039102e+05   0.000000e+00   0.000000e+00      0s

Solved in 1 iterations and 0.06 seconds (0.02 work units)
Optimal objective  8.003910199e+05
Set parameter TimeLimit to value 1.9227300090789795e+03
Gurobi Optimizer version 12.0.3 build v12.0.3rc0 (linux64 - "Ubuntu 24.04.4 LTS")

CPU model: Intel(R) Xeon(R) Gold 6258R CPU @ 2.70GHz, instruction set [SSE2|AVX|AVX2|AVX512]
Thread count: 56 physical cores, 56 logical processors, using up to 1 threads

Non-default parameters:
TimeLimit  1.9227300090789795e+03
Method  1
Seed  20260919
Threads  1

Optimize a model with 189 rows, 43999 columns and 1210682 nonzeros
Coefficient statistics:
  Matrix range     [1e+00, 1e+00]
  Objective range  [1e+05, 5e+05]
  Bounds range     [1e+00, 1e+00]
  RHS range        [1e+00, 8e+00]
LP warm-start: use basis

Iteration    Objective       Primal Inf.    Dual Inf.      Time
       0   -1.6702571e+33   1.829740e+33   1.670257e+03      0s
       5    8.0039102e+05   0.000000e+00   0.000000e+00      0s

Solved in 5 iterations and 0.06 seconds (0.02 work units)
Optimal objective  8.003910199e+05
Set parameter TimeLimit to value 1.9212672338485718e+03
Gurobi Optimizer version 12.0.3 build v12.0.3rc0 (linux64 - "Ubuntu 24.04.4 LTS")

CPU model: Intel(R) Xeon(R) Gold 6258R CPU @ 2.70GHz, instruction set [SSE2|AVX|AVX2|AVX512]
Thread count: 56 physical cores, 56 logical processors, using up to 1 threads

Non-default parameters:
TimeLimit  1.9212672338485718e+03
Method  1
Seed  20260919
Threads  1

Optimize a model with 189 rows, 44029 columns and 1211544 nonzeros
Coefficient statistics:
  Matrix range     [1e+00, 1e+00]
  Objective range  [1e+05, 5e+05]
  Bounds range     [1e+00, 1e+00]
  RHS range        [1e+00, 8e+00]
LP warm-start: use basis

Iteration    Objective       Primal Inf.    Dual Inf.      Time
       0   -1.6856884e+33   1.974044e+33   1.685688e+03      0s
     400    8.0039102e+05   0.000000e+00   0.000000e+00      0s

Solved in 400 iterations and 0.46 seconds (0.94 work units)
Optimal objective  8.003910199e+05
Set parameter TimeLimit to value 1.9195476756095886e+03
Gurobi Optimizer version 12.0.3 build v12.0.3rc0 (linux64 - "Ubuntu 24.04.4 LTS")

CPU model: Intel(R) Xeon(R) Gold 6258R CPU @ 2.70GHz, instruction set [SSE2|AVX|AVX2|AVX512]
Thread count: 56 physical cores, 56 logical processors, using up to 1 threads

Non-default parameters:
TimeLimit  1.9195476756095886e+03
Method  1
Seed  20260919
Threads  1

Optimize a model with 189 rows, 44059 columns and 1212405 nonzeros
Coefficient statistics:
  Matrix range     [1e+00, 1e+00]
  Objective range  [1e+05, 5e+05]
  Bounds range     [1e+00, 1e+00]
  RHS range        [1e+00, 8e+00]
LP warm-start: use basis

Iteration    Objective       Primal Inf.    Dual Inf.      Time
       0   -2.0270157e+33   1.841389e+33   2.027016e+03      0s
       3    8.0039102e+05   0.000000e+00   0.000000e+00      0s

Solved in 3 iterations and 0.06 seconds (0.02 work units)
Optimal objective  8.003910199e+05
Set parameter TimeLimit to value 1.9181764488220215e+03
Gurobi Optimizer version 12.0.3 build v12.0.3rc0 (linux64 - "Ubuntu 24.04.4 LTS")

CPU model: Intel(R) Xeon(R) Gold 6258R CPU @ 2.70GHz, instruction set [SSE2|AVX|AVX2|AVX512]
Thread count: 56 physical cores, 56 logical processors, using up to 1 threads

Non-default parameters:
TimeLimit  1.9181764488220215e+03
Method  1
Seed  20260919
Threads  1

Optimize a model with 189 rows, 44089 columns and 1213253 nonzeros
Coefficient statistics:
  Matrix range     [1e+00, 1e+00]
  Objective range  [1e+05, 5e+05]
  Bounds range     [1e+00, 1e+00]
  RHS range        [1e+00, 8e+00]
LP warm-start: use basis

Iteration    Objective       Primal Inf.    Dual Inf.      Time
       0   -1.9270032e+33   1.771775e+33   1.927003e+03      0s
       3    8.0039102e+05   0.000000e+00   0.000000e+00      0s

Solved in 3 iterations and 0.06 seconds (0.02 work units)
Optimal objective  8.003910199e+05
Set parameter TimeLimit to value 1.9167515158653259e+03
Gurobi Optimizer version 12.0.3 build v12.0.3rc0 (linux64 - "Ubuntu 24.04.4 LTS")

CPU model: Intel(R) Xeon(R) Gold 6258R CPU @ 2.70GHz, instruction set [SSE2|AVX|AVX2|AVX512]
Thread count: 56 physical cores, 56 logical processors, using up to 1 threads

Non-default parameters:
TimeLimit  1.9167515158653259e+03
Method  1
Seed  20260919
Threads  1

Optimize a model with 189 rows, 44119 columns and 1214099 nonzeros
Coefficient statistics:
  Matrix range     [1e+00, 1e+00]
  Objective range  [1e+05, 5e+05]
  Bounds range     [1e+00, 1e+00]
  RHS range        [1e+00, 8e+00]
LP warm-start: use basis

Iteration    Objective       Primal Inf.    Dual Inf.      Time
       0   -1.4695603e+33   1.422977e+33   1.469560e+03      0s
       6    8.0039102e+05   0.000000e+00   0.000000e+00      0s

Solved in 6 iterations and 0.06 seconds (0.02 work units)
Optimal objective  8.003910199e+05
Set parameter TimeLimit to value 1.9153286502361298e+03
Gurobi Optimizer version 12.0.3 build v12.0.3rc0 (linux64 - "Ubuntu 24.04.4 LTS")

CPU model: Intel(R) Xeon(R) Gold 6258R CPU @ 2.70GHz, instruction set [SSE2|AVX|AVX2|AVX512]
Thread count: 56 physical cores, 56 logical processors, using up to 1 threads

Non-default parameters:
TimeLimit  1.9153286502361298e+03
Method  1
Seed  20260919
Threads  1

Optimize a model with 189 rows, 44149 columns and 1215013 nonzeros
Coefficient statistics:
  Matrix range     [1e+00, 1e+00]
  Objective range  [1e+05, 5e+05]
  Bounds range     [1e+00, 1e+00]
  RHS range        [1e+00, 8e+00]
LP warm-start: use basis

Iteration    Objective       Primal Inf.    Dual Inf.      Time
       0   -1.4422862e+33   1.358143e+33   1.442286e+03      0s
       1    8.0039102e+05   0.000000e+00   0.000000e+00      0s

Solved in 1 iterations and 0.06 seconds (0.02 work units)
Optimal objective  8.003910199e+05
Set parameter TimeLimit to value 1.9139038410186768e+03
Gurobi Optimizer version 12.0.3 build v12.0.3rc0 (linux64 - "Ubuntu 24.04.4 LTS")

CPU model: Intel(R) Xeon(R) Gold 6258R CPU @ 2.70GHz, instruction set [SSE2|AVX|AVX2|AVX512]
Thread count: 56 physical cores, 56 logical processors, using up to 1 threads

Non-default parameters:
TimeLimit  1.9139038410186768e+03
Method  1
Seed  20260919
Threads  1

Optimize a model with 189 rows, 44179 columns and 1215929 nonzeros
Coefficient statistics:
  Matrix range     [1e+00, 1e+00]
  Objective range  [1e+05, 5e+05]
  Bounds range     [1e+00, 1e+00]
  RHS range        [1e+00, 8e+00]
LP warm-start: use basis

Iteration    Objective       Primal Inf.    Dual Inf.      Time
       0   -1.4425970e+33   1.348770e+33   1.442597e+03      0s
     312    8.0038836e+05   0.000000e+00   0.000000e+00      0s

Solved in 312 iterations and 0.37 seconds (0.73 work units)
Optimal objective  8.003883567e+05
Set parameter TimeLimit to value 1.9122664206027985e+03
Gurobi Optimizer version 12.0.3 build v12.0.3rc0 (linux64 - "Ubuntu 24.04.4 LTS")

CPU model: Intel(R) Xeon(R) Gold 6258R CPU @ 2.70GHz, instruction set [SSE2|AVX|AVX2|AVX512]
Thread count: 56 physical cores, 56 logical processors, using up to 1 threads

Non-default parameters:
TimeLimit  1.9122664206027985e+03
Method  1
Seed  20260919
Threads  1

Optimize a model with 189 rows, 44209 columns and 1216899 nonzeros
Coefficient statistics:
  Matrix range     [1e+00, 1e+00]
  Objective range  [1e+05, 5e+05]
  Bounds range     [1e+00, 1e+00]
  RHS range        [1e+00, 8e+00]
LP warm-start: use basis

Iteration    Objective       Primal Inf.    Dual Inf.      Time
       0   -1.2131357e+33   1.792298e+33   1.213136e+03      0s
      41    8.0038836e+05   0.000000e+00   0.000000e+00      0s

Solved in 41 iterations and 0.10 seconds (0.10 work units)
Optimal objective  8.003883567e+05
Set parameter TimeLimit to value 1.9105191235542297e+03
Gurobi Optimizer version 12.0.3 build v12.0.3rc0 (linux64 - "Ubuntu 24.04.4 LTS")

CPU model: Intel(R) Xeon(R) Gold 6258R CPU @ 2.70GHz, instruction set [SSE2|AVX|AVX2|AVX512]
Thread count: 56 physical cores, 56 logical processors, using up to 1 threads

Non-default parameters:
TimeLimit  1.9105191235542297e+03
Method  1
Seed  20260919
Threads  1

Optimize a model with 189 rows, 44239 columns and 1217872 nonzeros
Coefficient statistics:
  Matrix range     [1e+00, 1e+00]
  Objective range  [1e+05, 5e+05]
  Bounds range     [1e+00, 1e+00]
  RHS range        [1e+00, 8e+00]
LP warm-start: use basis

Iteration    Objective       Primal Inf.    Dual Inf.      Time
       0   -1.2842554e+33   1.186739e+33   1.284255e+03      0s
       5    8.0038836e+05   0.000000e+00   0.000000e+00      0s

Solved in 5 iterations and 0.06 seconds (0.02 work units)
Optimal objective  8.003883567e+05
Set parameter TimeLimit to value 1.9087879743576050e+03
Gurobi Optimizer version 12.0.3 build v12.0.3rc0 (linux64 - "Ubuntu 24.04.4 LTS")

CPU model: Intel(R) Xeon(R) Gold 6258R CPU @ 2.70GHz, instruction set [SSE2|AVX|AVX2|AVX512]
Thread count: 56 physical cores, 56 logical processors, using up to 1 threads

Non-default parameters:
TimeLimit  1.9087879743576050e+03
Method  1
Seed  20260919
Threads  1

Optimize a model with 189 rows, 44269 columns and 1218853 nonzeros
Coefficient statistics:
  Matrix range     [1e+00, 1e+00]
  Objective range  [1e+05, 5e+05]
  Bounds range     [1e+00, 1e+00]
  RHS range        [1e+00, 8e+00]
LP warm-start: use basis

Iteration    Objective       Primal Inf.    Dual Inf.      Time
       0   -1.1660319e+33   1.891874e+33   1.166032e+03      0s
       3    8.0038836e+05   0.000000e+00   0.000000e+00      0s

Solved in 3 iterations and 0.06 seconds (0.02 work units)
Optimal objective  8.003883567e+05
Set parameter TimeLimit to value 1.9074648318290710e+03
Gurobi Optimizer version 12.0.3 build v12.0.3rc0 (linux64 - "Ubuntu 24.04.4 LTS")

CPU model: Intel(R) Xeon(R) Gold 6258R CPU @ 2.70GHz, instruction set [SSE2|AVX|AVX2|AVX512]
Thread count: 56 physical cores, 56 logical processors, using up to 1 threads

Non-default parameters:
TimeLimit  1.9074648318290710e+03
Method  1
Seed  20260919
Threads  1

Optimize a model with 189 rows, 44299 columns and 1219854 nonzeros
Coefficient statistics:
  Matrix range     [1e+00, 1e+00]
  Objective range  [1e+05, 5e+05]
  Bounds range     [1e+00, 1e+00]
  RHS range        [1e+00, 8e+00]
LP warm-start: use basis

Iteration    Objective       Primal Inf.    Dual Inf.      Time
       0   -1.2032123e+33   1.526736e+33   1.203212e+03      0s
       1    8.0038836e+05   0.000000e+00   0.000000e+00      0s

Solved in 1 iterations and 0.06 seconds (0.02 work units)
Optimal objective  8.003883567e+05
Set parameter TimeLimit to value 1.9061612436771393e+03
Gurobi Optimizer version 12.0.3 build v12.0.3rc0 (linux64 - "Ubuntu 24.04.4 LTS")

CPU model: Intel(R) Xeon(R) Gold 6258R CPU @ 2.70GHz, instruction set [SSE2|AVX|AVX2|AVX512]
Thread count: 56 physical cores, 56 logical processors, using up to 1 threads

Non-default parameters:
TimeLimit  1.9061612436771393e+03
Method  1
Seed  20260919
Threads  1

Optimize a model with 189 rows, 44329 columns and 1220863 nonzeros
Coefficient statistics:
  Matrix range     [1e+00, 1e+00]
  Objective range  [1e+05, 5e+05]
  Bounds range     [1e+00, 1e+00]
  RHS range        [1e+00, 8e+00]
LP warm-start: use basis

Iteration    Objective       Primal Inf.    Dual Inf.      Time
       0   -1.1631377e+33   1.651934e+33   1.163138e+03      0s
     142    8.0038836e+05   0.000000e+00   0.000000e+00      0s

Solved in 142 iterations and 0.20 seconds (0.33 work units)
Optimal objective  8.003883567e+05
Set parameter TimeLimit to value 1.9044078025817871e+03
Gurobi Optimizer version 12.0.3 build v12.0.3rc0 (linux64 - "Ubuntu 24.04.4 LTS")

CPU model: Intel(R) Xeon(R) Gold 6258R CPU @ 2.70GHz, instruction set [SSE2|AVX|AVX2|AVX512]
Thread count: 56 physical cores, 56 logical processors, using up to 1 threads

Non-default parameters:
TimeLimit  1.9044078025817871e+03
Method  1
Seed  20260919
Threads  1

Optimize a model with 189 rows, 44359 columns and 1221802 nonzeros
Coefficient statistics:
  Matrix range     [1e+00, 1e+00]
  Objective range  [1e+05, 5e+05]
  Bounds range     [1e+00, 1e+00]
  RHS range        [1e+00, 8e+00]
LP warm-start: use basis

Iteration    Objective       Primal Inf.    Dual Inf.      Time
       0   -1.1411188e+33   2.972965e+33   1.141119e+03      0s
      91    8.0038836e+05   0.000000e+00   0.000000e+00      0s

Solved in 91 iterations and 0.15 seconds (0.22 work units)
Optimal objective  8.003883567e+05
Set parameter TimeLimit to value 1.9026890616416931e+03
Gurobi Optimizer version 12.0.3 build v12.0.3rc0 (linux64 - "Ubuntu 24.04.4 LTS")

CPU model: Intel(R) Xeon(R) Gold 6258R CPU @ 2.70GHz, instruction set [SSE2|AVX|AVX2|AVX512]
Thread count: 56 physical cores, 56 logical processors, using up to 1 threads

Non-default parameters:
TimeLimit  1.9026890616416931e+03
Method  1
Seed  20260919
Threads  1

Optimize a model with 189 rows, 44389 columns and 1222826 nonzeros
Coefficient statistics:
  Matrix range     [1e+00, 1e+00]
  Objective range  [1e+05, 5e+05]
  Bounds range     [1e+00, 1e+00]
  RHS range        [1e+00, 8e+00]
LP warm-start: use basis

Iteration    Objective       Primal Inf.    Dual Inf.      Time
       0   -1.2238958e+33   1.329867e+33   1.223896e+03      0s
      67    8.0038836e+05   0.000000e+00   0.000000e+00      0s

Solved in 67 iterations and 0.11 seconds (0.15 work units)
Optimal objective  8.003883567e+05
Set parameter TimeLimit to value 1.9012894015312195e+03
Gurobi Optimizer version 12.0.3 build v12.0.3rc0 (linux64 - "Ubuntu 24.04.4 LTS")

CPU model: Intel(R) Xeon(R) Gold 6258R CPU @ 2.70GHz, instruction set [SSE2|AVX|AVX2|AVX512]
Thread count: 56 physical cores, 56 logical processors, using up to 1 threads

Non-default parameters:
TimeLimit  1.9012894015312195e+03
Method  1
Seed  20260919
Threads  1

Optimize a model with 189 rows, 44419 columns and 1223751 nonzeros
Coefficient statistics:
  Matrix range     [1e+00, 1e+00]
  Objective range  [1e+05, 5e+05]
  Bounds range     [1e+00, 1e+00]
  RHS range        [1e+00, 8e+00]
LP warm-start: use basis

Iteration    Objective       Primal Inf.    Dual Inf.      Time
       0   -1.1722837e+33   2.392968e+33   1.172284e+03      0s
       1    8.0038836e+05   0.000000e+00   0.000000e+00      0s

Solved in 1 iterations and 0.06 seconds (0.02 work units)
Optimal objective  8.003883567e+05
Set parameter TimeLimit to value 1.8995504317283630e+03
Gurobi Optimizer version 12.0.3 build v12.0.3rc0 (linux64 - "Ubuntu 24.04.4 LTS")

CPU model: Intel(R) Xeon(R) Gold 6258R CPU @ 2.70GHz, instruction set [SSE2|AVX|AVX2|AVX512]
Thread count: 56 physical cores, 56 logical processors, using up to 1 threads

Non-default parameters:
TimeLimit  1.8995504317283630e+03
Method  1
Seed  20260919
Threads  1

Optimize a model with 189 rows, 44449 columns and 1224683 nonzeros
Coefficient statistics:
  Matrix range     [1e+00, 1e+00]
  Objective range  [1e+05, 5e+05]
  Bounds range     [1e+00, 1e+00]
  RHS range        [1e+00, 8e+00]
LP warm-start: use basis

Iteration    Objective       Primal Inf.    Dual Inf.      Time
       0   -1.1284757e+33   2.235257e+33   1.128476e+03      0s
       4    8.0038836e+05   0.000000e+00   0.000000e+00      0s

Solved in 4 iterations and 0.06 seconds (0.02 work units)
Optimal objective  8.003883567e+05
Set parameter TimeLimit to value 1.8977903084754944e+03
Gurobi Optimizer version 12.0.3 build v12.0.3rc0 (linux64 - "Ubuntu 24.04.4 LTS")

CPU model: Intel(R) Xeon(R) Gold 6258R CPU @ 2.70GHz, instruction set [SSE2|AVX|AVX2|AVX512]
Thread count: 56 physical cores, 56 logical processors, using up to 1 threads

Non-default parameters:
TimeLimit  1.8977903084754944e+03
Method  1
Seed  20260919
Threads  1

Optimize a model with 189 rows, 44479 columns and 1225574 nonzeros
Coefficient statistics:
  Matrix range     [1e+00, 1e+00]
  Objective range  [1e+05, 5e+05]
  Bounds range     [1e+00, 1e+00]
  RHS range        [1e+00, 8e+00]
LP warm-start: use basis

Iteration    Objective       Primal Inf.    Dual Inf.      Time
       0   -1.1149195e+33   2.619266e+33   1.114920e+03      0s
       7    8.0038836e+05   0.000000e+00   0.000000e+00      0s

Solved in 7 iterations and 0.06 seconds (0.02 work units)
Optimal objective  8.003883567e+05
Set parameter TimeLimit to value 1.8962682030200958e+03
Gurobi Optimizer version 12.0.3 build v12.0.3rc0 (linux64 - "Ubuntu 24.04.4 LTS")

CPU model: Intel(R) Xeon(R) Gold 6258R CPU @ 2.70GHz, instruction set [SSE2|AVX|AVX2|AVX512]
Thread count: 56 physical cores, 56 logical processors, using up to 1 threads

Non-default parameters:
TimeLimit  1.8962682030200958e+03
Method  1
Seed  20260919
Threads  1

Optimize a model with 189 rows, 44509 columns and 1226490 nonzeros
Coefficient statistics:
  Matrix range     [1e+00, 1e+00]
  Objective range  [1e+05, 5e+05]
  Bounds range     [1e+00, 1e+00]
  RHS range        [1e+00, 8e+00]
LP warm-start: use basis

Iteration    Objective       Primal Inf.    Dual Inf.      Time
       0   -1.1196892e+33   2.463335e+33   1.119689e+03      0s
      55    8.0038836e+05   0.000000e+00   0.000000e+00      0s

Solved in 55 iterations and 0.11 seconds (0.13 work units)
Optimal objective  8.003883567e+05
Set parameter TimeLimit to value 1.8946573953628540e+03
Gurobi Optimizer version 12.0.3 build v12.0.3rc0 (linux64 - "Ubuntu 24.04.4 LTS")

CPU model: Intel(R) Xeon(R) Gold 6258R CPU @ 2.70GHz, instruction set [SSE2|AVX|AVX2|AVX512]
Thread count: 56 physical cores, 56 logical processors, using up to 1 threads

Non-default parameters:
TimeLimit  1.8946573953628540e+03
Method  1
Seed  20260919
Threads  1

Optimize a model with 189 rows, 44539 columns and 1227405 nonzeros
Coefficient statistics:
  Matrix range     [1e+00, 1e+00]
  Objective range  [1e+05, 5e+05]
  Bounds range     [1e+00, 1e+00]
  RHS range        [1e+00, 8e+00]
LP warm-start: use basis

Iteration    Objective       Primal Inf.    Dual Inf.      Time
       0   -1.0626490e+33   2.175545e+33   1.062649e+03      0s
       7    8.0038836e+05   0.000000e+00   0.000000e+00      0s

Solved in 7 iterations and 0.06 seconds (0.02 work units)
Optimal objective  8.003883567e+05
Set parameter TimeLimit to value 1.8931079194545746e+03
Gurobi Optimizer version 12.0.3 build v12.0.3rc0 (linux64 - "Ubuntu 24.04.4 LTS")

CPU model: Intel(R) Xeon(R) Gold 6258R CPU @ 2.70GHz, instruction set [SSE2|AVX|AVX2|AVX512]
Thread count: 56 physical cores, 56 logical processors, using up to 1 threads

Non-default parameters:
TimeLimit  1.8931079194545746e+03
Method  1
Seed  20260919
Threads  1

Optimize a model with 189 rows, 44569 columns and 1228296 nonzeros
Coefficient statistics:
  Matrix range     [1e+00, 1e+00]
  Objective range  [1e+05, 5e+05]
  Bounds range     [1e+00, 1e+00]
  RHS range        [1e+00, 8e+00]
LP warm-start: use basis

Iteration    Objective       Primal Inf.    Dual Inf.      Time
       0   -1.0345485e+33   1.956539e+33   1.034549e+03      0s
      25    8.0038836e+05   0.000000e+00   0.000000e+00      0s

Solved in 25 iterations and 0.08 seconds (0.06 work units)
Optimal objective  8.003883567e+05
Set parameter TimeLimit to value 1.8909605910778046e+03
Gurobi Optimizer version 12.0.3 build v12.0.3rc0 (linux64 - "Ubuntu 24.04.4 LTS")

CPU model: Intel(R) Xeon(R) Gold 6258R CPU @ 2.70GHz, instruction set [SSE2|AVX|AVX2|AVX512]
Thread count: 56 physical cores, 56 logical processors, using up to 1 threads

Non-default parameters:
TimeLimit  1.8909605910778046e+03
Method  1
Seed  20260919
Threads  1

Optimize a model with 189 rows, 44599 columns and 1229241 nonzeros
Coefficient statistics:
  Matrix range     [1e+00, 1e+00]
  Objective range  [1e+05, 5e+05]
  Bounds range     [1e+00, 1e+00]
  RHS range        [1e+00, 8e+00]
LP warm-start: use basis

Iteration    Objective       Primal Inf.    Dual Inf.      Time
       0   -1.0295572e+33   2.603928e+33   1.029557e+03      0s
     231    8.0038722e+05   0.000000e+00   0.000000e+00      0s

Solved in 231 iterations and 0.30 seconds (0.57 work units)
Optimal objective  8.003872155e+05
Set parameter TimeLimit to value 1.8890580420494080e+03
Gurobi Optimizer version 12.0.3 build v12.0.3rc0 (linux64 - "Ubuntu 24.04.4 LTS")

CPU model: Intel(R) Xeon(R) Gold 6258R CPU @ 2.70GHz, instruction set [SSE2|AVX|AVX2|AVX512]
Thread count: 56 physical cores, 56 logical processors, using up to 1 threads

Non-default parameters:
TimeLimit  1.8890580420494080e+03
Method  1
Seed  20260919
Threads  1

Optimize a model with 189 rows, 44629 columns and 1230200 nonzeros
Coefficient statistics:
  Matrix range     [1e+00, 1e+00]
  Objective range  [1e+05, 5e+05]
  Bounds range     [1e+00, 1e+00]
  RHS range        [1e+00, 8e+00]
LP warm-start: use basis

Iteration    Objective       Primal Inf.    Dual Inf.      Time
       0   -1.1537848e+33   3.540883e+33   1.153785e+03      0s
      14    8.0038722e+05   0.000000e+00   0.000000e+00      0s

Solved in 14 iterations and 0.07 seconds (0.04 work units)
Optimal objective  8.003872155e+05
Set parameter TimeLimit to value 1.8875782518386841e+03
Gurobi Optimizer version 12.0.3 build v12.0.3rc0 (linux64 - "Ubuntu 24.04.4 LTS")

CPU model: Intel(R) Xeon(R) Gold 6258R CPU @ 2.70GHz, instruction set [SSE2|AVX|AVX2|AVX512]
Thread count: 56 physical cores, 56 logical processors, using up to 1 threads

Non-default parameters:
TimeLimit  1.8875782518386841e+03
Method  1
Seed  20260919
Threads  1

Optimize a model with 189 rows, 44659 columns and 1231160 nonzeros
Coefficient statistics:
  Matrix range     [1e+00, 1e+00]
  Objective range  [1e+05, 5e+05]
  Bounds range     [1e+00, 1e+00]
  RHS range        [1e+00, 8e+00]
LP warm-start: use basis

Iteration    Objective       Primal Inf.    Dual Inf.      Time
       0   -1.1624315e+33   2.481087e+33   1.162432e+03      0s
     254    8.0038722e+05   0.000000e+00   0.000000e+00      0s

Solved in 254 iterations and 0.31 seconds (0.60 work units)
Optimal objective  8.003872155e+05
Set parameter TimeLimit to value 1.8871762738227844e+03
Gurobi Optimizer version 12.0.3 build v12.0.3rc0 (linux64 - "Ubuntu 24.04.4 LTS")

CPU model: Intel(R) Xeon(R) Gold 6258R CPU @ 2.70GHz, instruction set [SSE2|AVX|AVX2|AVX512]
Thread count: 56 physical cores, 56 logical processors, using up to 1 threads

Non-default parameters:
TimeLimit  1.8871762738227844e+03
Method  1
Seed  20260919
Threads  1

Optimize a model with 189 rows, 44659 columns and 1231160 nonzeros
Coefficient statistics:
  Matrix range     [1e+00, 1e+00]
  Objective range  [1e+05, 5e+05]
  Bounds range     [1e+00, 1e+00]
  RHS range        [1e+00, 8e+00]

Iteration    Objective       Primal Inf.    Dual Inf.      Time
       0    8.0038722e+05   6.229997e-01   0.000000e+00      0s
     613    3.1786340e+06   0.000000e+00   0.000000e+00      1s

Solved in 613 iterations and 0.57 seconds (1.30 work units)
Optimal objective  3.178634039e+06
Set parameter TimeLimit to value 1.8817231788635254e+03
Gurobi Optimizer version 12.0.3 build v12.0.3rc0 (linux64 - "Ubuntu 24.04.4 LTS")

CPU model: Intel(R) Xeon(R) Gold 6258R CPU @ 2.70GHz, instruction set [SSE2|AVX|AVX2|AVX512]
Thread count: 56 physical cores, 56 logical processors, using up to 1 threads

Non-default parameters:
TimeLimit  1.8817231788635254e+03
Method  1
Seed  20260919
Threads  1

Optimize a model with 189 rows, 44689 columns and 1232098 nonzeros
Coefficient statistics:
  Matrix range     [1e+00, 1e+00]
  Objective range  [1e+05, 5e+05]
  Bounds range     [1e+00, 1e+00]
  RHS range        [1e+00, 8e+00]
LP warm-start: use basis

Iteration    Objective       Primal Inf.    Dual Inf.      Time
       0   -9.9048989e+37   6.845791e+33   9.904899e+07      0s
     311    2.8914124e+06   0.000000e+00   0.000000e+00      0s

Solved in 311 iterations and 0.27 seconds (0.50 work units)
Optimal objective  2.891412414e+06
Set parameter TimeLimit to value 1.8791002137660980e+03
Gurobi Optimizer version 12.0.3 build v12.0.3rc0 (linux64 - "Ubuntu 24.04.4 LTS")

CPU model: Intel(R) Xeon(R) Gold 6258R CPU @ 2.70GHz, instruction set [SSE2|AVX|AVX2|AVX512]
Thread count: 56 physical cores, 56 logical processors, using up to 1 threads

Non-default parameters:
TimeLimit  1.8791002137660980e+03
Method  1
Seed  20260919
Threads  1

Optimize a model with 189 rows, 44719 columns and 1233200 nonzeros
Coefficient statistics:
  Matrix range     [1e+00, 1e+00]
  Objective range  [1e+05, 5e+05]
  Bounds range     [1e+00, 1e+00]
  RHS range        [1e+00, 8e+00]
LP warm-start: use basis

Iteration    Objective       Primal Inf.    Dual Inf.      Time
       0   -1.1695232e+38   2.415739e+33   1.169523e+08      0s
     276    2.7482124e+06   0.000000e+00   0.000000e+00      0s

Solved in 276 iterations and 0.23 seconds (0.41 work units)
Optimal objective  2.748212401e+06
Set parameter TimeLimit to value 1.8747417480945587e+03
Gurobi Optimizer version 12.0.3 build v12.0.3rc0 (linux64 - "Ubuntu 24.04.4 LTS")

CPU model: Intel(R) Xeon(R) Gold 6258R CPU @ 2.70GHz, instruction set [SSE2|AVX|AVX2|AVX512]
Thread count: 56 physical cores, 56 logical processors, using up to 1 threads

Non-default parameters:
TimeLimit  1.8747417480945587e+03
Method  1
Seed  20260919
Threads  1

Optimize a model with 189 rows, 44749 columns and 1234161 nonzeros
Coefficient statistics:
  Matrix range     [1e+00, 1e+00]
  Objective range  [1e+05, 5e+05]
  Bounds range     [1e+00, 1e+00]
  RHS range        [1e+00, 8e+00]
LP warm-start: use basis

Iteration    Objective       Primal Inf.    Dual Inf.      Time
       0   -7.9195293e+37   3.628108e+33   7.919529e+07      0s
     186    2.6353478e+06   0.000000e+00   0.000000e+00      0s

Solved in 186 iterations and 0.18 seconds (0.29 work units)
Optimal objective  2.635347775e+06
Set parameter TimeLimit to value 1.8700833125114441e+03
Gurobi Optimizer version 12.0.3 build v12.0.3rc0 (linux64 - "Ubuntu 24.04.4 LTS")

CPU model: Intel(R) Xeon(R) Gold 6258R CPU @ 2.70GHz, instruction set [SSE2|AVX|AVX2|AVX512]
Thread count: 56 physical cores, 56 logical processors, using up to 1 threads

Non-default parameters:
TimeLimit  1.8700833125114441e+03
Method  1
Seed  20260919
Threads  1

Optimize a model with 189 rows, 44779 columns and 1235140 nonzeros
Coefficient statistics:
  Matrix range     [1e+00, 1e+00]
  Objective range  [1e+05, 5e+05]
  Bounds range     [1e+00, 1e+00]
  RHS range        [1e+00, 8e+00]
LP warm-start: use basis

Iteration    Objective       Primal Inf.    Dual Inf.      Time
       0   -6.6998664e+37   2.728261e+33   6.699866e+07      0s
     278    2.4892192e+06   0.000000e+00   0.000000e+00      0s

Solved in 278 iterations and 0.25 seconds (0.46 work units)
Optimal objective  2.489219222e+06
Set parameter TimeLimit to value 1.8653084900379181e+03
Gurobi Optimizer version 12.0.3 build v12.0.3rc0 (linux64 - "Ubuntu 24.04.4 LTS")

CPU model: Intel(R) Xeon(R) Gold 6258R CPU @ 2.70GHz, instruction set [SSE2|AVX|AVX2|AVX512]
Thread count: 56 physical cores, 56 logical processors, using up to 1 threads

Non-default parameters:
TimeLimit  1.8653084900379181e+03
Method  1
Seed  20260919
Threads  1

Optimize a model with 189 rows, 44809 columns and 1236057 nonzeros
Coefficient statistics:
  Matrix range     [1e+00, 1e+00]
  Objective range  [1e+05, 5e+05]
  Bounds range     [1e+00, 1e+00]
  RHS range        [1e+00, 8e+00]
LP warm-start: use basis

Iteration    Objective       Primal Inf.    Dual Inf.      Time
       0   -6.6176732e+37   2.401627e+33   6.617673e+07      0s
     234    2.4266730e+06   0.000000e+00   0.000000e+00      0s

Solved in 234 iterations and 0.23 seconds (0.40 work units)
Optimal objective  2.426672993e+06
Set parameter TimeLimit to value 1.8607562704086304e+03
Gurobi Optimizer version 12.0.3 build v12.0.3rc0 (linux64 - "Ubuntu 24.04.4 LTS")

CPU model: Intel(R) Xeon(R) Gold 6258R CPU @ 2.70GHz, instruction set [SSE2|AVX|AVX2|AVX512]
Thread count: 56 physical cores, 56 logical processors, using up to 1 threads

Non-default parameters:
TimeLimit  1.8607562704086304e+03
Method  1
Seed  20260919
Threads  1

Optimize a model with 189 rows, 44839 columns and 1237042 nonzeros
Coefficient statistics:
  Matrix range     [1e+00, 1e+00]
  Objective range  [1e+05, 5e+05]
  Bounds range     [1e+00, 1e+00]
  RHS range        [1e+00, 8e+00]
LP warm-start: use basis

Iteration    Objective       Primal Inf.    Dual Inf.      Time
       0   -6.5363598e+37   1.089651e+33   6.536360e+07      0s
     213    2.3276778e+06   0.000000e+00   0.000000e+00      0s

Solved in 213 iterations and 0.20 seconds (0.33 work units)
Optimal objective  2.327677800e+06
Set parameter TimeLimit to value 1.8560690429210663e+03
Gurobi Optimizer version 12.0.3 build v12.0.3rc0 (linux64 - "Ubuntu 24.04.4 LTS")

CPU model: Intel(R) Xeon(R) Gold 6258R CPU @ 2.70GHz, instruction set [SSE2|AVX|AVX2|AVX512]
Thread count: 56 physical cores, 56 logical processors, using up to 1 threads

Non-default parameters:
TimeLimit  1.8560690429210663e+03
Method  1
Seed  20260919
Threads  1

Optimize a model with 189 rows, 44869 columns and 1237980 nonzeros
Coefficient statistics:
  Matrix range     [1e+00, 1e+00]
  Objective range  [1e+05, 5e+05]
  Bounds range     [1e+00, 1e+00]
  RHS range        [1e+00, 8e+00]
LP warm-start: use basis

Iteration    Objective       Primal Inf.    Dual Inf.      Time
       0   -6.5356439e+37   1.894996e+33   6.535644e+07      0s
     298    2.1786174e+06   0.000000e+00   0.000000e+00      0s

Solved in 298 iterations and 0.25 seconds (0.47 work units)
Optimal objective  2.178617384e+06
Set parameter TimeLimit to value 1.8531992645263672e+03
Gurobi Optimizer version 12.0.3 build v12.0.3rc0 (linux64 - "Ubuntu 24.04.4 LTS")

CPU model: Intel(R) Xeon(R) Gold 6258R CPU @ 2.70GHz, instruction set [SSE2|AVX|AVX2|AVX512]
Thread count: 56 physical cores, 56 logical processors, using up to 1 threads

Non-default parameters:
TimeLimit  1.8531992645263672e+03
Method  1
Seed  20260919
Threads  1

Optimize a model with 189 rows, 44899 columns and 1239045 nonzeros
Coefficient statistics:
  Matrix range     [1e+00, 1e+00]
  Objective range  [1e+05, 5e+05]
  Bounds range     [1e+00, 1e+00]
  RHS range        [1e+00, 8e+00]
LP warm-start: use basis

Iteration    Objective       Primal Inf.    Dual Inf.      Time
       0   -7.1661289e+37   1.706349e+33   7.166129e+07      0s
     161    2.1139857e+06   0.000000e+00   0.000000e+00      0s

Solved in 161 iterations and 0.16 seconds (0.24 work units)
Optimal objective  2.113985737e+06
Set parameter TimeLimit to value 1.8478581552505493e+03
Gurobi Optimizer version 12.0.3 build v12.0.3rc0 (linux64 - "Ubuntu 24.04.4 LTS")

CPU model: Intel(R) Xeon(R) Gold 6258R CPU @ 2.70GHz, instruction set [SSE2|AVX|AVX2|AVX512]
Thread count: 56 physical cores, 56 logical processors, using up to 1 threads

Non-default parameters:
TimeLimit  1.8478581552505493e+03
Method  1
Seed  20260919
Threads  1

Optimize a model with 189 rows, 44929 columns and 1239947 nonzeros
Coefficient statistics:
  Matrix range     [1e+00, 1e+00]
  Objective range  [1e+05, 5e+05]
  Bounds range     [1e+00, 1e+00]
  RHS range        [1e+00, 8e+00]
LP warm-start: use basis

Iteration    Objective       Primal Inf.    Dual Inf.      Time
       0   -7.2772248e+37   1.894858e+33   7.277225e+07      0s
     185    2.0354953e+06   0.000000e+00   0.000000e+00      0s

Solved in 185 iterations and 0.18 seconds (0.28 work units)
Optimal objective  2.035495285e+06
Set parameter TimeLimit to value 1.8457050580978394e+03
Gurobi Optimizer version 12.0.3 build v12.0.3rc0 (linux64 - "Ubuntu 24.04.4 LTS")

CPU model: Intel(R) Xeon(R) Gold 6258R CPU @ 2.70GHz, instruction set [SSE2|AVX|AVX2|AVX512]
Thread count: 56 physical cores, 56 logical processors, using up to 1 threads

Non-default parameters:
TimeLimit  1.8457050580978394e+03
Method  1
Seed  20260919
Threads  1

Optimize a model with 189 rows, 44959 columns and 1240849 nonzeros
Coefficient statistics:
  Matrix range     [1e+00, 1e+00]
  Objective range  [1e+05, 5e+05]
  Bounds range     [1e+00, 1e+00]
  RHS range        [1e+00, 8e+00]
LP warm-start: use basis

Iteration    Objective       Primal Inf.    Dual Inf.      Time
       0   -6.0596319e+37   1.742797e+33   6.059632e+07      0s
     210    1.9808288e+06   0.000000e+00   0.000000e+00      0s

Solved in 210 iterations and 0.19 seconds (0.32 work units)
Optimal objective  1.980828810e+06
Set parameter TimeLimit to value 1.8440499796867371e+03
Gurobi Optimizer version 12.0.3 build v12.0.3rc0 (linux64 - "Ubuntu 24.04.4 LTS")

CPU model: Intel(R) Xeon(R) Gold 6258R CPU @ 2.70GHz, instruction set [SSE2|AVX|AVX2|AVX512]
Thread count: 56 physical cores, 56 logical processors, using up to 1 threads

Non-default parameters:
TimeLimit  1.8440499796867371e+03
Method  1
Seed  20260919
Threads  1

Optimize a model with 189 rows, 44989 columns and 1241748 nonzeros
Coefficient statistics:
  Matrix range     [1e+00, 1e+00]
  Objective range  [1e+05, 5e+05]
  Bounds range     [1e+00, 1e+00]
  RHS range        [1e+00, 8e+00]
LP warm-start: use basis

Iteration    Objective       Primal Inf.    Dual Inf.      Time
       0   -4.1944453e+37   1.519702e+33   4.194445e+07      0s
     263    1.9242193e+06   0.000000e+00   0.000000e+00      0s

Solved in 263 iterations and 0.24 seconds (0.41 work units)
Optimal objective  1.924219250e+06
Set parameter TimeLimit to value 1.8419878528118134e+03
Gurobi Optimizer version 12.0.3 build v12.0.3rc0 (linux64 - "Ubuntu 24.04.4 LTS")

CPU model: Intel(R) Xeon(R) Gold 6258R CPU @ 2.70GHz, instruction set [SSE2|AVX|AVX2|AVX512]
Thread count: 56 physical cores, 56 logical processors, using up to 1 threads

Non-default parameters:
TimeLimit  1.8419878528118134e+03
Method  1
Seed  20260919
Threads  1

Optimize a model with 189 rows, 45019 columns and 1242642 nonzeros
Coefficient statistics:
  Matrix range     [1e+00, 1e+00]
  Objective range  [1e+05, 5e+05]
  Bounds range     [1e+00, 1e+00]
  RHS range        [1e+00, 8e+00]
LP warm-start: use basis

Iteration    Objective       Primal Inf.    Dual Inf.      Time
       0   -4.3440184e+37   1.871355e+33   4.344018e+07      0s
     146    1.8985969e+06   0.000000e+00   0.000000e+00      0s

Solved in 146 iterations and 0.15 seconds (0.23 work units)
Optimal objective  1.898596895e+06
Set parameter TimeLimit to value 1.8383359818458557e+03
Gurobi Optimizer version 12.0.3 build v12.0.3rc0 (linux64 - "Ubuntu 24.04.4 LTS")

CPU model: Intel(R) Xeon(R) Gold 6258R CPU @ 2.70GHz, instruction set [SSE2|AVX|AVX2|AVX512]
Thread count: 56 physical cores, 56 logical processors, using up to 1 threads

Non-default parameters:
TimeLimit  1.8383359818458557e+03
Method  1
Seed  20260919
Threads  1

Optimize a model with 189 rows, 45049 columns and 1243534 nonzeros
Coefficient statistics:
  Matrix range     [1e+00, 1e+00]
  Objective range  [1e+05, 5e+05]
  Bounds range     [1e+00, 1e+00]
  RHS range        [1e+00, 8e+00]
LP warm-start: use basis

Iteration    Objective       Primal Inf.    Dual Inf.      Time
       0   -4.0228082e+37   1.513952e+33   4.022808e+07      0s
     194    1.8755943e+06   0.000000e+00   0.000000e+00      0s

Solved in 194 iterations and 0.19 seconds (0.31 work units)
Optimal objective  1.875594305e+06
Set parameter TimeLimit to value 1.8361215605735779e+03
Gurobi Optimizer version 12.0.3 build v12.0.3rc0 (linux64 - "Ubuntu 24.04.4 LTS")

CPU model: Intel(R) Xeon(R) Gold 6258R CPU @ 2.70GHz, instruction set [SSE2|AVX|AVX2|AVX512]
Thread count: 56 physical cores, 56 logical processors, using up to 1 threads

Non-default parameters:
TimeLimit  1.8361215605735779e+03
Method  1
Seed  20260919
Threads  1

Optimize a model with 189 rows, 45079 columns and 1244388 nonzeros
Coefficient statistics:
  Matrix range     [1e+00, 1e+00]
  Objective range  [1e+05, 5e+05]
  Bounds range     [1e+00, 1e+00]
  RHS range        [1e+00, 8e+00]
LP warm-start: use basis

Iteration    Objective       Primal Inf.    Dual Inf.      Time
       0   -4.0520911e+37   4.281524e+33   4.052091e+07      0s
     189    1.8386337e+06   0.000000e+00   0.000000e+00      0s

Solved in 189 iterations and 0.19 seconds (0.30 work units)
Optimal objective  1.838633722e+06
Set parameter TimeLimit to value 1.8337718329429626e+03
Gurobi Optimizer version 12.0.3 build v12.0.3rc0 (linux64 - "Ubuntu 24.04.4 LTS")

CPU model: Intel(R) Xeon(R) Gold 6258R CPU @ 2.70GHz, instruction set [SSE2|AVX|AVX2|AVX512]
Thread count: 56 physical cores, 56 logical processors, using up to 1 threads

Non-default parameters:
TimeLimit  1.8337718329429626e+03
Method  1
Seed  20260919
Threads  1

Optimize a model with 189 rows, 45109 columns and 1245314 nonzeros
Coefficient statistics:
  Matrix range     [1e+00, 1e+00]
  Objective range  [1e+05, 5e+05]
  Bounds range     [1e+00, 1e+00]
  RHS range        [1e+00, 8e+00]
LP warm-start: use basis

Iteration    Objective       Primal Inf.    Dual Inf.      Time
       0   -4.5917667e+37   3.146484e+33   4.591767e+07      0s
     197    1.8231501e+06   0.000000e+00   0.000000e+00      0s

Solved in 197 iterations and 0.20 seconds (0.33 work units)
Optimal objective  1.823150081e+06
Set parameter TimeLimit to value 1831.7117831707
Gurobi Optimizer version 12.0.3 build v12.0.3rc0 (linux64 - "Ubuntu 24.04.4 LTS")

CPU model: Intel(R) Xeon(R) Gold 6258R CPU @ 2.70GHz, instruction set [SSE2|AVX|AVX2|AVX512]
Thread count: 56 physical cores, 56 logical processors, using up to 1 threads

Non-default parameters:
TimeLimit  1831.7117831707
Method  1
Seed  20260919
Threads  1

Optimize a model with 189 rows, 45139 columns and 1246210 nonzeros
Coefficient statistics:
  Matrix range     [1e+00, 1e+00]
  Objective range  [1e+05, 5e+05]
  Bounds range     [1e+00, 1e+00]
  RHS range        [1e+00, 8e+00]
LP warm-start: use basis

Iteration    Objective       Primal Inf.    Dual Inf.      Time
       0   -3.2993157e+37   1.827347e+33   3.299316e+07      0s
     153    1.8076556e+06   0.000000e+00   0.000000e+00      0s

Solved in 153 iterations and 0.15 seconds (0.23 work units)
Optimal objective  1.807655571e+06
Set parameter TimeLimit to value 1.8289304039478302e+03
Gurobi Optimizer version 12.0.3 build v12.0.3rc0 (linux64 - "Ubuntu 24.04.4 LTS")

CPU model: Intel(R) Xeon(R) Gold 6258R CPU @ 2.70GHz, instruction set [SSE2|AVX|AVX2|AVX512]
Thread count: 56 physical cores, 56 logical processors, using up to 1 threads

Non-default parameters:
TimeLimit  1.8289304039478302e+03
Method  1
Seed  20260919
Threads  1

Optimize a model with 189 rows, 45169 columns and 1247122 nonzeros
Coefficient statistics:
  Matrix range     [1e+00, 1e+00]
  Objective range  [1e+05, 5e+05]
  Bounds range     [1e+00, 1e+00]
  RHS range        [1e+00, 8e+00]
LP warm-start: use basis

Iteration    Objective       Primal Inf.    Dual Inf.      Time
       0   -4.3826588e+37   3.891130e+33   4.382659e+07      0s
     197    1.7775142e+06   0.000000e+00   0.000000e+00      0s

Solved in 197 iterations and 0.20 seconds (0.32 work units)
Optimal objective  1.777514232e+06
Set parameter TimeLimit to value 1.8238178048133850e+03
Gurobi Optimizer version 12.0.3 build v12.0.3rc0 (linux64 - "Ubuntu 24.04.4 LTS")

CPU model: Intel(R) Xeon(R) Gold 6258R CPU @ 2.70GHz, instruction set [SSE2|AVX|AVX2|AVX512]
Thread count: 56 physical cores, 56 logical processors, using up to 1 threads

Non-default parameters:
TimeLimit  1.8238178048133850e+03
Method  1
Seed  20260919
Threads  1

Optimize a model with 189 rows, 45199 columns and 1248042 nonzeros
Coefficient statistics:
  Matrix range     [1e+00, 1e+00]
  Objective range  [1e+05, 5e+05]
  Bounds range     [1e+00, 1e+00]
  RHS range        [1e+00, 8e+00]
LP warm-start: use basis

Iteration    Objective       Primal Inf.    Dual Inf.      Time
       0   -4.3767150e+37   1.195408e+33   4.376715e+07      0s
     208    1.7591514e+06   0.000000e+00   0.000000e+00      0s

Solved in 208 iterations and 0.21 seconds (0.35 work units)
Optimal objective  1.759151363e+06
Set parameter TimeLimit to value 1.8207960731983185e+03
Gurobi Optimizer version 12.0.3 build v12.0.3rc0 (linux64 - "Ubuntu 24.04.4 LTS")

CPU model: Intel(R) Xeon(R) Gold 6258R CPU @ 2.70GHz, instruction set [SSE2|AVX|AVX2|AVX512]
Thread count: 56 physical cores, 56 logical processors, using up to 1 threads

Non-default parameters:
TimeLimit  1.8207960731983185e+03
Method  1
Seed  20260919
Threads  1

Optimize a model with 189 rows, 45229 columns and 1248960 nonzeros
Coefficient statistics:
  Matrix range     [1e+00, 1e+00]
  Objective range  [1e+05, 5e+05]
  Bounds range     [1e+00, 1e+00]
  RHS range        [1e+00, 8e+00]
LP warm-start: use basis

Iteration    Objective       Primal Inf.    Dual Inf.      Time
       0   -4.9436752e+37   8.465014e+33   4.943675e+07      0s
     184    1.7312436e+06   0.000000e+00   0.000000e+00      0s

Solved in 184 iterations and 0.18 seconds (0.28 work units)
Optimal objective  1.731243631e+06
Set parameter TimeLimit to value 1.8184701552391052e+03
Gurobi Optimizer version 12.0.3 build v12.0.3rc0 (linux64 - "Ubuntu 24.04.4 LTS")

CPU model: Intel(R) Xeon(R) Gold 6258R CPU @ 2.70GHz, instruction set [SSE2|AVX|AVX2|AVX512]
Thread count: 56 physical cores, 56 logical processors, using up to 1 threads

Non-default parameters:
TimeLimit  1.8184701552391052e+03
Method  1
Seed  20260919
Threads  1

Optimize a model with 189 rows, 45259 columns and 1249821 nonzeros
Coefficient statistics:
  Matrix range     [1e+00, 1e+00]
  Objective range  [1e+05, 5e+05]
  Bounds range     [1e+00, 1e+00]
  RHS range        [1e+00, 8e+00]
LP warm-start: use basis

Iteration    Objective       Primal Inf.    Dual Inf.      Time
       0   -3.8437266e+37   2.816758e+33   3.843727e+07      0s
      41    1.7312436e+06   0.000000e+00   0.000000e+00      0s

Solved in 41 iterations and 0.09 seconds (0.08 work units)
Optimal objective  1.731243631e+06
Set parameter TimeLimit to value 1.8163599841594696e+03
Gurobi Optimizer version 12.0.3 build v12.0.3rc0 (linux64 - "Ubuntu 24.04.4 LTS")

CPU model: Intel(R) Xeon(R) Gold 6258R CPU @ 2.70GHz, instruction set [SSE2|AVX|AVX2|AVX512]
Thread count: 56 physical cores, 56 logical processors, using up to 1 threads

Non-default parameters:
TimeLimit  1.8163599841594696e+03
Method  1
Seed  20260919
Threads  1

Optimize a model with 189 rows, 45289 columns and 1250765 nonzeros
Coefficient statistics:
  Matrix range     [1e+00, 1e+00]
  Objective range  [1e+05, 5e+05]
  Bounds range     [1e+00, 1e+00]
  RHS range        [1e+00, 8e+00]
LP warm-start: use basis

Iteration    Objective       Primal Inf.    Dual Inf.      Time
       0   -3.6050187e+37   1.501451e+33   3.605019e+07      0s
      98    1.7172311e+06   0.000000e+00   0.000000e+00      0s

Solved in 98 iterations and 0.13 seconds (0.17 work units)
Optimal objective  1.717231086e+06
Set parameter TimeLimit to value 1.8143540797233582e+03
Gurobi Optimizer version 12.0.3 build v12.0.3rc0 (linux64 - "Ubuntu 24.04.4 LTS")

CPU model: Intel(R) Xeon(R) Gold 6258R CPU @ 2.70GHz, instruction set [SSE2|AVX|AVX2|AVX512]
Thread count: 56 physical cores, 56 logical processors, using up to 1 threads

Non-default parameters:
TimeLimit  1.8143540797233582e+03
Method  1
Seed  20260919
Threads  1

Optimize a model with 189 rows, 45319 columns and 1251677 nonzeros
Coefficient statistics:
  Matrix range     [1e+00, 1e+00]
  Objective range  [1e+05, 5e+05]
  Bounds range     [1e+00, 1e+00]
  RHS range        [1e+00, 8e+00]
LP warm-start: use basis

Iteration    Objective       Primal Inf.    Dual Inf.      Time
       0   -4.5527119e+37   1.895485e+33   4.552712e+07      0s
     199    1.7068720e+06   0.000000e+00   0.000000e+00      0s

Solved in 199 iterations and 0.20 seconds (0.33 work units)
Optimal objective  1.706871963e+06
Set parameter TimeLimit to value 1.8127802021503448e+03
Gurobi Optimizer version 12.0.3 build v12.0.3rc0 (linux64 - "Ubuntu 24.04.4 LTS")

CPU model: Intel(R) Xeon(R) Gold 6258R CPU @ 2.70GHz, instruction set [SSE2|AVX|AVX2|AVX512]
Thread count: 56 physical cores, 56 logical processors, using up to 1 threads

Non-default parameters:
TimeLimit  1.8127802021503448e+03
Method  1
Seed  20260919
Threads  1

Optimize a model with 189 rows, 45349 columns and 1252585 nonzeros
Coefficient statistics:
  Matrix range     [1e+00, 1e+00]
  Objective range  [1e+05, 5e+05]
  Bounds range     [1e+00, 1e+00]
  RHS range        [1e+00, 8e+00]
LP warm-start: use basis

Iteration    Objective       Primal Inf.    Dual Inf.      Time
       0   -3.2142646e+37   1.362017e+33   3.214265e+07      0s
     253    1.6906282e+06   0.000000e+00   0.000000e+00      0s

Solved in 253 iterations and 0.25 seconds (0.44 work units)
Optimal objective  1.690628247e+06
Set parameter TimeLimit to value 1.8106816134452820e+03
Gurobi Optimizer version 12.0.3 build v12.0.3rc0 (linux64 - "Ubuntu 24.04.4 LTS")

CPU model: Intel(R) Xeon(R) Gold 6258R CPU @ 2.70GHz, instruction set [SSE2|AVX|AVX2|AVX512]
Thread count: 56 physical cores, 56 logical processors, using up to 1 threads

Non-default parameters:
TimeLimit  1.8106816134452820e+03
Method  1
Seed  20260919
Threads  1

Optimize a model with 189 rows, 45379 columns and 1253559 nonzeros
Coefficient statistics:
  Matrix range     [1e+00, 1e+00]
  Objective range  [1e+05, 5e+05]
  Bounds range     [1e+00, 1e+00]
  RHS range        [1e+00, 8e+00]
LP warm-start: use basis

Iteration    Objective       Primal Inf.    Dual Inf.      Time
       0   -4.0117858e+37   1.791339e+33   4.011786e+07      0s
     227    1.6818482e+06   0.000000e+00   0.000000e+00      0s

Solved in 227 iterations and 0.23 seconds (0.38 work units)
Optimal objective  1.681848200e+06
Set parameter TimeLimit to value 1.8058386421203613e+03
Gurobi Optimizer version 12.0.3 build v12.0.3rc0 (linux64 - "Ubuntu 24.04.4 LTS")

CPU model: Intel(R) Xeon(R) Gold 6258R CPU @ 2.70GHz, instruction set [SSE2|AVX|AVX2|AVX512]
Thread count: 56 physical cores, 56 logical processors, using up to 1 threads

Non-default parameters:
TimeLimit  1.8058386421203613e+03
Method  1
Seed  20260919
Threads  1

Optimize a model with 189 rows, 45409 columns and 1254485 nonzeros
Coefficient statistics:
  Matrix range     [1e+00, 1e+00]
  Objective range  [1e+05, 5e+05]
  Bounds range     [1e+00, 1e+00]
  RHS range        [1e+00, 8e+00]
LP warm-start: use basis

Iteration    Objective       Primal Inf.    Dual Inf.      Time
       0   -3.3703530e+37   1.056812e+33   3.370353e+07      0s
     170    1.6685108e+06   0.000000e+00   0.000000e+00      0s

Solved in 170 iterations and 0.18 seconds (0.28 work units)
Optimal objective  1.668510757e+06
Set parameter TimeLimit to value 1.8037247984409332e+03
Gurobi Optimizer version 12.0.3 build v12.0.3rc0 (linux64 - "Ubuntu 24.04.4 LTS")

CPU model: Intel(R) Xeon(R) Gold 6258R CPU @ 2.70GHz, instruction set [SSE2|AVX|AVX2|AVX512]
Thread count: 56 physical cores, 56 logical processors, using up to 1 threads

Non-default parameters:
TimeLimit  1.8037247984409332e+03
Method  1
Seed  20260919
Threads  1

Optimize a model with 189 rows, 45439 columns and 1255464 nonzeros
Coefficient statistics:
  Matrix range     [1e+00, 1e+00]
  Objective range  [1e+05, 5e+05]
  Bounds range     [1e+00, 1e+00]
  RHS range        [1e+00, 8e+00]
LP warm-start: use basis

Iteration    Objective       Primal Inf.    Dual Inf.      Time
       0   -4.1863718e+37   9.409126e+32   4.186372e+07      0s
     315    1.6404743e+06   0.000000e+00   0.000000e+00      0s

Solved in 315 iterations and 0.28 seconds (0.51 work units)
Optimal objective  1.640474254e+06
Set parameter TimeLimit to value 1.8016327669620514e+03
Gurobi Optimizer version 12.0.3 build v12.0.3rc0 (linux64 - "Ubuntu 24.04.4 LTS")

CPU model: Intel(R) Xeon(R) Gold 6258R CPU @ 2.70GHz, instruction set [SSE2|AVX|AVX2|AVX512]
Thread count: 56 physical cores, 56 logical processors, using up to 1 threads

Non-default parameters:
TimeLimit  1.8016327669620514e+03
Method  1
Seed  20260919
Threads  1

Optimize a model with 189 rows, 45469 columns and 1256516 nonzeros
Coefficient statistics:
  Matrix range     [1e+00, 1e+00]
  Objective range  [1e+05, 5e+05]
  Bounds range     [1e+00, 1e+00]
  RHS range        [1e+00, 8e+00]
LP warm-start: use basis

Iteration    Objective       Primal Inf.    Dual Inf.      Time
       0   -4.7990683e+37   4.171072e+33   4.799068e+07      0s
     336    1.5987359e+06   0.000000e+00   0.000000e+00      0s

Solved in 336 iterations and 0.29 seconds (0.53 work units)
Optimal objective  1.598735890e+06
Set parameter TimeLimit to value 1.7969678649902344e+03
Gurobi Optimizer version 12.0.3 build v12.0.3rc0 (linux64 - "Ubuntu 24.04.4 LTS")

CPU model: Intel(R) Xeon(R) Gold 6258R CPU @ 2.70GHz, instruction set [SSE2|AVX|AVX2|AVX512]
Thread count: 56 physical cores, 56 logical processors, using up to 1 threads

Non-default parameters:
TimeLimit  1.7969678649902344e+03
Method  1
Seed  20260919
Threads  1

Optimize a model with 189 rows, 45499 columns and 1257381 nonzeros
Coefficient statistics:
  Matrix range     [1e+00, 1e+00]
  Objective range  [1e+05, 5e+05]
  Bounds range     [1e+00, 1e+00]
  RHS range        [1e+00, 8e+00]
LP warm-start: use basis

Iteration    Objective       Primal Inf.    Dual Inf.      Time
       0   -5.0570747e+37   1.141164e+33   5.057075e+07      0s
     229    1.5475658e+06   0.000000e+00   0.000000e+00      0s

Solved in 229 iterations and 0.23 seconds (0.38 work units)
Optimal objective  1.547565849e+06
Set parameter TimeLimit to value 1.7947731955051422e+03
Gurobi Optimizer version 12.0.3 build v12.0.3rc0 (linux64 - "Ubuntu 24.04.4 LTS")

CPU model: Intel(R) Xeon(R) Gold 6258R CPU @ 2.70GHz, instruction set [SSE2|AVX|AVX2|AVX512]
Thread count: 56 physical cores, 56 logical processors, using up to 1 threads

Non-default parameters:
TimeLimit  1.7947731955051422e+03
Method  1
Seed  20260919
Threads  1

Optimize a model with 189 rows, 45529 columns and 1258345 nonzeros
Coefficient statistics:
  Matrix range     [1e+00, 1e+00]
  Objective range  [1e+05, 5e+05]
  Bounds range     [1e+00, 1e+00]
  RHS range        [1e+00, 8e+00]
LP warm-start: use basis

Iteration    Objective       Primal Inf.    Dual Inf.      Time
       0   -3.6686806e+37   1.812447e+33   3.668681e+07      0s
      88    1.5379748e+06   0.000000e+00   0.000000e+00      0s

Solved in 88 iterations and 0.12 seconds (0.16 work units)
Optimal objective  1.537974751e+06
Set parameter TimeLimit to value 1.7918853533267975e+03
Gurobi Optimizer version 12.0.3 build v12.0.3rc0 (linux64 - "Ubuntu 24.04.4 LTS")

CPU model: Intel(R) Xeon(R) Gold 6258R CPU @ 2.70GHz, instruction set [SSE2|AVX|AVX2|AVX512]
Thread count: 56 physical cores, 56 logical processors, using up to 1 threads

Non-default parameters:
TimeLimit  1.7918853533267975e+03
Method  1
Seed  20260919
Threads  1

Optimize a model with 189 rows, 45559 columns and 1259334 nonzeros
Coefficient statistics:
  Matrix range     [1e+00, 1e+00]
  Objective range  [1e+05, 5e+05]
  Bounds range     [1e+00, 1e+00]
  RHS range        [1e+00, 8e+00]
LP warm-start: use basis

Iteration    Objective       Primal Inf.    Dual Inf.      Time
       0   -3.4640179e+37   1.315618e+33   3.464018e+07      0s
     175    1.5267669e+06   0.000000e+00   0.000000e+00      0s

Solved in 175 iterations and 0.19 seconds (0.31 work units)
Optimal objective  1.526766886e+06
Set parameter TimeLimit to value 1.7895998475551605e+03
Gurobi Optimizer version 12.0.3 build v12.0.3rc0 (linux64 - "Ubuntu 24.04.4 LTS")

CPU model: Intel(R) Xeon(R) Gold 6258R CPU @ 2.70GHz, instruction set [SSE2|AVX|AVX2|AVX512]
Thread count: 56 physical cores, 56 logical processors, using up to 1 threads

Non-default parameters:
TimeLimit  1.7895998475551605e+03
Method  1
Seed  20260919
Threads  1

Optimize a model with 189 rows, 45589 columns and 1260323 nonzeros
Coefficient statistics:
  Matrix range     [1e+00, 1e+00]
  Objective range  [1e+05, 5e+05]
  Bounds range     [1e+00, 1e+00]
  RHS range        [1e+00, 8e+00]
LP warm-start: use basis

Iteration    Objective       Primal Inf.    Dual Inf.      Time
       0   -3.7860468e+37   3.928924e+33   3.786047e+07      0s
     228    1.5060819e+06   0.000000e+00   0.000000e+00      0s

Solved in 228 iterations and 0.23 seconds (0.38 work units)
Optimal objective  1.506081941e+06
Set parameter TimeLimit to value 1.7876949229240417e+03
Gurobi Optimizer version 12.0.3 build v12.0.3rc0 (linux64 - "Ubuntu 24.04.4 LTS")

CPU model: Intel(R) Xeon(R) Gold 6258R CPU @ 2.70GHz, instruction set [SSE2|AVX|AVX2|AVX512]
Thread count: 56 physical cores, 56 logical processors, using up to 1 threads

Non-default parameters:
TimeLimit  1.7876949229240417e+03
Method  1
Seed  20260919
Threads  1

Optimize a model with 189 rows, 45619 columns and 1261223 nonzeros
Coefficient statistics:
  Matrix range     [1e+00, 1e+00]
  Objective range  [1e+05, 5e+05]
  Bounds range     [1e+00, 1e+00]
  RHS range        [1e+00, 8e+00]
LP warm-start: use basis

Iteration    Objective       Primal Inf.    Dual Inf.      Time
       0   -2.6935948e+37   8.753167e+32   2.693595e+07      0s
     150    1.4849125e+06   0.000000e+00   0.000000e+00      0s

Solved in 150 iterations and 0.18 seconds (0.27 work units)
Optimal objective  1.484912489e+06
Set parameter TimeLimit to value 1.7833605101108551e+03
Gurobi Optimizer version 12.0.3 build v12.0.3rc0 (linux64 - "Ubuntu 24.04.4 LTS")

CPU model: Intel(R) Xeon(R) Gold 6258R CPU @ 2.70GHz, instruction set [SSE2|AVX|AVX2|AVX512]
Thread count: 56 physical cores, 56 logical processors, using up to 1 threads

Non-default parameters:
TimeLimit  1.7833605101108551e+03
Method  1
Seed  20260919
Threads  1

Optimize a model with 189 rows, 45649 columns and 1262164 nonzeros
Coefficient statistics:
  Matrix range     [1e+00, 1e+00]
  Objective range  [1e+05, 5e+05]
  Bounds range     [1e+00, 1e+00]
  RHS range        [1e+00, 8e+00]
LP warm-start: use basis

Iteration    Objective       Primal Inf.    Dual Inf.      Time
       0   -4.5551372e+37   3.109682e+33   4.555137e+07      0s
     229    1.4621426e+06   0.000000e+00   0.000000e+00      0s

Solved in 229 iterations and 0.23 seconds (0.40 work units)
Optimal objective  1.462142577e+06
Set parameter TimeLimit to value 1.7777710344791412e+03
Gurobi Optimizer version 12.0.3 build v12.0.3rc0 (linux64 - "Ubuntu 24.04.4 LTS")

CPU model: Intel(R) Xeon(R) Gold 6258R CPU @ 2.70GHz, instruction set [SSE2|AVX|AVX2|AVX512]
Thread count: 56 physical cores, 56 logical processors, using up to 1 threads

Non-default parameters:
TimeLimit  1.7777710344791412e+03
Method  1
Seed  20260919
Threads  1

Optimize a model with 189 rows, 45679 columns and 1262985 nonzeros
Coefficient statistics:
  Matrix range     [1e+00, 1e+00]
  Objective range  [1e+05, 5e+05]
  Bounds range     [1e+00, 1e+00]
  RHS range        [1e+00, 8e+00]
LP warm-start: use basis

Iteration    Objective       Primal Inf.    Dual Inf.      Time
       0   -3.7005408e+37   1.767822e+33   3.700541e+07      0s
     162    1.4483155e+06   0.000000e+00   0.000000e+00      0s

Solved in 162 iterations and 0.18 seconds (0.28 work units)
Optimal objective  1.448315472e+06
Set parameter TimeLimit to value 1.7736251320838928e+03
Gurobi Optimizer version 12.0.3 build v12.0.3rc0 (linux64 - "Ubuntu 24.04.4 LTS")

CPU model: Intel(R) Xeon(R) Gold 6258R CPU @ 2.70GHz, instruction set [SSE2|AVX|AVX2|AVX512]
Thread count: 56 physical cores, 56 logical processors, using up to 1 threads

Non-default parameters:
TimeLimit  1.7736251320838928e+03
Method  1
Seed  20260919
Threads  1

Optimize a model with 189 rows, 45709 columns and 1263731 nonzeros
Coefficient statistics:
  Matrix range     [1e+00, 1e+00]
  Objective range  [1e+05, 5e+05]
  Bounds range     [1e+00, 1e+00]
  RHS range        [1e+00, 8e+00]
LP warm-start: use basis

Iteration    Objective       Primal Inf.    Dual Inf.      Time
       0   -2.6772203e+37   1.227233e+33   2.677220e+07      0s
      92    1.4438961e+06   0.000000e+00   0.000000e+00      0s

Solved in 92 iterations and 0.13 seconds (0.17 work units)
Optimal objective  1.443896075e+06
Set parameter TimeLimit to value 1772.18292760849
Gurobi Optimizer version 12.0.3 build v12.0.3rc0 (linux64 - "Ubuntu 24.04.4 LTS")

CPU model: Intel(R) Xeon(R) Gold 6258R CPU @ 2.70GHz, instruction set [SSE2|AVX|AVX2|AVX512]
Thread count: 56 physical cores, 56 logical processors, using up to 1 threads

Non-default parameters:
TimeLimit  1772.18292760849
Method  1
Seed  20260919
Threads  1

Optimize a model with 189 rows, 45739 columns and 1264608 nonzeros
Coefficient statistics:
  Matrix range     [1e+00, 1e+00]
  Objective range  [1e+05, 5e+05]
  Bounds range     [1e+00, 1e+00]
  RHS range        [1e+00, 8e+00]
LP warm-start: use basis

Iteration    Objective       Primal Inf.    Dual Inf.      Time
       0   -3.1469632e+37   3.038338e+33   3.146963e+07      0s
     170    1.4316797e+06   0.000000e+00   0.000000e+00      0s

Solved in 170 iterations and 0.18 seconds (0.29 work units)
Optimal objective  1.431679695e+06
Set parameter TimeLimit to value 1.7670928077697754e+03
Gurobi Optimizer version 12.0.3 build v12.0.3rc0 (linux64 - "Ubuntu 24.04.4 LTS")

CPU model: Intel(R) Xeon(R) Gold 6258R CPU @ 2.70GHz, instruction set [SSE2|AVX|AVX2|AVX512]
Thread count: 56 physical cores, 56 logical processors, using up to 1 threads

Non-default parameters:
TimeLimit  1.7670928077697754e+03
Method  1
Seed  20260919
Threads  1

Optimize a model with 189 rows, 45769 columns and 1265497 nonzeros
Coefficient statistics:
  Matrix range     [1e+00, 1e+00]
  Objective range  [1e+05, 5e+05]
  Bounds range     [1e+00, 1e+00]
  RHS range        [1e+00, 8e+00]
LP warm-start: use basis

Iteration    Objective       Primal Inf.    Dual Inf.      Time
       0   -3.3279961e+37   1.183623e+33   3.327996e+07      0s
     235    1.4154676e+06   0.000000e+00   0.000000e+00      0s

Solved in 235 iterations and 0.22 seconds (0.37 work units)
Optimal objective  1.415467641e+06
Set parameter TimeLimit to value 1.7649265320301056e+03
Gurobi Optimizer version 12.0.3 build v12.0.3rc0 (linux64 - "Ubuntu 24.04.4 LTS")

CPU model: Intel(R) Xeon(R) Gold 6258R CPU @ 2.70GHz, instruction set [SSE2|AVX|AVX2|AVX512]
Thread count: 56 physical cores, 56 logical processors, using up to 1 threads

Non-default parameters:
TimeLimit  1.7649265320301056e+03
Method  1
Seed  20260919
Threads  1

Optimize a model with 189 rows, 45799 columns and 1266445 nonzeros
Coefficient statistics:
  Matrix range     [1e+00, 1e+00]
  Objective range  [1e+05, 5e+05]
  Bounds range     [1e+00, 1e+00]
  RHS range        [1e+00, 8e+00]
LP warm-start: use basis

Iteration    Objective       Primal Inf.    Dual Inf.      Time
       0   -4.3885267e+37   2.019263e+33   4.388527e+07      0s
      88    1.4093584e+06   0.000000e+00   0.000000e+00      0s

Solved in 88 iterations and 0.13 seconds (0.16 work units)
Optimal objective  1.409358393e+06
Set parameter TimeLimit to value 1.7634423599243164e+03
Gurobi Optimizer version 12.0.3 build v12.0.3rc0 (linux64 - "Ubuntu 24.04.4 LTS")

CPU model: Intel(R) Xeon(R) Gold 6258R CPU @ 2.70GHz, instruction set [SSE2|AVX|AVX2|AVX512]
Thread count: 56 physical cores, 56 logical processors, using up to 1 threads

Non-default parameters:
TimeLimit  1.7634423599243164e+03
Method  1
Seed  20260919
Threads  1

Optimize a model with 189 rows, 45829 columns and 1267461 nonzeros
Coefficient statistics:
  Matrix range     [1e+00, 1e+00]
  Objective range  [1e+05, 5e+05]
  Bounds range     [1e+00, 1e+00]
  RHS range        [1e+00, 8e+00]
LP warm-start: use basis

Iteration    Objective       Primal Inf.    Dual Inf.      Time
       0   -3.5089087e+37   1.188274e+33   3.508909e+07      0s
     288    1.4057034e+06   0.000000e+00   0.000000e+00      0s

Solved in 288 iterations and 0.28 seconds (0.52 work units)
Optimal objective  1.405703448e+06
Set parameter TimeLimit to value 1.7609600369930267e+03
Gurobi Optimizer version 12.0.3 build v12.0.3rc0 (linux64 - "Ubuntu 24.04.4 LTS")

CPU model: Intel(R) Xeon(R) Gold 6258R CPU @ 2.70GHz, instruction set [SSE2|AVX|AVX2|AVX512]
Thread count: 56 physical cores, 56 logical processors, using up to 1 threads

Non-default parameters:
TimeLimit  1.7609600369930267e+03
Method  1
Seed  20260919
Threads  1

Optimize a model with 189 rows, 45859 columns and 1268391 nonzeros
Coefficient statistics:
  Matrix range     [1e+00, 1e+00]
  Objective range  [1e+05, 5e+05]
  Bounds range     [1e+00, 1e+00]
  RHS range        [1e+00, 8e+00]
LP warm-start: use basis

Iteration    Objective       Primal Inf.    Dual Inf.      Time
       0   -2.8977979e+37   1.578690e+33   2.897798e+07      0s
     260    1.3973187e+06   0.000000e+00   0.000000e+00      0s

Solved in 260 iterations and 0.25 seconds (0.44 work units)
Optimal objective  1.397318748e+06
Set parameter TimeLimit to value 1.7592669031620026e+03
Gurobi Optimizer version 12.0.3 build v12.0.3rc0 (linux64 - "Ubuntu 24.04.4 LTS")

CPU model: Intel(R) Xeon(R) Gold 6258R CPU @ 2.70GHz, instruction set [SSE2|AVX|AVX2|AVX512]
Thread count: 56 physical cores, 56 logical processors, using up to 1 threads

Non-default parameters:
TimeLimit  1.7592669031620026e+03
Method  1
Seed  20260919
Threads  1

Optimize a model with 189 rows, 45889 columns and 1269315 nonzeros
Coefficient statistics:
  Matrix range     [1e+00, 1e+00]
  Objective range  [1e+05, 5e+05]
  Bounds range     [1e+00, 1e+00]
  RHS range        [1e+00, 8e+00]
LP warm-start: use basis

Iteration    Objective       Primal Inf.    Dual Inf.      Time
       0   -3.9302704e+37   1.513817e+33   3.930270e+07      0s
      69    1.3882699e+06   0.000000e+00   0.000000e+00      0s

Solved in 69 iterations and 0.12 seconds (0.13 work units)
Optimal objective  1.388269872e+06
Set parameter TimeLimit to value 1.7543379392623901e+03
Gurobi Optimizer version 12.0.3 build v12.0.3rc0 (linux64 - "Ubuntu 24.04.4 LTS")

CPU model: Intel(R) Xeon(R) Gold 6258R CPU @ 2.70GHz, instruction set [SSE2|AVX|AVX2|AVX512]
Thread count: 56 physical cores, 56 logical processors, using up to 1 threads

Non-default parameters:
TimeLimit  1.7543379392623901e+03
Method  1
Seed  20260919
Threads  1

Optimize a model with 189 rows, 45919 columns and 1270147 nonzeros
Coefficient statistics:
  Matrix range     [1e+00, 1e+00]
  Objective range  [1e+05, 5e+05]
  Bounds range     [1e+00, 1e+00]
  RHS range        [1e+00, 8e+00]
LP warm-start: use basis

Iteration    Objective       Primal Inf.    Dual Inf.      Time
       0   -2.8451213e+37   3.807625e+33   2.845121e+07      0s
     205    1.3863742e+06   0.000000e+00   0.000000e+00      0s

Solved in 205 iterations and 0.22 seconds (0.37 work units)
Optimal objective  1.386374164e+06
Set parameter TimeLimit to value 1.7525873138904572e+03
Gurobi Optimizer version 12.0.3 build v12.0.3rc0 (linux64 - "Ubuntu 24.04.4 LTS")

CPU model: Intel(R) Xeon(R) Gold 6258R CPU @ 2.70GHz, instruction set [SSE2|AVX|AVX2|AVX512]
Thread count: 56 physical cores, 56 logical processors, using up to 1 threads

Non-default parameters:
TimeLimit  1.7525873138904572e+03
Method  1
Seed  20260919
Threads  1

Optimize a model with 189 rows, 45949 columns and 1271065 nonzeros
Coefficient statistics:
  Matrix range     [1e+00, 1e+00]
  Objective range  [1e+05, 5e+05]
  Bounds range     [1e+00, 1e+00]
  RHS range        [1e+00, 8e+00]
LP warm-start: use basis

Iteration    Objective       Primal Inf.    Dual Inf.      Time
       0   -3.8917333e+37   1.704549e+33   3.891733e+07      0s
     261    1.3821475e+06   0.000000e+00   0.000000e+00      0s

Solved in 261 iterations and 0.27 seconds (0.48 work units)
Optimal objective  1.382147546e+06
Set parameter TimeLimit to value 1.7507879357337952e+03
Gurobi Optimizer version 12.0.3 build v12.0.3rc0 (linux64 - "Ubuntu 24.04.4 LTS")

CPU model: Intel(R) Xeon(R) Gold 6258R CPU @ 2.70GHz, instruction set [SSE2|AVX|AVX2|AVX512]
Thread count: 56 physical cores, 56 logical processors, using up to 1 threads

Non-default parameters:
TimeLimit  1.7507879357337952e+03
Method  1
Seed  20260919
Threads  1

Optimize a model with 189 rows, 45979 columns and 1272036 nonzeros
Coefficient statistics:
  Matrix range     [1e+00, 1e+00]
  Objective range  [1e+05, 5e+05]
  Bounds range     [1e+00, 1e+00]
  RHS range        [1e+00, 8e+00]
LP warm-start: use basis

Iteration    Objective       Primal Inf.    Dual Inf.      Time
       0   -2.8966414e+37   1.863586e+33   2.896641e+07      0s
     242    1.3774003e+06   0.000000e+00   0.000000e+00      0s

Solved in 242 iterations and 0.26 seconds (0.47 work units)
Optimal objective  1.377400319e+06
Set parameter TimeLimit to value 1.7491301515102386e+03
Gurobi Optimizer version 12.0.3 build v12.0.3rc0 (linux64 - "Ubuntu 24.04.4 LTS")

CPU model: Intel(R) Xeon(R) Gold 6258R CPU @ 2.70GHz, instruction set [SSE2|AVX|AVX2|AVX512]
Thread count: 56 physical cores, 56 logical processors, using up to 1 threads

Non-default parameters:
TimeLimit  1.7491301515102386e+03
Method  1
Seed  20260919
Threads  1

Optimize a model with 189 rows, 46009 columns and 1272995 nonzeros
Coefficient statistics:
  Matrix range     [1e+00, 1e+00]
  Objective range  [1e+05, 5e+05]
  Bounds range     [1e+00, 1e+00]
  RHS range        [1e+00, 8e+00]
LP warm-start: use basis

Iteration    Objective       Primal Inf.    Dual Inf.      Time
       0   -3.1297212e+37   2.104656e+33   3.129721e+07      0s
     415    1.3405648e+06   0.000000e+00   0.000000e+00      0s

Solved in 415 iterations and 0.37 seconds (0.72 work units)
Optimal objective  1.340564760e+06
Set parameter TimeLimit to value 1.7471053972244263e+03
Gurobi Optimizer version 12.0.3 build v12.0.3rc0 (linux64 - "Ubuntu 24.04.4 LTS")

CPU model: Intel(R) Xeon(R) Gold 6258R CPU @ 2.70GHz, instruction set [SSE2|AVX|AVX2|AVX512]
Thread count: 56 physical cores, 56 logical processors, using up to 1 threads

Non-default parameters:
TimeLimit  1.7471053972244263e+03
Method  1
Seed  20260919
Threads  1

Optimize a model with 189 rows, 46039 columns and 1273950 nonzeros
Coefficient statistics:
  Matrix range     [1e+00, 1e+00]
  Objective range  [1e+05, 5e+05]
  Bounds range     [1e+00, 1e+00]
  RHS range        [1e+00, 8e+00]
LP warm-start: use basis

Iteration    Objective       Primal Inf.    Dual Inf.      Time
       0   -3.5285552e+37   2.581246e+33   3.528555e+07      0s
     296    1.3287018e+06   0.000000e+00   0.000000e+00      0s

Solved in 296 iterations and 0.29 seconds (0.53 work units)
Optimal objective  1.328701783e+06
Set parameter TimeLimit to value 1.7446072120666504e+03
Gurobi Optimizer version 12.0.3 build v12.0.3rc0 (linux64 - "Ubuntu 24.04.4 LTS")

CPU model: Intel(R) Xeon(R) Gold 6258R CPU @ 2.70GHz, instruction set [SSE2|AVX|AVX2|AVX512]
Thread count: 56 physical cores, 56 logical processors, using up to 1 threads

Non-default parameters:
TimeLimit  1.7446072120666504e+03
Method  1
Seed  20260919
Threads  1

Optimize a model with 189 rows, 46069 columns and 1274877 nonzeros
Coefficient statistics:
  Matrix range     [1e+00, 1e+00]
  Objective range  [1e+05, 5e+05]
  Bounds range     [1e+00, 1e+00]
  RHS range        [1e+00, 8e+00]
LP warm-start: use basis

Iteration    Objective       Primal Inf.    Dual Inf.      Time
       0   -3.1737665e+37   2.123985e+33   3.173767e+07      0s
     144    1.3254767e+06   0.000000e+00   0.000000e+00      0s

Solved in 144 iterations and 0.18 seconds (0.27 work units)
Optimal objective  1.325476730e+06
Set parameter TimeLimit to value 1.7427779200077057e+03
Gurobi Optimizer version 12.0.3 build v12.0.3rc0 (linux64 - "Ubuntu 24.04.4 LTS")

CPU model: Intel(R) Xeon(R) Gold 6258R CPU @ 2.70GHz, instruction set [SSE2|AVX|AVX2|AVX512]
Thread count: 56 physical cores, 56 logical processors, using up to 1 threads

Non-default parameters:
TimeLimit  1.7427779200077057e+03
Method  1
Seed  20260919
Threads  1

Optimize a model with 189 rows, 46099 columns and 1275765 nonzeros
Coefficient statistics:
  Matrix range     [1e+00, 1e+00]
  Objective range  [1e+05, 5e+05]
  Bounds range     [1e+00, 1e+00]
  RHS range        [1e+00, 8e+00]
LP warm-start: use basis

Iteration    Objective       Primal Inf.    Dual Inf.      Time
       0   -3.0740635e+37   1.661753e+33   3.074064e+07      0s
     264    1.3137885e+06   0.000000e+00   0.000000e+00      0s

Solved in 264 iterations and 0.27 seconds (0.47 work units)
Optimal objective  1.313788504e+06
Set parameter TimeLimit to value 1.7378724970817566e+03
Gurobi Optimizer version 12.0.3 build v12.0.3rc0 (linux64 - "Ubuntu 24.04.4 LTS")

CPU model: Intel(R) Xeon(R) Gold 6258R CPU @ 2.70GHz, instruction set [SSE2|AVX|AVX2|AVX512]
Thread count: 56 physical cores, 56 logical processors, using up to 1 threads

Non-default parameters:
TimeLimit  1.7378724970817566e+03
Method  1
Seed  20260919
Threads  1

Optimize a model with 189 rows, 46129 columns and 1276695 nonzeros
Coefficient statistics:
  Matrix range     [1e+00, 1e+00]
  Objective range  [1e+05, 5e+05]
  Bounds range     [1e+00, 1e+00]
  RHS range        [1e+00, 8e+00]
LP warm-start: use basis

Iteration    Objective       Primal Inf.    Dual Inf.      Time
       0   -4.3029326e+37   4.046180e+33   4.302933e+07      0s
     137    1.2985798e+06   0.000000e+00   0.000000e+00      0s

Solved in 137 iterations and 0.18 seconds (0.27 work units)
Optimal objective  1.298579795e+06
Set parameter TimeLimit to value 1.7360720460414886e+03
Gurobi Optimizer version 12.0.3 build v12.0.3rc0 (linux64 - "Ubuntu 24.04.4 LTS")

CPU model: Intel(R) Xeon(R) Gold 6258R CPU @ 2.70GHz, instruction set [SSE2|AVX|AVX2|AVX512]
Thread count: 56 physical cores, 56 logical processors, using up to 1 threads

Non-default parameters:
TimeLimit  1.7360720460414886e+03
Method  1
Seed  20260919
Threads  1

Optimize a model with 189 rows, 46159 columns and 1277646 nonzeros
Coefficient statistics:
  Matrix range     [1e+00, 1e+00]
  Objective range  [1e+05, 5e+05]
  Bounds range     [1e+00, 1e+00]
  RHS range        [1e+00, 8e+00]
LP warm-start: use basis

Iteration    Objective       Primal Inf.    Dual Inf.      Time
       0   -2.5013492e+37   1.385731e+33   2.501349e+07      0s
     261    1.2739559e+06   0.000000e+00   0.000000e+00      0s

Solved in 261 iterations and 0.27 seconds (0.47 work units)
Optimal objective  1.273955882e+06
Set parameter TimeLimit to value 1.7357134141921997e+03
Gurobi Optimizer version 12.0.3 build v12.0.3rc0 (linux64 - "Ubuntu 24.04.4 LTS")

CPU model: Intel(R) Xeon(R) Gold 6258R CPU @ 2.70GHz, instruction set [SSE2|AVX|AVX2|AVX512]
Thread count: 56 physical cores, 56 logical processors, using up to 1 threads

Non-default parameters:
TimeLimit  1.7357134141921997e+03
Method  1
Seed  20260919
Threads  1

Optimize a model with 189 rows, 46159 columns and 1277646 nonzeros
Coefficient statistics:
  Matrix range     [1e+00, 1e+00]
  Objective range  [1e+05, 5e+05]
  Bounds range     [1e+00, 1e+00]
  RHS range        [1e+00, 8e+00]

Iteration    Objective       Primal Inf.    Dual Inf.      Time
       0   -5.3764442e+06   4.401143e+02   0.000000e+00      0s
     964    2.3524654e+06   0.000000e+00   0.000000e+00      1s

Solved in 964 iterations and 0.88 seconds (2.00 work units)
Optimal objective  2.352465403e+06
Set parameter TimeLimit to value 1.7307567632198334e+03
Gurobi Optimizer version 12.0.3 build v12.0.3rc0 (linux64 - "Ubuntu 24.04.4 LTS")

CPU model: Intel(R) Xeon(R) Gold 6258R CPU @ 2.70GHz, instruction set [SSE2|AVX|AVX2|AVX512]
Thread count: 56 physical cores, 56 logical processors, using up to 1 threads

Non-default parameters:
TimeLimit  1.7307567632198334e+03
Method  1
Seed  20260919
Threads  1

Optimize a model with 189 rows, 46189 columns and 1278657 nonzeros
Coefficient statistics:
  Matrix range     [1e+00, 1e+00]
  Objective range  [1e+05, 5e+05]
  Bounds range     [1e+00, 1e+00]
  RHS range        [1e+00, 8e+00]
LP warm-start: use basis

Iteration    Objective       Primal Inf.    Dual Inf.      Time
       0   -9.1922675e+37   1.780746e+33   9.192267e+07      0s
     364    1.8440176e+06   0.000000e+00   0.000000e+00      0s

Solved in 364 iterations and 0.37 seconds (0.70 work units)
Optimal objective  1.844017614e+06
Set parameter TimeLimit to value 1.7266428852081299e+03
Gurobi Optimizer version 12.0.3 build v12.0.3rc0 (linux64 - "Ubuntu 24.04.4 LTS")

CPU model: Intel(R) Xeon(R) Gold 6258R CPU @ 2.70GHz, instruction set [SSE2|AVX|AVX2|AVX512]
Thread count: 56 physical cores, 56 logical processors, using up to 1 threads

Non-default parameters:
TimeLimit  1.7266428852081299e+03
Method  1
Seed  20260919
Threads  1

Optimize a model with 189 rows, 46219 columns and 1279603 nonzeros
Coefficient statistics:
  Matrix range     [1e+00, 1e+00]
  Objective range  [1e+05, 5e+05]
  Bounds range     [1e+00, 1e+00]
  RHS range        [1e+00, 8e+00]
LP warm-start: use basis

Iteration    Objective       Primal Inf.    Dual Inf.      Time
       0   -4.7041754e+37   2.213082e+33   4.704175e+07      0s
     180    1.7718799e+06   0.000000e+00   0.000000e+00      0s

Solved in 180 iterations and 0.21 seconds (0.34 work units)
Optimal objective  1.771879912e+06
Set parameter TimeLimit to value 1.7217854278087616e+03
Gurobi Optimizer version 12.0.3 build v12.0.3rc0 (linux64 - "Ubuntu 24.04.4 LTS")

CPU model: Intel(R) Xeon(R) Gold 6258R CPU @ 2.70GHz, instruction set [SSE2|AVX|AVX2|AVX512]
Thread count: 56 physical cores, 56 logical processors, using up to 1 threads

Non-default parameters:
TimeLimit  1.7217854278087616e+03
Method  1
Seed  20260919
Threads  1

Optimize a model with 189 rows, 46249 columns and 1280636 nonzeros
Coefficient statistics:
  Matrix range     [1e+00, 1e+00]
  Objective range  [1e+05, 5e+05]
  Bounds range     [1e+00, 1e+00]
  RHS range        [1e+00, 8e+00]
LP warm-start: use basis

Iteration    Objective       Primal Inf.    Dual Inf.      Time
       0   -3.7807642e+37   1.726435e+33   3.780764e+07      0s
     287    1.7040175e+06   0.000000e+00   0.000000e+00      0s

Solved in 287 iterations and 0.29 seconds (0.53 work units)
Optimal objective  1.704017526e+06
Set parameter TimeLimit to value 1.7188063981533051e+03
Gurobi Optimizer version 12.0.3 build v12.0.3rc0 (linux64 - "Ubuntu 24.04.4 LTS")

CPU model: Intel(R) Xeon(R) Gold 6258R CPU @ 2.70GHz, instruction set [SSE2|AVX|AVX2|AVX512]
Thread count: 56 physical cores, 56 logical processors, using up to 1 threads

Non-default parameters:
TimeLimit  1.7188063981533051e+03
Method  1
Seed  20260919
Threads  1

Optimize a model with 189 rows, 46279 columns and 1281600 nonzeros
Coefficient statistics:
  Matrix range     [1e+00, 1e+00]
  Objective range  [1e+05, 5e+05]
  Bounds range     [1e+00, 1e+00]
  RHS range        [1e+00, 8e+00]
LP warm-start: use basis

Iteration    Objective       Primal Inf.    Dual Inf.      Time
       0   -3.6096173e+37   4.611854e+33   3.609617e+07      0s
     292    1.6537207e+06   0.000000e+00   0.000000e+00      0s

Solved in 292 iterations and 0.30 seconds (0.53 work units)
Optimal objective  1.653720713e+06
Set parameter TimeLimit to value 1.7152115895748138e+03
Gurobi Optimizer version 12.0.3 build v12.0.3rc0 (linux64 - "Ubuntu 24.04.4 LTS")

CPU model: Intel(R) Xeon(R) Gold 6258R CPU @ 2.70GHz, instruction set [SSE2|AVX|AVX2|AVX512]
Thread count: 56 physical cores, 56 logical processors, using up to 1 threads

Non-default parameters:
TimeLimit  1.7152115895748138e+03
Method  1
Seed  20260919
Threads  1

Optimize a model with 189 rows, 46309 columns and 1282561 nonzeros
Coefficient statistics:
  Matrix range     [1e+00, 1e+00]
  Objective range  [1e+05, 5e+05]
  Bounds range     [1e+00, 1e+00]
  RHS range        [1e+00, 8e+00]
LP warm-start: use basis

Iteration    Objective       Primal Inf.    Dual Inf.      Time
       0   -3.5431040e+37   2.861967e+33   3.543104e+07      0s
     251    1.6290311e+06   0.000000e+00   0.000000e+00      0s

Solved in 251 iterations and 0.26 seconds (0.46 work units)
Optimal objective  1.629031103e+06
Set parameter TimeLimit to value 1.7125412921905518e+03
Gurobi Optimizer version 12.0.3 build v12.0.3rc0 (linux64 - "Ubuntu 24.04.4 LTS")

CPU model: Intel(R) Xeon(R) Gold 6258R CPU @ 2.70GHz, instruction set [SSE2|AVX|AVX2|AVX512]
Thread count: 56 physical cores, 56 logical processors, using up to 1 threads

Non-default parameters:
TimeLimit  1.7125412921905518e+03
Method  1
Seed  20260919
Threads  1

Optimize a model with 189 rows, 46339 columns and 1283525 nonzeros
Coefficient statistics:
  Matrix range     [1e+00, 1e+00]
  Objective range  [1e+05, 5e+05]
  Bounds range     [1e+00, 1e+00]
  RHS range        [1e+00, 8e+00]
LP warm-start: use basis

Iteration    Objective       Primal Inf.    Dual Inf.      Time
       0   -2.8282788e+37   7.563924e+33   2.828279e+07      0s
     128    1.6200780e+06   0.000000e+00   0.000000e+00      0s

Solved in 128 iterations and 0.16 seconds (0.24 work units)
Optimal objective  1.620078014e+06
Set parameter TimeLimit to value 1.7095794501304626e+03
Gurobi Optimizer version 12.0.3 build v12.0.3rc0 (linux64 - "Ubuntu 24.04.4 LTS")

CPU model: Intel(R) Xeon(R) Gold 6258R CPU @ 2.70GHz, instruction set [SSE2|AVX|AVX2|AVX512]
Thread count: 56 physical cores, 56 logical processors, using up to 1 threads

Non-default parameters:
TimeLimit  1.7095794501304626e+03
Method  1
Seed  20260919
Threads  1

Optimize a model with 189 rows, 46369 columns and 1284335 nonzeros
Coefficient statistics:
  Matrix range     [1e+00, 1e+00]
  Objective range  [1e+05, 5e+05]
  Bounds range     [1e+00, 1e+00]
  RHS range        [1e+00, 8e+00]
LP warm-start: use basis

Iteration    Objective       Primal Inf.    Dual Inf.      Time
       0   -3.2479762e+37   2.585967e+33   3.247976e+07      0s
     221    1.5902727e+06   0.000000e+00   0.000000e+00      0s

Solved in 221 iterations and 0.23 seconds (0.39 work units)
Optimal objective  1.590272675e+06
Set parameter TimeLimit to value 1.7067693829536438e+03
Gurobi Optimizer version 12.0.3 build v12.0.3rc0 (linux64 - "Ubuntu 24.04.4 LTS")

CPU model: Intel(R) Xeon(R) Gold 6258R CPU @ 2.70GHz, instruction set [SSE2|AVX|AVX2|AVX512]
Thread count: 56 physical cores, 56 logical processors, using up to 1 threads

Non-default parameters:
TimeLimit  1.7067693829536438e+03
Method  1
Seed  20260919
Threads  1

Optimize a model with 189 rows, 46399 columns and 1285203 nonzeros
Coefficient statistics:
  Matrix range     [1e+00, 1e+00]
  Objective range  [1e+05, 5e+05]
  Bounds range     [1e+00, 1e+00]
  RHS range        [1e+00, 8e+00]
LP warm-start: use basis

Iteration    Objective       Primal Inf.    Dual Inf.      Time
       0   -2.6742077e+37   1.433875e+33   2.674208e+07      0s
     293    1.5857123e+06   0.000000e+00   0.000000e+00      0s

Solved in 293 iterations and 0.29 seconds (0.53 work units)
Optimal objective  1.585712252e+06
Set parameter TimeLimit to value 1.7035989358425140e+03
Gurobi Optimizer version 12.0.3 build v12.0.3rc0 (linux64 - "Ubuntu 24.04.4 LTS")

CPU model: Intel(R) Xeon(R) Gold 6258R CPU @ 2.70GHz, instruction set [SSE2|AVX|AVX2|AVX512]
Thread count: 56 physical cores, 56 logical processors, using up to 1 threads

Non-default parameters:
TimeLimit  1.7035989358425140e+03
Method  1
Seed  20260919
Threads  1

Optimize a model with 189 rows, 46429 columns and 1286096 nonzeros
Coefficient statistics:
  Matrix range     [1e+00, 1e+00]
  Objective range  [1e+05, 5e+05]
  Bounds range     [1e+00, 1e+00]
  RHS range        [1e+00, 8e+00]
LP warm-start: use basis

Iteration    Objective       Primal Inf.    Dual Inf.      Time
       0   -2.2855170e+37   2.490489e+33   2.285517e+07      0s
     205    1.5763324e+06   0.000000e+00   0.000000e+00      0s

Solved in 205 iterations and 0.22 seconds (0.37 work units)
Optimal objective  1.576332402e+06
Set parameter TimeLimit to value 1.7005039649009705e+03
Gurobi Optimizer version 12.0.3 build v12.0.3rc0 (linux64 - "Ubuntu 24.04.4 LTS")

CPU model: Intel(R) Xeon(R) Gold 6258R CPU @ 2.70GHz, instruction set [SSE2|AVX|AVX2|AVX512]
Thread count: 56 physical cores, 56 logical processors, using up to 1 threads

Non-default parameters:
TimeLimit  1.7005039649009705e+03
Method  1
Seed  20260919
Threads  1

Optimize a model with 189 rows, 46459 columns and 1287170 nonzeros
Coefficient statistics:
  Matrix range     [1e+00, 1e+00]
  Objective range  [1e+05, 5e+05]
  Bounds range     [1e+00, 1e+00]
  RHS range        [1e+00, 8e+00]
LP warm-start: use basis

Iteration    Objective       Primal Inf.    Dual Inf.      Time
       0   -2.3197275e+37   4.785501e+33   2.319727e+07      0s
     162    1.5647391e+06   0.000000e+00   0.000000e+00      0s

Solved in 162 iterations and 0.19 seconds (0.31 work units)
Optimal objective  1.564739111e+06
Set parameter TimeLimit to value 1.6945339593887329e+03
Gurobi Optimizer version 12.0.3 build v12.0.3rc0 (linux64 - "Ubuntu 24.04.4 LTS")

CPU model: Intel(R) Xeon(R) Gold 6258R CPU @ 2.70GHz, instruction set [SSE2|AVX|AVX2|AVX512]
Thread count: 56 physical cores, 56 logical processors, using up to 1 threads

Non-default parameters:
TimeLimit  1.6945339593887329e+03
Method  1
Seed  20260919
Threads  1

Optimize a model with 189 rows, 46489 columns and 1288175 nonzeros
Coefficient statistics:
  Matrix range     [1e+00, 1e+00]
  Objective range  [1e+05, 5e+05]
  Bounds range     [1e+00, 1e+00]
  RHS range        [1e+00, 8e+00]
LP warm-start: use basis

Iteration    Objective       Primal Inf.    Dual Inf.      Time
       0   -2.0624076e+37   2.941716e+33   2.062408e+07      0s
     189    1.5348450e+06   0.000000e+00   0.000000e+00      0s

Solved in 189 iterations and 0.21 seconds (0.34 work units)
Optimal objective  1.534845000e+06
Set parameter TimeLimit to value 1.6892396936416626e+03
Gurobi Optimizer version 12.0.3 build v12.0.3rc0 (linux64 - "Ubuntu 24.04.4 LTS")

CPU model: Intel(R) Xeon(R) Gold 6258R CPU @ 2.70GHz, instruction set [SSE2|AVX|AVX2|AVX512]
Thread count: 56 physical cores, 56 logical processors, using up to 1 threads

Non-default parameters:
TimeLimit  1.6892396936416626e+03
Method  1
Seed  20260919
Threads  1

Optimize a model with 189 rows, 46519 columns and 1289121 nonzeros
Coefficient statistics:
  Matrix range     [1e+00, 1e+00]
  Objective range  [1e+05, 5e+05]
  Bounds range     [1e+00, 1e+00]
  RHS range        [1e+00, 8e+00]
LP warm-start: use basis

Iteration    Objective       Primal Inf.    Dual Inf.      Time
       0   -2.5528477e+37   2.040554e+33   2.552848e+07      0s
     100    1.5282663e+06   0.000000e+00   0.000000e+00      0s

Solved in 100 iterations and 0.14 seconds (0.20 work units)
Optimal objective  1.528266315e+06
Set parameter TimeLimit to value 1.6834910492897034e+03
Gurobi Optimizer version 12.0.3 build v12.0.3rc0 (linux64 - "Ubuntu 24.04.4 LTS")

CPU model: Intel(R) Xeon(R) Gold 6258R CPU @ 2.70GHz, instruction set [SSE2|AVX|AVX2|AVX512]
Thread count: 56 physical cores, 56 logical processors, using up to 1 threads

Non-default parameters:
TimeLimit  1.6834910492897034e+03
Method  1
Seed  20260919
Threads  1

Optimize a model with 189 rows, 46549 columns and 1290035 nonzeros
Coefficient statistics:
  Matrix range     [1e+00, 1e+00]
  Objective range  [1e+05, 5e+05]
  Bounds range     [1e+00, 1e+00]
  RHS range        [1e+00, 8e+00]
LP warm-start: use basis

Iteration    Objective       Primal Inf.    Dual Inf.      Time
       0   -2.2442682e+37   1.562910e+33   2.244268e+07      0s
     249    1.4711254e+06   0.000000e+00   0.000000e+00      0s

Solved in 249 iterations and 0.26 seconds (0.48 work units)
Optimal objective  1.471125375e+06
Set parameter TimeLimit to value 1.6785814406871796e+03
Gurobi Optimizer version 12.0.3 build v12.0.3rc0 (linux64 - "Ubuntu 24.04.4 LTS")

CPU model: Intel(R) Xeon(R) Gold 6258R CPU @ 2.70GHz, instruction set [SSE2|AVX|AVX2|AVX512]
Thread count: 56 physical cores, 56 logical processors, using up to 1 threads

Non-default parameters:
TimeLimit  1.6785814406871796e+03
Method  1
Seed  20260919
Threads  1

Optimize a model with 189 rows, 46579 columns and 1290952 nonzeros
Coefficient statistics:
  Matrix range     [1e+00, 1e+00]
  Objective range  [1e+05, 5e+05]
  Bounds range     [1e+00, 1e+00]
  RHS range        [1e+00, 8e+00]
LP warm-start: use basis

Iteration    Objective       Primal Inf.    Dual Inf.      Time
       0   -2.9738856e+37   1.271365e+33   2.973886e+07      0s
     262    1.3875427e+06   0.000000e+00   0.000000e+00      0s

Solved in 262 iterations and 0.27 seconds (0.49 work units)
Optimal objective  1.387542669e+06
Set parameter TimeLimit to value 1.6757732460498810e+03
Gurobi Optimizer version 12.0.3 build v12.0.3rc0 (linux64 - "Ubuntu 24.04.4 LTS")

CPU model: Intel(R) Xeon(R) Gold 6258R CPU @ 2.70GHz, instruction set [SSE2|AVX|AVX2|AVX512]
Thread count: 56 physical cores, 56 logical processors, using up to 1 threads

Non-default parameters:
TimeLimit  1.6757732460498810e+03
Method  1
Seed  20260919
Threads  1

Optimize a model with 189 rows, 46609 columns and 1291830 nonzeros
Coefficient statistics:
  Matrix range     [1e+00, 1e+00]
  Objective range  [1e+05, 5e+05]
  Bounds range     [1e+00, 1e+00]
  RHS range        [1e+00, 8e+00]
LP warm-start: use basis

Iteration    Objective       Primal Inf.    Dual Inf.      Time
       0   -3.0775586e+37   9.817754e+32   3.077559e+07      0s
     137    1.3660384e+06   0.000000e+00   0.000000e+00      0s

Solved in 137 iterations and 0.18 seconds (0.27 work units)
Optimal objective  1.366038377e+06
Set parameter TimeLimit to value 1.6729492118358612e+03
Gurobi Optimizer version 12.0.3 build v12.0.3rc0 (linux64 - "Ubuntu 24.04.4 LTS")

CPU model: Intel(R) Xeon(R) Gold 6258R CPU @ 2.70GHz, instruction set [SSE2|AVX|AVX2|AVX512]
Thread count: 56 physical cores, 56 logical processors, using up to 1 threads

Non-default parameters:
TimeLimit  1.6729492118358612e+03
Method  1
Seed  20260919
Threads  1

Optimize a model with 189 rows, 46639 columns and 1292746 nonzeros
Coefficient statistics:
  Matrix range     [1e+00, 1e+00]
  Objective range  [1e+05, 5e+05]
  Bounds range     [1e+00, 1e+00]
  RHS range        [1e+00, 8e+00]
LP warm-start: use basis

Iteration    Objective       Primal Inf.    Dual Inf.      Time
       0   -3.1530661e+37   2.575365e+33   3.153066e+07      0s
     276    1.3643408e+06   0.000000e+00   0.000000e+00      0s

Solved in 276 iterations and 0.28 seconds (0.50 work units)
Optimal objective  1.364340806e+06
Set parameter TimeLimit to value 1.6700935964584351e+03
Gurobi Optimizer version 12.0.3 build v12.0.3rc0 (linux64 - "Ubuntu 24.04.4 LTS")

CPU model: Intel(R) Xeon(R) Gold 6258R CPU @ 2.70GHz, instruction set [SSE2|AVX|AVX2|AVX512]
Thread count: 56 physical cores, 56 logical processors, using up to 1 threads

Non-default parameters:
TimeLimit  1.6700935964584351e+03
Method  1
Seed  20260919
Threads  1

Optimize a model with 189 rows, 46669 columns and 1293683 nonzeros
Coefficient statistics:
  Matrix range     [1e+00, 1e+00]
  Objective range  [1e+05, 5e+05]
  Bounds range     [1e+00, 1e+00]
  RHS range        [1e+00, 8e+00]
LP warm-start: use basis

Iteration    Objective       Primal Inf.    Dual Inf.      Time
       0   -2.7417962e+37   8.727089e+32   2.741796e+07      0s
     192    1.3517208e+06   0.000000e+00   0.000000e+00      0s

Solved in 192 iterations and 0.22 seconds (0.37 work units)
Optimal objective  1.351720823e+06
Set parameter TimeLimit to value 1.6671294960975647e+03
Gurobi Optimizer version 12.0.3 build v12.0.3rc0 (linux64 - "Ubuntu 24.04.4 LTS")

CPU model: Intel(R) Xeon(R) Gold 6258R CPU @ 2.70GHz, instruction set [SSE2|AVX|AVX2|AVX512]
Thread count: 56 physical cores, 56 logical processors, using up to 1 threads

Non-default parameters:
TimeLimit  1.6671294960975647e+03
Method  1
Seed  20260919
Threads  1

Optimize a model with 189 rows, 46699 columns and 1294581 nonzeros
Coefficient statistics:
  Matrix range     [1e+00, 1e+00]
  Objective range  [1e+05, 5e+05]
  Bounds range     [1e+00, 1e+00]
  RHS range        [1e+00, 8e+00]
LP warm-start: use basis

Iteration    Objective       Primal Inf.    Dual Inf.      Time
       0   -2.6141260e+37   1.554093e+33   2.614126e+07      0s
     317    1.3501295e+06   0.000000e+00   0.000000e+00      0s

Solved in 317 iterations and 0.32 seconds (0.59 work units)
Optimal objective  1.350129454e+06
Set parameter TimeLimit to value 1.6642699277400970e+03
Gurobi Optimizer version 12.0.3 build v12.0.3rc0 (linux64 - "Ubuntu 24.04.4 LTS")

CPU model: Intel(R) Xeon(R) Gold 6258R CPU @ 2.70GHz, instruction set [SSE2|AVX|AVX2|AVX512]
Thread count: 56 physical cores, 56 logical processors, using up to 1 threads

Non-default parameters:
TimeLimit  1.6642699277400970e+03
Method  1
Seed  20260919
Threads  1

Optimize a model with 189 rows, 46729 columns and 1295520 nonzeros
Coefficient statistics:
  Matrix range     [1e+00, 1e+00]
  Objective range  [1e+05, 5e+05]
  Bounds range     [1e+00, 1e+00]
  RHS range        [1e+00, 8e+00]
LP warm-start: use basis

Iteration    Objective       Primal Inf.    Dual Inf.      Time
       0   -2.1069459e+37   7.888392e+32   2.106946e+07      0s
     126    1.3425657e+06   0.000000e+00   0.000000e+00      0s

Solved in 126 iterations and 0.18 seconds (0.26 work units)
Optimal objective  1.342565715e+06
Set parameter TimeLimit to value 1.6618751680850983e+03
Gurobi Optimizer version 12.0.3 build v12.0.3rc0 (linux64 - "Ubuntu 24.04.4 LTS")

CPU model: Intel(R) Xeon(R) Gold 6258R CPU @ 2.70GHz, instruction set [SSE2|AVX|AVX2|AVX512]
Thread count: 56 physical cores, 56 logical processors, using up to 1 threads

Non-default parameters:
TimeLimit  1.6618751680850983e+03
Method  1
Seed  20260919
Threads  1

Optimize a model with 189 rows, 46759 columns and 1296446 nonzeros
Coefficient statistics:
  Matrix range     [1e+00, 1e+00]
  Objective range  [1e+05, 5e+05]
  Bounds range     [1e+00, 1e+00]
  RHS range        [1e+00, 8e+00]
LP warm-start: use basis

Iteration    Objective       Primal Inf.    Dual Inf.      Time
       0   -2.2619883e+37   7.653906e+32   2.261988e+07      0s
     270    1.3151865e+06   0.000000e+00   0.000000e+00      0s

Solved in 270 iterations and 0.29 seconds (0.51 work units)
Optimal objective  1.315186544e+06
Set parameter TimeLimit to value 1.6589801056385040e+03
Gurobi Optimizer version 12.0.3 build v12.0.3rc0 (linux64 - "Ubuntu 24.04.4 LTS")

CPU model: Intel(R) Xeon(R) Gold 6258R CPU @ 2.70GHz, instruction set [SSE2|AVX|AVX2|AVX512]
Thread count: 56 physical cores, 56 logical processors, using up to 1 threads

Non-default parameters:
TimeLimit  1.6589801056385040e+03
Method  1
Seed  20260919
Threads  1

Optimize a model with 189 rows, 46789 columns and 1297364 nonzeros
Coefficient statistics:
  Matrix range     [1e+00, 1e+00]
  Objective range  [1e+05, 5e+05]
  Bounds range     [1e+00, 1e+00]
  RHS range        [1e+00, 8e+00]
LP warm-start: use basis

Iteration    Objective       Primal Inf.    Dual Inf.      Time
       0   -2.7555330e+37   2.402819e+33   2.755533e+07      0s
     344    1.3040978e+06   0.000000e+00   0.000000e+00      0s

Solved in 344 iterations and 0.35 seconds (0.64 work units)
Optimal objective  1.304097806e+06
Set parameter TimeLimit to value 1.6564924082756042e+03
Gurobi Optimizer version 12.0.3 build v12.0.3rc0 (linux64 - "Ubuntu 24.04.4 LTS")

CPU model: Intel(R) Xeon(R) Gold 6258R CPU @ 2.70GHz, instruction set [SSE2|AVX|AVX2|AVX512]
Thread count: 56 physical cores, 56 logical processors, using up to 1 threads

Non-default parameters:
TimeLimit  1.6564924082756042e+03
Method  1
Seed  20260919
Threads  1

Optimize a model with 189 rows, 46819 columns and 1298222 nonzeros
Coefficient statistics:
  Matrix range     [1e+00, 1e+00]
  Objective range  [1e+05, 5e+05]
  Bounds range     [1e+00, 1e+00]
  RHS range        [1e+00, 8e+00]
LP warm-start: use basis

Iteration    Objective       Primal Inf.    Dual Inf.      Time
       0   -2.4317531e+37   5.117854e+33   2.431753e+07      0s
     193    1.3040978e+06   0.000000e+00   0.000000e+00      0s

Solved in 193 iterations and 0.21 seconds (0.34 work units)
Optimal objective  1.304097806e+06
Set parameter TimeLimit to value 1.6539182178974152e+03
Gurobi Optimizer version 12.0.3 build v12.0.3rc0 (linux64 - "Ubuntu 24.04.4 LTS")

CPU model: Intel(R) Xeon(R) Gold 6258R CPU @ 2.70GHz, instruction set [SSE2|AVX|AVX2|AVX512]
Thread count: 56 physical cores, 56 logical processors, using up to 1 threads

Non-default parameters:
TimeLimit  1.6539182178974152e+03
Method  1
Seed  20260919
Threads  1

Optimize a model with 189 rows, 46849 columns and 1299140 nonzeros
Coefficient statistics:
  Matrix range     [1e+00, 1e+00]
  Objective range  [1e+05, 5e+05]
  Bounds range     [1e+00, 1e+00]
  RHS range        [1e+00, 8e+00]
LP warm-start: use basis

Iteration    Objective       Primal Inf.    Dual Inf.      Time
       0   -2.5581238e+37   3.701232e+33   2.558124e+07      0s
     168    1.2942516e+06   0.000000e+00   0.000000e+00      0s

Solved in 168 iterations and 0.19 seconds (0.31 work units)
Optimal objective  1.294251582e+06
Set parameter TimeLimit to value 1.6497752578258514e+03
Gurobi Optimizer version 12.0.3 build v12.0.3rc0 (linux64 - "Ubuntu 24.04.4 LTS")

CPU model: Intel(R) Xeon(R) Gold 6258R CPU @ 2.70GHz, instruction set [SSE2|AVX|AVX2|AVX512]
Thread count: 56 physical cores, 56 logical processors, using up to 1 threads

Non-default parameters:
TimeLimit  1.6497752578258514e+03
Method  1
Seed  20260919
Threads  1

Optimize a model with 189 rows, 46879 columns and 1300009 nonzeros
Coefficient statistics:
  Matrix range     [1e+00, 1e+00]
  Objective range  [1e+05, 5e+05]
  Bounds range     [1e+00, 1e+00]
  RHS range        [1e+00, 8e+00]
LP warm-start: use basis

Iteration    Objective       Primal Inf.    Dual Inf.      Time
       0   -2.6827217e+37   2.636029e+33   2.682722e+07      0s
     275    1.2887857e+06   0.000000e+00   0.000000e+00      0s

Solved in 275 iterations and 0.27 seconds (0.48 work units)
Optimal objective  1.288785685e+06
Set parameter TimeLimit to value 1.6450102934837341e+03
Gurobi Optimizer version 12.0.3 build v12.0.3rc0 (linux64 - "Ubuntu 24.04.4 LTS")

CPU model: Intel(R) Xeon(R) Gold 6258R CPU @ 2.70GHz, instruction set [SSE2|AVX|AVX2|AVX512]
Thread count: 56 physical cores, 56 logical processors, using up to 1 threads

Non-default parameters:
TimeLimit  1.6450102934837341e+03
Method  1
Seed  20260919
Threads  1

Optimize a model with 189 rows, 46909 columns and 1300803 nonzeros
Coefficient statistics:
  Matrix range     [1e+00, 1e+00]
  Objective range  [1e+05, 5e+05]
  Bounds range     [1e+00, 1e+00]
  RHS range        [1e+00, 8e+00]
LP warm-start: use basis

Iteration    Objective       Primal Inf.    Dual Inf.      Time
       0   -2.3148784e+37   4.705242e+33   2.314878e+07      0s
     203    1.2793309e+06   0.000000e+00   0.000000e+00      0s

Solved in 203 iterations and 0.23 seconds (0.39 work units)
Optimal objective  1.279330944e+06
Set parameter TimeLimit to value 1.6420206716060638e+03
Gurobi Optimizer version 12.0.3 build v12.0.3rc0 (linux64 - "Ubuntu 24.04.4 LTS")

CPU model: Intel(R) Xeon(R) Gold 6258R CPU @ 2.70GHz, instruction set [SSE2|AVX|AVX2|AVX512]
Thread count: 56 physical cores, 56 logical processors, using up to 1 threads

Non-default parameters:
TimeLimit  1.6420206716060638e+03
Method  1
Seed  20260919
Threads  1

Optimize a model with 189 rows, 46939 columns and 1301736 nonzeros
Coefficient statistics:
  Matrix range     [1e+00, 1e+00]
  Objective range  [1e+05, 5e+05]
  Bounds range     [1e+00, 1e+00]
  RHS range        [1e+00, 8e+00]
LP warm-start: use basis

Iteration    Objective       Primal Inf.    Dual Inf.      Time
       0   -2.1336419e+37   1.718612e+33   2.133642e+07      0s
     211    1.2614428e+06   0.000000e+00   0.000000e+00      0s

Solved in 211 iterations and 0.23 seconds (0.38 work units)
Optimal objective  1.261442812e+06
Set parameter TimeLimit to value 1.6397085437774658e+03
Gurobi Optimizer version 12.0.3 build v12.0.3rc0 (linux64 - "Ubuntu 24.04.4 LTS")

CPU model: Intel(R) Xeon(R) Gold 6258R CPU @ 2.70GHz, instruction set [SSE2|AVX|AVX2|AVX512]
Thread count: 56 physical cores, 56 logical processors, using up to 1 threads

Non-default parameters:
TimeLimit  1.6397085437774658e+03
Method  1
Seed  20260919
Threads  1

Optimize a model with 189 rows, 46969 columns and 1302606 nonzeros
Coefficient statistics:
  Matrix range     [1e+00, 1e+00]
  Objective range  [1e+05, 5e+05]
  Bounds range     [1e+00, 1e+00]
  RHS range        [1e+00, 8e+00]
LP warm-start: use basis

Iteration    Objective       Primal Inf.    Dual Inf.      Time
       0   -2.3729573e+37   1.823170e+33   2.372957e+07      0s
     238    1.2552766e+06   0.000000e+00   0.000000e+00      0s

Solved in 238 iterations and 0.26 seconds (0.43 work units)
Optimal objective  1.255276606e+06
Set parameter TimeLimit to value 1.6367735767364502e+03
Gurobi Optimizer version 12.0.3 build v12.0.3rc0 (linux64 - "Ubuntu 24.04.4 LTS")

CPU model: Intel(R) Xeon(R) Gold 6258R CPU @ 2.70GHz, instruction set [SSE2|AVX|AVX2|AVX512]
Thread count: 56 physical cores, 56 logical processors, using up to 1 threads

Non-default parameters:
TimeLimit  1.6367735767364502e+03
Method  1
Seed  20260919
Threads  1

Optimize a model with 189 rows, 46999 columns and 1303568 nonzeros
Coefficient statistics:
  Matrix range     [1e+00, 1e+00]
  Objective range  [1e+05, 5e+05]
  Bounds range     [1e+00, 1e+00]
  RHS range        [1e+00, 8e+00]
LP warm-start: use basis

Iteration    Objective       Primal Inf.    Dual Inf.      Time
       0   -1.8205080e+37   1.610941e+33   1.820508e+07      0s
     178    1.2337634e+06   0.000000e+00   0.000000e+00      0s

Solved in 178 iterations and 0.21 seconds (0.33 work units)
Optimal objective  1.233763447e+06
Set parameter TimeLimit to value 1.6350461018085480e+03
Gurobi Optimizer version 12.0.3 build v12.0.3rc0 (linux64 - "Ubuntu 24.04.4 LTS")

CPU model: Intel(R) Xeon(R) Gold 6258R CPU @ 2.70GHz, instruction set [SSE2|AVX|AVX2|AVX512]
Thread count: 56 physical cores, 56 logical processors, using up to 1 threads

Non-default parameters:
TimeLimit  1.6350461018085480e+03
Method  1
Seed  20260919
Threads  1

Optimize a model with 189 rows, 47029 columns and 1304445 nonzeros
Coefficient statistics:
  Matrix range     [1e+00, 1e+00]
  Objective range  [1e+05, 5e+05]
  Bounds range     [1e+00, 1e+00]
  RHS range        [1e+00, 8e+00]
LP warm-start: use basis

Iteration    Objective       Primal Inf.    Dual Inf.      Time
       0   -2.3853121e+37   1.156236e+33   2.385312e+07      0s
     280    1.2080037e+06   0.000000e+00   0.000000e+00      0s

Solved in 280 iterations and 0.30 seconds (0.53 work units)
Optimal objective  1.208003732e+06
Set parameter TimeLimit to value 1.6333647265434265e+03
Gurobi Optimizer version 12.0.3 build v12.0.3rc0 (linux64 - "Ubuntu 24.04.4 LTS")

CPU model: Intel(R) Xeon(R) Gold 6258R CPU @ 2.70GHz, instruction set [SSE2|AVX|AVX2|AVX512]
Thread count: 56 physical cores, 56 logical processors, using up to 1 threads

Non-default parameters:
TimeLimit  1.6333647265434265e+03
Method  1
Seed  20260919
Threads  1

Optimize a model with 189 rows, 47059 columns and 1305211 nonzeros
Coefficient statistics:
  Matrix range     [1e+00, 1e+00]
  Objective range  [1e+05, 5e+05]
  Bounds range     [1e+00, 1e+00]
  RHS range        [1e+00, 8e+00]
LP warm-start: use basis

Iteration    Objective       Primal Inf.    Dual Inf.      Time
       0   -2.7045993e+37   1.590167e+33   2.704599e+07      0s
      58    1.2021444e+06   0.000000e+00   0.000000e+00      0s

Solved in 58 iterations and 0.11 seconds (0.11 work units)
Optimal objective  1.202144390e+06
Set parameter TimeLimit to value 1.6301992750167847e+03
Gurobi Optimizer version 12.0.3 build v12.0.3rc0 (linux64 - "Ubuntu 24.04.4 LTS")

CPU model: Intel(R) Xeon(R) Gold 6258R CPU @ 2.70GHz, instruction set [SSE2|AVX|AVX2|AVX512]
Thread count: 56 physical cores, 56 logical processors, using up to 1 threads

Non-default parameters:
TimeLimit  1.6301992750167847e+03
Method  1
Seed  20260919
Threads  1

Optimize a model with 189 rows, 47089 columns and 1306080 nonzeros
Coefficient statistics:
  Matrix range     [1e+00, 1e+00]
  Objective range  [1e+05, 5e+05]
  Bounds range     [1e+00, 1e+00]
  RHS range        [1e+00, 8e+00]
LP warm-start: use basis

Iteration    Objective       Primal Inf.    Dual Inf.      Time
       0   -1.7443216e+37   2.090589e+33   1.744322e+07      0s
     270    1.1893881e+06   0.000000e+00   0.000000e+00      0s

Solved in 270 iterations and 0.28 seconds (0.51 work units)
Optimal objective  1.189388146e+06
Set parameter TimeLimit to value 1.6279579269886017e+03
Gurobi Optimizer version 12.0.3 build v12.0.3rc0 (linux64 - "Ubuntu 24.04.4 LTS")

CPU model: Intel(R) Xeon(R) Gold 6258R CPU @ 2.70GHz, instruction set [SSE2|AVX|AVX2|AVX512]
Thread count: 56 physical cores, 56 logical processors, using up to 1 threads

Non-default parameters:
TimeLimit  1.6279579269886017e+03
Method  1
Seed  20260919
Threads  1

Optimize a model with 189 rows, 47119 columns and 1306967 nonzeros
Coefficient statistics:
  Matrix range     [1e+00, 1e+00]
  Objective range  [1e+05, 5e+05]
  Bounds range     [1e+00, 1e+00]
  RHS range        [1e+00, 8e+00]
LP warm-start: use basis

Iteration    Objective       Primal Inf.    Dual Inf.      Time
       0   -2.0646867e+37   1.515748e+33   2.064687e+07      0s
     225    1.1789819e+06   0.000000e+00   0.000000e+00      0s

Solved in 225 iterations and 0.24 seconds (0.43 work units)
Optimal objective  1.178981946e+06
Set parameter TimeLimit to value 1.6264496331214905e+03
Gurobi Optimizer version 12.0.3 build v12.0.3rc0 (linux64 - "Ubuntu 24.04.4 LTS")

CPU model: Intel(R) Xeon(R) Gold 6258R CPU @ 2.70GHz, instruction set [SSE2|AVX|AVX2|AVX512]
Thread count: 56 physical cores, 56 logical processors, using up to 1 threads

Non-default parameters:
TimeLimit  1.6264496331214905e+03
Method  1
Seed  20260919
Threads  1

Optimize a model with 189 rows, 47149 columns and 1307918 nonzeros
Coefficient statistics:
  Matrix range     [1e+00, 1e+00]
  Objective range  [1e+05, 5e+05]
  Bounds range     [1e+00, 1e+00]
  RHS range        [1e+00, 8e+00]
LP warm-start: use basis

Iteration    Objective       Primal Inf.    Dual Inf.      Time
       0   -2.0414367e+37   3.680639e+33   2.041437e+07      0s
     229    1.1758261e+06   0.000000e+00   0.000000e+00      0s

Solved in 229 iterations and 0.25 seconds (0.43 work units)
Optimal objective  1.175826073e+06
Set parameter TimeLimit to value 1.6245571174621582e+03
Gurobi Optimizer version 12.0.3 build v12.0.3rc0 (linux64 - "Ubuntu 24.04.4 LTS")

CPU model: Intel(R) Xeon(R) Gold 6258R CPU @ 2.70GHz, instruction set [SSE2|AVX|AVX2|AVX512]
Thread count: 56 physical cores, 56 logical processors, using up to 1 threads

Non-default parameters:
TimeLimit  1.6245571174621582e+03
Method  1
Seed  20260919
Threads  1

Optimize a model with 189 rows, 47179 columns and 1308731 nonzeros
Coefficient statistics:
  Matrix range     [1e+00, 1e+00]
  Objective range  [1e+05, 5e+05]
  Bounds range     [1e+00, 1e+00]
  RHS range        [1e+00, 8e+00]
LP warm-start: use basis

Iteration    Objective       Primal Inf.    Dual Inf.      Time
       0   -1.8247132e+37   9.224269e+32   1.824713e+07      0s
     121    1.1722551e+06   0.000000e+00   0.000000e+00      0s

Solved in 121 iterations and 0.17 seconds (0.25 work units)
Optimal objective  1.172255106e+06
Set parameter TimeLimit to value 1.6226211602687836e+03
Gurobi Optimizer version 12.0.3 build v12.0.3rc0 (linux64 - "Ubuntu 24.04.4 LTS")

CPU model: Intel(R) Xeon(R) Gold 6258R CPU @ 2.70GHz, instruction set [SSE2|AVX|AVX2|AVX512]
Thread count: 56 physical cores, 56 logical processors, using up to 1 threads

Non-default parameters:
TimeLimit  1.6226211602687836e+03
Method  1
Seed  20260919
Threads  1

Optimize a model with 189 rows, 47209 columns and 1309615 nonzeros
Coefficient statistics:
  Matrix range     [1e+00, 1e+00]
  Objective range  [1e+05, 5e+05]
  Bounds range     [1e+00, 1e+00]
  RHS range        [1e+00, 8e+00]
LP warm-start: use basis

Iteration    Objective       Primal Inf.    Dual Inf.      Time
       0   -1.6533388e+37   4.099323e+33   1.653339e+07      0s
     160    1.1608101e+06   0.000000e+00   0.000000e+00      0s

Solved in 160 iterations and 0.19 seconds (0.30 work units)
Optimal objective  1.160810143e+06
Set parameter TimeLimit to value 1.6206090960502625e+03
Gurobi Optimizer version 12.0.3 build v12.0.3rc0 (linux64 - "Ubuntu 24.04.4 LTS")

CPU model: Intel(R) Xeon(R) Gold 6258R CPU @ 2.70GHz, instruction set [SSE2|AVX|AVX2|AVX512]
Thread count: 56 physical cores, 56 logical processors, using up to 1 threads

Non-default parameters:
TimeLimit  1.6206090960502625e+03
Method  1
Seed  20260919
Threads  1

Optimize a model with 189 rows, 47239 columns and 1310474 nonzeros
Coefficient statistics:
  Matrix range     [1e+00, 1e+00]
  Objective range  [1e+05, 5e+05]
  Bounds range     [1e+00, 1e+00]
  RHS range        [1e+00, 8e+00]
LP warm-start: use basis

Iteration    Objective       Primal Inf.    Dual Inf.      Time
       0   -1.4053864e+37   2.464645e+33   1.405386e+07      0s
     151    1.1574632e+06   0.000000e+00   0.000000e+00      0s

Solved in 151 iterations and 0.18 seconds (0.28 work units)
Optimal objective  1.157463199e+06
Set parameter TimeLimit to value 1.6186201379299164e+03
Gurobi Optimizer version 12.0.3 build v12.0.3rc0 (linux64 - "Ubuntu 24.04.4 LTS")

CPU model: Intel(R) Xeon(R) Gold 6258R CPU @ 2.70GHz, instruction set [SSE2|AVX|AVX2|AVX512]
Thread count: 56 physical cores, 56 logical processors, using up to 1 threads

Non-default parameters:
TimeLimit  1.6186201379299164e+03
Method  1
Seed  20260919
Threads  1

Optimize a model with 189 rows, 47269 columns and 1311315 nonzeros
Coefficient statistics:
  Matrix range     [1e+00, 1e+00]
  Objective range  [1e+05, 5e+05]
  Bounds range     [1e+00, 1e+00]
  RHS range        [1e+00, 8e+00]
LP warm-start: use basis

Iteration    Objective       Primal Inf.    Dual Inf.      Time
       0   -1.5059921e+37   1.498625e+33   1.505992e+07      0s
     271    1.1476548e+06   0.000000e+00   0.000000e+00      0s

Solved in 271 iterations and 0.28 seconds (0.52 work units)
Optimal objective  1.147654803e+06
Set parameter TimeLimit to value 1.6168339788913727e+03
Gurobi Optimizer version 12.0.3 build v12.0.3rc0 (linux64 - "Ubuntu 24.04.4 LTS")

CPU model: Intel(R) Xeon(R) Gold 6258R CPU @ 2.70GHz, instruction set [SSE2|AVX|AVX2|AVX512]
Thread count: 56 physical cores, 56 logical processors, using up to 1 threads

Non-default parameters:
TimeLimit  1.6168339788913727e+03
Method  1
Seed  20260919
Threads  1

Optimize a model with 189 rows, 47299 columns and 1312226 nonzeros
Coefficient statistics:
  Matrix range     [1e+00, 1e+00]
  Objective range  [1e+05, 5e+05]
  Bounds range     [1e+00, 1e+00]
  RHS range        [1e+00, 8e+00]
LP warm-start: use basis

Iteration    Objective       Primal Inf.    Dual Inf.      Time
       0   -2.1133264e+37   1.753682e+33   2.113326e+07      0s
     118    1.1463909e+06   0.000000e+00   0.000000e+00      0s

Solved in 118 iterations and 0.17 seconds (0.24 work units)
Optimal objective  1.146390874e+06
Set parameter TimeLimit to value 1.6152485375404358e+03
Gurobi Optimizer version 12.0.3 build v12.0.3rc0 (linux64 - "Ubuntu 24.04.4 LTS")

CPU model: Intel(R) Xeon(R) Gold 6258R CPU @ 2.70GHz, instruction set [SSE2|AVX|AVX2|AVX512]
Thread count: 56 physical cores, 56 logical processors, using up to 1 threads

Non-default parameters:
TimeLimit  1.6152485375404358e+03
Method  1
Seed  20260919
Threads  1

Optimize a model with 189 rows, 47329 columns and 1313154 nonzeros
Coefficient statistics:
  Matrix range     [1e+00, 1e+00]
  Objective range  [1e+05, 5e+05]
  Bounds range     [1e+00, 1e+00]
  RHS range        [1e+00, 8e+00]
LP warm-start: use basis

Iteration    Objective       Primal Inf.    Dual Inf.      Time
       0   -1.8452909e+37   1.037280e+33   1.845291e+07      0s
     272    1.1180075e+06   0.000000e+00   0.000000e+00      0s

Solved in 272 iterations and 0.28 seconds (0.50 work units)
Optimal objective  1.118007470e+06
Set parameter TimeLimit to value 1.6134056315422058e+03
Gurobi Optimizer version 12.0.3 build v12.0.3rc0 (linux64 - "Ubuntu 24.04.4 LTS")

CPU model: Intel(R) Xeon(R) Gold 6258R CPU @ 2.70GHz, instruction set [SSE2|AVX|AVX2|AVX512]
Thread count: 56 physical cores, 56 logical processors, using up to 1 threads

Non-default parameters:
TimeLimit  1.6134056315422058e+03
Method  1
Seed  20260919
Threads  1

Optimize a model with 189 rows, 47359 columns and 1314133 nonzeros
Coefficient statistics:
  Matrix range     [1e+00, 1e+00]
  Objective range  [1e+05, 5e+05]
  Bounds range     [1e+00, 1e+00]
  RHS range        [1e+00, 8e+00]
LP warm-start: use basis

Iteration    Objective       Primal Inf.    Dual Inf.      Time
       0   -2.4866304e+37   5.846652e+32   2.486630e+07      0s
     192    1.1045138e+06   0.000000e+00   0.000000e+00      0s

Solved in 192 iterations and 0.21 seconds (0.36 work units)
Optimal objective  1.104513762e+06
Set parameter TimeLimit to value 1.6096573116779327e+03
Gurobi Optimizer version 12.0.3 build v12.0.3rc0 (linux64 - "Ubuntu 24.04.4 LTS")

CPU model: Intel(R) Xeon(R) Gold 6258R CPU @ 2.70GHz, instruction set [SSE2|AVX|AVX2|AVX512]
Thread count: 56 physical cores, 56 logical processors, using up to 1 threads

Non-default parameters:
TimeLimit  1.6096573116779327e+03
Method  1
Seed  20260919
Threads  1

Optimize a model with 189 rows, 47389 columns and 1315042 nonzeros
Coefficient statistics:
  Matrix range     [1e+00, 1e+00]
  Objective range  [1e+05, 5e+05]
  Bounds range     [1e+00, 1e+00]
  RHS range        [1e+00, 8e+00]
LP warm-start: use basis

Iteration    Objective       Primal Inf.    Dual Inf.      Time
       0   -2.5388115e+37   1.782650e+33   2.538811e+07      0s
     259    1.0943266e+06   0.000000e+00   0.000000e+00      0s

Solved in 259 iterations and 0.28 seconds (0.49 work units)
Optimal objective  1.094326617e+06
Set parameter TimeLimit to value 1.6070659372806549e+03
Gurobi Optimizer version 12.0.3 build v12.0.3rc0 (linux64 - "Ubuntu 24.04.4 LTS")

CPU model: Intel(R) Xeon(R) Gold 6258R CPU @ 2.70GHz, instruction set [SSE2|AVX|AVX2|AVX512]
Thread count: 56 physical cores, 56 logical processors, using up to 1 threads

Non-default parameters:
TimeLimit  1.6070659372806549e+03
Method  1
Seed  20260919
Threads  1

Optimize a model with 189 rows, 47419 columns and 1315896 nonzeros
Coefficient statistics:
  Matrix range     [1e+00, 1e+00]
  Objective range  [1e+05, 5e+05]
  Bounds range     [1e+00, 1e+00]
  RHS range        [1e+00, 8e+00]
LP warm-start: use basis

Iteration    Objective       Primal Inf.    Dual Inf.      Time
       0   -2.7337771e+37   9.439340e+32   2.733777e+07      0s
     208    1.0917852e+06   0.000000e+00   0.000000e+00      0s

Solved in 208 iterations and 0.24 seconds (0.41 work units)
Optimal objective  1.091785153e+06
Set parameter TimeLimit to value 1.6054689435958862e+03
Gurobi Optimizer version 12.0.3 build v12.0.3rc0 (linux64 - "Ubuntu 24.04.4 LTS")

CPU model: Intel(R) Xeon(R) Gold 6258R CPU @ 2.70GHz, instruction set [SSE2|AVX|AVX2|AVX512]
Thread count: 56 physical cores, 56 logical processors, using up to 1 threads

Non-default parameters:
TimeLimit  1.6054689435958862e+03
Method  1
Seed  20260919
Threads  1

Optimize a model with 189 rows, 47449 columns and 1316761 nonzeros
Coefficient statistics:
  Matrix range     [1e+00, 1e+00]
  Objective range  [1e+05, 5e+05]
  Bounds range     [1e+00, 1e+00]
  RHS range        [1e+00, 8e+00]
LP warm-start: use basis

Iteration    Objective       Primal Inf.    Dual Inf.      Time
       0   -2.2332617e+37   6.853461e+33   2.233262e+07      0s
     117    1.0897980e+06   0.000000e+00   0.000000e+00      0s

Solved in 117 iterations and 0.16 seconds (0.23 work units)
Optimal objective  1.089798022e+06
Set parameter TimeLimit to value 1.6018659126758575e+03
Gurobi Optimizer version 12.0.3 build v12.0.3rc0 (linux64 - "Ubuntu 24.04.4 LTS")

CPU model: Intel(R) Xeon(R) Gold 6258R CPU @ 2.70GHz, instruction set [SSE2|AVX|AVX2|AVX512]
Thread count: 56 physical cores, 56 logical processors, using up to 1 threads

Non-default parameters:
TimeLimit  1.6018659126758575e+03
Method  1
Seed  20260919
Threads  1

Optimize a model with 189 rows, 47479 columns and 1317621 nonzeros
Coefficient statistics:
  Matrix range     [1e+00, 1e+00]
  Objective range  [1e+05, 5e+05]
  Bounds range     [1e+00, 1e+00]
  RHS range        [1e+00, 8e+00]
LP warm-start: use basis

Iteration    Objective       Primal Inf.    Dual Inf.      Time
       0   -2.2484885e+37   2.184571e+33   2.248488e+07      0s
      92    1.0894287e+06   0.000000e+00   0.000000e+00      0s

Solved in 92 iterations and 0.13 seconds (0.18 work units)
Optimal objective  1.089428653e+06
Set parameter TimeLimit to value 1.6004768021106720e+03
Gurobi Optimizer version 12.0.3 build v12.0.3rc0 (linux64 - "Ubuntu 24.04.4 LTS")

CPU model: Intel(R) Xeon(R) Gold 6258R CPU @ 2.70GHz, instruction set [SSE2|AVX|AVX2|AVX512]
Thread count: 56 physical cores, 56 logical processors, using up to 1 threads

Non-default parameters:
TimeLimit  1.6004768021106720e+03
Method  1
Seed  20260919
Threads  1

Optimize a model with 189 rows, 47509 columns and 1318466 nonzeros
Coefficient statistics:
  Matrix range     [1e+00, 1e+00]
  Objective range  [1e+05, 5e+05]
  Bounds range     [1e+00, 1e+00]
  RHS range        [1e+00, 8e+00]
LP warm-start: use basis

Iteration    Objective       Primal Inf.    Dual Inf.      Time
       0   -1.9312087e+37   1.201275e+33   1.931209e+07      0s
     180    1.0840727e+06   0.000000e+00   0.000000e+00      0s

Solved in 180 iterations and 0.21 seconds (0.34 work units)
Optimal objective  1.084072728e+06
Set parameter TimeLimit to value 1.5968120486736298e+03
Gurobi Optimizer version 12.0.3 build v12.0.3rc0 (linux64 - "Ubuntu 24.04.4 LTS")

CPU model: Intel(R) Xeon(R) Gold 6258R CPU @ 2.70GHz, instruction set [SSE2|AVX|AVX2|AVX512]
Thread count: 56 physical cores, 56 logical processors, using up to 1 threads

Non-default parameters:
TimeLimit  1.5968120486736298e+03
Method  1
Seed  20260919
Threads  1

Optimize a model with 189 rows, 47539 columns and 1319425 nonzeros
Coefficient statistics:
  Matrix range     [1e+00, 1e+00]
  Objective range  [1e+05, 5e+05]
  Bounds range     [1e+00, 1e+00]
  RHS range        [1e+00, 8e+00]
LP warm-start: use basis

Iteration    Objective       Primal Inf.    Dual Inf.      Time
       0   -3.4122450e+37   2.776657e+33   3.412245e+07      0s
     107    1.0821090e+06   0.000000e+00   0.000000e+00      0s

Solved in 107 iterations and 0.15 seconds (0.21 work units)
Optimal objective  1.082109037e+06
Set parameter TimeLimit to value 1.5941311845779419e+03
Gurobi Optimizer version 12.0.3 build v12.0.3rc0 (linux64 - "Ubuntu 24.04.4 LTS")

CPU model: Intel(R) Xeon(R) Gold 6258R CPU @ 2.70GHz, instruction set [SSE2|AVX|AVX2|AVX512]
Thread count: 56 physical cores, 56 logical processors, using up to 1 threads

Non-default parameters:
TimeLimit  1.5941311845779419e+03
Method  1
Seed  20260919
Threads  1

Optimize a model with 189 rows, 47569 columns and 1320311 nonzeros
Coefficient statistics:
  Matrix range     [1e+00, 1e+00]
  Objective range  [1e+05, 5e+05]
  Bounds range     [1e+00, 1e+00]
  RHS range        [1e+00, 8e+00]
LP warm-start: use basis

Iteration    Objective       Primal Inf.    Dual Inf.      Time
       0   -2.6795985e+37   2.274757e+33   2.679599e+07      0s
     243    1.0790426e+06   0.000000e+00   0.000000e+00      0s

Solved in 243 iterations and 0.27 seconds (0.46 work units)
Optimal objective  1.079042560e+06
Set parameter TimeLimit to value 1.5900626971721649e+03
Gurobi Optimizer version 12.0.3 build v12.0.3rc0 (linux64 - "Ubuntu 24.04.4 LTS")

CPU model: Intel(R) Xeon(R) Gold 6258R CPU @ 2.70GHz, instruction set [SSE2|AVX|AVX2|AVX512]
Thread count: 56 physical cores, 56 logical processors, using up to 1 threads

Non-default parameters:
TimeLimit  1.5900626971721649e+03
Method  1
Seed  20260919
Threads  1

Optimize a model with 189 rows, 47599 columns and 1321147 nonzeros
Coefficient statistics:
  Matrix range     [1e+00, 1e+00]
  Objective range  [1e+05, 5e+05]
  Bounds range     [1e+00, 1e+00]
  RHS range        [1e+00, 8e+00]
LP warm-start: use basis

Iteration    Objective       Primal Inf.    Dual Inf.      Time
       0   -2.4554509e+37   2.087354e+33   2.455451e+07      0s
     171    1.0715979e+06   0.000000e+00   0.000000e+00      0s

Solved in 171 iterations and 0.21 seconds (0.33 work units)
Optimal objective  1.071597898e+06
Set parameter TimeLimit to value 1.5882840423583984e+03
Gurobi Optimizer version 12.0.3 build v12.0.3rc0 (linux64 - "Ubuntu 24.04.4 LTS")

CPU model: Intel(R) Xeon(R) Gold 6258R CPU @ 2.70GHz, instruction set [SSE2|AVX|AVX2|AVX512]
Thread count: 56 physical cores, 56 logical processors, using up to 1 threads

Non-default parameters:
TimeLimit  1.5882840423583984e+03
Method  1
Seed  20260919
Threads  1

Optimize a model with 189 rows, 47629 columns and 1322063 nonzeros
Coefficient statistics:
  Matrix range     [1e+00, 1e+00]
  Objective range  [1e+05, 5e+05]
  Bounds range     [1e+00, 1e+00]
  RHS range        [1e+00, 8e+00]
LP warm-start: use basis

Iteration    Objective       Primal Inf.    Dual Inf.      Time
       0   -2.0957621e+37   1.242064e+33   2.095762e+07      0s
     263    1.0570690e+06   0.000000e+00   0.000000e+00      0s

Solved in 263 iterations and 0.28 seconds (0.49 work units)
Optimal objective  1.057069013e+06
Set parameter TimeLimit to value 1.5850933334827423e+03
Gurobi Optimizer version 12.0.3 build v12.0.3rc0 (linux64 - "Ubuntu 24.04.4 LTS")

CPU model: Intel(R) Xeon(R) Gold 6258R CPU @ 2.70GHz, instruction set [SSE2|AVX|AVX2|AVX512]
Thread count: 56 physical cores, 56 logical processors, using up to 1 threads

Non-default parameters:
TimeLimit  1.5850933334827423e+03
Method  1
Seed  20260919
Threads  1

Optimize a model with 189 rows, 47659 columns and 1322897 nonzeros
Coefficient statistics:
  Matrix range     [1e+00, 1e+00]
  Objective range  [1e+05, 5e+05]
  Bounds range     [1e+00, 1e+00]
  RHS range        [1e+00, 8e+00]
LP warm-start: use basis

Iteration    Objective       Primal Inf.    Dual Inf.      Time
       0   -3.0171119e+37   2.412612e+33   3.017112e+07      0s
     152    1.0531231e+06   0.000000e+00   0.000000e+00      0s

Solved in 152 iterations and 0.19 seconds (0.30 work units)
Optimal objective  1.053123127e+06
Set parameter TimeLimit to value 1.5848030362129211e+03
Gurobi Optimizer version 12.0.3 build v12.0.3rc0 (linux64 - "Ubuntu 24.04.4 LTS")

CPU model: Intel(R) Xeon(R) Gold 6258R CPU @ 2.70GHz, instruction set [SSE2|AVX|AVX2|AVX512]
Thread count: 56 physical cores, 56 logical processors, using up to 1 threads

Non-default parameters:
TimeLimit  1.5848030362129211e+03
Method  1
Seed  20260919
Threads  1

Optimize a model with 189 rows, 47659 columns and 1322897 nonzeros
Coefficient statistics:
  Matrix range     [1e+00, 1e+00]
  Objective range  [1e+05, 5e+05]
  Bounds range     [1e+00, 1e+00]
  RHS range        [1e+00, 8e+00]

Iteration    Objective       Primal Inf.    Dual Inf.      Time
       0   -4.1690629e+06   1.450438e+02   0.000000e+00      0s
     809    2.8476453e+06   0.000000e+00   0.000000e+00      1s

Solved in 809 iterations and 0.79 seconds (1.78 work units)
Optimal objective  2.847645302e+06
Set parameter TimeLimit to value 1.5801674447059631e+03
Gurobi Optimizer version 12.0.3 build v12.0.3rc0 (linux64 - "Ubuntu 24.04.4 LTS")

CPU model: Intel(R) Xeon(R) Gold 6258R CPU @ 2.70GHz, instruction set [SSE2|AVX|AVX2|AVX512]
Thread count: 56 physical cores, 56 logical processors, using up to 1 threads

Non-default parameters:
TimeLimit  1.5801674447059631e+03
Method  1
Seed  20260919
Threads  1

Optimize a model with 189 rows, 47689 columns and 1323923 nonzeros
Coefficient statistics:
  Matrix range     [1e+00, 1e+00]
  Objective range  [1e+05, 5e+05]
  Bounds range     [1e+00, 1e+00]
  RHS range        [1e+00, 8e+00]
LP warm-start: use basis

Iteration    Objective       Primal Inf.    Dual Inf.      Time
       0   -9.6738686e+37   5.740417e+33   9.673869e+07      0s
     190    2.5094138e+06   0.000000e+00   0.000000e+00      0s

Solved in 190 iterations and 0.20 seconds (0.33 work units)
Optimal objective  2.509413766e+06
Set parameter TimeLimit to value 1.5751973621845245e+03
Gurobi Optimizer version 12.0.3 build v12.0.3rc0 (linux64 - "Ubuntu 24.04.4 LTS")

CPU model: Intel(R) Xeon(R) Gold 6258R CPU @ 2.70GHz, instruction set [SSE2|AVX|AVX2|AVX512]
Thread count: 56 physical cores, 56 logical processors, using up to 1 threads

Non-default parameters:
TimeLimit  1.5751973621845245e+03
Method  1
Seed  20260919
Threads  1

Optimize a model with 189 rows, 47719 columns and 1324754 nonzeros
Coefficient statistics:
  Matrix range     [1e+00, 1e+00]
  Objective range  [1e+05, 5e+05]
  Bounds range     [1e+00, 1e+00]
  RHS range        [1e+00, 8e+00]
LP warm-start: use basis

Iteration    Objective       Primal Inf.    Dual Inf.      Time
       0   -7.8633624e+37   4.270781e+33   7.863362e+07      0s
     262    2.2923974e+06   0.000000e+00   0.000000e+00      0s

Solved in 262 iterations and 0.25 seconds (0.44 work units)
Optimal objective  2.292397366e+06
Set parameter TimeLimit to value 1.5717111034393311e+03
Gurobi Optimizer version 12.0.3 build v12.0.3rc0 (linux64 - "Ubuntu 24.04.4 LTS")

CPU model: Intel(R) Xeon(R) Gold 6258R CPU @ 2.70GHz, instruction set [SSE2|AVX|AVX2|AVX512]
Thread count: 56 physical cores, 56 logical processors, using up to 1 threads

Non-default parameters:
TimeLimit  1.5717111034393311e+03
Method  1
Seed  20260919
Threads  1

Optimize a model with 189 rows, 47749 columns and 1325610 nonzeros
Coefficient statistics:
  Matrix range     [1e+00, 1e+00]
  Objective range  [1e+05, 5e+05]
  Bounds range     [1e+00, 1e+00]
  RHS range        [1e+00, 8e+00]
LP warm-start: use basis

Iteration    Objective       Primal Inf.    Dual Inf.      Time
       0   -6.1765939e+37   1.535924e+33   6.176594e+07      0s
     171    2.1053681e+06   0.000000e+00   0.000000e+00      0s

Solved in 171 iterations and 0.19 seconds (0.30 work units)
Optimal objective  2.105368063e+06
Set parameter TimeLimit to value 1.5683631246089935e+03
Gurobi Optimizer version 12.0.3 build v12.0.3rc0 (linux64 - "Ubuntu 24.04.4 LTS")

CPU model: Intel(R) Xeon(R) Gold 6258R CPU @ 2.70GHz, instruction set [SSE2|AVX|AVX2|AVX512]
Thread count: 56 physical cores, 56 logical processors, using up to 1 threads

Non-default parameters:
TimeLimit  1.5683631246089935e+03
Method  1
Seed  20260919
Threads  1

Optimize a model with 189 rows, 47779 columns and 1326528 nonzeros
Coefficient statistics:
  Matrix range     [1e+00, 1e+00]
  Objective range  [1e+05, 5e+05]
  Bounds range     [1e+00, 1e+00]
  RHS range        [1e+00, 8e+00]
LP warm-start: use basis

Iteration    Objective       Primal Inf.    Dual Inf.      Time
       0   -5.1538440e+37   1.547630e+33   5.153844e+07      0s
     123    2.0648011e+06   0.000000e+00   0.000000e+00      0s

Solved in 123 iterations and 0.15 seconds (0.22 work units)
Optimal objective  2.064801129e+06
Set parameter TimeLimit to value 1.5653942868709564e+03
Gurobi Optimizer version 12.0.3 build v12.0.3rc0 (linux64 - "Ubuntu 24.04.4 LTS")

CPU model: Intel(R) Xeon(R) Gold 6258R CPU @ 2.70GHz, instruction set [SSE2|AVX|AVX2|AVX512]
Thread count: 56 physical cores, 56 logical processors, using up to 1 threads

Non-default parameters:
TimeLimit  1.5653942868709564e+03
Method  1
Seed  20260919
Threads  1

Optimize a model with 189 rows, 47809 columns and 1327444 nonzeros
Coefficient statistics:
  Matrix range     [1e+00, 1e+00]
  Objective range  [1e+05, 5e+05]
  Bounds range     [1e+00, 1e+00]
  RHS range        [1e+00, 8e+00]
LP warm-start: use basis

Iteration    Objective       Primal Inf.    Dual Inf.      Time
       0   -4.2458807e+37   1.396620e+33   4.245881e+07      0s
     124    2.0126974e+06   0.000000e+00   0.000000e+00      0s

Solved in 124 iterations and 0.15 seconds (0.21 work units)
Optimal objective  2.012697371e+06
Set parameter TimeLimit to value 1.5625331864356995e+03
Gurobi Optimizer version 12.0.3 build v12.0.3rc0 (linux64 - "Ubuntu 24.04.4 LTS")

CPU model: Intel(R) Xeon(R) Gold 6258R CPU @ 2.70GHz, instruction set [SSE2|AVX|AVX2|AVX512]
Thread count: 56 physical cores, 56 logical processors, using up to 1 threads

Non-default parameters:
TimeLimit  1.5625331864356995e+03
Method  1
Seed  20260919
Threads  1

Optimize a model with 189 rows, 47839 columns and 1328310 nonzeros
Coefficient statistics:
  Matrix range     [1e+00, 1e+00]
  Objective range  [1e+05, 5e+05]
  Bounds range     [1e+00, 1e+00]
  RHS range        [1e+00, 8e+00]
LP warm-start: use basis

Iteration    Objective       Primal Inf.    Dual Inf.      Time
       0   -4.8922218e+37   1.733403e+33   4.892222e+07      0s
     144    1.9562677e+06   0.000000e+00   0.000000e+00      0s

Solved in 144 iterations and 0.17 seconds (0.25 work units)
Optimal objective  1.956267713e+06
Set parameter TimeLimit to value 1.5600879783630371e+03
Gurobi Optimizer version 12.0.3 build v12.0.3rc0 (linux64 - "Ubuntu 24.04.4 LTS")

CPU model: Intel(R) Xeon(R) Gold 6258R CPU @ 2.70GHz, instruction set [SSE2|AVX|AVX2|AVX512]
Thread count: 56 physical cores, 56 logical processors, using up to 1 threads

Non-default parameters:
TimeLimit  1.5600879783630371e+03
Method  1
Seed  20260919
Threads  1

Optimize a model with 189 rows, 47869 columns and 1329218 nonzeros
Coefficient statistics:
  Matrix range     [1e+00, 1e+00]
  Objective range  [1e+05, 5e+05]
  Bounds range     [1e+00, 1e+00]
  RHS range        [1e+00, 8e+00]
LP warm-start: use basis

Iteration    Objective       Primal Inf.    Dual Inf.      Time
       0   -5.3209914e+37   1.558057e+33   5.320991e+07      0s
     167    1.8741347e+06   0.000000e+00   0.000000e+00      0s

Solved in 167 iterations and 0.17 seconds (0.28 work units)
Optimal objective  1.874134742e+06
Set parameter TimeLimit to value 1.5571936910152435e+03
Gurobi Optimizer version 12.0.3 build v12.0.3rc0 (linux64 - "Ubuntu 24.04.4 LTS")

CPU model: Intel(R) Xeon(R) Gold 6258R CPU @ 2.70GHz, instruction set [SSE2|AVX|AVX2|AVX512]
Thread count: 56 physical cores, 56 logical processors, using up to 1 threads

Non-default parameters:
TimeLimit  1.5571936910152435e+03
Method  1
Seed  20260919
Threads  1

Optimize a model with 189 rows, 47899 columns and 1330073 nonzeros
Coefficient statistics:
  Matrix range     [1e+00, 1e+00]
  Objective range  [1e+05, 5e+05]
  Bounds range     [1e+00, 1e+00]
  RHS range        [1e+00, 8e+00]
LP warm-start: use basis

Iteration    Objective       Primal Inf.    Dual Inf.      Time
       0   -6.2568524e+37   2.258299e+33   6.256852e+07      0s
     169    1.8295173e+06   0.000000e+00   0.000000e+00      0s

Solved in 169 iterations and 0.19 seconds (0.30 work units)
Optimal objective  1.829517322e+06
Set parameter TimeLimit to value 1.5516916222572327e+03
Gurobi Optimizer version 12.0.3 build v12.0.3rc0 (linux64 - "Ubuntu 24.04.4 LTS")

CPU model: Intel(R) Xeon(R) Gold 6258R CPU @ 2.70GHz, instruction set [SSE2|AVX|AVX2|AVX512]
Thread count: 56 physical cores, 56 logical processors, using up to 1 threads

Non-default parameters:
TimeLimit  1.5516916222572327e+03
Method  1
Seed  20260919
Threads  1

Optimize a model with 189 rows, 47929 columns and 1331018 nonzeros
Coefficient statistics:
  Matrix range     [1e+00, 1e+00]
  Objective range  [1e+05, 5e+05]
  Bounds range     [1e+00, 1e+00]
  RHS range        [1e+00, 8e+00]
LP warm-start: use basis

Iteration    Objective       Primal Inf.    Dual Inf.      Time
       0   -4.8112712e+37   1.206831e+33   4.811271e+07      0s
     302    1.7472841e+06   0.000000e+00   0.000000e+00      0s

Solved in 302 iterations and 0.29 seconds (0.54 work units)
Optimal objective  1.747284067e+06
Set parameter TimeLimit to value 1.5495521838665009e+03
Gurobi Optimizer version 12.0.3 build v12.0.3rc0 (linux64 - "Ubuntu 24.04.4 LTS")

CPU model: Intel(R) Xeon(R) Gold 6258R CPU @ 2.70GHz, instruction set [SSE2|AVX|AVX2|AVX512]
Thread count: 56 physical cores, 56 logical processors, using up to 1 threads

Non-default parameters:
TimeLimit  1.5495521838665009e+03
Method  1
Seed  20260919
Threads  1

Optimize a model with 189 rows, 47959 columns and 1331832 nonzeros
Coefficient statistics:
  Matrix range     [1e+00, 1e+00]
  Objective range  [1e+05, 5e+05]
  Bounds range     [1e+00, 1e+00]
  RHS range        [1e+00, 8e+00]
LP warm-start: use basis

Iteration    Objective       Primal Inf.    Dual Inf.      Time
       0   -5.7045844e+37   2.899245e+33   5.704584e+07      0s
     212    1.6976423e+06   0.000000e+00   0.000000e+00      0s

Solved in 212 iterations and 0.22 seconds (0.36 work units)
Optimal objective  1.697642301e+06
Set parameter TimeLimit to value 1.5479278628826141e+03
Gurobi Optimizer version 12.0.3 build v12.0.3rc0 (linux64 - "Ubuntu 24.04.4 LTS")

CPU model: Intel(R) Xeon(R) Gold 6258R CPU @ 2.70GHz, instruction set [SSE2|AVX|AVX2|AVX512]
Thread count: 56 physical cores, 56 logical processors, using up to 1 threads

Non-default parameters:
TimeLimit  1.5479278628826141e+03
Method  1
Seed  20260919
Threads  1

Optimize a model with 189 rows, 47989 columns and 1332641 nonzeros
Coefficient statistics:
  Matrix range     [1e+00, 1e+00]
  Objective range  [1e+05, 5e+05]
  Bounds range     [1e+00, 1e+00]
  RHS range        [1e+00, 8e+00]
LP warm-start: use basis

Iteration    Objective       Primal Inf.    Dual Inf.      Time
       0   -5.7939496e+37   1.361861e+33   5.793950e+07      0s
     124    1.6916687e+06   0.000000e+00   0.000000e+00      0s

Solved in 124 iterations and 0.15 seconds (0.22 work units)
Optimal objective  1.691668735e+06
Set parameter TimeLimit to value 1.5459176096916199e+03
Gurobi Optimizer version 12.0.3 build v12.0.3rc0 (linux64 - "Ubuntu 24.04.4 LTS")

CPU model: Intel(R) Xeon(R) Gold 6258R CPU @ 2.70GHz, instruction set [SSE2|AVX|AVX2|AVX512]
Thread count: 56 physical cores, 56 logical processors, using up to 1 threads

Non-default parameters:
TimeLimit  1.5459176096916199e+03
Method  1
Seed  20260919
Threads  1

Optimize a model with 189 rows, 48019 columns and 1333479 nonzeros
Coefficient statistics:
  Matrix range     [1e+00, 1e+00]
  Objective range  [1e+05, 5e+05]
  Bounds range     [1e+00, 1e+00]
  RHS range        [1e+00, 8e+00]
LP warm-start: use basis

Iteration    Objective       Primal Inf.    Dual Inf.      Time
       0   -4.8011418e+37   1.527826e+33   4.801142e+07      0s
     155    1.6570328e+06   0.000000e+00   0.000000e+00      0s

Solved in 155 iterations and 0.16 seconds (0.23 work units)
Optimal objective  1.657032760e+06
Set parameter TimeLimit to value 1.5444571619033813e+03
Gurobi Optimizer version 12.0.3 build v12.0.3rc0 (linux64 - "Ubuntu 24.04.4 LTS")

CPU model: Intel(R) Xeon(R) Gold 6258R CPU @ 2.70GHz, instruction set [SSE2|AVX|AVX2|AVX512]
Thread count: 56 physical cores, 56 logical processors, using up to 1 threads

Non-default parameters:
TimeLimit  1.5444571619033813e+03
Method  1
Seed  20260919
Threads  1

Optimize a model with 189 rows, 48049 columns and 1334352 nonzeros
Coefficient statistics:
  Matrix range     [1e+00, 1e+00]
  Objective range  [1e+05, 5e+05]
  Bounds range     [1e+00, 1e+00]
  RHS range        [1e+00, 8e+00]
LP warm-start: use basis

Iteration    Objective       Primal Inf.    Dual Inf.      Time
       0   -4.2090719e+37   3.939419e+33   4.209072e+07      0s
      87    1.6410502e+06   0.000000e+00   0.000000e+00      0s

Solved in 87 iterations and 0.12 seconds (0.15 work units)
Optimal objective  1.641050221e+06
Set parameter TimeLimit to value 1.5428979451656342e+03
Gurobi Optimizer version 12.0.3 build v12.0.3rc0 (linux64 - "Ubuntu 24.04.4 LTS")

CPU model: Intel(R) Xeon(R) Gold 6258R CPU @ 2.70GHz, instruction set [SSE2|AVX|AVX2|AVX512]
Thread count: 56 physical cores, 56 logical processors, using up to 1 threads

Non-default parameters:
TimeLimit  1.5428979451656342e+03
Method  1
Seed  20260919
Threads  1

Optimize a model with 189 rows, 48079 columns and 1335182 nonzeros
Coefficient statistics:
  Matrix range     [1e+00, 1e+00]
  Objective range  [1e+05, 5e+05]
  Bounds range     [1e+00, 1e+00]
  RHS range        [1e+00, 8e+00]
LP warm-start: use basis

Iteration    Objective       Primal Inf.    Dual Inf.      Time
       0   -4.4241175e+37   1.261623e+33   4.424118e+07      0s
      92    1.6359338e+06   0.000000e+00   0.000000e+00      0s

Solved in 92 iterations and 0.13 seconds (0.16 work units)
Optimal objective  1.635933770e+06
Set parameter TimeLimit to value 1.5408147740364075e+03
Gurobi Optimizer version 12.0.3 build v12.0.3rc0 (linux64 - "Ubuntu 24.04.4 LTS")

CPU model: Intel(R) Xeon(R) Gold 6258R CPU @ 2.70GHz, instruction set [SSE2|AVX|AVX2|AVX512]
Thread count: 56 physical cores, 56 logical processors, using up to 1 threads

Non-default parameters:
TimeLimit  1.5408147740364075e+03
Method  1
Seed  20260919
Threads  1

Optimize a model with 189 rows, 48109 columns and 1336060 nonzeros
Coefficient statistics:
  Matrix range     [1e+00, 1e+00]
  Objective range  [1e+05, 5e+05]
  Bounds range     [1e+00, 1e+00]
  RHS range        [1e+00, 8e+00]
LP warm-start: use basis

Iteration    Objective       Primal Inf.    Dual Inf.      Time
       0   -3.5467099e+37   1.814339e+33   3.546710e+07      0s
      42    1.6322085e+06   0.000000e+00   0.000000e+00      0s

Solved in 42 iterations and 0.09 seconds (0.08 work units)
Optimal objective  1.632208494e+06
Set parameter TimeLimit to value 1539.06867313385
Gurobi Optimizer version 12.0.3 build v12.0.3rc0 (linux64 - "Ubuntu 24.04.4 LTS")

CPU model: Intel(R) Xeon(R) Gold 6258R CPU @ 2.70GHz, instruction set [SSE2|AVX|AVX2|AVX512]
Thread count: 56 physical cores, 56 logical processors, using up to 1 threads

Non-default parameters:
TimeLimit  1539.06867313385
Method  1
Seed  20260919
Threads  1

Optimize a model with 189 rows, 48139 columns and 1336888 nonzeros
Coefficient statistics:
  Matrix range     [1e+00, 1e+00]
  Objective range  [1e+05, 5e+05]
  Bounds range     [1e+00, 1e+00]
  RHS range        [1e+00, 8e+00]
LP warm-start: use basis

Iteration    Objective       Primal Inf.    Dual Inf.      Time
       0   -3.3424966e+37   2.081201e+33   3.342497e+07      0s
     132    1.6275532e+06   0.000000e+00   0.000000e+00      0s

Solved in 132 iterations and 0.15 seconds (0.22 work units)
Optimal objective  1.627553184e+06
Set parameter TimeLimit to value 1.5370135273933411e+03
Gurobi Optimizer version 12.0.3 build v12.0.3rc0 (linux64 - "Ubuntu 24.04.4 LTS")

CPU model: Intel(R) Xeon(R) Gold 6258R CPU @ 2.70GHz, instruction set [SSE2|AVX|AVX2|AVX512]
Thread count: 56 physical cores, 56 logical processors, using up to 1 threads

Non-default parameters:
TimeLimit  1.5370135273933411e+03
Method  1
Seed  20260919
Threads  1

Optimize a model with 189 rows, 48169 columns and 1337756 nonzeros
Coefficient statistics:
  Matrix range     [1e+00, 1e+00]
  Objective range  [1e+05, 5e+05]
  Bounds range     [1e+00, 1e+00]
  RHS range        [1e+00, 8e+00]
LP warm-start: use basis

Iteration    Objective       Primal Inf.    Dual Inf.      Time
       0   -3.4040745e+37   1.206111e+33   3.404075e+07      0s
      94    1.6187591e+06   0.000000e+00   0.000000e+00      0s

Solved in 94 iterations and 0.12 seconds (0.16 work units)
Optimal objective  1.618759083e+06
Set parameter TimeLimit to value 1.5332048227787018e+03
Gurobi Optimizer version 12.0.3 build v12.0.3rc0 (linux64 - "Ubuntu 24.04.4 LTS")

CPU model: Intel(R) Xeon(R) Gold 6258R CPU @ 2.70GHz, instruction set [SSE2|AVX|AVX2|AVX512]
Thread count: 56 physical cores, 56 logical processors, using up to 1 threads

Non-default parameters:
TimeLimit  1.5332048227787018e+03
Method  1
Seed  20260919
Threads  1

Optimize a model with 189 rows, 48199 columns and 1338597 nonzeros
Coefficient statistics:
  Matrix range     [1e+00, 1e+00]
  Objective range  [1e+05, 5e+05]
  Bounds range     [1e+00, 1e+00]
  RHS range        [1e+00, 8e+00]
LP warm-start: use basis

Iteration    Objective       Primal Inf.    Dual Inf.      Time
       0   -2.6549059e+37   9.893777e+32   2.654906e+07      0s
     131    1.6094189e+06   0.000000e+00   0.000000e+00      0s

Solved in 131 iterations and 0.15 seconds (0.23 work units)
Optimal objective  1.609418899e+06
Set parameter TimeLimit to value 1.5307355620861053e+03
Gurobi Optimizer version 12.0.3 build v12.0.3rc0 (linux64 - "Ubuntu 24.04.4 LTS")

CPU model: Intel(R) Xeon(R) Gold 6258R CPU @ 2.70GHz, instruction set [SSE2|AVX|AVX2|AVX512]
Thread count: 56 physical cores, 56 logical processors, using up to 1 threads

Non-default parameters:
TimeLimit  1.5307355620861053e+03
Method  1
Seed  20260919
Threads  1

Optimize a model with 189 rows, 48229 columns and 1339500 nonzeros
Coefficient statistics:
  Matrix range     [1e+00, 1e+00]
  Objective range  [1e+05, 5e+05]
  Bounds range     [1e+00, 1e+00]
  RHS range        [1e+00, 8e+00]
LP warm-start: use basis

Iteration    Objective       Primal Inf.    Dual Inf.      Time
       0   -3.1879432e+37   1.872474e+33   3.187943e+07      0s
      90    1.6037023e+06   0.000000e+00   0.000000e+00      0s

Solved in 90 iterations and 0.13 seconds (0.17 work units)
Optimal objective  1.603702321e+06
Set parameter TimeLimit to value 1527.37166929245
Gurobi Optimizer version 12.0.3 build v12.0.3rc0 (linux64 - "Ubuntu 24.04.4 LTS")

CPU model: Intel(R) Xeon(R) Gold 6258R CPU @ 2.70GHz, instruction set [SSE2|AVX|AVX2|AVX512]
Thread count: 56 physical cores, 56 logical processors, using up to 1 threads

Non-default parameters:
TimeLimit  1527.37166929245
Method  1
Seed  20260919
Threads  1

Optimize a model with 189 rows, 48259 columns and 1340255 nonzeros
Coefficient statistics:
  Matrix range     [1e+00, 1e+00]
  Objective range  [1e+05, 5e+05]
  Bounds range     [1e+00, 1e+00]
  RHS range        [1e+00, 8e+00]
LP warm-start: use basis

Iteration    Objective       Primal Inf.    Dual Inf.      Time
       0   -2.7022253e+37   3.543381e+33   2.702225e+07      0s
     124    1.6021451e+06   0.000000e+00   0.000000e+00      0s

Solved in 124 iterations and 0.15 seconds (0.21 work units)
Optimal objective  1.602145086e+06
Set parameter TimeLimit to value 1.5239619686603546e+03
Gurobi Optimizer version 12.0.3 build v12.0.3rc0 (linux64 - "Ubuntu 24.04.4 LTS")

CPU model: Intel(R) Xeon(R) Gold 6258R CPU @ 2.70GHz, instruction set [SSE2|AVX|AVX2|AVX512]
Thread count: 56 physical cores, 56 logical processors, using up to 1 threads

Non-default parameters:
TimeLimit  1.5239619686603546e+03
Method  1
Seed  20260919
Threads  1

Optimize a model with 189 rows, 48289 columns and 1341251 nonzeros
Coefficient statistics:
  Matrix range     [1e+00, 1e+00]
  Objective range  [1e+05, 5e+05]
  Bounds range     [1e+00, 1e+00]
  RHS range        [1e+00, 8e+00]
LP warm-start: use basis

Iteration    Objective       Primal Inf.    Dual Inf.      Time
       0   -3.5686683e+37   3.206861e+33   3.568668e+07      0s
     204    1.5985386e+06   0.000000e+00   0.000000e+00      0s

Solved in 204 iterations and 0.21 seconds (0.36 work units)
Optimal objective  1.598538595e+06
Set parameter TimeLimit to value 1.5218988339900970e+03
Gurobi Optimizer version 12.0.3 build v12.0.3rc0 (linux64 - "Ubuntu 24.04.4 LTS")

CPU model: Intel(R) Xeon(R) Gold 6258R CPU @ 2.70GHz, instruction set [SSE2|AVX|AVX2|AVX512]
Thread count: 56 physical cores, 56 logical processors, using up to 1 threads

Non-default parameters:
TimeLimit  1.5218988339900970e+03
Method  1
Seed  20260919
Threads  1

Optimize a model with 189 rows, 48319 columns and 1342121 nonzeros
Coefficient statistics:
  Matrix range     [1e+00, 1e+00]
  Objective range  [1e+05, 5e+05]
  Bounds range     [1e+00, 1e+00]
  RHS range        [1e+00, 8e+00]
LP warm-start: use basis

Iteration    Objective       Primal Inf.    Dual Inf.      Time
       0   -2.6354311e+37   1.667570e+33   2.635431e+07      0s
     289    1.5685886e+06   0.000000e+00   0.000000e+00      0s

Solved in 289 iterations and 0.27 seconds (0.50 work units)
Optimal objective  1.568588568e+06
Set parameter TimeLimit to value 1.5186602592468262e+03
Gurobi Optimizer version 12.0.3 build v12.0.3rc0 (linux64 - "Ubuntu 24.04.4 LTS")

CPU model: Intel(R) Xeon(R) Gold 6258R CPU @ 2.70GHz, instruction set [SSE2|AVX|AVX2|AVX512]
Thread count: 56 physical cores, 56 logical processors, using up to 1 threads

Non-default parameters:
TimeLimit  1.5186602592468262e+03
Method  1
Seed  20260919
Threads  1

Optimize a model with 189 rows, 48349 columns and 1343061 nonzeros
Coefficient statistics:
  Matrix range     [1e+00, 1e+00]
  Objective range  [1e+05, 5e+05]
  Bounds range     [1e+00, 1e+00]
  RHS range        [1e+00, 8e+00]
LP warm-start: use basis

Iteration    Objective       Primal Inf.    Dual Inf.      Time
       0   -3.0982439e+37   1.483539e+33   3.098244e+07      0s
      83    1.5613016e+06   0.000000e+00   0.000000e+00      0s

Solved in 83 iterations and 0.13 seconds (0.16 work units)
Optimal objective  1.561301560e+06
Set parameter TimeLimit to value 1.5138829200267792e+03
Gurobi Optimizer version 12.0.3 build v12.0.3rc0 (linux64 - "Ubuntu 24.04.4 LTS")

CPU model: Intel(R) Xeon(R) Gold 6258R CPU @ 2.70GHz, instruction set [SSE2|AVX|AVX2|AVX512]
Thread count: 56 physical cores, 56 logical processors, using up to 1 threads

Non-default parameters:
TimeLimit  1.5138829200267792e+03
Method  1
Seed  20260919
Threads  1

Optimize a model with 189 rows, 48379 columns and 1343977 nonzeros
Coefficient statistics:
  Matrix range     [1e+00, 1e+00]
  Objective range  [1e+05, 5e+05]
  Bounds range     [1e+00, 1e+00]
  RHS range        [1e+00, 8e+00]
LP warm-start: use basis

Iteration    Objective       Primal Inf.    Dual Inf.      Time
       0   -2.9303044e+37   1.278932e+33   2.930304e+07      0s
     225    1.5464613e+06   0.000000e+00   0.000000e+00      0s

Solved in 225 iterations and 0.23 seconds (0.40 work units)
Optimal objective  1.546461295e+06
Set parameter TimeLimit to value 1.5082482364177704e+03
Gurobi Optimizer version 12.0.3 build v12.0.3rc0 (linux64 - "Ubuntu 24.04.4 LTS")

CPU model: Intel(R) Xeon(R) Gold 6258R CPU @ 2.70GHz, instruction set [SSE2|AVX|AVX2|AVX512]
Thread count: 56 physical cores, 56 logical processors, using up to 1 threads

Non-default parameters:
TimeLimit  1.5082482364177704e+03
Method  1
Seed  20260919
Threads  1

Optimize a model with 189 rows, 48409 columns and 1344807 nonzeros
Coefficient statistics:
  Matrix range     [1e+00, 1e+00]
  Objective range  [1e+05, 5e+05]
  Bounds range     [1e+00, 1e+00]
  RHS range        [1e+00, 8e+00]
LP warm-start: use basis

Iteration    Objective       Primal Inf.    Dual Inf.      Time
       0   -3.4630710e+37   2.297734e+33   3.463071e+07      0s
     137    1.5380498e+06   0.000000e+00   0.000000e+00      0s

Solved in 137 iterations and 0.17 seconds (0.25 work units)
Optimal objective  1.538049820e+06
Set parameter TimeLimit to value 1.5051623473167419e+03
Gurobi Optimizer version 12.0.3 build v12.0.3rc0 (linux64 - "Ubuntu 24.04.4 LTS")

CPU model: Intel(R) Xeon(R) Gold 6258R CPU @ 2.70GHz, instruction set [SSE2|AVX|AVX2|AVX512]
Thread count: 56 physical cores, 56 logical processors, using up to 1 threads

Non-default parameters:
TimeLimit  1.5051623473167419e+03
Method  1
Seed  20260919
Threads  1

Optimize a model with 189 rows, 48439 columns and 1345680 nonzeros
Coefficient statistics:
  Matrix range     [1e+00, 1e+00]
  Objective range  [1e+05, 5e+05]
  Bounds range     [1e+00, 1e+00]
  RHS range        [1e+00, 8e+00]
LP warm-start: use basis

Iteration    Objective       Primal Inf.    Dual Inf.      Time
       0   -3.1220325e+37   1.581611e+33   3.122033e+07      0s
     122    1.5346874e+06   0.000000e+00   0.000000e+00      0s

Solved in 122 iterations and 0.15 seconds (0.21 work units)
Optimal objective  1.534687417e+06
Set parameter TimeLimit to value 1.5020040059089661e+03
Gurobi Optimizer version 12.0.3 build v12.0.3rc0 (linux64 - "Ubuntu 24.04.4 LTS")

CPU model: Intel(R) Xeon(R) Gold 6258R CPU @ 2.70GHz, instruction set [SSE2|AVX|AVX2|AVX512]
Thread count: 56 physical cores, 56 logical processors, using up to 1 threads

Non-default parameters:
TimeLimit  1.5020040059089661e+03
Method  1
Seed  20260919
Threads  1

Optimize a model with 189 rows, 48469 columns and 1346480 nonzeros
Coefficient statistics:
  Matrix range     [1e+00, 1e+00]
  Objective range  [1e+05, 5e+05]
  Bounds range     [1e+00, 1e+00]
  RHS range        [1e+00, 8e+00]
LP warm-start: use basis

Iteration    Objective       Primal Inf.    Dual Inf.      Time
       0   -3.3445003e+37   1.997121e+33   3.344500e+07      0s
     123    1.5261008e+06   0.000000e+00   0.000000e+00      0s

Solved in 123 iterations and 0.14 seconds (0.20 work units)
Optimal objective  1.526100768e+06
Set parameter TimeLimit to value 1.4988276932239532e+03
Gurobi Optimizer version 12.0.3 build v12.0.3rc0 (linux64 - "Ubuntu 24.04.4 LTS")

CPU model: Intel(R) Xeon(R) Gold 6258R CPU @ 2.70GHz, instruction set [SSE2|AVX|AVX2|AVX512]
Thread count: 56 physical cores, 56 logical processors, using up to 1 threads

Non-default parameters:
TimeLimit  1.4988276932239532e+03
Method  1
Seed  20260919
Threads  1

Optimize a model with 189 rows, 48499 columns and 1347251 nonzeros
Coefficient statistics:
  Matrix range     [1e+00, 1e+00]
  Objective range  [1e+05, 5e+05]
  Bounds range     [1e+00, 1e+00]
  RHS range        [1e+00, 8e+00]
LP warm-start: use basis

Iteration    Objective       Primal Inf.    Dual Inf.      Time
       0   -2.7627797e+37   3.034675e+33   2.762780e+07      0s
      84    1.5238991e+06   0.000000e+00   0.000000e+00      0s

Solved in 84 iterations and 0.12 seconds (0.16 work units)
Optimal objective  1.523899053e+06
Set parameter TimeLimit to value 1.4956775701045990e+03
Gurobi Optimizer version 12.0.3 build v12.0.3rc0 (linux64 - "Ubuntu 24.04.4 LTS")

CPU model: Intel(R) Xeon(R) Gold 6258R CPU @ 2.70GHz, instruction set [SSE2|AVX|AVX2|AVX512]
Thread count: 56 physical cores, 56 logical processors, using up to 1 threads

Non-default parameters:
TimeLimit  1.4956775701045990e+03
Method  1
Seed  20260919
Threads  1

Optimize a model with 189 rows, 48529 columns and 1348058 nonzeros
Coefficient statistics:
  Matrix range     [1e+00, 1e+00]
  Objective range  [1e+05, 5e+05]
  Bounds range     [1e+00, 1e+00]
  RHS range        [1e+00, 8e+00]
LP warm-start: use basis

Iteration    Objective       Primal Inf.    Dual Inf.      Time
       0   -2.8631933e+37   1.035914e+33   2.863193e+07      0s
     125    1.5130703e+06   0.000000e+00   0.000000e+00      0s

Solved in 125 iterations and 0.15 seconds (0.21 work units)
Optimal objective  1.513070315e+06
Set parameter TimeLimit to value 1.4937513351440430e+03
Gurobi Optimizer version 12.0.3 build v12.0.3rc0 (linux64 - "Ubuntu 24.04.4 LTS")

CPU model: Intel(R) Xeon(R) Gold 6258R CPU @ 2.70GHz, instruction set [SSE2|AVX|AVX2|AVX512]
Thread count: 56 physical cores, 56 logical processors, using up to 1 threads

Non-default parameters:
TimeLimit  1.4937513351440430e+03
Method  1
Seed  20260919
Threads  1

Optimize a model with 189 rows, 48559 columns and 1348901 nonzeros
Coefficient statistics:
  Matrix range     [1e+00, 1e+00]
  Objective range  [1e+05, 5e+05]
  Bounds range     [1e+00, 1e+00]
  RHS range        [1e+00, 8e+00]
LP warm-start: use basis

Iteration    Objective       Primal Inf.    Dual Inf.      Time
       0   -3.0225134e+37   1.550914e+33   3.022513e+07      0s
     130    1.5022233e+06   0.000000e+00   0.000000e+00      0s

Solved in 130 iterations and 0.16 seconds (0.23 work units)
Optimal objective  1.502223275e+06
Set parameter TimeLimit to value 1.4903060293197632e+03
Gurobi Optimizer version 12.0.3 build v12.0.3rc0 (linux64 - "Ubuntu 24.04.4 LTS")

CPU model: Intel(R) Xeon(R) Gold 6258R CPU @ 2.70GHz, instruction set [SSE2|AVX|AVX2|AVX512]
Thread count: 56 physical cores, 56 logical processors, using up to 1 threads

Non-default parameters:
TimeLimit  1.4903060293197632e+03
Method  1
Seed  20260919
Threads  1

Optimize a model with 189 rows, 48589 columns and 1349704 nonzeros
Coefficient statistics:
  Matrix range     [1e+00, 1e+00]
  Objective range  [1e+05, 5e+05]
  Bounds range     [1e+00, 1e+00]
  RHS range        [1e+00, 8e+00]
LP warm-start: use basis

Iteration    Objective       Primal Inf.    Dual Inf.      Time
       0   -3.1963534e+37   2.068654e+33   3.196353e+07      0s
     187    1.4955930e+06   0.000000e+00   0.000000e+00      0s

Solved in 187 iterations and 0.20 seconds (0.31 work units)
Optimal objective  1.495592979e+06
Set parameter TimeLimit to value 1.4876516554355621e+03
Gurobi Optimizer version 12.0.3 build v12.0.3rc0 (linux64 - "Ubuntu 24.04.4 LTS")

CPU model: Intel(R) Xeon(R) Gold 6258R CPU @ 2.70GHz, instruction set [SSE2|AVX|AVX2|AVX512]
Thread count: 56 physical cores, 56 logical processors, using up to 1 threads

Non-default parameters:
TimeLimit  1.4876516554355621e+03
Method  1
Seed  20260919
Threads  1

Optimize a model with 189 rows, 48619 columns and 1350613 nonzeros
Coefficient statistics:
  Matrix range     [1e+00, 1e+00]
  Objective range  [1e+05, 5e+05]
  Bounds range     [1e+00, 1e+00]
  RHS range        [1e+00, 8e+00]
LP warm-start: use basis

Iteration    Objective       Primal Inf.    Dual Inf.      Time
       0   -2.7128218e+37   7.367613e+32   2.712822e+07      0s
     157    1.4858923e+06   0.000000e+00   0.000000e+00      0s

Solved in 157 iterations and 0.17 seconds (0.25 work units)
Optimal objective  1.485892313e+06
Set parameter TimeLimit to value 1.4858781507015228e+03
Gurobi Optimizer version 12.0.3 build v12.0.3rc0 (linux64 - "Ubuntu 24.04.4 LTS")

CPU model: Intel(R) Xeon(R) Gold 6258R CPU @ 2.70GHz, instruction set [SSE2|AVX|AVX2|AVX512]
Thread count: 56 physical cores, 56 logical processors, using up to 1 threads

Non-default parameters:
TimeLimit  1.4858781507015228e+03
Method  1
Seed  20260919
Threads  1

Optimize a model with 189 rows, 48649 columns and 1351602 nonzeros
Coefficient statistics:
  Matrix range     [1e+00, 1e+00]
  Objective range  [1e+05, 5e+05]
  Bounds range     [1e+00, 1e+00]
  RHS range        [1e+00, 8e+00]
LP warm-start: use basis

Iteration    Objective       Primal Inf.    Dual Inf.      Time
       0   -4.2073714e+37   1.110244e+33   4.207371e+07      0s
     195    1.4765127e+06   0.000000e+00   0.000000e+00      0s

Solved in 195 iterations and 0.20 seconds (0.31 work units)
Optimal objective  1.476512706e+06
Set parameter TimeLimit to value 1.4830187110900879e+03
Gurobi Optimizer version 12.0.3 build v12.0.3rc0 (linux64 - "Ubuntu 24.04.4 LTS")

CPU model: Intel(R) Xeon(R) Gold 6258R CPU @ 2.70GHz, instruction set [SSE2|AVX|AVX2|AVX512]
Thread count: 56 physical cores, 56 logical processors, using up to 1 threads

Non-default parameters:
TimeLimit  1.4830187110900879e+03
Method  1
Seed  20260919
Threads  1

Optimize a model with 189 rows, 48679 columns and 1352373 nonzeros
Coefficient statistics:
  Matrix range     [1e+00, 1e+00]
  Objective range  [1e+05, 5e+05]
  Bounds range     [1e+00, 1e+00]
  RHS range        [1e+00, 8e+00]
LP warm-start: use basis

Iteration    Objective       Primal Inf.    Dual Inf.      Time
       0   -3.0386196e+37   2.015769e+33   3.038620e+07      0s
     105    1.4707926e+06   0.000000e+00   0.000000e+00      0s

Solved in 105 iterations and 0.15 seconds (0.19 work units)
Optimal objective  1.470792585e+06
Set parameter TimeLimit to value 1.4773516280651093e+03
Gurobi Optimizer version 12.0.3 build v12.0.3rc0 (linux64 - "Ubuntu 24.04.4 LTS")

CPU model: Intel(R) Xeon(R) Gold 6258R CPU @ 2.70GHz, instruction set [SSE2|AVX|AVX2|AVX512]
Thread count: 56 physical cores, 56 logical processors, using up to 1 threads

Non-default parameters:
TimeLimit  1.4773516280651093e+03
Method  1
Seed  20260919
Threads  1

Optimize a model with 189 rows, 48709 columns and 1353259 nonzeros
Coefficient statistics:
  Matrix range     [1e+00, 1e+00]
  Objective range  [1e+05, 5e+05]
  Bounds range     [1e+00, 1e+00]
  RHS range        [1e+00, 8e+00]
LP warm-start: use basis

Iteration    Objective       Primal Inf.    Dual Inf.      Time
       0   -3.2362409e+37   2.443405e+33   3.236241e+07      0s
     164    1.4488062e+06   0.000000e+00   0.000000e+00      0s

Solved in 164 iterations and 0.18 seconds (0.28 work units)
Optimal objective  1.448806200e+06
Set parameter TimeLimit to value 1.4718506755828857e+03
Gurobi Optimizer version 12.0.3 build v12.0.3rc0 (linux64 - "Ubuntu 24.04.4 LTS")

CPU model: Intel(R) Xeon(R) Gold 6258R CPU @ 2.70GHz, instruction set [SSE2|AVX|AVX2|AVX512]
Thread count: 56 physical cores, 56 logical processors, using up to 1 threads

Non-default parameters:
TimeLimit  1.4718506755828857e+03
Method  1
Seed  20260919
Threads  1

Optimize a model with 189 rows, 48739 columns and 1354212 nonzeros
Coefficient statistics:
  Matrix range     [1e+00, 1e+00]
  Objective range  [1e+05, 5e+05]
  Bounds range     [1e+00, 1e+00]
  RHS range        [1e+00, 8e+00]
LP warm-start: use basis

Iteration    Objective       Primal Inf.    Dual Inf.      Time
       0   -2.6550963e+37   1.540562e+33   2.655096e+07      0s
     129    1.4308272e+06   0.000000e+00   0.000000e+00      0s

Solved in 129 iterations and 0.16 seconds (0.23 work units)
Optimal objective  1.430827212e+06
Set parameter TimeLimit to value 1.4682573409080505e+03
Gurobi Optimizer version 12.0.3 build v12.0.3rc0 (linux64 - "Ubuntu 24.04.4 LTS")

CPU model: Intel(R) Xeon(R) Gold 6258R CPU @ 2.70GHz, instruction set [SSE2|AVX|AVX2|AVX512]
Thread count: 56 physical cores, 56 logical processors, using up to 1 threads

Non-default parameters:
TimeLimit  1.4682573409080505e+03
Method  1
Seed  20260919
Threads  1

Optimize a model with 189 rows, 48769 columns and 1355040 nonzeros
Coefficient statistics:
  Matrix range     [1e+00, 1e+00]
  Objective range  [1e+05, 5e+05]
  Bounds range     [1e+00, 1e+00]
  RHS range        [1e+00, 8e+00]
LP warm-start: use basis

Iteration    Objective       Primal Inf.    Dual Inf.      Time
       0   -2.9494506e+37   1.376228e+33   2.949451e+07      0s
     178    1.4184545e+06   0.000000e+00   0.000000e+00      0s

Solved in 178 iterations and 0.19 seconds (0.31 work units)
Optimal objective  1.418454489e+06
Set parameter TimeLimit to value 1.4630086674690247e+03
Gurobi Optimizer version 12.0.3 build v12.0.3rc0 (linux64 - "Ubuntu 24.04.4 LTS")

CPU model: Intel(R) Xeon(R) Gold 6258R CPU @ 2.70GHz, instruction set [SSE2|AVX|AVX2|AVX512]
Thread count: 56 physical cores, 56 logical processors, using up to 1 threads

Non-default parameters:
TimeLimit  1.4630086674690247e+03
Method  1
Seed  20260919
Threads  1

Optimize a model with 189 rows, 48799 columns and 1355992 nonzeros
Coefficient statistics:
  Matrix range     [1e+00, 1e+00]
  Objective range  [1e+05, 5e+05]
  Bounds range     [1e+00, 1e+00]
  RHS range        [1e+00, 8e+00]
LP warm-start: use basis

Iteration    Objective       Primal Inf.    Dual Inf.      Time
       0   -2.7564483e+37   1.315648e+33   2.756448e+07      0s
     218    1.3754815e+06   0.000000e+00   0.000000e+00      0s

Solved in 218 iterations and 0.20 seconds (0.32 work units)
Optimal objective  1.375481538e+06
Set parameter TimeLimit to value 1.4599386363029480e+03
Gurobi Optimizer version 12.0.3 build v12.0.3rc0 (linux64 - "Ubuntu 24.04.4 LTS")

CPU model: Intel(R) Xeon(R) Gold 6258R CPU @ 2.70GHz, instruction set [SSE2|AVX|AVX2|AVX512]
Thread count: 56 physical cores, 56 logical processors, using up to 1 threads

Non-default parameters:
TimeLimit  1.4599386363029480e+03
Method  1
Seed  20260919
Threads  1

Optimize a model with 189 rows, 48829 columns and 1356885 nonzeros
Coefficient statistics:
  Matrix range     [1e+00, 1e+00]
  Objective range  [1e+05, 5e+05]
  Bounds range     [1e+00, 1e+00]
  RHS range        [1e+00, 8e+00]
LP warm-start: use basis

Iteration    Objective       Primal Inf.    Dual Inf.      Time
       0   -3.3105857e+37   1.420128e+33   3.310586e+07      0s
     179    1.3662367e+06   0.000000e+00   0.000000e+00      0s

Solved in 179 iterations and 0.19 seconds (0.28 work units)
Optimal objective  1.366236700e+06
Set parameter TimeLimit to value 1.4543260798454285e+03
Gurobi Optimizer version 12.0.3 build v12.0.3rc0 (linux64 - "Ubuntu 24.04.4 LTS")

CPU model: Intel(R) Xeon(R) Gold 6258R CPU @ 2.70GHz, instruction set [SSE2|AVX|AVX2|AVX512]
Thread count: 56 physical cores, 56 logical processors, using up to 1 threads

Non-default parameters:
TimeLimit  1.4543260798454285e+03
Method  1
Seed  20260919
Threads  1

Optimize a model with 189 rows, 48859 columns and 1357742 nonzeros
Coefficient statistics:
  Matrix range     [1e+00, 1e+00]
  Objective range  [1e+05, 5e+05]
  Bounds range     [1e+00, 1e+00]
  RHS range        [1e+00, 8e+00]
LP warm-start: use basis

Iteration    Objective       Primal Inf.    Dual Inf.      Time
       0   -2.3540897e+37   7.480773e+32   2.354090e+07      0s
     103    1.3552977e+06   0.000000e+00   0.000000e+00      0s

Solved in 103 iterations and 0.14 seconds (0.20 work units)
Optimal objective  1.355297719e+06
Set parameter TimeLimit to value 1.4489601941108704e+03
Gurobi Optimizer version 12.0.3 build v12.0.3rc0 (linux64 - "Ubuntu 24.04.4 LTS")

CPU model: Intel(R) Xeon(R) Gold 6258R CPU @ 2.70GHz, instruction set [SSE2|AVX|AVX2|AVX512]
Thread count: 56 physical cores, 56 logical processors, using up to 1 threads

Non-default parameters:
TimeLimit  1.4489601941108704e+03
Method  1
Seed  20260919
Threads  1

Optimize a model with 189 rows, 48889 columns and 1358629 nonzeros
Coefficient statistics:
  Matrix range     [1e+00, 1e+00]
  Objective range  [1e+05, 5e+05]
  Bounds range     [1e+00, 1e+00]
  RHS range        [1e+00, 8e+00]
LP warm-start: use basis

Iteration    Objective       Primal Inf.    Dual Inf.      Time
       0   -2.7587521e+37   8.835992e+32   2.758752e+07      0s
     131    1.3197233e+06   0.000000e+00   0.000000e+00      0s

Solved in 131 iterations and 0.15 seconds (0.21 work units)
Optimal objective  1.319723318e+06
Set parameter TimeLimit to value 1.4466371452808380e+03
Gurobi Optimizer version 12.0.3 build v12.0.3rc0 (linux64 - "Ubuntu 24.04.4 LTS")

CPU model: Intel(R) Xeon(R) Gold 6258R CPU @ 2.70GHz, instruction set [SSE2|AVX|AVX2|AVX512]
Thread count: 56 physical cores, 56 logical processors, using up to 1 threads

Non-default parameters:
TimeLimit  1.4466371452808380e+03
Method  1
Seed  20260919
Threads  1

Optimize a model with 189 rows, 48919 columns and 1359522 nonzeros
Coefficient statistics:
  Matrix range     [1e+00, 1e+00]
  Objective range  [1e+05, 5e+05]
  Bounds range     [1e+00, 1e+00]
  RHS range        [1e+00, 8e+00]
LP warm-start: use basis

Iteration    Objective       Primal Inf.    Dual Inf.      Time
       0   -3.2125892e+37   1.484106e+33   3.212589e+07      0s
     135    1.3144270e+06   0.000000e+00   0.000000e+00      0s

Solved in 135 iterations and 0.15 seconds (0.22 work units)
Optimal objective  1.314426961e+06
Set parameter TimeLimit to value 1.4431718332767487e+03
Gurobi Optimizer version 12.0.3 build v12.0.3rc0 (linux64 - "Ubuntu 24.04.4 LTS")

CPU model: Intel(R) Xeon(R) Gold 6258R CPU @ 2.70GHz, instruction set [SSE2|AVX|AVX2|AVX512]
Thread count: 56 physical cores, 56 logical processors, using up to 1 threads

Non-default parameters:
TimeLimit  1.4431718332767487e+03
Method  1
Seed  20260919
Threads  1

Optimize a model with 189 rows, 48949 columns and 1360396 nonzeros
Coefficient statistics:
  Matrix range     [1e+00, 1e+00]
  Objective range  [1e+05, 5e+05]
  Bounds range     [1e+00, 1e+00]
  RHS range        [1e+00, 8e+00]
LP warm-start: use basis

Iteration    Objective       Primal Inf.    Dual Inf.      Time
       0   -2.9037091e+37   9.028913e+32   2.903709e+07      0s
     139    1.3049678e+06   0.000000e+00   0.000000e+00      0s

Solved in 139 iterations and 0.16 seconds (0.23 work units)
Optimal objective  1.304967754e+06
Set parameter TimeLimit to value 1.4402237410545349e+03
Gurobi Optimizer version 12.0.3 build v12.0.3rc0 (linux64 - "Ubuntu 24.04.4 LTS")

CPU model: Intel(R) Xeon(R) Gold 6258R CPU @ 2.70GHz, instruction set [SSE2|AVX|AVX2|AVX512]
Thread count: 56 physical cores, 56 logical processors, using up to 1 threads

Non-default parameters:
TimeLimit  1.4402237410545349e+03
Method  1
Seed  20260919
Threads  1

Optimize a model with 189 rows, 48979 columns and 1361300 nonzeros
Coefficient statistics:
  Matrix range     [1e+00, 1e+00]
  Objective range  [1e+05, 5e+05]
  Bounds range     [1e+00, 1e+00]
  RHS range        [1e+00, 8e+00]
LP warm-start: use basis

Iteration    Objective       Primal Inf.    Dual Inf.      Time
       0   -2.0328386e+37   1.504648e+33   2.032839e+07      0s
     175    1.2993380e+06   0.000000e+00   0.000000e+00      0s

Solved in 175 iterations and 0.18 seconds (0.29 work units)
Optimal objective  1.299337965e+06
Set parameter TimeLimit to value 1.4363640594482422e+03
Gurobi Optimizer version 12.0.3 build v12.0.3rc0 (linux64 - "Ubuntu 24.04.4 LTS")

CPU model: Intel(R) Xeon(R) Gold 6258R CPU @ 2.70GHz, instruction set [SSE2|AVX|AVX2|AVX512]
Thread count: 56 physical cores, 56 logical processors, using up to 1 threads

Non-default parameters:
TimeLimit  1.4363640594482422e+03
Method  1
Seed  20260919
Threads  1

Optimize a model with 189 rows, 49009 columns and 1362222 nonzeros
Coefficient statistics:
  Matrix range     [1e+00, 1e+00]
  Objective range  [1e+05, 5e+05]
  Bounds range     [1e+00, 1e+00]
  RHS range        [1e+00, 8e+00]
LP warm-start: use basis

Iteration    Objective       Primal Inf.    Dual Inf.      Time
       0   -3.2164852e+37   9.093907e+32   3.216485e+07      0s
     195    1.2914228e+06   0.000000e+00   0.000000e+00      0s

Solved in 195 iterations and 0.20 seconds (0.33 work units)
Optimal objective  1.291422822e+06
Set parameter TimeLimit to value 1.4316040728092194e+03
Gurobi Optimizer version 12.0.3 build v12.0.3rc0 (linux64 - "Ubuntu 24.04.4 LTS")

CPU model: Intel(R) Xeon(R) Gold 6258R CPU @ 2.70GHz, instruction set [SSE2|AVX|AVX2|AVX512]
Thread count: 56 physical cores, 56 logical processors, using up to 1 threads

Non-default parameters:
TimeLimit  1.4316040728092194e+03
Method  1
Seed  20260919
Threads  1

Optimize a model with 189 rows, 49039 columns and 1363113 nonzeros
Coefficient statistics:
  Matrix range     [1e+00, 1e+00]
  Objective range  [1e+05, 5e+05]
  Bounds range     [1e+00, 1e+00]
  RHS range        [1e+00, 8e+00]
LP warm-start: use basis

Iteration    Objective       Primal Inf.    Dual Inf.      Time
       0   -3.0512297e+37   1.380344e+33   3.051230e+07      0s
     121    1.2862076e+06   0.000000e+00   0.000000e+00      0s

Solved in 121 iterations and 0.15 seconds (0.22 work units)
Optimal objective  1.286207585e+06
Set parameter TimeLimit to value 1.4313602836132050e+03
Gurobi Optimizer version 12.0.3 build v12.0.3rc0 (linux64 - "Ubuntu 24.04.4 LTS")

CPU model: Intel(R) Xeon(R) Gold 6258R CPU @ 2.70GHz, instruction set [SSE2|AVX|AVX2|AVX512]
Thread count: 56 physical cores, 56 logical processors, using up to 1 threads

Non-default parameters:
TimeLimit  1.4313602836132050e+03
Method  1
Seed  20260919
Threads  1

Optimize a model with 189 rows, 49039 columns and 1363113 nonzeros
Coefficient statistics:
  Matrix range     [1e+00, 1e+00]
  Objective range  [1e+05, 5e+05]
  Bounds range     [1e+00, 1e+00]
  RHS range        [1e+00, 8e+00]

Iteration    Objective       Primal Inf.    Dual Inf.      Time
       0   -1.3271568e+07   3.427044e+02   0.000000e+00      0s
    2220    1.4689443e+06   0.000000e+00   0.000000e+00      3s

Solved in 2220 iterations and 2.71 seconds (6.47 work units)
Optimal objective  1.468944276e+06
Set parameter TimeLimit to value 1.4255333850383759e+03
Gurobi Optimizer version 12.0.3 build v12.0.3rc0 (linux64 - "Ubuntu 24.04.4 LTS")

CPU model: Intel(R) Xeon(R) Gold 6258R CPU @ 2.70GHz, instruction set [SSE2|AVX|AVX2|AVX512]
Thread count: 56 physical cores, 56 logical processors, using up to 1 threads

Non-default parameters:
TimeLimit  1.4255333850383759e+03
Method  1
Seed  20260919
Threads  1

Optimize a model with 189 rows, 49069 columns and 1364125 nonzeros
Coefficient statistics:
  Matrix range     [1e+00, 1e+00]
  Objective range  [1e+05, 5e+05]
  Bounds range     [1e+00, 1e+00]
  RHS range        [1e+00, 8e+00]
LP warm-start: use basis

Iteration    Objective       Primal Inf.    Dual Inf.      Time
       0   -5.5767913e+37   4.753722e+33   5.576791e+07      0s
     257    1.4393978e+06   0.000000e+00   0.000000e+00      0s

Solved in 257 iterations and 0.34 seconds (0.64 work units)
Optimal objective  1.439397785e+06
Set parameter TimeLimit to value 1.4206601040363312e+03
Gurobi Optimizer version 12.0.3 build v12.0.3rc0 (linux64 - "Ubuntu 24.04.4 LTS")

CPU model: Intel(R) Xeon(R) Gold 6258R CPU @ 2.70GHz, instruction set [SSE2|AVX|AVX2|AVX512]
Thread count: 56 physical cores, 56 logical processors, using up to 1 threads

Non-default parameters:
TimeLimit  1.4206601040363312e+03
Method  1
Seed  20260919
Threads  1

Optimize a model with 189 rows, 49099 columns and 1365192 nonzeros
Coefficient statistics:
  Matrix range     [1e+00, 1e+00]
  Objective range  [1e+05, 5e+05]
  Bounds range     [1e+00, 1e+00]
  RHS range        [1e+00, 8e+00]
LP warm-start: use basis

Iteration    Objective       Primal Inf.    Dual Inf.      Time
       0   -4.5082142e+37   2.712725e+33   4.508214e+07      0s
     446    1.3810847e+06   0.000000e+00   0.000000e+00      1s

Solved in 446 iterations and 0.55 seconds (1.13 work units)
Optimal objective  1.381084706e+06
Set parameter TimeLimit to value 1.4168022978305817e+03
Gurobi Optimizer version 12.0.3 build v12.0.3rc0 (linux64 - "Ubuntu 24.04.4 LTS")

CPU model: Intel(R) Xeon(R) Gold 6258R CPU @ 2.70GHz, instruction set [SSE2|AVX|AVX2|AVX512]
Thread count: 56 physical cores, 56 logical processors, using up to 1 threads

Non-default parameters:
TimeLimit  1.4168022978305817e+03
Method  1
Seed  20260919
Threads  1

Optimize a model with 189 rows, 49129 columns and 1366186 nonzeros
Coefficient statistics:
  Matrix range     [1e+00, 1e+00]
  Objective range  [1e+05, 5e+05]
  Bounds range     [1e+00, 1e+00]
  RHS range        [1e+00, 8e+00]
LP warm-start: use basis

Iteration    Objective       Primal Inf.    Dual Inf.      Time
       0   -3.8445479e+37   1.691460e+33   3.844548e+07      0s
     360    1.3501251e+06   0.000000e+00   0.000000e+00      0s

Solved in 360 iterations and 0.45 seconds (0.90 work units)
Optimal objective  1.350125108e+06
Set parameter TimeLimit to value 1.4136663472652435e+03
Gurobi Optimizer version 12.0.3 build v12.0.3rc0 (linux64 - "Ubuntu 24.04.4 LTS")

CPU model: Intel(R) Xeon(R) Gold 6258R CPU @ 2.70GHz, instruction set [SSE2|AVX|AVX2|AVX512]
Thread count: 56 physical cores, 56 logical processors, using up to 1 threads

Non-default parameters:
TimeLimit  1.4136663472652435e+03
Method  1
Seed  20260919
Threads  1

Optimize a model with 189 rows, 49159 columns and 1367117 nonzeros
Coefficient statistics:
  Matrix range     [1e+00, 1e+00]
  Objective range  [1e+05, 5e+05]
  Bounds range     [1e+00, 1e+00]
  RHS range        [1e+00, 8e+00]
LP warm-start: use basis

Iteration    Objective       Primal Inf.    Dual Inf.      Time
       0   -3.7544549e+37   2.466725e+33   3.754455e+07      0s
     731    1.3391003e+06   0.000000e+00   0.000000e+00      1s

Solved in 731 iterations and 0.87 seconds (1.92 work units)
Optimal objective  1.339100340e+06
Set parameter TimeLimit to value 1.4093812084197998e+03
Gurobi Optimizer version 12.0.3 build v12.0.3rc0 (linux64 - "Ubuntu 24.04.4 LTS")

CPU model: Intel(R) Xeon(R) Gold 6258R CPU @ 2.70GHz, instruction set [SSE2|AVX|AVX2|AVX512]
Thread count: 56 physical cores, 56 logical processors, using up to 1 threads

Non-default parameters:
TimeLimit  1.4093812084197998e+03
Method  1
Seed  20260919
Threads  1

Optimize a model with 189 rows, 49189 columns and 1368138 nonzeros
Coefficient statistics:
  Matrix range     [1e+00, 1e+00]
  Objective range  [1e+05, 5e+05]
  Bounds range     [1e+00, 1e+00]
  RHS range        [1e+00, 8e+00]
LP warm-start: use basis

Iteration    Objective       Primal Inf.    Dual Inf.      Time
       0   -3.2320400e+37   2.462262e+33   3.232040e+07      0s
     304    1.3022892e+06   0.000000e+00   0.000000e+00      0s

Solved in 304 iterations and 0.40 seconds (0.79 work units)
Optimal objective  1.302289205e+06
Set parameter TimeLimit to value 1406.70490193367
Gurobi Optimizer version 12.0.3 build v12.0.3rc0 (linux64 - "Ubuntu 24.04.4 LTS")

CPU model: Intel(R) Xeon(R) Gold 6258R CPU @ 2.70GHz, instruction set [SSE2|AVX|AVX2|AVX512]
Thread count: 56 physical cores, 56 logical processors, using up to 1 threads

Non-default parameters:
TimeLimit  1406.70490193367
Method  1
Seed  20260919
Threads  1

Optimize a model with 189 rows, 49219 columns and 1369287 nonzeros
Coefficient statistics:
  Matrix range     [1e+00, 1e+00]
  Objective range  [1e+05, 5e+05]
  Bounds range     [1e+00, 1e+00]
  RHS range        [1e+00, 8e+00]
LP warm-start: use basis

Iteration    Objective       Primal Inf.    Dual Inf.      Time
       0   -3.5502329e+37   2.341967e+33   3.550233e+07      0s
     449    1.1616314e+06   0.000000e+00   0.000000e+00      1s

Solved in 449 iterations and 0.55 seconds (1.13 work units)
Optimal objective  1.161631357e+06
Set parameter TimeLimit to value 1.4015506711006165e+03
Gurobi Optimizer version 12.0.3 build v12.0.3rc0 (linux64 - "Ubuntu 24.04.4 LTS")

CPU model: Intel(R) Xeon(R) Gold 6258R CPU @ 2.70GHz, instruction set [SSE2|AVX|AVX2|AVX512]
Thread count: 56 physical cores, 56 logical processors, using up to 1 threads

Non-default parameters:
TimeLimit  1.4015506711006165e+03
Method  1
Seed  20260919
Threads  1

Optimize a model with 189 rows, 49249 columns and 1370310 nonzeros
Coefficient statistics:
  Matrix range     [1e+00, 1e+00]
  Objective range  [1e+05, 5e+05]
  Bounds range     [1e+00, 1e+00]
  RHS range        [1e+00, 8e+00]
LP warm-start: use basis

Iteration    Objective       Primal Inf.    Dual Inf.      Time
       0   -3.5884023e+37   6.168561e+33   3.588402e+07      0s
     189    1.1439116e+06   0.000000e+00   0.000000e+00      0s

Solved in 189 iterations and 0.27 seconds (0.48 work units)
Optimal objective  1.143911571e+06
Set parameter TimeLimit to value 1.3984179365634918e+03
Gurobi Optimizer version 12.0.3 build v12.0.3rc0 (linux64 - "Ubuntu 24.04.4 LTS")

CPU model: Intel(R) Xeon(R) Gold 6258R CPU @ 2.70GHz, instruction set [SSE2|AVX|AVX2|AVX512]
Thread count: 56 physical cores, 56 logical processors, using up to 1 threads

Non-default parameters:
TimeLimit  1.3984179365634918e+03
Method  1
Seed  20260919
Threads  1

Optimize a model with 189 rows, 49279 columns and 1371288 nonzeros
Coefficient statistics:
  Matrix range     [1e+00, 1e+00]
  Objective range  [1e+05, 5e+05]
  Bounds range     [1e+00, 1e+00]
  RHS range        [1e+00, 8e+00]
LP warm-start: use basis

Iteration    Objective       Primal Inf.    Dual Inf.      Time
       0   -3.0322974e+37   5.149394e+33   3.032297e+07      0s
     333    1.1217396e+06   0.000000e+00   0.000000e+00      0s

Solved in 333 iterations and 0.41 seconds (0.82 work units)
Optimal objective  1.121739606e+06
Set parameter TimeLimit to value 1.3928803079128265e+03
Gurobi Optimizer version 12.0.3 build v12.0.3rc0 (linux64 - "Ubuntu 24.04.4 LTS")

CPU model: Intel(R) Xeon(R) Gold 6258R CPU @ 2.70GHz, instruction set [SSE2|AVX|AVX2|AVX512]
Thread count: 56 physical cores, 56 logical processors, using up to 1 threads

Non-default parameters:
TimeLimit  1.3928803079128265e+03
Method  1
Seed  20260919
Threads  1

Optimize a model with 189 rows, 49309 columns and 1372250 nonzeros
Coefficient statistics:
  Matrix range     [1e+00, 1e+00]
  Objective range  [1e+05, 5e+05]
  Bounds range     [1e+00, 1e+00]
  RHS range        [1e+00, 8e+00]
LP warm-start: use basis

Iteration    Objective       Primal Inf.    Dual Inf.      Time
       0   -2.4759329e+37   2.546557e+33   2.475933e+07      0s
     432    1.0828600e+06   0.000000e+00   0.000000e+00      1s

Solved in 432 iterations and 0.53 seconds (1.08 work units)
Optimal objective  1.082860018e+06
Set parameter TimeLimit to value 1.3889810671806335e+03
Gurobi Optimizer version 12.0.3 build v12.0.3rc0 (linux64 - "Ubuntu 24.04.4 LTS")

CPU model: Intel(R) Xeon(R) Gold 6258R CPU @ 2.70GHz, instruction set [SSE2|AVX|AVX2|AVX512]
Thread count: 56 physical cores, 56 logical processors, using up to 1 threads

Non-default parameters:
TimeLimit  1.3889810671806335e+03
Method  1
Seed  20260919
Threads  1

Optimize a model with 189 rows, 49339 columns and 1373146 nonzeros
Coefficient statistics:
  Matrix range     [1e+00, 1e+00]
  Objective range  [1e+05, 5e+05]
  Bounds range     [1e+00, 1e+00]
  RHS range        [1e+00, 8e+00]
LP warm-start: use basis

Iteration    Objective       Primal Inf.    Dual Inf.      Time
       0   -2.2200890e+37   2.572742e+33   2.220089e+07      0s
     626    1.0424372e+06   0.000000e+00   0.000000e+00      1s

Solved in 626 iterations and 0.68 seconds (1.45 work units)
Optimal objective  1.042437205e+06
Set parameter TimeLimit to value 1.3839496150016785e+03
Gurobi Optimizer version 12.0.3 build v12.0.3rc0 (linux64 - "Ubuntu 24.04.4 LTS")

CPU model: Intel(R) Xeon(R) Gold 6258R CPU @ 2.70GHz, instruction set [SSE2|AVX|AVX2|AVX512]
Thread count: 56 physical cores, 56 logical processors, using up to 1 threads

Non-default parameters:
TimeLimit  1.3839496150016785e+03
Method  1
Seed  20260919
Threads  1

Optimize a model with 189 rows, 49369 columns and 1374019 nonzeros
Coefficient statistics:
  Matrix range     [1e+00, 1e+00]
  Objective range  [1e+05, 5e+05]
  Bounds range     [1e+00, 1e+00]
  RHS range        [1e+00, 8e+00]
LP warm-start: use basis

Iteration    Objective       Primal Inf.    Dual Inf.      Time
       0   -2.2207067e+37   6.123816e+33   2.220707e+07      0s
     332    1.0354216e+06   0.000000e+00   0.000000e+00      0s

Solved in 332 iterations and 0.40 seconds (0.79 work units)
Optimal objective  1.035421582e+06
Set parameter TimeLimit to value 1.3805297443866730e+03
Gurobi Optimizer version 12.0.3 build v12.0.3rc0 (linux64 - "Ubuntu 24.04.4 LTS")

CPU model: Intel(R) Xeon(R) Gold 6258R CPU @ 2.70GHz, instruction set [SSE2|AVX|AVX2|AVX512]
Thread count: 56 physical cores, 56 logical processors, using up to 1 threads

Non-default parameters:
TimeLimit  1.3805297443866730e+03
Method  1
Seed  20260919
Threads  1

Optimize a model with 189 rows, 49399 columns and 1374918 nonzeros
Coefficient statistics:
  Matrix range     [1e+00, 1e+00]
  Objective range  [1e+05, 5e+05]
  Bounds range     [1e+00, 1e+00]
  RHS range        [1e+00, 8e+00]
LP warm-start: use basis

Iteration    Objective       Primal Inf.    Dual Inf.      Time
       0   -2.0189268e+37   8.207461e+33   2.018927e+07      0s
      89    1.0354216e+06   0.000000e+00   0.000000e+00      0s

Solved in 89 iterations and 0.17 seconds (0.25 work units)
Optimal objective  1.035421582e+06
Set parameter TimeLimit to value 1.3777302517890930e+03
Gurobi Optimizer version 12.0.3 build v12.0.3rc0 (linux64 - "Ubuntu 24.04.4 LTS")

CPU model: Intel(R) Xeon(R) Gold 6258R CPU @ 2.70GHz, instruction set [SSE2|AVX|AVX2|AVX512]
Thread count: 56 physical cores, 56 logical processors, using up to 1 threads

Non-default parameters:
TimeLimit  1.3777302517890930e+03
Method  1
Seed  20260919
Threads  1

Optimize a model with 189 rows, 49429 columns and 1375816 nonzeros
Coefficient statistics:
  Matrix range     [1e+00, 1e+00]
  Objective range  [1e+05, 5e+05]
  Bounds range     [1e+00, 1e+00]
  RHS range        [1e+00, 8e+00]
LP warm-start: use basis

Iteration    Objective       Primal Inf.    Dual Inf.      Time
       0   -1.7309773e+37   1.085885e+34   1.730977e+07      0s
     293    1.0354216e+06   0.000000e+00   0.000000e+00      0s

Solved in 293 iterations and 0.38 seconds (0.75 work units)
Optimal objective  1.035421582e+06
Set parameter TimeLimit to value 1.3736390550136566e+03
Gurobi Optimizer version 12.0.3 build v12.0.3rc0 (linux64 - "Ubuntu 24.04.4 LTS")

CPU model: Intel(R) Xeon(R) Gold 6258R CPU @ 2.70GHz, instruction set [SSE2|AVX|AVX2|AVX512]
Thread count: 56 physical cores, 56 logical processors, using up to 1 threads

Non-default parameters:
TimeLimit  1.3736390550136566e+03
Method  1
Seed  20260919
Threads  1

Optimize a model with 189 rows, 49459 columns and 1376783 nonzeros
Coefficient statistics:
  Matrix range     [1e+00, 1e+00]
  Objective range  [1e+05, 5e+05]
  Bounds range     [1e+00, 1e+00]
  RHS range        [1e+00, 8e+00]
LP warm-start: use basis

Iteration    Objective       Primal Inf.    Dual Inf.      Time
       0   -1.6103092e+37   4.533694e+33   1.610309e+07      0s
     479    1.0058884e+06   0.000000e+00   0.000000e+00      1s

Solved in 479 iterations and 0.58 seconds (1.23 work units)
Optimal objective  1.005888437e+06
Set parameter TimeLimit to value 1.3696738860607147e+03
Gurobi Optimizer version 12.0.3 build v12.0.3rc0 (linux64 - "Ubuntu 24.04.4 LTS")

CPU model: Intel(R) Xeon(R) Gold 6258R CPU @ 2.70GHz, instruction set [SSE2|AVX|AVX2|AVX512]
Thread count: 56 physical cores, 56 logical processors, using up to 1 threads

Non-default parameters:
TimeLimit  1.3696738860607147e+03
Method  1
Seed  20260919
Threads  1

Optimize a model with 189 rows, 49489 columns and 1377821 nonzeros
Coefficient statistics:
  Matrix range     [1e+00, 1e+00]
  Objective range  [1e+05, 5e+05]
  Bounds range     [1e+00, 1e+00]
  RHS range        [1e+00, 8e+00]
LP warm-start: use basis

Iteration    Objective       Primal Inf.    Dual Inf.      Time
       0   -1.9588208e+37   4.353241e+33   1.958821e+07      0s
      64    1.0058595e+06   0.000000e+00   0.000000e+00      0s

Solved in 64 iterations and 0.13 seconds (0.16 work units)
Optimal objective  1.005859469e+06
Set parameter TimeLimit to value 1.3662197253704071e+03
Gurobi Optimizer version 12.0.3 build v12.0.3rc0 (linux64 - "Ubuntu 24.04.4 LTS")

CPU model: Intel(R) Xeon(R) Gold 6258R CPU @ 2.70GHz, instruction set [SSE2|AVX|AVX2|AVX512]
Thread count: 56 physical cores, 56 logical processors, using up to 1 threads

Non-default parameters:
TimeLimit  1.3662197253704071e+03
Method  1
Seed  20260919
Threads  1

Optimize a model with 189 rows, 49519 columns and 1378921 nonzeros
Coefficient statistics:
  Matrix range     [1e+00, 1e+00]
  Objective range  [1e+05, 5e+05]
  Bounds range     [1e+00, 1e+00]
  RHS range        [1e+00, 8e+00]
LP warm-start: use basis

Iteration    Objective       Primal Inf.    Dual Inf.      Time
       0   -1.7760728e+37   1.238520e+34   1.776073e+07      0s
     397    9.9867331e+05   0.000000e+00   0.000000e+00      1s

Solved in 397 iterations and 0.51 seconds (1.06 work units)
Optimal objective  9.986733123e+05
Set parameter TimeLimit to value 1.3611835334300995e+03
Gurobi Optimizer version 12.0.3 build v12.0.3rc0 (linux64 - "Ubuntu 24.04.4 LTS")

CPU model: Intel(R) Xeon(R) Gold 6258R CPU @ 2.70GHz, instruction set [SSE2|AVX|AVX2|AVX512]
Thread count: 56 physical cores, 56 logical processors, using up to 1 threads

Non-default parameters:
TimeLimit  1.3611835334300995e+03
Method  1
Seed  20260919
Threads  1

Optimize a model with 189 rows, 49549 columns and 1379932 nonzeros
Coefficient statistics:
  Matrix range     [1e+00, 1e+00]
  Objective range  [1e+05, 5e+05]
  Bounds range     [1e+00, 1e+00]
  RHS range        [1e+00, 8e+00]
LP warm-start: use basis

Iteration    Objective       Primal Inf.    Dual Inf.      Time
       0   -1.3529646e+37   5.291775e+33   1.352965e+07      0s
      87    9.9867331e+05   0.000000e+00   0.000000e+00      0s

Solved in 87 iterations and 0.16 seconds (0.23 work units)
Optimal objective  9.986733123e+05
Set parameter TimeLimit to value 1.3564210636615753e+03
Gurobi Optimizer version 12.0.3 build v12.0.3rc0 (linux64 - "Ubuntu 24.04.4 LTS")

CPU model: Intel(R) Xeon(R) Gold 6258R CPU @ 2.70GHz, instruction set [SSE2|AVX|AVX2|AVX512]
Thread count: 56 physical cores, 56 logical processors, using up to 1 threads

Non-default parameters:
TimeLimit  1.3564210636615753e+03
Method  1
Seed  20260919
Threads  1

Optimize a model with 189 rows, 49579 columns and 1380943 nonzeros
Coefficient statistics:
  Matrix range     [1e+00, 1e+00]
  Objective range  [1e+05, 5e+05]
  Bounds range     [1e+00, 1e+00]
  RHS range        [1e+00, 8e+00]
LP warm-start: use basis

Iteration    Objective       Primal Inf.    Dual Inf.      Time
       0   -1.3372067e+37   6.461050e+33   1.337207e+07      0s
     730    9.8032925e+05   0.000000e+00   0.000000e+00      1s

Solved in 730 iterations and 0.87 seconds (1.90 work units)
Optimal objective  9.803292514e+05
Set parameter TimeLimit to value 1.3519293289184570e+03
Gurobi Optimizer version 12.0.3 build v12.0.3rc0 (linux64 - "Ubuntu 24.04.4 LTS")

CPU model: Intel(R) Xeon(R) Gold 6258R CPU @ 2.70GHz, instruction set [SSE2|AVX|AVX2|AVX512]
Thread count: 56 physical cores, 56 logical processors, using up to 1 threads

Non-default parameters:
TimeLimit  1.3519293289184570e+03
Method  1
Seed  20260919
Threads  1

Optimize a model with 189 rows, 49609 columns and 1381946 nonzeros
Coefficient statistics:
  Matrix range     [1e+00, 1e+00]
  Objective range  [1e+05, 5e+05]
  Bounds range     [1e+00, 1e+00]
  RHS range        [1e+00, 8e+00]
LP warm-start: use basis

Iteration    Objective       Primal Inf.    Dual Inf.      Time
       0   -1.5830838e+37   1.603513e+33   1.583084e+07      0s
     442    9.7689398e+05   0.000000e+00   0.000000e+00      1s

Solved in 442 iterations and 0.53 seconds (1.11 work units)
Optimal objective  9.768939782e+05
Set parameter TimeLimit to value 1.3483519122600555e+03
Gurobi Optimizer version 12.0.3 build v12.0.3rc0 (linux64 - "Ubuntu 24.04.4 LTS")

CPU model: Intel(R) Xeon(R) Gold 6258R CPU @ 2.70GHz, instruction set [SSE2|AVX|AVX2|AVX512]
Thread count: 56 physical cores, 56 logical processors, using up to 1 threads

Non-default parameters:
TimeLimit  1.3483519122600555e+03
Method  1
Seed  20260919
Threads  1

Optimize a model with 189 rows, 49639 columns and 1382926 nonzeros
Coefficient statistics:
  Matrix range     [1e+00, 1e+00]
  Objective range  [1e+05, 5e+05]
  Bounds range     [1e+00, 1e+00]
  RHS range        [1e+00, 8e+00]
LP warm-start: use basis

Iteration    Objective       Primal Inf.    Dual Inf.      Time
       0   -1.5595993e+37   4.409625e+33   1.559599e+07      0s
     396    9.6573513e+05   0.000000e+00   0.000000e+00      0s

Solved in 396 iterations and 0.47 seconds (0.96 work units)
Optimal objective  9.657351271e+05
Set parameter TimeLimit to value 1.3463914394378662e+03
Gurobi Optimizer version 12.0.3 build v12.0.3rc0 (linux64 - "Ubuntu 24.04.4 LTS")

CPU model: Intel(R) Xeon(R) Gold 6258R CPU @ 2.70GHz, instruction set [SSE2|AVX|AVX2|AVX512]
Thread count: 56 physical cores, 56 logical processors, using up to 1 threads

Non-default parameters:
TimeLimit  1.3463914394378662e+03
Method  1
Seed  20260919
Threads  1

Optimize a model with 189 rows, 49669 columns and 1383852 nonzeros
Coefficient statistics:
  Matrix range     [1e+00, 1e+00]
  Objective range  [1e+05, 5e+05]
  Bounds range     [1e+00, 1e+00]
  RHS range        [1e+00, 8e+00]
LP warm-start: use basis

Iteration    Objective       Primal Inf.    Dual Inf.      Time
       0   -1.9496048e+37   4.496994e+33   1.949605e+07      0s
      13    9.6573513e+05   0.000000e+00   0.000000e+00      0s

Solved in 13 iterations and 0.09 seconds (0.04 work units)
Optimal objective  9.657351271e+05
Set parameter TimeLimit to value 1.3448172662258148e+03
Gurobi Optimizer version 12.0.3 build v12.0.3rc0 (linux64 - "Ubuntu 24.04.4 LTS")

CPU model: Intel(R) Xeon(R) Gold 6258R CPU @ 2.70GHz, instruction set [SSE2|AVX|AVX2|AVX512]
Thread count: 56 physical cores, 56 logical processors, using up to 1 threads

Non-default parameters:
TimeLimit  1.3448172662258148e+03
Method  1
Seed  20260919
Threads  1

Optimize a model with 189 rows, 49699 columns and 1384783 nonzeros
Coefficient statistics:
  Matrix range     [1e+00, 1e+00]
  Objective range  [1e+05, 5e+05]
  Bounds range     [1e+00, 1e+00]
  RHS range        [1e+00, 8e+00]
LP warm-start: use basis

Iteration    Objective       Primal Inf.    Dual Inf.      Time
       0   -1.4190980e+37   4.780469e+33   1.419098e+07      0s
     119    9.6573513e+05   0.000000e+00   0.000000e+00      0s

Solved in 119 iterations and 0.19 seconds (0.29 work units)
Optimal objective  9.657351271e+05
Set parameter TimeLimit to value 1.3431662497520447e+03
Gurobi Optimizer version 12.0.3 build v12.0.3rc0 (linux64 - "Ubuntu 24.04.4 LTS")

CPU model: Intel(R) Xeon(R) Gold 6258R CPU @ 2.70GHz, instruction set [SSE2|AVX|AVX2|AVX512]
Thread count: 56 physical cores, 56 logical processors, using up to 1 threads

Non-default parameters:
TimeLimit  1.3431662497520447e+03
Method  1
Seed  20260919
Threads  1

Optimize a model with 189 rows, 49729 columns and 1385776 nonzeros
Coefficient statistics:
  Matrix range     [1e+00, 1e+00]
  Objective range  [1e+05, 5e+05]
  Bounds range     [1e+00, 1e+00]
  RHS range        [1e+00, 8e+00]
LP warm-start: use basis

Iteration    Objective       Primal Inf.    Dual Inf.      Time
       0   -1.4190964e+37   4.791595e+33   1.419096e+07      0s
     898    9.4794488e+05   0.000000e+00   0.000000e+00      1s

Solved in 898 iterations and 1.03 seconds (2.30 work units)
Optimal objective  9.479448767e+05
Set parameter TimeLimit to value 1.3372098045349121e+03
Gurobi Optimizer version 12.0.3 build v12.0.3rc0 (linux64 - "Ubuntu 24.04.4 LTS")

CPU model: Intel(R) Xeon(R) Gold 6258R CPU @ 2.70GHz, instruction set [SSE2|AVX|AVX2|AVX512]
Thread count: 56 physical cores, 56 logical processors, using up to 1 threads

Non-default parameters:
TimeLimit  1.3372098045349121e+03
Method  1
Seed  20260919
Threads  1

Optimize a model with 189 rows, 49759 columns and 1386631 nonzeros
Coefficient statistics:
  Matrix range     [1e+00, 1e+00]
  Objective range  [1e+05, 5e+05]
  Bounds range     [1e+00, 1e+00]
  RHS range        [1e+00, 8e+00]
LP warm-start: use basis

Iteration    Objective       Primal Inf.    Dual Inf.      Time
       0   -1.8862729e+37   7.458189e+33   1.886273e+07      0s
      78    9.4794488e+05   0.000000e+00   0.000000e+00      0s

Solved in 78 iterations and 0.15 seconds (0.20 work units)
Optimal objective  9.479448767e+05
Set parameter TimeLimit to value 1.3333980433940887e+03
Gurobi Optimizer version 12.0.3 build v12.0.3rc0 (linux64 - "Ubuntu 24.04.4 LTS")

CPU model: Intel(R) Xeon(R) Gold 6258R CPU @ 2.70GHz, instruction set [SSE2|AVX|AVX2|AVX512]
Thread count: 56 physical cores, 56 logical processors, using up to 1 threads

Non-default parameters:
TimeLimit  1.3333980433940887e+03
Method  1
Seed  20260919
Threads  1

Optimize a model with 189 rows, 49789 columns and 1387553 nonzeros
Coefficient statistics:
  Matrix range     [1e+00, 1e+00]
  Objective range  [1e+05, 5e+05]
  Bounds range     [1e+00, 1e+00]
  RHS range        [1e+00, 8e+00]
LP warm-start: use basis

Iteration    Objective       Primal Inf.    Dual Inf.      Time
       0   -1.7517203e+37   8.894847e+33   1.751720e+07      0s
     401    9.4772908e+05   0.000000e+00   0.000000e+00      0s

Solved in 401 iterations and 0.48 seconds (1.00 work units)
Optimal objective  9.477290752e+05
Set parameter TimeLimit to value 1.3290525324344635e+03
Gurobi Optimizer version 12.0.3 build v12.0.3rc0 (linux64 - "Ubuntu 24.04.4 LTS")

CPU model: Intel(R) Xeon(R) Gold 6258R CPU @ 2.70GHz, instruction set [SSE2|AVX|AVX2|AVX512]
Thread count: 56 physical cores, 56 logical processors, using up to 1 threads

Non-default parameters:
TimeLimit  1.3290525324344635e+03
Method  1
Seed  20260919
Threads  1

Optimize a model with 189 rows, 49819 columns and 1388460 nonzeros
Coefficient statistics:
  Matrix range     [1e+00, 1e+00]
  Objective range  [1e+05, 5e+05]
  Bounds range     [1e+00, 1e+00]
  RHS range        [1e+00, 8e+00]
LP warm-start: use basis

Iteration    Objective       Primal Inf.    Dual Inf.      Time
       0   -1.8746841e+37   3.439169e+33   1.874684e+07      0s
     196    9.4772908e+05   0.000000e+00   0.000000e+00      0s

Solved in 196 iterations and 0.28 seconds (0.50 work units)
Optimal objective  9.477290752e+05
Set parameter TimeLimit to value 1.3242392976284027e+03
Gurobi Optimizer version 12.0.3 build v12.0.3rc0 (linux64 - "Ubuntu 24.04.4 LTS")

CPU model: Intel(R) Xeon(R) Gold 6258R CPU @ 2.70GHz, instruction set [SSE2|AVX|AVX2|AVX512]
Thread count: 56 physical cores, 56 logical processors, using up to 1 threads

Non-default parameters:
TimeLimit  1.3242392976284027e+03
Method  1
Seed  20260919
Threads  1

Optimize a model with 189 rows, 49849 columns and 1389383 nonzeros
Coefficient statistics:
  Matrix range     [1e+00, 1e+00]
  Objective range  [1e+05, 5e+05]
  Bounds range     [1e+00, 1e+00]
  RHS range        [1e+00, 8e+00]
LP warm-start: use basis

Iteration    Objective       Primal Inf.    Dual Inf.      Time
       0   -1.5146666e+37   9.286089e+33   1.514667e+07      0s
      78    9.4772908e+05   0.000000e+00   0.000000e+00      0s

Solved in 78 iterations and 0.15 seconds (0.22 work units)
Optimal objective  9.477290752e+05
Set parameter TimeLimit to value 1.3206687283515930e+03
Gurobi Optimizer version 12.0.3 build v12.0.3rc0 (linux64 - "Ubuntu 24.04.4 LTS")

CPU model: Intel(R) Xeon(R) Gold 6258R CPU @ 2.70GHz, instruction set [SSE2|AVX|AVX2|AVX512]
Thread count: 56 physical cores, 56 logical processors, using up to 1 threads

Non-default parameters:
TimeLimit  1.3206687283515930e+03
Method  1
Seed  20260919
Threads  1

Optimize a model with 189 rows, 49879 columns and 1390279 nonzeros
Coefficient statistics:
  Matrix range     [1e+00, 1e+00]
  Objective range  [1e+05, 5e+05]
  Bounds range     [1e+00, 1e+00]
  RHS range        [1e+00, 8e+00]
LP warm-start: use basis

Iteration    Objective       Primal Inf.    Dual Inf.      Time
       0   -1.3791980e+37   3.494078e+33   1.379198e+07      0s
      95    9.4754720e+05   0.000000e+00   0.000000e+00      0s

Solved in 95 iterations and 0.17 seconds (0.24 work units)
Optimal objective  9.475472026e+05
Set parameter TimeLimit to value 1.3167770755290985e+03
Gurobi Optimizer version 12.0.3 build v12.0.3rc0 (linux64 - "Ubuntu 24.04.4 LTS")

CPU model: Intel(R) Xeon(R) Gold 6258R CPU @ 2.70GHz, instruction set [SSE2|AVX|AVX2|AVX512]
Thread count: 56 physical cores, 56 logical processors, using up to 1 threads

Non-default parameters:
TimeLimit  1.3167770755290985e+03
Method  1
Seed  20260919
Threads  1

Optimize a model with 189 rows, 49909 columns and 1391200 nonzeros
Coefficient statistics:
  Matrix range     [1e+00, 1e+00]
  Objective range  [1e+05, 5e+05]
  Bounds range     [1e+00, 1e+00]
  RHS range        [1e+00, 8e+00]
LP warm-start: use basis

Iteration    Objective       Primal Inf.    Dual Inf.      Time
       0   -1.1599384e+37   1.288185e+33   1.159938e+07      0s
     393    9.3484710e+05   0.000000e+00   0.000000e+00      0s

Solved in 393 iterations and 0.48 seconds (0.98 work units)
Optimal objective  9.348471014e+05
Set parameter TimeLimit to value 1.3135779745578766e+03
Gurobi Optimizer version 12.0.3 build v12.0.3rc0 (linux64 - "Ubuntu 24.04.4 LTS")

CPU model: Intel(R) Xeon(R) Gold 6258R CPU @ 2.70GHz, instruction set [SSE2|AVX|AVX2|AVX512]
Thread count: 56 physical cores, 56 logical processors, using up to 1 threads

Non-default parameters:
TimeLimit  1.3135779745578766e+03
Method  1
Seed  20260919
Threads  1

Optimize a model with 189 rows, 49939 columns and 1392141 nonzeros
Coefficient statistics:
  Matrix range     [1e+00, 1e+00]
  Objective range  [1e+05, 5e+05]
  Bounds range     [1e+00, 1e+00]
  RHS range        [1e+00, 8e+00]
LP warm-start: use basis

Iteration    Objective       Primal Inf.    Dual Inf.      Time
       0   -1.5790001e+37   6.737245e+33   1.579000e+07      0s
      15    9.3484710e+05   0.000000e+00   0.000000e+00      0s

Solved in 15 iterations and 0.09 seconds (0.06 work units)
Optimal objective  9.348471014e+05
Set parameter TimeLimit to value 1.3104131116867065e+03
Gurobi Optimizer version 12.0.3 build v12.0.3rc0 (linux64 - "Ubuntu 24.04.4 LTS")

CPU model: Intel(R) Xeon(R) Gold 6258R CPU @ 2.70GHz, instruction set [SSE2|AVX|AVX2|AVX512]
Thread count: 56 physical cores, 56 logical processors, using up to 1 threads

Non-default parameters:
TimeLimit  1.3104131116867065e+03
Method  1
Seed  20260919
Threads  1

Optimize a model with 189 rows, 49969 columns and 1393067 nonzeros
Coefficient statistics:
  Matrix range     [1e+00, 1e+00]
  Objective range  [1e+05, 5e+05]
  Bounds range     [1e+00, 1e+00]
  RHS range        [1e+00, 8e+00]
LP warm-start: use basis

Iteration    Objective       Primal Inf.    Dual Inf.      Time
       0   -1.2566624e+37   3.379891e+33   1.256662e+07      0s
      10    9.3484710e+05   0.000000e+00   0.000000e+00      0s

Solved in 10 iterations and 0.07 seconds (0.02 work units)
Optimal objective  9.348471014e+05
Set parameter TimeLimit to value 1.3076524019241333e+03
Gurobi Optimizer version 12.0.3 build v12.0.3rc0 (linux64 - "Ubuntu 24.04.4 LTS")

CPU model: Intel(R) Xeon(R) Gold 6258R CPU @ 2.70GHz, instruction set [SSE2|AVX|AVX2|AVX512]
Thread count: 56 physical cores, 56 logical processors, using up to 1 threads

Non-default parameters:
TimeLimit  1.3076524019241333e+03
Method  1
Seed  20260919
Threads  1

Optimize a model with 189 rows, 49999 columns and 1394010 nonzeros
Coefficient statistics:
  Matrix range     [1e+00, 1e+00]
  Objective range  [1e+05, 5e+05]
  Bounds range     [1e+00, 1e+00]
  RHS range        [1e+00, 8e+00]
LP warm-start: use basis

Iteration    Objective       Primal Inf.    Dual Inf.      Time
       0   -1.0920727e+37   7.584342e+33   1.092073e+07      0s
     174    9.3484710e+05   0.000000e+00   0.000000e+00      0s

Solved in 174 iterations and 0.26 seconds (0.48 work units)
Optimal objective  9.348471014e+05
Set parameter TimeLimit to value 1.3046543540954590e+03
Gurobi Optimizer version 12.0.3 build v12.0.3rc0 (linux64 - "Ubuntu 24.04.4 LTS")

CPU model: Intel(R) Xeon(R) Gold 6258R CPU @ 2.70GHz, instruction set [SSE2|AVX|AVX2|AVX512]
Thread count: 56 physical cores, 56 logical processors, using up to 1 threads

Non-default parameters:
TimeLimit  1.3046543540954590e+03
Method  1
Seed  20260919
Threads  1

Optimize a model with 189 rows, 50029 columns and 1394973 nonzeros
Coefficient statistics:
  Matrix range     [1e+00, 1e+00]
  Objective range  [1e+05, 5e+05]
  Bounds range     [1e+00, 1e+00]
  RHS range        [1e+00, 8e+00]
LP warm-start: use basis

Iteration    Objective       Primal Inf.    Dual Inf.      Time
       0   -1.0967678e+37   1.630412e+34   1.096768e+07      0s
     143    9.3484710e+05   0.000000e+00   0.000000e+00      0s

Solved in 143 iterations and 0.22 seconds (0.36 work units)
Optimal objective  9.348471014e+05
Set parameter TimeLimit to value 1.3016737482547760e+03
Gurobi Optimizer version 12.0.3 build v12.0.3rc0 (linux64 - "Ubuntu 24.04.4 LTS")

CPU model: Intel(R) Xeon(R) Gold 6258R CPU @ 2.70GHz, instruction set [SSE2|AVX|AVX2|AVX512]
Thread count: 56 physical cores, 56 logical processors, using up to 1 threads

Non-default parameters:
TimeLimit  1.3016737482547760e+03
Method  1
Seed  20260919
Threads  1

Optimize a model with 189 rows, 50059 columns and 1395948 nonzeros
Coefficient statistics:
  Matrix range     [1e+00, 1e+00]
  Objective range  [1e+05, 5e+05]
  Bounds range     [1e+00, 1e+00]
  RHS range        [1e+00, 8e+00]
LP warm-start: use basis

Iteration    Objective       Primal Inf.    Dual Inf.      Time
       0   -1.2034150e+37   8.634876e+33   1.203415e+07      0s
     151    9.3484710e+05   0.000000e+00   0.000000e+00      0s

Solved in 151 iterations and 0.23 seconds (0.40 work units)
Optimal objective  9.348471014e+05
Set parameter TimeLimit to value 1.2988252272605896e+03
Gurobi Optimizer version 12.0.3 build v12.0.3rc0 (linux64 - "Ubuntu 24.04.4 LTS")

CPU model: Intel(R) Xeon(R) Gold 6258R CPU @ 2.70GHz, instruction set [SSE2|AVX|AVX2|AVX512]
Thread count: 56 physical cores, 56 logical processors, using up to 1 threads

Non-default parameters:
TimeLimit  1.2988252272605896e+03
Method  1
Seed  20260919
Threads  1

Optimize a model with 189 rows, 50089 columns and 1396798 nonzeros
Coefficient statistics:
  Matrix range     [1e+00, 1e+00]
  Objective range  [1e+05, 5e+05]
  Bounds range     [1e+00, 1e+00]
  RHS range        [1e+00, 8e+00]
LP warm-start: use basis

Iteration    Objective       Primal Inf.    Dual Inf.      Time
       0   -9.7842647e+36   6.539861e+33   9.784265e+06      0s
      67    9.3484710e+05   0.000000e+00   0.000000e+00      0s

Solved in 67 iterations and 0.15 seconds (0.20 work units)
Optimal objective  9.348471014e+05
Set parameter TimeLimit to value 1295.59934592247
Gurobi Optimizer version 12.0.3 build v12.0.3rc0 (linux64 - "Ubuntu 24.04.4 LTS")

CPU model: Intel(R) Xeon(R) Gold 6258R CPU @ 2.70GHz, instruction set [SSE2|AVX|AVX2|AVX512]
Thread count: 56 physical cores, 56 logical processors, using up to 1 threads

Non-default parameters:
TimeLimit  1295.59934592247
Method  1
Seed  20260919
Threads  1

Optimize a model with 189 rows, 50119 columns and 1397648 nonzeros
Coefficient statistics:
  Matrix range     [1e+00, 1e+00]
  Objective range  [1e+05, 5e+05]
  Bounds range     [1e+00, 1e+00]
  RHS range        [1e+00, 8e+00]
LP warm-start: use basis

Iteration    Objective       Primal Inf.    Dual Inf.      Time
       0   -9.7455129e+36   6.586640e+33   9.745513e+06      0s
     666    9.1977076e+05   0.000000e+00   0.000000e+00      1s

Solved in 666 iterations and 0.76 seconds (1.66 work units)
Optimal objective  9.197707637e+05
Set parameter TimeLimit to value 1.2918545377254486e+03
Gurobi Optimizer version 12.0.3 build v12.0.3rc0 (linux64 - "Ubuntu 24.04.4 LTS")

CPU model: Intel(R) Xeon(R) Gold 6258R CPU @ 2.70GHz, instruction set [SSE2|AVX|AVX2|AVX512]
Thread count: 56 physical cores, 56 logical processors, using up to 1 threads

Non-default parameters:
TimeLimit  1.2918545377254486e+03
Method  1
Seed  20260919
Threads  1

Optimize a model with 189 rows, 50149 columns and 1398601 nonzeros
Coefficient statistics:
  Matrix range     [1e+00, 1e+00]
  Objective range  [1e+05, 5e+05]
  Bounds range     [1e+00, 1e+00]
  RHS range        [1e+00, 8e+00]
LP warm-start: use basis

Iteration    Objective       Primal Inf.    Dual Inf.      Time
       0   -1.1633414e+37   4.937360e+33   1.163341e+07      0s
      66    9.1977076e+05   0.000000e+00   0.000000e+00      0s

Solved in 66 iterations and 0.15 seconds (0.19 work units)
Optimal objective  9.197707637e+05
Set parameter TimeLimit to value 1.2890505502223969e+03
Gurobi Optimizer version 12.0.3 build v12.0.3rc0 (linux64 - "Ubuntu 24.04.4 LTS")

CPU model: Intel(R) Xeon(R) Gold 6258R CPU @ 2.70GHz, instruction set [SSE2|AVX|AVX2|AVX512]
Thread count: 56 physical cores, 56 logical processors, using up to 1 threads

Non-default parameters:
TimeLimit  1.2890505502223969e+03
Method  1
Seed  20260919
Threads  1

Optimize a model with 189 rows, 50179 columns and 1399589 nonzeros
Coefficient statistics:
  Matrix range     [1e+00, 1e+00]
  Objective range  [1e+05, 5e+05]
  Bounds range     [1e+00, 1e+00]
  RHS range        [1e+00, 8e+00]
LP warm-start: use basis

Iteration    Objective       Primal Inf.    Dual Inf.      Time
       0   -1.1047340e+37   2.292336e+33   1.104734e+07      0s
     798    9.0052920e+05   0.000000e+00   0.000000e+00      1s

Solved in 798 iterations and 0.86 seconds (1.88 work units)
Optimal objective  9.005292033e+05
Set parameter TimeLimit to value 1.2850852718353271e+03
Gurobi Optimizer version 12.0.3 build v12.0.3rc0 (linux64 - "Ubuntu 24.04.4 LTS")

CPU model: Intel(R) Xeon(R) Gold 6258R CPU @ 2.70GHz, instruction set [SSE2|AVX|AVX2|AVX512]
Thread count: 56 physical cores, 56 logical processors, using up to 1 threads

Non-default parameters:
TimeLimit  1.2850852718353271e+03
Method  1
Seed  20260919
Threads  1

Optimize a model with 189 rows, 50209 columns and 1400564 nonzeros
Coefficient statistics:
  Matrix range     [1e+00, 1e+00]
  Objective range  [1e+05, 5e+05]
  Bounds range     [1e+00, 1e+00]
  RHS range        [1e+00, 8e+00]
LP warm-start: use basis

Iteration    Objective       Primal Inf.    Dual Inf.      Time
       0   -1.1524006e+37   3.891506e+33   1.152401e+07      0s
     133    9.0052920e+05   0.000000e+00   0.000000e+00      0s

Solved in 133 iterations and 0.21 seconds (0.35 work units)
Optimal objective  9.005292033e+05
Set parameter TimeLimit to value 1.2820707800388336e+03
Gurobi Optimizer version 12.0.3 build v12.0.3rc0 (linux64 - "Ubuntu 24.04.4 LTS")

CPU model: Intel(R) Xeon(R) Gold 6258R CPU @ 2.70GHz, instruction set [SSE2|AVX|AVX2|AVX512]
Thread count: 56 physical cores, 56 logical processors, using up to 1 threads

Non-default parameters:
TimeLimit  1.2820707800388336e+03
Method  1
Seed  20260919
Threads  1

Optimize a model with 189 rows, 50239 columns and 1401511 nonzeros
Coefficient statistics:
  Matrix range     [1e+00, 1e+00]
  Objective range  [1e+05, 5e+05]
  Bounds range     [1e+00, 1e+00]
  RHS range        [1e+00, 8e+00]
LP warm-start: use basis

Iteration    Objective       Primal Inf.    Dual Inf.      Time
       0   -1.0920157e+37   2.719025e+33   1.092016e+07      0s
     136    9.0050782e+05   0.000000e+00   0.000000e+00      0s

Solved in 136 iterations and 0.21 seconds (0.33 work units)
Optimal objective  9.005078194e+05
Set parameter TimeLimit to value 1.2793483450412750e+03
Gurobi Optimizer version 12.0.3 build v12.0.3rc0 (linux64 - "Ubuntu 24.04.4 LTS")

CPU model: Intel(R) Xeon(R) Gold 6258R CPU @ 2.70GHz, instruction set [SSE2|AVX|AVX2|AVX512]
Thread count: 56 physical cores, 56 logical processors, using up to 1 threads

Non-default parameters:
TimeLimit  1.2793483450412750e+03
Method  1
Seed  20260919
Threads  1

Optimize a model with 189 rows, 50269 columns and 1402464 nonzeros
Coefficient statistics:
  Matrix range     [1e+00, 1e+00]
  Objective range  [1e+05, 5e+05]
  Bounds range     [1e+00, 1e+00]
  RHS range        [1e+00, 8e+00]
LP warm-start: use basis

Iteration    Objective       Primal Inf.    Dual Inf.      Time
       0   -9.0356902e+36   8.498290e+32   9.035690e+06      0s
     824    8.6080232e+05   0.000000e+00   0.000000e+00      1s

Solved in 824 iterations and 0.92 seconds (2.01 work units)
Optimal objective  8.608023182e+05
Set parameter TimeLimit to value 1.2783266854286194e+03
Gurobi Optimizer version 12.0.3 build v12.0.3rc0 (linux64 - "Ubuntu 24.04.4 LTS")

CPU model: Intel(R) Xeon(R) Gold 6258R CPU @ 2.70GHz, instruction set [SSE2|AVX|AVX2|AVX512]
Thread count: 56 physical cores, 56 logical processors, using up to 1 threads

Non-default parameters:
TimeLimit  1.2783266854286194e+03
Method  1
Seed  20260919
Threads  1

Optimize a model with 189 rows, 50269 columns and 1402464 nonzeros
Coefficient statistics:
  Matrix range     [1e+00, 1e+00]
  Objective range  [1e+05, 5e+05]
  Bounds range     [1e+00, 1e+00]
  RHS range        [1e+00, 8e+00]

Iteration    Objective       Primal Inf.    Dual Inf.      Time
       0   -4.1160259e+06   2.925265e+02   0.000000e+00      0s
    1837    8.2698937e+05   0.000000e+00   0.000000e+00      2s

Solved in 1837 iterations and 2.44 seconds (5.78 work units)
Optimal objective  8.269893723e+05
Set parameter TimeLimit to value 1.2735720403194427e+03
Gurobi Optimizer version 12.0.3 build v12.0.3rc0 (linux64 - "Ubuntu 24.04.4 LTS")

CPU model: Intel(R) Xeon(R) Gold 6258R CPU @ 2.70GHz, instruction set [SSE2|AVX|AVX2|AVX512]
Thread count: 56 physical cores, 56 logical processors, using up to 1 threads

Non-default parameters:
TimeLimit  1.2735720403194427e+03
Method  1
Seed  20260919
Threads  1

Optimize a model with 189 rows, 50299 columns and 1403488 nonzeros
Coefficient statistics:
  Matrix range     [1e+00, 1e+00]
  Objective range  [1e+05, 5e+05]
  Bounds range     [1e+00, 1e+00]
  RHS range        [1e+00, 8e+00]
LP warm-start: use basis

Iteration    Objective       Primal Inf.    Dual Inf.      Time
       0   -2.1405134e+37   3.647911e+33   2.140513e+07      0s
     354    8.2074566e+05   0.000000e+00   0.000000e+00      1s

Solved in 354 iterations and 0.50 seconds (1.02 work units)
Optimal objective  8.207456569e+05
Set parameter TimeLimit to value 1.2701587505340576e+03
Gurobi Optimizer version 12.0.3 build v12.0.3rc0 (linux64 - "Ubuntu 24.04.4 LTS")

CPU model: Intel(R) Xeon(R) Gold 6258R CPU @ 2.70GHz, instruction set [SSE2|AVX|AVX2|AVX512]
Thread count: 56 physical cores, 56 logical processors, using up to 1 threads

Non-default parameters:
TimeLimit  1.2701587505340576e+03
Method  1
Seed  20260919
Threads  1

Optimize a model with 189 rows, 50329 columns and 1404504 nonzeros
Coefficient statistics:
  Matrix range     [1e+00, 1e+00]
  Objective range  [1e+05, 5e+05]
  Bounds range     [1e+00, 1e+00]
  RHS range        [1e+00, 8e+00]
LP warm-start: use basis

Iteration    Objective       Primal Inf.    Dual Inf.      Time
       0   -1.4811611e+37   1.805160e+33   1.481161e+07      0s
     266    8.1410409e+05   0.000000e+00   0.000000e+00      0s

Solved in 266 iterations and 0.40 seconds (0.81 work units)
Optimal objective  8.141040866e+05
Set parameter TimeLimit to value 1.2675011246204376e+03
Gurobi Optimizer version 12.0.3 build v12.0.3rc0 (linux64 - "Ubuntu 24.04.4 LTS")

CPU model: Intel(R) Xeon(R) Gold 6258R CPU @ 2.70GHz, instruction set [SSE2|AVX|AVX2|AVX512]
Thread count: 56 physical cores, 56 logical processors, using up to 1 threads

Non-default parameters:
TimeLimit  1.2675011246204376e+03
Method  1
Seed  20260919
Threads  1

Optimize a model with 189 rows, 50359 columns and 1405550 nonzeros
Coefficient statistics:
  Matrix range     [1e+00, 1e+00]
  Objective range  [1e+05, 5e+05]
  Bounds range     [1e+00, 1e+00]
  RHS range        [1e+00, 8e+00]
LP warm-start: use basis

Iteration    Objective       Primal Inf.    Dual Inf.      Time
       0   -1.0155299e+37   2.274492e+33   1.015530e+07      0s
       7    8.1410409e+05   0.000000e+00   0.000000e+00      0s

Solved in 7 iterations and 0.07 seconds (0.02 work units)
Optimal objective  8.141040866e+05
Set parameter TimeLimit to value 1.2648979215621948e+03
Gurobi Optimizer version 12.0.3 build v12.0.3rc0 (linux64 - "Ubuntu 24.04.4 LTS")

CPU model: Intel(R) Xeon(R) Gold 6258R CPU @ 2.70GHz, instruction set [SSE2|AVX|AVX2|AVX512]
Thread count: 56 physical cores, 56 logical processors, using up to 1 threads

Non-default parameters:
TimeLimit  1.2648979215621948e+03
Method  1
Seed  20260919
Threads  1

Optimize a model with 189 rows, 50389 columns and 1406656 nonzeros
Coefficient statistics:
  Matrix range     [1e+00, 1e+00]
  Objective range  [1e+05, 5e+05]
  Bounds range     [1e+00, 1e+00]
  RHS range        [1e+00, 8e+00]
LP warm-start: use basis

Iteration    Objective       Primal Inf.    Dual Inf.      Time
       0   -9.1282519e+36   2.988595e+33   9.128252e+06      0s
     584    8.0038777e+05   0.000000e+00   0.000000e+00      1s

Solved in 584 iterations and 0.82 seconds (1.75 work units)
Optimal objective  8.003877678e+05
Set parameter TimeLimit to value 1.2606858804225922e+03
Gurobi Optimizer version 12.0.3 build v12.0.3rc0 (linux64 - "Ubuntu 24.04.4 LTS")

CPU model: Intel(R) Xeon(R) Gold 6258R CPU @ 2.70GHz, instruction set [SSE2|AVX|AVX2|AVX512]
Thread count: 56 physical cores, 56 logical processors, using up to 1 threads

Non-default parameters:
TimeLimit  1.2606858804225922e+03
Method  1
Seed  20260919
Threads  1

Optimize a model with 189 rows, 50419 columns and 1407563 nonzeros
Coefficient statistics:
  Matrix range     [1e+00, 1e+00]
  Objective range  [1e+05, 5e+05]
  Bounds range     [1e+00, 1e+00]
  RHS range        [1e+00, 8e+00]
LP warm-start: use basis

Iteration    Objective       Primal Inf.    Dual Inf.      Time
       0   -2.9196202e+33   6.212454e+33   2.919620e+03      0s
       1    8.0038777e+05   0.000000e+00   0.000000e+00      0s

Solved in 1 iterations and 0.07 seconds (0.02 work units)
Optimal objective  8.003877678e+05
Set parameter TimeLimit to value 1.2576063203811646e+03
Gurobi Optimizer version 12.0.3 build v12.0.3rc0 (linux64 - "Ubuntu 24.04.4 LTS")

CPU model: Intel(R) Xeon(R) Gold 6258R CPU @ 2.70GHz, instruction set [SSE2|AVX|AVX2|AVX512]
Thread count: 56 physical cores, 56 logical processors, using up to 1 threads

Non-default parameters:
TimeLimit  1.2576063203811646e+03
Method  1
Seed  20260919
Threads  1

Optimize a model with 189 rows, 50449 columns and 1408507 nonzeros
Coefficient statistics:
  Matrix range     [1e+00, 1e+00]
  Objective range  [1e+05, 5e+05]
  Bounds range     [1e+00, 1e+00]
  RHS range        [1e+00, 8e+00]
LP warm-start: use basis

Iteration    Objective       Primal Inf.    Dual Inf.      Time
       0   -2.9570549e+33   3.343553e+33   2.957055e+03      0s
       5    8.0038777e+05   0.000000e+00   0.000000e+00      0s

Solved in 5 iterations and 0.07 seconds (0.02 work units)
Optimal objective  8.003877678e+05
Set parameter TimeLimit to value 1.2558139848709106e+03
Gurobi Optimizer version 12.0.3 build v12.0.3rc0 (linux64 - "Ubuntu 24.04.4 LTS")

CPU model: Intel(R) Xeon(R) Gold 6258R CPU @ 2.70GHz, instruction set [SSE2|AVX|AVX2|AVX512]
Thread count: 56 physical cores, 56 logical processors, using up to 1 threads

Non-default parameters:
TimeLimit  1.2558139848709106e+03
Method  1
Seed  20260919
Threads  1

Optimize a model with 189 rows, 50479 columns and 1409428 nonzeros
Coefficient statistics:
  Matrix range     [1e+00, 1e+00]
  Objective range  [1e+05, 5e+05]
  Bounds range     [1e+00, 1e+00]
  RHS range        [1e+00, 8e+00]
LP warm-start: use basis

Iteration    Objective       Primal Inf.    Dual Inf.      Time
       0   -2.7792283e+33   2.299676e+33   2.779228e+03      0s
     231    8.0038777e+05   0.000000e+00   0.000000e+00      0s

Solved in 231 iterations and 0.34 seconds (0.63 work units)
Optimal objective  8.003877678e+05
Set parameter TimeLimit to value 1.2540661063194275e+03
Gurobi Optimizer version 12.0.3 build v12.0.3rc0 (linux64 - "Ubuntu 24.04.4 LTS")

CPU model: Intel(R) Xeon(R) Gold 6258R CPU @ 2.70GHz, instruction set [SSE2|AVX|AVX2|AVX512]
Thread count: 56 physical cores, 56 logical processors, using up to 1 threads

Non-default parameters:
TimeLimit  1.2540661063194275e+03
Method  1
Seed  20260919
Threads  1

Optimize a model with 189 rows, 50509 columns and 1410438 nonzeros
Coefficient statistics:
  Matrix range     [1e+00, 1e+00]
  Objective range  [1e+05, 5e+05]
  Bounds range     [1e+00, 1e+00]
  RHS range        [1e+00, 8e+00]
LP warm-start: use basis

Iteration    Objective       Primal Inf.    Dual Inf.      Time
       0   -2.9057966e+33   2.265513e+33   2.905797e+03      0s
      10    8.0038777e+05   0.000000e+00   0.000000e+00      0s

Solved in 10 iterations and 0.08 seconds (0.04 work units)
Optimal objective  8.003877678e+05
Set parameter TimeLimit to value 1.2527078633308411e+03
Gurobi Optimizer version 12.0.3 build v12.0.3rc0 (linux64 - "Ubuntu 24.04.4 LTS")

CPU model: Intel(R) Xeon(R) Gold 6258R CPU @ 2.70GHz, instruction set [SSE2|AVX|AVX2|AVX512]
Thread count: 56 physical cores, 56 logical processors, using up to 1 threads

Non-default parameters:
TimeLimit  1.2527078633308411e+03
Method  1
Seed  20260919
Threads  1

Optimize a model with 189 rows, 50539 columns and 1411456 nonzeros
Coefficient statistics:
  Matrix range     [1e+00, 1e+00]
  Objective range  [1e+05, 5e+05]
  Bounds range     [1e+00, 1e+00]
  RHS range        [1e+00, 8e+00]
LP warm-start: use basis

Iteration    Objective       Primal Inf.    Dual Inf.      Time
       0   -2.7015860e+33   2.165469e+33   2.701586e+03      0s
     367    8.0038277e+05   0.000000e+00   0.000000e+00      1s

Solved in 367 iterations and 0.51 seconds (1.05 work units)
Optimal objective  8.003827708e+05
Set parameter TimeLimit to value 1.2509471490383148e+03
Gurobi Optimizer version 12.0.3 build v12.0.3rc0 (linux64 - "Ubuntu 24.04.4 LTS")

CPU model: Intel(R) Xeon(R) Gold 6258R CPU @ 2.70GHz, instruction set [SSE2|AVX|AVX2|AVX512]
Thread count: 56 physical cores, 56 logical processors, using up to 1 threads

Non-default parameters:
TimeLimit  1.2509471490383148e+03
Method  1
Seed  20260919
Threads  1

Optimize a model with 189 rows, 50569 columns and 1412349 nonzeros
Coefficient statistics:
  Matrix range     [1e+00, 1e+00]
  Objective range  [1e+05, 5e+05]
  Bounds range     [1e+00, 1e+00]
  RHS range        [1e+00, 8e+00]
LP warm-start: use basis

Iteration    Objective       Primal Inf.    Dual Inf.      Time
       0   -1.4513829e+33   2.322608e+33   1.451383e+03      0s
     254    8.0038277e+05   0.000000e+00   0.000000e+00      0s

Solved in 254 iterations and 0.38 seconds (0.74 work units)
Optimal objective  8.003827708e+05
Set parameter TimeLimit to value 1.2492985475063324e+03
Gurobi Optimizer version 12.0.3 build v12.0.3rc0 (linux64 - "Ubuntu 24.04.4 LTS")

CPU model: Intel(R) Xeon(R) Gold 6258R CPU @ 2.70GHz, instruction set [SSE2|AVX|AVX2|AVX512]
Thread count: 56 physical cores, 56 logical processors, using up to 1 threads

Non-default parameters:
TimeLimit  1.2492985475063324e+03
Method  1
Seed  20260919
Threads  1

Optimize a model with 189 rows, 50599 columns and 1413298 nonzeros
Coefficient statistics:
  Matrix range     [1e+00, 1e+00]
  Objective range  [1e+05, 5e+05]
  Bounds range     [1e+00, 1e+00]
  RHS range        [1e+00, 8e+00]
LP warm-start: use basis

Iteration    Objective       Primal Inf.    Dual Inf.      Time
       0   -1.4958302e+33   2.716121e+33   1.495830e+03      0s
       4    8.0038277e+05   0.000000e+00   0.000000e+00      0s

Solved in 4 iterations and 0.07 seconds (0.02 work units)
Optimal objective  8.003827708e+05
Set parameter TimeLimit to value 1.2480241873264313e+03
Gurobi Optimizer version 12.0.3 build v12.0.3rc0 (linux64 - "Ubuntu 24.04.4 LTS")

CPU model: Intel(R) Xeon(R) Gold 6258R CPU @ 2.70GHz, instruction set [SSE2|AVX|AVX2|AVX512]
Thread count: 56 physical cores, 56 logical processors, using up to 1 threads

Non-default parameters:
TimeLimit  1.2480241873264313e+03
Method  1
Seed  20260919
Threads  1

Optimize a model with 189 rows, 50629 columns and 1414243 nonzeros
Coefficient statistics:
  Matrix range     [1e+00, 1e+00]
  Objective range  [1e+05, 5e+05]
  Bounds range     [1e+00, 1e+00]
  RHS range        [1e+00, 8e+00]
LP warm-start: use basis

Iteration    Objective       Primal Inf.    Dual Inf.      Time
       0   -1.4156537e+33   1.173439e+33   1.415654e+03      0s
     478    8.0037913e+05   0.000000e+00   0.000000e+00      1s

Solved in 478 iterations and 0.66 seconds (1.39 work units)
Optimal objective  8.003791280e+05
Set parameter TimeLimit to value 1.2458113844394684e+03
Gurobi Optimizer version 12.0.3 build v12.0.3rc0 (linux64 - "Ubuntu 24.04.4 LTS")

CPU model: Intel(R) Xeon(R) Gold 6258R CPU @ 2.70GHz, instruction set [SSE2|AVX|AVX2|AVX512]
Thread count: 56 physical cores, 56 logical processors, using up to 1 threads

Non-default parameters:
TimeLimit  1.2458113844394684e+03
Method  1
Seed  20260919
Threads  1

Optimize a model with 189 rows, 50659 columns and 1415088 nonzeros
Coefficient statistics:
  Matrix range     [1e+00, 1e+00]
  Objective range  [1e+05, 5e+05]
  Bounds range     [1e+00, 1e+00]
  RHS range        [1e+00, 8e+00]
LP warm-start: use basis

Iteration    Objective       Primal Inf.    Dual Inf.      Time
       0   -6.6763488e+32   1.627309e+33   6.676349e+02      0s
      54    8.0037913e+05   0.000000e+00   0.000000e+00      0s

Solved in 54 iterations and 0.13 seconds (0.15 work units)
Optimal objective  8.003791280e+05
Set parameter TimeLimit to value 1.2442619042396545e+03
Gurobi Optimizer version 12.0.3 build v12.0.3rc0 (linux64 - "Ubuntu 24.04.4 LTS")

CPU model: Intel(R) Xeon(R) Gold 6258R CPU @ 2.70GHz, instruction set [SSE2|AVX|AVX2|AVX512]
Thread count: 56 physical cores, 56 logical processors, using up to 1 threads

Non-default parameters:
TimeLimit  1.2442619042396545e+03
Method  1
Seed  20260919
Threads  1

Optimize a model with 189 rows, 50689 columns and 1415929 nonzeros
Coefficient statistics:
  Matrix range     [1e+00, 1e+00]
  Objective range  [1e+05, 5e+05]
  Bounds range     [1e+00, 1e+00]
  RHS range        [1e+00, 8e+00]
LP warm-start: use basis

Iteration    Objective       Primal Inf.    Dual Inf.      Time
       0   -7.0681035e+32   1.556359e+33   7.068103e+02      0s
       2    8.0037913e+05   0.000000e+00   0.000000e+00      0s

Solved in 2 iterations and 0.07 seconds (0.02 work units)
Optimal objective  8.003791280e+05
Set parameter TimeLimit to value 1242.81356883049
Gurobi Optimizer version 12.0.3 build v12.0.3rc0 (linux64 - "Ubuntu 24.04.4 LTS")

CPU model: Intel(R) Xeon(R) Gold 6258R CPU @ 2.70GHz, instruction set [SSE2|AVX|AVX2|AVX512]
Thread count: 56 physical cores, 56 logical processors, using up to 1 threads

Non-default parameters:
TimeLimit  1242.81356883049
Method  1
Seed  20260919
Threads  1

Optimize a model with 189 rows, 50719 columns and 1416813 nonzeros
Coefficient statistics:
  Matrix range     [1e+00, 1e+00]
  Objective range  [1e+05, 5e+05]
  Bounds range     [1e+00, 1e+00]
  RHS range        [1e+00, 8e+00]
LP warm-start: use basis

Iteration    Objective       Primal Inf.    Dual Inf.      Time
       0   -6.0885084e+32   1.166942e+33   6.088508e+02      0s
     300    8.0037664e+05   0.000000e+00   0.000000e+00      0s

Solved in 300 iterations and 0.43 seconds (0.86 work units)
Optimal objective  8.003766377e+05
Set parameter TimeLimit to value 1.2412594506740570e+03
Gurobi Optimizer version 12.0.3 build v12.0.3rc0 (linux64 - "Ubuntu 24.04.4 LTS")

CPU model: Intel(R) Xeon(R) Gold 6258R CPU @ 2.70GHz, instruction set [SSE2|AVX|AVX2|AVX512]
Thread count: 56 physical cores, 56 logical processors, using up to 1 threads

Non-default parameters:
TimeLimit  1.2412594506740570e+03
Method  1
Seed  20260919
Threads  1

Optimize a model with 189 rows, 50749 columns and 1417734 nonzeros
Coefficient statistics:
  Matrix range     [1e+00, 1e+00]
  Objective range  [1e+05, 5e+05]
  Bounds range     [1e+00, 1e+00]
  RHS range        [1e+00, 8e+00]
LP warm-start: use basis

Iteration    Objective       Primal Inf.    Dual Inf.      Time
       0   -6.1012844e+32   1.586817e+33   6.101284e+02      0s
       1    8.0037664e+05   0.000000e+00   0.000000e+00      0s

Solved in 1 iterations and 0.07 seconds (0.02 work units)
Optimal objective  8.003766377e+05
Set parameter TimeLimit to value 1.2400181066989899e+03
Gurobi Optimizer version 12.0.3 build v12.0.3rc0 (linux64 - "Ubuntu 24.04.4 LTS")

CPU model: Intel(R) Xeon(R) Gold 6258R CPU @ 2.70GHz, instruction set [SSE2|AVX|AVX2|AVX512]
Thread count: 56 physical cores, 56 logical processors, using up to 1 threads

Non-default parameters:
TimeLimit  1.2400181066989899e+03
Method  1
Seed  20260919
Threads  1

Optimize a model with 189 rows, 50779 columns and 1418766 nonzeros
Coefficient statistics:
  Matrix range     [1e+00, 1e+00]
  Objective range  [1e+05, 5e+05]
  Bounds range     [1e+00, 1e+00]
  RHS range        [1e+00, 8e+00]
LP warm-start: use basis

Iteration    Objective       Primal Inf.    Dual Inf.      Time
       0   -5.7590693e+32   1.305909e+33   5.759069e+02      0s
     191    8.0037589e+05   0.000000e+00   0.000000e+00      0s

Solved in 191 iterations and 0.32 seconds (0.58 work units)
Optimal objective  8.003758946e+05
Set parameter TimeLimit to value 1.2385024435520172e+03
Gurobi Optimizer version 12.0.3 build v12.0.3rc0 (linux64 - "Ubuntu 24.04.4 LTS")

CPU model: Intel(R) Xeon(R) Gold 6258R CPU @ 2.70GHz, instruction set [SSE2|AVX|AVX2|AVX512]
Thread count: 56 physical cores, 56 logical processors, using up to 1 threads

Non-default parameters:
TimeLimit  1.2385024435520172e+03
Method  1
Seed  20260919
Threads  1

Optimize a model with 189 rows, 50809 columns and 1419680 nonzeros
Coefficient statistics:
  Matrix range     [1e+00, 1e+00]
  Objective range  [1e+05, 5e+05]
  Bounds range     [1e+00, 1e+00]
  RHS range        [1e+00, 8e+00]
LP warm-start: use basis

Iteration    Objective       Primal Inf.    Dual Inf.      Time
       0   -6.0795820e+32   1.658093e+33   6.079582e+02      0s
     153    8.0037589e+05   0.000000e+00   0.000000e+00      0s

Solved in 153 iterations and 0.25 seconds (0.43 work units)
Optimal objective  8.003758946e+05
Set parameter TimeLimit to value 1.2369281301498413e+03
Gurobi Optimizer version 12.0.3 build v12.0.3rc0 (linux64 - "Ubuntu 24.04.4 LTS")

CPU model: Intel(R) Xeon(R) Gold 6258R CPU @ 2.70GHz, instruction set [SSE2|AVX|AVX2|AVX512]
Thread count: 56 physical cores, 56 logical processors, using up to 1 threads

Non-default parameters:
TimeLimit  1.2369281301498413e+03
Method  1
Seed  20260919
Threads  1

Optimize a model with 189 rows, 50839 columns and 1420713 nonzeros
Coefficient statistics:
  Matrix range     [1e+00, 1e+00]
  Objective range  [1e+05, 5e+05]
  Bounds range     [1e+00, 1e+00]
  RHS range        [1e+00, 8e+00]
LP warm-start: use basis

Iteration    Objective       Primal Inf.    Dual Inf.      Time
       0   -6.1884176e+32   1.187268e+33   6.188418e+02      0s
       7    8.0037589e+05   0.000000e+00   0.000000e+00      0s

Solved in 7 iterations and 0.07 seconds (0.02 work units)
Optimal objective  8.003758946e+05
Set parameter TimeLimit to value 1.2352486348152161e+03
Gurobi Optimizer version 12.0.3 build v12.0.3rc0 (linux64 - "Ubuntu 24.04.4 LTS")

CPU model: Intel(R) Xeon(R) Gold 6258R CPU @ 2.70GHz, instruction set [SSE2|AVX|AVX2|AVX512]
Thread count: 56 physical cores, 56 logical processors, using up to 1 threads

Non-default parameters:
TimeLimit  1.2352486348152161e+03
Method  1
Seed  20260919
Threads  1

Optimize a model with 189 rows, 50869 columns and 1421686 nonzeros
Coefficient statistics:
  Matrix range     [1e+00, 1e+00]
  Objective range  [1e+05, 5e+05]
  Bounds range     [1e+00, 1e+00]
  RHS range        [1e+00, 8e+00]
LP warm-start: use basis

Iteration    Objective       Primal Inf.    Dual Inf.      Time
       0   -5.1013437e+32   1.530584e+33   5.101344e+02      0s
     242    8.0037532e+05   0.000000e+00   0.000000e+00      0s

Solved in 242 iterations and 0.38 seconds (0.73 work units)
Optimal objective  8.003753182e+05
Set parameter TimeLimit to value 1.2334984366893768e+03
Gurobi Optimizer version 12.0.3 build v12.0.3rc0 (linux64 - "Ubuntu 24.04.4 LTS")

CPU model: Intel(R) Xeon(R) Gold 6258R CPU @ 2.70GHz, instruction set [SSE2|AVX|AVX2|AVX512]
Thread count: 56 physical cores, 56 logical processors, using up to 1 threads

Non-default parameters:
TimeLimit  1.2334984366893768e+03
Method  1
Seed  20260919
Threads  1

Optimize a model with 189 rows, 50899 columns and 1422633 nonzeros
Coefficient statistics:
  Matrix range     [1e+00, 1e+00]
  Objective range  [1e+05, 5e+05]
  Bounds range     [1e+00, 1e+00]
  RHS range        [1e+00, 8e+00]
LP warm-start: use basis

Iteration    Objective       Primal Inf.    Dual Inf.      Time
       0   -5.0017275e+32   1.167802e+33   5.001728e+02      0s
      60    8.0037532e+05   0.000000e+00   0.000000e+00      0s

Solved in 60 iterations and 0.15 seconds (0.19 work units)
Optimal objective  8.003753182e+05
Set parameter TimeLimit to value 1.2319210882186890e+03
Gurobi Optimizer version 12.0.3 build v12.0.3rc0 (linux64 - "Ubuntu 24.04.4 LTS")

CPU model: Intel(R) Xeon(R) Gold 6258R CPU @ 2.70GHz, instruction set [SSE2|AVX|AVX2|AVX512]
Thread count: 56 physical cores, 56 logical processors, using up to 1 threads

Non-default parameters:
TimeLimit  1.2319210882186890e+03
Method  1
Seed  20260919
Threads  1

Optimize a model with 189 rows, 50929 columns and 1423609 nonzeros
Coefficient statistics:
  Matrix range     [1e+00, 1e+00]
  Objective range  [1e+05, 5e+05]
  Bounds range     [1e+00, 1e+00]
  RHS range        [1e+00, 8e+00]
LP warm-start: use basis

Iteration    Objective       Primal Inf.    Dual Inf.      Time
       0   -4.8388965e+32   1.531794e+33   4.838896e+02      0s
      50    8.0037532e+05   0.000000e+00   0.000000e+00      0s

Solved in 50 iterations and 0.13 seconds (0.15 work units)
Optimal objective  8.003753182e+05
Set parameter TimeLimit to value 1.2303441007137299e+03
Gurobi Optimizer version 12.0.3 build v12.0.3rc0 (linux64 - "Ubuntu 24.04.4 LTS")

CPU model: Intel(R) Xeon(R) Gold 6258R CPU @ 2.70GHz, instruction set [SSE2|AVX|AVX2|AVX512]
Thread count: 56 physical cores, 56 logical processors, using up to 1 threads

Non-default parameters:
TimeLimit  1.2303441007137299e+03
Method  1
Seed  20260919
Threads  1

Optimize a model with 189 rows, 50959 columns and 1424590 nonzeros
Coefficient statistics:
  Matrix range     [1e+00, 1e+00]
  Objective range  [1e+05, 5e+05]
  Bounds range     [1e+00, 1e+00]
  RHS range        [1e+00, 8e+00]
LP warm-start: use basis

Iteration    Objective       Primal Inf.    Dual Inf.      Time
       0   -4.3724408e+32   7.605213e+32   4.372441e+02      0s
     133    8.0037523e+05   0.000000e+00   0.000000e+00      0s

Solved in 133 iterations and 0.24 seconds (0.41 work units)
Optimal objective  8.003752326e+05
Set parameter TimeLimit to value 1.2287135400772095e+03
Gurobi Optimizer version 12.0.3 build v12.0.3rc0 (linux64 - "Ubuntu 24.04.4 LTS")

CPU model: Intel(R) Xeon(R) Gold 6258R CPU @ 2.70GHz, instruction set [SSE2|AVX|AVX2|AVX512]
Thread count: 56 physical cores, 56 logical processors, using up to 1 threads

Non-default parameters:
TimeLimit  1.2287135400772095e+03
Method  1
Seed  20260919
Threads  1

Optimize a model with 189 rows, 50989 columns and 1425501 nonzeros
Coefficient statistics:
  Matrix range     [1e+00, 1e+00]
  Objective range  [1e+05, 5e+05]
  Bounds range     [1e+00, 1e+00]
  RHS range        [1e+00, 8e+00]
LP warm-start: use basis

Iteration    Objective       Primal Inf.    Dual Inf.      Time
       0   -5.0869153e+32   2.054736e+33   5.086915e+02      0s
       3    8.0037523e+05   0.000000e+00   0.000000e+00      0s

Solved in 3 iterations and 0.07 seconds (0.02 work units)
Optimal objective  8.003752326e+05
Set parameter TimeLimit to value 1.2273337578773499e+03
Gurobi Optimizer version 12.0.3 build v12.0.3rc0 (linux64 - "Ubuntu 24.04.4 LTS")

CPU model: Intel(R) Xeon(R) Gold 6258R CPU @ 2.70GHz, instruction set [SSE2|AVX|AVX2|AVX512]
Thread count: 56 physical cores, 56 logical processors, using up to 1 threads

Non-default parameters:
TimeLimit  1.2273337578773499e+03
Method  1
Seed  20260919
Threads  1

Optimize a model with 189 rows, 51019 columns and 1426453 nonzeros
Coefficient statistics:
  Matrix range     [1e+00, 1e+00]
  Objective range  [1e+05, 5e+05]
  Bounds range     [1e+00, 1e+00]
  RHS range        [1e+00, 8e+00]
LP warm-start: use basis

Iteration    Objective       Primal Inf.    Dual Inf.      Time
       0   -4.8390388e+32   1.734645e+33   4.839039e+02      0s
     281    8.0037435e+05   0.000000e+00   0.000000e+00      0s

Solved in 281 iterations and 0.43 seconds (0.86 work units)
Optimal objective  8.003743528e+05
Set parameter TimeLimit to value 1.2256851119995117e+03
Gurobi Optimizer version 12.0.3 build v12.0.3rc0 (linux64 - "Ubuntu 24.04.4 LTS")

CPU model: Intel(R) Xeon(R) Gold 6258R CPU @ 2.70GHz, instruction set [SSE2|AVX|AVX2|AVX512]
Thread count: 56 physical cores, 56 logical processors, using up to 1 threads

Non-default parameters:
TimeLimit  1.2256851119995117e+03
Method  1
Seed  20260919
Threads  1

Optimize a model with 189 rows, 51049 columns and 1427421 nonzeros
Coefficient statistics:
  Matrix range     [1e+00, 1e+00]
  Objective range  [1e+05, 5e+05]
  Bounds range     [1e+00, 1e+00]
  RHS range        [1e+00, 8e+00]
LP warm-start: use basis

Iteration    Objective       Primal Inf.    Dual Inf.      Time
       0   -5.4052061e+32   4.004213e+33   5.405206e+02      0s
       1    8.0037435e+05   0.000000e+00   0.000000e+00      0s

Solved in 1 iterations and 0.07 seconds (0.02 work units)
Optimal objective  8.003743528e+05
Set parameter TimeLimit to value 1.2243721554279327e+03
Gurobi Optimizer version 12.0.3 build v12.0.3rc0 (linux64 - "Ubuntu 24.04.4 LTS")

CPU model: Intel(R) Xeon(R) Gold 6258R CPU @ 2.70GHz, instruction set [SSE2|AVX|AVX2|AVX512]
Thread count: 56 physical cores, 56 logical processors, using up to 1 threads

Non-default parameters:
TimeLimit  1.2243721554279327e+03
Method  1
Seed  20260919
Threads  1

Optimize a model with 189 rows, 51079 columns and 1428409 nonzeros
Coefficient statistics:
  Matrix range     [1e+00, 1e+00]
  Objective range  [1e+05, 5e+05]
  Bounds range     [1e+00, 1e+00]
  RHS range        [1e+00, 8e+00]
LP warm-start: use basis

Iteration    Objective       Primal Inf.    Dual Inf.      Time
       0   -5.1239300e+32   4.330077e+33   5.123930e+02      0s
       1    8.0037435e+05   0.000000e+00   0.000000e+00      0s

Solved in 1 iterations and 0.07 seconds (0.02 work units)
Optimal objective  8.003743528e+05
Set parameter TimeLimit to value 1223.06822514534
Gurobi Optimizer version 12.0.3 build v12.0.3rc0 (linux64 - "Ubuntu 24.04.4 LTS")

CPU model: Intel(R) Xeon(R) Gold 6258R CPU @ 2.70GHz, instruction set [SSE2|AVX|AVX2|AVX512]
Thread count: 56 physical cores, 56 logical processors, using up to 1 threads

Non-default parameters:
TimeLimit  1223.06822514534
Method  1
Seed  20260919
Threads  1

Optimize a model with 189 rows, 51109 columns and 1429412 nonzeros
Coefficient statistics:
  Matrix range     [1e+00, 1e+00]
  Objective range  [1e+05, 5e+05]
  Bounds range     [1e+00, 1e+00]
  RHS range        [1e+00, 8e+00]
LP warm-start: use basis

Iteration    Objective       Primal Inf.    Dual Inf.      Time
       0   -4.9932417e+32   3.545316e+33   4.993242e+02      0s
     180    8.0037357e+05   0.000000e+00   0.000000e+00      0s

Solved in 180 iterations and 0.31 seconds (0.57 work units)
Optimal objective  8.003735693e+05
Set parameter TimeLimit to value 1.2214092435836792e+03
Gurobi Optimizer version 12.0.3 build v12.0.3rc0 (linux64 - "Ubuntu 24.04.4 LTS")

CPU model: Intel(R) Xeon(R) Gold 6258R CPU @ 2.70GHz, instruction set [SSE2|AVX|AVX2|AVX512]
Thread count: 56 physical cores, 56 logical processors, using up to 1 threads

Non-default parameters:
TimeLimit  1.2214092435836792e+03
Method  1
Seed  20260919
Threads  1

Optimize a model with 189 rows, 51139 columns and 1430277 nonzeros
Coefficient statistics:
  Matrix range     [1e+00, 1e+00]
  Objective range  [1e+05, 5e+05]
  Bounds range     [1e+00, 1e+00]
  RHS range        [1e+00, 8e+00]
LP warm-start: use basis

Iteration    Objective       Primal Inf.    Dual Inf.      Time
       0   -4.3682715e+32   2.308382e+33   4.368272e+02      0s
      85    8.0037357e+05   0.000000e+00   0.000000e+00      0s

Solved in 85 iterations and 0.18 seconds (0.27 work units)
Optimal objective  8.003735693e+05
Set parameter TimeLimit to value 1.2198477551937103e+03
Gurobi Optimizer version 12.0.3 build v12.0.3rc0 (linux64 - "Ubuntu 24.04.4 LTS")

CPU model: Intel(R) Xeon(R) Gold 6258R CPU @ 2.70GHz, instruction set [SSE2|AVX|AVX2|AVX512]
Thread count: 56 physical cores, 56 logical processors, using up to 1 threads

Non-default parameters:
TimeLimit  1.2198477551937103e+03
Method  1
Seed  20260919
Threads  1

Optimize a model with 189 rows, 51169 columns and 1431117 nonzeros
Coefficient statistics:
  Matrix range     [1e+00, 1e+00]
  Objective range  [1e+05, 5e+05]
  Bounds range     [1e+00, 1e+00]
  RHS range        [1e+00, 8e+00]
LP warm-start: use basis

Iteration    Objective       Primal Inf.    Dual Inf.      Time
       0   -3.1955390e+32   9.728437e+32   3.195539e+02      0s
      97    8.0037350e+05   0.000000e+00   0.000000e+00      0s

Solved in 97 iterations and 0.20 seconds (0.30 work units)
Optimal objective  8.003734968e+05
Set parameter TimeLimit to value 1.2183495595455170e+03
Gurobi Optimizer version 12.0.3 build v12.0.3rc0 (linux64 - "Ubuntu 24.04.4 LTS")

CPU model: Intel(R) Xeon(R) Gold 6258R CPU @ 2.70GHz, instruction set [SSE2|AVX|AVX2|AVX512]
Thread count: 56 physical cores, 56 logical processors, using up to 1 threads

Non-default parameters:
TimeLimit  1.2183495595455170e+03
Method  1
Seed  20260919
Threads  1

Optimize a model with 189 rows, 51199 columns and 1431983 nonzeros
Coefficient statistics:
  Matrix range     [1e+00, 1e+00]
  Objective range  [1e+05, 5e+05]
  Bounds range     [1e+00, 1e+00]
  RHS range        [1e+00, 8e+00]
LP warm-start: use basis

Iteration    Objective       Primal Inf.    Dual Inf.      Time
       0   -4.1083456e+32   1.494710e+33   4.108346e+02      0s
       2    8.0037350e+05   0.000000e+00   0.000000e+00      0s

Solved in 2 iterations and 0.07 seconds (0.02 work units)
Optimal objective  8.003734968e+05
Set parameter TimeLimit to value 1.2166398439407349e+03
Gurobi Optimizer version 12.0.3 build v12.0.3rc0 (linux64 - "Ubuntu 24.04.4 LTS")

CPU model: Intel(R) Xeon(R) Gold 6258R CPU @ 2.70GHz, instruction set [SSE2|AVX|AVX2|AVX512]
Thread count: 56 physical cores, 56 logical processors, using up to 1 threads

Non-default parameters:
TimeLimit  1.2166398439407349e+03
Method  1
Seed  20260919
Threads  1

Optimize a model with 189 rows, 51229 columns and 1432847 nonzeros
Coefficient statistics:
  Matrix range     [1e+00, 1e+00]
  Objective range  [1e+05, 5e+05]
  Bounds range     [1e+00, 1e+00]
  RHS range        [1e+00, 8e+00]
LP warm-start: use basis

Iteration    Objective       Primal Inf.    Dual Inf.      Time
       0   -3.9420687e+32   1.760000e+33   3.942069e+02      0s
       5    8.0037350e+05   0.000000e+00   0.000000e+00      0s

Solved in 5 iterations and 0.07 seconds (0.02 work units)
Optimal objective  8.003734968e+05
Set parameter TimeLimit to value 1.2151920151710510e+03
Gurobi Optimizer version 12.0.3 build v12.0.3rc0 (linux64 - "Ubuntu 24.04.4 LTS")

CPU model: Intel(R) Xeon(R) Gold 6258R CPU @ 2.70GHz, instruction set [SSE2|AVX|AVX2|AVX512]
Thread count: 56 physical cores, 56 logical processors, using up to 1 threads

Non-default parameters:
TimeLimit  1.2151920151710510e+03
Method  1
Seed  20260919
Threads  1

Optimize a model with 189 rows, 51259 columns and 1433624 nonzeros
Coefficient statistics:
  Matrix range     [1e+00, 1e+00]
  Objective range  [1e+05, 5e+05]
  Bounds range     [1e+00, 1e+00]
  RHS range        [1e+00, 8e+00]
LP warm-start: use basis

Iteration    Objective       Primal Inf.    Dual Inf.      Time
       0   -4.6103283e+32   1.207268e+33   4.610328e+02      0s
      25    8.0037350e+05   0.000000e+00   0.000000e+00      0s

Solved in 25 iterations and 0.10 seconds (0.08 work units)
Optimal objective  8.003734968e+05
Set parameter TimeLimit to value 1.2138480527400970e+03
Gurobi Optimizer version 12.0.3 build v12.0.3rc0 (linux64 - "Ubuntu 24.04.4 LTS")

CPU model: Intel(R) Xeon(R) Gold 6258R CPU @ 2.70GHz, instruction set [SSE2|AVX|AVX2|AVX512]
Thread count: 56 physical cores, 56 logical processors, using up to 1 threads

Non-default parameters:
TimeLimit  1.2138480527400970e+03
Method  1
Seed  20260919
Threads  1

Optimize a model with 189 rows, 51289 columns and 1434477 nonzeros
Coefficient statistics:
  Matrix range     [1e+00, 1e+00]
  Objective range  [1e+05, 5e+05]
  Bounds range     [1e+00, 1e+00]
  RHS range        [1e+00, 8e+00]
LP warm-start: use basis

Iteration    Objective       Primal Inf.    Dual Inf.      Time
       0   -3.8057459e+32   1.290658e+33   3.805746e+02      0s
     175    8.0037326e+05   0.000000e+00   0.000000e+00      0s

Solved in 175 iterations and 0.29 seconds (0.53 work units)
Optimal objective  8.003732552e+05
Set parameter TimeLimit to value 1.2122329826354980e+03
Gurobi Optimizer version 12.0.3 build v12.0.3rc0 (linux64 - "Ubuntu 24.04.4 LTS")

CPU model: Intel(R) Xeon(R) Gold 6258R CPU @ 2.70GHz, instruction set [SSE2|AVX|AVX2|AVX512]
Thread count: 56 physical cores, 56 logical processors, using up to 1 threads

Non-default parameters:
TimeLimit  1.2122329826354980e+03
Method  1
Seed  20260919
Threads  1

Optimize a model with 189 rows, 51319 columns and 1435414 nonzeros
Coefficient statistics:
  Matrix range     [1e+00, 1e+00]
  Objective range  [1e+05, 5e+05]
  Bounds range     [1e+00, 1e+00]
  RHS range        [1e+00, 8e+00]
LP warm-start: use basis

Iteration    Objective       Primal Inf.    Dual Inf.      Time
       0   -2.8219209e+32   1.963317e+33   2.821921e+02      0s
       5    8.0037326e+05   0.000000e+00   0.000000e+00      0s

Solved in 5 iterations and 0.07 seconds (0.02 work units)
Optimal objective  8.003732552e+05
Set parameter TimeLimit to value 1.2109045588970184e+03
Gurobi Optimizer version 12.0.3 build v12.0.3rc0 (linux64 - "Ubuntu 24.04.4 LTS")

CPU model: Intel(R) Xeon(R) Gold 6258R CPU @ 2.70GHz, instruction set [SSE2|AVX|AVX2|AVX512]
Thread count: 56 physical cores, 56 logical processors, using up to 1 threads

Non-default parameters:
TimeLimit  1.2109045588970184e+03
Method  1
Seed  20260919
Threads  1

Optimize a model with 189 rows, 51349 columns and 1436408 nonzeros
Coefficient statistics:
  Matrix range     [1e+00, 1e+00]
  Objective range  [1e+05, 5e+05]
  Bounds range     [1e+00, 1e+00]
  RHS range        [1e+00, 8e+00]
LP warm-start: use basis

Iteration    Objective       Primal Inf.    Dual Inf.      Time
       0   -2.7449204e+32   1.565239e+33   2.744920e+02      0s
      95    8.0037326e+05   0.000000e+00   0.000000e+00      0s

Solved in 95 iterations and 0.18 seconds (0.29 work units)
Optimal objective  8.003732552e+05
Set parameter TimeLimit to value 1.2094459462165833e+03
Gurobi Optimizer version 12.0.3 build v12.0.3rc0 (linux64 - "Ubuntu 24.04.4 LTS")

CPU model: Intel(R) Xeon(R) Gold 6258R CPU @ 2.70GHz, instruction set [SSE2|AVX|AVX2|AVX512]
Thread count: 56 physical cores, 56 logical processors, using up to 1 threads

Non-default parameters:
TimeLimit  1.2094459462165833e+03
Method  1
Seed  20260919
Threads  1

Optimize a model with 189 rows, 51379 columns and 1437410 nonzeros
Coefficient statistics:
  Matrix range     [1e+00, 1e+00]
  Objective range  [1e+05, 5e+05]
  Bounds range     [1e+00, 1e+00]
  RHS range        [1e+00, 8e+00]
LP warm-start: use basis

Iteration    Objective       Primal Inf.    Dual Inf.      Time
       0   -3.8961204e+32   1.103043e+33   3.896120e+02      0s
       1    8.0037326e+05   0.000000e+00   0.000000e+00      0s

Solved in 1 iterations and 0.07 seconds (0.02 work units)
Optimal objective  8.003732552e+05
Set parameter TimeLimit to value 1.2080184962749481e+03
Gurobi Optimizer version 12.0.3 build v12.0.3rc0 (linux64 - "Ubuntu 24.04.4 LTS")

CPU model: Intel(R) Xeon(R) Gold 6258R CPU @ 2.70GHz, instruction set [SSE2|AVX|AVX2|AVX512]
Thread count: 56 physical cores, 56 logical processors, using up to 1 threads

Non-default parameters:
TimeLimit  1.2080184962749481e+03
Method  1
Seed  20260919
Threads  1

Optimize a model with 189 rows, 51409 columns and 1438377 nonzeros
Coefficient statistics:
  Matrix range     [1e+00, 1e+00]
  Objective range  [1e+05, 5e+05]
  Bounds range     [1e+00, 1e+00]
  RHS range        [1e+00, 8e+00]
LP warm-start: use basis

Iteration    Objective       Primal Inf.    Dual Inf.      Time
       0   -3.1370236e+32   1.874676e+33   3.137024e+02      0s
       3    8.0037326e+05   0.000000e+00   0.000000e+00      0s

Solved in 3 iterations and 0.07 seconds (0.02 work units)
Optimal objective  8.003732552e+05
Set parameter TimeLimit to value 1.2066733310222626e+03
Gurobi Optimizer version 12.0.3 build v12.0.3rc0 (linux64 - "Ubuntu 24.04.4 LTS")

CPU model: Intel(R) Xeon(R) Gold 6258R CPU @ 2.70GHz, instruction set [SSE2|AVX|AVX2|AVX512]
Thread count: 56 physical cores, 56 logical processors, using up to 1 threads

Non-default parameters:
TimeLimit  1.2066733310222626e+03
Method  1
Seed  20260919
Threads  1

Optimize a model with 189 rows, 51439 columns and 1439360 nonzeros
Coefficient statistics:
  Matrix range     [1e+00, 1e+00]
  Objective range  [1e+05, 5e+05]
  Bounds range     [1e+00, 1e+00]
  RHS range        [1e+00, 8e+00]
LP warm-start: use basis

Iteration    Objective       Primal Inf.    Dual Inf.      Time
       0   -2.6523413e+32   1.146111e+33   2.652341e+02      0s
     192    8.0037316e+05   0.000000e+00   0.000000e+00      0s

Solved in 192 iterations and 0.33 seconds (0.60 work units)
Optimal objective  8.003731629e+05
Set parameter TimeLimit to value 1205.12743806839
Gurobi Optimizer version 12.0.3 build v12.0.3rc0 (linux64 - "Ubuntu 24.04.4 LTS")

CPU model: Intel(R) Xeon(R) Gold 6258R CPU @ 2.70GHz, instruction set [SSE2|AVX|AVX2|AVX512]
Thread count: 56 physical cores, 56 logical processors, using up to 1 threads

Non-default parameters:
TimeLimit  1205.12743806839
Method  1
Seed  20260919
Threads  1

Optimize a model with 189 rows, 51469 columns and 1440232 nonzeros
Coefficient statistics:
  Matrix range     [1e+00, 1e+00]
  Objective range  [1e+05, 5e+05]
  Bounds range     [1e+00, 1e+00]
  RHS range        [1e+00, 8e+00]
LP warm-start: use basis

Iteration    Objective       Primal Inf.    Dual Inf.      Time
       0   -2.8130592e+32   2.697305e+33   2.813059e+02      0s
       4    8.0037316e+05   0.000000e+00   0.000000e+00      0s

Solved in 4 iterations and 0.07 seconds (0.02 work units)
Optimal objective  8.003731629e+05
Set parameter TimeLimit to value 1.2038425819873810e+03
Gurobi Optimizer version 12.0.3 build v12.0.3rc0 (linux64 - "Ubuntu 24.04.4 LTS")

CPU model: Intel(R) Xeon(R) Gold 6258R CPU @ 2.70GHz, instruction set [SSE2|AVX|AVX2|AVX512]
Thread count: 56 physical cores, 56 logical processors, using up to 1 threads

Non-default parameters:
TimeLimit  1.2038425819873810e+03
Method  1
Seed  20260919
Threads  1

Optimize a model with 189 rows, 51499 columns and 1441166 nonzeros
Coefficient statistics:
  Matrix range     [1e+00, 1e+00]
  Objective range  [1e+05, 5e+05]
  Bounds range     [1e+00, 1e+00]
  RHS range        [1e+00, 8e+00]
LP warm-start: use basis

Iteration    Objective       Primal Inf.    Dual Inf.      Time
       0   -2.4895639e+32   3.425829e+33   2.489564e+02      0s
     214    8.0037297e+05   0.000000e+00   0.000000e+00      0s

Solved in 214 iterations and 0.34 seconds (0.63 work units)
Optimal objective  8.003729675e+05
Set parameter TimeLimit to value 1.2020001833438873e+03
Gurobi Optimizer version 12.0.3 build v12.0.3rc0 (linux64 - "Ubuntu 24.04.4 LTS")

CPU model: Intel(R) Xeon(R) Gold 6258R CPU @ 2.70GHz, instruction set [SSE2|AVX|AVX2|AVX512]
Thread count: 56 physical cores, 56 logical processors, using up to 1 threads

Non-default parameters:
TimeLimit  1.2020001833438873e+03
Method  1
Seed  20260919
Threads  1

Optimize a model with 189 rows, 51529 columns and 1441971 nonzeros
Coefficient statistics:
  Matrix range     [1e+00, 1e+00]
  Objective range  [1e+05, 5e+05]
  Bounds range     [1e+00, 1e+00]
  RHS range        [1e+00, 8e+00]
LP warm-start: use basis

Iteration    Objective       Primal Inf.    Dual Inf.      Time
       0   -2.0708946e+32   6.311933e+32   2.070895e+02      0s
     152    8.0037287e+05   0.000000e+00   0.000000e+00      0s

Solved in 152 iterations and 0.27 seconds (0.47 work units)
Optimal objective  8.003728712e+05
Set parameter TimeLimit to value 1.2002244377136230e+03
Gurobi Optimizer version 12.0.3 build v12.0.3rc0 (linux64 - "Ubuntu 24.04.4 LTS")

CPU model: Intel(R) Xeon(R) Gold 6258R CPU @ 2.70GHz, instruction set [SSE2|AVX|AVX2|AVX512]
Thread count: 56 physical cores, 56 logical processors, using up to 1 threads

Non-default parameters:
TimeLimit  1.2002244377136230e+03
Method  1
Seed  20260919
Threads  1

Optimize a model with 189 rows, 51559 columns and 1442847 nonzeros
Coefficient statistics:
  Matrix range     [1e+00, 1e+00]
  Objective range  [1e+05, 5e+05]
  Bounds range     [1e+00, 1e+00]
  RHS range        [1e+00, 8e+00]
LP warm-start: use basis

Iteration    Objective       Primal Inf.    Dual Inf.      Time
       0   -2.5262778e+32   1.504242e+33   2.526278e+02      0s
       1    8.0037287e+05   0.000000e+00   0.000000e+00      0s

Solved in 1 iterations and 0.07 seconds (0.02 work units)
Optimal objective  8.003728712e+05
Set parameter TimeLimit to value 1.1983297476768494e+03
Gurobi Optimizer version 12.0.3 build v12.0.3rc0 (linux64 - "Ubuntu 24.04.4 LTS")

CPU model: Intel(R) Xeon(R) Gold 6258R CPU @ 2.70GHz, instruction set [SSE2|AVX|AVX2|AVX512]
Thread count: 56 physical cores, 56 logical processors, using up to 1 threads

Non-default parameters:
TimeLimit  1.1983297476768494e+03
Method  1
Seed  20260919
Threads  1

Optimize a model with 189 rows, 51589 columns and 1443725 nonzeros
Coefficient statistics:
  Matrix range     [1e+00, 1e+00]
  Objective range  [1e+05, 5e+05]
  Bounds range     [1e+00, 1e+00]
  RHS range        [1e+00, 8e+00]
LP warm-start: use basis

Iteration    Objective       Primal Inf.    Dual Inf.      Time
       0   -2.2631724e+32   7.818760e+32   2.263172e+02      0s
       5    8.0037287e+05   0.000000e+00   0.000000e+00      0s

Solved in 5 iterations and 0.08 seconds (0.02 work units)
Optimal objective  8.003728712e+05
Set parameter TimeLimit to value 1.1967560968399048e+03
Gurobi Optimizer version 12.0.3 build v12.0.3rc0 (linux64 - "Ubuntu 24.04.4 LTS")

CPU model: Intel(R) Xeon(R) Gold 6258R CPU @ 2.70GHz, instruction set [SSE2|AVX|AVX2|AVX512]
Thread count: 56 physical cores, 56 logical processors, using up to 1 threads

Non-default parameters:
TimeLimit  1.1967560968399048e+03
Method  1
Seed  20260919
Threads  1

Optimize a model with 189 rows, 51619 columns and 1444602 nonzeros
Coefficient statistics:
  Matrix range     [1e+00, 1e+00]
  Objective range  [1e+05, 5e+05]
  Bounds range     [1e+00, 1e+00]
  RHS range        [1e+00, 8e+00]
LP warm-start: use basis

Iteration    Objective       Primal Inf.    Dual Inf.      Time
       0   -2.4031610e+32   1.366118e+33   2.403161e+02      0s
       3    8.0037287e+05   0.000000e+00   0.000000e+00      0s

Solved in 3 iterations and 0.07 seconds (0.02 work units)
Optimal objective  8.003728712e+05
Set parameter TimeLimit to value 1.1951781697273254e+03
Gurobi Optimizer version 12.0.3 build v12.0.3rc0 (linux64 - "Ubuntu 24.04.4 LTS")

CPU model: Intel(R) Xeon(R) Gold 6258R CPU @ 2.70GHz, instruction set [SSE2|AVX|AVX2|AVX512]
Thread count: 56 physical cores, 56 logical processors, using up to 1 threads

Non-default parameters:
TimeLimit  1.1951781697273254e+03
Method  1
Seed  20260919
Threads  1

Optimize a model with 189 rows, 51649 columns and 1445429 nonzeros
Coefficient statistics:
  Matrix range     [1e+00, 1e+00]
  Objective range  [1e+05, 5e+05]
  Bounds range     [1e+00, 1e+00]
  RHS range        [1e+00, 8e+00]
LP warm-start: use basis

Iteration    Objective       Primal Inf.    Dual Inf.      Time
       0   -1.9671204e+32   8.158176e+32   1.967120e+02      0s
       5    8.0037287e+05   0.000000e+00   0.000000e+00      0s

Solved in 5 iterations and 0.07 seconds (0.02 work units)
Optimal objective  8.003728712e+05
Set parameter TimeLimit to value 1.1936269757747650e+03
Gurobi Optimizer version 12.0.3 build v12.0.3rc0 (linux64 - "Ubuntu 24.04.4 LTS")

CPU model: Intel(R) Xeon(R) Gold 6258R CPU @ 2.70GHz, instruction set [SSE2|AVX|AVX2|AVX512]
Thread count: 56 physical cores, 56 logical processors, using up to 1 threads

Non-default parameters:
TimeLimit  1.1936269757747650e+03
Method  1
Seed  20260919
Threads  1

Optimize a model with 189 rows, 51679 columns and 1446332 nonzeros
Coefficient statistics:
  Matrix range     [1e+00, 1e+00]
  Objective range  [1e+05, 5e+05]
  Bounds range     [1e+00, 1e+00]
  RHS range        [1e+00, 8e+00]
LP warm-start: use basis

Iteration    Objective       Primal Inf.    Dual Inf.      Time
       0   -1.6373757e+32   6.090499e+32   1.637376e+02      0s
     235    8.0037243e+05   0.000000e+00   0.000000e+00      0s

Solved in 235 iterations and 0.39 seconds (0.74 work units)
Optimal objective  8.003724291e+05
Set parameter TimeLimit to value 1.1920253720283508e+03
Gurobi Optimizer version 12.0.3 build v12.0.3rc0 (linux64 - "Ubuntu 24.04.4 LTS")

CPU model: Intel(R) Xeon(R) Gold 6258R CPU @ 2.70GHz, instruction set [SSE2|AVX|AVX2|AVX512]
Thread count: 56 physical cores, 56 logical processors, using up to 1 threads

Non-default parameters:
TimeLimit  1.1920253720283508e+03
Method  1
Seed  20260919
Threads  1

Optimize a model with 189 rows, 51709 columns and 1447255 nonzeros
Coefficient statistics:
  Matrix range     [1e+00, 1e+00]
  Objective range  [1e+05, 5e+05]
  Bounds range     [1e+00, 1e+00]
  RHS range        [1e+00, 8e+00]
LP warm-start: use basis

Iteration    Objective       Primal Inf.    Dual Inf.      Time
       0   -2.1711550e+32   1.196328e+33   2.171155e+02      0s
     279    8.0037192e+05   0.000000e+00   0.000000e+00      0s

Solved in 279 iterations and 0.45 seconds (0.90 work units)
Optimal objective  8.003719156e+05
Set parameter TimeLimit to value 1.1902344996929169e+03
Gurobi Optimizer version 12.0.3 build v12.0.3rc0 (linux64 - "Ubuntu 24.04.4 LTS")

CPU model: Intel(R) Xeon(R) Gold 6258R CPU @ 2.70GHz, instruction set [SSE2|AVX|AVX2|AVX512]
Thread count: 56 physical cores, 56 logical processors, using up to 1 threads

Non-default parameters:
TimeLimit  1.1902344996929169e+03
Method  1
Seed  20260919
Threads  1

Optimize a model with 189 rows, 51739 columns and 1448070 nonzeros
Coefficient statistics:
  Matrix range     [1e+00, 1e+00]
  Objective range  [1e+05, 5e+05]
  Bounds range     [1e+00, 1e+00]
  RHS range        [1e+00, 8e+00]
LP warm-start: use basis

Iteration    Objective       Primal Inf.    Dual Inf.      Time
       0   -2.3351576e+32   1.682489e+33   2.335158e+02      0s
       1    8.0037192e+05   0.000000e+00   0.000000e+00      0s

Solved in 1 iterations and 0.07 seconds (0.02 work units)
Optimal objective  8.003719156e+05
Set parameter TimeLimit to value 1.1888200106620789e+03
Gurobi Optimizer version 12.0.3 build v12.0.3rc0 (linux64 - "Ubuntu 24.04.4 LTS")

CPU model: Intel(R) Xeon(R) Gold 6258R CPU @ 2.70GHz, instruction set [SSE2|AVX|AVX2|AVX512]
Thread count: 56 physical cores, 56 logical processors, using up to 1 threads

Non-default parameters:
TimeLimit  1.1888200106620789e+03
Method  1
Seed  20260919
Threads  1

Optimize a model with 189 rows, 51769 columns and 1448915 nonzeros
Coefficient statistics:
  Matrix range     [1e+00, 1e+00]
  Objective range  [1e+05, 5e+05]
  Bounds range     [1e+00, 1e+00]
  RHS range        [1e+00, 8e+00]
LP warm-start: use basis

Iteration    Objective       Primal Inf.    Dual Inf.      Time
       0   -2.2607576e+32   1.652489e+33   2.260758e+02      0s
      33    8.0037192e+05   0.000000e+00   0.000000e+00      0s

Solved in 33 iterations and 0.12 seconds (0.12 work units)
Optimal objective  8.003719156e+05
Set parameter TimeLimit to value 1.1873168966770172e+03
Gurobi Optimizer version 12.0.3 build v12.0.3rc0 (linux64 - "Ubuntu 24.04.4 LTS")

CPU model: Intel(R) Xeon(R) Gold 6258R CPU @ 2.70GHz, instruction set [SSE2|AVX|AVX2|AVX512]
Thread count: 56 physical cores, 56 logical processors, using up to 1 threads

Non-default parameters:
TimeLimit  1.1873168966770172e+03
Method  1
Seed  20260919
Threads  1

Optimize a model with 189 rows, 51799 columns and 1449795 nonzeros
Coefficient statistics:
  Matrix range     [1e+00, 1e+00]
  Objective range  [1e+05, 5e+05]
  Bounds range     [1e+00, 1e+00]
  RHS range        [1e+00, 8e+00]
LP warm-start: use basis

Iteration    Objective       Primal Inf.    Dual Inf.      Time
       0   -2.0439888e+32   7.868808e+32   2.043989e+02      0s
       1    8.0037192e+05   0.000000e+00   0.000000e+00      0s

Solved in 1 iterations and 0.08 seconds (0.02 work units)
Optimal objective  8.003719156e+05
Set parameter TimeLimit to value 1.1858740439414978e+03
Gurobi Optimizer version 12.0.3 build v12.0.3rc0 (linux64 - "Ubuntu 24.04.4 LTS")

CPU model: Intel(R) Xeon(R) Gold 6258R CPU @ 2.70GHz, instruction set [SSE2|AVX|AVX2|AVX512]
Thread count: 56 physical cores, 56 logical processors, using up to 1 threads

Non-default parameters:
TimeLimit  1.1858740439414978e+03
Method  1
Seed  20260919
Threads  1

Optimize a model with 189 rows, 51829 columns and 1450687 nonzeros
Coefficient statistics:
  Matrix range     [1e+00, 1e+00]
  Objective range  [1e+05, 5e+05]
  Bounds range     [1e+00, 1e+00]
  RHS range        [1e+00, 8e+00]
LP warm-start: use basis

Iteration    Objective       Primal Inf.    Dual Inf.      Time
       0   -1.9914852e+32   5.341107e+32   1.991485e+02      0s
     368    8.0037105e+05   0.000000e+00   0.000000e+00      1s

Solved in 368 iterations and 0.64 seconds (1.16 work units)
Optimal objective  8.003710455e+05
Set parameter TimeLimit to value 1.1837837977409363e+03
Gurobi Optimizer version 12.0.3 build v12.0.3rc0 (linux64 - "Ubuntu 24.04.4 LTS")

CPU model: Intel(R) Xeon(R) Gold 6258R CPU @ 2.70GHz, instruction set [SSE2|AVX|AVX2|AVX512]
Thread count: 56 physical cores, 56 logical processors, using up to 1 threads

Non-default parameters:
TimeLimit  1.1837837977409363e+03
Method  1
Seed  20260919
Threads  1

Optimize a model with 189 rows, 51859 columns and 1451532 nonzeros
Coefficient statistics:
  Matrix range     [1e+00, 1e+00]
  Objective range  [1e+05, 5e+05]
  Bounds range     [1e+00, 1e+00]
  RHS range        [1e+00, 8e+00]
LP warm-start: use basis

Iteration    Objective       Primal Inf.    Dual Inf.      Time
       0   -2.6712827e+32   1.494069e+33   2.671283e+02      0s
      58    8.0037105e+05   0.000000e+00   0.000000e+00      0s

Solved in 58 iterations and 0.14 seconds (0.19 work units)
Optimal objective  8.003710455e+05
Set parameter TimeLimit to value 1.1822617497444153e+03
Gurobi Optimizer version 12.0.3 build v12.0.3rc0 (linux64 - "Ubuntu 24.04.4 LTS")

CPU model: Intel(R) Xeon(R) Gold 6258R CPU @ 2.70GHz, instruction set [SSE2|AVX|AVX2|AVX512]
Thread count: 56 physical cores, 56 logical processors, using up to 1 threads

Non-default parameters:
TimeLimit  1.1822617497444153e+03
Method  1
Seed  20260919
Threads  1

Optimize a model with 189 rows, 51889 columns and 1452472 nonzeros
Coefficient statistics:
  Matrix range     [1e+00, 1e+00]
  Objective range  [1e+05, 5e+05]
  Bounds range     [1e+00, 1e+00]
  RHS range        [1e+00, 8e+00]
LP warm-start: use basis

Iteration    Objective       Primal Inf.    Dual Inf.      Time
       0   -2.1763515e+32   8.197659e+32   2.176351e+02      0s
     177    8.0037105e+05   0.000000e+00   0.000000e+00      0s

Solved in 177 iterations and 0.31 seconds (0.55 work units)
Optimal objective  8.003710455e+05
Set parameter TimeLimit to value 1.1800231904983521e+03
Gurobi Optimizer version 12.0.3 build v12.0.3rc0 (linux64 - "Ubuntu 24.04.4 LTS")

CPU model: Intel(R) Xeon(R) Gold 6258R CPU @ 2.70GHz, instruction set [SSE2|AVX|AVX2|AVX512]
Thread count: 56 physical cores, 56 logical processors, using up to 1 threads

Non-default parameters:
TimeLimit  1.1800231904983521e+03
Method  1
Seed  20260919
Threads  1

Optimize a model with 189 rows, 51919 columns and 1453381 nonzeros
Coefficient statistics:
  Matrix range     [1e+00, 1e+00]
  Objective range  [1e+05, 5e+05]
  Bounds range     [1e+00, 1e+00]
  RHS range        [1e+00, 8e+00]
LP warm-start: use basis

Iteration    Objective       Primal Inf.    Dual Inf.      Time
       0   -2.7664666e+32   1.586190e+33   2.766467e+02      0s
      51    8.0037105e+05   0.000000e+00   0.000000e+00      0s

Solved in 51 iterations and 0.16 seconds (0.16 work units)
Optimal objective  8.003710455e+05
Set parameter TimeLimit to value 1.1779894254207611e+03
Gurobi Optimizer version 12.0.3 build v12.0.3rc0 (linux64 - "Ubuntu 24.04.4 LTS")

CPU model: Intel(R) Xeon(R) Gold 6258R CPU @ 2.70GHz, instruction set [SSE2|AVX|AVX2|AVX512]
Thread count: 56 physical cores, 56 logical processors, using up to 1 threads

Non-default parameters:
TimeLimit  1.1779894254207611e+03
Method  1
Seed  20260919
Threads  1

Optimize a model with 189 rows, 51949 columns and 1454244 nonzeros
Coefficient statistics:
  Matrix range     [1e+00, 1e+00]
  Objective range  [1e+05, 5e+05]
  Bounds range     [1e+00, 1e+00]
  RHS range        [1e+00, 8e+00]
LP warm-start: use basis

Iteration    Objective       Primal Inf.    Dual Inf.      Time
       0   -1.7784483e+32   8.201321e+32   1.778448e+02      0s
     127    8.0037105e+05   0.000000e+00   0.000000e+00      0s

Solved in 127 iterations and 0.24 seconds (0.39 work units)
Optimal objective  8.003710455e+05
Set parameter TimeLimit to value 1.1761846385002136e+03
Gurobi Optimizer version 12.0.3 build v12.0.3rc0 (linux64 - "Ubuntu 24.04.4 LTS")

CPU model: Intel(R) Xeon(R) Gold 6258R CPU @ 2.70GHz, instruction set [SSE2|AVX|AVX2|AVX512]
Thread count: 56 physical cores, 56 logical processors, using up to 1 threads

Non-default parameters:
TimeLimit  1.1761846385002136e+03
Method  1
Seed  20260919
Threads  1

Optimize a model with 189 rows, 51979 columns and 1455144 nonzeros
Coefficient statistics:
  Matrix range     [1e+00, 1e+00]
  Objective range  [1e+05, 5e+05]
  Bounds range     [1e+00, 1e+00]
  RHS range        [1e+00, 8e+00]
LP warm-start: use basis

Iteration    Objective       Primal Inf.    Dual Inf.      Time
       0   -2.5835166e+32   1.170868e+33   2.583517e+02      0s
      96    8.0037105e+05   0.000000e+00   0.000000e+00      0s

Solved in 96 iterations and 0.25 seconds (0.32 work units)
Optimal objective  8.003710455e+05
Set parameter TimeLimit to value 1.1744421908855438e+03
Gurobi Optimizer version 12.0.3 build v12.0.3rc0 (linux64 - "Ubuntu 24.04.4 LTS")

CPU model: Intel(R) Xeon(R) Gold 6258R CPU @ 2.70GHz, instruction set [SSE2|AVX|AVX2|AVX512]
Thread count: 56 physical cores, 56 logical processors, using up to 1 threads

Non-default parameters:
TimeLimit  1.1744421908855438e+03
Method  1
Seed  20260919
Threads  1

Optimize a model with 189 rows, 52009 columns and 1456118 nonzeros
Coefficient statistics:
  Matrix range     [1e+00, 1e+00]
  Objective range  [1e+05, 5e+05]
  Bounds range     [1e+00, 1e+00]
  RHS range        [1e+00, 8e+00]
LP warm-start: use basis

Iteration    Objective       Primal Inf.    Dual Inf.      Time
       0   -2.0729057e+32   9.340185e+32   2.072906e+02      0s
      24    8.0037105e+05   0.000000e+00   0.000000e+00      0s

Solved in 24 iterations and 0.13 seconds (0.08 work units)
Optimal objective  8.003710455e+05
Set parameter TimeLimit to value 1.1727881145477295e+03
Gurobi Optimizer version 12.0.3 build v12.0.3rc0 (linux64 - "Ubuntu 24.04.4 LTS")

CPU model: Intel(R) Xeon(R) Gold 6258R CPU @ 2.70GHz, instruction set [SSE2|AVX|AVX2|AVX512]
Thread count: 56 physical cores, 56 logical processors, using up to 1 threads

Non-default parameters:
TimeLimit  1.1727881145477295e+03
Method  1
Seed  20260919
Threads  1

Optimize a model with 189 rows, 52039 columns and 1457091 nonzeros
Coefficient statistics:
  Matrix range     [1e+00, 1e+00]
  Objective range  [1e+05, 5e+05]
  Bounds range     [1e+00, 1e+00]
  RHS range        [1e+00, 8e+00]
LP warm-start: use basis

Iteration    Objective       Primal Inf.    Dual Inf.      Time
       0   -1.8320463e+32   6.286386e+32   1.832046e+02      0s
     115    8.0037088e+05   0.000000e+00   0.000000e+00      0s

Solved in 115 iterations and 0.28 seconds (0.37 work units)
Optimal objective  8.003708772e+05
Set parameter TimeLimit to value 1.1708766384124756e+03
Gurobi Optimizer version 12.0.3 build v12.0.3rc0 (linux64 - "Ubuntu 24.04.4 LTS")

CPU model: Intel(R) Xeon(R) Gold 6258R CPU @ 2.70GHz, instruction set [SSE2|AVX|AVX2|AVX512]
Thread count: 56 physical cores, 56 logical processors, using up to 1 threads

Non-default parameters:
TimeLimit  1.1708766384124756e+03
Method  1
Seed  20260919
Threads  1

Optimize a model with 189 rows, 52069 columns and 1458097 nonzeros
Coefficient statistics:
  Matrix range     [1e+00, 1e+00]
  Objective range  [1e+05, 5e+05]
  Bounds range     [1e+00, 1e+00]
  RHS range        [1e+00, 8e+00]
LP warm-start: use basis

Iteration    Objective       Primal Inf.    Dual Inf.      Time
       0   -2.6323059e+32   9.611981e+32   2.632306e+02      0s
     199    8.0037073e+05   0.000000e+00   0.000000e+00      0s

Solved in 199 iterations and 0.41 seconds (0.64 work units)
Optimal objective  8.003707332e+05
Set parameter TimeLimit to value 1.1689154899120331e+03
Gurobi Optimizer version 12.0.3 build v12.0.3rc0 (linux64 - "Ubuntu 24.04.4 LTS")

CPU model: Intel(R) Xeon(R) Gold 6258R CPU @ 2.70GHz, instruction set [SSE2|AVX|AVX2|AVX512]
Thread count: 56 physical cores, 56 logical processors, using up to 1 threads

Non-default parameters:
TimeLimit  1.1689154899120331e+03
Method  1
Seed  20260919
Threads  1

Optimize a model with 189 rows, 52099 columns and 1459013 nonzeros
Coefficient statistics:
  Matrix range     [1e+00, 1e+00]
  Objective range  [1e+05, 5e+05]
  Bounds range     [1e+00, 1e+00]
  RHS range        [1e+00, 8e+00]
LP warm-start: use basis

Iteration    Objective       Primal Inf.    Dual Inf.      Time
       0   -2.5916927e+32   2.724436e+33   2.591693e+02      0s
      27    8.0037073e+05   0.000000e+00   0.000000e+00      0s

Solved in 27 iterations and 0.14 seconds (0.11 work units)
Optimal objective  8.003707332e+05
Set parameter TimeLimit to value 1.1672999196052551e+03
Gurobi Optimizer version 12.0.3 build v12.0.3rc0 (linux64 - "Ubuntu 24.04.4 LTS")

CPU model: Intel(R) Xeon(R) Gold 6258R CPU @ 2.70GHz, instruction set [SSE2|AVX|AVX2|AVX512]
Thread count: 56 physical cores, 56 logical processors, using up to 1 threads

Non-default parameters:
TimeLimit  1.1672999196052551e+03
Method  1
Seed  20260919
Threads  1

Optimize a model with 189 rows, 52129 columns and 1459968 nonzeros
Coefficient statistics:
  Matrix range     [1e+00, 1e+00]
  Objective range  [1e+05, 5e+05]
  Bounds range     [1e+00, 1e+00]
  RHS range        [1e+00, 8e+00]
LP warm-start: use basis

Iteration    Objective       Primal Inf.    Dual Inf.      Time
       0   -1.7801434e+32   1.402572e+33   1.780143e+02      0s
     266    8.0037040e+05   0.000000e+00   0.000000e+00      1s

Solved in 266 iterations and 0.53 seconds (0.86 work units)
Optimal objective  8.003704021e+05
Set parameter TimeLimit to value 1.1651271536350250e+03
Gurobi Optimizer version 12.0.3 build v12.0.3rc0 (linux64 - "Ubuntu 24.04.4 LTS")

CPU model: Intel(R) Xeon(R) Gold 6258R CPU @ 2.70GHz, instruction set [SSE2|AVX|AVX2|AVX512]
Thread count: 56 physical cores, 56 logical processors, using up to 1 threads

Non-default parameters:
TimeLimit  1.1651271536350250e+03
Method  1
Seed  20260919
Threads  1

Optimize a model with 189 rows, 52159 columns and 1460909 nonzeros
Coefficient statistics:
  Matrix range     [1e+00, 1e+00]
  Objective range  [1e+05, 5e+05]
  Bounds range     [1e+00, 1e+00]
  RHS range        [1e+00, 8e+00]
LP warm-start: use basis

Iteration    Objective       Primal Inf.    Dual Inf.      Time
       0   -2.2789700e+32   1.009152e+33   2.278970e+02      0s
     155    8.0037040e+05   0.000000e+00   0.000000e+00      0s

Solved in 155 iterations and 0.33 seconds (0.49 work units)
Optimal objective  8.003704021e+05
Set parameter TimeLimit to value 1.1629951310157776e+03
Gurobi Optimizer version 12.0.3 build v12.0.3rc0 (linux64 - "Ubuntu 24.04.4 LTS")

CPU model: Intel(R) Xeon(R) Gold 6258R CPU @ 2.70GHz, instruction set [SSE2|AVX|AVX2|AVX512]
Thread count: 56 physical cores, 56 logical processors, using up to 1 threads

Non-default parameters:
TimeLimit  1.1629951310157776e+03
Method  1
Seed  20260919
Threads  1

Optimize a model with 189 rows, 52189 columns and 1461881 nonzeros
Coefficient statistics:
  Matrix range     [1e+00, 1e+00]
  Objective range  [1e+05, 5e+05]
  Bounds range     [1e+00, 1e+00]
  RHS range        [1e+00, 8e+00]
LP warm-start: use basis

Iteration    Objective       Primal Inf.    Dual Inf.      Time
       0   -1.8334504e+32   6.271966e+32   1.833450e+02      0s
     153    8.0037025e+05   0.000000e+00   0.000000e+00      0s

Solved in 153 iterations and 0.34 seconds (0.49 work units)
Optimal objective  8.003702508e+05
Set parameter TimeLimit to value 1.1610258440971375e+03
Gurobi Optimizer version 12.0.3 build v12.0.3rc0 (linux64 - "Ubuntu 24.04.4 LTS")

CPU model: Intel(R) Xeon(R) Gold 6258R CPU @ 2.70GHz, instruction set [SSE2|AVX|AVX2|AVX512]
Thread count: 56 physical cores, 56 logical processors, using up to 1 threads

Non-default parameters:
TimeLimit  1.1610258440971375e+03
Method  1
Seed  20260919
Threads  1

Optimize a model with 189 rows, 52219 columns and 1462831 nonzeros
Coefficient statistics:
  Matrix range     [1e+00, 1e+00]
  Objective range  [1e+05, 5e+05]
  Bounds range     [1e+00, 1e+00]
  RHS range        [1e+00, 8e+00]
LP warm-start: use basis

Iteration    Objective       Primal Inf.    Dual Inf.      Time
       0   -1.8616617e+32   9.966316e+32   1.861662e+02      0s
      82    8.0037021e+05   0.000000e+00   0.000000e+00      0s

Solved in 82 iterations and 0.21 seconds (0.26 work units)
Optimal objective  8.003702140e+05
Set parameter TimeLimit to value 1.1591969013214111e+03
Gurobi Optimizer version 12.0.3 build v12.0.3rc0 (linux64 - "Ubuntu 24.04.4 LTS")

CPU model: Intel(R) Xeon(R) Gold 6258R CPU @ 2.70GHz, instruction set [SSE2|AVX|AVX2|AVX512]
Thread count: 56 physical cores, 56 logical processors, using up to 1 threads

Non-default parameters:
TimeLimit  1.1591969013214111e+03
Method  1
Seed  20260919
Threads  1

Optimize a model with 189 rows, 52249 columns and 1463688 nonzeros
Coefficient statistics:
  Matrix range     [1e+00, 1e+00]
  Objective range  [1e+05, 5e+05]
  Bounds range     [1e+00, 1e+00]
  RHS range        [1e+00, 8e+00]
LP warm-start: use basis

Iteration    Objective       Primal Inf.    Dual Inf.      Time
       0   -1.0984642e+32   3.564514e+33   1.098464e+02      0s
     120    8.0037009e+05   0.000000e+00   0.000000e+00      0s

Solved in 120 iterations and 0.28 seconds (0.37 work units)
Optimal objective  8.003700920e+05
Set parameter TimeLimit to value 1.1575098237991333e+03
Gurobi Optimizer version 12.0.3 build v12.0.3rc0 (linux64 - "Ubuntu 24.04.4 LTS")

CPU model: Intel(R) Xeon(R) Gold 6258R CPU @ 2.70GHz, instruction set [SSE2|AVX|AVX2|AVX512]
Thread count: 56 physical cores, 56 logical processors, using up to 1 threads

Non-default parameters:
TimeLimit  1.1575098237991333e+03
Method  1
Seed  20260919
Threads  1

Optimize a model with 189 rows, 52279 columns and 1464563 nonzeros
Coefficient statistics:
  Matrix range     [1e+00, 1e+00]
  Objective range  [1e+05, 5e+05]
  Bounds range     [1e+00, 1e+00]
  RHS range        [1e+00, 8e+00]
LP warm-start: use basis

Iteration    Objective       Primal Inf.    Dual Inf.      Time
       0   -1.2024341e+32   1.778243e+33   1.202434e+02      0s
     150    8.0037006e+05   0.000000e+00   0.000000e+00      0s

Solved in 150 iterations and 0.33 seconds (0.49 work units)
Optimal objective  8.003700619e+05
Set parameter TimeLimit to value 1.1556392595767975e+03
Gurobi Optimizer version 12.0.3 build v12.0.3rc0 (linux64 - "Ubuntu 24.04.4 LTS")

CPU model: Intel(R) Xeon(R) Gold 6258R CPU @ 2.70GHz, instruction set [SSE2|AVX|AVX2|AVX512]
Thread count: 56 physical cores, 56 logical processors, using up to 1 threads

Non-default parameters:
TimeLimit  1.1556392595767975e+03
Method  1
Seed  20260919
Threads  1

Optimize a model with 189 rows, 52309 columns and 1465435 nonzeros
Coefficient statistics:
  Matrix range     [1e+00, 1e+00]
  Objective range  [1e+05, 5e+05]
  Bounds range     [1e+00, 1e+00]
  RHS range        [1e+00, 8e+00]
LP warm-start: use basis

Iteration    Objective       Primal Inf.    Dual Inf.      Time
       0   -1.1516454e+32   9.996676e+32   1.151645e+02      0s
      91    8.0036998e+05   0.000000e+00   0.000000e+00      0s

Solved in 91 iterations and 0.20 seconds (0.30 work units)
Optimal objective  8.003699835e+05
Set parameter TimeLimit to value 1.1538999843597412e+03
Gurobi Optimizer version 12.0.3 build v12.0.3rc0 (linux64 - "Ubuntu 24.04.4 LTS")

CPU model: Intel(R) Xeon(R) Gold 6258R CPU @ 2.70GHz, instruction set [SSE2|AVX|AVX2|AVX512]
Thread count: 56 physical cores, 56 logical processors, using up to 1 threads

Non-default parameters:
TimeLimit  1.1538999843597412e+03
Method  1
Seed  20260919
Threads  1

Optimize a model with 189 rows, 52339 columns and 1466229 nonzeros
Coefficient statistics:
  Matrix range     [1e+00, 1e+00]
  Objective range  [1e+05, 5e+05]
  Bounds range     [1e+00, 1e+00]
  RHS range        [1e+00, 8e+00]
LP warm-start: use basis

Iteration    Objective       Primal Inf.    Dual Inf.      Time
       0   -8.4341811e+31   1.432621e+33   8.434181e+01      0s
     155    8.0036973e+05   0.000000e+00   0.000000e+00      0s

Solved in 155 iterations and 0.28 seconds (0.49 work units)
Optimal objective  8.003697261e+05
Set parameter TimeLimit to value 1.1524481492042542e+03
Gurobi Optimizer version 12.0.3 build v12.0.3rc0 (linux64 - "Ubuntu 24.04.4 LTS")

CPU model: Intel(R) Xeon(R) Gold 6258R CPU @ 2.70GHz, instruction set [SSE2|AVX|AVX2|AVX512]
Thread count: 56 physical cores, 56 logical processors, using up to 1 threads

Non-default parameters:
TimeLimit  1.1524481492042542e+03
Method  1
Seed  20260919
Threads  1

Optimize a model with 189 rows, 52369 columns and 1467096 nonzeros
Coefficient statistics:
  Matrix range     [1e+00, 1e+00]
  Objective range  [1e+05, 5e+05]
  Bounds range     [1e+00, 1e+00]
  RHS range        [1e+00, 8e+00]
LP warm-start: use basis

Iteration    Objective       Primal Inf.    Dual Inf.      Time
       0   -1.0427700e+32   6.637015e+32   1.042770e+02      0s
       3    8.0036973e+05   0.000000e+00   0.000000e+00      0s

Solved in 3 iterations and 0.07 seconds (0.02 work units)
Optimal objective  8.003697261e+05
Set parameter TimeLimit to value 1.1511091797351837e+03
Gurobi Optimizer version 12.0.3 build v12.0.3rc0 (linux64 - "Ubuntu 24.04.4 LTS")

CPU model: Intel(R) Xeon(R) Gold 6258R CPU @ 2.70GHz, instruction set [SSE2|AVX|AVX2|AVX512]
Thread count: 56 physical cores, 56 logical processors, using up to 1 threads

Non-default parameters:
TimeLimit  1.1511091797351837e+03
Method  1
Seed  20260919
Threads  1

Optimize a model with 189 rows, 52399 columns and 1467979 nonzeros
Coefficient statistics:
  Matrix range     [1e+00, 1e+00]
  Objective range  [1e+05, 5e+05]
  Bounds range     [1e+00, 1e+00]
  RHS range        [1e+00, 8e+00]
LP warm-start: use basis

Iteration    Objective       Primal Inf.    Dual Inf.      Time
       0   -8.9030032e+31   1.991018e+33   8.903003e+01      0s
     133    8.0036966e+05   0.000000e+00   0.000000e+00      0s

Solved in 133 iterations and 0.25 seconds (0.43 work units)
Optimal objective  8.003696618e+05
Set parameter TimeLimit to value 1.1494901258945465e+03
Gurobi Optimizer version 12.0.3 build v12.0.3rc0 (linux64 - "Ubuntu 24.04.4 LTS")

CPU model: Intel(R) Xeon(R) Gold 6258R CPU @ 2.70GHz, instruction set [SSE2|AVX|AVX2|AVX512]
Thread count: 56 physical cores, 56 logical processors, using up to 1 threads

Non-default parameters:
TimeLimit  1.1494901258945465e+03
Method  1
Seed  20260919
Threads  1

Optimize a model with 189 rows, 52429 columns and 1468864 nonzeros
Coefficient statistics:
  Matrix range     [1e+00, 1e+00]
  Objective range  [1e+05, 5e+05]
  Bounds range     [1e+00, 1e+00]
  RHS range        [1e+00, 8e+00]
LP warm-start: use basis

Iteration    Objective       Primal Inf.    Dual Inf.      Time
       0   -1.4729526e+32   4.043810e+32   1.472953e+02      0s
     304    8.0036922e+05   0.000000e+00   0.000000e+00      0s

Solved in 304 iterations and 0.46 seconds (0.92 work units)
Optimal objective  8.003692222e+05
Set parameter TimeLimit to value 1.1478138310909271e+03
Gurobi Optimizer version 12.0.3 build v12.0.3rc0 (linux64 - "Ubuntu 24.04.4 LTS")

CPU model: Intel(R) Xeon(R) Gold 6258R CPU @ 2.70GHz, instruction set [SSE2|AVX|AVX2|AVX512]
Thread count: 56 physical cores, 56 logical processors, using up to 1 threads

Non-default parameters:
TimeLimit  1.1478138310909271e+03
Method  1
Seed  20260919
Threads  1

Optimize a model with 189 rows, 52459 columns and 1469772 nonzeros
Coefficient statistics:
  Matrix range     [1e+00, 1e+00]
  Objective range  [1e+05, 5e+05]
  Bounds range     [1e+00, 1e+00]
  RHS range        [1e+00, 8e+00]
LP warm-start: use basis

Iteration    Objective       Primal Inf.    Dual Inf.      Time
       0   -1.1506686e+32   1.886421e+33   1.150669e+02      0s
      17    8.0036922e+05   0.000000e+00   0.000000e+00      0s

Solved in 17 iterations and 0.09 seconds (0.05 work units)
Optimal objective  8.003692222e+05
Set parameter TimeLimit to value 1.1464845175743103e+03
Gurobi Optimizer version 12.0.3 build v12.0.3rc0 (linux64 - "Ubuntu 24.04.4 LTS")

CPU model: Intel(R) Xeon(R) Gold 6258R CPU @ 2.70GHz, instruction set [SSE2|AVX|AVX2|AVX512]
Thread count: 56 physical cores, 56 logical processors, using up to 1 threads

Non-default parameters:
TimeLimit  1.1464845175743103e+03
Method  1
Seed  20260919
Threads  1

Optimize a model with 189 rows, 52489 columns and 1470668 nonzeros
Coefficient statistics:
  Matrix range     [1e+00, 1e+00]
  Objective range  [1e+05, 5e+05]
  Bounds range     [1e+00, 1e+00]
  RHS range        [1e+00, 8e+00]
LP warm-start: use basis

Iteration    Objective       Primal Inf.    Dual Inf.      Time
       0   -8.5045192e+31   9.555409e+32   8.504519e+01      0s
     163    8.0036908e+05   0.000000e+00   0.000000e+00      0s

Solved in 163 iterations and 0.29 seconds (0.51 work units)
Optimal objective  8.003690801e+05
Set parameter TimeLimit to value 1.1450347902774811e+03
Gurobi Optimizer version 12.0.3 build v12.0.3rc0 (linux64 - "Ubuntu 24.04.4 LTS")

CPU model: Intel(R) Xeon(R) Gold 6258R CPU @ 2.70GHz, instruction set [SSE2|AVX|AVX2|AVX512]
Thread count: 56 physical cores, 56 logical processors, using up to 1 threads

Non-default parameters:
TimeLimit  1.1450347902774811e+03
Method  1
Seed  20260919
Threads  1

Optimize a model with 189 rows, 52519 columns and 1471708 nonzeros
Coefficient statistics:
  Matrix range     [1e+00, 1e+00]
  Objective range  [1e+05, 5e+05]
  Bounds range     [1e+00, 1e+00]
  RHS range        [1e+00, 8e+00]
LP warm-start: use basis

Iteration    Objective       Primal Inf.    Dual Inf.      Time
       0   -1.5304137e+32   7.451023e+32   1.530414e+02      0s
       4    8.0036908e+05   0.000000e+00   0.000000e+00      0s

Solved in 4 iterations and 0.07 seconds (0.02 work units)
Optimal objective  8.003690801e+05
Set parameter TimeLimit to value 1.1437444002628326e+03
Gurobi Optimizer version 12.0.3 build v12.0.3rc0 (linux64 - "Ubuntu 24.04.4 LTS")

CPU model: Intel(R) Xeon(R) Gold 6258R CPU @ 2.70GHz, instruction set [SSE2|AVX|AVX2|AVX512]
Thread count: 56 physical cores, 56 logical processors, using up to 1 threads

Non-default parameters:
TimeLimit  1.1437444002628326e+03
Method  1
Seed  20260919
Threads  1

Optimize a model with 189 rows, 52549 columns and 1472679 nonzeros
Coefficient statistics:
  Matrix range     [1e+00, 1e+00]
  Objective range  [1e+05, 5e+05]
  Bounds range     [1e+00, 1e+00]
  RHS range        [1e+00, 8e+00]
LP warm-start: use basis

Iteration    Objective       Primal Inf.    Dual Inf.      Time
       0   -1.0540816e+32   9.029450e+32   1.054082e+02      0s
       3    8.0036908e+05   0.000000e+00   0.000000e+00      0s

Solved in 3 iterations and 0.08 seconds (0.02 work units)
Optimal objective  8.003690801e+05
Set parameter TimeLimit to value 1.1424556860923767e+03
Gurobi Optimizer version 12.0.3 build v12.0.3rc0 (linux64 - "Ubuntu 24.04.4 LTS")

CPU model: Intel(R) Xeon(R) Gold 6258R CPU @ 2.70GHz, instruction set [SSE2|AVX|AVX2|AVX512]
Thread count: 56 physical cores, 56 logical processors, using up to 1 threads

Non-default parameters:
TimeLimit  1.1424556860923767e+03
Method  1
Seed  20260919
Threads  1

Optimize a model with 189 rows, 52579 columns and 1473662 nonzeros
Coefficient statistics:
  Matrix range     [1e+00, 1e+00]
  Objective range  [1e+05, 5e+05]
  Bounds range     [1e+00, 1e+00]
  RHS range        [1e+00, 8e+00]
LP warm-start: use basis

Iteration    Objective       Primal Inf.    Dual Inf.      Time
       0   -9.2904315e+31   7.176132e+32   9.290432e+01      0s
      92    8.0036906e+05   0.000000e+00   0.000000e+00      0s

Solved in 92 iterations and 0.19 seconds (0.29 work units)
Optimal objective  8.003690564e+05
Set parameter TimeLimit to value 1141.06250333786
Gurobi Optimizer version 12.0.3 build v12.0.3rc0 (linux64 - "Ubuntu 24.04.4 LTS")

CPU model: Intel(R) Xeon(R) Gold 6258R CPU @ 2.70GHz, instruction set [SSE2|AVX|AVX2|AVX512]
Thread count: 56 physical cores, 56 logical processors, using up to 1 threads

Non-default parameters:
TimeLimit  1141.06250333786
Method  1
Seed  20260919
Threads  1

Optimize a model with 189 rows, 52609 columns and 1474581 nonzeros
Coefficient statistics:
  Matrix range     [1e+00, 1e+00]
  Objective range  [1e+05, 5e+05]
  Bounds range     [1e+00, 1e+00]
  RHS range        [1e+00, 8e+00]
LP warm-start: use basis

Iteration    Objective       Primal Inf.    Dual Inf.      Time
       0   -1.0888618e+32   1.249033e+33   1.088862e+02      0s
       5    8.0036906e+05   0.000000e+00   0.000000e+00      0s

Solved in 5 iterations and 0.07 seconds (0.02 work units)
Optimal objective  8.003690564e+05
Set parameter TimeLimit to value 1.1398024823665619e+03
Gurobi Optimizer version 12.0.3 build v12.0.3rc0 (linux64 - "Ubuntu 24.04.4 LTS")

CPU model: Intel(R) Xeon(R) Gold 6258R CPU @ 2.70GHz, instruction set [SSE2|AVX|AVX2|AVX512]
Thread count: 56 physical cores, 56 logical processors, using up to 1 threads

Non-default parameters:
TimeLimit  1.1398024823665619e+03
Method  1
Seed  20260919
Threads  1

Optimize a model with 189 rows, 52639 columns and 1475557 nonzeros
Coefficient statistics:
  Matrix range     [1e+00, 1e+00]
  Objective range  [1e+05, 5e+05]
  Bounds range     [1e+00, 1e+00]
  RHS range        [1e+00, 8e+00]
LP warm-start: use basis

Iteration    Objective       Primal Inf.    Dual Inf.      Time
       0   -9.6422092e+31   2.313841e+33   9.642209e+01      0s
      18    8.0036906e+05   0.000000e+00   0.000000e+00      0s

Solved in 18 iterations and 0.10 seconds (0.06 work units)
Optimal objective  8.003690564e+05
Set parameter TimeLimit to value 1.1385268626213074e+03
Gurobi Optimizer version 12.0.3 build v12.0.3rc0 (linux64 - "Ubuntu 24.04.4 LTS")

CPU model: Intel(R) Xeon(R) Gold 6258R CPU @ 2.70GHz, instruction set [SSE2|AVX|AVX2|AVX512]
Thread count: 56 physical cores, 56 logical processors, using up to 1 threads

Non-default parameters:
TimeLimit  1.1385268626213074e+03
Method  1
Seed  20260919
Threads  1

Optimize a model with 189 rows, 52669 columns and 1476513 nonzeros
Coefficient statistics:
  Matrix range     [1e+00, 1e+00]
  Objective range  [1e+05, 5e+05]
  Bounds range     [1e+00, 1e+00]
  RHS range        [1e+00, 8e+00]
LP warm-start: use basis

Iteration    Objective       Primal Inf.    Dual Inf.      Time
       0   -7.1373408e+31   7.197837e+32   7.137341e+01      0s
       3    8.0036906e+05   0.000000e+00   0.000000e+00      0s

Solved in 3 iterations and 0.08 seconds (0.02 work units)
Optimal objective  8.003690564e+05
Set parameter TimeLimit to value 1.1372762153148651e+03
Gurobi Optimizer version 12.0.3 build v12.0.3rc0 (linux64 - "Ubuntu 24.04.4 LTS")

CPU model: Intel(R) Xeon(R) Gold 6258R CPU @ 2.70GHz, instruction set [SSE2|AVX|AVX2|AVX512]
Thread count: 56 physical cores, 56 logical processors, using up to 1 threads

Non-default parameters:
TimeLimit  1.1372762153148651e+03
Method  1
Seed  20260919
Threads  1

Optimize a model with 189 rows, 52699 columns and 1477472 nonzeros
Coefficient statistics:
  Matrix range     [1e+00, 1e+00]
  Objective range  [1e+05, 5e+05]
  Bounds range     [1e+00, 1e+00]
  RHS range        [1e+00, 8e+00]
LP warm-start: use basis

Iteration    Objective       Primal Inf.    Dual Inf.      Time
       0   -6.9123476e+31   6.250713e+32   6.912348e+01      0s
      81    8.0036905e+05   0.000000e+00   0.000000e+00      0s

Solved in 81 iterations and 0.19 seconds (0.28 work units)
Optimal objective  8.003690547e+05
Set parameter TimeLimit to value 1.1359108855724335e+03
Gurobi Optimizer version 12.0.3 build v12.0.3rc0 (linux64 - "Ubuntu 24.04.4 LTS")

CPU model: Intel(R) Xeon(R) Gold 6258R CPU @ 2.70GHz, instruction set [SSE2|AVX|AVX2|AVX512]
Thread count: 56 physical cores, 56 logical processors, using up to 1 threads

Non-default parameters:
TimeLimit  1.1359108855724335e+03
Method  1
Seed  20260919
Threads  1

Optimize a model with 189 rows, 52729 columns and 1478383 nonzeros
Coefficient statistics:
  Matrix range     [1e+00, 1e+00]
  Objective range  [1e+05, 5e+05]
  Bounds range     [1e+00, 1e+00]
  RHS range        [1e+00, 8e+00]
LP warm-start: use basis

Iteration    Objective       Primal Inf.    Dual Inf.      Time
       0   -6.7819141e+31   4.785693e+32   6.781914e+01      0s
       1    8.0036905e+05   0.000000e+00   0.000000e+00      0s

Solved in 1 iterations and 0.07 seconds (0.02 work units)
Optimal objective  8.003690547e+05
Set parameter TimeLimit to value 1.1346777498722076e+03
Gurobi Optimizer version 12.0.3 build v12.0.3rc0 (linux64 - "Ubuntu 24.04.4 LTS")

CPU model: Intel(R) Xeon(R) Gold 6258R CPU @ 2.70GHz, instruction set [SSE2|AVX|AVX2|AVX512]
Thread count: 56 physical cores, 56 logical processors, using up to 1 threads

Non-default parameters:
TimeLimit  1.1346777498722076e+03
Method  1
Seed  20260919
Threads  1

Optimize a model with 189 rows, 52759 columns and 1479300 nonzeros
Coefficient statistics:
  Matrix range     [1e+00, 1e+00]
  Objective range  [1e+05, 5e+05]
  Bounds range     [1e+00, 1e+00]
  RHS range        [1e+00, 8e+00]
LP warm-start: use basis

Iteration    Objective       Primal Inf.    Dual Inf.      Time
       0   -6.3040528e+31   6.841536e+32   6.304053e+01      0s
     187    8.0036896e+05   0.000000e+00   0.000000e+00      0s

Solved in 187 iterations and 0.33 seconds (0.61 work units)
Optimal objective  8.003689601e+05
Set parameter TimeLimit to value 1.1331295552253723e+03
Gurobi Optimizer version 12.0.3 build v12.0.3rc0 (linux64 - "Ubuntu 24.04.4 LTS")

CPU model: Intel(R) Xeon(R) Gold 6258R CPU @ 2.70GHz, instruction set [SSE2|AVX|AVX2|AVX512]
Thread count: 56 physical cores, 56 logical processors, using up to 1 threads

Non-default parameters:
TimeLimit  1.1331295552253723e+03
Method  1
Seed  20260919
Threads  1

Optimize a model with 189 rows, 52789 columns and 1480220 nonzeros
Coefficient statistics:
  Matrix range     [1e+00, 1e+00]
  Objective range  [1e+05, 5e+05]
  Bounds range     [1e+00, 1e+00]
  RHS range        [1e+00, 8e+00]
LP warm-start: use basis

Iteration    Objective       Primal Inf.    Dual Inf.      Time
       0   -7.8253388e+31   6.307802e+32   7.825339e+01      0s
     104    8.0036893e+05   0.000000e+00   0.000000e+00      0s

Solved in 104 iterations and 0.22 seconds (0.35 work units)
Optimal objective  8.003689321e+05
Set parameter TimeLimit to value 1131.73605966568
Gurobi Optimizer version 12.0.3 build v12.0.3rc0 (linux64 - "Ubuntu 24.04.4 LTS")

CPU model: Intel(R) Xeon(R) Gold 6258R CPU @ 2.70GHz, instruction set [SSE2|AVX|AVX2|AVX512]
Thread count: 56 physical cores, 56 logical processors, using up to 1 threads

Non-default parameters:
TimeLimit  1131.73605966568
Method  1
Seed  20260919
Threads  1

Optimize a model with 189 rows, 52819 columns and 1481087 nonzeros
Coefficient statistics:
  Matrix range     [1e+00, 1e+00]
  Objective range  [1e+05, 5e+05]
  Bounds range     [1e+00, 1e+00]
  RHS range        [1e+00, 8e+00]
LP warm-start: use basis

Iteration    Objective       Primal Inf.    Dual Inf.      Time
       0   -6.1041741e+31   2.619987e+32   6.104174e+01      0s
     197    8.0036881e+05   0.000000e+00   0.000000e+00      0s

Solved in 197 iterations and 0.34 seconds (0.64 work units)
Optimal objective  8.003688086e+05
Set parameter TimeLimit to value 1.1302007663249969e+03
Gurobi Optimizer version 12.0.3 build v12.0.3rc0 (linux64 - "Ubuntu 24.04.4 LTS")

CPU model: Intel(R) Xeon(R) Gold 6258R CPU @ 2.70GHz, instruction set [SSE2|AVX|AVX2|AVX512]
Thread count: 56 physical cores, 56 logical processors, using up to 1 threads

Non-default parameters:
TimeLimit  1.1302007663249969e+03
Method  1
Seed  20260919
Threads  1

Optimize a model with 189 rows, 52849 columns and 1482058 nonzeros
Coefficient statistics:
  Matrix range     [1e+00, 1e+00]
  Objective range  [1e+05, 5e+05]
  Bounds range     [1e+00, 1e+00]
  RHS range        [1e+00, 8e+00]
LP warm-start: use basis

Iteration    Objective       Primal Inf.    Dual Inf.      Time
       0   -1.6471765e+32   5.876667e+32   1.647177e+02      0s
       3    8.0036881e+05   0.000000e+00   0.000000e+00      0s

Solved in 3 iterations and 0.07 seconds (0.02 work units)
Optimal objective  8.003688086e+05
Set parameter TimeLimit to value 1.1289411680698395e+03
Gurobi Optimizer version 12.0.3 build v12.0.3rc0 (linux64 - "Ubuntu 24.04.4 LTS")

CPU model: Intel(R) Xeon(R) Gold 6258R CPU @ 2.70GHz, instruction set [SSE2|AVX|AVX2|AVX512]
Thread count: 56 physical cores, 56 logical processors, using up to 1 threads

Non-default parameters:
TimeLimit  1.1289411680698395e+03
Method  1
Seed  20260919
Threads  1

Optimize a model with 189 rows, 52879 columns and 1483077 nonzeros
Coefficient statistics:
  Matrix range     [1e+00, 1e+00]
  Objective range  [1e+05, 5e+05]
  Bounds range     [1e+00, 1e+00]
  RHS range        [1e+00, 8e+00]
LP warm-start: use basis

Iteration    Objective       Primal Inf.    Dual Inf.      Time
       0   -1.2853458e+32   1.095621e+33   1.285346e+02      0s
     195    8.0036845e+05   0.000000e+00   0.000000e+00      0s

Solved in 195 iterations and 0.33 seconds (0.60 work units)
Optimal objective  8.003684507e+05
Set parameter TimeLimit to value 1.1270813617706299e+03
Gurobi Optimizer version 12.0.3 build v12.0.3rc0 (linux64 - "Ubuntu 24.04.4 LTS")

CPU model: Intel(R) Xeon(R) Gold 6258R CPU @ 2.70GHz, instruction set [SSE2|AVX|AVX2|AVX512]
Thread count: 56 physical cores, 56 logical processors, using up to 1 threads

Non-default parameters:
TimeLimit  1.1270813617706299e+03
Method  1
Seed  20260919
Threads  1

Optimize a model with 189 rows, 52909 columns and 1484018 nonzeros
Coefficient statistics:
  Matrix range     [1e+00, 1e+00]
  Objective range  [1e+05, 5e+05]
  Bounds range     [1e+00, 1e+00]
  RHS range        [1e+00, 8e+00]
LP warm-start: use basis

Iteration    Objective       Primal Inf.    Dual Inf.      Time
       0   -1.1567116e+32   3.384183e+33   1.156712e+02      0s
      97    8.0036844e+05   0.000000e+00   0.000000e+00      0s

Solved in 97 iterations and 0.20 seconds (0.30 work units)
Optimal objective  8.003684428e+05
Set parameter TimeLimit to value 1.1267620763778687e+03
Gurobi Optimizer version 12.0.3 build v12.0.3rc0 (linux64 - "Ubuntu 24.04.4 LTS")

CPU model: Intel(R) Xeon(R) Gold 6258R CPU @ 2.70GHz, instruction set [SSE2|AVX|AVX2|AVX512]
Thread count: 56 physical cores, 56 logical processors, using up to 1 threads

Non-default parameters:
TimeLimit  1.1267620763778687e+03
Method  1
Seed  20260919
Threads  1

Optimize a model with 189 rows, 52909 columns and 1484018 nonzeros
Coefficient statistics:
  Matrix range     [1e+00, 1e+00]
  Objective range  [1e+05, 5e+05]
  Bounds range     [1e+00, 1e+00]
  RHS range        [1e+00, 8e+00]

Iteration    Objective       Primal Inf.    Dual Inf.      Time
       0    8.0036844e+05   7.332416e-01   0.000000e+00      0s
     724    1.8079826e+06   0.000000e+00   0.000000e+00      1s

Solved in 724 iterations and 0.83 seconds (1.95 work units)
Optimal objective  1.807982625e+06
Set parameter TimeLimit to value 1.1229430372714996e+03
Gurobi Optimizer version 12.0.3 build v12.0.3rc0 (linux64 - "Ubuntu 24.04.4 LTS")

CPU model: Intel(R) Xeon(R) Gold 6258R CPU @ 2.70GHz, instruction set [SSE2|AVX|AVX2|AVX512]
Thread count: 56 physical cores, 56 logical processors, using up to 1 threads

Non-default parameters:
TimeLimit  1.1229430372714996e+03
Method  1
Seed  20260919
Threads  1

Optimize a model with 189 rows, 52939 columns and 1484958 nonzeros
Coefficient statistics:
  Matrix range     [1e+00, 1e+00]
  Objective range  [1e+05, 5e+05]
  Bounds range     [1e+00, 1e+00]
  RHS range        [1e+00, 8e+00]
LP warm-start: use basis

Iteration    Objective       Primal Inf.    Dual Inf.      Time
       0   -6.7689470e+37   1.163803e+33   6.768947e+07      0s
     276    1.6554789e+06   0.000000e+00   0.000000e+00      0s

Solved in 276 iterations and 0.32 seconds (0.59 work units)
Optimal objective  1.655478899e+06
Set parameter TimeLimit to value 1.1201626687049866e+03
Gurobi Optimizer version 12.0.3 build v12.0.3rc0 (linux64 - "Ubuntu 24.04.4 LTS")

CPU model: Intel(R) Xeon(R) Gold 6258R CPU @ 2.70GHz, instruction set [SSE2|AVX|AVX2|AVX512]
Thread count: 56 physical cores, 56 logical processors, using up to 1 threads

Non-default parameters:
TimeLimit  1.1201626687049866e+03
Method  1
Seed  20260919
Threads  1

Optimize a model with 189 rows, 52969 columns and 1485923 nonzeros
Coefficient statistics:
  Matrix range     [1e+00, 1e+00]
  Objective range  [1e+05, 5e+05]
  Bounds range     [1e+00, 1e+00]
  RHS range        [1e+00, 8e+00]
LP warm-start: use basis

Iteration    Objective       Primal Inf.    Dual Inf.      Time
       0   -6.8382698e+37   1.296309e+33   6.838270e+07      0s
     197    1.4881142e+06   0.000000e+00   0.000000e+00      0s

Solved in 197 iterations and 0.24 seconds (0.40 work units)
Optimal objective  1.488114235e+06
Set parameter TimeLimit to value 1.1164554054737091e+03
Gurobi Optimizer version 12.0.3 build v12.0.3rc0 (linux64 - "Ubuntu 24.04.4 LTS")

CPU model: Intel(R) Xeon(R) Gold 6258R CPU @ 2.70GHz, instruction set [SSE2|AVX|AVX2|AVX512]
Thread count: 56 physical cores, 56 logical processors, using up to 1 threads

Non-default parameters:
TimeLimit  1.1164554054737091e+03
Method  1
Seed  20260919
Threads  1

Optimize a model with 189 rows, 52999 columns and 1486890 nonzeros
Coefficient statistics:
  Matrix range     [1e+00, 1e+00]
  Objective range  [1e+05, 5e+05]
  Bounds range     [1e+00, 1e+00]
  RHS range        [1e+00, 8e+00]
LP warm-start: use basis

Iteration    Objective       Primal Inf.    Dual Inf.      Time
       0   -4.6323436e+37   4.129243e+33   4.632344e+07      0s
     244    1.4542796e+06   0.000000e+00   0.000000e+00      0s

Solved in 244 iterations and 0.28 seconds (0.48 work units)
Optimal objective  1.454279568e+06
Set parameter TimeLimit to value 1.1126144249439240e+03
Gurobi Optimizer version 12.0.3 build v12.0.3rc0 (linux64 - "Ubuntu 24.04.4 LTS")

CPU model: Intel(R) Xeon(R) Gold 6258R CPU @ 2.70GHz, instruction set [SSE2|AVX|AVX2|AVX512]
Thread count: 56 physical cores, 56 logical processors, using up to 1 threads

Non-default parameters:
TimeLimit  1.1126144249439240e+03
Method  1
Seed  20260919
Threads  1

Optimize a model with 189 rows, 53029 columns and 1487851 nonzeros
Coefficient statistics:
  Matrix range     [1e+00, 1e+00]
  Objective range  [1e+05, 5e+05]
  Bounds range     [1e+00, 1e+00]
  RHS range        [1e+00, 8e+00]
LP warm-start: use basis

Iteration    Objective       Primal Inf.    Dual Inf.      Time
       0   -3.3298363e+37   3.680157e+33   3.329836e+07      0s
     151    1.4227674e+06   0.000000e+00   0.000000e+00      0s

Solved in 151 iterations and 0.21 seconds (0.33 work units)
Optimal objective  1.422767441e+06
Set parameter TimeLimit to value 1.1097886526584625e+03
Gurobi Optimizer version 12.0.3 build v12.0.3rc0 (linux64 - "Ubuntu 24.04.4 LTS")

CPU model: Intel(R) Xeon(R) Gold 6258R CPU @ 2.70GHz, instruction set [SSE2|AVX|AVX2|AVX512]
Thread count: 56 physical cores, 56 logical processors, using up to 1 threads

Non-default parameters:
TimeLimit  1.1097886526584625e+03
Method  1
Seed  20260919
Threads  1

Optimize a model with 189 rows, 53059 columns and 1488808 nonzeros
Coefficient statistics:
  Matrix range     [1e+00, 1e+00]
  Objective range  [1e+05, 5e+05]
  Bounds range     [1e+00, 1e+00]
  RHS range        [1e+00, 8e+00]
LP warm-start: use basis

Iteration    Objective       Primal Inf.    Dual Inf.      Time
       0   -3.9909934e+37   3.828932e+33   3.990993e+07      0s
     104    1.3864560e+06   0.000000e+00   0.000000e+00      0s

Solved in 104 iterations and 0.17 seconds (0.23 work units)
Optimal objective  1.386455960e+06
Set parameter TimeLimit to value 1.1060329351425171e+03
Gurobi Optimizer version 12.0.3 build v12.0.3rc0 (linux64 - "Ubuntu 24.04.4 LTS")

CPU model: Intel(R) Xeon(R) Gold 6258R CPU @ 2.70GHz, instruction set [SSE2|AVX|AVX2|AVX512]
Thread count: 56 physical cores, 56 logical processors, using up to 1 threads

Non-default parameters:
TimeLimit  1.1060329351425171e+03
Method  1
Seed  20260919
Threads  1

Optimize a model with 189 rows, 53089 columns and 1489660 nonzeros
Coefficient statistics:
  Matrix range     [1e+00, 1e+00]
  Objective range  [1e+05, 5e+05]
  Bounds range     [1e+00, 1e+00]
  RHS range        [1e+00, 8e+00]
LP warm-start: use basis

Iteration    Objective       Primal Inf.    Dual Inf.      Time
       0   -3.3143200e+37   4.064617e+33   3.314320e+07      0s
     119    1.3358982e+06   0.000000e+00   0.000000e+00      0s

Solved in 119 iterations and 0.18 seconds (0.26 work units)
Optimal objective  1.335898160e+06
Set parameter TimeLimit to value 1.1030825440883636e+03
Gurobi Optimizer version 12.0.3 build v12.0.3rc0 (linux64 - "Ubuntu 24.04.4 LTS")

CPU model: Intel(R) Xeon(R) Gold 6258R CPU @ 2.70GHz, instruction set [SSE2|AVX|AVX2|AVX512]
Thread count: 56 physical cores, 56 logical processors, using up to 1 threads

Non-default parameters:
TimeLimit  1.1030825440883636e+03
Method  1
Seed  20260919
Threads  1

Optimize a model with 189 rows, 53119 columns and 1490520 nonzeros
Coefficient statistics:
  Matrix range     [1e+00, 1e+00]
  Objective range  [1e+05, 5e+05]
  Bounds range     [1e+00, 1e+00]
  RHS range        [1e+00, 8e+00]
LP warm-start: use basis

Iteration    Objective       Primal Inf.    Dual Inf.      Time
       0   -3.9561674e+37   3.013128e+33   3.956167e+07      0s
     100    1.2899465e+06   0.000000e+00   0.000000e+00      0s

Solved in 100 iterations and 0.16 seconds (0.20 work units)
Optimal objective  1.289946524e+06
Set parameter TimeLimit to value 1.1009682986736298e+03
Gurobi Optimizer version 12.0.3 build v12.0.3rc0 (linux64 - "Ubuntu 24.04.4 LTS")

CPU model: Intel(R) Xeon(R) Gold 6258R CPU @ 2.70GHz, instruction set [SSE2|AVX|AVX2|AVX512]
Thread count: 56 physical cores, 56 logical processors, using up to 1 threads

Non-default parameters:
TimeLimit  1.1009682986736298e+03
Method  1
Seed  20260919
Threads  1

Optimize a model with 189 rows, 53149 columns and 1491495 nonzeros
Coefficient statistics:
  Matrix range     [1e+00, 1e+00]
  Objective range  [1e+05, 5e+05]
  Bounds range     [1e+00, 1e+00]
  RHS range        [1e+00, 8e+00]
LP warm-start: use basis

Iteration    Objective       Primal Inf.    Dual Inf.      Time
       0   -2.3416283e+37   4.944490e+32   2.341628e+07      0s
     185    1.2664000e+06   0.000000e+00   0.000000e+00      0s

Solved in 185 iterations and 0.22 seconds (0.37 work units)
Optimal objective  1.266399966e+06
Set parameter TimeLimit to value 1.0975581822395325e+03
Gurobi Optimizer version 12.0.3 build v12.0.3rc0 (linux64 - "Ubuntu 24.04.4 LTS")

CPU model: Intel(R) Xeon(R) Gold 6258R CPU @ 2.70GHz, instruction set [SSE2|AVX|AVX2|AVX512]
Thread count: 56 physical cores, 56 logical processors, using up to 1 threads

Non-default parameters:
TimeLimit  1.0975581822395325e+03
Method  1
Seed  20260919
Threads  1

Optimize a model with 189 rows, 53179 columns and 1492446 nonzeros
Coefficient statistics:
  Matrix range     [1e+00, 1e+00]
  Objective range  [1e+05, 5e+05]
  Bounds range     [1e+00, 1e+00]
  RHS range        [1e+00, 8e+00]
LP warm-start: use basis

Iteration    Objective       Primal Inf.    Dual Inf.      Time
       0   -1.9501193e+37   1.322746e+33   1.950119e+07      0s
     103    1.2507788e+06   0.000000e+00   0.000000e+00      0s

Solved in 103 iterations and 0.17 seconds (0.24 work units)
Optimal objective  1.250778782e+06
Set parameter TimeLimit to value 1.0945756182670593e+03
Gurobi Optimizer version 12.0.3 build v12.0.3rc0 (linux64 - "Ubuntu 24.04.4 LTS")

CPU model: Intel(R) Xeon(R) Gold 6258R CPU @ 2.70GHz, instruction set [SSE2|AVX|AVX2|AVX512]
Thread count: 56 physical cores, 56 logical processors, using up to 1 threads

Non-default parameters:
TimeLimit  1.0945756182670593e+03
Method  1
Seed  20260919
Threads  1

Optimize a model with 189 rows, 53209 columns and 1493321 nonzeros
Coefficient statistics:
  Matrix range     [1e+00, 1e+00]
  Objective range  [1e+05, 5e+05]
  Bounds range     [1e+00, 1e+00]
  RHS range        [1e+00, 8e+00]
LP warm-start: use basis

Iteration    Objective       Primal Inf.    Dual Inf.      Time
       0   -2.4629149e+37   2.479915e+33   2.462915e+07      0s
     144    1.2183973e+06   0.000000e+00   0.000000e+00      0s

Solved in 144 iterations and 0.20 seconds (0.29 work units)
Optimal objective  1.218397314e+06
Set parameter TimeLimit to value 1.0917813360691071e+03
Gurobi Optimizer version 12.0.3 build v12.0.3rc0 (linux64 - "Ubuntu 24.04.4 LTS")

CPU model: Intel(R) Xeon(R) Gold 6258R CPU @ 2.70GHz, instruction set [SSE2|AVX|AVX2|AVX512]
Thread count: 56 physical cores, 56 logical processors, using up to 1 threads

Non-default parameters:
TimeLimit  1.0917813360691071e+03
Method  1
Seed  20260919
Threads  1

Optimize a model with 189 rows, 53239 columns and 1494235 nonzeros
Coefficient statistics:
  Matrix range     [1e+00, 1e+00]
  Objective range  [1e+05, 5e+05]
  Bounds range     [1e+00, 1e+00]
  RHS range        [1e+00, 8e+00]
LP warm-start: use basis

Iteration    Objective       Primal Inf.    Dual Inf.      Time
       0   -2.3540288e+37   1.795744e+33   2.354029e+07      0s
     203    1.1861542e+06   0.000000e+00   0.000000e+00      0s

Solved in 203 iterations and 0.25 seconds (0.39 work units)
Optimal objective  1.186154180e+06
Set parameter TimeLimit to value 1.0885510802268982e+03
Gurobi Optimizer version 12.0.3 build v12.0.3rc0 (linux64 - "Ubuntu 24.04.4 LTS")

CPU model: Intel(R) Xeon(R) Gold 6258R CPU @ 2.70GHz, instruction set [SSE2|AVX|AVX2|AVX512]
Thread count: 56 physical cores, 56 logical processors, using up to 1 threads

Non-default parameters:
TimeLimit  1.0885510802268982e+03
Method  1
Seed  20260919
Threads  1

Optimize a model with 189 rows, 53269 columns and 1495144 nonzeros
Coefficient statistics:
  Matrix range     [1e+00, 1e+00]
  Objective range  [1e+05, 5e+05]
  Bounds range     [1e+00, 1e+00]
  RHS range        [1e+00, 8e+00]
LP warm-start: use basis

Iteration    Objective       Primal Inf.    Dual Inf.      Time
       0   -2.5531866e+37   2.458117e+33   2.553187e+07      0s
     246    1.1534246e+06   0.000000e+00   0.000000e+00      0s

Solved in 246 iterations and 0.30 seconds (0.50 work units)
Optimal objective  1.153424588e+06
Set parameter TimeLimit to value 1.0865994296073914e+03
Gurobi Optimizer version 12.0.3 build v12.0.3rc0 (linux64 - "Ubuntu 24.04.4 LTS")

CPU model: Intel(R) Xeon(R) Gold 6258R CPU @ 2.70GHz, instruction set [SSE2|AVX|AVX2|AVX512]
Thread count: 56 physical cores, 56 logical processors, using up to 1 threads

Non-default parameters:
TimeLimit  1.0865994296073914e+03
Method  1
Seed  20260919
Threads  1

Optimize a model with 189 rows, 53299 columns and 1496052 nonzeros
Coefficient statistics:
  Matrix range     [1e+00, 1e+00]
  Objective range  [1e+05, 5e+05]
  Bounds range     [1e+00, 1e+00]
  RHS range        [1e+00, 8e+00]
LP warm-start: use basis

Iteration    Objective       Primal Inf.    Dual Inf.      Time
       0   -2.0702459e+37   1.204853e+33   2.070246e+07      0s
     265    1.1085852e+06   0.000000e+00   0.000000e+00      0s

Solved in 265 iterations and 0.30 seconds (0.53 work units)
Optimal objective  1.108585185e+06
Set parameter TimeLimit to value 1.0839792973995209e+03
Gurobi Optimizer version 12.0.3 build v12.0.3rc0 (linux64 - "Ubuntu 24.04.4 LTS")

CPU model: Intel(R) Xeon(R) Gold 6258R CPU @ 2.70GHz, instruction set [SSE2|AVX|AVX2|AVX512]
Thread count: 56 physical cores, 56 logical processors, using up to 1 threads

Non-default parameters:
TimeLimit  1.0839792973995209e+03
Method  1
Seed  20260919
Threads  1

Optimize a model with 189 rows, 53329 columns and 1496997 nonzeros
Coefficient statistics:
  Matrix range     [1e+00, 1e+00]
  Objective range  [1e+05, 5e+05]
  Bounds range     [1e+00, 1e+00]
  RHS range        [1e+00, 8e+00]
LP warm-start: use basis

Iteration    Objective       Primal Inf.    Dual Inf.      Time
       0   -2.0438961e+37   1.575278e+33   2.043896e+07      0s
      97    1.1048471e+06   0.000000e+00   0.000000e+00      0s

Solved in 97 iterations and 0.16 seconds (0.21 work units)
Optimal objective  1.104847067e+06
Set parameter TimeLimit to value 1.0815989530086517e+03
Gurobi Optimizer version 12.0.3 build v12.0.3rc0 (linux64 - "Ubuntu 24.04.4 LTS")

CPU model: Intel(R) Xeon(R) Gold 6258R CPU @ 2.70GHz, instruction set [SSE2|AVX|AVX2|AVX512]
Thread count: 56 physical cores, 56 logical processors, using up to 1 threads

Non-default parameters:
TimeLimit  1.0815989530086517e+03
Method  1
Seed  20260919
Threads  1

Optimize a model with 189 rows, 53359 columns and 1497976 nonzeros
Coefficient statistics:
  Matrix range     [1e+00, 1e+00]
  Objective range  [1e+05, 5e+05]
  Bounds range     [1e+00, 1e+00]
  RHS range        [1e+00, 8e+00]
LP warm-start: use basis

Iteration    Objective       Primal Inf.    Dual Inf.      Time
       0   -1.5728731e+37   1.922668e+33   1.572873e+07      0s
      88    1.0900959e+06   0.000000e+00   0.000000e+00      0s

Solved in 88 iterations and 0.16 seconds (0.20 work units)
Optimal objective  1.090095943e+06
Set parameter TimeLimit to value 1.0788976898193359e+03
Gurobi Optimizer version 12.0.3 build v12.0.3rc0 (linux64 - "Ubuntu 24.04.4 LTS")

CPU model: Intel(R) Xeon(R) Gold 6258R CPU @ 2.70GHz, instruction set [SSE2|AVX|AVX2|AVX512]
Thread count: 56 physical cores, 56 logical processors, using up to 1 threads

Non-default parameters:
TimeLimit  1.0788976898193359e+03
Method  1
Seed  20260919
Threads  1

Optimize a model with 189 rows, 53389 columns and 1498854 nonzeros
Coefficient statistics:
  Matrix range     [1e+00, 1e+00]
  Objective range  [1e+05, 5e+05]
  Bounds range     [1e+00, 1e+00]
  RHS range        [1e+00, 8e+00]
LP warm-start: use basis

Iteration    Objective       Primal Inf.    Dual Inf.      Time
       0   -1.5670579e+37   1.456559e+33   1.567058e+07      0s
      89    1.0900959e+06   0.000000e+00   0.000000e+00      0s

Solved in 89 iterations and 0.15 seconds (0.20 work units)
Optimal objective  1.090095943e+06
Set parameter TimeLimit to value 1.0756069264411926e+03
Gurobi Optimizer version 12.0.3 build v12.0.3rc0 (linux64 - "Ubuntu 24.04.4 LTS")

CPU model: Intel(R) Xeon(R) Gold 6258R CPU @ 2.70GHz, instruction set [SSE2|AVX|AVX2|AVX512]
Thread count: 56 physical cores, 56 logical processors, using up to 1 threads

Non-default parameters:
TimeLimit  1.0756069264411926e+03
Method  1
Seed  20260919
Threads  1

Optimize a model with 189 rows, 53419 columns and 1499785 nonzeros
Coefficient statistics:
  Matrix range     [1e+00, 1e+00]
  Objective range  [1e+05, 5e+05]
  Bounds range     [1e+00, 1e+00]
  RHS range        [1e+00, 8e+00]
LP warm-start: use basis

Iteration    Objective       Primal Inf.    Dual Inf.      Time
       0   -1.5670263e+37   1.523559e+33   1.567026e+07      0s
     157    1.0458309e+06   0.000000e+00   0.000000e+00      0s

Solved in 157 iterations and 0.37 seconds (0.31 work units)
Optimal objective  1.045830850e+06
Set parameter TimeLimit to value 1.0716891155242920e+03
Gurobi Optimizer version 12.0.3 build v12.0.3rc0 (linux64 - "Ubuntu 24.04.4 LTS")

CPU model: Intel(R) Xeon(R) Gold 6258R CPU @ 2.70GHz, instruction set [SSE2|AVX|AVX2|AVX512]
Thread count: 56 physical cores, 56 logical processors, using up to 1 threads

Non-default parameters:
TimeLimit  1.0716891155242920e+03
Method  1
Seed  20260919
Threads  1

Optimize a model with 189 rows, 53449 columns and 1500540 nonzeros
Coefficient statistics:
  Matrix range     [1e+00, 1e+00]
  Objective range  [1e+05, 5e+05]
  Bounds range     [1e+00, 1e+00]
  RHS range        [1e+00, 8e+00]
LP warm-start: use basis

Iteration    Objective       Primal Inf.    Dual Inf.      Time
       0   -2.2758128e+37   1.592689e+33   2.275813e+07      0s
     160    1.0420763e+06   0.000000e+00   0.000000e+00      0s

Solved in 160 iterations and 0.21 seconds (0.33 work units)
Optimal objective  1.042076303e+06
Set parameter TimeLimit to value 1.0674391462802887e+03
Gurobi Optimizer version 12.0.3 build v12.0.3rc0 (linux64 - "Ubuntu 24.04.4 LTS")

CPU model: Intel(R) Xeon(R) Gold 6258R CPU @ 2.70GHz, instruction set [SSE2|AVX|AVX2|AVX512]
Thread count: 56 physical cores, 56 logical processors, using up to 1 threads

Non-default parameters:
TimeLimit  1.0674391462802887e+03
Method  1
Seed  20260919
Threads  1

Optimize a model with 189 rows, 53479 columns and 1501342 nonzeros
Coefficient statistics:
  Matrix range     [1e+00, 1e+00]
  Objective range  [1e+05, 5e+05]
  Bounds range     [1e+00, 1e+00]
  RHS range        [1e+00, 8e+00]
LP warm-start: use basis

Iteration    Objective       Primal Inf.    Dual Inf.      Time
       0   -1.8864450e+37   2.038387e+33   1.886445e+07      0s
     174    1.0101415e+06   0.000000e+00   0.000000e+00      0s

Solved in 174 iterations and 0.22 seconds (0.33 work units)
Optimal objective  1.010141512e+06
Set parameter TimeLimit to value 1.0642867374420166e+03
Gurobi Optimizer version 12.0.3 build v12.0.3rc0 (linux64 - "Ubuntu 24.04.4 LTS")

CPU model: Intel(R) Xeon(R) Gold 6258R CPU @ 2.70GHz, instruction set [SSE2|AVX|AVX2|AVX512]
Thread count: 56 physical cores, 56 logical processors, using up to 1 threads

Non-default parameters:
TimeLimit  1.0642867374420166e+03
Method  1
Seed  20260919
Threads  1

Optimize a model with 189 rows, 53509 columns and 1502166 nonzeros
Coefficient statistics:
  Matrix range     [1e+00, 1e+00]
  Objective range  [1e+05, 5e+05]
  Bounds range     [1e+00, 1e+00]
  RHS range        [1e+00, 8e+00]
LP warm-start: use basis

Iteration    Objective       Primal Inf.    Dual Inf.      Time
       0   -2.1239985e+37   1.363967e+33   2.123999e+07      0s
     122    9.9305049e+05   0.000000e+00   0.000000e+00      0s

Solved in 122 iterations and 0.18 seconds (0.25 work units)
Optimal objective  9.930504941e+05
Set parameter TimeLimit to value 1.0610316896438599e+03
Gurobi Optimizer version 12.0.3 build v12.0.3rc0 (linux64 - "Ubuntu 24.04.4 LTS")

CPU model: Intel(R) Xeon(R) Gold 6258R CPU @ 2.70GHz, instruction set [SSE2|AVX|AVX2|AVX512]
Thread count: 56 physical cores, 56 logical processors, using up to 1 threads

Non-default parameters:
TimeLimit  1.0610316896438599e+03
Method  1
Seed  20260919
Threads  1

Optimize a model with 189 rows, 53539 columns and 1503030 nonzeros
Coefficient statistics:
  Matrix range     [1e+00, 1e+00]
  Objective range  [1e+05, 5e+05]
  Bounds range     [1e+00, 1e+00]
  RHS range        [1e+00, 8e+00]
LP warm-start: use basis

Iteration    Objective       Primal Inf.    Dual Inf.      Time
       0   -1.2142283e+37   1.825726e+33   1.214228e+07      0s
     108    9.9305049e+05   0.000000e+00   0.000000e+00      0s

Solved in 108 iterations and 0.16 seconds (0.23 work units)
Optimal objective  9.930504941e+05
Set parameter TimeLimit to value 1.0586085362434387e+03
Gurobi Optimizer version 12.0.3 build v12.0.3rc0 (linux64 - "Ubuntu 24.04.4 LTS")

CPU model: Intel(R) Xeon(R) Gold 6258R CPU @ 2.70GHz, instruction set [SSE2|AVX|AVX2|AVX512]
Thread count: 56 physical cores, 56 logical processors, using up to 1 threads

Non-default parameters:
TimeLimit  1.0586085362434387e+03
Method  1
Seed  20260919
Threads  1

Optimize a model with 189 rows, 53569 columns and 1503951 nonzeros
Coefficient statistics:
  Matrix range     [1e+00, 1e+00]
  Objective range  [1e+05, 5e+05]
  Bounds range     [1e+00, 1e+00]
  RHS range        [1e+00, 8e+00]
LP warm-start: use basis

Iteration    Objective       Primal Inf.    Dual Inf.      Time
       0   -1.5750691e+37   6.156945e+33   1.575069e+07      0s
     120    9.9274079e+05   0.000000e+00   0.000000e+00      0s

Solved in 120 iterations and 0.17 seconds (0.25 work units)
Optimal objective  9.927407905e+05
Set parameter TimeLimit to value 1.0562825467586517e+03
Gurobi Optimizer version 12.0.3 build v12.0.3rc0 (linux64 - "Ubuntu 24.04.4 LTS")

CPU model: Intel(R) Xeon(R) Gold 6258R CPU @ 2.70GHz, instruction set [SSE2|AVX|AVX2|AVX512]
Thread count: 56 physical cores, 56 logical processors, using up to 1 threads

Non-default parameters:
TimeLimit  1.0562825467586517e+03
Method  1
Seed  20260919
Threads  1

Optimize a model with 189 rows, 53599 columns and 1504807 nonzeros
Coefficient statistics:
  Matrix range     [1e+00, 1e+00]
  Objective range  [1e+05, 5e+05]
  Bounds range     [1e+00, 1e+00]
  RHS range        [1e+00, 8e+00]
LP warm-start: use basis

Iteration    Objective       Primal Inf.    Dual Inf.      Time
       0   -1.1317699e+37   1.822383e+33   1.131770e+07      0s
     111    9.9274079e+05   0.000000e+00   0.000000e+00      0s

Solved in 111 iterations and 0.17 seconds (0.25 work units)
Optimal objective  9.927407905e+05
Set parameter TimeLimit to value 1.0538145961761475e+03
Gurobi Optimizer version 12.0.3 build v12.0.3rc0 (linux64 - "Ubuntu 24.04.4 LTS")

CPU model: Intel(R) Xeon(R) Gold 6258R CPU @ 2.70GHz, instruction set [SSE2|AVX|AVX2|AVX512]
Thread count: 56 physical cores, 56 logical processors, using up to 1 threads

Non-default parameters:
TimeLimit  1.0538145961761475e+03
Method  1
Seed  20260919
Threads  1

Optimize a model with 189 rows, 53629 columns and 1505721 nonzeros
Coefficient statistics:
  Matrix range     [1e+00, 1e+00]
  Objective range  [1e+05, 5e+05]
  Bounds range     [1e+00, 1e+00]
  RHS range        [1e+00, 8e+00]
LP warm-start: use basis

Iteration    Objective       Primal Inf.    Dual Inf.      Time
       0   -1.0500682e+37   5.458870e+32   1.050068e+07      0s
     189    9.7876824e+05   0.000000e+00   0.000000e+00      0s

Solved in 189 iterations and 0.22 seconds (0.36 work units)
Optimal objective  9.787682386e+05
Set parameter TimeLimit to value 1.0516720416545868e+03
Gurobi Optimizer version 12.0.3 build v12.0.3rc0 (linux64 - "Ubuntu 24.04.4 LTS")

CPU model: Intel(R) Xeon(R) Gold 6258R CPU @ 2.70GHz, instruction set [SSE2|AVX|AVX2|AVX512]
Thread count: 56 physical cores, 56 logical processors, using up to 1 threads

Non-default parameters:
TimeLimit  1.0516720416545868e+03
Method  1
Seed  20260919
Threads  1

Optimize a model with 189 rows, 53659 columns and 1506659 nonzeros
Coefficient statistics:
  Matrix range     [1e+00, 1e+00]
  Objective range  [1e+05, 5e+05]
  Bounds range     [1e+00, 1e+00]
  RHS range        [1e+00, 8e+00]
LP warm-start: use basis

Iteration    Objective       Primal Inf.    Dual Inf.      Time
       0   -1.6334928e+37   1.996939e+33   1.633493e+07      0s
      37    9.7876824e+05   0.000000e+00   0.000000e+00      0s

Solved in 37 iterations and 0.11 seconds (0.09 work units)
Optimal objective  9.787682386e+05
Set parameter TimeLimit to value 1.0488971104621887e+03
Gurobi Optimizer version 12.0.3 build v12.0.3rc0 (linux64 - "Ubuntu 24.04.4 LTS")

CPU model: Intel(R) Xeon(R) Gold 6258R CPU @ 2.70GHz, instruction set [SSE2|AVX|AVX2|AVX512]
Thread count: 56 physical cores, 56 logical processors, using up to 1 threads

Non-default parameters:
TimeLimit  1.0488971104621887e+03
Method  1
Seed  20260919
Threads  1

Optimize a model with 189 rows, 53689 columns and 1507592 nonzeros
Coefficient statistics:
  Matrix range     [1e+00, 1e+00]
  Objective range  [1e+05, 5e+05]
  Bounds range     [1e+00, 1e+00]
  RHS range        [1e+00, 8e+00]
LP warm-start: use basis

Iteration    Objective       Primal Inf.    Dual Inf.      Time
       0   -1.5726882e+37   8.985287e+33   1.572688e+07      0s
      85    9.7876824e+05   0.000000e+00   0.000000e+00      0s

Solved in 85 iterations and 0.14 seconds (0.17 work units)
Optimal objective  9.787682386e+05
Set parameter TimeLimit to value 1.0464947555065155e+03
Gurobi Optimizer version 12.0.3 build v12.0.3rc0 (linux64 - "Ubuntu 24.04.4 LTS")

CPU model: Intel(R) Xeon(R) Gold 6258R CPU @ 2.70GHz, instruction set [SSE2|AVX|AVX2|AVX512]
Thread count: 56 physical cores, 56 logical processors, using up to 1 threads

Non-default parameters:
TimeLimit  1.0464947555065155e+03
Method  1
Seed  20260919
Threads  1

Optimize a model with 189 rows, 53719 columns and 1508546 nonzeros
Coefficient statistics:
  Matrix range     [1e+00, 1e+00]
  Objective range  [1e+05, 5e+05]
  Bounds range     [1e+00, 1e+00]
  RHS range        [1e+00, 8e+00]
LP warm-start: use basis

Iteration    Objective       Primal Inf.    Dual Inf.      Time
       0   -1.3954179e+37   2.269201e+33   1.395418e+07      0s
     225    9.7218635e+05   0.000000e+00   0.000000e+00      0s

Solved in 225 iterations and 0.26 seconds (0.43 work units)
Optimal objective  9.721863461e+05
Set parameter TimeLimit to value 1.0443779249191284e+03
Gurobi Optimizer version 12.0.3 build v12.0.3rc0 (linux64 - "Ubuntu 24.04.4 LTS")

CPU model: Intel(R) Xeon(R) Gold 6258R CPU @ 2.70GHz, instruction set [SSE2|AVX|AVX2|AVX512]
Thread count: 56 physical cores, 56 logical processors, using up to 1 threads

Non-default parameters:
TimeLimit  1.0443779249191284e+03
Method  1
Seed  20260919
Threads  1

Optimize a model with 189 rows, 53749 columns and 1509431 nonzeros
Coefficient statistics:
  Matrix range     [1e+00, 1e+00]
  Objective range  [1e+05, 5e+05]
  Bounds range     [1e+00, 1e+00]
  RHS range        [1e+00, 8e+00]
LP warm-start: use basis

Iteration    Objective       Primal Inf.    Dual Inf.      Time
       0   -1.0840306e+37   3.924891e+33   1.084031e+07      0s
     122    9.7218635e+05   0.000000e+00   0.000000e+00      0s

Solved in 122 iterations and 0.18 seconds (0.25 work units)
Optimal objective  9.721863461e+05
Set parameter TimeLimit to value 1.0413986091613770e+03
Gurobi Optimizer version 12.0.3 build v12.0.3rc0 (linux64 - "Ubuntu 24.04.4 LTS")

CPU model: Intel(R) Xeon(R) Gold 6258R CPU @ 2.70GHz, instruction set [SSE2|AVX|AVX2|AVX512]
Thread count: 56 physical cores, 56 logical processors, using up to 1 threads

Non-default parameters:
TimeLimit  1.0413986091613770e+03
Method  1
Seed  20260919
Threads  1

Optimize a model with 189 rows, 53779 columns and 1510348 nonzeros
Coefficient statistics:
  Matrix range     [1e+00, 1e+00]
  Objective range  [1e+05, 5e+05]
  Bounds range     [1e+00, 1e+00]
  RHS range        [1e+00, 8e+00]
LP warm-start: use basis

Iteration    Objective       Primal Inf.    Dual Inf.      Time
       0   -1.1514684e+37   6.261306e+33   1.151468e+07      0s
     118    9.6657727e+05   0.000000e+00   0.000000e+00      0s

Solved in 118 iterations and 0.18 seconds (0.25 work units)
Optimal objective  9.665772714e+05
Set parameter TimeLimit to value 1038.16268992424
Gurobi Optimizer version 12.0.3 build v12.0.3rc0 (linux64 - "Ubuntu 24.04.4 LTS")

CPU model: Intel(R) Xeon(R) Gold 6258R CPU @ 2.70GHz, instruction set [SSE2|AVX|AVX2|AVX512]
Thread count: 56 physical cores, 56 logical processors, using up to 1 threads

Non-default parameters:
TimeLimit  1038.16268992424
Method  1
Seed  20260919
Threads  1

Optimize a model with 189 rows, 53809 columns and 1511122 nonzeros
Coefficient statistics:
  Matrix range     [1e+00, 1e+00]
  Objective range  [1e+05, 5e+05]
  Bounds range     [1e+00, 1e+00]
  RHS range        [1e+00, 8e+00]
LP warm-start: use basis

Iteration    Objective       Primal Inf.    Dual Inf.      Time
       0   -1.0383596e+37   1.147250e+33   1.038360e+07      0s
       3    9.6657727e+05   0.000000e+00   0.000000e+00      0s

Solved in 3 iterations and 0.07 seconds (0.02 work units)
Optimal objective  9.665772714e+05
Set parameter TimeLimit to value 1.0348923268318176e+03
Gurobi Optimizer version 12.0.3 build v12.0.3rc0 (linux64 - "Ubuntu 24.04.4 LTS")

CPU model: Intel(R) Xeon(R) Gold 6258R CPU @ 2.70GHz, instruction set [SSE2|AVX|AVX2|AVX512]
Thread count: 56 physical cores, 56 logical processors, using up to 1 threads

Non-default parameters:
TimeLimit  1.0348923268318176e+03
Method  1
Seed  20260919
Threads  1

Optimize a model with 189 rows, 53839 columns and 1511927 nonzeros
Coefficient statistics:
  Matrix range     [1e+00, 1e+00]
  Objective range  [1e+05, 5e+05]
  Bounds range     [1e+00, 1e+00]
  RHS range        [1e+00, 8e+00]
LP warm-start: use basis

Iteration    Objective       Primal Inf.    Dual Inf.      Time
       0   -1.0383562e+37   1.025288e+33   1.038356e+07      0s
     120    9.6657727e+05   0.000000e+00   0.000000e+00      0s

Solved in 120 iterations and 0.18 seconds (0.25 work units)
Optimal objective  9.665772714e+05
Set parameter TimeLimit to value 1.0312109477519989e+03
Gurobi Optimizer version 12.0.3 build v12.0.3rc0 (linux64 - "Ubuntu 24.04.4 LTS")

CPU model: Intel(R) Xeon(R) Gold 6258R CPU @ 2.70GHz, instruction set [SSE2|AVX|AVX2|AVX512]
Thread count: 56 physical cores, 56 logical processors, using up to 1 threads

Non-default parameters:
TimeLimit  1.0312109477519989e+03
Method  1
Seed  20260919
Threads  1

Optimize a model with 189 rows, 53869 columns and 1512731 nonzeros
Coefficient statistics:
  Matrix range     [1e+00, 1e+00]
  Objective range  [1e+05, 5e+05]
  Bounds range     [1e+00, 1e+00]
  RHS range        [1e+00, 8e+00]
LP warm-start: use basis

Iteration    Objective       Primal Inf.    Dual Inf.      Time
       0   -1.0383534e+37   1.047654e+33   1.038353e+07      0s
     137    9.6601449e+05   0.000000e+00   0.000000e+00      0s

Solved in 137 iterations and 0.18 seconds (0.28 work units)
Optimal objective  9.660144913e+05
Set parameter TimeLimit to value 1.0283128693103790e+03
Gurobi Optimizer version 12.0.3 build v12.0.3rc0 (linux64 - "Ubuntu 24.04.4 LTS")

CPU model: Intel(R) Xeon(R) Gold 6258R CPU @ 2.70GHz, instruction set [SSE2|AVX|AVX2|AVX512]
Thread count: 56 physical cores, 56 logical processors, using up to 1 threads

Non-default parameters:
TimeLimit  1.0283128693103790e+03
Method  1
Seed  20260919
Threads  1

Optimize a model with 189 rows, 53899 columns and 1513680 nonzeros
Coefficient statistics:
  Matrix range     [1e+00, 1e+00]
  Objective range  [1e+05, 5e+05]
  Bounds range     [1e+00, 1e+00]
  RHS range        [1e+00, 8e+00]
LP warm-start: use basis

Iteration    Objective       Primal Inf.    Dual Inf.      Time
       0   -1.0346080e+37   1.492257e+33   1.034608e+07      0s
     131    9.6224425e+05   0.000000e+00   0.000000e+00      0s

Solved in 131 iterations and 0.19 seconds (0.27 work units)
Optimal objective  9.622442491e+05
Set parameter TimeLimit to value 1.0259727954864502e+03
Gurobi Optimizer version 12.0.3 build v12.0.3rc0 (linux64 - "Ubuntu 24.04.4 LTS")

CPU model: Intel(R) Xeon(R) Gold 6258R CPU @ 2.70GHz, instruction set [SSE2|AVX|AVX2|AVX512]
Thread count: 56 physical cores, 56 logical processors, using up to 1 threads

Non-default parameters:
TimeLimit  1.0259727954864502e+03
Method  1
Seed  20260919
Threads  1

Optimize a model with 189 rows, 53929 columns and 1514513 nonzeros
Coefficient statistics:
  Matrix range     [1e+00, 1e+00]
  Objective range  [1e+05, 5e+05]
  Bounds range     [1e+00, 1e+00]
  RHS range        [1e+00, 8e+00]
LP warm-start: use basis

Iteration    Objective       Primal Inf.    Dual Inf.      Time
       0   -1.1528508e+37   8.889395e+33   1.152851e+07      0s
      81    9.5921150e+05   0.000000e+00   0.000000e+00      0s

Solved in 81 iterations and 0.15 seconds (0.19 work units)
Optimal objective  9.592114977e+05
Set parameter TimeLimit to value 1.0233231222629547e+03
Gurobi Optimizer version 12.0.3 build v12.0.3rc0 (linux64 - "Ubuntu 24.04.4 LTS")

CPU model: Intel(R) Xeon(R) Gold 6258R CPU @ 2.70GHz, instruction set [SSE2|AVX|AVX2|AVX512]
Thread count: 56 physical cores, 56 logical processors, using up to 1 threads

Non-default parameters:
TimeLimit  1.0233231222629547e+03
Method  1
Seed  20260919
Threads  1

Optimize a model with 189 rows, 53959 columns and 1515373 nonzeros
Coefficient statistics:
  Matrix range     [1e+00, 1e+00]
  Objective range  [1e+05, 5e+05]
  Bounds range     [1e+00, 1e+00]
  RHS range        [1e+00, 8e+00]
LP warm-start: use basis

Iteration    Objective       Primal Inf.    Dual Inf.      Time
       0   -9.9688226e+36   3.123349e+33   9.968823e+06      0s
      97    9.5651350e+05   0.000000e+00   0.000000e+00      0s

Solved in 97 iterations and 0.16 seconds (0.20 work units)
Optimal objective  9.565135007e+05
Set parameter TimeLimit to value 1.0211647882461548e+03
Gurobi Optimizer version 12.0.3 build v12.0.3rc0 (linux64 - "Ubuntu 24.04.4 LTS")

CPU model: Intel(R) Xeon(R) Gold 6258R CPU @ 2.70GHz, instruction set [SSE2|AVX|AVX2|AVX512]
Thread count: 56 physical cores, 56 logical processors, using up to 1 threads

Non-default parameters:
TimeLimit  1.0211647882461548e+03
Method  1
Seed  20260919
Threads  1

Optimize a model with 189 rows, 53989 columns and 1516213 nonzeros
Coefficient statistics:
  Matrix range     [1e+00, 1e+00]
  Objective range  [1e+05, 5e+05]
  Bounds range     [1e+00, 1e+00]
  RHS range        [1e+00, 8e+00]
LP warm-start: use basis

Iteration    Objective       Primal Inf.    Dual Inf.      Time
       0   -1.2324191e+37   1.825777e+33   1.232419e+07      0s
     322    9.5047986e+05   0.000000e+00   0.000000e+00      0s

Solved in 322 iterations and 0.32 seconds (0.59 work units)
Optimal objective  9.504798617e+05
Set parameter TimeLimit to value 1.0189539909362793e+03
Gurobi Optimizer version 12.0.3 build v12.0.3rc0 (linux64 - "Ubuntu 24.04.4 LTS")

CPU model: Intel(R) Xeon(R) Gold 6258R CPU @ 2.70GHz, instruction set [SSE2|AVX|AVX2|AVX512]
Thread count: 56 physical cores, 56 logical processors, using up to 1 threads

Non-default parameters:
TimeLimit  1.0189539909362793e+03
Method  1
Seed  20260919
Threads  1

Optimize a model with 189 rows, 54019 columns and 1517197 nonzeros
Coefficient statistics:
  Matrix range     [1e+00, 1e+00]
  Objective range  [1e+05, 5e+05]
  Bounds range     [1e+00, 1e+00]
  RHS range        [1e+00, 8e+00]
LP warm-start: use basis

Iteration    Objective       Primal Inf.    Dual Inf.      Time
       0   -1.5855617e+37   2.237355e+33   1.585562e+07      0s
     211    9.4411212e+05   0.000000e+00   0.000000e+00      0s

Solved in 211 iterations and 0.24 seconds (0.38 work units)
Optimal objective  9.441121232e+05
Set parameter TimeLimit to value 1.0166895363330841e+03
Gurobi Optimizer version 12.0.3 build v12.0.3rc0 (linux64 - "Ubuntu 24.04.4 LTS")

CPU model: Intel(R) Xeon(R) Gold 6258R CPU @ 2.70GHz, instruction set [SSE2|AVX|AVX2|AVX512]
Thread count: 56 physical cores, 56 logical processors, using up to 1 threads

Non-default parameters:
TimeLimit  1.0166895363330841e+03
Method  1
Seed  20260919
Threads  1

Optimize a model with 189 rows, 54049 columns and 1518138 nonzeros
Coefficient statistics:
  Matrix range     [1e+00, 1e+00]
  Objective range  [1e+05, 5e+05]
  Bounds range     [1e+00, 1e+00]
  RHS range        [1e+00, 8e+00]
LP warm-start: use basis

Iteration    Objective       Primal Inf.    Dual Inf.      Time
       0   -1.2865180e+37   1.658227e+33   1.286518e+07      0s
     288    9.3794901e+05   0.000000e+00   0.000000e+00      0s

Solved in 288 iterations and 0.32 seconds (0.57 work units)
Optimal objective  9.379490141e+05
Set parameter TimeLimit to value 1.0141735069751740e+03
Gurobi Optimizer version 12.0.3 build v12.0.3rc0 (linux64 - "Ubuntu 24.04.4 LTS")

CPU model: Intel(R) Xeon(R) Gold 6258R CPU @ 2.70GHz, instruction set [SSE2|AVX|AVX2|AVX512]
Thread count: 56 physical cores, 56 logical processors, using up to 1 threads

Non-default parameters:
TimeLimit  1.0141735069751740e+03
Method  1
Seed  20260919
Threads  1

Optimize a model with 189 rows, 54079 columns and 1519031 nonzeros
Coefficient statistics:
  Matrix range     [1e+00, 1e+00]
  Objective range  [1e+05, 5e+05]
  Bounds range     [1e+00, 1e+00]
  RHS range        [1e+00, 8e+00]
LP warm-start: use basis

Iteration    Objective       Primal Inf.    Dual Inf.      Time
       0   -1.5837522e+37   1.077196e+33   1.583752e+07      0s
      96    9.3725889e+05   0.000000e+00   0.000000e+00      0s

Solved in 96 iterations and 0.16 seconds (0.20 work units)
Optimal objective  9.372588938e+05
Set parameter TimeLimit to value 1.0116442303657532e+03
Gurobi Optimizer version 12.0.3 build v12.0.3rc0 (linux64 - "Ubuntu 24.04.4 LTS")

CPU model: Intel(R) Xeon(R) Gold 6258R CPU @ 2.70GHz, instruction set [SSE2|AVX|AVX2|AVX512]
Thread count: 56 physical cores, 56 logical processors, using up to 1 threads

Non-default parameters:
TimeLimit  1.0116442303657532e+03
Method  1
Seed  20260919
Threads  1

Optimize a model with 189 rows, 54109 columns and 1519987 nonzeros
Coefficient statistics:
  Matrix range     [1e+00, 1e+00]
  Objective range  [1e+05, 5e+05]
  Bounds range     [1e+00, 1e+00]
  RHS range        [1e+00, 8e+00]
LP warm-start: use basis

Iteration    Objective       Primal Inf.    Dual Inf.      Time
       0   -1.4606408e+37   1.826536e+33   1.460641e+07      0s
      47    9.3561825e+05   0.000000e+00   0.000000e+00      0s

Solved in 47 iterations and 0.11 seconds (0.11 work units)
Optimal objective  9.356182456e+05
Set parameter TimeLimit to value 1.0088068337440491e+03
Gurobi Optimizer version 12.0.3 build v12.0.3rc0 (linux64 - "Ubuntu 24.04.4 LTS")

CPU model: Intel(R) Xeon(R) Gold 6258R CPU @ 2.70GHz, instruction set [SSE2|AVX|AVX2|AVX512]
Thread count: 56 physical cores, 56 logical processors, using up to 1 threads

Non-default parameters:
TimeLimit  1.0088068337440491e+03
Method  1
Seed  20260919
Threads  1

Optimize a model with 189 rows, 54139 columns and 1520943 nonzeros
Coefficient statistics:
  Matrix range     [1e+00, 1e+00]
  Objective range  [1e+05, 5e+05]
  Bounds range     [1e+00, 1e+00]
  RHS range        [1e+00, 8e+00]
LP warm-start: use basis

Iteration    Objective       Primal Inf.    Dual Inf.      Time
       0   -1.3970556e+37   1.573460e+33   1.397056e+07      0s
     209    9.3350397e+05   0.000000e+00   0.000000e+00      0s

Solved in 209 iterations and 0.25 seconds (0.43 work units)
Optimal objective  9.335039701e+05
Set parameter TimeLimit to value 1.0054815611839294e+03
Gurobi Optimizer version 12.0.3 build v12.0.3rc0 (linux64 - "Ubuntu 24.04.4 LTS")

CPU model: Intel(R) Xeon(R) Gold 6258R CPU @ 2.70GHz, instruction set [SSE2|AVX|AVX2|AVX512]
Thread count: 56 physical cores, 56 logical processors, using up to 1 threads

Non-default parameters:
TimeLimit  1.0054815611839294e+03
Method  1
Seed  20260919
Threads  1

Optimize a model with 189 rows, 54169 columns and 1521836 nonzeros
Coefficient statistics:
  Matrix range     [1e+00, 1e+00]
  Objective range  [1e+05, 5e+05]
  Bounds range     [1e+00, 1e+00]
  RHS range        [1e+00, 8e+00]
LP warm-start: use basis

Iteration    Objective       Primal Inf.    Dual Inf.      Time
       0   -1.1502292e+37   9.025000e+32   1.150229e+07      0s
       4    9.3350397e+05   0.000000e+00   0.000000e+00      0s

Solved in 4 iterations and 0.08 seconds (0.02 work units)
Optimal objective  9.335039701e+05
Set parameter TimeLimit to value 1.0022913024425507e+03
Gurobi Optimizer version 12.0.3 build v12.0.3rc0 (linux64 - "Ubuntu 24.04.4 LTS")

CPU model: Intel(R) Xeon(R) Gold 6258R CPU @ 2.70GHz, instruction set [SSE2|AVX|AVX2|AVX512]
Thread count: 56 physical cores, 56 logical processors, using up to 1 threads

Non-default parameters:
TimeLimit  1.0022913024425507e+03
Method  1
Seed  20260919
Threads  1

Optimize a model with 189 rows, 54199 columns and 1522701 nonzeros
Coefficient statistics:
  Matrix range     [1e+00, 1e+00]
  Objective range  [1e+05, 5e+05]
  Bounds range     [1e+00, 1e+00]
  RHS range        [1e+00, 8e+00]
LP warm-start: use basis

Iteration    Objective       Primal Inf.    Dual Inf.      Time
       0   -1.1260376e+37   8.376279e+32   1.126038e+07      0s
     345    9.1761952e+05   0.000000e+00   0.000000e+00      0s

Solved in 345 iterations and 0.38 seconds (0.71 work units)
Optimal objective  9.176195171e+05
Set parameter TimeLimit to value 1.0000672924518585e+03
Gurobi Optimizer version 12.0.3 build v12.0.3rc0 (linux64 - "Ubuntu 24.04.4 LTS")

CPU model: Intel(R) Xeon(R) Gold 6258R CPU @ 2.70GHz, instruction set [SSE2|AVX|AVX2|AVX512]
Thread count: 56 physical cores, 56 logical processors, using up to 1 threads

Non-default parameters:
TimeLimit  1.0000672924518585e+03
Method  1
Seed  20260919
Threads  1

Optimize a model with 189 rows, 54229 columns and 1523757 nonzeros
Coefficient statistics:
  Matrix range     [1e+00, 1e+00]
  Objective range  [1e+05, 5e+05]
  Bounds range     [1e+00, 1e+00]
  RHS range        [1e+00, 8e+00]
LP warm-start: use basis

Iteration    Objective       Primal Inf.    Dual Inf.      Time
       0   -1.5222056e+37   2.204781e+33   1.522206e+07      0s
     189    9.0485414e+05   0.000000e+00   0.000000e+00      0s

Solved in 189 iterations and 0.23 seconds (0.39 work units)
Optimal objective  9.048541376e+05
Set parameter TimeLimit to value 9.9777889943122864e+02
Gurobi Optimizer version 12.0.3 build v12.0.3rc0 (linux64 - "Ubuntu 24.04.4 LTS")

CPU model: Intel(R) Xeon(R) Gold 6258R CPU @ 2.70GHz, instruction set [SSE2|AVX|AVX2|AVX512]
Thread count: 56 physical cores, 56 logical processors, using up to 1 threads

Non-default parameters:
TimeLimit  9.9777889943122864e+02
Method  1
Seed  20260919
Threads  1

Optimize a model with 189 rows, 54259 columns and 1524687 nonzeros
Coefficient statistics:
  Matrix range     [1e+00, 1e+00]
  Objective range  [1e+05, 5e+05]
  Bounds range     [1e+00, 1e+00]
  RHS range        [1e+00, 8e+00]
LP warm-start: use basis

Iteration    Objective       Primal Inf.    Dual Inf.      Time
       0   -1.3557014e+37   4.045643e+33   1.355701e+07      0s
      16    9.0483159e+05   0.000000e+00   0.000000e+00      0s

Solved in 16 iterations and 0.09 seconds (0.05 work units)
Optimal objective  9.048315878e+05
Set parameter TimeLimit to value 9.9514756989479065e+02
Gurobi Optimizer version 12.0.3 build v12.0.3rc0 (linux64 - "Ubuntu 24.04.4 LTS")

CPU model: Intel(R) Xeon(R) Gold 6258R CPU @ 2.70GHz, instruction set [SSE2|AVX|AVX2|AVX512]
Thread count: 56 physical cores, 56 logical processors, using up to 1 threads

Non-default parameters:
TimeLimit  9.9514756989479065e+02
Method  1
Seed  20260919
Threads  1

Optimize a model with 189 rows, 54289 columns and 1525597 nonzeros
Coefficient statistics:
  Matrix range     [1e+00, 1e+00]
  Objective range  [1e+05, 5e+05]
  Bounds range     [1e+00, 1e+00]
  RHS range        [1e+00, 8e+00]
LP warm-start: use basis

Iteration    Objective       Primal Inf.    Dual Inf.      Time
       0   -1.2877523e+37   2.646377e+33   1.287752e+07      0s
     140    9.0483159e+05   0.000000e+00   0.000000e+00      0s

Solved in 140 iterations and 0.20 seconds (0.32 work units)
Optimal objective  9.048315878e+05
Set parameter TimeLimit to value 9.9245996856689453e+02
Gurobi Optimizer version 12.0.3 build v12.0.3rc0 (linux64 - "Ubuntu 24.04.4 LTS")

CPU model: Intel(R) Xeon(R) Gold 6258R CPU @ 2.70GHz, instruction set [SSE2|AVX|AVX2|AVX512]
Thread count: 56 physical cores, 56 logical processors, using up to 1 threads

Non-default parameters:
TimeLimit  9.9245996856689453e+02
Method  1
Seed  20260919
Threads  1

Optimize a model with 189 rows, 54319 columns and 1526590 nonzeros
Coefficient statistics:
  Matrix range     [1e+00, 1e+00]
  Objective range  [1e+05, 5e+05]
  Bounds range     [1e+00, 1e+00]
  RHS range        [1e+00, 8e+00]
LP warm-start: use basis

Iteration    Objective       Primal Inf.    Dual Inf.      Time
       0   -1.2650230e+37   9.320542e+32   1.265023e+07      0s
     341    8.8537992e+05   0.000000e+00   0.000000e+00      0s

Solved in 341 iterations and 0.36 seconds (0.66 work units)
Optimal objective  8.853799177e+05
Set parameter TimeLimit to value 9.8938934111595154e+02
Gurobi Optimizer version 12.0.3 build v12.0.3rc0 (linux64 - "Ubuntu 24.04.4 LTS")

CPU model: Intel(R) Xeon(R) Gold 6258R CPU @ 2.70GHz, instruction set [SSE2|AVX|AVX2|AVX512]
Thread count: 56 physical cores, 56 logical processors, using up to 1 threads

Non-default parameters:
TimeLimit  9.8938934111595154e+02
Method  1
Seed  20260919
Threads  1

Optimize a model with 189 rows, 54349 columns and 1527401 nonzeros
Coefficient statistics:
  Matrix range     [1e+00, 1e+00]
  Objective range  [1e+05, 5e+05]
  Bounds range     [1e+00, 1e+00]
  RHS range        [1e+00, 8e+00]
LP warm-start: use basis

Iteration    Objective       Primal Inf.    Dual Inf.      Time
       0   -1.6886021e+37   4.098326e+33   1.688602e+07      0s
     123    8.8537992e+05   0.000000e+00   0.000000e+00      0s

Solved in 123 iterations and 0.17 seconds (0.24 work units)
Optimal objective  8.853799177e+05
Set parameter TimeLimit to value 9.8679409289360046e+02
Gurobi Optimizer version 12.0.3 build v12.0.3rc0 (linux64 - "Ubuntu 24.04.4 LTS")

CPU model: Intel(R) Xeon(R) Gold 6258R CPU @ 2.70GHz, instruction set [SSE2|AVX|AVX2|AVX512]
Thread count: 56 physical cores, 56 logical processors, using up to 1 threads

Non-default parameters:
TimeLimit  9.8679409289360046e+02
Method  1
Seed  20260919
Threads  1

Optimize a model with 189 rows, 54379 columns and 1528307 nonzeros
Coefficient statistics:
  Matrix range     [1e+00, 1e+00]
  Objective range  [1e+05, 5e+05]
  Bounds range     [1e+00, 1e+00]
  RHS range        [1e+00, 8e+00]
LP warm-start: use basis

Iteration    Objective       Primal Inf.    Dual Inf.      Time
       0   -1.8612195e+37   2.080795e+33   1.861220e+07      0s
      38    8.8375959e+05   0.000000e+00   0.000000e+00      0s

Solved in 38 iterations and 0.10 seconds (0.09 work units)
Optimal objective  8.837595921e+05
Set parameter TimeLimit to value 9.8477497363090515e+02
Gurobi Optimizer version 12.0.3 build v12.0.3rc0 (linux64 - "Ubuntu 24.04.4 LTS")

CPU model: Intel(R) Xeon(R) Gold 6258R CPU @ 2.70GHz, instruction set [SSE2|AVX|AVX2|AVX512]
Thread count: 56 physical cores, 56 logical processors, using up to 1 threads

Non-default parameters:
TimeLimit  9.8477497363090515e+02
Method  1
Seed  20260919
Threads  1

Optimize a model with 189 rows, 54409 columns and 1529143 nonzeros
Coefficient statistics:
  Matrix range     [1e+00, 1e+00]
  Objective range  [1e+05, 5e+05]
  Bounds range     [1e+00, 1e+00]
  RHS range        [1e+00, 8e+00]
LP warm-start: use basis

Iteration    Objective       Primal Inf.    Dual Inf.      Time
       0   -1.1250828e+37   1.547538e+33   1.125083e+07      0s
       1    8.8375959e+05   0.000000e+00   0.000000e+00      0s

Solved in 1 iterations and 0.07 seconds (0.02 work units)
Optimal objective  8.837595921e+05
Set parameter TimeLimit to value 9.8279709005355835e+02
Gurobi Optimizer version 12.0.3 build v12.0.3rc0 (linux64 - "Ubuntu 24.04.4 LTS")

CPU model: Intel(R) Xeon(R) Gold 6258R CPU @ 2.70GHz, instruction set [SSE2|AVX|AVX2|AVX512]
Thread count: 56 physical cores, 56 logical processors, using up to 1 threads

Non-default parameters:
TimeLimit  9.8279709005355835e+02
Method  1
Seed  20260919
Threads  1

Optimize a model with 189 rows, 54439 columns and 1530009 nonzeros
Coefficient statistics:
  Matrix range     [1e+00, 1e+00]
  Objective range  [1e+05, 5e+05]
  Bounds range     [1e+00, 1e+00]
  RHS range        [1e+00, 8e+00]
LP warm-start: use basis

Iteration    Objective       Primal Inf.    Dual Inf.      Time
       0   -1.1250828e+37   1.516538e+33   1.125083e+07      0s
     279    8.6773384e+05   0.000000e+00   0.000000e+00      0s

Solved in 279 iterations and 0.26 seconds (0.44 work units)
Optimal objective  8.677338445e+05
Set parameter TimeLimit to value 9.8020090866088867e+02
Gurobi Optimizer version 12.0.3 build v12.0.3rc0 (linux64 - "Ubuntu 24.04.4 LTS")

CPU model: Intel(R) Xeon(R) Gold 6258R CPU @ 2.70GHz, instruction set [SSE2|AVX|AVX2|AVX512]
Thread count: 56 physical cores, 56 logical processors, using up to 1 threads

Non-default parameters:
TimeLimit  9.8020090866088867e+02
Method  1
Seed  20260919
Threads  1

Optimize a model with 189 rows, 54469 columns and 1530875 nonzeros
Coefficient statistics:
  Matrix range     [1e+00, 1e+00]
  Objective range  [1e+05, 5e+05]
  Bounds range     [1e+00, 1e+00]
  RHS range        [1e+00, 8e+00]
LP warm-start: use basis

Iteration    Objective       Primal Inf.    Dual Inf.      Time
       0   -7.5000582e+36   2.361000e+33   7.500058e+06      0s
       1    8.6773384e+05   0.000000e+00   0.000000e+00      0s

Solved in 1 iterations and 0.07 seconds (0.02 work units)
Optimal objective  8.677338445e+05
Set parameter TimeLimit to value 9.7797439002990723e+02
Gurobi Optimizer version 12.0.3 build v12.0.3rc0 (linux64 - "Ubuntu 24.04.4 LTS")

CPU model: Intel(R) Xeon(R) Gold 6258R CPU @ 2.70GHz, instruction set [SSE2|AVX|AVX2|AVX512]
Thread count: 56 physical cores, 56 logical processors, using up to 1 threads

Non-default parameters:
TimeLimit  9.7797439002990723e+02
Method  1
Seed  20260919
Threads  1

Optimize a model with 189 rows, 54499 columns and 1531785 nonzeros
Coefficient statistics:
  Matrix range     [1e+00, 1e+00]
  Objective range  [1e+05, 5e+05]
  Bounds range     [1e+00, 1e+00]
  RHS range        [1e+00, 8e+00]
LP warm-start: use basis

Iteration    Objective       Primal Inf.    Dual Inf.      Time
       0   -7.2113462e+36   2.152308e+33   7.211346e+06      0s
     149    8.6773384e+05   0.000000e+00   0.000000e+00      0s

Solved in 149 iterations and 0.18 seconds (0.26 work units)
Optimal objective  8.677338445e+05
Set parameter TimeLimit to value 9.7583328509330750e+02
Gurobi Optimizer version 12.0.3 build v12.0.3rc0 (linux64 - "Ubuntu 24.04.4 LTS")

CPU model: Intel(R) Xeon(R) Gold 6258R CPU @ 2.70GHz, instruction set [SSE2|AVX|AVX2|AVX512]
Thread count: 56 physical cores, 56 logical processors, using up to 1 threads

Non-default parameters:
TimeLimit  9.7583328509330750e+02
Method  1
Seed  20260919
Threads  1

Optimize a model with 189 rows, 54529 columns and 1532653 nonzeros
Coefficient statistics:
  Matrix range     [1e+00, 1e+00]
  Objective range  [1e+05, 5e+05]
  Bounds range     [1e+00, 1e+00]
  RHS range        [1e+00, 8e+00]
LP warm-start: use basis

Iteration    Objective       Primal Inf.    Dual Inf.      Time
       0   -1.2115929e+37   1.950338e+33   1.211593e+07      0s
       3    8.6773384e+05   0.000000e+00   0.000000e+00      0s

Solved in 3 iterations and 0.07 seconds (0.02 work units)
Optimal objective  8.677338445e+05
Set parameter TimeLimit to value 975.653383731842
Gurobi Optimizer version 12.0.3 build v12.0.3rc0 (linux64 - "Ubuntu 24.04.4 LTS")

CPU model: Intel(R) Xeon(R) Gold 6258R CPU @ 2.70GHz, instruction set [SSE2|AVX|AVX2|AVX512]
Thread count: 56 physical cores, 56 logical processors, using up to 1 threads

Non-default parameters:
TimeLimit  975.653383731842
Method  1
Seed  20260919
Threads  1

Optimize a model with 189 rows, 54529 columns and 1532653 nonzeros
Coefficient statistics:
  Matrix range     [1e+00, 1e+00]
  Objective range  [1e+05, 5e+05]
  Bounds range     [1e+00, 1e+00]
  RHS range        [1e+00, 8e+00]

Iteration    Objective       Primal Inf.    Dual Inf.      Time
       0   -3.8342570e+06   8.880769e+01   0.000000e+00      0s
    1063    2.3829716e+06   0.000000e+00   0.000000e+00      1s

Solved in 1063 iterations and 1.29 seconds (2.97 work units)
Optimal objective  2.382971610e+06
Set parameter TimeLimit to value 9.7209068107604980e+02
Gurobi Optimizer version 12.0.3 build v12.0.3rc0 (linux64 - "Ubuntu 24.04.4 LTS")

CPU model: Intel(R) Xeon(R) Gold 6258R CPU @ 2.70GHz, instruction set [SSE2|AVX|AVX2|AVX512]
Thread count: 56 physical cores, 56 logical processors, using up to 1 threads

Non-default parameters:
TimeLimit  9.7209068107604980e+02
Method  1
Seed  20260919
Threads  1

Optimize a model with 189 rows, 54559 columns and 1533738 nonzeros
Coefficient statistics:
  Matrix range     [1e+00, 1e+00]
  Objective range  [1e+05, 5e+05]
  Bounds range     [1e+00, 1e+00]
  RHS range        [1e+00, 8e+00]
LP warm-start: use basis

Iteration    Objective       Primal Inf.    Dual Inf.      Time
       0   -8.3396520e+37   1.524190e+33   8.339652e+07      0s
     481    2.0050658e+06   0.000000e+00   0.000000e+00      1s

Solved in 481 iterations and 0.60 seconds (1.20 work units)
Optimal objective  2.005065785e+06
Set parameter TimeLimit to value 9.6856657266616821e+02
Gurobi Optimizer version 12.0.3 build v12.0.3rc0 (linux64 - "Ubuntu 24.04.4 LTS")

CPU model: Intel(R) Xeon(R) Gold 6258R CPU @ 2.70GHz, instruction set [SSE2|AVX|AVX2|AVX512]
Thread count: 56 physical cores, 56 logical processors, using up to 1 threads

Non-default parameters:
TimeLimit  9.6856657266616821e+02
Method  1
Seed  20260919
Threads  1

Optimize a model with 189 rows, 54589 columns and 1534778 nonzeros
Coefficient statistics:
  Matrix range     [1e+00, 1e+00]
  Objective range  [1e+05, 5e+05]
  Bounds range     [1e+00, 1e+00]
  RHS range        [1e+00, 8e+00]
LP warm-start: use basis

Iteration    Objective       Primal Inf.    Dual Inf.      Time
       0   -7.7641682e+37   2.803946e+33   7.764168e+07      0s
     270    1.9561025e+06   0.000000e+00   0.000000e+00      0s

Solved in 270 iterations and 0.37 seconds (0.71 work units)
Optimal objective  1.956102483e+06
Set parameter TimeLimit to value 9.6455841445922852e+02
Gurobi Optimizer version 12.0.3 build v12.0.3rc0 (linux64 - "Ubuntu 24.04.4 LTS")

CPU model: Intel(R) Xeon(R) Gold 6258R CPU @ 2.70GHz, instruction set [SSE2|AVX|AVX2|AVX512]
Thread count: 56 physical cores, 56 logical processors, using up to 1 threads

Non-default parameters:
TimeLimit  9.6455841445922852e+02
Method  1
Seed  20260919
Threads  1

Optimize a model with 189 rows, 54619 columns and 1535821 nonzeros
Coefficient statistics:
  Matrix range     [1e+00, 1e+00]
  Objective range  [1e+05, 5e+05]
  Bounds range     [1e+00, 1e+00]
  RHS range        [1e+00, 8e+00]
LP warm-start: use basis

Iteration    Objective       Primal Inf.    Dual Inf.      Time
       0   -5.6242253e+37   1.690541e+33   5.624225e+07      0s
     273    1.9059892e+06   0.000000e+00   0.000000e+00      0s

Solved in 273 iterations and 0.35 seconds (0.65 work units)
Optimal objective  1.905989228e+06
Set parameter TimeLimit to value 9.6210852098464966e+02
Gurobi Optimizer version 12.0.3 build v12.0.3rc0 (linux64 - "Ubuntu 24.04.4 LTS")

CPU model: Intel(R) Xeon(R) Gold 6258R CPU @ 2.70GHz, instruction set [SSE2|AVX|AVX2|AVX512]
Thread count: 56 physical cores, 56 logical processors, using up to 1 threads

Non-default parameters:
TimeLimit  9.6210852098464966e+02
Method  1
Seed  20260919
Threads  1

Optimize a model with 189 rows, 54649 columns and 1536911 nonzeros
Coefficient statistics:
  Matrix range     [1e+00, 1e+00]
  Objective range  [1e+05, 5e+05]
  Bounds range     [1e+00, 1e+00]
  RHS range        [1e+00, 8e+00]
LP warm-start: use basis

Iteration    Objective       Primal Inf.    Dual Inf.      Time
       0   -6.1265878e+37   1.585331e+33   6.126588e+07      0s
     243    1.8575865e+06   0.000000e+00   0.000000e+00      0s

Solved in 243 iterations and 0.32 seconds (0.58 work units)
Optimal objective  1.857586524e+06
Set parameter TimeLimit to value 9.5869306445121765e+02
Gurobi Optimizer version 12.0.3 build v12.0.3rc0 (linux64 - "Ubuntu 24.04.4 LTS")

CPU model: Intel(R) Xeon(R) Gold 6258R CPU @ 2.70GHz, instruction set [SSE2|AVX|AVX2|AVX512]
Thread count: 56 physical cores, 56 logical processors, using up to 1 threads

Non-default parameters:
TimeLimit  9.5869306445121765e+02
Method  1
Seed  20260919
Threads  1

Optimize a model with 189 rows, 54679 columns and 1538049 nonzeros
Coefficient statistics:
  Matrix range     [1e+00, 1e+00]
  Objective range  [1e+05, 5e+05]
  Bounds range     [1e+00, 1e+00]
  RHS range        [1e+00, 8e+00]
LP warm-start: use basis

Iteration    Objective       Primal Inf.    Dual Inf.      Time
       0   -5.7216395e+37   1.808312e+33   5.721639e+07      0s
     251    1.8027082e+06   0.000000e+00   0.000000e+00      0s

Solved in 251 iterations and 0.35 seconds (0.63 work units)
Optimal objective  1.802708179e+06
Set parameter TimeLimit to value 9.5486014437675476e+02
Gurobi Optimizer version 12.0.3 build v12.0.3rc0 (linux64 - "Ubuntu 24.04.4 LTS")

CPU model: Intel(R) Xeon(R) Gold 6258R CPU @ 2.70GHz, instruction set [SSE2|AVX|AVX2|AVX512]
Thread count: 56 physical cores, 56 logical processors, using up to 1 threads

Non-default parameters:
TimeLimit  9.5486014437675476e+02
Method  1
Seed  20260919
Threads  1

Optimize a model with 189 rows, 54709 columns and 1539215 nonzeros
Coefficient statistics:
  Matrix range     [1e+00, 1e+00]
  Objective range  [1e+05, 5e+05]
  Bounds range     [1e+00, 1e+00]
  RHS range        [1e+00, 8e+00]
LP warm-start: use basis

Iteration    Objective       Primal Inf.    Dual Inf.      Time
       0   -5.8159361e+37   1.418038e+33   5.815936e+07      0s
     205    1.7784473e+06   0.000000e+00   0.000000e+00      0s

Solved in 205 iterations and 0.28 seconds (0.49 work units)
Optimal objective  1.778447290e+06
Set parameter TimeLimit to value 9.5210290360450745e+02
Gurobi Optimizer version 12.0.3 build v12.0.3rc0 (linux64 - "Ubuntu 24.04.4 LTS")

CPU model: Intel(R) Xeon(R) Gold 6258R CPU @ 2.70GHz, instruction set [SSE2|AVX|AVX2|AVX512]
Thread count: 56 physical cores, 56 logical processors, using up to 1 threads

Non-default parameters:
TimeLimit  9.5210290360450745e+02
Method  1
Seed  20260919
Threads  1

Optimize a model with 189 rows, 54739 columns and 1540348 nonzeros
Coefficient statistics:
  Matrix range     [1e+00, 1e+00]
  Objective range  [1e+05, 5e+05]
  Bounds range     [1e+00, 1e+00]
  RHS range        [1e+00, 8e+00]
LP warm-start: use basis

Iteration    Objective       Primal Inf.    Dual Inf.      Time
       0   -4.2080089e+37   2.439620e+33   4.208009e+07      0s
     193    1.7388149e+06   0.000000e+00   0.000000e+00      0s

Solved in 193 iterations and 0.28 seconds (0.47 work units)
Optimal objective  1.738814938e+06
Set parameter TimeLimit to value 949.425538778305
Gurobi Optimizer version 12.0.3 build v12.0.3rc0 (linux64 - "Ubuntu 24.04.4 LTS")

CPU model: Intel(R) Xeon(R) Gold 6258R CPU @ 2.70GHz, instruction set [SSE2|AVX|AVX2|AVX512]
Thread count: 56 physical cores, 56 logical processors, using up to 1 threads

Non-default parameters:
TimeLimit  949.425538778305
Method  1
Seed  20260919
Threads  1

Optimize a model with 189 rows, 54769 columns and 1541421 nonzeros
Coefficient statistics:
  Matrix range     [1e+00, 1e+00]
  Objective range  [1e+05, 5e+05]
  Bounds range     [1e+00, 1e+00]
  RHS range        [1e+00, 8e+00]
LP warm-start: use basis

Iteration    Objective       Primal Inf.    Dual Inf.      Time
       0   -3.8311889e+37   3.578275e+33   3.831189e+07      0s
     215    1.7203078e+06   0.000000e+00   0.000000e+00      0s

Solved in 215 iterations and 0.30 seconds (0.54 work units)
Optimal objective  1.720307793e+06
Set parameter TimeLimit to value 945.968523979187
Gurobi Optimizer version 12.0.3 build v12.0.3rc0 (linux64 - "Ubuntu 24.04.4 LTS")

CPU model: Intel(R) Xeon(R) Gold 6258R CPU @ 2.70GHz, instruction set [SSE2|AVX|AVX2|AVX512]
Thread count: 56 physical cores, 56 logical processors, using up to 1 threads

Non-default parameters:
TimeLimit  945.968523979187
Method  1
Seed  20260919
Threads  1

Optimize a model with 189 rows, 54799 columns and 1542631 nonzeros
Coefficient statistics:
  Matrix range     [1e+00, 1e+00]
  Objective range  [1e+05, 5e+05]
  Bounds range     [1e+00, 1e+00]
  RHS range        [1e+00, 8e+00]
LP warm-start: use basis

Iteration    Objective       Primal Inf.    Dual Inf.      Time
       0   -4.8589318e+37   1.831304e+33   4.858932e+07      0s
     203    1.6534559e+06   0.000000e+00   0.000000e+00      0s

Solved in 203 iterations and 0.29 seconds (0.50 work units)
Optimal objective  1.653455910e+06
Set parameter TimeLimit to value 9.4292382407188416e+02
Gurobi Optimizer version 12.0.3 build v12.0.3rc0 (linux64 - "Ubuntu 24.04.4 LTS")

CPU model: Intel(R) Xeon(R) Gold 6258R CPU @ 2.70GHz, instruction set [SSE2|AVX|AVX2|AVX512]
Thread count: 56 physical cores, 56 logical processors, using up to 1 threads

Non-default parameters:
TimeLimit  9.4292382407188416e+02
Method  1
Seed  20260919
Threads  1

Optimize a model with 189 rows, 54829 columns and 1543699 nonzeros
Coefficient statistics:
  Matrix range     [1e+00, 1e+00]
  Objective range  [1e+05, 5e+05]
  Bounds range     [1e+00, 1e+00]
  RHS range        [1e+00, 8e+00]
LP warm-start: use basis

Iteration    Objective       Primal Inf.    Dual Inf.      Time
       0   -5.2785001e+37   1.233642e+33   5.278500e+07      0s
     169    1.6027782e+06   0.000000e+00   0.000000e+00      0s

Solved in 169 iterations and 0.25 seconds (0.40 work units)
Optimal objective  1.602778159e+06
Set parameter TimeLimit to value 9.4110960507392883e+02
Gurobi Optimizer version 12.0.3 build v12.0.3rc0 (linux64 - "Ubuntu 24.04.4 LTS")

CPU model: Intel(R) Xeon(R) Gold 6258R CPU @ 2.70GHz, instruction set [SSE2|AVX|AVX2|AVX512]
Thread count: 56 physical cores, 56 logical processors, using up to 1 threads

Non-default parameters:
TimeLimit  9.4110960507392883e+02
Method  1
Seed  20260919
Threads  1

Optimize a model with 189 rows, 54859 columns and 1544712 nonzeros
Coefficient statistics:
  Matrix range     [1e+00, 1e+00]
  Objective range  [1e+05, 5e+05]
  Bounds range     [1e+00, 1e+00]
  RHS range        [1e+00, 8e+00]
LP warm-start: use basis

Iteration    Objective       Primal Inf.    Dual Inf.      Time
       0   -4.2736831e+37   1.144671e+33   4.273683e+07      0s
     134    1.5956842e+06   0.000000e+00   0.000000e+00      0s

Solved in 134 iterations and 0.23 seconds (0.36 work units)
Optimal objective  1.595684160e+06
Set parameter TimeLimit to value 939.139454126358
Gurobi Optimizer version 12.0.3 build v12.0.3rc0 (linux64 - "Ubuntu 24.04.4 LTS")

CPU model: Intel(R) Xeon(R) Gold 6258R CPU @ 2.70GHz, instruction set [SSE2|AVX|AVX2|AVX512]
Thread count: 56 physical cores, 56 logical processors, using up to 1 threads

Non-default parameters:
TimeLimit  939.139454126358
Method  1
Seed  20260919
Threads  1

Optimize a model with 189 rows, 54889 columns and 1545739 nonzeros
Coefficient statistics:
  Matrix range     [1e+00, 1e+00]
  Objective range  [1e+05, 5e+05]
  Bounds range     [1e+00, 1e+00]
  RHS range        [1e+00, 8e+00]
LP warm-start: use basis

Iteration    Objective       Primal Inf.    Dual Inf.      Time
       0   -3.8661948e+37   1.404149e+33   3.866195e+07      0s
     208    1.5525360e+06   0.000000e+00   0.000000e+00      0s

Solved in 208 iterations and 0.29 seconds (0.51 work units)
Optimal objective  1.552536022e+06
Set parameter TimeLimit to value 9.3640152096748352e+02
Gurobi Optimizer version 12.0.3 build v12.0.3rc0 (linux64 - "Ubuntu 24.04.4 LTS")

CPU model: Intel(R) Xeon(R) Gold 6258R CPU @ 2.70GHz, instruction set [SSE2|AVX|AVX2|AVX512]
Thread count: 56 physical cores, 56 logical processors, using up to 1 threads

Non-default parameters:
TimeLimit  9.3640152096748352e+02
Method  1
Seed  20260919
Threads  1

Optimize a model with 189 rows, 54919 columns and 1546804 nonzeros
Coefficient statistics:
  Matrix range     [1e+00, 1e+00]
  Objective range  [1e+05, 5e+05]
  Bounds range     [1e+00, 1e+00]
  RHS range        [1e+00, 8e+00]
LP warm-start: use basis

Iteration    Objective       Primal Inf.    Dual Inf.      Time
       0   -3.5124056e+37   1.294573e+33   3.512406e+07      0s
     222    1.5335952e+06   0.000000e+00   0.000000e+00      0s

Solved in 222 iterations and 0.31 seconds (0.55 work units)
Optimal objective  1.533595195e+06
Set parameter TimeLimit to value 9.3327452158927917e+02
Gurobi Optimizer version 12.0.3 build v12.0.3rc0 (linux64 - "Ubuntu 24.04.4 LTS")

CPU model: Intel(R) Xeon(R) Gold 6258R CPU @ 2.70GHz, instruction set [SSE2|AVX|AVX2|AVX512]
Thread count: 56 physical cores, 56 logical processors, using up to 1 threads

Non-default parameters:
TimeLimit  9.3327452158927917e+02
Method  1
Seed  20260919
Threads  1

Optimize a model with 189 rows, 54949 columns and 1547921 nonzeros
Coefficient statistics:
  Matrix range     [1e+00, 1e+00]
  Objective range  [1e+05, 5e+05]
  Bounds range     [1e+00, 1e+00]
  RHS range        [1e+00, 8e+00]
LP warm-start: use basis

Iteration    Objective       Primal Inf.    Dual Inf.      Time
       0   -4.7797058e+37   2.075558e+33   4.779706e+07      0s
     170    1.5072054e+06   0.000000e+00   0.000000e+00      0s

Solved in 170 iterations and 0.25 seconds (0.40 work units)
Optimal objective  1.507205412e+06
Set parameter TimeLimit to value 9.3057573747634888e+02
Gurobi Optimizer version 12.0.3 build v12.0.3rc0 (linux64 - "Ubuntu 24.04.4 LTS")

CPU model: Intel(R) Xeon(R) Gold 6258R CPU @ 2.70GHz, instruction set [SSE2|AVX|AVX2|AVX512]
Thread count: 56 physical cores, 56 logical processors, using up to 1 threads

Non-default parameters:
TimeLimit  9.3057573747634888e+02
Method  1
Seed  20260919
Threads  1

Optimize a model with 189 rows, 54979 columns and 1548892 nonzeros
Coefficient statistics:
  Matrix range     [1e+00, 1e+00]
  Objective range  [1e+05, 5e+05]
  Bounds range     [1e+00, 1e+00]
  RHS range        [1e+00, 8e+00]
LP warm-start: use basis

Iteration    Objective       Primal Inf.    Dual Inf.      Time
       0   -3.7762893e+37   1.163413e+33   3.776289e+07      0s
     216    1.4891914e+06   0.000000e+00   0.000000e+00      0s

Solved in 216 iterations and 0.30 seconds (0.52 work units)
Optimal objective  1.489191401e+06
Set parameter TimeLimit to value 9.2800459814071655e+02
Gurobi Optimizer version 12.0.3 build v12.0.3rc0 (linux64 - "Ubuntu 24.04.4 LTS")

CPU model: Intel(R) Xeon(R) Gold 6258R CPU @ 2.70GHz, instruction set [SSE2|AVX|AVX2|AVX512]
Thread count: 56 physical cores, 56 logical processors, using up to 1 threads

Non-default parameters:
TimeLimit  9.2800459814071655e+02
Method  1
Seed  20260919
Threads  1

Optimize a model with 189 rows, 55009 columns and 1550090 nonzeros
Coefficient statistics:
  Matrix range     [1e+00, 1e+00]
  Objective range  [1e+05, 5e+05]
  Bounds range     [1e+00, 1e+00]
  RHS range        [1e+00, 8e+00]
LP warm-start: use basis

Iteration    Objective       Primal Inf.    Dual Inf.      Time
       0   -4.2457652e+37   1.932428e+33   4.245765e+07      0s
     285    1.4469967e+06   0.000000e+00   0.000000e+00      0s

Solved in 285 iterations and 0.38 seconds (0.70 work units)
Optimal objective  1.446996729e+06
Set parameter TimeLimit to value 9.2526986956596375e+02
Gurobi Optimizer version 12.0.3 build v12.0.3rc0 (linux64 - "Ubuntu 24.04.4 LTS")

CPU model: Intel(R) Xeon(R) Gold 6258R CPU @ 2.70GHz, instruction set [SSE2|AVX|AVX2|AVX512]
Thread count: 56 physical cores, 56 logical processors, using up to 1 threads

Non-default parameters:
TimeLimit  9.2526986956596375e+02
Method  1
Seed  20260919
Threads  1

Optimize a model with 189 rows, 55039 columns and 1551019 nonzeros
Coefficient statistics:
  Matrix range     [1e+00, 1e+00]
  Objective range  [1e+05, 5e+05]
  Bounds range     [1e+00, 1e+00]
  RHS range        [1e+00, 8e+00]
LP warm-start: use basis

Iteration    Objective       Primal Inf.    Dual Inf.      Time
       0   -3.4923834e+37   3.293370e+33   3.492383e+07      0s
     209    1.4262439e+06   0.000000e+00   0.000000e+00      0s

Solved in 209 iterations and 0.30 seconds (0.53 work units)
Optimal objective  1.426243868e+06
Set parameter TimeLimit to value 9.2229650926589966e+02
Gurobi Optimizer version 12.0.3 build v12.0.3rc0 (linux64 - "Ubuntu 24.04.4 LTS")

CPU model: Intel(R) Xeon(R) Gold 6258R CPU @ 2.70GHz, instruction set [SSE2|AVX|AVX2|AVX512]
Thread count: 56 physical cores, 56 logical processors, using up to 1 threads

Non-default parameters:
TimeLimit  9.2229650926589966e+02
Method  1
Seed  20260919
Threads  1

Optimize a model with 189 rows, 55069 columns and 1552185 nonzeros
Coefficient statistics:
  Matrix range     [1e+00, 1e+00]
  Objective range  [1e+05, 5e+05]
  Bounds range     [1e+00, 1e+00]
  RHS range        [1e+00, 8e+00]
LP warm-start: use basis

Iteration    Objective       Primal Inf.    Dual Inf.      Time
       0   -3.5946808e+37   1.667759e+33   3.594681e+07      0s
      92    1.4248355e+06   0.000000e+00   0.000000e+00      0s

Solved in 92 iterations and 0.17 seconds (0.23 work units)
Optimal objective  1.424835457e+06
Set parameter TimeLimit to value 9.1920275187492371e+02
Gurobi Optimizer version 12.0.3 build v12.0.3rc0 (linux64 - "Ubuntu 24.04.4 LTS")

CPU model: Intel(R) Xeon(R) Gold 6258R CPU @ 2.70GHz, instruction set [SSE2|AVX|AVX2|AVX512]
Thread count: 56 physical cores, 56 logical processors, using up to 1 threads

Non-default parameters:
TimeLimit  9.1920275187492371e+02
Method  1
Seed  20260919
Threads  1

Optimize a model with 189 rows, 55099 columns and 1553249 nonzeros
Coefficient statistics:
  Matrix range     [1e+00, 1e+00]
  Objective range  [1e+05, 5e+05]
  Bounds range     [1e+00, 1e+00]
  RHS range        [1e+00, 8e+00]
LP warm-start: use basis

Iteration    Objective       Primal Inf.    Dual Inf.      Time
       0   -2.9984205e+37   1.849473e+33   2.998421e+07      0s
      78    1.4231874e+06   0.000000e+00   0.000000e+00      0s

Solved in 78 iterations and 0.16 seconds (0.20 work units)
Optimal objective  1.423187444e+06
Set parameter TimeLimit to value 9.1592579221725464e+02
Gurobi Optimizer version 12.0.3 build v12.0.3rc0 (linux64 - "Ubuntu 24.04.4 LTS")

CPU model: Intel(R) Xeon(R) Gold 6258R CPU @ 2.70GHz, instruction set [SSE2|AVX|AVX2|AVX512]
Thread count: 56 physical cores, 56 logical processors, using up to 1 threads

Non-default parameters:
TimeLimit  9.1592579221725464e+02
Method  1
Seed  20260919
Threads  1

Optimize a model with 189 rows, 55129 columns and 1554399 nonzeros
Coefficient statistics:
  Matrix range     [1e+00, 1e+00]
  Objective range  [1e+05, 5e+05]
  Bounds range     [1e+00, 1e+00]
  RHS range        [1e+00, 8e+00]
LP warm-start: use basis

Iteration    Objective       Primal Inf.    Dual Inf.      Time
       0   -2.7799127e+37   4.917949e+33   2.779913e+07      0s
     104    1.4179814e+06   0.000000e+00   0.000000e+00      0s

Solved in 104 iterations and 0.19 seconds (0.28 work units)
Optimal objective  1.417981402e+06
Set parameter TimeLimit to value 9.1253479218482971e+02
Gurobi Optimizer version 12.0.3 build v12.0.3rc0 (linux64 - "Ubuntu 24.04.4 LTS")

CPU model: Intel(R) Xeon(R) Gold 6258R CPU @ 2.70GHz, instruction set [SSE2|AVX|AVX2|AVX512]
Thread count: 56 physical cores, 56 logical processors, using up to 1 threads

Non-default parameters:
TimeLimit  9.1253479218482971e+02
Method  1
Seed  20260919
Threads  1

Optimize a model with 189 rows, 55159 columns and 1555552 nonzeros
Coefficient statistics:
  Matrix range     [1e+00, 1e+00]
  Objective range  [1e+05, 5e+05]
  Bounds range     [1e+00, 1e+00]
  RHS range        [1e+00, 8e+00]
LP warm-start: use basis

Iteration    Objective       Primal Inf.    Dual Inf.      Time
       0   -3.1279705e+37   1.133158e+33   3.127971e+07      0s
     154    1.4091351e+06   0.000000e+00   0.000000e+00      0s

Solved in 154 iterations and 0.24 seconds (0.39 work units)
Optimal objective  1.409135055e+06
Set parameter TimeLimit to value 9.0926114869117737e+02
Gurobi Optimizer version 12.0.3 build v12.0.3rc0 (linux64 - "Ubuntu 24.04.4 LTS")

CPU model: Intel(R) Xeon(R) Gold 6258R CPU @ 2.70GHz, instruction set [SSE2|AVX|AVX2|AVX512]
Thread count: 56 physical cores, 56 logical processors, using up to 1 threads

Non-default parameters:
TimeLimit  9.0926114869117737e+02
Method  1
Seed  20260919
Threads  1

Optimize a model with 189 rows, 55189 columns and 1556658 nonzeros
Coefficient statistics:
  Matrix range     [1e+00, 1e+00]
  Objective range  [1e+05, 5e+05]
  Bounds range     [1e+00, 1e+00]
  RHS range        [1e+00, 8e+00]
LP warm-start: use basis

Iteration    Objective       Primal Inf.    Dual Inf.      Time
       0   -2.9288694e+37   1.179063e+33   2.928869e+07      0s
     185    1.3955691e+06   0.000000e+00   0.000000e+00      0s

Solved in 185 iterations and 0.27 seconds (0.45 work units)
Optimal objective  1.395569139e+06
Set parameter TimeLimit to value 9.0636174345016479e+02
Gurobi Optimizer version 12.0.3 build v12.0.3rc0 (linux64 - "Ubuntu 24.04.4 LTS")

CPU model: Intel(R) Xeon(R) Gold 6258R CPU @ 2.70GHz, instruction set [SSE2|AVX|AVX2|AVX512]
Thread count: 56 physical cores, 56 logical processors, using up to 1 threads

Non-default parameters:
TimeLimit  9.0636174345016479e+02
Method  1
Seed  20260919
Threads  1

Optimize a model with 189 rows, 55219 columns and 1557704 nonzeros
Coefficient statistics:
  Matrix range     [1e+00, 1e+00]
  Objective range  [1e+05, 5e+05]
  Bounds range     [1e+00, 1e+00]
  RHS range        [1e+00, 8e+00]
LP warm-start: use basis

Iteration    Objective       Primal Inf.    Dual Inf.      Time
       0   -3.3174214e+37   2.597531e+33   3.317421e+07      0s
      99    1.3929807e+06   0.000000e+00   0.000000e+00      0s

Solved in 99 iterations and 0.19 seconds (0.27 work units)
Optimal objective  1.392980712e+06
Set parameter TimeLimit to value 903.632800579071
Gurobi Optimizer version 12.0.3 build v12.0.3rc0 (linux64 - "Ubuntu 24.04.4 LTS")

CPU model: Intel(R) Xeon(R) Gold 6258R CPU @ 2.70GHz, instruction set [SSE2|AVX|AVX2|AVX512]
Thread count: 56 physical cores, 56 logical processors, using up to 1 threads

Non-default parameters:
TimeLimit  903.632800579071
Method  1
Seed  20260919
Threads  1

Optimize a model with 189 rows, 55249 columns and 1558865 nonzeros
Coefficient statistics:
  Matrix range     [1e+00, 1e+00]
  Objective range  [1e+05, 5e+05]
  Bounds range     [1e+00, 1e+00]
  RHS range        [1e+00, 8e+00]
LP warm-start: use basis

Iteration    Objective       Primal Inf.    Dual Inf.      Time
       0   -3.2096110e+37   1.635187e+33   3.209611e+07      0s
     265    1.3659410e+06   0.000000e+00   0.000000e+00      0s

Solved in 265 iterations and 0.37 seconds (0.68 work units)
Optimal objective  1.365940952e+06
Set parameter TimeLimit to value 9.0049882030487061e+02
Gurobi Optimizer version 12.0.3 build v12.0.3rc0 (linux64 - "Ubuntu 24.04.4 LTS")

CPU model: Intel(R) Xeon(R) Gold 6258R CPU @ 2.70GHz, instruction set [SSE2|AVX|AVX2|AVX512]
Thread count: 56 physical cores, 56 logical processors, using up to 1 threads

Non-default parameters:
TimeLimit  9.0049882030487061e+02
Method  1
Seed  20260919
Threads  1

Optimize a model with 189 rows, 55279 columns and 1559957 nonzeros
Coefficient statistics:
  Matrix range     [1e+00, 1e+00]
  Objective range  [1e+05, 5e+05]
  Bounds range     [1e+00, 1e+00]
  RHS range        [1e+00, 8e+00]
LP warm-start: use basis

Iteration    Objective       Primal Inf.    Dual Inf.      Time
       0   -3.6420508e+37   1.639020e+33   3.642051e+07      0s
     227    1.3568479e+06   0.000000e+00   0.000000e+00      0s

Solved in 227 iterations and 0.31 seconds (0.53 work units)
Optimal objective  1.356847926e+06
Set parameter TimeLimit to value 8.9739265918731689e+02
Gurobi Optimizer version 12.0.3 build v12.0.3rc0 (linux64 - "Ubuntu 24.04.4 LTS")

CPU model: Intel(R) Xeon(R) Gold 6258R CPU @ 2.70GHz, instruction set [SSE2|AVX|AVX2|AVX512]
Thread count: 56 physical cores, 56 logical processors, using up to 1 threads

Non-default parameters:
TimeLimit  8.9739265918731689e+02
Method  1
Seed  20260919
Threads  1

Optimize a model with 189 rows, 55309 columns and 1560935 nonzeros
Coefficient statistics:
  Matrix range     [1e+00, 1e+00]
  Objective range  [1e+05, 5e+05]
  Bounds range     [1e+00, 1e+00]
  RHS range        [1e+00, 8e+00]
LP warm-start: use basis

Iteration    Objective       Primal Inf.    Dual Inf.      Time
       0   -3.1403877e+37   9.618475e+32   3.140388e+07      0s
     262    1.3219899e+06   0.000000e+00   0.000000e+00      0s

Solved in 262 iterations and 0.35 seconds (0.63 work units)
Optimal objective  1.321989871e+06
Set parameter TimeLimit to value 8.9462920403480530e+02
Gurobi Optimizer version 12.0.3 build v12.0.3rc0 (linux64 - "Ubuntu 24.04.4 LTS")

CPU model: Intel(R) Xeon(R) Gold 6258R CPU @ 2.70GHz, instruction set [SSE2|AVX|AVX2|AVX512]
Thread count: 56 physical cores, 56 logical processors, using up to 1 threads

Non-default parameters:
TimeLimit  8.9462920403480530e+02
Method  1
Seed  20260919
Threads  1

Optimize a model with 189 rows, 55339 columns and 1561966 nonzeros
Coefficient statistics:
  Matrix range     [1e+00, 1e+00]
  Objective range  [1e+05, 5e+05]
  Bounds range     [1e+00, 1e+00]
  RHS range        [1e+00, 8e+00]
LP warm-start: use basis

Iteration    Objective       Primal Inf.    Dual Inf.      Time
       0   -3.2863920e+37   1.989429e+33   3.286392e+07      0s
     150    1.3149821e+06   0.000000e+00   0.000000e+00      0s

Solved in 150 iterations and 0.23 seconds (0.36 work units)
Optimal objective  1.314982104e+06
Set parameter TimeLimit to value 8.9048930954933167e+02
Gurobi Optimizer version 12.0.3 build v12.0.3rc0 (linux64 - "Ubuntu 24.04.4 LTS")

CPU model: Intel(R) Xeon(R) Gold 6258R CPU @ 2.70GHz, instruction set [SSE2|AVX|AVX2|AVX512]
Thread count: 56 physical cores, 56 logical processors, using up to 1 threads

Non-default parameters:
TimeLimit  8.9048930954933167e+02
Method  1
Seed  20260919
Threads  1

Optimize a model with 189 rows, 55369 columns and 1562900 nonzeros
Coefficient statistics:
  Matrix range     [1e+00, 1e+00]
  Objective range  [1e+05, 5e+05]
  Bounds range     [1e+00, 1e+00]
  RHS range        [1e+00, 8e+00]
LP warm-start: use basis

Iteration    Objective       Primal Inf.    Dual Inf.      Time
       0   -2.6333361e+37   1.083152e+33   2.633336e+07      0s
     139    1.3090154e+06   0.000000e+00   0.000000e+00      0s

Solved in 139 iterations and 0.23 seconds (0.36 work units)
Optimal objective  1.309015422e+06
Set parameter TimeLimit to value 8.8652987170219421e+02
Gurobi Optimizer version 12.0.3 build v12.0.3rc0 (linux64 - "Ubuntu 24.04.4 LTS")

CPU model: Intel(R) Xeon(R) Gold 6258R CPU @ 2.70GHz, instruction set [SSE2|AVX|AVX2|AVX512]
Thread count: 56 physical cores, 56 logical processors, using up to 1 threads

Non-default parameters:
TimeLimit  8.8652987170219421e+02
Method  1
Seed  20260919
Threads  1

Optimize a model with 189 rows, 55399 columns and 1563930 nonzeros
Coefficient statistics:
  Matrix range     [1e+00, 1e+00]
  Objective range  [1e+05, 5e+05]
  Bounds range     [1e+00, 1e+00]
  RHS range        [1e+00, 8e+00]
LP warm-start: use basis

Iteration    Objective       Primal Inf.    Dual Inf.      Time
       0   -2.3449780e+37   1.688569e+33   2.344978e+07      0s
     111    1.3043117e+06   0.000000e+00   0.000000e+00      0s

Solved in 111 iterations and 0.20 seconds (0.28 work units)
Optimal objective  1.304311695e+06
Set parameter TimeLimit to value 883.582893371582
Gurobi Optimizer version 12.0.3 build v12.0.3rc0 (linux64 - "Ubuntu 24.04.4 LTS")

CPU model: Intel(R) Xeon(R) Gold 6258R CPU @ 2.70GHz, instruction set [SSE2|AVX|AVX2|AVX512]
Thread count: 56 physical cores, 56 logical processors, using up to 1 threads

Non-default parameters:
TimeLimit  883.582893371582
Method  1
Seed  20260919
Threads  1

Optimize a model with 189 rows, 55429 columns and 1565038 nonzeros
Coefficient statistics:
  Matrix range     [1e+00, 1e+00]
  Objective range  [1e+05, 5e+05]
  Bounds range     [1e+00, 1e+00]
  RHS range        [1e+00, 8e+00]
LP warm-start: use basis

Iteration    Objective       Primal Inf.    Dual Inf.      Time
       0   -2.3883433e+37   1.994937e+33   2.388343e+07      0s
     224    1.2892729e+06   0.000000e+00   0.000000e+00      0s

Solved in 224 iterations and 0.32 seconds (0.56 work units)
Optimal objective  1.289272900e+06
Set parameter TimeLimit to value 8.8021129631996155e+02
Gurobi Optimizer version 12.0.3 build v12.0.3rc0 (linux64 - "Ubuntu 24.04.4 LTS")

CPU model: Intel(R) Xeon(R) Gold 6258R CPU @ 2.70GHz, instruction set [SSE2|AVX|AVX2|AVX512]
Thread count: 56 physical cores, 56 logical processors, using up to 1 threads

Non-default parameters:
TimeLimit  8.8021129631996155e+02
Method  1
Seed  20260919
Threads  1

Optimize a model with 189 rows, 55459 columns and 1566022 nonzeros
Coefficient statistics:
  Matrix range     [1e+00, 1e+00]
  Objective range  [1e+05, 5e+05]
  Bounds range     [1e+00, 1e+00]
  RHS range        [1e+00, 8e+00]
LP warm-start: use basis

Iteration    Objective       Primal Inf.    Dual Inf.      Time
       0   -2.8339928e+37   2.001770e+33   2.833993e+07      0s
     192    1.2828212e+06   0.000000e+00   0.000000e+00      0s

Solved in 192 iterations and 0.27 seconds (0.45 work units)
Optimal objective  1.282821172e+06
Set parameter TimeLimit to value 8.7755388212203979e+02
Gurobi Optimizer version 12.0.3 build v12.0.3rc0 (linux64 - "Ubuntu 24.04.4 LTS")

CPU model: Intel(R) Xeon(R) Gold 6258R CPU @ 2.70GHz, instruction set [SSE2|AVX|AVX2|AVX512]
Thread count: 56 physical cores, 56 logical processors, using up to 1 threads

Non-default parameters:
TimeLimit  8.7755388212203979e+02
Method  1
Seed  20260919
Threads  1

Optimize a model with 189 rows, 55489 columns and 1567031 nonzeros
Coefficient statistics:
  Matrix range     [1e+00, 1e+00]
  Objective range  [1e+05, 5e+05]
  Bounds range     [1e+00, 1e+00]
  RHS range        [1e+00, 8e+00]
LP warm-start: use basis

Iteration    Objective       Primal Inf.    Dual Inf.      Time
       0   -2.6637771e+37   2.580609e+33   2.663777e+07      0s
     158    1.2810913e+06   0.000000e+00   0.000000e+00      0s

Solved in 158 iterations and 0.24 seconds (0.38 work units)
Optimal objective  1.281091335e+06
Set parameter TimeLimit to value 8.7404703593254089e+02
Gurobi Optimizer version 12.0.3 build v12.0.3rc0 (linux64 - "Ubuntu 24.04.4 LTS")

CPU model: Intel(R) Xeon(R) Gold 6258R CPU @ 2.70GHz, instruction set [SSE2|AVX|AVX2|AVX512]
Thread count: 56 physical cores, 56 logical processors, using up to 1 threads

Non-default parameters:
TimeLimit  8.7404703593254089e+02
Method  1
Seed  20260919
Threads  1

Optimize a model with 189 rows, 55519 columns and 1567997 nonzeros
Coefficient statistics:
  Matrix range     [1e+00, 1e+00]
  Objective range  [1e+05, 5e+05]
  Bounds range     [1e+00, 1e+00]
  RHS range        [1e+00, 8e+00]
LP warm-start: use basis

Iteration    Objective       Primal Inf.    Dual Inf.      Time
       0   -2.2822641e+37   1.159488e+33   2.282264e+07      0s
     138    1.2700960e+06   0.000000e+00   0.000000e+00      0s

Solved in 138 iterations and 0.23 seconds (0.36 work units)
Optimal objective  1.270096037e+06
Set parameter TimeLimit to value 8.7061781239509583e+02
Gurobi Optimizer version 12.0.3 build v12.0.3rc0 (linux64 - "Ubuntu 24.04.4 LTS")

CPU model: Intel(R) Xeon(R) Gold 6258R CPU @ 2.70GHz, instruction set [SSE2|AVX|AVX2|AVX512]
Thread count: 56 physical cores, 56 logical processors, using up to 1 threads

Non-default parameters:
TimeLimit  8.7061781239509583e+02
Method  1
Seed  20260919
Threads  1

Optimize a model with 189 rows, 55549 columns and 1569082 nonzeros
Coefficient statistics:
  Matrix range     [1e+00, 1e+00]
  Objective range  [1e+05, 5e+05]
  Bounds range     [1e+00, 1e+00]
  RHS range        [1e+00, 8e+00]
LP warm-start: use basis

Iteration    Objective       Primal Inf.    Dual Inf.      Time
       0   -2.4838710e+37   9.138205e+32   2.483871e+07      0s
      95    1.2665852e+06   0.000000e+00   0.000000e+00      0s

Solved in 95 iterations and 0.17 seconds (0.23 work units)
Optimal objective  1.266585187e+06
Set parameter TimeLimit to value 8.6831739521026611e+02
Gurobi Optimizer version 12.0.3 build v12.0.3rc0 (linux64 - "Ubuntu 24.04.4 LTS")

CPU model: Intel(R) Xeon(R) Gold 6258R CPU @ 2.70GHz, instruction set [SSE2|AVX|AVX2|AVX512]
Thread count: 56 physical cores, 56 logical processors, using up to 1 threads

Non-default parameters:
TimeLimit  8.6831739521026611e+02
Method  1
Seed  20260919
Threads  1

Optimize a model with 189 rows, 55579 columns and 1570191 nonzeros
Coefficient statistics:
  Matrix range     [1e+00, 1e+00]
  Objective range  [1e+05, 5e+05]
  Bounds range     [1e+00, 1e+00]
  RHS range        [1e+00, 8e+00]
LP warm-start: use basis

Iteration    Objective       Primal Inf.    Dual Inf.      Time
       0   -2.5446994e+37   4.428242e+33   2.544699e+07      0s
     115    1.2510808e+06   0.000000e+00   0.000000e+00      0s

Solved in 115 iterations and 0.19 seconds (0.27 work units)
Optimal objective  1.251080794e+06
Set parameter TimeLimit to value 865.143458366394
Gurobi Optimizer version 12.0.3 build v12.0.3rc0 (linux64 - "Ubuntu 24.04.4 LTS")

CPU model: Intel(R) Xeon(R) Gold 6258R CPU @ 2.70GHz, instruction set [SSE2|AVX|AVX2|AVX512]
Thread count: 56 physical cores, 56 logical processors, using up to 1 threads

Non-default parameters:
TimeLimit  865.143458366394
Method  1
Seed  20260919
Threads  1

Optimize a model with 189 rows, 55609 columns and 1571173 nonzeros
Coefficient statistics:
  Matrix range     [1e+00, 1e+00]
  Objective range  [1e+05, 5e+05]
  Bounds range     [1e+00, 1e+00]
  RHS range        [1e+00, 8e+00]
LP warm-start: use basis

Iteration    Objective       Primal Inf.    Dual Inf.      Time
       0   -2.2077158e+37   2.330932e+33   2.207716e+07      0s
     130    1.2504277e+06   0.000000e+00   0.000000e+00      0s

Solved in 130 iterations and 0.22 seconds (0.33 work units)
Optimal objective  1.250427693e+06
Set parameter TimeLimit to value 8.6177427911758423e+02
Gurobi Optimizer version 12.0.3 build v12.0.3rc0 (linux64 - "Ubuntu 24.04.4 LTS")

CPU model: Intel(R) Xeon(R) Gold 6258R CPU @ 2.70GHz, instruction set [SSE2|AVX|AVX2|AVX512]
Thread count: 56 physical cores, 56 logical processors, using up to 1 threads

Non-default parameters:
TimeLimit  8.6177427911758423e+02
Method  1
Seed  20260919
Threads  1

Optimize a model with 189 rows, 55639 columns and 1572214 nonzeros
Coefficient statistics:
  Matrix range     [1e+00, 1e+00]
  Objective range  [1e+05, 5e+05]
  Bounds range     [1e+00, 1e+00]
  RHS range        [1e+00, 8e+00]
LP warm-start: use basis

Iteration    Objective       Primal Inf.    Dual Inf.      Time
       0   -2.0463154e+37   8.906240e+32   2.046315e+07      0s
     135    1.2266161e+06   0.000000e+00   0.000000e+00      0s

Solved in 135 iterations and 0.22 seconds (0.33 work units)
Optimal objective  1.226616127e+06
Set parameter TimeLimit to value 8.5897249674797058e+02
Gurobi Optimizer version 12.0.3 build v12.0.3rc0 (linux64 - "Ubuntu 24.04.4 LTS")

CPU model: Intel(R) Xeon(R) Gold 6258R CPU @ 2.70GHz, instruction set [SSE2|AVX|AVX2|AVX512]
Thread count: 56 physical cores, 56 logical processors, using up to 1 threads

Non-default parameters:
TimeLimit  8.5897249674797058e+02
Method  1
Seed  20260919
Threads  1

Optimize a model with 189 rows, 55669 columns and 1573211 nonzeros
Coefficient statistics:
  Matrix range     [1e+00, 1e+00]
  Objective range  [1e+05, 5e+05]
  Bounds range     [1e+00, 1e+00]
  RHS range        [1e+00, 8e+00]
LP warm-start: use basis

Iteration    Objective       Primal Inf.    Dual Inf.      Time
       0   -2.7991587e+37   1.542073e+33   2.799159e+07      0s
     203    1.1858001e+06   0.000000e+00   0.000000e+00      0s

Solved in 203 iterations and 0.29 seconds (0.50 work units)
Optimal objective  1.185800071e+06
Set parameter TimeLimit to value 8.5623710155487061e+02
Gurobi Optimizer version 12.0.3 build v12.0.3rc0 (linux64 - "Ubuntu 24.04.4 LTS")

CPU model: Intel(R) Xeon(R) Gold 6258R CPU @ 2.70GHz, instruction set [SSE2|AVX|AVX2|AVX512]
Thread count: 56 physical cores, 56 logical processors, using up to 1 threads

Non-default parameters:
TimeLimit  8.5623710155487061e+02
Method  1
Seed  20260919
Threads  1

Optimize a model with 189 rows, 55699 columns and 1574273 nonzeros
Coefficient statistics:
  Matrix range     [1e+00, 1e+00]
  Objective range  [1e+05, 5e+05]
  Bounds range     [1e+00, 1e+00]
  RHS range        [1e+00, 8e+00]
LP warm-start: use basis

Iteration    Objective       Primal Inf.    Dual Inf.      Time
       0   -3.4835461e+37   3.340588e+33   3.483546e+07      0s
     118    1.1718565e+06   0.000000e+00   0.000000e+00      0s

Solved in 118 iterations and 0.20 seconds (0.30 work units)
Optimal objective  1.171856522e+06
Set parameter TimeLimit to value 8.5363940525054932e+02
Gurobi Optimizer version 12.0.3 build v12.0.3rc0 (linux64 - "Ubuntu 24.04.4 LTS")

CPU model: Intel(R) Xeon(R) Gold 6258R CPU @ 2.70GHz, instruction set [SSE2|AVX|AVX2|AVX512]
Thread count: 56 physical cores, 56 logical processors, using up to 1 threads

Non-default parameters:
TimeLimit  8.5363940525054932e+02
Method  1
Seed  20260919
Threads  1

Optimize a model with 189 rows, 55729 columns and 1575266 nonzeros
Coefficient statistics:
  Matrix range     [1e+00, 1e+00]
  Objective range  [1e+05, 5e+05]
  Bounds range     [1e+00, 1e+00]
  RHS range        [1e+00, 8e+00]
LP warm-start: use basis

Iteration    Objective       Primal Inf.    Dual Inf.      Time
       0   -2.8991574e+37   1.090358e+33   2.899157e+07      0s
     171    1.1594549e+06   0.000000e+00   0.000000e+00      0s

Solved in 171 iterations and 0.26 seconds (0.43 work units)
Optimal objective  1.159454892e+06
Set parameter TimeLimit to value 8.5015661406517029e+02
Gurobi Optimizer version 12.0.3 build v12.0.3rc0 (linux64 - "Ubuntu 24.04.4 LTS")

CPU model: Intel(R) Xeon(R) Gold 6258R CPU @ 2.70GHz, instruction set [SSE2|AVX|AVX2|AVX512]
Thread count: 56 physical cores, 56 logical processors, using up to 1 threads

Non-default parameters:
TimeLimit  8.5015661406517029e+02
Method  1
Seed  20260919
Threads  1

Optimize a model with 189 rows, 55759 columns and 1576307 nonzeros
Coefficient statistics:
  Matrix range     [1e+00, 1e+00]
  Objective range  [1e+05, 5e+05]
  Bounds range     [1e+00, 1e+00]
  RHS range        [1e+00, 8e+00]
LP warm-start: use basis

Iteration    Objective       Primal Inf.    Dual Inf.      Time
       0   -2.7314844e+37   1.298389e+33   2.731484e+07      0s
     171    1.1507953e+06   0.000000e+00   0.000000e+00      0s

Solved in 171 iterations and 0.26 seconds (0.43 work units)
Optimal objective  1.150795324e+06
Set parameter TimeLimit to value 847.282529592514
Gurobi Optimizer version 12.0.3 build v12.0.3rc0 (linux64 - "Ubuntu 24.04.4 LTS")

CPU model: Intel(R) Xeon(R) Gold 6258R CPU @ 2.70GHz, instruction set [SSE2|AVX|AVX2|AVX512]
Thread count: 56 physical cores, 56 logical processors, using up to 1 threads

Non-default parameters:
TimeLimit  847.282529592514
Method  1
Seed  20260919
Threads  1

Optimize a model with 189 rows, 55789 columns and 1577356 nonzeros
Coefficient statistics:
  Matrix range     [1e+00, 1e+00]
  Objective range  [1e+05, 5e+05]
  Bounds range     [1e+00, 1e+00]
  RHS range        [1e+00, 8e+00]
LP warm-start: use basis

Iteration    Objective       Primal Inf.    Dual Inf.      Time
       0   -2.4939140e+37   1.139078e+33   2.493914e+07      0s
     206    1.1251314e+06   0.000000e+00   0.000000e+00      0s

Solved in 206 iterations and 0.29 seconds (0.49 work units)
Optimal objective  1.125131373e+06
Set parameter TimeLimit to value 8.4472813963890076e+02
Gurobi Optimizer version 12.0.3 build v12.0.3rc0 (linux64 - "Ubuntu 24.04.4 LTS")

CPU model: Intel(R) Xeon(R) Gold 6258R CPU @ 2.70GHz, instruction set [SSE2|AVX|AVX2|AVX512]
Thread count: 56 physical cores, 56 logical processors, using up to 1 threads

Non-default parameters:
TimeLimit  8.4472813963890076e+02
Method  1
Seed  20260919
Threads  1

Optimize a model with 189 rows, 55819 columns and 1578553 nonzeros
Coefficient statistics:
  Matrix range     [1e+00, 1e+00]
  Objective range  [1e+05, 5e+05]
  Bounds range     [1e+00, 1e+00]
  RHS range        [1e+00, 8e+00]
LP warm-start: use basis

Iteration    Objective       Primal Inf.    Dual Inf.      Time
       0   -2.8944111e+37   1.399371e+33   2.894411e+07      0s
     201    1.1064079e+06   0.000000e+00   0.000000e+00      0s

Solved in 201 iterations and 0.28 seconds (0.47 work units)
Optimal objective  1.106407865e+06
Set parameter TimeLimit to value 8.4188619709014893e+02
Gurobi Optimizer version 12.0.3 build v12.0.3rc0 (linux64 - "Ubuntu 24.04.4 LTS")

CPU model: Intel(R) Xeon(R) Gold 6258R CPU @ 2.70GHz, instruction set [SSE2|AVX|AVX2|AVX512]
Thread count: 56 physical cores, 56 logical processors, using up to 1 threads

Non-default parameters:
TimeLimit  8.4188619709014893e+02
Method  1
Seed  20260919
Threads  1

Optimize a model with 189 rows, 55849 columns and 1579573 nonzeros
Coefficient statistics:
  Matrix range     [1e+00, 1e+00]
  Objective range  [1e+05, 5e+05]
  Bounds range     [1e+00, 1e+00]
  RHS range        [1e+00, 8e+00]
LP warm-start: use basis

Iteration    Objective       Primal Inf.    Dual Inf.      Time
       0   -3.0174330e+37   5.565710e+33   3.017433e+07      0s
      93    1.1046948e+06   0.000000e+00   0.000000e+00      0s

Solved in 93 iterations and 0.18 seconds (0.24 work units)
Optimal objective  1.104694822e+06
Set parameter TimeLimit to value 8.3864028143882751e+02
Gurobi Optimizer version 12.0.3 build v12.0.3rc0 (linux64 - "Ubuntu 24.04.4 LTS")

CPU model: Intel(R) Xeon(R) Gold 6258R CPU @ 2.70GHz, instruction set [SSE2|AVX|AVX2|AVX512]
Thread count: 56 physical cores, 56 logical processors, using up to 1 threads

Non-default parameters:
TimeLimit  8.3864028143882751e+02
Method  1
Seed  20260919
Threads  1

Optimize a model with 189 rows, 55879 columns and 1580606 nonzeros
Coefficient statistics:
  Matrix range     [1e+00, 1e+00]
  Objective range  [1e+05, 5e+05]
  Bounds range     [1e+00, 1e+00]
  RHS range        [1e+00, 8e+00]
LP warm-start: use basis

Iteration    Objective       Primal Inf.    Dual Inf.      Time
       0   -2.3893901e+37   1.081756e+33   2.389390e+07      0s
      71    1.1032813e+06   0.000000e+00   0.000000e+00      0s

Solved in 71 iterations and 0.15 seconds (0.18 work units)
Optimal objective  1.103281337e+06
Set parameter TimeLimit to value 8.3540645003318787e+02
Gurobi Optimizer version 12.0.3 build v12.0.3rc0 (linux64 - "Ubuntu 24.04.4 LTS")

CPU model: Intel(R) Xeon(R) Gold 6258R CPU @ 2.70GHz, instruction set [SSE2|AVX|AVX2|AVX512]
Thread count: 56 physical cores, 56 logical processors, using up to 1 threads

Non-default parameters:
TimeLimit  8.3540645003318787e+02
Method  1
Seed  20260919
Threads  1

Optimize a model with 189 rows, 55909 columns and 1581664 nonzeros
Coefficient statistics:
  Matrix range     [1e+00, 1e+00]
  Objective range  [1e+05, 5e+05]
  Bounds range     [1e+00, 1e+00]
  RHS range        [1e+00, 8e+00]
LP warm-start: use basis

Iteration    Objective       Primal Inf.    Dual Inf.      Time
       0   -2.0986290e+37   2.259415e+33   2.098629e+07      0s
     110    1.1030900e+06   0.000000e+00   0.000000e+00      0s

Solved in 110 iterations and 0.20 seconds (0.29 work units)
Optimal objective  1.103089991e+06
Set parameter TimeLimit to value 8.3370605683326721e+02
Gurobi Optimizer version 12.0.3 build v12.0.3rc0 (linux64 - "Ubuntu 24.04.4 LTS")

CPU model: Intel(R) Xeon(R) Gold 6258R CPU @ 2.70GHz, instruction set [SSE2|AVX|AVX2|AVX512]
Thread count: 56 physical cores, 56 logical processors, using up to 1 threads

Non-default parameters:
TimeLimit  8.3370605683326721e+02
Method  1
Seed  20260919
Threads  1

Optimize a model with 189 rows, 55939 columns and 1582817 nonzeros
Coefficient statistics:
  Matrix range     [1e+00, 1e+00]
  Objective range  [1e+05, 5e+05]
  Bounds range     [1e+00, 1e+00]
  RHS range        [1e+00, 8e+00]
LP warm-start: use basis

Iteration    Objective       Primal Inf.    Dual Inf.      Time
       0   -1.9124452e+37   6.560324e+32   1.912445e+07      0s
      88    1.1012918e+06   0.000000e+00   0.000000e+00      0s

Solved in 88 iterations and 0.18 seconds (0.23 work units)
Optimal objective  1.101291800e+06
Set parameter TimeLimit to value 8.3058906054496765e+02
Gurobi Optimizer version 12.0.3 build v12.0.3rc0 (linux64 - "Ubuntu 24.04.4 LTS")

CPU model: Intel(R) Xeon(R) Gold 6258R CPU @ 2.70GHz, instruction set [SSE2|AVX|AVX2|AVX512]
Thread count: 56 physical cores, 56 logical processors, using up to 1 threads

Non-default parameters:
TimeLimit  8.3058906054496765e+02
Method  1
Seed  20260919
Threads  1

Optimize a model with 189 rows, 55969 columns and 1583843 nonzeros
Coefficient statistics:
  Matrix range     [1e+00, 1e+00]
  Objective range  [1e+05, 5e+05]
  Bounds range     [1e+00, 1e+00]
  RHS range        [1e+00, 8e+00]
LP warm-start: use basis

Iteration    Objective       Primal Inf.    Dual Inf.      Time
       0   -1.9020268e+37   1.259393e+33   1.902027e+07      0s
      97    1.0997289e+06   0.000000e+00   0.000000e+00      0s

Solved in 97 iterations and 0.19 seconds (0.26 work units)
Optimal objective  1.099728878e+06
Set parameter TimeLimit to value 8.2814044356346130e+02
Gurobi Optimizer version 12.0.3 build v12.0.3rc0 (linux64 - "Ubuntu 24.04.4 LTS")

CPU model: Intel(R) Xeon(R) Gold 6258R CPU @ 2.70GHz, instruction set [SSE2|AVX|AVX2|AVX512]
Thread count: 56 physical cores, 56 logical processors, using up to 1 threads

Non-default parameters:
TimeLimit  8.2814044356346130e+02
Method  1
Seed  20260919
Threads  1

Optimize a model with 189 rows, 55999 columns and 1584853 nonzeros
Coefficient statistics:
  Matrix range     [1e+00, 1e+00]
  Objective range  [1e+05, 5e+05]
  Bounds range     [1e+00, 1e+00]
  RHS range        [1e+00, 8e+00]
LP warm-start: use basis

Iteration    Objective       Primal Inf.    Dual Inf.      Time
       0   -1.9562312e+37   1.593674e+33   1.956231e+07      0s
      67    1.0992926e+06   0.000000e+00   0.000000e+00      0s

Solved in 67 iterations and 0.16 seconds (0.18 work units)
Optimal objective  1.099292621e+06
Set parameter TimeLimit to value 8.2606922268867493e+02
Gurobi Optimizer version 12.0.3 build v12.0.3rc0 (linux64 - "Ubuntu 24.04.4 LTS")

CPU model: Intel(R) Xeon(R) Gold 6258R CPU @ 2.70GHz, instruction set [SSE2|AVX|AVX2|AVX512]
Thread count: 56 physical cores, 56 logical processors, using up to 1 threads

Non-default parameters:
TimeLimit  8.2606922268867493e+02
Method  1
Seed  20260919
Threads  1

Optimize a model with 189 rows, 56029 columns and 1586021 nonzeros
Coefficient statistics:
  Matrix range     [1e+00, 1e+00]
  Objective range  [1e+05, 5e+05]
  Bounds range     [1e+00, 1e+00]
  RHS range        [1e+00, 8e+00]
LP warm-start: use basis

Iteration    Objective       Primal Inf.    Dual Inf.      Time
       0   -1.9727087e+37   3.693012e+33   1.972709e+07      0s
      41    1.0986159e+06   0.000000e+00   0.000000e+00      0s

Solved in 41 iterations and 0.13 seconds (0.12 work units)
Optimal objective  1.098615887e+06
Set parameter TimeLimit to value 8.2332808709144592e+02
Gurobi Optimizer version 12.0.3 build v12.0.3rc0 (linux64 - "Ubuntu 24.04.4 LTS")

CPU model: Intel(R) Xeon(R) Gold 6258R CPU @ 2.70GHz, instruction set [SSE2|AVX|AVX2|AVX512]
Thread count: 56 physical cores, 56 logical processors, using up to 1 threads

Non-default parameters:
TimeLimit  8.2332808709144592e+02
Method  1
Seed  20260919
Threads  1

Optimize a model with 189 rows, 56059 columns and 1587110 nonzeros
Coefficient statistics:
  Matrix range     [1e+00, 1e+00]
  Objective range  [1e+05, 5e+05]
  Bounds range     [1e+00, 1e+00]
  RHS range        [1e+00, 8e+00]
LP warm-start: use basis

Iteration    Objective       Primal Inf.    Dual Inf.      Time
       0   -1.5305442e+37   6.562756e+32   1.530544e+07      0s
      93    1.0942522e+06   0.000000e+00   0.000000e+00      0s

Solved in 93 iterations and 0.18 seconds (0.24 work units)
Optimal objective  1.094252178e+06
Set parameter TimeLimit to value 8.2302826571464539e+02
Gurobi Optimizer version 12.0.3 build v12.0.3rc0 (linux64 - "Ubuntu 24.04.4 LTS")

CPU model: Intel(R) Xeon(R) Gold 6258R CPU @ 2.70GHz, instruction set [SSE2|AVX|AVX2|AVX512]
Thread count: 56 physical cores, 56 logical processors, using up to 1 threads

Non-default parameters:
TimeLimit  8.2302826571464539e+02
Method  1
Seed  20260919
Threads  1

Optimize a model with 189 rows, 56059 columns and 1587110 nonzeros
Coefficient statistics:
  Matrix range     [1e+00, 1e+00]
  Objective range  [1e+05, 5e+05]
  Bounds range     [1e+00, 1e+00]
  RHS range        [1e+00, 8e+00]

Iteration    Objective       Primal Inf.    Dual Inf.      Time
       0   -7.2222842e+06   1.109334e+02   0.000000e+00      0s
     852    1.2791078e+06   0.000000e+00   0.000000e+00      1s

Solved in 852 iterations and 1.05 seconds (2.43 work units)
Optimal objective  1.279107815e+06
Set parameter TimeLimit to value 8.1943095850944519e+02
Gurobi Optimizer version 12.0.3 build v12.0.3rc0 (linux64 - "Ubuntu 24.04.4 LTS")

CPU model: Intel(R) Xeon(R) Gold 6258R CPU @ 2.70GHz, instruction set [SSE2|AVX|AVX2|AVX512]
Thread count: 56 physical cores, 56 logical processors, using up to 1 threads

Non-default parameters:
TimeLimit  8.1943095850944519e+02
Method  1
Seed  20260919
Threads  1

Optimize a model with 189 rows, 56089 columns and 1588056 nonzeros
Coefficient statistics:
  Matrix range     [1e+00, 1e+00]
  Objective range  [1e+05, 5e+05]
  Bounds range     [1e+00, 1e+00]
  RHS range        [1e+00, 8e+00]
LP warm-start: use basis

Iteration    Objective       Primal Inf.    Dual Inf.      Time
       0   -6.2852722e+37   1.427250e+33   6.285272e+07      0s
     269    1.1618470e+06   0.000000e+00   0.000000e+00      0s

Solved in 269 iterations and 0.36 seconds (0.67 work units)
Optimal objective  1.161846970e+06
Set parameter TimeLimit to value 8.1567090082168579e+02
Gurobi Optimizer version 12.0.3 build v12.0.3rc0 (linux64 - "Ubuntu 24.04.4 LTS")

CPU model: Intel(R) Xeon(R) Gold 6258R CPU @ 2.70GHz, instruction set [SSE2|AVX|AVX2|AVX512]
Thread count: 56 physical cores, 56 logical processors, using up to 1 threads

Non-default parameters:
TimeLimit  8.1567090082168579e+02
Method  1
Seed  20260919
Threads  1

Optimize a model with 189 rows, 56119 columns and 1588972 nonzeros
Coefficient statistics:
  Matrix range     [1e+00, 1e+00]
  Objective range  [1e+05, 5e+05]
  Bounds range     [1e+00, 1e+00]
  RHS range        [1e+00, 8e+00]
LP warm-start: use basis

Iteration    Objective       Primal Inf.    Dual Inf.      Time
       0   -4.4261188e+37   1.896035e+33   4.426119e+07      0s
     206    1.1323961e+06   0.000000e+00   0.000000e+00      0s

Solved in 206 iterations and 0.30 seconds (0.52 work units)
Optimal objective  1.132396056e+06
Set parameter TimeLimit to value 8.1223308300971985e+02
Gurobi Optimizer version 12.0.3 build v12.0.3rc0 (linux64 - "Ubuntu 24.04.4 LTS")

CPU model: Intel(R) Xeon(R) Gold 6258R CPU @ 2.70GHz, instruction set [SSE2|AVX|AVX2|AVX512]
Thread count: 56 physical cores, 56 logical processors, using up to 1 threads

Non-default parameters:
TimeLimit  8.1223308300971985e+02
Method  1
Seed  20260919
Threads  1

Optimize a model with 189 rows, 56149 columns and 1589969 nonzeros
Coefficient statistics:
  Matrix range     [1e+00, 1e+00]
  Objective range  [1e+05, 5e+05]
  Bounds range     [1e+00, 1e+00]
  RHS range        [1e+00, 8e+00]
LP warm-start: use basis

Iteration    Objective       Primal Inf.    Dual Inf.      Time
       0   -3.7516315e+37   1.308439e+33   3.751632e+07      0s
     211    1.0795209e+06   0.000000e+00   0.000000e+00      0s

Solved in 211 iterations and 0.30 seconds (0.53 work units)
Optimal objective  1.079520926e+06
Set parameter TimeLimit to value 8.0911688566207886e+02
Gurobi Optimizer version 12.0.3 build v12.0.3rc0 (linux64 - "Ubuntu 24.04.4 LTS")

CPU model: Intel(R) Xeon(R) Gold 6258R CPU @ 2.70GHz, instruction set [SSE2|AVX|AVX2|AVX512]
Thread count: 56 physical cores, 56 logical processors, using up to 1 threads

Non-default parameters:
TimeLimit  8.0911688566207886e+02
Method  1
Seed  20260919
Threads  1

Optimize a model with 189 rows, 56179 columns and 1590903 nonzeros
Coefficient statistics:
  Matrix range     [1e+00, 1e+00]
  Objective range  [1e+05, 5e+05]
  Bounds range     [1e+00, 1e+00]
  RHS range        [1e+00, 8e+00]
LP warm-start: use basis

Iteration    Objective       Primal Inf.    Dual Inf.      Time
       0   -3.4443130e+37   2.766468e+33   3.444313e+07      0s
     177    1.0560354e+06   0.000000e+00   0.000000e+00      0s

Solved in 177 iterations and 0.27 seconds (0.45 work units)
Optimal objective  1.056035379e+06
Set parameter TimeLimit to value 8.0645204210281372e+02
Gurobi Optimizer version 12.0.3 build v12.0.3rc0 (linux64 - "Ubuntu 24.04.4 LTS")

CPU model: Intel(R) Xeon(R) Gold 6258R CPU @ 2.70GHz, instruction set [SSE2|AVX|AVX2|AVX512]
Thread count: 56 physical cores, 56 logical processors, using up to 1 threads

Non-default parameters:
TimeLimit  8.0645204210281372e+02
Method  1
Seed  20260919
Threads  1

Optimize a model with 189 rows, 56209 columns and 1591898 nonzeros
Coefficient statistics:
  Matrix range     [1e+00, 1e+00]
  Objective range  [1e+05, 5e+05]
  Bounds range     [1e+00, 1e+00]
  RHS range        [1e+00, 8e+00]
LP warm-start: use basis

Iteration    Objective       Primal Inf.    Dual Inf.      Time
       0   -2.7849429e+37   3.252820e+33   2.784943e+07      0s
     192    1.0208182e+06   0.000000e+00   0.000000e+00      0s

Solved in 192 iterations and 0.27 seconds (0.46 work units)
Optimal objective  1.020818227e+06
Set parameter TimeLimit to value 8.0430215954780579e+02
Gurobi Optimizer version 12.0.3 build v12.0.3rc0 (linux64 - "Ubuntu 24.04.4 LTS")

CPU model: Intel(R) Xeon(R) Gold 6258R CPU @ 2.70GHz, instruction set [SSE2|AVX|AVX2|AVX512]
Thread count: 56 physical cores, 56 logical processors, using up to 1 threads

Non-default parameters:
TimeLimit  8.0430215954780579e+02
Method  1
Seed  20260919
Threads  1

Optimize a model with 189 rows, 56239 columns and 1592941 nonzeros
Coefficient statistics:
  Matrix range     [1e+00, 1e+00]
  Objective range  [1e+05, 5e+05]
  Bounds range     [1e+00, 1e+00]
  RHS range        [1e+00, 8e+00]
LP warm-start: use basis

Iteration    Objective       Primal Inf.    Dual Inf.      Time
       0   -2.8071394e+37   2.062322e+33   2.807139e+07      0s
     261    9.9975319e+05   0.000000e+00   0.000000e+00      0s

Solved in 261 iterations and 0.36 seconds (0.67 work units)
Optimal objective  9.997531890e+05
Set parameter TimeLimit to value 8.0033769106864929e+02
Gurobi Optimizer version 12.0.3 build v12.0.3rc0 (linux64 - "Ubuntu 24.04.4 LTS")

CPU model: Intel(R) Xeon(R) Gold 6258R CPU @ 2.70GHz, instruction set [SSE2|AVX|AVX2|AVX512]
Thread count: 56 physical cores, 56 logical processors, using up to 1 threads

Non-default parameters:
TimeLimit  8.0033769106864929e+02
Method  1
Seed  20260919
Threads  1

Optimize a model with 189 rows, 56269 columns and 1594026 nonzeros
Coefficient statistics:
  Matrix range     [1e+00, 1e+00]
  Objective range  [1e+05, 5e+05]
  Bounds range     [1e+00, 1e+00]
  RHS range        [1e+00, 8e+00]
LP warm-start: use basis

Iteration    Objective       Primal Inf.    Dual Inf.      Time
       0   -2.1434733e+37   2.371230e+33   2.143473e+07      0s
     160    9.8561257e+05   0.000000e+00   0.000000e+00      0s

Solved in 160 iterations and 0.26 seconds (0.42 work units)
Optimal objective  9.856125664e+05
Set parameter TimeLimit to value 7.9720105266571045e+02
Gurobi Optimizer version 12.0.3 build v12.0.3rc0 (linux64 - "Ubuntu 24.04.4 LTS")

CPU model: Intel(R) Xeon(R) Gold 6258R CPU @ 2.70GHz, instruction set [SSE2|AVX|AVX2|AVX512]
Thread count: 56 physical cores, 56 logical processors, using up to 1 threads

Non-default parameters:
TimeLimit  7.9720105266571045e+02
Method  1
Seed  20260919
Threads  1

Optimize a model with 189 rows, 56299 columns and 1595040 nonzeros
Coefficient statistics:
  Matrix range     [1e+00, 1e+00]
  Objective range  [1e+05, 5e+05]
  Bounds range     [1e+00, 1e+00]
  RHS range        [1e+00, 8e+00]
LP warm-start: use basis

Iteration    Objective       Primal Inf.    Dual Inf.      Time
       0   -1.8301795e+37   3.392785e+33   1.830180e+07      0s
      69    9.8415370e+05   0.000000e+00   0.000000e+00      0s

Solved in 69 iterations and 0.16 seconds (0.20 work units)
Optimal objective  9.841537004e+05
Set parameter TimeLimit to value 7.9311613416671753e+02
Gurobi Optimizer version 12.0.3 build v12.0.3rc0 (linux64 - "Ubuntu 24.04.4 LTS")

CPU model: Intel(R) Xeon(R) Gold 6258R CPU @ 2.70GHz, instruction set [SSE2|AVX|AVX2|AVX512]
Thread count: 56 physical cores, 56 logical processors, using up to 1 threads

Non-default parameters:
TimeLimit  7.9311613416671753e+02
Method  1
Seed  20260919
Threads  1

Optimize a model with 189 rows, 56329 columns and 1596007 nonzeros
Coefficient statistics:
  Matrix range     [1e+00, 1e+00]
  Objective range  [1e+05, 5e+05]
  Bounds range     [1e+00, 1e+00]
  RHS range        [1e+00, 8e+00]
LP warm-start: use basis

Iteration    Objective       Primal Inf.    Dual Inf.      Time
       0   -1.7356250e+37   2.111812e+33   1.735625e+07      0s
     174    9.6598713e+05   0.000000e+00   0.000000e+00      0s

Solved in 174 iterations and 0.27 seconds (0.44 work units)
Optimal objective  9.659871327e+05
Set parameter TimeLimit to value 7.8887594604492188e+02
Gurobi Optimizer version 12.0.3 build v12.0.3rc0 (linux64 - "Ubuntu 24.04.4 LTS")

CPU model: Intel(R) Xeon(R) Gold 6258R CPU @ 2.70GHz, instruction set [SSE2|AVX|AVX2|AVX512]
Thread count: 56 physical cores, 56 logical processors, using up to 1 threads

Non-default parameters:
TimeLimit  7.8887594604492188e+02
Method  1
Seed  20260919
Threads  1

Optimize a model with 189 rows, 56359 columns and 1596916 nonzeros
Coefficient statistics:
  Matrix range     [1e+00, 1e+00]
  Objective range  [1e+05, 5e+05]
  Bounds range     [1e+00, 1e+00]
  RHS range        [1e+00, 8e+00]
LP warm-start: use basis

Iteration    Objective       Primal Inf.    Dual Inf.      Time
       0   -1.7741289e+37   3.394190e+33   1.774129e+07      0s
     111    9.6443426e+05   0.000000e+00   0.000000e+00      0s

Solved in 111 iterations and 0.20 seconds (0.29 work units)
Optimal objective  9.644342647e+05
Set parameter TimeLimit to value 7.8467112088203430e+02
Gurobi Optimizer version 12.0.3 build v12.0.3rc0 (linux64 - "Ubuntu 24.04.4 LTS")

CPU model: Intel(R) Xeon(R) Gold 6258R CPU @ 2.70GHz, instruction set [SSE2|AVX|AVX2|AVX512]
Thread count: 56 physical cores, 56 logical processors, using up to 1 threads

Non-default parameters:
TimeLimit  7.8467112088203430e+02
Method  1
Seed  20260919
Threads  1

Optimize a model with 189 rows, 56389 columns and 1597885 nonzeros
Coefficient statistics:
  Matrix range     [1e+00, 1e+00]
  Objective range  [1e+05, 5e+05]
  Bounds range     [1e+00, 1e+00]
  RHS range        [1e+00, 8e+00]
LP warm-start: use basis

Iteration    Objective       Primal Inf.    Dual Inf.      Time
       0   -1.6626434e+37   3.479182e+33   1.662643e+07      0s
     203    9.4259501e+05   0.000000e+00   0.000000e+00      0s

Solved in 203 iterations and 0.30 seconds (0.53 work units)
Optimal objective  9.425950134e+05
Set parameter TimeLimit to value 7.8208992457389832e+02
Gurobi Optimizer version 12.0.3 build v12.0.3rc0 (linux64 - "Ubuntu 24.04.4 LTS")

CPU model: Intel(R) Xeon(R) Gold 6258R CPU @ 2.70GHz, instruction set [SSE2|AVX|AVX2|AVX512]
Thread count: 56 physical cores, 56 logical processors, using up to 1 threads

Non-default parameters:
TimeLimit  7.8208992457389832e+02
Method  1
Seed  20260919
Threads  1

Optimize a model with 189 rows, 56419 columns and 1598878 nonzeros
Coefficient statistics:
  Matrix range     [1e+00, 1e+00]
  Objective range  [1e+05, 5e+05]
  Bounds range     [1e+00, 1e+00]
  RHS range        [1e+00, 8e+00]
LP warm-start: use basis

Iteration    Objective       Primal Inf.    Dual Inf.      Time
       0   -1.8147415e+37   1.190720e+33   1.814741e+07      0s
     182    9.2298952e+05   0.000000e+00   0.000000e+00      0s

Solved in 182 iterations and 0.28 seconds (0.48 work units)
Optimal objective  9.229895233e+05
Set parameter TimeLimit to value 7.7844725537300110e+02
Gurobi Optimizer version 12.0.3 build v12.0.3rc0 (linux64 - "Ubuntu 24.04.4 LTS")

CPU model: Intel(R) Xeon(R) Gold 6258R CPU @ 2.70GHz, instruction set [SSE2|AVX|AVX2|AVX512]
Thread count: 56 physical cores, 56 logical processors, using up to 1 threads

Non-default parameters:
TimeLimit  7.7844725537300110e+02
Method  1
Seed  20260919
Threads  1

Optimize a model with 189 rows, 56449 columns and 1599808 nonzeros
Coefficient statistics:
  Matrix range     [1e+00, 1e+00]
  Objective range  [1e+05, 5e+05]
  Bounds range     [1e+00, 1e+00]
  RHS range        [1e+00, 8e+00]
LP warm-start: use basis

Iteration    Objective       Primal Inf.    Dual Inf.      Time
       0   -1.6648887e+37   2.842702e+33   1.664889e+07      0s
      98    9.2191445e+05   0.000000e+00   0.000000e+00      0s

Solved in 98 iterations and 0.19 seconds (0.27 work units)
Optimal objective  9.219144512e+05
Set parameter TimeLimit to value 7.7439395952224731e+02
Gurobi Optimizer version 12.0.3 build v12.0.3rc0 (linux64 - "Ubuntu 24.04.4 LTS")

CPU model: Intel(R) Xeon(R) Gold 6258R CPU @ 2.70GHz, instruction set [SSE2|AVX|AVX2|AVX512]
Thread count: 56 physical cores, 56 logical processors, using up to 1 threads

Non-default parameters:
TimeLimit  7.7439395952224731e+02
Method  1
Seed  20260919
Threads  1

Optimize a model with 189 rows, 56479 columns and 1600886 nonzeros
Coefficient statistics:
  Matrix range     [1e+00, 1e+00]
  Objective range  [1e+05, 5e+05]
  Bounds range     [1e+00, 1e+00]
  RHS range        [1e+00, 8e+00]
LP warm-start: use basis

Iteration    Objective       Primal Inf.    Dual Inf.      Time
       0   -1.2754301e+37   1.099413e+33   1.275430e+07      0s
     367    8.7728247e+05   0.000000e+00   0.000000e+00      0s

Solved in 367 iterations and 0.44 seconds (0.86 work units)
Optimal objective  8.772824710e+05
Set parameter TimeLimit to value 771.729514837265
Gurobi Optimizer version 12.0.3 build v12.0.3rc0 (linux64 - "Ubuntu 24.04.4 LTS")

CPU model: Intel(R) Xeon(R) Gold 6258R CPU @ 2.70GHz, instruction set [SSE2|AVX|AVX2|AVX512]
Thread count: 56 physical cores, 56 logical processors, using up to 1 threads

Non-default parameters:
TimeLimit  771.729514837265
Method  1
Seed  20260919
Threads  1

Optimize a model with 189 rows, 56509 columns and 1601725 nonzeros
Coefficient statistics:
  Matrix range     [1e+00, 1e+00]
  Objective range  [1e+05, 5e+05]
  Bounds range     [1e+00, 1e+00]
  RHS range        [1e+00, 8e+00]
LP warm-start: use basis

Iteration    Objective       Primal Inf.    Dual Inf.      Time
       0   -1.4859126e+37   2.636430e+33   1.485913e+07      0s
     288    8.5205363e+05   0.000000e+00   0.000000e+00      0s

Solved in 288 iterations and 0.36 seconds (0.66 work units)
Optimal objective  8.520536265e+05
Set parameter TimeLimit to value 7.6915029692649841e+02
Gurobi Optimizer version 12.0.3 build v12.0.3rc0 (linux64 - "Ubuntu 24.04.4 LTS")

CPU model: Intel(R) Xeon(R) Gold 6258R CPU @ 2.70GHz, instruction set [SSE2|AVX|AVX2|AVX512]
Thread count: 56 physical cores, 56 logical processors, using up to 1 threads

Non-default parameters:
TimeLimit  7.6915029692649841e+02
Method  1
Seed  20260919
Threads  1

Optimize a model with 189 rows, 56539 columns and 1602670 nonzeros
Coefficient statistics:
  Matrix range     [1e+00, 1e+00]
  Objective range  [1e+05, 5e+05]
  Bounds range     [1e+00, 1e+00]
  RHS range        [1e+00, 8e+00]
LP warm-start: use basis

Iteration    Objective       Primal Inf.    Dual Inf.      Time
       0   -1.6168016e+37   1.031765e+33   1.616802e+07      0s
     115    8.5205363e+05   0.000000e+00   0.000000e+00      0s

Solved in 115 iterations and 0.20 seconds (0.29 work units)
Optimal objective  8.520536265e+05
Set parameter TimeLimit to value 7.6675885128974915e+02
Gurobi Optimizer version 12.0.3 build v12.0.3rc0 (linux64 - "Ubuntu 24.04.4 LTS")

CPU model: Intel(R) Xeon(R) Gold 6258R CPU @ 2.70GHz, instruction set [SSE2|AVX|AVX2|AVX512]
Thread count: 56 physical cores, 56 logical processors, using up to 1 threads

Non-default parameters:
TimeLimit  7.6675885128974915e+02
Method  1
Seed  20260919
Threads  1

Optimize a model with 189 rows, 56569 columns and 1603675 nonzeros
Coefficient statistics:
  Matrix range     [1e+00, 1e+00]
  Objective range  [1e+05, 5e+05]
  Bounds range     [1e+00, 1e+00]
  RHS range        [1e+00, 8e+00]
LP warm-start: use basis

Iteration    Objective       Primal Inf.    Dual Inf.      Time
       0   -1.6282653e+37   1.329364e+33   1.628265e+07      0s
     375    8.5115109e+05   0.000000e+00   0.000000e+00      0s

Solved in 375 iterations and 0.43 seconds (0.84 work units)
Optimal objective  8.511510854e+05
Set parameter TimeLimit to value 7.6407514858245850e+02
Gurobi Optimizer version 12.0.3 build v12.0.3rc0 (linux64 - "Ubuntu 24.04.4 LTS")

CPU model: Intel(R) Xeon(R) Gold 6258R CPU @ 2.70GHz, instruction set [SSE2|AVX|AVX2|AVX512]
Thread count: 56 physical cores, 56 logical processors, using up to 1 threads

Non-default parameters:
TimeLimit  7.6407514858245850e+02
Method  1
Seed  20260919
Threads  1

Optimize a model with 189 rows, 56599 columns and 1604686 nonzeros
Coefficient statistics:
  Matrix range     [1e+00, 1e+00]
  Objective range  [1e+05, 5e+05]
  Bounds range     [1e+00, 1e+00]
  RHS range        [1e+00, 8e+00]
LP warm-start: use basis

Iteration    Objective       Primal Inf.    Dual Inf.      Time
       0   -1.5713551e+37   1.142817e+33   1.571355e+07      0s
     140    8.3701851e+05   0.000000e+00   0.000000e+00      0s

Solved in 140 iterations and 0.22 seconds (0.36 work units)
Optimal objective  8.370185075e+05
Set parameter TimeLimit to value 7.6124093389511108e+02
Gurobi Optimizer version 12.0.3 build v12.0.3rc0 (linux64 - "Ubuntu 24.04.4 LTS")

CPU model: Intel(R) Xeon(R) Gold 6258R CPU @ 2.70GHz, instruction set [SSE2|AVX|AVX2|AVX512]
Thread count: 56 physical cores, 56 logical processors, using up to 1 threads

Non-default parameters:
TimeLimit  7.6124093389511108e+02
Method  1
Seed  20260919
Threads  1

Optimize a model with 189 rows, 56629 columns and 1605707 nonzeros
Coefficient statistics:
  Matrix range     [1e+00, 1e+00]
  Objective range  [1e+05, 5e+05]
  Bounds range     [1e+00, 1e+00]
  RHS range        [1e+00, 8e+00]
LP warm-start: use basis

Iteration    Objective       Primal Inf.    Dual Inf.      Time
       0   -1.4395794e+37   1.502889e+33   1.439579e+07      0s
     103    8.3592087e+05   0.000000e+00   0.000000e+00      0s

Solved in 103 iterations and 0.19 seconds (0.26 work units)
Optimal objective  8.359208655e+05
Set parameter TimeLimit to value 7.5885141658782959e+02
Gurobi Optimizer version 12.0.3 build v12.0.3rc0 (linux64 - "Ubuntu 24.04.4 LTS")

CPU model: Intel(R) Xeon(R) Gold 6258R CPU @ 2.70GHz, instruction set [SSE2|AVX|AVX2|AVX512]
Thread count: 56 physical cores, 56 logical processors, using up to 1 threads

Non-default parameters:
TimeLimit  7.5885141658782959e+02
Method  1
Seed  20260919
Threads  1

Optimize a model with 189 rows, 56659 columns and 1606731 nonzeros
Coefficient statistics:
  Matrix range     [1e+00, 1e+00]
  Objective range  [1e+05, 5e+05]
  Bounds range     [1e+00, 1e+00]
  RHS range        [1e+00, 8e+00]
LP warm-start: use basis

Iteration    Objective       Primal Inf.    Dual Inf.      Time
       0   -1.0664928e+37   1.189754e+33   1.066493e+07      0s
      76    8.3436594e+05   0.000000e+00   0.000000e+00      0s

Solved in 76 iterations and 0.15 seconds (0.20 work units)
Optimal objective  8.343659439e+05
Set parameter TimeLimit to value 7.5640765738487244e+02
Gurobi Optimizer version 12.0.3 build v12.0.3rc0 (linux64 - "Ubuntu 24.04.4 LTS")

CPU model: Intel(R) Xeon(R) Gold 6258R CPU @ 2.70GHz, instruction set [SSE2|AVX|AVX2|AVX512]
Thread count: 56 physical cores, 56 logical processors, using up to 1 threads

Non-default parameters:
TimeLimit  7.5640765738487244e+02
Method  1
Seed  20260919
Threads  1

Optimize a model with 189 rows, 56689 columns and 1607752 nonzeros
Coefficient statistics:
  Matrix range     [1e+00, 1e+00]
  Objective range  [1e+05, 5e+05]
  Bounds range     [1e+00, 1e+00]
  RHS range        [1e+00, 8e+00]
LP warm-start: use basis

Iteration    Objective       Primal Inf.    Dual Inf.      Time
       0   -1.0972623e+37   1.107004e+33   1.097262e+07      0s
     272    8.0042992e+05   0.000000e+00   0.000000e+00      0s

Solved in 272 iterations and 0.33 seconds (0.61 work units)
Optimal objective  8.004299198e+05
Set parameter TimeLimit to value 7.5326667594909668e+02
Gurobi Optimizer version 12.0.3 build v12.0.3rc0 (linux64 - "Ubuntu 24.04.4 LTS")

CPU model: Intel(R) Xeon(R) Gold 6258R CPU @ 2.70GHz, instruction set [SSE2|AVX|AVX2|AVX512]
Thread count: 56 physical cores, 56 logical processors, using up to 1 threads

Non-default parameters:
TimeLimit  7.5326667594909668e+02
Method  1
Seed  20260919
Threads  1

Optimize a model with 189 rows, 56719 columns and 1608684 nonzeros
Coefficient statistics:
  Matrix range     [1e+00, 1e+00]
  Objective range  [1e+05, 5e+05]
  Bounds range     [1e+00, 1e+00]
  RHS range        [1e+00, 8e+00]
LP warm-start: use basis

Iteration    Objective       Primal Inf.    Dual Inf.      Time
       0   -8.6924680e+34   1.677476e+34   8.692468e+04      0s
     366    8.0042992e+05   0.000000e+00   0.000000e+00      0s

Solved in 366 iterations and 0.39 seconds (0.75 work units)
Optimal objective  8.004299198e+05
Set parameter TimeLimit to value 7.4971941137313843e+02
Gurobi Optimizer version 12.0.3 build v12.0.3rc0 (linux64 - "Ubuntu 24.04.4 LTS")

CPU model: Intel(R) Xeon(R) Gold 6258R CPU @ 2.70GHz, instruction set [SSE2|AVX|AVX2|AVX512]
Thread count: 56 physical cores, 56 logical processors, using up to 1 threads

Non-default parameters:
TimeLimit  7.4971941137313843e+02
Method  1
Seed  20260919
Threads  1

Optimize a model with 189 rows, 56749 columns and 1609646 nonzeros
Coefficient statistics:
  Matrix range     [1e+00, 1e+00]
  Objective range  [1e+05, 5e+05]
  Bounds range     [1e+00, 1e+00]
  RHS range        [1e+00, 8e+00]
LP warm-start: use basis

Iteration    Objective       Primal Inf.    Dual Inf.      Time
       0   -8.6918896e+34   1.527951e+34   8.691890e+04      0s
     330    8.0041727e+05   0.000000e+00   0.000000e+00      0s

Solved in 330 iterations and 0.36 seconds (0.66 work units)
Optimal objective  8.004172658e+05
Set parameter TimeLimit to value 747.443238735199
Gurobi Optimizer version 12.0.3 build v12.0.3rc0 (linux64 - "Ubuntu 24.04.4 LTS")

CPU model: Intel(R) Xeon(R) Gold 6258R CPU @ 2.70GHz, instruction set [SSE2|AVX|AVX2|AVX512]
Thread count: 56 physical cores, 56 logical processors, using up to 1 threads

Non-default parameters:
TimeLimit  747.443238735199
Method  1
Seed  20260919
Threads  1

Optimize a model with 189 rows, 56779 columns and 1610460 nonzeros
Coefficient statistics:
  Matrix range     [1e+00, 1e+00]
  Objective range  [1e+05, 5e+05]
  Bounds range     [1e+00, 1e+00]
  RHS range        [1e+00, 8e+00]
LP warm-start: use basis

Iteration    Objective       Primal Inf.    Dual Inf.      Time
       0   -2.5703802e+33   1.894705e+33   2.570380e+03      0s
     128    8.0041727e+05   0.000000e+00   0.000000e+00      0s

Solved in 128 iterations and 0.22 seconds (0.32 work units)
Optimal objective  8.004172658e+05
Set parameter TimeLimit to value 7.4525934553146362e+02
Gurobi Optimizer version 12.0.3 build v12.0.3rc0 (linux64 - "Ubuntu 24.04.4 LTS")

CPU model: Intel(R) Xeon(R) Gold 6258R CPU @ 2.70GHz, instruction set [SSE2|AVX|AVX2|AVX512]
Thread count: 56 physical cores, 56 logical processors, using up to 1 threads

Non-default parameters:
TimeLimit  7.4525934553146362e+02
Method  1
Seed  20260919
Threads  1

Optimize a model with 189 rows, 56809 columns and 1611334 nonzeros
Coefficient statistics:
  Matrix range     [1e+00, 1e+00]
  Objective range  [1e+05, 5e+05]
  Bounds range     [1e+00, 1e+00]
  RHS range        [1e+00, 8e+00]
LP warm-start: use basis

Iteration    Objective       Primal Inf.    Dual Inf.      Time
       0   -2.5601606e+33   1.437086e+33   2.560161e+03      0s
       3    8.0041727e+05   0.000000e+00   0.000000e+00      0s

Solved in 3 iterations and 0.08 seconds (0.02 work units)
Optimal objective  8.004172658e+05
Set parameter TimeLimit to value 7.4377443122863770e+02
Gurobi Optimizer version 12.0.3 build v12.0.3rc0 (linux64 - "Ubuntu 24.04.4 LTS")

CPU model: Intel(R) Xeon(R) Gold 6258R CPU @ 2.70GHz, instruction set [SSE2|AVX|AVX2|AVX512]
Thread count: 56 physical cores, 56 logical processors, using up to 1 threads

Non-default parameters:
TimeLimit  7.4377443122863770e+02
Method  1
Seed  20260919
Threads  1

Optimize a model with 189 rows, 56839 columns and 1612223 nonzeros
Coefficient statistics:
  Matrix range     [1e+00, 1e+00]
  Objective range  [1e+05, 5e+05]
  Bounds range     [1e+00, 1e+00]
  RHS range        [1e+00, 8e+00]
LP warm-start: use basis

Iteration    Objective       Primal Inf.    Dual Inf.      Time
       0   -2.5000641e+33   1.490266e+33   2.500064e+03      0s
     169    8.0041339e+05   0.000000e+00   0.000000e+00      0s

Solved in 169 iterations and 0.26 seconds (0.43 work units)
Optimal objective  8.004133879e+05
Set parameter TimeLimit to value 7.4187731409072876e+02
Gurobi Optimizer version 12.0.3 build v12.0.3rc0 (linux64 - "Ubuntu 24.04.4 LTS")

CPU model: Intel(R) Xeon(R) Gold 6258R CPU @ 2.70GHz, instruction set [SSE2|AVX|AVX2|AVX512]
Thread count: 56 physical cores, 56 logical processors, using up to 1 threads

Non-default parameters:
TimeLimit  7.4187731409072876e+02
Method  1
Seed  20260919
Threads  1

Optimize a model with 189 rows, 56869 columns and 1613106 nonzeros
Coefficient statistics:
  Matrix range     [1e+00, 1e+00]
  Objective range  [1e+05, 5e+05]
  Bounds range     [1e+00, 1e+00]
  RHS range        [1e+00, 8e+00]
LP warm-start: use basis

Iteration    Objective       Primal Inf.    Dual Inf.      Time
       0   -2.4084790e+33   3.754647e+33   2.408479e+03      0s
     170    8.0040678e+05   0.000000e+00   0.000000e+00      0s

Solved in 170 iterations and 0.26 seconds (0.42 work units)
Optimal objective  8.004067829e+05
Set parameter TimeLimit to value 739.809638261795
Gurobi Optimizer version 12.0.3 build v12.0.3rc0 (linux64 - "Ubuntu 24.04.4 LTS")

CPU model: Intel(R) Xeon(R) Gold 6258R CPU @ 2.70GHz, instruction set [SSE2|AVX|AVX2|AVX512]
Thread count: 56 physical cores, 56 logical processors, using up to 1 threads

Non-default parameters:
TimeLimit  739.809638261795
Method  1
Seed  20260919
Threads  1

Optimize a model with 189 rows, 56899 columns and 1614042 nonzeros
Coefficient statistics:
  Matrix range     [1e+00, 1e+00]
  Objective range  [1e+05, 5e+05]
  Bounds range     [1e+00, 1e+00]
  RHS range        [1e+00, 8e+00]
LP warm-start: use basis

Iteration    Objective       Primal Inf.    Dual Inf.      Time
       0   -2.3632029e+33   3.097958e+33   2.363203e+03      0s
     160    8.0040395e+05   0.000000e+00   0.000000e+00      0s

Solved in 160 iterations and 0.25 seconds (0.40 work units)
Optimal objective  8.004039545e+05
Set parameter TimeLimit to value 7.3835179352760315e+02
Gurobi Optimizer version 12.0.3 build v12.0.3rc0 (linux64 - "Ubuntu 24.04.4 LTS")

CPU model: Intel(R) Xeon(R) Gold 6258R CPU @ 2.70GHz, instruction set [SSE2|AVX|AVX2|AVX512]
Thread count: 56 physical cores, 56 logical processors, using up to 1 threads

Non-default parameters:
TimeLimit  7.3835179352760315e+02
Method  1
Seed  20260919
Threads  1

Optimize a model with 189 rows, 56929 columns and 1614978 nonzeros
Coefficient statistics:
  Matrix range     [1e+00, 1e+00]
  Objective range  [1e+05, 5e+05]
  Bounds range     [1e+00, 1e+00]
  RHS range        [1e+00, 8e+00]
LP warm-start: use basis

Iteration    Objective       Primal Inf.    Dual Inf.      Time
       0   -2.0563229e+33   2.655680e+33   2.056323e+03      0s
       1    8.0040395e+05   0.000000e+00   0.000000e+00      0s

Solved in 1 iterations and 0.08 seconds (0.02 work units)
Optimal objective  8.004039545e+05
Set parameter TimeLimit to value 7.3707950973510742e+02
Gurobi Optimizer version 12.0.3 build v12.0.3rc0 (linux64 - "Ubuntu 24.04.4 LTS")

CPU model: Intel(R) Xeon(R) Gold 6258R CPU @ 2.70GHz, instruction set [SSE2|AVX|AVX2|AVX512]
Thread count: 56 physical cores, 56 logical processors, using up to 1 threads

Non-default parameters:
TimeLimit  7.3707950973510742e+02
Method  1
Seed  20260919
Threads  1

Optimize a model with 189 rows, 56959 columns and 1615907 nonzeros
Coefficient statistics:
  Matrix range     [1e+00, 1e+00]
  Objective range  [1e+05, 5e+05]
  Bounds range     [1e+00, 1e+00]
  RHS range        [1e+00, 8e+00]
LP warm-start: use basis

Iteration    Objective       Primal Inf.    Dual Inf.      Time
       0   -1.9763163e+33   9.698810e+32   1.976316e+03      0s
     150    8.0040142e+05   0.000000e+00   0.000000e+00      0s

Solved in 150 iterations and 0.24 seconds (0.39 work units)
Optimal objective  8.004014247e+05
Set parameter TimeLimit to value 7.3513482069969177e+02
Gurobi Optimizer version 12.0.3 build v12.0.3rc0 (linux64 - "Ubuntu 24.04.4 LTS")

CPU model: Intel(R) Xeon(R) Gold 6258R CPU @ 2.70GHz, instruction set [SSE2|AVX|AVX2|AVX512]
Thread count: 56 physical cores, 56 logical processors, using up to 1 threads

Non-default parameters:
TimeLimit  7.3513482069969177e+02
Method  1
Seed  20260919
Threads  1

Optimize a model with 189 rows, 56989 columns and 1616788 nonzeros
Coefficient statistics:
  Matrix range     [1e+00, 1e+00]
  Objective range  [1e+05, 5e+05]
  Bounds range     [1e+00, 1e+00]
  RHS range        [1e+00, 8e+00]
LP warm-start: use basis

Iteration    Objective       Primal Inf.    Dual Inf.      Time
       0   -2.0874299e+33   3.434904e+33   2.087430e+03      0s
     104    8.0040142e+05   0.000000e+00   0.000000e+00      0s

Solved in 104 iterations and 0.20 seconds (0.28 work units)
Optimal objective  8.004014247e+05
Set parameter TimeLimit to value 7.3357819151878357e+02
Gurobi Optimizer version 12.0.3 build v12.0.3rc0 (linux64 - "Ubuntu 24.04.4 LTS")

CPU model: Intel(R) Xeon(R) Gold 6258R CPU @ 2.70GHz, instruction set [SSE2|AVX|AVX2|AVX512]
Thread count: 56 physical cores, 56 logical processors, using up to 1 threads

Non-default parameters:
TimeLimit  7.3357819151878357e+02
Method  1
Seed  20260919
Threads  1

Optimize a model with 189 rows, 57019 columns and 1617652 nonzeros
Coefficient statistics:
  Matrix range     [1e+00, 1e+00]
  Objective range  [1e+05, 5e+05]
  Bounds range     [1e+00, 1e+00]
  RHS range        [1e+00, 8e+00]
LP warm-start: use basis

Iteration    Objective       Primal Inf.    Dual Inf.      Time
       0   -1.6309730e+33   3.455797e+33   1.630973e+03      0s
       8    8.0040142e+05   0.000000e+00   0.000000e+00      0s

Solved in 8 iterations and 0.10 seconds (0.04 work units)
Optimal objective  8.004014247e+05
Set parameter TimeLimit to value 7.3206412053108215e+02
Gurobi Optimizer version 12.0.3 build v12.0.3rc0 (linux64 - "Ubuntu 24.04.4 LTS")

CPU model: Intel(R) Xeon(R) Gold 6258R CPU @ 2.70GHz, instruction set [SSE2|AVX|AVX2|AVX512]
Thread count: 56 physical cores, 56 logical processors, using up to 1 threads

Non-default parameters:
TimeLimit  7.3206412053108215e+02
Method  1
Seed  20260919
Threads  1

Optimize a model with 189 rows, 57049 columns and 1618485 nonzeros
Coefficient statistics:
  Matrix range     [1e+00, 1e+00]
  Objective range  [1e+05, 5e+05]
  Bounds range     [1e+00, 1e+00]
  RHS range        [1e+00, 8e+00]
LP warm-start: use basis

Iteration    Objective       Primal Inf.    Dual Inf.      Time
       0   -1.5814948e+33   2.358933e+33   1.581495e+03      0s
     186    8.0040142e+05   0.000000e+00   0.000000e+00      0s

Solved in 186 iterations and 0.28 seconds (0.49 work units)
Optimal objective  8.004014247e+05
Set parameter TimeLimit to value 7.3042649769783020e+02
Gurobi Optimizer version 12.0.3 build v12.0.3rc0 (linux64 - "Ubuntu 24.04.4 LTS")

CPU model: Intel(R) Xeon(R) Gold 6258R CPU @ 2.70GHz, instruction set [SSE2|AVX|AVX2|AVX512]
Thread count: 56 physical cores, 56 logical processors, using up to 1 threads

Non-default parameters:
TimeLimit  7.3042649769783020e+02
Method  1
Seed  20260919
Threads  1

Optimize a model with 189 rows, 57079 columns and 1619373 nonzeros
Coefficient statistics:
  Matrix range     [1e+00, 1e+00]
  Objective range  [1e+05, 5e+05]
  Bounds range     [1e+00, 1e+00]
  RHS range        [1e+00, 8e+00]
LP warm-start: use basis

Iteration    Objective       Primal Inf.    Dual Inf.      Time
       0   -1.4796219e+33   1.087362e+33   1.479622e+03      0s
     144    8.0040109e+05   0.000000e+00   0.000000e+00      0s

Solved in 144 iterations and 0.23 seconds (0.36 work units)
Optimal objective  8.004010871e+05
Set parameter TimeLimit to value 7.2881991648674011e+02
Gurobi Optimizer version 12.0.3 build v12.0.3rc0 (linux64 - "Ubuntu 24.04.4 LTS")

CPU model: Intel(R) Xeon(R) Gold 6258R CPU @ 2.70GHz, instruction set [SSE2|AVX|AVX2|AVX512]
Thread count: 56 physical cores, 56 logical processors, using up to 1 threads

Non-default parameters:
TimeLimit  7.2881991648674011e+02
Method  1
Seed  20260919
Threads  1

Optimize a model with 189 rows, 57109 columns and 1620304 nonzeros
Coefficient statistics:
  Matrix range     [1e+00, 1e+00]
  Objective range  [1e+05, 5e+05]
  Bounds range     [1e+00, 1e+00]
  RHS range        [1e+00, 8e+00]
LP warm-start: use basis

Iteration    Objective       Primal Inf.    Dual Inf.      Time
       0   -1.7156465e+33   4.045293e+33   1.715647e+03      0s
       7    8.0040109e+05   0.000000e+00   0.000000e+00      0s

Solved in 7 iterations and 0.07 seconds (0.02 work units)
Optimal objective  8.004010871e+05
Set parameter TimeLimit to value 7.2745648074150085e+02
Gurobi Optimizer version 12.0.3 build v12.0.3rc0 (linux64 - "Ubuntu 24.04.4 LTS")

CPU model: Intel(R) Xeon(R) Gold 6258R CPU @ 2.70GHz, instruction set [SSE2|AVX|AVX2|AVX512]
Thread count: 56 physical cores, 56 logical processors, using up to 1 threads

Non-default parameters:
TimeLimit  7.2745648074150085e+02
Method  1
Seed  20260919
Threads  1

Optimize a model with 189 rows, 57139 columns and 1621263 nonzeros
Coefficient statistics:
  Matrix range     [1e+00, 1e+00]
  Objective range  [1e+05, 5e+05]
  Bounds range     [1e+00, 1e+00]
  RHS range        [1e+00, 8e+00]
LP warm-start: use basis

Iteration    Objective       Primal Inf.    Dual Inf.      Time
       0   -1.4281743e+33   2.187309e+33   1.428174e+03      0s
     251    8.0039986e+05   0.000000e+00   0.000000e+00      0s

Solved in 251 iterations and 0.34 seconds (0.64 work units)
Optimal objective  8.003998616e+05
Set parameter TimeLimit to value 7.2536669254302979e+02
Gurobi Optimizer version 12.0.3 build v12.0.3rc0 (linux64 - "Ubuntu 24.04.4 LTS")

CPU model: Intel(R) Xeon(R) Gold 6258R CPU @ 2.70GHz, instruction set [SSE2|AVX|AVX2|AVX512]
Thread count: 56 physical cores, 56 logical processors, using up to 1 threads

Non-default parameters:
TimeLimit  7.2536669254302979e+02
Method  1
Seed  20260919
Threads  1

Optimize a model with 189 rows, 57169 columns and 1622123 nonzeros
Coefficient statistics:
  Matrix range     [1e+00, 1e+00]
  Objective range  [1e+05, 5e+05]
  Bounds range     [1e+00, 1e+00]
  RHS range        [1e+00, 8e+00]
LP warm-start: use basis

Iteration    Objective       Primal Inf.    Dual Inf.      Time
       0   -1.6195089e+33   1.695967e+33   1.619509e+03      0s
       5    8.0039986e+05   0.000000e+00   0.000000e+00      0s

Solved in 5 iterations and 0.08 seconds (0.02 work units)
Optimal objective  8.003998616e+05
Set parameter TimeLimit to value 723.494077205658
Gurobi Optimizer version 12.0.3 build v12.0.3rc0 (linux64 - "Ubuntu 24.04.4 LTS")

CPU model: Intel(R) Xeon(R) Gold 6258R CPU @ 2.70GHz, instruction set [SSE2|AVX|AVX2|AVX512]
Thread count: 56 physical cores, 56 logical processors, using up to 1 threads

Non-default parameters:
TimeLimit  723.494077205658
Method  1
Seed  20260919
Threads  1

Optimize a model with 189 rows, 57199 columns and 1623025 nonzeros
Coefficient statistics:
  Matrix range     [1e+00, 1e+00]
  Objective range  [1e+05, 5e+05]
  Bounds range     [1e+00, 1e+00]
  RHS range        [1e+00, 8e+00]
LP warm-start: use basis

Iteration    Objective       Primal Inf.    Dual Inf.      Time
       0   -1.7552903e+33   3.576353e+33   1.755290e+03      0s
      61    8.0039986e+05   0.000000e+00   0.000000e+00      0s

Solved in 61 iterations and 0.14 seconds (0.18 work units)
Optimal objective  8.003998616e+05
Set parameter TimeLimit to value 7.2176884961128235e+02
Gurobi Optimizer version 12.0.3 build v12.0.3rc0 (linux64 - "Ubuntu 24.04.4 LTS")

CPU model: Intel(R) Xeon(R) Gold 6258R CPU @ 2.70GHz, instruction set [SSE2|AVX|AVX2|AVX512]
Thread count: 56 physical cores, 56 logical processors, using up to 1 threads

Non-default parameters:
TimeLimit  7.2176884961128235e+02
Method  1
Seed  20260919
Threads  1

Optimize a model with 189 rows, 57229 columns and 1623955 nonzeros
Coefficient statistics:
  Matrix range     [1e+00, 1e+00]
  Objective range  [1e+05, 5e+05]
  Bounds range     [1e+00, 1e+00]
  RHS range        [1e+00, 8e+00]
LP warm-start: use basis

Iteration    Objective       Primal Inf.    Dual Inf.      Time
       0   -1.5926602e+33   1.401135e+33   1.592660e+03      0s
     253    8.0039782e+05   0.000000e+00   0.000000e+00      0s

Solved in 253 iterations and 0.36 seconds (0.69 work units)
Optimal objective  8.003978201e+05
Set parameter TimeLimit to value 7.2007135677337646e+02
Gurobi Optimizer version 12.0.3 build v12.0.3rc0 (linux64 - "Ubuntu 24.04.4 LTS")

CPU model: Intel(R) Xeon(R) Gold 6258R CPU @ 2.70GHz, instruction set [SSE2|AVX|AVX2|AVX512]
Thread count: 56 physical cores, 56 logical processors, using up to 1 threads

Non-default parameters:
TimeLimit  7.2007135677337646e+02
Method  1
Seed  20260919
Threads  1

Optimize a model with 189 rows, 57259 columns and 1624878 nonzeros
Coefficient statistics:
  Matrix range     [1e+00, 1e+00]
  Objective range  [1e+05, 5e+05]
  Bounds range     [1e+00, 1e+00]
  RHS range        [1e+00, 8e+00]
LP warm-start: use basis

Iteration    Objective       Primal Inf.    Dual Inf.      Time
       0   -2.1289102e+33   2.008566e+33   2.128910e+03      0s
     117    8.0039782e+05   0.000000e+00   0.000000e+00      0s

Solved in 117 iterations and 0.20 seconds (0.31 work units)
Optimal objective  8.003978201e+05
Set parameter TimeLimit to value 7.1835518956184387e+02
Gurobi Optimizer version 12.0.3 build v12.0.3rc0 (linux64 - "Ubuntu 24.04.4 LTS")

CPU model: Intel(R) Xeon(R) Gold 6258R CPU @ 2.70GHz, instruction set [SSE2|AVX|AVX2|AVX512]
Thread count: 56 physical cores, 56 logical processors, using up to 1 threads

Non-default parameters:
TimeLimit  7.1835518956184387e+02
Method  1
Seed  20260919
Threads  1

Optimize a model with 189 rows, 57289 columns and 1625792 nonzeros
Coefficient statistics:
  Matrix range     [1e+00, 1e+00]
  Objective range  [1e+05, 5e+05]
  Bounds range     [1e+00, 1e+00]
  RHS range        [1e+00, 8e+00]
LP warm-start: use basis

Iteration    Objective       Primal Inf.    Dual Inf.      Time
       0   -1.9659231e+33   1.234443e+33   1.965923e+03      0s
      89    8.0039782e+05   0.000000e+00   0.000000e+00      0s

Solved in 89 iterations and 0.17 seconds (0.23 work units)
Optimal objective  8.003978201e+05
Set parameter TimeLimit to value 7.1680511832237244e+02
Gurobi Optimizer version 12.0.3 build v12.0.3rc0 (linux64 - "Ubuntu 24.04.4 LTS")

CPU model: Intel(R) Xeon(R) Gold 6258R CPU @ 2.70GHz, instruction set [SSE2|AVX|AVX2|AVX512]
Thread count: 56 physical cores, 56 logical processors, using up to 1 threads

Non-default parameters:
TimeLimit  7.1680511832237244e+02
Method  1
Seed  20260919
Threads  1

Optimize a model with 189 rows, 57319 columns and 1626723 nonzeros
Coefficient statistics:
  Matrix range     [1e+00, 1e+00]
  Objective range  [1e+05, 5e+05]
  Bounds range     [1e+00, 1e+00]
  RHS range        [1e+00, 8e+00]
LP warm-start: use basis

Iteration    Objective       Primal Inf.    Dual Inf.      Time
       0   -2.1109725e+33   1.299801e+33   2.110973e+03      0s
      83    8.0039782e+05   0.000000e+00   0.000000e+00      0s

Solved in 83 iterations and 0.16 seconds (0.21 work units)
Optimal objective  8.003978201e+05
Set parameter TimeLimit to value 714.821751832962
Gurobi Optimizer version 12.0.3 build v12.0.3rc0 (linux64 - "Ubuntu 24.04.4 LTS")

CPU model: Intel(R) Xeon(R) Gold 6258R CPU @ 2.70GHz, instruction set [SSE2|AVX|AVX2|AVX512]
Thread count: 56 physical cores, 56 logical processors, using up to 1 threads

Non-default parameters:
TimeLimit  714.821751832962
Method  1
Seed  20260919
Threads  1

Optimize a model with 189 rows, 57349 columns and 1627625 nonzeros
Coefficient statistics:
  Matrix range     [1e+00, 1e+00]
  Objective range  [1e+05, 5e+05]
  Bounds range     [1e+00, 1e+00]
  RHS range        [1e+00, 8e+00]
LP warm-start: use basis

Iteration    Objective       Primal Inf.    Dual Inf.      Time
       0   -1.8736602e+33   1.033722e+33   1.873660e+03      0s
       1    8.0039782e+05   0.000000e+00   0.000000e+00      0s

Solved in 1 iterations and 0.08 seconds (0.02 work units)
Optimal objective  8.003978201e+05
Set parameter TimeLimit to value 7.1330712532997131e+02
Gurobi Optimizer version 12.0.3 build v12.0.3rc0 (linux64 - "Ubuntu 24.04.4 LTS")

CPU model: Intel(R) Xeon(R) Gold 6258R CPU @ 2.70GHz, instruction set [SSE2|AVX|AVX2|AVX512]
Thread count: 56 physical cores, 56 logical processors, using up to 1 threads

Non-default parameters:
TimeLimit  7.1330712532997131e+02
Method  1
Seed  20260919
Threads  1

Optimize a model with 189 rows, 57379 columns and 1628557 nonzeros
Coefficient statistics:
  Matrix range     [1e+00, 1e+00]
  Objective range  [1e+05, 5e+05]
  Bounds range     [1e+00, 1e+00]
  RHS range        [1e+00, 8e+00]
LP warm-start: use basis

Iteration    Objective       Primal Inf.    Dual Inf.      Time
       0   -1.8673983e+33   9.983443e+32   1.867398e+03      0s
     257    8.0039625e+05   0.000000e+00   0.000000e+00      0s

Solved in 257 iterations and 0.35 seconds (0.64 work units)
Optimal objective  8.003962484e+05
Set parameter TimeLimit to value 710.539932012558
Gurobi Optimizer version 12.0.3 build v12.0.3rc0 (linux64 - "Ubuntu 24.04.4 LTS")

CPU model: Intel(R) Xeon(R) Gold 6258R CPU @ 2.70GHz, instruction set [SSE2|AVX|AVX2|AVX512]
Thread count: 56 physical cores, 56 logical processors, using up to 1 threads

Non-default parameters:
TimeLimit  710.539932012558
Method  1
Seed  20260919
Threads  1

Optimize a model with 189 rows, 57409 columns and 1629415 nonzeros
Coefficient statistics:
  Matrix range     [1e+00, 1e+00]
  Objective range  [1e+05, 5e+05]
  Bounds range     [1e+00, 1e+00]
  RHS range        [1e+00, 8e+00]
LP warm-start: use basis

Iteration    Objective       Primal Inf.    Dual Inf.      Time
       0   -1.6213784e+33   1.595186e+33   1.621378e+03      0s
     266    8.0039521e+05   0.000000e+00   0.000000e+00      0s

Solved in 266 iterations and 0.37 seconds (0.67 work units)
Optimal objective  8.003952133e+05
Set parameter TimeLimit to value 7.0797555327415466e+02
Gurobi Optimizer version 12.0.3 build v12.0.3rc0 (linux64 - "Ubuntu 24.04.4 LTS")

CPU model: Intel(R) Xeon(R) Gold 6258R CPU @ 2.70GHz, instruction set [SSE2|AVX|AVX2|AVX512]
Thread count: 56 physical cores, 56 logical processors, using up to 1 threads

Non-default parameters:
TimeLimit  7.0797555327415466e+02
Method  1
Seed  20260919
Threads  1

Optimize a model with 189 rows, 57439 columns and 1630262 nonzeros
Coefficient statistics:
  Matrix range     [1e+00, 1e+00]
  Objective range  [1e+05, 5e+05]
  Bounds range     [1e+00, 1e+00]
  RHS range        [1e+00, 8e+00]
LP warm-start: use basis

Iteration    Objective       Primal Inf.    Dual Inf.      Time
       0   -1.5732047e+33   5.465705e+33   1.573205e+03      0s
     153    8.0039521e+05   0.000000e+00   0.000000e+00      0s

Solved in 153 iterations and 0.24 seconds (0.38 work units)
Optimal objective  8.003952133e+05
Set parameter TimeLimit to value 7.0555529570579529e+02
Gurobi Optimizer version 12.0.3 build v12.0.3rc0 (linux64 - "Ubuntu 24.04.4 LTS")

CPU model: Intel(R) Xeon(R) Gold 6258R CPU @ 2.70GHz, instruction set [SSE2|AVX|AVX2|AVX512]
Thread count: 56 physical cores, 56 logical processors, using up to 1 threads

Non-default parameters:
TimeLimit  7.0555529570579529e+02
Method  1
Seed  20260919
Threads  1

Optimize a model with 189 rows, 57469 columns and 1631102 nonzeros
Coefficient statistics:
  Matrix range     [1e+00, 1e+00]
  Objective range  [1e+05, 5e+05]
  Bounds range     [1e+00, 1e+00]
  RHS range        [1e+00, 8e+00]
LP warm-start: use basis

Iteration    Objective       Primal Inf.    Dual Inf.      Time
       0   -1.5640681e+33   4.035837e+33   1.564068e+03      0s
      82    8.0039521e+05   0.000000e+00   0.000000e+00      0s

Solved in 82 iterations and 0.17 seconds (0.22 work units)
Optimal objective  8.003952133e+05
Set parameter TimeLimit to value 7.0338534021377563e+02
Gurobi Optimizer version 12.0.3 build v12.0.3rc0 (linux64 - "Ubuntu 24.04.4 LTS")

CPU model: Intel(R) Xeon(R) Gold 6258R CPU @ 2.70GHz, instruction set [SSE2|AVX|AVX2|AVX512]
Thread count: 56 physical cores, 56 logical processors, using up to 1 threads

Non-default parameters:
TimeLimit  7.0338534021377563e+02
Method  1
Seed  20260919
Threads  1

Optimize a model with 189 rows, 57499 columns and 1632020 nonzeros
Coefficient statistics:
  Matrix range     [1e+00, 1e+00]
  Objective range  [1e+05, 5e+05]
  Bounds range     [1e+00, 1e+00]
  RHS range        [1e+00, 8e+00]
LP warm-start: use basis

Iteration    Objective       Primal Inf.    Dual Inf.      Time
       0   -1.3645658e+33   1.302754e+33   1.364566e+03      0s
       2    8.0039521e+05   0.000000e+00   0.000000e+00      0s

Solved in 2 iterations and 0.08 seconds (0.02 work units)
Optimal objective  8.003952133e+05
Set parameter TimeLimit to value 7.0120940279960632e+02
Gurobi Optimizer version 12.0.3 build v12.0.3rc0 (linux64 - "Ubuntu 24.04.4 LTS")

CPU model: Intel(R) Xeon(R) Gold 6258R CPU @ 2.70GHz, instruction set [SSE2|AVX|AVX2|AVX512]
Thread count: 56 physical cores, 56 logical processors, using up to 1 threads

Non-default parameters:
TimeLimit  7.0120940279960632e+02
Method  1
Seed  20260919
Threads  1

Optimize a model with 189 rows, 57529 columns and 1632900 nonzeros
Coefficient statistics:
  Matrix range     [1e+00, 1e+00]
  Objective range  [1e+05, 5e+05]
  Bounds range     [1e+00, 1e+00]
  RHS range        [1e+00, 8e+00]
LP warm-start: use basis

Iteration    Objective       Primal Inf.    Dual Inf.      Time
       0   -1.3542732e+33   1.286594e+33   1.354273e+03      0s
     229    8.0039521e+05   0.000000e+00   0.000000e+00      0s

Solved in 229 iterations and 0.32 seconds (0.55 work units)
Optimal objective  8.003952133e+05
Set parameter TimeLimit to value 6.9900279974937439e+02
Gurobi Optimizer version 12.0.3 build v12.0.3rc0 (linux64 - "Ubuntu 24.04.4 LTS")

CPU model: Intel(R) Xeon(R) Gold 6258R CPU @ 2.70GHz, instruction set [SSE2|AVX|AVX2|AVX512]
Thread count: 56 physical cores, 56 logical processors, using up to 1 threads

Non-default parameters:
TimeLimit  6.9900279974937439e+02
Method  1
Seed  20260919
Threads  1

Optimize a model with 189 rows, 57559 columns and 1633787 nonzeros
Coefficient statistics:
  Matrix range     [1e+00, 1e+00]
  Objective range  [1e+05, 5e+05]
  Bounds range     [1e+00, 1e+00]
  RHS range        [1e+00, 8e+00]
LP warm-start: use basis

Iteration    Objective       Primal Inf.    Dual Inf.      Time
       0   -1.3740275e+33   1.546336e+33   1.374028e+03      0s
       6    8.0039521e+05   0.000000e+00   0.000000e+00      0s

Solved in 6 iterations and 0.09 seconds (0.03 work units)
Optimal objective  8.003952133e+05
Set parameter TimeLimit to value 697.42924451828
Gurobi Optimizer version 12.0.3 build v12.0.3rc0 (linux64 - "Ubuntu 24.04.4 LTS")

CPU model: Intel(R) Xeon(R) Gold 6258R CPU @ 2.70GHz, instruction set [SSE2|AVX|AVX2|AVX512]
Thread count: 56 physical cores, 56 logical processors, using up to 1 threads

Non-default parameters:
TimeLimit  697.42924451828
Method  1
Seed  20260919
Threads  1

Optimize a model with 189 rows, 57589 columns and 1634710 nonzeros
Coefficient statistics:
  Matrix range     [1e+00, 1e+00]
  Objective range  [1e+05, 5e+05]
  Bounds range     [1e+00, 1e+00]
  RHS range        [1e+00, 8e+00]
LP warm-start: use basis

Iteration    Objective       Primal Inf.    Dual Inf.      Time
       0   -1.3745258e+33   1.487684e+33   1.374526e+03      0s
     174    8.0039521e+05   0.000000e+00   0.000000e+00      0s

Solved in 174 iterations and 0.26 seconds (0.44 work units)
Optimal objective  8.003952133e+05
Set parameter TimeLimit to value 6.9488600826263428e+02
Gurobi Optimizer version 12.0.3 build v12.0.3rc0 (linux64 - "Ubuntu 24.04.4 LTS")

CPU model: Intel(R) Xeon(R) Gold 6258R CPU @ 2.70GHz, instruction set [SSE2|AVX|AVX2|AVX512]
Thread count: 56 physical cores, 56 logical processors, using up to 1 threads

Non-default parameters:
TimeLimit  6.9488600826263428e+02
Method  1
Seed  20260919
Threads  1

Optimize a model with 189 rows, 57619 columns and 1635628 nonzeros
Coefficient statistics:
  Matrix range     [1e+00, 1e+00]
  Objective range  [1e+05, 5e+05]
  Bounds range     [1e+00, 1e+00]
  RHS range        [1e+00, 8e+00]
LP warm-start: use basis

Iteration    Objective       Primal Inf.    Dual Inf.      Time
       0   -1.8302163e+33   1.579742e+33   1.830216e+03      0s
       2    8.0039521e+05   0.000000e+00   0.000000e+00      0s

Solved in 2 iterations and 0.08 seconds (0.02 work units)
Optimal objective  8.003952133e+05
Set parameter TimeLimit to value 6.9304200530052185e+02
Gurobi Optimizer version 12.0.3 build v12.0.3rc0 (linux64 - "Ubuntu 24.04.4 LTS")

CPU model: Intel(R) Xeon(R) Gold 6258R CPU @ 2.70GHz, instruction set [SSE2|AVX|AVX2|AVX512]
Thread count: 56 physical cores, 56 logical processors, using up to 1 threads

Non-default parameters:
TimeLimit  6.9304200530052185e+02
Method  1
Seed  20260919
Threads  1

Optimize a model with 189 rows, 57649 columns and 1636506 nonzeros
Coefficient statistics:
  Matrix range     [1e+00, 1e+00]
  Objective range  [1e+05, 5e+05]
  Bounds range     [1e+00, 1e+00]
  RHS range        [1e+00, 8e+00]
LP warm-start: use basis

Iteration    Objective       Primal Inf.    Dual Inf.      Time
       0   -1.7452762e+33   2.222843e+33   1.745276e+03      0s
       9    8.0039521e+05   0.000000e+00   0.000000e+00      0s

Solved in 9 iterations and 0.09 seconds (0.03 work units)
Optimal objective  8.003952133e+05
Set parameter TimeLimit to value 6.9121329092979431e+02
Gurobi Optimizer version 12.0.3 build v12.0.3rc0 (linux64 - "Ubuntu 24.04.4 LTS")

CPU model: Intel(R) Xeon(R) Gold 6258R CPU @ 2.70GHz, instruction set [SSE2|AVX|AVX2|AVX512]
Thread count: 56 physical cores, 56 logical processors, using up to 1 threads

Non-default parameters:
TimeLimit  6.9121329092979431e+02
Method  1
Seed  20260919
Threads  1

Optimize a model with 189 rows, 57679 columns and 1637444 nonzeros
Coefficient statistics:
  Matrix range     [1e+00, 1e+00]
  Objective range  [1e+05, 5e+05]
  Bounds range     [1e+00, 1e+00]
  RHS range        [1e+00, 8e+00]
LP warm-start: use basis

Iteration    Objective       Primal Inf.    Dual Inf.      Time
       0   -1.4096653e+33   3.744783e+33   1.409665e+03      0s
     208    8.0039521e+05   0.000000e+00   0.000000e+00      0s

Solved in 208 iterations and 0.30 seconds (0.53 work units)
Optimal objective  8.003952133e+05
Set parameter TimeLimit to value 6.8897358822822571e+02
Gurobi Optimizer version 12.0.3 build v12.0.3rc0 (linux64 - "Ubuntu 24.04.4 LTS")

CPU model: Intel(R) Xeon(R) Gold 6258R CPU @ 2.70GHz, instruction set [SSE2|AVX|AVX2|AVX512]
Thread count: 56 physical cores, 56 logical processors, using up to 1 threads

Non-default parameters:
TimeLimit  6.8897358822822571e+02
Method  1
Seed  20260919
Threads  1

Optimize a model with 189 rows, 57709 columns and 1638328 nonzeros
Coefficient statistics:
  Matrix range     [1e+00, 1e+00]
  Objective range  [1e+05, 5e+05]
  Bounds range     [1e+00, 1e+00]
  RHS range        [1e+00, 8e+00]
LP warm-start: use basis

Iteration    Objective       Primal Inf.    Dual Inf.      Time
       0   -1.4285082e+33   1.263689e+33   1.428508e+03      0s
     277    8.0039521e+05   0.000000e+00   0.000000e+00      0s

Solved in 277 iterations and 0.38 seconds (0.71 work units)
Optimal objective  8.003952133e+05
Set parameter TimeLimit to value 6.8597921848297119e+02
Gurobi Optimizer version 12.0.3 build v12.0.3rc0 (linux64 - "Ubuntu 24.04.4 LTS")

CPU model: Intel(R) Xeon(R) Gold 6258R CPU @ 2.70GHz, instruction set [SSE2|AVX|AVX2|AVX512]
Thread count: 56 physical cores, 56 logical processors, using up to 1 threads

Non-default parameters:
TimeLimit  6.8597921848297119e+02
Method  1
Seed  20260919
Threads  1

Optimize a model with 189 rows, 57739 columns and 1639168 nonzeros
Coefficient statistics:
  Matrix range     [1e+00, 1e+00]
  Objective range  [1e+05, 5e+05]
  Bounds range     [1e+00, 1e+00]
  RHS range        [1e+00, 8e+00]
LP warm-start: use basis

Iteration    Objective       Primal Inf.    Dual Inf.      Time
       0   -1.4202145e+33   3.041997e+33   1.420215e+03      0s
      50    8.0039521e+05   0.000000e+00   0.000000e+00      0s

Solved in 50 iterations and 0.13 seconds (0.14 work units)
Optimal objective  8.003952133e+05
Set parameter TimeLimit to value 6.8435232281684875e+02
Gurobi Optimizer version 12.0.3 build v12.0.3rc0 (linux64 - "Ubuntu 24.04.4 LTS")

CPU model: Intel(R) Xeon(R) Gold 6258R CPU @ 2.70GHz, instruction set [SSE2|AVX|AVX2|AVX512]
Thread count: 56 physical cores, 56 logical processors, using up to 1 threads

Non-default parameters:
TimeLimit  6.8435232281684875e+02
Method  1
Seed  20260919
Threads  1

Optimize a model with 189 rows, 57769 columns and 1640053 nonzeros
Coefficient statistics:
  Matrix range     [1e+00, 1e+00]
  Objective range  [1e+05, 5e+05]
  Bounds range     [1e+00, 1e+00]
  RHS range        [1e+00, 8e+00]
LP warm-start: use basis

Iteration    Objective       Primal Inf.    Dual Inf.      Time
       0   -2.5494955e+33   5.747825e+33   2.549496e+03      0s
     168    8.0039521e+05   0.000000e+00   0.000000e+00      0s

Solved in 168 iterations and 0.27 seconds (0.45 work units)
Optimal objective  8.003952133e+05
Set parameter TimeLimit to value 6.8257389354705811e+02
Gurobi Optimizer version 12.0.3 build v12.0.3rc0 (linux64 - "Ubuntu 24.04.4 LTS")

CPU model: Intel(R) Xeon(R) Gold 6258R CPU @ 2.70GHz, instruction set [SSE2|AVX|AVX2|AVX512]
Thread count: 56 physical cores, 56 logical processors, using up to 1 threads

Non-default parameters:
TimeLimit  6.8257389354705811e+02
Method  1
Seed  20260919
Threads  1

Optimize a model with 189 rows, 57799 columns and 1640927 nonzeros
Coefficient statistics:
  Matrix range     [1e+00, 1e+00]
  Objective range  [1e+05, 5e+05]
  Bounds range     [1e+00, 1e+00]
  RHS range        [1e+00, 8e+00]
LP warm-start: use basis

Iteration    Objective       Primal Inf.    Dual Inf.      Time
       0   -2.1657686e+33   4.981159e+33   2.165769e+03      0s
     303    8.0039521e+05   0.000000e+00   0.000000e+00      0s

Solved in 303 iterations and 0.40 seconds (0.76 work units)
Optimal objective  8.003952133e+05
Set parameter TimeLimit to value 6.8049365043640137e+02
Gurobi Optimizer version 12.0.3 build v12.0.3rc0 (linux64 - "Ubuntu 24.04.4 LTS")

CPU model: Intel(R) Xeon(R) Gold 6258R CPU @ 2.70GHz, instruction set [SSE2|AVX|AVX2|AVX512]
Thread count: 56 physical cores, 56 logical processors, using up to 1 threads

Non-default parameters:
TimeLimit  6.8049365043640137e+02
Method  1
Seed  20260919
Threads  1

Optimize a model with 189 rows, 57829 columns and 1641762 nonzeros
Coefficient statistics:
  Matrix range     [1e+00, 1e+00]
  Objective range  [1e+05, 5e+05]
  Bounds range     [1e+00, 1e+00]
  RHS range        [1e+00, 8e+00]
LP warm-start: use basis

Iteration    Objective       Primal Inf.    Dual Inf.      Time
       0   -1.3595018e+33   1.816095e+33   1.359502e+03      0s
       1    8.0039521e+05   0.000000e+00   0.000000e+00      0s

Solved in 1 iterations and 0.08 seconds (0.02 work units)
Optimal objective  8.003952133e+05
Set parameter TimeLimit to value 6.7844174146652222e+02
Gurobi Optimizer version 12.0.3 build v12.0.3rc0 (linux64 - "Ubuntu 24.04.4 LTS")

CPU model: Intel(R) Xeon(R) Gold 6258R CPU @ 2.70GHz, instruction set [SSE2|AVX|AVX2|AVX512]
Thread count: 56 physical cores, 56 logical processors, using up to 1 threads

Non-default parameters:
TimeLimit  6.7844174146652222e+02
Method  1
Seed  20260919
Threads  1

Optimize a model with 189 rows, 57859 columns and 1642590 nonzeros
Coefficient statistics:
  Matrix range     [1e+00, 1e+00]
  Objective range  [1e+05, 5e+05]
  Bounds range     [1e+00, 1e+00]
  RHS range        [1e+00, 8e+00]
LP warm-start: use basis

Iteration    Objective       Primal Inf.    Dual Inf.      Time
       0   -1.2472461e+33   2.569629e+33   1.247246e+03      0s
       6    8.0039521e+05   0.000000e+00   0.000000e+00      0s

Solved in 6 iterations and 0.09 seconds (0.04 work units)
Optimal objective  8.003952133e+05
Set parameter TimeLimit to value 6.7664127349853516e+02
Gurobi Optimizer version 12.0.3 build v12.0.3rc0 (linux64 - "Ubuntu 24.04.4 LTS")

CPU model: Intel(R) Xeon(R) Gold 6258R CPU @ 2.70GHz, instruction set [SSE2|AVX|AVX2|AVX512]
Thread count: 56 physical cores, 56 logical processors, using up to 1 threads

Non-default parameters:
TimeLimit  6.7664127349853516e+02
Method  1
Seed  20260919
Threads  1

Optimize a model with 189 rows, 57889 columns and 1643468 nonzeros
Coefficient statistics:
  Matrix range     [1e+00, 1e+00]
  Objective range  [1e+05, 5e+05]
  Bounds range     [1e+00, 1e+00]
  RHS range        [1e+00, 8e+00]
LP warm-start: use basis

Iteration    Objective       Primal Inf.    Dual Inf.      Time
       0   -1.2764710e+33   2.421527e+33   1.276471e+03      0s
     232    8.0039521e+05   0.000000e+00   0.000000e+00      0s

Solved in 232 iterations and 0.34 seconds (0.63 work units)
Optimal objective  8.003952133e+05
Set parameter TimeLimit to value 6.7470793867111206e+02
Gurobi Optimizer version 12.0.3 build v12.0.3rc0 (linux64 - "Ubuntu 24.04.4 LTS")

CPU model: Intel(R) Xeon(R) Gold 6258R CPU @ 2.70GHz, instruction set [SSE2|AVX|AVX2|AVX512]
Thread count: 56 physical cores, 56 logical processors, using up to 1 threads

Non-default parameters:
TimeLimit  6.7470793867111206e+02
Method  1
Seed  20260919
Threads  1

Optimize a model with 189 rows, 57919 columns and 1644361 nonzeros
Coefficient statistics:
  Matrix range     [1e+00, 1e+00]
  Objective range  [1e+05, 5e+05]
  Bounds range     [1e+00, 1e+00]
  RHS range        [1e+00, 8e+00]
LP warm-start: use basis

Iteration    Objective       Primal Inf.    Dual Inf.      Time
       0   -1.2757408e+33   2.113388e+33   1.275741e+03      0s
     247    8.0039485e+05   0.000000e+00   0.000000e+00      0s

Solved in 247 iterations and 0.34 seconds (0.63 work units)
Optimal objective  8.003948477e+05
Set parameter TimeLimit to value 672.876472234726
Gurobi Optimizer version 12.0.3 build v12.0.3rc0 (linux64 - "Ubuntu 24.04.4 LTS")

CPU model: Intel(R) Xeon(R) Gold 6258R CPU @ 2.70GHz, instruction set [SSE2|AVX|AVX2|AVX512]
Thread count: 56 physical cores, 56 logical processors, using up to 1 threads

Non-default parameters:
TimeLimit  672.876472234726
Method  1
Seed  20260919
Threads  1

Optimize a model with 189 rows, 57949 columns and 1645331 nonzeros
Coefficient statistics:
  Matrix range     [1e+00, 1e+00]
  Objective range  [1e+05, 5e+05]
  Bounds range     [1e+00, 1e+00]
  RHS range        [1e+00, 8e+00]
LP warm-start: use basis

Iteration    Objective       Primal Inf.    Dual Inf.      Time
       0   -1.0387671e+33   1.927234e+33   1.038767e+03      0s
       3    8.0039485e+05   0.000000e+00   0.000000e+00      0s

Solved in 3 iterations and 0.08 seconds (0.02 work units)
Optimal objective  8.003948477e+05
Set parameter TimeLimit to value 6.7266859030723572e+02
Gurobi Optimizer version 12.0.3 build v12.0.3rc0 (linux64 - "Ubuntu 24.04.4 LTS")

CPU model: Intel(R) Xeon(R) Gold 6258R CPU @ 2.70GHz, instruction set [SSE2|AVX|AVX2|AVX512]
Thread count: 56 physical cores, 56 logical processors, using up to 1 threads

Non-default parameters:
TimeLimit  6.7266859030723572e+02
Method  1
Seed  20260919
Threads  1

Optimize a model with 189 rows, 57949 columns and 1645331 nonzeros
Coefficient statistics:
  Matrix range     [1e+00, 1e+00]
  Objective range  [1e+05, 5e+05]
  Bounds range     [1e+00, 1e+00]
  RHS range        [1e+00, 8e+00]

Iteration    Objective       Primal Inf.    Dual Inf.      Time
       0    8.0039485e+05   6.888906e-01   0.000000e+00      0s
     415    2.6008925e+06   0.000000e+00   0.000000e+00      0s

Solved in 415 iterations and 0.43 seconds (0.97 work units)
Optimal objective  2.600892454e+06
Set parameter TimeLimit to value 668.342139005661
Gurobi Optimizer version 12.0.3 build v12.0.3rc0 (linux64 - "Ubuntu 24.04.4 LTS")

CPU model: Intel(R) Xeon(R) Gold 6258R CPU @ 2.70GHz, instruction set [SSE2|AVX|AVX2|AVX512]
Thread count: 56 physical cores, 56 logical processors, using up to 1 threads

Non-default parameters:
TimeLimit  668.342139005661
Method  1
Seed  20260919
Threads  1

Optimize a model with 189 rows, 57979 columns and 1646244 nonzeros
Coefficient statistics:
  Matrix range     [1e+00, 1e+00]
  Objective range  [1e+05, 5e+05]
  Bounds range     [1e+00, 1e+00]
  RHS range        [1e+00, 8e+00]
LP warm-start: use basis

Iteration    Objective       Primal Inf.    Dual Inf.      Time
       0   -1.0030084e+38   1.963966e+33   1.003008e+08      0s
      83    2.0504153e+06   0.000000e+00   0.000000e+00      0s

Solved in 83 iterations and 0.13 seconds (0.11 work units)
Optimal objective  2.050415328e+06
Set parameter TimeLimit to value 6.6581604027748108e+02
Gurobi Optimizer version 12.0.3 build v12.0.3rc0 (linux64 - "Ubuntu 24.04.4 LTS")

CPU model: Intel(R) Xeon(R) Gold 6258R CPU @ 2.70GHz, instruction set [SSE2|AVX|AVX2|AVX512]
Thread count: 56 physical cores, 56 logical processors, using up to 1 threads

Non-default parameters:
TimeLimit  6.6581604027748108e+02
Method  1
Seed  20260919
Threads  1

Optimize a model with 189 rows, 58009 columns and 1647052 nonzeros
Coefficient statistics:
  Matrix range     [1e+00, 1e+00]
  Objective range  [1e+05, 5e+05]
  Bounds range     [1e+00, 1e+00]
  RHS range        [1e+00, 8e+00]
LP warm-start: use basis

Iteration    Objective       Primal Inf.    Dual Inf.      Time
       0   -6.2500545e+37   1.517000e+33   6.250055e+07      0s
      81    2.0504153e+06   0.000000e+00   0.000000e+00      0s

Solved in 81 iterations and 0.13 seconds (0.10 work units)
Optimal objective  2.050415328e+06
Set parameter TimeLimit to value 6.6417632579803467e+02
Gurobi Optimizer version 12.0.3 build v12.0.3rc0 (linux64 - "Ubuntu 24.04.4 LTS")

CPU model: Intel(R) Xeon(R) Gold 6258R CPU @ 2.70GHz, instruction set [SSE2|AVX|AVX2|AVX512]
Thread count: 56 physical cores, 56 logical processors, using up to 1 threads

Non-default parameters:
TimeLimit  6.6417632579803467e+02
Method  1
Seed  20260919
Threads  1

Optimize a model with 189 rows, 58039 columns and 1647907 nonzeros
Coefficient statistics:
  Matrix range     [1e+00, 1e+00]
  Objective range  [1e+05, 5e+05]
  Bounds range     [1e+00, 1e+00]
  RHS range        [1e+00, 8e+00]
LP warm-start: use basis

Iteration    Objective       Primal Inf.    Dual Inf.      Time
       0   -5.5000019e+37   7.190000e+32   5.500002e+07      0s
      96    2.0170784e+06   0.000000e+00   0.000000e+00      0s

Solved in 96 iterations and 0.14 seconds (0.13 work units)
Optimal objective  2.017078423e+06
Set parameter TimeLimit to value 6.6155684208869934e+02
Gurobi Optimizer version 12.0.3 build v12.0.3rc0 (linux64 - "Ubuntu 24.04.4 LTS")

CPU model: Intel(R) Xeon(R) Gold 6258R CPU @ 2.70GHz, instruction set [SSE2|AVX|AVX2|AVX512]
Thread count: 56 physical cores, 56 logical processors, using up to 1 threads

Non-default parameters:
TimeLimit  6.6155684208869934e+02
Method  1
Seed  20260919
Threads  1

Optimize a model with 189 rows, 58069 columns and 1648768 nonzeros
Coefficient statistics:
  Matrix range     [1e+00, 1e+00]
  Objective range  [1e+05, 5e+05]
  Bounds range     [1e+00, 1e+00]
  RHS range        [1e+00, 8e+00]
LP warm-start: use basis

Iteration    Objective       Primal Inf.    Dual Inf.      Time
       0   -5.3499329e+37   1.202333e+33   5.349933e+07      0s
      80    1.8837421e+06   0.000000e+00   0.000000e+00      0s

Solved in 80 iterations and 0.13 seconds (0.11 work units)
Optimal objective  1.883742124e+06
Set parameter TimeLimit to value 6.5943254709243774e+02
Gurobi Optimizer version 12.0.3 build v12.0.3rc0 (linux64 - "Ubuntu 24.04.4 LTS")

CPU model: Intel(R) Xeon(R) Gold 6258R CPU @ 2.70GHz, instruction set [SSE2|AVX|AVX2|AVX512]
Thread count: 56 physical cores, 56 logical processors, using up to 1 threads

Non-default parameters:
TimeLimit  6.5943254709243774e+02
Method  1
Seed  20260919
Threads  1

Optimize a model with 189 rows, 58099 columns and 1649707 nonzeros
Coefficient statistics:
  Matrix range     [1e+00, 1e+00]
  Objective range  [1e+05, 5e+05]
  Bounds range     [1e+00, 1e+00]
  RHS range        [1e+00, 8e+00]
LP warm-start: use basis

Iteration    Objective       Primal Inf.    Dual Inf.      Time
       0   -4.7499717e+37   1.112333e+33   4.749972e+07      0s
      94    1.8361243e+06   0.000000e+00   0.000000e+00      0s

Solved in 94 iterations and 0.13 seconds (0.12 work units)
Optimal objective  1.836124275e+06
Set parameter TimeLimit to value 6.5655704021453857e+02
Gurobi Optimizer version 12.0.3 build v12.0.3rc0 (linux64 - "Ubuntu 24.04.4 LTS")

CPU model: Intel(R) Xeon(R) Gold 6258R CPU @ 2.70GHz, instruction set [SSE2|AVX|AVX2|AVX512]
Thread count: 56 physical cores, 56 logical processors, using up to 1 threads

Non-default parameters:
TimeLimit  6.5655704021453857e+02
Method  1
Seed  20260919
Threads  1

Optimize a model with 189 rows, 58129 columns and 1650543 nonzeros
Coefficient statistics:
  Matrix range     [1e+00, 1e+00]
  Objective range  [1e+05, 5e+05]
  Bounds range     [1e+00, 1e+00]
  RHS range        [1e+00, 8e+00]
LP warm-start: use basis

Iteration    Objective       Primal Inf.    Dual Inf.      Time
       0   -4.8643051e+37   7.175325e+32   4.864305e+07      0s
      70    1.7942379e+06   0.000000e+00   0.000000e+00      0s

Solved in 70 iterations and 0.12 seconds (0.10 work units)
Optimal objective  1.794237853e+06
Set parameter TimeLimit to value 6.5406891775131226e+02
Gurobi Optimizer version 12.0.3 build v12.0.3rc0 (linux64 - "Ubuntu 24.04.4 LTS")

CPU model: Intel(R) Xeon(R) Gold 6258R CPU @ 2.70GHz, instruction set [SSE2|AVX|AVX2|AVX512]
Thread count: 56 physical cores, 56 logical processors, using up to 1 threads

Non-default parameters:
TimeLimit  6.5406891775131226e+02
Method  1
Seed  20260919
Threads  1

Optimize a model with 189 rows, 58159 columns and 1651391 nonzeros
Coefficient statistics:
  Matrix range     [1e+00, 1e+00]
  Objective range  [1e+05, 5e+05]
  Bounds range     [1e+00, 1e+00]
  RHS range        [1e+00, 8e+00]
LP warm-start: use basis

Iteration    Objective       Primal Inf.    Dual Inf.      Time
       0   -3.8337337e+37   1.974667e+33   3.833734e+07      0s
      67    1.7755192e+06   0.000000e+00   0.000000e+00      0s

Solved in 67 iterations and 0.12 seconds (0.10 work units)
Optimal objective  1.775519204e+06
Set parameter TimeLimit to value 6.5051476311683655e+02
Gurobi Optimizer version 12.0.3 build v12.0.3rc0 (linux64 - "Ubuntu 24.04.4 LTS")

CPU model: Intel(R) Xeon(R) Gold 6258R CPU @ 2.70GHz, instruction set [SSE2|AVX|AVX2|AVX512]
Thread count: 56 physical cores, 56 logical processors, using up to 1 threads

Non-default parameters:
TimeLimit  6.5051476311683655e+02
Method  1
Seed  20260919
Threads  1

Optimize a model with 189 rows, 58189 columns and 1652221 nonzeros
Coefficient statistics:
  Matrix range     [1e+00, 1e+00]
  Objective range  [1e+05, 5e+05]
  Bounds range     [1e+00, 1e+00]
  RHS range        [1e+00, 8e+00]
LP warm-start: use basis

Iteration    Objective       Primal Inf.    Dual Inf.      Time
       0   -3.5290522e+37   7.417220e+32   3.529052e+07      0s
      45    1.7504103e+06   0.000000e+00   0.000000e+00      0s

Solved in 45 iterations and 0.11 seconds (0.08 work units)
Optimal objective  1.750410290e+06
Set parameter TimeLimit to value 6.4750842046737671e+02
Gurobi Optimizer version 12.0.3 build v12.0.3rc0 (linux64 - "Ubuntu 24.04.4 LTS")

CPU model: Intel(R) Xeon(R) Gold 6258R CPU @ 2.70GHz, instruction set [SSE2|AVX|AVX2|AVX512]
Thread count: 56 physical cores, 56 logical processors, using up to 1 threads

Non-default parameters:
TimeLimit  6.4750842046737671e+02
Method  1
Seed  20260919
Threads  1

Optimize a model with 189 rows, 58219 columns and 1653059 nonzeros
Coefficient statistics:
  Matrix range     [1e+00, 1e+00]
  Objective range  [1e+05, 5e+05]
  Bounds range     [1e+00, 1e+00]
  RHS range        [1e+00, 8e+00]
LP warm-start: use basis

Iteration    Objective       Primal Inf.    Dual Inf.      Time
       0   -2.2252611e+37   1.323000e+33   2.225261e+07      0s
     112    1.7351936e+06   0.000000e+00   0.000000e+00      0s

Solved in 112 iterations and 0.15 seconds (0.18 work units)
Optimal objective  1.735193567e+06
Set parameter TimeLimit to value 6.4547350835800171e+02
Gurobi Optimizer version 12.0.3 build v12.0.3rc0 (linux64 - "Ubuntu 24.04.4 LTS")

CPU model: Intel(R) Xeon(R) Gold 6258R CPU @ 2.70GHz, instruction set [SSE2|AVX|AVX2|AVX512]
Thread count: 56 physical cores, 56 logical processors, using up to 1 threads

Non-default parameters:
TimeLimit  6.4547350835800171e+02
Method  1
Seed  20260919
Threads  1

Optimize a model with 189 rows, 58249 columns and 1653979 nonzeros
Coefficient statistics:
  Matrix range     [1e+00, 1e+00]
  Objective range  [1e+05, 5e+05]
  Bounds range     [1e+00, 1e+00]
  RHS range        [1e+00, 8e+00]
LP warm-start: use basis

Iteration    Objective       Primal Inf.    Dual Inf.      Time
       0   -3.1954311e+37   5.629174e+33   3.195431e+07      0s
     119    1.6972348e+06   0.000000e+00   0.000000e+00      0s

Solved in 119 iterations and 0.16 seconds (0.18 work units)
Optimal objective  1.697234825e+06
Set parameter TimeLimit to value 6.4382275938987732e+02
Gurobi Optimizer version 12.0.3 build v12.0.3rc0 (linux64 - "Ubuntu 24.04.4 LTS")

CPU model: Intel(R) Xeon(R) Gold 6258R CPU @ 2.70GHz, instruction set [SSE2|AVX|AVX2|AVX512]
Thread count: 56 physical cores, 56 logical processors, using up to 1 threads

Non-default parameters:
TimeLimit  6.4382275938987732e+02
Method  1
Seed  20260919
Threads  1

Optimize a model with 189 rows, 58279 columns and 1654880 nonzeros
Coefficient statistics:
  Matrix range     [1e+00, 1e+00]
  Objective range  [1e+05, 5e+05]
  Bounds range     [1e+00, 1e+00]
  RHS range        [1e+00, 8e+00]
LP warm-start: use basis

Iteration    Objective       Primal Inf.    Dual Inf.      Time
       0   -2.9522678e+37   8.951429e+32   2.952268e+07      0s
      90    1.6672961e+06   0.000000e+00   0.000000e+00      0s

Solved in 90 iterations and 0.13 seconds (0.12 work units)
Optimal objective  1.667296099e+06
Set parameter TimeLimit to value 6.4082733511924744e+02
Gurobi Optimizer version 12.0.3 build v12.0.3rc0 (linux64 - "Ubuntu 24.04.4 LTS")

CPU model: Intel(R) Xeon(R) Gold 6258R CPU @ 2.70GHz, instruction set [SSE2|AVX|AVX2|AVX512]
Thread count: 56 physical cores, 56 logical processors, using up to 1 threads

Non-default parameters:
TimeLimit  6.4082733511924744e+02
Method  1
Seed  20260919
Threads  1

Optimize a model with 189 rows, 58309 columns and 1655777 nonzeros
Coefficient statistics:
  Matrix range     [1e+00, 1e+00]
  Objective range  [1e+05, 5e+05]
  Bounds range     [1e+00, 1e+00]
  RHS range        [1e+00, 8e+00]
LP warm-start: use basis

Iteration    Objective       Primal Inf.    Dual Inf.      Time
       0   -2.5225310e+37   7.135758e+32   2.522531e+07      0s
     100    1.5737471e+06   0.000000e+00   0.000000e+00      0s

Solved in 100 iterations and 0.14 seconds (0.15 work units)
Optimal objective  1.573747119e+06
Set parameter TimeLimit to value 6.3682133841514587e+02
Gurobi Optimizer version 12.0.3 build v12.0.3rc0 (linux64 - "Ubuntu 24.04.4 LTS")

CPU model: Intel(R) Xeon(R) Gold 6258R CPU @ 2.70GHz, instruction set [SSE2|AVX|AVX2|AVX512]
Thread count: 56 physical cores, 56 logical processors, using up to 1 threads

Non-default parameters:
TimeLimit  6.3682133841514587e+02
Method  1
Seed  20260919
Threads  1

Optimize a model with 189 rows, 58339 columns and 1656637 nonzeros
Coefficient statistics:
  Matrix range     [1e+00, 1e+00]
  Objective range  [1e+05, 5e+05]
  Bounds range     [1e+00, 1e+00]
  RHS range        [1e+00, 8e+00]
LP warm-start: use basis

Iteration    Objective       Primal Inf.    Dual Inf.      Time
       0   -3.3597611e+37   1.147100e+33   3.359761e+07      0s
      61    1.5147015e+06   0.000000e+00   0.000000e+00      0s

Solved in 61 iterations and 0.12 seconds (0.10 work units)
Optimal objective  1.514701543e+06
Set parameter TimeLimit to value 6.3401520395278931e+02
Gurobi Optimizer version 12.0.3 build v12.0.3rc0 (linux64 - "Ubuntu 24.04.4 LTS")

CPU model: Intel(R) Xeon(R) Gold 6258R CPU @ 2.70GHz, instruction set [SSE2|AVX|AVX2|AVX512]
Thread count: 56 physical cores, 56 logical processors, using up to 1 threads

Non-default parameters:
TimeLimit  6.3401520395278931e+02
Method  1
Seed  20260919
Threads  1

Optimize a model with 189 rows, 58369 columns and 1657423 nonzeros
Coefficient statistics:
  Matrix range     [1e+00, 1e+00]
  Objective range  [1e+05, 5e+05]
  Bounds range     [1e+00, 1e+00]
  RHS range        [1e+00, 8e+00]
LP warm-start: use basis

Iteration    Objective       Primal Inf.    Dual Inf.      Time
       0   -2.5713592e+37   9.422143e+32   2.571359e+07      0s
     115    1.5147015e+06   0.000000e+00   0.000000e+00      0s

Solved in 115 iterations and 0.15 seconds (0.17 work units)
Optimal objective  1.514701543e+06
Set parameter TimeLimit to value 6.3113854646682739e+02
Gurobi Optimizer version 12.0.3 build v12.0.3rc0 (linux64 - "Ubuntu 24.04.4 LTS")

CPU model: Intel(R) Xeon(R) Gold 6258R CPU @ 2.70GHz, instruction set [SSE2|AVX|AVX2|AVX512]
Thread count: 56 physical cores, 56 logical processors, using up to 1 threads

Non-default parameters:
TimeLimit  6.3113854646682739e+02
Method  1
Seed  20260919
Threads  1

Optimize a model with 189 rows, 58399 columns and 1658365 nonzeros
Coefficient statistics:
  Matrix range     [1e+00, 1e+00]
  Objective range  [1e+05, 5e+05]
  Bounds range     [1e+00, 1e+00]
  RHS range        [1e+00, 8e+00]
LP warm-start: use basis

Iteration    Objective       Primal Inf.    Dual Inf.      Time
       0   -2.9284649e+37   1.476286e+33   2.928465e+07      0s
      95    1.4462472e+06   0.000000e+00   0.000000e+00      0s

Solved in 95 iterations and 0.13 seconds (0.13 work units)
Optimal objective  1.446247172e+06
Set parameter TimeLimit to value 6.2796931409835815e+02
Gurobi Optimizer version 12.0.3 build v12.0.3rc0 (linux64 - "Ubuntu 24.04.4 LTS")

CPU model: Intel(R) Xeon(R) Gold 6258R CPU @ 2.70GHz, instruction set [SSE2|AVX|AVX2|AVX512]
Thread count: 56 physical cores, 56 logical processors, using up to 1 threads

Non-default parameters:
TimeLimit  6.2796931409835815e+02
Method  1
Seed  20260919
Threads  1

Optimize a model with 189 rows, 58429 columns and 1659247 nonzeros
Coefficient statistics:
  Matrix range     [1e+00, 1e+00]
  Objective range  [1e+05, 5e+05]
  Bounds range     [1e+00, 1e+00]
  RHS range        [1e+00, 8e+00]
LP warm-start: use basis

Iteration    Objective       Primal Inf.    Dual Inf.      Time
       0   -2.7501117e+37   7.050000e+32   2.750112e+07      0s
      99    1.4004198e+06   0.000000e+00   0.000000e+00      0s

Solved in 99 iterations and 0.14 seconds (0.13 work units)
Optimal objective  1.400419831e+06
Set parameter TimeLimit to value 6.2550078654289246e+02
Gurobi Optimizer version 12.0.3 build v12.0.3rc0 (linux64 - "Ubuntu 24.04.4 LTS")

CPU model: Intel(R) Xeon(R) Gold 6258R CPU @ 2.70GHz, instruction set [SSE2|AVX|AVX2|AVX512]
Thread count: 56 physical cores, 56 logical processors, using up to 1 threads

Non-default parameters:
TimeLimit  6.2550078654289246e+02
Method  1
Seed  20260919
Threads  1

Optimize a model with 189 rows, 58459 columns and 1660062 nonzeros
Coefficient statistics:
  Matrix range     [1e+00, 1e+00]
  Objective range  [1e+05, 5e+05]
  Bounds range     [1e+00, 1e+00]
  RHS range        [1e+00, 8e+00]
LP warm-start: use basis

Iteration    Objective       Primal Inf.    Dual Inf.      Time
       0   -2.0250635e+37   5.870000e+32   2.025064e+07      0s
      65    1.3823780e+06   0.000000e+00   0.000000e+00      0s

Solved in 65 iterations and 0.12 seconds (0.09 work units)
Optimal objective  1.382377956e+06
Set parameter TimeLimit to value 6.2365652155876160e+02
Gurobi Optimizer version 12.0.3 build v12.0.3rc0 (linux64 - "Ubuntu 24.04.4 LTS")

CPU model: Intel(R) Xeon(R) Gold 6258R CPU @ 2.70GHz, instruction set [SSE2|AVX|AVX2|AVX512]
Thread count: 56 physical cores, 56 logical processors, using up to 1 threads

Non-default parameters:
TimeLimit  6.2365652155876160e+02
Method  1
Seed  20260919
Threads  1

Optimize a model with 189 rows, 58489 columns and 1660976 nonzeros
Coefficient statistics:
  Matrix range     [1e+00, 1e+00]
  Objective range  [1e+05, 5e+05]
  Bounds range     [1e+00, 1e+00]
  RHS range        [1e+00, 8e+00]
LP warm-start: use basis

Iteration    Objective       Primal Inf.    Dual Inf.      Time
       0   -2.4590899e+37   3.569344e+32   2.459090e+07      0s
      59    1.3004044e+06   0.000000e+00   0.000000e+00      0s

Solved in 59 iterations and 0.12 seconds (0.10 work units)
Optimal objective  1.300404416e+06
Set parameter TimeLimit to value 6.2107124471664429e+02
Gurobi Optimizer version 12.0.3 build v12.0.3rc0 (linux64 - "Ubuntu 24.04.4 LTS")

CPU model: Intel(R) Xeon(R) Gold 6258R CPU @ 2.70GHz, instruction set [SSE2|AVX|AVX2|AVX512]
Thread count: 56 physical cores, 56 logical processors, using up to 1 threads

Non-default parameters:
TimeLimit  6.2107124471664429e+02
Method  1
Seed  20260919
Threads  1

Optimize a model with 189 rows, 58519 columns and 1661804 nonzeros
Coefficient statistics:
  Matrix range     [1e+00, 1e+00]
  Objective range  [1e+05, 5e+05]
  Bounds range     [1e+00, 1e+00]
  RHS range        [1e+00, 8e+00]
LP warm-start: use basis

Iteration    Objective       Primal Inf.    Dual Inf.      Time
       0   -3.1937563e+37   1.213613e+33   3.193756e+07      0s
      69    1.3004044e+06   0.000000e+00   0.000000e+00      0s

Solved in 69 iterations and 0.12 seconds (0.10 work units)
Optimal objective  1.300404416e+06
Set parameter TimeLimit to value 6.1913419699668884e+02
Gurobi Optimizer version 12.0.3 build v12.0.3rc0 (linux64 - "Ubuntu 24.04.4 LTS")

CPU model: Intel(R) Xeon(R) Gold 6258R CPU @ 2.70GHz, instruction set [SSE2|AVX|AVX2|AVX512]
Thread count: 56 physical cores, 56 logical processors, using up to 1 threads

Non-default parameters:
TimeLimit  6.1913419699668884e+02
Method  1
Seed  20260919
Threads  1

Optimize a model with 189 rows, 58549 columns and 1662738 nonzeros
Coefficient statistics:
  Matrix range     [1e+00, 1e+00]
  Objective range  [1e+05, 5e+05]
  Bounds range     [1e+00, 1e+00]
  RHS range        [1e+00, 8e+00]
LP warm-start: use basis

Iteration    Objective       Primal Inf.    Dual Inf.      Time
       0   -3.2500219e+37   8.440000e+32   3.250022e+07      0s
      97    1.1953519e+06   0.000000e+00   0.000000e+00      0s

Solved in 97 iterations and 0.13 seconds (0.14 work units)
Optimal objective  1.195351887e+06
Set parameter TimeLimit to value 6.1563405704498291e+02
Gurobi Optimizer version 12.0.3 build v12.0.3rc0 (linux64 - "Ubuntu 24.04.4 LTS")

CPU model: Intel(R) Xeon(R) Gold 6258R CPU @ 2.70GHz, instruction set [SSE2|AVX|AVX2|AVX512]
Thread count: 56 physical cores, 56 logical processors, using up to 1 threads

Non-default parameters:
TimeLimit  6.1563405704498291e+02
Method  1
Seed  20260919
Threads  1

Optimize a model with 189 rows, 58579 columns and 1663723 nonzeros
Coefficient statistics:
  Matrix range     [1e+00, 1e+00]
  Objective range  [1e+05, 5e+05]
  Bounds range     [1e+00, 1e+00]
  RHS range        [1e+00, 8e+00]
LP warm-start: use basis

Iteration    Objective       Primal Inf.    Dual Inf.      Time
       0   -3.8739033e+37   1.218473e+33   3.873903e+07      0s
      57    1.1386393e+06   0.000000e+00   0.000000e+00      0s

Solved in 57 iterations and 0.11 seconds (0.09 work units)
Optimal objective  1.138639321e+06
Set parameter TimeLimit to value 6.1351324224472046e+02
Gurobi Optimizer version 12.0.3 build v12.0.3rc0 (linux64 - "Ubuntu 24.04.4 LTS")

CPU model: Intel(R) Xeon(R) Gold 6258R CPU @ 2.70GHz, instruction set [SSE2|AVX|AVX2|AVX512]
Thread count: 56 physical cores, 56 logical processors, using up to 1 threads

Non-default parameters:
TimeLimit  6.1351324224472046e+02
Method  1
Seed  20260919
Threads  1

Optimize a model with 189 rows, 58609 columns and 1664559 nonzeros
Coefficient statistics:
  Matrix range     [1e+00, 1e+00]
  Objective range  [1e+05, 5e+05]
  Bounds range     [1e+00, 1e+00]
  RHS range        [1e+00, 8e+00]
LP warm-start: use basis

Iteration    Objective       Primal Inf.    Dual Inf.      Time
       0   -2.6029424e+37   1.204478e+33   2.602942e+07      0s
      30    1.0996741e+06   0.000000e+00   0.000000e+00      0s

Solved in 30 iterations and 0.09 seconds (0.06 work units)
Optimal objective  1.099674136e+06
Set parameter TimeLimit to value 6.1094713258743286e+02
Gurobi Optimizer version 12.0.3 build v12.0.3rc0 (linux64 - "Ubuntu 24.04.4 LTS")

CPU model: Intel(R) Xeon(R) Gold 6258R CPU @ 2.70GHz, instruction set [SSE2|AVX|AVX2|AVX512]
Thread count: 56 physical cores, 56 logical processors, using up to 1 threads

Non-default parameters:
TimeLimit  6.1094713258743286e+02
Method  1
Seed  20260919
Threads  1

Optimize a model with 189 rows, 58639 columns and 1665378 nonzeros
Coefficient statistics:
  Matrix range     [1e+00, 1e+00]
  Objective range  [1e+05, 5e+05]
  Bounds range     [1e+00, 1e+00]
  RHS range        [1e+00, 8e+00]
LP warm-start: use basis

Iteration    Objective       Primal Inf.    Dual Inf.      Time
       0   -3.0328249e+37   5.033358e+32   3.032825e+07      0s
      23    1.0754048e+06   0.000000e+00   0.000000e+00      0s

Solved in 23 iterations and 0.09 seconds (0.05 work units)
Optimal objective  1.075404811e+06
Set parameter TimeLimit to value 6.0800315618515015e+02
Gurobi Optimizer version 12.0.3 build v12.0.3rc0 (linux64 - "Ubuntu 24.04.4 LTS")

CPU model: Intel(R) Xeon(R) Gold 6258R CPU @ 2.70GHz, instruction set [SSE2|AVX|AVX2|AVX512]
Thread count: 56 physical cores, 56 logical processors, using up to 1 threads

Non-default parameters:
TimeLimit  6.0800315618515015e+02
Method  1
Seed  20260919
Threads  1

Optimize a model with 189 rows, 58669 columns and 1666226 nonzeros
Coefficient statistics:
  Matrix range     [1e+00, 1e+00]
  Objective range  [1e+05, 5e+05]
  Bounds range     [1e+00, 1e+00]
  RHS range        [1e+00, 8e+00]
LP warm-start: use basis

Iteration    Objective       Primal Inf.    Dual Inf.      Time
       0   -2.1000888e+37   1.280375e+33   2.100089e+07      0s
      29    1.0554383e+06   0.000000e+00   0.000000e+00      0s

Solved in 29 iterations and 0.09 seconds (0.05 work units)
Optimal objective  1.055438332e+06
Set parameter TimeLimit to value 6.0589178347587585e+02
Gurobi Optimizer version 12.0.3 build v12.0.3rc0 (linux64 - "Ubuntu 24.04.4 LTS")

CPU model: Intel(R) Xeon(R) Gold 6258R CPU @ 2.70GHz, instruction set [SSE2|AVX|AVX2|AVX512]
Thread count: 56 physical cores, 56 logical processors, using up to 1 threads

Non-default parameters:
TimeLimit  6.0589178347587585e+02
Method  1
Seed  20260919
Threads  1

Optimize a model with 189 rows, 58699 columns and 1667062 nonzeros
Coefficient statistics:
  Matrix range     [1e+00, 1e+00]
  Objective range  [1e+05, 5e+05]
  Bounds range     [1e+00, 1e+00]
  RHS range        [1e+00, 8e+00]
LP warm-start: use basis

Iteration    Objective       Primal Inf.    Dual Inf.      Time
       0   -2.0335373e+37   4.318037e+32   2.033537e+07      0s
      22    1.0372476e+06   0.000000e+00   0.000000e+00      0s

Solved in 22 iterations and 0.09 seconds (0.05 work units)
Optimal objective  1.037247601e+06
Set parameter TimeLimit to value 603.43230676651
Gurobi Optimizer version 12.0.3 build v12.0.3rc0 (linux64 - "Ubuntu 24.04.4 LTS")

CPU model: Intel(R) Xeon(R) Gold 6258R CPU @ 2.70GHz, instruction set [SSE2|AVX|AVX2|AVX512]
Thread count: 56 physical cores, 56 logical processors, using up to 1 threads

Non-default parameters:
TimeLimit  603.43230676651
Method  1
Seed  20260919
Threads  1

Optimize a model with 189 rows, 58729 columns and 1667868 nonzeros
Coefficient statistics:
  Matrix range     [1e+00, 1e+00]
  Objective range  [1e+05, 5e+05]
  Bounds range     [1e+00, 1e+00]
  RHS range        [1e+00, 8e+00]
LP warm-start: use basis

Iteration    Objective       Primal Inf.    Dual Inf.      Time
       0   -1.4210795e+37   2.945658e+32   1.421079e+07      0s
      29    1.0146895e+06   0.000000e+00   0.000000e+00      0s

Solved in 29 iterations and 0.10 seconds (0.06 work units)
Optimal objective  1.014689451e+06
Set parameter TimeLimit to value 6.0159024429321289e+02
Gurobi Optimizer version 12.0.3 build v12.0.3rc0 (linux64 - "Ubuntu 24.04.4 LTS")

CPU model: Intel(R) Xeon(R) Gold 6258R CPU @ 2.70GHz, instruction set [SSE2|AVX|AVX2|AVX512]
Thread count: 56 physical cores, 56 logical processors, using up to 1 threads

Non-default parameters:
TimeLimit  6.0159024429321289e+02
Method  1
Seed  20260919
Threads  1

Optimize a model with 189 rows, 58759 columns and 1668759 nonzeros
Coefficient statistics:
  Matrix range     [1e+00, 1e+00]
  Objective range  [1e+05, 5e+05]
  Bounds range     [1e+00, 1e+00]
  RHS range        [1e+00, 8e+00]
LP warm-start: use basis

Iteration    Objective       Primal Inf.    Dual Inf.      Time
       0   -2.1786675e+37   6.202991e+32   2.178668e+07      0s
      54    9.9860123e+05   0.000000e+00   0.000000e+00      0s

Solved in 54 iterations and 0.11 seconds (0.09 work units)
Optimal objective  9.986012349e+05
Set parameter TimeLimit to value 5.9921711111068726e+02
Gurobi Optimizer version 12.0.3 build v12.0.3rc0 (linux64 - "Ubuntu 24.04.4 LTS")

CPU model: Intel(R) Xeon(R) Gold 6258R CPU @ 2.70GHz, instruction set [SSE2|AVX|AVX2|AVX512]
Thread count: 56 physical cores, 56 logical processors, using up to 1 threads

Non-default parameters:
TimeLimit  5.9921711111068726e+02
Method  1
Seed  20260919
Threads  1

Optimize a model with 189 rows, 58789 columns and 1669530 nonzeros
Coefficient statistics:
  Matrix range     [1e+00, 1e+00]
  Objective range  [1e+05, 5e+05]
  Bounds range     [1e+00, 1e+00]
  RHS range        [1e+00, 8e+00]
LP warm-start: use basis

Iteration    Objective       Primal Inf.    Dual Inf.      Time
       0   -2.3108841e+37   1.228284e+33   2.310884e+07      0s
      49    9.9176042e+05   0.000000e+00   0.000000e+00      0s

Solved in 49 iterations and 0.11 seconds (0.09 work units)
Optimal objective  9.917604246e+05
Set parameter TimeLimit to value 5.9694467329978943e+02
Gurobi Optimizer version 12.0.3 build v12.0.3rc0 (linux64 - "Ubuntu 24.04.4 LTS")

CPU model: Intel(R) Xeon(R) Gold 6258R CPU @ 2.70GHz, instruction set [SSE2|AVX|AVX2|AVX512]
Thread count: 56 physical cores, 56 logical processors, using up to 1 threads

Non-default parameters:
TimeLimit  5.9694467329978943e+02
Method  1
Seed  20260919
Threads  1

Optimize a model with 189 rows, 58819 columns and 1670377 nonzeros
Coefficient statistics:
  Matrix range     [1e+00, 1e+00]
  Objective range  [1e+05, 5e+05]
  Bounds range     [1e+00, 1e+00]
  RHS range        [1e+00, 8e+00]
LP warm-start: use basis

Iteration    Objective       Primal Inf.    Dual Inf.      Time
       0   -2.0001109e+37   6.338333e+32   2.000111e+07      0s
      58    9.8972260e+05   0.000000e+00   0.000000e+00      0s

Solved in 58 iterations and 0.11 seconds (0.09 work units)
Optimal objective  9.897225954e+05
Set parameter TimeLimit to value 5.9440376687049866e+02
Gurobi Optimizer version 12.0.3 build v12.0.3rc0 (linux64 - "Ubuntu 24.04.4 LTS")

CPU model: Intel(R) Xeon(R) Gold 6258R CPU @ 2.70GHz, instruction set [SSE2|AVX|AVX2|AVX512]
Thread count: 56 physical cores, 56 logical processors, using up to 1 threads

Non-default parameters:
TimeLimit  5.9440376687049866e+02
Method  1
Seed  20260919
Threads  1

Optimize a model with 189 rows, 58849 columns and 1671202 nonzeros
Coefficient statistics:
  Matrix range     [1e+00, 1e+00]
  Objective range  [1e+05, 5e+05]
  Bounds range     [1e+00, 1e+00]
  RHS range        [1e+00, 8e+00]
LP warm-start: use basis

Iteration    Objective       Primal Inf.    Dual Inf.      Time
       0   -1.7039544e+37   5.357767e+32   1.703954e+07      0s
      26    9.8929083e+05   0.000000e+00   0.000000e+00      0s

Solved in 26 iterations and 0.10 seconds (0.06 work units)
Optimal objective  9.892908330e+05
Set parameter TimeLimit to value 5.9180662226676941e+02
Gurobi Optimizer version 12.0.3 build v12.0.3rc0 (linux64 - "Ubuntu 24.04.4 LTS")

CPU model: Intel(R) Xeon(R) Gold 6258R CPU @ 2.70GHz, instruction set [SSE2|AVX|AVX2|AVX512]
Thread count: 56 physical cores, 56 logical processors, using up to 1 threads

Non-default parameters:
TimeLimit  5.9180662226676941e+02
Method  1
Seed  20260919
Threads  1

Optimize a model with 189 rows, 58879 columns and 1672036 nonzeros
Coefficient statistics:
  Matrix range     [1e+00, 1e+00]
  Objective range  [1e+05, 5e+05]
  Bounds range     [1e+00, 1e+00]
  RHS range        [1e+00, 8e+00]
LP warm-start: use basis

Iteration    Objective       Primal Inf.    Dual Inf.      Time
       0   -1.5667887e+37   8.413333e+32   1.566789e+07      0s
      64    9.8917720e+05   0.000000e+00   0.000000e+00      0s

Solved in 64 iterations and 0.12 seconds (0.10 work units)
Optimal objective  9.891772046e+05
Set parameter TimeLimit to value 5.8998429822921753e+02
Gurobi Optimizer version 12.0.3 build v12.0.3rc0 (linux64 - "Ubuntu 24.04.4 LTS")

CPU model: Intel(R) Xeon(R) Gold 6258R CPU @ 2.70GHz, instruction set [SSE2|AVX|AVX2|AVX512]
Thread count: 56 physical cores, 56 logical processors, using up to 1 threads

Non-default parameters:
TimeLimit  5.8998429822921753e+02
Method  1
Seed  20260919
Threads  1

Optimize a model with 189 rows, 58909 columns and 1672898 nonzeros
Coefficient statistics:
  Matrix range     [1e+00, 1e+00]
  Objective range  [1e+05, 5e+05]
  Bounds range     [1e+00, 1e+00]
  RHS range        [1e+00, 8e+00]
LP warm-start: use basis

Iteration    Objective       Primal Inf.    Dual Inf.      Time
       0   -1.5230350e+37   4.859541e+32   1.523035e+07      0s
      16    9.8620231e+05   0.000000e+00   0.000000e+00      0s

Solved in 16 iterations and 0.09 seconds (0.05 work units)
Optimal objective  9.862023109e+05
Set parameter TimeLimit to value 5.8794132280349731e+02
Gurobi Optimizer version 12.0.3 build v12.0.3rc0 (linux64 - "Ubuntu 24.04.4 LTS")

CPU model: Intel(R) Xeon(R) Gold 6258R CPU @ 2.70GHz, instruction set [SSE2|AVX|AVX2|AVX512]
Thread count: 56 physical cores, 56 logical processors, using up to 1 threads

Non-default parameters:
TimeLimit  5.8794132280349731e+02
Method  1
Seed  20260919
Threads  1

Optimize a model with 189 rows, 58939 columns and 1673751 nonzeros
Coefficient statistics:
  Matrix range     [1e+00, 1e+00]
  Objective range  [1e+05, 5e+05]
  Bounds range     [1e+00, 1e+00]
  RHS range        [1e+00, 8e+00]
LP warm-start: use basis

Iteration    Objective       Primal Inf.    Dual Inf.      Time
       0   -1.2508393e+37   5.036246e+32   1.250839e+07      0s
      13    9.8620231e+05   0.000000e+00   0.000000e+00      0s

Solved in 13 iterations and 0.09 seconds (0.04 work units)
Optimal objective  9.862023109e+05
Set parameter TimeLimit to value 5.8591623520851135e+02
Gurobi Optimizer version 12.0.3 build v12.0.3rc0 (linux64 - "Ubuntu 24.04.4 LTS")

CPU model: Intel(R) Xeon(R) Gold 6258R CPU @ 2.70GHz, instruction set [SSE2|AVX|AVX2|AVX512]
Thread count: 56 physical cores, 56 logical processors, using up to 1 threads

Non-default parameters:
TimeLimit  5.8591623520851135e+02
Method  1
Seed  20260919
Threads  1

Optimize a model with 189 rows, 58969 columns and 1674634 nonzeros
Coefficient statistics:
  Matrix range     [1e+00, 1e+00]
  Objective range  [1e+05, 5e+05]
  Bounds range     [1e+00, 1e+00]
  RHS range        [1e+00, 8e+00]
LP warm-start: use basis

Iteration    Objective       Primal Inf.    Dual Inf.      Time
       0   -1.2508370e+37   4.736246e+32   1.250837e+07      0s
      95    9.7767347e+05   0.000000e+00   0.000000e+00      0s

Solved in 95 iterations and 0.14 seconds (0.14 work units)
Optimal objective  9.776734663e+05
Set parameter TimeLimit to value 5.8381719851493835e+02
Gurobi Optimizer version 12.0.3 build v12.0.3rc0 (linux64 - "Ubuntu 24.04.4 LTS")

CPU model: Intel(R) Xeon(R) Gold 6258R CPU @ 2.70GHz, instruction set [SSE2|AVX|AVX2|AVX512]
Thread count: 56 physical cores, 56 logical processors, using up to 1 threads

Non-default parameters:
TimeLimit  5.8381719851493835e+02
Method  1
Seed  20260919
Threads  1

Optimize a model with 189 rows, 58999 columns and 1675510 nonzeros
Coefficient statistics:
  Matrix range     [1e+00, 1e+00]
  Objective range  [1e+05, 5e+05]
  Bounds range     [1e+00, 1e+00]
  RHS range        [1e+00, 8e+00]
LP warm-start: use basis

Iteration    Objective       Primal Inf.    Dual Inf.      Time
       0   -1.6911643e+37   9.493636e+32   1.691164e+07      0s
       8    9.7654805e+05   0.000000e+00   0.000000e+00      0s

Solved in 8 iterations and 0.09 seconds (0.03 work units)
Optimal objective  9.765480534e+05
Set parameter TimeLimit to value 5.8168532896041870e+02
Gurobi Optimizer version 12.0.3 build v12.0.3rc0 (linux64 - "Ubuntu 24.04.4 LTS")

CPU model: Intel(R) Xeon(R) Gold 6258R CPU @ 2.70GHz, instruction set [SSE2|AVX|AVX2|AVX512]
Thread count: 56 physical cores, 56 logical processors, using up to 1 threads

Non-default parameters:
TimeLimit  5.8168532896041870e+02
Method  1
Seed  20260919
Threads  1

Optimize a model with 189 rows, 59029 columns and 1676334 nonzeros
Coefficient statistics:
  Matrix range     [1e+00, 1e+00]
  Objective range  [1e+05, 5e+05]
  Bounds range     [1e+00, 1e+00]
  RHS range        [1e+00, 8e+00]
LP warm-start: use basis

Iteration    Objective       Primal Inf.    Dual Inf.      Time
       0   -1.5984553e+37   2.477013e+32   1.598455e+07      0s
      95    9.7242818e+05   0.000000e+00   0.000000e+00      0s

Solved in 95 iterations and 0.13 seconds (0.15 work units)
Optimal objective  9.724281791e+05
Set parameter TimeLimit to value 5.7908915066719055e+02
Gurobi Optimizer version 12.0.3 build v12.0.3rc0 (linux64 - "Ubuntu 24.04.4 LTS")

CPU model: Intel(R) Xeon(R) Gold 6258R CPU @ 2.70GHz, instruction set [SSE2|AVX|AVX2|AVX512]
Thread count: 56 physical cores, 56 logical processors, using up to 1 threads

Non-default parameters:
TimeLimit  5.7908915066719055e+02
Method  1
Seed  20260919
Threads  1

Optimize a model with 189 rows, 59059 columns and 1677151 nonzeros
Coefficient statistics:
  Matrix range     [1e+00, 1e+00]
  Objective range  [1e+05, 5e+05]
  Bounds range     [1e+00, 1e+00]
  RHS range        [1e+00, 8e+00]
LP warm-start: use basis

Iteration    Objective       Primal Inf.    Dual Inf.      Time
       0   -1.6231290e+37   2.314793e+32   1.623129e+07      0s
      36    9.5257293e+05   0.000000e+00   0.000000e+00      0s

Solved in 36 iterations and 0.10 seconds (0.07 work units)
Optimal objective  9.525729322e+05
Set parameter TimeLimit to value 5.7718185901641846e+02
Gurobi Optimizer version 12.0.3 build v12.0.3rc0 (linux64 - "Ubuntu 24.04.4 LTS")

CPU model: Intel(R) Xeon(R) Gold 6258R CPU @ 2.70GHz, instruction set [SSE2|AVX|AVX2|AVX512]
Thread count: 56 physical cores, 56 logical processors, using up to 1 threads

Non-default parameters:
TimeLimit  5.7718185901641846e+02
Method  1
Seed  20260919
Threads  1

Optimize a model with 189 rows, 59089 columns and 1678045 nonzeros
Coefficient statistics:
  Matrix range     [1e+00, 1e+00]
  Objective range  [1e+05, 5e+05]
  Bounds range     [1e+00, 1e+00]
  RHS range        [1e+00, 8e+00]
LP warm-start: use basis

Iteration    Objective       Primal Inf.    Dual Inf.      Time
       0   -2.5434569e+37   6.029028e+32   2.543457e+07      0s
      46    9.3738534e+05   0.000000e+00   0.000000e+00      0s

Solved in 46 iterations and 0.11 seconds (0.09 work units)
Optimal objective  9.373853416e+05
Set parameter TimeLimit to value 5.7419492006301880e+02
Gurobi Optimizer version 12.0.3 build v12.0.3rc0 (linux64 - "Ubuntu 24.04.4 LTS")

CPU model: Intel(R) Xeon(R) Gold 6258R CPU @ 2.70GHz, instruction set [SSE2|AVX|AVX2|AVX512]
Thread count: 56 physical cores, 56 logical processors, using up to 1 threads

Non-default parameters:
TimeLimit  5.7419492006301880e+02
Method  1
Seed  20260919
Threads  1

Optimize a model with 189 rows, 59119 columns and 1678894 nonzeros
Coefficient statistics:
  Matrix range     [1e+00, 1e+00]
  Objective range  [1e+05, 5e+05]
  Bounds range     [1e+00, 1e+00]
  RHS range        [1e+00, 8e+00]
LP warm-start: use basis

Iteration    Objective       Primal Inf.    Dual Inf.      Time
       0   -3.4931192e+37   5.670411e+32   3.493119e+07      0s
      94    9.3738534e+05   0.000000e+00   0.000000e+00      0s

Solved in 94 iterations and 0.14 seconds (0.14 work units)
Optimal objective  9.373853416e+05
Set parameter TimeLimit to value 5.7113490653038025e+02
Gurobi Optimizer version 12.0.3 build v12.0.3rc0 (linux64 - "Ubuntu 24.04.4 LTS")

CPU model: Intel(R) Xeon(R) Gold 6258R CPU @ 2.70GHz, instruction set [SSE2|AVX|AVX2|AVX512]
Thread count: 56 physical cores, 56 logical processors, using up to 1 threads

Non-default parameters:
TimeLimit  5.7113490653038025e+02
Method  1
Seed  20260919
Threads  1

Optimize a model with 189 rows, 59149 columns and 1679771 nonzeros
Coefficient statistics:
  Matrix range     [1e+00, 1e+00]
  Objective range  [1e+05, 5e+05]
  Bounds range     [1e+00, 1e+00]
  RHS range        [1e+00, 8e+00]
LP warm-start: use basis

Iteration    Objective       Primal Inf.    Dual Inf.      Time
       0   -2.1780489e+37   2.201279e+32   2.178049e+07      0s
      55    8.9796053e+05   0.000000e+00   0.000000e+00      0s

Solved in 55 iterations and 0.12 seconds (0.09 work units)
Optimal objective  8.979605272e+05
Set parameter TimeLimit to value 5.6967086362838745e+02
Gurobi Optimizer version 12.0.3 build v12.0.3rc0 (linux64 - "Ubuntu 24.04.4 LTS")

CPU model: Intel(R) Xeon(R) Gold 6258R CPU @ 2.70GHz, instruction set [SSE2|AVX|AVX2|AVX512]
Thread count: 56 physical cores, 56 logical processors, using up to 1 threads

Non-default parameters:
TimeLimit  5.6967086362838745e+02
Method  1
Seed  20260919
Threads  1

Optimize a model with 189 rows, 59179 columns and 1680656 nonzeros
Coefficient statistics:
  Matrix range     [1e+00, 1e+00]
  Objective range  [1e+05, 5e+05]
  Bounds range     [1e+00, 1e+00]
  RHS range        [1e+00, 8e+00]
LP warm-start: use basis

Iteration    Objective       Primal Inf.    Dual Inf.      Time
       0   -1.7560839e+37   2.433171e+32   1.756084e+07      0s
     114    8.9563886e+05   0.000000e+00   0.000000e+00      0s

Solved in 114 iterations and 0.15 seconds (0.16 work units)
Optimal objective  8.956388631e+05
Set parameter TimeLimit to value 5.6701389575004578e+02
Gurobi Optimizer version 12.0.3 build v12.0.3rc0 (linux64 - "Ubuntu 24.04.4 LTS")

CPU model: Intel(R) Xeon(R) Gold 6258R CPU @ 2.70GHz, instruction set [SSE2|AVX|AVX2|AVX512]
Thread count: 56 physical cores, 56 logical processors, using up to 1 threads

Non-default parameters:
TimeLimit  5.6701389575004578e+02
Method  1
Seed  20260919
Threads  1

Optimize a model with 189 rows, 59209 columns and 1681528 nonzeros
Coefficient statistics:
  Matrix range     [1e+00, 1e+00]
  Objective range  [1e+05, 5e+05]
  Bounds range     [1e+00, 1e+00]
  RHS range        [1e+00, 8e+00]
LP warm-start: use basis

Iteration    Objective       Primal Inf.    Dual Inf.      Time
       0   -1.7854910e+37   4.568247e+32   1.785491e+07      0s
      47    8.7293460e+05   0.000000e+00   0.000000e+00      0s

Solved in 47 iterations and 0.11 seconds (0.09 work units)
Optimal objective  8.729345956e+05
Set parameter TimeLimit to value 5.6544533419609070e+02
Gurobi Optimizer version 12.0.3 build v12.0.3rc0 (linux64 - "Ubuntu 24.04.4 LTS")

CPU model: Intel(R) Xeon(R) Gold 6258R CPU @ 2.70GHz, instruction set [SSE2|AVX|AVX2|AVX512]
Thread count: 56 physical cores, 56 logical processors, using up to 1 threads

Non-default parameters:
TimeLimit  5.6544533419609070e+02
Method  1
Seed  20260919
Threads  1

Optimize a model with 189 rows, 59239 columns and 1682441 nonzeros
Coefficient statistics:
  Matrix range     [1e+00, 1e+00]
  Objective range  [1e+05, 5e+05]
  Bounds range     [1e+00, 1e+00]
  RHS range        [1e+00, 8e+00]
LP warm-start: use basis

Iteration    Objective       Primal Inf.    Dual Inf.      Time
       0   -2.2451851e+37   5.790370e+32   2.245185e+07      0s
      58    8.6290446e+05   0.000000e+00   0.000000e+00      0s

Solved in 58 iterations and 0.12 seconds (0.09 work units)
Optimal objective  8.629044584e+05
Set parameter TimeLimit to value 5.6231158423423767e+02
Gurobi Optimizer version 12.0.3 build v12.0.3rc0 (linux64 - "Ubuntu 24.04.4 LTS")

CPU model: Intel(R) Xeon(R) Gold 6258R CPU @ 2.70GHz, instruction set [SSE2|AVX|AVX2|AVX512]
Thread count: 56 physical cores, 56 logical processors, using up to 1 threads

Non-default parameters:
TimeLimit  5.6231158423423767e+02
Method  1
Seed  20260919
Threads  1

Optimize a model with 189 rows, 59269 columns and 1683333 nonzeros
Coefficient statistics:
  Matrix range     [1e+00, 1e+00]
  Objective range  [1e+05, 5e+05]
  Bounds range     [1e+00, 1e+00]
  RHS range        [1e+00, 8e+00]
LP warm-start: use basis

Iteration    Objective       Primal Inf.    Dual Inf.      Time
       0   -1.6875713e+37   4.422500e+32   1.687571e+07      0s
      64    8.6290446e+05   0.000000e+00   0.000000e+00      0s

Solved in 64 iterations and 0.12 seconds (0.11 work units)
Optimal objective  8.629044584e+05
Set parameter TimeLimit to value 5.6047441124916077e+02
Gurobi Optimizer version 12.0.3 build v12.0.3rc0 (linux64 - "Ubuntu 24.04.4 LTS")

CPU model: Intel(R) Xeon(R) Gold 6258R CPU @ 2.70GHz, instruction set [SSE2|AVX|AVX2|AVX512]
Thread count: 56 physical cores, 56 logical processors, using up to 1 threads

Non-default parameters:
TimeLimit  5.6047441124916077e+02
Method  1
Seed  20260919
Threads  1

Optimize a model with 189 rows, 59299 columns and 1684208 nonzeros
Coefficient statistics:
  Matrix range     [1e+00, 1e+00]
  Objective range  [1e+05, 5e+05]
  Bounds range     [1e+00, 1e+00]
  RHS range        [1e+00, 8e+00]
LP warm-start: use basis

Iteration    Objective       Primal Inf.    Dual Inf.      Time
       0   -1.5000254e+37   3.710000e+32   1.500025e+07      0s
      22    8.6010671e+05   0.000000e+00   0.000000e+00      0s

Solved in 22 iterations and 0.09 seconds (0.05 work units)
Optimal objective  8.601067135e+05
Set parameter TimeLimit to value 5.5862322258949280e+02
Gurobi Optimizer version 12.0.3 build v12.0.3rc0 (linux64 - "Ubuntu 24.04.4 LTS")

CPU model: Intel(R) Xeon(R) Gold 6258R CPU @ 2.70GHz, instruction set [SSE2|AVX|AVX2|AVX512]
Thread count: 56 physical cores, 56 logical processors, using up to 1 threads

Non-default parameters:
TimeLimit  5.5862322258949280e+02
Method  1
Seed  20260919
Threads  1

Optimize a model with 189 rows, 59329 columns and 1685097 nonzeros
Coefficient statistics:
  Matrix range     [1e+00, 1e+00]
  Objective range  [1e+05, 5e+05]
  Bounds range     [1e+00, 1e+00]
  RHS range        [1e+00, 8e+00]
LP warm-start: use basis

Iteration    Objective       Primal Inf.    Dual Inf.      Time
       0   -1.3656643e+37   2.159701e+32   1.365664e+07      0s
      70    8.4934127e+05   0.000000e+00   0.000000e+00      0s

Solved in 70 iterations and 0.11 seconds (0.11 work units)
Optimal objective  8.493412733e+05
Set parameter TimeLimit to value 5.5432934236526489e+02
Gurobi Optimizer version 12.0.3 build v12.0.3rc0 (linux64 - "Ubuntu 24.04.4 LTS")

CPU model: Intel(R) Xeon(R) Gold 6258R CPU @ 2.70GHz, instruction set [SSE2|AVX|AVX2|AVX512]
Thread count: 56 physical cores, 56 logical processors, using up to 1 threads

Non-default parameters:
TimeLimit  5.5432934236526489e+02
Method  1
Seed  20260919
Threads  1

Optimize a model with 189 rows, 59359 columns and 1686034 nonzeros
Coefficient statistics:
  Matrix range     [1e+00, 1e+00]
  Objective range  [1e+05, 5e+05]
  Bounds range     [1e+00, 1e+00]
  RHS range        [1e+00, 8e+00]
LP warm-start: use basis

Iteration    Objective       Primal Inf.    Dual Inf.      Time
       0   -1.5382339e+37   2.280957e+32   1.538234e+07      0s
      44    8.3318908e+05   0.000000e+00   0.000000e+00      0s

Solved in 44 iterations and 0.11 seconds (0.08 work units)
Optimal objective  8.331890759e+05
Set parameter TimeLimit to value 5.5232559418678284e+02
Gurobi Optimizer version 12.0.3 build v12.0.3rc0 (linux64 - "Ubuntu 24.04.4 LTS")

CPU model: Intel(R) Xeon(R) Gold 6258R CPU @ 2.70GHz, instruction set [SSE2|AVX|AVX2|AVX512]
Thread count: 56 physical cores, 56 logical processors, using up to 1 threads

Non-default parameters:
TimeLimit  5.5232559418678284e+02
Method  1
Seed  20260919
Threads  1

Optimize a model with 189 rows, 59389 columns and 1686952 nonzeros
Coefficient statistics:
  Matrix range     [1e+00, 1e+00]
  Objective range  [1e+05, 5e+05]
  Bounds range     [1e+00, 1e+00]
  RHS range        [1e+00, 8e+00]
LP warm-start: use basis

Iteration    Objective       Primal Inf.    Dual Inf.      Time
       0   -1.3278856e+37   4.156557e+32   1.327886e+07      0s
      86    8.3318908e+05   0.000000e+00   0.000000e+00      0s

Solved in 86 iterations and 0.13 seconds (0.12 work units)
Optimal objective  8.331890759e+05
Set parameter TimeLimit to value 5.4987445926666260e+02
Gurobi Optimizer version 12.0.3 build v12.0.3rc0 (linux64 - "Ubuntu 24.04.4 LTS")

CPU model: Intel(R) Xeon(R) Gold 6258R CPU @ 2.70GHz, instruction set [SSE2|AVX|AVX2|AVX512]
Thread count: 56 physical cores, 56 logical processors, using up to 1 threads

Non-default parameters:
TimeLimit  5.4987445926666260e+02
Method  1
Seed  20260919
Threads  1

Optimize a model with 189 rows, 59419 columns and 1687806 nonzeros
Coefficient statistics:
  Matrix range     [1e+00, 1e+00]
  Objective range  [1e+05, 5e+05]
  Bounds range     [1e+00, 1e+00]
  RHS range        [1e+00, 8e+00]
LP warm-start: use basis

Iteration    Objective       Primal Inf.    Dual Inf.      Time
       0   -1.3278770e+37   4.155164e+32   1.327877e+07      0s
     116    8.3209230e+05   0.000000e+00   0.000000e+00      0s

Solved in 116 iterations and 0.15 seconds (0.16 work units)
Optimal objective  8.320922992e+05
Set parameter TimeLimit to value 5.4703445458412170e+02
Gurobi Optimizer version 12.0.3 build v12.0.3rc0 (linux64 - "Ubuntu 24.04.4 LTS")

CPU model: Intel(R) Xeon(R) Gold 6258R CPU @ 2.70GHz, instruction set [SSE2|AVX|AVX2|AVX512]
Thread count: 56 physical cores, 56 logical processors, using up to 1 threads

Non-default parameters:
TimeLimit  5.4703445458412170e+02
Method  1
Seed  20260919
Threads  1

Optimize a model with 189 rows, 59449 columns and 1688742 nonzeros
Coefficient statistics:
  Matrix range     [1e+00, 1e+00]
  Objective range  [1e+05, 5e+05]
  Bounds range     [1e+00, 1e+00]
  RHS range        [1e+00, 8e+00]
LP warm-start: use basis

Iteration    Objective       Primal Inf.    Dual Inf.      Time
       0   -1.4894653e+37   4.500563e+32   1.489465e+07      0s
      71    8.3209230e+05   0.000000e+00   0.000000e+00      0s

Solved in 71 iterations and 0.12 seconds (0.11 work units)
Optimal objective  8.320922992e+05
Set parameter TimeLimit to value 5.4387617468833923e+02
Gurobi Optimizer version 12.0.3 build v12.0.3rc0 (linux64 - "Ubuntu 24.04.4 LTS")

CPU model: Intel(R) Xeon(R) Gold 6258R CPU @ 2.70GHz, instruction set [SSE2|AVX|AVX2|AVX512]
Thread count: 56 physical cores, 56 logical processors, using up to 1 threads

Non-default parameters:
TimeLimit  5.4387617468833923e+02
Method  1
Seed  20260919
Threads  1

Optimize a model with 189 rows, 59479 columns and 1689648 nonzeros
Coefficient statistics:
  Matrix range     [1e+00, 1e+00]
  Objective range  [1e+05, 5e+05]
  Bounds range     [1e+00, 1e+00]
  RHS range        [1e+00, 8e+00]
LP warm-start: use basis

Iteration    Objective       Primal Inf.    Dual Inf.      Time
       0   -1.2463604e+37   6.295845e+32   1.246360e+07      0s
      51    8.3209230e+05   0.000000e+00   0.000000e+00      0s

Solved in 51 iterations and 0.12 seconds (0.10 work units)
Optimal objective  8.320922992e+05
Set parameter TimeLimit to value 541.096825838089
Gurobi Optimizer version 12.0.3 build v12.0.3rc0 (linux64 - "Ubuntu 24.04.4 LTS")

CPU model: Intel(R) Xeon(R) Gold 6258R CPU @ 2.70GHz, instruction set [SSE2|AVX|AVX2|AVX512]
Thread count: 56 physical cores, 56 logical processors, using up to 1 threads

Non-default parameters:
TimeLimit  541.096825838089
Method  1
Seed  20260919
Threads  1

Optimize a model with 189 rows, 59509 columns and 1690584 nonzeros
Coefficient statistics:
  Matrix range     [1e+00, 1e+00]
  Objective range  [1e+05, 5e+05]
  Bounds range     [1e+00, 1e+00]
  RHS range        [1e+00, 8e+00]
LP warm-start: use basis

Iteration    Objective       Primal Inf.    Dual Inf.      Time
       0   -1.1830693e+37   2.317887e+32   1.183069e+07      0s
      71    8.0902190e+05   0.000000e+00   0.000000e+00      0s

Solved in 71 iterations and 0.13 seconds (0.12 work units)
Optimal objective  8.090218994e+05
Set parameter TimeLimit to value 538.763979434967
Gurobi Optimizer version 12.0.3 build v12.0.3rc0 (linux64 - "Ubuntu 24.04.4 LTS")

CPU model: Intel(R) Xeon(R) Gold 6258R CPU @ 2.70GHz, instruction set [SSE2|AVX|AVX2|AVX512]
Thread count: 56 physical cores, 56 logical processors, using up to 1 threads

Non-default parameters:
TimeLimit  538.763979434967
Method  1
Seed  20260919
Threads  1

Optimize a model with 189 rows, 59539 columns and 1691404 nonzeros
Coefficient statistics:
  Matrix range     [1e+00, 1e+00]
  Objective range  [1e+05, 5e+05]
  Bounds range     [1e+00, 1e+00]
  RHS range        [1e+00, 8e+00]
LP warm-start: use basis

Iteration    Objective       Primal Inf.    Dual Inf.      Time
       0   -5.6896748e+36   2.480517e+32   5.689675e+06      0s
      53    8.0902190e+05   0.000000e+00   0.000000e+00      0s

Solved in 53 iterations and 0.12 seconds (0.10 work units)
Optimal objective  8.090218994e+05
Set parameter TimeLimit to value 5.3645030999183655e+02
Gurobi Optimizer version 12.0.3 build v12.0.3rc0 (linux64 - "Ubuntu 24.04.4 LTS")

CPU model: Intel(R) Xeon(R) Gold 6258R CPU @ 2.70GHz, instruction set [SSE2|AVX|AVX2|AVX512]
Thread count: 56 physical cores, 56 logical processors, using up to 1 threads

Non-default parameters:
TimeLimit  5.3645030999183655e+02
Method  1
Seed  20260919
Threads  1

Optimize a model with 189 rows, 59569 columns and 1692231 nonzeros
Coefficient statistics:
  Matrix range     [1e+00, 1e+00]
  Objective range  [1e+05, 5e+05]
  Bounds range     [1e+00, 1e+00]
  RHS range        [1e+00, 8e+00]
LP warm-start: use basis

Iteration    Objective       Primal Inf.    Dual Inf.      Time
       0   -5.6896895e+36   2.514138e+32   5.689690e+06      0s
       5    8.0902190e+05   0.000000e+00   0.000000e+00      0s

Solved in 5 iterations and 0.08 seconds (0.03 work units)
Optimal objective  8.090218994e+05
Set parameter TimeLimit to value 5.3417591810226440e+02
Gurobi Optimizer version 12.0.3 build v12.0.3rc0 (linux64 - "Ubuntu 24.04.4 LTS")

CPU model: Intel(R) Xeon(R) Gold 6258R CPU @ 2.70GHz, instruction set [SSE2|AVX|AVX2|AVX512]
Thread count: 56 physical cores, 56 logical processors, using up to 1 threads

Non-default parameters:
TimeLimit  5.3417591810226440e+02
Method  1
Seed  20260919
Threads  1

Optimize a model with 189 rows, 59599 columns and 1693070 nonzeros
Coefficient statistics:
  Matrix range     [1e+00, 1e+00]
  Objective range  [1e+05, 5e+05]
  Bounds range     [1e+00, 1e+00]
  RHS range        [1e+00, 8e+00]
LP warm-start: use basis

Iteration    Objective       Primal Inf.    Dual Inf.      Time
       0   -5.6896806e+36   2.338276e+32   5.689681e+06      0s
     122    8.0902190e+05   0.000000e+00   0.000000e+00      0s

Solved in 122 iterations and 0.16 seconds (0.18 work units)
Optimal objective  8.090218994e+05
Set parameter TimeLimit to value 5.3201274132728577e+02
Gurobi Optimizer version 12.0.3 build v12.0.3rc0 (linux64 - "Ubuntu 24.04.4 LTS")

CPU model: Intel(R) Xeon(R) Gold 6258R CPU @ 2.70GHz, instruction set [SSE2|AVX|AVX2|AVX512]
Thread count: 56 physical cores, 56 logical processors, using up to 1 threads

Non-default parameters:
TimeLimit  5.3201274132728577e+02
Method  1
Seed  20260919
Threads  1

Optimize a model with 189 rows, 59629 columns and 1693926 nonzeros
Coefficient statistics:
  Matrix range     [1e+00, 1e+00]
  Objective range  [1e+05, 5e+05]
  Bounds range     [1e+00, 1e+00]
  RHS range        [1e+00, 8e+00]
LP warm-start: use basis

Iteration    Objective       Primal Inf.    Dual Inf.      Time
       0   -5.6896183e+36   1.882155e+32   5.689618e+06      0s
      63    8.0902190e+05   0.000000e+00   0.000000e+00      0s

Solved in 63 iterations and 0.12 seconds (0.11 work units)
Optimal objective  8.090218994e+05
Set parameter TimeLimit to value 5.2996278405189514e+02
Gurobi Optimizer version 12.0.3 build v12.0.3rc0 (linux64 - "Ubuntu 24.04.4 LTS")

CPU model: Intel(R) Xeon(R) Gold 6258R CPU @ 2.70GHz, instruction set [SSE2|AVX|AVX2|AVX512]
Thread count: 56 physical cores, 56 logical processors, using up to 1 threads

Non-default parameters:
TimeLimit  5.2996278405189514e+02
Method  1
Seed  20260919
Threads  1

Optimize a model with 189 rows, 59659 columns and 1694785 nonzeros
Coefficient statistics:
  Matrix range     [1e+00, 1e+00]
  Objective range  [1e+05, 5e+05]
  Bounds range     [1e+00, 1e+00]
  RHS range        [1e+00, 8e+00]
LP warm-start: use basis

Iteration    Objective       Primal Inf.    Dual Inf.      Time
       0   -8.4050755e+36   2.996853e+32   8.405075e+06      0s
      41    8.0902190e+05   0.000000e+00   0.000000e+00      0s

Solved in 41 iterations and 0.11 seconds (0.08 work units)
Optimal objective  8.090218994e+05
Set parameter TimeLimit to value 528.232342004776
Gurobi Optimizer version 12.0.3 build v12.0.3rc0 (linux64 - "Ubuntu 24.04.4 LTS")

CPU model: Intel(R) Xeon(R) Gold 6258R CPU @ 2.70GHz, instruction set [SSE2|AVX|AVX2|AVX512]
Thread count: 56 physical cores, 56 logical processors, using up to 1 threads

Non-default parameters:
TimeLimit  528.232342004776
Method  1
Seed  20260919
Threads  1

Optimize a model with 189 rows, 59689 columns and 1695671 nonzeros
Coefficient statistics:
  Matrix range     [1e+00, 1e+00]
  Objective range  [1e+05, 5e+05]
  Bounds range     [1e+00, 1e+00]
  RHS range        [1e+00, 8e+00]
LP warm-start: use basis

Iteration    Objective       Primal Inf.    Dual Inf.      Time
       0   -8.4048829e+36   2.311853e+32   8.404883e+06      0s
     117    8.0040131e+05   0.000000e+00   0.000000e+00      0s

Solved in 117 iterations and 0.15 seconds (0.17 work units)
Optimal objective  8.004013091e+05
Set parameter TimeLimit to value 526.52823138237
Gurobi Optimizer version 12.0.3 build v12.0.3rc0 (linux64 - "Ubuntu 24.04.4 LTS")

CPU model: Intel(R) Xeon(R) Gold 6258R CPU @ 2.70GHz, instruction set [SSE2|AVX|AVX2|AVX512]
Thread count: 56 physical cores, 56 logical processors, using up to 1 threads

Non-default parameters:
TimeLimit  526.52823138237
Method  1
Seed  20260919
Threads  1

Optimize a model with 189 rows, 59719 columns and 1696586 nonzeros
Coefficient statistics:
  Matrix range     [1e+00, 1e+00]
  Objective range  [1e+05, 5e+05]
  Bounds range     [1e+00, 1e+00]
  RHS range        [1e+00, 8e+00]
LP warm-start: use basis

Iteration    Objective       Primal Inf.    Dual Inf.      Time
       0   -9.6348674e+32   2.902368e+32   9.634867e+02      0s
      54    8.0040131e+05   0.000000e+00   0.000000e+00      0s

Solved in 54 iterations and 0.11 seconds (0.09 work units)
Optimal objective  8.004013091e+05
Set parameter TimeLimit to value 5.2495495176315308e+02
Gurobi Optimizer version 12.0.3 build v12.0.3rc0 (linux64 - "Ubuntu 24.04.4 LTS")

CPU model: Intel(R) Xeon(R) Gold 6258R CPU @ 2.70GHz, instruction set [SSE2|AVX|AVX2|AVX512]
Thread count: 56 physical cores, 56 logical processors, using up to 1 threads

Non-default parameters:
TimeLimit  5.2495495176315308e+02
Method  1
Seed  20260919
Threads  1

Optimize a model with 189 rows, 59749 columns and 1697461 nonzeros
Coefficient statistics:
  Matrix range     [1e+00, 1e+00]
  Objective range  [1e+05, 5e+05]
  Bounds range     [1e+00, 1e+00]
  RHS range        [1e+00, 8e+00]
LP warm-start: use basis

Iteration    Objective       Primal Inf.    Dual Inf.      Time
       0   -1.2249086e+33   3.616053e+32   1.224909e+03      0s
       3    8.0040131e+05   0.000000e+00   0.000000e+00      0s

Solved in 3 iterations and 0.08 seconds (0.02 work units)
Optimal objective  8.004013091e+05
Set parameter TimeLimit to value 5.2326285529136658e+02
Gurobi Optimizer version 12.0.3 build v12.0.3rc0 (linux64 - "Ubuntu 24.04.4 LTS")

CPU model: Intel(R) Xeon(R) Gold 6258R CPU @ 2.70GHz, instruction set [SSE2|AVX|AVX2|AVX512]
Thread count: 56 physical cores, 56 logical processors, using up to 1 threads

Non-default parameters:
TimeLimit  5.2326285529136658e+02
Method  1
Seed  20260919
Threads  1

Optimize a model with 189 rows, 59779 columns and 1698346 nonzeros
Coefficient statistics:
  Matrix range     [1e+00, 1e+00]
  Objective range  [1e+05, 5e+05]
  Bounds range     [1e+00, 1e+00]
  RHS range        [1e+00, 8e+00]
LP warm-start: use basis

Iteration    Objective       Primal Inf.    Dual Inf.      Time
       0   -8.1239411e+32   3.144737e+32   8.123941e+02      0s
      48    8.0040131e+05   0.000000e+00   0.000000e+00      0s

Solved in 48 iterations and 0.11 seconds (0.08 work units)
Optimal objective  8.004013091e+05
Set parameter TimeLimit to value 5.2095697021484375e+02
Gurobi Optimizer version 12.0.3 build v12.0.3rc0 (linux64 - "Ubuntu 24.04.4 LTS")

CPU model: Intel(R) Xeon(R) Gold 6258R CPU @ 2.70GHz, instruction set [SSE2|AVX|AVX2|AVX512]
Thread count: 56 physical cores, 56 logical processors, using up to 1 threads

Non-default parameters:
TimeLimit  5.2095697021484375e+02
Method  1
Seed  20260919
Threads  1

Optimize a model with 189 rows, 59809 columns and 1699210 nonzeros
Coefficient statistics:
  Matrix range     [1e+00, 1e+00]
  Objective range  [1e+05, 5e+05]
  Bounds range     [1e+00, 1e+00]
  RHS range        [1e+00, 8e+00]
LP warm-start: use basis

Iteration    Objective       Primal Inf.    Dual Inf.      Time
       0   -7.7515032e+32   3.268421e+32   7.751503e+02      0s
      57    8.0040131e+05   0.000000e+00   0.000000e+00      0s

Solved in 57 iterations and 0.12 seconds (0.10 work units)
Optimal objective  8.004013091e+05
Set parameter TimeLimit to value 5.2069632434844971e+02
Gurobi Optimizer version 12.0.3 build v12.0.3rc0 (linux64 - "Ubuntu 24.04.4 LTS")

CPU model: Intel(R) Xeon(R) Gold 6258R CPU @ 2.70GHz, instruction set [SSE2|AVX|AVX2|AVX512]
Thread count: 56 physical cores, 56 logical processors, using up to 1 threads

Non-default parameters:
TimeLimit  5.2069632434844971e+02
Method  1
Seed  20260919
Threads  1

Optimize a model with 189 rows, 59809 columns and 1699210 nonzeros
Coefficient statistics:
  Matrix range     [1e+00, 1e+00]
  Objective range  [1e+05, 5e+05]
  Bounds range     [1e+00, 1e+00]
  RHS range        [1e+00, 8e+00]

Iteration    Objective       Primal Inf.    Dual Inf.      Time
       0    8.0040131e+05   4.473684e-01   0.000000e+00      0s
      13    1.3004044e+06   0.000000e+00   0.000000e+00      0s

Solved in 13 iterations and 0.02 seconds (0.01 work units)
Optimal objective  1.300404416e+06
Set parameter TimeLimit to value 5.1948030304908752e+02
Gurobi Optimizer version 12.0.3 build v12.0.3rc0 (linux64 - "Ubuntu 24.04.4 LTS")

CPU model: Intel(R) Xeon(R) Gold 6258R CPU @ 2.70GHz, instruction set [SSE2|AVX|AVX2|AVX512]
Thread count: 56 physical cores, 56 logical processors, using up to 1 threads

Non-default parameters:
TimeLimit  5.1948030304908752e+02
Method  1
Seed  20260919
Threads  1

Optimize a model with 189 rows, 59839 columns and 1700079 nonzeros
Coefficient statistics:
  Matrix range     [1e+00, 1e+00]
  Objective range  [1e+05, 5e+05]
  Bounds range     [1e+00, 1e+00]
  RHS range        [1e+00, 8e+00]
LP warm-start: use basis

Iteration    Objective       Primal Inf.    Dual Inf.      Time
       0   -2.9999342e+37   6.866667e+32   2.999934e+07      0s
      24    1.3004044e+06   0.000000e+00   0.000000e+00      0s

Solved in 24 iterations and 0.10 seconds (0.04 work units)
Optimal objective  1.300404416e+06
Set parameter TimeLimit to value 5.1767902946472168e+02
Gurobi Optimizer version 12.0.3 build v12.0.3rc0 (linux64 - "Ubuntu 24.04.4 LTS")

CPU model: Intel(R) Xeon(R) Gold 6258R CPU @ 2.70GHz, instruction set [SSE2|AVX|AVX2|AVX512]
Thread count: 56 physical cores, 56 logical processors, using up to 1 threads

Non-default parameters:
TimeLimit  5.1767902946472168e+02
Method  1
Seed  20260919
Threads  1

Optimize a model with 189 rows, 59869 columns and 1700894 nonzeros
Coefficient statistics:
  Matrix range     [1e+00, 1e+00]
  Objective range  [1e+05, 5e+05]
  Bounds range     [1e+00, 1e+00]
  RHS range        [1e+00, 8e+00]
LP warm-start: use basis

Iteration    Objective       Primal Inf.    Dual Inf.      Time
       0   -1.5000205e+37   2.688000e+32   1.500020e+07      0s
      13    1.3004044e+06   0.000000e+00   0.000000e+00      0s

Solved in 13 iterations and 0.08 seconds (0.03 work units)
Optimal objective  1.300404416e+06
Set parameter TimeLimit to value 5.1394774436950684e+02
Gurobi Optimizer version 12.0.3 build v12.0.3rc0 (linux64 - "Ubuntu 24.04.4 LTS")

CPU model: Intel(R) Xeon(R) Gold 6258R CPU @ 2.70GHz, instruction set [SSE2|AVX|AVX2|AVX512]
Thread count: 56 physical cores, 56 logical processors, using up to 1 threads

Non-default parameters:
TimeLimit  5.1394774436950684e+02
Method  1
Seed  20260919
Threads  1

Optimize a model with 189 rows, 59899 columns and 1701753 nonzeros
Coefficient statistics:
  Matrix range     [1e+00, 1e+00]
  Objective range  [1e+05, 5e+05]
  Bounds range     [1e+00, 1e+00]
  RHS range        [1e+00, 8e+00]
LP warm-start: use basis

Iteration    Objective       Primal Inf.    Dual Inf.      Time
       0   -1.5000041e+37   2.190000e+32   1.500004e+07      0s
      11    1.3004044e+06   0.000000e+00   0.000000e+00      0s

Solved in 11 iterations and 0.09 seconds (0.03 work units)
Optimal objective  1.300404416e+06
Set parameter TimeLimit to value 5.1160990977287292e+02
Gurobi Optimizer version 12.0.3 build v12.0.3rc0 (linux64 - "Ubuntu 24.04.4 LTS")

CPU model: Intel(R) Xeon(R) Gold 6258R CPU @ 2.70GHz, instruction set [SSE2|AVX|AVX2|AVX512]
Thread count: 56 physical cores, 56 logical processors, using up to 1 threads

Non-default parameters:
TimeLimit  5.1160990977287292e+02
Method  1
Seed  20260919
Threads  1

Optimize a model with 189 rows, 59919 columns and 1702332 nonzeros
Coefficient statistics:
  Matrix range     [1e+00, 1e+00]
  Objective range  [1e+05, 5e+05]
  Bounds range     [1e+00, 1e+00]
  RHS range        [1e+00, 8e+00]
LP warm-start: use basis

Iteration    Objective       Primal Inf.    Dual Inf.      Time
       0   -6.9999848e+36   1.860000e+32   6.999985e+06      0s
       6    1.3004044e+06   0.000000e+00   0.000000e+00      0s

Solved in 6 iterations and 0.09 seconds (0.03 work units)
Optimal objective  1.300404416e+06
Set parameter TimeLimit to value 5.0787815022468567e+02
Gurobi Optimizer version 12.0.3 build v12.0.3rc0 (linux64 - "Ubuntu 24.04.4 LTS")

CPU model: Intel(R) Xeon(R) Gold 6258R CPU @ 2.70GHz, instruction set [SSE2|AVX|AVX2|AVX512]
Thread count: 56 physical cores, 56 logical processors, using up to 1 threads

Non-default parameters:
TimeLimit  5.0787815022468567e+02
Method  1
Seed  20260919
Threads  1

Optimize a model with 189 rows, 59928 columns and 1702595 nonzeros
Coefficient statistics:
  Matrix range     [1e+00, 1e+00]
  Objective range  [1e+05, 5e+05]
  Bounds range     [1e+00, 1e+00]
  RHS range        [1e+00, 8e+00]
LP warm-start: use basis

Iteration    Objective       Primal Inf.    Dual Inf.      Time
       0   -3.9999570e+36   1.230000e+32   3.999957e+06      0s
       4    1.3004044e+06   0.000000e+00   0.000000e+00      0s

Solved in 4 iterations and 0.09 seconds (0.03 work units)
Optimal objective  1.300404416e+06
Set parameter TimeLimit to value 5.0373092889785767e+02
Gurobi Optimizer version 12.0.3 build v12.0.3rc0 (linux64 - "Ubuntu 24.04.4 LTS")

CPU model: Intel(R) Xeon(R) Gold 6258R CPU @ 2.70GHz, instruction set [SSE2|AVX|AVX2|AVX512]
Thread count: 56 physical cores, 56 logical processors, using up to 1 threads

Non-default parameters:
TimeLimit  5.0373092889785767e+02
Method  1
Seed  20260919
Threads  1

Optimize a model with 189 rows, 59942 columns and 1702999 nonzeros
Coefficient statistics:
  Matrix range     [1e+00, 1e+00]
  Objective range  [1e+05, 5e+05]
  Bounds range     [1e+00, 1e+00]
  RHS range        [1e+00, 8e+00]
LP warm-start: use basis

Iteration    Objective       Primal Inf.    Dual Inf.      Time
       0   -5.7499617e+36   1.165000e+32   5.749962e+06      0s
       4    1.3004044e+06   0.000000e+00   0.000000e+00      0s

Solved in 4 iterations and 0.08 seconds (0.03 work units)
Optimal objective  1.300404416e+06
Set parameter TimeLimit to value 5.0022789192199707e+02
Gurobi Optimizer version 12.0.3 build v12.0.3rc0 (linux64 - "Ubuntu 24.04.4 LTS")

CPU model: Intel(R) Xeon(R) Gold 6258R CPU @ 2.70GHz, instruction set [SSE2|AVX|AVX2|AVX512]
Thread count: 56 physical cores, 56 logical processors, using up to 1 threads

Non-default parameters:
TimeLimit  5.0022789192199707e+02
Method  1
Seed  20260919
Threads  1

Optimize a model with 189 rows, 59953 columns and 1703319 nonzeros
Coefficient statistics:
  Matrix range     [1e+00, 1e+00]
  Objective range  [1e+05, 5e+05]
  Bounds range     [1e+00, 1e+00]
  RHS range        [1e+00, 8e+00]
LP warm-start: use basis

Iteration    Objective       Primal Inf.    Dual Inf.      Time
       0   -4.9999602e+36   8.300000e+31   4.999960e+06      0s
       9    1.3004044e+06   0.000000e+00   0.000000e+00      0s

Solved in 9 iterations and 0.08 seconds (0.03 work units)
Optimal objective  1.300404416e+06
Set parameter TimeLimit to value 4.9660020375251770e+02
Gurobi Optimizer version 12.0.3 build v12.0.3rc0 (linux64 - "Ubuntu 24.04.4 LTS")

CPU model: Intel(R) Xeon(R) Gold 6258R CPU @ 2.70GHz, instruction set [SSE2|AVX|AVX2|AVX512]
Thread count: 56 physical cores, 56 logical processors, using up to 1 threads

Non-default parameters:
TimeLimit  4.9660020375251770e+02
Method  1
Seed  20260919
Threads  1

Optimize a model with 189 rows, 59966 columns and 1703690 nonzeros
Coefficient statistics:
  Matrix range     [1e+00, 1e+00]
  Objective range  [1e+05, 5e+05]
  Bounds range     [1e+00, 1e+00]
  RHS range        [1e+00, 8e+00]
LP warm-start: use basis

Iteration    Objective       Primal Inf.    Dual Inf.      Time
       0   -4.4999316e+36   9.900000e+31   4.499932e+06      0s
       4    1.3004044e+06   0.000000e+00   0.000000e+00      0s

Solved in 4 iterations and 0.08 seconds (0.02 work units)
Optimal objective  1.300404416e+06
Set parameter TimeLimit to value 4.9271981978416443e+02
Gurobi Optimizer version 12.0.3 build v12.0.3rc0 (linux64 - "Ubuntu 24.04.4 LTS")

CPU model: Intel(R) Xeon(R) Gold 6258R CPU @ 2.70GHz, instruction set [SSE2|AVX|AVX2|AVX512]
Thread count: 56 physical cores, 56 logical processors, using up to 1 threads

Non-default parameters:
TimeLimit  4.9271981978416443e+02
Method  1
Seed  20260919
Threads  1

Optimize a model with 189 rows, 59976 columns and 1703992 nonzeros
Coefficient statistics:
  Matrix range     [1e+00, 1e+00]
  Objective range  [1e+05, 5e+05]
  Bounds range     [1e+00, 1e+00]
  RHS range        [1e+00, 8e+00]
LP warm-start: use basis

Iteration    Objective       Primal Inf.    Dual Inf.      Time
       0   -3.9998987e+36   6.200000e+31   3.999899e+06      0s
       8    1.3003972e+06   0.000000e+00   0.000000e+00      0s

Solved in 8 iterations and 0.09 seconds (0.03 work units)
Optimal objective  1.300397224e+06
Set parameter TimeLimit to value 4.8954104852676392e+02
Gurobi Optimizer version 12.0.3 build v12.0.3rc0 (linux64 - "Ubuntu 24.04.4 LTS")

CPU model: Intel(R) Xeon(R) Gold 6258R CPU @ 2.70GHz, instruction set [SSE2|AVX|AVX2|AVX512]
Thread count: 56 physical cores, 56 logical processors, using up to 1 threads

Non-default parameters:
TimeLimit  4.8954104852676392e+02
Method  1
Seed  20260919
Threads  1

Optimize a model with 189 rows, 59984 columns and 1704243 nonzeros
Coefficient statistics:
  Matrix range     [1e+00, 1e+00]
  Objective range  [1e+05, 5e+05]
  Bounds range     [1e+00, 1e+00]
  RHS range        [1e+00, 8e+00]
LP warm-start: use basis

Iteration    Objective       Primal Inf.    Dual Inf.      Time
       0   -3.9998835e+36   2.900000e+31   3.999883e+06      0s
       9    1.3003915e+06   0.000000e+00   0.000000e+00      0s

Solved in 9 iterations and 0.09 seconds (0.03 work units)
Optimal objective  1.300391480e+06
Set parameter TimeLimit to value 4.8623023653030396e+02
Gurobi Optimizer version 12.0.3 build v12.0.3rc0 (linux64 - "Ubuntu 24.04.4 LTS")

CPU model: Intel(R) Xeon(R) Gold 6258R CPU @ 2.70GHz, instruction set [SSE2|AVX|AVX2|AVX512]
Thread count: 56 physical cores, 56 logical processors, using up to 1 threads

Non-default parameters:
TimeLimit  4.8623023653030396e+02
Method  1
Seed  20260919
Threads  1

Optimize a model with 189 rows, 59993 columns and 1704518 nonzeros
Coefficient statistics:
  Matrix range     [1e+00, 1e+00]
  Objective range  [1e+05, 5e+05]
  Bounds range     [1e+00, 1e+00]
  RHS range        [1e+00, 8e+00]
LP warm-start: use basis

Iteration    Objective       Primal Inf.    Dual Inf.      Time
       0   -4.4997829e+36   3.900000e+31   4.499783e+06      0s
       6    1.3003915e+06   0.000000e+00   0.000000e+00      0s

Solved in 6 iterations and 0.09 seconds (0.03 work units)
Optimal objective  1.300391480e+06
Set parameter TimeLimit to value 4.8276180386543274e+02
Gurobi Optimizer version 12.0.3 build v12.0.3rc0 (linux64 - "Ubuntu 24.04.4 LTS")

CPU model: Intel(R) Xeon(R) Gold 6258R CPU @ 2.70GHz, instruction set [SSE2|AVX|AVX2|AVX512]
Thread count: 56 physical cores, 56 logical processors, using up to 1 threads

Non-default parameters:
TimeLimit  4.8276180386543274e+02
Method  1
Seed  20260919
Threads  1

Optimize a model with 189 rows, 60001 columns and 1704761 nonzeros
Coefficient statistics:
  Matrix range     [1e+00, 1e+00]
  Objective range  [1e+05, 5e+05]
  Bounds range     [1e+00, 1e+00]
  RHS range        [1e+00, 8e+00]
LP warm-start: use basis

Iteration    Objective       Primal Inf.    Dual Inf.      Time
       0   -3.9998047e+36   3.500000e+31   3.999805e+06      0s
       3    1.3003915e+06   0.000000e+00   0.000000e+00      0s

Solved in 3 iterations and 0.08 seconds (0.02 work units)
Optimal objective  1.300391480e+06
Set parameter TimeLimit to value 4.7897830986976624e+02
Gurobi Optimizer version 12.0.3 build v12.0.3rc0 (linux64 - "Ubuntu 24.04.4 LTS")

CPU model: Intel(R) Xeon(R) Gold 6258R CPU @ 2.70GHz, instruction set [SSE2|AVX|AVX2|AVX512]
Thread count: 56 physical cores, 56 logical processors, using up to 1 threads

Non-default parameters:
TimeLimit  4.7897830986976624e+02
Method  1
Seed  20260919
Threads  1

Optimize a model with 189 rows, 60011 columns and 1705074 nonzeros
Coefficient statistics:
  Matrix range     [1e+00, 1e+00]
  Objective range  [1e+05, 5e+05]
  Bounds range     [1e+00, 1e+00]
  RHS range        [1e+00, 8e+00]
LP warm-start: use basis

Iteration    Objective       Primal Inf.    Dual Inf.      Time
       0   -4.9997924e+36   3.500000e+31   4.999792e+06      0s
       3    8.0041859e+05   0.000000e+00   0.000000e+00      0s

Solved in 3 iterations and 0.08 seconds (0.03 work units)
Optimal objective  8.004185920e+05
Set parameter TimeLimit to value 4.7510994935035706e+02
Gurobi Optimizer version 12.0.3 build v12.0.3rc0 (linux64 - "Ubuntu 24.04.4 LTS")

CPU model: Intel(R) Xeon(R) Gold 6258R CPU @ 2.70GHz, instruction set [SSE2|AVX|AVX2|AVX512]
Thread count: 56 physical cores, 56 logical processors, using up to 1 threads

Non-default parameters:
TimeLimit  4.7510994935035706e+02
Method  1
Seed  20260919
Threads  1

Optimize a model with 189 rows, 60011 columns and 1705074 nonzeros
Coefficient statistics:
  Matrix range     [1e+00, 1e+00]
  Objective range  [1e+05, 5e+05]
  Bounds range     [1e+00, 1e+00]
  RHS range        [1e+00, 8e+00]
LP warm-start: use basis

Iteration    Objective       Primal Inf.    Dual Inf.      Time
       0    8.0039772e+05   0.000000e+00   0.000000e+00      0s

Solved in 0 iterations and 0.07 seconds (0.02 work units)
Optimal objective  8.003977200e+05
[DIVE] stop=integer_solution nodes=15 new_columns=20169 integer=yes wall=1870.1s
