elapsed_s,iteration,lp_obj,route_weight,artificials,min_rc,pool_columns
10.69,1,65400000.000000,654.000000000,0.000000,-6499909.112000,654
11.39,2,58900090.888000,589.000000000,0.000000,-5699912.504000,684
12.11,3,56050134.636000,560.500000000,0.000000,-5899900.064000,714
12.86,4,55300153.048000,553.000000000,0.000000,-6299910.064000,744
13.60,5,53200185.348000,532.000000000,0.000000,-4999868.696000,774
14.37,6,51700232.568000,517.000000000,0.000000,-4999880.064000,804
15.10,7,51136613.676000,511.363636364,0.000000,-5472621.756000,834
15.86,8,50852257.852160,508.520000000,0.000000,-5495876.239680,864
16.65,9,50381220.718857,503.809523810,0.000000,-4998297.655238,894
17.62,10,50143138.448000,501.428571429,0.000000,-5699889.648000,924
18.42,11,49760813.837053,497.605263158,0.000000,-5999889.112000,954
19.21,12,49371563.327310,493.712643678,0.000000,-5633223.120000,984
20.03,13,49182118.373818,491.818181818,0.000000,-5349886.136000,1014
20.87,14,48972112.462128,489.718085106,0.000000,-5199875.600000,1044
21.74,15,48934305.346880,489.340000000,0.000000,-5649907.564000,1074
22.59,16,48832358.703552,488.320512821,0.000000,-5394771.828804,1104
23.43,17,48716033.906082,487.157270408,0.000000,-4911147.458939,1134
24.32,18,48712212.022339,487.119039146,0.000000,-5611761.399469,1164
25.18,19,48616716.957683,486.164043210,0.000000,-5503510.869032,1194
26.06,20,48462194.139750,484.618750000,0.000000,-5682003.169062,1224
26.96,21,48358592.609930,483.582689245,0.000000,-5543463.887375,1254
27.85,22,48268189.315315,482.678622159,0.000000,-5312394.511038,1284
28.75,23,48056912.078181,480.565763170,0.000000,-5616319.483075,1314
29.68,24,47985105.337788,479.847686553,0.000000,-5178141.533358,1344
30.57,25,47927194.165949,479.268543769,0.000000,-5268789.866741,1374
31.47,26,47833762.297856,478.334191828,0.000000,-5097592.409961,1404
32.59,27,47749210.718657,477.488641564,0.000000,-5403368.560118,1434
33.51,28,47678357.732836,476.780082287,0.000000,-4973627.273998,1464
34.41,29,47632251.996227,476.319018726,0.000000,-5001429.690381,1494
35.31,30,47587730.500684,475.873793244,0.000000,-4939125.018160,1524
36.23,31,47528417.264741,475.280635709,0.000000,-4793575.466284,1554
37.16,32,47498892.561996,474.985364315,0.000000,-4888252.885960,1584
38.13,33,47416461.122400,474.161021744,0.000000,-4741465.486890,1614
39.08,34,47347734.878840,473.473721580,0.000000,-5074333.674820,1644
40.06,35,47238243.000949,472.378765525,0.000000,-4928630.129249,1674
41.05,36,47218450.325374,472.180828652,0.000000,-4966308.471843,1704
42.03,37,47110836.410815,471.104635576,0.000000,-4796730.664893,1734
42.99,38,47000351.103430,469.999750848,0.000000,-4632003.170077,1764
43.95,39,46948295.235054,469.479178624,0.000000,-4733762.870665,1794
44.94,40,46877665.886920,468.772854353,0.000000,-4774091.909402,1824
45.90,41,46783961.938902,467.835768968,0.000000,-4729522.430806,1854
46.90,42,46700947.739973,467.005603164,0.000000,-4629174.255773,1884
47.90,43,46597464.923325,465.970741648,0.000000,-4828207.053771,1914
48.90,44,46498704.221221,464.983088582,0.000000,-4801470.267230,1944
50.19,45,46357450.521396,463.570492588,0.000000,-4734794.645904,1974
51.24,46,46137633.660783,461.372204894,0.000000,-4911024.505246,2004
52.25,47,46023020.341292,460.226028345,0.000000,-4396419.828020,2034
53.32,48,45924071.762305,459.236495752,0.000000,-4615707.107077,2064
54.46,49,45799051.949976,457.986243511,0.000000,-4639755.821943,2094
55.50,50,45707920.492209,457.074916421,0.000000,-4552291.283736,2124
56.53,51,45615594.475896,456.151617198,0.000000,-4549925.734759,2154
57.61,52,45485351.781027,454.849166832,0.000000,-4298074.100205,2184
58.68,53,45414031.532348,454.135911262,0.000000,-4589563.190462,2214
59.80,54,45310675.367199,453.102337918,0.000000,-4606422.516883,2244
60.90,55,45160774.946119,451.603274587,0.000000,-4471062.830060,2274
61.99,56,44987730.037831,449.872759626,0.000000,-4456623.008247,2304
63.06,57,44794966.289018,447.945040896,0.000000,-4641368.284750,2334
64.17,58,44703668.575126,447.032030388,0.000000,-4504544.735067,2364
65.28,59,44536237.532120,445.357680156,0.000000,-4504371.927927,2394
66.42,60,44458082.059955,444.576111416,0.000000,-4650448.184996,2424
67.55,61,44404718.438069,444.042462182,0.000000,-4624283.686055,2454
68.66,62,44265315.910910,442.648386075,0.000000,-4663793.839009,2484
69.80,63,44186445.282941,441.859645339,0.000000,-4638102.218813,2514
71.10,64,44075830.661123,440.753463968,0.000000,-4562506.379614,2544
72.29,65,44016808.060058,440.163220291,0.000000,-4508879.883161,2574
73.49,66,43956773.473064,439.562856870,0.000000,-4219056.516659,2604
74.61,67,43913262.895884,439.127741147,0.000000,-4348478.964130,2634
75.78,68,43792930.450832,437.924385920,0.000000,-4574035.716642,2664
76.97,69,43658963.670426,436.584669715,0.000000,-4512314.927844,2694
78.13,70,43595799.992815,435.953012226,0.000000,-4770961.306749,2724
79.32,71,43558942.347024,435.584425157,0.000000,-4293665.591523,2754
80.51,72,43503718.008162,435.032156613,0.000000,-4377573.077339,2784
81.82,73,43437059.429067,434.365546950,0.000000,-4365710.871195,2814
83.08,74,43374344.132964,433.738378451,0.000000,-4530051.062980,2844
84.30,75,43306242.645322,433.057346052,0.000000,-4416575.233699,2874
85.50,76,43222270.065979,432.217618163,0.000000,-4368730.859943,2904
86.82,77,43140695.269820,431.401829552,0.000000,-4435502.807779,2934
88.07,78,43019863.581437,430.193463551,0.000000,-4606634.765191,2964
89.38,79,42931487.033421,429.309675080,0.000000,-4510733.771502,2994
90.65,80,42834884.135332,428.343601938,0.000000,-4482641.048577,3024
91.87,81,42799394.290389,427.988687577,0.000000,-4327742.098425,3054
93.12,82,42680607.485602,426.800748333,0.000000,-4453691.282260,3084
94.30,83,42624396.197902,426.238610650,0.000000,-4339193.321985,3114
95.77,84,42549051.378584,425.485121528,0.000000,-4405207.023415,3144
97.03,85,42489038.723869,424.884962951,0.000000,-4479590.566090,3174
98.47,86,42442372.135632,424.418280042,0.000000,-4299584.516839,3204
99.71,87,42392986.842143,423.924404740,0.000000,-4277589.937562,3234
100.99,88,42324438.711711,423.238895146,0.000000,-4033416.077222,3264
102.31,89,42253018.086360,422.524666176,0.000000,-4292874.130931,3294
103.61,90,42157078.664031,421.565246785,0.000000,-4391150.045236,3324
105.05,91,42112573.890715,421.120185673,0.000000,-4255464.604088,3354
106.38,92,42079858.236392,420.793014592,0.000000,-4310457.893445,3384
107.66,93,42012611.130490,420.120539951,0.000000,-4234508.230866,3414
109.19,94,41923316.594257,419.227569232,0.000000,-4107767.729895,3444
110.64,95,41871995.634061,418.714351985,0.000000,-4224308.747078,3474
112.04,96,41783950.595972,417.833879023,0.000000,-4171229.339214,3504
113.45,97,41654798.968972,416.542294493,0.000000,-4517721.775796,3534
114.86,98,41562515.149888,415.619408880,0.000000,-4296108.366617,3564
116.22,99,41458637.133626,414.580591453,0.000000,-4364365.449512,3594
117.74,100,41347155.456883,413.465738699,0.000000,-4325511.423662,3624
119.12,101,41288775.050285,412.881902044,0.000000,-4329500.486293,3654
120.52,102,41233279.864153,412.326928534,0.000000,-4081648.307045,3684
122.05,103,41169785.035646,411.691980860,0.000000,-4092225.427098,3714
123.67,104,41137166.952425,411.365795750,0.000000,-4039958.483670,3744
125.34,105,41056979.283288,410.563882106,0.000000,-4062721.426036,3772
127.14,106,40922365.838679,409.217682814,0.000000,-4230812.581287,3802
128.64,107,40849879.191467,408.492795182,0.000000,-4165432.774312,3832
130.21,108,40757955.377372,407.573533732,0.000000,-4058787.769030,3862
131.68,109,40623022.893885,406.224145399,0.000000,-4135126.335990,3892
133.15,110,40519708.932200,405.190963616,0.000000,-4122085.909089,3922
134.58,111,40411724.697251,404.111093987,0.000000,-4054097.630825,3952
135.98,112,40299617.670818,402.989985367,0.000000,-4078918.068308,3982
137.56,113,40193560.920980,401.929384439,0.000000,-4329232.117140,4012
139.05,114,40034352.880877,400.337257432,0.000000,-4065129.295442,4042
140.61,115,39940252.315572,399.396244163,0.000000,-4266470.922843,4072
142.18,116,39877436.567143,398.768062222,0.000000,-4403495.775607,4102
143.65,117,39811684.628745,398.110515997,0.000000,-4091208.976571,4132
145.17,118,39741919.213701,397.412844302,0.000000,-4229571.364315,4162
146.94,119,39699854.566746,396.992191757,0.000000,-4368042.058670,4192
148.72,120,39627614.159567,396.269762808,0.000000,-4108749.889912,4222
150.46,121,39551979.769008,395.513392777,0.000000,-4084689.227585,4252
152.11,122,39463842.781596,394.631964192,0.000000,-4140530.053025,4282
153.68,123,39409216.273026,394.085683845,0.000000,-4133303.537189,4312
155.64,124,39336082.986196,393.354335014,0.000000,-4083293.853211,4342
157.30,125,39255662.859145,392.550118108,0.000000,-4209823.441104,4372
158.95,126,39225877.510979,392.252253386,0.000000,-4014059.300442,4402
160.52,127,39180415.407744,391.797603090,0.000000,-3970965.772798,4432
162.33,128,39085261.369806,390.846053706,0.000000,-4083867.462884,4462
164.23,129,39022266.791274,390.216089030,0.000000,-4143237.074073,4492
166.25,130,38936320.956780,389.356596720,0.000000,-4093482.509785,4522
167.97,131,38898319.819638,388.976569228,0.000000,-3942269.886910,4552
169.84,132,38838821.007433,388.381555999,0.000000,-4135495.189519,4582
171.72,133,38729980.970564,387.293124572,0.000000,-3883466.338130,4612
173.58,134,38650422.776076,386.497520652,0.000000,-3961973.157183,4642
175.35,135,38527721.920517,385.270483870,0.000000,-3948268.134852,4672
177.26,136,38457453.921795,384.567791440,0.000000,-4046159.502329,4702
179.15,137,38398893.779800,383.982150675,0.000000,-4256729.112172,4732
181.13,138,38316138.268828,383.154571327,0.000000,-4040201.900790,4762
182.92,139,38248920.337739,382.482375502,0.000000,-3833063.443094,4792
184.96,140,38167504.850909,381.668173089,0.000000,-3996182.810650,4822
186.75,141,38103732.589554,381.030435237,0.000000,-3863999.671396,4852
188.65,142,38058403.238248,380.577135445,0.000000,-3768369.404983,4882
190.48,143,37996767.781032,379.960762937,0.000000,-4000215.998951,4912
192.57,144,37941754.014326,379.410607975,0.000000,-3993664.209099,4942
194.57,145,37876719.431550,378.760241269,0.000000,-4035280.376105,4972
196.71,146,37848708.308519,378.480112865,0.000000,-3857956.451385,5002
198.47,147,37820362.120856,378.196631265,0.000000,-3791616.932763,5032
200.54,148,37776953.550049,377.762527308,0.000000,-3815198.055435,5062
202.81,149,37739496.555988,377.387958291,0.000000,-3663315.855592,5092
204.83,150,37678522.112111,376.778187837,0.000000,-3751732.826550,5122
206.98,151,37648932.897986,376.482283880,0.000000,-3713158.458479,5151
209.02,152,37618416.998688,376.177119447,0.000000,-3862105.255871,5181
211.34,153,37546154.206417,375.454462425,0.000000,-3955104.134498,5211
213.36,154,37494247.678318,374.935377159,0.000000,-3898023.457397,5241
215.77,155,37448158.581449,374.474474392,0.000000,-3814649.759646,5271
218.01,156,37381571.607061,373.808576542,0.000000,-4168584.497461,5294
220.08,157,37341579.041220,373.408633101,0.000000,-3849717.533713,5324
222.36,158,37272521.881143,372.718024629,0.000000,-3849805.310742,5354
224.52,159,37189982.860380,371.892600828,0.000000,-3974545.644016,5384
226.80,160,37118465.887747,371.177405340,0.000000,-3902142.812062,5414
229.28,161,37029082.083355,370.283550481,0.000000,-3760061.241722,5444
231.41,162,36915354.939729,369.146221696,0.000000,-3842421.239599,5474
233.71,163,36865173.837650,368.644388574,0.000000,-3828117.071726,5504
236.13,164,36831024.062037,368.302872092,0.000000,-3791772.813395,5534
238.38,165,36779628.710092,367.788888290,0.000000,-3936733.130837,5564
240.76,166,36739527.820252,367.387858461,0.000000,-3829436.559242,5594
243.01,167,36700011.438201,366.992683753,0.000000,-3803255.168141,5624
245.07,168,36656075.119950,366.553301040,0.000000,-3891380.647881,5654
247.10,169,36614964.115888,366.142180406,0.000000,-3958801.912059,5684
249.45,170,36596360.220691,365.956142204,0.000000,-3743235.902638,5714
251.92,171,36554268.298937,365.535214399,0.000000,-3759243.992841,5744
254.05,172,36500899.967377,365.001499346,0.000000,-3940839.205612,5774
256.29,173,36449086.906589,364.483364957,0.000000,-3585090.680834,5804
258.50,174,36399173.315707,363.984195181,0.000000,-3740911.820396,5834
261.18,175,36338769.500700,363.380113115,0.000000,-3927572.400072,5864
263.58,176,36263958.277856,362.631969377,0.000000,-3683557.457360,5894
265.86,177,36154429.869251,361.536637158,0.000000,-3983624.958645,5924
268.15,178,36090656.703658,360.898885258,0.000000,-3782807.014229,5954
270.95,179,35991831.341068,359.910592035,0.000000,-3781945.980657,5984
273.33,180,35912818.179634,359.120422644,0.000000,-3911713.795960,6014
276.11,181,35846677.726575,358.459028733,0.000000,-3837067.498624,6044
278.59,182,35799790.925653,357.990121958,0.000000,-3635890.668186,6074
281.06,183,35753177.495481,357.523971509,0.000000,-3730883.385905,6104
283.34,184,35689288.417451,356.885054465,0.000000,-3882978.509027,6134
285.96,185,35602722.086065,356.019366492,0.000000,-3635996.345087,6164
288.36,186,35542488.628679,355.417013566,0.000000,-3697988.952716,6194
290.88,187,35441760.915055,354.409706940,0.000000,-3746442.188491,6224
293.11,188,35359774.909308,353.589817745,0.000000,-3773189.471384,6254
295.65,189,35288043.375116,352.872479581,0.000000,-3868014.367802,6284
298.44,190,35226063.787777,352.252640012,0.000000,-3835594.047607,6314
301.69,191,35131546.146314,351.307438408,0.000000,-3744727.044559,6344
304.07,192,35047300.125788,350.464938874,0.000000,-3710754.044724,6374
306.74,193,34992610.396088,349.918034690,0.000000,-3865813.823161,6404
309.35,194,34951730.836988,349.509203248,0.000000,-3823193.170345,6434
312.33,195,34911207.716003,349.103953385,0.000000,-3883056.527952,6464
315.43,196,34880666.455668,348.798522699,0.000000,-3695816.981689,6494
318.63,197,34856725.082545,348.559089780,0.000000,-3927990.050569,6524
321.06,198,34818167.817418,348.173520764,0.000000,-3703160.317379,6554
323.74,199,34772555.094403,347.717369168,0.000000,-3649189.991701,6583
326.43,200,34696059.591218,346.952379768,0.000000,-3829230.804519,6613
328.78,201,34607794.705400,346.069714989,0.000000,-3782204.675418,6643
331.68,202,34560078.004006,345.592552330,0.000000,-3676142.360934,6673
334.53,203,34515001.530012,345.141767049,0.000000,-3719631.552697,6703
337.36,204,34471123.649390,344.702992734,0.000000,-3757057.817915,6733
340.12,205,34435305.586853,344.344794646,0.000000,-3860323.726196,6763
342.91,206,34384672.792387,343.838440412,0.000000,-3638545.893438,6789
346.03,207,34343776.265854,343.429452851,0.000000,-3841274.360030,6819
348.82,208,34295679.044366,342.948451527,0.000000,-3682357.948739,6849
351.66,209,34256256.782472,342.554223208,0.000000,-3595631.560535,6879
354.66,210,34184977.486162,341.841385164,0.000000,-3705094.602097,6909
357.67,211,34144176.179541,341.433364559,0.000000,-3728256.652088,6939
360.38,212,34105098.570229,341.042574258,0.000000,-3809593.474172,6969
362.96,213,34069794.913583,340.689507262,0.000000,-3577503.580231,6998
365.61,214,34010083.546007,340.092366349,0.000000,-3539911.320131,7028
368.32,215,33908288.065102,339.074358233,0.000000,-3858768.865600,7058
371.23,216,33830782.779738,338.299276411,0.000000,-3754971.339841,7086
374.33,217,33788028.391204,337.871721176,0.000000,-3627393.173394,7116
377.48,218,33732409.437115,337.315479804,0.000000,-4110917.299736,7146
380.61,219,33676358.269334,336.754948548,0.000000,-3793475.804559,7176
383.55,220,33629551.612904,336.286867123,0.000000,-3696535.569385,7206
386.68,221,33574601.782762,335.737370603,0.000000,-3593585.278872,7236
389.71,222,33537080.313649,335.362112315,0.000000,-3554698.086176,7266
392.65,223,33462253.776134,334.613815862,0.000000,-3670658.077991,7296
395.79,224,33406647.418488,334.057722950,0.000000,-3708776.859144,7326
399.18,225,33313229.349928,333.123539061,0.000000,-3715367.986181,7356
402.21,226,33251942.595326,332.510628658,0.000000,-3733835.802682,7386
405.25,227,33198966.685568,331.980813221,0.000000,-3626159.622050,7416
408.89,228,33162658.159800,331.617713274,0.000000,-3604459.563205,7446
412.12,229,33107990.803828,331.071026954,0.000000,-3633369.260322,7476
415.14,230,33025541.266826,330.246515573,0.000000,-3550238.400122,7506
418.74,231,32971186.495791,329.702943015,0.000000,-3545936.101852,7536
422.63,232,32911065.972714,329.101725119,0.000000,-3742661.957904,7566
425.74,233,32855496.436216,328.546020879,0.000000,-3474713.530792,7596
428.87,234,32809621.265879,328.087262826,0.000000,-3631029.492982,7626
432.40,235,32777939.253719,327.770440394,0.000000,-3447853.065397,7656
435.77,236,32762256.536581,327.613607649,0.000000,-3580343.565323,7686
439.98,237,32732690.836643,327.317931273,0.000000,-3355469.547717,7716
443.75,238,32686379.457360,326.854801377,0.000000,-3325125.849131,7746
447.37,239,32654900.733452,326.539999762,0.000000,-3497936.218312,7776
450.96,240,32574893.440463,325.739869558,0.000000,-3612427.422798,7806
454.93,241,32535100.401956,325.341930109,0.000000,-3604634.586670,7836
459.27,242,32482003.144111,324.810936880,0.000000,-3494495.594270,7866
462.78,243,32455422.473981,324.545131627,0.000000,-3451231.378069,7896
466.43,244,32402009.737897,324.010985631,0.000000,-3717019.741094,7926
470.00,245,32349357.679911,323.484405884,0.000000,-3530478.067981,7956
473.94,246,32297209.926436,322.962900748,0.000000,-3572844.465929,7986
477.57,247,32223096.320650,322.221779753,0.000000,-3554778.337243,8016
481.39,248,32191527.357236,321.906085624,0.000000,-3564635.702568,8046
485.90,249,32160850.960461,321.599304492,0.000000,-3483161.107213,8076
489.43,250,32129645.348888,321.287234593,0.000000,-3497759.748198,8106
493.54,251,32098567.774068,320.976442964,0.000000,-3448888.513688,8136
497.58,252,32069134.136017,320.682098945,0.000000,-3452272.472946,8166
501.68,253,32008048.203968,320.071221935,0.000000,-3519297.241686,8196
505.65,254,31969649.176282,319.687199495,0.000000,-3544842.273317,8226
509.39,255,31902822.882878,319.018908366,0.000000,-3685551.951180,8256
514.03,256,31852521.490775,318.515868733,0.000000,-3636007.501449,8286
518.69,257,31806368.544171,318.054314739,0.000000,-3450711.759399,8316
522.54,258,31744444.671777,317.435056073,0.000000,-3483815.650846,8346
526.80,259,31674075.164661,316.731347297,0.000000,-3492957.300208,8376
530.32,260,31630872.375639,316.299295480,0.000000,-3588821.643327,8406
535.89,261,31582382.642945,315.814371544,0.000000,-3434808.488705,8436
540.90,262,31528817.293878,315.278687102,0.000000,-3693483.952126,8466
544.51,263,31479720.184602,314.787680851,0.000000,-3441867.708627,8496
548.58,264,31449454.696187,314.485029855,0.000000,-3589036.567854,8525
552.64,265,31414061.037790,314.131072937,0.000000,-3496749.389544,8555
557.57,266,31365049.542619,313.640937727,0.000000,-3309484.598974,8585
562.51,267,31293897.406659,312.929382622,0.000000,-3792996.050667,8615
567.20,268,31266639.297724,312.656759633,0.000000,-3680154.187674,8645
571.50,269,31227702.865343,312.267370928,0.000000,-3556296.438140,8675
576.26,270,31173556.133255,311.725866715,0.000000,-3496544.269209,8705
581.42,271,31136281.244869,311.353109614,0.000000,-3361969.744550,8735
586.06,272,31096172.917124,310.952034706,0.000000,-3551285.868800,8765
591.28,273,31051970.271285,310.509991855,0.000000,-3646448.807618,8795
595.57,274,31001660.103481,310.006871329,0.000000,-3645819.955331,8825
600.56,275,30966840.032925,309.658655644,0.000000,-3480907.793548,8855
604.44,276,30933156.453409,309.321786630,0.000000,-3416315.307091,8885
609.18,277,30892257.259709,308.912772482,0.000000,-3539240.841464,8915
613.46,278,30853602.213255,308.526191647,0.000000,-3417917.205765,8945
619.48,279,30807689.107538,308.067048619,0.000000,-3523261.232641,8975
624.63,280,30778645.106330,307.776604616,0.000000,-3671384.311946,9005
629.33,281,30747507.825399,307.465215527,0.000000,-3675850.855799,9035
633.75,282,30719215.920117,307.182279434,0.000000,-3687132.472849,9065
639.13,283,30688878.739258,306.878880097,0.000000,-3471938.521083,9095
644.83,284,30647703.869415,306.467080993,0.000000,-3523569.930419,9125
649.81,285,30605084.125422,306.040899323,0.000000,-3332878.678322,9155
654.66,286,30550169.665966,305.491713972,0.000000,-3385954.710694,9185
659.89,287,30489202.381944,304.882005912,0.000000,-3641089.447867,9215
665.14,288,30434767.381700,304.337593274,0.000000,-3331087.367906,9245
669.82,289,30369197.466631,303.681876771,0.000000,-3487087.650007,9275
675.60,290,30318682.554380,303.176701462,0.000000,-3593970.187081,9304
679.87,291,30277228.936141,302.762141408,0.000000,-3601654.250728,9334
685.76,292,30244140.014322,302.431219747,0.000000,-3334787.801267,9364
690.42,293,30192208.951584,301.911898369,0.000000,-3620692.825434,9394
694.93,294,30160335.096862,301.593125887,0.000000,-3591764.449953,9424
700.28,295,30128161.609813,301.271345759,0.000000,-3548848.619893,9454
705.11,296,30095672.190965,300.946502146,0.000000,-3547068.119419,9484
710.45,297,30066176.692100,300.651528472,0.000000,-3467456.210434,9514
716.42,298,30033566.036504,300.325419803,0.000000,-3377321.752985,9544
721.66,299,30018125.834296,300.171004218,0.000000,-3601748.783924,9574
728.20,300,29994933.342066,299.939066994,0.000000,-3414659.692775,9604
734.23,301,29967629.739014,299.666012738,0.000000,-3556325.695887,9634
740.31,302,29943420.679440,299.423902767,0.000000,-3372352.931802,9664
746.03,303,29913433.785608,299.124009428,0.000000,-3418834.588973,9694
751.09,304,29874842.595443,298.738039545,0.000000,-3426688.406472,9724
756.10,305,29856498.511170,298.554604869,0.000000,-3469575.521958,9754
762.17,306,29832206.392866,298.311682275,0.000000,-3482685.106526,9784
766.99,307,29810590.812216,298.095501412,0.000000,-3262984.026909,9814
773.48,308,29783578.369543,297.825342752,0.000000,-3619155.921916,9844
779.93,309,29759284.708263,297.582410524,0.000000,-3588838.221329,9874
785.65,310,29725048.828561,297.240083587,0.000000,-3378684.694578,9904
791.47,311,29692981.743152,296.919390752,0.000000,-3479791.538143,9934
796.94,312,29664384.770253,296.633403379,0.000000,-3418769.847077,9964
804.28,313,29611859.819519,296.108145325,0.000000,-3405343.112467,9994
809.64,314,29539538.061876,295.384866393,0.000000,-3337806.011664,10024
815.71,315,29502312.751708,295.012605877,0.000000,-3357141.194438,10054
821.28,316,29467791.053207,294.667385870,0.000000,-3293515.765462,10084
827.12,317,29438924.792497,294.378701977,0.000000,-3400160.475460,10114
831.89,318,29395901.005664,293.948426494,0.000000,-3391792.688699,10144
836.84,319,29333442.379570,293.323816785,0.000000,-3442485.818074,10174
842.23,320,29299842.606085,292.987809319,0.000000,-3418216.443407,10204
848.18,321,29268797.770232,292.677341633,0.000000,-3203548.125938,10234
853.92,322,29231360.236619,292.302956299,0.000000,-3436633.815539,10264
859.90,323,29209701.600214,292.086360118,0.000000,-3290391.061448,10294
866.37,324,29185680.162148,291.846113658,0.000000,-3404164.652257,10324
871.94,325,29157591.313914,291.565131111,0.000000,-3358504.584068,10354
878.03,326,29132859.191686,291.317796883,0.000000,-3346475.396911,10384
885.11,327,29098967.132513,290.978884810,0.000000,-3221599.814895,10414
891.04,328,29077974.896347,290.768977907,0.000000,-3142347.471979,10444
896.49,329,29052069.874744,290.509868129,0.000000,-3219582.423275,10474
906.91,330,29032940.785618,290.318569761,0.000000,-3408820.461552,10504
912.66,331,29005919.266121,290.048325446,0.000000,-3359011.766450,10534
919.55,332,28951890.301534,289.508001631,0.000000,-3383059.367275,10564
926.19,333,28917866.295798,289.167753119,0.000000,-3294012.538804,10594
932.68,334,28873024.644862,288.719308999,0.000000,-3414503.783668,10624
938.60,335,28838928.243032,288.378334615,0.000000,-3423935.398417,10654
944.51,336,28804373.575999,288.032781081,0.000000,-3443014.484759,10684
950.54,337,28782844.911992,287.817486978,0.000000,-3435937.850456,10714
955.44,338,28747669.775276,287.465741068,0.000000,-3301728.484876,10744
962.39,339,28723844.643021,287.227504536,0.000000,-3257063.332137,10774
967.90,340,28708695.259180,287.075993508,0.000000,-3246500.165834,10804
974.37,341,28691649.531712,286.905523309,0.000000,-3246944.845350,10834
980.70,342,28676832.196791,286.757353636,0.000000,-3298042.401776,10864
986.35,343,28658864.522550,286.577666746,0.000000,-3538088.219075,10894
993.52,344,28640228.288879,286.391294547,0.000000,-3394708.082941,10924
1000.36,345,28627743.801126,286.266443083,0.000000,-3386201.740123,10954
1006.79,346,28605624.388911,286.045240251,0.000000,-3268469.001043,10984
1013.10,347,28595948.314942,285.948484242,0.000000,-3414332.532744,11014
1019.95,348,28584265.737587,285.831649342,0.000000,-3420082.808097,11044
1025.89,349,28572578.093030,285.714781919,0.000000,-3031933.303460,11074
1032.13,350,28550856.759979,285.497564211,0.000000,-3229566.344862,11104
1039.12,351,28527162.029525,285.260607447,0.000000,-3325133.327912,11134
1045.19,352,28505708.922362,285.046071566,0.000000,-3235320.551979,11164
1052.11,353,28467043.188883,284.659414279,0.000000,-3390173.704619,11194
1059.15,354,28432678.101423,284.315740634,0.000000,-3312685.391585,11224
1065.80,355,28390488.887039,283.893826275,0.000000,-3308286.316531,11254
1072.26,356,28364669.223735,283.635623709,0.000000,-3313654.428195,11284
1079.69,357,28332800.435893,283.316913377,0.000000,-3317357.987381,11314
1086.29,358,28313926.242439,283.128175757,0.000000,-3181733.682706,11344
1092.80,359,28283760.059341,282.826485536,0.000000,-3323325.427676,11374
1100.78,360,28255394.788671,282.542806918,0.000000,-3452160.688731,11404
1106.94,361,28232184.433498,282.310687375,0.000000,-3297423.534700,11434
1113.15,362,28211315.274344,282.101986193,0.000000,-3282274.701234,11464
1120.06,363,28182274.797113,281.811548973,0.000000,-3361212.477283,11494
1126.59,364,28148278.625056,281.471577450,0.000000,-3395397.389856,11524
1134.15,365,28131278.206830,281.301556894,0.000000,-3216580.447367,11554
1142.12,366,28101278.658194,281.001517108,0.000000,-3344675.332924,11583
1149.56,367,28070814.865701,280.696856927,0.000000,-3238859.492246,11607
1158.18,368,28041769.545371,280.406371872,0.000000,-3321454.138003,11637
1164.50,369,28015101.803026,280.139690921,0.000000,-3331758.001504,11667
1172.10,370,27989177.414952,279.880414107,0.000000,-3395841.876704,11697
1178.98,371,27967687.258520,279.665497056,0.000000,-3209221.047516,11727
1186.57,372,27926418.329119,279.252766092,0.000000,-3407828.524481,11757
1193.77,373,27891870.087647,278.907268779,0.000000,-3250575.412544,11787
1201.00,374,27852809.249773,278.516637810,0.000000,-3167256.743161,11817
1208.47,375,27831881.158897,278.307348365,0.000000,-3391594.994457,11847
1216.28,376,27808074.459813,278.069258149,0.000000,-3247914.629850,11871
1223.96,377,27775763.050247,277.746115285,0.000000,-3264437.387030,11901
1232.13,378,27731000.842862,277.298490496,0.000000,-3370823.136913,11931
1240.39,379,27691227.715711,276.900740527,0.000000,-3134852.380135,11957
1246.99,380,27653364.937176,276.522077753,0.000000,-3306960.258434,11986
1255.90,381,27606001.731137,276.048396339,0.000000,-3339013.542972,12016
1263.10,382,27560740.011637,275.595747624,0.000000,-3377471.080630,12046
1270.77,383,27514227.540271,275.130638561,0.000000,-3296844.068421,12076
1278.43,384,27463171.533571,274.620026285,0.000000,-3300964.872335,12106
1287.15,385,27436292.665344,274.351228320,0.000000,-3321524.942767,12136
1294.72,386,27407693.840386,274.065236635,0.000000,-3186789.970430,12166
1302.37,387,27383011.822327,273.818422834,0.000000,-3199053.160542,12196
1310.23,388,27370628.427500,273.694580985,0.000000,-3161903.092734,12226
1316.43,389,27341775.588649,273.406041921,0.000000,-3260183.867713,12256
1323.30,390,27325896.993629,273.247243009,0.000000,-3119617.434782,12286
1330.49,391,27300770.862224,272.995967519,0.000000,-3275238.965220,12316
1338.71,392,27274822.497117,272.736467177,0.000000,-3144011.585329,12346
1347.21,393,27242490.835843,272.413136316,0.000000,-3126880.387953,12376
1355.26,394,27185322.270517,271.841412364,0.000000,-3252034.784850,12406
1363.72,395,27129348.288493,271.281655178,0.000000,-3245667.320414,12436
1373.65,396,27062215.971602,270.610307526,0.000000,-3200273.514293,12462
1382.73,397,27003892.998691,270.027070264,0.000000,-3217317.474672,12492
1392.10,398,26950058.831828,269.488705644,0.000000,-3135725.739140,12522
1399.80,399,26885403.479175,268.842137656,0.000000,-3264224.444590,12552
1406.80,400,26830709.058637,268.295171325,0.000000,-3188268.240871,12582
1415.11,401,26801061.819189,267.998691937,0.000000,-3101144.854213,12612
1423.45,402,26761505.984618,267.603126194,0.000000,-3308535.386006,12642
1432.03,403,26723449.083261,267.222547404,0.000000,-3089556.395611,12672
1440.94,404,26685177.964332,266.839820841,0.000000,-3098011.343244,12702
1449.56,405,26645687.204851,266.444887945,0.000000,-3106900.327635,12728
1457.53,406,26615163.209358,266.139634394,0.000000,-3215304.656973,12756
1465.65,407,26577487.760196,265.762857943,0.000000,-3101065.607617,12780
1472.80,408,26533788.137053,265.325850519,0.000000,-3222423.663176,12810
1481.80,409,26495297.755003,264.940925813,0.000000,-3247401.611768,12840
1491.61,410,26460765.212456,264.595583928,0.000000,-3210317.384272,12870
1499.11,411,26429620.904557,264.284109262,0.000000,-3185325.984789,12900
1508.01,412,26401253.532026,264.000411990,0.000000,-2938094.215516,12930
1515.28,413,26373873.443260,263.726602114,0.000000,-3014947.585567,12960
1523.94,414,26345550.505758,263.443347900,0.000000,-3248229.261104,12988
1531.50,415,26320745.341461,263.195280452,0.000000,-3162159.376796,13014
1541.43,416,26306094.512034,263.048770182,0.000000,-2945651.895044,13032
1549.51,417,26272327.714061,262.711091111,0.000000,-2993533.695579,13056
1557.03,418,26251073.731991,262.498549537,0.000000,-3028023.332341,13086
1565.17,419,26218469.866961,262.172497875,0.000000,-3272721.710240,13116
1574.86,420,26201504.028095,262.002826946,0.000000,-3085287.069542,13146
1582.85,421,26181220.645041,261.799984233,0.000000,-3046611.026026,13176
1591.67,422,26151426.180936,261.502013389,0.000000,-3073527.015617,13206
1600.84,423,26117563.713677,261.163380041,0.000000,-3059792.192286,13236
1610.22,424,26089315.386094,260.880879342,0.000000,-3109441.523780,13266
1619.95,425,26061563.822661,260.603346823,0.000000,-3173128.342293,13296
1628.20,426,26042777.810494,260.415480406,0.000000,-3124751.244724,13323
1636.28,427,26008972.424349,260.077413239,0.000000,-3240870.363957,13353
1644.01,428,25977471.856746,259.762391672,0.000000,-3410621.801800,13383
1652.14,429,25956998.896807,259.557652371,0.000000,-3210351.397632,13413
1661.33,430,25931660.641862,259.304259527,0.000000,-2978499.118062,13443
1670.33,431,25901438.204632,259.002028212,0.000000,-3081328.830059,13473
1679.00,432,25875021.979910,258.737841367,0.000000,-2998171.426736,13503
1687.68,433,25841018.570849,258.397786023,0.000000,-2997043.694387,13516
1697.41,434,25808911.431405,258.076703175,0.000000,-2850336.098351,13534
1707.39,435,25774496.718832,257.732535576,0.000000,-3039683.297369,13564
1716.65,436,25739248.490774,257.380038991,0.000000,-3031590.786089,13594
1726.77,437,25708272.499450,257.070257179,0.000000,-3124308.712609,13623
1736.37,438,25678150.787586,256.769030012,0.000000,-3053756.459472,13653
1746.40,439,25646967.928161,256.457182548,0.000000,-2895088.655036,13683
1755.62,440,25614343.086215,256.130918356,0.000000,-3171716.303556,13713
1764.85,441,25588992.763712,255.877399069,0.000000,-3004283.736292,13743
1773.16,442,25569214.024068,255.679600370,0.000000,-3203767.655609,13773
1783.00,443,25548842.538232,255.475878282,0.000000,-2961896.412467,13803
1791.55,444,25519246.900677,255.179905252,0.000000,-3083804.751218,13833
1800.34,445,25485736.184228,254.844788506,0.000000,-3205327.449448,13863
1811.29,446,25448499.428423,254.472394477,0.000000,-3126657.593731,13893
1817.91,447,25430525.074833,254.292653040,0.000000,-3035271.311116,13923
1826.58,448,25403855.398867,254.025941665,0.000000,-3198625.208929,13953
1835.43,449,25386822.622466,253.855600023,0.000000,-3008774.925773,13983
1844.02,450,25354581.634909,253.533176005,0.000000,-2988210.553282,14013
1856.01,451,25327082.529925,253.258182375,0.000000,-2978174.108373,14043
1864.65,452,25298506.383159,252.972413006,0.000000,-3136301.832156,14073
1874.12,453,25274512.229489,252.732471524,0.000000,-3056770.400837,14103
1882.83,454,25253322.793301,252.520562940,0.000000,-2983797.960968,14133
1891.63,455,25231255.773662,252.299888867,0.000000,-3031331.808260,14159
1901.03,456,25210999.455426,252.097312041,0.000000,-3045655.101798,14189
1909.07,457,25184373.691075,251.831052279,0.000000,-2978801.012919,14219
1918.26,458,25164967.059576,251.636975479,0.000000,-2836615.266020,14249
1927.22,459,25148418.594110,251.471486338,0.000000,-2989135.977170,14260
1935.99,460,25126471.187611,251.252005281,0.000000,-3136859.832402,14290
1945.84,461,25106584.893658,251.053122894,0.000000,-2896145.206271,14320
1955.15,462,25086260.848841,250.849879592,0.000000,-3059200.881322,14350
1967.26,463,25069323.124714,250.680487965,0.000000,-3003565.139450,14377
1976.52,464,25051044.447176,250.497682729,0.000000,-3008055.344140,14407
1984.78,465,25032857.736632,250.315804868,0.000000,-2990478.025965,14437
1992.26,466,25014949.446959,250.136705244,0.000000,-3097793.032036,14467
2003.12,467,24995800.632548,249.945215059,0.000000,-3010884.331550,14497
2012.34,468,24979412.208187,249.781317887,0.000000,-3064994.526819,14527
2022.03,469,24957744.048531,249.564625789,0.000000,-2977569.485443,14557
2031.16,470,24927551.908818,249.262695686,0.000000,-2856385.082811,14587
2040.55,471,24896914.823890,248.956303871,0.000000,-2995134.087504,14615
2049.40,472,24873799.545098,248.725135001,0.000000,-2941016.804256,14645
2058.94,473,24847881.978952,248.465951936,0.000000,-2876406.153460,14675
2069.32,474,24799260.485740,247.979726833,0.000000,-3029669.968053,14705
2078.93,475,24756505.210318,247.552168643,0.000000,-2858106.883812,14735
2089.01,476,24724214.770385,247.229251567,0.000000,-2836372.765134,14765
2098.48,477,24699357.960479,246.980670545,0.000000,-2923316.099222,14795
2108.47,478,24674115.799893,246.728236608,0.000000,-2816330.803587,14825
2118.99,479,24629844.273472,246.285500772,0.000000,-2859139.800604,14855
2128.89,480,24582338.009412,245.810405850,0.000000,-2889625.602855,14885
2138.82,481,24539118.843475,245.378179344,0.000000,-2850997.874869,14915
2151.58,482,24489814.313159,244.885114379,0.000000,-3060975.709214,14945
2160.58,483,24442681.559652,244.413761858,0.000000,-2849696.778387,14975
2170.74,484,24395736.422530,243.944291704,0.000000,-2792657.277012,15005
2182.26,485,24348149.691178,243.468405070,0.000000,-2873619.816280,15035
2192.83,486,24312129.218721,243.108189570,0.000000,-2809573.932505,15065
2202.84,487,24280986.769570,242.796734854,0.000000,-2813441.867532,15095
2213.22,488,24247892.654472,242.465775131,0.000000,-2886470.778195,15125
2224.00,489,24202176.975399,242.008588045,0.000000,-2844719.317558,15154
2234.35,490,24163374.657772,241.620564728,0.000000,-2805548.892503,15184
2244.21,491,24111985.643835,241.106671901,0.000000,-2697265.302239,15214
2253.76,492,24084003.304441,240.826840936,0.000000,-2722829.283508,15244
2265.38,493,24068992.684759,240.676729594,0.000000,-2724842.337086,15274
2276.43,494,24036276.544228,240.349570794,0.000000,-2846043.864526,15304
2287.79,495,24001760.118766,240.004382103,0.000000,-2908696.708298,15317
2299.10,496,23964841.780371,239.635177933,0.000000,-2792382.117698,15345
2308.91,497,23918616.637212,239.172895021,0.000000,-2625740.114464,15375
2318.91,498,23893316.810446,238.919895597,0.000000,-2662488.612756,15405
2327.95,499,23853904.488774,238.525750148,0.000000,-2644247.745752,15435
2339.04,500,23806204.571764,238.048753483,0.000000,-2757115.762633,15447
2349.69,501,23768847.358782,237.675138365,0.000000,-2731018.490020,15477
2361.02,502,23732522.131574,237.311859203,0.000000,-2594118.497340,15507
2371.74,503,23701634.177427,237.002970034,0.000000,-2541235.260141,15537
2382.30,504,23678970.377926,236.776331387,0.000000,-2714096.362365,15567
2393.53,505,23635291.655282,236.339529187,0.000000,-2788569.294906,15597
2404.50,506,23604783.963482,236.034440969,0.000000,-2683786.127666,15627
2413.74,507,23546377.519203,235.450366410,0.000000,-2803184.679207,15657
2425.41,508,23496446.084960,234.951013307,0.000000,-2909365.850490,15687
2435.30,509,23448837.119966,234.474902007,0.000000,-2963571.917167,15717
2446.67,510,23390762.672319,233.894150238,0.000000,-2951223.750029,15738
2456.16,511,23350131.335712,233.487818169,0.000000,-2767616.823909,15768
2466.68,512,23315970.515771,233.146191834,0.000000,-2693815.238688,15798
2476.96,513,23288675.506110,232.873227315,0.000000,-2627339.629124,15828
2486.32,514,23247781.747327,232.464269399,0.000000,-2763862.022970,15846
2497.39,515,23204604.331767,232.032459761,0.000000,-2721027.457423,15876
2507.58,516,23172582.610788,231.712231476,0.000000,-2707930.964172,15906
2516.17,517,23150408.659064,231.490483414,0.000000,-2896811.970372,15925
2526.82,518,23123151.353559,231.217888399,0.000000,-2810741.215574,15955
2538.49,519,23092672.620933,230.913092607,0.000000,-2686347.218491,15985
2548.22,520,23059568.484780,230.582019921,0.000000,-2905379.028349,16002
2559.74,521,23027877.934829,230.265087689,0.000000,-2884786.934317,16019
2571.75,522,22991454.864375,229.900832350,0.000000,-2696474.098669,16049
2580.16,523,22952578.869982,229.512053349,0.000000,-2789602.964855,16079
2590.50,524,22930133.893146,229.287594020,0.000000,-2758733.570846,16109
2601.66,525,22900005.488545,228.986293744,0.000000,-2713759.671688,16139
2612.97,526,22870274.824346,228.688968146,0.000000,-2970060.453390,16169
2624.66,527,22848973.920835,228.475944584,0.000000,-2944193.701766,16199
2635.22,528,22830755.993707,228.293750130,0.000000,-2786882.843630,16229
2646.46,529,22818406.373127,228.170241594,0.000000,-2656650.808114,16259
2658.25,530,22786729.196471,227.853437232,0.000000,-2620841.236032,16289
2671.45,531,22759183.304331,227.577948401,0.000000,-2842373.562883,16319
2683.19,532,22723374.675821,227.219833707,0.000000,-2827407.467604,16346
2694.22,533,22689214.472926,226.878197477,0.000000,-2816467.219377,16376
2705.54,534,22655357.234941,226.539604912,0.000000,-2748436.610032,16406
2717.27,535,22631904.463919,226.305067099,0.000000,-2697244.195158,16424
2728.32,536,22608565.212337,226.071677044,0.000000,-2885610.215368,16454
2740.49,537,22590024.588201,225.886265966,0.000000,-2673571.372827,16484
2751.10,538,22576822.551700,225.754241781,0.000000,-2463787.609981,16514
2763.81,539,22531401.879944,225.300006979,0.000000,-2623254.266900,16544
2774.21,540,22504597.261402,225.031941703,0.000000,-2666755.434190,16574
2785.31,541,22483796.965876,224.823943352,0.000000,-2693290.777051,16604
2794.91,542,22464752.408354,224.633476529,0.000000,-2615705.581273,16634
2807.40,543,22446441.990009,224.450347545,0.000000,-2595987.261329,16664
2820.09,544,22420785.735837,224.193784320,0.000000,-2595882.439778,16694
2833.25,545,22401343.611078,223.999338053,0.000000,-2855306.683545,16724
2844.59,546,22375643.853508,223.742330778,0.000000,-2786127.897484,16751
2856.38,547,22359443.420765,223.580309587,0.000000,-2659888.497242,16781
2867.47,548,22335063.977658,223.336498238,0.000000,-2632164.402199,16811
2877.29,549,22318278.164060,223.168621694,0.000000,-2606924.406394,16841
2888.02,550,22302351.896649,223.009354355,0.000000,-2494846.097619,16871
2897.94,551,22287737.639223,222.863207660,0.000000,-2578411.152262,16901
2911.03,552,22262948.609723,222.615294408,0.000000,-2702780.440096,16931
2924.15,553,22234223.306305,222.328015998,0.000000,-2439033.432276,16957
2935.65,554,22216414.675097,222.149916207,0.000000,-2498527.016998,16987
2950.41,555,22205385.971234,222.039617173,0.000000,-2482302.720089,17017
2964.30,556,22182390.305809,221.809636009,0.000000,-2822070.501906,17047
2975.35,557,22154284.599039,221.528574962,0.000000,-2644259.988917,17077
2988.04,558,22131286.648833,221.298576277,0.000000,-2524686.233212,17107
2998.21,559,22102278.466916,221.008478522,0.000000,-2551696.774429,17137
3009.00,560,22078768.479596,220.773362263,0.000000,-2591011.806880,17167
3018.92,561,22046578.654483,220.451447486,0.000000,-2559284.965873,17197
3030.83,562,22030574.012436,220.291396459,0.000000,-2601675.656847,17227
3042.82,563,22017097.475122,220.156629875,0.000000,-2481551.646115,17257
3053.09,564,22002189.420978,220.007540627,0.000000,-2575825.854681,17287
3064.28,565,21993273.205005,219.918378217,0.000000,-2603893.268153,17317
3075.03,566,21979772.776312,219.783369239,0.000000,-2592612.208752,17347
3085.69,567,21964984.823795,219.635483975,0.000000,-2575689.017031,17366
3098.52,568,21953021.352156,219.515847042,0.000000,-2662356.971149,17396
3109.04,569,21944974.488300,219.435375743,0.000000,-2520892.734393,17426
3120.45,570,21935514.809490,219.340777051,0.000000,-2675036.848722,17456
3132.37,571,21923951.599459,219.225139399,0.000000,-2564064.243839,17486
3144.35,572,21906812.200041,219.053740799,0.000000,-2589060.918411,17516
3156.84,573,21884851.101516,218.834114629,0.000000,-2778099.535979,17546
3169.33,574,21873402.653530,218.719627885,0.000000,-2629520.828540,17576
3181.05,575,21849100.408398,218.476598535,0.000000,-2630499.374969,17606
3193.74,576,21831760.307747,218.303194536,0.000000,-2768750.563552,17636
3204.90,577,21812720.841968,218.112785492,0.000000,-2695584.191701,17666
3216.64,578,21793232.146153,217.917879752,0.000000,-2726873.532281,17696
3227.93,579,21776441.976700,217.749967395,0.000000,-2652416.025615,17726
3241.11,580,21754980.790689,217.535331352,0.000000,-2617647.640008,17756
3253.55,581,21732674.743751,217.312259202,0.000000,-2630010.861601,17786
3266.47,582,21713335.885790,217.118855679,0.000000,-2475077.335934,17816
3276.59,583,21696695.745159,216.952440918,0.000000,-2562315.394106,17846
3289.37,584,21677383.568322,216.759315366,0.000000,-2647360.874308,17876
3299.84,585,21664182.778859,216.627290819,0.000000,-2730856.620743,17906
3313.02,586,21640458.835155,216.390028135,0.000000,-2808171.605234,17936
3324.85,587,21626548.176272,216.250917142,0.000000,-2716837.104656,17966
3335.75,588,21599391.563095,215.979342283,0.000000,-2741723.971608,17996
3349.46,589,21571032.500920,215.695743587,0.000000,-2706865.297131,18026
3362.12,590,21547681.654776,215.462225679,0.000000,-2637384.099192,18053
3373.10,591,21527078.393873,215.256178471,0.000000,-2663499.440440,18083
3385.09,592,21516103.146500,215.146423971,0.000000,-2609734.540429,18113
3398.43,593,21503569.413637,215.021072027,0.000000,-2561459.472158,18143
3412.24,594,21494239.143977,214.927754188,0.000000,-2412867.044307,18173
3423.83,595,21480908.332567,214.794432632,0.000000,-2626653.481080,18203
3434.67,596,21467574.129876,214.661085793,0.000000,-2429195.054952,18233
3448.38,597,21445390.469471,214.439233403,0.000000,-2561949.488941,18263
3462.14,598,21422416.204327,214.209476712,0.000000,-2820956.796078,18293
3474.24,599,21405199.540261,214.037302761,0.000000,-2702341.863630,18323
3487.53,600,21384207.260482,213.827365625,0.000000,-2675154.911040,18353
3500.25,601,21372231.222116,213.707601150,0.000000,-2505855.174863,18383
3511.69,602,21358259.805573,213.567881478,0.000000,-2513141.101097,18405
3524.28,603,21338827.722865,213.373553541,0.000000,-2591955.604146,18435
3536.33,604,21313798.329782,213.123248897,0.000000,-2554860.384239,18465
3549.49,605,21293675.595565,212.922011479,0.000000,-2464840.921268,18495
3560.89,606,21263019.234474,212.615431812,0.000000,-2488102.626129,18525
3574.06,607,21242387.508236,212.409107738,0.000000,-2565037.063281,18555
3587.79,608,21225474.735940,212.239982544,0.000000,-2460478.682102,18585
3598.95,609,21212993.012398,212.115163156,0.000000,-2279419.236475,18615
3614.57,610,21194063.901616,211.925866424,0.000000,-2399166.020262,18645
3628.29,611,21173220.520475,211.717422117,0.000000,-2494206.921828,18675
3644.46,612,21149421.212883,211.479405637,0.000000,-2520310.921365,18705
3658.51,613,21133284.158317,211.318029206,0.000000,-2444550.063243,18735
3671.69,614,21121316.771539,211.198351076,0.000000,-2608947.125209,18765
3684.93,615,21101815.505168,211.003328696,0.000000,-2443943.977016,18784
3697.87,616,21083261.873727,210.817780999,0.000000,-2477087.387909,18814
3712.16,617,21065828.472375,210.643431232,0.000000,-2607557.988907,18844
3722.98,618,21047338.435334,210.458522208,0.000000,-2554838.962573,18874
3735.49,619,21030624.524411,210.291375096,0.000000,-2428284.581709,18904
3748.34,620,21018523.321815,210.170349211,0.000000,-2448475.714730,18934
3761.19,621,21003014.244605,210.015249447,0.000000,-2467101.877462,18964
3773.34,622,20990345.651352,209.888546593,0.000000,-2519134.984355,18994
3786.78,623,20975119.320219,209.736271907,0.000000,-2447693.571255,19024
3798.69,624,20953217.662535,209.517251587,0.000000,-2544980.499818,19054
3812.44,625,20940386.086690,209.388923702,0.000000,-2574232.575214,19084
3824.89,626,20923806.402683,209.223116213,0.000000,-2578784.730580,19114
3839.15,627,20908878.596916,209.073823240,0.000000,-2452099.850653,19144
3851.88,628,20893753.144639,208.922550866,0.000000,-2309525.619919,19161
3863.64,629,20874552.017762,208.730534180,0.000000,-2347171.361734,19191
3877.19,630,20855513.118895,208.540135689,0.000000,-2364501.861421,19209
3890.71,631,20839222.539941,208.377216688,0.000000,-2499633.005742,19239
3904.07,632,20820022.394854,208.185202195,0.000000,-2504060.320167,19267
3915.71,633,20805668.804781,208.041659937,0.000000,-2286914.812922,19297
3928.58,634,20786963.191196,207.854594246,0.000000,-2518608.796396,19327
3942.35,635,20770415.072032,207.689103494,0.000000,-2514931.267353,19357
3957.33,636,20753013.516487,207.515071173,0.000000,-2527487.034923,19387
3970.13,637,20736367.870540,207.348590823,0.000000,-2378659.913986,19417
3982.57,638,20714388.366740,207.128777497,0.000000,-2377050.606749,19447
3995.61,639,20696858.726891,206.953462986,0.000000,-2546532.802832,19463
4009.49,640,20673393.828587,206.718810735,0.000000,-2554214.203278,19491
4024.45,641,20660540.735520,206.590281064,0.000000,-2591547.224934,19521
4037.23,642,20647463.689515,206.459500666,0.000000,-2411185.779980,19551
4050.13,643,20620799.982917,206.192837753,0.000000,-2431624.296134,19581
4065.71,644,20607474.025512,206.059574938,0.000000,-2452023.177625,19611
4078.14,645,20591657.575813,205.901395046,0.000000,-2343870.469049,19641
4091.08,646,20575241.411239,205.737222064,0.000000,-2404178.468551,19671
4106.16,647,20561504.916149,205.599844661,0.000000,-2398676.051065,19701
4117.50,648,20549160.205246,205.476391915,0.000000,-2319424.817173,19731
4129.71,649,20538327.198194,205.368055419,0.000000,-2365558.398112,19761
4145.11,650,20521210.645910,205.196862690,0.000000,-2457802.687844,19791
4159.99,651,20498602.453362,204.970761302,0.000000,-2581621.310075,19821
4173.65,652,20476046.018685,204.745179403,0.000000,-2329662.824726,19851
4185.85,653,20466188.725547,204.646595636,0.000000,-2322948.961750,19870
4199.17,654,20455723.371873,204.541932397,0.000000,-2316901.815422,19900
4212.43,655,20436374.447139,204.348410528,0.000000,-2368595.685765,19930
4225.73,656,20418316.404598,204.167814202,0.000000,-2439520.847015,19960
4239.44,657,20393743.688598,203.922072059,0.000000,-2440686.614662,19990
4252.17,658,20377987.888650,203.764493271,0.000000,-2355689.133838,20020
4264.66,659,20360169.480323,203.586290907,0.000000,-2281378.954230,20035
4279.97,660,20342633.360823,203.410914435,0.000000,-2370374.374427,20056
4292.39,661,20323430.524181,203.218863586,0.000000,-2269081.704633,20086
4305.90,662,20310112.623467,203.085679278,0.000000,-2275127.726313,20116
4322.01,663,20290257.237552,202.887110583,0.000000,-2144159.607460,20146
4337.31,664,20275231.665824,202.736856554,0.000000,-2265259.420918,20176
4349.28,665,20258895.572814,202.573478689,0.000000,-2384617.543079,20204
4364.50,666,20238249.852011,202.367018475,0.000000,-2250489.468989,20234
4379.17,667,20219271.357475,202.177218036,0.000000,-2207143.495304,20264
4394.75,668,20195553.105871,201.940024815,0.000000,-2280056.255582,20274
4406.70,669,20176934.301093,201.753822289,0.000000,-2297484.876434,20292
4419.55,670,20160398.591505,201.588451504,0.000000,-2409704.048420,20322
4433.05,671,20134589.603609,201.330349987,0.000000,-2582674.679537,20338
4446.89,672,20118246.872539,201.166912369,0.000000,-2398198.128292,20368
4462.27,673,20098008.498524,200.964511037,0.000000,-2256797.680749,20398
4476.40,674,20074461.367799,200.729033699,0.000000,-2393711.722778,20410
4491.18,675,20057855.758097,200.562956059,0.000000,-2344387.509945,20440
4506.72,676,20039016.576627,200.374543551,0.000000,-2341856.242397,20470
4520.19,677,20008765.452885,200.072021857,0.000000,-2234737.482499,20500
4532.75,678,19986841.605167,199.852762557,0.000000,-2269729.751584,20516
4550.42,679,19970747.082011,199.691807233,0.000000,-2276045.043670,20546
4567.14,680,19948421.279125,199.468545312,0.000000,-2329669.895281,20576
4582.58,681,19930106.856078,199.285386702,0.000000,-2525720.013042,20606
4597.74,682,19909154.592081,199.075845559,0.000000,-2295674.585915,20636
4612.26,683,19884137.937474,198.825670020,0.000000,-2330969.174542,20666
4626.22,684,19866352.808001,198.647798604,0.000000,-2414750.999463,20696
4640.41,685,19852906.911591,198.513325520,0.000000,-2370985.861477,20726
4655.10,686,19837700.542360,198.361254506,0.000000,-2293824.574226,20756
4672.51,687,19822180.250624,198.206033326,0.000000,-2362452.580724,20786
4685.79,688,19806379.512107,198.048014882,0.000000,-2342975.297752,20802
4699.88,689,19790529.391507,197.889504834,0.000000,-2299398.863770,20832
4715.76,690,19776829.393620,197.752501200,0.000000,-2448653.878880,20862
4727.01,691,19766906.800164,197.653269919,0.000000,-2239282.179409,20892
4742.54,692,19747332.849667,197.457515761,0.000000,-2342602.297999,20904
4758.14,693,19734106.563217,197.325243934,0.000000,-2405737.686751,20934
4772.31,694,19717569.355881,197.159858365,0.000000,-2417197.289502,20964
4788.31,695,19699675.459171,196.980904444,0.000000,-2466568.782924,20994
4801.21,696,19686211.045475,196.846243534,0.000000,-2541773.719839,21000
4819.41,697,19673385.462446,196.717975865,0.000000,-2532581.255669,21026
4837.58,698,19660767.833038,196.591785818,0.000000,-2461346.285635,21056
4852.94,699,19644679.370403,196.430883945,0.000000,-2316925.607918,21086
4866.89,700,19624019.256829,196.224274295,0.000000,-2348905.747136,21116
4880.21,701,19613643.872226,196.120517410,0.000000,-2331822.597406,21146
4895.11,702,19597212.316454,195.956199872,0.000000,-2335898.014298,21176
4909.70,703,19569529.916991,195.679349000,0.000000,-2429719.872160,21206
4927.88,704,19548111.854842,195.465153690,0.000000,-2403938.039122,21236
4940.59,705,19526840.460355,195.252428910,0.000000,-2381900.054206,21266
4956.07,706,19507555.930810,195.059576025,0.000000,-2333211.860358,21296
4970.83,707,19481654.099150,194.800548181,0.000000,-2532018.586555,21326
4989.19,708,19462926.505756,194.613264286,0.000000,-2302203.416667,21356
5003.59,709,19448539.121326,194.469373612,0.000000,-2369600.762843,21386
5019.30,710,19431990.009343,194.303876269,0.000000,-2379420.073830,21416
5035.87,711,19424565.228451,194.229627688,0.000000,-2297836.550896,21446
5048.94,712,19412623.018599,194.110199251,0.000000,-2350164.708179,21476
5064.34,713,19400224.129614,193.986207729,0.000000,-2328836.915235,21506
5078.02,714,19386260.053910,193.846559756,0.000000,-2349248.928295,21536
5093.57,715,19367323.236005,193.657176804,0.000000,-2322496.871813,21566
5109.14,716,19352929.406167,193.513231339,0.000000,-2349245.491835,21596
5123.44,717,19340586.324865,193.389798170,0.000000,-2291699.423800,21626
5139.19,718,19329571.967484,193.279655493,0.000000,-2593610.826867,21656
5155.50,719,19317168.613775,193.155615242,0.000000,-2569487.106135,21686
5168.00,720,19298691.531881,192.970828070,0.000000,-2413246.587440,21716
5184.16,721,19286237.669208,192.846280699,0.000000,-2310573.612320,21746
5199.79,722,19276599.435979,192.749890537,0.000000,-2304049.323031,21763
5217.57,723,19262222.597828,192.606114723,0.000000,-2372381.167252,21769
5234.33,724,19252133.053319,192.505207601,0.000000,-2364989.358040,21799
5249.79,725,19240955.426426,192.393426367,0.000000,-2284708.494648,21829
5264.24,726,19225506.455120,192.238922883,0.000000,-2368995.730253,21859
5280.10,727,19204114.153149,192.024983119,0.000000,-2453973.331189,21876
5296.08,728,19184314.344458,191.826973699,0.000000,-2344557.661171,21893
5313.30,729,19169491.217009,191.678736865,0.000000,-2291960.620509,21923
5329.53,730,19157835.081647,191.562161392,0.000000,-2350738.495932,21953
5346.07,731,19147165.866052,191.455459675,0.000000,-2565879.836113,21983
5361.69,732,19129936.281159,191.283153439,0.000000,-2490130.204256,22013
5375.43,733,19116094.325764,191.144723818,0.000000,-2388297.047954,22043
5392.58,734,19104790.473138,191.031674960,0.000000,-2636809.449256,22073
5406.84,735,19093824.889374,190.922011818,0.000000,-2437464.015256,22103
5425.41,736,19083722.197542,190.820983772,0.000000,-2423722.780625,22133
5444.27,737,19072870.343423,190.712461477,0.000000,-2390688.611023,22163
5459.22,738,19060735.224636,190.591100418,0.000000,-2444152.655515,22193
5473.97,739,19048735.739142,190.471095302,0.000000,-2459610.006883,22223
5489.02,740,19039134.472166,190.375069934,0.000000,-2399635.120590,22253
5509.04,741,19026394.704696,190.247664501,0.000000,-2319174.089299,22283
5523.50,742,19012469.238884,190.108400161,0.000000,-2133508.139696,22313
5539.54,743,19003881.730785,190.022519053,0.000000,-2469197.923941,22343
5555.10,744,18990976.565044,189.893458019,0.000000,-2323317.453447,22373
5571.22,745,18980584.339104,189.789528511,0.000000,-2386780.079267,22403
5590.12,746,18969848.393034,189.682160993,0.000000,-2707968.258877,22433
5607.34,747,18952000.524535,189.503667393,0.000000,-2367253.055377,22450
5624.77,748,18940255.223215,189.386214516,0.000000,-2324568.580909,22480
5641.51,749,18925536.824307,189.239015880,0.000000,-2387994.087292,22510
5657.42,750,18915028.703664,189.133917074,0.000000,-2307275.302174,22540
5671.58,751,18898670.333260,188.970331432,0.000000,-2263129.597518,22570
5685.67,752,18887648.119335,188.860095327,0.000000,-2368298.602067,22600
5703.65,753,18872033.611765,188.703937780,0.000000,-2265764.012239,22630
5721.28,754,18857118.783281,188.554780048,0.000000,-2373926.407707,22660
5735.77,755,18840813.424412,188.391711068,0.000000,-2435593.936406,22690
5749.60,756,18824640.067752,188.229964773,0.000000,-2246982.732151,22720
5763.90,757,18814415.450504,188.127716889,0.000000,-2186867.226980,22750
5778.01,758,18802503.436552,188.008595899,0.000000,-2339142.224299,22780
5793.21,759,18793376.396659,187.917312708,0.000000,-2195376.171847,22810
5811.15,760,18784422.591449,187.827770945,0.000000,-2252794.391483,22840
5827.90,761,18773332.272305,187.716861144,0.000000,-2138876.362600,22870
5843.74,762,18756652.115246,187.550056627,0.000000,-2226448.155100,22900
5861.66,763,18744900.804171,187.432535145,0.000000,-2134993.175547,22930
5876.52,764,18734306.810788,187.326585547,0.000000,-2259601.041544,22960
5894.53,765,18718310.315986,187.166605681,0.000000,-2214082.072678,22990
5913.17,766,18703329.373320,187.016786847,0.000000,-2340736.951726,22996
5927.93,767,18689298.546787,186.876470074,0.000000,-2309819.527120,23026
5945.76,768,18676991.631066,186.753396174,0.000000,-2222888.432728,23056
5966.29,769,18661729.201704,186.600764034,0.000000,-2393666.502632,23086
5984.04,770,18647302.645767,186.456487446,0.000000,-2352976.211252,23116
6001.86,771,18621695.219786,186.200397938,0.000000,-2257878.618745,23146
6016.47,772,18604663.756242,186.030070716,0.000000,-2310143.073290,23176
6034.18,773,18583965.284932,185.823071522,0.000000,-2417814.124601,23197
6051.85,774,18563728.182160,185.620685411,0.000000,-2317420.173466,23227
6064.89,775,18549250.787853,185.475900003,0.000000,-2432439.661109,23257
6084.15,776,18534616.630421,185.329550840,0.000000,-2222161.773549,23287
6098.88,777,18519035.827269,185.173732495,0.000000,-2373418.974492,23317
6117.35,778,18496832.734905,184.951683254,0.000000,-2218124.019006,23347
6133.12,779,18481142.343968,184.794772944,0.000000,-2370252.608045,23377
6149.96,780,18466412.022877,184.647460722,0.000000,-2400841.300344,23394
6167.65,781,18456615.070677,184.549484565,0.000000,-2501257.965465,23424
6182.47,782,18445484.531660,184.438169782,0.000000,-2281057.542918,23454
6201.75,783,18435282.974513,184.336142362,0.000000,-2371822.887237,23484
6219.80,784,18419314.803503,184.176452084,0.000000,-2369176.514148,23514
6234.60,785,18407213.887347,184.055429254,0.000000,-2277545.415696,23544
6251.86,786,18386899.687855,183.852272858,0.000000,-2202703.834632,23574
6268.16,787,18371789.551045,183.701161781,0.000000,-2463128.347374,23604
6282.53,788,18357053.853204,183.553796608,0.000000,-2429027.894945,23634
6299.84,789,18339977.634013,183.383020268,0.000000,-2313456.036656,23664
6320.82,790,18331339.621763,183.296630707,0.000000,-2261750.169962,23694
6336.46,791,18322337.083329,183.206600111,0.000000,-2151242.676282,23724
6352.33,792,18309464.127506,183.077860028,0.000000,-2241155.330949,23754
6374.84,793,18298457.194591,182.967781196,0.000000,-2257395.520881,23784
6392.23,794,18287014.484916,182.853349610,0.000000,-2222820.254102,23814
6407.88,795,18277839.083542,182.761588128,0.000000,-2080554.858623,23844
6426.23,796,18270193.907201,182.685131851,0.000000,-2257767.770035,23874
6442.33,797,18252224.564280,182.505412217,0.000000,-2161328.298991,23904
6456.27,798,18238774.604965,182.370907540,0.000000,-2247329.348892,23934
6472.98,799,18222987.500317,182.213028769,0.000000,-2231868.514548,23964
6489.00,800,18213218.783573,182.115330447,0.000000,-2181768.136659,23990
6505.21,801,18199252.138097,181.975653026,0.000000,-2543149.127255,24020
6522.64,802,18191246.587162,181.895593526,0.000000,-2270473.067646,24050
6539.15,803,18186130.113770,181.844428902,0.000000,-2172577.199678,24080
6557.17,804,18169327.105851,181.676386963,0.000000,-2261069.823660,24110
6580.06,805,18157110.985907,181.554220758,0.000000,-2162032.915518,24140
6594.42,806,18147289.970578,181.456005610,0.000000,-2062464.068826,24170
6608.58,807,18137593.195315,181.359034137,0.000000,-2045774.863711,24200
6626.20,808,18124392.049796,181.227010316,0.000000,-2153908.987563,24230
6646.94,809,18114272.838176,181.125809627,0.000000,-2150044.056105,24260
6669.56,810,18098080.947011,180.963870203,0.000000,-2354109.553339,24290
6689.72,811,18085775.733686,180.840803545,0.000000,-2263279.402236,24320
6709.41,812,18070226.765445,180.685295988,0.000000,-2302989.450417,24350
6725.95,813,18055168.748316,180.534704629,0.000000,-2308598.300401,24380
6745.61,814,18038993.296131,180.372941121,0.000000,-2293573.184222,24410
6763.43,815,18016648.500058,180.149474417,0.000000,-2396590.851708,24440
6780.24,816,18002707.768058,180.010046259,0.000000,-2173883.142456,24470
6796.93,817,17993317.201478,179.916130663,0.000000,-2183719.278336,24500
6813.08,818,17983589.121856,179.818846204,0.000000,-2098678.313875,24530
6833.79,819,17976069.013272,179.743635571,0.000000,-2325384.678641,24560
6854.46,820,17968062.198541,179.663559158,0.000000,-2251978.911475,24590
6874.87,821,17961486.676665,179.597793568,0.000000,-2152330.485980,24620
6896.85,822,17951924.000125,179.502156777,0.000000,-2218704.886456,24650
6912.08,823,17940487.291947,179.387781491,0.000000,-2231610.334700,24680
6930.20,824,17931776.169138,179.300664532,0.000000,-2150048.433484,24710
6947.09,825,17924107.678693,179.223973689,0.000000,-2041263.283389,24740
6961.70,826,17911623.358031,179.099121735,0.000000,-2301717.044176,24770
6979.01,827,17897739.536531,178.960268333,0.000000,-2137729.046367,24800
6997.79,828,17890886.188916,178.891734348,0.000000,-2228137.160439,24830
7015.80,829,17879000.303173,178.772868072,0.000000,-2221378.861807,24860
7031.88,830,17870425.092644,178.687109470,0.000000,-2285102.109317,24877
7048.11,831,17862739.210600,178.610243815,0.000000,-2349003.002384,24907
7068.73,832,17854780.808590,178.530652620,0.000000,-2248217.874504,24937
7088.06,833,17844834.374941,178.431176110,0.000000,-2150879.176273,24967
7105.71,834,17838709.054789,178.369919181,0.000000,-2270762.839174,24997
7121.18,835,17831881.658837,178.301635967,0.000000,-2259520.775159,25027
7141.35,836,17823650.074294,178.219313931,0.000000,-2047204.501570,25057
7161.81,837,17815794.461180,178.140750795,0.000000,-2245983.168078,25087
7179.98,838,17806609.523071,178.048890261,0.000000,-2305372.499417,25117
7198.13,839,17800634.781338,177.989135485,0.000000,-2221277.405363,25147
7217.28,840,17792046.391370,177.903248312,0.000000,-2141718.463384,25177
7235.89,841,17785561.934704,177.838400890,0.000000,-2078326.984635,25194
7253.17,842,17778960.926572,177.772385051,0.000000,-2061474.372084,25224
7274.47,843,17768342.383281,177.666191744,0.000000,-2089209.014272,25254
7288.72,844,17761128.609266,177.594045406,0.000000,-2245372.155575,25284
7307.38,845,17747572.976647,177.458478982,0.000000,-2174298.180053,25314
7323.41,846,17737096.960662,177.353709040,0.000000,-2156534.008862,25344
7344.00,847,17726791.479795,177.250648043,0.000000,-2224297.281343,25374
7363.38,848,17721749.765912,177.200223608,0.000000,-2320926.809876,25404
7383.99,849,17712463.214600,177.107352017,0.000000,-2155792.559441,25434
7409.42,850,17706796.470720,177.050682045,0.000000,-2150860.336965,25464
7428.22,851,17697361.321870,176.956317924,0.000000,-2276732.625454,25494
7446.78,852,17691526.192416,176.897962000,0.000000,-2081033.831104,25524
7469.73,853,17681710.002121,176.799787145,0.000000,-2021755.394828,25554
7487.98,854,17673881.653547,176.721494944,0.000000,-2256037.433909,25584
7505.80,855,17665534.492129,176.638013489,0.000000,-2170574.328582,25614
7526.59,856,17659157.402690,176.574235957,0.000000,-2004917.219511,25644
7544.84,857,17648731.726213,176.469969999,0.000000,-2062997.477740,25674
7564.62,858,17632842.808251,176.311057764,0.000000,-2070800.785956,25704
7585.58,859,17611159.692281,176.094207130,0.000000,-2194326.349841,25734
7609.57,860,17595854.127740,175.941141813,0.000000,-2226566.579367,25764
7631.06,861,17584581.939164,175.828408140,0.000000,-2100781.000101,25794
7652.06,862,17566207.953662,175.644637034,0.000000,-2155411.672657,25824
7676.35,863,17550760.981864,175.490160644,0.000000,-2312211.209800,25854
7696.88,864,17534812.306686,175.330657054,0.000000,-2154802.333461,25884
7713.36,865,17518850.735847,175.171026789,0.000000,-2285015.820983,25914
7734.67,866,17504481.809611,175.027321684,0.000000,-2109866.694245,25944
7753.43,867,17494539.160048,174.927885902,0.000000,-2194486.621093,25950
7772.92,868,17485742.449505,174.839907652,0.000000,-2322689.519992,25980
7794.18,869,17472898.675117,174.711465488,0.000000,-2265713.693840,26010
7814.16,870,17462909.167788,174.611562844,0.000000,-2064615.604127,26040
7829.79,871,17452191.140551,174.504367359,0.000000,-2278227.105493,26070
7848.42,872,17444240.760054,174.424852917,0.000000,-2253512.797760,26100
7866.30,873,17436502.370821,174.347464667,0.000000,-2248065.693804,26130
7885.80,874,17426093.354477,174.243365385,0.000000,-2135295.742397,26160
7903.24,875,17419007.333592,174.172495813,0.000000,-2092742.777008,26190
7921.01,876,17401289.284186,173.995297045,0.000000,-2318614.480661,26220
7943.82,877,17381173.097790,173.794115919,0.000000,-2575892.180643,26250
7965.35,878,17365771.951568,173.640094492,0.000000,-2248616.763959,26280
7983.39,879,17345440.444810,173.436760479,0.000000,-2312284.333667,26310
8012.15,880,17321403.613990,173.196373849,0.000000,-2249844.588204,26340
8033.91,881,17305982.779388,173.042156476,0.000000,-2146884.237173,26370
8052.89,882,17288506.199803,172.867374289,0.000000,-2139559.040168,26400
8076.10,883,17274155.479551,172.723858072,0.000000,-2291914.952839,26430
8097.29,884,17263160.691791,172.613897915,0.000000,-2127760.482057,26457
8122.74,885,17252436.103351,172.506639985,0.000000,-2089054.405637,26487
8146.62,886,17241588.746238,172.398161407,0.000000,-2223725.270115,26517
8165.69,887,17231396.965599,172.296235890,0.000000,-2177799.678309,26547
8187.08,888,17216057.876824,172.142829780,0.000000,-2337090.643752,26556
8212.49,889,17202426.299021,172.006489648,0.000000,-2307119.633957,26586
8232.65,890,17184526.653191,171.827475312,0.000000,-2241665.121980,26616
8249.07,891,17171575.010371,171.697950374,0.000000,-2291965.441472,26646
8270.34,892,17160520.308632,171.587389066,0.000000,-2096458.450227,26676
8303.58,893,17152643.517073,171.508615793,0.000000,-2103661.656192,26706
8326.43,894,17141242.521485,171.394598606,0.000000,-2235777.513934,26736
8349.22,895,17134773.201868,171.329896619,0.000000,-2181530.676790,26766
8372.15,896,17122591.974391,171.208078498,0.000000,-2146341.356542,26791
8392.56,897,17107063.612773,171.052790197,0.000000,-2073603.586053,26821
8416.67,898,17086545.098369,170.847588343,0.000000,-2182513.150577,26851
8437.90,899,17068168.981945,170.663815652,0.000000,-2194479.862619,26881
8462.36,900,17052717.606029,170.509284054,0.000000,-2197673.551613,26911
8484.81,901,17030587.788347,170.287970701,0.000000,-2225621.458524,26941
8502.61,902,17018950.553653,170.171586619,0.000000,-2133311.143498,26971
8526.17,903,17005744.083473,170.039515824,0.000000,-2189646.860876,27001
8550.65,904,16995529.004256,169.937352007,0.000000,-2159482.260179,27031
8568.03,905,16986942.014995,169.851473492,0.000000,-2169602.022074,27061
8587.80,906,16975195.843636,169.733999286,0.000000,-2023155.979846,27091
8607.73,907,16963976.658869,169.621798611,0.000000,-2032257.691978,27121
8635.73,908,16954219.331435,169.524216601,0.000000,-2158239.257424,27151
8657.61,909,16942337.859410,169.405388723,0.000000,-2105559.775418,27181
8682.40,910,16933331.642694,169.315318700,0.000000,-2126893.688419,27211
8705.11,911,16923949.165598,169.221481353,0.000000,-2133366.023985,27241
8725.39,912,16915147.369736,169.133455174,0.000000,-2254130.354999,27271
8749.30,913,16908715.731710,169.069133457,0.000000,-2103630.461299,27301
8769.85,914,16901439.989121,168.996367098,0.000000,-2162696.289776,27331
8793.02,915,16892548.829171,168.907441230,0.000000,-2080604.834573,27361
8813.54,916,16880335.524232,168.785293111,0.000000,-2141351.622724,27391
8838.15,917,16870253.464373,168.684458193,0.000000,-2139797.228293,27421
8859.97,918,16857466.369228,168.556570374,0.000000,-2073394.512862,27451
8882.67,919,16842170.257831,168.403586088,0.000000,-2190122.488469,27481
8900.19,920,16827584.925799,168.257723573,0.000000,-2159533.350693,27511
8919.96,921,16816427.212292,168.146139553,0.000000,-2157037.941272,27541
8939.94,922,16805353.464652,168.035388353,0.000000,-2113140.636467,27571
8957.68,923,16795763.073404,167.939474100,0.000000,-2287943.352878,27601
8978.37,924,16783843.960956,167.820269893,0.000000,-2245014.672936,27631
9003.17,925,16774429.301701,167.726111010,0.000000,-2278749.485367,27661
9025.28,926,16762966.899983,167.611475178,0.000000,-2165045.370529,27691
9047.53,927,16748591.871009,167.467707905,0.000000,-2008469.497933,27721
9067.78,928,16737261.443835,167.354391974,0.000000,-2103262.971982,27732
9089.10,929,16727547.642768,167.257246058,0.000000,-2050741.712000,27762
9109.85,930,16720670.258434,167.188462559,0.000000,-2004054.867081,27792
9134.42,931,16709161.512371,167.073363702,0.000000,-2096549.086021,27822
9158.64,932,16695690.456692,166.938646240,0.000000,-2202312.772458,27852
9176.63,933,16679908.714984,166.780821920,0.000000,-2172569.917166,27864
9193.55,934,16668364.222663,166.665358546,0.000000,-2115714.478704,27876
9216.10,935,16657071.394242,166.552423596,0.000000,-1998859.578109,27906
9234.15,936,16645797.679727,166.439677555,0.000000,-2201306.096868,27936
9259.02,937,16637936.548474,166.361060813,0.000000,-2038234.230641,27966
9283.27,938,16628520.850809,166.266893565,0.000000,-2197710.998250,27988
9306.11,939,16621017.121779,166.191851185,0.000000,-2046058.613490,28018
9328.25,940,16615145.068498,166.133127034,0.000000,-2101786.666986,28048
9347.46,941,16608070.332394,166.062372838,0.000000,-1981582.567700,28078
9369.10,942,16602340.941911,166.005073497,0.000000,-2192699.417182,28108
9392.63,943,16592865.840918,165.910313595,0.000000,-2089644.426940,28138
9413.04,944,16583969.248117,165.821343174,0.000000,-2256175.953985,28168
9431.56,945,16575702.792844,165.738665985,0.000000,-2099496.968616,28198
9458.50,946,16569291.586320,165.674547585,0.000000,-2343674.164979,28228
9484.90,947,16561767.062425,165.599291444,0.000000,-2186752.759590,28258
9507.63,948,16547123.053534,165.452832809,0.000000,-2191153.184666,28288
9528.43,949,16536023.286409,165.341825564,0.000000,-1941602.749647,28318
9551.28,950,16524970.948739,165.231296787,0.000000,-2064377.451113,28348
9575.64,951,16514349.898018,165.125074393,0.000000,-1959383.697606,28378
9597.39,952,16504736.572877,165.028935121,0.000000,-2093013.259003,28408
9616.44,953,16496054.656295,164.942107411,0.000000,-1997423.061041,28438
9639.00,954,16488494.034485,164.866503237,0.000000,-2025885.444882,28468
9660.19,955,16477631.601913,164.757866862,0.000000,-1880588.573099,28485
9681.33,956,16470380.115113,164.685343185,0.000000,-1962754.498069,28515
9704.60,957,16464333.873935,164.624870817,0.000000,-2075305.664588,28545
9729.46,958,16457124.264188,164.552762503,0.000000,-2068848.187543,28575
9747.16,959,16447801.832796,164.459527864,0.000000,-1909918.757473,28605
9769.58,960,16439114.294631,164.372641651,0.000000,-2022393.343730,28635
9789.70,961,16431885.376570,164.300343509,0.000000,-1963172.350529,28665
9808.86,962,16425723.834197,164.238719749,0.000000,-1917796.304360,28695
9831.65,963,16420296.813315,164.184440308,0.000000,-1897830.097025,28725
9858.01,964,16415095.186388,164.132420174,0.000000,-2075507.789799,28755
9879.98,965,16410441.660569,164.085879128,0.000000,-2033783.734219,28785
9901.72,966,16405605.949400,164.037514256,0.000000,-2203273.102871,28815
9930.53,967,16401374.358293,163.995188678,0.000000,-2095858.481999,28845
9950.19,968,16396803.138301,163.949473743,0.000000,-2113788.551336,28875
9971.54,969,16390457.304169,163.886009693,0.000000,-2021584.139111,28905
9993.80,970,16382614.796072,163.807576601,0.000000,-2205023.505507,28935
10015.86,971,16377779.020373,163.759213236,0.000000,-2282881.167970,28965
10038.38,972,16374397.093035,163.725390224,0.000000,-2176083.836187,28995
10062.95,973,16369632.030177,163.677736377,0.000000,-1977388.639850,29025
10086.19,974,16365195.715489,163.633367797,0.000000,-2161001.342955,29055
10109.20,975,16361084.158965,163.592249260,0.000000,-1939757.101757,29069
10134.27,976,16355773.684905,163.539137166,0.000000,-2158309.701392,29099
10157.94,977,16349787.631674,163.479274246,0.000000,-2189479.976655,29107
10178.92,978,16342295.130973,163.404341354,0.000000,-2166266.677731,29137
10205.23,979,16335416.461863,163.335544682,0.000000,-2278017.567962,29167
10230.60,980,16327549.837419,163.256872410,0.000000,-2127893.975814,29197
10252.83,981,16321227.491361,163.193644313,0.000000,-1912378.044387,29227
10278.16,982,16314498.071705,163.126340109,0.000000,-1997656.035946,29235
10303.56,983,16309094.296203,163.072295618,0.000000,-1905452.122570,29265
10325.28,984,16303226.081833,163.013606119,0.000000,-2019206.630949,29295
10348.55,985,16296820.204096,162.949541462,0.000000,-2106910.072848,29325
10368.53,986,16289982.964915,162.881163480,0.000000,-1967393.336604,29355
10390.32,987,16278904.721608,162.770372192,0.000000,-2122146.969834,29385
10417.69,988,16270081.340836,162.682120319,0.000000,-1941669.200656,29415
10440.81,989,16260113.042611,162.582431353,0.000000,-1983223.169062,29445
10466.90,990,16245932.758183,162.440606669,0.000000,-2006635.470419,29475
10492.85,991,16230559.968921,162.286877921,0.000000,-1959890.304653,29505
10518.33,992,16211457.463645,162.095853691,0.000000,-1877700.831526,29535
10546.37,993,16189857.274935,161.879845323,0.000000,-2025016.771415,29565
10568.72,994,16164333.330093,161.624589319,0.000000,-2069943.184788,29595
10592.64,995,16142371.594329,161.404954488,0.000000,-2071539.036566,29624
10619.15,996,16129367.359968,161.274902454,0.000000,-1939000.907502,29654
10646.13,997,16112137.601796,161.102601523,0.000000,-1958302.064906,29684
10671.76,998,16098393.958456,160.965158239,0.000000,-2006600.763023,29714
10702.84,999,16084557.827677,160.826788171,0.000000,-1786286.789120,29744
10725.90,1000,16066146.376151,160.642656607,0.000000,-1875834.461146,29774
10748.74,1001,16044019.292265,160.421389568,0.000000,-1907714.009401,29804
10772.26,1002,16021060.020696,160.191779268,0.000000,-1917173.061582,29834
10795.44,1003,16001624.173614,159.997421966,0.000000,-2213476.431799,29864
10818.28,1004,15984425.271675,159.825424419,0.000000,-1956741.495188,29894
10848.15,1005,15968588.091754,159.667047550,0.000000,-1782584.088355,29924
10881.94,1006,15954296.814932,159.524128006,0.000000,-1997245.457649,29954
10910.24,1007,15940237.470332,159.383532738,0.000000,-1828602.252055,29984
10936.72,1008,15914659.299025,159.127740394,0.000000,-1843330.461540,30014
10959.93,1009,15883533.206709,158.816474882,0.000000,-1985202.497183,30044
10984.78,1010,15864695.143853,158.628083045,0.000000,-1869101.016173,30074
11009.21,1011,15829348.443293,158.274596146,0.000000,-1992492.880805,30104
11036.79,1012,15802269.900606,158.003794211,0.000000,-1955883.415750,30134
11060.55,1013,15768734.754870,157.668439692,0.000000,-2116332.780807,30151
11084.27,1014,15734369.292787,157.324772644,0.000000,-1938393.623283,30181
11109.33,1015,15705722.838347,157.038282391,0.000000,-2115268.303398,30211
11138.10,1016,15676366.978922,156.744705213,0.000000,-2121079.714265,30228
11163.41,1017,15654466.067481,156.525693846,0.000000,-2094854.738998,30234
11185.00,1018,15627805.586852,156.259069540,0.000000,-2035648.815966,30264
11205.76,1019,15602398.846682,156.004987337,0.000000,-2232242.321261,30290
11228.18,1020,15585290.482755,155.833883958,0.000000,-2124620.818804,30320
11251.56,1021,15571440.902428,155.695385694,0.000000,-2202236.725068,30337
11277.59,1022,15549127.461716,155.472239988,0.000000,-2410048.672315,30367
11301.45,1023,15526520.091738,155.246144154,0.000000,-2107655.052320,30397
11326.13,1024,15508302.189841,155.063952026,0.000000,-2202485.484708,30427
11349.54,1025,15489693.498080,154.877855082,0.000000,-2206759.612595,30457
11373.98,1026,15471207.930496,154.692978971,0.000000,-2149083.067162,30487
11397.91,1027,15463541.283546,154.616308289,0.000000,-2149974.011466,30517
11419.21,1028,15443311.090089,154.413986800,0.000000,-2064323.291817,30547
11441.92,1029,15426938.196000,154.250251767,0.000000,-2025763.675711,30577
11468.54,1030,15416477.632063,154.145634825,0.000000,-2010593.869360,30607
11487.31,1031,15404567.975573,154.026525503,0.000000,-2072866.938925,30637
11511.52,1032,15397199.465064,153.952843172,0.000000,-2024539.425028,30667
11532.67,1033,15384860.262979,153.829445411,0.000000,-1886783.050740,30697
11557.31,1034,15369280.518256,153.673639150,0.000000,-2126817.986598,30727
11579.58,1035,15357819.998575,153.559025768,0.000000,-2012939.447485,30757
11601.32,1036,15349806.975507,153.478891613,0.000000,-1902489.600101,30787
11628.51,1037,15336171.333108,153.342522220,0.000000,-2019515.136772,30793
11648.22,1038,15325215.161347,153.232957984,0.000000,-2055324.512416,30823
11669.44,1039,15311683.839161,153.097630928,0.000000,-1989078.623279,30853
11693.88,1040,15294681.132801,152.927591028,0.000000,-1810685.479864,30883
11719.29,1041,15285256.781839,152.833337984,0.000000,-1965819.234850,30906
11745.48,1042,15264949.640396,152.630256022,0.000000,-2237854.748337,30936
11766.85,1043,15247657.142494,152.457333454,0.000000,-2041346.592542,30966
11791.34,1044,15221739.505339,152.198148487,0.000000,-1959515.482774,30996
11813.39,1045,15203941.497713,152.020157706,0.000000,-1991693.333704,31026
11840.35,1046,15187915.209626,151.859888206,0.000000,-1974235.777227,31056
11865.40,1047,15169627.072116,151.676982609,0.000000,-1994661.057477,31086
11891.88,1048,15157945.911711,151.560162014,0.000000,-2117345.568392,31116
11918.55,1049,15144863.538473,151.429330923,0.000000,-2041433.653595,31146
11946.30,1050,15129145.947348,151.272135450,0.000000,-1982978.523687,31176
11967.33,1051,15117597.511815,151.156640800,0.000000,-2057182.671891,31206
11991.09,1052,15105651.530450,151.037174782,0.000000,-1932971.104100,31236
12016.80,1053,15092436.960759,150.905023269,0.000000,-2037632.581715,31266
12042.30,1054,15083246.651775,150.813111591,0.000000,-1892507.400971,31296
12068.45,1055,15069601.343846,150.676654091,0.000000,-1878004.180529,31326
12088.99,1056,15061807.019692,150.598711384,0.000000,-2039508.165561,31356
12113.11,1057,15053665.102296,150.517290683,0.000000,-1849292.354475,31386
12134.04,1058,15044345.058556,150.424085928,0.000000,-1921895.079343,31416
12158.31,1059,15036578.494144,150.346412702,0.000000,-1959424.757439,31438
12188.62,1060,15029486.753163,150.275489253,0.000000,-2068555.683210,31468
12211.16,1061,15022751.518166,150.208130589,0.000000,-1746197.798597,31498
12234.74,1062,15015486.233952,150.135470507,0.000000,-2021184.891702,31528
12258.74,1063,15007496.458561,150.055567264,0.000000,-1917711.699415,31558
12285.76,1064,14999336.650221,149.973965400,0.000000,-2000789.857873,31588
12304.46,1065,14993959.685060,149.920188427,0.000000,-1894206.762649,31618
12328.45,1066,14989521.694561,149.875806313,0.000000,-1952524.086659,31648
12351.42,1067,14985425.974821,149.834846467,0.000000,-2040664.412815,31678
12374.60,1068,14979010.276342,149.770690668,0.000000,-2039166.251281,31708
12402.40,1069,14971793.732434,149.698519645,0.000000,-1906633.990158,31738
12431.30,1070,14962043.337166,149.601008972,0.000000,-2030133.746081,31768
12454.95,1071,14952404.888678,149.504616252,0.000000,-2005999.486691,31798
12474.96,1072,14933890.184554,149.319460761,0.000000,-2192460.495685,31828
12499.23,1073,14924926.341325,149.229816027,0.000000,-2067189.997915,31858
12519.75,1074,14913682.508753,149.117369418,0.000000,-2166824.885056,31888
12545.24,1075,14904759.495323,149.028132422,0.000000,-1980427.264412,31918
12568.42,1076,14894500.766355,148.925541474,0.000000,-2063379.490513,31948
12591.30,1077,14886791.601470,148.848447582,0.000000,-1995548.804492,31978
12617.88,1078,14877290.520697,148.753430141,0.000000,-2033952.624965,31990
12644.71,1079,14870205.479654,148.682577752,0.000000,-1966879.669745,32020
12669.17,1080,14861170.982712,148.592230166,0.000000,-2028363.519316,32050
12695.00,1081,14852719.930328,148.507714505,0.000000,-2014460.481517,32067
12721.67,1082,14846517.384893,148.445683884,0.000000,-1917904.366309,32084
12741.04,1083,14839939.698610,148.379903753,0.000000,-1770094.038940,32090
12770.46,1084,14835485.459950,148.335357421,0.000000,-1869983.238308,32120
12800.22,1085,14826709.063941,148.247586013,0.000000,-1985002.200048,32150
12824.65,1086,14815457.278847,148.135059249,0.000000,-1922397.684398,32180
12850.45,1087,14808159.551274,148.062076853,0.000000,-1894996.428938,32210
12875.72,1088,14800634.845055,147.986830084,0.000000,-2019491.600472,32240
12902.83,1089,14793161.673580,147.912094564,0.000000,-1944636.097630,32270
12929.00,1090,14783703.957113,147.817510790,0.000000,-1842103.233139,32287
12953.60,1091,14774393.637396,147.724401603,0.000000,-1752245.535449,32317
12977.71,1092,14763259.781132,147.613053721,0.000000,-1903193.373042,32347
13003.24,1093,14756888.521205,147.549334292,0.000000,-1742700.721245,32377
13033.99,1094,14740785.015337,147.388291171,0.000000,-1843503.875511,32407
13062.48,1095,14730778.422399,147.288217021,0.000000,-1883258.726723,32437
13086.11,1096,14714429.461081,147.124714393,0.000000,-2056728.391510,32467
13116.84,1097,14705449.905170,147.034909484,0.000000,-2119659.962226,32497
13144.57,1098,14695915.771131,146.939560763,0.000000,-1917559.251306,32527
13168.65,1099,14681460.952872,146.795000447,0.000000,-1850768.342253,32557
13190.56,1100,14672891.748440,146.709300829,0.000000,-1949552.248607,32587
13214.45,1101,14661769.707524,146.598078529,0.000000,-1741194.813102,32617
13244.06,1102,14647636.037100,146.456723334,0.000000,-2005700.639285,32647
13271.36,1103,14638705.507553,146.367407672,0.000000,-1844801.144794,32677
13294.16,1104,14626372.855999,146.244072445,0.000000,-1886121.056731,32694
13317.39,1105,14618687.390204,146.167217132,0.000000,-1832766.581174,32724
13347.71,1106,14606435.427112,146.044684305,0.000000,-1871417.011198,32754
13374.66,1107,14591107.620444,145.891386764,0.000000,-1958637.561425,32784
13400.58,1108,14579087.269375,145.771173722,0.000000,-1817499.566745,32814
13423.47,1109,14564202.844599,145.622313550,0.000000,-1725625.290779,32844
13449.66,1110,14551367.297151,145.493951262,0.000000,-1836196.821828,32874
13475.05,1111,14535283.255353,145.333097643,0.000000,-1918932.047462,32904
13506.04,1112,14523071.315946,145.210962396,0.000000,-1977339.851199,32934
13529.52,1113,14509766.346841,145.077904267,0.000000,-2017250.272694,32951
13559.83,1114,14495177.456979,144.932006753,0.000000,-2046845.163292,32981
13586.37,1115,14478693.306998,144.767148911,0.000000,-1875827.447249,33011
13615.97,1116,14459934.279531,144.579546625,0.000000,-2112829.456220,33041
13646.41,1117,14446251.223726,144.442712121,0.000000,-1891375.392758,33071
13672.63,1118,14430975.178423,144.289949466,0.000000,-1928014.810426,33101
13700.68,1119,14419003.933757,144.170230143,0.000000,-1816136.858575,33131
13727.92,1120,14401114.509996,143.991323167,0.000000,-2047945.883570,33161
13756.57,1121,14384213.873883,143.822309126,0.000000,-2055907.009913,33187
13786.39,1122,14369588.761614,143.676041275,0.000000,-1984371.686058,33217
13815.32,1123,14357242.770159,143.552572661,0.000000,-1856703.376603,33247
13844.30,1124,14341187.335211,143.392000157,0.000000,-1990458.776752,33277
13879.33,1125,14332525.306134,143.305376186,0.000000,-1812568.053452,33307
13908.94,1126,14326410.902383,143.244227471,0.000000,-1876046.888446,33337
13936.87,1127,14317006.099080,143.150174810,0.000000,-1815834.834546,33367
13972.74,1128,14306540.872067,143.045511048,0.000000,-1687777.916109,33397
14002.27,1129,14297773.456508,142.957831491,0.000000,-1953560.174650,33427
14026.65,1130,14291905.413513,142.899143140,0.000000,-1903143.706346,33457
14055.65,1131,14281634.544771,142.796429737,0.000000,-1870852.001818,33487
14086.14,1132,14267968.157342,142.659750420,0.000000,-1961019.497272,33517
14114.69,1133,14256772.238759,142.547779313,0.000000,-1700918.702161,33547
14137.89,1134,14248991.664252,142.469968242,0.000000,-1863848.509945,33577
14165.65,1135,14239176.958167,142.371810041,0.000000,-1820359.546348,33607
14193.37,1136,14231761.777094,142.297655262,0.000000,-1755477.376047,33633
14218.13,1137,14218193.644004,142.161967958,0.000000,-1963841.431012,33656
14244.33,1138,14209286.159809,142.072887777,0.000000,-1852409.751177,33686
14278.42,1139,14197769.279278,141.957714290,0.000000,-1870475.711008,33713
14302.71,1140,14189408.016758,141.874098535,0.000000,-1897626.823821,33743
14332.37,1141,14180111.944562,141.781125415,0.000000,-1869221.292194,33773
14358.40,1142,14169412.886776,141.674127603,0.000000,-1766039.546963,33803
14388.18,1143,14156344.984894,141.543430728,0.000000,-1961170.332933,33833
14433.10,1144,14142936.862244,141.409343832,0.000000,-1806181.847510,33863
14468.67,1145,14132921.429685,141.309171049,0.000000,-1798825.547585,33893
14500.37,1146,14122050.693150,141.200447884,0.000000,-1894432.408423,33923
14529.26,1147,14102681.280272,141.006738384,0.000000,-1769838.642585,33953
14555.86,1148,14086225.393530,140.842172964,0.000000,-1939105.431983,33983
14580.99,1149,14074970.603044,140.729616731,0.000000,-1854940.541122,34000
14612.69,1150,14061646.008525,140.596355351,0.000000,-1807905.632674,34030
14644.43,1151,14052661.180750,140.506507441,0.000000,-1892455.975667,34060
14672.58,1152,14036058.933955,140.340476219,0.000000,-1941391.083383,34090
14699.45,1153,14021453.559364,140.194412189,0.000000,-1851874.261338,34120
14727.78,1154,14000897.960410,139.988830913,0.000000,-1880438.165177,34150
14746.82,1155,13983652.726330,139.816368389,0.000000,-1771461.712963,34180
14775.46,1156,13968376.593026,139.663601781,0.000000,-1772787.330209,34210
14801.81,1157,13955635.234221,139.536175155,0.000000,-1774674.240356,34240
14831.23,1158,13945383.886596,139.433650415,0.000000,-1832487.740210,34257
14857.49,1159,13935071.956151,139.330524817,0.000000,-1702746.351487,34287
14883.18,1160,13918659.359456,139.166381179,0.000000,-1700025.583354,34305
14909.74,1161,13907402.817065,139.053811047,0.000000,-1965731.751044,34335
14937.12,1162,13895228.292615,138.932058753,0.000000,-1737292.834728,34365
14965.38,1163,13876735.250377,138.747112290,0.000000,-2054975.737279,34395
14992.86,1164,13855266.626209,138.532404621,0.000000,-1912276.930479,34425
15023.90,1165,13839682.648739,138.376551947,0.000000,-1889455.109269,34455
15053.35,1166,13827325.585213,138.252970974,0.000000,-1767341.563139,34485
15078.81,1167,13815160.372005,138.131306560,0.000000,-1669923.801767,34502
15106.81,1168,13804828.871303,138.027980130,0.000000,-1655450.696315,34532
15130.19,1169,13791813.757979,137.897812376,0.000000,-1666356.550040,34562
15157.85,1170,13781940.875563,137.799079320,0.000000,-1676822.563635,34592
15189.07,1171,13773709.069621,137.716756869,0.000000,-1486701.364083,34622
15218.32,1172,13744749.059521,137.427128107,0.000000,-1862864.367782,34652
15246.92,1173,13728161.626069,137.261234105,0.000000,-1911353.906363,34682
15275.38,1174,13707627.474211,137.055885536,0.000000,-1873625.868785,34712
15303.78,1175,13690766.954644,136.887271055,0.000000,-1739540.785433,34742
15335.55,1176,13677714.805973,136.756742102,0.000000,-1684633.428760,34772
15359.12,1177,13661568.148289,136.595260721,0.000000,-1767543.557725,34802
15379.14,1178,13647132.397039,136.450894807,0.000000,-1799325.348100,34832
15407.98,1179,13634500.105960,136.324565701,0.000000,-1683980.821033,34862
15436.14,1180,13616792.302701,136.147478677,0.000000,-1612575.163910,34892
15463.16,1181,13602623.832285,136.005783428,0.000000,-1815474.327834,34922
15493.83,1182,13590560.777503,135.885144324,0.000000,-1722568.522301,34952
15521.84,1183,13580243.979849,135.781962334,0.000000,-1748426.338835,34982
15552.13,1184,13568983.987383,135.669353891,0.000000,-1687191.204495,34988
15578.98,1185,13557362.617030,135.553127388,0.000000,-1621478.997991,35018
15604.40,1186,13548168.516915,135.461181063,0.000000,-1744583.284119,35048
15627.76,1187,13541406.678252,135.393553766,0.000000,-1678467.971842,35078
15655.56,1188,13533329.393123,135.312774970,0.000000,-1751797.155384,35108
15689.15,1189,13519311.726711,135.172587865,0.000000,-1758326.206406,35138
15720.35,1190,13507875.046291,135.058208322,0.000000,-1747622.363159,35168
15750.11,1191,13497696.002549,134.956404241,0.000000,-1779565.949064,35192
15780.09,1192,13491685.293603,134.896289570,0.000000,-1731305.715504,35198
15809.21,1193,13484201.998304,134.821446231,0.000000,-1611887.738804,35228
15841.82,1194,13469991.669860,134.679332882,0.000000,-1808990.125538,35255
15872.70,1195,13461758.817512,134.596998975,0.000000,-1641896.551688,35285
15899.12,1196,13455037.818091,134.529780744,0.000000,-1637766.848157,35291
15933.01,1197,13442664.029902,134.406025407,0.000000,-1916365.414091,35321
15957.94,1198,13430146.410223,134.280838448,0.000000,-1767378.003073,35351
15985.98,1199,13421018.689461,134.189548772,0.000000,-1668539.623042,35381
16014.56,1200,13410757.475052,134.086921155,0.000000,-1942557.050769,35411
16046.98,1201,13399942.038991,133.978756231,0.000000,-1669642.756506,35441
16071.02,1202,13389241.717004,133.871737810,0.000000,-1820580.778875,35471
16103.46,1203,13376325.969107,133.742569644,0.000000,-1876663.509096,35501
16132.72,1204,13367751.654431,133.656820970,0.000000,-1827508.685089,35531
16167.55,1205,13356235.868002,133.541654980,0.000000,-1752033.025934,35557
16202.38,1206,13347968.593854,133.458974362,0.000000,-1807847.701700,35587
16232.67,1207,13336422.187517,133.343502020,0.000000,-1827187.075996,35617
16261.72,1208,13328135.931272,133.260630455,0.000000,-1924606.515802,35647
16295.12,1209,13319428.236020,133.173543616,0.000000,-1989646.132208,35677
16321.53,1210,13304563.451214,133.024873530,0.000000,-1978939.856080,35707
16345.77,1211,13293875.691334,132.917987195,0.000000,-1843866.995904,35737
16378.82,1212,13281634.934137,132.795569343,0.000000,-1929700.726805,35767
16408.07,1213,13271396.731671,132.693176649,0.000000,-1898718.521782,35797
16442.26,1214,13260676.689316,132.585966849,0.000000,-1780207.076332,35827
16474.15,1215,13255727.334465,132.536467456,0.000000,-1723657.235919,35857
16502.29,1216,13245094.957012,132.430134033,0.000000,-1966255.190910,35887
16530.12,1217,13237292.387055,132.352103026,0.000000,-1838216.504431,35917
16556.42,1218,13224747.011534,132.226639722,0.000000,-1846149.999593,35947
16584.38,1219,13213764.898097,132.116805462,0.000000,-1852097.980345,35977
16615.67,1220,13207082.470281,132.049974614,0.000000,-1888357.711147,36007
16644.78,1221,13197686.895576,131.956009051,0.000000,-1805476.343902,36037
16671.94,1222,13188535.077401,131.864482881,0.000000,-1797043.117091,36067
16699.57,1223,13181254.889101,131.791675380,0.000000,-1818194.118669,36097
16725.95,1224,13176097.010156,131.740092234,0.000000,-1772794.819022,36127
16768.09,1225,13169377.340758,131.672886428,0.000000,-1663734.856780,36157
16796.03,1226,13163326.831145,131.612378736,0.000000,-1732170.889545,36174
16825.89,1227,13156344.719954,131.542555420,0.000000,-1685754.695427,36204
16854.15,1228,13151239.673315,131.491500413,0.000000,-1633900.393712,36234
16884.60,1229,13143119.575398,131.410295599,0.000000,-1695375.444927,36264
16911.87,1230,13137486.548937,131.353959814,0.000000,-1631132.821411,36294
16944.91,1231,13129294.868763,131.272037520,0.000000,-1632322.625399,36324
16975.45,1232,13121362.188295,131.192706272,0.000000,-1740423.485962,36354
17005.08,1233,13115496.883908,131.134046864,0.000000,-1677950.683468,36384
17034.51,1234,13110123.915198,131.080314738,0.000000,-1615327.727625,36414
17061.36,1235,13103977.995197,131.018854374,0.000000,-1737105.665726,36444
17088.98,1236,13097204.472677,130.951113159,0.000000,-1504679.673115,36474
17116.66,1237,13090206.737600,130.881127822,0.000000,-1679909.822359,36504
17146.21,1238,13085007.344408,130.829128260,0.000000,-1506956.626196,36534
17175.17,1239,13079967.580583,130.778727046,0.000000,-1462183.836458,36564
17203.23,1240,13076193.210400,130.740982453,0.000000,-1491518.056674,36594
17230.31,1241,13067632.018733,130.655363286,0.000000,-1503348.463945,36624
17257.63,1242,13059312.908280,130.572163930,0.000000,-1612523.025680,36654
17290.05,1243,13050567.100486,130.484699212,0.000000,-1628342.971305,36677
17319.86,1244,13041618.986320,130.395211693,0.000000,-1613538.550365,36707
17346.64,1245,13034143.287071,130.320445819,0.000000,-1455208.405680,36737
17374.08,1246,13026124.249495,130.240250980,0.000000,-1642312.320535,36767
17404.79,1247,13016285.241310,130.141843486,0.000000,-1637489.986706,36797
17441.18,1248,13003960.518645,130.018583809,0.000000,-1749304.038013,36827
17469.35,1249,12994928.392779,129.928253558,0.000000,-1613215.267402,36857
17497.80,1250,12986074.865459,129.839712923,0.000000,-1610644.318672,36887
17528.36,1251,12977577.397403,129.754724723,0.000000,-1602170.289419,36917
17555.11,1252,12969855.903876,129.677500634,0.000000,-1573980.737327,36947
17591.55,1253,12961183.145090,129.590763947,0.000000,-1409130.252436,36977
17626.01,1254,12946366.944274,129.442590377,0.000000,-1656907.573368,37007
17655.49,1255,12934073.716328,129.319654208,0.000000,-1619993.314370,37037
17694.40,1256,12918670.278063,129.165607795,0.000000,-1690545.223239,37067
17723.45,1257,12905175.342667,129.030650505,0.000000,-1739106.945964,37097
17753.10,1258,12895150.913854,128.930399474,0.000000,-1773911.800156,37127
17782.87,1259,12884752.848801,128.826403388,0.000000,-1687676.377590,37157
17815.16,1260,12869122.042195,128.670076526,0.000000,-1762394.610365,37187
17844.18,1261,12857593.517501,128.554778434,0.000000,-1631668.230192,37217
17873.95,1262,12846627.299750,128.445104217,0.000000,-1731272.258215,37229
17904.55,1263,12833884.417421,128.317656084,0.000000,-1618058.984275,37259
17937.60,1264,12823745.562487,128.216257425,0.000000,-1642159.785244,37289
17962.46,1265,12812247.859960,128.101270078,0.000000,-1606081.089775,37295
17986.65,1266,12791476.248931,127.893539003,0.000000,-1676596.799576,37325
18021.52,1267,12779140.589628,127.770169628,0.000000,-1839637.318508,37355
18052.76,1268,12769708.781171,127.675845022,0.000000,-1601536.363632,37385
18085.46,1269,12761635.261243,127.595099889,0.000000,-1556432.485579,37415
18116.22,1270,12748114.081412,127.459880371,0.000000,-1628681.130475,37445
18148.20,1271,12730490.381905,127.283627170,0.000000,-1669403.296149,37475
18176.27,1272,12714327.341514,127.121987606,0.000000,-1805453.303296,37505
18200.97,1273,12699008.430734,126.968788913,0.000000,-1649181.070909,37535
18226.74,1274,12686105.979156,126.839754286,0.000000,-1648034.625797,37565
18257.53,1275,12678250.782541,126.761196034,0.000000,-1574014.346551,37571
18288.42,1276,12672895.957465,126.707641422,0.000000,-1577430.127390,37601
18322.92,1277,12662770.556163,126.606386228,0.000000,-1611911.531436,37631
18357.92,1278,12650682.359816,126.485494394,0.000000,-1662863.777151,37661
18392.35,1279,12640806.619025,126.386722870,0.000000,-1558778.506745,37691
18421.55,1280,12633227.234759,126.310919192,0.000000,-1501523.871398,37721
18454.37,1281,12626522.428262,126.243866926,0.000000,-1510942.102008,37751
18483.39,1282,12619369.133465,126.172333691,0.000000,-1503047.066009,37781
18512.86,1283,12611204.972167,126.090686163,0.000000,-1710844.831764,37810
18545.22,1284,12604790.087672,126.026533585,0.000000,-1549558.373615,37840
18579.75,1285,12591563.383542,125.894256359,0.000000,-1597449.699366,37870
18615.94,1286,12574917.703464,125.727782211,0.000000,-1714676.911524,37887
18644.09,1287,12560673.763502,125.585330785,0.000000,-1685334.746503,37917
18671.64,1288,12545696.142848,125.435546807,0.000000,-1739922.615220,37947
18702.91,1289,12534567.003137,125.324239188,0.000000,-1590788.031028,37977
18730.94,1290,12523636.099604,125.214926047,0.000000,-1508901.681071,38007
18763.45,1291,12490367.026596,124.882220957,0.000000,-1782146.027997,38037
18801.25,1292,12472139.520347,124.699929357,0.000000,-1729346.935353,38067
18837.04,1293,12458889.777306,124.567425440,0.000000,-1561831.198506,38097
18873.81,1294,12444575.442383,124.424273748,0.000000,-1547411.366692,38127
18904.32,1295,12429276.208839,124.271287271,0.000000,-1606911.225757,38157
18939.96,1296,12415961.883651,124.138130652,0.000000,-1507262.636397,38187
18972.76,1297,12397292.773984,123.951436626,0.000000,-1608059.002988,38217
19002.52,1298,12381643.335207,123.794941824,0.000000,-1410867.721573,38247
19036.78,1299,12358512.265155,123.563605359,0.000000,-1559406.975255,38256
19068.68,1300,12337240.871399,123.350886173,0.000000,-1585735.996904,38286
19101.58,1301,12318814.539690,123.166618322,0.000000,-1538990.336327,38316
19132.78,1302,12301848.016034,122.996936812,0.000000,-1593336.405661,38346
19167.89,1303,12276967.939134,122.748116976,0.000000,-1583252.453694,38358
19201.45,1304,12256329.506318,122.541709290,0.000000,-1540980.847073,38388
19234.44,1305,12230153.756900,122.279946724,0.000000,-1551859.409986,38418
19265.19,1306,12205771.317035,122.036111600,0.000000,-1683004.144466,38448
19306.33,1307,12177759.693401,121.755980894,0.000000,-1626732.198695,38478
19346.10,1308,12140231.834619,121.380678485,0.000000,-1703394.810556,38508
19383.99,1309,12119281.377589,121.171155781,0.000000,-1572597.201355,38538
19420.48,1310,12088951.033982,120.867819357,0.000000,-1765083.701487,38568
19456.10,1311,12060632.506990,120.584625136,0.000000,-1731601.512025,38598
19489.81,1312,12032479.216250,120.303074800,0.000000,-1868597.658322,38628
19525.77,1313,12003638.953274,120.014649837,0.000000,-1734322.267552,38658
19557.79,1314,11979397.667981,119.772204177,0.000000,-1652507.843398,38688
19584.40,1315,11966463.133764,119.642850750,0.000000,-1605351.894370,38718
19615.52,1316,11952151.484255,119.499719336,0.000000,-1608900.412193,38748
19646.81,1317,11930823.321246,119.286433475,0.000000,-1661026.755655,38778
19678.62,1318,11916204.267106,119.140241256,0.000000,-1660113.182584,38808
19713.59,1319,11896036.222990,118.938549654,0.000000,-1647091.225644,38838
19748.39,1320,11868051.267644,118.658692735,0.000000,-1600901.771795,38868
19782.71,1321,11852389.359528,118.502062591,0.000000,-1616486.932557,38898
19820.24,1322,11837412.410905,118.352280890,0.000000,-1650834.885416,38928
19850.11,1323,11820967.236287,118.187822232,0.000000,-1555107.796870,38958
19882.15,1324,11791864.359267,117.896793273,0.000000,-1518110.949460,38988
19917.46,1325,11759081.926935,117.568940428,0.000000,-1528942.501545,39009
19950.41,1326,11732825.472214,117.306362332,0.000000,-1406569.367325,39039
19989.24,1327,11704392.198454,117.022003285,0.000000,-1524680.502023,39069
20024.00,1328,11671741.485185,116.695451886,0.000000,-1547120.449132,39099
20053.72,1329,11651108.561552,116.489099272,0.000000,-1558973.335676,39129
20099.69,1330,11622681.236424,116.204805432,0.000000,-1643272.605929,39159
20140.94,1331,11604904.771655,116.027024242,0.000000,-1547085.609107,39189
20177.75,1332,11593897.266227,115.916936134,0.000000,-1569182.665695,39219
20212.57,1333,11578223.196188,115.760188103,0.000000,-1493757.499228,39249
20247.27,1334,11551815.548431,115.496099543,0.000000,-1779781.284635,39279
20282.44,1335,11524298.230389,115.220910902,0.000000,-1712229.623655,39309
20318.59,1336,11503985.911437,115.017769469,0.000000,-1681706.004986,39339
20355.32,1337,11475855.407879,114.736450144,0.000000,-1763952.619215,39369
20388.75,1338,11459469.876030,114.572576314,0.000000,-1703157.189047,39381
20422.53,1339,11438413.609119,114.362008038,0.000000,-1619119.965146,39411
20460.53,1340,11420362.173819,114.181479507,0.000000,-1668492.011708,39441
20488.07,1341,11396563.576216,113.943470941,0.000000,-1602153.075238,39471
20516.32,1342,11377229.626803,113.750121178,0.000000,-1586369.700724,39501
20545.23,1343,11358077.945624,113.558587415,0.000000,-1448256.663673,39531
20576.62,1344,11332781.942736,113.305606563,0.000000,-1497823.589952,39561
20613.38,1345,11311988.391926,113.097661468,0.000000,-1551850.035884,39591
20645.07,1346,11291277.245677,112.890534635,0.000000,-1570575.390426,39621
20676.64,1347,11267918.238462,112.656943961,0.000000,-1616817.932339,39651
20707.33,1348,11238838.713264,112.366116868,0.000000,-1722061.503477,39681
20736.94,1349,11209496.718576,112.072660177,0.000000,-1482019.082161,39698
20766.35,1350,11196123.605324,111.938917677,0.000000,-1341484.858969,39728
20802.10,1351,11155094.866393,111.528589802,0.000000,-1542112.951405,39758
20833.00,1352,11133364.798211,111.311266616,0.000000,-1646622.657345,39788
20860.70,1353,11106482.296651,111.042429723,0.000000,-1563441.139517,39818
20897.10,1354,11086967.459106,110.847270874,0.000000,-1593140.863124,39848
20924.53,1355,11061900.294627,110.596570926,0.000000,-1602232.148121,39878
20957.90,1356,11048034.258356,110.457889566,0.000000,-1623123.969059,39908
20992.70,1357,11033176.184332,110.309282771,0.000000,-1569980.878391,39938
21028.83,1358,11013094.263309,110.108440800,0.000000,-1513707.566394,39968
21061.09,1359,10991281.024106,109.890290794,0.000000,-1644877.412321,39998
21096.16,1360,10969520.167959,109.672659437,0.000000,-1612194.865190,40028
21132.11,1361,10953198.312767,109.509423459,0.000000,-1540071.795028,40058
21167.65,1362,10941226.888554,109.389696997,0.000000,-1607606.654825,40088
21201.66,1363,10927817.210697,109.255594181,0.000000,-1554649.858213,40114
21230.86,1364,10907023.813218,109.047650099,0.000000,-1467870.175617,40144
21269.71,1365,10890059.040797,108.877996500,0.000000,-1679492.612363,40174
21309.76,1366,10866821.738850,108.645607986,0.000000,-1761522.869716,40204
21343.19,1367,10843680.327938,108.414197097,0.000000,-1663457.597179,40234
21378.27,1368,10828341.362038,108.260785881,0.000000,-1792068.552375,40264
21411.77,1369,10810815.941103,108.085511656,0.000000,-1822545.232340,40294
21440.78,1370,10792401.991111,107.901355931,0.000000,-1717614.058571,40324
21475.85,1371,10774604.391956,107.723366618,0.000000,-1573032.137686,40354
21511.13,1372,10750013.254009,107.477425069,0.000000,-1666219.201524,40384
21548.34,1373,10734922.307700,107.326506638,0.000000,-1618527.353736,40414
21581.76,1374,10706475.929388,107.042018956,0.000000,-1544401.185832,40426
21613.81,1375,10689140.176920,106.868642323,0.000000,-1578609.813804,40456
21641.42,1376,10670104.527552,106.678277002,0.000000,-1618015.095766,40486
21670.90,1377,10653889.655360,106.516121706,0.000000,-1453208.365203,40516
21702.93,1378,10642561.794523,106.402836093,0.000000,-1423266.222411,40546
21736.12,1379,10624043.140520,106.217653188,0.000000,-1440386.776274,40576
21773.51,1380,10614734.928369,106.124562956,0.000000,-1499942.959738,40606
21805.70,1381,10592724.336672,105.904439420,0.000000,-1628266.800086,40636
21839.27,1382,10579952.989900,105.776710897,0.000000,-1465603.987379,40666
21874.68,1383,10558801.818180,105.565179278,0.000000,-1656179.475322,40696
21908.54,1384,10545521.669657,105.432373614,0.000000,-1581453.350050,40726
21940.26,1385,10532748.839236,105.304635476,0.000000,-1364801.609694,40756
21976.73,1386,10514364.357312,105.120768591,0.000000,-1573325.366224,40771
22011.93,1387,10494772.306119,104.924822412,0.000000,-1539881.446119,40801
22049.64,1388,10481396.229693,104.791036162,0.000000,-1394953.473267,40831
22088.94,1389,10466061.938963,104.637676404,0.000000,-1389581.098752,40861
22125.96,1390,10457977.536594,104.556822262,0.000000,-1425752.209083,40891
22163.33,1391,10437093.703344,104.347965181,0.000000,-1462313.826916,40921
22199.25,1392,10423432.087298,104.211324387,0.000000,-1410539.995314,40951
22234.16,1393,10404761.294182,104.024601535,0.000000,-1458178.022137,40981
22272.06,1394,10382203.625820,103.799015013,0.000000,-1734047.282965,41011
22308.69,1395,10365527.089379,103.632248748,0.000000,-1622396.702733,41041
22337.29,1396,10344577.329892,103.422744110,0.000000,-1619618.339416,41071
22368.39,1397,10327462.755090,103.251587160,0.000000,-1620503.184314,41101
22396.16,1398,10308951.616622,103.066459112,0.000000,-1552983.665318,41131
22430.92,1399,10293571.739323,102.912645030,0.000000,-1864597.419232,41161
22466.92,1400,10276991.850431,102.746826858,0.000000,-1564796.308541,41191
22502.68,1401,10263402.775662,102.610926173,0.000000,-1651156.446982,41221
22530.88,1402,10253541.358333,102.512304889,0.000000,-1610582.271281,41251
22572.21,1403,10243858.565074,102.415468103,0.000000,-1796516.100303,41281
22602.58,1404,10233257.516213,102.309443659,0.000000,-1666968.910191,41311
22636.15,1405,10221778.477676,102.194646591,0.000000,-1624520.182005,41341
22673.15,1406,10210211.389596,102.078969183,0.000000,-1481337.464965,41371
22706.79,1407,10193088.093336,101.907715608,0.000000,-1659869.394965,41401
22741.16,1408,10177152.001394,101.748340555,0.000000,-1526769.733040,41431
22766.50,1409,10163603.647949,101.612847264,0.000000,-1521092.709169,41461
22800.44,1410,10148298.263856,101.459784611,0.000000,-1604652.006094,41491
22827.64,1411,10135396.779229,101.330762399,0.000000,-1664313.551694,41521
22866.14,1412,10121669.021795,101.193481216,0.000000,-1592031.612254,41551
22903.71,1413,10108520.245151,101.061980482,0.000000,-1557598.779308,41567
22935.71,1414,10085120.713952,100.827960323,0.000000,-1786039.690875,41597
22972.21,1415,10065555.466448,100.632292103,0.000000,-1669731.479535,41627
23001.41,1416,10050958.025862,100.486310221,0.000000,-1632779.002135,41657
23045.27,1417,10039705.227354,100.373767138,0.000000,-1595388.771707,41687
23078.42,1418,10021100.719007,100.187706668,0.000000,-1664279.200152,41717
23111.42,1419,10006151.402332,100.038206575,0.000000,-1643320.877323,41747
23146.91,1420,9996335.686100,99.940037266,0.000000,-1494955.157387,41777
23180.42,1421,9983559.335307,99.812258000,0.000000,-1468369.771902,41807
23213.47,1422,9964640.708598,99.623064192,0.000000,-1589885.654741,41837
23253.25,1423,9946679.728428,99.443436164,0.000000,-1624944.627923,41867
23287.12,1424,9931180.902014,99.288435914,0.000000,-1669455.386850,41897
23321.90,1425,9915386.286393,99.130483245,0.000000,-1556356.874168,41927
23356.43,1426,9902446.102216,99.001072090,0.000000,-1344784.154266,41957
23394.11,1427,9888242.101806,98.859028296,0.000000,-1539687.989099,41987
23423.57,1428,9874177.377756,98.718370437,0.000000,-1500683.623596,42017
23462.49,1429,9860892.941220,98.585525868,0.000000,-1395979.719948,42047
23493.24,1430,9847446.021766,98.451035443,0.000000,-1633546.986257,42077
23525.65,1431,9834975.493961,98.326318017,0.000000,-1532954.853103,42107
23559.05,1432,9822160.077397,98.198150086,0.000000,-1634419.598741,42137
23593.02,1433,9808871.473775,98.065249198,0.000000,-1602443.676717,42167
23626.37,1434,9795834.091682,97.934866468,0.000000,-1564079.049119,42197
23658.85,1435,9784721.676349,97.823725576,0.000000,-1482958.543817,42227
23698.00,1436,9757518.320174,97.551681193,0.000000,-1762110.268125,42257
23729.60,1437,9739494.652444,97.371429185,0.000000,-1791676.357217,42287
23759.71,1438,9728004.656987,97.256514879,0.000000,-1630966.672810,42317
23794.83,1439,9711356.977159,97.090021911,0.000000,-1396603.616332,42347
23827.61,1440,9698528.030977,96.961723618,0.000000,-1452756.995842,42377
23859.16,1441,9690782.707773,96.884257386,0.000000,-1470673.909216,42404
23890.10,1442,9682633.919723,96.802770885,0.000000,-1492776.049371,42434
23920.25,1443,9674773.928441,96.724163361,0.000000,-1675638.036421,42464
23956.23,1444,9662841.290717,96.604821293,0.000000,-1525271.509965,42494
23987.55,1445,9648361.058990,96.460006577,0.000000,-1487874.722420,42524
24025.65,1446,9637702.054020,96.353408764,0.000000,-1642184.512823,42554
24068.45,1447,9629401.853406,96.270398095,0.000000,-1476844.932813,42571
24104.02,1448,9618322.307095,96.159592776,0.000000,-1531739.681465,42601
24136.24,1449,9607026.230951,96.046630768,0.000000,-1521693.975684,42631
24168.74,1450,9597446.854905,95.950829169,0.000000,-1554850.133723,42661
24204.42,1451,9589680.779277,95.873162509,0.000000,-1469454.546868,42678
24238.23,1452,9583901.413617,95.815366600,0.000000,-1459018.668419,42708
24269.79,1453,9576463.496357,95.740984244,0.000000,-1673700.178686,42738
24303.09,1454,9572397.476955,95.700321111,0.000000,-1494969.834763,42768
24339.55,1455,9567087.540793,95.647212674,0.000000,-1734141.012274,42798
24382.13,1456,9561359.749743,95.589931724,0.000000,-1548965.947036,42828
24413.77,1457,9556378.595383,95.540115874,0.000000,-1469401.871911,42858
24448.70,1458,9548499.456640,95.461318159,0.000000,-1490819.436458,42888
24486.77,1459,9541923.828860,95.395555009,0.000000,-1602798.518731,42918
24521.33,1460,9534010.280736,95.316411975,0.000000,-1581636.099916,42939
24554.65,1461,9527029.055194,95.246593593,0.000000,-1584420.923933,42969
24586.94,1462,9521829.435388,95.194594240,0.000000,-1567816.907297,42999
24621.16,1463,9515173.886991,95.128033716,0.000000,-1561873.371451,43029
24652.47,1464,9507337.894665,95.049672948,0.000000,-1560291.517346,43059
24684.76,1465,9502025.218028,94.996545197,0.000000,-1434423.891456,43076
24715.32,1466,9495027.355789,94.926561301,0.000000,-1661734.201493,43106
24751.15,1467,9486948.122978,94.845760163,0.000000,-1490916.039281,43136
24781.13,1468,9477468.013618,94.750948813,0.000000,-1669641.598753,43166
24819.34,1469,9468550.574447,94.661767685,0.000000,-1532579.616396,43196
24854.96,1470,9462687.260923,94.603132003,0.000000,-1507208.159501,43226
24899.88,1471,9452980.501184,94.506055032,0.000000,-1577584.978552,43256
24940.89,1472,9443294.477412,94.409187723,0.000000,-1557593.631113,43286
24982.39,1473,9436462.570121,94.340865487,0.000000,-1527224.898861,43316
25013.25,1474,9426938.316786,94.245617642,0.000000,-1533794.279971,43346
25043.55,1475,9417505.489110,94.151283411,0.000000,-1550848.155044,43376
25074.80,1476,9409539.871985,94.071617523,0.000000,-1387496.983809,43406
25106.65,1477,9399759.976052,93.973807981,0.000000,-1350098.099720,43436
25141.26,1478,9390510.893327,93.881314461,0.000000,-1448131.560276,43466
25170.13,1479,9380258.667270,93.778783595,0.000000,-1465070.888168,43496
25207.11,1480,9368769.730818,93.663881738,0.000000,-1468588.659375,43526
25246.24,1481,9357987.691529,93.556049485,0.000000,-1478587.903425,43556
25275.46,1482,9350353.645544,93.479699882,0.000000,-1372589.859099,43586
25310.61,1483,9342741.309523,93.403569485,0.000000,-1484185.389722,43616
25348.68,1484,9333942.029812,93.315575430,0.000000,-1440466.752378,43646
25390.57,1485,9324872.620726,93.224871750,0.000000,-1508760.524091,43676
25429.62,1486,9311930.162855,93.095437007,0.000000,-1517350.158670,43706
25464.91,1487,9301661.517791,92.992744567,0.000000,-1539989.707276,43736
25503.18,1488,9292165.334803,92.897775438,0.000000,-1470742.967997,43766
25534.69,1489,9275600.323957,92.732123477,0.000000,-1682430.386320,43796
25571.08,1490,9263287.864644,92.608984162,0.000000,-1606083.235719,43826
25608.83,1491,9247769.151308,92.453795447,0.000000,-1311816.368014,43856
25648.89,1492,9233942.507523,92.315513014,0.000000,-1436141.946341,43886
25684.70,1493,9218953.660393,92.165612561,0.000000,-1507238.069720,43903
25724.34,1494,9208513.924193,92.061213001,0.000000,-1504501.800180,43933
25762.34,1495,9197743.091398,91.953493659,0.000000,-1402184.264675,43963
25810.38,1496,9176990.185237,91.745957571,0.000000,-1550990.280511,43993
25852.27,1497,9160964.058344,91.585678547,0.000000,-1697312.354918,44023
25886.07,1498,9143382.103645,91.409825018,0.000000,-1567336.876616,44053
25919.95,1499,9129819.293174,91.274183797,0.000000,-1433919.825559,44083
25952.74,1500,9110484.993831,91.080812808,0.000000,-1452780.684836,44113
25994.72,1501,9093495.538239,90.910904927,0.000000,-1652602.721712,44143
26030.99,1502,9084715.929901,90.823094682,0.000000,-1509556.847942,44173
26063.09,1503,9074677.026965,90.722689770,0.000000,-1475038.376513,44203
26096.75,1504,9064945.354590,90.625366229,0.000000,-1627673.812286,44233
26139.93,1505,9050495.615568,90.480860873,0.000000,-1492826.971991,44263
26176.92,1506,9043143.887955,90.407336073,0.000000,-1448800.927099,44293
26212.97,1507,9029870.054154,90.274588257,0.000000,-1312325.340483,44323
26254.80,1508,9014048.908536,90.116371187,0.000000,-1546263.878401,44347
26291.84,1509,9001348.379214,89.989365836,0.000000,-1591546.559272,44377
26332.08,1510,8990498.036922,89.880853068,0.000000,-1361833.803386,44407
26362.54,1511,8979067.822202,89.766559116,0.000000,-1349125.100192,44437
26393.21,1512,8959419.357206,89.570057706,0.000000,-1572858.161244,44467
26429.95,1513,8939395.486572,89.369805230,0.000000,-1408159.289847,44497
26473.64,1514,8926751.239978,89.243354153,0.000000,-1331701.799306,44527
26510.71,1515,8910954.715467,89.085392733,0.000000,-1248981.167653,44557
26540.94,1516,8893006.070226,88.905902010,0.000000,-1420864.369858,44587
26568.58,1517,8877836.318376,88.754197026,0.000000,-1472862.769353,44617
26608.37,1518,8866191.514871,88.637747915,0.000000,-1435142.076584,44647
26650.14,1519,8853462.420454,88.510447104,0.000000,-1352687.134957,44677
26692.11,1520,8839433.045926,88.370140647,0.000000,-1483779.304846,44689
26741.56,1521,8825237.664679,88.228182584,0.000000,-1421682.963633,44719
26784.47,1522,8807505.156278,88.050836129,0.000000,-1408777.446723,44749
26826.76,1523,8795250.378274,87.928283202,0.000000,-1502374.826547,44779
26871.52,1524,8782325.043204,87.799017261,0.000000,-1435997.355452,44809
26910.56,1525,8770198.236271,87.677744963,0.000000,-1515725.906101,44839
26946.66,1526,8759650.203481,87.572264912,0.000000,-1373809.738041,44869
26991.09,1527,8743018.308326,87.405927635,0.000000,-1359958.233566,44899
27029.89,1528,8731434.118530,87.290077853,0.000000,-1334289.689311,44929
27075.32,1529,8717239.883580,87.148134728,0.000000,-1409646.452934,44959
27118.68,1530,8707785.228258,87.053580479,0.000000,-1304873.265198,44989
27148.75,1531,8696785.661473,86.943575989,0.000000,-1364987.070195,45019
27186.00,1532,8684951.614136,86.825230704,0.000000,-1410232.030605,45049
27230.27,1533,8674684.290693,86.722554423,0.000000,-1428907.880937,45079
27264.20,1534,8664759.898238,86.623307082,0.000000,-1392266.567825,45109
27300.58,1535,8651483.152189,86.490537140,0.000000,-1429746.501394,45139
27339.19,1536,8640640.756728,86.382114916,0.000000,-1492963.649124,45169
27376.23,1537,8629111.478641,86.266818260,0.000000,-1360018.620612,45199
27414.07,1538,8617649.422590,86.152182624,0.000000,-1364451.367950,45229
27455.90,1539,8601034.933003,85.986022068,0.000000,-1430994.143748,45259
27498.95,1540,8588189.435517,85.857564454,0.000000,-1412625.019702,45289
27540.78,1541,8569024.993651,85.665907839,0.000000,-1356206.676703,45319
27576.81,1542,8555954.207878,85.535189623,0.000000,-1384922.341777,45349
27617.04,1543,8545634.317866,85.431987798,0.000000,-1393624.583371,45379
27656.13,1544,8529271.622058,85.268352665,0.000000,-1373875.136049,45409
27694.56,1545,8515116.404225,85.126790527,0.000000,-1346583.120129,45439
27735.84,1546,8502410.244019,84.999716098,0.000000,-1329051.869997,45469
27776.64,1547,8491973.176225,84.895331674,0.000000,-1335366.359577,45499
27819.27,1548,8468054.228505,84.656130009,0.000000,-1401787.707775,45529
27863.42,1549,8455525.365794,84.530852603,0.000000,-1538676.655091,45559
27905.06,1550,8438778.107994,84.363368556,0.000000,-1413609.678133,45576
27955.04,1551,8425810.743891,84.233690723,0.000000,-1436946.151960,45606
27992.47,1552,8415234.493113,84.127920799,0.000000,-1433805.976731,45636
28027.78,1553,8405580.781946,84.031380246,0.000000,-1544414.542425,45666
28064.01,1554,8397423.622106,83.949798909,0.000000,-1405757.982555,45696
28100.08,1555,8390854.049327,83.884099018,0.000000,-1532830.885631,45726
28145.74,1556,8382964.729389,83.805198102,0.000000,-1335777.761499,45756
28179.97,1557,8369966.955830,83.675215258,0.000000,-1436872.297344,45786
28223.23,1558,8360528.273026,83.580814350,0.000000,-1454052.202528,45816
28264.48,1559,8353705.663597,83.512582442,0.000000,-1316586.587808,45846
28306.42,1560,8342329.384021,83.398817182,0.000000,-1297942.523610,45876
28354.50,1561,8329162.353272,83.267145862,0.000000,-1445240.076850,45906
28400.68,1562,8319777.811524,83.173295014,0.000000,-1329008.322765,45936
28440.82,1563,8310874.316692,83.084260411,0.000000,-1262843.159115,45966
28483.84,1564,8294157.215771,82.917087644,0.000000,-1377839.612932,45996
28531.91,1565,8280354.103493,82.779067715,0.000000,-1330634.342339,46026
28567.20,1566,8266011.657544,82.635633279,0.000000,-1333011.510944,46056
28610.72,1567,8252180.375939,82.497325308,0.000000,-1321663.425807,46086
28651.21,1568,8235052.340455,82.326037113,0.000000,-1231449.731033,46116
28694.05,1569,8217372.212471,82.149228525,0.000000,-1362724.515563,46146
28732.48,1570,8202243.582816,81.997938876,0.000000,-1360362.130384,46176
28774.05,1571,8179035.005199,81.765846294,0.000000,-1307014.246118,46206
28847.46,1572,8161565.663116,81.591150538,0.000000,-1218430.471442,46236
28894.02,1573,8136909.776489,81.344569524,0.000000,-1410431.227690,46266
28940.15,1574,8121065.373470,81.186124873,0.000000,-1350581.549311,46296
28975.66,1575,8100017.854422,80.975632249,0.000000,-1191453.756012,46326
29030.89,1576,8080727.322196,80.782720797,0.000000,-1355002.346138,46356
29069.96,1577,8055415.129400,80.529593768,0.000000,-1217487.947517,46386
29113.10,1578,8022538.636908,80.200834418,0.000000,-1487493.028353,46416
29155.37,1579,7993349.885744,79.908958218,0.000000,-1227816.240007,46446
29192.54,1580,7974295.341698,79.718422847,0.000000,-1331936.261210,46476
29238.60,1581,7944988.276169,79.425310307,0.000000,-1358067.569809,46506
29282.92,1582,7925871.627057,79.234111057,0.000000,-1393394.545478,46536
29318.28,1583,7910663.746670,79.082044276,0.000000,-1417871.618360,46566
29364.02,1584,7889880.616457,78.874203850,0.000000,-1378123.113632,46596
29397.59,1585,7866607.948500,78.641449915,0.000000,-1279275.584919,46613
29442.13,1586,7852950.721155,78.504877090,0.000000,-1289582.032103,46643
29496.42,1587,7823673.669608,78.212097294,0.000000,-1459842.831003,46673
29544.13,1588,7801049.504520,77.985835649,0.000000,-1549343.676185,46703
29584.99,1589,7770349.655592,77.678827634,0.000000,-1359046.950687,46733
29630.50,1590,7747778.488016,77.453108619,0.000000,-1363581.327260,46763
29701.92,1591,7728512.806586,77.260440126,0.000000,-1437444.274132,46780
