elapsed_s,iteration,lp_obj,route_weight,artificials,min_rc,pool_columns
3.89,1,28900000.000000,289.000000000,0.000000,-5099914.528000,289
4.27,2,23800085.472000,238.000000000,0.000000,-3999888.576000,317
4.66,3,20000192.848000,200.000000000,0.000000,-3299903.040000,347
5.05,4,20000192.848000,200.000000000,0.000000,-4399907.504000,357
5.46,5,18820247.822400,188.200000000,0.000000,-3999892.088000,371
5.88,6,18820247.822400,188.200000000,0.000000,-4879839.553600,383
6.28,7,18573938.272000,185.736842105,0.000000,-3899910.600000,397
6.73,8,18085975.804571,180.857142857,0.000000,-3635542.668571,426
7.15,9,17966936.634667,179.666666667,0.000000,-4318916.997333,436
7.57,10,17608615.538000,176.083333333,0.000000,-4399873.160000,448
8.03,11,17305293.028667,173.050000000,0.000000,-3929904.444000,473
8.44,12,16933645.760000,169.333333333,0.000000,-3472337.622385,491
8.87,13,16824379.554222,168.240740741,0.000000,-3726735.035556,506
9.31,14,16619308.418092,166.189967105,0.000000,-4056693.270882,532
9.74,15,16523801.993455,165.234848485,0.000000,-3974906.076000,555
10.17,16,16412221.026360,164.119003115,0.000000,-4120712.551536,583
10.61,17,16276929.886597,162.766034031,0.000000,-3849923.248000,613
11.10,18,16162344.610233,161.620155039,0.000000,-3901740.476178,625
11.55,19,16138972.604117,161.386416589,0.000000,-3879840.446395,642
12.09,20,16094898.410596,160.945634267,0.000000,-4061247.607341,658
12.52,21,16060914.305566,160.605781866,0.000000,-3699931.968000,670
12.97,22,16022303.456411,160.219671536,0.000000,-3866729.598841,686
13.42,23,15981960.706841,159.816209378,0.000000,-3697111.407348,702
13.88,24,15934002.672171,159.336654804,0.000000,-3766408.467331,726
14.35,25,15814815.568333,158.144747223,0.000000,-3599178.258508,745
14.80,26,15710934.198194,157.105871737,0.000000,-3755255.198465,763
15.24,27,15529187.780422,155.288361575,0.000000,-3661820.705573,777
15.70,28,15408836.448500,154.084766823,0.000000,-3566333.829780,799
16.19,29,15360615.195560,153.602523834,0.000000,-3587486.508662,807
16.67,30,15329351.851233,153.289847710,0.000000,-3609415.950568,835
17.13,31,15258969.026201,152.585995015,0.000000,-3794046.214099,845
17.60,32,15231270.667146,152.308997861,0.000000,-3109898.386989,861
18.07,33,15113191.482472,151.128164291,0.000000,-3354828.241033,880
18.53,34,15016048.986288,150.156696771,0.000000,-3501415.194429,897
19.00,35,14959039.786602,149.586597445,0.000000,-3401108.294589,910
19.47,36,14924869.776744,149.244892971,0.000000,-3384042.230491,929
19.95,37,14863644.847682,148.632608167,0.000000,-3480266.087441,953
20.45,38,14788006.021100,147.876168584,0.000000,-3360200.473398,978
20.97,39,14683331.877516,146.829373471,0.000000,-3540558.884675,983
21.43,40,14637812.085696,146.374147298,0.000000,-3269889.326278,1007
21.95,41,14566444.088446,145.660430544,0.000000,-3248555.757057,1037
22.47,42,14523797.808154,145.233956309,0.000000,-3249250.380494,1039
22.97,43,14468740.219314,144.683348747,0.000000,-3257029.416158,1053
23.48,44,14392728.881784,143.923207220,0.000000,-3392918.555814,1061
23.99,45,14340671.261654,143.402601224,0.000000,-3158339.915508,1085
24.51,46,14275194.713170,142.747830750,0.000000,-3238873.113221,1092
25.02,47,14187480.685186,141.870646939,0.000000,-3162731.366772,1104
25.54,48,14115756.858930,141.153394016,0.000000,-3447867.589108,1116
26.14,49,14031510.903211,140.310897706,0.000000,-3180490.689527,1125
26.69,50,13982328.637220,139.819069947,0.000000,-3325526.134644,1145
27.19,51,13951213.010451,139.507889336,0.000000,-3176832.347741,1162
27.68,52,13912509.214742,139.120833849,0.000000,-3265505.817167,1182
28.19,53,13896287.125702,138.958616169,0.000000,-3357223.145005,1198
28.68,54,13868143.321841,138.677158555,0.000000,-3094492.700119,1206
29.19,55,13828235.441575,138.278064328,0.000000,-3138256.947719,1214
29.73,56,13807680.206806,138.072486186,0.000000,-3335272.379610,1240
30.23,57,13746867.965200,137.464323877,0.000000,-3289216.464804,1257
30.73,58,13701676.666537,137.012388658,0.000000,-3114559.604985,1281
31.27,59,13665226.246551,136.647870838,0.000000,-3104401.728519,1294
31.80,60,13586511.870108,135.860664588,0.000000,-2840028.449438,1315
32.31,61,13538809.370233,135.383623002,0.000000,-3008547.372126,1319
32.82,62,13505671.548082,135.052220543,0.000000,-2894420.702159,1323
33.36,63,13478365.702675,134.779149231,0.000000,-2895386.447076,1334
33.87,64,13454475.842186,134.540224754,0.000000,-3176728.818815,1352
34.37,65,13421255.561801,134.207993468,0.000000,-2958950.816850,1368
34.91,66,13398512.581798,133.980543416,0.000000,-2990464.258905,1374
35.39,67,13380638.582451,133.801788437,0.000000,-3058364.979602,1389
35.96,68,13323204.338526,133.227377476,0.000000,-3079707.572031,1419
36.47,69,13246221.351721,132.457511058,0.000000,-2900174.843746,1435
37.00,70,13169194.018249,131.687188641,0.000000,-3083236.470609,1454
37.52,71,13145316.749765,131.448422703,0.000000,-2772633.002633,1468
38.06,72,13105586.084106,131.051103804,0.000000,-2992235.631393,1494
38.59,73,13067125.817455,130.666484849,0.000000,-3010912.797193,1498
39.12,74,13047957.813665,130.474801531,0.000000,-2803968.877852,1506
39.67,75,13031414.018553,130.309355336,0.000000,-2951565.747705,1513
40.22,76,13007648.651109,130.071698415,0.000000,-3143931.760112,1535
40.74,77,12988242.309530,129.877621519,0.000000,-3069741.060718,1539
41.31,78,12963840.026907,129.633584608,0.000000,-2837956.136009,1542
41.94,79,12942964.832018,129.424805955,0.000000,-2929498.907517,1555
42.50,80,12890645.471086,128.901573629,0.000000,-2767777.588351,1559
43.05,81,12841858.582345,128.413667762,0.000000,-3008201.683658,1573
43.63,82,12787966.309246,127.874702630,0.000000,-2966611.624435,1581
44.32,83,12758524.556364,127.580266850,0.000000,-3056589.965247,1596
44.92,84,12707577.733896,127.070764427,0.000000,-2940868.598343,1608
45.48,85,12651334.418017,126.508269782,0.000000,-3090081.751808,1616
46.05,86,12632601.641196,126.320932395,0.000000,-2888725.564795,1646
46.62,87,12607927.606418,126.074188092,0.000000,-3020487.555200,1671
47.15,88,12580394.898569,125.798865032,0.000000,-3000695.959288,1699
47.79,89,12543605.044046,125.430953056,0.000000,-2634011.757721,1729
48.31,90,12439400.055891,124.388829782,0.000000,-2787924.322056,1737
48.92,91,12379629.895923,123.791121828,0.000000,-2927623.214604,1767
49.54,92,12345315.863873,123.447960874,0.000000,-2682154.035586,1797
50.09,93,12297669.477790,122.971487954,0.000000,-2637013.857669,1824
50.62,94,12261529.215154,122.610061158,0.000000,-2554452.659587,1854
51.21,95,12227079.032649,122.265562126,0.000000,-2722014.593342,1884
51.78,96,12201420.338008,122.008976294,0.000000,-2642043.327558,1914
52.37,97,12148973.067911,121.484471454,0.000000,-2562847.825561,1944
52.98,98,12071951.945864,120.714207182,0.000000,-2727160.596648,1974
53.56,99,12029032.824447,120.284991689,0.000000,-2660599.659045,1998
54.21,100,11907215.800542,119.066748881,0.000000,-2956274.506394,2028
54.74,101,11852804.223646,118.522610736,0.000000,-2709666.277191,2038
55.41,102,11803142.351131,118.025975289,0.000000,-2674914.657756,2068
56.09,103,11772519.540111,117.719715720,0.000000,-2671179.203835,2078
56.65,104,11664244.179459,116.636946782,0.000000,-2883302.371091,2086
57.33,105,11586805.966322,115.862532085,0.000000,-2791007.399228,2116
58.03,106,11523920.207579,115.233649314,0.000000,-2772694.003866,2146
58.74,107,11476178.389464,114.756196377,0.000000,-2815686.061369,2176
59.41,108,11447690.078445,114.471290262,0.000000,-2653205.951911,2202
60.07,109,11380480.970453,113.799151342,0.000000,-2693449.903167,2232
60.77,110,11353313.742697,113.527468856,0.000000,-2675877.504416,2262
61.42,111,11298424.867477,112.978565535,0.000000,-2644468.371078,2292
62.14,112,11244124.483971,112.435524353,0.000000,-2757374.436068,2296
62.85,113,11186309.890686,111.857334881,0.000000,-2681524.044427,2326
63.58,114,11136866.974798,111.362909033,0.000000,-2869505.559936,2356
64.24,115,11099972.241093,110.993965583,0.000000,-2749897.949753,2382
64.88,116,11046392.946520,110.458150594,0.000000,-2735407.144694,2412
65.57,117,11020898.758212,110.203203914,0.000000,-2762149.435095,2442
66.32,118,10997381.786555,109.968034467,0.000000,-2728206.832509,2470
66.99,119,10971885.707499,109.713076091,0.000000,-2856639.508903,2500
67.72,120,10944753.359068,109.441745074,0.000000,-2533529.277692,2530
68.48,121,10919186.173837,109.186070005,0.000000,-2770377.651560,2550
69.12,122,10889090.719850,108.885107613,0.000000,-2717766.751593,2580
69.79,123,10854774.000102,108.541915615,0.000000,-2687325.213296,2610
70.51,124,10814508.227238,108.139240524,0.000000,-2778564.387615,2640
71.18,125,10793173.577063,107.925895173,0.000000,-2753527.494970,2670
71.86,126,10770494.724064,107.699089958,0.000000,-2792770.212260,2700
72.55,127,10754172.595945,107.535867888,0.000000,-2467439.100307,2730
73.21,128,10734190.149636,107.336030695,0.000000,-2695165.078810,2760
73.88,129,10718122.334936,107.175349859,0.000000,-2349245.612618,2790
74.57,130,10705449.209539,107.048620120,0.000000,-2460270.233930,2820
75.19,131,10688766.045339,106.881789102,0.000000,-2664279.890730,2850
76.12,132,10645682.620526,106.450940630,0.000000,-2580022.008296,2880
76.86,133,10603309.361750,106.027196735,0.000000,-2628881.590075,2910
77.65,134,10575470.058538,105.748750780,0.000000,-2509735.888108,2940
78.30,135,10551246.310814,105.506510658,0.000000,-2535062.128332,2970
79.04,136,10508151.065714,105.075542930,0.000000,-2550320.190077,3000
79.81,137,10470640.388021,104.700414035,0.000000,-2810080.253329,3030
80.65,138,10445627.357425,104.450283079,0.000000,-2562446.481597,3060
81.33,139,10421894.073626,104.212943510,0.000000,-2510960.990178,3090
82.10,140,10400837.547793,104.002363820,0.000000,-2642642.363086,3120
82.89,141,10370295.562900,103.696929524,0.000000,-2727835.590452,3150
83.78,142,10345247.135945,103.446434199,0.000000,-2754271.362456,3180
84.61,143,10333876.850018,103.332722043,0.000000,-2419792.600477,3203
85.57,144,10322950.928931,103.223458658,0.000000,-2334958.116822,3233
86.40,145,10308367.610023,103.077619622,0.000000,-2384542.017830,3256
87.22,146,10294512.749755,102.939062631,0.000000,-2416618.409359,3285
88.01,147,10281900.615517,102.812924955,0.000000,-2370227.638191,3315
88.89,148,10239713.224411,102.391049723,0.000000,-2705631.842164,3345
89.76,149,10209440.414163,102.088298688,0.000000,-2671190.808226,3375
90.56,150,10180134.224968,101.795218148,0.000000,-2474521.931176,3405
91.36,151,10156590.154833,101.559762958,0.000000,-2625666.962031,3435
92.22,152,10120396.164321,101.197803895,0.000000,-2637439.269285,3465
93.14,153,10090042.187933,100.894241250,0.000000,-2546218.624592,3481
94.13,154,10059371.125198,100.587513408,0.000000,-2571967.202358,3509
95.01,155,9990281.033781,99.896562260,0.000000,-2478226.628367,3539
95.75,156,9964397.653331,99.637722434,0.000000,-2412610.730591,3565
96.62,157,9946311.180340,99.456844042,0.000000,-2613261.331316,3595
97.70,158,9905102.063091,99.044721806,0.000000,-2734725.149126,3625
98.61,159,9874740.942768,98.741098113,0.000000,-2453782.847120,3655
99.50,160,9818449.856087,98.178172141,0.000000,-2529149.445404,3683
100.37,161,9742229.662441,97.415951760,0.000000,-2617012.376174,3713
101.14,162,9721985.303934,97.213503598,0.000000,-2390299.751277,3742
101.98,163,9699959.114873,96.993231978,0.000000,-2716147.041802,3772
102.75,164,9672162.914436,96.715261367,0.000000,-2442835.778532,3802
103.55,165,9642846.331101,96.422083327,0.000000,-2285691.079987,3832
104.47,166,9592488.746675,95.918477054,0.000000,-2581553.997673,3862
105.38,167,9569967.080798,95.693245211,0.000000,-2491637.014016,3892
106.25,168,9531830.356747,95.311858547,0.000000,-2424062.883443,3922
107.15,169,9498646.036706,94.979996026,0.000000,-2468128.444308,3952
108.03,170,9460435.763794,94.597878222,0.000000,-2240816.405012,3982
108.99,171,9444748.543602,94.441002806,0.000000,-2345696.083241,4012
109.98,172,9412799.512777,94.121478398,0.000000,-2457614.265781,4042
110.89,173,9388197.346997,93.875440022,0.000000,-2347527.720151,4072
111.90,174,9366601.316930,93.659470134,0.000000,-2327639.919300,4102
112.79,175,9354789.056853,93.541338198,0.000000,-2264943.530709,4132
113.72,176,9333415.168679,93.327581131,0.000000,-2460903.295542,4162
114.73,177,9320733.716105,93.200755942,0.000000,-2609327.670037,4192
115.66,178,9306024.420299,93.053643875,0.000000,-2484089.993181,4216
116.61,179,9293301.565414,92.926406347,0.000000,-2161236.575480,4246
117.58,180,9286784.221609,92.861229657,0.000000,-2358906.537075,4276
118.46,181,9277391.850674,92.767301341,0.000000,-2536080.322081,4306
119.59,182,9261716.534655,92.610531330,0.000000,-2290482.088439,4336
120.61,183,9239383.538638,92.387185005,0.000000,-2354764.887136,4365
121.62,184,9206212.760701,92.055452227,0.000000,-2227015.404561,4393
122.63,185,9161121.405083,91.604483737,0.000000,-2251221.053828,4419
123.66,186,9111428.023714,91.107536045,0.000000,-2076240.599595,4449
124.54,187,9063745.940001,90.630700675,0.000000,-2048452.537145,4479
125.46,188,9033272.507780,90.325933776,0.000000,-2317097.847761,4509
126.48,189,8994254.082731,89.935729705,0.000000,-2282932.757346,4539
127.54,190,8960921.967306,89.602390883,0.000000,-2287392.638301,4569
128.48,191,8929033.707078,89.283488294,0.000000,-2409210.026629,4599
129.54,192,8901817.766858,89.011302297,0.000000,-2252404.308417,4629
130.49,193,8877511.145831,88.768220522,0.000000,-2102466.005986,4659
131.60,194,8858021.817215,88.573305774,0.000000,-1998430.637735,4689
132.66,195,8830705.692278,88.300114435,0.000000,-2139478.334442,4717
133.74,196,8788285.138889,87.875885198,0.000000,-1986099.587985,4747
134.73,197,8757644.738172,87.569465645,0.000000,-1924197.909386,4770
135.81,198,8736065.667936,87.353669493,0.000000,-2120366.517553,4800
136.81,199,8720558.637700,87.198594196,0.000000,-1918073.872563,4830
137.80,200,8689484.488334,86.887829656,0.000000,-2133117.150916,4860
138.87,201,8656978.970303,86.562751868,0.000000,-2108544.902764,4890
139.94,202,8629272.248273,86.285678776,0.000000,-2268014.683992,4908
141.03,203,8602043.837582,86.013386985,0.000000,-2123251.656866,4938
142.17,204,8572379.300203,85.716730076,0.000000,-2066269.757125,4968
143.27,205,8547115.630126,85.464090673,0.000000,-2239570.112272,4998
144.43,206,8521847.368973,85.211397201,0.000000,-2174282.039001,5028
145.37,207,8504704.184617,85.039948059,0.000000,-2187521.169856,5058
146.33,208,8493787.821820,84.930777514,0.000000,-2116381.836129,5088
147.29,209,8489243.869951,84.885335479,0.000000,-2183698.715516,5118
148.36,210,8470493.542216,84.697821827,0.000000,-2093014.779709,5148
149.44,211,8458698.081526,84.579860237,0.000000,-1981471.388745,5178
150.47,212,8446236.986046,84.455242155,0.000000,-1958769.791252,5208
151.57,213,8433241.980294,84.325283285,0.000000,-2164147.699836,5238
152.71,214,8422190.857825,84.214764260,0.000000,-1904669.410373,5268
153.97,215,8410421.531399,84.097060876,0.000000,-1956649.197585,5298
154.96,216,8398902.049268,83.981857410,0.000000,-2060119.501328,5305
156.22,217,8386056.932108,83.853397036,0.000000,-1939679.445832,5335
157.36,218,8378781.859804,83.780638384,0.000000,-1978920.518729,5365
158.54,219,8370292.087098,83.695739152,0.000000,-2045476.332853,5395
159.58,220,8351266.671354,83.505464800,0.000000,-2183507.406985,5425
160.69,221,8327840.055562,83.271186682,0.000000,-2211237.072944,5455
161.67,222,8309672.231024,83.089501324,0.000000,-1924950.249363,5485
162.77,223,8296161.946049,82.954394762,0.000000,-2064035.796107,5515
163.89,224,8279120.441317,82.783963832,0.000000,-1967077.351090,5545
165.01,225,8260964.202362,82.602397416,0.000000,-2052108.202974,5575
166.21,226,8247415.171627,82.466891841,0.000000,-2070949.789064,5605
167.19,227,8225222.295305,82.244947037,0.000000,-2091152.243761,5635
168.45,228,8210110.311692,82.093820242,0.000000,-2152064.350686,5665
169.68,229,8196930.077500,81.962009138,0.000000,-2217944.708630,5695
170.86,230,8167350.323197,81.666170711,0.000000,-2115195.127434,5725
172.07,231,8146276.622801,81.455420693,0.000000,-2136273.575807,5747
173.42,232,8122637.343108,81.218997039,0.000000,-2144377.176957,5777
174.68,233,8108198.107464,81.074605826,0.000000,-2172232.046227,5807
175.81,234,8097789.658948,80.970518818,0.000000,-1974820.824021,5829
176.95,235,8083822.961117,80.830845190,0.000000,-2149801.574782,5859
178.31,236,8061657.676802,80.609172797,0.000000,-2310528.513403,5889
179.35,237,8038952.550462,80.382112291,0.000000,-1946048.265907,5912
180.64,238,8026012.270256,80.252702539,0.000000,-1912765.927392,5942
181.91,239,8015209.448852,80.144672181,0.000000,-2063799.078520,5963
183.28,240,8006653.416926,80.059109964,0.000000,-1902419.972215,5993
184.47,241,7982418.575615,79.816751494,0.000000,-2005258.141904,6023
185.74,242,7969439.958903,79.686960238,0.000000,-2072910.054432,6053
187.07,243,7956020.833758,79.552747531,0.000000,-2086708.271204,6083
188.28,244,7929226.841143,79.284782567,0.000000,-2004941.915908,6113
189.66,245,7908305.877758,79.075562686,0.000000,-1936781.642620,6143
190.96,246,7873490.459780,78.727385827,0.000000,-1965448.009996,6172
192.19,247,7856477.008196,78.557235228,0.000000,-2092080.973221,6202
193.35,248,7828536.896637,78.277818000,0.000000,-2078333.902658,6220
194.59,249,7808324.872543,78.075683305,0.000000,-2075972.360417,6250
195.71,250,7786017.948306,77.852613319,0.000000,-1820037.640630,6272
196.93,251,7772131.394352,77.713742845,0.000000,-1705495.407543,6302
198.37,252,7756380.780715,77.556220685,0.000000,-2026069.902855,6310
199.59,253,7740112.925799,77.393525978,0.000000,-2090482.691098,6340
200.90,254,7728060.334537,77.272995357,0.000000,-1921871.994577,6370
202.09,255,7710717.165737,77.099542476,0.000000,-1919110.449140,6400
203.42,256,7689860.782513,76.890946719,0.000000,-1967601.037618,6430
204.83,257,7679902.183974,76.791352297,0.000000,-2168041.603788,6460
205.96,258,7672409.793746,76.716415321,0.000000,-2053630.491538,6490
207.25,259,7646481.055333,76.457090477,0.000000,-1840165.849113,6520
208.60,260,7608702.938651,76.079294388,0.000000,-1940294.163234,6550
210.08,261,7564081.781464,75.633046610,0.000000,-1923994.431063,6580
211.40,262,7546309.433506,75.455309155,0.000000,-1757658.513170,6610
212.56,263,7524177.527342,75.233986258,0.000000,-1920631.194365,6640
214.01,264,7495502.777017,74.947202217,0.000000,-2046940.963301,6670
215.37,265,7482983.285127,74.822002891,0.000000,-2045009.996223,6683
216.68,266,7472352.900084,74.715694669,0.000000,-1882334.577867,6713
218.36,267,7458407.945667,74.576234498,0.000000,-1788213.736271,6743
219.62,268,7433742.629177,74.329561053,0.000000,-1818337.656223,6773
220.81,269,7414358.025850,74.135691762,0.000000,-1989914.174421,6803
222.01,270,7387992.731522,73.872025824,0.000000,-1981973.372499,6833
223.29,271,7365648.962199,73.648571884,0.000000,-1878024.313169,6863
224.56,272,7346778.643283,73.459849169,0.000000,-1803764.062578,6870
226.00,273,7326361.058358,73.255656068,0.000000,-1753495.387740,6900
227.30,274,7308754.916732,73.079583829,0.000000,-1656709.553231,6930
228.78,275,7287039.793788,72.862403191,0.000000,-1735162.407383,6954
230.00,276,7255713.300532,72.549113800,0.000000,-1834084.433896,6984
231.20,277,7219186.159610,72.183803274,0.000000,-1724217.584766,7014
232.62,278,7191660.394807,71.908493770,0.000000,-1736669.721426,7044
233.82,279,7167916.230099,71.671046028,0.000000,-1515213.490761,7074
235.25,280,7137342.962724,71.365277438,0.000000,-1798892.469442,7101
236.75,281,7100304.063981,70.994859295,0.000000,-1831014.207180,7131
238.36,282,7057778.598741,70.569598898,0.000000,-1776685.299278,7157
239.96,283,7032828.684668,70.320079191,0.000000,-1642895.744791,7187
241.40,284,7002726.720578,70.019053421,0.000000,-1800446.096838,7217
242.83,285,6966026.820145,69.652031756,0.000000,-1938860.134277,7247
244.39,286,6934288.698704,69.334627738,0.000000,-1655107.267437,7277
246.00,287,6900703.351900,68.998769359,0.000000,-1632587.276571,7307
247.33,288,6876365.416823,68.755355303,0.000000,-1686604.950284,7331
248.77,289,6842257.586270,68.414253800,0.000000,-1651073.745945,7361
250.25,290,6825986.237519,68.251518514,0.000000,-1387886.445576,7391
251.69,291,6792104.133292,67.912681672,0.000000,-1732924.359029,7421
252.95,292,6772692.823478,67.718553855,0.000000,-1640973.004785,7451
254.31,293,6757210.307499,67.563723981,0.000000,-1700060.519320,7481
255.88,294,6739251.104338,67.384124467,0.000000,-1825385.625235,7511
257.32,295,6724410.150040,67.235701617,0.000000,-1899404.450939,7541
258.72,296,6705157.127661,67.043157676,0.000000,-1696321.913954,7562
260.11,297,6695605.883166,66.947634974,0.000000,-1652901.302004,7592
261.72,298,6683727.178675,66.828836440,0.000000,-1653171.529421,7622
263.18,299,6674166.344368,66.733207285,0.000000,-1559427.337307,7643
264.67,300,6653753.446043,66.529056922,0.000000,-1590651.229214,7668
266.00,301,6635964.141710,66.351153226,0.000000,-1481372.342125,7688
267.62,302,6620425.346434,66.195755883,0.000000,-1738866.696780,7718
269.11,303,6605477.527087,66.046254030,0.000000,-1886508.469490,7748
270.71,304,6588748.808852,65.878948213,0.000000,-1736795.084431,7778
272.17,305,6575350.602825,65.744956236,0.000000,-1425113.782995,7805
273.49,306,6560289.984721,65.594331948,0.000000,-1649348.001937,7835
275.10,307,6543928.481417,65.430685470,0.000000,-1692886.492546,7865
276.56,308,6526620.657258,65.257578830,0.000000,-1710471.577808,7895
278.03,309,6502479.617788,65.016128444,0.000000,-1692887.734778,7925
279.63,310,6491120.015375,64.902516111,0.000000,-1639528.304551,7955
281.32,311,6471289.749583,64.704202163,0.000000,-1839707.653620,7974
283.01,312,6454924.842058,64.540542822,0.000000,-1575693.486135,8004
284.45,313,6434668.358069,64.337944143,0.000000,-1835093.582965,8034
286.07,314,6415019.874201,64.141450955,0.000000,-1713152.387071,8064
287.55,315,6402852.757460,64.019763625,0.000000,-1646419.566313,8093
289.30,316,6388631.553688,63.877531087,0.000000,-1595430.680906,8123
290.91,317,6365981.132048,63.650997961,0.000000,-1764743.282441,8153
292.26,318,6351414.661278,63.505318448,0.000000,-1623018.042100,8183
293.76,319,6333721.562956,63.328367647,0.000000,-1612209.609983,8213
295.28,320,6310781.789446,63.098928453,0.000000,-1716942.316709,8243
296.82,321,6290316.871769,62.894266345,0.000000,-1554551.276226,8273
298.49,322,6271198.729189,62.703057758,0.000000,-1907579.799950,8303
300.14,323,6251955.603324,62.510619015,0.000000,-1649590.668503,8333
302.70,324,6233453.967622,62.325587470,0.000000,-1700166.657541,8363
304.42,325,6221262.819858,62.203667038,0.000000,-1600398.029456,8393
305.85,326,6205435.313649,62.045375760,0.000000,-1663103.299199,8418
307.46,327,6193731.295762,61.928326704,0.000000,-1623131.795039,8448
309.15,328,6186395.878352,61.854967448,0.000000,-1495850.227889,8478
310.88,329,6165400.657571,61.645006132,0.000000,-1724595.858889,8508
312.55,330,6144270.115100,61.433701496,0.000000,-1688988.060818,8527
314.05,331,6125378.798390,61.244761358,0.000000,-1656618.544052,8557
315.60,332,6107739.698566,61.068353691,0.000000,-1711115.775318,8587
317.52,333,6083758.863424,60.828535348,0.000000,-1766327.856831,8617
319.25,334,6068216.679038,60.673087295,0.000000,-1757651.425070,8647
320.86,335,6047108.535610,60.461972853,0.000000,-1622660.471547,8664
322.84,336,6025496.946533,60.245833651,0.000000,-1561925.309914,8694
324.56,337,5992016.458403,59.911013801,0.000000,-1771930.284260,8724
326.12,338,5965807.054427,59.648915852,0.000000,-1724919.068836,8754
327.72,339,5949554.361256,59.486376819,0.000000,-1535772.921592,8784
329.35,340,5935312.285236,59.343946918,0.000000,-1715342.214297,8805
331.22,341,5913153.524593,59.122357555,0.000000,-1407043.459228,8835
333.34,342,5890805.580144,58.898856897,0.000000,-1509705.810566,8865
334.94,343,5876997.666455,58.760767001,0.000000,-1597180.200219,8895
336.47,344,5855990.249317,58.550675395,0.000000,-1510608.764543,8925
338.29,345,5842142.889122,58.412191026,0.000000,-1372742.069101,8955
340.41,346,5822651.806341,58.217271113,0.000000,-2039495.856680,8985
342.25,347,5786530.622161,57.856050967,0.000000,-1567317.923465,9004
343.83,348,5762189.945759,57.612634206,0.000000,-1811880.941580,9034
345.40,349,5737587.485616,57.366608411,0.000000,-1792061.143090,9064
347.33,350,5703367.160690,57.024377434,0.000000,-1721986.835038,9094
349.01,351,5683212.042527,56.822798278,0.000000,-1807784.522974,9124
350.58,352,5640555.599324,56.396228362,0.000000,-1661098.927593,9154
352.16,353,5611717.755631,56.107848337,0.000000,-1595864.325087,9184
353.92,354,5582094.096372,55.811585718,0.000000,-1722923.294367,9214
355.80,355,5566793.975518,55.658576150,0.000000,-1340982.818211,9244
357.76,356,5548749.589930,55.478128561,0.000000,-1541127.031547,9274
359.57,357,5530041.249763,55.291026222,0.000000,-1506309.443895,9304
361.05,358,5514589.638811,55.136491760,0.000000,-1436767.847727,9334
362.72,359,5489263.491065,54.883215916,0.000000,-1496353.137608,9364
364.49,360,5470799.418464,54.698562207,0.000000,-1562809.715874,9394
366.30,361,5452369.200687,54.514247067,0.000000,-1743946.932930,9424
367.86,362,5441979.873511,54.410343178,0.000000,-1590238.404445,9454
369.80,363,5426563.717307,54.256174722,0.000000,-1548800.302827,9484
371.50,364,5418734.789760,54.177878878,0.000000,-1517074.991948,9514
373.41,365,5408927.225034,54.079797593,0.000000,-1654959.502495,9544
375.27,366,5398657.613417,53.977080538,0.000000,-1590132.781349,9571
377.16,367,5387696.707282,53.867461037,0.000000,-1620874.228598,9601
378.91,368,5377583.393702,53.766320568,0.000000,-1508256.061157,9631
380.59,369,5371572.197621,53.706204978,0.000000,-1605437.289854,9661
382.60,370,5361338.821127,53.603859243,0.000000,-1807815.326630,9691
384.22,371,5353481.522453,53.525274633,0.000000,-1634463.699968,9716
385.87,372,5339520.764132,53.385650011,0.000000,-1634621.297496,9746
387.82,373,5329373.591593,53.284176939,0.000000,-1456178.917765,9763
389.52,374,5313692.180742,53.127351491,0.000000,-1381924.707640,9793
391.47,375,5305642.693323,53.046850621,0.000000,-1421804.005568,9823
393.38,376,5296907.418417,52.959489650,0.000000,-1606993.560317,9853
395.29,377,5288674.836318,52.877152206,0.000000,-1465955.056749,9883
397.05,378,5279318.693025,52.783586378,0.000000,-1505856.939854,9913
398.90,379,5274570.148550,52.736096732,0.000000,-1367351.200970,9940
400.88,380,5264735.522303,52.637746561,0.000000,-1431056.717191,9970
402.46,381,5253933.508023,52.529722742,0.000000,-1568646.060760,10000
404.19,382,5243766.375326,52.428048913,0.000000,-1503075.089256,10030
405.79,383,5233375.488582,52.324131239,0.000000,-1411469.971035,10059
407.65,384,5226766.355662,52.258032196,0.000000,-1336135.091612,10089
409.55,385,5222345.798609,52.213824063,0.000000,-1270931.304951,10119
411.25,386,5215321.488691,52.143573678,0.000000,-1411383.023803,10149
412.95,387,5210187.361812,52.092223168,0.000000,-1436582.234632,10166
414.53,388,5203546.408322,52.025807362,0.000000,-1501256.525764,10192
416.27,389,5193593.182721,51.926271525,0.000000,-1537392.987139,10222
418.28,390,5183057.484353,51.820910103,0.000000,-1445452.138317,10252
420.13,391,5177767.053891,51.767998954,0.000000,-1300591.074935,10282
422.03,392,5167019.395544,51.660513235,0.000000,-1334522.036653,10312
424.03,393,5156062.056893,51.550930991,0.000000,-1250585.837433,10342
426.00,394,5140872.022711,51.399026634,0.000000,-1440408.810952,10372
428.08,395,5128481.550119,51.275122489,0.000000,-1532770.767389,10402
429.95,396,5117341.080943,51.163707858,0.000000,-1695431.799890,10432
431.92,397,5106225.994734,51.052555954,0.000000,-1665380.329763,10462
433.95,398,5098729.353188,50.977583234,0.000000,-1513576.369433,10492
435.81,399,5083184.761629,50.822135469,0.000000,-1656574.047206,10522
437.63,400,5078464.014411,50.774926243,0.000000,-1620871.383112,10546
439.78,401,5068834.162786,50.678623894,0.000000,-1499492.976055,10576
442.28,402,5062672.942421,50.617006874,0.000000,-1483413.183019,10599
444.60,403,5056890.850991,50.559184262,0.000000,-1629995.346847,10629
446.66,404,5052727.736321,50.517547069,0.000000,-1374411.314468,10656
448.35,405,5049451.880032,50.484783703,0.000000,-1628287.100462,10686
450.05,406,5044342.978516,50.433690094,0.000000,-1592906.778995,10716
452.41,407,5036588.985335,50.356145538,0.000000,-1647496.654021,10746
454.35,408,5025393.092110,50.244175598,0.000000,-1517462.843429,10776
456.34,409,5016616.107214,50.156392026,0.000000,-1350292.658685,10806
458.87,410,5009420.554701,50.084426219,0.000000,-1519120.724976,10836
461.01,411,5001290.271076,50.003114523,0.000000,-1544834.200622,10866
463.06,412,4992995.079993,49.920156764,0.000000,-1571596.593625,10896
465.13,413,4980135.445771,49.791537003,0.000000,-1545547.245412,10926
467.21,414,4966396.668498,49.654144528,0.000000,-1803563.094594,10956
469.19,415,4959867.617927,49.588846064,0.000000,-1436914.127234,10986
471.09,416,4954803.376316,49.538204263,0.000000,-1548516.611539,11016
473.21,417,4948176.073050,49.471925718,0.000000,-1428207.207252,11046
475.37,418,4939894.190961,49.389097628,0.000000,-1290813.048450,11076
478.01,419,4929313.503446,49.283284947,0.000000,-1431822.357582,11106
480.31,420,4916929.176988,49.159429037,0.000000,-1458171.627729,11136
482.12,421,4904503.366851,49.035161088,0.000000,-1599000.695860,11166
484.32,422,4889306.043564,48.883175101,0.000000,-1491077.523263,11196
486.20,423,4880488.823281,48.794994295,0.000000,-1502157.236727,11226
488.45,424,4872710.771609,48.717210459,0.000000,-1398922.077273,11252
490.92,425,4865808.204810,48.648181380,0.000000,-1464818.783419,11282
493.04,426,4853432.244592,48.524418178,0.000000,-1381507.854624,11312
495.11,427,4841525.179450,48.405329256,0.000000,-1654142.891307,11342
497.16,428,4828633.215442,48.276408639,0.000000,-1461912.531165,11372
499.17,429,4819369.615613,48.183769910,0.000000,-1370972.892679,11402
501.42,430,4812854.892923,48.118619936,0.000000,-1306071.168486,11432
503.57,431,4809066.041126,48.080731110,0.000000,-1414553.184403,11462
505.74,432,4803715.479534,48.027225165,0.000000,-1279558.754489,11492
507.78,433,4796443.894982,47.954502921,0.000000,-1571723.193272,11507
510.10,434,4783967.891978,47.829729392,0.000000,-1621070.951622,11537
512.08,435,4775615.266452,47.746196119,0.000000,-1504141.811357,11566
514.14,436,4770679.414449,47.696836969,0.000000,-1362503.676721,11596
516.41,437,4765340.568980,47.643443567,0.000000,-1603888.780979,11626
518.49,438,4757578.569647,47.565819281,0.000000,-1486057.677082,11656
521.10,439,4738504.665635,47.375066533,0.000000,-1820584.907854,11686
523.26,440,4721672.104572,47.206732917,0.000000,-1795262.819642,11716
525.31,441,4704313.196215,47.033129075,0.000000,-1654939.632122,11746
527.60,442,4693877.610826,46.928766446,0.000000,-1545571.936540,11776
529.79,443,4689372.474173,46.883712993,0.000000,-1508317.101449,11806
531.99,444,4678153.275966,46.771509892,0.000000,-1461441.640836,11836
534.31,445,4665011.180566,46.640093207,0.000000,-1550540.967288,11866
537.17,446,4652728.327063,46.517260836,0.000000,-1453162.945546,11896
539.64,447,4635740.498040,46.347360857,0.000000,-1498334.607443,11926
541.96,448,4619401.813186,46.183963194,0.000000,-1440002.421038,11956
543.84,449,4611381.876291,46.103762127,0.000000,-1331967.918786,11986
546.23,450,4599908.252061,45.989016350,0.000000,-1399424.925127,12016
548.46,451,4593015.054977,45.920083797,0.000000,-1286314.832244,12046
550.84,452,4586803.429381,45.857962963,0.000000,-1350113.435101,12076
553.29,453,4579973.489246,45.789662633,0.000000,-1461404.423030,12106
555.61,454,4570695.179309,45.696875737,0.000000,-1415368.715791,12136
558.35,455,4563755.608428,45.627474571,0.000000,-1359767.873347,12166
560.87,456,4555597.060097,45.545883768,0.000000,-1230389.527396,12196
563.56,457,4545247.661266,45.442379192,0.000000,-1418898.713483,12226
566.08,458,4539046.903365,45.380367463,0.000000,-1372814.986113,12256
568.51,459,4524914.507308,45.239032613,0.000000,-1600998.833127,12277
571.10,460,4513247.889523,45.122355365,0.000000,-1650521.209365,12307
573.26,461,4504339.386904,45.033265588,0.000000,-1331106.786086,12337
575.80,462,4494504.692362,44.934928837,0.000000,-1286199.342530,12367
578.09,463,4484488.997033,44.834768107,0.000000,-1474246.230227,12373
580.26,464,4475827.284331,44.748147917,0.000000,-1408725.122317,12403
582.20,465,4464833.883024,44.638193116,0.000000,-1489695.494628,12433
584.56,466,4456143.517311,44.551289777,0.000000,-1526023.606181,12463
586.62,467,4446543.531932,44.455283704,0.000000,-1512034.711464,12493
589.05,468,4439750.758745,44.387352569,0.000000,-1532563.077032,12523
591.56,469,4432004.961984,44.309895553,0.000000,-1292189.514884,12553
594.53,470,4421472.191376,44.204558463,0.000000,-1460270.414673,12559
597.22,471,4404462.421849,44.034443879,0.000000,-1464644.470213,12589
599.68,472,4394632.822997,43.936143378,0.000000,-1475970.357799,12619
602.55,473,4372591.449218,43.715719659,0.000000,-1620086.973773,12644
605.11,474,4345599.944223,43.445792152,0.000000,-1455572.651745,12674
607.47,475,4334893.112595,43.338727388,0.000000,-1345049.744824,12704
609.59,476,4321079.258797,43.200587808,0.000000,-1381241.375740,12734
611.79,477,4303850.907664,43.028289302,0.000000,-1279586.007724,12764
614.43,478,4291611.488233,42.905887246,0.000000,-1331024.672906,12794
616.76,479,4282421.342163,42.813975971,0.000000,-1349749.670045,12824
619.17,480,4272128.493162,42.711043278,0.000000,-1412542.949164,12854
621.62,481,4261364.013213,42.603390917,0.000000,-1215839.827438,12884
623.47,482,4251928.944650,42.509035366,0.000000,-1454298.033335,12914
626.34,483,4244477.803645,42.434512581,0.000000,-1325432.227866,12944
629.06,484,4241488.079176,42.404614523,0.000000,-1433153.323759,12974
631.26,485,4236320.949330,42.352940744,0.000000,-1310150.121831,13004
633.55,486,4230874.971107,42.298473151,0.000000,-1333012.146967,13034
636.26,487,4220943.210128,42.199144075,0.000000,-1554808.695195,13064
639.14,488,4216257.378944,42.152279009,0.000000,-1254398.429620,13094
641.62,489,4210560.788689,42.095306706,0.000000,-1331001.766015,13124
643.79,490,4205578.838514,42.045484692,0.000000,-1174756.579424,13143
646.29,491,4196705.175295,41.956737386,0.000000,-1440062.855255,13150
648.72,492,4189950.195329,41.889178591,0.000000,-1412350.123041,13180
651.92,493,4176399.273178,41.753653791,0.000000,-1350211.020816,13210
654.55,494,4157886.300727,41.568499716,0.000000,-1694561.648421,13240
657.09,495,4146907.183605,41.458698955,0.000000,-1685482.794023,13270
659.24,496,4137382.823739,41.363445090,0.000000,-1460496.139077,13300
661.80,497,4129160.510656,41.281204678,0.000000,-1447587.910428,13330
664.02,498,4119278.714741,41.182381798,0.000000,-1337159.144282,13360
666.53,499,4109440.335581,41.083992944,0.000000,-1427312.156994,13390
669.06,500,4101546.217375,41.005039458,0.000000,-1453077.073248,13420
671.84,501,4095590.579013,40.945477965,0.000000,-1556194.703129,13450
674.54,502,4090843.352979,40.897997099,0.000000,-1328316.127389,13480
677.66,503,4081879.772087,40.808355287,0.000000,-1392471.916882,13506
679.92,504,4073146.216425,40.721013663,0.000000,-1373104.769224,13528
682.46,505,4069721.626333,40.686765596,0.000000,-1220538.597532,13558
685.05,506,4048684.945492,40.476392164,0.000000,-1464614.783906,13588
687.68,507,4027179.033060,40.261316106,0.000000,-1336774.107295,13618
690.95,508,4009858.489442,40.088091292,0.000000,-1481047.409048,13648
693.30,509,3991824.665894,39.907737242,0.000000,-1473931.970258,13678
696.24,510,3975208.157164,39.741566462,0.000000,-1275246.897563,13708
698.46,511,3962839.269063,39.617862452,0.000000,-1303583.777976,13738
701.41,512,3939550.748413,39.384973484,0.000000,-1190995.688842,13766
703.97,513,3928902.068624,39.278476635,0.000000,-1246901.911283,13796
706.94,514,3915085.502487,39.140306413,0.000000,-1376717.116791,13826
709.90,515,3907562.862536,39.065080954,0.000000,-1308108.117608,13856
712.90,516,3878499.548500,38.774425822,0.000000,-1396684.530861,13886
715.92,517,3867208.900741,38.661507747,0.000000,-1508945.149160,13916
718.50,518,3854204.777696,38.531463866,0.000000,-1283276.385059,13946
720.67,519,3833536.790967,38.324767117,0.000000,-1412876.333667,13976
722.96,520,3818836.878422,38.177758184,0.000000,-1080652.129902,14006
725.44,521,3805263.647556,38.042019474,0.000000,-1247837.236733,14036
728.11,522,3795823.869658,37.947616552,0.000000,-1104504.549952,14054
730.54,523,3775656.512952,37.745936540,0.000000,-1282859.609549,14084
732.96,524,3729711.996520,37.286467208,0.000000,-1317922.806127,14114
735.45,525,3710205.338720,37.091394846,0.000000,-1257363.755725,14144
737.63,526,3696912.932108,36.958458247,0.000000,-1264456.577450,14174
739.98,527,3681355.995076,36.802878350,0.000000,-1264598.762060,14204
742.63,528,3665327.026937,36.642577114,0.000000,-1477953.598853,14230
745.11,529,3650763.843823,36.496947723,0.000000,-1474880.488758,14260
748.14,530,3633127.023911,36.320567009,0.000000,-1219172.462369,14290
750.57,531,3617020.643135,36.159495309,0.000000,-1145685.949969,14315
753.21,532,3604543.001486,36.034691286,0.000000,-1253336.018534,14345
756.19,533,3587035.794344,35.859617683,0.000000,-1358196.429340,14375
758.29,534,3573813.482363,35.727384171,0.000000,-1469085.448910,14405
761.12,535,3562227.250209,35.611516090,0.000000,-1440218.209624,14435
763.86,536,3552471.888957,35.513961155,0.000000,-1298857.116271,14465
766.96,537,3543558.990703,35.424821740,0.000000,-1601096.308306,14495
769.53,538,3526201.436041,35.251236321,0.000000,-1375834.116012,14525
771.86,539,3518398.720359,35.173218181,0.000000,-1266042.203480,14555
774.68,540,3511440.610149,35.103632148,0.000000,-1377478.808321,14585
777.08,541,3503078.912831,35.020011323,0.000000,-1242216.459340,14614
779.55,542,3498847.743402,34.977696645,0.000000,-1119372.209782,14644
782.55,543,3485924.941446,34.848455255,0.000000,-1338064.275679,14673
784.98,544,3470174.835633,34.690941395,0.000000,-1190568.834786,14703
788.02,545,3458607.627329,34.575270025,0.000000,-1157242.049691,14733
790.71,546,3443223.173584,34.421417324,0.000000,-1247047.770613,14763
793.62,547,3431192.965377,34.301109626,0.000000,-1394330.136387,14793
796.29,548,3411624.313792,34.105411527,0.000000,-1294283.994828,14823
799.08,549,3395759.629021,33.946753264,0.000000,-1290468.842488,14853
802.19,550,3374997.734718,33.739122430,0.000000,-1550796.250079,14883
804.88,551,3352811.000876,33.517235382,0.000000,-1345051.559822,14913
807.76,552,3338449.529456,33.373607530,0.000000,-1328304.677432,14943
810.61,553,3328452.638466,33.273636061,0.000000,-1151265.720838,14973
813.68,554,3299835.523354,32.987452901,0.000000,-1108123.041629,15003
816.91,555,3267883.733697,32.667925727,0.000000,-1250392.905362,15033
820.79,556,3246676.971896,32.455851271,0.000000,-1309771.665510,15063
824.41,557,3215311.304127,32.142170595,0.000000,-1353412.488221,15093
827.49,558,3197529.489121,31.964337441,0.000000,-1123337.006349,15123
830.74,559,3180572.278169,31.794767625,0.000000,-1226884.987193,15153
833.73,560,3140713.867515,31.396167225,0.000000,-1274489.407011,15183
837.08,561,3120729.118184,31.196303290,0.000000,-1067548.758642,15213
840.01,562,3094900.836250,30.937990626,0.000000,-1147937.137399,15243
842.80,563,3071847.700728,30.707442626,0.000000,-1069737.642866,15273
845.45,564,3055244.494290,30.541401895,0.000000,-1022074.255198,15303
848.07,565,3044289.086073,30.431838291,0.000000,-1072106.429265,15333
850.75,566,3032756.948499,30.316507079,0.000000,-1067670.070987,15363
853.37,567,3020294.699487,30.191878593,0.000000,-1178476.374908,15393
856.76,568,2998533.609436,29.974246880,0.000000,-1257299.116700,15423
860.09,569,2980320.525708,29.792099142,0.000000,-1092584.530037,15453
863.71,570,2951475.919167,29.503645447,0.000000,-1290722.218315,15483
867.48,571,2909284.962511,29.081716719,0.000000,-1172003.209200,15513
870.96,572,2891282.377803,28.901682474,0.000000,-1152487.303305,15543
873.70,573,2864657.127287,28.635405513,0.000000,-1038329.486385,15573
876.47,574,2850336.003958,28.492193976,0.000000,-1000252.482338,15603
880.16,575,2836315.230309,28.351975354,0.000000,-1180572.819917,15633
883.56,576,2818801.671516,28.176836856,0.000000,-1173459.237107,15660
886.83,577,2799727.373919,27.986077147,0.000000,-1034569.975985,15690
890.16,578,2779778.401548,27.786573407,0.000000,-1287365.219967,15720
893.31,579,2766319.937880,27.651985451,0.000000,-1180072.154798,15748
896.25,580,2749633.151358,27.485087472,0.000000,-1242881.572583,15778
899.22,581,2740402.691107,27.392782514,0.000000,-1050154.173674,15808
904.50,582,2734863.278453,27.337381703,0.000000,-1004469.580961,15838
907.38,583,2720269.676509,27.191435305,0.000000,-1147874.746739,15868
910.77,584,2703631.550465,27.025051072,0.000000,-1039877.712879,15898
913.85,585,2683993.775275,26.828657410,0.000000,-1347883.702520,15928
916.95,586,2669433.210041,26.683049403,0.000000,-1132510.760458,15958
919.98,587,2659192.794265,26.580644970,0.000000,-1041245.942182,15988
923.39,588,2650504.642815,26.493757010,0.000000,-939135.412448,16018
926.84,589,2646306.163033,26.451771891,0.000000,-935369.797443,16048
929.34,590,2635566.296659,26.344355694,0.000000,-888017.749923,16078
932.45,591,2628117.687272,26.269862105,0.000000,-993157.194258,16108
936.17,592,2614776.426865,26.136447242,0.000000,-1057733.624078,16138
939.75,593,2604509.926861,26.033769303,0.000000,-1092594.192231,16168
942.97,594,2596734.279211,25.956008916,0.000000,-1141994.628528,16198
946.46,595,2589926.226541,25.887926022,0.000000,-897644.347007,16228
949.70,596,2586625.232542,25.854914421,0.000000,-816284.028644,16258
953.37,597,2580439.638774,25.793054149,0.000000,-979517.397593,16281
956.60,598,2575249.875038,25.741151048,0.000000,-1065358.454731,16311
959.73,599,2567260.209267,25.661249410,0.000000,-939015.209108,16341
962.32,600,2561719.252507,25.605836119,0.000000,-1141197.288105,16371
965.80,601,2550307.980467,25.491714400,0.000000,-963965.521557,16401
969.32,602,2543679.183404,25.425421037,0.000000,-1011282.726749,16431
972.65,603,2533795.404152,25.326579663,0.000000,-1103249.528103,16461
976.06,604,2524873.375595,25.237355033,0.000000,-1016256.319906,16491
979.29,605,2519914.080202,25.187758234,0.000000,-1014573.678850,16521
982.18,606,2516062.459233,25.149244151,0.000000,-1008640.461172,16551
985.89,607,2511137.100604,25.099988303,0.000000,-991536.511591,16581
989.19,608,2504196.800753,25.030574308,0.000000,-889328.744413,16611
993.27,609,2498462.170793,24.973213296,0.000000,-947994.780303,16641
996.40,610,2492276.622096,24.911355389,0.000000,-1046151.076204,16671
999.72,611,2486652.925005,24.855114056,0.000000,-944961.702417,16701
1002.68,612,2480709.613128,24.795676939,0.000000,-904940.311221,16731
1005.89,613,2475820.097953,24.746776755,0.000000,-998803.780460,16761
1009.35,614,2468898.749569,24.677558535,0.000000,-904900.534912,16791
1012.38,615,2461468.869025,24.603250263,0.000000,-957948.197752,16821
1015.61,616,2454465.783721,24.533218416,0.000000,-1024371.154021,16851
1018.45,617,2445280.055735,24.441356390,0.000000,-1118018.063369,16881
1021.75,618,2429221.304821,24.280757722,0.000000,-895783.342392,16911
1024.95,619,2422552.738506,24.214056646,0.000000,-945813.182003,16941
1028.02,620,2412542.190740,24.113935378,0.000000,-1020066.092022,16971
1031.08,621,2405175.747691,24.040270831,0.000000,-1010035.718111,16992
1034.25,622,2394527.195769,23.933777030,0.000000,-1029551.653763,17022
1037.42,623,2387584.100335,23.864347617,0.000000,-930086.176037,17052
1040.93,624,2381270.744504,23.801213622,0.000000,-973856.881105,17082
1043.70,625,2372373.329929,23.712235155,0.000000,-1048933.805258,17112
1047.40,626,2365088.592076,23.639380373,0.000000,-1062073.852291,17142
1050.73,627,2358555.245732,23.574046490,0.000000,-1221199.012576,17172
1054.12,628,2352260.173505,23.511093228,0.000000,-1061848.314627,17202
1057.26,629,2343467.316171,23.423154339,0.000000,-1157662.521202,17232
1060.51,630,2320728.412038,23.195756253,0.000000,-1160656.865987,17253
1063.46,631,2308874.098756,23.077202327,0.000000,-995039.402579,17283
1066.87,632,2299939.718137,22.987854106,0.000000,-1057062.574761,17313
1070.48,633,2292610.926853,22.914563901,0.000000,-944031.062333,17343
1074.17,634,2282136.399531,22.809799331,0.000000,-967244.165360,17373
1078.18,635,2275998.377934,22.748414172,0.000000,-997564.673927,17403
1081.17,636,2254267.651333,22.531095017,0.000000,-978875.867423,17433
1083.90,637,2245650.085813,22.444913069,0.000000,-917073.689904,17463
1087.04,638,2235260.498645,22.341008982,0.000000,-824018.562783,17493
1090.26,639,2225838.135162,22.246768622,0.000000,-771463.652778,17523
1093.92,640,2211309.912056,22.101478753,0.000000,-930824.867222,17553
1097.60,641,2203992.647771,22.028303076,0.000000,-735960.956857,17583
1101.27,642,2192559.220700,21.913975293,0.000000,-745286.525267,17613
1104.20,643,2162191.794090,21.610287437,0.000000,-951900.663622,17643
1107.77,644,2137181.534249,21.360193821,0.000000,-878902.928632,17673
1110.30,645,2112545.814899,21.113812981,0.000000,-850014.698038,17703
1114.23,646,2097863.500847,20.966990183,0.000000,-854325.763639,17733
1118.13,647,2057093.132228,20.559238169,0.000000,-1043654.844843,17763
1122.08,648,2026828.199811,20.256571271,0.000000,-729905.660220,17790
1125.93,649,2005848.145813,20.046757547,0.000000,-827623.026195,17820
1129.74,650,1985843.622475,19.846714694,0.000000,-771517.498753,17850
1133.91,651,1967500.803932,19.663284681,0.000000,-780445.211229,17880
1137.73,652,1934730.613431,19.335550776,0.000000,-858968.728713,17910
1142.62,653,1914078.976028,19.129041253,0.000000,-738859.034057,17940
1146.09,654,1896665.255678,18.954896845,0.000000,-851748.797929,17970
1150.01,655,1881908.064142,18.807308523,0.000000,-568383.054435,18000
1153.13,656,1865302.186728,18.641262587,0.000000,-621379.636668,18030
1156.41,657,1853074.072558,18.518983576,0.000000,-582676.306399,18060
1160.58,658,1834732.037445,18.335539773,0.000000,-564717.686348,18090
1163.84,659,1825424.560855,18.242456590,0.000000,-505640.023294,18120
1167.75,660,1817721.818680,18.165420583,0.000000,-625501.432745,18150
1171.80,661,1808117.874753,18.069375454,0.000000,-590838.901140,18180
1175.52,662,1801770.868188,18.005900809,0.000000,-542264.343040,18210
1179.10,663,1789173.323625,17.879931953,0.000000,-644012.675216,18240
1183.35,664,1763118.983286,17.619405681,0.000000,-595027.347171,18270
1187.41,665,1746181.411880,17.450023493,0.000000,-527738.899711,18295
1191.73,666,1740213.563313,17.390369658,0.000000,-521507.403602,18325
1195.01,667,1720776.453352,17.195965089,0.000000,-557226.398312,18355
1198.46,668,1706922.524407,17.057418546,0.000000,-482999.367184,18385
1202.24,669,1691810.810797,16.906260099,0.000000,-500490.970113,18415
1206.14,670,1677523.352570,16.763402110,0.000000,-475407.446761,18445
1209.92,671,1663461.540624,16.622760873,0.000000,-537844.808065,18469
1213.56,672,1657079.803962,16.558971104,0.000000,-443442.317336,18499
1217.64,673,1640086.966937,16.389043322,0.000000,-497073.668486,18529
1221.13,674,1624633.689505,16.234480831,0.000000,-411962.206342,18559
1226.12,675,1612052.864813,16.108678342,0.000000,-258623.168301,18589
1229.93,676,1602311.381768,16.011260472,0.000000,-314325.633886,18619
1234.36,677,1593360.437888,15.921749354,0.000000,-368955.450722,18645
1237.99,678,1582269.631635,15.810846092,0.000000,-318961.733309,18675
1241.68,679,1574447.810672,15.732596226,0.000000,-366002.830302,18705
1245.60,680,1561415.693284,15.602244358,0.000000,-270692.729764,18735
1249.44,681,1552246.286631,15.510537481,0.000000,-238997.826388,18765
1253.20,682,1544482.064692,15.432866060,0.000000,-269946.193878,18795
1257.01,683,1535277.478196,15.340824451,0.000000,-176728.300559,18825
1260.86,684,1531446.233165,15.302512589,0.000000,-122484.546388,18855
1264.76,685,1524787.565362,15.235966200,0.000000,-120001.608279,18885
1268.62,686,1518917.675315,15.177280471,0.000000,-91830.023813,18915
1272.66,687,1515833.845173,15.146476992,0.000000,-87035.063946,18945
1276.46,688,1512412.305937,15.112251432,0.000000,-102957.144956,18975
1280.33,689,1509024.697636,15.078377898,0.000000,-94784.369648,19005
1283.74,690,1507583.834619,15.063994017,0.000000,-78114.246541,19035
1287.33,691,1504926.065411,15.037440394,0.000000,-84887.099773,19065
1291.58,692,1502204.312658,15.010221095,0.000000,-82174.314702,19095
1295.51,693,1499904.932385,14.987219123,0.000000,-85852.810570,19125
1299.45,694,1498283.958264,14.971015345,0.000000,-81178.448936,19155
1303.29,695,1496221.727564,14.950384846,0.000000,-70197.442431,19185
1306.98,696,1494739.200073,14.935563357,0.000000,-79148.295885,19214
1310.79,697,1493480.092853,14.922977589,0.000000,-78019.315596,19244
1314.37,698,1491693.049163,14.905116792,0.000000,-81137.464199,19274
1318.28,699,1490355.095110,14.891746471,0.000000,-75047.717204,19304
1322.30,700,1489417.358882,14.882370726,0.000000,-70137.344932,19334
1326.28,701,1487314.459949,14.861347428,0.000000,-63304.753610,19364
1330.00,702,1486264.524010,14.850865143,0.000000,-69282.190848,19394
1334.10,703,1485502.628696,14.843252478,0.000000,-73010.637660,19424
1337.58,704,1484943.239105,14.837651171,0.000000,-79104.481220,19454
1341.45,705,1483804.262670,14.826275805,0.000000,-73274.561886,19484
1345.36,706,1483032.023432,14.818555335,0.000000,-73204.638795,19514
1349.04,707,1481961.403627,14.807859747,0.000000,-68669.703568,19544
1352.96,708,1480871.126857,14.796953479,0.000000,-72461.453961,19574
1356.32,709,1479883.655927,14.787079853,0.000000,-74516.220468,19602
1360.06,710,1479309.182260,14.781347969,0.000000,-67252.168462,19628
1363.60,711,1478456.865803,14.772832840,0.000000,-72317.187332,19658
1367.39,712,1477813.005931,14.766408861,0.000000,-64354.483225,19688
1371.60,713,1477121.089870,14.759492910,0.000000,-67774.508330,19718
1375.34,714,1476676.340430,14.755050616,0.000000,-67107.025018,19748
1379.52,715,1476263.551188,14.750938352,0.000000,-69878.949445,19778
1383.54,716,1475638.322935,14.744695144,0.000000,-65587.853920,19808
1387.58,717,1474958.444271,14.737903779,0.000000,-73326.890838,19838
1391.70,718,1473833.297476,14.726672130,0.000000,-77752.691656,19868
1395.57,719,1472835.123827,14.716698125,0.000000,-73465.505453,19898
1399.60,720,1472068.661098,14.709039615,0.000000,-70842.151480,19928
1403.37,721,1471641.931332,14.704786361,0.000000,-76742.301193,19955
1407.54,722,1470781.453460,14.696193501,0.000000,-80252.614079,19985
1411.19,723,1469566.850337,14.684058815,0.000000,-82889.912250,20015
1415.00,724,1468526.337739,14.673670105,0.000000,-80679.154571,20045
1418.53,725,1467276.873715,14.661173981,0.000000,-87090.514496,20075
1422.13,726,1466255.304121,14.650980377,0.000000,-68934.467701,20105
1425.46,727,1465704.672989,14.645477142,0.000000,-58262.663969,20135
1429.48,728,1465093.644926,14.639371860,0.000000,-72294.386911,20165
1433.41,729,1464026.201766,14.628724632,0.000000,-70121.191347,20195
1437.17,730,1463355.872774,14.622023691,0.000000,-76796.314199,20225
1441.02,731,1462986.193096,14.618324025,0.000000,-69501.085321,20255
1444.35,732,1462395.941196,14.612425660,0.000000,-60347.401438,20285
1447.98,733,1461805.411366,14.606513745,0.000000,-61766.617336,20315
1452.16,734,1460866.221647,14.597118685,0.000000,-72147.722834,20345
1456.14,735,1460069.080503,14.589163443,0.000000,-70999.820395,20375
1460.11,736,1458950.977677,14.577975881,0.000000,-74904.712408,20405
1464.19,737,1457028.864709,14.558757114,0.000000,-67408.375812,20435
1468.02,738,1456272.499734,14.551181326,0.000000,-67265.568782,20464
1471.85,739,1455853.256932,14.546982904,0.000000,-64861.727697,20494
1475.62,740,1455518.684955,14.543648713,0.000000,-64124.235019,20524
1479.91,741,1454551.178127,14.533970179,0.000000,-56511.884582,20554
1483.63,742,1453997.563052,14.528434771,0.000000,-51022.269918,20584
1487.35,743,1453151.879383,14.519990341,0.000000,-62981.368160,20614
1491.85,744,1452488.862357,14.513361898,0.000000,-65689.083810,20644
1495.58,745,1451517.583471,14.503643781,0.000000,-60892.799185,20674
1499.47,746,1450796.522186,14.496436387,0.000000,-65390.690065,20704
1503.48,747,1450098.603938,14.489457803,0.000000,-56415.985115,20734
1507.41,748,1449176.310296,14.480251065,0.000000,-61221.016131,20764
1511.22,749,1448588.810116,14.474381927,0.000000,-58287.743562,20794
1515.09,750,1448073.402673,14.469222001,0.000000,-71885.989613,20824
1519.05,751,1447432.213889,14.462810031,0.000000,-63679.517320,20854
1522.91,752,1447125.836347,14.459748843,0.000000,-58197.325447,20884
1526.95,753,1446465.146090,14.453147149,0.000000,-67429.623390,20914
1531.11,754,1445711.566377,14.445610096,0.000000,-68200.019961,20944
1534.71,755,1445253.745491,14.441034366,0.000000,-72394.481733,20974
1539.13,756,1444835.209110,14.436856119,0.000000,-66989.698343,21004
1542.97,757,1444525.736775,14.433759867,0.000000,-62254.706470,21034
1547.14,758,1444142.646403,14.429936889,0.000000,-59969.201211,21064
1551.12,759,1443649.076258,14.425001894,0.000000,-57097.518385,21094
1555.19,760,1443386.978609,14.422382894,0.000000,-50305.685558,21123
1559.28,761,1442921.135439,14.417724743,0.000000,-57217.415816,21152
1562.92,762,1442465.280811,14.413166168,0.000000,-59109.642105,21182
1567.11,763,1442137.026784,14.409884115,0.000000,-53342.174148,21212
1571.01,764,1441802.676810,14.406547186,0.000000,-49996.138881,21242
1575.36,765,1441564.713072,14.404167580,0.000000,-51550.334274,21272
1579.42,766,1441203.338468,14.400561773,0.000000,-58146.894684,21302
1583.17,767,1440707.222675,14.395599309,0.000000,-59168.894019,21332
1587.19,768,1440057.819851,14.389109394,0.000000,-71466.593900,21362
1591.90,769,1439090.250570,14.379434267,0.000000,-64804.255828,21392
1596.02,770,1438338.279962,14.371925358,0.000000,-74897.571891,21422
1599.74,771,1437802.724925,14.366571624,0.000000,-60714.295917,21452
1603.64,772,1437124.331583,14.359784922,0.000000,-54526.388072,21482
1608.34,773,1436820.920118,14.356748169,0.000000,-64767.025387,21512
1612.28,774,1436331.597337,14.351852294,0.000000,-56910.888487,21542
1616.69,775,1435931.769280,14.347856783,0.000000,-54825.980409,21572
1621.49,776,1435571.379189,14.344249104,0.000000,-61183.445514,21602
1625.80,777,1435348.245051,14.342013872,0.000000,-58088.479365,21632
1630.15,778,1434980.065556,14.338333897,0.000000,-54991.539217,21662
1634.35,779,1434547.720934,14.334009815,0.000000,-59138.510694,21692
1638.29,780,1434196.654024,14.330504179,0.000000,-61829.986676,21722
1642.41,781,1433943.235475,14.327971365,0.000000,-58733.071826,21752
1646.43,782,1433583.718038,14.324384870,0.000000,-53749.108210,21782
1650.88,783,1433235.693857,14.320911340,0.000000,-58869.040354,21812
1655.41,784,1432902.923403,14.317580655,0.000000,-55950.034334,21842
1659.73,785,1432511.133211,14.313661943,0.000000,-57433.488648,21872
1664.60,786,1432168.355040,14.310240343,0.000000,-58819.469669,21902
1668.89,787,1431899.083915,14.307545818,0.000000,-55849.556351,21932
1673.14,788,1431612.450307,14.304682265,0.000000,-62431.719670,21962
1677.14,789,1431292.945179,14.301488707,0.000000,-52447.193084,21992
1681.13,790,1431020.158557,14.298755964,0.000000,-53572.974682,22022
1685.48,791,1430624.690237,14.294800710,0.000000,-53411.324979,22051
1690.13,792,1430366.093613,14.292213208,0.000000,-57020.818494,22081
1694.19,793,1430209.405371,14.290648964,0.000000,-51784.266646,22111
1698.19,794,1429999.567402,14.288549914,0.000000,-57262.145019,22141
1702.15,795,1429875.744191,14.287310557,0.000000,-55364.407727,22171
1706.97,796,1429682.015853,14.285373161,0.000000,-55214.673971,22201
1711.77,797,1429457.801452,14.283132061,0.000000,-54420.177406,22231
1715.82,798,1429250.345131,14.281060073,0.000000,-53347.279911,22261
1720.47,799,1428894.754863,14.277502943,0.000000,-54023.770178,22291
1724.32,800,1428054.064364,14.269088113,0.000000,-52895.211130,22321
1728.80,801,1427711.774791,14.265669184,0.000000,-54283.559894,22351
1732.95,802,1427432.943642,14.262877475,0.000000,-65338.336857,22381
1737.12,803,1427145.790336,14.260003321,0.000000,-50978.571435,22411
1741.32,804,1426765.780340,14.256202711,0.000000,-56241.178805,22441
1746.48,805,1426477.144230,14.253324528,0.000000,-65296.455317,22471
1750.90,806,1426281.109399,14.251359756,0.000000,-49901.607106,22501
1755.06,807,1425999.493240,14.248542039,0.000000,-55606.449400,22531
1759.49,808,1425530.833063,14.243859741,0.000000,-54428.086733,22561
1764.11,809,1425015.414431,14.238690464,0.000000,-58756.184511,22591
1768.20,810,1424683.257722,14.235369232,0.000000,-52757.195577,22621
1772.70,811,1424360.714647,14.232142518,0.000000,-60806.374409,22651
1777.98,812,1424147.550315,14.230014241,0.000000,-60623.225815,22681
1782.47,813,1424001.621548,14.228551994,0.000000,-51584.873737,22711
1786.97,814,1423841.481135,14.226952192,0.000000,-54531.710961,22741
1791.35,815,1423716.502612,14.225700592,0.000000,-47509.908687,22771
1796.47,816,1423472.882608,14.223265203,0.000000,-49402.091031,22799
1807.37,817,1423355.117614,14.222086755,0.000000,-47036.202496,22829
1812.28,818,1423238.957835,14.220925372,0.000000,-51957.448430,22859
1816.82,819,1423162.381041,14.220158481,0.000000,-50262.820835,22889
1821.13,820,1423029.275617,14.218822047,0.000000,-46642.810651,22919
1825.50,821,1422933.806865,14.217868203,0.000000,-43359.141048,22949
1829.50,822,1422891.857928,14.217451429,0.000000,-43642.834006,22978
1833.80,823,1422808.895458,14.216624805,0.000000,-44353.668647,23008
1837.91,824,1422676.923469,14.215305424,0.000000,-48526.226669,23037
1842.46,825,1422498.446616,14.213523923,0.000000,-53542.128910,23062
1847.35,826,1422299.327722,14.211535932,0.000000,-50203.587317,23092
1851.42,827,1422123.647307,14.209782381,0.000000,-53670.559658,23122
1855.94,828,1421738.580038,14.205937040,0.000000,-52632.133645,23152
1860.52,829,1421579.631205,14.204347977,0.000000,-52321.880675,23182
1864.71,830,1421340.110457,14.201958184,0.000000,-54142.708734,23212
1869.28,831,1420786.852553,14.196440673,0.000000,-59384.794320,23242
1873.84,832,1420202.647917,14.190605200,0.000000,-60853.506151,23272
1879.02,833,1419811.311184,14.186697474,0.000000,-54887.629716,23302
1884.15,834,1419506.376686,14.183647001,0.000000,-50533.830499,23332
1888.73,835,1419209.823916,14.180692155,0.000000,-56024.278874,23339
1893.57,836,1418755.341901,14.176156931,0.000000,-50369.699258,23369
1899.05,837,1418551.776824,14.174129118,0.000000,-44246.723758,23399
1903.86,838,1418427.524876,14.172893475,0.000000,-42795.901749,23429
1908.99,839,1418177.062785,14.170390106,0.000000,-48587.318057,23459
1913.26,840,1418013.915255,14.168762947,0.000000,-38684.490263,23489
1917.83,841,1417869.516315,14.167314823,0.000000,-46973.488533,23519
1922.67,842,1417671.555079,14.165337216,0.000000,-40022.351539,23549
1927.11,843,1417433.580540,14.162961436,0.000000,-46730.425316,23579
1931.82,844,1417166.932073,14.160289857,0.000000,-48790.157641,23609
1936.54,845,1416999.478167,14.158616192,0.000000,-45207.721759,23639
1941.89,846,1416886.316260,14.157488484,0.000000,-47691.066821,23669
1946.42,847,1416746.413801,14.156086972,0.000000,-46788.233682,23699
1951.38,848,1416592.611198,14.154552476,0.000000,-46449.092996,23729
1957.11,849,1416434.693511,14.152974661,0.000000,-47114.421134,23759
1961.92,850,1415737.673151,14.146012765,0.000000,-49123.072249,23789
1966.77,851,1414754.002442,14.136200565,0.000000,-49311.324280,23819
1971.72,852,1414170.710693,14.130381425,0.000000,-53639.463130,23849
1976.77,853,1413816.135489,14.126839238,0.000000,-50195.915239,23879
1981.59,854,1413513.875174,14.123818828,0.000000,-44105.515974,23909
1986.93,855,1413240.613033,14.121087641,0.000000,-52329.526967,23939
1992.95,856,1412835.066784,14.117035159,0.000000,-54388.308656,23969
1998.27,857,1412609.624816,14.114783617,0.000000,-46929.633019,23999
2003.37,858,1412250.712085,14.111195238,0.000000,-46076.599276,24029
2008.79,859,1411954.648786,14.108238587,0.000000,-50293.987218,24059
2013.47,860,1411601.544971,14.104702448,0.000000,-46104.751822,24089
2018.34,861,1411331.348842,14.102000527,0.000000,-46247.583767,24119
2023.58,862,1411027.413548,14.098959344,0.000000,-44967.225938,24149
2028.48,863,1410483.520147,14.093529017,0.000000,-58822.132918,24179
2033.16,864,1410098.096360,14.089678621,0.000000,-45684.704914,24209
2038.68,865,1409845.837931,14.087160226,0.000000,-40626.838330,24239
2043.63,866,1409629.656166,14.084998405,0.000000,-41715.951541,24269
2048.39,867,1409248.899350,14.081185862,0.000000,-46522.929926,24299
2054.22,868,1408922.678357,14.077934229,0.000000,-41435.254904,24329
2058.79,869,1408730.903702,14.076017791,0.000000,-44688.961874,24359
2064.12,870,1408394.611836,14.072657660,0.000000,-42622.114690,24389
2069.13,871,1408053.504051,14.069244848,0.000000,-45820.814866,24419
2074.16,872,1407678.246004,14.065499175,0.000000,-41775.608634,24449
2079.26,873,1407503.151551,14.063753342,0.000000,-44991.053171,24479
2084.54,874,1407149.514633,14.060224014,0.000000,-49279.490802,24509
2090.27,875,1406906.772322,14.057793956,0.000000,-47362.995374,24539
2095.76,876,1406608.788438,14.054815019,0.000000,-43743.533792,24569
2101.40,877,1406314.186324,14.051863400,0.000000,-46249.729702,24599
2107.19,878,1406002.377262,14.048743490,0.000000,-44350.769214,24629
2112.64,879,1405760.428440,14.046325419,0.000000,-47986.729232,24659
2117.79,880,1405483.787255,14.043561417,0.000000,-42878.177359,24689
2122.94,881,1404963.008535,14.038348618,0.000000,-43848.722236,24719
2128.03,882,1404719.788136,14.035923325,0.000000,-46148.680698,24749
2133.85,883,1404346.841506,14.032199408,0.000000,-49447.191149,24779
2139.54,884,1404175.379757,14.030486643,0.000000,-47144.146131,24809
2145.17,885,1403897.817845,14.027717332,0.000000,-45337.699297,24839
2150.91,886,1403663.030163,14.025377294,0.000000,-43907.594282,24869
2155.70,887,1403456.653256,14.023316797,0.000000,-44849.011026,24899
2160.88,888,1403335.070289,14.022105428,0.000000,-43530.009052,24929
2166.32,889,1403107.346938,14.019833586,0.000000,-46092.513835,24959
2171.39,890,1402854.465683,14.017313246,0.000000,-42046.293381,24989
2176.98,891,1402685.628906,14.015619797,0.000000,-39521.633088,25019
2181.73,892,1402454.408359,14.013309707,0.000000,-43048.276339,25049
2187.55,893,1402358.854353,14.012358109,0.000000,-37966.823333,25079
2192.80,894,1402156.303213,14.010341449,0.000000,-45184.308107,25109
2198.24,895,1402001.192947,14.008794998,0.000000,-39910.952813,25139
2204.06,896,1401744.332892,14.006244004,0.000000,-45169.543193,25169
2209.49,897,1401247.434706,14.001290903,0.000000,-46620.362841,25199
2214.71,898,1400846.860365,13.997295318,0.000000,-54803.395223,25229
2220.33,899,1400654.366325,13.995379214,0.000000,-49812.712495,25259
2226.84,900,1400325.787948,13.992096479,0.000000,-45596.585778,25289
2232.26,901,1400092.172021,13.989767964,0.000000,-43291.562133,25319
2237.68,902,1399741.000160,13.986262197,0.000000,-47161.674726,25349
2242.79,903,1399567.029191,13.984518969,0.000000,-38581.658105,25379
2248.20,904,1399501.615068,13.983865831,0.000000,-41676.228620,25409
2254.08,905,1399364.560143,13.982495865,0.000000,-46040.307718,25439
2259.16,906,1399197.122255,13.980825740,0.000000,-41526.813146,25469
2265.46,907,1398841.522272,13.977283387,0.000000,-46177.941152,25499
2271.50,908,1398494.681929,13.973818364,0.000000,-43951.830069,25529
2277.30,909,1398315.424281,13.972027647,0.000000,-38264.401626,25559
2283.41,910,1398214.726617,13.971021972,0.000000,-40084.894463,25589
2289.42,911,1398009.139390,13.968976072,0.000000,-42033.822245,25619
2295.37,912,1397727.511593,13.966159113,0.000000,-49697.703592,25649
2300.44,913,1397507.805433,13.963964406,0.000000,-40721.037008,25679
2306.82,914,1397216.535122,13.961057300,0.000000,-36192.488226,25709
2311.75,915,1397055.574984,13.959456825,0.000000,-35640.778633,25739
2318.19,916,1396902.458935,13.957929897,0.000000,-36746.134635,25769
2324.74,917,1396728.403851,13.956195023,0.000000,-40001.275199,25799
2331.48,918,1396545.242353,13.954364661,0.000000,-42167.735891,25829
2336.98,919,1396413.918578,13.953048514,0.000000,-38981.739881,25859
2342.72,920,1396147.360600,13.950388059,0.000000,-38009.266168,25889
2348.23,921,1396002.322729,13.948939913,0.000000,-35468.229753,25919
2355.07,922,1395874.641043,13.947663722,0.000000,-44726.893095,25949
2360.77,923,1395693.243334,13.945853444,0.000000,-40217.561673,25979
2366.15,924,1395505.654697,13.943984804,0.000000,-43540.469386,26009
2372.11,925,1395355.989878,13.942503730,0.000000,-37548.565907,26039
2379.08,926,1395064.209633,13.939602009,0.000000,-37466.868751,26069
2385.02,927,1394677.653235,13.935739685,0.000000,-41867.272210,26099
2391.34,928,1394535.830147,13.934327416,0.000000,-36252.751568,26129
2398.16,929,1394398.326914,13.932958001,0.000000,-39910.877674,26159
2404.50,930,1394320.819543,13.932182563,0.000000,-38937.228915,26189
2410.68,931,1394170.770987,13.930685598,0.000000,-33473.521564,26219
2416.06,932,1394082.076351,13.929804048,0.000000,-41763.888600,26249
2422.03,933,1393989.390280,13.928881154,0.000000,-36210.237452,26279
2428.20,934,1393966.416392,13.928652214,0.000000,-36477.101979,26309
2434.37,935,1393888.100752,13.927872394,0.000000,-32666.232554,26339
2441.18,936,1393755.744747,13.926549127,0.000000,-33950.110983,26369
2447.13,937,1393541.666251,13.924410033,0.000000,-34203.046181,26399
2453.63,938,1393440.591581,13.923399351,0.000000,-32915.459160,26429
2459.17,939,1393330.217413,13.922298954,0.000000,-42430.892959,26459
2465.34,940,1393244.708237,13.921442698,0.000000,-31601.245900,26489
2470.89,941,1393134.349238,13.920343638,0.000000,-36435.367584,26519
2476.35,942,1393036.619397,13.919365105,0.000000,-32618.012146,26549
2482.07,943,1392960.120035,13.918601881,0.000000,-29886.237271,26579
2489.38,944,1392866.440450,13.917665796,0.000000,-34043.474367,26609
2495.51,945,1392734.232785,13.916348054,0.000000,-34383.824917,26639
2500.94,946,1392553.532433,13.914543537,0.000000,-36523.303705,26669
2506.47,947,1392267.690251,13.911692527,0.000000,-40304.362161,26699
2512.88,948,1392117.635508,13.910191822,0.000000,-38535.139029,26729
2519.05,949,1391900.979076,13.908035197,0.000000,-34073.609920,26759
2525.31,950,1391693.452590,13.905965627,0.000000,-36706.862786,26789
2531.54,951,1391567.676953,13.904709866,0.000000,-36543.944572,26819
2537.39,952,1391499.203426,13.904025934,0.000000,-32595.281517,26849
2543.33,953,1391399.522515,13.903029142,0.000000,-37515.635734,26879
2549.07,954,1391184.776309,13.900887955,0.000000,-34228.318623,26909
2556.41,955,1391010.444742,13.899145487,0.000000,-38557.697289,26939
2563.40,956,1390811.613735,13.897160699,0.000000,-42068.545658,26966
2569.54,957,1390669.747908,13.895744149,0.000000,-33058.380345,26996
2575.35,958,1390583.842685,13.894886061,0.000000,-35243.756264,27026
2582.16,959,1390382.439150,13.892877939,0.000000,-36437.620707,27056
2589.21,960,1390219.092810,13.891250886,0.000000,-39684.183159,27086
2595.87,961,1390037.450823,13.889432830,0.000000,-33232.978085,27116
2601.92,962,1389859.131851,13.887649911,0.000000,-32053.876042,27146
2608.91,963,1389783.165483,13.886889084,0.000000,-33460.019811,27176
2615.91,964,1389663.646695,13.885691367,0.000000,-31156.853625,27206
2622.91,965,1389549.803735,13.884548488,0.000000,-31308.018400,27236
2628.77,966,1389435.462167,13.883406072,0.000000,-33013.898371,27266
2634.77,967,1389348.037354,13.882532820,0.000000,-32485.890941,27296
2640.42,968,1389185.280483,13.880911017,0.000000,-36284.995243,27326
2647.18,969,1389134.329865,13.880400162,0.000000,-32661.070862,27356
2653.14,970,1388989.627070,13.878954147,0.000000,-36904.229910,27386
2659.25,971,1388787.927899,13.876940677,0.000000,-32206.312387,27416
2664.98,972,1388613.703444,13.875202067,0.000000,-31820.118830,27446
2671.37,973,1388488.893256,13.873956027,0.000000,-30716.846977,27476
2677.91,974,1388243.542173,13.871508178,0.000000,-35758.705263,27506
2683.79,975,1387916.839501,13.868244574,0.000000,-34038.247371,27536
2690.77,976,1387810.245449,13.867181874,0.000000,-30145.309730,27566
2697.66,977,1387651.708982,13.865597051,0.000000,-33362.014166,27596
2703.81,978,1387594.941027,13.865029427,0.000000,-34578.125070,27626
2710.76,979,1387437.441452,13.863455965,0.000000,-33918.320672,27656
2717.39,980,1387292.832305,13.862016027,0.000000,-31538.163242,27686
2724.60,981,1387207.880540,13.861168441,0.000000,-28144.050555,27716
2731.33,982,1387113.152952,13.860222041,0.000000,-31908.629034,27746
2739.00,983,1387048.472522,13.859577138,0.000000,-30485.572099,27776
2745.47,984,1386952.669836,13.858621736,0.000000,-34460.669690,27806
2751.18,985,1386839.842646,13.857494898,0.000000,-33672.688181,27836
2758.64,986,1386765.382472,13.856753059,0.000000,-28023.596694,27866
2765.40,987,1386637.935527,13.855484079,0.000000,-30055.165605,27896
2772.28,988,1386597.681583,13.855079504,0.000000,-30896.062210,27926
2779.26,989,1386531.812036,13.854421804,0.000000,-32868.701879,27956
2786.25,990,1386404.266037,13.853152614,0.000000,-32251.658610,27986
2794.10,991,1386294.506209,13.852054036,0.000000,-31859.089299,28016
2800.66,992,1386192.741037,13.851038837,0.000000,-27728.798532,28046
2807.37,993,1386065.790593,13.849773644,0.000000,-27562.852686,28076
2814.42,994,1385932.700653,13.848443411,0.000000,-31132.642708,28106
2821.00,995,1385800.900153,13.847124027,0.000000,-27643.513543,28136
2828.09,996,1385723.382683,13.846347698,0.000000,-29109.958144,28166
2834.84,997,1385659.301183,13.845707730,0.000000,-27359.988759,28196
2841.30,998,1385467.279200,13.843794125,0.000000,-35632.703985,28226
2848.14,999,1385348.351458,13.842605483,0.000000,-31312.605650,28256
2854.12,1000,1385163.509974,13.840766486,0.000000,-31125.495862,28286
2860.81,1001,1385025.676731,13.839389890,0.000000,-30563.707589,28316
2868.21,1002,1384876.675253,13.837902613,0.000000,-27962.886254,28346
2875.97,1003,1384736.652421,13.836505577,0.000000,-36656.528112,28376
2884.52,1004,1384570.586225,13.834852709,0.000000,-29772.826950,28406
2891.22,1005,1384340.798538,13.832557082,0.000000,-34344.777896,28436
2897.58,1006,1384174.337066,13.830892643,0.000000,-30699.272036,28466
2904.98,1007,1384024.478500,13.829393648,0.000000,-33361.667231,28496
2912.19,1008,1383894.977441,13.828096779,0.000000,-27688.656176,28526
2919.68,1009,1383778.611279,13.826935851,0.000000,-33718.931609,28556
2926.41,1010,1383471.126909,13.823860903,0.000000,-35012.718771,28586
2932.64,1011,1383278.679478,13.821935155,0.000000,-34219.033400,28616
2938.84,1012,1383073.237811,13.819881376,0.000000,-36631.949411,28646
2945.25,1013,1382954.849496,13.818701616,0.000000,-36389.438438,28673
2954.45,1014,1382793.673747,13.817091142,0.000000,-27213.443516,28703
2961.04,1015,1382678.273084,13.815943732,0.000000,-31156.615428,28733
2967.59,1016,1382584.596292,13.815011044,0.000000,-31440.089320,28763
2974.34,1017,1382470.979077,13.813879780,0.000000,-30326.793177,28793
2981.52,1018,1382376.946540,13.812938665,0.000000,-27599.070227,28823
2989.91,1019,1382324.797164,13.812421519,0.000000,-29222.200925,28853
2998.15,1020,1382123.746943,13.810417726,0.000000,-30045.583760,28883
3005.93,1021,1381831.543918,13.807495096,0.000000,-32746.473064,28913
3012.12,1022,1381651.333656,13.805699057,0.000000,-29599.997556,28943
3020.07,1023,1381530.880652,13.804505092,0.000000,-30778.409253,28973
3026.56,1024,1381247.370284,13.801669880,0.000000,-31660.265783,29003
3033.53,1025,1381071.324875,13.799910074,0.000000,-31398.780619,29033
3041.55,1026,1380915.228172,13.798348371,0.000000,-29838.716825,29063
3048.66,1027,1380742.327773,13.796622777,0.000000,-28580.819581,29093
3055.93,1028,1380547.127567,13.794670171,0.000000,-33211.039135,29123
3063.09,1029,1380264.928714,13.791850816,0.000000,-33926.313303,29153
3071.63,1030,1379846.335255,13.787665669,0.000000,-31603.280170,29183
3079.34,1031,1379704.211940,13.786246268,0.000000,-32013.125251,29213
3086.68,1032,1379588.037151,13.785091801,0.000000,-27404.970420,29243
3094.14,1033,1379415.276918,13.783364859,0.000000,-29813.223810,29273
3100.99,1034,1379259.578792,13.781814525,0.000000,-29882.224941,29303
3110.60,1035,1379163.063186,13.780852152,0.000000,-30069.937035,29333
3118.30,1036,1379015.502323,13.779378174,0.000000,-26606.480934,29363
3125.71,1037,1378834.915131,13.777570186,0.000000,-28218.966137,29393
3134.31,1038,1378597.931908,13.775204823,0.000000,-31105.176041,29423
3141.63,1039,1378524.663701,13.774473541,0.000000,-29006.489281,29453
3149.24,1040,1378417.902340,13.773406208,0.000000,-29278.699746,29483
3156.73,1041,1378250.776982,13.771736034,0.000000,-32499.311428,29513
3164.89,1042,1378118.060860,13.770412300,0.000000,-29819.992552,29543
3171.06,1043,1377938.286949,13.768616328,0.000000,-28571.671240,29573
3177.78,1044,1377818.916817,13.767426111,0.000000,-27295.783974,29603
3184.32,1045,1377714.912636,13.766389119,0.000000,-28286.500129,29633
3193.05,1046,1377553.271615,13.764777185,0.000000,-28439.732428,29663
3201.00,1047,1377415.570486,13.763399664,0.000000,-27317.843089,29693
3208.90,1048,1377352.733673,13.762767755,0.000000,-25600.082142,29723
3216.39,1049,1377233.317769,13.761576587,0.000000,-27692.375370,29753
3225.14,1050,1377082.644464,13.760081950,0.000000,-25318.242083,29783
3232.31,1051,1377000.467319,13.759260648,0.000000,-26616.387500,29813
3240.11,1052,1376898.455758,13.758240448,0.000000,-27503.723309,29843
3246.84,1053,1376640.173410,13.755664224,0.000000,-26344.285155,29873
3255.21,1054,1376431.234473,13.753583652,0.000000,-27481.440506,29903
3263.13,1055,1376315.432122,13.752423910,0.000000,-26388.845234,29933
3271.46,1056,1376185.875969,13.751130258,0.000000,-26334.161964,29963
3278.92,1057,1376035.492687,13.749636497,0.000000,-24883.793570,29993
3286.66,1058,1375865.584717,13.747941311,0.000000,-30200.578963,30023
3293.97,1059,1375749.244093,13.746781202,0.000000,-30170.979776,30053
3302.08,1060,1375584.577294,13.745139394,0.000000,-26934.764915,30083
3309.97,1061,1375426.615078,13.743563727,0.000000,-26671.389626,30113
3318.61,1062,1375226.889732,13.741569496,0.000000,-29421.089201,30143
3326.00,1063,1375036.594767,13.739673177,0.000000,-30371.732578,30173
3334.15,1064,1374882.772589,13.738143611,0.000000,-29170.391372,30203
3342.94,1065,1374702.616832,13.736351452,0.000000,-28265.612007,30233
3350.90,1066,1374538.132066,13.734706688,0.000000,-28758.255460,30263
3359.53,1067,1374309.463238,13.732426819,0.000000,-27825.245091,30293
3368.34,1068,1374109.626781,13.730430309,0.000000,-29437.640880,30323
3376.52,1069,1373880.714268,13.728143018,0.000000,-30165.202284,30353
3384.90,1070,1373743.641066,13.726777423,0.000000,-32031.145530,30383
3393.58,1071,1373602.751984,13.725377575,0.000000,-26660.766434,30413
3402.39,1072,1373385.206976,13.723206243,0.000000,-29000.071994,30443
3410.45,1073,1373225.906164,13.721614854,0.000000,-25847.334312,30473
3418.34,1074,1373131.851839,13.720675493,0.000000,-28197.982760,30503
3426.65,1075,1373043.903090,13.719797131,0.000000,-25600.262856,30533
3434.86,1076,1372953.704279,13.718895532,0.000000,-23564.549617,30563
3442.67,1077,1372873.323417,13.718091448,0.000000,-26558.164706,30593
3450.30,1078,1372809.187929,13.717448930,0.000000,-27389.993472,30623
3457.89,1079,1372677.048260,13.716128373,0.000000,-26580.886164,30653
3465.52,1080,1372484.412181,13.714199813,0.000000,-30463.321754,30683
3473.94,1081,1372271.941491,13.712081705,0.000000,-27848.507489,30713
3483.92,1082,1372084.379929,13.710205062,0.000000,-25897.779711,30740
3492.46,1083,1371940.245974,13.708766863,0.000000,-25554.210941,30770
3501.77,1084,1371794.855800,13.707308298,0.000000,-27581.892437,30800
3510.31,1085,1371559.252824,13.704955872,0.000000,-27233.962190,30830
3518.80,1086,1371432.927724,13.703695531,0.000000,-23656.056341,30860
3528.65,1087,1371291.310703,13.702280819,0.000000,-22748.327220,30890
3536.96,1088,1371179.389817,13.701161431,0.000000,-24240.263620,30920
3545.79,1089,1371068.712124,13.700058654,0.000000,-25329.091532,30950
3553.81,1090,1370915.620023,13.698524757,0.000000,-25037.526223,30980
3562.19,1091,1370769.026904,13.697056800,0.000000,-24193.447944,31010
3570.67,1092,1370661.503883,13.695984277,0.000000,-22271.982884,31040
3578.05,1093,1370541.466123,13.694782898,0.000000,-24785.410133,31070
3587.31,1094,1370376.126007,13.693132681,0.000000,-28202.497946,31100
3597.08,1095,1370143.547479,13.690807017,0.000000,-27903.046715,31130
3612.11,1096,1370009.816630,13.689469930,0.000000,-24758.976640,31160
3620.60,1097,1369777.868905,13.687151571,0.000000,-27072.445294,31190
3628.82,1098,1369679.758591,13.686174559,0.000000,-25636.856554,31220
3637.57,1099,1369505.163662,13.684427914,0.000000,-26433.184436,31250
3646.71,1100,1369295.986763,13.682332429,0.000000,-28075.084357,31280
3654.87,1101,1369166.309772,13.681040118,0.000000,-25678.176842,31310
3663.48,1102,1369035.801593,13.679737898,0.000000,-26920.108696,31340
3671.25,1103,1368903.611124,13.678418607,0.000000,-24929.481539,31370
3680.06,1104,1368784.093348,13.677226985,0.000000,-27283.816954,31400
3687.21,1105,1368740.195926,13.676789222,0.000000,-27240.560932,31430
3694.30,1106,1368664.038773,13.676029391,0.000000,-26244.391986,31460
3703.34,1107,1368560.277522,13.674995059,0.000000,-26397.201362,31486
3711.57,1108,1368485.912583,13.674252740,0.000000,-28521.286353,31516
3718.80,1109,1368394.598923,13.673343149,0.000000,-27716.840481,31546
3726.52,1110,1368305.543942,13.672453976,0.000000,-23496.691123,31576
3734.06,1111,1368260.777171,13.672006513,0.000000,-25121.230863,31606
3740.80,1112,1368186.847440,13.671270179,0.000000,-23809.659440,31636
3748.47,1113,1368108.332545,13.670490084,0.000000,-24553.126070,31666
3755.96,1114,1367972.703377,13.669136262,0.000000,-27428.048493,31696
3763.78,1115,1367895.855624,13.668367990,0.000000,-28380.188609,31726
3770.64,1116,1367831.065319,13.667722082,0.000000,-25866.811961,31752
3777.90,1117,1367715.893867,13.666576269,0.000000,-29177.219578,31782
3784.90,1118,1367574.949457,13.665171289,0.000000,-30262.141512,31812
3792.84,1119,1367444.009480,13.663867875,0.000000,-28140.880742,31842
3801.72,1120,1367277.153444,13.662198685,0.000000,-28513.633014,31872
3810.12,1121,1367147.142479,13.660899152,0.000000,-25491.222238,31902
3819.27,1122,1366943.462443,13.658868694,0.000000,-25799.878742,31932
3827.58,1123,1366849.769467,13.657931463,0.000000,-24469.971915,31962
3835.21,1124,1366780.440274,13.657239019,0.000000,-22128.273047,31992
3844.39,1125,1366710.746511,13.656542957,0.000000,-24882.060546,32022
3852.52,1126,1366621.276790,13.655654025,0.000000,-24717.717536,32052
3861.14,1127,1366459.766909,13.654044812,0.000000,-23557.718242,32082
3869.57,1128,1366351.712407,13.652971738,0.000000,-24022.652940,32112
3877.60,1129,1366171.968542,13.651174833,0.000000,-26980.972694,32142
3885.53,1130,1366076.900418,13.650226560,0.000000,-24621.721236,32172
3894.28,1131,1365986.276705,13.649324536,0.000000,-21931.917105,32202
3903.45,1132,1365919.501804,13.648656942,0.000000,-21964.416966,32232
3911.49,1133,1365876.337330,13.648226426,0.000000,-24544.490535,32262
3919.99,1134,1365702.677160,13.646491339,0.000000,-21162.816837,32292
3927.60,1135,1365634.528828,13.645811385,0.000000,-23959.477848,32322
3935.59,1136,1365528.274826,13.644749040,0.000000,-21300.547537,32352
3943.96,1137,1365467.891049,13.644145349,0.000000,-23639.145773,32382
3952.25,1138,1365398.599054,13.643452933,0.000000,-26303.799333,32412
3961.22,1139,1365320.107942,13.642668181,0.000000,-23277.491090,32442
3968.66,1140,1365209.803916,13.641566918,0.000000,-25191.970148,32472
3977.00,1141,1365123.104913,13.640698181,0.000000,-23551.070765,32502
3984.96,1142,1365072.629128,13.640192757,0.000000,-22273.240978,32532
3992.92,1143,1365046.929222,13.639935280,0.000000,-20515.769898,32562
4001.02,1144,1365005.789718,13.639521612,0.000000,-22699.861773,32592
4008.20,1145,1364909.553478,13.638559401,0.000000,-22311.884649,32622
4016.72,1146,1364590.886259,13.635379249,0.000000,-26612.922357,32652
4025.86,1147,1364473.403656,13.634208857,0.000000,-24199.373389,32682
4033.16,1148,1364420.189757,13.633673958,0.000000,-23792.309480,32712
4042.19,1149,1364334.965095,13.632822569,0.000000,-23019.435617,32742
4049.15,1150,1364177.524291,13.631245806,0.000000,-30715.656589,32772
4055.98,1151,1364139.769234,13.630871571,0.000000,-25867.255841,32802
4063.47,1152,1363979.093931,13.629271495,0.000000,-24203.487112,32832
4071.72,1153,1363877.436884,13.628256778,0.000000,-23924.992489,32862
4078.40,1154,1363645.715268,13.625940909,0.000000,-27402.879893,32892
4085.72,1155,1363489.824723,13.624384414,0.000000,-29280.909774,32922
4093.63,1156,1363326.302769,13.622755515,0.000000,-25412.867698,32952
4101.29,1157,1363211.519230,13.621613592,0.000000,-25824.320629,32982
4108.81,1158,1362993.178367,13.619432853,0.000000,-20994.600756,33012
4116.52,1159,1362789.592728,13.617405773,0.000000,-22294.767904,33042
4124.40,1160,1362685.889459,13.616367475,0.000000,-22136.009178,33072
4132.54,1161,1362596.398548,13.615474541,0.000000,-24160.126575,33102
4139.37,1162,1362426.241522,13.613774524,0.000000,-22750.729471,33132
4146.24,1163,1362365.120795,13.613163476,0.000000,-22537.212735,33162
4155.96,1164,1362334.214160,13.612854916,0.000000,-24930.463575,33192
4162.74,1165,1362136.613703,13.610884783,0.000000,-26402.672317,33222
4170.71,1166,1362093.168324,13.610450820,0.000000,-27390.887179,33252
4178.23,1167,1361998.598433,13.609508413,0.000000,-25732.840353,33282
4187.01,1168,1361819.715415,13.607723916,0.000000,-23155.729559,33312
4195.34,1169,1361779.119920,13.607320101,0.000000,-22881.872589,33342
4202.75,1170,1361635.588231,13.605889235,0.000000,-23116.893411,33372
4210.76,1171,1361590.542578,13.605441326,0.000000,-22380.387289,33402
4218.77,1172,1361528.940882,13.604827243,0.000000,-24396.791330,33432
4226.50,1173,1361446.958484,13.604009719,0.000000,-22463.462988,33462
4234.56,1174,1361330.895669,13.602855813,0.000000,-25899.778291,33492
4244.31,1175,1361256.119540,13.602110229,0.000000,-22845.968822,33522
4253.36,1176,1361192.942900,13.601479730,0.000000,-24684.596253,33552
4261.76,1177,1361120.771311,13.600759000,0.000000,-23227.495296,33582
4269.40,1178,1361054.005901,13.600092447,0.000000,-24467.785020,33612
4279.17,1179,1361010.924845,13.599663043,0.000000,-27503.373778,33642
4290.15,1180,1360977.437110,13.599330600,0.000000,-23107.221977,33672
4299.70,1181,1360940.204357,13.598960930,0.000000,-25840.366802,33702
4307.02,1182,1360885.266933,13.598414441,0.000000,-22478.190836,33732
4316.46,1183,1360817.340601,13.597734786,0.000000,-21806.405029,33762
4324.80,1184,1360798.759839,13.597548899,0.000000,-19228.029482,33792
4334.31,1185,1360767.902129,13.597240163,0.000000,-21438.897917,33822
4343.68,1186,1360744.393733,13.597006705,0.000000,-21230.170875,33852
4352.56,1187,1360718.977985,13.596752797,0.000000,-22401.774993,33882
4361.90,1188,1360662.116140,13.596186972,0.000000,-21297.943445,33912
4369.92,1189,1360599.711923,13.595562262,0.000000,-22765.396579,33942
4378.35,1190,1360541.337847,13.594979388,0.000000,-21729.651188,33972
4386.95,1191,1360481.582493,13.594384342,0.000000,-22562.954200,34002
4394.27,1192,1360459.578849,13.594164333,0.000000,-22192.425736,34032
4404.46,1193,1360415.958035,13.593729028,0.000000,-22561.999142,34062
4412.69,1194,1360377.053056,13.593339284,0.000000,-22556.381588,34092
4421.30,1195,1360354.143651,13.593110681,0.000000,-21290.089399,34122
4429.95,1196,1360293.669005,13.592506851,0.000000,-26058.495502,34152
4440.23,1197,1360221.362092,13.591787300,0.000000,-25728.017494,34182
4449.14,1198,1360139.554161,13.590972701,0.000000,-23054.975610,34212
4458.11,1199,1360051.939281,13.590099158,0.000000,-23085.420577,34242
4467.84,1200,1359845.213611,13.588027661,0.000000,-22482.841407,34272
4477.54,1201,1359661.894315,13.586191472,0.000000,-24555.389316,34302
4486.78,1202,1359517.308949,13.584749158,0.000000,-25845.456119,34332
4494.81,1203,1359204.398989,13.581626338,0.000000,-21407.986520,34362
4504.00,1204,1359033.340989,13.579923693,0.000000,-24453.697523,34392
4513.70,1205,1358852.922336,13.578120987,0.000000,-22359.006904,34422
4523.62,1206,1358527.433390,13.574874344,0.000000,-24832.461106,34452
4533.47,1207,1358241.449859,13.572025136,0.000000,-20238.530200,34482
4542.79,1208,1358131.580088,13.570930117,0.000000,-23547.848840,34512
4551.87,1209,1357945.707602,13.569078171,0.000000,-20468.321034,34542
4560.20,1210,1357780.318669,13.567431207,0.000000,-22083.324448,34570
4569.01,1211,1357644.624168,13.566080508,0.000000,-21049.573210,34600
4577.75,1212,1357544.533349,13.565080110,0.000000,-18378.827224,34630
4587.09,1213,1357399.433823,13.563637063,0.000000,-22486.587225,34660
4596.42,1214,1357245.392943,13.562093337,0.000000,-19752.379040,34690
4604.70,1215,1357137.454223,13.561015303,0.000000,-18974.839864,34720
4614.74,1216,1357041.856577,13.560058771,0.000000,-21608.712209,34750
4622.96,1217,1357005.938395,13.559699048,0.000000,-21084.279775,34780
4631.61,1218,1356892.575576,13.558568292,0.000000,-19357.806251,34810
4640.97,1219,1356735.313603,13.556991552,0.000000,-22479.253434,34840
4650.92,1220,1356636.788869,13.556003250,0.000000,-18196.911484,34870
4659.12,1221,1356530.868006,13.554944954,0.000000,-21864.491568,34900
4668.76,1222,1356435.594279,13.553989039,0.000000,-24798.170344,34930
4678.53,1223,1356195.332394,13.551585499,0.000000,-20264.519321,34960
4687.49,1224,1356097.846655,13.550609613,0.000000,-22917.608420,34990
4696.37,1225,1356046.161462,13.550093924,0.000000,-20863.912614,35020
4706.24,1226,1355985.322084,13.549487966,0.000000,-19594.663559,35050
4715.40,1227,1355923.710083,13.548872166,0.000000,-19678.678879,35080
4725.10,1228,1355877.529298,13.548412485,0.000000,-22667.859482,35110
4734.35,1229,1355742.013517,13.547065776,0.000000,-21810.043754,35140
4743.93,1230,1355640.708492,13.546066782,0.000000,-22943.190029,35170
4753.46,1231,1355483.287462,13.544494253,0.000000,-21821.500718,35200
4762.11,1232,1355374.178067,13.543396663,0.000000,-20292.001162,35230
4770.75,1233,1355246.359066,13.542126318,0.000000,-25040.468360,35260
4779.67,1234,1354998.160643,13.539647666,0.000000,-20851.513064,35290
4787.95,1235,1354894.211824,13.538610633,0.000000,-24820.780661,35320
4796.89,1236,1354744.613797,13.537115833,0.000000,-21420.271360,35350
4808.35,1237,1354654.065351,13.536206998,0.000000,-22216.401510,35380
4816.81,1238,1354552.375583,13.535193842,0.000000,-22420.548631,35410
4826.34,1239,1354479.691349,13.534470178,0.000000,-22503.386973,35440
4837.62,1240,1354346.344894,13.533139571,0.000000,-23451.080228,35470
4847.24,1241,1354301.267902,13.532688271,0.000000,-20697.190577,35500
4855.50,1242,1354217.920575,13.531857414,0.000000,-20101.203606,35530
4864.54,1243,1354182.246695,13.531501597,0.000000,-18675.374677,35560
4875.16,1244,1354146.273999,13.531143139,0.000000,-21018.966592,35590
4884.41,1245,1354096.244428,13.530641893,0.000000,-20158.984428,35620
4893.58,1246,1354070.691034,13.530386027,0.000000,-20847.938532,35650
4903.20,1247,1354030.163664,13.529980809,0.000000,-20004.860511,35680
4913.01,1248,1353846.458540,13.528139051,0.000000,-23810.034963,35710
4921.11,1249,1353749.369132,13.527165547,0.000000,-22845.925991,35740
4930.39,1250,1353658.133594,13.526254805,0.000000,-22089.683560,35770
4939.85,1251,1353562.001793,13.525292318,0.000000,-22406.797316,35800
4949.93,1252,1353519.814576,13.524866661,0.000000,-20757.842466,35830
4959.28,1253,1353344.319464,13.523113397,0.000000,-18519.816296,35860
4967.95,1254,1353246.385900,13.522134283,0.000000,-20786.936991,35890
4976.29,1255,1353097.395448,13.520648795,0.000000,-23527.874789,35920
4985.46,1256,1353040.257043,13.520076728,0.000000,-22423.238135,35950
4993.25,1257,1352986.831005,13.519543194,0.000000,-20903.862088,35980
5002.67,1258,1352946.332262,13.519138949,0.000000,-18850.101323,36010
5013.35,1259,1352918.475158,13.518859151,0.000000,-16853.817645,36040
5021.97,1260,1352891.453566,13.518589351,0.000000,-20392.568622,36070
5032.19,1261,1352854.418125,13.518220790,0.000000,-19565.923294,36100
5041.41,1262,1352786.264062,13.517541576,0.000000,-23540.794162,36130
5049.61,1263,1352758.118405,13.517259351,0.000000,-20351.511914,36160
5060.36,1264,1352674.169948,13.516421246,0.000000,-22636.851681,36190
5068.20,1265,1352568.992720,13.515370781,0.000000,-21367.877143,36220
5077.28,1266,1352485.956097,13.514537001,0.000000,-20705.438264,36250
5086.46,1267,1352429.440475,13.513973268,0.000000,-20450.511931,36280
5096.79,1268,1352381.724198,13.513498921,0.000000,-19723.303489,36310
5105.33,1269,1352325.228675,13.512932732,0.000000,-18453.343796,36340
5114.02,1270,1352289.790793,13.512580359,0.000000,-20862.945273,36370
5123.06,1271,1352214.469342,13.511828556,0.000000,-19444.961850,36400
5132.65,1272,1352149.018839,13.511176715,0.000000,-19087.057819,36430
5141.89,1273,1352080.858986,13.510497484,0.000000,-17066.114246,36460
5152.21,1274,1352003.143024,13.509720448,0.000000,-19867.028723,36490
5161.20,1275,1351967.688586,13.509367749,0.000000,-18052.681711,36520
5170.70,1276,1351940.449458,13.509095575,0.000000,-19603.459847,36550
5181.22,1277,1351843.203938,13.508124104,0.000000,-21138.062090,36580
5190.27,1278,1351742.138397,13.507116037,0.000000,-19121.077857,36610
5200.70,1279,1351710.110863,13.506797121,0.000000,-18704.567239,36640
5210.46,1280,1351679.282202,13.506489437,0.000000,-20600.148069,36670
5219.43,1281,1351609.386683,13.505790998,0.000000,-20189.592807,36700
5230.91,1282,1351561.656984,13.505316577,0.000000,-20006.787443,36730
5241.66,1283,1351504.071021,13.504745084,0.000000,-23542.037351,36760
5252.86,1284,1351442.553161,13.504130374,0.000000,-19626.027370,36790
5263.93,1285,1351407.254183,13.503778202,0.000000,-17939.647510,36820
5272.80,1286,1351362.032939,13.503327789,0.000000,-18899.743800,36850
5281.11,1287,1351338.636720,13.503094578,0.000000,-20985.181267,36880
5290.09,1288,1351314.338931,13.502853200,0.000000,-18937.392710,36910
5300.86,1289,1351279.245728,13.502505326,0.000000,-20556.200812,36940
5311.82,1290,1351212.721861,13.501843860,0.000000,-18917.546276,36970
5321.29,1291,1351181.129183,13.501527764,0.000000,-18959.176057,37000
5329.91,1292,1351116.480234,13.500884808,0.000000,-16459.942409,37030
5339.13,1293,1351078.436983,13.500504629,0.000000,-19629.296141,37060
5349.16,1294,1351033.326467,13.500055488,0.000000,-18796.508365,37090
5358.92,1295,1350929.569858,13.499019078,0.000000,-19688.188689,37120
5369.85,1296,1350836.002765,13.498087418,0.000000,-20436.444948,37150
5379.38,1297,1350658.253411,13.496309217,0.000000,-19774.682347,37180
5389.72,1298,1350532.226226,13.495054935,0.000000,-18397.084352,37210
5399.31,1299,1350473.851450,13.494471827,0.000000,-16560.422730,37240
5409.20,1300,1350404.531709,13.493780043,0.000000,-19893.581260,37270
5418.42,1301,1350319.160571,13.492927186,0.000000,-19191.850042,37300
5427.87,1302,1350252.306953,13.492260907,0.000000,-19852.478338,37330
5436.83,1303,1350180.263305,13.491541802,0.000000,-18725.247503,37360
5447.18,1304,1350108.740460,13.490830833,0.000000,-18760.852303,37390
5457.77,1305,1350053.726846,13.490280421,0.000000,-19910.420370,37420
5467.64,1306,1349982.768545,13.489573705,0.000000,-16816.837505,37450
5478.81,1307,1349920.040358,13.488949212,0.000000,-18666.162035,37480
5487.99,1308,1349884.570500,13.488594254,0.000000,-20169.218440,37510
5496.83,1309,1349790.457320,13.487655259,0.000000,-21359.261058,37540
5507.77,1310,1349758.100205,13.487331594,0.000000,-19262.761376,37570
5516.59,1311,1349746.480190,13.487216054,0.000000,-19743.612591,37600
5526.40,1312,1349727.048724,13.487020830,0.000000,-18364.950076,37630
5535.87,1313,1349700.997058,13.486760335,0.000000,-18121.142351,37660
5546.11,1314,1349665.480833,13.486403685,0.000000,-21034.933346,37690
5554.62,1315,1349597.091427,13.485725192,0.000000,-18765.437215,37720
5565.11,1316,1349513.175191,13.484887325,0.000000,-16195.318902,37750
5575.31,1317,1349393.802332,13.483692334,0.000000,-19614.570506,37780
5585.02,1318,1349289.446273,13.482656246,0.000000,-26248.797699,37810
5595.98,1319,1349158.794483,13.481352418,0.000000,-20622.401174,37840
5606.20,1320,1349110.197550,13.480869771,0.000000,-20141.561354,37870
5617.54,1321,1349020.600883,13.479977813,0.000000,-19656.813297,37900
5626.72,1322,1348968.103270,13.479452795,0.000000,-19484.705871,37930
5638.03,1323,1348916.758354,13.478942014,0.000000,-22288.966752,37960
5647.44,1324,1348898.928590,13.478762250,0.000000,-20354.756336,37990
5657.27,1325,1348833.109266,13.478106458,0.000000,-23687.189832,38020
5667.32,1326,1348796.235941,13.477739256,0.000000,-17889.969927,38050
5678.21,1327,1348731.977156,13.477098202,0.000000,-19843.133073,38080
5690.37,1328,1348693.608021,13.476715223,0.000000,-18086.955071,38110
5700.42,1329,1348599.758155,13.475779150,0.000000,-17630.604615,38140
5708.95,1330,1348524.987268,13.475033565,0.000000,-17518.028093,38170
5718.22,1331,1348448.172261,13.474265928,0.000000,-19105.027859,38200
5728.31,1332,1348397.464855,13.473762690,0.000000,-19057.290683,38230
5738.93,1333,1348298.645488,13.472776400,0.000000,-20078.478513,38260
5748.88,1334,1348217.217060,13.471973541,0.000000,-18145.780601,38290
5759.39,1335,1348143.044441,13.471230124,0.000000,-18897.690980,38320
5770.44,1336,1348005.103354,13.469857535,0.000000,-19157.800423,38350
5780.90,1337,1347921.954877,13.469023388,0.000000,-21064.027208,38380
5791.27,1338,1347824.628201,13.468051613,0.000000,-19944.446397,38410
5799.74,1339,1347765.237546,13.467461620,0.000000,-17448.362045,38440
5808.11,1340,1347714.010278,13.466956042,0.000000,-19393.870644,38470
5817.19,1341,1347569.624887,13.465519677,0.000000,-19879.833818,38500
5829.41,1342,1347473.516297,13.464562644,0.000000,-19945.710325,38530
5838.50,1343,1347409.899571,13.463925446,0.000000,-18394.599832,38560
5849.78,1344,1347347.748441,13.463306837,0.000000,-22004.840260,38590
5858.22,1345,1347289.018332,13.462722830,0.000000,-18539.917492,38620
5867.13,1346,1347246.350372,13.462296349,0.000000,-17708.461550,38650
5878.38,1347,1347211.861286,13.461956020,0.000000,-18605.691077,38680
5887.36,1348,1347160.688122,13.461446867,0.000000,-18176.018954,38710
5899.21,1349,1346993.748048,13.459789678,0.000000,-21485.101696,38740
5908.94,1350,1346916.458550,13.459017594,0.000000,-19142.685166,38770
5919.05,1351,1346850.519026,13.458358156,0.000000,-16070.080762,38800
5929.12,1352,1346778.436790,13.457644154,0.000000,-18818.579563,38830
5938.81,1353,1346693.629558,13.456797533,0.000000,-16355.266248,38860
5948.62,1354,1346618.712155,13.456048607,0.000000,-19809.508054,38890
5958.73,1355,1346574.947809,13.455610655,0.000000,-21552.098716,38920
5968.66,1356,1346524.998125,13.455119905,0.000000,-19171.671817,38950
5978.65,1357,1346429.354862,13.454170185,0.000000,-17923.037731,38980
5989.46,1358,1346380.510962,13.453682909,0.000000,-18657.748777,39010
6001.32,1359,1346311.953714,13.453003585,0.000000,-19145.392990,39040
6011.71,1360,1346227.384747,13.452166026,0.000000,-19628.112719,39070
6020.02,1361,1346174.986868,13.451645746,0.000000,-16676.710749,39100
6030.36,1362,1346144.144739,13.451337243,0.000000,-16750.226327,39130
6040.57,1363,1346059.000306,13.450483499,0.000000,-16512.784571,39160
6050.10,1364,1345975.985141,13.449656939,0.000000,-18018.274305,39190
6059.50,1365,1345889.023295,13.448790680,0.000000,-20353.087118,39220
6072.92,1366,1345807.954934,13.447979429,0.000000,-18137.577560,39250
6083.37,1367,1345761.508429,13.447516799,0.000000,-18587.745658,39280
6092.41,1368,1345707.576437,13.446979904,0.000000,-17355.202976,39310
6103.26,1369,1345576.401978,13.445672107,0.000000,-19059.259765,39340
6112.43,1370,1345529.516145,13.445205129,0.000000,-19655.328770,39370
6121.88,1371,1345466.803891,13.444580040,0.000000,-15047.558715,39400
6131.47,1372,1345412.678131,13.444038432,0.000000,-17753.186308,39430
6143.31,1373,1345312.404545,13.443038306,0.000000,-18038.236178,39460
6152.53,1374,1345225.482185,13.442170625,0.000000,-16436.405014,39490
6161.96,1375,1345182.096954,13.441739294,0.000000,-17487.669188,39520
6172.02,1376,1345139.252857,13.441310962,0.000000,-15153.524034,39550
6182.96,1377,1345095.437908,13.440872975,0.000000,-17158.207003,39580
6195.51,1378,1345053.432327,13.440456701,0.000000,-17292.995215,39610
6205.22,1379,1345018.633665,13.440111130,0.000000,-15639.686598,39640
6216.31,1380,1344974.116096,13.439665175,0.000000,-15398.295780,39670
6225.34,1381,1344861.299719,13.438532779,0.000000,-19873.208462,39700
6237.09,1382,1344795.360983,13.437877289,0.000000,-17301.749164,39730
6247.47,1383,1344749.338939,13.437418285,0.000000,-16373.768779,39760
6259.75,1384,1344700.361343,13.436929563,0.000000,-16063.757537,39790
6269.92,1385,1344666.886586,13.436595416,0.000000,-16874.840289,39820
6279.95,1386,1344656.897936,13.436495531,0.000000,-15122.224250,39850
6289.67,1387,1344615.664682,13.436086209,0.000000,-15387.096595,39880
6300.48,1388,1344568.520973,13.435615306,0.000000,-16827.328194,39910
6310.66,1389,1344537.551504,13.435308570,0.000000,-16449.228826,39940
6321.76,1390,1344408.166662,13.434018932,0.000000,-17896.931049,39970
6330.85,1391,1344321.611334,13.433153092,0.000000,-17062.294365,40000
6342.18,1392,1344147.627110,13.431415759,0.000000,-17112.874497,40030
6351.67,1393,1344001.511916,13.429960448,0.000000,-16647.779366,40060
6362.22,1394,1343840.089558,13.428349505,0.000000,-17013.897860,40090
6373.02,1395,1343522.258032,13.425179463,0.000000,-17517.457328,40120
6383.34,1396,1343422.974227,13.424180843,0.000000,-15565.082194,40150
6393.08,1397,1343206.599769,13.422026687,0.000000,-17282.601888,40180
6402.98,1398,1343025.208441,13.420219174,0.000000,-16461.046077,40210
6412.89,1399,1342883.248161,13.418798853,0.000000,-14855.343050,40240
6424.05,1400,1342632.079961,13.416297180,0.000000,-18470.904752,40270
6433.98,1401,1342499.588845,13.414966422,0.000000,-16481.753813,40300
6444.39,1402,1342398.517409,13.413959961,0.000000,-14581.459686,40330
6454.89,1403,1342233.810146,13.412316538,0.000000,-16157.133235,40360
6465.84,1404,1342150.106663,13.411479766,0.000000,-17589.908976,40390
6476.86,1405,1342086.091321,13.410839557,0.000000,-17551.579723,40420
6486.58,1406,1342001.898808,13.410001287,0.000000,-16819.204705,40450
6498.00,1407,1341960.495160,13.409589226,0.000000,-16047.725054,40480
6508.46,1408,1341859.947974,13.408584242,0.000000,-16615.500490,40510
6519.12,1409,1341847.271236,13.408456581,0.000000,-17620.711839,40540
6528.90,1410,1341780.880622,13.407794213,0.000000,-17631.434853,40570
6540.50,1411,1341694.619211,13.406931469,0.000000,-15624.759981,40600
6552.34,1412,1341614.933057,13.406138014,0.000000,-16943.000990,40630
6563.25,1413,1341554.352879,13.405528756,0.000000,-15677.433438,40660
6574.83,1414,1341507.256742,13.405058549,0.000000,-17259.991805,40690
6584.51,1415,1341409.462857,13.404083986,0.000000,-15901.662112,40720
6594.49,1416,1341232.403112,13.402310216,0.000000,-18896.453950,40750
6607.60,1417,1341023.561789,13.400228085,0.000000,-18511.275234,40780
6618.12,1418,1340795.788922,13.397946160,0.000000,-18405.557270,40807
6628.03,1419,1340693.633869,13.396925866,0.000000,-20286.975274,40837
6638.45,1420,1340528.027746,13.395273173,0.000000,-18096.921351,40867
6648.93,1421,1340311.847057,13.393113743,0.000000,-20150.223068,40897
6661.22,1422,1340162.283494,13.391622119,0.000000,-17015.648166,40927
6670.93,1423,1340102.306779,13.391026163,0.000000,-19051.104092,40957
6681.69,1424,1340035.567017,13.390360785,0.000000,-17437.855980,40987
6692.68,1425,1339951.635097,13.389525236,0.000000,-18466.283701,41017
6704.82,1426,1339904.781523,13.389062952,0.000000,-18866.804021,41047
6716.08,1427,1339837.721727,13.388399228,0.000000,-15917.254349,41077
6726.65,1428,1339794.652502,13.387968507,0.000000,-16086.894206,41107
6737.49,1429,1339680.074544,13.386822827,0.000000,-17583.661190,41137
6748.18,1430,1339473.882366,13.384760274,0.000000,-19278.432663,41167
6757.70,1431,1339385.321495,13.383879822,0.000000,-17357.408515,41197
6767.67,1432,1339238.703513,13.382412302,0.000000,-21355.183843,41227
6779.96,1433,1339162.476024,13.381651399,0.000000,-16259.560251,41257
6792.50,1434,1339065.680070,13.380682966,0.000000,-17194.416513,41287
6803.43,1435,1339037.924998,13.380406175,0.000000,-16071.411845,41317
6815.04,1436,1338881.527118,13.378841366,0.000000,-16771.068806,41347
6827.95,1437,1338485.138423,13.374881699,0.000000,-23116.341729,41377
6838.40,1438,1338171.901226,13.371740878,0.000000,-21183.764905,41407
6854.30,1439,1337895.665024,13.368987388,0.000000,-19528.692185,41437
6864.56,1440,1337496.351242,13.364995250,0.000000,-18512.577599,41467
6874.83,1441,1337375.847334,13.363789443,0.000000,-18612.826146,41497
6886.06,1442,1337262.810154,13.362668678,0.000000,-17475.230819,41527
6897.10,1443,1336878.920644,13.358832144,0.000000,-17565.599531,41557
6909.84,1444,1336795.274547,13.358002736,0.000000,-21174.324039,41587
6920.94,1445,1336361.208500,13.353688386,0.000000,-21597.017635,41617
6932.04,1446,1336155.820774,13.351637576,0.000000,-18690.696355,41647
6942.07,1447,1336061.276022,13.350695578,0.000000,-18603.443764,41677
6953.81,1448,1335840.100938,13.348499819,0.000000,-21719.434520,41707
6964.75,1449,1335624.653641,13.346350339,0.000000,-21425.095123,41737
6977.10,1450,1335367.852281,13.343785221,0.000000,-19539.036031,41767
6986.90,1451,1335246.837125,13.342572442,0.000000,-18188.358970,41797
6998.03,1452,1335191.257120,13.342020484,0.000000,-20193.953045,41827
7008.72,1453,1335015.604620,13.340269414,0.000000,-21835.047207,41857
7019.57,1454,1334890.898205,13.339025725,0.000000,-19266.932277,41887
7029.72,1455,1334847.759380,13.338593385,0.000000,-16810.296906,41917
7039.94,1456,1334803.240036,13.338149330,0.000000,-17781.180231,41947
7051.86,1457,1334657.609114,13.336700623,0.000000,-18896.416877,41977
7061.70,1458,1334606.452377,13.336190400,0.000000,-19679.988915,42007
7073.42,1459,1334420.006403,13.334330254,0.000000,-21204.763534,42037
7084.68,1460,1334224.683305,13.332376440,0.000000,-19904.609979,42067
7097.02,1461,1334099.867755,13.331132603,0.000000,-18487.725773,42097
7108.11,1462,1334033.777440,13.330475947,0.000000,-15351.546672,42127
7118.72,1463,1333957.084632,13.329707696,0.000000,-15281.655572,42157
7129.53,1464,1333907.757554,13.329215073,0.000000,-16389.199843,42187
7140.13,1465,1333768.146756,13.327821081,0.000000,-16521.247835,42217
7152.71,1466,1333670.573033,13.326842679,0.000000,-20167.468851,42247
7164.77,1467,1333478.328218,13.324921448,0.000000,-16340.171201,42277
7176.34,1468,1333357.428482,13.323713021,0.000000,-17971.782586,42307
7186.95,1469,1333076.332064,13.320910611,0.000000,-22926.895350,42337
7198.43,1470,1332994.677456,13.320093323,0.000000,-19937.273442,42367
7216.39,1471,1332955.502953,13.319704076,0.000000,-18888.885263,42397
7228.69,1472,1332805.366456,13.318204621,0.000000,-18271.462145,42427
7241.69,1473,1332686.682107,13.317023192,0.000000,-19197.165228,42457
7252.39,1474,1332578.185335,13.315942813,0.000000,-19075.387835,42487
7264.71,1475,1332538.592895,13.315546378,0.000000,-19177.108776,42517
7274.60,1476,1332466.376914,13.314823536,0.000000,-19178.472342,42547
7284.88,1477,1332395.486790,13.314118617,0.000000,-20266.093183,42577
7296.93,1478,1332306.639037,13.313229422,0.000000,-20387.296951,42607
7309.27,1479,1332268.480885,13.312847646,0.000000,-16312.355889,42637
7320.56,1480,1332261.060284,13.312771504,0.000000,-17212.717168,42665
7332.17,1481,1332214.593418,13.312304049,0.000000,-17530.198512,42695
7343.32,1482,1332188.327568,13.312040678,0.000000,-18358.502919,42725
7353.70,1483,1332118.614208,13.311342773,0.000000,-16391.292838,42755
7365.40,1484,1331989.595929,13.310050837,0.000000,-16809.541077,42785
7376.47,1485,1331930.798735,13.309463713,0.000000,-16313.590531,42815
7386.71,1486,1331829.718155,13.308454687,0.000000,-16933.406381,42845
7402.55,1487,1331772.992902,13.307888691,0.000000,-15201.022502,42875
7415.25,1488,1331687.169328,13.307038329,0.000000,-19516.033450,42905
7424.24,1489,1331629.054007,13.306460555,0.000000,-16611.528738,42935
7437.55,1490,1331550.482190,13.305682742,0.000000,-18741.205965,42965
7448.85,1491,1331492.817338,13.305110714,0.000000,-18416.337500,42995
7459.56,1492,1331424.321722,13.304430145,0.000000,-16280.672940,43025
7471.34,1493,1331395.612022,13.304145376,0.000000,-16302.381410,43055
7483.58,1494,1331324.696781,13.303442004,0.000000,-19608.238126,43083
7494.20,1495,1331256.796244,13.302767353,0.000000,-18631.481772,43113
7507.34,1496,1331214.993319,13.302350511,0.000000,-19087.016226,43143
7518.99,1497,1331155.875362,13.301762545,0.000000,-15718.991975,43173
7531.24,1498,1331103.611912,13.301238660,0.000000,-15925.222893,43203
7542.74,1499,1331074.750858,13.300948681,0.000000,-16533.246594,43233
7552.94,1500,1331056.937108,13.300769317,0.000000,-15760.404882,43263
7564.87,1501,1331013.667326,13.300339643,0.000000,-16685.900866,43293
7576.10,1502,1330990.147597,13.300105440,0.000000,-15121.206297,43323
7588.22,1503,1330969.690950,13.299904345,0.000000,-16007.981200,43353
7599.83,1504,1330932.142183,13.299526956,0.000000,-16127.933124,43383
7611.29,1505,1330913.172772,13.299337133,0.000000,-16423.211999,43413
7622.39,1506,1330797.677916,13.298185517,0.000000,-15349.717759,43443
7634.44,1507,1330774.681381,13.297955530,0.000000,-18164.926850,43473
7646.33,1508,1330628.245177,13.296483013,0.000000,-15642.989926,43503
7659.06,1509,1330495.592179,13.295156443,0.000000,-19414.915639,43533
7671.08,1510,1330397.774964,13.294181967,0.000000,-15211.967058,43563
7682.67,1511,1330366.267890,13.293865762,0.000000,-15562.733404,43593
7694.27,1512,1330266.992044,13.292877431,0.000000,-17407.978574,43623
7705.54,1513,1330226.521596,13.292471378,0.000000,-17993.360048,43653
7716.58,1514,1330131.744623,13.291525926,0.000000,-17076.027440,43683
7728.72,1515,1330040.777754,13.290615774,0.000000,-20417.280534,43713
7740.17,1516,1330000.234825,13.290211400,0.000000,-19800.140069,43743
7751.47,1517,1329948.265890,13.289691990,0.000000,-18607.146314,43773
7763.60,1518,1329908.173297,13.289293093,0.000000,-16991.020390,43803
7777.95,1519,1329868.318791,13.288895316,0.000000,-20090.953208,43833
7791.10,1520,1329839.366799,13.288606306,0.000000,-17371.091003,43863
7802.63,1521,1329738.464114,13.287603095,0.000000,-15773.475207,43893
7814.37,1522,1329688.920830,13.287110156,0.000000,-17494.493370,43923
7826.32,1523,1329637.344788,13.286593392,0.000000,-16384.551904,43953
7840.39,1524,1329586.293723,13.286084050,0.000000,-16924.052739,43983
7851.95,1525,1329548.620394,13.285706072,0.000000,-18342.243516,44013
7862.83,1526,1329519.259717,13.285411568,0.000000,-15941.046273,44043
7872.41,1527,1329446.148329,13.284678981,0.000000,-16591.781605,44073
7884.97,1528,1329383.495272,13.284051611,0.000000,-14244.112829,44103
7896.04,1529,1329345.114997,13.283663354,0.000000,-16511.609026,44133
7908.41,1530,1329274.192080,13.282952143,0.000000,-17229.951759,44163
7919.66,1531,1329238.627607,13.282598521,0.000000,-14714.422470,44193
7930.65,1532,1329211.185013,13.282323862,0.000000,-16006.794238,44223
7942.34,1533,1329177.382470,13.281984710,0.000000,-15415.258664,44253
7955.80,1534,1329169.138952,13.281902344,0.000000,-16190.897437,44283
7965.18,1535,1329161.788647,13.281829239,0.000000,-15268.091109,44313
7977.06,1536,1329133.102512,13.281541865,0.000000,-17254.262986,44343
7989.98,1537,1329097.948380,13.281190630,0.000000,-16151.957488,44373
8002.22,1538,1329089.056225,13.281101262,0.000000,-15259.727162,44403
8013.21,1539,1329063.355681,13.280844799,0.000000,-16820.327074,44433
8026.46,1540,1329051.753791,13.280728751,0.000000,-13862.387084,44463
8037.74,1541,1328996.604031,13.280178733,0.000000,-15549.327918,44493
8050.85,1542,1328930.242941,13.279519811,0.000000,-15927.843049,44523
8063.48,1543,1328865.318244,13.278869792,0.000000,-17315.962695,44553
8075.30,1544,1328803.142868,13.278248812,0.000000,-15414.030785,44583
8088.70,1545,1328787.232304,13.278089645,0.000000,-15775.222291,44613
8104.60,1546,1328746.026823,13.277680364,0.000000,-14274.241805,44643
8116.80,1547,1328714.409372,13.277364287,0.000000,-13532.474839,44673
8127.78,1548,1328709.975707,13.277321512,0.000000,-12683.691658,44703
8140.47,1549,1328687.708799,13.277098665,0.000000,-13962.904241,44733
8150.99,1550,1328668.319695,13.276905801,0.000000,-15271.962365,44763
8162.08,1551,1328664.625100,13.276868681,0.000000,-12509.524431,44793
8172.68,1552,1328648.403911,13.276706824,0.000000,-12421.458734,44823
8185.28,1553,1328633.137987,13.276555364,0.000000,-14218.626040,44853
8197.96,1554,1328617.862089,13.276403171,0.000000,-14115.840414,44883
8210.85,1555,1328603.295902,13.276257669,0.000000,-14554.346988,44913
8223.54,1556,1328590.700447,13.276131881,0.000000,-12741.868452,44943
8235.29,1557,1328579.017632,13.276014290,0.000000,-13594.768548,44973
8247.36,1558,1328550.664885,13.275731971,0.000000,-15556.894292,45003
8262.65,1559,1328501.322289,13.275239524,0.000000,-15362.512803,45033
8276.02,1560,1328481.487314,13.275040347,0.000000,-17082.373692,45063
8288.82,1561,1328452.794165,13.274752560,0.000000,-13506.648427,45093
8300.31,1562,1328443.093007,13.274656223,0.000000,-13326.261988,45123
8313.20,1563,1328433.175527,13.274556781,0.000000,-13716.205127,45153
8326.72,1564,1328425.339932,13.274478403,0.000000,-13590.239614,45183
8338.58,1565,1328244.297518,13.272673458,0.000000,-17996.526900,45213
8351.97,1566,1328146.020843,13.271688420,0.000000,-15422.307091,45243
8364.93,1567,1328062.896773,13.270856459,0.000000,-14625.043546,45273
8378.21,1568,1327896.897290,13.269198359,0.000000,-16992.595934,45303
8393.04,1569,1327790.944381,13.268137329,0.000000,-17409.226255,45333
8404.95,1570,1327740.895367,13.267636806,0.000000,-14436.558994,45363
8417.38,1571,1327713.542624,13.267363391,0.000000,-14473.481035,45393
8431.33,1572,1327660.022435,13.266830174,0.000000,-13158.004819,45423
8443.96,1573,1327638.951889,13.266620309,0.000000,-15422.174827,45453
8458.33,1574,1327589.757737,13.266130437,0.000000,-14135.954615,45483
8470.92,1575,1327461.859307,13.264853308,0.000000,-15065.346669,45513
8484.22,1576,1327382.164836,13.264063982,0.000000,-13791.608981,45543
8496.18,1577,1327301.507303,13.263258657,0.000000,-17771.806579,45573
8509.09,1578,1327203.847240,13.262283051,0.000000,-13373.512188,45603
8521.30,1579,1327169.715513,13.261943115,0.000000,-13465.390806,45633
8534.46,1580,1327068.222114,13.260929644,0.000000,-13722.812906,45663
8549.88,1581,1327007.572117,13.260324926,0.000000,-14079.604449,45693
8565.10,1582,1326999.864142,13.260249229,0.000000,-13859.653188,45723
8578.77,1583,1326876.160446,13.259017086,0.000000,-13446.873071,45753
8590.32,1584,1326827.197085,13.258528133,0.000000,-12539.846107,45783
8603.02,1585,1326681.495917,13.257075100,0.000000,-14867.367564,45813
8617.09,1586,1326486.265392,13.255124859,0.000000,-12752.790832,45843
8630.70,1587,1326313.441983,13.253402611,0.000000,-14619.210760,45873
8643.20,1588,1326176.795732,13.252042856,0.000000,-18199.624538,45903
8656.22,1589,1326008.545888,13.250367619,0.000000,-17723.230236,45933
8668.49,1590,1325937.116002,13.249658630,0.000000,-16209.231670,45963
8679.97,1591,1325896.399878,13.249251844,0.000000,-14836.796163,45993
8692.36,1592,1325807.566871,13.248365658,0.000000,-14981.465128,46023
8703.89,1593,1325700.329904,13.247297912,0.000000,-15910.063659,46053
8717.04,1594,1325520.444072,13.245506803,0.000000,-16402.682397,46083
8729.70,1595,1325409.635998,13.244402764,0.000000,-13080.407035,46113
8741.86,1596,1325311.218453,13.243425464,0.000000,-16646.900387,46143
8756.08,1597,1325298.892475,13.243305144,0.000000,-15124.650740,46173
8768.87,1598,1325134.717510,13.241661713,0.000000,-14154.369901,46203
8781.12,1599,1325051.730643,13.240833592,0.000000,-15301.972942,46233
8793.37,1600,1324994.449271,13.240261330,0.000000,-15061.545408,46263
8805.94,1601,1324990.772145,13.240224925,0.000000,-15218.859667,46293
8819.37,1602,1324968.208226,13.239998045,0.000000,-12357.585574,46323
8829.34,1603,1324936.353932,13.239682046,0.000000,-14459.576336,46353
8843.45,1604,1324887.279258,13.239191934,0.000000,-14104.654004,46383
8855.01,1605,1324807.449738,13.238394058,0.000000,-15687.815827,46413
8869.13,1606,1324741.754241,13.237738993,0.000000,-15460.121981,46443
8884.78,1607,1324635.655651,13.236679593,0.000000,-13349.649334,46473
8895.67,1608,1324536.002100,13.235685099,0.000000,-12903.865379,46503
8907.07,1609,1324365.003132,13.233972123,0.000000,-16760.621362,46533
8920.98,1610,1324301.361881,13.233336410,0.000000,-15224.917768,46563
8933.80,1611,1324209.794550,13.232418584,0.000000,-16788.768356,46593
8945.68,1612,1324178.830420,13.232109425,0.000000,-18192.971559,46623
8961.33,1613,1324106.521402,13.231386507,0.000000,-19643.632814,46653
8976.07,1614,1324001.641754,13.230338326,0.000000,-15821.208642,46683
8989.03,1615,1323921.401252,13.229537663,0.000000,-16983.461295,46713
9001.71,1616,1323883.126714,13.229153715,0.000000,-14800.792556,46743
9016.38,1617,1323682.203433,13.227147136,0.000000,-17784.726153,46773
9029.45,1618,1323611.320078,13.226440010,0.000000,-18567.764633,46803
9040.84,1619,1323468.841588,13.225014659,0.000000,-16097.615554,46833
9053.51,1620,1323398.812220,13.224314515,0.000000,-13755.210790,46863
9064.87,1621,1323255.005247,13.222879100,0.000000,-14649.226906,46893
9079.71,1622,1323091.785518,13.221259664,0.000000,-14637.826005,46923
9092.28,1623,1323012.438871,13.220464971,0.000000,-12621.240920,46953
9105.24,1624,1322947.502731,13.219814987,0.000000,-12315.039018,46983
9116.82,1625,1322924.166685,13.219583182,0.000000,-14471.668890,47013
9131.18,1626,1322861.888150,13.218964476,0.000000,-13903.599019,47043
9143.42,1627,1322796.897533,13.218316106,0.000000,-12121.966688,47073
9157.48,1628,1322751.124484,13.217858029,0.000000,-14929.248355,47103
9170.55,1629,1322698.547506,13.217331134,0.000000,-13982.662320,47133
9182.64,1630,1322576.484382,13.216110513,0.000000,-14107.305483,47163
9196.41,1631,1322520.154830,13.215550157,0.000000,-13866.050487,47193
9209.23,1632,1322479.480487,13.215143546,0.000000,-14955.367027,47223
9222.74,1633,1322443.300674,13.214781210,0.000000,-15648.603472,47253
9234.58,1634,1322351.594555,13.213866225,0.000000,-14837.585824,47283
9248.17,1635,1322325.972421,13.213610703,0.000000,-14802.335397,47313
9260.75,1636,1322285.898758,13.213210575,0.000000,-15729.722457,47343
9274.70,1637,1322233.366395,13.212687968,0.000000,-14472.203633,47373
9287.11,1638,1322151.867280,13.211870627,0.000000,-12361.741288,47403
9300.11,1639,1322070.354853,13.211058451,0.000000,-17141.367496,47433
9313.39,1640,1322002.527304,13.210380698,0.000000,-14558.449145,47463
9325.98,1641,1321916.781895,13.209525031,0.000000,-13547.175685,47493
9338.59,1642,1321852.520412,13.208884690,0.000000,-13192.040664,47523
9351.54,1643,1321835.165983,13.208711442,0.000000,-17014.891968,47553
9362.38,1644,1321809.903126,13.208460199,0.000000,-13295.354903,47583
9378.00,1645,1321779.023292,13.208152658,0.000000,-14335.616248,47613
9391.51,1646,1321752.747438,13.207890983,0.000000,-12585.958796,47643
9404.18,1647,1321752.747438,13.207890983,0.000000,-12082.546752,47673
9415.50,1648,1321709.119018,13.207454144,0.000000,-12899.136434,47703
9429.09,1649,1321693.703291,13.207299258,0.000000,-12157.517140,47733
9444.77,1650,1321619.752068,13.206560520,0.000000,-15293.137832,47763
9458.38,1651,1321581.745847,13.206180893,0.000000,-14822.402494,47793
9474.27,1652,1321521.276929,13.205578451,0.000000,-14368.699248,47823
9487.86,1653,1321494.700043,13.205313360,0.000000,-14404.796623,47853
9499.85,1654,1321393.389369,13.204302107,0.000000,-14918.706665,47883
9513.29,1655,1321376.698112,13.204133175,0.000000,-15730.372900,47913
9530.25,1656,1321274.879923,13.203120300,0.000000,-16137.435797,47943
9542.64,1657,1321179.502285,13.202168182,0.000000,-13640.023551,47973
9556.53,1658,1321054.668695,13.200923411,0.000000,-15894.113437,48003
9569.94,1659,1321054.317307,13.200919310,0.000000,-14996.719704,48033
9582.16,1660,1320996.275392,13.200342907,0.000000,-16825.586502,48063
9595.18,1661,1320988.993030,13.200269957,0.000000,-17840.426761,48093
9610.89,1662,1320935.817041,13.199737160,0.000000,-17361.817254,48123
9627.21,1663,1320798.202210,13.198360854,0.000000,-16787.108802,48153
9641.54,1664,1320791.680900,13.198296372,0.000000,-15357.805321,48183
9654.05,1665,1320720.954290,13.197589114,0.000000,-19060.278951,48213
9666.60,1666,1320668.011751,13.197059676,0.000000,-15119.289850,48243
9681.69,1667,1320595.375641,13.196334672,0.000000,-18475.366916,48273
9696.69,1668,1320505.586539,13.195439424,0.000000,-17890.461466,48303
9708.79,1669,1320401.367308,13.194400461,0.000000,-15206.915470,48333
9722.52,1670,1320370.301152,13.194089640,0.000000,-14599.087521,48363
9735.68,1671,1320294.537865,13.193332514,0.000000,-16524.908137,48393
9751.67,1672,1320175.784603,13.192139966,0.000000,-17002.935559,48423
9764.81,1673,1320013.903120,13.190522621,0.000000,-18443.593779,48453
9779.62,1674,1319940.253571,13.189785123,0.000000,-17149.642705,48483
9793.42,1675,1319845.719064,13.188840267,0.000000,-17637.164904,48513
9807.10,1676,1319748.632819,13.187871369,0.000000,-17261.798322,48543
9820.18,1677,1319711.935591,13.187505056,0.000000,-17449.163728,48573
9832.54,1678,1319619.031985,13.186576900,0.000000,-17968.599898,48603
9845.34,1679,1319561.492108,13.186005210,0.000000,-15535.983663,48633
9859.55,1680,1319500.624123,13.185396113,0.000000,-17062.654751,48663
9875.06,1681,1319487.713785,13.185267546,0.000000,-15531.050533,48693
9889.83,1682,1319487.713785,13.185267546,0.000000,-12699.242976,48723
9904.23,1683,1319386.050726,13.184247149,0.000000,-17311.124249,48753
9916.57,1684,1319358.078872,13.183968456,0.000000,-17336.447419,48783
9930.26,1685,1319350.636096,13.183893555,0.000000,-12679.329182,48813
9943.02,1686,1319339.524478,13.183782884,0.000000,-12705.529991,48843
9955.28,1687,1319248.160949,13.182869135,0.000000,-15333.161204,48873
9968.24,1688,1319179.395456,13.182181112,0.000000,-15977.471417,48903
9982.52,1689,1319153.084655,13.181919294,0.000000,-17581.573641,48933
9996.06,1690,1319142.915883,13.181817846,0.000000,-17432.444178,48963
10009.72,1691,1319142.915883,13.181817846,0.000000,-16845.633430,48993
10022.54,1692,1319139.938672,13.181788102,0.000000,-14153.506219,49023
10035.59,1693,1319117.173730,13.181561546,0.000000,-14195.485078,49053
10048.40,1694,1319055.217285,13.180941942,0.000000,-15774.600422,49083
10060.09,1695,1318971.263824,13.180106322,0.000000,-16040.940515,49113
10072.06,1696,1318853.063575,13.178929447,0.000000,-15202.006877,49143
10086.39,1697,1318841.456213,13.178815195,0.000000,-14138.359898,49173
10101.65,1698,1318787.889208,13.178280577,0.000000,-15629.938196,49203
10113.34,1699,1318787.889208,13.178280577,0.000000,-14676.416423,49233
10126.81,1700,1318737.816567,13.177778759,0.000000,-16461.758794,49263
10140.83,1701,1318735.135505,13.177753751,0.000000,-15158.704222,49293
10153.98,1702,1318696.481238,13.177365895,0.000000,-13015.381164,49323
10170.67,1703,1318659.881936,13.177001083,0.000000,-12374.892659,49353
10184.27,1704,1318630.238654,13.176704156,0.000000,-13781.117697,49383
10195.36,1705,1318624.627702,13.176648571,0.000000,-13856.972290,49413
10207.54,1706,1318594.999154,13.176352102,0.000000,-14143.807217,49443
10219.57,1707,1318576.002017,13.176162850,0.000000,-15577.275284,49473
10231.50,1708,1318567.612191,13.176079247,0.000000,-11767.209085,49503
10245.45,1709,1318542.542885,13.175828480,0.000000,-14554.591953,49533
10257.16,1710,1318506.220582,13.175465794,0.000000,-14485.179264,49563
10270.38,1711,1318503.198548,13.175435268,0.000000,-13260.590067,49593
10282.76,1712,1318503.125026,13.175434617,0.000000,-13276.953666,49623
10297.41,1713,1318503.125026,13.175434617,0.000000,-13107.591744,49653
10311.33,1714,1318482.686531,13.175231702,0.000000,-13690.030205,49683
10325.40,1715,1318463.864474,13.175044294,0.000000,-14497.374152,49713
10340.32,1716,1318439.440985,13.174801697,0.000000,-13399.984915,49743
10356.54,1717,1318376.480600,13.174172896,0.000000,-15085.577820,49773
10370.93,1718,1318363.013894,13.174038424,0.000000,-15546.189149,49803
10385.22,1719,1318358.049233,13.173989191,0.000000,-15116.906352,49833
10399.55,1720,1318335.427015,13.173762821,0.000000,-12364.222960,49863
10412.33,1721,1318333.817003,13.173746609,0.000000,-11865.177608,49893
10426.98,1722,1318331.692435,13.173725059,0.000000,-10897.324052,49923
10441.00,1723,1318310.411503,13.173512683,0.000000,-13004.804412,49953
10454.14,1724,1318310.048179,13.173509267,0.000000,-13950.269128,49983
10468.51,1725,1318310.028863,13.173509075,0.000000,-12835.719238,50013
10480.66,1726,1318265.848609,13.173069697,0.000000,-13296.440315,50043
10495.66,1727,1318231.839983,13.172729287,0.000000,-14901.557171,50073
10509.09,1728,1318191.866332,13.172328996,0.000000,-18096.227999,50103
10523.47,1729,1318120.736181,13.171620981,0.000000,-16239.095755,50133
10539.34,1730,1318105.593508,13.171469414,0.000000,-14816.635483,50163
10552.16,1731,1318081.866822,13.171233166,0.000000,-16131.066356,50193
10567.72,1732,1318054.376386,13.170959298,0.000000,-13720.499906,50223
10579.90,1733,1318026.999164,13.170685842,0.000000,-15001.116257,50253
10595.76,1734,1318000.190630,13.170416948,0.000000,-15971.737043,50283
10611.63,1735,1317977.488167,13.170191605,0.000000,-14169.794471,50313
10624.69,1736,1317973.291499,13.170149949,0.000000,-12653.262048,50343
10636.97,1737,1317954.700115,13.169965844,0.000000,-13272.208820,50373
10652.16,1738,1317949.372308,13.169912547,0.000000,-12922.476994,50403
10666.72,1739,1317906.583638,13.169485721,0.000000,-15523.674646,50433
10680.61,1740,1317863.652887,13.169056786,0.000000,-17420.170434,50463
10693.78,1741,1317828.313892,13.168703033,0.000000,-14038.259687,50493
10706.93,1742,1317828.237557,13.168702615,0.000000,-13407.998251,50523
10722.14,1743,1317770.550704,13.168128334,0.000000,-13068.688165,50553
10736.67,1744,1317753.525237,13.167958004,0.000000,-13680.087718,50583
10752.29,1745,1317724.848932,13.167671931,0.000000,-12673.870447,50613
10766.94,1746,1317700.860939,13.167431617,0.000000,-16898.102502,50643
10780.15,1747,1317679.131912,13.167215461,0.000000,-14735.941909,50673
10793.37,1748,1317674.856577,13.167171933,0.000000,-12423.446433,50703
10808.22,1749,1317662.849279,13.167051718,0.000000,-14351.180095,50733
10822.58,1750,1317636.202843,13.166785870,0.000000,-14447.879355,50763
10834.66,1751,1317598.133289,13.166406209,0.000000,-13320.981430,50793
10848.36,1752,1317561.160977,13.166038134,0.000000,-14369.744574,50823
10862.49,1753,1317546.600707,13.165893368,0.000000,-12564.843916,50853
10876.49,1754,1317511.945302,13.165548587,0.000000,-14796.445627,50883
10892.06,1755,1317489.943060,13.165329969,0.000000,-14604.585280,50913
10907.04,1756,1317469.106072,13.165121107,0.000000,-15331.233528,50943
10919.14,1757,1317446.892581,13.164901053,0.000000,-13227.880808,50973
10936.78,1758,1317420.729207,13.164638220,0.000000,-14017.863910,51003
10949.57,1759,1317403.151355,13.164463281,0.000000,-13482.319207,51033
10968.83,1760,1317374.256275,13.164175191,0.000000,-12230.525085,51063
10982.17,1761,1317363.926102,13.164072164,0.000000,-13788.292341,51093
10995.88,1762,1317354.221898,13.163975463,0.000000,-12847.368765,51123
11011.70,1763,1317334.488771,13.163778894,0.000000,-14859.047696,51153
11025.18,1764,1317332.927405,13.163763303,0.000000,-13241.202674,51183
11038.27,1765,1317303.955454,13.163475296,0.000000,-12662.327850,51213
11051.10,1766,1317294.526871,13.163381254,0.000000,-12514.259852,51243
11064.40,1767,1317237.481913,13.162814511,0.000000,-13491.856127,51273
11083.53,1768,1317186.900774,13.162309509,0.000000,-15842.824103,51303
11097.29,1769,1317129.755297,13.161740051,0.000000,-15287.120507,51333
11109.37,1770,1317055.552416,13.161001258,0.000000,-13065.159015,51363
11120.99,1771,1317016.209834,13.160611183,0.000000,-13605.585850,51393
11136.87,1772,1316986.644602,13.160316209,0.000000,-12155.610410,51423
11151.05,1773,1316951.245338,13.159962889,0.000000,-13071.221949,51453
11167.13,1774,1316931.996507,13.159769809,0.000000,-12279.049706,51483
11181.52,1775,1316928.715377,13.159737012,0.000000,-13030.390351,51513
11194.78,1776,1316913.028255,13.159580529,0.000000,-11565.529110,51543
11209.38,1777,1316853.913834,13.158989128,0.000000,-13066.884750,51573
11221.76,1778,1316813.258822,13.158583512,0.000000,-14062.319453,51603
11236.00,1779,1316794.903374,13.158399839,0.000000,-14878.497557,51633
11251.11,1780,1316779.478483,13.158245123,0.000000,-14334.906311,51663
11265.51,1781,1316774.755967,13.158196029,0.000000,-12265.228596,51693
11278.60,1782,1316758.584311,13.158033314,0.000000,-12145.339060,51723
11292.24,1783,1316743.588666,13.157882948,0.000000,-12885.111436,51753
11308.06,1784,1316716.429790,13.157610716,0.000000,-12303.528839,51783
11323.40,1785,1316672.780248,13.157176283,0.000000,-11607.457959,51813
11339.19,1786,1316616.101306,13.156611789,0.000000,-14249.138738,51843
11352.98,1787,1316578.306270,13.156234033,0.000000,-14037.199996,51873
11367.30,1788,1316575.671281,13.156207198,0.000000,-13801.441597,51903
11381.35,1789,1316561.149852,13.156062318,0.000000,-13071.485947,51933
11395.89,1790,1316557.012257,13.156021545,0.000000,-12392.323825,51963
11411.99,1791,1316549.525452,13.155947125,0.000000,-12353.397897,51993
11425.40,1792,1316525.660065,13.155708881,0.000000,-11743.542565,52023
11440.93,1793,1316508.344106,13.155536453,0.000000,-11604.136764,52053
11456.00,1794,1316474.439361,13.155198950,0.000000,-12445.793487,52083
11469.03,1795,1316451.985051,13.154975344,0.000000,-10969.885480,52113
11484.66,1796,1316425.910861,13.154716695,0.000000,-11532.090629,52143
11498.24,1797,1316366.481802,13.154125892,0.000000,-12563.485534,52173
11511.96,1798,1316366.043934,13.154122185,0.000000,-11350.218476,52203
11525.37,1799,1316318.923256,13.153651600,0.000000,-11021.041140,52233
11539.01,1800,1316283.906338,13.153300518,0.000000,-11208.687261,52263
11552.94,1801,1316273.170970,13.153194900,0.000000,-10241.426379,52293
11567.03,1802,1316195.145303,13.152413292,0.000000,-12652.280110,52323
11584.01,1803,1316145.978214,13.151922413,0.000000,-11632.152978,52353
11598.76,1804,1316059.267240,13.151054320,0.000000,-12766.416436,52383
11612.60,1805,1315971.460819,13.150176054,0.000000,-13235.468814,52413
11628.31,1806,1315944.582965,13.149904194,0.000000,-13014.864063,52443
11642.30,1807,1315913.916729,13.149596273,0.000000,-11123.242547,52473
11655.49,1808,1315900.790849,13.149465275,0.000000,-12349.967002,52503
11673.59,1809,1315862.192836,13.149082352,0.000000,-13281.608075,52533
11688.90,1810,1315838.078103,13.148843407,0.000000,-11506.744081,52563
11704.34,1811,1315803.486085,13.148498079,0.000000,-11245.673956,52593
11720.74,1812,1315691.822546,13.147380798,0.000000,-14079.030249,52623
11734.79,1813,1315648.849340,13.146953127,0.000000,-11892.669938,52653
11750.02,1814,1315566.370181,13.146122973,0.000000,-13610.069521,52683
11768.06,1815,1315512.887724,13.145587469,0.000000,-13288.884584,52713
11780.28,1816,1315502.860370,13.145486381,0.000000,-13319.121549,52743
11795.81,1817,1315466.882733,13.145125726,0.000000,-14385.401030,52773
11812.70,1818,1315367.535779,13.144133618,0.000000,-13141.965153,52803
11826.34,1819,1315342.923465,13.143888702,0.000000,-11699.559194,52833
11844.52,1820,1315339.351765,13.143853035,0.000000,-11490.529416,52863
11861.99,1821,1315326.130047,13.143720837,0.000000,-10774.437948,52893
11876.61,1822,1315282.518540,13.143286809,0.000000,-11620.053700,52923
11892.50,1823,1315207.794597,13.142545513,0.000000,-11885.382352,52953
11906.85,1824,1315060.916817,13.141079841,0.000000,-12801.432888,52983
11922.26,1825,1314996.649298,13.140435011,0.000000,-11768.670982,53013
11936.15,1826,1314936.595188,13.139836942,0.000000,-11965.022509,53043
11955.56,1827,1314903.541696,13.139507408,0.000000,-11912.544048,53073
11970.65,1828,1314903.541696,13.139507408,0.000000,-10597.621945,53103
11988.36,1829,1314857.863041,13.139048988,0.000000,-12875.971474,53133
12002.82,1830,1314836.992106,13.138844311,0.000000,-11591.575889,53163
12018.60,1831,1314790.200973,13.138376450,0.000000,-13512.162737,53193
12034.61,1832,1314761.853968,13.138094675,0.000000,-12058.209207,53223
12047.08,1833,1314761.221172,13.138088594,0.000000,-11511.819017,53253
12064.17,1834,1314661.393728,13.137087277,0.000000,-11664.089189,53283
12077.27,1835,1314618.694028,13.136664330,0.000000,-11413.714428,53313
12092.41,1836,1314581.591594,13.136292320,0.000000,-10756.805572,53343
12107.60,1837,1314518.232242,13.135659175,0.000000,-12587.679519,53373
12122.90,1838,1314507.052763,13.135548238,0.000000,-11915.787865,53403
12139.26,1839,1314458.000754,13.135057846,0.000000,-11982.084331,53433
12153.79,1840,1314456.304675,13.135040860,0.000000,-12432.294200,53463
12167.60,1841,1314398.285875,13.134462201,0.000000,-13001.602274,53493
12181.64,1842,1314350.163104,13.133983029,0.000000,-11563.909180,53523
12198.62,1843,1314320.814815,13.133689584,0.000000,-11662.251833,53553
12215.66,1844,1314240.654662,13.132890896,0.000000,-13308.804989,53583
12230.24,1845,1314233.524988,13.132819387,0.000000,-12111.270185,53613
12245.98,1846,1314179.298899,13.132279619,0.000000,-11248.566313,53643
12261.17,1847,1314151.130012,13.131996954,0.000000,-10392.720351,53673
12278.48,1848,1314151.045187,13.131996057,0.000000,-10241.871063,53703
12294.78,1849,1314086.586745,13.131352467,0.000000,-11490.942553,53733
12310.78,1850,1313965.948392,13.130147224,0.000000,-12887.216342,53763
12329.49,1851,1313934.004751,13.129825771,0.000000,-13630.105340,53793
12348.75,1852,1313907.229026,13.129560714,0.000000,-10689.986318,53823
12365.71,1853,1313861.364445,13.129102271,0.000000,-12374.517923,53853
12380.32,1854,1313833.850664,13.128826694,0.000000,-11743.645883,53883
12395.60,1855,1313778.563521,13.128274057,0.000000,-11039.678156,53913
12413.02,1856,1313756.637506,13.128055166,0.000000,-12529.906407,53943
12428.09,1857,1313707.356918,13.127562515,0.000000,-12639.258105,53973
12443.81,1858,1313704.852438,13.127537700,0.000000,-11139.540695,54003
12459.86,1859,1313704.852438,13.127537700,0.000000,-11473.445347,54033
12476.48,1860,1313692.799123,13.127417623,0.000000,-11500.106588,54063
12493.54,1861,1313655.230001,13.127041555,0.000000,-12016.551315,54093
12508.32,1862,1313566.763404,13.126157707,0.000000,-12806.239734,54123
12523.99,1863,1313521.688876,13.125711198,0.000000,-11624.844068,54153
12537.61,1864,1313469.637510,13.125194420,0.000000,-10707.816883,54183
12554.38,1865,1313436.610878,13.124861147,0.000000,-10406.713671,54213
12569.22,1866,1313416.007848,13.124658796,0.000000,-10542.710365,54243
12586.17,1867,1313348.310412,13.123980415,0.000000,-11135.573740,54273
12602.79,1868,1313305.624205,13.123552087,0.000000,-11902.954866,54303
12616.19,1869,1313287.329915,13.123369047,0.000000,-10026.951016,54333
12632.54,1870,1313258.850301,13.123085853,0.000000,-10737.836131,54363
12646.47,1871,1313203.062764,13.122527096,0.000000,-11662.152012,54393
12663.73,1872,1313203.062764,13.122527096,0.000000,-11461.180054,54423
12681.28,1873,1313171.397102,13.122213073,0.000000,-13658.954603,54453
12695.34,1874,1313161.263242,13.122112096,0.000000,-11698.386838,54483
12709.95,1875,1313136.046564,13.121858939,0.000000,-12415.687528,54513
12725.01,1876,1313115.694162,13.121655984,0.000000,-10194.630303,54543
12742.28,1877,1313103.119024,13.121530879,0.000000,-11523.436871,54573
12756.56,1878,1313072.515019,13.121224884,0.000000,-11096.541691,54603
12769.08,1879,1313034.401127,13.120845173,0.000000,-11592.500170,54633
12785.76,1880,1312967.311945,13.120176336,0.000000,-11402.420222,54663
12803.41,1881,1312966.578475,13.120168631,0.000000,-8927.749455,54693
12818.59,1882,1312881.783094,13.119324938,0.000000,-10955.824612,54723
12834.55,1883,1312841.800856,13.118923816,0.000000,-11968.383195,54753
12848.97,1884,1312821.430169,13.118722273,0.000000,-11975.588987,54783
12863.28,1885,1312813.782263,13.118645102,0.000000,-11661.518885,54813
12877.28,1886,1312809.867080,13.118606443,0.000000,-9943.165978,54843
12893.09,1887,1312746.446398,13.117975595,0.000000,-12082.228705,54873
12907.41,1888,1312716.880251,13.117680336,0.000000,-11809.198349,54903
12924.10,1889,1312622.473672,13.116735374,0.000000,-12853.451940,54933
12940.80,1890,1312608.045961,13.116591583,0.000000,-11524.926602,54963
12954.43,1891,1312551.457545,13.116027577,0.000000,-11903.051185,54993
12970.82,1892,1312537.226507,13.115885667,0.000000,-11859.589086,55023
12987.97,1893,1312512.596142,13.115640417,0.000000,-9577.351407,55053
13004.22,1894,1312496.312345,13.115479240,0.000000,-10743.417478,55083
13017.36,1895,1312494.496052,13.115460337,0.000000,-10283.643643,55113
13034.20,1896,1312468.800358,13.115203977,0.000000,-11681.666841,55143
13049.47,1897,1312423.445916,13.114751155,0.000000,-11407.367014,55173
13068.23,1898,1312374.406778,13.114262896,0.000000,-10970.247927,55203
13082.99,1899,1312320.950757,13.113729091,0.000000,-11002.824717,55233
13098.56,1900,1312271.411243,13.113234951,0.000000,-10736.858319,55263
13112.42,1901,1312254.356589,13.113063598,0.000000,-10633.598254,55293
13130.24,1902,1312239.921616,13.112920193,0.000000,-10437.586990,55323
13143.53,1903,1312225.557729,13.112776757,0.000000,-12447.371657,55353
13161.52,1904,1312197.290110,13.112497465,0.000000,-11078.139902,55383
13173.72,1905,1312184.454141,13.112369556,0.000000,-10421.535965,55413
13191.21,1906,1312184.444860,13.112369383,0.000000,-9340.075306,55443
13205.96,1907,1312180.034500,13.112326478,0.000000,-9687.784345,55473
13221.72,1908,1312154.230256,13.112069788,0.000000,-11035.655460,55503
13238.33,1909,1312130.166397,13.111828883,0.000000,-10962.904614,55533
13253.93,1910,1312126.614001,13.111794826,0.000000,-12051.304495,55563
13269.23,1911,1312123.084246,13.111760149,0.000000,-11142.199461,55593
13286.04,1912,1312099.674870,13.111526403,0.000000,-11723.829549,55623
13300.99,1913,1312083.718028,13.111366630,0.000000,-11119.484280,55653
13318.84,1914,1312070.574814,13.111235317,0.000000,-11949.658100,55683
13336.64,1915,1312057.005407,13.111100183,0.000000,-10975.838033,55713
13351.91,1916,1312056.568780,13.111095618,0.000000,-9612.001379,55743
13366.54,1917,1312043.443228,13.110965827,0.000000,-10223.843916,55773
13384.35,1918,1312035.147049,13.110883106,0.000000,-9549.567811,55803
13402.96,1919,1312033.697868,13.110868381,0.000000,-9872.973438,55833
13419.50,1920,1312006.675041,13.110597512,0.000000,-10409.567323,55863
13433.35,1921,1311989.132562,13.110422174,0.000000,-10201.278548,55893
13448.23,1922,1311944.294675,13.109976441,0.000000,-10890.706269,55923
13462.69,1923,1311906.930030,13.109606735,0.000000,-11476.608927,55953
13481.25,1924,1311869.102078,13.109227613,0.000000,-10134.852009,55983
13497.40,1925,1311822.096989,13.108760154,0.000000,-11438.060687,56013
13514.40,1926,1311771.166502,13.108251666,0.000000,-10843.210440,56043
13534.27,1927,1311649.054387,13.107032853,0.000000,-11977.197400,56073
13550.69,1928,1311605.515114,13.106600079,0.000000,-11520.218000,56103
13567.32,1929,1311578.516947,13.106330817,0.000000,-11726.877567,56133
13586.57,1930,1311560.012990,13.106144216,0.000000,-11065.215731,56163
13604.67,1931,1311531.882410,13.105864323,0.000000,-11993.767814,56193
13621.61,1932,1311516.175707,13.105708211,0.000000,-12017.106764,56223
13643.40,1933,1311483.075846,13.105378950,0.000000,-11438.149067,56253
13659.52,1934,1311384.464642,13.104394477,0.000000,-13450.911578,56283
13677.14,1935,1311340.471667,13.103955689,0.000000,-11053.293979,56313
13695.14,1936,1311336.267875,13.103915912,0.000000,-9289.047095,56343
13709.63,1937,1311310.359714,13.103653026,0.000000,-10678.851764,56373
13724.53,1938,1311305.916101,13.103611086,0.000000,-9138.596815,56403
13739.01,1939,1311298.297480,13.103536586,0.000000,-9211.635667,56433
13755.14,1940,1311297.212511,13.103525756,0.000000,-10666.526669,56463
13771.18,1941,1311296.113280,13.103515188,0.000000,-8717.778957,56493
13786.36,1942,1311258.577289,13.103140352,0.000000,-10673.993045,56523
13801.63,1943,1311242.030652,13.102975939,0.000000,-10916.289027,56553
13816.42,1944,1311231.514959,13.102871424,0.000000,-10191.925049,56583
13831.55,1945,1311207.239167,13.102630022,0.000000,-11611.229197,56613
13846.37,1946,1311198.989507,13.102546951,0.000000,-10613.603402,56643
13866.50,1947,1311160.975696,13.102168282,0.000000,-15484.918881,56673
13882.33,1948,1311127.503521,13.101834987,0.000000,-11949.930086,56703
13896.10,1949,1311076.359230,13.101326507,0.000000,-10897.146986,56733
13911.83,1950,1311053.329076,13.101096216,0.000000,-12475.938571,56763
13928.27,1951,1311039.540329,13.100958191,0.000000,-10303.600458,56793
13943.43,1952,1311020.423364,13.100767638,0.000000,-11718.480050,56823
13961.83,1953,1311020.423364,13.100767638,0.000000,-11062.822869,56853
13976.09,1954,1310992.356550,13.100487224,0.000000,-11522.073168,56883
13994.47,1955,1310988.955048,13.100452632,0.000000,-10559.577286,56913
14010.20,1956,1310972.454191,13.100286998,0.000000,-9894.088464,56943
14026.36,1957,1310970.052764,13.100262528,0.000000,-9850.911835,56973
14045.07,1958,1310947.799157,13.100040457,0.000000,-11056.685927,57003
14062.03,1959,1310934.352414,13.099906891,0.000000,-10646.527675,57033
14079.24,1960,1310891.102731,13.099474610,0.000000,-12028.634025,57063
14098.00,1961,1310871.213860,13.099276835,0.000000,-11805.866827,57093
14112.79,1962,1310814.755999,13.098714595,0.000000,-12635.139394,57123
14135.26,1963,1310780.563673,13.098373246,0.000000,-11910.002012,57153
14149.79,1964,1310744.103388,13.098011328,0.000000,-11905.719984,57183
14168.39,1965,1310694.687332,13.097516416,0.000000,-11311.186073,57213
14188.41,1966,1310693.634442,13.097506961,0.000000,-11600.301793,57243
14207.12,1967,1310666.237735,13.097231722,0.000000,-11462.908681,57273
14222.62,1968,1310660.696082,13.097176628,0.000000,-10460.276605,57303
14238.09,1969,1310596.797623,13.096536534,0.000000,-11544.488871,57333
14252.58,1970,1310571.334508,13.096281252,0.000000,-11526.872365,57363
14272.70,1971,1310526.657751,13.095836035,0.000000,-11455.633676,57393
14289.06,1972,1310475.070001,13.095322910,0.000000,-11035.275174,57423
14308.52,1973,1310455.202965,13.095125367,0.000000,-9309.845007,57453
14324.32,1974,1310455.118075,13.095124717,0.000000,-9783.793536,57483
14340.47,1975,1310453.560044,13.095109783,0.000000,-9213.962288,57513
14359.42,1976,1310388.919108,13.094464391,0.000000,-11270.707047,57543
14374.02,1977,1310356.496067,13.094141670,0.000000,-12116.665892,57573
14390.36,1978,1310350.632106,13.094083425,0.000000,-11411.798256,57603
14421.87,1979,1310312.702917,13.093704120,0.000000,-13989.224282,57633
14438.58,1980,1310296.073853,13.093539445,0.000000,-11431.844016,57663
14454.72,1981,1310236.959526,13.092950233,0.000000,-11100.059363,57693
14469.51,1982,1310225.135176,13.092830085,0.000000,-10065.706217,57723
14485.46,1983,1310138.504366,13.091971721,0.000000,-11713.213441,57753
14502.80,1984,1310115.776243,13.091742856,0.000000,-10274.654356,57783
14519.24,1985,1310071.159019,13.091295201,0.000000,-11106.740420,57813
14536.05,1986,1310053.519672,13.091116855,0.000000,-10680.808839,57843
14551.17,1987,1310012.717250,13.090709632,0.000000,-11433.010251,57873
14566.86,1988,1310012.587341,13.090708739,0.000000,-10797.870009,57903
14584.10,1989,1310008.564044,13.090668460,0.000000,-11778.343620,57933
14602.91,1990,1309975.256949,13.090335259,0.000000,-10437.388600,57963
14619.30,1991,1309952.360841,13.090106491,0.000000,-9611.042122,57993
14635.37,1992,1309952.360841,13.090106491,0.000000,-9258.009217,58023
14653.53,1993,1309941.768978,13.090002135,0.000000,-8411.597555,58053
14670.60,1994,1309912.279191,13.089707116,0.000000,-11585.118416,58083
14686.73,1995,1309911.897636,13.089703035,0.000000,-9680.392053,58113
14703.94,1996,1309844.139495,13.089026215,0.000000,-12265.096947,58143
14720.03,1997,1309802.462182,13.088607745,0.000000,-10315.015132,58173
14738.17,1998,1309788.850398,13.088470400,0.000000,-10422.982064,58203
14753.64,1999,1309764.475915,13.088226388,0.000000,-11511.915952,58233
14768.71,2000,1309759.379647,13.088175631,0.000000,-10790.182735,58263
