elapsed_s,iteration,lp_obj,route_weight,artificials,min_rc,pool_columns
10.26,1,63600000.000000,636.000000000,0.000000,-6399897.624000,636
10.90,2,57200102.376000,572.000000000,0.000000,-5499904.528000,666
11.56,3,54500148.356000,545.000000000,0.000000,-5399911.016000,696
12.25,4,53150170.602000,531.500000000,0.000000,-5549934.750000,726
12.97,5,53020174.753600,530.200000000,0.000000,-6099884.648000,756
13.66,6,51860195.633600,518.600000000,0.000000,-4599903.040000,786
14.36,7,51300214.166667,513.000000000,0.000000,-5699895.600000,816
15.09,8,50759053.046118,507.588235294,0.000000,-5782200.499765,846
15.81,9,50151525.321641,501.512820513,0.000000,-5399898.576000,876
16.72,10,49890248.518400,498.900000000,0.000000,-4799925.600000,906
17.46,11,49820840.361412,498.205882353,0.000000,-5546932.872941,936
18.22,12,49721132.457055,497.208791209,0.000000,-5799870.720000,966
18.99,13,49411368.584711,494.111111111,0.000000,-5199902.384000,996
19.79,14,49373219.902122,493.729591837,0.000000,-5385936.935837,1026
20.59,15,49152647.617356,491.523809524,0.000000,-5180019.189392,1056
21.35,16,48879690.819059,488.794117647,0.000000,-5646959.251294,1086
22.20,17,48779668.559053,487.793893130,0.000000,-5599867.624000,1116
22.99,18,48680857.697266,486.805755396,0.000000,-5353505.159914,1146
23.80,19,48569576.237273,485.692904656,0.000000,-5199904.528000,1176
24.61,20,48449005.597468,484.487179487,0.000000,-5107871.286772,1206
25.43,21,48335465.140276,483.351745883,0.000000,-5289082.544751,1236
26.25,22,48210333.048523,482.100379726,0.000000,-5107576.299772,1266
27.11,23,48095503.472581,480.952048768,0.000000,-5502781.733675,1296
27.97,24,47846260.653201,478.459518358,0.000000,-4948279.649725,1326
28.79,25,47731431.440512,477.311219244,0.000000,-4975516.748477,1356
29.70,26,47517174.075996,475.168565427,0.000000,-4815231.501887,1386
30.52,27,47330473.631702,473.301468181,0.000000,-4906785.518527,1416
31.57,28,47152167.028574,471.518314296,0.000000,-5033382.199077,1446
32.44,29,46985875.908675,469.855345362,0.000000,-4891398.180381,1476
33.31,30,46770475.206588,467.701273881,0.000000,-4871713.276110,1506
34.20,31,46639500.902383,466.391532581,0.000000,-4901191.334276,1536
35.08,32,46393493.428746,463.931387302,0.000000,-4579719.782439,1566
35.99,33,46158434.464908,461.580709933,0.000000,-4809735.785095,1596
36.84,34,45848488.820345,458.481143768,0.000000,-4648795.544497,1626
37.76,35,45676646.360118,456.762656433,0.000000,-4658823.568069,1656
38.66,36,45458203.139175,454.578120447,0.000000,-4934215.181980,1686
39.56,37,45173657.366071,451.732554542,0.000000,-4969148.143793,1716
40.48,38,45011977.185406,450.115683047,0.000000,-4739884.936008,1746
41.44,39,44862259.876550,448.618476652,0.000000,-4559620.228608,1776
42.37,40,44720936.084978,447.205158579,0.000000,-4647644.041201,1806
43.32,41,44576109.809074,445.756863153,0.000000,-4436971.685324,1836
44.26,42,44471375.693084,444.709488743,0.000000,-4584534.154363,1866
45.26,43,44375698.436062,443.752679569,0.000000,-4597358.904827,1896
46.28,44,44186790.988156,441.863491988,0.000000,-4483977.631995,1926
47.27,45,44113033.519047,441.125935096,0.000000,-4196595.610959,1956
48.48,46,43967054.558937,439.666088176,0.000000,-4482637.588252,1986
49.48,47,43805612.065087,438.051617317,0.000000,-4453522.799521,2016
50.53,48,43651872.764325,436.514157535,0.000000,-4537164.476709,2046
51.52,49,43587479.838826,435.870192680,0.000000,-4521569.314248,2076
52.58,50,43475357.021272,434.748951052,0.000000,-4482525.663045,2106
53.58,51,43310435.458799,433.099661184,0.000000,-4445546.246121,2136
54.61,52,43200666.216602,432.001930293,0.000000,-4387763.273837,2166
55.67,53,43126596.763543,431.261193639,0.000000,-4485715.752219,2196
56.80,54,43056120.145540,430.556396867,0.000000,-4368846.078720,2226
57.83,55,42985406.485309,429.849236503,0.000000,-4216156.900398,2256
58.89,56,42841743.281877,428.412580161,0.000000,-4258266.558878,2286
59.99,57,42616999.354425,426.165075885,0.000000,-4339756.446797,2316
61.08,58,42497298.760770,424.968025991,0.000000,-4271349.214439,2346
62.15,59,42372826.546510,423.723287129,0.000000,-4445431.419313,2376
63.35,60,42264158.749133,422.636571213,0.000000,-4428169.050268,2406
64.51,61,42201098.380487,422.005954170,0.000000,-4061363.194583,2436
65.60,62,42136328.852793,421.358235651,0.000000,-4159449.642000,2466
66.72,63,42015008.368692,420.144961426,0.000000,-4376393.235517,2496
67.81,64,41939580.138962,419.390641451,0.000000,-4004662.778290,2526
69.11,65,41839437.973076,418.389145465,0.000000,-4159154.034360,2556
70.34,66,41727109.257439,417.265792718,0.000000,-4324818.854096,2586
71.52,67,41662271.670534,416.617384897,0.000000,-4104878.783581,2616
72.64,68,41518914.658805,415.183789041,0.000000,-4264662.954813,2646
73.80,69,41361161.692493,413.606209306,0.000000,-4148166.130246,2676
75.01,70,41217691.553202,412.171471480,0.000000,-4232679.380233,2706
76.14,71,41089745.663474,410.891946737,0.000000,-4238980.820946,2736
77.27,72,41000216.751862,409.996629263,0.000000,-4011710.515093,2766
78.49,73,40843680.994269,408.431238474,0.000000,-4153305.259884,2796
79.68,74,40679959.128798,406.793967163,0.000000,-3967938.392789,2826
80.90,75,40572237.039033,405.716712951,0.000000,-4133713.455063,2856
82.16,76,40434274.525580,404.337060630,0.000000,-4024395.357182,2886
83.47,77,40347060.298609,403.464900992,0.000000,-4122077.308592,2916
84.79,78,40275520.376303,402.749489819,0.000000,-3927308.582926,2946
86.11,79,40197243.360036,401.966693097,0.000000,-4084754.864015,2976
87.41,80,40123238.778778,401.226602757,0.000000,-3957165.174739,3006
88.69,81,40034819.384587,400.342372674,0.000000,-3986153.793591,3036
90.07,82,39954502.540638,399.539202320,0.000000,-3969863.264731,3066
91.31,83,39864529.097463,398.639443640,0.000000,-3945161.661692,3096
92.69,84,39788256.821896,397.876699358,0.000000,-3870161.915328,3126
93.97,85,39661694.155079,396.611024092,0.000000,-4108055.124626,3156
95.48,86,39559375.569765,395.587816219,0.000000,-4181725.891479,3186
96.87,87,39457024.155595,394.564267145,0.000000,-4095105.279725,3216
98.27,88,39319289.325737,393.186882377,0.000000,-3867225.784017,3246
99.66,89,39191783.777109,391.911767133,0.000000,-3997196.185072,3276
101.05,90,39026032.931753,390.254173603,0.000000,-3933868.511127,3305
102.43,91,38873346.780494,388.727251158,0.000000,-4170885.625529,3335
103.80,92,38746712.231223,387.460854318,0.000000,-4098971.265511,3365
105.32,93,38547597.099626,385.469606184,0.000000,-4010347.959850,3395
106.56,94,38441598.729095,384.409558071,0.000000,-4178489.932781,3425
108.01,95,38354279.404638,383.536317576,0.000000,-4185403.323368,3455
109.41,96,38252200.377888,382.515468236,0.000000,-4110378.399782,3485
110.81,97,38156060.701820,381.554019208,0.000000,-3984491.195756,3515
112.29,98,38051393.475863,380.507315746,0.000000,-3973526.292844,3545
113.85,99,37952553.431674,379.518869358,0.000000,-4071329.911580,3575
115.21,100,37866368.385336,378.657008126,0.000000,-4011527.833246,3605
116.68,101,37769144.374751,377.684755634,0.000000,-3920965.691725,3635
118.25,102,37671196.904586,376.705248264,0.000000,-3866568.388909,3665
119.75,103,37541902.889528,375.412268720,0.000000,-3996683.544168,3695
121.29,104,37450462.512134,374.497842713,0.000000,-4202376.783845,3725
123.04,105,37364842.646634,373.641617657,0.000000,-3915443.715598,3755
124.51,106,37303983.396034,373.033006003,0.000000,-3870260.527288,3785
125.94,107,37226670.797968,372.259849100,0.000000,-3935119.002297,3815
127.68,108,37143086.784141,371.423992605,0.000000,-4058915.711344,3845
129.22,109,37062020.455073,370.613295677,0.000000,-3965155.864766,3875
130.78,110,37017426.063730,370.167350003,0.000000,-3706311.667857,3905
132.36,111,36931905.838329,369.312135151,0.000000,-3722736.110219,3935
134.00,112,36850273.903387,368.495754566,0.000000,-3728656.596619,3965
135.52,113,36779525.946497,367.788247615,0.000000,-3722710.074470,3995
137.49,114,36697664.136997,366.969623906,0.000000,-3873791.716382,4025
139.30,115,36624665.803413,366.239617341,0.000000,-3795911.778236,4055
140.83,116,36475535.996722,364.748255207,0.000000,-4027036.086018,4085
142.41,117,36346196.784676,363.454823186,0.000000,-3833636.012687,4115
144.04,118,36238600.307872,362.378803072,0.000000,-3842452.171691,4145
145.83,119,36125895.670742,361.251710129,0.000000,-3814431.440741,4175
147.42,120,36022596.382189,360.218670176,0.000000,-3836339.358667,4205
149.06,121,35913738.629717,359.130038243,0.000000,-4061020.956868,4235
150.60,122,35837748.384627,358.370086571,0.000000,-3911827.072940,4265
152.32,123,35756962.795962,357.562195091,0.000000,-3823263.693165,4295
154.05,124,35671981.718878,356.712315613,0.000000,-3600454.314118,4325
155.93,125,35582412.333513,355.816607978,0.000000,-3929600.104851,4355
157.77,126,35493617.127616,354.928637837,0.000000,-3862461.958255,4381
159.98,127,35426213.660425,354.254519421,0.000000,-3954474.475224,4406
162.06,128,35368922.635096,353.681584291,0.000000,-3658230.302948,4431
164.07,129,35254193.335601,352.534255334,0.000000,-3747640.474242,4461
166.16,130,35199687.189214,351.989177459,0.000000,-3775142.805442,4491
168.20,131,35106294.266373,351.055195614,0.000000,-3785493.589330,4521
170.16,132,34956936.591933,349.561602617,0.000000,-3929957.130377,4551
172.25,133,34856521.632981,348.557431181,0.000000,-3655496.835845,4581
174.21,134,34801299.565049,348.005203434,0.000000,-3570521.558016,4605
176.23,135,34718599.207817,347.178149854,0.000000,-3828903.001875,4635
178.31,136,34632267.557191,346.314788149,0.000000,-3954668.540104,4665
180.59,137,34541836.469301,345.410476743,0.000000,-3877652.677686,4694
182.60,138,34493859.513190,344.930675501,0.000000,-3718132.200340,4724
184.84,139,34400639.313605,343.998461811,0.000000,-3706783.520593,4754
186.96,140,34303899.310241,343.031014718,0.000000,-3822263.658772,4784
189.02,141,34261237.795018,342.604378921,0.000000,-3715559.378616,4808
190.83,142,34185623.745347,341.848191794,0.000000,-3677975.249168,4838
192.77,143,34147436.762986,341.466311726,0.000000,-3729467.294380,4868
194.87,144,34120220.003730,341.194143507,0.000000,-3472491.327059,4898
196.97,145,34084430.431563,340.836228028,0.000000,-3495263.365771,4928
199.49,146,34054111.169936,340.533023565,0.000000,-3548351.805473,4958
201.79,147,33987295.876303,339.864843701,0.000000,-3619376.831341,4988
204.02,148,33881783.578257,338.809713937,0.000000,-3639071.345372,5018
206.24,149,33811226.220919,338.104132430,0.000000,-3708725.279383,5048
208.48,150,33754827.491558,337.540125810,0.000000,-3543077.107009,5078
210.97,151,33700579.291533,336.997622825,0.000000,-3500304.813028,5108
213.31,152,33599196.365656,335.983717753,0.000000,-3636171.673666,5138
215.94,153,33541387.149987,335.405612613,0.000000,-3668423.816703,5168
218.22,154,33462169.601806,334.613385145,0.000000,-3623999.258636,5197
220.72,155,33391535.342185,333.906996484,0.000000,-3570011.861108,5227
223.10,156,33319904.862705,333.190687266,0.000000,-3850389.929503,5257
225.70,157,33245245.225067,332.444061875,0.000000,-3724302.128623,5287
227.81,158,33157399.598927,331.565562046,0.000000,-3744558.361112,5317
230.52,159,33109849.583740,331.090048617,0.000000,-3886545.963394,5346
232.94,160,33056684.734725,330.558373222,0.000000,-3586756.546147,5376
235.36,161,33009648.175242,330.088006213,0.000000,-3609224.277018,5406
237.77,162,32963500.903574,329.626511878,0.000000,-3480887.052402,5430
240.29,163,32917445.964458,329.165957364,0.000000,-3561477.877680,5460
242.72,164,32874868.305824,328.740150530,0.000000,-3612094.747190,5490
245.48,165,32824061.924827,328.232064615,0.000000,-3401296.394457,5520
248.35,166,32766531.133524,327.656738942,0.000000,-3551081.971967,5550
250.61,167,32690162.956557,326.893011925,0.000000,-3493564.839804,5580
253.35,168,32617269.084626,326.164037727,0.000000,-3443093.282505,5610
255.88,169,32515652.497368,325.147829636,0.000000,-3462166.767711,5640
258.85,170,32421894.819439,324.210183215,0.000000,-3590442.988261,5670
261.53,171,32357752.306977,323.568730344,0.000000,-3432078.053557,5700
264.22,172,32314239.991657,323.133583469,0.000000,-3392754.099198,5730
266.51,173,32255092.695308,322.542101267,0.000000,-3510628.472758,5760
269.19,174,32192601.915301,321.917164270,0.000000,-3571548.225075,5790
271.91,175,32132032.994748,321.311432337,0.000000,-3500708.167121,5820
274.73,176,32083551.170144,320.826572849,0.000000,-3622100.040351,5850
277.53,177,32051998.203269,320.511025144,0.000000,-3432364.976911,5880
279.92,178,32017531.573699,320.166356781,0.000000,-3485918.326837,5910
282.79,179,31968740.459412,319.678432037,0.000000,-3580982.240113,5940
285.30,180,31932327.283813,319.314301380,0.000000,-3497429.642922,5970
287.90,181,31900154.665385,318.992556347,0.000000,-3458158.668851,6000
290.69,182,31879844.968120,318.789432806,0.000000,-3378431.930878,6030
293.37,183,31858271.140362,318.573682546,0.000000,-3400128.596668,6060
295.93,184,31831648.030664,318.307417820,0.000000,-3470137.041915,6090
298.41,185,31806335.280230,318.054275718,0.000000,-3588558.754467,6120
303.51,186,31759346.581639,317.584353128,0.000000,-3503333.085511,6150
305.96,187,31708608.403943,317.076932484,0.000000,-3589190.763685,6180
308.90,188,31649443.320828,316.485246314,0.000000,-3609680.112638,6210
311.84,189,31598810.119070,315.978886406,0.000000,-3500190.283358,6240
314.72,190,31550803.505031,315.498800570,0.000000,-3553560.204703,6270
317.48,191,31519464.932460,315.185396792,0.000000,-3617720.624562,6300
320.70,192,31478491.933223,314.775616011,0.000000,-3478419.210084,6330
323.79,193,31443347.657571,314.424154816,0.000000,-3651742.217497,6360
326.88,194,31405149.204172,314.042169624,0.000000,-3491457.114372,6390
329.63,195,31362043.765170,313.611080666,0.000000,-3577238.113377,6420
332.44,196,31323711.730233,313.227752094,0.000000,-3248384.460612,6450
335.69,197,31296906.149655,312.959678587,0.000000,-3571086.819688,6480
338.40,198,31265471.177819,312.645310939,0.000000,-3472422.996462,6510
341.47,199,31202644.521582,312.017028998,0.000000,-3666212.939037,6540
344.98,200,31161927.464285,311.609847180,0.000000,-3434169.582052,6570
348.28,201,31101162.292472,311.002173666,0.000000,-3574712.706966,6600
351.51,202,31077622.248991,310.766757933,0.000000,-3541098.947512,6630
355.22,203,31049525.384391,310.485780978,0.000000,-3482476.872422,6660
358.69,204,31023414.528780,310.224660576,0.000000,-3376175.157248,6690
361.65,205,30984487.722023,309.835381781,0.000000,-3355865.423699,6720
364.65,206,30933502.041361,309.325495246,0.000000,-3359420.483048,6750
368.21,207,30891876.445208,308.909229892,0.000000,-3513614.419893,6780
371.40,208,30859452.432678,308.584973239,0.000000,-3503173.317608,6810
374.96,209,30815430.806759,308.144736858,0.000000,-3472278.455765,6840
378.99,210,30766318.618761,307.653573460,0.000000,-3648583.313868,6870
382.68,211,30720442.853595,307.194775234,0.000000,-3314597.229329,6900
386.51,212,30670736.759819,306.697750046,0.000000,-3459144.203102,6930
390.04,213,30626495.791089,306.255299865,0.000000,-3470428.434571,6960
393.50,214,30579223.648766,305.782561595,0.000000,-3531348.556384,6990
396.27,215,30541825.680732,305.408522814,0.000000,-3298314.564026,7020
400.28,216,30509155.431608,305.081809219,0.000000,-3225754.815076,7050
403.77,217,30431700.731456,304.307269621,0.000000,-3240529.202350,7080
407.20,218,30380657.273085,303.796785025,0.000000,-3172023.091182,7110
410.43,219,30306998.536432,303.060161514,0.000000,-3566531.776704,7140
414.24,220,30223286.055063,302.223031621,0.000000,-3382918.476444,7170
418.05,221,30182887.517851,301.819006202,0.000000,-3236967.926417,7200
420.97,222,30146630.662638,301.456432630,0.000000,-3382842.722817,7230
424.53,223,30106522.628258,301.055327024,0.000000,-3332396.606011,7260
428.68,224,30067642.682627,300.666525694,0.000000,-3312275.482096,7290
432.92,225,30027786.512131,300.267946177,0.000000,-3347257.418496,7320
436.59,226,29979745.488395,299.787506815,0.000000,-3281707.147771,7350
440.46,227,29939155.328701,299.381594197,0.000000,-3457400.543756,7380
444.41,228,29886327.123072,298.853299016,0.000000,-3357403.999268,7410
447.41,229,29839048.604884,298.380503311,0.000000,-3374498.215392,7440
451.02,230,29785022.158954,297.840235843,0.000000,-3415530.153159,7470
454.96,231,29757264.570433,297.562643928,0.000000,-3277870.447221,7500
458.76,232,29734671.354792,297.336707624,0.000000,-3279789.388505,7530
462.87,233,29708768.512614,297.077651882,0.000000,-3291280.015461,7555
466.66,234,29666262.093757,296.652533390,0.000000,-3287875.117580,7585
470.62,235,29632309.594214,296.312966301,0.000000,-3236491.715381,7615
474.71,236,29576751.913590,295.757400097,0.000000,-3327739.451699,7645
478.64,237,29513069.930733,295.120587026,0.000000,-3421464.309136,7675
483.28,238,29443274.490359,294.422585751,0.000000,-3547645.783650,7705
487.27,239,29394425.974276,293.934077491,0.000000,-3194461.389775,7735
491.86,240,29318106.859076,293.170836746,0.000000,-3472729.048026,7765
496.13,241,29251413.646559,292.503866933,0.000000,-3201545.924889,7795
500.17,242,29193536.439972,291.925066012,0.000000,-3310480.516045,7825
503.72,243,29151778.149020,291.507454486,0.000000,-3361940.095698,7855
507.59,244,29122086.835558,291.210523047,0.000000,-3183650.535297,7885
511.25,245,29092773.904574,290.917395712,0.000000,-3547506.640845,7915
514.71,246,29062324.085858,290.612897392,0.000000,-3234415.844112,7945
519.11,247,29033792.816959,290.327574418,0.000000,-3291076.363086,7975
523.53,248,29007700.996673,290.066655015,0.000000,-3336226.462708,8005
527.42,249,28983084.239947,289.820476327,0.000000,-3176155.093197,8035
532.36,250,28959320.020335,289.582821243,0.000000,-3542756.300022,8065
536.00,251,28928745.784864,289.277064833,0.000000,-3211039.354235,8095
539.94,252,28893289.127530,288.922479763,0.000000,-3284191.743043,8125
544.16,253,28847452.549212,288.464083360,0.000000,-3169163.757149,8155
547.76,254,28814867.923386,288.138216332,0.000000,-3452370.255768,8185
551.53,255,28795129.497758,287.940821662,0.000000,-3364047.227407,8215
555.60,256,28769574.824619,287.685258987,0.000000,-3306126.729237,8245
559.68,257,28746652.712436,287.456021467,0.000000,-3327994.245265,8275
563.55,258,28704316.809239,287.032644679,0.000000,-3224748.753559,8305
567.51,259,28661340.119723,286.602876440,0.000000,-3454281.045629,8335
571.92,260,28621242.487346,286.201895671,0.000000,-3289115.989346,8365
576.34,261,28584990.813637,285.839355679,0.000000,-3412373.775478,8395
580.57,262,28559243.561148,285.581871879,0.000000,-3119312.037386,8425
585.43,263,28537261.709135,285.362045607,0.000000,-3034449.984864,8455
590.69,264,28503139.241371,285.020813333,0.000000,-3229720.489488,8485
594.86,265,28487590.393807,284.865313929,0.000000,-3253192.551322,8515
600.01,266,28470358.489056,284.692989582,0.000000,-3068851.929946,8545
604.98,267,28434616.441112,284.335533375,0.000000,-3279068.448937,8575
609.95,268,28412341.350752,284.112765540,0.000000,-3415552.502780,8605
614.66,269,28357063.241173,283.559942664,0.000000,-3218072.118707,8635
618.60,270,28303357.538783,283.022864894,0.000000,-3190611.894518,8665
623.31,271,28265263.672146,282.641894686,0.000000,-3213799.976243,8695
627.97,272,28194157.444524,281.930779730,0.000000,-3299676.990659,8725
632.88,273,28151948.994841,281.508684949,0.000000,-3264889.482561,8755
637.97,274,28119520.604834,281.184376475,0.000000,-3181011.934820,8785
642.05,275,28074655.956698,280.735722827,0.000000,-3164097.336148,8815
647.61,276,28037317.197267,280.362316636,0.000000,-3213531.958056,8845
652.44,277,28015205.547890,280.141193492,0.000000,-3160754.816839,8875
657.10,278,27974082.483224,279.729921128,0.000000,-3330944.284292,8905
661.91,279,27944970.186721,279.438791513,0.000000,-3121037.666467,8935
666.86,280,27864997.633485,278.639021800,0.000000,-3348464.875658,8965
671.97,281,27824821.690345,278.237254228,0.000000,-3200513.783433,8995
678.31,282,27797657.068570,277.965600929,0.000000,-3074108.096043,9025
683.05,283,27766009.570304,277.649119184,0.000000,-3122132.146929,9055
688.06,284,27741108.257661,277.400107693,0.000000,-3158068.511457,9085
693.86,285,27715925.095849,277.148270591,0.000000,-3030024.917457,9115
698.46,286,27661302.387482,276.602038785,0.000000,-3122180.885105,9145
704.93,287,27619046.023050,276.179464076,0.000000,-3248341.484394,9175
710.41,288,27565913.345488,275.648086816,0.000000,-3361524.652464,9205
715.41,289,27493967.651611,274.928591582,0.000000,-3046947.591163,9235
719.99,290,27430897.479798,274.297899730,0.000000,-3060499.036119,9265
725.61,291,27384122.378796,273.830130288,0.000000,-3009579.533366,9295
732.02,292,27342291.296112,273.411786697,0.000000,-3119461.350856,9325
737.10,293,27271694.439864,272.705757634,0.000000,-2940247.075058,9355
742.90,294,27210193.641599,272.090725746,0.000000,-3136704.847979,9385
749.09,295,27172745.612706,271.716213896,0.000000,-3071865.342920,9415
755.53,296,27118059.078151,271.169340997,0.000000,-3062768.825139,9439
761.82,297,27077086.668150,270.759576893,0.000000,-3251592.935173,9469
766.87,298,27051850.037402,270.507205672,0.000000,-3108568.051155,9499
772.99,299,27008764.607315,270.076354890,0.000000,-3144891.958446,9529
778.18,300,26972066.775820,269.709325148,0.000000,-3284360.217906,9559
783.95,301,26922828.278763,269.216917309,0.000000,-3159442.396570,9589
789.01,302,26883912.529631,268.827733467,0.000000,-3044025.791248,9619
795.27,303,26846382.226677,268.452434026,0.000000,-3145618.636153,9649
801.00,304,26813513.823615,268.123719363,0.000000,-3085876.040462,9666
807.11,305,26781000.979909,267.798567651,0.000000,-3169120.661258,9674
813.11,306,26745428.624425,267.442822640,0.000000,-2920793.374576,9704
818.14,307,26694755.812002,266.936064562,0.000000,-3069286.925739,9724
823.82,308,26659932.736088,266.587793136,0.000000,-3145979.233197,9754
829.76,309,26620632.937803,266.194787120,0.000000,-3360078.913969,9784
836.44,310,26586491.588141,265.853354147,0.000000,-3216720.472408,9814
841.74,311,26554290.288967,265.531317296,0.000000,-3196803.921614,9844
847.42,312,26530840.451833,265.296812378,0.000000,-3143052.221661,9874
852.36,313,26500107.297149,264.989458342,0.000000,-3215240.644494,9894
858.41,314,26478586.256288,264.774237157,0.000000,-3070370.519759,9924
864.32,315,26454657.910906,264.534948461,0.000000,-3077983.469384,9954
870.55,316,26431171.844939,264.300049343,0.000000,-3014621.324153,9984
876.80,317,26416633.225831,264.154649141,0.000000,-3024172.958527,10014
883.41,318,26390513.187587,263.893470370,0.000000,-3157940.278109,10044
889.65,319,26368928.193476,263.677602599,0.000000,-3057472.140446,10074
895.41,320,26343628.225283,263.424593017,0.000000,-3035994.301343,10104
907.17,321,26308437.186252,263.072645314,0.000000,-3257717.550470,10134
913.45,322,26260648.888798,262.594751925,0.000000,-3597955.942240,10164
918.66,323,26242540.135963,262.413639221,0.000000,-3202391.095646,10194
924.99,324,26223216.192077,262.220348946,0.000000,-3266683.591612,10224
930.76,325,26192629.871734,261.914488077,0.000000,-3320891.585325,10254
937.24,326,26150458.372862,261.492788702,0.000000,-3160995.610104,10284
943.75,327,26113698.031150,261.125184171,0.000000,-3284216.080238,10314
951.18,328,26093384.634999,260.922030859,0.000000,-3050760.758497,10344
959.10,329,26064127.544034,260.629448379,0.000000,-3281143.275393,10374
965.35,330,26001806.967657,260.006179573,0.000000,-3229699.606944,10404
971.72,331,25976607.495492,259.754191188,0.000000,-3059931.778924,10434
978.73,332,25947509.390216,259.463171209,0.000000,-3108598.794053,10464
984.81,333,25923682.150159,259.224905659,0.000000,-3160272.185419,10494
990.71,334,25904251.678068,259.030603818,0.000000,-3025626.639017,10513
997.09,335,25874074.695921,258.728843624,0.000000,-2955434.878013,10543
1002.99,336,25838803.174115,258.376069303,0.000000,-2960305.043079,10563
1009.08,337,25786266.581204,257.850667334,0.000000,-3047109.867682,10593
1015.90,338,25743630.524121,257.424275927,0.000000,-3055788.795191,10623
1021.77,339,25704375.177920,257.031682459,0.000000,-3136647.180044,10653
1027.93,340,25671428.064182,256.702195429,0.000000,-3168197.927366,10683
1034.00,341,25642564.840322,256.413530924,0.000000,-2996931.602162,10713
1041.12,342,25599510.213864,255.982954656,0.000000,-2858123.235810,10743
1046.88,343,25563097.099285,255.618807420,0.000000,-3109647.109719,10773
1053.44,344,25531436.502134,255.302185580,0.000000,-2989103.379809,10803
1059.21,345,25485624.665832,254.844043150,0.000000,-3121445.711913,10833
1066.75,346,25454302.764176,254.530810151,0.000000,-3015036.993243,10863
1073.15,347,25421987.357256,254.207631869,0.000000,-3230699.583231,10893
1079.25,348,25395612.263835,253.943882566,0.000000,-3091794.783248,10923
1085.81,349,25361643.592582,253.604158427,0.000000,-3118918.331077,10953
1092.00,350,25335479.566866,253.342519144,0.000000,-3141359.950441,10983
1098.68,351,25320213.865195,253.189832918,0.000000,-2994682.583470,11013
1105.43,352,25306995.781244,253.057644245,0.000000,-3075339.275283,11043
1113.08,353,25289128.935505,252.878979694,0.000000,-3014479.053584,11073
1120.26,354,25266058.016892,252.648290177,0.000000,-3062500.816580,11103
1126.27,355,25247479.118831,252.462487488,0.000000,-2967486.478645,11133
1132.60,356,25219322.013277,252.180884252,0.000000,-2961239.838698,11163
1140.47,357,25186603.064450,251.853680393,0.000000,-3050615.850464,11193
1148.97,358,25165462.514715,251.642282356,0.000000,-2930969.733582,11219
1155.89,359,25144674.235081,251.434389867,0.000000,-3156737.351688,11249
1162.70,360,25128278.431056,251.270438162,0.000000,-3043990.653537,11279
1170.38,361,25102992.265101,251.017568889,0.000000,-2992790.545945,11309
1177.45,362,25084412.229259,250.831774162,0.000000,-3021106.372577,11326
1184.49,363,25067808.437605,250.665724006,0.000000,-2865778.208626,11356
1192.07,364,25049824.498183,250.485858688,0.000000,-3073796.368930,11386
1199.73,365,25006752.834782,250.055116846,0.000000,-3210791.313742,11416
1206.60,366,24979394.471598,249.781517396,0.000000,-2969123.430764,11446
1213.72,367,24949001.855427,249.477587574,0.000000,-2979937.285636,11473
1221.44,368,24927501.718920,249.262573960,0.000000,-2873388.418204,11503
1228.01,369,24898477.587828,248.972304034,0.000000,-3162656.192835,11533
1235.19,370,24865644.458167,248.643957510,0.000000,-3094507.870815,11563
1240.28,371,24847033.152732,248.457839831,0.000000,-3081487.910734,11593
1247.71,372,24799033.074893,247.977789121,0.000000,-3238422.915488,11623
1254.63,373,24771102.432536,247.698485305,0.000000,-2932768.981852,11653
1262.74,374,24742518.488814,247.412636309,0.000000,-3264518.719908,11681
1270.02,375,24712547.247628,247.112916710,0.000000,-3170642.062332,11710
1276.74,376,24684671.275434,246.834133357,0.000000,-2876848.296358,11738
1284.46,377,24657339.759649,246.560808345,0.000000,-3061966.958951,11768
1292.40,378,24632255.963985,246.309957702,0.000000,-3050082.223023,11798
1299.84,379,24614451.400993,246.131901002,0.000000,-2989915.801501,11828
1307.33,380,24603729.962939,246.024677041,0.000000,-2861231.971010,11858
1315.52,381,24587760.999793,245.864978156,0.000000,-2904282.541560,11888
1323.21,382,24573249.034738,245.719851674,0.000000,-3115854.498273,11918
1330.05,383,24555598.469130,245.543332944,0.000000,-2903697.292219,11935
1338.11,384,24540532.828769,245.392671426,0.000000,-2769892.255445,11965
1345.39,385,24516036.700298,245.147681185,0.000000,-2978557.820365,11995
1353.16,386,24505792.000808,245.045232448,0.000000,-2892269.064929,12025
1360.46,387,24492943.049782,244.916726462,0.000000,-2961926.882549,12055
1366.83,388,24480124.091381,244.788527110,0.000000,-3066743.525564,12085
1376.68,389,24469129.153041,244.678572498,0.000000,-3083681.643584,12115
1383.67,390,24453769.684223,244.524964207,0.000000,-3052300.704004,12145
1393.42,391,24432855.505025,244.315823637,0.000000,-3004543.562885,12175
1400.81,392,24418004.796874,244.167306385,0.000000,-3060644.012395,12205
1407.33,393,24405512.057488,244.042374317,0.000000,-3065453.050107,12235
1415.88,394,24393153.095422,243.918790436,0.000000,-2962905.416178,12265
1422.20,395,24382028.519632,243.807537326,0.000000,-2969268.803254,12295
1430.00,396,24361512.755850,243.602370665,0.000000,-2838447.419316,12325
1437.48,397,24347216.354608,243.459406871,0.000000,-3035466.115659,12355
1444.09,398,24332641.505999,243.313650987,0.000000,-3049484.533953,12385
1452.12,399,24315121.620812,243.138445109,0.000000,-2912250.018467,12415
1460.08,400,24290770.402204,242.894898005,0.000000,-3052441.868108,12445
1466.52,401,24269736.113291,242.684551837,0.000000,-2903533.897597,12475
1474.04,402,24245617.909269,242.443362003,0.000000,-2948249.863736,12499
1482.62,403,24227389.388265,242.261063092,0.000000,-2877213.903941,12528
1489.62,404,24209090.209019,242.078062314,0.000000,-2819665.313640,12557
1497.47,405,24190535.193494,241.892508986,0.000000,-3023531.183364,12587
1507.22,406,24171450.823197,241.701652699,0.000000,-2865875.442944,12617
1515.15,407,24112255.330433,241.109643321,0.000000,-3019287.483722,12647
1524.14,408,24081702.852000,240.804109948,0.000000,-3127517.719025,12676
1532.33,409,24048303.551561,240.470110197,0.000000,-3084426.739995,12706
1540.69,410,24008193.778195,240.068986596,0.000000,-2854372.574880,12736
1549.32,411,23966511.784825,239.652150361,0.000000,-2917984.408819,12766
1558.18,412,23923659.495230,239.223590476,0.000000,-2974060.513873,12796
1566.82,413,23878269.861235,238.769684673,0.000000,-3087732.089811,12826
1574.83,414,23855570.924584,238.542679137,0.000000,-2939257.315840,12856
1582.95,415,23826002.465413,238.246977261,0.000000,-2877212.535848,12886
1591.55,416,23797039.476536,237.957342339,0.000000,-2867397.544194,12916
1600.20,417,23774662.633113,237.733566906,0.000000,-2962159.029157,12946
1608.59,418,23752584.502469,237.512770064,0.000000,-2998772.653181,12976
1616.09,419,23732854.298047,237.315464772,0.000000,-3039296.857081,13006
1623.41,420,23704370.962553,237.030616518,0.000000,-2919496.814039,13036
1631.55,421,23685435.772153,236.841255163,0.000000,-3107162.197880,13066
1640.86,422,23653197.606512,236.518860582,0.000000,-3117509.417797,13096
1648.28,423,23622935.214966,236.216224195,0.000000,-2967577.709202,13126
1657.02,424,23602720.134358,236.014074576,0.000000,-2829652.680498,13156
1666.44,425,23584603.542304,235.832920861,0.000000,-2900535.667521,13186
1674.92,426,23565440.841861,235.641276595,0.000000,-2867252.649955,13216
1682.78,427,23545951.466550,235.446383170,0.000000,-2986732.314612,13246
1692.42,428,23516383.883156,235.150692200,0.000000,-2924906.825386,13276
1701.31,429,23499647.652483,234.983320267,0.000000,-2918247.943492,13304
1711.19,430,23478938.448678,234.776229768,0.000000,-2697596.233932,13334
1737.40,431,23444933.366842,234.436128920,0.000000,-2920913.892584,13364
1746.12,432,23407461.558876,234.061391246,0.000000,-2910483.936773,13394
1755.29,433,23370406.035034,233.690798942,0.000000,-3029578.977621,13424
1764.63,434,23329098.090286,233.277704266,0.000000,-3051607.557854,13454
1772.48,435,23309666.556720,233.083383338,0.000000,-2826788.227752,13484
1781.63,436,23292736.971648,232.914080688,0.000000,-2721581.883639,13514
1790.52,437,23264558.100423,232.632263763,0.000000,-2816340.531089,13544
1798.67,438,23236112.632100,232.347800585,0.000000,-2758586.411823,13574
1810.31,439,23206331.444004,232.049980412,0.000000,-2868388.855469,13604
1820.11,440,23185085.567679,231.837499363,0.000000,-2994041.716620,13634
1829.46,441,23149808.167138,231.484717167,0.000000,-2806357.413781,13664
1839.26,442,23130443.697788,231.291067389,0.000000,-2707007.190703,13694
1847.65,443,23109225.368028,231.078870365,0.000000,-2586790.033275,13724
1857.43,444,23063437.820426,230.620953672,0.000000,-3199242.674650,13754
1866.07,445,23017057.748120,230.157146530,0.000000,-2878696.664007,13784
1875.70,446,22989613.655668,229.882672386,0.000000,-3056287.314287,13814
1885.20,447,22953509.578421,229.521607822,0.000000,-3082603.628783,13844
1895.05,448,22928594.569738,229.272459627,0.000000,-3102613.615372,13866
1904.36,449,22893741.468757,228.923926145,0.000000,-2953716.290696,13896
1913.61,450,22861203.183689,228.598522565,0.000000,-2801838.167376,13926
1921.90,451,22835371.624210,228.340177640,0.000000,-2966774.470677,13956
1930.61,452,22795903.882238,227.945479242,0.000000,-3037363.101103,13986
1938.66,453,22771749.620183,227.703906523,0.000000,-2751532.012741,14016
1949.38,454,22745464.411717,227.441055465,0.000000,-2685482.068084,14046
1959.15,455,22722293.234429,227.209316385,0.000000,-2901035.708292,14076
1968.59,456,22694316.627104,226.929541458,0.000000,-2777997.238759,14100
1977.97,457,22661491.014582,226.601279180,0.000000,-2737497.603568,14130
1988.23,458,22633943.664345,226.325782315,0.000000,-2823177.015279,14160
1998.01,459,22599374.594163,225.980070521,0.000000,-2916076.892770,14190
2007.83,460,22578009.969151,225.766409249,0.000000,-2743294.843466,14220
2015.94,461,22542915.366054,225.415450674,0.000000,-2921429.386881,14250
2024.81,462,22513239.341792,225.118676575,0.000000,-2795064.251709,14280
2034.91,463,22460666.040287,224.592909990,0.000000,-2734868.958456,14310
2042.99,464,22431514.417447,224.301391753,0.000000,-2881351.739702,14340
2054.01,465,22398643.734027,223.972672199,0.000000,-2921897.078396,14370
2062.21,466,22374800.086455,223.734233655,0.000000,-2607610.734611,14400
2072.46,467,22346378.942029,223.450006321,0.000000,-2759338.309199,14414
2081.74,468,22316095.214273,223.147152135,0.000000,-2816653.042463,14444
2091.61,469,22287678.003355,222.862968518,0.000000,-2672621.909026,14474
2101.68,470,22263642.589296,222.622591045,0.000000,-2816505.890679,14504
2110.79,471,22217500.654630,222.161138221,0.000000,-2810471.397665,14534
2120.24,472,22189350.034352,221.879614596,0.000000,-2794858.741517,14546
2129.86,473,22163060.136910,221.616699769,0.000000,-2819532.073322,14576
2142.52,474,22139349.185381,221.379572580,0.000000,-2764423.315666,14600
2153.78,475,22121460.695234,221.200680673,0.000000,-2703788.990853,14608
2163.90,476,22102907.658761,221.015145544,0.000000,-2656185.385467,14638
2172.44,477,22079590.217745,220.781955009,0.000000,-2629038.570062,14668
2182.75,478,22058683.584350,220.572879078,0.000000,-2675630.411511,14698
2194.43,479,22040034.207503,220.386375853,0.000000,-2705046.844140,14728
2202.75,480,22013571.124872,220.121731092,0.000000,-2744604.572073,14740
2212.94,481,22001369.790352,219.999718243,0.000000,-2707886.506321,14770
2222.34,482,21983798.834137,219.823990230,0.000000,-2724015.965885,14800
2232.42,483,21951474.551438,219.500724627,0.000000,-2798112.670037,14830
2240.64,484,21913164.940806,219.117622514,0.000000,-2828088.633928,14860
2250.82,485,21890491.180365,218.890874670,0.000000,-2721604.828327,14890
2260.41,486,21874300.673002,218.728956792,0.000000,-2621831.834881,14920
2270.60,487,21845312.613066,218.439056494,0.000000,-2782705.522892,14950
2281.14,488,21824625.864073,218.232163818,0.000000,-2690134.579845,14980
2289.85,489,21804363.370430,218.029516129,0.000000,-2524685.852395,15006
2300.01,490,21776530.706896,217.751173828,0.000000,-2705763.090787,15036
2309.59,491,21749739.843690,217.483250965,0.000000,-2735862.585344,15065
2319.78,492,21721303.539636,217.198880136,0.000000,-2634677.077018,15095
2329.51,493,21693063.012686,216.916449721,0.000000,-2638962.325967,15125
2339.85,494,21665972.071581,216.645533646,0.000000,-2752661.554706,15155
2352.52,495,21637451.538432,216.360296412,0.000000,-2637274.513640,15185
2362.68,496,21609682.995030,216.082589951,0.000000,-2623425.157961,15215
2372.96,497,21578323.627849,215.768987093,0.000000,-2603103.419194,15245
2383.01,498,21562293.217139,215.608675099,0.000000,-2621645.295408,15275
2394.05,499,21535884.672029,215.344577286,0.000000,-2764305.184185,15305
2404.88,500,21511337.820725,215.099100804,0.000000,-2878658.391087,15335
2416.74,501,21493764.781367,214.923362231,0.000000,-2793926.682389,15365
2426.67,502,21481682.618745,214.802530726,0.000000,-2620667.178353,15390
2436.68,503,21461089.895804,214.596589308,0.000000,-2603655.801055,15418
2449.38,504,21439689.864607,214.382578006,0.000000,-2681915.837432,15448
2456.85,505,21412440.105363,214.110076157,0.000000,-2654474.384275,15478
2466.44,506,21386909.109054,213.854754193,0.000000,-2575606.258124,15502
2476.94,507,21359074.039825,213.576376651,0.000000,-2593012.573986,15532
2487.04,508,21338238.585198,213.368016235,0.000000,-2597940.997425,15562
2497.27,509,21311633.927297,213.101946856,0.000000,-2636256.200519,15592
2507.00,510,21266187.001199,212.647457731,0.000000,-2746608.072972,15622
2516.46,511,21226647.442385,212.252051497,0.000000,-2737162.188242,15652
2526.73,512,21197207.693566,211.957632088,0.000000,-2692098.227238,15682
2540.07,513,21160951.295619,211.595068012,0.000000,-2657875.178690,15712
2550.01,514,21134557.707041,211.331116814,0.000000,-2733342.644506,15742
2560.93,515,21106469.411414,211.050216623,0.000000,-2563013.102638,15761
2571.29,516,21064025.094835,210.625743547,0.000000,-2902082.183520,15791
2581.73,517,21035790.951829,210.343394692,0.000000,-2648493.432640,15821
2594.19,518,21020386.864687,210.189341786,0.000000,-2608782.300276,15851
2603.45,519,21000337.110624,209.988834503,0.000000,-2659659.806780,15881
2614.01,520,20977768.047296,209.763131438,0.000000,-2764425.700162,15911
2626.14,521,20956064.090074,209.546074569,0.000000,-2526208.909836,15940
2635.46,522,20942989.398931,209.415320572,0.000000,-2495096.634638,15970
2647.07,523,20922484.614960,209.210262870,0.000000,-2579064.873691,16000
2657.39,524,20901852.208808,209.003924622,0.000000,-2578743.237198,16030
2667.78,525,20880516.621055,208.790551778,0.000000,-2435547.012741,16060
2678.97,526,20864877.938339,208.634162898,0.000000,-2514240.205493,16077
2690.25,527,20851840.354251,208.503780334,0.000000,-2388736.296994,16107
2702.86,528,20829412.290527,208.279473468,0.000000,-2483425.772490,16137
2712.99,529,20814761.035358,208.132950912,0.000000,-2438467.802641,16167
2724.11,530,20789008.874345,207.875419858,0.000000,-2531014.482781,16197
2735.46,531,20773716.623258,207.722485023,0.000000,-2738989.223971,16227
2746.09,532,20754721.165448,207.532524838,0.000000,-2664866.276743,16257
2757.27,533,20740703.106637,207.392339252,0.000000,-2641444.768137,16287
2768.34,534,20727221.895036,207.257519160,0.000000,-2465348.319699,16317
2779.10,535,20714596.483680,207.131255483,0.000000,-2596243.909629,16347
2790.67,536,20699266.433817,206.977943833,0.000000,-2555598.525418,16377
2801.76,537,20682903.540408,206.814309539,0.000000,-2594978.441960,16407
2810.72,538,20669884.596430,206.684108834,0.000000,-2751518.088572,16437
2822.64,539,20654492.835179,206.530183458,0.000000,-2346715.548900,16467
2831.99,540,20643513.096089,206.420375965,0.000000,-2457608.691760,16497
2842.44,541,20624536.935241,206.230612137,0.000000,-2555551.647352,16527
2854.77,542,20611153.143280,206.096768060,0.000000,-2403166.506167,16557
2865.02,543,20593502.573500,205.920243299,0.000000,-2587966.441843,16587
2875.60,544,20579043.741549,205.775656003,0.000000,-2614906.219687,16617
2887.95,545,20556929.366456,205.554500427,0.000000,-2536080.019283,16647
2897.51,546,20542766.613163,205.412871285,0.000000,-2455062.624329,16677
2911.64,547,20523173.974774,205.216927263,0.000000,-2566929.009805,16707
2922.38,548,20512038.169824,205.105555742,0.000000,-2359302.359291,16737
2935.43,549,20502329.221461,205.008457840,0.000000,-2340014.741420,16767
2948.10,550,20483129.432696,204.816447490,0.000000,-2452269.435671,16787
2962.56,551,20465189.841169,204.637031725,0.000000,-2539703.271142,16799
2974.78,552,20441584.767392,204.400964627,0.000000,-2584834.778815,16829
2984.71,553,20422467.075734,204.209771742,0.000000,-2613690.779827,16859
2997.62,554,20404389.093163,204.028993184,0.000000,-2557296.532767,16889
3009.61,555,20388310.064989,203.868178334,0.000000,-2376849.906896,16919
3022.34,556,20363836.239179,203.623426097,0.000000,-2462490.629662,16949
3034.46,557,20348187.040376,203.466921704,0.000000,-2654470.454826,16979
3047.88,558,20321609.938048,203.201119362,0.000000,-2670933.226288,16991
3059.82,559,20305352.694588,203.038538491,0.000000,-2631921.692315,17021
3069.90,560,20288460.814553,202.869618184,0.000000,-2493993.649004,17051
3082.23,561,20265341.205379,202.638417320,0.000000,-2581677.102309,17081
3094.69,562,20238669.486782,202.371676061,0.000000,-2578396.061082,17111
3106.36,563,20224150.667467,202.226482135,0.000000,-2706418.180598,17141
3117.47,564,20203498.727901,202.019944028,0.000000,-2647003.609417,17171
3129.84,565,20172935.103892,201.714321294,0.000000,-2628950.048689,17201
3140.02,566,20149288.861591,201.477843131,0.000000,-2482761.314437,17231
3150.86,567,20117059.457858,201.155539453,0.000000,-2575942.666792,17261
3161.57,568,20088193.512200,200.866872910,0.000000,-2509163.503919,17291
3173.74,569,20055609.541034,200.540983425,0.000000,-2567203.174650,17321
3186.64,570,20030380.834976,200.288706198,0.000000,-2449417.250546,17351
3201.68,571,19999679.324742,199.981693332,0.000000,-2513794.773501,17381
3215.42,572,19970308.910904,199.687976352,0.000000,-2370884.578130,17407
3226.71,573,19946850.295128,199.453365585,0.000000,-2346717.299366,17437
3238.93,574,19928432.635734,199.269186655,0.000000,-2400798.015632,17467
3252.55,575,19901313.770155,198.997991654,0.000000,-2605617.692847,17497
3264.67,576,19879405.208523,198.778900875,0.000000,-2727897.736560,17527
3277.27,577,19861581.572091,198.600654943,0.000000,-2472091.235117,17557
3291.61,578,19839982.719250,198.384649105,0.000000,-2391589.219615,17587
3303.73,579,19826774.019236,198.252549231,0.000000,-2344750.902536,17617
3317.53,580,19814395.234547,198.128755854,0.000000,-2574719.719805,17647
3330.00,581,19794446.808692,197.929264567,0.000000,-2479429.373842,17677
3341.81,582,19781924.671546,197.804046904,0.000000,-2533073.890254,17707
3355.34,583,19764101.163635,197.625802703,0.000000,-2482144.768518,17737
3368.74,584,19746071.470985,197.445501607,0.000000,-2374936.201163,17767
3381.79,585,19734325.428753,197.328024645,0.000000,-2217001.041448,17776
3396.49,586,19726373.187655,197.248497297,0.000000,-2272919.677764,17806
3411.55,587,19716854.436327,197.153296101,0.000000,-2291351.517699,17836
3425.14,588,19703245.184593,197.017198461,0.000000,-2468786.320272,17866
3436.61,589,19692327.491643,196.908019020,0.000000,-2377959.284709,17896
3451.95,590,19678816.726223,196.772904381,0.000000,-2417655.012278,17926
3463.62,591,19664215.385907,196.626867218,0.000000,-2423552.591427,17956
3477.53,592,19651781.679682,196.502531424,0.000000,-2276575.004182,17986
3491.52,593,19639024.929579,196.374958823,0.000000,-2380628.228855,17995
3503.98,594,19628200.077194,196.266695874,0.000000,-2356373.090465,18025
3516.08,595,19614635.165449,196.131037950,0.000000,-2495612.497719,18055
3529.86,596,19604311.876455,196.027802786,0.000000,-2186420.282116,18085
3543.32,597,19587019.000850,195.854859435,0.000000,-2405727.825550,18115
3556.88,598,19573512.248151,195.719785284,0.000000,-2405310.022666,18145
3567.63,599,19556252.306944,195.547178771,0.000000,-2384222.764785,18175
3583.25,600,19543919.401833,195.423847403,0.000000,-2262756.404736,18205
3598.42,601,19530643.232060,195.291073607,0.000000,-2503797.753295,18235
3617.04,602,19521839.515664,195.203025053,0.000000,-2308263.031365,18265
3630.98,603,19512600.557845,195.110619315,0.000000,-2244921.250984,18295
3645.46,604,19498812.009524,194.972723706,0.000000,-2373620.379614,18325
3661.64,605,19486210.757296,194.846698859,0.000000,-2276160.890316,18349
3674.09,606,19465844.436716,194.643017420,0.000000,-2467239.260367,18379
3690.21,607,19450105.335916,194.485635884,0.000000,-2518720.401915,18409
3705.42,608,19441848.963811,194.403066374,0.000000,-2244765.511740,18439
3720.92,609,19426924.201012,194.253817551,0.000000,-2283636.827518,18469
3736.99,610,19408811.634620,194.072687973,0.000000,-2445238.755930,18499
3751.92,611,19391145.252499,193.896022334,0.000000,-2353251.697904,18529
3764.42,612,19367413.390394,193.658692785,0.000000,-2526499.297600,18559
3778.85,613,19347234.001957,193.456900956,0.000000,-2448975.675225,18589
3792.67,614,19329515.746639,193.279718794,0.000000,-2647822.732908,18618
3803.41,615,19303003.271955,193.014570985,0.000000,-2647370.378525,18648
3818.07,616,19285227.184123,192.836796447,0.000000,-2474053.919385,18678
3835.45,617,19267773.388505,192.662250437,0.000000,-2377978.013614,18708
3846.36,618,19247398.832832,192.458479593,0.000000,-2385526.596416,18738
3860.49,619,19227915.113603,192.263635496,0.000000,-2284927.361458,18761
3876.10,620,19212814.499941,192.112617069,0.000000,-2322264.291635,18791
3889.23,621,19201537.199550,191.999839783,0.000000,-2397626.810921,18821
3904.11,622,19188612.267020,191.870589735,0.000000,-2480688.997666,18849
3920.94,623,19176948.053111,191.753944424,0.000000,-2328422.902764,18879
3935.56,624,19163865.751277,191.623114474,0.000000,-2435348.376456,18909
3952.41,625,19150106.609436,191.485520060,0.000000,-2417446.040237,18939
3969.01,626,19136775.979179,191.352201850,0.000000,-2357802.600756,18969
3982.83,627,19122909.754274,191.213533943,0.000000,-2290140.649529,18999
3997.97,628,19112284.337610,191.107272602,0.000000,-2303189.727606,19029
4008.84,629,19099887.405977,190.983296972,0.000000,-2458040.970026,19046
4028.22,630,19092603.374226,190.910450882,0.000000,-2420711.954094,19076
4040.68,631,19078617.175119,190.770578842,0.000000,-2487399.566254,19106
4053.94,632,19066316.217739,190.647560937,0.000000,-2471831.657658,19136
4069.96,633,19053355.480761,190.517946627,0.000000,-2395515.502911,19166
4083.19,634,19045088.472009,190.435266846,0.000000,-2437069.103022,19196
4098.20,635,19033916.008420,190.323531849,0.000000,-2283883.315143,19226
4111.97,636,19023915.191755,190.223522132,0.000000,-2438775.412259,19256
4126.88,637,19009032.659057,190.074685569,0.000000,-2339023.842374,19286
4142.67,638,18997755.782166,189.961911533,0.000000,-2257206.284661,19311
4157.90,639,18989968.597631,189.884039032,0.000000,-2294533.085705,19341
4172.63,640,18982112.215535,189.805472198,0.000000,-2363387.428812,19371
4185.85,641,18969238.654704,189.676729686,0.000000,-2220189.031306,19401
4201.42,642,18957242.731080,189.556761406,0.000000,-2348953.405724,19431
4214.63,643,18945698.724281,189.441317865,0.000000,-2492508.450314,19442
4232.56,644,18932182.596447,189.306149043,0.000000,-2404771.140688,19472
4245.69,645,18920159.844389,189.185915080,0.000000,-2404468.929273,19502
4260.90,646,18901842.948767,189.002735392,0.000000,-2480132.303438,19532
4271.69,647,18886627.652177,188.850577562,0.000000,-2393153.286820,19558
4288.73,648,18871137.317340,188.695673396,0.000000,-2257800.243097,19588
4304.38,649,18859899.292377,188.583287669,0.000000,-2193991.291900,19618
4319.22,650,18843353.978856,188.417828680,0.000000,-2266611.025171,19626
4335.16,651,18827437.134677,188.258640691,0.000000,-2308193.559997,19656
4351.71,652,18818459.209296,188.168851870,0.000000,-2452144.485858,19686
4366.39,653,18806984.207609,188.054095774,0.000000,-2364255.804349,19716
4380.82,654,18796284.648157,187.947084959,0.000000,-2186641.393695,19746
4395.47,655,18786295.618011,187.847184136,0.000000,-2223120.758517,19776
4409.47,656,18773037.153097,187.714589326,0.000000,-2345931.122358,19806
4423.78,657,18760796.305895,187.592167243,0.000000,-2220687.676807,19836
4442.32,658,18748070.202948,187.464894873,0.000000,-2265640.789278,19866
4458.02,659,18741145.406730,187.395639012,0.000000,-2450825.162035,19896
4475.35,660,18734046.801724,187.324647422,0.000000,-2340951.397818,19926
4491.54,661,18727008.156093,187.254256344,0.000000,-2199756.245474,19956
4507.47,662,18715918.494553,187.143343483,0.000000,-2363168.731052,19986
4517.93,663,18703594.980283,187.020094232,0.000000,-2219543.488354,20016
4536.91,664,18685813.761469,186.842272492,0.000000,-2408371.127969,20046
4549.70,665,18675674.994065,186.740878018,0.000000,-2422494.752796,20076
4563.31,666,18662989.634833,186.614016298,0.000000,-2392143.800586,20106
4579.83,667,18651031.160972,186.494422190,0.000000,-2430600.080587,20136
4594.67,668,18641721.431525,186.401317835,0.000000,-2301178.835200,20166
4608.28,669,18632782.835409,186.311922711,0.000000,-2140429.233958,20196
4624.79,670,18619363.090018,186.177717874,0.000000,-2156441.765670,20226
4638.14,671,18594920.555135,185.933273560,0.000000,-2235647.151641,20256
4652.45,672,18583409.107309,185.818149187,0.000000,-2049725.239901,20286
4669.99,673,18562370.186074,185.607732317,0.000000,-2178331.487083,20304
4686.98,674,18546860.506324,185.452641089,0.000000,-2300156.877051,20334
4703.05,675,18532876.480580,185.312790907,0.000000,-2122832.717915,20363
4717.72,676,18517046.399307,185.154473680,0.000000,-2073416.537691,20393
4732.59,677,18497522.703581,184.959229366,0.000000,-2157626.896822,20423
4748.08,678,18479094.640833,184.774931109,0.000000,-2260655.758505,20453
4764.93,679,18453768.922003,184.521661629,0.000000,-2257126.648732,20483
4781.75,680,18430521.845640,184.289173437,0.000000,-2245283.754720,20513
4802.88,681,18408327.077022,184.067222272,0.000000,-2205709.173416,20543
4818.43,682,18398017.959683,183.964122055,0.000000,-2214542.425737,20573
4834.64,683,18379279.059466,183.776727329,0.000000,-2379160.777275,20589
4849.56,684,18360000.511598,183.583928602,0.000000,-2351302.696962,20619
4866.53,685,18336941.381631,183.353315334,0.000000,-2276200.825556,20649
4878.78,686,18323295.335077,183.216856860,0.000000,-2208351.937442,20679
4898.09,687,18306844.765541,183.052346541,0.000000,-2289108.567561,20709
4912.20,688,18284004.199600,182.823917156,0.000000,-2106204.679669,20733
4925.25,689,18264795.096983,182.631807534,0.000000,-2280190.595078,20744
4941.91,690,18243232.462783,182.416166709,0.000000,-2194778.870080,20753
4956.39,691,18229171.190060,182.275538724,0.000000,-2110094.849377,20783
4974.31,692,18215482.510435,182.138633774,0.000000,-2059676.179864,20813
4992.39,693,18197818.174351,181.961975782,0.000000,-2383851.887709,20843
5006.22,694,18180267.220124,181.786463521,0.000000,-2394919.480828,20873
5022.32,695,18156532.889478,181.549118177,0.000000,-2224944.527453,20903
5039.35,696,18140469.484087,181.388469849,0.000000,-2208581.474467,20913
5056.76,697,18128795.842841,181.271716729,0.000000,-2117052.769316,20943
5071.47,698,18118370.565153,181.167448721,0.000000,-2444127.911051,20973
5090.34,699,18107499.490619,181.058728297,0.000000,-2145236.260916,21003
5109.02,700,18096572.937762,180.949453645,0.000000,-2239209.810828,21033
5124.82,701,18079390.186089,180.777615862,0.000000,-2222358.591180,21063
5137.93,702,18063245.034179,180.616159078,0.000000,-2133701.554668,21093
5152.72,703,18050672.555143,180.490426437,0.000000,-2072012.438626,21123
5168.48,704,18039710.502156,180.380795411,0.000000,-2119040.298658,21153
5185.33,705,18027617.860189,180.259863574,0.000000,-2123599.216291,21183
5202.25,706,18012368.787934,180.107366457,0.000000,-2152958.164980,21213
5216.52,707,17997562.826895,179.959291492,0.000000,-2245237.651258,21243
5230.50,708,17986300.336616,179.846663643,0.000000,-2083653.992491,21273
5243.46,709,17976968.100211,179.753328068,0.000000,-2086185.711583,21303
5261.30,710,17967432.623520,179.657969653,0.000000,-2140921.294147,21333
5277.88,711,17957201.414540,179.555649411,0.000000,-2033930.874552,21363
5294.45,712,17945467.395164,179.438308642,0.000000,-2323073.888914,21393
5310.88,713,17929881.468020,179.282445187,0.000000,-2177108.857382,21423
5326.98,714,17920627.767611,179.189908212,0.000000,-2151525.725376,21453
5343.65,715,17910088.136508,179.084512967,0.000000,-2216369.177739,21483
5360.70,716,17898335.329134,178.966984138,0.000000,-2115060.817282,21513
5375.60,717,17886704.691029,178.850674293,0.000000,-2248551.805955,21543
5394.97,718,17878367.032313,178.767291317,0.000000,-2123237.571165,21561
5412.71,719,17866401.413713,178.647634430,0.000000,-2221171.080422,21591
5432.94,720,17851973.482176,178.503348453,0.000000,-2075497.266053,21621
5450.29,721,17827712.953791,178.260741308,0.000000,-2048846.903563,21651
5465.09,722,17814476.347315,178.128370783,0.000000,-2121314.871466,21681
5480.98,723,17796752.659483,177.951123869,0.000000,-2245754.367374,21707
5500.21,724,17781930.386608,177.802890139,0.000000,-2116227.230769,21737
5514.17,725,17763076.088778,177.614340772,0.000000,-2114781.693602,21767
5532.55,726,17746242.327406,177.445990839,0.000000,-1949786.431776,21797
5547.83,727,17733227.785449,177.315842125,0.000000,-1920948.925033,21827
5565.56,728,17721972.331161,177.203280561,0.000000,-1752313.258947,21857
5581.40,729,17696055.127241,176.944093859,0.000000,-2007265.803139,21887
5600.11,730,17675763.564167,176.741176076,0.000000,-2089244.451348,21917
5619.33,731,17660653.694643,176.590069518,0.000000,-2112095.285170,21947
5637.63,732,17638355.659065,176.367069618,0.000000,-2250235.771763,21977
5653.26,733,17616841.220144,176.151901802,0.000000,-1847735.772249,22001
5672.64,734,17603809.235980,176.021574552,0.000000,-2210631.399876,22031
5689.88,735,17586815.353130,175.851622788,0.000000,-2226240.489022,22061
5706.89,736,17567018.086692,175.653629824,0.000000,-2047836.700963,22091
5725.35,737,17545820.135950,175.441654619,0.000000,-2033784.339792,22121
5741.99,738,17521218.418043,175.195608282,0.000000,-1949385.905175,22151
5759.80,739,17500483.032829,174.988233707,0.000000,-1946065.433721,22181
5772.36,740,17482794.023025,174.811326545,0.000000,-1808646.074858,22211
5789.37,741,17456052.398003,174.543873756,0.000000,-1900154.157638,22241
5806.56,742,17435385.816960,174.337189707,0.000000,-1981625.756550,22271
5825.08,743,17413892.995511,174.122257831,0.000000,-1978496.967580,22280
5844.59,744,17383873.855049,173.822049491,0.000000,-2274048.730043,22310
5861.29,745,17363394.650131,173.617251692,0.000000,-2067837.466612,22340
5877.85,746,17353066.960103,173.513973866,0.000000,-2036399.173939,22370
5896.37,747,17336983.590075,173.353133319,0.000000,-2096786.932547,22400
5912.27,748,17323321.216932,173.216496616,0.000000,-2109434.209718,22430
5929.87,749,17308683.386558,173.070119895,0.000000,-2067962.170031,22460
5947.03,750,17279116.856189,172.774434393,0.000000,-2165538.741545,22490
5963.99,751,17264131.861713,172.624581476,0.000000,-2013643.148749,22520
5979.92,752,17252991.334836,172.513172245,0.000000,-2007290.830826,22550
5993.49,753,17239314.274330,172.376392511,0.000000,-2011017.209357,22580
6010.67,754,17223865.786638,172.221901912,0.000000,-2116363.763426,22610
6028.94,755,17205571.697527,172.038948771,0.000000,-2065677.892420,22640
6044.25,756,17190866.815524,171.891883198,0.000000,-1899690.274021,22660
6060.51,757,17171430.806669,171.697507398,0.000000,-1875470.621956,22679
6081.37,758,17159936.254206,171.582538956,0.000000,-2110931.389902,22709
6101.69,759,17133319.298217,171.316332242,0.000000,-1917176.871168,22739
6120.49,760,17106748.731172,171.050608417,0.000000,-2009814.999701,22769
6137.95,761,17091840.658233,170.901507933,0.000000,-2026893.884279,22799
6156.71,762,17064468.691388,170.627758942,0.000000,-2048125.697029,22829
6173.33,763,17038018.972129,170.363245168,0.000000,-2087623.254183,22859
6191.44,764,17000333.626826,169.986365426,0.000000,-1870909.260037,22889
6211.89,765,16968427.309671,169.667287489,0.000000,-2154651.734919,22919
6227.43,766,16931984.011685,169.302818032,0.000000,-1929190.125740,22949
6245.29,767,16906649.995499,169.049461217,0.000000,-1825983.717696,22979
6261.11,768,16863475.305569,168.617683335,0.000000,-1958617.752047,23009
6276.83,769,16836092.856380,168.343843555,0.000000,-2023015.930604,23039
6292.65,770,16797487.203467,167.957764713,0.000000,-1878785.867016,23057
6310.42,771,16770433.773880,167.687213820,0.000000,-1841183.628822,23076
6328.12,772,16730676.052258,167.289609826,0.000000,-1867503.027295,23106
6345.24,773,16704194.579283,167.024753840,0.000000,-1958062.861562,23130
6362.51,774,16676669.082751,166.749487573,0.000000,-1939546.554232,23160
6380.69,775,16656001.061411,166.542790069,0.000000,-1908168.686360,23190
6403.70,776,16605582.950045,166.038563719,0.000000,-2034694.844994,23220
6421.49,777,16576250.502285,165.745193018,0.000000,-1868814.447703,23250
6438.05,778,16543026.728385,165.412928806,0.000000,-2048338.238100,23280
6458.03,779,16516714.584699,165.149780232,0.000000,-1883373.550241,23310
6476.54,780,16475854.331900,164.741150121,0.000000,-1907951.291654,23340
6495.19,781,16451269.489831,164.495259536,0.000000,-1839717.475494,23358
6515.92,782,16428135.916524,164.263905563,0.000000,-1852102.044436,23388
6536.47,783,16410937.873632,164.091916653,0.000000,-1877189.287177,23418
6553.15,784,16385794.056926,163.840466084,0.000000,-1835829.988374,23448
6570.67,785,16362901.496124,163.611516697,0.000000,-1998777.909610,23464
6592.78,786,16341211.094955,163.394608701,0.000000,-1873405.766449,23494
6613.75,787,16320199.733767,163.184469059,0.000000,-1892472.498350,23524
6634.46,788,16299544.967723,162.977902439,0.000000,-1837961.354314,23554
6655.10,789,16270019.516255,162.682617100,0.000000,-1835788.228631,23584
6673.11,790,16247677.205891,162.459159273,0.000000,-1867175.796528,23614
6692.08,791,16218214.796602,162.164522921,0.000000,-1981261.254994,23644
6710.93,792,16194245.611098,161.924815485,0.000000,-1903468.583486,23674
6729.39,793,16163745.937033,161.619789014,0.000000,-2197042.303791,23704
6748.17,794,16138288.176245,161.365194331,0.000000,-2038266.475517,23734
6767.55,795,16113634.488291,161.118627560,0.000000,-2114446.279614,23764
6786.10,796,16088794.270514,160.870208855,0.000000,-2123409.271381,23794
6802.76,797,16061487.021601,160.597099194,0.000000,-1897419.681393,23824
6819.92,798,16040959.171789,160.391806001,0.000000,-2070400.784449,23854
6836.03,799,16022442.420085,160.206622737,0.000000,-1967902.534924,23884
6851.82,800,15998556.778044,159.967752550,0.000000,-1924939.393008,23914
6869.08,801,15979913.713813,159.781311316,0.000000,-2026358.655723,23944
6887.73,802,15963302.380217,159.615184852,0.000000,-1956099.869155,23974
6904.89,803,15946122.973538,159.443373387,0.000000,-1883616.492265,24004
6921.40,804,15929125.153136,159.273381514,0.000000,-1922488.189029,24034
6937.98,805,15907667.302185,159.058777783,0.000000,-1999860.937060,24064
6954.79,806,15888845.530715,158.870543583,0.000000,-1843485.768176,24094
6971.17,807,15873406.789909,158.716133501,0.000000,-1779697.679985,24124
6988.24,808,15852727.626282,158.509310700,0.000000,-2063309.151611,24154
7004.45,809,15828318.647756,158.265188418,0.000000,-1998144.375636,24184
7019.20,810,15803862.952404,158.020604443,0.000000,-2033735.592994,24214
7038.12,811,15785137.789637,157.833332072,0.000000,-2006832.790638,24244
7054.46,812,15767630.418622,157.658239124,0.000000,-1982824.840994,24274
7074.88,813,15748170.154927,157.463630355,0.000000,-1751813.229550,24304
7094.39,814,15738336.377522,157.365276263,0.000000,-1885471.030602,24334
7109.47,815,15724468.600278,157.226585541,0.000000,-1719699.357955,24364
7128.11,816,15715056.784776,157.132457072,0.000000,-1880417.500484,24380
7144.06,817,15706617.488234,157.048052572,0.000000,-1948069.458697,24410
7158.34,818,15698097.766132,156.962858063,0.000000,-1844730.429466,24440
7176.50,819,15687646.810209,156.858334813,0.000000,-1960386.010645,24470
7194.31,820,15675713.200889,156.738985813,0.000000,-1775512.495039,24500
7218.28,821,15657584.465451,156.557671346,0.000000,-1866739.241607,24530
7235.29,822,15640493.261916,156.386748773,0.000000,-1917868.727027,24560
7257.18,823,15627309.992186,156.254902573,0.000000,-1923410.572541,24590
7273.80,824,15609735.447861,156.079138313,0.000000,-1999498.629467,24620
7292.49,825,15598319.875903,155.964977296,0.000000,-2078813.602241,24650
7311.72,826,15584407.985408,155.825846852,0.000000,-1880374.831490,24680
7326.29,827,15566866.806748,155.650413434,0.000000,-1997081.299809,24710
7344.23,828,15554903.126933,155.530766829,0.000000,-1808172.182619,24740
7360.41,829,15539445.086521,155.376185558,0.000000,-2021593.498693,24770
7379.53,830,15527280.211622,155.254522657,0.000000,-2042483.354716,24800
7397.03,831,15513949.159350,155.121202591,0.000000,-2096874.184042,24830
7413.98,832,15497871.313123,154.960417686,0.000000,-2043834.514127,24860
7431.35,833,15480392.890782,154.785613232,0.000000,-2002182.960644,24890
7448.09,834,15464060.471297,154.622281202,0.000000,-2042048.976866,24920
7463.39,835,15444821.419005,154.429885215,0.000000,-2064064.342831,24950
7479.43,836,15430486.062115,154.286524185,0.000000,-2108184.643086,24980
7500.38,837,15412089.583321,154.102549114,0.000000,-2050573.333398,25010
7517.11,838,15395105.351900,153.932699044,0.000000,-2002639.796906,25040
7533.98,839,15381246.819817,153.794103551,0.000000,-1933881.015618,25070
7553.18,840,15367386.737152,153.655500869,0.000000,-1954381.512758,25081
7572.27,841,15353999.322377,153.521620039,0.000000,-1976032.033980,25111
7590.11,842,15334267.157747,153.324279879,0.000000,-1957109.374673,25141
7606.73,843,15322734.627113,153.208943186,0.000000,-1800740.361720,25171
7621.29,844,15311312.119630,153.094706546,0.000000,-1952489.725377,25201
7640.07,845,15302628.209652,153.007858928,0.000000,-1837756.343480,25231
7653.34,846,15288383.409114,152.865401074,0.000000,-1845366.806315,25261
7672.68,847,15278386.171835,152.765421105,0.000000,-1969303.999789,25291
7694.39,848,15256971.140574,152.551251488,0.000000,-2040772.230121,25310
7713.29,849,15238606.862550,152.367594860,0.000000,-1958369.928014,25340
7730.29,850,15223389.370092,152.215402806,0.000000,-1863532.348923,25358
7750.17,851,15206504.627783,152.046542466,0.000000,-1960422.113348,25388
7769.95,852,15195933.894170,151.940833275,0.000000,-1847131.933061,25418
7785.84,853,15176754.018868,151.749019388,0.000000,-1992878.912098,25448
7803.91,854,15157949.204475,151.560957816,0.000000,-2000237.612185,25478
7822.91,855,15146605.850376,151.447509185,0.000000,-2061236.474283,25508
7838.72,856,15134122.961282,151.322674163,0.000000,-1814281.979469,25538
7853.55,857,15123908.053179,151.220519266,0.000000,-1848348.424295,25558
7874.90,858,15111224.097219,151.093660113,0.000000,-1847193.451649,25588
7892.06,859,15094820.132996,150.929591848,0.000000,-1867000.778787,25618
7911.39,860,15079453.992864,150.775916061,0.000000,-1868348.505728,25648
7929.94,861,15065779.152519,150.639149530,0.000000,-1889224.623039,25678
7947.35,862,15052944.147607,150.510791940,0.000000,-1777712.624541,25708
7967.90,863,15044851.625458,150.429862601,0.000000,-1917862.268977,25738
7990.05,864,15033979.506352,150.321128187,0.000000,-2034850.441460,25768
8007.18,865,15024283.697770,150.224155415,0.000000,-2021269.568136,25798
8028.14,866,15016170.463499,150.143009516,0.000000,-1799621.825672,25828
8047.05,867,15005043.040959,150.031728194,0.000000,-1972183.485333,25858
8067.39,868,14988478.553183,149.866068005,0.000000,-1894557.846808,25884
8086.36,869,14975793.055802,149.739197584,0.000000,-1883069.503136,25914
8105.07,870,14963091.711943,149.612167822,0.000000,-1965213.132704,25944
8123.93,871,14943033.819438,149.411578284,0.000000,-1814230.261678,25974
8145.34,872,14932345.993539,149.304683281,0.000000,-1863667.808304,26004
8163.82,873,14918036.747834,149.161584701,0.000000,-1797041.545058,26034
8183.18,874,14900918.105085,148.990379505,0.000000,-1811960.930782,26064
8205.07,875,14889060.958444,148.871791956,0.000000,-1759483.233475,26094
8224.73,876,14879094.528859,148.772122681,0.000000,-1781328.253413,26124
8243.69,877,14857942.351367,148.560600088,0.000000,-2002074.353861,26154
8266.77,878,14838377.520005,148.364920651,0.000000,-2028298.998775,26184
8287.31,879,14826021.059085,148.241340598,0.000000,-1939395.054156,26214
8303.43,880,14809376.808910,148.074888223,0.000000,-2021134.807290,26244
8319.62,881,14790988.570262,147.890994814,0.000000,-1970870.652221,26274
8340.71,882,14778087.108094,147.761962972,0.000000,-1741095.297220,26304
8358.35,883,14768100.035616,147.662086417,0.000000,-1832912.819642,26334
8381.59,884,14751551.296576,147.496568006,0.000000,-1881593.711122,26364
8403.82,885,14739369.078978,147.374735672,0.000000,-1833170.697071,26394
8421.35,886,14718128.666421,147.162328158,0.000000,-2101070.025423,26424
8442.91,887,14709831.436047,147.079346935,0.000000,-1924400.196756,26454
8461.73,888,14698116.045055,146.962189480,0.000000,-1859485.434133,26484
8478.45,889,14686840.704086,146.849425226,0.000000,-1967353.922739,26514
8496.91,890,14671580.890142,146.696809058,0.000000,-1959535.841088,26544
8515.16,891,14654125.017546,146.522247863,0.000000,-1970286.121925,26574
8532.59,892,14643898.769965,146.419974183,0.000000,-1809180.306537,26604
8549.21,893,14627997.524887,146.260950400,0.000000,-2005683.244634,26628
8569.18,894,14616669.753478,146.147668591,0.000000,-1725988.189694,26658
8585.18,895,14605998.318757,146.040950201,0.000000,-1875306.887907,26688
8604.64,896,14592537.999543,145.906337250,0.000000,-1924817.497428,26718
8624.25,897,14582179.347766,145.802747558,0.000000,-1912060.978292,26748
8643.44,898,14566576.828484,145.646712031,0.000000,-1907941.675556,26778
8661.87,899,14552282.022853,145.503764907,0.000000,-1925962.244287,26808
8683.87,900,14532784.492959,145.308779416,0.000000,-1880694.717475,26838
8704.53,901,14514699.554445,145.127921288,0.000000,-1822086.589994,26868
8722.46,902,14497742.492080,144.958333437,0.000000,-1801299.945880,26898
8740.50,903,14490075.614289,144.881660696,0.000000,-1828050.034860,26928
8758.77,904,14479340.948386,144.774307524,0.000000,-1925646.948714,26958
8775.34,905,14471052.675239,144.691425606,0.000000,-1875094.696464,26988
8793.22,906,14462938.526318,144.610276248,0.000000,-1900291.090411,27011
8815.06,907,14456059.143227,144.541479316,0.000000,-1821921.849657,27041
8832.74,908,14446619.993146,144.447078232,0.000000,-1890612.867273,27071
8854.24,909,14439752.575242,144.378396901,0.000000,-1684136.680925,27090
8874.70,910,14431590.129435,144.296768666,0.000000,-1803716.597303,27120
8891.63,911,14425962.634393,144.240490683,0.000000,-1889624.375905,27150
8908.95,912,14418865.893835,144.169518566,0.000000,-1888213.944267,27180
8930.84,913,14413947.896078,144.120334731,0.000000,-1868273.643061,27210
8950.17,914,14406589.092311,144.046742708,0.000000,-1960664.191938,27240
8967.12,915,14399843.812942,143.979283646,0.000000,-1809252.025688,27270
8988.88,916,14393354.779986,143.914389367,0.000000,-1800680.055285,27300
9013.33,917,14386056.997606,143.841405265,0.000000,-1872811.332562,27330
9035.76,918,14380985.118439,143.790685339,0.000000,-1775849.905274,27360
9055.98,919,14374835.469932,143.729186453,0.000000,-1681615.313812,27390
9075.00,920,14369444.081928,143.675268037,0.000000,-1594092.905010,27420
9091.70,921,14362622.572717,143.607048722,0.000000,-1643363.162253,27450
9113.00,922,14346950.861609,143.450320133,0.000000,-1938791.470233,27480
9132.46,923,14337445.759486,143.355262298,0.000000,-1871421.351977,27510
9151.65,924,14328386.684644,143.264666483,0.000000,-1988215.065789,27540
9175.86,925,14321067.145648,143.191465018,0.000000,-1932671.217873,27570
9200.18,926,14309731.784125,143.078096592,0.000000,-1954514.946352,27600
9222.18,927,14295833.229963,142.939096212,0.000000,-2083018.644288,27630
9241.09,928,14283168.522734,142.812438170,0.000000,-1944444.030288,27660
9260.47,929,14269226.115046,142.673001130,0.000000,-1803737.313970,27690
9285.70,930,14260949.593489,142.590229922,0.000000,-1779781.315281,27720
9308.81,931,14246998.416336,142.450691687,0.000000,-1908801.741981,27750
9330.79,932,14236203.929309,142.342735209,0.000000,-1960073.142803,27780
9350.39,933,14219285.329357,142.173538077,0.000000,-1721888.133134,27810
9370.00,934,14205584.078274,142.036515440,0.000000,-1748617.129572,27840
9390.50,935,14191458.916260,141.895250135,0.000000,-1975461.462262,27870
9410.73,936,14177734.679933,141.757998249,0.000000,-1895151.477282,27900
9432.33,937,14170079.003326,141.681429469,0.000000,-1734941.967179,27930
9456.08,938,14161586.832750,141.596504217,0.000000,-1799185.840396,27960
9475.91,939,14154129.408235,141.521922426,0.000000,-1723359.828706,27990
9495.46,940,14143008.230283,141.410711270,0.000000,-1819962.717256,28020
9519.20,941,14134600.218300,141.326626655,0.000000,-1765433.291742,28050
9545.31,942,14129309.482226,141.273712515,0.000000,-1724709.473958,28080
9572.85,943,14123651.291555,141.217128915,0.000000,-1655309.487651,28110
9591.99,944,14118571.467040,141.166320091,0.000000,-1676613.683030,28140
9611.03,945,14109860.435549,141.079204338,0.000000,-1639554.969104,28170
9633.73,946,14104475.481725,141.025348679,0.000000,-1800142.461464,28200
9654.46,947,14097066.778826,140.951257051,0.000000,-1755060.237602,28230
9680.56,948,14087496.320940,140.855541203,0.000000,-1724397.171290,28260
9702.98,949,14080435.283411,140.784928862,0.000000,-1843927.045671,28290
9723.66,950,14073197.350494,140.712540063,0.000000,-1619051.233355,28317
9745.46,951,14061668.836563,140.597244932,0.000000,-1634661.525591,28347
9763.18,952,14049683.061715,140.477377196,0.000000,-1765343.071290,28375
9783.89,953,14037399.031635,140.354531353,0.000000,-1889734.471840,28405
9803.82,954,14025892.671155,140.239461129,0.000000,-1738108.243759,28435
9827.62,955,14016462.793184,140.145160292,0.000000,-1630471.581084,28465
9846.42,956,14008897.868885,140.069504609,0.000000,-1713167.114049,28495
9865.70,957,14001398.051020,139.994496260,0.000000,-1769484.261565,28525
9887.96,958,13992783.367880,139.908350421,0.000000,-1825681.614494,28555
9911.97,959,13980198.329802,139.782489590,0.000000,-1798687.598874,28585
9934.05,960,13968847.265258,139.668977593,0.000000,-1672633.767594,28615
9961.32,961,13958399.460374,139.564492592,0.000000,-1641455.594713,28645
9985.06,962,13949680.252634,139.477296782,0.000000,-1826626.929289,28675
10009.56,963,13938012.741296,139.360614018,0.000000,-1706142.930541,28705
10033.40,964,13926356.871225,139.244047716,0.000000,-1855901.493495,28723
10056.58,965,13915270.917048,139.133177155,0.000000,-1632029.375056,28753
10076.34,966,13903378.002469,139.014238564,0.000000,-1629543.177625,28783
10099.02,967,13891707.848205,138.897541803,0.000000,-1702563.323545,28813
10125.90,968,13880439.199716,138.784850364,0.000000,-1803893.850025,28843
10149.88,969,13865260.577696,138.633058154,0.000000,-1784189.516107,28873
10171.11,970,13854761.629215,138.528064899,0.000000,-1682540.287009,28903
10189.59,971,13847589.856531,138.456343028,0.000000,-1658523.413446,28933
10211.74,972,13839040.483766,138.370839864,0.000000,-1769176.728266,28963
10236.34,973,13830633.511346,138.286762350,0.000000,-1633745.567031,28993
10258.27,974,13822510.718030,138.205530777,0.000000,-1643226.991291,29023
10280.40,975,13815731.290543,138.137732464,0.000000,-1708500.121719,29053
10302.86,976,13807395.598700,138.054366713,0.000000,-1618303.188100,29083
10323.33,977,13800479.735091,137.985204067,0.000000,-1596509.631038,29113
10353.49,978,13793414.620143,137.914547387,0.000000,-1678977.087715,29143
10376.45,979,13784960.540623,137.830000203,0.000000,-1778737.269026,29173
10396.71,980,13774615.738986,137.726552512,0.000000,-1729007.990461,29203
10416.40,981,13765733.228990,137.637716234,0.000000,-1697264.958927,29233
10438.40,982,13758111.098229,137.561496393,0.000000,-1616668.068123,29263
10458.11,983,13749880.607645,137.479188830,0.000000,-1599880.267094,29293
10477.54,984,13738857.309807,137.368954428,0.000000,-1620956.193936,29323
10501.33,985,13732692.862414,137.307307938,0.000000,-1490011.091708,29353
10524.69,986,13726479.527862,137.245174852,0.000000,-1526554.130722,29383
10546.37,987,13713731.743785,137.117690797,0.000000,-1700406.972784,29413
10567.68,988,13703073.321876,137.011096529,0.000000,-1567634.122103,29443
10589.89,989,13692345.034692,136.903812385,0.000000,-1677476.046061,29473
10611.10,990,13678162.473112,136.761973318,0.000000,-1928252.639391,29503
10634.56,991,13664741.374658,136.627750782,0.000000,-1712923.454735,29533
10657.51,992,13652930.291340,136.509628666,0.000000,-1664794.099385,29563
10680.04,993,13642781.681013,136.408133724,0.000000,-1807640.823743,29593
10705.18,994,13636006.114465,136.340374575,0.000000,-1853797.298148,29623
10724.86,995,13626478.958594,136.245088688,0.000000,-1698886.392511,29653
10754.22,996,13617344.492701,136.153729198,0.000000,-1566822.843857,29683
10776.04,997,13608569.045402,136.065971139,0.000000,-1736315.194917,29713
10801.27,998,13601762.276858,135.997897531,0.000000,-1613178.217422,29743
10829.85,999,13592069.481904,135.900963918,0.000000,-1758962.994105,29773
10848.28,1000,13585194.812593,135.832200396,0.000000,-1601147.775434,29803
10871.06,1001,13576242.449837,135.742667148,0.000000,-1731832.258538,29833
10887.69,1002,13568408.330234,135.664317499,0.000000,-1734674.466894,29863
10912.48,1003,13561196.964874,135.592199426,0.000000,-1722692.341362,29893
10937.63,1004,13555096.898902,135.531191839,0.000000,-1693968.644954,29923
10959.66,1005,13540184.272439,135.382058021,0.000000,-1635951.229034,29953
10980.98,1006,13533523.622648,135.315445623,0.000000,-1807385.567473,29983
10997.48,1007,13526651.822139,135.246724426,0.000000,-1722824.903459,30013
11018.78,1008,13518053.046069,135.160726390,0.000000,-1715321.524245,30043
11039.13,1009,13509632.663370,135.076513838,0.000000,-1662944.171929,30073
11063.84,1010,13501893.591046,134.999114260,0.000000,-1717726.624529,30103
11089.16,1011,13489007.186812,134.870234148,0.000000,-1814678.492695,30121
11110.15,1012,13479939.928114,134.779551408,0.000000,-1904548.136447,30151
11138.22,1013,13467579.141094,134.655926419,0.000000,-1808430.178955,30181
11164.83,1014,13459191.653384,134.572045265,0.000000,-1785234.203478,30211
11189.52,1015,13449617.381624,134.476297807,0.000000,-1717409.383125,30241
11215.85,1016,13443420.321933,134.414324636,0.000000,-1763245.880782,30271
11242.46,1017,13437175.907363,134.351876005,0.000000,-1800589.707815,30301
11258.94,1018,13428652.385395,134.266629560,0.000000,-1801091.838661,30331
11278.86,1019,13420674.552772,134.186845823,0.000000,-1692394.884322,30361
11296.67,1020,13408895.865259,134.069047600,0.000000,-1769520.398450,30391
11318.91,1021,13397171.097424,133.951787283,0.000000,-1792911.964669,30421
11344.29,1022,13387972.224045,133.859796346,0.000000,-1878322.700135,30451
11365.26,1023,13379527.227548,133.775344215,0.000000,-1725305.525716,30481
11387.90,1024,13372105.512975,133.701120659,0.000000,-1923907.065991,30505
11407.10,1025,13365203.449828,133.632099286,0.000000,-1791826.668623,30535
11434.27,1026,13360677.404781,133.586833846,0.000000,-1922366.242453,30565
11453.23,1027,13353069.640725,133.510744838,0.000000,-1776054.152299,30595
11476.19,1028,13348041.060646,133.460461118,0.000000,-1775504.041206,30625
11495.27,1029,13342900.462836,133.409051892,0.000000,-1797647.322986,30648
11522.46,1030,13339646.031528,133.376504401,0.000000,-1581273.826437,30675
11543.02,1031,13333842.479909,133.318463997,0.000000,-1647999.406105,30705
11569.05,1032,13329839.587571,133.278432833,0.000000,-1842478.547300,30735
11592.53,1033,13324549.416084,133.225525882,0.000000,-1761969.261365,30765
11618.69,1034,13319098.919378,133.171022748,0.000000,-1598056.697987,30795
11643.72,1035,13314174.376176,133.121771095,0.000000,-1717030.842207,30825
11664.20,1036,13310318.963307,133.083216229,0.000000,-1765115.315840,30855
11687.24,1037,13307419.628333,133.054221681,0.000000,-1686541.599260,30885
11712.19,1038,13305273.025251,133.032753519,0.000000,-1698137.284844,30909
11732.58,1039,13302425.573766,133.004277943,0.000000,-1785314.346888,30939
11760.28,1040,13299732.417120,132.977344343,0.000000,-1744252.562978,30969
11779.32,1041,13297471.026309,132.954729756,0.000000,-1584665.929240,30999
11801.41,1042,13294095.254947,132.920971108,0.000000,-1863744.495871,31029
11827.20,1043,13291257.425300,132.892589061,0.000000,-1735340.948551,31045
11853.83,1044,13288432.895746,132.864338334,0.000000,-1657653.913206,31075
11880.48,1045,13285364.207559,132.833648104,0.000000,-1693763.215341,31105
11902.93,1046,13283039.335092,132.810399955,0.000000,-1745974.124421,31135
11932.20,1047,13279988.776721,132.779892709,0.000000,-1713185.319490,31165
11957.41,1048,13277157.326206,132.751574936,0.000000,-1903663.458546,31195
11979.85,1049,13273833.524614,132.718334816,0.000000,-1951554.659422,31220
11999.73,1050,13270410.866017,132.684106238,0.000000,-1846000.854739,31250
12020.62,1051,13267830.298998,132.658297831,0.000000,-1920172.602365,31280
12042.62,1052,13264063.947098,132.620629537,0.000000,-1828354.644831,31310
12065.34,1053,13260198.443456,132.581970918,0.000000,-1744717.012116,31340
12089.41,1054,13255469.723663,132.534678154,0.000000,-1707013.154392,31370
12115.78,1055,13251482.261391,132.494797409,0.000000,-1772021.506935,31400
12147.79,1056,13247012.257751,132.450090815,0.000000,-1750338.225731,31430
12167.07,1057,13242917.390762,132.409138154,0.000000,-1661981.683985,31460
12190.78,1058,13238844.342637,132.368399210,0.000000,-1722921.206845,31490
12216.68,1059,13234542.025041,132.325374285,0.000000,-1744661.228561,31520
12237.80,1060,13228880.861247,132.268754346,0.000000,-1768247.148736,31550
12264.55,1061,13222944.890327,132.209388048,0.000000,-1794507.752860,31580
12291.07,1062,13217606.355176,132.155995636,0.000000,-1701469.737359,31610
12313.36,1063,13212214.382207,132.102071075,0.000000,-1770570.130841,31640
12333.10,1064,13202926.872578,132.009179713,0.000000,-1902691.522078,31670
12356.62,1065,13197299.068424,131.952898127,0.000000,-1884068.581967,31700
12385.13,1066,13189315.937293,131.873058444,0.000000,-1710793.145686,31730
12410.33,1067,13184719.356867,131.827084541,0.000000,-1690677.082418,31760
12432.53,1068,13178542.007088,131.765302626,0.000000,-1636439.461301,31790
12461.73,1069,13173877.696754,131.718651136,0.000000,-1534565.773023,31820
12486.38,1070,13170028.014266,131.680153128,0.000000,-1583983.341304,31850
12513.23,1071,13165435.780496,131.634225818,0.000000,-1765284.126748,31880
12538.31,1072,13160676.595113,131.586630845,0.000000,-1618769.720687,31910
12562.08,1073,13157222.891007,131.552089041,0.000000,-1585308.384118,31940
12583.40,1074,13154774.200767,131.527599553,0.000000,-1593582.920400,31970
12609.58,1075,13151912.425391,131.498978479,0.000000,-1673003.028884,32000
12632.72,1076,13148602.071311,131.465870042,0.000000,-1646968.908017,32030
12659.58,1077,13143746.290988,131.417311210,0.000000,-1566746.709622,32060
12686.82,1078,13136938.573163,131.349229064,0.000000,-1653974.198604,32090
12718.92,1079,13132437.380231,131.304215185,0.000000,-1509888.681260,32120
12744.64,1080,13128736.793550,131.267206963,0.000000,-1525970.321211,32150
12768.12,1081,13125617.475750,131.236010781,0.000000,-1496448.485731,32180
12793.59,1082,13118699.133767,131.166824224,0.000000,-1546006.887243,32210
12819.46,1083,13113200.169592,131.111827946,0.000000,-1602560.162233,32240
12842.35,1084,13108205.907191,131.061883258,0.000000,-1633438.822123,32270
12863.12,1085,13104591.093066,131.025734566,0.000000,-1648926.363837,32292
12891.36,1086,13097906.125569,130.958884489,0.000000,-1510244.531284,32322
12914.43,1087,13088915.353187,130.868980410,0.000000,-1706780.965325,32352
12938.72,1088,13082141.127028,130.801232440,0.000000,-1575778.576503,32382
12967.79,1089,13073758.499866,130.717400742,0.000000,-1588792.131313,32412
12992.62,1090,13060830.843399,130.588114399,0.000000,-1677211.999622,32442
13016.51,1091,13053644.022001,130.516238230,0.000000,-1785049.680128,32472
13039.83,1092,13045412.869569,130.433925119,0.000000,-1708040.079169,32502
13064.42,1093,13038917.815570,130.368968193,0.000000,-1675153.589850,32531
13090.51,1094,13030270.324558,130.282486834,0.000000,-1806037.491669,32561
13115.33,1095,13020548.439619,130.185258750,0.000000,-1627234.011798,32591
13139.49,1096,13013116.764881,130.110935319,0.000000,-1712323.043490,32621
13163.39,1097,13006147.227426,130.041237583,0.000000,-1659039.236059,32651
13190.49,1098,12997378.234353,129.953542702,0.000000,-1783883.027614,32681
13217.04,1099,12990572.304126,129.885481508,0.000000,-1687051.553603,32711
13246.54,1100,12986415.398370,129.843908350,0.000000,-1593869.735698,32741
13272.07,1101,12982173.588179,129.801486738,0.000000,-1657021.209687,32771
13297.83,1102,12975306.537353,129.732811189,0.000000,-1555632.599420,32798
13321.40,1103,12966466.455949,129.644402888,0.000000,-1664824.272753,32828
13351.63,1104,12960052.633031,129.580262642,0.000000,-1862846.245327,32852
13373.92,1105,12953012.811063,129.509862309,0.000000,-1606315.755722,32882
13400.78,1106,12946168.518576,129.441414750,0.000000,-1810126.631687,32912
13418.85,1107,12939587.794175,129.375606747,0.000000,-1649077.824577,32942
13440.71,1108,12934861.195833,129.328338601,0.000000,-1754160.305066,32968
13467.64,1109,12929575.715373,129.275480150,0.000000,-1495920.340485,32998
13488.98,1110,12924252.881210,129.222253237,0.000000,-1590183.196698,33028
13517.89,1111,12916803.158000,129.147752391,0.000000,-1641065.560985,33058
13540.91,1112,12911090.608865,129.090619993,0.000000,-1594572.159179,33082
13566.67,1113,12903465.228663,129.014363171,0.000000,-1571921.128134,33112
13589.88,1114,12894739.162369,128.927103068,0.000000,-1605100.026927,33142
13613.69,1115,12886056.732690,128.840270668,0.000000,-1872832.948969,33172
13641.07,1116,12878964.661399,128.769345045,0.000000,-1687546.801418,33202
13662.20,1117,12875223.603664,128.731933586,0.000000,-1781752.313497,33232
13688.43,1118,12868659.269788,128.666288771,0.000000,-1558127.565229,33262
13708.87,1119,12863730.662432,128.616995991,0.000000,-1585805.719303,33292
13735.90,1120,12857594.866058,128.555630327,0.000000,-1658416.846011,33322
13762.09,1121,12850909.846776,128.488773181,0.000000,-1706487.529184,33346
13785.30,1122,12847453.236043,128.454201260,0.000000,-1786491.056974,33376
13811.20,1123,12843363.898453,128.413301284,0.000000,-1726584.471255,33406
13840.19,1124,12838430.013751,128.363960100,0.000000,-1666465.393055,33436
13862.54,1125,12832624.223064,128.305900124,0.000000,-1606307.910745,33466
13886.96,1126,12827221.513611,128.251866249,0.000000,-1559092.073961,33496
13917.01,1127,12821695.618055,128.196603130,0.000000,-1650701.257924,33526
13937.55,1128,12817322.860752,128.152874316,0.000000,-1621657.860039,33556
13964.11,1129,12813672.395162,128.116366867,0.000000,-1648281.701641,33586
13991.27,1130,12809400.317445,128.073644267,0.000000,-1686860.497684,33609
14013.60,1131,12803947.996796,128.019111676,0.000000,-1717900.651322,33634
14039.44,1132,12798131.123685,127.960937968,0.000000,-1607990.731267,33664
14061.03,1133,12791705.803544,127.896680479,0.000000,-1674822.912826,33694
14087.52,1134,12785664.211563,127.836256389,0.000000,-1675709.807304,33724
14111.73,1135,12779305.866143,127.772667121,0.000000,-1577004.006960,33754
14133.46,1136,12771970.654015,127.699308227,0.000000,-1750624.312246,33784
14160.60,1137,12767097.395755,127.650573247,0.000000,-1676488.434915,33814
14187.03,1138,12761515.306033,127.594742414,0.000000,-1767297.787134,33844
14213.27,1139,12755709.289925,127.536672206,0.000000,-1525932.348527,33874
14233.47,1140,12749778.179892,127.477355900,0.000000,-1623954.695878,33904
14256.73,1141,12744384.446298,127.423415142,0.000000,-1639098.442767,33934
14286.82,1142,12738455.692761,127.364122917,0.000000,-1776933.548915,33964
14311.47,1143,12732001.615389,127.299575577,0.000000,-1698020.266762,33994
14338.50,1144,12726185.194160,127.241409082,0.000000,-1664568.496714,34024
14364.12,1145,12720911.763569,127.188668469,0.000000,-1614030.574466,34047
14393.57,1146,12717113.699988,127.150687567,0.000000,-1445289.325951,34077
14436.77,1147,12712223.427380,127.101780259,0.000000,-1567333.213833,34107
14467.81,1148,12708135.153248,127.060897688,0.000000,-1668186.416992,34137
14494.65,1149,12700859.359578,126.988128959,0.000000,-1663261.211621,34167
14519.43,1150,12695267.925493,126.932212382,0.000000,-1622094.497698,34197
14543.02,1151,12691159.305277,126.891123866,0.000000,-1465255.730795,34227
14572.26,1152,12687996.165689,126.859487227,0.000000,-1340441.351586,34251
14607.01,1153,12684522.651322,126.824750863,0.000000,-1415093.436877,34281
14635.11,1154,12680383.287617,126.783354011,0.000000,-1439096.832472,34311
14662.16,1155,12676233.823439,126.741857104,0.000000,-1576821.250564,34341
14691.55,1156,12672540.462102,126.704921434,0.000000,-1606032.289934,34371
14719.99,1157,12667576.387041,126.655274998,0.000000,-1645652.804936,34401
14742.93,1158,12661255.463524,126.592059460,0.000000,-1851250.063060,34431
14770.84,1159,12656208.149470,126.541585085,0.000000,-1565155.022643,34461
14797.20,1160,12644935.888992,126.428853976,0.000000,-1677742.788728,34491
14826.04,1161,12636145.786232,126.340950963,0.000000,-1500246.403204,34521
14849.77,1162,12629895.996940,126.278453343,0.000000,-1672358.918158,34551
14879.26,1163,12621684.713331,126.196336679,0.000000,-1716737.121544,34581
14904.26,1164,12613700.275340,126.116486771,0.000000,-1632718.682675,34611
14929.20,1165,12604796.520535,126.027443165,0.000000,-1690304.214956,34641
14954.96,1166,12594928.676978,125.928762205,0.000000,-1618193.921676,34671
14988.92,1167,12584082.553123,125.820298127,0.000000,-1685561.763295,34701
15019.06,1168,12573866.177254,125.718127353,0.000000,-1594852.807597,34731
15045.01,1169,12565168.946205,125.631155778,0.000000,-1599415.200070,34761
15070.20,1170,12557578.714212,125.555247713,0.000000,-1476135.848334,34791
15099.78,1171,12545782.112568,125.437275041,0.000000,-1699302.157022,34821
15124.18,1172,12534794.005365,125.327381717,0.000000,-1743995.626269,34851
15154.64,1173,12525077.201368,125.230209585,0.000000,-1672257.850886,34881
15171.58,1174,12516653.609446,125.145969528,0.000000,-1594263.421331,34911
15201.18,1175,12509317.216157,125.072601507,0.000000,-1635222.044643,34941
15227.51,1176,12503591.134765,125.015332188,0.000000,-1658372.740280,34963
15258.67,1177,12495779.577401,124.937216074,0.000000,-1560377.185459,34993
15287.28,1178,12490179.256408,124.881207578,0.000000,-1409409.055109,35023
15310.25,1179,12480943.265251,124.788841242,0.000000,-1674781.570812,35041
15342.26,1180,12473427.097684,124.713673180,0.000000,-1579023.310256,35071
15369.22,1181,12469469.255191,124.674090242,0.000000,-1692079.426015,35101
15393.03,1182,12465485.278356,124.634246548,0.000000,-1525560.993785,35131
15423.49,1183,12458229.191301,124.561676496,0.000000,-1584816.626951,35161
15449.74,1184,12452210.301955,124.501483431,0.000000,-1498666.847451,35191
15476.52,1185,12446030.624347,124.439680569,0.000000,-1563376.116161,35221
15511.36,1186,12440697.905902,124.386344912,0.000000,-1587594.909028,35251
15541.03,1187,12433512.501514,124.314481361,0.000000,-1757462.042008,35281
15570.54,1188,12428197.828202,124.261331009,0.000000,-1429452.490003,35311
15595.61,1189,12424736.389749,124.226714435,0.000000,-1442622.019385,35341
15621.31,1190,12420959.374598,124.188940521,0.000000,-1396231.541624,35371
15645.73,1191,12413954.820328,124.118889839,0.000000,-1521987.977619,35401
15672.21,1192,12409817.694263,124.077512730,0.000000,-1492436.510040,35431
15694.70,1193,12403812.312732,124.017449658,0.000000,-1510606.925694,35461
15726.12,1194,12399254.273502,123.971861915,0.000000,-1509454.290727,35491
15749.78,1195,12388489.169595,123.864203129,0.000000,-1554393.525300,35521
15776.22,1196,12379575.467407,123.775056292,0.000000,-1518629.237423,35551
15802.06,1197,12373528.771624,123.714579248,0.000000,-1492435.948076,35581
15829.82,1198,12370034.375994,123.679631469,0.000000,-1536141.437984,35611
15852.27,1199,12366781.225203,123.647095802,0.000000,-1427505.198769,35641
15880.27,1200,12362459.905920,123.603882155,0.000000,-1467693.905490,35671
15912.39,1201,12355351.278341,123.532790535,0.000000,-1411511.669396,35701
15937.87,1202,12347669.573442,123.455966306,0.000000,-1496422.685618,35731
15967.82,1203,12341522.186056,123.394485351,0.000000,-1707019.116860,35754
15989.79,1204,12337051.443799,123.349773824,0.000000,-1520763.630215,35784
16012.89,1205,12329458.929122,123.273844214,0.000000,-1669638.289089,35814
16040.96,1206,12324178.459248,123.221037828,0.000000,-1441149.476020,35842
16068.81,1207,12319547.716142,123.174728167,0.000000,-1721559.373608,35872
16092.61,1208,12312215.568138,123.101400734,0.000000,-1726239.665360,35902
16115.28,1209,12306428.680943,123.043527139,0.000000,-1394038.407760,35930
16147.77,1210,12300878.328557,122.988019365,0.000000,-1479284.436352,35960
16176.71,1211,12296683.531015,122.946063241,0.000000,-1407075.052700,35990
16207.07,1212,12292290.541843,122.902133020,0.000000,-1462440.827320,36020
16233.14,1213,12286556.649071,122.844791467,0.000000,-1565963.593092,36050
16255.32,1214,12280124.869829,122.780469652,0.000000,-1557990.858190,36080
16290.04,1215,12272758.064392,122.706797619,0.000000,-1420497.385797,36110
16315.27,1216,12266163.750374,122.640850931,0.000000,-1432784.527109,36140
16341.08,1217,12260235.590195,122.581564960,0.000000,-1531780.040363,36170
16369.54,1218,12253796.004985,122.517159371,0.000000,-1531297.566504,36200
16392.65,1219,12245555.762209,122.434753407,0.000000,-1648535.027370,36223
16417.60,1220,12235834.342431,122.337528778,0.000000,-1497231.266501,36253
16440.79,1221,12228077.240468,122.259957442,0.000000,-1575294.478338,36283
16467.94,1222,12222967.489517,122.208855805,0.000000,-1565497.578258,36313
16493.35,1223,12217602.761226,122.155202764,0.000000,-1483304.982403,36343
16519.38,1224,12212581.777129,122.104986554,0.000000,-1407762.591741,36373
16551.82,1225,12200024.233487,121.979401855,0.000000,-1691801.875615,36403
16579.61,1226,12190409.421629,121.883246835,0.000000,-1802646.927625,36433
16605.66,1227,12181945.968658,121.798604143,0.000000,-1686369.750469,36463
16632.98,1228,12175285.221548,121.731992883,0.000000,-1823894.776773,36493
16658.13,1229,12168120.878987,121.660343362,0.000000,-1627779.677740,36523
16687.35,1230,12161590.867463,121.595040471,0.000000,-1621824.666855,36553
16714.27,1231,12155796.046924,121.537084465,0.000000,-1540038.325653,36583
16746.52,1232,12150405.573513,121.483173091,0.000000,-1699521.944948,36613
16775.93,1233,12143869.810833,121.417814700,0.000000,-1547767.578786,36643
16805.83,1234,12139769.724234,121.376811870,0.000000,-1592422.784142,36673
16830.05,1235,12131074.912138,121.289854399,0.000000,-1566640.068621,36703
16857.08,1236,12121074.953319,121.189847709,0.000000,-1829868.576553,36733
16877.80,1237,12114447.232841,121.123566854,0.000000,-1713024.597723,36763
16904.43,1238,12109541.793882,121.074512659,0.000000,-1585648.785233,36793
16933.39,1239,12101137.862818,120.990462286,0.000000,-1598943.967527,36823
16956.78,1240,12094894.715715,120.928027502,0.000000,-1570988.809419,36853
16988.92,1241,12086473.287383,120.843809908,0.000000,-1482078.406623,36883
17017.75,1242,12082382.670037,120.802900564,0.000000,-1469908.738222,36913
17041.86,1243,12079866.200641,120.777733257,0.000000,-1347033.923280,36943
17075.78,1244,12075468.999427,120.733755519,0.000000,-1452686.635681,36973
17102.97,1245,12070361.339333,120.682672448,0.000000,-1406454.845638,37003
17128.09,1246,12063728.655912,120.616338813,0.000000,-1554523.089142,37033
17159.25,1247,12055470.587074,120.533752897,0.000000,-1592998.685595,37063
17188.35,1248,12051996.830249,120.499012134,0.000000,-1438029.521363,37093
17215.53,1249,12046295.090284,120.441987584,0.000000,-1585111.762879,37123
17242.74,1250,12042028.490302,120.399314929,0.000000,-1529147.268351,37153
17267.42,1251,12038542.970402,120.364455526,0.000000,-1440280.350942,37183
17292.49,1252,12032569.870925,120.304713963,0.000000,-1442434.029083,37213
17321.39,1253,12027101.955599,120.250027922,0.000000,-1437476.798571,37243
17347.35,1254,12019797.259716,120.176968175,0.000000,-1562230.630345,37273
17377.33,1255,12012663.687577,120.105626691,0.000000,-1541000.226963,37303
17403.86,1256,12004802.802359,120.027008173,0.000000,-1598252.373732,37333
17432.94,1257,11998137.678428,119.960351400,0.000000,-1562926.930707,37363
17458.14,1258,11990314.649391,119.882114073,0.000000,-1535500.226997,37393
17490.21,1259,11983246.228775,119.811424375,0.000000,-1537140.255806,37423
17513.01,1260,11977593.219654,119.754887487,0.000000,-1453969.211499,37453
17539.83,1261,11966361.764261,119.642558066,0.000000,-1793181.482263,37483
17569.34,1262,11959533.116766,119.574260857,0.000000,-1636714.975885,37513
17595.46,1263,11952105.828103,119.499980570,0.000000,-1572095.812851,37543
17622.87,1264,11942877.512337,119.407692209,0.000000,-1626950.657399,37573
17653.25,1265,11932442.982379,119.303341325,0.000000,-1357991.918183,37603
17683.61,1266,11924869.300888,119.227594922,0.000000,-1543497.535089,37633
17713.76,1267,11919016.582068,119.169066808,0.000000,-1682700.063589,37663
17736.83,1268,11914448.026244,119.123381616,0.000000,-1651693.154897,37693
17767.16,1269,11906753.661949,119.046427912,0.000000,-1752012.139827,37723
17796.41,1270,11901373.328729,118.992624138,0.000000,-1723570.481239,37753
17830.82,1271,11895881.776401,118.937703036,0.000000,-1588191.193098,37783
17856.14,1272,11890557.449548,118.884454215,0.000000,-1749723.861716,37813
17887.61,1273,11883396.843498,118.812848496,0.000000,-1671689.769082,37843
17919.37,1274,11874509.027062,118.723964078,0.000000,-1685306.900795,37873
17947.18,1275,11863358.376529,118.612448285,0.000000,-1787464.555721,37903
17976.73,1276,11856907.695346,118.547939036,0.000000,-1614322.752774,37933
18001.75,1277,11850540.348060,118.484266683,0.000000,-1510331.369508,37963
18036.32,1278,11844313.157888,118.421990796,0.000000,-1448803.791954,37993
18071.92,1279,11838567.629390,118.364528478,0.000000,-1563824.969700,38023
18096.46,1280,11830213.736812,118.280985099,0.000000,-1563383.083953,38053
18131.10,1281,11823382.992479,118.212674729,0.000000,-1628809.809008,38083
18160.06,1282,11815940.808067,118.138249094,0.000000,-1593265.322518,38113
18184.02,1283,11810407.647860,118.082910505,0.000000,-1549140.912473,38143
18223.49,1284,11803974.163228,118.018573114,0.000000,-1483248.470062,38173
18248.45,1285,11798972.329980,117.968551229,0.000000,-1593210.068252,38203
18277.32,1286,11792343.936780,117.902268488,0.000000,-1543141.893568,38233
18302.08,1287,11784411.482587,117.822941291,0.000000,-1741076.482902,38263
18323.90,1288,11775774.820924,117.736573510,0.000000,-1618922.596973,38293
18350.37,1289,11767701.258148,117.655836820,0.000000,-1657826.273655,38323
18382.93,1290,11758361.746046,117.562440629,0.000000,-1562970.587340,38353
18413.20,1291,11751730.853421,117.496133602,0.000000,-1631416.259639,38383
18437.61,1292,11746382.293832,117.442646295,0.000000,-1544487.034130,38413
18464.08,1293,11732859.572134,117.307406731,0.000000,-1584647.287831,38443
18492.11,1294,11727157.222210,117.250377645,0.000000,-1539560.179052,38473
18524.05,1295,11718385.690631,117.162658769,0.000000,-1474791.457002,38503
18554.40,1296,11708745.200124,117.066251190,0.000000,-1574851.383682,38533
18583.01,1297,11702547.672443,117.004271818,0.000000,-1448283.395676,38563
18613.54,1298,11696805.360297,116.946847309,0.000000,-1382364.375311,38593
18640.92,1299,11684457.131095,116.823357477,0.000000,-1652856.914823,38623
18666.79,1300,11674911.625288,116.727898461,0.000000,-1599179.438075,38653
18694.15,1301,11667660.934504,116.655386448,0.000000,-1782279.008822,38683
18720.77,1302,11658707.786649,116.565852769,0.000000,-1637875.815893,38713
18751.11,1303,11651114.298102,116.489917660,0.000000,-1713928.639392,38743
18776.15,1304,11644773.702933,116.426507099,0.000000,-1643166.584681,38773
18812.82,1305,11633813.640456,116.316910384,0.000000,-1747254.283892,38803
18838.40,1306,11622662.665306,116.205397642,0.000000,-1653862.232079,38833
18870.80,1307,11610571.789950,116.084485740,0.000000,-1618310.861397,38863
18897.26,1308,11593790.180334,115.916665315,0.000000,-1711023.521209,38893
18925.35,1309,11578517.114847,115.763920451,0.000000,-1600712.389594,38923
18962.95,1310,11558329.514492,115.562041210,0.000000,-1534566.952583,38953
18991.69,1311,11546823.007925,115.446966672,0.000000,-1714262.251531,38983
19019.91,1312,11533811.242248,115.316833104,0.000000,-1627204.304994,39013
19047.74,1313,11523345.919311,115.212175512,0.000000,-1664101.718778,39043
19075.83,1314,11511841.162172,115.097113999,0.000000,-1742947.118182,39073
19102.26,1315,11498730.758063,114.966010430,0.000000,-1613044.699559,39103
19138.24,1316,11485379.581366,114.832491897,0.000000,-1703836.932907,39133
19165.11,1317,11476413.204771,114.742824124,0.000000,-1732106.488609,39163
19195.90,1318,11466682.406891,114.645508577,0.000000,-1792670.980511,39193
19228.16,1319,11458363.348016,114.562320330,0.000000,-1801293.521003,39223
19253.18,1320,11450093.232312,114.479608374,0.000000,-1637037.845734,39249
19281.43,1321,11443321.146800,114.411881767,0.000000,-1677952.269261,39279
19305.42,1322,11433970.658859,114.318374570,0.000000,-1760506.084171,39309
19334.04,1323,11425551.978322,114.234184272,0.000000,-1746148.066035,39339
19361.81,1324,11419667.864372,114.175341587,0.000000,-1662379.215344,39369
19385.87,1325,11413706.589967,114.115722584,0.000000,-1512236.363995,39399
19414.01,1326,11407825.454546,114.056901918,0.000000,-1645291.044995,39429
19442.80,1327,11398585.428035,113.964495404,0.000000,-1642379.208692,39459
19472.00,1328,11390463.860424,113.883274393,0.000000,-1507321.042156,39489
19498.26,1329,11385034.608489,113.828979319,0.000000,-1482347.243241,39519
19527.67,1330,11375502.675077,113.733650219,0.000000,-1638428.441962,39549
19560.71,1331,11370714.051994,113.685759298,0.000000,-1599628.700290,39579
19588.82,1332,11359822.038831,113.576834240,0.000000,-1704240.713466,39609
19616.81,1333,11353281.160453,113.511421172,0.000000,-1625407.717503,39639
19648.22,1334,11350052.789406,113.479134179,0.000000,-1651737.588123,39669
19677.52,1335,11346256.551374,113.441167321,0.000000,-1517417.297553,39699
19702.03,1336,11342774.372318,113.406342499,0.000000,-1466963.058258,39729
19732.14,1337,11339661.135435,113.375204985,0.000000,-1615437.874706,39759
19765.66,1338,11333375.388121,113.312340748,0.000000,-1564104.974187,39789
19788.75,1339,11330385.977660,113.282442797,0.000000,-1519054.045590,39819
19815.09,1340,11326073.704520,113.239315372,0.000000,-1492110.486266,39849
19844.32,1341,11319359.240441,113.172169770,0.000000,-1458458.760078,39879
19871.16,1342,11313973.936089,113.118311396,0.000000,-1494037.257486,39909
19897.68,1343,11307365.516375,113.052223894,0.000000,-1544347.499688,39939
19934.74,1344,11303413.723352,113.012705715,0.000000,-1610765.333965,39969
19965.96,1345,11296906.824796,112.947634732,0.000000,-1561680.379101,39999
19997.17,1346,11292862.274938,112.907184975,0.000000,-1476866.760519,40029
20027.09,1347,11289072.973088,112.869289037,0.000000,-1491928.682874,40059
20053.20,1348,11282420.244786,112.802754409,0.000000,-1555782.837402,40089
20083.95,1349,11272920.240046,112.707745672,0.000000,-1496788.042964,40119
20125.64,1350,11262612.600897,112.604662300,0.000000,-1598268.428603,40149
20153.79,1351,11256644.616272,112.544974727,0.000000,-1612151.252667,40179
20182.64,1352,11251874.041977,112.497261811,0.000000,-1463100.357899,40209
20210.36,1353,11246977.273525,112.448291134,0.000000,-1462210.770168,40239
20249.16,1354,11241899.936923,112.397509388,0.000000,-1439676.208861,40269
20280.86,1355,11231788.219432,112.296388193,0.000000,-1509763.001577,40299
20312.16,1356,11226203.370275,112.240534628,0.000000,-1460373.474377,40329
20343.00,1357,11220669.599689,112.185199025,0.000000,-1513347.877994,40359
20373.49,1358,11215133.114384,112.129830523,0.000000,-1399839.201246,40389
20397.69,1359,11207407.257743,112.052563905,0.000000,-1535895.402826,40419
20430.62,1360,11202358.490338,112.002075414,0.000000,-1372937.107926,40449
20461.68,1361,11193302.424248,111.911508658,0.000000,-1473550.536410,40479
20484.70,1362,11174701.462078,111.725486273,0.000000,-1704815.128848,40509
20508.81,1363,11165476.411263,111.633233227,0.000000,-1557406.772644,40539
20540.94,1364,11158265.762221,111.561119015,0.000000,-1529734.623456,40569
20571.26,1365,11144439.647033,111.422846632,0.000000,-1618776.056464,40599
20600.67,1366,11133396.283082,111.312397573,0.000000,-1548807.421851,40622
20631.11,1367,11118240.363267,111.160822042,0.000000,-1577995.189680,40652
20662.90,1368,11103868.348177,111.017086165,0.000000,-1624689.240915,40682
20690.64,1369,11091595.540502,110.894354052,0.000000,-1587880.448552,40712
20719.36,1370,11080648.676768,110.784879322,0.000000,-1643850.806600,40742
20748.21,1371,11071474.830421,110.693135316,0.000000,-1465144.484745,40772
20773.60,1372,11063082.478312,110.609199388,0.000000,-1403042.529970,40802
20801.64,1373,11055815.623052,110.536519907,0.000000,-1351621.359826,40832
20837.40,1374,11034913.552968,110.327485552,0.000000,-1489269.983353,40862
20867.46,1375,11010632.091640,110.084655439,0.000000,-1610889.564708,40892
20902.14,1376,10984174.594994,109.820063475,0.000000,-1675728.536197,40922
20933.31,1377,10969826.706510,109.676580344,0.000000,-1621255.466057,40952
20960.08,1378,10958275.252777,109.561055482,0.000000,-1592844.699983,40982
20988.02,1379,10948623.530744,109.464531652,0.000000,-1447888.509227,41012
21017.60,1380,10934706.093929,109.325347256,0.000000,-1656759.768435,41042
21047.28,1381,10926863.871614,109.246916484,0.000000,-1495374.629718,41072
21081.69,1382,10917972.806566,109.157990223,0.000000,-1482363.313034,41102
21109.78,1383,10909134.403939,109.069604400,0.000000,-1473040.070738,41132
21138.75,1384,10901885.721944,108.997116448,0.000000,-1454428.949532,41162
21169.66,1385,10894872.688858,108.926977673,0.000000,-1501493.184683,41192
21199.18,1386,10890344.652321,108.881692572,0.000000,-1392198.011478,41222
21236.14,1387,10885030.813071,108.828550478,0.000000,-1371641.845484,41252
21271.52,1388,10877925.505773,108.757492739,0.000000,-1491430.393996,41282
21303.25,1389,10871523.213962,108.693461499,0.000000,-1506780.790927,41306
21328.32,1390,10865055.951772,108.628780580,0.000000,-1435992.140679,41336
21386.90,1391,10851256.155859,108.490769530,0.000000,-1512063.763440,41366
21417.92,1392,10836366.486265,108.341855948,0.000000,-1545981.300778,41396
21451.50,1393,10825836.923373,108.236546680,0.000000,-1464720.969794,41426
21488.62,1394,10817698.830958,108.155157795,0.000000,-1471186.275845,41456
21522.92,1395,10807783.364318,108.055989991,0.000000,-1622126.726166,41486
21553.18,1396,10793060.148671,107.908747587,0.000000,-1556128.456564,41516
21584.01,1397,10784371.468932,107.821850874,0.000000,-1448183.796655,41546
21616.03,1398,10776890.287027,107.747033608,0.000000,-1513804.090336,41576
21654.46,1399,10767400.246519,107.652118766,0.000000,-1463749.983963,41606
21683.19,1400,10759155.361174,107.569662194,0.000000,-1464390.183060,41636
21725.90,1401,10750922.566345,107.487327309,0.000000,-1484424.130252,41666
21759.48,1402,10743474.840262,107.412841928,0.000000,-1438742.855758,41696
21791.80,1403,10734438.779016,107.322475413,0.000000,-1510734.151082,41726
21828.02,1404,10726915.603080,107.247240921,0.000000,-1427208.960698,41756
21858.36,1405,10719634.968025,107.174428942,0.000000,-1491486.216599,41786
21889.32,1406,10713147.632484,107.109551166,0.000000,-1468027.333634,41816
21915.67,1407,10706728.033133,107.045352340,0.000000,-1500138.848365,41846
21947.17,1408,10701484.244670,106.992905946,0.000000,-1433804.645998,41876
21987.97,1409,10695088.454109,106.928943947,0.000000,-1381955.831683,41906
22017.14,1410,10688038.714254,106.858444017,0.000000,-1362737.437953,41936
22048.32,1411,10682485.556871,106.802908968,0.000000,-1297148.834568,41966
22073.55,1412,10677222.236710,106.750274661,0.000000,-1501015.053671,41996
22106.51,1413,10665090.491020,106.628946689,0.000000,-1688472.591335,42026
22138.94,1414,10645936.853246,106.437406733,0.000000,-1593481.512690,42056
22171.32,1415,10633002.556907,106.308057688,0.000000,-1537808.346575,42086
22201.34,1416,10619549.923617,106.173522295,0.000000,-1543533.554607,42110
22233.62,1417,10606104.260687,106.039051202,0.000000,-1603206.427323,42140
22262.85,1418,10598459.460869,105.962602210,0.000000,-1584033.115315,42170
22298.75,1419,10592433.744978,105.902340722,0.000000,-1584444.741712,42200
22328.94,1420,10587917.113344,105.857171086,0.000000,-1567080.032406,42230
22372.16,1421,10581416.218106,105.792157047,0.000000,-1478913.818889,42260
22402.95,1422,10573738.110145,105.715371232,0.000000,-1511904.455743,42290
22431.81,1423,10569071.650246,105.668702713,0.000000,-1457357.866994,42320
22461.25,1424,10564905.466222,105.627034496,0.000000,-1378943.351838,42350
22492.72,1425,10559163.322508,105.569613057,0.000000,-1311292.318875,42380
22526.68,1426,10554590.407181,105.523879813,0.000000,-1446644.839478,42410
22555.11,1427,10548835.775987,105.466324431,0.000000,-1589936.313176,42440
22585.48,1428,10543681.061401,105.414775538,0.000000,-1532398.890573,42470
22620.62,1429,10536764.040409,105.345599096,0.000000,-1543850.908421,42500
22652.93,1430,10531464.075703,105.292596669,0.000000,-1343095.233794,42530
22685.42,1431,10523196.325966,105.209922185,0.000000,-1398738.142703,42560
22718.65,1432,10515826.574226,105.136220027,0.000000,-1534301.083670,42590
22749.81,1433,10511175.453156,105.089704460,0.000000,-1382930.447971,42620
22784.57,1434,10503709.779161,105.015045842,0.000000,-1622328.010943,42647
22819.16,1435,10494015.569121,104.918098322,0.000000,-1614799.456744,42677
22854.28,1436,10486844.716200,104.846386121,0.000000,-1425432.044085,42707
22888.35,1437,10482737.121571,104.805308245,0.000000,-1507722.690583,42737
22925.59,1438,10476945.455247,104.747390372,0.000000,-1404197.758664,42767
22953.89,1439,10473559.285583,104.713526528,0.000000,-1549442.570718,42797
22989.45,1440,10470084.996912,104.678779714,0.000000,-1445269.736195,42827
23017.59,1441,10466180.467747,104.639730346,0.000000,-1519360.067990,42857
23056.12,1442,10458835.945662,104.566283405,0.000000,-1636267.468885,42887
23091.54,1443,10454756.606845,104.525487714,0.000000,-1568759.214852,42917
23125.65,1444,10449778.564249,104.475699331,0.000000,-1558517.776661,42947
23155.77,1445,10444739.913125,104.425311260,0.000000,-1552245.001958,42977
23185.11,1446,10437599.883449,104.353909197,0.000000,-1526874.565258,43007
23219.15,1447,10429982.954162,104.277739177,0.000000,-1654222.142002,43037
23253.27,1448,10421848.935406,104.196396772,0.000000,-1488273.028906,43067
23285.52,1449,10410916.615756,104.087067648,0.000000,-1604233.619174,43097
23313.77,1450,10402777.409232,104.005671823,0.000000,-1479999.760993,43127
23341.35,1451,10397047.771397,103.948366748,0.000000,-1518659.769981,43157
23376.08,1452,10387612.887138,103.854014706,0.000000,-1658788.188080,43187
23403.83,1453,10382266.883514,103.800553238,0.000000,-1437534.489164,43217
23438.75,1454,10375196.784694,103.729849065,0.000000,-1443160.381855,43240
23483.54,1455,10370017.790317,103.678058240,0.000000,-1546288.682591,43270
23519.17,1456,10365405.094664,103.631928430,0.000000,-1408707.915232,43300
23550.39,1457,10361202.241474,103.589899557,0.000000,-1380511.439037,43330
23582.52,1458,10356050.768738,103.538386862,0.000000,-1477777.289837,43360
23611.66,1459,10351107.484104,103.488954495,0.000000,-1483308.958249,43390
23647.92,1460,10344707.671408,103.424952866,0.000000,-1327914.285694,43420
23681.89,1461,10338818.248330,103.366055413,0.000000,-1391089.690923,43450
23720.31,1462,10333086.532614,103.308737114,0.000000,-1528007.542642,43480
23749.90,1463,10326301.027716,103.240878396,0.000000,-1445973.351536,43503
23779.69,1464,10317757.039893,103.155430679,0.000000,-1627802.998930,43533
23809.70,1465,10312070.042774,103.098558238,0.000000,-1517254.301178,43563
23839.17,1466,10302436.627584,103.002227265,0.000000,-1622763.734265,43593
23868.88,1467,10291421.137381,102.892061468,0.000000,-1587282.440572,43623
23905.64,1468,10283824.387693,102.816085877,0.000000,-1582014.051434,43653
23935.00,1469,10277321.838258,102.751057987,0.000000,-1541321.974511,43683
23964.22,1470,10270133.810588,102.679169930,0.000000,-1595441.935232,43713
24002.26,1471,10262897.793451,102.606808228,0.000000,-1402053.538670,43743
24033.66,1472,10255305.881546,102.530886776,0.000000,-1482321.770621,43773
24060.08,1473,10248082.280276,102.458643629,0.000000,-1694831.260042,43803
24100.78,1474,10237503.609889,102.352859505,0.000000,-1470600.751008,43833
24129.53,1475,10229764.144773,102.275454286,0.000000,-1406697.340005,43863
24162.04,1476,10221990.847274,102.197721030,0.000000,-1442380.493825,43893
24210.19,1477,10210553.933079,102.083348444,0.000000,-1518274.490785,43923
24246.86,1478,10204304.405587,102.020850009,0.000000,-1374745.886882,43953
24276.08,1479,10190938.153979,101.887187955,0.000000,-1626686.008045,43983
24317.50,1480,10181189.537206,101.789695354,0.000000,-1481197.124525,44013
24355.53,1481,10175301.458769,101.730812929,0.000000,-1435701.437426,44043
24390.11,1482,10171578.005704,101.693579554,0.000000,-1559845.647052,44073
24429.02,1483,10164976.165052,101.627559495,0.000000,-1611486.269217,44103
24465.97,1484,10158287.325697,101.560670374,0.000000,-1468208.832114,44133
24503.71,1485,10152091.028047,101.498704849,0.000000,-1420302.787664,44163
24543.95,1486,10147806.254332,101.455848836,0.000000,-1537087.352676,44193
24575.66,1487,10142192.335877,101.399702650,0.000000,-1449759.075661,44223
24603.63,1488,10138203.183551,101.359806992,0.000000,-1486317.854445,44253
24661.25,1489,10134288.144120,101.320655196,0.000000,-1499840.906653,44283
24697.77,1490,10130239.738654,101.280168586,0.000000,-1528997.500988,44313
24734.00,1491,10126177.907729,101.239546527,0.000000,-1366574.111796,44343
24765.85,1492,10123036.822739,101.208133051,0.000000,-1410232.241206,44373
24799.23,1493,10118020.241205,101.157965855,0.000000,-1547363.919033,44403
24828.12,1494,10111595.182617,101.093709391,0.000000,-1587645.297143,44433
24859.52,1495,10102385.701407,101.001600123,0.000000,-1501774.202706,44463
24910.37,1496,10093285.267548,100.910587025,0.000000,-1522164.194415,44493
24942.50,1497,10086652.284479,100.844254436,0.000000,-1495332.070328,44523
24974.13,1498,10078069.949159,100.758425869,0.000000,-1473669.281737,44553
25016.41,1499,10069516.159951,100.672878021,0.000000,-1332636.220400,44583
25055.33,1500,10062102.588143,100.598728624,0.000000,-1469879.565561,44613
25091.45,1501,10053563.751921,100.513332116,0.000000,-1438370.875854,44643
25120.43,1502,10043559.965399,100.413283109,0.000000,-1308438.589159,44673
25151.76,1503,10038502.074625,100.362698830,0.000000,-1342528.725476,44703
25187.42,1504,10031856.349227,100.296233659,0.000000,-1390915.374723,44733
25219.73,1505,10025634.398169,100.234012167,0.000000,-1325057.665723,44763
25250.03,1506,10017751.199324,100.155168414,0.000000,-1441005.066818,44793
25279.13,1507,10011834.285545,100.095997370,0.000000,-1461668.260458,44823
25310.17,1508,10007335.038613,100.051000657,0.000000,-1373764.627722,44853
25342.27,1509,10002283.763537,100.000483217,0.000000,-1440492.611208,44883
25376.87,1510,9996513.546474,99.942774613,0.000000,-1493457.543535,44913
25409.83,1511,9991663.460865,99.894270063,0.000000,-1455500.254792,44937
25453.47,1512,9988094.872884,99.858578400,0.000000,-1482425.210656,44961
25491.06,1513,9983046.480123,99.808087185,0.000000,-1498755.793556,44991
25525.07,1514,9976401.945805,99.741638297,0.000000,-1533039.681581,45021
25553.81,1515,9966807.189851,99.645684157,0.000000,-1470510.445232,45051
25593.08,1516,9959663.674272,99.574239668,0.000000,-1550147.280990,45081
25633.85,1517,9953604.645420,99.513643866,0.000000,-1525898.215517,45111
25666.26,1518,9947986.064877,99.457453673,0.000000,-1511951.775992,45141
25699.94,1519,9943409.430510,99.411682090,0.000000,-1312385.966045,45171
25737.00,1520,9940074.824163,99.378333499,0.000000,-1233781.204634,45201
25775.82,1521,9927513.793182,99.252720378,0.000000,-1452048.921727,45231
25817.41,1522,9911325.737534,99.090836847,0.000000,-1547281.696033,45261
25856.07,1523,9892050.297116,98.898081498,0.000000,-1527271.388163,45291
25905.44,1524,9865623.924183,98.633804101,0.000000,-1517621.096152,45321
25935.03,1525,9847937.546612,98.456927295,0.000000,-1427451.501542,45351
25967.51,1526,9829601.639236,98.273550573,0.000000,-1503182.057364,45381
26000.44,1527,9810542.689972,98.082948416,0.000000,-1421377.995000,45411
26044.79,1528,9802485.544671,98.002367130,0.000000,-1490693.502963,45441
26076.01,1529,9788824.490331,97.865747478,0.000000,-1326783.842562,45471
26110.06,1530,9761980.349651,97.597291798,0.000000,-1467216.811751,45501
26159.41,1531,9747623.739161,97.453708660,0.000000,-1546706.515061,45531
26205.01,1532,9732799.796750,97.305454456,0.000000,-1491813.104789,45561
26250.38,1533,9722345.396278,97.200908402,0.000000,-1417448.055848,45591
26281.21,1534,9707072.162919,97.048171166,0.000000,-1455134.160003,45621
26316.47,1535,9692946.696875,96.906915581,0.000000,-1450188.629650,45651
26360.63,1536,9680446.597689,96.781908349,0.000000,-1590276.883849,45681
26394.93,1537,9668833.523125,96.665768108,0.000000,-1450602.475583,45711
26452.62,1538,9656189.155867,96.539326536,0.000000,-1441969.781879,45741
26484.73,1539,9639235.529744,96.369778043,0.000000,-1394291.712590,45771
26517.95,1540,9625041.791245,96.227838179,0.000000,-1469501.757764,45801
26553.61,1541,9614646.043720,96.123877322,0.000000,-1496093.201901,45831
26588.78,1542,9602146.939642,95.998895605,0.000000,-1416809.883437,45861
26616.65,1543,9588818.786707,95.865613005,0.000000,-1467086.481969,45891
26654.76,1544,9579843.499269,95.775861139,0.000000,-1427530.538988,45914
26696.44,1545,9565860.372053,95.636018815,0.000000,-1404600.685385,45944
26731.58,1546,9549886.524316,95.476269424,0.000000,-1359919.467905,45974
26776.05,1547,9538306.346795,95.360463167,0.000000,-1334860.066473,46004
26820.13,1548,9521736.044171,95.194754433,0.000000,-1308824.441792,46034
26866.08,1549,9504609.643210,95.023482481,0.000000,-1315663.440363,46064
26900.60,1550,9497731.446832,94.954695507,0.000000,-1324023.543695,46094
26936.57,1551,9485015.752445,94.827536867,0.000000,-1415206.780098,46124
26969.37,1552,9477331.109409,94.750688154,0.000000,-1307557.716019,46154
27006.88,1553,9465140.236426,94.628773081,0.000000,-1337844.026154,46184
27042.43,1554,9453858.642201,94.515948645,0.000000,-1569058.334921,46214
27079.97,1555,9440998.361874,94.387335729,0.000000,-1560109.220585,46244
27117.71,1556,9426290.990650,94.240254088,0.000000,-1366236.916819,46274
27166.74,1557,9397893.845192,93.956278077,0.000000,-1623046.012641,46304
27209.32,1558,9381576.220707,93.793094693,0.000000,-1742007.970381,46334
27247.48,1559,9371681.261528,93.694144174,0.000000,-1574013.408865,46364
27286.25,1560,9354415.650469,93.521480769,0.000000,-1396487.716914,46394
27349.10,1561,9336561.026394,93.342937639,0.000000,-1425603.683532,46424
27419.87,1562,9315263.682479,93.129956764,0.000000,-1636490.447453,46454
27460.23,1563,9299474.128012,92.972052847,0.000000,-1710494.642832,46484
27493.90,1564,9283669.414993,92.813995487,0.000000,-1605186.334621,46514
27531.55,1565,9271119.562824,92.688496956,0.000000,-1620958.656172,46544
27569.74,1566,9251243.355892,92.489729533,0.000000,-1559345.498207,46574
27604.29,1567,9241162.375791,92.388911616,0.000000,-1586062.905701,46604
27641.39,1568,9226586.190291,92.243154970,0.000000,-1515754.084690,46634
27680.40,1569,9212124.983423,92.098530978,0.000000,-1493225.226949,46664
27730.41,1570,9193871.578068,91.915984393,0.000000,-1488127.687430,46694
27758.36,1571,9178033.163236,91.757594892,0.000000,-1386858.135731,46724
27800.00,1572,9168691.088212,91.664172669,0.000000,-1498271.519063,46754
27830.01,1573,9154676.218453,91.524018467,0.000000,-1414469.883731,46784
27859.19,1574,9140841.359795,91.385661532,0.000000,-1412630.847372,46814
27891.96,1575,9131342.510333,91.290663655,0.000000,-1318913.343385,46844
27935.85,1576,9122524.857826,91.202484391,0.000000,-1593918.213528,46874
27966.54,1577,9113253.449208,91.109768797,0.000000,-1372940.416507,46904
28008.15,1578,9106284.016283,91.040072966,0.000000,-1460930.117725,46934
28050.81,1579,9100014.855500,90.977376974,0.000000,-1481516.415414,46964
28104.61,1580,9090914.525227,90.886366988,0.000000,-1454210.943690,46994
28148.48,1581,9081861.857383,90.795841057,0.000000,-1384176.393972,47024
28194.91,1582,9072826.732949,90.705476699,0.000000,-1456067.379469,47054
28233.96,1583,9064240.643270,90.619610654,0.000000,-1460143.657199,47084
28275.03,1584,9054952.830206,90.526728949,0.000000,-1251185.461014,47114
28311.19,1585,9048770.027742,90.464894868,0.000000,-1335635.583811,47144
28351.75,1586,9020417.335661,90.181368124,0.000000,-1417318.135354,47174
28391.14,1587,8996039.581805,89.937601730,0.000000,-1419512.469913,47204
28421.34,1588,8979605.328429,89.773243036,0.000000,-1331713.288595,47234
28452.72,1589,8959800.968001,89.575204472,0.000000,-1276114.510894,47264
28492.47,1590,8948693.442273,89.464127036,0.000000,-1230007.608434,47294
28533.87,1591,8935394.979686,89.331144600,0.000000,-1364016.948226,47324
28571.32,1592,8922558.946990,89.202786301,0.000000,-1259244.102415,47354
28608.74,1593,8911525.404188,89.092442101,0.000000,-1359551.376229,47384
28647.18,1594,8901322.063059,88.990409960,0.000000,-1197589.729127,47414
28693.88,1595,8858794.361930,88.565154333,0.000000,-1283074.166665,47444
28729.85,1596,8837207.567386,88.349281996,0.000000,-1329577.616735,47474
28768.42,1597,8822917.191773,88.206381216,0.000000,-1373065.540188,47504
28838.06,1598,8811074.893737,88.087944136,0.000000,-1252641.334902,47534
28878.50,1599,8799707.829951,87.974280372,0.000000,-1257932.852388,47564
28921.31,1600,8773640.788517,87.713609418,0.000000,-1311228.238312,47594
28968.54,1601,8755911.047316,87.536310716,0.000000,-1333657.635067,47624
29010.17,1602,8724376.663359,87.220965647,0.000000,-1372478.606759,47654
29043.14,1603,8701088.722231,86.988087929,0.000000,-1341256.867807,47684
29089.07,1604,8675670.871030,86.733889095,0.000000,-1370291.015597,47714
29127.84,1605,8654608.742445,86.523265850,0.000000,-1493330.339140,47744
29170.27,1606,8634542.101031,86.322578427,0.000000,-1150633.992698,47774
29209.78,1607,8617768.274382,86.154833149,0.000000,-1291833.560035,47804
29246.31,1608,8601277.190247,85.989907754,0.000000,-1349911.231265,47834
29284.34,1609,8589151.064212,85.868658211,0.000000,-1292662.910390,47864
29322.70,1610,8569769.958052,85.674836349,0.000000,-1322067.587184,47894
29358.69,1611,8555072.717704,85.527856395,0.000000,-1233432.383651,47924
29391.73,1612,8535509.277863,85.332226641,0.000000,-1243866.460095,47954
29437.46,1613,8519392.406813,85.171047984,0.000000,-1291990.487106,47984
29480.79,1614,8496595.795761,84.943082025,0.000000,-1305986.459755,48014
29520.83,1615,8480952.279620,84.786652000,0.000000,-1389436.731169,48044
29560.99,1616,8458711.630147,84.564231758,0.000000,-1446954.486030,48074
29602.62,1617,8444766.432272,84.424778249,0.000000,-1218974.073290,48104
29646.76,1618,8424330.736276,84.220402638,0.000000,-1147652.368917,48134
29673.82,1619,8404368.744604,84.020762992,0.000000,-1317201.291774,48164
29711.48,1620,8386417.101580,83.841234229,0.000000,-1369755.895974,48194
