elapsed_s,iteration,lp_obj,route_weight,artificials,min_rc,pool_columns
2.82,1,20300000.000000,203.000000000,0.000000,-5399898.576000,203
3.12,2,14900101.424000,149.000000000,0.000000,-3899902.088000,233
3.44,3,13000151.124000,130.000000000,0.000000,-3999898.576000,258
3.76,4,12050177.834000,120.500000000,0.000000,-4149929.958000,284
4.03,5,11771615.272000,117.714285714,0.000000,-4799902.088000,311
4.34,6,11100200.824000,111.000000000,0.000000,-3499890.600000,341
4.66,7,10847271.166588,108.470588235,0.000000,-4799905.480000,371
4.99,8,10233567.786667,102.333333333,0.000000,-3899909.528000,401
5.32,9,10028820.048000,100.285714286,0.000000,-4595164.408000,411
5.62,10,9374113.835631,93.738461538,0.000000,-3199922.504000,432
5.97,11,9350268.227077,93.500000000,0.000000,-4049874.229538,462
6.35,12,9253603.238533,92.533333333,0.000000,-3959655.411600,484
6.71,13,9169742.006260,91.694698355,0.000000,-4004352.995393,498
7.05,14,9043639.056392,90.433566434,0.000000,-4581308.974671,510
7.41,15,8909375.206182,89.090909091,0.000000,-3866257.744468,526
7.77,16,8767956.416824,87.676691729,0.000000,-3823217.452388,552
8.11,17,8755229.681233,87.549414997,0.000000,-3849909.588000,569
8.47,18,8664681.721911,86.643894567,0.000000,-3573926.729373,586
8.83,19,8655033.647392,86.547412354,0.000000,-3865089.255699,607
9.18,20,8579468.718004,85.791757050,0.000000,-4029966.399434,637
9.50,21,8440960.663857,84.406583072,0.000000,-3819563.099871,649
9.83,22,8333273.155709,83.329678935,0.000000,-3799872.088000,679
10.19,23,8221572.773821,82.212624349,0.000000,-3772576.050526,709
10.55,24,8178377.393092,81.780660909,0.000000,-3500866.619232,729
11.05,25,8153009.586346,81.526953612,0.000000,-3823975.047273,753
11.40,26,8126227.332646,81.259128964,0.000000,-3852442.424677,770
11.78,27,8060317.206405,80.599972051,0.000000,-3593580.911715,800
12.18,28,8046945.954265,80.466261825,0.000000,-3617659.830257,824
12.57,29,7992746.287201,79.924223930,0.000000,-3663068.494196,849
12.95,30,7963258.764239,79.629330731,0.000000,-3794477.193399,872
13.33,31,7939903.469317,79.395757142,0.000000,-3354708.285303,891
13.71,32,7919033.457456,79.187068036,0.000000,-3431339.150634,906
14.10,33,7885719.101326,78.853916364,0.000000,-3504425.027404,933
14.49,34,7859148.283178,78.588196886,0.000000,-3151106.324325,957
14.88,35,7816003.308908,78.156708194,0.000000,-3349937.645350,980
15.26,36,7778507.898114,77.781735071,0.000000,-3504257.192984,997
15.65,37,7742133.116727,77.417971594,0.000000,-3178756.958778,1020
16.04,38,7707598.846930,77.072591956,0.000000,-3152952.342147,1044
16.47,39,7693113.463840,76.927741501,0.000000,-3316096.014800,1071
16.87,40,7684883.210388,76.845432554,0.000000,-3173167.037750,1092
17.20,41,7670522.980214,76.701821716,0.000000,-3172665.948134,1118
17.59,42,7662499.399969,76.621583230,0.000000,-3108206.737681,1148
18.00,43,7644399.842370,76.440581413,0.000000,-3122549.127674,1178
18.41,44,7630240.623760,76.298985902,0.000000,-2991729.031850,1197
18.80,45,7601517.852794,76.011729334,0.000000,-3369313.510958,1226
19.21,46,7561013.383794,75.606659504,0.000000,-3218530.215050,1256
19.55,47,7530264.915189,75.299158442,0.000000,-3289074.340627,1280
19.97,48,7504120.172835,75.037685765,0.000000,-3111164.202462,1310
20.48,49,7488246.107264,74.878937497,0.000000,-3376697.873788,1333
20.91,50,7472238.069289,74.718854923,0.000000,-3019915.812113,1355
21.34,51,7457661.911915,74.573087407,0.000000,-3195951.919934,1375
21.69,52,7442043.218540,74.416885311,0.000000,-3043878.824675,1401
22.12,53,7405779.687720,74.054213928,0.000000,-3064538.323416,1431
22.54,54,7355939.176540,73.555764797,0.000000,-3183538.474463,1453
22.96,55,7291697.803099,72.913303998,0.000000,-3192599.185791,1481
23.37,56,7266447.833242,72.660792136,0.000000,-3053300.939632,1502
23.80,57,7224957.573363,72.245864723,0.000000,-3016062.906483,1522
24.24,58,7200136.928386,71.997652805,0.000000,-3220900.668771,1540
24.68,59,7185135.747714,71.847638610,0.000000,-3157983.967957,1560
25.05,60,7166564.106679,71.661906615,0.000000,-3127754.169545,1581
25.49,61,7151673.981904,71.513008885,0.000000,-3190352.996853,1611
25.93,62,7137321.517382,71.369471869,0.000000,-2990930.410026,1637
26.35,63,7121572.359420,71.211972707,0.000000,-2916268.682307,1666
26.87,64,7093933.721813,70.935580824,0.000000,-2955054.508074,1696
27.31,65,7065158.748343,70.647809119,0.000000,-3025538.476380,1717
27.76,66,7023941.170803,70.235613986,0.000000,-3139625.547307,1728
28.23,67,6994007.994894,69.936270708,0.000000,-3207154.433941,1754
28.69,68,6957514.800034,69.571315502,0.000000,-2988978.574801,1781
29.16,69,6923209.664993,69.228250142,0.000000,-3010099.001446,1804
29.65,70,6902464.528363,69.020791456,0.000000,-3147991.887998,1833
30.08,71,6881741.401289,68.813554484,0.000000,-3010970.075067,1858
30.56,72,6863308.702723,68.629220200,0.000000,-2767054.315389,1888
31.05,73,6840039.712305,68.396526846,0.000000,-2898715.374272,1916
31.53,74,6820898.196875,68.205102782,0.000000,-3024188.510366,1945
32.13,75,6803224.640821,68.028352559,0.000000,-2899091.378125,1972
32.62,76,6784327.250559,67.839370014,0.000000,-2749629.318248,1998
33.11,77,6757737.564976,67.573458331,0.000000,-3133929.015859,2023
33.52,78,6742911.657900,67.425188148,0.000000,-2850445.923030,2052
34.01,79,6717694.551967,67.172985941,0.000000,-2825181.033337,2082
34.42,80,6686487.755638,66.860899836,0.000000,-2686633.713582,2097
34.94,81,6652429.904302,66.520302386,0.000000,-2964949.892284,2127
35.43,82,6607959.624170,66.075578515,0.000000,-2602819.856424,2154
35.96,83,6557805.125296,65.574012733,0.000000,-2676943.406484,2184
36.44,84,6519859.004123,65.194537590,0.000000,-2523150.340703,2204
36.92,85,6505287.058779,65.048809019,0.000000,-2639483.543682,2222
37.47,86,6487730.804983,64.873241975,0.000000,-2720096.911201,2252
37.96,87,6452872.949254,64.524650356,0.000000,-2754873.820166,2271
38.42,88,6397018.457113,63.966083709,0.000000,-2518154.480204,2301
38.95,89,6318745.868799,63.183330260,0.000000,-2804919.355118,2331
39.45,90,6293989.613776,62.935767750,0.000000,-2474927.296247,2358
39.97,91,6268656.018942,62.682425471,0.000000,-2625113.459349,2386
40.46,92,6210782.695977,62.103659866,0.000000,-2498537.591970,2405
40.97,93,6187520.929405,61.871046893,0.000000,-2788087.406039,2425
41.51,94,6159488.371950,61.590709633,0.000000,-2434299.815991,2454
42.00,95,6133235.602420,61.328175178,0.000000,-2547337.097720,2484
42.53,96,6106588.715849,61.061682491,0.000000,-2588053.655684,2514
43.04,97,6080406.715105,60.799853819,0.000000,-2535111.020972,2544
43.50,98,6068492.528149,60.680710344,0.000000,-2403249.124408,2573
44.04,99,6052319.919283,60.518979194,0.000000,-2284056.764647,2603
44.56,100,6037432.439716,60.370100621,0.000000,-2410313.433026,2626
45.13,101,6026763.912180,60.263410217,0.000000,-2586343.650985,2656
45.81,102,6011222.981716,60.107988367,0.000000,-2454517.658776,2681
46.30,103,5995605.509560,59.951805469,0.000000,-2259542.115919,2710
46.88,104,5986506.643610,59.860810882,0.000000,-2226785.862591,2740
47.39,105,5977565.175324,59.771391841,0.000000,-2328085.539894,2765
47.92,106,5967231.571739,59.668054492,0.000000,-2495684.504760,2795
48.43,107,5938007.358945,59.375785567,0.000000,-2465652.699223,2822
48.99,108,5923312.177681,59.228823946,0.000000,-2647272.109337,2852
49.54,109,5899921.279356,58.994906644,0.000000,-2404926.298285,2882
50.10,110,5874102.528117,58.736707352,0.000000,-2512912.042409,2912
50.69,111,5858252.266224,58.578205239,0.000000,-2297184.896300,2942
51.23,112,5836352.802945,58.359205366,0.000000,-2647809.143746,2971
51.78,113,5802742.326197,58.023084966,0.000000,-2206436.784770,3001
52.36,114,5775940.500630,57.755056931,0.000000,-2232327.199515,3031
52.98,115,5751669.496320,57.512341674,0.000000,-2637955.487669,3061
53.56,116,5711141.120487,57.107026240,0.000000,-2492792.058187,3081
54.05,117,5685514.520413,56.850748387,0.000000,-2411226.607813,3111
54.59,118,5655640.969161,56.551999967,0.000000,-2379156.433793,3141
55.28,119,5616822.523212,56.163785064,0.000000,-2531496.646551,3171
55.83,120,5593682.709786,55.932370264,0.000000,-2443919.564871,3173
56.34,121,5573704.566067,55.732576852,0.000000,-2381037.534123,3203
56.88,122,5539655.249961,55.392068897,0.000000,-2647241.834773,3233
57.44,123,5513183.494817,55.127340508,0.000000,-2583510.349873,3263
57.98,124,5492837.012228,54.923862726,0.000000,-2400813.354590,3293
58.60,125,5476657.334196,54.762054104,0.000000,-2602400.937262,3323
59.15,126,5463526.819907,54.630746021,0.000000,-2333859.974866,3353
59.68,127,5442208.139465,54.417552349,0.000000,-2278857.143194,3383
60.28,128,5425735.410471,54.252814647,0.000000,-2449656.723269,3413
60.82,129,5416580.462873,54.161260998,0.000000,-2411726.962238,3443
61.49,130,5401853.180929,54.013977143,0.000000,-2430538.703448,3473
62.08,131,5389022.929952,53.885669626,0.000000,-2282413.729057,3503
62.70,132,5374983.443166,53.745262537,0.000000,-2389654.701737,3533
63.36,133,5363900.399418,53.634432763,0.000000,-2150946.788330,3563
63.96,134,5348887.853356,53.484293812,0.000000,-2322429.901328,3590
64.59,135,5333760.751306,53.333016689,0.000000,-2538001.733222,3620
65.17,136,5317268.641358,53.168085662,0.000000,-2022402.174983,3650
65.81,137,5302546.975177,53.020857216,0.000000,-2360484.812790,3680
66.40,138,5288714.127594,52.882527035,0.000000,-2246314.122285,3710
67.05,139,5247279.368526,52.468156419,0.000000,-2376567.123203,3740
67.63,140,5209992.024433,52.095257325,0.000000,-2472594.135389,3770
68.27,141,5192113.724309,51.916469685,0.000000,-2114969.093381,3800
68.92,142,5164458.753144,51.639904325,0.000000,-2265283.793457,3829
69.58,143,5150077.073198,51.496083647,0.000000,-2276341.403156,3859
70.20,144,5140930.706093,51.404615121,0.000000,-2046913.366978,3889
70.86,145,5114918.733931,51.144455937,0.000000,-2122337.556951,3919
71.49,146,5089253.036570,50.887777398,0.000000,-2307805.798988,3949
72.12,147,5060404.128964,50.599262481,0.000000,-2378242.593174,3979
72.75,148,5044249.840982,50.437712567,0.000000,-2239749.851369,4009
73.39,149,5016478.936868,50.159967628,0.000000,-2262776.483963,4039
74.02,150,4954450.012766,49.539608535,0.000000,-2385438.901928,4069
74.69,151,4922945.257134,49.224540620,0.000000,-2142076.954887,4099
75.32,152,4912183.856315,49.116918165,0.000000,-2131197.922805,4129
76.00,153,4903506.699425,49.030140508,0.000000,-2174761.071324,4159
76.69,154,4882087.672718,48.815937745,0.000000,-2238708.929446,4189
77.35,155,4868834.031067,48.683381620,0.000000,-2285186.649246,4219
77.99,156,4857447.611118,48.569515200,0.000000,-1780168.992029,4249
78.67,157,4845763.839274,48.452667620,0.000000,-1782827.281909,4279
79.30,158,4818347.351821,48.178478362,0.000000,-2055874.492428,4309
80.15,159,4793259.797442,47.927581359,0.000000,-2511211.091640,4339
80.86,160,4750466.364137,47.499615454,0.000000,-1998985.425284,4369
81.52,161,4718507.534492,47.180007294,0.000000,-2044952.982426,4370
82.24,162,4680672.173814,46.801623807,0.000000,-2352269.179078,4400
82.96,163,4640895.092661,46.403833875,0.000000,-2015446.320671,4430
83.62,164,4616744.951099,46.162318969,0.000000,-2152701.134597,4460
84.31,165,4583295.906767,45.827790790,0.000000,-2242235.399646,4490
85.00,166,4554299.746383,45.537816049,0.000000,-1981894.984546,4520
85.69,167,4535870.623120,45.353512456,0.000000,-2035762.743892,4550
86.34,168,4520890.208661,45.203697458,0.000000,-1977815.170836,4580
87.03,169,4500097.648620,44.995760423,0.000000,-2117826.155364,4610
87.68,170,4475408.860130,44.748862001,0.000000,-2025554.216000,4640
88.34,171,4451090.783443,44.505667602,0.000000,-2299620.098427,4670
89.03,172,4413044.492119,44.125192715,0.000000,-2037888.266700,4700
89.72,173,4390058.733605,43.895331284,0.000000,-1957961.989050,4730
90.42,174,4362261.942732,43.617353277,0.000000,-1911066.200799,4760
91.17,175,4350113.805437,43.495874658,0.000000,-2049736.468999,4788
91.83,176,4325442.532727,43.249151278,0.000000,-1939443.820507,4818
92.56,177,4316006.497036,43.154785149,0.000000,-2168736.697059,4848
93.38,178,4293191.597370,42.926620075,0.000000,-1781295.201901,4878
94.10,179,4274456.737130,42.739264471,0.000000,-2030519.273279,4908
94.83,180,4257839.530407,42.573086203,0.000000,-2120778.354807,4938
95.50,181,4238212.162488,42.376803813,0.000000,-2209050.175563,4968
96.36,182,4219390.009287,42.188571425,0.000000,-1987492.520089,4998
97.16,183,4199916.149399,41.993825902,0.000000,-2113694.996901,5028
97.92,184,4185675.215387,41.851411022,0.000000,-2042173.283623,5058
98.70,185,4173817.383699,41.732828285,0.000000,-2095832.634799,5088
99.50,186,4157670.826215,41.571339396,0.000000,-2313578.646662,5118
100.28,187,4141432.407653,41.408952915,0.000000,-1803169.940532,5148
101.05,188,4125537.927761,41.250005825,0.000000,-2168076.092704,5178
101.83,189,4113517.544641,41.129792064,0.000000,-2028788.275409,5208
102.57,190,4100644.638303,41.001051407,0.000000,-2096976.512041,5238
103.34,191,4093901.847731,40.933619718,0.000000,-1886375.329746,5268
104.29,192,4084613.947477,40.840731090,0.000000,-1898261.630034,5298
105.04,193,4070396.281358,40.698556894,0.000000,-1948885.569258,5328
105.90,194,4054111.279318,40.535695447,0.000000,-1901739.269691,5358
106.84,195,4021866.796555,40.213222628,0.000000,-2142444.381573,5386
107.75,196,3999599.712642,39.990526589,0.000000,-2157859.413452,5416
108.62,197,3971628.948931,39.710808941,0.000000,-1982071.283212,5446
109.43,198,3950266.428699,39.497193736,0.000000,-1957195.500309,5476
110.17,199,3926126.415066,39.255781071,0.000000,-2032915.932238,5506
110.95,200,3911967.865700,39.114188820,0.000000,-1747084.714955,5536
111.72,201,3882550.376996,38.819985938,0.000000,-1881969.208646,5566
112.57,202,3847248.408529,38.466966422,0.000000,-1989533.648445,5596
113.40,203,3821540.283305,38.209883912,0.000000,-2087107.925100,5626
114.17,204,3805562.704308,38.050094569,0.000000,-1914171.001340,5656
115.11,205,3787361.445168,37.868075793,0.000000,-1818636.098046,5686
115.88,206,3761932.296397,37.613776061,0.000000,-1588753.171898,5713
116.87,207,3744044.942804,37.434900180,0.000000,-1486836.459344,5743
117.72,208,3731735.514740,37.311807165,0.000000,-1503725.234680,5773
118.62,209,3716929.200950,37.163731437,0.000000,-1606234.228010,5803
119.45,210,3691742.528735,36.911841778,0.000000,-1791995.846123,5833
120.43,211,3651329.952795,36.507669445,0.000000,-1589413.012521,5863
121.26,212,3635469.994931,36.349057258,0.000000,-1619887.575130,5893
122.18,213,3618245.427004,36.176797908,0.000000,-1742559.104222,5923
123.21,214,3602058.246901,36.014903349,0.000000,-1681264.406603,5953
124.06,215,3586271.230921,35.857021941,0.000000,-1463007.545490,5983
124.97,216,3570297.081561,35.697263510,0.000000,-1599968.955086,6013
126.09,217,3550281.227754,35.497102914,0.000000,-1827925.687947,6043
126.97,218,3530851.264420,35.302782146,0.000000,-1660149.324314,6073
127.97,219,3515644.373977,35.150699011,0.000000,-1399935.989043,6103
128.91,220,3495645.953040,34.950701377,0.000000,-1471106.813207,6133
129.78,221,3443900.048897,34.433228667,0.000000,-1781749.373103,6163
130.65,222,3414974.484945,34.143960561,0.000000,-1732120.195439,6193
131.53,223,3382783.096166,33.822017837,0.000000,-1685803.608230,6223
132.40,224,3347655.180824,33.470723909,0.000000,-1742363.543410,6253
133.31,225,3318188.923911,33.176026895,0.000000,-1746557.730673,6283
134.28,226,3297045.415430,32.964577999,0.000000,-1743876.529927,6313
135.27,227,3267664.100335,32.670730372,0.000000,-1586668.938962,6343
136.20,228,3256261.551391,32.556709446,0.000000,-1627681.982101,6373
137.27,229,3237572.884964,32.369814976,0.000000,-1871015.985313,6403
138.27,230,3212568.979686,32.119758687,0.000000,-1827812.404059,6433
139.15,231,3168853.960288,31.682563363,0.000000,-2060692.570291,6461
140.02,232,3131588.296893,31.309872718,0.000000,-1724021.282793,6491
140.93,233,3096938.574054,30.963348449,0.000000,-1580589.781372,6521
141.86,234,3080161.402174,30.795553024,0.000000,-1576940.840100,6551
142.86,235,3058592.882494,30.579827293,0.000000,-1559655.879634,6581
143.75,236,3027903.167227,30.272870945,0.000000,-1637360.089045,6609
144.73,237,2993799.177792,29.931814599,0.000000,-1578705.934477,6639
145.67,238,2966965.766562,29.663464290,0.000000,-1763469.434422,6669
146.66,239,2948413.914282,29.477930973,0.000000,-1694828.300059,6699
147.62,240,2931120.075384,29.304984453,0.000000,-1469221.825295,6729
148.64,241,2905121.649315,29.044963914,0.000000,-1816512.008808,6759
149.68,242,2889229.132182,28.886034048,0.000000,-1379774.390310,6789
150.70,243,2865090.405490,28.644628633,0.000000,-1684729.514217,6819
151.77,244,2838518.829267,28.378864364,0.000000,-1412420.591721,6849
152.71,245,2802957.173754,28.023217713,0.000000,-1615879.298776,6879
153.70,246,2781377.920395,27.807410987,0.000000,-1696987.319570,6909
154.65,247,2745948.709590,27.453086193,0.000000,-1543138.226423,6939
155.63,248,2728734.143983,27.280922077,0.000000,-1512118.061276,6969
156.73,249,2710771.578933,27.101283763,0.000000,-1193379.313236,6999
157.68,250,2694990.586134,26.943468414,0.000000,-1613013.538501,7029
158.78,251,2678173.711100,26.775266776,0.000000,-1308833.391646,7059
159.69,252,2663905.467676,26.632572427,0.000000,-1311304.440998,7082
160.71,253,2647948.348221,26.472987697,0.000000,-1677057.178520,7112
161.79,254,2627044.999289,26.263927327,0.000000,-1539776.639594,7142
162.88,255,2600523.895897,25.998690776,0.000000,-1477406.617126,7172
163.91,256,2585537.476983,25.848806649,0.000000,-1549494.973486,7202
164.95,257,2566284.211812,25.656252000,0.000000,-1428203.374823,7232
165.95,258,2554505.785466,25.538469469,0.000000,-1381772.392444,7262
166.96,259,2539870.448278,25.392103510,0.000000,-1296344.910008,7292
168.09,260,2525236.923254,25.245762404,0.000000,-1430001.256369,7322
168.93,261,2507588.515270,25.069267469,0.000000,-1483073.113592,7352
170.00,262,2496031.327509,24.953685603,0.000000,-1349524.589306,7382
171.07,263,2482727.579407,24.820633315,0.000000,-1313842.982421,7412
172.06,264,2472811.218357,24.721459871,0.000000,-1443963.210738,7442
173.33,265,2449634.440297,24.489661974,0.000000,-1455759.121119,7472
174.48,266,2432269.307333,24.316010683,0.000000,-1286666.868812,7502
175.53,267,2425504.313498,24.248347991,0.000000,-1538594.945290,7532
176.64,268,2411657.063749,24.109868113,0.000000,-1494471.843237,7549
177.52,269,2402224.550667,24.015533375,0.000000,-1333258.949568,7579
178.60,270,2392446.623127,23.917744904,0.000000,-1543841.661339,7609
179.82,271,2387148.521926,23.864755760,0.000000,-1420208.042462,7639
180.91,272,2379277.545110,23.786040324,0.000000,-1536696.369920,7669
182.07,273,2371435.616178,23.707621130,0.000000,-1441612.179437,7699
183.10,274,2361171.173328,23.604967770,0.000000,-1679395.926665,7729
183.98,275,2356112.129997,23.554373238,0.000000,-1447030.593605,7759
184.95,276,2344220.363142,23.435450909,0.000000,-1738674.181218,7789
186.04,277,2333686.162576,23.330098576,0.000000,-1564812.962926,7819
187.23,278,2322043.491168,23.213675199,0.000000,-1702696.677924,7849
188.22,279,2314494.973057,23.138186696,0.000000,-1611453.330460,7879
189.29,280,2306889.482722,23.062129774,0.000000,-1719489.415922,7909
190.39,281,2291889.320246,22.912117814,0.000000,-2031512.817342,7939
191.32,282,2283095.622867,22.824173025,0.000000,-1750058.224508,7969
192.49,283,2273188.313256,22.725094515,0.000000,-1669009.057088,7999
193.56,284,2262945.606653,22.622665625,0.000000,-1750345.756285,8029
194.60,285,2260173.752124,22.594941148,0.000000,-1694367.541347,8059
195.63,286,2252098.060751,22.514174789,0.000000,-1715512.010324,8089
196.73,287,2238433.713561,22.377521280,0.000000,-1763626.864578,8119
197.90,288,2229805.583972,22.291231603,0.000000,-1631253.053555,8149
199.01,289,2221273.474730,22.205906176,0.000000,-1518162.936014,8179
200.17,290,2215862.317897,22.151793541,0.000000,-1332970.520600,8207
201.27,291,2208059.574165,22.073761855,0.000000,-1281051.103067,8237
202.22,292,2198372.307276,21.976882682,0.000000,-1421209.791349,8267
203.31,293,2192711.081506,21.920267175,0.000000,-1533991.006330,8297
204.50,294,2184982.213461,21.842974635,0.000000,-1348373.239795,8327
205.71,295,2178174.933101,21.774899457,0.000000,-1499851.491803,8357
206.82,296,2172143.412817,21.714583293,0.000000,-1362807.082374,8387
207.96,297,2167578.711442,21.668934112,0.000000,-1218029.217722,8417
209.28,298,2165013.482321,21.643278932,0.000000,-1172610.580372,8447
210.67,299,2161890.617805,21.612049673,0.000000,-1229316.759679,8477
211.87,300,2159721.140126,21.590353262,0.000000,-1078617.795577,8507
213.16,301,2157203.507349,21.565177886,0.000000,-1212560.214800,8537
214.26,302,2154628.478213,21.539428070,0.000000,-1293546.153922,8567
215.38,303,2151515.712006,21.508302001,0.000000,-1262998.952333,8597
216.47,304,2147509.733324,21.468241295,0.000000,-1339416.920308,8627
217.69,305,2144305.664894,21.436198200,0.000000,-1299410.447118,8657
218.95,306,2141276.956192,21.405909258,0.000000,-1145076.234106,8687
220.30,307,2137841.025751,21.371547582,0.000000,-1117866.747925,8717
221.75,308,2130757.979544,21.300717765,0.000000,-1132490.228670,8747
223.07,309,2126403.103893,21.257166312,0.000000,-1243581.749579,8775
224.31,310,2110427.713524,21.097422916,0.000000,-1268036.846542,8805
225.34,311,2096274.369173,20.955886283,0.000000,-1491120.261917,8835
226.90,312,2089852.385305,20.891680282,0.000000,-1221630.518589,8865
228.13,313,2080025.529603,20.793392482,0.000000,-1316527.428552,8895
229.32,314,2072659.330661,20.719729352,0.000000,-1188030.758354,8925
230.64,315,2068463.794954,20.677774005,0.000000,-1066525.022480,8953
231.78,316,2063319.188824,20.626323181,0.000000,-1278217.909475,8983
233.09,317,2057228.616936,20.565414227,0.000000,-1144649.686213,9013
234.39,318,2054078.766172,20.533915016,0.000000,-1173368.648758,9043
235.64,319,2049457.601923,20.487707429,0.000000,-1198335.484258,9071
236.82,320,2044202.029495,20.435150559,0.000000,-1247252.102053,9101
238.23,321,2041388.990110,20.407016667,0.000000,-1288863.203305,9131
239.60,322,2036524.326497,20.358371792,0.000000,-1080525.992083,9161
240.89,323,2027610.357710,20.269230516,0.000000,-1317787.621296,9191
242.26,324,2014192.983462,20.135055646,0.000000,-1270474.449505,9221
243.62,325,1996175.661233,19.954860682,0.000000,-1156774.678518,9251
245.21,326,1979152.495998,19.784607198,0.000000,-1334069.111170,9273
246.65,327,1956700.181141,19.560064196,0.000000,-1117545.128425,9303
247.85,328,1943223.236921,19.425281730,0.000000,-1170367.020948,9333
248.95,329,1924578.787493,19.238820412,0.000000,-1069701.490120,9363
250.25,330,1911592.146671,19.108953873,0.000000,-1020175.886585,9393
251.69,331,1896050.917977,18.953530823,0.000000,-1218870.299894,9423
252.88,332,1884612.547832,18.839147184,0.000000,-1340652.865422,9453
254.04,333,1868311.961780,18.676132902,0.000000,-1285802.223495,9483
255.38,334,1851915.744347,18.512150167,0.000000,-1389018.284227,9509
256.61,335,1840582.759868,18.398808941,0.000000,-1216791.642594,9539
257.81,336,1833532.500738,18.328300971,0.000000,-1429850.242522,9569
259.38,337,1826260.854091,18.255574151,0.000000,-1523010.853140,9599
260.79,338,1821916.076947,18.212123865,0.000000,-1392334.018689,9629
262.21,339,1815339.380381,18.146352117,0.000000,-1367155.692176,9659
263.74,340,1809181.673653,18.084769708,0.000000,-1449709.832005,9689
264.97,341,1805950.039579,18.052449513,0.000000,-1257514.556625,9719
266.36,342,1804290.312176,18.035852671,0.000000,-1107082.328403,9749
267.76,343,1800953.700384,18.002484935,0.000000,-907090.557969,9779
269.14,344,1792371.102926,17.916652080,0.000000,-1081766.357817,9809
270.60,345,1782267.117742,17.815602882,0.000000,-1058274.571588,9839
272.02,346,1767194.701380,17.664856985,0.000000,-1110313.091917,9869
273.25,347,1755073.722950,17.543639540,0.000000,-1038974.953131,9899
274.75,348,1741624.987047,17.409141863,0.000000,-1237134.698558,9929
275.97,349,1733922.573722,17.332112418,0.000000,-1337391.101758,9959
277.37,350,1726637.414203,17.259256966,0.000000,-1466522.640881,9989
278.52,351,1718672.804224,17.179603684,0.000000,-1431478.120171,10019
279.85,352,1708812.794451,17.080987422,0.000000,-1256377.811158,10049
281.03,353,1698003.528880,16.972883718,0.000000,-929666.329886,10079
282.72,354,1690407.295611,16.896920569,0.000000,-1104722.630119,10109
284.43,355,1681755.630604,16.810394675,0.000000,-1387548.788027,10139
285.82,356,1667858.276873,16.671411690,0.000000,-1177057.296467,10165
287.18,357,1658561.611905,16.578440623,0.000000,-1193427.337303,10195
288.48,358,1648572.979113,16.478546784,0.000000,-987608.484547,10225
290.04,359,1634252.825189,16.335337621,0.000000,-1252085.097029,10241
291.64,360,1609386.795806,16.086646107,0.000000,-1257368.987231,10271
293.26,361,1591103.327106,15.903794481,0.000000,-1157862.165735,10301
294.77,362,1558768.153563,15.580420663,0.000000,-995329.904299,10317
296.40,363,1542880.198042,15.421522135,0.000000,-1106814.291975,10347
298.05,364,1531737.423028,15.310087725,0.000000,-1027793.710109,10374
299.64,365,1518436.827204,15.177076529,0.000000,-1126370.580819,10404
302.63,366,1507868.490693,15.071386232,0.000000,-1182474.444610,10434
304.13,367,1490859.150537,14.901278269,0.000000,-1364550.350650,10464
305.64,368,1467938.990840,14.672068434,0.000000,-989646.143822,10494
307.19,369,1443596.789074,14.428639072,0.000000,-885135.844198,10524
308.72,370,1421739.582656,14.210056856,0.000000,-725449.287283,10552
310.28,371,1386835.836010,13.860981129,0.000000,-1026030.020480,10582
311.85,372,1369246.918346,13.685078120,0.000000,-941679.106719,10612
313.36,373,1356437.250727,13.556973835,0.000000,-985421.718325,10642
314.95,374,1345965.316224,13.452250613,0.000000,-959679.667488,10669
316.58,375,1334890.300494,13.341483197,0.000000,-928054.328675,10699
318.14,376,1321062.937225,13.203210997,0.000000,-976542.525358,10727
319.72,377,1310272.934760,13.095296217,0.000000,-881492.085120,10757
321.50,378,1289975.318088,12.892274180,0.000000,-859969.162515,10759
323.03,379,1273909.865156,12.731621239,0.000000,-994054.186683,10789
324.68,380,1266418.303947,12.656701009,0.000000,-912794.690284,10808
326.27,381,1258656.964428,12.579064200,0.000000,-900348.346163,10828
327.80,382,1243942.030065,12.431888533,0.000000,-845412.357970,10858
329.42,383,1231137.444412,12.303813060,0.000000,-644157.377820,10888
331.25,384,1209990.541740,12.092317956,0.000000,-690518.182900,10918
333.19,385,1201395.995266,12.006368035,0.000000,-585102.875546,10948
334.76,386,1190631.985321,11.898720011,0.000000,-799182.280325,10978
336.44,387,1172855.925976,11.720961808,0.000000,-792589.323620,11008
338.08,388,1164515.059068,11.637546342,0.000000,-602906.816427,11038
339.43,389,1147911.380114,11.471513725,0.000000,-656947.275588,11068
340.89,390,1132195.670383,11.314328661,0.000000,-628118.883589,11098
343.07,391,1123241.381269,11.224799499,0.000000,-623917.597343,11128
344.64,392,1106105.793185,11.053418245,0.000000,-803509.063010,11158
346.37,393,1095361.253661,10.945974543,0.000000,-698783.650699,11188
348.31,394,1087003.615955,10.862398304,0.000000,-753968.254513,11218
349.87,395,1066814.350353,10.660515397,0.000000,-803325.335178,11248
351.50,396,1059972.030954,10.592101740,0.000000,-378947.049309,11278
353.67,397,1050437.378629,10.496750296,0.000000,-432134.551209,11308
355.42,398,1040420.958846,10.396575968,0.000000,-467710.472567,11338
357.00,399,1030134.932957,10.293695750,0.000000,-495567.027808,11368
358.75,400,1017276.032563,10.165098748,0.000000,-446240.283319,11396
360.41,401,1011355.394259,10.105904516,0.000000,-322623.966412,11424
362.11,402,1004641.529156,10.038782953,0.000000,-181059.891210,11454
363.79,403,999750.727470,9.989840951,0.000000,-170248.649946,11484
365.77,404,995551.081914,9.947866496,0.000000,-218292.614888,11514
367.47,405,991877.206306,9.911139361,0.000000,-97656.044823,11544
369.12,406,989848.062666,9.890861959,0.000000,-89862.766215,11572
370.80,407,987972.947687,9.872128850,0.000000,-108046.815786,11601
372.79,408,987872.856137,9.871133143,0.000000,-140580.975612,11631
374.65,409,985161.897006,9.844017211,0.000000,-92464.705279,11661
376.52,410,983792.933978,9.830340570,0.000000,-124766.786461,11691
378.26,411,981893.988656,9.811342298,0.000000,-100086.349132,11719
380.18,412,979798.089540,9.790398642,0.000000,-90045.921264,11749
381.93,413,975699.696006,9.749428383,0.000000,-102428.600170,11779
383.56,414,973416.670947,9.726616568,0.000000,-107738.350897,11809
385.16,415,970974.223733,9.702218834,0.000000,-124556.170870,11839
386.70,416,968995.510270,9.682432546,0.000000,-102415.474612,11869
388.56,417,967928.046422,9.671759965,0.000000,-90489.291797,11899
390.17,418,964819.851160,9.640705290,0.000000,-90785.757822,11929
391.83,419,962949.367182,9.622014860,0.000000,-102325.461155,11957
393.59,420,961482.180089,9.607344016,0.000000,-90150.031288,11987
395.33,421,960315.819860,9.595675457,0.000000,-88362.212139,12017
396.89,422,958911.077887,9.581625251,0.000000,-68856.704424,12047
398.60,423,956380.256234,9.556325850,0.000000,-91175.094577,12077
400.36,424,955282.122784,9.545357555,0.000000,-81132.063691,12107
402.04,425,954122.476884,9.533765135,0.000000,-81863.577954,12137
403.72,426,953168.811291,9.524240309,0.000000,-76269.630231,12167
405.30,427,951694.519039,9.509524091,0.000000,-89172.860233,12197
407.15,428,951108.528382,9.503656569,0.000000,-78151.448738,12227
408.85,429,949813.740197,9.490722049,0.000000,-89846.022485,12257
410.51,430,948955.520108,9.482143635,0.000000,-76818.689077,12287
412.36,431,947256.567989,9.465165714,0.000000,-84323.645286,12317
414.11,432,946709.034407,9.459695782,0.000000,-92705.289502,12347
416.04,433,945524.663034,9.447851181,0.000000,-82886.226841,12377
417.88,434,944677.050116,9.439376527,0.000000,-86191.862598,12407
419.59,435,943708.506214,9.429697898,0.000000,-93438.920094,12437
421.22,436,943275.419145,9.425373306,0.000000,-77569.019487,12467
423.23,437,943019.975124,9.422823098,0.000000,-66456.164910,12497
424.88,438,942560.969664,9.418232696,0.000000,-79208.915448,12527
426.76,439,941861.688442,9.411245200,0.000000,-64987.376609,12557
428.48,440,941475.488172,9.407384047,0.000000,-79678.350649,12586
430.30,441,940941.642898,9.402050161,0.000000,-70878.923289,12616
432.04,442,940663.968789,9.399272398,0.000000,-57472.884891,12644
433.80,443,939807.997565,9.390718768,0.000000,-77803.646571,12674
435.39,444,939266.868374,9.385313196,0.000000,-77096.571221,12704
437.17,445,938797.974174,9.380624360,0.000000,-67038.265278,12734
438.90,446,938395.120171,9.376593345,0.000000,-77578.854901,12764
440.51,447,938124.834359,9.373891864,0.000000,-62878.027006,12794
442.50,448,937711.644496,9.369762857,0.000000,-74962.161665,12824
444.38,449,937510.967459,9.367759056,0.000000,-70996.259013,12850
446.21,450,937184.923676,9.364498778,0.000000,-63964.566959,12880
447.85,451,936747.918797,9.360125856,0.000000,-74012.074211,12910
449.82,452,936187.214313,9.354522121,0.000000,-75545.643088,12940
451.52,453,935708.756458,9.349737817,0.000000,-65565.310225,12970
453.40,454,934979.000217,9.342448790,0.000000,-63840.043897,13000
455.07,455,934583.279402,9.338488556,0.000000,-66169.171558,13030
456.77,456,934196.298215,9.334617584,0.000000,-75821.118964,13060
458.42,457,933958.401530,9.332237636,0.000000,-71379.246725,13090
460.70,458,933593.446080,9.328587128,0.000000,-55024.403651,13120
462.49,459,933223.868597,9.324894331,0.000000,-67386.149286,13150
464.25,460,932809.463939,9.320747889,0.000000,-64082.749448,13180
466.19,461,932548.452659,9.318141253,0.000000,-65013.912734,13210
467.96,462,932166.918416,9.314325042,0.000000,-62559.788214,13240
469.84,463,931872.181227,9.311377118,0.000000,-75393.326952,13270
471.73,464,931564.794645,9.308303100,0.000000,-69410.558575,13300
474.26,465,931343.843518,9.306094584,0.000000,-78125.088927,13330
476.10,466,931048.371276,9.303138984,0.000000,-63957.683971,13360
477.95,467,930841.756632,9.301071790,0.000000,-66909.851707,13390
479.85,468,930483.344871,9.297488478,0.000000,-70077.426393,13420
481.70,469,930251.403644,9.295168689,0.000000,-57030.506560,13450
483.43,470,929984.130857,9.292496721,0.000000,-59224.916616,13480
485.46,471,929739.248757,9.290051951,0.000000,-59585.069083,13510
487.25,472,929564.468427,9.288302908,0.000000,-64821.071808,13540
489.31,473,929459.306708,9.287251369,0.000000,-51520.857689,13570
491.11,474,929283.516081,9.285496044,0.000000,-56564.191070,13600
492.86,475,928976.310318,9.282422066,0.000000,-62899.477671,13630
494.59,476,928705.153922,9.279717906,0.000000,-73617.176283,13660
496.41,477,928429.333746,9.276959035,0.000000,-60743.897492,13690
498.39,478,928107.747359,9.273746021,0.000000,-63552.065034,13720
500.50,479,927922.406571,9.271890388,0.000000,-65908.104705,13750
502.53,480,927695.471650,9.269619577,0.000000,-65734.178198,13780
504.47,481,927302.717888,9.265680814,0.000000,-67301.889885,13810
506.23,482,926876.681109,9.261423728,0.000000,-60895.279154,13840
508.10,483,926600.652145,9.258664985,0.000000,-62646.820028,13870
509.87,484,926303.270205,9.255689807,0.000000,-68959.409125,13900
512.09,485,926095.166433,9.253603571,0.000000,-61123.819015,13930
513.93,486,925883.124172,9.251481820,0.000000,-70743.283411,13947
516.00,487,925398.839206,9.246630178,0.000000,-66462.562184,13977
517.75,488,924824.464445,9.240889107,0.000000,-74098.347760,14007
519.60,489,924587.035383,9.238515116,0.000000,-65822.314267,14037
521.54,490,924371.559848,9.236360855,0.000000,-58072.159490,14067
523.69,491,924005.746185,9.232701361,0.000000,-54845.819396,14097
525.61,492,923821.279438,9.230858013,0.000000,-53103.131936,14127
527.60,493,923634.473050,9.228990649,0.000000,-66957.317978,14157
529.42,494,923440.019910,9.227043421,0.000000,-62232.313203,14187
531.48,495,923108.427223,9.223730741,0.000000,-80820.312879,14217
533.47,496,922817.400882,9.220821696,0.000000,-65188.827125,14247
535.45,497,922522.745494,9.217874709,0.000000,-62447.776132,14277
537.60,498,922209.491717,9.214742030,0.000000,-66996.357773,14278
539.47,499,922077.534438,9.213425901,0.000000,-53902.599332,14308
541.86,500,921632.678299,9.208976873,0.000000,-67552.633631,14338
543.72,501,921226.996329,9.204920357,0.000000,-66972.687057,14368
545.69,502,920955.636184,9.202204995,0.000000,-57477.460651,14398
547.77,503,920567.298178,9.198323183,0.000000,-59872.175313,14428
549.57,504,920244.779856,9.195099384,0.000000,-65684.492948,14458
551.50,505,920037.058801,9.193024879,0.000000,-53080.300984,14488
553.50,506,919887.244903,9.191527058,0.000000,-65075.764991,14518
555.44,507,919779.284515,9.190451622,0.000000,-54062.276687,14548
557.39,508,919684.060730,9.189502394,0.000000,-57910.926369,14578
559.15,509,919513.852420,9.187799370,0.000000,-64480.425785,14608
561.43,510,919385.665492,9.186518423,0.000000,-57749.275774,14638
563.42,511,919256.788224,9.185230706,0.000000,-66427.419412,14668
565.25,512,919166.237195,9.184326077,0.000000,-58529.857417,14698
567.36,513,919056.954638,9.183233302,0.000000,-54334.675807,14728
569.42,514,918656.121828,9.179229917,0.000000,-57700.952643,14758
571.37,515,918270.262033,9.175373881,0.000000,-53849.812977,14788
573.65,516,918046.277164,9.173134573,0.000000,-52380.469175,14818
575.65,517,917852.370008,9.171195772,0.000000,-54304.014817,14848
577.76,518,917719.479247,9.169868413,0.000000,-58392.221231,14878
579.55,519,917510.314814,9.167776951,0.000000,-48199.829880,14908
581.67,520,917190.523067,9.164580990,0.000000,-59417.533022,14938
583.78,521,916915.458029,9.161836886,0.000000,-59678.729999,14968
585.89,522,916733.630870,9.160021328,0.000000,-62180.417668,14998
588.21,523,916278.699960,9.155474085,0.000000,-54930.232759,15028
590.24,524,915952.272756,9.152211681,0.000000,-64829.839611,15058
592.52,525,915712.826596,9.149816111,0.000000,-56147.841050,15088
594.79,526,915420.518844,9.146899025,0.000000,-54489.294663,15118
597.20,527,915129.223907,9.143985738,0.000000,-50872.111417,15148
599.21,528,914823.048994,9.140923849,0.000000,-51537.396482,15178
601.26,529,914591.260867,9.138611781,0.000000,-47150.259602,15208
603.44,530,914330.015945,9.136004568,0.000000,-52972.952535,15238
605.68,531,914063.946835,9.133351080,0.000000,-69899.362437,15268
608.13,532,913676.923626,9.129484757,0.000000,-54583.813282,15298
610.36,533,913597.713934,9.128693958,0.000000,-57460.027117,15328
612.74,534,913459.282520,9.127311714,0.000000,-62481.244924,15358
614.79,535,913280.477266,9.125526283,0.000000,-55448.528347,15388
616.81,536,913110.395884,9.123824841,0.000000,-48398.393455,15418
618.92,537,912989.206765,9.122615097,0.000000,-54710.709317,15448
621.55,538,912916.098059,9.121884813,0.000000,-51370.862826,15478
623.69,539,912830.052948,9.121023986,0.000000,-52347.212155,15508
625.79,540,912553.221397,9.118260500,0.000000,-52955.557699,15538
628.06,541,912340.659288,9.116137633,0.000000,-49301.650696,15568
630.22,542,912234.779965,9.115079726,0.000000,-44924.987114,15598
632.53,543,912070.420192,9.113441563,0.000000,-54728.222132,15628
635.10,544,911800.184511,9.110736452,0.000000,-51765.764408,15658
637.27,545,910781.831141,9.100579124,0.000000,-61033.568455,15679
639.15,546,910158.048258,9.094362774,0.000000,-64363.845734,15709
641.28,547,909443.103389,9.087228076,0.000000,-57421.008435,15739
643.80,548,908844.889393,9.081257112,0.000000,-58400.494471,15769
646.00,549,908246.678161,9.075295582,0.000000,-56509.537859,15799
648.17,550,907662.700075,9.069462518,0.000000,-55903.277923,15829
650.70,551,907502.756318,9.067864030,0.000000,-49969.756524,15859
652.85,552,907139.206099,9.064241626,0.000000,-59604.652382,15889
655.10,553,906795.065241,9.060803377,0.000000,-46811.263702,15919
657.04,554,906418.123956,9.057041232,0.000000,-47313.167947,15949
659.17,555,905955.216112,9.052424547,0.000000,-47654.484151,15979
661.44,556,905714.560720,9.050016218,0.000000,-43445.485235,16009
663.83,557,905366.667577,9.046546987,0.000000,-41348.262794,16039
666.10,558,905195.164624,9.044837266,0.000000,-53684.662250,16069
668.79,559,904974.015054,9.042627274,0.000000,-44084.019276,16099
670.97,560,904535.162983,9.038242635,0.000000,-51728.743146,16129
673.23,561,904232.802958,9.035217675,0.000000,-53286.567827,16159
675.34,562,904084.217431,9.033735444,0.000000,-52291.070641,16189
677.42,563,903803.126502,9.030925067,0.000000,-36978.154216,16219
679.92,564,903569.115819,9.028599017,0.000000,-45309.073941,16249
682.06,565,903300.149181,9.025913959,0.000000,-55863.123101,16279
684.40,566,902803.396524,9.020957273,0.000000,-49694.829334,16309
686.63,567,902453.210296,9.017455507,0.000000,-48224.953093,16339
688.91,568,902242.589954,9.015354812,0.000000,-53172.995541,16369
691.05,569,901974.208181,9.012676969,0.000000,-48673.585870,16399
693.61,570,901460.154293,9.007546622,0.000000,-49745.753290,16429
695.84,571,900778.526162,9.000732921,0.000000,-58678.429298,16459
698.34,572,900386.095128,8.996808888,0.000000,-43597.154021,16489
700.66,573,900314.970491,8.996099028,0.000000,-51151.103972,16519
702.84,574,899988.676269,8.992841134,0.000000,-43978.726133,16549
705.05,575,899545.493640,8.988409416,0.000000,-51082.652253,16579
707.21,576,899193.897823,8.984900570,0.000000,-51098.906226,16609
709.34,577,898842.244597,8.981381007,0.000000,-46178.414018,16639
711.69,578,898521.025373,8.978171775,0.000000,-55476.603367,16669
713.86,579,898303.670357,8.976002572,0.000000,-52037.298108,16699
716.56,580,898138.995568,8.974355222,0.000000,-61414.101433,16729
719.06,581,897966.822814,8.972631559,0.000000,-47863.439165,16759
721.80,582,897800.147000,8.970967979,0.000000,-46674.822412,16789
724.02,583,897500.292794,8.967979295,0.000000,-58791.013115,16819
726.26,584,897070.928569,8.963690778,0.000000,-45343.235446,16849
728.79,585,896645.111673,8.959433463,0.000000,-38342.048443,16879
731.53,586,896249.115680,8.955479191,0.000000,-35655.778148,16906
734.47,587,895994.365848,8.952929490,0.000000,-48606.303148,16908
736.91,588,895774.901473,8.950731778,0.000000,-47680.631948,16938
739.64,589,895533.613866,8.948323106,0.000000,-46487.022283,16968
742.09,590,895342.510706,8.946411951,0.000000,-44290.915397,16998
744.71,591,895196.044521,8.944946210,0.000000,-47435.676321,17028
746.84,592,895032.539935,8.943310312,0.000000,-38232.132143,17058
749.31,593,894870.869600,8.941693303,0.000000,-46342.082944,17088
751.67,594,894713.831909,8.940121123,0.000000,-41202.694556,17118
753.99,595,894546.646378,8.938449891,0.000000,-43902.479274,17148
756.64,596,894275.823579,8.935735289,0.000000,-46203.101964,17178
759.20,597,894119.795604,8.934177898,0.000000,-41524.264041,17208
761.82,598,893968.746775,8.932666859,0.000000,-44990.759002,17238
764.26,599,893640.263480,8.929378766,0.000000,-47950.595885,17268
767.00,600,893485.400952,8.927831421,0.000000,-45345.661038,17298
769.70,601,893266.424835,8.925639795,0.000000,-41199.903730,17328
772.19,602,892856.764838,8.921542624,0.000000,-48706.851922,17358
774.67,603,892717.267317,8.920144158,0.000000,-45065.240299,17388
777.00,604,892560.370480,8.918577091,0.000000,-47049.851356,17418
779.50,605,892419.429823,8.917168616,0.000000,-45215.495479,17448
782.01,606,891965.977162,8.912633406,0.000000,-44581.237169,17478
784.10,607,891640.526246,8.909380415,0.000000,-44373.419263,17508
786.59,608,891351.165355,8.906483122,0.000000,-47808.049662,17538
789.04,609,891161.739417,8.904590303,0.000000,-40693.034399,17568
791.61,610,890781.940495,8.900789678,0.000000,-44411.444045,17598
794.11,611,890573.266000,8.898705244,0.000000,-38823.049125,17628
796.67,612,890338.744739,8.896359530,0.000000,-43375.726615,17658
799.23,613,890101.799375,8.893989810,0.000000,-40745.952767,17688
801.90,614,889964.039439,8.892609305,0.000000,-39862.034359,17718
804.63,615,889825.381544,8.891226194,0.000000,-44869.260958,17748
807.01,616,889611.747679,8.889089493,0.000000,-37096.716389,17778
809.53,617,889478.292398,8.887757247,0.000000,-37199.725137,17808
812.16,618,889324.325251,8.886217428,0.000000,-40187.450520,17838
814.43,619,889278.338778,8.885758809,0.000000,-33419.895003,17868
816.81,620,889100.706457,8.883978252,0.000000,-35406.002333,17898
819.56,621,888950.712845,8.882476648,0.000000,-38082.065976,17928
821.98,622,888835.627249,8.881321862,0.000000,-40503.444122,17958
825.03,623,888628.531552,8.879254878,0.000000,-36888.084514,17988
827.67,624,888463.655886,8.877611467,0.000000,-32720.211115,18018
830.23,625,888377.296098,8.876749638,0.000000,-33618.598595,18048
832.76,626,887858.963776,8.871570861,0.000000,-41710.319733,18078
835.49,627,887496.980795,8.867957991,0.000000,-43595.341221,18108
838.11,628,887326.939292,8.866259676,0.000000,-41574.655035,18138
840.99,629,887220.823231,8.865196410,0.000000,-37212.835311,18168
843.81,630,887082.371939,8.863811136,0.000000,-43607.373061,18198
846.45,631,886885.942361,8.861844905,0.000000,-41066.062047,18228
849.55,632,886730.571439,8.860295045,0.000000,-34824.357871,18258
852.48,633,886535.360015,8.858350252,0.000000,-42045.953504,18288
855.28,634,886394.922796,8.856947417,0.000000,-38475.317967,18318
858.27,635,886289.144573,8.855889483,0.000000,-36006.746501,18348
860.93,636,886207.183501,8.855068558,0.000000,-34672.838393,18350
863.86,637,886095.513860,8.853948154,0.000000,-37762.468234,18380
866.77,638,886033.719421,8.853330352,0.000000,-39453.382056,18410
869.66,639,885898.078932,8.851977448,0.000000,-35519.529892,18440
872.49,640,885756.925095,8.850565352,0.000000,-34942.962000,18470
875.76,641,885504.708970,8.848047103,0.000000,-37696.504840,18500
878.97,642,885370.416156,8.846705737,0.000000,-42015.722952,18530
882.18,643,885210.590873,8.845109927,0.000000,-34243.747222,18560
885.25,644,885087.038896,8.843876924,0.000000,-40872.414939,18590
887.97,645,884948.052462,8.842489406,0.000000,-43777.151107,18620
890.52,646,884793.401033,8.840944813,0.000000,-45139.184909,18650
893.26,647,884688.179693,8.839894357,0.000000,-37826.291416,18680
895.88,648,884550.261044,8.838512975,0.000000,-30762.594783,18710
898.47,649,884408.702146,8.837099191,0.000000,-35674.828520,18740
904.38,650,884331.874045,8.836332142,0.000000,-35212.343076,18770
907.21,651,884210.489158,8.835118101,0.000000,-43369.922923,18800
910.15,652,884114.563538,8.834158182,0.000000,-39542.363943,18830
912.91,653,884074.043149,8.833754122,0.000000,-34242.159574,18860
915.48,654,884027.653915,8.833291589,0.000000,-41156.377820,18890
918.82,655,883970.143091,8.832718350,0.000000,-33236.342890,18920
921.19,656,883908.634424,8.832102487,0.000000,-35730.572847,18950
924.31,657,883786.587083,8.830885005,0.000000,-39154.444802,18980
927.26,658,883711.701382,8.830136299,0.000000,-36162.903437,19010
929.83,659,883660.892165,8.829629511,0.000000,-33679.528624,19040
932.44,660,883641.383846,8.829434280,0.000000,-35140.293927,19070
935.62,661,883605.998385,8.829082137,0.000000,-32050.742897,19100
938.72,662,883546.233309,8.828484663,0.000000,-33559.518753,19130
941.59,663,883505.042866,8.828076193,0.000000,-36729.069876,19160
944.45,664,883377.196973,8.826802044,0.000000,-34369.587179,19190
947.38,665,883245.912644,8.825490548,0.000000,-36984.244747,19220
949.83,666,883119.405961,8.824229423,0.000000,-36158.761964,19250
952.45,667,883004.337815,8.823079721,0.000000,-31870.949909,19280
955.08,668,882913.581755,8.822175727,0.000000,-33009.469452,19310
957.67,669,882734.556264,8.820384915,0.000000,-35780.258341,19340
960.65,670,882543.428981,8.818478950,0.000000,-36744.761110,19370
963.82,671,882452.798070,8.817572757,0.000000,-34668.232247,19400
967.33,672,882228.846828,8.815336257,0.000000,-34577.350251,19430
970.42,673,882064.204256,8.813689323,0.000000,-36121.161593,19460
973.27,674,881934.135112,8.812389065,0.000000,-35208.011867,19490
976.04,675,881879.604011,8.811845506,0.000000,-28757.841309,19520
978.73,676,881778.445001,8.810833482,0.000000,-35082.056582,19550
981.54,677,881597.856852,8.809026479,0.000000,-33998.094580,19580
984.63,678,881455.081258,8.807596791,0.000000,-31189.141127,19610
987.60,679,881275.425026,8.805802938,0.000000,-34351.437117,19640
990.53,680,881115.839409,8.804206706,0.000000,-44793.184671,19670
993.65,681,880963.699201,8.802680594,0.000000,-37120.728902,19700
996.76,682,880741.248305,8.800459726,0.000000,-33956.875760,19730
999.88,683,880520.227695,8.798250764,0.000000,-34423.150963,19760
1002.79,684,880233.021239,8.795385658,0.000000,-38733.014666,19790
1005.59,685,880140.180976,8.794458234,0.000000,-28686.778754,19820
1008.91,686,879978.789372,8.792845169,0.000000,-30510.720165,19850
1011.86,687,879701.868388,8.790071376,0.000000,-37102.774098,19880
1014.39,688,879567.882449,8.788732638,0.000000,-32284.955796,19910
1017.39,689,879176.913365,8.784822798,0.000000,-38967.633344,19940
1021.06,690,879023.611193,8.783291800,0.000000,-33047.186419,19970
1024.66,691,878891.628333,8.781975169,0.000000,-32374.921133,20000
1028.02,692,878789.351939,8.780953110,0.000000,-35644.665385,20030
1031.17,693,878688.642712,8.779946907,0.000000,-31129.990661,20060
1034.35,694,878581.648450,8.778882101,0.000000,-36066.332265,20090
1037.59,695,878427.687364,8.777344685,0.000000,-33844.431434,20120
1040.14,696,878314.821808,8.776217693,0.000000,-31759.519038,20150
1042.87,697,878163.182242,8.774701988,0.000000,-39462.511568,20180
1045.58,698,878093.014832,8.774000640,0.000000,-31461.202561,20210
1048.60,699,878017.024018,8.773241541,0.000000,-35481.276820,20240
1051.70,700,877873.643405,8.771807018,0.000000,-35294.401014,20270
1054.72,701,877744.001919,8.770510995,0.000000,-34727.265234,20300
1057.64,702,877608.731327,8.769160619,0.000000,-38668.874912,20330
1060.66,703,877505.355190,8.768126574,0.000000,-34859.804943,20360
1063.92,704,877428.188410,8.767355235,0.000000,-36852.638273,20390
1067.10,705,877371.253320,8.766788665,0.000000,-32466.739611,20420
1069.98,706,877261.658692,8.765693789,0.000000,-30927.256788,20450
1073.33,707,877221.225567,8.765288652,0.000000,-32533.730980,20480
1076.20,708,877133.479905,8.764413080,0.000000,-33764.391891,20510
1079.18,709,877111.709112,8.764196784,0.000000,-27645.943156,20540
1081.94,710,877076.269915,8.763842902,0.000000,-31185.314038,20570
1085.11,711,877032.835662,8.763407862,0.000000,-31953.298222,20600
1088.26,712,876965.805383,8.762738303,0.000000,-26642.178678,20630
1091.95,713,876868.008726,8.761761316,0.000000,-33975.509130,20660
1095.10,714,876782.337471,8.760904023,0.000000,-35705.159791,20690
1098.41,715,876687.011504,8.759952398,0.000000,-31254.645778,20720
1101.30,716,876594.525137,8.759031742,0.000000,-29635.476727,20750
1104.39,717,876538.826055,8.758474906,0.000000,-31505.332906,20780
1107.58,718,876452.286636,8.757609299,0.000000,-31231.128394,20810
1110.88,719,876340.968029,8.756495201,0.000000,-31055.729684,20840
1113.94,720,876219.987489,8.755282461,0.000000,-28398.250389,20870
1116.67,721,876084.044065,8.753926384,0.000000,-27021.868099,20900
1119.92,722,875891.092803,8.752001416,0.000000,-30286.966257,20930
1123.03,723,875765.600390,8.750749620,0.000000,-28123.055952,20960
1126.40,724,875665.613041,8.749750009,0.000000,-34408.033153,20990
1129.62,725,875618.881050,8.749285581,0.000000,-29572.736928,21020
1132.63,726,875533.761118,8.748434638,0.000000,-28907.246166,21050
1135.93,727,875364.906609,8.746754119,0.000000,-33921.005696,21080
1139.22,728,875228.059793,8.745388854,0.000000,-28359.586164,21110
1142.52,729,875156.687476,8.744677186,0.000000,-31072.771443,21140
1145.98,730,874972.211062,8.742834753,0.000000,-29526.650424,21170
1149.44,731,874879.699975,8.741914693,0.000000,-28100.852562,21200
1152.83,732,874741.492149,8.740540480,0.000000,-30705.571481,21230
1156.32,733,874593.270742,8.739055864,0.000000,-29711.222503,21260
1159.72,734,874525.050323,8.738375868,0.000000,-30152.137128,21290
1163.29,735,874469.262648,8.737819113,0.000000,-26667.498786,21320
1167.01,736,874386.973765,8.736997938,0.000000,-28139.046518,21350
1170.00,737,874282.072122,8.735953600,0.000000,-26931.377841,21380
1173.26,738,874203.686741,8.735171516,0.000000,-31825.903954,21410
1176.61,739,873941.982046,8.732553771,0.000000,-32855.888813,21440
1179.79,740,873800.970238,8.731146620,0.000000,-36427.141059,21470
1183.20,741,873647.848107,8.729614016,0.000000,-27160.206858,21500
1186.60,742,873515.082144,8.728287064,0.000000,-30537.022799,21530
1190.52,743,873454.737213,8.727683491,0.000000,-33270.114335,21560
1193.85,744,873392.129233,8.727058617,0.000000,-27597.140132,21590
1197.24,745,873296.383524,8.726104604,0.000000,-29299.658476,21620
1200.48,746,873171.221010,8.724857062,0.000000,-24233.099907,21650
1204.15,747,873065.646199,8.723802470,0.000000,-28243.069192,21680
1208.21,748,872907.314016,8.722222874,0.000000,-28645.805677,21710
1211.89,749,872784.223643,8.720991954,0.000000,-26403.900241,21740
1215.95,750,872691.144409,8.720062780,0.000000,-28792.709785,21770
1219.99,751,872634.550822,8.719498098,0.000000,-28601.364369,21800
1223.12,752,872573.980173,8.718893841,0.000000,-27879.642095,21830
1226.52,753,872482.744493,8.717982683,0.000000,-24986.552736,21832
1230.40,754,872426.862022,8.717424504,0.000000,-26126.999803,21862
1234.27,755,872351.093229,8.716666196,0.000000,-25175.071647,21892
1237.77,756,872188.888769,8.715054180,0.000000,-24993.864674,21922
1241.22,757,871943.839817,8.712608378,0.000000,-33792.837306,21952
1245.85,758,871832.833517,8.711501177,0.000000,-26741.621623,21982
1248.96,759,871716.606048,8.710342458,0.000000,-28811.556016,22012
1252.97,760,871653.106950,8.709710733,0.000000,-27090.724092,22042
1256.37,761,871625.053968,8.709430389,0.000000,-32257.134737,22072
1259.62,762,871591.629091,8.709095091,0.000000,-30005.829863,22102
1263.22,763,871538.349860,8.708563218,0.000000,-26293.932385,22132
1266.26,764,871500.357173,8.708182623,0.000000,-23854.210166,22162
1269.60,765,871420.241773,8.707384078,0.000000,-25144.145738,22192
1272.80,766,871365.031363,8.706831082,0.000000,-25434.202976,22222
1275.95,767,871285.000171,8.706030449,0.000000,-27003.884258,22252
1279.21,768,871192.578197,8.705105900,0.000000,-27391.208245,22282
1282.45,769,871168.026177,8.704860659,0.000000,-22921.011074,22312
1286.00,770,870920.486338,8.702396806,0.000000,-30970.194178,22340
1289.40,771,870583.840437,8.699033326,0.000000,-27961.147320,22370
1293.33,772,870034.146653,8.693543924,0.000000,-36599.473106,22400
1296.58,773,869793.212313,8.691130370,0.000000,-37110.706501,22430
1300.12,774,869521.978630,8.688419563,0.000000,-31420.956986,22460
1303.75,775,869358.765865,8.686795853,0.000000,-32248.751093,22490
1307.54,776,869208.222957,8.685290767,0.000000,-28702.617112,22520
1311.40,777,869107.603259,8.684286689,0.000000,-27728.690275,22550
1315.77,778,869002.790491,8.683239201,0.000000,-28784.921401,22580
1319.25,779,868822.772273,8.681437476,0.000000,-27670.387004,22610
1323.22,780,868637.144334,8.679584594,0.000000,-30730.292824,22640
1326.82,781,868465.473900,8.677870700,0.000000,-30131.640904,22670
1330.35,782,868357.556584,8.676795072,0.000000,-24406.209780,22700
1333.49,783,868314.762721,8.676365751,0.000000,-27647.955854,22730
1337.20,784,868223.314259,8.675452449,0.000000,-28968.704077,22760
1340.84,785,868163.347332,8.674854222,0.000000,-23791.791528,22790
1344.20,786,868085.879139,8.674081108,0.000000,-26819.713506,22820
1347.85,787,868017.168826,8.673391977,0.000000,-28036.212047,22850
1351.73,788,867920.897920,8.672429555,0.000000,-27137.191193,22880
1355.50,789,867768.193333,8.670902525,0.000000,-27496.100333,22910
1359.14,790,867652.579099,8.669746656,0.000000,-23626.267508,22940
1362.84,791,867527.588592,8.668495642,0.000000,-28424.424876,22970
1366.49,792,867456.176216,8.667783247,0.000000,-25281.651342,23000
1369.52,793,867413.890821,8.667362516,0.000000,-23000.179400,23030
1372.91,794,867347.295111,8.666696673,0.000000,-30138.045869,23060
1376.25,795,867303.295104,8.666257424,0.000000,-31368.286324,23090
1379.52,796,867251.583312,8.665742896,0.000000,-28815.701632,23120
1383.08,797,867194.206133,8.665169165,0.000000,-25156.679729,23150
1386.61,798,867165.995991,8.664886229,0.000000,-29639.481045,23180
1390.21,799,867117.173191,8.664400420,0.000000,-23309.499284,23210
1393.71,800,867015.276190,8.663383092,0.000000,-26519.231160,23212
1397.43,801,866801.011427,8.661239252,0.000000,-27733.896009,23242
1401.28,802,866585.784868,8.659091736,0.000000,-31542.230319,23272
1404.93,803,866485.041037,8.658084910,0.000000,-24712.517687,23302
1408.78,804,866339.333953,8.656628933,0.000000,-25255.940148,23332
1412.78,805,866219.811183,8.655435605,0.000000,-28700.519204,23362
1416.53,806,866095.408876,8.654191976,0.000000,-34231.135436,23392
1419.80,807,865984.866537,8.653087027,0.000000,-28161.197792,23422
1424.51,808,865910.439399,8.652344636,0.000000,-24716.343106,23452
1428.33,809,865795.011237,8.651192755,0.000000,-32046.487083,23482
1432.22,810,865712.838839,8.650370407,0.000000,-23932.690870,23512
1436.22,811,865659.242662,8.649834197,0.000000,-23184.873443,23542
1440.32,812,865616.474722,8.649406178,0.000000,-23235.508825,23572
1444.30,813,865572.492146,8.648968294,0.000000,-22037.630969,23602
1448.36,814,865449.503717,8.647737131,0.000000,-22362.640119,23632
1452.50,815,865378.676582,8.647035281,0.000000,-23075.814340,23662
1456.36,816,865255.444300,8.645804542,0.000000,-25116.487194,23664
1460.25,817,865146.078194,8.644710895,0.000000,-26406.569804,23694
1464.24,818,865097.050750,8.644221342,0.000000,-25010.546533,23724
1468.05,819,864966.385027,8.642914816,0.000000,-26271.313753,23754
1472.17,820,864882.035110,8.642067552,0.000000,-22840.396590,23784
1476.16,821,864747.483455,8.640724304,0.000000,-24657.819637,23814
1479.77,822,864644.626148,8.639694677,0.000000,-36651.966763,23844
1483.02,823,864506.753154,8.638316472,0.000000,-25680.429523,23874
1487.50,824,864439.611674,8.637645462,0.000000,-28661.698277,23904
1491.07,825,864381.762364,8.637067960,0.000000,-22459.094164,23934
1495.02,826,864323.367107,8.636484171,0.000000,-24590.090520,23964
1498.91,827,864270.444413,8.635954545,0.000000,-29084.954525,23994
1502.51,828,864223.342729,8.635485100,0.000000,-26686.579986,24024
1506.58,829,864167.992012,8.634932360,0.000000,-24376.081640,24054
1510.44,830,864062.668117,8.633881653,0.000000,-27101.321485,24084
1514.44,831,863967.076736,8.632927808,0.000000,-25642.318633,24114
1518.24,832,863915.611650,8.632412264,0.000000,-21748.896216,24144
1522.63,833,863875.215554,8.632009406,0.000000,-19176.258130,24174
1526.92,834,863757.555102,8.630830501,0.000000,-24947.903050,24204
1530.46,835,863495.039386,8.628203162,0.000000,-26784.945188,24234
1534.32,836,863295.185995,8.626204082,0.000000,-24076.882966,24264
1538.26,837,863094.296607,8.624197713,0.000000,-25437.873968,24294
1542.16,838,863002.823874,8.623282159,0.000000,-28760.571847,24324
1546.22,839,862869.039716,8.621944089,0.000000,-26584.212137,24354
1550.37,840,862810.004755,8.621353439,0.000000,-22223.827770,24384
1554.38,841,862699.635011,8.620248886,0.000000,-24201.009902,24414
1558.02,842,862591.695414,8.619168476,0.000000,-26516.962855,24444
1562.42,843,862496.001671,8.618210167,0.000000,-24588.406328,24474
1566.02,844,862435.715928,8.617607745,0.000000,-23300.918716,24504
1569.82,845,862389.623941,8.617146396,0.000000,-24536.098843,24534
1573.74,846,862354.831715,8.616799147,0.000000,-21288.917279,24564
1577.99,847,862283.073853,8.616081251,0.000000,-26380.437662,24594
1582.87,848,862235.192537,8.615603249,0.000000,-24864.311885,24624
1586.39,849,862211.882753,8.615370123,0.000000,-20790.083577,24654
1590.80,850,862173.111616,8.614982721,0.000000,-22648.755466,24684
1595.18,851,862110.497288,8.614356394,0.000000,-20709.629258,24714
1599.30,852,862024.918779,8.613499429,0.000000,-24503.952961,24744
1603.59,853,861931.799999,8.612568709,0.000000,-25123.198831,24774
1607.82,854,861916.021901,8.612411357,0.000000,-21697.219794,24804
1611.93,855,861858.561693,8.611835506,0.000000,-22002.738554,24834
1616.41,856,861811.947385,8.611367849,0.000000,-19021.996793,24864
1620.16,857,861796.977370,8.611218997,0.000000,-19046.637940,24894
1623.99,858,861731.466694,8.610563202,0.000000,-20919.490368,24924
1627.55,859,861597.880732,8.609227757,0.000000,-18917.100741,24954
1631.31,860,861517.498480,8.608426914,0.000000,-23598.906751,24984
1635.19,861,861409.795692,8.607348414,0.000000,-26245.309169,25014
1639.14,862,861324.625398,8.606497578,0.000000,-21221.399535,25044
1642.89,863,861293.022243,8.606181666,0.000000,-21053.589784,25074
1646.91,864,861272.009995,8.605971721,0.000000,-17835.842559,25104
1651.19,865,861234.479087,8.605596264,0.000000,-21867.471484,25134
1655.60,866,861209.531362,8.605347452,0.000000,-21027.994129,25164
1659.71,867,861178.001599,8.605030469,0.000000,-21346.017719,25194
1663.80,868,861101.350651,8.604263964,0.000000,-22703.264874,25224
1669.07,869,860930.012787,8.602548519,0.000000,-20675.336669,25254
1672.85,870,860802.943981,8.601277993,0.000000,-22050.428987,25284
1676.74,871,860774.124311,8.600989437,0.000000,-23354.585125,25314
1681.22,872,860734.710148,8.600596275,0.000000,-20220.498797,25344
1685.72,873,860712.921768,8.600379094,0.000000,-22695.549076,25374
1690.13,874,860668.933200,8.599938620,0.000000,-20519.225715,25404
1694.46,875,860623.795529,8.599488195,0.000000,-18502.356421,25434
1698.70,876,860583.936563,8.599089510,0.000000,-21892.661843,25464
1703.12,877,860515.007801,8.598399391,0.000000,-22656.304382,25494
1707.79,878,860480.725748,8.598056047,0.000000,-20771.688257,25524
1712.03,879,860402.398176,8.597273909,0.000000,-23590.580897,25554
1716.26,880,860324.673331,8.596496881,0.000000,-20971.015042,25584
1720.43,881,860284.022135,8.596092981,0.000000,-23202.940898,25614
1725.32,882,860253.238074,8.595787180,0.000000,-21037.628708,25644
1729.42,883,860224.822922,8.595502235,0.000000,-18221.991932,25674
1733.51,884,860195.656517,8.595211441,0.000000,-23780.593314,25704
1738.20,885,860117.846280,8.594429256,0.000000,-21283.667483,25734
1743.04,886,859943.627708,8.592689178,0.000000,-19928.411445,25764
1747.94,887,859871.665945,8.591970854,0.000000,-18669.241699,25794
1752.70,888,859805.144644,8.591304562,0.000000,-23898.070983,25824
1757.00,889,859729.862430,8.590552458,0.000000,-21222.351881,25854
1761.14,890,859695.400205,8.590207605,0.000000,-18746.348317,25884
1765.69,891,859674.811561,8.590001987,0.000000,-21361.735556,25914
1769.64,892,859645.437579,8.589708807,0.000000,-18995.051121,25944
1774.29,893,859609.219504,8.589346463,0.000000,-24222.317506,25974
1778.47,894,859584.838534,8.589104299,0.000000,-23995.771109,26004
1782.88,895,859535.947721,8.588615790,0.000000,-19773.170968,26034
1787.12,896,859436.954790,8.587627670,0.000000,-21136.479892,26064
1792.14,897,859405.720999,8.587315437,0.000000,-20350.488437,26094
1796.45,898,859372.543540,8.586982726,0.000000,-26032.348663,26124
1807.59,899,859337.602146,8.586633099,0.000000,-20254.202165,26154
1812.41,900,859325.893477,8.586515530,0.000000,-19105.632560,26184
1816.62,901,859272.878584,8.585984041,0.000000,-18303.634149,26214
1821.45,902,859184.319689,8.585093131,0.000000,-21463.253561,26244
1826.13,903,859141.238957,8.584662488,0.000000,-21009.017893,26274
1829.81,904,859106.817743,8.584319668,0.000000,-16787.769362,26304
1834.87,905,859018.576532,8.583439044,0.000000,-17115.006392,26334
1839.20,906,858879.397595,8.582048770,0.000000,-19763.217746,26364
1844.17,907,858686.817382,8.580121918,0.000000,-24205.125842,26394
1848.77,908,858599.706733,8.579252012,0.000000,-17247.061326,26424
1853.31,909,858561.222211,8.578868056,0.000000,-18057.737786,26454
1857.52,910,858529.591243,8.578551645,0.000000,-18927.235352,26484
1863.32,911,858472.251397,8.577978050,0.000000,-17371.068336,26514
1867.54,912,858423.065482,8.577486766,0.000000,-17963.455024,26544
1872.11,913,858372.773482,8.576985377,0.000000,-18770.217387,26574
1877.11,914,858362.422805,8.576882106,0.000000,-16043.631277,26604
1881.61,915,858294.179210,8.576201215,0.000000,-17609.517868,26634
1886.47,916,858145.719992,8.574718381,0.000000,-18538.561229,26664
1891.42,917,857802.664403,8.571286209,0.000000,-23114.138621,26694
1897.05,918,857723.797867,8.570496679,0.000000,-18995.358349,26724
1902.35,919,857400.239149,8.567267892,0.000000,-17394.672165,26754
1907.57,920,857207.743992,8.565338756,0.000000,-24649.221755,26784
1912.92,921,857035.072487,8.563617206,0.000000,-16940.801614,26814
1917.42,922,856841.737042,8.561688191,0.000000,-18119.987601,26844
1922.05,923,856731.241193,8.560581701,0.000000,-17341.515437,26874
1927.22,924,856569.190671,8.558962576,0.000000,-19067.951983,26904
1932.85,925,856448.991522,8.557759554,0.000000,-17190.675132,26934
1937.56,926,856408.864607,8.557356521,0.000000,-15665.321301,26964
1943.53,927,856315.781991,8.556433053,0.000000,-14744.790925,26994
1948.14,928,856212.620564,8.555404194,0.000000,-19576.389281,27024
1953.29,929,856179.086117,8.555066435,0.000000,-17831.301557,27054
1958.12,930,856139.264241,8.554670796,0.000000,-16706.968975,27084
1963.31,931,856112.595068,8.554401847,0.000000,-17998.806106,27114
1970.10,932,856077.209612,8.554049953,0.000000,-14375.523063,27144
1976.52,933,856037.829233,8.553657436,0.000000,-17549.868775,27174
1982.05,934,855970.773328,8.552989879,0.000000,-16407.297246,27204
1986.93,935,855913.408305,8.552412937,0.000000,-18765.872825,27234
1992.23,936,855855.652203,8.551837866,0.000000,-19112.994402,27264
1996.93,937,855706.437147,8.550348251,0.000000,-16577.130397,27294
2001.38,938,855626.704376,8.549552693,0.000000,-17461.412955,27324
2006.02,939,855581.125790,8.549093637,0.000000,-16362.404188,27354
2011.19,940,855450.481206,8.547789820,0.000000,-18302.964982,27384
2016.32,941,855342.905573,8.546720346,0.000000,-19174.083937,27414
2022.32,942,855170.019311,8.544997006,0.000000,-19989.159625,27444
2027.66,943,855072.494277,8.544025631,0.000000,-16602.755438,27474
2032.82,944,855003.396118,8.543334548,0.000000,-16048.446615,27504
2037.99,945,854957.764297,8.542877297,0.000000,-16899.987730,27534
2043.46,946,854890.050738,8.542205567,0.000000,-17031.513252,27564
2048.52,947,854838.472761,8.541689451,0.000000,-20961.733750,27594
2053.68,948,854772.910657,8.541033723,0.000000,-14855.978948,27624
2059.33,949,854704.731634,8.540354651,0.000000,-16034.593762,27654
2065.04,950,854648.170681,8.539789469,0.000000,-20220.678775,27684
2071.45,951,854572.098422,8.539030754,0.000000,-16947.132817,27714
2076.74,952,854546.971792,8.538781078,0.000000,-17425.279267,27744
2082.22,953,854518.387976,8.538495092,0.000000,-15722.008291,27774
2088.09,954,854484.802630,8.538160495,0.000000,-16202.832562,27804
2092.94,955,854441.529662,8.537728878,0.000000,-15371.989513,27834
2098.23,956,854362.118561,8.536935542,0.000000,-19630.498297,27864
2103.46,957,854333.630013,8.536650802,0.000000,-15647.486543,27894
2110.07,958,854314.681621,8.536463174,0.000000,-16936.810877,27924
2116.16,959,854283.711150,8.536155069,0.000000,-18157.613779,27954
2122.18,960,854249.301939,8.535811546,0.000000,-16828.044207,27984
2128.92,961,854224.377843,8.535562343,0.000000,-15715.625172,28014
2134.67,962,854182.664326,8.535143983,0.000000,-18301.712973,28044
2140.22,963,854097.797466,8.534298873,0.000000,-17318.600432,28074
2146.17,964,854023.152755,8.533553940,0.000000,-15275.839822,28104
2151.70,965,853975.033157,8.533073347,0.000000,-17169.280405,28134
2156.44,966,853958.135843,8.532904024,0.000000,-15093.327313,28164
2161.23,967,853900.130255,8.532328066,0.000000,-16708.446118,28194
2166.57,968,853846.710607,8.531796574,0.000000,-16746.681027,28224
2172.44,969,853830.337877,8.531632190,0.000000,-17251.115307,28254
2178.41,970,853740.925821,8.530739239,0.000000,-16826.730223,28284
2183.43,971,853684.107234,8.530170802,0.000000,-15253.832925,28314
2188.11,972,853644.642335,8.529775853,0.000000,-16408.099974,28344
2193.82,973,853561.416353,8.528945193,0.000000,-17442.061942,28374
2199.18,974,853519.285117,8.528525897,0.000000,-18042.920442,28404
2204.49,975,853497.039638,8.528302673,0.000000,-15983.475294,28434
2210.54,976,853480.002248,8.528132981,0.000000,-14505.649003,28464
2217.10,977,853458.068804,8.527913989,0.000000,-15748.614709,28494
2222.12,978,853458.068804,8.527913989,0.000000,-14683.276720,28524
2227.65,979,853439.967610,8.527734186,0.000000,-15718.841541,28554
2233.77,980,853427.502652,8.527609432,0.000000,-14838.511800,28584
2239.67,981,853406.434413,8.527398085,0.000000,-14564.268493,28614
2244.88,982,853363.443405,8.526968547,0.000000,-17266.761729,28644
2250.83,983,853339.149023,8.526725261,0.000000,-16236.393278,28674
2255.83,984,853321.822455,8.526551469,0.000000,-15997.689883,28704
2261.35,985,853299.431459,8.526326575,0.000000,-13442.535953,28734
2267.06,986,853297.936808,8.526312089,0.000000,-14297.200525,28764
2272.30,987,853278.526709,8.526118531,0.000000,-14283.311820,28794
2278.22,988,853254.315753,8.525877187,0.000000,-14323.949237,28824
2284.74,989,853190.379667,8.525238837,0.000000,-16598.918723,28854
2290.48,990,853122.595203,8.524560410,0.000000,-17873.929477,28884
2295.52,991,853107.332410,8.524408478,0.000000,-17396.159648,28914
2300.86,992,853071.085022,8.524047462,0.000000,-14222.699375,28944
2307.14,993,853043.932646,8.523775944,0.000000,-17322.557900,28974
2312.81,994,853025.219706,8.523589274,0.000000,-14242.735996,29004
2318.27,995,852979.256174,8.523131674,0.000000,-16368.514111,29034
2324.37,996,852949.606385,8.522839029,0.000000,-14217.308907,29064
2330.68,997,852920.978582,8.522554070,0.000000,-16374.227383,29094
2336.89,998,852891.719406,8.522263951,0.000000,-14592.429619,29124
2342.47,999,852834.466292,8.521697022,0.000000,-15323.137965,29154
2347.90,1000,852790.371091,8.521257658,0.000000,-15074.865506,29184
2354.43,1001,852746.825640,8.520825966,0.000000,-15909.346752,29214
2359.98,1002,852677.278779,8.520132683,0.000000,-16630.767025,29244
2365.38,1003,852629.601269,8.519656507,0.000000,-15937.568569,29274
2370.84,1004,852629.601269,8.519656507,0.000000,-14742.545786,29304
2375.72,1005,852557.459798,8.518942568,0.000000,-15298.023701,29334
2381.51,1006,852491.635184,8.518288770,0.000000,-15968.488688,29364
2387.51,1007,852439.513654,8.517767077,0.000000,-17410.515893,29394
2393.74,1008,852401.136963,8.517382890,0.000000,-17444.411091,29424
2400.21,1009,852363.187130,8.517003132,0.000000,-17668.404252,29454
2406.03,1010,852348.754670,8.516859936,0.000000,-16852.757092,29484
2411.89,1011,852315.529029,8.516530309,0.000000,-18074.865244,29514
2418.29,1012,852263.313697,8.516015296,0.000000,-17324.534257,29544
2423.56,1013,852243.726024,8.515818419,0.000000,-14074.536595,29574
2429.69,1014,852240.733607,8.515787691,0.000000,-16236.991286,29604
2435.42,1015,852230.483134,8.515687080,0.000000,-14089.508837,29634
2440.94,1016,852214.270669,8.515524091,0.000000,-13292.217748,29664
2446.56,1017,852135.729794,8.514737568,0.000000,-16228.510186,29694
2453.77,1018,852091.811491,8.514299474,0.000000,-14107.914538,29724
2459.77,1019,852067.886257,8.514060011,0.000000,-15312.378649,29754
2465.84,1020,851931.325828,8.512700289,0.000000,-17081.320847,29784
2472.19,1021,851849.101551,8.511878757,0.000000,-17462.947554,29814
2477.64,1022,851808.612599,8.511475612,0.000000,-11906.695184,29844
2485.08,1023,851653.913519,8.509930555,0.000000,-17006.586327,29874
2491.39,1024,851545.317141,8.508843555,0.000000,-15418.058326,29904
2497.90,1025,851426.483026,8.507655130,0.000000,-13044.954510,29934
2503.58,1026,851379.108261,8.507182032,0.000000,-14222.213717,29964
2510.07,1027,851305.043334,8.506445346,0.000000,-15812.751959,29994
2515.49,1028,851236.339380,8.505759963,0.000000,-16309.431376,30024
2521.57,1029,851158.928755,8.504987995,0.000000,-15431.503328,30054
2528.03,1030,851015.206777,8.503549435,0.000000,-15056.863713,30084
2533.99,1031,850935.858900,8.502757491,0.000000,-17088.055812,30086
2539.37,1032,850866.264452,8.502065185,0.000000,-15910.609036,30116
2545.34,1033,850831.694548,8.501721427,0.000000,-16606.498728,30146
2550.81,1034,850807.717314,8.501480485,0.000000,-16276.831356,30176
2556.70,1035,850777.902830,8.501183601,0.000000,-15354.057510,30206
2562.98,1036,850721.087716,8.500612420,0.000000,-15826.434913,30236
2570.06,1037,850672.335556,8.500125445,0.000000,-14325.261021,30266
2576.34,1038,850658.159021,8.499984407,0.000000,-14359.627325,30296
2583.07,1039,850598.578839,8.499384615,0.000000,-16712.023680,30326
2588.61,1040,850526.345310,8.498667755,0.000000,-15438.830205,30356
2594.88,1041,850433.719147,8.497740660,0.000000,-15201.081486,30386
2600.98,1042,850377.526390,8.497181282,0.000000,-14074.797099,30416
2607.39,1043,850272.018000,8.496125162,0.000000,-14702.345495,30446
2613.01,1044,850200.152034,8.495406493,0.000000,-15952.362357,30476
2618.94,1045,850082.256302,8.494223521,0.000000,-14437.194502,30506
2626.01,1046,850016.476852,8.493561263,0.000000,-15047.872811,30536
2632.90,1047,849970.260917,8.493100267,0.000000,-14727.645357,30566
2638.75,1048,849936.419934,8.492757693,0.000000,-12644.158090,30596
2645.85,1049,849726.304990,8.490658685,0.000000,-20297.858916,30626
2653.08,1050,849525.371099,8.488651038,0.000000,-15381.948789,30656
2658.84,1051,849341.962658,8.486825868,0.000000,-14487.274695,30686
2666.66,1052,849246.088203,8.485872558,0.000000,-16125.099753,30716
2673.17,1053,849077.368264,8.484191481,0.000000,-12344.780489,30746
2679.57,1054,848860.472110,8.482026700,0.000000,-17979.261904,30776
2685.48,1055,848768.900094,8.481111283,0.000000,-18625.193733,30806
2690.97,1056,848699.201885,8.480417705,0.000000,-17063.410812,30836
2697.69,1057,848609.422715,8.479527200,0.000000,-18755.897258,30866
2704.75,1058,848563.404692,8.479070406,0.000000,-17754.718464,30896
2712.18,1059,848514.528113,8.478582513,0.000000,-14072.923286,30926
2720.81,1060,848453.939325,8.477976757,0.000000,-14761.901266,30956
2727.54,1061,848393.504027,8.477372358,0.000000,-12993.339487,30986
2733.70,1062,848302.887357,8.476468281,0.000000,-14517.156631,31016
2739.79,1063,848151.137292,8.474955608,0.000000,-14801.540794,31046
2746.16,1064,847887.334029,8.472319541,0.000000,-16537.299541,31076
2752.79,1065,847815.893932,8.471608023,0.000000,-15080.178233,31106
2758.96,1066,847647.322003,8.469918055,0.000000,-15075.687065,31136
2765.25,1067,847607.373239,8.469520121,0.000000,-15284.720980,31166
2771.71,1068,847562.645623,8.469072555,0.000000,-14282.443772,31196
2779.41,1069,847533.181382,8.468776737,0.000000,-14700.766418,31226
2787.47,1070,847471.611897,8.468161386,0.000000,-13327.464742,31256
2793.88,1071,847365.983376,8.467105948,0.000000,-12861.333708,31286
2800.53,1072,847295.521662,8.466402929,0.000000,-15871.159789,31316
2806.63,1073,847232.032135,8.465766279,0.000000,-13937.125443,31346
2812.24,1074,847168.052125,8.465128247,0.000000,-16988.999974,31376
2818.64,1075,847078.268423,8.464232307,0.000000,-12918.941179,31406
2826.46,1076,847040.551536,8.463853727,0.000000,-15859.058108,31436
2833.07,1077,847009.326483,8.463540827,0.000000,-13402.548056,31466
2839.41,1078,846927.630406,8.462725711,0.000000,-12503.065580,31496
2846.81,1079,846899.345599,8.462442667,0.000000,-15522.888963,31526
2854.02,1080,846884.511426,8.462294859,0.000000,-11185.471339,31556
2861.40,1081,846851.211198,8.461962566,0.000000,-14925.377730,31586
2867.88,1082,846825.099997,8.461701473,0.000000,-14511.531572,31616
2874.83,1083,846775.941003,8.461208967,0.000000,-14708.404746,31646
2881.15,1084,846701.703178,8.460466401,0.000000,-12456.890038,31676
2886.68,1085,846671.378183,8.460165449,0.000000,-12337.633887,31706
2894.06,1086,846637.573818,8.459828664,0.000000,-14533.302220,31736
2900.30,1087,846602.549932,8.459476786,0.000000,-14731.912642,31766
2907.38,1088,846593.519521,8.459386787,0.000000,-11934.199617,31796
2915.21,1089,846511.683419,8.458570653,0.000000,-15399.068505,31826
2922.61,1090,846454.536940,8.457999241,0.000000,-14242.108349,31856
2928.39,1091,846363.940117,8.457096077,0.000000,-15596.058942,31886
2934.44,1092,846293.605924,8.456392528,0.000000,-13930.673036,31916
2940.68,1093,846247.093004,8.455931032,0.000000,-13944.124156,31946
2946.75,1094,846149.861668,8.454969977,0.000000,-14807.186730,31976
2953.02,1095,846039.146021,8.453864636,0.000000,-17378.703147,32006
2959.32,1096,846004.214303,8.453518982,0.000000,-16159.203486,32036
2965.72,1097,845918.434035,8.452656086,0.000000,-13989.015279,32066
2972.20,1098,845846.796823,8.451944436,0.000000,-13769.524207,32096
2978.14,1099,845798.552329,8.451462995,0.000000,-12616.703830,32126
2984.48,1100,845719.980057,8.450677737,0.000000,-13459.300980,32156
2991.65,1101,845651.487701,8.449991976,0.000000,-15061.463215,32186
2999.24,1102,845582.770766,8.449305467,0.000000,-12844.034152,32216
3006.71,1103,845516.736709,8.448642480,0.000000,-12820.740391,32246
3012.60,1104,845478.271951,8.448260049,0.000000,-12486.785016,32276
3019.38,1105,845456.518783,8.448041409,0.000000,-10965.492100,32306
3025.77,1106,845387.241489,8.447347067,0.000000,-12196.803062,32336
3033.38,1107,845310.645081,8.446582585,0.000000,-14627.779763,32366
3040.53,1108,845268.869047,8.446163494,0.000000,-13063.491869,32396
3048.24,1109,845226.295971,8.445736258,0.000000,-11388.558592,32426
3056.39,1110,845221.418963,8.445688105,0.000000,-10893.920163,32456
3064.23,1111,845111.360893,8.444587341,0.000000,-13865.824641,32486
3071.69,1112,845061.928412,8.444094480,0.000000,-11360.090131,32516
3078.91,1113,844971.799302,8.443194648,0.000000,-15627.937358,32546
3085.37,1114,844943.853294,8.442916734,0.000000,-11779.502028,32576
3092.49,1115,844913.439462,8.442614413,0.000000,-10851.487239,32606
3100.16,1116,844818.440376,8.441666415,0.000000,-12622.997204,32636
3106.64,1117,844818.440376,8.441666415,0.000000,-11447.289889,32666
3112.31,1118,844719.863388,8.440688678,0.000000,-13482.746704,32696
3118.41,1119,844642.037896,8.439913028,0.000000,-14696.973193,32726
3124.76,1120,844545.421623,8.438943928,0.000000,-13292.093173,32756
3132.41,1121,844544.218870,8.438932928,0.000000,-13118.033423,32786
3139.11,1122,844434.487892,8.437843936,0.000000,-12183.276655,32816
3146.32,1123,844380.306152,8.437300826,0.000000,-11819.367605,32846
3153.24,1124,844315.568177,8.436654057,0.000000,-12890.360233,32876
3159.86,1125,844283.276980,8.436331427,0.000000,-12599.841403,32906
3166.00,1126,844241.867216,8.435917604,0.000000,-10909.112782,32936
3172.28,1127,844220.033115,8.435701812,0.000000,-11578.315282,32966
3178.85,1128,844220.033115,8.435701812,0.000000,-11330.776779,32996
3185.43,1129,844170.917146,8.435212899,0.000000,-12545.163160,33026
3192.97,1130,844143.845901,8.434942865,0.000000,-13185.858539,33056
3199.32,1131,844137.726902,8.434880988,0.000000,-12567.280300,33086
3206.19,1132,844124.828914,8.434751894,0.000000,-12968.838774,33116
3212.61,1133,844053.633694,8.434041437,0.000000,-11330.353295,33146
3220.33,1134,843925.484231,8.432762271,0.000000,-11118.250898,33176
3228.71,1135,843877.002513,8.432276661,0.000000,-11884.249200,33206
3235.74,1136,843860.771423,8.432115954,0.000000,-13679.633654,33236
3243.16,1137,843814.674881,8.431658091,0.000000,-12054.477995,33266
3250.50,1138,843735.638060,8.430868601,0.000000,-16217.189847,33296
3257.09,1139,843711.996398,8.430632713,0.000000,-11959.726779,33326
3263.35,1140,843563.487405,8.429147060,0.000000,-12929.257506,33356
3270.15,1141,843440.866277,8.427919865,0.000000,-11234.456182,33386
3278.05,1142,843300.475653,8.426524416,0.000000,-11948.966877,33416
3285.50,1143,843158.487562,8.425103584,0.000000,-12294.983702,33446
3292.22,1144,843068.827350,8.424206035,0.000000,-13745.359688,33476
3302.29,1145,843049.710374,8.424015326,0.000000,-10896.755985,33506
3309.82,1146,842959.812662,8.423118212,0.000000,-12275.537683,33536
3318.27,1147,842897.874262,8.422496742,0.000000,-12388.444969,33566
3325.67,1148,842864.636407,8.422166916,0.000000,-12381.293641,33596
3332.89,1149,842820.287740,8.421722109,0.000000,-11586.653205,33626
3339.84,1150,842805.003279,8.421569972,0.000000,-11312.799800,33656
3346.88,1151,842805.003279,8.421569972,0.000000,-9634.360631,33686
3353.73,1152,842773.737500,8.421258798,0.000000,-12339.744044,33716
3360.21,1153,842773.737500,8.421258798,0.000000,-11140.809228,33746
3367.58,1154,842758.240047,8.421103356,0.000000,-10762.715174,33776
3375.15,1155,842719.939403,8.420720334,0.000000,-12500.654262,33806
3382.58,1156,842687.575177,8.420396853,0.000000,-12259.270491,33836
3389.21,1157,842676.703233,8.420288281,0.000000,-12970.696518,33866
3395.34,1158,842657.785371,8.420100072,0.000000,-11469.741140,33896
3402.23,1159,842651.576803,8.420037852,0.000000,-11055.185666,33926
3409.75,1160,842636.222305,8.419884013,0.000000,-12042.410835,33956
3416.33,1161,842604.564977,8.419566871,0.000000,-10942.262828,33986
3424.01,1162,842586.036861,8.419381524,0.000000,-13244.161057,34016
3430.77,1163,842549.913557,8.419021918,0.000000,-10641.938921,34046
3439.04,1164,842507.881136,8.418601609,0.000000,-11907.859810,34076
3447.27,1165,842426.851886,8.417796877,0.000000,-11521.503748,34106
3455.66,1166,842400.886169,8.417539353,0.000000,-12384.808866,34136
3462.50,1167,842353.816003,8.417068269,0.000000,-10812.512923,34166
3470.22,1168,842338.316635,8.416914776,0.000000,-10077.260083,34196
3479.38,1169,842274.603665,8.416279164,0.000000,-13631.701507,34226
3487.82,1170,842245.309595,8.415988466,0.000000,-12383.610663,34256
3496.65,1171,842181.046986,8.415346363,0.000000,-11152.712522,34286
3503.98,1172,842153.863448,8.415076586,0.000000,-11892.913835,34316
3511.10,1173,842122.067670,8.414760049,0.000000,-10341.552999,34346
3519.24,1174,842101.227179,8.414552657,0.000000,-9911.457067,34376
3526.53,1175,842084.087984,8.414382976,0.000000,-10358.830638,34406
3534.74,1176,842028.383346,8.413824013,0.000000,-13576.360940,34436
3541.89,1177,841975.572802,8.413300349,0.000000,-10517.072577,34466
3549.00,1178,841941.450750,8.412960398,0.000000,-11541.797322,34496
3556.15,1179,841921.710420,8.412766265,0.000000,-11861.981626,34526
3562.89,1180,841866.372879,8.412213542,0.000000,-11132.876573,34556
3569.96,1181,841845.051060,8.412005895,0.000000,-12094.023706,34586
3576.96,1182,841784.034809,8.411397475,0.000000,-10935.907445,34616
3585.18,1183,841743.515108,8.410991192,0.000000,-11232.941590,34646
3591.96,1184,841723.946331,8.410797352,0.000000,-10358.648696,34676
3599.64,1185,841705.264595,8.410611395,0.000000,-12138.393595,34706
3611.05,1186,841697.781417,8.410537255,0.000000,-10959.455216,34736
3618.21,1187,841682.873553,8.410388481,0.000000,-11247.979497,34766
3625.65,1188,841644.313643,8.410005722,0.000000,-12942.178953,34796
3635.72,1189,841602.511464,8.409588883,0.000000,-13318.677886,34826
3642.61,1190,841585.179041,8.409418302,0.000000,-11345.942400,34856
3651.45,1191,841536.945449,8.408941081,0.000000,-11557.666661,34886
3658.40,1192,841464.655303,8.408226570,0.000000,-13184.491483,34916
3665.19,1193,841387.045682,8.407453526,0.000000,-10928.263108,34946
3672.10,1194,841376.289651,8.407346296,0.000000,-11199.397911,34976
3680.47,1195,841344.433467,8.407027228,0.000000,-12555.506920,35006
3687.60,1196,841332.368025,8.406907497,0.000000,-10244.171477,35036
3694.03,1197,841332.289915,8.406906851,0.000000,-9555.718434,35066
3701.36,1198,841324.861802,8.406834205,0.000000,-9117.330503,35096
3707.96,1199,841305.266342,8.406639001,0.000000,-10708.298242,35126
3715.05,1200,841274.024448,8.406327730,0.000000,-9062.673487,35156
3721.18,1201,841157.590629,8.405174781,0.000000,-11436.290713,35186
3727.84,1202,841150.216928,8.405102055,0.000000,-11522.323455,35188
3736.07,1203,841126.546159,8.404865303,0.000000,-12837.090506,35218
3742.38,1204,841034.899536,8.403954203,0.000000,-11552.138478,35248
3749.39,1205,840966.277687,8.403266364,0.000000,-12780.082156,35278
3755.83,1206,840899.673124,8.402598433,0.000000,-10024.627271,35308
3762.12,1207,840888.754088,8.402485962,0.000000,-12100.329555,35338
3768.00,1208,840832.562239,8.401921345,0.000000,-11450.011212,35340
3773.76,1209,840785.266638,8.401449486,0.000000,-11443.802610,35370
3780.24,1210,840747.285935,8.401075278,0.000000,-11081.090605,35400
3787.41,1211,840703.061201,8.400632273,0.000000,-10530.435189,35430
3795.05,1212,840632.252424,8.399928315,0.000000,-14228.282224,35460
3801.70,1213,840553.490755,8.399146353,0.000000,-12046.226332,35490
3807.22,1214,840516.006625,8.398769989,0.000000,-12933.255755,35520
3813.82,1215,840490.754163,8.398520468,0.000000,-12647.533555,35550
3820.35,1216,840490.754163,8.398520468,0.000000,-9980.809230,35580
3827.73,1217,840468.975079,8.398302838,0.000000,-10114.927788,35610
3835.08,1218,840402.178054,8.397637698,0.000000,-12190.500037,35640
3841.04,1219,840352.427455,8.397143049,0.000000,-11568.837607,35670
3849.39,1220,840317.791330,8.396798793,0.000000,-11932.259008,35700
3856.21,1221,840290.897287,8.396532977,0.000000,-9195.020204,35730
3863.30,1222,840257.586008,8.396201051,0.000000,-9943.108169,35760
3869.66,1223,840246.913887,8.396094731,0.000000,-9575.298073,35790
3876.29,1224,840205.785452,8.395684819,0.000000,-9392.000894,35820
3883.56,1225,840182.809814,8.395456876,0.000000,-11245.459655,35850
3890.32,1226,840180.112600,8.395430728,0.000000,-11696.443677,35880
3897.97,1227,840176.151980,8.395391711,0.000000,-8559.674075,35910
3906.82,1228,840155.882245,8.395187558,0.000000,-10036.848271,35940
3914.91,1229,840121.102994,8.394842110,0.000000,-10919.847960,35970
3923.62,1230,840109.062328,8.394719423,0.000000,-9232.233724,36000
3930.40,1231,840047.097150,8.394097548,0.000000,-9307.022231,36030
3938.32,1232,840033.448400,8.393960392,0.000000,-11114.808945,36060
3945.10,1233,840007.048295,8.393697974,0.000000,-10275.791655,36090
3952.89,1234,839953.712418,8.393167491,0.000000,-10056.353230,36120
3959.83,1235,839906.231013,8.392695300,0.000000,-12805.982569,36150
3970.00,1236,839833.629906,8.391973516,0.000000,-12014.995791,36180
3976.84,1237,839775.448244,8.391395846,0.000000,-14167.355681,36210
3983.80,1238,839724.626846,8.390889456,0.000000,-11238.239399,36240
3991.27,1239,839654.380266,8.390189606,0.000000,-10848.719984,36270
4000.30,1240,839646.515794,8.390110179,0.000000,-11304.370304,36300
4007.34,1241,839613.283651,8.389779981,0.000000,-11779.992632,36330
4015.06,1242,839613.121411,8.389778324,0.000000,-9755.949638,36360
4022.74,1243,839574.492713,8.389392906,0.000000,-11165.304584,36390
4031.20,1244,839553.468919,8.389183648,0.000000,-11475.513672,36420
4037.77,1245,839549.014080,8.389139333,0.000000,-9099.564609,36450
4043.82,1246,839507.122335,8.388723210,0.000000,-11239.550021,36480
4051.66,1247,839460.968120,8.388260344,0.000000,-11712.435496,36510
4058.62,1248,839414.347143,8.387798890,0.000000,-9975.128640,36540
4066.78,1249,839383.022123,8.387487191,0.000000,-9623.096132,36570
4073.34,1250,839383.022123,8.387487191,0.000000,-9484.172640,36600
4081.08,1251,839365.985918,8.387316950,0.000000,-12512.097465,36630
4088.67,1252,839334.548204,8.387001347,0.000000,-9869.448849,36660
4096.16,1253,839312.939785,8.386787417,0.000000,-12199.024967,36690
4104.88,1254,839285.913002,8.386515653,0.000000,-9758.334175,36720
4111.50,1255,839263.482302,8.386291196,0.000000,-10697.425046,36750
4117.69,1256,839249.210151,8.386148048,0.000000,-9840.701588,36780
4123.80,1257,839248.032027,8.386136440,0.000000,-12167.397318,36810
4131.33,1258,839246.165190,8.386117622,0.000000,-8421.851634,36840
4138.94,1259,839236.694787,8.386023355,0.000000,-9259.865949,36870
4145.43,1260,839224.091648,8.385897512,0.000000,-9465.822498,36900
4153.38,1261,839193.695917,8.385594981,0.000000,-10220.822140,36930
4160.87,1262,839183.369236,8.385493198,0.000000,-8601.497779,36960
4168.00,1263,839145.765016,8.385118763,0.000000,-11356.587066,36990
4174.80,1264,839144.423000,8.385105668,0.000000,-11408.116090,37020
4181.60,1265,839129.053238,8.384951619,0.000000,-11928.647167,37050
4188.47,1266,839115.674702,8.384818798,0.000000,-11944.856080,37080
4196.17,1267,839115.238124,8.384814581,0.000000,-9635.661458,37110
4203.43,1268,839108.609560,8.384747760,0.000000,-10183.658610,37140
4209.84,1269,839107.911108,8.384740886,0.000000,-9949.374888,37170
4216.87,1270,839092.024067,8.384581744,0.000000,-11338.142474,37200
4224.48,1271,839082.515772,8.384486955,0.000000,-9019.556119,37230
4231.80,1272,839056.157755,8.384222281,0.000000,-10133.123402,37260
4239.31,1273,839022.039704,8.383877308,0.000000,-9382.937201,37290
4246.83,1274,838984.414155,8.383500344,0.000000,-9427.764944,37320
4254.52,1275,838984.342618,8.383499657,0.000000,-8753.799775,37350
4261.95,1276,838958.686458,8.383244132,0.000000,-9317.094313,37380
4268.46,1277,838887.479288,8.382534254,0.000000,-9882.851530,37410
4276.46,1278,838885.601794,8.382514427,0.000000,-8964.631224,37440
4284.54,1279,838837.104685,8.382029276,0.000000,-9133.025232,37470
4291.53,1280,838791.847518,8.381580363,0.000000,-9492.596730,37500
4298.52,1281,838718.604637,8.380847568,0.000000,-9449.032482,37530
4304.94,1282,838716.597343,8.380828545,0.000000,-9670.161818,37560
4312.09,1283,838713.896109,8.380802465,0.000000,-8448.444325,37590
4318.97,1284,838691.880708,8.380581421,0.000000,-9959.568431,37620
4327.65,1285,838669.130669,8.380352887,0.000000,-10729.269212,37622
4335.63,1286,838659.720376,8.380258155,0.000000,-9265.640171,37652
4342.90,1287,838652.270215,8.380184583,0.000000,-8045.290643,37682
4350.95,1288,838608.672936,8.379747642,0.000000,-10065.239503,37712
4358.02,1289,838568.576661,8.379349551,0.000000,-10116.368738,37742
4364.94,1290,838511.049642,8.378773252,0.000000,-10856.998953,37772
4373.21,1291,838474.710065,8.378410806,0.000000,-8544.171026,37802
4381.06,1292,838440.569230,8.378068187,0.000000,-9883.506579,37832
4390.07,1293,838370.227646,8.377363642,0.000000,-10114.268275,37862
4398.02,1294,838311.090863,8.376773222,0.000000,-8329.653190,37892
4406.01,1295,838225.268971,8.375914753,0.000000,-10297.979670,37922
4414.97,1296,838223.403442,8.375895979,0.000000,-9631.914106,37952
4423.49,1297,838154.679135,8.375204653,0.000000,-8345.077499,37982
4431.45,1298,838140.003716,8.375059222,0.000000,-10026.878040,38012
4438.40,1299,838086.036224,8.374522769,0.000000,-9365.433336,38042
4446.24,1300,838075.571539,8.374423224,0.000000,-8163.426084,38072
4453.22,1301,838066.751888,8.374334071,0.000000,-7773.242786,38102
4460.76,1302,838024.957179,8.373917496,0.000000,-10640.445635,38132
4469.58,1303,837956.701330,8.373236016,0.000000,-10144.567880,38162
4477.72,1304,837928.604669,8.372957086,0.000000,-8670.098102,38192
4486.22,1305,837858.087551,8.372254689,0.000000,-9962.123746,38222
4494.95,1306,837826.355512,8.371936581,0.000000,-9905.765181,38252
4502.92,1307,837792.126095,8.371594330,0.000000,-9154.480477,38282
4513.41,1308,837764.558796,8.371320661,0.000000,-9019.854053,38312
4524.00,1309,837744.545870,8.371119494,0.000000,-7817.952498,38342
4533.08,1310,837744.545870,8.371119494,0.000000,-7632.308319,38372
4541.23,1311,837706.169260,8.370739451,0.000000,-9182.101884,38402
4550.57,1312,837691.991164,8.370597767,0.000000,-8444.541167,38432
4558.74,1313,837642.641513,8.370105584,0.000000,-8908.925360,38462
4566.43,1314,837642.641513,8.370105584,0.000000,-8314.836866,38492
4574.31,1315,837606.554764,8.369745984,0.000000,-9874.811755,38522
4583.59,1316,837531.473807,8.369000090,0.000000,-9011.701205,38552
4592.62,1317,837530.179199,8.368986286,0.000000,-8461.779092,38582
4601.43,1318,837479.607225,8.368480551,0.000000,-8912.359406,38612
4611.04,1319,837428.008256,8.367966306,0.000000,-8932.655544,38642
4619.18,1320,837371.648094,8.367405552,0.000000,-8887.349256,38672
4626.77,1321,837355.451535,8.367246184,0.000000,-9776.780392,38702
4635.50,1322,837339.098601,8.367083379,0.000000,-8317.897742,38732
4643.41,1323,837315.844666,8.366852055,0.000000,-8501.026671,38762
4653.53,1324,837267.328724,8.366367113,0.000000,-9621.828738,38792
4661.39,1325,837229.333919,8.365986080,0.000000,-9775.623578,38822
4669.11,1326,837207.731543,8.365772451,0.000000,-9197.243455,38852
4676.99,1327,837172.289101,8.365417638,0.000000,-9027.670788,38882
4684.74,1328,837150.368065,8.365198873,0.000000,-11349.891935,38912
4693.27,1329,837140.200982,8.365096413,0.000000,-8470.435899,38942
4703.39,1330,837110.485181,8.364799286,0.000000,-8666.824298,38972
4712.37,1331,837095.235021,8.364645555,0.000000,-8257.578896,39002
4720.54,1332,837058.298892,8.364276168,0.000000,-10947.628617,39032
4728.46,1333,837019.100449,8.363882481,0.000000,-7586.744238,39062
4735.78,1334,837012.209204,8.363814520,0.000000,-7566.681406,39092
4744.25,1335,837008.486278,8.363777298,0.000000,-7873.976493,39122
4752.88,1336,837004.332349,8.363736287,0.000000,-7625.748341,39152
4761.01,1337,836993.689406,8.363629082,0.000000,-8964.870787,39182
4768.21,1338,836991.039804,8.363602898,0.000000,-8356.362339,39212
4775.73,1339,836982.947465,8.363522388,0.000000,-7672.248225,39242
4784.00,1340,836953.469744,8.363228443,0.000000,-10114.284433,39272
4792.51,1341,836881.837487,8.362513983,0.000000,-10394.406970,39302
4800.96,1342,836845.304293,8.362150037,0.000000,-8608.541282,39332
4812.05,1343,836830.148257,8.361998569,0.000000,-7234.194781,39362
4820.59,1344,836778.427945,8.361477114,0.000000,-9002.177637,39392
4828.05,1345,836763.487117,8.361329342,0.000000,-9784.238199,39422
4837.16,1346,836735.865206,8.361052221,0.000000,-7638.920615,39452
4844.95,1347,836678.300340,8.360478861,0.000000,-7618.912755,39482
4852.73,1348,836629.835112,8.359991854,0.000000,-9386.559018,39512
4861.33,1349,836592.591516,8.359619643,0.000000,-8830.115639,39542
4869.57,1350,836554.628603,8.359243884,0.000000,-10485.808387,39572
4879.82,1351,836497.232768,8.358667204,0.000000,-9999.638007,39602
4887.19,1352,836459.787799,8.358292480,0.000000,-8336.457535,39632
4894.89,1353,836429.747270,8.357989867,0.000000,-11178.150424,39662
4903.77,1354,836416.513977,8.357858929,0.000000,-10249.165980,39692
4912.31,1355,836312.727233,8.356817549,0.000000,-9558.946801,39722
4920.02,1356,836277.523287,8.356463313,0.000000,-9585.183700,39752
4928.21,1357,836276.237281,8.356449826,0.000000,-7343.211716,39782
4937.24,1358,836271.803746,8.356402985,0.000000,-9900.358600,39812
4945.98,1359,836271.361675,8.356398587,0.000000,-7900.329871,39842
4955.44,1360,836244.518449,8.356130317,0.000000,-7865.712550,39872
4964.66,1361,836235.423256,8.356039627,0.000000,-9184.333883,39902
4972.12,1362,836215.003110,8.355836373,0.000000,-8282.192962,39932
4980.43,1363,836172.321566,8.355407034,0.000000,-9767.681274,39962
4991.36,1364,836172.321566,8.355407034,0.000000,-8306.647486,39992
5000.39,1365,836107.492822,8.354758588,0.000000,-7460.773507,40022
5009.35,1366,836077.998310,8.354462573,0.000000,-8122.936407,40052
5017.07,1367,836041.255570,8.354096356,0.000000,-8688.004563,40082
5025.32,1368,836027.976726,8.353962191,0.000000,-6337.359577,40112
5034.20,1369,836000.458898,8.353685957,0.000000,-7746.894641,40142
5042.62,1370,835979.150684,8.353474306,0.000000,-7250.369057,40172
5051.08,1371,835968.019358,8.353363314,0.000000,-8127.638419,40202
5059.78,1372,835965.378372,8.353336913,0.000000,-8346.854766,40232
5068.40,1373,835962.138533,8.353305102,0.000000,-6690.341307,40262
5076.77,1374,835962.138533,8.353305102,0.000000,-6195.936957,40292
5085.83,1375,835948.578975,8.353171599,0.000000,-7472.208907,40322
5095.30,1376,835948.578975,8.353171599,0.000000,-8067.965364,40352
5103.28,1377,835945.919727,8.353144440,0.000000,-6568.471547,40382
5111.25,1378,835939.399060,8.353079614,0.000000,-7443.774510,40412
5120.13,1379,835896.984343,8.352657853,0.000000,-8641.344921,40442
5129.48,1380,835884.209554,8.352530011,0.000000,-7317.084206,40472
5137.18,1381,835876.944356,8.352457536,0.000000,-7123.666181,40502
5147.43,1382,835819.106756,8.351877447,0.000000,-7654.039472,40532
5156.11,1383,835818.572339,8.351872237,0.000000,-7669.278774,40562
5164.21,1384,835795.270266,8.351638406,0.000000,-8654.865155,40592
5172.19,1385,835766.084632,8.351346497,0.000000,-8618.549605,40622
5179.75,1386,835718.816596,8.350871292,0.000000,-10674.302888,40652
5189.33,1387,835716.175008,8.350843676,0.000000,-9782.882600,40682
5197.76,1388,835716.129199,8.350843717,0.000000,-8221.352281,40712
5205.85,1389,835648.349998,8.350160701,0.000000,-9286.296841,40742
5214.16,1390,835614.832856,8.349824956,0.000000,-7891.506825,40772
5222.41,1391,835579.802690,8.349475347,0.000000,-7577.195451,40802
5232.70,1392,835579.802690,8.349475347,0.000000,-7207.126698,40832
5241.79,1393,835572.379517,8.349399909,0.000000,-6684.421391,40862
5251.15,1394,835549.741659,8.349170410,0.000000,-7538.174913,40892
5258.97,1395,835522.052715,8.348893649,0.000000,-8481.018217,40922
5269.33,1396,835522.052715,8.348893649,0.000000,-7796.349814,40952
5278.75,1397,835519.996038,8.348873201,0.000000,-6106.838861,40982
5287.84,1398,835502.290492,8.348694510,0.000000,-7104.099882,41012
5296.26,1399,835497.393351,8.348646378,0.000000,-6616.865276,41042
5304.66,1400,835487.506060,8.348548534,0.000000,-6102.784772,41072
5313.20,1401,835464.071581,8.348312288,0.000000,-6947.742623,41074
5321.40,1402,835438.971803,8.348061073,0.000000,-8209.731620,41104
5330.59,1403,835416.072831,8.347833066,0.000000,-6781.078440,41134
5339.68,1404,835406.239177,8.347735184,0.000000,-7789.314939,41164
5348.44,1405,835406.239177,8.347735184,0.000000,-6963.294448,41194
5358.87,1406,835406.239177,8.347735184,0.000000,-6656.185669,41224
5366.44,1407,835348.653872,8.347159199,0.000000,-7956.265087,41254
5375.60,1408,835298.858883,8.346660264,0.000000,-7703.316038,41284
5384.23,1409,835295.648671,8.346627402,0.000000,-6653.027852,41314
5392.57,1410,835253.532919,8.346206392,0.000000,-8123.330541,41344
5402.44,1411,835250.556594,8.346176796,0.000000,-7043.845787,41374
5410.52,1412,835229.496367,8.345967664,0.000000,-8345.433817,41404
5418.09,1413,835198.029010,8.345651248,0.000000,-7292.781066,41434
5425.95,1414,835180.031186,8.345471523,0.000000,-6340.210749,41464
5434.36,1415,835171.266813,8.345383501,0.000000,-6445.820629,41494
5441.38,1416,835139.449652,8.345067237,0.000000,-8013.222559,41524
5450.82,1417,835114.174338,8.344813426,0.000000,-7203.761205,41554
5459.32,1418,835110.441191,8.344776772,0.000000,-6954.824873,41584
5466.36,1419,835094.246574,8.344614971,0.000000,-7216.851465,41614
5475.18,1420,835079.544212,8.344465803,0.000000,-6802.334106,41644
5484.36,1421,835054.218727,8.344214548,0.000000,-7189.139687,41674
5493.45,1422,835047.850479,8.344151554,0.000000,-7078.137991,41704
5501.90,1423,835029.958780,8.343973107,0.000000,-6108.582576,41734
5510.57,1424,834997.846542,8.343650303,0.000000,-8099.000465,41764
5518.25,1425,834962.500846,8.343292804,0.000000,-9286.346696,41794
5527.43,1426,834962.329556,8.343291082,0.000000,-8095.207092,41824
5536.18,1427,834962.329556,8.343291082,0.000000,-8355.742442,41854
5545.81,1428,834961.202347,8.343279666,0.000000,-7329.557067,41856
5554.93,1429,834952.401022,8.343190350,0.000000,-6548.333893,41886
5562.97,1430,834935.947141,8.343026439,0.000000,-6948.473106,41916
5572.40,1431,834931.913819,8.342986457,0.000000,-5736.969520,41946
5580.93,1432,834897.151863,8.342638232,0.000000,-7267.761985,41948
5588.37,1433,834895.487195,8.342621818,0.000000,-7184.122268,41978
5598.17,1434,834887.845309,8.342545315,0.000000,-6894.645894,42008
5607.49,1435,834883.240718,8.342499451,0.000000,-7032.266139,42038
5617.21,1436,834876.984499,8.342436174,0.000000,-6208.049953,42068
5625.51,1437,834862.102663,8.342285045,0.000000,-7851.968579,42098
5633.51,1438,834842.138019,8.342088284,0.000000,-7196.440188,42128
5642.99,1439,834841.372458,8.342080480,0.000000,-7787.254314,42158
5653.22,1440,834826.036604,8.341925878,0.000000,-6749.097254,42188
5662.47,1441,834783.868515,8.341505116,0.000000,-7228.252685,42218
5674.27,1442,834755.133373,8.341217763,0.000000,-7365.698608,42248
5682.99,1443,834740.104673,8.341067720,0.000000,-6428.357104,42278
5691.32,1444,834729.423213,8.340959638,0.000000,-7436.151175,42308
5702.38,1445,834725.333073,8.340918076,0.000000,-6510.340709,42338
5712.08,1446,834702.816176,8.340690411,0.000000,-7861.235947,42368
5719.96,1447,834699.942375,8.340661395,0.000000,-6382.070900,42398
5728.09,1448,834683.546165,8.340497897,0.000000,-8598.971769,42428
5738.10,1449,834670.696920,8.340369257,0.000000,-8210.517480,42458
5748.16,1450,834655.795250,8.340219434,0.000000,-7769.785605,42488
5755.62,1451,834652.443707,8.340186545,0.000000,-7722.484379,42518
5765.73,1452,834651.360232,8.340175952,0.000000,-6193.063403,42548
5776.20,1453,834651.360232,8.340175952,0.000000,-6154.457473,42578
5786.40,1454,834642.235506,8.340084428,0.000000,-7854.289394,42608
5794.68,1455,834641.132100,8.340073600,0.000000,-5487.964341,42638
5802.68,1456,834581.227426,8.339476833,0.000000,-7021.242543,42668
5812.09,1457,834581.227426,8.339476833,0.000000,-6864.794134,42698
5821.38,1458,834576.634003,8.339431719,0.000000,-7724.622859,42728
5829.36,1459,834564.793541,8.339314054,0.000000,-7572.239293,42758
5838.96,1460,834564.793541,8.339314054,0.000000,-8264.752555,42788
5847.40,1461,834564.616917,8.339312406,0.000000,-7826.152494,42818
5854.64,1462,834563.533752,8.339301854,0.000000,-6708.776072,42848
5865.83,1463,834556.172790,8.339228917,0.000000,-7322.157438,42878
5876.14,1464,834521.700981,8.338885169,0.000000,-6828.301592,42908
5885.62,1465,834495.915993,8.338625953,0.000000,-6805.317116,42938
5895.09,1466,834469.437089,8.338357656,0.000000,-6626.680142,42968
5903.02,1467,834450.913458,8.338175472,0.000000,-7357.308724,42998
5911.86,1468,834412.127821,8.337785946,0.000000,-7093.244924,43028
5920.64,1469,834381.329360,8.337476819,0.000000,-7919.338016,43058
5931.32,1470,834375.795430,8.337419586,0.000000,-6388.716840,43088
5940.20,1471,834373.407211,8.337395117,0.000000,-7052.179314,43118
5948.82,1472,834373.407211,8.337395117,0.000000,-6020.390539,43148
5957.97,1473,834350.231056,8.337163397,0.000000,-6322.610016,43178
5967.37,1474,834336.741346,8.337027935,0.000000,-6948.218174,43208
5977.53,1475,834332.696065,8.336986965,0.000000,-5961.735053,43238
5986.23,1476,834325.132770,8.336912434,0.000000,-5811.509608,43268
5995.14,1477,834311.329888,8.336774255,0.000000,-5505.387859,43298
6003.80,1478,834302.646560,8.336686449,0.000000,-6244.112971,43328
6013.97,1479,834302.646560,8.336686449,0.000000,-6203.293670,43358
6021.48,1480,834300.804404,8.336668450,0.000000,-5267.948910,43388
6031.11,1481,834291.904779,8.336579498,0.000000,-5887.800876,43418
6041.74,1482,834290.051396,8.336560247,0.000000,-5058.229607,43448
6050.00,1483,834269.407495,8.336350685,0.000000,-5709.667879,43478
6058.76,1484,834264.263927,8.336297974,0.000000,-6098.465500,43508
6067.60,1485,834234.465836,8.335998072,0.000000,-6418.852849,43538
6075.97,1486,834220.703424,8.335860078,0.000000,-6442.825057,43568
6084.94,1487,834211.608329,8.335769078,0.000000,-5656.243715,43598
6094.71,1488,834205.762756,8.335709254,0.000000,-5860.108704,43628
6103.13,1489,834205.762756,8.335709254,0.000000,-4806.357195,43658
6112.86,1490,834205.762756,8.335709254,0.000000,-4677.460731,43688
6122.08,1491,834203.373866,8.335685205,0.000000,-5567.098555,43718
6131.65,1492,834195.567100,8.335607174,0.000000,-6662.752059,43748
6141.91,1493,834195.567100,8.335607174,0.000000,-5875.899516,43778
6150.53,1494,834178.042028,8.335430705,0.000000,-6052.540210,43808
6159.03,1495,834161.110159,8.335264233,0.000000,-4912.375331,43838
6168.72,1496,834149.810205,8.335148920,0.000000,-6566.593432,43868
6177.50,1497,834149.810205,8.335148920,0.000000,-7618.284212,43898
6186.52,1498,834138.819110,8.335038475,0.000000,-5962.881390,43928
6196.58,1499,834138.819110,8.335038475,0.000000,-5009.544935,43958
6206.63,1500,834136.908362,8.335018581,0.000000,-4983.929934,43988
6217.58,1501,834136.908362,8.335018581,0.000000,-4585.482108,44018
6227.03,1502,834034.591706,8.333992993,0.000000,-7302.521058,44048
6236.07,1503,833994.728300,8.333593576,0.000000,-6416.953742,44078
6248.83,1504,833948.556429,8.333132974,0.000000,-6553.060501,44108
6256.81,1505,833948.556429,8.333132974,0.000000,-6980.326001,44138
6269.36,1506,833947.909819,8.333124430,0.000000,-6463.898391,44168
6278.11,1507,833921.712544,8.332862532,0.000000,-6589.205607,44198
6286.82,1508,833920.023208,8.332845530,0.000000,-6163.149013,44228
6296.70,1509,833920.023209,8.332845530,0.000000,-5504.686490,44258
6307.11,1510,833868.938319,8.332337706,0.000000,-7743.395560,44288
6317.56,1511,833789.639443,8.331549213,0.000000,-5747.543673,44318
6326.58,1512,833789.639443,8.331549213,0.000000,-5589.423578,44348
6336.42,1513,833727.045224,8.330920545,0.000000,-6976.861908,44378
6345.65,1514,833679.033095,8.330440220,0.000000,-6745.416320,44408
6354.48,1515,833679.033095,8.330440220,0.000000,-7215.616927,44438
6365.11,1516,833679.033095,8.330440220,0.000000,-6308.028902,44468
6375.46,1517,833677.417205,8.330423544,0.000000,-5828.209352,44498
6386.09,1518,833654.167441,8.330192011,0.000000,-6075.106488,44528
6395.25,1519,833604.996440,8.329698678,0.000000,-5894.182166,44558
6405.55,1520,833604.996440,8.329698678,0.000000,-6431.444930,44588
6415.48,1521,833604.996440,8.329698678,0.000000,-5706.431843,44618
6425.24,1522,833597.233866,8.329620516,0.000000,-7175.245026,44648
6434.43,1523,833597.233866,8.329620516,0.000000,-6941.603944,44678
6443.47,1524,833594.425814,8.329592783,0.000000,-7101.031234,44708
6453.67,1525,833592.612732,8.329574418,0.000000,-5620.388541,44738
6461.86,1526,833576.704803,8.329414406,0.000000,-5169.212123,44768
6470.88,1527,833576.420680,8.329412065,0.000000,-5152.212580,44798
6480.38,1528,833527.445379,8.328918358,0.000000,-8344.684625,44828
6490.66,1529,833494.773502,8.328590992,0.000000,-7644.068115,44858
6500.91,1530,833486.691810,8.328510306,0.000000,-7413.616051,44888
6510.99,1531,833451.843863,8.328160563,0.000000,-7345.020802,44918
6521.64,1532,833451.580095,8.328157452,0.000000,-6335.884974,44948
6531.93,1533,833451.201873,8.328154321,0.000000,-6110.103465,44950
6542.50,1534,833450.624829,8.328147717,0.000000,-6286.818174,44980
6552.83,1535,833422.901027,8.327871263,0.000000,-6303.255865,45010
6561.97,1536,833422.454263,8.327866922,0.000000,-6343.351060,45040
6571.53,1537,833421.633786,8.327858803,0.000000,-5571.504159,45070
6581.18,1538,833416.114380,8.327803293,0.000000,-5914.787727,45100
6591.29,1539,833412.020184,8.327762578,0.000000,-5791.520645,45130
6602.93,1540,833403.131076,8.327674365,0.000000,-6486.702103,45160
6611.73,1541,833396.447652,8.327607937,0.000000,-5780.683221,45190
6621.42,1542,833395.369861,8.327597274,0.000000,-5902.140004,45220
6630.70,1543,833395.369861,8.327597274,0.000000,-5863.502099,45250
6641.73,1544,833394.970615,8.327593103,0.000000,-5758.578016,45280
6651.95,1545,833394.701084,8.327590266,0.000000,-5461.962110,45310
6662.70,1546,833394.701084,8.327590266,0.000000,-4854.362116,45340
6672.19,1547,833382.754800,8.327469379,0.000000,-5450.187375,45370
6681.59,1548,833373.159146,8.327373773,0.000000,-4972.312060,45400
6690.16,1549,833370.719958,8.327349662,0.000000,-4688.640507,45430
6700.14,1550,833369.721512,8.327339590,0.000000,-4806.162728,45460
6710.26,1551,833366.174696,8.327304356,0.000000,-5083.660238,45490
6721.05,1552,833363.058941,8.327272172,0.000000,-5191.959102,45520
6732.91,1553,833358.705251,8.327229310,0.000000,-5592.758233,45550
6743.47,1554,833358.705251,8.327229310,0.000000,-5342.221697,45580
6753.33,1555,833346.400132,8.327105759,0.000000,-5864.517476,45610
6762.57,1556,833340.505155,8.327046653,0.000000,-7822.410898,45640
6773.07,1557,833332.287138,8.326963564,0.000000,-6201.169418,45670
6782.97,1558,833331.489154,8.326955792,0.000000,-6000.562547,45700
6792.59,1559,833328.208166,8.326922582,0.000000,-5029.635175,45730
6802.69,1560,833326.172214,8.326902213,0.000000,-5340.693129,45760
6814.74,1561,833324.747709,8.326887852,0.000000,-5143.198604,45790
6825.53,1562,833324.747709,8.326887852,0.000000,-5842.859004,45820
6836.47,1563,833323.489164,8.326875645,0.000000,-5316.618423,45850
6846.66,1564,833323.489164,8.326875645,0.000000,-5315.144812,45880
6856.21,1565,833323.487878,8.326875633,0.000000,-4830.177616,45910
6866.57,1566,833322.872531,8.326869442,0.000000,-4643.963553,45940
6875.83,1567,833320.814726,8.326849048,0.000000,-4881.407979,45970
6885.86,1568,833319.885387,8.326839277,0.000000,-4813.646391,46000
6896.61,1569,833316.505981,8.326805391,0.000000,-5314.350461,46030
6909.11,1570,833316.505981,8.326805391,0.000000,-5247.142234,46060
6919.77,1571,833315.190530,8.326792283,0.000000,-4241.625886,46090
6929.78,1572,833283.954620,8.326478612,0.000000,-4717.456199,46120
6939.32,1573,833273.999826,8.326379604,0.000000,-8371.657602,46150
6948.64,1574,833273.999826,8.326379604,0.000000,-5269.421977,46180
6959.08,1575,833236.529879,8.326006839,0.000000,-5264.661022,46210
6968.33,1576,833235.431554,8.325995536,0.000000,-6389.775442,46240
6979.93,1577,833235.431554,8.325995536,0.000000,-4835.990267,46270
6992.25,1578,833219.103166,8.325831355,0.000000,-5568.095194,46300
7004.09,1579,833213.012928,8.325769705,0.000000,-5470.110666,46330
7015.97,1580,833213.012928,8.325769705,0.000000,-5683.146457,46360
7027.31,1581,833212.256954,8.325762486,0.000000,-4303.339850,46390
7036.48,1582,833195.636249,8.325596736,0.000000,-4804.181241,46420
7046.56,1583,833182.729561,8.325466654,0.000000,-5610.807365,46450
7058.68,1584,833170.488888,8.325344461,0.000000,-5052.525366,46480
7067.86,1585,833157.654065,8.325214243,0.000000,-4595.278334,46510
7078.57,1586,833119.018494,8.324825527,0.000000,-5400.684590,46540
7089.15,1587,833119.018494,8.324825527,0.000000,-4977.262960,46570
7099.27,1588,833103.822499,8.324673992,0.000000,-5229.229784,46600
7109.47,1589,833100.498155,8.324642212,0.000000,-4756.154554,46630
7120.78,1590,833100.498155,8.324642212,0.000000,-4681.372075,46660
7131.90,1591,833099.692611,8.324634241,0.000000,-4414.137870,46690
7142.80,1592,833061.050566,8.324246440,0.000000,-5840.201974,46720
7152.58,1593,833013.832908,8.323773220,0.000000,-5435.793981,46750
7162.73,1594,833013.832908,8.323773220,0.000000,-4996.398906,46780
7173.76,1595,833013.832908,8.323773220,0.000000,-5548.844568,46810
7183.93,1596,833011.020829,8.323745057,0.000000,-5140.269915,46840
7193.97,1597,833011.020829,8.323745057,0.000000,-4894.976380,46870
7214.97,1598,832995.765655,8.323594439,0.000000,-4898.042959,46872
7225.08,1599,832989.786011,8.323535204,0.000000,-5255.829826,46902
7236.14,1600,832989.786011,8.323535204,0.000000,-4983.421001,46932
7247.80,1601,832976.702918,8.323403697,0.000000,-4460.351165,46962
7257.99,1602,832963.329364,8.323270930,0.000000,-4462.545570,46992
7267.85,1603,832963.329364,8.323270930,0.000000,-4352.145541,47022
7279.07,1604,832948.921393,8.323126861,0.000000,-3913.149568,47052
7288.76,1605,832948.921393,8.323126861,0.000000,-4406.301546,47082
7300.09,1606,832948.921393,8.323126861,0.000000,-5104.136427,47112
7310.35,1607,832948.921393,8.323126861,0.000000,-4463.417843,47142
7319.27,1608,832948.801184,8.323126266,0.000000,-4053.699199,47172
7329.83,1609,832948.801184,8.323126266,0.000000,-4334.076363,47202
7340.16,1610,832946.569032,8.323104487,0.000000,-3754.780977,47232
7350.92,1611,832914.480092,8.322785244,0.000000,-4439.259371,47262
7360.25,1612,832909.409605,8.322734440,0.000000,-5861.816213,47292
7369.34,1613,832908.327986,8.322723277,0.000000,-4484.150198,47322
7381.03,1614,832903.950322,8.322679516,0.000000,-5243.453634,47352
7392.48,1615,832901.346133,8.322653069,0.000000,-4490.418996,47382
7402.33,1616,832901.346133,8.322653069,0.000000,-5336.925294,47412
7412.94,1617,832901.101611,8.322650565,0.000000,-3990.963231,47442
7425.00,1618,832897.971663,8.322618955,0.000000,-4647.353428,47472
7434.34,1619,832892.822547,8.322567036,0.000000,-4385.927377,47502
7446.34,1620,832892.200947,8.322560628,0.000000,-3916.424763,47532
7458.15,1621,832887.984602,8.322517982,0.000000,-3495.939178,47562
7468.28,1622,832887.984602,8.322517982,0.000000,-3883.740051,47592
7481.34,1623,832887.984602,8.322517982,0.000000,-4321.964477,47622
7493.60,1624,832887.984602,8.322517982,0.000000,-3822.865186,47652
7504.44,1625,832887.984602,8.322517982,0.000000,-3481.526223,47682
7515.07,1626,832887.984602,8.322517982,0.000000,-3481.761731,47712
7524.28,1627,832887.984602,8.322517982,0.000000,-3621.084929,47742
7534.10,1628,832887.984602,8.322517982,0.000000,-3284.966808,47772
7545.66,1629,832887.874057,8.322516870,0.000000,-3229.491177,47802
7557.10,1630,832887.215517,8.322509696,0.000000,-3370.033648,47832
7569.38,1631,832887.215517,8.322509696,0.000000,-3346.550341,47862
7578.27,1632,832874.196635,8.322378126,0.000000,-4185.119105,47892
7587.58,1633,832874.196635,8.322378126,0.000000,-3642.176848,47922
7598.06,1634,832874.196635,8.322378126,0.000000,-4272.125791,47952
7610.23,1635,832874.196635,8.322378126,0.000000,-3430.425263,47982
7621.72,1636,832874.196635,8.322378126,0.000000,-4135.607549,48012
7633.28,1637,832874.196635,8.322378126,0.000000,-3808.266534,48042
7644.12,1638,832874.196635,8.322378126,0.000000,-3357.736169,48072
7655.57,1639,832862.910128,8.322262267,0.000000,-3421.246910,48102
7666.10,1640,832851.867580,8.322149170,0.000000,-3720.264128,48132
7676.59,1641,832851.867580,8.322149170,0.000000,-4173.270508,48162
7686.88,1642,832851.712540,8.322147520,0.000000,-3403.120508,48192
7698.41,1643,832844.062043,8.322070947,0.000000,-3744.822025,48222
7709.51,1644,832844.062043,8.322070947,0.000000,-3587.223009,48252
7721.73,1645,832844.053481,8.322070876,0.000000,-3675.539125,48282
7733.34,1646,832843.523364,8.322065569,0.000000,-4297.932247,48312
7745.00,1647,832843.523364,8.322065569,0.000000,-3758.506920,48342
7757.80,1648,832843.523364,8.322065569,0.000000,-3744.801321,48372
7772.49,1649,832834.139904,8.321972267,0.000000,-4064.450003,48402
7781.86,1650,832833.478727,8.321964988,0.000000,-3988.513520,48432
7791.65,1651,832800.900755,8.321640171,0.000000,-4083.631181,48462
7802.75,1652,832792.819546,8.321559841,0.000000,-4415.574128,48492
7813.80,1653,832792.819546,8.321559841,0.000000,-4748.649009,48522
7824.63,1654,832792.819546,8.321559841,0.000000,-3985.244370,48552
7837.87,1655,832792.819546,8.321559841,0.000000,-3911.614209,48582
7848.79,1656,832792.819546,8.321559841,0.000000,-3618.247731,48584
7860.03,1657,832792.642310,8.321558235,0.000000,-3509.709620,48614
7870.77,1658,832786.231346,8.321494166,0.000000,-3711.820771,48644
7880.66,1659,832777.522373,8.321402976,0.000000,-4092.576232,48674
7892.15,1660,832777.522373,8.321402976,0.000000,-4087.267559,48704
7906.01,1661,832752.803399,8.321154375,0.000000,-3923.272896,48734
7915.58,1662,832745.954008,8.321088877,0.000000,-3670.933038,48764
7926.64,1663,832742.348472,8.321052452,0.000000,-3993.012560,48794
7938.63,1664,832732.786755,8.320957174,0.000000,-5418.971827,48824
7949.84,1665,832732.786755,8.320957174,0.000000,-4518.427257,48854
7959.87,1666,832732.786755,8.320957174,0.000000,-4254.748092,48884
7970.46,1667,832732.786755,8.320957174,0.000000,-4101.071737,48914
7981.00,1668,832731.217893,8.320941316,0.000000,-6098.346889,48944
7990.31,1669,832731.217893,8.320941316,0.000000,-5335.432679,48974
8002.26,1670,832723.238481,8.320859200,0.000000,-4460.681877,49004
8014.92,1671,832704.936924,8.320675923,0.000000,-4715.458136,49034
8025.46,1672,832666.419515,8.320291300,0.000000,-4473.045803,49064
8038.96,1673,832657.976694,8.320209067,0.000000,-4523.848951,49094
8051.71,1674,832649.420207,8.320122596,0.000000,-3790.841737,49124
8063.74,1675,832643.785846,8.320065664,0.000000,-4557.455690,49154
8074.53,1676,832628.100018,8.319908396,0.000000,-4888.320189,49184
8086.36,1677,832628.100018,8.319908396,0.000000,-4766.156871,49214
8096.83,1678,832622.791468,8.319856341,0.000000,-3865.229163,49244
8108.20,1679,832622.791468,8.319856341,0.000000,-3499.948273,49274
8118.63,1680,832614.437737,8.319772395,0.000000,-4376.763881,49304
8133.22,1681,832614.437737,8.319772395,0.000000,-4475.652365,49334
8146.05,1682,832614.437737,8.319772395,0.000000,-4724.506742,49364
8157.39,1683,832614.437737,8.319772395,0.000000,-4835.851683,49394
8169.48,1684,832614.437737,8.319772395,0.000000,-4249.460480,49424
8181.82,1685,832614.437737,8.319772395,0.000000,-4096.176765,49454
8193.94,1686,832611.768275,8.319745909,0.000000,-5389.412987,49484
8206.32,1687,832611.585944,8.319744085,0.000000,-3878.007600,49514
8218.27,1688,832609.629664,8.319724456,0.000000,-3938.237988,49544
8229.29,1689,832605.978438,8.319687282,0.000000,-4044.109762,49574
8242.18,1690,832605.978438,8.319687282,0.000000,-3443.340260,49576
8253.97,1691,832602.428099,8.319651238,0.000000,-3668.747871,49606
8264.96,1692,832602.428099,8.319651238,0.000000,-3657.898807,49636
8276.22,1693,832602.428099,8.319651238,0.000000,-4044.241615,49638
8286.50,1694,832602.428099,8.319651238,0.000000,-3704.955263,49668
8298.04,1695,832601.757260,8.319644573,0.000000,-3872.577614,49698
8310.08,1696,832601.757260,8.319644573,0.000000,-3482.747478,49728
8321.88,1697,832600.432813,8.319632100,0.000000,-3624.296844,49758
8331.36,1698,832600.432813,8.319632100,0.000000,-4206.702988,49788
8341.07,1699,832600.432813,8.319632100,0.000000,-3939.112591,49818
8351.39,1700,832600.045462,8.319627986,0.000000,-3422.523428,49848
8364.01,1701,832568.044343,8.319316041,0.000000,-4164.796614,49878
8376.22,1702,832567.913616,8.319314389,0.000000,-3964.954841,49908
8388.00,1703,832567.913616,8.319314389,0.000000,-3964.954841,49938
8399.25,1704,832554.784675,8.319183217,0.000000,-3967.424114,49968
8410.02,1705,832554.784675,8.319183217,0.000000,-4215.169004,49998
8422.55,1706,832554.440228,8.319179970,0.000000,-4183.448797,50028
8433.06,1707,832554.440228,8.319179970,0.000000,-3854.283134,50058
8445.75,1708,832554.440228,8.319179970,0.000000,-3705.095402,50088
8456.73,1709,832554.440228,8.319179970,0.000000,-4148.995572,50118
8468.11,1710,832554.440228,8.319179970,0.000000,-3554.012634,50148
8479.18,1711,832537.793056,8.319014438,0.000000,-3647.838369,50178
8490.38,1712,832534.385349,8.318980990,0.000000,-3669.626720,50208
8501.96,1713,832532.004389,8.318958106,0.000000,-3716.643464,50238
8513.57,1714,832531.895582,8.318955833,0.000000,-3249.276559,50268
8524.70,1715,832531.134582,8.318948413,0.000000,-3153.861786,50298
8538.86,1716,832531.134582,8.318948413,0.000000,-3551.777225,50328
8550.51,1717,832528.015121,8.318917415,0.000000,-2928.319737,50358
8563.15,1718,832521.021505,8.318847520,0.000000,-3995.569605,50388
8574.53,1719,832512.857937,8.318765031,0.000000,-3281.916021,50418
8587.90,1720,832512.838545,8.318764562,0.000000,-3347.490844,50448
8600.58,1721,832509.733609,8.318733484,0.000000,-3103.873552,50478
8611.01,1722,832457.583180,8.318219764,0.000000,-5401.754791,50508
8624.45,1723,832433.694473,8.317980537,0.000000,-3967.885033,50538
8636.59,1724,832383.102090,8.317486087,0.000000,-4664.357725,50568
8649.33,1725,832324.730105,8.316894274,0.000000,-4906.350991,50598
8661.76,1726,832324.730105,8.316894274,0.000000,-4818.341939,50628
8672.15,1727,832323.013713,8.316878382,0.000000,-4083.115230,50658
8683.12,1728,832323.013713,8.316878382,0.000000,-3806.574662,50688
8695.82,1729,832268.113259,8.316339003,0.000000,-4636.542297,50718
8706.91,1730,832259.172136,8.316252567,0.000000,-4424.910476,50748
8719.52,1731,832253.046048,8.316192370,0.000000,-4120.263957,50778
8732.55,1732,832210.003834,8.315774668,0.000000,-4752.389223,50808
8746.31,1733,832210.003834,8.315774668,0.000000,-5624.348761,50838
8759.81,1734,832208.294856,8.315759679,0.000000,-4786.761207,50868
8772.36,1735,832198.893545,8.315666649,0.000000,-4364.949150,50898
8783.31,1736,832178.622518,8.315469879,0.000000,-3922.563701,50928
8795.71,1737,832164.875046,8.315331446,0.000000,-3994.741525,50958
8807.07,1738,832160.366712,8.315285723,0.000000,-3725.711339,50988
8817.21,1739,832160.352307,8.315285591,0.000000,-3345.659970,51018
8828.71,1740,832117.710055,8.314868999,0.000000,-4979.129133,51048
8840.81,1741,832069.568919,8.314385998,0.000000,-3843.701126,51078
8852.33,1742,831985.779078,8.313558140,0.000000,-3881.711523,51108
8864.80,1743,831971.947905,8.313423412,0.000000,-3564.531695,51110
8876.36,1744,831947.936726,8.313180391,0.000000,-3807.879654,51140
8888.98,1745,831932.720641,8.313028273,0.000000,-3757.146701,51170
8903.67,1746,831929.194086,8.312989684,0.000000,-3777.600270,51200
8917.19,1747,831929.194086,8.312989684,0.000000,-3612.607670,51230
8928.95,1748,831929.194086,8.312989684,0.000000,-3501.519998,51260
8943.09,1749,831892.904653,8.312633736,0.000000,-3689.320113,51290
8956.15,1750,831886.978291,8.312571279,0.000000,-4313.922374,51320
8969.60,1751,831884.702496,8.312547876,0.000000,-3352.649364,51350
8981.06,1752,831884.702496,8.312547876,0.000000,-3263.703180,51380
8994.76,1753,831884.702496,8.312547876,0.000000,-4069.698379,51410
9008.33,1754,831879.427835,8.312496467,0.000000,-4104.751148,51440
9020.11,1755,831866.192424,8.312367290,0.000000,-3699.964723,51470
9032.47,1756,831832.751351,8.312031716,0.000000,-3510.464961,51500
9044.28,1757,831832.751351,8.312031716,0.000000,-4093.954156,51530
9057.56,1758,831831.867832,8.312022970,0.000000,-3796.894219,51560
9071.53,1759,831831.867832,8.312022970,0.000000,-2983.952062,51590
9084.12,1760,831823.213257,8.311939050,0.000000,-3277.706201,51620
9095.98,1761,831823.213257,8.311939050,0.000000,-3057.093763,51650
9109.95,1762,831784.859838,8.311561951,0.000000,-3139.121700,51680
9122.35,1763,831762.900660,8.311348194,0.000000,-4530.651888,51710
9136.72,1764,831762.900660,8.311348194,0.000000,-4304.161956,51740
9149.23,1765,831761.387229,8.311332584,0.000000,-4421.939295,51770
9163.01,1766,831761.387229,8.311332584,0.000000,-3660.439496,51800
9178.10,1767,831761.387229,8.311332584,0.000000,-3882.675145,51830
9192.55,1768,831761.387229,8.311332584,0.000000,-3514.480060,51860
9204.48,1769,831730.407997,8.311032043,0.000000,-4076.038151,51890
9215.20,1770,831688.449254,8.310613769,0.000000,-3595.755200,51920
9227.16,1771,831688.449254,8.310613769,0.000000,-3754.751241,51950
9238.22,1772,831688.449254,8.310613769,0.000000,-3161.648467,51980
9251.45,1773,831660.323599,8.310338981,0.000000,-4603.973841,52010
9263.31,1774,831641.715325,8.310154631,0.000000,-4197.864768,52040
9276.22,1775,831641.715325,8.310154631,0.000000,-4340.014689,52070
9287.92,1776,831641.715325,8.310154631,0.000000,-3910.593789,52100
9301.16,1777,831613.798745,8.309874267,0.000000,-4088.339336,52130
9313.81,1778,831613.595986,8.309872764,0.000000,-4851.995270,52160
9325.93,1779,831613.595986,8.309872764,0.000000,-3964.042946,52190
9338.69,1780,831584.546322,8.309585061,0.000000,-3506.252614,52220
9349.51,1781,831584.332669,8.309583251,0.000000,-3674.347669,52250
9360.23,1782,831583.288143,8.309572411,0.000000,-3517.110624,52280
9371.63,1783,831583.288143,8.309572411,0.000000,-3545.149986,52310
9383.11,1784,831577.064300,8.309510295,0.000000,-4109.749846,52340
9396.49,1785,831577.064300,8.309510295,0.000000,-3309.179143,52370
9409.69,1786,831577.064300,8.309510295,0.000000,-3091.182884,52400
9423.84,1787,831517.403252,8.308921860,0.000000,-4129.641293,52430
9437.58,1788,831503.236610,8.308777865,0.000000,-3719.577108,52460
9451.38,1789,831501.343834,8.308759565,0.000000,-3087.455831,52490
9465.62,1790,831487.331491,8.308621235,0.000000,-2631.875357,52520
9478.79,1791,831487.191907,8.308619747,0.000000,-2568.064695,52550
9492.34,1792,831487.191907,8.308619747,0.000000,-2609.429875,52580
9504.06,1793,831486.841754,8.308616459,0.000000,-2529.924495,52610
9516.93,1794,831486.841754,8.308616459,0.000000,-2668.234099,52640
9531.31,1795,831486.739940,8.308615175,0.000000,-2413.820363,52670
9542.34,1796,831486.739940,8.308615175,0.000000,-2305.380103,52700
9554.98,1797,831461.650138,8.308360641,0.000000,-3970.816425,52730
9567.55,1798,831427.811746,8.308018404,0.000000,-4626.919141,52760
9580.79,1799,831422.672223,8.307967766,0.000000,-3334.135138,52790
9591.15,1800,831422.259933,8.307963886,0.000000,-3245.202692,52820
9602.87,1801,831422.259933,8.307963886,0.000000,-3303.644854,52850
9617.06,1802,831422.259933,8.307963886,0.000000,-2825.647975,52880
9630.91,1803,831399.062922,8.307730416,0.000000,-3366.280999,52910
9643.99,1804,831398.019940,8.307718993,0.000000,-3144.114940,52940
9656.10,1805,831398.019940,8.307718993,0.000000,-3440.193550,52970
9671.86,1806,831398.019940,8.307718993,0.000000,-3290.230599,53000
9683.81,1807,831398.019940,8.307718993,0.000000,-3122.829548,53030
9696.78,1808,831378.547005,8.307522810,0.000000,-3445.758086,53060
9711.96,1809,831342.320410,8.307161050,0.000000,-4672.603938,53090
9727.08,1810,831342.320410,8.307161050,0.000000,-4388.412639,53120
9740.98,1811,831324.621322,8.306980110,0.000000,-3822.460128,53150
9752.89,1812,831323.406361,8.306968733,0.000000,-3302.331403,53180
9766.98,1813,831267.429960,8.306413487,0.000000,-3958.973787,53210
9780.42,1814,831267.429960,8.306413487,0.000000,-3607.146337,53240
9795.03,1815,831267.429960,8.306413487,0.000000,-3626.740051,53270
9807.78,1816,831267.429960,8.306413487,0.000000,-3647.284561,53300
9820.65,1817,831267.429960,8.306413487,0.000000,-3601.539477,53330
9833.04,1818,831259.800390,8.306337179,0.000000,-3119.352776,53360
9845.07,1819,831219.285653,8.305931623,0.000000,-2589.071654,53390
9858.75,1820,831183.489646,8.305577553,0.000000,-3141.676415,53420
9872.85,1821,831183.489646,8.305577553,0.000000,-2830.915449,53450
9886.76,1822,831153.454241,8.305274042,0.000000,-2546.349167,53480
9899.22,1823,831106.303995,8.304792872,0.000000,-3239.476649,53510
9915.49,1824,831067.728648,8.304411242,0.000000,-4462.157497,53540
9928.84,1825,831062.008545,8.304354184,0.000000,-3468.959360,53570
9942.41,1826,831062.008545,8.304354184,0.000000,-3456.164470,53600
9954.23,1827,831062.008545,8.304354184,0.000000,-3367.355754,53630
9968.52,1828,831036.223625,8.304094340,0.000000,-4761.729905,53660
9982.86,1829,831036.223625,8.304094340,0.000000,-3395.804031,53690
9995.00,1830,830994.668953,8.303683451,0.000000,-3911.110717,53720
10007.33,1831,830986.037583,8.303599582,0.000000,-2822.813463,53750
10021.51,1832,830986.037583,8.303599582,0.000000,-2549.565777,53780
10035.64,1833,830986.037583,8.303599582,0.000000,-2338.422698,53810
10047.99,1834,830953.312784,8.303275921,0.000000,-3816.806339,53840
10062.31,1835,830938.761527,8.303127931,0.000000,-3941.627694,53870
10077.40,1836,830938.761527,8.303127931,0.000000,-3884.131682,53900
10091.36,1837,830938.761527,8.303127931,0.000000,-3414.199577,53930
10104.31,1838,830927.556385,8.303015278,0.000000,-3936.806706,53960
10115.13,1839,830927.556385,8.303015278,0.000000,-3314.966286,53990
10129.28,1840,830924.971721,8.302989333,0.000000,-2920.544134,54020
10143.80,1841,830906.863384,8.302804997,0.000000,-2841.510714,54050
10156.72,1842,830906.863384,8.302804997,0.000000,-2570.041063,54080
10170.79,1843,830894.035669,8.302677086,0.000000,-3265.350049,54110
10184.48,1844,830894.035669,8.302677086,0.000000,-3018.221225,54140
10196.93,1845,830893.975751,8.302676363,0.000000,-2944.514231,54170
10208.52,1846,830886.753708,8.302603056,0.000000,-2899.089727,54200
10221.24,1847,830886.753708,8.302603056,0.000000,-3606.006868,54230
10233.64,1848,830886.753708,8.302603056,0.000000,-2850.740398,54260
10246.28,1849,830876.045291,8.302496058,0.000000,-3274.412631,54290
10258.80,1850,830876.045291,8.302496058,0.000000,-2951.959951,54320
10271.19,1851,830876.045291,8.302496058,0.000000,-2896.683709,54350
10285.20,1852,830866.461985,8.302399856,0.000000,-3153.985456,54380
10299.30,1853,830866.461985,8.302399856,0.000000,-2661.197622,54410
10312.73,1854,830866.461985,8.302399856,0.000000,-2438.642581,54440
10326.76,1855,830866.461985,8.302399856,0.000000,-2485.139817,54470
10338.62,1856,830866.438052,8.302399388,0.000000,-2600.301391,54500
10352.03,1857,830866.438052,8.302399388,0.000000,-3213.313988,54530
10364.65,1858,830866.438052,8.302399388,0.000000,-2515.874311,54560
10378.51,1859,830866.438052,8.302399388,0.000000,-2316.952756,54590
10389.64,1860,830856.624784,8.302303013,0.000000,-2793.330713,54620
10405.43,1861,830856.624784,8.302303013,0.000000,-2649.594436,54650
10422.88,1862,830849.263524,8.302227812,0.000000,-3351.439277,54680
10437.57,1863,830849.263524,8.302227812,0.000000,-2854.171593,54710
10453.11,1864,830848.955105,8.302224977,0.000000,-2831.973921,54740
10467.94,1865,830847.811706,8.302212670,0.000000,-2792.103659,54742
10480.90,1866,830846.578497,8.302200887,0.000000,-2868.433433,54772
10493.43,1867,830846.578497,8.302200887,0.000000,-2576.818445,54802
10507.30,1868,830839.617236,8.302134682,0.000000,-2863.810366,54832
10521.12,1869,830839.617236,8.302134682,0.000000,-2524.423857,54862
10537.13,1870,830827.725781,8.302019280,0.000000,-2042.751403,54892
10551.95,1871,830827.725781,8.302019280,0.000000,-2032.065210,54922
10566.81,1872,830805.368654,8.301804234,0.000000,-3842.202195,54952
10582.63,1873,830799.148008,8.301740355,0.000000,-2532.362715,54982
10595.12,1874,830781.713790,8.301572759,0.000000,-2463.295766,55012
10610.59,1875,830770.626225,8.301460483,0.000000,-3206.316072,55042
10625.39,1876,830770.626225,8.301460483,0.000000,-2971.789093,55072
10639.35,1877,830761.074692,8.301361927,0.000000,-2529.596614,55102
10652.31,1878,830761.074692,8.301361927,0.000000,-2450.910111,55132
10667.66,1879,830740.206340,8.301156492,0.000000,-2079.767169,55162
10680.53,1880,830737.276844,8.301128945,0.000000,-2669.280734,55192
10696.25,1881,830737.276844,8.301128945,0.000000,-2344.775594,55222
10709.50,1882,830737.276844,8.301128945,0.000000,-2338.152391,55224
10723.88,1883,830737.276844,8.301128945,0.000000,-2575.441728,55254
10738.49,1884,830737.060851,8.301125798,0.000000,-2083.999361,55284
10751.76,1885,830726.171915,8.301019783,0.000000,-2317.657416,55314
10768.57,1886,830711.517045,8.300874978,0.000000,-2605.468230,55344
10782.48,1887,830711.517045,8.300874978,0.000000,-2292.040260,55374
10795.52,1888,830695.810835,8.300719185,0.000000,-2897.491276,55404
10807.60,1889,830695.501341,8.300715739,0.000000,-2761.928147,55419
10819.37,1890,830688.408259,8.300646760,0.000000,-2532.723534,55449
10830.79,1891,830688.408259,8.300646760,0.000000,-2480.426831,55479
10845.28,1892,830688.408259,8.300646760,0.000000,-2442.615081,55509
10856.63,1893,830688.408259,8.300646760,0.000000,-2395.246147,55539
10868.46,1894,830688.408259,8.300646760,0.000000,-2285.480274,55569
10884.25,1895,830685.254613,8.300615248,0.000000,-2959.671887,55599
10898.45,1896,830685.254613,8.300615248,0.000000,-2166.737129,55629
10913.36,1897,830677.996242,8.300543709,0.000000,-2139.376543,55659
10926.35,1898,830644.793782,8.300212061,0.000000,-2637.320750,55689
10938.58,1899,830644.793782,8.300212061,0.000000,-2408.037275,55719
10952.12,1900,830644.793782,8.300212061,0.000000,-2558.290887,55749
10965.18,1901,830644.585926,8.300209547,0.000000,-2351.300647,55779
10980.25,1902,830644.008205,8.300202969,0.000000,-2054.421380,55809
10993.15,1903,830644.008205,8.300202969,0.000000,-2001.202412,55839
11006.11,1904,830637.187752,8.300136118,0.000000,-2609.796397,55841
11021.24,1905,830634.663618,8.300111237,0.000000,-2875.604410,55871
11033.27,1906,830634.663618,8.300111237,0.000000,-2185.960046,55901
11049.13,1907,830629.215980,8.300054302,0.000000,-2090.847719,55931
11061.14,1908,830623.211817,8.299994069,0.000000,-2183.020925,55961
11075.25,1909,830623.211817,8.299994069,0.000000,-1981.812846,55991
11088.14,1910,830623.211817,8.299994069,0.000000,-2104.742421,56021
11100.98,1911,830623.211817,8.299994069,0.000000,-1925.058877,56051
11114.25,1912,830613.774516,8.299899119,0.000000,-2119.502138,56081
11130.52,1913,830613.774516,8.299899119,0.000000,-1860.037847,56111
11145.51,1914,830613.774516,8.299899119,0.000000,-1719.040817,56141
11160.94,1915,830609.718055,8.299859230,0.000000,-2235.618056,56171
11175.76,1916,830602.282644,8.299785404,0.000000,-2204.283206,56201
11191.11,1917,830602.282644,8.299785404,0.000000,-2172.879977,56231
11205.86,1918,830602.282644,8.299785404,0.000000,-2056.434485,56261
11218.64,1919,830602.016982,8.299783400,0.000000,-1934.913211,56291
11233.32,1920,830602.016982,8.299783400,0.000000,-1917.048720,56321
11245.90,1921,830602.016566,8.299783420,0.000000,-1797.565115,56351
11260.78,1922,830601.838365,8.299781731,0.000000,-2335.940551,56381
11275.66,1923,830601.838365,8.299781731,0.000000,-1665.363839,56411
11289.58,1924,830590.412798,8.299668777,0.000000,-1982.689645,56441
11304.22,1925,830574.696115,8.299514364,0.000000,-2388.968164,56471
11317.85,1926,830559.554909,8.299368278,0.000000,-2122.313235,56501
11332.12,1927,830559.554909,8.299368278,0.000000,-1980.461000,56531
11347.65,1928,830548.024242,8.299253182,0.000000,-2390.896395,56561
11362.31,1929,830548.024242,8.299253182,0.000000,-2315.282074,56591
11377.14,1930,830548.024242,8.299253182,0.000000,-2177.087396,56621
11390.54,1931,830518.622058,8.298962590,0.000000,-2466.142766,56651
11405.00,1932,830518.622058,8.298962590,0.000000,-1971.349773,56681
11418.97,1933,830518.404307,8.298960289,0.000000,-2545.426471,56711
11434.61,1934,830518.404307,8.298960289,0.000000,-2111.914337,56741
11450.57,1935,830510.564026,8.298882796,0.000000,-2078.999942,56771
11467.42,1936,830510.564026,8.298882796,0.000000,-1878.354237,56801
11482.37,1937,830510.564026,8.298882796,0.000000,-2019.106748,56831
11496.34,1938,830510.564026,8.298882796,0.000000,-1780.558654,56861
11509.59,1939,830510.564026,8.298882796,0.000000,-1946.510684,56891
11522.01,1940,830510.564026,8.298882796,0.000000,-1989.527842,56921
11536.89,1941,830510.525907,8.298884111,0.000000,-1820.813920,56951
11552.14,1942,830510.525907,8.298884111,0.000000,-1709.976385,56981
11566.28,1943,830507.595686,8.298853142,0.000000,-1935.946537,57011
11581.01,1944,830507.595686,8.298853142,0.000000,-1730.776599,57041
11595.19,1945,830506.299834,8.298840596,0.000000,-1790.468733,57071
11610.08,1946,830506.299834,8.298840596,0.000000,-1946.541917,57101
11623.72,1947,830506.179512,8.298839080,0.000000,-2011.238648,57131
11638.47,1948,830506.140994,8.298838729,0.000000,-2036.445132,57161
11653.28,1949,830506.140994,8.298838729,0.000000,-1775.617473,57191
11669.26,1950,830504.561473,8.298823578,0.000000,-2075.705530,57221
11684.89,1951,830498.198912,8.298760970,0.000000,-2493.259900,57251
11699.43,1952,830496.828019,8.298747294,0.000000,-2026.233203,57281
11714.01,1953,830486.591462,8.298644672,0.000000,-1936.718332,57311
11728.09,1954,830486.591462,8.298644672,0.000000,-1898.782265,57341
11744.51,1955,830486.591462,8.298644672,0.000000,-1920.736438,57371
11758.74,1956,830486.591462,8.298644672,0.000000,-1661.222327,57401
11772.31,1957,830483.926334,8.298617699,0.000000,-1425.206593,57431
11786.31,1958,830483.926334,8.298617699,0.000000,-1413.494882,57461
11800.62,1959,830476.575329,8.298546704,0.000000,-2066.273257,57491
11814.26,1960,830476.575329,8.298546704,0.000000,-2265.911354,57521
11829.44,1961,830476.575329,8.298546704,0.000000,-2450.978179,57551
11843.10,1962,830476.575329,8.298546704,0.000000,-2109.263451,57581
11857.98,1963,830476.575329,8.298546704,0.000000,-1797.902230,57611
11873.65,1964,830474.501408,8.298526018,0.000000,-1793.664479,57641
11887.99,1965,830474.501408,8.298526018,0.000000,-1743.891135,57671
11902.07,1966,830474.501408,8.298526018,0.000000,-1816.799630,57701
11914.02,1967,830474.501408,8.298526018,0.000000,-1804.360984,57731
11928.08,1968,830474.501408,8.298526018,0.000000,-1718.976682,57761
11941.76,1969,830474.501408,8.298526018,0.000000,-1787.442449,57791
11957.25,1970,830474.501408,8.298526018,0.000000,-1926.206211,57821
11971.82,1971,830474.501408,8.298526018,0.000000,-1640.360706,57851
11986.50,1972,830469.422690,8.298483526,0.000000,-1592.807600,57881
12002.76,1973,830469.422690,8.298483526,0.000000,-1488.435147,57911
12016.52,1974,830458.918514,8.298375893,0.000000,-1577.514632,57941
12029.44,1975,830443.982458,8.298233470,0.000000,-2290.341971,57971
12042.88,1976,830436.933292,8.298164556,0.000000,-2312.403335,58001
12059.01,1977,830436.933292,8.298164556,0.000000,-1599.684290,58031
12075.50,1978,830436.933292,8.298164556,0.000000,-1511.838745,58061
12091.00,1979,830436.781719,8.298163982,0.000000,-1479.062853,58091
12106.35,1980,830436.781719,8.298163982,0.000000,-1381.296553,58121
12120.80,1981,830436.781719,8.298163982,0.000000,-1452.940735,58151
12135.39,1982,830436.781719,8.298163982,0.000000,-1455.978975,58181
12147.94,1983,830436.781719,8.298163982,0.000000,-1408.680856,58211
12161.03,1984,830436.781719,8.298163982,0.000000,-1276.751345,58241
12177.72,1985,830436.535133,8.298162445,0.000000,-1251.070843,58271
12193.52,1986,830418.242829,8.297982163,0.000000,-2117.063285,58301
12211.85,1987,830418.242829,8.297982163,0.000000,-1931.607758,58331
12226.23,1988,830412.281599,8.297924402,0.000000,-2020.186361,58361
12238.78,1989,830412.281599,8.297924402,0.000000,-2066.184804,58391
12252.94,1990,830412.281599,8.297924402,0.000000,-1763.569156,58421
12265.79,1991,830412.281599,8.297924402,0.000000,-1835.812404,58451
12279.74,1992,830412.281599,8.297924402,0.000000,-1738.635467,58481
12294.52,1993,830394.382894,8.297747661,0.000000,-1775.539005,58511
12309.46,1994,830394.382894,8.297747661,0.000000,-2171.914518,58541
12323.80,1995,830394.382894,8.297747661,0.000000,-1457.723926,58571
12336.98,1996,830391.363828,8.297718606,0.000000,-1587.208088,58601
12352.71,1997,830385.459221,8.297659378,0.000000,-2278.683469,58631
12366.79,1998,830385.459221,8.297659378,0.000000,-1899.167974,58661
12381.46,1999,830385.459221,8.297659378,0.000000,-1697.782174,58691
12396.86,2000,830382.127613,8.297625177,0.000000,-2112.017721,58721
