elapsed_s,iteration,lp_obj,route_weight,artificials,min_rc,pool_columns
4.69,1,32500000.000000,325.000000000,0.000000,-5899908.576000,325
5.06,2,26600091.424000,266.000000000,0.000000,-4799908.576000,355
5.42,3,21800182.848000,218.000000000,0.000000,-3899894.112000,385
5.80,4,19900240.524000,199.000000000,0.000000,-3749914.528000,415
6.20,5,19533591.098667,195.333333333,0.000000,-4599899.112000,445
6.66,6,17975287.992000,179.750000000,0.000000,-3499917.504000,475
7.08,7,17975287.992000,179.750000000,0.000000,-4549908.040000,505
7.52,8,17733673.000000,177.333333333,0.000000,-5449905.808000,535
7.96,9,16550355.348000,165.500000000,0.000000,-4849890.674000,565
8.41,10,16328141.574444,163.277777778,0.000000,-4966548.526667,595
8.85,11,16200364.988364,162.000000000,0.000000,-4699925.272000,625
9.36,12,16094811.722472,160.944444444,0.000000,-4899900.942000,655
9.85,13,15945829.371091,159.454545455,0.000000,-4499891.076000,685
10.34,14,15944197.337348,159.438202247,0.000000,-5142614.859775,709
10.84,15,15882896.075483,158.825170068,0.000000,-4706292.069605,739
11.49,16,15851606.775674,158.512273902,0.000000,-5097041.591070,769
11.99,17,15830218.670861,158.298383509,0.000000,-5176729.161468,799
12.54,18,15794893.643185,157.945119352,0.000000,-5101927.217562,829
13.05,19,15771584.237784,157.712015889,0.000000,-4560268.167396,859
13.53,20,15742190.943084,157.418073281,0.000000,-4257066.866286,889
14.06,21,15711909.937770,157.115251184,0.000000,-4677219.252204,919
14.56,22,15664669.913490,156.642825992,0.000000,-4648690.118261,949
15.10,23,15584649.090018,155.842557566,0.000000,-4624925.704000,979
15.59,24,15448551.242222,154.481528462,0.000000,-4749535.861211,1006
16.14,25,15368714.510788,153.683154813,0.000000,-4527162.651789,1036
16.66,26,15328516.857310,153.281143140,0.000000,-4279838.196800,1066
17.20,27,15245785.597548,152.453798932,0.000000,-4193245.260814,1096
17.81,28,15152067.846238,151.516563161,0.000000,-4332184.420570,1126
18.33,29,15095178.735760,150.947631813,0.000000,-4235727.431751,1156
18.86,30,15000831.805556,150.004113818,0.000000,-4434090.803402,1186
19.42,31,14925696.412791,149.252712242,0.000000,-4178938.083164,1216
20.00,32,14849531.225898,148.491018338,0.000000,-4125409.545662,1246
20.55,33,14767427.585955,147.669948644,0.000000,-4105347.162804,1276
21.10,34,14687298.922932,146.868622331,0.000000,-3991964.857721,1306
21.81,35,14601921.056904,146.014822813,0.000000,-4061461.332384,1336
22.41,36,14535209.510870,145.347684331,0.000000,-4096752.384989,1366
23.00,37,14494056.159506,144.936122467,0.000000,-4028231.750569,1395
23.59,38,14452995.806336,144.525502631,0.000000,-3872980.511230,1416
24.22,39,14365892.262124,143.654422978,0.000000,-4067874.809360,1444
24.84,40,14283759.503497,142.833046631,0.000000,-4238835.104370,1471
25.46,41,14247304.515796,142.468471795,0.000000,-4065467.895038,1496
26.09,42,14176278.760899,141.758177757,0.000000,-3795527.872911,1525
26.70,43,14156509.504544,141.560479593,0.000000,-3677204.612624,1554
27.33,44,14122910.407392,141.224478087,0.000000,-3996280.769686,1581
27.98,45,14060359.836476,140.598948770,0.000000,-3783251.769682,1611
28.63,46,14012369.855931,140.119020720,0.000000,-3587446.684276,1641
29.27,47,13961939.472019,139.614693310,0.000000,-3624421.371145,1662
29.91,48,13902118.576819,139.016444283,0.000000,-3787837.450964,1687
30.58,49,13794881.432879,137.944014778,0.000000,-3755654.714723,1703
31.21,50,13639860.385399,136.393772247,0.000000,-3627853.255681,1721
31.91,51,13541799.054408,135.413124671,0.000000,-3688699.410543,1748
32.59,52,13472924.465724,134.724370503,0.000000,-3718931.773379,1776
33.26,53,13430143.264633,134.296540661,0.000000,-3661393.377839,1806
33.92,54,13347575.995402,133.470811492,0.000000,-3617478.344079,1829
34.61,55,13304861.783103,133.043661177,0.000000,-3470798.421737,1859
35.31,56,13242417.927009,132.419214403,0.000000,-3637954.833179,1878
36.04,57,13183424.330127,131.829246833,0.000000,-3498006.327968,1908
36.87,58,13128228.755694,131.277264700,0.000000,-3484851.224242,1926
37.55,59,13069992.435815,130.694882056,0.000000,-3554308.496576,1943
38.18,60,12983710.734354,129.832015240,0.000000,-3437188.061979,1965
38.86,61,12925298.395846,129.247859532,0.000000,-3932815.349521,1995
39.53,62,12860615.278173,128.601005494,0.000000,-3412993.915188,2018
40.24,63,12822446.689349,128.219303579,0.000000,-3623058.096741,2034
40.90,64,12801907.943021,128.013905048,0.000000,-3282303.217278,2050
41.60,65,12767429.691978,127.669103302,0.000000,-3529729.016997,2061
42.32,66,12735134.109487,127.346135757,0.000000,-3441424.048003,2083
43.04,67,12707554.063130,127.070324036,0.000000,-3627018.472824,2106
43.76,68,12687019.069959,126.864965796,0.000000,-3401674.496820,2136
44.53,69,12659229.424923,126.587047472,0.000000,-3735012.471013,2164
45.27,70,12630450.000733,126.299233598,0.000000,-3505953.188239,2181
46.04,71,12589455.173121,125.889278819,0.000000,-3577515.021340,2204
46.78,72,12542822.482882,125.422928249,0.000000,-3687244.443850,2224
47.62,73,12516699.466987,125.161689052,0.000000,-3374080.179336,2253
48.35,74,12495568.106195,124.950367817,0.000000,-3174925.152219,2276
49.10,75,12478195.956365,124.776629949,0.000000,-3426028.179480,2290
49.77,76,12452318.955724,124.517847271,0.000000,-3222578.069794,2309
50.43,77,12431807.269429,124.312713867,0.000000,-3445057.563983,2339
51.19,78,12402457.536770,124.019208974,0.000000,-3354498.221638,2369
51.90,79,12372065.420066,123.715270369,0.000000,-3291817.166450,2387
52.65,80,12316584.810115,123.160432795,0.000000,-3147930.416747,2417
53.43,81,12299408.171776,122.988654279,0.000000,-3422534.924552,2447
54.24,82,12282921.415068,122.823783191,0.000000,-3196722.316906,2463
55.02,83,12226427.900579,122.258814886,0.000000,-3353483.849729,2493
55.79,84,12179484.035910,121.789352953,0.000000,-3631059.830023,2510
56.72,85,12114712.405331,121.141612696,0.000000,-3386327.996271,2540
57.50,86,12048451.521843,120.478968248,0.000000,-3367774.720705,2565
58.30,87,11984789.161418,119.842325514,0.000000,-3394166.200032,2590
59.12,88,11952356.491690,119.517988026,0.000000,-3250942.756627,2620
59.88,89,11922404.694345,119.218454276,0.000000,-3109734.380397,2635
60.69,90,11904153.655276,119.035943634,0.000000,-3123244.606317,2665
61.53,91,11892660.137404,118.921002655,0.000000,-3177213.773129,2694
62.41,92,11868445.593515,118.678837251,0.000000,-3270379.326782,2724
63.25,93,11847207.392686,118.466453817,0.000000,-3277554.752792,2747
64.08,94,11822003.735699,118.214403556,0.000000,-3396968.080744,2773
64.89,95,11797076.432603,117.965129974,0.000000,-3426469.151005,2800
65.73,96,11776879.188210,117.763144810,0.000000,-3136249.713819,2830
66.54,97,11759888.908652,117.593249546,0.000000,-3087984.248988,2860
67.35,98,11732084.050954,117.315189516,0.000000,-3222016.135672,2890
68.19,99,11721252.725291,117.206875317,0.000000,-3104267.669544,2920
69.10,100,11704502.884339,117.039366924,0.000000,-3232831.574691,2950
69.90,101,11681549.437748,116.809824850,0.000000,-3281031.389402,2980
70.70,102,11657260.284289,116.566929769,0.000000,-3135904.417164,3010
71.58,103,11629666.514105,116.290977835,0.000000,-3241699.780985,3040
72.40,104,11605059.509274,116.044883548,0.000000,-3320747.592502,3064
73.27,105,11569447.693416,115.688742873,0.000000,-3221385.471381,3094
74.16,106,11528536.085937,115.279629881,0.000000,-3273893.664572,3124
75.05,107,11477981.553121,114.774059755,0.000000,-3314740.327461,3154
75.88,108,11459141.690702,114.585662570,0.000000,-3182719.474053,3180
76.66,109,11431889.075600,114.313127140,0.000000,-3295372.314302,3210
77.71,110,11413814.698857,114.132378529,0.000000,-3259780.305568,3240
78.59,111,11399133.870154,113.985567300,0.000000,-3148269.097025,3270
79.46,112,11390624.474066,113.900468877,0.000000,-3185392.091798,3300
80.45,113,11375424.311613,113.748461429,0.000000,-3064805.070277,3314
81.37,114,11363330.120915,113.627511465,0.000000,-3187877.242821,3344
82.25,115,11349593.753614,113.490134100,0.000000,-2977764.787228,3374
83.26,116,11339818.911540,113.392382170,0.000000,-2890403.766984,3404
84.14,117,11318251.746453,113.176710142,0.000000,-3053182.937639,3434
84.99,118,11288089.065896,112.875075516,0.000000,-3013209.895854,3464
85.98,119,11267945.775278,112.673642747,0.000000,-2938508.686633,3494
86.96,120,11220019.632918,112.194368034,0.000000,-3102159.270803,3524
87.92,121,11193172.000101,111.925870871,0.000000,-3258670.103776,3554
88.85,122,11163279.767787,111.626934325,0.000000,-3400425.035100,3573
89.89,123,11142194.312424,111.416075762,0.000000,-3181152.356938,3603
90.92,124,11129912.980256,111.293259289,0.000000,-3284358.564397,3633
91.90,125,11109774.979648,111.091854858,0.000000,-3196396.301177,3661
92.85,126,11072659.941399,110.720685615,0.000000,-3101593.131493,3675
93.82,127,11034079.503125,110.334865800,0.000000,-3138521.833480,3705
94.86,128,10998792.100398,109.981976437,0.000000,-3250702.381167,3735
96.07,129,10967228.084719,109.666322643,0.000000,-2908208.033836,3764
97.18,130,10943346.334519,109.427499834,0.000000,-3342608.290805,3791
98.08,131,10918645.821225,109.180480530,0.000000,-3241690.557354,3821
99.12,132,10899516.166860,108.989174060,0.000000,-3306126.334198,3851
100.07,133,10862966.020980,108.623653140,0.000000,-3106037.884211,3881
101.08,134,10823335.560731,108.227333909,0.000000,-3146336.204869,3904
102.12,135,10787526.479323,107.869229191,0.000000,-3031216.797884,3923
103.31,136,10750662.169603,107.500560962,0.000000,-2696479.637801,3943
104.29,137,10718798.950574,107.181928173,0.000000,-3139137.676595,3973
105.39,138,10684669.924956,106.840614146,0.000000,-3116566.307189,4003
106.41,139,10642433.458930,106.418224712,0.000000,-3007846.381947,4033
107.47,140,10576303.357346,105.756891546,0.000000,-3172849.569794,4063
108.41,141,10542242.985937,105.416270763,0.000000,-3355576.541176,4093
109.53,142,10482228.904620,104.816119405,0.000000,-3054350.410238,4123
110.48,143,10416731.563696,104.161115480,0.000000,-3203257.700773,4153
111.49,144,10358332.416138,103.577130290,0.000000,-3013631.960536,4183
112.74,145,10319748.713533,103.191277366,0.000000,-2985983.792097,4213
113.98,146,10289617.605960,102.889947627,0.000000,-2929630.069729,4243
115.12,147,10251877.523046,102.512536298,0.000000,-3058505.908975,4255
116.44,148,10213931.810741,102.133049434,0.000000,-3029920.317035,4285
117.63,149,10141011.674433,101.403825961,0.000000,-3275112.035564,4315
118.70,150,10093082.265654,100.924501548,0.000000,-3264219.881749,4339
119.66,151,10049687.837038,100.490546775,0.000000,-3155973.459914,4369
120.84,152,10005932.790718,100.052987535,0.000000,-2886215.397854,4399
121.97,153,9963050.462432,99.624127202,0.000000,-3154907.698058,4415
122.95,154,9932401.102318,99.317616498,0.000000,-2883355.956957,4445
124.13,155,9905372.998851,99.047324482,0.000000,-3158553.162550,4475
125.29,156,9885546.628452,98.849047029,0.000000,-3028867.969118,4505
126.59,157,9871116.921841,98.704742854,0.000000,-3243722.695289,4535
127.73,158,9845221.583763,98.445772823,0.000000,-2971966.347230,4565
128.87,159,9817342.035397,98.166955662,0.000000,-3103474.612542,4595
130.13,160,9791204.554018,97.905570871,0.000000,-3052520.474241,4625
131.27,161,9742912.759995,97.422642466,0.000000,-3114413.736039,4655
132.36,162,9728559.015591,97.279097169,0.000000,-3172088.197312,4685
133.77,163,9710688.590550,97.100391333,0.000000,-2827115.643911,4714
134.94,164,9682354.397443,96.817040087,0.000000,-3006314.302942,4738
136.32,165,9661846.497913,96.611931817,0.000000,-2859215.130618,4768
137.40,166,9633169.038318,96.325152530,0.000000,-3032275.067138,4798
138.89,167,9597162.624452,95.965070428,0.000000,-2897236.391718,4828
140.23,168,9558517.937984,95.578611251,0.000000,-2904886.190189,4858
141.65,169,9518271.117903,95.176131809,0.000000,-2965886.854744,4888
143.05,170,9504244.644681,95.035858825,0.000000,-2927985.019842,4918
144.27,171,9457083.740535,94.564200294,0.000000,-2838900.257763,4930
145.47,172,9423095.794735,94.224275262,0.000000,-2999165.309354,4944
146.86,173,9384207.212793,93.835377985,0.000000,-3094583.674973,4974
148.27,174,9335515.939090,93.348422617,0.000000,-2959211.076617,5004
149.64,175,9282008.153618,92.813330433,0.000000,-3104807.846959,5033
151.08,176,9230689.234739,92.300105170,0.000000,-3093687.499298,5063
152.19,177,9204477.922416,92.037987412,0.000000,-2947251.430262,5092
153.49,178,9182590.954093,91.819111255,0.000000,-2978899.323837,5122
154.85,179,9169313.050272,91.686325139,0.000000,-2766150.471459,5152
156.16,180,9157443.595391,91.567625169,0.000000,-2848148.451062,5182
157.61,181,9137851.652730,91.371697035,0.000000,-2813102.921528,5212
159.08,182,9127207.149590,91.265247689,0.000000,-2711280.453493,5242
160.41,183,9106072.516851,91.053894113,0.000000,-2828752.386348,5272
161.84,184,9085966.654658,90.852829275,0.000000,-2841142.663959,5302
163.21,185,9058089.436726,90.574054782,0.000000,-2802827.579581,5332
164.57,186,9047450.882072,90.467663895,0.000000,-2874292.243207,5362
166.24,187,9024010.145866,90.233242658,0.000000,-2735490.761345,5386
168.00,188,9012608.861446,90.119221607,0.000000,-2811704.605547,5412
169.25,189,8997556.576060,89.968683331,0.000000,-2691645.120637,5440
170.77,190,8973120.011122,89.724306054,0.000000,-2574344.992122,5470
172.29,191,8947766.792420,89.470770934,0.000000,-2805801.614375,5500
173.81,192,8918142.915901,89.174509909,0.000000,-2653721.926904,5530
175.28,193,8892748.226265,88.920555408,0.000000,-2900929.745089,5548
177.01,194,8869951.977024,88.692582998,0.000000,-2755489.810987,5578
178.65,195,8826094.264299,88.254006475,0.000000,-2827335.817126,5608
180.04,196,8802082.542678,88.013874830,0.000000,-2759357.635689,5633
181.44,197,8764135.295701,87.634391573,0.000000,-2656531.334226,5663
183.14,198,8740416.111516,87.397189846,0.000000,-2534675.595683,5693
184.54,199,8706437.786553,87.057394573,0.000000,-2794251.514442,5723
186.20,200,8662911.673866,86.622117183,0.000000,-2515534.287418,5753
187.87,201,8631443.904788,86.307423357,0.000000,-2653608.010708,5783
189.49,202,8602471.020433,86.017669597,0.000000,-2584334.163689,5801
191.09,203,8566677.688384,85.659705880,0.000000,-2865208.199348,5831
192.80,204,8520166.176822,85.194579635,0.000000,-2815761.513180,5861
194.35,205,8485018.909054,84.843091089,0.000000,-2748033.295514,5891
195.93,206,8450434.039637,84.497220947,0.000000,-2884898.574384,5921
197.38,207,8392744.852385,83.920275086,0.000000,-2861676.265641,5951
198.98,208,8352771.423300,83.520510238,0.000000,-2553609.253941,5981
200.46,209,8323436.441043,83.227148264,0.000000,-2957067.808009,6011
202.37,210,8270941.091028,82.702157741,0.000000,-2688792.014691,6031
204.24,211,8235986.900960,82.352590091,0.000000,-2538796.744781,6056
205.76,212,8213720.322365,82.129921990,0.000000,-2562839.646863,6086
207.36,213,8182754.925241,81.820262013,0.000000,-2527380.625252,6116
208.97,214,8161804.225892,81.610746074,0.000000,-2741366.372492,6146
210.79,215,8143124.235894,81.423932593,0.000000,-2559330.707347,6176
212.46,216,8129388.116515,81.286571410,0.000000,-2635145.524880,6206
214.10,217,8118666.053834,81.179347781,0.000000,-2531118.362636,6236
215.66,218,8105611.142229,81.048789476,0.000000,-2267730.871255,6266
217.32,219,8087345.867607,80.866122872,0.000000,-2583262.401402,6296
218.88,220,8069238.019434,80.685036009,0.000000,-2437884.578736,6310
220.49,221,8050853.511365,80.501181576,0.000000,-2542200.921700,6340
222.18,222,8027894.014637,80.271577795,0.000000,-2539920.894010,6370
224.00,223,8008945.149390,80.082090359,0.000000,-2650014.644127,6400
225.79,224,7978739.913598,79.780019221,0.000000,-2524339.612366,6413
227.36,225,7951155.481810,79.504161631,0.000000,-2844146.894533,6443
229.14,226,7933844.902250,79.331047062,0.000000,-2462939.780292,6473
231.08,227,7920602.450826,79.198615530,0.000000,-2575278.913163,6503
232.92,228,7899347.077898,78.986047926,0.000000,-2528871.791199,6533
234.64,229,7858992.336685,78.582471737,0.000000,-2771180.540850,6563
236.45,230,7835633.614717,78.348862940,0.000000,-2487684.252144,6593
238.49,231,7815498.876420,78.147509843,0.000000,-2764402.219459,6623
240.15,232,7779700.460629,77.789495765,0.000000,-2812032.153299,6653
241.84,233,7749010.167433,77.482575763,0.000000,-2562472.473137,6672
243.78,234,7726864.615819,77.261106682,0.000000,-2666968.783412,6702
245.46,235,7717466.505620,77.167122604,0.000000,-2614730.700263,6732
247.36,236,7699445.934842,76.986904923,0.000000,-2562044.989048,6762
249.27,237,7688204.412830,76.874488394,0.000000,-2685690.724230,6792
251.33,238,7677841.241417,76.770852401,0.000000,-2428286.107836,6822
253.15,239,7661546.848481,76.607897129,0.000000,-2689090.195299,6852
254.87,240,7638496.838703,76.377380821,0.000000,-2724871.661981,6882
256.76,241,7619875.554811,76.191148535,0.000000,-2548993.931243,6912
259.22,242,7604494.116416,76.037325657,0.000000,-2833488.126873,6942
260.90,243,7585126.127242,75.843632439,0.000000,-2525323.012256,6950
262.79,244,7551265.825323,75.505016281,0.000000,-2483474.885175,6980
265.55,245,7527451.982406,75.266870202,0.000000,-2576499.921954,7010
267.26,246,7510026.855428,75.092608277,0.000000,-2594304.878589,7040
269.35,247,7481502.520469,74.807356607,0.000000,-2273798.902496,7070
271.18,248,7462435.867854,74.616686403,0.000000,-2564260.730695,7084
272.91,249,7437528.746156,74.367608791,0.000000,-2393578.305733,7114
275.02,250,7422200.372180,74.214317552,0.000000,-2469610.141354,7144
276.81,251,7400826.522973,74.000573515,0.000000,-2577914.259200,7174
278.70,252,7377381.633296,73.766117364,0.000000,-2326038.118447,7190
280.72,253,7364273.287533,73.635030810,0.000000,-2411289.706582,7220
283.12,254,7346823.617339,73.460535120,0.000000,-2337680.468626,7250
285.03,255,7319754.635016,73.189840185,0.000000,-2462446.763633,7280
287.48,256,7304412.643671,73.036415785,0.000000,-2189453.877753,7310
289.83,257,7272813.875133,72.720405198,0.000000,-2527108.528537,7340
291.66,258,7256440.198786,72.556666124,0.000000,-2336139.853205,7365
293.74,259,7245035.736931,72.442617806,0.000000,-2293150.062486,7395
295.81,260,7229745.249229,72.289704404,0.000000,-2250824.924843,7425
297.69,261,7211506.604711,72.107304760,0.000000,-2304179.150779,7455
299.89,262,7192971.244498,71.921936457,0.000000,-2577886.774679,7485
302.77,263,7180674.803706,71.798961194,0.000000,-2469024.263502,7515
304.78,264,7169039.571950,71.682597376,0.000000,-2504703.043216,7545
306.82,265,7161430.451605,71.606501035,0.000000,-2444167.262609,7568
308.58,266,7156073.835608,71.552931096,0.000000,-2367646.840381,7598
310.98,267,7148686.834865,71.479050927,0.000000,-2520705.265392,7628
313.23,268,7124497.423690,71.237133622,0.000000,-2619077.149302,7658
315.40,269,7091868.410694,70.910815025,0.000000,-2471924.762603,7688
317.28,270,7073219.265490,70.724300379,0.000000,-2687906.645997,7703
319.53,271,7033719.284374,70.329255855,0.000000,-2665432.953319,7733
321.83,272,7007877.649293,70.070820137,0.000000,-2660076.180727,7763
324.26,273,6989053.496394,69.882562622,0.000000,-2444846.609986,7793
326.75,274,6963643.415338,69.628446297,0.000000,-2554557.823055,7809
329.28,275,6943273.464975,69.424729443,0.000000,-2372202.457638,7839
331.54,276,6931636.590054,69.308360072,0.000000,-2165326.124852,7869
334.17,277,6908411.252453,69.076092843,0.000000,-2415606.418838,7891
336.52,278,6886103.106719,68.852998380,0.000000,-2434829.548062,7907
338.57,279,6871370.535547,68.705659620,0.000000,-2241932.623742,7935
340.73,280,6861306.146969,68.605004014,0.000000,-2472259.075404,7965
343.00,281,6845831.655531,68.450250420,0.000000,-2313072.657265,7995
345.24,282,6833028.953560,68.322218458,0.000000,-2355144.834888,8025
347.47,283,6816618.777036,68.158117602,0.000000,-2482626.558706,8055
349.70,284,6798311.364526,67.975033077,0.000000,-2286566.953730,8085
351.76,285,6777653.470953,67.768449031,0.000000,-2344223.872665,8115
353.77,286,6759115.928128,67.583065434,0.000000,-2328746.525499,8145
356.24,287,6723557.622984,67.227474641,0.000000,-2388036.777906,8175
358.17,288,6702890.400838,67.020787196,0.000000,-2388439.457591,8205
360.42,289,6683574.767962,66.827610858,0.000000,-2368511.726492,8235
362.73,290,6666858.552178,66.660439253,0.000000,-2408909.534566,8254
365.49,291,6647568.404999,66.467529891,0.000000,-2272167.525945,8284
367.61,292,6629176.513279,66.283591902,0.000000,-2136828.192481,8306
370.28,293,6615719.748606,66.149016749,0.000000,-2060952.021360,8336
372.30,294,6599158.859167,65.983400351,0.000000,-2007929.708031,8366
374.47,295,6577637.967366,65.768179469,0.000000,-2441592.641491,8396
376.72,296,6552393.869147,65.515722242,0.000000,-2308803.309722,8426
379.45,297,6536282.378206,65.354594643,0.000000,-2370608.569100,8456
381.74,298,6518239.439262,65.174158770,0.000000,-2320541.899089,8486
384.23,299,6494779.147910,64.939548107,0.000000,-2277354.131743,8516
386.35,300,6471331.802659,64.705055478,0.000000,-2171824.339481,8546
388.35,301,6434327.272726,64.334981139,0.000000,-2143994.431864,8576
390.45,302,6411796.338324,64.109658886,0.000000,-2286759.048996,8606
392.99,303,6391355.503859,63.905226692,0.000000,-2200799.530019,8636
395.68,304,6367725.738536,63.668927406,0.000000,-1960442.530955,8666
397.90,305,6352191.248772,63.513568120,0.000000,-1963101.505378,8696
400.53,306,6338523.088487,63.376882501,0.000000,-1938798.416340,8726
402.80,307,6318972.568029,63.181370859,0.000000,-2247061.927501,8756
404.98,308,6304700.838261,63.038649025,0.000000,-2165708.923423,8786
407.24,309,6296109.389415,62.952730248,0.000000,-2067036.285421,8816
409.34,310,6280158.109240,62.793202562,0.000000,-1923574.620626,8846
412.03,311,6257502.018519,62.566629298,0.000000,-2393520.768164,8876
414.60,312,6227585.745449,62.267449144,0.000000,-2439638.397235,8906
416.94,313,6208694.823583,62.078523617,0.000000,-2341836.492775,8936
419.23,314,6189138.753954,61.882943843,0.000000,-2419902.287274,8952
421.99,315,6159870.963751,61.590246496,0.000000,-2194046.522477,8982
424.45,316,6145383.844104,61.445360091,0.000000,-2247219.888468,9012
426.81,317,6127039.837266,61.261902758,0.000000,-2280364.887024,9042
428.97,318,6112303.249191,61.114521263,0.000000,-2154859.527823,9072
431.29,319,6091683.599301,60.908310420,0.000000,-2376545.085115,9102
433.77,320,6077046.099300,60.761925602,0.000000,-2132868.724450,9132
436.67,321,6066601.042975,60.657462949,0.000000,-2501002.208738,9149
439.09,322,6058512.477236,60.576574273,0.000000,-2113283.290118,9179
441.25,323,6045964.227632,60.451080782,0.000000,-2104206.992628,9209
444.13,324,6037657.477420,60.368009395,0.000000,-2173562.845178,9239
446.25,325,6031672.210483,60.308150805,0.000000,-2298257.113818,9269
448.66,326,6028764.156952,60.279070124,0.000000,-2360631.048818,9299
450.87,327,6022701.326709,60.218437627,0.000000,-2259083.130173,9329
453.37,328,6017324.692677,60.164668122,0.000000,-2195798.939435,9347
455.64,329,6012862.905386,60.120048341,0.000000,-2283612.545705,9377
458.11,330,6008190.381615,60.073318221,0.000000,-2129289.080575,9407
460.10,331,6003931.373305,60.030725986,0.000000,-2115236.825701,9437
462.81,332,5995089.924444,59.942306688,0.000000,-2318480.401093,9467
465.09,333,5985448.811417,59.845887980,0.000000,-2267099.117382,9497
467.20,334,5981130.293773,59.802703012,0.000000,-2339033.710038,9527
469.81,335,5974406.572203,59.735464633,0.000000,-1917122.129949,9557
472.27,336,5969923.241167,59.690628148,0.000000,-2201322.595502,9587
474.99,337,5963150.767295,59.622897943,0.000000,-2183342.543625,9617
477.26,338,5955943.613140,59.550817902,0.000000,-2141263.784437,9647
480.02,339,5949480.379742,59.486180453,0.000000,-2104683.496817,9677
482.27,340,5945307.166708,59.444445893,0.000000,-2059229.411041,9707
484.71,341,5938393.394755,59.375299200,0.000000,-2289108.182084,9717
486.74,342,5932971.687962,59.321081473,0.000000,-2054613.074774,9747
489.12,343,5928010.994840,59.271469502,0.000000,-1978591.041160,9777
491.68,344,5921785.232182,59.209205725,0.000000,-1958389.397832,9807
494.18,345,5915466.238825,59.146005959,0.000000,-2274143.219407,9837
496.81,346,5901254.600265,59.003872718,0.000000,-2219616.201431,9867
499.27,347,5889800.856474,58.889328425,0.000000,-2109607.395719,9897
501.81,348,5877523.202230,58.766541875,0.000000,-2023320.174899,9927
504.01,349,5868395.322951,58.675255827,0.000000,-1971874.968081,9957
506.48,350,5855076.145743,58.542052120,0.000000,-2194970.124629,9987
509.12,351,5834329.287136,58.334560113,0.000000,-2146117.564569,10017
511.20,352,5817198.653950,58.163243011,0.000000,-2059343.965201,10047
514.07,353,5804711.529734,58.038370747,0.000000,-2050700.236869,10077
516.66,354,5784733.505927,57.838577944,0.000000,-2123242.514414,10107
519.58,355,5766114.670507,57.652379145,0.000000,-2302476.106494,10137
522.90,356,5745431.659109,57.445538068,0.000000,-2082940.485068,10167
525.60,357,5730813.726831,57.299345413,0.000000,-2063955.098356,10197
528.39,358,5709711.970175,57.088314670,0.000000,-1940556.824920,10227
530.90,359,5701143.367463,57.002620868,0.000000,-1867468.185176,10257
533.36,360,5687397.751122,56.865151811,0.000000,-1953654.270528,10287
535.79,361,5670003.267850,56.691194837,0.000000,-1959082.903352,10317
538.95,362,5657389.675886,56.565047757,0.000000,-1969357.359589,10347
541.45,363,5643671.527011,56.427854448,0.000000,-2196785.470376,10377
544.78,364,5616941.801210,56.160534531,0.000000,-2121687.189582,10407
547.75,365,5601726.937846,56.008372862,0.000000,-2036601.143121,10437
550.23,366,5590696.238758,55.898058628,0.000000,-2199084.448308,10467
552.54,367,5575950.978340,55.750592189,0.000000,-1891503.364128,10497
555.47,368,5556271.601163,55.553779054,0.000000,-2008387.337208,10527
558.19,369,5543340.611637,55.424459108,0.000000,-1606077.624679,10541
560.68,370,5533786.260475,55.328911279,0.000000,-1828773.562696,10571
563.89,371,5520162.886661,55.192669149,0.000000,-1778510.514950,10601
566.60,372,5505181.000252,55.042836303,0.000000,-1930285.099489,10631
569.31,373,5494929.464903,54.940314710,0.000000,-1854975.240468,10661
572.25,374,5480023.270884,54.791247208,0.000000,-1943288.238050,10691
575.27,375,5465250.992320,54.643514751,0.000000,-2132149.105262,10721
578.06,376,5452168.733714,54.512685425,0.000000,-1926239.469481,10749
580.59,377,5440909.569338,54.400082846,0.000000,-1953118.948477,10779
583.96,378,5429557.569415,54.286557892,0.000000,-2027539.800129,10792
586.54,379,5421156.970201,54.202548170,0.000000,-2007714.071961,10822
589.45,380,5413134.521411,54.122317368,0.000000,-1766613.750857,10834
592.98,381,5405302.193393,54.043990093,0.000000,-1818520.986796,10864
596.19,382,5393904.050672,53.929999244,0.000000,-1808830.664897,10894
599.41,383,5386452.784165,53.855478797,0.000000,-1953462.714725,10907
602.31,384,5376928.669685,53.760232531,0.000000,-1859781.090309,10937
605.26,385,5370021.223167,53.691157427,0.000000,-1908908.111834,10956
608.56,386,5358635.903560,53.577297641,0.000000,-1966052.673177,10986
611.65,387,5346571.560769,53.456647383,0.000000,-2090311.511489,11016
615.11,388,5337407.447781,53.364992065,0.000000,-2053221.213404,11046
618.73,389,5327686.713441,53.267776560,0.000000,-1935363.224428,11076
622.15,390,5313036.448134,53.121261029,0.000000,-1884435.750417,11106
625.40,391,5293800.854779,52.928895663,0.000000,-2095548.104546,11136
628.84,392,5283502.796368,52.825907601,0.000000,-1942606.480522,11166
632.21,393,5273723.013406,52.728105067,0.000000,-1983583.516406,11196
635.85,394,5262160.168344,52.612478260,0.000000,-1913033.981530,11205
638.71,395,5248616.669080,52.477034681,0.000000,-1777677.466201,11235
641.68,396,5227589.809613,52.266744150,0.000000,-1959233.076571,11265
645.47,397,5211802.816809,52.108864575,0.000000,-1839257.948503,11295
648.66,398,5197871.028691,51.969542536,0.000000,-1813884.458732,11305
652.04,399,5191137.837131,51.902210246,0.000000,-2107462.484971,11335
655.08,400,5179193.557879,51.782751951,0.000000,-1893361.227960,11349
658.63,401,5166089.699819,51.651713057,0.000000,-2013158.555850,11379
662.52,402,5154634.277660,51.537149818,0.000000,-1818572.801370,11409
665.25,403,5143420.256503,51.425004200,0.000000,-1891898.384821,11439
669.12,404,5136117.221774,51.351968571,0.000000,-1664999.392928,11469
672.56,405,5130216.327455,51.292957723,0.000000,-1799309.013580,11499
675.61,406,5121480.098408,51.205589337,0.000000,-1914454.999658,11509
678.20,407,5114982.215148,51.140607755,0.000000,-1753910.442637,11539
681.70,408,5105089.270316,51.041675931,0.000000,-1656281.133173,11569
685.56,409,5082708.008116,50.817853504,0.000000,-1695133.040868,11599
688.57,410,5066891.159779,50.659678246,0.000000,-1771192.609456,11629
692.07,411,5039272.852003,50.383485858,0.000000,-1969961.531679,11659
695.50,412,5010547.563887,50.096216059,0.000000,-1884475.484413,11689
698.51,413,4997373.332045,49.964466816,0.000000,-1689216.181324,11699
702.08,414,4982924.748738,49.819977759,0.000000,-1733830.610363,11729
705.54,415,4956434.500020,49.555062517,0.000000,-1887860.072576,11759
709.11,416,4938187.100045,49.372577532,0.000000,-1700978.556242,11789
712.63,417,4911380.310176,49.104496067,0.000000,-1601052.524541,11819
716.24,418,4897861.103360,48.969300831,0.000000,-1515535.652868,11849
719.78,419,4885679.938472,48.847481598,0.000000,-1506124.672517,11857
724.20,420,4874187.550342,48.732551237,0.000000,-1583736.374868,11887
727.81,421,4869844.757361,48.689120193,0.000000,-1600542.931232,11917
731.12,422,4863793.517708,48.628605437,0.000000,-1547307.417201,11947
735.15,423,4858062.964945,48.571295808,0.000000,-1572015.289418,11977
738.87,424,4846948.083478,48.460133104,0.000000,-1623739.444788,12007
742.75,425,4830062.904976,48.291271818,0.000000,-1814252.357590,12037
746.12,426,4816309.442617,48.153736272,0.000000,-1683452.251772,12045
750.52,427,4797534.372526,47.965976146,0.000000,-1793242.730916,12059
754.81,428,4785296.184900,47.843578409,0.000000,-1792841.701636,12089
758.49,429,4774286.168472,47.733472112,0.000000,-1752585.211889,12119
762.15,430,4766725.070184,47.657855994,0.000000,-1684480.936442,12149
765.38,431,4756101.278950,47.551606953,0.000000,-1822181.966025,12179
768.95,432,4745139.671297,47.441982711,0.000000,-1751651.184958,12209
771.87,433,4739816.770024,47.388743265,0.000000,-1772692.523394,12239
775.81,434,4730068.794337,47.291260699,0.000000,-1568204.010612,12269
779.73,435,4713347.769506,47.124033944,0.000000,-2008074.600955,12299
783.33,436,4697214.833660,46.962698061,0.000000,-1626115.762711,12313
788.15,437,4683026.875145,46.820798548,0.000000,-1579061.596767,12343
791.86,438,4671849.240720,46.709019484,0.000000,-1662635.491313,12373
796.03,439,4660392.491357,46.594444366,0.000000,-1775285.315789,12403
799.66,440,4651465.342505,46.505170287,0.000000,-1645201.770352,12433
803.26,441,4635199.727047,46.342490468,0.000000,-1642579.308939,12463
807.28,442,4625082.611187,46.241305060,0.000000,-1668214.360626,12493
811.66,443,4605053.015079,46.041002942,0.000000,-1784367.546321,12523
814.79,444,4589238.915097,45.882842277,0.000000,-1731099.554974,12553
818.40,445,4575996.708723,45.750405369,0.000000,-1814227.099292,12583
822.16,446,4560769.150376,45.598121515,0.000000,-1713379.600537,12602
826.25,447,4549089.312943,45.481304051,0.000000,-1762856.283683,12632
829.98,448,4533802.234899,45.328415276,0.000000,-1860156.436351,12648
834.00,449,4520658.214561,45.196964023,0.000000,-1670329.600329,12678
837.15,450,4507308.580456,45.063467942,0.000000,-1678735.648354,12708
841.47,451,4493918.171789,44.929544899,0.000000,-1868263.669240,12738
845.62,452,4480432.538219,44.794687029,0.000000,-1642357.997261,12768
849.30,453,4468917.201998,44.679522743,0.000000,-1402710.316711,12798
853.18,454,4456551.340116,44.555854586,0.000000,-1609056.056318,12828
857.00,455,4449884.771498,44.489185927,0.000000,-1606514.147905,12858
861.22,456,4440259.675255,44.392920996,0.000000,-1572283.625027,12888
865.66,457,4432373.726427,44.314056564,0.000000,-1499952.512285,12918
870.05,458,4414934.568248,44.139649316,0.000000,-1728787.395707,12948
874.07,459,4406884.515954,44.059137008,0.000000,-1729141.783702,12978
878.02,460,4386354.054459,43.853815400,0.000000,-1811240.780924,13008
882.21,461,4375928.186398,43.749544568,0.000000,-1749993.097178,13038
887.03,462,4360879.924111,43.599049861,0.000000,-1750750.361104,13068
892.13,463,4342889.612213,43.419129943,0.000000,-1762150.572688,13082
895.70,464,4326311.154428,43.253334338,0.000000,-1572297.882222,13112
899.14,465,4318642.092228,43.176639540,0.000000,-1507513.754260,13142
904.57,466,4307147.933817,43.061684804,0.000000,-1611421.568493,13172
909.17,467,4300633.394086,42.996535398,0.000000,-1566364.641460,13202
913.24,468,4290917.339887,42.899369564,0.000000,-1542039.416596,13232
916.93,469,4273557.558343,42.725757257,0.000000,-1526535.645358,13262
921.28,470,4261710.568293,42.607267556,0.000000,-1683219.234385,13277
925.13,471,4245788.077639,42.448031394,0.000000,-1610580.501987,13307
929.18,472,4229997.181861,42.290108431,0.000000,-1668104.741413,13337
933.61,473,4212071.265564,42.110838986,0.000000,-1725558.654213,13367
938.06,474,4200126.069349,41.991374486,0.000000,-1632898.381841,13397
942.64,475,4187166.733819,41.861771887,0.000000,-1774447.794258,13427
946.21,476,4174636.277409,41.736460490,0.000000,-1734736.496678,13457
950.47,477,4160946.537846,41.599552941,0.000000,-1579847.275822,13487
954.52,478,4152648.530645,41.516564282,0.000000,-1604559.118341,13517
958.84,479,4141917.960701,41.409250772,0.000000,-1589894.915306,13547
962.67,480,4133729.754758,41.327361434,0.000000,-1595666.642761,13555
967.43,481,4125253.171587,41.242582105,0.000000,-1730792.372674,13585
972.27,482,4110820.419800,41.098236938,0.000000,-1699371.359799,13615
975.70,483,4094930.110487,40.939323590,0.000000,-1720837.453147,13645
979.58,484,4085402.041737,40.844029735,0.000000,-1739658.368049,13675
983.88,485,4071853.726728,40.708540219,0.000000,-1700477.117839,13705
988.35,486,4054462.510005,40.534612417,0.000000,-1715691.039058,13735
992.37,487,4043979.121244,40.429770473,0.000000,-1731378.623443,13765
996.51,488,4032565.623766,40.315627251,0.000000,-1771524.827978,13790
1000.90,489,4017964.655849,40.169606010,0.000000,-1736770.208205,13820
1005.08,490,4005291.116999,40.042865322,0.000000,-1875858.623425,13850
1009.44,491,3994964.651833,39.939595164,0.000000,-1590411.226376,13880
1014.03,492,3984530.820697,39.835247667,0.000000,-1840117.967705,13910
1018.77,493,3976779.788976,39.757730378,0.000000,-1657450.086450,13940
1022.85,494,3969340.776623,39.683329485,0.000000,-1681993.420843,13970
1027.69,495,3962208.498034,39.612001093,0.000000,-1560039.762475,14000
1031.58,496,3956620.475159,39.556115713,0.000000,-1731755.134580,14030
1035.79,497,3943767.414314,39.427576379,0.000000,-1729731.797553,14060
1040.45,498,3927437.307017,39.264265311,0.000000,-1642128.648554,14090
1044.59,499,3916190.896528,39.151796835,0.000000,-1645793.238210,14120
1049.25,500,3899929.517890,38.989171172,0.000000,-1663566.903755,14150
1052.94,501,3884134.160731,38.831206099,0.000000,-1553194.397894,14180
1057.22,502,3876168.793761,38.751549809,0.000000,-1640222.408265,14210
1062.16,503,3869162.191726,38.681475316,0.000000,-1579134.052349,14224
1065.55,504,3861991.561012,38.609768259,0.000000,-1425808.469584,14232
1069.46,505,3850760.425554,38.497448400,0.000000,-1655299.961958,14262
1073.85,506,3840881.291286,38.398656354,0.000000,-1445987.633319,14292
1077.62,507,3828641.881699,38.276248073,0.000000,-1668435.108416,14322
1081.73,508,3818536.835025,38.175189823,0.000000,-1549048.893962,14352
1086.44,509,3811599.814477,38.105815888,0.000000,-1470172.141324,14382
1091.19,510,3800661.814510,37.996433235,0.000000,-1780194.166784,14412
1095.02,511,3793364.088463,37.923450064,0.000000,-1810956.349451,14442
1099.39,512,3780067.643317,37.790477507,0.000000,-1545144.299107,14472
1103.87,513,3771064.119930,37.700429977,0.000000,-1624125.768469,14502
1108.09,514,3764527.622495,37.635060132,0.000000,-1791351.115274,14532
1112.27,515,3750241.185194,37.492185881,0.000000,-1400189.294651,14562
1117.17,516,3742889.490345,37.418666533,0.000000,-1519131.601763,14592
1121.75,517,3735888.313625,37.348649539,0.000000,-1359786.684009,14622
1125.85,518,3732520.881409,37.314973053,0.000000,-1511256.575633,14652
1129.99,519,3727115.214165,37.260911148,0.000000,-1601840.213009,14682
1134.30,520,3721107.816316,37.200831886,0.000000,-1526131.116239,14712
1138.73,521,3716004.244544,37.149792216,0.000000,-1476454.826216,14742
1143.48,522,3711103.492555,37.100779032,0.000000,-1528291.634233,14772
1147.23,523,3707616.406883,37.065903144,0.000000,-1317052.831883,14802
1150.85,524,3701509.044367,37.004820464,0.000000,-1605911.323661,14832
1155.72,525,3691936.618052,36.909090041,0.000000,-1607543.262069,14862
1159.85,526,3687575.240428,36.865470133,0.000000,-1454118.312681,14892
1164.27,527,3682282.341437,36.812538908,0.000000,-1575168.641805,14922
1168.90,528,3676158.422977,36.751294460,0.000000,-1494258.645040,14952
1174.81,529,3670555.247471,36.695258647,0.000000,-1335571.157426,14982
1179.67,530,3664515.282231,36.634852455,0.000000,-1462712.582074,15012
1184.69,531,3660636.482646,36.596060647,0.000000,-1443246.208957,15042
1189.30,532,3654953.948247,36.539229263,0.000000,-1418635.215757,15072
1193.96,533,3650305.548761,36.492741506,0.000000,-1390527.132415,15102
1198.32,534,3644609.591041,36.435777617,0.000000,-1345430.593276,15132
1202.75,535,3638892.260997,36.378598068,0.000000,-1453924.325010,15146
1207.94,536,3634322.248101,36.332892398,0.000000,-1293970.486400,15176
1212.79,537,3627228.219504,36.261946921,0.000000,-1277645.469597,15206
1218.45,538,3618844.455191,36.178102816,0.000000,-1286658.613068,15236
1223.19,539,3612585.297687,36.115505333,0.000000,-1157550.670536,15266
1227.23,540,3604925.828029,36.038904660,0.000000,-1581777.726675,15296
1231.49,541,3599113.404369,35.980779387,0.000000,-1193779.771222,15326
1236.94,542,3589939.938261,35.889039513,0.000000,-1369568.892280,15356
1242.97,543,3580792.567144,35.797562164,0.000000,-1201724.198658,15386
1249.22,544,3571580.503907,35.705428695,0.000000,-1195639.123426,15416
1253.51,545,3553773.627155,35.527341259,0.000000,-1289519.271141,15446
1258.79,546,3536765.853979,35.357254302,0.000000,-1188536.264063,15476
1265.17,547,3525226.550473,35.241853903,0.000000,-1274758.232937,15506
1270.66,548,3515727.192246,35.146847245,0.000000,-1191592.890934,15536
1275.81,549,3507636.266953,35.065932722,0.000000,-1212772.813116,15566
1280.69,550,3501081.743228,35.000381412,0.000000,-1302321.276962,15596
1285.12,551,3490393.390964,34.893484370,0.000000,-1283303.128772,15626
1291.24,552,3479495.418204,34.784495345,0.000000,-1232118.828714,15656
1296.10,553,3469457.283587,34.684102069,0.000000,-1215470.508657,15686
1301.16,554,3457580.268325,34.565322560,0.000000,-1372728.471872,15716
1305.95,555,3447430.086128,34.463812154,0.000000,-1335503.245973,15746
1311.52,556,3436192.788524,34.351423035,0.000000,-1060192.800919,15776
1318.09,557,3420258.486051,34.192079423,0.000000,-1257262.234136,15806
1324.58,558,3401373.847236,34.003217982,0.000000,-1408004.073371,15836
1331.33,559,3374566.380086,33.735133048,0.000000,-1260706.153527,15866
1336.78,560,3359319.852051,33.582660973,0.000000,-1305087.241424,15896
1342.48,561,3335807.518748,33.347544460,0.000000,-1198289.622423,15926
1349.08,562,3317499.589677,33.164448418,0.000000,-1165912.677774,15956
1354.17,563,3302403.721362,33.013486684,0.000000,-1081289.884034,15986
1360.27,564,3282678.883983,32.816218448,0.000000,-1174551.432447,15999
1365.40,565,3269616.341105,32.685578491,0.000000,-1286489.450686,16029
1370.37,566,3259682.687605,32.586227756,0.000000,-1469102.348274,16059
1375.75,567,3248399.608793,32.473388209,0.000000,-1449162.279561,16089
1380.83,568,3236930.028459,32.358671307,0.000000,-1376108.670365,16119
1385.75,569,3223917.010704,32.228533722,0.000000,-1185415.446942,16149
1390.74,570,3213922.945089,32.128583612,0.000000,-1267868.155304,16176
1396.71,571,3202986.394137,32.019201695,0.000000,-1369546.837116,16206
1402.94,572,3187815.383490,31.867468555,0.000000,-1543399.774275,16236
1408.78,573,3178348.886002,31.772785489,0.000000,-1414562.107302,16244
1414.09,574,3168821.938753,31.677512372,0.000000,-1273130.663496,16274
1419.51,575,3161751.408083,31.606800223,0.000000,-1195693.481412,16304
1423.88,576,3154778.962355,31.537068572,0.000000,-1174263.651906,16334
1429.00,577,3145880.504771,31.448076082,0.000000,-1135268.281167,16364
1434.32,578,3132996.739351,31.319227346,0.000000,-1274608.841325,16394
1439.75,579,3113993.126285,31.129172269,0.000000,-1386860.695444,16424
1445.11,580,3099830.898199,30.987549422,0.000000,-1256705.413468,16442
1449.69,581,3086162.676956,30.850845068,0.000000,-1200520.266818,16472
1454.95,582,3069733.084277,30.686524050,0.000000,-1177522.607664,16502
1461.19,583,3055664.901545,30.545823488,0.000000,-1240741.842429,16532
1467.03,584,3047658.321927,30.465747366,0.000000,-1134016.265244,16562
1471.57,585,3034916.829963,30.338328154,0.000000,-1165934.314439,16592
1477.50,586,3024094.263798,30.230097220,0.000000,-1326845.381390,16621
1483.08,587,2998480.066774,29.973936405,0.000000,-1353520.130427,16651
1487.78,588,2986155.699921,29.850688034,0.000000,-1416216.458894,16681
1492.87,589,2971297.799304,29.702105713,0.000000,-1522255.176177,16711
1497.91,590,2957796.630483,29.567082751,0.000000,-1421415.018630,16741
1502.91,591,2945442.377058,29.443538441,0.000000,-1307805.658849,16771
1509.33,592,2928336.070667,29.272476060,0.000000,-1342919.495094,16801
1514.51,593,2916841.675037,29.157527860,0.000000,-1515371.919183,16831
1519.60,594,2898446.411833,28.973560378,0.000000,-1495394.074851,16861
1525.49,595,2882339.883248,28.812488349,0.000000,-1450634.411079,16869
1530.72,596,2867150.902641,28.660584416,0.000000,-1465736.350040,16899
1536.89,597,2856948.684026,28.558551387,0.000000,-1340986.202648,16929
1543.10,598,2848216.431042,28.471226753,0.000000,-1337207.130648,16959
1549.98,599,2838080.980616,28.369863305,0.000000,-1146939.709345,16989
1555.36,600,2826310.989930,28.252148657,0.000000,-1092883.305969,17019
1561.52,601,2814882.787046,28.137857541,0.000000,-1342256.756093,17049
1566.34,602,2804197.837023,28.031012552,0.000000,-1321662.413956,17079
1571.64,603,2796911.550428,27.958147519,0.000000,-1134769.515357,17109
1576.68,604,2788060.564416,27.869637706,0.000000,-1129748.268892,17139
1581.66,605,2777252.199423,27.761539320,0.000000,-1192311.850189,17169
1587.03,606,2771404.121355,27.703054610,0.000000,-1273837.238441,17199
1593.15,607,2761493.502302,27.603945457,0.000000,-1167000.657640,17229
1600.80,608,2754677.726813,27.535782122,0.000000,-1184667.380390,17259
1607.26,609,2748384.818199,27.472855254,0.000000,-1264586.927010,17289
1613.25,610,2743009.619832,27.419100198,0.000000,-1316879.573549,17319
1619.30,611,2736701.877812,27.356018442,0.000000,-1289212.251682,17349
1626.26,612,2731635.345699,27.305349787,0.000000,-1238359.409286,17379
1631.84,613,2723610.164880,27.225092285,0.000000,-1344501.183548,17409
1636.93,614,2718763.692176,27.176623621,0.000000,-1355192.250738,17439
1642.41,615,2712517.186608,27.114155210,0.000000,-1369790.157535,17469
1648.60,616,2703882.396279,27.027802920,0.000000,-1247264.423239,17499
1653.59,617,2697314.124914,26.962111127,0.000000,-1293608.937977,17529
1660.53,618,2691794.538494,26.906908350,0.000000,-1103855.358976,17559
1666.37,619,2680678.505815,26.795728946,0.000000,-1292524.472973,17589
1672.90,620,2670887.370836,26.697794989,0.000000,-1135789.987211,17619
1677.95,621,2662068.488217,26.609601695,0.000000,-1237950.302826,17649
1684.38,622,2654143.920414,26.530350066,0.000000,-1248974.925901,17667
1690.48,623,2645506.289962,26.443958936,0.000000,-1353754.318384,17697
1697.13,624,2639164.734566,26.380535462,0.000000,-1282593.618656,17705
1703.10,625,2629370.762577,26.282586009,0.000000,-1211718.942228,17735
1708.08,626,2621299.392878,26.201863498,0.000000,-1307345.219490,17765
1713.04,627,2614988.164388,26.138742952,0.000000,-1222538.357803,17777
1718.31,628,2607747.696770,26.066327417,0.000000,-1365959.516663,17807
1724.11,629,2602552.512193,26.014368452,0.000000,-1205377.355698,17837
1730.27,630,2596057.369967,25.949401169,0.000000,-1179704.034697,17867
1735.76,631,2584443.794913,25.833266234,0.000000,-1208775.412942,17897
1740.40,632,2570096.945799,25.689779114,0.000000,-1258445.809857,17905
1746.45,633,2562918.091483,25.617982158,0.000000,-1291307.769813,17935
1752.00,634,2554277.883580,25.531569267,0.000000,-1159476.918146,17965
1759.64,635,2544519.525100,25.433976574,0.000000,-1227777.462293,17995
1765.35,636,2537004.473241,25.358814273,0.000000,-1206835.611180,18025
1771.22,637,2532092.292911,25.309691697,0.000000,-940489.432769,18055
1776.54,638,2528510.829535,25.273875393,0.000000,-955252.819774,18085
1783.34,639,2524026.128446,25.229022775,0.000000,-1057049.782426,18115
1789.52,640,2516917.838309,25.157927076,0.000000,-1007141.502913,18145
1795.50,641,2505162.889382,25.040356714,0.000000,-1144257.281259,18175
1807.70,642,2491791.732092,24.906635588,0.000000,-1026617.403066,18205
1813.53,643,2482783.075743,24.816536095,0.000000,-1013531.084084,18235
1820.07,644,2475910.654421,24.747809616,0.000000,-849510.142506,18265
1826.79,645,2468127.389831,24.669970964,0.000000,-918641.956871,18295
1833.21,646,2458739.381337,24.576081239,0.000000,-1029682.136296,18325
1839.42,647,2442645.930390,24.415109998,0.000000,-1151896.883449,18355
1845.48,648,2417533.280431,24.163940744,0.000000,-1204201.014069,18385
1850.72,649,2404185.989150,24.030461393,0.000000,-1182569.153158,18399
1856.96,650,2382680.926156,23.815389122,0.000000,-1041741.065349,18429
1863.38,651,2376225.175101,23.750816511,0.000000,-1055294.771396,18459
1869.97,652,2367331.966107,23.661870012,0.000000,-843949.198408,18489
1875.74,653,2358595.295710,23.574500546,0.000000,-999539.003050,18501
1881.56,654,2347635.699761,23.464899120,0.000000,-1134069.125624,18531
1887.97,655,2330061.627883,23.289162998,0.000000,-1089527.296794,18561
1893.73,656,2314787.196558,23.136414676,0.000000,-1171283.827860,18591
1900.00,657,2298497.625168,22.973507836,0.000000,-1286306.895854,18621
1906.51,658,2289327.009763,22.881795442,0.000000,-1298444.482803,18651
1912.53,659,2277781.720870,22.766337806,0.000000,-1134301.518874,18681
1918.77,660,2269557.394144,22.684091338,0.000000,-1104808.250167,18711
1926.15,661,2260980.768066,22.598325465,0.000000,-1081355.085097,18741
1932.78,662,2250689.029402,22.495401050,0.000000,-1154652.535630,18771
1940.68,663,2242507.367902,22.413575972,0.000000,-1140712.605740,18801
1946.70,664,2234665.047799,22.335145519,0.000000,-1110054.285162,18831
1952.99,665,2226618.229676,22.254671749,0.000000,-1039103.164967,18861
1959.02,666,2215347.702441,22.141953228,0.000000,-951419.290285,18891
1965.47,667,2208769.745199,22.076171486,0.000000,-1010486.184519,18921
1971.89,668,2198215.915507,21.970627320,0.000000,-1012606.457525,18951
1978.55,669,2188192.039661,21.870384268,0.000000,-972782.605207,18981
1987.50,670,2177198.215627,21.760437962,0.000000,-1086089.296830,19011
1994.08,671,2166988.049046,21.658326739,0.000000,-1120675.676567,19041
2000.72,672,2158262.631323,21.571059683,0.000000,-1073225.678485,19071
2007.19,673,2140108.077799,21.389502920,0.000000,-1153404.145790,19101
2012.78,674,2131029.023608,21.298698461,0.000000,-1023095.736979,19131
2020.38,675,2120783.953344,21.196245657,0.000000,-991191.516010,19161
2026.93,676,2113684.779233,21.125251925,0.000000,-1098350.263782,19191
2033.01,677,2105444.362791,21.042840445,0.000000,-1012172.687844,19221
2039.99,678,2101274.462826,21.001137507,0.000000,-1050879.045160,19251
2046.51,679,2094227.155903,20.930659149,0.000000,-933627.609458,19281
2053.15,680,2089168.966418,20.880076117,0.000000,-1007500.385990,19311
2061.07,681,2080012.949027,20.788526066,0.000000,-1003742.102933,19341
2067.79,682,2073108.728391,20.719481986,0.000000,-1138208.507065,19363
2075.19,683,2066003.715766,20.648427430,0.000000,-1061651.721823,19393
2082.49,684,2057690.251257,20.565290812,0.000000,-1055951.789447,19423
2089.61,685,2052988.999346,20.518279118,0.000000,-957104.481604,19453
2095.56,686,2045696.700801,20.445349896,0.000000,-935492.552654,19483
2101.06,687,2038581.408483,20.374198699,0.000000,-1142221.888021,19513
2106.54,688,2030517.647387,20.293552303,0.000000,-891147.790337,19543
2112.78,689,2025778.555800,20.246156202,0.000000,-1076584.046913,19573
2119.51,690,2023014.259247,20.218513404,0.000000,-983045.301066,19603
2126.32,691,2018632.059416,20.174690424,0.000000,-1040028.749406,19633
2132.19,692,2016117.329952,20.149544448,0.000000,-1019585.451609,19663
2139.20,693,2006573.700121,20.054106017,0.000000,-1011544.058762,19693
2145.88,694,2001593.087725,20.004304529,0.000000,-999653.910221,19723
2153.37,695,1997690.805625,19.965280347,0.000000,-880717.051214,19753
2160.30,696,1995324.379064,19.941615684,0.000000,-875719.019637,19783
2165.67,697,1990764.916401,19.896014100,0.000000,-1063569.694339,19806
2172.82,698,1983267.898694,19.821042290,0.000000,-1090191.338371,19836
2180.28,699,1975900.674149,19.747364018,0.000000,-1225604.189190,19866
2187.75,700,1970079.111556,19.689144106,0.000000,-1179725.990755,19896
2194.23,701,1963544.378924,19.623793875,0.000000,-1088491.245710,19926
2200.11,702,1952412.239018,19.512474212,0.000000,-1032282.698806,19956
2207.23,703,1942913.046821,19.417489383,0.000000,-1130446.003406,19986
2214.23,704,1934105.690629,19.329413396,0.000000,-1123647.860178,20016
2220.75,705,1924293.342937,19.231287037,0.000000,-1110611.742686,20046
2227.05,706,1914712.067834,19.135467283,0.000000,-1095872.183151,20076
2233.71,707,1907592.149554,19.064261756,0.000000,-1045747.853948,20106
2240.97,708,1901022.866230,18.998569038,0.000000,-888041.328685,20136
2248.26,709,1895579.728570,18.944132457,0.000000,-1062485.481984,20166
2254.19,710,1890948.817560,18.897817175,0.000000,-941961.539532,20196
2261.37,711,1880203.903487,18.790350846,0.000000,-794843.387765,20226
2270.01,712,1870301.979094,18.691319475,0.000000,-1180656.517775,20256
2275.26,713,1862018.608452,18.608487446,0.000000,-973233.009906,20286
2282.31,714,1855257.598950,18.540872689,0.000000,-1033484.941342,20316
2288.50,715,1844363.304041,18.431920981,0.000000,-817959.742091,20346
2294.62,716,1841647.124839,18.404753468,0.000000,-785061.472225,20358
2301.70,717,1837141.987291,18.359700589,0.000000,-885742.964973,20388
2310.04,718,1832762.647839,18.315905381,0.000000,-836878.586571,20418
2316.18,719,1823988.738528,18.228162702,0.000000,-837182.061439,20448
2323.61,720,1819383.694229,18.182115511,0.000000,-818046.811332,20478
2330.67,721,1813542.043899,18.123702593,0.000000,-869030.351184,20496
2338.90,722,1807533.080619,18.063608238,0.000000,-843541.836696,20526
2345.54,723,1802201.524182,18.010295552,0.000000,-800777.878506,20556
2353.17,724,1798680.635686,17.975083119,0.000000,-976411.791232,20586
2359.82,725,1792451.481681,17.912800027,0.000000,-904159.676293,20616
2367.27,726,1784101.378555,17.829296766,0.000000,-835137.275471,20646
2376.05,727,1779735.971103,17.785641304,0.000000,-890100.131366,20654
2382.53,728,1772998.347287,17.718263911,0.000000,-867134.663158,20684
2390.38,729,1767108.344418,17.659359200,0.000000,-843531.228868,20714
2397.16,730,1756258.875110,17.550857253,0.000000,-989647.038990,20744
2403.39,731,1750495.593719,17.493225238,0.000000,-865999.761322,20774
2410.10,732,1743064.932289,17.418912611,0.000000,-917654.681575,20788
2416.34,733,1734108.733468,17.329338970,0.000000,-789605.065978,20818
2423.16,734,1727971.383637,17.267964551,0.000000,-854330.712633,20848
2430.57,735,1723354.915417,17.221799294,0.000000,-875400.601454,20878
2437.25,736,1717265.042212,17.160894268,0.000000,-878621.984696,20908
2444.48,737,1711110.966909,17.099353475,0.000000,-705785.906185,20938
2453.68,738,1708091.733305,17.069161552,0.000000,-614841.546349,20968
2460.66,739,1706065.674905,17.048897370,0.000000,-622351.172721,20998
2469.09,740,1703016.421767,17.018405204,0.000000,-679896.888707,21028
2475.02,741,1700232.690897,16.990565842,0.000000,-619430.621688,21058
2481.91,742,1694942.610659,16.937673073,0.000000,-549240.941424,21088
2490.89,743,1691633.668620,16.904574355,0.000000,-516279.592968,21118
2500.31,744,1675797.882496,16.746196854,0.000000,-556385.492417,21148
2508.01,745,1663908.635013,16.627289485,0.000000,-589812.991054,21178
2517.29,746,1648678.903938,16.474978916,0.000000,-685259.017151,21208
2523.88,747,1638603.263220,16.374210234,0.000000,-597878.525608,21238
2531.20,748,1628927.310700,16.277450047,0.000000,-627919.050189,21268
2538.72,749,1623753.488960,16.225703142,0.000000,-451170.827270,21298
2546.22,750,1619556.091711,16.183714391,0.000000,-445580.334755,21328
2554.51,751,1614305.467002,16.131203876,0.000000,-429967.738691,21358
2561.69,752,1609685.184938,16.084994446,0.000000,-462144.491961,21388
2568.17,753,1604563.261989,16.033767304,0.000000,-400279.983683,21418
2575.32,754,1597022.202221,15.958377707,0.000000,-589481.769895,21448
2582.74,755,1591994.173462,15.908090042,0.000000,-462540.868032,21478
2590.43,756,1583714.044609,15.825276511,0.000000,-610879.708750,21508
2599.45,757,1577436.181235,15.762506034,0.000000,-608513.339504,21538
2606.85,758,1570958.750178,15.697730213,0.000000,-476558.420115,21568
2613.52,759,1566207.710629,15.650218378,0.000000,-479441.907131,21598
2620.62,760,1563171.288415,15.619851361,0.000000,-450359.164824,21628
2628.47,761,1556565.381597,15.553774185,0.000000,-558667.781921,21644
2635.91,762,1547969.490306,15.467802959,0.000000,-632375.067583,21674
2643.84,763,1542469.184177,15.412801096,0.000000,-572131.063039,21704
2650.77,764,1537936.164157,15.367467416,0.000000,-621778.084374,21734
2659.26,765,1530693.607884,15.295034708,0.000000,-606397.022806,21764
2666.38,766,1524615.439315,15.234232453,0.000000,-623396.132384,21794
2675.27,767,1520873.430425,15.196807079,0.000000,-509319.566098,21824
2682.64,768,1516318.770640,15.151248163,0.000000,-481205.405502,21854
2691.14,769,1512824.209198,15.116300399,0.000000,-635522.201478,21869
2699.46,770,1507399.758618,15.062045102,0.000000,-536830.123314,21899
2706.73,771,1503846.074636,15.026498811,0.000000,-507943.171613,21929
2714.43,772,1497920.083864,14.967232672,0.000000,-509818.029607,21959
2723.07,773,1492603.696391,14.914058158,0.000000,-523449.459566,21989
2729.76,774,1487386.527582,14.861882025,0.000000,-523001.082895,22019
2737.16,775,1483092.174154,14.818938007,0.000000,-475237.584095,22049
2744.40,776,1479849.477011,14.786498052,0.000000,-438541.882660,22079
2752.49,777,1475692.833830,14.744941648,0.000000,-433791.331465,22109
2759.97,778,1470674.130205,14.694732508,0.000000,-466938.684611,22139
2768.64,779,1462385.599133,14.611839268,0.000000,-426500.872502,22169
2774.92,780,1458133.508993,14.569318324,0.000000,-303977.608382,22199
2782.77,781,1455423.571976,14.542218764,0.000000,-178940.592186,22229
2789.59,782,1455423.571976,14.542218764,0.000000,-158657.119280,22259
2799.39,783,1454768.204310,14.535670985,0.000000,-135402.501825,22289
2807.09,784,1452688.622529,14.514865802,0.000000,-92502.998560,22319
2814.29,785,1450240.107020,14.490383543,0.000000,-104762.730795,22349
2821.92,786,1448750.272621,14.475489603,0.000000,-110308.292435,22379
2829.84,787,1447684.222172,14.464839146,0.000000,-90486.523516,22409
2837.45,788,1446079.497072,14.448800506,0.000000,-111697.097967,22439
2845.77,789,1444322.812168,14.431245718,0.000000,-104294.222490,22469
2853.13,790,1443246.320497,14.420491468,0.000000,-108175.389520,22499
2861.14,791,1441836.384889,14.406396493,0.000000,-120656.746407,22529
2869.63,792,1440569.322022,14.393727177,0.000000,-106861.896098,22559
2877.93,793,1439104.244879,14.379100704,0.000000,-93826.220835,22589
2885.13,794,1437113.995453,14.359218917,0.000000,-101530.758148,22619
2892.04,795,1435374.317381,14.341823643,0.000000,-109271.235582,22649
2898.57,796,1434596.580370,14.334049471,0.000000,-118038.278521,22679
2905.87,797,1432759.005154,14.315671882,0.000000,-99271.663167,22709
2915.01,798,1431623.476266,14.304321832,0.000000,-103441.624903,22739
2922.90,799,1430798.579919,14.296084895,0.000000,-97070.428483,22765
2931.21,800,1429065.989601,14.278765223,0.000000,-115027.700148,22795
2939.23,801,1427703.796501,14.265138074,0.000000,-94086.630938,22825
2946.31,802,1426275.756827,14.250849650,0.000000,-113192.833400,22855
2953.88,803,1424883.792165,14.236928474,0.000000,-92260.336519,22885
2961.42,804,1423859.229999,14.226687743,0.000000,-96056.189958,22915
2968.13,805,1422777.742186,14.215887046,0.000000,-94812.413492,22945
2975.05,806,1421699.581199,14.205108421,0.000000,-99414.176000,22975
2983.34,807,1420653.914129,14.194653877,0.000000,-96549.030158,23005
2991.25,808,1419815.836277,14.186267808,0.000000,-104008.612567,23035
2999.46,809,1419030.500412,14.178403888,0.000000,-92820.111910,23065
3006.46,810,1418040.663105,14.168508415,0.000000,-92432.233186,23095
3014.17,811,1417417.927602,14.162280871,0.000000,-91892.159942,23125
3021.67,812,1416790.444256,14.156011753,0.000000,-87004.943146,23155
3028.83,813,1416366.260584,14.151774230,0.000000,-86301.879821,23185
3036.12,814,1415643.702241,14.144561877,0.000000,-80091.293521,23215
3043.02,815,1415028.033279,14.138406855,0.000000,-80029.935972,23245
3050.29,816,1414635.314439,14.134484562,0.000000,-83051.431037,23275
3058.11,817,1414198.613353,14.130117563,0.000000,-88528.963016,23305
3065.68,818,1413917.868757,14.127314344,0.000000,-82013.907592,23335
3073.98,819,1413009.882773,14.118241618,0.000000,-82992.803607,23365
3080.68,820,1412354.657539,14.111694428,0.000000,-81269.357195,23395
3086.95,821,1411344.684255,14.101600034,0.000000,-99067.273249,23425
3093.79,822,1410532.798375,14.093490316,0.000000,-82509.211045,23455
3102.08,823,1409800.760473,14.086174536,0.000000,-97147.825459,23485
3110.29,824,1409168.942681,14.079862561,0.000000,-88907.695497,23515
3118.67,825,1408658.955131,14.074770917,0.000000,-85698.611378,23545
3126.76,826,1408053.089878,14.068714370,0.000000,-89972.329442,23575
3135.05,827,1407198.618946,14.060178262,0.000000,-92821.592472,23605
3142.49,828,1406786.034745,14.056057531,0.000000,-89233.572636,23635
3149.41,829,1406140.591671,14.049615915,0.000000,-84857.846308,23665
3156.77,830,1405643.947751,14.044653076,0.000000,-98840.924415,23695
3164.41,831,1404584.490969,14.034063411,0.000000,-98952.899754,23725
3173.08,832,1404003.584419,14.028253575,0.000000,-91158.617424,23755
3180.22,833,1403372.096387,14.021939292,0.000000,-65402.451134,23785
3187.18,834,1402746.466982,14.015679532,0.000000,-81469.288751,23815
3195.05,835,1402242.682714,14.010639004,0.000000,-82702.139671,23845
3202.90,836,1401687.697020,14.005096823,0.000000,-80528.381720,23875
3210.62,837,1400900.432900,13.997223366,0.000000,-88860.880044,23905
3217.76,838,1400597.678900,13.994195950,0.000000,-65728.162552,23935
3225.88,839,1400150.827351,13.989726603,0.000000,-78011.747463,23965
3233.55,840,1399743.362811,13.985655570,0.000000,-82935.441375,23995
3240.46,841,1399343.104694,13.981656918,0.000000,-82053.531708,24025
3247.29,842,1398902.437054,13.977249764,0.000000,-76776.779809,24055
3255.64,843,1398571.612844,13.973941404,0.000000,-77836.322817,24085
3263.56,844,1398069.984871,13.968922975,0.000000,-78162.251299,24115
3270.85,845,1397895.389706,13.967177542,0.000000,-73509.011050,24145
3277.99,846,1397504.476949,13.963269874,0.000000,-76005.775403,24175
3285.32,847,1397232.962119,13.960551559,0.000000,-72996.834078,24205
3292.85,848,1396766.286483,13.955884881,0.000000,-70249.520607,24235
3300.21,849,1396366.168369,13.951882276,0.000000,-82893.806658,24265
3307.76,850,1395962.757750,13.947854050,0.000000,-83426.946401,24295
3315.14,851,1395513.510233,13.943359471,0.000000,-78143.933054,24325
3323.42,852,1395345.583657,13.941683330,0.000000,-83183.820258,24355
3332.35,853,1394969.461675,13.937920081,0.000000,-85406.991926,24385
3339.10,854,1394630.340761,13.934529172,0.000000,-87731.384629,24415
3345.51,855,1394394.354377,13.932170121,0.000000,-74101.780203,24445
3353.78,856,1394139.558566,13.929619770,0.000000,-76780.099092,24475
3362.30,857,1393866.142578,13.926884408,0.000000,-69375.849490,24505
3370.33,858,1393751.454618,13.925739604,0.000000,-81066.654485,24535
3378.04,859,1393592.540715,13.924152788,0.000000,-89841.020097,24565
3386.12,860,1393375.086204,13.921979617,0.000000,-74225.248035,24595
3393.15,861,1393225.557741,13.920485549,0.000000,-73412.628545,24625
3400.55,862,1393091.004255,13.919142383,0.000000,-66978.799861,24655
3408.69,863,1392878.043151,13.917012599,0.000000,-84827.744470,24685
3416.12,864,1392773.637842,13.915967691,0.000000,-75017.368758,24715
3424.79,865,1392601.433542,13.914246101,0.000000,-74553.219398,24745
3433.00,866,1392405.480545,13.912288087,0.000000,-82613.014095,24775
3442.34,867,1392287.324908,13.911107201,0.000000,-81358.980073,24805
3450.43,868,1392149.036602,13.909724800,0.000000,-76223.040142,24835
3459.79,869,1391981.483311,13.908048145,0.000000,-81242.677435,24865
3470.21,870,1391783.927805,13.906073924,0.000000,-75200.405128,24895
3478.40,871,1391596.145987,13.904198074,0.000000,-81442.291164,24925
3485.71,872,1391400.363000,13.902239195,0.000000,-87640.102979,24955
3494.68,873,1391303.249671,13.901268174,0.000000,-95591.843492,24985
3503.86,874,1391171.525218,13.899951015,0.000000,-98304.135149,25015
3510.29,875,1391004.877606,13.898284295,0.000000,-94073.499406,25045
3517.89,876,1390847.012730,13.896706790,0.000000,-80234.697118,25075
3526.01,877,1390653.173884,13.894769093,0.000000,-72315.663439,25105
3533.80,878,1390418.894417,13.892427605,0.000000,-84709.763980,25135
3541.99,879,1389978.296505,13.888027499,0.000000,-81988.233512,25165
3550.69,880,1389554.825344,13.883792584,0.000000,-90346.379790,25193
3557.44,881,1389130.758289,13.879552991,0.000000,-85758.064868,25215
3566.27,882,1388353.508024,13.871792295,0.000000,-77128.612317,25245
3575.18,883,1387851.866815,13.866775131,0.000000,-90744.033544,25275
3583.40,884,1387388.783300,13.862152155,0.000000,-89658.650617,25305
3591.63,885,1386858.529107,13.856859951,0.000000,-104120.489787,25335
3599.89,886,1386529.033399,13.853568984,0.000000,-93267.016625,25365
3609.38,887,1385540.107076,13.843694768,0.000000,-78333.923082,25395
3617.46,888,1384639.887887,13.834704262,0.000000,-94162.559796,25425
3625.80,889,1383774.302747,13.826059826,0.000000,-78374.726643,25455
3633.86,890,1383096.025073,13.819290849,0.000000,-88181.907495,25485
3642.14,891,1382508.320177,13.813410424,0.000000,-81145.841377,25515
3650.86,892,1382091.513698,13.809246307,0.000000,-74397.962435,25545
3658.11,893,1381765.824598,13.805990234,0.000000,-72630.593155,25575
3665.83,894,1381474.236661,13.803078741,0.000000,-78019.609978,25605
3674.10,895,1381065.532383,13.798994804,0.000000,-79916.623054,25635
3682.56,896,1380735.182730,13.795695067,0.000000,-73610.705063,25665
3691.05,897,1380418.539964,13.792536705,0.000000,-69739.135105,25695
3699.96,898,1380101.477576,13.789371990,0.000000,-79177.795542,25725
3707.85,899,1379857.173741,13.786928404,0.000000,-72902.077194,25755
3715.20,900,1379723.972960,13.785597445,0.000000,-76237.746106,25785
3723.19,901,1379559.985128,13.783959058,0.000000,-72979.008226,25815
3731.63,902,1379326.991770,13.781630794,0.000000,-64428.917490,25845
3739.31,903,1379097.392010,13.779342636,0.000000,-71834.114305,25875
3746.51,904,1378825.812511,13.776630183,0.000000,-70454.247801,25905
3753.95,905,1378512.996788,13.773508037,0.000000,-56634.167898,25935
3760.83,906,1378263.938006,13.771023591,0.000000,-63501.753734,25965
3768.93,907,1378152.561720,13.769910732,0.000000,-61848.806630,25995
3775.89,908,1378037.243094,13.768759891,0.000000,-66302.165018,26025
3783.67,909,1377924.799050,13.767637676,0.000000,-67165.379589,26055
3790.61,910,1377739.265874,13.765781101,0.000000,-71495.601095,26085
3799.82,911,1377502.487726,13.763421902,0.000000,-59743.763453,26115
3808.53,912,1377358.051172,13.761978828,0.000000,-65683.085905,26145
3817.02,913,1377190.493044,13.760302206,0.000000,-72587.016257,26175
3824.10,914,1376966.836201,13.758068784,0.000000,-71325.994964,26205
3831.58,915,1376764.686493,13.756048843,0.000000,-65072.287878,26235
3840.15,916,1376550.351476,13.753905595,0.000000,-69074.833943,26265
3846.72,917,1376293.064085,13.751336010,0.000000,-64714.729897,26295
3856.42,918,1376048.551973,13.748898508,0.000000,-68713.298163,26325
3865.74,919,1375734.507471,13.745757403,0.000000,-72100.607697,26355
3874.27,920,1375578.584228,13.744197812,0.000000,-61712.886914,26385
3882.09,921,1375404.756792,13.742462054,0.000000,-68576.886364,26415
3890.13,922,1375248.221966,13.740899019,0.000000,-74177.275613,26445
3897.01,923,1375082.734494,13.739244775,0.000000,-67740.965509,26475
3906.59,924,1374916.015164,13.737580826,0.000000,-66578.037161,26505
3913.38,925,1374766.120193,13.736080602,0.000000,-68911.546971,26535
3920.25,926,1374571.245777,13.734131469,0.000000,-67467.713270,26565
3928.12,927,1374436.859776,13.732788520,0.000000,-66373.650186,26595
3936.06,928,1374330.624213,13.731725265,0.000000,-65329.796658,26625
3944.08,929,1374100.689582,13.729427058,0.000000,-59072.214418,26655
3951.27,930,1373914.417971,13.727566127,0.000000,-56837.326732,26685
3961.16,931,1373778.048938,13.726205949,0.000000,-62382.618725,26715
3968.14,932,1373579.407076,13.724223683,0.000000,-57598.847415,26745
3977.66,933,1373411.745055,13.722547855,0.000000,-58033.780084,26775
3985.64,934,1373111.268718,13.719541824,0.000000,-69368.816668,26805
3993.74,935,1372915.817277,13.717587914,0.000000,-70314.347079,26835
4002.21,936,1372744.905664,13.715879791,0.000000,-64472.344950,26865
4010.63,937,1372592.607957,13.714357967,0.000000,-61285.753225,26895
4019.45,938,1372414.747863,13.712580375,0.000000,-60787.751956,26925
4026.51,939,1372213.156439,13.710565525,0.000000,-63872.219406,26955
4033.60,940,1372049.802544,13.708933824,0.000000,-64285.707153,26985
4042.76,941,1371862.994634,13.707065500,0.000000,-68023.348427,27015
4051.38,942,1371695.118845,13.705387968,0.000000,-66233.146065,27045
4058.68,943,1371531.519999,13.703754444,0.000000,-64367.230256,27075
4068.30,944,1371401.984220,13.702460020,0.000000,-64198.638880,27105
4076.77,945,1371242.015131,13.700862265,0.000000,-61700.568681,27129
4086.45,946,1371119.647312,13.699639916,0.000000,-63138.738577,27159
4094.55,947,1371009.276818,13.698536594,0.000000,-58931.209461,27189
4102.64,948,1370840.583077,13.696854441,0.000000,-64988.063009,27219
4112.44,949,1370671.709391,13.695165088,0.000000,-64088.975660,27249
4120.49,950,1370512.775962,13.693577254,0.000000,-76598.497140,27279
4129.73,951,1370323.002425,13.691681463,0.000000,-72937.575385,27309
4137.06,952,1370206.101784,13.690511253,0.000000,-83172.761548,27339
4146.53,953,1369927.635597,13.687726552,0.000000,-66511.655574,27369
4154.36,954,1369668.338552,13.685139732,0.000000,-59484.913857,27399
4163.51,955,1369495.385944,13.683409123,0.000000,-70452.791177,27429
4172.67,956,1369281.609916,13.681276754,0.000000,-68526.160668,27459
4180.53,957,1368963.360002,13.678093345,0.000000,-63052.376633,27489
4191.13,958,1368570.115509,13.674163986,0.000000,-79045.272837,27519
4200.33,959,1368318.980501,13.671648335,0.000000,-69478.369372,27549
4208.48,960,1367915.931534,13.667617940,0.000000,-59983.402897,27579
4217.24,961,1367524.480310,13.663709229,0.000000,-74106.951742,27609
4227.07,962,1367180.834272,13.660277050,0.000000,-59810.083469,27639
4236.76,963,1366812.219230,13.656594688,0.000000,-75282.058764,27669
4245.39,964,1366536.374552,13.653837013,0.000000,-69762.779628,27699
4254.96,965,1366340.582593,13.651881020,0.000000,-55578.091745,27729
4263.49,966,1366015.584950,13.648636161,0.000000,-58916.509213,27759
4272.40,967,1365824.238800,13.646721876,0.000000,-56374.918442,27789
4280.05,968,1365518.209410,13.643662498,0.000000,-58460.276109,27819
4288.00,969,1365315.067687,13.641629190,0.000000,-62243.898516,27849
4298.81,970,1365209.281790,13.640572008,0.000000,-54001.958454,27879
4308.70,971,1365039.795031,13.638880975,0.000000,-59921.658253,27909
4318.64,972,1364850.011538,13.636983747,0.000000,-59996.302073,27939
4326.46,973,1364674.681824,13.635227171,0.000000,-60085.156017,27969
4334.12,974,1364530.884296,13.633792641,0.000000,-55186.012341,27999
4343.54,975,1364428.756232,13.632771712,0.000000,-49835.152403,28029
4352.20,976,1364320.766486,13.631692027,0.000000,-54116.844518,28059
4360.07,977,1364231.695478,13.630803275,0.000000,-57989.191821,28089
4369.37,978,1364086.716145,13.629354458,0.000000,-59876.568760,28119
4378.00,979,1363976.958048,13.628257013,0.000000,-59674.489403,28149
4386.16,980,1363846.750441,13.626957488,0.000000,-60528.199610,28179
4395.34,981,1363665.731895,13.625149805,0.000000,-58252.109386,28209
4404.06,982,1363554.244281,13.624034099,0.000000,-61446.624043,28239
4413.90,983,1363456.351353,13.623056194,0.000000,-64950.817389,28269
4422.94,984,1363330.318977,13.621796133,0.000000,-57322.725819,28299
4431.62,985,1363149.969110,13.619996306,0.000000,-68847.950157,28329
4440.87,986,1363030.930971,13.618808697,0.000000,-63747.812993,28359
4449.48,987,1362849.543323,13.616998954,0.000000,-56163.602787,28389
4458.43,988,1362657.272723,13.615082747,0.000000,-51054.271578,28419
4466.72,989,1362359.485454,13.612107733,0.000000,-66126.795087,28449
4476.89,990,1362164.713161,13.610161862,0.000000,-64248.091696,28479
4485.81,991,1361979.917390,13.608314431,0.000000,-60112.196949,28509
4494.40,992,1361694.727668,13.605463458,0.000000,-59673.486340,28539
4502.90,993,1361488.525946,13.603404631,0.000000,-52805.688867,28569
4513.68,994,1361332.014998,13.601845468,0.000000,-64146.034674,28599
4522.09,995,1361144.149687,13.599967949,0.000000,-59838.722818,28629
4531.49,996,1360992.299431,13.598447983,0.000000,-58279.873760,28659
4540.39,997,1360852.334419,13.597048639,0.000000,-61592.414086,28689
4549.11,998,1360593.906882,13.594469043,0.000000,-55006.751231,28719
4560.45,999,1360469.933335,13.593230209,0.000000,-51547.710059,28749
4571.96,1000,1360325.614620,13.591790507,0.000000,-52114.307661,28779
4580.58,1001,1360198.184028,13.590521219,0.000000,-50026.356426,28809
4590.17,1002,1360096.653840,13.589511146,0.000000,-64807.181395,28839
4598.95,1003,1360056.336148,13.589108867,0.000000,-61638.112599,28869
4610.23,1004,1359931.656955,13.587864798,0.000000,-59241.630737,28899
4620.41,1005,1359749.452993,13.586043202,0.000000,-60150.548606,28929
4631.07,1006,1359590.331777,13.584455632,0.000000,-66642.131662,28959
4640.64,1007,1359442.028764,13.582975669,0.000000,-67113.578627,28989
4650.48,1008,1359336.162816,13.581918461,0.000000,-55804.416927,29019
4661.23,1009,1359213.384561,13.580691714,0.000000,-61296.507920,29049
4669.91,1010,1359120.370107,13.579761819,0.000000,-55074.120249,29079
4678.47,1011,1359022.135556,13.578780312,0.000000,-56450.585330,29109
4687.43,1012,1359002.974112,13.578589223,0.000000,-51020.607799,29139
4698.12,1013,1358844.122515,13.577002487,0.000000,-63997.974860,29169
4706.96,1014,1358704.986055,13.575612273,0.000000,-58929.015939,29199
4716.63,1015,1358504.863271,13.573613616,0.000000,-60009.080052,29229
4725.29,1016,1358264.806899,13.571213351,0.000000,-62313.553728,29259
4736.86,1017,1358080.766274,13.569373152,0.000000,-53105.309403,29289
4746.70,1018,1357996.720479,13.568532794,0.000000,-62341.543473,29319
4757.04,1019,1357859.012645,13.567155596,0.000000,-53487.281412,29349
4765.70,1020,1357778.600319,13.566350849,0.000000,-64944.300219,29379
4776.00,1021,1357712.238008,13.565689123,0.000000,-69636.000046,29409
4784.82,1022,1357611.121534,13.564680890,0.000000,-64508.545728,29439
4795.13,1023,1357445.002198,13.563018207,0.000000,-65469.616970,29469
4804.91,1024,1357300.713635,13.561576287,0.000000,-56386.435410,29499
4812.79,1025,1357208.731711,13.560656455,0.000000,-62136.471541,29529
4821.99,1026,1357114.745953,13.559717150,0.000000,-55214.356333,29559
4831.89,1027,1356994.942026,13.558522282,0.000000,-63163.376632,29589
4841.07,1028,1356786.492427,13.556439958,0.000000,-58398.458800,29619
4849.17,1029,1356598.629911,13.554564563,0.000000,-59618.418069,29649
4859.68,1030,1356418.788378,13.552770282,0.000000,-57089.047887,29679
4869.76,1031,1356252.934899,13.551112279,0.000000,-55606.552237,29709
4878.21,1032,1355931.568645,13.547897301,0.000000,-73155.907526,29739
4889.07,1033,1355472.264369,13.543312050,0.000000,-57469.575085,29769
4901.12,1034,1355235.365198,13.540946339,0.000000,-61173.217940,29799
4913.40,1035,1354973.416239,13.538329919,0.000000,-59528.398434,29829
4923.36,1036,1354596.208414,13.534561602,0.000000,-56443.011711,29859
4932.38,1037,1354179.919828,13.530404381,0.000000,-56986.710786,29889
4942.71,1038,1353955.724273,13.528163501,0.000000,-73080.788943,29919
4952.07,1039,1353917.665202,13.527783241,0.000000,-57947.579470,29949
4961.48,1040,1353708.936512,13.525700606,0.000000,-55853.204490,29979
4969.70,1041,1353470.226524,13.523314659,0.000000,-52494.404534,30009
4979.31,1042,1353290.512027,13.521524090,0.000000,-52855.046766,30039
4989.24,1043,1353029.306541,13.518916975,0.000000,-55874.623671,30069
4999.49,1044,1352803.996660,13.516663340,0.000000,-56364.985309,30099
5008.23,1045,1352348.539345,13.512109957,0.000000,-54320.674822,30129
5019.21,1046,1352120.651040,13.509834990,0.000000,-53196.556178,30159
5028.82,1047,1351912.023571,13.507753666,0.000000,-55071.089852,30189
5038.02,1048,1351673.056405,13.505368972,0.000000,-53666.484990,30219
5047.38,1049,1351417.123354,13.502816893,0.000000,-51210.462397,30249
5058.34,1050,1351172.793666,13.500376060,0.000000,-53449.391579,30279
5067.50,1051,1350903.050402,13.497680699,0.000000,-59620.836819,30309
5075.82,1052,1350673.842598,13.495390903,0.000000,-58551.077367,30339
5088.62,1053,1350534.400585,13.493998018,0.000000,-60733.533951,30369
5099.62,1054,1350237.329074,13.491035265,0.000000,-64750.890217,30399
5110.14,1055,1349944.064787,13.488108515,0.000000,-71659.222038,30429
5119.86,1056,1349745.157250,13.486121815,0.000000,-63601.080176,30459
5130.14,1057,1349547.346805,13.484147693,0.000000,-62556.520923,30489
5139.98,1058,1349422.013143,13.482895569,0.000000,-54377.970813,30519
5150.11,1059,1349080.751731,13.479492673,0.000000,-58723.380563,30549
5158.90,1060,1348831.067679,13.476999680,0.000000,-57485.525951,30579
5169.04,1061,1348580.578885,13.474503397,0.000000,-57379.435416,30609
5178.45,1062,1348346.132941,13.472166091,0.000000,-60181.014679,30639
5188.83,1063,1348163.981487,13.470348391,0.000000,-75512.046072,30669
5198.88,1064,1348026.420622,13.468972872,0.000000,-54260.994678,30699
5209.39,1065,1347923.816674,13.467949624,0.000000,-52330.987846,30729
5218.50,1066,1347758.720332,13.466300189,0.000000,-55981.149620,30759
5228.46,1067,1347579.553921,13.464508514,0.000000,-55497.208757,30789
5238.68,1068,1347415.156912,13.462866710,0.000000,-58504.090448,30819
5250.64,1069,1347308.218424,13.461800948,0.000000,-51232.722753,30849
5260.51,1070,1347111.228050,13.459836447,0.000000,-53330.403561,30879
5270.33,1071,1346893.881695,13.457665491,0.000000,-55029.293386,30909
5281.30,1072,1346707.551955,13.455801965,0.000000,-56991.832849,30939
5290.67,1073,1346578.082669,13.454507885,0.000000,-51248.478718,30969
5301.32,1074,1346425.420999,13.452982244,0.000000,-49707.509992,30999
5312.26,1075,1346338.636461,13.452113053,0.000000,-53939.454223,31029
5322.37,1076,1346186.325111,13.450592690,0.000000,-50911.892484,31059
5332.26,1077,1346091.826148,13.449650463,0.000000,-45894.898855,31089
5342.73,1078,1346007.348129,13.448808075,0.000000,-45490.191252,31119
5354.66,1079,1345912.036970,13.447855803,0.000000,-50344.619626,31149
5364.08,1080,1345772.439178,13.446461542,0.000000,-46823.976961,31179
5373.89,1081,1345574.451074,13.444485497,0.000000,-52409.817695,31209
5384.62,1082,1345269.254878,13.441439051,0.000000,-49935.133134,31239
5394.67,1083,1345086.123720,13.439614973,0.000000,-54978.409412,31269
5404.91,1084,1344956.878240,13.438323157,0.000000,-54499.122360,31299
5414.23,1085,1344768.872670,13.436444751,0.000000,-59825.317849,31329
5424.64,1086,1344602.460761,13.434780145,0.000000,-59803.600085,31359
5436.35,1087,1344459.410457,13.433350624,0.000000,-57289.951768,31389
5446.94,1088,1344321.006340,13.431967913,0.000000,-46576.139493,31419
5457.10,1089,1344129.579795,13.430063437,0.000000,-67357.700623,31449
5468.64,1090,1343822.288114,13.426998842,0.000000,-62019.209605,31479
5480.62,1091,1343407.203702,13.422853230,0.000000,-62441.736707,31509
5492.09,1092,1343131.893206,13.420102981,0.000000,-53517.967795,31539
5502.90,1093,1342890.541055,13.417697122,0.000000,-54736.147532,31569
5514.06,1094,1342606.768296,13.414860474,0.000000,-47111.124086,31599
5524.28,1095,1342488.920972,13.413683366,0.000000,-51273.023156,31629
5536.21,1096,1342358.406533,13.412379770,0.000000,-46132.577291,31659
5546.80,1097,1342146.046918,13.410256511,0.000000,-45420.955356,31689
5557.73,1098,1342041.885207,13.409217257,0.000000,-47886.465270,31719
5567.68,1099,1341860.878840,13.407409373,0.000000,-48423.818339,31749
5577.66,1100,1341659.466154,13.405400611,0.000000,-58690.084825,31779
5589.82,1101,1341330.244425,13.402109820,0.000000,-56941.973598,31809
5600.37,1102,1341113.688049,13.399942659,0.000000,-48474.069427,31839
5611.86,1103,1340829.715513,13.397099210,0.000000,-48077.007078,31869
5623.46,1104,1340559.346742,13.394398472,0.000000,-48304.477591,31899
5634.92,1105,1340422.616431,13.393032304,0.000000,-44850.684008,31929
5645.79,1106,1340274.598781,13.391552162,0.000000,-44797.771358,31959
5656.68,1107,1340041.087691,13.389218980,0.000000,-51693.162323,31989
5666.92,1108,1339834.182564,13.387152924,0.000000,-46336.586896,32019
5677.46,1109,1339672.574139,13.385539884,0.000000,-50595.189131,32049
5687.03,1110,1339516.625778,13.383982655,0.000000,-50811.988559,32079
5697.59,1111,1339396.827459,13.382786311,0.000000,-46535.610559,32109
5708.90,1112,1339272.444669,13.381543329,0.000000,-47087.055633,32139
5720.87,1113,1339087.867713,13.379698468,0.000000,-44852.556156,32169
5731.70,1114,1339001.236386,13.378833800,0.000000,-48982.111587,32199
5742.00,1115,1338791.069953,13.376735146,0.000000,-40221.603062,32229
5754.62,1116,1338623.682580,13.375066854,0.000000,-42953.462960,32259
5768.10,1117,1338499.465355,13.373825019,0.000000,-46612.868410,32289
5780.43,1118,1338221.302060,13.371047948,0.000000,-43424.398507,32319
5791.42,1119,1338090.775887,13.369747297,0.000000,-40320.661699,32349
5802.11,1120,1337977.037778,13.368611478,0.000000,-39702.482797,32379
5814.37,1121,1337813.415520,13.366979617,0.000000,-41935.659781,32409
5823.77,1122,1337674.715657,13.365591025,0.000000,-43282.436133,32439
5836.41,1123,1337500.979954,13.363854644,0.000000,-38630.414381,32469
5847.25,1124,1337357.716899,13.362419849,0.000000,-40463.442980,32499
5859.25,1125,1337224.040244,13.361082711,0.000000,-35208.990863,32529
5870.61,1126,1337119.416893,13.360037188,0.000000,-46639.249813,32559
5883.14,1127,1337011.382520,13.358955647,0.000000,-48324.818588,32589
5895.98,1128,1336905.640443,13.357899734,0.000000,-48326.096272,32619
5906.20,1129,1336818.515487,13.357025978,0.000000,-45381.222372,32649
5919.87,1130,1336695.483919,13.355795514,0.000000,-47293.888671,32679
5932.56,1131,1336506.797661,13.353908347,0.000000,-45577.174870,32709
5945.22,1132,1336328.420632,13.352126165,0.000000,-39428.297980,32739
5956.36,1133,1336160.467738,13.350445643,0.000000,-46025.231506,32769
5967.29,1134,1336058.709935,13.349428645,0.000000,-39214.719733,32799
5978.37,1135,1335927.048945,13.348111915,0.000000,-40342.201822,32829
5990.68,1136,1335847.273802,13.347314864,0.000000,-37116.274042,32859
6003.46,1137,1335714.170956,13.345982837,0.000000,-40448.648291,32889
6014.53,1138,1335506.126798,13.343900290,0.000000,-40725.461845,32919
6023.91,1139,1335343.453578,13.342277818,0.000000,-46665.587308,32949
6034.96,1140,1335141.790025,13.340258670,0.000000,-44552.892155,32979
6045.91,1141,1334841.900197,13.337254321,0.000000,-44367.924659,33009
6058.88,1142,1334838.394455,13.337219279,0.000000,-44273.645092,33039
6068.52,1143,1334675.494966,13.335590617,0.000000,-40738.146530,33069
6080.01,1144,1334546.534640,13.334299890,0.000000,-37783.759115,33099
6095.13,1145,1334447.285901,13.333306078,0.000000,-41204.523992,33129
6108.38,1146,1334268.835898,13.331522766,0.000000,-39971.136424,33159
6121.53,1147,1334080.684845,13.329639831,0.000000,-41978.391675,33189
6131.97,1148,1333659.243463,13.325433141,0.000000,-47127.525603,33219
6146.81,1149,1333304.461856,13.321889846,0.000000,-47409.927855,33249
6160.08,1150,1333065.482306,13.319500801,0.000000,-38845.347534,33279
6170.73,1151,1332792.078269,13.316767543,0.000000,-36928.839381,33309
6180.83,1152,1332622.179183,13.315068828,0.000000,-41522.359523,33339
6195.14,1153,1332605.689771,13.314899415,0.000000,-43883.643394,33369
6208.54,1154,1332599.470053,13.314837963,0.000000,-38926.348308,33399
6221.21,1155,1332388.248869,13.312725829,0.000000,-36695.967485,33429
6234.12,1156,1332176.931546,13.310615856,0.000000,-41498.842848,33459
6246.88,1157,1331974.190851,13.308588239,0.000000,-46702.195923,33489
6259.42,1158,1331840.966491,13.307255347,0.000000,-41150.857295,33519
6272.20,1159,1331685.195493,13.305699237,0.000000,-37775.624872,33549
6286.40,1160,1331366.851371,13.302520144,0.000000,-39915.990067,33579
6297.95,1161,1331194.986367,13.300805280,0.000000,-43333.796593,33609
6309.82,1162,1330995.550916,13.298813387,0.000000,-47913.048965,33639
6322.08,1163,1330746.213516,13.296320579,0.000000,-43619.000779,33669
6333.19,1164,1330596.641981,13.294829306,0.000000,-43235.525455,33699
6345.21,1165,1330488.457553,13.293750056,0.000000,-38857.213237,33729
6358.13,1166,1330372.068553,13.292591865,0.000000,-40166.275942,33759
6369.98,1167,1330278.902549,13.291665179,0.000000,-35702.343776,33789
6383.71,1168,1330090.245549,13.289782594,0.000000,-37400.475310,33819
6394.62,1169,1329880.213008,13.287687619,0.000000,-36940.152378,33849
6407.58,1170,1329676.503184,13.285655971,0.000000,-39657.921874,33879
6419.24,1171,1329578.511682,13.284677479,0.000000,-36989.970641,33909
6431.97,1172,1329459.209766,13.283486267,0.000000,-38849.042444,33939
6444.87,1173,1329296.301205,13.281864304,0.000000,-45530.538025,33969
6456.42,1174,1329136.961139,13.280274964,0.000000,-38607.411255,33999
6469.24,1175,1329042.271190,13.279327308,0.000000,-39999.411566,34029
6481.21,1176,1328921.978450,13.278124511,0.000000,-37314.156394,34059
6491.45,1177,1328753.734759,13.276448358,0.000000,-40002.607433,34089
6503.75,1178,1328601.874315,13.274933801,0.000000,-39258.308751,34119
6515.70,1179,1328425.866380,13.273176616,0.000000,-35061.920044,34149
6528.46,1180,1328259.055264,13.271513385,0.000000,-33092.249710,34179
6540.90,1181,1328066.776108,13.269591114,0.000000,-34359.812205,34209
6553.77,1182,1327902.424499,13.267950337,0.000000,-36569.660624,34239
6566.10,1183,1327791.984769,13.266844087,0.000000,-33158.107985,34269
6577.33,1184,1327674.301463,13.265670337,0.000000,-36291.381911,34299
6590.75,1185,1327564.863454,13.264576278,0.000000,-38701.602038,34329
6603.65,1186,1327433.366571,13.263261767,0.000000,-35399.701044,34359
6615.73,1187,1327376.803187,13.262697192,0.000000,-35059.744092,34389
6627.88,1188,1327284.130179,13.261775088,0.000000,-33907.704839,34419
6640.28,1189,1327184.427858,13.260777900,0.000000,-35326.905333,34449
6652.76,1190,1327119.409318,13.260129253,0.000000,-38548.264280,34479
6665.79,1191,1326992.041872,13.258856138,0.000000,-39606.113438,34509
6677.88,1192,1326860.917022,13.257545831,0.000000,-37422.070907,34539
6689.43,1193,1326788.083431,13.256819049,0.000000,-35280.335941,34569
6701.61,1194,1326730.860183,13.256247154,0.000000,-33708.752937,34599
6714.95,1195,1326656.105393,13.255500087,0.000000,-34242.694718,34629
6729.15,1196,1326601.491941,13.254956250,0.000000,-38943.076707,34659
6743.41,1197,1326526.884198,13.254207228,0.000000,-33231.824528,34689
6756.02,1198,1326472.499975,13.253666037,0.000000,-32189.656603,34719
6773.72,1199,1326397.186806,13.252913568,0.000000,-29810.254200,34749
6789.23,1200,1326256.162512,13.251505906,0.000000,-34583.298669,34779
6806.88,1201,1326022.198708,13.249164590,0.000000,-35403.148848,34809
6819.83,1202,1325904.147980,13.247986925,0.000000,-30387.622309,34839
6832.23,1203,1325564.636437,13.244594095,0.000000,-33582.366074,34869
6848.21,1204,1325410.225850,13.243051991,0.000000,-35083.472491,34899
6862.08,1205,1325028.388863,13.239228082,0.000000,-38159.661584,34929
6874.43,1206,1324839.576732,13.237336855,0.000000,-39993.465954,34959
6891.16,1207,1324705.013517,13.235984987,0.000000,-34908.623856,34989
6904.87,1208,1324534.105059,13.234275647,0.000000,-34648.203001,35019
6918.31,1209,1324363.858770,13.232572887,0.000000,-36247.690620,35049
6931.26,1210,1324203.616943,13.230969390,0.000000,-34225.228239,35079
6946.17,1211,1324059.122176,13.229524545,0.000000,-34630.071774,35109
6961.35,1212,1323903.538516,13.227964826,0.000000,-34763.402543,35139
6974.06,1213,1323724.345062,13.226172862,0.000000,-42304.428774,35169
6986.74,1214,1323520.136481,13.224135514,0.000000,-35308.616096,35199
6999.46,1215,1323347.373894,13.222407073,0.000000,-34292.598785,35229
7015.14,1216,1323342.800912,13.222361944,0.000000,-33244.155537,35259
7029.25,1217,1323252.474186,13.221459677,0.000000,-34850.109901,35289
7043.90,1218,1323100.571753,13.219947637,0.000000,-31475.106930,35319
7055.75,1219,1323012.852788,13.219070810,0.000000,-33759.403855,35349
7068.62,1220,1322829.341883,13.217236830,0.000000,-31562.415914,35379
7081.21,1221,1322723.400627,13.216181090,0.000000,-28840.712120,35409
7091.78,1222,1322618.903046,13.215139124,0.000000,-33739.697492,35439
7104.24,1223,1322512.610196,13.214078400,0.000000,-36605.419815,35469
7118.69,1224,1322451.009529,13.213464453,0.000000,-34876.301340,35499
7132.72,1225,1322360.193317,13.212557573,0.000000,-36336.883978,35529
7146.05,1226,1322356.742338,13.212523406,0.000000,-34763.254918,35559
7158.32,1227,1322314.677498,13.212102775,0.000000,-33865.681451,35589
7169.74,1228,1322253.997997,13.211500023,0.000000,-32764.624363,35619
7181.07,1229,1322198.259862,13.210943040,0.000000,-33152.411401,35649
7193.55,1230,1322122.736633,13.210189336,0.000000,-33924.298681,35679
7218.73,1231,1322042.378959,13.209387945,0.000000,-39888.913836,35709
7233.29,1232,1321956.196728,13.208529630,0.000000,-37640.973543,35739
7244.74,1233,1321852.925341,13.207501256,0.000000,-32746.572142,35769
7260.96,1234,1321583.294193,13.204814488,0.000000,-44084.671332,35799
7273.90,1235,1321428.664959,13.203273177,0.000000,-37134.749022,35829
7286.58,1236,1321292.251968,13.201915022,0.000000,-34161.859214,35859
7302.51,1237,1321041.643197,13.199412581,0.000000,-34617.200615,35889
7314.98,1238,1321000.987009,13.199009238,0.000000,-28325.755038,35919
7330.99,1239,1320759.013122,13.196594746,0.000000,-34035.047960,35949
7345.10,1240,1320518.685677,13.194198021,0.000000,-39771.315770,35979
7360.53,1241,1320488.993448,13.193900267,0.000000,-33691.733578,36009
7375.66,1242,1320336.076084,13.192376573,0.000000,-39466.484397,36039
7391.28,1243,1320114.664984,13.190167863,0.000000,-33966.765067,36069
7403.39,1244,1319791.200330,13.186943690,0.000000,-37720.435428,36099
7415.60,1245,1319526.205820,13.184298662,0.000000,-38962.625073,36129
7427.13,1246,1319342.910903,13.182473220,0.000000,-38193.893589,36159
7439.01,1247,1319068.239739,13.179731276,0.000000,-35421.204702,36189
7452.06,1248,1318934.355286,13.178396515,0.000000,-33069.652674,36219
7465.81,1249,1318625.229295,13.175316765,0.000000,-30804.037482,36249
7479.94,1250,1318481.657835,13.173886607,0.000000,-36360.668279,36279
7492.55,1251,1318197.068578,13.171042495,0.000000,-34674.920740,36309
7509.06,1252,1317791.557076,13.166991866,0.000000,-35744.161310,36339
7520.79,1253,1317472.349785,13.163800803,0.000000,-38126.901788,36369
7537.30,1254,1317248.010417,13.161564760,0.000000,-31793.842204,36399
7552.45,1255,1317061.748944,13.159709283,0.000000,-33832.977537,36429
7568.37,1256,1316775.395525,13.156851450,0.000000,-32839.737572,36459
7582.71,1257,1316635.099304,13.155454143,0.000000,-32306.753643,36489
7596.38,1258,1316397.377949,13.153080236,0.000000,-34766.450123,36519
7610.62,1259,1316213.250756,13.151239994,0.000000,-32940.483444,36549
7622.94,1260,1316038.732515,13.149496879,0.000000,-35159.932670,36579
7637.15,1261,1315911.786579,13.148231650,0.000000,-37442.425631,36609
7649.74,1262,1315669.324960,13.145813869,0.000000,-32993.061584,36639
7663.94,1263,1315550.124660,13.144624154,0.000000,-30653.835828,36669
7677.59,1264,1315470.714839,13.143833739,0.000000,-30833.670662,36699
7691.53,1265,1315468.536738,13.143812855,0.000000,-29013.665383,36729
7706.28,1266,1315388.897262,13.143016244,0.000000,-28083.846965,36759
7718.88,1267,1315310.024985,13.142231178,0.000000,-29096.720088,36789
7732.83,1268,1315255.367363,13.141684951,0.000000,-30028.953386,36819
7745.84,1269,1315176.351138,13.140900159,0.000000,-28590.844039,36849
7759.82,1270,1315088.628523,13.140024060,0.000000,-36684.092345,36879
7773.96,1271,1314991.072462,13.139052386,0.000000,-31981.352565,36909
7788.59,1272,1314911.553276,13.138260997,0.000000,-30642.488520,36939
7801.09,1273,1314792.534800,13.137069293,0.000000,-34409.578895,36969
7818.56,1274,1314717.727551,13.136323560,0.000000,-31741.660329,36999
7832.01,1275,1314587.281340,13.135021593,0.000000,-30190.345588,37029
7844.22,1276,1314484.204611,13.133992298,0.000000,-32111.495602,37059
7858.42,1277,1314311.079681,13.132266397,0.000000,-33301.091445,37089
7873.62,1278,1314156.302065,13.130720104,0.000000,-30616.444361,37119
7889.50,1279,1314110.928315,13.130266737,0.000000,-31801.907476,37149
7903.81,1280,1314021.462503,13.129373081,0.000000,-29844.283271,37179
7917.07,1281,1313958.028396,13.128739079,0.000000,-34713.049011,37209
7932.31,1282,1313817.287439,13.127332343,0.000000,-32615.096214,37239
7949.26,1283,1313685.507091,13.126018614,0.000000,-31915.925628,37269
7964.24,1284,1313585.316521,13.125016675,0.000000,-30365.950524,37299
7980.05,1285,1313522.045601,13.124385446,0.000000,-30882.891968,37329
7994.11,1286,1313486.477390,13.124029205,0.000000,-31033.449391,37359
8007.67,1287,1313352.266894,13.122689961,0.000000,-29369.697731,37389
8022.06,1288,1313262.435536,13.121795063,0.000000,-34418.902676,37419
8035.64,1289,1313179.344002,13.120966180,0.000000,-38131.365551,37449
8052.46,1290,1313077.640199,13.119950678,0.000000,-35643.316499,37479
8069.08,1291,1313014.663531,13.119321455,0.000000,-37382.091980,37509
8082.47,1292,1312875.552786,13.117933602,0.000000,-32227.848580,37539
8095.13,1293,1312767.750547,13.116858271,0.000000,-27868.150620,37569
8109.94,1294,1312706.706171,13.116248404,0.000000,-29748.195131,37599
8126.50,1295,1312611.523120,13.115298480,0.000000,-31530.825520,37629
8142.24,1296,1312448.555555,13.113673401,0.000000,-36341.546882,37659
8157.86,1297,1312185.331062,13.111044107,0.000000,-33526.991038,37689
8171.40,1298,1311996.623147,13.109158782,0.000000,-30554.864663,37719
8185.05,1299,1311902.088736,13.108216670,0.000000,-28869.905813,37749
8201.75,1300,1311838.022348,13.107576967,0.000000,-29764.957315,37779
8214.61,1301,1311831.953136,13.107516156,0.000000,-29912.677571,37809
8231.55,1302,1311783.307074,13.107027558,0.000000,-32447.408528,37839
8246.77,1303,1311599.130191,13.105190699,0.000000,-30535.013265,37869
8262.58,1304,1311385.027589,13.103054030,0.000000,-29625.489686,37899
8280.40,1305,1311239.819375,13.101606349,0.000000,-28377.352934,37929
8293.77,1306,1311130.992666,13.100516054,0.000000,-30080.631774,37959
8311.10,1307,1311032.468894,13.099533510,0.000000,-26734.907327,37989
8326.74,1308,1311030.232536,13.099510787,0.000000,-25389.984320,38019
8341.05,1309,1310892.498955,13.098139595,0.000000,-30529.836675,38049
8357.20,1310,1310801.055997,13.097224602,0.000000,-28907.920682,38079
8369.29,1311,1310685.946091,13.096077734,0.000000,-27343.580832,38109
8382.30,1312,1310593.575107,13.095153566,0.000000,-24428.020743,38139
8397.94,1313,1310256.677715,13.091790176,0.000000,-31343.529289,38169
8413.88,1314,1310105.527403,13.090287525,0.000000,-32236.604349,38199
8428.81,1315,1309976.125126,13.088998415,0.000000,-30744.670828,38229
8445.23,1316,1309976.125126,13.088998415,0.000000,-27319.047698,38259
8461.18,1317,1309272.181508,13.081980451,0.000000,-34724.400083,38289
8475.56,1318,1308786.510509,13.077136797,0.000000,-38609.577920,38319
8488.07,1319,1308402.465437,13.073303396,0.000000,-31454.328888,38349
8505.42,1320,1308041.504750,13.069696654,0.000000,-32016.087201,38379
8519.18,1321,1307817.085002,13.067466002,0.000000,-29588.569933,38409
8534.71,1322,1307545.346600,13.064751792,0.000000,-28341.751180,38439
8547.38,1323,1307446.581789,13.063769302,0.000000,-31503.971885,38469
8564.76,1324,1307352.155072,13.062827790,0.000000,-31202.010539,38499
8577.73,1325,1307198.585494,13.061291733,0.000000,-32212.328402,38529
8591.84,1326,1307049.706043,13.059811794,0.000000,-27946.890429,38559
8606.12,1327,1306999.993749,13.059316435,0.000000,-25655.685268,38589
8620.61,1328,1306919.282892,13.058512879,0.000000,-28681.999720,38619
8635.18,1329,1306795.927235,13.057284674,0.000000,-30933.798548,38649
8649.52,1330,1306660.307631,13.055933423,0.000000,-31002.702265,38679
8664.17,1331,1306518.686072,13.054521782,0.000000,-28716.343694,38709
8677.62,1332,1306387.251574,13.053209419,0.000000,-28182.995764,38739
8693.68,1333,1306201.757427,13.051360576,0.000000,-28320.352011,38769
8709.03,1334,1306151.842020,13.050863963,0.000000,-26698.710207,38799
8723.89,1335,1306070.130955,13.050047330,0.000000,-30223.148629,38829
8740.21,1336,1305975.286894,13.049101589,0.000000,-27900.675123,38859
8757.35,1337,1305923.083245,13.048577026,0.000000,-27482.004305,38889
8773.05,1338,1305822.521483,13.047574184,0.000000,-26292.869911,38919
8790.08,1339,1305694.439132,13.046296665,0.000000,-28526.559118,38949
8805.03,1340,1305586.666381,13.045220693,0.000000,-28211.652873,38979
8821.61,1341,1305471.331186,13.044062998,0.000000,-23430.721249,39009
8836.88,1342,1305450.226643,13.043851916,0.000000,-21939.214439,39039
8852.55,1343,1305369.577461,13.043047727,0.000000,-29578.465050,39069
8869.85,1344,1305290.797188,13.042261311,0.000000,-27173.588002,39099
8884.72,1345,1305277.504854,13.042129924,0.000000,-26398.854557,39129
8901.15,1346,1305179.232160,13.041148181,0.000000,-26389.396978,39159
8914.62,1347,1305131.642951,13.040672482,0.000000,-27437.648507,39189
8927.99,1348,1305024.039854,13.039594843,0.000000,-29551.597571,39219
8941.21,1349,1304937.668247,13.038731192,0.000000,-28269.728966,39249
8956.26,1350,1304929.995518,13.038655717,0.000000,-23463.794261,39279
8970.89,1351,1304884.994341,13.038205364,0.000000,-28775.416186,39309
8986.93,1352,1304778.042288,13.037135187,0.000000,-25455.873508,39339
9003.26,1353,1304683.816028,13.036196777,0.000000,-28464.460688,39369
9016.92,1354,1304583.984795,13.035201766,0.000000,-26308.592598,39399
9034.39,1355,1304506.271898,13.034427754,0.000000,-29378.012102,39429
9048.58,1356,1304408.567548,13.033455040,0.000000,-27669.265610,39459
9063.34,1357,1304298.575843,13.032356149,0.000000,-26577.325358,39489
9080.47,1358,1304174.579558,13.031122396,0.000000,-28898.664646,39519
9096.73,1359,1304160.394719,13.030986061,0.000000,-28407.277301,39549
9111.15,1360,1304091.298198,13.030295392,0.000000,-26787.659808,39579
9127.96,1361,1304011.457908,13.029503127,0.000000,-29580.276351,39609
9144.76,1362,1303931.068887,13.028702867,0.000000,-27190.862749,39639
9162.51,1363,1303840.017243,13.027792302,0.000000,-23967.156566,39669
9176.63,1364,1303753.152104,13.026924567,0.000000,-27807.290795,39699
9192.52,1365,1303643.482556,13.025832337,0.000000,-26845.361542,39729
9209.73,1366,1303514.968359,13.024546953,0.000000,-32071.507374,39759
9223.58,1367,1303443.951934,13.023836509,0.000000,-28915.236767,39789
9237.47,1368,1303383.444261,13.023234236,0.000000,-25116.868464,39819
9256.60,1369,1303282.740642,13.022226519,0.000000,-28727.347855,39849
9272.81,1370,1303228.053357,13.021676794,0.000000,-26388.071527,39879
9288.47,1371,1303158.036655,13.020981541,0.000000,-23017.049032,39909
9304.07,1372,1303076.905335,13.020173958,0.000000,-24731.282423,39939
9322.14,1373,1303006.849192,13.019473067,0.000000,-24818.242620,39969
9336.95,1374,1302934.442744,13.018750825,0.000000,-26015.688104,39999
9351.98,1375,1302822.324877,13.017632025,0.000000,-24434.704119,40029
9369.07,1376,1302760.285761,13.017013462,0.000000,-27742.515899,40059
9385.27,1377,1302700.901113,13.016420798,0.000000,-26327.731758,40089
9398.65,1378,1302627.784946,13.015689379,0.000000,-28171.052387,40119
9416.51,1379,1302563.186056,13.015045318,0.000000,-33698.083842,40149
9429.90,1380,1302505.087206,13.014465134,0.000000,-30134.445381,40179
9449.03,1381,1302469.061375,13.014104091,0.000000,-30347.361795,40209
9467.10,1382,1302413.697650,13.013553183,0.000000,-26777.664314,40239
9486.60,1383,1302362.450116,13.013040818,0.000000,-23105.821613,40269
9502.26,1384,1302343.154503,13.012848567,0.000000,-23242.472531,40299
9520.76,1385,1302307.711974,13.012494711,0.000000,-26975.614367,40329
9536.30,1386,1302273.676366,13.012156298,0.000000,-23110.146639,40359
9556.45,1387,1302251.513442,13.011935420,0.000000,-24364.736490,40389
9573.12,1388,1302248.802925,13.011908384,0.000000,-22061.482739,40419
9589.95,1389,1302205.333345,13.011474661,0.000000,-22245.014575,40449
9606.80,1390,1302199.876704,13.011420912,0.000000,-25333.340365,40479
9624.51,1391,1302184.957842,13.011271546,0.000000,-24724.112482,40509
9641.16,1392,1302149.848205,13.010922252,0.000000,-22572.988241,40539
9657.44,1393,1302070.999832,13.010136378,0.000000,-25844.527558,40569
9675.38,1394,1302030.480018,13.009733822,0.000000,-25533.621519,40599
9690.36,1395,1302030.480018,13.009733822,0.000000,-23106.281431,40629
9708.35,1396,1302030.480018,13.009733822,0.000000,-22693.342769,40659
9723.30,1397,1301948.561251,13.008915513,0.000000,-25713.743681,40689
9741.16,1398,1301915.821643,13.008588339,0.000000,-24153.473581,40719
9759.01,1399,1301849.662137,13.007930476,0.000000,-24645.914214,40749
9777.07,1400,1301732.463557,13.006763712,0.000000,-25048.009340,40779
9793.29,1401,1301650.973760,13.005947265,0.000000,-21494.897918,40809
9808.44,1402,1301521.032187,13.004648548,0.000000,-25331.173122,40839
9833.57,1403,1301485.239631,13.004294135,0.000000,-22976.419004,40869
9851.82,1404,1301449.678779,13.003935040,0.000000,-22743.528330,40899
9868.63,1405,1301421.800106,13.003657042,0.000000,-20111.636953,40929
9884.39,1406,1301382.832942,13.003269146,0.000000,-19741.399653,40959
9903.61,1407,1301338.692817,13.002831224,0.000000,-19137.379968,40989
9923.46,1408,1301302.454975,13.002468572,0.000000,-20967.152837,41019
9937.25,1409,1301277.898700,13.002223172,0.000000,-19292.902900,41049
9956.15,1410,1301255.028473,13.001995616,0.000000,-21755.293556,41079
9972.87,1411,1301235.856457,13.001802580,0.000000,-20439.080225,41109
9991.41,1412,1301196.638591,13.001411477,0.000000,-22216.249609,41139
10009.84,1413,1301159.901173,13.001045692,0.000000,-24539.529616,41169
10028.40,1414,1301159.854994,13.001045047,0.000000,-21653.439053,41199
10045.21,1415,1301121.896880,13.000666298,0.000000,-19411.112518,41229
10063.42,1416,1301084.521466,13.000292538,0.000000,-22257.989147,41259
10081.07,1417,1301082.120078,13.000268472,0.000000,-17915.276458,41289
10097.09,1418,1301059.096017,13.000039900,0.000000,-21145.232886,41319
10117.20,1419,1301054.603839,13.000000000,0.000000,-296.341681,41349
10135.07,1420,1301054.029139,13.000000000,0.000000,-304.220031,41379
10155.28,1421,1301053.223043,13.000000000,0.000000,-360.682530,41409
10175.73,1422,1301053.223043,13.000000000,0.000000,-322.021041,41439
10193.74,1423,1301052.784732,13.000000000,0.000000,-377.241683,41469
10214.27,1424,1301052.158376,13.000000000,0.000000,-306.503132,41499
10234.38,1425,1301052.158376,13.000000000,0.000000,-297.618448,41529
10250.70,1426,1301051.428643,13.000000000,0.000000,-281.094034,41559
10267.93,1427,1301050.671785,13.000000000,0.000000,-343.153445,41589
10286.77,1428,1301050.671785,13.000000000,0.000000,-338.555310,41619
10304.66,1429,1301049.577252,13.000000000,0.000000,-297.202733,41649
10327.94,1430,1301048.341280,13.000000000,0.000000,-266.239580,41679
10350.08,1431,1301047.643362,13.000000000,0.000000,-252.535857,41709
10373.16,1432,1301046.413174,13.000000000,0.000000,-350.913334,41739
10394.32,1433,1301046.413174,13.000000000,0.000000,-336.153562,41769
10413.04,1434,1301045.488967,13.000000000,0.000000,-261.623746,41799
10432.55,1435,1301045.488967,13.000000000,0.000000,-257.965265,41829
10453.97,1436,1301045.488967,13.000000000,0.000000,-256.966693,41859
10479.14,1437,1301044.684141,13.000000000,0.000000,-255.155877,41889
10501.49,1438,1301044.684141,13.000000000,0.000000,-252.266969,41919
10521.66,1439,1301044.111624,13.000000000,0.000000,-240.634483,41949
10544.55,1440,1301044.111624,13.000000000,0.000000,-235.022238,41979
10564.80,1441,1301043.478524,13.000000000,0.000000,-320.007741,42009
10585.35,1442,1301042.101451,13.000000000,0.000000,-277.744647,42039
10610.64,1443,1301040.644306,13.000000000,0.000000,-269.094406,42069
10629.70,1444,1301040.644305,13.000000000,0.000000,-261.892167,42099
10650.49,1445,1301038.547874,13.000000000,0.000000,-316.729666,42129
10669.61,1446,1301036.194074,13.000000000,0.000000,-376.074649,42159
10691.96,1447,1301036.194074,13.000000000,0.000000,-367.360669,42189
10710.73,1448,1301033.941868,13.000000000,0.000000,-309.508929,42219
10735.37,1449,1301033.941868,13.000000000,0.000000,-296.696332,42249
10757.20,1450,1301033.420674,13.000000000,0.000000,-275.919595,42279
10775.28,1451,1301032.112226,13.000000000,0.000000,-228.267013,42309
10794.13,1452,1301032.112226,13.000000000,0.000000,-236.910740,42339
10815.10,1453,1301032.112226,13.000000000,0.000000,-226.070001,42369
10839.03,1454,1301031.224181,13.000000000,0.000000,-179.955307,42399
10857.52,1455,1301030.683991,13.000000000,0.000000,-220.456891,42429
10878.81,1456,1301030.683991,13.000000000,0.000000,-205.204121,42459
10898.46,1457,1301030.308329,13.000000000,0.000000,-186.472870,42489
10917.61,1458,1301029.550607,13.000000000,0.000000,-229.133135,42519
10934.60,1459,1301028.281287,13.000000000,0.000000,-203.113540,42549
10957.76,1460,1301026.591769,13.000000000,0.000000,-189.859412,42579
10981.52,1461,1301025.613226,13.000000000,0.000000,-188.011009,42609
11004.54,1462,1301023.419609,13.000000000,0.000000,-193.617139,42639
11028.30,1463,1301021.463490,13.000000000,0.000000,-247.679556,42669
11052.18,1464,1301021.463490,13.000000000,0.000000,-229.896336,42699
11076.08,1465,1301020.363711,13.000000000,0.000000,-256.288339,42729
11098.88,1466,1301018.915215,13.000000000,0.000000,-268.661525,42759
11114.87,1467,1301017.608452,13.000000000,0.000000,-296.343773,42789
11136.98,1468,1301017.608452,13.000000000,0.000000,-285.119524,42819
11164.34,1469,1301016.003880,13.000000000,0.000000,-268.368205,42849
11187.05,1470,1301012.817339,13.000000000,0.000000,-255.123552,42879
11209.58,1471,1301009.074245,13.000000000,0.000000,-245.495697,42909
11236.78,1472,1301007.662262,13.000000000,0.000000,-255.715258,42939
11258.55,1473,1301006.002286,13.000000000,0.000000,-248.593230,42969
11285.16,1474,1301006.002286,13.000000000,0.000000,-242.943666,42999
11310.48,1475,1301006.002286,13.000000000,0.000000,-240.919855,43029
11335.95,1476,1301004.596410,13.000000000,0.000000,-203.084996,43059
11359.14,1477,1301000.598961,13.000000000,0.000000,-224.944051,43089
11384.14,1478,1300998.364863,13.000000000,0.000000,-202.521616,43119
11407.53,1479,1300996.693562,13.000000000,0.000000,-203.323610,43149
11429.24,1480,1300996.693562,13.000000000,0.000000,-198.767847,43179
11451.84,1481,1300995.107622,13.000000000,0.000000,-205.257349,43209
11477.58,1482,1300993.138699,13.000000000,0.000000,-200.495690,43239
11504.39,1483,1300991.781590,13.000000000,0.000000,-161.557287,43269
11534.26,1484,1300990.915570,13.000000000,0.000000,-180.745312,43299
11560.62,1485,1300989.908237,13.000000000,0.000000,-155.140114,43329
11593.11,1486,1300988.845934,13.000000000,0.000000,-183.874691,43359
11622.68,1487,1300987.704309,13.000000000,0.000000,-162.150924,43389
11653.43,1488,1300986.932713,13.000000000,0.000000,-181.986273,43419
11678.88,1489,1300986.932713,13.000000000,0.000000,-160.338888,43449
11707.23,1490,1300985.272364,13.000000000,0.000000,-186.187254,43479
11724.46,1491,1300985.272364,13.000000000,0.000000,-189.799866,43509
11749.94,1492,1300985.272364,13.000000000,0.000000,-183.583242,43539
11778.67,1493,1300984.681231,13.000000000,0.000000,-156.768023,43569
11807.96,1494,1300983.547110,13.000000000,0.000000,-144.365353,43599
11836.69,1495,1300982.608354,13.000000000,0.000000,-202.626014,43629
11865.37,1496,1300982.608354,13.000000000,0.000000,-189.427523,43659
11899.22,1497,1300980.746363,13.000000000,0.000000,-166.064190,43689
11927.90,1498,1300979.447644,13.000000000,0.000000,-186.283184,43719
11952.69,1499,1300979.447644,13.000000000,0.000000,-171.304857,43749
11979.32,1500,1300977.816962,13.000000000,0.000000,-172.294469,43779
12006.72,1501,1300975.914626,13.000000000,0.000000,-203.463026,43809
12038.71,1502,1300975.914626,13.000000000,0.000000,-201.945126,43839
12069.84,1503,1300974.550571,13.000000000,0.000000,-186.359609,43869
12097.34,1504,1300972.861512,13.000000000,0.000000,-176.827845,43899
12125.71,1505,1300971.487522,13.000000000,0.000000,-199.084744,43929
12152.00,1506,1300969.899482,13.000000000,0.000000,-196.114140,43959
12169.72,1507,1300969.899482,13.000000000,0.000000,-192.914435,43989
12199.04,1508,1300968.867571,13.000000000,0.000000,-218.040382,44019
12229.89,1509,1300967.809781,13.000000000,0.000000,-187.895419,44049
12261.22,1510,1300967.809781,13.000000000,0.000000,-183.353460,44079
12280.70,1511,1300966.438570,13.000000000,0.000000,-180.941606,44109
12314.71,1512,1300966.438570,13.000000000,0.000000,-186.250590,44139
12344.16,1513,1300966.438570,13.000000000,0.000000,-177.924608,44169
12371.80,1514,1300965.469879,13.000000000,0.000000,-177.905777,44199
12400.21,1515,1300965.469879,13.000000000,0.000000,-183.355249,44229
12424.61,1516,1300965.469879,13.000000000,0.000000,-169.379021,44259
12450.00,1517,1300965.009019,13.000000000,0.000000,-167.653424,44289
12476.24,1518,1300965.009019,13.000000000,0.000000,-162.299471,44319
12507.36,1519,1300963.565656,13.000000000,0.000000,-141.052686,44349
12526.54,1520,1300961.724092,13.000000000,0.000000,-200.792151,44379
12554.64,1521,1300960.356474,13.000000000,0.000000,-179.230174,44409
12578.11,1522,1300960.356474,13.000000000,0.000000,-160.679269,44439
12603.74,1523,1300958.873302,13.000000000,0.000000,-142.130541,44469
12630.80,1524,1300958.873302,13.000000000,0.000000,-141.637338,44499
12663.87,1525,1300957.808564,13.000000000,0.000000,-156.165132,44529
12692.73,1526,1300956.254345,13.000000000,0.000000,-137.189153,44559
12722.23,1527,1300955.655772,13.000000000,0.000000,-183.705322,44589
12748.32,1528,1300954.145800,13.000000000,0.000000,-161.267557,44619
12775.79,1529,1300952.446165,13.000000000,0.000000,-154.794887,44649
12807.76,1530,1300950.955278,13.000000000,0.000000,-162.611845,44679
12834.45,1531,1300950.955278,13.000000000,0.000000,-157.991373,44709
12862.39,1532,1300949.553188,13.000000000,0.000000,-151.224337,44739
12893.31,1533,1300948.348026,13.000000000,0.000000,-188.765707,44769
12922.63,1534,1300945.460106,13.000000000,0.000000,-186.089103,44799
12940.18,1535,1300945.460106,13.000000000,0.000000,-178.706421,44829
12969.19,1536,1300943.673123,13.000000000,0.000000,-135.624197,44859
13008.79,1537,1300943.673123,13.000000000,0.000000,-133.401467,44889
13031.81,1538,1300942.081399,13.000000000,0.000000,-175.949782,44919
13055.72,1539,1300940.558672,13.000000000,0.000000,-146.393211,44949
13072.87,1540,1300939.297404,13.000000000,0.000000,-156.829276,44979
13100.17,1541,1300938.064117,13.000000000,0.000000,-171.563172,45009
13127.15,1542,1300935.823346,13.000000000,0.000000,-179.133997,45039
13153.48,1543,1300934.189293,13.000000000,0.000000,-200.295438,45069
13182.00,1544,1300934.189293,13.000000000,0.000000,-187.236884,45099
13213.79,1545,1300934.189293,13.000000000,0.000000,-183.357429,45129
13238.74,1546,1300934.189293,13.000000000,0.000000,-187.236884,45159
13264.04,1547,1300934.189293,13.000000000,0.000000,-179.883837,45189
13291.27,1548,1300932.066415,13.000000000,0.000000,-154.451214,45219
13322.61,1549,1300929.860094,13.000000000,0.000000,-132.540706,45249
13350.03,1550,1300928.210693,13.000000000,0.000000,-143.364778,45279
13379.76,1551,1300926.244974,13.000000000,0.000000,-133.332248,45309
13409.36,1552,1300923.443656,13.000000000,0.000000,-155.105115,45339
13435.25,1553,1300920.706136,13.000000000,0.000000,-161.656707,45369
13466.25,1554,1300915.968694,13.000000000,0.000000,-160.831393,45399
13496.06,1555,1300913.625664,13.000000000,0.000000,-156.385536,45429
13524.83,1556,1300911.336518,13.000000000,0.000000,-151.264327,45459
13555.41,1557,1300907.517061,13.000000000,0.000000,-149.952570,45489
13585.13,1558,1300904.797069,13.000000000,0.000000,-141.682589,45519
13613.05,1559,1300904.797069,13.000000000,0.000000,-141.244871,45549
13646.40,1560,1300904.797069,13.000000000,0.000000,-138.226301,45579
13673.56,1561,1300902.860629,13.000000000,0.000000,-160.279227,45609
13701.62,1562,1300901.783028,13.000000000,0.000000,-153.772298,45639
13730.75,1563,1300901.783028,13.000000000,0.000000,-146.923579,45669
13757.86,1564,1300899.359244,13.000000000,0.000000,-139.384997,45699
13791.37,1565,1300899.359244,13.000000000,0.000000,-144.088222,45729
13819.95,1566,1300899.359244,13.000000000,0.000000,-136.240821,45759
13853.47,1567,1300899.359244,13.000000000,0.000000,-134.958971,45789
13885.92,1568,1300899.359244,13.000000000,0.000000,-130.595998,45819
13919.93,1569,1300899.359244,13.000000000,0.000000,-126.974509,45849
13949.07,1570,1300897.306033,13.000000000,0.000000,-152.838112,45879
13980.57,1571,1300895.034865,13.000000000,0.000000,-136.628633,45909
14014.18,1572,1300893.246687,13.000000000,0.000000,-129.538562,45939
14043.70,1573,1300892.351737,13.000000000,0.000000,-129.665984,45969
14079.62,1574,1300891.040642,13.000000000,0.000000,-140.387513,45999
14102.66,1575,1300890.117299,13.000000000,0.000000,-141.644909,46029
14125.63,1576,1300890.117299,13.000000000,0.000000,-135.451774,46059
14152.59,1577,1300888.886795,13.000000000,0.000000,-129.904227,46089
14170.33,1578,1300888.210509,13.000000000,0.000000,-134.082487,46119
14193.03,1579,1300888.210509,13.000000000,0.000000,-130.193262,46149
14219.51,1580,1300888.210509,13.000000000,0.000000,-128.825341,46179
14255.56,1581,1300887.436243,13.000000000,0.000000,-135.318872,46209
14295.69,1582,1300887.436243,13.000000000,0.000000,-127.215981,46239
14321.99,1583,1300886.742736,13.000000000,0.000000,-139.841515,46269
14354.23,1584,1300885.195368,13.000000000,0.000000,-126.813389,46299
14379.61,1585,1300882.405861,13.000000000,0.000000,-123.916566,46329
14433.71,1586,1300881.332817,13.000000000,0.000000,-137.134550,46359
14464.55,1587,1300880.119633,13.000000000,0.000000,-133.347790,46389
14493.09,1588,1300880.119633,13.000000000,0.000000,-130.857369,46419
14530.68,1589,1300879.278924,13.000000000,0.000000,-127.420018,46449
14554.45,1590,1300877.597151,13.000000000,0.000000,-120.754431,46479
14584.53,1591,1300877.597151,13.000000000,0.000000,-118.911747,46509
14611.34,1592,1300875.972397,13.000000000,0.000000,-119.300672,46539
14646.68,1593,1300874.175623,13.000000000,0.000000,-127.625980,46569
14684.76,1594,1300872.153951,13.000000000,0.000000,-114.693970,46599
14708.06,1595,1300872.153951,13.000000000,0.000000,-104.465807,46629
14744.75,1596,1300869.303559,13.000000000,0.000000,-129.937557,46659
14774.20,1597,1300869.303559,13.000000000,0.000000,-129.481047,46689
14809.24,1598,1300867.197858,13.000000000,0.000000,-108.803845,46719
14828.82,1599,1300866.040904,13.000000000,0.000000,-125.679550,46749
14861.18,1600,1300864.334855,13.000000000,0.000000,-109.871680,46779
14894.88,1601,1300863.172059,13.000000000,0.000000,-128.779385,46809
14924.70,1602,1300861.693807,13.000000000,0.000000,-112.859821,46839
14964.45,1603,1300861.693807,13.000000000,0.000000,-118.309475,46869
14995.84,1604,1300861.693807,13.000000000,0.000000,-106.308048,46899
15020.76,1605,1300859.690859,13.000000000,0.000000,-114.260867,46929
15052.08,1606,1300859.690859,13.000000000,0.000000,-110.657149,46959
15079.26,1607,1300858.424191,13.000000000,0.000000,-115.405515,46989
15110.96,1608,1300858.424191,13.000000000,0.000000,-130.211188,47019
15145.04,1609,1300858.424191,13.000000000,0.000000,-116.453643,47049
15178.22,1610,1300858.424191,13.000000000,0.000000,-110.468876,47079
15208.32,1611,1300857.477700,13.000000000,0.000000,-118.545348,47109
15234.95,1612,1300855.318555,13.000000000,0.000000,-124.760797,47139
15265.68,1613,1300854.168090,13.000000000,0.000000,-131.264422,47169
15299.60,1614,1300854.168090,13.000000000,0.000000,-127.680357,47199
15330.32,1615,1300852.849757,13.000000000,0.000000,-121.803174,47229
15370.25,1616,1300851.774413,13.000000000,0.000000,-108.648174,47259
15407.08,1617,1300850.384783,13.000000000,0.000000,-107.645331,47289
15442.15,1618,1300850.384783,13.000000000,0.000000,-117.129106,47319
15467.01,1619,1300850.384783,13.000000000,0.000000,-107.205979,47349
15504.77,1620,1300849.845757,13.000000000,0.000000,-109.447518,47379
15543.86,1621,1300849.845757,13.000000000,0.000000,-107.035335,47409
15575.73,1622,1300849.496376,13.000000000,0.000000,-116.807328,47439
15614.66,1623,1300849.496376,13.000000000,0.000000,-115.720888,47469
15651.95,1624,1300849.038678,13.000000000,0.000000,-126.534296,47499
15684.17,1625,1300848.466819,13.000000000,0.000000,-117.500911,47529
15716.52,1626,1300847.596582,13.000000000,0.000000,-132.370819,47559
15748.12,1627,1300847.596582,13.000000000,0.000000,-129.008046,47589
15783.43,1628,1300847.596582,13.000000000,0.000000,-123.679979,47619
15816.35,1629,1300847.596582,13.000000000,0.000000,-118.724334,47649
15846.30,1630,1300847.596582,13.000000000,0.000000,-121.285764,47679
15878.58,1631,1300847.596582,13.000000000,0.000000,-116.194836,47709
15913.37,1632,1300847.596582,13.000000000,0.000000,-115.411033,47739
15944.32,1633,1300847.316047,13.000000000,0.000000,-115.165011,47769
15979.00,1634,1300847.316047,13.000000000,0.000000,-106.931367,47799
16013.03,1635,1300846.546868,13.000000000,0.000000,-111.923948,47829
16046.95,1636,1300845.876905,13.000000000,0.000000,-101.693824,47859
16079.45,1637,1300845.283967,13.000000000,0.000000,-113.677618,47889
16117.81,1638,1300844.384132,13.000000000,0.000000,-101.732593,47919
16153.36,1639,1300844.384132,13.000000000,0.000000,-97.277727,47949
16183.86,1640,1300843.765364,13.000000000,0.000000,-106.684588,47979
16206.01,1641,1300843.765364,13.000000000,0.000000,-96.111468,48009
16239.32,1642,1300843.404259,13.000000000,0.000000,-95.497936,48039
16280.05,1643,1300842.652356,13.000000000,0.000000,-86.968082,48069
16312.21,1644,1300842.117317,13.000000000,0.000000,-116.169946,48099
16346.29,1645,1300841.170194,13.000000000,0.000000,-101.371406,48129
16384.76,1646,1300840.248534,13.000000000,0.000000,-97.248707,48159
16421.02,1647,1300840.248534,13.000000000,0.000000,-99.421003,48189
16459.84,1648,1300840.248534,13.000000000,0.000000,-94.411432,48219
16487.42,1649,1300840.248534,13.000000000,0.000000,-94.324310,48249
16521.85,1650,1300839.509776,13.000000000,0.000000,-104.106007,48279
16553.34,1651,1300839.509776,13.000000000,0.000000,-101.387034,48309
16587.59,1652,1300838.891607,13.000000000,0.000000,-100.847263,48339
16629.04,1653,1300838.361976,13.000000000,0.000000,-90.372261,48369
16664.39,1654,1300838.361976,13.000000000,0.000000,-89.656905,48399
16693.20,1655,1300837.636960,13.000000000,0.000000,-91.353001,48429
16728.40,1656,1300837.636960,13.000000000,0.000000,-93.917542,48459
16759.44,1657,1300837.636960,13.000000000,0.000000,-89.320586,48489
16792.09,1658,1300837.102336,13.000000000,0.000000,-99.109619,48519
16814.83,1659,1300837.102336,13.000000000,0.000000,-87.274878,48549
16850.37,1660,1300837.102336,13.000000000,0.000000,-83.926212,48579
16891.20,1661,1300837.102336,13.000000000,0.000000,-82.520930,48609
16925.84,1662,1300836.306899,13.000000000,0.000000,-103.075297,48639
16962.47,1663,1300835.106060,13.000000000,0.000000,-89.672604,48669
16988.61,1664,1300834.431548,13.000000000,0.000000,-93.593720,48699
17021.66,1665,1300833.071059,13.000000000,0.000000,-100.346541,48729
17053.50,1666,1300831.706871,13.000000000,0.000000,-104.043000,48759
17086.55,1667,1300829.873224,13.000000000,0.000000,-96.615130,48789
17131.05,1668,1300829.873224,13.000000000,0.000000,-93.178654,48819
17169.36,1669,1300829.873224,13.000000000,0.000000,-93.130926,48849
17202.61,1670,1300828.311551,13.000000000,0.000000,-102.956700,48879
17236.25,1671,1300828.311551,13.000000000,0.000000,-98.484549,48909
17263.64,1672,1300827.351168,13.000000000,0.000000,-93.468437,48939
17293.95,1673,1300827.351168,13.000000000,0.000000,-92.752123,48969
17319.80,1674,1300826.099714,13.000000000,0.000000,-90.046017,48999
17357.24,1675,1300826.099714,13.000000000,0.000000,-83.727207,49029
17387.76,1676,1300824.787227,13.000000000,0.000000,-81.835447,49059
17421.89,1677,1300824.787227,13.000000000,0.000000,-82.011170,49089
17456.63,1678,1300824.787227,13.000000000,0.000000,-79.950856,49119
17490.60,1679,1300823.773889,13.000000000,0.000000,-89.376994,49149
17523.39,1680,1300822.127395,13.000000000,0.000000,-78.803349,49179
17562.55,1681,1300819.936784,13.000000000,0.000000,-84.645694,49209
17589.91,1682,1300819.936784,13.000000000,0.000000,-77.120766,49239
17622.45,1683,1300818.133723,13.000000000,0.000000,-69.493484,49269
17658.37,1684,1300817.030799,13.000000000,0.000000,-78.090095,49299
17702.00,1685,1300816.236981,13.000000000,0.000000,-72.662255,49329
17745.21,1686,1300815.006531,13.000000000,0.000000,-67.993958,49359
17775.22,1687,1300812.592703,13.000000000,0.000000,-78.800632,49389
17807.53,1688,1300811.138404,13.000000000,0.000000,-67.235007,49419
17830.90,1689,1300810.112383,13.000000000,0.000000,-79.100788,49449
17869.59,1690,1300808.444489,13.000000000,0.000000,-85.964045,49479
17890.02,1691,1300808.444489,13.000000000,0.000000,-78.199471,49509
17918.96,1692,1300807.486566,13.000000000,0.000000,-75.683256,49539
17951.96,1693,1300807.486566,13.000000000,0.000000,-73.282740,49569
17990.25,1694,1300807.486566,13.000000000,0.000000,-70.094040,49599
18045.22,1695,1300807.486566,13.000000000,0.000000,-68.886896,49629
18081.20,1696,1300807.486566,13.000000000,0.000000,-66.657516,49659
18116.76,1697,1300807.486566,13.000000000,0.000000,-69.340695,49689
18158.68,1698,1300807.486566,13.000000000,0.000000,-63.661026,49719
18189.47,1699,1300807.486566,13.000000000,0.000000,-67.582935,49749
18223.98,1700,1300807.486566,13.000000000,0.000000,-69.415910,49779
18251.55,1701,1300807.486566,13.000000000,0.000000,-67.145957,49809
18284.06,1702,1300807.486566,13.000000000,0.000000,-72.632936,49839
18317.43,1703,1300807.486566,13.000000000,0.000000,-69.655049,49869
18358.32,1704,1300807.486566,13.000000000,0.000000,-74.177898,49899
18391.71,1705,1300807.486566,13.000000000,0.000000,-66.412501,49929
18420.80,1706,1300807.486566,13.000000000,0.000000,-70.497425,49959
18458.11,1707,1300807.486566,13.000000000,0.000000,-67.348727,49989
18486.86,1708,1300807.486566,13.000000000,0.000000,-66.437318,50019
18524.53,1709,1300807.486566,13.000000000,0.000000,-68.187761,50049
18557.27,1710,1300807.486566,13.000000000,0.000000,-67.606678,50079
18589.14,1711,1300807.486566,13.000000000,0.000000,-61.902720,50109
18628.09,1712,1300807.486566,13.000000000,0.000000,-64.655023,50139
18645.76,1713,1300807.486566,13.000000000,0.000000,-61.562537,50169
18681.03,1714,1300806.111155,13.000000000,0.000000,-68.445742,50199
18715.99,1715,1300805.171814,13.000000000,0.000000,-80.011022,50229
18737.47,1716,1300805.171814,13.000000000,0.000000,-71.878206,50259
18775.70,1717,1300804.168049,13.000000000,0.000000,-83.256995,50289
18814.13,1718,1300802.776781,13.000000000,0.000000,-76.094160,50319
18847.18,1719,1300802.776781,13.000000000,0.000000,-74.275160,50349
18882.96,1720,1300801.624692,13.000000000,0.000000,-79.999696,50379
18921.24,1721,1300801.126867,13.000000000,0.000000,-71.436112,50409
18959.31,1722,1300799.830040,13.000000000,0.000000,-62.129856,50439
19000.29,1723,1300799.044664,13.000000000,0.000000,-71.719081,50469
19036.43,1724,1300798.653108,13.000000000,0.000000,-60.236992,50499
19074.35,1725,1300797.928063,13.000000000,0.000000,-66.076051,50529
19104.31,1726,1300797.398321,13.000000000,0.000000,-79.880287,50559
19141.92,1727,1300797.398321,13.000000000,0.000000,-68.381004,50589
19185.37,1728,1300797.398321,13.000000000,0.000000,-67.688506,50619
19223.08,1729,1300795.530880,13.000000000,0.000000,-84.060338,50649
19256.87,1730,1300794.202045,13.000000000,0.000000,-73.876480,50679
19295.56,1731,1300794.202045,13.000000000,0.000000,-70.780824,50709
19322.28,1732,1300792.575515,13.000000000,0.000000,-64.350640,50739
19361.98,1733,1300792.575515,13.000000000,0.000000,-60.050143,50769
19395.55,1734,1300792.575515,13.000000000,0.000000,-79.429284,50799
19430.81,1735,1300792.575515,13.000000000,0.000000,-62.896669,50829
19471.04,1736,1300792.575515,13.000000000,0.000000,-59.721742,50859
19507.79,1737,1300791.749268,13.000000000,0.000000,-63.163050,50889
19542.73,1738,1300790.730274,13.000000000,0.000000,-54.285879,50919
19583.43,1739,1300790.730274,13.000000000,0.000000,-52.755149,50949
19619.78,1740,1300789.753019,13.000000000,0.000000,-59.137145,50979
19651.10,1741,1300789.753019,13.000000000,0.000000,-57.050251,51009
19689.00,1742,1300789.753019,13.000000000,0.000000,-55.574243,51039
19728.26,1743,1300788.265830,13.000000000,0.000000,-69.691965,51069
19772.05,1744,1300786.986911,13.000000000,0.000000,-60.508687,51099
19812.69,1745,1300786.986911,13.000000000,0.000000,-60.042286,51129
19856.47,1746,1300785.910813,13.000000000,0.000000,-72.869834,51159
19894.81,1747,1300784.424431,13.000000000,0.000000,-84.520578,51189
19936.19,1748,1300783.231402,13.000000000,0.000000,-71.717740,51219
19980.24,1749,1300782.102508,13.000000000,0.000000,-64.679610,51249
20022.88,1750,1300781.443365,13.000000000,0.000000,-62.244343,51279
20063.98,1751,1300780.641148,13.000000000,0.000000,-61.285998,51309
20102.31,1752,1300779.942503,13.000000000,0.000000,-61.743324,51339
20146.76,1753,1300779.942503,13.000000000,0.000000,-55.480339,51369
20183.09,1754,1300779.409053,13.000000000,0.000000,-67.584672,51399
20215.25,1755,1300779.409053,13.000000000,0.000000,-65.416824,51429
20258.62,1756,1300778.599030,13.000000000,0.000000,-66.923738,51459
20302.37,1757,1300777.250888,13.000000000,0.000000,-66.482268,51489
20338.61,1758,1300777.250888,13.000000000,0.000000,-82.306090,51519
20378.11,1759,1300777.250888,13.000000000,0.000000,-76.442075,51549
20420.60,1760,1300777.250888,13.000000000,0.000000,-74.582977,51579
20462.28,1761,1300777.250888,13.000000000,0.000000,-68.803170,51609
20508.52,1762,1300777.250888,13.000000000,0.000000,-66.482268,51639
20557.32,1763,1300776.777880,13.000000000,0.000000,-66.500828,51669
20594.98,1764,1300776.228329,13.000000000,0.000000,-67.962082,51699
20630.80,1765,1300776.084297,13.000000000,0.000000,-58.339811,51729
20665.47,1766,1300776.084297,13.000000000,0.000000,-56.876641,51759
20705.14,1767,1300775.603752,13.000000000,0.000000,-52.165094,51789
20739.60,1768,1300775.603752,13.000000000,0.000000,-58.917166,51819
20776.00,1769,1300775.603752,13.000000000,0.000000,-51.191663,51849
20826.26,1770,1300775.248568,13.000000000,0.000000,-61.546521,51879
20855.09,1771,1300774.708055,13.000000000,0.000000,-54.888563,51909
20892.18,1772,1300774.332273,13.000000000,0.000000,-64.510624,51939
20925.84,1773,1300773.970335,13.000000000,0.000000,-51.822696,51969
20952.22,1774,1300773.970335,13.000000000,0.000000,-48.668571,51999
20995.84,1775,1300773.470724,13.000000000,0.000000,-53.276974,52029
21039.16,1776,1300772.947359,13.000000000,0.000000,-54.803516,52059
21076.70,1777,1300772.246311,13.000000000,0.000000,-51.541917,52089
21115.14,1778,1300770.823157,13.000000000,0.000000,-77.496803,52119
21167.39,1779,1300770.823157,13.000000000,0.000000,-77.054544,52149
21204.48,1780,1300770.823157,13.000000000,0.000000,-70.516992,52179
21247.98,1781,1300769.425195,13.000000000,0.000000,-65.180026,52209
21287.70,1782,1300769.425195,13.000000000,0.000000,-62.218705,52239
21325.98,1783,1300769.425195,13.000000000,0.000000,-60.475542,52269
21371.12,1784,1300768.453224,13.000000000,0.000000,-56.396472,52299
21408.50,1785,1300767.548195,13.000000000,0.000000,-59.204180,52329
21451.56,1786,1300766.685751,13.000000000,0.000000,-52.682411,52359
21487.87,1787,1300766.387453,13.000000000,0.000000,-48.005749,52389
21529.29,1788,1300766.387453,13.000000000,0.000000,-47.094212,52419
21569.60,1789,1300765.530593,13.000000000,0.000000,-60.966093,52449
21606.58,1790,1300765.530593,13.000000000,0.000000,-57.169475,52479
