
Gurobi 12.0.3 (linux64) logging started Fri Sep 18 11:26:09 2026

Set parameter LogFile to value "/home/nc437/ladder-lite/review_fresh_k15_longmip_20260917/results/c3_k15__plain/gurobi.log"
Set parameter OutputFlag to value 1
Set parameter TimeLimit to value 45000
Set parameter MIPGap to value 0.0001
Set parameter Threads to value 8
Set parameter Seed to value 0
Set parameter TimeLimit to value 43200
Gurobi Optimizer version 12.0.3 build v12.0.3rc0 (linux64 - "Ubuntu 24.04.4 LTS")

CPU model: Intel(R) Xeon(R) Gold 6348 CPU @ 2.60GHz, instruction set [SSE2|AVX|AVX2|AVX512]
Thread count: 56 physical cores, 56 logical processors, using up to 8 threads

Non-default parameters:
TimeLimit  43200
Threads  8

Optimize a model with 302 rows, 38130 columns and 896915 nonzeros
Model fingerprint: 0x9a6d0205
Variable types: 0 continuous, 38130 integer (38130 binary)
Coefficient statistics:
  Matrix range     [1e+00, 1e+00]
  Objective range  [1e+00, 1e+00]
  Bounds range     [1e+00, 1e+00]
  RHS range        [1e+00, 1e+00]

Loaded user MIP start with objective 100

Presolve removed 0 rows and 2665 columns
Presolve time: 0.94s
Presolved: 302 rows, 35465 columns, 845322 nonzeros
Found heuristic solution: objective 94.0000000
Variable types: 0 continuous, 35465 integer (35465 binary)
Found heuristic solution: objective 82.0000000

Starting sifting (using dual simplex for sub-problems)...

    Iter     Pivots    Primal Obj      Dual Obj        Time
       0          0     infinity      0.0000000e+00      1s
       1        651   1.6764739e+01   5.5695052e+00      1s
       2       2680   1.6485876e+01   1.0372243e+01      1s
       3       4524   1.5874511e+01   1.2221100e+01      1s
       4       6685   1.5256395e+01   1.3454184e+01      2s
       5       7766   1.5000000e+01   1.3644727e+01      2s
       6       8954   1.5000000e+01   1.3738127e+01      2s
       7      10194   1.5000000e+01   1.5000000e+01      2s

Sifting complete


Root relaxation: objective 1.500000e+01, 10194 iterations, 0.84 seconds (1.68 work units)

    Nodes    |    Current Node    |     Objective Bounds      |     Work
 Expl Unexpl |  Obj  Depth IntInf | Incumbent    BestBd   Gap | It/Node Time

     0     0   15.00000    0  157   82.00000   15.00000  81.7%     -    4s
H    0     0                      33.0000000   15.00000  54.5%     -    4s
H    0     0                      28.0000000   15.00000  46.4%     -    4s
H    0     0                      27.0000000   15.00000  44.4%     -    4s
H    0     0                      26.0000000   15.00000  42.3%     -    4s
H    0     0                      25.0000000   15.00000  40.0%     -    4s
H    0     0                      24.0000000   15.00000  37.5%     -    4s
H    0     0                      23.0000000   15.00000  34.8%     -    4s
H    0     0                      22.0000000   15.00000  31.8%     -    4s
H    0     0                      21.0000000   15.00000  28.6%     -    4s
H    0     0                      20.0000000   15.00000  25.0%     -    5s
     0     0   15.00000    0  154   20.00000   15.00000  25.0%     -    9s
     0     0   15.00000    0  147   20.00000   15.00000  25.0%     -   19s
     0     0   15.00000    0  140   20.00000   15.00000  25.0%     -   23s
     0     0   15.00000    0  131   20.00000   15.00000  25.0%     -   24s
     0     0   15.00000    0  128   20.00000   15.00000  25.0%     -   27s
     0     0   15.00000    0  132   20.00000   15.00000  25.0%     -   27s
     0     0   15.00000    0  126   20.00000   15.00000  25.0%     -   30s
     0     0   15.00000    0  128   20.00000   15.00000  25.0%     -   31s
     0     0   15.00000    0  137   20.00000   15.00000  25.0%     -   34s
     0     0   15.00000    0  131   20.00000   15.00000  25.0%     -   35s
     0     0   15.00000    0  127   20.00000   15.00000  25.0%     -   37s
     0     0   15.00000    0  127   20.00000   15.00000  25.0%     -   39s
     0     2   15.00000    0  127   20.00000   15.00000  25.0%     -   45s
    23   121   15.00000    5  192   20.00000   15.00000  25.0%   943   50s
   120   129   15.00000   20  187   20.00000   15.00000  25.0%  1052   56s
H  124   129                      19.0000000   15.00000  21.1%  1026   56s
   189   451   15.00000   29  189   19.00000   15.00000  21.1%   858   71s
   450   824   15.00000   51  187   19.00000   15.00000  21.1%   989   86s
   823  1376   15.00000  102  229   19.00000   15.00000  21.1%  1174  104s
  1375  1384   15.00000  157  173   19.00000   15.00000  21.1%  1107  116s
  1383  1605   15.00000  158  156   19.00000   15.00000  21.1%  1102  127s
  1604  2001   15.00000  179  189   19.00000   15.00000  21.1%  1005  143s
  2000  2100   15.00000  226  221   19.00000   15.00000  21.1%  1056  157s
  2099  2652   15.00000  257  218   19.00000   15.00000  21.1%  1095  174s
  2651  3212   15.00000  319  208   19.00000   15.00000  21.1%  1194  190s
  3211  3919   15.00007  382  197   19.00000   15.00000  21.1%  1278  204s
  3918  4436   15.07477  508  205   19.00000   15.00000  21.1%  1216  215s
  4435  4901   15.11884  669  203   19.00000   15.00000  21.1%  1097  225s
  4900  5360   15.17696  774  206   19.00000   15.00000  21.1%  1012  236s
  5359  5414   15.22487  876  203   19.00000   15.00000  21.1%   939  255s
H 5371  5414                      18.0000000   15.00000  16.7%   937  255s
  5413  6026   15.22778  883  204   18.00000   15.00000  16.7%   932  267s
  6025  6309   15.29207  984  203   18.00000   15.00000  16.7%   852  277s
  6308  6875   15.33182 1049  207   18.00000   15.00000  16.7%   820  289s
  6874  7306   15.42228 1155  204   18.00000   15.00000  16.7%   766  299s
  7306  7307   15.00000  123  127   18.00000   15.00000  16.7%   729  304s
  7308  7308   15.47077  847  157   18.00000   15.00000  16.7%   729  313s
  7309  7309   15.54147  968  156   18.00000   15.00000  16.7%   729  331s
  7310  7310   15.00000  250  142   18.00000   15.00000  16.7%   729  335s
  7311  7310   15.00000  402  132   18.00000   15.00000  16.7%   729  347s
  7313  7312   15.17741  639  124   18.00000   15.00000  16.7%   729  352s
  7315  7313   15.52260  934  129   18.00000   15.00000  16.7%   728  358s
  7317  7314   15.74883 1060  127   18.00000   15.00000  16.7%   728  362s
  7318  7315   15.00000  264  127   18.00000   15.00000  16.7%   728  383s
  7319  7319   15.00000   16  133   18.00000   15.00000  16.7%   738  389s
  7321  7322   15.00000   17  115   18.00000   15.00000  16.7%   738  391s
  7341  7356   15.00000   20  149   18.00000   15.00000  16.7%   737  398s
  7366  7369   15.00000   23  181   18.00000   15.00000  16.7%   742  407s
  7387  7370   15.00000   23  171   18.00000   15.00000  16.7%   744  417s
  7395  7375   15.00000   24  163   18.00000   15.00000  16.7%   744  426s
  7403  7391   15.02891   24  172   18.00000   15.00000  16.7%   744  440s
  7421  7427   15.00000   27  160   18.00000   15.00000  16.7%   745  455s
  7463  7481   15.00000   31  126   18.00000   15.00000  16.7%   763  470s
  7531  7470   15.00000   36  121   18.00000   15.00000  16.7%   768  492s
  7543  7527   15.00000   36  169   18.00000   15.00000  16.7%   769  518s
  7604  7632   15.00000   39  139   18.00000   15.00000  16.7%   793  540s
  7729  7732   15.00000   49  138   18.00000   15.00000  16.7%   798  567s
  7871  7709   15.00000   56  163   18.00000   15.00000  16.7%   925  598s
  7895  7750   15.00000   57  164   18.00000   15.00000  16.7%   926  622s
  7944  7876   15.00000   62  177   18.00000   15.00000  16.7%   926  645s
  8087  7953   15.00000   71  140   18.00000   15.00000  16.7%   933  671s
  8211  8087   15.00000   74  179   18.00000   15.00000  16.7%  1031  697s
  8387  8156   15.00000   83  121   18.00000   15.00000  16.7%  1175  723s
  8514  8246   15.00000   90  118   18.00000   15.00000  16.7%  1191  757s
  8647  8289   15.03299   98  148   18.00000   15.00000  16.7%  1255  788s
  8734  8460   15.00000  106  136   18.00000   15.00000  16.7%  1267  826s
  8934  8587   15.00000  116  187   18.00000   15.00000  16.7%  1394  866s
  9128  8722   15.00000  124  174   18.00000   15.00000  16.7%  1540  904s
  9327  8870   15.00000  132  137   18.00000   15.00000  16.7%  1680  942s
  9542  8985   15.00000  144  151   18.00000   15.00000  16.7%  1842  976s
  9728  9116   15.00000  153  133   18.00000   15.00000  16.7%  1987 1005s
  9921  9216   15.00000  163  123   18.00000   15.00000  16.7%  2022 1038s
 10086  9372   15.00000  172  125   18.00000   15.00000  16.7%  2007 1066s
 10297  9524   15.00000  183  167   18.00000   15.00000  16.7%  1995 1098s
 10519  9489   15.00000  192  117   18.00000   15.00000  16.7%  2030 1151s
 10558  9668   15.10728  201  179   18.00000   15.00000  16.7%  2027 1190s
 10750  9875   15.00000  215  111   18.00000   15.00000  16.7%  2011 1230s
 11021 10098   15.00000  226  118   18.00000   15.00000  16.7%  1984 1270s
 11334 10327   15.07103  238  178   18.00000   15.00000  16.7%  1953 1310s
 11668 10515   15.00000  251  131   18.00000   15.00000  16.7%  1918 1343s
 11967 10674   15.00000  264  112   18.00000   15.00000  16.7%  1892 1378s
 12226 10955   15.00000  275  103   18.00000   15.00000  16.7%  1870 1413s
 12593 11179   15.00000  287  116   18.00000   15.00000  16.7%  1837 1450s
 12939 11403   15.00000  298  124   18.00000   15.00000  16.7%  1808 1490s
 13279 11596   15.00000  312  109   18.00000   15.00000  16.7%  1780 1539s
 13585 11868   15.00000  325  119   18.00000   15.00000  16.7%  1757 1590s
 13959 12017   15.00000  342  113   18.00000   15.00000  16.7%  1730 1641s
 14233 12239   15.00000  354  111   18.00000   15.00000  16.7%  1712 1691s
 14546 12568   15.02485  357  185   18.00000   15.00000  16.7%  1692 1740s
 14979 12729   15.00000  376  115   18.00000   15.00000  16.7%  1665 1779s
 15285 12813   15.00000  388  115   18.00000   15.00000  16.7%  1647 1829s
 15471 13168   15.00000  395  127   18.00000   15.00000  16.7%  1637 1880s
 15888 13393   15.00000  409  152   18.00000   15.00000  16.7%  1612 1931s
 16252 13676   15.00000  423  120   18.00000   15.00000  16.7%  1591 1982s
 16656 13934   15.03057  437  175   18.00000   15.00000  16.7%  1570 2031s
 17049 13829   15.00000  452  122   18.00000   15.00000  16.7%  1550 2097s
 17075 14309   15.01826  452  170   18.00000   15.00000  16.7%  1548 2152s
 17563 14695   15.00000  460  125   18.00000   15.00000  16.7%  1521 2211s
 18112 14997   15.00000  477  128   18.00000   15.00000  16.7%  1492 2270s
 18597 14942   15.11787  494  162   18.00000   15.00000  16.7%  1470 2338s
 18704 15399   15.00000  499  162   18.00000   15.00000  16.7%  1465 2393s
 19196 15775   15.00000  517  114   18.00000   15.00000  16.7%  1445 2446s
 19736 16152   15.00000  536  115   18.00000   15.00000  16.7%  1422 2505s
 20293 16521   15.00000  555  110   18.00000   15.00000  16.7%  1401 2575s
 20848 16939   15.00000  573  131   18.00000   15.00000  16.7%  1380 2647s
 21451 17392   15.00000  594  138   18.00000   15.00000  16.7%  1359 2709s
 22105 17829   15.00000  615  137   18.00000   15.00000  16.7%  1337 2772s
 22760 18289   15.00000  639  137   18.00000   15.00000  16.7%  1317 2842s
 23438 18605   15.00000  661  152   18.00000   15.00000  16.7%  1297 2935s
 23980 19213   15.00000  678  136   18.00000   15.00000  16.7%  1283 3017s
 24769 19416   15.00000  702  152   18.00000   15.00000  16.7%  1261 3105s
 25235 20143   15.00000  725  140   18.00000   15.00000  16.7%  1249 3193s
 26117 20781   15.00000  750  131   18.00000   15.00000  16.7%  1226 3294s
 27049 21388   15.00000  776  141   18.00000   15.00000  16.7%  1203 3382s
 27967 22026   15.31647  802  179   18.00000   15.00000  16.7%  1184 3464s
 28911 22449   15.00000  830  143   18.00000   15.00000  16.7%  1165 3559s
 29649 22679   15.00000  851  159   18.00000   15.00000  16.7%  1152 3968s
H29904 21769                      17.0000000   15.00000  11.8%  1148 3968s
 29996 24574   15.00000  870  150   17.00000   15.00000  11.8%  1146 4213s
 33131 25435   15.00000  947  149   17.00000   15.00000  11.8%  1085 4301s
 34103 26269   15.00687  976  172   17.00000   15.00000  11.8%  1068 4380s
 34950 27093   15.26127 1027  187   17.00000   15.00000  11.8%  1056 4448s
 35808 27862   15.06864 1079  184   17.00000   15.00000  11.8%  1044 4511s
 36603 28753   15.08270 1128  184   17.00000   15.00000  11.8%  1033 4585s
 37521 29638   15.09358 1182  179   17.00000   15.00000  11.8%  1021 4665s
 38476 30427   15.09690 1247  173   17.00000   15.00000  11.8%  1009 4736s
 39324 30677   15.11070 1301  181   17.00000   15.00000  11.8%  1000 4803s
 39589 31515   15.11264 1318  179   17.00000   15.00000  11.8%   997 4868s
 40472 32408   16.00000 1368  147   17.00000   15.00000  11.8%   987 4942s
 41465 32444   15.12953 1427  175   17.00000   15.00000  11.8%   976 5046s
 41501 33168   15.13791 1441  182   17.00000   15.00000  11.8%   976 5114s
 42310 34016   15.15061 1492  180   17.00000   15.00000  11.8%   968 5178s
 43266 34845   15.18397 1540  181   17.00000   15.00000  11.8%   958 5250s
 44275 36043   15.18982 1589  179   17.00000   15.00000  11.8%   948 5363s
 45825 36648   15.20183 1664  177   17.00000   15.00000  11.8%   932 5418s
 46662 37220   15.20589 1700  177   17.00000   15.00000  11.8%   924 5466s
 47510 37743   15.21115 1740  176   17.00000   15.00000  11.8%   916 5512s
 48367 38262   15.21762 1779  174   17.00000   15.00000  11.8%   908 5564s
 49325 38826   15.22385 1818  174   17.00000   15.00000  11.8%   898 5623s
 50284 39330   16.00000 1855  149   17.00000   15.00000  11.8%   889 5677s
 51261 39776   15.23626 1892  171   17.00000   15.00000  11.8%   879 5731s
 52249 40226   15.23927 1922  175   17.00000   15.00000  11.8%   869 5776s
 53715 40585   15.24238 1956  172   17.00000   15.00000  11.8%   852 5814s
 55026 40831   15.25091 1981  179   17.00000   15.00000  11.8%   837 5850s
 55728 40906   15.25387 1997  178   17.00000   15.00000  11.8%   829 5906s
 55935 41256   15.59767 1997  154   17.00000   15.00000  11.8%   828 5952s
 56393 42004   15.25612 2023  180   17.00000   15.00000  11.8%   825 5995s
 57257 43075   15.26525 2056  171   17.00000   15.00000  11.8%   818 6039s
 58531 44332   15.26840 2087  175   17.00000   15.00000  11.8%   805 6080s
 59989 45989   15.27757 2119  177   17.00000   15.00000  11.8%   790 6155s
 62075 46968   15.28166 2181  174   17.00000   15.00000  11.8%   773 6185s
 63247 47951   15.28276 2204  174   17.00000   15.00000  11.8%   762 6213s
 64420 48579   15.28448 2224  174   17.00000   15.00000  11.8%   751 6238s
 65255 49617   15.28544 2241  172   17.00000   15.00000  11.8%   744 6268s
 66528 49728   15.28833 2260  169   17.00000   15.00000  11.8%   733 6303s
 66709 49823   15.28833 2261  169   17.00000   15.00000  11.8%   731 6334s
 66942 50496   15.28833 2271  170   17.00000   15.00000  11.8%   730 6365s
 67861 51274   15.28877 2289  168   17.00000   15.00000  11.8%   723 6393s
 68971 52020   15.29169 2310  165   17.00000   15.00000  11.8%   714 6420s
 69997 52645   15.29356 2328  165   17.00000   15.00000  11.8%   706 6443s
 70961 53353   15.29886 2345  164   17.00000   15.00000  11.8%   699 6467s
 72270 54049   15.30658 2361  174   17.00000   15.00000  11.8%   688 6489s
 73710 55674   15.31107 2376  171   17.00000   15.00000  11.8%   677 6513s
 75450 57876   15.33852 2391  183   17.00000   15.00000  11.8%   663 6584s
 78311 59223   15.34447 2444  182   17.00000   15.00000  11.8%   644 6609s
 80029 59649   15.34526 2455  177   17.00000   15.00000  11.8%   632 6623s
 80646 60098   15.35048 2463  181   17.00000   15.00000  11.8%   628 6640s
 81285 60658   15.35062 2471  182   17.00000   15.00000  11.8%   624 6656s
 82126 61217   15.35062 2480  182   17.00000   15.00000  11.8%   619 6673s
 83001 61724   15.35062 2490  181   17.00000   15.00000  11.8%   614 6690s
 83883 62298   15.35869 2499  183   17.00000   15.00000  11.8%   608 6707s
 84465 62632   15.36471 2511  183   17.00000   15.00000  11.8%   605 6722s
 84807 62950   15.36795 2517  187   17.00000   15.00000  11.8%   603 6738s
 85137 63565   15.37540 2530  185   17.00000   15.00000  11.8%   602 6755s
 85805 64134   15.37644 2542  184   17.00000   15.00000  11.8%   598 6771s
 86411 64816   15.37836 2551  183   17.00000   15.00000  11.8%   595 6787s
 87105 65422   15.37836 2557  183   17.00000   15.00000  11.8%   591 6801s
 87730 66061   15.38179 2567  184   17.00000   15.00000  11.8%   588 6819s
 88387 66945   15.38324 2577  180   17.00000   15.00000  11.8%   584 6842s
 89289 67717   15.38473 2589  182   17.00000   15.00000  11.8%   579 6859s
 90095 69870   15.38654 2599  186   17.00000   15.00000  11.8%   574 6935s
 92350 71287   15.38921 2642  186   17.00000   15.00000  11.8%   563 6965s
 93814 72100   15.39255 2655  187   17.00000   15.00000  11.8%   556 6984s
 94667 72965   15.39312 2666  188   17.00000   15.00000  11.8%   552 7004s
 95577 74176   15.39885 2676  185   17.00000   15.00000  11.8%   548 7024s
 96835 74948   15.39999 2687  185   17.00000   15.00000  11.8%   541 7044s
 97645 75871   15.40363 2695  181   17.00000   15.00000  11.8%   538 7066s
 98666 76853   15.40451 2705  180   17.00000   15.00000  11.8%   533 7086s
 99724 78123   15.40621 2716  186   17.00000   15.00000  11.8%   528 7105s
 101088 79189   15.40825 2725  179   17.00000   15.00000  11.8%   522 7124s
 102425 79680   15.40869 2733  182   17.00000   15.00000  11.8%   516 7138s
 102955 80289   15.40877 2740  183   17.00000   15.00000  11.8%   514 7152s
 103622 81118   15.41166 2749  181   17.00000   15.00000  11.8%   511 7167s
 104551 83214   15.41169 2759  185   17.00000   15.00000  11.8%   508 7214s
 106868 83975   15.42029 2790  181   17.00000   15.00000  11.8%   500 7232s
 107715 84871   15.42346 2804  184   17.00000   15.00000  11.8%   497 7253s
 108667 85861   15.42634 2817  179   17.00000   15.00000  11.8%   493 7273s
 109735 86155   15.43282 2829  184   17.00000   15.00000  11.8%   489 7289s
 110116 86315   15.44260 2841  183   17.00000   15.00000  11.8%   488 7308s
 110356 86498   15.44328 2851  182   17.00000   15.00000  11.8%   488 7328s
 110609 86665   15.44431 2863  184   17.00000   15.00000  11.8%   488 7347s
 110860 86842   15.44431 2871  184   17.00000   15.00000  11.8%   488 7365s
 111143 86850   15.45140 2884  179   17.00000   15.00000  11.8%   488 7389s
 111151 86857   15.76157 2884  172   17.00000   15.00000  11.8%   488 7432s
 111160 86880   15.45140 2885  179   17.00000   15.00000  11.8%   488 7464s
 111187 86955   16.00000 2885  168   17.00000   15.00000  11.8%   488 7491s
 111264 87160   15.45168 2886  179   17.00000   15.00000  11.8%   488 7510s
 111523 87478   15.45332 2890  182   17.00000   15.00000  11.8%   487 7530s
 111967 87787   15.45703 2904  186   17.00000   15.00000  11.8%   487 7554s
 112378 88059   15.45822 2922  180   17.00000   15.00000  11.8%   486 7587s
 112656 88503   15.45919 2939  179   17.00000   15.00000  11.8%   485 7621s
 113104 89099   15.46322 2957  179   17.00000   15.00000  11.8%   485 7650s
 113804 90334   15.46543 2974  176   17.00000   15.00000  11.8%   483 7680s
 115329 91663   15.46702 2992  175   17.00000   15.00000  11.8%   478 7708s
 117018 93204   15.47036 3011  172   17.00000   15.00000  11.8%   472 7736s
 118939 94474   15.47888 3025  178   17.00000   15.00000  11.8%   466 7757s
 120615 96038   15.48042 3045  175   17.00000   15.00000  11.8%   461 7805s
 123156 96934   15.49868 3086  181   17.00000   15.00000  11.8%   454 7824s
 124824 97235   15.50442 3097  182   17.00000   15.00000  11.8%   449 7835s
 125145 97633   15.50442 3105  181   17.00000   15.00000  11.8%   448 7845s
 125569 98282   15.50454 3114  180   17.00000   15.00000  11.8%   447 7857s
 126220 99143   15.50810 3125  184   17.00000   15.00000  11.8%   446 7872s
 127081 100428   15.51056 3134  180   17.00000   15.00000  11.8%   443 7888s
 128379 100565   15.51153 3146  182   17.00000   15.00000  11.8%   439 7900s
 128540 100883   16.00000 3150  146   17.00000   15.00000  11.8%   439 7913s
 128872 101164   15.51681 3161  180   17.00000   15.00000  11.8%   439 7926s
 129159 101798   15.51837 3173  180   17.00000   15.00000  11.8%   438 7941s
 129799 102193   15.51912 3185  182   17.00000   15.00000  11.8%   437 7956s
 130204 102794   15.52247 3197  181   17.00000   15.00000  11.8%   436 7970s
 130813 103298   15.52317 3206  180   17.00000   15.00000  11.8%   434 7987s
 131330 104103   15.52588 3217  180   17.00000   15.00000  11.8%   433 8005s
 132145 104833   15.52629 3229  178   17.00000   15.00000  11.8%   432 8024s
 132901 106097   15.52790 3239  177   17.00000   15.00000  11.8%   430 8043s
 134192 106755     cutoff 3252        17.00000   15.00000  11.8%   426 8060s
 134901 107276   15.53103 3265  177   17.00000   15.00000  11.8%   425 8078s
 135446 108625   15.54275 3273  180   17.00000   15.00000  11.8%   424 8125s
 136929 109795   15.54713 3313  182   17.00000   15.00000  11.8%   421 8155s
 138217 110920   15.54975 3333  178   17.00000   15.00000  11.8%   418 8176s
 139490 111195   15.55822 3348  179   17.00000   15.00000  11.8%   415 8190s
 139792 111931   15.56704 3361  178   17.00000   15.00000  11.8%   415 8207s
 140578 113192   15.57476 3376  180   17.00000   15.00000  11.8%   414 8230s
 141861 114513   15.57833 3390  177   17.00000   15.00000  11.8%   411 8247s
 143208 115518   15.57993 3401  180   17.00000   15.00000  11.8%   407 8264s
 144253 116034   15.58100 3412  178   17.00000   15.00000  11.8%   405 8281s
 144803 116420   15.58142 3426  179   17.00000   15.00000  11.8%   404 8298s
 145204 116980     cutoff 3437        17.00000   15.00000  11.8%   404 8316s
 145800 118058   15.58248 3449  179   17.00000   15.00000  11.8%   403 8336s
 146902 118934   15.58523 3465  178   17.00000   15.00000  11.8%   400 8357s
 147825 119893   15.58686 3479  177   17.00000   15.00000  11.8%   398 8378s
 148851 120517   15.58812 3497  177   17.00000   15.00000  11.8%   396 8399s
 149501 121120   15.59154 3510  177   17.00000   15.00000  11.8%   395 8418s
 150144 122854   15.59340 3522  177   17.00000   15.00000  11.8%   394 8460s
 151976 123436   15.59914 3567  169   17.00000   15.00000  11.8%   391 8480s
 152598 124700   15.60126 3588  172   17.00000   15.00000  11.8%   390 8497s
 153913 125270   15.60565 3607  173   17.00000   15.00000  11.8%   387 8510s
 154578 125895   15.60865 3624  173   17.00000   15.00000  11.8%   386 8526s
 155246 126158   15.60994 3645  174   17.00000   15.00000  11.8%   385 8545s
 155547 126568   15.94764 3663  164   17.00000   15.00000  11.8%   385 8568s
 156006 126956   15.62456 3684  176   17.00000   15.00000  11.8%   385 8587s
 156459 127348   15.62618 3706  177   17.00000   15.00000  11.8%   384 8608s
 156960 128410   15.62913 3731  175   17.00000   15.00000  11.8%   384 8630s
 158098 129818   15.63118 3763  173   17.00000   15.00000  11.8%   382 8651s
 159617 130827     cutoff 3788        17.00000   15.00000  11.8%   379 8672s
 160691 131589   15.63503 3813  175   17.00000   15.00000  11.8%   377 8692s
 161504 132544   15.63660 3832  178   17.00000   15.00000  11.8%   376 8711s
 162515 133110     cutoff 3854        17.00000   15.00000  11.8%   375 8730s
 163160 133835   15.64283 3880  175   17.00000   15.00000  11.8%   374 8748s
 163959 134594   15.64656 3908  176   17.00000   15.00000  11.8%   373 8766s
 164772 135838   15.64832 3934  176   17.00000   15.00000  11.8%   372 8808s
 166195 136369   15.65747 3992  176   17.00000   15.00000  11.8%   370 8833s
 166840 137288   15.66152 4034  172   17.00000   15.00000  11.8%   370 8859s
 167821 137586     cutoff 4034        17.00000   15.00000  11.8%   368 8881s
 168217 137747     cutoff 4035        17.00000   15.00000  11.8%   368 8904s
 168414 138020   15.66182 4039  174   17.00000   15.00000  11.8%   368 8929s
 168758 138278   15.67304 4074  176   17.00000   15.00000  11.8%   368 8957s
 169154 138569   15.67801 4117  175   17.00000   15.00000  11.8%   369 8990s
 169603 138933   15.68286 4168  176   17.00000   15.00000  11.8%   369 9024s
 170132 139254     cutoff 4231        17.00000   15.00000  11.8%   369 9062s
 170669 139611   15.72478 4294  173   17.00000   15.00000  11.8%   369 9099s
 171302 139995   15.72964 4371  172   17.00000   15.00000  11.8%   369 9135s
 172031 140020   15.73607 4480  168   17.00000   15.00000  11.8%   369 9182s
 172238 140026     cutoff 4569        17.00000   15.00000  11.8%   369 9218s
 172522 140032   15.79129 4708  172   17.00000   15.00000  11.8%   369 9260s
 172568 140173   15.79665 4727  165   17.00000   15.00000  11.8%   369 9333s
 172739 140230     cutoff 4739        17.00000   15.00000  11.8%   369 9405s
 172934 140513     cutoff 4740        17.00000   15.00000  11.8%   369 9454s
 173775 141013   15.81886 4952  175   17.00000   15.00000  11.8%   368 9500s
 175141 141478   15.85285 5281  173   17.00000   15.00000  11.8%   367 9536s
 176681 141896   15.90343 5718  169   17.00000   15.00000  11.8%   366 9568s
 178196 142491   15.94593 6156  161   17.00000   15.00000  11.8%   365 9600s
 179284 144168   16.00000  148  107   17.00000   15.00000  11.8%   364 9644s
 181327 144961   15.60050  460  155   17.00000   15.00000  11.8%   362 9660s
 182268 145771   15.18275   50  157   17.00000   15.00000  11.8%   361 9678s
 183204 146847   15.39965  190  164   17.00000   15.00000  11.8%   359 9696s
 184428 148122   15.57937  462  156   17.00000   15.00000  11.8%   358 9715s
 185879 149271   15.77904  989  155   17.00000   15.00000  11.8%   355 9732s
 187176 149996   15.20083   79  148   17.00000   15.00000  11.8%   353 9745s
 188083 150652   15.06398   81  169   17.00000   15.00000  11.8%   352 9759s
 188869 151429   15.17708  148  172   17.00000   15.00000  11.8%   351 9773s
 189763 152327   15.25642  260  169   17.00000   15.00000  11.8%   350 9787s
 190797 153156   15.34114  413  165   17.00000   15.00000  11.8%   348 9800s
 191958 154189   15.39881  557  166   17.00000   15.00000  11.8%   347 9813s
 193616 154779   15.45258  767  164   17.00000   15.00000  11.8%   344 9824s
 194513 156908   15.51264  937  170   17.00000   15.00000  11.8%   343 9860s
 196921 158662   15.77093 1811  158   17.00000   15.00000  11.8%   340 9877s
 198868 159315   15.89624 2629  156   17.00000   15.00000  11.8%   337 9886s
 199730 159447   15.32345   90  157   17.00000   15.00000  11.8%   336 9893s
 200064 159578   15.54880  151  155   17.00000   15.00000  11.8%   336 9900s
 200513 159691   16.00000  207  118   17.00000   15.00000  11.8%   335 9908s
 200743 159854   16.00000  245  136   17.00000   15.00000  11.8%   335 9916s
 200941 160002   15.28167   26  141   17.00000   15.00000  11.8%   335 9924s
 201137 160142     cutoff   33        17.00000   15.00000  11.8%   335 9932s
 201333 160449   15.30275   68  155   17.00000   15.00000  11.8%   335 9942s
 201692 160785   15.40325  154  152   17.00000   15.00000  11.8%   335 9953s
 202049 161163   15.49883  329  151   17.00000   15.00000  11.8%   335 9964s
 202481 161467   15.63489  494  152   17.00000   15.00000  11.8%   334 9976s
 202813 162435   15.72353  666  142   17.00000   15.00000  11.8%   334 9993s
 203822 163203   15.89319 1327  130   17.00000   15.00000  11.8%   333 10007s
 204633 163881   15.18517   87  156   17.00000   15.00000  11.8%   332 10023s
 205343 164701   15.35751  168  159   17.00000   15.00000  11.8%   331 10040s
 206252 165092   16.00000  248   98   17.00000   15.00000  11.8%   330 10054s
 206680 165651   16.00000  306  100   17.00000   15.00000  11.8%   330 10070s
 207286 166393   16.00000  351  128   17.00000   15.00000  11.8%   329 10087s
 208076 166941   16.00000  408  132   17.00000   15.00000  11.8%   328 10102s
 208708 167191   16.00000  469  129   17.00000   15.00000  11.8%   328 10116s
 209008 168248   16.00000  524  130   17.00000   15.00000  11.8%   328 10154s
 210248 169385   16.00000  669  140   17.00000   15.00000  11.8%   327 10180s
 211557 170414     cutoff  105        17.00000   15.00000  11.8%   326 10201s
 212708 170612   15.00000   28  153   17.00000   15.00000  11.8%   325 10215s
 213008 170817   15.00000   51  144   17.00000   15.00000  11.8%   325 10231s
 213363 171061   15.00000   78  143   17.00000   15.00000  11.8%   325 10248s
 213753 171336   15.00000  103  171   17.00000   15.00000  11.8%   325 10268s
 214188 171586   15.00000  133  143   17.00000   15.00000  11.8%   325 10289s
 214670 171857   15.00000  171  129   17.00000   15.00000  11.8%   325 10314s
 215296 172136   15.00000  206  137   17.00000   15.00000  11.8%   325 10339s
 216039 172403   15.00000  249  140   17.00000   15.00000  11.8%   325 10367s
 216948 172647   15.00000  288  153   17.00000   15.00000  11.8%   324 10394s
 217938 172827   15.00000  326  142   17.00000   15.00000  11.8%   324 10421s
 219554 173146   15.00000  349  162   17.00000   15.00000  11.8%   322 10442s
 220203 173890   15.00000  362  163   17.00000   15.00000  11.8%   322 10462s
 220947 175190   15.00000  392  167   17.00000   15.00000  11.8%   321 10483s
 222247 176189   15.00000  425  162   17.00000   15.00000  11.8%   320 10504s
 223265 176778   15.00000  455  167   17.00000   15.00000  11.8%   319 10521s
 223854 178131   15.00000  488  146   17.00000   15.00000  11.8%   319 10554s
 225207 178947   15.00000  555  161   17.00000   15.00000  11.8%   318 10575s
 226132 179406   15.00000  592  166   17.00000   15.00000  11.8%   317 10593s
 226591 180085   15.00000  629  164   17.00000   15.00000  11.8%   317 10613s
 227274 181227   15.00000  666  152   17.00000   15.00000  11.8%   317 10635s
 228416 181872   15.00000  702  166   17.00000   15.00000  11.8%   316 10664s
 229078 182078   15.00000  703  170   17.00000   15.00000  11.8%   315 10690s
 229310 182269   15.00000  712  169   17.00000   15.00000  11.8%   315 10719s
 229503 182605   15.00000  745  162   17.00000   15.00000  11.8%   315 10746s
 229841 183264   15.00000  779  165   17.00000   15.00000  11.8%   315 10774s
 230508 184266   15.00000  817  170   17.00000   15.00000  11.8%   315 10800s
 231526 185448   15.00000  855  167   17.00000   15.00000  11.8%   314 10823s
 232710 186608   15.00000  893  172   17.00000   15.00000  11.8%   313 10844s
 233870 187753   15.00000  931  170   17.00000   15.00000  11.8%   312 10865s
 235015 188900   15.00000  965  169   17.00000   15.00000  11.8%   311 10885s
 236162 189482   15.00000  999  175   17.00000   15.00000  11.8%   310 10903s
 236823 190024   15.00000 1020  181   17.00000   15.00000  11.8%   310 10922s
 237377 190886   15.00000 1050  171   17.00000   15.00000  11.8%   310 10942s
 238257 191688   15.00000 1080  176   17.00000   15.00000  11.8%   309 10963s
 239079 193803   15.00000 1099  182   17.00000   15.00000  11.8%   309 11000s
 241216 194415   15.02934 1973  190   17.00000   15.00000  11.8%   307 11016s
 241828 196076   15.03484 2046  194   17.00000   15.00000  11.8%   306 11035s
 243489 197633   15.05902 2653  190   17.00000   15.00000  11.8%   304 11052s
 245048 198934   15.08930 3130  187   17.00000   15.00000  11.8%   303 11068s
 246351 200681   15.11125 3389  187   17.00000   15.00000  11.8%   301 11081s
 248127 201185   15.26154 3636  175   17.00000   15.00000  11.8%   299 11090s
 248667 201776   15.28701 3791  176   17.00000   15.00000  11.8%   299 11098s
 249283 202301   15.30772 4030  179   17.00000   15.00000  11.8%   298 11106s
 249822 202595   15.31796 4167  182   17.00000   15.00000  11.8%   298 11114s
 250128 203255   15.33810 4435  182   17.00000   15.00000  11.8%   297 11123s
 250814 204045   15.37650 4881  184   17.00000   15.00000  11.8%   297 11132s
 251617 205082   15.39507 5093  184   17.00000   15.00000  11.8%   296 11142s
 252662 205499   15.43932 5567  175   17.00000   15.00000  11.8%   295 11150s
 253083 206736   15.45139 5707  178   17.00000   15.00000  11.8%   295 11161s
 254330 207652   15.49257 6138  167   17.00000   15.00000  11.8%   293 11207s
 255246 208577   15.49271 6139  168   17.00000   15.00000  11.8%   292 11242s
 256173 211445   15.49276 6140  167   17.00000   15.00000  11.8%   292 11270s
 259089 213432   15.49280 6141  166   17.00000   15.00000  11.8%   289 11285s
 261093 215404   15.54140 6684  165   17.00000   15.00000  11.8%   287 11299s
 263076 217148   15.56555 7108  168   17.00000   15.00000  11.8%   285 11311s
 264849 218529   15.63948 7721  167   17.00000   15.00000  11.8%   283 11323s
 266241 219427   15.71351 8322  164   17.00000   15.00000  11.8%   282 11334s
 267147 221112   15.76061 8661  158   17.00000   15.00000  11.8%   281 11348s
 268853 223982   15.91015 9477  163   17.00000   15.00000  11.8%   279 11387s
 271853 224515   15.55656   56  166   17.00000   15.00000  11.8%   277 11397s
 272414 225640   15.78632   90  164   17.00000   15.00000  11.8%   277 11407s
 273580 226768   15.97068  234  150   17.00000   15.00000  11.8%   276 11417s
 274747 227729   15.00000   82  139   17.00000   15.00000  11.8%   275 11425s
 275730 228765   15.00000   86  148   17.00000   15.00000  11.8%   274 11432s
 276805 229850   15.00000   89  140   17.00000   15.00000  11.8%   273 11441s
 277919 231128   15.00000   93  134   17.00000   15.00000  11.8%   272 11452s
 279241 231972   15.00000   94  141   17.00000   15.00000  11.8%   271 11461s
 280127 233897   15.00000   95  139   17.00000   15.00000  11.8%   270 11473s
 282131 234660   15.00000   98  144   17.00000   15.00000  11.8%   268 11481s
 282964 235472   15.00000   99  141   17.00000   15.00000  11.8%   268 11491s
 283858 237130   15.00000  100  141   17.00000   15.00000  11.8%   267 11525s
 285957 237421   15.00000  160  149   17.00000   15.00000  11.8%   266 11536s
 286319 237650   15.00000  171  157   17.00000   15.00000  11.8%   266 11548s
 286642 238447   15.00000  186  140   17.00000   15.00000  11.8%   266 11563s
 287535 239773   15.00000  203  152   17.00000   15.00000  11.8%   265 11581s
 288987 241073   15.00000  221  167   17.00000   15.00000  11.8%   264 11597s
 290385 242397   15.00000  240  161   17.00000   15.00000  11.8%   263 11613s
 291806 243079   15.00000  255  156   17.00000   15.00000  11.8%   262 11626s
 292563 243291   15.00000  262  164   17.00000   15.00000  11.8%   262 11636s
 292878 243598   15.00000  268  168   17.00000   15.00000  11.8%   262 11647s
 293271 243839   15.02768  298  169   17.00000   15.00000  11.8%   262 11658s
 293652 244162   15.06311  360  179   17.00000   15.00000  11.8%   262 11670s
 294175 244594   15.10456  467  184   17.00000   15.00000  11.8%   262 11682s
 294795 244909   15.16192  624  174   17.00000   15.00000  11.8%   261 11700s
 295234 245496   15.18944  714  169   17.00000   15.00000  11.8%   261 11714s
 295841 246363   15.24317  871  167   17.00000   15.00000  11.8%   261 11729s
 296718 247445   15.30097 1104  165   17.00000   15.00000  11.8%   260 11748s
 297831 247924   15.36989 1374  171   17.00000   15.00000  11.8%   260 11761s
 298320 249550   15.42133 1654  168   17.00000   15.00000  11.8%   260 11791s
 300030 250847   15.53302 2528  159   17.00000   15.00000  11.8%   259 11808s
 301350 251740   15.64330 3330  159   17.00000   15.00000  11.8%   258 11823s
 302560 252838   15.75896 4110  164   17.00000   15.00000  11.8%   257 11838s
 303660 253218   15.88441 4968  155   17.00000   15.00000  11.8%   256 11847s
 304069 253725   15.00000   65  138   17.00000   15.00000  11.8%   256 11858s
 304584 254279   15.00000   74  150   17.00000   15.00000  11.8%   256 11868s
 305200 254640   15.00000   83  141   17.00000   15.00000  11.8%   256 11877s
 305573 255239   15.00182   90  163   17.00000   15.00000  11.8%   256 11887s
 306206 256171   15.08830  170  168   17.00000   15.00000  11.8%   255 11901s
 307176 257112   15.19200  277  174   17.00000   15.00000  11.8%   255 11912s
 308150 257950   15.32640  452  156   17.00000   15.00000  11.8%   254 11924s
 309008 258557   15.46285  686  159   17.00000   15.00000  11.8%   254 11934s
 309627 259412   15.60145  989  167   17.00000   15.00000  11.8%   254 11947s
 310494 260754   15.75590 1393  164   17.00000   15.00000  11.8%   253 11964s
 311870 261445   15.23846   49  136   17.00000   15.00000  11.8%   252 11975s
 312617 262461   15.56856   54  152   17.00000   15.00000  11.8%   252 11989s
 313681 264993   15.00000   77  151   17.00000   15.00000  11.8%   251 12023s
 316355 265769   15.07155   67  174   17.00000   15.00000  11.8%   250 12034s
 317214 265996   15.08643   71  178   17.00000   15.00000  11.8%   249 12043s
 317481 266398   15.10147   76  177   17.00000   15.00000  11.8%   249 12054s
 317917 266879   15.12409   82  176   17.00000   15.00000  11.8%   249 12065s
 318477 267018   15.14547   86  171   17.00000   15.00000  11.8%   249 12080s
 318636 267088   15.15778   91  175   17.00000   15.00000  11.8%   249 12097s
 318714 267168   15.34295   97  159   17.00000   15.00000  11.8%   249 12118s
 318798 267240   15.18305  106  177   17.00000   15.00000  11.8%   249 12131s
 318874 267318   15.39857  112  146   17.00000   15.00000  11.8%   249 12144s
 318960 267455   15.19898  120  175   17.00000   15.00000  11.8%   249 12158s
 319121 267927   15.20824  130  175   17.00000   15.00000  11.8%   249 12169s
 319735 268730   15.22072  138  172   17.00000   15.00000  11.8%   249 12182s
 320778 269480   15.23002  148  177   17.00000   15.00000  11.8%   249 12196s
 321796 269485   15.23249  151  172   17.00000   15.00000  11.8%   248 12212s
 321807 269493   15.51890  151  146   17.00000   15.00000  11.8%   248 12225s
 321815 269501   15.23249  152  172   17.00000   15.00000  11.8%   248 12246s
 321823 269509   15.43637  152  168   17.00000   15.00000  11.8%   248 12270s
 321831 269529   15.23496  153  173   17.00000   15.00000  11.8%   248 12302s
 321855 269690   15.59039  153  149   17.00000   15.00000  11.8%   248 12329s
 322026 270049   15.23564  154  172   17.00000   15.00000  11.8%   248 12341s
 322408 270652   15.46450  154  170   17.00000   15.00000  11.8%   248 12354s
 323017 271673   15.23619  156  172   17.00000   15.00000  11.8%   248 12371s
 324048 273014   15.24493  165  174   17.00000   15.00000  11.8%   247 12388s
 325408 274889   15.25782  174  177   17.00000   15.00000  11.8%   246 12407s
 327325 275766   15.27773  183  175   17.00000   15.00000  11.8%   245 12421s
 328312 277057   15.28162  189  170   17.00000   15.00000  11.8%   245 12455s
 329801 277238   15.30631  212  175   17.00000   15.00000  11.8%   245 12469s
 330240 277638   15.31881  224  177   17.00000   15.00000  11.8%   245 12487s
 330760 278367   15.32656  237  177   17.00000   15.00000  11.8%   245 12508s
 331560 279424   15.34204  252  178   17.00000   15.00000  11.8%   245 12532s
 332709 280080   15.35445  266  169   17.00000   15.00000  11.8%   244 12550s
 333486 281297   15.36596  280  174   17.00000   15.00000  11.8%   244 12572s
 334863 281812   15.37991  293  176   17.00000   15.00000  11.8%   244 12587s
 335634 282679   15.38560  304  173   17.00000   15.00000  11.8%   243 12604s
 337167 283576   15.39327  315  173   17.00000   15.00000  11.8%   243 12620s
 338160 284237   15.39886  325  176   17.00000   15.00000  11.8%   242 12633s
 338842 285292   15.41269  336  181   17.00000   15.00000  11.8%   242 12648s
 339908 287134   15.42183  348  171   17.00000   15.00000  11.8%   242 12667s
 341773 288520   15.42510  357  171   17.00000   15.00000  11.8%   241 12684s
 343208 290364   15.42856  366  174   17.00000   15.00000  11.8%   240 12716s
 345076 291261   15.63766  389  162   17.00000   15.00000  11.8%   239 12732s
 346000 291710   15.44598  398  172   17.00000   15.00000  11.8%   239 12744s
 346456 292385   15.44765  406  168   17.00000   15.00000  11.8%   239 12758s
 347140 293289   15.45442  415  170   17.00000   15.00000  11.8%   238 12773s
 348056 294726   15.45860  425  167   17.00000   15.00000  11.8%   238 12790s
 349499 295783   15.46919  435  167   17.00000   15.00000  11.8%   237 12802s
 350625 296619   15.47270  443  168   17.00000   15.00000  11.8%   237 12818s
 351512 296861   15.47685  452  165   17.00000   15.00000  11.8%   236 12828s
 351789 297159   15.47867  460  160   17.00000   15.00000  11.8%   236 12839s
 352110 297666   16.00000  469  136   17.00000   15.00000  11.8%   236 12853s
 352645 298194   15.48763  478  169   17.00000   15.00000  11.8%   236 12866s
 353215 298428   15.48986  484  167   17.00000   15.00000  11.8%   236 12877s
 353483 298702   15.49309  493  172   17.00000   15.00000  11.8%   236 12888s
 353769 298976   15.50314  504  173   17.00000   15.00000  11.8%   236 12898s
 354080 299435   15.50732  513  168   17.00000   15.00000  11.8%   236 12910s
 354561 300274   15.51245  524  168   17.00000   15.00000  11.8%   236 12926s
 355448 300499   15.51542  534  171   17.00000   15.00000  11.8%   236 12937s
 355723 300804   15.52092  545  164   17.00000   15.00000  11.8%   236 12949s
 356051 301368   15.52385  555  171   17.00000   15.00000  11.8%   236 12964s
 356683 301448   15.52686  564  172   17.00000   15.00000  11.8%   236 12976s
 356831 301502   15.53115  570  180   17.00000   15.00000  11.8%   236 12995s
 356913 301521   15.53335  574  173   17.00000   15.00000  11.8%   236 13010s
 356951 301539   15.64154  574  176   17.00000   15.00000  11.8%   236 13026s
 356985 301566   15.53372  575  172   17.00000   15.00000  11.8%   236 13045s
 357023 301586   15.83654  575  146   17.00000   15.00000  11.8%   236 13075s
 357067 301658   15.53376  576  175   17.00000   15.00000  11.8%   236 13091s
 357155 301960   15.53427  578  170   17.00000   15.00000  11.8%   236 13107s
 357546 302347   15.54018  590  171   17.00000   15.00000  11.8%   236 13124s
 358078 303129   15.54399  603  168   17.00000   15.00000  11.8%   236 13157s
 359384 304085   15.55235  624  165   17.00000   15.00000  11.8%   236 13174s
 360403 305004   15.55462  639  164   17.00000   15.00000  11.8%   236 13190s
 361374 306142   15.55976  652  171   17.00000   15.00000  11.8%   235 13205s
 362564 307393   15.56703  664  172   17.00000   15.00000  11.8%   235 13220s
 363874 309036   15.56770  675  167   17.00000   15.00000  11.8%   234 13236s
 365603 310010   15.82824  686  150   17.00000   15.00000  11.8%   233 13248s
 366624 311255   15.57152  694  168   17.00000   15.00000  11.8%   233 13261s
 367913 312612   15.57528  703  166   17.00000   15.00000  11.8%   232 13275s
 369326 313772   15.57700  710  166   17.00000   15.00000  11.8%   231 13286s
 370559 314477   15.57863  717  170   17.00000   15.00000  11.8%   231 13296s
 371330 315165   15.58085  726  170   17.00000   15.00000  11.8%   231 13306s
 372070 316259   15.58210  732  167   17.00000   15.00000  11.8%   230 13318s
 373215 317813   15.58244  739  164   17.00000   15.00000  11.8%   230 13345s
 375001 318585   15.59070  761  168   17.00000   15.00000  11.8%   229 13358s
 375878 319595   15.59307  773  169   17.00000   15.00000  11.8%   229 13373s
 377041 320744   15.59597  784  173   17.00000   15.00000  11.8%   228 13388s
 378324 321169   15.59832  793  162   17.00000   15.00000  11.8%   228 13399s
 378860 321804   15.60189  802  169   17.00000   15.00000  11.8%   228 13410s
 379622 322521   15.60352  808  165   17.00000   15.00000  11.8%   228 13423s
 380474 323320   15.60845  817  167   17.00000   15.00000  11.8%   227 13438s
 381402 324180   15.61154  827  174   17.00000   15.00000  11.8%   227 13453s
 382402 325230   15.61265  837  164   17.00000   15.00000  11.8%   227 13469s
 383571 325590   15.61663  846  167   17.00000   15.00000  11.8%   226 13479s
 384087 325946   15.83655  858  148   17.00000   15.00000  11.8%   226 13490s
 384581 326439   15.62539  868  166   17.00000   15.00000  11.8%   226 13502s
 385252 327015   15.62698  881  167   17.00000   15.00000  11.8%   226 13515s
 386002 328005   15.63183  893  163   17.00000   15.00000  11.8%   225 13530s
 387208 329092   15.63444  902  163   17.00000   15.00000  11.8%   225 13545s
 388524 330674   15.63444  908  160   17.00000   15.00000  11.8%   224 13574s
 391161 331047   15.64120  933  159   17.00000   15.00000  11.8%   224 13582s
 391950 331550   15.64432  941  161   17.00000   15.00000  11.8%   223 13590s
 393046 332165     cutoff  950        17.00000   15.00000  11.8%   223 13597s
 393731 332933   15.64714  958  166   17.00000   15.00000  11.8%   223 13606s
 394551 334085   15.64826  965  165   17.00000   15.00000  11.8%   222 13618s
 395752 335360   15.64969  973  166   17.00000   15.00000  11.8%   222 13627s
 397088 336388   16.00000  980  145   17.00000   15.00000  11.8%   221 13636s
 398187 336987   15.65311  987  165   17.00000   15.00000  11.8%   221 13645s
 398826 337831   15.65370  995  162   17.00000   15.00000  11.8%   221 13656s
 399730 338160   15.65447 1003  166   17.00000   15.00000  11.8%   220 13663s
 400145 338447     cutoff 1010        17.00000   15.00000  11.8%   220 13668s
 400488 338872   15.65607 1017  165   17.00000   15.00000  11.8%   220 13676s
 400971 339365   15.65754 1023  164   17.00000   15.00000  11.8%   220 13686s
 401563 339664   15.65840 1030  167   17.00000   15.00000  11.8%   220 13694s
 401920 340074     cutoff 1038        17.00000   15.00000  11.8%   220 13702s
 402418 340095   15.66056 1048  165   17.00000   15.00000  11.8%   220 13715s
 402439 340528   15.99103 1048  167   17.00000   15.00000  11.8%   220 13727s
 402874 340646   15.66099 1049  165   17.00000   15.00000  11.8%   219 13740s
 403010 341860   15.97939 1049  164   17.00000   15.00000  11.8%   219 13779s
 404274 343588   15.66099 1050  165   17.00000   15.00000  11.8%   219 13801s
 406028 344260     cutoff 1050        17.00000   15.00000  11.8%   218 13817s
 406740 345135     cutoff 1051        17.00000   15.00000  11.8%   218 13831s
 407726 345454   15.66427 1066  167   17.00000   15.00000  11.8%   217 13841s
 408190 345632     cutoff 1077        17.00000   15.00000  11.8%   217 13851s
 408508 346088   15.66910 1090  166   17.00000   15.00000  11.8%   217 13862s
 409106 346594   15.67432 1103  163   17.00000   15.00000  11.8%   217 13875s
 409798 346917   15.67902 1118  163   17.00000   15.00000  11.8%   217 13887s
 410309 347334   15.68256 1132  163   17.00000   15.00000  11.8%   217 13900s
 410933 347545   15.68563 1149  167   17.00000   15.00000  11.8%   217 13912s
 411380 347933   15.69374 1167  167   17.00000   15.00000  11.8%   217 13924s
 412010 348366     cutoff 1190        17.00000   15.00000  11.8%   217 13937s
 412707 348931   15.70724 1213  164   17.00000   15.00000  11.8%   217 13948s
 413572 349587   15.71117 1236  166   17.00000   15.00000  11.8%   217 13959s
 414620 350574   15.71862 1259  162   17.00000   15.00000  11.8%   217 13974s
 416083 352040   15.72562 1285  162   17.00000   15.00000  11.8%   216 13989s
 418270 353871   15.73691 1310  163   17.00000   15.00000  11.8%   215 14014s
 420268 354546   15.75362 1373  160   17.00000   15.00000  11.8%   215 14025s
 421004 355033   15.76240 1396  159   17.00000   15.00000  11.8%   214 14036s
 421551 355973   15.80100 1427  161   17.00000   15.00000  11.8%   214 14053s
 422577 357102     cutoff 1468        17.00000   15.00000  11.8%   214 14069s
 423841 357466   15.82734 1516  166   17.00000   15.00000  11.8%   214 14080s
 424338 357948   15.83464 1570  167   17.00000   15.00000  11.8%   213 14093s
 424928 358833     cutoff 1625        17.00000   15.00000  11.8%   213 14106s
 425963 359765   15.87283 1693  164   17.00000   15.00000  11.8%   213 14118s
 427057 360326     cutoff 1764        17.00000   15.00000  11.8%   213 14128s
 427826 360996   15.89961 1856  166   17.00000   15.00000  11.8%   213 14140s
 428716 361276   15.91151 1959  161   17.00000   15.00000  11.8%   212 14151s
 429271 361562   15.92328 2085  159   17.00000   15.00000  11.8%   212 14162s
 430005 361926     cutoff 2289        17.00000   15.00000  11.8%   212 14173s
 430724 362446   15.53734  101  121   17.00000   15.00000  11.8%   212 14184s
 431268 363217   15.00000   79  133   17.00000   15.00000  11.8%   212 14197s
 432045 363808   15.43229   94  138   17.00000   15.00000  11.8%   212 14208s
 432703 365412   15.00000   99  146   17.00000   15.00000  11.8%   212 14236s
 434364 366798   15.00000  129  148   17.00000   15.00000  11.8%   211 14249s
 435789 367445   15.00000  139  142   17.00000   15.00000  11.8%   211 14259s
 436446 368458   15.00000  149  147   17.00000   15.00000  11.8%   211 14273s
 437467 368916   15.00691  155  164   17.00000   15.00000  11.8%   210 14283s
 437981 369138   15.06986  194  165   17.00000   15.00000  11.8%   210 14292s
 438219 369363   15.12177  269  164   17.00000   15.00000  11.8%   210 14301s
 438468 369515   15.16603  378  170   17.00000   15.00000  11.8%   210 14311s
 438654 369871   15.19902  454  171   17.00000   15.00000  11.8%   210 14321s
 439034 370216   15.27807  646  167   17.00000   15.00000  11.8%   210 14332s
 439407 370884   15.34615  822  172   17.00000   15.00000  11.8%   210 14346s
 440103 371777   15.41070 1045  169   17.00000   15.00000  11.8%   210 14361s
 441039 372714   15.48924 1309  170   17.00000   15.00000  11.8%   210 14374s
 442020 373364   15.57980 1733  163   17.00000   15.00000  11.8%   210 14387s
 442679 374505   15.63767 2137  160   17.00000   15.00000  11.8%   210 14404s
 443826 375764   15.73323 2939  162   17.00000   15.00000  11.8%   209 14422s
 445096 377121   15.84124 3813  155   17.00000   15.00000  11.8%   209 14437s
 446478 377677   15.97419 4687  145   17.00000   15.00000  11.8%   208 14451s
 447065 378786   15.27740   96  148   17.00000   15.00000  11.8%   208 14467s
 448202 380607   15.32749  108  151   17.00000   15.00000  11.8%   208 14498s
 450145 381250   15.36707  136  155   17.00000   15.00000  11.8%   207 14511s
 450818 382355   15.39706  148  151   17.00000   15.00000  11.8%   207 14526s
 451951 383014   15.41259  160  158   17.00000   15.00000  11.8%   207 14536s
 452673 383362   15.43293  170  149   17.00000   15.00000  11.8%   207 14546s
 453095 383368   15.45830  180  152   17.00000   15.00000  11.8%   207 14561s
 453105 383395   15.88671  180  135   17.00000   15.00000  11.8%   207 14577s
 453134 383502   15.45981  181  149   17.00000   15.00000  11.8%   207 14590s
 453241 383616   16.00000  181  121   17.00000   15.00000  11.8%   207 14603s
 453359 383850   15.46192  182  153   17.00000   15.00000  11.8%   207 14618s
 453627 384677   15.46232  183  151   17.00000   15.00000  11.8%   207 14630s
 454554 385378   15.48146  196  151   17.00000   15.00000  11.8%   206 14644s
 455351 386715   15.49414  208  142   17.00000   15.00000  11.8%   206 14659s
 456861 387776   15.51642  226  147   17.00000   15.00000  11.8%   206 14673s
 458085 389218   15.54250  238  147   17.00000   15.00000  11.8%   205 14688s
 459760 389712   15.74613  250  137   17.00000   15.00000  11.8%   205 14699s
 460597 390027   15.57625  264  146   17.00000   15.00000  11.8%   205 14711s
 461095 390297   15.58665  278  151   17.00000   15.00000  11.8%   204 14721s
 461426 390993   15.91303  290  140   17.00000   15.00000  11.8%   204 14736s
 462169 391898   15.61325  302  144   17.00000   15.00000  11.8%   204 14753s
 463169 392849   15.62480  321  145   17.00000   15.00000  11.8%   204 14784s
 464281 394109   15.69801  370  144   17.00000   15.00000  11.8%   204 14802s
 465715 395136   15.76397  442  149   17.00000   15.00000  11.8%   204 14819s
 466938 395546   15.81310  511  148   17.00000   15.00000  11.8%   203 14832s
 467445 396296   15.83537  547  147   17.00000   15.00000  11.8%   203 14845s
 468490 396893   15.91707  677  144   17.00000   15.00000  11.8%   203 14855s
 469336 397778   15.18921   80  167   17.00000   15.00000  11.8%   203 14867s
 470246 398321   15.29080  165  167   17.00000   15.00000  11.8%   202 14879s
 470803 399596   15.30435  187  171   17.00000   15.00000  11.8%   202 14893s
 472132 400549   15.77419  283  147   17.00000   15.00000  11.8%   202 14905s
 473133 401524   16.00000   33  129   17.00000   15.00000  11.8%   202 14917s
 474156 402281   16.00000   38  106   17.00000   15.00000  11.8%   201 14928s
 474949 403260   16.00000   43  112   17.00000   15.00000  11.8%   201 14939s
 475975 404445     cutoff   50        17.00000   15.00000  11.8%   201 14952s
 477213 405230   16.00000   59  110   17.00000   15.00000  11.8%   200 14964s
 478050 407663   16.00000   67  114   17.00000   15.00000  11.8%   200 14989s
 480637 408392     cutoff   85        17.00000   15.00000  11.8%   199 14998s
 481403 409272   15.84185  145  135   17.00000   15.00000  11.8%   199 15009s
 482351 410128   15.55040   77  130   17.00000   15.00000  11.8%   199 15021s
 483270 410399   15.29965   79  143   17.00000   15.00000  11.8%   199 15028s
 483573 410666   15.48465  165  143   17.00000   15.00000  11.8%   199 15038s
 483884 410788   15.57618  238  143   17.00000   15.00000  11.8%   199 15055s
 484041 410959   15.57705  239  147   17.00000   15.00000  11.8%   199 15067s
 484247 411207   15.57726  240  146   17.00000   15.00000  11.8%   199 15075s
 484533 411527   15.57878  241  147   17.00000   15.00000  11.8%   198 15084s
 484887 411994   15.58293  242  145   17.00000   15.00000  11.8%   198 15095s
 485407 412924   15.58364  243  147   17.00000   15.00000  11.8%   198 15111s
 486421 413261   15.58422  244  143   17.00000   15.00000  11.8%   198 15128s
 486838 413878   15.58558  245  143   17.00000   15.00000  11.8%   198 15143s
 487531 415008   15.73155  412  149   17.00000   15.00000  11.8%   198 15158s
 488781 416181   15.17096  101  162   17.00000   15.00000  11.8%   197 15175s
 490144 416876   15.31624  165  163   17.00000   15.00000  11.8%   197 15185s
 490982 417715   15.42307  261  174   17.00000   15.00000  11.8%   197 15198s
 491995 418755   15.50270  344  164   17.00000   15.00000  11.8%   197 15212s
 493254 421819   15.60230  482  162   17.00000   15.00000  11.8%   196 15241s
 496699 422273   15.35017   53  149   17.00000   15.00000  11.8%   195 15247s
 497153 422971   15.49036  110  149   17.00000   15.00000  11.8%   195 15254s
 497851 424085   15.61348  208  146   17.00000   15.00000  11.8%   195 15262s
 498967 425161   15.77256  392  148   17.00000   15.00000  11.8%   195 15269s
 500065 426112   15.97388  684  146   17.00000   15.00000  11.8%   194 15275s
 501066 427080   15.00000   79  134   17.00000   15.00000  11.8%   194 15282s
 502055 427888   15.00000   90  156   17.00000   15.00000  11.8%   194 15291s
 502898 428398   15.00000   93  155   17.00000   15.00000  11.8%   193 15297s
 503408 429200   15.00000  100  155   17.00000   15.00000  11.8%   193 15305s
 504210 429931   15.00000  101  158   17.00000   15.00000  11.8%   193 15313s
 504974 430408   15.00000  102  143   17.00000   15.00000  11.8%   193 15320s
 505451 431063   15.00000  103  151   17.00000   15.00000  11.8%   193 15327s
 506123 431537   15.00000  104  155   17.00000   15.00000  11.8%   192 15334s
 506597 431545   15.00000  105  149   17.00000   15.00000  11.8%   192 15343s
 506605 431556   15.00000  106  161   17.00000   15.00000  11.8%   192 15369s
 506616 431574   15.00000  110  151   17.00000   15.00000  11.8%   192 15375s
 506634 431585   15.00000  121  147   17.00000   15.00000  11.8%   192 15381s
 506645 431604   15.00000  125  144   17.00000   15.00000  11.8%   192 15389s
 506664 431615   15.00000  137  148   17.00000   15.00000  11.8%   192 15420s
 506675 431637   15.00000  141  142   17.00000   15.00000  11.8%   192 15448s
 506697 431652   15.00000  153  153   17.00000   15.00000  11.8%   192 15476s
 506712 431678   15.00000  157  160   17.00000   15.00000  11.8%   192 15489s
 506738 431762   15.00000  167  152   17.00000   15.00000  11.8%   192 15502s
 506822 432224   15.00000  170  142   17.00000   15.00000  11.8%   192 15511s
 507284 432858   15.00000  183  147   17.00000   15.00000  11.8%   192 15519s
 507920 435806   15.00000  189  151   17.00000   15.00000  11.8%   192 15549s
 510944 436465   15.00000  224  165   17.00000   15.00000  11.8%   191 15558s
 511603 437252   15.00000  228  164   17.00000   15.00000  11.8%   191 15566s
 512398 438052   15.00000  232  161   17.00000   15.00000  11.8%   191 15575s
 513253 438387   15.00000  237  162   17.00000   15.00000  11.8%   190 15581s
 513612 438781   15.00000  240  160   17.00000   15.00000  11.8%   190 15589s
 514085 439120   15.00000  246  170   17.00000   15.00000  11.8%   190 15595s
 514424 439549   15.00000  249  160   17.00000   15.00000  11.8%   190 15602s
 514853 440020   15.00000  257  161   17.00000   15.00000  11.8%   190 15610s
 515324 440416   15.00000  263  155   17.00000   15.00000  11.8%   190 15618s
 515720 441106   15.00000  267  156   17.00000   15.00000  11.8%   190 15627s
 516410 442403   15.00000  275  162   17.00000   15.00000  11.8%   190 15640s
 517707 443433   15.00000  279  164   17.00000   15.00000  11.8%   189 15651s
 518760 444208   15.00000  287  160   17.00000   15.00000  11.8%   189 15660s
 519574 444663   15.00000  295  163   17.00000   15.00000  11.8%   189 15669s
 520031 445113   15.00000  301  169   17.00000   15.00000  11.8%   189 15677s
 520494 445583   15.00000  305  166   17.00000   15.00000  11.8%   189 15686s
 520964 446004   15.00000  311  164   17.00000   15.00000  11.8%   189 15694s
 521401 446416   15.00000  319  174   17.00000   15.00000  11.8%   189 15702s
 521817 446801   15.00000  324  169   17.00000   15.00000  11.8%   189 15711s
 522204 447162   15.00000  325  172   17.00000   15.00000  11.8%   188 15720s
 522575 449556   15.00000  326  174   17.00000   15.00000  11.8%   188 15748s
 525005 449737   15.00000  342  176   17.00000   15.00000  11.8%   188 15757s
 525207 450362   15.00000  343  175   17.00000   15.00000  11.8%   188 15770s
 525882 451074   15.00000  344  175   17.00000   15.00000  11.8%   188 15784s
 526594 451719   15.00000  345  177   17.00000   15.00000  11.8%   187 15797s
 527242 452137   15.00000  350  176   17.00000   15.00000  11.8%   187 15807s
 527680 452487   15.00000  355  179   17.00000   15.00000  11.8%   187 15820s
 528030 453012   15.00489  360  186   17.00000   15.00000  11.8%   187 15831s
 528571 453544   15.00535  361  183   17.00000   15.00000  11.8%   187 15844s
 529117 453981   15.00611  362  190   17.00000   15.00000  11.8%   187 15856s
 529677 454861   15.04180  429  185   17.00000   15.00000  11.8%   187 15871s
 530573 455419   15.10963  542  175   17.00000   15.00000  11.8%   187 15881s
 531131 456303   15.16353  666  187   17.00000   15.00000  11.8%   187 15894s
 532015 457253   15.20723  811  181   17.00000   15.00000  11.8%   187 15905s
 532983 458312   15.28530  983  184   17.00000   15.00000  11.8%   186 15917s
 534081 459945   15.35077 1182  179   17.00000   15.00000  11.8%   186 15932s
 535736 461238   15.42503 1395  180   17.00000   15.00000  11.8%   186 15945s
 537051 463040   15.48794 1630  178   17.00000   15.00000  11.8%   185 15968s
 538886 463978   15.62561 2143  180   17.00000   15.00000  11.8%   185 15979s
 539840 464887   15.69903 2455  178   17.00000   15.00000  11.8%   185 15991s
 540781 466043   15.77589 2965  173   17.00000   15.00000  11.8%   185 16005s
 542049 466284   15.95948 3820  164   17.00000   15.00000  11.8%   184 16014s
 542313 466476   15.21959  107  157   17.00000   15.00000  11.8%   184 16022s
 542535 466704   16.00000  165  113   17.00000   15.00000  11.8%   184 16032s
 542856 466921   16.00000  206  112   17.00000   15.00000  11.8%   184 16043s
 543392 467572   16.00000  252  110   17.00000   15.00000  11.8%   184 16056s
 544065 467813   16.00000  301  106   17.00000   15.00000  11.8%   184 16068s
 544326 468183   16.00000  349  113   17.00000   15.00000  11.8%   184 16080s
 544702 468720   16.00000  401  112   17.00000   15.00000  11.8%   184 16091s
 545241 469322   16.00000  450  105   17.00000   15.00000  11.8%   184 16104s
 545847 470113   16.00000  500  119   17.00000   15.00000  11.8%   184 16118s
 546668 471170     cutoff  516        17.00000   15.00000  11.8%   184 16134s
 547735 472275   15.19223  103  158   17.00000   15.00000  11.8%   184 16150s
 548872 473448   15.29175  217  160   17.00000   15.00000  11.8%   184 16166s
 550064 474000   15.40377  345  152   17.00000   15.00000  11.8%   183 16177s
 550640 474708   15.47447  470  154   17.00000   15.00000  11.8%   183 16187s
 551377 475907   15.61244  672  155   17.00000   15.00000  11.8%   183 16199s
 552597 478775   15.74062 1049  151   17.00000   15.00000  11.8%   183 16223s
 555522 478820   15.94401 1923  134   17.00000   15.00000  11.8%   182 16229s
 555575 479224   15.94401 1925  133   17.00000   15.00000  11.8%   182 16235s
 556033 479550   15.28152   77  160   17.00000   15.00000  11.8%   182 16242s
 556385 479825   15.42882  119  158   17.00000   15.00000  11.8%   182 16248s
 556688 480406   15.55290  174  160   17.00000   15.00000  11.8%   182 16256s
 557291 481393   15.69080  296  155   17.00000   15.00000  11.8%   182 16265s
 558317 482227   15.84839  550  146   17.00000   15.00000  11.8%   182 16274s
 559199 483089   15.16479   76  161   17.00000   15.00000  11.8%   181 16282s
 560111 483947   15.24806  141  154   17.00000   15.00000  11.8%   181 16290s
 561084 484194   15.35166  229  169   17.00000   15.00000  11.8%   181 16296s
 561371 484541   15.42467  318  166   17.00000   15.00000  11.8%   181 16303s
 561782 484860   15.51453  457  158   17.00000   15.00000  11.8%   181 16310s
 562137 485253   15.58617  602  166   17.00000   15.00000  11.8%   181 16318s
 562577 485449   15.68570  808  161   17.00000   15.00000  11.8%   181 16326s
 562829 486170   15.71094  884  161   17.00000   15.00000  11.8%   181 16336s
 563610 486978   15.87420 1299  163   17.00000   15.00000  11.8%   181 16346s
 564519 487353   15.00000   58  135   17.00000   15.00000  11.8%   181 16353s
 564992 487937   15.17468   67  143   17.00000   15.00000  11.8%   181 16363s
 565724 488496   15.25213   33  174   17.00000   15.00000  11.8%   181 16372s
 566401 488770     cutoff   64        17.00000   15.00000  11.8%   180 16381s
 566820 489459   15.83619  137  153   17.00000   15.00000  11.8%   180 16391s
 567642 491877   15.00000   77  149   17.00000   15.00000  11.8%   180 16419s
 570796 492808   15.00000   30  143   17.00000   15.00000  11.8%   180 16426s
 571775 493931   15.00000   33  144   17.00000   15.00000  11.8%   179 16435s
 572966 494784   15.00000   35  141   17.00000   15.00000  11.8%   179 16444s
 573920 495013   15.00000   37  145   17.00000   15.00000  11.8%   179 16451s
 574235 495196   15.00000   38  143   17.00000   15.00000  11.8%   179 16458s
 574495 495332   15.00000   40  148   17.00000   15.00000  11.8%   179 16464s
 574687 495470   15.00000   48  147   17.00000   15.00000  11.8%   179 16470s
 574917 495627   15.00000   50  149   17.00000   15.00000  11.8%   179 16476s
 575204 495694   15.00000   58  155   17.00000   15.00000  11.8%   179 16483s
 575319 495803   15.00000   59  154   17.00000   15.00000  11.8%   179 16490s
 575631 496028   15.00000   65  161   17.00000   15.00000  11.8%   179 16498s
 576251 496440   15.00146   68  179   17.00000   15.00000  11.8%   179 16507s
 576708 496778   15.04685  102  171   17.00000   15.00000  11.8%   179 16515s
 577048 497225   15.08587  126  179   17.00000   15.00000  11.8%   179 16524s
 577495 497797   15.18146  153  188   17.00000   15.00000  11.8%   179 16535s
 578073 498185   15.23507  195  183   17.00000   15.00000  11.8%   179 16544s
 578485 498249   15.26671  247  188   17.00000   15.00000  11.8%   178 16552s
 578549 498437   15.26804  248  185   17.00000   15.00000  11.8%   178 16559s
 578741 498729   15.30351  281  186   17.00000   15.00000  11.8%   178 16566s
 579060 499075   15.35642  334  187   17.00000   15.00000  11.8%   178 16574s
 579408 499420   15.42263  412  175   17.00000   15.00000  11.8%   178 16581s
 579753 499561   16.00000  481  131   17.00000   15.00000  11.8%   178 16589s
 579912 499827     cutoff  502        17.00000   15.00000  11.8%   179 16598s
 580214 500566   15.44608   76  139   17.00000   15.00000  11.8%   178 16608s
 581000 500974   15.87468  246  141   17.00000   15.00000  11.8%   178 16616s
 581444 501440   15.00000   28  155   17.00000   15.00000  11.8%   178 16625s
 581939 502064   15.00000   38  159   17.00000   15.00000  11.8%   178 16636s
 582738 503833   15.00242   46  202   17.00000   15.00000  11.8%   178 16658s
 584606 504025   15.06008  138  207   17.00000   15.00000  11.8%   178 16667s
 584816 504756   15.06887  156  203   17.00000   15.00000  11.8%   178 16677s
 585587 505253   15.07171  166  198   17.00000   15.00000  11.8%   178 16686s
 586102 505437   15.08678  220  209   17.00000   15.00000  11.8%   178 16696s
 586313 506071   15.09163  233  212   17.00000   15.00000  11.8%   178 16708s
 586993 507034   15.10625  279  208   17.00000   15.00000  11.8%   178 16721s
 587996 507798   15.13037  348  192   17.00000   15.00000  11.8%   178 16735s
 588800 509242   15.13760  375  190   17.00000   15.00000  11.8%   177 16749s
 590315 510094   15.18918  560  186   17.00000   15.00000  11.8%   177 16762s
 591249 511154   15.21909  698  182   17.00000   15.00000  11.8%   177 16776s
 592387 512199   15.25751  876  176   17.00000   15.00000  11.8%   177 16791s
 593500 513676   15.30528 1072  177   17.00000   15.00000  11.8%   176 16810s
 595088 514552   15.35216 1332  174   17.00000   15.00000  11.8%   176 16822s
 596033 514942   15.39974 1567  176   17.00000   15.00000  11.8%   176 16837s
 596423 515779   15.40013 1568  183   17.00000   15.00000  11.8%   176 16855s
 597260 516715   15.40061 1569  183   17.00000   15.00000  11.8%   176 16882s
 598221 517592   15.43450 1894  176   17.00000   15.00000  11.8%   175 16905s
 599181 519607   15.51791 2314  182   17.00000   15.00000  11.8%   175 16921s
 601346 521274   15.59464 3124  176   17.00000   15.00000  11.8%   175 16935s
 603111 522875   15.63593 3692  173   17.00000   15.00000  11.8%   174 16945s
 604800 524357   15.69731 4245  173   17.00000   15.00000  11.8%   174 16956s
 606382 524856   15.72966 4633  169   17.00000   15.00000  11.8%   174 16963s
 606959 526363   15.73855 4777  170   17.00000   15.00000  11.8%   174 16972s
 608579 527564   15.77460 5358  161   17.00000   15.00000  11.8%   173 16981s
 609878 528942   15.80077 5684  174   17.00000   15.00000  11.8%   173 16990s
 611352 529685   15.90021 6157  160   17.00000   15.00000  11.8%   173 16998s
 612257 531296   15.93856 6605  156   17.00000   15.00000  11.8%   172 17019s
 614601 531474   15.00000   91  145   17.00000   15.00000  11.8%   172 17026s
 614976 531937   15.00000   98  151   17.00000   15.00000  11.8%   172 17037s
 615663 532256   15.00000  110  155   17.00000   15.00000  11.8%   172 17044s
 616468 532751   15.00000  118  152   17.00000   15.00000  11.8%   172 17054s
 617288 532875   15.00000  131  136   17.00000   15.00000  11.8%   172 17063s
 617544 533225   15.00000  137  160   17.00000   15.00000  11.8%   172 17072s
 618558 533908   15.00000  147  165   17.00000   15.00000  11.8%   172 17083s
 619391 534239   15.00000  151  168   17.00000   15.00000  11.8%   172 17093s
 619752 534713   15.00755  163  183   17.00000   15.00000  11.8%   171 17104s
 620243 535510   15.04116  207  174   17.00000   15.00000  11.8%   171 17119s
 621044 535763   15.07581  276  166   17.00000   15.00000  11.8%   171 17129s
 621319 536021   15.10889  328  169   17.00000   15.00000  11.8%   171 17138s
 621593 536317   15.14384  407  180   17.00000   15.00000  11.8%   171 17148s
 621924 536664   15.20015  518  180   17.00000   15.00000  11.8%   171 17158s
 622339 536902   15.23793  637  183   17.00000   15.00000  11.8%   171 17169s
 622603 537658   15.24965  682  176   17.00000   15.00000  11.8%   171 17183s
 623391 538576   15.30771  884  179   17.00000   15.00000  11.8%   171 17197s
 624356 539045   15.36835 1108  169   17.00000   15.00000  11.8%   171 17208s
 624861 539398   15.43090 1350  182   17.00000   15.00000  11.8%   171 17220s
 625268 540184   15.45931 1489  177   17.00000   15.00000  11.8%   171 17231s
 626054 541228   15.53452 1783  177   17.00000   15.00000  11.8%   171 17243s
 627111 544250   15.61059 2093  181   17.00000   15.00000  11.8%   171 17266s
 630163 544928   15.72940 2967  162   17.00000   15.00000  11.8%   170 17274s
 630910 546058   15.84060 3336  165   17.00000   15.00000  11.8%   170 17283s
 632058 546608   15.92334 4075  155   17.00000   15.00000  11.8%   170 17289s
 632647 547149   15.06375   54  173   17.00000   15.00000  11.8%   170 17296s
 633222 547506   15.09074   78  167   17.00000   15.00000  11.8%   170 17302s
 633591 547770   15.11243  102  166   17.00000   15.00000  11.8%   170 17308s
 633855 548676   15.15790  134  168   17.00000   15.00000  11.8%   170 17317s
 634775 549410   15.21093  195  170   17.00000   15.00000  11.8%   169 17324s
 635523 550263   15.26461  271  175   17.00000   15.00000  11.8%   169 17331s
 636390 551394   15.44152  318  168   17.00000   15.00000  11.8%   169 17340s
 637574 551790   15.36779  365  172   17.00000   15.00000  11.8%   169 17345s
 637982 552280   15.39779  452  169   17.00000   15.00000  11.8%   169 17352s
 638472 552638   15.43941  532  176   17.00000   15.00000  11.8%   169 17358s
 638830 552915   15.46410  616  171   17.00000   15.00000  11.8%   169 17364s
 639123 553364   15.47241  638  179   17.00000   15.00000  11.8%   169 17371s
 639592 554012   15.52553  730  175   17.00000   15.00000  11.8%   169 17378s
 640276 554737   15.57893  869  176   17.00000   15.00000  11.8%   168 17386s
 641019 555313   15.64482 1049  162   17.00000   15.00000  11.8%   168 17393s
 641595 558049   15.70741 1257  169   17.00000   15.00000  11.8%   168 17420s
 644404 558331   15.89327   77  132   17.00000   15.00000  11.8%   168 17427s
 644729 558467   15.22532  111  160   17.00000   15.00000  11.8%   168 17433s
 644869 558772   15.31530  146  167   17.00000   15.00000  11.8%   168 17440s
 645191 559040   15.33324  154  163   17.00000   15.00000  11.8%   168 17445s
 645463 559494   15.44490  231  167   17.00000   15.00000  11.8%   168 17453s
 645919 559879   15.55767  328  163   17.00000   15.00000  11.8%   168 17465s
 646324 560228   15.58445  349  163   17.00000   15.00000  11.8%   168 17476s
 646679 560974   15.69746  503  164   17.00000   15.00000  11.8%   168 17489s
 647459 561565   15.85121  833  154   17.00000   15.00000  11.8%   167 17502s
 648074 562133   15.25142  116  163   17.00000   15.00000  11.8%   167 17513s
 648650 562832   15.57355  209  158   17.00000   15.00000  11.8%   167 17524s
 649373 563686   15.14223  100  167   17.00000   15.00000  11.8%   167 17536s
 650227 564640   15.26583  190  170   17.00000   15.00000  11.8%   167 17550s
 651181 566157   15.35707  310  175   17.00000   15.00000  11.8%   167 17564s
 652716 566166   15.44419  455  161   17.00000   15.00000  11.8%   167 17579s
 652725 566285   15.44419  456  161   17.00000   15.00000  11.8%   167 17594s
 652844 566718   15.44574  457  161   17.00000   15.00000  11.8%   167 17607s
 653277 567000   15.44774  458  162   17.00000   15.00000  11.8%   167 17618s
 653575 567787   15.44793  459  168   17.00000   15.00000  11.8%   167 17630s
 654370 568432   15.54982  640  165   17.00000   15.00000  11.8%   166 17643s
 655031 569148   15.59962  734  161   17.00000   15.00000  11.8%   166 17653s
 655794 570565   15.67551  886  153   17.00000   15.00000  11.8%   166 17666s
 657244 573183   15.82895 1302  159   17.00000   15.00000  11.8%   166 17692s
 659926 573926     cutoff  126        17.00000   15.00000  11.8%   166 17702s
 660693 574208   16.00000  144  112   17.00000   15.00000  11.8%   165 17708s
 661006 574642   15.46180   93  135   17.00000   15.00000  11.8%   165 17716s
 661481 575467   15.06386   99  165   17.00000   15.00000  11.8%   165 17726s
 662344 575890   15.15630  142  165   17.00000   15.00000  11.8%   165 17733s
 662785 576007   15.38077  176  146   17.00000   15.00000  11.8%   165 17740s
 662931 576673   15.43338  197  156   17.00000   15.00000  11.8%   165 17749s
 663671 577298   15.00000   52  165   17.00000   15.00000  11.8%   165 17757s
 664300 578316   15.00000   60  154   17.00000   15.00000  11.8%   165 17768s
 665324 579738   15.00000   78  153   17.00000   15.00000  11.8%   165 17781s
 666748 581100   15.00000   82  152   17.00000   15.00000  11.8%   165 17794s
 668145 581434   15.00000   96  155   17.00000   15.00000  11.8%   164 17802s
 668500 581606   15.00000  105  136   17.00000   15.00000  11.8%   164 17810s
 668678 581941   15.00000  117  156   17.00000   15.00000  11.8%   164 17819s
 669019 582648   15.00000  124  154   17.00000   15.00000  11.8%   164 17830s
 669746 583063   15.00000  138  154   17.00000   15.00000  11.8%   164 17838s
 670165 583585   15.00000  145  162   17.00000   15.00000  11.8%   164 17846s
 670691 584429   15.00000  156  163   17.00000   15.00000  11.8%   164 17857s
 671535 584740   15.00000  167  159   17.00000   15.00000  11.8%   164 17869s
 671859 586535   15.00000  178  172   17.00000   15.00000  11.8%   164 17898s
 673697 586808   15.01510  200  175   17.00000   15.00000  11.8%   164 17907s
 673984 587689   15.01935  217  178   17.00000   15.00000  11.8%   164 17916s
 674920 588576   15.05494  295  179   17.00000   15.00000  11.8%   164 17927s
 675827 589881   15.09081  377  178   17.00000   15.00000  11.8%   163 17941s
 677132 591912   15.12488  475  187   17.00000   15.00000  11.8%   163 17956s
 679194 592932   15.15215  573  188   17.00000   15.00000  11.8%   163 17967s
 680234 593652   15.16097  618  187   17.00000   15.00000  11.8%   163 17976s
 680989 593982   15.18083  697  181   17.00000   15.00000  11.8%   162 17982s
 681345 594441   15.20806  784  181   17.00000   15.00000  11.8%   162 17989s
 681830 595004   15.23571  869  183   17.00000   15.00000  11.8%   162 17997s
 682408 595424   15.25315  951  174   17.00000   15.00000  11.8%   162 18004s
 682850 596203   15.27650 1040  176   17.00000   15.00000  11.8%   162 18015s
 683676 597276   15.28101 1059  178   17.00000   15.00000  11.8%   162 18027s
 684809 597573   15.31208 1159  177   17.00000   15.00000  11.8%   162 18033s
 685118 597986   15.33147 1264  166   17.00000   15.00000  11.8%   162 18039s
 685571 598353   15.36496 1416  168   17.00000   15.00000  11.8%   162 18044s
 685954 598811   15.40285 1535  173   17.00000   15.00000  11.8%   162 18050s
 686432 599854   15.43930 1716  167   17.00000   15.00000  11.8%   162 18069s
 687575 601633   15.51417 2061  169   17.00000   15.00000  11.8%   162 18085s
 689452 602871   15.60688 2539  164   17.00000   15.00000  11.8%   161 18095s
 690774 603856   15.66162 2918  164   17.00000   15.00000  11.8%   161 18105s
 691855 605177   15.70252 3263  159   17.00000   15.00000  11.8%   161 18116s
 693260 606877   15.75234 3793  163   17.00000   15.00000  11.8%   161 18128s
 695066 608267   15.81561 4301  162   17.00000   15.00000  11.8%   160 18138s
 696577 608886   15.86937 4820  168   17.00000   15.00000  11.8%   160 18147s
 697284 609344   15.95517 5262  159   17.00000   15.00000  11.8%   160 18154s
 697917 609839   15.06131   55  162   17.00000   15.00000  11.8%   160 18161s
 698611 610341   15.11820   79  163   17.00000   15.00000  11.8%   160 18168s
 699327 610450   15.18824  115  166   17.00000   15.00000  11.8%   160 18174s
 699486 610813   15.25219  150  162   17.00000   15.00000  11.8%   160 18180s
 699913 611376   15.62412  208  156   17.00000   15.00000  11.8%   160 18189s
 700480 612275   15.78895  273  149   17.00000   15.00000  11.8%   160 18201s
 701403 613486   15.14151   41  164   17.00000   15.00000  11.8%   159 18228s
 702656 614070   15.37732  145  167   17.00000   15.00000  11.8%   159 18242s
 703240 615617   15.40650  172  179   17.00000   15.00000  11.8%   159 18260s
 704787 617182   15.54345  318  168   17.00000   15.00000  11.8%   159 18275s
 706384 617860   15.66348  500  161   17.00000   15.00000  11.8%   159 18285s
 707072 618680   15.83177  807  162   17.00000   15.00000  11.8%   159 18295s
 707914 619430   15.34837  108  162   17.00000   15.00000  11.8%   159 18303s
 708716 619809   15.47796  165  158   17.00000   15.00000  11.8%   158 18310s
 709117 620097   15.57748  257  166   17.00000   15.00000  11.8%   158 18317s
 709464 620525   15.61935  312  157   17.00000   15.00000  11.8%   158 18325s
 710062 621483   15.72878  438  164   17.00000   15.00000  11.8%   158 18336s
 711257 622241   15.93285  884  147   17.00000   15.00000  11.8%   158 18345s
 712053 622891   15.74916  100  122   17.00000   15.00000  11.8%   158 18354s
 712763 623993   15.29166   60  157   17.00000   15.00000  11.8%   158 18366s
 713889 625123   15.43664  114  164   17.00000   15.00000  11.8%   158 18378s
 715021 625564   15.76889  178  155   17.00000   15.00000  11.8%   158 18387s
 715493 626034   15.90792  246  157   17.00000   15.00000  11.8%   158 18397s
 716013 627896   15.41922   56  149   17.00000   15.00000  11.8%   158 18417s
 717977 627904   15.27615   84  138   17.00000   15.00000  11.8%   157 18436s
 717985 627912   15.28048   85  139   17.00000   15.00000  11.8%   157 18462s
 717993 627920   15.28490   86  135   17.00000   15.00000  11.8%   157 18471s
 718001 627928   15.28772   87  140   17.00000   15.00000  11.8%   157 18516s
 718009 627936   15.29055   88  142   17.00000   15.00000  11.8%   157 18535s
 718017 628022   15.29278   89  141   17.00000   15.00000  11.8%   157 18547s
 718103 628119   15.31035   90  147   17.00000   15.00000  11.8%   157 18576s
 718200 628458   15.31648   91  139   17.00000   15.00000  11.8%   157 18601s
 718539 628672   15.36104  100  145   17.00000   15.00000  11.8%   157 18619s
 718757 629545   15.52299  142  136   17.00000   15.00000  11.8%   157 18638s
 719672 630331   15.80821  427  143   17.00000   15.00000  11.8%   157 18652s
 720483 631342   16.00000   71  130   17.00000   15.00000  11.8%   157 18667s
 721536 632409   16.00000  112  129   17.00000   15.00000  11.8%   157 18682s
 722639 633000     cutoff  157        17.00000   15.00000  11.8%   157 18707s
 723315 633982     cutoff   70        17.00000   15.00000  11.8%   157 18720s
 724333 635625   15.15191   57  135   17.00000   15.00000  11.8%   157 18732s
 726076 636367   15.19680  106  151   17.00000   15.00000  11.8%   156 18744s
 726855 638388   15.36113  179  159   17.00000   15.00000  11.8%   156 18760s
 728901 640842   15.52120  327  158   17.00000   15.00000  11.8%   156 18776s
 731389 644055   15.68208  507  165   17.00000   15.00000  11.8%   156 18801s
 734636 644287   15.19690   45  165   17.00000   15.00000  11.8%   155 18806s
 734870 644962   15.20218   49  164   17.00000   15.00000  11.8%   155 18812s
 735545 645733   16.00000   72  117   17.00000   15.00000  11.8%   155 18818s
 736331 646244   16.00000   89  121   17.00000   15.00000  11.8%   155 18824s
 736866 647593   15.24657   58  144   17.00000   15.00000  11.8%   155 18833s
 738225 648506   15.41537   92  147   17.00000   15.00000  11.8%   155 18840s
 739211 648804   15.56241  156  157   17.00000   15.00000  11.8%   154 18846s
 739571 649547   15.63318  204  151   17.00000   15.00000  11.8%   154 18854s
 740482 650466   15.81744  332  138   17.00000   15.00000  11.8%   154 18863s
 741629 650570   15.30669   95  160   17.00000   15.00000  11.8%   154 18869s
 741753 651002   15.38092  121  146   17.00000   15.00000  11.8%   154 18875s
 742200 651299   15.48978  186  161   17.00000   15.00000  11.8%   154 18881s
 742500 651671   15.62122  247  150   17.00000   15.00000  11.8%   154 18888s
 742872 652284   15.77404  384  149   17.00000   15.00000  11.8%   154 18896s
 743494 652563     cutoff  736        17.00000   15.00000  11.8%   154 18902s
 743779 653195   15.37783   97  149   17.00000   15.00000  11.8%   154 18910s
 744419 653769   16.00000  115  134   17.00000   15.00000  11.8%   154 18916s
 745001 654362   16.00000  126  124   17.00000   15.00000  11.8%   154 18923s
 745598 655385   16.00000  140  127   17.00000   15.00000  11.8%   154 18931s
 746630 658458   16.00000  155  130   17.00000   15.00000  11.8%   153 18958s
 749889 658738   15.12779   91  148   17.00000   15.00000  11.8%   153 18963s
 750173 659655   15.19013  116  150   17.00000   15.00000  11.8%   153 18971s
 751121 660791   15.22022  124  151   17.00000   15.00000  11.8%   153 18980s
 752604 661231   15.37116  202  154   17.00000   15.00000  11.8%   153 18989s
 752825 661547   15.42494  241  148   17.00000   15.00000  11.8%   153 18993s
 753141 661943   15.76643  310  129   17.00000   15.00000  11.8%   153 19000s
 753552 662396   15.17754   41  165   17.00000   15.00000  11.8%   152 19005s
 754015 662876   15.85060   79  159   17.00000   15.00000  11.8%   152 19012s
 754522 663611   15.20412   81  149   17.00000   15.00000  11.8%   152 19019s
 755257 664338   15.33014  126  144   17.00000   15.00000  11.8%   152 19027s
 756020 664691   15.39288  188  154   17.00000   15.00000  11.8%   152 19033s
 756406 665146   15.45533  247  154   17.00000   15.00000  11.8%   152 19039s
 756867 665776   15.54155  342  155   17.00000   15.00000  11.8%   152 19046s
 757503 666453   15.61987  458  144   17.00000   15.00000  11.8%   152 19054s
 758193 667286   15.67016  567  148   17.00000   15.00000  11.8%   152 19062s
 759046 667644   15.74632  776  138   17.00000   15.00000  11.8%   152 19068s
 759416 668814   15.82370  998  130   17.00000   15.00000  11.8%   152 19079s
 760644 669363   15.14247   93  169   17.00000   15.00000  11.8%   152 19087s
 761193 671845   15.21456  114  171   17.00000   15.00000  11.8%   152 19112s
 763695 672519   15.48788  322  170   17.00000   15.00000  11.8%   151 19120s
 764436 673181   15.53180  425  166   17.00000   15.00000  11.8%   151 19129s
 765098 674325   15.61589  584  159   17.00000   15.00000  11.8%   151 19140s
 766244 675039   15.75794  811  155   17.00000   15.00000  11.8%   151 19149s
 766987 675705   15.91263 1088  156   17.00000   15.00000  11.8%   151 19159s
 767670 676005   15.00000   99  150   17.00000   15.00000  11.8%   151 19166s
 767987 676320   15.52821  106  139   17.00000   15.00000  11.8%   151 19174s
 768306 677012   15.66480  127  136   17.00000   15.00000  11.8%   151 19183s
 769030 678000   15.02757  100  146   17.00000   15.00000  11.8%   151 19193s
 770049 678941     cutoff  109        17.00000   15.00000  11.8%   150 19202s
 771011 679827     cutoff  111        17.00000   15.00000  11.8%   150 19210s
 771985 680082   15.00524   48  156   17.00000   15.00000  11.8%   150 19217s
 772264 680438   15.02337   56  160   17.00000   15.00000  11.8%   150 19224s
 772647 680746   15.10769   85  168   17.00000   15.00000  11.8%   150 19232s
 772965 681270   15.17885  130  167   17.00000   15.00000  11.8%   150 19241s
 773495 682077   15.25050  182  169   17.00000   15.00000  11.8%   150 19251s
 774317 682927   15.33929  257  154   17.00000   15.00000  11.8%   150 19262s
 775223 683516   15.42546  338  167   17.00000   15.00000  11.8%   150 19270s
 775816 685913   15.49563  439  165   17.00000   15.00000  11.8%   150 19294s
 778233 686859   15.75640  911  160   17.00000   15.00000  11.8%   150 19302s
 779187 688098   15.85422 1139  156   17.00000   15.00000  11.8%   149 19310s
 780521 688839   15.97579 1458  153   17.00000   15.00000  11.8%   149 19317s
 781298 689935   15.00000   44  127   17.00000   15.00000  11.8%   149 19324s
 782396 690647   15.00293   47  153   17.00000   15.00000  11.8%   149 19332s
 783168 690761   15.16502   70  160   17.00000   15.00000  11.8%   149 19336s
 783286 690969   15.20774   86  165   17.00000   15.00000  11.8%   149 19341s
 783500 691212   15.26111  132  163   17.00000   15.00000  11.8%   149 19345s
 783763 691640   15.28504  161  165   17.00000   15.00000  11.8%   149 19350s
 784560 692484   15.40163  285  155   17.00000   15.00000  11.8%   149 19359s
 785069 693170   15.45157  373  157   17.00000   15.00000  11.8%   149 19366s
 785763 694009   15.53323  470  154   17.00000   15.00000  11.8%   149 19374s
 786624 694781   15.58814  594  163   17.00000   15.00000  11.8%   149 19382s
 787439 695217   15.67681  728  154   17.00000   15.00000  11.8%   148 19389s
 787875 695967   15.74851  934  156   17.00000   15.00000  11.8%   148 19398s
 788627 697260   15.82898 1275  149   17.00000   15.00000  11.8%   148 19408s
 789939 697625   15.94215 1694  145   17.00000   15.00000  11.8%   148 19414s
 790358 698867   15.00000   50  143   17.00000   15.00000  11.8%   148 19437s
 791629 700326   15.24967   71  155   17.00000   15.00000  11.8%   148 19454s
 793168 701106   15.72141   61  108   17.00000   15.00000  11.8%   148 19466s
 794078 701205   16.00000  119  114   17.00000   15.00000  11.8%   148 19475s
 794226 701531   16.00000  134  109   17.00000   15.00000  11.8%   148 19484s
 794662 701819   16.00000  161  120   17.00000   15.00000  11.8%   148 19496s
 795014 702225   15.00275   80  150   17.00000   15.00000  11.8%   148 19507s
 795450 702900   15.04924   89  157   17.00000   15.00000  11.8%   148 19521s
 796127 704105   15.07033   97  153   17.00000   15.00000  11.8%   148 19536s
 797362 704708   15.09858  107  150   17.00000   15.00000  11.8%   148 19549s
 797965 706148   15.58023  116  134   17.00000   15.00000  11.8%   148 19565s
 799405 708878   15.15135  127  159   17.00000   15.00000  11.8%   147 19581s
 802172 709358   15.16887  135  157   17.00000   15.00000  11.8%   147 19590s
 802727 709622   15.18102  143  156   17.00000   15.00000  11.8%   147 19598s
 803032 710207   15.18983  150  156   17.00000   15.00000  11.8%   147 19606s
 803631 711114   15.20511  158  153   17.00000   15.00000  11.8%   147 19616s
 804554 711526   15.21813  166  149   17.00000   15.00000  11.8%   147 19626s
 804985 712874   15.23117  175  156   17.00000   15.00000  11.8%   147 19648s
 806396 713152   15.25871  194  152   17.00000   15.00000  11.8%   147 19659s
 806850 713879   15.27290  204  151   17.00000   15.00000  11.8%   147 19673s
 807606 714183   15.29540  217  151   17.00000   15.00000  11.8%   147 19684s
 807912 714979   15.71111  227  134   17.00000   15.00000  11.8%   147 19697s
 808710 716408   15.30955  237  155   17.00000   15.00000  11.8%   147 19716s
 810202 716890   15.31977  251  153   17.00000   15.00000  11.8%   147 19728s
 810694 717762   15.32982  264  151   17.00000   15.00000  11.8%   147 19744s
 811566 718492   15.33797  277  152   17.00000   15.00000  11.8%   147 19756s
 812327 719172   15.34775  290  148   17.00000   15.00000  11.8%   147 19769s
 813030 719584   15.36556  304  149   17.00000   15.00000  11.8%   146 19782s
 813442 720337   16.00000  316  120   17.00000   15.00000  11.8%   146 19795s
 814196 721546   15.38442  329  148   17.00000   15.00000  11.8%   146 19813s
 815407 723335   15.73473  341  137   17.00000   15.00000  11.8%   146 19831s
 817216 724900   15.39919  355  150   17.00000   15.00000  11.8%   146 19846s
 818781 726708   16.00000  365  118   17.00000   15.00000  11.8%   146 19861s
 820608 729841   15.41412  375  156   17.00000   15.00000  11.8%   146 19886s
 823772 730138   15.42334  390  150   17.00000   15.00000  11.8%   145 19891s
 824071 730630   15.72914  396  148   17.00000   15.00000  11.8%   145 19900s
 824581 731423   15.43184  401  155   17.00000   15.00000  11.8%   145 19908s
 825411 732044   15.43533  407  153   17.00000   15.00000  11.8%   145 19915s
 826058 732451   15.43871  413  153   17.00000   15.00000  11.8%   145 19921s
 826465 732937   15.44039  418  156   17.00000   15.00000  11.8%   145 19928s
 826951 733724   15.44599  423  160   17.00000   15.00000  11.8%   145 19938s
 827754 734245   15.44898  430  157   17.00000   15.00000  11.8%   145 19945s
 828285 735179   15.45198  435  158   17.00000   15.00000  11.8%   145 19954s
 829238 735752   15.45778  442  154   17.00000   15.00000  11.8%   145 19963s
 829813 736539   15.46126  448  152   17.00000   15.00000  11.8%   145 19970s
 830681 736950   15.46621  456  156   17.00000   15.00000  11.8%   145 19977s
 831094 737034   15.46830  461  156   17.00000   15.00000  11.8%   145 19983s
 831180 737197   15.85216  464  128   17.00000   15.00000  11.8%   145 19991s
 831343 737767   15.88016  466  139   17.00000   15.00000  11.8%   145 19999s
 831926 738376   15.47258  473  156   17.00000   15.00000  11.8%   144 20007s
 832535 739076   15.47968  480  154   17.00000   15.00000  11.8%   144 20017s
 833253 739480   15.48489  487  153   17.00000   15.00000  11.8%   144 20025s
 833657 739850   15.49588  495  151   17.00000   15.00000  11.8%   144 20033s
 834027 740527   15.49810  500  150   17.00000   15.00000  11.8%   144 20044s
 834704 741359   15.50354  510  152   17.00000   15.00000  11.8%   144 20055s
 835540 743324   15.50669  518  149   17.00000   15.00000  11.8%   144 20075s
 837516 744621   15.51875  539  148   17.00000   15.00000  11.8%   144 20087s
 838893 744939   15.52689  548  149   17.00000   15.00000  11.8%   144 20094s
 839218 745360   15.53131  555  151   17.00000   15.00000  11.8%   144 20103s
 839679 746060   15.53526  563  148   17.00000   15.00000  11.8%   144 20113s
 840400 746430   15.54238  570  151   17.00000   15.00000  11.8%   144 20121s
 840849 746555   15.54520  579  147   17.00000   15.00000  11.8%   144 20128s
 841096 746751   15.55306  586  148   17.00000   15.00000  11.8%   144 20137s
 841324 747099   15.55825  596  152   17.00000   15.00000  11.8%   144 20146s
 841701 747694   15.56353  604  146   17.00000   15.00000  11.8%   144 20157s
 842332 747934   15.57419  616  146   17.00000   15.00000  11.8%   144 20169s
 842574 748305   15.57607  626  143   17.00000   15.00000  11.8%   144 20181s
 842962 748725   15.58959  636  147   17.00000   15.00000  11.8%   144 20194s
 843469 748951   15.59964  645  147   17.00000   15.00000  11.8%   144 20205s
 843722 749236   15.60846  657  152   17.00000   15.00000  11.8%   144 20217s
 844026 750113   15.61753  670  148   17.00000   15.00000  11.8%   144 20234s
 844921 750638   15.62464  685  148   17.00000   15.00000  11.8%   144 20248s
 845505 750972   15.63534  701  151   17.00000   15.00000  11.8%   144 20259s
 845896 751207   15.65645  720  151   17.00000   15.00000  11.8%   144 20271s
 846199 751791   15.66717  743  149   17.00000   15.00000  11.8%   144 20284s
 846840 752699   15.67591  763  146   17.00000   15.00000  11.8%   144 20300s
 847820 753189   15.68991  790  142   17.00000   15.00000  11.8%   144 20312s
 848428 753611   15.75313  842  148   17.00000   15.00000  11.8%   144 20327s
 849015 754070     cutoff  908        17.00000   15.00000  11.8%   144 20339s
 849654 754953     cutoff  958        17.00000   15.00000  11.8%   144 20355s
 850845 756326     cutoff 1082        17.00000   15.00000  11.8%   144 20377s
 853243 756399   15.14048  104  141   17.00000   15.00000  11.8%   144 20388s
 853324 756435   15.27566  115  151   17.00000   15.00000  11.8%   144 20404s
 853370 756467   15.27922  116  145   17.00000   15.00000  11.8%   144 20427s
 853410 756501   15.28030  117  147   17.00000   15.00000  11.8%   144 20434s
 853456 756537   15.28298  118  148   17.00000   15.00000  11.8%   144 20456s
 853498 756575   15.32544  119  144   17.00000   15.00000  11.8%   144 20471s
 853546 756623   15.32915  120  143   17.00000   15.00000  11.8%   144 20480s
 853600 756965   15.34823  121  147   17.00000   15.00000  11.8%   144 20494s
 853972 757355   15.19709   31  191   17.00000   15.00000  11.8%   144 20505s
 854372 758002   15.24939   66  195   17.00000   15.00000  11.8%   144 20533s
 855041 758523   15.31406  120  179   17.00000   15.00000  11.8%   144 20547s
 855678 759449   15.36995  192  175   17.00000   15.00000  11.8%   144 20561s
 856874 760210   15.44353  337  185   17.00000   15.00000  11.8%   144 20574s
 857922 761237   15.49088  443  165   17.00000   15.00000  11.8%   144 20591s
 858954 762875   15.62420  608  170   17.00000   15.00000  11.8%   144 20607s
 860598 763984   15.71196  870  163   17.00000   15.00000  11.8%   143 20620s
 861744 765516   15.80432 1254  157   17.00000   15.00000  11.8%   143 20636s
 863284 767223   15.92210 1787  157   17.00000   15.00000  11.8%   143 20650s
 865076 767897     cutoff  100        17.00000   15.00000  11.8%   143 20661s
 866006 768338   15.01735   60  174   17.00000   15.00000  11.8%   143 20679s
 866580 769856   15.12141  125  192   17.00000   15.00000  11.8%   143 20704s
 868218 770231   15.31509  331  174   17.00000   15.00000  11.8%   143 20717s
 868618 770828   16.00000  393  124   17.00000   15.00000  11.8%   143 20731s
 869318 771870     cutoff  428        17.00000   15.00000  11.8%   143 20749s
 870400 773310   16.00000   88  123   17.00000   15.00000  11.8%   143 20770s
 871908 774693   16.00000  123  124   17.00000   15.00000  11.8%   143 20788s
 873358 775709   16.00000  172  121   17.00000   15.00000  11.8%   143 20805s
 874410 776152   16.00000  194  118   17.00000   15.00000  11.8%   142 20818s
 874933 776985   15.51148  112  128   17.00000   15.00000  11.8%   142 20833s
 875974 778228   15.27475   61  154   17.00000   15.00000  11.8%   142 20850s
 877320 779023   15.36075  101  141   17.00000   15.00000  11.8%   142 20865s
 878238 779601   15.34295   96  157   17.00000   15.00000  11.8%   142 20879s
 878914 780126   15.47957  215  157   17.00000   15.00000  11.8%   142 20891s
 879497 781013   15.64784  408  157   17.00000   15.00000  11.8%   142 20906s
 880434 781021   15.84012  716  164   17.00000   15.00000  11.8%   142 20937s
 880442 786092   15.84106  717  160   17.00000   15.00000  11.8%   142 21463s
 887434 789231   15.68826  598  141   17.00000   15.00000  11.8%   143 21495s
 891547 790729   15.96678 1472  135   17.00000   15.00000  11.8%   142 21509s
 893491 792000   15.40281  185  158   17.00000   15.00000  11.8%   142 21524s
 895341 794710   16.00000  350  120   17.00000   15.00000  11.8%   142 21550s
 898099 795041   16.00000  419  119   17.00000   15.00000  11.8%   142 21556s
 898434 795598   16.00000  436  145   17.00000   15.00000  11.8%   142 21563s
 898993 796338   16.00000  453  134   17.00000   15.00000  11.8%   142 21571s
 899735 797335   16.00000  474  138   17.00000   15.00000  11.8%   142 21580s
 900747 798519   16.00000  482  137   17.00000   15.00000  11.8%   142 21589s
 901940 799674     cutoff  489        17.00000   15.00000  11.8%   141 21600s
 903127 800217   15.02077   54  172   17.00000   15.00000  11.8%   141 21607s
 903689 800777   15.13024   78  173   17.00000   15.00000  11.8%   141 21614s
 904257 801635   15.17305   94  175   17.00000   15.00000  11.8%   141 21622s
 905137 802318   15.26123  136  183   17.00000   15.00000  11.8%   141 21630s
 905824 803136   15.31668  168  187   17.00000   15.00000  11.8%   141 21639s
 906679 803570   15.61443  211  162   17.00000   15.00000  11.8%   141 21646s
 907133 804178   15.75312  311  165   17.00000   15.00000  11.8%   141 21653s
 907762 804905   15.25733   50  138   17.00000   15.00000  11.8%   141 21660s
 908505 805657   15.42350   92  143   17.00000   15.00000  11.8%   141 21666s
 909281 806094   15.59284  165  150   17.00000   15.00000  11.8%   141 21672s
 909738 806712   16.00000  240  122   17.00000   15.00000  11.8%   141 21680s
 910364 808574   16.00000  267  128   17.00000   15.00000  11.8%   141 21700s
 912318 808857   15.00000  100  158   17.00000   15.00000  11.8%   141 21708s
 912630 809192   15.03595  118  163   17.00000   15.00000  11.8%   141 21715s
 912987 809678   15.10883  163  172   17.00000   15.00000  11.8%   141 21724s
 913493 810885   15.19712  245  166   17.00000   15.00000  11.8%   140 21737s
 914702 811667   15.30088  376  168   17.00000   15.00000  11.8%   140 21748s
 915519 812135   15.36413  450  165   17.00000   15.00000  11.8%   140 21757s
 916015 812659   15.45970  603  166   17.00000   15.00000  11.8%   140 21767s
 916579 813370   15.58072  793  161   17.00000   15.00000  11.8%   140 21776s
 917316 814552   15.73101 1060  162   17.00000   15.00000  11.8%   140 21789s
 918544 815795   15.08238   51  164   17.00000   15.00000  11.8%   140 21802s
 919855 816373   15.86670  116  155   17.00000   15.00000  11.8%   140 21811s
 920499 816615   15.00000   38  167   17.00000   15.00000  11.8%   140 21820s
 920755 816962   15.00000   46  138   17.00000   15.00000  11.8%   140 21830s
 921114 817499   15.00000   60  159   17.00000   15.00000  11.8%   140 21842s
 921669 818055   15.00000   71  166   17.00000   15.00000  11.8%   140 21852s
 922268 818549   15.00000   80  148   17.00000   15.00000  11.8%   140 21863s
 922784 819449   15.00000   92  155   17.00000   15.00000  11.8%   140 21877s
 923708 820297   15.00000  115  160   17.00000   15.00000  11.8%   140 21889s
 924592 821149   15.00000  128  141   17.00000   15.00000  11.8%   140 21902s
 925511 822174   15.00000  144  148   17.00000   15.00000  11.8%   140 21923s
 926596 822601   15.00000  171  155   17.00000   15.00000  11.8%   140 21936s
 927079 822760   15.00000  197  164   17.00000   15.00000  11.8%   140 21948s
 927300 823050   15.00000  203  165   17.00000   15.00000  11.8%   140 21962s
 927639 823467   15.00000  219  152   17.00000   15.00000  11.8%   140 21979s
 928078 824406   15.00000  249  170   17.00000   15.00000  11.8%   140 22004s
 929049 824787   15.00000  287  136   17.00000   15.00000  11.8%   140 22022s
 929444 825313   15.00000  327  155   17.00000   15.00000  11.8%   140 22042s
 929996 825994   15.00000  371  163   17.00000   15.00000  11.8%   140 22063s
 930705 827257   15.00000  412  150   17.00000   15.00000  11.8%   140 22084s
 932000 828682   15.00000  458  174   17.00000   15.00000  11.8%   140 22107s
 933455 830315   15.00000  496  175   17.00000   15.00000  11.8%   140 22128s
 935112 831922   15.00000  527  160   17.00000   15.00000  11.8%   140 22149s
 936737 832260   15.00000  553  165   17.00000   15.00000  11.8%   140 22170s
 937099 832386   15.00000  576  170   17.00000   15.00000  11.8%   140 22190s
 937245 832499   15.00000  599  164   17.00000   15.00000  11.8%   140 22211s
 937380 832593   15.00000  623  171   17.00000   15.00000  11.8%   140 22245s
 937508 832666   15.00000  644  179   17.00000   15.00000  11.8%   140 22264s
 937623 834672   15.00000  665  182   17.00000   15.00000  11.8%   140 22288s
 939665 835969   15.00000  688  174   17.00000   15.00000  11.8%   140 22304s
 940995 837654   15.00000  704  184   17.00000   15.00000  11.8%   140 22321s
 942708 838759   15.00000  722  180   17.00000   15.00000  11.8%   140 22333s
 943827 839870   15.00000  723  180   17.00000   15.00000  11.8%   139 22344s
 944978 840535   15.00000  730  183   17.00000   15.00000  11.8%   139 22351s
 945655 841467   15.01216  755  195   17.00000   15.00000  11.8%   139 22360s
 946591 842714   15.02123  781  194   17.00000   15.00000  11.8%   139 22370s
 947869 843409   15.02934  813  196   17.00000   15.00000  11.8%   139 22378s
 948591 843766   15.04544  866  194   17.00000   15.00000  11.8%   139 22384s
 948970 844113   15.06486  945  196   17.00000   15.00000  11.8%   139 22391s
 949323 844750   15.07226  967  192   17.00000   15.00000  11.8%   139 22398s
 949974 845276   15.09895 1054  190   17.00000   15.00000  11.8%   139 22404s
 950576 845796   15.12086 1131  189   17.00000   15.00000  11.8%   139 22410s
 951220 846459   15.13562 1194  193   17.00000   15.00000  11.8%   139 22417s
 951897 847322   15.15515 1298  197   17.00000   15.00000  11.8%   139 22425s
 952788 848109   15.19049 1363  190   17.00000   15.00000  11.8%   139 22433s
 953585 849178   15.21502 1471  194   17.00000   15.00000  11.8%   139 22444s
 954672 849772   15.23739 1589  193   17.00000   15.00000  11.8%   138 22453s
 955274 850425   15.25794 1666  195   17.00000   15.00000  11.8%   138 22461s
 955960 852615   15.27914 1752  188   17.00000   15.00000  11.8%   138 22481s
 958176 853535   15.36269 2170  196   17.00000   15.00000  11.8%   138 22489s
 959099 854462   15.38681 2321  191   17.00000   15.00000  11.8%   138 22498s
 960038 855400   15.41947 2457  190   17.00000   15.00000  11.8%   138 22505s
 960982 855408   15.45185 2623  191   17.00000   15.00000  11.8%   138 22519s
 960990 855415   15.45211 2624  191   17.00000   15.00000  11.8%   138 22530s
 960999 855468   15.45227 2625  192   17.00000   15.00000  11.8%   138 22538s
 961054 855641   15.45293 2626  187   17.00000   15.00000  11.8%   138 22555s
 961229 855945   15.46162 2680  187   17.00000   15.00000  11.8%   138 22565s
 961535 856852   15.53566 2821  181   17.00000   15.00000  11.8%   138 22575s
 962444 857773   15.59224 3030  174   17.00000   15.00000  11.8%   138 22586s
 963367 858878   15.66467 3220  183   17.00000   15.00000  11.8%   138 22597s
 964492 859873   15.74704 3458  187   17.00000   15.00000  11.8%   137 22608s
 965498 860861   15.81145 3732  183   17.00000   15.00000  11.8%   137 22618s
 966503 861532   15.89403 4059  181   17.00000   15.00000  11.8%   137 22626s
 967241 861869   15.14617   79  148   17.00000   15.00000  11.8%   137 22633s
 967598 862283   15.25730  103  151   17.00000   15.00000  11.8%   137 22639s
 968024 862816   15.37207  152  159   17.00000   15.00000  11.8%   137 22645s
 968579 863491   15.46724  236  150   17.00000   15.00000  11.8%   137 22653s
 969268 864235   15.57335  337  161   17.00000   15.00000  11.8%   137 22661s
 970028 865395   15.64390  438  155   17.00000   15.00000  11.8%   137 22671s
 971196 867518   15.74746  601  162   17.00000   15.00000  11.8%   137 22694s
 973432 867998   15.24203  175  164   17.00000   15.00000  11.8%   137 22702s
 973932 868546   15.29846  242  157   17.00000   15.00000  11.8%   137 22709s
 974514 868950   15.36025  368  157   17.00000   15.00000  11.8%   137 22716s
 974934 869657   15.41677  487  154   17.00000   15.00000  11.8%   137 22726s
 975691 870342   15.49331  689  146   17.00000   15.00000  11.8%   136 22734s
 976432 870853   15.56810  950  155   17.00000   15.00000  11.8%   136 22744s
 976965 871577   15.65858 1286  144   17.00000   15.00000  11.8%   136 22756s
 977717 872513   15.74214 1755  151   17.00000   15.00000  11.8%   136 22770s
 978675 873598   15.84157 2407  145   17.00000   15.00000  11.8%   136 22782s
 979811 874003   15.72922   65   98   17.00000   15.00000  11.8%   136 22792s
 980376 874741   15.24344   75  161   17.00000   15.00000  11.8%   136 22803s
 981138 875704   15.38481  160  156   17.00000   15.00000  11.8%   136 22817s
 982147 876212   15.49090  231  165   17.00000   15.00000  11.8%   136 22825s
 982689 876780   15.56660  323  157   17.00000   15.00000  11.8%   136 22835s
 983283 877366   16.00000  365  125   17.00000   15.00000  11.8%   136 22845s
 983893 878380   16.00000  398  132   17.00000   15.00000  11.8%   136 22858s
 984934 879118   16.00000  434  116   17.00000   15.00000  11.8%   136 22869s
 985719 880346   16.00000  465  121   17.00000   15.00000  11.8%   136 22891s
 987031 880991   16.00000  537  121   17.00000   15.00000  11.8%   136 22904s
 987720 882229   16.00000  573  133   17.00000   15.00000  11.8%   136 22922s
 989032 882620   16.00000  603  133   17.00000   15.00000  11.8%   136 22932s
 989455 883504   16.00000  632  133   17.00000   15.00000  11.8%   136 22946s
 990385 884305     cutoff  644        17.00000   15.00000  11.8%   136 22958s
 991272 884530   15.14976   80  169   17.00000   15.00000  11.8%   136 22967s
 991527 884761   15.21901  163  182   17.00000   15.00000  11.8%   136 22975s
 991784 885045   15.26727  250  177   17.00000   15.00000  11.8%   136 22984s
 992092 885509   15.31614  364  179   17.00000   15.00000  11.8%   136 22994s
 992598 886038   15.37193  495  169   17.00000   15.00000  11.8%   136 23005s
 993179 886856   15.42719  661  172   17.00000   15.00000  11.8%   136 23018s
 994047 888004   15.48507  849  170   17.00000   15.00000  11.8%   136 23035s
 995233 889125   15.54658 1098  172   17.00000   15.00000  11.8%   135 23048s
 996438 889787   15.63782 1478  158   17.00000   15.00000  11.8%   135 23060s
 997169 890757   15.73535 1865  161   17.00000   15.00000  11.8%   135 23076s
 998193 891849   15.85570 2512  156   17.00000   15.00000  11.8%   135 23093s
 999338 892299   15.00024   66  176   17.00000   15.00000  11.8%   135 23104s
 999836 892784   16.00000   81  112   17.00000   15.00000  11.8%   135 23117s
 1000381 893760   16.00000  110  118   17.00000   15.00000  11.8%   135 23140s
 1001431 894201   16.00000  160  123   17.00000   15.00000  11.8%   135 23158s
 1001942 895189   16.00000  191  125   17.00000   15.00000  11.8%   135 23178s
 1003079 895512   16.00000  225  130   17.00000   15.00000  11.8%   135 23192s
 1003480 895866   15.00000   37  143   17.00000   15.00000  11.8%   135 23208s
 1003920 896127   15.00000   57  138   17.00000   15.00000  11.8%   135 23225s
 1004241 896538   15.00000   81  138   17.00000   15.00000  11.8%   135 23243s
 1004750 897199   15.00000  105  146   17.00000   15.00000  11.8%   135 23260s
 1005523 897947   15.00000  127  153   17.00000   15.00000  11.8%   135 23277s
 1006381 898516   15.00000  150  148   17.00000   15.00000  11.8%   135 23294s
 1007078 899712   15.00000  170  159   17.00000   15.00000  11.8%   135 23310s
 1008513 900281   15.01776  197  172   17.00000   15.00000  11.8%   135 23329s
 1009170 901753   15.06366  300  167   17.00000   15.00000  11.8%   135 23347s
 1010768 902333   15.13557  531  178   17.00000   15.00000  11.8%   135 23367s
 1011416 902560   15.20337  674  183   17.00000   15.00000  11.8%   135 23384s
 1011645 902839   15.26417  895  177   17.00000   15.00000  11.8%   135 23411s
 1011926 903234   15.36705 1168  179   17.00000   15.00000  11.8%   135 23429s
 1012323 903710   15.43641 1539  180   17.00000   15.00000  11.8%   135 23448s
 1012801 904590   15.52746 1974  178   17.00000   15.00000  11.8%   135 23470s
 1013683 907074   15.62897 2632  163   17.00000   15.00000  11.8%   135 23494s
 1016279 909576   15.77218 3506  160   17.00000   15.00000  11.8%   135 23520s
 1018985 910345   15.91647 4380  161   17.00000   15.00000  11.8%   134 23527s
 1019819 910512   15.09462   44  160   17.00000   15.00000  11.8%   134 23533s
 1020034 910686   15.36872   45  152   17.00000   15.00000  11.8%   134 23539s
 1020266 910934   15.37657   46  159   17.00000   15.00000  11.8%   134 23547s
 1020562 911224   15.38091   47  157   17.00000   15.00000  11.8%   134 23555s
 1020931 911650   15.52149   55  145   17.00000   15.00000  11.8%   134 23565s
 1021429 912238     cutoff   58        17.00000   15.00000  11.8%   134 23576s
 1022085 913169   15.17639  118  169   17.00000   15.00000  11.8%   134 23590s
 1023108 913904   15.30528  182  167   17.00000   15.00000  11.8%   134 23602s
 1023941 914213   15.41574  257  169   17.00000   15.00000  11.8%   134 23608s
 1024342 914660   15.51611  364  161   17.00000   15.00000  11.8%   134 23616s
 1024924 915014   15.61663  495  158   17.00000   15.00000  11.8%   134 23623s
 1025394 915582   15.71608  646  159   17.00000   15.00000  11.8%   134 23631s
 1026072 916249   15.83056  916  161   17.00000   15.00000  11.8%   134 23640s
 1026885 916712   15.12710   60  144   17.00000   15.00000  11.8%   134 23648s
 1027537 917288   15.03733   66  161   17.00000   15.00000  11.8%   134 23656s
 1028287 918331   15.46627   89  152   17.00000   15.00000  11.8%   134 23665s
 1029534 918637   16.00000  147  123   17.00000   15.00000  11.8%   134 23672s
 1029986 918999   16.00000  174  134   17.00000   15.00000  11.8%   134 23679s
 1030651 919523     cutoff  195        17.00000   15.00000  11.8%   134 23686s
 1031538 920933   15.13652   61  153   17.00000   15.00000  11.8%   134 23708s
 1033508 921625   15.50805   76  148   17.00000   15.00000  11.8%   134 23718s
 1034200 922553   15.50687   81  150   17.00000   15.00000  11.8%   133 23729s
 1035136 923802   15.21518   88  164   17.00000   15.00000  11.8%   133 23742s
 1036389 924461   15.23419   93  163   17.00000   15.00000  11.8%   133 23749s
 1037104 924698   15.23648   97  168   17.00000   15.00000  11.8%   133 23757s
 1037392 924871   15.24141  101  164   17.00000   15.00000  11.8%   133 23764s
 1037571 925170   15.24644  105  165   17.00000   15.00000  11.8%   133 23772s
 1037886 925561   15.38260  110  161   17.00000   15.00000  11.8%   133 23781s
 1038281 926019   15.25908  117  167   17.00000   15.00000  11.8%   133 23792s
 1038745 926838   15.26841  122  166   17.00000   15.00000  11.8%   133 23804s
 1039613 927020   15.27844  129  168   17.00000   15.00000  11.8%   133 23813s
 1039815 927174   15.29057  136  169   17.00000   15.00000  11.8%   133 23821s
 1039984 927313   15.30089  143  162   17.00000   15.00000  11.8%   133 23832s
 1040153 927389   15.30769  150  169   17.00000   15.00000  11.8%   133 23854s
 1040237 927515   15.31075  156  162   17.00000   15.00000  11.8%   133 23864s
 1040381 927755   15.31499  164  163   17.00000   15.00000  11.8%   133 23875s
 1040747 928009   15.32247  172  165   17.00000   15.00000  11.8%   133 23884s
 1041004 928200   16.00000  180  137   17.00000   15.00000  11.8%   133 23895s
 1041201 928380   15.41814  188  151   17.00000   15.00000  11.8%   133 23906s
 1041389 928511   15.35012  199  169   17.00000   15.00000  11.8%   133 23923s
 1041528 928651   15.35657  206  163   17.00000   15.00000  11.8%   133 23933s
 1041689 928875   15.67960  215  157   17.00000   15.00000  11.8%   134 23943s
 1041970 929045   15.37001  226  169   17.00000   15.00000  11.8%   134 23954s
 1042182 929267   15.38049  237  166   17.00000   15.00000  11.8%   134 23964s
 1042478 929520   15.38737  246  168   17.00000   15.00000  11.8%   134 23974s
 1042760 929946   15.39763  257  170   17.00000   15.00000  11.8%   134 23986s
 1043216 930289   15.40250  268  169   17.00000   15.00000  11.8%   134 23998s
 1043624 930606   15.40875  278  168   17.00000   15.00000  11.8%   134 24010s
 1043965 930765   15.41428  290  165   17.00000   15.00000  11.8%   134 24022s
 1044178 931297   15.41711  300  165   17.00000   15.00000  11.8%   134 24036s
 1044753 931650   15.42372  312  168   17.00000   15.00000  11.8%   134 24049s
 1045180 932220   15.42851  322  165   17.00000   15.00000  11.8%   134 24061s
 1045796 932824   15.43319  334  164   17.00000   15.00000  11.8%   134 24076s
 1046450 933914   15.43966  346  163   17.00000   15.00000  11.8%   134 24097s
 1047623 934382   15.73333  361  150   17.00000   15.00000  11.8%   134 24109s
 1048148 934775   15.45682  371  160   17.00000   15.00000  11.8%   134 24124s
 1048599 935550   15.46056  381  164   17.00000   15.00000  11.8%   134 24143s
 1049459 936878   15.46705  392  165   17.00000   15.00000  11.8%   134 24166s
 1050867 937454   15.47485  405  167   17.00000   15.00000  11.8%   134 24181s
 1051569 937658   15.47898  413  166   17.00000   15.00000  11.8%   134 24195s
 1051829 938021   16.00000  419  129   17.00000   15.00000  11.8%   134 24210s
 1052302 938730   15.48340  426  164   17.00000   15.00000  11.8%   134 24225s
 1053196 940219   15.49089  437  165   17.00000   15.00000  11.8%   134 24243s
 1054847 941623   15.50237  451  171   17.00000   15.00000  11.8%   134 24258s
 1056434 942851   15.51024  460  166   17.00000   15.00000  11.8%   134 24273s
 1057888 943318   15.51559  468  164   17.00000   15.00000  11.8%   134 24283s
 1058609 943506   15.52494  476  162   17.00000   15.00000  11.8%   133 24292s
 1059035 943912   15.52829  482  158   17.00000   15.00000  11.8%   133 24301s
 1059773 944197   15.53171  490  163   17.00000   15.00000  11.8%   133 24311s
 1060355 944856   15.53424  499  163   17.00000   15.00000  11.8%   133 24321s
 1061550 946328   15.53876  508  165   17.00000   15.00000  11.8%   133 24340s
 1064250 946648   15.54540  522  165   17.00000   15.00000  11.8%   133 24346s
 1064940 947237   15.55029  526  164   17.00000   15.00000  11.8%   133 24352s
 1065547 947511   15.55253  530  164   17.00000   15.00000  11.8%   133 24358s
 1065825 947583   15.55461  535  159   17.00000   15.00000  11.8%   133 24363s
 1065905 947767   15.55761  541  162   17.00000   15.00000  11.8%   133 24369s
 1066110 948410   15.56001  547  163   17.00000   15.00000  11.8%   133 24376s
 1066784 948899   15.56296  553  160   17.00000   15.00000  11.8%   133 24383s
 1067273 949617   15.56833  559  162   17.00000   15.00000  11.8%   133 24392s
 1067991 950608   15.57101  566  164   17.00000   15.00000  11.8%   133 24402s
 1068984 951559   15.57276  571  164   17.00000   15.00000  11.8%   133 24413s
 1069939 951853   15.58127  579  164   17.00000   15.00000  11.8%   133 24421s
 1070233 952802   15.58625  585  162   17.00000   15.00000  11.8%   133 24432s
 1071183 953763   15.59059  591  164   17.00000   15.00000  11.8%   133 24444s
 1072169 954408   15.59543  598  163   17.00000   15.00000  11.8%   133 24454s
 1072827 955432   15.59625  606  162   17.00000   15.00000  11.8%   133 24466s
 1073883 956311   15.60602  614  156   17.00000   15.00000  11.8%   132 24476s
 1074847 956494   15.87243  622  144   17.00000   15.00000  11.8%   132 24485s
 1075034 956990   15.61111  627  162   17.00000   15.00000  11.8%   132 24495s
 1075553 957527   15.62154  636  158   17.00000   15.00000  11.8%   132 24506s
 1076096 958554   15.62891  645  156   17.00000   15.00000  11.8%   132 24528s
 1077145 958561     cutoff  658        17.00000   15.00000  11.8%   132 24559s
 1077154 958568   15.92384  659  151   17.00000   15.00000  11.8%   132 24576s
 1077162 958576   15.63711  660  149   17.00000   15.00000  11.8%   132 24604s
 1077170 958583     cutoff  660        17.00000   15.00000  11.8%   132 24633s
 1077179 958608     cutoff  661        17.00000   15.00000  11.8%   132 24651s
 1077206 958695   15.85338  662  147   17.00000   15.00000  11.8%   132 24672s
 1077297 959037   15.64243  669  153   17.00000   15.00000  11.8%   132 24696s
 1077661 959180   15.65405  695  151   17.00000   15.00000  11.8%   132 24717s
 1077840 959346   15.67232  730  157   17.00000   15.00000  11.8%   132 24742s
 1078063 959736   15.69462  774  163   17.00000   15.00000  11.8%   133 24774s
 1078522 961885   15.72198  828  158   17.00000   15.00000  11.8%   133 24817s
 1080775 963839   15.75507  902  155   17.00000   15.00000  11.8%   133 24845s
 1082823 964597   15.99372  952  137   17.00000   15.00000  11.8%   132 24863s
 1083697 965522   15.79021 1003  154   17.00000   15.00000  11.8%   132 24883s
 1084757 966857   15.82219 1076  153   17.00000   15.00000  11.8%   132 24903s
 1086326 967825   15.87143 1181  150   17.00000   15.00000  11.8%   132 24919s
 1087602 969189   15.93941 1335  147   17.00000   15.00000  11.8%   132 24938s
 1089224 970005   15.38938   95  157   17.00000   15.00000  11.8%   132 24950s
 1090056 971021   15.55977  211  162   17.00000   15.00000  11.8%   132 24962s
 1091093 973710   15.69156  362  155   17.00000   15.00000  11.8%   132 24985s
 1093822 974143   15.00000   46  140   17.00000   15.00000  11.8%   132 24991s
 1094278 974641   15.00000   48  153   17.00000   15.00000  11.8%   132 24998s
 1094788 975251   15.00000   56  147   17.00000   15.00000  11.8%   132 25006s
 1095419 975968   15.00000   61  154   17.00000   15.00000  11.8%   132 25016s
 1096187 976328   15.00000   70  151   17.00000   15.00000  11.8%   132 25024s
 1096569 976882   15.00000   76  157   17.00000   15.00000  11.8%   132 25034s
 1097137 977679   15.00000   86  153   17.00000   15.00000  11.8%   132 25045s
 1097954 978191   15.03513  101  167   17.00000   15.00000  11.8%   132 25053s
 1098511 978336   15.07419  130  172   17.00000   15.00000  11.8%   132 25060s
 1098658 978530   15.13757  189  165   17.00000   15.00000  11.8%   132 25066s
 1098856 978736   15.26435  262  169   17.00000   15.00000  11.8%   132 25073s
 1099064 979041   15.33954  373  164   17.00000   15.00000  11.8%   132 25080s
 1099375 979300   15.47676  513  165   17.00000   15.00000  11.8%   132 25087s
 1099642 979688   15.56451  663  159   17.00000   15.00000  11.8%   132 25097s
 1100035 980311   15.68243  871  152   17.00000   15.00000  11.8%   132 25109s
 1100666 980811   15.84314 1267  158   17.00000   15.00000  11.8%   132 25119s
 1101187 981067   15.00000   89  146   17.00000   15.00000  11.8%   132 25128s
 1101455 981343   15.00000  100  151   17.00000   15.00000  11.8%   132 25139s
 1101748 981669   15.19565  106  167   17.00000   15.00000  11.8%   132 25150s
 1102130 981851   15.00061   79  175   17.00000   15.00000  11.8%   132 25160s
 1102326 982299   15.02811   99  177   17.00000   15.00000  11.8%   132 25173s
 1102790 982958   15.07342  155  178   17.00000   15.00000  11.8%   132 25184s
 1103479 983493   15.11906  226  183   17.00000   15.00000  11.8%   132 25194s
 1104092 983807   15.24236  284  188   17.00000   15.00000  11.8%   132 25205s
 1104460 984174   15.28167  379  188   17.00000   15.00000  11.8%   132 25218s
 1104884 984497   15.31819  472  188   17.00000   15.00000  11.8%   132 25230s
 1105258 984964   15.34482  572  188   17.00000   15.00000  11.8%   132 25244s
 1105819 985801   15.37326  705  189   17.00000   15.00000  11.8%   132 25267s
 1106850 986617   15.41430  913  194   17.00000   15.00000  11.8%   132 25285s
 1107904 987646   15.44158 1037  191   17.00000   15.00000  11.8%   132 25301s
 1109065 988518   15.47377 1204  185   17.00000   15.00000  11.8%   132 25314s
 1109993 988770   15.50866 1355  185   17.00000   15.00000  11.8%   132 25324s
 1110245 989040   15.53890 1503  178   17.00000   15.00000  11.8%   132 25334s
 1110515 989618   15.57732 1641  182   17.00000   15.00000  11.8%   132 25345s
 1111095 990228   15.62062 1870  175   17.00000   15.00000  11.8%   132 25356s
 1111707 991110   15.68936 2080  179   17.00000   15.00000  11.8%   132 25370s
 1112594 992160   15.79045 2529  165   17.00000   15.00000  11.8%   132 25385s
 1113652 992754   16.00000 3141  148   17.00000   15.00000  11.8%   132 25395s
 1114266 993377   16.00000 3285  142   17.00000   15.00000  11.8%   132 25406s
 1114931 994071   16.00000 3394  158   17.00000   15.00000  11.8%   132 25419s
 1115679 994450   15.00000   79  130   17.00000   15.00000  11.8%   132 25432s
 1116120 994738   15.45953   89  117   17.00000   15.00000  11.8%   132 25443s
 1116486 995099   15.30419   76  175   17.00000   15.00000  11.8%   132 25455s
 1116856 995525   15.40654  198  171   17.00000   15.00000  11.8%   132 25467s
 1117296 995771   15.51324  350  162   17.00000   15.00000  11.8%   132 25481s
 1117566 996317   15.53932  413  156   17.00000   15.00000  11.8%   132 25495s
 1118136 996700   15.61994  585  154   17.00000   15.00000  11.8%   132 25511s
 1118535 997988   15.66665  670  153   17.00000   15.00000  11.8%   132 25532s
 1119868 998579   15.88598 1345  142   17.00000   15.00000  11.8%   132 25548s
 1120496 999301   15.60894  149  166   17.00000   15.00000  11.8%   132 25571s
 1121278 999782   15.00000  105  136   17.00000   15.00000  11.8%   132 25587s
 1121793 1000278   15.16608  124  162   17.00000   15.00000  11.8%   132 25608s
 1122373 1001490   15.03181   68  172   17.00000   15.00000  11.8%   132 25633s
 1123717 1002302   15.22729  250  177   17.00000   15.00000  11.8%   132 25649s
 1124726 1003306   15.77078  483  159   17.00000   15.00000  11.8%   132 25666s
 1126040 1004291   15.00000   87  158   17.00000   15.00000  11.8%   132 25684s
 1127323 1005423   15.00000  105  162   17.00000   15.00000  11.8%   132 25701s
 1129101 1005972   15.00000  120  167   17.00000   15.00000  11.8%   132 25714s
 1129846 1006549   15.04154  177  178   17.00000   15.00000  11.8%   132 25726s
 1130879 1006917   15.07912  297  187   17.00000   15.00000  11.8%   132 25737s
 1131305 1007671   15.09510  346  186   17.00000   15.00000  11.8%   132 25750s
 1132159 1008997   15.11106  408  189   17.00000   15.00000  11.8%   132 25768s
 1133619 1009600   15.13934  552  197   17.00000   15.00000  11.8%   132 25781s
 1134365 1010243   15.16204  622  200   17.00000   15.00000  11.8%   132 25794s
 1135226 1010835   15.19706  731  199   17.00000   15.00000  11.8%   132 25813s
 1136106 1011740   15.23985  906  190   17.00000   15.00000  11.8%   132 25829s
 1137033 1011970   15.32587 1037  186   17.00000   15.00000  11.8%   132 25843s
 1137265 1012454   15.33098 1057  193   17.00000   15.00000  11.8%   132 25859s
 1137779 1013280   15.37784 1178  184   17.00000   15.00000  11.8%   132 25879s
 1138637 1014678   15.43997 1321  181   17.00000   15.00000  11.8%   132 25902s
 1140060 1015573   15.52395 1613  179   17.00000   15.00000  11.8%   132 25921s
 1140981 1016647   15.54645 1696  167   17.00000   15.00000  11.8%   132 25935s
 1142110 1017559   15.59648 1888  169   17.00000   15.00000  11.8%   132 25950s
 1143036 1018417   15.69724 2279  166   17.00000   15.00000  11.8%   132 25965s
 1143916 1018763   15.78986 2689  167   17.00000   15.00000  11.8%   132 25980s
 1144274 1020004   15.86110 2877  166   17.00000   15.00000  11.8%   132 25998s
 1145535 1020480   15.34157   93  170   17.00000   15.00000  11.8%   131 26015s
 1146027 1021065   15.35543   94  175   17.00000   15.00000  11.8%   131 26030s
 1146624 1021838   15.35802   95  170   17.00000   15.00000  11.8%   131 26044s
 1147397 1023077   15.35802   96  170   17.00000   15.00000  11.8%   131 26064s
 1148644 1023841   15.35972   97  169   17.00000   15.00000  11.8%   131 26086s
 1149408 1024559   15.41470  137  168   17.00000   15.00000  11.8%   131 26102s
 1150147 1025365   15.60105  330  164   17.00000   15.00000  11.8%   131 26125s
 1150963 1025969   15.86220  948  160   17.00000   15.00000  11.8%   131 26147s
 1151602 1026493   15.49972  137  163   17.00000   15.00000  11.8%   131 26168s
 1152150 1027202   15.01971   71  179   17.00000   15.00000  11.8%   131 26190s
 1152909 1027839   15.17463  200  177   17.00000   15.00000  11.8%   131 26211s
 1153564 1027847   15.31764  353  175   17.00000   15.00000  11.8%   131 26242s
 1153572 1028071   15.31764  354  174   17.00000   15.00000  11.8%   131 26268s
 1153796 1029113   15.31953  358  178   17.00000   15.00000  11.8%   131 26294s
 1154846 1030859   15.40882  547  170   17.00000   15.00000  11.8%   131 26318s
 1156627 1032939   15.57936 1083  151   17.00000   15.00000  11.8%   131 26340s
 1158748 1034730   15.77855 1944  154   17.00000   15.00000  11.8%   131 26354s
 1160608 1036576   15.89239 2815  149   17.00000   15.00000  11.8%   131 26370s
 1162488 1037583   16.00000  101  115   17.00000   15.00000  11.8%   131 26382s
 1163529 1038403   16.00000  127  123   17.00000   15.00000  11.8%   131 26394s
 1164386 1038784   15.30691  133  164   17.00000   15.00000  11.8%   131 26406s
 1164785 1040318   15.35587  181  157   17.00000   15.00000  11.8%   131 26427s
 1166413 1041342   15.06059  128  170   17.00000   15.00000  11.8%   131 26439s
 1167461 1042001   15.15466  202  163   17.00000   15.00000  11.8%   131 26448s
 1168153 1042156   15.24304  282  171   17.00000   15.00000  11.8%   131 26455s
 1168331 1042364   15.32787  345  173   17.00000   15.00000  11.8%   131 26464s
 1168570 1042639   15.41705  451  167   17.00000   15.00000  11.8%   131 26472s
 1168865 1043043   15.48487  577  168   17.00000   15.00000  11.8%   131 26482s
 1169311 1043622   15.62058  760  168   17.00000   15.00000  11.8%   131 26495s
 1169939 1044283   15.80854 1104  166   17.00000   15.00000  11.8%   131 26509s
 1170640 1044558   15.94698 1475  164   17.00000   15.00000  11.8%   131 26520s
 1170972 1045096     cutoff   79        17.00000   15.00000  11.8%   131 26532s
 1171552 1045577     cutoff  128        17.00000   15.00000  11.8%   131 26543s
 1172093 1046193   16.00000  175  112   17.00000   15.00000  11.8%   131 26555s
 1172758 1046799   16.00000  217  120   17.00000   15.00000  11.8%   131 26567s
 1173418 1047568   16.00000  270  120   17.00000   15.00000  11.8%   131 26581s
 1174256 1047771     cutoff  291        17.00000   15.00000  11.8%   131 26593s
 1174500 1048741   15.00000   63  161   17.00000   15.00000  11.8%   131 26609s
 1175524 1050390   15.00326   71  175   17.00000   15.00000  11.8%   131 26628s
 1177293 1051286   15.07537  139  177   17.00000   15.00000  11.8%   131 26642s
 1178300 1052477   15.12553  204  176   17.00000   15.00000  11.8%   131 26656s
 1179635 1053295   15.16522  282  178   17.00000   15.00000  11.8%   131 26674s
 1180665 1053677   15.21343  422  180   17.00000   15.00000  11.8%   131 26686s
 1181181 1054708   15.23277  482  179   17.00000   15.00000  11.8%   131 26700s
 1182563 1055114   15.27760  612  180   17.00000   15.00000  11.8%   131 26712s
 1183183 1055820   15.29773  678  177   17.00000   15.00000  11.8%   131 26724s
 1184404 1056480   15.31705  736  183   17.00000   15.00000  11.8%   130 26735s
 1185150 1057734   15.34691  841  177   17.00000   15.00000  11.8%   130 26751s
 1186491 1058802   15.37997  950  172   17.00000   15.00000  11.8%   130 26763s
 1187628 1059907   15.41648 1047  180   17.00000   15.00000  11.8%   130 26775s
 1188789 1061172   15.45129 1143  187   17.00000   15.00000  11.8%   130 26788s
 1190145 1061977   15.47827 1263  185   17.00000   15.00000  11.8%   130 26801s
 1191028 1062716   15.49972 1378  175   17.00000   15.00000  11.8%   130 26812s
 1191842 1063335   15.51612 1491  165   17.00000   15.00000  11.8%   130 26824s
 1192523 1064064   15.53621 1616  175   17.00000   15.00000  11.8%   130 26835s
 1193325 1064319   15.57368 1755  158   17.00000   15.00000  11.8%   130 26849s
 1193626 1064449   15.59250 1802  162   17.00000   15.00000  11.8%   130 26873s
 1193758 1064611   15.59304 1803  161   17.00000   15.00000  11.8%   130 26884s
 1193922 1064804   15.59381 1804  153   17.00000   15.00000  11.8%   130 26903s
 1194117 1065188   15.59399 1805  154   17.00000   15.00000  11.8%   130 26932s
 1194503 1067056   15.59412 1806  153   17.00000   15.00000  11.8%   130 26975s
 1196493 1068867   15.59412 1807  153   17.00000   15.00000  11.8%   130 26997s
 1198491 1070101   15.68901 2188  158   17.00000   15.00000  11.8%   130 27011s
 1199929 1071321   15.79405 2659  157   17.00000   15.00000  11.8%   130 27027s
 1201551 1071328   15.89725 3495  159   17.00000   15.00000  11.8%   130 27042s
 1201560 1071335   15.89725 3496  159   17.00000   15.00000  11.8%   130 27064s
 1201569 1071341   15.89775 3497  164   17.00000   15.00000  11.8%   130 27073s
 1201579 1071348   15.89784 3498  164   17.00000   15.00000  11.8%   130 27097s
 1201588 1071353   15.89791 3499  161   17.00000   15.00000  11.8%   130 27114s
 1201599 1071360   15.89792 3500  161   17.00000   15.00000  11.8%   130 27138s
 1201608 1071437   15.89808 3501  163   17.00000   15.00000  11.8%   130 27156s
 1201687 1071963   15.89838 3502  157   17.00000   15.00000  11.8%   130 27169s
 1202290 1073317   15.91708 3601  158   17.00000   15.00000  11.8%   130 27183s
 1203699 1073756   15.46309   71  152   17.00000   15.00000  11.8%   130 27193s
 1204240 1074478   15.22735   77  163   17.00000   15.00000  11.8%   130 27204s
 1205086 1075214   15.25071   83  174   17.00000   15.00000  11.8%   130 27215s
 1206009 1075353   15.25933   89  171   17.00000   15.00000  11.8%   130 27225s
 1206282 1075877   15.50921   92  158   17.00000   15.00000  11.8%   130 27237s
 1207017 1076488   15.27210   98  173   17.00000   15.00000  11.8%   130 27249s
 1207889 1077206   15.28316  104  165   17.00000   15.00000  11.8%   130 27262s
 1208992 1077642   15.28933  109  168   17.00000   15.00000  11.8%   129 27281s
 1210223 1078062   15.30922  121  160   17.00000   15.00000  11.8%   129 27292s
 1210844 1078813   15.32024  128  171   17.00000   15.00000  11.8%   129 27305s
 1211599 1079590   15.32642  135  173   17.00000   15.00000  11.8%   129 27318s
 1212403 1080223   15.33561  144  169   17.00000   15.00000  11.8%   129 27330s
 1213090 1080826   15.35528  153  168   17.00000   15.00000  11.8%   129 27343s
 1213715 1081933   15.36285  162  173   17.00000   15.00000  11.8%   129 27357s
 1214871 1082538   15.36868  171  172   17.00000   15.00000  11.8%   129 27368s
 1215548 1083227   15.37987  180  173   17.00000   15.00000  11.8%   129 27382s
 1216334 1084258   15.38862  190  171   17.00000   15.00000  11.8%   129 27399s
 1217430 1084617   15.39382  200  171   17.00000   15.00000  11.8%   129 27410s
 1217919 1084956   16.00000  208  150   17.00000   15.00000  11.8%   129 27423s
 1218530 1085680   15.43302  215  178   17.00000   15.00000  11.8%   129 27437s
 1219365 1086260   15.43554  223  176   17.00000   15.00000  11.8%   129 27447s
 1220009 1086907   15.44217  232  179   17.00000   15.00000  11.8%   129 27458s
 1220706 1087513   16.00000  240  144   17.00000   15.00000  11.8%   129 27472s
 1221354 1088321   15.45797  247  177   17.00000   15.00000  11.8%   129 27488s
 1222202 1089539   15.46955  256  182   17.00000   15.00000  11.8%   129 27506s
 1223454 1090998   15.47777  265  182   17.00000   15.00000  11.8%   129 27528s
 1225023 1091255   15.48587  276  179   17.00000   15.00000  11.8%   129 27536s
 1225339 1091522   15.48711  279  173   17.00000   15.00000  11.8%   129 27545s
 1225622 1091955   15.49223  284  178   17.00000   15.00000  11.8%   129 27558s
 1226079 1092657   15.49717  291  174   17.00000   15.00000  11.8%   129 27573s
 1226807 1093776   15.50070  299  173   17.00000   15.00000  11.8%   129 27591s
 1227967 1094523   15.51682  307  174   17.00000   15.00000  11.8%   129 27604s
 1228772 1095318   15.52004  315  170   17.00000   15.00000  11.8%   129 27618s
 1229619 1095797   15.52442  322  173   17.00000   15.00000  11.8%   129 27629s
 1230100 1096541   15.53104  328  172   17.00000   15.00000  11.8%   129 27644s
 1230860 1097103   15.82650  335  155   17.00000   15.00000  11.8%   129 27657s
 1231422 1098215   15.75175  343  149   17.00000   15.00000  11.8%   129 27673s
 1232568 1098974   15.54407  352  170   17.00000   15.00000  11.8%   129 27687s
 1233355 1099469   15.54565  359  174   17.00000   15.00000  11.8%   129 27698s
 1233856 1100228   15.72856  364  161   17.00000   15.00000  11.8%   129 27712s
 1234617 1100963   15.54766  373  167   17.00000   15.00000  11.8%   129 27723s
 1235386 1101732   15.55028  382  173   17.00000   15.00000  11.8%   129 27737s
 1236159 1102571   15.55640  392  170   17.00000   15.00000  11.8%   129 27750s
 1237020 1103156   15.78122  401  154   17.00000   15.00000  11.8%   129 27762s
 1237619 1103878   15.56814  412  167   17.00000   15.00000  11.8%   129 27776s
 1238349 1105513   15.57346  420  169   17.00000   15.00000  11.8%   129 27801s
 1240015 1106125   15.57842  432  170   17.00000   15.00000  11.8%   129 27811s
 1240650 1106450   15.57978  439  171   17.00000   15.00000  11.8%   129 27821s
 1240985 1106734   15.58237  444  170   17.00000   15.00000  11.8%   129 27832s
 1241294 1107341   15.58636  451  165   17.00000   15.00000  11.8%   129 27845s
 1241956 1108251   15.58967  458  167   17.00000   15.00000  11.8%   129 27860s
 1242872 1109569   15.59130  466  172   17.00000   15.00000  11.8%   129 27877s
 1244194 1110106   15.59577  475  168   17.00000   15.00000  11.8%   129 27888s
 1244757 1110337   15.59955  484  166   17.00000   15.00000  11.8%   129 27898s
 1245022 1110646   15.60365  492  170   17.00000   15.00000  11.8%   129 27908s
 1245339 1111110     cutoff  500        17.00000   15.00000  11.8%   129 27917s
 1245817 1111781   15.61033  508  165   17.00000   15.00000  11.8%   129 27927s
 1246506 1112417   15.61363  518  163   17.00000   15.00000  11.8%   129 27939s
 1247149 1113576   15.61837  527  165   17.00000   15.00000  11.8%   129 27957s
 1248318 1114178   15.62135  535  163   17.00000   15.00000  11.8%   129 27967s
 1248963 1114713   15.62609  546  166   17.00000   15.00000  11.8%   129 27977s
 1249510 1115473   15.62984  556  170   17.00000   15.00000  11.8%   129 27991s
 1250274 1116383   15.63504  568  167   17.00000   15.00000  11.8%   129 28003s
 1251223 1117056   15.63926  580  160   17.00000   15.00000  11.8%   129 28014s
 1251918 1117414   15.64257  590  168   17.00000   15.00000  11.8%   129 28025s
 1252300 1118242   15.64587  602  168   17.00000   15.00000  11.8%   129 28039s
 1253152 1119938   15.65338  615  170   17.00000   15.00000  11.8%   129 28058s
 1254876 1120833   15.66536  633  165   17.00000   15.00000  11.8%   129 28068s
 1255800 1121187   15.66779  639  163   17.00000   15.00000  11.8%   129 28075s
 1256188 1121584   15.67043  645  157   17.00000   15.00000  11.8%   129 28082s
 1256613 1122057   15.67230  652  158   17.00000   15.00000  11.8%   129 28092s
 1257104 1122783   15.67295  658  163   17.00000   15.00000  11.8%   129 28105s
 1257832 1123052     cutoff  667        17.00000   15.00000  11.8%   129 28115s
 1258172 1124143   15.67856  677  161   17.00000   15.00000  11.8%   129 28131s
 1259281 1124494   15.68841  685  169   17.00000   15.00000  11.8%   129 28141s
 1259666 1125301   15.95487  693  154   17.00000   15.00000  11.8%   129 28154s
 1260487 1126523   15.70956  703  172   17.00000   15.00000  11.8%   129 28170s
 1261723 1127689   15.72331  712  168   17.00000   15.00000  11.8%   128 28186s
 1262946 1128008   15.72577  722  171   17.00000   15.00000  11.8%   128 28195s
 1263289 1128791   15.73232  732  169   17.00000   15.00000  11.8%   128 28208s
 1264116 1129146   15.73754  744  167   17.00000   15.00000  11.8%   128 28217s
 1264515 1129424   15.74258  754  170   17.00000   15.00000  11.8%   128 28227s
 1264842 1129938   15.74724  768  170   17.00000   15.00000  11.8%   128 28238s
 1265396 1130878   15.75225  780  176   17.00000   15.00000  11.8%   128 28252s
 1266393 1131124   15.75564  794  175   17.00000   15.00000  11.8%   128 28261s
 1266674 1131874   15.76189  808  170   17.00000   15.00000  11.8%   128 28275s
 1267502 1132392   15.76810  820  172   17.00000   15.00000  11.8%   128 28287s
 1268081 1133286   15.78361  837  170   17.00000   15.00000  11.8%   128 28305s
 1269101 1133536   15.79789  869  166   17.00000   15.00000  11.8%   128 28316s
 1269465 1134580   15.81033  898  170   17.00000   15.00000  11.8%   128 28334s
 1270682 1134892   15.83044  933  169   17.00000   15.00000  11.8%   128 28347s
 1271212 1135367     cutoff  977        17.00000   15.00000  11.8%   128 28359s
 1272001 1135427   15.86975 1056  163   17.00000   15.00000  11.8%   128 28375s
 1272089 1135432     cutoff 1061        17.00000   15.00000  11.8%   129 28394s
 1272100 1135437     cutoff 1062        17.00000   15.00000  11.8%   129 28420s
 1272111 1135442     cutoff 1063        17.00000   15.00000  11.8%   129 28454s
 1272122 1135571     cutoff 1064        17.00000   15.00000  11.8%   129 28471s
 1272449 1135808   15.90564 1105  175   17.00000   15.00000  11.8%   129 28491s
 1273217 1136209     cutoff 1216        17.00000   15.00000  11.8%   129 28509s
 1273898 1137519   15.00000   74  146   17.00000   15.00000  11.8%   129 28529s
 1275264 1138477   15.07589  142  171   17.00000   15.00000  11.8%   128 28545s
 1276262 1139913   15.18611  277  178   17.00000   15.00000  11.8%   128 28562s
 1277742 1140380   15.29068  402  179   17.00000   15.00000  11.8%   128 28580s
 1278225 1140482   15.29068  403  178   17.00000   15.00000  11.8%   128 28598s
 1278337 1140719   15.29143  404  179   17.00000   15.00000  11.8%   128 28615s
 1278600 1141205   15.29243  405  179   17.00000   15.00000  11.8%   128 28632s
 1279120 1142553   15.33696  460  176   17.00000   15.00000  11.8%   128 28649s
 1280530 1143412   15.43211  614  184   17.00000   15.00000  11.8%   128 28666s
 1281450 1144163   15.50737  761  184   17.00000   15.00000  11.8%   128 28679s
 1282286 1144990   15.58043  910  178   17.00000   15.00000  11.8%   128 28692s
 1283155 1146776   15.66660 1105  166   17.00000   15.00000  11.8%   128 28714s
 1284971 1147460   15.85295 1464  163   17.00000   15.00000  11.8%   128 28723s
 1285683 1148294   15.93184 1747  164   17.00000   15.00000  11.8%   128 28731s
 1286562 1149090   15.27487   91  162   17.00000   15.00000  11.8%   128 28740s
 1287374 1149976   15.40684  132  170   17.00000   15.00000  11.8%   128 28750s
 1288303 1150752   15.51516  205  168   17.00000   15.00000  11.8%   128 28761s
 1289114 1151457   15.64583  301  163   17.00000   15.00000  11.8%   128 28771s
 1289831 1152025   15.77548  418  163   17.00000   15.00000  11.8%   128 28781s
 1290476 1152382   15.93683  599  172   17.00000   15.00000  11.8%   128 28790s
 1290908 1152791   15.13046   95  167   17.00000   15.00000  11.8%   128 28800s
 1291343 1153366   15.17373  119  174   17.00000   15.00000  11.8%   128 28812s
 1291934 1154135   15.22236  156  181   17.00000   15.00000  11.8%   128 28822s
 1292743 1154871   15.28788  207  181   17.00000   15.00000  11.8%   128 28834s
 1293525 1155410   15.36441  273  182   17.00000   15.00000  11.8%   128 28844s
 1294072 1156248   15.40604  342  183   17.00000   15.00000  11.8%   128 28856s
 1294946 1156954   15.45557  412  183   17.00000   15.00000  11.8%   128 28868s
 1295682 1157289   15.51342  505  186   17.00000   15.00000  11.8%   128 28878s
 1296069 1157724   15.55407  579  177   17.00000   15.00000  11.8%   128 28888s
 1296558 1158364   15.61940  697  177   17.00000   15.00000  11.8%   128 28897s
 1297237 1159271   15.67504  850  172   17.00000   15.00000  11.8%   128 28907s
 1298174 1161849   15.78394 1011  153   17.00000   15.00000  11.8%   128 28933s
 1300885 1162239   15.00000   52  136   17.00000   15.00000  11.8%   128 28939s
 1301323 1162356   15.00000   54  153   17.00000   15.00000  11.8%   128 28945s
 1301454 1162502   15.00000   63  148   17.00000   15.00000  11.8%   128 28950s
 1301614 1162702   15.19247   73  161   17.00000   15.00000  11.8%   128 28957s
 1301830 1162987   16.00000  100   98   17.00000   15.00000  11.8%   128 28964s
 1302145 1163355   16.00000  117  129   17.00000   15.00000  11.8%   128 28972s
 1302543 1163630   15.28278   95  155   17.00000   15.00000  11.8%   128 28979s
 1302852 1163916   15.35434  109  166   17.00000   15.00000  11.8%   128 28986s
 1303164 1164314   15.50574  214  167   17.00000   15.00000  11.8%   128 28994s
 1303583 1164871   15.64027  352  163   17.00000   15.00000  11.8%   128 29004s
 1304170 1165589   15.73974  556  161   17.00000   15.00000  11.8%   128 29016s
 1304918 1166087   15.93284  918  163   17.00000   15.00000  11.8%   128 29026s
 1305470 1166739     cutoff   69        17.00000   15.00000  11.8%   128 29038s
 1306189 1167074   15.16508   74  159   17.00000   15.00000  11.8%   127 29045s
 1306564 1167564   15.25186   92  155   17.00000   15.00000  11.8%   128 29055s
 1307098 1168345   15.06527   82  160   17.00000   15.00000  11.8%   127 29066s
 1307927 1169353   15.15962  149  166   17.00000   15.00000  11.8%   127 29079s
 1308986 1170481   15.25574  251  171   17.00000   15.00000  11.8%   127 29097s
 1310146 1171185   15.36158  345  171   17.00000   15.00000  11.8%   127 29109s
 1310911 1171621   15.41502  425  167   17.00000   15.00000  11.8%   127 29119s
 1311387 1172089   15.54375  568  177   17.00000   15.00000  11.8%   127 29129s
 1311893 1172698   15.61972  726  172   17.00000   15.00000  11.8%   127 29141s
 1312536 1173429   15.71550  932  167   17.00000   15.00000  11.8%   127 29154s
 1313329 1174479   15.85452 1223  166   17.00000   15.00000  11.8%   127 29174s
 1314483 1174979   16.00000  103  135   17.00000   15.00000  11.8%   127 29185s
 1315061 1175602   16.00000  125  135   17.00000   15.00000  11.8%   127 29199s
 1315781 1176464   16.00000  153  131   17.00000   15.00000  11.8%   127 29214s
 1316735 1177683   15.20671   82  179   17.00000   15.00000  11.8%   127 29230s
 1318044 1179431   15.34026  173  175   17.00000   15.00000  11.8%   127 29247s
 1319886 1180439   15.44151  282  170   17.00000   15.00000  11.8%   127 29261s
 1320976 1180447   15.51099  397  177   17.00000   15.00000  11.8%   127 29277s
 1320984 1180468   15.51165  398  171   17.00000   15.00000  11.8%   127 29301s
 1321009 1180834   15.51219  399  176   17.00000   15.00000  11.8%   127 29317s
 1321403 1180893   15.51261  400  167   17.00000   15.00000  11.8%   127 29327s
 1321487 1180998   15.51286  401  168   17.00000   15.00000  11.8%   127 29342s
 1321604 1181207   15.51374  402  167   17.00000   15.00000  11.8%   127 29352s
 1321900 1181557   15.51397  403  159   17.00000   15.00000  11.8%   127 29361s
 1322326 1182227   15.51513  404  165   17.00000   15.00000  11.8%   127 29372s
 1323115 1182803   15.51617  405  170   17.00000   15.00000  11.8%   127 29384s
 1323848 1183208   15.55463  472  171   17.00000   15.00000  11.8%   127 29398s
 1324389 1183807   15.63748  665  157   17.00000   15.00000  11.8%   127 29410s
 1325172 1184818   15.73706  937  161   17.00000   15.00000  11.8%   127 29424s
 1326377 1185626   15.89799 1380  155   17.00000   15.00000  11.8%   127 29436s
 1327440 1186013   15.00000   73  158   17.00000   15.00000  11.8%   127 29446s
 1328163 1186939   15.03939  100  178   17.00000   15.00000  11.8%   127 29466s
 1329107 1188211   15.13996  184  181   17.00000   15.00000  11.8%   127 29484s
 1330383 1189677   15.21267  285  184   17.00000   15.00000  11.8%   127 29502s
 1331869 1190210   15.27271  369  182   17.00000   15.00000  11.8%   127 29512s
 1332431 1190469   15.31649  422  178   17.00000   15.00000  11.8%   127 29522s
 1332727 1190757   15.34536  468  177   17.00000   15.00000  11.8%   127 29530s
 1333015 1191046   15.40473  542  187   17.00000   15.00000  11.8%   127 29540s
 1333304 1191447   15.45054  612  182   17.00000   15.00000  11.8%   127 29550s
 1333705 1191914   15.50162  708  176   17.00000   15.00000  11.8%   127 29562s
 1334174 1192508   15.56803  822  178   17.00000   15.00000  11.8%   127 29575s
 1334768 1193213   15.63949  970  176   17.00000   15.00000  11.8%   127 29589s
 1335475 1194118   15.71452 1132  174   17.00000   15.00000  11.8%   127 29604s
 1336382 1195769   15.81285 1377  166   17.00000   15.00000  11.8%   127 29622s
 1338035 1196900   15.93028 1866  152   17.00000   15.00000  11.8%   127 29633s
 1339202 1197671   15.14164   63  156   17.00000   15.00000  11.8%   127 29646s
 1339973 1198723   15.16196   90  179   17.00000   15.00000  11.8%   127 29662s
 1341025 1200054   15.23205  147  173   17.00000   15.00000  11.8%   127 29674s
 1342360 1200683   15.31334  222  183   17.00000   15.00000  11.8%   126 29683s
 1343014 1201957   15.35160  307  177   17.00000   15.00000  11.8%   126 29702s
 1344303 1202799   15.40360  491  177   17.00000   15.00000  11.8%   126 29715s
 1345151 1203754   15.43061  605  175   17.00000   15.00000  11.8%   126 29728s
 1346140 1204037   15.46369  744  172   17.00000   15.00000  11.8%   126 29737s
 1346451 1204370   15.48575  857  173   17.00000   15.00000  11.8%   126 29747s
 1346784 1204916   15.51169 1005  163   17.00000   15.00000  11.8%   126 29759s
 1347362 1205726   15.55583 1202  169   17.00000   15.00000  11.8%   126 29772s
 1348203 1207362   15.60172 1480  154   17.00000   15.00000  11.8%   126 29791s
 1349893 1208588   15.68762 1914  156   17.00000   15.00000  11.8%   126 29807s
 1351138 1209475   15.75251 2370  151   17.00000   15.00000  11.8%   126 29822s
 1352033 1210482   15.82744 3135  154   17.00000   15.00000  11.8%   126 29837s
 1353062 1211215   15.89996 4009  153   17.00000   15.00000  11.8%   126 29850s
 1353844 1211651   15.54402   92  155   17.00000   15.00000  11.8%   126 29861s
 1354355 1211975   15.85624  283  152   17.00000   15.00000  11.8%   126 29872s
 1354729 1212099   15.25544   34  166   17.00000   15.00000  11.8%   126 29882s
 1354865 1212252   16.00000   61  115   17.00000   15.00000  11.8%   126 29893s
 1355047 1212397     cutoff   85        17.00000   15.00000  11.8%   126 29903s
 1355219 1212540   16.00000  115  114   17.00000   15.00000  11.8%   126 29914s
 1355396 1212699   16.00000  150  127   17.00000   15.00000  11.8%   126 29924s
 1355593 1212877   16.00000  186  112   17.00000   15.00000  11.8%   126 29934s
 1355809 1213044   16.00000  211  116   17.00000   15.00000  11.8%   126 29945s
 1356022 1213246   16.00000  241  135   17.00000   15.00000  11.8%   126 29955s
 1356283 1213405   16.00000  268  110   17.00000   15.00000  11.8%   126 29966s
 1356526 1213552   16.00000  299  124   17.00000   15.00000  11.8%   126 29978s
 1356761 1213654   16.00000  325  122   17.00000   15.00000  11.8%   127 29988s
 1356935 1213785   16.00000  340  121   17.00000   15.00000  11.8%   127 29998s
 1357168 1213932   16.00000  376  132   17.00000   15.00000  11.8%   127 30008s
 1357425 1214059   16.00000  415  134   17.00000   15.00000  11.8%   127 30019s
 1357726 1214226     cutoff  443        17.00000   15.00000  11.8%   127 30035s
 1358071 1214978   16.00000  475  137   17.00000   15.00000  11.8%   127 30068s
 1359621 1215769   16.00000  111  127   17.00000   15.00000  11.8%   127 30087s
 1360818 1217142   15.43530  145  173   17.00000   15.00000  11.8%   127 30109s
 1362824 1218429   15.74484  354  172   17.00000   15.00000  11.8%   127 30128s
 1364192 1219103   15.35042   56  153   17.00000   15.00000  11.8%   127 30141s
 1364930 1220137   15.85200  292  137   17.00000   15.00000  11.8%   127 30155s
 1366073 1220691   15.29803   97  176   17.00000   15.00000  11.8%   127 30169s
 1366679 1220699   15.41445  172  188   17.00000   15.00000  11.8%   127 30196s
 1366687 1220705   15.41449  173  188   17.00000   15.00000  11.8%   127 30232s
 1366697 1220712   15.41484  174  183   17.00000   15.00000  11.8%   127 30270s
 1366706 1220719   15.41564  175  185   17.00000   15.00000  11.8%   127 30298s
 1366715 1220727   15.41822  176  190   17.00000   15.00000  11.8%   127 30329s
 1366765 1220783   15.41885  177  183   17.00000   15.00000  11.8%   127 30342s
 1366897 1221131   15.42295  178  192   17.00000   15.00000  11.8%   127 30356s
 1367358 1221496   15.42327  179  192   17.00000   15.00000  11.8%   127 30371s
 1367821 1222172   15.44325  196  184   17.00000   15.00000  11.8%   127 30384s
 1368623 1222943   15.52639  283  185   17.00000   15.00000  11.8%   127 30399s
 1369601 1223406   15.59282  393  183   17.00000   15.00000  11.8%   127 30410s
 1370154 1224041   15.64867  493  170   17.00000   15.00000  11.8%   127 30423s
 1370817 1225003   15.70363  629  175   17.00000   15.00000  11.8%   127 30438s
 1371809 1226448   15.80355  868  168   17.00000   15.00000  11.8%   127 30455s
 1373286 1227209   15.93994 1190  169   17.00000   15.00000  11.8%   127 30473s
 1374095 1228289   16.00000   85  133   17.00000   15.00000  11.8%   127 30495s
 1375292 1229032   16.00000  116  140   17.00000   15.00000  11.8%   127 30514s
 1376076 1229474   16.00000  142  126   17.00000   15.00000  11.8%   127 30529s
 1376562 1229779   16.00000  177  139   17.00000   15.00000  11.8%   127 30544s
 1376911 1230555   15.21342   34  158   17.00000   15.00000  11.8%   127 30563s
 1377729 1231311   15.49272  172  167   17.00000   15.00000  11.8%   127 30581s
 1378544 1232022   15.65374  410  162   17.00000   15.00000  11.8%   127 30598s
 1379306 1232556   15.86702  868  163   17.00000   15.00000  11.8%   127 30613s
 1379929 1233026   15.24973  143  163   17.00000   15.00000  11.8%   127 30627s
 1380473 1233630   15.42002  319  164   17.00000   15.00000  11.8%   127 30643s
 1381153 1234375   15.59987  608  161   17.00000   15.00000  11.8%   127 30663s
 1381984 1235371   15.81850 1066  160   17.00000   15.00000  11.8%   127 30683s
 1383156 1235598   15.22849   64  164   17.00000   15.00000  11.8%   127 30697s
 1383517 1235975   15.46756  116  175   17.00000   15.00000  11.8%   127 30713s
 1384217 1236276   15.82264  366  174   17.00000   15.00000  11.8%   127 30727s
 1384733 1236624   15.00423   77  140   17.00000   15.00000  11.8%   127 30742s
 1385301 1236921   15.52058  294  138   17.00000   15.00000  11.8%   127 30757s
 1386025 1237574   15.10284   92  185   17.00000   15.00000  11.8%   127 30776s
 1386930 1238348   15.23937  187  187   17.00000   15.00000  11.8%   127 30794s
 1387734 1238980   15.33081  301  188   17.00000   15.00000  11.8%   127 30814s
 1388382 1239524   15.40240  403  190   17.00000   15.00000  11.8%   127 30835s
 1388972 1240099   15.47203  550  178   17.00000   15.00000  11.8%   128 30859s
 1389633 1240760   15.63356  890  180   17.00000   15.00000  11.8%   128 30889s
 1390402 1241848   15.78723 1272  164   17.00000   15.00000  11.8%   128 30922s
 1391553 1242662   16.00000  126  122   17.00000   15.00000  11.8%   128 30948s
 1392455 1243246   15.11237  156  185   17.00000   15.00000  11.8%   128 30969s
 1393182 1243886   15.22183  270  188   17.00000   15.00000  11.8%   128 30988s
 1394000 1244462   15.34623  448  184   17.00000   15.00000  11.8%   128 31010s
 1394996 1244931   15.45055  656  185   17.00000   15.00000  11.8%   128 31030s
 1395543 1246001   15.50737  799  180   17.00000   15.00000  11.8%   128 31050s
 1396659 1247304   15.63829 1165  175   17.00000   15.00000  11.8%   128 31072s
 1398020 1248954   15.78593 1712  153   17.00000   15.00000  11.8%   128 31092s
 1399746 1249528   15.96443 2586  158   17.00000   15.00000  11.8%   128 31112s
 1400392 1250336   15.97347 2642  160   17.00000   15.00000  11.8%   128 31136s
 1401302 1252032   15.97396 2643  156   17.00000   15.00000  11.8%   128 31164s
 1403137 1252663   15.97407 2644  157   17.00000   15.00000  11.8%   128 31200s
 1403976 1253231   15.97410 2645  161   17.00000   15.00000  11.8%   128 31218s
 1404817 1254256   15.53253  212  157   17.00000   15.00000  11.8%   128 31238s
 1406300 1255958   15.72907  494  161   17.00000   15.00000  11.8%   128 31255s
 1408170 1256756   15.95702 1004  142   17.00000   15.00000  11.8%   128 31268s
 1409060 1257093   15.04220   67  152   17.00000   15.00000  11.8%   128 31278s
 1409415 1257634   15.18569  119  164   17.00000   15.00000  11.8%   128 31290s
 1410002 1257973   15.27465  182  167   17.00000   15.00000  11.8%   128 31299s
 1410370 1258394   15.35791  264  171   17.00000   15.00000  11.8%   128 31310s
 1410817 1259178   15.42749  330  173   17.00000   15.00000  11.8%   128 31325s
 1411633 1259770   15.48743  432  175   17.00000   15.00000  11.8%   128 31335s
 1412281 1260195   15.55111  554  170   17.00000   15.00000  11.8%   128 31345s
 1412770 1260666   15.63531  705  172   17.00000   15.00000  11.8%   128 31357s
 1413302 1261251   15.70957  900  161   17.00000   15.00000  11.8%   128 31370s
 1413969 1262064   15.81177 1186  163   17.00000   15.00000  11.8%   128 31385s
 1414870 1262658   15.96369 1650  148   17.00000   15.00000  11.8%   128 31397s
 1415594 1263389   16.00000   70   97   17.00000   15.00000  11.8%   128 31412s
 1416475 1263831   15.35156  121  163   17.00000   15.00000  11.8%   128 31423s
 1417057 1264507   15.49262  221  167   17.00000   15.00000  11.8%   128 31435s
 1417895 1265785   15.63533  372  162   17.00000   15.00000  11.8%   128 31455s
 1419597 1265849   15.94545  820  159   17.00000   15.00000  11.8%   128 31463s
 1419724 1266171   15.96038  862  160   17.00000   15.00000  11.8%   128 31472s
 1420083 1266521   15.47805   83  141   17.00000   15.00000  11.8%   128 31481s
 1420482 1267317   15.94032   75  138   17.00000   15.00000  11.8%   128 31494s
 1421317 1267872   16.00000  126  118   17.00000   15.00000  11.8%   128 31507s
 1421925 1268102     cutoff  163        17.00000   15.00000  11.8%   128 31520s
 1422195 1268552   15.08625  125  172   17.00000   15.00000  11.8%   128 31533s
 1422669 1269191   15.19364  186  178   17.00000   15.00000  11.8%   128 31548s
 1423362 1269846   15.29376  289  177   17.00000   15.00000  11.8%   128 31561s
 1424174 1270546   15.36531  406  180   17.00000   15.00000  11.8%   128 31577s
 1425178 1271396   15.44698  554  176   17.00000   15.00000  11.8%   128 31591s
 1426080 1271628   15.51970  746  174   17.00000   15.00000  11.8%   128 31605s
 1426326 1272504   15.53027  779  178   17.00000   15.00000  11.8%   128 31619s
 1427270 1273599   15.59412  948  170   17.00000   15.00000  11.8%   128 31633s
 1428449 1274737   15.69917 1225  165   17.00000   15.00000  11.8%   128 31648s
 1429611 1276558   15.80288 1417  165   17.00000   15.00000  11.8%   128 31666s
 1431507 1277574   15.28090   56  163   17.00000   15.00000  11.8%   128 31681s
 1432633 1278373   15.08461   70  170   17.00000   15.00000  11.8%   128 31697s
 1433529 1279248   16.00000  182  125   17.00000   15.00000  11.8%   128 31714s
 1434469 1280661   16.00000  240  121   17.00000   15.00000  11.8%   128 31732s
 1435957 1282038   16.00000  304  114   17.00000   15.00000  11.8%   128 31747s
 1437406 1282530   16.00000  350  109   17.00000   15.00000  11.8%   128 31756s
 1437971 1282927   16.00000  388  112   17.00000   15.00000  11.8%   128 31765s
 1438446 1283537   16.00000  427  120   17.00000   15.00000  11.8%   128 31774s
 1439127 1283866   16.00000  467  120   17.00000   15.00000  11.8%   128 31784s
 1439516 1284473   16.00000  510  113   17.00000   15.00000  11.8%   128 31797s
 1440195 1284788   16.00000  554  122   17.00000   15.00000  11.8%   128 31810s
 1440575 1285474   16.00000  596  111   17.00000   15.00000  11.8%   128 31823s
 1441366 1285945   16.00000  642  127   17.00000   15.00000  11.8%   128 31837s
 1441955 1286563   16.00000  678  115   17.00000   15.00000  11.8%   128 31851s
 1442701 1286965   16.00000  725  138   17.00000   15.00000  11.8%   128 31863s
 1443259 1288213   16.00000  765  128   17.00000   15.00000  11.8%   128 31879s
 1444685 1289153   16.00000  811  116   17.00000   15.00000  11.8%   128 31894s
 1445866 1289793   16.00000  847  125   17.00000   15.00000  11.8%   127 31904s
 1446882 1290140   16.00000  881  120   17.00000   15.00000  11.8%   127 31914s
 1447461 1290957   16.00000  914  134   17.00000   15.00000  11.8%   127 31934s
 1448387 1292274     cutoff  935        17.00000   15.00000  11.8%   127 31952s
 1449778 1293261   15.19637   83  176   17.00000   15.00000  11.8%   127 31964s
 1450849 1294302   15.61181  132  154   17.00000   15.00000  11.8%   127 31978s
 1452033 1294923   15.67244  212  154   17.00000   15.00000  11.8%   127 31987s
 1452716 1295296   15.75942  360  162   17.00000   15.00000  11.8%   127 31996s
 1453141 1296272   15.78627  412  159   17.00000   15.00000  11.8%   127 32007s
 1454243 1296280   15.86287  590  154   17.00000   15.00000  11.8%   127 32024s
 1454251 1296287   15.86309  591  154   17.00000   15.00000  11.8%   127 32052s
 1454260 1296294   15.86377  592  153   17.00000   15.00000  11.8%   127 32063s
 1454269 1296313     cutoff  593        17.00000   15.00000  11.8%   127 32079s
 1454339 1296593   15.86650  600  159   17.00000   15.00000  11.8%   127 32090s
 1454758 1297223   15.94761  875  145   17.00000   15.00000  11.8%   127 32100s
 1455500 1298275   15.40121  107  152   17.00000   15.00000  11.8%   127 32112s
 1456658 1298820   15.57270  193  155   17.00000   15.00000  11.8%   127 32122s
 1457295 1299467   15.65767  286  156   17.00000   15.00000  11.8%   127 32131s
 1457988 1300539   15.73550  365  157   17.00000   15.00000  11.8%   127 32141s
 1459233 1301182   15.95002  646  160   17.00000   15.00000  11.8%   127 32149s
 1460217 1301681   15.78241  126  136   17.00000   15.00000  11.8%   127 32157s
 1460994 1302291   15.18564   89  150   17.00000   15.00000  11.8%   127 32166s
 1461606 1302915   15.30462  152  153   17.00000   15.00000  11.8%   127 32177s
 1462254 1304701   15.38338  274  153   17.00000   15.00000  11.8%   127 32200s
 1464054 1305204   15.49497  541  156   17.00000   15.00000  11.8%   127 32208s
 1464575 1305438   15.53452  630  151   17.00000   15.00000  11.8%   127 32217s
 1464815 1306229   15.54126  654  154   17.00000   15.00000  11.8%   127 32228s
 1465640 1307380   15.60703  827  152   17.00000   15.00000  11.8%   127 32241s
 1466836 1308067   15.67082 1051  158   17.00000   15.00000  11.8%   127 32251s
 1467590 1308833   15.73646 1309  146   17.00000   15.00000  11.8%   127 32263s
 1468550 1309938   15.83577 1732  144   17.00000   15.00000  11.8%   127 32279s
 1469705 1310141   15.29125   54  171   17.00000   15.00000  11.8%   127 32287s
 1469920 1310508   15.42591  102  168   17.00000   15.00000  11.8%   127 32295s
 1470287 1310954   15.55243  211  162   17.00000   15.00000  11.8%   127 32303s
 1470733 1311597   15.71356  366  152   17.00000   15.00000  11.8%   127 32314s
 1471376 1311908   15.89629  655  149   17.00000   15.00000  11.8%   127 32325s
 1471687 1312417   15.96925  834  150   17.00000   15.00000  11.8%   127 32335s
 1472239 1312875   15.00000   53  153   17.00000   15.00000  11.8%   127 32345s
 1472713 1313275   15.00000   71  149   17.00000   15.00000  11.8%   127 32353s
 1473151 1313671   15.00000   83  139   17.00000   15.00000  11.8%   127 32361s
 1473547 1314164   15.00000  102  159   17.00000   15.00000  11.8%   127 32370s
 1474040 1314833   15.00000  109  154   17.00000   15.00000  11.8%   127 32380s
 1474709 1315776   15.00000  126  161   17.00000   15.00000  11.8%   127 32390s
 1475652 1317121   15.00000  144  158   17.00000   15.00000  11.8%   127 32401s
 1477015 1317944   15.00000  160  160   17.00000   15.00000  11.8%   127 32420s
 1477858 1318794   15.00000  179  170   17.00000   15.00000  11.8%   127 32432s
 1478708 1319781   15.00000  196  157   17.00000   15.00000  11.8%   126 32445s
 1479695 1320536   15.00000  213  162   17.00000   15.00000  11.8%   126 32458s
 1480450 1321727   15.00000  226  167   17.00000   15.00000  11.8%   126 32477s
 1481663 1322331   15.00000  236  179   17.00000   15.00000  11.8%   126 32489s
 1482303 1322872   15.00000  245  181   17.00000   15.00000  11.8%   126 32500s
 1482844 1323713   15.00000  247  181   17.00000   15.00000  11.8%   126 32511s
 1483685 1324471   15.00000  255  192   17.00000   15.00000  11.8%   126 32526s
 1484457 1325711   15.00811  274  204   17.00000   15.00000  11.8%   126 32541s
 1485699 1326689   15.02990  333  204   17.00000   15.00000  11.8%   126 32556s
 1486706 1327755   15.03062  335  202   17.00000   15.00000  11.8%   126 32573s
 1487774 1329436   15.04020  369  206   17.00000   15.00000  11.8%   126 32592s
 1489455 1331041   15.06147  407  204   17.00000   15.00000  11.8%   126 32606s
 1491096 1331437   15.08674  461  199   17.00000   15.00000  11.8%   126 32616s
 1491492 1333074   15.11779  519  191   17.00000   15.00000  11.8%   126 32639s
 1493129 1334168   15.16345  632  198   17.00000   15.00000  11.8%   126 32651s
 1494223 1335214   15.17058  658  193   17.00000   15.00000  11.8%   126 32662s
 1495283 1336449   15.18640  700  202   17.00000   15.00000  11.8%   126 32676s
 1496518 1337342   15.19197  718  211   17.00000   15.00000  11.8%   126 32686s
 1497431 1337601   15.20161  757  194   17.00000   15.00000  11.8%   126 32692s
 1497703 1337864   15.20986  794  202   17.00000   15.00000  11.8%   126 32699s
 1498008 1338534   15.21884  832  200   17.00000   15.00000  11.8%   126 32708s
 1498767 1338828   15.23623  889  198   17.00000   15.00000  11.8%   126 32714s
 1499075 1339163   15.25833  944  194   17.00000   15.00000  11.8%   126 32721s
 1499423 1339614   15.27344  988  197   17.00000   15.00000  11.8%   126 32729s
 1499874 1339800   15.29760 1040  195   17.00000   15.00000  11.8%   126 32737s
 1500062 1340394   15.31067 1082  203   17.00000   15.00000  11.8%   126 32745s
 1500656 1341041   15.31091 1083  203   17.00000   15.00000  11.8%   126 32753s
 1501337 1341370   15.32465 1133  198   17.00000   15.00000  11.8%   126 32760s
 1501668 1341832   15.34367 1229  195   17.00000   15.00000  11.8%   126 32768s
 1502144 1342122   15.36822 1296  198   17.00000   15.00000  11.8%   126 32776s
 1502434 1342501   15.39236 1403  198   17.00000   15.00000  11.8%   126 32783s
 1502825 1342876   15.41132 1527  198   17.00000   15.00000  11.8%   126 32790s
 1503202 1342990   15.44561 1627  194   17.00000   15.00000  11.8%   126 32799s
 1503316 1343345   15.44766 1639  194   17.00000   15.00000  11.8%   126 32806s
 1503673 1343965   15.46440 1727  195   17.00000   15.00000  11.8%   126 32814s
 1504299 1344779   15.49154 1879  194   17.00000   15.00000  11.8%   126 32824s
 1505129 1345319   15.52594 2046  189   17.00000   15.00000  11.8%   126 32832s
 1505677 1346276   15.55143 2225  192   17.00000   15.00000  11.8%   126 32843s
 1506638 1347351   15.58751 2458  188   17.00000   15.00000  11.8%   125 32863s
 1507746 1348144   15.65758 3017  182   17.00000   15.00000  11.8%   125 32878s
 1508551 1349258   15.72747 3467  176   17.00000   15.00000  11.8%   125 32895s
 1509671 1350282   15.87347 4137  178   17.00000   15.00000  11.8%   125 32910s
 1510703 1350713   15.95267 5011  175   17.00000   15.00000  11.8%   125 32921s
 1511177 1351264   15.42138   95  155   17.00000   15.00000  11.8%   125 32933s
 1511805 1351697   15.19546   97  178   17.00000   15.00000  11.8%   125 32945s
 1512248 1352116   15.33565  141  177   17.00000   15.00000  11.8%   125 32957s
 1512675 1352996   15.81445  225  165   17.00000   15.00000  11.8%   125 32970s
 1513581 1354172   15.02665   67  179   17.00000   15.00000  11.8%   125 32985s
 1514767 1355484   15.08684   92  184   17.00000   15.00000  11.8%   125 32999s
 1516119 1355832     cutoff  104        17.00000   15.00000  11.8%   125 33009s
 1516491 1356475     cutoff   66        17.00000   15.00000  11.8%   125 33019s
 1517218 1356926   16.00000   78  114   17.00000   15.00000  11.8%   125 33034s
 1517724 1357449   16.00000   89  115   17.00000   15.00000  11.8%   125 33048s
 1518287 1358058   16.00000  102  107   17.00000   15.00000  11.8%   125 33067s
 1518928 1359007   16.00000  114  116   17.00000   15.00000  11.8%   125 33081s
 1519938 1359526   16.00000  126  120   17.00000   15.00000  11.8%   125 33094s
 1520501 1360344   16.00000  138  128   17.00000   15.00000  11.8%   125 33126s
 1521423 1362015   16.00000  150  129   17.00000   15.00000  11.8%   125 33149s
 1523172 1363260   15.00000   58  139   17.00000   15.00000  11.8%   125 33162s
 1524427 1363746   15.02830   64  162   17.00000   15.00000  11.8%   125 33169s
 1524966 1363946   15.11629   81  156   17.00000   15.00000  11.8%   125 33175s
 1525182 1364195   15.19192  121  159   17.00000   15.00000  11.8%   125 33182s
 1525453 1364540   15.26100  188  164   17.00000   15.00000  11.8%   125 33191s
 1525820 1365036   15.32891  266  163   17.00000   15.00000  11.8%   125 33201s
 1526331 1365816   15.38340  353  165   17.00000   15.00000  11.8%   125 33213s
 1527121 1366514   15.43092  451  163   17.00000   15.00000  11.8%   125 33222s
 1527846 1367091   15.46266  551  159   17.00000   15.00000  11.8%   125 33232s
 1528467 1367984   15.50754  693  150   17.00000   15.00000  11.8%   125 33243s
 1529392 1368986   15.55538  873  154   17.00000   15.00000  11.8%   125 33255s
 1530436 1368994   15.65725 1101  152   17.00000   15.00000  11.8%   125 33274s
 1530444 1369000   15.65733 1102  152   17.00000   15.00000  11.8%   125 33291s
 1530454 1369006   15.65777 1103  153   17.00000   15.00000  11.8%   125 33316s
 1530464 1369012   15.65822 1104  156   17.00000   15.00000  11.8%   125 33333s
 1530474 1369178   15.65847 1105  156   17.00000   15.00000  11.8%   125 33362s
 1530644 1369537   15.65847 1106  156   17.00000   15.00000  11.8%   125 33379s
 1531007 1370266   15.65863 1107  155   17.00000   15.00000  11.8%   125 33390s
 1531768 1370886   15.65863 1108  154   17.00000   15.00000  11.8%   125 33402s
 1532394 1371936   15.65863 1109  154   17.00000   15.00000  11.8%   125 33415s
 1533459 1373073   15.65863 1110  154   17.00000   15.00000  11.8%   125 33428s
 1534622 1374530   15.67782 1152  155   17.00000   15.00000  11.8%   125 33442s
 1536103 1376513   15.79963 1547  148   17.00000   15.00000  11.8%   125 33461s
 1538151 1377105   15.28401  129  144   17.00000   15.00000  11.8%   125 33468s
 1538780 1377560   15.37387  175  141   17.00000   15.00000  11.8%   125 33474s
 1539261 1378133   15.46955  261  149   17.00000   15.00000  11.8%   125 33482s
 1539856 1378859   15.57386  393  146   17.00000   15.00000  11.8%   125 33491s
 1540618 1380178   15.66696  540  149   17.00000   15.00000  11.8%   124 33503s
 1541981 1381246   15.84476  774  148   17.00000   15.00000  11.8%   124 33514s
 1543109 1381440   15.03924   69  174   17.00000   15.00000  11.8%   124 33520s
 1543325 1381687   15.05760   80  179   17.00000   15.00000  11.8%   124 33528s
 1543624 1381811   15.08149  100  176   17.00000   15.00000  11.8%   124 33536s
 1543792 1382060   15.26569  107  173   17.00000   15.00000  11.8%   124 33544s
 1544107 1382369   16.00000  130  104   17.00000   15.00000  11.8%   124 33553s
 1544458 1382882   16.00000  149  130   17.00000   15.00000  11.8%   124 33565s
 1545045 1383089   16.00000  171  124   17.00000   15.00000  11.8%   124 33573s
 1545338 1383195   16.00000  188  124   17.00000   15.00000  11.8%   124 33581s
 1545482 1383392   16.00000  204  149   17.00000   15.00000  11.8%   124 33590s
 1545747 1383630   16.00000  231  132   17.00000   15.00000  11.8%   124 33599s
 1546071 1383953   16.00000  246  139   17.00000   15.00000  11.8%   124 33608s
 1546498 1384724   16.00000  267  141   17.00000   15.00000  11.8%   125 33619s
 1547376 1385236   16.00000  290  143   17.00000   15.00000  11.8%   124 33629s
 1548032 1385298   16.00000  309  152   17.00000   15.00000  11.8%   124 33637s
 1548184 1385606   16.00000  317  148   17.00000   15.00000  11.8%   125 33646s
 1548648 1385936     cutoff  334        17.00000   15.00000  11.8%   125 33656s
 1549202 1386050   15.22008   99  152   17.00000   15.00000  11.8%   125 33671s
 1549330 1386075   15.26996  115  150   17.00000   15.00000  11.8%   125 33694s
 1549359 1386098   15.27236  116  146   17.00000   15.00000  11.8%   125 33708s
 1549384 1386121   15.27968  117  152   17.00000   15.00000  11.8%   125 33736s
 1549411 1386141   15.28267  118  153   17.00000   15.00000  11.8%   125 33745s
 1549439 1386553   15.28417  119  154   17.00000   15.00000  11.8%   125 33757s
 1549896 1387487   15.28417  120  154   17.00000   15.00000  11.8%   125 33772s
 1550934 1389169   15.28812  121  154   17.00000   15.00000  11.8%   125 33793s
 1552762 1389553   15.49945  256  153   17.00000   15.00000  11.8%   124 33800s
 1553216 1390270   15.63519  364  154   17.00000   15.00000  11.8%   124 33810s
 1554029 1391326   15.85136  612  148   17.00000   15.00000  11.8%   124 33820s
 1555217 1392155   16.00000   83  127   17.00000   15.00000  11.8%   124 33829s
 1556179 1392946   16.00000   93  122   17.00000   15.00000  11.8%   124 33840s
 1557185 1393065   16.00000  107  111   17.00000   15.00000  11.8%   124 33847s
 1557498 1393150   16.00000  118  130   17.00000   15.00000  11.8%   124 33854s
 1557839 1393336   16.00000  136  121   17.00000   15.00000  11.8%   124 33862s
 1558162 1393564   16.00000  154  113   17.00000   15.00000  11.8%   124 33870s
 1558432 1393878   16.00000  173  130   17.00000   15.00000  11.8%   124 33878s
 1558774 1394146   16.00000  203  141   17.00000   15.00000  11.8%   124 33887s
 1559088 1394442   16.00000  220  128   17.00000   15.00000  11.8%   124 33895s
 1559424 1394972   16.00000  233  142   17.00000   15.00000  11.8%   124 33904s
 1559996 1395918   16.00000  247  145   17.00000   15.00000  11.8%   124 33916s
 1560978 1396986     cutoff  252        17.00000   15.00000  11.8%   124 33928s
 1562072 1398523   15.20422   76  151   17.00000   15.00000  11.8%   124 33942s
 1563609 1399752   15.45862  164  154   17.00000   15.00000  11.8%   124 33954s
 1564867 1400477   15.67499  303  151   17.00000   15.00000  11.8%   124 33966s
 1565646 1400995   15.09865   56  178   17.00000   15.00000  11.8%   124 33984s
 1566232 1402146   15.26286  158  177   17.00000   15.00000  11.8%   124 34004s
 1567467 1403228   15.44889  380  174   17.00000   15.00000  11.8%   124 34020s
 1568559 1404838   15.56000  590  179   17.00000   15.00000  11.8%   124 34037s
 1570194 1406201   15.63477  793  169   17.00000   15.00000  11.8%   124 34050s
 1571592 1408463   15.74920 1142  153   17.00000   15.00000  11.8%   124 34064s
 1573940 1409356   15.86770 1686  157   17.00000   15.00000  11.8%   124 34074s
 1574894 1410002   15.28199  105  131   17.00000   15.00000  11.8%   124 34083s
 1575608 1410609   16.00000  143  105   17.00000   15.00000  11.8%   124 34092s
 1576263 1410867   15.00000   53  135   17.00000   15.00000  11.8%   124 34099s
 1576531 1411165   15.00000   59  154   17.00000   15.00000  11.8%   124 34105s
 1576837 1411444   15.00000   66  160   17.00000   15.00000  11.8%   124 34113s
 1577140 1411909   15.00000   72  162   17.00000   15.00000  11.8%   124 34123s
 1577667 1412222   15.00433   77  169   17.00000   15.00000  11.8%   124 34131s
 1577992 1412562   15.05140  124  174   17.00000   15.00000  11.8%   124 34139s
 1578358 1413006   15.16779  190  164   17.00000   15.00000  11.8%   124 34147s
 1578802 1413613   15.24595  325  168   17.00000   15.00000  11.8%   124 34157s
 1579442 1413974   15.34050  468  164   17.00000   15.00000  11.8%   124 34166s
 1579825 1414403   15.42193  628  166   17.00000   15.00000  11.8%   124 34176s
 1580280 1415383   15.53067  830  167   17.00000   15.00000  11.8%   124 34195s
 1581318 1416322   15.70570 1243  164   17.00000   15.00000  11.8%   124 34210s
 1582305 1417079   15.90971 1770  162   17.00000   15.00000  11.8%   124 34221s
 1583117 1417789   15.13620   65  149   17.00000   15.00000  11.8%   124 34234s
 1583880 1418463   15.47607   87  160   17.00000   15.00000  11.8%   124 34246s
 1584633 1419221   15.63717  237  148   17.00000   15.00000  11.8%   124 34259s
 1585455 1419998   15.87561  526  139   17.00000   15.00000  11.8%   124 34271s
 1586316 1420396   15.16992   93  174   17.00000   15.00000  11.8%   124 34283s
 1586773 1420897   15.26562  165  177   17.00000   15.00000  11.8%   124 34295s
 1587348 1421509   15.34167  246  177   17.00000   15.00000  11.8%   124 34308s
 1588032 1422277   15.40674  373  181   17.00000   15.00000  11.8%   124 34320s
 1588882 1423316   15.49294  554  168   17.00000   15.00000  11.8%   124 34334s
 1589994 1424806   15.57271  758  165   17.00000   15.00000  11.8%   124 34348s
 1591586 1425713   15.65956  979  177   17.00000   15.00000  11.8%   124 34360s
 1592614 1426563   15.75446 1229  156   17.00000   15.00000  11.8%   124 34374s
 1593566 1427528   15.88985 1676  161   17.00000   15.00000  11.8%   124 34385s
 1594634 1428660   15.25653  141  157   17.00000   15.00000  11.8%   124 34399s
 1595906 1429475   15.42613  272  154   17.00000   15.00000  11.8%   124 34414s
 1596903 1430555   15.72656  649  146   17.00000   15.00000  11.8%   124 34428s
 1598157 1431202     cutoff   90        17.00000   15.00000  11.8%   124 34438s
 1598934 1432063   16.00000   93  119   17.00000   15.00000  11.8%   124 34448s
 1599988 1432705     cutoff  106        17.00000   15.00000  11.8%   124 34459s
 1600774 1433453   15.04999   85  171   17.00000   15.00000  11.8%   124 34469s
 1601693 1434040   15.12539  114  181   17.00000   15.00000  11.8%   124 34478s
 1602448 1434521   15.17359  160  178   17.00000   15.00000  11.8%   124 34488s
 1603137 1435109   15.25051  206  177   17.00000   15.00000  11.8%   124 34498s
 1603966 1435435   15.31187  283  181   17.00000   15.00000  11.8%   124 34507s
 1604534 1435660   15.35503  357  179   17.00000   15.00000  11.8%   124 34517s
 1605085 1435977   15.39007  439  183   17.00000   15.00000  11.8%   124 34527s
 1605820 1436472   15.43534  552  177   17.00000   15.00000  11.8%   124 34537s
 1606841 1437206   15.48254  647  182   17.00000   15.00000  11.8%   124 34548s
 1607975 1437954   15.52144  743  173   17.00000   15.00000  11.8%   124 34559s
 1609116 1438250   15.58021  867  164   17.00000   15.00000  11.8%   124 34568s
 1609412 1439059   15.60490  934  169   17.00000   15.00000  11.8%   124 34579s
 1610225 1439893   15.66448 1122  166   17.00000   15.00000  11.8%   124 34590s
 1611087 1441948   15.73242 1351  161   17.00000   15.00000  11.8%   124 34615s
 1613167 1442722   15.92186 2192  149   17.00000   15.00000  11.8%   123 34623s
 1613958 1443655   15.15091   66  164   17.00000   15.00000  11.8%   123 34632s
 1614917 1444324   15.22815   95  169   17.00000   15.00000  11.8%   123 34639s
 1615616 1445067   15.27670  124  172   17.00000   15.00000  11.8%   123 34647s
 1616430 1445403   15.31967  157  165   17.00000   15.00000  11.8%   123 34654s
 1616790 1445521   15.36378  207  168   17.00000   15.00000  11.8%   123 34660s
 1616928 1445682   15.39096  242  163   17.00000   15.00000  11.8%   123 34667s
 1617116 1445852   15.42786  297  163   17.00000   15.00000  11.8%   123 34674s
 1617302 1446058   15.47157  363  159   17.00000   15.00000  11.8%   123 34682s
 1617526 1446243   15.51259  448  159   17.00000   15.00000  11.8%   123 34688s
 1617737 1446515   15.55507  538  159   17.00000   15.00000  11.8%   123 34697s
 1618033 1446853   15.59352  658  164   17.00000   15.00000  11.8%   123 34706s
 1618399 1447328   15.66665  794  163   17.00000   15.00000  11.8%   123 34714s
 1618944 1447934   15.73715  973  157   17.00000   15.00000  11.8%   123 34725s
 1619580 1448749   15.81543 1292  143   17.00000   15.00000  11.8%   123 34737s
 1620429 1448994   15.91698 1833  132   17.00000   15.00000  11.8%   123 34748s
 1620729 1449195   15.46216   72  138   17.00000   15.00000  11.8%   123 34760s
 1620988 1449523   15.00000   48  154   17.00000   15.00000  11.8%   123 34769s
 1621364 1449807   15.11474   62  166   17.00000   15.00000  11.8%   123 34781s
 1621743 1449944   15.21151   89  168   17.00000   15.00000  11.8%   123 34792s
 1621978 1450108   15.31884  149  178   17.00000   15.00000  11.8%   123 34803s
 1622260 1450454   15.73618  212  171   17.00000   15.00000  11.8%   124 34816s
 1622740 1450982   15.91924  465  157   17.00000   15.00000  11.8%   124 34828s
 1623434 1451618   15.32151  134  159   17.00000   15.00000  11.8%   124 34840s
 1624276 1452399   15.48077  266  170   17.00000   15.00000  11.8%   124 34853s
 1625397 1453106   15.55659  362  165   17.00000   15.00000  11.8%   124 34867s
 1626382 1454411   15.62967  470  165   17.00000   15.00000  11.8%   123 34891s
 1627703 1455610   15.78682  648  170   17.00000   15.00000  11.8%   123 34905s
 1628922 1456115   15.92549 1052  157   17.00000   15.00000  11.8%   123 34914s
 1629454 1456710   15.08824   65  171   17.00000   15.00000  11.8%   123 34924s
 1630059 1457407   15.20231  115  177   17.00000   15.00000  11.8%   123 34934s
 1630785 1457767   15.33540  180  174   17.00000   15.00000  11.8%   123 34943s
 1631162 1458411   15.48499  273  173   17.00000   15.00000  11.8%   123 34955s
 1631818 1459085   16.00000  357  129   17.00000   15.00000  11.8%   123 34967s
 1632527 1459699   16.00000  393  132   17.00000   15.00000  11.8%   123 34979s
 1633147 1460276   16.00000  430  131   17.00000   15.00000  11.8%   123 34989s
 1633757 1460904   16.00000  461  128   17.00000   15.00000  11.8%   123 35002s
 1634412 1461263   16.00000  493  135   17.00000   15.00000  11.8%   123 35012s
 1634796 1461890   16.00000  521  144   17.00000   15.00000  11.8%   123 35026s
 1635491 1462367   15.27485   57  165   17.00000   15.00000  11.8%   123 35037s
 1636051 1462375   16.00000  102  122   17.00000   15.00000  11.8%   123 35053s
 1636059 1462382     cutoff  103        17.00000   15.00000  11.8%   123 35077s
 1636068 1462390   16.00000  104  120   17.00000   15.00000  11.8%   123 35090s
 1636076 1462415   16.00000  105  133   17.00000   15.00000  11.8%   123 35103s
 1636109 1462557   16.00000  106  129   17.00000   15.00000  11.8%   123 35116s
 1636293 1462620     cutoff  107        17.00000   15.00000  11.8%   123 35129s
 1636412 1462712   16.00000  108  131   17.00000   15.00000  11.8%   123 35143s
 1636557 1462992   16.00000  109  115   17.00000   15.00000  11.8%   123 35156s
 1636929 1463490     cutoff  143        17.00000   15.00000  11.8%   123 35170s
 1637555 1463674   16.00000   84  118   17.00000   15.00000  11.8%   124 35184s
 1637919 1463818   16.00000  127  115   17.00000   15.00000  11.8%   124 35198s
 1638209 1463981   15.00000   40  136   17.00000   15.00000  11.8%   124 35213s
 1638502 1464294   15.29724   69  161   17.00000   15.00000  11.8%   124 35228s
 1639107 1464990   15.75630  113  151   17.00000   15.00000  11.8%   124 35244s
 1639857 1465899   15.08951   80  177   17.00000   15.00000  11.8%   124 35262s
 1640770 1466365   15.18258  168  179   17.00000   15.00000  11.8%   124 35277s
 1641284 1466650   15.31175  255  176   17.00000   15.00000  11.8%   124 35294s
 1641583 1469067   15.34820  334  180   17.00000   15.00000  11.8%   124 35336s
 1644052 1469167   15.61728  907  159   17.00000   15.00000  11.8%   124 35353s
 1644168 1469685   15.61936  913  160   17.00000   15.00000  11.8%   124 35369s
 1644696 1471292   15.68382 1120  163   17.00000   15.00000  11.8%   124 35392s
 1646329 1471837   15.92473 1948  148   17.00000   15.00000  11.8%   124 35405s
 1646981 1472162   15.49856   55  168   17.00000   15.00000  11.8%   124 35416s
 1647332 1472510   15.15020   65  182   17.00000   15.00000  11.8%   124 35429s
 1647712 1472876   15.17741   74  183   17.00000   15.00000  11.8%   124 35442s
 1648140 1473326   15.18851   83  181   17.00000   15.00000  11.8%   124 35455s
 1648664 1473995   15.60304   95  171   17.00000   15.00000  11.8%   124 35472s
 1649377 1475288   15.22984  107  173   17.00000   15.00000  11.8%   124 35492s
 1650770 1476022   15.24400  117  174   17.00000   15.00000  11.8%   124 35510s
 1651620 1476924   15.24907  127  178   17.00000   15.00000  11.8%   124 35531s
 1652686 1477538   15.26236  137  180   17.00000   15.00000  11.8%   124 35552s
 1653410 1478540   15.28169  143  182   17.00000   15.00000  11.8%   124 35573s
 1654672 1479527   15.29307  151  180   17.00000   15.00000  11.8%   124 35589s
 1656080 1480445   15.30766  160  181   17.00000   15.00000  11.8%   124 35609s
 1657072 1480928   15.31614  171  180   17.00000   15.00000  11.8%   124 35624s
 1657593 1481686   15.32097  179  180   17.00000   15.00000  11.8%   124 35641s
 1658425 1482041   15.33154  188  181   17.00000   15.00000  11.8%   124 35657s
 1658836 1482611   15.59839  194  169   17.00000   15.00000  11.8%   124 35673s
 1659480 1483956   15.34698  206  185   17.00000   15.00000  11.8%   124 35693s
 1660897 1485353   15.35273  217  184   17.00000   15.00000  11.8%   124 35711s
 1662375 1486506   15.35539  225  182   17.00000   15.00000  11.8%   124 35729s
 1662550 1486506   15.78749 2480  156   17.00000   15.00000  11.8%   124 35730s
 1663612 1487185   15.35989  233  178   17.00000   15.00000  11.8%   124 35750s
 1664403 1487425   15.36148  236  180   17.00000   15.00000  11.8%   124 35761s
 1664769 1487934   15.36577  244  178   17.00000   15.00000  11.8%   124 35773s
 1665448 1488468   15.36970  251  179   17.00000   15.00000  11.8%   124 35797s
 1666194 1489066   15.37757  260  174   17.00000   15.00000  11.8%   124 35810s
 1667220 1489376   15.38558  269  176   17.00000   15.00000  11.8%   124 35822s
 1667793 1490639   15.39366  278  181   17.00000   15.00000  11.8%   124 35839s
 1669092 1491959   15.80065  286  159   17.00000   15.00000  11.8%   124 35855s
 1670480 1492583   15.40251  294  181   17.00000   15.00000  11.8%   124 35868s
 1671125 1493758   15.40561  303  175   17.00000   15.00000  11.8%   124 35886s
 1672348 1494720   15.41309  314  176   17.00000   15.00000  11.8%   124 35900s
 1673371 1494915   15.41568  321  171   17.00000   15.00000  11.8%   124 35909s
 1673591 1495289   15.41873  327  170   17.00000   15.00000  11.8%   124 35920s
 1673997 1495793   15.42282  336  171   17.00000   15.00000  11.8%   124 35932s
 1674525 1496556   15.42657  345  171   17.00000   15.00000  11.8%   124 35947s
 1675447 1496745   15.43365  355  179   17.00000   15.00000  11.8%   124 35959s
 1675698 1497037   15.44266  364  168   17.00000   15.00000  11.8%   124 35971s
 1676060 1497228   15.44881  375  176   17.00000   15.00000  11.8%   124 35986s
 1676305 1497483   15.45016  383  170   17.00000   15.00000  11.8%   124 36001s
 1676624 1497822   15.45373  394  170   17.00000   15.00000  11.8%   124 36015s
 1677059 1497830   15.45921  409  178   17.00000   15.00000  11.8%   124 36035s
 1677067 1497836   16.00000  409  151   17.00000   15.00000  11.8%   124 36058s
 1677077 1497842   15.46063  410  175   17.00000   15.00000  11.8%   124 36086s
 1677087 1497848   15.69543  410  170   17.00000   15.00000  11.8%   124 36118s
 1677097 1497870   15.46064  411  172   17.00000   15.00000  11.8%   124 36147s
 1677123 1497978   15.46400  415  170   17.00000   15.00000  11.8%   124 36172s
 1677253 1498603   15.46872  422  168   17.00000   15.00000  11.8%   124 36191s
 1677986 1499665   15.49299  435  165   17.00000   15.00000  11.8%   124 36213s
 1679166 1500455   15.50238  449  167   17.00000   15.00000  11.8%   124 36231s
 1680090 1501566   15.51846  463  169   17.00000   15.00000  11.8%   124 36250s
 1681403 1502828   15.53031  478  163   17.00000   15.00000  11.8%   124 36272s
 1682813 1503862   15.53960  492  164   17.00000   15.00000  11.8%   124 36291s
 1684077 1504578   15.54639  503  161   17.00000   15.00000  11.8%   124 36306s
 1685013 1505300   15.90901  514  153   17.00000   15.00000  11.8%   124 36322s
 1685997 1506432   16.00000  525  147   17.00000   15.00000  11.8%   124 36342s
 1687347 1507213   15.79633  536  138   17.00000   15.00000  11.8%   124 36356s
 1688290 1508177   15.56570  545  166   17.00000   15.00000  11.8%   124 36369s
 1689590 1509104   15.83907  553  158   17.00000   15.00000  11.8%   124 36382s
 1690939 1509774   15.57101  559  159   17.00000   15.00000  11.8%   124 36392s
 1691835 1510000   15.57275  564  158   17.00000   15.00000  11.8%   124 36399s
 1692298 1510082   15.57406  569  165   17.00000   15.00000  11.8%   124 36406s
 1692564 1510183   15.57679  575  158   17.00000   15.00000  11.8%   124 36413s
 1692819 1510267   15.58022  581  163   17.00000   15.00000  11.8%   124 36421s
 1693099 1510385   15.58300  588  164   17.00000   15.00000  11.8%   124 36428s
 1693333 1510650   15.58429  594  152   17.00000   15.00000  11.8%   124 36434s
 1693598 1510811   15.58950  602  158   17.00000   15.00000  11.8%   124 36441s
 1693759 1511112   15.59115  608  159   17.00000   15.00000  11.8%   124 36449s
 1694060 1511720   15.59561  616  152   17.00000   15.00000  11.8%   124 36460s
 1694670 1512482   15.59929  624  155   17.00000   15.00000  11.8%   124 36471s
 1695451 1513091   15.60249  632  155   17.00000   15.00000  11.8%   124 36482s
 1696060 1514226   15.60546  640  148   17.00000   15.00000  11.8%   124 36494s
 1697215 1514878   15.60679  648  154   17.00000   15.00000  11.8%   124 36504s
 1697904 1515771   15.60831  656  155   17.00000   15.00000  11.8%   124 36516s
 1698797 1516308   15.61153  663  151   17.00000   15.00000  11.8%   124 36529s
 1699354 1517334   16.00000  668  144   17.00000   15.00000  11.8%   124 36544s
 1700380 1518539   15.62073  676  153   17.00000   15.00000  11.8%   124 36561s
 1701591 1520038   15.62687  685  153   17.00000   15.00000  11.8%   124 36580s
 1703117 1520407   15.63191  700  154   17.00000   15.00000  11.8%   124 36588s
 1703508 1520934   15.63365  706  156   17.00000   15.00000  11.8%   124 36598s
 1704082 1521543   15.63649  715  151   17.00000   15.00000  11.8%   124 36608s
 1704711 1522174   15.63959  725  154   17.00000   15.00000  11.8%   124 36620s
 1705364 1523459   15.64333  735  150   17.00000   15.00000  11.8%   124 36635s
 1706675 1523992   15.64433  744  155   17.00000   15.00000  11.8%   123 36645s
 1707257 1524318   15.64749  754  151   17.00000   15.00000  11.8%   123 36655s
 1707607 1524595   15.65165  765  155   17.00000   15.00000  11.8%   123 36666s
 1707912 1524865   15.65257  775  158   17.00000   15.00000  11.8%   124 36677s
 1708190 1525360   15.65800  787  159   17.00000   15.00000  11.8%   124 36688s
 1708704 1526223   15.66632  801  155   17.00000   15.00000  11.8%   124 36702s
 1709573 1526874   15.67194  814  151   17.00000   15.00000  11.8%   124 36714s
 1710230 1528419   15.67954  828  155   17.00000   15.00000  11.8%   123 36733s
 1711785 1529824   15.68076  842  161   17.00000   15.00000  11.8%   123 36748s
 1713246 1530517   15.68603  857  160   17.00000   15.00000  11.8%   123 36760s
 1713955 1530844   15.69164  873  154   17.00000   15.00000  11.8%   123 36768s
 1714302 1531228   15.69976  885  159   17.00000   15.00000  11.8%   123 36779s
 1714726 1531419   15.70780  904  162   17.00000   15.00000  11.8%   123 36788s
 1714992 1531601   15.71532  920  156   17.00000   15.00000  11.8%   123 36799s
 1715196 1531782   15.72930  935  158   17.00000   15.00000  11.8%   123 36810s
 1715437 1531914   15.73821  960  154   17.00000   15.00000  11.8%   123 36821s
 1715601 1532131     cutoff  970        17.00000   15.00000  11.8%   124 36833s
 1715856 1532635   15.75355  992  155   17.00000   15.00000  11.8%   124 36847s
 1716415 1533040   15.76944 1018  152   17.00000   15.00000  11.8%   124 36866s
 1716922 1533476   15.78068 1049  159   17.00000   15.00000  11.8%   124 36891s
 1717524 1534151   15.82422 1123  155   17.00000   15.00000  11.8%   124 36920s
 1718505 1535534   15.88136 1259  151   17.00000   15.00000  11.8%   124 36943s
 1720472 1536902   15.78154   71  145   17.00000   15.00000  11.8%   124 36964s
 1721894 1537596   15.05558   84  181   17.00000   15.00000  11.8%   124 36979s
 1722620 1537776   15.13397  171  182   17.00000   15.00000  11.8%   124 36993s
 1722816 1538730   15.14463  179  184   17.00000   15.00000  11.8%   124 37012s
 1723784 1540067   15.23405  273  188   17.00000   15.00000  11.8%   124 37031s
 1725139 1540931   15.32712  393  184   17.00000   15.00000  11.8%   124 37045s
 1726056 1541420   15.39857  513  180   17.00000   15.00000  11.8%   124 37057s
 1726593 1542012   15.45115  658  182   17.00000   15.00000  11.8%   124 37070s
 1727199 1542432   15.52139  840  176   17.00000   15.00000  11.8%   124 37084s
 1727635 1543325   15.54603  928  168   17.00000   15.00000  11.8%   124 37098s
 1728548 1544556   15.62445 1235  162   17.00000   15.00000  11.8%   124 37114s
 1729797 1545919   15.81941 1710  158   17.00000   15.00000  11.8%   124 37130s
 1731209 1546877   15.71924  100  142   17.00000   15.00000  11.8%   124 37151s
 1732233 1547738   15.00000   45  132   17.00000   15.00000  11.8%   124 37169s
 1733104 1549019   15.00000   57  153   17.00000   15.00000  11.8%   124 37188s
 1734403 1550169   15.00000   70  150   17.00000   15.00000  11.8%   123 37205s
 1735591 1550608   15.00000   77  155   17.00000   15.00000  11.8%   123 37216s
 1736068 1550799   15.00000   78  158   17.00000   15.00000  11.8%   123 37226s
 1736286 1551575   15.00000   82  164   17.00000   15.00000  11.8%   123 37238s
 1737085 1552282   15.01497   94  179   17.00000   15.00000  11.8%   123 37252s
 1737806 1553300   15.06190  138  185   17.00000   15.00000  11.8%   123 37267s
 1738840 1554450   15.09239  181  180   17.00000   15.00000  11.8%   123 37283s
 1740018 1554860   15.11698  230  182   17.00000   15.00000  11.8%   123 37293s
 1740465 1555123   15.13632  265  178   17.00000   15.00000  11.8%   123 37302s
 1740750 1555638   15.17016  324  184   17.00000   15.00000  11.8%   123 37311s
 1741281 1556036   15.20137  406  184   17.00000   15.00000  11.8%   123 37321s
 1741683 1556779   15.22737  474  187   17.00000   15.00000  11.8%   123 37332s
 1742456 1557752   15.22902  482  185   17.00000   15.00000  11.8%   123 37343s
 1743449 1559167   15.25064  550  182   17.00000   15.00000  11.8%   123 37359s
 1744890 1560359   15.27433  615  179   17.00000   15.00000  11.8%   123 37372s
 1746096 1561359   15.30955  706  193   17.00000   15.00000  11.8%   123 37388s
 1747158 1561567   15.35726  863  177   17.00000   15.00000  11.8%   123 37400s
 1747398 1562809   15.36113  874  179   17.00000   15.00000  11.8%   123 37416s
 1748702 1563724   15.40845 1142  170   17.00000   15.00000  11.8%   123 37428s
 1749719 1564785   15.44111 1302  166   17.00000   15.00000  11.8%   123 37442s
 1750810 1565896   15.47113 1465  180   17.00000   15.00000  11.8%   123 37454s
 1751979 1566477   15.50405 1689  162   17.00000   15.00000  11.8%   123 37462s
 1752582 1567164   15.55944 1983  156   17.00000   15.00000  11.8%   123 37472s
 1753297 1568078   15.62855 2290  162   17.00000   15.00000  11.8%   123 37483s
 1754241 1569248   15.69304 2707  156   17.00000   15.00000  11.8%   123 37497s
 1755443 1570637   15.77371 3323  157   17.00000   15.00000  11.8%   123 37511s
 1756862 1570791   15.88394 4197  148   17.00000   15.00000  11.8%   123 37521s
 1757036 1571707   15.88436 4217  148   17.00000   15.00000  11.8%   123 37532s
 1757996 1572411   15.43008   86  166   17.00000   15.00000  11.8%   123 37542s
 1758752 1572975   15.47697   93  169   17.00000   15.00000  11.8%   123 37552s
 1759369 1573791   15.49744  102  170   17.00000   15.00000  11.8%   123 37565s
 1760255 1574668   15.52051  111  172   17.00000   15.00000  11.8%   123 37580s
 1761188 1576681   15.52879  117  171   17.00000   15.00000  11.8%   123 37601s
 1763383 1577330   15.54471  129  165   17.00000   15.00000  11.8%   123 37610s
 1764093 1578020   15.55332  133  164   17.00000   15.00000  11.8%   123 37620s
 1764838 1578216   15.57282  137  164   17.00000   15.00000  11.8%   123 37626s
 1765088 1578472   15.57613  142  168   17.00000   15.00000  11.8%   123 37633s
 1765420 1578890   15.58426  148  169   17.00000   15.00000  11.8%   123 37642s
 1765906 1579439   15.59054  154  165   17.00000   15.00000  11.8%   123 37651s
 1766551 1579715   15.60348  161  169   17.00000   15.00000  11.8%   123 37659s
 1766903 1579723   15.60788  166  171   17.00000   15.00000  11.8%   123 37671s
 1766911 1579730   16.00000  166  138   17.00000   15.00000  11.8%   123 37694s
 1766920 1579737   15.61209  167  171   17.00000   15.00000  11.8%   123 37711s
 1766929 1579744   15.86574  167  146   17.00000   15.00000  11.8%   123 37721s
 1766938 1579751   15.61225  168  169   17.00000   15.00000  11.8%   123 37731s
 1766947 1579770     cutoff  168        17.00000   15.00000  11.8%   123 37742s
 1766972 1579867   16.00000  169  134   17.00000   15.00000  11.8%   123 37754s
 1767077 1580004   15.61524  170  170   17.00000   15.00000  11.8%   123 37764s
 1767222 1580090   15.61816  174  169   17.00000   15.00000  11.8%   123 37774s
 1767318 1580160   15.62938  182  167   17.00000   15.00000  11.8%   123 37784s
 1767476 1580542   15.63459  190  167   17.00000   15.00000  11.8%   123 37794s
 1768032 1580719   15.64378  199  171   17.00000   15.00000  11.8%   123 37805s
 1768307 1580850   15.64965  206  172   17.00000   15.00000  11.8%   123 37816s
 1768550 1581292   15.65499  213  170   17.00000   15.00000  11.8%   123 37828s
 1769440 1581929   15.66429  223  170   17.00000   15.00000  11.8%   123 37840s
 1770087 1582802   15.67112  235  167   17.00000   15.00000  11.8%   123 37854s
 1770982 1584247   15.68013  245  169   17.00000   15.00000  11.8%   123 37870s
 1772492 1584506   15.68666  257  163   17.00000   15.00000  11.8%   123 37880s
 1772765 1584795   15.69405  267  170   17.00000   15.00000  11.8%   123 37891s
 1773073 1585205   15.69876  279  167   17.00000   15.00000  11.8%   123 37901s
 1773519 1585652   15.96363  292  145   17.00000   15.00000  11.8%   123 37911s
 1773984 1585937   15.71208  305  173   17.00000   15.00000  11.8%   123 37922s
 1774303 1586519   15.72125  319  171   17.00000   15.00000  11.8%   123 37934s
 1774923 1587381   15.72799  333  169   17.00000   15.00000  11.8%   123 37947s
 1775819 1589070     cutoff  347        17.00000   15.00000  11.8%   123 37966s
 1777565 1589674   15.76083  374  163   17.00000   15.00000  11.8%   123 37973s
 1778212 1590354     cutoff  387        17.00000   15.00000  11.8%   123 37982s
 1778948 1590660   15.77814  403  155   17.00000   15.00000  11.8%   123 37990s
 1779314 1591260     cutoff  421        17.00000   15.00000  11.8%   123 38000s
 1779957 1591781   15.79374  426  149   17.00000   15.00000  11.8%   123 38008s
 1780614 1592460   15.80084  450  156   17.00000   15.00000  11.8%   123 38018s
 1781369 1593627   15.80939  476  158   17.00000   15.00000  11.8%   123 38031s
 1782618 1594258   15.81844  505  154   17.00000   15.00000  11.8%   122 38042s
 1783366 1594444   15.82881  536  152   17.00000   15.00000  11.8%   122 38049s
 1783670 1594600     cutoff  565        17.00000   15.00000  11.8%   123 38057s
 1783950 1594817   15.86576  615  148   17.00000   15.00000  11.8%   123 38065s
 1784299 1595007   15.88569  671  147   17.00000   15.00000  11.8%   123 38074s
 1784623 1595128   15.90752  727  148   17.00000   15.00000  11.8%   123 38084s
 1784846 1595489   15.92333  777  145   17.00000   15.00000  11.8%   123 38094s
 1785545 1595917   15.00000   41  153   17.00000   15.00000  11.8%   123 38104s
 1785989 1596693   15.54223   67  143   17.00000   15.00000  11.8%   123 38114s
 1786804 1597940   15.32365  118  184   17.00000   15.00000  11.8%   123 38129s
 1788059 1598899   15.45263  195  180   17.00000   15.00000  11.8%   123 38141s
 1789056 1599600   15.54899  275  185   17.00000   15.00000  11.8%   122 38152s
 1789781 1600314   15.64767  369  178   17.00000   15.00000  11.8%   122 38164s
 1790525 1602161   15.68724  442  180   17.00000   15.00000  11.8%   122 38186s
 1792436 1603366   15.80595  647  172   17.00000   15.00000  11.8%   122 38197s
 1793663 1604685   15.91479  853  168   17.00000   15.00000  11.8%   122 38207s
 1795024 1605559   15.06759   58  172   17.00000   15.00000  11.8%   122 38215s
 1795910 1605748   15.10402   63  169   17.00000   15.00000  11.8%   122 38223s
 1796119 1605813   15.16231   81  174   17.00000   15.00000  11.8%   122 38242s
 1796198 1605882   15.16375   82  173   17.00000   15.00000  11.8%   122 38247s
 1796283 1605993   15.65346   87  152   17.00000   15.00000  11.8%   122 38254s
 1796432 1606125   15.22698   99  150   17.00000   15.00000  11.8%   122 38260s
 1796580 1606283   15.39269  138  154   17.00000   15.00000  11.8%   122 38275s
 1796752 1606485   15.51019  189  154   17.00000   15.00000  11.8%   122 38285s
 1796976 1606941   15.66564  273  159   17.00000   15.00000  11.8%   122 38294s
 1797476 1607293   15.88157  440  151   17.00000   15.00000  11.8%   122 38302s
 1797893 1607913   15.17430  134  172   17.00000   15.00000  11.8%   122 38310s
 1798537 1609085   15.58621  169  158   17.00000   15.00000  11.8%   122 38320s
 1799737 1609831   15.90488  343  164   17.00000   15.00000  11.8%   122 38328s
 1800558 1610180   15.10754   73  168   17.00000   15.00000  11.8%   122 38335s
 1800921 1610633   15.18822  105  169   17.00000   15.00000  11.8%   122 38343s
 1801417 1610901   15.22182  126  175   17.00000   15.00000  11.8%   122 38351s
 1801718 1611242   15.26746  171  165   17.00000   15.00000  11.8%   122 38358s
 1802107 1611741   15.32917  229  174   17.00000   15.00000  11.8%   122 38367s
 1802660 1612505   15.38757  292  172   17.00000   15.00000  11.8%   122 38377s
 1803489 1612936   15.44026  362  176   17.00000   15.00000  11.8%   122 38385s
 1803976 1613333   15.50027  433  179   17.00000   15.00000  11.8%   122 38395s
 1804463 1613550   15.54826  508  176   17.00000   15.00000  11.8%   122 38403s
 1804746 1613768   15.62253  590  179   17.00000   15.00000  11.8%   122 38411s
 1805041 1614205   15.66521  676  162   17.00000   15.00000  11.8%   122 38428s
 1805604 1615519   15.79079  938  159   17.00000   15.00000  11.8%   122 38451s
 1807153 1616242   15.43842  164  179   17.00000   15.00000  11.8%   122 38467s
 1808004 1617667   15.52275  258  189   17.00000   15.00000  11.8%   122 38484s
 1809581 1618246   15.63142  391  182   17.00000   15.00000  11.8%   122 38496s
 1810302 1619258   15.71072  501  175   17.00000   15.00000  11.8%   122 38510s
 1811476 1621105   15.80710  675  182   17.00000   15.00000  11.8%   122 38524s
 1813471 1622180   15.92104  928  174   17.00000   15.00000  11.8%   122 38537s
 1814762 1622522   15.11916   76  184   17.00000   15.00000  11.8%   122 38545s
 1815264 1623073   15.21612  112  181   17.00000   15.00000  11.8%   122 38555s
 1816073 1623806   15.30312  155  184   17.00000   15.00000  11.8%   122 38564s
 1817204 1624392   15.37155  211  178   17.00000   15.00000  11.8%   122 38573s
 1817828 1624949   15.44150  284  175   17.00000   15.00000  11.8%   122 38583s
 1818611 1625900   15.51276  368  185   17.00000   15.00000  11.8%   122 38594s
 1819593 1627168   15.58399  452  179   17.00000   15.00000  11.8%   122 38613s
 1820869 1628447   15.72290  666  177   17.00000   15.00000  11.8%   122 38625s
 1822175 1629495   15.84130  896  175   17.00000   15.00000  11.8%   122 38635s
 1823245 1630320   15.15781  133  136   17.00000   15.00000  11.8%   122 38643s
 1824082 1631508   15.00000   70  161   17.00000   15.00000  11.8%   122 38654s
 1825310 1631923   15.00000   81  164   17.00000   15.00000  11.8%   122 38662s
 1825773 1632189   15.00000   89  162   17.00000   15.00000  11.8%   122 38669s
 1826099 1632520   15.00000   98  171   17.00000   15.00000  11.8%   122 38676s
 1826509 1632705   15.00000  107  169   17.00000   15.00000  11.8%   122 38682s
 1826748 1632897   15.00000  110  182   17.00000   15.00000  11.8%   122 38689s
 1826970 1633213   15.00000  116  174   17.00000   15.00000  11.8%   122 38695s
 1827302 1633616   15.00000  124  188   17.00000   15.00000  11.8%   122 38703s
 1827710 1634011   15.02314  144  192   17.00000   15.00000  11.8%   122 38712s
 1828123 1634577   15.04142  163  196   17.00000   15.00000  11.8%   122 38722s
 1828715 1635135   15.05060  177  194   17.00000   15.00000  11.8%   122 38731s
 1829317 1635786   15.06424  192  198   17.00000   15.00000  11.8%   122 38739s
 1830000 1636692   15.08889  230  199   17.00000   15.00000  11.8%   122 38750s
 1830936 1637718   15.10691  258  194   17.00000   15.00000  11.8%   122 38760s
 1832035 1638853   15.11570  271  199   17.00000   15.00000  11.8%   122 38773s
 1833240 1640502   15.13232  304  198   17.00000   15.00000  11.8%   122 38787s
 1834941 1640510   15.15686  335  197   17.00000   15.00000  11.8%   122 38813s
 1834949 1646724   15.15705  336  196   17.00000   15.00000  11.8%   122 39294s
 1841941 1647840   15.47410 1210  185   17.00000   15.00000  11.8%   122 39317s
 1843082 1649001   15.51034 1363  176   17.00000   15.00000  11.8%   122 39335s
 1844269 1651445   15.55481 1604  180   17.00000   15.00000  11.8%   122 39354s
 1846727 1654139   15.63412 2113  179   17.00000   15.00000  11.8%   122 39372s
 1849480 1655351   15.70614 2584  165   17.00000   15.00000  11.8%   121 39393s
 1850737 1656273   15.78716 3206  170   17.00000   15.00000  11.8%   121 39404s
 1851671 1657652   15.86639 3655  167   17.00000   15.00000  11.8%   121 39413s
 1853091 1658880   15.21217   76  161   17.00000   15.00000  11.8%   121 39424s
 1854348 1659852   15.28882  114  161   17.00000   15.00000  11.8%   121 39435s
 1855343 1660517   15.37622  176  159   17.00000   15.00000  11.8%   121 39443s
 1856016 1660835   15.43902  240  159   17.00000   15.00000  11.8%   121 39450s
 1856357 1661182   15.50446  320  164   17.00000   15.00000  11.8%   121 39456s
 1856731 1661583   15.57109  417  162   17.00000   15.00000  11.8%   121 39464s
 1857152 1662103   15.63361  516  163   17.00000   15.00000  11.8%   121 39473s
 1857694 1662817   15.73328  692  162   17.00000   15.00000  11.8%   121 39482s
 1858430 1663735   15.84956  981  152   17.00000   15.00000  11.8%   121 39492s
 1859391 1664416   15.27033   66  152   17.00000   15.00000  11.8%   121 39502s
 1860090 1665460   15.43988  131  154   17.00000   15.00000  11.8%   121 39514s
 1861167 1666711   15.59432  237  153   17.00000   15.00000  11.8%   121 39527s
 1862434 1668126   15.73389  359  158   17.00000   15.00000  11.8%   121 39537s
 1863897 1668433   15.87774  574  154   17.00000   15.00000  11.8%   121 39543s
 1864266 1669089   15.27550  154  149   17.00000   15.00000  11.8%   121 39560s
 1864976 1670200   15.47988  321  158   17.00000   15.00000  11.8%   121 39576s
 1866135 1671755   15.65221  581  148   17.00000   15.00000  11.8%   121 39592s
 1867728 1673614   15.79436  924  143   17.00000   15.00000  11.8%   121 39607s
 1869641 1674060   15.00000   55  158   17.00000   15.00000  11.8%   121 39617s
 1870123 1674303   15.00000   58  155   17.00000   15.00000  11.8%   121 39624s
 1870392 1674604   15.00000   64  158   17.00000   15.00000  11.8%   121 39632s
 1870707 1674912   15.01250   78  171   17.00000   15.00000  11.8%   121 39640s
 1871049 1675241   15.04502  101  176   17.00000   15.00000  11.8%   121 39649s
 1871400 1675441   15.06395  122  170   17.00000   15.00000  11.8%   121 39658s
 1871616 1676023   15.12146  148  178   17.00000   15.00000  11.8%   121 39667s
 1872204 1677148   15.15122  174  181   17.00000   15.00000  11.8%   121 39678s
 1873356 1677651   15.22177  234  178   17.00000   15.00000  11.8%   121 39687s
 1873886 1677942   15.27402  305  171   17.00000   15.00000  11.8%   121 39695s
 1874194 1678243   15.31753  367  171   17.00000   15.00000  11.8%   121 39705s
 1874505 1678864   15.33910  395  179   17.00000   15.00000  11.8%   121 39714s
 1875128 1679613   15.37688  475  183   17.00000   15.00000  11.8%   121 39723s
 1875883 1680863   15.42359  579  183   17.00000   15.00000  11.8%   121 39737s
 1877141 1682596   15.50189  743  170   17.00000   15.00000  11.8%   121 39753s
 1878891 1684430   15.59696  919  169   17.00000   15.00000  11.8%   121 39771s
 1880793 1684586   15.75596 1336  163   17.00000   15.00000  11.8%   121 39778s
 1880975 1685070   15.76502 1378  165   17.00000   15.00000  11.8%   121 39788s
 1881509 1685679   15.79359 1428  166   17.00000   15.00000  11.8%   121 39798s
 1882168 1686018   15.92240 1898  164   17.00000   15.00000  11.8%   121 39806s
 1882564 1686361   15.29505   85  161   17.00000   15.00000  11.8%   121 39815s
 1882933 1686620   15.39400  156  165   17.00000   15.00000  11.8%   121 39825s
 1883200 1687277   15.42642  192  172   17.00000   15.00000  11.8%   121 39836s
 1883889 1688717   15.47063  252  161   17.00000   15.00000  11.8%   121 39853s
 1885409 1689229   15.56618  396  161   17.00000   15.00000  11.8%   121 39862s
 1885937 1689857   15.63508  572  156   17.00000   15.00000  11.8%   121 39873s
 1886571 1690707   15.71361  786  147   17.00000   15.00000  11.8%   121 39884s
 1887425 1691718   15.86396 1231  142   17.00000   15.00000  11.8%   121 39895s
 1888456 1692737   16.00000   64  124   17.00000   15.00000  11.8%   121 39906s
 1889493 1693102   16.00000   88  125   17.00000   15.00000  11.8%   121 39913s
 1889890 1693490   15.25049  107  149   17.00000   15.00000  11.8%   121 39922s
 1890300 1694292   15.46946  170  149   17.00000   15.00000  11.8%   121 39934s
 1891136 1695083   15.68928  327  135   17.00000   15.00000  11.8%   121 39945s
 1891984 1695625   15.13619   71  175   17.00000   15.00000  11.8%   121 39953s
 1892534 1696161   15.27353  125  183   17.00000   15.00000  11.8%   121 39962s
 1893092 1696523   15.34946  183  178   17.00000   15.00000  11.8%   121 39972s
 1893460 1698069   15.42158  245  180   17.00000   15.00000  11.8%   121 39988s
 1895016 1699337   15.68138  350  157   17.00000   15.00000  11.8%   121 39998s
 1896314 1700707   15.82033  456  166   17.00000   15.00000  11.8%   121 40010s
 1897712 1701193   15.89289  597  161   17.00000   15.00000  11.8%   120 40016s
 1898231 1701500   16.00000   61  133   17.00000   15.00000  11.8%   120 40023s
 1898560 1701807   16.00000   66  123   17.00000   15.00000  11.8%   120 40029s
 1898903 1702299   16.00000   67   94   17.00000   15.00000  11.8%   120 40038s
 1899419 1702465   16.00000   71  127   17.00000   15.00000  11.8%   120 40045s
 1899618 1702932   16.00000   77  118   17.00000   15.00000  11.8%   120 40055s
 1900123 1703914   16.00000   83  130   17.00000   15.00000  11.8%   120 40068s
 1901139 1704239   16.00000   89  139   17.00000   15.00000  11.8%   120 40075s
 1901523 1704522     cutoff   92        17.00000   15.00000  11.8%   120 40082s
 1901852 1704844   16.00000   94  119   17.00000   15.00000  11.8%   120 40090s
 1902210 1705307     cutoff  102        17.00000   15.00000  11.8%   120 40098s
 1902719 1705591   16.00000  108  128   17.00000   15.00000  11.8%   120 40108s
 1903047 1705889   16.00000  116  126   17.00000   15.00000  11.8%   120 40117s
 1903413 1706281   16.00000  124  136   17.00000   15.00000  11.8%   120 40127s
 1903863 1707039   15.01100   48  171   17.00000   15.00000  11.8%   120 40139s
 1904697 1707580     cutoff   60        17.00000   15.00000  11.8%   120 40149s
 1905334 1707946   15.00000   46  164   17.00000   15.00000  11.8%   120 40159s
 1905738 1708457   15.00000   55  167   17.00000   15.00000  11.8%   120 40169s
 1906297 1709101   15.00000   62  173   17.00000   15.00000  11.8%   120 40180s
 1906985 1709412   15.03151   90  183   17.00000   15.00000  11.8%   120 40190s
 1907338 1710222   15.07683  130  179   17.00000   15.00000  11.8%   120 40201s
 1908192 1712755   15.15156  166  185   17.00000   15.00000  11.8%   120 40225s
 1910825 1713595   15.23267  257  182   17.00000   15.00000  11.8%   120 40233s
 1911679 1714401   15.25848  287  183   17.00000   15.00000  11.8%   120 40241s
 1912539 1715229   15.27684  323  191   17.00000   15.00000  11.8%   120 40249s
 1913399 1715833   15.30709  368  187   17.00000   15.00000  11.8%   120 40255s
 1914049 1716296   15.33162  411  182   17.00000   15.00000  11.8%   120 40261s
 1914562 1716904   15.36180  464  184   17.00000   15.00000  11.8%   120 40270s
 1915230 1717288   15.38866  506  189   17.00000   15.00000  11.8%   120 40275s
 1915656 1717608   15.41499  560  182   17.00000   15.00000  11.8%   120 40280s
 1916050 1717807   15.43739  607  181   17.00000   15.00000  11.8%   120 40285s
 1916663 1718418   15.48610  762  181   17.00000   15.00000  11.8%   120 40294s
 1917096 1718509   15.51317  855  177   17.00000   15.00000  11.8%   120 40300s
 1917225 1718850   15.51639  872  179   17.00000   15.00000  11.8%   120 40307s
 1917740 1719313   15.52106  890  177   17.00000   15.00000  11.8%   120 40313s
 1918303 1719968   15.56860 1008  176   17.00000   15.00000  11.8%   120 40320s
 1918982 1720878   15.61815 1162  174   17.00000   15.00000  11.8%   120 40327s
 1919916 1721896   15.67196 1337  170   17.00000   15.00000  11.8%   120 40334s
 1920968 1722663   15.72211 1522  172   17.00000   15.00000  11.8%   120 40340s
 1921772 1723270   15.76186 1711  167   17.00000   15.00000  11.8%   120 40347s
 1922418 1724238   15.86389 2028  164   17.00000   15.00000  11.8%   120 40356s
 1923447 1725374   15.06003   61  162   17.00000   15.00000  11.8%   120 40371s
 1924714 1726312   15.08380   71  158   17.00000   15.00000  11.8%   120 40383s
 1925719 1727324   15.11283   78  161   17.00000   15.00000  11.8%   120 40394s
 1926777 1728093   15.12660   83  166   17.00000   15.00000  11.8%   120 40403s
 1927605 1728680   15.13589   87  163   17.00000   15.00000  11.8%   120 40413s
 1928252 1729726   15.14594   93  161   17.00000   15.00000  11.8%   120 40424s
 1929378 1730018   15.15474   98  164   17.00000   15.00000  11.8%   120 40435s
 1929759 1730446   15.16282  102  165   17.00000   15.00000  11.8%   120 40445s
 1930239 1731064   15.25020  108  161   17.00000   15.00000  11.8%   120 40457s
 1930907 1731969   15.26897  114  172   17.00000   15.00000  11.8%   120 40468s
 1931892 1732592   15.28930  120  166   17.00000   15.00000  11.8%   120 40480s
 1932617 1732789   15.31008  127  168   17.00000   15.00000  11.8%   120 40491s
 1932904 1733282   15.32642  131  169   17.00000   15.00000  11.8%   120 40503s
 1933449 1733797   15.34034  138  166   17.00000   15.00000  11.8%   120 40515s
 1934028 1734120   15.34604  143  168   17.00000   15.00000  11.8%   120 40526s
 1934423 1734602   15.35775  151  170   17.00000   15.00000  11.8%   120 40537s
 1934959 1734941   15.37832  158  171   17.00000   15.00000  11.8%   120 40550s
 1935368 1735826   15.39688  162  170   17.00000   15.00000  11.8%   120 40564s
 1936350 1735834   15.41364  171  170   17.00000   15.00000  11.8%   120 40582s
 1936358 1735841   15.61607  171  167   17.00000   15.00000  11.8%   120 40606s
 1936367 1735848   15.41447  172  168   17.00000   15.00000  11.8%   120 40632s
 1936376 1735855   15.68555  172  153   17.00000   15.00000  11.8%   120 40648s
 1936385 1735862   15.41811  173  173   17.00000   15.00000  11.8%   120 40673s
 1936394 1735869   16.00000  173  136   17.00000   15.00000  11.8%   120 40699s
 1936403 1735877   15.41811  174  172   17.00000   15.00000  11.8%   120 40717s
 1936413 1735952   15.49840  174  155   17.00000   15.00000  11.8%   120 40729s
 1936566 1736159   15.41851  180  175   17.00000   15.00000  11.8%   120 40739s
 1936851 1736703   15.46857  191  177   17.00000   15.00000  11.8%   120 40753s
 1937493 1737260   15.48089  200  174   17.00000   15.00000  11.8%   120 40764s
 1938165 1738652   15.52613  209  171   17.00000   15.00000  11.8%   120 40781s
 1939695 1739803   15.54903  220  174   17.00000   15.00000  11.8%   120 40791s
 1940916 1741080   15.56473  226  180   17.00000   15.00000  11.8%   120 40801s
 1942274 1741348   15.57206  231  177   17.00000   15.00000  11.8%   120 40808s
 1942596 1741660   15.57961  235  176   17.00000   15.00000  11.8%   120 40815s
 1942966 1742284   15.79110  239  152   17.00000   15.00000  11.8%   120 40824s
 1943644 1742742   15.59520  244  172   17.00000   15.00000  11.8%   120 40832s
 1944168 1743484   15.59940  249  174   17.00000   15.00000  11.8%   120 40843s
 1945000 1743902   15.61299  255  166   17.00000   15.00000  11.8%   120 40852s
 1945488 1744296   15.61769  262  161   17.00000   15.00000  11.8%   120 40861s
 1945968 1744521   15.62340  268  163   17.00000   15.00000  11.8%   120 40869s
 1946245 1744673   15.62843  274  164   17.00000   15.00000  11.8%   120 40878s
 1946431 1745118   15.63652  281  163   17.00000   15.00000  11.8%   120 40888s
 1946970 1745566   15.64223  287  165   17.00000   15.00000  11.8%   120 40898s
 1947532 1746165   15.65015  294  165   17.00000   15.00000  11.8%   120 40909s
 1948231 1746781   15.65659  301  166   17.00000   15.00000  11.8%   120 40919s
 1949000 1747387   15.66751  310  163   17.00000   15.00000  11.8%   120 40928s
 1949720 1748292   15.67316  319  164   17.00000   15.00000  11.8%   120 40939s
 1950757 1749237   15.68091  329  165   17.00000   15.00000  11.8%   120 40951s
 1951880 1749547   15.69870  338  162   17.00000   15.00000  11.8%   120 40959s
 1952342 1749935   15.70569  345  164   17.00000   15.00000  11.8%   120 40968s
 1952902 1750981   15.71372  354  161   17.00000   15.00000  11.8%   120 40985s
 1954250 1751915   15.73082  373  161   17.00000   15.00000  11.8%   119 40996s
 1955414 1752459   15.73670  383  158   17.00000   15.00000  11.8%   119 41004s
 1956181 1752583   15.74734  394  161   17.00000   15.00000  11.8%   119 41011s
 1956516 1753199   15.98200  405  149   17.00000   15.00000  11.8%   119 41020s
 1957288 1753703   15.75718  411  162   17.00000   15.00000  11.8%   119 41029s
 1958050 1754057   15.76596  427  165   17.00000   15.00000  11.8%   119 41037s
 1958728 1754434   15.77377  442  159   17.00000   15.00000  11.8%   119 41045s
 1959471 1754963   15.78271  465  155   17.00000   15.00000  11.8%   119 41054s
 1960497 1755824   15.80279  485  160   17.00000   15.00000  11.8%   119 41064s
 1961592 1756537   15.81313  501  159   17.00000   15.00000  11.8%   119 41072s
 1962354 1756982   15.81952  521  156   17.00000   15.00000  11.8%   119 41081s
 1962833 1757920   15.82582  540  155   17.00000   15.00000  11.8%   119 41091s
 1963863 1758242   15.84042  576  157   17.00000   15.00000  11.8%   119 41099s
 1964269 1759174   15.86236  618  154   17.00000   15.00000  11.8%   119 41112s
 1965315 1759736   15.87649  669  153   17.00000   15.00000  11.8%   119 41123s
 1965973 1759981   15.88381  708  152   17.00000   15.00000  11.8%   119 41133s
 1966346 1760271   15.92260  771  150   17.00000   15.00000  11.8%   119 41143s
 1966852 1760655   15.11883   55  151   17.00000   15.00000  11.8%   119 41152s
 1967244 1761044   15.24414  112  161   17.00000   15.00000  11.8%   119 41161s
 1967633 1761723   15.38002  186  162   17.00000   15.00000  11.8%   119 41180s
 1968312 1763826   15.52270  309  156   17.00000   15.00000  11.8%   119 41203s
 1970449 1764021   15.94607  829  150   17.00000   15.00000  11.8%   119 41216s
 1970662 1764468   15.18014   95  172   17.00000   15.00000  11.8%   119 41226s
 1971117 1765050   15.24160  150  173   17.00000   15.00000  11.8%   119 41237s
 1971715 1765740   15.29290  213  168   17.00000   15.00000  11.8%   119 41249s
 1972435 1766753   15.35617  289  167   17.00000   15.00000  11.8%   119 41262s
 1973474 1767343   15.41065  390  169   17.00000   15.00000  11.8%   119 41273s
 1974112 1769069   15.46104  483  172   17.00000   15.00000  11.8%   119 41287s
 1975844 1770750   15.49170  560  175   17.00000   15.00000  11.8%   119 41298s
 1977573 1771444   15.53117  684  170   17.00000   15.00000  11.8%   119 41305s
 1978273 1772243   15.57588  815  166   17.00000   15.00000  11.8%   119 41315s
 1979094 1772944   15.61740  932  163   17.00000   15.00000  11.8%   119 41324s
 1979806 1773843   15.66971 1098  160   17.00000   15.00000  11.8%   119 41333s
 1980717 1775146   15.75687 1304  166   17.00000   15.00000  11.8%   119 41343s
 1982030 1775750   15.82370 1551  152   17.00000   15.00000  11.8%   119 41351s
 1982646 1777654   15.85825 1721  147   17.00000   15.00000  11.8%   119 41368s
 1984743 1777775   15.29773   83  132   17.00000   15.00000  11.8%   119 41374s
 1984904 1777995   16.00000  122  105   17.00000   15.00000  11.8%   119 41380s
 1985208 1778279     cutoff   49        17.00000   15.00000  11.8%   119 41387s
 1985600 1778877   16.00000   73  124   17.00000   15.00000  11.8%   119 41395s
 1986436 1779581     cutoff  105        17.00000   15.00000  11.8%   119 41404s
 1987313 1780100   16.00000  133  114   17.00000   15.00000  11.8%   119 41412s
 1987872 1780947   15.32754   48  165   17.00000   15.00000  11.8%   119 41421s
 1988743 1781546   16.00000  103  121   17.00000   15.00000  11.8%   119 41430s
 1989372 1781683   16.00000  139  126   17.00000   15.00000  11.8%   119 41438s
 1989525 1781870   16.00000  172  148   17.00000   15.00000  11.8%   119 41447s
 1989799 1782293   16.00000  201  142   17.00000   15.00000  11.8%   119 41457s
 1990475 1782973   16.00000  229  141   17.00000   15.00000  11.8%   119 41467s
 1991190 1783277   16.00000  257  132   17.00000   15.00000  11.8%   119 41478s
 1991516 1784029   16.00000  283  151   17.00000   15.00000  11.8%   119 41492s
 1992290 1784668     cutoff  290        17.00000   15.00000  11.8%   119 41503s
 1992975 1785506   15.09423   69  167   17.00000   15.00000  11.8%   119 41516s
 1993823 1786107   15.22456  136  165   17.00000   15.00000  11.8%   119 41529s
 1994448 1786659   15.30993  204  170   17.00000   15.00000  11.8%   119 41542s
 1995049 1787464   15.40599  322  165   17.00000   15.00000  11.8%   119 41555s
 1995866 1787654   15.50692  525  164   17.00000   15.00000  11.8%   119 41568s
 1996072 1788313   15.53554  582  163   17.00000   15.00000  11.8%   119 41580s
 1996733 1789242   15.72520  867  160   17.00000   15.00000  11.8%   119 41592s
 1997692 1790323   15.00000   56  156   17.00000   15.00000  11.8%   119 41610s
 1998781 1791738   15.26465   71  162   17.00000   15.00000  11.8%   119 41624s
 2000235 1792687     cutoff   91        17.00000   15.00000  11.8%   119 41635s
 2001194 1793243   16.00000  113  123   17.00000   15.00000  11.8%   119 41643s
 2001798 1793722   16.00000  129  125   17.00000   15.00000  11.8%   119 41651s
 2002302 1794175     cutoff  148        17.00000   15.00000  11.8%   119 41660s
 2002779 1794512     cutoff  162        17.00000   15.00000  11.8%   119 41668s
 2003140 1794853   15.02897  100  170   17.00000   15.00000  11.8%   119 41677s
 2003505 1795328   16.00000  124  136   17.00000   15.00000  11.8%   119 41686s
 2003996 1795542   16.00000  140  137   17.00000   15.00000  11.8%   119 41696s
 2004236 1796241   15.00000   32  160   17.00000   15.00000  11.8%   119 41707s
 2004975 1796676   15.00000   36  142   17.00000   15.00000  11.8%   119 41719s
 2005448 1796970   15.00000   39  145   17.00000   15.00000  11.8%   119 41730s
 2005782 1797365   15.00000   43  159   17.00000   15.00000  11.8%   119 41740s
 2006248 1797726   15.00212   45  174   17.00000   15.00000  11.8%   119 41750s
 2006636 1797898   15.01263   53  167   17.00000   15.00000  11.8%   119 41762s
 2006823 1798537   15.02095   58  168   17.00000   15.00000  11.8%   119 41775s
 2007478 1799302   15.03734   63  178   17.00000   15.00000  11.8%   119 41790s
 2008256 1800645   15.23318   68  162   17.00000   15.00000  11.8%   119 41807s
 2009643 1801810   15.08088   76  166   17.00000   15.00000  11.8%   119 41821s
 2010863 1802251   15.09651   85  169   17.00000   15.00000  11.8%   119 41834s
 2011326 1803025   15.27270   93  157   17.00000   15.00000  11.8%   119 41847s
 2012120 1804395   15.13041  100  169   17.00000   15.00000  11.8%   119 41868s
 2013527 1804490   15.62288  108  160   17.00000   15.00000  11.8%   119 41878s
 2013650 1805251   16.00000  110  150   17.00000   15.00000  11.8%   119 41889s
 2014503 1806010   15.16491  115  168   17.00000   15.00000  11.8%   119 41900s
 2015330 1806783   15.17348  123  166   17.00000   15.00000  11.8%   119 41912s
 2016166 1807670   15.17959  128  168   17.00000   15.00000  11.8%   119 41925s
 2017121 1808011   15.18255  136  173   17.00000   15.00000  11.8%   119 41936s
 2017512 1808547   15.19085  141  169   17.00000   15.00000  11.8%   119 41948s
 2018096 1809403   15.19855  149  172   17.00000   15.00000  11.8%   119 41963s
 2019020 1810306   15.20234  155  173   17.00000   15.00000  11.8%   119 41975s
 2020035 1810724   15.20782  162  170   17.00000   15.00000  11.8%   119 41986s
 2020525 1811062   15.22355  171  174   17.00000   15.00000  11.8%   119 41996s
 2020965 1811273   15.23181  178  173   17.00000   15.00000  11.8%   119 42013s
 2021226 1811414   15.24173  186  177   17.00000   15.00000  11.8%   119 42024s
 2021451 1811551   15.25055  195  177   17.00000   15.00000  11.8%   119 42033s
 2021706 1811674   15.25833  202  172   17.00000   15.00000  11.8%   119 42044s
 2021957 1811777   15.27035  210  172   17.00000   15.00000  11.8%   119 42060s
 2022202 1812092   15.50616  218  161   17.00000   15.00000  11.8%   119 42071s
 2022739 1812312   15.28414  228  182   17.00000   15.00000  11.8%   119 42082s
 2023183 1812512   15.29183  237  181   17.00000   15.00000  11.8%   119 42094s
 2023829 1812791   15.30365  246  175   17.00000   15.00000  11.8%   119 42107s
 2024349 1813147   15.30994  255  168   17.00000   15.00000  11.8%   119 42119s
 2024743 1813602   15.31301  264  172   17.00000   15.00000  11.8%   119 42133s
 2025253 1814268   15.31740  274  175   17.00000   15.00000  11.8%   119 42150s
 2026013 1814680   15.32544  285  180   17.00000   15.00000  11.8%   119 42164s
 2026515 1815185   15.33306  295  176   17.00000   15.00000  11.8%   119 42179s
 2027128 1815747   15.34186  306  170   17.00000   15.00000  11.8%   119 42195s
 2027840 1816291   15.34686  316  168   17.00000   15.00000  11.8%   119 42211s
 2028546 1817962   15.35222  328  175   17.00000   15.00000  11.8%   119 42232s
 2030502 1818849   15.35703  341  169   17.00000   15.00000  11.8%   119 42247s
 2031722 1819811   15.35979  350  173   17.00000   15.00000  11.8%   119 42262s
 2033141 1820309   15.36184  357  171   17.00000   15.00000  11.8%   119 42276s
 2033639 1820749   15.68089  363  149   17.00000   15.00000  11.8%   119 42288s
 2034182 1821023   15.37028  370  170   17.00000   15.00000  11.8%   119 42297s
 2034656 1821475   15.37307  377  166   17.00000   15.00000  11.8%   119 42307s
 2035176 1821912   15.38047  385  165   17.00000   15.00000  11.8%   119 42316s
 2035617 1822499   15.38542  393  171   17.00000   15.00000  11.8%   119 42327s
 2036210 1823705   15.38964  399  166   17.00000   15.00000  11.8%   119 42338s
 2037454 1824416   15.39367  406  169   17.00000   15.00000  11.8%   119 42347s
 2038171 1825647   15.39917  413  174   17.00000   15.00000  11.8%   119 42357s
 2039418 1825885   15.40284  419  164   17.00000   15.00000  11.8%   119 42366s
 2039682 1826317   15.40745  425  167   17.00000   15.00000  11.8%   119 42376s
 2040133 1827057   15.62579  426  161   17.00000   15.00000  11.8%   119 42388s
 2040885 1827647   15.41312  435  161   17.00000   15.00000  11.8%   119 42401s
 2041497 1827856   15.41668  441  173   17.00000   15.00000  11.8%   119 42412s
 2041712 1828182   15.42000  448  162   17.00000   15.00000  11.8%   119 42429s
 2042056 1830649   15.42308  458  171   17.00000   15.00000  11.8%   119 42464s
 2044549 1831772   15.43856  485  165   17.00000   15.00000  11.8%   119 42480s
 2045676 1833309   15.44043  494  158   17.00000   15.00000  11.8%   119 42495s
 2047258 1833629   15.44685  501  163   17.00000   15.00000  11.8%   119 42504s
 2047582 1834164   15.44949  508  166   17.00000   15.00000  11.8%   119 42512s
 2048121 1834903   15.45132  514  166   17.00000   15.00000  11.8%   119 42522s
 2048866 1835775   15.45478  522  166   17.00000   15.00000  11.8%   119 42533s
 2049815 1836779   15.46075  530  165   17.00000   15.00000  11.8%   119 42545s
 2050851 1837388   15.46295  537  162   17.00000   15.00000  11.8%   119 42558s
 2051504 1838749   15.46645  544  165   17.00000   15.00000  11.8%   119 42573s
 2052897 1838757   15.46837  550  162   17.00000   15.00000  11.8%   119 42591s
 2052905 1838764   16.00000  550  145   17.00000   15.00000  11.8%   119 42606s
 2052914 1838771   15.46869  551  164   17.00000   15.00000  11.8%   119 42634s
 2052923 1838778   16.00000  551  132   17.00000   15.00000  11.8%   119 42656s
 2052932 1838833   15.46901  552  165   17.00000   15.00000  11.8%   119 42667s
 2053017 1838942   15.81253  552  163   17.00000   15.00000  11.8%   119 42679s
 2053146 1839246   15.46952  553  160   17.00000   15.00000  11.8%   119 42688s
 2053476 1839910   15.47324  559  162   17.00000   15.00000  11.8%   119 42710s
 2054160 1840556   15.47546  564  158   17.00000   15.00000  11.8%   119 42720s
 2054826 1841336   15.47640  571  162   17.00000   15.00000  11.8%   119 42730s
 2055622 1842497   15.48006  580  167   17.00000   15.00000  11.8%   119 42742s
 2056805 1844287   15.48298  588  162   17.00000   15.00000  11.8%   119 42760s
 2058665 1844508   15.48871  597  161   17.00000   15.00000  11.8%   119 42766s
 2058933 1844962   15.49088  602  167   17.00000   15.00000  11.8%   119 42773s
 2059427 1845531   15.49265  607  161   17.00000   15.00000  11.8%   119 42782s
 2060020 1845947   15.49430  613  164   17.00000   15.00000  11.8%   119 42790s
 2060454 1846923   15.49589  618  161   17.00000   15.00000  11.8%   119 42803s
 2061458 1847978   15.50033  623  165   17.00000   15.00000  11.8%   119 42815s
 2062573 1848489   15.50082  629  165   17.00000   15.00000  11.8%   119 42825s
 2063145 1849054   15.50337  635  162   17.00000   15.00000  11.8%   119 42835s
 2063827 1849349   15.50542  641  160   17.00000   15.00000  11.8%   119 42844s
 2064180 1849755   15.50740  647  157   17.00000   15.00000  11.8%   119 42855s
 2064628 1850230   15.50978  654  163   17.00000   15.00000  11.8%   119 42865s
 2065157 1850504   15.51161  660  155   17.00000   15.00000  11.8%   119 42875s
 2065485 1850970   15.51319  667  155   17.00000   15.00000  11.8%   119 42887s
 2066063 1851442   15.51526  674  162   17.00000   15.00000  11.8%   119 42900s
 2066619 1851890   15.51579  677  158   17.00000   15.00000  11.8%   119 42911s
 2067153 1852272   15.51741  684  155   17.00000   15.00000  11.8%   119 42923s
 2067609 1852887   15.51901  692  155   17.00000   15.00000  11.8%   119 42936s
 2068350 1853941   15.52029  698  159   17.00000   15.00000  11.8%   119 42953s
 2069562 1854201   15.52179  706  161   17.00000   15.00000  11.8%   119 42965s
 2069895 1854776   15.52398  714  154   17.00000   15.00000  11.8%   119 42977s
 2070646 1855328   15.52956  723  162   17.00000   15.00000  11.8%   119 42989s
 2071446 1856086   15.53149  730  162   17.00000   15.00000  11.8%   119 43003s
 2072702 1856565   15.54141  741  159   17.00000   15.00000  11.8%   119 43011s
 2073191 1857393   15.54413  747  164   17.00000   15.00000  11.8%   119 43023s
 2074019 1858181   15.54682  754  165   17.00000   15.00000  11.8%   119 43036s
 2074809 1859327   15.54879  761  162   17.00000   15.00000  11.8%   119 43049s
 2076085 1859823   15.55067  768  166   17.00000   15.00000  11.8%   119 43058s
 2076646 1860475   15.55284  776  159   17.00000   15.00000  11.8%   119 43068s
 2077334 1861501   15.55495  783  161   17.00000   15.00000  11.8%   119 43080s
 2078374 1862886   15.55718  791  162   17.00000   15.00000  11.8%   119 43093s
 2079779 1863677   15.55887  798  163   17.00000   15.00000  11.8%   119 43104s
 2080627 1864239   15.56175  806  162   17.00000   15.00000  11.8%   119 43113s
 2081195 1864472   15.56373  812  162   17.00000   15.00000  11.8%   119 43122s
 2081446 1865124   15.56588  820  158   17.00000   15.00000  11.8%   119 43132s
 2082116 1866112   15.56710  827  158   17.00000   15.00000  11.8%   119 43143s
 2083141 1866943   15.56869  834  159   17.00000   15.00000  11.8%   119 43155s
 2083984 1868098   15.56950  841  160   17.00000   15.00000  11.8%   119 43167s
 2085174 1868596   15.57105  848  157   17.00000   15.00000  11.8%   119 43177s
 2085688 1869243   15.57227  854  166   17.00000   15.00000  11.8%   119 43189s
 2086345 1870036   15.57390  860  160   17.00000   15.00000  11.8%   119 43200s

Cutting planes:
  MIR: 2
  Flow cover: 23

Explored 2087152 nodes (247389346 simplex iterations) in 43200.07 seconds (115280.36 work units)
Thread count was 8 (of 56 available processors)

Solution count 10: 17 18 19 ... 26

Time limit reached
Best objective 1.700000000000e+01, best bound 1.500000000000e+01, gap 11.7647%

User-callback calls 14156299, time in user-callback 62.08 sec
Set parameter TimeLimit to value 1.7992458882331848e+03
Gurobi Optimizer version 12.0.3 build v12.0.3rc0 (linux64 - "Ubuntu 24.04.4 LTS")

CPU model: Intel(R) Xeon(R) Gold 6348 CPU @ 2.60GHz, instruction set [SSE2|AVX|AVX2|AVX512]
Thread count: 56 physical cores, 56 logical processors, using up to 8 threads

Non-default parameters:
TimeLimit  1.7992458882331848e+03
Threads  8

Optimize a model with 303 rows, 38130 columns and 935045 nonzeros
Model fingerprint: 0x3676dd2b
Variable types: 0 continuous, 38130 integer (38130 binary)
Coefficient statistics:
  Matrix range     [1e+00, 1e+00]
  Objective range  [1e-11, 1e+02]
  Bounds range     [1e+00, 1e+00]
  RHS range        [1e+00, 2e+01]

Loaded user MIP start with objective 744.616
MIP start from previous solve did not produce a new incumbent solution

Presolve removed 0 rows and 149 columns
Presolve time: 2.03s
Presolved: 303 rows, 37981 columns, 931666 nonzeros
Variable types: 0 continuous, 37981 integer (37981 binary)

Starting sifting (using dual simplex for sub-problems)...

    Iter     Pivots    Primal Obj      Dual Obj        Time
       0          0     infinity     -4.9476512e-10      2s
       1       1822   2.0466212e+06   3.3799957e+01      2s
       2       3204   7.6918101e+02   1.4087419e+02      2s
       3       4679   6.7630084e+02   2.0709513e+02      3s
       4       6169   5.5972923e+02   3.0722129e+02      3s
       5       7711   4.8114009e+02   3.7669394e+02      3s
       6       9392   4.6060675e+02   4.1735229e+02      3s
       7      10944   4.5715365e+02   4.3763299e+02      4s
       8      12284   4.5702397e+02   4.5152204e+02      4s
       9      13192   4.5702397e+02   4.5316698e+02      4s

Sifting complete


Root relaxation: objective 4.570240e+02, 13940 iterations, 2.50 seconds (3.80 work units)

    Nodes    |    Current Node    |     Objective Bounds      |     Work
 Expl Unexpl |  Obj  Depth IntInf | Incumbent    BestBd   Gap | It/Node Time

     0     0  457.02397    0  254  744.61600  457.02397  38.6%     -    4s
H    0     0                     738.1680000  457.02397  38.1%     -    6s
     0     0  457.29398    0  272  738.16800  457.29398  38.1%     -    8s
H    0     0                     737.4240000  457.29398  38.0%     -   15s
     0     0  457.54173    0  270  737.42400  457.54173  38.0%     -   18s
     0     0  457.92051    0  269  737.42400  457.92051  37.9%     -   20s
     0     0  458.04364    0  275  737.42400  458.04364  37.9%     -   22s
     0     0  458.15497    0  276  737.42400  458.15497  37.9%     -   22s
     0     0  458.17165    0  280  737.42400  458.17165  37.9%     -   22s
     0     0  458.32334    0  280  737.42400  458.32334  37.8%     -   24s
     0     0  458.37741    0  283  737.42400  458.37741  37.8%     -   26s
     0     0  458.39277    0  283  737.42400  458.39277  37.8%     -   26s
     0     0  458.43082    0  284  737.42400  458.43082  37.8%     -   28s
     0     0  458.45911    0  287  737.42400  458.45911  37.8%     -   32s
     0     0  458.45934    0  287  737.42400  458.45934  37.8%     -   34s
     0     2  458.46283    0  287  737.42400  458.46283  37.8%     -   51s
     3     8  458.90184    2  282  737.42400  458.87846  37.8%   551   55s
    52    71  459.50163    8  292  737.42400  459.02159  37.8%   338   63s
H   79    88                     729.4880000  459.02159  37.1%   283   64s
    87    96  459.76067   15  289  729.48800  459.02159  37.1%   287   66s
    95   104  459.77646   16  289  729.48800  459.02159  37.1%   276   70s
   143   152  460.11988   22  285  729.48800  459.02159  37.1%   220   75s
   167   176  460.44504   25  288  729.48800  459.02159  37.1%   206   80s
   199   208  460.86696   29  282  729.48800  459.02159  37.1%   196   85s
   215   224  460.95792   31  283  729.48800  459.02159  37.1%   188   90s
   223   232  460.99280   32  281  729.48800  459.02159  37.1%   184   98s
   231   241  461.01326   33  280  729.48800  459.02159  37.1%   188  101s
   240   254  461.07319   34  280  729.48800  459.02159  37.1%   183  106s
   287   296  461.22042   37  282  729.48800  459.02159  37.1%   168  112s
   295   312  461.28962   38  280  729.48800  459.02159  37.1%   167  117s
   332   356  461.35429   40  280  729.48800  459.02159  37.1%   159  121s
   376   396  461.44565   42  280  729.48800  459.02159  37.1%   151  125s
   470   523  461.98369   57  285  729.48800  459.02159  37.1%   140  131s
   589   657  462.49766   77  285  729.48800  459.02159  37.1%   127  135s
   882   996  463.58254  115  282  729.48800  459.02159  37.1%   107  142s
  1107  1230  464.34197  132  285  729.48800  459.02159  37.1%   101  145s
  1472  1600  465.02753  163  279  729.48800  459.02159  37.1%  91.3  151s
  1915  2072  465.78232  199  275  729.48800  459.02159  37.1%  82.8  156s
  2200  2361  466.67441  220  281  729.48800  459.02159  37.1%  80.3  160s
  2735  2955  467.46341  274  288  729.48800  459.02159  37.1%  74.9  166s
  2954  2995  467.67190  301  286  729.48800  459.02159  37.1%  72.8  170s
  3010  3019  467.83098  308  285  729.48800  459.02159  37.1%  72.5  181s
  3018  3027  467.83438  309  285  729.48800  459.02159  37.1%  72.5  186s
  3034  3043  467.88157  311  285  729.48800  459.02159  37.1%  72.4  192s
  3050  3059  467.91759  313  285  729.48800  459.02159  37.1%  72.3  197s
  3058  3077  467.92993  314  287  729.48800  459.02159  37.1%  72.3  200s
  3076  3198  467.94114  315  286  729.48800  459.02159  37.1%  72.2  209s
  3197  3216  468.18458  333  286  729.48800  459.02159  37.1%  71.5  217s
  3215  3224  468.23230  334  283  729.48800  459.02159  37.1%  71.4  231s
H 3226  3246                     709.1120000  459.02159  35.3%  71.4  234s
  3245  3482  468.28298  336  281  709.11200  459.02159  35.3%  71.4  236s
  3739  4025  468.72245  402  284  709.11200  459.02159  35.3%  68.8  242s
  4024  4338  469.01453  429  280  709.11200  459.02159  35.3%  67.3  245s
  4659  4963  469.68811  490  276  709.11200  459.02159  35.3%  64.1  251s
  5299  5698  470.24601  551  278  709.11200  459.02159  35.3%  61.9  257s
  5697  6145  470.55507  585  282  709.11200  459.02159  35.3%  60.3  260s
  6606  7080  471.32262  669  280  709.11200  459.02159  35.3%  57.1  268s
  7079  7503  471.53343  711  280  709.11200  459.02159  35.3%  55.8  271s
  7503  7504  483.56187  378  287  709.11200  459.02159  35.3%  54.9  280s
  7505  7505  475.62985  753  254  709.11200  459.02159  35.3%  54.9  291s
  7506  7506  507.41270  383  270  709.11200  459.02159  35.3%  54.9  303s
  7509  7508  491.83424  995  274  709.11200  459.02159  35.3%  54.9  305s
H 7512  7134                     708.8640000  459.02159  35.2%  54.9  308s
  7514  7135  485.01733  469  285  708.86400  459.02159  35.2%  54.9  314s
  7515  7136  475.14526  633  283  708.86400  459.02159  35.2%  54.9  317s
  7517  7137  484.00905  426  284  708.86400  459.02159  35.2%  54.8  320s
  7518  7138  461.33790   40  284  708.86400  459.23542  35.2%  54.8  345s
  7521  7145  459.23542   12  282  708.86400  459.23542  35.2%  57.2  350s
  7541  7175  459.26822   15  289  708.86400  459.23542  35.2%  58.4  359s
  7562  7176  459.43938   17  287  708.86400  459.23542  35.2%  59.8  363s
  7570  7183  471.32344   17  247  708.86400  459.23542  35.2%  60.4  370s
  7579  7189  459.46789   18  285  708.86400  459.23542  35.2%  61.2  376s
  7588  7196  465.93552   18  254  708.86400  459.23542  35.2%  61.9  381s
  7598  7202  459.52261   19  288  708.86400  459.23542  35.2%  63.3  385s
  7618  7216  459.58286   20  287  708.86400  459.23542  35.2%  65.0  396s
  7628  7222  467.73469   20  260  708.86400  459.23542  35.2%  65.7  400s
  7638  7229  459.60670   21  289  708.86400  459.23542  35.2%  66.6  406s
  7648  7236  479.91983   21  271  708.86400  459.23542  35.2%  67.6  410s
  7672  7256  477.90813   22  258  708.86400  459.23542  35.2%  69.6  419s
  7686  7261  459.71836   23  296  708.86400  459.23542  35.2%  71.4  424s
  7696  7268  471.73276   23  258  708.86400  459.23542  35.2%  72.0  432s
  7706  7274  459.78158   24  290  708.86400  459.23542  35.2%  72.8  440s
  7726  7290  459.79606   25  288  708.86400  459.23542  35.2%  74.3  448s
  7738  7298  464.50093   25  266  708.86400  459.23542  35.2%  75.1  452s
  7750  7310  459.95900   26  291  708.86400  459.23542  35.2%  76.1  456s
  7766  7320  465.83807   26  255  708.86400  459.23542  35.2%  77.0  460s
  7782  7329  460.06924   27  288  708.86400  459.23542  35.2%  78.3  465s
  7796  7345  467.59924   27  262  708.86400  459.23542  35.2%  79.6  470s
  7817  7362  460.10321   28  287  708.86400  459.23542  35.2%  80.9  475s
  7841  7379  469.38657   28  264  708.86400  459.23542  35.2%  82.4  480s
  7866  7397  472.13521   29  254  708.86400  459.23542  35.2%  83.9  485s
  7892  7411  460.50802   31  283  708.86400  459.23542  35.2%  85.7  491s
  7915  7412  460.53369   32  284  708.86400  459.23542  35.2%  88.0  501s
  7923  7435  468.39532   32  243  708.86400  459.23542  35.2%  88.4  507s
  7949  7456  466.97529   33  264  708.86400  459.23542  35.2%  90.3  514s
  7979  7454  460.70585   35  283  708.86400  459.23542  35.2%  92.4  520s
  7987  7460  478.03661   35  250  708.86400  459.23542  35.2%  93.0  526s
  7995  7465  460.77650   36  279  708.86400  459.23542  35.2%  93.6  532s
  8003  7477  468.38339   36  246  708.86400  459.23542  35.2%  94.0  539s
  8018  7490  460.82299   37  282  708.86400  459.23542  35.2%  95.1  548s
  8036  7492  467.80011   37  250  708.86400  459.23542  35.2%  95.9  557s
  8044  7503  460.88663   38  280  708.86400  459.23542  35.2%  96.7  564s
  8057  7514  477.97360   38  267  708.86400  459.23542  35.2%  97.3  576s
  8073  7517  461.00228   39  280  708.86400  459.23542  35.2%  98.5  584s
  8081  7526  473.70412   39  260  708.86400  459.23542  35.2%  98.6  592s
  8093  7551  461.31602   41  280  708.86400  459.23542  35.2%   100  600s
  8122  7576  461.41083   43  270  708.86400  459.23542  35.2%   101  607s
  8156  7602  461.63022   45  270  708.86400  459.23542  35.2%   103  616s
  8194  7630  461.75201   47  277  708.86400  459.23542  35.2%   106  624s
  8234  7663  461.83209   49  275  708.86400  459.23542  35.2%   108  633s
  8281  7703  461.99645   51  276  708.86400  459.23542  35.2%   111  642s
  8336  7737  462.07526   54  277  708.86400  459.23542  35.2%   114  652s
  8389  7777  475.88243   56  260  708.86400  459.23542  35.2%   118  660s
  8446  7803  462.41701   59  280  708.86400  459.23542  35.2%   121  670s
H 8449  7445                     705.6000000  459.23542  34.9%   121  670s
  8491  7490  462.52952   61  286  705.60000  459.23542  34.9%   123  679s
  8550  7485  462.55712   64  284  705.60000  459.23542  34.9%   127  688s
  8565  7534  473.62734   64  249  705.60000  459.23542  34.9%   128  697s
  8619  7533  479.78455   66  245  705.60000  459.23542  34.9%   131  715s
  8636  7546  462.66703   67  280  705.60000  459.23542  34.9%   132  731s
  8655  7573  482.10735   67  253  705.60000  459.23542  34.9%   133  742s
  8688  7613  462.74294   68  284  705.60000  459.23542  34.9%   135  752s
  8739  7625  462.84019   70  280  705.60000  459.23542  34.9%   138  763s
  8768  7693  472.50006   72  251  705.60000  459.23542  34.9%   139  776s
  8846  7750  463.33539   76  280  705.60000  459.23542  34.9%   143  789s
  8929  7810  463.47812   80  277  705.60000  459.23542  34.9%   148  803s
  9016  7865  463.66789   84  276  705.60000  459.23542  34.9%   152  816s
  9100  7913  463.93201   88  280  705.60000  459.23542  34.9%   156  831s
  9176  7986  464.15011   92  278  705.60000  459.23542  34.9%   159  846s
  9275  8003  464.43444   97  280  705.60000  459.23542  34.9%   164  861s
  9325  8095  464.46252   98  283  705.60000  459.23542  34.9%   167  874s
  9433  8173  464.54198  102  279  705.60000  459.23542  34.9%   171  888s
  9547  8243  481.78672  106  242  705.60000  459.23542  34.9%   177  904s
  9655  8280  464.73178  110  276  705.60000  459.23542  34.9%   181  919s
  9728  8379  477.47603  112  242  705.60000  459.23542  34.9%   184  934s
  9852  8471  465.00420  118  274  705.60000  459.23542  34.9%   190  949s
  9985  8499  471.30223  123  266  705.60000  459.23542  34.9%   196  966s
 10057  8583  465.32648  127  277  705.60000  459.23542  34.9%   198  984s
 10165  8706  465.45431  133  277  705.60000  459.23542  34.9%   203 1002s
 10324  8754  465.63673  140  279  705.60000  459.23542  34.9%   209 1022s
 10425  8885  465.74150  144  280  705.60000  459.23542  34.9%   213 1041s
 10590  9003  466.14769  151  282  705.60000  459.23542  34.9%   220 1063s
 10763  9021  466.31952  158  276  705.60000  459.23542  34.9%   226 1086s
 10839  9160  466.36301  162  277  705.60000  459.23542  34.9%   229 1107s
 11003  9113  466.52252  170  281  705.60000  459.23542  34.9%   235 1141s
 11011  9119  487.43214  170  261  705.60000  459.23542  34.9%   235 1180s
 11019  9208  466.53231  171  276  705.60000  459.23542  34.9%   236 1210s
 11111  9328  466.60126  174  281  705.60000  459.23542  34.9%   239 1237s
 11262  9443  466.81602  180  283  705.60000  459.23542  34.9%   244 1265s
 11427  9546  466.95107  187  281  705.60000  459.23542  34.9%   249 1295s
 11585  9721  467.17552  193  283  705.60000  459.23542  34.9%   255 1327s
 11813  9825  467.69238  203  277  705.60000  459.23542  34.9%   262 1359s
 11993  9964  467.92789  212  278  705.60000  459.23542  34.9%   267 1393s
 12192 10134  468.17094  222  274  705.60000  459.23542  34.9%   272 1426s
 12428 10249  468.38290  234  275  705.60000  459.23542  34.9%   279 1462s
 12622 10424  468.53828  243  276  705.60000  459.23542  34.9%   285 1498s
 12861 10635  468.68306  252  273  705.60000  459.23542  34.9%   291 1534s
 13152 10772  468.87392  265  279  705.60000  459.23542  34.9%   298 1575s
 13386 10856  480.73948  274  255  705.60000  459.23542  34.9%   304 1623s
 13548 11085  469.30464  277  280  705.60000  459.23542  34.9%   307 1667s
 13831 11290  469.41411  284  280  705.60000  459.23542  34.9%   313 1713s
 14130 11566  469.71960  297  280  705.60000  459.23542  34.9%   319 1761s
 14506 11696  469.95534  313  281  705.60000  459.23542  34.9%   327 1799s

Cutting planes:
  MIR: 30
  Flow cover: 7
  Zero half: 1

Explored 14761 nodes (4910701 simplex iterations) in 1799.26 seconds (6333.96 work units)
Thread count was 8 (of 56 available processors)

Solution count 7: 705.6 708.864 709.112 ... 744.616

Time limit reached
Best objective 7.055999999999e+02, best bound 4.592354162284e+02, gap 34.9156%

User-callback calls 327316, time in user-callback 1.65 sec
