
Gurobi 12.0.3 (linux64) logging started Tue Sep 22 08:56:36 2026

Set parameter LogFile to value "/share/scaglione/nc437/evsp-dr/chain_extension_33_40_20260921/cases/w2_k34/cg/661638_r0/cg.json.gurobi.log"
Set parameter TimeLimit to value 1.2449724663729314e+04
Set parameter TimeLimit to value 1.2449724663729314e+04
Set parameter Method to value 1
Gurobi Optimizer version 12.0.3 build v12.0.3rc0 (linux64 - "Ubuntu 24.04.4 LTS")

CPU model: Intel(R) Xeon(R) Gold 6230 CPU @ 2.10GHz, instruction set [SSE2|AVX|AVX2|AVX512]
Thread count: 40 physical cores, 40 logical processors, using up to 1 threads

Non-default parameters:
TimeLimit  1.2449724663729314e+04
Method  1
BarHomogeneous  1
Threads  1

Optimize a model with 824 rows, 227583 columns and 6054457 nonzeros
Model fingerprint: 0xc7bf6878
Coefficient statistics:
  Matrix range     [1e+00, 1e+00]
  Objective range  [1e+05, 5e+05]
  Bounds range     [0e+00, 0e+00]
  RHS range        [1e+00, 1e+00]
Presolve removed 37 rows and 861 columns
Presolve time: 2.77s
Presolved: 787 rows, 226722 columns, 6053596 nonzeros

Iteration    Objective       Primal Inf.    Dual Inf.      Time
       0    3.7000000e+06   7.870000e+02   0.000000e+00      3s

Starting sifting (using dual simplex for sub-problems)...

    Iter     Pivots    Primal Obj      Dual Obj        Time
       0          0     infinity      3.7000000e+06      3s
       1        840   5.1200214e+07   4.8595071e+06      3s
       2       6123   1.2085950e+07   5.2975879e+06      5s
       3      10463   7.2713030e+06   5.7718411e+06      7s
       4      17171   6.9309794e+06   6.1785031e+06     10s
       5      26779   6.9018098e+06   6.8980960e+06     17s
       6      33767   6.9016206e+06   6.9005518e+06     23s
       7      41841   6.9014370e+06   6.9009302e+06     30s
       8      49330   6.9013780e+06   6.9011658e+06     39s
       9      56111   6.9013656e+06   6.9012749e+06     48s
      10      62677   6.9013603e+06   6.9013206e+06     57s
      11      69463   6.9013586e+06   6.9013378e+06     67s
      12      75158   6.9013583e+06   6.9013498e+06     76s

Sifting complete

   80226    6.9013583e+06   0.000000e+00   0.000000e+00     83s
   80226    6.9013583e+06   0.000000e+00   0.000000e+00     83s

Solved in 80226 iterations and 83.39 seconds (133.39 work units)
Optimal objective  6.901358290e+06
Set parameter TimeLimit to value 1.2328767274993937e+04
Set parameter Method to value 1
Gurobi Optimizer version 12.0.3 build v12.0.3rc0 (linux64 - "Ubuntu 24.04.4 LTS")

CPU model: Intel(R) Xeon(R) Gold 6230 CPU @ 2.10GHz, instruction set [SSE2|AVX|AVX2|AVX512]
Thread count: 40 physical cores, 40 logical processors, using up to 1 threads

Non-default parameters:
TimeLimit  1.2328767274993937e+04
Method  1
BarHomogeneous  1
Threads  1

Optimize a model with 824 rows, 227613 columns and 6055775 nonzeros
Coefficient statistics:
  Matrix range     [1e+00, 1e+00]
  Objective range  [1e+05, 5e+05]
  Bounds range     [0e+00, 0e+00]
  RHS range        [1e+00, 1e+00]
LP warm-start: use basis

Iteration    Objective       Primal Inf.    Dual Inf.      Time
       0   -1.0799784e+38   2.110098e+34   1.079978e+08      0s
     458    3.3014274e+06   1.806949e+03   0.000000e+00      6s
     817    3.3014277e+06   2.664939e+02   0.000000e+00     11s
    1175    3.3014280e+06   5.236127e+02   0.000000e+00     16s
    1531    3.3014283e+06   1.190883e+03   0.000000e+00     21s
    1891    3.3014287e+06   4.502584e+02   0.000000e+00     26s
    2248    3.3014290e+06   1.196768e+02   0.000000e+00     31s
    2603    3.3014291e+06   2.025395e+02   0.000000e+00     36s
    2959    3.3014293e+06   1.714749e+02   0.000000e+00     41s
    3313    3.3014294e+06   1.371455e+02   0.000000e+00     46s
    3672    3.3014294e+06   6.676884e+01   0.000000e+00     50s
    4028    3.3014295e+06   1.241313e+02   0.000000e+00     55s
    4383    3.3014295e+06   2.910607e+01   0.000000e+00     60s
    4743    3.3014296e+06   1.553039e+01   0.000000e+00     65s
    5102    3.3014296e+06   4.767609e-01   0.000000e+00     70s
    5142    3.3014296e+06   0.000000e+00   0.000000e+00     71s

Solved in 5142 iterations and 70.89 seconds (103.71 work units)
Optimal objective  3.301429571e+06
Set parameter TimeLimit to value 1.2229954763757531e+04
Set parameter Method to value 1
Gurobi Optimizer version 12.0.3 build v12.0.3rc0 (linux64 - "Ubuntu 24.04.4 LTS")

CPU model: Intel(R) Xeon(R) Gold 6230 CPU @ 2.10GHz, instruction set [SSE2|AVX|AVX2|AVX512]
Thread count: 40 physical cores, 40 logical processors, using up to 1 threads

Non-default parameters:
TimeLimit  1.2229954763757531e+04
Method  1
BarHomogeneous  1
Threads  1

Optimize a model with 824 rows, 227643 columns and 6056506 nonzeros
Coefficient statistics:
  Matrix range     [1e+00, 1e+00]
  Objective range  [1e+05, 5e+05]
  Bounds range     [0e+00, 0e+00]
  RHS range        [1e+00, 1e+00]
LP warm-start: use basis

Iteration    Objective       Primal Inf.    Dual Inf.      Time
       0   -3.0022589e+36   2.648856e+34   3.002259e+06      0s
     372    3.3014295e+06   2.069710e+02   0.000000e+00      6s
     731    3.3014296e+06   9.769583e+00   0.000000e+00     11s
    1064    3.3014296e+06   0.000000e+00   0.000000e+00     15s

Solved in 1064 iterations and 15.20 seconds (21.91 work units)
Optimal objective  3.301429571e+06
Set parameter TimeLimit to value 1.2190185443943832e+04
Set parameter Method to value 1
Gurobi Optimizer version 12.0.3 build v12.0.3rc0 (linux64 - "Ubuntu 24.04.4 LTS")

CPU model: Intel(R) Xeon(R) Gold 6230 CPU @ 2.10GHz, instruction set [SSE2|AVX|AVX2|AVX512]
Thread count: 40 physical cores, 40 logical processors, using up to 1 threads

Non-default parameters:
TimeLimit  1.2190185443943832e+04
Method  1
BarHomogeneous  1
Threads  1

Optimize a model with 824 rows, 227673 columns and 6057299 nonzeros
Coefficient statistics:
  Matrix range     [1e+00, 1e+00]
  Objective range  [1e+05, 5e+05]
  Bounds range     [0e+00, 0e+00]
  RHS range        [1e+00, 1e+00]
LP warm-start: use basis

Iteration    Objective       Primal Inf.    Dual Inf.      Time
       0   -3.0001218e+36   2.232807e+34   3.000122e+06      0s
     350    3.3014296e+06   3.028962e+01   0.000000e+00      5s
     643    3.3014296e+06   0.000000e+00   0.000000e+00      9s

Solved in 643 iterations and 9.10 seconds (13.26 work units)
Optimal objective  3.301429571e+06
Set parameter TimeLimit to value 1.2158855997095816e+04
Set parameter Method to value 1
Gurobi Optimizer version 12.0.3 build v12.0.3rc0 (linux64 - "Ubuntu 24.04.4 LTS")

CPU model: Intel(R) Xeon(R) Gold 6230 CPU @ 2.10GHz, instruction set [SSE2|AVX|AVX2|AVX512]
Thread count: 40 physical cores, 40 logical processors, using up to 1 threads

Non-default parameters:
TimeLimit  1.2158855997095816e+04
Method  1
BarHomogeneous  1
Threads  1

Optimize a model with 824 rows, 227703 columns and 6058275 nonzeros
Coefficient statistics:
  Matrix range     [1e+00, 1e+00]
  Objective range  [1e+05, 5e+05]
  Bounds range     [0e+00, 0e+00]
  RHS range        [1e+00, 1e+00]
LP warm-start: use basis

Iteration    Objective       Primal Inf.    Dual Inf.      Time
       0   -3.5280108e+33   2.586974e+34   3.528011e+03      0s
     122    3.3014296e+06   0.000000e+00   0.000000e+00      2s

Solved in 122 iterations and 2.19 seconds (2.85 work units)
Optimal objective  3.301429571e+06
Set parameter TimeLimit to value 1.2133157767248340e+04
Set parameter Method to value 1
Gurobi Optimizer version 12.0.3 build v12.0.3rc0 (linux64 - "Ubuntu 24.04.4 LTS")

CPU model: Intel(R) Xeon(R) Gold 6230 CPU @ 2.10GHz, instruction set [SSE2|AVX|AVX2|AVX512]
Thread count: 40 physical cores, 40 logical processors, using up to 1 threads

Non-default parameters:
TimeLimit  1.2133157767248340e+04
Method  1
BarHomogeneous  1
Threads  1

Optimize a model with 824 rows, 227733 columns and 6059311 nonzeros
Coefficient statistics:
  Matrix range     [1e+00, 1e+00]
  Objective range  [1e+05, 5e+05]
  Bounds range     [0e+00, 0e+00]
  RHS range        [1e+00, 1e+00]
LP warm-start: use basis

Iteration    Objective       Primal Inf.    Dual Inf.      Time
       0   -3.7162322e+33   2.801164e+34   3.716232e+03      0s
     153    3.3014296e+06   0.000000e+00   0.000000e+00      3s

Solved in 153 iterations and 2.64 seconds (3.50 work units)
Optimal objective  3.301429571e+06
Set parameter TimeLimit to value 1.2107365812164731e+04
Set parameter Method to value 1
Gurobi Optimizer version 12.0.3 build v12.0.3rc0 (linux64 - "Ubuntu 24.04.4 LTS")

CPU model: Intel(R) Xeon(R) Gold 6230 CPU @ 2.10GHz, instruction set [SSE2|AVX|AVX2|AVX512]
Thread count: 40 physical cores, 40 logical processors, using up to 1 threads

Non-default parameters:
TimeLimit  1.2107365812164731e+04
Method  1
BarHomogeneous  1
Threads  1

Optimize a model with 824 rows, 227763 columns and 6060245 nonzeros
Coefficient statistics:
  Matrix range     [1e+00, 1e+00]
  Objective range  [1e+05, 5e+05]
  Bounds range     [0e+00, 0e+00]
  RHS range        [1e+00, 1e+00]
LP warm-start: use basis

Iteration    Objective       Primal Inf.    Dual Inf.      Time
       0   -3.0019621e+36   2.910447e+34   3.001962e+06      0s
      80    3.3014296e+06   0.000000e+00   0.000000e+00      2s

Solved in 80 iterations and 1.52 seconds (1.94 work units)
Optimal objective  3.301429571e+06
Set parameter TimeLimit to value 1.2085340327042621e+04
Set parameter Method to value 1
Gurobi Optimizer version 12.0.3 build v12.0.3rc0 (linux64 - "Ubuntu 24.04.4 LTS")

CPU model: Intel(R) Xeon(R) Gold 6230 CPU @ 2.10GHz, instruction set [SSE2|AVX|AVX2|AVX512]
Thread count: 40 physical cores, 40 logical processors, using up to 1 threads

Non-default parameters:
TimeLimit  1.2085340327042621e+04
Method  1
BarHomogeneous  1
Threads  1

Optimize a model with 824 rows, 227793 columns and 6061238 nonzeros
Coefficient statistics:
  Matrix range     [1e+00, 1e+00]
  Objective range  [1e+05, 5e+05]
  Bounds range     [0e+00, 0e+00]
  RHS range        [1e+00, 1e+00]
LP warm-start: use basis

Iteration    Objective       Primal Inf.    Dual Inf.      Time
       0   -3.6591832e+33   3.265088e+34   3.659183e+03      0s
     103    3.3014296e+06   0.000000e+00   0.000000e+00      2s

Solved in 103 iterations and 1.86 seconds (2.42 work units)
Optimal objective  3.301429571e+06
Set parameter TimeLimit to value 1.2059321773442440e+04
Set parameter Method to value 1
Gurobi Optimizer version 12.0.3 build v12.0.3rc0 (linux64 - "Ubuntu 24.04.4 LTS")

CPU model: Intel(R) Xeon(R) Gold 6230 CPU @ 2.10GHz, instruction set [SSE2|AVX|AVX2|AVX512]
Thread count: 40 physical cores, 40 logical processors, using up to 1 threads

Non-default parameters:
TimeLimit  1.2059321773442440e+04
Method  1
BarHomogeneous  1
Threads  1

Optimize a model with 824 rows, 227823 columns and 6062227 nonzeros
Coefficient statistics:
  Matrix range     [1e+00, 1e+00]
  Objective range  [1e+05, 5e+05]
  Bounds range     [0e+00, 0e+00]
  RHS range        [1e+00, 1e+00]
LP warm-start: use basis

Iteration    Objective       Primal Inf.    Dual Inf.      Time
       0   -3.4565923e+33   5.261813e+34   3.456592e+03      0s
       1    3.3014296e+06   0.000000e+00   0.000000e+00      1s

Solved in 1 iterations and 0.53 seconds (0.44 work units)
Optimal objective  3.301429571e+06
Set parameter TimeLimit to value 1.2036076338482555e+04
Set parameter Method to value 1
Gurobi Optimizer version 12.0.3 build v12.0.3rc0 (linux64 - "Ubuntu 24.04.4 LTS")

CPU model: Intel(R) Xeon(R) Gold 6230 CPU @ 2.10GHz, instruction set [SSE2|AVX|AVX2|AVX512]
Thread count: 40 physical cores, 40 logical processors, using up to 1 threads

Non-default parameters:
TimeLimit  1.2036076338482555e+04
Method  1
BarHomogeneous  1
Threads  1

Optimize a model with 824 rows, 227853 columns and 6063216 nonzeros
Coefficient statistics:
  Matrix range     [1e+00, 1e+00]
  Objective range  [1e+05, 5e+05]
  Bounds range     [0e+00, 0e+00]
  RHS range        [1e+00, 1e+00]
LP warm-start: use basis

Iteration    Objective       Primal Inf.    Dual Inf.      Time
       0   -3.5094350e+33   5.564361e+34   3.509435e+03      0s
     399    3.3014296e+06   5.511250e-01   0.000000e+00      6s
     512    3.3014296e+06   0.000000e+00   0.000000e+00      7s

Solved in 512 iterations and 7.25 seconds (10.46 work units)
Optimal objective  3.301429570e+06
Set parameter TimeLimit to value 1.2008004659155849e+04
Set parameter Method to value 1
Gurobi Optimizer version 12.0.3 build v12.0.3rc0 (linux64 - "Ubuntu 24.04.4 LTS")

CPU model: Intel(R) Xeon(R) Gold 6230 CPU @ 2.10GHz, instruction set [SSE2|AVX|AVX2|AVX512]
Thread count: 40 physical cores, 40 logical processors, using up to 1 threads

Non-default parameters:
TimeLimit  1.2008004659155849e+04
Method  1
BarHomogeneous  1
Threads  1

Optimize a model with 824 rows, 227883 columns and 6064086 nonzeros
Coefficient statistics:
  Matrix range     [1e+00, 1e+00]
  Objective range  [1e+05, 5e+05]
  Bounds range     [0e+00, 0e+00]
  RHS range        [1e+00, 1e+00]
LP warm-start: use basis

Iteration    Objective       Primal Inf.    Dual Inf.      Time
       0   -3.4804441e+33   3.634326e+34   3.480444e+03      0s
     128    3.3014296e+06   0.000000e+00   0.000000e+00      2s

Solved in 128 iterations and 2.27 seconds (3.01 work units)
Optimal objective  3.301429570e+06
Set parameter TimeLimit to value 1.1981982283380348e+04
Set parameter Method to value 1
Gurobi Optimizer version 12.0.3 build v12.0.3rc0 (linux64 - "Ubuntu 24.04.4 LTS")

CPU model: Intel(R) Xeon(R) Gold 6230 CPU @ 2.10GHz, instruction set [SSE2|AVX|AVX2|AVX512]
Thread count: 40 physical cores, 40 logical processors, using up to 1 threads

Non-default parameters:
TimeLimit  1.1981982283380348e+04
Method  1
BarHomogeneous  1
Threads  1

Optimize a model with 824 rows, 227913 columns and 6064932 nonzeros
Coefficient statistics:
  Matrix range     [1e+00, 1e+00]
  Objective range  [1e+05, 5e+05]
  Bounds range     [0e+00, 0e+00]
  RHS range        [1e+00, 1e+00]
LP warm-start: use basis

Iteration    Objective       Primal Inf.    Dual Inf.      Time
       0   -3.5125833e+33   4.465625e+34   3.512583e+03      0s
      99    3.3014296e+06   0.000000e+00   0.000000e+00      2s

Solved in 99 iterations and 1.79 seconds (2.34 work units)
Optimal objective  3.301429570e+06
Set parameter TimeLimit to value 11957.1936954204
Set parameter Method to value 1
Gurobi Optimizer version 12.0.3 build v12.0.3rc0 (linux64 - "Ubuntu 24.04.4 LTS")

CPU model: Intel(R) Xeon(R) Gold 6230 CPU @ 2.10GHz, instruction set [SSE2|AVX|AVX2|AVX512]
Thread count: 40 physical cores, 40 logical processors, using up to 1 threads

Non-default parameters:
TimeLimit  11957.1936954204
Method  1
BarHomogeneous  1
Threads  1

Optimize a model with 824 rows, 227943 columns and 6065932 nonzeros
Coefficient statistics:
  Matrix range     [1e+00, 1e+00]
  Objective range  [1e+05, 5e+05]
  Bounds range     [0e+00, 0e+00]
  RHS range        [1e+00, 1e+00]
LP warm-start: use basis

Iteration    Objective       Primal Inf.    Dual Inf.      Time
       0   -3.5439627e+33   4.793312e+34   3.543963e+03      0s
     349   -5.0794528e+28   3.127798e+32   5.079454e-02      5s
     743    3.3014295e+06   5.900912e+01   0.000000e+00     11s
    1099    3.3014295e+06   5.829317e+01   0.000000e+00     16s
    1458    3.3014295e+06   1.797108e+01   0.000000e+00     20s
    1711    3.3014295e+06   0.000000e+00   0.000000e+00     24s

Solved in 1711 iterations and 24.06 seconds (34.92 work units)
Optimal objective  3.301429545e+06
Set parameter TimeLimit to value 1.1909303888444789e+04
Set parameter Method to value 1
Gurobi Optimizer version 12.0.3 build v12.0.3rc0 (linux64 - "Ubuntu 24.04.4 LTS")

CPU model: Intel(R) Xeon(R) Gold 6230 CPU @ 2.10GHz, instruction set [SSE2|AVX|AVX2|AVX512]
Thread count: 40 physical cores, 40 logical processors, using up to 1 threads

Non-default parameters:
TimeLimit  1.1909303888444789e+04
Method  1
BarHomogeneous  1
Threads  1

Optimize a model with 824 rows, 227973 columns and 6066676 nonzeros
Coefficient statistics:
  Matrix range     [1e+00, 1e+00]
  Objective range  [1e+05, 5e+05]
  Bounds range     [0e+00, 0e+00]
  RHS range        [1e+00, 1e+00]
LP warm-start: use basis

Iteration    Objective       Primal Inf.    Dual Inf.      Time
       0   -3.0000314e+36   1.323100e+35   3.000031e+06      0s
      87    3.3014295e+06   0.000000e+00   0.000000e+00      2s

Solved in 87 iterations and 1.61 seconds (2.06 work units)
Optimal objective  3.301429545e+06
Set parameter TimeLimit to value 1.1885028391807806e+04
Set parameter Method to value 1
Gurobi Optimizer version 12.0.3 build v12.0.3rc0 (linux64 - "Ubuntu 24.04.4 LTS")

CPU model: Intel(R) Xeon(R) Gold 6230 CPU @ 2.10GHz, instruction set [SSE2|AVX|AVX2|AVX512]
Thread count: 40 physical cores, 40 logical processors, using up to 1 threads

Non-default parameters:
TimeLimit  1.1885028391807806e+04
Method  1
BarHomogeneous  1
Threads  1

Optimize a model with 824 rows, 228003 columns and 6067531 nonzeros
Coefficient statistics:
  Matrix range     [1e+00, 1e+00]
  Objective range  [1e+05, 5e+05]
  Bounds range     [0e+00, 0e+00]
  RHS range        [1e+00, 1e+00]
LP warm-start: use basis

Iteration    Objective       Primal Inf.    Dual Inf.      Time
       0   -3.0018210e+36   6.981954e+34   3.001821e+06      0s
      95    3.3014295e+06   0.000000e+00   0.000000e+00      2s

Solved in 95 iterations and 1.80 seconds (2.34 work units)
Optimal objective  3.301429545e+06
Set parameter TimeLimit to value 1.1861151329650078e+04
Set parameter Method to value 1
Gurobi Optimizer version 12.0.3 build v12.0.3rc0 (linux64 - "Ubuntu 24.04.4 LTS")

CPU model: Intel(R) Xeon(R) Gold 6230 CPU @ 2.10GHz, instruction set [SSE2|AVX|AVX2|AVX512]
Thread count: 40 physical cores, 40 logical processors, using up to 1 threads

Non-default parameters:
TimeLimit  1.1861151329650078e+04
Method  1
BarHomogeneous  1
Threads  1

Optimize a model with 824 rows, 228033 columns and 6068446 nonzeros
Coefficient statistics:
  Matrix range     [1e+00, 1e+00]
  Objective range  [1e+05, 5e+05]
  Bounds range     [0e+00, 0e+00]
  RHS range        [1e+00, 1e+00]
LP warm-start: use basis

Iteration    Objective       Primal Inf.    Dual Inf.      Time
       0   -3.2900362e+33   1.507123e+35   3.290036e+03      0s
     118    3.3014295e+06   0.000000e+00   0.000000e+00      2s

Solved in 118 iterations and 2.11 seconds (2.79 work units)
Optimal objective  3.301429545e+06
Set parameter TimeLimit to value 1.1836112370860763e+04
Set parameter Method to value 1
Gurobi Optimizer version 12.0.3 build v12.0.3rc0 (linux64 - "Ubuntu 24.04.4 LTS")

CPU model: Intel(R) Xeon(R) Gold 6230 CPU @ 2.10GHz, instruction set [SSE2|AVX|AVX2|AVX512]
Thread count: 40 physical cores, 40 logical processors, using up to 1 threads

Non-default parameters:
TimeLimit  1.1836112370860763e+04
Method  1
BarHomogeneous  1
Threads  1

Optimize a model with 824 rows, 228063 columns and 6069454 nonzeros
Coefficient statistics:
  Matrix range     [1e+00, 1e+00]
  Objective range  [1e+05, 5e+05]
  Bounds range     [0e+00, 0e+00]
  RHS range        [1e+00, 1e+00]
LP warm-start: use basis

Iteration    Objective       Primal Inf.    Dual Inf.      Time
       0   -3.4363896e+33   9.034007e+34   3.436390e+03      0s
     105    3.3014295e+06   0.000000e+00   0.000000e+00      2s

Solved in 105 iterations and 1.84 seconds (2.43 work units)
Optimal objective  3.301429545e+06
Set parameter TimeLimit to value 1.1811427865510341e+04
Set parameter Method to value 1
Gurobi Optimizer version 12.0.3 build v12.0.3rc0 (linux64 - "Ubuntu 24.04.4 LTS")

CPU model: Intel(R) Xeon(R) Gold 6230 CPU @ 2.10GHz, instruction set [SSE2|AVX|AVX2|AVX512]
Thread count: 40 physical cores, 40 logical processors, using up to 1 threads

Non-default parameters:
TimeLimit  1.1811427865510341e+04
Method  1
BarHomogeneous  1
Threads  1

Optimize a model with 824 rows, 228093 columns and 6070439 nonzeros
Coefficient statistics:
  Matrix range     [1e+00, 1e+00]
  Objective range  [1e+05, 5e+05]
  Bounds range     [0e+00, 0e+00]
  RHS range        [1e+00, 1e+00]
LP warm-start: use basis

Iteration    Objective       Primal Inf.    Dual Inf.      Time
       0   -2.9995081e+36   5.581078e+34   2.999508e+06      0s
      90    3.3014295e+06   0.000000e+00   0.000000e+00      2s

Solved in 90 iterations and 1.71 seconds (2.21 work units)
Optimal objective  3.301429545e+06
Set parameter TimeLimit to value 1.1787120949311182e+04
Set parameter Method to value 1
Gurobi Optimizer version 12.0.3 build v12.0.3rc0 (linux64 - "Ubuntu 24.04.4 LTS")

CPU model: Intel(R) Xeon(R) Gold 6230 CPU @ 2.10GHz, instruction set [SSE2|AVX|AVX2|AVX512]
Thread count: 40 physical cores, 40 logical processors, using up to 1 threads

Non-default parameters:
TimeLimit  1.1787120949311182e+04
Method  1
BarHomogeneous  1
Threads  1

Optimize a model with 824 rows, 228123 columns and 6071343 nonzeros
Coefficient statistics:
  Matrix range     [1e+00, 1e+00]
  Objective range  [1e+05, 5e+05]
  Bounds range     [0e+00, 0e+00]
  RHS range        [1e+00, 1e+00]
LP warm-start: use basis

Iteration    Objective       Primal Inf.    Dual Inf.      Time
       0   -2.9999710e+36   1.260555e+35   2.999971e+06      0s
     135    3.3014295e+06   0.000000e+00   0.000000e+00      2s

Solved in 135 iterations and 2.31 seconds (3.11 work units)
Optimal objective  3.301429545e+06
Set parameter TimeLimit to value 1.1760596660523210e+04
Set parameter Method to value 1
Gurobi Optimizer version 12.0.3 build v12.0.3rc0 (linux64 - "Ubuntu 24.04.4 LTS")

CPU model: Intel(R) Xeon(R) Gold 6230 CPU @ 2.10GHz, instruction set [SSE2|AVX|AVX2|AVX512]
Thread count: 40 physical cores, 40 logical processors, using up to 1 threads

Non-default parameters:
TimeLimit  1.1760596660523210e+04
Method  1
BarHomogeneous  1
Threads  1

Optimize a model with 824 rows, 228153 columns and 6071959 nonzeros
Coefficient statistics:
  Matrix range     [1e+00, 1e+00]
  Objective range  [1e+05, 5e+05]
  Bounds range     [0e+00, 0e+00]
  RHS range        [1e+00, 1e+00]
LP warm-start: use basis

Iteration    Objective       Primal Inf.    Dual Inf.      Time
       0   -3.2891329e+33   1.989227e+35   3.289133e+03      0s
      54    3.3014295e+06   0.000000e+00   0.000000e+00      1s

Solved in 54 iterations and 1.15 seconds (1.40 work units)
Optimal objective  3.301429545e+06
Set parameter TimeLimit to value 1.1738377126006875e+04
Set parameter Method to value 1
Gurobi Optimizer version 12.0.3 build v12.0.3rc0 (linux64 - "Ubuntu 24.04.4 LTS")

CPU model: Intel(R) Xeon(R) Gold 6230 CPU @ 2.10GHz, instruction set [SSE2|AVX|AVX2|AVX512]
Thread count: 40 physical cores, 40 logical processors, using up to 1 threads

Non-default parameters:
TimeLimit  1.1738377126006875e+04
Method  1
BarHomogeneous  1
Threads  1

Optimize a model with 824 rows, 228183 columns and 6072902 nonzeros
Coefficient statistics:
  Matrix range     [1e+00, 1e+00]
  Objective range  [1e+05, 5e+05]
  Bounds range     [0e+00, 0e+00]
  RHS range        [1e+00, 1e+00]
LP warm-start: use basis

Iteration    Objective       Primal Inf.    Dual Inf.      Time
       0   -3.1490128e+33   1.096663e+35   3.149013e+03      0s
     105    3.3014295e+06   0.000000e+00   0.000000e+00      2s

Solved in 105 iterations and 1.84 seconds (2.49 work units)
Optimal objective  3.301429545e+06
Set parameter TimeLimit to value 1.1713402085823938e+04
Set parameter Method to value 1
Gurobi Optimizer version 12.0.3 build v12.0.3rc0 (linux64 - "Ubuntu 24.04.4 LTS")

CPU model: Intel(R) Xeon(R) Gold 6230 CPU @ 2.10GHz, instruction set [SSE2|AVX|AVX2|AVX512]
Thread count: 40 physical cores, 40 logical processors, using up to 1 threads

Non-default parameters:
TimeLimit  1.1713402085823938e+04
Method  1
BarHomogeneous  1
Threads  1

Optimize a model with 824 rows, 228213 columns and 6073751 nonzeros
Coefficient statistics:
  Matrix range     [1e+00, 1e+00]
  Objective range  [1e+05, 5e+05]
  Bounds range     [0e+00, 0e+00]
  RHS range        [1e+00, 1e+00]
LP warm-start: use basis

Iteration    Objective       Primal Inf.    Dual Inf.      Time
       0   -3.1979910e+33   7.754837e+34   3.197991e+03      0s
     412   -3.8195171e+29   6.601939e+32   3.819517e-01      5s
     831    3.3014292e+06   2.143392e+02   0.000000e+00     11s
    1182    3.3014294e+06   1.546612e+02   0.000000e+00     16s
    1529    3.3014294e+06   2.381222e+01   0.000000e+00     20s
    1883    3.3014295e+06   1.893503e+01   0.000000e+00     25s
    2239    3.3014295e+06   8.973327e+00   0.000000e+00     30s
    2714    3.3014295e+06   2.283285e-02   0.000000e+00     37s
    2738    3.3014295e+06   0.000000e+00   0.000000e+00     37s

Solved in 2738 iterations and 37.02 seconds (54.56 work units)
Optimal objective  3.301429495e+06
Set parameter TimeLimit to value 1.1652098868940026e+04
Set parameter Method to value 1
Gurobi Optimizer version 12.0.3 build v12.0.3rc0 (linux64 - "Ubuntu 24.04.4 LTS")

CPU model: Intel(R) Xeon(R) Gold 6230 CPU @ 2.10GHz, instruction set [SSE2|AVX|AVX2|AVX512]
Thread count: 40 physical cores, 40 logical processors, using up to 1 threads

Non-default parameters:
TimeLimit  1.1652098868940026e+04
Method  1
BarHomogeneous  1
Threads  1

Optimize a model with 824 rows, 228243 columns and 6074660 nonzeros
Coefficient statistics:
  Matrix range     [1e+00, 1e+00]
  Objective range  [1e+05, 5e+05]
  Bounds range     [0e+00, 0e+00]
  RHS range        [1e+00, 1e+00]
LP warm-start: use basis

Iteration    Objective       Primal Inf.    Dual Inf.      Time
       0   -3.1267808e+33   4.361595e+34   3.126781e+03      0s
     273    3.3014295e+06   0.000000e+00   0.000000e+00      4s

Solved in 273 iterations and 4.11 seconds (5.72 work units)
Optimal objective  3.301429495e+06
Set parameter TimeLimit to value 1.1624983261293732e+04
Set parameter Method to value 1
Gurobi Optimizer version 12.0.3 build v12.0.3rc0 (linux64 - "Ubuntu 24.04.4 LTS")

CPU model: Intel(R) Xeon(R) Gold 6230 CPU @ 2.10GHz, instruction set [SSE2|AVX|AVX2|AVX512]
Thread count: 40 physical cores, 40 logical processors, using up to 1 threads

Non-default parameters:
TimeLimit  1.1624983261293732e+04
Method  1
BarHomogeneous  1
Threads  1

Optimize a model with 824 rows, 228273 columns and 6075531 nonzeros
Coefficient statistics:
  Matrix range     [1e+00, 1e+00]
  Objective range  [1e+05, 5e+05]
  Bounds range     [0e+00, 0e+00]
  RHS range        [1e+00, 1e+00]
LP warm-start: use basis

Iteration    Objective       Primal Inf.    Dual Inf.      Time
       0   -2.9323226e+33   1.076307e+35   2.932323e+03      0s
     208    3.3014295e+06   0.000000e+00   0.000000e+00      3s

Solved in 208 iterations and 3.21 seconds (4.50 work units)
Optimal objective  3.301429495e+06
Set parameter TimeLimit to value 1.1598109058328904e+04
Set parameter Method to value 1
Gurobi Optimizer version 12.0.3 build v12.0.3rc0 (linux64 - "Ubuntu 24.04.4 LTS")

CPU model: Intel(R) Xeon(R) Gold 6230 CPU @ 2.10GHz, instruction set [SSE2|AVX|AVX2|AVX512]
Thread count: 40 physical cores, 40 logical processors, using up to 1 threads

Non-default parameters:
TimeLimit  1.1598109058328904e+04
Method  1
BarHomogeneous  1
Threads  1

Optimize a model with 824 rows, 228303 columns and 6076470 nonzeros
Coefficient statistics:
  Matrix range     [1e+00, 1e+00]
  Objective range  [1e+05, 5e+05]
  Bounds range     [0e+00, 0e+00]
  RHS range        [1e+00, 1e+00]
LP warm-start: use basis

Iteration    Objective       Primal Inf.    Dual Inf.      Time
       0   -2.2746673e+33   1.004798e+35   2.274667e+03      0s
      84    3.3014295e+06   0.000000e+00   0.000000e+00      2s

Solved in 84 iterations and 1.69 seconds (2.10 work units)
Optimal objective  3.301429495e+06
Set parameter TimeLimit to value 1.1573677276121918e+04
Set parameter Method to value 1
Gurobi Optimizer version 12.0.3 build v12.0.3rc0 (linux64 - "Ubuntu 24.04.4 LTS")

CPU model: Intel(R) Xeon(R) Gold 6230 CPU @ 2.10GHz, instruction set [SSE2|AVX|AVX2|AVX512]
Thread count: 40 physical cores, 40 logical processors, using up to 1 threads

Non-default parameters:
TimeLimit  1.1573677276121918e+04
Method  1
BarHomogeneous  1
Threads  1

Optimize a model with 824 rows, 228333 columns and 6077249 nonzeros
Coefficient statistics:
  Matrix range     [1e+00, 1e+00]
  Objective range  [1e+05, 5e+05]
  Bounds range     [0e+00, 0e+00]
  RHS range        [1e+00, 1e+00]
LP warm-start: use basis

Iteration    Objective       Primal Inf.    Dual Inf.      Time
       0   -2.3251772e+33   9.265717e+34   2.325177e+03      0s
      62    3.3014295e+06   0.000000e+00   0.000000e+00      1s

Solved in 62 iterations and 1.25 seconds (1.56 work units)
Optimal objective  3.301429495e+06
Set parameter TimeLimit to value 1.1551499762489460e+04
Set parameter Method to value 1
Gurobi Optimizer version 12.0.3 build v12.0.3rc0 (linux64 - "Ubuntu 24.04.4 LTS")

CPU model: Intel(R) Xeon(R) Gold 6230 CPU @ 2.10GHz, instruction set [SSE2|AVX|AVX2|AVX512]
Thread count: 40 physical cores, 40 logical processors, using up to 1 threads

Non-default parameters:
TimeLimit  1.1551499762489460e+04
Method  1
BarHomogeneous  1
Threads  1

Optimize a model with 824 rows, 228363 columns and 6078046 nonzeros
Coefficient statistics:
  Matrix range     [1e+00, 1e+00]
  Objective range  [1e+05, 5e+05]
  Bounds range     [0e+00, 0e+00]
  RHS range        [1e+00, 1e+00]
LP warm-start: use basis

Iteration    Objective       Primal Inf.    Dual Inf.      Time
       0   -2.2332236e+33   5.247630e+34   2.233224e+03      0s
     133    3.3014295e+06   0.000000e+00   0.000000e+00      2s

Solved in 133 iterations and 2.26 seconds (3.11 work units)
Optimal objective  3.301429495e+06
Set parameter TimeLimit to value 1.1525497048351448e+04
Set parameter Method to value 1
Gurobi Optimizer version 12.0.3 build v12.0.3rc0 (linux64 - "Ubuntu 24.04.4 LTS")

CPU model: Intel(R) Xeon(R) Gold 6230 CPU @ 2.10GHz, instruction set [SSE2|AVX|AVX2|AVX512]
Thread count: 40 physical cores, 40 logical processors, using up to 1 threads

Non-default parameters:
TimeLimit  1.1525497048351448e+04
Method  1
BarHomogeneous  1
Threads  1

Optimize a model with 824 rows, 228393 columns and 6079001 nonzeros
Coefficient statistics:
  Matrix range     [1e+00, 1e+00]
  Objective range  [1e+05, 5e+05]
  Bounds range     [0e+00, 0e+00]
  RHS range        [1e+00, 1e+00]
LP warm-start: use basis

Iteration    Objective       Primal Inf.    Dual Inf.      Time
       0   -2.1235177e+33   2.136459e+35   2.123518e+03      0s
      91    3.3014295e+06   0.000000e+00   0.000000e+00      2s

Solved in 91 iterations and 1.67 seconds (2.20 work units)
Optimal objective  3.301429495e+06
Set parameter TimeLimit to value 1.1500943329602946e+04
Set parameter Method to value 1
Gurobi Optimizer version 12.0.3 build v12.0.3rc0 (linux64 - "Ubuntu 24.04.4 LTS")

CPU model: Intel(R) Xeon(R) Gold 6230 CPU @ 2.10GHz, instruction set [SSE2|AVX|AVX2|AVX512]
Thread count: 40 physical cores, 40 logical processors, using up to 1 threads

Non-default parameters:
TimeLimit  1.1500943329602946e+04
Method  1
BarHomogeneous  1
Threads  1

Optimize a model with 824 rows, 228423 columns and 6079883 nonzeros
Coefficient statistics:
  Matrix range     [1e+00, 1e+00]
  Objective range  [1e+05, 5e+05]
  Bounds range     [0e+00, 0e+00]
  RHS range        [1e+00, 1e+00]
LP warm-start: use basis

Iteration    Objective       Primal Inf.    Dual Inf.      Time
       0   -2.1234313e+33   5.426654e+34   2.123431e+03      0s
      80    3.3014295e+06   0.000000e+00   0.000000e+00      2s

Solved in 80 iterations and 1.53 seconds (1.97 work units)
Optimal objective  3.301429495e+06
Set parameter TimeLimit to value 1.1478404503098689e+04
Set parameter Method to value 1
Gurobi Optimizer version 12.0.3 build v12.0.3rc0 (linux64 - "Ubuntu 24.04.4 LTS")

CPU model: Intel(R) Xeon(R) Gold 6230 CPU @ 2.10GHz, instruction set [SSE2|AVX|AVX2|AVX512]
Thread count: 40 physical cores, 40 logical processors, using up to 1 threads

Non-default parameters:
TimeLimit  1.1478404503098689e+04
Method  1
BarHomogeneous  1
Threads  1

Optimize a model with 824 rows, 228453 columns and 6081013 nonzeros
Coefficient statistics:
  Matrix range     [1e+00, 1e+00]
  Objective range  [1e+05, 5e+05]
  Bounds range     [0e+00, 0e+00]
  RHS range        [1e+00, 1e+00]
LP warm-start: use basis

Iteration    Objective       Primal Inf.    Dual Inf.      Time
       0   -2.1126042e+33   8.842756e+34   2.112604e+03      0s
     133    3.3014295e+06   0.000000e+00   0.000000e+00      2s

Solved in 133 iterations and 2.12 seconds (2.87 work units)
Optimal objective  3.301429495e+06
Set parameter TimeLimit to value 1.1451963935710024e+04
Set parameter Method to value 1
Gurobi Optimizer version 12.0.3 build v12.0.3rc0 (linux64 - "Ubuntu 24.04.4 LTS")

CPU model: Intel(R) Xeon(R) Gold 6230 CPU @ 2.10GHz, instruction set [SSE2|AVX|AVX2|AVX512]
Thread count: 40 physical cores, 40 logical processors, using up to 1 threads

Non-default parameters:
TimeLimit  1.1451963935710024e+04
Method  1
BarHomogeneous  1
Threads  1

Optimize a model with 824 rows, 228483 columns and 6082207 nonzeros
Coefficient statistics:
  Matrix range     [1e+00, 1e+00]
  Objective range  [1e+05, 5e+05]
  Bounds range     [0e+00, 0e+00]
  RHS range        [1e+00, 1e+00]
LP warm-start: use basis

Iteration    Objective       Primal Inf.    Dual Inf.      Time
       0   -2.3128649e+33   9.724818e+34   2.312865e+03      0s
     114    3.3014295e+06   0.000000e+00   0.000000e+00      2s

Solved in 114 iterations and 1.92 seconds (2.53 work units)
Optimal objective  3.301429495e+06
Set parameter TimeLimit to value 1.1426750677855685e+04
Set parameter Method to value 1
Gurobi Optimizer version 12.0.3 build v12.0.3rc0 (linux64 - "Ubuntu 24.04.4 LTS")

CPU model: Intel(R) Xeon(R) Gold 6230 CPU @ 2.10GHz, instruction set [SSE2|AVX|AVX2|AVX512]
Thread count: 40 physical cores, 40 logical processors, using up to 1 threads

Non-default parameters:
TimeLimit  1.1426750677855685e+04
Method  1
BarHomogeneous  1
Threads  1

Optimize a model with 824 rows, 228513 columns and 6083216 nonzeros
Coefficient statistics:
  Matrix range     [1e+00, 1e+00]
  Objective range  [1e+05, 5e+05]
  Bounds range     [0e+00, 0e+00]
  RHS range        [1e+00, 1e+00]
LP warm-start: use basis

Iteration    Objective       Primal Inf.    Dual Inf.      Time
       0   -2.2307000e+33   7.347996e+34   2.230700e+03      0s
     127    3.3014295e+06   0.000000e+00   0.000000e+00      2s

Solved in 127 iterations and 2.10 seconds (2.80 work units)
Optimal objective  3.301429495e+06
Set parameter TimeLimit to value 1.1403452341225930e+04
Set parameter Method to value 1
Gurobi Optimizer version 12.0.3 build v12.0.3rc0 (linux64 - "Ubuntu 24.04.4 LTS")

CPU model: Intel(R) Xeon(R) Gold 6230 CPU @ 2.10GHz, instruction set [SSE2|AVX|AVX2|AVX512]
Thread count: 40 physical cores, 40 logical processors, using up to 1 threads

Non-default parameters:
TimeLimit  1.1403452341225930e+04
Method  1
BarHomogeneous  1
Threads  1

Optimize a model with 824 rows, 228543 columns and 6084109 nonzeros
Coefficient statistics:
  Matrix range     [1e+00, 1e+00]
  Objective range  [1e+05, 5e+05]
  Bounds range     [0e+00, 0e+00]
  RHS range        [1e+00, 1e+00]
LP warm-start: use basis

Iteration    Objective       Primal Inf.    Dual Inf.      Time
       0   -2.0698418e+33   5.637617e+34   2.069842e+03      0s
      94    3.3014295e+06   0.000000e+00   0.000000e+00      2s

Solved in 94 iterations and 1.69 seconds (2.17 work units)
Optimal objective  3.301429495e+06
Set parameter TimeLimit to value 1.1377287279604003e+04
Set parameter Method to value 1
Gurobi Optimizer version 12.0.3 build v12.0.3rc0 (linux64 - "Ubuntu 24.04.4 LTS")

CPU model: Intel(R) Xeon(R) Gold 6230 CPU @ 2.10GHz, instruction set [SSE2|AVX|AVX2|AVX512]
Thread count: 40 physical cores, 40 logical processors, using up to 1 threads

Non-default parameters:
TimeLimit  1.1377287279604003e+04
Method  1
BarHomogeneous  1
Threads  1

Optimize a model with 824 rows, 228573 columns and 6085161 nonzeros
Coefficient statistics:
  Matrix range     [1e+00, 1e+00]
  Objective range  [1e+05, 5e+05]
  Bounds range     [0e+00, 0e+00]
  RHS range        [1e+00, 1e+00]
LP warm-start: use basis

Iteration    Objective       Primal Inf.    Dual Inf.      Time
       0   -2.2332891e+33   7.012001e+34   2.233289e+03      0s
     122    3.3014295e+06   0.000000e+00   0.000000e+00      2s

Solved in 122 iterations and 2.00 seconds (2.65 work units)
Optimal objective  3.301429495e+06
Set parameter TimeLimit to value 1.1351993053367361e+04
Set parameter Method to value 1
Gurobi Optimizer version 12.0.3 build v12.0.3rc0 (linux64 - "Ubuntu 24.04.4 LTS")

CPU model: Intel(R) Xeon(R) Gold 6230 CPU @ 2.10GHz, instruction set [SSE2|AVX|AVX2|AVX512]
Thread count: 40 physical cores, 40 logical processors, using up to 1 threads

Non-default parameters:
TimeLimit  1.1351993053367361e+04
Method  1
BarHomogeneous  1
Threads  1

Optimize a model with 824 rows, 228603 columns and 6086203 nonzeros
Coefficient statistics:
  Matrix range     [1e+00, 1e+00]
  Objective range  [1e+05, 5e+05]
  Bounds range     [0e+00, 0e+00]
  RHS range        [1e+00, 1e+00]
LP warm-start: use basis

Iteration    Objective       Primal Inf.    Dual Inf.      Time
       0   -2.3166871e+33   3.743778e+34   2.316687e+03      0s
     349   -3.2395008e+31   2.960791e+33   3.239501e+01      5s
     737   -9.0597309e+30   1.616291e+33   9.059731e+00     10s
    1136   -2.0007226e+30   5.204728e+33   2.000723e+00     16s
    1485   -1.9198367e+29   9.683150e+32   1.919837e-01     21s
    1838    3.3014276e+06   2.695153e+03   0.000000e+00     25s
    2190    3.3014280e+06   1.291552e+03   0.000000e+00     30s
    2656    3.3014283e+06   4.093261e+02   0.000000e+00     37s
    3007    3.3014285e+06   9.384254e+02   0.000000e+00     41s
    3355    3.3014287e+06   8.163796e+02   0.000000e+00     46s
    3701    3.3014288e+06   1.877751e+02   0.000000e+00     51s
    4055    3.3014288e+06   1.488301e+02   0.000000e+00     56s
    4407    3.3014289e+06   1.372925e+02   0.000000e+00     61s
    4760    3.3014289e+06   1.281430e+02   0.000000e+00     66s
    5113    3.3014290e+06   2.256795e+02   0.000000e+00     70s
    5464    3.3014290e+06   4.545330e+01   0.000000e+00     75s
    5931    3.3014291e+06   2.469140e+02   0.000000e+00     81s
    6283    3.3014291e+06   8.401092e+00   0.000000e+00     86s
    6634    3.3014292e+06   8.679444e+02   0.000000e+00     91s
    6990    3.3014293e+06   9.350607e+01   0.000000e+00     96s
    7349    3.3014293e+06   1.340011e+01   0.000000e+00    101s
    7511    3.3014293e+06   0.000000e+00   0.000000e+00    103s

Solved in 7511 iterations and 103.23 seconds (152.57 work units)
Optimal objective  3.301429274e+06
Set parameter TimeLimit to value 1.1215466135791037e+04
Set parameter Method to value 1
Gurobi Optimizer version 12.0.3 build v12.0.3rc0 (linux64 - "Ubuntu 24.04.4 LTS")

CPU model: Intel(R) Xeon(R) Gold 6230 CPU @ 2.10GHz, instruction set [SSE2|AVX|AVX2|AVX512]
Thread count: 40 physical cores, 40 logical processors, using up to 1 threads

Non-default parameters:
TimeLimit  1.1215466135791037e+04
Method  1
BarHomogeneous  1
Threads  1

Optimize a model with 824 rows, 228633 columns and 6087234 nonzeros
Coefficient statistics:
  Matrix range     [1e+00, 1e+00]
  Objective range  [1e+05, 5e+05]
  Bounds range     [0e+00, 0e+00]
  RHS range        [1e+00, 1e+00]
LP warm-start: use basis

Iteration    Objective       Primal Inf.    Dual Inf.      Time
       0   -2.5060184e+33   3.729249e+34   2.506018e+03      0s
     350   -9.0426099e+30   1.546047e+33   9.042610e+00      5s
     747   -1.5588994e+30   2.071144e+33   1.558899e+00     10s
    1151   -3.0090892e+28   5.621286e+32   3.009093e-02     16s
    1509    3.3014174e+06   1.926260e+04   0.000000e+00     21s
    1867    3.3014271e+06   2.462697e+03   0.000000e+00     26s
    2215    3.3014275e+06   2.828362e+03   0.000000e+00     30s
    2573    3.3014278e+06   1.413694e+03   0.000000e+00     35s
    2932    3.3014281e+06   6.329080e+02   0.000000e+00     40s
    3287    3.3014282e+06   1.394103e+03   0.000000e+00     45s
    3642    3.3014284e+06   3.539905e+02   0.000000e+00     50s
    4114    3.3014285e+06   3.105816e+02   0.000000e+00     57s
    4470    3.3014286e+06   1.773577e+02   0.000000e+00     61s
    4826    3.3014286e+06   5.558750e+01   0.000000e+00     66s
    5183    3.3014287e+06   3.266789e+02   0.000000e+00     71s
    5532    3.3014287e+06   2.578538e+01   0.000000e+00     76s
    5882    3.3014287e+06   1.530205e+01   0.000000e+00     81s
    6233    3.3014288e+06   1.085341e+01   0.000000e+00     86s
    6583    3.3014288e+06   6.493345e+00   0.000000e+00     90s
    6870    3.3014288e+06   0.000000e+00   0.000000e+00     94s

Solved in 6870 iterations and 94.46 seconds (139.62 work units)
Optimal objective  3.301428778e+06
Set parameter TimeLimit to value 1.1094319825076498e+04
Set parameter Method to value 1
Gurobi Optimizer version 12.0.3 build v12.0.3rc0 (linux64 - "Ubuntu 24.04.4 LTS")

CPU model: Intel(R) Xeon(R) Gold 6230 CPU @ 2.10GHz, instruction set [SSE2|AVX|AVX2|AVX512]
Thread count: 40 physical cores, 40 logical processors, using up to 1 threads

Non-default parameters:
TimeLimit  1.1094319825076498e+04
Method  1
BarHomogeneous  1
Threads  1

Optimize a model with 824 rows, 228663 columns and 6088393 nonzeros
Coefficient statistics:
  Matrix range     [1e+00, 1e+00]
  Objective range  [1e+05, 5e+05]
  Bounds range     [0e+00, 0e+00]
  RHS range        [1e+00, 1e+00]
LP warm-start: use basis

Iteration    Objective       Primal Inf.    Dual Inf.      Time
       0   -1.8450646e+33   1.942413e+35   1.845065e+03      0s
     352   -8.0259795e+29   1.942155e+33   8.025980e-01      5s
     734    3.3014283e+06   2.015927e+02   0.000000e+00     10s
    1075    3.3014284e+06   1.392412e+02   0.000000e+00     15s
    1423    3.3014285e+06   2.355587e+01   0.000000e+00     20s
    1771    3.3014285e+06   6.186811e+01   0.000000e+00     25s
    2232    3.3014285e+06   4.730222e+02   0.000000e+00     32s
    2584    3.3014286e+06   1.713544e+01   0.000000e+00     36s
    2923    3.3014286e+06   1.090209e+02   0.000000e+00     41s
    3272    3.3014286e+06   3.618169e+02   0.000000e+00     46s
    3628    3.3014286e+06   2.989362e-01   0.000000e+00     51s
    3675    3.3014286e+06   0.000000e+00   0.000000e+00     52s

Solved in 3675 iterations and 51.74 seconds (75.59 work units)
Optimal objective  3.301428614e+06
Set parameter TimeLimit to value 1.1016142653690185e+04
Set parameter Method to value 1
Gurobi Optimizer version 12.0.3 build v12.0.3rc0 (linux64 - "Ubuntu 24.04.4 LTS")

CPU model: Intel(R) Xeon(R) Gold 6230 CPU @ 2.10GHz, instruction set [SSE2|AVX|AVX2|AVX512]
Thread count: 40 physical cores, 40 logical processors, using up to 1 threads

Non-default parameters:
TimeLimit  1.1016142653690185e+04
Method  1
BarHomogeneous  1
Threads  1

Optimize a model with 824 rows, 228693 columns and 6089566 nonzeros
Coefficient statistics:
  Matrix range     [1e+00, 1e+00]
  Objective range  [1e+05, 5e+05]
  Bounds range     [0e+00, 0e+00]
  RHS range        [1e+00, 1e+00]
LP warm-start: use basis

Iteration    Objective       Primal Inf.    Dual Inf.      Time
       0   -2.5148579e+33   2.683339e+35   2.514858e+03      0s
      44    3.3014286e+06   0.000000e+00   0.000000e+00      1s

Solved in 44 iterations and 1.10 seconds (1.26 work units)
Optimal objective  3.301428614e+06
Set parameter TimeLimit to value 1.0990109069733415e+04
Set parameter Method to value 1
Gurobi Optimizer version 12.0.3 build v12.0.3rc0 (linux64 - "Ubuntu 24.04.4 LTS")

CPU model: Intel(R) Xeon(R) Gold 6230 CPU @ 2.10GHz, instruction set [SSE2|AVX|AVX2|AVX512]
Thread count: 40 physical cores, 40 logical processors, using up to 1 threads

Non-default parameters:
TimeLimit  1.0990109069733415e+04
Method  1
BarHomogeneous  1
Threads  1

Optimize a model with 824 rows, 228723 columns and 6090700 nonzeros
Coefficient statistics:
  Matrix range     [1e+00, 1e+00]
  Objective range  [1e+05, 5e+05]
  Bounds range     [0e+00, 0e+00]
  RHS range        [1e+00, 1e+00]
LP warm-start: use basis

Iteration    Objective       Primal Inf.    Dual Inf.      Time
       0   -2.4210461e+33   2.842622e+35   2.421046e+03      0s
     336   -2.2598454e+31   2.526457e+33   2.259845e+01      5s
     726   -5.3099680e+30   1.023049e+33   5.309968e+00     11s
    1117   -1.4047547e+30   3.436338e+33   1.404755e+00     16s
    1466   -3.1586633e+29   1.093047e+33   3.158664e-01     21s
    1821    3.3014261e+06   1.441777e+03   0.000000e+00     26s
    2170    3.3014268e+06   1.429673e+03   0.000000e+00     31s
    2518    3.3014272e+06   4.643617e+02   0.000000e+00     35s
    2865    3.3014274e+06   4.230462e+02   0.000000e+00     40s
    3218    3.3014275e+06   8.916032e+02   0.000000e+00     45s
    3676    3.3014277e+06   6.196014e+02   0.000000e+00     52s
    4021    3.3014278e+06   5.794392e+01   0.000000e+00     56s
    4377    3.3014278e+06   2.202848e+02   0.000000e+00     61s
    4728    3.3014279e+06   9.028326e+01   0.000000e+00     66s
    5069    3.3014279e+06   6.749675e+01   0.000000e+00     71s
    5415    3.3014280e+06   6.194489e+01   0.000000e+00     76s
    5765    3.3014280e+06   8.411331e+01   0.000000e+00     81s
    6108    3.3014280e+06   3.402059e+01   0.000000e+00     85s
    6462    3.3014280e+06   3.202846e+01   0.000000e+00     90s
    6810    3.3014281e+06   1.032942e+01   0.000000e+00     95s
    7168    3.3014281e+06   5.411188e+00   0.000000e+00    100s
    7336    3.3014281e+06   0.000000e+00   0.000000e+00    103s

Solved in 7336 iterations and 102.51 seconds (149.96 work units)
Optimal objective  3.301428065e+06
Set parameter TimeLimit to value 1.0860724008732010e+04
Set parameter Method to value 1
Gurobi Optimizer version 12.0.3 build v12.0.3rc0 (linux64 - "Ubuntu 24.04.4 LTS")

CPU model: Intel(R) Xeon(R) Gold 6230 CPU @ 2.10GHz, instruction set [SSE2|AVX|AVX2|AVX512]
Thread count: 40 physical cores, 40 logical processors, using up to 1 threads

Non-default parameters:
TimeLimit  1.0860724008732010e+04
Method  1
BarHomogeneous  1
Threads  1

Optimize a model with 824 rows, 228753 columns and 6091744 nonzeros
Coefficient statistics:
  Matrix range     [1e+00, 1e+00]
  Objective range  [1e+05, 5e+05]
  Bounds range     [0e+00, 0e+00]
  RHS range        [1e+00, 1e+00]
LP warm-start: use basis

Iteration    Objective       Primal Inf.    Dual Inf.      Time
       0   -1.3343830e+33   4.301222e+34   1.334383e+03      0s
     352   -5.3500679e+30   2.445692e+33   5.350068e+00      5s
     709   -9.1308679e+29   1.530720e+33   9.130868e-01     10s
    1180    3.3014271e+06   1.016187e+03   0.000000e+00     17s
    1533    3.3014274e+06   1.917947e+03   0.000000e+00     21s
    1886    3.3014275e+06   1.193308e+02   0.000000e+00     26s
    2240    3.3014275e+06   1.975192e+02   0.000000e+00     31s
    2588    3.3014276e+06   2.449235e+02   0.000000e+00     36s
    2939    3.3014277e+06   1.082504e+03   0.000000e+00     41s
    3291    3.3014277e+06   1.968737e+02   0.000000e+00     46s
    3641    3.3014278e+06   2.057319e+02   0.000000e+00     50s
    3993    3.3014278e+06   2.123496e+02   0.000000e+00     55s
    4342    3.3014278e+06   2.296766e+02   0.000000e+00     60s
    4808    3.3014279e+06   2.795750e+02   0.000000e+00     66s
    5161    3.3014279e+06   5.185397e+02   0.000000e+00     71s
    5509    3.3014279e+06   6.917602e+01   0.000000e+00     76s
    5861    3.3014280e+06   1.678528e+02   0.000000e+00     81s
    6218    3.3014281e+06   3.836016e+01   0.000000e+00     86s
    6571    3.3014281e+06   1.259199e+01   0.000000e+00     91s
    6689    3.3014281e+06   0.000000e+00   0.000000e+00     92s

Solved in 6689 iterations and 92.33 seconds (136.31 work units)
Optimal objective  3.301428065e+06
Set parameter TimeLimit to value 1.0741607599737123e+04
Set parameter Method to value 1
Gurobi Optimizer version 12.0.3 build v12.0.3rc0 (linux64 - "Ubuntu 24.04.4 LTS")

CPU model: Intel(R) Xeon(R) Gold 6230 CPU @ 2.10GHz, instruction set [SSE2|AVX|AVX2|AVX512]
Thread count: 40 physical cores, 40 logical processors, using up to 1 threads

Non-default parameters:
TimeLimit  1.0741607599737123e+04
Method  1
BarHomogeneous  1
Threads  1

Optimize a model with 824 rows, 228783 columns and 6092757 nonzeros
Coefficient statistics:
  Matrix range     [1e+00, 1e+00]
  Objective range  [1e+05, 5e+05]
  Bounds range     [0e+00, 0e+00]
  RHS range        [1e+00, 1e+00]
LP warm-start: use basis

Iteration    Objective       Primal Inf.    Dual Inf.      Time
       0   -1.2402934e+33   4.026812e+34   1.240293e+03      0s
     337   -3.6921995e+31   1.307078e+34   3.692199e+01      5s
     690   -8.0861162e+30   1.491296e+33   8.086116e+00     10s
    1119   -3.3928646e+30   4.357887e+33   3.392865e+00     16s
    1434   -2.0055782e+30   5.226687e+33   2.005579e+00     20s
    1789   -6.2140273e+29   3.415023e+33   6.214027e-01     25s
    2144   -1.2477358e+28   7.833253e+32   1.247736e-02     30s
    2612    3.3014261e+06   1.104492e+03   0.000000e+00     37s
    2966    3.3014265e+06   3.804239e+02   0.000000e+00     41s
    3316    3.3014268e+06   1.081442e+03   0.000000e+00     46s
    3665    3.3014269e+06   1.769251e+02   0.000000e+00     51s
    4018    3.3014271e+06   2.074981e+03   0.000000e+00     56s
    4371    3.3014272e+06   1.479919e+02   0.000000e+00     61s
    4722    3.3014273e+06   1.688112e+02   0.000000e+00     66s
    5074    3.3014273e+06   4.027930e+02   0.000000e+00     70s
    5431    3.3014274e+06   1.041017e+02   0.000000e+00     75s
    5782    3.3014274e+06   2.394640e+02   0.000000e+00     80s
    6137    3.3014274e+06   7.763222e+01   0.000000e+00     85s
    6598    3.3014275e+06   1.728136e+02   0.000000e+00     91s
    6946    3.3014275e+06   6.058851e+01   0.000000e+00     96s
    7297    3.3014275e+06   7.865427e+01   0.000000e+00    101s
    7651    3.3014275e+06   3.030448e+00   0.000000e+00    106s
    7880    3.3014275e+06   0.000000e+00   0.000000e+00    109s

Solved in 7880 iterations and 109.16 seconds (161.01 work units)
Optimal objective  3.301427531e+06
Set parameter TimeLimit to value 1.0605439803557005e+04
Set parameter Method to value 1
Gurobi Optimizer version 12.0.3 build v12.0.3rc0 (linux64 - "Ubuntu 24.04.4 LTS")

CPU model: Intel(R) Xeon(R) Gold 6230 CPU @ 2.10GHz, instruction set [SSE2|AVX|AVX2|AVX512]
Thread count: 40 physical cores, 40 logical processors, using up to 1 threads

Non-default parameters:
TimeLimit  1.0605439803557005e+04
Method  1
BarHomogeneous  1
Threads  1

Optimize a model with 824 rows, 228813 columns and 6093846 nonzeros
Coefficient statistics:
  Matrix range     [1e+00, 1e+00]
  Objective range  [1e+05, 5e+05]
  Bounds range     [0e+00, 0e+00]
  RHS range        [1e+00, 1e+00]
LP warm-start: use basis

Iteration    Objective       Primal Inf.    Dual Inf.      Time
       0   -1.2599786e+33   5.990746e+34   1.259979e+03      0s
     338   -5.1357467e+31   6.589786e+33   5.135747e+01      5s
     689   -1.4082562e+31   4.549007e+33   1.408256e+01     10s
    1038   -7.7450952e+30   1.360056e+34   7.745096e+00     15s
    1468   -4.3458367e+30   2.942867e+34   4.345837e+00     21s
    1824   -2.1431293e+30   8.883754e+33   2.143130e+00     26s
    2182   -6.9662558e+29   9.979059e+32   6.966256e-01     31s
    2538   -4.0981586e+28   7.839741e+32   4.098163e-02     36s
    2894    3.3014243e+06   1.159425e+04   0.000000e+00     41s
    3251    3.3014254e+06   3.037188e+03   0.000000e+00     46s
    3605    3.3014256e+06   7.079438e+02   0.000000e+00     51s
    3963    3.3014258e+06   5.191002e+02   0.000000e+00     55s
    4318    3.3014260e+06   2.529153e+02   0.000000e+00     60s
    4671    3.3014261e+06   3.026432e+02   0.000000e+00     65s
    5141    3.3014262e+06   3.238408e+02   0.000000e+00     72s
    5490    3.3014264e+06   1.001758e+03   0.000000e+00     76s
    5845    3.3014264e+06   8.805896e+02   0.000000e+00     81s
    6202    3.3014265e+06   5.026190e+02   0.000000e+00     86s
    6552    3.3014265e+06   5.525113e+02   0.000000e+00     91s
    6904    3.3014266e+06   2.169833e+02   0.000000e+00     96s
    7256    3.3014266e+06   5.178579e+02   0.000000e+00    101s
    7605    3.3014266e+06   5.961329e+02   0.000000e+00    105s
    7956    3.3014267e+06   4.790081e+02   0.000000e+00    110s
    8310    3.3014267e+06   6.845939e+02   0.000000e+00    115s
    8777    3.3014267e+06   6.197450e+02   0.000000e+00    122s
    9130    3.3014268e+06   7.310472e+02   0.000000e+00    126s
    9481    3.3014268e+06   2.333935e+01   0.000000e+00    131s
    9823    3.3014268e+06   5.768197e+01   0.000000e+00    136s
   10170    3.3014268e+06   1.444949e+01   0.000000e+00    141s
   10518    3.3014268e+06   1.084168e+00   0.000000e+00    146s
   10674    3.3014268e+06   0.000000e+00   0.000000e+00    148s

Solved in 10674 iterations and 147.83 seconds (217.89 work units)
Optimal objective  3.301426842e+06
Set parameter TimeLimit to value 1.0431026510552969e+04
Set parameter Method to value 1
Gurobi Optimizer version 12.0.3 build v12.0.3rc0 (linux64 - "Ubuntu 24.04.4 LTS")

CPU model: Intel(R) Xeon(R) Gold 6230 CPU @ 2.10GHz, instruction set [SSE2|AVX|AVX2|AVX512]
Thread count: 40 physical cores, 40 logical processors, using up to 1 threads

Non-default parameters:
TimeLimit  1.0431026510552969e+04
Method  1
BarHomogeneous  1
Threads  1

Optimize a model with 824 rows, 228843 columns and 6094987 nonzeros
Coefficient statistics:
  Matrix range     [1e+00, 1e+00]
  Objective range  [1e+05, 5e+05]
  Bounds range     [0e+00, 0e+00]
  RHS range        [1e+00, 1e+00]
LP warm-start: use basis

Iteration    Objective       Primal Inf.    Dual Inf.      Time
       0   -1.1015916e+33   8.026121e+34   1.101592e+03      1s
     335   -2.6233229e+31   4.433197e+33   2.623323e+01      5s
     685   -7.6205807e+30   2.628382e+33   7.620580e+00     10s
    1037   -3.8554186e+30   8.159396e+33   3.855418e+00     15s
    1391   -1.2897297e+30   2.923866e+33   1.289730e+00     20s
    1745   -3.7070484e+29   6.654242e+33   3.707050e-01     25s
    2211    3.3014229e+06   5.928734e+02   0.000000e+00     31s
    2559    3.3014242e+06   1.026123e+03   0.000000e+00     36s
    2912    3.3014250e+06   1.473211e+03   0.000000e+00     41s
    3261    3.3014253e+06   7.433952e+02   0.000000e+00     46s
    3613    3.3014255e+06   3.375347e+02   0.000000e+00     51s
    3956    3.3014256e+06   2.870255e+02   0.000000e+00     55s
    4299    3.3014257e+06   4.004835e+02   0.000000e+00     60s
    4761    3.3014259e+06   1.851403e+02   0.000000e+00     67s
    5110    3.3014260e+06   1.178764e+02   0.000000e+00     71s
    5450    3.3014260e+06   5.556387e+01   0.000000e+00     76s
    5794    3.3014261e+06   7.015670e+01   0.000000e+00     81s
    6135    3.3014261e+06   1.303732e+02   0.000000e+00     86s
    6477    3.3014261e+06   1.693864e+02   0.000000e+00     91s
    6824    3.3014262e+06   8.177013e+01   0.000000e+00     95s
    7165    3.3014262e+06   3.158515e+02   0.000000e+00    100s
    7630    3.3014262e+06   5.794066e+01   0.000000e+00    106s
    7975    3.3014262e+06   1.910562e+02   0.000000e+00    111s
    8328    3.3014262e+06   1.467466e+00   0.000000e+00    116s
    8556    3.3014262e+06   0.000000e+00   0.000000e+00    119s

Solved in 8556 iterations and 119.32 seconds (174.86 work units)
Optimal objective  3.301426219e+06
Set parameter TimeLimit to value 1.0285233847388066e+04
Set parameter Method to value 1
Gurobi Optimizer version 12.0.3 build v12.0.3rc0 (linux64 - "Ubuntu 24.04.4 LTS")

CPU model: Intel(R) Xeon(R) Gold 6230 CPU @ 2.10GHz, instruction set [SSE2|AVX|AVX2|AVX512]
Thread count: 40 physical cores, 40 logical processors, using up to 1 threads

Non-default parameters:
TimeLimit  1.0285233847388066e+04
Method  1
BarHomogeneous  1
Threads  1

Optimize a model with 824 rows, 228873 columns and 6096080 nonzeros
Coefficient statistics:
  Matrix range     [1e+00, 1e+00]
  Objective range  [1e+05, 5e+05]
  Bounds range     [0e+00, 0e+00]
  RHS range        [1e+00, 1e+00]
LP warm-start: use basis

Iteration    Objective       Primal Inf.    Dual Inf.      Time
       0   -1.0128102e+33   6.171684e+34   1.012810e+03      0s
     335   -1.2895545e+31   3.752389e+33   1.289554e+01      5s
     685   -4.3954167e+30   1.308674e+33   4.395417e+00     10s
    1118   -1.4975853e+30   2.665991e+33   1.497586e+00     16s
    1473   -4.9867592e+29   2.005934e+33   4.986763e-01     21s
    1826   -4.5181276e+28   4.794552e+32   4.518174e-02     26s
    2176    3.3014230e+06   1.053252e+04   0.000000e+00     31s
    2529    3.3014237e+06   1.373263e+04   0.000000e+00     36s
    2879    3.3014244e+06   1.430779e+03   0.000000e+00     40s
    3230    3.3014246e+06   1.228784e+03   0.000000e+00     45s
    3584    3.3014248e+06   1.060602e+03   0.000000e+00     50s
    4051    3.3014250e+06   3.553752e+03   0.000000e+00     57s
    4399    3.3014252e+06   4.204321e+02   0.000000e+00     61s
    4744    3.3014253e+06   4.191626e+02   0.000000e+00     66s
    5095    3.3014254e+06   1.893148e+02   0.000000e+00     71s
    5442    3.3014254e+06   7.727110e+01   0.000000e+00     76s
    5791    3.3014255e+06   1.770926e+02   0.000000e+00     81s
    6139    3.3014255e+06   2.225551e+02   0.000000e+00     86s
    6490    3.3014256e+06   1.888803e+02   0.000000e+00     91s
    6838    3.3014256e+06   5.165479e+01   0.000000e+00     95s
    7185    3.3014256e+06   1.356598e+02   0.000000e+00    100s
    7527    3.3014256e+06   8.771947e+01   0.000000e+00    105s
    7994    3.3014256e+06   2.786959e+01   0.000000e+00    112s
    8347    3.3014257e+06   0.000000e+00   0.000000e+00    117s

Solved in 8347 iterations and 116.62 seconds (170.82 work units)
Optimal objective  3.301425655e+06
Set parameter TimeLimit to value 1.0140269018757623e+04
Set parameter Method to value 1
Gurobi Optimizer version 12.0.3 build v12.0.3rc0 (linux64 - "Ubuntu 24.04.4 LTS")

CPU model: Intel(R) Xeon(R) Gold 6230 CPU @ 2.10GHz, instruction set [SSE2|AVX|AVX2|AVX512]
Thread count: 40 physical cores, 40 logical processors, using up to 1 threads

Non-default parameters:
TimeLimit  1.0140269018757623e+04
Method  1
BarHomogeneous  1
Threads  1

Optimize a model with 824 rows, 228903 columns and 6097115 nonzeros
Coefficient statistics:
  Matrix range     [1e+00, 1e+00]
  Objective range  [1e+05, 5e+05]
  Bounds range     [0e+00, 0e+00]
  RHS range        [1e+00, 1e+00]
LP warm-start: use basis

Iteration    Objective       Primal Inf.    Dual Inf.      Time
       0   -1.1113280e+33   4.551938e+34   1.111328e+03      1s
     306   -3.5901383e+31   3.674440e+33   3.590138e+01      5s
     654   -1.1791812e+31   2.862099e+33   1.179181e+01     10s
    1012   -4.9647182e+30   1.076719e+34   4.964718e+00     15s
    1436   -1.3021276e+30   4.580954e+33   1.302128e+00     21s
    1788   -1.3268039e+29   7.639244e+32   1.326804e-01     26s
    2147    3.3014227e+06   5.982487e+03   0.000000e+00     31s
    2502    3.3014238e+06   1.459792e+03   0.000000e+00     36s
    2846    3.3014242e+06   1.044357e+03   0.000000e+00     41s
    3192    3.3014245e+06   3.928361e+02   0.000000e+00     46s
    3532    3.3014246e+06   3.477796e+02   0.000000e+00     51s
    3883    3.3014248e+06   4.758049e+02   0.000000e+00     56s
    4230    3.3014249e+06   1.756265e+03   0.000000e+00     61s
    4580    3.3014249e+06   1.976386e+02   0.000000e+00     66s
    4931    3.3014250e+06   2.217306e+02   0.000000e+00     71s
    5278    3.3014251e+06   9.938501e+01   0.000000e+00     75s
    5620    3.3014251e+06   1.657185e+02   0.000000e+00     80s
    5967    3.3014251e+06   7.808509e+01   0.000000e+00     85s
    6311    3.3014252e+06   9.371670e+01   0.000000e+00     90s
    6772    3.3014252e+06   6.444258e+00   0.000000e+00     96s
    6971    3.3014252e+06   0.000000e+00   0.000000e+00     99s

Solved in 6971 iterations and 99.31 seconds (142.66 work units)
Optimal objective  3.301425181e+06
Set parameter TimeLimit to value 1.0014313587009907e+04
Set parameter Method to value 1
Gurobi Optimizer version 12.0.3 build v12.0.3rc0 (linux64 - "Ubuntu 24.04.4 LTS")

CPU model: Intel(R) Xeon(R) Gold 6230 CPU @ 2.10GHz, instruction set [SSE2|AVX|AVX2|AVX512]
Thread count: 40 physical cores, 40 logical processors, using up to 1 threads

Non-default parameters:
TimeLimit  1.0014313587009907e+04
Method  1
BarHomogeneous  1
Threads  1

Optimize a model with 824 rows, 228933 columns and 6098228 nonzeros
Coefficient statistics:
  Matrix range     [1e+00, 1e+00]
  Objective range  [1e+05, 5e+05]
  Bounds range     [0e+00, 0e+00]
  RHS range        [1e+00, 1e+00]
LP warm-start: use basis

Iteration    Objective       Primal Inf.    Dual Inf.      Time
       0   -1.4815226e+33   1.075791e+35   1.481523e+03      0s
     332   -4.0476659e+31   2.403956e+33   4.047666e+01      5s
     677   -1.7259792e+31   3.115260e+33   1.725979e+01     10s
    1068   -7.7307105e+30   3.875743e+33   7.730711e+00     16s
    1383   -2.7410862e+30   5.812837e+33   2.741086e+00     21s
    1736   -4.3814790e+29   6.435652e+33   4.381480e-01     25s
    2095    3.3014191e+06   2.047646e+03   0.000000e+00     30s
    2443    3.3014199e+06   1.376151e+03   0.000000e+00     35s
    2796    3.3014205e+06   7.195108e+03   0.000000e+00     40s
    3267    3.3014214e+06   1.485055e+03   0.000000e+00     47s
    3620    3.3014218e+06   1.730104e+03   0.000000e+00     52s
    3968    3.3014224e+06   1.115330e+03   0.000000e+00     56s
    4316    3.3014226e+06   9.549092e+02   0.000000e+00     61s
    4656    3.3014228e+06   5.056027e+02   0.000000e+00     66s
    4996    3.3014230e+06   6.794259e+02   0.000000e+00     71s
    5341    3.3014232e+06   2.032767e+02   0.000000e+00     75s
    5686    3.3014233e+06   3.801828e+02   0.000000e+00     80s
    6147    3.3014234e+06   4.387348e+02   0.000000e+00     86s
    6501    3.3014235e+06   2.154872e+02   0.000000e+00     91s
    6853    3.3014236e+06   3.785155e+01   0.000000e+00     96s
    7200    3.3014236e+06   1.112027e+02   0.000000e+00    101s
    7549    3.3014237e+06   3.128054e+02   0.000000e+00    106s
    7902    3.3014237e+06   6.998419e+01   0.000000e+00    111s
    8255    3.3014237e+06   2.712541e+00   0.000000e+00    116s
    8396    3.3014237e+06   0.000000e+00   0.000000e+00    118s

Solved in 8396 iterations and 117.55 seconds (171.77 work units)
Optimal objective  3.301423742e+06
Set parameter TimeLimit to value 9.8703667201809585e+03
Set parameter Method to value 1
Gurobi Optimizer version 12.0.3 build v12.0.3rc0 (linux64 - "Ubuntu 24.04.4 LTS")

CPU model: Intel(R) Xeon(R) Gold 6230 CPU @ 2.10GHz, instruction set [SSE2|AVX|AVX2|AVX512]
Thread count: 40 physical cores, 40 logical processors, using up to 1 threads

Non-default parameters:
TimeLimit  9.8703667201809585e+03
Method  1
BarHomogeneous  1
Threads  1

Optimize a model with 824 rows, 228963 columns and 6099358 nonzeros
Coefficient statistics:
  Matrix range     [1e+00, 1e+00]
  Objective range  [1e+05, 5e+05]
  Bounds range     [0e+00, 0e+00]
  RHS range        [1e+00, 1e+00]
LP warm-start: use basis

Iteration    Objective       Primal Inf.    Dual Inf.      Time
       0   -1.6105922e+33   7.989900e+34   1.610592e+03      1s
     337   -4.9261920e+31   5.419141e+33   4.926192e+01      5s
     685   -1.4625498e+31   2.105446e+33   1.462550e+01     10s
    1080   -6.2647495e+30   5.028403e+33   6.264750e+00     16s
    1435   -2.6843787e+30   5.118795e+33   2.684379e+00     21s
    1784   -9.1469271e+29   8.207784e+32   9.146927e-01     26s
    2142   -1.3482143e+29   8.683291e+32   1.348214e-01     30s
    2500    3.3014147e+06   1.818796e+03   0.000000e+00     35s
    2852    3.3014158e+06   1.445356e+03   0.000000e+00     40s
    3326    3.3014167e+06   8.074325e+03   0.000000e+00     47s
    3678    3.3014171e+06   1.672186e+03   0.000000e+00     51s
    4027    3.3014174e+06   3.096791e+02   0.000000e+00     56s
    4375    3.3014177e+06   1.318570e+03   0.000000e+00     61s
    4729    3.3014181e+06   9.337986e+03   0.000000e+00     66s
    5079    3.3014183e+06   2.209544e+03   0.000000e+00     71s
    5425    3.3014187e+06   2.237135e+02   0.000000e+00     76s
    5775    3.3014189e+06   1.348582e+03   0.000000e+00     80s
    6126    3.3014192e+06   2.992539e+02   0.000000e+00     85s
    6476    3.3014195e+06   7.289151e+02   0.000000e+00     90s
    6945    3.3014198e+06   9.040085e+01   0.000000e+00     97s
    7295    3.3014199e+06   1.624828e+02   0.000000e+00    101s
    7642    3.3014201e+06   9.634739e+01   0.000000e+00    106s
    7986    3.3014202e+06   2.800096e+02   0.000000e+00    111s
    8338    3.3014203e+06   6.237567e+01   0.000000e+00    116s
    8686    3.3014203e+06   2.803780e+02   0.000000e+00    121s
    9035    3.3014204e+06   9.364297e+01   0.000000e+00    125s
    9388    3.3014204e+06   2.975896e+00   0.000000e+00    130s
    9624    3.3014204e+06   0.000000e+00   0.000000e+00    134s

Solved in 9624 iterations and 133.69 seconds (196.66 work units)
Optimal objective  3.301420383e+06
Set parameter TimeLimit to value 9709.16539820144
Set parameter Method to value 1
Gurobi Optimizer version 12.0.3 build v12.0.3rc0 (linux64 - "Ubuntu 24.04.4 LTS")

CPU model: Intel(R) Xeon(R) Gold 6230 CPU @ 2.10GHz, instruction set [SSE2|AVX|AVX2|AVX512]
Thread count: 40 physical cores, 40 logical processors, using up to 1 threads

Non-default parameters:
TimeLimit  9709.16539820144
Method  1
BarHomogeneous  1
Threads  1

Optimize a model with 824 rows, 228993 columns and 6100592 nonzeros
Coefficient statistics:
  Matrix range     [1e+00, 1e+00]
  Objective range  [1e+05, 5e+05]
  Bounds range     [0e+00, 0e+00]
  RHS range        [1e+00, 1e+00]
LP warm-start: use basis

Iteration    Objective       Primal Inf.    Dual Inf.      Time
       0   -1.2163893e+33   5.663864e+34   1.216389e+03      1s
     336   -6.9196412e+30   1.001448e+33   6.919641e+00      5s
     690   -7.7415406e+29   5.555564e+32   7.741541e-01     10s
    1122    3.3014181e+06   1.779213e+03   0.000000e+00     16s
    1469    3.3014189e+06   3.715720e+02   0.000000e+00     21s
    1819    3.3014191e+06   7.450876e+02   0.000000e+00     26s
    2173    3.3014193e+06   1.495209e+02   0.000000e+00     31s
    2523    3.3014195e+06   1.578637e+02   0.000000e+00     35s
    2868    3.3014196e+06   7.901634e+01   0.000000e+00     40s
    3333    3.3014197e+06   1.301823e+02   0.000000e+00     47s
    3677    3.3014197e+06   1.851818e+01   0.000000e+00     51s
    4030    3.3014197e+06   2.959655e-02   0.000000e+00     56s
    4050    3.3014197e+06   0.000000e+00   0.000000e+00     57s

Solved in 4050 iterations and 56.60 seconds (83.01 work units)
Optimal objective  3.301419709e+06
Set parameter TimeLimit to value 9.6261095873145387e+03
Set parameter Method to value 1
Gurobi Optimizer version 12.0.3 build v12.0.3rc0 (linux64 - "Ubuntu 24.04.4 LTS")

CPU model: Intel(R) Xeon(R) Gold 6230 CPU @ 2.10GHz, instruction set [SSE2|AVX|AVX2|AVX512]
Thread count: 40 physical cores, 40 logical processors, using up to 1 threads

Non-default parameters:
TimeLimit  9.6261095873145387e+03
Method  1
BarHomogeneous  1
Threads  1

Optimize a model with 824 rows, 229023 columns and 6101519 nonzeros
Coefficient statistics:
  Matrix range     [1e+00, 1e+00]
  Objective range  [1e+05, 5e+05]
  Bounds range     [0e+00, 0e+00]
  RHS range        [1e+00, 1e+00]
LP warm-start: use basis

Iteration    Objective       Primal Inf.    Dual Inf.      Time
       0   -1.0520774e+33   6.771369e+34   1.052077e+03      1s
     338   -2.1487974e+31   2.871770e+33   2.148797e+01      5s
     690   -4.7737732e+30   1.415849e+33   4.773773e+00     10s
    1156   -8.0775157e+28   1.352129e+32   8.077517e-02     17s
    1505    3.3014167e+06   1.087124e+03   0.000000e+00     21s
    1862    3.3014179e+06   7.153789e+02   0.000000e+00     26s
    2213    3.3014182e+06   1.370533e+03   0.000000e+00     31s
    2560    3.3014185e+06   7.303604e+02   0.000000e+00     36s
    2906    3.3014187e+06   1.287488e+02   0.000000e+00     41s
    3249    3.3014188e+06   2.482819e+02   0.000000e+00     46s
    3599    3.3014189e+06   5.560531e+01   0.000000e+00     50s
    3950    3.3014190e+06   2.015905e+02   0.000000e+00     55s
    4298    3.3014191e+06   1.560111e+02   0.000000e+00     60s
    4645    3.3014191e+06   3.045785e+01   0.000000e+00     65s
    5104    3.3014192e+06   9.272688e+00   0.000000e+00     71s
    5447    3.3014192e+06   7.669562e+00   0.000000e+00     76s
    5644    3.3014192e+06   0.000000e+00   0.000000e+00     79s

Solved in 5644 iterations and 79.06 seconds (115.47 work units)
Optimal objective  3.301419224e+06
Set parameter TimeLimit to value 9.5208143250159919e+03
Set parameter Method to value 1
Gurobi Optimizer version 12.0.3 build v12.0.3rc0 (linux64 - "Ubuntu 24.04.4 LTS")

CPU model: Intel(R) Xeon(R) Gold 6230 CPU @ 2.10GHz, instruction set [SSE2|AVX|AVX2|AVX512]
Thread count: 40 physical cores, 40 logical processors, using up to 1 threads

Non-default parameters:
TimeLimit  9.5208143250159919e+03
Method  1
BarHomogeneous  1
Threads  1

Optimize a model with 824 rows, 229053 columns and 6102732 nonzeros
Coefficient statistics:
  Matrix range     [1e+00, 1e+00]
  Objective range  [1e+05, 5e+05]
  Bounds range     [0e+00, 0e+00]
  RHS range        [1e+00, 1e+00]
LP warm-start: use basis

Iteration    Objective       Primal Inf.    Dual Inf.      Time
       0   -1.0622537e+33   5.398535e+34   1.062254e+03      1s
     332   -4.5147455e+31   3.267570e+33   4.514746e+01      5s
     686   -1.8679945e+31   2.564735e+33   1.867995e+01     10s
    1078   -5.9930004e+30   1.591488e+34   5.993001e+00     16s
    1430   -1.9931975e+30   5.258340e+33   1.993197e+00     20s
    1785   -3.0389645e+29   2.835732e+33   3.038964e-01     25s
    2143    3.3014139e+06   2.757596e+03   0.000000e+00     30s
    2618    3.3014158e+06   6.414832e+02   0.000000e+00     36s
    2967    3.3014162e+06   7.516671e+02   0.000000e+00     41s
    3317    3.3014165e+06   5.609966e+02   0.000000e+00     46s
    3665    3.3014167e+06   3.375131e+02   0.000000e+00     51s
    4006    3.3014170e+06   5.008482e+02   0.000000e+00     55s
    4352    3.3014171e+06   2.097682e+02   0.000000e+00     60s
    4702    3.3014172e+06   1.687646e+02   0.000000e+00     65s
    5158    3.3014174e+06   1.482164e+02   0.000000e+00     71s
    5502    3.3014174e+06   4.866055e+01   0.000000e+00     76s
    5850    3.3014175e+06   1.668848e+01   0.000000e+00     81s
    6199    3.3014175e+06   2.595494e+01   0.000000e+00     86s
    6545    3.3014176e+06   1.835961e+01   0.000000e+00     91s
    6891    3.3014176e+06   1.395026e-01   0.000000e+00     95s
    6934    3.3014176e+06   0.000000e+00   0.000000e+00     96s

Solved in 6934 iterations and 96.03 seconds (141.71 work units)
Optimal objective  3.301417572e+06
Set parameter TimeLimit to value 9.3983533279527910e+03
Set parameter Method to value 1
Gurobi Optimizer version 12.0.3 build v12.0.3rc0 (linux64 - "Ubuntu 24.04.4 LTS")

CPU model: Intel(R) Xeon(R) Gold 6230 CPU @ 2.10GHz, instruction set [SSE2|AVX|AVX2|AVX512]
Thread count: 40 physical cores, 40 logical processors, using up to 1 threads

Non-default parameters:
TimeLimit  9.3983533279527910e+03
Method  1
BarHomogeneous  1
Threads  1

Optimize a model with 824 rows, 229083 columns and 6103858 nonzeros
Coefficient statistics:
  Matrix range     [1e+00, 1e+00]
  Objective range  [1e+05, 5e+05]
  Bounds range     [0e+00, 0e+00]
  RHS range        [1e+00, 1e+00]
LP warm-start: use basis

Iteration    Objective       Primal Inf.    Dual Inf.      Time
       0   -8.1691439e+32   6.215945e+34   8.169144e+02      0s
     336   -1.2939959e+31   1.244610e+33   1.293996e+01      5s
     685   -2.8155241e+30   3.445907e+33   2.815524e+00     10s
    1068   -1.6033094e+29   7.969101e+32   1.603311e-01     15s
    1422    3.3014155e+06   1.454938e+03   0.000000e+00     20s
    1884    3.3014160e+06   2.112187e+02   0.000000e+00     27s
    2231    3.3014163e+06   9.545507e+02   0.000000e+00     31s
    2581    3.3014165e+06   6.273465e+02   0.000000e+00     36s
    2929    3.3014167e+06   6.440432e+01   0.000000e+00     41s
    3275    3.3014168e+06   6.674855e+02   0.000000e+00     46s
    3617    3.3014169e+06   3.895386e+01   0.000000e+00     50s
    3962    3.3014169e+06   6.668354e+01   0.000000e+00     55s
    4305    3.3014170e+06   4.336148e+01   0.000000e+00     60s
    4765    3.3014170e+06   1.217551e+02   0.000000e+00     66s
    5105    3.3014170e+06   6.631176e+00   0.000000e+00     71s
    5247    3.3014170e+06   0.000000e+00   0.000000e+00     73s

Solved in 5247 iterations and 73.23 seconds (108.03 work units)
Optimal objective  3.301417012e+06
Set parameter TimeLimit to value 9.2985104091493413e+03
Set parameter Method to value 1
Gurobi Optimizer version 12.0.3 build v12.0.3rc0 (linux64 - "Ubuntu 24.04.4 LTS")

CPU model: Intel(R) Xeon(R) Gold 6230 CPU @ 2.10GHz, instruction set [SSE2|AVX|AVX2|AVX512]
Thread count: 40 physical cores, 40 logical processors, using up to 1 threads

Non-default parameters:
TimeLimit  9.2985104091493413e+03
Method  1
BarHomogeneous  1
Threads  1

Optimize a model with 824 rows, 229113 columns and 6105101 nonzeros
Coefficient statistics:
  Matrix range     [1e+00, 1e+00]
  Objective range  [1e+05, 5e+05]
  Bounds range     [0e+00, 0e+00]
  RHS range        [1e+00, 1e+00]
LP warm-start: use basis

Iteration    Objective       Primal Inf.    Dual Inf.      Time
       0   -5.4072895e+32   6.377232e+34   5.407290e+02      1s
     338   -4.5208049e+30   9.969385e+32   4.520805e+00      5s
     694   -4.3656895e+29   4.347751e+32   4.365689e-01     10s
    1122    3.3014148e+06   9.278651e+02   0.000000e+00     16s
    1474    3.3014155e+06   2.381032e+03   0.000000e+00     21s
    1823    3.3014159e+06   3.316415e+02   0.000000e+00     26s
    2173    3.3014160e+06   1.027852e+02   0.000000e+00     30s
    2519    3.3014162e+06   6.025962e+02   0.000000e+00     35s
    2983    3.3014162e+06   1.382772e+02   0.000000e+00     42s
    3335    3.3014163e+06   1.585136e+02   0.000000e+00     46s
    3678    3.3014163e+06   2.423120e+01   0.000000e+00     51s
    4020    3.3014163e+06   2.393608e+00   0.000000e+00     56s
    4242    3.3014163e+06   0.000000e+00   0.000000e+00     59s

Solved in 4242 iterations and 58.95 seconds (87.42 work units)
Optimal objective  3.301416326e+06
Set parameter TimeLimit to value 9.2129611798985861e+03
Set parameter Method to value 1
Gurobi Optimizer version 12.0.3 build v12.0.3rc0 (linux64 - "Ubuntu 24.04.4 LTS")

CPU model: Intel(R) Xeon(R) Gold 6230 CPU @ 2.10GHz, instruction set [SSE2|AVX|AVX2|AVX512]
Thread count: 40 physical cores, 40 logical processors, using up to 1 threads

Non-default parameters:
TimeLimit  9.2129611798985861e+03
Method  1
BarHomogeneous  1
Threads  1

Optimize a model with 824 rows, 229143 columns and 6106193 nonzeros
Coefficient statistics:
  Matrix range     [1e+00, 1e+00]
  Objective range  [1e+05, 5e+05]
  Bounds range     [0e+00, 0e+00]
  RHS range        [1e+00, 1e+00]
LP warm-start: use basis

Iteration    Objective       Primal Inf.    Dual Inf.      Time
       0   -6.7161681e+32   4.376203e+34   6.716168e+02      0s
     338   -4.0973701e+29   6.570636e+32   4.097370e-01      5s
     804    3.3014154e+06   4.591813e+02   0.000000e+00     11s
    1153    3.3014157e+06   4.834591e+02   0.000000e+00     16s
    1505    3.3014158e+06   3.729615e+02   0.000000e+00     21s
    1854    3.3014159e+06   1.034140e+02   0.000000e+00     26s
    2200    3.3014159e+06   3.929027e+01   0.000000e+00     30s
    2549    3.3014159e+06   1.485989e+01   0.000000e+00     35s
    2843    3.3014159e+06   0.000000e+00   0.000000e+00     39s

Solved in 2843 iterations and 39.37 seconds (58.57 work units)
Optimal objective  3.301415940e+06
Set parameter TimeLimit to value 9.1472161262398586e+03
Set parameter Method to value 1
Gurobi Optimizer version 12.0.3 build v12.0.3rc0 (linux64 - "Ubuntu 24.04.4 LTS")

CPU model: Intel(R) Xeon(R) Gold 6230 CPU @ 2.10GHz, instruction set [SSE2|AVX|AVX2|AVX512]
Thread count: 40 physical cores, 40 logical processors, using up to 1 threads

Non-default parameters:
TimeLimit  9.1472161262398586e+03
Method  1
BarHomogeneous  1
Threads  1

Optimize a model with 824 rows, 229173 columns and 6107307 nonzeros
Coefficient statistics:
  Matrix range     [1e+00, 1e+00]
  Objective range  [1e+05, 5e+05]
  Bounds range     [0e+00, 0e+00]
  RHS range        [1e+00, 1e+00]
LP warm-start: use basis

Iteration    Objective       Primal Inf.    Dual Inf.      Time
       0   -6.2692411e+32   4.276927e+35   6.269241e+02      0s
     337   -1.0606194e+31   2.066567e+33   1.060619e+01      5s
     727   -1.6738190e+30   2.425243e+33   1.673819e+00     11s
    1151    3.3014114e+06   1.327651e+03   0.000000e+00     16s
    1503    3.3014137e+06   1.005248e+03   0.000000e+00     21s
    1850    3.3014140e+06   5.659324e+02   0.000000e+00     26s
    2199    3.3014142e+06   1.936180e+02   0.000000e+00     31s
    2547    3.3014144e+06   5.701081e+02   0.000000e+00     35s
    3010    3.3014146e+06   4.536600e+02   0.000000e+00     42s
    3359    3.3014147e+06   1.836565e+02   0.000000e+00     46s
    3706    3.3014148e+06   2.346059e+02   0.000000e+00     51s
    4053    3.3014149e+06   7.814479e+01   0.000000e+00     56s
    4400    3.3014149e+06   5.744693e+02   0.000000e+00     61s
    4746    3.3014150e+06   2.951845e+01   0.000000e+00     65s
    5211    3.3014150e+06   6.331679e+01   0.000000e+00     72s
    5564    3.3014150e+06   6.135315e-01   0.000000e+00     76s
    5636    3.3014150e+06   0.000000e+00   0.000000e+00     77s

Solved in 5636 iterations and 77.45 seconds (115.53 work units)
Optimal objective  3.301415004e+06
Set parameter TimeLimit to value 9.0428618266168050e+03
Set parameter Method to value 1
Gurobi Optimizer version 12.0.3 build v12.0.3rc0 (linux64 - "Ubuntu 24.04.4 LTS")

CPU model: Intel(R) Xeon(R) Gold 6230 CPU @ 2.10GHz, instruction set [SSE2|AVX|AVX2|AVX512]
Thread count: 40 physical cores, 40 logical processors, using up to 1 threads

Non-default parameters:
TimeLimit  9.0428618266168050e+03
Method  1
BarHomogeneous  1
Threads  1

Optimize a model with 824 rows, 229203 columns and 6108528 nonzeros
Coefficient statistics:
  Matrix range     [1e+00, 1e+00]
  Objective range  [1e+05, 5e+05]
  Bounds range     [0e+00, 0e+00]
  RHS range        [1e+00, 1e+00]
LP warm-start: use basis

Iteration    Objective       Primal Inf.    Dual Inf.      Time
       0   -5.9653016e+32   9.134614e+34   5.965302e+02      0s
     336   -4.4454999e+30   2.486623e+33   4.445500e+00      5s
     694   -2.7008385e+29   1.201838e+33   2.700839e-01     10s
    1134    3.3014126e+06   4.123450e+03   0.000000e+00     16s
    1481    3.3014129e+06   1.911647e+03   0.000000e+00     21s
    1829    3.3014132e+06   5.876548e+02   0.000000e+00     26s
    2168    3.3014134e+06   5.334463e+03   0.000000e+00     30s
    2514    3.3014135e+06   1.097807e+03   0.000000e+00     35s
    2983    3.3014137e+06   1.581381e+03   0.000000e+00     42s
    3327    3.3014138e+06   2.383702e+02   0.000000e+00     46s
    3675    3.3014139e+06   1.090576e+02   0.000000e+00     51s
    4019    3.3014139e+06   8.435981e+01   0.000000e+00     56s
    4359    3.3014140e+06   5.564428e+01   0.000000e+00     61s
    4705    3.3014140e+06   5.207365e+01   0.000000e+00     65s
    5047    3.3014140e+06   1.062233e+01   0.000000e+00     70s
    5456    3.3014140e+06   0.000000e+00   0.000000e+00     76s

Solved in 5456 iterations and 75.79 seconds (112.74 work units)
Optimal objective  3.301414016e+06
Set parameter TimeLimit to value 8.9407902454775758e+03
Set parameter Method to value 1
Gurobi Optimizer version 12.0.3 build v12.0.3rc0 (linux64 - "Ubuntu 24.04.4 LTS")

CPU model: Intel(R) Xeon(R) Gold 6230 CPU @ 2.10GHz, instruction set [SSE2|AVX|AVX2|AVX512]
Thread count: 40 physical cores, 40 logical processors, using up to 1 threads

Non-default parameters:
TimeLimit  8.9407902454775758e+03
Method  1
BarHomogeneous  1
Threads  1

Optimize a model with 824 rows, 229233 columns and 6109508 nonzeros
Coefficient statistics:
  Matrix range     [1e+00, 1e+00]
  Objective range  [1e+05, 5e+05]
  Bounds range     [0e+00, 0e+00]
  RHS range        [1e+00, 1e+00]
LP warm-start: use basis

Iteration    Objective       Primal Inf.    Dual Inf.      Time
       0   -6.3511964e+32   5.838098e+34   6.351196e+02      1s
     336   -1.3480032e+31   3.608558e+33   1.348003e+01      5s
     691   -2.0061694e+30   3.454537e+33   2.006169e+00     10s
    1082   -3.8038821e+29   2.151628e+33   3.803884e-01     16s
    1439    3.3014113e+06   2.489563e+03   0.000000e+00     20s
    1792    3.3014121e+06   4.617871e+02   0.000000e+00     25s
    2262    3.3014125e+06   3.904510e+02   0.000000e+00     32s
    2613    3.3014128e+06   4.117807e+02   0.000000e+00     36s
    2965    3.3014130e+06   1.187487e+03   0.000000e+00     41s
    3318    3.3014131e+06   4.812247e+02   0.000000e+00     46s
    3672    3.3014132e+06   2.136430e+02   0.000000e+00     51s
    4019    3.3014133e+06   9.634748e+01   0.000000e+00     56s
    4366    3.3014133e+06   9.355871e+01   0.000000e+00     61s
    4713    3.3014134e+06   1.489017e+02   0.000000e+00     65s
    5061    3.3014134e+06   1.897788e+02   0.000000e+00     70s
    5517    3.3014135e+06   1.033452e+01   0.000000e+00     76s
    5869    3.3014135e+06   3.868225e+00   0.000000e+00     81s
    6128    3.3014135e+06   0.000000e+00   0.000000e+00     85s

Solved in 6128 iterations and 85.00 seconds (125.38 work units)
Optimal objective  3.301413465e+06
Set parameter TimeLimit to value 8829.20508061815
Set parameter Method to value 1
Gurobi Optimizer version 12.0.3 build v12.0.3rc0 (linux64 - "Ubuntu 24.04.4 LTS")

CPU model: Intel(R) Xeon(R) Gold 6230 CPU @ 2.10GHz, instruction set [SSE2|AVX|AVX2|AVX512]
Thread count: 40 physical cores, 40 logical processors, using up to 1 threads

Non-default parameters:
TimeLimit  8829.20508061815
Method  1
BarHomogeneous  1
Threads  1

Optimize a model with 824 rows, 229263 columns and 6110594 nonzeros
Coefficient statistics:
  Matrix range     [1e+00, 1e+00]
  Objective range  [1e+05, 5e+05]
  Bounds range     [0e+00, 0e+00]
  RHS range        [1e+00, 1e+00]
LP warm-start: use basis

Iteration    Objective       Primal Inf.    Dual Inf.      Time
       0   -5.5346102e+32   1.878276e+35   5.534610e+02      0s
     339   -1.5225057e+31   3.128643e+33   1.522506e+01      5s
     695   -3.9516667e+30   1.117279e+33   3.951667e+00     10s
    1053   -1.0098775e+30   1.766094e+34   1.009878e+00     15s
    1521   -4.2266547e+28   1.595365e+32   4.226655e-02     22s
    1883    3.3014115e+06   1.505772e+04   0.000000e+00     27s
    2238    3.3014120e+06   4.590971e+02   0.000000e+00     31s
    2586    3.3014123e+06   1.278946e+02   0.000000e+00     36s
    2933    3.3014125e+06   2.602782e+02   0.000000e+00     41s
    3281    3.3014126e+06   2.835185e+02   0.000000e+00     46s
    3625    3.3014127e+06   4.863424e+02   0.000000e+00     51s
    3968    3.3014127e+06   7.990427e+01   0.000000e+00     55s
    4311    3.3014128e+06   1.121173e+02   0.000000e+00     60s
    4650    3.3014129e+06   3.391657e+01   0.000000e+00     65s
    5105    3.3014129e+06   6.851445e+02   0.000000e+00     71s
    5452    3.3014129e+06   3.147490e+01   0.000000e+00     76s
    5795    3.3014129e+06   2.083363e+01   0.000000e+00     81s
    6137    3.3014130e+06   8.685257e+00   0.000000e+00     86s
    6271    3.3014130e+06   0.000000e+00   0.000000e+00     88s

Solved in 6271 iterations and 87.84 seconds (129.39 work units)
Optimal objective  3.301412953e+06
Set parameter TimeLimit to value 8.7145129289384931e+03
Set parameter Method to value 1
Gurobi Optimizer version 12.0.3 build v12.0.3rc0 (linux64 - "Ubuntu 24.04.4 LTS")

CPU model: Intel(R) Xeon(R) Gold 6230 CPU @ 2.10GHz, instruction set [SSE2|AVX|AVX2|AVX512]
Thread count: 40 physical cores, 40 logical processors, using up to 1 threads

Non-default parameters:
TimeLimit  8.7145129289384931e+03
Method  1
BarHomogeneous  1
Threads  1

Optimize a model with 824 rows, 229293 columns and 6111649 nonzeros
Coefficient statistics:
  Matrix range     [1e+00, 1e+00]
  Objective range  [1e+05, 5e+05]
  Bounds range     [0e+00, 0e+00]
  RHS range        [1e+00, 1e+00]
LP warm-start: use basis

Iteration    Objective       Primal Inf.    Dual Inf.      Time
       0   -5.0024286e+32   1.359807e+35   5.002429e+02      0s
     338   -2.0194332e+30   1.083536e+33   2.019433e+00      5s
     766   -5.4450713e+27   2.177217e+32   5.445083e-03     11s
    1094    3.3014122e+06   9.338409e+02   0.000000e+00     16s
    1439    3.3014125e+06   2.275687e+02   0.000000e+00     20s
    1787    3.3014126e+06   1.101488e+02   0.000000e+00     25s
    2241    3.3014127e+06   7.682503e+01   0.000000e+00     31s
    2584    3.3014128e+06   2.028782e+02   0.000000e+00     36s
    2925    3.3014128e+06   1.429384e+02   0.000000e+00     41s
    3260    3.3014128e+06   4.581978e+01   0.000000e+00     45s
    3606    3.3014129e+06   9.334130e+01   0.000000e+00     50s
    3956    3.3014129e+06   2.600845e+01   0.000000e+00     55s
    4432    3.3014130e+06   4.653875e+00   0.000000e+00     62s
    4638    3.3014130e+06   0.000000e+00   0.000000e+00     64s

Solved in 4638 iterations and 64.47 seconds (96.19 work units)
Optimal objective  3.301412953e+06
Set parameter TimeLimit to value 8.6232583855190314e+03
Set parameter Method to value 1
Gurobi Optimizer version 12.0.3 build v12.0.3rc0 (linux64 - "Ubuntu 24.04.4 LTS")

CPU model: Intel(R) Xeon(R) Gold 6230 CPU @ 2.10GHz, instruction set [SSE2|AVX|AVX2|AVX512]
Thread count: 40 physical cores, 40 logical processors, using up to 1 threads

Non-default parameters:
TimeLimit  8.6232583855190314e+03
Method  1
BarHomogeneous  1
Threads  1

Optimize a model with 824 rows, 229323 columns and 6112670 nonzeros
Coefficient statistics:
  Matrix range     [1e+00, 1e+00]
  Objective range  [1e+05, 5e+05]
  Bounds range     [0e+00, 0e+00]
  RHS range        [1e+00, 1e+00]
LP warm-start: use basis

Iteration    Objective       Primal Inf.    Dual Inf.      Time
       0   -4.9726714e+32   1.288893e+35   4.972671e+02      0s
     338   -1.2073564e+31   4.542858e+33   1.207356e+01      5s
     734   -1.5421953e+30   1.485285e+33   1.542195e+00     10s
    1127   -5.0990558e+29   8.976412e+32   5.099057e-01     16s
    1479   -8.4649661e+27   1.151845e+32   8.464973e-03     21s
    1837    3.3014119e+06   7.801591e+02   0.000000e+00     26s
    2178    3.3014122e+06   1.141554e+03   0.000000e+00     30s
    2520    3.3014123e+06   4.545194e+02   0.000000e+00     35s
    2974    3.3014125e+06   2.362522e+02   0.000000e+00     42s
    3315    3.3014126e+06   3.837377e+02   0.000000e+00     46s
    3665    3.3014126e+06   1.482132e+02   0.000000e+00     51s
    4010    3.3014127e+06   8.006227e+01   0.000000e+00     56s
    4357    3.3014127e+06   1.270849e+02   0.000000e+00     61s
    4699    3.3014127e+06   2.561983e+01   0.000000e+00     66s
    5037    3.3014127e+06   8.470840e+00   0.000000e+00     70s
    5330    3.3014127e+06   0.000000e+00   0.000000e+00     75s

Solved in 5330 iterations and 74.61 seconds (110.08 work units)
Optimal objective  3.301412732e+06
Set parameter TimeLimit to value 8.5218573908330873e+03
Set parameter Method to value 1
Gurobi Optimizer version 12.0.3 build v12.0.3rc0 (linux64 - "Ubuntu 24.04.4 LTS")

CPU model: Intel(R) Xeon(R) Gold 6230 CPU @ 2.10GHz, instruction set [SSE2|AVX|AVX2|AVX512]
Thread count: 40 physical cores, 40 logical processors, using up to 1 threads

Non-default parameters:
TimeLimit  8.5218573908330873e+03
Method  1
BarHomogeneous  1
Threads  1

Optimize a model with 824 rows, 229353 columns and 6113672 nonzeros
Coefficient statistics:
  Matrix range     [1e+00, 1e+00]
  Objective range  [1e+05, 5e+05]
  Bounds range     [0e+00, 0e+00]
  RHS range        [1e+00, 1e+00]
LP warm-start: use basis

Iteration    Objective       Primal Inf.    Dual Inf.      Time
       0   -3.5944977e+32   8.879855e+34   3.594498e+02      1s
     335   -6.2377460e+30   2.226709e+33   6.237746e+00      5s
     684   -1.0757240e+30   1.568007e+33   1.075724e+00     10s
    1078    3.3014107e+06   1.241164e+04   0.000000e+00     16s
    1439    3.3014119e+06   8.194751e+02   0.000000e+00     21s
    1790    3.3014121e+06   2.831293e+03   0.000000e+00     26s
    2136    3.3014123e+06   2.174419e+02   0.000000e+00     30s
    2484    3.3014124e+06   2.058582e+02   0.000000e+00     35s
    2837    3.3014124e+06   4.489574e+01   0.000000e+00     40s
    3191    3.3014124e+06   2.419477e+02   0.000000e+00     45s
    3657    3.3014125e+06   2.979480e+01   0.000000e+00     52s
    4006    3.3014125e+06   2.485315e+02   0.000000e+00     57s
    4355    3.3014125e+06   1.183129e+00   0.000000e+00     62s
    4464    3.3014125e+06   0.000000e+00   0.000000e+00     63s

Solved in 4464 iterations and 63.23 seconds (91.79 work units)
Optimal objective  3.301412510e+06
Set parameter TimeLimit to value 8431.92564999219
Set parameter Method to value 1
Gurobi Optimizer version 12.0.3 build v12.0.3rc0 (linux64 - "Ubuntu 24.04.4 LTS")

CPU model: Intel(R) Xeon(R) Gold 6230 CPU @ 2.10GHz, instruction set [SSE2|AVX|AVX2|AVX512]
Thread count: 40 physical cores, 40 logical processors, using up to 1 threads

Non-default parameters:
TimeLimit  8431.92564999219
Method  1
BarHomogeneous  1
Threads  1

Optimize a model with 824 rows, 229383 columns and 6114724 nonzeros
Coefficient statistics:
  Matrix range     [1e+00, 1e+00]
  Objective range  [1e+05, 5e+05]
  Bounds range     [0e+00, 0e+00]
  RHS range        [1e+00, 1e+00]
LP warm-start: use basis

Iteration    Objective       Primal Inf.    Dual Inf.      Time
       0   -3.7599234e+32   6.901419e+34   3.759923e+02      0s
     340   -4.9602614e+29   1.557517e+33   4.960262e-01      5s
     770    3.3014106e+06   1.347562e+04   0.000000e+00     11s
    1119    3.3014119e+06   2.985599e+02   0.000000e+00     16s
    1474    3.3014120e+06   2.609160e+02   0.000000e+00     21s
    1822    3.3014121e+06   1.082417e+02   0.000000e+00     26s
    2167    3.3014122e+06   4.068957e+02   0.000000e+00     31s
    2512    3.3014123e+06   7.217666e+01   0.000000e+00     35s
    2862    3.3014123e+06   4.320160e+02   0.000000e+00     40s
    3204    3.3014123e+06   2.388160e+01   0.000000e+00     45s
    3661    3.3014123e+06   9.662575e+01   0.000000e+00     51s
    4009    3.3014123e+06   3.967288e+00   0.000000e+00     56s
    4202    3.3014123e+06   0.000000e+00   0.000000e+00     59s

Solved in 4202 iterations and 58.99 seconds (86.44 work units)
Optimal objective  3.301412328e+06
Set parameter TimeLimit to value 8.3466557072172873e+03
Set parameter Method to value 1
Gurobi Optimizer version 12.0.3 build v12.0.3rc0 (linux64 - "Ubuntu 24.04.4 LTS")

CPU model: Intel(R) Xeon(R) Gold 6230 CPU @ 2.10GHz, instruction set [SSE2|AVX|AVX2|AVX512]
Thread count: 40 physical cores, 40 logical processors, using up to 1 threads

Non-default parameters:
TimeLimit  8.3466557072172873e+03
Method  1
BarHomogeneous  1
Threads  1

Optimize a model with 824 rows, 229413 columns and 6115869 nonzeros
Coefficient statistics:
  Matrix range     [1e+00, 1e+00]
  Objective range  [1e+05, 5e+05]
  Bounds range     [0e+00, 0e+00]
  RHS range        [1e+00, 1e+00]
LP warm-start: use basis

Iteration    Objective       Primal Inf.    Dual Inf.      Time
       0   -3.3564002e+32   3.656739e+34   3.356400e+02      1s
     340   -5.8863224e+30   1.116706e+33   5.886322e+00      5s
     696   -9.3797265e+29   1.974571e+33   9.379727e-01     10s
    1085   -3.4265672e+28   6.990689e+32   3.426563e-02     16s
    1431    3.3014112e+06   3.423781e+04   0.000000e+00     20s
    1774    3.3014115e+06   4.948886e+02   0.000000e+00     25s
    2118    3.3014118e+06   4.725963e+02   0.000000e+00     30s
    2575    3.3014119e+06   1.172759e+02   0.000000e+00     36s
    2919    3.3014120e+06   1.546981e+02   0.000000e+00     41s
    3260    3.3014120e+06   9.789103e+01   0.000000e+00     46s
    3606    3.3014120e+06   2.036133e+02   0.000000e+00     51s
    3954    3.3014121e+06   5.740407e+01   0.000000e+00     56s
    4303    3.3014121e+06   2.100515e+00   0.000000e+00     60s
    4428    3.3014121e+06   0.000000e+00   0.000000e+00     62s

Solved in 4428 iterations and 62.17 seconds (91.67 work units)
Optimal objective  3.301412065e+06
Set parameter TimeLimit to value 8.2582802997943945e+03
Set parameter Method to value 1
Gurobi Optimizer version 12.0.3 build v12.0.3rc0 (linux64 - "Ubuntu 24.04.4 LTS")

CPU model: Intel(R) Xeon(R) Gold 6230 CPU @ 2.10GHz, instruction set [SSE2|AVX|AVX2|AVX512]
Thread count: 40 physical cores, 40 logical processors, using up to 1 threads

Non-default parameters:
TimeLimit  8.2582802997943945e+03
Method  1
BarHomogeneous  1
Threads  1

Optimize a model with 824 rows, 229443 columns and 6117003 nonzeros
Coefficient statistics:
  Matrix range     [1e+00, 1e+00]
  Objective range  [1e+05, 5e+05]
  Bounds range     [0e+00, 0e+00]
  RHS range        [1e+00, 1e+00]
LP warm-start: use basis

Iteration    Objective       Primal Inf.    Dual Inf.      Time
       0   -4.0564253e+32   4.909987e+34   4.056425e+02      1s
     339   -6.4896306e+30   2.313881e+33   6.489631e+00      5s
     689   -1.1310671e+30   7.590329e+32   1.131067e+00     10s
    1079   -1.6886469e+28   2.432181e+32   1.688649e-02     16s
    1429    3.3014108e+06   9.103327e+03   0.000000e+00     20s
    1783    3.3014113e+06   1.579903e+03   0.000000e+00     25s
    2135    3.3014115e+06   4.421709e+02   0.000000e+00     30s
    2490    3.3014116e+06   2.867808e+02   0.000000e+00     35s
    2948    3.3014118e+06   1.495939e+02   0.000000e+00     42s
    3289    3.3014118e+06   9.806180e+01   0.000000e+00     46s
    3639    3.3014118e+06   5.168833e+01   0.000000e+00     51s
    3985    3.3014119e+06   6.291713e+01   0.000000e+00     56s
    4331    3.3014119e+06   1.594298e+01   0.000000e+00     61s
    4673    3.3014119e+06   1.078501e-01   0.000000e+00     66s
    4708    3.3014119e+06   0.000000e+00   0.000000e+00     66s

Solved in 4708 iterations and 66.15 seconds (97.50 work units)
Optimal objective  3.301411903e+06
Set parameter TimeLimit to value 8.1658443781668320e+03
Set parameter Method to value 1
Gurobi Optimizer version 12.0.3 build v12.0.3rc0 (linux64 - "Ubuntu 24.04.4 LTS")

CPU model: Intel(R) Xeon(R) Gold 6230 CPU @ 2.10GHz, instruction set [SSE2|AVX|AVX2|AVX512]
Thread count: 40 physical cores, 40 logical processors, using up to 1 threads

Non-default parameters:
TimeLimit  8.1658443781668320e+03
Method  1
BarHomogeneous  1
Threads  1

Optimize a model with 824 rows, 229473 columns and 6118204 nonzeros
Coefficient statistics:
  Matrix range     [1e+00, 1e+00]
  Objective range  [1e+05, 5e+05]
  Bounds range     [0e+00, 0e+00]
  RHS range        [1e+00, 1e+00]
LP warm-start: use basis

Iteration    Objective       Primal Inf.    Dual Inf.      Time
       0   -3.4985960e+32   5.442838e+34   3.498596e+02      1s
     340   -8.4503380e+30   2.566632e+33   8.450338e+00      5s
     697   -1.6579880e+30   6.391582e+32   1.657988e+00     10s
    1087   -2.1865876e+29   1.267449e+33   2.186588e-01     16s
    1449    3.3014105e+06   7.714157e+02   0.000000e+00     21s
    1796    3.3014109e+06   7.324881e+02   0.000000e+00     26s
    2145    3.3014111e+06   1.378790e+03   0.000000e+00     31s
    2477    3.3014112e+06   1.082235e+02   0.000000e+00     36s
    2820    3.3014113e+06   7.872653e+01   0.000000e+00     41s
    3169    3.3014113e+06   3.998519e+02   0.000000e+00     46s
    3514    3.3014114e+06   1.334230e+02   0.000000e+00     51s
    3855    3.3014114e+06   8.130693e+01   0.000000e+00     55s
    4194    3.3014114e+06   4.505019e+01   0.000000e+00     60s
    4538    3.3014114e+06   1.593316e+01   0.000000e+00     65s
    4886    3.3014115e+06   8.174287e+00   0.000000e+00     70s
    5216    3.3014115e+06   0.000000e+00   0.000000e+00     75s

Solved in 5216 iterations and 75.07 seconds (108.64 work units)
Optimal objective  3.301411455e+06
Set parameter TimeLimit to value 8.0641160806454718e+03
Set parameter Method to value 1
Gurobi Optimizer version 12.0.3 build v12.0.3rc0 (linux64 - "Ubuntu 24.04.4 LTS")

CPU model: Intel(R) Xeon(R) Gold 6230 CPU @ 2.10GHz, instruction set [SSE2|AVX|AVX2|AVX512]
Thread count: 40 physical cores, 40 logical processors, using up to 1 threads

Non-default parameters:
TimeLimit  8.0641160806454718e+03
Method  1
BarHomogeneous  1
Threads  1

Optimize a model with 824 rows, 229503 columns and 6119474 nonzeros
Coefficient statistics:
  Matrix range     [1e+00, 1e+00]
  Objective range  [1e+05, 5e+05]
  Bounds range     [0e+00, 0e+00]
  RHS range        [1e+00, 1e+00]
LP warm-start: use basis

Iteration    Objective       Primal Inf.    Dual Inf.      Time
       0   -3.7068717e+32   5.361854e+34   3.706872e+02      1s
     379   -3.3618616e+28   5.923320e+32   3.361861e-02      6s
     773    3.3014113e+06   2.973266e+02   0.000000e+00     11s
    1120    3.3014114e+06   1.286578e+02   0.000000e+00     16s
    1463    3.3014114e+06   1.572858e+02   0.000000e+00     21s
    1813    3.3014114e+06   2.605949e+01   0.000000e+00     26s
    2155    3.3014115e+06   5.222689e+00   0.000000e+00     30s
    2383    3.3014115e+06   0.000000e+00   0.000000e+00     34s

Solved in 2383 iterations and 33.67 seconds (49.71 work units)
Optimal objective  3.301411455e+06
Set parameter TimeLimit to value 8.0039025096343830e+03
Set parameter Method to value 1
Gurobi Optimizer version 12.0.3 build v12.0.3rc0 (linux64 - "Ubuntu 24.04.4 LTS")

CPU model: Intel(R) Xeon(R) Gold 6230 CPU @ 2.10GHz, instruction set [SSE2|AVX|AVX2|AVX512]
Thread count: 40 physical cores, 40 logical processors, using up to 1 threads

Non-default parameters:
TimeLimit  8.0039025096343830e+03
Method  1
BarHomogeneous  1
Threads  1

Optimize a model with 824 rows, 229533 columns and 6120671 nonzeros
Coefficient statistics:
  Matrix range     [1e+00, 1e+00]
  Objective range  [1e+05, 5e+05]
  Bounds range     [0e+00, 0e+00]
  RHS range        [1e+00, 1e+00]
LP warm-start: use basis

Iteration    Objective       Primal Inf.    Dual Inf.      Time
       0   -3.4258096e+32   4.112541e+34   3.425810e+02      1s
     340   -1.1595261e+31   4.046490e+33   1.159526e+01      5s
     695   -1.4169551e+30   6.645722e+32   1.416955e+00     10s
    1043   -2.6266760e+29   2.715017e+33   2.626675e-01     15s
    1380    3.3014084e+06   3.099253e+03   0.000000e+00     20s
    1731    3.3014097e+06   5.836121e+03   0.000000e+00     25s
    2081    3.3014101e+06   1.472071e+03   0.000000e+00     30s
    2538    3.3014104e+06   6.642359e+02   0.000000e+00     37s
    2883    3.3014107e+06   8.773982e+02   0.000000e+00     42s
    3225    3.3014108e+06   8.409164e+02   0.000000e+00     47s
    3569    3.3014109e+06   4.244445e+02   0.000000e+00     51s
    3905    3.3014110e+06   4.072829e+02   0.000000e+00     56s
    4249    3.3014110e+06   1.575049e+02   0.000000e+00     61s
    4588    3.3014111e+06   1.179916e+02   0.000000e+00     66s
    4920    3.3014111e+06   2.070020e+02   0.000000e+00     71s
    5260    3.3014111e+06   1.009958e+02   0.000000e+00     76s
    5605    3.3014111e+06   7.893830e+01   0.000000e+00     81s
    5951    3.3014112e+06   3.362671e+02   0.000000e+00     86s
    6287    3.3014112e+06   2.622894e+01   0.000000e+00     90s
    6633    3.3014112e+06   8.073498e+01   0.000000e+00     95s
    6985    3.3014112e+06   2.704750e+00   0.000000e+00    100s
    7122    3.3014112e+06   0.000000e+00   0.000000e+00    103s

Solved in 7122 iterations and 102.55 seconds (148.55 work units)
Optimal objective  3.301411188e+06
Set parameter TimeLimit to value 7.8742712488123216e+03
Set parameter Method to value 1
Gurobi Optimizer version 12.0.3 build v12.0.3rc0 (linux64 - "Ubuntu 24.04.4 LTS")

CPU model: Intel(R) Xeon(R) Gold 6230 CPU @ 2.10GHz, instruction set [SSE2|AVX|AVX2|AVX512]
Thread count: 40 physical cores, 40 logical processors, using up to 1 threads

Non-default parameters:
TimeLimit  7.8742712488123216e+03
Method  1
BarHomogeneous  1
Threads  1

Optimize a model with 824 rows, 229563 columns and 6121851 nonzeros
Coefficient statistics:
  Matrix range     [1e+00, 1e+00]
  Objective range  [1e+05, 5e+05]
  Bounds range     [0e+00, 0e+00]
  RHS range        [1e+00, 1e+00]
LP warm-start: use basis

Iteration    Objective       Primal Inf.    Dual Inf.      Time
       0   -3.1015496e+32   4.960420e+34   3.101550e+02      1s
     333   -2.4134151e+31   2.324753e+33   2.413415e+01      5s
     686   -7.8946760e+30   1.342680e+33   7.894676e+00     10s
    1035   -3.4204859e+30   3.458646e+33   3.420486e+00     15s
    1384   -1.3505323e+30   1.574527e+34   1.350537e+00     20s
    1740   -4.9212666e+29   1.421687e+33   4.921267e-01     25s
    2098   -2.2535065e+29   2.855573e+32   2.253507e-01     30s
    2452    3.3014082e+06   2.586966e+03   0.000000e+00     35s
    2801    3.3014092e+06   5.023603e+03   0.000000e+00     40s
    3273    3.3014097e+06   4.202376e+02   0.000000e+00     47s
    3618    3.3014099e+06   6.061106e+02   0.000000e+00     51s
    3966    3.3014101e+06   2.691427e+02   0.000000e+00     56s
    4315    3.3014103e+06   2.758662e+02   0.000000e+00     61s
    4658    3.3014104e+06   1.042293e+02   0.000000e+00     66s
    5001    3.3014105e+06   3.557550e+02   0.000000e+00     71s
    5350    3.3014106e+06   8.622102e+02   0.000000e+00     76s
    5690    3.3014106e+06   2.583929e+02   0.000000e+00     81s
    6036    3.3014107e+06   3.213372e+01   0.000000e+00     85s
    6380    3.3014107e+06   3.069135e+01   0.000000e+00     90s
    6725    3.3014107e+06   7.657514e+01   0.000000e+00     95s
    7073    3.3014107e+06   1.704521e+01   0.000000e+00    100s
    7420    3.3014107e+06   1.780078e+00   0.000000e+00    105s
    7543    3.3014107e+06   0.000000e+00   0.000000e+00    107s

Solved in 7543 iterations and 107.07 seconds (155.55 work units)
Optimal objective  3.301410720e+06
Set parameter TimeLimit to value 7.7409013051390648e+03
Set parameter Method to value 1
Gurobi Optimizer version 12.0.3 build v12.0.3rc0 (linux64 - "Ubuntu 24.04.4 LTS")

CPU model: Intel(R) Xeon(R) Gold 6230 CPU @ 2.10GHz, instruction set [SSE2|AVX|AVX2|AVX512]
Thread count: 40 physical cores, 40 logical processors, using up to 1 threads

Non-default parameters:
TimeLimit  7.7409013051390648e+03
Method  1
BarHomogeneous  1
Threads  1

Optimize a model with 824 rows, 229593 columns and 6122992 nonzeros
Coefficient statistics:
  Matrix range     [1e+00, 1e+00]
  Objective range  [1e+05, 5e+05]
  Bounds range     [0e+00, 0e+00]
  RHS range        [1e+00, 1e+00]
LP warm-start: use basis

Iteration    Objective       Primal Inf.    Dual Inf.      Time
       0   -3.1579577e+32   4.517358e+34   3.157958e+02      1s
     335   -1.4381568e+31   6.155413e+33   1.438157e+01      5s
     687   -3.6091018e+30   1.166724e+33   3.609102e+00     10s
    1158   -5.3758362e+29   2.728395e+33   5.375837e-01     17s
    1499   -4.9577484e+27   1.039871e+33   4.957748e-03     21s
    1849    3.3014092e+06   1.668501e+03   0.000000e+00     26s
    2192    3.3014096e+06   1.222179e+03   0.000000e+00     31s
    2538    3.3014099e+06   3.679094e+03   0.000000e+00     35s
    2883    3.3014101e+06   1.241918e+02   0.000000e+00     40s
    3347    3.3014102e+06   1.620203e+02   0.000000e+00     46s
    3688    3.3014103e+06   1.924279e+02   0.000000e+00     51s
    4039    3.3014103e+06   7.113574e+01   0.000000e+00     56s
    4384    3.3014104e+06   9.624518e+01   0.000000e+00     61s
    4731    3.3014104e+06   8.697125e+01   0.000000e+00     65s
    5191    3.3014104e+06   5.493716e+01   0.000000e+00     72s
    5539    3.3014104e+06   3.660726e+01   0.000000e+00     76s
    5894    3.3014104e+06   1.285400e-01   0.000000e+00     81s
    5961    3.3014104e+06   0.000000e+00   0.000000e+00     82s

Solved in 5961 iterations and 82.18 seconds (123.29 work units)
Optimal objective  3.301410448e+06
Set parameter TimeLimit to value 7.6317223221831955e+03
Set parameter Method to value 1
Gurobi Optimizer version 12.0.3 build v12.0.3rc0 (linux64 - "Ubuntu 24.04.4 LTS")

CPU model: Intel(R) Xeon(R) Gold 6230 CPU @ 2.10GHz, instruction set [SSE2|AVX|AVX2|AVX512]
Thread count: 40 physical cores, 40 logical processors, using up to 1 threads

Non-default parameters:
TimeLimit  7.6317223221831955e+03
Method  1
BarHomogeneous  1
Threads  1

Optimize a model with 824 rows, 229623 columns and 6124312 nonzeros
Coefficient statistics:
  Matrix range     [1e+00, 1e+00]
  Objective range  [1e+05, 5e+05]
  Bounds range     [0e+00, 0e+00]
  RHS range        [1e+00, 1e+00]
LP warm-start: use basis

Iteration    Objective       Primal Inf.    Dual Inf.      Time
       0   -2.7851777e+32   2.341799e+34   2.785178e+02      1s
     334   -8.1276665e+30   1.282329e+33   8.127667e+00      5s
     689   -1.0166055e+30   1.614835e+33   1.016605e+00     10s
    1085    3.3014083e+06   1.442874e+03   0.000000e+00     16s
    1431    3.3014095e+06   2.340421e+02   0.000000e+00     20s
    1781    3.3014098e+06   3.174699e+02   0.000000e+00     25s
    2235    3.3014099e+06   1.331827e+02   0.000000e+00     32s
    2584    3.3014100e+06   1.885931e+02   0.000000e+00     36s
    2937    3.3014101e+06   2.226180e+02   0.000000e+00     41s
    3280    3.3014101e+06   1.688283e+02   0.000000e+00     46s
    3625    3.3014101e+06   5.112449e+01   0.000000e+00     51s
    3971    3.3014102e+06   8.387480e+01   0.000000e+00     56s
    4312    3.3014102e+06   2.135942e+01   0.000000e+00     60s
    4656    3.3014102e+06   3.278552e+01   0.000000e+00     65s
    5112    3.3014102e+06   4.064456e-01   0.000000e+00     71s
    5178    3.3014102e+06   0.000000e+00   0.000000e+00     72s

Solved in 5178 iterations and 72.46 seconds (108.15 work units)
Optimal objective  3.301410229e+06
Set parameter TimeLimit to value 7.5321318571334705e+03
Set parameter Method to value 1
Gurobi Optimizer version 12.0.3 build v12.0.3rc0 (linux64 - "Ubuntu 24.04.4 LTS")

CPU model: Intel(R) Xeon(R) Gold 6230 CPU @ 2.10GHz, instruction set [SSE2|AVX|AVX2|AVX512]
Thread count: 40 physical cores, 40 logical processors, using up to 1 threads

Non-default parameters:
TimeLimit  7.5321318571334705e+03
Method  1
BarHomogeneous  1
Threads  1

Optimize a model with 824 rows, 229653 columns and 6125404 nonzeros
Coefficient statistics:
  Matrix range     [1e+00, 1e+00]
  Objective range  [1e+05, 5e+05]
  Bounds range     [0e+00, 0e+00]
  RHS range        [1e+00, 1e+00]
LP warm-start: use basis

Iteration    Objective       Primal Inf.    Dual Inf.      Time
       0   -2.4364921e+32   1.458338e+35   2.436492e+02      0s
     373   -8.2791888e+29   1.832323e+33   8.279189e-01      6s
     764    3.3014097e+06   1.506420e+02   0.000000e+00     11s
    1107    3.3014099e+06   1.285399e+02   0.000000e+00     15s
    1453    3.3014100e+06   2.247427e+02   0.000000e+00     20s
    1908    3.3014100e+06   2.857459e+02   0.000000e+00     26s
    2250    3.3014101e+06   9.116011e+01   0.000000e+00     31s
    2593    3.3014101e+06   3.344314e+01   0.000000e+00     36s
    2941    3.3014101e+06   2.401474e-01   0.000000e+00     40s
    3051    3.3014101e+06   0.000000e+00   0.000000e+00     42s

Solved in 3051 iterations and 41.92 seconds (63.36 work units)
Optimal objective  3.301410104e+06
Set parameter TimeLimit to value 7.4638379189535044e+03
Set parameter Method to value 1
Gurobi Optimizer version 12.0.3 build v12.0.3rc0 (linux64 - "Ubuntu 24.04.4 LTS")

CPU model: Intel(R) Xeon(R) Gold 6230 CPU @ 2.10GHz, instruction set [SSE2|AVX|AVX2|AVX512]
Thread count: 40 physical cores, 40 logical processors, using up to 1 threads

Non-default parameters:
TimeLimit  7.4638379189535044e+03
Method  1
BarHomogeneous  1
Threads  1

Optimize a model with 824 rows, 229683 columns and 6126564 nonzeros
Coefficient statistics:
  Matrix range     [1e+00, 1e+00]
  Objective range  [1e+05, 5e+05]
  Bounds range     [0e+00, 0e+00]
  RHS range        [1e+00, 1e+00]
LP warm-start: use basis

Iteration    Objective       Primal Inf.    Dual Inf.      Time
       0   -2.6520823e+32   3.456989e+34   2.652082e+02      1s
     376   -2.8255764e+30   2.475046e+33   2.825576e+00      5s
     727   -1.6152898e+29   6.153286e+32   1.615290e-01     10s
    1112    3.3014093e+06   6.228544e+03   0.000000e+00     16s
    1464    3.3014096e+06   4.138797e+02   0.000000e+00     21s
    1815    3.3014097e+06   1.380560e+03   0.000000e+00     25s
    2167    3.3014098e+06   1.078911e+02   0.000000e+00     30s
    2515    3.3014099e+06   1.412519e+02   0.000000e+00     35s
    2969    3.3014099e+06   5.370717e+01   0.000000e+00     41s
    3313    3.3014099e+06   1.610257e+01   0.000000e+00     46s
    3664    3.3014099e+06   9.504336e+00   0.000000e+00     51s
    4011    3.3014099e+06   1.211544e-03   0.000000e+00     56s
    4016    3.3014099e+06   0.000000e+00   0.000000e+00     56s

Solved in 4016 iterations and 55.94 seconds (82.95 work units)
Optimal objective  3.301409945e+06
Set parameter TimeLimit to value 7.3816416201428510e+03
Set parameter Method to value 1
Gurobi Optimizer version 12.0.3 build v12.0.3rc0 (linux64 - "Ubuntu 24.04.4 LTS")

CPU model: Intel(R) Xeon(R) Gold 6230 CPU @ 2.10GHz, instruction set [SSE2|AVX|AVX2|AVX512]
Thread count: 40 physical cores, 40 logical processors, using up to 1 threads

Non-default parameters:
TimeLimit  7.3816416201428510e+03
Method  1
BarHomogeneous  1
Threads  1

Optimize a model with 824 rows, 229713 columns and 6127856 nonzeros
Coefficient statistics:
  Matrix range     [1e+00, 1e+00]
  Objective range  [1e+05, 5e+05]
  Bounds range     [0e+00, 0e+00]
  RHS range        [1e+00, 1e+00]
LP warm-start: use basis

Iteration    Objective       Primal Inf.    Dual Inf.      Time
       0   -2.1917785e+32   3.883568e+34   2.191778e+02      0s
     376   -3.2923289e+30   2.983167e+33   3.292329e+00      5s
     726   -1.0421417e+29   4.308188e+32   1.042142e-01     10s
    1152    3.3014091e+06   1.991720e+03   0.000000e+00     16s
    1497    3.3014094e+06   4.234967e+02   0.000000e+00     21s
    1841    3.3014095e+06   2.122126e+02   0.000000e+00     26s
    2181    3.3014096e+06   1.306207e+02   0.000000e+00     30s
    2522    3.3014097e+06   1.319155e+02   0.000000e+00     35s
    2974    3.3014098e+06   1.200953e+02   0.000000e+00     41s
    3317    3.3014098e+06   1.578727e+01   0.000000e+00     46s
    3664    3.3014098e+06   3.285418e+00   0.000000e+00     51s
    4011    3.3014098e+06   2.639295e+00   0.000000e+00     55s
    4182    3.3014098e+06   0.000000e+00   0.000000e+00     58s

Solved in 4182 iterations and 57.87 seconds (87.69 work units)
Optimal objective  3.301409820e+06
Set parameter TimeLimit to value 7.2976729034869932e+03
Set parameter Method to value 1
Gurobi Optimizer version 12.0.3 build v12.0.3rc0 (linux64 - "Ubuntu 24.04.4 LTS")

CPU model: Intel(R) Xeon(R) Gold 6230 CPU @ 2.10GHz, instruction set [SSE2|AVX|AVX2|AVX512]
Thread count: 40 physical cores, 40 logical processors, using up to 1 threads

Non-default parameters:
TimeLimit  7.2976729034869932e+03
Method  1
BarHomogeneous  1
Threads  1

Optimize a model with 824 rows, 229743 columns and 6128769 nonzeros
Coefficient statistics:
  Matrix range     [1e+00, 1e+00]
  Objective range  [1e+05, 5e+05]
  Bounds range     [0e+00, 0e+00]
  RHS range        [1e+00, 1e+00]
LP warm-start: use basis

Iteration    Objective       Primal Inf.    Dual Inf.      Time
       0   -2.0858865e+32   8.125754e+34   2.085886e+02      0s
     377   -1.6898892e+30   2.486809e+33   1.689889e+00      5s
     729    3.3014088e+06   7.850732e+03   0.000000e+00     10s
    1199    3.3014094e+06   2.901712e+02   0.000000e+00     16s
    1543    3.3014095e+06   1.502968e+03   0.000000e+00     21s
    1889    3.3014096e+06   7.732868e+01   0.000000e+00     26s
    2235    3.3014096e+06   2.322101e+02   0.000000e+00     31s
    2579    3.3014097e+06   3.264010e+01   0.000000e+00     35s
    3035    3.3014097e+06   8.838439e+01   0.000000e+00     42s
    3380    3.3014097e+06   5.263613e+00   0.000000e+00     46s
    3645    3.3014097e+06   0.000000e+00   0.000000e+00     50s

Solved in 3645 iterations and 49.85 seconds (75.48 work units)
Optimal objective  3.301409686e+06
Set parameter TimeLimit to value 7.2215115152536891e+03
Set parameter Method to value 1
Gurobi Optimizer version 12.0.3 build v12.0.3rc0 (linux64 - "Ubuntu 24.04.4 LTS")

CPU model: Intel(R) Xeon(R) Gold 6230 CPU @ 2.10GHz, instruction set [SSE2|AVX|AVX2|AVX512]
Thread count: 40 physical cores, 40 logical processors, using up to 1 threads

Non-default parameters:
TimeLimit  7.2215115152536891e+03
Method  1
BarHomogeneous  1
Threads  1

Optimize a model with 824 rows, 229773 columns and 6129904 nonzeros
Coefficient statistics:
  Matrix range     [1e+00, 1e+00]
  Objective range  [1e+05, 5e+05]
  Bounds range     [0e+00, 0e+00]
  RHS range        [1e+00, 1e+00]
LP warm-start: use basis

Iteration    Objective       Primal Inf.    Dual Inf.      Time
       0   -1.9383470e+32   3.393844e+34   1.938347e+02      1s
     335   -5.5169077e+30   2.334188e+33   5.516908e+00      5s
     733   -2.6688866e+29   4.418341e+33   2.668884e-01     10s
    1117    3.3014087e+06   3.611637e+02   0.000000e+00     16s
    1468    3.3014091e+06   6.372854e+02   0.000000e+00     20s
    1818    3.3014093e+06   2.529199e+02   0.000000e+00     25s
    2282    3.3014094e+06   1.337414e+02   0.000000e+00     31s
    2624    3.3014095e+06   4.158001e+01   0.000000e+00     36s
    2967    3.3014095e+06   7.723672e+01   0.000000e+00     41s
    3313    3.3014095e+06   3.419795e+01   0.000000e+00     45s
    3659    3.3014095e+06   1.829098e+01   0.000000e+00     50s
    4125    3.3014095e+06   6.429027e+01   0.000000e+00     56s
    4303    3.3014095e+06   0.000000e+00   0.000000e+00     59s

Solved in 4303 iterations and 58.93 seconds (89.28 work units)
Optimal objective  3.301409550e+06
Set parameter TimeLimit to value 7.1364600140242837e+03
Set parameter Method to value 1
Gurobi Optimizer version 12.0.3 build v12.0.3rc0 (linux64 - "Ubuntu 24.04.4 LTS")

CPU model: Intel(R) Xeon(R) Gold 6230 CPU @ 2.10GHz, instruction set [SSE2|AVX|AVX2|AVX512]
Thread count: 40 physical cores, 40 logical processors, using up to 1 threads

Non-default parameters:
TimeLimit  7.1364600140242837e+03
Method  1
BarHomogeneous  1
Threads  1

Optimize a model with 824 rows, 229803 columns and 6130839 nonzeros
Coefficient statistics:
  Matrix range     [1e+00, 1e+00]
  Objective range  [1e+05, 5e+05]
  Bounds range     [0e+00, 0e+00]
  RHS range        [1e+00, 1e+00]
LP warm-start: use basis

Iteration    Objective       Primal Inf.    Dual Inf.      Time
       0   -1.8222118e+32   5.442690e+34   1.822212e+02      0s
     341   -1.9511712e+30   1.111822e+33   1.951171e+00      5s
     693   -3.7558548e+28   2.262358e+32   3.755856e-02     10s
    1150    3.3014091e+06   3.970095e+03   0.000000e+00     16s
    1495    3.3014093e+06   2.388085e+02   0.000000e+00     21s
    1843    3.3014094e+06   1.971082e+02   0.000000e+00     26s
    2191    3.3014094e+06   2.656047e+01   0.000000e+00     31s
    2537    3.3014094e+06   3.365668e+01   0.000000e+00     35s
    2883    3.3014095e+06   1.084844e+01   0.000000e+00     40s
    3339    3.3014095e+06   6.422712e-01   0.000000e+00     46s
    3534    3.3014095e+06   0.000000e+00   0.000000e+00     49s

Solved in 3534 iterations and 49.11 seconds (73.56 work units)
Optimal objective  3.301409466e+06
Set parameter TimeLimit to value 7.0608287953711115e+03
Set parameter Method to value 1
Gurobi Optimizer version 12.0.3 build v12.0.3rc0 (linux64 - "Ubuntu 24.04.4 LTS")

CPU model: Intel(R) Xeon(R) Gold 6230 CPU @ 2.10GHz, instruction set [SSE2|AVX|AVX2|AVX512]
Thread count: 40 physical cores, 40 logical processors, using up to 1 threads

Non-default parameters:
TimeLimit  7.0608287953711115e+03
Method  1
BarHomogeneous  1
Threads  1

Optimize a model with 824 rows, 229833 columns and 6132071 nonzeros
Coefficient statistics:
  Matrix range     [1e+00, 1e+00]
  Objective range  [1e+05, 5e+05]
  Bounds range     [0e+00, 0e+00]
  RHS range        [1e+00, 1e+00]
LP warm-start: use basis

Iteration    Objective       Primal Inf.    Dual Inf.      Time
       0   -1.6473255e+32   1.897034e+34   1.647326e+02      1s
     338   -5.5008779e+30   1.620355e+33   5.500878e+00      5s
     696   -7.6804063e+29   8.872111e+32   7.680406e-01     10s
    1126    3.3014082e+06   2.291576e+03   0.000000e+00     16s
    1474    3.3014087e+06   2.232562e+03   0.000000e+00     21s
    1827    3.3014090e+06   2.492440e+03   0.000000e+00     25s
    2178    3.3014091e+06   2.898995e+02   0.000000e+00     30s
    2634    3.3014092e+06   5.359837e+01   0.000000e+00     36s
    2975    3.3014093e+06   3.532582e+02   0.000000e+00     41s
    3321    3.3014093e+06   2.926600e+02   0.000000e+00     46s
    3672    3.3014093e+06   6.213354e+01   0.000000e+00     50s
    4129    3.3014093e+06   2.298089e+00   0.000000e+00     57s
    4472    3.3014094e+06   1.152032e+00   0.000000e+00     61s
    4582    3.3014094e+06   0.000000e+00   0.000000e+00     63s

Solved in 4582 iterations and 62.76 seconds (95.17 work units)
Optimal objective  3.301409352e+06
Set parameter TimeLimit to value 6.9720275325495750e+03
Set parameter Method to value 1
Gurobi Optimizer version 12.0.3 build v12.0.3rc0 (linux64 - "Ubuntu 24.04.4 LTS")

CPU model: Intel(R) Xeon(R) Gold 6230 CPU @ 2.10GHz, instruction set [SSE2|AVX|AVX2|AVX512]
Thread count: 40 physical cores, 40 logical processors, using up to 1 threads

Non-default parameters:
TimeLimit  6.9720275325495750e+03
Method  1
BarHomogeneous  1
Threads  1

Optimize a model with 824 rows, 229863 columns and 6133079 nonzeros
Coefficient statistics:
  Matrix range     [1e+00, 1e+00]
  Objective range  [1e+05, 5e+05]
  Bounds range     [0e+00, 0e+00]
  RHS range        [1e+00, 1e+00]
LP warm-start: use basis

Iteration    Objective       Primal Inf.    Dual Inf.      Time
       0   -1.4837120e+32   2.602380e+34   1.483712e+02      1s
     406    3.3014093e+06   3.035333e+02   0.000000e+00      6s
     754    3.3014094e+06   9.050451e+00   0.000000e+00     11s
     991    3.3014094e+06   0.000000e+00   0.000000e+00     14s

Solved in 991 iterations and 13.93 seconds (20.78 work units)
Optimal objective  3.301409352e+06
Set parameter TimeLimit to value 6.9317200560891069e+03
Set parameter Method to value 1
Gurobi Optimizer version 12.0.3 build v12.0.3rc0 (linux64 - "Ubuntu 24.04.4 LTS")

CPU model: Intel(R) Xeon(R) Gold 6230 CPU @ 2.10GHz, instruction set [SSE2|AVX|AVX2|AVX512]
Thread count: 40 physical cores, 40 logical processors, using up to 1 threads

Non-default parameters:
TimeLimit  6.9317200560891069e+03
Method  1
BarHomogeneous  1
Threads  1

Optimize a model with 824 rows, 229893 columns and 6134043 nonzeros
Coefficient statistics:
  Matrix range     [1e+00, 1e+00]
  Objective range  [1e+05, 5e+05]
  Bounds range     [0e+00, 0e+00]
  RHS range        [1e+00, 1e+00]
LP warm-start: use basis

Iteration    Objective       Primal Inf.    Dual Inf.      Time
       0   -1.4606417e+32   1.944575e+34   1.460642e+02      1s
     337   -3.3413240e+30   1.756271e+33   3.341324e+00      5s
     730   -1.4778857e+29   1.785427e+33   1.477887e-01     10s
    1119    3.3014084e+06   1.744223e+03   0.000000e+00     16s
    1469    3.3014087e+06   1.249379e+02   0.000000e+00     20s
    1824    3.3014088e+06   2.141402e+02   0.000000e+00     25s
    2181    3.3014090e+06   3.403561e+02   0.000000e+00     30s
    2640    3.3014091e+06   5.239636e+01   0.000000e+00     36s
    2978    3.3014092e+06   4.940412e+01   0.000000e+00     41s
    3321    3.3014092e+06   6.096206e+01   0.000000e+00     46s
    3674    3.3014092e+06   8.020359e+01   0.000000e+00     50s
    4016    3.3014092e+06   1.486765e+01   0.000000e+00     55s
    4364    3.3014092e+06   0.000000e+00   0.000000e+00     60s

Solved in 4364 iterations and 59.91 seconds (90.77 work units)
Optimal objective  3.301409244e+06
Set parameter TimeLimit to value 6.8452991958186030e+03
Set parameter Method to value 1
Gurobi Optimizer version 12.0.3 build v12.0.3rc0 (linux64 - "Ubuntu 24.04.4 LTS")

CPU model: Intel(R) Xeon(R) Gold 6230 CPU @ 2.10GHz, instruction set [SSE2|AVX|AVX2|AVX512]
Thread count: 40 physical cores, 40 logical processors, using up to 1 threads

Non-default parameters:
TimeLimit  6.8452991958186030e+03
Method  1
BarHomogeneous  1
Threads  1

Optimize a model with 824 rows, 229923 columns and 6135005 nonzeros
Coefficient statistics:
  Matrix range     [1e+00, 1e+00]
  Objective range  [1e+05, 5e+05]
  Bounds range     [0e+00, 0e+00]
  RHS range        [1e+00, 1e+00]
LP warm-start: use basis

Iteration    Objective       Primal Inf.    Dual Inf.      Time
       0   -1.6269150e+32   2.712375e+34   1.626915e+02      1s
     335   -1.3404504e+31   3.018752e+33   1.340450e+01      5s
     723   -1.3299911e+30   1.347332e+33   1.329991e+00     10s
    1154   -2.8303839e+28   3.073440e+32   2.830383e-02     16s
    1501    3.3014080e+06   6.671786e+02   0.000000e+00     21s
    1849    3.3014083e+06   7.993892e+02   0.000000e+00     26s
    2200    3.3014085e+06   2.840036e+02   0.000000e+00     30s
    2542    3.3014086e+06   3.213235e+02   0.000000e+00     35s
    3005    3.3014087e+06   2.269844e+03   0.000000e+00     41s
    3352    3.3014088e+06   1.050825e+02   0.000000e+00     46s
    3693    3.3014089e+06   2.202395e+02   0.000000e+00     51s
    4031    3.3014089e+06   7.104042e+01   0.000000e+00     55s
    4486    3.3014090e+06   8.798325e+01   0.000000e+00     61s
    4828    3.3014090e+06   1.182321e+01   0.000000e+00     66s
    5164    3.3014090e+06   1.066984e+00   0.000000e+00     71s
    5399    3.3014090e+06   0.000000e+00   0.000000e+00     74s

Solved in 5399 iterations and 74.05 seconds (112.08 work units)
Optimal objective  3.301408999e+06
Set parameter TimeLimit to value 6744.8975383332
Set parameter Method to value 1
Gurobi Optimizer version 12.0.3 build v12.0.3rc0 (linux64 - "Ubuntu 24.04.4 LTS")

CPU model: Intel(R) Xeon(R) Gold 6230 CPU @ 2.10GHz, instruction set [SSE2|AVX|AVX2|AVX512]
Thread count: 40 physical cores, 40 logical processors, using up to 1 threads

Non-default parameters:
TimeLimit  6744.8975383332
Method  1
BarHomogeneous  1
Threads  1

Optimize a model with 824 rows, 229953 columns and 6136070 nonzeros
Coefficient statistics:
  Matrix range     [1e+00, 1e+00]
  Objective range  [1e+05, 5e+05]
  Bounds range     [0e+00, 0e+00]
  RHS range        [1e+00, 1e+00]
LP warm-start: use basis

Iteration    Objective       Primal Inf.    Dual Inf.      Time
       0   -1.9583145e+32   4.955632e+34   1.958315e+02      1s
     342   -7.4602734e+30   1.811913e+33   7.460273e+00      5s
     726   -8.2939165e+29   4.530064e+32   8.293917e-01     10s
    1069    3.3014075e+06   9.251112e+02   0.000000e+00     15s
    1422    3.3014080e+06   9.791292e+02   0.000000e+00     20s
    1879    3.3014083e+06   4.576984e+02   0.000000e+00     26s
    2221    3.3014085e+06   1.468577e+02   0.000000e+00     31s
    2563    3.3014086e+06   1.082414e+02   0.000000e+00     36s
    2904    3.3014087e+06   3.790098e+01   0.000000e+00     40s
    3241    3.3014087e+06   1.232505e+02   0.000000e+00     45s
    3699    3.3014087e+06   2.481412e+01   0.000000e+00     51s
    4040    3.3014088e+06   5.847431e+00   0.000000e+00     56s
    4384    3.3014088e+06   3.650202e-01   0.000000e+00     61s
    4453    3.3014088e+06   0.000000e+00   0.000000e+00     62s

Solved in 4453 iterations and 61.93 seconds (92.54 work units)
Optimal objective  3.301408770e+06
Set parameter TimeLimit to value 6.6566401326041669e+03
Set parameter Method to value 1
Gurobi Optimizer version 12.0.3 build v12.0.3rc0 (linux64 - "Ubuntu 24.04.4 LTS")

CPU model: Intel(R) Xeon(R) Gold 6230 CPU @ 2.10GHz, instruction set [SSE2|AVX|AVX2|AVX512]
Thread count: 40 physical cores, 40 logical processors, using up to 1 threads

Non-default parameters:
TimeLimit  6.6566401326041669e+03
Method  1
BarHomogeneous  1
Threads  1

Optimize a model with 824 rows, 229983 columns and 6137010 nonzeros
Coefficient statistics:
  Matrix range     [1e+00, 1e+00]
  Objective range  [1e+05, 5e+05]
  Bounds range     [0e+00, 0e+00]
  RHS range        [1e+00, 1e+00]
LP warm-start: use basis

Iteration    Objective       Primal Inf.    Dual Inf.      Time
       0   -1.7015583e+32   2.588257e+34   1.701558e+02      1s
     375   -6.9091715e+30   4.224270e+33   6.909171e+00      5s
     728   -1.1113440e+30   2.280621e+33   1.111344e+00     10s
    1195    3.3014076e+06   3.287495e+03   0.000000e+00     16s
    1543    3.3014080e+06   3.064616e+02   0.000000e+00     21s
    1893    3.3014082e+06   4.594433e+02   0.000000e+00     26s
    2233    3.3014084e+06   9.786919e+01   0.000000e+00     31s
    2581    3.3014084e+06   7.792502e+01   0.000000e+00     35s
    2926    3.3014085e+06   1.738604e+03   0.000000e+00     40s
    3392    3.3014085e+06   2.508634e+01   0.000000e+00     46s
    3739    3.3014086e+06   1.928184e+02   0.000000e+00     51s
    4086    3.3014086e+06   3.833252e+01   0.000000e+00     56s
    4437    3.3014086e+06   4.621005e-01   0.000000e+00     61s
    4504    3.3014086e+06   0.000000e+00   0.000000e+00     62s

Solved in 4504 iterations and 61.60 seconds (93.15 work units)
Optimal objective  3.301408586e+06
Set parameter TimeLimit to value 6.5686977915447205e+03
Set parameter Method to value 1
Gurobi Optimizer version 12.0.3 build v12.0.3rc0 (linux64 - "Ubuntu 24.04.4 LTS")

CPU model: Intel(R) Xeon(R) Gold 6230 CPU @ 2.10GHz, instruction set [SSE2|AVX|AVX2|AVX512]
Thread count: 40 physical cores, 40 logical processors, using up to 1 threads

Non-default parameters:
TimeLimit  6.5686977915447205e+03
Method  1
BarHomogeneous  1
Threads  1

Optimize a model with 824 rows, 230013 columns and 6138202 nonzeros
Coefficient statistics:
  Matrix range     [1e+00, 1e+00]
  Objective range  [1e+05, 5e+05]
  Bounds range     [0e+00, 0e+00]
  RHS range        [1e+00, 1e+00]
LP warm-start: use basis

Iteration    Objective       Primal Inf.    Dual Inf.      Time
       0   -1.0191851e+32   1.992016e+34   1.019185e+02      1s
     346   -3.4201364e+30   3.150778e+33   3.420137e+00      5s
     738   -1.9643094e+29   6.708806e+32   1.964310e-01     10s
    1170    3.3014077e+06   1.591135e+03   0.000000e+00     16s
    1510    3.3014081e+06   4.340649e+02   0.000000e+00     21s
    1848    3.3014082e+06   4.496353e+02   0.000000e+00     26s
    2191    3.3014083e+06   1.371502e+02   0.000000e+00     31s
    2533    3.3014084e+06   1.127755e+02   0.000000e+00     35s
    2870    3.3014084e+06   5.851974e+01   0.000000e+00     40s
    3313    3.3014085e+06   1.488679e+01   0.000000e+00     46s
    3652    3.3014085e+06   6.958498e-01   0.000000e+00     51s
    3766    3.3014085e+06   0.000000e+00   0.000000e+00     53s

Solved in 3766 iterations and 52.66 seconds (78.87 work units)
Optimal objective  3.301408472e+06
Set parameter TimeLimit to value 6.4895342159508727e+03
Set parameter Method to value 1
Gurobi Optimizer version 12.0.3 build v12.0.3rc0 (linux64 - "Ubuntu 24.04.4 LTS")

CPU model: Intel(R) Xeon(R) Gold 6230 CPU @ 2.10GHz, instruction set [SSE2|AVX|AVX2|AVX512]
Thread count: 40 physical cores, 40 logical processors, using up to 1 threads

Non-default parameters:
TimeLimit  6.4895342159508727e+03
Method  1
BarHomogeneous  1
Threads  1

Optimize a model with 824 rows, 230043 columns and 6139341 nonzeros
Coefficient statistics:
  Matrix range     [1e+00, 1e+00]
  Objective range  [1e+05, 5e+05]
  Bounds range     [0e+00, 0e+00]
  RHS range        [1e+00, 1e+00]
LP warm-start: use basis

Iteration    Objective       Primal Inf.    Dual Inf.      Time
       0   -1.3307776e+32   3.664825e+34   1.330778e+02      0s
     389   -1.4777771e+30   1.102041e+33   1.477777e+00      6s
     741   -4.7193834e+27   1.491568e+32   4.719417e-03     10s
    1095    3.3014080e+06   8.034686e+02   0.000000e+00     15s
    1563    3.3014082e+06   1.454520e+02   0.000000e+00     22s
    1910    3.3014082e+06   2.253203e+02   0.000000e+00     26s
    2251    3.3014083e+06   8.385543e+01   0.000000e+00     31s
    2593    3.3014083e+06   1.731905e+01   0.000000e+00     36s
    2936    3.3014083e+06   1.887747e+01   0.000000e+00     40s
    3279    3.3014083e+06   7.134090e-01   0.000000e+00     45s
    3357    3.3014083e+06   0.000000e+00   0.000000e+00     46s

Solved in 3357 iterations and 46.19 seconds (69.29 work units)
Optimal objective  3.301408340e+06
Set parameter TimeLimit to value 6.4169885001005605e+03
Set parameter Method to value 1
Gurobi Optimizer version 12.0.3 build v12.0.3rc0 (linux64 - "Ubuntu 24.04.4 LTS")

CPU model: Intel(R) Xeon(R) Gold 6230 CPU @ 2.10GHz, instruction set [SSE2|AVX|AVX2|AVX512]
Thread count: 40 physical cores, 40 logical processors, using up to 1 threads

Non-default parameters:
TimeLimit  6.4169885001005605e+03
Method  1
BarHomogeneous  1
Threads  1

Optimize a model with 824 rows, 230073 columns and 6140581 nonzeros
Coefficient statistics:
  Matrix range     [1e+00, 1e+00]
  Objective range  [1e+05, 5e+05]
  Bounds range     [0e+00, 0e+00]
  RHS range        [1e+00, 1e+00]
LP warm-start: use basis

Iteration    Objective       Primal Inf.    Dual Inf.      Time
       0   -1.5317533e+32   1.835134e+34   1.531753e+02      1s
     345   -6.4777382e+30   3.726077e+33   6.477738e+00      5s
     741   -1.2631068e+30   6.658297e+32   1.263107e+00     11s
    1127   -1.1445299e+29   4.129994e+33   1.144529e-01     16s
    1478    3.3014073e+06   1.030253e+03   0.000000e+00     21s
    1826    3.3014076e+06   5.250949e+02   0.000000e+00     26s
    2170    3.3014078e+06   1.690631e+03   0.000000e+00     31s
    2522    3.3014079e+06   5.573470e+02   0.000000e+00     36s
    2870    3.3014080e+06   8.617168e+01   0.000000e+00     40s
    3207    3.3014081e+06   1.235458e+02   0.000000e+00     45s
    3553    3.3014081e+06   1.336765e+02   0.000000e+00     50s
    4013    3.3014081e+06   8.410943e+01   0.000000e+00     56s
    4350    3.3014082e+06   5.486142e+01   0.000000e+00     61s
    4693    3.3014082e+06   5.679460e-02   0.000000e+00     66s
    4716    3.3014082e+06   0.000000e+00   0.000000e+00     66s

Solved in 4716 iterations and 66.46 seconds (97.56 work units)
Optimal objective  3.301408159e+06
Set parameter TimeLimit to value 6.3241417435929179e+03
Set parameter Method to value 1
Gurobi Optimizer version 12.0.3 build v12.0.3rc0 (linux64 - "Ubuntu 24.04.4 LTS")

CPU model: Intel(R) Xeon(R) Gold 6230 CPU @ 2.10GHz, instruction set [SSE2|AVX|AVX2|AVX512]
Thread count: 40 physical cores, 40 logical processors, using up to 1 threads

Non-default parameters:
TimeLimit  6.3241417435929179e+03
Method  1
BarHomogeneous  1
Threads  1

Optimize a model with 824 rows, 230103 columns and 6141574 nonzeros
Coefficient statistics:
  Matrix range     [1e+00, 1e+00]
  Objective range  [1e+05, 5e+05]
  Bounds range     [0e+00, 0e+00]
  RHS range        [1e+00, 1e+00]
LP warm-start: use basis

Iteration    Objective       Primal Inf.    Dual Inf.      Time
       0   -1.2524114e+32   5.830680e+34   1.252411e+02      0s
     333    3.3014082e+06   5.346168e-01   0.000000e+00      5s
     406    3.3014082e+06   0.000000e+00   0.000000e+00      6s

Solved in 406 iterations and 6.41 seconds (9.02 work units)
Optimal objective  3.301408159e+06
Set parameter TimeLimit to value 6.2936305207260884e+03
Set parameter Method to value 1
Gurobi Optimizer version 12.0.3 build v12.0.3rc0 (linux64 - "Ubuntu 24.04.4 LTS")

CPU model: Intel(R) Xeon(R) Gold 6230 CPU @ 2.10GHz, instruction set [SSE2|AVX|AVX2|AVX512]
Thread count: 40 physical cores, 40 logical processors, using up to 1 threads

Non-default parameters:
TimeLimit  6.2936305207260884e+03
Method  1
BarHomogeneous  1
Threads  1

Optimize a model with 824 rows, 230133 columns and 6142516 nonzeros
Coefficient statistics:
  Matrix range     [1e+00, 1e+00]
  Objective range  [1e+05, 5e+05]
  Bounds range     [0e+00, 0e+00]
  RHS range        [1e+00, 1e+00]
LP warm-start: use basis

Iteration    Objective       Primal Inf.    Dual Inf.      Time
       0   -1.2286170e+32   5.398910e+34   1.228617e+02      1s
     332   -5.2436313e+30   2.572365e+33   5.243631e+00      5s
     719   -4.4550917e+29   7.156699e+32   4.455091e-01     11s
    1062    3.3014073e+06   1.057736e+03   0.000000e+00     15s
Warning: Markowitz tolerance tightened to 0.0625
    1416    3.3014075e+06   2.658093e+02   0.000000e+00     20s
    1868    3.3014077e+06   1.893790e+02   0.000000e+00     26s
    2211    3.3014078e+06   1.462263e+02   0.000000e+00     31s
    2551    3.3014079e+06   7.761311e+01   0.000000e+00     36s
    2903    3.3014079e+06   1.037883e+02   0.000000e+00     41s
    3248    3.3014080e+06   3.652536e+01   0.000000e+00     46s
    3590    3.3014080e+06   1.125822e+02   0.000000e+00     50s
    3929    3.3014080e+06   6.060750e+00   0.000000e+00     55s
    4368    3.3014080e+06   0.000000e+00   0.000000e+00     61s

Solved in 4368 iterations and 61.32 seconds (91.34 work units)
Optimal objective  3.301408005e+06
Set parameter TimeLimit to value 6.2054535190444440e+03
Set parameter Method to value 1
Gurobi Optimizer version 12.0.3 build v12.0.3rc0 (linux64 - "Ubuntu 24.04.4 LTS")

CPU model: Intel(R) Xeon(R) Gold 6230 CPU @ 2.10GHz, instruction set [SSE2|AVX|AVX2|AVX512]
Thread count: 40 physical cores, 40 logical processors, using up to 1 threads

Non-default parameters:
TimeLimit  6.2054535190444440e+03
Method  1
BarHomogeneous  1
Threads  1

Optimize a model with 824 rows, 230163 columns and 6143451 nonzeros
Coefficient statistics:
  Matrix range     [1e+00, 1e+00]
  Objective range  [1e+05, 5e+05]
  Bounds range     [0e+00, 0e+00]
  RHS range        [1e+00, 1e+00]
LP warm-start: use basis

Iteration    Objective       Primal Inf.    Dual Inf.      Time
       0   -1.1432606e+32   1.526065e+34   1.143261e+02      1s
     337   -4.0044111e+30   1.178419e+33   4.004411e+00      5s
     691   -7.5562674e+29   6.883567e+32   7.556268e-01     10s
    1077    3.3014071e+06   4.591984e+02   0.000000e+00     16s
    1427    3.3014075e+06   7.032852e+02   0.000000e+00     20s
    1771    3.3014076e+06   1.818886e+02   0.000000e+00     25s
    2116    3.3014077e+06   5.942901e+01   0.000000e+00     30s
    2568    3.3014078e+06   1.369935e+02   0.000000e+00     36s
    2909    3.3014079e+06   3.073437e+01   0.000000e+00     41s
    3243    3.3014079e+06   3.394938e+01   0.000000e+00     46s
    3579    3.3014079e+06   3.022601e+01   0.000000e+00     51s
    3909    3.3014079e+06   3.626996e+01   0.000000e+00     55s
    4248    3.3014079e+06   1.780786e+00   0.000000e+00     60s
    4329    3.3014079e+06   0.000000e+00   0.000000e+00     61s

Solved in 4329 iterations and 61.34 seconds (90.09 work units)
Optimal objective  3.301407912e+06
Set parameter TimeLimit to value 6117.08379688533
Set parameter Method to value 1
Gurobi Optimizer version 12.0.3 build v12.0.3rc0 (linux64 - "Ubuntu 24.04.4 LTS")

CPU model: Intel(R) Xeon(R) Gold 6230 CPU @ 2.10GHz, instruction set [SSE2|AVX|AVX2|AVX512]
Thread count: 40 physical cores, 40 logical processors, using up to 1 threads

Non-default parameters:
TimeLimit  6117.08379688533
Method  1
BarHomogeneous  1
Threads  1

Optimize a model with 824 rows, 230193 columns and 6144618 nonzeros
Coefficient statistics:
  Matrix range     [1e+00, 1e+00]
  Objective range  [1e+05, 5e+05]
  Bounds range     [0e+00, 0e+00]
  RHS range        [1e+00, 1e+00]
LP warm-start: use basis

Iteration    Objective       Primal Inf.    Dual Inf.      Time
       0   -1.0674094e+32   2.458835e+34   1.067409e+02      1s
     329   -9.2893037e+28   6.167548e+32   9.289303e-02      5s
     675    3.3014078e+06   2.383587e+02   0.000000e+00     10s
    1124    3.3014079e+06   8.373989e+01   0.000000e+00     17s
    1465    3.3014079e+06   4.293192e+02   0.000000e+00     21s
    1733    3.3014079e+06   0.000000e+00   0.000000e+00     25s

Solved in 1733 iterations and 25.35 seconds (36.50 work units)
Optimal objective  3.301407902e+06
Set parameter TimeLimit to value 6.0652428745962679e+03
Set parameter Method to value 1
Gurobi Optimizer version 12.0.3 build v12.0.3rc0 (linux64 - "Ubuntu 24.04.4 LTS")

CPU model: Intel(R) Xeon(R) Gold 6230 CPU @ 2.10GHz, instruction set [SSE2|AVX|AVX2|AVX512]
Thread count: 40 physical cores, 40 logical processors, using up to 1 threads

Non-default parameters:
TimeLimit  6.0652428745962679e+03
Method  1
BarHomogeneous  1
Threads  1

Optimize a model with 824 rows, 230223 columns and 6145527 nonzeros
Coefficient statistics:
  Matrix range     [1e+00, 1e+00]
  Objective range  [1e+05, 5e+05]
  Bounds range     [0e+00, 0e+00]
  RHS range        [1e+00, 1e+00]
LP warm-start: use basis

Iteration    Objective       Primal Inf.    Dual Inf.      Time
       0   -1.1111096e+32   6.899969e+34   1.111110e+02      1s
     408    3.3014079e+06   2.460971e-01   0.000000e+00      6s
     444    3.3014079e+06   0.000000e+00   0.000000e+00      7s

Solved in 444 iterations and 6.83 seconds (9.62 work units)
Optimal objective  3.301407901e+06
Set parameter TimeLimit to value 6.0328214235296473e+03
Set parameter Method to value 1
Gurobi Optimizer version 12.0.3 build v12.0.3rc0 (linux64 - "Ubuntu 24.04.4 LTS")

CPU model: Intel(R) Xeon(R) Gold 6230 CPU @ 2.10GHz, instruction set [SSE2|AVX|AVX2|AVX512]
Thread count: 40 physical cores, 40 logical processors, using up to 1 threads

Non-default parameters:
TimeLimit  6.0328214235296473e+03
Method  1
BarHomogeneous  1
Threads  1

Optimize a model with 824 rows, 230253 columns and 6146482 nonzeros
Coefficient statistics:
  Matrix range     [1e+00, 1e+00]
  Objective range  [1e+05, 5e+05]
  Bounds range     [0e+00, 0e+00]
  RHS range        [1e+00, 1e+00]
LP warm-start: use basis

Iteration    Objective       Primal Inf.    Dual Inf.      Time
       0   -7.8980403e+31   2.493160e+34   7.898040e+01      1s
     334   -6.0060258e+30   1.502894e+33   6.006026e+00      5s
     729   -6.7786548e+29   5.975666e+32   6.778655e-01     11s
    1080    3.3014067e+06   5.511954e+02   0.000000e+00     15s
    1425    3.3014070e+06   9.258473e+02   0.000000e+00     20s
    1885    3.3014073e+06   3.889287e+02   0.000000e+00     26s
    2236    3.3014075e+06   1.079035e+02   0.000000e+00     31s
    2583    3.3014076e+06   1.414690e+03   0.000000e+00     36s
    2928    3.3014076e+06   2.068188e+02   0.000000e+00     41s
    3282    3.3014077e+06   2.998952e+01   0.000000e+00     46s
    3621    3.3014077e+06   7.320188e+01   0.000000e+00     51s
    3956    3.3014077e+06   1.124367e+01   0.000000e+00     56s
    4294    3.3014077e+06   7.878671e+00   0.000000e+00     60s
    4625    3.3014077e+06   0.000000e+00   0.000000e+00     65s

Solved in 4625 iterations and 65.07 seconds (96.28 work units)
Optimal objective  3.301407714e+06
Set parameter TimeLimit to value 5.9409888559523970e+03
Set parameter Method to value 1
Gurobi Optimizer version 12.0.3 build v12.0.3rc0 (linux64 - "Ubuntu 24.04.4 LTS")

CPU model: Intel(R) Xeon(R) Gold 6230 CPU @ 2.10GHz, instruction set [SSE2|AVX|AVX2|AVX512]
Thread count: 40 physical cores, 40 logical processors, using up to 1 threads

Non-default parameters:
TimeLimit  5.9409888559523970e+03
Method  1
BarHomogeneous  1
Threads  1

Optimize a model with 824 rows, 230283 columns and 6147415 nonzeros
Coefficient statistics:
  Matrix range     [1e+00, 1e+00]
  Objective range  [1e+05, 5e+05]
  Bounds range     [0e+00, 0e+00]
  RHS range        [1e+00, 1e+00]
LP warm-start: use basis

Iteration    Objective       Primal Inf.    Dual Inf.      Time
       0   -8.9554789e+31   1.820281e+34   8.955479e+01      1s
     334   -2.8638559e+30   1.383641e+33   2.863856e+00      5s
     681   -2.3778836e+29   8.967201e+32   2.377884e-01     10s
    1068    3.3014068e+06   8.155698e+02   0.000000e+00     16s
    1420    3.3014072e+06   2.590544e+02   0.000000e+00     21s
    1763    3.3014073e+06   2.355556e+03   0.000000e+00     26s
    2106    3.3014074e+06   8.092757e+01   0.000000e+00     31s
    2446    3.3014075e+06   1.811750e+02   0.000000e+00     35s
    2786    3.3014075e+06   8.487281e+01   0.000000e+00     40s
    3124    3.3014076e+06   4.555487e+01   0.000000e+00     45s
    3578    3.3014076e+06   9.262904e+01   0.000000e+00     52s
    3920    3.3014076e+06   5.725242e+00   0.000000e+00     57s
    4093    3.3014076e+06   0.000000e+00   0.000000e+00     59s

Solved in 4093 iterations and 59.07 seconds (85.49 work units)
Optimal objective  3.301407611e+06
Set parameter TimeLimit to value 5.8550479514021426e+03
Set parameter Method to value 1
Gurobi Optimizer version 12.0.3 build v12.0.3rc0 (linux64 - "Ubuntu 24.04.4 LTS")

CPU model: Intel(R) Xeon(R) Gold 6230 CPU @ 2.10GHz, instruction set [SSE2|AVX|AVX2|AVX512]
Thread count: 40 physical cores, 40 logical processors, using up to 1 threads

Non-default parameters:
TimeLimit  5.8550479514021426e+03
Method  1
BarHomogeneous  1
Threads  1

Optimize a model with 824 rows, 230313 columns and 6148455 nonzeros
Coefficient statistics:
  Matrix range     [1e+00, 1e+00]
  Objective range  [1e+05, 5e+05]
  Bounds range     [0e+00, 0e+00]
  RHS range        [1e+00, 1e+00]
LP warm-start: use basis

Iteration    Objective       Primal Inf.    Dual Inf.      Time
       0   -7.4888501e+31   2.344106e+34   7.488850e+01      1s
      91    3.3014076e+06   0.000000e+00   0.000000e+00      2s

Solved in 91 iterations and 1.80 seconds (2.31 work units)
Optimal objective  3.301407611e+06
Set parameter TimeLimit to value 5.8316510536638089e+03
Set parameter Method to value 1
Gurobi Optimizer version 12.0.3 build v12.0.3rc0 (linux64 - "Ubuntu 24.04.4 LTS")

CPU model: Intel(R) Xeon(R) Gold 6230 CPU @ 2.10GHz, instruction set [SSE2|AVX|AVX2|AVX512]
Thread count: 40 physical cores, 40 logical processors, using up to 1 threads

Non-default parameters:
TimeLimit  5.8316510536638089e+03
Method  1
BarHomogeneous  1
Threads  1

Optimize a model with 824 rows, 230343 columns and 6149636 nonzeros
Coefficient statistics:
  Matrix range     [1e+00, 1e+00]
  Objective range  [1e+05, 5e+05]
  Bounds range     [0e+00, 0e+00]
  RHS range        [1e+00, 1e+00]
LP warm-start: use basis

Iteration    Objective       Primal Inf.    Dual Inf.      Time
       0   -7.3200750e+31   1.259241e+34   7.320075e+01      0s
      85    3.3014076e+06   0.000000e+00   0.000000e+00      2s

Solved in 85 iterations and 1.76 seconds (2.28 work units)
Optimal objective  3.301407611e+06
Set parameter TimeLimit to value 5.8055124907400459e+03
Set parameter Method to value 1
Gurobi Optimizer version 12.0.3 build v12.0.3rc0 (linux64 - "Ubuntu 24.04.4 LTS")

CPU model: Intel(R) Xeon(R) Gold 6230 CPU @ 2.10GHz, instruction set [SSE2|AVX|AVX2|AVX512]
Thread count: 40 physical cores, 40 logical processors, using up to 1 threads

Non-default parameters:
TimeLimit  5.8055124907400459e+03
Method  1
BarHomogeneous  1
Threads  1

Optimize a model with 824 rows, 230373 columns and 6150631 nonzeros
Coefficient statistics:
  Matrix range     [1e+00, 1e+00]
  Objective range  [1e+05, 5e+05]
  Bounds range     [0e+00, 0e+00]
  RHS range        [1e+00, 1e+00]
LP warm-start: use basis

Iteration    Objective       Primal Inf.    Dual Inf.      Time
       0   -7.2328526e+31   2.960160e+34   7.232853e+01      1s
     336   -2.0162642e+28   6.753080e+32   2.016272e-02      5s
     751    3.3014075e+06   4.374895e+01   0.000000e+00     11s
    1094    3.3014076e+06   3.530124e+01   0.000000e+00     16s
    1429    3.3014076e+06   2.103341e+01   0.000000e+00     21s
    1770    3.3014076e+06   9.768766e+00   0.000000e+00     25s
    1995    3.3014076e+06   0.000000e+00   0.000000e+00     29s

Solved in 1995 iterations and 28.63 seconds (41.83 work units)
Optimal objective  3.301407585e+06
Set parameter TimeLimit to value 5.7520478857061826e+03
Set parameter Method to value 1
Gurobi Optimizer version 12.0.3 build v12.0.3rc0 (linux64 - "Ubuntu 24.04.4 LTS")

CPU model: Intel(R) Xeon(R) Gold 6230 CPU @ 2.10GHz, instruction set [SSE2|AVX|AVX2|AVX512]
Thread count: 40 physical cores, 40 logical processors, using up to 1 threads

Non-default parameters:
TimeLimit  5.7520478857061826e+03
Method  1
BarHomogeneous  1
Threads  1

Optimize a model with 824 rows, 230403 columns and 6151723 nonzeros
Coefficient statistics:
  Matrix range     [1e+00, 1e+00]
  Objective range  [1e+05, 5e+05]
  Bounds range     [0e+00, 0e+00]
  RHS range        [1e+00, 1e+00]
LP warm-start: use basis

Iteration    Objective       Primal Inf.    Dual Inf.      Time
       0   -6.2142558e+31   1.793116e+34   6.214256e+01      1s
     408    3.3014076e+06   4.086834e+00   0.000000e+00      6s
     618    3.3014076e+06   0.000000e+00   0.000000e+00      9s

Solved in 618 iterations and 9.45 seconds (13.30 work units)
Optimal objective  3.301407584e+06
Set parameter TimeLimit to value 5.7167228388097137e+03
Set parameter Method to value 1
Gurobi Optimizer version 12.0.3 build v12.0.3rc0 (linux64 - "Ubuntu 24.04.4 LTS")

CPU model: Intel(R) Xeon(R) Gold 6230 CPU @ 2.10GHz, instruction set [SSE2|AVX|AVX2|AVX512]
Thread count: 40 physical cores, 40 logical processors, using up to 1 threads

Non-default parameters:
TimeLimit  5.7167228388097137e+03
Method  1
BarHomogeneous  1
Threads  1

Optimize a model with 824 rows, 230433 columns and 6152729 nonzeros
Coefficient statistics:
  Matrix range     [1e+00, 1e+00]
  Objective range  [1e+05, 5e+05]
  Bounds range     [0e+00, 0e+00]
  RHS range        [1e+00, 1e+00]
LP warm-start: use basis

Iteration    Objective       Primal Inf.    Dual Inf.      Time
       0   -5.4154631e+31   9.635208e+33   5.415463e+01      1s
     349   -1.4310883e+30   1.364140e+33   1.431088e+00      5s
     694    3.3014070e+06   5.997031e+02   0.000000e+00     10s
    1149    3.3014073e+06   2.441320e+02   0.000000e+00     17s
    1484    3.3014074e+06   2.618802e+02   0.000000e+00     21s
    1819    3.3014074e+06   1.198456e+02   0.000000e+00     26s
    2161    3.3014075e+06   8.690869e+01   0.000000e+00     31s
    2499    3.3014075e+06   2.474576e+02   0.000000e+00     36s
    2841    3.3014075e+06   2.378496e+01   0.000000e+00     40s
    3187    3.3014075e+06   4.317507e-01   0.000000e+00     45s
    3241    3.3014075e+06   0.000000e+00   0.000000e+00     46s

Solved in 3241 iterations and 46.10 seconds (67.58 work units)
Optimal objective  3.301407498e+06
Set parameter TimeLimit to value 5644.16357290186
Set parameter Method to value 1
Gurobi Optimizer version 12.0.3 build v12.0.3rc0 (linux64 - "Ubuntu 24.04.4 LTS")

CPU model: Intel(R) Xeon(R) Gold 6230 CPU @ 2.10GHz, instruction set [SSE2|AVX|AVX2|AVX512]
Thread count: 40 physical cores, 40 logical processors, using up to 1 threads

Non-default parameters:
TimeLimit  5644.16357290186
Method  1
BarHomogeneous  1
Threads  1

Optimize a model with 824 rows, 230463 columns and 6153815 nonzeros
Coefficient statistics:
  Matrix range     [1e+00, 1e+00]
  Objective range  [1e+05, 5e+05]
  Bounds range     [0e+00, 0e+00]
  RHS range        [1e+00, 1e+00]
LP warm-start: use basis

Iteration    Objective       Primal Inf.    Dual Inf.      Time
       0   -5.7536930e+31   2.025620e+34   5.753693e+01      1s
     335   -2.3006672e+30   1.126469e+33   2.300667e+00      5s
     694   -7.1668267e+28   2.947391e+32   7.166827e-02     10s
    1043    3.3014070e+06   2.895275e+02   0.000000e+00     15s
    1500    3.3014072e+06   4.125997e+02   0.000000e+00     21s
    1849    3.3014073e+06   1.552870e+02   0.000000e+00     26s
    2192    3.3014073e+06   3.337550e+01   0.000000e+00     31s
    2532    3.3014074e+06   4.093098e+01   0.000000e+00     36s
    2875    3.3014074e+06   2.332240e+02   0.000000e+00     41s
    3221    3.3014074e+06   1.391557e+01   0.000000e+00     45s
    3571    3.3014074e+06   5.116561e+00   0.000000e+00     50s
    3850    3.3014074e+06   0.000000e+00   0.000000e+00     54s

Solved in 3850 iterations and 54.16 seconds (80.49 work units)
Optimal objective  3.301407403e+06
Set parameter TimeLimit to value 5.5640110363429412e+03
Set parameter Method to value 1
Gurobi Optimizer version 12.0.3 build v12.0.3rc0 (linux64 - "Ubuntu 24.04.4 LTS")

CPU model: Intel(R) Xeon(R) Gold 6230 CPU @ 2.10GHz, instruction set [SSE2|AVX|AVX2|AVX512]
Thread count: 40 physical cores, 40 logical processors, using up to 1 threads

Non-default parameters:
TimeLimit  5.5640110363429412e+03
Method  1
BarHomogeneous  1
Threads  1

Optimize a model with 824 rows, 230493 columns and 6154949 nonzeros
Coefficient statistics:
  Matrix range     [1e+00, 1e+00]
  Objective range  [1e+05, 5e+05]
  Bounds range     [0e+00, 0e+00]
  RHS range        [1e+00, 1e+00]
LP warm-start: use basis

Iteration    Objective       Primal Inf.    Dual Inf.      Time
       0   -7.7033507e+31   4.428092e+34   7.703351e+01      1s
     335   -1.2360179e+30   1.543804e+33   1.236018e+00      5s
     738    3.3014070e+06   6.078810e+02   0.000000e+00     11s
    1075    3.3014071e+06   1.622084e+02   0.000000e+00     16s
    1416    3.3014072e+06   6.055672e+02   0.000000e+00     20s
    1757    3.3014073e+06   5.464392e+02   0.000000e+00     25s
    2212    3.3014073e+06   1.797519e+01   0.000000e+00     31s
    2544    3.3014073e+06   1.924725e+01   0.000000e+00     36s
    2875    3.3014073e+06   2.486214e+00   0.000000e+00     41s
    3109    3.3014073e+06   0.000000e+00   0.000000e+00     44s

Solved in 3109 iterations and 44.12 seconds (65.65 work units)
Optimal objective  3.301407349e+06
Set parameter TimeLimit to value 5.4934930314836092e+03
Set parameter Method to value 1
Gurobi Optimizer version 12.0.3 build v12.0.3rc0 (linux64 - "Ubuntu 24.04.4 LTS")

CPU model: Intel(R) Xeon(R) Gold 6230 CPU @ 2.10GHz, instruction set [SSE2|AVX|AVX2|AVX512]
Thread count: 40 physical cores, 40 logical processors, using up to 1 threads

Non-default parameters:
TimeLimit  5.4934930314836092e+03
Method  1
BarHomogeneous  1
Threads  1

Optimize a model with 824 rows, 230523 columns and 6155850 nonzeros
Coefficient statistics:
  Matrix range     [1e+00, 1e+00]
  Objective range  [1e+05, 5e+05]
  Bounds range     [0e+00, 0e+00]
  RHS range        [1e+00, 1e+00]
LP warm-start: use basis

Iteration    Objective       Primal Inf.    Dual Inf.      Time
       0   -6.1571123e+31   8.762625e+33   6.157112e+01      0s
     342   -2.7665256e+30   1.571065e+33   2.766526e+00      5s
     730   -1.1434130e+29   5.614016e+32   1.143413e-01     10s
    1123    3.3014067e+06   3.773297e+02   0.000000e+00     16s
    1469    3.3014070e+06   4.306019e+02   0.000000e+00     21s
    1818    3.3014071e+06   1.528590e+02   0.000000e+00     26s
    2161    3.3014072e+06   3.661710e+01   0.000000e+00     31s
    2504    3.3014072e+06   1.372859e+02   0.000000e+00     35s
    2848    3.3014072e+06   3.564558e+02   0.000000e+00     40s
    3186    3.3014073e+06   1.683489e+01   0.000000e+00     45s
    3642    3.3014073e+06   2.411239e+00   0.000000e+00     51s
    3989    3.3014073e+06   6.890326e-01   0.000000e+00     56s
    4018    3.3014073e+06   0.000000e+00   0.000000e+00     57s

Solved in 4018 iterations and 56.83 seconds (83.86 work units)
Optimal objective  3.301407292e+06
Set parameter TimeLimit to value 5409.91587339621
Set parameter Method to value 1
Gurobi Optimizer version 12.0.3 build v12.0.3rc0 (linux64 - "Ubuntu 24.04.4 LTS")

CPU model: Intel(R) Xeon(R) Gold 6230 CPU @ 2.10GHz, instruction set [SSE2|AVX|AVX2|AVX512]
Thread count: 40 physical cores, 40 logical processors, using up to 1 threads

Non-default parameters:
TimeLimit  5409.91587339621
Method  1
BarHomogeneous  1
Threads  1

Optimize a model with 824 rows, 230553 columns and 6156963 nonzeros
Coefficient statistics:
  Matrix range     [1e+00, 1e+00]
  Objective range  [1e+05, 5e+05]
  Bounds range     [0e+00, 0e+00]
  RHS range        [1e+00, 1e+00]
LP warm-start: use basis

Iteration    Objective       Primal Inf.    Dual Inf.      Time
       0   -6.6345700e+31   1.852818e+34   6.634570e+01      1s
     349   -1.9762187e+30   1.845464e+33   1.976219e+00      5s
     705   -3.4378045e+28   5.349619e+32   3.437803e-02     10s
    1122    3.3014070e+06   7.203395e+02   0.000000e+00     16s
    1470    3.3014071e+06   1.047916e+02   0.000000e+00     21s
    1812    3.3014072e+06   4.920692e+01   0.000000e+00     26s
    2149    3.3014072e+06   1.123086e+02   0.000000e+00     31s
    2482    3.3014072e+06   2.305504e+01   0.000000e+00     36s
    2820    3.3014072e+06   9.090043e+00   0.000000e+00     41s
    3092    3.3014072e+06   0.000000e+00   0.000000e+00     45s

Solved in 3092 iterations and 44.60 seconds (64.88 work units)
Optimal objective  3.301407239e+06
Set parameter TimeLimit to value 5.3390655472045764e+03
Set parameter Method to value 1
Gurobi Optimizer version 12.0.3 build v12.0.3rc0 (linux64 - "Ubuntu 24.04.4 LTS")

CPU model: Intel(R) Xeon(R) Gold 6230 CPU @ 2.10GHz, instruction set [SSE2|AVX|AVX2|AVX512]
Thread count: 40 physical cores, 40 logical processors, using up to 1 threads

Non-default parameters:
TimeLimit  5.3390655472045764e+03
Method  1
BarHomogeneous  1
Threads  1

Optimize a model with 824 rows, 230583 columns and 6158135 nonzeros
Coefficient statistics:
  Matrix range     [1e+00, 1e+00]
  Objective range  [1e+05, 5e+05]
  Bounds range     [0e+00, 0e+00]
  RHS range        [1e+00, 1e+00]
LP warm-start: use basis

Iteration    Objective       Primal Inf.    Dual Inf.      Time
       0   -4.8811702e+31   1.429332e+34   4.881170e+01      1s
     343   -2.3034318e+29   4.018452e+32   2.303432e-01      5s
     684    3.3014069e+06   5.831744e+02   0.000000e+00     10s
    1137    3.3014071e+06   5.406605e+02   0.000000e+00     17s
    1480    3.3014071e+06   6.972347e+01   0.000000e+00     21s
    1823    3.3014072e+06   1.614465e+01   0.000000e+00     26s
    2166    3.3014072e+06   2.848485e+01   0.000000e+00     31s
    2513    3.3014072e+06   3.781290e+00   0.000000e+00     36s
    2811    3.3014072e+06   0.000000e+00   0.000000e+00     40s

Solved in 2811 iterations and 40.22 seconds (58.88 work units)
Optimal objective  3.301407204e+06
Set parameter TimeLimit to value 5.2723718862696551e+03
Set parameter Method to value 1
Gurobi Optimizer version 12.0.3 build v12.0.3rc0 (linux64 - "Ubuntu 24.04.4 LTS")

CPU model: Intel(R) Xeon(R) Gold 6230 CPU @ 2.10GHz, instruction set [SSE2|AVX|AVX2|AVX512]
Thread count: 40 physical cores, 40 logical processors, using up to 1 threads

Non-default parameters:
TimeLimit  5.2723718862696551e+03
Method  1
BarHomogeneous  1
Threads  1

Optimize a model with 824 rows, 230613 columns and 6159053 nonzeros
Coefficient statistics:
  Matrix range     [1e+00, 1e+00]
  Objective range  [1e+05, 5e+05]
  Bounds range     [0e+00, 0e+00]
  RHS range        [1e+00, 1e+00]
LP warm-start: use basis

Iteration    Objective       Primal Inf.    Dual Inf.      Time
       0   -4.6371189e+31   9.319789e+33   4.637119e+01      0s
     355   -8.8117191e+29   5.124880e+32   8.811719e-01      5s
     787    3.3014068e+06   4.951421e+02   0.000000e+00     11s
    1137    3.3014070e+06   3.498727e+02   0.000000e+00     16s
    1484    3.3014071e+06   7.550662e+01   0.000000e+00     21s
    1829    3.3014071e+06   4.372565e+01   0.000000e+00     26s
    2170    3.3014071e+06   6.326719e+01   0.000000e+00     31s
    2514    3.3014072e+06   4.347941e+01   0.000000e+00     36s
    2863    3.3014072e+06   5.413366e-01   0.000000e+00     41s
    3016    3.3014072e+06   0.000000e+00   0.000000e+00     43s

Solved in 3016 iterations and 43.29 seconds (62.66 work units)
Optimal objective  3.301407165e+06
Set parameter TimeLimit to value 5.2025135466945358e+03
Set parameter Method to value 1
Gurobi Optimizer version 12.0.3 build v12.0.3rc0 (linux64 - "Ubuntu 24.04.4 LTS")

CPU model: Intel(R) Xeon(R) Gold 6230 CPU @ 2.10GHz, instruction set [SSE2|AVX|AVX2|AVX512]
Thread count: 40 physical cores, 40 logical processors, using up to 1 threads

Non-default parameters:
TimeLimit  5.2025135466945358e+03
Method  1
BarHomogeneous  1
Threads  1

Optimize a model with 824 rows, 230643 columns and 6160286 nonzeros
Coefficient statistics:
  Matrix range     [1e+00, 1e+00]
  Objective range  [1e+05, 5e+05]
  Bounds range     [0e+00, 0e+00]
  RHS range        [1e+00, 1e+00]
LP warm-start: use basis

Iteration    Objective       Primal Inf.    Dual Inf.      Time
       0   -4.6359496e+31   2.161940e+34   4.635950e+01      0s
     344    3.3014071e+06   1.479497e+03   0.000000e+00      5s
     690    3.3014071e+06   2.365584e+01   0.000000e+00     10s
    1039    3.3014072e+06   8.723108e-01   0.000000e+00     15s
    1278    3.3014072e+06   0.000000e+00   0.000000e+00     18s

Solved in 1278 iterations and 18.44 seconds (26.90 work units)
Optimal objective  3.301407161e+06
Set parameter TimeLimit to value 5157.54399393592
Set parameter Method to value 1
Gurobi Optimizer version 12.0.3 build v12.0.3rc0 (linux64 - "Ubuntu 24.04.4 LTS")

CPU model: Intel(R) Xeon(R) Gold 6230 CPU @ 2.10GHz, instruction set [SSE2|AVX|AVX2|AVX512]
Thread count: 40 physical cores, 40 logical processors, using up to 1 threads

Non-default parameters:
TimeLimit  5157.54399393592
Method  1
BarHomogeneous  1
Threads  1

Optimize a model with 824 rows, 230673 columns and 6161400 nonzeros
Coefficient statistics:
  Matrix range     [1e+00, 1e+00]
  Objective range  [1e+05, 5e+05]
  Bounds range     [0e+00, 0e+00]
  RHS range        [1e+00, 1e+00]
LP warm-start: use basis

Iteration    Objective       Primal Inf.    Dual Inf.      Time
       0   -4.1461666e+31   1.500159e+34   4.146167e+01      1s
     369   -1.5138573e+30   7.289770e+32   1.513857e+00      5s
     715   -4.6179502e+28   2.841845e+32   4.617953e-02     10s
    1057    3.3014067e+06   7.386105e+02   0.000000e+00     15s
    1509    3.3014069e+06   1.928271e+02   0.000000e+00     21s
    1842    3.3014069e+06   1.128381e+02   0.000000e+00     26s
    2175    3.3014070e+06   1.218717e+02   0.000000e+00     31s
    2511    3.3014070e+06   9.324919e+01   0.000000e+00     36s
    2847    3.3014071e+06   1.573899e+01   0.000000e+00     40s
    3184    3.3014071e+06   4.054442e+01   0.000000e+00     45s
    3528    3.3014071e+06   3.030013e+00   0.000000e+00     50s
    3639    3.3014071e+06   0.000000e+00   0.000000e+00     52s

Solved in 3639 iterations and 51.95 seconds (77.12 work units)
Optimal objective  3.301407065e+06
Set parameter TimeLimit to value 5078.70782135101
Set parameter Method to value 1
Gurobi Optimizer version 12.0.3 build v12.0.3rc0 (linux64 - "Ubuntu 24.04.4 LTS")

CPU model: Intel(R) Xeon(R) Gold 6230 CPU @ 2.10GHz, instruction set [SSE2|AVX|AVX2|AVX512]
Thread count: 40 physical cores, 40 logical processors, using up to 1 threads

Non-default parameters:
TimeLimit  5078.70782135101
Method  1
BarHomogeneous  1
Threads  1

Optimize a model with 824 rows, 230703 columns and 6162394 nonzeros
Coefficient statistics:
  Matrix range     [1e+00, 1e+00]
  Objective range  [1e+05, 5e+05]
  Bounds range     [0e+00, 0e+00]
  RHS range        [1e+00, 1e+00]
LP warm-start: use basis

Iteration    Objective       Primal Inf.    Dual Inf.      Time
       0   -4.7436449e+31   3.038758e+34   4.743645e+01      1s
     347   -2.6462625e+30   1.095024e+33   2.646263e+00      5s
     698   -4.8983183e+29   4.178036e+33   4.898317e-01     10s
    1120   -3.1424931e+27   4.179670e+32   3.142513e-03     16s
    1462    3.3014065e+06   9.288884e+02   0.000000e+00     21s
    1804    3.3014067e+06   9.485718e+02   0.000000e+00     26s
    2150    3.3014068e+06   8.734093e+01   0.000000e+00     31s
    2492    3.3014069e+06   1.464058e+02   0.000000e+00     36s
    2836    3.3014069e+06   1.259703e+02   0.000000e+00     41s
    3182    3.3014069e+06   2.937025e+01   0.000000e+00     45s
    3527    3.3014070e+06   4.147148e+01   0.000000e+00     50s
    3871    3.3014070e+06   2.843792e+02   0.000000e+00     55s
    4332    3.3014070e+06   7.112378e+00   0.000000e+00     62s
    4410    3.3014070e+06   0.000000e+00   0.000000e+00     63s

Solved in 4410 iterations and 62.80 seconds (91.88 work units)
Optimal objective  3.301406988e+06
Set parameter TimeLimit to value 4.9889623193223961e+03
Set parameter Method to value 1
Gurobi Optimizer version 12.0.3 build v12.0.3rc0 (linux64 - "Ubuntu 24.04.4 LTS")

CPU model: Intel(R) Xeon(R) Gold 6230 CPU @ 2.10GHz, instruction set [SSE2|AVX|AVX2|AVX512]
Thread count: 40 physical cores, 40 logical processors, using up to 1 threads

Non-default parameters:
TimeLimit  4.9889623193223961e+03
Method  1
BarHomogeneous  1
Threads  1

Optimize a model with 824 rows, 230733 columns and 6163516 nonzeros
Coefficient statistics:
  Matrix range     [1e+00, 1e+00]
  Objective range  [1e+05, 5e+05]
  Bounds range     [0e+00, 0e+00]
  RHS range        [1e+00, 1e+00]
LP warm-start: use basis

Iteration    Objective       Primal Inf.    Dual Inf.      Time
       0   -5.3076766e+31   2.189985e+34   5.307677e+01      1s
     349    3.3014069e+06   2.238598e+03   0.000000e+00      5s
     808    3.3014070e+06   1.021836e+01   0.000000e+00     12s
    1155    3.3014070e+06   5.976923e-04   0.000000e+00     16s
    1160    3.3014070e+06   0.000000e+00   0.000000e+00     17s

Solved in 1160 iterations and 16.63 seconds (24.07 work units)
Optimal objective  3.301406985e+06
Set parameter TimeLimit to value 4.9449324881844223e+03
Set parameter Method to value 1
Gurobi Optimizer version 12.0.3 build v12.0.3rc0 (linux64 - "Ubuntu 24.04.4 LTS")

CPU model: Intel(R) Xeon(R) Gold 6230 CPU @ 2.10GHz, instruction set [SSE2|AVX|AVX2|AVX512]
Thread count: 40 physical cores, 40 logical processors, using up to 1 threads

Non-default parameters:
TimeLimit  4.9449324881844223e+03
Method  1
BarHomogeneous  1
Threads  1

Optimize a model with 824 rows, 230763 columns and 6164760 nonzeros
Coefficient statistics:
  Matrix range     [1e+00, 1e+00]
  Objective range  [1e+05, 5e+05]
  Bounds range     [0e+00, 0e+00]
  RHS range        [1e+00, 1e+00]
LP warm-start: use basis

Iteration    Objective       Primal Inf.    Dual Inf.      Time
       0   -6.1494109e+31   1.240224e+34   6.149411e+01      1s
     348   -2.0692518e+29   6.835327e+32   2.069252e-01      5s
     734    3.3014068e+06   9.010735e+02   0.000000e+00     11s
    1073    3.3014069e+06   3.962689e+02   0.000000e+00     16s
    1408    3.3014069e+06   9.730139e+01   0.000000e+00     21s
    1748    3.3014069e+06   3.629045e+02   0.000000e+00     26s
    2095    3.3014070e+06   1.162842e+01   0.000000e+00     31s
    2438    3.3014070e+06   3.531897e+00   0.000000e+00     36s
    2671    3.3014070e+06   0.000000e+00   0.000000e+00     40s

Solved in 2671 iterations and 39.86 seconds (56.40 work units)
Optimal objective  3.301406959e+06
Set parameter TimeLimit to value 4.8780223245909438e+03
Set parameter Method to value 1
Gurobi Optimizer version 12.0.3 build v12.0.3rc0 (linux64 - "Ubuntu 24.04.4 LTS")

CPU model: Intel(R) Xeon(R) Gold 6230 CPU @ 2.10GHz, instruction set [SSE2|AVX|AVX2|AVX512]
Thread count: 40 physical cores, 40 logical processors, using up to 1 threads

Non-default parameters:
TimeLimit  4.8780223245909438e+03
Method  1
BarHomogeneous  1
Threads  1

Optimize a model with 824 rows, 230793 columns and 6165895 nonzeros
Coefficient statistics:
  Matrix range     [1e+00, 1e+00]
  Objective range  [1e+05, 5e+05]
  Bounds range     [0e+00, 0e+00]
  RHS range        [1e+00, 1e+00]
LP warm-start: use basis

Iteration    Objective       Primal Inf.    Dual Inf.      Time
       0   -4.5734202e+31   1.476237e+34   4.573420e+01      1s
     346   -6.0683162e+29   2.837732e+33   6.068316e-01      5s
     702   -5.4596777e+27   3.088529e+32   5.459690e-03     10s
    1127    3.3014068e+06   1.023957e+02   0.000000e+00     16s
    1476    3.3014069e+06   1.693032e+03   0.000000e+00     21s
    1819    3.3014069e+06   2.034294e+02   0.000000e+00     26s
    2160    3.3014069e+06   1.133048e+01   0.000000e+00     31s
    2507    3.3014069e+06   2.216186e+00   0.000000e+00     36s
    2796    3.3014069e+06   0.000000e+00   0.000000e+00     40s

Solved in 2796 iterations and 39.82 seconds (58.37 work units)
Optimal objective  3.301406943e+06
Set parameter TimeLimit to value 4.8125739438142627e+03
Set parameter Method to value 1
Gurobi Optimizer version 12.0.3 build v12.0.3rc0 (linux64 - "Ubuntu 24.04.4 LTS")

CPU model: Intel(R) Xeon(R) Gold 6230 CPU @ 2.10GHz, instruction set [SSE2|AVX|AVX2|AVX512]
Thread count: 40 physical cores, 40 logical processors, using up to 1 threads

Non-default parameters:
TimeLimit  4.8125739438142627e+03
Method  1
BarHomogeneous  1
Threads  1

Optimize a model with 824 rows, 230823 columns and 6166761 nonzeros
Coefficient statistics:
  Matrix range     [1e+00, 1e+00]
  Objective range  [1e+05, 5e+05]
  Bounds range     [0e+00, 0e+00]
  RHS range        [1e+00, 1e+00]
LP warm-start: use basis

Iteration    Objective       Primal Inf.    Dual Inf.      Time
       0   -3.7743455e+31   1.185988e+34   3.774346e+01      1s
     336   -3.2782307e+29   3.315781e+33   3.278232e-01      5s
     763    3.3014068e+06   3.397035e+02   0.000000e+00     11s
    1107    3.3014069e+06   3.810760e+01   0.000000e+00     16s
    1447    3.3014069e+06   4.766771e+01   0.000000e+00     21s
    1784    3.3014069e+06   2.190599e+01   0.000000e+00     26s
    2129    3.3014069e+06   4.130738e+00   0.000000e+00     31s
    2275    3.3014069e+06   0.000000e+00   0.000000e+00     33s

Solved in 2275 iterations and 33.40 seconds (47.62 work units)
Optimal objective  3.301406917e+06
Set parameter TimeLimit to value 4.7529933284092695e+03
Set parameter Method to value 1
Gurobi Optimizer version 12.0.3 build v12.0.3rc0 (linux64 - "Ubuntu 24.04.4 LTS")

CPU model: Intel(R) Xeon(R) Gold 6230 CPU @ 2.10GHz, instruction set [SSE2|AVX|AVX2|AVX512]
Thread count: 40 physical cores, 40 logical processors, using up to 1 threads

Non-default parameters:
TimeLimit  4.7529933284092695e+03
Method  1
BarHomogeneous  1
Threads  1

Optimize a model with 824 rows, 230853 columns and 6167768 nonzeros
Coefficient statistics:
  Matrix range     [1e+00, 1e+00]
  Objective range  [1e+05, 5e+05]
  Bounds range     [0e+00, 0e+00]
  RHS range        [1e+00, 1e+00]
LP warm-start: use basis

Iteration    Objective       Primal Inf.    Dual Inf.      Time
       0   -3.5430812e+31   8.945720e+33   3.543081e+01      1s
     343   -1.2990335e+30   3.398264e+33   1.299033e+00      5s
     742    3.3014065e+06   4.135480e+02   0.000000e+00     11s
    1073    3.3014067e+06   2.328910e+02   0.000000e+00     16s
    1420    3.3014068e+06   9.765134e+01   0.000000e+00     21s
    1763    3.3014068e+06   1.524060e+02   0.000000e+00     26s
    2100    3.3014068e+06   3.188523e+02   0.000000e+00     31s
    2439    3.3014069e+06   7.290915e+01   0.000000e+00     36s
    2774    3.3014069e+06   1.564640e+01   0.000000e+00     41s
    3110    3.3014069e+06   1.439846e+01   0.000000e+00     46s
    3258    3.3014069e+06   0.000000e+00   0.000000e+00     48s

Solved in 3258 iterations and 48.38 seconds (68.33 work units)
Optimal objective  3.301406868e+06
Set parameter TimeLimit to value 4.6777532931962050e+03
Set parameter Method to value 1
Gurobi Optimizer version 12.0.3 build v12.0.3rc0 (linux64 - "Ubuntu 24.04.4 LTS")

CPU model: Intel(R) Xeon(R) Gold 6230 CPU @ 2.10GHz, instruction set [SSE2|AVX|AVX2|AVX512]
Thread count: 40 physical cores, 40 logical processors, using up to 1 threads

Non-default parameters:
TimeLimit  4.6777532931962050e+03
Method  1
BarHomogeneous  1
Threads  1

Optimize a model with 824 rows, 230883 columns and 6168722 nonzeros
Coefficient statistics:
  Matrix range     [1e+00, 1e+00]
  Objective range  [1e+05, 5e+05]
  Bounds range     [0e+00, 0e+00]
  RHS range        [1e+00, 1e+00]
LP warm-start: use basis

Iteration    Objective       Primal Inf.    Dual Inf.      Time
       0   -4.6250899e+31   1.631485e+34   4.625090e+01      1s
     349   -1.3445090e+30   1.505281e+33   1.344509e+00      5s
     703   -2.1871060e+28   2.458266e+32   2.187107e-02     10s
    1095    3.3014065e+06   8.188932e+02   0.000000e+00     16s
    1441    3.3014066e+06   1.360295e+02   0.000000e+00     21s
    1786    3.3014067e+06   3.089709e+02   0.000000e+00     26s
    2120    3.3014067e+06   5.663738e+01   0.000000e+00     31s
    2450    3.3014068e+06   8.142900e+01   0.000000e+00     36s
    2788    3.3014068e+06   2.372797e+01   0.000000e+00     41s
    3133    3.3014068e+06   1.080360e+01   0.000000e+00     46s
    3477    3.3014068e+06   1.369658e-03   0.000000e+00     51s
    3480    3.3014068e+06   0.000000e+00   0.000000e+00     51s

Solved in 3480 iterations and 51.41 seconds (73.03 work units)
Optimal objective  3.301406792e+06
Set parameter TimeLimit to value 4.5995256767137907e+03
Set parameter Method to value 1
Gurobi Optimizer version 12.0.3 build v12.0.3rc0 (linux64 - "Ubuntu 24.04.4 LTS")

CPU model: Intel(R) Xeon(R) Gold 6230 CPU @ 2.10GHz, instruction set [SSE2|AVX|AVX2|AVX512]
Thread count: 40 physical cores, 40 logical processors, using up to 1 threads

Non-default parameters:
TimeLimit  4.5995256767137907e+03
Method  1
BarHomogeneous  1
Threads  1

Optimize a model with 824 rows, 230913 columns and 6169563 nonzeros
Coefficient statistics:
  Matrix range     [1e+00, 1e+00]
  Objective range  [1e+05, 5e+05]
  Bounds range     [0e+00, 0e+00]
  RHS range        [1e+00, 1e+00]
LP warm-start: use basis

Iteration    Objective       Primal Inf.    Dual Inf.      Time
       0   -4.7416037e+31   2.770877e+34   4.741604e+01      0s
       1    3.3014068e+06   0.000000e+00   0.000000e+00      1s

Solved in 1 iterations and 0.56 seconds (0.47 work units)
Optimal objective  3.301406792e+06
Set parameter TimeLimit to value 4575.97174778115
Set parameter Method to value 1
Gurobi Optimizer version 12.0.3 build v12.0.3rc0 (linux64 - "Ubuntu 24.04.4 LTS")

CPU model: Intel(R) Xeon(R) Gold 6230 CPU @ 2.10GHz, instruction set [SSE2|AVX|AVX2|AVX512]
Thread count: 40 physical cores, 40 logical processors, using up to 1 threads

Non-default parameters:
TimeLimit  4575.97174778115
Method  1
BarHomogeneous  1
Threads  1

Optimize a model with 824 rows, 230943 columns and 6170479 nonzeros
Coefficient statistics:
  Matrix range     [1e+00, 1e+00]
  Objective range  [1e+05, 5e+05]
  Bounds range     [0e+00, 0e+00]
  RHS range        [1e+00, 1e+00]
LP warm-start: use basis

Iteration    Objective       Primal Inf.    Dual Inf.      Time
       0   -4.3397633e+31   2.044340e+34   4.339763e+01      1s
     339   -1.5472819e+30   1.938465e+33   1.547282e+00      5s
     696   -1.1380519e+29   2.718178e+32   1.138052e-01     11s
    1086    3.3014064e+06   1.238317e+03   0.000000e+00     16s
    1440    3.3014066e+06   6.281793e+02   0.000000e+00     21s
    1788    3.3014067e+06   5.028548e+02   0.000000e+00     26s
    2138    3.3014067e+06   6.119044e+02   0.000000e+00     32s
    2371    3.3014067e+06   2.715991e+01   0.000000e+00     35s
    2713    3.3014067e+06   2.006990e+01   0.000000e+00     40s
    3056    3.3014067e+06   1.056349e+02   0.000000e+00     45s
    3402    3.3014067e+06   6.415806e-01   0.000000e+00     50s
    3484    3.3014067e+06   0.000000e+00   0.000000e+00     51s

Solved in 3484 iterations and 51.33 seconds (72.77 work units)
Optimal objective  3.301406743e+06
Set parameter TimeLimit to value 4.4981892818375491e+03
Set parameter Method to value 1
Gurobi Optimizer version 12.0.3 build v12.0.3rc0 (linux64 - "Ubuntu 24.04.4 LTS")

CPU model: Intel(R) Xeon(R) Gold 6230 CPU @ 2.10GHz, instruction set [SSE2|AVX|AVX2|AVX512]
Thread count: 40 physical cores, 40 logical processors, using up to 1 threads

Non-default parameters:
TimeLimit  4.4981892818375491e+03
Method  1
BarHomogeneous  1
Threads  1

Optimize a model with 824 rows, 230973 columns and 6171618 nonzeros
Coefficient statistics:
  Matrix range     [1e+00, 1e+00]
  Objective range  [1e+05, 5e+05]
  Bounds range     [0e+00, 0e+00]
  RHS range        [1e+00, 1e+00]
LP warm-start: use basis

Iteration    Objective       Primal Inf.    Dual Inf.      Time
       0   -3.6477351e+31   5.132554e+34   3.647735e+01      1s
     379   -5.5539224e+29   2.181467e+33   5.553923e-01      6s
     803    3.3014065e+06   4.620907e+02   0.000000e+00     12s
    1153    3.3014066e+06   1.236645e+02   0.000000e+00     17s
    1501    3.3014067e+06   5.148354e+01   0.000000e+00     21s
    1848    3.3014067e+06   8.430675e+01   0.000000e+00     26s
    2191    3.3014067e+06   2.096382e+02   0.000000e+00     31s
    2540    3.3014067e+06   7.601172e+00   0.000000e+00     36s
    2775    3.3014067e+06   0.000000e+00   0.000000e+00     39s

Solved in 2775 iterations and 39.38 seconds (57.98 work units)
Optimal objective  3.301406705e+06
Set parameter TimeLimit to value 4.4323207357851788e+03
Set parameter Method to value 1
Gurobi Optimizer version 12.0.3 build v12.0.3rc0 (linux64 - "Ubuntu 24.04.4 LTS")

CPU model: Intel(R) Xeon(R) Gold 6230 CPU @ 2.10GHz, instruction set [SSE2|AVX|AVX2|AVX512]
Thread count: 40 physical cores, 40 logical processors, using up to 1 threads

Non-default parameters:
TimeLimit  4.4323207357851788e+03
Method  1
BarHomogeneous  1
Threads  1

Optimize a model with 824 rows, 231003 columns and 6172732 nonzeros
Coefficient statistics:
  Matrix range     [1e+00, 1e+00]
  Objective range  [1e+05, 5e+05]
  Bounds range     [0e+00, 0e+00]
  RHS range        [1e+00, 1e+00]
LP warm-start: use basis

Iteration    Objective       Primal Inf.    Dual Inf.      Time
       0   -3.5642954e+31   1.132054e+34   3.564296e+01      1s
     354   -1.9077008e+30   2.594791e+33   1.907701e+00      5s
     708   -8.1534449e+28   2.156560e+32   8.153445e-02     10s
    1114    3.3014064e+06   6.358296e+02   0.000000e+00     16s
    1452    3.3014065e+06   6.827779e+02   0.000000e+00     21s
    1793    3.3014066e+06   5.153725e+01   0.000000e+00     26s
    2131    3.3014066e+06   3.704574e+01   0.000000e+00     30s
    2475    3.3014066e+06   4.752384e+01   0.000000e+00     35s
    2815    3.3014067e+06   1.713700e+01   0.000000e+00     40s
    3152    3.3014067e+06   1.494221e+02   0.000000e+00     45s
    3610    3.3014067e+06   1.635422e-01   0.000000e+00     52s
    3705    3.3014067e+06   0.000000e+00   0.000000e+00     53s

Solved in 3705 iterations and 53.01 seconds (77.94 work units)
Optimal objective  3.301406672e+06
Set parameter TimeLimit to value 4.3527977007189766e+03
Set parameter Method to value 1
Gurobi Optimizer version 12.0.3 build v12.0.3rc0 (linux64 - "Ubuntu 24.04.4 LTS")

CPU model: Intel(R) Xeon(R) Gold 6230 CPU @ 2.10GHz, instruction set [SSE2|AVX|AVX2|AVX512]
Thread count: 40 physical cores, 40 logical processors, using up to 1 threads

Non-default parameters:
TimeLimit  4.3527977007189766e+03
Method  1
BarHomogeneous  1
Threads  1

Optimize a model with 824 rows, 231033 columns and 6173873 nonzeros
Coefficient statistics:
  Matrix range     [1e+00, 1e+00]
  Objective range  [1e+05, 5e+05]
  Bounds range     [0e+00, 0e+00]
  RHS range        [1e+00, 1e+00]
LP warm-start: use basis

Iteration    Objective       Primal Inf.    Dual Inf.      Time
       0   -3.8700446e+31   2.423834e+34   3.870045e+01      1s
     356   -1.4359438e+30   2.791078e+33   1.435944e+00      5s
     711   -1.5191548e+29   6.996504e+32   1.519155e-01     10s
    1053    3.3014064e+06   7.337238e+02   0.000000e+00     15s
    1402    3.3014065e+06   1.173552e+02   0.000000e+00     20s
    1746    3.3014066e+06   9.462707e+01   0.000000e+00     25s
    2095    3.3014066e+06   5.343016e+01   0.000000e+00     30s
    2442    3.3014066e+06   5.932203e+01   0.000000e+00     35s
    2786    3.3014066e+06   3.376979e+01   0.000000e+00     40s
    3131    3.3014066e+06   5.093217e+00   0.000000e+00     45s
    3468    3.3014066e+06   0.000000e+00   0.000000e+00     50s

Solved in 3468 iterations and 50.12 seconds (72.01 work units)
Optimal objective  3.301406646e+06
Set parameter TimeLimit to value 4.2761170020536520e+03
Set parameter Method to value 1
Gurobi Optimizer version 12.0.3 build v12.0.3rc0 (linux64 - "Ubuntu 24.04.4 LTS")

CPU model: Intel(R) Xeon(R) Gold 6230 CPU @ 2.10GHz, instruction set [SSE2|AVX|AVX2|AVX512]
Thread count: 40 physical cores, 40 logical processors, using up to 1 threads

Non-default parameters:
TimeLimit  4.2761170020536520e+03
Method  1
BarHomogeneous  1
Threads  1

Optimize a model with 824 rows, 231063 columns and 6174930 nonzeros
Coefficient statistics:
  Matrix range     [1e+00, 1e+00]
  Objective range  [1e+05, 5e+05]
  Bounds range     [0e+00, 0e+00]
  RHS range        [1e+00, 1e+00]
LP warm-start: use basis

Iteration    Objective       Primal Inf.    Dual Inf.      Time
       0   -3.6187743e+31   1.288917e+34   3.618774e+01      1s
     380   -6.0953597e+29   2.752600e+33   6.095361e-01      5s
     707    3.3014061e+06   3.994612e+02   0.000000e+00     10s
    1165    3.3014064e+06   1.849096e+02   0.000000e+00     17s
    1508    3.3014065e+06   1.935391e+02   0.000000e+00     21s
    1853    3.3014065e+06   1.170962e+02   0.000000e+00     26s
    2192    3.3014066e+06   5.443416e+01   0.000000e+00     31s
    2524    3.3014066e+06   7.994114e+01   0.000000e+00     36s
    2865    3.3014066e+06   9.327584e+00   0.000000e+00     41s
    3212    3.3014066e+06   5.747914e-01   0.000000e+00     45s
    3328    3.3014066e+06   0.000000e+00   0.000000e+00     47s

Solved in 3328 iterations and 47.15 seconds (69.86 work units)
Optimal objective  3.301406592e+06
Set parameter TimeLimit to value 4.2023491224185564e+03
Set parameter Method to value 1
Gurobi Optimizer version 12.0.3 build v12.0.3rc0 (linux64 - "Ubuntu 24.04.4 LTS")

CPU model: Intel(R) Xeon(R) Gold 6230 CPU @ 2.10GHz, instruction set [SSE2|AVX|AVX2|AVX512]
Thread count: 40 physical cores, 40 logical processors, using up to 1 threads

Non-default parameters:
TimeLimit  4.2023491224185564e+03
Method  1
BarHomogeneous  1
Threads  1

Optimize a model with 824 rows, 231093 columns and 6175709 nonzeros
Coefficient statistics:
  Matrix range     [1e+00, 1e+00]
  Objective range  [1e+05, 5e+05]
  Bounds range     [0e+00, 0e+00]
  RHS range        [1e+00, 1e+00]
LP warm-start: use basis

Iteration    Objective       Primal Inf.    Dual Inf.      Time
       0   -4.1588482e+31   1.309033e+34   4.158848e+01      1s
     392   -3.5406393e+29   8.389266e+32   3.540639e-01      6s
     708    3.3014064e+06   7.501717e+02   0.000000e+00     10s
    1044    3.3014065e+06   3.836262e+02   0.000000e+00     15s
    1384    3.3014065e+06   2.116496e+01   0.000000e+00     20s
    1729    3.3014065e+06   1.472854e+02   0.000000e+00     25s
    2190    3.3014066e+06   2.726308e+01   0.000000e+00     32s
    2523    3.3014066e+06   2.202185e+01   0.000000e+00     36s
    2869    3.3014066e+06   1.031486e+00   0.000000e+00     41s
    2930    3.3014066e+06   0.000000e+00   0.000000e+00     42s

Solved in 2930 iterations and 42.41 seconds (61.33 work units)
Optimal objective  3.301406561e+06
Set parameter TimeLimit to value 4.1330785759245045e+03
Set parameter Method to value 1
Gurobi Optimizer version 12.0.3 build v12.0.3rc0 (linux64 - "Ubuntu 24.04.4 LTS")

CPU model: Intel(R) Xeon(R) Gold 6230 CPU @ 2.10GHz, instruction set [SSE2|AVX|AVX2|AVX512]
Thread count: 40 physical cores, 40 logical processors, using up to 1 threads

Non-default parameters:
TimeLimit  4.1330785759245045e+03
Method  1
BarHomogeneous  1
Threads  1

Optimize a model with 824 rows, 231123 columns and 6176300 nonzeros
Coefficient statistics:
  Matrix range     [1e+00, 1e+00]
  Objective range  [1e+05, 5e+05]
  Bounds range     [0e+00, 0e+00]
  RHS range        [1e+00, 1e+00]
LP warm-start: use basis

Iteration    Objective       Primal Inf.    Dual Inf.      Time
       0   -3.8530979e+31   2.157160e+34   3.853098e+01      0s
     387   -1.0967997e+29   1.292183e+33   1.096799e-01      6s
     806    3.3014064e+06   2.821768e+03   0.000000e+00     12s
    1147    3.3014064e+06   2.378187e+02   0.000000e+00     16s
    1485    3.3014065e+06   5.163013e+01   0.000000e+00     21s
    1828    3.3014065e+06   4.147207e+02   0.000000e+00     26s
    2166    3.3014065e+06   1.163430e+01   0.000000e+00     31s
    2513    3.3014065e+06   5.536740e+00   0.000000e+00     36s
    2756    3.3014065e+06   0.000000e+00   0.000000e+00     39s

Solved in 2756 iterations and 39.33 seconds (57.56 work units)
Optimal objective  3.301406505e+06
Set parameter TimeLimit to value 4.0674136097137816e+03
Set parameter Method to value 1
Gurobi Optimizer version 12.0.3 build v12.0.3rc0 (linux64 - "Ubuntu 24.04.4 LTS")

CPU model: Intel(R) Xeon(R) Gold 6230 CPU @ 2.10GHz, instruction set [SSE2|AVX|AVX2|AVX512]
Thread count: 40 physical cores, 40 logical processors, using up to 1 threads

Non-default parameters:
TimeLimit  4.0674136097137816e+03
Method  1
BarHomogeneous  1
Threads  1

Optimize a model with 824 rows, 231153 columns and 6177244 nonzeros
Coefficient statistics:
  Matrix range     [1e+00, 1e+00]
  Objective range  [1e+05, 5e+05]
  Bounds range     [0e+00, 0e+00]
  RHS range        [1e+00, 1e+00]
LP warm-start: use basis

Iteration    Objective       Primal Inf.    Dual Inf.      Time
       0   -3.4926700e+31   1.374722e+34   3.492670e+01      1s
     378   -1.5776030e+30   7.490309e+32   1.577603e+00      5s
     732   -7.8777193e+28   3.638022e+32   7.877720e-02     10s
    1113    3.3014059e+06   2.046395e+03   0.000000e+00     16s
    1453    3.3014060e+06   2.462365e+02   0.000000e+00     21s
    1801    3.3014062e+06   1.997168e+02   0.000000e+00     26s
    2154    3.3014062e+06   8.026744e+01   0.000000e+00     31s
    2495    3.3014063e+06   2.972856e+02   0.000000e+00     35s
    2836    3.3014063e+06   8.160143e+01   0.000000e+00     40s
    3180    3.3014064e+06   3.861548e+01   0.000000e+00     45s
    3517    3.3014064e+06   4.583538e+01   0.000000e+00     50s
    3865    3.3014064e+06   2.746243e+01   0.000000e+00     55s
    4210    3.3014064e+06   5.396635e+01   0.000000e+00     60s
    4566    3.3014064e+06   6.096846e-03   0.000000e+00     65s
    4582    3.3014064e+06   0.000000e+00   0.000000e+00     66s

Solved in 4582 iterations and 65.61 seconds (95.36 work units)
Optimal objective  3.301406394e+06
Set parameter TimeLimit to value 3.9750597960897721e+03
Set parameter Method to value 1
Gurobi Optimizer version 12.0.3 build v12.0.3rc0 (linux64 - "Ubuntu 24.04.4 LTS")

CPU model: Intel(R) Xeon(R) Gold 6230 CPU @ 2.10GHz, instruction set [SSE2|AVX|AVX2|AVX512]
Thread count: 40 physical cores, 40 logical processors, using up to 1 threads

Non-default parameters:
TimeLimit  3.9750597960897721e+03
Method  1
BarHomogeneous  1
Threads  1

Optimize a model with 824 rows, 231183 columns and 6178201 nonzeros
Coefficient statistics:
  Matrix range     [1e+00, 1e+00]
  Objective range  [1e+05, 5e+05]
  Bounds range     [0e+00, 0e+00]
  RHS range        [1e+00, 1e+00]
LP warm-start: use basis

Iteration    Objective       Primal Inf.    Dual Inf.      Time
       0   -4.0950766e+31   9.530945e+33   4.095077e+01      1s
     342   -7.3416117e+30   2.564845e+33   7.341612e+00      5s
     732   -2.0582887e+30   9.328855e+32   2.058289e+00     10s
    1074   -7.6095114e+29   1.241987e+34   7.609515e-01     15s
    1416   -1.1899781e+28   4.427512e+32   1.189985e-02     20s
    1763    3.3014055e+06   1.447360e+03   0.000000e+00     25s
    2109    3.3014058e+06   1.125065e+03   0.000000e+00     30s
    2563    3.3014059e+06   1.971844e+02   0.000000e+00     36s
    2911    3.3014060e+06   7.417082e+02   0.000000e+00     41s
    3249    3.3014061e+06   7.813936e+01   0.000000e+00     46s
    3589    3.3014062e+06   8.248032e+01   0.000000e+00     51s
    3932    3.3014062e+06   6.551385e+02   0.000000e+00     56s
    4272    3.3014062e+06   7.276527e+02   0.000000e+00     61s
    4613    3.3014063e+06   4.003425e+01   0.000000e+00     65s
    4956    3.3014063e+06   2.222683e+01   0.000000e+00     70s
    5300    3.3014063e+06   1.705232e+01   0.000000e+00     75s
    5532    3.3014063e+06   0.000000e+00   0.000000e+00     79s

Solved in 5532 iterations and 78.55 seconds (115.54 work units)
Optimal objective  3.301406284e+06
Set parameter TimeLimit to value 3.8696195488441736e+03
Set parameter Method to value 1
Gurobi Optimizer version 12.0.3 build v12.0.3rc0 (linux64 - "Ubuntu 24.04.4 LTS")

CPU model: Intel(R) Xeon(R) Gold 6230 CPU @ 2.10GHz, instruction set [SSE2|AVX|AVX2|AVX512]
Thread count: 40 physical cores, 40 logical processors, using up to 1 threads

Non-default parameters:
TimeLimit  3.8696195488441736e+03
Method  1
BarHomogeneous  1
Threads  1

Optimize a model with 824 rows, 231213 columns and 6179228 nonzeros
Coefficient statistics:
  Matrix range     [1e+00, 1e+00]
  Objective range  [1e+05, 5e+05]
  Bounds range     [0e+00, 0e+00]
  RHS range        [1e+00, 1e+00]
LP warm-start: use basis

Iteration    Objective       Primal Inf.    Dual Inf.      Time
       0   -3.7115156e+31   1.383477e+34   3.711516e+01      1s
     328   -9.4295060e+29   2.846667e+33   9.429506e-01      5s
     683    3.3014060e+06   8.554173e+02   0.000000e+00     10s
    1149    3.3014061e+06   1.923395e+02   0.000000e+00     17s
    1387    3.3014062e+06   1.413630e+02   0.000000e+00     20s
    1836    3.3014062e+06   1.158969e+02   0.000000e+00     26s
    2175    3.3014062e+06   1.897246e+01   0.000000e+00     31s
    2520    3.3014062e+06   3.190196e+01   0.000000e+00     36s
    2859    3.3014062e+06   4.230573e+00   0.000000e+00     41s
    3136    3.3014062e+06   0.000000e+00   0.000000e+00     45s

Solved in 3136 iterations and 45.03 seconds (65.79 work units)
Optimal objective  3.301406233e+06
Set parameter TimeLimit to value 3.7978584962491877e+03
Set parameter Method to value 1
Gurobi Optimizer version 12.0.3 build v12.0.3rc0 (linux64 - "Ubuntu 24.04.4 LTS")

CPU model: Intel(R) Xeon(R) Gold 6230 CPU @ 2.10GHz, instruction set [SSE2|AVX|AVX2|AVX512]
Thread count: 40 physical cores, 40 logical processors, using up to 1 threads

Non-default parameters:
TimeLimit  3.7978584962491877e+03
Method  1
BarHomogeneous  1
Threads  1

Optimize a model with 824 rows, 231243 columns and 6180241 nonzeros
Coefficient statistics:
  Matrix range     [1e+00, 1e+00]
  Objective range  [1e+05, 5e+05]
  Bounds range     [0e+00, 0e+00]
  RHS range        [1e+00, 1e+00]
LP warm-start: use basis

Iteration    Objective       Primal Inf.    Dual Inf.      Time
       0   -3.4784672e+31   1.360430e+34   3.478467e+01      1s
     378   -2.1305240e+30   3.163327e+33   2.130524e+00      5s
     728   -1.2093994e+29   4.803938e+32   1.209400e-01     10s
    1109    3.3014056e+06   2.175708e+03   0.000000e+00     16s
    1451    3.3014059e+06   6.560000e+02   0.000000e+00     21s
    1794    3.3014060e+06   3.857011e+02   0.000000e+00     26s
    2130    3.3014060e+06   1.048968e+02   0.000000e+00     30s
    2470    3.3014061e+06   7.680262e+01   0.000000e+00     35s
    2921    3.3014061e+06   1.841496e+02   0.000000e+00     41s
    3270    3.3014062e+06   1.537156e+02   0.000000e+00     46s
    3618    3.3014062e+06   1.069241e+02   0.000000e+00     51s
    3957    3.3014062e+06   5.682657e+00   0.000000e+00     56s
    4201    3.3014062e+06   0.000000e+00   0.000000e+00     59s

Solved in 4201 iterations and 59.37 seconds (87.94 work units)
Optimal objective  3.301406167e+06
Set parameter TimeLimit to value 3.7119852122142911e+03
Set parameter Method to value 1
Gurobi Optimizer version 12.0.3 build v12.0.3rc0 (linux64 - "Ubuntu 24.04.4 LTS")

CPU model: Intel(R) Xeon(R) Gold 6230 CPU @ 2.10GHz, instruction set [SSE2|AVX|AVX2|AVX512]
Thread count: 40 physical cores, 40 logical processors, using up to 1 threads

Non-default parameters:
TimeLimit  3.7119852122142911e+03
Method  1
BarHomogeneous  1
Threads  1

Optimize a model with 824 rows, 231273 columns and 6181076 nonzeros
Coefficient statistics:
  Matrix range     [1e+00, 1e+00]
  Objective range  [1e+05, 5e+05]
  Bounds range     [0e+00, 0e+00]
  RHS range        [1e+00, 1e+00]
LP warm-start: use basis

Iteration    Objective       Primal Inf.    Dual Inf.      Time
       0   -3.9757957e+31   4.008669e+34   3.975796e+01      1s
      26    3.3014062e+06   0.000000e+00   0.000000e+00      1s

Solved in 26 iterations and 0.91 seconds (0.97 work units)
Optimal objective  3.301406167e+06
Set parameter TimeLimit to value 3.6865799104128964e+03
Set parameter Method to value 1
Gurobi Optimizer version 12.0.3 build v12.0.3rc0 (linux64 - "Ubuntu 24.04.4 LTS")

CPU model: Intel(R) Xeon(R) Gold 6230 CPU @ 2.10GHz, instruction set [SSE2|AVX|AVX2|AVX512]
Thread count: 40 physical cores, 40 logical processors, using up to 1 threads

Non-default parameters:
TimeLimit  3.6865799104128964e+03
Method  1
BarHomogeneous  1
Threads  1

Optimize a model with 824 rows, 231303 columns and 6181910 nonzeros
Coefficient statistics:
  Matrix range     [1e+00, 1e+00]
  Objective range  [1e+05, 5e+05]
  Bounds range     [0e+00, 0e+00]
  RHS range        [1e+00, 1e+00]
LP warm-start: use basis

Iteration    Objective       Primal Inf.    Dual Inf.      Time
       0   -3.8221299e+31   3.991042e+34   3.822130e+01      1s
      67    3.3014062e+06   0.000000e+00   0.000000e+00      2s

Solved in 67 iterations and 1.52 seconds (1.86 work units)
Optimal objective  3.301406167e+06
Set parameter TimeLimit to value 3.6609537768536247e+03
Set parameter Method to value 1
Gurobi Optimizer version 12.0.3 build v12.0.3rc0 (linux64 - "Ubuntu 24.04.4 LTS")

CPU model: Intel(R) Xeon(R) Gold 6230 CPU @ 2.10GHz, instruction set [SSE2|AVX|AVX2|AVX512]
Thread count: 40 physical cores, 40 logical processors, using up to 1 threads

Non-default parameters:
TimeLimit  3.6609537768536247e+03
Method  1
BarHomogeneous  1
Threads  1

Optimize a model with 824 rows, 231333 columns and 6182831 nonzeros
Coefficient statistics:
  Matrix range     [1e+00, 1e+00]
  Objective range  [1e+05, 5e+05]
  Bounds range     [0e+00, 0e+00]
  RHS range        [1e+00, 1e+00]
LP warm-start: use basis

Iteration    Objective       Primal Inf.    Dual Inf.      Time
       0   -3.0226142e+31   1.291995e+34   3.022614e+01      1s
     410    3.3014060e+06   1.908008e+03   0.000000e+00      6s
     759    3.3014061e+06   2.852065e+01   0.000000e+00     11s
    1105    3.3014061e+06   4.336359e+00   0.000000e+00     16s
    1450    3.3014062e+06   2.484550e+00   0.000000e+00     21s
    1621    3.3014062e+06   0.000000e+00   0.000000e+00     24s

Solved in 1621 iterations and 23.77 seconds (34.25 work units)
Optimal objective  3.301406153e+06
Set parameter TimeLimit to value 3.6123808042481542e+03
Set parameter Method to value 1
Gurobi Optimizer version 12.0.3 build v12.0.3rc0 (linux64 - "Ubuntu 24.04.4 LTS")

CPU model: Intel(R) Xeon(R) Gold 6230 CPU @ 2.10GHz, instruction set [SSE2|AVX|AVX2|AVX512]
Thread count: 40 physical cores, 40 logical processors, using up to 1 threads

Non-default parameters:
TimeLimit  3.6123808042481542e+03
Method  1
BarHomogeneous  1
Threads  1

Optimize a model with 824 rows, 231363 columns and 6183833 nonzeros
Coefficient statistics:
  Matrix range     [1e+00, 1e+00]
  Objective range  [1e+05, 5e+05]
  Bounds range     [0e+00, 0e+00]
  RHS range        [1e+00, 1e+00]
LP warm-start: use basis

Iteration    Objective       Primal Inf.    Dual Inf.      Time
       0   -3.0091021e+31   1.592613e+34   3.009102e+01      1s
     346   -4.8921058e+28   3.658573e+32   4.892102e-02      5s
     689    3.3014060e+06   3.477475e+02   0.000000e+00     10s
    1031    3.3014061e+06   1.377316e+02   0.000000e+00     15s
    1381    3.3014061e+06   6.385721e+01   0.000000e+00     20s
    1729    3.3014061e+06   6.562707e+00   0.000000e+00     25s
    2077    3.3014061e+06   9.816650e-01   0.000000e+00     30s
    2181    3.3014061e+06   0.000000e+00   0.000000e+00     32s

Solved in 2181 iterations and 32.02 seconds (45.64 work units)
Optimal objective  3.301406129e+06
Set parameter TimeLimit to value 3.5540832118159160e+03
Set parameter Method to value 1
Gurobi Optimizer version 12.0.3 build v12.0.3rc0 (linux64 - "Ubuntu 24.04.4 LTS")

CPU model: Intel(R) Xeon(R) Gold 6230 CPU @ 2.10GHz, instruction set [SSE2|AVX|AVX2|AVX512]
Thread count: 40 physical cores, 40 logical processors, using up to 1 threads

Non-default parameters:
TimeLimit  3.5540832118159160e+03
Method  1
BarHomogeneous  1
Threads  1

Optimize a model with 824 rows, 231393 columns and 6184879 nonzeros
Coefficient statistics:
  Matrix range     [1e+00, 1e+00]
  Objective range  [1e+05, 5e+05]
  Bounds range     [0e+00, 0e+00]
  RHS range        [1e+00, 1e+00]
LP warm-start: use basis

Iteration    Objective       Primal Inf.    Dual Inf.      Time
       0   -3.0531230e+31   8.038340e+34   3.053123e+01      1s
       1    3.3014061e+06   0.000000e+00   0.000000e+00      1s

Solved in 1 iterations and 0.58 seconds (0.50 work units)
Optimal objective  3.301406129e+06
Set parameter TimeLimit to value 3.5298823712784797e+03
Set parameter Method to value 1
Gurobi Optimizer version 12.0.3 build v12.0.3rc0 (linux64 - "Ubuntu 24.04.4 LTS")

CPU model: Intel(R) Xeon(R) Gold 6230 CPU @ 2.10GHz, instruction set [SSE2|AVX|AVX2|AVX512]
Thread count: 40 physical cores, 40 logical processors, using up to 1 threads

Non-default parameters:
TimeLimit  3.5298823712784797e+03
Method  1
BarHomogeneous  1
Threads  1

Optimize a model with 824 rows, 231423 columns and 6185961 nonzeros
Coefficient statistics:
  Matrix range     [1e+00, 1e+00]
  Objective range  [1e+05, 5e+05]
  Bounds range     [0e+00, 0e+00]
  RHS range        [1e+00, 1e+00]
LP warm-start: use basis

Iteration    Objective       Primal Inf.    Dual Inf.      Time
       0   -2.8089345e+31   2.700552e+34   2.808934e+01      1s
     355   -1.4294728e+30   7.639389e+32   1.429474e+00      5s
     713   -2.6355385e+29   5.913650e+32   2.635538e-01     10s
    1064    3.3014057e+06   1.400271e+03   0.000000e+00     15s
    1410    3.3014059e+06   3.553685e+02   0.000000e+00     20s
    1759    3.3014060e+06   2.781968e+02   0.000000e+00     25s
    2102    3.3014060e+06   1.561724e+02   0.000000e+00     30s
    2442    3.3014061e+06   4.224677e+01   0.000000e+00     35s
    2786    3.3014061e+06   6.548112e+01   0.000000e+00     40s
    3128    3.3014061e+06   1.074658e+02   0.000000e+00     45s
    3466    3.3014061e+06   1.287522e+01   0.000000e+00     50s
    3817    3.3014061e+06   1.633714e-01   0.000000e+00     55s
    3856    3.3014061e+06   0.000000e+00   0.000000e+00     56s

Solved in 3856 iterations and 55.98 seconds (79.91 work units)
Optimal objective  3.301406097e+06
Set parameter TimeLimit to value 3.4472690841192380e+03
Set parameter Method to value 1
Gurobi Optimizer version 12.0.3 build v12.0.3rc0 (linux64 - "Ubuntu 24.04.4 LTS")

CPU model: Intel(R) Xeon(R) Gold 6230 CPU @ 2.10GHz, instruction set [SSE2|AVX|AVX2|AVX512]
Thread count: 40 physical cores, 40 logical processors, using up to 1 threads

Non-default parameters:
TimeLimit  3.4472690841192380e+03
Method  1
BarHomogeneous  1
Threads  1

Optimize a model with 824 rows, 231453 columns and 6186681 nonzeros
Coefficient statistics:
  Matrix range     [1e+00, 1e+00]
  Objective range  [1e+05, 5e+05]
  Bounds range     [0e+00, 0e+00]
  RHS range        [1e+00, 1e+00]
LP warm-start: use basis

Iteration    Objective       Primal Inf.    Dual Inf.      Time
       0   -4.5533924e+31   4.159833e+34   4.553392e+01      0s
     373    3.3014061e+06   3.626620e+02   0.000000e+00      6s
     722    3.3014061e+06   6.579030e-01   0.000000e+00     10s
     756    3.3014061e+06   0.000000e+00   0.000000e+00     11s

Solved in 756 iterations and 10.99 seconds (16.06 work units)
Optimal objective  3.301406097e+06
Set parameter TimeLimit to value 3.4119303727708757e+03
Set parameter Method to value 1
Gurobi Optimizer version 12.0.3 build v12.0.3rc0 (linux64 - "Ubuntu 24.04.4 LTS")

CPU model: Intel(R) Xeon(R) Gold 6230 CPU @ 2.10GHz, instruction set [SSE2|AVX|AVX2|AVX512]
Thread count: 40 physical cores, 40 logical processors, using up to 1 threads

Non-default parameters:
TimeLimit  3.4119303727708757e+03
Method  1
BarHomogeneous  1
Threads  1

Optimize a model with 824 rows, 231483 columns and 6187512 nonzeros
Coefficient statistics:
  Matrix range     [1e+00, 1e+00]
  Objective range  [1e+05, 5e+05]
  Bounds range     [0e+00, 0e+00]
  RHS range        [1e+00, 1e+00]
LP warm-start: use basis

Iteration    Objective       Primal Inf.    Dual Inf.      Time
       0   -3.2736313e+31   1.266678e+34   3.273631e+01      1s
     386   -3.0156917e+30   2.796178e+33   3.015692e+00      6s
     741   -7.5752451e+29   2.580769e+33   7.575245e-01     10s
    1132    3.3014054e+06   5.816713e+02   0.000000e+00     16s
    1470    3.3014056e+06   8.443137e+02   0.000000e+00     21s
    1810    3.3014057e+06   5.935693e+02   0.000000e+00     26s
    2149    3.3014058e+06   1.818971e+02   0.000000e+00     30s
    2498    3.3014059e+06   9.755523e+01   0.000000e+00     35s
    2844    3.3014059e+06   1.965709e+02   0.000000e+00     40s
    3177    3.3014059e+06   5.565869e+01   0.000000e+00     45s
    3524    3.3014060e+06   1.959764e+02   0.000000e+00     50s
    3862    3.3014060e+06   1.038863e+02   0.000000e+00     55s
    4207    3.3014060e+06   5.910397e+01   0.000000e+00     60s
    4554    3.3014060e+06   1.455080e+01   0.000000e+00     65s
    5001    3.3014060e+06   5.078789e+01   0.000000e+00     71s
    5180    3.3014060e+06   0.000000e+00   0.000000e+00     74s

Solved in 5180 iterations and 74.10 seconds (108.88 work units)
Optimal objective  3.301406008e+06
Set parameter TimeLimit to value 3.3107410020842217e+03
Set parameter Method to value 1
Gurobi Optimizer version 12.0.3 build v12.0.3rc0 (linux64 - "Ubuntu 24.04.4 LTS")

CPU model: Intel(R) Xeon(R) Gold 6230 CPU @ 2.10GHz, instruction set [SSE2|AVX|AVX2|AVX512]
Thread count: 40 physical cores, 40 logical processors, using up to 1 threads

Non-default parameters:
TimeLimit  3.3107410020842217e+03
Method  1
BarHomogeneous  1
Threads  1

Optimize a model with 824 rows, 231513 columns and 6188211 nonzeros
Coefficient statistics:
  Matrix range     [1e+00, 1e+00]
  Objective range  [1e+05, 5e+05]
  Bounds range     [0e+00, 0e+00]
  RHS range        [1e+00, 1e+00]
LP warm-start: use basis

Iteration    Objective       Primal Inf.    Dual Inf.      Time
       0   -4.1610399e+31   1.234988e+34   4.161040e+01      1s
      44    3.3014060e+06   0.000000e+00   0.000000e+00      1s

Solved in 44 iterations and 1.18 seconds (1.38 work units)
Optimal objective  3.301406008e+06
Set parameter TimeLimit to value 3.2866587129826657e+03
Set parameter Method to value 1
Gurobi Optimizer version 12.0.3 build v12.0.3rc0 (linux64 - "Ubuntu 24.04.4 LTS")

CPU model: Intel(R) Xeon(R) Gold 6230 CPU @ 2.10GHz, instruction set [SSE2|AVX|AVX2|AVX512]
Thread count: 40 physical cores, 40 logical processors, using up to 1 threads

Non-default parameters:
TimeLimit  3.2866587129826657e+03
Method  1
BarHomogeneous  1
Threads  1

Optimize a model with 824 rows, 231543 columns and 6188826 nonzeros
Coefficient statistics:
  Matrix range     [1e+00, 1e+00]
  Objective range  [1e+05, 5e+05]
  Bounds range     [0e+00, 0e+00]
  RHS range        [1e+00, 1e+00]
LP warm-start: use basis

Iteration    Objective       Primal Inf.    Dual Inf.      Time
       0   -3.2546810e+31   7.093423e+33   3.254681e+01      1s
     336   -1.2829111e+30   9.214739e+32   1.282911e+00      5s
     689   -2.5664668e+28   1.515171e+33   2.566486e-02     10s
    1056    3.3014054e+06   2.284328e+03   0.000000e+00     16s
    1399    3.3014057e+06   4.188492e+02   0.000000e+00     20s
    1731    3.3014058e+06   1.028233e+03   0.000000e+00     25s
    2074    3.3014059e+06   3.062575e+02   0.000000e+00     30s
    2524    3.3014059e+06   7.932771e+01   0.000000e+00     36s
    2866    3.3014060e+06   5.446219e+01   0.000000e+00     41s
    3204    3.3014060e+06   4.301343e+01   0.000000e+00     46s
    3547    3.3014060e+06   1.350841e+00   0.000000e+00     51s
    3701    3.3014060e+06   0.000000e+00   0.000000e+00     53s

Solved in 3701 iterations and 53.36 seconds (78.27 work units)
Optimal objective  3.301405970e+06
Set parameter TimeLimit to value 3.2067357569043525e+03
Set parameter Method to value 1
Gurobi Optimizer version 12.0.3 build v12.0.3rc0 (linux64 - "Ubuntu 24.04.4 LTS")

CPU model: Intel(R) Xeon(R) Gold 6230 CPU @ 2.10GHz, instruction set [SSE2|AVX|AVX2|AVX512]
Thread count: 40 physical cores, 40 logical processors, using up to 1 threads

Non-default parameters:
TimeLimit  3.2067357569043525e+03
Method  1
BarHomogeneous  1
Threads  1

Optimize a model with 824 rows, 231573 columns and 6189783 nonzeros
Coefficient statistics:
  Matrix range     [1e+00, 1e+00]
  Objective range  [1e+05, 5e+05]
  Bounds range     [0e+00, 0e+00]
  RHS range        [1e+00, 1e+00]
LP warm-start: use basis

Iteration    Objective       Primal Inf.    Dual Inf.      Time
       0   -2.9602756e+31   2.054671e+34   2.960276e+01      0s
     338   -1.6073325e+30   1.390705e+33   1.607332e+00      5s
     729    3.3014054e+06   1.326626e+03   0.000000e+00     11s
    1071    3.3014057e+06   5.666336e+02   0.000000e+00     16s
    1414    3.3014058e+06   1.986868e+02   0.000000e+00     20s
    1754    3.3014059e+06   1.374126e+02   0.000000e+00     25s
    2200    3.3014059e+06   1.195010e+03   0.000000e+00     32s
    2543    3.3014059e+06   1.818877e+01   0.000000e+00     36s
    2882    3.3014059e+06   3.834340e+02   0.000000e+00     41s
    3160    3.3014059e+06   0.000000e+00   0.000000e+00     45s

Solved in 3160 iterations and 45.24 seconds (66.81 work units)
Optimal objective  3.301405932e+06
Set parameter TimeLimit to value 3.1335543736317195e+03
Set parameter Method to value 1
Gurobi Optimizer version 12.0.3 build v12.0.3rc0 (linux64 - "Ubuntu 24.04.4 LTS")

CPU model: Intel(R) Xeon(R) Gold 6230 CPU @ 2.10GHz, instruction set [SSE2|AVX|AVX2|AVX512]
Thread count: 40 physical cores, 40 logical processors, using up to 1 threads

Non-default parameters:
TimeLimit  3.1335543736317195e+03
Method  1
BarHomogeneous  1
Threads  1

Optimize a model with 824 rows, 231603 columns and 6190472 nonzeros
Coefficient statistics:
  Matrix range     [1e+00, 1e+00]
  Objective range  [1e+05, 5e+05]
  Bounds range     [0e+00, 0e+00]
  RHS range        [1e+00, 1e+00]
LP warm-start: use basis

Iteration    Objective       Primal Inf.    Dual Inf.      Time
       0   -2.7883004e+31   3.149288e+33   2.788300e+01      0s
     333   -9.2948236e+29   1.228459e+33   9.294823e-01      5s
     801    3.3014056e+06   9.704200e+02   0.000000e+00     12s
    1026    3.3014057e+06   4.640186e+02   0.000000e+00     15s
    1488    3.3014058e+06   6.345708e+02   0.000000e+00     22s
    1835    3.3014058e+06   7.911885e+01   0.000000e+00     26s
    2180    3.3014058e+06   8.438561e+01   0.000000e+00     31s
    2524    3.3014059e+06   2.002266e+02   0.000000e+00     36s
    2876    3.3014059e+06   6.496729e+01   0.000000e+00     41s
    3218    3.3014059e+06   2.868420e+00   0.000000e+00     46s
    3551    3.3014059e+06   0.000000e+00   0.000000e+00     50s

Solved in 3551 iterations and 50.51 seconds (75.37 work units)
Optimal objective  3.301405888e+06
Set parameter TimeLimit to value 3.0566390266590752e+03
Set parameter Method to value 1
Gurobi Optimizer version 12.0.3 build v12.0.3rc0 (linux64 - "Ubuntu 24.04.4 LTS")

CPU model: Intel(R) Xeon(R) Gold 6230 CPU @ 2.10GHz, instruction set [SSE2|AVX|AVX2|AVX512]
Thread count: 40 physical cores, 40 logical processors, using up to 1 threads

Non-default parameters:
TimeLimit  3.0566390266590752e+03
Method  1
BarHomogeneous  1
Threads  1

Optimize a model with 824 rows, 231633 columns and 6191377 nonzeros
Coefficient statistics:
  Matrix range     [1e+00, 1e+00]
  Objective range  [1e+05, 5e+05]
  Bounds range     [0e+00, 0e+00]
  RHS range        [1e+00, 1e+00]
LP warm-start: use basis

Iteration    Objective       Primal Inf.    Dual Inf.      Time
       0   -2.8084764e+31   7.672906e+33   2.808476e+01      1s
     391    3.3014059e+06   2.574851e+01   0.000000e+00      6s
     739    3.3014059e+06   1.297314e+01   0.000000e+00     11s
    1083    3.3014059e+06   2.613151e-01   0.000000e+00     16s
    1123    3.3014059e+06   0.000000e+00   0.000000e+00     17s

Solved in 1123 iterations and 16.69 seconds (24.07 work units)
Optimal objective  3.301405886e+06
Set parameter TimeLimit to value 3.0131323782810941e+03
Set parameter Method to value 1
Gurobi Optimizer version 12.0.3 build v12.0.3rc0 (linux64 - "Ubuntu 24.04.4 LTS")

CPU model: Intel(R) Xeon(R) Gold 6230 CPU @ 2.10GHz, instruction set [SSE2|AVX|AVX2|AVX512]
Thread count: 40 physical cores, 40 logical processors, using up to 1 threads

Non-default parameters:
TimeLimit  3.0131323782810941e+03
Method  1
BarHomogeneous  1
Threads  1

Optimize a model with 824 rows, 231663 columns and 6192312 nonzeros
Coefficient statistics:
  Matrix range     [1e+00, 1e+00]
  Objective range  [1e+05, 5e+05]
  Bounds range     [0e+00, 0e+00]
  RHS range        [1e+00, 1e+00]
LP warm-start: use basis

Iteration    Objective       Primal Inf.    Dual Inf.      Time
       0   -2.5509918e+31   1.733778e+34   2.550992e+01      1s
     348   -2.7998902e+30   1.479247e+33   2.799890e+00      5s
     699   -3.8906619e+29   1.032537e+33   3.890662e-01     10s
    1121    3.3014054e+06   1.346070e+03   0.000000e+00     16s
    1464    3.3014056e+06   6.363546e+02   0.000000e+00     21s
    1816    3.3014057e+06   6.565772e+01   0.000000e+00     26s
    2163    3.3014057e+06   3.756919e+02   0.000000e+00     31s
    2506    3.3014058e+06   3.673387e+02   0.000000e+00     36s
    2847    3.3014058e+06   4.339959e+01   0.000000e+00     41s
    3193    3.3014058e+06   1.955313e+01   0.000000e+00     46s
    3537    3.3014058e+06   6.020195e+01   0.000000e+00     51s
    3877    3.3014058e+06   2.402580e+01   0.000000e+00     56s
    4218    3.3014058e+06   2.381690e+00   0.000000e+00     61s
    4482    3.3014058e+06   0.000000e+00   0.000000e+00     65s

Solved in 4482 iterations and 64.55 seconds (93.84 work units)
Optimal objective  3.301405827e+06
Set parameter TimeLimit to value 2.9219012485886924e+03
Set parameter Method to value 1
Gurobi Optimizer version 12.0.3 build v12.0.3rc0 (linux64 - "Ubuntu 24.04.4 LTS")

CPU model: Intel(R) Xeon(R) Gold 6230 CPU @ 2.10GHz, instruction set [SSE2|AVX|AVX2|AVX512]
Thread count: 40 physical cores, 40 logical processors, using up to 1 threads

Non-default parameters:
TimeLimit  2.9219012485886924e+03
Method  1
BarHomogeneous  1
Threads  1

Optimize a model with 824 rows, 231693 columns and 6193398 nonzeros
Coefficient statistics:
  Matrix range     [1e+00, 1e+00]
  Objective range  [1e+05, 5e+05]
  Bounds range     [0e+00, 0e+00]
  RHS range        [1e+00, 1e+00]
LP warm-start: use basis

Iteration    Objective       Primal Inf.    Dual Inf.      Time
       0   -3.2403699e+31   3.529769e+34   3.240370e+01      1s
     369    3.3014058e+06   1.841573e+00   0.000000e+00      6s
     450    3.3014058e+06   0.000000e+00   0.000000e+00      7s

Solved in 450 iterations and 6.84 seconds (9.88 work units)
Optimal objective  3.301405827e+06
Set parameter TimeLimit to value 2.8905676041604020e+03
Set parameter Method to value 1
Gurobi Optimizer version 12.0.3 build v12.0.3rc0 (linux64 - "Ubuntu 24.04.4 LTS")

CPU model: Intel(R) Xeon(R) Gold 6230 CPU @ 2.10GHz, instruction set [SSE2|AVX|AVX2|AVX512]
Thread count: 40 physical cores, 40 logical processors, using up to 1 threads

Non-default parameters:
TimeLimit  2.8905676041604020e+03
Method  1
BarHomogeneous  1
Threads  1

Optimize a model with 824 rows, 231723 columns and 6194401 nonzeros
Coefficient statistics:
  Matrix range     [1e+00, 1e+00]
  Objective range  [1e+05, 5e+05]
  Bounds range     [0e+00, 0e+00]
  RHS range        [1e+00, 1e+00]
LP warm-start: use basis

Iteration    Objective       Primal Inf.    Dual Inf.      Time
       0   -2.8256610e+31   7.906998e+33   2.825661e+01      1s
     335   -2.4166104e+30   2.794385e+33   2.416610e+00      5s
     694   -2.2110959e+29   6.318708e+32   2.211096e-01     10s
    1090    3.3014054e+06   5.101215e+02   0.000000e+00     16s
    1435    3.3014056e+06   2.775013e+02   0.000000e+00     21s
    1777    3.3014056e+06   8.961196e+02   0.000000e+00     26s
    2120    3.3014057e+06   7.211999e+02   0.000000e+00     31s
    2467    3.3014057e+06   1.686782e+02   0.000000e+00     36s
    2810    3.3014057e+06   1.123306e+02   0.000000e+00     41s
    3150    3.3014057e+06   1.710492e+01   0.000000e+00     46s
    3496    3.3014058e+06   1.204218e+02   0.000000e+00     51s
    3838    3.3014058e+06   7.009729e+00   0.000000e+00     56s
    4105    3.3014058e+06   0.000000e+00   0.000000e+00     60s

Solved in 4105 iterations and 60.29 seconds (86.82 work units)
Optimal objective  3.301405769e+06
Set parameter TimeLimit to value 2.8035302442940883e+03
Set parameter Method to value 1
Gurobi Optimizer version 12.0.3 build v12.0.3rc0 (linux64 - "Ubuntu 24.04.4 LTS")

CPU model: Intel(R) Xeon(R) Gold 6230 CPU @ 2.10GHz, instruction set [SSE2|AVX|AVX2|AVX512]
Thread count: 40 physical cores, 40 logical processors, using up to 1 threads

Non-default parameters:
TimeLimit  2.8035302442940883e+03
Method  1
BarHomogeneous  1
Threads  1

Optimize a model with 824 rows, 231753 columns and 6195352 nonzeros
Coefficient statistics:
  Matrix range     [1e+00, 1e+00]
  Objective range  [1e+05, 5e+05]
  Bounds range     [0e+00, 0e+00]
  RHS range        [1e+00, 1e+00]
LP warm-start: use basis

Iteration    Objective       Primal Inf.    Dual Inf.      Time
       0   -2.6719623e+31   1.984326e+34   2.671962e+01      1s
     354   -2.5716409e+30   2.946437e+33   2.571641e+00      5s
     703   -1.1011084e+29   2.430899e+32   1.101109e-01     10s
    1054    3.3014054e+06   5.471017e+02   0.000000e+00     15s
    1401    3.3014055e+06   7.654236e+02   0.000000e+00     20s
    1748    3.3014056e+06   9.256140e+02   0.000000e+00     25s
    2214    3.3014056e+06   4.769752e+02   0.000000e+00     32s
    2561    3.3014057e+06   3.082355e+01   0.000000e+00     36s
    2908    3.3014057e+06   1.408275e+02   0.000000e+00     41s
    3254    3.3014057e+06   1.398723e+02   0.000000e+00     46s
    3604    3.3014057e+06   4.110854e+01   0.000000e+00     51s
    3953    3.3014057e+06   1.642426e+01   0.000000e+00     56s
    4211    3.3014057e+06   0.000000e+00   0.000000e+00     60s

Solved in 4211 iterations and 59.83 seconds (88.01 work units)
Optimal objective  3.301405709e+06
Set parameter TimeLimit to value 2.7166655410528183e+03
Set parameter Method to value 1
Gurobi Optimizer version 12.0.3 build v12.0.3rc0 (linux64 - "Ubuntu 24.04.4 LTS")

CPU model: Intel(R) Xeon(R) Gold 6230 CPU @ 2.10GHz, instruction set [SSE2|AVX|AVX2|AVX512]
Thread count: 40 physical cores, 40 logical processors, using up to 1 threads

Non-default parameters:
TimeLimit  2.7166655410528183e+03
Method  1
BarHomogeneous  1
Threads  1

Optimize a model with 824 rows, 231783 columns and 6196424 nonzeros
Coefficient statistics:
  Matrix range     [1e+00, 1e+00]
  Objective range  [1e+05, 5e+05]
  Bounds range     [0e+00, 0e+00]
  RHS range        [1e+00, 1e+00]
LP warm-start: use basis

Iteration    Objective       Primal Inf.    Dual Inf.      Time
       0   -2.7671479e+31   2.182259e+34   2.767148e+01      1s
     343   -1.2307874e+30   2.936438e+33   1.230787e+00      5s
     732   -4.0139781e+28   3.135597e+32   4.013980e-02     10s
    1129    3.3014055e+06   3.068639e+03   0.000000e+00     16s
    1477    3.3014055e+06   2.337409e+02   0.000000e+00     21s
    1822    3.3014056e+06   8.916939e+01   0.000000e+00     26s
    2167    3.3014056e+06   1.188525e+02   0.000000e+00     31s
    2511    3.3014056e+06   7.358801e+01   0.000000e+00     36s
    2856    3.3014057e+06   1.637693e+01   0.000000e+00     41s
    3205    3.3014057e+06   2.345915e+01   0.000000e+00     46s
    3553    3.3014057e+06   1.242887e+01   0.000000e+00     51s
    3898    3.3014057e+06   7.398639e-02   0.000000e+00     56s
    3947    3.3014057e+06   0.000000e+00   0.000000e+00     57s

Solved in 3947 iterations and 56.59 seconds (82.95 work units)
Optimal objective  3.301405673e+06
Set parameter TimeLimit to value 2.6332224855478853e+03
Set parameter Method to value 1
Gurobi Optimizer version 12.0.3 build v12.0.3rc0 (linux64 - "Ubuntu 24.04.4 LTS")

CPU model: Intel(R) Xeon(R) Gold 6230 CPU @ 2.10GHz, instruction set [SSE2|AVX|AVX2|AVX512]
Thread count: 40 physical cores, 40 logical processors, using up to 1 threads

Non-default parameters:
TimeLimit  2.6332224855478853e+03
Method  1
BarHomogeneous  1
Threads  1

Optimize a model with 824 rows, 231813 columns and 6197246 nonzeros
Coefficient statistics:
  Matrix range     [1e+00, 1e+00]
  Objective range  [1e+05, 5e+05]
  Bounds range     [0e+00, 0e+00]
  RHS range        [1e+00, 1e+00]
LP warm-start: use basis

Iteration    Objective       Primal Inf.    Dual Inf.      Time
       0   -2.9613366e+31   1.747723e+34   2.961337e+01      1s
     345   -1.6828233e+30   2.068207e+33   1.682824e+00      5s
     699   -1.2934471e+29   8.818917e+32   1.293447e-01     10s
    1051    3.3014053e+06   2.363722e+03   0.000000e+00     15s
    1397    3.3014054e+06   1.494822e+02   0.000000e+00     20s
    1743    3.3014055e+06   4.390660e+03   0.000000e+00     25s
    2088    3.3014055e+06   1.992239e+02   0.000000e+00     30s
    2438    3.3014056e+06   1.246815e+02   0.000000e+00     35s
    2895    3.3014056e+06   9.693673e+01   0.000000e+00     42s
    3247    3.3014056e+06   3.037951e+01   0.000000e+00     47s
    3594    3.3014056e+06   4.033986e+01   0.000000e+00     51s
    3945    3.3014056e+06   1.954700e+01   0.000000e+00     57s
    4295    3.3014056e+06   1.452844e-01   0.000000e+00     62s
    4377    3.3014056e+06   0.000000e+00   0.000000e+00     63s

Solved in 4377 iterations and 62.88 seconds (91.50 work units)
Optimal objective  3.301405616e+06
Set parameter TimeLimit to value 2.5430428452203050e+03
Set parameter Method to value 1
Gurobi Optimizer version 12.0.3 build v12.0.3rc0 (linux64 - "Ubuntu 24.04.4 LTS")

CPU model: Intel(R) Xeon(R) Gold 6230 CPU @ 2.10GHz, instruction set [SSE2|AVX|AVX2|AVX512]
Thread count: 40 physical cores, 40 logical processors, using up to 1 threads

Non-default parameters:
TimeLimit  2.5430428452203050e+03
Method  1
BarHomogeneous  1
Threads  1

Optimize a model with 824 rows, 231843 columns and 6198099 nonzeros
Coefficient statistics:
  Matrix range     [1e+00, 1e+00]
  Objective range  [1e+05, 5e+05]
  Bounds range     [0e+00, 0e+00]
  RHS range        [1e+00, 1e+00]
LP warm-start: use basis

Iteration    Objective       Primal Inf.    Dual Inf.      Time
       0   -2.8673874e+31   2.271629e+34   2.867387e+01      1s
     347   -1.0175171e+30   1.167287e+33   1.017517e+00      5s
     698   -2.1570337e+29   3.543740e+32   2.157034e-01     10s
    1117    3.3014052e+06   3.560431e+02   0.000000e+00     16s
    1463    3.3014054e+06   6.441905e+02   0.000000e+00     21s
    1815    3.3014054e+06   6.099087e+02   0.000000e+00     26s
    2163    3.3014055e+06   7.823850e+01   0.000000e+00     31s
    2506    3.3014055e+06   6.570118e+01   0.000000e+00     36s
    2844    3.3014055e+06   6.812819e+01   0.000000e+00     41s
    3190    3.3014056e+06   8.025481e+01   0.000000e+00     45s
    3536    3.3014056e+06   6.296362e+01   0.000000e+00     50s
    3886    3.3014056e+06   6.239954e+00   0.000000e+00     55s
    4240    3.3014056e+06   1.660551e-02   0.000000e+00     60s
    4267    3.3014056e+06   0.000000e+00   0.000000e+00     61s

Solved in 4267 iterations and 60.79 seconds (89.05 work units)
Optimal objective  3.301405583e+06
Set parameter TimeLimit to value 2.4547631468209438e+03
Set parameter Method to value 1
Gurobi Optimizer version 12.0.3 build v12.0.3rc0 (linux64 - "Ubuntu 24.04.4 LTS")

CPU model: Intel(R) Xeon(R) Gold 6230 CPU @ 2.10GHz, instruction set [SSE2|AVX|AVX2|AVX512]
Thread count: 40 physical cores, 40 logical processors, using up to 1 threads

Non-default parameters:
TimeLimit  2.4547631468209438e+03
Method  1
BarHomogeneous  1
Threads  1

Optimize a model with 824 rows, 231873 columns and 6199134 nonzeros
Coefficient statistics:
  Matrix range     [1e+00, 1e+00]
  Objective range  [1e+05, 5e+05]
  Bounds range     [0e+00, 0e+00]
  RHS range        [1e+00, 1e+00]
LP warm-start: use basis

Iteration    Objective       Primal Inf.    Dual Inf.      Time
       0   -3.0399545e+31   4.578512e+34   3.039955e+01      1s
     343   -3.8682126e+29   1.257685e+33   3.868213e-01      5s
     694    3.3014053e+06   1.375921e+03   0.000000e+00     10s
    1041    3.3014055e+06   9.881874e+02   0.000000e+00     15s
    1387    3.3014055e+06   6.414606e+01   0.000000e+00     20s
    1734    3.3014056e+06   3.011930e+01   0.000000e+00     25s
    2071    3.3014056e+06   3.539322e+01   0.000000e+00     30s
    2411    3.3014056e+06   4.417233e+00   0.000000e+00     35s
    2814    3.3014056e+06   0.000000e+00   0.000000e+00     41s

Solved in 2814 iterations and 40.96 seconds (59.34 work units)
Optimal objective  3.301405573e+06
Set parameter TimeLimit to value 2.3862598495506682e+03
Set parameter Method to value 1
Gurobi Optimizer version 12.0.3 build v12.0.3rc0 (linux64 - "Ubuntu 24.04.4 LTS")

CPU model: Intel(R) Xeon(R) Gold 6230 CPU @ 2.10GHz, instruction set [SSE2|AVX|AVX2|AVX512]
Thread count: 40 physical cores, 40 logical processors, using up to 1 threads

Non-default parameters:
TimeLimit  2.3862598495506682e+03
Method  1
BarHomogeneous  1
Threads  1

Optimize a model with 824 rows, 231903 columns and 6200015 nonzeros
Coefficient statistics:
  Matrix range     [1e+00, 1e+00]
  Objective range  [1e+05, 5e+05]
  Bounds range     [0e+00, 0e+00]
  RHS range        [1e+00, 1e+00]
LP warm-start: use basis

Iteration    Objective       Primal Inf.    Dual Inf.      Time
       0   -3.2143637e+31   1.837308e+34   3.214364e+01      1s
      37    3.3014056e+06   0.000000e+00   0.000000e+00      1s

Solved in 37 iterations and 1.12 seconds (1.29 work units)
Optimal objective  3.301405573e+06
Set parameter TimeLimit to value 2360.17682850454
Set parameter Method to value 1
Gurobi Optimizer version 12.0.3 build v12.0.3rc0 (linux64 - "Ubuntu 24.04.4 LTS")

CPU model: Intel(R) Xeon(R) Gold 6230 CPU @ 2.10GHz, instruction set [SSE2|AVX|AVX2|AVX512]
Thread count: 40 physical cores, 40 logical processors, using up to 1 threads

Non-default parameters:
TimeLimit  2360.17682850454
Method  1
BarHomogeneous  1
Threads  1

Optimize a model with 824 rows, 231933 columns and 6201093 nonzeros
Coefficient statistics:
  Matrix range     [1e+00, 1e+00]
  Objective range  [1e+05, 5e+05]
  Bounds range     [0e+00, 0e+00]
  RHS range        [1e+00, 1e+00]
LP warm-start: use basis

Iteration    Objective       Primal Inf.    Dual Inf.      Time
       0   -2.8725200e+31   2.213929e+34   2.872520e+01      1s
     341   -1.4066653e+30   2.178736e+33   1.406665e+00      5s
     693   -7.2861662e+28   3.063908e+32   7.286168e-02     10s
    1039    3.3014053e+06   8.358376e+02   0.000000e+00     15s
    1380    3.3014054e+06   7.008517e+02   0.000000e+00     20s
    1725    3.3014055e+06   1.649329e+02   0.000000e+00     25s
    2071    3.3014055e+06   3.846582e+01   0.000000e+00     30s
    2419    3.3014055e+06   1.627318e+01   0.000000e+00     35s
    2770    3.3014055e+06   1.672718e+01   0.000000e+00     40s
    3117    3.3014055e+06   9.521342e+00   0.000000e+00     45s
    3268    3.3014055e+06   0.000000e+00   0.000000e+00     47s

Solved in 3268 iterations and 47.45 seconds (68.95 work units)
Optimal objective  3.301405547e+06
Set parameter TimeLimit to value 2.2855404218137264e+03
Set parameter Method to value 1
Gurobi Optimizer version 12.0.3 build v12.0.3rc0 (linux64 - "Ubuntu 24.04.4 LTS")

CPU model: Intel(R) Xeon(R) Gold 6230 CPU @ 2.10GHz, instruction set [SSE2|AVX|AVX2|AVX512]
Thread count: 40 physical cores, 40 logical processors, using up to 1 threads

Non-default parameters:
TimeLimit  2.2855404218137264e+03
Method  1
BarHomogeneous  1
Threads  1

Optimize a model with 824 rows, 231963 columns and 6201992 nonzeros
Coefficient statistics:
  Matrix range     [1e+00, 1e+00]
  Objective range  [1e+05, 5e+05]
  Bounds range     [0e+00, 0e+00]
  RHS range        [1e+00, 1e+00]
LP warm-start: use basis

Iteration    Objective       Primal Inf.    Dual Inf.      Time
       0   -2.9082616e+31   1.532868e+34   2.908262e+01      1s
     337   -6.4484018e+29   1.160582e+33   6.448401e-01      5s
     653    3.3014050e+06   4.848976e+03   0.000000e+00     10s
     991    3.3014053e+06   8.835584e+02   0.000000e+00     15s
    1440    3.3014054e+06   5.140857e+02   0.000000e+00     22s
    1776    3.3014055e+06   3.251256e+01   0.000000e+00     27s
    2111    3.3014055e+06   6.018237e+01   0.000000e+00     31s
    2448    3.3014055e+06   5.045628e+00   0.000000e+00     36s
    2794    3.3014055e+06   8.687873e-02   0.000000e+00     41s
    2891    3.3014055e+06   0.000000e+00   0.000000e+00     43s

Solved in 2891 iterations and 43.07 seconds (61.73 work units)
Optimal objective  3.301405512e+06
Set parameter TimeLimit to value 2.2153947229804471e+03
Set parameter Method to value 1
Gurobi Optimizer version 12.0.3 build v12.0.3rc0 (linux64 - "Ubuntu 24.04.4 LTS")

CPU model: Intel(R) Xeon(R) Gold 6230 CPU @ 2.10GHz, instruction set [SSE2|AVX|AVX2|AVX512]
Thread count: 40 physical cores, 40 logical processors, using up to 1 threads

Non-default parameters:
TimeLimit  2.2153947229804471e+03
Method  1
BarHomogeneous  1
Threads  1

Optimize a model with 824 rows, 231993 columns and 6203077 nonzeros
Coefficient statistics:
  Matrix range     [1e+00, 1e+00]
  Objective range  [1e+05, 5e+05]
  Bounds range     [0e+00, 0e+00]
  RHS range        [1e+00, 1e+00]
LP warm-start: use basis

Iteration    Objective       Primal Inf.    Dual Inf.      Time
       0   -2.4972741e+31   3.246870e+34   2.497274e+01      1s
     351   -2.6058678e+29   1.567156e+33   2.605867e-01      5s
     703    3.3014053e+06   5.561051e+02   0.000000e+00     10s
    1044    3.3014054e+06   9.873465e+02   0.000000e+00     15s
    1384    3.3014055e+06   2.010043e+02   0.000000e+00     20s
    1838    3.3014055e+06   3.136160e+01   0.000000e+00     27s
    2183    3.3014055e+06   1.033748e+01   0.000000e+00     32s
    2530    3.3014055e+06   0.000000e+00   0.000000e+00     37s

Solved in 2530 iterations and 36.86 seconds (53.70 work units)
Optimal objective  3.301405493e+06
Set parameter TimeLimit to value 2.1515318514094688e+03
Set parameter Method to value 1
Gurobi Optimizer version 12.0.3 build v12.0.3rc0 (linux64 - "Ubuntu 24.04.4 LTS")

CPU model: Intel(R) Xeon(R) Gold 6230 CPU @ 2.10GHz, instruction set [SSE2|AVX|AVX2|AVX512]
Thread count: 40 physical cores, 40 logical processors, using up to 1 threads

Non-default parameters:
TimeLimit  2.1515318514094688e+03
Method  1
BarHomogeneous  1
Threads  1

Optimize a model with 824 rows, 232023 columns and 6204086 nonzeros
Coefficient statistics:
  Matrix range     [1e+00, 1e+00]
  Objective range  [1e+05, 5e+05]
  Bounds range     [0e+00, 0e+00]
  RHS range        [1e+00, 1e+00]
LP warm-start: use basis

Iteration    Objective       Primal Inf.    Dual Inf.      Time
       0   -2.5849819e+31   1.393612e+34   2.584982e+01      1s
     345   -1.5044206e+30   1.842459e+33   1.504421e+00      5s
     701   -1.9232213e+29   9.492530e+32   1.923222e-01     10s
    1048    3.3014052e+06   5.179683e+02   0.000000e+00     15s
    1396    3.3014053e+06   5.364309e+01   0.000000e+00     20s
    1860    3.3014054e+06   6.001493e+01   0.000000e+00     27s
    2213    3.3014054e+06   6.853487e+01   0.000000e+00     32s
    2565    3.3014054e+06   3.202187e+02   0.000000e+00     37s
    2913    3.3014054e+06   3.817724e+00   0.000000e+00     42s
    3149    3.3014055e+06   1.032450e+01   0.000000e+00     45s
    3441    3.3014055e+06   0.000000e+00   0.000000e+00     49s

Solved in 3441 iterations and 49.32 seconds (71.82 work units)
Optimal objective  3.301405454e+06
Set parameter TimeLimit to value 2.0752110899798572e+03
Set parameter Method to value 1
Gurobi Optimizer version 12.0.3 build v12.0.3rc0 (linux64 - "Ubuntu 24.04.4 LTS")

CPU model: Intel(R) Xeon(R) Gold 6230 CPU @ 2.10GHz, instruction set [SSE2|AVX|AVX2|AVX512]
Thread count: 40 physical cores, 40 logical processors, using up to 1 threads

Non-default parameters:
TimeLimit  2.0752110899798572e+03
Method  1
BarHomogeneous  1
Threads  1

Optimize a model with 824 rows, 232053 columns and 6204938 nonzeros
Coefficient statistics:
  Matrix range     [1e+00, 1e+00]
  Objective range  [1e+05, 5e+05]
  Bounds range     [0e+00, 0e+00]
  RHS range        [1e+00, 1e+00]
LP warm-start: use basis

Iteration    Objective       Primal Inf.    Dual Inf.      Time
       0   -2.2793519e+31   4.047243e+34   2.279352e+01      1s
     349   -3.2557514e+29   1.464833e+33   3.255750e-01      5s
     703    3.3014052e+06   3.671686e+02   0.000000e+00     10s
    1050    3.3014053e+06   5.130803e+02   0.000000e+00     15s
    1402    3.3014054e+06   9.746176e+01   0.000000e+00     20s
    1870    3.3014054e+06   1.158930e+02   0.000000e+00     27s
    2217    3.3014054e+06   1.824558e+02   0.000000e+00     32s
    2569    3.3014054e+06   3.130443e+00   0.000000e+00     37s
    2723    3.3014054e+06   0.000000e+00   0.000000e+00     39s

Solved in 2723 iterations and 38.87 seconds (56.88 work units)
Optimal objective  3.301405415e+06
Set parameter TimeLimit to value 2.0092687438214198e+03
Set parameter Method to value 1
Gurobi Optimizer version 12.0.3 build v12.0.3rc0 (linux64 - "Ubuntu 24.04.4 LTS")

CPU model: Intel(R) Xeon(R) Gold 6230 CPU @ 2.10GHz, instruction set [SSE2|AVX|AVX2|AVX512]
Thread count: 40 physical cores, 40 logical processors, using up to 1 threads

Non-default parameters:
TimeLimit  2.0092687438214198e+03
Method  1
BarHomogeneous  1
Threads  1

Optimize a model with 824 rows, 232083 columns and 6205848 nonzeros
Coefficient statistics:
  Matrix range     [1e+00, 1e+00]
  Objective range  [1e+05, 5e+05]
  Bounds range     [0e+00, 0e+00]
  RHS range        [1e+00, 1e+00]
LP warm-start: use basis

Iteration    Objective       Primal Inf.    Dual Inf.      Time
       0   -2.7639895e+31   2.028729e+34   2.763989e+01      1s
     349   -1.0306828e+30   2.836290e+33   1.030683e+00      5s
     741   -6.8754116e+27   6.998013e+32   6.875809e-03     11s
    1085    3.3014051e+06   3.116597e+02   0.000000e+00     16s
    1432    3.3014053e+06   6.273357e+02   0.000000e+00     21s
    1779    3.3014053e+06   1.464868e+02   0.000000e+00     26s
    2124    3.3014053e+06   4.560823e+02   0.000000e+00     31s
    2472    3.3014054e+06   4.552796e+01   0.000000e+00     36s
    2807    3.3014054e+06   6.748070e+00   0.000000e+00     40s
    3144    3.3014054e+06   1.281830e+01   0.000000e+00     45s
    3494    3.3014054e+06   7.047393e+00   0.000000e+00     50s
    3714    3.3014054e+06   0.000000e+00   0.000000e+00     53s

Solved in 3714 iterations and 53.50 seconds (77.96 work units)
Optimal objective  3.301405387e+06
Set parameter TimeLimit to value 1.9286468847650103e+03
Set parameter Method to value 1
Gurobi Optimizer version 12.0.3 build v12.0.3rc0 (linux64 - "Ubuntu 24.04.4 LTS")

CPU model: Intel(R) Xeon(R) Gold 6230 CPU @ 2.10GHz, instruction set [SSE2|AVX|AVX2|AVX512]
Thread count: 40 physical cores, 40 logical processors, using up to 1 threads

Non-default parameters:
TimeLimit  1.9286468847650103e+03
Method  1
BarHomogeneous  1
Threads  1

Optimize a model with 824 rows, 232113 columns and 6206852 nonzeros
Coefficient statistics:
  Matrix range     [1e+00, 1e+00]
  Objective range  [1e+05, 5e+05]
  Bounds range     [0e+00, 0e+00]
  RHS range        [1e+00, 1e+00]
LP warm-start: use basis

Iteration    Objective       Primal Inf.    Dual Inf.      Time
       0   -3.4646236e+31   2.473944e+34   3.464624e+01      1s
       1    3.3014054e+06   0.000000e+00   0.000000e+00      1s

Solved in 1 iterations and 0.61 seconds (0.53 work units)
Optimal objective  3.301405387e+06
Set parameter TimeLimit to value 1.9033913518427871e+03
Set parameter Method to value 1
Gurobi Optimizer version 12.0.3 build v12.0.3rc0 (linux64 - "Ubuntu 24.04.4 LTS")

CPU model: Intel(R) Xeon(R) Gold 6230 CPU @ 2.10GHz, instruction set [SSE2|AVX|AVX2|AVX512]
Thread count: 40 physical cores, 40 logical processors, using up to 1 threads

Non-default parameters:
TimeLimit  1.9033913518427871e+03
Method  1
BarHomogeneous  1
Threads  1

Optimize a model with 824 rows, 232143 columns and 6207907 nonzeros
Coefficient statistics:
  Matrix range     [1e+00, 1e+00]
  Objective range  [1e+05, 5e+05]
  Bounds range     [0e+00, 0e+00]
  RHS range        [1e+00, 1e+00]
LP warm-start: use basis

Iteration    Objective       Primal Inf.    Dual Inf.      Time
       0   -2.9104751e+31   1.568071e+34   2.910475e+01      1s
     346   -2.0080131e+29   6.293958e+32   2.008013e-01      5s
     660    3.3014052e+06   4.173694e+02   0.000000e+00     10s
    1011    3.3014053e+06   8.388278e+01   0.000000e+00     15s
    1362    3.3014053e+06   1.251430e+02   0.000000e+00     21s
    1701    3.3014054e+06   2.012048e+01   0.000000e+00     26s
    2046    3.3014054e+06   3.037695e+00   0.000000e+00     31s
    2399    3.3014054e+06   1.396059e-02   0.000000e+00     36s
    2417    3.3014054e+06   0.000000e+00   0.000000e+00     36s

Solved in 2417 iterations and 36.25 seconds (51.06 work units)
Optimal objective  3.301405373e+06
Set parameter TimeLimit to value 1.8390146847921424e+03
Set parameter Method to value 1
Gurobi Optimizer version 12.0.3 build v12.0.3rc0 (linux64 - "Ubuntu 24.04.4 LTS")

CPU model: Intel(R) Xeon(R) Gold 6230 CPU @ 2.10GHz, instruction set [SSE2|AVX|AVX2|AVX512]
Thread count: 40 physical cores, 40 logical processors, using up to 1 threads

Non-default parameters:
TimeLimit  1.8390146847921424e+03
Method  1
BarHomogeneous  1
Threads  1

Optimize a model with 824 rows, 232173 columns and 6208874 nonzeros
Coefficient statistics:
  Matrix range     [1e+00, 1e+00]
  Objective range  [1e+05, 5e+05]
  Bounds range     [0e+00, 0e+00]
  RHS range        [1e+00, 1e+00]
LP warm-start: use basis

Iteration    Objective       Primal Inf.    Dual Inf.      Time
       0   -2.7747526e+31   1.172065e+34   2.774753e+01      1s
     352    3.3014054e+06   0.000000e+00   0.000000e+00      5s

Solved in 352 iterations and 5.45 seconds (7.59 work units)
Optimal objective  3.301405373e+06
Set parameter TimeLimit to value 1.8087729391944595e+03
Set parameter Method to value 1
Gurobi Optimizer version 12.0.3 build v12.0.3rc0 (linux64 - "Ubuntu 24.04.4 LTS")

CPU model: Intel(R) Xeon(R) Gold 6230 CPU @ 2.10GHz, instruction set [SSE2|AVX|AVX2|AVX512]
Thread count: 40 physical cores, 40 logical processors, using up to 1 threads

Non-default parameters:
TimeLimit  1.8087729391944595e+03
Method  1
BarHomogeneous  1
Threads  1

Optimize a model with 824 rows, 232203 columns and 6209948 nonzeros
Coefficient statistics:
  Matrix range     [1e+00, 1e+00]
  Objective range  [1e+05, 5e+05]
  Bounds range     [0e+00, 0e+00]
  RHS range        [1e+00, 1e+00]
LP warm-start: use basis

Iteration    Objective       Primal Inf.    Dual Inf.      Time
       0   -2.3940419e+31   2.114029e+34   2.394042e+01      1s
     387   -8.1621830e+29   7.807545e+32   8.162183e-01      5s
     740   -1.1513958e+28   3.780652e+32   1.151445e-02     10s
    1057    3.3014052e+06   1.212477e+03   0.000000e+00     15s
    1402    3.3014052e+06   2.679998e+02   0.000000e+00     20s
    1747    3.3014053e+06   7.820639e+01   0.000000e+00     25s
    2202    3.3014053e+06   7.537652e+01   0.000000e+00     32s
    2548    3.3014053e+06   8.013756e+00   0.000000e+00     37s
    2898    3.3014053e+06   2.734775e+00   0.000000e+00     42s
    3251    3.3014053e+06   3.334368e+00   0.000000e+00     47s
    3348    3.3014053e+06   0.000000e+00   0.000000e+00     48s

Solved in 3348 iterations and 48.16 seconds (69.86 work units)
Optimal objective  3.301405337e+06
Set parameter TimeLimit to value 1.7334413807126693e+03
Set parameter Method to value 1
Gurobi Optimizer version 12.0.3 build v12.0.3rc0 (linux64 - "Ubuntu 24.04.4 LTS")

CPU model: Intel(R) Xeon(R) Gold 6230 CPU @ 2.10GHz, instruction set [SSE2|AVX|AVX2|AVX512]
Thread count: 40 physical cores, 40 logical processors, using up to 1 threads

Non-default parameters:
TimeLimit  1.7334413807126693e+03
Method  1
BarHomogeneous  1
Threads  1

Optimize a model with 824 rows, 232233 columns and 6210974 nonzeros
Coefficient statistics:
  Matrix range     [1e+00, 1e+00]
  Objective range  [1e+05, 5e+05]
  Bounds range     [0e+00, 0e+00]
  RHS range        [1e+00, 1e+00]
LP warm-start: use basis

Iteration    Objective       Primal Inf.    Dual Inf.      Time
       0   -2.6438634e+31   1.313017e+34   2.643863e+01      0s
     349   -3.9594777e+29   4.838371e+32   3.959478e-01      5s
     785    3.3014049e+06   3.006217e+03   0.000000e+00     12s
    1124    3.3014051e+06   1.136768e+03   0.000000e+00     16s
    1464    3.3014052e+06   1.370024e+02   0.000000e+00     21s
    1816    3.3014052e+06   1.503187e+03   0.000000e+00     26s
    2153    3.3014053e+06   1.571267e+02   0.000000e+00     31s
    2496    3.3014053e+06   1.793128e+02   0.000000e+00     36s
    2838    3.3014053e+06   1.510574e+01   0.000000e+00     41s
    3188    3.3014053e+06   3.743987e+01   0.000000e+00     46s
    3537    3.3014053e+06   6.600100e+00   0.000000e+00     51s
    3730    3.3014053e+06   0.000000e+00   0.000000e+00     54s

Solved in 3730 iterations and 54.02 seconds (78.68 work units)
Optimal objective  3.301405307e+06
Set parameter TimeLimit to value 1.6519409638498910e+03
Set parameter Method to value 1
Gurobi Optimizer version 12.0.3 build v12.0.3rc0 (linux64 - "Ubuntu 24.04.4 LTS")

CPU model: Intel(R) Xeon(R) Gold 6230 CPU @ 2.10GHz, instruction set [SSE2|AVX|AVX2|AVX512]
Thread count: 40 physical cores, 40 logical processors, using up to 1 threads

Non-default parameters:
TimeLimit  1.6519409638498910e+03
Method  1
BarHomogeneous  1
Threads  1

Optimize a model with 824 rows, 232263 columns and 6211940 nonzeros
Coefficient statistics:
  Matrix range     [1e+00, 1e+00]
  Objective range  [1e+05, 5e+05]
  Bounds range     [0e+00, 0e+00]
  RHS range        [1e+00, 1e+00]
LP warm-start: use basis

Iteration    Objective       Primal Inf.    Dual Inf.      Time
       0   -2.1804311e+31   2.696709e+34   2.180431e+01      1s
     384    3.3014053e+06   2.033228e+02   0.000000e+00      6s
     736    3.3014053e+06   2.529817e+02   0.000000e+00     11s
    1093    3.3014053e+06   3.447561e+00   0.000000e+00     16s
    1446    3.3014053e+06   1.356723e-01   0.000000e+00     21s
    1494    3.3014053e+06   0.000000e+00   0.000000e+00     22s

Solved in 1494 iterations and 21.58 seconds (31.44 work units)
Optimal objective  3.301405294e+06
Set parameter TimeLimit to value 1.6054573750393465e+03
Set parameter Method to value 1
Gurobi Optimizer version 12.0.3 build v12.0.3rc0 (linux64 - "Ubuntu 24.04.4 LTS")

CPU model: Intel(R) Xeon(R) Gold 6230 CPU @ 2.10GHz, instruction set [SSE2|AVX|AVX2|AVX512]
Thread count: 40 physical cores, 40 logical processors, using up to 1 threads

Non-default parameters:
TimeLimit  1.6054573750393465e+03
Method  1
BarHomogeneous  1
Threads  1

Optimize a model with 824 rows, 232293 columns and 6213010 nonzeros
Coefficient statistics:
  Matrix range     [1e+00, 1e+00]
  Objective range  [1e+05, 5e+05]
  Bounds range     [0e+00, 0e+00]
  RHS range        [1e+00, 1e+00]
LP warm-start: use basis

Iteration    Objective       Primal Inf.    Dual Inf.      Time
       0   -2.1816998e+31   1.267140e+34   2.181700e+01      1s
     390   -1.2747925e+30   1.351864e+33   1.274793e+00      6s
     787    3.3014049e+06   4.244198e+02   0.000000e+00     11s
    1141    3.3014051e+06   1.691200e+02   0.000000e+00     16s
    1490    3.3014052e+06   1.542529e+02   0.000000e+00     21s
    1839    3.3014052e+06   4.201998e+02   0.000000e+00     26s
    2189    3.3014052e+06   5.152965e+01   0.000000e+00     31s
    2534    3.3014052e+06   1.334731e+01   0.000000e+00     36s
    2887    3.3014053e+06   1.028676e+01   0.000000e+00     41s
    3235    3.3014053e+06   1.791878e+01   0.000000e+00     46s
    3592    3.3014053e+06   2.160507e+00   0.000000e+00     51s
    3829    3.3014053e+06   0.000000e+00   0.000000e+00     54s

Solved in 3829 iterations and 54.47 seconds (79.59 work units)
Optimal objective  3.301405265e+06
Set parameter TimeLimit to value 1.5237683293167502e+03
Set parameter Method to value 1
Gurobi Optimizer version 12.0.3 build v12.0.3rc0 (linux64 - "Ubuntu 24.04.4 LTS")

CPU model: Intel(R) Xeon(R) Gold 6230 CPU @ 2.10GHz, instruction set [SSE2|AVX|AVX2|AVX512]
Thread count: 40 physical cores, 40 logical processors, using up to 1 threads

Non-default parameters:
TimeLimit  1.5237683293167502e+03
Method  1
BarHomogeneous  1
Threads  1

Optimize a model with 824 rows, 232323 columns and 6214095 nonzeros
Coefficient statistics:
  Matrix range     [1e+00, 1e+00]
  Objective range  [1e+05, 5e+05]
  Bounds range     [0e+00, 0e+00]
  RHS range        [1e+00, 1e+00]
LP warm-start: use basis

Iteration    Objective       Primal Inf.    Dual Inf.      Time
       0   -2.3055740e+31   3.458493e+34   2.305574e+01      1s
     348    3.3014052e+06   7.203709e+01   0.000000e+00      6s
     698    3.3014052e+06   1.196859e+02   0.000000e+00     11s
    1045    3.3014052e+06   6.058830e+00   0.000000e+00     16s
    1304    3.3014052e+06   0.000000e+00   0.000000e+00     19s

Solved in 1304 iterations and 19.41 seconds (27.97 work units)
Optimal objective  3.301405249e+06
Set parameter TimeLimit to value 1.4803107944019139e+03
Set parameter Method to value 1
Gurobi Optimizer version 12.0.3 build v12.0.3rc0 (linux64 - "Ubuntu 24.04.4 LTS")

CPU model: Intel(R) Xeon(R) Gold 6230 CPU @ 2.10GHz, instruction set [SSE2|AVX|AVX2|AVX512]
Thread count: 40 physical cores, 40 logical processors, using up to 1 threads

Non-default parameters:
TimeLimit  1.4803107944019139e+03
Method  1
BarHomogeneous  1
Threads  1

Optimize a model with 824 rows, 232353 columns and 6215058 nonzeros
Coefficient statistics:
  Matrix range     [1e+00, 1e+00]
  Objective range  [1e+05, 5e+05]
  Bounds range     [0e+00, 0e+00]
  RHS range        [1e+00, 1e+00]
LP warm-start: use basis

Iteration    Objective       Primal Inf.    Dual Inf.      Time
       0   -2.3479513e+31   6.689910e+34   2.347951e+01      1s
      81    3.3014052e+06   0.000000e+00   0.000000e+00      2s

Solved in 81 iterations and 1.84 seconds (2.12 work units)
Optimal objective  3.301405249e+06
Set parameter TimeLimit to value 1.4534932417348027e+03
Set parameter Method to value 1
Gurobi Optimizer version 12.0.3 build v12.0.3rc0 (linux64 - "Ubuntu 24.04.4 LTS")

CPU model: Intel(R) Xeon(R) Gold 6230 CPU @ 2.10GHz, instruction set [SSE2|AVX|AVX2|AVX512]
Thread count: 40 physical cores, 40 logical processors, using up to 1 threads

Non-default parameters:
TimeLimit  1.4534932417348027e+03
Method  1
BarHomogeneous  1
Threads  1

Optimize a model with 824 rows, 232383 columns and 6216093 nonzeros
Coefficient statistics:
  Matrix range     [1e+00, 1e+00]
  Objective range  [1e+05, 5e+05]
  Bounds range     [0e+00, 0e+00]
  RHS range        [1e+00, 1e+00]
LP warm-start: use basis

Iteration    Objective       Primal Inf.    Dual Inf.      Time
       0   -2.0108426e+31   1.911288e+34   2.010842e+01      1s
     335   -1.3506713e+30   1.260047e+33   1.350671e+00      5s
     684   -1.4802735e+29   1.097988e+33   1.480273e-01     10s
    1110    3.3014050e+06   1.339267e+03   0.000000e+00     16s
    1466    3.3014051e+06   3.205509e+02   0.000000e+00     22s
    1811    3.3014052e+06   6.356624e+02   0.000000e+00     26s
    2160    3.3014052e+06   2.410480e+02   0.000000e+00     31s
    2507    3.3014052e+06   1.945035e+02   0.000000e+00     37s
    2854    3.3014052e+06   1.630753e+01   0.000000e+00     42s
    3202    3.3014052e+06   1.464953e+01   0.000000e+00     47s
    3548    3.3014052e+06   2.658892e+01   0.000000e+00     51s
    3743    3.3014052e+06   0.000000e+00   0.000000e+00     54s

Solved in 3743 iterations and 54.34 seconds (78.92 work units)
Optimal objective  3.301405223e+06
Set parameter TimeLimit to value 1.3716365594039671e+03
Set parameter Method to value 1
Gurobi Optimizer version 12.0.3 build v12.0.3rc0 (linux64 - "Ubuntu 24.04.4 LTS")

CPU model: Intel(R) Xeon(R) Gold 6230 CPU @ 2.10GHz, instruction set [SSE2|AVX|AVX2|AVX512]
Thread count: 40 physical cores, 40 logical processors, using up to 1 threads

Non-default parameters:
TimeLimit  1.3716365594039671e+03
Method  1
BarHomogeneous  1
Threads  1

Optimize a model with 824 rows, 232413 columns and 6216822 nonzeros
Coefficient statistics:
  Matrix range     [1e+00, 1e+00]
  Objective range  [1e+05, 5e+05]
  Bounds range     [0e+00, 0e+00]
  RHS range        [1e+00, 1e+00]
LP warm-start: use basis

Iteration    Objective       Primal Inf.    Dual Inf.      Time
       0   -2.6069874e+31   2.217640e+34   2.606987e+01      1s
      80    3.3014052e+06   0.000000e+00   0.000000e+00      2s

Solved in 80 iterations and 1.75 seconds (2.17 work units)
Optimal objective  3.301405223e+06
Set parameter TimeLimit to value 1.3448684384804219e+03
Set parameter Method to value 1
Gurobi Optimizer version 12.0.3 build v12.0.3rc0 (linux64 - "Ubuntu 24.04.4 LTS")

CPU model: Intel(R) Xeon(R) Gold 6230 CPU @ 2.10GHz, instruction set [SSE2|AVX|AVX2|AVX512]
Thread count: 40 physical cores, 40 logical processors, using up to 1 threads

Non-default parameters:
TimeLimit  1.3448684384804219e+03
Method  1
BarHomogeneous  1
Threads  1

Optimize a model with 824 rows, 232443 columns and 6217733 nonzeros
Coefficient statistics:
  Matrix range     [1e+00, 1e+00]
  Objective range  [1e+05, 5e+05]
  Bounds range     [0e+00, 0e+00]
  RHS range        [1e+00, 1e+00]
LP warm-start: use basis

Iteration    Objective       Primal Inf.    Dual Inf.      Time
       0   -1.8510844e+31   9.398830e+33   1.851084e+01      1s
     346   -1.4891974e+30   1.288389e+33   1.489197e+00      5s
     706   -2.3890323e+29   9.185611e+32   2.389032e-01     10s
    1139    3.3014049e+06   3.357002e+03   0.000000e+00     16s
    1487    3.3014051e+06   8.718973e+02   0.000000e+00     21s
    1839    3.3014051e+06   1.135464e+02   0.000000e+00     26s
    2186    3.3014052e+06   1.864520e+02   0.000000e+00     31s
    2537    3.3014052e+06   4.049521e+01   0.000000e+00     36s
    2880    3.3014052e+06   5.217363e+01   0.000000e+00     41s
    3225    3.3014052e+06   3.234648e+01   0.000000e+00     46s
    3467    3.3014052e+06   0.000000e+00   0.000000e+00     50s

Solved in 3467 iterations and 49.70 seconds (72.25 work units)
Optimal objective  3.301405198e+06
Set parameter TimeLimit to value 1.2680518171843141e+03
Set parameter Method to value 1
Gurobi Optimizer version 12.0.3 build v12.0.3rc0 (linux64 - "Ubuntu 24.04.4 LTS")

CPU model: Intel(R) Xeon(R) Gold 6230 CPU @ 2.10GHz, instruction set [SSE2|AVX|AVX2|AVX512]
Thread count: 40 physical cores, 40 logical processors, using up to 1 threads

Non-default parameters:
TimeLimit  1.2680518171843141e+03
Method  1
BarHomogeneous  1
Threads  1

Optimize a model with 824 rows, 232473 columns and 6218732 nonzeros
Coefficient statistics:
  Matrix range     [1e+00, 1e+00]
  Objective range  [1e+05, 5e+05]
  Bounds range     [0e+00, 0e+00]
  RHS range        [1e+00, 1e+00]
LP warm-start: use basis

Iteration    Objective       Primal Inf.    Dual Inf.      Time
       0   -2.2227136e+31   1.067072e+34   2.222714e+01      1s
     382   -1.4965606e+30   7.377486e+32   1.496561e+00      6s
     695   -3.8632812e+28   8.570683e+32   3.863287e-02     10s
    1050    3.3014047e+06   7.905936e+03   0.000000e+00     15s
    1393    3.3014050e+06   1.191041e+03   0.000000e+00     20s
    1741    3.3014050e+06   3.432599e+03   0.000000e+00     25s
    2200    3.3014051e+06   1.031994e+02   0.000000e+00     32s
    2549    3.3014051e+06   5.208885e+01   0.000000e+00     37s
    2782    3.3014051e+06   1.870181e+01   0.000000e+00     40s
    3131    3.3014051e+06   1.208069e+02   0.000000e+00     45s
    3478    3.3014051e+06   2.780004e+01   0.000000e+00     50s
    3823    3.3014052e+06   8.761662e+00   0.000000e+00     55s
    4169    3.3014052e+06   0.000000e+00   0.000000e+00     60s

Solved in 4169 iterations and 60.06 seconds (87.13 work units)
Optimal objective  3.301405156e+06
Set parameter TimeLimit to value 1.1804637976456434e+03
Set parameter Method to value 1
Gurobi Optimizer version 12.0.3 build v12.0.3rc0 (linux64 - "Ubuntu 24.04.4 LTS")

CPU model: Intel(R) Xeon(R) Gold 6230 CPU @ 2.10GHz, instruction set [SSE2|AVX|AVX2|AVX512]
Thread count: 40 physical cores, 40 logical processors, using up to 1 threads

Non-default parameters:
TimeLimit  1.1804637976456434e+03
Method  1
BarHomogeneous  1
Threads  1

Optimize a model with 824 rows, 232503 columns and 6219717 nonzeros
Coefficient statistics:
  Matrix range     [1e+00, 1e+00]
  Objective range  [1e+05, 5e+05]
  Bounds range     [0e+00, 0e+00]
  RHS range        [1e+00, 1e+00]
LP warm-start: use basis

Iteration    Objective       Primal Inf.    Dual Inf.      Time
       0   -2.3461260e+31   2.735049e+34   2.346126e+01      1s
     335    3.3014051e+06   4.633645e+02   0.000000e+00      5s
     685    3.3014051e+06   4.645285e+01   0.000000e+00     10s
    1035    3.3014051e+06   7.585238e+00   0.000000e+00     16s
    1382    3.3014051e+06   1.618469e-01   0.000000e+00     21s
    1466    3.3014051e+06   0.000000e+00   0.000000e+00     22s

Solved in 1466 iterations and 21.97 seconds (31.07 work units)
Optimal objective  3.301405143e+06
Set parameter TimeLimit to value 1.1312097387849353e+03
Set parameter Method to value 1
Gurobi Optimizer version 12.0.3 build v12.0.3rc0 (linux64 - "Ubuntu 24.04.4 LTS")

CPU model: Intel(R) Xeon(R) Gold 6230 CPU @ 2.10GHz, instruction set [SSE2|AVX|AVX2|AVX512]
Thread count: 40 physical cores, 40 logical processors, using up to 1 threads

Non-default parameters:
TimeLimit  1.1312097387849353e+03
Method  1
BarHomogeneous  1
Threads  1

Optimize a model with 824 rows, 232533 columns and 6220414 nonzeros
Coefficient statistics:
  Matrix range     [1e+00, 1e+00]
  Objective range  [1e+05, 5e+05]
  Bounds range     [0e+00, 0e+00]
  RHS range        [1e+00, 1e+00]
LP warm-start: use basis

Iteration    Objective       Primal Inf.    Dual Inf.      Time
       0   -2.3300314e+31   2.128317e+34   2.330031e+01      0s
     336   -2.7086358e+29   9.873250e+32   2.708635e-01      5s
     720    3.3014049e+06   5.285964e+02   0.000000e+00     11s
    1067    3.3014051e+06   1.571426e+02   0.000000e+00     16s
    1406    3.3014051e+06   2.356058e+02   0.000000e+00     21s
    1750    3.3014051e+06   2.495292e+01   0.000000e+00     26s
    2097    3.3014051e+06   5.833738e+00   0.000000e+00     31s
    2446    3.3014051e+06   2.235972e+00   0.000000e+00     36s
    2680    3.3014051e+06   0.000000e+00   0.000000e+00     39s

Solved in 2680 iterations and 39.08 seconds (56.38 work units)
Optimal objective  3.301405141e+06
Set parameter TimeLimit to value 1.0649597413488664e+03
Set parameter Method to value 1
Gurobi Optimizer version 12.0.3 build v12.0.3rc0 (linux64 - "Ubuntu 24.04.4 LTS")

CPU model: Intel(R) Xeon(R) Gold 6230 CPU @ 2.10GHz, instruction set [SSE2|AVX|AVX2|AVX512]
Thread count: 40 physical cores, 40 logical processors, using up to 1 threads

Non-default parameters:
TimeLimit  1.0649597413488664e+03
Method  1
BarHomogeneous  1
Threads  1

Optimize a model with 824 rows, 232563 columns and 6221367 nonzeros
Coefficient statistics:
  Matrix range     [1e+00, 1e+00]
  Objective range  [1e+05, 5e+05]
  Bounds range     [0e+00, 0e+00]
  RHS range        [1e+00, 1e+00]
LP warm-start: use basis

Iteration    Objective       Primal Inf.    Dual Inf.      Time
       0   -1.9296911e+31   1.309388e+34   1.929691e+01      1s
     347   -3.1050425e+29   4.815314e+32   3.105042e-01      5s
     741    3.3014050e+06   6.541520e+02   0.000000e+00     11s
    1082    3.3014051e+06   1.022580e+03   0.000000e+00     16s
    1430    3.3014051e+06   6.673063e+01   0.000000e+00     21s
    1779    3.3014051e+06   6.826563e+01   0.000000e+00     27s
    2014    3.3014051e+06   2.645467e+01   0.000000e+00     30s
    2363    3.3014051e+06   1.221264e+01   0.000000e+00     35s
    2550    3.3014051e+06   0.000000e+00   0.000000e+00     38s

Solved in 2550 iterations and 38.20 seconds (53.85 work units)
Optimal objective  3.301405115e+06
Set parameter TimeLimit to value 1.0013436726466753e+03
Set parameter Method to value 1
Gurobi Optimizer version 12.0.3 build v12.0.3rc0 (linux64 - "Ubuntu 24.04.4 LTS")

CPU model: Intel(R) Xeon(R) Gold 6230 CPU @ 2.10GHz, instruction set [SSE2|AVX|AVX2|AVX512]
Thread count: 40 physical cores, 40 logical processors, using up to 1 threads

Non-default parameters:
TimeLimit  1.0013436726466753e+03
Method  1
BarHomogeneous  1
Threads  1

Optimize a model with 824 rows, 232593 columns and 6222144 nonzeros
Coefficient statistics:
  Matrix range     [1e+00, 1e+00]
  Objective range  [1e+05, 5e+05]
  Bounds range     [0e+00, 0e+00]
  RHS range        [1e+00, 1e+00]
LP warm-start: use basis

Iteration    Objective       Primal Inf.    Dual Inf.      Time
       0   -2.0695048e+31   9.729948e+33   2.069505e+01      1s
     337   -3.3263754e+29   1.019366e+33   3.326376e-01      5s
     764    3.3014049e+06   1.746202e+03   0.000000e+00     11s
    1112    3.3014050e+06   3.029179e+02   0.000000e+00     16s
    1457    3.3014051e+06   9.800447e+01   0.000000e+00     21s
    1799    3.3014051e+06   2.340914e+02   0.000000e+00     26s
    2150    3.3014051e+06   2.097354e+01   0.000000e+00     31s
    2504    3.3014051e+06   3.147450e+00   0.000000e+00     36s
    2853    3.3014051e+06   1.407362e+00   0.000000e+00     41s
    2946    3.3014051e+06   0.000000e+00   0.000000e+00     43s

Solved in 2946 iterations and 42.56 seconds (61.94 work units)
Optimal objective  3.301405098e+06
Set parameter TimeLimit to value 9.3169457475934178e+02
Set parameter Method to value 1
Gurobi Optimizer version 12.0.3 build v12.0.3rc0 (linux64 - "Ubuntu 24.04.4 LTS")

CPU model: Intel(R) Xeon(R) Gold 6230 CPU @ 2.10GHz, instruction set [SSE2|AVX|AVX2|AVX512]
Thread count: 40 physical cores, 40 logical processors, using up to 1 threads

Non-default parameters:
TimeLimit  9.3169457475934178e+02
Method  1
BarHomogeneous  1
Threads  1

Optimize a model with 824 rows, 232623 columns and 6223133 nonzeros
Coefficient statistics:
  Matrix range     [1e+00, 1e+00]
  Objective range  [1e+05, 5e+05]
  Bounds range     [0e+00, 0e+00]
  RHS range        [1e+00, 1e+00]
LP warm-start: use basis

Iteration    Objective       Primal Inf.    Dual Inf.      Time
       0   -2.0339192e+31   1.177372e+34   2.033919e+01      1s
     334   -1.3827097e+29   5.935388e+32   1.382710e-01      5s
     724    3.3014049e+06   1.064207e+03   0.000000e+00     11s
    1075    3.3014050e+06   3.473708e+02   0.000000e+00     16s
    1425    3.3014050e+06   1.597220e+02   0.000000e+00     21s
    1769    3.3014051e+06   2.979493e+01   0.000000e+00     26s
    2116    3.3014051e+06   5.366809e+01   0.000000e+00     31s
    2464    3.3014051e+06   3.549325e+00   0.000000e+00     36s
    2793    3.3014051e+06   0.000000e+00   0.000000e+00     41s

Solved in 2793 iterations and 40.73 seconds (58.89 work units)
Optimal objective  3.301405075e+06
Set parameter TimeLimit to value 8.6365457225823775e+02
Set parameter Method to value 1
Gurobi Optimizer version 12.0.3 build v12.0.3rc0 (linux64 - "Ubuntu 24.04.4 LTS")

CPU model: Intel(R) Xeon(R) Gold 6230 CPU @ 2.10GHz, instruction set [SSE2|AVX|AVX2|AVX512]
Thread count: 40 physical cores, 40 logical processors, using up to 1 threads

Non-default parameters:
TimeLimit  8.6365457225823775e+02
Method  1
BarHomogeneous  1
Threads  1

Optimize a model with 824 rows, 232653 columns and 6224070 nonzeros
Coefficient statistics:
  Matrix range     [1e+00, 1e+00]
  Objective range  [1e+05, 5e+05]
  Bounds range     [0e+00, 0e+00]
  RHS range        [1e+00, 1e+00]
LP warm-start: use basis

Iteration    Objective       Primal Inf.    Dual Inf.      Time
       0   -2.3689705e+31   1.948226e+34   2.368970e+01      1s
      31    3.3014051e+06   0.000000e+00   0.000000e+00      1s

Solved in 31 iterations and 1.07 seconds (1.15 work units)
Optimal objective  3.301405075e+06
Set parameter TimeLimit to value 8.3858495367551222e+02
Set parameter Method to value 1
Gurobi Optimizer version 12.0.3 build v12.0.3rc0 (linux64 - "Ubuntu 24.04.4 LTS")

CPU model: Intel(R) Xeon(R) Gold 6230 CPU @ 2.10GHz, instruction set [SSE2|AVX|AVX2|AVX512]
Thread count: 40 physical cores, 40 logical processors, using up to 1 threads

Non-default parameters:
TimeLimit  8.3858495367551222e+02
Method  1
BarHomogeneous  1
Threads  1

Optimize a model with 824 rows, 232683 columns and 6225063 nonzeros
Coefficient statistics:
  Matrix range     [1e+00, 1e+00]
  Objective range  [1e+05, 5e+05]
  Bounds range     [0e+00, 0e+00]
  RHS range        [1e+00, 1e+00]
LP warm-start: use basis

Iteration    Objective       Primal Inf.    Dual Inf.      Time
       0   -2.0463158e+31   1.216370e+34   2.046316e+01      1s
      20    3.3014051e+06   0.000000e+00   0.000000e+00      1s

Solved in 20 iterations and 0.82 seconds (0.84 work units)
Optimal objective  3.301405075e+06
Set parameter TimeLimit to value 8.1476419216999784e+02
Set parameter Method to value 1
Gurobi Optimizer version 12.0.3 build v12.0.3rc0 (linux64 - "Ubuntu 24.04.4 LTS")

CPU model: Intel(R) Xeon(R) Gold 6230 CPU @ 2.10GHz, instruction set [SSE2|AVX|AVX2|AVX512]
Thread count: 40 physical cores, 40 logical processors, using up to 1 threads

Non-default parameters:
TimeLimit  8.1476419216999784e+02
Method  1
BarHomogeneous  1
Threads  1

Optimize a model with 824 rows, 232713 columns and 6226115 nonzeros
Coefficient statistics:
  Matrix range     [1e+00, 1e+00]
  Objective range  [1e+05, 5e+05]
  Bounds range     [0e+00, 0e+00]
  RHS range        [1e+00, 1e+00]
LP warm-start: use basis

Iteration    Objective       Primal Inf.    Dual Inf.      Time
       0   -1.8740864e+31   1.607151e+34   1.874086e+01      1s
     346    3.3014049e+06   1.054165e+03   0.000000e+00      5s
     697    3.3014050e+06   1.495257e+02   0.000000e+00     11s
    1039    3.3014050e+06   3.693384e+02   0.000000e+00     16s
    1386    3.3014050e+06   2.649212e+01   0.000000e+00     21s
    1734    3.3014051e+06   3.716322e+01   0.000000e+00     26s
    2087    3.3014051e+06   3.404483e+00   0.000000e+00     31s
    2318    3.3014051e+06   0.000000e+00   0.000000e+00     34s

Solved in 2318 iterations and 34.28 seconds (49.12 work units)
Optimal objective  3.301405060e+06
Set parameter TimeLimit to value 7.5403519942378625e+02
Set parameter Method to value 1
Gurobi Optimizer version 12.0.3 build v12.0.3rc0 (linux64 - "Ubuntu 24.04.4 LTS")

CPU model: Intel(R) Xeon(R) Gold 6230 CPU @ 2.10GHz, instruction set [SSE2|AVX|AVX2|AVX512]
Thread count: 40 physical cores, 40 logical processors, using up to 1 threads

Non-default parameters:
TimeLimit  7.5403519942378625e+02
Method  1
BarHomogeneous  1
Threads  1

Optimize a model with 824 rows, 232743 columns and 6227092 nonzeros
Coefficient statistics:
  Matrix range     [1e+00, 1e+00]
  Objective range  [1e+05, 5e+05]
  Bounds range     [0e+00, 0e+00]
  RHS range        [1e+00, 1e+00]
LP warm-start: use basis

Iteration    Objective       Primal Inf.    Dual Inf.      Time
       0   -1.9111907e+31   8.664589e+33   1.911191e+01      1s
     339   -1.8953641e+30   1.405171e+33   1.895364e+00      5s
     693   -2.6308083e+29   1.641926e+33   2.630807e-01     10s
    1080    3.3014046e+06   2.958007e+03   0.000000e+00     16s
    1427    3.3014048e+06   3.417263e+02   0.000000e+00     21s
    1773    3.3014048e+06   4.032145e+02   0.000000e+00     26s
    2127    3.3014049e+06   4.798063e+02   0.000000e+00     31s
    2468    3.3014049e+06   1.806021e+02   0.000000e+00     36s
    2820    3.3014050e+06   4.231083e+01   0.000000e+00     41s
    3161    3.3014050e+06   2.752346e+01   0.000000e+00     46s
    3509    3.3014050e+06   1.151356e+01   0.000000e+00     51s
    3856    3.3014050e+06   1.386869e+01   0.000000e+00     55s
    4206    3.3014050e+06   3.083315e+00   0.000000e+00     60s
    4553    3.3014050e+06   7.428966e-01   0.000000e+00     65s
    4681    3.3014050e+06   0.000000e+00   0.000000e+00     67s

Solved in 4681 iterations and 67.38 seconds (98.00 work units)
Optimal objective  3.301405019e+06
Set parameter TimeLimit to value 6.5934649294754490e+02
Set parameter Method to value 1
Gurobi Optimizer version 12.0.3 build v12.0.3rc0 (linux64 - "Ubuntu 24.04.4 LTS")

CPU model: Intel(R) Xeon(R) Gold 6230 CPU @ 2.10GHz, instruction set [SSE2|AVX|AVX2|AVX512]
Thread count: 40 physical cores, 40 logical processors, using up to 1 threads

Non-default parameters:
TimeLimit  6.5934649294754490e+02
Method  1
BarHomogeneous  1
Threads  1

Optimize a model with 824 rows, 232773 columns and 6228231 nonzeros
Coefficient statistics:
  Matrix range     [1e+00, 1e+00]
  Objective range  [1e+05, 5e+05]
  Bounds range     [0e+00, 0e+00]
  RHS range        [1e+00, 1e+00]
LP warm-start: use basis

Iteration    Objective       Primal Inf.    Dual Inf.      Time
       0   -2.1091010e+31   1.146617e+34   2.109101e+01      1s
     341   -4.5710403e+29   7.590774e+33   4.571037e-01      5s
     698    3.3014045e+06   1.238473e+03   0.000000e+00     10s
    1052    3.3014048e+06   1.847321e+03   0.000000e+00     15s
    1399    3.3014049e+06   8.619600e+01   0.000000e+00     20s
    1746    3.3014049e+06   5.285583e+01   0.000000e+00     25s
    2084    3.3014050e+06   2.313973e+02   0.000000e+00     30s
    2541    3.3014050e+06   1.578831e+01   0.000000e+00     37s
    2779    3.3014050e+06   1.192450e+01   0.000000e+00     40s
    3125    3.3014050e+06   1.336529e+01   0.000000e+00     45s
    3308    3.3014050e+06   0.000000e+00   0.000000e+00     48s

Solved in 3308 iterations and 47.80 seconds (69.32 work units)
Optimal objective  3.301404992e+06
Set parameter TimeLimit to value 5.8463873620983213e+02
Set parameter Method to value 1
Gurobi Optimizer version 12.0.3 build v12.0.3rc0 (linux64 - "Ubuntu 24.04.4 LTS")

CPU model: Intel(R) Xeon(R) Gold 6230 CPU @ 2.10GHz, instruction set [SSE2|AVX|AVX2|AVX512]
Thread count: 40 physical cores, 40 logical processors, using up to 1 threads

Non-default parameters:
TimeLimit  5.8463873620983213e+02
Method  1
BarHomogeneous  1
Threads  1

Optimize a model with 824 rows, 232803 columns and 6229179 nonzeros
Coefficient statistics:
  Matrix range     [1e+00, 1e+00]
  Objective range  [1e+05, 5e+05]
  Bounds range     [0e+00, 0e+00]
  RHS range        [1e+00, 1e+00]
LP warm-start: use basis

Iteration    Objective       Primal Inf.    Dual Inf.      Time
       0   -1.8291094e+31   1.492620e+34   1.829109e+01      1s
     343   -1.8061828e+30   1.343212e+33   1.806183e+00      5s
     698   -3.4924652e+29   1.002461e+33   3.492465e-01     10s
    1129    3.3014047e+06   6.700059e+02   0.000000e+00     16s
    1476    3.3014048e+06   7.448567e+02   0.000000e+00     21s
    1822    3.3014049e+06   9.728655e+01   0.000000e+00     26s
    2172    3.3014049e+06   8.768897e+01   0.000000e+00     31s
    2516    3.3014049e+06   5.249956e+01   0.000000e+00     36s
    2860    3.3014049e+06   5.344956e+01   0.000000e+00     41s
    3208    3.3014049e+06   9.244973e+00   0.000000e+00     46s
    3557    3.3014050e+06   8.277264e+00   0.000000e+00     51s
    3909    3.3014050e+06   1.281855e-02   0.000000e+00     56s
    3922    3.3014050e+06   0.000000e+00   0.000000e+00     56s

Solved in 3922 iterations and 56.41 seconds (82.29 work units)
Optimal objective  3.301404952e+06
Set parameter TimeLimit to value 5.0130185808287933e+02
Set parameter Method to value 1
Gurobi Optimizer version 12.0.3 build v12.0.3rc0 (linux64 - "Ubuntu 24.04.4 LTS")

CPU model: Intel(R) Xeon(R) Gold 6230 CPU @ 2.10GHz, instruction set [SSE2|AVX|AVX2|AVX512]
Thread count: 40 physical cores, 40 logical processors, using up to 1 threads

Non-default parameters:
TimeLimit  5.0130185808287933e+02
Method  1
BarHomogeneous  1
Threads  1

Optimize a model with 824 rows, 232833 columns and 6230063 nonzeros
Coefficient statistics:
  Matrix range     [1e+00, 1e+00]
  Objective range  [1e+05, 5e+05]
  Bounds range     [0e+00, 0e+00]
  RHS range        [1e+00, 1e+00]
LP warm-start: use basis

Iteration    Objective       Primal Inf.    Dual Inf.      Time
       0   -1.7369873e+31   7.167473e+33   1.736987e+01      1s
     402   -5.8400974e+29   1.464663e+33   5.840097e-01      5s
     849    3.3014047e+06   5.968793e+02   0.000000e+00     12s
    1190    3.3014048e+06   4.279201e+02   0.000000e+00     16s
    1528    3.3014049e+06   2.172229e+02   0.000000e+00     21s
    1869    3.3014049e+06   3.066118e+02   0.000000e+00     26s
    2216    3.3014049e+06   1.811817e+01   0.000000e+00     31s
    2563    3.3014049e+06   1.671012e+01   0.000000e+00     36s
    2911    3.3014049e+06   3.849844e+01   0.000000e+00     41s
    3258    3.3014049e+06   2.472231e+00   0.000000e+00     47s
    3458    3.3014049e+06   0.000000e+00   0.000000e+00     49s

Solved in 3458 iterations and 49.48 seconds (71.70 work units)
Optimal objective  3.301404926e+06
Set parameter TimeLimit to value 4.2477243400458246e+02
Set parameter Method to value 1
Gurobi Optimizer version 12.0.3 build v12.0.3rc0 (linux64 - "Ubuntu 24.04.4 LTS")

CPU model: Intel(R) Xeon(R) Gold 6230 CPU @ 2.10GHz, instruction set [SSE2|AVX|AVX2|AVX512]
Thread count: 40 physical cores, 40 logical processors, using up to 1 threads

Non-default parameters:
TimeLimit  4.2477243400458246e+02
Method  1
BarHomogeneous  1
Threads  1

Optimize a model with 824 rows, 232863 columns and 6231047 nonzeros
Coefficient statistics:
  Matrix range     [1e+00, 1e+00]
  Objective range  [1e+05, 5e+05]
  Bounds range     [0e+00, 0e+00]
  RHS range        [1e+00, 1e+00]
LP warm-start: use basis

Iteration    Objective       Primal Inf.    Dual Inf.      Time
       0   -2.1772490e+31   2.999700e+34   2.177249e+01      1s
      87    3.3014049e+06   0.000000e+00   0.000000e+00      2s

Solved in 87 iterations and 1.84 seconds (2.31 work units)
Optimal objective  3.301404926e+06
Set parameter TimeLimit to value 3.9795774118881673e+02
Set parameter Method to value 1
Gurobi Optimizer version 12.0.3 build v12.0.3rc0 (linux64 - "Ubuntu 24.04.4 LTS")

CPU model: Intel(R) Xeon(R) Gold 6230 CPU @ 2.10GHz, instruction set [SSE2|AVX|AVX2|AVX512]
Thread count: 40 physical cores, 40 logical processors, using up to 1 threads

Non-default parameters:
TimeLimit  3.9795774118881673e+02
Method  1
BarHomogeneous  1
Threads  1

Optimize a model with 824 rows, 232893 columns and 6231886 nonzeros
Coefficient statistics:
  Matrix range     [1e+00, 1e+00]
  Objective range  [1e+05, 5e+05]
  Bounds range     [0e+00, 0e+00]
  RHS range        [1e+00, 1e+00]
LP warm-start: use basis

Iteration    Objective       Primal Inf.    Dual Inf.      Time
       0   -1.9467633e+31   4.808916e+34   1.946763e+01      0s
     109    3.3014049e+06   0.000000e+00   0.000000e+00      2s

Solved in 109 iterations and 2.05 seconds (2.68 work units)
Optimal objective  3.301404926e+06
Set parameter TimeLimit to value 372.066867955029
Set parameter Method to value 1
Gurobi Optimizer version 12.0.3 build v12.0.3rc0 (linux64 - "Ubuntu 24.04.4 LTS")

CPU model: Intel(R) Xeon(R) Gold 6230 CPU @ 2.10GHz, instruction set [SSE2|AVX|AVX2|AVX512]
Thread count: 40 physical cores, 40 logical processors, using up to 1 threads

Non-default parameters:
TimeLimit  372.066867955029
Method  1
BarHomogeneous  1
Threads  1

Optimize a model with 824 rows, 232923 columns and 6232945 nonzeros
Coefficient statistics:
  Matrix range     [1e+00, 1e+00]
  Objective range  [1e+05, 5e+05]
  Bounds range     [0e+00, 0e+00]
  RHS range        [1e+00, 1e+00]
LP warm-start: use basis

Iteration    Objective       Primal Inf.    Dual Inf.      Time
       0   -2.0458594e+31   1.782633e+34   2.045859e+01      1s
       1    3.3014049e+06   0.000000e+00   0.000000e+00      1s

Solved in 1 iterations and 0.58 seconds (0.49 work units)
Optimal objective  3.301404926e+06
Set parameter TimeLimit to value 3.4993230658443645e+02
Set parameter Method to value 1
Gurobi Optimizer version 12.0.3 build v12.0.3rc0 (linux64 - "Ubuntu 24.04.4 LTS")

CPU model: Intel(R) Xeon(R) Gold 6230 CPU @ 2.10GHz, instruction set [SSE2|AVX|AVX2|AVX512]
Thread count: 40 physical cores, 40 logical processors, using up to 1 threads

Non-default parameters:
TimeLimit  3.4993230658443645e+02
Method  1
BarHomogeneous  1
Threads  1

Optimize a model with 824 rows, 232953 columns and 6234012 nonzeros
Coefficient statistics:
  Matrix range     [1e+00, 1e+00]
  Objective range  [1e+05, 5e+05]
  Bounds range     [0e+00, 0e+00]
  RHS range        [1e+00, 1e+00]
LP warm-start: use basis

Iteration    Objective       Primal Inf.    Dual Inf.      Time
       0   -1.8878603e+31   1.614445e+34   1.887860e+01      0s
     401   -1.2665013e+30   7.323306e+32   1.266501e+00      5s
     753   -1.7482967e+28   1.230994e+33   1.748302e-02     11s
    1181    3.3014047e+06   5.237268e+02   0.000000e+00     17s
    1533    3.3014048e+06   3.367595e+02   0.000000e+00     22s
    1880    3.3014048e+06   1.915049e+02   0.000000e+00     27s
    2226    3.3014049e+06   9.261805e+01   0.000000e+00     32s
    2568    3.3014049e+06   2.452779e+02   0.000000e+00     36s
    2908    3.3014049e+06   1.154427e+02   0.000000e+00     41s
    3249    3.3014049e+06   6.936718e+01   0.000000e+00     47s
    3485    3.3014049e+06   3.295392e+00   0.000000e+00     50s
    3833    3.3014049e+06   3.654782e+00   0.000000e+00     55s
    3921    3.3014049e+06   0.000000e+00   0.000000e+00     57s

Solved in 3921 iterations and 56.61 seconds (81.75 work units)
Optimal objective  3.301404901e+06
Set parameter TimeLimit to value 2.6402866038167849e+02
Set parameter Method to value 1
Gurobi Optimizer version 12.0.3 build v12.0.3rc0 (linux64 - "Ubuntu 24.04.4 LTS")

CPU model: Intel(R) Xeon(R) Gold 6230 CPU @ 2.10GHz, instruction set [SSE2|AVX|AVX2|AVX512]
Thread count: 40 physical cores, 40 logical processors, using up to 1 threads

Non-default parameters:
TimeLimit  2.6402866038167849e+02
Method  1
BarHomogeneous  1
Threads  1

Optimize a model with 824 rows, 232983 columns and 6235018 nonzeros
Coefficient statistics:
  Matrix range     [1e+00, 1e+00]
  Objective range  [1e+05, 5e+05]
  Bounds range     [0e+00, 0e+00]
  RHS range        [1e+00, 1e+00]
LP warm-start: use basis

Iteration    Objective       Primal Inf.    Dual Inf.      Time
       0   -1.9112275e+31   1.319537e+34   1.911228e+01      1s
     418    3.3014048e+06   7.103033e+01   0.000000e+00      7s
     766    3.3014049e+06   5.745326e+01   0.000000e+00     12s
    1111    3.3014049e+06   1.371016e+02   0.000000e+00     17s
    1453    3.3014049e+06   1.008436e+02   0.000000e+00     22s
    1685    3.3014049e+06   1.080575e+00   0.000000e+00     25s
    1824    3.3014049e+06   0.000000e+00   0.000000e+00     27s

Solved in 1824 iterations and 27.29 seconds (38.96 work units)
Optimal objective  3.301404889e+06
Set parameter TimeLimit to value 2.1079687369987369e+02
Set parameter Method to value 1
Gurobi Optimizer version 12.0.3 build v12.0.3rc0 (linux64 - "Ubuntu 24.04.4 LTS")

CPU model: Intel(R) Xeon(R) Gold 6230 CPU @ 2.10GHz, instruction set [SSE2|AVX|AVX2|AVX512]
Thread count: 40 physical cores, 40 logical processors, using up to 1 threads

Non-default parameters:
TimeLimit  2.1079687369987369e+02
Method  1
BarHomogeneous  1
Threads  1

Optimize a model with 824 rows, 233013 columns and 6235921 nonzeros
Coefficient statistics:
  Matrix range     [1e+00, 1e+00]
  Objective range  [1e+05, 5e+05]
  Bounds range     [0e+00, 0e+00]
  RHS range        [1e+00, 1e+00]
LP warm-start: use basis

Iteration    Objective       Primal Inf.    Dual Inf.      Time
       0   -1.6981554e+31   5.733457e+33   1.698155e+01      0s
     339   -3.2497751e+30   1.747380e+33   3.249775e+00      5s
     698   -7.4103973e+29   2.540464e+33   7.410398e-01     10s
    1087    3.3014043e+06   4.804889e+02   0.000000e+00     16s
    1442    3.3014045e+06   1.083382e+03   0.000000e+00     21s
    1795    3.3014046e+06   2.773349e+02   0.000000e+00     26s
    2143    3.3014047e+06   1.997376e+03   0.000000e+00     31s
    2491    3.3014047e+06   6.399275e+01   0.000000e+00     36s
    2843    3.3014048e+06   1.865101e+02   0.000000e+00     41s
    3194    3.3014048e+06   2.704789e+01   0.000000e+00     46s
    3550    3.3014048e+06   1.356650e+02   0.000000e+00     51s
    3896    3.3014048e+06   1.637186e+01   0.000000e+00     57s
    4247    3.3014048e+06   3.373905e+01   0.000000e+00     62s
    4483    3.3014048e+06   3.711893e+01   0.000000e+00     65s
    4836    3.3014048e+06   6.790407e+00   0.000000e+00     70s
    5083    3.3014048e+06   0.000000e+00   0.000000e+00     74s

Solved in 5083 iterations and 73.87 seconds (106.47 work units)
Optimal objective  3.301404835e+06
Set parameter TimeLimit to value 1.0954823250090703e+02
Set parameter Method to value 1
Gurobi Optimizer version 12.0.3 build v12.0.3rc0 (linux64 - "Ubuntu 24.04.4 LTS")

CPU model: Intel(R) Xeon(R) Gold 6230 CPU @ 2.10GHz, instruction set [SSE2|AVX|AVX2|AVX512]
Thread count: 40 physical cores, 40 logical processors, using up to 1 threads

Non-default parameters:
TimeLimit  1.0954823250090703e+02
Method  1
BarHomogeneous  1
Threads  1

Optimize a model with 824 rows, 233043 columns and 6236872 nonzeros
Coefficient statistics:
  Matrix range     [1e+00, 1e+00]
  Objective range  [1e+05, 5e+05]
  Bounds range     [0e+00, 0e+00]
  RHS range        [1e+00, 1e+00]
LP warm-start: use basis

Iteration    Objective       Primal Inf.    Dual Inf.      Time
       0   -2.1454888e+31   2.493913e+34   2.145489e+01      1s
     337    7.4548149e+20   6.000000e+30   0.000000e+00      5s
     680    3.3014047e+06   7.347886e+02   0.000000e+00     10s
    1023    3.3014048e+06   1.188463e+02   0.000000e+00     15s
    1364    3.3014048e+06   1.758030e+01   0.000000e+00     20s
    1706    3.3014048e+06   1.057369e+01   0.000000e+00     25s
    2056    3.3014048e+06   3.765378e+00   0.000000e+00     30s
    2405    3.3014048e+06   1.792795e+00   0.000000e+00     35s
    2576    3.3014048e+06   0.000000e+00   0.000000e+00     38s

Solved in 2576 iterations and 37.97 seconds (54.61 work units)
Optimal objective  3.301404823e+06
Set parameter TimeLimit to value 4.4077134896535426e+01
Set parameter Method to value 1
Gurobi Optimizer version 12.0.3 build v12.0.3rc0 (linux64 - "Ubuntu 24.04.4 LTS")

CPU model: Intel(R) Xeon(R) Gold 6230 CPU @ 2.10GHz, instruction set [SSE2|AVX|AVX2|AVX512]
Thread count: 40 physical cores, 40 logical processors, using up to 1 threads

Non-default parameters:
TimeLimit  4.4077134896535426e+01
Method  1
BarHomogeneous  1
Threads  1

Optimize a model with 824 rows, 233073 columns and 6237860 nonzeros
Coefficient statistics:
  Matrix range     [1e+00, 1e+00]
  Objective range  [1e+05, 5e+05]
  Bounds range     [0e+00, 0e+00]
  RHS range        [1e+00, 1e+00]
LP warm-start: use basis

Iteration    Objective       Primal Inf.    Dual Inf.      Time
       0   -2.0855868e+31   4.728379e+34   2.085586e+01      1s
      43    3.3014048e+06   0.000000e+00   0.000000e+00      1s

Solved in 43 iterations and 1.12 seconds (1.25 work units)
Optimal objective  3.301404823e+06
Set parameter TimeLimit to value 41.7523350212723
Set parameter Method to value 1
Gurobi Optimizer version 12.0.3 build v12.0.3rc0 (linux64 - "Ubuntu 24.04.4 LTS")

CPU model: Intel(R) Xeon(R) Gold 6230 CPU @ 2.10GHz, instruction set [SSE2|AVX|AVX2|AVX512]
Thread count: 40 physical cores, 40 logical processors, using up to 1 threads

Non-default parameters:
TimeLimit  41.7523350212723
Method  1
BarHomogeneous  1
Threads  1

Optimize a model with 824 rows, 233103 columns and 6238809 nonzeros
Coefficient statistics:
  Matrix range     [1e+00, 1e+00]
  Objective range  [1e+05, 5e+05]
  Bounds range     [0e+00, 0e+00]
  RHS range        [1e+00, 1e+00]
LP warm-start: use basis

Iteration    Objective       Primal Inf.    Dual Inf.      Time
       0   -1.8693394e+31   2.697724e+34   1.869339e+01      0s
     350   -2.0424698e+29   7.625036e+32   2.042470e-01      5s
     704    3.3014047e+06   4.581234e+02   0.000000e+00     10s
    1044    3.3014048e+06   3.663648e+02   0.000000e+00     15s
    1389    3.3014048e+06   7.058229e+01   0.000000e+00     20s
    1732    3.3014048e+06   1.951981e+01   0.000000e+00     25s
    2069    3.3014048e+06   5.499816e+00   0.000000e+00     30s
    2416    3.3014048e+06   1.479172e+01   0.000000e+00     35s
    2481    3.3014048e+06   0.000000e+00   0.000000e+00     36s

Solved in 2481 iterations and 36.46 seconds (52.24 work units)
Optimal objective  3.301404815e+06
