schedule_id,pair_id,arm,original_duty,source_index,kind,start_min,end_min,start_time,end_time,duration_min,from_code,to_code,source_trip_id,internal_trip_id,energy_consumed_kwh,energy_charged_kwh,source,source_line,source_identifier,timing_basis,event_index,from_visit,to_visit,soc_before_kwh,soc_after_kwh,movement_kind,duration_basis,original_source_duty,route_code,direction,electricity_cost,charging_active_min,charging_basis,witness,source_pointer
duty_13401_original,duty_13401,original,13401,,prep,241.0,248.0,04:01:00,04:08:00,7.0,PARX,PARX,,,0.0,0.0,/Users/nadan/Documents/projects/demandresponse/data/Par_VehicleDetails_Updated.csv,1565,Prep-out,recorded GIRO clock interval,0,0,0,236.44,236.44,,,,,,,,,,
duty_13401_original,duty_13401,original,13401,,deadhead,248.0,267.0,04:08:00,04:27:00,19.0,PARX,2190,,,28.0,0.0,/Users/nadan/Documents/projects/demandresponse/data/Par_VehicleDetails_Updated.csv,1566,Pull-out,recorded GIRO clock interval,1,0,1,236.44,208.44,pull_out,recorded directional GIRO movement; may use time-dependent band,,,,,,,,
duty_13401_original,duty_13401,original,13401,,service,267.0,319.0,04:27:00,05:19:00,52.0,2190,4808,0,0,41.7299995,0.0,/Users/nadan/Documents/projects/demandresponse/data/Par_VehicleDetails_Updated.csv,1567,Regular,recorded GIRO clock interval,2,1,2,208.44,166.7100005,,"scheduled passenger service, not empty deadhead time",13401,5021.0,1.0,,,,,
duty_13401_original,duty_13401,original,13401,,charge,319.0,325.0,05:19:00,05:25:00,6.0,4808,4808,,,0.0,24.974226,/Users/nadan/Documents/projects/demandresponse/data/Par_VehicleDetails_Updated.csv,1568,Recharge,recorded GIRO clock interval,3,2,2,166.7100005,191.68422650000002,,,,,,4.241761190594375,6.000001600000012,recorded recharge kWh; maximum documented taper reconstructs within-window power,/Users/nadan/Documents/projects/demandresponse/outputs/week_20260921/cleanup_physics/baseline.json,
duty_13401_original,duty_13401,original,13401,,service,325.0,376.0,05:25:00,06:16:00,51.0,4808,2190,6,3,42.5,0.0,/Users/nadan/Documents/projects/demandresponse/data/Par_VehicleDetails_Updated.csv,1569,Regular,recorded GIRO clock interval,4,2,3,191.68422650000002,149.18422650000002,,"scheduled passenger service, not empty deadhead time",13401,5021.0,2.0,,,,,
duty_13401_original,duty_13401,original,13401,,deadhead,376.0,377.0,06:16:00,06:17:00,1.0,2190,ET_R,,,0.200000003,0.0,/Users/nadan/Documents/projects/demandresponse/data/Par_VehicleDetails_Updated.csv,1570,Deadhead,recorded GIRO clock interval,5,3,4,149.18422650000002,148.984226497,deadhead,recorded directional GIRO movement; may use time-dependent band,,,,,,,,
duty_13401_original,duty_13401,original,13401,,wait,377.0,407.0,06:17:00,06:47:00,30.0,ET_R,ET_R,,,0.05,0.0,/Users/nadan/Documents/projects/demandresponse/data/Par_VehicleDetails_Updated.csv,,,unoccupied interval between recorded GIRO events at the same location,6,4,4,148.984226497,148.934226497,,,,,,,,,,gap before CSV line 1571
duty_13401_original,duty_13401,original,13401,,deadhead,407.0,408.0,06:47:00,06:48:00,1.0,ET_R,2190,,,0.200000003,0.0,/Users/nadan/Documents/projects/demandresponse/data/Par_VehicleDetails_Updated.csv,1571,Deadhead,recorded GIRO clock interval,7,4,5,148.934226497,148.73422649399998,deadhead,recorded directional GIRO movement; may use time-dependent band,,,,,,,,
duty_13401_original,duty_13401,original,13401,,service,408.0,465.0,06:48:00,07:45:00,57.0,2190,4808,22,8,41.7299995,0.0,/Users/nadan/Documents/projects/demandresponse/data/Par_VehicleDetails_Updated.csv,1572,Regular,recorded GIRO clock interval,8,5,6,148.73422649399998,107.00422699399999,,"scheduled passenger service, not empty deadhead time",13401,5021.0,1.0,,,,,
duty_13401_original,duty_13401,original,13401,,charge,465.0,472.0,07:45:00,07:52:00,7.0,4808,4808,,,0.0,35.3757858,/Users/nadan/Documents/projects/demandresponse/data/Par_VehicleDetails_Updated.csv,1573,Recharge,recorded GIRO clock interval,9,6,6,107.00422699399999,142.38001279399998,,,,,,8.776959155671607,7.000000005414737,recorded recharge kWh; maximum documented taper reconstructs within-window power,/Users/nadan/Documents/projects/demandresponse/outputs/week_20260921/cleanup_physics/baseline.json,
duty_13401_original,duty_13401,original,13401,,service,472.0,532.0,07:52:00,08:52:00,60.0,4808,2190,35,13,42.5,0.0,/Users/nadan/Documents/projects/demandresponse/data/Par_VehicleDetails_Updated.csv,1574,Regular,recorded GIRO clock interval,10,6,7,142.38001279399998,99.88001279399998,,"scheduled passenger service, not empty deadhead time",13401,5021.0,2.0,,,,,
duty_13401_original,duty_13401,original,13401,,deadhead,532.0,533.0,08:52:00,08:53:00,1.0,2190,ET_R,,,0.200000003,0.0,/Users/nadan/Documents/projects/demandresponse/data/Par_VehicleDetails_Updated.csv,1575,Deadhead,recorded GIRO clock interval,11,7,8,99.88001279399998,99.68001279099998,deadhead,recorded directional GIRO movement; may use time-dependent band,,,,,,,,
duty_13401_original,duty_13401,original,13401,,wait,533.0,573.0,08:53:00,09:33:00,40.0,ET_R,ET_R,,,0.06666666666666667,0.0,/Users/nadan/Documents/projects/demandresponse/data/Par_VehicleDetails_Updated.csv,,,unoccupied interval between recorded GIRO events at the same location,12,8,8,99.68001279099998,99.61334612433332,,,,,,,,,,gap before CSV line 1576
duty_13401_original,duty_13401,original,13401,,deadhead,573.0,574.0,09:33:00,09:34:00,1.0,ET_R,2190,,,0.200000003,0.0,/Users/nadan/Documents/projects/demandresponse/data/Par_VehicleDetails_Updated.csv,1576,Deadhead,recorded GIRO clock interval,13,8,9,99.61334612433332,99.41334612133332,deadhead,recorded directional GIRO movement; may use time-dependent band,,,,,,,,
duty_13401_original,duty_13401,original,13401,,deadhead,574.0,575.0,09:34:00,09:35:00,1.0,2190,2190L,,,0.400000006,0.0,/Users/nadan/Documents/projects/demandresponse/data/Par_VehicleDetails_Updated.csv,1577,Deadhead,recorded GIRO clock interval,14,9,10,99.41334612133332,99.01334611533332,deadhead,recorded directional GIRO movement; may use time-dependent band,,,,,,,,
duty_13401_original,duty_13401,original,13401,,charge,575.0,580.0,09:35:00,09:40:00,5.0,2190L,2190L,,,3.3431765208054765e-10,25.8050117,/Users/nadan/Documents/projects/demandresponse/data/Par_VehicleDetails_Updated.csv,1578,Recharge,recorded GIRO clock interval,15,10,10,99.01334611533332,124.818357814999,,,,,,6.4023887690583114,4.999999799409409,recorded recharge kWh; maximum documented taper reconstructs within-window power,/Users/nadan/Documents/projects/demandresponse/outputs/week_20260921/cleanup_physics/baseline.json,
duty_13401_original,duty_13401,original,13401,,deadhead,580.0,580.0,09:40:00,09:40:00,0.0,2190L,2190,,,0.0,0.0,/Users/nadan/Documents/projects/demandresponse/data/Par_VehicleDetails_Updated.csv,1579,Deadhead,recorded GIRO clock interval,16,10,11,124.818357814999,124.818357814999,deadhead,recorded directional GIRO movement; may use time-dependent band,,,,,,,,
duty_13401_original,duty_13401,original,13401,,service,580.0,637.0,09:40:00,10:37:00,57.0,2190,4808,56,20,41.7299995,0.0,/Users/nadan/Documents/projects/demandresponse/data/Par_VehicleDetails_Updated.csv,1580,Regular,recorded GIRO clock interval,17,11,12,124.818357814999,83.088358314999,,"scheduled passenger service, not empty deadhead time",13401,5021.0,1.0,,,,,
duty_13401_original,duty_13401,original,13401,,charge,637.0,644.0,10:37:00,10:44:00,7.0,4808,4808,,,1.0392234302732581e-09,36.992588,/Users/nadan/Documents/projects/demandresponse/data/Par_VehicleDetails_Updated.csv,1581,Recharge,recorded GIRO clock interval,18,12,12,83.088358314999,120.08094631395977,,,,,,7.939463495881773,6.999999376465942,recorded recharge kWh; maximum documented taper reconstructs within-window power,/Users/nadan/Documents/projects/demandresponse/outputs/week_20260921/cleanup_physics/baseline.json,
duty_13401_original,duty_13401,original,13401,,service,644.0,699.0,10:44:00,11:39:00,55.0,4808,2190,69,25,42.5,0.0,/Users/nadan/Documents/projects/demandresponse/data/Par_VehicleDetails_Updated.csv,1582,Regular,recorded GIRO clock interval,19,12,13,120.08094631395977,77.58094631395977,,"scheduled passenger service, not empty deadhead time",13401,5021.0,2.0,,,,,
duty_13401_original,duty_13401,original,13401,,deadhead,699.0,700.0,11:39:00,11:40:00,1.0,2190,2190L,,,0.400000006,0.0,/Users/nadan/Documents/projects/demandresponse/data/Par_VehicleDetails_Updated.csv,1583,Deadhead,recorded GIRO clock interval,20,13,14,77.58094631395977,77.18094630795977,deadhead,recorded directional GIRO movement; may use time-dependent band,,,,,,,,
duty_13401_original,duty_13401,original,13401,,charge,700.0,709.0,11:40:00,11:49:00,9.0,2190L,2190L,,,0.0,47.4815598,/Users/nadan/Documents/projects/demandresponse/data/Par_VehicleDetails_Updated.csv,1584,Recharge,recorded GIRO clock interval,21,14,14,77.18094630795977,124.66250610795977,,,,,,8.064531714757676,9.000000071177496,recorded recharge kWh; maximum documented taper reconstructs within-window power,/Users/nadan/Documents/projects/demandresponse/outputs/week_20260921/cleanup_physics/baseline.json,
duty_13401_original,duty_13401,original,13401,,deadhead,709.0,709.0,11:49:00,11:49:00,0.0,2190L,2190,,,0.0,0.0,/Users/nadan/Documents/projects/demandresponse/data/Par_VehicleDetails_Updated.csv,1585,Deadhead,recorded GIRO clock interval,22,14,15,124.66250610795977,124.66250610795977,deadhead,recorded directional GIRO movement; may use time-dependent band,,,,,,,,
duty_13401_original,duty_13401,original,13401,,service,709.0,767.0,11:49:00,12:47:00,58.0,2190,4808,82,30,41.7299995,0.0,/Users/nadan/Documents/projects/demandresponse/data/Par_VehicleDetails_Updated.csv,1586,Regular,recorded GIRO clock interval,23,15,16,124.66250610795977,82.93250660795977,,"scheduled passenger service, not empty deadhead time",13401,5021.0,1.0,,,,,
duty_13401_original,duty_13401,original,13401,,charge,767.0,774.0,12:47:00,12:54:00,7.0,4808,4808,,,1.3307481605551174e-09,37.0063667,/Users/nadan/Documents/projects/demandresponse/data/Par_VehicleDetails_Updated.csv,1587,Recharge,recorded GIRO clock interval,24,16,16,82.93250660795977,119.93887330662902,,,,,,4.617974701455636,6.999999201551104,recorded recharge kWh; maximum documented taper reconstructs within-window power,/Users/nadan/Documents/projects/demandresponse/outputs/week_20260921/cleanup_physics/baseline.json,
duty_13401_original,duty_13401,original,13401,,service,774.0,830.0,12:54:00,13:50:00,56.0,4808,2190,95,34,42.5,0.0,/Users/nadan/Documents/projects/demandresponse/data/Par_VehicleDetails_Updated.csv,1588,Regular,recorded GIRO clock interval,25,16,17,119.93887330662902,77.43887330662902,,"scheduled passenger service, not empty deadhead time",13401,5021.0,2.0,,,,,
duty_13401_original,duty_13401,original,13401,,deadhead,830.0,831.0,13:50:00,13:51:00,1.0,2190,ET_R,,,0.200000003,0.0,/Users/nadan/Documents/projects/demandresponse/data/Par_VehicleDetails_Updated.csv,1589,Deadhead,recorded GIRO clock interval,26,17,18,77.43887330662902,77.23887330362902,deadhead,recorded directional GIRO movement; may use time-dependent band,,,,,,,,
duty_13401_original,duty_13401,original,13401,,wait,831.0,871.0,13:51:00,14:31:00,40.0,ET_R,ET_R,,,0.06666666666666667,0.0,/Users/nadan/Documents/projects/demandresponse/data/Par_VehicleDetails_Updated.csv,,,unoccupied interval between recorded GIRO events at the same location,27,18,18,77.23887330362902,77.17220663696236,,,,,,,,,,gap before CSV line 1590
duty_13401_original,duty_13401,original,13401,,deadhead,871.0,872.0,14:31:00,14:32:00,1.0,ET_R,2190L,,,0.200000003,0.0,/Users/nadan/Documents/projects/demandresponse/data/Par_VehicleDetails_Updated.csv,1590,Deadhead,recorded GIRO clock interval,28,18,19,77.17220663696236,76.97220663396236,deadhead,recorded directional GIRO movement; may use time-dependent band,,,,,,,,
duty_13401_original,duty_13401,original,13401,,charge,872.0,878.0,14:32:00,14:38:00,6.0,2190L,2190L,,,2.153183409348003e-10,32.1282158,/Users/nadan/Documents/projects/demandresponse/data/Par_VehicleDetails_Updated.csv,1591,Recharge,recorded GIRO clock interval,29,19,19,76.97220663396236,109.10042243374704,,,,,,1.9663676194331823,5.999999870808995,recorded recharge kWh; maximum documented taper reconstructs within-window power,/Users/nadan/Documents/projects/demandresponse/outputs/week_20260921/cleanup_physics/baseline.json,
duty_13401_original,duty_13401,original,13401,,deadhead,878.0,878.0,14:38:00,14:38:00,0.0,2190L,2190,,,0.0,0.0,/Users/nadan/Documents/projects/demandresponse/data/Par_VehicleDetails_Updated.csv,1592,Deadhead,recorded GIRO clock interval,30,19,20,109.10042243374704,109.10042243374704,deadhead,recorded directional GIRO movement; may use time-dependent band,,,,,,,,
duty_13401_original,duty_13401,original,13401,,service,878.0,940.0,14:38:00,15:40:00,62.0,2190,4808,116,41,41.7299995,0.0,/Users/nadan/Documents/projects/demandresponse/data/Par_VehicleDetails_Updated.csv,1593,Regular,recorded GIRO clock interval,31,20,21,109.10042243374704,67.37042293374705,,"scheduled passenger service, not empty deadhead time",13401,5021.0,1.0,,,,,
duty_13401_original,duty_13401,original,13401,,charge,940.0,947.0,15:40:00,15:47:00,7.0,4808,4808,,,1.0508546773498514e-09,37.9217987,/Users/nadan/Documents/projects/demandresponse/data/Par_VehicleDetails_Updated.csv,1594,Recharge,recorded GIRO clock interval,32,21,21,67.37042293374705,105.2922216326962,,,,,,1.712350704372951,6.999999369487194,recorded recharge kWh; maximum documented taper reconstructs within-window power,/Users/nadan/Documents/projects/demandresponse/outputs/week_20260921/cleanup_physics/baseline.json,
duty_13401_original,duty_13401,original,13401,,service,947.0,1006.0,15:47:00,16:46:00,59.0,4808,2190,129,46,42.5,0.0,/Users/nadan/Documents/projects/demandresponse/data/Par_VehicleDetails_Updated.csv,1595,Regular,recorded GIRO clock interval,33,21,22,105.2922216326962,62.7922216326962,,"scheduled passenger service, not empty deadhead time",13401,5021.0,2.0,,,,,
duty_13401_original,duty_13401,original,13401,,wait,1006.0,1008.0,16:46:00,16:48:00,2.0,2190,2190,,,0.0033333333333333335,0.0,/Users/nadan/Documents/projects/demandresponse/data/Par_VehicleDetails_Updated.csv,,,unoccupied interval between recorded GIRO events at the same location,34,22,22,62.7922216326962,62.78888829936287,,,,,,,,,,gap before CSV line 1596
duty_13401_original,duty_13401,original,13401,,deadhead,1008.0,1009.0,16:48:00,16:49:00,1.0,2190,2190L,,,0.400000006,0.0,/Users/nadan/Documents/projects/demandresponse/data/Par_VehicleDetails_Updated.csv,1596,Deadhead,recorded GIRO clock interval,35,22,23,62.78888829936287,62.38888829336287,deadhead,recorded directional GIRO movement; may use time-dependent band,,,,,,,,
duty_13401_original,duty_13401,original,13401,,charge,1009.0,1020.0,16:49:00,17:00:00,11.0,2190L,2190L,,,1.2571258819112548e-09,59.0857582,/Users/nadan/Documents/projects/demandresponse/data/Par_VehicleDetails_Updated.csv,1597,Recharge,recorded GIRO clock interval,36,23,23,62.38888829336287,121.47464649210573,,,,,,2.1617258977924787,10.99999924572447,recorded recharge kWh; maximum documented taper reconstructs within-window power,/Users/nadan/Documents/projects/demandresponse/outputs/week_20260921/cleanup_physics/baseline.json,
duty_13401_original,duty_13401,original,13401,,deadhead,1020.0,1020.0,17:00:00,17:00:00,0.0,2190L,2190,,,0.0,0.0,/Users/nadan/Documents/projects/demandresponse/data/Par_VehicleDetails_Updated.csv,1598,Deadhead,recorded GIRO clock interval,37,23,24,121.47464649210573,121.47464649210573,deadhead,recorded directional GIRO movement; may use time-dependent band,,,,,,,,
duty_13401_original,duty_13401,original,13401,,service,1020.0,1080.0,17:00:00,18:00:00,60.0,2190,4808,144,52,41.7299995,0.0,/Users/nadan/Documents/projects/demandresponse/data/Par_VehicleDetails_Updated.csv,1599,Regular,recorded GIRO clock interval,38,24,25,121.47464649210573,79.74464699210574,,"scheduled passenger service, not empty deadhead time",13401,5021.0,1.0,,,,,
duty_13401_original,duty_13401,original,13401,,charge,1080.0,1087.0,18:00:00,18:07:00,7.0,4808,4808,,,7.735387944999654e-10,37.2306519,/Users/nadan/Documents/projects/demandresponse/data/Par_VehicleDetails_Updated.csv,1600,Recharge,recorded GIRO clock interval,39,25,25,79.74464699210574,116.9752988913322,,,,,,1.150105137290616,6.999999535876723,recorded recharge kWh; maximum documented taper reconstructs within-window power,/Users/nadan/Documents/projects/demandresponse/outputs/week_20260921/cleanup_physics/baseline.json,
duty_13401_original,duty_13401,original,13401,,service,1087.0,1141.0,18:07:00,19:01:00,54.0,4808,2190,157,57,42.5,0.0,/Users/nadan/Documents/projects/demandresponse/data/Par_VehicleDetails_Updated.csv,1601,Regular,recorded GIRO clock interval,40,25,26,116.9752988913322,74.4752988913322,,"scheduled passenger service, not empty deadhead time",13401,5021.0,2.0,,,,,
duty_13401_original,duty_13401,original,13401,,deadhead,1141.0,1160.0,19:01:00,19:20:00,19.0,2190,PARX,,,28.0,0.0,/Users/nadan/Documents/projects/demandresponse/data/Par_VehicleDetails_Updated.csv,1602,Pull-in,recorded GIRO clock interval,41,26,27,74.4752988913322,46.4752988913322,pull_in,recorded directional GIRO movement; may use time-dependent band,,,,,,,,
duty_13401_original,duty_13401,original,13401,,prep,1160.0,1163.0,19:20:00,19:23:00,3.0,PARX,PARX,,,0.0,0.0,/Users/nadan/Documents/projects/demandresponse/data/Par_VehicleDetails_Updated.csv,1603,Prep-in,recorded GIRO clock interval,42,27,27,46.4752988913322,46.4752988913322,,,,,,,,,,
duty_13401_fee0,duty_13401,fee0,13401,3,deadhead,339.0,346.0,05:39:00,05:46:00,7.0,PARX,4808,,,7.8,0.0,/Users/nadan/Documents/projects/demandresponse/outputs/week_20260921/cleanup_physics/saved_sequence_replay.json,,,latest depot departure that reaches first service on time,0,0,1,236.44,228.64,pull_out,static model reference deadhead,,,,,,,,saved_joint_fee0/routes/3/actions/0
duty_13401_fee0,duty_13401,fee0,13401,3,service,346.0,398.0,05:46:00,06:38:00,52.0,4808,2190,10,5,42.5,0.0,/Users/nadan/Documents/projects/demandresponse/outputs/meeting_20260917/route_explainer/inputs/k05.csv,7,,,1,1,2,228.64,186.14,,"scheduled passenger service, not empty deadhead time",13403,5021.0,2.0,,,,,
duty_13401_fee0,duty_13401,fee0,13401,3,deadhead,398.0,398.0,06:38:00,06:38:00,0.0,2190,2190L,,,0.0,0.0,/Users/nadan/Documents/projects/demandresponse/outputs/week_20260921/cleanup_physics/saved_sequence_replay.json,,,travel immediately after service; station departure at next-trip deadline,2,2,3,186.14,186.14,station_inbound,static model reference deadhead,,,,,,,,saved_joint_fee0/routes/3/actions/1
duty_13401_fee0,duty_13401,fee0,13401,3,charge,398.0,404.62251792138574,06:38:00,06:44:37,6.622517921385736,2190L,2190L,,,0.0,17.89496147013108,/Users/nadan/Documents/projects/demandresponse/outputs/week_20260921/cleanup_physics/saved_joint_fee0.json,,,actual optimized charge witness,3,3,3,186.14,204.03496147013107,,,,,,3.8406719030395124,,"documented 18E1 taper, shared charger count and terminal floor",,routes/3/charges/0
duty_13401_fee0,duty_13401,fee0,13401,3,wait,404.62251792138574,449.0,06:44:37,07:29:00,44.377482078614264,2190L,2190L,,,0.07396247013102378,0.0,/Users/nadan/Documents/projects/demandresponse/outputs/week_20260921/cleanup_physics/saved_sequence_replay.json,,,"idle after optimized charge, or entire uncharged station visit",4,3,3,204.03496147013107,203.96099900000004,,,,,,,,,,saved_joint_fee0/routes/3/actions/1
duty_13401_fee0,duty_13401,fee0,13401,3,deadhead,449.0,449.0,07:29:00,07:29:00,0.0,2190L,2190,,,0.0,0.0,/Users/nadan/Documents/projects/demandresponse/outputs/week_20260921/cleanup_physics/saved_sequence_replay.json,,,travel immediately after service; station departure at next-trip deadline,5,3,4,203.96099900000004,203.96099900000004,station_outbound,static model reference deadhead,,,,,,,,saved_joint_fee0/routes/3/actions/1
duty_13401_fee0,duty_13401,fee0,13401,3,service,449.0,509.0,07:29:00,08:29:00,60.0,2190,4808,30,11,41.7299995,0.0,/Users/nadan/Documents/projects/demandresponse/outputs/meeting_20260917/route_explainer/inputs/k05.csv,13,,,6,4,5,203.96099900000004,162.23099950000005,,"scheduled passenger service, not empty deadhead time",13403,5021.0,1.0,,,,,
duty_13401_fee0,duty_13401,fee0,13401,3,deadhead,509.0,509.0,08:29:00,08:29:00,0.0,4808,4808,,,0.0,0.0,/Users/nadan/Documents/projects/demandresponse/outputs/week_20260921/cleanup_physics/saved_sequence_replay.json,,,travel immediately after service; station departure at next-trip deadline,7,5,5,162.23099950000005,162.23099950000005,station_inbound,static model reference deadhead,,,,,,,,saved_joint_fee0/routes/3/actions/2
duty_13401_fee0,duty_13401,fee0,13401,3,wait,509.0,516.0,08:29:00,08:36:00,7.0,4808,4808,,,0.011666666666666667,0.0,/Users/nadan/Documents/projects/demandresponse/outputs/week_20260921/cleanup_physics/saved_sequence_replay.json,,,"idle after optimized charge, or entire uncharged station visit",8,5,5,162.23099950000005,162.2193328333334,,,,,,,,,,saved_joint_fee0/routes/3/actions/2
duty_13401_fee0,duty_13401,fee0,13401,3,deadhead,516.0,516.0,08:36:00,08:36:00,0.0,4808,4808,,,0.0,0.0,/Users/nadan/Documents/projects/demandresponse/outputs/week_20260921/cleanup_physics/saved_sequence_replay.json,,,travel immediately after service; station departure at next-trip deadline,9,5,5,162.2193328333334,162.2193328333334,station_outbound,static model reference deadhead,,,,,,,,saved_joint_fee0/routes/3/actions/2
duty_13401_fee0,duty_13401,fee0,13401,3,service,516.0,573.0,08:36:00,09:33:00,57.0,4808,2190,43,16,42.5,0.0,/Users/nadan/Documents/projects/demandresponse/outputs/meeting_20260917/route_explainer/inputs/k05.csv,18,,,10,5,6,162.2193328333334,119.7193328333334,,"scheduled passenger service, not empty deadhead time",13403,5021.0,2.0,,,,,
duty_13401_fee0,duty_13401,fee0,13401,3,deadhead,573.0,573.0,09:33:00,09:33:00,0.0,2190,2190L,,,0.0,0.0,/Users/nadan/Documents/projects/demandresponse/outputs/week_20260921/cleanup_physics/saved_sequence_replay.json,,,travel immediately after service; station departure at next-trip deadline,11,6,7,119.7193328333334,119.7193328333334,station_inbound,static model reference deadhead,,,,,,,,saved_joint_fee0/routes/3/actions/3
duty_13401_fee0,duty_13401,fee0,13401,3,wait,573.0,580.0,09:33:00,09:40:00,7.0,2190L,2190L,,,0.011666666666666667,0.0,/Users/nadan/Documents/projects/demandresponse/outputs/week_20260921/cleanup_physics/saved_sequence_replay.json,,,"idle after optimized charge, or entire uncharged station visit",12,7,7,119.7193328333334,119.70766616666673,,,,,,,,,,saved_joint_fee0/routes/3/actions/3
duty_13401_fee0,duty_13401,fee0,13401,3,deadhead,580.0,580.0,09:40:00,09:40:00,0.0,2190L,2190,,,0.0,0.0,/Users/nadan/Documents/projects/demandresponse/outputs/week_20260921/cleanup_physics/saved_sequence_replay.json,,,travel immediately after service; station departure at next-trip deadline,13,7,8,119.70766616666673,119.70766616666673,station_outbound,static model reference deadhead,,,,,,,,saved_joint_fee0/routes/3/actions/3
duty_13401_fee0,duty_13401,fee0,13401,3,service,580.0,637.0,09:40:00,10:37:00,57.0,2190,4808,56,20,41.7299995,0.0,/Users/nadan/Documents/projects/demandresponse/outputs/meeting_20260917/route_explainer/inputs/k05.csv,22,,,14,8,9,119.70766616666673,77.97766666666672,,"scheduled passenger service, not empty deadhead time",13401,5021.0,1.0,,,,,
duty_13401_fee0,duty_13401,fee0,13401,3,deadhead,637.0,637.0,10:37:00,10:37:00,0.0,4808,4808,,,0.0,0.0,/Users/nadan/Documents/projects/demandresponse/outputs/week_20260921/cleanup_physics/saved_sequence_replay.json,,,travel immediately after service; station departure at next-trip deadline,15,9,9,77.97766666666672,77.97766666666672,station_inbound,static model reference deadhead,,,,,,,,saved_joint_fee0/routes/3/actions/4
duty_13401_fee0,duty_13401,fee0,13401,3,wait,637.0,644.0,10:37:00,10:44:00,7.0,4808,4808,,,0.011666666666666667,0.0,/Users/nadan/Documents/projects/demandresponse/outputs/week_20260921/cleanup_physics/saved_sequence_replay.json,,,"idle after optimized charge, or entire uncharged station visit",16,9,9,77.97766666666672,77.96600000000005,,,,,,,,,,saved_joint_fee0/routes/3/actions/4
duty_13401_fee0,duty_13401,fee0,13401,3,deadhead,644.0,644.0,10:44:00,10:44:00,0.0,4808,4808,,,0.0,0.0,/Users/nadan/Documents/projects/demandresponse/outputs/week_20260921/cleanup_physics/saved_sequence_replay.json,,,travel immediately after service; station departure at next-trip deadline,17,9,9,77.96600000000005,77.96600000000005,station_outbound,static model reference deadhead,,,,,,,,saved_joint_fee0/routes/3/actions/4
duty_13401_fee0,duty_13401,fee0,13401,3,service,644.0,699.0,10:44:00,11:39:00,55.0,4808,2190,69,25,42.5,0.0,/Users/nadan/Documents/projects/demandresponse/outputs/meeting_20260917/route_explainer/inputs/k05.csv,27,,,18,9,10,77.96600000000005,35.46600000000005,,"scheduled passenger service, not empty deadhead time",13401,5021.0,2.0,,,,,
duty_13401_fee0,duty_13401,fee0,13401,3,deadhead,699.0,699.0,11:39:00,11:39:00,0.0,2190,2190L,,,0.0,0.0,/Users/nadan/Documents/projects/demandresponse/outputs/week_20260921/cleanup_physics/saved_sequence_replay.json,,,travel immediately after service; station departure at next-trip deadline,19,10,11,35.46600000000005,35.46600000000005,station_inbound,static model reference deadhead,,,,,,,,saved_joint_fee0/routes/3/actions/5
duty_13401_fee0,duty_13401,fee0,13401,3,charge,699.0,706.7278105768435,11:39:00,11:46:44,7.727810576843467,2190L,2190L,,,0.0,44.20668188027115,/Users/nadan/Documents/projects/demandresponse/outputs/week_20260921/cleanup_physics/saved_joint_fee0.json,,,actual optimized charge witness,20,11,11,35.46600000000005,79.6726818802712,,,,,,7.50830826807945,,"documented 18E1 taper, shared charger count and terminal floor",,routes/3/charges/1
duty_13401_fee0,duty_13401,fee0,13401,3,wait,706.7278105768435,709.0,11:46:44,11:49:00,2.272189423156533,2190L,2190L,,,0.003786982371927555,0.0,/Users/nadan/Documents/projects/demandresponse/outputs/week_20260921/cleanup_physics/saved_sequence_replay.json,,,"idle after optimized charge, or entire uncharged station visit",21,11,11,79.6726818802712,79.66889489789928,,,,,,,,,,saved_joint_fee0/routes/3/actions/5
duty_13401_fee0,duty_13401,fee0,13401,3,deadhead,709.0,709.0,11:49:00,11:49:00,0.0,2190L,2190,,,0.0,0.0,/Users/nadan/Documents/projects/demandresponse/outputs/week_20260921/cleanup_physics/saved_sequence_replay.json,,,travel immediately after service; station departure at next-trip deadline,22,11,12,79.66889489789928,79.66889489789928,station_outbound,static model reference deadhead,,,,,,,,saved_joint_fee0/routes/3/actions/5
duty_13401_fee0,duty_13401,fee0,13401,3,service,709.0,767.0,11:49:00,12:47:00,58.0,2190,4808,82,30,41.7299995,0.0,/Users/nadan/Documents/projects/demandresponse/outputs/meeting_20260917/route_explainer/inputs/k05.csv,32,,,23,12,13,79.66889489789928,37.93889539789928,,"scheduled passenger service, not empty deadhead time",13401,5021.0,1.0,,,,,
duty_13401_fee0,duty_13401,fee0,13401,3,deadhead,767.0,767.0,12:47:00,12:47:00,0.0,4808,4808,,,0.0,0.0,/Users/nadan/Documents/projects/demandresponse/outputs/week_20260921/cleanup_physics/saved_sequence_replay.json,,,travel immediately after service; station departure at next-trip deadline,24,13,13,37.93889539789928,37.93889539789928,station_inbound,static model reference deadhead,,,,,,,,saved_joint_fee0/routes/3/actions/6
duty_13401_fee0,duty_13401,fee0,13401,3,charge,767.0,774.0,12:47:00,12:54:00,7.0,4808,4808,,,0.0,40.02710460210076,/Users/nadan/Documents/projects/demandresponse/outputs/week_20260921/cleanup_physics/saved_joint_fee0.json,,,actual optimized charge witness,25,13,13,37.93889539789928,77.96600000000004,,,,,,4.994928519286939,,"documented 18E1 taper, shared charger count and terminal floor",,routes/3/charges/2
duty_13401_fee0,duty_13401,fee0,13401,3,deadhead,774.0,774.0,12:54:00,12:54:00,0.0,4808,4808,,,0.0,0.0,/Users/nadan/Documents/projects/demandresponse/outputs/week_20260921/cleanup_physics/saved_sequence_replay.json,,,travel immediately after service; station departure at next-trip deadline,26,13,13,77.96600000000004,77.96600000000004,station_outbound,static model reference deadhead,,,,,,,,saved_joint_fee0/routes/3/actions/6
duty_13401_fee0,duty_13401,fee0,13401,3,service,774.0,830.0,12:54:00,13:50:00,56.0,4808,2190,95,34,42.5,0.0,/Users/nadan/Documents/projects/demandresponse/outputs/meeting_20260917/route_explainer/inputs/k05.csv,36,,,27,13,14,77.96600000000004,35.46600000000004,,"scheduled passenger service, not empty deadhead time",13401,5021.0,2.0,,,,,
duty_13401_fee0,duty_13401,fee0,13401,3,deadhead,830.0,830.0,13:50:00,13:50:00,0.0,2190,2190L,,,0.0,0.0,/Users/nadan/Documents/projects/demandresponse/outputs/week_20260921/cleanup_physics/saved_sequence_replay.json,,,travel immediately after service; station departure at next-trip deadline,28,14,15,35.46600000000004,35.46600000000004,station_inbound,static model reference deadhead,,,,,,,,saved_joint_fee0/routes/3/actions/7
duty_13401_fee0,duty_13401,fee0,13401,3,charge,830.0,838.8161982635244,13:50:00,13:58:49,8.81619826352437,2190L,2190L,,,0.0,50.156534567460014,/Users/nadan/Documents/projects/demandresponse/outputs/week_20260921/cleanup_physics/saved_joint_fee0.json,,,actual optimized charge witness,29,15,15,35.46600000000004,85.62253456746005,,,,,,4.3883068092468696,,"documented 18E1 taper, shared charger count and terminal floor",,routes/3/charges/3
duty_13401_fee0,duty_13401,fee0,13401,3,wait,838.8161982635244,840.0,13:58:49,14:00:00,1.1838017364756297,2190L,2190L,,,0.0019730028941260494,0.0,/Users/nadan/Documents/projects/demandresponse/outputs/week_20260921/cleanup_physics/saved_sequence_replay.json,,,"idle after optimized charge, or entire uncharged station visit",30,15,15,85.62253456746005,85.62056156456592,,,,,,,,,,saved_joint_fee0/routes/3/actions/7
duty_13401_fee0,duty_13401,fee0,13401,3,deadhead,840.0,840.0,14:00:00,14:00:00,0.0,2190L,2190,,,0.0,0.0,/Users/nadan/Documents/projects/demandresponse/outputs/week_20260921/cleanup_physics/saved_sequence_replay.json,,,travel immediately after service; station departure at next-trip deadline,31,15,16,85.62056156456592,85.62056156456592,station_outbound,static model reference deadhead,,,,,,,,saved_joint_fee0/routes/3/actions/7
duty_13401_fee0,duty_13401,fee0,13401,3,service,840.0,899.0,14:00:00,14:59:00,59.0,2190,4808,108,38,41.7299995,0.0,/Users/nadan/Documents/projects/demandresponse/outputs/meeting_20260917/route_explainer/inputs/k05.csv,40,,,32,16,17,85.62056156456592,43.89056206456592,,"scheduled passenger service, not empty deadhead time",13408,5021.0,1.0,,,,,
duty_13401_fee0,duty_13401,fee0,13401,3,deadhead,899.0,899.0,14:59:00,14:59:00,0.0,4808,4808,,,0.0,0.0,/Users/nadan/Documents/projects/demandresponse/outputs/week_20260921/cleanup_physics/saved_sequence_replay.json,,,travel immediately after service; station departure at next-trip deadline,33,17,17,43.89056206456592,43.89056206456592,station_inbound,static model reference deadhead,,,,,,,,saved_joint_fee0/routes/3/actions/8
duty_13401_fee0,duty_13401,fee0,13401,3,wait,899.0,900.0,14:59:00,15:00:00,1.0,4808,4808,,,0.0016666666666666668,0.0,/Users/nadan/Documents/projects/demandresponse/outputs/week_20260921/cleanup_physics/saved_joint_fee0.json,,,idle before optimized charge in fixed station visit,34,17,17,43.89056206456592,43.888895397899255,,,,,,,,,,routes/3/charges/4
duty_13401_fee0,duty_13401,fee0,13401,3,charge,900.0,906.0,15:00:00,15:06:00,6.0,4808,4808,,,0.0,34.07710460210076,/Users/nadan/Documents/projects/demandresponse/outputs/week_20260921/cleanup_physics/saved_joint_fee0.json,,,actual optimized charge witness,35,17,17,43.888895397899255,77.96600000000001,,,,,,1.5387443652138186,,"documented 18E1 taper, shared charger count and terminal floor",,routes/3/charges/4
duty_13401_fee0,duty_13401,fee0,13401,3,deadhead,906.0,906.0,15:06:00,15:06:00,0.0,4808,4808,,,0.0,0.0,/Users/nadan/Documents/projects/demandresponse/outputs/week_20260921/cleanup_physics/saved_sequence_replay.json,,,travel immediately after service; station departure at next-trip deadline,36,17,17,77.96600000000001,77.96600000000001,station_outbound,static model reference deadhead,,,,,,,,saved_joint_fee0/routes/3/actions/8
duty_13401_fee0,duty_13401,fee0,13401,3,service,906.0,964.0,15:06:00,16:04:00,58.0,4808,2190,121,43,42.5,0.0,/Users/nadan/Documents/projects/demandresponse/outputs/meeting_20260917/route_explainer/inputs/k05.csv,45,,,37,17,18,77.96600000000001,35.46600000000001,,"scheduled passenger service, not empty deadhead time",13408,5021.0,2.0,,,,,
duty_13401_fee0,duty_13401,fee0,13401,3,deadhead,964.0,964.0,16:04:00,16:04:00,0.0,2190,2190L,,,0.0,0.0,/Users/nadan/Documents/projects/demandresponse/outputs/week_20260921/cleanup_physics/saved_sequence_replay.json,,,travel immediately after service; station departure at next-trip deadline,38,18,19,35.46600000000001,35.46600000000001,station_inbound,static model reference deadhead,,,,,,,,saved_joint_fee0/routes/3/actions/9
duty_13401_fee0,duty_13401,fee0,13401,3,charge,964.0,972.8496224129137,16:04:00,16:12:51,8.849622412913732,2190L,2190L,,,0.0,50.33925325078826,/Users/nadan/Documents/projects/demandresponse/outputs/week_20260921/cleanup_physics/saved_joint_fee0.json,,,actual optimized charge witness,39,19,19,35.46600000000001,85.80525325078827,,,,,,1.8417241437338938,,"documented 18E1 taper, shared charger count and terminal floor",,routes/3/charges/5
duty_13401_fee0,duty_13401,fee0,13401,3,wait,972.8496224129137,978.0,16:12:51,16:18:00,5.150377587086268,2190L,2190L,,,0.008583962645143781,0.0,/Users/nadan/Documents/projects/demandresponse/outputs/week_20260921/cleanup_physics/saved_sequence_replay.json,,,"idle after optimized charge, or entire uncharged station visit",40,19,19,85.80525325078827,85.79666928814312,,,,,,,,,,saved_joint_fee0/routes/3/actions/9
duty_13401_fee0,duty_13401,fee0,13401,3,deadhead,978.0,978.0,16:18:00,16:18:00,0.0,2190L,2190,,,0.0,0.0,/Users/nadan/Documents/projects/demandresponse/outputs/week_20260921/cleanup_physics/saved_sequence_replay.json,,,travel immediately after service; station departure at next-trip deadline,41,19,20,85.79666928814312,85.79666928814312,station_outbound,static model reference deadhead,,,,,,,,saved_joint_fee0/routes/3/actions/9
duty_13401_fee0,duty_13401,fee0,13401,3,service,978.0,1041.0,16:18:00,17:21:00,63.0,2190,4808,135,48,41.7299995,0.0,/Users/nadan/Documents/projects/demandresponse/outputs/meeting_20260917/route_explainer/inputs/k05.csv,50,,,42,20,21,85.79666928814312,44.06666978814312,,"scheduled passenger service, not empty deadhead time",13408,5021.0,1.0,,,,,
duty_13401_fee0,duty_13401,fee0,13401,3,deadhead,1041.0,1041.0,17:21:00,17:21:00,0.0,4808,4808,,,0.0,0.0,/Users/nadan/Documents/projects/demandresponse/outputs/week_20260921/cleanup_physics/saved_sequence_replay.json,,,travel immediately after service; station departure at next-trip deadline,43,21,21,44.06666978814312,44.06666978814312,station_inbound,static model reference deadhead,,,,,,,,saved_joint_fee0/routes/3/actions/10
duty_13401_fee0,duty_13401,fee0,13401,3,charge,1041.0,1047.0,17:21:00,17:27:00,6.0,4808,4808,,,0.0,34.062663545190205,/Users/nadan/Documents/projects/demandresponse/outputs/week_20260921/cleanup_physics/saved_joint_fee0.json,,,actual optimized charge witness,44,21,21,44.06666978814312,78.12933333333334,,,,,,1.1091266714811148,,"documented 18E1 taper, shared charger count and terminal floor",,routes/3/charges/6
duty_13401_fee0,duty_13401,fee0,13401,3,deadhead,1047.0,1047.0,17:27:00,17:27:00,0.0,4808,4808,,,0.0,0.0,/Users/nadan/Documents/projects/demandresponse/outputs/week_20260921/cleanup_physics/saved_sequence_replay.json,,,travel immediately after service; station departure at next-trip deadline,45,21,21,78.12933333333334,78.12933333333334,station_outbound,static model reference deadhead,,,,,,,,saved_joint_fee0/routes/3/actions/10
duty_13401_fee0,duty_13401,fee0,13401,3,service,1047.0,1102.0,17:27:00,18:22:00,55.0,4808,2190,149,53,42.5,0.0,/Users/nadan/Documents/projects/demandresponse/outputs/meeting_20260917/route_explainer/inputs/k05.csv,55,,,46,21,22,78.12933333333334,35.629333333333335,,"scheduled passenger service, not empty deadhead time",13408,5021.0,2.0,,,,,
duty_13401_fee0,duty_13401,fee0,13401,3,deadhead,1102.0,1102.0,18:22:00,18:22:00,0.0,2190,2190L,,,0.0,0.0,/Users/nadan/Documents/projects/demandresponse/outputs/week_20260921/cleanup_physics/saved_sequence_replay.json,,,travel immediately after service; station departure at next-trip deadline,47,22,23,35.629333333333335,35.629333333333335,station_inbound,static model reference deadhead,,,,,,,,saved_joint_fee0/routes/3/actions/11
duty_13401_fee0,duty_13401,fee0,13401,3,wait,1102.0,1200.0,18:22:00,20:00:00,98.0,2190L,2190L,,,0.16333333333333333,0.0,/Users/nadan/Documents/projects/demandresponse/outputs/week_20260921/cleanup_physics/saved_joint_fee0.json,,,idle before optimized charge in fixed station visit,48,23,23,35.629333333333335,35.466,,,,,,,,,,routes/3/charges/7
duty_13401_fee0,duty_13401,fee0,13401,3,charge,1200.0,1210.7353171681455,20:00:00,20:10:44,10.735317168145457,2190L,2190L,,,0.0,60.5797395293853,/Users/nadan/Documents/projects/demandresponse/outputs/week_20260921/cleanup_physics/saved_joint_fee0.json,,,actual optimized charge witness,49,23,23,35.466,96.0457395293853,,,,,,1.8220778099698403,,"documented 18E1 taper, shared charger count and terminal floor",,routes/3/charges/7
duty_13401_fee0,duty_13401,fee0,13401,3,wait,1210.7353171681455,1235.0,20:10:44,20:35:00,24.264682831854543,2190L,2190L,,,0.04044113805309091,0.0,/Users/nadan/Documents/projects/demandresponse/outputs/week_20260921/cleanup_physics/saved_sequence_replay.json,,,"idle after optimized charge, or entire uncharged station visit",50,23,23,96.0457395293853,96.0052983913322,,,,,,,,,,saved_joint_fee0/routes/3/actions/11
duty_13401_fee0,duty_13401,fee0,13401,3,deadhead,1235.0,1235.0,20:35:00,20:35:00,0.0,2190L,2190,,,0.0,0.0,/Users/nadan/Documents/projects/demandresponse/outputs/week_20260921/cleanup_physics/saved_sequence_replay.json,,,travel immediately after service; station departure at next-trip deadline,51,23,24,96.0052983913322,96.0052983913322,station_outbound,static model reference deadhead,,,,,,,,saved_joint_fee0/routes/3/actions/11
duty_13401_fee0,duty_13401,fee0,13401,3,service,1235.0,1290.0,20:35:00,21:30:00,55.0,2190,4808,178,60,41.7299995,0.0,/Users/nadan/Documents/projects/demandresponse/outputs/meeting_20260917/route_explainer/inputs/k05.csv,62,,,52,24,25,96.0052983913322,54.275298891332206,,"scheduled passenger service, not empty deadhead time",13414,5021.0,1.0,,,,,
duty_13401_fee0,duty_13401,fee0,13401,3,deadhead,1290.0,1297.0,21:30:00,21:37:00,7.0,4808,PARX,,,7.8,0.0,/Users/nadan/Documents/projects/demandresponse/outputs/week_20260921/cleanup_physics/saved_sequence_replay.json,,,travel immediately after service; station departure at next-trip deadline,53,25,26,54.275298891332206,46.47529889133221,pull_in,static model reference deadhead,,,,,,,,saved_joint_fee0/routes/3/actions/12
duty_13401_fee5,duty_13401,fee5,13401,1,deadhead,288.0,307.0,04:48:00,05:07:00,19.0,PARX,2190,,,28.0,0.0,/Users/nadan/Documents/projects/demandresponse/outputs/week_20260921/cleanup_physics/saved_sequence_replay.json,,,latest depot departure that reaches first service on time,0,0,1,236.44,208.44,pull_out,static model reference deadhead,,,,,,,,saved_joint_fee5/routes/1/actions/0
duty_13401_fee5,duty_13401,fee5,13401,1,service,307.0,359.0,05:07:00,05:59:00,52.0,2190,4808,4,2,41.7299995,0.0,/Users/nadan/Documents/projects/demandresponse/outputs/meeting_20260917/route_explainer/inputs/k05.csv,4,,,1,1,2,208.44,166.7100005,,"scheduled passenger service, not empty deadhead time",13405,5021.0,1.0,,,,,
duty_13401_fee5,duty_13401,fee5,13401,1,deadhead,359.0,359.0,05:59:00,05:59:00,0.0,4808,4808,,,0.0,0.0,/Users/nadan/Documents/projects/demandresponse/outputs/week_20260921/cleanup_physics/saved_sequence_replay.json,,,travel immediately after service; station departure at next-trip deadline,2,2,2,166.7100005,166.7100005,station_inbound,static model reference deadhead,,,,,,,,saved_joint_fee5/routes/1/actions/1
duty_13401_fee5,duty_13401,fee5,13401,1,wait,359.0,366.0,05:59:00,06:06:00,7.0,4808,4808,,,0.011666666666666667,0.0,/Users/nadan/Documents/projects/demandresponse/outputs/week_20260921/cleanup_physics/saved_sequence_replay.json,,,"idle after optimized charge, or entire uncharged station visit",3,2,2,166.7100005,166.69833383333335,,,,,,,,,,saved_joint_fee5/routes/1/actions/1
duty_13401_fee5,duty_13401,fee5,13401,1,deadhead,366.0,366.0,06:06:00,06:06:00,0.0,4808,4808,,,0.0,0.0,/Users/nadan/Documents/projects/demandresponse/outputs/week_20260921/cleanup_physics/saved_sequence_replay.json,,,travel immediately after service; station departure at next-trip deadline,4,2,2,166.69833383333335,166.69833383333335,station_outbound,static model reference deadhead,,,,,,,,saved_joint_fee5/routes/1/actions/1
duty_13401_fee5,duty_13401,fee5,13401,1,service,366.0,419.0,06:06:00,06:59:00,53.0,4808,2190,13,6,42.5,0.0,/Users/nadan/Documents/projects/demandresponse/outputs/meeting_20260917/route_explainer/inputs/k05.csv,8,,,5,2,3,166.69833383333335,124.19833383333335,,"scheduled passenger service, not empty deadhead time",13405,5021.0,2.0,,,,,
duty_13401_fee5,duty_13401,fee5,13401,1,deadhead,419.0,419.0,06:59:00,06:59:00,0.0,2190,2190L,,,0.0,0.0,/Users/nadan/Documents/projects/demandresponse/outputs/week_20260921/cleanup_physics/saved_sequence_replay.json,,,travel immediately after service; station departure at next-trip deadline,6,3,4,124.19833383333335,124.19833383333335,station_inbound,static model reference deadhead,,,,,,,,saved_joint_fee5/routes/1/actions/2
duty_13401_fee5,duty_13401,fee5,13401,1,wait,419.0,420.0,06:59:00,07:00:00,1.0,2190L,2190L,,,0.0016666666666666668,0.0,/Users/nadan/Documents/projects/demandresponse/outputs/week_20260921/cleanup_physics/saved_joint_fee5.json,,,idle before optimized charge in fixed station visit,7,4,4,124.19833383333335,124.19666716666669,,,,,,,,,,routes/1/charges/0
duty_13401_fee5,duty_13401,fee5,13401,1,charge,420.0,439.7357145305713,07:00:00,07:19:44,19.735714530571272,2190L,2190L,,,0.0,79.82977230911577,/Users/nadan/Documents/projects/demandresponse/outputs/week_20260921/cleanup_physics/saved_joint_fee5.json,,,actual optimized charge witness,8,4,4,124.19666716666669,204.02643947578247,,,,,,19.806278083119807,,"documented 18E1 taper, shared charger count and terminal floor",,routes/1/charges/0
duty_13401_fee5,duty_13401,fee5,13401,1,wait,439.7357145305713,449.0,07:19:44,07:29:00,9.264285469428728,2190L,2190L,,,0.015440475782381214,0.0,/Users/nadan/Documents/projects/demandresponse/outputs/week_20260921/cleanup_physics/saved_sequence_replay.json,,,"idle after optimized charge, or entire uncharged station visit",9,4,4,204.02643947578247,204.01099900000008,,,,,,,,,,saved_joint_fee5/routes/1/actions/2
duty_13401_fee5,duty_13401,fee5,13401,1,deadhead,449.0,449.0,07:29:00,07:29:00,0.0,2190L,2190,,,0.0,0.0,/Users/nadan/Documents/projects/demandresponse/outputs/week_20260921/cleanup_physics/saved_sequence_replay.json,,,travel immediately after service; station departure at next-trip deadline,10,4,5,204.01099900000008,204.01099900000008,station_outbound,static model reference deadhead,,,,,,,,saved_joint_fee5/routes/1/actions/2
duty_13401_fee5,duty_13401,fee5,13401,1,service,449.0,509.0,07:29:00,08:29:00,60.0,2190,4808,30,11,41.7299995,0.0,/Users/nadan/Documents/projects/demandresponse/outputs/meeting_20260917/route_explainer/inputs/k05.csv,13,,,11,5,6,204.01099900000008,162.2809995000001,,"scheduled passenger service, not empty deadhead time",13403,5021.0,1.0,,,,,
duty_13401_fee5,duty_13401,fee5,13401,1,deadhead,509.0,509.0,08:29:00,08:29:00,0.0,4808,4808,,,0.0,0.0,/Users/nadan/Documents/projects/demandresponse/outputs/week_20260921/cleanup_physics/saved_sequence_replay.json,,,travel immediately after service; station departure at next-trip deadline,12,6,6,162.2809995000001,162.2809995000001,station_inbound,static model reference deadhead,,,,,,,,saved_joint_fee5/routes/1/actions/3
duty_13401_fee5,duty_13401,fee5,13401,1,wait,509.0,516.0,08:29:00,08:36:00,7.0,4808,4808,,,0.011666666666666667,0.0,/Users/nadan/Documents/projects/demandresponse/outputs/week_20260921/cleanup_physics/saved_sequence_replay.json,,,"idle after optimized charge, or entire uncharged station visit",13,6,6,162.2809995000001,162.26933283333344,,,,,,,,,,saved_joint_fee5/routes/1/actions/3
duty_13401_fee5,duty_13401,fee5,13401,1,deadhead,516.0,516.0,08:36:00,08:36:00,0.0,4808,4808,,,0.0,0.0,/Users/nadan/Documents/projects/demandresponse/outputs/week_20260921/cleanup_physics/saved_sequence_replay.json,,,travel immediately after service; station departure at next-trip deadline,14,6,6,162.26933283333344,162.26933283333344,station_outbound,static model reference deadhead,,,,,,,,saved_joint_fee5/routes/1/actions/3
duty_13401_fee5,duty_13401,fee5,13401,1,service,516.0,573.0,08:36:00,09:33:00,57.0,4808,2190,43,16,42.5,0.0,/Users/nadan/Documents/projects/demandresponse/outputs/meeting_20260917/route_explainer/inputs/k05.csv,18,,,15,6,7,162.26933283333344,119.76933283333344,,"scheduled passenger service, not empty deadhead time",13403,5021.0,2.0,,,,,
duty_13401_fee5,duty_13401,fee5,13401,1,deadhead,573.0,573.0,09:33:00,09:33:00,0.0,2190,2190L,,,0.0,0.0,/Users/nadan/Documents/projects/demandresponse/outputs/week_20260921/cleanup_physics/saved_sequence_replay.json,,,travel immediately after service; station departure at next-trip deadline,16,7,8,119.76933283333344,119.76933283333344,station_inbound,static model reference deadhead,,,,,,,,saved_joint_fee5/routes/1/actions/4
duty_13401_fee5,duty_13401,fee5,13401,1,wait,573.0,610.0,09:33:00,10:10:00,37.0,2190L,2190L,,,0.06166666666666667,0.0,/Users/nadan/Documents/projects/demandresponse/outputs/week_20260921/cleanup_physics/saved_sequence_replay.json,,,"idle after optimized charge, or entire uncharged station visit",17,8,8,119.76933283333344,119.70766616666677,,,,,,,,,,saved_joint_fee5/routes/1/actions/4
duty_13401_fee5,duty_13401,fee5,13401,1,deadhead,610.0,610.0,10:10:00,10:10:00,0.0,2190L,2190,,,0.0,0.0,/Users/nadan/Documents/projects/demandresponse/outputs/week_20260921/cleanup_physics/saved_sequence_replay.json,,,travel immediately after service; station departure at next-trip deadline,18,8,9,119.70766616666677,119.70766616666677,station_outbound,static model reference deadhead,,,,,,,,saved_joint_fee5/routes/1/actions/4
duty_13401_fee5,duty_13401,fee5,13401,1,service,610.0,667.0,10:10:00,11:07:00,57.0,2190,4808,62,22,41.7299995,0.0,/Users/nadan/Documents/projects/demandresponse/outputs/meeting_20260917/route_explainer/inputs/k05.csv,24,,,19,9,10,119.70766616666677,77.97766666666678,,"scheduled passenger service, not empty deadhead time",13403,5021.0,1.0,,,,,
duty_13401_fee5,duty_13401,fee5,13401,1,deadhead,667.0,667.0,11:07:00,11:07:00,0.0,4808,4808,,,0.0,0.0,/Users/nadan/Documents/projects/demandresponse/outputs/week_20260921/cleanup_physics/saved_sequence_replay.json,,,travel immediately after service; station departure at next-trip deadline,20,10,10,77.97766666666678,77.97766666666678,station_inbound,static model reference deadhead,,,,,,,,saved_joint_fee5/routes/1/actions/5
duty_13401_fee5,duty_13401,fee5,13401,1,wait,667.0,674.0,11:07:00,11:14:00,7.0,4808,4808,,,0.011666666666666667,0.0,/Users/nadan/Documents/projects/demandresponse/outputs/week_20260921/cleanup_physics/saved_sequence_replay.json,,,"idle after optimized charge, or entire uncharged station visit",21,10,10,77.97766666666678,77.96600000000011,,,,,,,,,,saved_joint_fee5/routes/1/actions/5
duty_13401_fee5,duty_13401,fee5,13401,1,deadhead,674.0,674.0,11:14:00,11:14:00,0.0,4808,4808,,,0.0,0.0,/Users/nadan/Documents/projects/demandresponse/outputs/week_20260921/cleanup_physics/saved_sequence_replay.json,,,travel immediately after service; station departure at next-trip deadline,22,10,10,77.96600000000011,77.96600000000011,station_outbound,static model reference deadhead,,,,,,,,saved_joint_fee5/routes/1/actions/5
duty_13401_fee5,duty_13401,fee5,13401,1,service,674.0,729.0,11:14:00,12:09:00,55.0,4808,2190,75,27,42.5,0.0,/Users/nadan/Documents/projects/demandresponse/outputs/meeting_20260917/route_explainer/inputs/k05.csv,29,,,23,10,11,77.96600000000011,35.46600000000011,,"scheduled passenger service, not empty deadhead time",13403,5021.0,2.0,,,,,
duty_13401_fee5,duty_13401,fee5,13401,1,deadhead,729.0,729.0,12:09:00,12:09:00,0.0,2190,2190L,,,0.0,0.0,/Users/nadan/Documents/projects/demandresponse/outputs/week_20260921/cleanup_physics/saved_sequence_replay.json,,,travel immediately after service; station departure at next-trip deadline,24,11,12,35.46600000000011,35.46600000000011,station_inbound,static model reference deadhead,,,,,,,,saved_joint_fee5/routes/1/actions/6
duty_13401_fee5,duty_13401,fee5,13401,1,charge,729.0,738.4233198329086,12:09:00,12:18:25,9.423319832908646,2190L,2190L,,,0.0,53.475465813427185,/Users/nadan/Documents/projects/demandresponse/outputs/week_20260921/cleanup_physics/saved_joint_fee5.json,,,actual optimized charge witness,25,12,12,35.46600000000011,88.9414658134273,,,,,,6.673131417545084,,"documented 18E1 taper, shared charger count and terminal floor",,routes/1/charges/1
duty_13401_fee5,duty_13401,fee5,13401,1,wait,738.4233198329086,739.0,12:18:25,12:19:00,0.5766801670913537,2190L,2190L,,,0.000961133611818923,0.0,/Users/nadan/Documents/projects/demandresponse/outputs/week_20260921/cleanup_physics/saved_sequence_replay.json,,,"idle after optimized charge, or entire uncharged station visit",26,12,12,88.9414658134273,88.94050467981548,,,,,,,,,,saved_joint_fee5/routes/1/actions/6
duty_13401_fee5,duty_13401,fee5,13401,1,deadhead,739.0,739.0,12:19:00,12:19:00,0.0,2190L,2190,,,0.0,0.0,/Users/nadan/Documents/projects/demandresponse/outputs/week_20260921/cleanup_physics/saved_sequence_replay.json,,,travel immediately after service; station departure at next-trip deadline,27,12,13,88.94050467981548,88.94050467981548,station_outbound,static model reference deadhead,,,,,,,,saved_joint_fee5/routes/1/actions/6
duty_13401_fee5,duty_13401,fee5,13401,1,service,739.0,797.0,12:19:00,13:17:00,58.0,2190,4808,88,32,41.7299995,0.0,/Users/nadan/Documents/projects/demandresponse/outputs/meeting_20260917/route_explainer/inputs/k05.csv,34,,,28,13,14,88.94050467981548,47.21050517981548,,"scheduled passenger service, not empty deadhead time",13403,5021.0,1.0,,,,,
duty_13401_fee5,duty_13401,fee5,13401,1,deadhead,797.0,797.0,13:17:00,13:17:00,0.0,4808,4808,,,0.0,0.0,/Users/nadan/Documents/projects/demandresponse/outputs/week_20260921/cleanup_physics/saved_sequence_replay.json,,,travel immediately after service; station departure at next-trip deadline,29,14,14,47.21050517981548,47.21050517981548,station_inbound,static model reference deadhead,,,,,,,,saved_joint_fee5/routes/1/actions/7
duty_13401_fee5,duty_13401,fee5,13401,1,charge,797.0,804.0,13:17:00,13:24:00,7.0,4808,4808,,,0.0,39.273948625418406,/Users/nadan/Documents/projects/demandresponse/outputs/week_20260921/cleanup_physics/saved_joint_fee5.json,,,actual optimized charge witness,30,14,14,47.21050517981548,86.48445380523388,,,,,,3.436165151065853,,"documented 18E1 taper, shared charger count and terminal floor",,routes/1/charges/2
duty_13401_fee5,duty_13401,fee5,13401,1,deadhead,804.0,804.0,13:24:00,13:24:00,0.0,4808,4808,,,0.0,0.0,/Users/nadan/Documents/projects/demandresponse/outputs/week_20260921/cleanup_physics/saved_sequence_replay.json,,,travel immediately after service; station departure at next-trip deadline,31,14,14,86.48445380523388,86.48445380523388,station_outbound,static model reference deadhead,,,,,,,,saved_joint_fee5/routes/1/actions/7
duty_13401_fee5,duty_13401,fee5,13401,1,service,804.0,860.0,13:24:00,14:20:00,56.0,4808,2190,101,36,42.5,0.0,/Users/nadan/Documents/projects/demandresponse/outputs/meeting_20260917/route_explainer/inputs/k05.csv,38,,,32,14,15,86.48445380523388,43.98445380523388,,"scheduled passenger service, not empty deadhead time",13403,5021.0,2.0,,,,,
duty_13401_fee5,duty_13401,fee5,13401,1,deadhead,860.0,860.0,14:20:00,14:20:00,0.0,2190,2190L,,,0.0,0.0,/Users/nadan/Documents/projects/demandresponse/outputs/week_20260921/cleanup_physics/saved_sequence_replay.json,,,travel immediately after service; station departure at next-trip deadline,33,15,16,43.98445380523388,43.98445380523388,station_inbound,static model reference deadhead,,,,,,,,saved_joint_fee5/routes/1/actions/8
duty_13401_fee5,duty_13401,fee5,13401,1,charge,860.0,878.0,14:20:00,14:38:00,18.0,2190L,2190L,,,0.0,96.42372891712331,/Users/nadan/Documents/projects/demandresponse/outputs/week_20260921/cleanup_physics/saved_joint_fee5.json,,,actual optimized charge witness,34,16,16,43.98445380523388,140.4081827223572,,,,,,5.901494794106659,,"documented 18E1 taper, shared charger count and terminal floor",,routes/1/charges/3
duty_13401_fee5,duty_13401,fee5,13401,1,deadhead,878.0,878.0,14:38:00,14:38:00,0.0,2190L,2190,,,0.0,0.0,/Users/nadan/Documents/projects/demandresponse/outputs/week_20260921/cleanup_physics/saved_sequence_replay.json,,,travel immediately after service; station departure at next-trip deadline,35,16,17,140.4081827223572,140.4081827223572,station_outbound,static model reference deadhead,,,,,,,,saved_joint_fee5/routes/1/actions/8
duty_13401_fee5,duty_13401,fee5,13401,1,service,878.0,940.0,14:38:00,15:40:00,62.0,2190,4808,116,41,41.7299995,0.0,/Users/nadan/Documents/projects/demandresponse/outputs/meeting_20260917/route_explainer/inputs/k05.csv,43,,,36,17,18,140.4081827223572,98.6781832223572,,"scheduled passenger service, not empty deadhead time",13401,5021.0,1.0,,,,,
duty_13401_fee5,duty_13401,fee5,13401,1,deadhead,940.0,940.0,15:40:00,15:40:00,0.0,4808,4808,,,0.0,0.0,/Users/nadan/Documents/projects/demandresponse/outputs/week_20260921/cleanup_physics/saved_sequence_replay.json,,,travel immediately after service; station departure at next-trip deadline,37,18,18,98.6781832223572,98.6781832223572,station_inbound,static model reference deadhead,,,,,,,,saved_joint_fee5/routes/1/actions/9
duty_13401_fee5,duty_13401,fee5,13401,1,wait,940.0,947.0,15:40:00,15:47:00,7.0,4808,4808,,,0.011666666666666667,0.0,/Users/nadan/Documents/projects/demandresponse/outputs/week_20260921/cleanup_physics/saved_sequence_replay.json,,,"idle after optimized charge, or entire uncharged station visit",38,18,18,98.6781832223572,98.66651655569054,,,,,,,,,,saved_joint_fee5/routes/1/actions/9
duty_13401_fee5,duty_13401,fee5,13401,1,deadhead,947.0,947.0,15:47:00,15:47:00,0.0,4808,4808,,,0.0,0.0,/Users/nadan/Documents/projects/demandresponse/outputs/week_20260921/cleanup_physics/saved_sequence_replay.json,,,travel immediately after service; station departure at next-trip deadline,39,18,18,98.66651655569054,98.66651655569054,station_outbound,static model reference deadhead,,,,,,,,saved_joint_fee5/routes/1/actions/9
duty_13401_fee5,duty_13401,fee5,13401,1,service,947.0,1006.0,15:47:00,16:46:00,59.0,4808,2190,129,46,42.5,0.0,/Users/nadan/Documents/projects/demandresponse/outputs/meeting_20260917/route_explainer/inputs/k05.csv,48,,,40,18,19,98.66651655569054,56.166516555690535,,"scheduled passenger service, not empty deadhead time",13401,5021.0,2.0,,,,,
duty_13401_fee5,duty_13401,fee5,13401,1,deadhead,1006.0,1006.0,16:46:00,16:46:00,0.0,2190,2190L,,,0.0,0.0,/Users/nadan/Documents/projects/demandresponse/outputs/week_20260921/cleanup_physics/saved_sequence_replay.json,,,travel immediately after service; station departure at next-trip deadline,41,19,20,56.166516555690535,56.166516555690535,station_inbound,static model reference deadhead,,,,,,,,saved_joint_fee5/routes/1/actions/10
duty_13401_fee5,duty_13401,fee5,13401,1,wait,1006.0,1007.9093932533598,16:46:00,16:47:55,1.9093932533597808,2190L,2190L,,,0.003182322088932968,0.0,/Users/nadan/Documents/projects/demandresponse/outputs/week_20260921/cleanup_physics/saved_joint_fee5.json,,,idle before optimized charge in fixed station visit,42,20,20,56.166516555690535,56.1633342336016,,,,,,,,,,routes/1/charges/4
duty_13401_fee5,duty_13401,fee5,13401,1,charge,1007.9093932533598,1020.0,16:47:55,17:00:00,12.09060674664022,2190L,2190L,,,0.0,65.31130972048689,/Users/nadan/Documents/projects/demandresponse/outputs/week_20260921/cleanup_physics/saved_joint_fee5.json,,,actual optimized charge witness,43,20,20,56.1633342336016,121.47464395408849,,,,,,2.3894954375235784,,"documented 18E1 taper, shared charger count and terminal floor",,routes/1/charges/4
duty_13401_fee5,duty_13401,fee5,13401,1,deadhead,1020.0,1020.0,17:00:00,17:00:00,0.0,2190L,2190,,,0.0,0.0,/Users/nadan/Documents/projects/demandresponse/outputs/week_20260921/cleanup_physics/saved_sequence_replay.json,,,travel immediately after service; station departure at next-trip deadline,44,20,21,121.47464395408849,121.47464395408849,station_outbound,static model reference deadhead,,,,,,,,saved_joint_fee5/routes/1/actions/10
duty_13401_fee5,duty_13401,fee5,13401,1,service,1020.0,1080.0,17:00:00,18:00:00,60.0,2190,4808,144,52,41.7299995,0.0,/Users/nadan/Documents/projects/demandresponse/outputs/meeting_20260917/route_explainer/inputs/k05.csv,54,,,45,21,22,121.47464395408849,79.7446444540885,,"scheduled passenger service, not empty deadhead time",13401,5021.0,1.0,,,,,
duty_13401_fee5,duty_13401,fee5,13401,1,deadhead,1080.0,1080.0,18:00:00,18:00:00,0.0,4808,4808,,,0.0,0.0,/Users/nadan/Documents/projects/demandresponse/outputs/week_20260921/cleanup_physics/saved_sequence_replay.json,,,travel immediately after service; station departure at next-trip deadline,46,22,22,79.7446444540885,79.7446444540885,station_inbound,static model reference deadhead,,,,,,,,saved_joint_fee5/routes/1/actions/11
duty_13401_fee5,duty_13401,fee5,13401,1,charge,1080.0,1087.0,18:00:00,18:07:00,7.0,4808,4808,,,0.0,37.23065443724355,/Users/nadan/Documents/projects/demandresponse/outputs/week_20260921/cleanup_physics/saved_joint_fee5.json,,,actual optimized charge witness,47,22,22,79.7446444540885,116.97529889133205,,,,,,1.1501052156694898,,"documented 18E1 taper, shared charger count and terminal floor",,routes/1/charges/5
duty_13401_fee5,duty_13401,fee5,13401,1,deadhead,1087.0,1087.0,18:07:00,18:07:00,0.0,4808,4808,,,0.0,0.0,/Users/nadan/Documents/projects/demandresponse/outputs/week_20260921/cleanup_physics/saved_sequence_replay.json,,,travel immediately after service; station departure at next-trip deadline,48,22,22,116.97529889133205,116.97529889133205,station_outbound,static model reference deadhead,,,,,,,,saved_joint_fee5/routes/1/actions/11
duty_13401_fee5,duty_13401,fee5,13401,1,service,1087.0,1141.0,18:07:00,19:01:00,54.0,4808,2190,157,57,42.5,0.0,/Users/nadan/Documents/projects/demandresponse/outputs/meeting_20260917/route_explainer/inputs/k05.csv,59,,,49,22,23,116.97529889133205,74.47529889133205,,"scheduled passenger service, not empty deadhead time",13401,5021.0,2.0,,,,,
duty_13401_fee5,duty_13401,fee5,13401,1,deadhead,1141.0,1160.0,19:01:00,19:20:00,19.0,2190,PARX,,,28.0,0.0,/Users/nadan/Documents/projects/demandresponse/outputs/week_20260921/cleanup_physics/saved_sequence_replay.json,,,travel immediately after service; station departure at next-trip deadline,50,23,24,74.47529889133205,46.475298891332045,pull_in,static model reference deadhead,,,,,,,,saved_joint_fee5/routes/1/actions/12
duty_13403_original,duty_13403,original,13403,,prep,261.0,268.0,04:21:00,04:28:00,7.0,PARX,PARX,,,0.0,0.0,/Users/nadan/Documents/projects/demandresponse/data/Par_VehicleDetails_Updated.csv,1656,Prep-out,recorded GIRO clock interval,0,0,0,236.44,236.44,,,,,,,,,,
duty_13403_original,duty_13403,original,13403,,deadhead,268.0,287.0,04:28:00,04:47:00,19.0,PARX,2190,,,28.0,0.0,/Users/nadan/Documents/projects/demandresponse/data/Par_VehicleDetails_Updated.csv,1657,Pull-out,recorded GIRO clock interval,1,0,1,236.44,208.44,pull_out,recorded directional GIRO movement; may use time-dependent band,,,,,,,,
duty_13403_original,duty_13403,original,13403,,service,287.0,339.0,04:47:00,05:39:00,52.0,2190,4808,2,1,41.7299995,0.0,/Users/nadan/Documents/projects/demandresponse/data/Par_VehicleDetails_Updated.csv,1658,Regular,recorded GIRO clock interval,2,1,2,208.44,166.7100005,,"scheduled passenger service, not empty deadhead time",13403,5021.0,1.0,,,,,
duty_13403_original,duty_13403,original,13403,,charge,339.0,346.0,05:39:00,05:46:00,7.0,4808,4808,,,0.0,27.474226,/Users/nadan/Documents/projects/demandresponse/data/Par_VehicleDetails_Updated.csv,1659,Recharge,recorded GIRO clock interval,3,2,2,166.7100005,194.18422650000002,,,,,,4.666375069578489,7.000001600000012,recorded recharge kWh; maximum documented taper reconstructs within-window power,/Users/nadan/Documents/projects/demandresponse/outputs/week_20260921/cleanup_physics/baseline.json,
duty_13403_original,duty_13403,original,13403,,service,346.0,398.0,05:46:00,06:38:00,52.0,4808,2190,10,5,42.5,0.0,/Users/nadan/Documents/projects/demandresponse/data/Par_VehicleDetails_Updated.csv,1660,Regular,recorded GIRO clock interval,4,2,3,194.18422650000002,151.68422650000002,,"scheduled passenger service, not empty deadhead time",13403,5021.0,2.0,,,,,
duty_13403_original,duty_13403,original,13403,,deadhead,398.0,399.0,06:38:00,06:39:00,1.0,2190,ET_R,,,0.200000003,0.0,/Users/nadan/Documents/projects/demandresponse/data/Par_VehicleDetails_Updated.csv,1661,Deadhead,recorded GIRO clock interval,5,3,4,151.68422650000002,151.484226497,deadhead,recorded directional GIRO movement; may use time-dependent band,,,,,,,,
duty_13403_original,duty_13403,original,13403,,wait,399.0,439.0,06:39:00,07:19:00,40.0,ET_R,ET_R,,,0.06666666666666667,0.0,/Users/nadan/Documents/projects/demandresponse/data/Par_VehicleDetails_Updated.csv,,,unoccupied interval between recorded GIRO events at the same location,6,4,4,151.484226497,151.41755983033335,,,,,,,,,,gap before CSV line 1662
duty_13403_original,duty_13403,original,13403,,deadhead,439.0,440.0,07:19:00,07:20:00,1.0,ET_R,2190L,,,0.200000003,0.0,/Users/nadan/Documents/projects/demandresponse/data/Par_VehicleDetails_Updated.csv,1662,Deadhead,recorded GIRO clock interval,7,4,5,151.41755983033335,151.21755982733333,deadhead,recorded directional GIRO movement; may use time-dependent band,,,,,,,,
duty_13403_original,duty_13403,original,13403,,charge,440.0,449.0,07:20:00,07:29:00,9.0,2190L,2190L,,,0.0,39.7643852,/Users/nadan/Documents/projects/demandresponse/data/Par_VehicleDetails_Updated.csv,1663,Recharge,recorded GIRO clock interval,8,5,5,151.21755982733333,190.98194502733332,,,,,,9.86579879027863,9.000001324051862,recorded recharge kWh; maximum documented taper reconstructs within-window power,/Users/nadan/Documents/projects/demandresponse/outputs/week_20260921/cleanup_physics/baseline.json,
duty_13403_original,duty_13403,original,13403,,deadhead,449.0,449.0,07:29:00,07:29:00,0.0,2190L,2190,,,0.0,0.0,/Users/nadan/Documents/projects/demandresponse/data/Par_VehicleDetails_Updated.csv,1664,Deadhead,recorded GIRO clock interval,9,5,6,190.98194502733332,190.98194502733332,deadhead,recorded directional GIRO movement; may use time-dependent band,,,,,,,,
duty_13403_original,duty_13403,original,13403,,service,449.0,509.0,07:29:00,08:29:00,60.0,2190,4808,30,11,41.7299995,0.0,/Users/nadan/Documents/projects/demandresponse/data/Par_VehicleDetails_Updated.csv,1665,Regular,recorded GIRO clock interval,10,6,7,190.98194502733332,149.25194552733333,,"scheduled passenger service, not empty deadhead time",13403,5021.0,1.0,,,,,
duty_13403_original,duty_13403,original,13403,,charge,509.0,516.0,08:29:00,08:36:00,7.0,4808,4808,,,6.878912491477725e-10,32.3285141,/Users/nadan/Documents/projects/demandresponse/data/Par_VehicleDetails_Updated.csv,1666,Recharge,recorded GIRO clock interval,11,7,7,149.25194552733333,181.58045962664545,,,,,,8.423722452012806,6.9999995872652505,recorded recharge kWh; maximum documented taper reconstructs within-window power,/Users/nadan/Documents/projects/demandresponse/outputs/week_20260921/cleanup_physics/baseline.json,
duty_13403_original,duty_13403,original,13403,,service,516.0,573.0,08:36:00,09:33:00,57.0,4808,2190,43,16,42.5,0.0,/Users/nadan/Documents/projects/demandresponse/data/Par_VehicleDetails_Updated.csv,1667,Regular,recorded GIRO clock interval,12,7,8,181.58045962664545,139.08045962664545,,"scheduled passenger service, not empty deadhead time",13403,5021.0,2.0,,,,,
duty_13403_original,duty_13403,original,13403,,deadhead,573.0,574.0,09:33:00,09:34:00,1.0,2190,ET_R,,,0.200000003,0.0,/Users/nadan/Documents/projects/demandresponse/data/Par_VehicleDetails_Updated.csv,1668,Deadhead,recorded GIRO clock interval,13,8,9,139.08045962664545,138.88045962364544,deadhead,recorded directional GIRO movement; may use time-dependent band,,,,,,,,
duty_13403_original,duty_13403,original,13403,,wait,574.0,604.0,09:34:00,10:04:00,30.0,ET_R,ET_R,,,0.05,0.0,/Users/nadan/Documents/projects/demandresponse/data/Par_VehicleDetails_Updated.csv,,,unoccupied interval between recorded GIRO events at the same location,14,9,9,138.88045962364544,138.83045962364542,,,,,,,,,,gap before CSV line 1669
duty_13403_original,duty_13403,original,13403,,deadhead,604.0,605.0,10:04:00,10:05:00,1.0,ET_R,2190L,,,0.200000003,0.0,/Users/nadan/Documents/projects/demandresponse/data/Par_VehicleDetails_Updated.csv,1669,Deadhead,recorded GIRO clock interval,15,9,10,138.83045962364542,138.6304596206454,deadhead,recorded directional GIRO movement; may use time-dependent band,,,,,,,,
duty_13403_original,duty_13403,original,13403,,charge,605.0,610.0,10:05:00,10:10:00,5.0,2190L,2190L,,,3.5850881374699387e-10,23.8651428,/Users/nadan/Documents/projects/demandresponse/data/Par_VehicleDetails_Updated.csv,1670,Recharge,recorded GIRO clock interval,16,10,10,138.6304596206454,162.4956024202869,,,,,,5.12201066020597,4.999999784894712,recorded recharge kWh; maximum documented taper reconstructs within-window power,/Users/nadan/Documents/projects/demandresponse/outputs/week_20260921/cleanup_physics/baseline.json,
duty_13403_original,duty_13403,original,13403,,deadhead,610.0,610.0,10:10:00,10:10:00,0.0,2190L,2190,,,0.0,0.0,/Users/nadan/Documents/projects/demandresponse/data/Par_VehicleDetails_Updated.csv,1671,Deadhead,recorded GIRO clock interval,17,10,11,162.4956024202869,162.4956024202869,deadhead,recorded directional GIRO movement; may use time-dependent band,,,,,,,,
duty_13403_original,duty_13403,original,13403,,service,610.0,667.0,10:10:00,11:07:00,57.0,2190,4808,62,22,41.7299995,0.0,/Users/nadan/Documents/projects/demandresponse/data/Par_VehicleDetails_Updated.csv,1672,Regular,recorded GIRO clock interval,18,11,12,162.4956024202869,120.76560292028691,,"scheduled passenger service, not empty deadhead time",13403,5021.0,1.0,,,,,
duty_13403_original,duty_13403,original,13403,,charge,667.0,674.0,11:07:00,11:14:00,7.0,4808,4808,,,2.7424652770946524e-10,34.2148323,/Users/nadan/Documents/projects/demandresponse/data/Par_VehicleDetails_Updated.csv,1673,Recharge,recorded GIRO clock interval,19,12,12,120.76560292028691,154.98043522001265,,,,,,5.811237064677553,6.999999835452083,recorded recharge kWh; maximum documented taper reconstructs within-window power,/Users/nadan/Documents/projects/demandresponse/outputs/week_20260921/cleanup_physics/baseline.json,
duty_13403_original,duty_13403,original,13403,,service,674.0,729.0,11:14:00,12:09:00,55.0,4808,2190,75,27,42.5,0.0,/Users/nadan/Documents/projects/demandresponse/data/Par_VehicleDetails_Updated.csv,1674,Regular,recorded GIRO clock interval,20,12,13,154.98043522001265,112.48043522001265,,"scheduled passenger service, not empty deadhead time",13403,5021.0,2.0,,,,,
duty_13403_original,duty_13403,original,13403,,deadhead,729.0,730.0,12:09:00,12:10:00,1.0,2190,2190L,,,0.400000006,0.0,/Users/nadan/Documents/projects/demandresponse/data/Par_VehicleDetails_Updated.csv,1675,Deadhead,recorded GIRO clock interval,21,13,14,112.48043522001265,112.08043521401265,deadhead,recorded directional GIRO movement; may use time-dependent band,,,,,,,,
duty_13403_original,duty_13403,original,13403,,charge,730.0,739.0,12:10:00,12:19:00,9.0,2190L,2190L,,,1.079938864260536e-10,44.3895493,/Users/nadan/Documents/projects/demandresponse/data/Par_VehicleDetails_Updated.csv,1676,Recharge,recorded GIRO clock interval,22,14,14,112.08043521401265,156.46998451390465,,,,,,5.53931212264665,8.999999935203668,recorded recharge kWh; maximum documented taper reconstructs within-window power,/Users/nadan/Documents/projects/demandresponse/outputs/week_20260921/cleanup_physics/baseline.json,
duty_13403_original,duty_13403,original,13403,,deadhead,739.0,739.0,12:19:00,12:19:00,0.0,2190L,2190,,,0.0,0.0,/Users/nadan/Documents/projects/demandresponse/data/Par_VehicleDetails_Updated.csv,1677,Deadhead,recorded GIRO clock interval,23,14,15,156.46998451390465,156.46998451390465,deadhead,recorded directional GIRO movement; may use time-dependent band,,,,,,,,
duty_13403_original,duty_13403,original,13403,,service,739.0,797.0,12:19:00,13:17:00,58.0,2190,4808,88,32,41.7299995,0.0,/Users/nadan/Documents/projects/demandresponse/data/Par_VehicleDetails_Updated.csv,1678,Regular,recorded GIRO clock interval,24,15,16,156.46998451390465,114.73998501390466,,"scheduled passenger service, not empty deadhead time",13403,5021.0,1.0,,,,,
duty_13403_original,duty_13403,original,13403,,charge,797.0,804.0,13:17:00,13:24:00,7.0,4808,4808,,,0.0,34.6601982,/Users/nadan/Documents/projects/demandresponse/data/Par_VehicleDetails_Updated.csv,1679,Recharge,recorded GIRO clock interval,25,16,16,114.73998501390466,149.40018321390465,,,,,,3.032497860599465,7.000000187032608,recorded recharge kWh; maximum documented taper reconstructs within-window power,/Users/nadan/Documents/projects/demandresponse/outputs/week_20260921/cleanup_physics/baseline.json,
duty_13403_original,duty_13403,original,13403,,service,804.0,860.0,13:24:00,14:20:00,56.0,4808,2190,101,36,42.5,0.0,/Users/nadan/Documents/projects/demandresponse/data/Par_VehicleDetails_Updated.csv,1680,Regular,recorded GIRO clock interval,26,16,17,149.40018321390465,106.90018321390465,,"scheduled passenger service, not empty deadhead time",13403,5021.0,2.0,,,,,
duty_13403_original,duty_13403,original,13403,,deadhead,860.0,861.0,14:20:00,14:21:00,1.0,2190,2190L,,,0.400000006,0.0,/Users/nadan/Documents/projects/demandresponse/data/Par_VehicleDetails_Updated.csv,1681,Deadhead,recorded GIRO clock interval,27,17,18,106.90018321390465,106.50018320790466,deadhead,recorded directional GIRO movement; may use time-dependent band,,,,,,,,
duty_13403_original,duty_13403,original,13403,,charge,861.0,868.0,14:21:00,14:28:00,7.0,2190L,2190L,,,9.61083615654464e-10,35.4224091,/Users/nadan/Documents/projects/demandresponse/data/Par_VehicleDetails_Updated.csv,1682,Recharge,recorded GIRO clock interval,28,18,18,106.50018320790466,141.92259230694359,,,,,,2.1679846366244417,6.999999423349831,recorded recharge kWh; maximum documented taper reconstructs within-window power,/Users/nadan/Documents/projects/demandresponse/outputs/week_20260921/cleanup_physics/baseline.json,
duty_13403_original,duty_13403,original,13403,,deadhead,868.0,868.0,14:28:00,14:28:00,0.0,2190L,2190,,,0.0,0.0,/Users/nadan/Documents/projects/demandresponse/data/Par_VehicleDetails_Updated.csv,1683,Deadhead,recorded GIRO clock interval,29,18,19,141.92259230694359,141.92259230694359,deadhead,recorded directional GIRO movement; may use time-dependent band,,,,,,,,
duty_13403_original,duty_13403,original,13403,,service,868.0,930.0,14:28:00,15:30:00,62.0,2190,4808,114,40,41.7299995,0.0,/Users/nadan/Documents/projects/demandresponse/data/Par_VehicleDetails_Updated.csv,1684,Regular,recorded GIRO clock interval,30,19,20,141.92259230694359,100.1925928069436,,"scheduled passenger service, not empty deadhead time",13403,5021.0,1.0,,,,,
duty_13403_original,duty_13403,original,13403,,charge,930.0,937.0,15:30:00,15:37:00,7.0,4808,4808,,,0.0,35.7171402,/Users/nadan/Documents/projects/demandresponse/data/Par_VehicleDetails_Updated.csv,1685,Recharge,recorded GIRO clock interval,31,20,20,100.1925928069436,135.9097330069436,,,,,,1.6127998216407908,7.000000671073074,recorded recharge kWh; maximum documented taper reconstructs within-window power,/Users/nadan/Documents/projects/demandresponse/outputs/week_20260921/cleanup_physics/baseline.json,
duty_13403_original,duty_13403,original,13403,,service,937.0,996.0,15:37:00,16:36:00,59.0,4808,2190,127,45,42.5,0.0,/Users/nadan/Documents/projects/demandresponse/data/Par_VehicleDetails_Updated.csv,1686,Regular,recorded GIRO clock interval,32,20,21,135.9097330069436,93.40973300694361,,"scheduled passenger service, not empty deadhead time",13403,5021.0,2.0,,,,,
duty_13403_original,duty_13403,original,13403,,wait,996.0,998.0,16:36:00,16:38:00,2.0,2190,2190,,,0.0033333333333333335,0.0,/Users/nadan/Documents/projects/demandresponse/data/Par_VehicleDetails_Updated.csv,,,unoccupied interval between recorded GIRO events at the same location,33,21,21,93.40973300694361,93.40639967361028,,,,,,,,,,gap before CSV line 1687
duty_13403_original,duty_13403,original,13403,,deadhead,998.0,999.0,16:38:00,16:39:00,1.0,2190,2190L,,,0.400000006,0.0,/Users/nadan/Documents/projects/demandresponse/data/Par_VehicleDetails_Updated.csv,1687,Deadhead,recorded GIRO clock interval,34,21,22,93.40639967361028,93.00639966761028,deadhead,recorded directional GIRO movement; may use time-dependent band,,,,,,,,
duty_13403_original,duty_13403,original,13403,,charge,999.0,1009.0,16:39:00,16:49:00,10.0,2190L,2190L,,,0.0,50.9586105,/Users/nadan/Documents/projects/demandresponse/data/Par_VehicleDetails_Updated.csv,1688,Recharge,recorded GIRO clock interval,35,22,22,93.00639966761028,143.96501016761027,,,,,,1.8643840984572337,10.000000150934156,recorded recharge kWh; maximum documented taper reconstructs within-window power,/Users/nadan/Documents/projects/demandresponse/outputs/week_20260921/cleanup_physics/baseline.json,
duty_13403_original,duty_13403,original,13403,,deadhead,1009.0,1009.0,16:49:00,16:49:00,0.0,2190L,2190,,,0.0,0.0,/Users/nadan/Documents/projects/demandresponse/data/Par_VehicleDetails_Updated.csv,1689,Deadhead,recorded GIRO clock interval,36,22,23,143.96501016761027,143.96501016761027,deadhead,recorded directional GIRO movement; may use time-dependent band,,,,,,,,
duty_13403_original,duty_13403,original,13403,,service,1009.0,1070.0,16:49:00,17:50:00,61.0,2190,4808,142,50,41.7299995,0.0,/Users/nadan/Documents/projects/demandresponse/data/Par_VehicleDetails_Updated.csv,1690,Regular,recorded GIRO clock interval,37,23,24,143.96501016761027,102.23501066761028,,"scheduled passenger service, not empty deadhead time",13403,5021.0,1.0,,,,,
duty_13403_original,duty_13403,original,13403,,charge,1070.0,1077.0,17:50:00,17:57:00,7.0,4808,4808,,,0.0,35.622673,/Users/nadan/Documents/projects/demandresponse/data/Par_VehicleDetails_Updated.csv,1691,Recharge,recorded GIRO clock interval,38,24,24,102.23501066761028,137.85768366761027,,,,,,1.1599227019147973,7.0000004097744295,recorded recharge kWh; maximum documented taper reconstructs within-window power,/Users/nadan/Documents/projects/demandresponse/outputs/week_20260921/cleanup_physics/baseline.json,
duty_13403_original,duty_13403,original,13403,,service,1077.0,1131.0,17:57:00,18:51:00,54.0,4808,2190,155,55,42.5,0.0,/Users/nadan/Documents/projects/demandresponse/data/Par_VehicleDetails_Updated.csv,1692,Regular,recorded GIRO clock interval,39,24,25,137.85768366761027,95.35768366761027,,"scheduled passenger service, not empty deadhead time",13403,5021.0,2.0,,,,,
duty_13403_original,duty_13403,original,13403,,deadhead,1131.0,1132.0,18:51:00,18:52:00,1.0,2190,ET_R,,,0.200000003,0.0,/Users/nadan/Documents/projects/demandresponse/data/Par_VehicleDetails_Updated.csv,1693,Deadhead,recorded GIRO clock interval,40,25,26,95.35768366761027,95.15768366461027,deadhead,recorded directional GIRO movement; may use time-dependent band,,,,,,,,
duty_13403_original,duty_13403,original,13403,,wait,1132.0,1173.0,18:52:00,19:33:00,41.0,ET_R,ET_R,,,0.06833333333333334,0.0,/Users/nadan/Documents/projects/demandresponse/data/Par_VehicleDetails_Updated.csv,,,unoccupied interval between recorded GIRO events at the same location,41,26,26,95.15768366461027,95.08935033127695,,,,,,,,,,gap before CSV line 1694
duty_13403_original,duty_13403,original,13403,,deadhead,1173.0,1174.0,19:33:00,19:34:00,1.0,ET_R,2190,,,0.200000003,0.0,/Users/nadan/Documents/projects/demandresponse/data/Par_VehicleDetails_Updated.csv,1694,Deadhead,recorded GIRO clock interval,42,26,27,95.08935033127695,94.88935032827695,deadhead,recorded directional GIRO movement; may use time-dependent band,,,,,,,,
duty_13403_original,duty_13403,original,13403,,service,1174.0,1230.0,19:34:00,20:30:00,56.0,2190,4808,170,59,41.7299995,0.0,/Users/nadan/Documents/projects/demandresponse/data/Par_VehicleDetails_Updated.csv,1695,Regular,recorded GIRO clock interval,43,27,28,94.88935032827695,53.15935082827695,,"scheduled passenger service, not empty deadhead time",13403,5021.0,1.0,,,,,
duty_13403_original,duty_13403,original,13403,,charge,1230.0,1242.0,20:30:00,20:42:00,12.0,4808,4808,,,0.0,65.2413177,/Users/nadan/Documents/projects/demandresponse/data/Par_VehicleDetails_Updated.csv,1696,Recharge,recorded GIRO clock interval,44,28,28,53.15935082827695,118.40066852827695,,,,,,1.9622857113260481,12.000000758710588,recorded recharge kWh; maximum documented taper reconstructs within-window power,/Users/nadan/Documents/projects/demandresponse/outputs/week_20260921/cleanup_physics/baseline.json,
duty_13403_original,duty_13403,original,13403,,service,1242.0,1294.0,20:42:00,21:34:00,52.0,4808,2190,179,61,42.5,0.0,/Users/nadan/Documents/projects/demandresponse/data/Par_VehicleDetails_Updated.csv,1697,Regular,recorded GIRO clock interval,45,28,29,118.40066852827695,75.90066852827695,,"scheduled passenger service, not empty deadhead time",13403,5021.0,2.0,,,,,
duty_13403_original,duty_13403,original,13403,,deadhead,1294.0,1313.0,21:34:00,21:53:00,19.0,2190,PARX,,,28.0,0.0,/Users/nadan/Documents/projects/demandresponse/data/Par_VehicleDetails_Updated.csv,1698,Pull-in,recorded GIRO clock interval,46,29,30,75.90066852827695,47.90066852827695,pull_in,recorded directional GIRO movement; may use time-dependent band,,,,,,,,
duty_13403_original,duty_13403,original,13403,,prep,1313.0,1316.0,21:53:00,21:56:00,3.0,PARX,PARX,,,0.0,0.0,/Users/nadan/Documents/projects/demandresponse/data/Par_VehicleDetails_Updated.csv,1699,Prep-in,recorded GIRO clock interval,47,30,30,47.90066852827695,47.90066852827695,,,,,,,,,,
duty_13403_fee0,duty_13403,fee0,13403,0,deadhead,268.0,287.0,04:28:00,04:47:00,19.0,PARX,2190,,,28.0,0.0,/Users/nadan/Documents/projects/demandresponse/outputs/week_20260921/cleanup_physics/saved_sequence_replay.json,,,latest depot departure that reaches first service on time,0,0,1,236.44,208.44,pull_out,static model reference deadhead,,,,,,,,saved_joint_fee0/routes/0/actions/0
duty_13403_fee0,duty_13403,fee0,13403,0,service,287.0,339.0,04:47:00,05:39:00,52.0,2190,4808,2,1,41.7299995,0.0,/Users/nadan/Documents/projects/demandresponse/outputs/meeting_20260917/route_explainer/inputs/k05.csv,3,,,1,1,2,208.44,166.7100005,,"scheduled passenger service, not empty deadhead time",13403,5021.0,1.0,,,,,
duty_13403_fee0,duty_13403,fee0,13403,0,deadhead,339.0,339.0,05:39:00,05:39:00,0.0,4808,4808,,,0.0,0.0,/Users/nadan/Documents/projects/demandresponse/outputs/week_20260921/cleanup_physics/saved_sequence_replay.json,,,travel immediately after service; station departure at next-trip deadline,2,2,2,166.7100005,166.7100005,station_inbound,static model reference deadhead,,,,,,,,saved_joint_fee0/routes/0/actions/1
duty_13403_fee0,duty_13403,fee0,13403,0,charge,339.0,360.0,05:39:00,06:00:00,21.0,4808,4808,,,0.0,59.19657749999999,/Users/nadan/Documents/projects/demandresponse/outputs/week_20260921/cleanup_physics/saved_joint_fee0.json,,,actual optimized charge witness,3,2,2,166.7100005,225.906578,,,,,,10.054275357943492,,"documented 18E1 taper, shared charger count and terminal floor",,routes/0/charges/0
duty_13403_fee0,duty_13403,fee0,13403,0,wait,360.0,411.0,06:00:00,06:51:00,51.0,4808,4808,,,0.085,0.0,/Users/nadan/Documents/projects/demandresponse/outputs/week_20260921/cleanup_physics/saved_sequence_replay.json,,,"idle after optimized charge, or entire uncharged station visit",4,2,2,225.906578,225.821578,,,,,,,,,,saved_joint_fee0/routes/0/actions/1
duty_13403_fee0,duty_13403,fee0,13403,0,deadhead,411.0,411.0,06:51:00,06:51:00,0.0,4808,4808,,,0.0,0.0,/Users/nadan/Documents/projects/demandresponse/outputs/week_20260921/cleanup_physics/saved_sequence_replay.json,,,travel immediately after service; station departure at next-trip deadline,5,2,2,225.821578,225.821578,station_outbound,static model reference deadhead,,,,,,,,saved_joint_fee0/routes/0/actions/1
duty_13403_fee0,duty_13403,fee0,13403,0,service,411.0,469.0,06:51:00,07:49:00,58.0,4808,2190,23,9,42.5,0.0,/Users/nadan/Documents/projects/demandresponse/outputs/meeting_20260917/route_explainer/inputs/k05.csv,11,,,6,2,3,225.821578,183.321578,,"scheduled passenger service, not empty deadhead time",13414,5021.0,2.0,,,,,
duty_13403_fee0,duty_13403,fee0,13403,0,deadhead,469.0,469.0,07:49:00,07:49:00,0.0,2190,2190L,,,0.0,0.0,/Users/nadan/Documents/projects/demandresponse/outputs/week_20260921/cleanup_physics/saved_sequence_replay.json,,,travel immediately after service; station departure at next-trip deadline,7,3,4,183.321578,183.321578,station_inbound,static model reference deadhead,,,,,,,,saved_joint_fee0/routes/0/actions/2
duty_13403_fee0,duty_13403,fee0,13403,0,wait,469.0,480.0,07:49:00,08:00:00,11.0,2190L,2190L,,,0.018333333333333333,0.0,/Users/nadan/Documents/projects/demandresponse/outputs/week_20260921/cleanup_physics/saved_sequence_replay.json,,,"idle after optimized charge, or entire uncharged station visit",8,4,4,183.321578,183.30324466666664,,,,,,,,,,saved_joint_fee0/routes/0/actions/2
duty_13403_fee0,duty_13403,fee0,13403,0,deadhead,480.0,480.0,08:00:00,08:00:00,0.0,2190L,2190,,,0.0,0.0,/Users/nadan/Documents/projects/demandresponse/outputs/week_20260921/cleanup_physics/saved_sequence_replay.json,,,travel immediately after service; station departure at next-trip deadline,9,4,5,183.30324466666664,183.30324466666664,station_outbound,static model reference deadhead,,,,,,,,saved_joint_fee0/routes/0/actions/2
duty_13403_fee0,duty_13403,fee0,13403,0,service,480.0,539.0,08:00:00,08:59:00,59.0,2190,4808,36,14,41.7299995,0.0,/Users/nadan/Documents/projects/demandresponse/outputs/meeting_20260917/route_explainer/inputs/k05.csv,16,,,10,5,6,183.30324466666664,141.57324516666665,,"scheduled passenger service, not empty deadhead time",13414,5021.0,1.0,,,,,
duty_13403_fee0,duty_13403,fee0,13403,0,deadhead,539.0,539.0,08:59:00,08:59:00,0.0,4808,4808,,,0.0,0.0,/Users/nadan/Documents/projects/demandresponse/outputs/week_20260921/cleanup_physics/saved_sequence_replay.json,,,travel immediately after service; station departure at next-trip deadline,11,6,6,141.57324516666665,141.57324516666665,station_inbound,static model reference deadhead,,,,,,,,saved_joint_fee0/routes/0/actions/3
duty_13403_fee0,duty_13403,fee0,13403,0,wait,539.0,546.0,08:59:00,09:06:00,7.0,4808,4808,,,0.011666666666666667,0.0,/Users/nadan/Documents/projects/demandresponse/outputs/week_20260921/cleanup_physics/saved_sequence_replay.json,,,"idle after optimized charge, or entire uncharged station visit",12,6,6,141.57324516666665,141.5615785,,,,,,,,,,saved_joint_fee0/routes/0/actions/3
duty_13403_fee0,duty_13403,fee0,13403,0,deadhead,546.0,546.0,09:06:00,09:06:00,0.0,4808,4808,,,0.0,0.0,/Users/nadan/Documents/projects/demandresponse/outputs/week_20260921/cleanup_physics/saved_sequence_replay.json,,,travel immediately after service; station departure at next-trip deadline,13,6,6,141.5615785,141.5615785,station_outbound,static model reference deadhead,,,,,,,,saved_joint_fee0/routes/0/actions/3
duty_13403_fee0,duty_13403,fee0,13403,0,service,546.0,602.0,09:06:00,10:02:00,56.0,4808,2190,49,18,42.5,0.0,/Users/nadan/Documents/projects/demandresponse/outputs/meeting_20260917/route_explainer/inputs/k05.csv,20,,,14,6,7,141.5615785,99.0615785,,"scheduled passenger service, not empty deadhead time",13414,5021.0,2.0,,,,,
duty_13403_fee0,duty_13403,fee0,13403,0,deadhead,602.0,602.0,10:02:00,10:02:00,0.0,2190,2190L,,,0.0,0.0,/Users/nadan/Documents/projects/demandresponse/outputs/week_20260921/cleanup_physics/saved_sequence_replay.json,,,travel immediately after service; station departure at next-trip deadline,15,7,8,99.0615785,99.0615785,station_inbound,static model reference deadhead,,,,,,,,saved_joint_fee0/routes/0/actions/4
duty_13403_fee0,duty_13403,fee0,13403,0,wait,602.0,610.0,10:02:00,10:10:00,8.0,2190L,2190L,,,0.013333333333333334,0.0,/Users/nadan/Documents/projects/demandresponse/outputs/week_20260921/cleanup_physics/saved_sequence_replay.json,,,"idle after optimized charge, or entire uncharged station visit",16,8,8,99.0615785,99.04824516666666,,,,,,,,,,saved_joint_fee0/routes/0/actions/4
duty_13403_fee0,duty_13403,fee0,13403,0,deadhead,610.0,610.0,10:10:00,10:10:00,0.0,2190L,2190,,,0.0,0.0,/Users/nadan/Documents/projects/demandresponse/outputs/week_20260921/cleanup_physics/saved_sequence_replay.json,,,travel immediately after service; station departure at next-trip deadline,17,8,9,99.04824516666666,99.04824516666666,station_outbound,static model reference deadhead,,,,,,,,saved_joint_fee0/routes/0/actions/4
duty_13403_fee0,duty_13403,fee0,13403,0,service,610.0,667.0,10:10:00,11:07:00,57.0,2190,4808,62,22,41.7299995,0.0,/Users/nadan/Documents/projects/demandresponse/outputs/meeting_20260917/route_explainer/inputs/k05.csv,24,,,18,9,10,99.04824516666666,57.31824566666666,,"scheduled passenger service, not empty deadhead time",13403,5021.0,1.0,,,,,
duty_13403_fee0,duty_13403,fee0,13403,0,deadhead,667.0,667.0,11:07:00,11:07:00,0.0,4808,4808,,,0.0,0.0,/Users/nadan/Documents/projects/demandresponse/outputs/week_20260921/cleanup_physics/saved_sequence_replay.json,,,travel immediately after service; station departure at next-trip deadline,19,10,10,57.31824566666666,57.31824566666666,station_inbound,static model reference deadhead,,,,,,,,saved_joint_fee0/routes/0/actions/5
duty_13403_fee0,duty_13403,fee0,13403,0,charge,667.0,670.6726130343918,11:07:00,11:10:40,3.6726130343918157,4808,4808,,,0.0,20.653299978275996,/Users/nadan/Documents/projects/demandresponse/outputs/week_20260921/cleanup_physics/saved_joint_fee0.json,,,actual optimized charge witness,20,10,10,57.31824566666666,77.97154564494267,,,,,,3.5078711270393566,,"documented 18E1 taper, shared charger count and terminal floor",,routes/0/charges/1
duty_13403_fee0,duty_13403,fee0,13403,0,wait,670.6726130343918,674.0,11:10:40,11:14:00,3.3273869656081843,4808,4808,,,0.005545644942680308,0.0,/Users/nadan/Documents/projects/demandresponse/outputs/week_20260921/cleanup_physics/saved_sequence_replay.json,,,"idle after optimized charge, or entire uncharged station visit",21,10,10,77.97154564494267,77.96599999999998,,,,,,,,,,saved_joint_fee0/routes/0/actions/5
duty_13403_fee0,duty_13403,fee0,13403,0,deadhead,674.0,674.0,11:14:00,11:14:00,0.0,4808,4808,,,0.0,0.0,/Users/nadan/Documents/projects/demandresponse/outputs/week_20260921/cleanup_physics/saved_sequence_replay.json,,,travel immediately after service; station departure at next-trip deadline,22,10,10,77.96599999999998,77.96599999999998,station_outbound,static model reference deadhead,,,,,,,,saved_joint_fee0/routes/0/actions/5
duty_13403_fee0,duty_13403,fee0,13403,0,service,674.0,729.0,11:14:00,12:09:00,55.0,4808,2190,75,27,42.5,0.0,/Users/nadan/Documents/projects/demandresponse/outputs/meeting_20260917/route_explainer/inputs/k05.csv,29,,,23,10,11,77.96599999999998,35.46599999999998,,"scheduled passenger service, not empty deadhead time",13403,5021.0,2.0,,,,,
duty_13403_fee0,duty_13403,fee0,13403,0,deadhead,729.0,729.0,12:09:00,12:09:00,0.0,2190,2190L,,,0.0,0.0,/Users/nadan/Documents/projects/demandresponse/outputs/week_20260921/cleanup_physics/saved_sequence_replay.json,,,travel immediately after service; station departure at next-trip deadline,24,11,12,35.46599999999998,35.46599999999998,station_inbound,static model reference deadhead,,,,,,,,saved_joint_fee0/routes/0/actions/6
duty_13403_fee0,duty_13403,fee0,13403,0,charge,729.0,736.7278105768435,12:09:00,12:16:44,7.727810576843467,2190L,2190L,,,0.0,44.20668188027115,/Users/nadan/Documents/projects/demandresponse/outputs/week_20260921/cleanup_physics/saved_joint_fee0.json,,,actual optimized charge witness,25,12,12,35.46599999999998,79.67268188027113,,,,,,5.516492343421266,,"documented 18E1 taper, shared charger count and terminal floor",,routes/0/charges/2
duty_13403_fee0,duty_13403,fee0,13403,0,wait,736.7278105768435,739.0,12:16:44,12:19:00,2.272189423156533,2190L,2190L,,,0.003786982371927555,0.0,/Users/nadan/Documents/projects/demandresponse/outputs/week_20260921/cleanup_physics/saved_sequence_replay.json,,,"idle after optimized charge, or entire uncharged station visit",26,12,12,79.67268188027113,79.66889489789921,,,,,,,,,,saved_joint_fee0/routes/0/actions/6
duty_13403_fee0,duty_13403,fee0,13403,0,deadhead,739.0,739.0,12:19:00,12:19:00,0.0,2190L,2190,,,0.0,0.0,/Users/nadan/Documents/projects/demandresponse/outputs/week_20260921/cleanup_physics/saved_sequence_replay.json,,,travel immediately after service; station departure at next-trip deadline,27,12,13,79.66889489789921,79.66889489789921,station_outbound,static model reference deadhead,,,,,,,,saved_joint_fee0/routes/0/actions/6
duty_13403_fee0,duty_13403,fee0,13403,0,service,739.0,797.0,12:19:00,13:17:00,58.0,2190,4808,88,32,41.7299995,0.0,/Users/nadan/Documents/projects/demandresponse/outputs/meeting_20260917/route_explainer/inputs/k05.csv,34,,,28,13,14,79.66889489789921,37.93889539789921,,"scheduled passenger service, not empty deadhead time",13403,5021.0,1.0,,,,,
duty_13403_fee0,duty_13403,fee0,13403,0,deadhead,797.0,797.0,13:17:00,13:17:00,0.0,4808,4808,,,0.0,0.0,/Users/nadan/Documents/projects/demandresponse/outputs/week_20260921/cleanup_physics/saved_sequence_replay.json,,,travel immediately after service; station departure at next-trip deadline,29,14,14,37.93889539789921,37.93889539789921,station_inbound,static model reference deadhead,,,,,,,,saved_joint_fee0/routes/0/actions/7
duty_13403_fee0,duty_13403,fee0,13403,0,charge,797.0,804.0,13:17:00,13:24:00,7.0,4808,4808,,,0.0,40.02710460210076,/Users/nadan/Documents/projects/demandresponse/outputs/week_20260921/cleanup_physics/saved_joint_fee0.json,,,actual optimized charge witness,30,14,14,37.93889539789921,77.96599999999998,,,,,,3.5020604432626135,,"documented 18E1 taper, shared charger count and terminal floor",,routes/0/charges/3
duty_13403_fee0,duty_13403,fee0,13403,0,deadhead,804.0,804.0,13:24:00,13:24:00,0.0,4808,4808,,,0.0,0.0,/Users/nadan/Documents/projects/demandresponse/outputs/week_20260921/cleanup_physics/saved_sequence_replay.json,,,travel immediately after service; station departure at next-trip deadline,31,14,14,77.96599999999998,77.96599999999998,station_outbound,static model reference deadhead,,,,,,,,saved_joint_fee0/routes/0/actions/7
duty_13403_fee0,duty_13403,fee0,13403,0,service,804.0,860.0,13:24:00,14:20:00,56.0,4808,2190,101,36,42.5,0.0,/Users/nadan/Documents/projects/demandresponse/outputs/meeting_20260917/route_explainer/inputs/k05.csv,38,,,32,14,15,77.96599999999998,35.46599999999998,,"scheduled passenger service, not empty deadhead time",13403,5021.0,2.0,,,,,
duty_13403_fee0,duty_13403,fee0,13403,0,deadhead,860.0,860.0,14:20:00,14:20:00,0.0,2190,2190L,,,0.0,0.0,/Users/nadan/Documents/projects/demandresponse/outputs/week_20260921/cleanup_physics/saved_sequence_replay.json,,,travel immediately after service; station departure at next-trip deadline,33,15,16,35.46599999999998,35.46599999999998,station_inbound,static model reference deadhead,,,,,,,,saved_joint_fee0/routes/0/actions/8
duty_13403_fee0,duty_13403,fee0,13403,0,charge,860.0,867.7272010065905,14:20:00,14:27:44,7.727201006590462,2190L,2190L,,,0.0,44.203349562888256,/Users/nadan/Documents/projects/demandresponse/outputs/week_20260921/cleanup_physics/saved_joint_fee0.json,,,actual optimized charge witness,34,16,16,35.46599999999998,79.66934956288824,,,,,,2.7054112121268146,,"documented 18E1 taper, shared charger count and terminal floor",,routes/0/charges/4
duty_13403_fee0,duty_13403,fee0,13403,0,wait,867.7272010065905,868.0,14:27:44,14:28:00,0.2727989934095376,2190L,2190L,,,0.00045466498901589606,0.0,/Users/nadan/Documents/projects/demandresponse/outputs/week_20260921/cleanup_physics/saved_sequence_replay.json,,,"idle after optimized charge, or entire uncharged station visit",35,16,16,79.66934956288824,79.66889489789922,,,,,,,,,,saved_joint_fee0/routes/0/actions/8
duty_13403_fee0,duty_13403,fee0,13403,0,deadhead,868.0,868.0,14:28:00,14:28:00,0.0,2190L,2190,,,0.0,0.0,/Users/nadan/Documents/projects/demandresponse/outputs/week_20260921/cleanup_physics/saved_sequence_replay.json,,,travel immediately after service; station departure at next-trip deadline,36,16,17,79.66889489789922,79.66889489789922,station_outbound,static model reference deadhead,,,,,,,,saved_joint_fee0/routes/0/actions/8
duty_13403_fee0,duty_13403,fee0,13403,0,service,868.0,930.0,14:28:00,15:30:00,62.0,2190,4808,114,40,41.7299995,0.0,/Users/nadan/Documents/projects/demandresponse/outputs/meeting_20260917/route_explainer/inputs/k05.csv,42,,,37,17,18,79.66889489789922,37.93889539789922,,"scheduled passenger service, not empty deadhead time",13403,5021.0,1.0,,,,,
duty_13403_fee0,duty_13403,fee0,13403,0,deadhead,930.0,930.0,15:30:00,15:30:00,0.0,4808,4808,,,0.0,0.0,/Users/nadan/Documents/projects/demandresponse/outputs/week_20260921/cleanup_physics/saved_sequence_replay.json,,,travel immediately after service; station departure at next-trip deadline,38,18,18,37.93889539789922,37.93889539789922,station_inbound,static model reference deadhead,,,,,,,,saved_joint_fee0/routes/0/actions/9
duty_13403_fee0,duty_13403,fee0,13403,0,charge,930.0,937.0,15:30:00,15:37:00,7.0,4808,4808,,,0.0,40.02710460210076,/Users/nadan/Documents/projects/demandresponse/outputs/week_20260921/cleanup_physics/saved_joint_fee0.json,,,actual optimized charge witness,39,18,18,37.93889539789922,77.96599999999998,,,,,,1.8074153418101635,,"documented 18E1 taper, shared charger count and terminal floor",,routes/0/charges/5
duty_13403_fee0,duty_13403,fee0,13403,0,deadhead,937.0,937.0,15:37:00,15:37:00,0.0,4808,4808,,,0.0,0.0,/Users/nadan/Documents/projects/demandresponse/outputs/week_20260921/cleanup_physics/saved_sequence_replay.json,,,travel immediately after service; station departure at next-trip deadline,40,18,18,77.96599999999998,77.96599999999998,station_outbound,static model reference deadhead,,,,,,,,saved_joint_fee0/routes/0/actions/9
duty_13403_fee0,duty_13403,fee0,13403,0,service,937.0,996.0,15:37:00,16:36:00,59.0,4808,2190,127,45,42.5,0.0,/Users/nadan/Documents/projects/demandresponse/outputs/meeting_20260917/route_explainer/inputs/k05.csv,47,,,41,18,19,77.96599999999998,35.46599999999998,,"scheduled passenger service, not empty deadhead time",13403,5021.0,2.0,,,,,
duty_13403_fee0,duty_13403,fee0,13403,0,deadhead,996.0,996.0,16:36:00,16:36:00,0.0,2190,2190L,,,0.0,0.0,/Users/nadan/Documents/projects/demandresponse/outputs/week_20260921/cleanup_physics/saved_sequence_replay.json,,,travel immediately after service; station departure at next-trip deadline,42,19,20,35.46599999999998,35.46599999999998,station_inbound,static model reference deadhead,,,,,,,,saved_joint_fee0/routes/0/actions/10
duty_13403_fee0,duty_13403,fee0,13403,0,charge,996.0,1011.9360937087266,16:36:00,16:51:56,15.936093708726617,2190L,2190L,,,0.0,87.5225463771053,/Users/nadan/Documents/projects/demandresponse/outputs/week_20260921/cleanup_physics/saved_joint_fee0.json,,,actual optimized charge witness,43,20,20,35.46599999999998,122.98854637710528,,,,,,3.202121135582398,,"documented 18E1 taper, shared charger count and terminal floor",,routes/0/charges/6
duty_13403_fee0,duty_13403,fee0,13403,0,wait,1011.9360937087266,1020.0,16:51:56,17:00:00,8.063906291273383,2190L,2190L,,,0.013439843818788974,0.0,/Users/nadan/Documents/projects/demandresponse/outputs/week_20260921/cleanup_physics/saved_sequence_replay.json,,,"idle after optimized charge, or entire uncharged station visit",44,20,20,122.98854637710528,122.97510653328649,,,,,,,,,,saved_joint_fee0/routes/0/actions/10
duty_13403_fee0,duty_13403,fee0,13403,0,deadhead,1020.0,1020.0,17:00:00,17:00:00,0.0,2190L,2190,,,0.0,0.0,/Users/nadan/Documents/projects/demandresponse/outputs/week_20260921/cleanup_physics/saved_sequence_replay.json,,,travel immediately after service; station departure at next-trip deadline,45,20,21,122.97510653328649,122.97510653328649,station_outbound,static model reference deadhead,,,,,,,,saved_joint_fee0/routes/0/actions/10
duty_13403_fee0,duty_13403,fee0,13403,0,service,1020.0,1080.0,17:00:00,18:00:00,60.0,2190,4808,144,52,41.7299995,0.0,/Users/nadan/Documents/projects/demandresponse/outputs/meeting_20260917/route_explainer/inputs/k05.csv,54,,,46,21,22,122.97510653328649,81.2451070332865,,"scheduled passenger service, not empty deadhead time",13401,5021.0,1.0,,,,,
duty_13403_fee0,duty_13403,fee0,13403,0,deadhead,1080.0,1080.0,18:00:00,18:00:00,0.0,4808,4808,,,0.0,0.0,/Users/nadan/Documents/projects/demandresponse/outputs/week_20260921/cleanup_physics/saved_sequence_replay.json,,,travel immediately after service; station departure at next-trip deadline,47,22,22,81.2451070332865,81.2451070332865,station_inbound,static model reference deadhead,,,,,,,,saved_joint_fee0/routes/0/actions/11
duty_13403_fee0,duty_13403,fee0,13403,0,charge,1080.0,1087.0,18:00:00,18:07:00,7.0,4808,4808,,,0.0,37.15556149499044,/Users/nadan/Documents/projects/demandresponse/outputs/week_20260921/cleanup_physics/saved_joint_fee0.json,,,actual optimized charge witness,48,22,22,81.2451070332865,118.40066852827694,,,,,,1.1477854932297762,,"documented 18E1 taper, shared charger count and terminal floor",,routes/0/charges/7
duty_13403_fee0,duty_13403,fee0,13403,0,deadhead,1087.0,1087.0,18:07:00,18:07:00,0.0,4808,4808,,,0.0,0.0,/Users/nadan/Documents/projects/demandresponse/outputs/week_20260921/cleanup_physics/saved_sequence_replay.json,,,travel immediately after service; station departure at next-trip deadline,49,22,22,118.40066852827694,118.40066852827694,station_outbound,static model reference deadhead,,,,,,,,saved_joint_fee0/routes/0/actions/11
duty_13403_fee0,duty_13403,fee0,13403,0,service,1087.0,1141.0,18:07:00,19:01:00,54.0,4808,2190,157,57,42.5,0.0,/Users/nadan/Documents/projects/demandresponse/outputs/meeting_20260917/route_explainer/inputs/k05.csv,59,,,50,22,23,118.40066852827694,75.90066852827694,,"scheduled passenger service, not empty deadhead time",13401,5021.0,2.0,,,,,
duty_13403_fee0,duty_13403,fee0,13403,0,deadhead,1141.0,1160.0,19:01:00,19:20:00,19.0,2190,PARX,,,28.0,0.0,/Users/nadan/Documents/projects/demandresponse/outputs/week_20260921/cleanup_physics/saved_sequence_replay.json,,,travel immediately after service; station departure at next-trip deadline,51,23,24,75.90066852827694,47.90066852827694,pull_in,static model reference deadhead,,,,,,,,saved_joint_fee0/routes/0/actions/12
duty_13403_fee5,duty_13403,fee5,13403,3,deadhead,268.0,287.0,04:28:00,04:47:00,19.0,PARX,2190,,,28.0,0.0,/Users/nadan/Documents/projects/demandresponse/outputs/week_20260921/cleanup_physics/saved_sequence_replay.json,,,latest depot departure that reaches first service on time,0,0,1,236.44,208.44,pull_out,static model reference deadhead,,,,,,,,saved_joint_fee5/routes/3/actions/0
duty_13403_fee5,duty_13403,fee5,13403,3,service,287.0,339.0,04:47:00,05:39:00,52.0,2190,4808,2,1,41.7299995,0.0,/Users/nadan/Documents/projects/demandresponse/outputs/meeting_20260917/route_explainer/inputs/k05.csv,3,,,1,1,2,208.44,166.7100005,,"scheduled passenger service, not empty deadhead time",13403,5021.0,1.0,,,,,
duty_13403_fee5,duty_13403,fee5,13403,3,deadhead,339.0,339.0,05:39:00,05:39:00,0.0,4808,4808,,,0.0,0.0,/Users/nadan/Documents/projects/demandresponse/outputs/week_20260921/cleanup_physics/saved_sequence_replay.json,,,travel immediately after service; station departure at next-trip deadline,2,2,2,166.7100005,166.7100005,station_inbound,static model reference deadhead,,,,,,,,saved_joint_fee5/routes/3/actions/1
duty_13403_fee5,duty_13403,fee5,13403,3,wait,339.0,346.0,05:39:00,05:46:00,7.0,4808,4808,,,0.011666666666666667,0.0,/Users/nadan/Documents/projects/demandresponse/outputs/week_20260921/cleanup_physics/saved_sequence_replay.json,,,"idle after optimized charge, or entire uncharged station visit",3,2,2,166.7100005,166.69833383333335,,,,,,,,,,saved_joint_fee5/routes/3/actions/1
duty_13403_fee5,duty_13403,fee5,13403,3,deadhead,346.0,346.0,05:46:00,05:46:00,0.0,4808,4808,,,0.0,0.0,/Users/nadan/Documents/projects/demandresponse/outputs/week_20260921/cleanup_physics/saved_sequence_replay.json,,,travel immediately after service; station departure at next-trip deadline,4,2,2,166.69833383333335,166.69833383333335,station_outbound,static model reference deadhead,,,,,,,,saved_joint_fee5/routes/3/actions/1
duty_13403_fee5,duty_13403,fee5,13403,3,service,346.0,398.0,05:46:00,06:38:00,52.0,4808,2190,10,5,42.5,0.0,/Users/nadan/Documents/projects/demandresponse/outputs/meeting_20260917/route_explainer/inputs/k05.csv,7,,,5,2,3,166.69833383333335,124.19833383333335,,"scheduled passenger service, not empty deadhead time",13403,5021.0,2.0,,,,,
duty_13403_fee5,duty_13403,fee5,13403,3,deadhead,398.0,398.0,06:38:00,06:38:00,0.0,2190,2190L,,,0.0,0.0,/Users/nadan/Documents/projects/demandresponse/outputs/week_20260921/cleanup_physics/saved_sequence_replay.json,,,travel immediately after service; station departure at next-trip deadline,6,3,4,124.19833383333335,124.19833383333335,station_inbound,static model reference deadhead,,,,,,,,saved_joint_fee5/routes/3/actions/2
duty_13403_fee5,duty_13403,fee5,13403,3,wait,398.0,429.0,06:38:00,07:09:00,31.0,2190L,2190L,,,0.05166666666666667,0.0,/Users/nadan/Documents/projects/demandresponse/outputs/week_20260921/cleanup_physics/saved_sequence_replay.json,,,"idle after optimized charge, or entire uncharged station visit",7,4,4,124.19833383333335,124.14666716666669,,,,,,,,,,saved_joint_fee5/routes/3/actions/2
duty_13403_fee5,duty_13403,fee5,13403,3,deadhead,429.0,429.0,07:09:00,07:09:00,0.0,2190L,2190,,,0.0,0.0,/Users/nadan/Documents/projects/demandresponse/outputs/week_20260921/cleanup_physics/saved_sequence_replay.json,,,travel immediately after service; station departure at next-trip deadline,8,4,5,124.14666716666669,124.14666716666669,station_outbound,static model reference deadhead,,,,,,,,saved_joint_fee5/routes/3/actions/2
duty_13403_fee5,duty_13403,fee5,13403,3,service,429.0,488.0,07:09:00,08:08:00,59.0,2190,4808,26,10,41.7299995,0.0,/Users/nadan/Documents/projects/demandresponse/outputs/meeting_20260917/route_explainer/inputs/k05.csv,12,,,9,5,6,124.14666716666669,82.41666766666668,,"scheduled passenger service, not empty deadhead time",13405,5021.0,1.0,,,,,
duty_13403_fee5,duty_13403,fee5,13403,3,deadhead,488.0,488.0,08:08:00,08:08:00,0.0,4808,4808,,,0.0,0.0,/Users/nadan/Documents/projects/demandresponse/outputs/week_20260921/cleanup_physics/saved_sequence_replay.json,,,travel immediately after service; station departure at next-trip deadline,10,6,6,82.41666766666668,82.41666766666668,station_inbound,static model reference deadhead,,,,,,,,saved_joint_fee5/routes/3/actions/3
duty_13403_fee5,duty_13403,fee5,13403,3,wait,488.0,495.0,08:08:00,08:15:00,7.0,4808,4808,,,0.011666666666666667,0.0,/Users/nadan/Documents/projects/demandresponse/outputs/week_20260921/cleanup_physics/saved_sequence_replay.json,,,"idle after optimized charge, or entire uncharged station visit",11,6,6,82.41666766666668,82.40500100000001,,,,,,,,,,saved_joint_fee5/routes/3/actions/3
duty_13403_fee5,duty_13403,fee5,13403,3,deadhead,495.0,495.0,08:15:00,08:15:00,0.0,4808,4808,,,0.0,0.0,/Users/nadan/Documents/projects/demandresponse/outputs/week_20260921/cleanup_physics/saved_sequence_replay.json,,,travel immediately after service; station departure at next-trip deadline,12,6,6,82.40500100000001,82.40500100000001,station_outbound,static model reference deadhead,,,,,,,,saved_joint_fee5/routes/3/actions/3
duty_13403_fee5,duty_13403,fee5,13403,3,service,495.0,554.0,08:15:00,09:14:00,59.0,4808,2190,39,15,42.5,0.0,/Users/nadan/Documents/projects/demandresponse/outputs/meeting_20260917/route_explainer/inputs/k05.csv,17,,,13,6,7,82.40500100000001,39.90500100000001,,"scheduled passenger service, not empty deadhead time",13405,5021.0,2.0,,,,,
duty_13403_fee5,duty_13403,fee5,13403,3,deadhead,554.0,554.0,09:14:00,09:14:00,0.0,2190,2190L,,,0.0,0.0,/Users/nadan/Documents/projects/demandresponse/outputs/week_20260921/cleanup_physics/saved_sequence_replay.json,,,travel immediately after service; station departure at next-trip deadline,14,7,8,39.90500100000001,39.90500100000001,station_inbound,static model reference deadhead,,,,,,,,saved_joint_fee5/routes/3/actions/4
duty_13403_fee5,duty_13403,fee5,13403,3,charge,554.0,577.635469694988,09:14:00,09:37:38,23.635469694988046,2190L,2190L,,,0.0,124.04430785897664,/Users/nadan/Documents/projects/demandresponse/outputs/week_20260921/cleanup_physics/saved_joint_fee5.json,,,actual optimized charge witness,15,8,8,39.90500100000001,163.94930885897665,,,,,,30.77618769310303,,"documented 18E1 taper, shared charger count and terminal floor",,routes/3/charges/0
duty_13403_fee5,duty_13403,fee5,13403,3,wait,577.635469694988,580.0,09:37:38,09:40:00,2.3645303050119537,2190L,2190L,,,0.003940883841686589,0.0,/Users/nadan/Documents/projects/demandresponse/outputs/week_20260921/cleanup_physics/saved_sequence_replay.json,,,"idle after optimized charge, or entire uncharged station visit",16,8,8,163.94930885897665,163.94536797513496,,,,,,,,,,saved_joint_fee5/routes/3/actions/4
duty_13403_fee5,duty_13403,fee5,13403,3,deadhead,580.0,580.0,09:40:00,09:40:00,0.0,2190L,2190,,,0.0,0.0,/Users/nadan/Documents/projects/demandresponse/outputs/week_20260921/cleanup_physics/saved_sequence_replay.json,,,travel immediately after service; station departure at next-trip deadline,17,8,9,163.94536797513496,163.94536797513496,station_outbound,static model reference deadhead,,,,,,,,saved_joint_fee5/routes/3/actions/4
duty_13403_fee5,duty_13403,fee5,13403,3,service,580.0,637.0,09:40:00,10:37:00,57.0,2190,4808,56,20,41.7299995,0.0,/Users/nadan/Documents/projects/demandresponse/outputs/meeting_20260917/route_explainer/inputs/k05.csv,22,,,18,9,10,163.94536797513496,122.21536847513497,,"scheduled passenger service, not empty deadhead time",13401,5021.0,1.0,,,,,
duty_13403_fee5,duty_13403,fee5,13403,3,deadhead,637.0,637.0,10:37:00,10:37:00,0.0,4808,4808,,,0.0,0.0,/Users/nadan/Documents/projects/demandresponse/outputs/week_20260921/cleanup_physics/saved_sequence_replay.json,,,travel immediately after service; station departure at next-trip deadline,19,10,10,122.21536847513497,122.21536847513497,station_inbound,static model reference deadhead,,,,,,,,saved_joint_fee5/routes/3/actions/5
duty_13403_fee5,duty_13403,fee5,13403,3,wait,637.0,644.0,10:37:00,10:44:00,7.0,4808,4808,,,0.011666666666666667,0.0,/Users/nadan/Documents/projects/demandresponse/outputs/week_20260921/cleanup_physics/saved_sequence_replay.json,,,"idle after optimized charge, or entire uncharged station visit",20,10,10,122.21536847513497,122.2037018084683,,,,,,,,,,saved_joint_fee5/routes/3/actions/5
duty_13403_fee5,duty_13403,fee5,13403,3,deadhead,644.0,644.0,10:44:00,10:44:00,0.0,4808,4808,,,0.0,0.0,/Users/nadan/Documents/projects/demandresponse/outputs/week_20260921/cleanup_physics/saved_sequence_replay.json,,,travel immediately after service; station departure at next-trip deadline,21,10,10,122.2037018084683,122.2037018084683,station_outbound,static model reference deadhead,,,,,,,,saved_joint_fee5/routes/3/actions/5
duty_13403_fee5,duty_13403,fee5,13403,3,service,644.0,699.0,10:44:00,11:39:00,55.0,4808,2190,69,25,42.5,0.0,/Users/nadan/Documents/projects/demandresponse/outputs/meeting_20260917/route_explainer/inputs/k05.csv,27,,,22,10,11,122.2037018084683,79.7037018084683,,"scheduled passenger service, not empty deadhead time",13401,5021.0,2.0,,,,,
duty_13403_fee5,duty_13403,fee5,13403,3,deadhead,699.0,699.0,11:39:00,11:39:00,0.0,2190,2190L,,,0.0,0.0,/Users/nadan/Documents/projects/demandresponse/outputs/week_20260921/cleanup_physics/saved_sequence_replay.json,,,travel immediately after service; station departure at next-trip deadline,23,11,12,79.7037018084683,79.7037018084683,station_inbound,static model reference deadhead,,,,,,,,saved_joint_fee5/routes/3/actions/6
duty_13403_fee5,duty_13403,fee5,13403,3,wait,699.0,709.0,11:39:00,11:49:00,10.0,2190L,2190L,,,0.016666666666666666,0.0,/Users/nadan/Documents/projects/demandresponse/outputs/week_20260921/cleanup_physics/saved_sequence_replay.json,,,"idle after optimized charge, or entire uncharged station visit",24,12,12,79.7037018084683,79.68703514180163,,,,,,,,,,saved_joint_fee5/routes/3/actions/6
duty_13403_fee5,duty_13403,fee5,13403,3,deadhead,709.0,709.0,11:49:00,11:49:00,0.0,2190L,2190,,,0.0,0.0,/Users/nadan/Documents/projects/demandresponse/outputs/week_20260921/cleanup_physics/saved_sequence_replay.json,,,travel immediately after service; station departure at next-trip deadline,25,12,13,79.68703514180163,79.68703514180163,station_outbound,static model reference deadhead,,,,,,,,saved_joint_fee5/routes/3/actions/6
duty_13403_fee5,duty_13403,fee5,13403,3,service,709.0,767.0,11:49:00,12:47:00,58.0,2190,4808,82,30,41.7299995,0.0,/Users/nadan/Documents/projects/demandresponse/outputs/meeting_20260917/route_explainer/inputs/k05.csv,32,,,26,13,14,79.68703514180163,37.95703564180163,,"scheduled passenger service, not empty deadhead time",13401,5021.0,1.0,,,,,
duty_13403_fee5,duty_13403,fee5,13403,3,deadhead,767.0,767.0,12:47:00,12:47:00,0.0,4808,4808,,,0.0,0.0,/Users/nadan/Documents/projects/demandresponse/outputs/week_20260921/cleanup_physics/saved_sequence_replay.json,,,travel immediately after service; station departure at next-trip deadline,27,14,14,37.95703564180163,37.95703564180163,station_inbound,static model reference deadhead,,,,,,,,saved_joint_fee5/routes/3/actions/7
duty_13403_fee5,duty_13403,fee5,13403,3,charge,767.0,774.0,12:47:00,12:54:00,7.0,4808,4808,,,0.0,40.025631024865,/Users/nadan/Documents/projects/demandresponse/outputs/week_20260921/cleanup_physics/saved_joint_fee5.json,,,actual optimized charge witness,28,14,14,37.95703564180163,77.98266666666663,,,,,,4.994744633566663,,"documented 18E1 taper, shared charger count and terminal floor",,routes/3/charges/1
duty_13403_fee5,duty_13403,fee5,13403,3,deadhead,774.0,774.0,12:54:00,12:54:00,0.0,4808,4808,,,0.0,0.0,/Users/nadan/Documents/projects/demandresponse/outputs/week_20260921/cleanup_physics/saved_sequence_replay.json,,,travel immediately after service; station departure at next-trip deadline,29,14,14,77.98266666666663,77.98266666666663,station_outbound,static model reference deadhead,,,,,,,,saved_joint_fee5/routes/3/actions/7
duty_13403_fee5,duty_13403,fee5,13403,3,service,774.0,830.0,12:54:00,13:50:00,56.0,4808,2190,95,34,42.5,0.0,/Users/nadan/Documents/projects/demandresponse/outputs/meeting_20260917/route_explainer/inputs/k05.csv,36,,,30,14,15,77.98266666666663,35.48266666666663,,"scheduled passenger service, not empty deadhead time",13401,5021.0,2.0,,,,,
duty_13403_fee5,duty_13403,fee5,13403,3,deadhead,830.0,830.0,13:50:00,13:50:00,0.0,2190,2190L,,,0.0,0.0,/Users/nadan/Documents/projects/demandresponse/outputs/week_20260921/cleanup_physics/saved_sequence_replay.json,,,travel immediately after service; station departure at next-trip deadline,31,15,16,35.48266666666663,35.48266666666663,station_inbound,static model reference deadhead,,,,,,,,saved_joint_fee5/routes/3/actions/8
duty_13403_fee5,duty_13403,fee5,13403,3,wait,830.0,840.0,13:50:00,14:00:00,10.0,2190L,2190L,,,0.016666666666666666,0.0,/Users/nadan/Documents/projects/demandresponse/outputs/week_20260921/cleanup_physics/saved_joint_fee5.json,,,idle before optimized charge in fixed station visit,32,16,16,35.48266666666663,35.465999999999966,,,,,,,,,,routes/3/charges/2
duty_13403_fee5,duty_13403,fee5,13403,3,charge,840.0,860.0,14:00:00,14:20:00,20.0,2190L,2190L,,,0.0,107.70760018269245,/Users/nadan/Documents/projects/demandresponse/outputs/week_20260921/cleanup_physics/saved_joint_fee5.json,,,actual optimized charge witness,33,16,16,35.465999999999966,143.1736001826924,,,,,,6.592110146561647,,"documented 18E1 taper, shared charger count and terminal floor",,routes/3/charges/2
duty_13403_fee5,duty_13403,fee5,13403,3,wait,860.0,868.0,14:20:00,14:28:00,8.0,2190L,2190L,,,0.013333333333333334,0.0,/Users/nadan/Documents/projects/demandresponse/outputs/week_20260921/cleanup_physics/saved_sequence_replay.json,,,"idle after optimized charge, or entire uncharged station visit",34,16,16,143.1736001826924,143.1602668493591,,,,,,,,,,saved_joint_fee5/routes/3/actions/8
duty_13403_fee5,duty_13403,fee5,13403,3,deadhead,868.0,868.0,14:28:00,14:28:00,0.0,2190L,2190,,,0.0,0.0,/Users/nadan/Documents/projects/demandresponse/outputs/week_20260921/cleanup_physics/saved_sequence_replay.json,,,travel immediately after service; station departure at next-trip deadline,35,16,17,143.1602668493591,143.1602668493591,station_outbound,static model reference deadhead,,,,,,,,saved_joint_fee5/routes/3/actions/8
duty_13403_fee5,duty_13403,fee5,13403,3,service,868.0,930.0,14:28:00,15:30:00,62.0,2190,4808,114,40,41.7299995,0.0,/Users/nadan/Documents/projects/demandresponse/outputs/meeting_20260917/route_explainer/inputs/k05.csv,42,,,36,17,18,143.1602668493591,101.4302673493591,,"scheduled passenger service, not empty deadhead time",13403,5021.0,1.0,,,,,
duty_13403_fee5,duty_13403,fee5,13403,3,deadhead,930.0,930.0,15:30:00,15:30:00,0.0,4808,4808,,,0.0,0.0,/Users/nadan/Documents/projects/demandresponse/outputs/week_20260921/cleanup_physics/saved_sequence_replay.json,,,travel immediately after service; station departure at next-trip deadline,37,18,18,101.4302673493591,101.4302673493591,station_inbound,static model reference deadhead,,,,,,,,saved_joint_fee5/routes/3/actions/9
duty_13403_fee5,duty_13403,fee5,13403,3,wait,930.0,937.0,15:30:00,15:37:00,7.0,4808,4808,,,0.011666666666666667,0.0,/Users/nadan/Documents/projects/demandresponse/outputs/week_20260921/cleanup_physics/saved_sequence_replay.json,,,"idle after optimized charge, or entire uncharged station visit",38,18,18,101.4302673493591,101.41860068269243,,,,,,,,,,saved_joint_fee5/routes/3/actions/9
duty_13403_fee5,duty_13403,fee5,13403,3,deadhead,937.0,937.0,15:37:00,15:37:00,0.0,4808,4808,,,0.0,0.0,/Users/nadan/Documents/projects/demandresponse/outputs/week_20260921/cleanup_physics/saved_sequence_replay.json,,,travel immediately after service; station departure at next-trip deadline,39,18,18,101.41860068269243,101.41860068269243,station_outbound,static model reference deadhead,,,,,,,,saved_joint_fee5/routes/3/actions/9
duty_13403_fee5,duty_13403,fee5,13403,3,service,937.0,996.0,15:37:00,16:36:00,59.0,4808,2190,127,45,42.5,0.0,/Users/nadan/Documents/projects/demandresponse/outputs/meeting_20260917/route_explainer/inputs/k05.csv,47,,,40,18,19,101.41860068269243,58.91860068269243,,"scheduled passenger service, not empty deadhead time",13403,5021.0,2.0,,,,,
duty_13403_fee5,duty_13403,fee5,13403,3,deadhead,996.0,996.0,16:36:00,16:36:00,0.0,2190,2190L,,,0.0,0.0,/Users/nadan/Documents/projects/demandresponse/outputs/week_20260921/cleanup_physics/saved_sequence_replay.json,,,travel immediately after service; station departure at next-trip deadline,41,19,20,58.91860068269243,58.91860068269243,station_inbound,static model reference deadhead,,,,,,,,saved_joint_fee5/routes/3/actions/10
duty_13403_fee5,duty_13403,fee5,13403,3,charge,996.0,1007.9093932533598,16:36:00,16:47:55,11.90939325335978,2190L,2190L,,,0.0,64.05832352850433,/Users/nadan/Documents/projects/demandresponse/outputs/week_20260921/cleanup_physics/saved_joint_fee5.json,,,actual optimized charge witness,42,20,20,58.91860068269243,122.97692421119676,,,,,,2.343653380430637,,"documented 18E1 taper, shared charger count and terminal floor",,routes/3/charges/3
duty_13403_fee5,duty_13403,fee5,13403,3,wait,1007.9093932533598,1009.0,16:47:55,16:49:00,1.0906067466402192,2190L,2190L,,,0.0018176779110670321,0.0,/Users/nadan/Documents/projects/demandresponse/outputs/week_20260921/cleanup_physics/saved_sequence_replay.json,,,"idle after optimized charge, or entire uncharged station visit",43,20,20,122.97692421119676,122.9751065332857,,,,,,,,,,saved_joint_fee5/routes/3/actions/10
duty_13403_fee5,duty_13403,fee5,13403,3,deadhead,1009.0,1009.0,16:49:00,16:49:00,0.0,2190L,2190,,,0.0,0.0,/Users/nadan/Documents/projects/demandresponse/outputs/week_20260921/cleanup_physics/saved_sequence_replay.json,,,travel immediately after service; station departure at next-trip deadline,44,20,21,122.9751065332857,122.9751065332857,station_outbound,static model reference deadhead,,,,,,,,saved_joint_fee5/routes/3/actions/10
duty_13403_fee5,duty_13403,fee5,13403,3,service,1009.0,1070.0,16:49:00,17:50:00,61.0,2190,4808,142,50,41.7299995,0.0,/Users/nadan/Documents/projects/demandresponse/outputs/meeting_20260917/route_explainer/inputs/k05.csv,52,,,45,21,22,122.9751065332857,81.2451070332857,,"scheduled passenger service, not empty deadhead time",13403,5021.0,1.0,,,,,
duty_13403_fee5,duty_13403,fee5,13403,3,deadhead,1070.0,1070.0,17:50:00,17:50:00,0.0,4808,4808,,,0.0,0.0,/Users/nadan/Documents/projects/demandresponse/outputs/week_20260921/cleanup_physics/saved_sequence_replay.json,,,travel immediately after service; station departure at next-trip deadline,46,22,22,81.2451070332857,81.2451070332857,station_inbound,static model reference deadhead,,,,,,,,saved_joint_fee5/routes/3/actions/11
duty_13403_fee5,duty_13403,fee5,13403,3,charge,1070.0,1077.0,17:50:00,17:57:00,7.0,4808,4808,,,0.0,37.15556149499122,/Users/nadan/Documents/projects/demandresponse/outputs/week_20260921/cleanup_physics/saved_joint_fee5.json,,,actual optimized charge witness,47,22,22,81.2451070332857,118.40066852827692,,,,,,1.2098356369953522,,"documented 18E1 taper, shared charger count and terminal floor",,routes/3/charges/4
duty_13403_fee5,duty_13403,fee5,13403,3,deadhead,1077.0,1077.0,17:57:00,17:57:00,0.0,4808,4808,,,0.0,0.0,/Users/nadan/Documents/projects/demandresponse/outputs/week_20260921/cleanup_physics/saved_sequence_replay.json,,,travel immediately after service; station departure at next-trip deadline,48,22,22,118.40066852827692,118.40066852827692,station_outbound,static model reference deadhead,,,,,,,,saved_joint_fee5/routes/3/actions/11
duty_13403_fee5,duty_13403,fee5,13403,3,service,1077.0,1131.0,17:57:00,18:51:00,54.0,4808,2190,155,55,42.5,0.0,/Users/nadan/Documents/projects/demandresponse/outputs/meeting_20260917/route_explainer/inputs/k05.csv,57,,,49,22,23,118.40066852827692,75.90066852827692,,"scheduled passenger service, not empty deadhead time",13403,5021.0,2.0,,,,,
duty_13403_fee5,duty_13403,fee5,13403,3,deadhead,1131.0,1150.0,18:51:00,19:10:00,19.0,2190,PARX,,,28.0,0.0,/Users/nadan/Documents/projects/demandresponse/outputs/week_20260921/cleanup_physics/saved_sequence_replay.json,,,travel immediately after service; station departure at next-trip deadline,50,23,24,75.90066852827692,47.900668528276924,pull_in,static model reference deadhead,,,,,,,,saved_joint_fee5/routes/3/actions/12
duty_13405_original,duty_13405,original,13405,,prep,281.0,288.0,04:41:00,04:48:00,7.0,PARX,PARX,,,0.0,0.0,/Users/nadan/Documents/projects/demandresponse/data/Par_VehicleDetails_Updated.csv,1752,Prep-out,recorded GIRO clock interval,0,0,0,236.44,236.44,,,,,,,,,,
duty_13405_original,duty_13405,original,13405,,deadhead,288.0,307.0,04:48:00,05:07:00,19.0,PARX,2190,,,28.0,0.0,/Users/nadan/Documents/projects/demandresponse/data/Par_VehicleDetails_Updated.csv,1753,Pull-out,recorded GIRO clock interval,1,0,1,236.44,208.44,pull_out,recorded directional GIRO movement; may use time-dependent band,,,,,,,,
duty_13405_original,duty_13405,original,13405,,service,307.0,359.0,05:07:00,05:59:00,52.0,2190,4808,4,2,41.7299995,0.0,/Users/nadan/Documents/projects/demandresponse/data/Par_VehicleDetails_Updated.csv,1754,Regular,recorded GIRO clock interval,2,1,2,208.44,166.7100005,,"scheduled passenger service, not empty deadhead time",13405,5021.0,1.0,,,,,
duty_13405_original,duty_13405,original,13405,,charge,359.0,366.0,05:59:00,06:06:00,7.0,4808,4808,,,0.0,27.474226,/Users/nadan/Documents/projects/demandresponse/data/Par_VehicleDetails_Updated.csv,1755,Recharge,recorded GIRO clock interval,3,2,2,166.7100005,194.18422650000002,,,,,,5.695104326979065,7.000001600000012,recorded recharge kWh; maximum documented taper reconstructs within-window power,/Users/nadan/Documents/projects/demandresponse/outputs/week_20260921/cleanup_physics/baseline.json,
duty_13405_original,duty_13405,original,13405,,service,366.0,419.0,06:06:00,06:59:00,53.0,4808,2190,13,6,42.5,0.0,/Users/nadan/Documents/projects/demandresponse/data/Par_VehicleDetails_Updated.csv,1756,Regular,recorded GIRO clock interval,4,2,3,194.18422650000002,151.68422650000002,,"scheduled passenger service, not empty deadhead time",13405,5021.0,2.0,,,,,
duty_13405_original,duty_13405,original,13405,,deadhead,419.0,420.0,06:59:00,07:00:00,1.0,2190,2190L,,,0.400000006,0.0,/Users/nadan/Documents/projects/demandresponse/data/Par_VehicleDetails_Updated.csv,1757,Deadhead,recorded GIRO clock interval,5,3,4,151.68422650000002,151.28422649400002,deadhead,recorded directional GIRO movement; may use time-dependent band,,,,,,,,
duty_13405_original,duty_13405,original,13405,,charge,420.0,429.0,07:00:00,07:09:00,9.0,2190L,2190L,,,0.0,39.7328682,/Users/nadan/Documents/projects/demandresponse/data/Par_VehicleDetails_Updated.csv,1758,Recharge,recorded GIRO clock interval,6,4,4,151.28422649400002,191.01709469400004,,,,,,9.8579792206082,9.000001436764236,recorded recharge kWh; maximum documented taper reconstructs within-window power,/Users/nadan/Documents/projects/demandresponse/outputs/week_20260921/cleanup_physics/baseline.json,
duty_13405_original,duty_13405,original,13405,,deadhead,429.0,429.0,07:09:00,07:09:00,0.0,2190L,2190,,,0.0,0.0,/Users/nadan/Documents/projects/demandresponse/data/Par_VehicleDetails_Updated.csv,1759,Deadhead,recorded GIRO clock interval,7,4,5,191.01709469400004,191.01709469400004,deadhead,recorded directional GIRO movement; may use time-dependent band,,,,,,,,
duty_13405_original,duty_13405,original,13405,,service,429.0,488.0,07:09:00,08:08:00,59.0,2190,4808,26,10,41.7299995,0.0,/Users/nadan/Documents/projects/demandresponse/data/Par_VehicleDetails_Updated.csv,1760,Regular,recorded GIRO clock interval,8,5,6,191.01709469400004,149.28709519400005,,"scheduled passenger service, not empty deadhead time",13405,5021.0,1.0,,,,,
duty_13405_original,duty_13405,original,13405,,charge,488.0,495.0,08:08:00,08:15:00,7.0,4808,4808,,,0.0,32.326725,/Users/nadan/Documents/projects/demandresponse/data/Par_VehicleDetails_Updated.csv,1761,Recharge,recorded GIRO clock interval,9,6,6,149.28709519400005,181.61382019400006,,,,,,8.423256272781973,7.000000111550872,recorded recharge kWh; maximum documented taper reconstructs within-window power,/Users/nadan/Documents/projects/demandresponse/outputs/week_20260921/cleanup_physics/baseline.json,
duty_13405_original,duty_13405,original,13405,,service,495.0,554.0,08:15:00,09:14:00,59.0,4808,2190,39,15,42.5,0.0,/Users/nadan/Documents/projects/demandresponse/data/Par_VehicleDetails_Updated.csv,1762,Regular,recorded GIRO clock interval,10,6,7,181.61382019400006,139.11382019400006,,"scheduled passenger service, not empty deadhead time",13405,5021.0,2.0,,,,,
duty_13405_original,duty_13405,original,13405,,deadhead,554.0,555.0,09:14:00,09:15:00,1.0,2190,2190L,,,0.400000006,0.0,/Users/nadan/Documents/projects/demandresponse/data/Par_VehicleDetails_Updated.csv,1763,Deadhead,recorded GIRO clock interval,11,7,8,139.11382019400006,138.71382018800006,deadhead,recorded directional GIRO movement; may use time-dependent band,,,,,,,,
duty_13405_original,duty_13405,original,13405,,charge,555.0,560.0,09:15:00,09:20:00,5.0,2190L,2190L,,,0.0,23.8611031,/Users/nadan/Documents/projects/demandresponse/data/Par_VehicleDetails_Updated.csv,1764,Recharge,recorded GIRO clock interval,12,8,8,138.71382018800006,162.57492328800006,,,,,,5.920092588246278,5.00000039002369,recorded recharge kWh; maximum documented taper reconstructs within-window power,/Users/nadan/Documents/projects/demandresponse/outputs/week_20260921/cleanup_physics/baseline.json,
duty_13405_original,duty_13405,original,13405,,deadhead,560.0,560.0,09:20:00,09:20:00,0.0,2190L,2190,,,0.0,0.0,/Users/nadan/Documents/projects/demandresponse/data/Par_VehicleDetails_Updated.csv,1765,Deadhead,recorded GIRO clock interval,13,8,9,162.57492328800006,162.57492328800006,deadhead,recorded directional GIRO movement; may use time-dependent band,,,,,,,,
duty_13405_original,duty_13405,original,13405,,service,560.0,617.0,09:20:00,10:17:00,57.0,2190,4808,52,19,41.7299995,0.0,/Users/nadan/Documents/projects/demandresponse/data/Par_VehicleDetails_Updated.csv,1766,Regular,recorded GIRO clock interval,14,9,10,162.57492328800006,120.84492378800007,,"scheduled passenger service, not empty deadhead time",13405,5021.0,1.0,,,,,
duty_13405_original,duty_13405,original,13405,,charge,617.0,624.0,10:17:00,10:24:00,7.0,4808,4808,,,0.0,34.2109871,/Users/nadan/Documents/projects/demandresponse/data/Par_VehicleDetails_Updated.csv,1767,Recharge,recorded GIRO clock interval,15,10,10,120.84492378800007,155.05591088800008,,,,,,7.342467719169452,7.000000144236619,recorded recharge kWh; maximum documented taper reconstructs within-window power,/Users/nadan/Documents/projects/demandresponse/outputs/week_20260921/cleanup_physics/baseline.json,
duty_13405_original,duty_13405,original,13405,,service,624.0,679.0,10:24:00,11:19:00,55.0,4808,2190,65,23,42.5,0.0,/Users/nadan/Documents/projects/demandresponse/data/Par_VehicleDetails_Updated.csv,1768,Regular,recorded GIRO clock interval,16,10,11,155.05591088800008,112.55591088800008,,"scheduled passenger service, not empty deadhead time",13405,5021.0,2.0,,,,,
duty_13405_original,duty_13405,original,13405,,deadhead,679.0,680.0,11:19:00,11:20:00,1.0,2190,2190L,,,0.400000006,0.0,/Users/nadan/Documents/projects/demandresponse/data/Par_VehicleDetails_Updated.csv,1769,Deadhead,recorded GIRO clock interval,17,11,12,112.55591088800008,112.15591088200009,deadhead,recorded directional GIRO movement; may use time-dependent band,,,,,,,,
duty_13405_original,duty_13405,original,13405,,charge,680.0,689.0,11:20:00,11:29:00,9.0,2190L,2190L,,,0.0,44.3825684,/Users/nadan/Documents/projects/demandresponse/data/Par_VehicleDetails_Updated.csv,1770,Recharge,recorded GIRO clock interval,18,12,12,112.15591088200009,156.53847928200008,,,,,,7.538181811040648,9.000000125058538,recorded recharge kWh; maximum documented taper reconstructs within-window power,/Users/nadan/Documents/projects/demandresponse/outputs/week_20260921/cleanup_physics/baseline.json,
duty_13405_original,duty_13405,original,13405,,deadhead,689.0,689.0,11:29:00,11:29:00,0.0,2190L,2190,,,0.0,0.0,/Users/nadan/Documents/projects/demandresponse/data/Par_VehicleDetails_Updated.csv,1771,Deadhead,recorded GIRO clock interval,19,12,13,156.53847928200008,156.53847928200008,deadhead,recorded directional GIRO movement; may use time-dependent band,,,,,,,,
duty_13405_original,duty_13405,original,13405,,service,689.0,747.0,11:29:00,12:27:00,58.0,2190,4808,78,28,41.7299995,0.0,/Users/nadan/Documents/projects/demandresponse/data/Par_VehicleDetails_Updated.csv,1772,Regular,recorded GIRO clock interval,20,13,14,156.53847928200008,114.80847978200009,,"scheduled passenger service, not empty deadhead time",13405,5021.0,1.0,,,,,
duty_13405_original,duty_13405,original,13405,,charge,747.0,754.0,12:27:00,12:34:00,7.0,4808,4808,,,0.0,34.653862,/Users/nadan/Documents/projects/demandresponse/data/Par_VehicleDetails_Updated.csv,1773,Recharge,recorded GIRO clock interval,21,14,14,114.80847978200009,149.4623417820001,,,,,,4.324408805680897,7.000000153110776,recorded recharge kWh; maximum documented taper reconstructs within-window power,/Users/nadan/Documents/projects/demandresponse/outputs/week_20260921/cleanup_physics/baseline.json,
duty_13405_original,duty_13405,original,13405,,service,754.0,810.0,12:34:00,13:30:00,56.0,4808,2190,91,33,42.5,0.0,/Users/nadan/Documents/projects/demandresponse/data/Par_VehicleDetails_Updated.csv,1774,Regular,recorded GIRO clock interval,22,14,15,149.4623417820001,106.9623417820001,,"scheduled passenger service, not empty deadhead time",13405,5021.0,2.0,,,,,
duty_13405_original,duty_13405,original,13405,,deadhead,810.0,811.0,13:30:00,13:31:00,1.0,2190,2190L,,,0.400000006,0.0,/Users/nadan/Documents/projects/demandresponse/data/Par_VehicleDetails_Updated.csv,1775,Deadhead,recorded GIRO clock interval,23,15,16,106.9623417820001,106.5623417760001,deadhead,recorded directional GIRO movement; may use time-dependent band,,,,,,,,
duty_13405_original,duty_13405,original,13405,,charge,811.0,820.0,13:31:00,13:40:00,9.0,2190L,2190L,,,4.752992014781891e-10,44.8999939,/Users/nadan/Documents/projects/demandresponse/data/Par_VehicleDetails_Updated.csv,1776,Recharge,recorded GIRO clock interval,24,16,16,106.5623417760001,151.4623356755248,,,,,,3.9284003702748267,8.99999971482048,recorded recharge kWh; maximum documented taper reconstructs within-window power,/Users/nadan/Documents/projects/demandresponse/outputs/week_20260921/cleanup_physics/baseline.json,
duty_13405_original,duty_13405,original,13405,,deadhead,820.0,820.0,13:40:00,13:40:00,0.0,2190L,2190,,,0.0,0.0,/Users/nadan/Documents/projects/demandresponse/data/Par_VehicleDetails_Updated.csv,1777,Deadhead,recorded GIRO clock interval,25,16,17,151.4623356755248,151.4623356755248,deadhead,recorded directional GIRO movement; may use time-dependent band,,,,,,,,
duty_13405_original,duty_13405,original,13405,,service,820.0,879.0,13:40:00,14:39:00,59.0,2190,4808,104,37,41.7299995,0.0,/Users/nadan/Documents/projects/demandresponse/data/Par_VehicleDetails_Updated.csv,1778,Regular,recorded GIRO clock interval,26,17,18,151.4623356755248,109.73233617552481,,"scheduled passenger service, not empty deadhead time",13405,5021.0,1.0,,,,,
duty_13405_original,duty_13405,original,13405,,charge,879.0,886.0,14:39:00,14:46:00,7.0,4808,4808,,,0.0,35.1234283,/Users/nadan/Documents/projects/demandresponse/data/Par_VehicleDetails_Updated.csv,1779,Recharge,recorded GIRO clock interval,27,18,18,109.73233617552481,144.8557644755248,,,,,,2.1496858874000417,7.0000007386842,recorded recharge kWh; maximum documented taper reconstructs within-window power,/Users/nadan/Documents/projects/demandresponse/outputs/week_20260921/cleanup_physics/baseline.json,
duty_13405_original,duty_13405,original,13405,,service,886.0,943.0,14:46:00,15:43:00,57.0,4808,2190,117,42,42.5,0.0,/Users/nadan/Documents/projects/demandresponse/data/Par_VehicleDetails_Updated.csv,1780,Regular,recorded GIRO clock interval,28,18,19,144.8557644755248,102.35576447552481,,"scheduled passenger service, not empty deadhead time",13405,5021.0,2.0,,,,,
duty_13405_original,duty_13405,original,13405,,deadhead,943.0,944.0,15:43:00,15:44:00,1.0,2190,2190L,,,0.400000006,0.0,/Users/nadan/Documents/projects/demandresponse/data/Par_VehicleDetails_Updated.csv,1781,Deadhead,recorded GIRO clock interval,29,19,20,102.35576447552481,101.95576446952481,deadhead,recorded directional GIRO movement; may use time-dependent band,,,,,,,,
duty_13405_original,duty_13405,original,13405,,charge,944.0,948.0,15:44:00,15:48:00,4.0,2190L,2190L,,,0.0,20.6855869,/Users/nadan/Documents/projects/demandresponse/data/Par_VehicleDetails_Updated.csv,1782,Recharge,recorded GIRO clock interval,30,20,20,101.95576446952481,122.64135136952481,,,,,,0.9340532493935308,4.000000049900375,recorded recharge kWh; maximum documented taper reconstructs within-window power,/Users/nadan/Documents/projects/demandresponse/outputs/week_20260921/cleanup_physics/baseline.json,
duty_13405_original,duty_13405,original,13405,,deadhead,948.0,948.0,15:48:00,15:48:00,0.0,2190L,2190,,,0.0,0.0,/Users/nadan/Documents/projects/demandresponse/data/Par_VehicleDetails_Updated.csv,1783,Deadhead,recorded GIRO clock interval,31,20,21,122.64135136952481,122.64135136952481,deadhead,recorded directional GIRO movement; may use time-dependent band,,,,,,,,
duty_13405_original,duty_13405,original,13405,,service,948.0,1011.0,15:48:00,16:51:00,63.0,2190,4808,130,47,41.7299995,0.0,/Users/nadan/Documents/projects/demandresponse/data/Par_VehicleDetails_Updated.csv,1784,Regular,recorded GIRO clock interval,32,21,22,122.64135136952481,80.91135186952482,,"scheduled passenger service, not empty deadhead time",13405,5021.0,1.0,,,,,
duty_13405_original,duty_13405,original,13405,,charge,1011.0,1018.0,16:51:00,16:58:00,7.0,4808,4808,,,1.0609162141387667e-10,37.1790771,/Users/nadan/Documents/projects/demandresponse/data/Par_VehicleDetails_Updated.csv,1785,Recharge,recorded GIRO clock interval,33,22,22,80.91135186952482,118.09042896941872,,,,,,1.360242743285856,6.999999936345027,recorded recharge kWh; maximum documented taper reconstructs within-window power,/Users/nadan/Documents/projects/demandresponse/outputs/week_20260921/cleanup_physics/baseline.json,
duty_13405_original,duty_13405,original,13405,,service,1018.0,1075.0,16:58:00,17:55:00,57.0,4808,2190,143,51,42.5,0.0,/Users/nadan/Documents/projects/demandresponse/data/Par_VehicleDetails_Updated.csv,1786,Regular,recorded GIRO clock interval,34,22,23,118.09042896941872,75.59042896941872,,"scheduled passenger service, not empty deadhead time",13405,5021.0,2.0,,,,,
duty_13405_original,duty_13405,original,13405,,deadhead,1075.0,1076.0,17:55:00,17:56:00,1.0,2190,2190L,,,0.400000006,0.0,/Users/nadan/Documents/projects/demandresponse/data/Par_VehicleDetails_Updated.csv,1787,Deadhead,recorded GIRO clock interval,35,23,24,75.59042896941872,75.19042896341873,deadhead,recorded directional GIRO movement; may use time-dependent band,,,,,,,,
duty_13405_original,duty_13405,original,13405,,charge,1076.0,1082.0,17:56:00,18:02:00,6.0,2190L,2190L,,,0.0,32.2069855,/Users/nadan/Documents/projects/demandresponse/data/Par_VehicleDetails_Updated.csv,1788,Recharge,recorded GIRO clock interval,36,24,24,75.19042896341873,107.39741446341873,,,,,,1.0312516669444889,6.00000027072562,recorded recharge kWh; maximum documented taper reconstructs within-window power,/Users/nadan/Documents/projects/demandresponse/outputs/week_20260921/cleanup_physics/baseline.json,
duty_13405_original,duty_13405,original,13405,,deadhead,1082.0,1082.0,18:02:00,18:02:00,0.0,2190L,2190,,,0.0,0.0,/Users/nadan/Documents/projects/demandresponse/data/Par_VehicleDetails_Updated.csv,1789,Deadhead,recorded GIRO clock interval,37,24,25,107.39741446341873,107.39741446341873,deadhead,recorded directional GIRO movement; may use time-dependent band,,,,,,,,
duty_13405_original,duty_13405,original,13405,,service,1082.0,1139.0,18:02:00,18:59:00,57.0,2190,4808,156,56,41.7299995,0.0,/Users/nadan/Documents/projects/demandresponse/data/Par_VehicleDetails_Updated.csv,1790,Regular,recorded GIRO clock interval,38,25,26,107.39741446341873,65.66741496341874,,"scheduled passenger service, not empty deadhead time",13405,5021.0,1.0,,,,,
duty_13405_original,duty_13405,original,13405,,deadhead,1139.0,1146.0,18:59:00,19:06:00,7.0,4808,PARX,,,7.80000019,0.0,/Users/nadan/Documents/projects/demandresponse/data/Par_VehicleDetails_Updated.csv,1791,Pull-in,recorded GIRO clock interval,39,26,27,65.66741496341874,57.86741477341874,pull_in,recorded directional GIRO movement; may use time-dependent band,,,,,,,,
duty_13405_original,duty_13405,original,13405,,prep,1146.0,1149.0,19:06:00,19:09:00,3.0,PARX,PARX,,,0.0,0.0,/Users/nadan/Documents/projects/demandresponse/data/Par_VehicleDetails_Updated.csv,1792,Prep-in,recorded GIRO clock interval,40,27,27,57.86741477341874,57.86741477341874,,,,,,,,,,
duty_13405_fee0,duty_13405,fee0,13405,2,deadhead,288.0,307.0,04:48:00,05:07:00,19.0,PARX,2190,,,28.0,0.0,/Users/nadan/Documents/projects/demandresponse/outputs/week_20260921/cleanup_physics/saved_sequence_replay.json,,,latest depot departure that reaches first service on time,0,0,1,236.44,208.44,pull_out,static model reference deadhead,,,,,,,,saved_joint_fee0/routes/2/actions/0
duty_13405_fee0,duty_13405,fee0,13405,2,service,307.0,359.0,05:07:00,05:59:00,52.0,2190,4808,4,2,41.7299995,0.0,/Users/nadan/Documents/projects/demandresponse/outputs/meeting_20260917/route_explainer/inputs/k05.csv,4,,,1,1,2,208.44,166.7100005,,"scheduled passenger service, not empty deadhead time",13405,5021.0,1.0,,,,,
duty_13405_fee0,duty_13405,fee0,13405,2,deadhead,359.0,359.0,05:59:00,05:59:00,0.0,4808,4808,,,0.0,0.0,/Users/nadan/Documents/projects/demandresponse/outputs/week_20260921/cleanup_physics/saved_sequence_replay.json,,,travel immediately after service; station departure at next-trip deadline,2,2,2,166.7100005,166.7100005,station_inbound,static model reference deadhead,,,,,,,,saved_joint_fee0/routes/2/actions/1
duty_13405_fee0,duty_13405,fee0,13405,2,wait,359.0,360.7101816855174,05:59:00,06:00:43,1.710181685517398,4808,4808,,,0.0028503028091956635,0.0,/Users/nadan/Documents/projects/demandresponse/outputs/week_20260921/cleanup_physics/saved_joint_fee0.json,,,idle before optimized charge in fixed station visit,3,2,2,166.7100005,166.7071501971908,,,,,,,,,,routes/2/charges/0
duty_13405_fee0,duty_13405,fee0,13405,2,charge,360.7101816855174,366.0,06:00:43,06:06:00,5.289818314482602,4808,4808,,,0.0,23.200034587455008,/Users/nadan/Documents/projects/demandresponse/outputs/week_20260921/cleanup_physics/saved_joint_fee0.json,,,actual optimized charge witness,4,2,2,166.7071501971908,189.9071847846458,,,,,,4.979263081304113,,"documented 18E1 taper, shared charger count and terminal floor",,routes/2/charges/0
duty_13405_fee0,duty_13405,fee0,13405,2,deadhead,366.0,366.0,06:06:00,06:06:00,0.0,4808,4808,,,0.0,0.0,/Users/nadan/Documents/projects/demandresponse/outputs/week_20260921/cleanup_physics/saved_sequence_replay.json,,,travel immediately after service; station departure at next-trip deadline,5,2,2,189.9071847846458,189.9071847846458,station_outbound,static model reference deadhead,,,,,,,,saved_joint_fee0/routes/2/actions/1
duty_13405_fee0,duty_13405,fee0,13405,2,service,366.0,419.0,06:06:00,06:59:00,53.0,4808,2190,13,6,42.5,0.0,/Users/nadan/Documents/projects/demandresponse/outputs/meeting_20260917/route_explainer/inputs/k05.csv,8,,,6,2,3,189.9071847846458,147.4071847846458,,"scheduled passenger service, not empty deadhead time",13405,5021.0,2.0,,,,,
duty_13405_fee0,duty_13405,fee0,13405,2,deadhead,419.0,419.0,06:59:00,06:59:00,0.0,2190,2190L,,,0.0,0.0,/Users/nadan/Documents/projects/demandresponse/outputs/week_20260921/cleanup_physics/saved_sequence_replay.json,,,travel immediately after service; station departure at next-trip deadline,7,3,4,147.4071847846458,147.4071847846458,station_inbound,static model reference deadhead,,,,,,,,saved_joint_fee0/routes/2/actions/2
duty_13405_fee0,duty_13405,fee0,13405,2,wait,419.0,429.0,06:59:00,07:09:00,10.0,2190L,2190L,,,0.016666666666666666,0.0,/Users/nadan/Documents/projects/demandresponse/outputs/week_20260921/cleanup_physics/saved_sequence_replay.json,,,"idle after optimized charge, or entire uncharged station visit",8,4,4,147.4071847846458,147.39051811797913,,,,,,,,,,saved_joint_fee0/routes/2/actions/2
duty_13405_fee0,duty_13405,fee0,13405,2,deadhead,429.0,429.0,07:09:00,07:09:00,0.0,2190L,2190,,,0.0,0.0,/Users/nadan/Documents/projects/demandresponse/outputs/week_20260921/cleanup_physics/saved_sequence_replay.json,,,travel immediately after service; station departure at next-trip deadline,9,4,5,147.39051811797913,147.39051811797913,station_outbound,static model reference deadhead,,,,,,,,saved_joint_fee0/routes/2/actions/2
duty_13405_fee0,duty_13405,fee0,13405,2,service,429.0,488.0,07:09:00,08:08:00,59.0,2190,4808,26,10,41.7299995,0.0,/Users/nadan/Documents/projects/demandresponse/outputs/meeting_20260917/route_explainer/inputs/k05.csv,12,,,10,5,6,147.39051811797913,105.66051861797914,,"scheduled passenger service, not empty deadhead time",13405,5021.0,1.0,,,,,
duty_13405_fee0,duty_13405,fee0,13405,2,deadhead,488.0,488.0,08:08:00,08:08:00,0.0,4808,4808,,,0.0,0.0,/Users/nadan/Documents/projects/demandresponse/outputs/week_20260921/cleanup_physics/saved_sequence_replay.json,,,travel immediately after service; station departure at next-trip deadline,11,6,6,105.66051861797914,105.66051861797914,station_inbound,static model reference deadhead,,,,,,,,saved_joint_fee0/routes/2/actions/3
duty_13405_fee0,duty_13405,fee0,13405,2,wait,488.0,495.0,08:08:00,08:15:00,7.0,4808,4808,,,0.011666666666666667,0.0,/Users/nadan/Documents/projects/demandresponse/outputs/week_20260921/cleanup_physics/saved_sequence_replay.json,,,"idle after optimized charge, or entire uncharged station visit",12,6,6,105.66051861797914,105.64885195131247,,,,,,,,,,saved_joint_fee0/routes/2/actions/3
duty_13405_fee0,duty_13405,fee0,13405,2,deadhead,495.0,495.0,08:15:00,08:15:00,0.0,4808,4808,,,0.0,0.0,/Users/nadan/Documents/projects/demandresponse/outputs/week_20260921/cleanup_physics/saved_sequence_replay.json,,,travel immediately after service; station departure at next-trip deadline,13,6,6,105.64885195131247,105.64885195131247,station_outbound,static model reference deadhead,,,,,,,,saved_joint_fee0/routes/2/actions/3
duty_13405_fee0,duty_13405,fee0,13405,2,service,495.0,554.0,08:15:00,09:14:00,59.0,4808,2190,39,15,42.5,0.0,/Users/nadan/Documents/projects/demandresponse/outputs/meeting_20260917/route_explainer/inputs/k05.csv,17,,,14,6,7,105.64885195131247,63.148851951312466,,"scheduled passenger service, not empty deadhead time",13405,5021.0,2.0,,,,,
duty_13405_fee0,duty_13405,fee0,13405,2,deadhead,554.0,554.0,09:14:00,09:14:00,0.0,2190,2190L,,,0.0,0.0,/Users/nadan/Documents/projects/demandresponse/outputs/week_20260921/cleanup_physics/saved_sequence_replay.json,,,travel immediately after service; station departure at next-trip deadline,15,7,8,63.148851951312466,63.148851951312466,station_inbound,static model reference deadhead,,,,,,,,saved_joint_fee0/routes/2/actions/4
duty_13405_fee0,duty_13405,fee0,13405,2,wait,554.0,600.0,09:14:00,10:00:00,46.0,2190L,2190L,,,0.07666666666666667,0.0,/Users/nadan/Documents/projects/demandresponse/outputs/week_20260921/cleanup_physics/saved_joint_fee0.json,,,idle before optimized charge in fixed station visit,16,8,8,63.148851951312466,63.0721852846458,,,,,,,,,,routes/2/charges/1
duty_13405_fee0,duty_13405,fee0,13405,2,charge,600.0,603.0,10:00:00,10:03:00,3.0,2190L,2190L,,,0.0,16.732751279920123,/Users/nadan/Documents/projects/demandresponse/outputs/week_20260921/cleanup_physics/saved_joint_fee0.json,,,actual optimized charge witness,17,8,8,63.0721852846458,79.80493656456592,,,,,,3.591234762287939,,"documented 18E1 taper, shared charger count and terminal floor",,routes/2/charges/1
duty_13405_fee0,duty_13405,fee0,13405,2,wait,603.0,640.0,10:03:00,10:40:00,37.0,2190L,2190L,,,0.06166666666666667,0.0,/Users/nadan/Documents/projects/demandresponse/outputs/week_20260921/cleanup_physics/saved_sequence_replay.json,,,"idle after optimized charge, or entire uncharged station visit",18,8,8,79.80493656456592,79.74326989789925,,,,,,,,,,saved_joint_fee0/routes/2/actions/4
duty_13405_fee0,duty_13405,fee0,13405,2,deadhead,640.0,640.0,10:40:00,10:40:00,0.0,2190L,2190,,,0.0,0.0,/Users/nadan/Documents/projects/demandresponse/outputs/week_20260921/cleanup_physics/saved_sequence_replay.json,,,travel immediately after service; station departure at next-trip deadline,19,8,9,79.74326989789925,79.74326989789925,station_outbound,static model reference deadhead,,,,,,,,saved_joint_fee0/routes/2/actions/4
duty_13405_fee0,duty_13405,fee0,13405,2,service,640.0,697.0,10:40:00,11:37:00,57.0,2190,4808,68,24,41.7299995,0.0,/Users/nadan/Documents/projects/demandresponse/outputs/meeting_20260917/route_explainer/inputs/k05.csv,26,,,20,9,10,79.74326989789925,38.013270397899255,,"scheduled passenger service, not empty deadhead time",13414,5021.0,1.0,,,,,
duty_13405_fee0,duty_13405,fee0,13405,2,deadhead,697.0,697.0,11:37:00,11:37:00,0.0,4808,4808,,,0.0,0.0,/Users/nadan/Documents/projects/demandresponse/outputs/week_20260921/cleanup_physics/saved_sequence_replay.json,,,travel immediately after service; station departure at next-trip deadline,21,10,10,38.013270397899255,38.013270397899255,station_inbound,static model reference deadhead,,,,,,,,saved_joint_fee0/routes/2/actions/5
duty_13405_fee0,duty_13405,fee0,13405,2,charge,697.0,704.0,11:37:00,11:44:00,7.0,4808,4808,,,0.0,40.0210629354341,/Users/nadan/Documents/projects/demandresponse/outputs/week_20260921/cleanup_physics/saved_joint_fee0.json,,,actual optimized charge witness,22,10,10,38.013270397899255,78.03433333333336,,,,,,6.797399509632802,,"documented 18E1 taper, shared charger count and terminal floor",,routes/2/charges/2
duty_13405_fee0,duty_13405,fee0,13405,2,deadhead,704.0,704.0,11:44:00,11:44:00,0.0,4808,4808,,,0.0,0.0,/Users/nadan/Documents/projects/demandresponse/outputs/week_20260921/cleanup_physics/saved_sequence_replay.json,,,travel immediately after service; station departure at next-trip deadline,23,10,10,78.03433333333336,78.03433333333336,station_outbound,static model reference deadhead,,,,,,,,saved_joint_fee0/routes/2/actions/5
duty_13405_fee0,duty_13405,fee0,13405,2,service,704.0,759.0,11:44:00,12:39:00,55.0,4808,2190,81,29,42.5,0.0,/Users/nadan/Documents/projects/demandresponse/outputs/meeting_20260917/route_explainer/inputs/k05.csv,31,,,24,10,11,78.03433333333336,35.534333333333365,,"scheduled passenger service, not empty deadhead time",13414,5021.0,2.0,,,,,
duty_13405_fee0,duty_13405,fee0,13405,2,deadhead,759.0,759.0,12:39:00,12:39:00,0.0,2190,2190L,,,0.0,0.0,/Users/nadan/Documents/projects/demandresponse/outputs/week_20260921/cleanup_physics/saved_sequence_replay.json,,,travel immediately after service; station departure at next-trip deadline,25,11,12,35.534333333333365,35.534333333333365,station_inbound,static model reference deadhead,,,,,,,,saved_joint_fee0/routes/2/actions/6
duty_13405_fee0,duty_13405,fee0,13405,2,wait,759.0,800.0,12:39:00,13:20:00,41.0,2190L,2190L,,,0.06833333333333334,0.0,/Users/nadan/Documents/projects/demandresponse/outputs/week_20260921/cleanup_physics/saved_joint_fee0.json,,,idle before optimized charge in fixed station visit,26,12,12,35.534333333333365,35.46600000000003,,,,,,,,,,routes/2/charges/3
duty_13405_fee0,duty_13405,fee0,13405,2,charge,800.0,814.0493936535435,13:20:00,13:34:03,14.049393653543461,2190L,2190L,,,0.0,77.89578916558955,/Users/nadan/Documents/projects/demandresponse/outputs/week_20260921/cleanup_physics/saved_joint_fee0.json,,,actual optimized charge witness,27,12,12,35.46600000000003,113.36178916558958,,,,,,6.815275914791472,,"documented 18E1 taper, shared charger count and terminal floor",,routes/2/charges/3
duty_13405_fee0,duty_13405,fee0,13405,2,wait,814.0493936535435,820.0,13:34:03,13:40:00,5.950606346456539,2190L,2190L,,,0.009917677244094232,0.0,/Users/nadan/Documents/projects/demandresponse/outputs/week_20260921/cleanup_physics/saved_sequence_replay.json,,,"idle after optimized charge, or entire uncharged station visit",28,12,12,113.36178916558958,113.3518714883455,,,,,,,,,,saved_joint_fee0/routes/2/actions/6
duty_13405_fee0,duty_13405,fee0,13405,2,deadhead,820.0,820.0,13:40:00,13:40:00,0.0,2190L,2190,,,0.0,0.0,/Users/nadan/Documents/projects/demandresponse/outputs/week_20260921/cleanup_physics/saved_sequence_replay.json,,,travel immediately after service; station departure at next-trip deadline,29,12,13,113.3518714883455,113.3518714883455,station_outbound,static model reference deadhead,,,,,,,,saved_joint_fee0/routes/2/actions/6
duty_13405_fee0,duty_13405,fee0,13405,2,service,820.0,879.0,13:40:00,14:39:00,59.0,2190,4808,104,37,41.7299995,0.0,/Users/nadan/Documents/projects/demandresponse/outputs/meeting_20260917/route_explainer/inputs/k05.csv,39,,,30,13,14,113.3518714883455,71.6218719883455,,"scheduled passenger service, not empty deadhead time",13405,5021.0,1.0,,,,,
duty_13405_fee0,duty_13405,fee0,13405,2,deadhead,879.0,879.0,14:39:00,14:39:00,0.0,4808,4808,,,0.0,0.0,/Users/nadan/Documents/projects/demandresponse/outputs/week_20260921/cleanup_physics/saved_sequence_replay.json,,,travel immediately after service; station departure at next-trip deadline,31,14,14,71.6218719883455,71.6218719883455,station_inbound,static model reference deadhead,,,,,,,,saved_joint_fee0/routes/2/actions/7
duty_13405_fee0,duty_13405,fee0,13405,2,charge,879.0,886.0,14:39:00,14:46:00,7.0,4808,4808,,,0.0,37.589740415149365,/Users/nadan/Documents/projects/demandresponse/outputs/week_20260921/cleanup_physics/saved_joint_fee0.json,,,actual optimized charge witness,32,14,14,71.6218719883455,109.21161240349487,,,,,,2.300633462977687,,"documented 18E1 taper, shared charger count and terminal floor",,routes/2/charges/4
duty_13405_fee0,duty_13405,fee0,13405,2,deadhead,886.0,886.0,14:46:00,14:46:00,0.0,4808,4808,,,0.0,0.0,/Users/nadan/Documents/projects/demandresponse/outputs/week_20260921/cleanup_physics/saved_sequence_replay.json,,,travel immediately after service; station departure at next-trip deadline,33,14,14,109.21161240349487,109.21161240349487,station_outbound,static model reference deadhead,,,,,,,,saved_joint_fee0/routes/2/actions/7
duty_13405_fee0,duty_13405,fee0,13405,2,service,886.0,943.0,14:46:00,15:43:00,57.0,4808,2190,117,42,42.5,0.0,/Users/nadan/Documents/projects/demandresponse/outputs/meeting_20260917/route_explainer/inputs/k05.csv,44,,,34,14,15,109.21161240349487,66.71161240349487,,"scheduled passenger service, not empty deadhead time",13405,5021.0,2.0,,,,,
duty_13405_fee0,duty_13405,fee0,13405,2,deadhead,943.0,943.0,15:43:00,15:43:00,0.0,2190,2190L,,,0.0,0.0,/Users/nadan/Documents/projects/demandresponse/outputs/week_20260921/cleanup_physics/saved_sequence_replay.json,,,travel immediately after service; station departure at next-trip deadline,35,15,16,66.71161240349487,66.71161240349487,station_inbound,static model reference deadhead,,,,,,,,saved_joint_fee0/routes/2/actions/8
duty_13405_fee0,duty_13405,fee0,13405,2,charge,943.0,948.0,15:43:00,15:48:00,5.0,2190L,2190L,,,0.0,27.512006676835043,/Users/nadan/Documents/projects/demandresponse/outputs/week_20260921/cleanup_physics/saved_joint_fee0.json,,,actual optimized charge witness,36,16,16,66.71161240349487,94.22361908032991,,,,,,1.2422987734437705,,"documented 18E1 taper, shared charger count and terminal floor",,routes/2/charges/5
duty_13405_fee0,duty_13405,fee0,13405,2,deadhead,948.0,948.0,15:48:00,15:48:00,0.0,2190L,2190,,,0.0,0.0,/Users/nadan/Documents/projects/demandresponse/outputs/week_20260921/cleanup_physics/saved_sequence_replay.json,,,travel immediately after service; station departure at next-trip deadline,37,16,17,94.22361908032991,94.22361908032991,station_outbound,static model reference deadhead,,,,,,,,saved_joint_fee0/routes/2/actions/8
duty_13405_fee0,duty_13405,fee0,13405,2,service,948.0,1011.0,15:48:00,16:51:00,63.0,2190,4808,130,47,41.7299995,0.0,/Users/nadan/Documents/projects/demandresponse/outputs/meeting_20260917/route_explainer/inputs/k05.csv,49,,,38,17,18,94.22361908032991,52.49361958032991,,"scheduled passenger service, not empty deadhead time",13405,5021.0,1.0,,,,,
duty_13405_fee0,duty_13405,fee0,13405,2,deadhead,1011.0,1011.0,16:51:00,16:51:00,0.0,4808,4808,,,0.0,0.0,/Users/nadan/Documents/projects/demandresponse/outputs/week_20260921/cleanup_physics/saved_sequence_replay.json,,,travel immediately after service; station departure at next-trip deadline,39,18,18,52.49361958032991,52.49361958032991,station_inbound,static model reference deadhead,,,,,,,,saved_joint_fee0/routes/2/actions/9
duty_13405_fee0,duty_13405,fee0,13405,2,charge,1011.0,1018.0,16:51:00,16:58:00,7.0,4808,4808,,,0.0,39.04726963333885,/Users/nadan/Documents/projects/demandresponse/outputs/week_20260921/cleanup_physics/saved_joint_fee0.json,,,actual optimized charge witness,40,18,18,52.49361958032991,91.54088921366876,,,,,,1.4285928889793582,,"documented 18E1 taper, shared charger count and terminal floor",,routes/2/charges/6
duty_13405_fee0,duty_13405,fee0,13405,2,deadhead,1018.0,1018.0,16:58:00,16:58:00,0.0,4808,4808,,,0.0,0.0,/Users/nadan/Documents/projects/demandresponse/outputs/week_20260921/cleanup_physics/saved_sequence_replay.json,,,travel immediately after service; station departure at next-trip deadline,41,18,18,91.54088921366876,91.54088921366876,station_outbound,static model reference deadhead,,,,,,,,saved_joint_fee0/routes/2/actions/9
duty_13405_fee0,duty_13405,fee0,13405,2,service,1018.0,1075.0,16:58:00,17:55:00,57.0,4808,2190,143,51,42.5,0.0,/Users/nadan/Documents/projects/demandresponse/outputs/meeting_20260917/route_explainer/inputs/k05.csv,53,,,42,18,19,91.54088921366876,49.04088921366876,,"scheduled passenger service, not empty deadhead time",13405,5021.0,2.0,,,,,
duty_13405_fee0,duty_13405,fee0,13405,2,deadhead,1075.0,1075.0,17:55:00,17:55:00,0.0,2190,2190L,,,0.0,0.0,/Users/nadan/Documents/projects/demandresponse/outputs/week_20260921/cleanup_physics/saved_sequence_replay.json,,,travel immediately after service; station departure at next-trip deadline,43,19,20,49.04088921366876,49.04088921366876,station_inbound,static model reference deadhead,,,,,,,,saved_joint_fee0/routes/2/actions/10
duty_13405_fee0,duty_13405,fee0,13405,2,charge,1075.0,1080.0,17:55:00,18:00:00,5.0,2190L,2190L,,,0.0,28.260110286331297,/Users/nadan/Documents/projects/demandresponse/outputs/week_20260921/cleanup_physics/saved_joint_fee0.json,,,actual optimized charge witness,44,20,20,49.04088921366876,77.30099950000006,,,,,,0.9201876422842145,,"documented 18E1 taper, shared charger count and terminal floor",,routes/2/charges/7
duty_13405_fee0,duty_13405,fee0,13405,2,wait,1080.0,1082.0,18:00:00,18:02:00,2.0,2190L,2190L,,,0.0033333333333333335,0.0,/Users/nadan/Documents/projects/demandresponse/outputs/week_20260921/cleanup_physics/saved_sequence_replay.json,,,"idle after optimized charge, or entire uncharged station visit",45,20,20,77.30099950000006,77.29766616666673,,,,,,,,,,saved_joint_fee0/routes/2/actions/10
duty_13405_fee0,duty_13405,fee0,13405,2,deadhead,1082.0,1082.0,18:02:00,18:02:00,0.0,2190L,2190,,,0.0,0.0,/Users/nadan/Documents/projects/demandresponse/outputs/week_20260921/cleanup_physics/saved_sequence_replay.json,,,travel immediately after service; station departure at next-trip deadline,46,20,21,77.29766616666673,77.29766616666673,station_outbound,static model reference deadhead,,,,,,,,saved_joint_fee0/routes/2/actions/10
duty_13405_fee0,duty_13405,fee0,13405,2,service,1082.0,1139.0,18:02:00,18:59:00,57.0,2190,4808,156,56,41.7299995,0.0,/Users/nadan/Documents/projects/demandresponse/outputs/meeting_20260917/route_explainer/inputs/k05.csv,58,,,47,21,22,77.29766616666673,35.56766666666673,,"scheduled passenger service, not empty deadhead time",13405,5021.0,1.0,,,,,
duty_13405_fee0,duty_13405,fee0,13405,2,deadhead,1139.0,1139.0,18:59:00,18:59:00,0.0,4808,4808,,,0.0,0.0,/Users/nadan/Documents/projects/demandresponse/outputs/week_20260921/cleanup_physics/saved_sequence_replay.json,,,travel immediately after service; station departure at next-trip deadline,48,22,22,35.56766666666673,35.56766666666673,station_inbound,static model reference deadhead,,,,,,,,saved_joint_fee0/routes/2/actions/11
duty_13405_fee0,duty_13405,fee0,13405,2,wait,1139.0,1200.0,18:59:00,20:00:00,61.0,4808,4808,,,0.10166666666666667,0.0,/Users/nadan/Documents/projects/demandresponse/outputs/week_20260921/cleanup_physics/saved_joint_fee0.json,,,idle before optimized charge in fixed station visit,49,22,22,35.56766666666673,35.466000000000065,,,,,,,,,,routes/2/charges/8
duty_13405_fee0,duty_13405,fee0,13405,2,charge,1200.0,1217.0238185312205,20:00:00,20:17:01,17.023818531220513,4808,4808,,,0.0,92.94304174253337,/Users/nadan/Documents/projects/demandresponse/outputs/week_20260921/cleanup_physics/saved_joint_fee0.json,,,actual optimized charge witness,50,22,22,35.466000000000065,128.40904174253342,,,,,,2.7954800609208394,,"documented 18E1 taper, shared charger count and terminal floor",,routes/2/charges/8
duty_13405_fee0,duty_13405,fee0,13405,2,wait,1217.0238185312205,1242.0,20:17:01,20:42:00,24.976181468779487,4808,4808,,,0.041626969114632484,0.0,/Users/nadan/Documents/projects/demandresponse/outputs/week_20260921/cleanup_physics/saved_sequence_replay.json,,,"idle after optimized charge, or entire uncharged station visit",51,22,22,128.40904174253342,128.36741477341877,,,,,,,,,,saved_joint_fee0/routes/2/actions/11
duty_13405_fee0,duty_13405,fee0,13405,2,deadhead,1242.0,1242.0,20:42:00,20:42:00,0.0,4808,4808,,,0.0,0.0,/Users/nadan/Documents/projects/demandresponse/outputs/week_20260921/cleanup_physics/saved_sequence_replay.json,,,travel immediately after service; station departure at next-trip deadline,52,22,22,128.36741477341877,128.36741477341877,station_outbound,static model reference deadhead,,,,,,,,saved_joint_fee0/routes/2/actions/11
duty_13405_fee0,duty_13405,fee0,13405,2,service,1242.0,1294.0,20:42:00,21:34:00,52.0,4808,2190,179,61,42.5,0.0,/Users/nadan/Documents/projects/demandresponse/outputs/meeting_20260917/route_explainer/inputs/k05.csv,63,,,53,22,23,128.36741477341877,85.86741477341877,,"scheduled passenger service, not empty deadhead time",13403,5021.0,2.0,,,,,
duty_13405_fee0,duty_13405,fee0,13405,2,deadhead,1294.0,1313.0,21:34:00,21:53:00,19.0,2190,PARX,,,28.0,0.0,/Users/nadan/Documents/projects/demandresponse/outputs/week_20260921/cleanup_physics/saved_sequence_replay.json,,,travel immediately after service; station departure at next-trip deadline,54,23,24,85.86741477341877,57.86741477341877,pull_in,static model reference deadhead,,,,,,,,saved_joint_fee0/routes/2/actions/12
duty_13405_fee5,duty_13405,fee5,13405,2,deadhead,248.0,267.0,04:08:00,04:27:00,19.0,PARX,2190,,,28.0,0.0,/Users/nadan/Documents/projects/demandresponse/outputs/week_20260921/cleanup_physics/saved_sequence_replay.json,,,latest depot departure that reaches first service on time,0,0,1,236.44,208.44,pull_out,static model reference deadhead,,,,,,,,saved_joint_fee5/routes/2/actions/0
duty_13405_fee5,duty_13405,fee5,13405,2,service,267.0,319.0,04:27:00,05:19:00,52.0,2190,4808,0,0,41.7299995,0.0,/Users/nadan/Documents/projects/demandresponse/outputs/meeting_20260917/route_explainer/inputs/k05.csv,2,,,1,1,2,208.44,166.7100005,,"scheduled passenger service, not empty deadhead time",13401,5021.0,1.0,,,,,
duty_13405_fee5,duty_13405,fee5,13405,2,deadhead,319.0,319.0,05:19:00,05:19:00,0.0,4808,4808,,,0.0,0.0,/Users/nadan/Documents/projects/demandresponse/outputs/week_20260921/cleanup_physics/saved_sequence_replay.json,,,travel immediately after service; station departure at next-trip deadline,2,2,2,166.7100005,166.7100005,station_inbound,static model reference deadhead,,,,,,,,saved_joint_fee5/routes/2/actions/1
duty_13405_fee5,duty_13405,fee5,13405,2,wait,319.0,336.0,05:19:00,05:36:00,17.0,4808,4808,,,0.028333333333333335,0.0,/Users/nadan/Documents/projects/demandresponse/outputs/week_20260921/cleanup_physics/saved_sequence_replay.json,,,"idle after optimized charge, or entire uncharged station visit",3,2,2,166.7100005,166.68166716666667,,,,,,,,,,saved_joint_fee5/routes/2/actions/1
duty_13405_fee5,duty_13405,fee5,13405,2,deadhead,336.0,336.0,05:36:00,05:36:00,0.0,4808,4808,,,0.0,0.0,/Users/nadan/Documents/projects/demandresponse/outputs/week_20260921/cleanup_physics/saved_sequence_replay.json,,,travel immediately after service; station departure at next-trip deadline,4,2,2,166.68166716666667,166.68166716666667,station_outbound,static model reference deadhead,,,,,,,,saved_joint_fee5/routes/2/actions/1
duty_13405_fee5,duty_13405,fee5,13405,2,service,336.0,387.0,05:36:00,06:27:00,51.0,4808,2190,8,4,42.5,0.0,/Users/nadan/Documents/projects/demandresponse/outputs/meeting_20260917/route_explainer/inputs/k05.csv,6,,,5,2,3,166.68166716666667,124.18166716666667,,"scheduled passenger service, not empty deadhead time",13408,5021.0,2.0,,,,,
duty_13405_fee5,duty_13405,fee5,13405,2,deadhead,387.0,387.0,06:27:00,06:27:00,0.0,2190,2190L,,,0.0,0.0,/Users/nadan/Documents/projects/demandresponse/outputs/week_20260921/cleanup_physics/saved_sequence_replay.json,,,travel immediately after service; station departure at next-trip deadline,6,3,4,124.18166716666667,124.18166716666667,station_inbound,static model reference deadhead,,,,,,,,saved_joint_fee5/routes/2/actions/2
duty_13405_fee5,duty_13405,fee5,13405,2,wait,387.0,388.2730258651379,06:27:00,06:28:16,1.2730258651379245,2190L,2190L,,,0.0021217097752298745,0.0,/Users/nadan/Documents/projects/demandresponse/outputs/week_20260921/cleanup_physics/saved_joint_fee5.json,,,idle before optimized charge in fixed station visit,7,4,4,124.18166716666667,124.17954545689145,,,,,,,,,,routes/2/charges/0
duty_13405_fee5,duty_13405,fee5,13405,2,charge,388.2730258651379,408.0,06:28:16,06:48:00,19.726974134862076,2190L,2190L,,,0.0,79.81645354310857,/Users/nadan/Documents/projects/demandresponse/outputs/week_20260921/cleanup_physics/saved_joint_fee5.json,,,actual optimized charge witness,8,4,4,124.17954545689145,203.995999,,,,,,17.130453789182276,,"documented 18E1 taper, shared charger count and terminal floor",,routes/2/charges/0
duty_13405_fee5,duty_13405,fee5,13405,2,deadhead,408.0,408.0,06:48:00,06:48:00,0.0,2190L,2190,,,0.0,0.0,/Users/nadan/Documents/projects/demandresponse/outputs/week_20260921/cleanup_physics/saved_sequence_replay.json,,,travel immediately after service; station departure at next-trip deadline,9,4,5,203.995999,203.995999,station_outbound,static model reference deadhead,,,,,,,,saved_joint_fee5/routes/2/actions/2
duty_13405_fee5,duty_13405,fee5,13405,2,service,408.0,465.0,06:48:00,07:45:00,57.0,2190,4808,22,8,41.7299995,0.0,/Users/nadan/Documents/projects/demandresponse/outputs/meeting_20260917/route_explainer/inputs/k05.csv,10,,,10,5,6,203.995999,162.26599950000002,,"scheduled passenger service, not empty deadhead time",13401,5021.0,1.0,,,,,
duty_13405_fee5,duty_13405,fee5,13405,2,deadhead,465.0,465.0,07:45:00,07:45:00,0.0,4808,4808,,,0.0,0.0,/Users/nadan/Documents/projects/demandresponse/outputs/week_20260921/cleanup_physics/saved_sequence_replay.json,,,travel immediately after service; station departure at next-trip deadline,11,6,6,162.26599950000002,162.26599950000002,station_inbound,static model reference deadhead,,,,,,,,saved_joint_fee5/routes/2/actions/3
duty_13405_fee5,duty_13405,fee5,13405,2,wait,465.0,472.0,07:45:00,07:52:00,7.0,4808,4808,,,0.011666666666666667,0.0,/Users/nadan/Documents/projects/demandresponse/outputs/week_20260921/cleanup_physics/saved_sequence_replay.json,,,"idle after optimized charge, or entire uncharged station visit",12,6,6,162.26599950000002,162.25433283333336,,,,,,,,,,saved_joint_fee5/routes/2/actions/3
duty_13405_fee5,duty_13405,fee5,13405,2,deadhead,472.0,472.0,07:52:00,07:52:00,0.0,4808,4808,,,0.0,0.0,/Users/nadan/Documents/projects/demandresponse/outputs/week_20260921/cleanup_physics/saved_sequence_replay.json,,,travel immediately after service; station departure at next-trip deadline,13,6,6,162.25433283333336,162.25433283333336,station_outbound,static model reference deadhead,,,,,,,,saved_joint_fee5/routes/2/actions/3
duty_13405_fee5,duty_13405,fee5,13405,2,service,472.0,532.0,07:52:00,08:52:00,60.0,4808,2190,35,13,42.5,0.0,/Users/nadan/Documents/projects/demandresponse/outputs/meeting_20260917/route_explainer/inputs/k05.csv,15,,,14,6,7,162.25433283333336,119.75433283333336,,"scheduled passenger service, not empty deadhead time",13401,5021.0,2.0,,,,,
duty_13405_fee5,duty_13405,fee5,13405,2,deadhead,532.0,532.0,08:52:00,08:52:00,0.0,2190,2190L,,,0.0,0.0,/Users/nadan/Documents/projects/demandresponse/outputs/week_20260921/cleanup_physics/saved_sequence_replay.json,,,travel immediately after service; station departure at next-trip deadline,15,7,8,119.75433283333336,119.75433283333336,station_inbound,static model reference deadhead,,,,,,,,saved_joint_fee5/routes/2/actions/4
duty_13405_fee5,duty_13405,fee5,13405,2,wait,532.0,560.0,08:52:00,09:20:00,28.0,2190L,2190L,,,0.04666666666666667,0.0,/Users/nadan/Documents/projects/demandresponse/outputs/week_20260921/cleanup_physics/saved_sequence_replay.json,,,"idle after optimized charge, or entire uncharged station visit",16,8,8,119.75433283333336,119.7076661666667,,,,,,,,,,saved_joint_fee5/routes/2/actions/4
duty_13405_fee5,duty_13405,fee5,13405,2,deadhead,560.0,560.0,09:20:00,09:20:00,0.0,2190L,2190,,,0.0,0.0,/Users/nadan/Documents/projects/demandresponse/outputs/week_20260921/cleanup_physics/saved_sequence_replay.json,,,travel immediately after service; station departure at next-trip deadline,17,8,9,119.7076661666667,119.7076661666667,station_outbound,static model reference deadhead,,,,,,,,saved_joint_fee5/routes/2/actions/4
duty_13405_fee5,duty_13405,fee5,13405,2,service,560.0,617.0,09:20:00,10:17:00,57.0,2190,4808,52,19,41.7299995,0.0,/Users/nadan/Documents/projects/demandresponse/outputs/meeting_20260917/route_explainer/inputs/k05.csv,21,,,18,9,10,119.7076661666667,77.97766666666669,,"scheduled passenger service, not empty deadhead time",13405,5021.0,1.0,,,,,
duty_13405_fee5,duty_13405,fee5,13405,2,deadhead,617.0,617.0,10:17:00,10:17:00,0.0,4808,4808,,,0.0,0.0,/Users/nadan/Documents/projects/demandresponse/outputs/week_20260921/cleanup_physics/saved_sequence_replay.json,,,travel immediately after service; station departure at next-trip deadline,19,10,10,77.97766666666669,77.97766666666669,station_inbound,static model reference deadhead,,,,,,,,saved_joint_fee5/routes/2/actions/5
duty_13405_fee5,duty_13405,fee5,13405,2,wait,617.0,624.0,10:17:00,10:24:00,7.0,4808,4808,,,0.011666666666666667,0.0,/Users/nadan/Documents/projects/demandresponse/outputs/week_20260921/cleanup_physics/saved_sequence_replay.json,,,"idle after optimized charge, or entire uncharged station visit",20,10,10,77.97766666666669,77.96600000000002,,,,,,,,,,saved_joint_fee5/routes/2/actions/5
duty_13405_fee5,duty_13405,fee5,13405,2,deadhead,624.0,624.0,10:24:00,10:24:00,0.0,4808,4808,,,0.0,0.0,/Users/nadan/Documents/projects/demandresponse/outputs/week_20260921/cleanup_physics/saved_sequence_replay.json,,,travel immediately after service; station departure at next-trip deadline,21,10,10,77.96600000000002,77.96600000000002,station_outbound,static model reference deadhead,,,,,,,,saved_joint_fee5/routes/2/actions/5
duty_13405_fee5,duty_13405,fee5,13405,2,service,624.0,679.0,10:24:00,11:19:00,55.0,4808,2190,65,23,42.5,0.0,/Users/nadan/Documents/projects/demandresponse/outputs/meeting_20260917/route_explainer/inputs/k05.csv,25,,,22,10,11,77.96600000000002,35.46600000000002,,"scheduled passenger service, not empty deadhead time",13405,5021.0,2.0,,,,,
duty_13405_fee5,duty_13405,fee5,13405,2,deadhead,679.0,679.0,11:19:00,11:19:00,0.0,2190,2190L,,,0.0,0.0,/Users/nadan/Documents/projects/demandresponse/outputs/week_20260921/cleanup_physics/saved_sequence_replay.json,,,travel immediately after service; station departure at next-trip deadline,23,11,12,35.46600000000002,35.46600000000002,station_inbound,static model reference deadhead,,,,,,,,saved_joint_fee5/routes/2/actions/6
duty_13405_fee5,duty_13405,fee5,13405,2,charge,679.0,686.7311278974946,11:19:00,11:26:44,7.731127897494616,2190L,2190L,,,0.0,44.22481656649714,/Users/nadan/Documents/projects/demandresponse/outputs/week_20260921/cleanup_physics/saved_joint_fee5.json,,,actual optimized charge witness,24,12,12,35.46600000000002,79.69081656649716,,,,,,7.511388363864529,,"documented 18E1 taper, shared charger count and terminal floor",,routes/2/charges/1
duty_13405_fee5,duty_13405,fee5,13405,2,wait,686.7311278974946,689.0,11:26:44,11:29:00,2.2688721025053837,2190L,2190L,,,0.0037814535041756398,0.0,/Users/nadan/Documents/projects/demandresponse/outputs/week_20260921/cleanup_physics/saved_sequence_replay.json,,,"idle after optimized charge, or entire uncharged station visit",25,12,12,79.69081656649716,79.68703511299299,,,,,,,,,,saved_joint_fee5/routes/2/actions/6
duty_13405_fee5,duty_13405,fee5,13405,2,deadhead,689.0,689.0,11:29:00,11:29:00,0.0,2190L,2190,,,0.0,0.0,/Users/nadan/Documents/projects/demandresponse/outputs/week_20260921/cleanup_physics/saved_sequence_replay.json,,,travel immediately after service; station departure at next-trip deadline,26,12,13,79.68703511299299,79.68703511299299,station_outbound,static model reference deadhead,,,,,,,,saved_joint_fee5/routes/2/actions/6
duty_13405_fee5,duty_13405,fee5,13405,2,service,689.0,747.0,11:29:00,12:27:00,58.0,2190,4808,78,28,41.7299995,0.0,/Users/nadan/Documents/projects/demandresponse/outputs/meeting_20260917/route_explainer/inputs/k05.csv,30,,,27,13,14,79.68703511299299,37.95703561299299,,"scheduled passenger service, not empty deadhead time",13405,5021.0,1.0,,,,,
duty_13405_fee5,duty_13405,fee5,13405,2,deadhead,747.0,747.0,12:27:00,12:27:00,0.0,4808,4808,,,0.0,0.0,/Users/nadan/Documents/projects/demandresponse/outputs/week_20260921/cleanup_physics/saved_sequence_replay.json,,,travel immediately after service; station departure at next-trip deadline,28,14,14,37.95703561299299,37.95703561299299,station_inbound,static model reference deadhead,,,,,,,,saved_joint_fee5/routes/2/actions/7
duty_13405_fee5,duty_13405,fee5,13405,2,charge,747.0,754.0,12:27:00,12:34:00,7.0,4808,4808,,,0.0,40.02563102720523,/Users/nadan/Documents/projects/demandresponse/outputs/week_20260921/cleanup_physics/saved_joint_fee5.json,,,actual optimized charge witness,29,14,14,37.95703561299299,77.98266664019822,,,,,,4.9947446338587715,,"documented 18E1 taper, shared charger count and terminal floor",,routes/2/charges/2
duty_13405_fee5,duty_13405,fee5,13405,2,deadhead,754.0,754.0,12:34:00,12:34:00,0.0,4808,4808,,,0.0,0.0,/Users/nadan/Documents/projects/demandresponse/outputs/week_20260921/cleanup_physics/saved_sequence_replay.json,,,travel immediately after service; station departure at next-trip deadline,30,14,14,77.98266664019822,77.98266664019822,station_outbound,static model reference deadhead,,,,,,,,saved_joint_fee5/routes/2/actions/7
duty_13405_fee5,duty_13405,fee5,13405,2,service,754.0,810.0,12:34:00,13:30:00,56.0,4808,2190,91,33,42.5,0.0,/Users/nadan/Documents/projects/demandresponse/outputs/meeting_20260917/route_explainer/inputs/k05.csv,35,,,31,14,15,77.98266664019822,35.48266664019822,,"scheduled passenger service, not empty deadhead time",13405,5021.0,2.0,,,,,
duty_13405_fee5,duty_13405,fee5,13405,2,deadhead,810.0,810.0,13:30:00,13:30:00,0.0,2190,2190L,,,0.0,0.0,/Users/nadan/Documents/projects/demandresponse/outputs/week_20260921/cleanup_physics/saved_sequence_replay.json,,,travel immediately after service; station departure at next-trip deadline,32,15,16,35.48266664019822,35.48266664019822,station_inbound,static model reference deadhead,,,,,,,,saved_joint_fee5/routes/2/actions/8
duty_13405_fee5,duty_13405,fee5,13405,2,wait,810.0,819.9999841189579,13:30:00,13:40:00,9.999984118957855,2190L,2190L,,,0.016666640198263093,0.0,/Users/nadan/Documents/projects/demandresponse/outputs/week_20260921/cleanup_physics/saved_joint_fee5.json,,,idle before optimized charge in fixed station visit,33,16,16,35.48266664019822,35.46599999999996,,,,,,,,,,routes/2/charges/3
duty_13405_fee5,duty_13405,fee5,13405,2,charge,819.9999841189579,836.8191217972814,13:40:00,13:56:49,16.8191376783235,2190L,2190L,,,0.0,91.9230488255968,/Users/nadan/Documents/projects/demandresponse/outputs/week_20260921/cleanup_physics/saved_joint_fee5.json,,,actual optimized charge witness,34,16,16,35.46599999999996,127.38904882559675,,,,,,8.042552073559836,,"documented 18E1 taper, shared charger count and terminal floor",,routes/2/charges/3
duty_13405_fee5,duty_13405,fee5,13405,2,wait,836.8191217972814,840.0,13:56:49,14:00:00,3.1808782027186453,2190L,2190L,,,0.0053014636711977425,0.0,/Users/nadan/Documents/projects/demandresponse/outputs/week_20260921/cleanup_physics/saved_sequence_replay.json,,,"idle after optimized charge, or entire uncharged station visit",35,16,16,127.38904882559675,127.38374736192554,,,,,,,,,,saved_joint_fee5/routes/2/actions/8
duty_13405_fee5,duty_13405,fee5,13405,2,deadhead,840.0,840.0,14:00:00,14:00:00,0.0,2190L,2190,,,0.0,0.0,/Users/nadan/Documents/projects/demandresponse/outputs/week_20260921/cleanup_physics/saved_sequence_replay.json,,,travel immediately after service; station departure at next-trip deadline,36,16,17,127.38374736192554,127.38374736192554,station_outbound,static model reference deadhead,,,,,,,,saved_joint_fee5/routes/2/actions/8
duty_13405_fee5,duty_13405,fee5,13405,2,service,840.0,899.0,14:00:00,14:59:00,59.0,2190,4808,108,38,41.7299995,0.0,/Users/nadan/Documents/projects/demandresponse/outputs/meeting_20260917/route_explainer/inputs/k05.csv,40,,,37,17,18,127.38374736192554,85.65374786192555,,"scheduled passenger service, not empty deadhead time",13408,5021.0,1.0,,,,,
duty_13405_fee5,duty_13405,fee5,13405,2,deadhead,899.0,899.0,14:59:00,14:59:00,0.0,4808,4808,,,0.0,0.0,/Users/nadan/Documents/projects/demandresponse/outputs/week_20260921/cleanup_physics/saved_sequence_replay.json,,,travel immediately after service; station departure at next-trip deadline,38,18,18,85.65374786192555,85.65374786192555,station_inbound,static model reference deadhead,,,,,,,,saved_joint_fee5/routes/2/actions/9
duty_13405_fee5,duty_13405,fee5,13405,2,wait,899.0,906.0,14:59:00,15:06:00,7.0,4808,4808,,,0.011666666666666667,0.0,/Users/nadan/Documents/projects/demandresponse/outputs/week_20260921/cleanup_physics/saved_sequence_replay.json,,,"idle after optimized charge, or entire uncharged station visit",39,18,18,85.65374786192555,85.64208119525888,,,,,,,,,,saved_joint_fee5/routes/2/actions/9
duty_13405_fee5,duty_13405,fee5,13405,2,deadhead,906.0,906.0,15:06:00,15:06:00,0.0,4808,4808,,,0.0,0.0,/Users/nadan/Documents/projects/demandresponse/outputs/week_20260921/cleanup_physics/saved_sequence_replay.json,,,travel immediately after service; station departure at next-trip deadline,40,18,18,85.64208119525888,85.64208119525888,station_outbound,static model reference deadhead,,,,,,,,saved_joint_fee5/routes/2/actions/9
duty_13405_fee5,duty_13405,fee5,13405,2,service,906.0,964.0,15:06:00,16:04:00,58.0,4808,2190,121,43,42.5,0.0,/Users/nadan/Documents/projects/demandresponse/outputs/meeting_20260917/route_explainer/inputs/k05.csv,45,,,41,18,19,85.64208119525888,43.14208119525888,,"scheduled passenger service, not empty deadhead time",13408,5021.0,2.0,,,,,
duty_13405_fee5,duty_13405,fee5,13405,2,deadhead,964.0,964.0,16:04:00,16:04:00,0.0,2190,2190L,,,0.0,0.0,/Users/nadan/Documents/projects/demandresponse/outputs/week_20260921/cleanup_physics/saved_sequence_replay.json,,,travel immediately after service; station departure at next-trip deadline,42,19,20,43.14208119525888,43.14208119525888,station_inbound,static model reference deadhead,,,,,,,,saved_joint_fee5/routes/2/actions/10
duty_13405_fee5,duty_13405,fee5,13405,2,charge,964.0,978.0,16:04:00,16:18:00,14.0,2190L,2190L,,,0.0,76.62725163807443,/Users/nadan/Documents/projects/demandresponse/outputs/week_20260921/cleanup_physics/saved_joint_fee5.json,,,actual optimized charge witness,43,20,20,43.14208119525888,119.76933283333331,,,,,,2.803503236464973,,"documented 18E1 taper, shared charger count and terminal floor",,routes/2/charges/4
duty_13405_fee5,duty_13405,fee5,13405,2,deadhead,978.0,978.0,16:18:00,16:18:00,0.0,2190L,2190,,,0.0,0.0,/Users/nadan/Documents/projects/demandresponse/outputs/week_20260921/cleanup_physics/saved_sequence_replay.json,,,travel immediately after service; station departure at next-trip deadline,44,20,21,119.76933283333331,119.76933283333331,station_outbound,static model reference deadhead,,,,,,,,saved_joint_fee5/routes/2/actions/10
duty_13405_fee5,duty_13405,fee5,13405,2,service,978.0,1041.0,16:18:00,17:21:00,63.0,2190,4808,135,48,41.7299995,0.0,/Users/nadan/Documents/projects/demandresponse/outputs/meeting_20260917/route_explainer/inputs/k05.csv,50,,,45,21,22,119.76933283333331,78.0393333333333,,"scheduled passenger service, not empty deadhead time",13408,5021.0,1.0,,,,,
duty_13405_fee5,duty_13405,fee5,13405,2,deadhead,1041.0,1041.0,17:21:00,17:21:00,0.0,4808,4808,,,0.0,0.0,/Users/nadan/Documents/projects/demandresponse/outputs/week_20260921/cleanup_physics/saved_sequence_replay.json,,,travel immediately after service; station departure at next-trip deadline,46,22,22,78.0393333333333,78.0393333333333,station_inbound,static model reference deadhead,,,,,,,,saved_joint_fee5/routes/2/actions/11
duty_13405_fee5,duty_13405,fee5,13405,2,wait,1041.0,1047.0,17:21:00,17:27:00,6.0,4808,4808,,,0.01,0.0,/Users/nadan/Documents/projects/demandresponse/outputs/week_20260921/cleanup_physics/saved_sequence_replay.json,,,"idle after optimized charge, or entire uncharged station visit",47,22,22,78.0393333333333,78.0293333333333,,,,,,,,,,saved_joint_fee5/routes/2/actions/11
duty_13405_fee5,duty_13405,fee5,13405,2,deadhead,1047.0,1047.0,17:27:00,17:27:00,0.0,4808,4808,,,0.0,0.0,/Users/nadan/Documents/projects/demandresponse/outputs/week_20260921/cleanup_physics/saved_sequence_replay.json,,,travel immediately after service; station departure at next-trip deadline,48,22,22,78.0293333333333,78.0293333333333,station_outbound,static model reference deadhead,,,,,,,,saved_joint_fee5/routes/2/actions/11
duty_13405_fee5,duty_13405,fee5,13405,2,service,1047.0,1102.0,17:27:00,18:22:00,55.0,4808,2190,149,53,42.5,0.0,/Users/nadan/Documents/projects/demandresponse/outputs/meeting_20260917/route_explainer/inputs/k05.csv,55,,,49,22,23,78.0293333333333,35.5293333333333,,"scheduled passenger service, not empty deadhead time",13408,5021.0,2.0,,,,,
duty_13405_fee5,duty_13405,fee5,13405,2,deadhead,1102.0,1102.0,18:22:00,18:22:00,0.0,2190,2190L,,,0.0,0.0,/Users/nadan/Documents/projects/demandresponse/outputs/week_20260921/cleanup_physics/saved_sequence_replay.json,,,travel immediately after service; station departure at next-trip deadline,50,23,24,35.5293333333333,35.5293333333333,station_inbound,static model reference deadhead,,,,,,,,saved_joint_fee5/routes/2/actions/12
duty_13405_fee5,duty_13405,fee5,13405,2,wait,1102.0,1140.0,18:22:00,19:00:00,38.0,2190L,2190L,,,0.06333333333333334,0.0,/Users/nadan/Documents/projects/demandresponse/outputs/week_20260921/cleanup_physics/saved_joint_fee5.json,,,idle before optimized charge in fixed station visit,51,24,24,35.5293333333333,35.465999999999966,,,,,,,,,,routes/2/charges/5
duty_13405_fee5,duty_13405,fee5,13405,2,charge,1140.0,1165.737616917091,19:00:00,19:25:44,25.737616917090918,2190L,2190L,,,0.0,134.66518491189024,/Users/nadan/Documents/projects/demandresponse/outputs/week_20260921/cleanup_physics/saved_joint_fee5.json,,,actual optimized charge witness,52,24,24,35.465999999999966,170.13118491189022,,,,,,4.077334507182352,,"documented 18E1 taper, shared charger count and terminal floor",,routes/2/charges/5
duty_13405_fee5,duty_13405,fee5,13405,2,wait,1165.737616917091,1174.0,19:25:44,19:34:00,8.262383082909082,2190L,2190L,,,0.013770638471515138,0.0,/Users/nadan/Documents/projects/demandresponse/outputs/week_20260921/cleanup_physics/saved_sequence_replay.json,,,"idle after optimized charge, or entire uncharged station visit",53,24,24,170.13118491189022,170.1174142734187,,,,,,,,,,saved_joint_fee5/routes/2/actions/12
duty_13405_fee5,duty_13405,fee5,13405,2,deadhead,1174.0,1174.0,19:34:00,19:34:00,0.0,2190L,2190,,,0.0,0.0,/Users/nadan/Documents/projects/demandresponse/outputs/week_20260921/cleanup_physics/saved_sequence_replay.json,,,travel immediately after service; station departure at next-trip deadline,54,24,25,170.1174142734187,170.1174142734187,station_outbound,static model reference deadhead,,,,,,,,saved_joint_fee5/routes/2/actions/12
duty_13405_fee5,duty_13405,fee5,13405,2,service,1174.0,1230.0,19:34:00,20:30:00,56.0,2190,4808,170,59,41.7299995,0.0,/Users/nadan/Documents/projects/demandresponse/outputs/meeting_20260917/route_explainer/inputs/k05.csv,61,,,55,25,26,170.1174142734187,128.3874147734187,,"scheduled passenger service, not empty deadhead time",13403,5021.0,1.0,,,,,
duty_13405_fee5,duty_13405,fee5,13405,2,deadhead,1230.0,1230.0,20:30:00,20:30:00,0.0,4808,4808,,,0.0,0.0,/Users/nadan/Documents/projects/demandresponse/outputs/week_20260921/cleanup_physics/saved_sequence_replay.json,,,travel immediately after service; station departure at next-trip deadline,56,26,26,128.3874147734187,128.3874147734187,station_inbound,static model reference deadhead,,,,,,,,saved_joint_fee5/routes/2/actions/13
duty_13405_fee5,duty_13405,fee5,13405,2,wait,1230.0,1242.0,20:30:00,20:42:00,12.0,4808,4808,,,0.02,0.0,/Users/nadan/Documents/projects/demandresponse/outputs/week_20260921/cleanup_physics/saved_sequence_replay.json,,,"idle after optimized charge, or entire uncharged station visit",57,26,26,128.3874147734187,128.3674147734187,,,,,,,,,,saved_joint_fee5/routes/2/actions/13
duty_13405_fee5,duty_13405,fee5,13405,2,deadhead,1242.0,1242.0,20:42:00,20:42:00,0.0,4808,4808,,,0.0,0.0,/Users/nadan/Documents/projects/demandresponse/outputs/week_20260921/cleanup_physics/saved_sequence_replay.json,,,travel immediately after service; station departure at next-trip deadline,58,26,26,128.3674147734187,128.3674147734187,station_outbound,static model reference deadhead,,,,,,,,saved_joint_fee5/routes/2/actions/13
duty_13405_fee5,duty_13405,fee5,13405,2,service,1242.0,1294.0,20:42:00,21:34:00,52.0,4808,2190,179,61,42.5,0.0,/Users/nadan/Documents/projects/demandresponse/outputs/meeting_20260917/route_explainer/inputs/k05.csv,63,,,59,26,27,128.3674147734187,85.86741477341869,,"scheduled passenger service, not empty deadhead time",13403,5021.0,2.0,,,,,
duty_13405_fee5,duty_13405,fee5,13405,2,deadhead,1294.0,1313.0,21:34:00,21:53:00,19.0,2190,PARX,,,28.0,0.0,/Users/nadan/Documents/projects/demandresponse/outputs/week_20260921/cleanup_physics/saved_sequence_replay.json,,,travel immediately after service; station departure at next-trip deadline,60,27,28,85.86741477341869,57.86741477341869,pull_in,static model reference deadhead,,,,,,,,saved_joint_fee5/routes/2/actions/14
duty_13408_original,duty_13408,original,13408,,prep,322.0,329.0,05:22:00,05:29:00,7.0,PARX,PARX,,,0.0,0.0,/Users/nadan/Documents/projects/demandresponse/data/Par_VehicleDetails_Updated.csv,1895,Prep-out,recorded GIRO clock interval,0,0,0,236.44,236.44,,,,,,,,,,
duty_13408_original,duty_13408,original,13408,,deadhead,329.0,336.0,05:29:00,05:36:00,7.0,PARX,4808,,,7.80000019,0.0,/Users/nadan/Documents/projects/demandresponse/data/Par_VehicleDetails_Updated.csv,1896,Pull-out,recorded GIRO clock interval,1,0,1,236.44,228.63999981,pull_out,recorded directional GIRO movement; may use time-dependent band,,,,,,,,
duty_13408_original,duty_13408,original,13408,,service,336.0,387.0,05:36:00,06:27:00,51.0,4808,2190,8,4,42.5,0.0,/Users/nadan/Documents/projects/demandresponse/data/Par_VehicleDetails_Updated.csv,1897,Regular,recorded GIRO clock interval,2,1,2,228.63999981,186.13999981,,"scheduled passenger service, not empty deadhead time",13408,5021.0,2.0,,,,,
duty_13408_original,duty_13408,original,13408,,deadhead,387.0,388.0,06:27:00,06:28:00,1.0,2190,2190L,,,0.400000006,0.0,/Users/nadan/Documents/projects/demandresponse/data/Par_VehicleDetails_Updated.csv,1898,Deadhead,recorded GIRO clock interval,3,2,3,186.13999981,185.739999804,deadhead,recorded directional GIRO movement; may use time-dependent band,,,,,,,,
duty_13408_original,duty_13408,original,13408,,charge,388.0,398.0,06:28:00,06:38:00,10.0,2190L,2190L,,,0.0,26.5164566,/Users/nadan/Documents/projects/demandresponse/data/Par_VehicleDetails_Updated.csv,1899,Recharge,recorded GIRO clock interval,4,3,3,185.739999804,212.256456404,,,,,,5.691043817097476,10.00000482737778,recorded recharge kWh; maximum documented taper reconstructs within-window power,/Users/nadan/Documents/projects/demandresponse/outputs/week_20260921/cleanup_physics/baseline.json,
duty_13408_original,duty_13408,original,13408,,deadhead,398.0,398.0,06:38:00,06:38:00,0.0,2190L,2190,,,0.0,0.0,/Users/nadan/Documents/projects/demandresponse/data/Par_VehicleDetails_Updated.csv,1900,Deadhead,recorded GIRO clock interval,5,3,4,212.256456404,212.256456404,deadhead,recorded directional GIRO movement; may use time-dependent band,,,,,,,,
duty_13408_original,duty_13408,original,13408,,service,398.0,455.0,06:38:00,07:35:00,57.0,2190,4808,20,7,41.7299995,0.0,/Users/nadan/Documents/projects/demandresponse/data/Par_VehicleDetails_Updated.csv,1901,Regular,recorded GIRO clock interval,6,4,5,212.256456404,170.526456904,,"scheduled passenger service, not empty deadhead time",13408,5021.0,1.0,,,,,
duty_13408_original,duty_13408,original,13408,,charge,455.0,462.0,07:35:00,07:42:00,7.0,4808,4808,,,0.0,25.7780209,/Users/nadan/Documents/projects/demandresponse/data/Par_VehicleDetails_Updated.csv,1902,Recharge,recorded GIRO clock interval,7,5,5,170.526456904,196.30447780400002,,,,,,6.395692178613079,7.000000698488893,recorded recharge kWh; maximum documented taper reconstructs within-window power,/Users/nadan/Documents/projects/demandresponse/outputs/week_20260921/cleanup_physics/baseline.json,
duty_13408_original,duty_13408,original,13408,,service,462.0,522.0,07:42:00,08:42:00,60.0,4808,2190,33,12,42.5,0.0,/Users/nadan/Documents/projects/demandresponse/data/Par_VehicleDetails_Updated.csv,1903,Regular,recorded GIRO clock interval,8,5,6,196.30447780400002,153.80447780400002,,"scheduled passenger service, not empty deadhead time",13408,5021.0,2.0,,,,,
duty_13408_original,duty_13408,original,13408,,wait,522.0,529.0,08:42:00,08:49:00,7.0,2190,2190,,,0.011666666666666667,0.0,/Users/nadan/Documents/projects/demandresponse/data/Par_VehicleDetails_Updated.csv,,,unoccupied interval between recorded GIRO events at the same location,9,6,6,153.80447780400002,153.79281113733336,,,,,,,,,,gap before CSV line 1904
duty_13408_original,duty_13408,original,13408,,deadhead,529.0,530.0,08:49:00,08:50:00,1.0,2190,2190L,,,0.400000006,0.0,/Users/nadan/Documents/projects/demandresponse/data/Par_VehicleDetails_Updated.csv,1904,Deadhead,recorded GIRO clock interval,10,6,7,153.79281113733336,153.39281113133336,deadhead,recorded directional GIRO movement; may use time-dependent band,,,,,,,,
duty_13408_original,duty_13408,original,13408,,charge,530.0,539.0,08:50:00,08:59:00,9.0,2190L,2190L,,,1.7698912557762015e-10,38.7360115,/Users/nadan/Documents/projects/demandresponse/data/Par_VehicleDetails_Updated.csv,1905,Recharge,recorded GIRO clock interval,11,7,7,153.39281113133336,192.12882263115637,,,,,,10.093300569418323,8.999999893806525,recorded recharge kWh; maximum documented taper reconstructs within-window power,/Users/nadan/Documents/projects/demandresponse/outputs/week_20260921/cleanup_physics/baseline.json,
duty_13408_original,duty_13408,original,13408,,deadhead,539.0,539.0,08:59:00,08:59:00,0.0,2190L,2190,,,0.0,0.0,/Users/nadan/Documents/projects/demandresponse/data/Par_VehicleDetails_Updated.csv,1906,Deadhead,recorded GIRO clock interval,12,7,8,192.12882263115637,192.12882263115637,deadhead,recorded directional GIRO movement; may use time-dependent band,,,,,,,,
duty_13408_original,duty_13408,original,13408,,service,539.0,597.0,08:59:00,09:57:00,58.0,2190,4808,48,17,41.7299995,0.0,/Users/nadan/Documents/projects/demandresponse/data/Par_VehicleDetails_Updated.csv,1907,Regular,recorded GIRO clock interval,13,8,9,192.12882263115637,150.39882313115638,,"scheduled passenger service, not empty deadhead time",13408,5021.0,1.0,,,,,
duty_13408_original,duty_13408,original,13408,,charge,597.0,604.0,09:57:00,10:04:00,7.0,4808,4808,,,0.0,32.2700653,/Users/nadan/Documents/projects/demandresponse/data/Par_VehicleDetails_Updated.csv,1908,Recharge,recorded GIRO clock interval,14,9,9,150.39882313115638,182.66888843115638,,,,,,7.402201308718036,7.000000400899648,recorded recharge kWh; maximum documented taper reconstructs within-window power,/Users/nadan/Documents/projects/demandresponse/outputs/week_20260921/cleanup_physics/baseline.json,
duty_13408_original,duty_13408,original,13408,,service,604.0,659.0,10:04:00,10:59:00,55.0,4808,2190,61,21,42.5,0.0,/Users/nadan/Documents/projects/demandresponse/data/Par_VehicleDetails_Updated.csv,1909,Regular,recorded GIRO clock interval,15,9,10,182.66888843115638,140.16888843115638,,"scheduled passenger service, not empty deadhead time",13408,5021.0,2.0,,,,,
duty_13408_original,duty_13408,original,13408,,deadhead,659.0,660.0,10:59:00,11:00:00,1.0,2190,2190L,,,0.400000006,0.0,/Users/nadan/Documents/projects/demandresponse/data/Par_VehicleDetails_Updated.csv,1910,Deadhead,recorded GIRO clock interval,16,10,11,140.16888843115638,139.76888842515638,deadhead,recorded directional GIRO movement; may use time-dependent band,,,,,,,,
duty_13408_original,duty_13408,original,13408,,charge,660.0,669.0,11:00:00,11:09:00,9.0,2190L,2190L,,,1.0307851994184602e-09,41.9082565,/Users/nadan/Documents/projects/demandresponse/data/Par_VehicleDetails_Updated.csv,1911,Recharge,recorded GIRO clock interval,17,11,11,139.76888842515638,181.6771449241256,,,,,,7.117930941570522,8.99999938152888,recorded recharge kWh; maximum documented taper reconstructs within-window power,/Users/nadan/Documents/projects/demandresponse/outputs/week_20260921/cleanup_physics/baseline.json,
duty_13408_original,duty_13408,original,13408,,deadhead,669.0,669.0,11:09:00,11:09:00,0.0,2190L,2190,,,0.0,0.0,/Users/nadan/Documents/projects/demandresponse/data/Par_VehicleDetails_Updated.csv,1912,Deadhead,recorded GIRO clock interval,18,11,12,181.6771449241256,181.6771449241256,deadhead,recorded directional GIRO movement; may use time-dependent band,,,,,,,,
duty_13408_original,duty_13408,original,13408,,service,669.0,727.0,11:09:00,12:07:00,58.0,2190,4808,74,26,41.7299995,0.0,/Users/nadan/Documents/projects/demandresponse/data/Par_VehicleDetails_Updated.csv,1913,Regular,recorded GIRO clock interval,19,12,13,181.6771449241256,139.9471454241256,,"scheduled passenger service, not empty deadhead time",13408,5021.0,1.0,,,,,
duty_13408_original,duty_13408,original,13408,,charge,727.0,734.0,12:07:00,12:14:00,7.0,4808,4808,,,6.825006633922233e-10,32.8909683,/Users/nadan/Documents/projects/demandresponse/data/Par_VehicleDetails_Updated.csv,1914,Recharge,recorded GIRO clock interval,20,13,13,139.9471454241256,172.83811372344312,,,,,,4.104419673163396,6.999999590499602,recorded recharge kWh; maximum documented taper reconstructs within-window power,/Users/nadan/Documents/projects/demandresponse/outputs/week_20260921/cleanup_physics/baseline.json,
duty_13408_original,duty_13408,original,13408,,service,734.0,789.0,12:14:00,13:09:00,55.0,4808,2190,87,31,42.5,0.0,/Users/nadan/Documents/projects/demandresponse/data/Par_VehicleDetails_Updated.csv,1915,Regular,recorded GIRO clock interval,21,13,14,172.83811372344312,130.33811372344312,,"scheduled passenger service, not empty deadhead time",13408,5021.0,2.0,,,,,
duty_13408_original,duty_13408,original,13408,,deadhead,789.0,790.0,13:09:00,13:10:00,1.0,2190,ET_R,,,0.200000003,0.0,/Users/nadan/Documents/projects/demandresponse/data/Par_VehicleDetails_Updated.csv,1916,Deadhead,recorded GIRO clock interval,22,14,15,130.33811372344312,130.1381137204431,deadhead,recorded directional GIRO movement; may use time-dependent band,,,,,,,,
duty_13408_original,duty_13408,original,13408,,wait,790.0,839.0,13:10:00,13:59:00,49.0,ET_R,ET_R,,,0.08166666666666667,0.0,/Users/nadan/Documents/projects/demandresponse/data/Par_VehicleDetails_Updated.csv,,,unoccupied interval between recorded GIRO events at the same location,23,15,15,130.1381137204431,130.05644705377642,,,,,,,,,,gap before CSV line 1917
duty_13408_original,duty_13408,original,13408,,deadhead,839.0,840.0,13:59:00,14:00:00,1.0,ET_R,2190,,,0.200000003,0.0,/Users/nadan/Documents/projects/demandresponse/data/Par_VehicleDetails_Updated.csv,1917,Deadhead,recorded GIRO clock interval,24,15,16,130.05644705377642,129.8564470507764,deadhead,recorded directional GIRO movement; may use time-dependent band,,,,,,,,
duty_13408_original,duty_13408,original,13408,,service,840.0,899.0,14:00:00,14:59:00,59.0,2190,4808,108,38,41.7299995,0.0,/Users/nadan/Documents/projects/demandresponse/data/Par_VehicleDetails_Updated.csv,1918,Regular,recorded GIRO clock interval,25,16,17,129.8564470507764,88.12644755077642,,"scheduled passenger service, not empty deadhead time",13408,5021.0,1.0,,,,,
duty_13408_original,duty_13408,original,13408,,charge,899.0,906.0,14:59:00,15:06:00,7.0,4808,4808,,,1.9755858578681305e-10,36.5471497,/Users/nadan/Documents/projects/demandresponse/data/Par_VehicleDetails_Updated.csv,1919,Recharge,recorded GIRO clock interval,26,17,17,88.12644755077642,124.67359725057887,,,,,,1.7380131160384926,6.9999998814648485,recorded recharge kWh; maximum documented taper reconstructs within-window power,/Users/nadan/Documents/projects/demandresponse/outputs/week_20260921/cleanup_physics/baseline.json,
duty_13408_original,duty_13408,original,13408,,service,906.0,964.0,15:06:00,16:04:00,58.0,4808,2190,121,43,42.5,0.0,/Users/nadan/Documents/projects/demandresponse/data/Par_VehicleDetails_Updated.csv,1920,Regular,recorded GIRO clock interval,27,17,18,124.67359725057887,82.17359725057887,,"scheduled passenger service, not empty deadhead time",13408,5021.0,2.0,,,,,
duty_13408_original,duty_13408,original,13408,,wait,964.0,968.0,16:04:00,16:08:00,4.0,2190,2190,,,0.006666666666666667,0.0,/Users/nadan/Documents/projects/demandresponse/data/Par_VehicleDetails_Updated.csv,,,unoccupied interval between recorded GIRO events at the same location,28,18,18,82.17359725057887,82.1669305839122,,,,,,,,,,gap before CSV line 1921
duty_13408_original,duty_13408,original,13408,,deadhead,968.0,969.0,16:08:00,16:09:00,1.0,2190,2190L,,,0.400000006,0.0,/Users/nadan/Documents/projects/demandresponse/data/Par_VehicleDetails_Updated.csv,1921,Deadhead,recorded GIRO clock interval,29,18,19,82.1669305839122,81.7669305779122,deadhead,recorded directional GIRO movement; may use time-dependent band,,,,,,,,
duty_13408_original,duty_13408,original,13408,,charge,969.0,978.0,16:09:00,16:18:00,9.0,2190L,2190L,,,0.0,47.0760918,/Users/nadan/Documents/projects/demandresponse/data/Par_VehicleDetails_Updated.csv,1922,Recharge,recorded GIRO clock interval,30,19,19,81.7669305779122,128.8430223779122,,,,,,1.7223373264746455,9.000000095544467,recorded recharge kWh; maximum documented taper reconstructs within-window power,/Users/nadan/Documents/projects/demandresponse/outputs/week_20260921/cleanup_physics/baseline.json,
duty_13408_original,duty_13408,original,13408,,deadhead,978.0,978.0,16:18:00,16:18:00,0.0,2190L,2190,,,0.0,0.0,/Users/nadan/Documents/projects/demandresponse/data/Par_VehicleDetails_Updated.csv,1923,Deadhead,recorded GIRO clock interval,31,19,20,128.8430223779122,128.8430223779122,deadhead,recorded directional GIRO movement; may use time-dependent band,,,,,,,,
duty_13408_original,duty_13408,original,13408,,service,978.0,1041.0,16:18:00,17:21:00,63.0,2190,4808,135,48,41.7299995,0.0,/Users/nadan/Documents/projects/demandresponse/data/Par_VehicleDetails_Updated.csv,1924,Regular,recorded GIRO clock interval,32,20,21,128.8430223779122,87.11302287791221,,"scheduled passenger service, not empty deadhead time",13408,5021.0,1.0,,,,,
duty_13408_original,duty_13408,original,13408,,charge,1041.0,1047.0,17:21:00,17:27:00,6.0,4808,4808,,,3.1072006597317646e-10,31.6534176,/Users/nadan/Documents/projects/demandresponse/data/Par_VehicleDetails_Updated.csv,1925,Recharge,recorded GIRO clock interval,33,21,21,87.11302287791221,118.76644047760149,,,,,,1.030678345429865,5.99999981356796,recorded recharge kWh; maximum documented taper reconstructs within-window power,/Users/nadan/Documents/projects/demandresponse/outputs/week_20260921/cleanup_physics/baseline.json,
duty_13408_original,duty_13408,original,13408,,service,1047.0,1102.0,17:27:00,18:22:00,55.0,4808,2190,149,53,42.5,0.0,/Users/nadan/Documents/projects/demandresponse/data/Par_VehicleDetails_Updated.csv,1926,Regular,recorded GIRO clock interval,34,21,22,118.76644047760149,76.26644047760149,,"scheduled passenger service, not empty deadhead time",13408,5021.0,2.0,,,,,
duty_13408_original,duty_13408,original,13408,,deadhead,1102.0,1121.0,18:22:00,18:41:00,19.0,2190,PARX,,,28.0,0.0,/Users/nadan/Documents/projects/demandresponse/data/Par_VehicleDetails_Updated.csv,1927,Pull-in,recorded GIRO clock interval,35,22,23,76.26644047760149,48.26644047760149,pull_in,recorded directional GIRO movement; may use time-dependent band,,,,,,,,
duty_13408_original,duty_13408,original,13408,,prep,1121.0,1124.0,18:41:00,18:44:00,3.0,PARX,PARX,,,0.0,0.0,/Users/nadan/Documents/projects/demandresponse/data/Par_VehicleDetails_Updated.csv,1928,Prep-in,recorded GIRO clock interval,36,23,23,48.26644047760149,48.26644047760149,,,,,,,,,,
duty_13408_fee0,duty_13408,fee0,13408,4,deadhead,248.0,267.0,04:08:00,04:27:00,19.0,PARX,2190,,,28.0,0.0,/Users/nadan/Documents/projects/demandresponse/outputs/week_20260921/cleanup_physics/saved_sequence_replay.json,,,latest depot departure that reaches first service on time,0,0,1,236.44,208.44,pull_out,static model reference deadhead,,,,,,,,saved_joint_fee0/routes/4/actions/0
duty_13408_fee0,duty_13408,fee0,13408,4,service,267.0,319.0,04:27:00,05:19:00,52.0,2190,4808,0,0,41.7299995,0.0,/Users/nadan/Documents/projects/demandresponse/outputs/meeting_20260917/route_explainer/inputs/k05.csv,2,,,1,1,2,208.44,166.7100005,,"scheduled passenger service, not empty deadhead time",13401,5021.0,1.0,,,,,
duty_13408_fee0,duty_13408,fee0,13408,4,deadhead,319.0,319.0,05:19:00,05:19:00,0.0,4808,4808,,,0.0,0.0,/Users/nadan/Documents/projects/demandresponse/outputs/week_20260921/cleanup_physics/saved_sequence_replay.json,,,travel immediately after service; station departure at next-trip deadline,2,2,2,166.7100005,166.7100005,station_inbound,static model reference deadhead,,,,,,,,saved_joint_fee0/routes/4/actions/1
duty_13408_fee0,duty_13408,fee0,13408,4,charge,319.0,336.0,05:19:00,05:36:00,17.0,4808,4808,,,0.0,51.19657749999999,/Users/nadan/Documents/projects/demandresponse/outputs/week_20260921/cleanup_physics/saved_joint_fee0.json,,,actual optimized charge witness,3,2,2,166.7100005,217.906578,,,,,,8.695510945194348,,"documented 18E1 taper, shared charger count and terminal floor",,routes/4/charges/0
duty_13408_fee0,duty_13408,fee0,13408,4,deadhead,336.0,336.0,05:36:00,05:36:00,0.0,4808,4808,,,0.0,0.0,/Users/nadan/Documents/projects/demandresponse/outputs/week_20260921/cleanup_physics/saved_sequence_replay.json,,,travel immediately after service; station departure at next-trip deadline,4,2,2,217.906578,217.906578,station_outbound,static model reference deadhead,,,,,,,,saved_joint_fee0/routes/4/actions/1
duty_13408_fee0,duty_13408,fee0,13408,4,service,336.0,387.0,05:36:00,06:27:00,51.0,4808,2190,8,4,42.5,0.0,/Users/nadan/Documents/projects/demandresponse/outputs/meeting_20260917/route_explainer/inputs/k05.csv,6,,,5,2,3,217.906578,175.406578,,"scheduled passenger service, not empty deadhead time",13408,5021.0,2.0,,,,,
duty_13408_fee0,duty_13408,fee0,13408,4,deadhead,387.0,387.0,06:27:00,06:27:00,0.0,2190,2190L,,,0.0,0.0,/Users/nadan/Documents/projects/demandresponse/outputs/week_20260921/cleanup_physics/saved_sequence_replay.json,,,travel immediately after service; station departure at next-trip deadline,6,3,4,175.406578,175.406578,station_inbound,static model reference deadhead,,,,,,,,saved_joint_fee0/routes/4/actions/2
duty_13408_fee0,duty_13408,fee0,13408,4,wait,387.0,389.00045460199925,06:27:00,06:29:00,2.0004546019992517,2190L,2190L,,,0.0033340910033320863,0.0,/Users/nadan/Documents/projects/demandresponse/outputs/week_20260921/cleanup_physics/saved_joint_fee0.json,,,idle before optimized charge in fixed station visit,7,4,4,175.406578,175.40324390899667,,,,,,,,,,routes/4/charges/1
duty_13408_fee0,duty_13408,fee0,13408,4,charge,389.00045460199925,398.0,06:29:00,06:38:00,8.999545398000748,2190L,2190L,,,0.0,28.60942175767002,/Users/nadan/Documents/projects/demandresponse/outputs/week_20260921/cleanup_physics/saved_joint_fee0.json,,,actual optimized charge witness,8,4,4,175.40324390899667,204.0126656666667,,,,,,6.140242463795952,,"documented 18E1 taper, shared charger count and terminal floor",,routes/4/charges/1
duty_13408_fee0,duty_13408,fee0,13408,4,deadhead,398.0,398.0,06:38:00,06:38:00,0.0,2190L,2190,,,0.0,0.0,/Users/nadan/Documents/projects/demandresponse/outputs/week_20260921/cleanup_physics/saved_sequence_replay.json,,,travel immediately after service; station departure at next-trip deadline,9,4,5,204.0126656666667,204.0126656666667,station_outbound,static model reference deadhead,,,,,,,,saved_joint_fee0/routes/4/actions/2
duty_13408_fee0,duty_13408,fee0,13408,4,service,398.0,455.0,06:38:00,07:35:00,57.0,2190,4808,20,7,41.7299995,0.0,/Users/nadan/Documents/projects/demandresponse/outputs/meeting_20260917/route_explainer/inputs/k05.csv,9,,,10,5,6,204.0126656666667,162.2826661666667,,"scheduled passenger service, not empty deadhead time",13408,5021.0,1.0,,,,,
duty_13408_fee0,duty_13408,fee0,13408,4,deadhead,455.0,455.0,07:35:00,07:35:00,0.0,4808,4808,,,0.0,0.0,/Users/nadan/Documents/projects/demandresponse/outputs/week_20260921/cleanup_physics/saved_sequence_replay.json,,,travel immediately after service; station departure at next-trip deadline,11,6,6,162.2826661666667,162.2826661666667,station_inbound,static model reference deadhead,,,,,,,,saved_joint_fee0/routes/4/actions/3
duty_13408_fee0,duty_13408,fee0,13408,4,wait,455.0,462.0,07:35:00,07:42:00,7.0,4808,4808,,,0.011666666666666667,0.0,/Users/nadan/Documents/projects/demandresponse/outputs/week_20260921/cleanup_physics/saved_sequence_replay.json,,,"idle after optimized charge, or entire uncharged station visit",12,6,6,162.2826661666667,162.27099950000004,,,,,,,,,,saved_joint_fee0/routes/4/actions/3
duty_13408_fee0,duty_13408,fee0,13408,4,deadhead,462.0,462.0,07:42:00,07:42:00,0.0,4808,4808,,,0.0,0.0,/Users/nadan/Documents/projects/demandresponse/outputs/week_20260921/cleanup_physics/saved_sequence_replay.json,,,travel immediately after service; station departure at next-trip deadline,13,6,6,162.27099950000004,162.27099950000004,station_outbound,static model reference deadhead,,,,,,,,saved_joint_fee0/routes/4/actions/3
duty_13408_fee0,duty_13408,fee0,13408,4,service,462.0,522.0,07:42:00,08:42:00,60.0,4808,2190,33,12,42.5,0.0,/Users/nadan/Documents/projects/demandresponse/outputs/meeting_20260917/route_explainer/inputs/k05.csv,14,,,14,6,7,162.27099950000004,119.77099950000004,,"scheduled passenger service, not empty deadhead time",13408,5021.0,2.0,,,,,
duty_13408_fee0,duty_13408,fee0,13408,4,deadhead,522.0,522.0,08:42:00,08:42:00,0.0,2190,2190L,,,0.0,0.0,/Users/nadan/Documents/projects/demandresponse/outputs/week_20260921/cleanup_physics/saved_sequence_replay.json,,,travel immediately after service; station departure at next-trip deadline,15,7,8,119.77099950000004,119.77099950000004,station_inbound,static model reference deadhead,,,,,,,,saved_joint_fee0/routes/4/actions/4
duty_13408_fee0,duty_13408,fee0,13408,4,wait,522.0,560.0,08:42:00,09:20:00,38.0,2190L,2190L,,,0.06333333333333334,0.0,/Users/nadan/Documents/projects/demandresponse/outputs/week_20260921/cleanup_physics/saved_sequence_replay.json,,,"idle after optimized charge, or entire uncharged station visit",16,8,8,119.77099950000004,119.70766616666671,,,,,,,,,,saved_joint_fee0/routes/4/actions/4
duty_13408_fee0,duty_13408,fee0,13408,4,deadhead,560.0,560.0,09:20:00,09:20:00,0.0,2190L,2190,,,0.0,0.0,/Users/nadan/Documents/projects/demandresponse/outputs/week_20260921/cleanup_physics/saved_sequence_replay.json,,,travel immediately after service; station departure at next-trip deadline,17,8,9,119.70766616666671,119.70766616666671,station_outbound,static model reference deadhead,,,,,,,,saved_joint_fee0/routes/4/actions/4
duty_13408_fee0,duty_13408,fee0,13408,4,service,560.0,617.0,09:20:00,10:17:00,57.0,2190,4808,52,19,41.7299995,0.0,/Users/nadan/Documents/projects/demandresponse/outputs/meeting_20260917/route_explainer/inputs/k05.csv,21,,,18,9,10,119.70766616666671,77.97766666666672,,"scheduled passenger service, not empty deadhead time",13405,5021.0,1.0,,,,,
duty_13408_fee0,duty_13408,fee0,13408,4,deadhead,617.0,617.0,10:17:00,10:17:00,0.0,4808,4808,,,0.0,0.0,/Users/nadan/Documents/projects/demandresponse/outputs/week_20260921/cleanup_physics/saved_sequence_replay.json,,,travel immediately after service; station departure at next-trip deadline,19,10,10,77.97766666666672,77.97766666666672,station_inbound,static model reference deadhead,,,,,,,,saved_joint_fee0/routes/4/actions/5
duty_13408_fee0,duty_13408,fee0,13408,4,wait,617.0,624.0,10:17:00,10:24:00,7.0,4808,4808,,,0.011666666666666667,0.0,/Users/nadan/Documents/projects/demandresponse/outputs/week_20260921/cleanup_physics/saved_sequence_replay.json,,,"idle after optimized charge, or entire uncharged station visit",20,10,10,77.97766666666672,77.96600000000005,,,,,,,,,,saved_joint_fee0/routes/4/actions/5
duty_13408_fee0,duty_13408,fee0,13408,4,deadhead,624.0,624.0,10:24:00,10:24:00,0.0,4808,4808,,,0.0,0.0,/Users/nadan/Documents/projects/demandresponse/outputs/week_20260921/cleanup_physics/saved_sequence_replay.json,,,travel immediately after service; station departure at next-trip deadline,21,10,10,77.96600000000005,77.96600000000005,station_outbound,static model reference deadhead,,,,,,,,saved_joint_fee0/routes/4/actions/5
duty_13408_fee0,duty_13408,fee0,13408,4,service,624.0,679.0,10:24:00,11:19:00,55.0,4808,2190,65,23,42.5,0.0,/Users/nadan/Documents/projects/demandresponse/outputs/meeting_20260917/route_explainer/inputs/k05.csv,25,,,22,10,11,77.96600000000005,35.46600000000005,,"scheduled passenger service, not empty deadhead time",13405,5021.0,2.0,,,,,
duty_13408_fee0,duty_13408,fee0,13408,4,deadhead,679.0,679.0,11:19:00,11:19:00,0.0,2190,2190L,,,0.0,0.0,/Users/nadan/Documents/projects/demandresponse/outputs/week_20260921/cleanup_physics/saved_sequence_replay.json,,,travel immediately after service; station departure at next-trip deadline,23,11,12,35.46600000000005,35.46600000000005,station_inbound,static model reference deadhead,,,,,,,,saved_joint_fee0/routes/4/actions/6
duty_13408_fee0,duty_13408,fee0,13408,4,charge,679.0,686.7377625546017,11:19:00,11:26:44,7.737762554601659,2190L,2190L,,,0.0,44.26108602534886,/Users/nadan/Documents/projects/demandresponse/outputs/week_20260921/cleanup_physics/saved_joint_fee0.json,,,actual optimized charge witness,24,12,12,35.46600000000005,79.72708602534891,,,,,,7.517548570109222,,"documented 18E1 taper, shared charger count and terminal floor",,routes/4/charges/2
duty_13408_fee0,duty_13408,fee0,13408,4,wait,686.7377625546017,689.0,11:26:44,11:29:00,2.262237445398341,2190L,2190L,,,0.0037703957423305687,0.0,/Users/nadan/Documents/projects/demandresponse/outputs/week_20260921/cleanup_physics/saved_sequence_replay.json,,,"idle after optimized charge, or entire uncharged station visit",25,12,12,79.72708602534891,79.72331562960657,,,,,,,,,,saved_joint_fee0/routes/4/actions/6
duty_13408_fee0,duty_13408,fee0,13408,4,deadhead,689.0,689.0,11:29:00,11:29:00,0.0,2190L,2190,,,0.0,0.0,/Users/nadan/Documents/projects/demandresponse/outputs/week_20260921/cleanup_physics/saved_sequence_replay.json,,,travel immediately after service; station departure at next-trip deadline,26,12,13,79.72331562960657,79.72331562960657,station_outbound,static model reference deadhead,,,,,,,,saved_joint_fee0/routes/4/actions/6
duty_13408_fee0,duty_13408,fee0,13408,4,service,689.0,747.0,11:29:00,12:27:00,58.0,2190,4808,78,28,41.7299995,0.0,/Users/nadan/Documents/projects/demandresponse/outputs/meeting_20260917/route_explainer/inputs/k05.csv,30,,,27,13,14,79.72331562960657,37.993316129606576,,"scheduled passenger service, not empty deadhead time",13405,5021.0,1.0,,,,,
duty_13408_fee0,duty_13408,fee0,13408,4,deadhead,747.0,747.0,12:27:00,12:27:00,0.0,4808,4808,,,0.0,0.0,/Users/nadan/Documents/projects/demandresponse/outputs/week_20260921/cleanup_physics/saved_sequence_replay.json,,,travel immediately after service; station departure at next-trip deadline,28,14,14,37.993316129606576,37.993316129606576,station_inbound,static model reference deadhead,,,,,,,,saved_joint_fee0/routes/4/actions/7
duty_13408_fee0,duty_13408,fee0,13408,4,charge,747.0,754.0,12:27:00,12:34:00,7.0,4808,4808,,,0.0,40.022683870393465,/Users/nadan/Documents/projects/demandresponse/outputs/week_20260921/cleanup_physics/saved_joint_fee0.json,,,actual optimized charge witness,29,14,14,37.993316129606576,78.01600000000005,,,,,,4.99437686212611,,"documented 18E1 taper, shared charger count and terminal floor",,routes/4/charges/3
duty_13408_fee0,duty_13408,fee0,13408,4,deadhead,754.0,754.0,12:34:00,12:34:00,0.0,4808,4808,,,0.0,0.0,/Users/nadan/Documents/projects/demandresponse/outputs/week_20260921/cleanup_physics/saved_sequence_replay.json,,,travel immediately after service; station departure at next-trip deadline,30,14,14,78.01600000000005,78.01600000000005,station_outbound,static model reference deadhead,,,,,,,,saved_joint_fee0/routes/4/actions/7
duty_13408_fee0,duty_13408,fee0,13408,4,service,754.0,810.0,12:34:00,13:30:00,56.0,4808,2190,91,33,42.5,0.0,/Users/nadan/Documents/projects/demandresponse/outputs/meeting_20260917/route_explainer/inputs/k05.csv,35,,,31,14,15,78.01600000000005,35.51600000000005,,"scheduled passenger service, not empty deadhead time",13405,5021.0,2.0,,,,,
duty_13408_fee0,duty_13408,fee0,13408,4,deadhead,810.0,810.0,13:30:00,13:30:00,0.0,2190,2190L,,,0.0,0.0,/Users/nadan/Documents/projects/demandresponse/outputs/week_20260921/cleanup_physics/saved_sequence_replay.json,,,travel immediately after service; station departure at next-trip deadline,32,15,16,35.51600000000005,35.51600000000005,station_inbound,static model reference deadhead,,,,,,,,saved_joint_fee0/routes/4/actions/8
duty_13408_fee0,duty_13408,fee0,13408,4,wait,810.0,840.0,13:30:00,14:00:00,30.0,2190L,2190L,,,0.05,0.0,/Users/nadan/Documents/projects/demandresponse/outputs/week_20260921/cleanup_physics/saved_joint_fee0.json,,,idle before optimized charge in fixed station visit,33,16,16,35.51600000000005,35.46600000000005,,,,,,,,,,routes/4/charges/4
duty_13408_fee0,duty_13408,fee0,13408,4,charge,840.0,856.7746964171212,14:00:00,14:16:46,16.774696417121163,2190L,2190L,,,0.0,91.70158320727171,/Users/nadan/Documents/projects/demandresponse/outputs/week_20260921/cleanup_physics/saved_joint_fee0.json,,,actual optimized charge witness,34,16,16,35.46600000000005,127.16758320727176,,,,,,5.612481719869939,,"documented 18E1 taper, shared charger count and terminal floor",,routes/4/charges/4
duty_13408_fee0,duty_13408,fee0,13408,4,wait,856.7746964171212,878.0,14:16:46,14:38:00,21.225303582878837,2190L,2190L,,,0.03537550597146473,0.0,/Users/nadan/Documents/projects/demandresponse/outputs/week_20260921/cleanup_physics/saved_sequence_replay.json,,,"idle after optimized charge, or entire uncharged station visit",35,16,16,127.16758320727176,127.1322077013003,,,,,,,,,,saved_joint_fee0/routes/4/actions/8
duty_13408_fee0,duty_13408,fee0,13408,4,deadhead,878.0,878.0,14:38:00,14:38:00,0.0,2190L,2190,,,0.0,0.0,/Users/nadan/Documents/projects/demandresponse/outputs/week_20260921/cleanup_physics/saved_sequence_replay.json,,,travel immediately after service; station departure at next-trip deadline,36,16,17,127.1322077013003,127.1322077013003,station_outbound,static model reference deadhead,,,,,,,,saved_joint_fee0/routes/4/actions/8
duty_13408_fee0,duty_13408,fee0,13408,4,service,878.0,940.0,14:38:00,15:40:00,62.0,2190,4808,116,41,41.7299995,0.0,/Users/nadan/Documents/projects/demandresponse/outputs/meeting_20260917/route_explainer/inputs/k05.csv,43,,,37,17,18,127.1322077013003,85.40220820130031,,"scheduled passenger service, not empty deadhead time",13401,5021.0,1.0,,,,,
duty_13408_fee0,duty_13408,fee0,13408,4,deadhead,940.0,940.0,15:40:00,15:40:00,0.0,4808,4808,,,0.0,0.0,/Users/nadan/Documents/projects/demandresponse/outputs/week_20260921/cleanup_physics/saved_sequence_replay.json,,,travel immediately after service; station departure at next-trip deadline,38,18,18,85.40220820130031,85.40220820130031,station_inbound,static model reference deadhead,,,,,,,,saved_joint_fee0/routes/4/actions/9
duty_13408_fee0,duty_13408,fee0,13408,4,charge,940.0,947.0,15:40:00,15:47:00,7.0,4808,4808,,,0.0,36.78801291611117,/Users/nadan/Documents/projects/demandresponse/outputs/week_20260921/cleanup_physics/saved_joint_fee0.json,,,actual optimized charge witness,39,18,18,85.40220820130031,122.19022111741148,,,,,,1.6611548499513256,,"documented 18E1 taper, shared charger count and terminal floor",,routes/4/charges/5
duty_13408_fee0,duty_13408,fee0,13408,4,deadhead,947.0,947.0,15:47:00,15:47:00,0.0,4808,4808,,,0.0,0.0,/Users/nadan/Documents/projects/demandresponse/outputs/week_20260921/cleanup_physics/saved_sequence_replay.json,,,travel immediately after service; station departure at next-trip deadline,40,18,18,122.19022111741148,122.19022111741148,station_outbound,static model reference deadhead,,,,,,,,saved_joint_fee0/routes/4/actions/9
duty_13408_fee0,duty_13408,fee0,13408,4,service,947.0,1006.0,15:47:00,16:46:00,59.0,4808,2190,129,46,42.5,0.0,/Users/nadan/Documents/projects/demandresponse/outputs/meeting_20260917/route_explainer/inputs/k05.csv,48,,,41,18,19,122.19022111741148,79.69022111741148,,"scheduled passenger service, not empty deadhead time",13401,5021.0,2.0,,,,,
duty_13408_fee0,duty_13408,fee0,13408,4,deadhead,1006.0,1006.0,16:46:00,16:46:00,0.0,2190,2190L,,,0.0,0.0,/Users/nadan/Documents/projects/demandresponse/outputs/week_20260921/cleanup_physics/saved_sequence_replay.json,,,travel immediately after service; station departure at next-trip deadline,42,19,20,79.69022111741148,79.69022111741148,station_inbound,static model reference deadhead,,,,,,,,saved_joint_fee0/routes/4/actions/10
duty_13408_fee0,duty_13408,fee0,13408,4,wait,1006.0,1009.0,16:46:00,16:49:00,3.0,2190L,2190L,,,0.005,0.0,/Users/nadan/Documents/projects/demandresponse/outputs/week_20260921/cleanup_physics/saved_sequence_replay.json,,,"idle after optimized charge, or entire uncharged station visit",43,20,20,79.69022111741148,79.68522111741149,,,,,,,,,,saved_joint_fee0/routes/4/actions/10
duty_13408_fee0,duty_13408,fee0,13408,4,deadhead,1009.0,1009.0,16:49:00,16:49:00,0.0,2190L,2190,,,0.0,0.0,/Users/nadan/Documents/projects/demandresponse/outputs/week_20260921/cleanup_physics/saved_sequence_replay.json,,,travel immediately after service; station departure at next-trip deadline,44,20,21,79.68522111741149,79.68522111741149,station_outbound,static model reference deadhead,,,,,,,,saved_joint_fee0/routes/4/actions/10
duty_13408_fee0,duty_13408,fee0,13408,4,service,1009.0,1070.0,16:49:00,17:50:00,61.0,2190,4808,142,50,41.7299995,0.0,/Users/nadan/Documents/projects/demandresponse/outputs/meeting_20260917/route_explainer/inputs/k05.csv,52,,,45,21,22,79.68522111741149,37.95522161741149,,"scheduled passenger service, not empty deadhead time",13403,5021.0,1.0,,,,,
duty_13408_fee0,duty_13408,fee0,13408,4,deadhead,1070.0,1070.0,17:50:00,17:50:00,0.0,4808,4808,,,0.0,0.0,/Users/nadan/Documents/projects/demandresponse/outputs/week_20260921/cleanup_physics/saved_sequence_replay.json,,,travel immediately after service; station departure at next-trip deadline,46,22,22,37.95522161741149,37.95522161741149,station_inbound,static model reference deadhead,,,,,,,,saved_joint_fee0/routes/4/actions/11
duty_13408_fee0,duty_13408,fee0,13408,4,charge,1070.0,1077.0,17:50:00,17:57:00,7.0,4808,4808,,,0.0,40.02577838258858,/Users/nadan/Documents/projects/demandresponse/outputs/week_20260921/cleanup_physics/saved_joint_fee0.json,,,actual optimized charge witness,47,22,22,37.95522161741149,77.98100000000007,,,,,,1.3032938041391096,,"documented 18E1 taper, shared charger count and terminal floor",,routes/4/charges/6
duty_13408_fee0,duty_13408,fee0,13408,4,deadhead,1077.0,1077.0,17:57:00,17:57:00,0.0,4808,4808,,,0.0,0.0,/Users/nadan/Documents/projects/demandresponse/outputs/week_20260921/cleanup_physics/saved_sequence_replay.json,,,travel immediately after service; station departure at next-trip deadline,48,22,22,77.98100000000007,77.98100000000007,station_outbound,static model reference deadhead,,,,,,,,saved_joint_fee0/routes/4/actions/11
duty_13408_fee0,duty_13408,fee0,13408,4,service,1077.0,1131.0,17:57:00,18:51:00,54.0,4808,2190,155,55,42.5,0.0,/Users/nadan/Documents/projects/demandresponse/outputs/meeting_20260917/route_explainer/inputs/k05.csv,57,,,49,22,23,77.98100000000007,35.481000000000066,,"scheduled passenger service, not empty deadhead time",13403,5021.0,2.0,,,,,
duty_13408_fee0,duty_13408,fee0,13408,4,deadhead,1131.0,1131.0,18:51:00,18:51:00,0.0,2190,2190L,,,0.0,0.0,/Users/nadan/Documents/projects/demandresponse/outputs/week_20260921/cleanup_physics/saved_sequence_replay.json,,,travel immediately after service; station departure at next-trip deadline,50,23,24,35.481000000000066,35.481000000000066,station_inbound,static model reference deadhead,,,,,,,,saved_joint_fee0/routes/4/actions/12
duty_13408_fee0,duty_13408,fee0,13408,4,wait,1131.0,1140.0,18:51:00,19:00:00,9.0,2190L,2190L,,,0.015000000000000001,0.0,/Users/nadan/Documents/projects/demandresponse/outputs/week_20260921/cleanup_physics/saved_joint_fee0.json,,,idle before optimized charge in fixed station visit,51,24,24,35.481000000000066,35.466000000000065,,,,,,,,,,routes/4/charges/7
duty_13408_fee0,duty_13408,fee0,13408,4,charge,1140.0,1151.0776911961307,19:00:00,19:11:05,11.077691196130672,2190L,2190L,,,0.0,62.368643825607904,/Users/nadan/Documents/projects/demandresponse/outputs/week_20260921/cleanup_physics/saved_joint_fee0.json,,,actual optimized charge witness,52,24,24,35.466000000000065,97.83464382560797,,,,,,1.8883709535073685,,"documented 18E1 taper, shared charger count and terminal floor",,routes/4/charges/7
duty_13408_fee0,duty_13408,fee0,13408,4,wait,1151.0776911961307,1174.0,19:11:05,19:34:00,22.922308803869328,2190L,2190L,,,0.03820384800644888,0.0,/Users/nadan/Documents/projects/demandresponse/outputs/week_20260921/cleanup_physics/saved_sequence_replay.json,,,"idle after optimized charge, or entire uncharged station visit",53,24,24,97.83464382560797,97.79643997760152,,,,,,,,,,saved_joint_fee0/routes/4/actions/12
duty_13408_fee0,duty_13408,fee0,13408,4,deadhead,1174.0,1174.0,19:34:00,19:34:00,0.0,2190L,2190,,,0.0,0.0,/Users/nadan/Documents/projects/demandresponse/outputs/week_20260921/cleanup_physics/saved_sequence_replay.json,,,travel immediately after service; station departure at next-trip deadline,54,24,25,97.79643997760152,97.79643997760152,station_outbound,static model reference deadhead,,,,,,,,saved_joint_fee0/routes/4/actions/12
duty_13408_fee0,duty_13408,fee0,13408,4,service,1174.0,1230.0,19:34:00,20:30:00,56.0,2190,4808,170,59,41.7299995,0.0,/Users/nadan/Documents/projects/demandresponse/outputs/meeting_20260917/route_explainer/inputs/k05.csv,61,,,55,25,26,97.79643997760152,56.066440477601525,,"scheduled passenger service, not empty deadhead time",13403,5021.0,1.0,,,,,
duty_13408_fee0,duty_13408,fee0,13408,4,deadhead,1230.0,1237.0,20:30:00,20:37:00,7.0,4808,PARX,,,7.8,0.0,/Users/nadan/Documents/projects/demandresponse/outputs/week_20260921/cleanup_physics/saved_sequence_replay.json,,,travel immediately after service; station departure at next-trip deadline,56,26,27,56.066440477601525,48.26644047760153,pull_in,static model reference deadhead,,,,,,,,saved_joint_fee0/routes/4/actions/13
duty_13408_fee5,duty_13408,fee5,13408,4,deadhead,318.0,325.0,05:18:00,05:25:00,7.0,PARX,4808,,,7.8,0.0,/Users/nadan/Documents/projects/demandresponse/outputs/week_20260921/cleanup_physics/saved_sequence_replay.json,,,latest depot departure that reaches first service on time,0,0,1,236.44,228.64,pull_out,static model reference deadhead,,,,,,,,saved_joint_fee5/routes/4/actions/0
duty_13408_fee5,duty_13408,fee5,13408,4,service,325.0,376.0,05:25:00,06:16:00,51.0,4808,2190,6,3,42.5,0.0,/Users/nadan/Documents/projects/demandresponse/outputs/meeting_20260917/route_explainer/inputs/k05.csv,5,,,1,1,2,228.64,186.14,,"scheduled passenger service, not empty deadhead time",13401,5021.0,2.0,,,,,
duty_13408_fee5,duty_13408,fee5,13408,4,deadhead,376.0,376.0,06:16:00,06:16:00,0.0,2190,2190L,,,0.0,0.0,/Users/nadan/Documents/projects/demandresponse/outputs/week_20260921/cleanup_physics/saved_sequence_replay.json,,,travel immediately after service; station departure at next-trip deadline,2,2,3,186.14,186.14,station_inbound,static model reference deadhead,,,,,,,,saved_joint_fee5/routes/4/actions/1
duty_13408_fee5,duty_13408,fee5,13408,4,charge,376.0,382.61052591605596,06:16:00,06:22:37,6.610525916055963,2190L,2190L,,,0.0,17.86498145680659,/Users/nadan/Documents/projects/demandresponse/outputs/week_20260921/cleanup_physics/saved_joint_fee5.json,,,actual optimized charge witness,3,3,3,186.14,204.00498145680658,,,,,,3.834237499980301,,"documented 18E1 taper, shared charger count and terminal floor",,routes/4/charges/0
duty_13408_fee5,duty_13408,fee5,13408,4,wait,382.61052591605596,398.0,06:22:37,06:38:00,15.389474083944037,2190L,2190L,,,0.025649123473240065,0.0,/Users/nadan/Documents/projects/demandresponse/outputs/week_20260921/cleanup_physics/saved_sequence_replay.json,,,"idle after optimized charge, or entire uncharged station visit",4,3,3,204.00498145680658,203.97933233333333,,,,,,,,,,saved_joint_fee5/routes/4/actions/1
duty_13408_fee5,duty_13408,fee5,13408,4,deadhead,398.0,398.0,06:38:00,06:38:00,0.0,2190L,2190,,,0.0,0.0,/Users/nadan/Documents/projects/demandresponse/outputs/week_20260921/cleanup_physics/saved_sequence_replay.json,,,travel immediately after service; station departure at next-trip deadline,5,3,4,203.97933233333333,203.97933233333333,station_outbound,static model reference deadhead,,,,,,,,saved_joint_fee5/routes/4/actions/1
duty_13408_fee5,duty_13408,fee5,13408,4,service,398.0,455.0,06:38:00,07:35:00,57.0,2190,4808,20,7,41.7299995,0.0,/Users/nadan/Documents/projects/demandresponse/outputs/meeting_20260917/route_explainer/inputs/k05.csv,9,,,6,4,5,203.97933233333333,162.24933283333334,,"scheduled passenger service, not empty deadhead time",13408,5021.0,1.0,,,,,
duty_13408_fee5,duty_13408,fee5,13408,4,deadhead,455.0,455.0,07:35:00,07:35:00,0.0,4808,4808,,,0.0,0.0,/Users/nadan/Documents/projects/demandresponse/outputs/week_20260921/cleanup_physics/saved_sequence_replay.json,,,travel immediately after service; station departure at next-trip deadline,7,5,5,162.24933283333334,162.24933283333334,station_inbound,static model reference deadhead,,,,,,,,saved_joint_fee5/routes/4/actions/2
duty_13408_fee5,duty_13408,fee5,13408,4,wait,455.0,462.0,07:35:00,07:42:00,7.0,4808,4808,,,0.011666666666666667,0.0,/Users/nadan/Documents/projects/demandresponse/outputs/week_20260921/cleanup_physics/saved_sequence_replay.json,,,"idle after optimized charge, or entire uncharged station visit",8,5,5,162.24933283333334,162.23766616666668,,,,,,,,,,saved_joint_fee5/routes/4/actions/2
duty_13408_fee5,duty_13408,fee5,13408,4,deadhead,462.0,462.0,07:42:00,07:42:00,0.0,4808,4808,,,0.0,0.0,/Users/nadan/Documents/projects/demandresponse/outputs/week_20260921/cleanup_physics/saved_sequence_replay.json,,,travel immediately after service; station departure at next-trip deadline,9,5,5,162.23766616666668,162.23766616666668,station_outbound,static model reference deadhead,,,,,,,,saved_joint_fee5/routes/4/actions/2
duty_13408_fee5,duty_13408,fee5,13408,4,service,462.0,522.0,07:42:00,08:42:00,60.0,4808,2190,33,12,42.5,0.0,/Users/nadan/Documents/projects/demandresponse/outputs/meeting_20260917/route_explainer/inputs/k05.csv,14,,,10,5,6,162.23766616666668,119.73766616666668,,"scheduled passenger service, not empty deadhead time",13408,5021.0,2.0,,,,,
duty_13408_fee5,duty_13408,fee5,13408,4,deadhead,522.0,522.0,08:42:00,08:42:00,0.0,2190,2190L,,,0.0,0.0,/Users/nadan/Documents/projects/demandresponse/outputs/week_20260921/cleanup_physics/saved_sequence_replay.json,,,travel immediately after service; station departure at next-trip deadline,11,6,7,119.73766616666668,119.73766616666668,station_inbound,static model reference deadhead,,,,,,,,saved_joint_fee5/routes/4/actions/3
duty_13408_fee5,duty_13408,fee5,13408,4,wait,522.0,539.0,08:42:00,08:59:00,17.0,2190L,2190L,,,0.028333333333333335,0.0,/Users/nadan/Documents/projects/demandresponse/outputs/week_20260921/cleanup_physics/saved_sequence_replay.json,,,"idle after optimized charge, or entire uncharged station visit",12,7,7,119.73766616666668,119.70933283333335,,,,,,,,,,saved_joint_fee5/routes/4/actions/3
duty_13408_fee5,duty_13408,fee5,13408,4,deadhead,539.0,539.0,08:59:00,08:59:00,0.0,2190L,2190,,,0.0,0.0,/Users/nadan/Documents/projects/demandresponse/outputs/week_20260921/cleanup_physics/saved_sequence_replay.json,,,travel immediately after service; station departure at next-trip deadline,13,7,8,119.70933283333335,119.70933283333335,station_outbound,static model reference deadhead,,,,,,,,saved_joint_fee5/routes/4/actions/3
duty_13408_fee5,duty_13408,fee5,13408,4,service,539.0,597.0,08:59:00,09:57:00,58.0,2190,4808,48,17,41.7299995,0.0,/Users/nadan/Documents/projects/demandresponse/outputs/meeting_20260917/route_explainer/inputs/k05.csv,19,,,14,8,9,119.70933283333335,77.97933333333336,,"scheduled passenger service, not empty deadhead time",13408,5021.0,1.0,,,,,
duty_13408_fee5,duty_13408,fee5,13408,4,deadhead,597.0,597.0,09:57:00,09:57:00,0.0,4808,4808,,,0.0,0.0,/Users/nadan/Documents/projects/demandresponse/outputs/week_20260921/cleanup_physics/saved_sequence_replay.json,,,travel immediately after service; station departure at next-trip deadline,15,9,9,77.97933333333336,77.97933333333336,station_inbound,static model reference deadhead,,,,,,,,saved_joint_fee5/routes/4/actions/4
duty_13408_fee5,duty_13408,fee5,13408,4,wait,597.0,604.0,09:57:00,10:04:00,7.0,4808,4808,,,0.011666666666666667,0.0,/Users/nadan/Documents/projects/demandresponse/outputs/week_20260921/cleanup_physics/saved_sequence_replay.json,,,"idle after optimized charge, or entire uncharged station visit",16,9,9,77.97933333333336,77.96766666666669,,,,,,,,,,saved_joint_fee5/routes/4/actions/4
duty_13408_fee5,duty_13408,fee5,13408,4,deadhead,604.0,604.0,10:04:00,10:04:00,0.0,4808,4808,,,0.0,0.0,/Users/nadan/Documents/projects/demandresponse/outputs/week_20260921/cleanup_physics/saved_sequence_replay.json,,,travel immediately after service; station departure at next-trip deadline,17,9,9,77.96766666666669,77.96766666666669,station_outbound,static model reference deadhead,,,,,,,,saved_joint_fee5/routes/4/actions/4
duty_13408_fee5,duty_13408,fee5,13408,4,service,604.0,659.0,10:04:00,10:59:00,55.0,4808,2190,61,21,42.5,0.0,/Users/nadan/Documents/projects/demandresponse/outputs/meeting_20260917/route_explainer/inputs/k05.csv,23,,,18,9,10,77.96766666666669,35.46766666666669,,"scheduled passenger service, not empty deadhead time",13408,5021.0,2.0,,,,,
duty_13408_fee5,duty_13408,fee5,13408,4,deadhead,659.0,659.0,10:59:00,10:59:00,0.0,2190,2190L,,,0.0,0.0,/Users/nadan/Documents/projects/demandresponse/outputs/week_20260921/cleanup_physics/saved_sequence_replay.json,,,travel immediately after service; station departure at next-trip deadline,19,10,11,35.46766666666669,35.46766666666669,station_inbound,static model reference deadhead,,,,,,,,saved_joint_fee5/routes/4/actions/5
duty_13408_fee5,duty_13408,fee5,13408,4,wait,659.0,660.0,10:59:00,11:00:00,1.0,2190L,2190L,,,0.0016666666666666668,0.0,/Users/nadan/Documents/projects/demandresponse/outputs/week_20260921/cleanup_physics/saved_joint_fee5.json,,,idle before optimized charge in fixed station visit,20,11,11,35.46766666666669,35.46600000000002,,,,,,,,,,routes/4/charges/1
duty_13408_fee5,duty_13408,fee5,13408,4,charge,660.0,668.7016121442701,11:00:00,11:08:42,8.701612144270143,2190L,2190L,,,0.0,49.53013044887043,/Users/nadan/Documents/projects/demandresponse/outputs/week_20260921/cleanup_physics/saved_joint_fee5.json,,,actual optimized charge witness,21,11,11,35.46600000000002,84.99613044887045,,,,,,8.41247232659368,,"documented 18E1 taper, shared charger count and terminal floor",,routes/4/charges/1
duty_13408_fee5,duty_13408,fee5,13408,4,wait,668.7016121442701,669.0,11:08:42,11:09:00,0.2983878557298567,2190L,2190L,,,0.0004973130928830945,0.0,/Users/nadan/Documents/projects/demandresponse/outputs/week_20260921/cleanup_physics/saved_sequence_replay.json,,,"idle after optimized charge, or entire uncharged station visit",22,11,11,84.99613044887045,84.99563313577757,,,,,,,,,,saved_joint_fee5/routes/4/actions/5
duty_13408_fee5,duty_13408,fee5,13408,4,deadhead,669.0,669.0,11:09:00,11:09:00,0.0,2190L,2190,,,0.0,0.0,/Users/nadan/Documents/projects/demandresponse/outputs/week_20260921/cleanup_physics/saved_sequence_replay.json,,,travel immediately after service; station departure at next-trip deadline,23,11,12,84.99563313577757,84.99563313577757,station_outbound,static model reference deadhead,,,,,,,,saved_joint_fee5/routes/4/actions/5
duty_13408_fee5,duty_13408,fee5,13408,4,service,669.0,727.0,11:09:00,12:07:00,58.0,2190,4808,74,26,41.7299995,0.0,/Users/nadan/Documents/projects/demandresponse/outputs/meeting_20260917/route_explainer/inputs/k05.csv,28,,,24,12,13,84.99563313577757,43.26563363577757,,"scheduled passenger service, not empty deadhead time",13408,5021.0,1.0,,,,,
duty_13408_fee5,duty_13408,fee5,13408,4,deadhead,727.0,727.0,12:07:00,12:07:00,0.0,4808,4808,,,0.0,0.0,/Users/nadan/Documents/projects/demandresponse/outputs/week_20260921/cleanup_physics/saved_sequence_replay.json,,,travel immediately after service; station departure at next-trip deadline,25,13,13,43.26563363577757,43.26563363577757,station_inbound,static model reference deadhead,,,,,,,,saved_joint_fee5/routes/4/actions/6
duty_13408_fee5,duty_13408,fee5,13408,4,charge,727.0,734.0,12:07:00,12:14:00,7.0,4808,4808,,,0.0,39.59440037549441,/Users/nadan/Documents/projects/demandresponse/outputs/week_20260921/cleanup_physics/saved_joint_fee5.json,,,actual optimized charge witness,26,13,13,43.26563363577757,82.86003401127198,,,,,,4.940931941133778,,"documented 18E1 taper, shared charger count and terminal floor",,routes/4/charges/2
duty_13408_fee5,duty_13408,fee5,13408,4,deadhead,734.0,734.0,12:14:00,12:14:00,0.0,4808,4808,,,0.0,0.0,/Users/nadan/Documents/projects/demandresponse/outputs/week_20260921/cleanup_physics/saved_sequence_replay.json,,,travel immediately after service; station departure at next-trip deadline,27,13,13,82.86003401127198,82.86003401127198,station_outbound,static model reference deadhead,,,,,,,,saved_joint_fee5/routes/4/actions/6
duty_13408_fee5,duty_13408,fee5,13408,4,service,734.0,789.0,12:14:00,13:09:00,55.0,4808,2190,87,31,42.5,0.0,/Users/nadan/Documents/projects/demandresponse/outputs/meeting_20260917/route_explainer/inputs/k05.csv,33,,,28,13,14,82.86003401127198,40.36003401127198,,"scheduled passenger service, not empty deadhead time",13408,5021.0,2.0,,,,,
duty_13408_fee5,duty_13408,fee5,13408,4,deadhead,789.0,789.0,13:09:00,13:09:00,0.0,2190,2190L,,,0.0,0.0,/Users/nadan/Documents/projects/demandresponse/outputs/week_20260921/cleanup_physics/saved_sequence_replay.json,,,travel immediately after service; station departure at next-trip deadline,29,14,15,40.36003401127198,40.36003401127198,station_inbound,static model reference deadhead,,,,,,,,saved_joint_fee5/routes/4/actions/7
duty_13408_fee5,duty_13408,fee5,13408,4,wait,789.0,795.6238576547512,13:09:00,13:15:37,6.623857654751191,2190L,2190L,,,0.011039762757918653,0.0,/Users/nadan/Documents/projects/demandresponse/outputs/week_20260921/cleanup_physics/saved_joint_fee5.json,,,idle before optimized charge in fixed station visit,30,15,15,40.36003401127198,40.34899424851406,,,,,,,,,,routes/4/charges/3
duty_13408_fee5,duty_13408,fee5,13408,4,charge,795.6238576547512,819.9999841189579,13:15:37,13:40:00,24.376126464206664,2190L,2190L,,,0.0,127.34850448561747,/Users/nadan/Documents/projects/demandresponse/outputs/week_20260921/cleanup_physics/saved_joint_fee5.json,,,actual optimized charge witness,31,15,15,40.34899424851406,167.69749873413153,,,,,,11.142004012059564,,"documented 18E1 taper, shared charger count and terminal floor",,routes/4/charges/3
duty_13408_fee5,duty_13408,fee5,13408,4,wait,819.9999841189579,820.0,13:40:00,13:40:00,1.5881042145338142e-05,2190L,2190L,,,2.646840357556357e-08,0.0,/Users/nadan/Documents/projects/demandresponse/outputs/week_20260921/cleanup_physics/saved_sequence_replay.json,,,"idle after optimized charge, or entire uncharged station visit",32,15,15,167.69749873413153,167.69749870766313,,,,,,,,,,saved_joint_fee5/routes/4/actions/7
duty_13408_fee5,duty_13408,fee5,13408,4,deadhead,820.0,820.0,13:40:00,13:40:00,0.0,2190L,2190,,,0.0,0.0,/Users/nadan/Documents/projects/demandresponse/outputs/week_20260921/cleanup_physics/saved_sequence_replay.json,,,travel immediately after service; station departure at next-trip deadline,33,15,16,167.69749870766313,167.69749870766313,station_outbound,static model reference deadhead,,,,,,,,saved_joint_fee5/routes/4/actions/7
duty_13408_fee5,duty_13408,fee5,13408,4,service,820.0,879.0,13:40:00,14:39:00,59.0,2190,4808,104,37,41.7299995,0.0,/Users/nadan/Documents/projects/demandresponse/outputs/meeting_20260917/route_explainer/inputs/k05.csv,39,,,34,16,17,167.69749870766313,125.96749920766314,,"scheduled passenger service, not empty deadhead time",13405,5021.0,1.0,,,,,
duty_13408_fee5,duty_13408,fee5,13408,4,deadhead,879.0,879.0,14:39:00,14:39:00,0.0,4808,4808,,,0.0,0.0,/Users/nadan/Documents/projects/demandresponse/outputs/week_20260921/cleanup_physics/saved_sequence_replay.json,,,travel immediately after service; station departure at next-trip deadline,35,17,17,125.96749920766314,125.96749920766314,station_inbound,static model reference deadhead,,,,,,,,saved_joint_fee5/routes/4/actions/8
duty_13408_fee5,duty_13408,fee5,13408,4,charge,879.0,886.0,14:39:00,14:46:00,7.0,4808,4808,,,0.0,33.96256720676352,/Users/nadan/Documents/projects/demandresponse/outputs/week_20260921/cleanup_physics/saved_joint_fee5.json,,,actual optimized charge witness,36,17,17,125.96749920766314,159.93006641442665,,,,,,2.0786368232811583,,"documented 18E1 taper, shared charger count and terminal floor",,routes/4/charges/4
duty_13408_fee5,duty_13408,fee5,13408,4,deadhead,886.0,886.0,14:46:00,14:46:00,0.0,4808,4808,,,0.0,0.0,/Users/nadan/Documents/projects/demandresponse/outputs/week_20260921/cleanup_physics/saved_sequence_replay.json,,,travel immediately after service; station departure at next-trip deadline,37,17,17,159.93006641442665,159.93006641442665,station_outbound,static model reference deadhead,,,,,,,,saved_joint_fee5/routes/4/actions/8
duty_13408_fee5,duty_13408,fee5,13408,4,service,886.0,943.0,14:46:00,15:43:00,57.0,4808,2190,117,42,42.5,0.0,/Users/nadan/Documents/projects/demandresponse/outputs/meeting_20260917/route_explainer/inputs/k05.csv,44,,,38,17,18,159.93006641442665,117.43006641442665,,"scheduled passenger service, not empty deadhead time",13405,5021.0,2.0,,,,,
duty_13408_fee5,duty_13408,fee5,13408,4,deadhead,943.0,943.0,15:43:00,15:43:00,0.0,2190,2190L,,,0.0,0.0,/Users/nadan/Documents/projects/demandresponse/outputs/week_20260921/cleanup_physics/saved_sequence_replay.json,,,travel immediately after service; station departure at next-trip deadline,39,18,19,117.43006641442665,117.43006641442665,station_inbound,static model reference deadhead,,,,,,,,saved_joint_fee5/routes/4/actions/9
duty_13408_fee5,duty_13408,fee5,13408,4,wait,943.0,948.0,15:43:00,15:48:00,5.0,2190L,2190L,,,0.008333333333333333,0.0,/Users/nadan/Documents/projects/demandresponse/outputs/week_20260921/cleanup_physics/saved_sequence_replay.json,,,"idle after optimized charge, or entire uncharged station visit",40,19,19,117.43006641442665,117.42173308109331,,,,,,,,,,saved_joint_fee5/routes/4/actions/9
duty_13408_fee5,duty_13408,fee5,13408,4,deadhead,948.0,948.0,15:48:00,15:48:00,0.0,2190L,2190,,,0.0,0.0,/Users/nadan/Documents/projects/demandresponse/outputs/week_20260921/cleanup_physics/saved_sequence_replay.json,,,travel immediately after service; station departure at next-trip deadline,41,19,20,117.42173308109331,117.42173308109331,station_outbound,static model reference deadhead,,,,,,,,saved_joint_fee5/routes/4/actions/9
duty_13408_fee5,duty_13408,fee5,13408,4,service,948.0,1011.0,15:48:00,16:51:00,63.0,2190,4808,130,47,41.7299995,0.0,/Users/nadan/Documents/projects/demandresponse/outputs/meeting_20260917/route_explainer/inputs/k05.csv,49,,,42,20,21,117.42173308109331,75.6917335810933,,"scheduled passenger service, not empty deadhead time",13405,5021.0,1.0,,,,,
duty_13408_fee5,duty_13408,fee5,13408,4,deadhead,1011.0,1011.0,16:51:00,16:51:00,0.0,4808,4808,,,0.0,0.0,/Users/nadan/Documents/projects/demandresponse/outputs/week_20260921/cleanup_physics/saved_sequence_replay.json,,,travel immediately after service; station departure at next-trip deadline,43,21,21,75.6917335810933,75.6917335810933,station_inbound,static model reference deadhead,,,,,,,,saved_joint_fee5/routes/4/actions/10
duty_13408_fee5,duty_13408,fee5,13408,4,charge,1011.0,1018.0,16:51:00,16:58:00,7.0,4808,4808,,,0.0,37.409822753274824,/Users/nadan/Documents/projects/demandresponse/outputs/week_20260921/cleanup_physics/saved_joint_fee5.json,,,actual optimized charge witness,44,21,21,75.6917335810933,113.10155633436813,,,,,,1.3686848597904593,,"documented 18E1 taper, shared charger count and terminal floor",,routes/4/charges/5
duty_13408_fee5,duty_13408,fee5,13408,4,deadhead,1018.0,1018.0,16:58:00,16:58:00,0.0,4808,4808,,,0.0,0.0,/Users/nadan/Documents/projects/demandresponse/outputs/week_20260921/cleanup_physics/saved_sequence_replay.json,,,travel immediately after service; station departure at next-trip deadline,45,21,21,113.10155633436813,113.10155633436813,station_outbound,static model reference deadhead,,,,,,,,saved_joint_fee5/routes/4/actions/10
duty_13408_fee5,duty_13408,fee5,13408,4,service,1018.0,1075.0,16:58:00,17:55:00,57.0,4808,2190,143,51,42.5,0.0,/Users/nadan/Documents/projects/demandresponse/outputs/meeting_20260917/route_explainer/inputs/k05.csv,53,,,46,21,22,113.10155633436813,70.60155633436813,,"scheduled passenger service, not empty deadhead time",13405,5021.0,2.0,,,,,
duty_13408_fee5,duty_13408,fee5,13408,4,deadhead,1075.0,1075.0,17:55:00,17:55:00,0.0,2190,2190L,,,0.0,0.0,/Users/nadan/Documents/projects/demandresponse/outputs/week_20260921/cleanup_physics/saved_sequence_replay.json,,,travel immediately after service; station departure at next-trip deadline,47,22,23,70.60155633436813,70.60155633436813,station_inbound,static model reference deadhead,,,,,,,,saved_joint_fee5/routes/4/actions/11
duty_13408_fee5,duty_13408,fee5,13408,4,charge,1075.0,1080.0,17:55:00,18:00:00,5.0,2190L,2190L,,,0.0,27.19821697656661,/Users/nadan/Documents/projects/demandresponse/outputs/week_20260921/cleanup_physics/saved_joint_fee5.json,,,actual optimized charge witness,48,23,23,70.60155633436813,97.79977331093474,,,,,,0.8856109512815791,,"documented 18E1 taper, shared charger count and terminal floor",,routes/4/charges/6
duty_13408_fee5,duty_13408,fee5,13408,4,wait,1080.0,1082.0,18:00:00,18:02:00,2.0,2190L,2190L,,,0.0033333333333333335,0.0,/Users/nadan/Documents/projects/demandresponse/outputs/week_20260921/cleanup_physics/saved_sequence_replay.json,,,"idle after optimized charge, or entire uncharged station visit",49,23,23,97.79977331093474,97.79643997760141,,,,,,,,,,saved_joint_fee5/routes/4/actions/11
duty_13408_fee5,duty_13408,fee5,13408,4,deadhead,1082.0,1082.0,18:02:00,18:02:00,0.0,2190L,2190,,,0.0,0.0,/Users/nadan/Documents/projects/demandresponse/outputs/week_20260921/cleanup_physics/saved_sequence_replay.json,,,travel immediately after service; station departure at next-trip deadline,50,23,24,97.79643997760141,97.79643997760141,station_outbound,static model reference deadhead,,,,,,,,saved_joint_fee5/routes/4/actions/11
duty_13408_fee5,duty_13408,fee5,13408,4,service,1082.0,1139.0,18:02:00,18:59:00,57.0,2190,4808,156,56,41.7299995,0.0,/Users/nadan/Documents/projects/demandresponse/outputs/meeting_20260917/route_explainer/inputs/k05.csv,58,,,51,24,25,97.79643997760141,56.06644047760141,,"scheduled passenger service, not empty deadhead time",13405,5021.0,1.0,,,,,
duty_13408_fee5,duty_13408,fee5,13408,4,deadhead,1139.0,1146.0,18:59:00,19:06:00,7.0,4808,PARX,,,7.8,0.0,/Users/nadan/Documents/projects/demandresponse/outputs/week_20260921/cleanup_physics/saved_sequence_replay.json,,,travel immediately after service; station departure at next-trip deadline,52,25,26,56.06644047760141,48.266440477601414,pull_in,static model reference deadhead,,,,,,,,saved_joint_fee5/routes/4/actions/12
duty_13414_original,duty_13414,original,13414,,prep,396.0,403.0,06:36:00,06:43:00,7.0,PARX,PARX,,,0.0,0.0,/Users/nadan/Documents/projects/demandresponse/data/Par_VehicleDetails_Updated.csv,2168,Prep-out,recorded GIRO clock interval,0,0,0,236.44,236.44,,,,,,,,,,
duty_13414_original,duty_13414,original,13414,,deadhead,403.0,411.0,06:43:00,06:51:00,8.0,PARX,4808,,,7.80000019,0.0,/Users/nadan/Documents/projects/demandresponse/data/Par_VehicleDetails_Updated.csv,2169,Pull-out,recorded GIRO clock interval,1,0,1,236.44,228.63999981,pull_out,recorded directional GIRO movement; may use time-dependent band,,,,,,,,
duty_13414_original,duty_13414,original,13414,,service,411.0,469.0,06:51:00,07:49:00,58.0,4808,2190,23,9,42.5,0.0,/Users/nadan/Documents/projects/demandresponse/data/Par_VehicleDetails_Updated.csv,2170,Regular,recorded GIRO clock interval,2,1,2,228.63999981,186.13999981,,"scheduled passenger service, not empty deadhead time",13414,5021.0,2.0,,,,,
duty_13414_original,duty_13414,original,13414,,deadhead,469.0,470.0,07:49:00,07:50:00,1.0,2190,2190L,,,0.400000006,0.0,/Users/nadan/Documents/projects/demandresponse/data/Par_VehicleDetails_Updated.csv,2171,Deadhead,recorded GIRO clock interval,3,2,3,186.13999981,185.739999804,deadhead,recorded directional GIRO movement; may use time-dependent band,,,,,,,,
duty_13414_original,duty_13414,original,13414,,charge,470.0,480.0,07:50:00,08:00:00,10.0,2190L,2190L,,,0.0,26.5164566,/Users/nadan/Documents/projects/demandresponse/data/Par_VehicleDetails_Updated.csv,2172,Recharge,recorded GIRO clock interval,4,3,3,185.739999804,212.256456404,,,,,,6.578902958273396,10.00000482737778,recorded recharge kWh; maximum documented taper reconstructs within-window power,/Users/nadan/Documents/projects/demandresponse/outputs/week_20260921/cleanup_physics/baseline.json,
duty_13414_original,duty_13414,original,13414,,deadhead,480.0,480.0,08:00:00,08:00:00,0.0,2190L,2190,,,0.0,0.0,/Users/nadan/Documents/projects/demandresponse/data/Par_VehicleDetails_Updated.csv,2173,Deadhead,recorded GIRO clock interval,5,3,4,212.256456404,212.256456404,deadhead,recorded directional GIRO movement; may use time-dependent band,,,,,,,,
duty_13414_original,duty_13414,original,13414,,service,480.0,539.0,08:00:00,08:59:00,59.0,2190,4808,36,14,41.7299995,0.0,/Users/nadan/Documents/projects/demandresponse/data/Par_VehicleDetails_Updated.csv,2174,Regular,recorded GIRO clock interval,6,4,5,212.256456404,170.526456904,,"scheduled passenger service, not empty deadhead time",13414,5021.0,1.0,,,,,
duty_13414_original,duty_13414,original,13414,,charge,539.0,546.0,08:59:00,09:06:00,7.0,4808,4808,,,0.0,25.7780209,/Users/nadan/Documents/projects/demandresponse/data/Par_VehicleDetails_Updated.csv,2175,Recharge,recorded GIRO clock interval,7,5,5,170.526456904,196.30447780400002,,,,,,6.451761851121037,7.000000698488893,recorded recharge kWh; maximum documented taper reconstructs within-window power,/Users/nadan/Documents/projects/demandresponse/outputs/week_20260921/cleanup_physics/baseline.json,
duty_13414_original,duty_13414,original,13414,,service,546.0,602.0,09:06:00,10:02:00,56.0,4808,2190,49,18,42.5,0.0,/Users/nadan/Documents/projects/demandresponse/data/Par_VehicleDetails_Updated.csv,2176,Regular,recorded GIRO clock interval,8,5,6,196.30447780400002,153.80447780400002,,"scheduled passenger service, not empty deadhead time",13414,5021.0,2.0,,,,,
duty_13414_original,duty_13414,original,13414,,deadhead,602.0,603.0,10:02:00,10:03:00,1.0,2190,ET_R,,,0.200000003,0.0,/Users/nadan/Documents/projects/demandresponse/data/Par_VehicleDetails_Updated.csv,2177,Deadhead,recorded GIRO clock interval,9,6,7,153.80447780400002,153.604477801,deadhead,recorded directional GIRO movement; may use time-dependent band,,,,,,,,
duty_13414_original,duty_13414,original,13414,,wait,603.0,639.0,10:03:00,10:39:00,36.0,ET_R,ET_R,,,0.060000000000000005,0.0,/Users/nadan/Documents/projects/demandresponse/data/Par_VehicleDetails_Updated.csv,,,unoccupied interval between recorded GIRO events at the same location,10,7,7,153.604477801,153.544477801,,,,,,,,,,gap before CSV line 2178
duty_13414_original,duty_13414,original,13414,,deadhead,639.0,640.0,10:39:00,10:40:00,1.0,ET_R,2190,,,0.200000003,0.0,/Users/nadan/Documents/projects/demandresponse/data/Par_VehicleDetails_Updated.csv,2178,Deadhead,recorded GIRO clock interval,11,7,8,153.544477801,153.34447779799999,deadhead,recorded directional GIRO movement; may use time-dependent band,,,,,,,,
duty_13414_original,duty_13414,original,13414,,service,640.0,697.0,10:40:00,11:37:00,57.0,2190,4808,68,24,41.7299995,0.0,/Users/nadan/Documents/projects/demandresponse/data/Par_VehicleDetails_Updated.csv,2179,Regular,recorded GIRO clock interval,12,8,9,153.34447779799999,111.614478298,,"scheduled passenger service, not empty deadhead time",13414,5021.0,1.0,,,,,
duty_13414_original,duty_13414,original,13414,,charge,697.0,704.0,11:37:00,11:44:00,7.0,4808,4808,,,4.3814512906692476e-10,34.9493179,/Users/nadan/Documents/projects/demandresponse/data/Par_VehicleDetails_Updated.csv,2180,Recharge,recorded GIRO clock interval,13,9,9,111.614478298,146.56379619756186,,,,,,5.935986176547085,6.999999737112923,recorded recharge kWh; maximum documented taper reconstructs within-window power,/Users/nadan/Documents/projects/demandresponse/outputs/week_20260921/cleanup_physics/baseline.json,
duty_13414_original,duty_13414,original,13414,,service,704.0,759.0,11:44:00,12:39:00,55.0,4808,2190,81,29,42.5,0.0,/Users/nadan/Documents/projects/demandresponse/data/Par_VehicleDetails_Updated.csv,2181,Regular,recorded GIRO clock interval,14,9,10,146.56379619756186,104.06379619756186,,"scheduled passenger service, not empty deadhead time",13414,5021.0,2.0,,,,,
duty_13414_original,duty_13414,original,13414,,deadhead,759.0,760.0,12:39:00,12:40:00,1.0,2190,ET_R,,,0.200000003,0.0,/Users/nadan/Documents/projects/demandresponse/data/Par_VehicleDetails_Updated.csv,2182,Deadhead,recorded GIRO clock interval,15,10,11,104.06379619756186,103.86379619456186,deadhead,recorded directional GIRO movement; may use time-dependent band,,,,,,,,
duty_13414_original,duty_13414,original,13414,,wait,760.0,799.0,12:40:00,13:19:00,39.0,ET_R,ET_R,,,0.065,0.0,/Users/nadan/Documents/projects/demandresponse/data/Par_VehicleDetails_Updated.csv,,,unoccupied interval between recorded GIRO events at the same location,16,11,11,103.86379619456186,103.79879619456186,,,,,,,,,,gap before CSV line 2183
duty_13414_original,duty_13414,original,13414,,deadhead,799.0,800.0,13:19:00,13:20:00,1.0,ET_R,2190,,,0.200000003,0.0,/Users/nadan/Documents/projects/demandresponse/data/Par_VehicleDetails_Updated.csv,2183,Deadhead,recorded GIRO clock interval,17,11,12,103.79879619456186,103.59879619156186,deadhead,recorded directional GIRO movement; may use time-dependent band,,,,,,,,
duty_13414_original,duty_13414,original,13414,,service,800.0,859.0,13:20:00,14:19:00,59.0,2190,4808,100,35,41.7299995,0.0,/Users/nadan/Documents/projects/demandresponse/data/Par_VehicleDetails_Updated.csv,2184,Regular,recorded GIRO clock interval,18,12,13,103.59879619156186,61.86879669156186,,"scheduled passenger service, not empty deadhead time",13414,5021.0,1.0,,,,,
duty_13414_original,duty_13414,original,13414,,charge,859.0,866.0,14:19:00,14:26:00,7.0,4808,4808,,,8.362057180022476e-10,38.3876305,/Users/nadan/Documents/projects/demandresponse/data/Par_VehicleDetails_Updated.csv,2185,Recharge,recorded GIRO clock interval,19,13,13,61.86879669156186,100.25642719072566,,,,,,2.3494673364950907,6.999999498276569,recorded recharge kWh; maximum documented taper reconstructs within-window power,/Users/nadan/Documents/projects/demandresponse/outputs/week_20260921/cleanup_physics/baseline.json,
duty_13414_original,duty_13414,original,13414,,service,866.0,922.0,14:26:00,15:22:00,56.0,4808,2190,113,39,42.5,0.0,/Users/nadan/Documents/projects/demandresponse/data/Par_VehicleDetails_Updated.csv,2186,Regular,recorded GIRO clock interval,20,13,14,100.25642719072566,57.75642719072566,,"scheduled passenger service, not empty deadhead time",13414,5021.0,2.0,,,,,
duty_13414_original,duty_13414,original,13414,,deadhead,922.0,923.0,15:22:00,15:23:00,1.0,2190,2190L,,,0.400000006,0.0,/Users/nadan/Documents/projects/demandresponse/data/Par_VehicleDetails_Updated.csv,2187,Deadhead,recorded GIRO clock interval,21,14,15,57.75642719072566,57.35642718472566,deadhead,recorded directional GIRO movement; may use time-dependent band,,,,,,,,
duty_13414_original,duty_13414,original,13414,,charge,923.0,929.0,15:23:00,15:29:00,6.0,2190L,2190L,,,0.0,33.374733,/Users/nadan/Documents/projects/demandresponse/data/Par_VehicleDetails_Updated.csv,2188,Recharge,recorded GIRO clock interval,22,15,15,57.35642718472566,90.73116018472567,,,,,,1.5070289258407257,6.000000131749253,recorded recharge kWh; maximum documented taper reconstructs within-window power,/Users/nadan/Documents/projects/demandresponse/outputs/week_20260921/cleanup_physics/baseline.json,
duty_13414_original,duty_13414,original,13414,,deadhead,929.0,929.0,15:29:00,15:29:00,0.0,2190L,2190,,,0.0,0.0,/Users/nadan/Documents/projects/demandresponse/data/Par_VehicleDetails_Updated.csv,2189,Deadhead,recorded GIRO clock interval,23,15,16,90.73116018472567,90.73116018472567,deadhead,recorded directional GIRO movement; may use time-dependent band,,,,,,,,
duty_13414_original,duty_13414,original,13414,,service,929.0,992.0,15:29:00,16:32:00,63.0,2190,4808,126,44,41.7299995,0.0,/Users/nadan/Documents/projects/demandresponse/data/Par_VehicleDetails_Updated.csv,2190,Regular,recorded GIRO clock interval,24,16,17,90.73116018472567,49.00116068472567,,"scheduled passenger service, not empty deadhead time",13414,5021.0,1.0,,,,,
duty_13414_original,duty_13414,original,13414,,charge,992.0,998.0,16:32:00,16:38:00,6.0,4808,4808,,,1.49609652074408e-10,33.7284584,/Users/nadan/Documents/projects/demandresponse/data/Par_VehicleDetails_Updated.csv,2191,Recharge,recorded GIRO clock interval,25,17,17,49.00116068472567,82.72961908457606,,,,,,1.2339975695851306,5.999999910234209,recorded recharge kWh; maximum documented taper reconstructs within-window power,/Users/nadan/Documents/projects/demandresponse/outputs/week_20260921/cleanup_physics/baseline.json,
duty_13414_original,duty_13414,original,13414,,service,998.0,1057.0,16:38:00,17:37:00,59.0,4808,2190,139,49,42.5,0.0,/Users/nadan/Documents/projects/demandresponse/data/Par_VehicleDetails_Updated.csv,2192,Regular,recorded GIRO clock interval,26,17,18,82.72961908457606,40.22961908457606,,"scheduled passenger service, not empty deadhead time",13414,5021.0,2.0,,,,,
duty_13414_original,duty_13414,original,13414,,wait,1057.0,1060.0,17:37:00,17:40:00,3.0,2190,2190,,,0.005,0.0,/Users/nadan/Documents/projects/demandresponse/data/Par_VehicleDetails_Updated.csv,,,unoccupied interval between recorded GIRO events at the same location,27,18,18,40.22961908457606,40.224619084576055,,,,,,,,,,gap before CSV line 2193
duty_13414_original,duty_13414,original,13414,,deadhead,1060.0,1061.0,17:40:00,17:41:00,1.0,2190,2190L,,,0.400000006,0.0,/Users/nadan/Documents/projects/demandresponse/data/Par_VehicleDetails_Updated.csv,2193,Deadhead,recorded GIRO clock interval,28,18,19,40.224619084576055,39.824619078576056,deadhead,recorded directional GIRO movement; may use time-dependent band,,,,,,,,
duty_13414_original,duty_13414,original,13414,,charge,1061.0,1071.0,17:41:00,17:51:00,10.0,2190L,2190L,,,0.0,56.2066154,/Users/nadan/Documents/projects/demandresponse/data/Par_VehicleDetails_Updated.csv,2194,Recharge,recorded GIRO clock interval,29,19,19,39.824619078576056,96.03123447857605,,,,,,1.8301638734480195,10.000000060256784,recorded recharge kWh; maximum documented taper reconstructs within-window power,/Users/nadan/Documents/projects/demandresponse/outputs/week_20260921/cleanup_physics/baseline.json,
duty_13414_original,duty_13414,original,13414,,deadhead,1071.0,1071.0,17:51:00,17:51:00,0.0,2190L,2190,,,0.0,0.0,/Users/nadan/Documents/projects/demandresponse/data/Par_VehicleDetails_Updated.csv,2195,Deadhead,recorded GIRO clock interval,30,19,20,96.03123447857605,96.03123447857605,deadhead,recorded directional GIRO movement; may use time-dependent band,,,,,,,,
duty_13414_original,duty_13414,original,13414,,service,1071.0,1128.0,17:51:00,18:48:00,57.0,2190,4808,154,54,41.7299995,0.0,/Users/nadan/Documents/projects/demandresponse/data/Par_VehicleDetails_Updated.csv,2196,Regular,recorded GIRO clock interval,31,20,21,96.03123447857605,54.301234978576055,,"scheduled passenger service, not empty deadhead time",13414,5021.0,1.0,,,,,
duty_13414_original,duty_13414,original,13414,,charge,1128.0,1136.0,18:48:00,18:56:00,8.0,4808,4808,,,8.522027350466034e-10,44.2533875,/Users/nadan/Documents/projects/demandresponse/data/Par_VehicleDetails_Updated.csv,2197,Recharge,recorded GIRO clock interval,32,21,21,54.301234978576055,98.55462247772385,,,,,,1.3670469279712834,7.999999488678359,recorded recharge kWh; maximum documented taper reconstructs within-window power,/Users/nadan/Documents/projects/demandresponse/outputs/week_20260921/cleanup_physics/baseline.json,
duty_13414_original,duty_13414,original,13414,,service,1136.0,1189.0,18:56:00,19:49:00,53.0,4808,2190,165,58,42.5,0.0,/Users/nadan/Documents/projects/demandresponse/data/Par_VehicleDetails_Updated.csv,2198,Regular,recorded GIRO clock interval,33,21,22,98.55462247772385,56.05462247772385,,"scheduled passenger service, not empty deadhead time",13414,5021.0,2.0,,,,,
duty_13414_original,duty_13414,original,13414,,deadhead,1189.0,1190.0,19:49:00,19:50:00,1.0,2190,ET_R,,,0.200000003,0.0,/Users/nadan/Documents/projects/demandresponse/data/Par_VehicleDetails_Updated.csv,2199,Deadhead,recorded GIRO clock interval,34,22,23,56.05462247772385,55.854622474723854,deadhead,recorded directional GIRO movement; may use time-dependent band,,,,,,,,
duty_13414_original,duty_13414,original,13414,,wait,1190.0,1226.0,19:50:00,20:26:00,36.0,ET_R,ET_R,,,0.060000000000000005,0.0,/Users/nadan/Documents/projects/demandresponse/data/Par_VehicleDetails_Updated.csv,,,unoccupied interval between recorded GIRO events at the same location,35,23,23,55.854622474723854,55.79462247472385,,,,,,,,,,gap before CSV line 2200
duty_13414_original,duty_13414,original,13414,,deadhead,1226.0,1227.0,20:26:00,20:27:00,1.0,ET_R,2190L,,,0.200000003,0.0,/Users/nadan/Documents/projects/demandresponse/data/Par_VehicleDetails_Updated.csv,2200,Deadhead,recorded GIRO clock interval,36,23,24,55.79462247472385,55.59462247172385,deadhead,recorded directional GIRO movement; may use time-dependent band,,,,,,,,
duty_13414_original,duty_13414,original,13414,,charge,1227.0,1235.0,20:27:00,20:35:00,8.0,2190L,2190L,,,0.0,44.1438789,/Users/nadan/Documents/projects/demandresponse/data/Par_VehicleDetails_Updated.csv,2201,Recharge,recorded GIRO clock interval,37,24,24,55.59462247172385,99.73850137172386,,,,,,1.3277307366214823,8.000000350230437,recorded recharge kWh; maximum documented taper reconstructs within-window power,/Users/nadan/Documents/projects/demandresponse/outputs/week_20260921/cleanup_physics/baseline.json,
duty_13414_original,duty_13414,original,13414,,deadhead,1235.0,1235.0,20:35:00,20:35:00,0.0,2190L,2190,,,0.0,0.0,/Users/nadan/Documents/projects/demandresponse/data/Par_VehicleDetails_Updated.csv,2202,Deadhead,recorded GIRO clock interval,38,24,25,99.73850137172386,99.73850137172386,deadhead,recorded directional GIRO movement; may use time-dependent band,,,,,,,,
duty_13414_original,duty_13414,original,13414,,service,1235.0,1290.0,20:35:00,21:30:00,55.0,2190,4808,178,60,41.7299995,0.0,/Users/nadan/Documents/projects/demandresponse/data/Par_VehicleDetails_Updated.csv,2203,Regular,recorded GIRO clock interval,39,25,26,99.73850137172386,58.00850187172386,,"scheduled passenger service, not empty deadhead time",13414,5021.0,1.0,,,,,
duty_13414_original,duty_13414,original,13414,,deadhead,1290.0,1297.0,21:30:00,21:37:00,7.0,4808,PARX,,,7.80000019,0.0,/Users/nadan/Documents/projects/demandresponse/data/Par_VehicleDetails_Updated.csv,2204,Pull-in,recorded GIRO clock interval,40,26,27,58.00850187172386,50.20850168172386,pull_in,recorded directional GIRO movement; may use time-dependent band,,,,,,,,
duty_13414_original,duty_13414,original,13414,,prep,1297.0,1300.0,21:37:00,21:40:00,3.0,PARX,PARX,,,0.0,0.0,/Users/nadan/Documents/projects/demandresponse/data/Par_VehicleDetails_Updated.csv,2205,Prep-in,recorded GIRO clock interval,41,27,27,50.20850168172386,50.20850168172386,,,,,,,,,,
duty_13414_fee0,duty_13414,fee0,13414,1,deadhead,318.0,325.0,05:18:00,05:25:00,7.0,PARX,4808,,,7.8,0.0,/Users/nadan/Documents/projects/demandresponse/outputs/week_20260921/cleanup_physics/saved_sequence_replay.json,,,latest depot departure that reaches first service on time,0,0,1,236.44,228.64,pull_out,static model reference deadhead,,,,,,,,saved_joint_fee0/routes/1/actions/0
duty_13414_fee0,duty_13414,fee0,13414,1,service,325.0,376.0,05:25:00,06:16:00,51.0,4808,2190,6,3,42.5,0.0,/Users/nadan/Documents/projects/demandresponse/outputs/meeting_20260917/route_explainer/inputs/k05.csv,5,,,1,1,2,228.64,186.14,,"scheduled passenger service, not empty deadhead time",13401,5021.0,2.0,,,,,
duty_13414_fee0,duty_13414,fee0,13414,1,deadhead,376.0,376.0,06:16:00,06:16:00,0.0,2190,2190L,,,0.0,0.0,/Users/nadan/Documents/projects/demandresponse/outputs/week_20260921/cleanup_physics/saved_sequence_replay.json,,,travel immediately after service; station departure at next-trip deadline,2,2,3,186.14,186.14,station_inbound,static model reference deadhead,,,,,,,,saved_joint_fee0/routes/1/actions/1
duty_13414_fee0,duty_13414,fee0,13414,1,wait,376.0,408.0,06:16:00,06:48:00,32.0,2190L,2190L,,,0.05333333333333334,0.0,/Users/nadan/Documents/projects/demandresponse/outputs/week_20260921/cleanup_physics/saved_sequence_replay.json,,,"idle after optimized charge, or entire uncharged station visit",3,3,3,186.14,186.08666666666664,,,,,,,,,,saved_joint_fee0/routes/1/actions/1
duty_13414_fee0,duty_13414,fee0,13414,1,deadhead,408.0,408.0,06:48:00,06:48:00,0.0,2190L,2190,,,0.0,0.0,/Users/nadan/Documents/projects/demandresponse/outputs/week_20260921/cleanup_physics/saved_sequence_replay.json,,,travel immediately after service; station departure at next-trip deadline,4,3,4,186.08666666666664,186.08666666666664,station_outbound,static model reference deadhead,,,,,,,,saved_joint_fee0/routes/1/actions/1
duty_13414_fee0,duty_13414,fee0,13414,1,service,408.0,465.0,06:48:00,07:45:00,57.0,2190,4808,22,8,41.7299995,0.0,/Users/nadan/Documents/projects/demandresponse/outputs/meeting_20260917/route_explainer/inputs/k05.csv,10,,,5,4,5,186.08666666666664,144.35666716666665,,"scheduled passenger service, not empty deadhead time",13401,5021.0,1.0,,,,,
duty_13414_fee0,duty_13414,fee0,13414,1,deadhead,465.0,465.0,07:45:00,07:45:00,0.0,4808,4808,,,0.0,0.0,/Users/nadan/Documents/projects/demandresponse/outputs/week_20260921/cleanup_physics/saved_sequence_replay.json,,,travel immediately after service; station departure at next-trip deadline,6,5,5,144.35666716666665,144.35666716666665,station_inbound,static model reference deadhead,,,,,,,,saved_joint_fee0/routes/1/actions/2
duty_13414_fee0,duty_13414,fee0,13414,1,wait,465.0,472.0,07:45:00,07:52:00,7.0,4808,4808,,,0.011666666666666667,0.0,/Users/nadan/Documents/projects/demandresponse/outputs/week_20260921/cleanup_physics/saved_sequence_replay.json,,,"idle after optimized charge, or entire uncharged station visit",7,5,5,144.35666716666665,144.3450005,,,,,,,,,,saved_joint_fee0/routes/1/actions/2
duty_13414_fee0,duty_13414,fee0,13414,1,deadhead,472.0,472.0,07:52:00,07:52:00,0.0,4808,4808,,,0.0,0.0,/Users/nadan/Documents/projects/demandresponse/outputs/week_20260921/cleanup_physics/saved_sequence_replay.json,,,travel immediately after service; station departure at next-trip deadline,8,5,5,144.3450005,144.3450005,station_outbound,static model reference deadhead,,,,,,,,saved_joint_fee0/routes/1/actions/2
duty_13414_fee0,duty_13414,fee0,13414,1,service,472.0,532.0,07:52:00,08:52:00,60.0,4808,2190,35,13,42.5,0.0,/Users/nadan/Documents/projects/demandresponse/outputs/meeting_20260917/route_explainer/inputs/k05.csv,15,,,9,5,6,144.3450005,101.8450005,,"scheduled passenger service, not empty deadhead time",13401,5021.0,2.0,,,,,
duty_13414_fee0,duty_13414,fee0,13414,1,deadhead,532.0,532.0,08:52:00,08:52:00,0.0,2190,2190L,,,0.0,0.0,/Users/nadan/Documents/projects/demandresponse/outputs/week_20260921/cleanup_physics/saved_sequence_replay.json,,,travel immediately after service; station departure at next-trip deadline,10,6,7,101.8450005,101.8450005,station_inbound,static model reference deadhead,,,,,,,,saved_joint_fee0/routes/1/actions/3
duty_13414_fee0,duty_13414,fee0,13414,1,wait,532.0,539.0,08:52:00,08:59:00,7.0,2190L,2190L,,,0.011666666666666667,0.0,/Users/nadan/Documents/projects/demandresponse/outputs/week_20260921/cleanup_physics/saved_sequence_replay.json,,,"idle after optimized charge, or entire uncharged station visit",11,7,7,101.8450005,101.83333383333333,,,,,,,,,,saved_joint_fee0/routes/1/actions/3
duty_13414_fee0,duty_13414,fee0,13414,1,deadhead,539.0,539.0,08:59:00,08:59:00,0.0,2190L,2190,,,0.0,0.0,/Users/nadan/Documents/projects/demandresponse/outputs/week_20260921/cleanup_physics/saved_sequence_replay.json,,,travel immediately after service; station departure at next-trip deadline,12,7,8,101.83333383333333,101.83333383333333,station_outbound,static model reference deadhead,,,,,,,,saved_joint_fee0/routes/1/actions/3
duty_13414_fee0,duty_13414,fee0,13414,1,service,539.0,597.0,08:59:00,09:57:00,58.0,2190,4808,48,17,41.7299995,0.0,/Users/nadan/Documents/projects/demandresponse/outputs/meeting_20260917/route_explainer/inputs/k05.csv,19,,,13,8,9,101.83333383333333,60.10333433333333,,"scheduled passenger service, not empty deadhead time",13408,5021.0,1.0,,,,,
duty_13414_fee0,duty_13414,fee0,13414,1,deadhead,597.0,597.0,09:57:00,09:57:00,0.0,4808,4808,,,0.0,0.0,/Users/nadan/Documents/projects/demandresponse/outputs/week_20260921/cleanup_physics/saved_sequence_replay.json,,,travel immediately after service; station departure at next-trip deadline,14,9,9,60.10333433333333,60.10333433333333,station_inbound,static model reference deadhead,,,,,,,,saved_joint_fee0/routes/1/actions/4
duty_13414_fee0,duty_13414,fee0,13414,1,wait,597.0,600.0,09:57:00,10:00:00,3.0,4808,4808,,,0.005,0.0,/Users/nadan/Documents/projects/demandresponse/outputs/week_20260921/cleanup_physics/saved_joint_fee0.json,,,idle before optimized charge in fixed station visit,15,9,9,60.10333433333333,60.09833433333333,,,,,,,,,,routes/1/charges/0
duty_13414_fee0,duty_13414,fee0,13414,1,charge,600.0,603.1851290693374,10:00:00,10:03:11,3.1851290693374494,4808,4808,,,0.0,17.870690451550985,/Users/nadan/Documents/projects/demandresponse/outputs/week_20260921/cleanup_physics/saved_joint_fee0.json,,,actual optimized charge witness,16,9,9,60.09833433333333,77.96902478488431,,,,,,3.8354627820657323,,"documented 18E1 taper, shared charger count and terminal floor",,routes/1/charges/0
duty_13414_fee0,duty_13414,fee0,13414,1,wait,603.1851290693374,604.0,10:03:11,10:04:00,0.8148709306625506,4808,4808,,,0.0013581182177709178,0.0,/Users/nadan/Documents/projects/demandresponse/outputs/week_20260921/cleanup_physics/saved_sequence_replay.json,,,"idle after optimized charge, or entire uncharged station visit",17,9,9,77.96902478488431,77.96766666666655,,,,,,,,,,saved_joint_fee0/routes/1/actions/4
duty_13414_fee0,duty_13414,fee0,13414,1,deadhead,604.0,604.0,10:04:00,10:04:00,0.0,4808,4808,,,0.0,0.0,/Users/nadan/Documents/projects/demandresponse/outputs/week_20260921/cleanup_physics/saved_sequence_replay.json,,,travel immediately after service; station departure at next-trip deadline,18,9,9,77.96766666666655,77.96766666666655,station_outbound,static model reference deadhead,,,,,,,,saved_joint_fee0/routes/1/actions/4
duty_13414_fee0,duty_13414,fee0,13414,1,service,604.0,659.0,10:04:00,10:59:00,55.0,4808,2190,61,21,42.5,0.0,/Users/nadan/Documents/projects/demandresponse/outputs/meeting_20260917/route_explainer/inputs/k05.csv,23,,,19,9,10,77.96766666666655,35.467666666666545,,"scheduled passenger service, not empty deadhead time",13408,5021.0,2.0,,,,,
duty_13414_fee0,duty_13414,fee0,13414,1,deadhead,659.0,659.0,10:59:00,10:59:00,0.0,2190,2190L,,,0.0,0.0,/Users/nadan/Documents/projects/demandresponse/outputs/week_20260921/cleanup_physics/saved_sequence_replay.json,,,travel immediately after service; station departure at next-trip deadline,20,10,11,35.467666666666545,35.467666666666545,station_inbound,static model reference deadhead,,,,,,,,saved_joint_fee0/routes/1/actions/5
duty_13414_fee0,duty_13414,fee0,13414,1,wait,659.0,660.0,10:59:00,11:00:00,1.0,2190L,2190L,,,0.0016666666666666668,0.0,/Users/nadan/Documents/projects/demandresponse/outputs/week_20260921/cleanup_physics/saved_joint_fee0.json,,,idle before optimized charge in fixed station visit,21,11,11,35.467666666666545,35.46599999999988,,,,,,,,,,routes/1/charges/1
duty_13414_fee0,duty_13414,fee0,13414,1,charge,660.0,668.4870927909585,11:00:00,11:08:29,8.487092790958513,2190L,2190L,,,0.0,48.35742465076653,/Users/nadan/Documents/projects/demandresponse/outputs/week_20260921/cleanup_physics/saved_joint_fee0.json,,,actual optimized charge witness,22,11,11,35.46599999999988,83.82342465076641,,,,,,8.213293463457607,,"documented 18E1 taper, shared charger count and terminal floor",,routes/1/charges/1
duty_13414_fee0,duty_13414,fee0,13414,1,wait,668.4870927909585,669.0,11:08:29,11:09:00,0.5129072090414866,2190L,2190L,,,0.0008548453484024777,0.0,/Users/nadan/Documents/projects/demandresponse/outputs/week_20260921/cleanup_physics/saved_sequence_replay.json,,,"idle after optimized charge, or entire uncharged station visit",23,11,11,83.82342465076641,83.82256980541801,,,,,,,,,,saved_joint_fee0/routes/1/actions/5
duty_13414_fee0,duty_13414,fee0,13414,1,deadhead,669.0,669.0,11:09:00,11:09:00,0.0,2190L,2190,,,0.0,0.0,/Users/nadan/Documents/projects/demandresponse/outputs/week_20260921/cleanup_physics/saved_sequence_replay.json,,,travel immediately after service; station departure at next-trip deadline,24,11,12,83.82256980541801,83.82256980541801,station_outbound,static model reference deadhead,,,,,,,,saved_joint_fee0/routes/1/actions/5
duty_13414_fee0,duty_13414,fee0,13414,1,service,669.0,727.0,11:09:00,12:07:00,58.0,2190,4808,74,26,41.7299995,0.0,/Users/nadan/Documents/projects/demandresponse/outputs/meeting_20260917/route_explainer/inputs/k05.csv,28,,,25,12,13,83.82256980541801,42.092570305418015,,"scheduled passenger service, not empty deadhead time",13408,5021.0,1.0,,,,,
duty_13414_fee0,duty_13414,fee0,13414,1,deadhead,727.0,727.0,12:07:00,12:07:00,0.0,4808,4808,,,0.0,0.0,/Users/nadan/Documents/projects/demandresponse/outputs/week_20260921/cleanup_physics/saved_sequence_replay.json,,,travel immediately after service; station departure at next-trip deadline,26,13,13,42.092570305418015,42.092570305418015,station_inbound,static model reference deadhead,,,,,,,,saved_joint_fee0/routes/1/actions/6
duty_13414_fee0,duty_13414,fee0,13414,1,charge,727.0,734.0,12:07:00,12:14:00,7.0,4808,4808,,,0.0,39.689691234263115,/Users/nadan/Documents/projects/demandresponse/outputs/week_20260921/cleanup_physics/saved_joint_fee0.json,,,actual optimized charge witness,27,13,13,42.092570305418015,81.78226153968113,,,,,,4.952823159167724,,"documented 18E1 taper, shared charger count and terminal floor",,routes/1/charges/2
duty_13414_fee0,duty_13414,fee0,13414,1,deadhead,734.0,734.0,12:14:00,12:14:00,0.0,4808,4808,,,0.0,0.0,/Users/nadan/Documents/projects/demandresponse/outputs/week_20260921/cleanup_physics/saved_sequence_replay.json,,,travel immediately after service; station departure at next-trip deadline,28,13,13,81.78226153968113,81.78226153968113,station_outbound,static model reference deadhead,,,,,,,,saved_joint_fee0/routes/1/actions/6
duty_13414_fee0,duty_13414,fee0,13414,1,service,734.0,789.0,12:14:00,13:09:00,55.0,4808,2190,87,31,42.5,0.0,/Users/nadan/Documents/projects/demandresponse/outputs/meeting_20260917/route_explainer/inputs/k05.csv,33,,,29,13,14,81.78226153968113,39.28226153968113,,"scheduled passenger service, not empty deadhead time",13408,5021.0,2.0,,,,,
duty_13414_fee0,duty_13414,fee0,13414,1,deadhead,789.0,789.0,13:09:00,13:09:00,0.0,2190,2190L,,,0.0,0.0,/Users/nadan/Documents/projects/demandresponse/outputs/week_20260921/cleanup_physics/saved_sequence_replay.json,,,travel immediately after service; station departure at next-trip deadline,30,14,15,39.28226153968113,39.28226153968113,station_inbound,static model reference deadhead,,,,,,,,saved_joint_fee0/routes/1/actions/7
duty_13414_fee0,duty_13414,fee0,13414,1,charge,789.0,800.0,13:09:00,13:20:00,11.0,2190L,2190L,,,0.0,61.4977006676287,/Users/nadan/Documents/projects/demandresponse/outputs/week_20260921/cleanup_physics/saved_joint_fee0.json,,,actual optimized charge witness,31,15,15,39.28226153968113,100.77996220730984,,,,,,5.380570665818435,,"documented 18E1 taper, shared charger count and terminal floor",,routes/1/charges/3
duty_13414_fee0,duty_13414,fee0,13414,1,deadhead,800.0,800.0,13:20:00,13:20:00,0.0,2190L,2190,,,0.0,0.0,/Users/nadan/Documents/projects/demandresponse/outputs/week_20260921/cleanup_physics/saved_sequence_replay.json,,,travel immediately after service; station departure at next-trip deadline,32,15,16,100.77996220730984,100.77996220730984,station_outbound,static model reference deadhead,,,,,,,,saved_joint_fee0/routes/1/actions/7
duty_13414_fee0,duty_13414,fee0,13414,1,service,800.0,859.0,13:20:00,14:19:00,59.0,2190,4808,100,35,41.7299995,0.0,/Users/nadan/Documents/projects/demandresponse/outputs/meeting_20260917/route_explainer/inputs/k05.csv,37,,,33,16,17,100.77996220730984,59.04996270730984,,"scheduled passenger service, not empty deadhead time",13414,5021.0,1.0,,,,,
duty_13414_fee0,duty_13414,fee0,13414,1,deadhead,859.0,859.0,14:19:00,14:19:00,0.0,4808,4808,,,0.0,0.0,/Users/nadan/Documents/projects/demandresponse/outputs/week_20260921/cleanup_physics/saved_sequence_replay.json,,,travel immediately after service; station departure at next-trip deadline,34,17,17,59.04996270730984,59.04996270730984,station_inbound,static model reference deadhead,,,,,,,,saved_joint_fee0/routes/1/actions/8
duty_13414_fee0,duty_13414,fee0,13414,1,charge,859.0,866.0,14:19:00,14:26:00,7.0,4808,4808,,,0.0,38.626308115791964,/Users/nadan/Documents/projects/demandresponse/outputs/week_20260921/cleanup_physics/saved_joint_fee0.json,,,actual optimized charge witness,35,17,17,59.04996270730984,97.6762708231018,,,,,,2.364075304086522,,"documented 18E1 taper, shared charger count and terminal floor",,routes/1/charges/4
duty_13414_fee0,duty_13414,fee0,13414,1,deadhead,866.0,866.0,14:26:00,14:26:00,0.0,4808,4808,,,0.0,0.0,/Users/nadan/Documents/projects/demandresponse/outputs/week_20260921/cleanup_physics/saved_sequence_replay.json,,,travel immediately after service; station departure at next-trip deadline,36,17,17,97.6762708231018,97.6762708231018,station_outbound,static model reference deadhead,,,,,,,,saved_joint_fee0/routes/1/actions/8
duty_13414_fee0,duty_13414,fee0,13414,1,service,866.0,922.0,14:26:00,15:22:00,56.0,4808,2190,113,39,42.5,0.0,/Users/nadan/Documents/projects/demandresponse/outputs/meeting_20260917/route_explainer/inputs/k05.csv,41,,,37,17,18,97.6762708231018,55.1762708231018,,"scheduled passenger service, not empty deadhead time",13414,5021.0,2.0,,,,,
duty_13414_fee0,duty_13414,fee0,13414,1,deadhead,922.0,922.0,15:22:00,15:22:00,0.0,2190,2190L,,,0.0,0.0,/Users/nadan/Documents/projects/demandresponse/outputs/week_20260921/cleanup_physics/saved_sequence_replay.json,,,travel immediately after service; station departure at next-trip deadline,38,18,19,55.1762708231018,55.1762708231018,station_inbound,static model reference deadhead,,,,,,,,saved_joint_fee0/routes/1/actions/9
duty_13414_fee0,duty_13414,fee0,13414,1,charge,922.0,929.0,15:22:00,15:29:00,7.0,2190L,2190L,,,0.0,38.93369753692954,/Users/nadan/Documents/projects/demandresponse/outputs/week_20260921/cleanup_physics/saved_joint_fee0.json,,,actual optimized charge witness,39,19,19,55.1762708231018,94.10996836003135,,,,,,1.7580427797905167,,"documented 18E1 taper, shared charger count and terminal floor",,routes/1/charges/5
duty_13414_fee0,duty_13414,fee0,13414,1,deadhead,929.0,929.0,15:29:00,15:29:00,0.0,2190L,2190,,,0.0,0.0,/Users/nadan/Documents/projects/demandresponse/outputs/week_20260921/cleanup_physics/saved_sequence_replay.json,,,travel immediately after service; station departure at next-trip deadline,40,19,20,94.10996836003135,94.10996836003135,station_outbound,static model reference deadhead,,,,,,,,saved_joint_fee0/routes/1/actions/9
duty_13414_fee0,duty_13414,fee0,13414,1,service,929.0,992.0,15:29:00,16:32:00,63.0,2190,4808,126,44,41.7299995,0.0,/Users/nadan/Documents/projects/demandresponse/outputs/meeting_20260917/route_explainer/inputs/k05.csv,46,,,41,20,21,94.10996836003135,52.37996886003135,,"scheduled passenger service, not empty deadhead time",13414,5021.0,1.0,,,,,
duty_13414_fee0,duty_13414,fee0,13414,1,deadhead,992.0,992.0,16:32:00,16:32:00,0.0,4808,4808,,,0.0,0.0,/Users/nadan/Documents/projects/demandresponse/outputs/week_20260921/cleanup_physics/saved_sequence_replay.json,,,travel immediately after service; station departure at next-trip deadline,42,21,21,52.37996886003135,52.37996886003135,station_inbound,static model reference deadhead,,,,,,,,saved_joint_fee0/routes/1/actions/10
duty_13414_fee0,duty_13414,fee0,13414,1,charge,992.0,998.0,16:32:00,16:38:00,6.0,4808,4808,,,0.0,33.58541445702058,/Users/nadan/Documents/projects/demandresponse/outputs/week_20260921/cleanup_physics/saved_joint_fee0.json,,,actual optimized charge witness,43,21,21,52.37996886003135,85.96538331705193,,,,,,1.2287641291507496,,"documented 18E1 taper, shared charger count and terminal floor",,routes/1/charges/6
duty_13414_fee0,duty_13414,fee0,13414,1,deadhead,998.0,998.0,16:38:00,16:38:00,0.0,4808,4808,,,0.0,0.0,/Users/nadan/Documents/projects/demandresponse/outputs/week_20260921/cleanup_physics/saved_sequence_replay.json,,,travel immediately after service; station departure at next-trip deadline,44,21,21,85.96538331705193,85.96538331705193,station_outbound,static model reference deadhead,,,,,,,,saved_joint_fee0/routes/1/actions/10
duty_13414_fee0,duty_13414,fee0,13414,1,service,998.0,1057.0,16:38:00,17:37:00,59.0,4808,2190,139,49,42.5,0.0,/Users/nadan/Documents/projects/demandresponse/outputs/meeting_20260917/route_explainer/inputs/k05.csv,51,,,45,21,22,85.96538331705193,43.46538331705193,,"scheduled passenger service, not empty deadhead time",13414,5021.0,2.0,,,,,
duty_13414_fee0,duty_13414,fee0,13414,1,deadhead,1057.0,1057.0,17:37:00,17:37:00,0.0,2190,2190L,,,0.0,0.0,/Users/nadan/Documents/projects/demandresponse/outputs/week_20260921/cleanup_physics/saved_sequence_replay.json,,,travel immediately after service; station departure at next-trip deadline,46,22,23,43.46538331705193,43.46538331705193,station_inbound,static model reference deadhead,,,,,,,,saved_joint_fee0/routes/1/actions/11
duty_13414_fee0,duty_13414,fee0,13414,1,charge,1057.0,1071.0,17:37:00,17:51:00,14.0,2190L,2190L,,,0.0,76.57472636338258,/Users/nadan/Documents/projects/demandresponse/outputs/week_20260921/cleanup_physics/saved_joint_fee0.json,,,actual optimized charge witness,47,23,23,43.46538331705193,120.04010968043451,,,,,,2.493377279739816,,"documented 18E1 taper, shared charger count and terminal floor",,routes/1/charges/7
duty_13414_fee0,duty_13414,fee0,13414,1,deadhead,1071.0,1071.0,17:51:00,17:51:00,0.0,2190L,2190,,,0.0,0.0,/Users/nadan/Documents/projects/demandresponse/outputs/week_20260921/cleanup_physics/saved_sequence_replay.json,,,travel immediately after service; station departure at next-trip deadline,48,23,24,120.04010968043451,120.04010968043451,station_outbound,static model reference deadhead,,,,,,,,saved_joint_fee0/routes/1/actions/11
duty_13414_fee0,duty_13414,fee0,13414,1,service,1071.0,1128.0,17:51:00,18:48:00,57.0,2190,4808,154,54,41.7299995,0.0,/Users/nadan/Documents/projects/demandresponse/outputs/meeting_20260917/route_explainer/inputs/k05.csv,56,,,49,24,25,120.04010968043451,78.31011018043452,,"scheduled passenger service, not empty deadhead time",13414,5021.0,1.0,,,,,
duty_13414_fee0,duty_13414,fee0,13414,1,deadhead,1128.0,1128.0,18:48:00,18:48:00,0.0,4808,4808,,,0.0,0.0,/Users/nadan/Documents/projects/demandresponse/outputs/week_20260921/cleanup_physics/saved_sequence_replay.json,,,travel immediately after service; station departure at next-trip deadline,50,25,25,78.31011018043452,78.31011018043452,station_inbound,static model reference deadhead,,,,,,,,saved_joint_fee0/routes/1/actions/12
duty_13414_fee0,duty_13414,fee0,13414,1,charge,1128.0,1136.0,18:48:00,18:56:00,8.0,4808,4808,,,0.0,42.398391501289325,/Users/nadan/Documents/projects/demandresponse/outputs/week_20260921/cleanup_physics/saved_joint_fee0.json,,,actual optimized charge witness,51,25,25,78.31011018043452,120.70850168172385,,,,,,1.3097435953973562,,"documented 18E1 taper, shared charger count and terminal floor",,routes/1/charges/8
duty_13414_fee0,duty_13414,fee0,13414,1,deadhead,1136.0,1136.0,18:56:00,18:56:00,0.0,4808,4808,,,0.0,0.0,/Users/nadan/Documents/projects/demandresponse/outputs/week_20260921/cleanup_physics/saved_sequence_replay.json,,,travel immediately after service; station departure at next-trip deadline,52,25,25,120.70850168172385,120.70850168172385,station_outbound,static model reference deadhead,,,,,,,,saved_joint_fee0/routes/1/actions/12
duty_13414_fee0,duty_13414,fee0,13414,1,service,1136.0,1189.0,18:56:00,19:49:00,53.0,4808,2190,165,58,42.5,0.0,/Users/nadan/Documents/projects/demandresponse/outputs/meeting_20260917/route_explainer/inputs/k05.csv,60,,,53,25,26,120.70850168172385,78.20850168172385,,"scheduled passenger service, not empty deadhead time",13414,5021.0,2.0,,,,,
duty_13414_fee0,duty_13414,fee0,13414,1,deadhead,1189.0,1208.0,19:49:00,20:08:00,19.0,2190,PARX,,,28.0,0.0,/Users/nadan/Documents/projects/demandresponse/outputs/week_20260921/cleanup_physics/saved_sequence_replay.json,,,travel immediately after service; station departure at next-trip deadline,54,26,27,78.20850168172385,50.208501681723845,pull_in,static model reference deadhead,,,,,,,,saved_joint_fee0/routes/1/actions/13
duty_13414_fee5,duty_13414,fee5,13414,0,deadhead,404.0,411.0,06:44:00,06:51:00,7.0,PARX,4808,,,7.8,0.0,/Users/nadan/Documents/projects/demandresponse/outputs/week_20260921/cleanup_physics/saved_sequence_replay.json,,,latest depot departure that reaches first service on time,0,0,1,236.44,228.64,pull_out,static model reference deadhead,,,,,,,,saved_joint_fee5/routes/0/actions/0
duty_13414_fee5,duty_13414,fee5,13414,0,service,411.0,469.0,06:51:00,07:49:00,58.0,4808,2190,23,9,42.5,0.0,/Users/nadan/Documents/projects/demandresponse/outputs/meeting_20260917/route_explainer/inputs/k05.csv,11,,,1,1,2,228.64,186.14,,"scheduled passenger service, not empty deadhead time",13414,5021.0,2.0,,,,,
duty_13414_fee5,duty_13414,fee5,13414,0,deadhead,469.0,469.0,07:49:00,07:49:00,0.0,2190,2190L,,,0.0,0.0,/Users/nadan/Documents/projects/demandresponse/outputs/week_20260921/cleanup_physics/saved_sequence_replay.json,,,travel immediately after service; station departure at next-trip deadline,2,2,3,186.14,186.14,station_inbound,static model reference deadhead,,,,,,,,saved_joint_fee5/routes/0/actions/1
duty_13414_fee5,duty_13414,fee5,13414,0,wait,469.0,480.0,07:49:00,08:00:00,11.0,2190L,2190L,,,0.018333333333333333,0.0,/Users/nadan/Documents/projects/demandresponse/outputs/week_20260921/cleanup_physics/saved_sequence_replay.json,,,"idle after optimized charge, or entire uncharged station visit",3,3,3,186.14,186.12166666666664,,,,,,,,,,saved_joint_fee5/routes/0/actions/1
duty_13414_fee5,duty_13414,fee5,13414,0,deadhead,480.0,480.0,08:00:00,08:00:00,0.0,2190L,2190,,,0.0,0.0,/Users/nadan/Documents/projects/demandresponse/outputs/week_20260921/cleanup_physics/saved_sequence_replay.json,,,travel immediately after service; station departure at next-trip deadline,4,3,4,186.12166666666664,186.12166666666664,station_outbound,static model reference deadhead,,,,,,,,saved_joint_fee5/routes/0/actions/1
duty_13414_fee5,duty_13414,fee5,13414,0,service,480.0,539.0,08:00:00,08:59:00,59.0,2190,4808,36,14,41.7299995,0.0,/Users/nadan/Documents/projects/demandresponse/outputs/meeting_20260917/route_explainer/inputs/k05.csv,16,,,5,4,5,186.12166666666664,144.39166716666665,,"scheduled passenger service, not empty deadhead time",13414,5021.0,1.0,,,,,
duty_13414_fee5,duty_13414,fee5,13414,0,deadhead,539.0,539.0,08:59:00,08:59:00,0.0,4808,4808,,,0.0,0.0,/Users/nadan/Documents/projects/demandresponse/outputs/week_20260921/cleanup_physics/saved_sequence_replay.json,,,travel immediately after service; station departure at next-trip deadline,6,5,5,144.39166716666665,144.39166716666665,station_inbound,static model reference deadhead,,,,,,,,saved_joint_fee5/routes/0/actions/2
duty_13414_fee5,duty_13414,fee5,13414,0,wait,539.0,546.0,08:59:00,09:06:00,7.0,4808,4808,,,0.011666666666666667,0.0,/Users/nadan/Documents/projects/demandresponse/outputs/week_20260921/cleanup_physics/saved_sequence_replay.json,,,"idle after optimized charge, or entire uncharged station visit",7,5,5,144.39166716666665,144.3800005,,,,,,,,,,saved_joint_fee5/routes/0/actions/2
duty_13414_fee5,duty_13414,fee5,13414,0,deadhead,546.0,546.0,09:06:00,09:06:00,0.0,4808,4808,,,0.0,0.0,/Users/nadan/Documents/projects/demandresponse/outputs/week_20260921/cleanup_physics/saved_sequence_replay.json,,,travel immediately after service; station departure at next-trip deadline,8,5,5,144.3800005,144.3800005,station_outbound,static model reference deadhead,,,,,,,,saved_joint_fee5/routes/0/actions/2
duty_13414_fee5,duty_13414,fee5,13414,0,service,546.0,602.0,09:06:00,10:02:00,56.0,4808,2190,49,18,42.5,0.0,/Users/nadan/Documents/projects/demandresponse/outputs/meeting_20260917/route_explainer/inputs/k05.csv,20,,,9,5,6,144.3800005,101.8800005,,"scheduled passenger service, not empty deadhead time",13414,5021.0,2.0,,,,,
duty_13414_fee5,duty_13414,fee5,13414,0,deadhead,602.0,602.0,10:02:00,10:02:00,0.0,2190,2190L,,,0.0,0.0,/Users/nadan/Documents/projects/demandresponse/outputs/week_20260921/cleanup_physics/saved_sequence_replay.json,,,travel immediately after service; station departure at next-trip deadline,10,6,7,101.8800005,101.8800005,station_inbound,static model reference deadhead,,,,,,,,saved_joint_fee5/routes/0/actions/3
duty_13414_fee5,duty_13414,fee5,13414,0,wait,602.0,640.0,10:02:00,10:40:00,38.0,2190L,2190L,,,0.06333333333333334,0.0,/Users/nadan/Documents/projects/demandresponse/outputs/week_20260921/cleanup_physics/saved_sequence_replay.json,,,"idle after optimized charge, or entire uncharged station visit",11,7,7,101.8800005,101.81666716666666,,,,,,,,,,saved_joint_fee5/routes/0/actions/3
duty_13414_fee5,duty_13414,fee5,13414,0,deadhead,640.0,640.0,10:40:00,10:40:00,0.0,2190L,2190,,,0.0,0.0,/Users/nadan/Documents/projects/demandresponse/outputs/week_20260921/cleanup_physics/saved_sequence_replay.json,,,travel immediately after service; station departure at next-trip deadline,12,7,8,101.81666716666666,101.81666716666666,station_outbound,static model reference deadhead,,,,,,,,saved_joint_fee5/routes/0/actions/3
duty_13414_fee5,duty_13414,fee5,13414,0,service,640.0,697.0,10:40:00,11:37:00,57.0,2190,4808,68,24,41.7299995,0.0,/Users/nadan/Documents/projects/demandresponse/outputs/meeting_20260917/route_explainer/inputs/k05.csv,26,,,13,8,9,101.81666716666666,60.08666766666666,,"scheduled passenger service, not empty deadhead time",13414,5021.0,1.0,,,,,
duty_13414_fee5,duty_13414,fee5,13414,0,deadhead,697.0,697.0,11:37:00,11:37:00,0.0,4808,4808,,,0.0,0.0,/Users/nadan/Documents/projects/demandresponse/outputs/week_20260921/cleanup_physics/saved_sequence_replay.json,,,travel immediately after service; station departure at next-trip deadline,14,9,9,60.08666766666666,60.08666766666666,station_inbound,static model reference deadhead,,,,,,,,saved_joint_fee5/routes/0/actions/4
duty_13414_fee5,duty_13414,fee5,13414,0,charge,697.0,704.0,11:37:00,11:44:00,7.0,4808,4808,,,0.0,38.538528717773445,/Users/nadan/Documents/projects/demandresponse/outputs/week_20260921/cleanup_physics/saved_joint_fee5.json,,,actual optimized charge witness,15,9,9,60.08666766666666,98.6251963844401,,,,,,6.545597667677778,,"documented 18E1 taper, shared charger count and terminal floor",,routes/0/charges/0
duty_13414_fee5,duty_13414,fee5,13414,0,deadhead,704.0,704.0,11:44:00,11:44:00,0.0,4808,4808,,,0.0,0.0,/Users/nadan/Documents/projects/demandresponse/outputs/week_20260921/cleanup_physics/saved_sequence_replay.json,,,travel immediately after service; station departure at next-trip deadline,16,9,9,98.6251963844401,98.6251963844401,station_outbound,static model reference deadhead,,,,,,,,saved_joint_fee5/routes/0/actions/4
duty_13414_fee5,duty_13414,fee5,13414,0,service,704.0,759.0,11:44:00,12:39:00,55.0,4808,2190,81,29,42.5,0.0,/Users/nadan/Documents/projects/demandresponse/outputs/meeting_20260917/route_explainer/inputs/k05.csv,31,,,17,9,10,98.6251963844401,56.1251963844401,,"scheduled passenger service, not empty deadhead time",13414,5021.0,2.0,,,,,
duty_13414_fee5,duty_13414,fee5,13414,0,deadhead,759.0,759.0,12:39:00,12:39:00,0.0,2190,2190L,,,0.0,0.0,/Users/nadan/Documents/projects/demandresponse/outputs/week_20260921/cleanup_physics/saved_sequence_replay.json,,,travel immediately after service; station departure at next-trip deadline,18,10,11,56.1251963844401,56.1251963844401,station_inbound,static model reference deadhead,,,,,,,,saved_joint_fee5/routes/0/actions/5
duty_13414_fee5,duty_13414,fee5,13414,0,wait,759.0,779.9998758362958,12:39:00,13:00:00,20.999875836295814,2190L,2190L,,,0.03499979306049303,0.0,/Users/nadan/Documents/projects/demandresponse/outputs/week_20260921/cleanup_physics/saved_joint_fee5.json,,,idle before optimized charge in fixed station visit,19,11,11,56.1251963844401,56.09019659137961,,,,,,,,,,routes/0/charges/1
duty_13414_fee5,duty_13414,fee5,13414,0,charge,779.9998758362958,795.623794652078,13:00:00,13:15:37,15.62391881578219,2190L,2190L,,,0.0,82.92827054612445,/Users/nadan/Documents/projects/demandresponse/outputs/week_20260921/cleanup_physics/saved_joint_fee5.json,,,actual optimized charge witness,20,11,11,56.09019659137961,139.01846713750405,,,,,,7.255605342719689,,"documented 18E1 taper, shared charger count and terminal floor",,routes/0/charges/1
duty_13414_fee5,duty_13414,fee5,13414,0,wait,795.623794652078,800.0,13:15:37,13:20:00,4.376205347921996,2190L,2190L,,,0.0072936755798699935,0.0,/Users/nadan/Documents/projects/demandresponse/outputs/week_20260921/cleanup_physics/saved_sequence_replay.json,,,"idle after optimized charge, or entire uncharged station visit",21,11,11,139.01846713750405,139.0111734619242,,,,,,,,,,saved_joint_fee5/routes/0/actions/5
duty_13414_fee5,duty_13414,fee5,13414,0,deadhead,800.0,800.0,13:20:00,13:20:00,0.0,2190L,2190,,,0.0,0.0,/Users/nadan/Documents/projects/demandresponse/outputs/week_20260921/cleanup_physics/saved_sequence_replay.json,,,travel immediately after service; station departure at next-trip deadline,22,11,12,139.0111734619242,139.0111734619242,station_outbound,static model reference deadhead,,,,,,,,saved_joint_fee5/routes/0/actions/5
duty_13414_fee5,duty_13414,fee5,13414,0,service,800.0,859.0,13:20:00,14:19:00,59.0,2190,4808,100,35,41.7299995,0.0,/Users/nadan/Documents/projects/demandresponse/outputs/meeting_20260917/route_explainer/inputs/k05.csv,37,,,23,12,13,139.0111734619242,97.2811739619242,,"scheduled passenger service, not empty deadhead time",13414,5021.0,1.0,,,,,
duty_13414_fee5,duty_13414,fee5,13414,0,deadhead,859.0,859.0,14:19:00,14:19:00,0.0,4808,4808,,,0.0,0.0,/Users/nadan/Documents/projects/demandresponse/outputs/week_20260921/cleanup_physics/saved_sequence_replay.json,,,travel immediately after service; station departure at next-trip deadline,24,13,13,97.2811739619242,97.2811739619242,station_inbound,static model reference deadhead,,,,,,,,saved_joint_fee5/routes/0/actions/6
duty_13414_fee5,duty_13414,fee5,13414,0,wait,859.0,866.0,14:19:00,14:26:00,7.0,4808,4808,,,0.011666666666666667,0.0,/Users/nadan/Documents/projects/demandresponse/outputs/week_20260921/cleanup_physics/saved_sequence_replay.json,,,"idle after optimized charge, or entire uncharged station visit",25,13,13,97.2811739619242,97.26950729525753,,,,,,,,,,saved_joint_fee5/routes/0/actions/6
duty_13414_fee5,duty_13414,fee5,13414,0,deadhead,866.0,866.0,14:26:00,14:26:00,0.0,4808,4808,,,0.0,0.0,/Users/nadan/Documents/projects/demandresponse/outputs/week_20260921/cleanup_physics/saved_sequence_replay.json,,,travel immediately after service; station departure at next-trip deadline,26,13,13,97.26950729525753,97.26950729525753,station_outbound,static model reference deadhead,,,,,,,,saved_joint_fee5/routes/0/actions/6
duty_13414_fee5,duty_13414,fee5,13414,0,service,866.0,922.0,14:26:00,15:22:00,56.0,4808,2190,113,39,42.5,0.0,/Users/nadan/Documents/projects/demandresponse/outputs/meeting_20260917/route_explainer/inputs/k05.csv,41,,,27,13,14,97.26950729525753,54.769507295257526,,"scheduled passenger service, not empty deadhead time",13414,5021.0,2.0,,,,,
duty_13414_fee5,duty_13414,fee5,13414,0,deadhead,922.0,922.0,15:22:00,15:22:00,0.0,2190,2190L,,,0.0,0.0,/Users/nadan/Documents/projects/demandresponse/outputs/week_20260921/cleanup_physics/saved_sequence_replay.json,,,travel immediately after service; station departure at next-trip deadline,28,14,15,54.769507295257526,54.769507295257526,station_inbound,static model reference deadhead,,,,,,,,saved_joint_fee5/routes/0/actions/7
duty_13414_fee5,duty_13414,fee5,13414,0,charge,922.0,929.0,15:22:00,15:29:00,7.0,2190L,2190L,,,0.0,38.95091818263388,/Users/nadan/Documents/projects/demandresponse/outputs/week_20260921/cleanup_physics/saved_joint_fee5.json,,,actual optimized charge witness,29,15,15,54.769507295257526,93.72042547789141,,,,,,1.7588203743617785,,"documented 18E1 taper, shared charger count and terminal floor",,routes/0/charges/2
duty_13414_fee5,duty_13414,fee5,13414,0,deadhead,929.0,929.0,15:29:00,15:29:00,0.0,2190L,2190,,,0.0,0.0,/Users/nadan/Documents/projects/demandresponse/outputs/week_20260921/cleanup_physics/saved_sequence_replay.json,,,travel immediately after service; station departure at next-trip deadline,30,15,16,93.72042547789141,93.72042547789141,station_outbound,static model reference deadhead,,,,,,,,saved_joint_fee5/routes/0/actions/7
duty_13414_fee5,duty_13414,fee5,13414,0,service,929.0,992.0,15:29:00,16:32:00,63.0,2190,4808,126,44,41.7299995,0.0,/Users/nadan/Documents/projects/demandresponse/outputs/meeting_20260917/route_explainer/inputs/k05.csv,46,,,31,16,17,93.72042547789141,51.99042597789141,,"scheduled passenger service, not empty deadhead time",13414,5021.0,1.0,,,,,
duty_13414_fee5,duty_13414,fee5,13414,0,deadhead,992.0,992.0,16:32:00,16:32:00,0.0,4808,4808,,,0.0,0.0,/Users/nadan/Documents/projects/demandresponse/outputs/week_20260921/cleanup_physics/saved_sequence_replay.json,,,travel immediately after service; station departure at next-trip deadline,32,17,17,51.99042597789141,51.99042597789141,station_inbound,static model reference deadhead,,,,,,,,saved_joint_fee5/routes/0/actions/8
duty_13414_fee5,duty_13414,fee5,13414,0,charge,992.0,998.0,16:32:00,16:38:00,6.0,4808,4808,,,0.0,33.60190605349074,/Users/nadan/Documents/projects/demandresponse/outputs/week_20260921/cleanup_physics/saved_joint_fee5.json,,,actual optimized charge witness,33,17,17,51.99042597789141,85.59233203138214,,,,,,1.2293674947039985,,"documented 18E1 taper, shared charger count and terminal floor",,routes/0/charges/3
duty_13414_fee5,duty_13414,fee5,13414,0,deadhead,998.0,998.0,16:38:00,16:38:00,0.0,4808,4808,,,0.0,0.0,/Users/nadan/Documents/projects/demandresponse/outputs/week_20260921/cleanup_physics/saved_sequence_replay.json,,,travel immediately after service; station departure at next-trip deadline,34,17,17,85.59233203138214,85.59233203138214,station_outbound,static model reference deadhead,,,,,,,,saved_joint_fee5/routes/0/actions/8
duty_13414_fee5,duty_13414,fee5,13414,0,service,998.0,1057.0,16:38:00,17:37:00,59.0,4808,2190,139,49,42.5,0.0,/Users/nadan/Documents/projects/demandresponse/outputs/meeting_20260917/route_explainer/inputs/k05.csv,51,,,35,17,18,85.59233203138214,43.09233203138214,,"scheduled passenger service, not empty deadhead time",13414,5021.0,2.0,,,,,
duty_13414_fee5,duty_13414,fee5,13414,0,deadhead,1057.0,1057.0,17:37:00,17:37:00,0.0,2190,2190L,,,0.0,0.0,/Users/nadan/Documents/projects/demandresponse/outputs/week_20260921/cleanup_physics/saved_sequence_replay.json,,,travel immediately after service; station departure at next-trip deadline,36,18,19,43.09233203138214,43.09233203138214,station_inbound,static model reference deadhead,,,,,,,,saved_joint_fee5/routes/0/actions/9
duty_13414_fee5,duty_13414,fee5,13414,0,charge,1057.0,1071.0,17:37:00,17:51:00,14.0,2190L,2190L,,,0.0,76.6353341352841,/Users/nadan/Documents/projects/demandresponse/outputs/week_20260921/cleanup_physics/saved_joint_fee5.json,,,actual optimized charge witness,37,19,19,43.09233203138214,119.72766616666624,,,,,,2.4953507512572672,,"documented 18E1 taper, shared charger count and terminal floor",,routes/0/charges/4
duty_13414_fee5,duty_13414,fee5,13414,0,deadhead,1071.0,1071.0,17:51:00,17:51:00,0.0,2190L,2190,,,0.0,0.0,/Users/nadan/Documents/projects/demandresponse/outputs/week_20260921/cleanup_physics/saved_sequence_replay.json,,,travel immediately after service; station departure at next-trip deadline,38,19,20,119.72766616666624,119.72766616666624,station_outbound,static model reference deadhead,,,,,,,,saved_joint_fee5/routes/0/actions/9
duty_13414_fee5,duty_13414,fee5,13414,0,service,1071.0,1128.0,17:51:00,18:48:00,57.0,2190,4808,154,54,41.7299995,0.0,/Users/nadan/Documents/projects/demandresponse/outputs/meeting_20260917/route_explainer/inputs/k05.csv,56,,,39,20,21,119.72766616666624,77.99766666666625,,"scheduled passenger service, not empty deadhead time",13414,5021.0,1.0,,,,,
duty_13414_fee5,duty_13414,fee5,13414,0,deadhead,1128.0,1128.0,18:48:00,18:48:00,0.0,4808,4808,,,0.0,0.0,/Users/nadan/Documents/projects/demandresponse/outputs/week_20260921/cleanup_physics/saved_sequence_replay.json,,,travel immediately after service; station departure at next-trip deadline,40,21,21,77.99766666666625,77.99766666666625,station_inbound,static model reference deadhead,,,,,,,,saved_joint_fee5/routes/0/actions/10
duty_13414_fee5,duty_13414,fee5,13414,0,wait,1128.0,1136.0,18:48:00,18:56:00,8.0,4808,4808,,,0.013333333333333334,0.0,/Users/nadan/Documents/projects/demandresponse/outputs/week_20260921/cleanup_physics/saved_sequence_replay.json,,,"idle after optimized charge, or entire uncharged station visit",41,21,21,77.99766666666625,77.98433333333291,,,,,,,,,,saved_joint_fee5/routes/0/actions/10
duty_13414_fee5,duty_13414,fee5,13414,0,deadhead,1136.0,1136.0,18:56:00,18:56:00,0.0,4808,4808,,,0.0,0.0,/Users/nadan/Documents/projects/demandresponse/outputs/week_20260921/cleanup_physics/saved_sequence_replay.json,,,travel immediately after service; station departure at next-trip deadline,42,21,21,77.98433333333291,77.98433333333291,station_outbound,static model reference deadhead,,,,,,,,saved_joint_fee5/routes/0/actions/10
duty_13414_fee5,duty_13414,fee5,13414,0,service,1136.0,1189.0,18:56:00,19:49:00,53.0,4808,2190,165,58,42.5,0.0,/Users/nadan/Documents/projects/demandresponse/outputs/meeting_20260917/route_explainer/inputs/k05.csv,60,,,43,21,22,77.98433333333291,35.48433333333291,,"scheduled passenger service, not empty deadhead time",13414,5021.0,2.0,,,,,
duty_13414_fee5,duty_13414,fee5,13414,0,deadhead,1189.0,1189.0,19:49:00,19:49:00,0.0,2190,2190L,,,0.0,0.0,/Users/nadan/Documents/projects/demandresponse/outputs/week_20260921/cleanup_physics/saved_sequence_replay.json,,,travel immediately after service; station departure at next-trip deadline,44,22,23,35.48433333333291,35.48433333333291,station_inbound,static model reference deadhead,,,,,,,,saved_joint_fee5/routes/0/actions/11
duty_13414_fee5,duty_13414,fee5,13414,0,wait,1189.0,1200.0,19:49:00,20:00:00,11.0,2190L,2190L,,,0.018333333333333333,0.0,/Users/nadan/Documents/projects/demandresponse/outputs/week_20260921/cleanup_physics/saved_joint_fee5.json,,,idle before optimized charge in fixed station visit,45,23,23,35.48433333333291,35.46599999999958,,,,,,,,,,routes/0/charges/5
duty_13414_fee5,duty_13414,fee5,13414,0,charge,1200.0,1211.449577906103,20:00:00,20:11:27,11.449577906103059,2190L,2190L,,,0.0,64.31175188521405,/Users/nadan/Documents/projects/demandresponse/outputs/week_20260921/cleanup_physics/saved_joint_fee5.json,,,actual optimized charge witness,46,23,23,35.46599999999958,99.77775188521363,,,,,,1.9343268383234538,,"documented 18E1 taper, shared charger count and terminal floor",,routes/0/charges/5
duty_13414_fee5,duty_13414,fee5,13414,0,wait,1211.449577906103,1235.0,20:11:27,20:35:00,23.55042209389694,2190L,2190L,,,0.03925070348982824,0.0,/Users/nadan/Documents/projects/demandresponse/outputs/week_20260921/cleanup_physics/saved_sequence_replay.json,,,"idle after optimized charge, or entire uncharged station visit",47,23,23,99.77775188521363,99.7385011817238,,,,,,,,,,saved_joint_fee5/routes/0/actions/11
duty_13414_fee5,duty_13414,fee5,13414,0,deadhead,1235.0,1235.0,20:35:00,20:35:00,0.0,2190L,2190,,,0.0,0.0,/Users/nadan/Documents/projects/demandresponse/outputs/week_20260921/cleanup_physics/saved_sequence_replay.json,,,travel immediately after service; station departure at next-trip deadline,48,23,24,99.7385011817238,99.7385011817238,station_outbound,static model reference deadhead,,,,,,,,saved_joint_fee5/routes/0/actions/11
duty_13414_fee5,duty_13414,fee5,13414,0,service,1235.0,1290.0,20:35:00,21:30:00,55.0,2190,4808,178,60,41.7299995,0.0,/Users/nadan/Documents/projects/demandresponse/outputs/meeting_20260917/route_explainer/inputs/k05.csv,62,,,49,24,25,99.7385011817238,58.00850168172381,,"scheduled passenger service, not empty deadhead time",13414,5021.0,1.0,,,,,
duty_13414_fee5,duty_13414,fee5,13414,0,deadhead,1290.0,1297.0,21:30:00,21:37:00,7.0,4808,PARX,,,7.8,0.0,/Users/nadan/Documents/projects/demandresponse/outputs/week_20260921/cleanup_physics/saved_sequence_replay.json,,,travel immediately after service; station departure at next-trip deadline,50,25,26,58.00850168172381,50.20850168172381,pull_in,static model reference deadhead,,,,,,,,saved_joint_fee5/routes/0/actions/12
