root_label,cell,idx,cohort,execution_commit,instance_sha256,tariff_sha256,aggregate_terminal_target_kwh,fleet_cap,original_cg_pricing_certified,original_cg_stop,original_cg_seconds,original_cg_weighted_full_graph_lp_bound,original_cg_fractional_route_weight,original_cg_selection_state,original_fleet_status,original_fleet_buses,original_finite_pool_fleet_bound,original_charging_status,original_charging_cost,original_charging_bound,fixed_fleet_status,fixed_fleet,fixed_finite_frontier_fleet_bound,fixed_charging_status,fixed_charging_grid_cost,fixed_charging_grid_bound,fixed_continuous_cost,fixed_exact_once_verified,fixed_proof_scope,post_branch,post_state,post_job_id,source_pool_type,fallback_added,fallback_pool_fresh_columns,fallback_pool_fixed_frontier_columns,fallback_selected_fresh_only,fallback_selected_fixed_only,fallback_selected_both,fallback_all_selected_giro_sequences,source_pool_fleet_status,source_pool_fleet,source_pool_charging_status,source_pool_charging_grid_cost,source_pool_charging_grid_bound,cleanup_returncode,cleanup_summary_present,cleanup_fleet_status,cleanup_fleet,cleanup_finite_pool_fleet_bound,cleanup_charging_status,cleanup_charging_grid_cost,cleanup_charging_grid_bound,cleanup_continuous_cost,cleanup_exact_once_verified,cleanup_individual_replay_verified,cleanup_shared_capacity_validated,cleanup_proof_scope,cleanup_input_duplicate_trip_count,cleanup_generated_sequences,attempt_receipt_count,stale_running_attempt_receipts,fresh_cg_max_restart,fixed_max_restart,original_summary_path,original_summary_sha256,fixed_summary_path,fixed_summary_sha256,source_pool_summary_path,source_pool_summary_sha256,cleanup_summary_path,cleanup_summary_sha256,post_receipt_path,post_receipt_sha256
expansion,r21_flat,0,route21,4a8b497e668be9962bca5906a8b69116fa634882,b386f8a16958d25c857297ac4643bf6c73ae2114557c585446725cbd51c8b64d,59a9d3b7c1516b19b56267de7309cfe014a13f84b8b390738754a5f652f451f3,280.7833253,5,True,pricing_certified,925.5813822969794,500190.8452577678,5.000000000000002,selected,OPTIMAL,5,5.0,OPTIMAL,229.39999647345095,229.39999647345095,OPTIMAL,5,5.0,OPTIMAL,190.9600000000064,190.9600000000064,187.71318256160885,True,finite_frozen_pool_with_exact_once_trip_rows; no new CG certificate,cleanup,finished,498919,pure fresh CG,False,,,,,,,OPTIMAL,5,OPTIMAL,229.39999647345095,229.39999647345095,0,True,OPTIMAL,5,5.0,TIME_LIMIT,196.9118895959515,196.7972577705696,193.4469425615971,True,True,False,finite_frozen_pool_with_exact_once_trip_rows; no new CG certificate,4,17,3,0,0,0,/home/nc437/ladder-lite/spatial_tariff_expansion_20260925/results/r21_flat/fresh_cg/job499031_r0/out/summary.json,d7b89a355ad98bd8b797d479fdc3c550eb194484a9aafe309305a5a027a422d0,/home/nc437/ladder-lite/spatial_tariff_expansion_20260925/results/r21_flat/fixed_duty/job499051_r0/out/summary.json,76bd4c768bda154754092499432111be6e49fc8eaccc9ec34998721cce7be296,/home/nc437/ladder-lite/spatial_tariff_expansion_20260925/results/r21_flat/fresh_cg/job499031_r0/out/summary.json,d7b89a355ad98bd8b797d479fdc3c550eb194484a9aafe309305a5a027a422d0,/home/nc437/ladder-lite/spatial_tariff_expansion_20260925/results/r21_flat/cleanup/job498919_r0/out/summary.json,6f9ec1d3092dd468e5f89b3d63b8340cc5803c010551e8a8689c3612ee74404b,/home/nc437/ladder-lite/spatial_tariff_expansion_20260925/post_records/r21_flat/job498919_r0.json,86bf9f0f341b5ad2db4e47e530b017845a8e9196157d9670337424132e72e7d4
expansion,r21_spatial_2190L_x0p25,1,route21,4a8b497e668be9962bca5906a8b69116fa634882,b386f8a16958d25c857297ac4643bf6c73ae2114557c585446725cbd51c8b64d,e820429d44b6b8adfdfdbd08e4b41e0e7f6ac1b0d0aeb78edb94f8fcb50ace89,280.7833253,5,True,pricing_certified,596.2530584903434,500047.71131443983,4.999999999999999,no_selection,INFEASIBLE,,,missing,,,OPTIMAL,5,5.0,OPTIMAL,53.31999999999243,53.31999999999243,52.393719565996435,True,finite_frozen_pool_with_exact_once_trip_rows; no new CG certificate,fallback_then_cleanup,finished,498920,fresh CG + GIRO fixed-duty frontier columns,True,16982,487,0,5,0,True,OPTIMAL,5,OPTIMAL,53.31999999999243,53.31999999999243,0,True,OPTIMAL,5,5.0,OPTIMAL,53.31999999999243,53.31999999999243,52.393719565996435,True,True,False,finite_frozen_pool_with_exact_once_trip_rows; no new CG certificate,0,5,4,0,0,0,/home/nc437/ladder-lite/spatial_tariff_expansion_20260925/results/r21_spatial_2190L_x0p25/fresh_cg/job499032_r0/out/summary.json,283fba213be9a83ace8fa213f402e0cfbafbb81620554c9b2024d20e9f792df9,/home/nc437/ladder-lite/spatial_tariff_expansion_20260925/results/r21_spatial_2190L_x0p25/fixed_duty/job499052_r0/out/summary.json,81543ea7e523785853ea5348ae0656f23ddabec2ee80963af89b5d5574bf8f9a,/home/nc437/ladder-lite/spatial_tariff_expansion_20260925/results/r21_spatial_2190L_x0p25/fresh_cg/job498920_r0/out/summary.json,f0274c7aa4983af12d902f1f19074dc52d3b000c2b52cfb36e594d44c97a4903,/home/nc437/ladder-lite/spatial_tariff_expansion_20260925/results/r21_spatial_2190L_x0p25/cleanup/job498920_r0/out/summary.json,0137fb8b0aa1067b7e5e53895c98660db4c0bf7a42f219d033cd365598ac7302,/home/nc437/ladder-lite/spatial_tariff_expansion_20260925/post_records/r21_spatial_2190L_x0p25/job498920_r0.json,6042bc02554f75cab7a29533de84fb3b28707af4f1df638da8dcf5f4dfab9df6
expansion,r21_spatial_2190L_x2p00,2,route21,4a8b497e668be9962bca5906a8b69116fa634882,b386f8a16958d25c857297ac4643bf6c73ae2114557c585446725cbd51c8b64d,71d545064b64443c969c59e8ce7631782e86ff92df53b3517d2db417afe1861f,280.7833253,5,True,pricing_certified,582.4419570490718,500218.9456418194,5.0,selected,OPTIMAL,5,5.0,OPTIMAL,247.2560000000085,247.2560000000085,OPTIMAL,5,5.0,OPTIMAL,236.34399999999732,236.34399999999732,232.74601446240558,True,finite_frozen_pool_with_exact_once_trip_rows; no new CG certificate,cleanup,finished,498921,pure fresh CG,False,,,,,,,OPTIMAL,5,OPTIMAL,247.2560000000085,247.2560000000085,0,True,OPTIMAL,5,5.0,OPTIMAL,227.16799999999057,227.16799999999057,222.5651185119932,True,True,False,finite_frozen_pool_with_exact_once_trip_rows; no new CG certificate,2,10,3,0,0,0,/home/nc437/ladder-lite/spatial_tariff_expansion_20260925/results/r21_spatial_2190L_x2p00/fresh_cg/job499033_r0/out/summary.json,7e31e093d2e65f878a9f4fc123dc14e964ebffea4b189ffd1b420512e7b26da0,/home/nc437/ladder-lite/spatial_tariff_expansion_20260925/results/r21_spatial_2190L_x2p00/fixed_duty/job499053_r0/out/summary.json,eacd6426580ba9d6e14dddf907d6cee82190c03b7d70628e1f1373e77580da3d,/home/nc437/ladder-lite/spatial_tariff_expansion_20260925/results/r21_spatial_2190L_x2p00/fresh_cg/job499033_r0/out/summary.json,7e31e093d2e65f878a9f4fc123dc14e964ebffea4b189ffd1b420512e7b26da0,/home/nc437/ladder-lite/spatial_tariff_expansion_20260925/results/r21_spatial_2190L_x2p00/cleanup/job498921_r0/out/summary.json,0df982f1056e13fca3a6f6d54700d569ee4bfc609654f534f7de16c51cda5aaf,/home/nc437/ladder-lite/spatial_tariff_expansion_20260925/post_records/r21_spatial_2190L_x2p00/job498921_r0.json,b585be6a9664201770278fcb59faf3ad2d76e2d0a31442af1e0c760891befafe
expansion,r21_spatial_4808_x0p25,3,route21,4a8b497e668be9962bca5906a8b69116fa634882,b386f8a16958d25c857297ac4643bf6c73ae2114557c585446725cbd51c8b64d,315eaa65f0a6ef76bf183cf5f143a27e2f985b7aa5e851dc78b8429db40f7695,280.7833253,5,True,pricing_certified,623.1009517125785,500060.5594504546,5.0,selected,OPTIMAL,5,5.0,OPTIMAL,62.30999999999767,62.30999999999767,OPTIMAL,5,5.0,OPTIMAL,81.65400000000955,81.65400000000955,80.80410361559188,True,finite_frozen_pool_with_exact_once_trip_rows; no new CG certificate,cleanup,finished,498922,pure fresh CG,False,,,,,,,OPTIMAL,5,OPTIMAL,62.30999999999767,62.30999999999767,0,True,OPTIMAL,5,5.0,OPTIMAL,61.00799999998708,61.00799999998708,59.939119628004846,True,True,False,finite_frozen_pool_with_exact_once_trip_rows; no new CG certificate,0,5,3,0,0,0,/home/nc437/ladder-lite/spatial_tariff_expansion_20260925/results/r21_spatial_4808_x0p25/fresh_cg/job499034_r0/out/summary.json,e4acda6560624e5886943bfac69bc03cdfbb865892e7d8c2d7b16df7dfee9a5b,/home/nc437/ladder-lite/spatial_tariff_expansion_20260925/results/r21_spatial_4808_x0p25/fixed_duty/job499054_r0/out/summary.json,cdc142c6c44e81f46da9e4d7e787ad24882226d5a2949de042fb04e76aa04a05,/home/nc437/ladder-lite/spatial_tariff_expansion_20260925/results/r21_spatial_4808_x0p25/fresh_cg/job499034_r0/out/summary.json,e4acda6560624e5886943bfac69bc03cdfbb865892e7d8c2d7b16df7dfee9a5b,/home/nc437/ladder-lite/spatial_tariff_expansion_20260925/results/r21_spatial_4808_x0p25/cleanup/job498922_r0/out/summary.json,7714737f9d7de8cffee6c3c688c07b13f5cf713fee45113bbb12fca0a19990cd,/home/nc437/ladder-lite/spatial_tariff_expansion_20260925/post_records/r21_spatial_4808_x0p25/job498922_r0.json,0e6411d6aa440a923525afde3459ecc1ef5b155e449952148daab12c98b502be
expansion,r21_spatial_4808_x2p00,4,route21,4a8b497e668be9962bca5906a8b69116fa634882,b386f8a16958d25c857297ac4643bf6c73ae2114557c585446725cbd51c8b64d,2a75f2e96639b55fe194fade4e9eb7ada53cd6822d5a01db0749c47d068ab3b1,280.7833253,5,True,pricing_certified,943.964598934981,500190.8452577658,5.000000000000001,selected,OPTIMAL,5,5.0,OPTIMAL,209.3120000000199,209.3120000000199,OPTIMAL,5,5.0,OPTIMAL,198.40000000000873,198.40000000000873,194.8476463631814,True,finite_frozen_pool_with_exact_once_trip_rows; no new CG certificate,cleanup,finished,498923,pure fresh CG,False,,,,,,,OPTIMAL,5,OPTIMAL,209.3120000000199,209.3120000000199,0,True,OPTIMAL,5,5.0,TIME_LIMIT,190.95988818901168,190.84525777057476,187.7131825615943,True,True,False,finite_frozen_pool_with_exact_once_trip_rows; no new CG certificate,3,16,3,0,0,0,/home/nc437/ladder-lite/spatial_tariff_expansion_20260925/results/r21_spatial_4808_x2p00/fresh_cg/job499035_r0/out/summary.json,f36153273928c931f457fbdcc511649665d7435f5d1a99bf5bfdf721824b9311,/home/nc437/ladder-lite/spatial_tariff_expansion_20260925/results/r21_spatial_4808_x2p00/fixed_duty/job499055_r0/out/summary.json,76baa4012368a14430e66e395557802549a972c056490e382a93d82fd02525a7,/home/nc437/ladder-lite/spatial_tariff_expansion_20260925/results/r21_spatial_4808_x2p00/fresh_cg/job499035_r0/out/summary.json,f36153273928c931f457fbdcc511649665d7435f5d1a99bf5bfdf721824b9311,/home/nc437/ladder-lite/spatial_tariff_expansion_20260925/results/r21_spatial_4808_x2p00/cleanup/job498923_r0/out/summary.json,a79a32edabcb59f8ca39f765a750198c030e798c088a9dc2277d9e28771b7b5e,/home/nc437/ladder-lite/spatial_tariff_expansion_20260925/post_records/r21_spatial_4808_x2p00/job498923_r0.json,8d45c075026d81a61230da1d86852686ae7374ff68c2aabba386c68995f88902
expansion,r21_spatial_PARX_x0p25,5,route21,4a8b497e668be9962bca5906a8b69116fa634882,b386f8a16958d25c857297ac4643bf6c73ae2114557c585446725cbd51c8b64d,30515b5b7702edd4cfe513bb957d1f76c4f09681194e9d4fc28f6bc32924846d,280.7833253,5,True,pricing_certified,915.3040113840252,500120.375314442,5.0,selected,OPTIMAL,5,5.0,OPTIMAL,120.403999999995,120.403999999995,OPTIMAL,5,5.0,OPTIMAL,170.5,170.5,167.22987053680117,True,finite_frozen_pool_with_exact_once_trip_rows; no new CG certificate,cleanup,finished,498924,pure fresh CG,False,,,,,,,OPTIMAL,5,OPTIMAL,120.403999999995,120.403999999995,0,True,OPTIMAL,5,5.0,OPTIMAL,120.40399194598348,120.40399194598348,116.79832692121272,True,True,False,finite_frozen_pool_with_exact_once_trip_rows; no new CG certificate,0,5,3,0,0,0,/home/nc437/ladder-lite/spatial_tariff_expansion_20260925/results/r21_spatial_PARX_x0p25/fresh_cg/job499036_r0/out/summary.json,879f55fe890ed0927a2b5c64461c4018fea7e4d9be3325313958e5e275f094ab,/home/nc437/ladder-lite/spatial_tariff_expansion_20260925/results/r21_spatial_PARX_x0p25/fixed_duty/job499056_r0/out/summary.json,ca328659e6b0226e0586beeb244d4c3b94872d96b1dfe3dd6172f513e8897b97,/home/nc437/ladder-lite/spatial_tariff_expansion_20260925/results/r21_spatial_PARX_x0p25/fresh_cg/job499036_r0/out/summary.json,879f55fe890ed0927a2b5c64461c4018fea7e4d9be3325313958e5e275f094ab,/home/nc437/ladder-lite/spatial_tariff_expansion_20260925/results/r21_spatial_PARX_x0p25/cleanup/job498924_r0/out/summary.json,38e0d02a51910df7c67ec920206c3491f6c34981a0316dcd4126d6cc61de4af5,/home/nc437/ladder-lite/spatial_tariff_expansion_20260925/post_records/r21_spatial_PARX_x0p25/job498924_r0.json,c9d14232014c61fc3a753f9e650697ac393b0cf95a77a4c9bfa28cb1b68b1e64
expansion,r21_spatial_PARX_x2p00,6,route21,4a8b497e668be9962bca5906a8b69116fa634882,b386f8a16958d25c857297ac4643bf6c73ae2114557c585446725cbd51c8b64d,85732e6e87c414da05e62821a58162141467ae5d3470fbcbf694449388db42d5,280.7833253,5,True,pricing_certified,1040.0529338084161,500190.8452577681,4.9999999999999885,selected,OPTIMAL,5,5.0,OPTIMAL,232.12799999999697,232.12799999999697,OPTIMAL,5,5.0,OPTIMAL,190.9599999999773,190.9599999999773,187.7131825615943,True,finite_frozen_pool_with_exact_once_trip_rows; no new CG certificate,cleanup,finished,498925,pure fresh CG,False,,,,,,,OPTIMAL,5,OPTIMAL,232.12799999999697,232.12799999999697,0,True,OPTIMAL,5,5.0,TIME_LIMIT,196.91189650900685,196.7972577707409,193.4469425615971,True,True,False,finite_frozen_pool_with_exact_once_trip_rows; no new CG certificate,5,31,3,0,0,0,/home/nc437/ladder-lite/spatial_tariff_expansion_20260925/results/r21_spatial_PARX_x2p00/fresh_cg/job499037_r0/out/summary.json,a4e27c0827278774accb037e91a84f43077eca864e6e3d960b973d7830139ead,/home/nc437/ladder-lite/spatial_tariff_expansion_20260925/results/r21_spatial_PARX_x2p00/fixed_duty/job499057_r0/out/summary.json,e64d8d4d2ad6e2093d000518c68ebae8aa620afff3daec62e0d5086ed4c3203c,/home/nc437/ladder-lite/spatial_tariff_expansion_20260925/results/r21_spatial_PARX_x2p00/fresh_cg/job499037_r0/out/summary.json,a4e27c0827278774accb037e91a84f43077eca864e6e3d960b973d7830139ead,/home/nc437/ladder-lite/spatial_tariff_expansion_20260925/results/r21_spatial_PARX_x2p00/cleanup/job498925_r0/out/summary.json,bcf5bb65aa27839396354410d0a13cfb6643d39764ef07a3b3c1768044f91d67,/home/nc437/ladder-lite/spatial_tariff_expansion_20260925/post_records/r21_spatial_PARX_x2p00/job498925_r0.json,e37125aa9a08d140f8ad626abb9d725d815b13ab7c87c0a703269900e87eafcf
expansion,loc_flat,7,local18E2,4a8b497e668be9962bca5906a8b69116fa634882,59f6a937b4299a53574375c3f7f822227bf7a93b9bd221642c1f47ebdf81aa40,59a9d3b7c1516b19b56267de7309cfe014a13f84b8b390738754a5f652f451f3,397.91849548,5,True,pricing_certified,3540.8790007377975,500120.2788588578,4.999999999999968,no_selection,TIME_LIMIT,,5.000000000000032,missing,,,OPTIMAL,5,5.0,OPTIMAL,125.23999999997613,125.23999999997613,114.13237651475356,True,finite_frozen_pool_with_exact_once_trip_rows; no new CG certificate,fallback_then_cleanup,finished,498926,fresh CG + GIRO fixed-duty frontier columns,True,61958,597,0,5,0,True,OPTIMAL,5,TIME_LIMIT,125.24000000000524,125.23885887063479,0,True,OPTIMAL,5,5.0,OPTIMAL,125.23999999997613,125.23999999997613,114.13237651475356,True,True,False,finite_frozen_pool_with_exact_once_trip_rows; no new CG certificate,0,5,4,0,0,0,/home/nc437/ladder-lite/spatial_tariff_expansion_20260925/results/loc_flat/fresh_cg/job499001_r0/out/summary.json,0078d693c9cbaf9095e481eef4dd2a918ef5e42a9b7f506d1729d9a4931fb3d3,/home/nc437/ladder-lite/spatial_tariff_expansion_20260925/results/loc_flat/fixed_duty/job499058_r0/out/summary.json,ae30ae7a87554dfd5df6f9621d4d1ab7c3833e636f63fdba9d7f65624e9e8d1f,/home/nc437/ladder-lite/spatial_tariff_expansion_20260925/results/loc_flat/fresh_cg/job498926_r0/out/summary.json,5a19f5b6772b5ea54f97d7200527ebc4596f2cc64a57ff11f87483e1c29fac82,/home/nc437/ladder-lite/spatial_tariff_expansion_20260925/results/loc_flat/cleanup/job498926_r0/out/summary.json,b9d2cc8b4b03b26609d51089755ca6135775a2fa51ebb5db544afff9b1043925,/home/nc437/ladder-lite/spatial_tariff_expansion_20260925/post_records/loc_flat/job498926_r0.json,18ec6d83005337f31613d264964a1a00c759e0640b366fa4f1289fac75eb4d0d
expansion,loc_spatial_3127L_x0p25,8,local18E2,4a8b497e668be9962bca5906a8b69116fa634882,59f6a937b4299a53574375c3f7f822227bf7a93b9bd221642c1f47ebdf81aa40,fe6c9f65058e692fc297cc07a533234258410cf784f9771459919ac7dad9f97c,397.91849548,5,True,pricing_certified,3507.332327858079,500030.0697146914,4.999999999999966,selected,OPTIMAL,5,5.0,TIME_LIMIT,36.08399330054492,36.06523871022223,OPTIMAL,5,5.0,OPTIMAL,37.447999999989406,37.447999999989406,33.7822619893268,True,finite_frozen_pool_with_exact_once_trip_rows; no new CG certificate,cleanup,finished,498927,pure fresh CG,False,,,,,,,OPTIMAL,5,TIME_LIMIT,36.08399330054492,36.06523871022223,0,True,OPTIMAL,5,5.0,TIME_LIMIT,31.247967025893978,31.228618695303993,28.529969333671033,True,True,False,finite_frozen_pool_with_exact_once_trip_rows; no new CG certificate,11,585,3,0,0,0,/home/nc437/ladder-lite/spatial_tariff_expansion_20260925/results/loc_spatial_3127L_x0p25/fresh_cg/job499002_r0/out/summary.json,4f0c1afa81fdc55798c2fcdf3cbce544d8c775ed367736705c4f7175c5b2b643,/home/nc437/ladder-lite/spatial_tariff_expansion_20260925/results/loc_spatial_3127L_x0p25/fixed_duty/job499059_r0/out/summary.json,cfe2d228ab55d9d8332845cb9528b46ae32ad427a012892e0945a6db883209d4,/home/nc437/ladder-lite/spatial_tariff_expansion_20260925/results/loc_spatial_3127L_x0p25/fresh_cg/job499002_r0/out/summary.json,4f0c1afa81fdc55798c2fcdf3cbce544d8c775ed367736705c4f7175c5b2b643,/home/nc437/ladder-lite/spatial_tariff_expansion_20260925/results/loc_spatial_3127L_x0p25/cleanup/job498927_r0/out/summary.json,6a397d1e1ae380631178b47ec702c4a628f54e6027e6cf1d40e3df8a7082c638,/home/nc437/ladder-lite/spatial_tariff_expansion_20260925/post_records/loc_spatial_3127L_x0p25/job498927_r0.json,1d78eaadd84c951d6ec199de10aa5a66840a797335eeb58cde093b2d4e250e0e
expansion,loc_spatial_3127L_x2p00,9,local18E2,4a8b497e668be9962bca5906a8b69116fa634882,59f6a937b4299a53574375c3f7f822227bf7a93b9bd221642c1f47ebdf81aa40,f2fc9f447685ee9f670047ae29817d8840874bbfa3e197dd301c5b78e7a89f3e,397.91849548,5,True,pricing_certified,2502.539434047416,500120.5460934982,4.9999999999999645,selected,OPTIMAL,5,5.0,OPTIMAL,131.9360000000015,131.9360000000015,OPTIMAL,5,5.0,OPTIMAL,126.72799999998824,126.72799999998824,116.52597349628923,True,finite_frozen_pool_with_exact_once_trip_rows; no new CG certificate,cleanup,finished,498928,pure fresh CG,False,,,,,,,OPTIMAL,5,OPTIMAL,131.9360000000015,131.9360000000015,0,True,OPTIMAL,5,5.0,OPTIMAL,121.76799985216087,121.76799984806858,111.05380367506586,True,True,False,finite_frozen_pool_with_exact_once_trip_rows; no new CG certificate,3,13,3,0,0,0,/home/nc437/ladder-lite/spatial_tariff_expansion_20260925/results/loc_spatial_3127L_x2p00/fresh_cg/job499003_r0/out/summary.json,4c134372851996fa93c3fcd228a689b8e5a3f35b4177de97de4a12137a8161e2,/home/nc437/ladder-lite/spatial_tariff_expansion_20260925/results/loc_spatial_3127L_x2p00/fixed_duty/job499060_r0/out/summary.json,b63e5366fc9f75f2cd6719367b7fc455c63edc40b38e7180825b68b7719bf05f,/home/nc437/ladder-lite/spatial_tariff_expansion_20260925/results/loc_spatial_3127L_x2p00/fresh_cg/job499003_r0/out/summary.json,4c134372851996fa93c3fcd228a689b8e5a3f35b4177de97de4a12137a8161e2,/home/nc437/ladder-lite/spatial_tariff_expansion_20260925/results/loc_spatial_3127L_x2p00/cleanup/job498928_r0/out/summary.json,cc2b92c73ae712f06e0e1d0ba1c99a53e42b4588654de39b0e827ea7d2119df7,/home/nc437/ladder-lite/spatial_tariff_expansion_20260925/post_records/loc_spatial_3127L_x2p00/job498928_r0.json,34562bed32c4065683faecf07c20b761a929a44a49526eb5f4025938335794aa
expansion,loc_spatial_7880C_x0p25,10,local18E2,4a8b497e668be9962bca5906a8b69116fa634882,59f6a937b4299a53574375c3f7f822227bf7a93b9bd221642c1f47ebdf81aa40,a7521259291772a836d43d83798d468ec3a1abf05170fb8ebd47550d654a42f1,397.91849548,5,True,pricing_certified,1129.4903240939602,500031.46149502654,5.000000000000008,selected,OPTIMAL,5,5.0,OPTIMAL,36.270000000004075,36.270000000004075,OPTIMAL,5,5.0,OPTIMAL,44.14399999998568,44.14399999998568,38.69829164883413,True,finite_frozen_pool_with_exact_once_trip_rows; no new CG certificate,cleanup,finished,498929,pure fresh CG,False,,,,,,,OPTIMAL,5,OPTIMAL,36.270000000004075,36.270000000004075,0,True,OPTIMAL,5,5.0,OPTIMAL,32.797999940107964,32.797999940107964,30.473743816226488,True,True,False,finite_frozen_pool_with_exact_once_trip_rows; no new CG certificate,8,44,3,0,0,0,/home/nc437/ladder-lite/spatial_tariff_expansion_20260925/results/loc_spatial_7880C_x0p25/fresh_cg/job499004_r0/out/summary.json,73d37d21971964fe1afffe72069c7bf97b9502bb0732613b6bf24df177af9983,/home/nc437/ladder-lite/spatial_tariff_expansion_20260925/results/loc_spatial_7880C_x0p25/fixed_duty/job499061_r0/out/summary.json,918707f6f62d2cdbf872644cbcb1040101165c8a2bed3db04cdffa154757d700,/home/nc437/ladder-lite/spatial_tariff_expansion_20260925/results/loc_spatial_7880C_x0p25/fresh_cg/job499004_r0/out/summary.json,73d37d21971964fe1afffe72069c7bf97b9502bb0732613b6bf24df177af9983,/home/nc437/ladder-lite/spatial_tariff_expansion_20260925/results/loc_spatial_7880C_x0p25/cleanup/job498929_r0/out/summary.json,6748ef8b806ae78fec6af77c96dfc40b3c032b84bdd84ba1f54e23b0d9c0352b,/home/nc437/ladder-lite/spatial_tariff_expansion_20260925/post_records/loc_spatial_7880C_x0p25/job498929_r0.json,ea9448107edd39eb594ba102627c58ec7084184268a7f74e192a74ac1aaa9f4c
expansion,loc_spatial_7880C_x2p00,11,local18E2,4a8b497e668be9962bca5906a8b69116fa634882,59f6a937b4299a53574375c3f7f822227bf7a93b9bd221642c1f47ebdf81aa40,dd1add55750e2c85d75251f3e0fe6f104b67a24fe0e5d7da6598ac3e87ce1fa5,397.91849548,5,True,pricing_certified,3593.6049826350063,500120.27885885513,4.999999999999992,no_selection,TIME_LIMIT,,5.000000000000004,missing,,,OPTIMAL,5,5.0,OPTIMAL,125.23999999999069,125.23999999999069,114.13237651476811,True,finite_frozen_pool_with_exact_once_trip_rows; no new CG certificate,fallback_then_cleanup,finished,498930,fresh CG + GIRO fixed-duty frontier columns,True,65018,595,0,5,0,True,OPTIMAL,5,TIME_LIMIT,125.23999999999069,125.23885887064894,0,True,OPTIMAL,5,5.0,OPTIMAL,125.23999999999069,125.23999999999069,114.13237651476811,True,True,False,finite_frozen_pool_with_exact_once_trip_rows; no new CG certificate,0,5,4,0,0,0,/home/nc437/ladder-lite/spatial_tariff_expansion_20260925/results/loc_spatial_7880C_x2p00/fresh_cg/job499005_r0/out/summary.json,5c19feb7eae7afa109ce836df3e3aed3c0caea137af798e8a66768195cb252d6,/home/nc437/ladder-lite/spatial_tariff_expansion_20260925/results/loc_spatial_7880C_x2p00/fixed_duty/job499062_r0/out/summary.json,e7357968719f97e715657bf3e9252f2ad7922b82589623d0711ca3c42d0a50a7,/home/nc437/ladder-lite/spatial_tariff_expansion_20260925/results/loc_spatial_7880C_x2p00/fresh_cg/job498930_r0/out/summary.json,49241571b52409ec631f8caaa8536b0f89fe44f54b0e05d23f38da58e7f87b29,/home/nc437/ladder-lite/spatial_tariff_expansion_20260925/results/loc_spatial_7880C_x2p00/cleanup/job498930_r0/out/summary.json,ba283b5b67750d351b7e2d79f2defc7c5d447090b82b5896e591192ffd0894da,/home/nc437/ladder-lite/spatial_tariff_expansion_20260925/post_records/loc_spatial_7880C_x2p00/job498930_r0.json,f20ec290b528e99604d26da9bce3a3cc03ea1b39aa635688e77f1729cb43c515
expansion,loc_spatial_JON_A_x0p25,12,local18E2,4a8b497e668be9962bca5906a8b69116fa634882,59f6a937b4299a53574375c3f7f822227bf7a93b9bd221642c1f47ebdf81aa40,5c33f5b1d536223db218c54830957f8ca4a9386266490985a7c9b02cabf33fdd,397.91849548,5,True,pricing_certified,1652.9622031929903,500030.69087967183,5.0,selected,OPTIMAL,5,5.0,OPTIMAL,34.596000000005006,34.596000000005006,OPTIMAL,5,5.0,OPTIMAL,41.478000000002794,41.478000000002794,38.471570119523676,True,finite_frozen_pool_with_exact_once_trip_rows; no new CG certificate,cleanup,finished,498931,pure fresh CG,False,,,,,,,OPTIMAL,5,OPTIMAL,34.596000000005006,34.596000000005006,0,True,OPTIMAL,5,5.0,OPTIMAL,31.619999999995343,31.619999999995343,29.68408695423568,True,True,False,finite_frozen_pool_with_exact_once_trip_rows; no new CG certificate,10,394,4,1,1,0,/home/nc437/ladder-lite/spatial_tariff_expansion_20260925/results/loc_spatial_JON_A_x0p25/fresh_cg/job499006_r1/out/summary.json,0f64deb29e4baf0865ed5e53011940e3d302ffd6717f8eb6a0ba56130fc7e470,/home/nc437/ladder-lite/spatial_tariff_expansion_20260925/results/loc_spatial_JON_A_x0p25/fixed_duty/job499063_r0/out/summary.json,9ab24756d91e3373ce83db5dab7f9bb7ee7c3ff87a23df75c115370ac33503b7,/home/nc437/ladder-lite/spatial_tariff_expansion_20260925/results/loc_spatial_JON_A_x0p25/fresh_cg/job499006_r1/out/summary.json,0f64deb29e4baf0865ed5e53011940e3d302ffd6717f8eb6a0ba56130fc7e470,/home/nc437/ladder-lite/spatial_tariff_expansion_20260925/results/loc_spatial_JON_A_x0p25/cleanup/job498931_r0/out/summary.json,0d87d698a8a647e57f1effe6aea512329c0ff27d5d9fb2b0044d2606a80a8299,/home/nc437/ladder-lite/spatial_tariff_expansion_20260925/post_records/loc_spatial_JON_A_x0p25/job498931_r0.json,99edac098d21f23ab0324efbc6d943d795bc2246c245d61ff0f6738c68eac8b0
expansion,loc_spatial_JON_A_x2p00,13,local18E2,4a8b497e668be9962bca5906a8b69116fa634882,59f6a937b4299a53574375c3f7f822227bf7a93b9bd221642c1f47ebdf81aa40,0fed2e8c155c16d687f398ab53224998f8af06d12b3a0b0b175b3f4fc95f6eb5,397.91849548,5,True,pricing_certified,3005.14476046199,500120.27885883156,5.000000000000001,selected,OPTIMAL,5,5.0,OPTIMAL,146.07200000000012,146.07200000000012,OPTIMAL,5,5.0,OPTIMAL,125.98399999998219,125.98399999998219,114.52917651475582,True,finite_frozen_pool_with_exact_once_trip_rows; no new CG certificate,cleanup,finished,498932,pure fresh CG,False,,,,,,,OPTIMAL,5,OPTIMAL,146.07200000000012,146.07200000000012,0,True,OPTIMAL,5,5.0,OPTIMAL,125.98399999998219,125.98399999998219,114.61220686516026,True,True,False,finite_frozen_pool_with_exact_once_trip_rows; no new CG certificate,10,154,3,0,0,0,/home/nc437/ladder-lite/spatial_tariff_expansion_20260925/results/loc_spatial_JON_A_x2p00/fresh_cg/job499007_r0/out/summary.json,86437fc92b445d8811d5b90c12d9eec18977fc88ae1b4f6c5b7eb8d96d6d313d,/home/nc437/ladder-lite/spatial_tariff_expansion_20260925/results/loc_spatial_JON_A_x2p00/fixed_duty/job499064_r0/out/summary.json,27fdeed22ea57e362464d30d8d782ece94d8c8e033edef2988637af0488f2d6c,/home/nc437/ladder-lite/spatial_tariff_expansion_20260925/results/loc_spatial_JON_A_x2p00/fresh_cg/job499007_r0/out/summary.json,86437fc92b445d8811d5b90c12d9eec18977fc88ae1b4f6c5b7eb8d96d6d313d,/home/nc437/ladder-lite/spatial_tariff_expansion_20260925/results/loc_spatial_JON_A_x2p00/cleanup/job498932_r0/out/summary.json,b40b8f2813d2664b0142bfbdd9bc8fdf794b29af8214c7c7ddb22ae87bbec5b5,/home/nc437/ladder-lite/spatial_tariff_expansion_20260925/post_records/loc_spatial_JON_A_x2p00/job498932_r0.json,18d0150938fbaefe1668b23d50a86b2c404027f3557f2005e242706b72a520da
expansion,loc_spatial_PARX_x0p25,14,local18E2,4a8b497e668be9962bca5906a8b69116fa634882,59f6a937b4299a53574375c3f7f822227bf7a93b9bd221642c1f47ebdf81aa40,30515b5b7702edd4cfe513bb957d1f76c4f09681194e9d4fc28f6bc32924846d,397.91849548,5,True,pricing_certified,2771.252072219737,500031.08794930315,5.000000000000174,selected,OPTIMAL,5,5.0,OPTIMAL,34.5340000000142,34.5340000000142,OPTIMAL,5,5.0,OPTIMAL,51.211999999999534,51.211999999999534,45.4569116562634,True,finite_frozen_pool_with_exact_once_trip_rows; no new CG certificate,cleanup,finished,498933,pure fresh CG,False,,,,,,,OPTIMAL,5,OPTIMAL,34.5340000000142,34.5340000000142,0,True,OPTIMAL,5,5.0,TIME_LIMIT,32.735989604432746,32.71615659453361,30.294241356721614,True,True,False,finite_frozen_pool_with_exact_once_trip_rows; no new CG certificate,6,55,4,1,1,0,/home/nc437/ladder-lite/spatial_tariff_expansion_20260925/results/loc_spatial_PARX_x0p25/fresh_cg/job499008_r1/out/summary.json,1957569efbbe590644eb1ad3d9c73f8b00ae8b876fbff97d9a55bae2e915c145,/home/nc437/ladder-lite/spatial_tariff_expansion_20260925/results/loc_spatial_PARX_x0p25/fixed_duty/job499065_r0/out/summary.json,73150b8b3dfda077a02d1af024a935fcbe82573e0ea04f2d0a4797ab4621571c,/home/nc437/ladder-lite/spatial_tariff_expansion_20260925/results/loc_spatial_PARX_x0p25/fresh_cg/job499008_r1/out/summary.json,1957569efbbe590644eb1ad3d9c73f8b00ae8b876fbff97d9a55bae2e915c145,/home/nc437/ladder-lite/spatial_tariff_expansion_20260925/results/loc_spatial_PARX_x0p25/cleanup/job498933_r0/out/summary.json,1148b354fdbc847c20642b447bde6373a5a5d31180711e1b220d3ad2156e633f,/home/nc437/ladder-lite/spatial_tariff_expansion_20260925/post_records/loc_spatial_PARX_x0p25/job498933_r0.json,dce5d449cba157a00b62f92f1ad19340ee0c5b91aaa16b1fc901f7ea37046261
expansion,loc_spatial_PARX_x2p00,15,local18E2,4a8b497e668be9962bca5906a8b69116fa634882,59f6a937b4299a53574375c3f7f822227bf7a93b9bd221642c1f47ebdf81aa40,85732e6e87c414da05e62821a58162141467ae5d3470fbcbf694449388db42d5,397.91849548,5,True,pricing_certified,5358.861235010991,500120.2788588574,4.999999999999998,selected,OPTIMAL,5,5.0,TIME_LIMIT,155.49600000001374,121.18731772599176,OPTIMAL,5,5.0,OPTIMAL,125.487999999983,125.487999999983,114.14844686516153,True,finite_frozen_pool_with_exact_once_trip_rows; no new CG certificate,cleanup,finished,498934,pure fresh CG,False,,,,,,,OPTIMAL,5,TIME_LIMIT,155.49600000001374,121.18731772599176,0,True,OPTIMAL,5,5.0,OPTIMAL,130.19999999998254,130.19999999998254,118.79100686513993,True,True,False,finite_frozen_pool_with_exact_once_trip_rows; no new CG certificate,12,328,5,2,2,0,/home/nc437/ladder-lite/spatial_tariff_expansion_20260925/results/loc_spatial_PARX_x2p00/fresh_cg/job499009_r2/out/summary.json,137ae4a7dab4bb3f3a670c69dd7da5a39d5ae77b61972eb0d281a55b6f2d493b,/home/nc437/ladder-lite/spatial_tariff_expansion_20260925/results/loc_spatial_PARX_x2p00/fixed_duty/job499066_r0/out/summary.json,43521c4d3c7c32e09a9c4e33db387c4c73f12fe7b17e7d72cddbf34a1ffdf85c,/home/nc437/ladder-lite/spatial_tariff_expansion_20260925/results/loc_spatial_PARX_x2p00/fresh_cg/job499009_r2/out/summary.json,137ae4a7dab4bb3f3a670c69dd7da5a39d5ae77b61972eb0d281a55b6f2d493b,/home/nc437/ladder-lite/spatial_tariff_expansion_20260925/results/loc_spatial_PARX_x2p00/cleanup/job498934_r0/out/summary.json,f305624a845dc96195415cca35eb78256dfb87f4a21567a43746b063ef680689,/home/nc437/ladder-lite/spatial_tariff_expansion_20260925/post_records/loc_spatial_PARX_x2p00/job498934_r0.json,14755e53a56199ff56d1cdb09001239823e82a78d4b9e672b4c44205ec9e0c64
expansion,r21b_flat,16,r21B,4a8b497e668be9962bca5906a8b69116fa634882,a9ac83b7bae4bbe658436578f1ffbae2bfcb3719461d011d8b3235656a7ceec6,59a9d3b7c1516b19b56267de7309cfe014a13f84b8b390738754a5f652f451f3,492.9951373,5,True,pricing_certified,2287.20450569503,500269.1846695142,5.000000000000008,selected,OPTIMAL,5,5.0,OPTIMAL,293.6319999999978,293.6319999999978,OPTIMAL,5,5.0,OPTIMAL,269.32792591560565,269.32792591560565,265.51673421439773,True,finite_frozen_pool_with_exact_once_trip_rows; no new CG certificate,cleanup,finished,498935,pure fresh CG,False,,,,,,,OPTIMAL,5,OPTIMAL,293.6319999999978,293.6319999999978,0,True,OPTIMAL,5,5.0,OPTIMAL,275.2799999999843,275.2799999999843,271.2971182639885,True,True,False,finite_frozen_pool_with_exact_once_trip_rows; no new CG certificate,3,12,3,0,0,0,/home/nc437/ladder-lite/spatial_tariff_expansion_20260925/results/r21b_flat/fresh_cg/job499038_r0/out/summary.json,d286be0eb977e68719ed60e8bdaec307385ab89cedc27af37b6ce5eb77edc8b4,/home/nc437/ladder-lite/spatial_tariff_expansion_20260925/results/r21b_flat/fixed_duty/job499067_r0/out/summary.json,336d4527a7b748850c9046b10d642f7a425a4384f825467721e7152640c126da,/home/nc437/ladder-lite/spatial_tariff_expansion_20260925/results/r21b_flat/fresh_cg/job499038_r0/out/summary.json,d286be0eb977e68719ed60e8bdaec307385ab89cedc27af37b6ce5eb77edc8b4,/home/nc437/ladder-lite/spatial_tariff_expansion_20260925/results/r21b_flat/cleanup/job498935_r0/out/summary.json,63b43a4494845093aa2312876d4a0dbdaceb2b37bc5d8c1a1a2f6b7fbf571ea6,/home/nc437/ladder-lite/spatial_tariff_expansion_20260925/post_records/r21b_flat/job498935_r0.json,337474eebbc8ac36658279765a3b4f0fb63ae547c7eb1ca8cca69e5bd1d2181b
expansion,r21b_duck,17,r21B,4a8b497e668be9962bca5906a8b69116fa634882,a9ac83b7bae4bbe658436578f1ffbae2bfcb3719461d011d8b3235656a7ceec6,eb8a4a5e0524fd3536ec2411e3628a14b0ea4b711aeed98a0066420b5e464e58,492.9951373,5,True,pricing_certified,2348.9210800416768,500146.3355348677,5.000000000000001,selected,OPTIMAL,5,5.0,OPTIMAL,151.90099999998347,151.90099999998347,OPTIMAL,5,5.0,TIME_LIMIT,147.92789637194085,147.87455083457485,145.2738747994008,True,finite_frozen_pool_with_exact_once_trip_rows; no new CG certificate,cleanup,finished,498936,pure fresh CG,False,,,,,,,OPTIMAL,5,OPTIMAL,151.90099999998347,151.90099999998347,0,True,OPTIMAL,5,5.0,TIME_LIMIT,147.72794256147887,147.58553487416435,145.01795070480148,True,True,False,finite_frozen_pool_with_exact_once_trip_rows; no new CG certificate,1,7,3,0,0,0,/home/nc437/ladder-lite/spatial_tariff_expansion_20260925/results/r21b_duck/fresh_cg/job499039_r0/out/summary.json,460f0420dc23a99a2b345c5d58dbb8eff5ac10e3bba0a9ee7ee9acba047fcdea,/home/nc437/ladder-lite/spatial_tariff_expansion_20260925/results/r21b_duck/fixed_duty/job499068_r0/out/summary.json,95dbdafa93d225cc445f71d1b96a6e78a22dadabede93b865a2c52ff3c186c4a,/home/nc437/ladder-lite/spatial_tariff_expansion_20260925/results/r21b_duck/fresh_cg/job499039_r0/out/summary.json,460f0420dc23a99a2b345c5d58dbb8eff5ac10e3bba0a9ee7ee9acba047fcdea,/home/nc437/ladder-lite/spatial_tariff_expansion_20260925/results/r21b_duck/cleanup/job498936_r0/out/summary.json,6d53d9821ba64fb48f0ce2d609f254ecf7d8c927d7813379cbabe65d1c04f8ae,/home/nc437/ladder-lite/spatial_tariff_expansion_20260925/post_records/r21b_duck/job498936_r0.json,9f292b22eb2295ffe06cfa9a8f545e7af8bfe01365a8e17a8226cdf61df39cd1
expansion,r21b_duck_solar_depot,18,r21B,4a8b497e668be9962bca5906a8b69116fa634882,a9ac83b7bae4bbe658436578f1ffbae2bfcb3719461d011d8b3235656a7ceec6,20f2eb0922fc8b536276d5671f10d211a58fb3c6c3468198f1d214d27bb48274,492.9951373,5,True,pricing_certified,1811.9821681994945,500145.5255348734,5.0,selected,OPTIMAL,5,5.0,OPTIMAL,162.96900000001187,162.96900000001187,OPTIMAL,5,5.0,TIME_LIMIT,146.0679567550153,145.92553487416433,143.2156507698237,True,finite_frozen_pool_with_exact_once_trip_rows; no new CG certificate,cleanup,finished,498937,pure fresh CG,False,,,,,,,OPTIMAL,5,OPTIMAL,162.96900000001187,162.96900000001187,0,True,OPTIMAL,5,5.0,TIME_LIMIT,148.2029556577986,148.06053487417125,145.41815068479627,True,True,False,finite_frozen_pool_with_exact_once_trip_rows; no new CG certificate,3,16,3,0,0,0,/home/nc437/ladder-lite/spatial_tariff_expansion_20260925/results/r21b_duck_solar_depot/fresh_cg/job499040_r0/out/summary.json,c3a33542a18d0101035663ff97e58be6cc1e75acee4ad4f2b610c234fe910204,/home/nc437/ladder-lite/spatial_tariff_expansion_20260925/results/r21b_duck_solar_depot/fixed_duty/job499069_r0/out/summary.json,88c70624ea75bd1e5d29c429ced0172d098019a002f84fb1dce238a07d9ec6d4,/home/nc437/ladder-lite/spatial_tariff_expansion_20260925/results/r21b_duck_solar_depot/fresh_cg/job499040_r0/out/summary.json,c3a33542a18d0101035663ff97e58be6cc1e75acee4ad4f2b610c234fe910204,/home/nc437/ladder-lite/spatial_tariff_expansion_20260925/results/r21b_duck_solar_depot/cleanup/job498937_r0/out/summary.json,9fc8207bc1171407824e9e06bde4cd6f30ebac61f5b8dd8cbdb6713efa71ba20,/home/nc437/ladder-lite/spatial_tariff_expansion_20260925/post_records/r21b_duck_solar_depot/job498937_r0.json,ab7141b959e87d4a2e185b979f792078d2a08c20da8e7d55b9863111bf6d02a7
expansion,r21b_spatial_2190L_x0p50,19,r21B,4a8b497e668be9962bca5906a8b69116fa634882,a9ac83b7bae4bbe658436578f1ffbae2bfcb3719461d011d8b3235656a7ceec6,8e9d4b8c749e426086bb1843e39f83e35e37c67bd7a3fc5b300b2ba1fc800c6c,492.9951373,5,True,pricing_certified,2605.8795527350157,500134.5923347367,5.000000000000002,selected,OPTIMAL,5,5.0,OPTIMAL,139.25200000000768,139.25200000000768,OPTIMAL,5,5.0,OPTIMAL,137.01999999997497,137.01999999997497,135.06129508239974,True,finite_frozen_pool_with_exact_once_trip_rows; no new CG certificate,cleanup,finished,498938,pure fresh CG,False,,,,,,,OPTIMAL,5,OPTIMAL,139.25200000000768,139.25200000000768,0,True,OPTIMAL,5,5.0,OPTIMAL,139.00400000000081,139.00400000000081,136.89302305760793,True,True,False,finite_frozen_pool_with_exact_once_trip_rows; no new CG certificate,1,7,3,0,0,0,/home/nc437/ladder-lite/spatial_tariff_expansion_20260925/results/r21b_spatial_2190L_x0p50/fresh_cg/job499041_r0/out/summary.json,fcd2c8c7ca2f6f85836af0755d61f50d2e33336438a40344cb96fd786bcf93f0,/home/nc437/ladder-lite/spatial_tariff_expansion_20260925/results/r21b_spatial_2190L_x0p50/fixed_duty/job499070_r0/out/summary.json,e59e30e44c78e11746dc34308a57d46c7204237794bc88a1d372521b3d4bf2eb,/home/nc437/ladder-lite/spatial_tariff_expansion_20260925/results/r21b_spatial_2190L_x0p50/fresh_cg/job499041_r0/out/summary.json,fcd2c8c7ca2f6f85836af0755d61f50d2e33336438a40344cb96fd786bcf93f0,/home/nc437/ladder-lite/spatial_tariff_expansion_20260925/results/r21b_spatial_2190L_x0p50/cleanup/job498938_r0/out/summary.json,72456ddc5b4a1ff6e2110dd670800783c592302279644f61e8f1b07b300000af,/home/nc437/ladder-lite/spatial_tariff_expansion_20260925/post_records/r21b_spatial_2190L_x0p50/job498938_r0.json,dc9266527f905fdf7e2f29ea0283611f667e28c5ead4c2db3b5669c87db530bb
expansion,r21b_spatial_4808_x0p50,20,r21B,4a8b497e668be9962bca5906a8b69116fa634882,a9ac83b7bae4bbe658436578f1ffbae2bfcb3719461d011d8b3235656a7ceec6,c609a95a94049ee111f99b94393a5876fff4897886aa5292aac6670af4dd73c2,492.9951373,5,True,pricing_certified,1465.384341168683,500163.6847188093,5.000000000000003,selected,OPTIMAL,5,5.0,OPTIMAL,176.45200000000477,176.45200000000477,OPTIMAL,5,5.0,OPTIMAL,168.8880000000063,168.8880000000063,166.92929508240195,True,finite_frozen_pool_with_exact_once_trip_rows; no new CG certificate,cleanup,finished,498939,pure fresh CG,False,,,,,,,OPTIMAL,5,OPTIMAL,176.45200000000477,176.45200000000477,0,True,OPTIMAL,5,5.0,OPTIMAL,166.4079999999958,166.4079999999958,164.34017508239776,True,True,False,finite_frozen_pool_with_exact_once_trip_rows; no new CG certificate,3,12,3,0,0,0,/home/nc437/ladder-lite/spatial_tariff_expansion_20260925/results/r21b_spatial_4808_x0p50/fresh_cg/job499042_r0/out/summary.json,01aac8ad6d6f039cf99a713767f4fd08a1584578fb23ebf6bca62ad2eaab2129,/home/nc437/ladder-lite/spatial_tariff_expansion_20260925/results/r21b_spatial_4808_x0p50/fixed_duty/job499071_r0/out/summary.json,226c6c47705eaac79cc939bc8f3d5314cea7d75b2049673ad2f7ca98ca5c6d4f,/home/nc437/ladder-lite/spatial_tariff_expansion_20260925/results/r21b_spatial_4808_x0p50/fresh_cg/job499042_r0/out/summary.json,01aac8ad6d6f039cf99a713767f4fd08a1584578fb23ebf6bca62ad2eaab2129,/home/nc437/ladder-lite/spatial_tariff_expansion_20260925/results/r21b_spatial_4808_x0p50/cleanup/job498939_r0/out/summary.json,3c19996c3e5bf066b6c404dcf0ea8d1adbe810f9bb670711351f2e6021ad92b7,/home/nc437/ladder-lite/spatial_tariff_expansion_20260925/post_records/r21b_spatial_4808_x0p50/job498939_r0.json,787d438c0aff278f63b7aba836edef3ea04f1521053fab4b68c5833424bb3626
expansion,r21b_spatial_PARX_x0p50,21,r21B,4a8b497e668be9962bca5906a8b69116fa634882,a9ac83b7bae4bbe658436578f1ffbae2bfcb3719461d011d8b3235656a7ceec6,12a0d3a6a6db684dc156da55776c64fbfb30acfda22a97f82147f87450019886,492.9951373,5,True,pricing_certified,2088.5384429879487,500233.4277367514,5.000000000000004,selected,OPTIMAL,5,5.0,OPTIMAL,233.49199999999837,233.49199999999837,OPTIMAL,5,5.0,OPTIMAL,245.271999088662,245.271999088662,241.36153421440395,True,finite_frozen_pool_with_exact_once_trip_rows; no new CG certificate,cleanup,finished,498940,pure fresh CG,False,,,,,,,OPTIMAL,5,OPTIMAL,233.49199999999837,233.49199999999837,0,True,OPTIMAL,5,5.0,OPTIMAL,233.49197098478066,233.49197098478066,229.56764636319713,True,True,False,finite_frozen_pool_with_exact_once_trip_rows; no new CG certificate,0,5,3,0,0,0,/home/nc437/ladder-lite/spatial_tariff_expansion_20260925/results/r21b_spatial_PARX_x0p50/fresh_cg/job499043_r0/out/summary.json,47ec860e0781c2c2c8b480844dc0766479dd94a9103d9a0f46ed99782eabb8cc,/home/nc437/ladder-lite/spatial_tariff_expansion_20260925/results/r21b_spatial_PARX_x0p50/fixed_duty/job499072_r0/out/summary.json,f939d784084ed5bb34497bae69fef58462e84c27048df0813127a98d8b4fe071,/home/nc437/ladder-lite/spatial_tariff_expansion_20260925/results/r21b_spatial_PARX_x0p50/fresh_cg/job499043_r0/out/summary.json,47ec860e0781c2c2c8b480844dc0766479dd94a9103d9a0f46ed99782eabb8cc,/home/nc437/ladder-lite/spatial_tariff_expansion_20260925/results/r21b_spatial_PARX_x0p50/cleanup/job498940_r0/out/summary.json,f73281504649bf989c8284ed39a03ea1ec59720962eee716bfccc7749de343ad,/home/nc437/ladder-lite/spatial_tariff_expansion_20260925/post_records/r21b_spatial_PARX_x0p50/job498940_r0.json,093abe3adfa36e426c10903ccf643fe91f6b134871c7a4ddc14f99b69996334f
expansion,r21b_spatial_2190L_x2p00,22,r21B,4a8b497e668be9962bca5906a8b69116fa634882,a9ac83b7bae4bbe658436578f1ffbae2bfcb3719461d011d8b3235656a7ceec6,71d545064b64443c969c59e8ce7631782e86ff92df53b3517d2db417afe1861f,492.9951373,5,True,pricing_certified,1643.3195594009012,500327.369437618,5.000000000000004,selected,OPTIMAL,5,5.0,OPTIMAL,345.711999999985,345.711999999985,OPTIMAL,5,5.0,OPTIMAL,335.2960000000021,335.2960000000021,330.7437101647811,True,finite_frozen_pool_with_exact_once_trip_rows; no new CG certificate,cleanup,finished,498941,pure fresh CG,False,,,,,,,OPTIMAL,5,OPTIMAL,345.711999999985,345.711999999985,0,True,OPTIMAL,5,5.0,OPTIMAL,332.8159999999916,332.8159999999916,328.26371016481426,True,True,False,finite_frozen_pool_with_exact_once_trip_rows; no new CG certificate,2,9,3,0,0,0,/home/nc437/ladder-lite/spatial_tariff_expansion_20260925/results/r21b_spatial_2190L_x2p00/fresh_cg/job499044_r0/out/summary.json,f834502518e4fe21f4f5fac8d40da22a4c6f2296c47846961046f2fb1ee5620b,/home/nc437/ladder-lite/spatial_tariff_expansion_20260925/results/r21b_spatial_2190L_x2p00/fixed_duty/job499073_r0/out/summary.json,e26ef12b14ce76b97ddb724d4f0a8c791a11a2be689790a6dc224ff39bf70d4c,/home/nc437/ladder-lite/spatial_tariff_expansion_20260925/results/r21b_spatial_2190L_x2p00/fresh_cg/job499044_r0/out/summary.json,f834502518e4fe21f4f5fac8d40da22a4c6f2296c47846961046f2fb1ee5620b,/home/nc437/ladder-lite/spatial_tariff_expansion_20260925/results/r21b_spatial_2190L_x2p00/cleanup/job498941_r0/out/summary.json,3355e1ebb8cf1a5360a955c9558a1dd7a4415cc3ff79950612a1a09ff46d6da7,/home/nc437/ladder-lite/spatial_tariff_expansion_20260925/post_records/r21b_spatial_2190L_x2p00/job498941_r0.json,525035bacbd28e86a3ca5b7d89d9d93b86020bab35fb3619ad67c9bfd812ee0d
expansion,r21b_duck_spatial_parx_x0p50,23,r21B,4a8b497e668be9962bca5906a8b69116fa634882,a9ac83b7bae4bbe658436578f1ffbae2bfcb3719461d011d8b3235656a7ceec6,94ec8937698132342e8af194048cf7d02c33380de4d2787e8a619c3cfdda7cd9,492.9951373,5,True,pricing_certified,2177.007117904257,500123.54183522915,5.000000000000002,selected,OPTIMAL,5,5.0,OPTIMAL,124.8234999999986,124.8234999999986,OPTIMAL,5,5.0,OPTIMAL,129.52000000000407,129.52000000000407,126.9506188390078,True,finite_frozen_pool_with_exact_once_trip_rows; no new CG certificate,cleanup,finished,498942,pure fresh CG,False,,,,,,,OPTIMAL,5,OPTIMAL,124.8234999999986,124.8234999999986,0,True,OPTIMAL,5,5.0,OPTIMAL,124.82349999998405,124.82349999998405,122.31689687570906,True,True,False,finite_frozen_pool_with_exact_once_trip_rows; no new CG certificate,0,5,3,0,0,0,/home/nc437/ladder-lite/spatial_tariff_expansion_20260925/results/r21b_duck_spatial_parx_x0p50/fresh_cg/job499045_r0/out/summary.json,9a914131a1884a94af6fe62060c079ea58832fc49cd7b138a4b90720c5a858a6,/home/nc437/ladder-lite/spatial_tariff_expansion_20260925/results/r21b_duck_spatial_parx_x0p50/fixed_duty/job499074_r0/out/summary.json,a36ef3f32a0f64c02ca58698594b92c34e52cb5ae7a1c81afdb2b038a80e03b9,/home/nc437/ladder-lite/spatial_tariff_expansion_20260925/results/r21b_duck_spatial_parx_x0p50/fresh_cg/job499045_r0/out/summary.json,9a914131a1884a94af6fe62060c079ea58832fc49cd7b138a4b90720c5a858a6,/home/nc437/ladder-lite/spatial_tariff_expansion_20260925/results/r21b_duck_spatial_parx_x0p50/cleanup/job498942_r0/out/summary.json,6e2e694b415a44ce4a5d79cd0eaec74dae96b3f647dcb479824fe9d2d5a48a82,/home/nc437/ladder-lite/spatial_tariff_expansion_20260925/post_records/r21b_duck_spatial_parx_x0p50/job498942_r0.json,fbafddc0e6a7e90cf0364d9d8e39de83ebcda6d29119e9599a88a7db09c742b8
expansion,r21c_flat,24,r21C,4a8b497e668be9962bca5906a8b69116fa634882,0306c0a84dc8b541c9f052c9d188cd578874d3d41d7df397dacf5c618c1ccf5a,59a9d3b7c1516b19b56267de7309cfe014a13f84b8b390738754a5f652f451f3,327.6350919,5,True,pricing_certified,1382.1168528590351,500223.02095300256,4.999999999999995,selected,OPTIMAL,5,5.0,OPTIMAL,282.7199999999866,282.7199999999866,OPTIMAL,5,5.0,OPTIMAL,223.19999999998254,223.19999999998254,219.7041904127982,True,finite_frozen_pool_with_exact_once_trip_rows; no new CG certificate,cleanup,finished,498943,pure fresh CG,False,,,,,,,OPTIMAL,5,OPTIMAL,282.7199999999866,282.7199999999866,0,True,OPTIMAL,5,5.0,TIME_LIMIT,223.19992365558036,223.02095301729727,219.7041904127982,True,True,False,finite_frozen_pool_with_exact_once_trip_rows; no new CG certificate,11,148,3,0,0,0,/home/nc437/ladder-lite/spatial_tariff_expansion_20260925/results/r21c_flat/fresh_cg/job499046_r0/out/summary.json,e0067cd2e29b67223d619ce2219292168aa353a9a3212f723ee3ed0bcc422300,/home/nc437/ladder-lite/spatial_tariff_expansion_20260925/results/r21c_flat/fixed_duty/job499075_r0/out/summary.json,4c49dc3af658d773910ff2d3806498b469162669c963be767a720b2196b278b8,/home/nc437/ladder-lite/spatial_tariff_expansion_20260925/results/r21c_flat/fresh_cg/job499046_r0/out/summary.json,e0067cd2e29b67223d619ce2219292168aa353a9a3212f723ee3ed0bcc422300,/home/nc437/ladder-lite/spatial_tariff_expansion_20260925/results/r21c_flat/cleanup/job498943_r0/out/summary.json,b94a6faa6833165e826ddfc135c41902d452c345adb7d302264da5744df34e8e,/home/nc437/ladder-lite/spatial_tariff_expansion_20260925/post_records/r21c_flat/job498943_r0.json,f68bac55dcd4b2283750c5dec8d2753f78ad8d93533afd4660c66403faa97f67
expansion,r21c_duck,25,r21C,4a8b497e668be9962bca5906a8b69116fa634882,0306c0a84dc8b541c9f052c9d188cd578874d3d41d7df397dacf5c618c1ccf5a,eb8a4a5e0524fd3536ec2411e3628a14b0ea4b711aeed98a0066420b5e464e58,327.6350919,5,True,pricing_certified,1423.190144580003,500098.6653845317,5.0,selected,OPTIMAL,5,5.0,OPTIMAL,98.98333333332266,98.98333333332266,OPTIMAL,5,5.0,OPTIMAL,104.91663691292507,104.91663691292507,102.9820417490555,True,finite_frozen_pool_with_exact_once_trip_rows; no new CG certificate,cleanup,finished,498944,pure fresh CG,False,,,,,,,OPTIMAL,5,OPTIMAL,98.98333333332266,98.98333333332266,0,True,OPTIMAL,5,5.0,TIME_LIMIT,98.98320074447695,98.90136857247444,96.91104033154261,True,True,False,finite_frozen_pool_with_exact_once_trip_rows; no new CG certificate,0,5,4,1,1,0,/home/nc437/ladder-lite/spatial_tariff_expansion_20260925/results/r21c_duck/fresh_cg/job499047_r1/out/summary.json,2d53e5e1f79876c4432fbb25283228f300b39f7d6614faf246c336ad17bd8e9c,/home/nc437/ladder-lite/spatial_tariff_expansion_20260925/results/r21c_duck/fixed_duty/job499076_r0/out/summary.json,1df20115a98e725bdc5d494146ac257e65bf687ecad2607c41d3a67b0d3c9de9,/home/nc437/ladder-lite/spatial_tariff_expansion_20260925/results/r21c_duck/fresh_cg/job499047_r1/out/summary.json,2d53e5e1f79876c4432fbb25283228f300b39f7d6614faf246c336ad17bd8e9c,/home/nc437/ladder-lite/spatial_tariff_expansion_20260925/results/r21c_duck/cleanup/job498944_r0/out/summary.json,63c670a6720f0543d4cdcf13b81bd92189f651b8c6911309f5d773d9f6ae04de,/home/nc437/ladder-lite/spatial_tariff_expansion_20260925/post_records/r21c_duck/job498944_r0.json,d8270f347e6263efe807caeee393946a652b300094203db9cf6c7a93201e57d7
expansion,r21c_duck_solar_depot,26,r21C,4a8b497e668be9962bca5906a8b69116fa634882,0306c0a84dc8b541c9f052c9d188cd578874d3d41d7df397dacf5c618c1ccf5a,20f2eb0922fc8b536276d5671f10d211a58fb3c6c3468198f1d214d27bb48274,327.6350919,5,True,pricing_certified,1242.7969065220095,500093.2607178633,5.000000000000001,selected,OPTIMAL,5,5.0,OPTIMAL,97.16966666666849,97.16966666666849,OPTIMAL,5,5.0,OPTIMAL,104.91663691292507,104.91663691292507,102.9820417490555,True,finite_frozen_pool_with_exact_once_trip_rows; no new CG certificate,cleanup,finished,498945,pure fresh CG,False,,,,,,,OPTIMAL,5,OPTIMAL,97.16966666666849,97.16966666666849,0,True,OPTIMAL,5,5.0,TIME_LIMIT,93.72862281264425,93.58571786596534,91.35662165404938,True,True,False,finite_frozen_pool_with_exact_once_trip_rows; no new CG certificate,2,8,4,1,1,0,/home/nc437/ladder-lite/spatial_tariff_expansion_20260925/results/r21c_duck_solar_depot/fresh_cg/job499048_r1/out/summary.json,69f5ce22f779d509a530198ba2d6f33dcad41d77063ad3ef6be169f70a01b074,/home/nc437/ladder-lite/spatial_tariff_expansion_20260925/results/r21c_duck_solar_depot/fixed_duty/job499077_r0/out/summary.json,248b8c2ee3d5e877f6f589f12e70a02b1c7ada90ffbc2a400d24d11149f92633,/home/nc437/ladder-lite/spatial_tariff_expansion_20260925/results/r21c_duck_solar_depot/fresh_cg/job499048_r1/out/summary.json,69f5ce22f779d509a530198ba2d6f33dcad41d77063ad3ef6be169f70a01b074,/home/nc437/ladder-lite/spatial_tariff_expansion_20260925/results/r21c_duck_solar_depot/cleanup/job498945_r0/out/summary.json,6b31c08c79212af17a3f801b1725c9cad2436fcd0e64b6380c7eaae70df102cd,/home/nc437/ladder-lite/spatial_tariff_expansion_20260925/post_records/r21c_duck_solar_depot/job498945_r0.json,ac3ed888331f1d75f6edc55195e95562ad20a5d34f72639e8d106145621d48ad
expansion,r21c_spatial_2190L_x0p50,27,r21C,4a8b497e668be9962bca5906a8b69116fa634882,0306c0a84dc8b541c9f052c9d188cd578874d3d41d7df397dacf5c618c1ccf5a,8e9d4b8c749e426086bb1843e39f83e35e37c67bd7a3fc5b300b2ba1fc800c6c,327.6350919,5,True,pricing_certified,1129.3191978549585,500111.51047650527,5.0000000000000275,selected,OPTIMAL,5,5.0,OPTIMAL,161.07600000000093,161.07600000000093,OPTIMAL,5,5.0,OPTIMAL,111.59999999999127,111.59999999999127,109.85209520641365,True,finite_frozen_pool_with_exact_once_trip_rows; no new CG certificate,cleanup,finished,498946,pure fresh CG,False,,,,,,,OPTIMAL,5,OPTIMAL,161.07600000000093,161.07600000000093,0,True,OPTIMAL,5,5.0,TIME_LIMIT,126.47994184712508,126.39047650865325,124.35116710720467,True,True,False,finite_frozen_pool_with_exact_once_trip_rows; no new CG certificate,7,36,3,0,0,0,/home/nc437/ladder-lite/spatial_tariff_expansion_20260925/results/r21c_spatial_2190L_x0p50/fresh_cg/job499049_r0/out/summary.json,b60ca98c586ed7a7a80cc803f247b02a2a90b782c062647604c74356f6e1d98d,/home/nc437/ladder-lite/spatial_tariff_expansion_20260925/results/r21c_spatial_2190L_x0p50/fixed_duty/job499078_r0/out/summary.json,f69ee251e41037c3556c56b4e56765113af4140de3b30aeef9bc56c71d2f16fc,/home/nc437/ladder-lite/spatial_tariff_expansion_20260925/results/r21c_spatial_2190L_x0p50/fresh_cg/job499049_r0/out/summary.json,b60ca98c586ed7a7a80cc803f247b02a2a90b782c062647604c74356f6e1d98d,/home/nc437/ladder-lite/spatial_tariff_expansion_20260925/results/r21c_spatial_2190L_x0p50/cleanup/job498946_r0/out/summary.json,8e2b22695a8603406e4447bdfc5cae80f925c9b28f1882d5f1081b0577ba677c,/home/nc437/ladder-lite/spatial_tariff_expansion_20260925/post_records/r21c_spatial_2190L_x0p50/job498946_r0.json,48354fa9d44e5eaa8987bb89202c076719aab2c9cced071b8801ec123b360bbb
expansion,r21c_spatial_4808_x0p50,28,r21C,4a8b497e668be9962bca5906a8b69116fa634882,0306c0a84dc8b541c9f052c9d188cd578874d3d41d7df397dacf5c618c1ccf5a,c609a95a94049ee111f99b94393a5876fff4897886aa5292aac6670af4dd73c2,327.6350919,5,True,pricing_certified,774.2816623660037,500123.24236447754,5.0000000000000115,selected,OPTIMAL,5,5.0,OPTIMAL,126.60400000000664,126.60400000000664,OPTIMAL,5,5.0,OPTIMAL,138.6319999999978,138.6319999999978,136.80771115679818,True,finite_frozen_pool_with_exact_once_trip_rows; no new CG certificate,cleanup,finished,498947,pure fresh CG,False,,,,,,,OPTIMAL,5,OPTIMAL,126.60400000000664,126.60400000000664,0,True,OPTIMAL,5,5.0,OPTIMAL,123.3799999999901,123.3799999999901,121.31316723120108,True,True,False,finite_frozen_pool_with_exact_once_trip_rows; no new CG certificate,1,7,3,0,0,0,/home/nc437/ladder-lite/spatial_tariff_expansion_20260925/results/r21c_spatial_4808_x0p50/fresh_cg/job499050_r0/out/summary.json,7f97bc8999cd50e5987f7174d2f71dcc1d98e36b9d416dc10668d15f6ce99ca3,/home/nc437/ladder-lite/spatial_tariff_expansion_20260925/results/r21c_spatial_4808_x0p50/fixed_duty/job499079_r0/out/summary.json,fdb89712e810d4a740e735f8a0e9f6d14d73cb45effd696f6389b72ef9955060,/home/nc437/ladder-lite/spatial_tariff_expansion_20260925/results/r21c_spatial_4808_x0p50/fresh_cg/job499050_r0/out/summary.json,7f97bc8999cd50e5987f7174d2f71dcc1d98e36b9d416dc10668d15f6ce99ca3,/home/nc437/ladder-lite/spatial_tariff_expansion_20260925/results/r21c_spatial_4808_x0p50/cleanup/job498947_r0/out/summary.json,34f626b82002df60a022bf5078738c6c20e3e81926aa5189720acb9131b8d291,/home/nc437/ladder-lite/spatial_tariff_expansion_20260925/post_records/r21c_spatial_4808_x0p50/job498947_r0.json,52bb331cc49e584f0d86b65920f207a49342896b7349eec85263e605b7c2e169
expansion,r21c_spatial_PARX_x0p50,29,r21C,4a8b497e668be9962bca5906a8b69116fa634882,0306c0a84dc8b541c9f052c9d188cd578874d3d41d7df397dacf5c618c1ccf5a,12a0d3a6a6db684dc156da55776c64fbfb30acfda22a97f82147f87450019886,327.6350919,5,True,pricing_certified,893.6671649779892,500162.564936332,5.0,selected,OPTIMAL,5,5.0,OPTIMAL,170.8719683284032,170.8719683284032,OPTIMAL,5,5.0,OPTIMAL,207.20399999998335,207.20399999998335,203.66156636319647,True,finite_frozen_pool_with_exact_once_trip_rows; no new CG certificate,cleanup,finished,498948,pure fresh CG,False,,,,,,,OPTIMAL,5,OPTIMAL,170.8719683284032,170.8719683284032,0,True,OPTIMAL,5,5.0,TIME_LIMIT,165.91195129810654,165.82831873733014,161.8532307847927,True,True,False,finite_frozen_pool_with_exact_once_trip_rows; no new CG certificate,2,11,3,0,0,0,/home/nc437/ladder-lite/spatial_tariff_expansion_20260925/results/r21c_spatial_PARX_x0p50/fresh_cg/job499211_r0/out/summary.json,2013336cd82cd2c3f91f9610b5ca7913d663dc190d0b16c6e071d1927dd6c210,/home/nc437/ladder-lite/spatial_tariff_expansion_20260925/results/r21c_spatial_PARX_x0p50/fixed_duty/job499080_r0/out/summary.json,8bdb75bea8432322a33908f872e9186da09dbd9514643cf51267116d48b33e7d,/home/nc437/ladder-lite/spatial_tariff_expansion_20260925/results/r21c_spatial_PARX_x0p50/fresh_cg/job499211_r0/out/summary.json,2013336cd82cd2c3f91f9610b5ca7913d663dc190d0b16c6e071d1927dd6c210,/home/nc437/ladder-lite/spatial_tariff_expansion_20260925/results/r21c_spatial_PARX_x0p50/cleanup/job498948_r0/out/summary.json,20a1e2b4f4e9b32bc5031e316ab3ee3bff1ad9e7a490223f37befa48b60dcc6f,/home/nc437/ladder-lite/spatial_tariff_expansion_20260925/post_records/r21c_spatial_PARX_x0p50/job498948_r0.json,47405e2e75234b740814f2eb6f3d0036680414a5d5f5507b95ee96b68002664c
expansion,r21c_spatial_4808_x2p00,30,r21C,4a8b497e668be9962bca5906a8b69116fa634882,0306c0a84dc8b541c9f052c9d188cd578874d3d41d7df397dacf5c618c1ccf5a,2a75f2e96639b55fe194fade4e9eb7ada53cd6822d5a01db0749c47d068ab3b1,327.6350919,5,True,pricing_certified,975.9076747829968,500223.02095301345,4.999999999999999,selected,OPTIMAL,5,5.0,OPTIMAL,337.27999999999884,337.27999999999884,OPTIMAL,5,5.0,OPTIMAL,223.19993372419069,223.19993372419069,219.7041904127982,True,finite_frozen_pool_with_exact_once_trip_rows; no new CG certificate,cleanup,finished,498949,pure fresh CG,False,,,,,,,OPTIMAL,5,OPTIMAL,337.27999999999884,337.27999999999884,0,True,OPTIMAL,5,5.0,TIME_LIMIT,229.895848976709,229.71695301728647,226.02918231359217,True,True,False,finite_frozen_pool_with_exact_once_trip_rows; no new CG certificate,9,62,3,0,0,0,/home/nc437/ladder-lite/spatial_tariff_expansion_20260925/results/r21c_spatial_4808_x2p00/fresh_cg/job499212_r0/out/summary.json,f6fed021378069d7e917b97cda9e868ebe5d97a74f3a6f93a7d9e05edd1971a3,/home/nc437/ladder-lite/spatial_tariff_expansion_20260925/results/r21c_spatial_4808_x2p00/fixed_duty/job499081_r0/out/summary.json,730dc96630793065933a1a752829b69e0d1d804134c0a3f07e04f631080e7c9d,/home/nc437/ladder-lite/spatial_tariff_expansion_20260925/results/r21c_spatial_4808_x2p00/fresh_cg/job499212_r0/out/summary.json,f6fed021378069d7e917b97cda9e868ebe5d97a74f3a6f93a7d9e05edd1971a3,/home/nc437/ladder-lite/spatial_tariff_expansion_20260925/results/r21c_spatial_4808_x2p00/cleanup/job498949_r0/out/summary.json,3831366d30620137a88724baac1041ccb119b1bc204e1a993f30b8751f3e8ffa,/home/nc437/ladder-lite/spatial_tariff_expansion_20260925/post_records/r21c_spatial_4808_x2p00/job498949_r0.json,e1ab29064383f81cd1195581a334284804753736d5376644e73bfa0e259cd58f
expansion,r21c_duck_spatial_parx_x0p50,31,r21C,4a8b497e668be9962bca5906a8b69116fa634882,0306c0a84dc8b541c9f052c9d188cd578874d3d41d7df397dacf5c618c1ccf5a,94ec8937698132342e8af194048cf7d02c33380de4d2787e8a619c3cfdda7cd9,327.6350919,5,True,pricing_certified,941.211595914996,500082.8596729713,5.0,selected,OPTIMAL,5,5.0,OPTIMAL,92.19716619400045,92.19716619400045,OPTIMAL,5,5.0,OPTIMAL,97.40333333333547,97.40333333333547,95.63304851473367,True,finite_frozen_pool_with_exact_once_trip_rows; no new CG certificate,cleanup,finished,498950,pure fresh CG,False,,,,,,,OPTIMAL,5,OPTIMAL,92.19716619400045,92.19716619400045,0,True,OPTIMAL,5,5.0,OPTIMAL,86.81949999999779,86.81949999999779,84.79952704219613,True,True,False,finite_frozen_pool_with_exact_once_trip_rows; no new CG certificate,2,10,3,0,0,0,/home/nc437/ladder-lite/spatial_tariff_expansion_20260925/results/r21c_duck_spatial_parx_x0p50/fresh_cg/job498916_r0/out/summary.json,c2dc32f87089f28e0b5c936e85ea8677027c63db203ffaac5d95ca220273643d,/home/nc437/ladder-lite/spatial_tariff_expansion_20260925/results/r21c_duck_spatial_parx_x0p50/fixed_duty/job499082_r0/out/summary.json,3429391fbd7f1705007fc9b843755aa16d31fc3580e7de7477b6a710ca191388,/home/nc437/ladder-lite/spatial_tariff_expansion_20260925/results/r21c_duck_spatial_parx_x0p50/fresh_cg/job498916_r0/out/summary.json,c2dc32f87089f28e0b5c936e85ea8677027c63db203ffaac5d95ca220273643d,/home/nc437/ladder-lite/spatial_tariff_expansion_20260925/results/r21c_duck_spatial_parx_x0p50/cleanup/job498950_r0/out/summary.json,d85abbefc4818c3e475a16c346eab18899ccbb01de4bb6123f617faea2e0f705,/home/nc437/ladder-lite/spatial_tariff_expansion_20260925/post_records/r21c_duck_spatial_parx_x0p50/job498950_r0.json,7bee359d9191f9b5c53863435eaaec48f98fe1f303cfcbe82013016e31919b93
expansion,mix1_flat,32,mix1,4a8b497e668be9962bca5906a8b69116fa634882,cd318d00aed132f9a0d040a7b4fcf7efc724c008e11c5af1d438adbcf04531a5,59a9d3b7c1516b19b56267de7309cfe014a13f84b8b390738754a5f652f451f3,379.7984451,5,False,cg_time_limit,14402.846209181,,4.999999999999959,no_selection,TIME_LIMIT,,5.000000000000003,missing,,,OPTIMAL,5,5.0,TIME_LIMIT,213.52793587071898,213.45027127456206,205.30352475128893,True,finite_frozen_pool_with_exact_once_trip_rows; no new CG certificate,fallback_then_cleanup,finished,498951,fresh CG + GIRO fixed-duty frontier columns,True,154101,570,0,5,0,True,OPTIMAL,5,TIME_LIMIT,213.52794669380302,213.45027127457033,0,True,OPTIMAL,5,5.0,TIME_LIMIT,213.52793331232425,213.45027127456527,205.04491037312255,True,True,False,finite_frozen_pool_with_exact_once_trip_rows; no new CG certificate,0,5,5,1,1,0,/home/nc437/ladder-lite/spatial_tariff_expansion_20260925/results/mix1_flat/fresh_cg/job499010_r1/out/summary.json,ccbdb9e9b83932b7a9e38170dbd5c1b7c178806eff5e3d021eeae3b91bb8eabb,/home/nc437/ladder-lite/spatial_tariff_expansion_20260925/results/mix1_flat/fixed_duty/job499083_r0/out/summary.json,b5f79fc5e8a2e3ef917e29bbc7a046c9fc5e84bcb2effbf6cc78b7fdbaac945e,/home/nc437/ladder-lite/spatial_tariff_expansion_20260925/results/mix1_flat/fresh_cg/job498951_r0/out/summary.json,acd08c16077ba636ec87d3edc5c22998fc58a383aad4418129f1d0f4a052fb87,/home/nc437/ladder-lite/spatial_tariff_expansion_20260925/results/mix1_flat/cleanup/job498951_r0/out/summary.json,3f1c7f01e65599bb19d20f4aca4dc97a6e63156d4b9a46c8cdef49236905eb05,/home/nc437/ladder-lite/spatial_tariff_expansion_20260925/post_records/mix1_flat/job498951_r0.json,35949a84c02b49991ef7569f220e0b70274439e96b09ddc764c0d92b891b81f0
expansion,mix1_duck,33,mix1,4a8b497e668be9962bca5906a8b69116fa634882,cd318d00aed132f9a0d040a7b4fcf7efc724c008e11c5af1d438adbcf04531a5,eb8a4a5e0524fd3536ec2411e3628a14b0ea4b711aeed98a0066420b5e464e58,379.7984451,5,False,cg_time_limit,14400.643382515002,,4.999999999999995,no_selection,INFEASIBLE,,,missing,,,OPTIMAL,5,5.0,OPTIMAL,110.44466666667722,110.44466666667722,104.77981631540752,True,finite_frozen_pool_with_exact_once_trip_rows; no new CG certificate,fallback_then_cleanup,finished,498952,fresh CG + GIRO fixed-duty frontier columns,True,165051,586,4,1,0,False,OPTIMAL,5,OPTIMAL,106.05999999999767,106.05999999999767,0,True,OPTIMAL,5,5.0,OPTIMAL,90.35599999999977,90.35599999999977,85.91627922536281,True,True,False,finite_frozen_pool_with_exact_once_trip_rows; no new CG certificate,7,166,5,1,1,0,/home/nc437/ladder-lite/spatial_tariff_expansion_20260925/results/mix1_duck/fresh_cg/job499011_r1/out/summary.json,f3af51c75ed598136a217ea6e913f1cbbeaf7554501d674298a0951069f5c92a,/home/nc437/ladder-lite/spatial_tariff_expansion_20260925/results/mix1_duck/fixed_duty/job499084_r0/out/summary.json,83b2b46bf2fa95c4fdee464f481a717d8df7b02748adf9a3fde54d235b3d8b50,/home/nc437/ladder-lite/spatial_tariff_expansion_20260925/results/mix1_duck/fresh_cg/job498952_r0/out/summary.json,20225a036a50ca34e8b09644c38030131689b41f67c517a2d817c231c177892b,/home/nc437/ladder-lite/spatial_tariff_expansion_20260925/results/mix1_duck/cleanup/job498952_r0/out/summary.json,8b1b4aa888a35ea32f62f68bc42301a0767e513003367aefc810c954bbdce8ed,/home/nc437/ladder-lite/spatial_tariff_expansion_20260925/post_records/mix1_duck/job498952_r0.json,2d61322940d77b3fcff7f67bb0904e6b859d4cee6436f810f590981f1ff4e63f
expansion,mix1_duck_solar_depot,34,mix1,4a8b497e668be9962bca5906a8b69116fa634882,cd318d00aed132f9a0d040a7b4fcf7efc724c008e11c5af1d438adbcf04531a5,20f2eb0922fc8b536276d5671f10d211a58fb3c6c3468198f1d214d27bb48274,379.7984451,5,False,cg_time_limit,14401.089189779945,,4.999999999999974,no_selection,TIME_LIMIT,,5.000000000000025,missing,,,OPTIMAL,5,5.0,OPTIMAL,104.28899999998976,104.28899999998976,99.03141882589262,True,finite_frozen_pool_with_exact_once_trip_rows; no new CG certificate,fallback_then_cleanup,finished,498953,fresh CG + GIRO fixed-duty frontier columns,True,199486,637,5,0,0,False,OPTIMAL,5,OPTIMAL,54.02700000000186,54.02700000000186,0,True,OPTIMAL,5,5.0,OPTIMAL,47.661997923428345,47.661997923428345,44.93094861887221,True,True,False,finite_frozen_pool_with_exact_once_trip_rows; no new CG certificate,6,54,5,1,1,0,/home/nc437/ladder-lite/spatial_tariff_expansion_20260925/results/mix1_duck_solar_depot/fresh_cg/job499012_r1/out/summary.json,1a6614c2ef8bba76f837dc45a49a79f9c62478d22c6bdcf07d6de2f36f5fa705,/home/nc437/ladder-lite/spatial_tariff_expansion_20260925/results/mix1_duck_solar_depot/fixed_duty/job499085_r0/out/summary.json,55529bb7e702f81dd80bbf692c2696eadb89e18c382a74f031b7d0e88f5f04b1,/home/nc437/ladder-lite/spatial_tariff_expansion_20260925/results/mix1_duck_solar_depot/fresh_cg/job498953_r0/out/summary.json,f0302f14e50e72fd90d2bcb1e5141434120f6dc718acb6fedc3af1dd468527cc,/home/nc437/ladder-lite/spatial_tariff_expansion_20260925/results/mix1_duck_solar_depot/cleanup/job498953_r0/out/summary.json,7ac345f8423e3052a5bdf450b6b24e8d5a255cd98ae66757bf1800473cdfbc05,/home/nc437/ladder-lite/spatial_tariff_expansion_20260925/post_records/mix1_duck_solar_depot/job498953_r0.json,946fb7f8813637abf4589a84fe6fc7b6c9ce5876de0ccc293b74581d20f43805
expansion,mix1_spatial_2190L_x0p50,35,mix1,4a8b497e668be9962bca5906a8b69116fa634882,cd318d00aed132f9a0d040a7b4fcf7efc724c008e11c5af1d438adbcf04531a5,8e9d4b8c749e426086bb1843e39f83e35e37c67bd7a3fc5b300b2ba1fc800c6c,379.7984451,5,True,pricing_certified,5627.978254725982,500122.0195159027,4.999999999999992,selected,OPTIMAL,5,5.0,OPTIMAL,135.77999999999884,135.77999999999884,OPTIMAL,5,5.0,OPTIMAL,142.22799999998824,142.22799999998824,134.96030917289318,True,finite_frozen_pool_with_exact_once_trip_rows; no new CG certificate,cleanup,finished,498954,pure fresh CG,False,,,,,,,OPTIMAL,5,OPTIMAL,135.77999999999884,135.77999999999884,0,True,OPTIMAL,5,5.0,OPTIMAL,126.10799999997835,126.10799999997835,119.06519537846907,True,True,False,finite_frozen_pool_with_exact_once_trip_rows; no new CG certificate,4,35,3,0,0,0,/home/nc437/ladder-lite/spatial_tariff_expansion_20260925/results/mix1_spatial_2190L_x0p50/fresh_cg/job499013_r0/out/summary.json,36831907b9c21a47fb40499646cb9776b6acad1f139eb8d5786074bdfa15d70a,/home/nc437/ladder-lite/spatial_tariff_expansion_20260925/results/mix1_spatial_2190L_x0p50/fixed_duty/job499086_r0/out/summary.json,bafb828e433ad10cfc8affcbed520c286b51da04070c1dca0ffa135850df0f8a,/home/nc437/ladder-lite/spatial_tariff_expansion_20260925/results/mix1_spatial_2190L_x0p50/fresh_cg/job499013_r0/out/summary.json,36831907b9c21a47fb40499646cb9776b6acad1f139eb8d5786074bdfa15d70a,/home/nc437/ladder-lite/spatial_tariff_expansion_20260925/results/mix1_spatial_2190L_x0p50/cleanup/job498954_r0/out/summary.json,a91938ac1a9727b5a607fd90bcdba62b4f3e45b44eca39791c7fda7705eabfed,/home/nc437/ladder-lite/spatial_tariff_expansion_20260925/post_records/mix1_spatial_2190L_x0p50/job498954_r0.json,9cfe7a2bf421373811aa5919b95d2cba898cea6e5e321c4b0b9fa44c4d8335aa
expansion,mix1_spatial_4808_x0p50,36,mix1,4a8b497e668be9962bca5906a8b69116fa634882,cd318d00aed132f9a0d040a7b4fcf7efc724c008e11c5af1d438adbcf04531a5,c609a95a94049ee111f99b94393a5876fff4897886aa5292aac6670af4dd73c2,379.7984451,5,True,pricing_certified,13453.244143546995,500129.207778877,4.999999999999998,no_selection,TIME_LIMIT,,5.000000000000002,missing,,,OPTIMAL,5,5.0,OPTIMAL,154.8759999999893,154.8759999999893,147.60830917289422,True,finite_frozen_pool_with_exact_once_trip_rows; no new CG certificate,fallback_then_cleanup,finished,498955,fresh CG + GIRO fixed-duty frontier columns,True,132924,545,5,0,0,False,OPTIMAL,5,OPTIMAL,134.4159999999829,134.4159999999829,0,True,OPTIMAL,5,5.0,OPTIMAL,130.44800000000396,130.44800000000396,123.78046910643752,True,True,False,finite_frozen_pool_with_exact_once_trip_rows; no new CG certificate,0,5,5,1,1,0,/home/nc437/ladder-lite/spatial_tariff_expansion_20260925/results/mix1_spatial_4808_x0p50/fresh_cg/job499014_r1/out/summary.json,de795df260cea6719493cf49877813afcbfd8c8b004f87a109e586275e5c76b6,/home/nc437/ladder-lite/spatial_tariff_expansion_20260925/results/mix1_spatial_4808_x0p50/fixed_duty/job499087_r0/out/summary.json,62e5a73496efca417276467685a9ae2a5108d32dc1c73c3657edf30904d344ac,/home/nc437/ladder-lite/spatial_tariff_expansion_20260925/results/mix1_spatial_4808_x0p50/fresh_cg/job498955_r0/out/summary.json,199d2c4ce7d62f18d5a7ac45f37055af95670b89202b6d2f9fb247b1a1701bf6,/home/nc437/ladder-lite/spatial_tariff_expansion_20260925/results/mix1_spatial_4808_x0p50/cleanup/job498955_r0/out/summary.json,2c12d35434ca70128ad41c2622c7eb971acd9be3b0454cee5b3a9884254ccd8b,/home/nc437/ladder-lite/spatial_tariff_expansion_20260925/post_records/mix1_spatial_4808_x0p50/job498955_r0.json,ad0388e1f904fd8eadb817dce711189bd293e34448595a0a95b1df69238758f5
expansion,mix1_spatial_PARX_x0p50,37,mix1,4a8b497e668be9962bca5906a8b69116fa634882,cd318d00aed132f9a0d040a7b4fcf7efc724c008e11c5af1d438adbcf04531a5,12a0d3a6a6db684dc156da55776c64fbfb30acfda22a97f82147f87450019886,379.7984451,5,False,cg_time_limit,14400.108983591002,,4.999999999999994,selected,OPTIMAL,5,5.0,OPTIMAL,133.7960000000021,133.7960000000021,OPTIMAL,5,5.0,TIME_LIMIT,191.08396179318711,191.0832780819149,183.74071849016764,True,finite_frozen_pool_with_exact_once_trip_rows; no new CG certificate,cleanup,finished,498956,pure fresh CG,False,,,,,,,OPTIMAL,5,OPTIMAL,133.7960000000021,133.7960000000021,0,True,OPTIMAL,5,5.0,OPTIMAL,127.09998629333711,127.09998629333711,121.47654941394285,True,True,False,finite_frozen_pool_with_exact_once_trip_rows; no new CG certificate,11,334,4,1,1,0,/home/nc437/ladder-lite/spatial_tariff_expansion_20260925/results/mix1_spatial_PARX_x0p50/fresh_cg/job499015_r1/out/summary.json,8d7153e397dff59cc7b16e4bd7af3f1f4f1b4f2b70f29f9c9f33fe03a94c0670,/home/nc437/ladder-lite/spatial_tariff_expansion_20260925/results/mix1_spatial_PARX_x0p50/fixed_duty/job499088_r0/out/summary.json,75e7a67c6c67227c9e7c4f32aba80f23a180d61c17941e416f4d89d272f7cd7a,/home/nc437/ladder-lite/spatial_tariff_expansion_20260925/results/mix1_spatial_PARX_x0p50/fresh_cg/job499015_r1/out/summary.json,8d7153e397dff59cc7b16e4bd7af3f1f4f1b4f2b70f29f9c9f33fe03a94c0670,/home/nc437/ladder-lite/spatial_tariff_expansion_20260925/results/mix1_spatial_PARX_x0p50/cleanup/job498956_r0/out/summary.json,2098915f1f0ecd13f58a83b5c6c8fbb79d909df7248183f8d1ce8528ced6aa6f,/home/nc437/ladder-lite/spatial_tariff_expansion_20260925/post_records/mix1_spatial_PARX_x0p50/job498956_r0.json,245e48054074e2794e0fdea5519a091bdb62c6aaf9ce8376670eb7ad49aedae9
expansion,mix1_spatial_3127L_x0p50,38,mix1,4a8b497e668be9962bca5906a8b69116fa634882,cd318d00aed132f9a0d040a7b4fcf7efc724c008e11c5af1d438adbcf04531a5,6adef2093174eeef9682a6c745c0ba798a84983d922faed0502f9a6ad5ecce27,379.7984451,5,True,pricing_certified,8960.991642164066,500163.5254872108,4.999999999999999,selected,OPTIMAL,5,5.0,OPTIMAL,179.5520000000106,179.5520000000106,OPTIMAL,5,5.0,OPTIMAL,191.58000000000175,191.58000000000175,184.7333633209346,True,finite_frozen_pool_with_exact_once_trip_rows; no new CG certificate,cleanup,finished,498957,pure fresh CG,False,,,,,,,OPTIMAL,5,OPTIMAL,179.5520000000106,179.5520000000106,0,True,OPTIMAL,5,5.0,OPTIMAL,173.22800000001735,173.22800000001735,167.1261570489005,True,True,False,finite_frozen_pool_with_exact_once_trip_rows; no new CG certificate,7,259,3,0,0,0,/home/nc437/ladder-lite/spatial_tariff_expansion_20260925/results/mix1_spatial_3127L_x0p50/fresh_cg/job499016_r0/out/summary.json,2553b5a07dc0c212b4e824a267f4848e54a6cafcef49e15358bade633b6d0b18,/home/nc437/ladder-lite/spatial_tariff_expansion_20260925/results/mix1_spatial_3127L_x0p50/fixed_duty/job499089_r0/out/summary.json,a13a0c0cb72ba03f0368a0b7f7237e893554e1ef1bb363c3046bc887e693d0d7,/home/nc437/ladder-lite/spatial_tariff_expansion_20260925/results/mix1_spatial_3127L_x0p50/fresh_cg/job499016_r0/out/summary.json,2553b5a07dc0c212b4e824a267f4848e54a6cafcef49e15358bade633b6d0b18,/home/nc437/ladder-lite/spatial_tariff_expansion_20260925/results/mix1_spatial_3127L_x0p50/cleanup/job498957_r0/out/summary.json,fb08b9aa350362c7e82f25d80c4753c33f5159af86d4bb46c4036f9179aea2f6,/home/nc437/ladder-lite/spatial_tariff_expansion_20260925/post_records/mix1_spatial_3127L_x0p50/job498957_r0.json,03f6a71bfb6ba6a0d90edf5489da642be1ad0cfd550940328696299377904234
expansion,mix1_spatial_7880C_x0p50,39,mix1,4a8b497e668be9962bca5906a8b69116fa634882,cd318d00aed132f9a0d040a7b4fcf7efc724c008e11c5af1d438adbcf04531a5,0ba3260c3e20b88609e26af3a83fdf79c4df3bfd4233088259f374e3710c92a1,379.7984451,5,True,pricing_certified,8280.983540262096,500150.1461172934,4.99999999999996,no_selection,TIME_LIMIT,,5.000000000000001,missing,,,OPTIMAL,5,5.0,OPTIMAL,165.78800000000047,165.78800000000047,159.9634706756915,True,finite_frozen_pool_with_exact_once_trip_rows; no new CG certificate,fallback_then_cleanup,finished,498958,fresh CG + GIRO fixed-duty frontier columns,True,119088,513,5,0,0,False,OPTIMAL,5,OPTIMAL,159.9600000000064,159.9600000000064,0,True,OPTIMAL,5,5.0,OPTIMAL,153.88400000000547,153.88400000000547,146.6874355431355,True,True,False,finite_frozen_pool_with_exact_once_trip_rows; no new CG certificate,9,390,4,0,0,0,/home/nc437/ladder-lite/spatial_tariff_expansion_20260925/results/mix1_spatial_7880C_x0p50/fresh_cg/job499017_r0/out/summary.json,116d68eb9af73d320562f19a86dfa40969d70750e5d67a38adf0658efae1cd76,/home/nc437/ladder-lite/spatial_tariff_expansion_20260925/results/mix1_spatial_7880C_x0p50/fixed_duty/job499090_r0/out/summary.json,4f9120d0782bf481ca878de6215fd84f93de57890687a5aabd0ef594eeabad19,/home/nc437/ladder-lite/spatial_tariff_expansion_20260925/results/mix1_spatial_7880C_x0p50/fresh_cg/job498958_r0/out/summary.json,49831de00f6fb9b3273eeca01961d62460475c325a33cb5101c7083d8375b6b5,/home/nc437/ladder-lite/spatial_tariff_expansion_20260925/results/mix1_spatial_7880C_x0p50/cleanup/job498958_r0/out/summary.json,a8665f14c8f556065d36b14006d91a4d519a83ff60a9d2150b24bcf74710eef3,/home/nc437/ladder-lite/spatial_tariff_expansion_20260925/post_records/mix1_spatial_7880C_x0p50/job498958_r0.json,52d15f7c264e3d2fc5ed0e13f450f0e946c2b32830e8b5b8b162c536e0c60a11
expansion,mix1_spatial_JON_A_x0p50,40,mix1,4a8b497e668be9962bca5906a8b69116fa634882,cd318d00aed132f9a0d040a7b4fcf7efc724c008e11c5af1d438adbcf04531a5,75d9925e2f0c4c33ce6c72536be7c0017e0c8cd7d9d8afb19cc85d918834d448,379.7984451,5,True,pricing_certified,11675.486373667605,500154.96433904226,5.000000000000029,selected,OPTIMAL,5,4.999999999999999,OPTIMAL,161.94400000000314,161.94400000000314,OPTIMAL,5,5.0,OPTIMAL,185.38000000000466,185.38000000000466,178.60563044851006,True,finite_frozen_pool_with_exact_once_trip_rows; no new CG certificate,cleanup,finished,498959,pure fresh CG,False,,,,,,,OPTIMAL,5,OPTIMAL,161.94400000000314,161.94400000000314,0,True,OPTIMAL,5,5.0,OPTIMAL,157.1079999999929,157.1079999999929,151.03914104295836,True,True,False,finite_frozen_pool_with_exact_once_trip_rows; no new CG certificate,6,51,3,0,0,0,/home/nc437/ladder-lite/spatial_tariff_expansion_20260925/results/mix1_spatial_JON_A_x0p50/fresh_cg/job499018_r0/out/summary.json,f29b30439e2c3d1d26c8881f1381eb31fdf2b3da209a0ff2fa7fc53f98eb1340,/home/nc437/ladder-lite/spatial_tariff_expansion_20260925/results/mix1_spatial_JON_A_x0p50/fixed_duty/job499091_r0/out/summary.json,0bc1a24d5d5e707be0667982b278a9cf05f0f6a78b3f8a60673871fec8e4583c,/home/nc437/ladder-lite/spatial_tariff_expansion_20260925/results/mix1_spatial_JON_A_x0p50/fresh_cg/job499018_r0/out/summary.json,f29b30439e2c3d1d26c8881f1381eb31fdf2b3da209a0ff2fa7fc53f98eb1340,/home/nc437/ladder-lite/spatial_tariff_expansion_20260925/results/mix1_spatial_JON_A_x0p50/cleanup/job498959_r0/out/summary.json,7dc42ba8f1a5f17441ddd2f6ed6d9f1ced6c943e3fcecc0d0af2cbf68a2012a1,/home/nc437/ladder-lite/spatial_tariff_expansion_20260925/post_records/mix1_spatial_JON_A_x0p50/job498959_r0.json,fc62b6f0a6190a7d788d6d7b3ecc54678e6d194cffe476d0dcfae907cee2f641
expansion,mix1_spatial_4808_x2p00,41,mix1,4a8b497e668be9962bca5906a8b69116fa634882,cd318d00aed132f9a0d040a7b4fcf7efc724c008e11c5af1d438adbcf04531a5,2a75f2e96639b55fe194fade4e9eb7ada53cd6822d5a01db0749c47d068ab3b1,379.7984451,5,False,cg_time_limit,14400.06000279542,,5.00000000000001,no_selection,TIME_LIMIT,,5.000000000000001,missing,,,OPTIMAL,5,5.0,TIME_LIMIT,220.9679413960147,220.93689532416437,212.43798855290515,True,finite_frozen_pool_with_exact_once_trip_rows; no new CG certificate,fallback_then_cleanup,finished,498960,fresh CG + GIRO fixed-duty frontier columns,True,187251,577,0,5,0,True,OPTIMAL,5,TIME_LIMIT,220.96795054733445,220.9368953241581,0,True,OPTIMAL,5,5.0,TIME_LIMIT,220.9679263320856,220.936895324162,212.43798855287605,True,True,False,finite_frozen_pool_with_exact_once_trip_rows; no new CG certificate,0,5,4,0,0,0,/home/nc437/ladder-lite/spatial_tariff_expansion_20260925/results/mix1_spatial_4808_x2p00/fresh_cg/job499019_r0/out/summary.json,e0f29a34bacd80c0eb762093d568ba6d6b4f6333d764d280cc55979460119652,/home/nc437/ladder-lite/spatial_tariff_expansion_20260925/results/mix1_spatial_4808_x2p00/fixed_duty/job499092_r0/out/summary.json,dd607bbc5c0ae363329a3bb01604fd641675eeb9cdc17a84ff7b0874a25ef2bd,/home/nc437/ladder-lite/spatial_tariff_expansion_20260925/results/mix1_spatial_4808_x2p00/fresh_cg/job498960_r0/out/summary.json,28afc4e0f7b962ea1c572e47a2fcceebbd456a7bec584157fcec7f52b89b0924,/home/nc437/ladder-lite/spatial_tariff_expansion_20260925/results/mix1_spatial_4808_x2p00/cleanup/job498960_r0/out/summary.json,fe0b6575f2784d472ff4d044ceb781b81f463cab04ed6fa7ed2ad7a04a12dbae,/home/nc437/ladder-lite/spatial_tariff_expansion_20260925/post_records/mix1_spatial_4808_x2p00/job498960_r0.json,cfdc218e53970e8bbb0d4fa1c60941c6972c4f33a721b45404f964f7ccde93a0
expansion,mix1_duck_spatial_parx_x0p50,42,mix1,4a8b497e668be9962bca5906a8b69116fa634882,cd318d00aed132f9a0d040a7b4fcf7efc724c008e11c5af1d438adbcf04531a5,94ec8937698132342e8af194048cf7d02c33380de4d2787e8a619c3cfdda7cd9,379.7984451,5,False,cg_time_limit,14400.437034205534,,4.999999999999997,selected,OPTIMAL,5,5.0,OPTIMAL,61.23283333332802,61.23283333332802,OPTIMAL,5,5.0,OPTIMAL,98.59649999999965,98.59649999999965,93.10486036434304,True,finite_frozen_pool_with_exact_once_trip_rows; no new CG certificate,cleanup,finished,498961,pure fresh CG,False,,,,,,,OPTIMAL,5,OPTIMAL,61.23283333332802,61.23283333332802,0,True,OPTIMAL,5,5.0,OPTIMAL,60.11783333332278,60.11783333332278,56.3527734540985,True,True,False,finite_frozen_pool_with_exact_once_trip_rows; no new CG certificate,2,11,3,0,0,0,/home/nc437/ladder-lite/spatial_tariff_expansion_20260925/results/mix1_duck_spatial_parx_x0p50/fresh_cg/job499020_r0/out/summary.json,ea99bb1b785355ac2b9c53c5153ac76ac42f7341589ae679aafa13526d72331b,/home/nc437/ladder-lite/spatial_tariff_expansion_20260925/results/mix1_duck_spatial_parx_x0p50/fixed_duty/job499093_r0/out/summary.json,69434e57275502e61cc460cb8e21a7ea24b84cdda2824737658ec8f6a7f13ee7,/home/nc437/ladder-lite/spatial_tariff_expansion_20260925/results/mix1_duck_spatial_parx_x0p50/fresh_cg/job499020_r0/out/summary.json,ea99bb1b785355ac2b9c53c5153ac76ac42f7341589ae679aafa13526d72331b,/home/nc437/ladder-lite/spatial_tariff_expansion_20260925/results/mix1_duck_spatial_parx_x0p50/cleanup/job498961_r0/out/summary.json,7f38584e82cd5e1f159f970439ebaf6ad784873059df11a4c088e8e423e976b2,/home/nc437/ladder-lite/spatial_tariff_expansion_20260925/post_records/mix1_duck_spatial_parx_x0p50/job498961_r0.json,ea45dc2813c665336366148eea6e918d1fa7f68591b663331d9f414e5e558541
expansion,mix1_two_price_split,43,mix1,4a8b497e668be9962bca5906a8b69116fa634882,cd318d00aed132f9a0d040a7b4fcf7efc724c008e11c5af1d438adbcf04531a5,d9af72ccdb209d2946e778a79ad2052a6cdf87d3ba4a82fe581bc65fd2a09051,379.7984451,5,True,pricing_certified,8303.547011127695,500161.72793001554,4.999999999999825,selected,OPTIMAL,5,5.0,OPTIMAL,175.4600000000064,175.4600000000064,OPTIMAL,5,5.0,OPTIMAL,220.34799999999814,220.34799999999814,213.9714222044713,True,finite_frozen_pool_with_exact_once_trip_rows; no new CG certificate,cleanup,failed,498962,pure fresh CG,False,,,,,,,OPTIMAL,5,OPTIMAL,175.4600000000064,175.4600000000064,1,False,missing,,,missing,,,,,,,,,,3,0,0,0,/home/nc437/ladder-lite/spatial_tariff_expansion_20260925/results/mix1_two_price_split/fresh_cg/job499021_r0/out/summary.json,684886c6dd791357cab107bc5eb951f951c91b21bf8b53a2171b3073d5551aac,/home/nc437/ladder-lite/spatial_tariff_expansion_20260925/results/mix1_two_price_split/fixed_duty/job499094_r0/out/summary.json,d8931869aa5f9118736a65979e46f6e61e4ceffe9c3dda6bc6f186ca15eab305,/home/nc437/ladder-lite/spatial_tariff_expansion_20260925/results/mix1_two_price_split/fresh_cg/job499021_r0/out/summary.json,684886c6dd791357cab107bc5eb951f951c91b21bf8b53a2171b3073d5551aac,,,/home/nc437/ladder-lite/spatial_tariff_expansion_20260925/post_records/mix1_two_price_split/job498962_r0.json,388e9617a2c7e3a4afe2637b71fa4c0027f28396ed5b6937c71b8cec920d7bb2
expansion,mix2_flat,44,mix2,4a8b497e668be9962bca5906a8b69116fa634882,f8ae92f908e5f512f4f766739a2142d9bd5dfceb594a4cfeb26a3379ea0d2bfa,59a9d3b7c1516b19b56267de7309cfe014a13f84b8b390738754a5f652f451f3,428.19430941,5,True,pricing_certified,7521.319646666059,500206.20647552254,4.99999999999999,selected,OPTIMAL,5,5.0,OPTIMAL,230.63999999999942,230.63999999999942,OPTIMAL,5,5.0,TIME_LIMIT,206.58395630047363,206.45447553322265,200.41544485546183,True,finite_frozen_pool_with_exact_once_trip_rows; no new CG certificate,cleanup,finished,498963,pure fresh CG,False,,,,,,,OPTIMAL,5,OPTIMAL,230.63999999999942,230.63999999999942,0,True,OPTIMAL,5,5.0,TIME_LIMIT,209.06385223516799,209.04339704387212,202.65617449511774,True,True,False,finite_frozen_pool_with_exact_once_trip_rows; no new CG certificate,6,34,3,0,0,0,/home/nc437/ladder-lite/spatial_tariff_expansion_20260925/results/mix2_flat/fresh_cg/job499022_r0/out/summary.json,4f1471c142954c6d4c7148538a495f6dccd4148bdba8f9ca1c25e3a4687f1cd3,/home/nc437/ladder-lite/spatial_tariff_expansion_20260925/results/mix2_flat/fixed_duty/job499095_r0/out/summary.json,d762e71208fc53afdb51e457b59c2381e6f1010f3b219fa4bb71566abbbfecac,/home/nc437/ladder-lite/spatial_tariff_expansion_20260925/results/mix2_flat/fresh_cg/job499022_r0/out/summary.json,4f1471c142954c6d4c7148538a495f6dccd4148bdba8f9ca1c25e3a4687f1cd3,/home/nc437/ladder-lite/spatial_tariff_expansion_20260925/results/mix2_flat/cleanup/job498963_r0/out/summary.json,f4900d23a03a5a371a9880cca2a69b5eb0bab82df66b78919814d05601ff51ba,/home/nc437/ladder-lite/spatial_tariff_expansion_20260925/post_records/mix2_flat/job498963_r0.json,0643a7e152ae8ed08ee6a5ab192ddf155ee897cdd2eaee6a4f4978441c71447e
expansion,mix2_duck,45,mix2,4a8b497e668be9962bca5906a8b69116fa634882,f8ae92f908e5f512f4f766739a2142d9bd5dfceb594a4cfeb26a3379ea0d2bfa,eb8a4a5e0524fd3536ec2411e3628a14b0ea4b711aeed98a0066420b5e464e58,428.19430941,5,True,pricing_certified,5519.188494174974,500095.93220157,4.999999999999984,selected,OPTIMAL,5,5.0,OPTIMAL,96.16066666666302,96.16066666666302,OPTIMAL,5,5.0,OPTIMAL,104.20733333332464,104.20733333332464,101.25747286474507,True,finite_frozen_pool_with_exact_once_trip_rows; no new CG certificate,cleanup,finished,498964,pure fresh CG,False,,,,,,,OPTIMAL,5,OPTIMAL,96.16066666666302,96.16066666666302,0,True,OPTIMAL,5,5.0,OPTIMAL,96.16066666666302,96.16066666666302,92.80831030690752,True,True,False,finite_frozen_pool_with_exact_once_trip_rows; no new CG certificate,0,5,3,0,0,0,/home/nc437/ladder-lite/spatial_tariff_expansion_20260925/results/mix2_duck/fresh_cg/job499023_r0/out/summary.json,5212cdd987053af5ae4ea7bbdafd3fe5b85817161be79384746e0a46f93dfc3d,/home/nc437/ladder-lite/spatial_tariff_expansion_20260925/results/mix2_duck/fixed_duty/job499096_r0/out/summary.json,4fc8b0807b4ef7021ad61c8a6c89ad610e6b311c7678c1b7284ac8b1bbe4a37d,/home/nc437/ladder-lite/spatial_tariff_expansion_20260925/results/mix2_duck/fresh_cg/job499023_r0/out/summary.json,5212cdd987053af5ae4ea7bbdafd3fe5b85817161be79384746e0a46f93dfc3d,/home/nc437/ladder-lite/spatial_tariff_expansion_20260925/results/mix2_duck/cleanup/job498964_r0/out/summary.json,cf753c218dc7c10dbecfc0581ff8e4bb89ca7f5f4636d5e9c0ec13e4a8a45cf3,/home/nc437/ladder-lite/spatial_tariff_expansion_20260925/post_records/mix2_duck/job498964_r0.json,df2d55a8b820359ff68639c0417f7d606109d23457165e553cbbd16363d5e552
expansion,mix2_duck_solar_depot,46,mix2,4a8b497e668be9962bca5906a8b69116fa634882,f8ae92f908e5f512f4f766739a2142d9bd5dfceb594a4cfeb26a3379ea0d2bfa,20f2eb0922fc8b536276d5671f10d211a58fb3c6c3468198f1d214d27bb48274,428.19430941,5,True,pricing_certified,3470.997759585036,500072.65453490266,4.999999999999996,selected,OPTIMAL,5,5.0,OPTIMAL,74.20699999999488,74.20699999999488,OPTIMAL,5,5.0,OPTIMAL,92.8579999999929,92.8579999999929,90.68138681459823,True,finite_frozen_pool_with_exact_once_trip_rows; no new CG certificate,cleanup,finished,498965,pure fresh CG,False,,,,,,,OPTIMAL,5,OPTIMAL,74.20699999999488,74.20699999999488,0,True,OPTIMAL,5,5.0,OPTIMAL,73.30799999998999,73.30799999998999,69.87908004439669,True,True,False,finite_frozen_pool_with_exact_once_trip_rows; no new CG certificate,2,11,3,0,0,0,/home/nc437/ladder-lite/spatial_tariff_expansion_20260925/results/mix2_duck_solar_depot/fresh_cg/job499024_r0/out/summary.json,9ea2c9f2d7e45b751b4461c2b60f379f68682e7a5f260bae1285376b81421605,/home/nc437/ladder-lite/spatial_tariff_expansion_20260925/results/mix2_duck_solar_depot/fixed_duty/job499097_r0/out/summary.json,89b946563856e59a2de814fb48375c0b3a468c789af73f81cfbacdc466f0c251,/home/nc437/ladder-lite/spatial_tariff_expansion_20260925/results/mix2_duck_solar_depot/fresh_cg/job499024_r0/out/summary.json,9ea2c9f2d7e45b751b4461c2b60f379f68682e7a5f260bae1285376b81421605,/home/nc437/ladder-lite/spatial_tariff_expansion_20260925/results/mix2_duck_solar_depot/cleanup/job498965_r0/out/summary.json,cb174ba3e836e5e3dc4694e32f116cfd59c5508150d530ccb2eb40139c7786f0,/home/nc437/ladder-lite/spatial_tariff_expansion_20260925/post_records/mix2_duck_solar_depot/job498965_r0.json,12148b93a5c4dde37bd8abf53f5adf7c6f45e9203fc7f691abc2849958bee0e4
expansion,mix2_spatial_2190L_x0p50,47,mix2,4a8b497e668be9962bca5906a8b69116fa634882,f8ae92f908e5f512f4f766739a2142d9bd5dfceb594a4cfeb26a3379ea0d2bfa,8e9d4b8c749e426086bb1843e39f83e35e37c67bd7a3fc5b300b2ba1fc800c6c,428.19430941,5,True,pricing_certified,4079.8748644549632,500117.4459044073,5.000000000000005,selected,OPTIMAL,5,5.0,OPTIMAL,127.22400000000198,127.22400000000198,OPTIMAL,5,5.0,OPTIMAL,121.89199999999255,121.89199999999255,116.77645332664542,True,finite_frozen_pool_with_exact_once_trip_rows; no new CG certificate,cleanup,finished,498966,pure fresh CG,False,,,,,,,OPTIMAL,5,OPTIMAL,127.22400000000198,127.22400000000198,0,True,OPTIMAL,5,5.0,OPTIMAL,119.65999999998894,119.65999999998894,114.1954180572211,True,True,False,finite_frozen_pool_with_exact_once_trip_rows; no new CG certificate,4,28,3,0,0,0,/home/nc437/ladder-lite/spatial_tariff_expansion_20260925/results/mix2_spatial_2190L_x0p50/fresh_cg/job499025_r0/out/summary.json,fb35ebd3a4f2f8d6e9ba2380411dec683e9b44f7017ed0ed186ba751215709e5,/home/nc437/ladder-lite/spatial_tariff_expansion_20260925/results/mix2_spatial_2190L_x0p50/fixed_duty/job499098_r0/out/summary.json,e172478c80a0fdb36810b8d48510cca37d8cc91e3e201216475fb21c86b6cd41,/home/nc437/ladder-lite/spatial_tariff_expansion_20260925/results/mix2_spatial_2190L_x0p50/fresh_cg/job499025_r0/out/summary.json,fb35ebd3a4f2f8d6e9ba2380411dec683e9b44f7017ed0ed186ba751215709e5,/home/nc437/ladder-lite/spatial_tariff_expansion_20260925/results/mix2_spatial_2190L_x0p50/cleanup/job498966_r0/out/summary.json,2973c1efcd477e15579e9a44093addd970e6b0e06903ae1e0f0542f17aa703a5,/home/nc437/ladder-lite/spatial_tariff_expansion_20260925/post_records/mix2_spatial_2190L_x0p50/job498966_r0.json,a38f687a49f3d1c2cc42cbe49984532b83768f80f5caa15ededae1dd68c3fb04
expansion,mix2_spatial_4808_x0p50,48,mix2,4a8b497e668be9962bca5906a8b69116fa634882,f8ae92f908e5f512f4f766739a2142d9bd5dfceb594a4cfeb26a3379ea0d2bfa,c609a95a94049ee111f99b94393a5876fff4897886aa5292aac6670af4dd73c2,428.19430941,5,True,pricing_certified,3053.1183002330363,500128.9224681393,4.999999999999996,selected,OPTIMAL,5,5.0,OPTIMAL,134.66399999998976,134.66399999998976,OPTIMAL,5,5.0,OPTIMAL,140.7399999999907,140.7399999999907,135.54360535144224,True,finite_frozen_pool_with_exact_once_trip_rows; no new CG certificate,cleanup,finished,498967,pure fresh CG,False,,,,,,,OPTIMAL,5,OPTIMAL,134.66399999998976,134.66399999998976,0,True,OPTIMAL,5,5.0,OPTIMAL,129.08399999997346,129.08399999997346,123.68647733161924,True,True,False,finite_frozen_pool_with_exact_once_trip_rows; no new CG certificate,3,19,3,0,0,0,/home/nc437/ladder-lite/spatial_tariff_expansion_20260925/results/mix2_spatial_4808_x0p50/fresh_cg/job499026_r0/out/summary.json,d1be2a74b224fbb2c509ca2feace971e3d9a1d9d7ed7eecbd5e58e032d2fb845,/home/nc437/ladder-lite/spatial_tariff_expansion_20260925/results/mix2_spatial_4808_x0p50/fixed_duty/job499099_r0/out/summary.json,f768d88b2356fc00d3d99e425311dad6411d5c30525bbe17531a5f1cff6e8f21,/home/nc437/ladder-lite/spatial_tariff_expansion_20260925/results/mix2_spatial_4808_x0p50/fresh_cg/job499026_r0/out/summary.json,d1be2a74b224fbb2c509ca2feace971e3d9a1d9d7ed7eecbd5e58e032d2fb845,/home/nc437/ladder-lite/spatial_tariff_expansion_20260925/results/mix2_spatial_4808_x0p50/cleanup/job498967_r0/out/summary.json,11aa9b66bdbef25c862e1e642d308c2bf6836c551160365d8fa51747368d3985,/home/nc437/ladder-lite/spatial_tariff_expansion_20260925/post_records/mix2_spatial_4808_x0p50/job498967_r0.json,700c60b9d78ac57723a98832488187f5a233b505485964340af49cf2e60136a7
expansion,mix2_spatial_PARX_x0p50,49,mix2,4a8b497e668be9962bca5906a8b69116fa634882,f8ae92f908e5f512f4f766739a2142d9bd5dfceb594a4cfeb26a3379ea0d2bfa,12a0d3a6a6db684dc156da55776c64fbfb30acfda22a97f82147f87450019886,428.19430941,5,True,pricing_certified,3169.520828763023,500125.5127023131,4.999999999999998,selected,OPTIMAL,5,5.0,OPTIMAL,125.61200000000827,125.61200000000827,OPTIMAL,5,5.0,OPTIMAL,173.84799999998359,173.8479953561644,169.0061954518751,True,finite_frozen_pool_with_exact_once_trip_rows; no new CG certificate,cleanup,finished,498968,pure fresh CG,False,,,,,,,OPTIMAL,5,OPTIMAL,125.61200000000827,125.61200000000827,0,True,OPTIMAL,5,5.0,OPTIMAL,125.61197214683433,125.61197214683433,120.92961028686841,True,True,False,finite_frozen_pool_with_exact_once_trip_rows; no new CG certificate,0,5,3,0,0,0,/home/nc437/ladder-lite/spatial_tariff_expansion_20260925/results/mix2_spatial_PARX_x0p50/fresh_cg/job499027_r0/out/summary.json,bda528343ce9e5adac598bb0f00688231fc39d1f9667a9d9eeabc3f4d9889043,/home/nc437/ladder-lite/spatial_tariff_expansion_20260925/results/mix2_spatial_PARX_x0p50/fixed_duty/job499100_r0/out/summary.json,3e72458f2c0ced29b93e24862faf11d6762123618a6019b78ead5b790bebaf71,/home/nc437/ladder-lite/spatial_tariff_expansion_20260925/results/mix2_spatial_PARX_x0p50/fresh_cg/job499027_r0/out/summary.json,bda528343ce9e5adac598bb0f00688231fc39d1f9667a9d9eeabc3f4d9889043,/home/nc437/ladder-lite/spatial_tariff_expansion_20260925/results/mix2_spatial_PARX_x0p50/cleanup/job498968_r0/out/summary.json,14d707cf057d662522c835cea795d928ce5c53ef7f486987a282d802212e1ec8,/home/nc437/ladder-lite/spatial_tariff_expansion_20260925/post_records/mix2_spatial_PARX_x0p50/job498968_r0.json,e0b767536f54925a5495f116afbba06d00230265718126ba140a08053a502b9f
expansion,mix2_spatial_3127L_x0p50,50,mix2,4a8b497e668be9962bca5906a8b69116fa634882,f8ae92f908e5f512f4f766739a2142d9bd5dfceb594a4cfeb26a3379ea0d2bfa,6adef2093174eeef9682a6c745c0ba798a84983d922faed0502f9a6ad5ecce27,428.19430941,5,True,pricing_certified,3420.894733818248,500169.5737950246,4.999999999999997,selected,OPTIMAL,5,5.0,OPTIMAL,186.619998792359,186.619998792359,OPTIMAL,5,5.0,OPTIMAL,176.20399999998335,176.20399999998335,171.19474580377573,True,finite_frozen_pool_with_exact_once_trip_rows; no new CG certificate,cleanup,finished,498969,pure fresh CG,False,,,,,,,OPTIMAL,5,OPTIMAL,186.619998792359,186.619998792359,0,True,OPTIMAL,5,5.0,OPTIMAL,182.65200000000186,182.65200000000186,177.1086530632747,True,True,False,finite_frozen_pool_with_exact_once_trip_rows; no new CG certificate,3,13,3,0,0,0,/home/nc437/ladder-lite/spatial_tariff_expansion_20260925/results/mix2_spatial_3127L_x0p50/fresh_cg/job499028_r0/out/summary.json,7bc1cefd077ac52398afcfb9d84c5ee42cd653a50f6684a21c05a14bc30a6b7e,/home/nc437/ladder-lite/spatial_tariff_expansion_20260925/results/mix2_spatial_3127L_x0p50/fixed_duty/job499294_r0/out/summary.json,cd2e5c197f76b8a85734abd398cdf6ab7b0c33c24f66760d6efa1dc2e72b75b5,/home/nc437/ladder-lite/spatial_tariff_expansion_20260925/results/mix2_spatial_3127L_x0p50/fresh_cg/job499028_r0/out/summary.json,7bc1cefd077ac52398afcfb9d84c5ee42cd653a50f6684a21c05a14bc30a6b7e,/home/nc437/ladder-lite/spatial_tariff_expansion_20260925/results/mix2_spatial_3127L_x0p50/cleanup/job498969_r0/out/summary.json,7c1ba65a0e32763203306f2c8bd9cb67a6ee9ecf03adffb72b255431ae317b60,/home/nc437/ladder-lite/spatial_tariff_expansion_20260925/post_records/mix2_spatial_3127L_x0p50/job498969_r0.json,a276872935f52d7bff8c5c6aa3f9dbcdbd2bc8db2d3a1c7304f8a8356ce0c8ad
expansion,mix2_spatial_7880C_x0p50,51,mix2,4a8b497e668be9962bca5906a8b69116fa634882,f8ae92f908e5f512f4f766739a2142d9bd5dfceb594a4cfeb26a3379ea0d2bfa,0ba3260c3e20b88609e26af3a83fdf79c4df3bfd4233088259f374e3710c92a1,428.19430941,5,True,pricing_certified,3805.2451385222375,500166.48687094316,5.0000000000000036,selected,OPTIMAL,5,5.0,OPTIMAL,170.25199999999313,170.25199999999313,OPTIMAL,5,5.0,OPTIMAL,174.96399999999267,174.96399999999267,169.6308082156611,True,finite_frozen_pool_with_exact_once_trip_rows; no new CG certificate,cleanup,finished,498970,pure fresh CG,False,,,,,,,OPTIMAL,5,OPTIMAL,170.25199999999313,170.25199999999313,0,True,OPTIMAL,5,5.0,OPTIMAL,168.5159999999887,168.5159999999887,162.6222786206199,True,True,False,finite_frozen_pool_with_exact_once_trip_rows; no new CG certificate,1,7,3,0,0,0,/home/nc437/ladder-lite/spatial_tariff_expansion_20260925/results/mix2_spatial_7880C_x0p50/fresh_cg/job499029_r0/out/summary.json,b209d67aff8934d3b7535dc30a63bff564217abc0879cdcae8beb2466f6992df,/home/nc437/ladder-lite/spatial_tariff_expansion_20260925/results/mix2_spatial_7880C_x0p50/fixed_duty/job499295_r0/out/summary.json,8355ab1d17d4c6b4398d8011f13ae32a3c119a786854862056788aa07b8b5fd4,/home/nc437/ladder-lite/spatial_tariff_expansion_20260925/results/mix2_spatial_7880C_x0p50/fresh_cg/job499029_r0/out/summary.json,b209d67aff8934d3b7535dc30a63bff564217abc0879cdcae8beb2466f6992df,/home/nc437/ladder-lite/spatial_tariff_expansion_20260925/results/mix2_spatial_7880C_x0p50/cleanup/job498970_r0/out/summary.json,d28323124db57bc781bf3c5a818cb881b0b794b8eb34889d61c97f7e456e617e,/home/nc437/ladder-lite/spatial_tariff_expansion_20260925/post_records/mix2_spatial_7880C_x0p50/job498970_r0.json,c31fe0418d35ececc363ca513e52b6c5ef841b6790714389ab47882d82a7534b
expansion,mix2_spatial_JON_A_x0p50,52,mix2,4a8b497e668be9962bca5906a8b69116fa634882,f8ae92f908e5f512f4f766739a2142d9bd5dfceb594a4cfeb26a3379ea0d2bfa,75d9925e2f0c4c33ce6c72536be7c0017e0c8cd7d9d8afb19cc85d918834d448,428.19430941,5,True,pricing_certified,3519.370685612783,500165.7801025414,5.0,selected,OPTIMAL,5,5.0,OPTIMAL,170.25199999997858,170.25199999997858,OPTIMAL,5,5.0,OPTIMAL,172.36000000000058,172.36000000000058,167.82001148510608,True,finite_frozen_pool_with_exact_once_trip_rows; no new CG certificate,cleanup,finished,498971,pure fresh CG,False,,,,,,,OPTIMAL,5,OPTIMAL,170.25199999997858,170.25199999997858,0,True,OPTIMAL,5,5.0,OPTIMAL,167.27599999999802,167.27599999999802,161.29275048471754,True,True,False,finite_frozen_pool_with_exact_once_trip_rows; no new CG certificate,1,7,3,0,0,0,/home/nc437/ladder-lite/spatial_tariff_expansion_20260925/results/mix2_spatial_JON_A_x0p50/fresh_cg/job499030_r0/out/summary.json,84db35642e68fe7456cd3b1a4864f905fe23f4327127d5e50828e1126e844b0d,/home/nc437/ladder-lite/spatial_tariff_expansion_20260925/results/mix2_spatial_JON_A_x0p50/fixed_duty/job499296_r0/out/summary.json,4b5414736a92d3630287cce5d18f66da7f8eb565245a6a92d2ae7bf963e4dd25,/home/nc437/ladder-lite/spatial_tariff_expansion_20260925/results/mix2_spatial_JON_A_x0p50/fresh_cg/job499030_r0/out/summary.json,84db35642e68fe7456cd3b1a4864f905fe23f4327127d5e50828e1126e844b0d,/home/nc437/ladder-lite/spatial_tariff_expansion_20260925/results/mix2_spatial_JON_A_x0p50/cleanup/job498971_r0/out/summary.json,68936f52d0cf2c2f00028f0f67b07bfc24ba016b9573e0240b82e83e1361c116,/home/nc437/ladder-lite/spatial_tariff_expansion_20260925/post_records/mix2_spatial_JON_A_x0p50/job498971_r0.json,fa01b11b7ba6f9b6150112b4f0a076cc1aa2011c905a309787b2535d2c57b9c1
expansion,mix2_spatial_2190L_x2p00,53,mix2,4a8b497e668be9962bca5906a8b69116fa634882,f8ae92f908e5f512f4f766739a2142d9bd5dfceb594a4cfeb26a3379ea0d2bfa,71d545064b64443c969c59e8ce7631782e86ff92df53b3517d2db417afe1861f,428.19430941,5,True,pricing_certified,3129.558292362999,500210.2833970355,4.999999999999996,selected,OPTIMAL,5,5.0,OPTIMAL,233.36796527029009,233.36796527029009,OPTIMAL,5,5.0,OPTIMAL,246.01600000000326,246.01600000000326,239.55282080583856,True,finite_frozen_pool_with_exact_once_trip_rows; no new CG certificate,cleanup,finished,498972,pure fresh CG,False,,,,,,,OPTIMAL,5,OPTIMAL,233.36796527029009,233.36796527029009,0,True,OPTIMAL,5,5.0,OPTIMAL,217.24799999999232,217.24799999999232,209.9707855959423,True,True,False,finite_frozen_pool_with_exact_once_trip_rows; no new CG certificate,3,13,3,0,0,0,/home/nc437/ladder-lite/spatial_tariff_expansion_20260925/results/mix2_spatial_2190L_x2p00/fresh_cg/job499543_r0/out/summary.json,35a26bf5a9d17536207f33f0ddcc7e7d08a280246636eb94be56b435fe7cce79,/home/nc437/ladder-lite/spatial_tariff_expansion_20260925/results/mix2_spatial_2190L_x2p00/fixed_duty/job499297_r0/out/summary.json,340bdd885c13e71a944b306c6c30c53ba24a298daaa1e17b813070f6ccf39eb3,/home/nc437/ladder-lite/spatial_tariff_expansion_20260925/results/mix2_spatial_2190L_x2p00/fresh_cg/job499543_r0/out/summary.json,35a26bf5a9d17536207f33f0ddcc7e7d08a280246636eb94be56b435fe7cce79,/home/nc437/ladder-lite/spatial_tariff_expansion_20260925/results/mix2_spatial_2190L_x2p00/cleanup/job498972_r0/out/summary.json,0574cde7e0f7737f924ee5c209b2706939d86adc0c07c6793cf830de3c2460ec,/home/nc437/ladder-lite/spatial_tariff_expansion_20260925/post_records/mix2_spatial_2190L_x2p00/job498972_r0.json,83f0c85f2d70bdc0333b117ba48fdc505570e4a2a5e4cfe9ebb0e9ce6a919bb5
expansion,mix2_duck_spatial_parx_x0p50,54,mix2,4a8b497e668be9962bca5906a8b69116fa634882,f8ae92f908e5f512f4f766739a2142d9bd5dfceb594a4cfeb26a3379ea0d2bfa,94ec8937698132342e8af194048cf7d02c33380de4d2787e8a619c3cfdda7cd9,428.19430941,5,True,pricing_certified,2905.2423836270027,500068.0575248875,5.000000000000003,selected,OPTIMAL,5,5.0,OPTIMAL,69.67433333332883,69.67433333332883,OPTIMAL,5,5.0,OPTIMAL,88.73866657170781,88.73866657170781,85.80865057860501,True,finite_frozen_pool_with_exact_once_trip_rows; no new CG certificate,cleanup,finished,498973,pure fresh CG,False,,,,,,,OPTIMAL,5,OPTIMAL,69.67433333332883,69.67433333332883,0,True,OPTIMAL,5,5.0,OPTIMAL,68.51533333332918,68.51533333332918,65.44920501153683,True,True,False,finite_frozen_pool_with_exact_once_trip_rows; no new CG certificate,2,11,3,0,0,0,/home/nc437/ladder-lite/spatial_tariff_expansion_20260925/results/mix2_duck_spatial_parx_x0p50/fresh_cg/job499544_r0/out/summary.json,8fed7e3e458b647c0359408cbad02a7fa3f4b090abaf81ce626c08004eef80a1,/home/nc437/ladder-lite/spatial_tariff_expansion_20260925/results/mix2_duck_spatial_parx_x0p50/fixed_duty/job499298_r0/out/summary.json,b56d0c8ca04647659208cba503802f883964aa8b021513e50b1fef8677604658,/home/nc437/ladder-lite/spatial_tariff_expansion_20260925/results/mix2_duck_spatial_parx_x0p50/fresh_cg/job499544_r0/out/summary.json,8fed7e3e458b647c0359408cbad02a7fa3f4b090abaf81ce626c08004eef80a1,/home/nc437/ladder-lite/spatial_tariff_expansion_20260925/results/mix2_duck_spatial_parx_x0p50/cleanup/job498973_r0/out/summary.json,132225cf2c35d60ff33e3a3c8d1a543b4296f6f4aec18bc11c9340e39123f530,/home/nc437/ladder-lite/spatial_tariff_expansion_20260925/post_records/mix2_duck_spatial_parx_x0p50/job498973_r0.json,5a0819257b70be94b75cc15bbab7cd75cbf144498025b55e621e0f8ccd4839e3
expansion,mix2_two_price_split,55,mix2,4a8b497e668be9962bca5906a8b69116fa634882,f8ae92f908e5f512f4f766739a2142d9bd5dfceb594a4cfeb26a3379ea0d2bfa,d9af72ccdb209d2946e778a79ad2052a6cdf87d3ba4a82fe581bc65fd2a09051,428.19430941,5,True,pricing_certified,2548.2359802140854,500182.34688585735,4.999999999999986,no_selection,INFEASIBLE,,,missing,,,OPTIMAL,5,5.0,OPTIMAL,236.22000000001572,236.22000000001572,230.43584453950461,True,finite_frozen_pool_with_exact_once_trip_rows; no new CG certificate,fallback_then_cleanup,finished,498974,fresh CG + GIRO fixed-duty frontier columns,True,42055,496,4,1,0,False,OPTIMAL,5,OPTIMAL,201.50000000001455,201.50000000001455,0,True,OPTIMAL,5,5.0,OPTIMAL,197.77999999999884,197.77999999999884,190.61622065854317,True,True,False,finite_frozen_pool_with_exact_once_trip_rows; no new CG certificate,2,9,4,0,0,0,/home/nc437/ladder-lite/spatial_tariff_expansion_20260925/results/mix2_two_price_split/fresh_cg/job499801_r0/out/summary.json,d3538e6250edc5de69e12a7ddc178f5073270bdfb235d84fff8e1b1dc63c40ea,/home/nc437/ladder-lite/spatial_tariff_expansion_20260925/results/mix2_two_price_split/fixed_duty/job499384_r0/out/summary.json,09e2f777054783c056eb6a3a21d29ac6a2cce6784561296c315944df85a770e8,/home/nc437/ladder-lite/spatial_tariff_expansion_20260925/results/mix2_two_price_split/fresh_cg/job498974_r0/out/summary.json,44326ff2f921ad6c83e04bcd5a834db9dcdf9048579498dcf46b8b1607dc5801,/home/nc437/ladder-lite/spatial_tariff_expansion_20260925/results/mix2_two_price_split/cleanup/job498974_r0/out/summary.json,b6c2aa687893eeeb0df0fa8da89748950db29a09fe2449c5cb901933e9adc554,/home/nc437/ladder-lite/spatial_tariff_expansion_20260925/post_records/mix2_two_price_split/job498974_r0.json,d851f0d60fff4b95904a44a83516af2ec121738e1017d904a136f143253d25c5
expansion,mix3_flat,56,mix3,4a8b497e668be9962bca5906a8b69116fa634882,9ab177c759f82e04e439c1ac21baaa020b1b8900c30445d6622932944c294d3e,59a9d3b7c1516b19b56267de7309cfe014a13f84b8b390738754a5f652f451f3,378.09182431,5,False,restricted_lp_not_optimal,14400.023418043002,,4.99999999999999,no_selection,TIME_LIMIT,,5.000000000000015,missing,,,OPTIMAL,5,5.0,OPTIMAL,208.5679999999993,208.5679999999993,200.0100143661839,True,finite_frozen_pool_with_exact_once_trip_rows; no new CG certificate,fallback_then_cleanup,finished,498975,fresh CG + GIRO fixed-duty frontier columns,True,114491,568,0,5,0,True,OPTIMAL,5,OPTIMAL,208.56799999998475,208.56799999998475,0,True,OPTIMAL,5,5.0,OPTIMAL,208.56799999998475,208.56799999998475,200.0100143661548,True,True,False,finite_frozen_pool_with_exact_once_trip_rows; no new CG certificate,0,5,4,0,0,0,/home/nc437/ladder-lite/spatial_tariff_expansion_20260925/results/mix3_flat/fresh_cg/job500707_r0/out/summary.json,b5af5be28faaf520b012bd5e8e7d0ca57f40ad73a7577a5fa2fd5831554627f6,/home/nc437/ladder-lite/spatial_tariff_expansion_20260925/results/mix3_flat/fixed_duty/job499386_r0/out/summary.json,98b4250ae851994d9075b8f119b383f7206ef77649fffdc7f64ed66a8790d378,/home/nc437/ladder-lite/spatial_tariff_expansion_20260925/results/mix3_flat/fresh_cg/job498975_r0/out/summary.json,13d9ac47496e30ba5e9a991d1da01d9ebf19ab05ad80b1d9b902c068c06bcc66,/home/nc437/ladder-lite/spatial_tariff_expansion_20260925/results/mix3_flat/cleanup/job498975_r0/out/summary.json,90b763e6fc01336c6dcd7c61ae6396fc28ccd4b44e2457d140b303e02ab8a918,/home/nc437/ladder-lite/spatial_tariff_expansion_20260925/post_records/mix3_flat/job498975_r0.json,e6bb1140490fb5d48a719ce9040aadd7ec6455f4adc496a6a6d2ce2baaecb77f
expansion,mix3_duck,57,mix3,4a8b497e668be9962bca5906a8b69116fa634882,9ab177c759f82e04e439c1ac21baaa020b1b8900c30445d6622932944c294d3e,eb8a4a5e0524fd3536ec2411e3628a14b0ea4b711aeed98a0066420b5e464e58,378.09182431,5,False,cg_time_limit,14400.048691623,,4.999999999999983,selected,OPTIMAL,5,5.0,OPTIMAL,155.781632816659,155.781632816659,OPTIMAL,5,5.0,OPTIMAL,97.11599999999453,97.11599999999453,92.90707221235789,True,finite_frozen_pool_with_exact_once_trip_rows; no new CG certificate,cleanup,finished,498976,pure fresh CG,False,,,,,,,OPTIMAL,5,OPTIMAL,155.781632816659,155.781632816659,0,True,OPTIMAL,5,5.0,OPTIMAL,109.20099999998638,109.20099999998638,102.1729339347512,True,True,False,finite_frozen_pool_with_exact_once_trip_rows; no new CG certificate,8,66,3,0,0,0,/home/nc437/ladder-lite/spatial_tariff_expansion_20260925/results/mix3_duck/fresh_cg/job500725_r0/out/summary.json,8060454cfee7e8dd781459a8cace8b285c44ee4661fe0b6482662fce0626e9fb,/home/nc437/ladder-lite/spatial_tariff_expansion_20260925/results/mix3_duck/fixed_duty/job499387_r0/out/summary.json,e55887fe8568e02ec60bee5c2be7cecad570654a095ee2a52a4ec50d9178eb61,/home/nc437/ladder-lite/spatial_tariff_expansion_20260925/results/mix3_duck/fresh_cg/job500725_r0/out/summary.json,8060454cfee7e8dd781459a8cace8b285c44ee4661fe0b6482662fce0626e9fb,/home/nc437/ladder-lite/spatial_tariff_expansion_20260925/results/mix3_duck/cleanup/job498976_r0/out/summary.json,494eb9eb641cd316a3de350895b312e86b80aa2a45cdb5f361964c00bb720ca6,/home/nc437/ladder-lite/spatial_tariff_expansion_20260925/post_records/mix3_duck/job498976_r0.json,d053db492cb0a720ec768652c3cf2614d5c711828ef5dc502b87ac0b29e3fe90
expansion,mix3_duck_solar_depot,58,mix3,4a8b497e668be9962bca5906a8b69116fa634882,9ab177c759f82e04e439c1ac21baaa020b1b8900c30445d6622932944c294d3e,20f2eb0922fc8b536276d5671f10d211a58fb3c6c3468198f1d214d27bb48274,378.09182431,5,True,pricing_certified,7837.1278280150145,500074.15751620685,4.999999999999989,selected,OPTIMAL,5,5.0,OPTIMAL,77.23033333334024,77.23033333334024,OPTIMAL,5,5.0,OPTIMAL,90.51999996003423,90.51999996003423,86.23628116572218,True,finite_frozen_pool_with_exact_once_trip_rows; no new CG certificate,cleanup,finished,498977,pure fresh CG,False,,,,,,,OPTIMAL,5,OPTIMAL,77.23033333334024,77.23033333334024,0,True,OPTIMAL,5,5.0,TIME_LIMIT,74.54333333333489,74.52970177910417,70.11727058902034,True,True,False,finite_frozen_pool_with_exact_once_trip_rows; no new CG certificate,3,16,3,0,0,0,/home/nc437/ladder-lite/spatial_tariff_expansion_20260925/results/mix3_duck_solar_depot/fresh_cg/job500731_r0/out/summary.json,a205d8971ebb884460a246adb0cce3a6297b05f5fe3bb10e6c79be8693201337,/home/nc437/ladder-lite/spatial_tariff_expansion_20260925/results/mix3_duck_solar_depot/fixed_duty/job499388_r0/out/summary.json,c0bc14ecaf68a125ffb1ef101c6899abfaa35d2baa791ef854dde7c98f3bfc1a,/home/nc437/ladder-lite/spatial_tariff_expansion_20260925/results/mix3_duck_solar_depot/fresh_cg/job500731_r0/out/summary.json,a205d8971ebb884460a246adb0cce3a6297b05f5fe3bb10e6c79be8693201337,/home/nc437/ladder-lite/spatial_tariff_expansion_20260925/results/mix3_duck_solar_depot/cleanup/job498977_r0/out/summary.json,70f0314ca7f563e1f95bc74af76bf25d9bdc25a6f055c3af3eb92444eface0e5,/home/nc437/ladder-lite/spatial_tariff_expansion_20260925/post_records/mix3_duck_solar_depot/job498977_r0.json,d9aaee39705b3b2e4e24c2b691e194a3919442197898624f02b368eff17fa249
expansion,mix3_spatial_2190L_x0p50,59,mix3,4a8b497e668be9962bca5906a8b69116fa634882,9ab177c759f82e04e439c1ac21baaa020b1b8900c30445d6622932944c294d3e,8e9d4b8c749e426086bb1843e39f83e35e37c67bd7a3fc5b300b2ba1fc800c6c,378.09182431,5,True,pricing_certified,12878.827120980248,500132.75553207926,4.999999999999997,selected,OPTIMAL,5,5.0,OPTIMAL,140.61600000000908,140.61600000000908,OPTIMAL,5,5.0,OPTIMAL,139.49999999998545,139.49999999998545,131.72321473818738,True,finite_frozen_pool_with_exact_once_trip_rows; no new CG certificate,cleanup,finished,498978,pure fresh CG,False,,,,,,,OPTIMAL,5,OPTIMAL,140.61600000000908,140.61600000000908,0,True,OPTIMAL,5,5.0,OPTIMAL,132.80399999998917,132.80399999998917,124.89696515801188,True,True,False,finite_frozen_pool_with_exact_once_trip_rows; no new CG certificate,4,21,3,0,0,0,/home/nc437/ladder-lite/spatial_tariff_expansion_20260925/results/mix3_spatial_2190L_x0p50/fresh_cg/job500738_r0/out/summary.json,91778ab91561acab2f7ef33dc690f6286c43e0778b48f3b9e4cb6e0d34b7d4a8,/home/nc437/ladder-lite/spatial_tariff_expansion_20260925/results/mix3_spatial_2190L_x0p50/fixed_duty/job499389_r0/out/summary.json,db1c59b6c24fe9ba01487520729c6a07494dedf81766035ff1b63bbf444edb90,/home/nc437/ladder-lite/spatial_tariff_expansion_20260925/results/mix3_spatial_2190L_x0p50/fresh_cg/job500738_r0/out/summary.json,91778ab91561acab2f7ef33dc690f6286c43e0778b48f3b9e4cb6e0d34b7d4a8,/home/nc437/ladder-lite/spatial_tariff_expansion_20260925/results/mix3_spatial_2190L_x0p50/cleanup/job498978_r0/out/summary.json,c9cf0dd3990a2ef5f5de0bbd5946f1002f164e6fddb4d1861f73cc2ea9ff0701,/home/nc437/ladder-lite/spatial_tariff_expansion_20260925/post_records/mix3_spatial_2190L_x0p50/job498978_r0.json,56fc223d32e133deb03230d2200aa890831cc6952d272ce5d7cbdff272e873ce
expansion,mix3_spatial_4808_x0p50,60,mix3,4a8b497e668be9962bca5906a8b69116fa634882,9ab177c759f82e04e439c1ac21baaa020b1b8900c30445d6622932944c294d3e,c609a95a94049ee111f99b94393a5876fff4897886aa5292aac6670af4dd73c2,378.09182431,5,True,pricing_certified,10562.953779233154,500147.0173272721,5.000000000000006,selected,OPTIMAL,5,5.0,OPTIMAL,178.43600000001607,178.43600000001607,OPTIMAL,5,5.0,OPTIMAL,155.37200000000303,155.37200000000303,147.47617473818536,True,finite_frozen_pool_with_exact_once_trip_rows; no new CG certificate,cleanup,finished,498979,pure fresh CG,False,,,,,,,OPTIMAL,5,OPTIMAL,178.43600000001607,178.43600000001607,0,True,OPTIMAL,5,5.0,OPTIMAL,151.89999541961643,151.89999541934907,142.43988991435617,True,True,False,finite_frozen_pool_with_exact_once_trip_rows; no new CG certificate,8,168,3,0,0,0,/home/nc437/ladder-lite/spatial_tariff_expansion_20260925/results/mix3_spatial_4808_x0p50/fresh_cg/job500739_r0/out/summary.json,acc38fc97d0d48a99407e00d11d78ada9f4f07b48719a1249b3939c4b6f88527,/home/nc437/ladder-lite/spatial_tariff_expansion_20260925/results/mix3_spatial_4808_x0p50/fixed_duty/job499433_r0/out/summary.json,bafef2316ae76a94a5b1bd0e60b82534bf47b25a36d076f8e823b6c1bee5ebb4,/home/nc437/ladder-lite/spatial_tariff_expansion_20260925/results/mix3_spatial_4808_x0p50/fresh_cg/job500739_r0/out/summary.json,acc38fc97d0d48a99407e00d11d78ada9f4f07b48719a1249b3939c4b6f88527,/home/nc437/ladder-lite/spatial_tariff_expansion_20260925/results/mix3_spatial_4808_x0p50/cleanup/job498979_r0/out/summary.json,0b7ce6646ebfdb82084d32a060becb101ac18fe1eaf1f72ee9cd738066b2f73c,/home/nc437/ladder-lite/spatial_tariff_expansion_20260925/post_records/mix3_spatial_4808_x0p50/job498979_r0.json,81eea2f46c63f0199f6f0cc7e648859e2bb0b46d23bc0790b532478a6058f991
expansion,mix3_spatial_PARX_x0p50,61,mix3,4a8b497e668be9962bca5906a8b69116fa634882,9ab177c759f82e04e439c1ac21baaa020b1b8900c30445d6622932944c294d3e,12a0d3a6a6db684dc156da55776c64fbfb30acfda22a97f82147f87450019886,378.09182431,5,True,pricing_certified,8113.82490463322,500129.81767537654,4.999999999999933,no_selection,TIME_LIMIT,,5.000000000000007,missing,,,OPTIMAL,5,5.0,OPTIMAL,177.69199999999546,177.69199999999546,169.8229585179506,True,finite_frozen_pool_with_exact_once_trip_rows; no new CG certificate,fallback_then_cleanup,finished,498980,fresh CG + GIRO fixed-duty frontier columns,True,114989,506,5,0,0,False,OPTIMAL,5,OPTIMAL,139.99599999998463,139.99599999998463,0,True,OPTIMAL,5,5.0,OPTIMAL,130.69599999998172,130.69599999998172,123.13780219262117,True,True,False,finite_frozen_pool_with_exact_once_trip_rows; no new CG certificate,4,19,4,0,0,0,/home/nc437/ladder-lite/spatial_tariff_expansion_20260925/results/mix3_spatial_PARX_x0p50/fresh_cg/job500753_r0/out/summary.json,81e769a81c579acaf93caafb900e60856d287756fe2544e1d312d901ee3912d0,/home/nc437/ladder-lite/spatial_tariff_expansion_20260925/results/mix3_spatial_PARX_x0p50/fixed_duty/job499434_r0/out/summary.json,c3e2972219926408baaec25d1ea80adaa953ac7c6dce7d4cda7ff416e2dd225c,/home/nc437/ladder-lite/spatial_tariff_expansion_20260925/results/mix3_spatial_PARX_x0p50/fresh_cg/job498980_r0/out/summary.json,b194dfbc47abf32f9f8deb0a71cce6ea6e358ec32221db619e34baaaa45a3b8f,/home/nc437/ladder-lite/spatial_tariff_expansion_20260925/results/mix3_spatial_PARX_x0p50/cleanup/job498980_r0/out/summary.json,57574d964e36eb53aaca459f372eb786ddcf4bc5acff065c53905540e76bb1c8,/home/nc437/ladder-lite/spatial_tariff_expansion_20260925/post_records/mix3_spatial_PARX_x0p50/job498980_r0.json,803b309cb5d6e9306710675f3ccaf482497b0da687bfb1c9b7b0cb8157d006c9
expansion,mix3_spatial_3127L_x0p50,62,mix3,4a8b497e668be9962bca5906a8b69116fa634882,9ab177c759f82e04e439c1ac21baaa020b1b8900c30445d6622932944c294d3e,6adef2093174eeef9682a6c745c0ba798a84983d922faed0502f9a6ad5ecce27,378.09182431,5,True,pricing_certified,6640.682378657002,500145.25726308156,5.0000000000000036,no_selection,TIME_LIMIT,,5.000000000000016,missing,,,OPTIMAL,5,5.0,OPTIMAL,160.33199999998033,160.33199999998033,154.89955881604692,True,finite_frozen_pool_with_exact_once_trip_rows; no new CG certificate,fallback_then_cleanup,finished,498981,fresh CG + GIRO fixed-duty frontier columns,True,80561,534,5,0,0,False,OPTIMAL,5,OPTIMAL,153.5119999999879,153.5119999999879,0,True,OPTIMAL,5,5.0,OPTIMAL,148.30399999998917,148.30399999998917,141.92980360910587,True,True,False,finite_frozen_pool_with_exact_once_trip_rows; no new CG certificate,3,16,4,0,0,0,/home/nc437/ladder-lite/spatial_tariff_expansion_20260925/results/mix3_spatial_3127L_x0p50/fresh_cg/job500761_r0/out/summary.json,447ea8136b81801b17f692cb1c9746b1235ab6240ccbaea66d2e816023ea8d12,/home/nc437/ladder-lite/spatial_tariff_expansion_20260925/results/mix3_spatial_3127L_x0p50/fixed_duty/job499435_r0/out/summary.json,b178e2e4e9166839d7d0fec0777fad7f23094d8226b9e1afd9b65d84cace403a,/home/nc437/ladder-lite/spatial_tariff_expansion_20260925/results/mix3_spatial_3127L_x0p50/fresh_cg/job498981_r0/out/summary.json,54df43880033ac429680fdd1d6b55d5fc1b2738e29f73eb388ed460aec5e9175,/home/nc437/ladder-lite/spatial_tariff_expansion_20260925/results/mix3_spatial_3127L_x0p50/cleanup/job498981_r0/out/summary.json,3ccafe2e582957491097d0e37e80e0c198247d4fb58569b2ee93dfe736fcc517,/home/nc437/ladder-lite/spatial_tariff_expansion_20260925/post_records/mix3_spatial_3127L_x0p50/job498981_r0.json,2af6b8dde83f35db024cb4f0a902e0a39afad74438c2bef6746a55be8eb272b7
expansion,mix3_spatial_7880C_x0p50,63,mix3,4a8b497e668be9962bca5906a8b69116fa634882,9ab177c759f82e04e439c1ac21baaa020b1b8900c30445d6622932944c294d3e,0ba3260c3e20b88609e26af3a83fdf79c4df3bfd4233088259f374e3710c92a1,378.09182431,5,True,pricing_certified,9245.927630855702,500150.94267074944,5.0000000000000036,selected,OPTIMAL,5,5.0,OPTIMAL,166.90399885740143,166.90399885740143,OPTIMAL,5,5.0,OPTIMAL,170.00400000000081,170.00400000000081,162.65863529514172,True,finite_frozen_pool_with_exact_once_trip_rows; no new CG certificate,cleanup,finished,498982,pure fresh CG,False,,,,,,,OPTIMAL,5,OPTIMAL,166.90399885740143,166.90399885740143,0,True,OPTIMAL,5,5.0,OPTIMAL,155.99199999998382,155.99199999998382,149.39951413807285,True,True,False,finite_frozen_pool_with_exact_once_trip_rows; no new CG certificate,4,22,3,0,0,0,/home/nc437/ladder-lite/spatial_tariff_expansion_20260925/results/mix3_spatial_7880C_x0p50/fresh_cg/job500771_r0/out/summary.json,5226bf5da829c3415defe4f03d313343d4f326c3c8cff6eb42006782e7a4bc21,/home/nc437/ladder-lite/spatial_tariff_expansion_20260925/results/mix3_spatial_7880C_x0p50/fixed_duty/job499436_r0/out/summary.json,0cedb2abd267a53c96c1d08948dce492e220af75288fecc89ac35e04f3992cea,/home/nc437/ladder-lite/spatial_tariff_expansion_20260925/results/mix3_spatial_7880C_x0p50/fresh_cg/job500771_r0/out/summary.json,5226bf5da829c3415defe4f03d313343d4f326c3c8cff6eb42006782e7a4bc21,/home/nc437/ladder-lite/spatial_tariff_expansion_20260925/results/mix3_spatial_7880C_x0p50/cleanup/job498982_r0/out/summary.json,fef2580513ea7ed1858969e749b0a51ce0d886c21102eea93cd9a67e10c37877,/home/nc437/ladder-lite/spatial_tariff_expansion_20260925/post_records/mix3_spatial_7880C_x0p50/job498982_r0.json,687c06be89cbf4b4df276e15f24a040d458b2c455c9a2b6ac306f86c9082c315
expansion,mix3_spatial_JON_A_x0p50,64,mix3,4a8b497e668be9962bca5906a8b69116fa634882,9ab177c759f82e04e439c1ac21baaa020b1b8900c30445d6622932944c294d3e,75d9925e2f0c4c33ce6c72536be7c0017e0c8cd7d9d8afb19cc85d918834d448,378.09182431,5,True,pricing_certified,7595.033998379018,500144.58804518497,5.0000000000000275,selected,OPTIMAL,5,5.0,OPTIMAL,167.02799999999115,167.02799999999115,OPTIMAL,5,5.0,OPTIMAL,168.3920000000071,168.3920000000071,162.5146961878927,True,finite_frozen_pool_with_exact_once_trip_rows; no new CG certificate,cleanup,finished,498983,pure fresh CG,False,,,,,,,OPTIMAL,5,OPTIMAL,167.02799999999115,167.02799999999115,0,True,OPTIMAL,5,5.0,OPTIMAL,157.35599999999977,157.35599999999977,150.30158916744404,True,True,False,finite_frozen_pool_with_exact_once_trip_rows; no new CG certificate,6,54,3,0,0,0,/home/nc437/ladder-lite/spatial_tariff_expansion_20260925/results/mix3_spatial_JON_A_x0p50/fresh_cg/job500782_r0/out/summary.json,9385c83444b299773c879567d9ae08299cb083095e63045a0302c923e7bc3607,/home/nc437/ladder-lite/spatial_tariff_expansion_20260925/results/mix3_spatial_JON_A_x0p50/fixed_duty/job499437_r0/out/summary.json,5f15a5d5d25300a439827bc49f5b33a3873a3798877699900ba58ac9ebc90881,/home/nc437/ladder-lite/spatial_tariff_expansion_20260925/results/mix3_spatial_JON_A_x0p50/fresh_cg/job500782_r0/out/summary.json,9385c83444b299773c879567d9ae08299cb083095e63045a0302c923e7bc3607,/home/nc437/ladder-lite/spatial_tariff_expansion_20260925/results/mix3_spatial_JON_A_x0p50/cleanup/job498983_r0/out/summary.json,37796de88e925fae268c5e592c4accbe5171ae0c1e0b8b17b0c9dbbf29f24869,/home/nc437/ladder-lite/spatial_tariff_expansion_20260925/post_records/mix3_spatial_JON_A_x0p50/job498983_r0.json,17c9fada8ce5599c6f173abfddec2148c0406e9e2d3f2c87863bdd9bba525065
expansion,mix3_spatial_4808_x2p00,65,mix3,4a8b497e668be9962bca5906a8b69116fa634882,9ab177c759f82e04e439c1ac21baaa020b1b8900c30445d6622932944c294d3e,2a75f2e96639b55fe194fade4e9eb7ada53cd6822d5a01db0749c47d068ab3b1,378.09182431,5,False,cg_time_limit,14402.600066112995,,4.999999999999997,no_selection,TIME_LIMIT,,5.000000000000001,missing,,,OPTIMAL,5,5.0,OPTIMAL,208.5679356377322,208.5679356377322,200.01001436616934,True,finite_frozen_pool_with_exact_once_trip_rows; no new CG certificate,fallback_then_cleanup,finished,498984,fresh CG + GIRO fixed-duty frontier columns,True,197471,571,0,5,0,True,OPTIMAL,5,OPTIMAL,208.56792452136466,208.56792452136466,0,True,OPTIMAL,5,5.0,OPTIMAL,208.5679582019639,208.5679582019639,200.0100143661839,True,True,False,finite_frozen_pool_with_exact_once_trip_rows; no new CG certificate,0,5,5,1,0,1,/home/nc437/ladder-lite/spatial_tariff_expansion_20260925/results/mix3_spatial_4808_x2p00/fresh_cg/job500893_r0/out/summary.json,1f909e88cfb3ad30ec7bad7a71e61107232f6a4c2f1590f86aafa686e8574014,/home/nc437/ladder-lite/spatial_tariff_expansion_20260925/results/mix3_spatial_4808_x2p00/fixed_duty/job499463_r1/out/summary.json,6245d2a1243294b0e860e4eccff1cba980cb48caa8b19e431b554f4d19d02ac7,/home/nc437/ladder-lite/spatial_tariff_expansion_20260925/results/mix3_spatial_4808_x2p00/fresh_cg/job498984_r0/out/summary.json,f1fedc5092f8ad4adae2b6d1df7d44f2e7a0d0abb2151eab86c059e192b0ad82,/home/nc437/ladder-lite/spatial_tariff_expansion_20260925/results/mix3_spatial_4808_x2p00/cleanup/job498984_r0/out/summary.json,b4edc79637b7a68d52b46b002a3d6d6385c9071e8efc6c0047bae194bce33a78,/home/nc437/ladder-lite/spatial_tariff_expansion_20260925/post_records/mix3_spatial_4808_x2p00/job498984_r0.json,59703c85006682a3214eb7217ff6f7c680500721bc44fd10272b81c8882ec0eb
expansion,mix3_duck_spatial_parx_x0p50,66,mix3,4a8b497e668be9962bca5906a8b69116fa634882,9ab177c759f82e04e439c1ac21baaa020b1b8900c30445d6622932944c294d3e,94ec8937698132342e8af194048cf7d02c33380de4d2787e8a619c3cfdda7cd9,378.09182431,5,True,pricing_certified,11675.340605500009,500066.71623862797,4.999999999999992,selected,OPTIMAL,5,5.0,OPTIMAL,66.73183333332418,66.73183333332418,OPTIMAL,5,5.0,OPTIMAL,86.39583333334303,86.39583333334303,82.76082770367793,True,finite_frozen_pool_with_exact_once_trip_rows; no new CG certificate,cleanup,finished,498985,pure fresh CG,False,,,,,,,OPTIMAL,5,OPTIMAL,66.73183333332418,66.73183333332418,0,True,OPTIMAL,5,5.0,OPTIMAL,66.73183333333873,66.73183333333873,63.734443312248914,True,True,False,finite_frozen_pool_with_exact_once_trip_rows; no new CG certificate,0,5,4,1,0,1,/home/nc437/ladder-lite/spatial_tariff_expansion_20260925/results/mix3_duck_spatial_parx_x0p50/fresh_cg/job500917_r0/out/summary.json,97fe17f570d3d1accebc27810605f800de600be985c1b93a305abb5ab8937297,/home/nc437/ladder-lite/spatial_tariff_expansion_20260925/results/mix3_duck_spatial_parx_x0p50/fixed_duty/job499464_r1/out/summary.json,edb85573ca97c0f114ac51407b11b8d6db7f03ef4061c2bc2d4d7c089520c5d0,/home/nc437/ladder-lite/spatial_tariff_expansion_20260925/results/mix3_duck_spatial_parx_x0p50/fresh_cg/job500917_r0/out/summary.json,97fe17f570d3d1accebc27810605f800de600be985c1b93a305abb5ab8937297,/home/nc437/ladder-lite/spatial_tariff_expansion_20260925/results/mix3_duck_spatial_parx_x0p50/cleanup/job498985_r0/out/summary.json,ae62bfbed392b910678a8da109c90fb25d558865c228c3974128897cdd1cdd3c,/home/nc437/ladder-lite/spatial_tariff_expansion_20260925/post_records/mix3_duck_spatial_parx_x0p50/job498985_r0.json,0690a1b99d992d6e24cb298021c4628ade2be98c19db7931c680773bab364c16
expansion,mix3_two_price_split,67,mix3,4a8b497e668be9962bca5906a8b69116fa634882,9ab177c759f82e04e439c1ac21baaa020b1b8900c30445d6622932944c294d3e,d9af72ccdb209d2946e778a79ad2052a6cdf87d3ba4a82fe581bc65fd2a09051,378.09182431,5,True,pricing_certified,5784.670561559033,500141.0721319609,5.000000000000002,selected,OPTIMAL,5,5.0,OPTIMAL,148.55200000002515,148.55200000002515,OPTIMAL,5,5.0,OPTIMAL,207.6999999999971,207.6999999999971,201.78222238947637,True,finite_frozen_pool_with_exact_once_trip_rows; no new CG certificate,cleanup,finished,498986,pure fresh CG,False,,,,,,,OPTIMAL,5,OPTIMAL,148.55200000002515,148.55200000002515,0,True,OPTIMAL,5,5.0,OPTIMAL,144.33600000001024,144.33600000001024,136.5093171644694,True,True,False,finite_frozen_pool_with_exact_once_trip_rows; no new CG certificate,0,5,4,1,0,1,/home/nc437/ladder-lite/spatial_tariff_expansion_20260925/results/mix3_two_price_split/fresh_cg/job501540_r0/out/summary.json,0adb62a9fc559b845ec7cf9111ada5e63c7c36b8b63f18c70210ae8706942c88,/home/nc437/ladder-lite/spatial_tariff_expansion_20260925/results/mix3_two_price_split/fixed_duty/job499465_r1/out/summary.json,8f741132890acdd62955469de5dc010dc49c33052a7c2646ef68cd09e5096910,/home/nc437/ladder-lite/spatial_tariff_expansion_20260925/results/mix3_two_price_split/fresh_cg/job501540_r0/out/summary.json,0adb62a9fc559b845ec7cf9111ada5e63c7c36b8b63f18c70210ae8706942c88,/home/nc437/ladder-lite/spatial_tariff_expansion_20260925/results/mix3_two_price_split/cleanup/job498986_r0/out/summary.json,5c5a54618a7944649d905212b2cb0ea78b8093f62cd0291428cfd964b1c64321,/home/nc437/ladder-lite/spatial_tariff_expansion_20260925/post_records/mix3_two_price_split/job498986_r0.json,1a8d98100922e369f336a99d49308f6f9b93166a34b27f986120a590e336278e
expansion,mix4_flat,68,mix4,4a8b497e668be9962bca5906a8b69116fa634882,3d94c5e9e048ac13b13c38587210b827af1f95f8fa8806a05d5f8f8cad7ef4ae,59a9d3b7c1516b19b56267de7309cfe014a13f84b8b390738754a5f652f451f3,334.07661128,5,False,restricted_lp_not_optimal,14400.01704691397,,4.999999999999995,no_selection,INFEASIBLE,,,missing,,,OPTIMAL,5,5.0,OPTIMAL,190.21594791052283,190.21594791052283,180.18906078701548,True,finite_frozen_pool_with_exact_once_trip_rows; no new CG certificate,fallback_then_cleanup,finished,498987,fresh CG + GIRO fixed-duty frontier columns,True,88764,517,0,4,1,True,OPTIMAL,5,TIME_LIMIT,190.2159028143637,190.11086742312432,0,True,OPTIMAL,5,5.0,TIME_LIMIT,190.2159507918322,190.1122974846079,180.18906078700093,True,True,False,finite_frozen_pool_with_exact_once_trip_rows; no new CG certificate,0,5,4,0,0,0,/home/nc437/ladder-lite/spatial_tariff_expansion_20260925/results/mix4_flat/fresh_cg/job501950_r0/out/summary.json,ea1b1ea190c36f6632d413db7dda4226feaa9dfe2f366ab743646414b4b51f00,/home/nc437/ladder-lite/spatial_tariff_expansion_20260925/results/mix4_flat/fixed_duty/job499466_r0/out/summary.json,085b329b765c94ffc3fafe3e4e2b66b3c318a5a0b95bccd4f4718821b7a2e2b4,/home/nc437/ladder-lite/spatial_tariff_expansion_20260925/results/mix4_flat/fresh_cg/job498987_r0/out/summary.json,729aee74bea23bff481b4dedc8af49969efdab998589a08168de23976b518c58,/home/nc437/ladder-lite/spatial_tariff_expansion_20260925/results/mix4_flat/cleanup/job498987_r0/out/summary.json,9e031f8b0d79de547962c1e3883e5a2c2ea31b3b2a7219ecd8c05a494b904515,/home/nc437/ladder-lite/spatial_tariff_expansion_20260925/post_records/mix4_flat/job498987_r0.json,1e1f36cf2269f781930c13fd04f578b9d389fd5f35bb4dddcf13ea1d2f3c4c5e
expansion,mix4_duck,69,mix4,4a8b497e668be9962bca5906a8b69116fa634882,3d94c5e9e048ac13b13c38587210b827af1f95f8fa8806a05d5f8f8cad7ef4ae,eb8a4a5e0524fd3536ec2411e3628a14b0ea4b711aeed98a0066420b5e464e58,334.07661128,5,False,cg_time_limit,14401.454147547978,,5.000000000000023,no_selection,INFEASIBLE,,,missing,,,OPTIMAL,5,5.0,OPTIMAL,78.4660000000149,78.4660000000149,74.17164413085266,True,finite_frozen_pool_with_exact_once_trip_rows; no new CG certificate,fallback_then_cleanup,finished,498988,fresh CG + GIRO fixed-duty frontier columns,True,157884,494,0,5,0,True,OPTIMAL,5,TIME_LIMIT,101.09399999999732,76.7678861103644,0,True,OPTIMAL,5,5.0,OPTIMAL,78.4660000000149,78.4660000000149,74.17164413085266,True,True,False,finite_frozen_pool_with_exact_once_trip_rows; no new CG certificate,0,5,4,0,0,0,/home/nc437/ladder-lite/spatial_tariff_expansion_20260925/results/mix4_duck/fresh_cg/job501951_r0/out/summary.json,06ad948019d7ae0ec19b560bd36b4e3636483f5b45db76f4dfa970b385b7895b,/home/nc437/ladder-lite/spatial_tariff_expansion_20260925/results/mix4_duck/fixed_duty/job499487_r0/out/summary.json,f8b1347208960fd9cac69d4800b646286499308c9a241854495a998260d5e80c,/home/nc437/ladder-lite/spatial_tariff_expansion_20260925/results/mix4_duck/fresh_cg/job498988_r0/out/summary.json,e4520cc5e651f13d6b4959d95a4e5aafdb8bc1b6ac41ce88bade2e757bba7d59,/home/nc437/ladder-lite/spatial_tariff_expansion_20260925/results/mix4_duck/cleanup/job498988_r0/out/summary.json,4cebde54a25aa2b925035baeb834ad0090a6826ddb728aa1f20e656f17639b77,/home/nc437/ladder-lite/spatial_tariff_expansion_20260925/post_records/mix4_duck/job498988_r0.json,112a3631876cca1440954f0162eaff8da9b1b5861790142159ad1084c7b1a981
expansion,mix4_duck_solar_depot,70,mix4,4a8b497e668be9962bca5906a8b69116fa634882,3d94c5e9e048ac13b13c38587210b827af1f95f8fa8806a05d5f8f8cad7ef4ae,20f2eb0922fc8b536276d5671f10d211a58fb3c6c3468198f1d214d27bb48274,334.07661128,5,False,cg_time_limit,14400.433702928945,,5.000000000000001,no_selection,TIME_LIMIT,,5.000000000000001,missing,,,OPTIMAL,5,5.0,OPTIMAL,77.44600000001083,77.44600000001083,72.84505844248633,True,finite_frozen_pool_with_exact_once_trip_rows; no new CG certificate,fallback_then_cleanup,finished,498989,fresh CG + GIRO fixed-duty frontier columns,True,281429,499,5,0,0,False,OPTIMAL,5,OPTIMAL,73.276666666643,73.276666666643,0,True,OPTIMAL,5,5.0,OPTIMAL,70.30666666665638,70.30666666665638,65.68145630432991,True,True,False,finite_frozen_pool_with_exact_once_trip_rows; no new CG certificate,2,10,5,1,0,1,/home/nc437/ladder-lite/spatial_tariff_expansion_20260925/results/mix4_duck_solar_depot/fresh_cg/job502285_r0/out/summary.json,25661e38125f2ad8c46801c48e6c298a54e9a8c237c5538142e1e187e2fdaa0d,/home/nc437/ladder-lite/spatial_tariff_expansion_20260925/results/mix4_duck_solar_depot/fixed_duty/job499488_r1/out/summary.json,95f4533963595c8ab2c279b4d2a7f7bc0e6a02de105834ed1563b2856cd3a3c1,/home/nc437/ladder-lite/spatial_tariff_expansion_20260925/results/mix4_duck_solar_depot/fresh_cg/job498989_r0/out/summary.json,06809b221fdcc7f037e88c2717674b1b8696eaea0fca6f444cd6ba86431fe8e5,/home/nc437/ladder-lite/spatial_tariff_expansion_20260925/results/mix4_duck_solar_depot/cleanup/job498989_r0/out/summary.json,f9bad8f3ece8016161142c892099ff1d7d6b1bed442dde26d210559e81b78d8f,/home/nc437/ladder-lite/spatial_tariff_expansion_20260925/post_records/mix4_duck_solar_depot/job498989_r0.json,99dd3193172e20df78dadb265394a41467fe49e3709603a193d2f3a64420db60
expansion,mix4_spatial_2190L_x0p50,71,mix4,4a8b497e668be9962bca5906a8b69116fa634882,3d94c5e9e048ac13b13c38587210b827af1f95f8fa8806a05d5f8f8cad7ef4ae,8e9d4b8c749e426086bb1843e39f83e35e37c67bd7a3fc5b300b2ba1fc800c6c,334.07661128,5,False,cg_time_limit,14401.138478944078,,5.000000000000011,no_selection,TIME_LIMIT,,5.0,missing,,,OPTIMAL,5,5.0,OPTIMAL,134.78800000001502,134.78800000001502,125.47579710940772,True,finite_frozen_pool_with_exact_once_trip_rows; no new CG certificate,fallback_then_cleanup,finished,498990,fresh CG + GIRO fixed-duty frontier columns,True,179364,517,0,5,0,True,OPTIMAL,5,OPTIMAL,134.78800000001502,134.78800000001502,0,True,OPTIMAL,5,5.0,OPTIMAL,134.78800000001502,134.78800000001502,125.47579710940772,True,True,False,finite_frozen_pool_with_exact_once_trip_rows; no new CG certificate,0,5,4,0,0,0,/home/nc437/ladder-lite/spatial_tariff_expansion_20260925/results/mix4_spatial_2190L_x0p50/fresh_cg/job502286_r0/out/summary.json,ed68197b2be5e6dbd50c73eef657e3caa09093851a18df702103d9d2ddf9139a,/home/nc437/ladder-lite/spatial_tariff_expansion_20260925/results/mix4_spatial_2190L_x0p50/fixed_duty/job499516_r0/out/summary.json,07b8b5104098ccf1a203168da3d1c7dbaffb6feae260ede765d9f580d3b54891,/home/nc437/ladder-lite/spatial_tariff_expansion_20260925/results/mix4_spatial_2190L_x0p50/fresh_cg/job498990_r0/out/summary.json,f654458c99dddf10523e6ee0d653c703213856789c5d4fa40193059b1fb63f2f,/home/nc437/ladder-lite/spatial_tariff_expansion_20260925/results/mix4_spatial_2190L_x0p50/cleanup/job498990_r0/out/summary.json,2a53f0f359561bd8ff6515388e005fd55945ddbf8053d70b7fb77d3fc39ff1b7,/home/nc437/ladder-lite/spatial_tariff_expansion_20260925/post_records/mix4_spatial_2190L_x0p50/job498990_r0.json,d3f9fe3a4a9dd720b4f26da0397e42a6daabffd347eb235c6b6592208774a0e5
expansion,mix4_spatial_4808_x0p50,72,mix4,4a8b497e668be9962bca5906a8b69116fa634882,3d94c5e9e048ac13b13c38587210b827af1f95f8fa8806a05d5f8f8cad7ef4ae,c609a95a94049ee111f99b94393a5876fff4897886aa5292aac6670af4dd73c2,334.07661128,5,False,cg_time_limit,14400.737786461134,,4.999999999999988,no_selection,INFEASIBLE,,,missing,,,OPTIMAL,5,5.0,OPTIMAL,151.03200000000652,151.03200000000652,141.60075710940873,True,finite_frozen_pool_with_exact_once_trip_rows; no new CG certificate,fallback_then_cleanup,finished,498991,fresh CG + GIRO fixed-duty frontier columns,True,159984,518,0,5,0,True,OPTIMAL,5,OPTIMAL,151.03200000000652,151.03200000000652,0,True,OPTIMAL,5,5.0,OPTIMAL,151.03200000000652,151.03200000000652,141.60075710940873,True,True,False,finite_frozen_pool_with_exact_once_trip_rows; no new CG certificate,0,5,4,0,0,0,/home/nc437/ladder-lite/spatial_tariff_expansion_20260925/results/mix4_spatial_4808_x0p50/fresh_cg/job502393_r0/out/summary.json,7d60fee6f326157b18f8cdd75dd00fc370854f65f23dc5791f8e72f8314dd368,/home/nc437/ladder-lite/spatial_tariff_expansion_20260925/results/mix4_spatial_4808_x0p50/fixed_duty/job499517_r0/out/summary.json,3717bea41585380d0b2450edcbe0b2b719edf21767d9eaa252b0f8c0f5cfe8ec,/home/nc437/ladder-lite/spatial_tariff_expansion_20260925/results/mix4_spatial_4808_x0p50/fresh_cg/job498991_r0/out/summary.json,e40d3e1c3cc3c2b4c7a96e393a53ea9da560fb061bad3f7f06de3da32d1b3f86,/home/nc437/ladder-lite/spatial_tariff_expansion_20260925/results/mix4_spatial_4808_x0p50/cleanup/job498991_r0/out/summary.json,cbb27db025b559a09691b40ccddd57f0dee42b0310beef0f392689428ec21fb5,/home/nc437/ladder-lite/spatial_tariff_expansion_20260925/post_records/mix4_spatial_4808_x0p50/job498991_r0.json,a8ccd63c02d0385c2165c1d1ac4bfb128c76b17b0929f7cf272a5081e2fd3d22
expansion,mix4_spatial_PARX_x0p50,73,mix4,4a8b497e668be9962bca5906a8b69116fa634882,3d94c5e9e048ac13b13c38587210b827af1f95f8fa8806a05d5f8f8cad7ef4ae,12a0d3a6a6db684dc156da55776c64fbfb30acfda22a97f82147f87450019886,334.07661128,5,False,cg_time_limit,14402.856403131038,,5.000000000000012,no_selection,INFEASIBLE,,,missing,,,OPTIMAL,5,5.0,OPTIMAL,169.38399999999092,169.38399999999092,158.9906656207313,True,finite_frozen_pool_with_exact_once_trip_rows; no new CG certificate,fallback_then_cleanup,finished,498992,fresh CG + GIRO fixed-duty frontier columns,True,153954,489,0,5,0,True,OPTIMAL,5,OPTIMAL,169.38399999999092,169.38399999999092,0,True,OPTIMAL,5,5.0,OPTIMAL,169.38399999999092,169.38399999999092,158.99066562074586,True,True,False,finite_frozen_pool_with_exact_once_trip_rows; no new CG certificate,0,5,4,0,0,0,/home/nc437/ladder-lite/spatial_tariff_expansion_20260925/results/mix4_spatial_PARX_x0p50/fresh_cg/job502810_r0/out/summary.json,1dc03ae106e19ac10528e2bcfb056ad2398ba50d68e58c13b90d4697bb91eb0d,/home/nc437/ladder-lite/spatial_tariff_expansion_20260925/results/mix4_spatial_PARX_x0p50/fixed_duty/job499545_r0/out/summary.json,bf363139280e9af6c980394bf32e203becd6d0e8605ebb3924ba96d814ed2ae8,/home/nc437/ladder-lite/spatial_tariff_expansion_20260925/results/mix4_spatial_PARX_x0p50/fresh_cg/job498992_r0/out/summary.json,240ded1b0ca77cf29ada40bb1c325e6715804ea892587091f05217cfacd5dde6,/home/nc437/ladder-lite/spatial_tariff_expansion_20260925/results/mix4_spatial_PARX_x0p50/cleanup/job498992_r0/out/summary.json,a11e5270ecd7409f67eb54a3e8887b5f368efb274721434bd6e77aeb9a19cb42,/home/nc437/ladder-lite/spatial_tariff_expansion_20260925/post_records/mix4_spatial_PARX_x0p50/job498992_r0.json,4af0331ec97b8b0ab833278e7afd7bc8a15ce7af95ab07eed2d9de3043ceb604
expansion,mix4_spatial_3127L_x0p50,74,mix4,4a8b497e668be9962bca5906a8b69116fa634882,3d94c5e9e048ac13b13c38587210b827af1f95f8fa8806a05d5f8f8cad7ef4ae,6adef2093174eeef9682a6c745c0ba798a84983d922faed0502f9a6ad5ecce27,334.07661128,5,False,cg_time_limit,14400.735197146889,,5.000000000000007,no_selection,INFEASIBLE,,,missing,,,OPTIMAL,5,5.0,OPTIMAL,143.09599999999045,143.09599999999045,136.19564690583502,True,finite_frozen_pool_with_exact_once_trip_rows; no new CG certificate,fallback_then_cleanup,finished,498993,fresh CG + GIRO fixed-duty frontier columns,True,118164,490,0,4,1,True,OPTIMAL,5,OPTIMAL,143.096000000005,143.096000000005,0,True,OPTIMAL,5,5.0,OPTIMAL,143.09599999999045,143.09599999999045,136.04129163638572,True,True,False,finite_frozen_pool_with_exact_once_trip_rows; no new CG certificate,0,5,4,0,0,0,/home/nc437/ladder-lite/spatial_tariff_expansion_20260925/results/mix4_spatial_3127L_x0p50/fresh_cg/job503045_r0/out/summary.json,6d1a86e6c6bf35b8be94d0e5cd6a7c97463bd01fd2e449f88ff68844d55d8e1e,/home/nc437/ladder-lite/spatial_tariff_expansion_20260925/results/mix4_spatial_3127L_x0p50/fixed_duty/job499546_r0/out/summary.json,9d99397fe97d6e6a2cf2f4b1074b36657b67e22ebf0389ce20f40636564a5e4a,/home/nc437/ladder-lite/spatial_tariff_expansion_20260925/results/mix4_spatial_3127L_x0p50/fresh_cg/job498993_r0/out/summary.json,ae2b6c5b00b86937614b91ad864dedcdcc32da4454b3621d2055df1e9638bccd,/home/nc437/ladder-lite/spatial_tariff_expansion_20260925/results/mix4_spatial_3127L_x0p50/cleanup/job498993_r0/out/summary.json,eaa1ef6f7fe0dd7c2c2adfec514206fef321c79c222508b93f5ecb9b091bf6ea,/home/nc437/ladder-lite/spatial_tariff_expansion_20260925/post_records/mix4_spatial_3127L_x0p50/job498993_r0.json,39d27a2bc4c6a89c334ca3ceae41fbaa2fed2f495a06675023157965964b1c83
expansion,mix4_spatial_7880C_x0p50,75,mix4,4a8b497e668be9962bca5906a8b69116fa634882,3d94c5e9e048ac13b13c38587210b827af1f95f8fa8806a05d5f8f8cad7ef4ae,0ba3260c3e20b88609e26af3a83fdf79c4df3bfd4233088259f374e3710c92a1,334.07661128,5,False,cg_time_limit,14403.095965576998,,5.000000000000001,no_selection,TIME_LIMIT,,5.0000000000000036,missing,,,OPTIMAL,5,5.0,OPTIMAL,162.0679999999993,162.0679999999993,152.41464806339354,True,finite_frozen_pool_with_exact_once_trip_rows; no new CG certificate,fallback_then_cleanup,finished,498994,fresh CG + GIRO fixed-duty frontier columns,True,140544,493,0,5,0,True,OPTIMAL,5,OPTIMAL,162.06799999998475,162.06799999998475,0,True,OPTIMAL,5,5.0,OPTIMAL,162.0679999999993,162.0679999999993,152.41464806339354,True,True,False,finite_frozen_pool_with_exact_once_trip_rows; no new CG certificate,0,5,4,0,0,0,/home/nc437/ladder-lite/spatial_tariff_expansion_20260925/results/mix4_spatial_7880C_x0p50/fresh_cg/job503315_r0/out/summary.json,2117b626a5dfdbb429ae46917df7d37fa40b61d05c1c17dcceae82ab73663bc0,/home/nc437/ladder-lite/spatial_tariff_expansion_20260925/results/mix4_spatial_7880C_x0p50/fixed_duty/job499547_r0/out/summary.json,751f1a17c26113915928e99f324d1d11c729878d019fdbd1321c5e36a992b568,/home/nc437/ladder-lite/spatial_tariff_expansion_20260925/results/mix4_spatial_7880C_x0p50/fresh_cg/job498994_r0/out/summary.json,51502504b4dede40121931ce1cd8bd1806ef6e2c48811e9b1cc4fd8cad9b9d23,/home/nc437/ladder-lite/spatial_tariff_expansion_20260925/results/mix4_spatial_7880C_x0p50/cleanup/job498994_r0/out/summary.json,65fb76e7865264ca9a00d416c3f3c1ad8a92130c620b63631ce3fe075de2d827,/home/nc437/ladder-lite/spatial_tariff_expansion_20260925/post_records/mix4_spatial_7880C_x0p50/job498994_r0.json,ddb7c47b7fa4100e0a188e92c2e35bf8497687a859143f38d9e19eb5b66877bd
expansion,mix4_spatial_JON_A_x0p50,76,mix4,4a8b497e668be9962bca5906a8b69116fa634882,3d94c5e9e048ac13b13c38587210b827af1f95f8fa8806a05d5f8f8cad7ef4ae,75d9925e2f0c4c33ce6c72536be7c0017e0c8cd7d9d8afb19cc85d918834d448,334.07661128,5,True,pricing_certified,14219.764459226993,500136.43887060304,4.999999999999994,selected,OPTIMAL,5,5.0,OPTIMAL,157.2320000000036,157.2320000000036,OPTIMAL,5,5.0,OPTIMAL,143.21999999997206,143.21999999997206,136.98919720166305,True,finite_frozen_pool_with_exact_once_trip_rows; no new CG certificate,cleanup,finished,498995,pure fresh CG,False,,,,,,,OPTIMAL,5,OPTIMAL,157.2320000000036,157.2320000000036,0,True,OPTIMAL,5,5.0,OPTIMAL,138.2599999999802,138.2599999999802,131.8525715580181,True,True,False,finite_frozen_pool_with_exact_once_trip_rows; no new CG certificate,5,22,4,1,1,0,/home/nc437/ladder-lite/spatial_tariff_expansion_20260925/results/mix4_spatial_JON_A_x0p50/fresh_cg/job503323_r1/out/summary.json,e1eaf50c86dca0f206f6fe55e19168b0dedbb5ebac317f366f8d37e71f0c9254,/home/nc437/ladder-lite/spatial_tariff_expansion_20260925/results/mix4_spatial_JON_A_x0p50/fixed_duty/job499548_r0/out/summary.json,916f18ce2bdf590c70e72a1558bc7b9c468d6a9aabc6e44ec390de22d0f436dd,/home/nc437/ladder-lite/spatial_tariff_expansion_20260925/results/mix4_spatial_JON_A_x0p50/fresh_cg/job503323_r1/out/summary.json,e1eaf50c86dca0f206f6fe55e19168b0dedbb5ebac317f366f8d37e71f0c9254,/home/nc437/ladder-lite/spatial_tariff_expansion_20260925/results/mix4_spatial_JON_A_x0p50/cleanup/job498995_r0/out/summary.json,2df26b884dacc5dd3159b0f9ab4f251049f095f8ea43d358646d58da44ec7fb9,/home/nc437/ladder-lite/spatial_tariff_expansion_20260925/post_records/mix4_spatial_JON_A_x0p50/job498995_r0.json,d9c4b2bae3d1c77d86b7776de9f5af8d5a471b8a0447e1db75be9c32b4f37c81
expansion,mix4_spatial_4808_x2p00,77,mix4,4a8b497e668be9962bca5906a8b69116fa634882,3d94c5e9e048ac13b13c38587210b827af1f95f8fa8806a05d5f8f8cad7ef4ae,2a75f2e96639b55fe194fade4e9eb7ada53cd6822d5a01db0749c47d068ab3b1,334.07661128,5,False,cg_time_limit,14404.862083385233,,4.999999999999994,no_selection,INFEASIBLE,,,missing,,,OPTIMAL,5,5.0,TIME_LIMIT,190.21594791052283,190.12320748769832,180.18906078701548,True,finite_frozen_pool_with_exact_once_trip_rows; no new CG certificate,fallback_then_cleanup,finished,498996,fresh CG + GIRO fixed-duty frontier columns,True,138894,517,0,5,0,True,OPTIMAL,5,TIME_LIMIT,190.21593560655398,190.102251794803,0,True,OPTIMAL,5,5.0,TIME_LIMIT,190.21594766288987,190.1122974845984,180.18906078701548,True,True,False,finite_frozen_pool_with_exact_once_trip_rows; no new CG certificate,0,5,4,0,0,0,/home/nc437/ladder-lite/spatial_tariff_expansion_20260925/results/mix4_spatial_4808_x2p00/fresh_cg/job503662_r0/out/summary.json,faba451a0e284e479e3f32e40673540c3bc5554daa8d045fb2b408cbe7fe2574,/home/nc437/ladder-lite/spatial_tariff_expansion_20260925/results/mix4_spatial_4808_x2p00/fixed_duty/job499554_r0/out/summary.json,e177674bfbc247ec070e3cc351e5bb1a36b3c5dbf8c19cc722b4933024985844,/home/nc437/ladder-lite/spatial_tariff_expansion_20260925/results/mix4_spatial_4808_x2p00/fresh_cg/job498996_r0/out/summary.json,2abecc3048c9972e24174da47588886522bd3278c1a268907c5e13a17f17d638,/home/nc437/ladder-lite/spatial_tariff_expansion_20260925/results/mix4_spatial_4808_x2p00/cleanup/job498996_r0/out/summary.json,64d1b01f700e25d4bef3feef3c1fdbbc4ff5a05a8e3f356aa6ede904377dc8d1,/home/nc437/ladder-lite/spatial_tariff_expansion_20260925/post_records/mix4_spatial_4808_x2p00/job498996_r0.json,bde4857e6e403b23dd232b400d524ac6ee752a2e7164f521dab134e20340ee11
expansion,mix4_duck_spatial_parx_x0p50,78,mix4,4a8b497e668be9962bca5906a8b69116fa634882,3d94c5e9e048ac13b13c38587210b827af1f95f8fa8806a05d5f8f8cad7ef4ae,94ec8937698132342e8af194048cf7d02c33380de4d2787e8a619c3cfdda7cd9,334.07661128,5,False,cg_time_limit,14402.003533925978,,5.000000000000017,no_selection,INFEASIBLE,,,missing,,,OPTIMAL,5,5.0,OPTIMAL,75.79766666668002,75.79766666668002,71.57329075725283,True,finite_frozen_pool_with_exact_once_trip_rows; no new CG certificate,fallback_then_cleanup,finished,498997,fresh CG + GIRO fixed-duty frontier columns,True,93384,493,0,5,0,True,OPTIMAL,5,OPTIMAL,75.79766666668002,75.79766666668002,0,True,OPTIMAL,5,5.0,OPTIMAL,75.79766666668002,75.79766666668002,71.57329075725283,True,True,False,finite_frozen_pool_with_exact_once_trip_rows; no new CG certificate,0,5,5,1,1,0,/home/nc437/ladder-lite/spatial_tariff_expansion_20260925/results/mix4_duck_spatial_parx_x0p50/fresh_cg/job503670_r1/out/summary.json,f0fbc100bb186138ed0225e2c95174feccf66275cb91f905474fe668fa5734b8,/home/nc437/ladder-lite/spatial_tariff_expansion_20260925/results/mix4_duck_spatial_parx_x0p50/fixed_duty/job499555_r0/out/summary.json,74beaa8650778aa258c2f9d7ab967a34054a2671841d65549582920bbd9aa5fc,/home/nc437/ladder-lite/spatial_tariff_expansion_20260925/results/mix4_duck_spatial_parx_x0p50/fresh_cg/job498997_r0/out/summary.json,f01e307b69d7b418002b4872c6d99d4a5a7d1d08c2e994c72146aa270d83adf1,/home/nc437/ladder-lite/spatial_tariff_expansion_20260925/results/mix4_duck_spatial_parx_x0p50/cleanup/job498997_r0/out/summary.json,dd1cf0b0d5f1c874cfb2249893c7f0d4bc0e732e44d7bfe40791ede31dc35850,/home/nc437/ladder-lite/spatial_tariff_expansion_20260925/post_records/mix4_duck_spatial_parx_x0p50/job498997_r0.json,ee4fcb16504a50d7c2c0e8a8141d9117f56ed7e791f6b6f6b53a950704f74bc9
expansion,mix4_two_price_split,79,mix4,4a8b497e668be9962bca5906a8b69116fa634882,3d94c5e9e048ac13b13c38587210b827af1f95f8fa8806a05d5f8f8cad7ef4ae,d9af72ccdb209d2946e778a79ad2052a6cdf87d3ba4a82fe581bc65fd2a09051,334.07661128,5,True,pricing_certified,8859.61926079201,500152.52059726464,5.0,no_selection,INFEASIBLE,,,missing,,,OPTIMAL,5,5.0,OPTIMAL,173.4759985820241,173.4759985820241,166.51458895365067,True,finite_frozen_pool_with_exact_once_trip_rows; no new CG certificate,fallback_then_cleanup,finished,498998,fresh CG + GIRO fixed-duty frontier columns,True,104226,503,0,5,0,True,OPTIMAL,5,OPTIMAL,173.4759999999951,173.4759999999951,0,True,OPTIMAL,5,5.0,OPTIMAL,173.47599999998056,173.47599999998056,167.03305774870387,True,True,False,finite_frozen_pool_with_exact_once_trip_rows; no new CG certificate,0,5,4,0,0,0,/home/nc437/ladder-lite/spatial_tariff_expansion_20260925/results/mix4_two_price_split/fresh_cg/job498917_r0/out/summary.json,4d322b673280ff3acf5efc2e45726e6a48a85367592fd5ee73389ee6573d2ba5,/home/nc437/ladder-lite/spatial_tariff_expansion_20260925/results/mix4_two_price_split/fixed_duty/job498918_r0/out/summary.json,05b65f0171b2f346af87b38527dfb81f2203126eb2ab65d9eb98f63cd73355fd,/home/nc437/ladder-lite/spatial_tariff_expansion_20260925/results/mix4_two_price_split/fresh_cg/job498998_r0/out/summary.json,790bee01c6b04e3d5de2187ea83d3042bf88ce8a94575697a74cec4761c4edfe,/home/nc437/ladder-lite/spatial_tariff_expansion_20260925/results/mix4_two_price_split/cleanup/job498998_r0/out/summary.json,419b3f4208b3ce188be8428b906f1b77c7451e28fa7bb284c5bd5e16c30c511a,/home/nc437/ladder-lite/spatial_tariff_expansion_20260925/post_records/mix4_two_price_split/job498998_r0.json,7640886f098aa9bb6061aa076be0e1c7d51e9672ead389f120bf72fcee835699
