
Gurobi 12.0.3 (linux64) logging started Tue Sep 22 13:14:16 2026

Set parameter LogFile to value "/share/scaglione/nc437/evsp-dr/chain_extension_33_40_20260921/cases/w4_k35/cg/661695_r0/cg.json.gurobi.log"
Set parameter TimeLimit to value 7.4509139756280929e+03
Set parameter TimeLimit to value 7.4509139756280929e+03
Set parameter Method to value 1
Gurobi Optimizer version 12.0.3 build v12.0.3rc0 (linux64 - "Ubuntu 24.04.4 LTS")

CPU model: Intel(R) Xeon(R) Gold 6230 CPU @ 2.10GHz, instruction set [SSE2|AVX|AVX2|AVX512]
Thread count: 40 physical cores, 40 logical processors, using up to 1 threads

Non-default parameters:
TimeLimit  7.4509139756280929e+03
Method  1
BarHomogeneous  1
Threads  1

Optimize a model with 830 rows, 258433 columns and 7216503 nonzeros
Model fingerprint: 0x2b0fae55
Coefficient statistics:
  Matrix range     [1e+00, 1e+00]
  Objective range  [1e+05, 5e+05]
  Bounds range     [0e+00, 0e+00]
  RHS range        [1e+00, 1e+00]
Presolve removed 14 rows and 844 columns
Presolve time: 4.12s
Presolved: 816 rows, 257589 columns, 7215659 nonzeros

Iteration    Objective       Primal Inf.    Dual Inf.      Time
       0    1.4000000e+06   8.160000e+02   0.000000e+00      5s

Starting sifting (using dual simplex for sub-problems)...

    Iter     Pivots    Primal Obj      Dual Obj        Time
       0          0     infinity      1.4000000e+06      5s
       1       1155   2.9635494e+07   2.1849669e+06      5s
       2       5500   8.8650911e+06   2.5380693e+06      6s
       3       9817   5.5270425e+06   3.1330966e+06      8s
       4      15168   4.8756763e+06   3.7381146e+06     11s
       5      28447   4.7104483e+06   4.3017661e+06     22s
       6      40252   4.7017615e+06   4.6986372e+06     32s
       7      49331   4.7015598e+06   4.7007250e+06     41s
       8      57707   4.7014913e+06   4.7012137e+06     52s
       9      65193   4.7014740e+06   4.7013056e+06     63s
      10      72896   4.7014639e+06   4.7013710e+06     76s
      11      80211   4.7014581e+06   4.7014125e+06     88s
      12      88069   4.7014542e+06   4.7014278e+06    102s
      13      95260   4.7014521e+06   4.7014426e+06    114s
      14     102787   4.7014517e+06   4.7014470e+06    127s

Sifting complete

  109305    4.7014517e+06   0.000000e+00   2.185429e+02    137s
  110778    4.7014517e+06   0.000000e+00   0.000000e+00    139s

Solved in 110778 iterations and 139.46 seconds (206.91 work units)
Optimal objective  4.701451687e+06
Set parameter TimeLimit to value 7.2636801121467724e+03
Set parameter Method to value 1
Gurobi Optimizer version 12.0.3 build v12.0.3rc0 (linux64 - "Ubuntu 24.04.4 LTS")

CPU model: Intel(R) Xeon(R) Gold 6230 CPU @ 2.10GHz, instruction set [SSE2|AVX|AVX2|AVX512]
Thread count: 40 physical cores, 40 logical processors, using up to 1 threads

Non-default parameters:
TimeLimit  7.2636801121467724e+03
Method  1
BarHomogeneous  1
Threads  1

Optimize a model with 830 rows, 258463 columns and 7217143 nonzeros
Coefficient statistics:
  Matrix range     [1e+00, 1e+00]
  Objective range  [1e+05, 5e+05]
  Bounds range     [0e+00, 0e+00]
  RHS range        [1e+00, 1e+00]
LP warm-start: use basis

Iteration    Objective       Primal Inf.    Dual Inf.      Time
       0   -3.8997789e+37   1.676482e+33   3.899779e+07      1s
     330    3.4015226e+06   1.300210e+03   0.000000e+00      6s
     569    3.4015227e+06   3.349775e+02   0.000000e+00     10s
     925    3.4015227e+06   9.653249e+01   0.000000e+00     16s
    1160    3.4015227e+06   2.500542e+02   0.000000e+00     20s
    1519    3.4015227e+06   3.423220e+02   0.000000e+00     27s
    1757    3.4015228e+06   9.415391e+01   0.000000e+00     31s
    2112    3.4015228e+06   4.136239e+01   0.000000e+00     37s
    2351    3.4015228e+06   2.342938e+01   0.000000e+00     41s
    2711    3.4015228e+06   8.394929e+00   0.000000e+00     47s
    2951    3.4015228e+06   2.002677e+01   0.000000e+00     51s
    3191    3.4015228e+06   1.591292e+00   0.000000e+00     55s
    3354    3.4015228e+06   0.000000e+00   0.000000e+00     58s

Solved in 3354 iterations and 58.03 seconds (79.78 work units)
Optimal objective  3.401522780e+06
Set parameter TimeLimit to value 7.1734505292512476e+03
Set parameter Method to value 1
Gurobi Optimizer version 12.0.3 build v12.0.3rc0 (linux64 - "Ubuntu 24.04.4 LTS")

CPU model: Intel(R) Xeon(R) Gold 6230 CPU @ 2.10GHz, instruction set [SSE2|AVX|AVX2|AVX512]
Thread count: 40 physical cores, 40 logical processors, using up to 1 threads

Non-default parameters:
TimeLimit  7.1734505292512476e+03
Method  1
BarHomogeneous  1
Threads  1

Optimize a model with 830 rows, 258493 columns and 7217607 nonzeros
Coefficient statistics:
  Matrix range     [1e+00, 1e+00]
  Objective range  [1e+05, 5e+05]
  Bounds range     [0e+00, 0e+00]
  RHS range        [1e+00, 1e+00]
LP warm-start: use basis

Iteration    Objective       Primal Inf.    Dual Inf.      Time
       0   -3.0018612e+36   1.825540e+34   3.001861e+06      1s
     147    3.4015228e+06   0.000000e+00   0.000000e+00      3s

Solved in 147 iterations and 3.16 seconds (3.81 work units)
Optimal objective  3.401522780e+06
Set parameter TimeLimit to value 7.1391128456098959e+03
Set parameter Method to value 1
Gurobi Optimizer version 12.0.3 build v12.0.3rc0 (linux64 - "Ubuntu 24.04.4 LTS")

CPU model: Intel(R) Xeon(R) Gold 6230 CPU @ 2.10GHz, instruction set [SSE2|AVX|AVX2|AVX512]
Thread count: 40 physical cores, 40 logical processors, using up to 1 threads

Non-default parameters:
TimeLimit  7.1391128456098959e+03
Method  1
BarHomogeneous  1
Threads  1

Optimize a model with 830 rows, 258523 columns and 7218090 nonzeros
Coefficient statistics:
  Matrix range     [1e+00, 1e+00]
  Objective range  [1e+05, 5e+05]
  Bounds range     [0e+00, 0e+00]
  RHS range        [1e+00, 1e+00]
LP warm-start: use basis

Iteration    Objective       Primal Inf.    Dual Inf.      Time
       0   -2.9998486e+36   2.339610e+34   2.999849e+06      1s
     149    3.4015228e+06   0.000000e+00   0.000000e+00      3s

Solved in 149 iterations and 3.27 seconds (3.90 work units)
Optimal objective  3.401522780e+06
Set parameter TimeLimit to value 7.1054185375492088e+03
Set parameter Method to value 1
Gurobi Optimizer version 12.0.3 build v12.0.3rc0 (linux64 - "Ubuntu 24.04.4 LTS")

CPU model: Intel(R) Xeon(R) Gold 6230 CPU @ 2.10GHz, instruction set [SSE2|AVX|AVX2|AVX512]
Thread count: 40 physical cores, 40 logical processors, using up to 1 threads

Non-default parameters:
TimeLimit  7.1054185375492088e+03
Method  1
BarHomogeneous  1
Threads  1

Optimize a model with 830 rows, 258553 columns and 7218602 nonzeros
Coefficient statistics:
  Matrix range     [1e+00, 1e+00]
  Objective range  [1e+05, 5e+05]
  Bounds range     [0e+00, 0e+00]
  RHS range        [1e+00, 1e+00]
LP warm-start: use basis

Iteration    Objective       Primal Inf.    Dual Inf.      Time
       0   -2.9998116e+36   1.973980e+34   2.999812e+06      1s
     175    3.4015228e+06   0.000000e+00   0.000000e+00      4s

Solved in 175 iterations and 3.64 seconds (4.54 work units)
Optimal objective  3.401522780e+06
Set parameter TimeLimit to value 7.0723275245875120e+03
Set parameter Method to value 1
Gurobi Optimizer version 12.0.3 build v12.0.3rc0 (linux64 - "Ubuntu 24.04.4 LTS")

CPU model: Intel(R) Xeon(R) Gold 6230 CPU @ 2.10GHz, instruction set [SSE2|AVX|AVX2|AVX512]
Thread count: 40 physical cores, 40 logical processors, using up to 1 threads

Non-default parameters:
TimeLimit  7.0723275245875120e+03
Method  1
BarHomogeneous  1
Threads  1

Optimize a model with 830 rows, 258583 columns and 7219127 nonzeros
Coefficient statistics:
  Matrix range     [1e+00, 1e+00]
  Objective range  [1e+05, 5e+05]
  Bounds range     [0e+00, 0e+00]
  RHS range        [1e+00, 1e+00]
LP warm-start: use basis

Iteration    Objective       Primal Inf.    Dual Inf.      Time
       0   -2.9998341e+36   2.603951e+34   2.999834e+06      1s
      94    3.4015228e+06   0.000000e+00   0.000000e+00      2s

Solved in 94 iterations and 2.18 seconds (2.55 work units)
Optimal objective  3.401522780e+06
Set parameter TimeLimit to value 7.0419134240727872e+03
Set parameter Method to value 1
Gurobi Optimizer version 12.0.3 build v12.0.3rc0 (linux64 - "Ubuntu 24.04.4 LTS")

CPU model: Intel(R) Xeon(R) Gold 6230 CPU @ 2.10GHz, instruction set [SSE2|AVX|AVX2|AVX512]
Thread count: 40 physical cores, 40 logical processors, using up to 1 threads

Non-default parameters:
TimeLimit  7.0419134240727872e+03
Method  1
BarHomogeneous  1
Threads  1

Optimize a model with 830 rows, 258613 columns and 7219708 nonzeros
Coefficient statistics:
  Matrix range     [1e+00, 1e+00]
  Objective range  [1e+05, 5e+05]
  Bounds range     [0e+00, 0e+00]
  RHS range        [1e+00, 1e+00]
LP warm-start: use basis

Iteration    Objective       Primal Inf.    Dual Inf.      Time
       0   -3.0000258e+36   2.732061e+34   3.000026e+06      1s
      82    3.4015228e+06   0.000000e+00   0.000000e+00      2s

Solved in 82 iterations and 1.91 seconds (2.22 work units)
Optimal objective  3.401522780e+06
Set parameter TimeLimit to value 7.0111708650169894e+03
Set parameter Method to value 1
Gurobi Optimizer version 12.0.3 build v12.0.3rc0 (linux64 - "Ubuntu 24.04.4 LTS")

CPU model: Intel(R) Xeon(R) Gold 6230 CPU @ 2.10GHz, instruction set [SSE2|AVX|AVX2|AVX512]
Thread count: 40 physical cores, 40 logical processors, using up to 1 threads

Non-default parameters:
TimeLimit  7.0111708650169894e+03
Method  1
BarHomogeneous  1
Threads  1

Optimize a model with 830 rows, 258643 columns and 7220179 nonzeros
Coefficient statistics:
  Matrix range     [1e+00, 1e+00]
  Objective range  [1e+05, 5e+05]
  Bounds range     [0e+00, 0e+00]
  RHS range        [1e+00, 1e+00]
LP warm-start: use basis

Iteration    Objective       Primal Inf.    Dual Inf.      Time
       0   -3.0923369e+33   4.860068e+34   3.092337e+03      1s
      98    3.4015228e+06   0.000000e+00   0.000000e+00      2s

Solved in 98 iterations and 2.05 seconds (2.52 work units)
Optimal objective  3.401522780e+06
Set parameter TimeLimit to value 6.9817333137905225e+03
Set parameter Method to value 1
Gurobi Optimizer version 12.0.3 build v12.0.3rc0 (linux64 - "Ubuntu 24.04.4 LTS")

CPU model: Intel(R) Xeon(R) Gold 6230 CPU @ 2.10GHz, instruction set [SSE2|AVX|AVX2|AVX512]
Thread count: 40 physical cores, 40 logical processors, using up to 1 threads

Non-default parameters:
TimeLimit  6.9817333137905225e+03
Method  1
BarHomogeneous  1
Threads  1

Optimize a model with 830 rows, 258673 columns and 7220621 nonzeros
Coefficient statistics:
  Matrix range     [1e+00, 1e+00]
  Objective range  [1e+05, 5e+05]
  Bounds range     [0e+00, 0e+00]
  RHS range        [1e+00, 1e+00]
LP warm-start: use basis

Iteration    Objective       Primal Inf.    Dual Inf.      Time
       0   -3.0000364e+36   4.249084e+34   3.000036e+06      1s
      57    3.4015228e+06   0.000000e+00   0.000000e+00      2s

Solved in 57 iterations and 1.55 seconds (1.63 work units)
Optimal objective  3.401522780e+06
Set parameter TimeLimit to value 6.9520343674360774e+03
Set parameter Method to value 1
Gurobi Optimizer version 12.0.3 build v12.0.3rc0 (linux64 - "Ubuntu 24.04.4 LTS")

CPU model: Intel(R) Xeon(R) Gold 6230 CPU @ 2.10GHz, instruction set [SSE2|AVX|AVX2|AVX512]
Thread count: 40 physical cores, 40 logical processors, using up to 1 threads

Non-default parameters:
TimeLimit  6.9520343674360774e+03
Method  1
BarHomogeneous  1
Threads  1

Optimize a model with 830 rows, 258703 columns and 7221134 nonzeros
Coefficient statistics:
  Matrix range     [1e+00, 1e+00]
  Objective range  [1e+05, 5e+05]
  Bounds range     [0e+00, 0e+00]
  RHS range        [1e+00, 1e+00]
LP warm-start: use basis

Iteration    Objective       Primal Inf.    Dual Inf.      Time
       0   -3.0000884e+36   1.865384e+34   3.000088e+06      1s
     110    3.4015228e+06   0.000000e+00   0.000000e+00      2s

Solved in 110 iterations and 2.32 seconds (2.78 work units)
Optimal objective  3.401522780e+06
Set parameter TimeLimit to value 6920.59841926489
Set parameter Method to value 1
Gurobi Optimizer version 12.0.3 build v12.0.3rc0 (linux64 - "Ubuntu 24.04.4 LTS")

CPU model: Intel(R) Xeon(R) Gold 6230 CPU @ 2.10GHz, instruction set [SSE2|AVX|AVX2|AVX512]
Thread count: 40 physical cores, 40 logical processors, using up to 1 threads

Non-default parameters:
TimeLimit  6920.59841926489
Method  1
BarHomogeneous  1
Threads  1

Optimize a model with 830 rows, 258733 columns and 7221624 nonzeros
Coefficient statistics:
  Matrix range     [1e+00, 1e+00]
  Objective range  [1e+05, 5e+05]
  Bounds range     [0e+00, 0e+00]
  RHS range        [1e+00, 1e+00]
LP warm-start: use basis

Iteration    Objective       Primal Inf.    Dual Inf.      Time
       0   -2.5286988e+33   3.298212e+34   2.528699e+03      1s
      91    3.4015228e+06   0.000000e+00   0.000000e+00      2s

Solved in 91 iterations and 2.14 seconds (2.50 work units)
Optimal objective  3.401522780e+06
Set parameter TimeLimit to value 6.8900357361920178e+03
Set parameter Method to value 1
Gurobi Optimizer version 12.0.3 build v12.0.3rc0 (linux64 - "Ubuntu 24.04.4 LTS")

CPU model: Intel(R) Xeon(R) Gold 6230 CPU @ 2.10GHz, instruction set [SSE2|AVX|AVX2|AVX512]
Thread count: 40 physical cores, 40 logical processors, using up to 1 threads

Non-default parameters:
TimeLimit  6.8900357361920178e+03
Method  1
BarHomogeneous  1
Threads  1

Optimize a model with 830 rows, 258763 columns and 7222076 nonzeros
Coefficient statistics:
  Matrix range     [1e+00, 1e+00]
  Objective range  [1e+05, 5e+05]
  Bounds range     [0e+00, 0e+00]
  RHS range        [1e+00, 1e+00]
LP warm-start: use basis

Iteration    Objective       Primal Inf.    Dual Inf.      Time
       0   -2.7282002e+33   7.237491e+34   2.728200e+03      1s
      78    3.4015228e+06   0.000000e+00   0.000000e+00      2s

Solved in 78 iterations and 1.78 seconds (2.10 work units)
Optimal objective  3.401522780e+06
Set parameter TimeLimit to value 6.8601330844261684e+03
Set parameter Method to value 1
Gurobi Optimizer version 12.0.3 build v12.0.3rc0 (linux64 - "Ubuntu 24.04.4 LTS")

CPU model: Intel(R) Xeon(R) Gold 6230 CPU @ 2.10GHz, instruction set [SSE2|AVX|AVX2|AVX512]
Thread count: 40 physical cores, 40 logical processors, using up to 1 threads

Non-default parameters:
TimeLimit  6.8601330844261684e+03
Method  1
BarHomogeneous  1
Threads  1

Optimize a model with 830 rows, 258793 columns and 7222631 nonzeros
Coefficient statistics:
  Matrix range     [1e+00, 1e+00]
  Objective range  [1e+05, 5e+05]
  Bounds range     [0e+00, 0e+00]
  RHS range        [1e+00, 1e+00]
LP warm-start: use basis

Iteration    Objective       Primal Inf.    Dual Inf.      Time
       0   -1.7695100e+33   5.613286e+34   1.769510e+03      0s
      91    3.4015228e+06   0.000000e+00   0.000000e+00      2s

Solved in 91 iterations and 2.03 seconds (2.36 work units)
Optimal objective  3.401522780e+06
Set parameter TimeLimit to value 6.8301085366890766e+03
Set parameter Method to value 1
Gurobi Optimizer version 12.0.3 build v12.0.3rc0 (linux64 - "Ubuntu 24.04.4 LTS")

CPU model: Intel(R) Xeon(R) Gold 6230 CPU @ 2.10GHz, instruction set [SSE2|AVX|AVX2|AVX512]
Thread count: 40 physical cores, 40 logical processors, using up to 1 threads

Non-default parameters:
TimeLimit  6.8301085366890766e+03
Method  1
BarHomogeneous  1
Threads  1

Optimize a model with 830 rows, 258823 columns and 7223321 nonzeros
Coefficient statistics:
  Matrix range     [1e+00, 1e+00]
  Objective range  [1e+05, 5e+05]
  Bounds range     [0e+00, 0e+00]
  RHS range        [1e+00, 1e+00]
LP warm-start: use basis

Iteration    Objective       Primal Inf.    Dual Inf.      Time
       0   -2.9148062e+33   5.958840e+34   2.914806e+03      1s
     122    3.4015228e+06   0.000000e+00   0.000000e+00      3s

Solved in 122 iterations and 2.70 seconds (3.19 work units)
Optimal objective  3.401522780e+06
Set parameter TimeLimit to value 6.7982773632667959e+03
Set parameter Method to value 1
Gurobi Optimizer version 12.0.3 build v12.0.3rc0 (linux64 - "Ubuntu 24.04.4 LTS")

CPU model: Intel(R) Xeon(R) Gold 6230 CPU @ 2.10GHz, instruction set [SSE2|AVX|AVX2|AVX512]
Thread count: 40 physical cores, 40 logical processors, using up to 1 threads

Non-default parameters:
TimeLimit  6.7982773632667959e+03
Method  1
BarHomogeneous  1
Threads  1

Optimize a model with 830 rows, 258853 columns and 7223870 nonzeros
Coefficient statistics:
  Matrix range     [1e+00, 1e+00]
  Objective range  [1e+05, 5e+05]
  Bounds range     [0e+00, 0e+00]
  RHS range        [1e+00, 1e+00]
LP warm-start: use basis

Iteration    Objective       Primal Inf.    Dual Inf.      Time
       0   -1.6095449e+33   8.655834e+34   1.609545e+03      1s
      47    3.4015228e+06   0.000000e+00   0.000000e+00      1s

Solved in 47 iterations and 1.35 seconds (1.42 work units)
Optimal objective  3.401522780e+06
Set parameter TimeLimit to value 6.7677463520145975e+03
Set parameter Method to value 1
Gurobi Optimizer version 12.0.3 build v12.0.3rc0 (linux64 - "Ubuntu 24.04.4 LTS")

CPU model: Intel(R) Xeon(R) Gold 6230 CPU @ 2.10GHz, instruction set [SSE2|AVX|AVX2|AVX512]
Thread count: 40 physical cores, 40 logical processors, using up to 1 threads

Non-default parameters:
TimeLimit  6.7677463520145975e+03
Method  1
BarHomogeneous  1
Threads  1

Optimize a model with 830 rows, 258883 columns and 7224430 nonzeros
Coefficient statistics:
  Matrix range     [1e+00, 1e+00]
  Objective range  [1e+05, 5e+05]
  Bounds range     [0e+00, 0e+00]
  RHS range        [1e+00, 1e+00]
LP warm-start: use basis

Iteration    Objective       Primal Inf.    Dual Inf.      Time
       0   -1.6145334e+33   9.102756e+34   1.614533e+03      1s
     395   -4.9433358e+31   1.881249e+34   4.943336e+01      5s
     724   -4.4092739e+28   1.420203e+33   4.409279e-02     10s
    1083    3.4014977e+06   3.424083e+04   0.000000e+00     17s
    1323    3.4014999e+06   2.643571e+04   0.000000e+00     21s
    1680    3.4015049e+06   4.394336e+04   0.000000e+00     26s
    1920    3.4015085e+06   3.692412e+04   0.000000e+00     30s
    2280    3.4015111e+06   2.083815e+04   0.000000e+00     37s
    2517    3.4015133e+06   1.846911e+04   0.000000e+00     40s
    2875    3.4015140e+06   8.234931e+03   0.000000e+00     47s
    3110    3.4015146e+06   2.953748e+03   0.000000e+00     51s
    3464    3.4015158e+06   6.074555e+03   0.000000e+00     57s
    3702    3.4015160e+06   2.892833e+03   0.000000e+00     61s
    4058    3.4015163e+06   2.652135e+03   0.000000e+00     67s
Warning: Markowitz tolerance tightened to 0.03125
    4297    3.4015165e+06   1.448260e+03   0.000000e+00     71s
    4651    3.4015171e+06   2.628302e+03   0.000000e+00     77s
    4884    3.4015171e+06   4.597027e+03   0.000000e+00     81s
    5240    3.4015174e+06   4.568097e+02   0.000000e+00     87s
    5479    3.4015174e+06   3.028233e+03   0.000000e+00     91s
    5832    3.4015175e+06   5.419276e+02   0.000000e+00     97s
    6068    3.4015175e+06   1.705127e+03   0.000000e+00    101s
    6303    3.4015176e+06   1.077951e+03   0.000000e+00    105s
    6657    3.4015176e+06   6.468438e+02   0.000000e+00    111s
    6894    3.4015177e+06   1.071205e+03   0.000000e+00    115s
    7244    3.4015177e+06   1.582152e+03   0.000000e+00    121s
    7483    3.4015178e+06   1.193714e+03   0.000000e+00    125s
    7837    3.4015178e+06   4.984789e+02   0.000000e+00    131s
    8073    3.4015178e+06   3.613177e+02   0.000000e+00    135s
    8430    3.4015179e+06   1.862170e+02   0.000000e+00    141s
    8667    3.4015179e+06   3.842212e+02   0.000000e+00    145s
    9024    3.4015179e+06   1.563497e+02   0.000000e+00    151s
    9261    3.4015179e+06   2.537137e+02   0.000000e+00    155s
    9616    3.4015180e+06   5.589467e+02   0.000000e+00    161s
    9854    3.4015180e+06   2.510574e+02   0.000000e+00    165s
   10208    3.4015180e+06   1.924248e+02   0.000000e+00    171s
   10447    3.4015180e+06   1.332944e+02   0.000000e+00    175s
   10803    3.4015180e+06   1.195150e+02   0.000000e+00    181s
   11040    3.4015180e+06   1.880842e+02   0.000000e+00    185s
   11395    3.4015181e+06   7.352566e+01   0.000000e+00    192s
   11631    3.4015181e+06   6.752595e+01   0.000000e+00    196s
   11982    3.4015181e+06   9.388146e+01   0.000000e+00    202s
   12220    3.4015181e+06   5.450806e+02   0.000000e+00    206s
   12577    3.4015181e+06   1.575696e+01   0.000000e+00    212s
   12816    3.4015181e+06   5.959588e-02   0.000000e+00    216s
   12857    3.4015181e+06   0.000000e+00   0.000000e+00    217s

Solved in 12857 iterations and 216.77 seconds (300.70 work units)
Optimal objective  3.401518105e+06
Set parameter TimeLimit to value 6.5205912487208843e+03
Set parameter Method to value 1
Gurobi Optimizer version 12.0.3 build v12.0.3rc0 (linux64 - "Ubuntu 24.04.4 LTS")

CPU model: Intel(R) Xeon(R) Gold 6230 CPU @ 2.10GHz, instruction set [SSE2|AVX|AVX2|AVX512]
Thread count: 40 physical cores, 40 logical processors, using up to 1 threads

Non-default parameters:
TimeLimit  6.5205912487208843e+03
Method  1
BarHomogeneous  1
Threads  1

Optimize a model with 830 rows, 258913 columns and 7225022 nonzeros
Coefficient statistics:
  Matrix range     [1e+00, 1e+00]
  Objective range  [1e+05, 5e+05]
  Bounds range     [0e+00, 0e+00]
  RHS range        [1e+00, 1e+00]
LP warm-start: use basis

Iteration    Objective       Primal Inf.    Dual Inf.      Time
       0   -1.6116470e+33   1.221747e+35   1.611647e+03      1s
     318   -1.1389134e+28   4.567875e+32   1.138916e-02      5s
     597    3.4015180e+06   6.929031e+02   0.000000e+00     10s
     947    3.4015181e+06   3.917100e+03   0.000000e+00     16s
    1183    3.4015181e+06   8.003649e+01   0.000000e+00     20s
    1536    3.4015181e+06   3.458674e+01   0.000000e+00     27s
    1770    3.4015181e+06   2.340620e+01   0.000000e+00     30s
    2126    3.4015181e+06   3.819644e+01   0.000000e+00     37s
    2304    3.4015181e+06   0.000000e+00   0.000000e+00     40s

Solved in 2304 iterations and 39.80 seconds (54.57 work units)
Optimal objective  3.401518105e+06
Set parameter TimeLimit to value 6.4519168213927187e+03
Set parameter Method to value 1
Gurobi Optimizer version 12.0.3 build v12.0.3rc0 (linux64 - "Ubuntu 24.04.4 LTS")

CPU model: Intel(R) Xeon(R) Gold 6230 CPU @ 2.10GHz, instruction set [SSE2|AVX|AVX2|AVX512]
Thread count: 40 physical cores, 40 logical processors, using up to 1 threads

Non-default parameters:
TimeLimit  6.4519168213927187e+03
Method  1
BarHomogeneous  1
Threads  1

Optimize a model with 830 rows, 258943 columns and 7225641 nonzeros
Coefficient statistics:
  Matrix range     [1e+00, 1e+00]
  Objective range  [1e+05, 5e+05]
  Bounds range     [0e+00, 0e+00]
  RHS range        [1e+00, 1e+00]
LP warm-start: use basis

Iteration    Objective       Primal Inf.    Dual Inf.      Time
       0   -1.9766097e+33   7.273610e+34   1.976610e+03      1s
     265   -1.4314365e+32   7.509025e+33   1.431436e+02      5s
     569   -8.8705691e+31   3.770599e+33   8.870569e+01     10s
     918   -1.5445124e+31   2.762832e+34   1.544512e+01     16s
    1228   -9.8975549e+30   5.343662e+34   9.897554e+00     22s
    1546   -5.4819095e+30   1.193364e+34   5.481909e+00     27s
    1786   -3.1816484e+30   4.960454e+33   3.181649e+00     31s
    2138   -1.8305709e+30   4.636939e+33   1.830571e+00     37s
    2373   -1.2218158e+30   8.967652e+33   1.221816e+00     41s
    2729   -4.5023575e+29   3.265284e+33   4.502358e-01     47s
    2967   -1.3219964e+29   1.346841e+33   1.321997e-01     51s
    3326    3.4015070e+06   5.966629e+04   0.000000e+00     57s
    3566    3.4015113e+06   5.571272e+03   0.000000e+00     61s
    3919    3.4015133e+06   2.295920e+04   0.000000e+00     67s
    4154    3.4015142e+06   2.165022e+03   0.000000e+00     71s
    4507    3.4015147e+06   7.290603e+02   0.000000e+00     77s
    4742    3.4015149e+06   2.739839e+03   0.000000e+00     81s
    5091    3.4015152e+06   1.098518e+04   0.000000e+00     87s
    5322    3.4015153e+06   7.333392e+02   0.000000e+00     91s
    5675    3.4015155e+06   1.011954e+03   0.000000e+00     97s
    5908    3.4015155e+06   2.687132e+02   0.000000e+00    101s
    6254    3.4015157e+06   2.009917e+02   0.000000e+00    106s
    6479    3.4015158e+06   1.767012e+02   0.000000e+00    110s
    6823    3.4015159e+06   1.779533e+03   0.000000e+00    116s
    7168    3.4015160e+06   6.065588e+02   0.000000e+00    122s
    7402    3.4015160e+06   5.714169e+02   0.000000e+00    126s
    7758    3.4015161e+06   1.074154e+03   0.000000e+00    132s
    7990    3.4015161e+06   3.694305e+02   0.000000e+00    136s
    8335    3.4015161e+06   2.063398e+02   0.000000e+00    142s
    8567    3.4015162e+06   1.916223e+02   0.000000e+00    146s
    8924    3.4015162e+06   4.986252e+01   0.000000e+00    152s
    9163    3.4015162e+06   2.508287e+02   0.000000e+00    156s
    9402    3.4015163e+06   1.420855e+02   0.000000e+00    160s
    9755    3.4015163e+06   1.572942e+02   0.000000e+00    167s
    9993    3.4015163e+06   5.054486e+01   0.000000e+00    171s
   10349    3.4015163e+06   7.573081e+00   0.000000e+00    177s
   10587    3.4015163e+06   3.927411e+00   0.000000e+00    181s
   10698    3.4015163e+06   0.000000e+00   0.000000e+00    183s

Solved in 10698 iterations and 182.92 seconds (253.74 work units)
Optimal objective  3.401516301e+06
Set parameter TimeLimit to value 6.2397504106457345e+03
Set parameter Method to value 1
Gurobi Optimizer version 12.0.3 build v12.0.3rc0 (linux64 - "Ubuntu 24.04.4 LTS")

CPU model: Intel(R) Xeon(R) Gold 6230 CPU @ 2.10GHz, instruction set [SSE2|AVX|AVX2|AVX512]
Thread count: 40 physical cores, 40 logical processors, using up to 1 threads

Non-default parameters:
TimeLimit  6.2397504106457345e+03
Method  1
BarHomogeneous  1
Threads  1

Optimize a model with 830 rows, 258973 columns and 7226183 nonzeros
Coefficient statistics:
  Matrix range     [1e+00, 1e+00]
  Objective range  [1e+05, 5e+05]
  Bounds range     [0e+00, 0e+00]
  RHS range        [1e+00, 1e+00]
LP warm-start: use basis

Iteration    Objective       Primal Inf.    Dual Inf.      Time
       0   -1.2229919e+33   2.486965e+34   1.222992e+03      1s
     304   -1.7329376e+31   1.994655e+33   1.732938e+01      6s
     576   -5.3729711e+30   2.484388e+33   5.372971e+00     10s
     933   -1.9765484e+30   1.709296e+34   1.976548e+00     16s
    1284   -3.4716232e+29   2.387244e+33   3.471624e-01     22s
    1520   -5.2537755e+28   1.911872e+33   5.253778e-02     26s
    1875    3.4015053e+06   2.140394e+03   0.000000e+00     32s
    2111    3.4015072e+06   8.905850e+03   0.000000e+00     35s
    2471    3.4015089e+06   1.268909e+03   0.000000e+00     41s
    2706    3.4015094e+06   1.396804e+04   0.000000e+00     45s
    3055    3.4015100e+06   1.068182e+03   0.000000e+00     51s
    3291    3.4015102e+06   1.594336e+03   0.000000e+00     55s
    3634    3.4015105e+06   6.318016e+02   0.000000e+00     61s
    3983    3.4015106e+06   2.833461e+03   0.000000e+00     67s
    4217    3.4015108e+06   8.141017e+02   0.000000e+00     71s
    4568    3.4015109e+06   7.422222e+02   0.000000e+00     77s
    4798    3.4015110e+06   8.293477e+02   0.000000e+00     81s
    5148    3.4015111e+06   2.264409e+02   0.000000e+00     87s
    5386    3.4015112e+06   8.909529e+01   0.000000e+00     91s
    5736    3.4015112e+06   1.619695e+02   0.000000e+00     97s
    5968    3.4015113e+06   1.917812e+02   0.000000e+00    101s
    6318    3.4015113e+06   6.455264e+02   0.000000e+00    107s
    6554    3.4015114e+06   6.722245e+01   0.000000e+00    111s
    6905    3.4015114e+06   2.728433e+01   0.000000e+00    117s
    7142    3.4015114e+06   1.174836e+01   0.000000e+00    121s
    7499    3.4015114e+06   2.812271e+01   0.000000e+00    127s
    7631    3.4015114e+06   0.000000e+00   0.000000e+00    129s

Solved in 7631 iterations and 129.29 seconds (180.94 work units)
Optimal objective  3.401511410e+06
Set parameter TimeLimit to value 6.0815439510508440e+03
Set parameter Method to value 1
Gurobi Optimizer version 12.0.3 build v12.0.3rc0 (linux64 - "Ubuntu 24.04.4 LTS")

CPU model: Intel(R) Xeon(R) Gold 6230 CPU @ 2.10GHz, instruction set [SSE2|AVX|AVX2|AVX512]
Thread count: 40 physical cores, 40 logical processors, using up to 1 threads

Non-default parameters:
TimeLimit  6.0815439510508440e+03
Method  1
BarHomogeneous  1
Threads  1

Optimize a model with 830 rows, 259003 columns and 7226785 nonzeros
Coefficient statistics:
  Matrix range     [1e+00, 1e+00]
  Objective range  [1e+05, 5e+05]
  Bounds range     [0e+00, 0e+00]
  RHS range        [1e+00, 1e+00]
LP warm-start: use basis

Iteration    Objective       Primal Inf.    Dual Inf.      Time
       0   -6.4224170e+32   1.506356e+34   6.422417e+02      1s
     295   -2.5331754e+31   1.429724e+33   2.533175e+01      5s
     605   -6.6406098e+30   1.259731e+33   6.640610e+00     10s
     919   -2.1983644e+30   1.607738e+33   2.198364e+00     15s
    1279   -2.3073655e+29   1.384497e+34   2.307367e-01     22s
    1515    3.4015045e+06   2.260530e+04   0.000000e+00     26s
    1871    3.4015055e+06   1.478680e+03   0.000000e+00     32s
    2107    3.4015058e+06   7.372097e+02   0.000000e+00     36s
    2460    3.4015062e+06   5.065129e+02   0.000000e+00     42s
    2692    3.4015064e+06   1.473363e+03   0.000000e+00     45s
    3043    3.4015066e+06   4.817123e+02   0.000000e+00     51s
    3276    3.4015067e+06   2.974540e+02   0.000000e+00     55s
    3623    3.4015073e+06   3.004560e+03   0.000000e+00     61s
    3859    3.4015077e+06   3.708468e+03   0.000000e+00     65s
    4211    3.4015078e+06   8.032981e+02   0.000000e+00     71s
    4442    3.4015079e+06   2.709288e+02   0.000000e+00     75s
    4793    3.4015080e+06   1.201338e+02   0.000000e+00     81s
    5024    3.4015081e+06   1.908054e+02   0.000000e+00     85s
    5370    3.4015082e+06   1.609634e+02   0.000000e+00     91s
    5603    3.4015082e+06   1.908889e+02   0.000000e+00     95s
    5946    3.4015083e+06   3.502886e+01   0.000000e+00    101s
    6290    3.4015083e+06   1.380008e+02   0.000000e+00    107s
    6524    3.4015083e+06   1.092075e+02   0.000000e+00    111s
    6874    3.4015084e+06   1.960269e+01   0.000000e+00    117s
    7109    3.4015084e+06   7.882019e+00   0.000000e+00    121s
    7288    3.4015084e+06   0.000000e+00   0.000000e+00    124s

Solved in 7288 iterations and 124.05 seconds (173.03 work units)
Optimal objective  3.401508362e+06
Set parameter TimeLimit to value 5.9254336736393161e+03
Set parameter Method to value 1
Gurobi Optimizer version 12.0.3 build v12.0.3rc0 (linux64 - "Ubuntu 24.04.4 LTS")

CPU model: Intel(R) Xeon(R) Gold 6230 CPU @ 2.10GHz, instruction set [SSE2|AVX|AVX2|AVX512]
Thread count: 40 physical cores, 40 logical processors, using up to 1 threads

Non-default parameters:
TimeLimit  5.9254336736393161e+03
Method  1
BarHomogeneous  1
Threads  1

Optimize a model with 830 rows, 259033 columns and 7227330 nonzeros
Coefficient statistics:
  Matrix range     [1e+00, 1e+00]
  Objective range  [1e+05, 5e+05]
  Bounds range     [0e+00, 0e+00]
  RHS range        [1e+00, 1e+00]
LP warm-start: use basis

Iteration    Objective       Primal Inf.    Dual Inf.      Time
       0   -3.9005032e+32   9.323467e+34   3.900503e+02      1s
     305   -1.2387955e+31   3.539464e+33   1.238796e+01      5s
     621   -3.7463810e+30   2.561317e+33   3.746381e+00     10s
    1017   -5.1012560e+29   1.963504e+33   5.101260e-01     16s
    1256   -4.2830473e+28   1.271302e+33   4.283093e-02     20s
Warning: Markowitz tolerance tightened to 0.03125
    1605    3.4015026e+06   2.328020e+04   0.000000e+00     26s
    1838    3.4015034e+06   9.878399e+02   0.000000e+00     30s
    2184    3.4015041e+06   1.089946e+03   0.000000e+00     36s
    2540    3.4015044e+06   2.898686e+02   0.000000e+00     42s
    2775    3.4015046e+06   8.061402e+02   0.000000e+00     46s
    3132    3.4015048e+06   4.001950e+02   0.000000e+00     52s
    3369    3.4015049e+06   3.283715e+02   0.000000e+00     56s
    3718    3.4015050e+06   7.660225e+02   0.000000e+00     61s
    3952    3.4015051e+06   3.637626e+02   0.000000e+00     65s
    4293    3.4015053e+06   2.746710e+03   0.000000e+00     71s
    4527    3.4015054e+06   4.852807e+02   0.000000e+00     75s
    4879    3.4015055e+06   8.831745e+01   0.000000e+00     81s
    5107    3.4015055e+06   2.508744e+02   0.000000e+00     85s
    5458    3.4015056e+06   7.602494e+01   0.000000e+00     91s
    5809    3.4015056e+06   1.545410e+02   0.000000e+00     97s
    6042    3.4015056e+06   3.750601e+01   0.000000e+00    101s
    6393    3.4015056e+06   7.956092e+00   0.000000e+00    107s
    6627    3.4015056e+06   2.151270e+01   0.000000e+00    111s
    6934    3.4015056e+06   0.000000e+00   0.000000e+00    116s

Solved in 6934 iterations and 116.05 seconds (163.53 work units)
Optimal objective  3.401505622e+06
Set parameter TimeLimit to value 5.7806609835871495e+03
Set parameter Method to value 1
Gurobi Optimizer version 12.0.3 build v12.0.3rc0 (linux64 - "Ubuntu 24.04.4 LTS")

CPU model: Intel(R) Xeon(R) Gold 6230 CPU @ 2.10GHz, instruction set [SSE2|AVX|AVX2|AVX512]
Thread count: 40 physical cores, 40 logical processors, using up to 1 threads

Non-default parameters:
TimeLimit  5.7806609835871495e+03
Method  1
BarHomogeneous  1
Threads  1

Optimize a model with 830 rows, 259063 columns and 7227877 nonzeros
Coefficient statistics:
  Matrix range     [1e+00, 1e+00]
  Objective range  [1e+05, 5e+05]
  Bounds range     [0e+00, 0e+00]
  RHS range        [1e+00, 1e+00]
LP warm-start: use basis

Iteration    Objective       Primal Inf.    Dual Inf.      Time
       0   -2.9326560e+32   3.246965e+34   2.932656e+02      1s
     304   -2.0696924e+31   2.806925e+33   2.069692e+01      5s
     621   -5.1667968e+30   3.258062e+33   5.166797e+00     10s
     938   -1.8988396e+30   2.536743e+33   1.898840e+00     15s
    1288   -4.1710799e+29   7.825005e+33   4.171081e-01     21s
    1522   -6.1363933e+28   1.813011e+33   6.136387e-02     25s
    1873    3.4015005e+06   4.907162e+03   0.000000e+00     31s
    2110    3.4015011e+06   3.627546e+03   0.000000e+00     35s
    2462    3.4015016e+06   1.099846e+03   0.000000e+00     41s
    2817    3.4015019e+06   2.902145e+03   0.000000e+00     47s
    3053    3.4015021e+06   8.026413e+02   0.000000e+00     51s
    3405    3.4015023e+06   5.879106e+02   0.000000e+00     57s
    3636    3.4015024e+06   2.324029e+02   0.000000e+00     60s
    3990    3.4015026e+06   4.374736e+02   0.000000e+00     66s
    4219    3.4015028e+06   1.032481e+03   0.000000e+00     70s
    4564    3.4015029e+06   1.360873e+03   0.000000e+00     76s
    4918    3.4015030e+06   2.038153e+03   0.000000e+00     82s
    5152    3.4015030e+06   5.589469e+02   0.000000e+00     86s
    5504    3.4015031e+06   2.017393e+02   0.000000e+00     92s
    5737    3.4015032e+06   6.248545e+02   0.000000e+00     96s
    6092    3.4015032e+06   3.140299e+01   0.000000e+00    102s
    6324    3.4015032e+06   5.616988e+01   0.000000e+00    105s
    6677    3.4015032e+06   2.053852e+02   0.000000e+00    111s
    6909    3.4015032e+06   4.001914e+01   0.000000e+00    115s
    7260    3.4015033e+06   5.743641e+00   0.000000e+00    121s
    7387    3.4015033e+06   0.000000e+00   0.000000e+00    123s

Solved in 7387 iterations and 123.29 seconds (175.36 work units)
Optimal objective  3.401503251e+06
Set parameter TimeLimit to value 5.6281689228080213e+03
Set parameter Method to value 1
Gurobi Optimizer version 12.0.3 build v12.0.3rc0 (linux64 - "Ubuntu 24.04.4 LTS")

CPU model: Intel(R) Xeon(R) Gold 6230 CPU @ 2.10GHz, instruction set [SSE2|AVX|AVX2|AVX512]
Thread count: 40 physical cores, 40 logical processors, using up to 1 threads

Non-default parameters:
TimeLimit  5.6281689228080213e+03
Method  1
BarHomogeneous  1
Threads  1

Optimize a model with 830 rows, 259093 columns and 7228333 nonzeros
Coefficient statistics:
  Matrix range     [1e+00, 1e+00]
  Objective range  [1e+05, 5e+05]
  Bounds range     [0e+00, 0e+00]
  RHS range        [1e+00, 1e+00]
LP warm-start: use basis

Iteration    Objective       Primal Inf.    Dual Inf.      Time
       0   -2.1599090e+32   1.266187e+34   2.159909e+02      1s
     305   -1.0413096e+31   2.043761e+33   1.041310e+01      5s
     620   -3.6436265e+30   1.967499e+33   3.643627e+00     10s
     974   -7.1385735e+29   9.137013e+33   7.138573e-01     16s
    1328   -9.1756336e+28   2.228996e+33   9.175638e-02     22s
    1562    3.4015001e+06   1.681770e+03   0.000000e+00     26s
    1916    3.4015008e+06   9.080929e+02   0.000000e+00     32s
    2148    3.4015011e+06   2.333799e+03   0.000000e+00     35s
    2502    3.4015016e+06   3.438431e+02   0.000000e+00     41s
    2733    3.4015017e+06   1.700113e+02   0.000000e+00     45s
    3087    3.4015018e+06   2.589246e+03   0.000000e+00     51s
    3438    3.4015019e+06   3.628354e+02   0.000000e+00     57s
    3675    3.4015020e+06   1.172171e+02   0.000000e+00     61s
    4026    3.4015021e+06   2.526381e+02   0.000000e+00     67s
    4259    3.4015021e+06   8.320236e+02   0.000000e+00     71s
    4613    3.4015022e+06   9.946177e+01   0.000000e+00     77s
    4847    3.4015022e+06   1.270820e+02   0.000000e+00     80s
    5202    3.4015022e+06   1.545950e+02   0.000000e+00     86s
    5437    3.4015022e+06   2.607779e+01   0.000000e+00     90s
    5788    3.4015022e+06   1.418818e+01   0.000000e+00     96s
    6025    3.4015022e+06   1.854940e+00   0.000000e+00    100s
    6067    3.4015022e+06   0.000000e+00   0.000000e+00    101s

Solved in 6067 iterations and 101.00 seconds (143.64 work units)
Optimal objective  3.401502209e+06
Set parameter TimeLimit to value 5.4992168685314246e+03
Set parameter Method to value 1
Gurobi Optimizer version 12.0.3 build v12.0.3rc0 (linux64 - "Ubuntu 24.04.4 LTS")

CPU model: Intel(R) Xeon(R) Gold 6230 CPU @ 2.10GHz, instruction set [SSE2|AVX|AVX2|AVX512]
Thread count: 40 physical cores, 40 logical processors, using up to 1 threads

Non-default parameters:
TimeLimit  5.4992168685314246e+03
Method  1
BarHomogeneous  1
Threads  1

Optimize a model with 830 rows, 259123 columns and 7228830 nonzeros
Coefficient statistics:
  Matrix range     [1e+00, 1e+00]
  Objective range  [1e+05, 5e+05]
  Bounds range     [0e+00, 0e+00]
  RHS range        [1e+00, 1e+00]
LP warm-start: use basis

Iteration    Objective       Primal Inf.    Dual Inf.      Time
       0   -3.0199316e+32   9.786599e+33   3.019932e+02      1s
     300   -8.4796146e+30   2.472768e+33   8.479615e+00      5s
     615   -2.2292846e+30   1.429641e+33   2.229285e+00     11s
     970   -2.6951289e+29   2.684136e+33   2.695127e-01     17s
    1208    3.4014966e+06   1.132482e+04   0.000000e+00     21s
    1557    3.4014976e+06   5.027440e+03   0.000000e+00     27s
    1795    3.4014986e+06   2.830281e+03   0.000000e+00     31s
    2153    3.4014992e+06   4.307231e+03   0.000000e+00     37s
    2389    3.4014994e+06   1.510999e+03   0.000000e+00     41s
    2744    3.4014998e+06   1.319209e+03   0.000000e+00     47s
    2981    3.4014999e+06   5.841313e+02   0.000000e+00     51s
    3334    3.4015000e+06   6.116010e+03   0.000000e+00     57s
    3563    3.4015001e+06   4.623664e+02   0.000000e+00     61s
    3913    3.4015002e+06   1.115024e+02   0.000000e+00     67s
    4150    3.4015002e+06   1.220154e+02   0.000000e+00     71s
    4501    3.4015003e+06   1.708469e+02   0.000000e+00     77s
    4739    3.4015003e+06   6.003719e+01   0.000000e+00     81s
    5086    3.4015003e+06   5.754046e+01   0.000000e+00     87s
    5323    3.4015003e+06   3.149793e+01   0.000000e+00     91s
    5678    3.4015004e+06   1.517829e+01   0.000000e+00     97s
    5909    3.4015004e+06   8.570484e-01   0.000000e+00    101s
    6012    3.4015004e+06   0.000000e+00   0.000000e+00    102s

Solved in 6012 iterations and 102.45 seconds (142.68 work units)
Optimal objective  3.401500367e+06
Set parameter TimeLimit to value 5.3686405415670015e+03
Set parameter Method to value 1
Gurobi Optimizer version 12.0.3 build v12.0.3rc0 (linux64 - "Ubuntu 24.04.4 LTS")

CPU model: Intel(R) Xeon(R) Gold 6230 CPU @ 2.10GHz, instruction set [SSE2|AVX|AVX2|AVX512]
Thread count: 40 physical cores, 40 logical processors, using up to 1 threads

Non-default parameters:
TimeLimit  5.3686405415670015e+03
Method  1
BarHomogeneous  1
Threads  1

Optimize a model with 830 rows, 259153 columns and 7229292 nonzeros
Coefficient statistics:
  Matrix range     [1e+00, 1e+00]
  Objective range  [1e+05, 5e+05]
  Bounds range     [0e+00, 0e+00]
  RHS range        [1e+00, 1e+00]
LP warm-start: use basis

Iteration    Objective       Primal Inf.    Dual Inf.      Time
       0   -2.3089448e+32   2.113448e+34   2.308945e+02      1s
     293   -2.1890120e+31   5.186351e+33   2.189012e+01      5s
     607   -3.9197920e+30   1.856115e+33   3.919792e+00     10s
     914   -1.2948758e+30   6.475536e+33   1.294876e+00     16s
    1260   -2.0400380e+29   4.342087e+33   2.040038e-01     21s
    1496   -3.3441535e+27   1.231287e+33   3.344183e-03     25s
    1853    3.4014976e+06   1.972168e+03   0.000000e+00     31s
    2089    3.4014980e+06   2.191236e+03   0.000000e+00     35s
    2445    3.4014984e+06   6.243937e+02   0.000000e+00     41s
    2797    3.4014986e+06   2.208723e+03   0.000000e+00     47s
    3026    3.4014987e+06   5.469473e+02   0.000000e+00     51s
    3375    3.4014988e+06   1.943598e+02   0.000000e+00     57s
    3610    3.4014989e+06   2.339469e+03   0.000000e+00     60s
    3967    3.4014990e+06   6.451610e+02   0.000000e+00     66s
    4200    3.4014990e+06   1.888649e+02   0.000000e+00     70s
    4553    3.4014991e+06   1.597975e+03   0.000000e+00     76s
    4789    3.4014991e+06   7.278075e+01   0.000000e+00     80s
    5138    3.4014992e+06   3.372353e+02   0.000000e+00     86s
    5489    3.4014992e+06   5.262840e+01   0.000000e+00     92s
    5723    3.4014992e+06   2.700598e+02   0.000000e+00     96s
    6073    3.4014992e+06   1.011923e+01   0.000000e+00    101s
    6308    3.4014992e+06   1.371993e+01   0.000000e+00    105s
    6614    3.4014992e+06   0.000000e+00   0.000000e+00    110s

Solved in 6614 iterations and 110.48 seconds (157.45 work units)
Optimal objective  3.401499224e+06
Set parameter TimeLimit to value 5.2304289009585045e+03
Set parameter Method to value 1
Gurobi Optimizer version 12.0.3 build v12.0.3rc0 (linux64 - "Ubuntu 24.04.4 LTS")

CPU model: Intel(R) Xeon(R) Gold 6230 CPU @ 2.10GHz, instruction set [SSE2|AVX|AVX2|AVX512]
Thread count: 40 physical cores, 40 logical processors, using up to 1 threads

Non-default parameters:
TimeLimit  5.2304289009585045e+03
Method  1
BarHomogeneous  1
Threads  1

Optimize a model with 830 rows, 259183 columns and 7229808 nonzeros
Coefficient statistics:
  Matrix range     [1e+00, 1e+00]
  Objective range  [1e+05, 5e+05]
  Bounds range     [0e+00, 0e+00]
  RHS range        [1e+00, 1e+00]
LP warm-start: use basis

Iteration    Objective       Primal Inf.    Dual Inf.      Time
       0   -1.5737946e+32   1.087786e+34   1.573795e+02      1s
     313   -1.3135265e+31   2.243334e+33   1.313527e+01      5s
     646   -4.8817391e+30   1.798567e+33   4.881739e+00     10s
     961   -2.0815783e+30   1.051181e+34   2.081578e+00     15s
    1318   -2.6268116e+29   8.180653e+32   2.626811e-01     21s
    1558   -2.6956942e+28   2.340459e+34   2.695663e-02     25s
    1915    3.4014962e+06   3.511045e+03   0.000000e+00     31s
    2154    3.4014973e+06   3.057202e+03   0.000000e+00     35s
    2510    3.4014977e+06   8.271604e+02   0.000000e+00     41s
    2746    3.4014978e+06   1.205693e+03   0.000000e+00     45s
    3100    3.4014980e+06   7.335801e+02   0.000000e+00     51s
    3332    3.4014980e+06   8.053893e+02   0.000000e+00     55s
    3687    3.4014981e+06   1.483511e+03   0.000000e+00     61s
    3925    3.4014982e+06   1.842875e+02   0.000000e+00     65s
    4280    3.4014982e+06   8.765333e+02   0.000000e+00     71s
    4516    3.4014983e+06   3.357501e+02   0.000000e+00     75s
    4865    3.4014983e+06   8.837038e+01   0.000000e+00     81s
    5096    3.4014983e+06   4.981201e+01   0.000000e+00     85s
    5446    3.4014983e+06   7.700634e+01   0.000000e+00     91s
    5680    3.4014983e+06   1.379187e+02   0.000000e+00     95s
    6034    3.4014984e+06   9.329929e+00   0.000000e+00    101s
    6270    3.4014984e+06   1.315700e+00   0.000000e+00    105s
    6398    3.4014984e+06   0.000000e+00   0.000000e+00    108s

Solved in 6398 iterations and 107.67 seconds (150.23 work units)
Optimal objective  3.401498362e+06
Set parameter TimeLimit to value 5.0948213912122883e+03
Set parameter Method to value 1
Gurobi Optimizer version 12.0.3 build v12.0.3rc0 (linux64 - "Ubuntu 24.04.4 LTS")

CPU model: Intel(R) Xeon(R) Gold 6230 CPU @ 2.10GHz, instruction set [SSE2|AVX|AVX2|AVX512]
Thread count: 40 physical cores, 40 logical processors, using up to 1 threads

Non-default parameters:
TimeLimit  5.0948213912122883e+03
Method  1
BarHomogeneous  1
Threads  1

Optimize a model with 830 rows, 259213 columns and 7230288 nonzeros
Coefficient statistics:
  Matrix range     [1e+00, 1e+00]
  Objective range  [1e+05, 5e+05]
  Bounds range     [0e+00, 0e+00]
  RHS range        [1e+00, 1e+00]
LP warm-start: use basis

Iteration    Objective       Primal Inf.    Dual Inf.      Time
       0   -1.2028020e+32   1.183687e+34   1.202802e+02      1s
     307   -1.9720150e+30   7.483653e+32   1.972015e+00      5s
     623   -2.6483170e+29   5.217324e+32   2.648317e-01     10s
     975    3.4014956e+06   3.807644e+02   0.000000e+00     16s
    1211    3.4014959e+06   8.575286e+02   0.000000e+00     20s
    1561    3.4014962e+06   6.291383e+02   0.000000e+00     26s
    1796    3.4014964e+06   7.679728e+02   0.000000e+00     30s
    2144    3.4014965e+06   9.969552e+02   0.000000e+00     36s
    2379    3.4014966e+06   9.949503e+02   0.000000e+00     40s
    2727    3.4014967e+06   7.116290e+02   0.000000e+00     46s
    3077    3.4014968e+06   2.970699e+02   0.000000e+00     52s
    3309    3.4014968e+06   8.131374e+01   0.000000e+00     56s
    3664    3.4014969e+06   1.080319e+02   0.000000e+00     62s
    3898    3.4014969e+06   7.498934e+01   0.000000e+00     66s
    4248    3.4014970e+06   1.528519e+02   0.000000e+00     72s
    4483    3.4014970e+06   5.659816e+01   0.000000e+00     76s
    4833    3.4014970e+06   8.197532e+00   0.000000e+00     82s
    5069    3.4014970e+06   4.813024e+00   0.000000e+00     86s
    5125    3.4014970e+06   0.000000e+00   0.000000e+00     87s

Solved in 5125 iterations and 86.58 seconds (122.40 work units)
Optimal objective  3.401496979e+06
Set parameter TimeLimit to value 4.9807770041497424e+03
Set parameter Method to value 1
Gurobi Optimizer version 12.0.3 build v12.0.3rc0 (linux64 - "Ubuntu 24.04.4 LTS")

CPU model: Intel(R) Xeon(R) Gold 6230 CPU @ 2.10GHz, instruction set [SSE2|AVX|AVX2|AVX512]
Thread count: 40 physical cores, 40 logical processors, using up to 1 threads

Non-default parameters:
TimeLimit  4.9807770041497424e+03
Method  1
BarHomogeneous  1
Threads  1

Optimize a model with 830 rows, 259243 columns and 7231021 nonzeros
Coefficient statistics:
  Matrix range     [1e+00, 1e+00]
  Objective range  [1e+05, 5e+05]
  Bounds range     [0e+00, 0e+00]
  RHS range        [1e+00, 1e+00]
LP warm-start: use basis

Iteration    Objective       Primal Inf.    Dual Inf.      Time
       0   -1.0877143e+32   3.618599e+34   1.087714e+02      1s
     359   -3.7700805e+27   2.323659e+32   3.770083e-03      6s
     692    3.4014966e+06   1.055696e+03   0.000000e+00     11s
     918    3.4014967e+06   3.652186e+02   0.000000e+00     15s
    1269    3.4014968e+06   1.565917e+02   0.000000e+00     21s
    1500    3.4014968e+06   9.519215e+01   0.000000e+00     25s
    1851    3.4014968e+06   8.724573e+00   0.000000e+00     31s
    2083    3.4014968e+06   2.965723e+00   0.000000e+00     35s
    2340    3.4014968e+06   0.000000e+00   0.000000e+00     40s

Solved in 2340 iterations and 39.95 seconds (55.11 work units)
Optimal objective  3.401496828e+06
Set parameter TimeLimit to value 4.9129276623642072e+03
Set parameter Method to value 1
Gurobi Optimizer version 12.0.3 build v12.0.3rc0 (linux64 - "Ubuntu 24.04.4 LTS")

CPU model: Intel(R) Xeon(R) Gold 6230 CPU @ 2.10GHz, instruction set [SSE2|AVX|AVX2|AVX512]
Thread count: 40 physical cores, 40 logical processors, using up to 1 threads

Non-default parameters:
TimeLimit  4.9129276623642072e+03
Method  1
BarHomogeneous  1
Threads  1

Optimize a model with 830 rows, 259273 columns and 7231734 nonzeros
Coefficient statistics:
  Matrix range     [1e+00, 1e+00]
  Objective range  [1e+05, 5e+05]
  Bounds range     [0e+00, 0e+00]
  RHS range        [1e+00, 1e+00]
LP warm-start: use basis

Iteration    Objective       Primal Inf.    Dual Inf.      Time
       0   -7.5542525e+31   9.014420e+33   7.554253e+01      0s
     353   -4.3882553e+30   2.956444e+33   4.388255e+00      6s
     668   -5.0630918e+29   1.725169e+33   5.063092e-01     11s
    1014    3.4014939e+06   2.357511e+03   0.000000e+00     16s
    1254    3.4014946e+06   2.083727e+03   0.000000e+00     20s
    1610    3.4014953e+06   5.606336e+03   0.000000e+00     26s
    1848    3.4014954e+06   1.643273e+03   0.000000e+00     30s
    2204    3.4014956e+06   4.576025e+03   0.000000e+00     36s
    2437    3.4014956e+06   1.459442e+02   0.000000e+00     40s
    2785    3.4014957e+06   1.012725e+02   0.000000e+00     46s
    3135    3.4014958e+06   3.790694e+02   0.000000e+00     52s
    3368    3.4014958e+06   1.430690e+02   0.000000e+00     56s
    3721    3.4014959e+06   2.146173e+02   0.000000e+00     61s
    3954    3.4014959e+06   1.064524e+02   0.000000e+00     65s
    4305    3.4014959e+06   4.985740e+02   0.000000e+00     71s
    4543    3.4014959e+06   1.092816e+01   0.000000e+00     75s
    4891    3.4014959e+06   6.444918e+00   0.000000e+00     81s
    5186    3.4014959e+06   0.000000e+00   0.000000e+00     86s

Solved in 5186 iterations and 85.99 seconds (122.60 work units)
Optimal objective  3.401495913e+06
Set parameter TimeLimit to value 4.7990628960900940e+03
Set parameter Method to value 1
Gurobi Optimizer version 12.0.3 build v12.0.3rc0 (linux64 - "Ubuntu 24.04.4 LTS")

CPU model: Intel(R) Xeon(R) Gold 6230 CPU @ 2.10GHz, instruction set [SSE2|AVX|AVX2|AVX512]
Thread count: 40 physical cores, 40 logical processors, using up to 1 threads

Non-default parameters:
TimeLimit  4.7990628960900940e+03
Method  1
BarHomogeneous  1
Threads  1

Optimize a model with 830 rows, 259303 columns and 7232247 nonzeros
Coefficient statistics:
  Matrix range     [1e+00, 1e+00]
  Objective range  [1e+05, 5e+05]
  Bounds range     [0e+00, 0e+00]
  RHS range        [1e+00, 1e+00]
LP warm-start: use basis

Iteration    Objective       Primal Inf.    Dual Inf.      Time
       0   -8.0332684e+31   1.298285e+34   8.033268e+01      0s
     349    3.4014959e+06   3.104332e+01   0.000000e+00      6s
     589    3.4014959e+06   1.082338e+00   0.000000e+00     10s
     670    3.4014959e+06   0.000000e+00   0.000000e+00     11s

Solved in 670 iterations and 11.48 seconds (16.09 work units)
Optimal objective  3.401495913e+06
Set parameter TimeLimit to value 4.7616508427653462e+03
Set parameter Method to value 1
Gurobi Optimizer version 12.0.3 build v12.0.3rc0 (linux64 - "Ubuntu 24.04.4 LTS")

CPU model: Intel(R) Xeon(R) Gold 6230 CPU @ 2.10GHz, instruction set [SSE2|AVX|AVX2|AVX512]
Thread count: 40 physical cores, 40 logical processors, using up to 1 threads

Non-default parameters:
TimeLimit  4.7616508427653462e+03
Method  1
BarHomogeneous  1
Threads  1

Optimize a model with 830 rows, 259333 columns and 7232725 nonzeros
Coefficient statistics:
  Matrix range     [1e+00, 1e+00]
  Objective range  [1e+05, 5e+05]
  Bounds range     [0e+00, 0e+00]
  RHS range        [1e+00, 1e+00]
LP warm-start: use basis

Iteration    Objective       Primal Inf.    Dual Inf.      Time
       0   -6.9294704e+31   5.466990e+33   6.929470e+01      0s
     299   -4.4866617e+30   1.316544e+33   4.486662e+00      5s
     617   -1.9852402e+30   3.932632e+33   1.985240e+00     10s
     971   -6.1647905e+29   1.333412e+33   6.164791e-01     16s
    1324    3.4014939e+06   5.276767e+03   0.000000e+00     22s
    1560    3.4014946e+06   2.267826e+03   0.000000e+00     26s
    1915    3.4014950e+06   9.255498e+02   0.000000e+00     32s
    2154    3.4014951e+06   6.798742e+02   0.000000e+00     36s
    2507    3.4014953e+06   4.619289e+02   0.000000e+00     42s
    2745    3.4014953e+06   1.093008e+03   0.000000e+00     46s
    3099    3.4014954e+06   3.553045e+02   0.000000e+00     52s
    3334    3.4014954e+06   2.507741e+02   0.000000e+00     55s
    3689    3.4014955e+06   2.001660e+03   0.000000e+00     61s
    3920    3.4014955e+06   2.138148e+02   0.000000e+00     65s
    4275    3.4014955e+06   1.607836e+02   0.000000e+00     71s
    4509    3.4014955e+06   2.632745e+02   0.000000e+00     75s
    4860    3.4014955e+06   3.878550e+01   0.000000e+00     81s
    5097    3.4014956e+06   1.806559e+01   0.000000e+00     85s
    5453    3.4014956e+06   1.482002e+02   0.000000e+00     91s
    5693    3.4014956e+06   1.207910e+01   0.000000e+00     95s
    5921    3.4014956e+06   0.000000e+00   0.000000e+00     99s

Solved in 5921 iterations and 99.05 seconds (140.09 work units)
Optimal objective  3.401495563e+06
Set parameter TimeLimit to value 4.6350065108304843e+03
Set parameter Method to value 1
Gurobi Optimizer version 12.0.3 build v12.0.3rc0 (linux64 - "Ubuntu 24.04.4 LTS")

CPU model: Intel(R) Xeon(R) Gold 6230 CPU @ 2.10GHz, instruction set [SSE2|AVX|AVX2|AVX512]
Thread count: 40 physical cores, 40 logical processors, using up to 1 threads

Non-default parameters:
TimeLimit  4.6350065108304843e+03
Method  1
BarHomogeneous  1
Threads  1

Optimize a model with 830 rows, 259363 columns and 7233228 nonzeros
Coefficient statistics:
  Matrix range     [1e+00, 1e+00]
  Objective range  [1e+05, 5e+05]
  Bounds range     [0e+00, 0e+00]
  RHS range        [1e+00, 1e+00]
LP warm-start: use basis

Iteration    Objective       Primal Inf.    Dual Inf.      Time
       0   -5.0205631e+31   1.679628e+34   5.020563e+01      0s
     323   -5.6607891e+29   2.712691e+33   5.660790e-01      5s
     681    3.4014949e+06   1.317962e+04   0.000000e+00     11s
    1032    3.4014952e+06   1.377603e+03   0.000000e+00     17s
    1265    3.4014953e+06   5.148342e+02   0.000000e+00     21s
    1616    3.4014953e+06   1.895504e+02   0.000000e+00     27s
    1849    3.4014954e+06   7.211104e+01   0.000000e+00     31s
    2201    3.4014954e+06   8.964011e+01   0.000000e+00     37s
    2435    3.4014954e+06   1.088069e+01   0.000000e+00     40s
    2792    3.4014954e+06   1.028741e+01   0.000000e+00     46s
    3029    3.4014954e+06   7.507351e+00   0.000000e+00     50s
    3151    3.4014954e+06   0.000000e+00   0.000000e+00     53s

Solved in 3151 iterations and 52.57 seconds (74.31 work units)
Optimal objective  3.401495398e+06
Set parameter TimeLimit to value 4.5550170292556286e+03
Set parameter Method to value 1
Gurobi Optimizer version 12.0.3 build v12.0.3rc0 (linux64 - "Ubuntu 24.04.4 LTS")

CPU model: Intel(R) Xeon(R) Gold 6230 CPU @ 2.10GHz, instruction set [SSE2|AVX|AVX2|AVX512]
Thread count: 40 physical cores, 40 logical processors, using up to 1 threads

Non-default parameters:
TimeLimit  4.5550170292556286e+03
Method  1
BarHomogeneous  1
Threads  1

Optimize a model with 830 rows, 259393 columns and 7233792 nonzeros
Coefficient statistics:
  Matrix range     [1e+00, 1e+00]
  Objective range  [1e+05, 5e+05]
  Bounds range     [0e+00, 0e+00]
  RHS range        [1e+00, 1e+00]
LP warm-start: use basis

Iteration    Objective       Primal Inf.    Dual Inf.      Time
       0   -4.8055717e+31   1.315491e+34   4.805572e+01      1s
     319   -9.1145622e+29   2.479278e+33   9.114561e-01      5s
     673    3.4014945e+06   8.501824e+02   0.000000e+00     11s
    1026    3.4014950e+06   1.741162e+03   0.000000e+00     17s
    1264    3.4014951e+06   8.761078e+02   0.000000e+00     21s
    1616    3.4014951e+06   1.605030e+02   0.000000e+00     27s
    1852    3.4014951e+06   7.618301e+01   0.000000e+00     31s
    2209    3.4014952e+06   3.273172e+01   0.000000e+00     37s
    2446    3.4014952e+06   1.609174e+01   0.000000e+00     41s
    2805    3.4014952e+06   1.107610e+00   0.000000e+00     47s
    2858    3.4014952e+06   0.000000e+00   0.000000e+00     48s

Solved in 2858 iterations and 47.98 seconds (67.36 work units)
Optimal objective  3.401495177e+06
Set parameter TimeLimit to value 4.4774591266768984e+03
Set parameter Method to value 1
Gurobi Optimizer version 12.0.3 build v12.0.3rc0 (linux64 - "Ubuntu 24.04.4 LTS")

CPU model: Intel(R) Xeon(R) Gold 6230 CPU @ 2.10GHz, instruction set [SSE2|AVX|AVX2|AVX512]
Thread count: 40 physical cores, 40 logical processors, using up to 1 threads

Non-default parameters:
TimeLimit  4.4774591266768984e+03
Method  1
BarHomogeneous  1
Threads  1

Optimize a model with 830 rows, 259423 columns and 7234260 nonzeros
Coefficient statistics:
  Matrix range     [1e+00, 1e+00]
  Objective range  [1e+05, 5e+05]
  Bounds range     [0e+00, 0e+00]
  RHS range        [1e+00, 1e+00]
LP warm-start: use basis

Iteration    Objective       Primal Inf.    Dual Inf.      Time
       0   -4.2181544e+31   6.258560e+33   4.218155e+01      0s
     308   -2.7607985e+30   1.237751e+33   2.760799e+00      5s
     626   -3.7896361e+28   3.700843e+32   3.789633e-02     11s
     946    3.4014945e+06   6.274881e+04   0.000000e+00     16s
    1178    3.4014947e+06   1.894183e+03   0.000000e+00     20s
    1537    3.4014948e+06   2.186588e+02   0.000000e+00     26s
    1887    3.4014949e+06   6.661370e+02   0.000000e+00     32s
    2122    3.4014949e+06   1.993502e+02   0.000000e+00     36s
    2475    3.4014949e+06   8.997002e+01   0.000000e+00     42s
    2714    3.4014950e+06   5.961838e+01   0.000000e+00     46s
    3069    3.4014950e+06   3.268780e+02   0.000000e+00     52s
    3307    3.4014950e+06   2.378587e+00   0.000000e+00     56s
    3593    3.4014950e+06   0.000000e+00   0.000000e+00     61s

Solved in 3593 iterations and 60.90 seconds (86.01 work units)
Optimal objective  3.401494975e+06
Set parameter TimeLimit to value 4.3888699712823145e+03
Set parameter Method to value 1
Gurobi Optimizer version 12.0.3 build v12.0.3rc0 (linux64 - "Ubuntu 24.04.4 LTS")

CPU model: Intel(R) Xeon(R) Gold 6230 CPU @ 2.10GHz, instruction set [SSE2|AVX|AVX2|AVX512]
Thread count: 40 physical cores, 40 logical processors, using up to 1 threads

Non-default parameters:
TimeLimit  4.3888699712823145e+03
Method  1
BarHomogeneous  1
Threads  1

Optimize a model with 830 rows, 259453 columns and 7234780 nonzeros
Coefficient statistics:
  Matrix range     [1e+00, 1e+00]
  Objective range  [1e+05, 5e+05]
  Bounds range     [0e+00, 0e+00]
  RHS range        [1e+00, 1e+00]
LP warm-start: use basis

Iteration    Objective       Primal Inf.    Dual Inf.      Time
       0   -3.9406151e+31   1.186013e+34   3.940615e+01      0s
     323   -2.3500146e+30   1.116332e+33   2.350015e+00      5s
     646   -2.2933424e+29   1.315651e+33   2.293343e-01     10s
     999    3.4014943e+06   6.785418e+02   0.000000e+00     16s
    1230    3.4014946e+06   6.279507e+02   0.000000e+00     20s
    1581    3.4014947e+06   1.124992e+03   0.000000e+00     26s
    1815    3.4014948e+06   3.262075e+02   0.000000e+00     30s
    2166    3.4014948e+06   8.089623e+01   0.000000e+00     36s
    2403    3.4014948e+06   4.987289e+01   0.000000e+00     40s
    2755    3.4014948e+06   1.859622e+01   0.000000e+00     46s
    2991    3.4014948e+06   9.838594e+00   0.000000e+00     50s
    3343    3.4014948e+06   1.531908e+01   0.000000e+00     56s
    3579    3.4014948e+06   8.671257e-01   0.000000e+00     60s
    3704    3.4014948e+06   0.000000e+00   0.000000e+00     63s

Solved in 3704 iterations and 62.63 seconds (87.68 work units)
Optimal objective  3.401494845e+06
Set parameter TimeLimit to value 4.2984815099607222e+03
Set parameter Method to value 1
Gurobi Optimizer version 12.0.3 build v12.0.3rc0 (linux64 - "Ubuntu 24.04.4 LTS")

CPU model: Intel(R) Xeon(R) Gold 6230 CPU @ 2.10GHz, instruction set [SSE2|AVX|AVX2|AVX512]
Thread count: 40 physical cores, 40 logical processors, using up to 1 threads

Non-default parameters:
TimeLimit  4.2984815099607222e+03
Method  1
BarHomogeneous  1
Threads  1

Optimize a model with 830 rows, 259483 columns and 7235308 nonzeros
Coefficient statistics:
  Matrix range     [1e+00, 1e+00]
  Objective range  [1e+05, 5e+05]
  Bounds range     [0e+00, 0e+00]
  RHS range        [1e+00, 1e+00]
LP warm-start: use basis

Iteration    Objective       Primal Inf.    Dual Inf.      Time
       0   -4.7511595e+31   1.086579e+34   4.751159e+01      0s
     354    3.4014946e+06   7.948692e+02   0.000000e+00      6s
     708    3.4014947e+06   5.808780e+02   0.000000e+00     12s
     945    3.4014947e+06   4.110403e+02   0.000000e+00     16s
    1304    3.4014948e+06   1.242920e+02   0.000000e+00     22s
    1537    3.4014948e+06   1.245470e+02   0.000000e+00     26s
    1890    3.4014948e+06   1.609653e+00   0.000000e+00     32s
    2059    3.4014948e+06   0.000000e+00   0.000000e+00     35s

Solved in 2059 iterations and 34.60 seconds (48.72 work units)
Optimal objective  3.401494782e+06
Set parameter TimeLimit to value 4.2362921880106442e+03
Set parameter Method to value 1
Gurobi Optimizer version 12.0.3 build v12.0.3rc0 (linux64 - "Ubuntu 24.04.4 LTS")

CPU model: Intel(R) Xeon(R) Gold 6230 CPU @ 2.10GHz, instruction set [SSE2|AVX|AVX2|AVX512]
Thread count: 40 physical cores, 40 logical processors, using up to 1 threads

Non-default parameters:
TimeLimit  4.2362921880106442e+03
Method  1
BarHomogeneous  1
Threads  1

Optimize a model with 830 rows, 259513 columns and 7235881 nonzeros
Coefficient statistics:
  Matrix range     [1e+00, 1e+00]
  Objective range  [1e+05, 5e+05]
  Bounds range     [0e+00, 0e+00]
  RHS range        [1e+00, 1e+00]
LP warm-start: use basis

Iteration    Objective       Primal Inf.    Dual Inf.      Time
       0   -1.7508315e+32   3.163226e+34   1.750832e+02      0s
     106    3.4014948e+06   0.000000e+00   0.000000e+00      2s

Solved in 106 iterations and 2.32 seconds (3.00 work units)
Optimal objective  3.401494782e+06
Set parameter TimeLimit to value 4208.51248928858
Set parameter Method to value 1
Gurobi Optimizer version 12.0.3 build v12.0.3rc0 (linux64 - "Ubuntu 24.04.4 LTS")

CPU model: Intel(R) Xeon(R) Gold 6230 CPU @ 2.10GHz, instruction set [SSE2|AVX|AVX2|AVX512]
Thread count: 40 physical cores, 40 logical processors, using up to 1 threads

Non-default parameters:
TimeLimit  4208.51248928858
Method  1
BarHomogeneous  1
Threads  1

Optimize a model with 830 rows, 259543 columns and 7236556 nonzeros
Coefficient statistics:
  Matrix range     [1e+00, 1e+00]
  Objective range  [1e+05, 5e+05]
  Bounds range     [0e+00, 0e+00]
  RHS range        [1e+00, 1e+00]
LP warm-start: use basis

Iteration    Objective       Primal Inf.    Dual Inf.      Time
       0   -4.0139076e+31   1.088324e+34   4.013908e+01      0s
     314   -7.3754550e+29   6.792800e+32   7.375455e-01      5s
     631    3.4014940e+06   1.021862e+04   0.000000e+00     11s
     979    3.4014944e+06   3.104881e+02   0.000000e+00     17s
    1215    3.4014945e+06   2.537021e+02   0.000000e+00     21s
    1565    3.4014945e+06   1.000124e+02   0.000000e+00     26s
    1798    3.4014945e+06   6.508883e+01   0.000000e+00     30s
    2150    3.4014946e+06   9.806862e+01   0.000000e+00     36s
    2385    3.4014946e+06   8.447428e+01   0.000000e+00     40s
    2738    3.4014946e+06   1.155673e+02   0.000000e+00     46s
    2977    3.4014946e+06   5.497113e-01   0.000000e+00     50s
    3067    3.4014946e+06   0.000000e+00   0.000000e+00     52s

Solved in 3067 iterations and 51.99 seconds (73.07 work units)
Optimal objective  3.401494599e+06
Set parameter TimeLimit to value 4.1290684106275439e+03
Set parameter Method to value 1
Gurobi Optimizer version 12.0.3 build v12.0.3rc0 (linux64 - "Ubuntu 24.04.4 LTS")

CPU model: Intel(R) Xeon(R) Gold 6230 CPU @ 2.10GHz, instruction set [SSE2|AVX|AVX2|AVX512]
Thread count: 40 physical cores, 40 logical processors, using up to 1 threads

Non-default parameters:
TimeLimit  4.1290684106275439e+03
Method  1
BarHomogeneous  1
Threads  1

Optimize a model with 830 rows, 259573 columns and 7237104 nonzeros
Coefficient statistics:
  Matrix range     [1e+00, 1e+00]
  Objective range  [1e+05, 5e+05]
  Bounds range     [0e+00, 0e+00]
  RHS range        [1e+00, 1e+00]
LP warm-start: use basis

Iteration    Objective       Primal Inf.    Dual Inf.      Time
       0   -2.8412278e+31   3.726186e+33   2.841228e+01      0s
     309   -3.0118469e+30   5.464699e+33   3.011846e+00      5s
     631   -1.3541783e+29   1.216776e+33   1.354171e-01     10s
     988    3.4014938e+06   4.875546e+03   0.000000e+00     16s
    1225    3.4014940e+06   7.647204e+03   0.000000e+00     20s
    1585    3.4014941e+06   3.063686e+02   0.000000e+00     26s
    1819    3.4014942e+06   2.209181e+02   0.000000e+00     30s
    2166    3.4014943e+06   4.385472e+02   0.000000e+00     36s
    2518    3.4014943e+06   2.473675e+02   0.000000e+00     42s
    2755    3.4014944e+06   1.304502e+02   0.000000e+00     46s
    3107    3.4014944e+06   2.311353e+02   0.000000e+00     52s
    3341    3.4014944e+06   2.912112e+02   0.000000e+00     56s
    3694    3.4014944e+06   3.884138e+01   0.000000e+00     62s
    3932    3.4014944e+06   6.110741e+00   0.000000e+00     66s
    4284    3.4014944e+06   8.092071e-02   0.000000e+00     72s
    4318    3.4014944e+06   0.000000e+00   0.000000e+00     72s

Solved in 4318 iterations and 72.22 seconds (102.30 work units)
Optimal objective  3.401494395e+06
Set parameter TimeLimit to value 4.0294675560095347e+03
Set parameter Method to value 1
Gurobi Optimizer version 12.0.3 build v12.0.3rc0 (linux64 - "Ubuntu 24.04.4 LTS")

CPU model: Intel(R) Xeon(R) Gold 6230 CPU @ 2.10GHz, instruction set [SSE2|AVX|AVX2|AVX512]
Thread count: 40 physical cores, 40 logical processors, using up to 1 threads

Non-default parameters:
TimeLimit  4.0294675560095347e+03
Method  1
BarHomogeneous  1
Threads  1

Optimize a model with 830 rows, 259603 columns and 7237736 nonzeros
Coefficient statistics:
  Matrix range     [1e+00, 1e+00]
  Objective range  [1e+05, 5e+05]
  Bounds range     [0e+00, 0e+00]
  RHS range        [1e+00, 1e+00]
LP warm-start: use basis

Iteration    Objective       Primal Inf.    Dual Inf.      Time
       0   -2.8611174e+31   9.094328e+33   2.861117e+01      0s
     306   -3.5386449e+30   8.841778e+32   3.538645e+00      5s
     618   -1.3656934e+29   7.148499e+32   1.365692e-01     10s
    1014    3.4014932e+06   2.722704e+03   0.000000e+00     17s
    1253    3.4014935e+06   1.261187e+03   0.000000e+00     21s
    1610    3.4014938e+06   3.765690e+02   0.000000e+00     27s
    1849    3.4014939e+06   2.204686e+03   0.000000e+00     31s
    2203    3.4014939e+06   1.619340e+02   0.000000e+00     37s
    2434    3.4014940e+06   1.433037e+02   0.000000e+00     41s
    2785    3.4014940e+06   6.260961e+01   0.000000e+00     47s
    3018    3.4014940e+06   5.556510e+01   0.000000e+00     51s
    3372    3.4014940e+06   4.574590e+01   0.000000e+00     57s
    3609    3.4014940e+06   9.969311e+00   0.000000e+00     61s
    3965    3.4014940e+06   5.541138e-01   0.000000e+00     66s
    4000    3.4014940e+06   0.000000e+00   0.000000e+00     67s

Solved in 4000 iterations and 67.17 seconds (94.80 work units)
Optimal objective  3.401494037e+06
Set parameter TimeLimit to value 3.9347218987150118e+03
Set parameter Method to value 1
Gurobi Optimizer version 12.0.3 build v12.0.3rc0 (linux64 - "Ubuntu 24.04.4 LTS")

CPU model: Intel(R) Xeon(R) Gold 6230 CPU @ 2.10GHz, instruction set [SSE2|AVX|AVX2|AVX512]
Thread count: 40 physical cores, 40 logical processors, using up to 1 threads

Non-default parameters:
TimeLimit  3.9347218987150118e+03
Method  1
BarHomogeneous  1
Threads  1

Optimize a model with 830 rows, 259633 columns and 7238386 nonzeros
Coefficient statistics:
  Matrix range     [1e+00, 1e+00]
  Objective range  [1e+05, 5e+05]
  Bounds range     [0e+00, 0e+00]
  RHS range        [1e+00, 1e+00]
LP warm-start: use basis

Iteration    Objective       Primal Inf.    Dual Inf.      Time
       0   -3.0060837e+31   2.389894e+34   3.006084e+01      1s
     296   -5.0662940e+29   8.958464e+32   5.066294e-01      5s
     653    3.4014936e+06   5.631777e+03   0.000000e+00     11s
     887    3.4014937e+06   2.803588e+03   0.000000e+00     15s
    1245    3.4014938e+06   6.584269e+01   0.000000e+00     21s
    1478    3.4014939e+06   6.656742e+01   0.000000e+00     25s
    1838    3.4014939e+06   3.779778e+02   0.000000e+00     31s
    2075    3.4014939e+06   1.452455e+01   0.000000e+00     35s
    2429    3.4014939e+06   1.803242e+01   0.000000e+00     41s
    2668    3.4014939e+06   2.640206e+01   0.000000e+00     45s
    2905    3.4014939e+06   0.000000e+00   0.000000e+00     49s

Solved in 2905 iterations and 49.13 seconds (69.24 work units)
Optimal objective  3.401493924e+06
Set parameter TimeLimit to value 3.8582303582699969e+03
Set parameter Method to value 1
Gurobi Optimizer version 12.0.3 build v12.0.3rc0 (linux64 - "Ubuntu 24.04.4 LTS")

CPU model: Intel(R) Xeon(R) Gold 6230 CPU @ 2.10GHz, instruction set [SSE2|AVX|AVX2|AVX512]
Thread count: 40 physical cores, 40 logical processors, using up to 1 threads

Non-default parameters:
TimeLimit  3.8582303582699969e+03
Method  1
BarHomogeneous  1
Threads  1

Optimize a model with 830 rows, 259663 columns and 7238967 nonzeros
Coefficient statistics:
  Matrix range     [1e+00, 1e+00]
  Objective range  [1e+05, 5e+05]
  Bounds range     [0e+00, 0e+00]
  RHS range        [1e+00, 1e+00]
LP warm-start: use basis

Iteration    Objective       Primal Inf.    Dual Inf.      Time
       0   -3.0328838e+31   1.249770e+34   3.032884e+01      1s
     357   -1.9290430e+28   1.742041e+33   1.929054e-02      6s
     633    3.4014936e+06   5.907497e+02   0.000000e+00     10s
     989    3.4014937e+06   1.919434e+03   0.000000e+00     16s
    1229    3.4014938e+06   9.381427e+01   0.000000e+00     20s
    1582    3.4014938e+06   5.199719e+01   0.000000e+00     26s
    1819    3.4014938e+06   1.398053e+02   0.000000e+00     30s
    2171    3.4014938e+06   7.014784e+01   0.000000e+00     36s
    2402    3.4014938e+06   2.276980e+00   0.000000e+00     40s
    2704    3.4014938e+06   0.000000e+00   0.000000e+00     45s

Solved in 2704 iterations and 45.21 seconds (63.71 work units)
Optimal objective  3.401493827e+06
Set parameter TimeLimit to value 3.7852500398210250e+03
Set parameter Method to value 1
Gurobi Optimizer version 12.0.3 build v12.0.3rc0 (linux64 - "Ubuntu 24.04.4 LTS")

CPU model: Intel(R) Xeon(R) Gold 6230 CPU @ 2.10GHz, instruction set [SSE2|AVX|AVX2|AVX512]
Thread count: 40 physical cores, 40 logical processors, using up to 1 threads

Non-default parameters:
TimeLimit  3.7852500398210250e+03
Method  1
BarHomogeneous  1
Threads  1

Optimize a model with 830 rows, 259693 columns and 7239557 nonzeros
Coefficient statistics:
  Matrix range     [1e+00, 1e+00]
  Objective range  [1e+05, 5e+05]
  Bounds range     [0e+00, 0e+00]
  RHS range        [1e+00, 1e+00]
LP warm-start: use basis

Iteration    Objective       Primal Inf.    Dual Inf.      Time
       0   -3.4122877e+31   7.519554e+33   3.412288e+01      0s
     357   -6.1558882e+29   1.447344e+33   6.155887e-01      6s
     635    3.4014934e+06   1.311045e+03   0.000000e+00     10s
     992    3.4014936e+06   1.265161e+03   0.000000e+00     16s
    1227    3.4014937e+06   1.481354e+02   0.000000e+00     20s
    1583    3.4014937e+06   8.370384e+01   0.000000e+00     26s
    1817    3.4014938e+06   2.199244e+02   0.000000e+00     30s
    2171    3.4014938e+06   4.620383e+01   0.000000e+00     36s
    2406    3.4014938e+06   3.027315e+00   0.000000e+00     40s
    2746    3.4014938e+06   0.000000e+00   0.000000e+00     46s

Solved in 2746 iterations and 45.87 seconds (64.75 work units)
Optimal objective  3.401493778e+06
Set parameter TimeLimit to value 3.7118556691491976e+03
Set parameter Method to value 1
Gurobi Optimizer version 12.0.3 build v12.0.3rc0 (linux64 - "Ubuntu 24.04.4 LTS")

CPU model: Intel(R) Xeon(R) Gold 6230 CPU @ 2.10GHz, instruction set [SSE2|AVX|AVX2|AVX512]
Thread count: 40 physical cores, 40 logical processors, using up to 1 threads

Non-default parameters:
TimeLimit  3.7118556691491976e+03
Method  1
BarHomogeneous  1
Threads  1

Optimize a model with 830 rows, 259723 columns and 7239958 nonzeros
Coefficient statistics:
  Matrix range     [1e+00, 1e+00]
  Objective range  [1e+05, 5e+05]
  Bounds range     [0e+00, 0e+00]
  RHS range        [1e+00, 1e+00]
LP warm-start: use basis

Iteration    Objective       Primal Inf.    Dual Inf.      Time
       0   -2.6871920e+31   4.471799e+34   2.687192e+01      0s
     326   -1.6404518e+30   1.286681e+33   1.640452e+00      5s
     640   -5.9524715e+28   5.229672e+32   5.952469e-02     10s
     952    3.4014932e+06   8.136298e+03   0.000000e+00     15s
    1307    3.4014934e+06   1.721596e+03   0.000000e+00     21s
    1542    3.4014935e+06   7.244341e+02   0.000000e+00     25s
    1891    3.4014936e+06   3.901884e+02   0.000000e+00     31s
    2128    3.4014936e+06   3.949252e+02   0.000000e+00     35s
    2480    3.4014936e+06   3.359195e+01   0.000000e+00     41s
    2715    3.4014936e+06   4.290664e+01   0.000000e+00     45s
    3072    3.4014936e+06   1.418613e+02   0.000000e+00     51s
    3310    3.4014937e+06   5.106451e+01   0.000000e+00     55s
    3640    3.4014937e+06   0.000000e+00   0.000000e+00     61s

Solved in 3640 iterations and 60.88 seconds (85.62 work units)
Optimal objective  3.401493657e+06
Set parameter TimeLimit to value 3.6234644807665609e+03
Set parameter Method to value 1
Gurobi Optimizer version 12.0.3 build v12.0.3rc0 (linux64 - "Ubuntu 24.04.4 LTS")

CPU model: Intel(R) Xeon(R) Gold 6230 CPU @ 2.10GHz, instruction set [SSE2|AVX|AVX2|AVX512]
Thread count: 40 physical cores, 40 logical processors, using up to 1 threads

Non-default parameters:
TimeLimit  3.6234644807665609e+03
Method  1
BarHomogeneous  1
Threads  1

Optimize a model with 830 rows, 259753 columns and 7240615 nonzeros
Coefficient statistics:
  Matrix range     [1e+00, 1e+00]
  Objective range  [1e+05, 5e+05]
  Bounds range     [0e+00, 0e+00]
  RHS range        [1e+00, 1e+00]
LP warm-start: use basis

Iteration    Objective       Primal Inf.    Dual Inf.      Time
       0   -3.0338756e+31   3.721219e+34   3.033876e+01      0s
      82    3.4014937e+06   0.000000e+00   0.000000e+00      2s

Solved in 82 iterations and 1.90 seconds (2.38 work units)
Optimal objective  3.401493657e+06
Set parameter TimeLimit to value 3.5959361327369697e+03
Set parameter Method to value 1
Gurobi Optimizer version 12.0.3 build v12.0.3rc0 (linux64 - "Ubuntu 24.04.4 LTS")

CPU model: Intel(R) Xeon(R) Gold 6230 CPU @ 2.10GHz, instruction set [SSE2|AVX|AVX2|AVX512]
Thread count: 40 physical cores, 40 logical processors, using up to 1 threads

Non-default parameters:
TimeLimit  3.5959361327369697e+03
Method  1
BarHomogeneous  1
Threads  1

Optimize a model with 830 rows, 259783 columns and 7241304 nonzeros
Coefficient statistics:
  Matrix range     [1e+00, 1e+00]
  Objective range  [1e+05, 5e+05]
  Bounds range     [0e+00, 0e+00]
  RHS range        [1e+00, 1e+00]
LP warm-start: use basis

Iteration    Objective       Primal Inf.    Dual Inf.      Time
       0   -2.4131711e+31   9.209590e+33   2.413171e+01      0s
     216    3.4014937e+06   0.000000e+00   0.000000e+00      4s

Solved in 216 iterations and 4.08 seconds (5.48 work units)
Optimal objective  3.401493657e+06
Set parameter TimeLimit to value 3.5676600104845129e+03
Set parameter Method to value 1
Gurobi Optimizer version 12.0.3 build v12.0.3rc0 (linux64 - "Ubuntu 24.04.4 LTS")

CPU model: Intel(R) Xeon(R) Gold 6230 CPU @ 2.10GHz, instruction set [SSE2|AVX|AVX2|AVX512]
Thread count: 40 physical cores, 40 logical processors, using up to 1 threads

Non-default parameters:
TimeLimit  3.5676600104845129e+03
Method  1
BarHomogeneous  1
Threads  1

Optimize a model with 830 rows, 259813 columns and 7241938 nonzeros
Coefficient statistics:
  Matrix range     [1e+00, 1e+00]
  Objective range  [1e+05, 5e+05]
  Bounds range     [0e+00, 0e+00]
  RHS range        [1e+00, 1e+00]
LP warm-start: use basis

Iteration    Objective       Primal Inf.    Dual Inf.      Time
       0   -2.1366202e+31   2.113679e+34   2.136620e+01      1s
     313   -4.8222272e+28   5.924557e+32   4.822229e-02      5s
     631    3.4014934e+06   4.896847e+02   0.000000e+00     11s
     990    3.4014935e+06   3.568020e+02   0.000000e+00     17s
    1229    3.4014936e+06   3.988695e+02   0.000000e+00     21s
    1582    3.4014936e+06   5.952078e+01   0.000000e+00     27s
    1817    3.4014936e+06   5.145728e+01   0.000000e+00     31s
    2169    3.4014936e+06   2.584064e+01   0.000000e+00     37s
    2402    3.4014936e+06   1.567818e+01   0.000000e+00     41s
    2682    3.4014936e+06   0.000000e+00   0.000000e+00     45s

Solved in 2682 iterations and 45.43 seconds (63.76 work units)
Optimal objective  3.401493589e+06
Set parameter TimeLimit to value 3.4943566042901948e+03
Set parameter Method to value 1
Gurobi Optimizer version 12.0.3 build v12.0.3rc0 (linux64 - "Ubuntu 24.04.4 LTS")

CPU model: Intel(R) Xeon(R) Gold 6230 CPU @ 2.10GHz, instruction set [SSE2|AVX|AVX2|AVX512]
Thread count: 40 physical cores, 40 logical processors, using up to 1 threads

Non-default parameters:
TimeLimit  3.4943566042901948e+03
Method  1
BarHomogeneous  1
Threads  1

Optimize a model with 830 rows, 259843 columns and 7242510 nonzeros
Coefficient statistics:
  Matrix range     [1e+00, 1e+00]
  Objective range  [1e+05, 5e+05]
  Bounds range     [0e+00, 0e+00]
  RHS range        [1e+00, 1e+00]
LP warm-start: use basis

Iteration    Objective       Primal Inf.    Dual Inf.      Time
       0   -1.9927818e+31   9.234058e+33   1.992782e+01      1s
     334   -3.5461795e+30   1.892006e+33   3.546179e+00      5s
     659   -1.6205024e+30   1.677723e+33   1.620502e+00     10s
    1016   -1.9337342e+29   7.932035e+32   1.933734e-01     16s
    1364    3.4014930e+06   5.649959e+03   0.000000e+00     22s
    1596    3.4014931e+06   4.237273e+02   0.000000e+00     26s
    1950    3.4014931e+06   4.238093e+03   0.000000e+00     32s
    2187    3.4014932e+06   2.842835e+02   0.000000e+00     36s
    2539    3.4014933e+06   1.200918e+02   0.000000e+00     42s
    2777    3.4014933e+06   2.198112e+02   0.000000e+00     46s
    3013    3.4014933e+06   7.224461e+02   0.000000e+00     50s
    3367    3.4014934e+06   1.881857e+02   0.000000e+00     56s
    3602    3.4014934e+06   1.769037e+02   0.000000e+00     60s
    3959    3.4014934e+06   1.140052e+02   0.000000e+00     66s
    4196    3.4014934e+06   3.533376e+01   0.000000e+00     70s
    4551    3.4014934e+06   4.872098e+01   0.000000e+00     76s
    4789    3.4014934e+06   3.474072e+01   0.000000e+00     80s
    5147    3.4014934e+06   1.779191e+01   0.000000e+00     86s
    5385    3.4014934e+06   1.897912e+01   0.000000e+00     90s
    5565    3.4014934e+06   0.000000e+00   0.000000e+00     94s

Solved in 5565 iterations and 93.72 seconds (130.47 work units)
Optimal objective  3.401493424e+06
Set parameter TimeLimit to value 3.3721282167653553e+03
Set parameter Method to value 1
Gurobi Optimizer version 12.0.3 build v12.0.3rc0 (linux64 - "Ubuntu 24.04.4 LTS")

CPU model: Intel(R) Xeon(R) Gold 6230 CPU @ 2.10GHz, instruction set [SSE2|AVX|AVX2|AVX512]
Thread count: 40 physical cores, 40 logical processors, using up to 1 threads

Non-default parameters:
TimeLimit  3.3721282167653553e+03
Method  1
BarHomogeneous  1
Threads  1

Optimize a model with 830 rows, 259873 columns and 7243093 nonzeros
Coefficient statistics:
  Matrix range     [1e+00, 1e+00]
  Objective range  [1e+05, 5e+05]
  Bounds range     [0e+00, 0e+00]
  RHS range        [1e+00, 1e+00]
LP warm-start: use basis

Iteration    Objective       Primal Inf.    Dual Inf.      Time
       0   -1.8423344e+31   8.339599e+33   1.842334e+01      1s
     318   -4.4375958e+27   2.905621e+32   4.437592e-03      5s
     635    3.4014933e+06   1.505922e+03   0.000000e+00     11s
     872    3.4014933e+06   1.737192e+02   0.000000e+00     15s
    1228    3.4014934e+06   3.305835e+01   0.000000e+00     21s
    1462    3.4014934e+06   4.492788e+01   0.000000e+00     25s
    1816    3.4014934e+06   8.827842e+01   0.000000e+00     31s
    2033    3.4014934e+06   0.000000e+00   0.000000e+00     35s

Solved in 2033 iterations and 35.15 seconds (48.11 work units)
Optimal objective  3.401493381e+06
Set parameter TimeLimit to value 3.3085476158550009e+03
Set parameter Method to value 1
Gurobi Optimizer version 12.0.3 build v12.0.3rc0 (linux64 - "Ubuntu 24.04.4 LTS")

CPU model: Intel(R) Xeon(R) Gold 6230 CPU @ 2.10GHz, instruction set [SSE2|AVX|AVX2|AVX512]
Thread count: 40 physical cores, 40 logical processors, using up to 1 threads

Non-default parameters:
TimeLimit  3.3085476158550009e+03
Method  1
BarHomogeneous  1
Threads  1

Optimize a model with 830 rows, 259903 columns and 7243664 nonzeros
Coefficient statistics:
  Matrix range     [1e+00, 1e+00]
  Objective range  [1e+05, 5e+05]
  Bounds range     [0e+00, 0e+00]
  RHS range        [1e+00, 1e+00]
LP warm-start: use basis

Iteration    Objective       Primal Inf.    Dual Inf.      Time
       0   -2.2353618e+31   1.201117e+34   2.235362e+01      1s
     155    3.4014934e+06   0.000000e+00   0.000000e+00      3s

Solved in 155 iterations and 3.15 seconds (4.09 work units)
Optimal objective  3.401493381e+06
Set parameter TimeLimit to value 3.2776229442949407e+03
Set parameter Method to value 1
Gurobi Optimizer version 12.0.3 build v12.0.3rc0 (linux64 - "Ubuntu 24.04.4 LTS")

CPU model: Intel(R) Xeon(R) Gold 6230 CPU @ 2.10GHz, instruction set [SSE2|AVX|AVX2|AVX512]
Thread count: 40 physical cores, 40 logical processors, using up to 1 threads

Non-default parameters:
TimeLimit  3.2776229442949407e+03
Method  1
BarHomogeneous  1
Threads  1

Optimize a model with 830 rows, 259933 columns and 7244361 nonzeros
Coefficient statistics:
  Matrix range     [1e+00, 1e+00]
  Objective range  [1e+05, 5e+05]
  Bounds range     [0e+00, 0e+00]
  RHS range        [1e+00, 1e+00]
LP warm-start: use basis

Iteration    Objective       Primal Inf.    Dual Inf.      Time
       0   -1.4669149e+31   6.016455e+33   1.466915e+01      1s
     313   -4.9542290e+30   2.476742e+33   4.954229e+00      5s
     640   -1.0271963e+30   4.366719e+33   1.027196e+00     10s
     956   -3.9520586e+29   1.204808e+33   3.952060e-01     15s
    1311    3.4014925e+06   2.168938e+03   0.000000e+00     21s
    1548    3.4014928e+06   1.190534e+03   0.000000e+00     25s
    1900    3.4014929e+06   7.255040e+02   0.000000e+00     31s
    2254    3.4014930e+06   3.889460e+02   0.000000e+00     37s
    2483    3.4014931e+06   8.974383e+02   0.000000e+00     41s
    2721    3.4014931e+06   7.681931e+01   0.000000e+00     45s
    3075    3.4014931e+06   5.862027e+01   0.000000e+00     51s
    3309    3.4014932e+06   1.012846e+02   0.000000e+00     55s
    3667    3.4014932e+06   3.144829e+02   0.000000e+00     61s
    3902    3.4014932e+06   6.139346e+01   0.000000e+00     65s
    4255    3.4014932e+06   7.092776e+01   0.000000e+00     71s
    4493    3.4014932e+06   4.068178e+01   0.000000e+00     76s
    4850    3.4014932e+06   1.826709e+01   0.000000e+00     82s
    5088    3.4014932e+06   1.305462e+00   0.000000e+00     86s
    5328    3.4014932e+06   0.000000e+00   0.000000e+00     90s

Solved in 5328 iterations and 89.85 seconds (125.79 work units)
Optimal objective  3.401493213e+06
Set parameter TimeLimit to value 3.1595488632088527e+03
Set parameter Method to value 1
Gurobi Optimizer version 12.0.3 build v12.0.3rc0 (linux64 - "Ubuntu 24.04.4 LTS")

CPU model: Intel(R) Xeon(R) Gold 6230 CPU @ 2.10GHz, instruction set [SSE2|AVX|AVX2|AVX512]
Thread count: 40 physical cores, 40 logical processors, using up to 1 threads

Non-default parameters:
TimeLimit  3.1595488632088527e+03
Method  1
BarHomogeneous  1
Threads  1

Optimize a model with 830 rows, 259963 columns and 7245161 nonzeros
Coefficient statistics:
  Matrix range     [1e+00, 1e+00]
  Objective range  [1e+05, 5e+05]
  Bounds range     [0e+00, 0e+00]
  RHS range        [1e+00, 1e+00]
LP warm-start: use basis

Iteration    Objective       Primal Inf.    Dual Inf.      Time
       0   -1.5032998e+31   2.070055e+34   1.503300e+01      1s
     378   -3.8665177e+29   4.236689e+33   3.866516e-01      5s
     655    3.4014929e+06   1.232258e+03   0.000000e+00     10s
    1007    3.4014930e+06   3.884886e+02   0.000000e+00     16s
    1244    3.4014931e+06   1.772188e+02   0.000000e+00     20s
    1603    3.4014931e+06   9.421565e+01   0.000000e+00     26s
    1842    3.4014931e+06   2.699530e+01   0.000000e+00     30s
    2198    3.4014931e+06   1.230244e+02   0.000000e+00     37s
    2435    3.4014931e+06   3.244072e+00   0.000000e+00     41s
    2683    3.4014931e+06   0.000000e+00   0.000000e+00     45s

Solved in 2683 iterations and 44.90 seconds (62.03 work units)
Optimal objective  3.401493126e+06
Set parameter TimeLimit to value 3.0861487521603703e+03
Set parameter Method to value 1
Gurobi Optimizer version 12.0.3 build v12.0.3rc0 (linux64 - "Ubuntu 24.04.4 LTS")

CPU model: Intel(R) Xeon(R) Gold 6230 CPU @ 2.10GHz, instruction set [SSE2|AVX|AVX2|AVX512]
Thread count: 40 physical cores, 40 logical processors, using up to 1 threads

Non-default parameters:
TimeLimit  3.0861487521603703e+03
Method  1
BarHomogeneous  1
Threads  1

Optimize a model with 830 rows, 259993 columns and 7245775 nonzeros
Coefficient statistics:
  Matrix range     [1e+00, 1e+00]
  Objective range  [1e+05, 5e+05]
  Bounds range     [0e+00, 0e+00]
  RHS range        [1e+00, 1e+00]
LP warm-start: use basis

Iteration    Objective       Primal Inf.    Dual Inf.      Time
       0   -2.3956889e+31   2.688291e+34   2.395689e+01      1s
     107    3.4014931e+06   0.000000e+00   0.000000e+00      2s

Solved in 107 iterations and 2.46 seconds (3.01 work units)
Optimal objective  3.401493126e+06
Set parameter TimeLimit to value 3.0547365011628717e+03
Set parameter Method to value 1
Gurobi Optimizer version 12.0.3 build v12.0.3rc0 (linux64 - "Ubuntu 24.04.4 LTS")

CPU model: Intel(R) Xeon(R) Gold 6230 CPU @ 2.10GHz, instruction set [SSE2|AVX|AVX2|AVX512]
Thread count: 40 physical cores, 40 logical processors, using up to 1 threads

Non-default parameters:
TimeLimit  3.0547365011628717e+03
Method  1
BarHomogeneous  1
Threads  1

Optimize a model with 830 rows, 260023 columns and 7246418 nonzeros
Coefficient statistics:
  Matrix range     [1e+00, 1e+00]
  Objective range  [1e+05, 5e+05]
  Bounds range     [0e+00, 0e+00]
  RHS range        [1e+00, 1e+00]
LP warm-start: use basis

Iteration    Objective       Primal Inf.    Dual Inf.      Time
       0   -1.7314327e+31   6.148239e+33   1.731433e+01      1s
     370   -8.9746277e+28   1.438066e+33   8.974631e-02      6s
     649   -3.6083091e+27   1.008547e+32   3.608777e-03     10s
     966    3.4014930e+06   2.921597e+02   0.000000e+00     16s
    1326    3.4014930e+06   2.440308e+02   0.000000e+00     22s
    1561    3.4014931e+06   2.260724e+02   0.000000e+00     26s
    1918    3.4014931e+06   7.436419e+01   0.000000e+00     32s
    2154    3.4014931e+06   5.626839e+01   0.000000e+00     36s
    2392    3.4014931e+06   2.267008e+00   0.000000e+00     40s
    2643    3.4014931e+06   0.000000e+00   0.000000e+00     45s

Solved in 2643 iterations and 44.54 seconds (61.71 work units)
Optimal objective  3.401493081e+06
Set parameter TimeLimit to value 2.9813218746082857e+03
Set parameter Method to value 1
Gurobi Optimizer version 12.0.3 build v12.0.3rc0 (linux64 - "Ubuntu 24.04.4 LTS")

CPU model: Intel(R) Xeon(R) Gold 6230 CPU @ 2.10GHz, instruction set [SSE2|AVX|AVX2|AVX512]
Thread count: 40 physical cores, 40 logical processors, using up to 1 threads

Non-default parameters:
TimeLimit  2.9813218746082857e+03
Method  1
BarHomogeneous  1
Threads  1

Optimize a model with 830 rows, 260053 columns and 7247320 nonzeros
Coefficient statistics:
  Matrix range     [1e+00, 1e+00]
  Objective range  [1e+05, 5e+05]
  Bounds range     [0e+00, 0e+00]
  RHS range        [1e+00, 1e+00]
LP warm-start: use basis

Iteration    Objective       Primal Inf.    Dual Inf.      Time
       0   -1.4115509e+31   9.585009e+33   1.411551e+01      1s
      79    3.4014931e+06   0.000000e+00   0.000000e+00      2s

Solved in 79 iterations and 1.86 seconds (2.25 work units)
Optimal objective  3.401493081e+06
Set parameter TimeLimit to value 2.9508276085616089e+03
Set parameter Method to value 1
Gurobi Optimizer version 12.0.3 build v12.0.3rc0 (linux64 - "Ubuntu 24.04.4 LTS")

CPU model: Intel(R) Xeon(R) Gold 6230 CPU @ 2.10GHz, instruction set [SSE2|AVX|AVX2|AVX512]
Thread count: 40 physical cores, 40 logical processors, using up to 1 threads

Non-default parameters:
TimeLimit  2.9508276085616089e+03
Method  1
BarHomogeneous  1
Threads  1

Optimize a model with 830 rows, 260083 columns and 7248191 nonzeros
Coefficient statistics:
  Matrix range     [1e+00, 1e+00]
  Objective range  [1e+05, 5e+05]
  Bounds range     [0e+00, 0e+00]
  RHS range        [1e+00, 1e+00]
LP warm-start: use basis

Iteration    Objective       Primal Inf.    Dual Inf.      Time
       0   -1.3135037e+31   8.557082e+33   1.313504e+01      1s
     318   -1.2644795e+29   2.512786e+33   1.264480e-01      5s
     676    3.4014930e+06   5.910349e+02   0.000000e+00     12s
     914    3.4014930e+06   5.244451e+02   0.000000e+00     16s
    1268    3.4014930e+06   7.860853e+01   0.000000e+00     22s
    1506    3.4014930e+06   5.209305e+01   0.000000e+00     26s
    1859    3.4014930e+06   6.314289e+01   0.000000e+00     32s
    2092    3.4014930e+06   2.482624e+02   0.000000e+00     35s
    2430    3.4014931e+06   0.000000e+00   0.000000e+00     41s

Solved in 2430 iterations and 41.29 seconds (57.53 work units)
Optimal objective  3.401493050e+06
Set parameter TimeLimit to value 2.8810888464534655e+03
Set parameter Method to value 1
Gurobi Optimizer version 12.0.3 build v12.0.3rc0 (linux64 - "Ubuntu 24.04.4 LTS")

CPU model: Intel(R) Xeon(R) Gold 6230 CPU @ 2.10GHz, instruction set [SSE2|AVX|AVX2|AVX512]
Thread count: 40 physical cores, 40 logical processors, using up to 1 threads

Non-default parameters:
TimeLimit  2.8810888464534655e+03
Method  1
BarHomogeneous  1
Threads  1

Optimize a model with 830 rows, 260113 columns and 7249076 nonzeros
Coefficient statistics:
  Matrix range     [1e+00, 1e+00]
  Objective range  [1e+05, 5e+05]
  Bounds range     [0e+00, 0e+00]
  RHS range        [1e+00, 1e+00]
LP warm-start: use basis

Iteration    Objective       Primal Inf.    Dual Inf.      Time
       0   -1.5671881e+31   1.140419e+34   1.567188e+01      1s
     396    3.4014930e+06   1.142439e+03   0.000000e+00      7s
     633    3.4014930e+06   3.034070e+02   0.000000e+00     11s
     869    3.4014930e+06   1.142231e+02   0.000000e+00     15s
    1221    3.4014930e+06   4.189877e+01   0.000000e+00     21s
    1456    3.4014930e+06   2.439211e+00   0.000000e+00     25s
    1724    3.4014930e+06   0.000000e+00   0.000000e+00     30s

Solved in 1724 iterations and 29.71 seconds (41.13 work units)
Optimal objective  3.401493031e+06
Set parameter TimeLimit to value 2.8228543014484458e+03
Set parameter Method to value 1
Gurobi Optimizer version 12.0.3 build v12.0.3rc0 (linux64 - "Ubuntu 24.04.4 LTS")

CPU model: Intel(R) Xeon(R) Gold 6230 CPU @ 2.10GHz, instruction set [SSE2|AVX|AVX2|AVX512]
Thread count: 40 physical cores, 40 logical processors, using up to 1 threads

Non-default parameters:
TimeLimit  2.8228543014484458e+03
Method  1
BarHomogeneous  1
Threads  1

Optimize a model with 830 rows, 260143 columns and 7249652 nonzeros
Coefficient statistics:
  Matrix range     [1e+00, 1e+00]
  Objective range  [1e+05, 5e+05]
  Bounds range     [0e+00, 0e+00]
  RHS range        [1e+00, 1e+00]
LP warm-start: use basis

Iteration    Objective       Primal Inf.    Dual Inf.      Time
       0   -1.4966305e+31   2.273871e+34   1.496630e+01      0s
     367    3.4014929e+06   3.994142e+02   0.000000e+00      7s
     607    3.4014930e+06   4.454518e+02   0.000000e+00     11s
     956    3.4014930e+06   8.615004e+01   0.000000e+00     17s
    1191    3.4014930e+06   5.722390e+01   0.000000e+00     21s
    1549    3.4014930e+06   2.024314e+01   0.000000e+00     27s
    1787    3.4014930e+06   5.640918e+00   0.000000e+00     31s
    1881    3.4014930e+06   0.000000e+00   0.000000e+00     33s

Solved in 1881 iterations and 32.76 seconds (44.71 work units)
Optimal objective  3.401493008e+06
Set parameter TimeLimit to value 2.7614480029651895e+03
Set parameter Method to value 1
Gurobi Optimizer version 12.0.3 build v12.0.3rc0 (linux64 - "Ubuntu 24.04.4 LTS")

CPU model: Intel(R) Xeon(R) Gold 6230 CPU @ 2.10GHz, instruction set [SSE2|AVX|AVX2|AVX512]
Thread count: 40 physical cores, 40 logical processors, using up to 1 threads

Non-default parameters:
TimeLimit  2.7614480029651895e+03
Method  1
BarHomogeneous  1
Threads  1

Optimize a model with 830 rows, 260173 columns and 7250581 nonzeros
Coefficient statistics:
  Matrix range     [1e+00, 1e+00]
  Objective range  [1e+05, 5e+05]
  Bounds range     [0e+00, 0e+00]
  RHS range        [1e+00, 1e+00]
LP warm-start: use basis

Iteration    Objective       Primal Inf.    Dual Inf.      Time
       0   -1.3194795e+31   1.557795e+34   1.319480e+01      1s
     308   -1.4178139e+29   1.407810e+33   1.417813e-01      5s
     661    3.4014928e+06   3.049198e+03   0.000000e+00     11s
     897    3.4014928e+06   6.136845e+02   0.000000e+00     16s
    1249    3.4014929e+06   7.880543e+02   0.000000e+00     22s
    1486    3.4014929e+06   5.569740e+01   0.000000e+00     26s
    1834    3.4014929e+06   3.766178e+01   0.000000e+00     31s
    2069    3.4014929e+06   2.492930e+01   0.000000e+00     35s
    2424    3.4014929e+06   4.925600e+02   0.000000e+00     41s
    2664    3.4014929e+06   6.720836e+01   0.000000e+00     46s
    3024    3.4014930e+06   1.142482e+01   0.000000e+00     52s
    3089    3.4014930e+06   0.000000e+00   0.000000e+00     53s

Solved in 3089 iterations and 52.98 seconds (73.73 work units)
Optimal objective  3.401492952e+06
Set parameter TimeLimit to value 2.6801496465601958e+03
Set parameter Method to value 1
Gurobi Optimizer version 12.0.3 build v12.0.3rc0 (linux64 - "Ubuntu 24.04.4 LTS")

CPU model: Intel(R) Xeon(R) Gold 6230 CPU @ 2.10GHz, instruction set [SSE2|AVX|AVX2|AVX512]
Thread count: 40 physical cores, 40 logical processors, using up to 1 threads

Non-default parameters:
TimeLimit  2.6801496465601958e+03
Method  1
BarHomogeneous  1
Threads  1

Optimize a model with 830 rows, 260203 columns and 7251416 nonzeros
Coefficient statistics:
  Matrix range     [1e+00, 1e+00]
  Objective range  [1e+05, 5e+05]
  Bounds range     [0e+00, 0e+00]
  RHS range        [1e+00, 1e+00]
LP warm-start: use basis

Iteration    Objective       Primal Inf.    Dual Inf.      Time
       0   -1.3200340e+31   4.844153e+33   1.320034e+01      0s
     366   -1.7856931e+30   3.264240e+33   1.785693e+00      6s
     644   -1.4605383e+29   3.739934e+32   1.460538e-01     10s
     960    3.4014925e+06   1.124092e+04   0.000000e+00     16s
    1314    3.4014927e+06   1.527513e+03   0.000000e+00     21s
    1551    3.4014927e+06   5.140704e+02   0.000000e+00     26s
    1908    3.4014928e+06   2.799148e+02   0.000000e+00     32s
    2147    3.4014928e+06   1.239130e+02   0.000000e+00     36s
    2502    3.4014928e+06   1.034165e+02   0.000000e+00     42s
    2741    3.4014928e+06   9.485441e+02   0.000000e+00     46s
    3095    3.4014929e+06   2.615746e+01   0.000000e+00     52s
    3334    3.4014929e+06   2.550300e+01   0.000000e+00     56s
    3571    3.4014929e+06   1.928445e+01   0.000000e+00     60s
    3927    3.4014929e+06   1.958604e+00   0.000000e+00     66s
    4079    3.4014929e+06   0.000000e+00   0.000000e+00     69s

Solved in 4079 iterations and 68.91 seconds (95.54 work units)
Optimal objective  3.401492864e+06
Set parameter TimeLimit to value 2.5826603278629482e+03
Set parameter Method to value 1
Gurobi Optimizer version 12.0.3 build v12.0.3rc0 (linux64 - "Ubuntu 24.04.4 LTS")

CPU model: Intel(R) Xeon(R) Gold 6230 CPU @ 2.10GHz, instruction set [SSE2|AVX|AVX2|AVX512]
Thread count: 40 physical cores, 40 logical processors, using up to 1 threads

Non-default parameters:
TimeLimit  2.5826603278629482e+03
Method  1
BarHomogeneous  1
Threads  1

Optimize a model with 830 rows, 260233 columns and 7252000 nonzeros
Coefficient statistics:
  Matrix range     [1e+00, 1e+00]
  Objective range  [1e+05, 5e+05]
  Bounds range     [0e+00, 0e+00]
  RHS range        [1e+00, 1e+00]
LP warm-start: use basis

Iteration    Objective       Primal Inf.    Dual Inf.      Time
       0   -1.5018644e+31   1.541211e+34   1.501865e+01      0s
       1    3.4014929e+06   0.000000e+00   0.000000e+00      1s

Solved in 1 iterations and 0.57 seconds (0.46 work units)
Optimal objective  3.401492864e+06
Set parameter TimeLimit to value 2.5537504488788545e+03
Set parameter Method to value 1
Gurobi Optimizer version 12.0.3 build v12.0.3rc0 (linux64 - "Ubuntu 24.04.4 LTS")

CPU model: Intel(R) Xeon(R) Gold 6230 CPU @ 2.10GHz, instruction set [SSE2|AVX|AVX2|AVX512]
Thread count: 40 physical cores, 40 logical processors, using up to 1 threads

Non-default parameters:
TimeLimit  2.5537504488788545e+03
Method  1
BarHomogeneous  1
Threads  1

Optimize a model with 830 rows, 260263 columns and 7252906 nonzeros
Coefficient statistics:
  Matrix range     [1e+00, 1e+00]
  Objective range  [1e+05, 5e+05]
  Bounds range     [0e+00, 0e+00]
  RHS range        [1e+00, 1e+00]
LP warm-start: use basis

Iteration    Objective       Primal Inf.    Dual Inf.      Time
       0   -1.1564394e+31   6.476485e+33   1.156439e+01      1s
     352    3.4014928e+06   2.841602e+02   0.000000e+00      6s
     590    3.4014928e+06   3.151799e+02   0.000000e+00     10s
     946    3.4014928e+06   7.681892e+01   0.000000e+00     16s
    1183    3.4014928e+06   1.359720e+01   0.000000e+00     20s
    1537    3.4014928e+06   9.321238e-01   0.000000e+00     26s
    1657    3.4014928e+06   0.000000e+00   0.000000e+00     28s

Solved in 1657 iterations and 28.27 seconds (39.40 work units)
Optimal objective  3.401492837e+06
Set parameter TimeLimit to value 2.4966682367450558e+03
Set parameter Method to value 1
Gurobi Optimizer version 12.0.3 build v12.0.3rc0 (linux64 - "Ubuntu 24.04.4 LTS")

CPU model: Intel(R) Xeon(R) Gold 6230 CPU @ 2.10GHz, instruction set [SSE2|AVX|AVX2|AVX512]
Thread count: 40 physical cores, 40 logical processors, using up to 1 threads

Non-default parameters:
TimeLimit  2.4966682367450558e+03
Method  1
BarHomogeneous  1
Threads  1

Optimize a model with 830 rows, 260293 columns and 7253971 nonzeros
Coefficient statistics:
  Matrix range     [1e+00, 1e+00]
  Objective range  [1e+05, 5e+05]
  Bounds range     [0e+00, 0e+00]
  RHS range        [1e+00, 1e+00]
LP warm-start: use basis

Iteration    Objective       Primal Inf.    Dual Inf.      Time
       0   -2.1287531e+31   1.427593e+34   2.128753e+01      1s
     143    3.4014928e+06   0.000000e+00   0.000000e+00      3s

Solved in 143 iterations and 3.19 seconds (3.89 work units)
Optimal objective  3.401492837e+06
Set parameter TimeLimit to value 2.4647109993747436e+03
Set parameter Method to value 1
Gurobi Optimizer version 12.0.3 build v12.0.3rc0 (linux64 - "Ubuntu 24.04.4 LTS")

CPU model: Intel(R) Xeon(R) Gold 6230 CPU @ 2.10GHz, instruction set [SSE2|AVX|AVX2|AVX512]
Thread count: 40 physical cores, 40 logical processors, using up to 1 threads

Non-default parameters:
TimeLimit  2.4647109993747436e+03
Method  1
BarHomogeneous  1
Threads  1

Optimize a model with 830 rows, 260323 columns and 7254987 nonzeros
Coefficient statistics:
  Matrix range     [1e+00, 1e+00]
  Objective range  [1e+05, 5e+05]
  Bounds range     [0e+00, 0e+00]
  RHS range        [1e+00, 1e+00]
LP warm-start: use basis

Iteration    Objective       Primal Inf.    Dual Inf.      Time
       0   -1.3504810e+31   7.386982e+33   1.350481e+01      1s
     315   -1.6543867e+29   6.068968e+32   1.654386e-01      5s
     591   -3.4344771e+27   7.762765e+32   3.434441e-03     10s
     905    3.4014928e+06   4.024346e+02   0.000000e+00     15s
    1263    3.4014928e+06   1.524494e+02   0.000000e+00     22s
    1501    3.4014928e+06   1.398723e+02   0.000000e+00     26s
    1856    3.4014928e+06   1.131581e+01   0.000000e+00     32s
    2092    3.4014928e+06   1.645285e+01   0.000000e+00     36s
    2329    3.4014928e+06   6.942780e+00   0.000000e+00     40s
    2687    3.4014928e+06   7.114633e-01   0.000000e+00     46s
    2718    3.4014928e+06   0.000000e+00   0.000000e+00     47s

Solved in 2718 iterations and 46.90 seconds (64.39 work units)
Optimal objective  3.401492820e+06
Set parameter TimeLimit to value 2.3889727330179885e+03
Set parameter Method to value 1
Gurobi Optimizer version 12.0.3 build v12.0.3rc0 (linux64 - "Ubuntu 24.04.4 LTS")

CPU model: Intel(R) Xeon(R) Gold 6230 CPU @ 2.10GHz, instruction set [SSE2|AVX|AVX2|AVX512]
Thread count: 40 physical cores, 40 logical processors, using up to 1 threads

Non-default parameters:
TimeLimit  2.3889727330179885e+03
Method  1
BarHomogeneous  1
Threads  1

Optimize a model with 830 rows, 260353 columns and 7255791 nonzeros
Coefficient statistics:
  Matrix range     [1e+00, 1e+00]
  Objective range  [1e+05, 5e+05]
  Bounds range     [0e+00, 0e+00]
  RHS range        [1e+00, 1e+00]
LP warm-start: use basis

Iteration    Objective       Primal Inf.    Dual Inf.      Time
       0   -1.1632807e+31   1.577851e+34   1.163281e+01      0s
     314    3.4014927e+06   7.881621e+02   0.000000e+00      5s
     666    3.4014928e+06   4.501480e+01   0.000000e+00     12s
     905    3.4014928e+06   7.730032e+00   0.000000e+00     16s
    1144    3.4014928e+06   4.856429e+00   0.000000e+00     20s
    1295    3.4014928e+06   0.000000e+00   0.000000e+00     23s

Solved in 1295 iterations and 22.75 seconds (30.81 work units)
Optimal objective  3.401492816e+06
Set parameter TimeLimit to value 2334.62765089795
Set parameter Method to value 1
Gurobi Optimizer version 12.0.3 build v12.0.3rc0 (linux64 - "Ubuntu 24.04.4 LTS")

CPU model: Intel(R) Xeon(R) Gold 6230 CPU @ 2.10GHz, instruction set [SSE2|AVX|AVX2|AVX512]
Thread count: 40 physical cores, 40 logical processors, using up to 1 threads

Non-default parameters:
TimeLimit  2334.62765089795
Method  1
BarHomogeneous  1
Threads  1

Optimize a model with 830 rows, 260383 columns and 7256819 nonzeros
Coefficient statistics:
  Matrix range     [1e+00, 1e+00]
  Objective range  [1e+05, 5e+05]
  Bounds range     [0e+00, 0e+00]
  RHS range        [1e+00, 1e+00]
LP warm-start: use basis

Iteration    Objective       Primal Inf.    Dual Inf.      Time
       0   -1.0339572e+31   9.742954e+33   1.033957e+01      0s
     326   -1.1381251e+30   1.543814e+33   1.138125e+00      5s
     605   -2.3667462e+29   1.788213e+33   2.366745e-01     10s
     964   -3.1511530e+27   3.548767e+32   3.151133e-03     16s
    1196    3.4014926e+06   1.121926e+03   0.000000e+00     20s
    1546    3.4014927e+06   4.353429e+03   0.000000e+00     26s
    1783    3.4014927e+06   2.653228e+02   0.000000e+00     30s
    2138    3.4014928e+06   2.843802e+02   0.000000e+00     36s
    2373    3.4014928e+06   6.997719e+01   0.000000e+00     40s
    2728    3.4014928e+06   6.888760e+02   0.000000e+00     47s
    2966    3.4014928e+06   1.055049e+01   0.000000e+00     51s
    3321    3.4014928e+06   6.965295e+00   0.000000e+00     57s
    3560    3.4014928e+06   6.499545e+00   0.000000e+00     61s
    3890    3.4014928e+06   0.000000e+00   0.000000e+00     67s

Solved in 3890 iterations and 66.69 seconds (91.78 work units)
Optimal objective  3.401492790e+06
Set parameter TimeLimit to value 2.2391694894665852e+03
Set parameter Method to value 1
Gurobi Optimizer version 12.0.3 build v12.0.3rc0 (linux64 - "Ubuntu 24.04.4 LTS")

CPU model: Intel(R) Xeon(R) Gold 6230 CPU @ 2.10GHz, instruction set [SSE2|AVX|AVX2|AVX512]
Thread count: 40 physical cores, 40 logical processors, using up to 1 threads

Non-default parameters:
TimeLimit  2.2391694894665852e+03
Method  1
BarHomogeneous  1
Threads  1

Optimize a model with 830 rows, 260413 columns and 7257765 nonzeros
Coefficient statistics:
  Matrix range     [1e+00, 1e+00]
  Objective range  [1e+05, 5e+05]
  Bounds range     [0e+00, 0e+00]
  RHS range        [1e+00, 1e+00]
LP warm-start: use basis

Iteration    Objective       Primal Inf.    Dual Inf.      Time
       0   -1.2442457e+31   2.413635e+34   1.244246e+01      1s
     107    3.4014928e+06   0.000000e+00   0.000000e+00      2s

Solved in 107 iterations and 2.38 seconds (3.03 work units)
Optimal objective  3.401492790e+06
Set parameter TimeLimit to value 2.2088790971073322e+03
Set parameter Method to value 1
Gurobi Optimizer version 12.0.3 build v12.0.3rc0 (linux64 - "Ubuntu 24.04.4 LTS")

CPU model: Intel(R) Xeon(R) Gold 6230 CPU @ 2.10GHz, instruction set [SSE2|AVX|AVX2|AVX512]
Thread count: 40 physical cores, 40 logical processors, using up to 1 threads

Non-default parameters:
TimeLimit  2.2088790971073322e+03
Method  1
BarHomogeneous  1
Threads  1

Optimize a model with 830 rows, 260443 columns and 7258631 nonzeros
Coefficient statistics:
  Matrix range     [1e+00, 1e+00]
  Objective range  [1e+05, 5e+05]
  Bounds range     [0e+00, 0e+00]
  RHS range        [1e+00, 1e+00]
LP warm-start: use basis

Iteration    Objective       Primal Inf.    Dual Inf.      Time
       0   -1.0054483e+31   8.154428e+33   1.005448e+01      1s
     350    3.4014927e+06   6.476230e+03   0.000000e+00      6s
     581    3.4014927e+06   4.427973e+02   0.000000e+00     10s
     929    3.4014928e+06   1.598516e+01   0.000000e+00     16s
    1166    3.4014928e+06   1.803792e+01   0.000000e+00     20s
    1521    3.4014928e+06   1.268196e+01   0.000000e+00     26s
    1759    3.4014928e+06   1.220457e+00   0.000000e+00     30s
    1845    3.4014928e+06   0.000000e+00   0.000000e+00     32s

Solved in 1845 iterations and 32.05 seconds (44.35 work units)
Optimal objective  3.401492775e+06
Set parameter TimeLimit to value 2.1487980460589752e+03
Set parameter Method to value 1
Gurobi Optimizer version 12.0.3 build v12.0.3rc0 (linux64 - "Ubuntu 24.04.4 LTS")

CPU model: Intel(R) Xeon(R) Gold 6230 CPU @ 2.10GHz, instruction set [SSE2|AVX|AVX2|AVX512]
Thread count: 40 physical cores, 40 logical processors, using up to 1 threads

Non-default parameters:
TimeLimit  2.1487980460589752e+03
Method  1
BarHomogeneous  1
Threads  1

Optimize a model with 830 rows, 260473 columns and 7259433 nonzeros
Coefficient statistics:
  Matrix range     [1e+00, 1e+00]
  Objective range  [1e+05, 5e+05]
  Bounds range     [0e+00, 0e+00]
  RHS range        [1e+00, 1e+00]
LP warm-start: use basis

Iteration    Objective       Primal Inf.    Dual Inf.      Time
       0   -1.2086559e+31   1.091359e+34   1.208656e+01      0s
     102    3.4014928e+06   0.000000e+00   0.000000e+00      2s

Solved in 102 iterations and 2.17 seconds (2.73 work units)
Optimal objective  3.401492775e+06
Set parameter TimeLimit to value 2.1184129157029092e+03
Set parameter Method to value 1
Gurobi Optimizer version 12.0.3 build v12.0.3rc0 (linux64 - "Ubuntu 24.04.4 LTS")

CPU model: Intel(R) Xeon(R) Gold 6230 CPU @ 2.10GHz, instruction set [SSE2|AVX|AVX2|AVX512]
Thread count: 40 physical cores, 40 logical processors, using up to 1 threads

Non-default parameters:
TimeLimit  2.1184129157029092e+03
Method  1
BarHomogeneous  1
Threads  1

Optimize a model with 830 rows, 260503 columns and 7260415 nonzeros
Coefficient statistics:
  Matrix range     [1e+00, 1e+00]
  Objective range  [1e+05, 5e+05]
  Bounds range     [0e+00, 0e+00]
  RHS range        [1e+00, 1e+00]
LP warm-start: use basis

Iteration    Objective       Primal Inf.    Dual Inf.      Time
       0   -1.0387025e+31   9.527354e+33   1.038703e+01      0s
     329   -1.1294203e+30   2.082853e+33   1.129420e+00      5s
     608   -4.4094556e+29   7.541883e+32   4.409456e-01     10s
     958   -1.3270148e+29   2.982580e+33   1.327014e-01     16s
    1308    3.4014925e+06   7.019259e+03   0.000000e+00     22s
    1545    3.4014926e+06   7.304826e+02   0.000000e+00     26s
    1778    3.4014926e+06   4.888072e+02   0.000000e+00     30s
    2123    3.4014926e+06   6.037679e+02   0.000000e+00     36s
    2358    3.4014927e+06   2.067404e+02   0.000000e+00     40s
    2715    3.4014927e+06   1.650181e+02   0.000000e+00     46s
    2952    3.4014927e+06   9.637242e+01   0.000000e+00     50s
    3308    3.4014927e+06   2.888782e+02   0.000000e+00     56s
    3541    3.4014927e+06   5.796055e+01   0.000000e+00     60s
    3896    3.4014927e+06   4.177472e+01   0.000000e+00     66s
    4128    3.4014927e+06   1.066977e+01   0.000000e+00     70s
    4485    3.4014927e+06   4.872120e-01   0.000000e+00     76s
    4517    3.4014927e+06   0.000000e+00   0.000000e+00     77s

Solved in 4517 iterations and 76.96 seconds (106.97 work units)
Optimal objective  3.401492731e+06
Set parameter TimeLimit to value 2.0130026398343034e+03
Set parameter Method to value 1
Gurobi Optimizer version 12.0.3 build v12.0.3rc0 (linux64 - "Ubuntu 24.04.4 LTS")

CPU model: Intel(R) Xeon(R) Gold 6230 CPU @ 2.10GHz, instruction set [SSE2|AVX|AVX2|AVX512]
Thread count: 40 physical cores, 40 logical processors, using up to 1 threads

Non-default parameters:
TimeLimit  2.0130026398343034e+03
Method  1
BarHomogeneous  1
Threads  1

Optimize a model with 830 rows, 260533 columns and 7261336 nonzeros
Coefficient statistics:
  Matrix range     [1e+00, 1e+00]
  Objective range  [1e+05, 5e+05]
  Bounds range     [0e+00, 0e+00]
  RHS range        [1e+00, 1e+00]
LP warm-start: use basis

Iteration    Objective       Primal Inf.    Dual Inf.      Time
       0   -1.0971944e+31   5.760761e+33   1.097194e+01      1s
     321   -7.0671721e+28   1.051104e+33   7.067160e-02      5s
     598    3.4014926e+06   5.066805e+02   0.000000e+00     10s
     953    3.4014927e+06   1.704709e+02   0.000000e+00     16s
    1188    3.4014927e+06   6.286497e+01   0.000000e+00     20s
    1544    3.4014927e+06   3.806956e+01   0.000000e+00     26s
    1776    3.4014927e+06   5.236447e+01   0.000000e+00     30s
    2134    3.4014927e+06   2.542548e+01   0.000000e+00     37s
    2303    3.4014927e+06   0.000000e+00   0.000000e+00     40s

Solved in 2303 iterations and 39.56 seconds (54.38 work units)
Optimal objective  3.401492709e+06
Set parameter TimeLimit to value 1.9451231648316607e+03
Set parameter Method to value 1
Gurobi Optimizer version 12.0.3 build v12.0.3rc0 (linux64 - "Ubuntu 24.04.4 LTS")

CPU model: Intel(R) Xeon(R) Gold 6230 CPU @ 2.10GHz, instruction set [SSE2|AVX|AVX2|AVX512]
Thread count: 40 physical cores, 40 logical processors, using up to 1 threads

Non-default parameters:
TimeLimit  1.9451231648316607e+03
Method  1
BarHomogeneous  1
Threads  1

Optimize a model with 830 rows, 260563 columns and 7262086 nonzeros
Coefficient statistics:
  Matrix range     [1e+00, 1e+00]
  Objective range  [1e+05, 5e+05]
  Bounds range     [0e+00, 0e+00]
  RHS range        [1e+00, 1e+00]
LP warm-start: use basis

Iteration    Objective       Primal Inf.    Dual Inf.      Time
       0   -1.0094059e+31   7.389655e+33   1.009406e+01      1s
     318   -1.0764693e+30   2.237043e+33   1.076469e+00      5s
     596   -2.7410614e+29   1.082990e+33   2.741061e-01     10s
     914   -4.1862726e+28   4.097194e+32   4.186273e-02     16s
    1268    3.4014925e+06   8.299015e+02   0.000000e+00     22s
    1506    3.4014926e+06   3.850467e+02   0.000000e+00     26s
    1854    3.4014926e+06   4.820214e+02   0.000000e+00     32s
    2089    3.4014926e+06   5.092483e+03   0.000000e+00     36s
    2442    3.4014926e+06   2.476306e+02   0.000000e+00     42s
    2677    3.4014927e+06   2.250049e+02   0.000000e+00     46s
    3028    3.4014927e+06   2.267324e+02   0.000000e+00     52s
    3267    3.4014927e+06   3.662578e+01   0.000000e+00     56s
    3621    3.4014927e+06   2.565066e+01   0.000000e+00     62s
    3860    3.4014927e+06   3.718439e+01   0.000000e+00     66s
    4098    3.4014927e+06   1.514364e+01   0.000000e+00     70s
    4410    3.4014927e+06   0.000000e+00   0.000000e+00     76s

Solved in 4410 iterations and 75.62 seconds (104.63 work units)
Optimal objective  3.401492683e+06
Set parameter TimeLimit to value 1.8413563436162658e+03
Set parameter Method to value 1
Gurobi Optimizer version 12.0.3 build v12.0.3rc0 (linux64 - "Ubuntu 24.04.4 LTS")

CPU model: Intel(R) Xeon(R) Gold 6230 CPU @ 2.10GHz, instruction set [SSE2|AVX|AVX2|AVX512]
Thread count: 40 physical cores, 40 logical processors, using up to 1 threads

Non-default parameters:
TimeLimit  1.8413563436162658e+03
Method  1
BarHomogeneous  1
Threads  1

Optimize a model with 830 rows, 260593 columns and 7262699 nonzeros
Coefficient statistics:
  Matrix range     [1e+00, 1e+00]
  Objective range  [1e+05, 5e+05]
  Bounds range     [0e+00, 0e+00]
  RHS range        [1e+00, 1e+00]
LP warm-start: use basis

Iteration    Objective       Primal Inf.    Dual Inf.      Time
       0   -9.3977566e+30   7.747443e+33   9.397757e+00      1s
     318   -6.3851800e+29   7.452335e+32   6.385179e-01      5s
     594   -1.8827550e+28   3.139344e+32   1.882756e-02     10s
     910    3.4014925e+06   6.247796e+02   0.000000e+00     16s
    1264    3.4014926e+06   1.865867e+02   0.000000e+00     22s
    1499    3.4014926e+06   4.576733e+02   0.000000e+00     26s
    1857    3.4014926e+06   4.358850e+01   0.000000e+00     32s
    2095    3.4014927e+06   2.827072e+01   0.000000e+00     36s
    2450    3.4014927e+06   6.779904e+00   0.000000e+00     42s
    2689    3.4014927e+06   1.784559e+00   0.000000e+00     46s
    2929    3.4014927e+06   2.464421e-02   0.000000e+00     50s
    2947    3.4014927e+06   0.000000e+00   0.000000e+00     51s

Solved in 2947 iterations and 50.66 seconds (70.36 work units)
Optimal objective  3.401492657e+06
Set parameter TimeLimit to value 1.7615772169483826e+03
Set parameter Method to value 1
Gurobi Optimizer version 12.0.3 build v12.0.3rc0 (linux64 - "Ubuntu 24.04.4 LTS")

CPU model: Intel(R) Xeon(R) Gold 6230 CPU @ 2.10GHz, instruction set [SSE2|AVX|AVX2|AVX512]
Thread count: 40 physical cores, 40 logical processors, using up to 1 threads

Non-default parameters:
TimeLimit  1.7615772169483826e+03
Method  1
BarHomogeneous  1
Threads  1

Optimize a model with 830 rows, 260623 columns and 7263591 nonzeros
Coefficient statistics:
  Matrix range     [1e+00, 1e+00]
  Objective range  [1e+05, 5e+05]
  Bounds range     [0e+00, 0e+00]
  RHS range        [1e+00, 1e+00]
LP warm-start: use basis

Iteration    Objective       Primal Inf.    Dual Inf.      Time
       0   -1.1711335e+31   1.012881e+34   1.171133e+01      1s
      65    3.4014927e+06   0.000000e+00   0.000000e+00      2s

Solved in 65 iterations and 1.65 seconds (2.00 work units)
Optimal objective  3.401492657e+06
Set parameter TimeLimit to value 1.7313842893261462e+03
Set parameter Method to value 1
Gurobi Optimizer version 12.0.3 build v12.0.3rc0 (linux64 - "Ubuntu 24.04.4 LTS")

CPU model: Intel(R) Xeon(R) Gold 6230 CPU @ 2.10GHz, instruction set [SSE2|AVX|AVX2|AVX512]
Thread count: 40 physical cores, 40 logical processors, using up to 1 threads

Non-default parameters:
TimeLimit  1.7313842893261462e+03
Method  1
BarHomogeneous  1
Threads  1

Optimize a model with 830 rows, 260653 columns and 7264384 nonzeros
Coefficient statistics:
  Matrix range     [1e+00, 1e+00]
  Objective range  [1e+05, 5e+05]
  Bounds range     [0e+00, 0e+00]
  RHS range        [1e+00, 1e+00]
LP warm-start: use basis

Iteration    Objective       Primal Inf.    Dual Inf.      Time
       0   -8.9447121e+30   1.488307e+34   8.944712e+00      1s
     360    3.4014925e+06   3.158912e+03   0.000000e+00      6s
     597    3.4014926e+06   5.773330e+02   0.000000e+00     10s
     949    3.4014926e+06   1.259824e+01   0.000000e+00     16s
    1186    3.4014927e+06   2.080102e+01   0.000000e+00     20s
    1465    3.4014927e+06   0.000000e+00   0.000000e+00     25s

Solved in 1465 iterations and 25.19 seconds (34.63 work units)
Optimal objective  3.401492653e+06
Set parameter TimeLimit to value 1.6773242230461910e+03
Set parameter Method to value 1
Gurobi Optimizer version 12.0.3 build v12.0.3rc0 (linux64 - "Ubuntu 24.04.4 LTS")

CPU model: Intel(R) Xeon(R) Gold 6230 CPU @ 2.10GHz, instruction set [SSE2|AVX|AVX2|AVX512]
Thread count: 40 physical cores, 40 logical processors, using up to 1 threads

Non-default parameters:
TimeLimit  1.6773242230461910e+03
Method  1
BarHomogeneous  1
Threads  1

Optimize a model with 830 rows, 260683 columns and 7265060 nonzeros
Coefficient statistics:
  Matrix range     [1e+00, 1e+00]
  Objective range  [1e+05, 5e+05]
  Bounds range     [0e+00, 0e+00]
  RHS range        [1e+00, 1e+00]
LP warm-start: use basis

Iteration    Objective       Primal Inf.    Dual Inf.      Time
       0   -9.7214599e+30   6.053374e+33   9.721459e+00      1s
     306    3.4014925e+06   3.231983e+04   0.000000e+00      6s
     662    3.4014926e+06   1.962244e+02   0.000000e+00     12s
     900    3.4014926e+06   4.295394e+01   0.000000e+00     16s
    1258    3.4014926e+06   1.679609e+01   0.000000e+00     22s
    1495    3.4014926e+06   6.674013e+00   0.000000e+00     26s
    1735    3.4014926e+06   1.852499e-01   0.000000e+00     30s
    1771    3.4014926e+06   0.000000e+00   0.000000e+00     31s

Solved in 1771 iterations and 31.19 seconds (42.41 work units)
Optimal objective  3.401492645e+06
Set parameter TimeLimit to value 1.6173300547674298e+03
Set parameter Method to value 1
Gurobi Optimizer version 12.0.3 build v12.0.3rc0 (linux64 - "Ubuntu 24.04.4 LTS")

CPU model: Intel(R) Xeon(R) Gold 6230 CPU @ 2.10GHz, instruction set [SSE2|AVX|AVX2|AVX512]
Thread count: 40 physical cores, 40 logical processors, using up to 1 threads

Non-default parameters:
TimeLimit  1.6173300547674298e+03
Method  1
BarHomogeneous  1
Threads  1

Optimize a model with 830 rows, 260713 columns and 7265969 nonzeros
Coefficient statistics:
  Matrix range     [1e+00, 1e+00]
  Objective range  [1e+05, 5e+05]
  Bounds range     [0e+00, 0e+00]
  RHS range        [1e+00, 1e+00]
LP warm-start: use basis

Iteration    Objective       Primal Inf.    Dual Inf.      Time
       0   -8.8176942e+30   1.205228e+34   8.817694e+00      0s
     328   -8.2325251e+28   5.859776e+32   8.232521e-02      5s
     686    3.4014925e+06   5.967185e+02   0.000000e+00     12s
     920    3.4014926e+06   3.301988e+02   0.000000e+00     16s
    1272    3.4014926e+06   2.682853e+03   0.000000e+00     22s
    1508    3.4014926e+06   1.728096e+02   0.000000e+00     26s
    1744    3.4014926e+06   3.652157e+01   0.000000e+00     30s
    2094    3.4014926e+06   1.238851e+01   0.000000e+00     36s
    2333    3.4014926e+06   1.310271e+00   0.000000e+00     40s
    2622    3.4014926e+06   0.000000e+00   0.000000e+00     46s

Solved in 2622 iterations and 45.51 seconds (62.11 work units)
Optimal objective  3.401492630e+06
Set parameter TimeLimit to value 1.5434471078012139e+03
Set parameter Method to value 1
Gurobi Optimizer version 12.0.3 build v12.0.3rc0 (linux64 - "Ubuntu 24.04.4 LTS")

CPU model: Intel(R) Xeon(R) Gold 6230 CPU @ 2.10GHz, instruction set [SSE2|AVX|AVX2|AVX512]
Thread count: 40 physical cores, 40 logical processors, using up to 1 threads

Non-default parameters:
TimeLimit  1.5434471078012139e+03
Method  1
BarHomogeneous  1
Threads  1

Optimize a model with 830 rows, 260743 columns and 7266653 nonzeros
Coefficient statistics:
  Matrix range     [1e+00, 1e+00]
  Objective range  [1e+05, 5e+05]
  Bounds range     [0e+00, 0e+00]
  RHS range        [1e+00, 1e+00]
LP warm-start: use basis

Iteration    Objective       Primal Inf.    Dual Inf.      Time
       0   -8.9272723e+30   8.029312e+33   8.927273e+00      0s
     325   -2.0012696e+29   1.240232e+33   2.001270e-01      5s
     647    3.4014924e+06   2.848029e+02   0.000000e+00     10s
    1002    3.4014925e+06   2.373704e+02   0.000000e+00     17s
    1237    3.4014926e+06   2.851521e+02   0.000000e+00     21s
    1589    3.4014926e+06   8.827917e+01   0.000000e+00     27s
    1825    3.4014926e+06   8.254637e+01   0.000000e+00     31s
    2180    3.4014926e+06   1.314804e+02   0.000000e+00     37s
    2415    3.4014926e+06   4.000541e+01   0.000000e+00     41s
    2651    3.4014926e+06   3.349172e+00   0.000000e+00     45s
    2872    3.4014926e+06   0.000000e+00   0.000000e+00     49s

Solved in 2872 iterations and 48.96 seconds (67.50 work units)
Optimal objective  3.401492592e+06
Set parameter TimeLimit to value 1.4655036907717586e+03
Set parameter Method to value 1
Gurobi Optimizer version 12.0.3 build v12.0.3rc0 (linux64 - "Ubuntu 24.04.4 LTS")

CPU model: Intel(R) Xeon(R) Gold 6230 CPU @ 2.10GHz, instruction set [SSE2|AVX|AVX2|AVX512]
Thread count: 40 physical cores, 40 logical processors, using up to 1 threads

Non-default parameters:
TimeLimit  1.4655036907717586e+03
Method  1
BarHomogeneous  1
Threads  1

Optimize a model with 830 rows, 260773 columns and 7267356 nonzeros
Coefficient statistics:
  Matrix range     [1e+00, 1e+00]
  Objective range  [1e+05, 5e+05]
  Bounds range     [0e+00, 0e+00]
  RHS range        [1e+00, 1e+00]
LP warm-start: use basis

Iteration    Objective       Primal Inf.    Dual Inf.      Time
       0   -8.1397838e+30   1.505109e+34   8.139784e+00      1s
     320   -2.4214550e+28   6.903289e+32   2.421459e-02      5s
     712    3.4014925e+06   1.298182e+03   0.000000e+00     12s
     946    3.4014926e+06   1.360643e+02   0.000000e+00     16s
    1300    3.4014926e+06   2.044538e+02   0.000000e+00     22s
    1536    3.4014926e+06   1.267078e+02   0.000000e+00     26s
    1895    3.4014926e+06   2.861174e-01   0.000000e+00     32s
    1971    3.4014926e+06   0.000000e+00   0.000000e+00     33s

Solved in 1971 iterations and 33.36 seconds (46.40 work units)
Optimal objective  3.401492587e+06
Set parameter TimeLimit to value 1.4038996763569303e+03
Set parameter Method to value 1
Gurobi Optimizer version 12.0.3 build v12.0.3rc0 (linux64 - "Ubuntu 24.04.4 LTS")

CPU model: Intel(R) Xeon(R) Gold 6230 CPU @ 2.10GHz, instruction set [SSE2|AVX|AVX2|AVX512]
Thread count: 40 physical cores, 40 logical processors, using up to 1 threads

Non-default parameters:
TimeLimit  1.4038996763569303e+03
Method  1
BarHomogeneous  1
Threads  1

Optimize a model with 830 rows, 260803 columns and 7268148 nonzeros
Coefficient statistics:
  Matrix range     [1e+00, 1e+00]
  Objective range  [1e+05, 5e+05]
  Bounds range     [0e+00, 0e+00]
  RHS range        [1e+00, 1e+00]
LP warm-start: use basis

Iteration    Objective       Primal Inf.    Dual Inf.      Time
       0   -7.9092333e+30   1.076351e+34   7.909234e+00      1s
     397    3.4014926e+06   3.945993e+02   0.000000e+00      7s
     631    3.4014926e+06   1.664756e+02   0.000000e+00     11s
     984    3.4014926e+06   2.148633e+01   0.000000e+00     17s
    1221    3.4014926e+06   7.514656e+00   0.000000e+00     21s
    1385    3.4014926e+06   0.000000e+00   0.000000e+00     24s

Solved in 1385 iterations and 24.00 seconds (33.01 work units)
Optimal objective  3.401492582e+06
Set parameter TimeLimit to value 1351.03244470153
Set parameter Method to value 1
Gurobi Optimizer version 12.0.3 build v12.0.3rc0 (linux64 - "Ubuntu 24.04.4 LTS")

CPU model: Intel(R) Xeon(R) Gold 6230 CPU @ 2.10GHz, instruction set [SSE2|AVX|AVX2|AVX512]
Thread count: 40 physical cores, 40 logical processors, using up to 1 threads

Non-default parameters:
TimeLimit  1351.03244470153
Method  1
BarHomogeneous  1
Threads  1

Optimize a model with 830 rows, 260833 columns and 7268933 nonzeros
Coefficient statistics:
  Matrix range     [1e+00, 1e+00]
  Objective range  [1e+05, 5e+05]
  Bounds range     [0e+00, 0e+00]
  RHS range        [1e+00, 1e+00]
LP warm-start: use basis

Iteration    Objective       Primal Inf.    Dual Inf.      Time
       0   -8.1215936e+30   1.971359e+33   8.121594e+00      0s
     319   -1.1074797e+30   6.942711e+33   1.107480e+00      5s
     637   -3.2840193e+29   3.266504e+33   3.284020e-01     10s
     954   -3.8942340e+28   2.456144e+33   3.894243e-02     16s
    1309    3.4014924e+06   1.921953e+03   0.000000e+00     22s
    1546    3.4014925e+06   2.262267e+02   0.000000e+00     26s
    1783    3.4014925e+06   1.930975e+02   0.000000e+00     30s
    2135    3.4014925e+06   2.640718e+02   0.000000e+00     36s
    2369    3.4014925e+06   4.542615e+02   0.000000e+00     40s
    2723    3.4014925e+06   2.744559e+02   0.000000e+00     47s
    2957    3.4014925e+06   5.021206e+01   0.000000e+00     51s
    3313    3.4014925e+06   2.366251e+01   0.000000e+00     57s
    3550    3.4014926e+06   7.455039e+00   0.000000e+00     61s
    3906    3.4014926e+06   8.738031e+00   0.000000e+00     67s
    4049    3.4014926e+06   0.000000e+00   0.000000e+00     69s

Solved in 4049 iterations and 69.46 seconds (95.66 work units)
Optimal objective  3.401492553e+06
Set parameter TimeLimit to value 1.2533596016778611e+03
Set parameter Method to value 1
Gurobi Optimizer version 12.0.3 build v12.0.3rc0 (linux64 - "Ubuntu 24.04.4 LTS")

CPU model: Intel(R) Xeon(R) Gold 6230 CPU @ 2.10GHz, instruction set [SSE2|AVX|AVX2|AVX512]
Thread count: 40 physical cores, 40 logical processors, using up to 1 threads

Non-default parameters:
TimeLimit  1.2533596016778611e+03
Method  1
BarHomogeneous  1
Threads  1

Optimize a model with 830 rows, 260863 columns and 7269474 nonzeros
Coefficient statistics:
  Matrix range     [1e+00, 1e+00]
  Objective range  [1e+05, 5e+05]
  Bounds range     [0e+00, 0e+00]
  RHS range        [1e+00, 1e+00]
LP warm-start: use basis

Iteration    Objective       Primal Inf.    Dual Inf.      Time
       0   -9.2093075e+30   1.161859e+34   9.209307e+00      1s
     136    3.4014926e+06   0.000000e+00   0.000000e+00      3s

Solved in 136 iterations and 2.98 seconds (3.66 work units)
Optimal objective  3.401492553e+06
Set parameter TimeLimit to value 1221.86098429095
Set parameter Method to value 1
Gurobi Optimizer version 12.0.3 build v12.0.3rc0 (linux64 - "Ubuntu 24.04.4 LTS")

CPU model: Intel(R) Xeon(R) Gold 6230 CPU @ 2.10GHz, instruction set [SSE2|AVX|AVX2|AVX512]
Thread count: 40 physical cores, 40 logical processors, using up to 1 threads

Non-default parameters:
TimeLimit  1221.86098429095
Method  1
BarHomogeneous  1
Threads  1

Optimize a model with 830 rows, 260893 columns and 7270210 nonzeros
Coefficient statistics:
  Matrix range     [1e+00, 1e+00]
  Objective range  [1e+05, 5e+05]
  Bounds range     [0e+00, 0e+00]
  RHS range        [1e+00, 1e+00]
LP warm-start: use basis

Iteration    Objective       Primal Inf.    Dual Inf.      Time
       0   -6.7601685e+30   8.739749e+33   6.760168e+00      0s
     135    3.4014926e+06   0.000000e+00   0.000000e+00      3s

Solved in 135 iterations and 2.93 seconds (3.72 work units)
Optimal objective  3.401492553e+06
Set parameter TimeLimit to value 1.1905371109070256e+03
Set parameter Method to value 1
Gurobi Optimizer version 12.0.3 build v12.0.3rc0 (linux64 - "Ubuntu 24.04.4 LTS")

CPU model: Intel(R) Xeon(R) Gold 6230 CPU @ 2.10GHz, instruction set [SSE2|AVX|AVX2|AVX512]
Thread count: 40 physical cores, 40 logical processors, using up to 1 threads

Non-default parameters:
TimeLimit  1.1905371109070256e+03
Method  1
BarHomogeneous  1
Threads  1

Optimize a model with 830 rows, 260923 columns and 7271086 nonzeros
Coefficient statistics:
  Matrix range     [1e+00, 1e+00]
  Objective range  [1e+05, 5e+05]
  Bounds range     [0e+00, 0e+00]
  RHS range        [1e+00, 1e+00]
LP warm-start: use basis

Iteration    Objective       Primal Inf.    Dual Inf.      Time
       0   -6.0349589e+30   1.496953e+34   6.034959e+00      1s
     315   -1.9114188e+28   8.331582e+32   1.911426e-02      5s
     593    3.4014924e+06   5.682786e+02   0.000000e+00     10s
     944    3.4014925e+06   4.830333e+01   0.000000e+00     16s
    1181    3.4014925e+06   2.226453e+02   0.000000e+00     20s
    1537    3.4014925e+06   6.965503e+01   0.000000e+00     27s
    1775    3.4014925e+06   9.134781e+00   0.000000e+00     31s
    2133    3.4014925e+06   2.036786e+01   0.000000e+00     37s
    2369    3.4014925e+06   6.529477e+00   0.000000e+00     41s
    2596    3.4014925e+06   0.000000e+00   0.000000e+00     45s

Solved in 2596 iterations and 44.99 seconds (62.00 work units)
Optimal objective  3.401492522e+06
Set parameter TimeLimit to value 1.1169104025224224e+03
Set parameter Method to value 1
Gurobi Optimizer version 12.0.3 build v12.0.3rc0 (linux64 - "Ubuntu 24.04.4 LTS")

CPU model: Intel(R) Xeon(R) Gold 6230 CPU @ 2.10GHz, instruction set [SSE2|AVX|AVX2|AVX512]
Thread count: 40 physical cores, 40 logical processors, using up to 1 threads

Non-default parameters:
TimeLimit  1.1169104025224224e+03
Method  1
BarHomogeneous  1
Threads  1

Optimize a model with 830 rows, 260953 columns and 7271868 nonzeros
Coefficient statistics:
  Matrix range     [1e+00, 1e+00]
  Objective range  [1e+05, 5e+05]
  Bounds range     [0e+00, 0e+00]
  RHS range        [1e+00, 1e+00]
LP warm-start: use basis

Iteration    Objective       Primal Inf.    Dual Inf.      Time
       0   -8.3718467e+30   3.413993e+34   8.371846e+00      1s
      63    3.4014925e+06   0.000000e+00   0.000000e+00      2s

Solved in 63 iterations and 1.66 seconds (1.93 work units)
Optimal objective  3.401492522e+06
Set parameter TimeLimit to value 1.0869474022262730e+03
Set parameter Method to value 1
Gurobi Optimizer version 12.0.3 build v12.0.3rc0 (linux64 - "Ubuntu 24.04.4 LTS")

CPU model: Intel(R) Xeon(R) Gold 6230 CPU @ 2.10GHz, instruction set [SSE2|AVX|AVX2|AVX512]
Thread count: 40 physical cores, 40 logical processors, using up to 1 threads

Non-default parameters:
TimeLimit  1.0869474022262730e+03
Method  1
BarHomogeneous  1
Threads  1

Optimize a model with 830 rows, 260983 columns and 7272757 nonzeros
Coefficient statistics:
  Matrix range     [1e+00, 1e+00]
  Objective range  [1e+05, 5e+05]
  Bounds range     [0e+00, 0e+00]
  RHS range        [1e+00, 1e+00]
LP warm-start: use basis

Iteration    Objective       Primal Inf.    Dual Inf.      Time
       0   -5.7074524e+30   1.156958e+34   5.707453e+00      1s
     323   -5.4545362e+29   1.916282e+33   5.454535e-01      5s
     640   -1.3076883e+29   5.944736e+32   1.307688e-01     11s
     957   -8.9740698e+27   1.235952e+33   8.974143e-03     16s
    1315    3.4014923e+06   1.519111e+03   0.000000e+00     22s
    1550    3.4014924e+06   1.429687e+02   0.000000e+00     26s
    1905    3.4014924e+06   1.732030e+02   0.000000e+00     32s
    2143    3.4014925e+06   1.376773e+02   0.000000e+00     36s
    2383    3.4014925e+06   3.045061e+02   0.000000e+00     40s
    2738    3.4014925e+06   4.018793e+01   0.000000e+00     46s
    2976    3.4014925e+06   3.715283e+01   0.000000e+00     50s
    3331    3.4014925e+06   2.637602e+01   0.000000e+00     56s
    3563    3.4014925e+06   4.473761e+01   0.000000e+00     60s
    3917    3.4014925e+06   6.048221e+00   0.000000e+00     66s
    4156    3.4014925e+06   2.536677e+01   0.000000e+00     71s
    4513    3.4014925e+06   1.184373e-02   0.000000e+00     77s
    4533    3.4014925e+06   0.000000e+00   0.000000e+00     77s

Solved in 4533 iterations and 76.97 seconds (106.95 work units)
Optimal objective  3.401492493e+06
Set parameter TimeLimit to value 9.8169604760594666e+02
Set parameter Method to value 1
Gurobi Optimizer version 12.0.3 build v12.0.3rc0 (linux64 - "Ubuntu 24.04.4 LTS")

CPU model: Intel(R) Xeon(R) Gold 6230 CPU @ 2.10GHz, instruction set [SSE2|AVX|AVX2|AVX512]
Thread count: 40 physical cores, 40 logical processors, using up to 1 threads

Non-default parameters:
TimeLimit  9.8169604760594666e+02
Method  1
BarHomogeneous  1
Threads  1

Optimize a model with 830 rows, 261013 columns and 7273357 nonzeros
Coefficient statistics:
  Matrix range     [1e+00, 1e+00]
  Objective range  [1e+05, 5e+05]
  Bounds range     [0e+00, 0e+00]
  RHS range        [1e+00, 1e+00]
LP warm-start: use basis

Iteration    Objective       Primal Inf.    Dual Inf.      Time
       0   -7.4130237e+30   5.256318e+33   7.413024e+00      1s
     325   -5.3960351e+28   6.648522e+33   5.396010e-02      5s
     725    3.4014925e+06   2.261406e+02   0.000000e+00     12s
     964    3.4014925e+06   9.301452e+01   0.000000e+00     16s
    1321    3.4014925e+06   4.333360e+01   0.000000e+00     22s
    1560    3.4014925e+06   2.189509e+01   0.000000e+00     26s
    1799    3.4014925e+06   1.134096e-03   0.000000e+00     30s
    1806    3.4014925e+06   0.000000e+00   0.000000e+00     31s

Solved in 1806 iterations and 30.60 seconds (42.31 work units)
Optimal objective  3.401492488e+06
Set parameter TimeLimit to value 922.531908499077
Set parameter Method to value 1
Gurobi Optimizer version 12.0.3 build v12.0.3rc0 (linux64 - "Ubuntu 24.04.4 LTS")

CPU model: Intel(R) Xeon(R) Gold 6230 CPU @ 2.10GHz, instruction set [SSE2|AVX|AVX2|AVX512]
Thread count: 40 physical cores, 40 logical processors, using up to 1 threads

Non-default parameters:
TimeLimit  922.531908499077
Method  1
BarHomogeneous  1
Threads  1

Optimize a model with 830 rows, 261043 columns and 7274245 nonzeros
Coefficient statistics:
  Matrix range     [1e+00, 1e+00]
  Objective range  [1e+05, 5e+05]
  Bounds range     [0e+00, 0e+00]
  RHS range        [1e+00, 1e+00]
LP warm-start: use basis

Iteration    Objective       Primal Inf.    Dual Inf.      Time
       0   -5.5832275e+30   8.338161e+33   5.583227e+00      0s
     313   -1.0317481e+29   3.853738e+32   1.031748e-01      6s
     592   -1.4488350e+28   1.892217e+33   1.448840e-02     10s
     947    3.4014924e+06   6.637797e+03   0.000000e+00     16s
    1186    3.4014924e+06   1.518022e+02   0.000000e+00     20s
    1542    3.4014925e+06   1.754749e+02   0.000000e+00     26s
    1777    3.4014925e+06   5.286509e+01   0.000000e+00     31s
    2132    3.4014925e+06   4.917135e+01   0.000000e+00     37s
    2371    3.4014925e+06   2.231749e+01   0.000000e+00     41s
    2729    3.4014925e+06   6.117550e+00   0.000000e+00     47s
    2969    3.4014925e+06   3.088834e-02   0.000000e+00     51s
    2992    3.4014925e+06   0.000000e+00   0.000000e+00     51s

Solved in 2992 iterations and 51.34 seconds (71.37 work units)
Optimal objective  3.401492474e+06
Set parameter TimeLimit to value 8.4250103863794357e+02
Set parameter Method to value 1
Gurobi Optimizer version 12.0.3 build v12.0.3rc0 (linux64 - "Ubuntu 24.04.4 LTS")

CPU model: Intel(R) Xeon(R) Gold 6230 CPU @ 2.10GHz, instruction set [SSE2|AVX|AVX2|AVX512]
Thread count: 40 physical cores, 40 logical processors, using up to 1 threads

Non-default parameters:
TimeLimit  8.4250103863794357e+02
Method  1
BarHomogeneous  1
Threads  1

Optimize a model with 830 rows, 261073 columns and 7274949 nonzeros
Coefficient statistics:
  Matrix range     [1e+00, 1e+00]
  Objective range  [1e+05, 5e+05]
  Bounds range     [0e+00, 0e+00]
  RHS range        [1e+00, 1e+00]
LP warm-start: use basis

Iteration    Objective       Primal Inf.    Dual Inf.      Time
       0   -6.5640445e+30   8.240950e+33   6.564045e+00      1s
      68    3.4014925e+06   0.000000e+00   0.000000e+00      2s

Solved in 68 iterations and 1.71 seconds (2.09 work units)
Optimal objective  3.401492474e+06
Set parameter TimeLimit to value 8.1266835350124165e+02
Set parameter Method to value 1
Gurobi Optimizer version 12.0.3 build v12.0.3rc0 (linux64 - "Ubuntu 24.04.4 LTS")

CPU model: Intel(R) Xeon(R) Gold 6230 CPU @ 2.10GHz, instruction set [SSE2|AVX|AVX2|AVX512]
Thread count: 40 physical cores, 40 logical processors, using up to 1 threads

Non-default parameters:
TimeLimit  8.1266835350124165e+02
Method  1
BarHomogeneous  1
Threads  1

Optimize a model with 830 rows, 261103 columns and 7275917 nonzeros
Coefficient statistics:
  Matrix range     [1e+00, 1e+00]
  Objective range  [1e+05, 5e+05]
  Bounds range     [0e+00, 0e+00]
  RHS range        [1e+00, 1e+00]
LP warm-start: use basis

Iteration    Objective       Primal Inf.    Dual Inf.      Time
       0   -5.6018519e+30   6.944914e+33   5.601852e+00      0s
     324   -1.3975685e+30   4.611495e+33   1.397568e+00      5s
     705   -3.8066330e+29   7.485211e+32   3.806633e-01     11s
     983   -1.0646273e+29   2.519249e+33   1.064628e-01     15s
    1341    3.4014923e+06   3.312440e+03   0.000000e+00     21s
    1579    3.4014924e+06   2.954965e+02   0.000000e+00     26s
    1935    3.4014924e+06   1.239618e+03   0.000000e+00     32s
    2174    3.4014924e+06   1.073528e+02   0.000000e+00     36s
    2534    3.4014924e+06   9.528345e+01   0.000000e+00     42s
    2771    3.4014924e+06   4.723028e+01   0.000000e+00     46s
    3129    3.4014924e+06   3.838482e+01   0.000000e+00     52s
    3368    3.4014924e+06   3.303018e+01   0.000000e+00     56s
    3608    3.4014924e+06   8.761117e+00   0.000000e+00     60s
    3967    3.4014924e+06   4.038936e+00   0.000000e+00     66s
    4205    3.4014925e+06   6.918140e+00   0.000000e+00     70s
    4562    3.4014925e+06   2.726601e-01   0.000000e+00     77s
    4630    3.4014925e+06   0.000000e+00   0.000000e+00     78s

Solved in 4630 iterations and 77.73 seconds (108.12 work units)
Optimal objective  3.401492452e+06
Set parameter TimeLimit to value 7.0638183486042544e+02
Set parameter Method to value 1
Gurobi Optimizer version 12.0.3 build v12.0.3rc0 (linux64 - "Ubuntu 24.04.4 LTS")

CPU model: Intel(R) Xeon(R) Gold 6230 CPU @ 2.10GHz, instruction set [SSE2|AVX|AVX2|AVX512]
Thread count: 40 physical cores, 40 logical processors, using up to 1 threads

Non-default parameters:
TimeLimit  7.0638183486042544e+02
Method  1
BarHomogeneous  1
Threads  1

Optimize a model with 830 rows, 261133 columns and 7276812 nonzeros
Coefficient statistics:
  Matrix range     [1e+00, 1e+00]
  Objective range  [1e+05, 5e+05]
  Bounds range     [0e+00, 0e+00]
  RHS range        [1e+00, 1e+00]
LP warm-start: use basis

Iteration    Objective       Primal Inf.    Dual Inf.      Time
       0   -6.9081945e+30   1.797987e+34   6.908196e+00      0s
     172    3.4014925e+06   0.000000e+00   0.000000e+00      4s

Solved in 172 iterations and 3.76 seconds (4.54 work units)
Optimal objective  3.401492452e+06
Set parameter TimeLimit to value 6.7444221999589354e+02
Set parameter Method to value 1
Gurobi Optimizer version 12.0.3 build v12.0.3rc0 (linux64 - "Ubuntu 24.04.4 LTS")

CPU model: Intel(R) Xeon(R) Gold 6230 CPU @ 2.10GHz, instruction set [SSE2|AVX|AVX2|AVX512]
Thread count: 40 physical cores, 40 logical processors, using up to 1 threads

Non-default parameters:
TimeLimit  6.7444221999589354e+02
Method  1
BarHomogeneous  1
Threads  1

Optimize a model with 830 rows, 261163 columns and 7277621 nonzeros
Coefficient statistics:
  Matrix range     [1e+00, 1e+00]
  Objective range  [1e+05, 5e+05]
  Bounds range     [0e+00, 0e+00]
  RHS range        [1e+00, 1e+00]
LP warm-start: use basis

Iteration    Objective       Primal Inf.    Dual Inf.      Time
       0   -6.0003637e+30   1.145958e+34   6.000363e+00      1s
     270   -1.1261272e+29   4.856947e+32   1.126127e-01      5s
     590   -1.1468718e+28   4.907532e+32   1.146872e-02     10s
     946    3.4014924e+06   4.368451e+02   0.000000e+00     16s
    1184    3.4014924e+06   5.121845e+02   0.000000e+00     21s
    1541    3.4014924e+06   5.862978e+01   0.000000e+00     27s
    1779    3.4014924e+06   3.265516e+01   0.000000e+00     31s
    2138    3.4014924e+06   9.600054e+00   0.000000e+00     37s
    2377    3.4014924e+06   5.052961e+00   0.000000e+00     41s
    2617    3.4014924e+06   1.103059e+00   0.000000e+00     45s
    2708    3.4014924e+06   0.000000e+00   0.000000e+00     47s

Solved in 2708 iterations and 46.77 seconds (64.39 work units)
Optimal objective  3.401492443e+06
Set parameter TimeLimit to value 5.9923604250932112e+02
Set parameter Method to value 1
Gurobi Optimizer version 12.0.3 build v12.0.3rc0 (linux64 - "Ubuntu 24.04.4 LTS")

CPU model: Intel(R) Xeon(R) Gold 6230 CPU @ 2.10GHz, instruction set [SSE2|AVX|AVX2|AVX512]
Thread count: 40 physical cores, 40 logical processors, using up to 1 threads

Non-default parameters:
TimeLimit  5.9923604250932112e+02
Method  1
BarHomogeneous  1
Threads  1

Optimize a model with 830 rows, 261193 columns and 7278493 nonzeros
Coefficient statistics:
  Matrix range     [1e+00, 1e+00]
  Objective range  [1e+05, 5e+05]
  Bounds range     [0e+00, 0e+00]
  RHS range        [1e+00, 1e+00]
LP warm-start: use basis

Iteration    Objective       Primal Inf.    Dual Inf.      Time
       0   -5.8637476e+30   1.269755e+34   5.863748e+00      0s
     386    3.4014924e+06   3.882238e+01   0.000000e+00      7s
     623    3.4014924e+06   1.030030e+01   0.000000e+00     11s
     861    3.4014924e+06   6.347020e-01   0.000000e+00     15s
     954    3.4014924e+06   0.000000e+00   0.000000e+00     17s

Solved in 954 iterations and 16.80 seconds (22.76 work units)
Optimal objective  3.401492441e+06
Set parameter TimeLimit to value 5.5343029200751334e+02
Set parameter Method to value 1
Gurobi Optimizer version 12.0.3 build v12.0.3rc0 (linux64 - "Ubuntu 24.04.4 LTS")

CPU model: Intel(R) Xeon(R) Gold 6230 CPU @ 2.10GHz, instruction set [SSE2|AVX|AVX2|AVX512]
Thread count: 40 physical cores, 40 logical processors, using up to 1 threads

Non-default parameters:
TimeLimit  5.5343029200751334e+02
Method  1
BarHomogeneous  1
Threads  1

Optimize a model with 830 rows, 261223 columns and 7279289 nonzeros
Coefficient statistics:
  Matrix range     [1e+00, 1e+00]
  Objective range  [1e+05, 5e+05]
  Bounds range     [0e+00, 0e+00]
  RHS range        [1e+00, 1e+00]
LP warm-start: use basis

Iteration    Objective       Primal Inf.    Dual Inf.      Time
       0   -1.2048105e+31   1.463669e+34   1.204811e+01      0s
     351    3.4014924e+06   2.634266e+01   0.000000e+00      7s
     590    3.4014924e+06   5.853725e+00   0.000000e+00     11s
     755    3.4014924e+06   0.000000e+00   0.000000e+00     14s

Solved in 755 iterations and 13.67 seconds (18.37 work units)
Optimal objective  3.401492441e+06
Set parameter TimeLimit to value 511.148135792464
Set parameter Method to value 1
Gurobi Optimizer version 12.0.3 build v12.0.3rc0 (linux64 - "Ubuntu 24.04.4 LTS")

CPU model: Intel(R) Xeon(R) Gold 6230 CPU @ 2.10GHz, instruction set [SSE2|AVX|AVX2|AVX512]
Thread count: 40 physical cores, 40 logical processors, using up to 1 threads

Non-default parameters:
TimeLimit  511.148135792464
Method  1
BarHomogeneous  1
Threads  1

Optimize a model with 830 rows, 261253 columns and 7280035 nonzeros
Coefficient statistics:
  Matrix range     [1e+00, 1e+00]
  Objective range  [1e+05, 5e+05]
  Bounds range     [0e+00, 0e+00]
  RHS range        [1e+00, 1e+00]
LP warm-start: use basis

Iteration    Objective       Primal Inf.    Dual Inf.      Time
       0   -5.4970825e+30   5.004921e+33   5.497082e+00      1s
     357    3.4014924e+06   6.060204e+02   0.000000e+00      7s
     594    3.4014924e+06   1.672659e+01   0.000000e+00     11s
     834    3.4014924e+06   2.919407e+00   0.000000e+00     15s
     986    3.4014924e+06   0.000000e+00   0.000000e+00     18s

Solved in 986 iterations and 17.90 seconds (23.66 work units)
Optimal objective  3.401492440e+06
Set parameter TimeLimit to value 4.6425562667381018e+02
Set parameter Method to value 1
Gurobi Optimizer version 12.0.3 build v12.0.3rc0 (linux64 - "Ubuntu 24.04.4 LTS")

CPU model: Intel(R) Xeon(R) Gold 6230 CPU @ 2.10GHz, instruction set [SSE2|AVX|AVX2|AVX512]
Thread count: 40 physical cores, 40 logical processors, using up to 1 threads

Non-default parameters:
TimeLimit  4.6425562667381018e+02
Method  1
BarHomogeneous  1
Threads  1

Optimize a model with 830 rows, 261283 columns and 7281139 nonzeros
Coefficient statistics:
  Matrix range     [1e+00, 1e+00]
  Objective range  [1e+05, 5e+05]
  Bounds range     [0e+00, 0e+00]
  RHS range        [1e+00, 1e+00]
LP warm-start: use basis

Iteration    Objective       Primal Inf.    Dual Inf.      Time
       0   -5.8332827e+30   2.969749e+34   5.833283e+00      1s
      77    3.4014924e+06   0.000000e+00   0.000000e+00      2s

Solved in 77 iterations and 2.05 seconds (2.27 work units)
Optimal objective  3.401492440e+06
Set parameter TimeLimit to value 4.3392688875226304e+02
Set parameter Method to value 1
Gurobi Optimizer version 12.0.3 build v12.0.3rc0 (linux64 - "Ubuntu 24.04.4 LTS")

CPU model: Intel(R) Xeon(R) Gold 6230 CPU @ 2.10GHz, instruction set [SSE2|AVX|AVX2|AVX512]
Thread count: 40 physical cores, 40 logical processors, using up to 1 threads

Non-default parameters:
TimeLimit  4.3392688875226304e+02
Method  1
BarHomogeneous  1
Threads  1

Optimize a model with 830 rows, 261313 columns and 7282148 nonzeros
Coefficient statistics:
  Matrix range     [1e+00, 1e+00]
  Objective range  [1e+05, 5e+05]
  Bounds range     [0e+00, 0e+00]
  RHS range        [1e+00, 1e+00]
LP warm-start: use basis

Iteration    Objective       Primal Inf.    Dual Inf.      Time
       0   -5.1050988e+30   8.382762e+33   5.105099e+00      1s
     222    3.4014924e+06   0.000000e+00   0.000000e+00      4s

Solved in 222 iterations and 4.28 seconds (5.56 work units)
Optimal objective  3.401492440e+06
Set parameter TimeLimit to value 4.0089943823777139e+02
Set parameter Method to value 1
Gurobi Optimizer version 12.0.3 build v12.0.3rc0 (linux64 - "Ubuntu 24.04.4 LTS")

CPU model: Intel(R) Xeon(R) Gold 6230 CPU @ 2.10GHz, instruction set [SSE2|AVX|AVX2|AVX512]
Thread count: 40 physical cores, 40 logical processors, using up to 1 threads

Non-default parameters:
TimeLimit  4.0089943823777139e+02
Method  1
BarHomogeneous  1
Threads  1

Optimize a model with 830 rows, 261343 columns and 7282828 nonzeros
Coefficient statistics:
  Matrix range     [1e+00, 1e+00]
  Objective range  [1e+05, 5e+05]
  Bounds range     [0e+00, 0e+00]
  RHS range        [1e+00, 1e+00]
LP warm-start: use basis

Iteration    Objective       Primal Inf.    Dual Inf.      Time
       0   -6.8335879e+30   9.398540e+33   6.833588e+00      1s
     309    3.4014924e+06   1.602202e+02   0.000000e+00      6s
     669    3.4014924e+06   1.813719e+01   0.000000e+00     12s
     909    3.4014924e+06   1.613930e+00   0.000000e+00     16s
    1091    3.4014924e+06   0.000000e+00   0.000000e+00     19s

Solved in 1091 iterations and 18.99 seconds (26.30 work units)
Optimal objective  3.401492438e+06
Set parameter TimeLimit to value 3.5312681490788236e+02
Set parameter Method to value 1
Gurobi Optimizer version 12.0.3 build v12.0.3rc0 (linux64 - "Ubuntu 24.04.4 LTS")

CPU model: Intel(R) Xeon(R) Gold 6230 CPU @ 2.10GHz, instruction set [SSE2|AVX|AVX2|AVX512]
Thread count: 40 physical cores, 40 logical processors, using up to 1 threads

Non-default parameters:
TimeLimit  3.5312681490788236e+02
Method  1
BarHomogeneous  1
Threads  1

Optimize a model with 830 rows, 261373 columns and 7283775 nonzeros
Coefficient statistics:
  Matrix range     [1e+00, 1e+00]
  Objective range  [1e+05, 5e+05]
  Bounds range     [0e+00, 0e+00]
  RHS range        [1e+00, 1e+00]
LP warm-start: use basis

Iteration    Objective       Primal Inf.    Dual Inf.      Time
       0   -5.4861716e+30   5.914254e+33   5.486172e+00      1s
       1    3.4014924e+06   0.000000e+00   0.000000e+00      1s

Solved in 1 iterations and 0.60 seconds (0.48 work units)
Optimal objective  3.401492438e+06
Set parameter TimeLimit to value 3.2390548204863444e+02
Set parameter Method to value 1
Gurobi Optimizer version 12.0.3 build v12.0.3rc0 (linux64 - "Ubuntu 24.04.4 LTS")

CPU model: Intel(R) Xeon(R) Gold 6230 CPU @ 2.10GHz, instruction set [SSE2|AVX|AVX2|AVX512]
Thread count: 40 physical cores, 40 logical processors, using up to 1 threads

Non-default parameters:
TimeLimit  3.2390548204863444e+02
Method  1
BarHomogeneous  1
Threads  1

Optimize a model with 830 rows, 261403 columns and 7284704 nonzeros
Coefficient statistics:
  Matrix range     [1e+00, 1e+00]
  Objective range  [1e+05, 5e+05]
  Bounds range     [0e+00, 0e+00]
  RHS range        [1e+00, 1e+00]
LP warm-start: use basis

Iteration    Objective       Primal Inf.    Dual Inf.      Time
       0   -4.8298423e+30   1.807350e+34   4.829841e+00      1s
     322   -4.1288131e+29   1.207823e+33   4.128813e-01      5s
     602   -7.4021358e+28   4.195594e+33   7.402155e-02     10s
     995    3.4014924e+06   4.197630e+02   0.000000e+00     17s
    1234    3.4014924e+06   7.175109e+02   0.000000e+00     21s
    1588    3.4014924e+06   1.415449e+02   0.000000e+00     27s
    1827    3.4014924e+06   8.012820e+01   0.000000e+00     31s
    2067    3.4014924e+06   5.408239e+02   0.000000e+00     35s
    2424    3.4014924e+06   2.221351e+01   0.000000e+00     41s
    2660    3.4014924e+06   3.650034e+01   0.000000e+00     45s
    3020    3.4014924e+06   6.631643e+00   0.000000e+00     52s
    3220    3.4014924e+06   0.000000e+00   0.000000e+00     55s

Solved in 3220 iterations and 55.06 seconds (76.32 work units)
Optimal objective  3.401492428e+06
Set parameter TimeLimit to value 2.3985269700223580e+02
Set parameter Method to value 1
Gurobi Optimizer version 12.0.3 build v12.0.3rc0 (linux64 - "Ubuntu 24.04.4 LTS")

CPU model: Intel(R) Xeon(R) Gold 6230 CPU @ 2.10GHz, instruction set [SSE2|AVX|AVX2|AVX512]
Thread count: 40 physical cores, 40 logical processors, using up to 1 threads

Non-default parameters:
TimeLimit  2.3985269700223580e+02
Method  1
BarHomogeneous  1
Threads  1

Optimize a model with 830 rows, 261433 columns and 7285662 nonzeros
Coefficient statistics:
  Matrix range     [1e+00, 1e+00]
  Objective range  [1e+05, 5e+05]
  Bounds range     [0e+00, 0e+00]
  RHS range        [1e+00, 1e+00]
LP warm-start: use basis

Iteration    Objective       Primal Inf.    Dual Inf.      Time
       0   -7.0281825e+30   1.882572e+34   7.028182e+00      1s
      95    3.4014924e+06   0.000000e+00   0.000000e+00      2s

Solved in 95 iterations and 2.17 seconds (2.71 work units)
Optimal objective  3.401492428e+06
Set parameter TimeLimit to value 2.0941268380079418e+02
Set parameter Method to value 1
Gurobi Optimizer version 12.0.3 build v12.0.3rc0 (linux64 - "Ubuntu 24.04.4 LTS")

CPU model: Intel(R) Xeon(R) Gold 6230 CPU @ 2.10GHz, instruction set [SSE2|AVX|AVX2|AVX512]
Thread count: 40 physical cores, 40 logical processors, using up to 1 threads

Non-default parameters:
TimeLimit  2.0941268380079418e+02
Method  1
BarHomogeneous  1
Threads  1

Optimize a model with 830 rows, 261463 columns and 7286607 nonzeros
Coefficient statistics:
  Matrix range     [1e+00, 1e+00]
  Objective range  [1e+05, 5e+05]
  Bounds range     [0e+00, 0e+00]
  RHS range        [1e+00, 1e+00]
LP warm-start: use basis

Iteration    Objective       Primal Inf.    Dual Inf.      Time
       0   -5.1850632e+30   6.607932e+33   5.185063e+00      1s
      94    3.4014924e+06   0.000000e+00   0.000000e+00      2s

Solved in 94 iterations and 2.16 seconds (2.62 work units)
Optimal objective  3.401492428e+06
Set parameter TimeLimit to value 1.7881221156334504e+02
Set parameter Method to value 1
Gurobi Optimizer version 12.0.3 build v12.0.3rc0 (linux64 - "Ubuntu 24.04.4 LTS")

CPU model: Intel(R) Xeon(R) Gold 6230 CPU @ 2.10GHz, instruction set [SSE2|AVX|AVX2|AVX512]
Thread count: 40 physical cores, 40 logical processors, using up to 1 threads

Non-default parameters:
TimeLimit  1.7881221156334504e+02
Method  1
BarHomogeneous  1
Threads  1

Optimize a model with 830 rows, 261493 columns and 7287560 nonzeros
Coefficient statistics:
  Matrix range     [1e+00, 1e+00]
  Objective range  [1e+05, 5e+05]
  Bounds range     [0e+00, 0e+00]
  RHS range        [1e+00, 1e+00]
LP warm-start: use basis

Iteration    Objective       Primal Inf.    Dual Inf.      Time
       0   -4.6869745e+30   5.562249e+33   4.686975e+00      1s
     250    3.4014924e+06   0.000000e+00   0.000000e+00      5s

Solved in 250 iterations and 5.12 seconds (6.40 work units)
Optimal objective  3.401492428e+06
Set parameter TimeLimit to value 1.4515844250703231e+02
Set parameter Method to value 1
Gurobi Optimizer version 12.0.3 build v12.0.3rc0 (linux64 - "Ubuntu 24.04.4 LTS")

CPU model: Intel(R) Xeon(R) Gold 6230 CPU @ 2.10GHz, instruction set [SSE2|AVX|AVX2|AVX512]
Thread count: 40 physical cores, 40 logical processors, using up to 1 threads

Non-default parameters:
TimeLimit  1.4515844250703231e+02
Method  1
BarHomogeneous  1
Threads  1

Optimize a model with 830 rows, 261523 columns and 7288458 nonzeros
Coefficient statistics:
  Matrix range     [1e+00, 1e+00]
  Objective range  [1e+05, 5e+05]
  Bounds range     [0e+00, 0e+00]
  RHS range        [1e+00, 1e+00]
LP warm-start: use basis

Iteration    Objective       Primal Inf.    Dual Inf.      Time
       0   -6.3214143e+30   3.173279e+34   6.321414e+00      1s
     116    3.4014924e+06   0.000000e+00   0.000000e+00      3s

Solved in 116 iterations and 2.55 seconds (3.20 work units)
Optimal objective  3.401492428e+06
Set parameter TimeLimit to value 1.1366228530323133e+02
Set parameter Method to value 1
Gurobi Optimizer version 12.0.3 build v12.0.3rc0 (linux64 - "Ubuntu 24.04.4 LTS")

CPU model: Intel(R) Xeon(R) Gold 6230 CPU @ 2.10GHz, instruction set [SSE2|AVX|AVX2|AVX512]
Thread count: 40 physical cores, 40 logical processors, using up to 1 threads

Non-default parameters:
TimeLimit  1.1366228530323133e+02
Method  1
BarHomogeneous  1
Threads  1

Optimize a model with 830 rows, 261553 columns and 7289436 nonzeros
Coefficient statistics:
  Matrix range     [1e+00, 1e+00]
  Objective range  [1e+05, 5e+05]
  Bounds range     [0e+00, 0e+00]
  RHS range        [1e+00, 1e+00]
LP warm-start: use basis

Iteration    Objective       Primal Inf.    Dual Inf.      Time
       0   -6.2296268e+30   1.771627e+34   6.229627e+00      1s
       1    3.4014924e+06   0.000000e+00   0.000000e+00      1s

Solved in 1 iterations and 0.59 seconds (0.48 work units)
Optimal objective  3.401492428e+06
Set parameter TimeLimit to value 8.4715820234734565e+01
Set parameter Method to value 1
Gurobi Optimizer version 12.0.3 build v12.0.3rc0 (linux64 - "Ubuntu 24.04.4 LTS")

CPU model: Intel(R) Xeon(R) Gold 6230 CPU @ 2.10GHz, instruction set [SSE2|AVX|AVX2|AVX512]
Thread count: 40 physical cores, 40 logical processors, using up to 1 threads

Non-default parameters:
TimeLimit  8.4715820234734565e+01
Method  1
BarHomogeneous  1
Threads  1

Optimize a model with 830 rows, 261583 columns and 7290331 nonzeros
Coefficient statistics:
  Matrix range     [1e+00, 1e+00]
  Objective range  [1e+05, 5e+05]
  Bounds range     [0e+00, 0e+00]
  RHS range        [1e+00, 1e+00]
LP warm-start: use basis

Iteration    Objective       Primal Inf.    Dual Inf.      Time
       0   -4.6403060e+30   3.127795e+33   4.640306e+00      1s
     337   -5.1554460e+29   1.922097e+33   5.155446e-01      5s
     669   -1.4094130e+29   1.189187e+33   1.409413e-01     10s
    1030    3.4014923e+06   7.777662e+02   0.000000e+00     17s
    1265    3.4014924e+06   3.030894e+02   0.000000e+00     21s
    1621    3.4014924e+06   1.235537e+02   0.000000e+00     27s
    1859    3.4014924e+06   2.502540e+02   0.000000e+00     31s
    2215    3.4014924e+06   3.882725e+01   0.000000e+00     37s
    2450    3.4014924e+06   3.997609e+01   0.000000e+00     41s
    2690    3.4014924e+06   5.034192e+01   0.000000e+00     45s
    3048    3.4014924e+06   1.879800e+01   0.000000e+00     51s
    3285    3.4014924e+06   2.415230e+01   0.000000e+00     55s
    3644    3.4014924e+06   3.361934e+00   0.000000e+00     61s
    3842    3.4014924e+06   0.000000e+00   0.000000e+00     65s

Solved in 3842 iterations and 64.94 seconds (90.17 work units)
Optimal objective  3.401492419e+06
Set parameter TimeLimit to value 1.4828002386726439e+01
Set parameter Method to value 1
Gurobi Optimizer version 12.0.3 build v12.0.3rc0 (linux64 - "Ubuntu 24.04.4 LTS")

CPU model: Intel(R) Xeon(R) Gold 6230 CPU @ 2.10GHz, instruction set [SSE2|AVX|AVX2|AVX512]
Thread count: 40 physical cores, 40 logical processors, using up to 1 threads

Non-default parameters:
TimeLimit  1.4828002386726439e+01
Method  1
BarHomogeneous  1
Threads  1

Optimize a model with 830 rows, 261613 columns and 7291297 nonzeros
Coefficient statistics:
  Matrix range     [1e+00, 1e+00]
  Objective range  [1e+05, 5e+05]
  Bounds range     [0e+00, 0e+00]
  RHS range        [1e+00, 1e+00]
LP warm-start: use basis

Iteration    Objective       Primal Inf.    Dual Inf.      Time
       0   -1.4214132e+31   3.023293e+34   1.421413e+01      1s
     152    3.4014924e+06   0.000000e+00   0.000000e+00      3s

Solved in 152 iterations and 3.35 seconds (4.12 work units)
Optimal objective  3.401492419e+06
