run_id,iteration,master_time_s,pricing_time_s,pricing_mode,best_rc
20260105_114129,1,0.0026869773864746094,0.07487773895263672,none,30000.0
