run_id,iteration,master_time_s,pricing_time_s,pricing_mode,best_rc
20260118_095758,1,0.0027840137481689453,0.012875080108642578,none,inf
