run_id,iteration,master_time_s,pricing_time_s,pricing_mode,best_rc
20260118_152741,1,0.0032699108123779297,0.02608489990234375,none,30000.0
