run_id,iteration,master_time_s,pricing_time_s,pricing_mode,best_rc
20260118_171052,1,0.005391120910644531,0.2223987579345703,none,30000.0
