run_id,iteration,master_time_s,pricing_time_s,pricing_mode,best_rc
20251120_011141,1,0.00013399124145507812,61.84825396537781,fast,-5999969909.099999
