run_id,iteration,master_time_s,pricing_time_s,pricing_mode,best_rc
20260118_053739,1,0.0054509639739990234,0.09637308120727539,none,30000.0
