run_id,iteration,master_time_s,pricing_time_s,pricing_mode,best_rc
20260118_171607,1,0.003131866455078125,0.1987440586090088,none,30000.0
