run_id,iteration,master_time_s,pricing_time_s,pricing_mode,best_rc
20260118_153001,1,0.003281116485595703,0.027904033660888672,none,30000.0
