run_id,iteration,master_time_s,pricing_time_s,pricing_mode,best_rc
20260118_164757,1,0.004570960998535156,0.029430866241455078,none,30000.0
