run_id,iteration,master_time_s,pricing_time_s,pricing_mode,best_rc
20260118_052835,1,0.0026922225952148438,0.08278989791870117,none,30000.0
