run_id,iteration,master_time_s,pricing_time_s,pricing_mode,best_rc
20260118_165444,1,0.011759757995605469,0.02578282356262207,none,30000.0
