run_id,iteration,master_time_s,pricing_time_s,pricing_mode,best_rc
20260118_165500,1,0.0030059814453125,0.0188448429107666,none,30000.0
