4454	1787229020.1332843070	1	/home/nc437/ladder-lite/phys240kw/k02_s1_c1_g10.0_b5.out
0	1787228727.3384682350	1	/home/nc437/ladder-lite/phys240kw/k02_s1_c1_g10.0_b5.err
2005	1787228807.5398855840	1	/home/nc437/ladder-lite/phys240kw/k02_s1_c1_g10.0_b10.out
0	1787228727.3764693750	1	/home/nc437/ladder-lite/phys240kw/k02_s1_c1_g10.0_b10.err
906	1787228739.3628289240	1	/home/nc437/ladder-lite/phys240kw/k02_s2_c1_g10.0_b10.out
2991	1787229152.1302415290	1	/home/nc437/ladder-lite/phys240kw/k02_s1_c1_g2.5_b5.out
0	1787228727.3864696750	1	/home/nc437/ladder-lite/phys240kw/k02_s2_c1_g10.0_b10.err
2878	1787228953.3002805860	1	/home/nc437/ladder-lite/phys240kw/k02_s1_c1_g2.5_b10.out
0	1787228727.3874697050	1	/home/nc437/ladder-lite/phys240kw/k02_s1_c1_g2.5_b5.err
0	1787228727.4024701550	1	/home/nc437/ladder-lite/phys240kw/k02_s1_c1_g2.5_b10.err
382	1787228728.7695111610	1	/home/nc437/ladder-lite/phys240kw/k02_s1_c1_g10.0_b5.json.lock
386	1787228728.8545137110	1	/home/nc437/ladder-lite/phys240kw/k02_s1_c1_g2.5_b10.json.lock
384	1787228728.8555137410	1	/home/nc437/ladder-lite/phys240kw/k02_s1_c1_g2.5_b5.json.lock
388	1787228728.8555137410	1	/home/nc437/ladder-lite/phys240kw/k02_s2_c1_g10.0_b10.json.lock
382	1787228728.8635139810	1	/home/nc437/ladder-lite/phys240kw/k02_s1_c1_g10.0_b10.json.lock
59946	1787229270.3697818050	1	/home/nc437/ladder-lite/phys240kw/k03_s1_c1_g10.0_b5.json.iters.csv
8081	1787228739.2288249040	1	/home/nc437/ladder-lite/phys240kw/k02_s2_c1_g10.0_b10.json
2389802	1787228739.1508225640	1	/home/nc437/ladder-lite/phys240kw/k02_s2_c1_g10.0_b10.json.columns.jsonl
3126	1787228739.2078242740	1	/home/nc437/ladder-lite/phys240kw/k02_s2_c1_g10.0_b10.json.iters.csv
13703	1787271930.9042049230	1	/home/nc437/ladder-lite/phys240kw/k13_s3_c1_g10.0_b10.out
14532	1787228807.2548769420	1	/home/nc437/ladder-lite/phys240kw/k02_s1_c1_g10.0_b10.json
10432812	1787228806.8768654790	1	/home/nc437/ladder-lite/phys240kw/k02_s1_c1_g10.0_b10.json.columns.jsonl
3092	1787228857.4163933640	1	/home/nc437/ladder-lite/phys240kw/k02_s3_c1_g10.0_b10.out
12987	1787228807.1088725140	1	/home/nc437/ladder-lite/phys240kw/k02_s1_c1_g10.0_b10.json.iters.csv
1101	1787228786.1512370280	1	/home/nc437/ladder-lite/phys240kw/k02_s2_c1_g2.5_b5.out
0	1787228730.3135574780	1	/home/nc437/ladder-lite/phys240kw/k02_s3_c1_g10.0_b10.err
0	1787228730.3135574780	1	/home/nc437/ladder-lite/phys240kw/k02_s2_c1_g2.5_b5.err
1243	1787228760.9644768970	1	/home/nc437/ladder-lite/phys240kw/k02_s2_c1_g10.0_b5.out
0	1787228730.3325580480	1	/home/nc437/ladder-lite/phys240kw/k02_s2_c1_g10.0_b5.err
7273	1787229270.9587994070	1	/home/nc437/ladder-lite/phys240kw/k03_s1_c1_g10.0_b5.out
0	1787228730.3355581370	1	/home/nc437/ladder-lite/phys240kw/k03_s1_c1_g10.0_b5.err
998	1787228756.9383561280	1	/home/nc437/ladder-lite/phys240kw/k02_s2_c1_g2.5_b10.out
0	1787228730.3435583770	1	/home/nc437/ladder-lite/phys240kw/k02_s2_c1_g2.5_b10.err
3746	1787229509.4649147420	1	/home/nc437/ladder-lite/phys240kw/k02_s3_c1_g2.5_b5.out
0	1787228730.3485585270	1	/home/nc437/ladder-lite/phys240kw/k02_s3_c1_g2.5_b5.err
2801	1787229011.3510209810	1	/home/nc437/ladder-lite/phys240kw/k02_s3_c1_g2.5_b10.out
4515	1787229024.7484226870	1	/home/nc437/ladder-lite/phys240kw/k02_s3_c1_g10.0_b5.out
3829	1787228928.4985363480	1	/home/nc437/ladder-lite/phys240kw/k03_s1_c1_g10.0_b10.out
0	1787228730.3715592170	1	/home/nc437/ladder-lite/phys240kw/k02_s3_c1_g2.5_b10.err
0	1787228730.3715592170	1	/home/nc437/ladder-lite/phys240kw/k02_s3_c1_g10.0_b5.err
0	1787228730.3725592470	1	/home/nc437/ladder-lite/phys240kw/k03_s1_c1_g10.0_b10.err
0	1787228735.2817065040	1	/home/nc437/ladder-lite/phys240kw/k13_s3_c1_g10.0_b10.err
7740	1787229019.7782736620	1	/home/nc437/ladder-lite/phys240kw/k02_s1_c1_g10.0_b5.json
28241092	1787229019.0792527030	1	/home/nc437/ladder-lite/phys240kw/k02_s1_c1_g10.0_b5.json.columns.jsonl
34806	1787229019.5042654460	1	/home/nc437/ladder-lite/phys240kw/k02_s1_c1_g10.0_b5.json.iters.csv
386	1787228731.2445854050	1	/home/nc437/ladder-lite/phys240kw/k02_s2_c1_g10.0_b5.json.lock
386	1787228731.2525856450	1	/home/nc437/ladder-lite/phys240kw/k02_s2_c1_g2.5_b10.json.lock
384	1787228731.4695921540	1	/home/nc437/ladder-lite/phys240kw/k02_s2_c1_g2.5_b5.json.lock
388	1787228731.4695921540	1	/home/nc437/ladder-lite/phys240kw/k02_s3_c1_g10.0_b10.json.lock
386	1787228731.4735922750	1	/home/nc437/ladder-lite/phys240kw/k02_s3_c1_g2.5_b10.json.lock
384	1787228731.4745923040	1	/home/nc437/ladder-lite/phys240kw/k02_s3_c1_g2.5_b5.json.lock
385	1787228731.4745923040	1	/home/nc437/ladder-lite/phys240kw/k02_s3_c1_g10.0_b5.json.lock
388	1787228731.4745923040	1	/home/nc437/ladder-lite/phys240kw/k03_s1_c1_g10.0_b10.json.lock
385	1787228731.5415943140	1	/home/nc437/ladder-lite/phys240kw/k03_s1_c1_g10.0_b5.json.lock
13828	1787271931.0152082210	1	/home/nc437/ladder-lite/phys240kw/k13_s2_c1_g2.5_b5.out
6916	1787228760.7944717980	1	/home/nc437/ladder-lite/phys240kw/k02_s2_c1_g10.0_b5.json
4560163	1787228760.6594677480	1	/home/nc437/ladder-lite/phys240kw/k02_s2_c1_g10.0_b5.json.columns.jsonl
6563	1787228760.7674709880	1	/home/nc437/ladder-lite/phys240kw/k02_s2_c1_g10.0_b5.json.iters.csv
0	1787228734.8906947760	1	/home/nc437/ladder-lite/phys240kw/k13_s2_c1_g2.5_b10.err
19175	1787228857.2413880950	1	/home/nc437/ladder-lite/phys240kw/k02_s3_c1_g10.0_b10.json
7785433	1787228856.8883774670	1	/home/nc437/ladder-lite/phys240kw/k02_s3_c1_g10.0_b10.json.columns.jsonl
22721	1787228857.1123842110	1	/home/nc437/ladder-lite/phys240kw/k02_s3_c1_g10.0_b10.json.iters.csv
0	1787228734.8906947760	1	/home/nc437/ladder-lite/phys240kw/k13_s2_c1_g10.0_b5.err
17204	1787228928.3325313420	1	/home/nc437/ladder-lite/phys240kw/k03_s1_c1_g10.0_b10.json
26103449	1787228927.6885119220	1	/home/nc437/ladder-lite/phys240kw/k03_s1_c1_g10.0_b10.json.columns.jsonl
29099	1787228928.0495228080	1	/home/nc437/ladder-lite/phys240kw/k03_s1_c1_g10.0_b10.json.iters.csv
0	1787228735.2837065650	1	/home/nc437/ladder-lite/phys240kw/k13_s2_c1_g2.5_b5.err
6384	1787228952.9432698830	1	/home/nc437/ladder-lite/phys240kw/k02_s1_c1_g2.5_b10.json
21659385	1787228952.0782439500	1	/home/nc437/ladder-lite/phys240kw/k02_s1_c1_g2.5_b10.json.columns.jsonl
20760	1787228952.6842621180	1	/home/nc437/ladder-lite/phys240kw/k02_s1_c1_g2.5_b10.json.iters.csv
6450	1787232092.6244454780	1	/home/nc437/ladder-lite/phys240kw/k05_s1_c1_g2.5_b5.out
8175	1787228756.6603477880	1	/home/nc437/ladder-lite/phys240kw/k02_s2_c1_g2.5_b10.json
3516851	1787228756.4713421190	1	/home/nc437/ladder-lite/phys240kw/k02_s2_c1_g2.5_b10.json.columns.jsonl
4218	1787228756.6343470090	1	/home/nc437/ladder-lite/phys240kw/k02_s2_c1_g2.5_b10.json.iters.csv
6840	1787229681.4089829580	1	/home/nc437/ladder-lite/phys240kw/k05_s1_c1_g10.0_b5.out
7785	1787229270.7207922950	1	/home/nc437/ladder-lite/phys240kw/k03_s1_c1_g10.0_b5.json
42618364	1787229269.8337657870	1	/home/nc437/ladder-lite/phys240kw/k03_s1_c1_g10.0_b5.json.columns.jsonl
12794	1787229024.5124156100	1	/home/nc437/ladder-lite/phys240kw/k02_s3_c1_g10.0_b5.json
11912478	1787229024.0664022370	1	/home/nc437/ladder-lite/phys240kw/k02_s3_c1_g10.0_b5.json.columns.jsonl
35037	1787229024.3934120430	1	/home/nc437/ladder-lite/phys240kw/k02_s3_c1_g10.0_b5.json.iters.csv
7506	1787234388.1273429340	1	/home/nc437/ladder-lite/phys240kw/k08_s3_c1_g2.5_b5.out
0	1787228734.4226807370	1	/home/nc437/ladder-lite/phys240kw/k08_s3_c1_g2.5_b5.err
17261	1787271931.0372088750	1	/home/nc437/ladder-lite/phys240kw/k13_s1_c1_g10.0_b10.out
0	1787228734.4236807670	1	/home/nc437/ladder-lite/phys240kw/k13_s1_c1_g10.0_b10.err
10939	1787262917.9427338230	1	/home/nc437/ladder-lite/phys240kw/k08_s2_c1_g2.5_b10.out
14106	1787251431.1376901750	1	/home/nc437/ladder-lite/phys240kw/k08_s2_c1_g10.0_b5.out
0	1787228734.6966889560	1	/home/nc437/ladder-lite/phys240kw/k08_s2_c1_g2.5_b10.err
0	1787228734.6966889560	1	/home/nc437/ladder-lite/phys240kw/k08_s2_c1_g10.0_b5.err
11172	1787267802.2624798120	1	/home/nc437/ladder-lite/phys240kw/k13_s2_c1_g2.5_b10.out
16630	1787268195.7592634050	1	/home/nc437/ladder-lite/phys240kw/k13_s2_c1_g10.0_b5.out
3597	1787229416.2301384930	1	/home/nc437/ladder-lite/phys240kw/k05_s2_c1_g2.5_b10.out
3869	1787229765.5904426770	1	/home/nc437/ladder-lite/phys240kw/k05_s1_c1_g2.5_b10.out
6938	1787229532.3045904590	1	/home/nc437/ladder-lite/phys240kw/k05_s2_c1_g10.0_b5.out
6142	1787229426.3034393250	1	/home/nc437/ladder-lite/phys240kw/k05_s2_c1_g10.0_b10.out
0	1787228735.3947098940	1	/home/nc437/ladder-lite/phys240kw/k05_s1_c1_g2.5_b5.err
4380	1787229474.8628861090	1	/home/nc437/ladder-lite/phys240kw/k05_s1_c1_g10.0_b10.out
0	1787228735.3957099240	1	/home/nc437/ladder-lite/phys240kw/k05_s1_c1_g10.0_b5.err
10988	1787234200.2065380140	1	/home/nc437/ladder-lite/phys240kw/k05_s3_c1_g10.0_b10.out
0	1787228735.3967099540	1	/home/nc437/ladder-lite/phys240kw/k05_s2_c1_g2.5_b10.err
14019	1787236992.9599267880	1	/home/nc437/ladder-lite/phys240kw/k05_s3_c1_g10.0_b5.out
0	1787228735.3977099840	1	/home/nc437/ladder-lite/phys240kw/k05_s1_c1_g2.5_b10.err
0	1787228735.3977099840	1	/home/nc437/ladder-lite/phys240kw/k05_s2_c1_g10.0_b5.err
4491	1787230214.9596673890	1	/home/nc437/ladder-lite/phys240kw/k05_s2_c1_g2.5_b5.out
0	1787228735.3987100140	1	/home/nc437/ladder-lite/phys240kw/k05_s2_c1_g10.0_b10.err
0	1787228735.4157105240	1	/home/nc437/ladder-lite/phys240kw/k05_s1_c1_g10.0_b10.err
0	1787228735.4167105540	1	/home/nc437/ladder-lite/phys240kw/k05_s3_c1_g10.0_b10.err
0	1787228735.4167105540	1	/home/nc437/ladder-lite/phys240kw/k05_s3_c1_g10.0_b5.err
0	1787228735.4177105840	1	/home/nc437/ladder-lite/phys240kw/k05_s2_c1_g2.5_b5.err
380	1787228735.8877246830	1	/home/nc437/ladder-lite/phys240kw/k08_s3_c1_g2.5_b5.json.lock
384	1787228735.8967249530	1	/home/nc437/ladder-lite/phys240kw/k13_s1_c1_g10.0_b10.json.lock
0	1787228739.0348190850	1	/home/nc437/ladder-lite/phys240kw/k20_s3_c1_g10.0_b10.err
7488	1787228785.7172238680	1	/home/nc437/ladder-lite/phys240kw/k02_s2_c1_g2.5_b5.json
5547401	1787228785.2442095250	1	/home/nc437/ladder-lite/phys240kw/k02_s2_c1_g2.5_b5.json.columns.jsonl
5077	1787228785.6822228070	1	/home/nc437/ladder-lite/phys240kw/k02_s2_c1_g2.5_b5.json.iters.csv
372	1787228736.1727332320	1	/home/nc437/ladder-lite/phys240kw/k08_s2_c1_g10.0_b5.json.lock
373	1787228736.1727332320	1	/home/nc437/ladder-lite/phys240kw/k08_s2_c1_g2.5_b10.json.lock
0	1787228739.0348190850	1	/home/nc437/ladder-lite/phys240kw/k20_s2_c1_g2.5_b5.err
18942	1787229010.9330084470	1	/home/nc437/ladder-lite/phys240kw/k02_s3_c1_g2.5_b10.json
8289125	1787229010.0469818800	1	/home/nc437/ladder-lite/phys240kw/k02_s3_c1_g2.5_b10.json.columns.jsonl
20083	1787229010.7980043990	1	/home/nc437/ladder-lite/phys240kw/k02_s3_c1_g2.5_b10.json.iters.csv
383	1787228736.3177375820	1	/home/nc437/ladder-lite/phys240kw/k13_s2_c1_g2.5_b10.json.lock
385	1787228736.3187376120	1	/home/nc437/ladder-lite/phys240kw/k13_s3_c1_g10.0_b10.json.lock
382	1787228736.3197376420	1	/home/nc437/ladder-lite/phys240kw/k13_s2_c1_g10.0_b5.json.lock
380	1787228736.3207376720	1	/home/nc437/ladder-lite/phys240kw/k13_s2_c1_g2.5_b5.json.lock
0	1787228739.0358191150	1	/home/nc437/ladder-lite/phys240kw/k20_s3_c1_g10.0_b5.err
7350	1787229151.5212232710	1	/home/nc437/ladder-lite/phys240kw/k02_s1_c1_g2.5_b5.json
33835119	1787229150.0001776720	1	/home/nc437/ladder-lite/phys240kw/k02_s1_c1_g2.5_b5.json.columns.jsonl
22323	1787229151.1912133780	1	/home/nc437/ladder-lite/phys240kw/k02_s1_c1_g2.5_b5.json.iters.csv
390	1787228737.1267618500	1	/home/nc437/ladder-lite/phys240kw/k05_s2_c1_g2.5_b5.json.lock
391	1787228737.1267618500	1	/home/nc437/ladder-lite/phys240kw/k05_s3_c1_g10.0_b5.json.lock
392	1787228737.1277618800	1	/home/nc437/ladder-lite/phys240kw/k05_s2_c1_g10.0_b5.json.lock
392	1787228737.1277618800	1	/home/nc437/ladder-lite/phys240kw/k05_s1_c1_g2.5_b10.json.lock
393	1787228737.1287619100	1	/home/nc437/ladder-lite/phys240kw/k05_s1_c1_g10.0_b10.json.lock
394	1787228737.1287619100	1	/home/nc437/ladder-lite/phys240kw/k05_s2_c1_g10.0_b10.json.lock
392	1787228737.1297619400	1	/home/nc437/ladder-lite/phys240kw/k05_s2_c1_g2.5_b10.json.lock
392	1787228737.1297619400	1	/home/nc437/ladder-lite/phys240kw/k05_s1_c1_g10.0_b5.json.lock
390	1787228737.1307619700	1	/home/nc437/ladder-lite/phys240kw/k05_s1_c1_g2.5_b5.json.lock
393	1787228737.1317620000	1	/home/nc437/ladder-lite/phys240kw/k05_s3_c1_g10.0_b10.json.lock
2573	1787228842.2059354350	1	/home/nc437/ladder-lite/phys240kw/k03_s3_c1_g10.0_b5.out
2621	1787229017.7452127030	1	/home/nc437/ladder-lite/phys240kw/k03_s3_c1_g2.5_b5.out
9573	1787231655.0503872620	1	/home/nc437/ladder-lite/phys240kw/k03_s2_c1_g2.5_b5.out
1796	1787228790.7953778500	1	/home/nc437/ladder-lite/phys240kw/k03_s3_c1_g10.0_b10.out
2258	1787228884.7952184810	1	/home/nc437/ladder-lite/phys240kw/k03_s3_c1_g2.5_b10.out
3827	1787229446.7010484860	1	/home/nc437/ladder-lite/phys240kw/k03_s1_c1_g2.5_b5.out
4194	1787229336.1137460860	1	/home/nc437/ladder-lite/phys240kw/k03_s2_c1_g2.5_b10.out
3693	1787229081.5591259620	1	/home/nc437/ladder-lite/phys240kw/k03_s1_c1_g2.5_b10.out
5708	1787229156.6393767080	1	/home/nc437/ladder-lite/phys240kw/k03_s2_c1_g10.0_b5.out
0	1787228738.2227947270	1	/home/nc437/ladder-lite/phys240kw/k03_s3_c1_g10.0_b5.err
0	1787228738.2237947570	1	/home/nc437/ladder-lite/phys240kw/k03_s3_c1_g2.5_b5.err
0	1787228738.2237947570	1	/home/nc437/ladder-lite/phys240kw/k03_s2_c1_g2.5_b5.err
0	1787228738.2247947870	1	/home/nc437/ladder-lite/phys240kw/k03_s3_c1_g10.0_b10.err
0	1787228738.2247947870	1	/home/nc437/ladder-lite/phys240kw/k03_s3_c1_g2.5_b10.err
0	1787228738.2247947870	1	/home/nc437/ladder-lite/phys240kw/k03_s1_c1_g2.5_b5.err
0	1787228738.2257948170	1	/home/nc437/ladder-lite/phys240kw/k03_s2_c1_g2.5_b10.err
0	1787228738.2257948170	1	/home/nc437/ladder-lite/phys240kw/k03_s1_c1_g2.5_b10.err
4571	1787229003.6517901260	1	/home/nc437/ladder-lite/phys240kw/k03_s2_c1_g10.0_b10.out
0	1787228738.2267948470	1	/home/nc437/ladder-lite/phys240kw/k03_s2_c1_g10.0_b5.err
0	1787228738.2267948470	1	/home/nc437/ladder-lite/phys240kw/k03_s2_c1_g10.0_b10.err
10451	1787248453.6241608890	1	/home/nc437/ladder-lite/phys240kw/k08_s2_c1_g2.5_b5.out
5866	1787231873.1668919210	1	/home/nc437/ladder-lite/phys240kw/k08_s3_c1_g2.5_b10.out
8590	1787232118.4612123720	1	/home/nc437/ladder-lite/phys240kw/k08_s3_c1_g10.0_b10.out
0	1787228738.3657990160	1	/home/nc437/ladder-lite/phys240kw/k08_s2_c1_g2.5_b5.err
0	1787228738.3657990160	1	/home/nc437/ladder-lite/phys240kw/k08_s3_c1_g2.5_b10.err
0	1787228738.3667990460	1	/home/nc437/ladder-lite/phys240kw/k08_s3_c1_g10.0_b10.err
12084	1787232982.3648475710	1	/home/nc437/ladder-lite/phys240kw/k08_s3_c1_g10.0_b5.out
0	1787228738.3677990760	1	/home/nc437/ladder-lite/phys240kw/k08_s3_c1_g10.0_b5.err
0	1787228739.0338190550	1	/home/nc437/ladder-lite/phys240kw/k20_s3_c1_g2.5_b5.err
20407	1787229426.0854328140	1	/home/nc437/ladder-lite/phys240kw/k05_s2_c1_g10.0_b10.json
111715591	1787229421.3922926570	1	/home/nc437/ladder-lite/phys240kw/k05_s2_c1_g10.0_b10.json.columns.jsonl
49648	1787229423.7253623320	1	/home/nc437/ladder-lite/phys240kw/k05_s2_c1_g10.0_b10.json.iters.csv
11905	1787271935.8323513820	1	/home/nc437/ladder-lite/phys240kw/k20_s3_c1_g2.5_b10.out
31030	1787229474.6348793310	1	/home/nc437/ladder-lite/phys240kw/k05_s1_c1_g10.0_b10.json
211133136	1787229467.5856697740	1	/home/nc437/ladder-lite/phys240kw/k05_s1_c1_g10.0_b10.json.columns.jsonl
33960	1787229471.0027713570	1	/home/nc437/ladder-lite/phys240kw/k05_s1_c1_g10.0_b10.json.iters.csv
15289	1787258959.9047592400	1	/home/nc437/ladder-lite/phys240kw/k13_s2_c1_g10.0_b10.out
14483	1787271935.7673494500	1	/home/nc437/ladder-lite/phys240kw/k13_s1_c1_g2.5_b10.out
0	1787228738.8528136250	1	/home/nc437/ladder-lite/phys240kw/k13_s2_c1_g10.0_b10.err
0	1787228738.8538136550	1	/home/nc437/ladder-lite/phys240kw/k13_s1_c1_g2.5_b10.err
16196	1787271932.4402505740	1	/home/nc437/ladder-lite/phys240kw/k13_s1_c1_g2.5_b5.out
0	1787228738.8548136850	1	/home/nc437/ladder-lite/phys240kw/k13_s1_c1_g2.5_b5.err
20505	1787271932.4402505740	1	/home/nc437/ladder-lite/phys240kw/k13_s1_c1_g10.0_b5.out
0	1787228738.8558137150	1	/home/nc437/ladder-lite/phys240kw/k13_s1_c1_g10.0_b5.err
12756	1787271937.5674029460	1	/home/nc437/ladder-lite/phys240kw/k20_s3_c1_g2.5_b5.out
13772	1787271935.2433338770	1	/home/nc437/ladder-lite/phys240kw/k20_s3_c1_g10.0_b10.out
14764	1787271937.7144073140	1	/home/nc437/ladder-lite/phys240kw/k20_s2_c1_g2.5_b5.out
18704	1787271936.0463577420	1	/home/nc437/ladder-lite/phys240kw/k20_s3_c1_g10.0_b5.out
0	1787228739.0358191150	1	/home/nc437/ladder-lite/phys240kw/k20_s3_c1_g2.5_b10.err
101377871	1787229411.7620050550	1	/home/nc437/ladder-lite/phys240kw/k05_s2_c1_g2.5_b10.json.columns.jsonl
33106	1787234199.9335300210	1	/home/nc437/ladder-lite/phys240kw/k05_s3_c1_g10.0_b10.json
424248349	1787234179.4679307860	1	/home/nc437/ladder-lite/phys240kw/k05_s3_c1_g10.0_b10.json.columns.jsonl
92000	1787234189.3662206100	1	/home/nc437/ladder-lite/phys240kw/k05_s3_c1_g10.0_b10.json.iters.csv
19323	1787271942.4165470560	1	/home/nc437/ladder-lite/phys240kw/k08_s1_c1_g10.0_b5.out
0	1787228739.8588438020	1	/home/nc437/ladder-lite/phys240kw/k08_s1_c1_g10.0_b5.err
15251	1787271941.7865283330	1	/home/nc437/ladder-lite/phys240kw/k08_s1_c1_g2.5_b5.out
9498	1787242221.9891328160	1	/home/nc437/ladder-lite/phys240kw/k05_s3_c1_g2.5_b5.out
0	1787228739.8608438620	1	/home/nc437/ladder-lite/phys240kw/k08_s1_c1_g2.5_b5.err
15187	1787271940.9045021200	1	/home/nc437/ladder-lite/phys240kw/k08_s1_c1_g2.5_b10.out
0	1787228739.8618438930	1	/home/nc437/ladder-lite/phys240kw/k05_s3_c1_g2.5_b5.err
15223	1787271941.0995079150	1	/home/nc437/ladder-lite/phys240kw/k08_s1_c1_g10.0_b10.out
8945	1787237545.5957459740	1	/home/nc437/ladder-lite/phys240kw/k05_s3_c1_g2.5_b10.out
0	1787228739.8628439230	1	/home/nc437/ladder-lite/phys240kw/k08_s1_c1_g2.5_b10.err
0	1787228739.8638439520	1	/home/nc437/ladder-lite/phys240kw/k08_s1_c1_g10.0_b10.err
13752	1787257888.0881490110	1	/home/nc437/ladder-lite/phys240kw/k08_s2_c1_g10.0_b10.out
0	1787228739.8648439820	1	/home/nc437/ladder-lite/phys240kw/k05_s3_c1_g2.5_b10.err
0	1787228739.8648439820	1	/home/nc437/ladder-lite/phys240kw/k08_s2_c1_g10.0_b10.err
15408	1787271940.5564917770	1	/home/nc437/ladder-lite/phys240kw/k20_s1_c1_g2.5_b5.out
20644	1787229532.0385826000	1	/home/nc437/ladder-lite/phys240kw/k05_s2_c1_g10.0_b5.json
107085075	1787229528.0054634310	1	/home/nc437/ladder-lite/phys240kw/k05_s2_c1_g10.0_b5.json.columns.jsonl
57033	1787229530.1385264580	1	/home/nc437/ladder-lite/phys240kw/k05_s2_c1_g10.0_b5.json.iters.csv
384	1787228739.9258458120	1	/home/nc437/ladder-lite/phys240kw/k03_s2_c1_g2.5_b5.json.lock
385	1787228739.9258458120	1	/home/nc437/ladder-lite/phys240kw/k03_s3_c1_g10.0_b5.json.lock
388	1787228739.9268458420	1	/home/nc437/ladder-lite/phys240kw/k03_s2_c1_g10.0_b10.json.lock
386	1787228739.9278458720	1	/home/nc437/ladder-lite/phys240kw/k03_s2_c1_g10.0_b5.json.lock
385	1787228739.9278458720	1	/home/nc437/ladder-lite/phys240kw/k03_s3_c1_g2.5_b10.json.lock
388	1787228739.9278458720	1	/home/nc437/ladder-lite/phys240kw/k03_s3_c1_g10.0_b10.json.lock
385	1787228739.9288459020	1	/home/nc437/ladder-lite/phys240kw/k03_s2_c1_g2.5_b10.json.lock
386	1787228739.9298459320	1	/home/nc437/ladder-lite/phys240kw/k03_s1_c1_g2.5_b10.json.lock
383	1787228739.9308459620	1	/home/nc437/ladder-lite/phys240kw/k03_s3_c1_g2.5_b5.json.lock
384	1787228739.9318459920	1	/home/nc437/ladder-lite/phys240kw/k03_s1_c1_g2.5_b5.json.lock
27440	1787229414.0270727000	1	/home/nc437/ladder-lite/phys240kw/k05_s2_c1_g2.5_b10.json.iters.csv
103478	1787271930.5511944310	1	/home/nc437/ladder-lite/phys240kw/k13_s1_c1_g10.0_b10.json
1080296033	1787271883.3877927810	1	/home/nc437/ladder-lite/phys240kw/k13_s1_c1_g10.0_b10.json.columns.jsonl
148920	1787271883.3527917410	1	/home/nc437/ladder-lite/phys240kw/k13_s1_c1_g10.0_b10.json.iters.csv
12333	1787271939.0934482970	1	/home/nc437/ladder-lite/phys240kw/k20_s1_c1_g2.5_b10.out
26757	1787229681.1029740030	1	/home/nc437/ladder-lite/phys240kw/k05_s1_c1_g10.0_b5.json
188938785	1787229677.3688647290	1	/home/nc437/ladder-lite/phys240kw/k05_s1_c1_g10.0_b5.json.columns.jsonl
55937	1787229679.2359193660	1	/home/nc437/ladder-lite/phys240kw/k05_s1_c1_g10.0_b5.json.iters.csv
385	1787228740.1298519320	1	/home/nc437/ladder-lite/phys240kw/k08_s3_c1_g10.0_b5.json.lock
387	1787228740.1308519620	1	/home/nc437/ladder-lite/phys240kw/k08_s3_c1_g10.0_b10.json.lock
385	1787228740.1308519620	1	/home/nc437/ladder-lite/phys240kw/k08_s3_c1_g2.5_b10.json.lock
383	1787228740.1318519920	1	/home/nc437/ladder-lite/phys240kw/k08_s2_c1_g2.5_b5.json.lock
383	1787228740.2278548710	1	/home/nc437/ladder-lite/phys240kw/k13_s1_c1_g2.5_b10.json.lock
382	1787228740.2278548710	1	/home/nc437/ladder-lite/phys240kw/k13_s1_c1_g10.0_b5.json.lock
385	1787228740.2288549020	1	/home/nc437/ladder-lite/phys240kw/k13_s2_c1_g10.0_b10.json.lock
381	1787228740.2318549910	1	/home/nc437/ladder-lite/phys240kw/k13_s1_c1_g2.5_b5.json.lock
380	1787228740.5448643810	1	/home/nc437/ladder-lite/phys240kw/k20_s2_c1_g2.5_b5.json.lock
384	1787228740.5458644110	1	/home/nc437/ladder-lite/phys240kw/k20_s3_c1_g10.0_b10.json.lock
380	1787228740.5458644110	1	/home/nc437/ladder-lite/phys240kw/k20_s3_c1_g2.5_b5.json.lock
383	1787228740.5468644410	1	/home/nc437/ladder-lite/phys240kw/k20_s3_c1_g10.0_b5.json.lock
383	1787228740.5498645310	1	/home/nc437/ladder-lite/phys240kw/k20_s3_c1_g2.5_b10.json.lock
0	1787228742.4919227850	1	/home/nc437/ladder-lite/phys240kw/k20_s1_c1_g2.5_b5.err
26127	1787236992.5469147710	1	/home/nc437/ladder-lite/phys240kw/k05_s3_c1_g10.0_b5.json
553766100	1787236967.0651809810	1	/home/nc437/ladder-lite/phys240kw/k05_s3_c1_g10.0_b5.json.columns.jsonl
122150	1787236979.1965290790	1	/home/nc437/ladder-lite/phys240kw/k05_s3_c1_g10.0_b5.json.iters.csv
17926	1787249893.7452615710	1	/home/nc437/ladder-lite/phys240kw/k20_s2_c1_g10.0_b5.out
6767	1787229508.7338930110	1	/home/nc437/ladder-lite/phys240kw/k02_s3_c1_g2.5_b5.json
38741328	1787229506.5148270430	1	/home/nc437/ladder-lite/phys240kw/k02_s3_c1_g2.5_b5.json.columns.jsonl
28887	1787229508.2578788600	1	/home/nc437/ladder-lite/phys240kw/k02_s3_c1_g2.5_b5.json.iters.csv
36597701	1787229155.5143429800	1	/home/nc437/ladder-lite/phys240kw/k03_s2_c1_g10.0_b5.json.columns.jsonl
6450	1787228790.6503734530	1	/home/nc437/ladder-lite/phys240kw/k03_s3_c1_g10.0_b10.json
25475101	1787228790.1903595040	1	/home/nc437/ladder-lite/phys240kw/k03_s3_c1_g10.0_b10.json.columns.jsonl
11386	1787228790.4343669030	1	/home/nc437/ladder-lite/phys240kw/k03_s3_c1_g10.0_b10.json.iters.csv
18298	1787229156.4153699920	1	/home/nc437/ladder-lite/phys240kw/k03_s2_c1_g10.0_b5.json
122145	1787271930.4261907160	1	/home/nc437/ladder-lite/phys240kw/k13_s3_c1_g10.0_b10.json
900618139	1787271883.0907839550	1	/home/nc437/ladder-lite/phys240kw/k13_s3_c1_g10.0_b10.json.columns.jsonl
116556	1787271883.0587830040	1	/home/nc437/ladder-lite/phys240kw/k13_s3_c1_g10.0_b10.json.iters.csv
45441	1787229156.0693596190	1	/home/nc437/ladder-lite/phys240kw/k03_s2_c1_g10.0_b5.json.iters.csv
22018	1787229003.4797849690	1	/home/nc437/ladder-lite/phys240kw/k03_s2_c1_g10.0_b10.json
33568680	1787229002.6747608310	1	/home/nc437/ladder-lite/phys240kw/k03_s2_c1_g10.0_b10.json.columns.jsonl
35701	1787229003.1167740860	1	/home/nc437/ladder-lite/phys240kw/k03_s2_c1_g10.0_b10.json.iters.csv
10454	1787271938.6414348640	1	/home/nc437/ladder-lite/phys240kw/k20_s2_c1_g2.5_b10.out
7019	1787228842.0009292630	1	/home/nc437/ladder-lite/phys240kw/k03_s3_c1_g10.0_b5.json
30572731	1787228841.5149146310	1	/home/nc437/ladder-lite/phys240kw/k03_s3_c1_g10.0_b5.json.columns.jsonl
18255	1787228841.8079234520	1	/home/nc437/ladder-lite/phys240kw/k03_s3_c1_g10.0_b5.json.iters.csv
0	1787228742.4939228460	1	/home/nc437/ladder-lite/phys240kw/k20_s1_c1_g2.5_b10.err
36589	1787232118.1822040900	1	/home/nc437/ladder-lite/phys240kw/k08_s3_c1_g10.0_b10.json
261409056	1787232107.4368851440	1	/home/nc437/ladder-lite/phys240kw/k08_s3_c1_g10.0_b10.json.columns.jsonl
72604	1787232112.6470397920	1	/home/nc437/ladder-lite/phys240kw/k08_s3_c1_g10.0_b10.json.iters.csv
11075	1787271938.2614235700	1	/home/nc437/ladder-lite/phys240kw/k20_s2_c1_g10.0_b10.out
45156	1787251430.0376578750	1	/home/nc437/ladder-lite/phys240kw/k08_s2_c1_g10.0_b5.json
650827096	1787251330.6377400780	1	/home/nc437/ladder-lite/phys240kw/k08_s2_c1_g10.0_b5.json.columns.jsonl
121683	1787251378.5991471940	1	/home/nc437/ladder-lite/phys240kw/k08_s2_c1_g10.0_b5.json.iters.csv
0	1787228742.4949228760	1	/home/nc437/ladder-lite/phys240kw/k20_s2_c1_g10.0_b5.err
21425	1787229415.5841192000	1	/home/nc437/ladder-lite/phys240kw/k05_s2_c1_g2.5_b10.json
0	1787228742.4949228760	1	/home/nc437/ladder-lite/phys240kw/k20_s2_c1_g2.5_b10.err
0	1787228742.4949228760	1	/home/nc437/ladder-lite/phys240kw/k20_s2_c1_g10.0_b10.err
11137	1787231654.2033619510	1	/home/nc437/ladder-lite/phys240kw/k03_s2_c1_g2.5_b5.json
30011	1787229765.1444296550	1	/home/nc437/ladder-lite/phys240kw/k05_s1_c1_g2.5_b10.json
197733352	1787229756.6981830380	1	/home/nc437/ladder-lite/phys240kw/k05_s1_c1_g2.5_b10.json.columns.jsonl
29698	1787229761.1103118660	1	/home/nc437/ladder-lite/phys240kw/k05_s1_c1_g2.5_b10.json.iters.csv
13987	1787271938.4354287410	1	/home/nc437/ladder-lite/phys240kw/k20_s1_c1_g10.0_b10.out
26691	1787271938.6324345960	1	/home/nc437/ladder-lite/phys240kw/k20_s1_c1_g10.0_b5.out
17866	1787271938.8724417290	1	/home/nc437/ladder-lite/phys240kw/k13_s3_c1_g10.0_b5.out
13350	1787271937.5114012810	1	/home/nc437/ladder-lite/phys240kw/k13_s3_c1_g2.5_b5.out
0	1787228742.5959259050	1	/home/nc437/ladder-lite/phys240kw/k20_s1_c1_g10.0_b10.err
0	1787228742.5969259350	1	/home/nc437/ladder-lite/phys240kw/k20_s1_c1_g10.0_b5.err
11664	1787271939.1154489510	1	/home/nc437/ladder-lite/phys240kw/k13_s3_c1_g2.5_b10.out
0	1787228742.5979259650	1	/home/nc437/ladder-lite/phys240kw/k13_s3_c1_g10.0_b5.err
0	1787228742.5979259650	1	/home/nc437/ladder-lite/phys240kw/k13_s3_c1_g2.5_b5.err
0	1787228742.5989259950	1	/home/nc437/ladder-lite/phys240kw/k13_s3_c1_g2.5_b10.err
383	1787228742.7429303150	1	/home/nc437/ladder-lite/phys240kw/k08_s2_c1_g10.0_b10.json.lock
383	1787228742.7429303150	1	/home/nc437/ladder-lite/phys240kw/k08_s1_c1_g10.0_b10.json.lock
380	1787228742.7439303450	1	/home/nc437/ladder-lite/phys240kw/k08_s1_c1_g2.5_b10.json.lock
379	1787228742.7439303450	1	/home/nc437/ladder-lite/phys240kw/k05_s3_c1_g2.5_b5.json.lock
381	1787228742.7449303750	1	/home/nc437/ladder-lite/phys240kw/k05_s3_c1_g2.5_b10.json.lock
379	1787228742.7459304050	1	/home/nc437/ladder-lite/phys240kw/k08_s1_c1_g2.5_b5.json.lock
380	1787228742.7459304050	1	/home/nc437/ladder-lite/phys240kw/k08_s1_c1_g10.0_b5.json.lock
43694	1787262916.1826825060	1	/home/nc437/ladder-lite/phys240kw/k08_s2_c1_g2.5_b10.json
63219	1787268197.2313075560	1	/home/nc437/ladder-lite/phys240kw/k13_s2_c1_g10.0_b5.json
823220828	1787268132.0863536320	1	/home/nc437/ladder-lite/phys240kw/k13_s2_c1_g10.0_b5.json.columns.jsonl
141730	1787268164.1463152250	1	/home/nc437/ladder-lite/phys240kw/k13_s2_c1_g10.0_b5.json.iters.csv
96125	1787262853.5818564810	1	/home/nc437/ladder-lite/phys240kw/k08_s2_c1_g2.5_b10.json.iters.csv
34652	1787232981.9738360750	1	/home/nc437/ladder-lite/phys240kw/k08_s3_c1_g10.0_b5.json
244371431	1787232969.5244701350	1	/home/nc437/ladder-lite/phys240kw/k08_s3_c1_g10.0_b5.json.columns.jsonl
101813	1787232975.7226522870	1	/home/nc437/ladder-lite/phys240kw/k08_s3_c1_g10.0_b5.json.iters.csv
81912	1787231652.2313030200	1	/home/nc437/ladder-lite/phys240kw/k03_s2_c1_g2.5_b5.json.iters.csv
7448	1787228884.4702086810	1	/home/nc437/ladder-lite/phys240kw/k03_s3_c1_g2.5_b10.json
35332308	1787228883.6241831690	1	/home/nc437/ladder-lite/phys240kw/k03_s3_c1_g2.5_b10.json.columns.jsonl
15867	1787228884.1541991510	1	/home/nc437/ladder-lite/phys240kw/k03_s3_c1_g2.5_b10.json.iters.csv
382	1787228743.9169655320	1	/home/nc437/ladder-lite/phys240kw/k20_s2_c1_g10.0_b5.json.lock
383	1787228743.9169655320	1	/home/nc437/ladder-lite/phys240kw/k20_s1_c1_g2.5_b10.json.lock
383	1787228743.9169655320	1	/home/nc437/ladder-lite/phys240kw/k20_s2_c1_g2.5_b10.json.lock
385	1787228743.9209656520	1	/home/nc437/ladder-lite/phys240kw/k20_s2_c1_g10.0_b10.json.lock
381	1787228743.9239657420	1	/home/nc437/ladder-lite/phys240kw/k20_s1_c1_g2.5_b5.json.lock
53918	1787232086.7562712970	1	/home/nc437/ladder-lite/phys240kw/k05_s1_c1_g2.5_b5.json.iters.csv
69842	1787258959.1037358340	1	/home/nc437/ladder-lite/phys240kw/k13_s2_c1_g10.0_b10.json
739949649	1787258617.3647133190	1	/home/nc437/ladder-lite/phys240kw/k13_s2_c1_g10.0_b10.json.columns.jsonl
120257	1787258617.3487128470	1	/home/nc437/ladder-lite/phys240kw/k13_s2_c1_g10.0_b10.json.iters.csv
183195207	1787231648.7191980680	1	/home/nc437/ladder-lite/phys240kw/k03_s2_c1_g2.5_b5.json.columns.jsonl
14974	1787229081.2291160690	1	/home/nc437/ladder-lite/phys240kw/k03_s1_c1_g2.5_b10.json
22858146	1787229080.2720873800	1	/home/nc437/ladder-lite/phys240kw/k03_s1_c1_g2.5_b10.json.columns.jsonl
27911	1787229080.9751084550	1	/home/nc437/ladder-lite/phys240kw/k03_s1_c1_g2.5_b10.json.iters.csv
383	1787228744.0949708710	1	/home/nc437/ladder-lite/phys240kw/k13_s3_c1_g2.5_b10.json.lock
381	1787228744.0959709010	1	/home/nc437/ladder-lite/phys240kw/k13_s3_c1_g2.5_b5.json.lock
385	1787228744.0959709010	1	/home/nc437/ladder-lite/phys240kw/k20_s1_c1_g10.0_b10.json.lock
383	1787228744.0959709010	1	/home/nc437/ladder-lite/phys240kw/k13_s3_c1_g10.0_b5.json.lock
382	1787228744.0969709310	1	/home/nc437/ladder-lite/phys240kw/k20_s1_c1_g10.0_b5.json.lock
74385	1787237532.4903668430	1	/home/nc437/ladder-lite/phys240kw/k05_s3_c1_g2.5_b10.json.iters.csv
19880	1787229335.6867333360	1	/home/nc437/ladder-lite/phys240kw/k03_s2_c1_g2.5_b10.json
53565487	1787229333.4636669550	1	/home/nc437/ladder-lite/phys240kw/k03_s2_c1_g2.5_b10.json.columns.jsonl
32509	1787229334.8387080140	1	/home/nc437/ladder-lite/phys240kw/k03_s2_c1_g2.5_b10.json.iters.csv
8050	1787229446.0440288640	1	/home/nc437/ladder-lite/phys240kw/k03_s1_c1_g2.5_b5.json
43481	1787257887.5901342590	1	/home/nc437/ladder-lite/phys240kw/k08_s2_c1_g10.0_b10.json
729168304	1787257828.5803860720	1	/home/nc437/ladder-lite/phys240kw/k08_s2_c1_g10.0_b10.json.columns.jsonl
121502	1787257857.3942397800	1	/home/nc437/ladder-lite/phys240kw/k08_s2_c1_g10.0_b10.json.iters.csv
61155663	1787229444.0199684170	1	/home/nc437/ladder-lite/phys240kw/k03_s1_c1_g2.5_b5.json.columns.jsonl
66640	1787271940.5244908260	1	/home/nc437/ladder-lite/phys240kw/k08_s1_c1_g10.0_b10.json
1085603659	1787271897.7902208070	1	/home/nc437/ladder-lite/phys240kw/k08_s1_c1_g10.0_b10.json.columns.jsonl
132219	1787271897.7412193510	1	/home/nc437/ladder-lite/phys240kw/k08_s1_c1_g10.0_b10.json.iters.csv
62114	1787271941.5415210510	1	/home/nc437/ladder-lite/phys240kw/k08_s1_c1_g10.0_b5.json
37057	1787231872.3238668170	1	/home/nc437/ladder-lite/phys240kw/k08_s3_c1_g2.5_b10.json
226852783	1787231845.1110564490	1	/home/nc437/ladder-lite/phys240kw/k08_s3_c1_g2.5_b10.json.columns.jsonl
48003	1787231859.1494744980	1	/home/nc437/ladder-lite/phys240kw/k08_s3_c1_g2.5_b10.json.iters.csv
160074	1787271878.2566402900	1	/home/nc437/ladder-lite/phys240kw/k08_s1_c1_g10.0_b5.json.iters.csv
6381	1787229017.1931961520	1	/home/nc437/ladder-lite/phys240kw/k03_s3_c1_g2.5_b5.json
44663434	1787229016.0571620890	1	/home/nc437/ladder-lite/phys240kw/k03_s3_c1_g2.5_b5.json.columns.jsonl
18936	1787229016.8991873370	1	/home/nc437/ladder-lite/phys240kw/k03_s3_c1_g2.5_b5.json.iters.csv
29611	1787229445.5350136630	1	/home/nc437/ladder-lite/phys240kw/k03_s1_c1_g2.5_b5.json.iters.csv
164171	1787271934.6213153910	1	/home/nc437/ladder-lite/phys240kw/k20_s3_c1_g10.0_b10.json
914019457	1787271867.9233331940	1	/home/nc437/ladder-lite/phys240kw/k20_s3_c1_g10.0_b10.json.columns.jsonl
112480	1787271867.8873321250	1	/home/nc437/ladder-lite/phys240kw/k20_s3_c1_g10.0_b10.json.iters.csv
61576	1787267800.9914417650	1	/home/nc437/ladder-lite/phys240kw/k13_s2_c1_g2.5_b10.json
91619	1787271935.1713317370	1	/home/nc437/ladder-lite/phys240kw/k13_s1_c1_g10.0_b5.json
1497701953	1787271906.3804761010	1	/home/nc437/ladder-lite/phys240kw/k13_s1_c1_g10.0_b5.json.columns.jsonl
162148	1787271906.3194742870	1	/home/nc437/ladder-lite/phys240kw/k13_s1_c1_g10.0_b5.json.iters.csv
96778	1787267733.0334074900	1	/home/nc437/ladder-lite/phys240kw/k13_s2_c1_g2.5_b10.json.iters.csv
19127	1787230214.0156393990	1	/home/nc437/ladder-lite/phys240kw/k05_s2_c1_g2.5_b5.json
143959906	1787230207.0444327010	1	/home/nc437/ladder-lite/phys240kw/k05_s2_c1_g2.5_b5.json.columns.jsonl
35392	1787230211.2735580960	1	/home/nc437/ladder-lite/phys240kw/k05_s2_c1_g2.5_b5.json.iters.csv
27743	1787237544.5817166400	1	/home/nc437/ladder-lite/phys240kw/k05_s3_c1_g2.5_b10.json
21680	1787232091.7004180510	1	/home/nc437/ladder-lite/phys240kw/k05_s1_c1_g2.5_b5.json
439523415	1787232081.1301043000	1	/home/nc437/ladder-lite/phys240kw/k05_s1_c1_g2.5_b5.json.columns.jsonl
170226	1787271937.8094101370	1	/home/nc437/ladder-lite/phys240kw/k20_s1_c1_g10.0_b10.json
524632785	1787262790.9550315700	1	/home/nc437/ladder-lite/phys240kw/k08_s2_c1_g2.5_b10.json.columns.jsonl
1558712844	1787271878.3336425770	1	/home/nc437/ladder-lite/phys240kw/k08_s1_c1_g10.0_b5.json.columns.jsonl
560411865	1787267664.5713578740	1	/home/nc437/ladder-lite/phys240kw/k13_s2_c1_g2.5_b10.json.columns.jsonl
495937645	1787237520.6890254370	1	/home/nc437/ladder-lite/phys240kw/k05_s3_c1_g2.5_b10.json.columns.jsonl
864731333	1787271896.8861939410	1	/home/nc437/ladder-lite/phys240kw/k20_s1_c1_g10.0_b10.json.columns.jsonl
118870	1787271896.8461927520	1	/home/nc437/ladder-lite/phys240kw/k20_s1_c1_g10.0_b10.json.iters.csv
92464	1787271872.8194787020	1	/home/nc437/ladder-lite/phys240kw/k20_s2_c1_g2.5_b5.json.iters.csv
37612	1787234386.7813035490	1	/home/nc437/ladder-lite/phys240kw/k08_s3_c1_g2.5_b5.json
269799158	1787234365.3546766120	1	/home/nc437/ladder-lite/phys240kw/k08_s3_c1_g2.5_b5.json.columns.jsonl
62731	1787234377.2020232610	1	/home/nc437/ladder-lite/phys240kw/k08_s3_c1_g2.5_b5.json.iters.csv
967486635	1787271872.8774804260	1	/home/nc437/ladder-lite/phys240kw/k20_s2_c1_g2.5_b5.json.columns.jsonl
190242	1787271937.6234046090	1	/home/nc437/ladder-lite/phys240kw/k20_s2_c1_g10.0_b10.json
811505315	1787271900.4522999210	1	/home/nc437/ladder-lite/phys240kw/k20_s2_c1_g10.0_b10.json.columns.jsonl
92036	1787271900.4092986440	1	/home/nc437/ladder-lite/phys240kw/k20_s2_c1_g10.0_b10.json.iters.csv
166982	1787271937.2673940300	1	/home/nc437/ladder-lite/phys240kw/k20_s1_c1_g2.5_b5.json
164366	1787271935.0423279030	1	/home/nc437/ladder-lite/phys240kw/k20_s3_c1_g10.0_b5.json
1329308937	1787271906.2124711080	1	/home/nc437/ladder-lite/phys240kw/k20_s3_c1_g10.0_b5.json.columns.jsonl
127186	1787271906.1434690570	1	/home/nc437/ladder-lite/phys240kw/k20_s3_c1_g10.0_b5.json.iters.csv
111094	1787271863.4692008230	1	/home/nc437/ladder-lite/phys240kw/k20_s1_c1_g2.5_b5.json.iters.csv
124577	1787271938.0454171510	1	/home/nc437/ladder-lite/phys240kw/k13_s3_c1_g10.0_b5.json
1080621322	1787271870.6694148050	1	/home/nc437/ladder-lite/phys240kw/k13_s3_c1_g10.0_b5.json.columns.jsonl
127199	1787271870.6204133490	1	/home/nc437/ladder-lite/phys240kw/k13_s3_c1_g10.0_b5.json.iters.csv
881444889	1787271863.5162022190	1	/home/nc437/ladder-lite/phys240kw/k20_s1_c1_g2.5_b5.json.columns.jsonl
105502	1787271934.4593105760	1	/home/nc437/ladder-lite/phys240kw/k13_s1_c1_g2.5_b10.json
867146347	1787271861.4511408480	1	/home/nc437/ladder-lite/phys240kw/k13_s1_c1_g2.5_b10.json.columns.jsonl
121903	1787271861.4181398680	1	/home/nc437/ladder-lite/phys240kw/k13_s1_c1_g2.5_b10.json.iters.csv
41000	1787248451.9541123490	1	/home/nc437/ladder-lite/phys240kw/k08_s2_c1_g2.5_b5.json
710769868	1787248381.2300577020	1	/home/nc437/ladder-lite/phys240kw/k08_s2_c1_g2.5_b5.json.columns.jsonl
90734	1787248417.1331005220	1	/home/nc437/ladder-lite/phys240kw/k08_s2_c1_g2.5_b5.json.iters.csv
66707	1787271939.4704595010	1	/home/nc437/ladder-lite/phys240kw/k08_s1_c1_g2.5_b10.json
938529372	1787271887.3599108290	1	/home/nc437/ladder-lite/phys240kw/k08_s1_c1_g2.5_b10.json.columns.jsonl
131354	1787271887.3129094320	1	/home/nc437/ladder-lite/phys240kw/k08_s1_c1_g2.5_b10.json.iters.csv
162661	1787271937.6594056790	1	/home/nc437/ladder-lite/phys240kw/k20_s1_c1_g10.0_b5.json
1043434111	1787271895.0681399100	1	/home/nc437/ladder-lite/phys240kw/k20_s1_c1_g10.0_b5.json.columns.jsonl
169099	1787271895.0091381570	1	/home/nc437/ladder-lite/phys240kw/k20_s1_c1_g10.0_b5.json.iters.csv
162260	1787249892.5322259970	1	/home/nc437/ladder-lite/phys240kw/k20_s2_c1_g10.0_b5.json
867152531	1787249649.8321023920	1	/home/nc437/ladder-lite/phys240kw/k20_s2_c1_g10.0_b5.json.columns.jsonl
77344	1787249649.7621003310	1	/home/nc437/ladder-lite/phys240kw/k20_s2_c1_g10.0_b5.json.iters.csv
26534	1787242222.6481521680	1	/home/nc437/ladder-lite/phys240kw/k05_s3_c1_g2.5_b5.json
711263304	1787242191.6672444580	1	/home/nc437/ladder-lite/phys240kw/k05_s3_c1_g2.5_b5.json.columns.jsonl
81738	1787242207.5157086700	1	/home/nc437/ladder-lite/phys240kw/k05_s3_c1_g2.5_b5.json.iters.csv
122345	1787271937.6474053230	1	/home/nc437/ladder-lite/phys240kw/k13_s3_c1_g2.5_b10.json
695838574	1787271885.4658545400	1	/home/nc437/ladder-lite/phys240kw/k13_s3_c1_g2.5_b10.json.columns.jsonl
97787	1787271885.4358536480	1	/home/nc437/ladder-lite/phys240kw/k13_s3_c1_g2.5_b10.json.iters.csv
63732	1787271928.9631472360	1	/home/nc437/ladder-lite/phys240kw/k13_s2_c1_g2.5_b5.json
692096064	1787271879.2136687310	1	/home/nc437/ladder-lite/phys240kw/k13_s2_c1_g2.5_b5.json.columns.jsonl
117012	1787271879.2056684930	1	/home/nc437/ladder-lite/phys240kw/k13_s2_c1_g2.5_b5.json.iters.csv
163924	1787271934.0042970540	1	/home/nc437/ladder-lite/phys240kw/k20_s3_c1_g2.5_b10.json
726355131	1787271880.0906947950	1	/home/nc437/ladder-lite/phys240kw/k20_s3_c1_g2.5_b10.json.columns.jsonl
97558	1787271880.0576938140	1	/home/nc437/ladder-lite/phys240kw/k20_s3_c1_g2.5_b10.json.iters.csv
65620	1787271939.2734536470	1	/home/nc437/ladder-lite/phys240kw/k08_s1_c1_g2.5_b5.json
1192274359	1787271885.6518600670	1	/home/nc437/ladder-lite/phys240kw/k08_s1_c1_g2.5_b5.json.columns.jsonl
131710	1787271885.5908582550	1	/home/nc437/ladder-lite/phys240kw/k08_s1_c1_g2.5_b5.json.iters.csv
93250	1787271934.1623017500	1	/home/nc437/ladder-lite/phys240kw/k13_s1_c1_g2.5_b5.json
1091091705	1787271911.8316381040	1	/home/nc437/ladder-lite/phys240kw/k13_s1_c1_g2.5_b5.json.columns.jsonl
135255	1787271911.7806365880	1	/home/nc437/ladder-lite/phys240kw/k13_s1_c1_g2.5_b5.json.iters.csv
172420	1787271937.2703941190	1	/home/nc437/ladder-lite/phys240kw/k20_s1_c1_g2.5_b10.json
686795355	1787271855.5279648170	1	/home/nc437/ladder-lite/phys240kw/k20_s1_c1_g2.5_b10.json.columns.jsonl
99221	1787271855.4949638360	1	/home/nc437/ladder-lite/phys240kw/k20_s1_c1_g2.5_b10.json.iters.csv
187587	1787271936.8253808930	1	/home/nc437/ladder-lite/phys240kw/k20_s2_c1_g2.5_b10.json
662632710	1787271888.8319545760	1	/home/nc437/ladder-lite/phys240kw/k20_s2_c1_g2.5_b10.json.columns.jsonl
86940	1787271888.7979535660	1	/home/nc437/ladder-lite/phys240kw/k20_s2_c1_g2.5_b10.json.iters.csv
123382	1787271937.6304048170	1	/home/nc437/ladder-lite/phys240kw/k13_s3_c1_g2.5_b5.json
889726102	1787271872.1814597410	1	/home/nc437/ladder-lite/phys240kw/k13_s3_c1_g2.5_b5.json.columns.jsonl
101662	1787271872.1374584330	1	/home/nc437/ladder-lite/phys240kw/k13_s3_c1_g2.5_b5.json.iters.csv
166564	1787271934.2953057020	1	/home/nc437/ladder-lite/phys240kw/k20_s3_c1_g2.5_b5.json
988007664	1787271891.4770331850	1	/home/nc437/ladder-lite/phys240kw/k20_s3_c1_g2.5_b5.json.columns.jsonl
94673	1787271891.4170314030	1	/home/nc437/ladder-lite/phys240kw/k20_s3_c1_g2.5_b5.json.iters.csv
187172	1787271934.2503043650	1	/home/nc437/ladder-lite/phys240kw/k20_s2_c1_g2.5_b5.json
2507015825	1788476958.8315337890	1	/home/nc437/ladder-lite/cg_acceleration_20260903/network_cache/M__k13_s2__event_2p5_event5.pkl
1275	1788476981.5792638490	1	/home/nc437/ladder-lite/cg_acceleration_20260903/network_cache/M__k13_s2__event_2p5_event5.pkl.manifest.json
3434774480	1788477129.3639333170	1	/home/nc437/ladder-lite/cg_acceleration_20260903/network_cache/M__k13_s4__event_2p5_event5.pkl
1275	1788477143.0793763200	1	/home/nc437/ladder-lite/cg_acceleration_20260903/network_cache/M__k13_s4__event_2p5_event5.pkl.manifest.json
2980442553	1788480036.8007496980	1	/home/nc437/ladder-lite/cg_acceleration_20260903/network_cache/M__k13_s1__event_2p5_event5.pkl
1275	1788480053.2012623970	1	/home/nc437/ladder-lite/cg_acceleration_20260903/network_cache/M__k13_s1__event_2p5_event5.pkl.manifest.json
4053385757	1788482127.6973857140	1	/home/nc437/ladder-lite/cg_acceleration_20260903/network_cache/M__k13_s3__event_2p5_event5.pkl
1274	1788482147.5739902440	1	/home/nc437/ladder-lite/cg_acceleration_20260903/network_cache/M__k13_s3__event_2p5_event5.pkl.manifest.json
4725304153	1788485559.7960231620	1	/home/nc437/ladder-lite/cg_acceleration_20260903/network_cache/M__k13_s6__event_2p5_event5.pkl
1275	1788485580.8866950720	1	/home/nc437/ladder-lite/cg_acceleration_20260903/network_cache/M__k13_s6__event_2p5_event5.pkl.manifest.json
5741221609	1788486978.3662426510	1	/home/nc437/ladder-lite/cg_acceleration_20260903/network_cache/M__k13_s5__event_2p5_event5.pkl
1275	1788487000.5799782350	1	/home/nc437/ladder-lite/cg_acceleration_20260903/network_cache/M__k13_s5__event_2p5_event5.pkl.manifest.json
7954705682	1788494379.0568490590	1	/home/nc437/ladder-lite/cg_acceleration_20260903/network_cache/M__k20_s6__event_2p5_event5.pkl
1275	1788494409.2847638600	1	/home/nc437/ladder-lite/cg_acceleration_20260903/network_cache/M__k20_s6__event_2p5_event5.pkl.manifest.json
7017675751	1788495635.5606666280	1	/home/nc437/ladder-lite/cg_acceleration_20260903/network_cache/M__k20_s1__event_2p5_event5.pkl
1274	1788495698.0435750580	1	/home/nc437/ladder-lite/cg_acceleration_20260903/network_cache/M__k20_s1__event_2p5_event5.pkl.manifest.json
6828728310	1788495816.7572468540	1	/home/nc437/ladder-lite/cg_acceleration_20260903/network_cache/M__k20_s3__event_2p5_event5.pkl
1275	1788495877.1701523260	1	/home/nc437/ladder-lite/cg_acceleration_20260903/network_cache/M__k20_s3__event_2p5_event5.pkl.manifest.json
7570851087	1788500460.8185802680	1	/home/nc437/ladder-lite/cg_acceleration_20260903/network_cache/M__k20_s5__event_2p5_event5.pkl
1275	1788500527.9946777850	1	/home/nc437/ladder-lite/cg_acceleration_20260903/network_cache/M__k20_s5__event_2p5_event5.pkl.manifest.json
8071201792	1788501673.3318386180	1	/home/nc437/ladder-lite/cg_acceleration_20260903/network_cache/M__k20_s2__event_2p5_event5.pkl
1273	1788501744.9550981420	1	/home/nc437/ladder-lite/cg_acceleration_20260903/network_cache/M__k20_s2__event_2p5_event5.pkl.manifest.json
8995503654	1788568598.0441558100	1	/home/nc437/ladder-lite/cg_acceleration_20260903/network_cache/M__k20_s4__event_2p5_event5.pkl
1273	1788568677.6543551400	1	/home/nc437/ladder-lite/cg_acceleration_20260903/network_cache/M__k20_s4__event_2p5_event5.pkl.manifest.json
93	1788482149.9010607170	1	/home/nc437/ladder-lite/cg_acceleration_20260903/logs/cache/ca03_net_244184_2.out
0	1788464854.7180663420	1	/home/nc437/ladder-lite/cg_acceleration_20260903/logs/cache/ca03_net_244184_2.err
93	1788477145.0014384930	1	/home/nc437/ladder-lite/cg_acceleration_20260903/logs/cache/ca03_net_244184_3.out
0	1788464854.9580737820	1	/home/nc437/ladder-lite/cg_acceleration_20260903/logs/cache/ca03_net_244184_3.err
93	1788487003.6770794830	1	/home/nc437/ladder-lite/cg_acceleration_20260903/logs/cache/ca03_net_244184_4.out
0	1788464854.9590738130	1	/home/nc437/ladder-lite/cg_acceleration_20260903/logs/cache/ca03_net_244184_4.err
93	1788476983.0853121830	1	/home/nc437/ladder-lite/cg_acceleration_20260903/logs/cache/ca03_net_244184_1.out
0	1788464855.2700834560	1	/home/nc437/ladder-lite/cg_acceleration_20260903/logs/cache/ca03_net_244184_1.err
93	1788480055.0653206700	1	/home/nc437/ladder-lite/cg_acceleration_20260903/logs/cache/ca03_net_244184_0.out
0	1788464855.5610924770	1	/home/nc437/ladder-lite/cg_acceleration_20260903/logs/cache/ca03_net_244184_0.err
93	1788494413.2488838280	1	/home/nc437/ladder-lite/cg_acceleration_20260903/logs/cache/ca03_net_244184_11.out
0	1788464856.0621080100	1	/home/nc437/ladder-lite/cg_acceleration_20260903/logs/cache/ca03_net_244184_11.err
0	1788464860.4022425610	1	/home/nc437/ladder-lite/cg_acceleration_20260903/logs/cache/ca03_net_244184_9.out
125	1788508759.4585855900	1	/home/nc437/ladder-lite/cg_acceleration_20260903/logs/cache/ca03_net_244184_9.err
93	1788495882.6423267010	1	/home/nc437/ladder-lite/cg_acceleration_20260903/logs/cache/ca03_net_244184_8.out
93	1788500531.6207911700	1	/home/nc437/ladder-lite/cg_acceleration_20260903/logs/cache/ca03_net_244184_10.out
93	1788501745.0591014180	1	/home/nc437/ladder-lite/cg_acceleration_20260903/logs/cache/ca03_net_244184_7.out
0	1788464860.4842451030	1	/home/nc437/ladder-lite/cg_acceleration_20260903/logs/cache/ca03_net_244184_8.err
93	1788495703.7517496870	1	/home/nc437/ladder-lite/cg_acceleration_20260903/logs/cache/ca03_net_244184_6.out
0	1788464860.4852451340	1	/home/nc437/ladder-lite/cg_acceleration_20260903/logs/cache/ca03_net_244184_10.err
93	1788485583.5567801630	1	/home/nc437/ladder-lite/cg_acceleration_20260903/logs/cache/ca03_net_244184_5.out
0	1788464860.4852451340	1	/home/nc437/ladder-lite/cg_acceleration_20260903/logs/cache/ca03_net_244184_7.err
0	1788464860.4862451650	1	/home/nc437/ladder-lite/cg_acceleration_20260903/logs/cache/ca03_net_244184_6.err
118	1788466569.0717179370	1	/home/nc437/ladder-lite/cg_acceleration_20260903/logs/cache/ca03_net_244184_5.err
93	1788568682.7085052720	1	/home/nc437/ladder-lite/cg_acceleration_20260903/logs/cache/ca04_net_269590_9.out
0	1788517400.4925939980	1	/home/nc437/ladder-lite/cg_acceleration_20260903/logs/cache/ca04_net_269590_9.err
19102	1788520219.4545561490	1	/home/nc437/ladder-lite/cg_acceleration_20260903/logs/cg/ca03_30r_244185_1.out
0	1788476996.5747451080	1	/home/nc437/ladder-lite/cg_acceleration_20260903/logs/cg/ca03_30r_244185_1.err
14251	1788520217.4684937170	1	/home/nc437/ladder-lite/cg_acceleration_20260903/logs/cg/ca03_60r_244186_1.out
0	1788476997.9137880830	1	/home/nc437/ladder-lite/cg_acceleration_20260903/logs/cg/ca03_60r_244186_1.err
14593	1788520206.7511635100	1	/home/nc437/ladder-lite/cg_acceleration_20260903/logs/cg/ca03_12d_244219_1.out
0	1788476999.9948548720	1	/home/nc437/ladder-lite/cg_acceleration_20260903/logs/cg/ca03_12d_244219_1.err
10216	1788508001.9932809480	1	/home/nc437/ladder-lite/cg_acceleration_20260903/logs/cg/ca03_20d_244220_1.out
0	1788477000.0048551930	1	/home/nc437/ladder-lite/cg_acceleration_20260903/logs/cg/ca03_20d_244220_1.err
11478	1788520209.0502325240	1	/home/nc437/ladder-lite/cg_acceleration_20260903/logs/cg/ca03_12r_244187_1.out
0	1788477000.0988582100	1	/home/nc437/ladder-lite/cg_acceleration_20260903/logs/cg/ca03_12r_244187_1.err
9641	1788520206.9621698440	1	/home/nc437/ladder-lite/cg_acceleration_20260903/logs/cg/ca03_20r_244218_1.out
0	1788477000.1478597830	1	/home/nc437/ladder-lite/cg_acceleration_20260903/logs/cg/ca03_20r_244218_1.err
21834	1788520371.0703313920	1	/home/nc437/ladder-lite/cg_acceleration_20260903/logs/cg/ca03_12d_244219_3.out
0	1788477167.5721609410	1	/home/nc437/ladder-lite/cg_acceleration_20260903/logs/cg/ca03_12d_244219_3.err
17818	1788520379.0625794470	1	/home/nc437/ladder-lite/cg_acceleration_20260903/logs/cg/ca03_60r_244186_3.out
0	1788477167.6511634630	1	/home/nc437/ladder-lite/cg_acceleration_20260903/logs/cg/ca03_60r_244186_3.err
24214	1788520466.4833496510	1	/home/nc437/ladder-lite/cg_acceleration_20260903/logs/cg/ca03_30r_244185_3.out
314	1788519269.4388702340	1	/home/nc437/ladder-lite/cg_acceleration_20260903/logs/cg/ca03_30r_244185_3.err
15244	1788503054.4987955620	1	/home/nc437/ladder-lite/cg_acceleration_20260903/logs/cg/ca03_12r_244187_3.out
0	1788477167.7541667510	1	/home/nc437/ladder-lite/cg_acceleration_20260903/logs/cg/ca03_12r_244187_3.err
11934	1788520373.6404111590	1	/home/nc437/ladder-lite/cg_acceleration_20260903/logs/cg/ca03_20r_244218_3.out
0	1788477167.9761738380	1	/home/nc437/ladder-lite/cg_acceleration_20260903/logs/cg/ca03_20r_244218_3.err
18794	1788520369.6692879090	1	/home/nc437/ladder-lite/cg_acceleration_20260903/logs/cg/ca03_20d_244220_3.out
0	1788477168.4271882340	1	/home/nc437/ladder-lite/cg_acceleration_20260903/logs/cg/ca03_20d_244220_3.err
13848	1788523429.3782935440	1	/home/nc437/ladder-lite/cg_acceleration_20260903/logs/cg/ca03_12r_244187_0.out
0	1788480205.6435800260	1	/home/nc437/ladder-lite/cg_acceleration_20260903/logs/cg/ca03_12r_244187_0.err
12630	1788523427.9472537550	1	/home/nc437/ladder-lite/cg_acceleration_20260903/logs/cg/ca03_20r_244218_0.out
0	1788480205.9235883530	1	/home/nc437/ladder-lite/cg_acceleration_20260903/logs/cg/ca03_20r_244218_0.err
22596	1788523408.7707205640	1	/home/nc437/ladder-lite/cg_acceleration_20260903/logs/cg/ca03_12d_244219_0.out
0	1788480206.1195941830	1	/home/nc437/ladder-lite/cg_acceleration_20260903/logs/cg/ca03_12d_244219_0.err
20047	1788523429.2982913200	1	/home/nc437/ladder-lite/cg_acceleration_20260903/logs/cg/ca03_30r_244185_0.out
0	1788480206.2115969190	1	/home/nc437/ladder-lite/cg_acceleration_20260903/logs/cg/ca03_30r_244185_0.err
16557	1788523422.5531037740	1	/home/nc437/ladder-lite/cg_acceleration_20260903/logs/cg/ca03_60r_244186_0.out
0	1788480206.6146089050	1	/home/nc437/ladder-lite/cg_acceleration_20260903/logs/cg/ca03_60r_244186_0.err
18632	1788523415.3249027990	1	/home/nc437/ladder-lite/cg_acceleration_20260903/logs/cg/ca03_20d_244220_0.out
0	1788480209.2986887310	1	/home/nc437/ladder-lite/cg_acceleration_20260903/logs/cg/ca03_20d_244220_0.err
13495	1788525396.5856789130	1	/home/nc437/ladder-lite/cg_acceleration_20260903/logs/cg/ca03_20r_244218_2.out
18123	1788525392.4155506750	1	/home/nc437/ladder-lite/cg_acceleration_20260903/logs/cg/ca03_12d_244219_2.out
0	1788482189.3732560740	1	/home/nc437/ladder-lite/cg_acceleration_20260903/logs/cg/ca03_20r_244218_2.err
0	1788482189.3732560740	1	/home/nc437/ladder-lite/cg_acceleration_20260903/logs/cg/ca03_12d_244219_2.err
17885	1788525405.1029408320	1	/home/nc437/ladder-lite/cg_acceleration_20260903/logs/cg/ca03_30r_244185_2.out
0	1788482189.9862746380	1	/home/nc437/ladder-lite/cg_acceleration_20260903/logs/cg/ca03_30r_244185_2.err
18390	1788525390.0314773620	1	/home/nc437/ladder-lite/cg_acceleration_20260903/logs/cg/ca03_20d_244220_2.out
0	1788482189.9962749410	1	/home/nc437/ladder-lite/cg_acceleration_20260903/logs/cg/ca03_20d_244220_2.err
13448	1788525403.9109041750	1	/home/nc437/ladder-lite/cg_acceleration_20260903/logs/cg/ca03_60r_244186_2.out
0	1788482190.0382762130	1	/home/nc437/ladder-lite/cg_acceleration_20260903/logs/cg/ca03_60r_244186_2.err
14790	1788525398.0847250100	1	/home/nc437/ladder-lite/cg_acceleration_20260903/logs/cg/ca03_12r_244187_2.out
0	1788482190.2162816040	1	/home/nc437/ladder-lite/cg_acceleration_20260903/logs/cg/ca03_12r_244187_2.err
26677	1788528885.6543092990	1	/home/nc437/ladder-lite/cg_acceleration_20260903/logs/cg/ca03_30r_244185_5.out
0	1788485670.5755335300	1	/home/nc437/ladder-lite/cg_acceleration_20260903/logs/cg/ca03_30r_244185_5.err
18940	1788528876.1520279690	1	/home/nc437/ladder-lite/cg_acceleration_20260903/logs/cg/ca03_12r_244187_5.out
0	1788485670.8215412610	1	/home/nc437/ladder-lite/cg_acceleration_20260903/logs/cg/ca03_12r_244187_5.err
22633	1788528878.7421045370	1	/home/nc437/ladder-lite/cg_acceleration_20260903/logs/cg/ca03_60r_244186_5.out
0	1788485670.8245413550	1	/home/nc437/ladder-lite/cg_acceleration_20260903/logs/cg/ca03_60r_244186_5.err
20418	1788528875.2680018430	1	/home/nc437/ladder-lite/cg_acceleration_20260903/logs/cg/ca03_12d_244219_5.out
24971	1788528872.0179057880	1	/home/nc437/ladder-lite/cg_acceleration_20260903/logs/cg/ca03_20d_244220_5.out
0	1788485671.4805619710	1	/home/nc437/ladder-lite/cg_acceleration_20260903/logs/cg/ca03_12d_244219_5.err
0	1788485671.4815620030	1	/home/nc437/ladder-lite/cg_acceleration_20260903/logs/cg/ca03_20d_244220_5.err
19123	1788528894.2625643040	1	/home/nc437/ladder-lite/cg_acceleration_20260903/logs/cg/ca03_20r_244218_5.out
0	1788485673.8786373340	1	/home/nc437/ladder-lite/cg_acceleration_20260903/logs/cg/ca03_20r_244218_5.err
22903	1788530328.9578970330	1	/home/nc437/ladder-lite/cg_acceleration_20260903/logs/cg/ca03_30r_244185_4.out
0	1788487052.6486786620	1	/home/nc437/ladder-lite/cg_acceleration_20260903/logs/cg/ca03_30r_244185_4.err
14480	1788530270.0401223990	1	/home/nc437/ladder-lite/cg_acceleration_20260903/logs/cg/ca03_12r_244187_4.out
16519	1788530274.3432518050	1	/home/nc437/ladder-lite/cg_acceleration_20260903/logs/cg/ca03_60r_244186_4.out
0	1788487053.2006965360	1	/home/nc437/ladder-lite/cg_acceleration_20260903/logs/cg/ca03_12r_244187_4.err
0	1788487053.2006965360	1	/home/nc437/ladder-lite/cg_acceleration_20260903/logs/cg/ca03_60r_244186_4.err
15163	1788530257.5577470270	1	/home/nc437/ladder-lite/cg_acceleration_20260903/logs/cg/ca03_20r_244218_4.out
17766	1788530254.1716452000	1	/home/nc437/ladder-lite/cg_acceleration_20260903/logs/cg/ca03_12d_244219_4.out
0	1788487053.6627114960	1	/home/nc437/ladder-lite/cg_acceleration_20260903/logs/cg/ca03_20r_244218_4.err
0	1788487053.6637115290	1	/home/nc437/ladder-lite/cg_acceleration_20260903/logs/cg/ca03_12d_244219_4.err
25628	1788530287.0226331030	1	/home/nc437/ladder-lite/cg_acceleration_20260903/logs/cg/ca03_20d_244220_4.out
0	1788487055.9147844180	1	/home/nc437/ladder-lite/cg_acceleration_20260903/logs/cg/ca03_20d_244220_4.err
19542	1788537648.2718458460	1	/home/nc437/ladder-lite/cg_acceleration_20260903/logs/cg/ca03_20r_244218_11.out
0	1788494440.1786752240	1	/home/nc437/ladder-lite/cg_acceleration_20260903/logs/cg/ca03_20r_244218_11.err
22230	1788537640.8606539140	1	/home/nc437/ladder-lite/cg_acceleration_20260903/logs/cg/ca03_30r_244185_11.out
0	1788494440.2216764630	1	/home/nc437/ladder-lite/cg_acceleration_20260903/logs/cg/ca03_30r_244185_11.err
19031	1788537650.4939033920	1	/home/nc437/ladder-lite/cg_acceleration_20260903/logs/cg/ca03_12r_244187_11.out
0	1788494440.2716779050	1	/home/nc437/ladder-lite/cg_acceleration_20260903/logs/cg/ca03_12r_244187_11.err
19459	1788537679.9556726580	1	/home/nc437/ladder-lite/cg_acceleration_20260903/logs/cg/ca03_20d_244220_11.out
0	1788494441.1507032440	1	/home/nc437/ladder-lite/cg_acceleration_20260903/logs/cg/ca03_20d_244220_11.err
20375	1788537652.2099478340	1	/home/nc437/ladder-lite/cg_acceleration_20260903/logs/cg/ca03_60r_244186_11.out
0	1788494443.2897649050	1	/home/nc437/ladder-lite/cg_acceleration_20260903/logs/cg/ca03_60r_244186_11.err
19574	1788537651.6249326830	1	/home/nc437/ladder-lite/cg_acceleration_20260903/logs/cg/ca03_12d_244219_11.out
0	1788494443.8217802410	1	/home/nc437/ladder-lite/cg_acceleration_20260903/logs/cg/ca03_12d_244219_11.err
19889	1788538953.3115011050	1	/home/nc437/ladder-lite/cg_acceleration_20260903/logs/cg/ca03_60r_244186_6.out
0	1788495731.2725954180	1	/home/nc437/ladder-lite/cg_acceleration_20260903/logs/cg/ca03_60r_244186_6.err
24400	1788538964.1278088440	1	/home/nc437/ladder-lite/cg_acceleration_20260903/logs/cg/ca03_30r_244185_6.out
0	1788495731.6766078930	1	/home/nc437/ladder-lite/cg_acceleration_20260903/logs/cg/ca03_30r_244185_6.err
20620	1788538985.4764548080	1	/home/nc437/ladder-lite/cg_acceleration_20260903/logs/cg/ca03_20d_244220_6.out
0	1788495732.1046211080	1	/home/nc437/ladder-lite/cg_acceleration_20260903/logs/cg/ca03_20d_244220_6.err
18787	1788538952.5794802780	1	/home/nc437/ladder-lite/cg_acceleration_20260903/logs/cg/ca03_12r_244187_6.out
0	1788495732.4766325950	1	/home/nc437/ladder-lite/cg_acceleration_20260903/logs/cg/ca03_12r_244187_6.err
19077	1788538952.7394848310	1	/home/nc437/ladder-lite/cg_acceleration_20260903/logs/cg/ca03_20r_244218_6.out
21078	1788538958.6066517600	1	/home/nc437/ladder-lite/cg_acceleration_20260903/logs/cg/ca03_12d_244219_6.out
0	1788495733.0806512460	1	/home/nc437/ladder-lite/cg_acceleration_20260903/logs/cg/ca03_20r_244218_6.err
0	1788495733.0816512770	1	/home/nc437/ladder-lite/cg_acceleration_20260903/logs/cg/ca03_12d_244219_6.err
15891	1788539104.7382996310	1	/home/nc437/ladder-lite/cg_acceleration_20260903/logs/cg/ca03_20r_244218_8.out
17454	1788539102.0272117440	1	/home/nc437/ladder-lite/cg_acceleration_20260903/logs/cg/ca03_12d_244219_8.out
18531	1788539108.7514297270	1	/home/nc437/ladder-lite/cg_acceleration_20260903/logs/cg/ca03_60r_244186_8.out
15008	1788539105.5833270250	1	/home/nc437/ladder-lite/cg_acceleration_20260903/logs/cg/ca03_12r_244187_8.out
0	1788495898.7888412220	1	/home/nc437/ladder-lite/cg_acceleration_20260903/logs/cg/ca03_20r_244218_8.err
0	1788495898.7898412530	1	/home/nc437/ladder-lite/cg_acceleration_20260903/logs/cg/ca03_12d_244219_8.err
0	1788495898.7908412850	1	/home/nc437/ladder-lite/cg_acceleration_20260903/logs/cg/ca03_60r_244186_8.err
0	1788495898.7908412850	1	/home/nc437/ladder-lite/cg_acceleration_20260903/logs/cg/ca03_12r_244187_8.err
18547	1788539113.5585855640	1	/home/nc437/ladder-lite/cg_acceleration_20260903/logs/cg/ca03_30r_244185_8.out
0	1788495898.9568465750	1	/home/nc437/ladder-lite/cg_acceleration_20260903/logs/cg/ca03_30r_244185_8.err
18071	1788539111.9375330130	1	/home/nc437/ladder-lite/cg_acceleration_20260903/logs/cg/ca03_20d_244220_8.out
0	1788495899.5248646760	1	/home/nc437/ladder-lite/cg_acceleration_20260903/logs/cg/ca03_20d_244220_8.err
23837	1788543787.2428058460	1	/home/nc437/ladder-lite/cg_acceleration_20260903/logs/cg/ca03_30r_244185_10.out
0	1788500566.1688714590	1	/home/nc437/ladder-lite/cg_acceleration_20260903/logs/cg/ca03_30r_244185_10.err
16432	1788543781.1446064330	1	/home/nc437/ladder-lite/cg_acceleration_20260903/logs/cg/ca03_20r_244218_10.out
0	1788500566.5088820900	1	/home/nc437/ladder-lite/cg_acceleration_20260903/logs/cg/ca03_20r_244218_10.err
18836	1788543777.3174812830	1	/home/nc437/ladder-lite/cg_acceleration_20260903/logs/cg/ca03_12d_244219_10.out
0	1788500566.5258826220	1	/home/nc437/ladder-lite/cg_acceleration_20260903/logs/cg/ca03_12d_244219_10.err
17016	1788536568.4708714430	1	/home/nc437/ladder-lite/cg_acceleration_20260903/logs/cg/ca03_12r_244187_10.out
0	1788500566.5458832470	1	/home/nc437/ladder-lite/cg_acceleration_20260903/logs/cg/ca03_12r_244187_10.err
19155	1788544086.0352193110	1	/home/nc437/ladder-lite/cg_acceleration_20260903/logs/cg/ca03_20d_244220_10.out
121	1788542196.3016277140	1	/home/nc437/ladder-lite/cg_acceleration_20260903/logs/cg/ca03_20d_244220_10.err
18276	1788543776.1134419120	1	/home/nc437/ladder-lite/cg_acceleration_20260903/logs/cg/ca03_60r_244186_10.out
0	1788500566.9528959740	1	/home/nc437/ladder-lite/cg_acceleration_20260903/logs/cg/ca03_60r_244186_10.err
21901	1788544983.2741298740	1	/home/nc437/ladder-lite/cg_acceleration_20260903/logs/cg/ca03_60r_244186_7.out
0	1788501770.4339007590	1	/home/nc437/ladder-lite/cg_acceleration_20260903/logs/cg/ca03_60r_244186_7.err
23178	1788544989.6043195880	1	/home/nc437/ladder-lite/cg_acceleration_20260903/logs/cg/ca03_30r_244185_7.out
0	1788501771.8509453980	1	/home/nc437/ladder-lite/cg_acceleration_20260903/logs/cg/ca03_30r_244185_7.err
26157	1788544978.9359994830	1	/home/nc437/ladder-lite/cg_acceleration_20260903/logs/cg/ca03_12d_244219_7.out
0	1788501773.2359890290	1	/home/nc437/ladder-lite/cg_acceleration_20260903/logs/cg/ca03_12d_244219_7.err
21593	1788544983.8151460890	1	/home/nc437/ladder-lite/cg_acceleration_20260903/logs/cg/ca03_12r_244187_7.out
20586	1788544975.6759014420	1	/home/nc437/ladder-lite/cg_acceleration_20260903/logs/cg/ca03_20d_244220_7.out
21136	1788544980.7960554220	1	/home/nc437/ladder-lite/cg_acceleration_20260903/logs/cg/ca03_20r_244218_7.out
0	1788501773.2369890600	1	/home/nc437/ladder-lite/cg_acceleration_20260903/logs/cg/ca03_12r_244187_7.err
0	1788501773.2379890920	1	/home/nc437/ladder-lite/cg_acceleration_20260903/logs/cg/ca03_20d_244220_7.err
0	1788501773.2379890920	1	/home/nc437/ladder-lite/cg_acceleration_20260903/logs/cg/ca03_20r_244218_7.err
24238	1788612090.6166192950	1	/home/nc437/ladder-lite/cg_acceleration_20260903/logs/cg/ca04_20r_269594_9.out
24207	1788612095.9437755460	1	/home/nc437/ladder-lite/cg_acceleration_20260903/logs/cg/ca04_12r_269593_9.out
25721	1788612105.5400612000	1	/home/nc437/ladder-lite/cg_acceleration_20260903/logs/cg/ca04_60r_269592_9.out
117	1788573895.4833244920	1	/home/nc437/ladder-lite/cg_acceleration_20260903/logs/cg/ca04_20r_269594_9.err
117	1788573895.4833244920	1	/home/nc437/ladder-lite/cg_acceleration_20260903/logs/cg/ca04_12r_269593_9.err
117	1788573895.4833244920	1	/home/nc437/ladder-lite/cg_acceleration_20260903/logs/cg/ca04_60r_269592_9.err
27201	1788611957.2026602900	1	/home/nc437/ladder-lite/cg_acceleration_20260903/logs/cg/ca04_30r_269591_9.out
0	1788568745.1103602910	1	/home/nc437/ladder-lite/cg_acceleration_20260903/logs/cg/ca04_30r_269591_9.err
25432	1788612090.3266107880	1	/home/nc437/ladder-lite/cg_acceleration_20260903/logs/cg/ca04_12d_269595_9.out
117	1788573895.4833244920	1	/home/nc437/ladder-lite/cg_acceleration_20260903/logs/cg/ca04_12d_269595_9.err
26534	1788612103.4199972950	1	/home/nc437/ladder-lite/cg_acceleration_20260903/logs/cg/ca04_20d_269596_9.out
117	1788573931.3224003980	1	/home/nc437/ladder-lite/cg_acceleration_20260903/logs/cg/ca04_20d_269596_9.err
117	1788476997.5707770750	1	/home/nc437/ladder-lite/cg_acceleration_20260903/cg/b030_reduced/M__k13_s2__event_2p5_event5.json.allocations.tsv
503	1788476998.8208171930	1	/home/nc437/ladder-lite/cg_acceleration_20260903/cg/b030_reduced/M__k13_s2__event_2p5_event5.json.lock
9705378	1788520218.5145265990	1	/home/nc437/ladder-lite/cg_acceleration_20260903/cg/b030_reduced/M__k13_s2__event_2p5_event5.json.phase-telemetry.jsonl
184035	1788544989.3323114360	1	/home/nc437/ladder-lite/cg_acceleration_20260903/cg/b030_reduced/M__k20_s2__event_2p5_event5.json
63637	1788520219.3075515290	1	/home/nc437/ladder-lite/cg_acceleration_20260903/cg/b030_reduced/M__k13_s2__event_2p5_event5.json
276783849	1788520191.5167061990	1	/home/nc437/ladder-lite/cg_acceleration_20260903/cg/b030_reduced/M__k13_s2__event_2p5_event5.json.columns.jsonl
158773	1788520191.5117060490	1	/home/nc437/ladder-lite/cg_acceleration_20260903/cg/b030_reduced/M__k13_s2__event_2p5_event5.json.iters.csv
116	1788477168.0101749230	1	/home/nc437/ladder-lite/cg_acceleration_20260903/cg/b030_reduced/M__k13_s4__event_2p5_event5.json.allocations.tsv
488	1788477169.2422142490	1	/home/nc437/ladder-lite/cg_acceleration_20260903/cg/b030_reduced/M__k13_s4__event_2p5_event5.json.lock
10976355	1788520464.9012990550	1	/home/nc437/ladder-lite/cg_acceleration_20260903/cg/b030_reduced/M__k13_s4__event_2p5_event5.json.phase-telemetry.jsonl
174614	1788543787.0627999600	1	/home/nc437/ladder-lite/cg_acceleration_20260903/cg/b030_reduced/M__k20_s5__event_2p5_event5.json
111015	1788520466.2633426150	1	/home/nc437/ladder-lite/cg_acceleration_20260903/cg/b030_reduced/M__k13_s4__event_2p5_event5.json
442533923	1788520406.3664270430	1	/home/nc437/ladder-lite/cg_acceleration_20260903/cg/b030_reduced/M__k13_s4__event_2p5_event5.json.columns.jsonl
185361	1788520406.3524265950	1	/home/nc437/ladder-lite/cg_acceleration_20260903/cg/b030_reduced/M__k13_s4__event_2p5_event5.json.iters.csv
116	1788480206.4896051870	1	/home/nc437/ladder-lite/cg_acceleration_20260903/cg/b030_reduced/M__k13_s1__event_2p5_event5.json.allocations.tsv
507	1788480208.1316540220	1	/home/nc437/ladder-lite/cg_acceleration_20260903/cg/b030_reduced/M__k13_s1__event_2p5_event5.json.lock
9580545	1788523428.8652792810	1	/home/nc437/ladder-lite/cg_acceleration_20260903/cg/b030_reduced/M__k13_s1__event_2p5_event5.json.phase-telemetry.jsonl
133447	1788543761.1249517800	1	/home/nc437/ladder-lite/cg_acceleration_20260903/cg/b030_reduced/M__k20_s5__event_2p5_event5.json.iters.csv
100181	1788523430.0023108950	1	/home/nc437/ladder-lite/cg_acceleration_20260903/cg/b030_reduced/M__k13_s1__event_2p5_event5.json
375317339	1788523404.8186106780	1	/home/nc437/ladder-lite/cg_acceleration_20260903/cg/b030_reduced/M__k13_s1__event_2p5_event5.json.columns.jsonl
160511	1788523404.8036102610	1	/home/nc437/ladder-lite/cg_acceleration_20260903/cg/b030_reduced/M__k13_s1__event_2p5_event5.json.iters.csv
116	1788482190.2762834210	1	/home/nc437/ladder-lite/cg_acceleration_20260903/cg/b030_reduced/M__k13_s3__event_2p5_event5.json.allocations.tsv
506	1788482191.6583252740	1	/home/nc437/ladder-lite/cg_acceleration_20260903/cg/b030_reduced/M__k13_s3__event_2p5_event5.json.lock
7812817	1788525403.7919005150	1	/home/nc437/ladder-lite/cg_acceleration_20260903/cg/b030_reduced/M__k13_s3__event_2p5_event5.json.phase-telemetry.jsonl
114684	1788544973.0228216560	1	/home/nc437/ladder-lite/cg_acceleration_20260903/cg/b030_reduced/M__k20_s2__event_2p5_event5.json.iters.csv
125535	1788525404.9139350200	1	/home/nc437/ladder-lite/cg_acceleration_20260903/cg/b030_reduced/M__k13_s3__event_2p5_event5.json
293289930	1788525370.4658751830	1	/home/nc437/ladder-lite/cg_acceleration_20260903/cg/b030_reduced/M__k13_s3__event_2p5_event5.json.columns.jsonl
131333	1788525370.4568749060	1	/home/nc437/ladder-lite/cg_acceleration_20260903/cg/b030_reduced/M__k13_s3__event_2p5_event5.json.iters.csv
116	1788485670.9575455350	1	/home/nc437/ladder-lite/cg_acceleration_20260903/cg/b030_reduced/M__k13_s6__event_2p5_event5.json.allocations.tsv
507	1788485672.1135818650	1	/home/nc437/ladder-lite/cg_acceleration_20260903/cg/b030_reduced/M__k13_s6__event_2p5_event5.json.lock
8383335	1788528884.0922630280	1	/home/nc437/ladder-lite/cg_acceleration_20260903/cg/b030_reduced/M__k13_s6__event_2p5_event5.json.phase-telemetry.jsonl
113	1788501772.2089566750	1	/home/nc437/ladder-lite/cg_acceleration_20260903/cg/b030_reduced/M__k20_s2__event_2p5_event5.json.allocations.tsv
146436	1788528885.4283026040	1	/home/nc437/ladder-lite/cg_acceleration_20260903/cg/b030_reduced/M__k13_s6__event_2p5_event5.json
370493184	1788528802.6468547370	1	/home/nc437/ladder-lite/cg_acceleration_20260903/cg/b030_reduced/M__k13_s6__event_2p5_event5.json.columns.jsonl
141744	1788528802.6348543820	1	/home/nc437/ladder-lite/cg_acceleration_20260903/cg/b030_reduced/M__k13_s6__event_2p5_event5.json.iters.csv
116	1788487052.9076870490	1	/home/nc437/ladder-lite/cg_acceleration_20260903/cg/b030_reduced/M__k13_s5__event_2p5_event5.json.allocations.tsv
487	1788487053.9617211780	1	/home/nc437/ladder-lite/cg_acceleration_20260903/cg/b030_reduced/M__k13_s5__event_2p5_event5.json.lock
8058305	1788530327.3658489970	1	/home/nc437/ladder-lite/cg_acceleration_20260903/cg/b030_reduced/M__k13_s5__event_2p5_event5.json.phase-telemetry.jsonl
500	1788501773.7010036770	1	/home/nc437/ladder-lite/cg_acceleration_20260903/cg/b030_reduced/M__k20_s2__event_2p5_event5.json.lock
159071	1788530328.7718914200	1	/home/nc437/ladder-lite/cg_acceleration_20260903/cg/b030_reduced/M__k13_s5__event_2p5_event5.json
344694783	1788530307.6032527190	1	/home/nc437/ladder-lite/cg_acceleration_20260903/cg/b030_reduced/M__k13_s5__event_2p5_event5.json.columns.jsonl
136101	1788530307.5932524170	1	/home/nc437/ladder-lite/cg_acceleration_20260903/cg/b030_reduced/M__k13_s5__event_2p5_event5.json.iters.csv
117	1788494440.5856869560	1	/home/nc437/ladder-lite/cg_acceleration_20260903/cg/b030_reduced/M__k20_s6__event_2p5_event5.json.allocations.tsv
507	1788494442.5407433140	1	/home/nc437/ladder-lite/cg_acceleration_20260903/cg/b030_reduced/M__k20_s6__event_2p5_event5.json.lock
6541292	1788537639.4526174490	1	/home/nc437/ladder-lite/cg_acceleration_20260903/cg/b030_reduced/M__k20_s6__event_2p5_event5.json.phase-telemetry.jsonl
306668979	1788544973.0368220770	1	/home/nc437/ladder-lite/cg_acceleration_20260903/cg/b030_reduced/M__k20_s2__event_2p5_event5.json.columns.jsonl
186020	1788537640.6646488380	1	/home/nc437/ladder-lite/cg_acceleration_20260903/cg/b030_reduced/M__k20_s6__event_2p5_event5.json
295019583	1788537605.1827206670	1	/home/nc437/ladder-lite/cg_acceleration_20260903/cg/b030_reduced/M__k20_s6__event_2p5_event5.json.columns.jsonl
112990	1788537605.1667202300	1	/home/nc437/ladder-lite/cg_acceleration_20260903/cg/b030_reduced/M__k20_s6__event_2p5_event5.json.iters.csv
115	1788495732.4476317000	1	/home/nc437/ladder-lite/cg_acceleration_20260903/cg/b030_reduced/M__k20_s1__event_2p5_event5.json.allocations.tsv
506	1788495751.1312086020	1	/home/nc437/ladder-lite/cg_acceleration_20260903/cg/b030_reduced/M__k20_s1__event_2p5_event5.json.lock
7549598	1788538962.5217631500	1	/home/nc437/ladder-lite/cg_acceleration_20260903/cg/b030_reduced/M__k20_s1__event_2p5_event5.json.phase-telemetry.jsonl
506	1788568747.9304441920	1	/home/nc437/ladder-lite/cg_acceleration_20260903/cg/b030_reduced/M__k20_s4__event_2p5_event5.json.lock
170268	1788538963.9128027270	1	/home/nc437/ladder-lite/cg_acceleration_20260903/cg/b030_reduced/M__k20_s1__event_2p5_event5.json
343075424	1788538945.7712865760	1	/home/nc437/ladder-lite/cg_acceleration_20260903/cg/b030_reduced/M__k20_s1__event_2p5_event5.json.columns.jsonl
129930	1788538945.7562861490	1	/home/nc437/ladder-lite/cg_acceleration_20260903/cg/b030_reduced/M__k20_s1__event_2p5_event5.json.iters.csv
113	1788495899.2618562950	1	/home/nc437/ladder-lite/cg_acceleration_20260903/cg/b030_reduced/M__k20_s3__event_2p5_event5.json.allocations.tsv
501	1788495900.5198963830	1	/home/nc437/ladder-lite/cg_acceleration_20260903/cg/b030_reduced/M__k20_s3__event_2p5_event5.json.lock
7191100	1788539111.5605207910	1	/home/nc437/ladder-lite/cg_acceleration_20260903/cg/b030_reduced/M__k20_s3__event_2p5_event5.json.phase-telemetry.jsonl
166865	1788539113.3045773290	1	/home/nc437/ladder-lite/cg_acceleration_20260903/cg/b030_reduced/M__k20_s3__event_2p5_event5.json
305191581	1788539086.5446993780	1	/home/nc437/ladder-lite/cg_acceleration_20260903/cg/b030_reduced/M__k20_s3__event_2p5_event5.json.columns.jsonl
123716	1788539086.5276988130	1	/home/nc437/ladder-lite/cg_acceleration_20260903/cg/b030_reduced/M__k20_s3__event_2p5_event5.json.iters.csv
117	1788500566.7128884700	1	/home/nc437/ladder-lite/cg_acceleration_20260903/cg/b030_reduced/M__k20_s5__event_2p5_event5.json.allocations.tsv
508	1788500577.3212211700	1	/home/nc437/ladder-lite/cg_acceleration_20260903/cg/b030_reduced/M__k20_s5__event_2p5_event5.json.lock
7768546	1788543785.7727577760	1	/home/nc437/ladder-lite/cg_acceleration_20260903/cg/b030_reduced/M__k20_s5__event_2p5_event5.json.phase-telemetry.jsonl
346594093	1788543761.1369521730	1	/home/nc437/ladder-lite/cg_acceleration_20260903/cg/b030_reduced/M__k20_s5__event_2p5_event5.json.columns.jsonl
6607899	1788544987.6652614750	1	/home/nc437/ladder-lite/cg_acceleration_20260903/cg/b030_reduced/M__k20_s2__event_2p5_event5.json.phase-telemetry.jsonl
115	1788568746.5994045920	1	/home/nc437/ladder-lite/cg_acceleration_20260903/cg/b030_reduced/M__k20_s4__event_2p5_event5.json.allocations.tsv
6233290	1788611955.7206155390	1	/home/nc437/ladder-lite/cg_acceleration_20260903/cg/b030_reduced/M__k20_s4__event_2p5_event5.json.phase-telemetry.jsonl
197379	1788611957.0186547330	1	/home/nc437/ladder-lite/cg_acceleration_20260903/cg/b030_reduced/M__k20_s4__event_2p5_event5.json
299728111	1788611901.2779708770	1	/home/nc437/ladder-lite/cg_acceleration_20260903/cg/b030_reduced/M__k20_s4__event_2p5_event5.json.columns.jsonl
107620	1788611901.2639704520	1	/home/nc437/ladder-lite/cg_acceleration_20260903/cg/b030_reduced/M__k20_s4__event_2p5_event5.json.iters.csv
116	1788476998.6818127320	1	/home/nc437/ladder-lite/cg_acceleration_20260903/cg/b060_reduced/M__k13_s2__event_2p5_event5.json.allocations.tsv
503	1788477008.1481165400	1	/home/nc437/ladder-lite/cg_acceleration_20260903/cg/b060_reduced/M__k13_s2__event_2p5_event5.json.lock
7018651	1788520216.2374550200	1	/home/nc437/ladder-lite/cg_acceleration_20260903/cg/b060_reduced/M__k13_s2__event_2p5_event5.json.phase-telemetry.jsonl
80663	1788543734.8611617740	1	/home/nc437/ladder-lite/cg_acceleration_20260903/cg/b060_reduced/M__k20_s5__event_2p5_event5.json.iters.csv
72309	1788520217.2554870210	1	/home/nc437/ladder-lite/cg_acceleration_20260903/cg/b060_reduced/M__k13_s2__event_2p5_event5.json
419835553	1788520196.2088470490	1	/home/nc437/ladder-lite/cg_acceleration_20260903/cg/b060_reduced/M__k13_s2__event_2p5_event5.json.columns.jsonl
115419	1788520196.2018468390	1	/home/nc437/ladder-lite/cg_acceleration_20260903/cg/b060_reduced/M__k13_s2__event_2p5_event5.json.iters.csv
112	1788477167.8981713480	1	/home/nc437/ladder-lite/cg_acceleration_20260903/cg/b060_reduced/M__k13_s4__event_2p5_event5.json.allocations.tsv
504	1788477168.8672022790	1	/home/nc437/ladder-lite/cg_acceleration_20260903/cg/b060_reduced/M__k13_s4__event_2p5_event5.json.lock
7527098	1788520377.3795272100	1	/home/nc437/ladder-lite/cg_acceleration_20260903/cg/b060_reduced/M__k13_s4__event_2p5_event5.json.phase-telemetry.jsonl
176495	1788543775.8214323620	1	/home/nc437/ladder-lite/cg_acceleration_20260903/cg/b060_reduced/M__k20_s5__event_2p5_event5.json
117137	1788520378.8355724010	1	/home/nc437/ladder-lite/cg_acceleration_20260903/cg/b060_reduced/M__k13_s4__event_2p5_event5.json
605789483	1788520350.6016961100	1	/home/nc437/ladder-lite/cg_acceleration_20260903/cg/b060_reduced/M__k13_s4__event_2p5_event5.json.columns.jsonl
127575	1788520350.5776953650	1	/home/nc437/ladder-lite/cg_acceleration_20260903/cg/b060_reduced/M__k13_s4__event_2p5_event5.json.iters.csv
116	1788480206.9526189570	1	/home/nc437/ladder-lite/cg_acceleration_20260903/cg/b060_reduced/M__k13_s1__event_2p5_event5.json.allocations.tsv
506	1788480208.5816674060	1	/home/nc437/ladder-lite/cg_acceleration_20260903/cg/b060_reduced/M__k13_s1__event_2p5_event5.json.lock
7132162	1788523420.8070552270	1	/home/nc437/ladder-lite/cg_acceleration_20260903/cg/b060_reduced/M__k13_s1__event_2p5_event5.json.phase-telemetry.jsonl
95522	1788544940.6148470440	1	/home/nc437/ladder-lite/cg_acceleration_20260903/cg/b060_reduced/M__k20_s2__event_2p5_event5.json.iters.csv
94505	1788523422.3100970180	1	/home/nc437/ladder-lite/cg_acceleration_20260903/cg/b060_reduced/M__k13_s1__event_2p5_event5.json
574410651	1788523381.1469525060	1	/home/nc437/ladder-lite/cg_acceleration_20260903/cg/b060_reduced/M__k13_s1__event_2p5_event5.json.columns.jsonl
120386	1788523381.1209517830	1	/home/nc437/ladder-lite/cg_acceleration_20260903/cg/b060_reduced/M__k13_s1__event_2p5_event5.json.iters.csv
116	1788482190.3392853290	1	/home/nc437/ladder-lite/cg_acceleration_20260903/cg/b060_reduced/M__k13_s3__event_2p5_event5.json.allocations.tsv
507	1788482193.3293758790	1	/home/nc437/ladder-lite/cg_acceleration_20260903/cg/b060_reduced/M__k13_s3__event_2p5_event5.json.lock
5585219	1788525401.8778416540	1	/home/nc437/ladder-lite/cg_acceleration_20260903/cg/b060_reduced/M__k13_s3__event_2p5_event5.json.phase-telemetry.jsonl
436229796	1788543734.8821623800	1	/home/nc437/ladder-lite/cg_acceleration_20260903/cg/b060_reduced/M__k20_s5__event_2p5_event5.json.columns.jsonl
122596	1788525403.6668966720	1	/home/nc437/ladder-lite/cg_acceleration_20260903/cg/b060_reduced/M__k13_s3__event_2p5_event5.json
436986476	1788525359.2975314200	1	/home/nc437/ladder-lite/cg_acceleration_20260903/cg/b060_reduced/M__k13_s3__event_2p5_event5.json.columns.jsonl
94601	1788525359.2805308960	1	/home/nc437/ladder-lite/cg_acceleration_20260903/cg/b060_reduced/M__k13_s3__event_2p5_event5.json.iters.csv
112	1788485671.0815494320	1	/home/nc437/ladder-lite/cg_acceleration_20260903/cg/b060_reduced/M__k13_s6__event_2p5_event5.json.allocations.tsv
504	1788485672.0665803880	1	/home/nc437/ladder-lite/cg_acceleration_20260903/cg/b060_reduced/M__k13_s6__event_2p5_event5.json.lock
6354140	1788528877.2290597990	1	/home/nc437/ladder-lite/cg_acceleration_20260903/cg/b060_reduced/M__k13_s6__event_2p5_event5.json.phase-telemetry.jsonl
113	1788501770.7719114070	1	/home/nc437/ladder-lite/cg_acceleration_20260903/cg/b060_reduced/M__k20_s2__event_2p5_event5.json.allocations.tsv
155972	1788528878.5981002710	1	/home/nc437/ladder-lite/cg_acceleration_20260903/cg/b060_reduced/M__k13_s6__event_2p5_event5.json
573517843	1788528860.2485579580	1	/home/nc437/ladder-lite/cg_acceleration_20260903/cg/b060_reduced/M__k13_s6__event_2p5_event5.json.columns.jsonl
108011	1788528860.2275573370	1	/home/nc437/ladder-lite/cg_acceleration_20260903/cg/b060_reduced/M__k13_s6__event_2p5_event5.json.iters.csv
113	1788487053.5257070600	1	/home/nc437/ladder-lite/cg_acceleration_20260903/cg/b060_reduced/M__k13_s5__event_2p5_event5.json.allocations.tsv
501	1788487054.7447465320	1	/home/nc437/ladder-lite/cg_acceleration_20260903/cg/b060_reduced/M__k13_s5__event_2p5_event5.json.lock
4805609	1788530271.7651742750	1	/home/nc437/ladder-lite/cg_acceleration_20260903/cg/b060_reduced/M__k13_s5__event_2p5_event5.json.phase-telemetry.jsonl
501	1788501777.6741288360	1	/home/nc437/ladder-lite/cg_acceleration_20260903/cg/b060_reduced/M__k20_s2__event_2p5_event5.json.lock
177027	1788530274.0252422410	1	/home/nc437/ladder-lite/cg_acceleration_20260903/cg/b060_reduced/M__k13_s5__event_2p5_event5.json
428578567	1788530202.6400978790	1	/home/nc437/ladder-lite/cg_acceleration_20260903/cg/b060_reduced/M__k13_s5__event_2p5_event5.json.columns.jsonl
81771	1788530202.6050968280	1	/home/nc437/ladder-lite/cg_acceleration_20260903/cg/b060_reduced/M__k13_s5__event_2p5_event5.json.iters.csv
117	1788494443.5907735820	1	/home/nc437/ladder-lite/cg_acceleration_20260903/cg/b060_reduced/M__k20_s6__event_2p5_event5.json.allocations.tsv
507	1788494445.2828223580	1	/home/nc437/ladder-lite/cg_acceleration_20260903/cg/b060_reduced/M__k20_s6__event_2p5_event5.json.lock
4656075	1788537650.3308991690	1	/home/nc437/ladder-lite/cg_acceleration_20260903/cg/b060_reduced/M__k20_s6__event_2p5_event5.json.phase-telemetry.jsonl
487	1788574059.3843516380	1	/home/nc437/ladder-lite/cg_acceleration_20260903/cg/b060_reduced/M__k20_s4__event_2p5_event5.json.lock
174398	1788537651.9419408930	1	/home/nc437/ladder-lite/cg_acceleration_20260903/cg/b060_reduced/M__k20_s6__event_2p5_event5.json
427809172	1788537645.2217668560	1	/home/nc437/ladder-lite/cg_acceleration_20260903/cg/b060_reduced/M__k20_s6__event_2p5_event5.json.columns.jsonl
80533	1788537645.1987662610	1	/home/nc437/ladder-lite/cg_acceleration_20260903/cg/b060_reduced/M__k20_s6__event_2p5_event5.json.iters.csv
116	1788495731.6626074600	1	/home/nc437/ladder-lite/cg_acceleration_20260903/cg/b060_reduced/M__k20_s1__event_2p5_event5.json.allocations.tsv
507	1788495732.8736448540	1	/home/nc437/ladder-lite/cg_acceleration_20260903/cg/b060_reduced/M__k20_s1__event_2p5_event5.json.lock
4881496	1788538951.1874406730	1	/home/nc437/ladder-lite/cg_acceleration_20260903/cg/b060_reduced/M__k20_s1__event_2p5_event5.json.phase-telemetry.jsonl
175521	1788544983.0641235810	1	/home/nc437/ladder-lite/cg_acceleration_20260903/cg/b060_reduced/M__k20_s2__event_2p5_event5.json
159200	1788538953.0404933950	1	/home/nc437/ladder-lite/cg_acceleration_20260903/cg/b060_reduced/M__k20_s1__event_2p5_event5.json
445526327	1788538951.1864406440	1	/home/nc437/ladder-lite/cg_acceleration_20260903/cg/b060_reduced/M__k20_s1__event_2p5_event5.json.columns.jsonl
84464	1788538951.1604399050	1	/home/nc437/ladder-lite/cg_acceleration_20260903/cg/b060_reduced/M__k20_s1__event_2p5_event5.json.iters.csv
115	1788495899.0858506860	1	/home/nc437/ladder-lite/cg_acceleration_20260903/cg/b060_reduced/M__k20_s3__event_2p5_event5.json.allocations.tsv
507	1788495902.1019467960	1	/home/nc437/ladder-lite/cg_acceleration_20260903/cg/b060_reduced/M__k20_s3__event_2p5_event5.json.lock
6500487	1788539107.0843756850	1	/home/nc437/ladder-lite/cg_acceleration_20260903/cg/b060_reduced/M__k20_s3__event_2p5_event5.json.phase-telemetry.jsonl
510808442	1788544940.6338476160	1	/home/nc437/ladder-lite/cg_acceleration_20260903/cg/b060_reduced/M__k20_s2__event_2p5_event5.json.columns.jsonl
162286	1788539108.5474231140	1	/home/nc437/ladder-lite/cg_acceleration_20260903/cg/b060_reduced/M__k20_s3__event_2p5_event5.json
547471402	1788539080.2494899950	1	/home/nc437/ladder-lite/cg_acceleration_20260903/cg/b060_reduced/M__k20_s3__event_2p5_event5.json.columns.jsonl
111452	1788539080.2364895630	1	/home/nc437/ladder-lite/cg_acceleration_20260903/cg/b060_reduced/M__k20_s3__event_2p5_event5.json.iters.csv
114	1788500567.3069070440	1	/home/nc437/ladder-lite/cg_acceleration_20260903/cg/b060_reduced/M__k20_s5__event_2p5_event5.json.allocations.tsv
502	1788500568.7379517920	1	/home/nc437/ladder-lite/cg_acceleration_20260903/cg/b060_reduced/M__k20_s5__event_2p5_event5.json.lock
4672874	1788543773.4853559720	1	/home/nc437/ladder-lite/cg_acceleration_20260903/cg/b060_reduced/M__k20_s5__event_2p5_event5.json.phase-telemetry.jsonl
5505604	1788544981.5320775560	1	/home/nc437/ladder-lite/cg_acceleration_20260903/cg/b060_reduced/M__k20_s2__event_2p5_event5.json.phase-telemetry.jsonl
173	1788574058.0543103420	1	/home/nc437/ladder-lite/cg_acceleration_20260903/cg/b060_reduced/M__k20_s4__event_2p5_event5.json.allocations.tsv
4844172	1788612103.4099969940	1	/home/nc437/ladder-lite/cg_acceleration_20260903/cg/b060_reduced/M__k20_s4__event_2p5_event5.json.phase-telemetry.jsonl
200325	1788612105.2950538150	1	/home/nc437/ladder-lite/cg_acceleration_20260903/cg/b060_reduced/M__k20_s4__event_2p5_event5.json
471304549	1788612103.4089969640	1	/home/nc437/ladder-lite/cg_acceleration_20260903/cg/b060_reduced/M__k20_s4__event_2p5_event5.json.columns.jsonl
83564	1788612103.3909964210	1	/home/nc437/ladder-lite/cg_acceleration_20260903/cg/b060_reduced/M__k20_s4__event_2p5_event5.json.iters.csv
112	1788477000.4358690260	1	/home/nc437/ladder-lite/cg_acceleration_20260903/cg/b120_reduced/M__k13_s2__event_2p5_event5.json.allocations.tsv
504	1788477003.5519690330	1	/home/nc437/ladder-lite/cg_acceleration_20260903/cg/b120_reduced/M__k13_s2__event_2p5_event5.json.lock
5047287	1788520207.2191775590	1	/home/nc437/ladder-lite/cg_acceleration_20260903/cg/b120_reduced/M__k13_s2__event_2p5_event5.json.phase-telemetry.jsonl
63726	1788536215.9151697020	1	/home/nc437/ladder-lite/cg_acceleration_20260903/cg/b120_reduced/M__k20_s5__event_2p5_event5.json.iters.csv
78810	1788520208.8212256500	1	/home/nc437/ladder-lite/cg_acceleration_20260903/cg/b120_reduced/M__k13_s2__event_2p5_event5.json
663613314	1788520172.3980529330	1	/home/nc437/ladder-lite/cg_acceleration_20260903/cg/b120_reduced/M__k13_s2__event_2p5_event5.json.columns.jsonl
83747	1788520172.3790522580	1	/home/nc437/ladder-lite/cg_acceleration_20260903/cg/b120_reduced/M__k13_s2__event_2p5_event5.json.iters.csv
118	1788477168.2481825200	1	/home/nc437/ladder-lite/cg_acceleration_20260903/cg/b120_reduced/M__k13_s4__event_2p5_event5.json.allocations.tsv
506	1788477185.5977363110	1	/home/nc437/ladder-lite/cg_acceleration_20260903/cg/b120_reduced/M__k13_s4__event_2p5_event5.json.lock
5197001	1788503053.0557528010	1	/home/nc437/ladder-lite/cg_acceleration_20260903/cg/b120_reduced/M__k13_s4__event_2p5_event5.json.phase-telemetry.jsonl
174477	1788536568.1898633760	1	/home/nc437/ladder-lite/cg_acceleration_20260903/cg/b120_reduced/M__k20_s5__event_2p5_event5.json
122462	1788503054.3027897540	1	/home/nc437/ladder-lite/cg_acceleration_20260903/cg/b120_reduced/M__k13_s4__event_2p5_event5.json
825519618	1788502872.8576698870	1	/home/nc437/ladder-lite/cg_acceleration_20260903/cg/b120_reduced/M__k13_s4__event_2p5_event5.json.columns.jsonl
87943	1788502872.8346691830	1	/home/nc437/ladder-lite/cg_acceleration_20260903/cg/b120_reduced/M__k13_s4__event_2p5_event5.json.iters.csv
116	1788480206.3085998040	1	/home/nc437/ladder-lite/cg_acceleration_20260903/cg/b120_reduced/M__k13_s1__event_2p5_event5.json.allocations.tsv
506	1788480220.5260226370	1	/home/nc437/ladder-lite/cg_acceleration_20260903/cg/b120_reduced/M__k13_s1__event_2p5_event5.json.lock
5011038	1788523427.4652403530	1	/home/nc437/ladder-lite/cg_acceleration_20260903/cg/b120_reduced/M__k13_s1__event_2p5_event5.json.phase-telemetry.jsonl
688950103	1788536215.9531708060	1	/home/nc437/ladder-lite/cg_acceleration_20260903/cg/b120_reduced/M__k20_s5__event_2p5_event5.json.columns.jsonl
108975	1788523429.5702988830	1	/home/nc437/ladder-lite/cg_acceleration_20260903/cg/b120_reduced/M__k13_s1__event_2p5_event5.json
799632648	1788523358.5473333130	1	/home/nc437/ladder-lite/cg_acceleration_20260903/cg/b120_reduced/M__k13_s1__event_2p5_event5.json.columns.jsonl
84699	1788523358.5003320280	1	/home/nc437/ladder-lite/cg_acceleration_20260903/cg/b120_reduced/M__k13_s1__event_2p5_event5.json.iters.csv
116	1788482190.4602889930	1	/home/nc437/ladder-lite/cg_acceleration_20260903/cg/b120_reduced/M__k13_s3__event_2p5_event5.json.allocations.tsv
506	1788482191.6323244870	1	/home/nc437/ladder-lite/cg_acceleration_20260903/cg/b120_reduced/M__k13_s3__event_2p5_event5.json.lock
4699124	1788525395.8206553880	1	/home/nc437/ladder-lite/cg_acceleration_20260903/cg/b120_reduced/M__k13_s3__event_2p5_event5.json.phase-telemetry.jsonl
503	1788501779.7441940470	1	/home/nc437/ladder-lite/cg_acceleration_20260903/cg/b120_reduced/M__k20_s2__event_2p5_event5.json.lock
124586	1788525397.8107165830	1	/home/nc437/ladder-lite/cg_acceleration_20260903/cg/b120_reduced/M__k13_s3__event_2p5_event5.json
745141112	1788525365.0617088420	1	/home/nc437/ladder-lite/cg_acceleration_20260903/cg/b120_reduced/M__k13_s3__event_2p5_event5.json.columns.jsonl
79800	1788525365.0267077650	1	/home/nc437/ladder-lite/cg_acceleration_20260903/cg/b120_reduced/M__k13_s3__event_2p5_event5.json.iters.csv
112	1788485671.0835494950	1	/home/nc437/ladder-lite/cg_acceleration_20260903/cg/b120_reduced/M__k13_s6__event_2p5_event5.json.allocations.tsv
504	1788485672.0665803880	1	/home/nc437/ladder-lite/cg_acceleration_20260903/cg/b120_reduced/M__k13_s6__event_2p5_event5.json.lock
4365090	1788528874.0069645720	1	/home/nc437/ladder-lite/cg_acceleration_20260903/cg/b120_reduced/M__k13_s6__event_2p5_event5.json.phase-telemetry.jsonl
112	1788501773.8170073310	1	/home/nc437/ladder-lite/cg_acceleration_20260903/cg/b120_reduced/M__k20_s2__event_2p5_event5.json.allocations.tsv
157180	1788528875.9070207280	1	/home/nc437/ladder-lite/cg_acceleration_20260903/cg/b120_reduced/M__k13_s6__event_2p5_event5.json
773575596	1788528814.3502014860	1	/home/nc437/ladder-lite/cg_acceleration_20260903/cg/b120_reduced/M__k13_s6__event_2p5_event5.json.columns.jsonl
74228	1788528814.3062001860	1	/home/nc437/ladder-lite/cg_acceleration_20260903/cg/b120_reduced/M__k13_s6__event_2p5_event5.json.iters.csv
113	1788487053.5237069950	1	/home/nc437/ladder-lite/cg_acceleration_20260903/cg/b120_reduced/M__k13_s5__event_2p5_event5.json.allocations.tsv
502	1788487054.7447465320	1	/home/nc437/ladder-lite/cg_acceleration_20260903/cg/b120_reduced/M__k13_s5__event_2p5_event5.json.lock
3520828	1788530267.1630358790	1	/home/nc437/ladder-lite/cg_acceleration_20260903/cg/b120_reduced/M__k13_s5__event_2p5_event5.json.phase-telemetry.jsonl
66349	1788544949.7751225230	1	/home/nc437/ladder-lite/cg_acceleration_20260903/cg/b120_reduced/M__k20_s2__event_2p5_event5.json.iters.csv
176703	1788530269.6711113010	1	/home/nc437/ladder-lite/cg_acceleration_20260903/cg/b120_reduced/M__k13_s5__event_2p5_event5.json
622397396	1788530240.7102403850	1	/home/nc437/ladder-lite/cg_acceleration_20260903/cg/b120_reduced/M__k13_s5__event_2p5_event5.json.columns.jsonl
59967	1788530240.6472384910	1	/home/nc437/ladder-lite/cg_acceleration_20260903/cg/b120_reduced/M__k13_s5__event_2p5_event5.json.iters.csv
115	1788494440.7126906170	1	/home/nc437/ladder-lite/cg_acceleration_20260903/cg/b120_reduced/M__k20_s6__event_2p5_event5.json.allocations.tsv
502	1788494442.7577495690	1	/home/nc437/ladder-lite/cg_acceleration_20260903/cg/b120_reduced/M__k20_s6__event_2p5_event5.json.lock
3940688	1788537648.2698457950	1	/home/nc437/ladder-lite/cg_acceleration_20260903/cg/b120_reduced/M__k20_s6__event_2p5_event5.json.phase-telemetry.jsonl
169336	1788544983.5901393450	1	/home/nc437/ladder-lite/cg_acceleration_20260903/cg/b120_reduced/M__k20_s2__event_2p5_event5.json
170765	1788537650.2468969950	1	/home/nc437/ladder-lite/cg_acceleration_20260903/cg/b120_reduced/M__k20_s6__event_2p5_event5.json
713119080	1788537576.4089360350	1	/home/nc437/ladder-lite/cg_acceleration_20260903/cg/b120_reduced/M__k20_s6__event_2p5_event5.json.columns.jsonl
68110	1788537576.3699349720	1	/home/nc437/ladder-lite/cg_acceleration_20260903/cg/b120_reduced/M__k20_s6__event_2p5_event5.json.iters.csv
113	1788495732.7896422600	1	/home/nc437/ladder-lite/cg_acceleration_20260903/cg/b120_reduced/M__k20_s1__event_2p5_event5.json.allocations.tsv
500	1788495734.3606907700	1	/home/nc437/ladder-lite/cg_acceleration_20260903/cg/b120_reduced/M__k20_s1__event_2p5_event5.json.lock
3230806	1788538949.6123958610	1	/home/nc437/ladder-lite/cg_acceleration_20260903/cg/b120_reduced/M__k20_s1__event_2p5_event5.json.phase-telemetry.jsonl
502	1788574059.2693480670	1	/home/nc437/ladder-lite/cg_acceleration_20260903/cg/b120_reduced/M__k20_s4__event_2p5_event5.json.lock
151805	1788538952.2254702060	1	/home/nc437/ladder-lite/cg_acceleration_20260903/cg/b120_reduced/M__k20_s1__event_2p5_event5.json
607602100	1788538949.6103958040	1	/home/nc437/ladder-lite/cg_acceleration_20260903/cg/b120_reduced/M__k20_s1__event_2p5_event5.json.columns.jsonl
55852	1788538949.5493940680	1	/home/nc437/ladder-lite/cg_acceleration_20260903/cg/b120_reduced/M__k20_s1__event_2p5_event5.json.iters.csv
115	1788495899.0858506860	1	/home/nc437/ladder-lite/cg_acceleration_20260903/cg/b120_reduced/M__k20_s3__event_2p5_event5.json.allocations.tsv
507	1788495902.1019467960	1	/home/nc437/ladder-lite/cg_acceleration_20260903/cg/b120_reduced/M__k20_s3__event_2p5_event5.json.lock
4422232	1788539103.2732521380	1	/home/nc437/ladder-lite/cg_acceleration_20260903/cg/b120_reduced/M__k20_s3__event_2p5_event5.json.phase-telemetry.jsonl
729439714	1788544949.8211239060	1	/home/nc437/ladder-lite/cg_acceleration_20260903/cg/b120_reduced/M__k20_s2__event_2p5_event5.json.columns.jsonl
165579	1788539105.3353189850	1	/home/nc437/ladder-lite/cg_acceleration_20260903/cg/b120_reduced/M__k20_s3__event_2p5_event5.json
745390046	1788539084.1576199820	1	/home/nc437/ladder-lite/cg_acceleration_20260903/cg/b120_reduced/M__k20_s3__event_2p5_event5.json.columns.jsonl
76227	1788539084.1286190180	1	/home/nc437/ladder-lite/cg_acceleration_20260903/cg/b120_reduced/M__k20_s3__event_2p5_event5.json.iters.csv
117	1788500566.9188949110	1	/home/nc437/ladder-lite/cg_acceleration_20260903/cg/b120_reduced/M__k20_s5__event_2p5_event5.json.allocations.tsv
505	1788500577.9742416650	1	/home/nc437/ladder-lite/cg_acceleration_20260903/cg/b120_reduced/M__k20_s5__event_2p5_event5.json.lock
3697928	1788536566.1778056120	1	/home/nc437/ladder-lite/cg_acceleration_20260903/cg/b120_reduced/M__k20_s5__event_2p5_event5.json.phase-telemetry.jsonl
3830329	1788544981.7730848040	1	/home/nc437/ladder-lite/cg_acceleration_20260903/cg/b120_reduced/M__k20_s2__event_2p5_event5.json.phase-telemetry.jsonl
173	1788574058.2553165830	1	/home/nc437/ladder-lite/cg_acceleration_20260903/cg/b120_reduced/M__k20_s4__event_2p5_event5.json.allocations.tsv
3767521	1788612093.7587114560	1	/home/nc437/ladder-lite/cg_acceleration_20260903/cg/b120_reduced/M__k20_s4__event_2p5_event5.json.phase-telemetry.jsonl
199537	1788612095.7597701490	1	/home/nc437/ladder-lite/cg_acceleration_20260903/cg/b120_reduced/M__k20_s4__event_2p5_event5.json
751693091	1788612015.2053966880	1	/home/nc437/ladder-lite/cg_acceleration_20260903/cg/b120_reduced/M__k20_s4__event_2p5_event5.json.columns.jsonl
64977	1788612015.1683955830	1	/home/nc437/ladder-lite/cg_acceleration_20260903/cg/b120_reduced/M__k20_s4__event_2p5_event5.json.iters.csv
112	1788477000.4818705020	1	/home/nc437/ladder-lite/cg_acceleration_20260903/cg/b200_reduced/M__k13_s2__event_2p5_event5.json.allocations.tsv
504	1788477003.5499689690	1	/home/nc437/ladder-lite/cg_acceleration_20260903/cg/b200_reduced/M__k13_s2__event_2p5_event5.json.lock
3701557	1788520204.8051050930	1	/home/nc437/ladder-lite/cg_acceleration_20260903/cg/b200_reduced/M__k13_s2__event_2p5_event5.json.phase-telemetry.jsonl
174431	1788543780.9165989780	1	/home/nc437/ladder-lite/cg_acceleration_20260903/cg/b200_reduced/M__k20_s5__event_2p5_event5.json
83030	1788520206.6951618280	1	/home/nc437/ladder-lite/cg_acceleration_20260903/cg/b200_reduced/M__k13_s2__event_2p5_event5.json
802712707	1788520178.9852868510	1	/home/nc437/ladder-lite/cg_acceleration_20260903/cg/b200_reduced/M__k13_s2__event_2p5_event5.json.columns.jsonl
61398	1788520178.9512856440	1	/home/nc437/ladder-lite/cg_acceleration_20260903/cg/b200_reduced/M__k13_s2__event_2p5_event5.json.iters.csv
112	1788477168.2471824880	1	/home/nc437/ladder-lite/cg_acceleration_20260903/cg/b200_reduced/M__k13_s4__event_2p5_event5.json.allocations.tsv
500	1788477169.3462175690	1	/home/nc437/ladder-lite/cg_acceleration_20260903/cg/b200_reduced/M__k13_s4__event_2p5_event5.json.lock
4253983	1788520371.5713469420	1	/home/nc437/ladder-lite/cg_acceleration_20260903/cg/b200_reduced/M__k13_s4__event_2p5_event5.json.phase-telemetry.jsonl
48875	1788544875.3268369540	1	/home/nc437/ladder-lite/cg_acceleration_20260903/cg/b200_reduced/M__k20_s2__event_2p5_event5.json.iters.csv
122467	1788520373.4434050450	1	/home/nc437/ladder-lite/cg_acceleration_20260903/cg/b200_reduced/M__k13_s4__event_2p5_event5.json
1086467563	1788520343.7924847740	1	/home/nc437/ladder-lite/cg_acceleration_20260903/cg/b200_reduced/M__k13_s4__event_2p5_event5.json.columns.jsonl
72371	1788520343.7434832530	1	/home/nc437/ladder-lite/cg_acceleration_20260903/cg/b200_reduced/M__k13_s4__event_2p5_event5.json.iters.csv
116	1788480206.3085998040	1	/home/nc437/ladder-lite/cg_acceleration_20260903/cg/b200_reduced/M__k13_s1__event_2p5_event5.json.allocations.tsv
507	1788480220.5270226670	1	/home/nc437/ladder-lite/cg_acceleration_20260903/cg/b200_reduced/M__k13_s1__event_2p5_event5.json.lock
3635360	1788523425.0251725090	1	/home/nc437/ladder-lite/cg_acceleration_20260903/cg/b200_reduced/M__k13_s1__event_2p5_event5.json.phase-telemetry.jsonl
54311	1788543771.4222885080	1	/home/nc437/ladder-lite/cg_acceleration_20260903/cg/b200_reduced/M__k20_s5__event_2p5_event5.json.iters.csv
108020	1788523427.6192446350	1	/home/nc437/ladder-lite/cg_acceleration_20260903/cg/b200_reduced/M__k13_s1__event_2p5_event5.json
954315654	1788523348.2560516800	1	/home/nc437/ladder-lite/cg_acceleration_20260903/cg/b200_reduced/M__k13_s1__event_2p5_event5.json.columns.jsonl
61527	1788523348.1650491900	1	/home/nc437/ladder-lite/cg_acceleration_20260903/cg/b200_reduced/M__k13_s1__event_2p5_event5.json.iters.csv
113	1788482190.1602799080	1	/home/nc437/ladder-lite/cg_acceleration_20260903/cg/b200_reduced/M__k13_s3__event_2p5_event5.json.allocations.tsv
500	1788482191.2683134630	1	/home/nc437/ladder-lite/cg_acceleration_20260903/cg/b200_reduced/M__k13_s3__event_2p5_event5.json.lock
3797541	1788525394.1016025250	1	/home/nc437/ladder-lite/cg_acceleration_20260903/cg/b200_reduced/M__k13_s3__event_2p5_event5.json.phase-telemetry.jsonl
501	1788574059.2133463290	1	/home/nc437/ladder-lite/cg_acceleration_20260903/cg/b200_reduced/M__k20_s4__event_2p5_event5.json.lock
133142	1788525396.3026702110	1	/home/nc437/ladder-lite/cg_acceleration_20260903/cg/b200_reduced/M__k13_s3__event_2p5_event5.json
982919573	1788525371.1808971910	1	/home/nc437/ladder-lite/cg_acceleration_20260903/cg/b200_reduced/M__k13_s3__event_2p5_event5.json.columns.jsonl
64563	1788525371.1428960210	1	/home/nc437/ladder-lite/cg_acceleration_20260903/cg/b200_reduced/M__k13_s3__event_2p5_event5.json.iters.csv
119	1788485674.4636557190	1	/home/nc437/ladder-lite/cg_acceleration_20260903/cg/b200_reduced/M__k13_s6__event_2p5_event5.json.allocations.tsv
507	1788485690.2791527410	1	/home/nc437/ladder-lite/cg_acceleration_20260903/cg/b200_reduced/M__k13_s6__event_2p5_event5.json.lock
4243081	1788528892.2705052940	1	/home/nc437/ladder-lite/cg_acceleration_20260903/cg/b200_reduced/M__k13_s6__event_2p5_event5.json.phase-telemetry.jsonl
984545667	1788543771.4752902410	1	/home/nc437/ladder-lite/cg_acceleration_20260903/cg/b200_reduced/M__k20_s5__event_2p5_event5.json.columns.jsonl
154630	1788528894.0735587050	1	/home/nc437/ladder-lite/cg_acceleration_20260903/cg/b200_reduced/M__k13_s6__event_2p5_event5.json
1238960708	1788528824.9055134370	1	/home/nc437/ladder-lite/cg_acceleration_20260903/cg/b200_reduced/M__k13_s6__event_2p5_event5.json.columns.jsonl
72281	1788528824.8625121660	1	/home/nc437/ladder-lite/cg_acceleration_20260903/cg/b200_reduced/M__k13_s6__event_2p5_event5.json.iters.csv
112	1788487053.8717182640	1	/home/nc437/ladder-lite/cg_acceleration_20260903/cg/b200_reduced/M__k13_s5__event_2p5_event5.json.allocations.tsv
504	1788487054.8337494140	1	/home/nc437/ladder-lite/cg_acceleration_20260903/cg/b200_reduced/M__k13_s5__event_2p5_event5.json.lock
3168617	1788530256.1907059170	1	/home/nc437/ladder-lite/cg_acceleration_20260903/cg/b200_reduced/M__k13_s5__event_2p5_event5.json.phase-telemetry.jsonl
504	1788501779.7451940780	1	/home/nc437/ladder-lite/cg_acceleration_20260903/cg/b200_reduced/M__k20_s2__event_2p5_event5.json.lock
171331	1788530258.2217669960	1	/home/nc437/ladder-lite/cg_acceleration_20260903/cg/b200_reduced/M__k13_s5__event_2p5_event5.json
932187151	1788530194.5978565920	1	/home/nc437/ladder-lite/cg_acceleration_20260903/cg/b200_reduced/M__k13_s5__event_2p5_event5.json.columns.jsonl
54135	1788530194.5368547630	1	/home/nc437/ladder-lite/cg_acceleration_20260903/cg/b200_reduced/M__k13_s5__event_2p5_event5.json.iters.csv
115	1788494440.7146906750	1	/home/nc437/ladder-lite/cg_acceleration_20260903/cg/b200_reduced/M__k20_s6__event_2p5_event5.json.allocations.tsv
501	1788494442.7767501170	1	/home/nc437/ladder-lite/cg_acceleration_20260903/cg/b200_reduced/M__k20_s6__event_2p5_event5.json.lock
2946072	1788537645.9507857360	1	/home/nc437/ladder-lite/cg_acceleration_20260903/cg/b200_reduced/M__k20_s6__event_2p5_event5.json.phase-telemetry.jsonl
112	1788501773.8170073310	1	/home/nc437/ladder-lite/cg_acceleration_20260903/cg/b200_reduced/M__k20_s2__event_2p5_event5.json.allocations.tsv
169595	1788537648.0008388280	1	/home/nc437/ladder-lite/cg_acceleration_20260903/cg/b200_reduced/M__k20_s6__event_2p5_event5.json
928773933	1788537591.4333457370	1	/home/nc437/ladder-lite/cg_acceleration_20260903/cg/b200_reduced/M__k20_s6__event_2p5_event5.json.columns.jsonl
51088	1788537591.3703440190	1	/home/nc437/ladder-lite/cg_acceleration_20260903/cg/b200_reduced/M__k20_s6__event_2p5_event5.json.iters.csv
107	1788495733.4116614670	1	/home/nc437/ladder-lite/cg_acceleration_20260903/cg/b200_reduced/M__k20_s1__event_2p5_event5.json.allocations.tsv
494	1788495751.1312086020	1	/home/nc437/ladder-lite/cg_acceleration_20260903/cg/b200_reduced/M__k20_s1__event_2p5_event5.json.lock
2845501	1788538952.5884805340	1	/home/nc437/ladder-lite/cg_acceleration_20260903/cg/b200_reduced/M__k20_s1__event_2p5_event5.json.phase-telemetry.jsonl
917533771	1788544875.3818386690	1	/home/nc437/ladder-lite/cg_acceleration_20260903/cg/b200_reduced/M__k20_s2__event_2p5_event5.json.columns.jsonl
153242	1788538955.5815656920	1	/home/nc437/ladder-lite/cg_acceleration_20260903/cg/b200_reduced/M__k20_s1__event_2p5_event5.json
897893606	1788538882.4294728190	1	/home/nc437/ladder-lite/cg_acceleration_20260903/cg/b200_reduced/M__k20_s1__event_2p5_event5.json.columns.jsonl
49247	1788538882.3444703550	1	/home/nc437/ladder-lite/cg_acceleration_20260903/cg/b200_reduced/M__k20_s1__event_2p5_event5.json.iters.csv
115	1788495899.0858506860	1	/home/nc437/ladder-lite/cg_acceleration_20260903/cg/b200_reduced/M__k20_s3__event_2p5_event5.json.allocations.tsv
507	1788495902.1029468280	1	/home/nc437/ladder-lite/cg_acceleration_20260903/cg/b200_reduced/M__k20_s3__event_2p5_event5.json.lock
3362917	1788539102.0012109020	1	/home/nc437/ladder-lite/cg_acceleration_20260903/cg/b200_reduced/M__k20_s3__event_2p5_event5.json.phase-telemetry.jsonl
170582	1788544981.5200771950	1	/home/nc437/ladder-lite/cg_acceleration_20260903/cg/b200_reduced/M__k20_s2__event_2p5_event5.json
160922	1788539104.4772911700	1	/home/nc437/ladder-lite/cg_acceleration_20260903/cg/b200_reduced/M__k20_s3__event_2p5_event5.json
953527516	1788539028.6807875790	1	/home/nc437/ladder-lite/cg_acceleration_20260903/cg/b200_reduced/M__k20_s3__event_2p5_event5.json.columns.jsonl
58117	1788539028.6317860670	1	/home/nc437/ladder-lite/cg_acceleration_20260903/cg/b200_reduced/M__k20_s3__event_2p5_event5.json.iters.csv
117	1788500566.9158948170	1	/home/nc437/ladder-lite/cg_acceleration_20260903/cg/b200_reduced/M__k20_s5__event_2p5_event5.json.allocations.tsv
505	1788500577.9742416650	1	/home/nc437/ladder-lite/cg_acceleration_20260903/cg/b200_reduced/M__k20_s5__event_2p5_event5.json.lock
3137654	1788543778.8065299770	1	/home/nc437/ladder-lite/cg_acceleration_20260903/cg/b200_reduced/M__k20_s5__event_2p5_event5.json.phase-telemetry.jsonl
2812282	1788544979.2330084150	1	/home/nc437/ladder-lite/cg_acceleration_20260903/cg/b200_reduced/M__k20_s2__event_2p5_event5.json.phase-telemetry.jsonl
171	1788574058.0543103420	1	/home/nc437/ladder-lite/cg_acceleration_20260903/cg/b200_reduced/M__k20_s4__event_2p5_event5.json.allocations.tsv
3473193	1788612088.9245696650	1	/home/nc437/ladder-lite/cg_acceleration_20260903/cg/b200_reduced/M__k20_s4__event_2p5_event5.json.phase-telemetry.jsonl
199234	1788612090.4546145430	1	/home/nc437/ladder-lite/cg_acceleration_20260903/cg/b200_reduced/M__k20_s4__event_2p5_event5.json
1148625629	1788612033.1939338540	1	/home/nc437/ladder-lite/cg_acceleration_20260903/cg/b200_reduced/M__k20_s4__event_2p5_event5.json.columns.jsonl
60048	1788612033.1569327490	1	/home/nc437/ladder-lite/cg_acceleration_20260903/cg/b200_reduced/M__k20_s4__event_2p5_event5.json.iters.csv
113	1788477000.3638667150	1	/home/nc437/ladder-lite/cg_acceleration_20260903/cg/b120_complementary/M__k13_s2__event_2p5_event5.json.allocations.tsv
510	1788477003.5499689690	1	/home/nc437/ladder-lite/cg_acceleration_20260903/cg/b120_complementary/M__k13_s2__event_2p5_event5.json.lock
5543446	1788520205.7871345720	1	/home/nc437/ladder-lite/cg_acceleration_20260903/cg/b120_complementary/M__k13_s2__event_2p5_event5.json.phase-telemetry.jsonl
172688	1788543777.1224749070	1	/home/nc437/ladder-lite/cg_acceleration_20260903/cg/b120_complementary/M__k20_s5__event_2p5_event5.json
65224	1788520206.6101592770	1	/home/nc437/ladder-lite/cg_acceleration_20260903/cg/b120_complementary/M__k13_s2__event_2p5_event5.json
451974448	1788520157.4685227670	1	/home/nc437/ladder-lite/cg_acceleration_20260903/cg/b120_complementary/M__k13_s2__event_2p5_event5.json.columns.jsonl
89406	1788520157.4645226250	1	/home/nc437/ladder-lite/cg_acceleration_20260903/cg/b120_complementary/M__k13_s2__event_2p5_event5.json.iters.csv
112	1788477167.8601701350	1	/home/nc437/ladder-lite/cg_acceleration_20260903/cg/b120_complementary/M__k13_s4__event_2p5_event5.json.allocations.tsv
516	1788477168.7631989590	1	/home/nc437/ladder-lite/cg_acceleration_20260903/cg/b120_complementary/M__k13_s4__event_2p5_event5.json.lock
4078693	1788520369.4452809570	1	/home/nc437/ladder-lite/cg_acceleration_20260903/cg/b120_complementary/M__k13_s4__event_2p5_event5.json.phase-telemetry.jsonl
43056	1788543756.7648092010	1	/home/nc437/ladder-lite/cg_acceleration_20260903/cg/b120_complementary/M__k20_s5__event_2p5_event5.json.iters.csv
113293	1788520370.8873257120	1	/home/nc437/ladder-lite/cg_acceleration_20260903/cg/b120_complementary/M__k13_s4__event_2p5_event5.json
738901808	1788520308.1483544130	1	/home/nc437/ladder-lite/cg_acceleration_20260903/cg/b120_complementary/M__k13_s4__event_2p5_event5.json.columns.jsonl
68347	1788520308.1273537460	1	/home/nc437/ladder-lite/cg_acceleration_20260903/cg/b120_complementary/M__k13_s4__event_2p5_event5.json.iters.csv
112	1788480206.3926023020	1	/home/nc437/ladder-lite/cg_acceleration_20260903/cg/b120_complementary/M__k13_s1__event_2p5_event5.json.allocations.tsv
516	1788480207.5286360880	1	/home/nc437/ladder-lite/cg_acceleration_20260903/cg/b120_complementary/M__k13_s1__event_2p5_event5.json.lock
3423653	1788523407.1516755480	1	/home/nc437/ladder-lite/cg_acceleration_20260903/cg/b120_complementary/M__k13_s1__event_2p5_event5.json.phase-telemetry.jsonl
112	1788501773.8170073310	1	/home/nc437/ladder-lite/cg_acceleration_20260903/cg/b120_complementary/M__k20_s2__event_2p5_event5.json.allocations.tsv
100579	1788523408.5877154760	1	/home/nc437/ladder-lite/cg_acceleration_20260903/cg/b120_complementary/M__k13_s1__event_2p5_event5.json
604607231	1788523398.5914375370	1	/home/nc437/ladder-lite/cg_acceleration_20260903/cg/b120_complementary/M__k13_s1__event_2p5_event5.json.columns.jsonl
56926	1788523398.5594366470	1	/home/nc437/ladder-lite/cg_acceleration_20260903/cg/b120_complementary/M__k13_s1__event_2p5_event5.json.iters.csv
113	1788482190.1602799080	1	/home/nc437/ladder-lite/cg_acceleration_20260903/cg/b120_complementary/M__k13_s3__event_2p5_event5.json.allocations.tsv
512	1788482191.2693134930	1	/home/nc437/ladder-lite/cg_acceleration_20260903/cg/b120_complementary/M__k13_s3__event_2p5_event5.json.lock
3152171	1788525390.7504994730	1	/home/nc437/ladder-lite/cg_acceleration_20260903/cg/b120_complementary/M__k13_s3__event_2p5_event5.json.phase-telemetry.jsonl
165150	1788544978.7289932580	1	/home/nc437/ladder-lite/cg_acceleration_20260903/cg/b120_complementary/M__k20_s2__event_2p5_event5.json
127155	1788525392.2375452020	1	/home/nc437/ladder-lite/cg_acceleration_20260903/cg/b120_complementary/M__k13_s3__event_2p5_event5.json
533417418	1788525372.4179352670	1	/home/nc437/ladder-lite/cg_acceleration_20260903/cg/b120_complementary/M__k13_s3__event_2p5_event5.json.columns.jsonl
52599	1788525372.3939345290	1	/home/nc437/ladder-lite/cg_acceleration_20260903/cg/b120_complementary/M__k13_s3__event_2p5_event5.json.iters.csv
112	1788485671.7645708970	1	/home/nc437/ladder-lite/cg_acceleration_20260903/cg/b120_complementary/M__k13_s6__event_2p5_event5.json.allocations.tsv
512	1788485672.6755995270	1	/home/nc437/ladder-lite/cg_acceleration_20260903/cg/b120_complementary/M__k13_s6__event_2p5_event5.json.lock
3922696	1788528873.6949553530	1	/home/nc437/ladder-lite/cg_acceleration_20260903/cg/b120_complementary/M__k13_s6__event_2p5_event5.json.phase-telemetry.jsonl
42551	1788544961.4974750520	1	/home/nc437/ladder-lite/cg_acceleration_20260903/cg/b120_complementary/M__k20_s2__event_2p5_event5.json.iters.csv
155079	1788528875.1189974380	1	/home/nc437/ladder-lite/cg_acceleration_20260903/cg/b120_complementary/M__k13_s6__event_2p5_event5.json
719767107	1788528830.3156733280	1	/home/nc437/ladder-lite/cg_acceleration_20260903/cg/b120_complementary/M__k13_s6__event_2p5_event5.json.columns.jsonl
66481	1788528830.2896725590	1	/home/nc437/ladder-lite/cg_acceleration_20260903/cg/b120_complementary/M__k13_s6__event_2p5_event5.json.iters.csv
112	1788487053.8717182640	1	/home/nc437/ladder-lite/cg_acceleration_20260903/cg/b120_complementary/M__k13_s5__event_2p5_event5.json.allocations.tsv
516	1788487054.8327493820	1	/home/nc437/ladder-lite/cg_acceleration_20260903/cg/b120_complementary/M__k13_s5__event_2p5_event5.json.lock
2583806	1788530252.5605967520	1	/home/nc437/ladder-lite/cg_acceleration_20260903/cg/b120_complementary/M__k13_s5__event_2p5_event5.json.phase-telemetry.jsonl
515	1788501779.7441940470	1	/home/nc437/ladder-lite/cg_acceleration_20260903/cg/b120_complementary/M__k20_s2__event_2p5_event5.json.lock
173929	1788530253.9716391860	1	/home/nc437/ladder-lite/cg_acceleration_20260903/cg/b120_complementary/M__k13_s5__event_2p5_event5.json
486642129	1788530214.4434520060	1	/home/nc437/ladder-lite/cg_acceleration_20260903/cg/b120_complementary/M__k13_s5__event_2p5_event5.json.columns.jsonl
43905	1788530214.4044508350	1	/home/nc437/ladder-lite/cg_acceleration_20260903/cg/b120_complementary/M__k13_s5__event_2p5_event5.json.iters.csv
114	1788494444.2107914550	1	/home/nc437/ladder-lite/cg_acceleration_20260903/cg/b120_complementary/M__k20_s6__event_2p5_event5.json.allocations.tsv
513	1788494445.9498415850	1	/home/nc437/ladder-lite/cg_acceleration_20260903/cg/b120_complementary/M__k20_s6__event_2p5_event5.json.lock
1515179	1788537649.1698691030	1	/home/nc437/ladder-lite/cg_acceleration_20260903/cg/b120_complementary/M__k20_s6__event_2p5_event5.json.phase-telemetry.jsonl
511	1788574058.9773390010	1	/home/nc437/ladder-lite/cg_acceleration_20260903/cg/b120_complementary/M__k20_s4__event_2p5_event5.json.lock
180462	1788537651.3129246030	1	/home/nc437/ladder-lite/cg_acceleration_20260903/cg/b120_complementary/M__k20_s6__event_2p5_event5.json
336877257	1788537645.8447829900	1	/home/nc437/ladder-lite/cg_acceleration_20260903/cg/b120_complementary/M__k20_s6__event_2p5_event5.json.columns.jsonl
26439	1788537645.7937816700	1	/home/nc437/ladder-lite/cg_acceleration_20260903/cg/b120_complementary/M__k20_s6__event_2p5_event5.json.iters.csv
107	1788495733.4116614670	1	/home/nc437/ladder-lite/cg_acceleration_20260903/cg/b120_complementary/M__k20_s1__event_2p5_event5.json.allocations.tsv
505	1788495751.1312086020	1	/home/nc437/ladder-lite/cg_acceleration_20260903/cg/b120_complementary/M__k20_s1__event_2p5_event5.json.lock
2171602	1788538956.1995832750	1	/home/nc437/ladder-lite/cg_acceleration_20260903/cg/b120_complementary/M__k20_s1__event_2p5_event5.json.phase-telemetry.jsonl
528830265	1788544961.5384762850	1	/home/nc437/ladder-lite/cg_acceleration_20260903/cg/b120_complementary/M__k20_s2__event_2p5_event5.json.columns.jsonl
152412	1788538958.3506444760	1	/home/nc437/ladder-lite/cg_acceleration_20260903/cg/b120_complementary/M__k20_s1__event_2p5_event5.json
441415356	1788538956.1985832470	1	/home/nc437/ladder-lite/cg_acceleration_20260903/cg/b120_complementary/M__k20_s1__event_2p5_event5.json.columns.jsonl
37567	1788538956.1575820800	1	/home/nc437/ladder-lite/cg_acceleration_20260903/cg/b120_complementary/M__k20_s1__event_2p5_event5.json.iters.csv
115	1788495899.0858506860	1	/home/nc437/ladder-lite/cg_acceleration_20260903/cg/b120_complementary/M__k20_s3__event_2p5_event5.json.allocations.tsv
519	1788495902.1029468280	1	/home/nc437/ladder-lite/cg_acceleration_20260903/cg/b120_complementary/M__k20_s3__event_2p5_event5.json.lock
2886773	1788539099.9081430490	1	/home/nc437/ladder-lite/cg_acceleration_20260903/cg/b120_complementary/M__k20_s3__event_2p5_event5.json.phase-telemetry.jsonl
167839	1788539101.8372055850	1	/home/nc437/ladder-lite/cg_acceleration_20260903/cg/b120_complementary/M__k20_s3__event_2p5_event5.json
530616937	1788539044.5293019190	1	/home/nc437/ladder-lite/cg_acceleration_20260903/cg/b120_complementary/M__k20_s3__event_2p5_event5.json.columns.jsonl
49356	1788539044.4983008880	1	/home/nc437/ladder-lite/cg_acceleration_20260903/cg/b120_complementary/M__k20_s3__event_2p5_event5.json.iters.csv
117	1788500566.9158948170	1	/home/nc437/ladder-lite/cg_acceleration_20260903/cg/b120_complementary/M__k20_s5__event_2p5_event5.json.allocations.tsv
517	1788500577.9732416340	1	/home/nc437/ladder-lite/cg_acceleration_20260903/cg/b120_complementary/M__k20_s5__event_2p5_event5.json.lock
2499828	1788543775.1314097980	1	/home/nc437/ladder-lite/cg_acceleration_20260903/cg/b120_complementary/M__k20_s5__event_2p5_event5.json.phase-telemetry.jsonl
498040354	1788543756.7958102150	1	/home/nc437/ladder-lite/cg_acceleration_20260903/cg/b120_complementary/M__k20_s5__event_2p5_event5.json.columns.jsonl
2458365	1788544976.9219389140	1	/home/nc437/ladder-lite/cg_acceleration_20260903/cg/b120_complementary/M__k20_s2__event_2p5_event5.json.phase-telemetry.jsonl
170	1788574058.0533103110	1	/home/nc437/ladder-lite/cg_acceleration_20260903/cg/b120_complementary/M__k20_s4__event_2p5_event5.json.allocations.tsv
2697963	1788612088.7115634180	1	/home/nc437/ladder-lite/cg_acceleration_20260903/cg/b120_complementary/M__k20_s4__event_2p5_event5.json.phase-telemetry.jsonl
197050	1788612090.1786064470	1	/home/nc437/ladder-lite/cg_acceleration_20260903/cg/b120_complementary/M__k20_s4__event_2p5_event5.json
567422738	1788612020.7305616780	1	/home/nc437/ladder-lite/cg_acceleration_20260903/cg/b120_complementary/M__k20_s4__event_2p5_event5.json.columns.jsonl
46517	1788612020.6975606920	1	/home/nc437/ladder-lite/cg_acceleration_20260903/cg/b120_complementary/M__k20_s4__event_2p5_event5.json.iters.csv
112	1788477000.3968677740	1	/home/nc437/ladder-lite/cg_acceleration_20260903/cg/b200_complementary/M__k13_s2__event_2p5_event5.json.allocations.tsv
516	1788477003.5499689690	1	/home/nc437/ladder-lite/cg_acceleration_20260903/cg/b200_complementary/M__k13_s2__event_2p5_event5.json.lock
2412526	1788508000.4862394620	1	/home/nc437/ladder-lite/cg_acceleration_20260903/cg/b200_complementary/M__k13_s2__event_2p5_event5.json.phase-telemetry.jsonl
171710	1788544085.7832113310	1	/home/nc437/ladder-lite/cg_acceleration_20260903/cg/b200_complementary/M__k20_s5__event_2p5_event5.json
82496	1788508001.8282764060	1	/home/nc437/ladder-lite/cg_acceleration_20260903/cg/b200_complementary/M__k13_s2__event_2p5_event5.json
521901933	1788507756.0731211590	1	/home/nc437/ladder-lite/cg_acceleration_20260903/cg/b200_complementary/M__k13_s2__event_2p5_event5.json.columns.jsonl
39279	1788507756.0531204560	1	/home/nc437/ladder-lite/cg_acceleration_20260903/cg/b200_complementary/M__k13_s2__event_2p5_event5.json.iters.csv
112	1788477168.7391981930	1	/home/nc437/ladder-lite/cg_acceleration_20260903/cg/b200_complementary/M__k13_s4__event_2p5_event5.json.allocations.tsv
511	1788477169.7462303370	1	/home/nc437/ladder-lite/cg_acceleration_20260903/cg/b200_complementary/M__k13_s4__event_2p5_event5.json.lock
2703870	1788520367.9572347720	1	/home/nc437/ladder-lite/cg_acceleration_20260903/cg/b200_complementary/M__k13_s4__event_2p5_event5.json.phase-telemetry.jsonl
170467	1788544977.5399575000	1	/home/nc437/ladder-lite/cg_acceleration_20260903/cg/b200_complementary/M__k20_s2__event_2p5_event5.json
111200	1788520369.4892823220	1	/home/nc437/ladder-lite/cg_acceleration_20260903/cg/b200_complementary/M__k13_s4__event_2p5_event5.json
805910096	1788520296.2899778380	1	/home/nc437/ladder-lite/cg_acceleration_20260903/cg/b200_complementary/M__k13_s4__event_2p5_event5.json.columns.jsonl
45282	1788520296.2499765680	1	/home/nc437/ladder-lite/cg_acceleration_20260903/cg/b200_complementary/M__k13_s4__event_2p5_event5.json.iters.csv
114	1788480209.6056978610	1	/home/nc437/ladder-lite/cg_acceleration_20260903/cg/b200_complementary/M__k13_s1__event_2p5_event5.json.allocations.tsv
513	1788480220.5680238860	1	/home/nc437/ladder-lite/cg_acceleration_20260903/cg/b200_complementary/M__k13_s1__event_2p5_event5.json.lock
3172127	1788523413.7388587000	1	/home/nc437/ladder-lite/cg_acceleration_20260903/cg/b200_complementary/M__k13_s1__event_2p5_event5.json.phase-telemetry.jsonl
27547	1788544083.2861322710	1	/home/nc437/ladder-lite/cg_acceleration_20260903/cg/b200_complementary/M__k20_s5__event_2p5_event5.json.iters.csv
94190	1788523415.1748986290	1	/home/nc437/ladder-lite/cg_acceleration_20260903/cg/b200_complementary/M__k13_s1__event_2p5_event5.json
883447947	1788523367.9805914660	1	/home/nc437/ladder-lite/cg_acceleration_20260903/cg/b200_complementary/M__k13_s1__event_2p5_event5.json.columns.jsonl
52764	1788523367.9505906460	1	/home/nc437/ladder-lite/cg_acceleration_20260903/cg/b200_complementary/M__k13_s1__event_2p5_event5.json.iters.csv
112	1788482190.2552827850	1	/home/nc437/ladder-lite/cg_acceleration_20260903/cg/b200_complementary/M__k13_s3__event_2p5_event5.json.allocations.tsv
512	1788482191.1993113730	1	/home/nc437/ladder-lite/cg_acceleration_20260903/cg/b200_complementary/M__k13_s3__event_2p5_event5.json.lock
2476876	1788525388.5324312640	1	/home/nc437/ladder-lite/cg_acceleration_20260903/cg/b200_complementary/M__k13_s3__event_2p5_event5.json.phase-telemetry.jsonl
27159	1788544952.4112017990	1	/home/nc437/ladder-lite/cg_acceleration_20260903/cg/b200_complementary/M__k20_s2__event_2p5_event5.json.iters.csv
127882	1788525389.8714724420	1	/home/nc437/ladder-lite/cg_acceleration_20260903/cg/b200_complementary/M__k13_s3__event_2p5_event5.json
707793368	1788525369.1268339670	1	/home/nc437/ladder-lite/cg_acceleration_20260903/cg/b200_complementary/M__k13_s3__event_2p5_event5.json.columns.jsonl
41449	1788525369.0988331050	1	/home/nc437/ladder-lite/cg_acceleration_20260903/cg/b200_complementary/M__k13_s3__event_2p5_event5.json.iters.csv
112	1788485671.7655709280	1	/home/nc437/ladder-lite/cg_acceleration_20260903/cg/b200_complementary/M__k13_s6__event_2p5_event5.json.allocations.tsv
512	1788485672.6755995270	1	/home/nc437/ladder-lite/cg_acceleration_20260903/cg/b200_complementary/M__k13_s6__event_2p5_event5.json.lock
2419539	1788528870.5178614570	1	/home/nc437/ladder-lite/cg_acceleration_20260903/cg/b200_complementary/M__k13_s6__event_2p5_event5.json.phase-telemetry.jsonl
508	1788574093.0294180660	1	/home/nc437/ladder-lite/cg_acceleration_20260903/cg/b200_complementary/M__k20_s4__event_2p5_event5.json.lock
158148	1788528872.1569098970	1	/home/nc437/ladder-lite/cg_acceleration_20260903/cg/b200_complementary/M__k13_s6__event_2p5_event5.json
832305832	1788528815.8862468820	1	/home/nc437/ladder-lite/cg_acceleration_20260903/cg/b200_complementary/M__k13_s6__event_2p5_event5.json.columns.jsonl
41193	1788528815.8312452570	1	/home/nc437/ladder-lite/cg_acceleration_20260903/cg/b200_complementary/M__k13_s6__event_2p5_event5.json.iters.csv
114	1788487056.4998033610	1	/home/nc437/ladder-lite/cg_acceleration_20260903/cg/b200_complementary/M__k13_s5__event_2p5_event5.json.allocations.tsv
514	1788487070.7792657290	1	/home/nc437/ladder-lite/cg_acceleration_20260903/cg/b200_complementary/M__k13_s5__event_2p5_event5.json.lock
2186259	1788530285.0825747620	1	/home/nc437/ladder-lite/cg_acceleration_20260903/cg/b200_complementary/M__k13_s5__event_2p5_event5.json.phase-telemetry.jsonl
516	1788501779.7441940470	1	/home/nc437/ladder-lite/cg_acceleration_20260903/cg/b200_complementary/M__k20_s2__event_2p5_event5.json.lock
174549	1788530286.5746196310	1	/home/nc437/ladder-lite/cg_acceleration_20260903/cg/b200_complementary/M__k13_s5__event_2p5_event5.json
794877617	1788530285.0795746720	1	/home/nc437/ladder-lite/cg_acceleration_20260903/cg/b200_complementary/M__k13_s5__event_2p5_event5.json.columns.jsonl
37142	1788530285.0245730180	1	/home/nc437/ladder-lite/cg_acceleration_20260903/cg/b200_complementary/M__k13_s5__event_2p5_event5.json.iters.csv
117	1788494441.4577120940	1	/home/nc437/ladder-lite/cg_acceleration_20260903/cg/b200_complementary/M__k20_s6__event_2p5_event5.json.allocations.tsv
517	1788494442.7767501170	1	/home/nc437/ladder-lite/cg_acceleration_20260903/cg/b200_complementary/M__k20_s6__event_2p5_event5.json.lock
1461689	1788537677.8936149470	1	/home/nc437/ladder-lite/cg_acceleration_20260903/cg/b200_complementary/M__k20_s6__event_2p5_event5.json.phase-telemetry.jsonl
112	1788501773.8170073310	1	/home/nc437/ladder-lite/cg_acceleration_20260903/cg/b200_complementary/M__k20_s2__event_2p5_event5.json.allocations.tsv
171402	1788537679.7676673940	1	/home/nc437/ladder-lite/cg_acceleration_20260903/cg/b200_complementary/M__k20_s6__event_2p5_event5.json
537723844	1788537677.8916148910	1	/home/nc437/ladder-lite/cg_acceleration_20260903/cg/b200_complementary/M__k20_s6__event_2p5_event5.json.columns.jsonl
25459	1788537677.8276130990	1	/home/nc437/ladder-lite/cg_acceleration_20260903/cg/b200_complementary/M__k20_s6__event_2p5_event5.json.iters.csv
115	1788495732.4516318230	1	/home/nc437/ladder-lite/cg_acceleration_20260903/cg/b200_complementary/M__k20_s1__event_2p5_event5.json.allocations.tsv
518	1788495751.1102079540	1	/home/nc437/ladder-lite/cg_acceleration_20260903/cg/b200_complementary/M__k20_s1__event_2p5_event5.json.lock
1670626	1788538982.9343763890	1	/home/nc437/ladder-lite/cg_acceleration_20260903/cg/b200_complementary/M__k20_s1__event_2p5_event5.json.phase-telemetry.jsonl
579244301	1788544952.5102047760	1	/home/nc437/ladder-lite/cg_acceleration_20260903/cg/b200_complementary/M__k20_s2__event_2p5_event5.json.columns.jsonl
149378	1788538985.2094465710	1	/home/nc437/ladder-lite/cg_acceleration_20260903/cg/b200_complementary/M__k20_s1__event_2p5_event5.json
593597883	1788538982.9293762350	1	/home/nc437/ladder-lite/cg_acceleration_20260903/cg/b200_complementary/M__k20_s1__event_2p5_event5.json.columns.jsonl
28995	1788538982.8523738600	1	/home/nc437/ladder-lite/cg_acceleration_20260903/cg/b200_complementary/M__k20_s1__event_2p5_event5.json.iters.csv
116	1788495900.0758822340	1	/home/nc437/ladder-lite/cg_acceleration_20260903/cg/b200_complementary/M__k20_s3__event_2p5_event5.json.allocations.tsv
515	1788495914.7293538420	1	/home/nc437/ladder-lite/cg_acceleration_20260903/cg/b200_complementary/M__k20_s3__event_2p5_event5.json.lock
1530088	1788539109.8734661010	1	/home/nc437/ladder-lite/cg_acceleration_20260903/cg/b200_complementary/M__k20_s3__event_2p5_event5.json.phase-telemetry.jsonl
155379	1788539111.7495269180	1	/home/nc437/ladder-lite/cg_acceleration_20260903/cg/b200_complementary/M__k20_s3__event_2p5_event5.json
528772812	1788539083.1315858560	1	/home/nc437/ladder-lite/cg_acceleration_20260903/cg/b200_complementary/M__k20_s3__event_2p5_event5.json.columns.jsonl
26507	1788539083.0665836930	1	/home/nc437/ladder-lite/cg_acceleration_20260903/cg/b200_complementary/M__k20_s3__event_2p5_event5.json.iters.csv
179	1788542328.9039925500	1	/home/nc437/ladder-lite/cg_acceleration_20260903/cg/b200_complementary/M__k20_s5__event_2p5_event5.json.allocations.tsv
500	1788542338.3042648890	1	/home/nc437/ladder-lite/cg_acceleration_20260903/cg/b200_complementary/M__k20_s5__event_2p5_event5.json.lock
1589237	1788544083.3861354370	1	/home/nc437/ladder-lite/cg_acceleration_20260903/cg/b200_complementary/M__k20_s5__event_2p5_event5.json.phase-telemetry.jsonl
594594912	1788544083.3841353740	1	/home/nc437/ladder-lite/cg_acceleration_20260903/cg/b200_complementary/M__k20_s5__event_2p5_event5.json.columns.jsonl
1559262	1788544975.6289000280	1	/home/nc437/ladder-lite/cg_acceleration_20260903/cg/b200_complementary/M__k20_s2__event_2p5_event5.json.phase-telemetry.jsonl
170	1788574090.0283200860	1	/home/nc437/ladder-lite/cg_acceleration_20260903/cg/b200_complementary/M__k20_s4__event_2p5_event5.json.allocations.tsv
1877734	1788612100.9709234730	1	/home/nc437/ladder-lite/cg_acceleration_20260903/cg/b200_complementary/M__k20_s4__event_2p5_event5.json.phase-telemetry.jsonl
196604	1788612103.2369917790	1	/home/nc437/ladder-lite/cg_acceleration_20260903/cg/b200_complementary/M__k20_s4__event_2p5_event5.json
736389169	1788612100.9689234130	1	/home/nc437/ladder-lite/cg_acceleration_20260903/cg/b200_complementary/M__k20_s4__event_2p5_event5.json.columns.jsonl
32538	1788612100.9129217250	1	/home/nc437/ladder-lite/cg_acceleration_20260903/cg/b200_complementary/M__k20_s4__event_2p5_event5.json.iters.csv
3026	1788464816.2198728290	1	/home/nc437/ladder-lite/cg_acceleration_20260903/matrix.tsv
2138	1788464816.2278730770	1	/home/nc437/ladder-lite/cg_acceleration_20260903/execution_plan.json
1671	1788464818.7479512040	1	/home/nc437/ladder-lite/cg_acceleration_20260903/jobs.tsv
385	1788464818.7539513900	1	/home/nc437/ladder-lite/cg_acceleration_20260903/SUBMISSION_SHA256SUMS
1656	1788517365.2534277780	1	/home/nc437/ladder-lite/cg_acceleration_20260903/jobs_recovery_269590.tsv
401	1788517367.4945019460	1	/home/nc437/ladder-lite/cg_acceleration_20260903/RECOVERY_269590_SHA256SUMS
9632	1788540006.4845003420	1	/home/nc437/ladder-lite/cg_acceleration_20260903/progress_snapshots/20260904T164003Z/acceleration_progress.csv
7897	1788540006.5045006920	1	/home/nc437/ladder-lite/cg_acceleration_20260903/progress_snapshots/20260904T164003Z/small_threshold_progress.csv
1407	1788540007.0855108660	1	/home/nc437/ladder-lite/cg_acceleration_20260903/progress_snapshots/20260904T164003Z/active_queue.psv
53606	1788540007.0955110410	1	/home/nc437/ladder-lite/cg_acceleration_20260903/progress_snapshots/20260904T164003Z/slurm_accounting.psv
697	1788540007.1375117770	1	/home/nc437/ladder-lite/cg_acceleration_20260903/progress_snapshots/20260904T164003Z/SHA256SUMS
11082	1788540587.2108233070	1	/home/nc437/ladder-lite/cg_acceleration_20260903/progress_snapshots/20260904T164946Z/acceleration_progress.csv
7897	1788540587.2128233640	1	/home/nc437/ladder-lite/cg_acceleration_20260903/progress_snapshots/20260904T164946Z/small_threshold_progress.csv
1407	1788540588.4628587540	1	/home/nc437/ladder-lite/cg_acceleration_20260903/progress_snapshots/20260904T164946Z/active_queue.psv
53606	1788540588.4688589240	1	/home/nc437/ladder-lite/cg_acceleration_20260903/progress_snapshots/20260904T164946Z/slurm_accounting.psv
697	1788540588.5608615290	1	/home/nc437/ladder-lite/cg_acceleration_20260903/progress_snapshots/20260904T164946Z/SHA256SUMS
11266	1788561161.6360636470	1	/home/nc437/ladder-lite/cg_acceleration_20260903/progress_snapshots/20260904T223237Z/acceleration_progress.csv
7912	1788561161.6410637840	1	/home/nc437/ladder-lite/cg_acceleration_20260903/progress_snapshots/20260904T223237Z/small_threshold_progress.csv
10069	1788561164.1501328810	1	/home/nc437/ladder-lite/cg_acceleration_20260903/progress_snapshots/20260904T223237Z/active_queue.psv
53887	1788561164.1641332670	1	/home/nc437/ladder-lite/cg_acceleration_20260903/progress_snapshots/20260904T223237Z/slurm_accounting.psv
697	1788561164.1841338180	1	/home/nc437/ladder-lite/cg_acceleration_20260903/progress_snapshots/20260904T223237Z/SHA256SUMS
11583	1788634271.9604754310	1	/home/nc437/ladder-lite/cg_acceleration_20260903/progress_snapshots/20260905T185107Z/acceleration_progress.csv
7912	1788634271.9854761730	1	/home/nc437/ladder-lite/cg_acceleration_20260903/progress_snapshots/20260905T185107Z/small_threshold_progress.csv
4455	1788634272.9875059290	1	/home/nc437/ladder-lite/cg_acceleration_20260903/progress_snapshots/20260905T185107Z/active_queue.psv
55072	1788634273.0035064040	1	/home/nc437/ladder-lite/cg_acceleration_20260903/progress_snapshots/20260905T185107Z/slurm_accounting.psv
697	1788634273.0455076520	1	/home/nc437/ladder-lite/cg_acceleration_20260903/progress_snapshots/20260905T185107Z/SHA256SUMS
40239	1788649185.0984555150	1	/home/nc437/ladder-lite/cg_acceleration_20260903/slurm_accounting.psv
47609	1788649203.8160258680	1	/home/nc437/ladder-lite/cg_acceleration_20260903/cg_acceleration_rows.csv
1672	1788649203.8380265380	1	/home/nc437/ladder-lite/cg_acceleration_20260903/cg_acceleration_by_arm_scale.csv
949	1788649203.8910281520	1	/home/nc437/ladder-lite/cg_acceleration_20260903/AUDIT_SHA256SUMS
